PdfType: replica
Format: lhagrid1
---
1.00000E-07 1.58489E-07 2.51189E-07 3.98107E-07 6.30957E-07 1.00000E-06 1.58489E-06 2.51189E-06 3.98107E-06 6.30957E-06 1.00000E-05 1.58489E-05 2.51189E-05 3.98107E-05 6.30957E-05 1.00000E-04 1.58489E-04 2.51189E-04 3.98107E-04 6.30957E-04 1.00000E-03 1.58489E-03 2.51189E-03 3.98107E-03 6.30957E-03 1.00000E-02 1.25893E-02 1.58489E-02 1.99526E-02 2.51189E-02 3.16228E-02 3.98107E-02 5.01187E-02 6.30957E-02 7.94328E-02 1.00000E-01 1.25900E-01 1.58500E-01 1.99500E-01 2.51200E-01 3.16200E-01 3.98100E-01 5.01200E-01 6.31000E-01 7.94300E-01 1.00000E+00
1.00000E+00 1.20679E+00 1.45635E+00 1.75751E+00 2.12095E+00 2.55955E+00 3.08884E+00 3.72759E+00 4.49843E+00 5.42868E+00 6.55129E+00 7.90604E+00 9.54095E+00 1.15140E+01 1.38950E+01 1.67683E+01 2.02359E+01 2.44205E+01 2.94705E+01 3.55648E+01 4.29193E+01 5.17947E+01 6.25055E+01 7.54312E+01 9.10298E+01 1.09854E+02 1.32571E+02 1.59986E+02 1.93070E+02 2.32995E+02 2.81177E+02 3.39322E+02 4.09492E+02 4.94171E+02 5.96362E+02 7.19686E+02 8.68511E+02 1.04811E+03 1.26486E+03 1.52642E+03 1.84207E+03 2.22300E+03 2.68270E+03 3.23746E+03 3.90694E+03 4.71487E+03 5.68987E+03 6.86649E+03 8.28643E+03 1.00000E+04
-5 -4 -3 -2 -1 1 2 3 4 5 21
0.00000E+00 0.00000E+00 7.79121E-01 2.67137E+00 2.66743E+00 2.66725E+00 2.67038E+00 7.79193E-01 0.00000E+00 0.00000E+00 -3.54535E+00
0.00000E+00 0.00000E+00 8.08407E-01 2.65712E+00 2.65314E+00 2.65301E+00 2.65633E+00 8.08470E-01 0.00000E+00 0.00000E+00 -9.39293E-01
0.00000E+00 1.10109E-01 9.42085E-01 2.75520E+00 2.75117E+00 2.75108E+00 2.75456E+00 9.42143E-01 1.10109E-01 0.00000E+00 2.90837E+00
0.00000E+00 3.58792E-01 1.18091E+00 2.96355E+00 2.95950E+00 2.95943E+00 2.96304E+00 1.18097E+00 3.58792E-01 0.00000E+00 8.37585E+00
0.00000E+00 7.11611E-01 1.52505E+00 3.28095E+00 3.27686E+00 3.27682E+00 3.28053E+00 1.52510E+00 7.11611E-01 0.00000E+00 1.59270E+01
0.00000E+00 1.16659E+00 1.97229E+00 3.70438E+00 3.70027E+00 3.70025E+00 3.70405E+00 1.97234E+00 1.16659E+00 0.00000E+00 2.59042E+01
0.00000E+00 1.72125E+00 2.51996E+00 4.23063E+00 4.22649E+00 4.22648E+00 4.23037E+00 2.52000E+00 1.72125E+00 0.00000E+00 3.85843E+01
0.00000E+00 2.37300E+00 3.16535E+00 4.85656E+00 4.85239E+00 4.85240E+00 4.85636E+00 3.16538E+00 2.37300E+00 0.00000E+00 5.41823E+01
2.61488E-01 3.06923E+00 3.85576E+00 5.52924E+00 5.52506E+00 5.52508E+00 5.52910E+00 3.85580E+00 3.06923E+00 2.61488E-01 7.29977E+01
1.00018E+00 3.78601E+00 4.56719E+00 6.22439E+00 6.22018E+00 6.22021E+00 6.22429E+00 4.56722E+00 3.78601E+00 1.00018E+00 9.51231E+01
1.83752E+00 4.60288E+00 5.37905E+00 7.02105E+00 7.01682E+00 7.01686E+00 7.02100E+00 5.37908E+00 4.60288E+00 1.83752E+00 1.20382E+02
2.77222E+00 5.51838E+00 6.28985E+00 7.91763E+00 7.91338E+00 7.91343E+00 7.91761E+00 6.28988E+00 5.51838E+00 2.77222E+00 1.48833E+02
3.80294E+00 6.53102E+00 7.29807E+00 8.91247E+00 8.90821E+00 8.90826E+00 8.91249E+00 7.29810E+00 6.53102E+00 3.80294E+00 1.80514E+02
4.92825E+00 7.63925E+00 8.40212E+00 1.00039E+01 9.99964E+00 9.99970E+00 1.00040E+01 8.40215E+00 7.63925E+00 4.92825E+00 2.15443E+02
6.14670E+00 8.84153E+00 9.60045E+00 1.11903E+01 1.11860E+01 1.11861E+01 1.11904E+01 9.60047E+00 8.84153E+00 6.14670E+00 2.53621E+02
7.45681E+00 1.01363E+01 1.08914E+01 1.24700E+01 1.24657E+01 1.24658E+01 1.24701E+01 1.08915E+01 1.01363E+01 7.45681E+00 2.95036E+02
8.85710E+00 1.15220E+01 1.22735E+01 1.38413E+01 1.38370E+01 1.38371E+01 1.38415E+01 1.22736E+01 1.15220E+01 8.85710E+00 3.39666E+02
1.03461E+01 1.29970E+01 1.37452E+01 1.53027E+01 1.52984E+01 1.52985E+01 1.53029E+01 1.37452E+01 1.29970E+01 1.03461E+01 3.87476E+02
1.19222E+01 1.45599E+01 1.53048E+01 1.68525E+01 1.68482E+01 1.68483E+01 1.68527E+01 1.53048E+01 1.45599E+01 1.19222E+01 4.38425E+02
1.35841E+01 1.62090E+01 1.69508E+01 1.84892E+01 1.84848E+01 1.84849E+01 1.84894E+01 1.69508E+01 1.62090E+01 1.35841E+01 4.92468E+02
1.53302E+01 1.79429E+01 1.86816E+01 2.02111E+01 2.02067E+01 2.02068E+01 2.02113E+01 1.86816E+01 1.79429E+01 1.53302E+01 5.49552E+02
1.71591E+01 1.97600E+01 2.04958E+01 2.20167E+01 2.20124E+01 2.20125E+01 2.20170E+01 2.04959E+01 1.97600E+01 1.71591E+01 6.09621E+02
1.90692E+01 2.16588E+01 2.23919E+01 2.39046E+01 2.39002E+01 2.39003E+01 2.39048E+01 2.23919E+01 2.16588E+01 1.90692E+01 6.72616E+02
2.10592E+01 2.36379E+01 2.43683E+01 2.58730E+01 2.58686E+01 2.58687E+01 2.58733E+01 2.43684E+01 2.36379E+01 2.10592E+01 7.38476E+02
2.31276E+01 2.56958E+01 2.64237E+01 2.79207E+01 2.79163E+01 2.79164E+01 2.79210E+01 2.64237E+01 2.56958E+01 2.31276E+01 8.07137E+02
2.52729E+01 2.78310E+01 2.85564E+01 3.00461E+01 3.00416E+01 3.00417E+01 3.00464E+01 2.85564E+01 2.78310E+01 2.52729E+01 8.78535E+02
2.74939E+01 3.00422E+01 3.07651E+01 3.22477E+01 3.22432E+01 3.22433E+01 3.22480E+01 3.07652E+01 3.00422E+01 2.74939E+01 9.52606E+02
2.97890E+01 3.23278E+01 3.30484E+01 3.45241E+01 3.45196E+01 3.45198E+01 3.45244E+01 3.30485E+01 3.23278E+01 2.97890E+01 1.02928E+03
3.21569E+01 3.46866E+01 3.54049E+01 3.68739E+01 3.68695E+01 3.68696E+01 3.68743E+01 3.54050E+01 3.46866E+01 3.21569E+01 1.10850E+03
3.45963E+01 3.71170E+01 3.78332E+01 3.92958E+01 3.92913E+01 3.92914E+01 3.92961E+01 3.78333E+01 3.71170E+01 3.45963E+01 1.19020E+03
3.71058E+01 3.96179E+01 4.03320E+01 4.17882E+01 4.17838E+01 4.17839E+01 4.17886E+01 4.03320E+01 3.96179E+01 3.71058E+01 1.27431E+03
3.96841E+01 4.21878E+01 4.28998E+01 4.43500E+01 4.43456E+01 4.43457E+01 4.43504E+01 4.28999E+01 4.21878E+01 3.96841E+01 1.36077E+03
4.23299E+01 4.48255E+01 4.55355E+01 4.69798E+01 4.69753E+01 4.69754E+01 4.69802E+01 4.55355E+01 4.48255E+01 4.23299E+01 1.44951E+03
4.50419E+01 4.75296E+01 4.82376E+01 4.96762E+01 4.96717E+01 4.96719E+01 4.96767E+01 4.82377E+01 4.75296E+01 4.50419E+01 1.54048E+03
4.78189E+01 5.02989E+01 5.10050E+01 5.24380E+01 5.24335E+01 5.24337E+01 5.24385E+01 5.10050E+01 5.02989E+01 4.78189E+01 1.63362E+03
5.06596E+01 5.31321E+01 5.38364E+01 5.52640E+01 5.52595E+01 5.52596E+01 5.52644E+01 5.38364E+01 5.31321E+01 5.06596E+01 1.72885E+03
5.35628E+01 5.60280E+01 5.67305E+01 5.81528E+01 5.81483E+01 5.81484E+01 5.81533E+01 5.67305E+01 5.60280E+01 5.35628E+01 1.82613E+03
5.65273E+01 5.89854E+01 5.96862E+01 6.11033E+01 6.10988E+01 6.10990E+01 6.11038E+01 5.96862E+01 5.89854E+01 5.65273E+01 1.92540E+03
5.95520E+01 6.20031E+01 6.27022E+01 6.41144E+01 6.41098E+01 6.41100E+01 6.41148E+01 6.27022E+01 6.20031E+01 5.95520E+01 2.02660E+03
6.26357E+01 6.50800E+01 6.57774E+01 6.71847E+01 6.71801E+01 6.71803E+01 6.71852E+01 6.57774E+01 6.50800E+01 6.26357E+01 2.12968E+03
6.57772E+01 6.82149E+01 6.89106E+01 7.03132E+01 7.03086E+01 7.03088E+01 7.03137E+01 6.89107E+01 6.82149E+01 6.57772E+01 2.23458E+03
6.89754E+01 7.14067E+01 7.21008E+01 7.34987E+01 7.34941E+01 7.34943E+01 7.34992E+01 7.21008E+01 7.14067E+01 6.89754E+01 2.34125E+03
7.22293E+01 7.46542E+01 7.53468E+01 7.67401E+01 7.67356E+01 7.67357E+01 7.67406E+01 7.53468E+01 7.46542E+01 7.22293E+01 2.44964E+03
7.55377E+01 7.79565E+01 7.86475E+01 8.00364E+01 8.00318E+01 8.00320E+01 8.00369E+01 7.86475E+01 7.79565E+01 7.55377E+01 2.55970E+03
7.88997E+01 8.13124E+01 8.20019E+01 8.33865E+01 8.33819E+01 8.33821E+01 8.33870E+01 8.20020E+01 8.13124E+01 7.88997E+01 2.67138E+03
8.23141E+01 8.47209E+01 8.54090E+01 8.67893E+01 8.67847E+01 8.67848E+01 8.67898E+01 8.54090E+01 8.47209E+01 8.23141E+01 2.78464E+03
8.57800E+01 8.81810E+01 8.88677E+01 9.02438E+01 9.02392E+01 9.02393E+01 9.02443E+01 8.88677E+01 8.81810E+01 8.57800E+01 2.89942E+03
8.92964E+01 9.16917E+01 9.23769E+01 9.37490E+01 9.37444E+01 9.37446E+01 9.37496E+01 9.23769E+01 9.16917E+01 8.92964E+01 3.01569E+03
9.28622E+01 9.52520E+01 9.59359E+01 9.73039E+01 9.72993E+01 9.72995E+01 9.73045E+01 9.59359E+01 9.52520E+01 9.28622E+01 3.13341E+03
9.64766E+01 9.88609E+01 9.95434E+01 1.00908E+02 1.00903E+02 1.00903E+02 1.00908E+02 9.95434E+01 9.88609E+01 9.64766E+01 3.25252E+03
0.00000E+00 0.00000E+00 7.15176E-01 2.38517E+00 2.38101E+00 2.38121E+00 2.38563E+00 7.15191E-01 0.00000E+00 0.00000E+00 -3.25527E+00
0.00000E+00 0.00000E+00 7.43465E-01 2.37491E+00 2.37070E+00 2.37089E+00 2.37539E+00 7.43477E-01 0.00000E+00 0.00000E+00 -8.66629E-01
0.00000E+00 1.02882E-01 8.68762E-01 2.46868E+00 2.46443E+00 2.46461E+00 2.46917E+00 8.68773E-01 1.02882E-01 0.00000E+00 2.68961E+00
0.00000E+00 3.33026E-01 1.08983E+00 2.66277E+00 2.65849E+00 2.65867E+00 2.66327E+00 1.08984E+00 3.33026E-01 0.00000E+00 7.75340E+00
0.00000E+00 6.56653E-01 1.40547E+00 2.95473E+00 2.95041E+00 2.95059E+00 2.95524E+00 1.40548E+00 6.56653E-01 0.00000E+00 1.47341E+01
0.00000E+00 1.07096E+00 1.81265E+00 3.34083E+00 3.33649E+00 3.33666E+00 3.34135E+00 1.81265E+00 1.07096E+00 0.00000E+00 2.39202E+01
0.00000E+00 1.57293E+00 2.30818E+00 3.81741E+00 3.81304E+00 3.81320E+00 3.81793E+00 2.30819E+00 1.57293E+00 0.00000E+00 3.55364E+01
0.00000E+00 2.15966E+00 2.88905E+00 4.38104E+00 4.37665E+00 4.37681E+00 4.38157E+00 2.88905E+00 2.15966E+00 0.00000E+00 4.97493E+01
2.36386E-01 2.78579E+00 3.50983E+00 4.98613E+00 4.98171E+00 4.98187E+00 4.98667E+00 3.50983E+00 2.78579E+00 2.36386E-01 6.67645E+01
9.01587E-01 3.43100E+00 4.15011E+00 5.61200E+00 5.60756E+00 5.60772E+00 5.61254E+00 4.15012E+00 3.43100E+00 9.01587E-01 8.66111E+01
1.65186E+00 4.16261E+00 4.87711E+00 6.32555E+00 6.32109E+00 6.32125E+00 6.32610E+00 4.87712E+00 4.16261E+00 1.65186E+00 1.09162E+02
2.48565E+00 4.97887E+00 5.68905E+00 7.12489E+00 7.12042E+00 7.12057E+00 7.12546E+00 5.68906E+00 4.97887E+00 2.48565E+00 1.34450E+02
3.40134E+00 5.87807E+00 6.58418E+00 8.00819E+00 8.00369E+00 8.00385E+00 8.00875E+00 6.58419E+00 5.87807E+00 3.40134E+00 1.62490E+02
4.39734E+00 6.85850E+00 7.56077E+00 8.97360E+00 8.96910E+00 8.96925E+00 8.97418E+00 7.56077E+00 6.85850E+00 4.39734E+00 1.93282E+02
5.47205E+00 7.91847E+00 8.61709E+00 1.00194E+01 1.00149E+01 1.00150E+01 1.00200E+01 8.61710E+00 7.91847E+00 5.47205E+00 2.26811E+02
6.62392E+00 9.05633E+00 9.75149E+00 1.11438E+01 1.11392E+01 1.11394E+01 1.11444E+01 9.75149E+00 9.05633E+00 6.62392E+00 2.63053E+02
7.85137E+00 1.02705E+01 1.09623E+01 1.23451E+01 1.23405E+01 1.23407E+01 1.23457E+01 1.09623E+01 1.02705E+01 7.85137E+00 3.01973E+02
9.15287E+00 1.15593E+01 1.22480E+01 1.36217E+01 1.36171E+01 1.36172E+01 1.36223E+01 1.22480E+01 1.15593E+01 9.15287E+00 3.43530E+02
1.05269E+01 1.29211E+01 1.36069E+01 1.49719E+01 1.49673E+01 1.49675E+01 1.49725E+01 1.36069E+01 1.29211E+01 1.05269E+01 3.87679E+02
1.19720E+01 1.43546E+01 1.50374E+01 1.63942E+01 1.63896E+01 1.63898E+01 1.63948E+01 1.50374E+01 1.43546E+01 1.19720E+01 4.34369E+02
1.34867E+01 1.58581E+01 1.65382E+01 1.78871E+01 1.78825E+01 1.78826E+01 1.78877E+01 1.65382E+01 1.58581E+01 1.34867E+01 4.83545E+02
1.50695E+01 1.74303E+01 1.81077E+01 1.94489E+01 1.94443E+01 1.94445E+01 1.94496E+01 1.81077E+01 1.74303E+01 1.50695E+01 5.35152E+02
1.67191E+01 1.90695E+01 1.97444E+01 2.10783E+01 2.10737E+01 2.10738E+01 2.10790E+01 1.97444E+01 1.90695E+01 1.67191E+01 5.89130E+02
1.84340E+01 2.07745E+01 2.14469E+01 2.27738E+01 2.27692E+01 2.27693E+01 2.27745E+01 2.14469E+01 2.07745E+01 1.84340E+01 6.45420E+02
2.02129E+01 2.25438E+01 2.32138E+01 2.45340E+01 2.45293E+01 2.45295E+01 2.45346E+01 2.32138E+01 2.25438E+01 2.02129E+01 7.03961E+02
2.20544E+01 2.43761E+01 2.50438E+01 2.63574E+01 2.63527E+01 2.63529E+01 2.63581E+01 2.50438E+01 2.43761E+01 2.20544E+01 7.64694E+02
2.39572E+01 2.62699E+01 2.69355E+01 2.82428E+01 2.82381E+01 2.82382E+01 2.82434E+01 2.69355E+01 2.62699E+01 2.39572E+01 8.27558E+02
2.59200E+01 2.82241E+01 2.88875E+01 3.01887E+01 3.01840E+01 3.01842E+01 3.01894E+01 2.88875E+01 2.82241E+01 2.59200E+01 8.92493E+02
2.79415E+01 3.02373E+01 3.08986E+01 3.21939E+01 3.21892E+01 3.21894E+01 3.21946E+01 3.08986E+01 3.02373E+01 2.79415E+01 9.59439E+02
3.00206E+01 3.23082E+01 3.29675E+01 3.42571E+01 3.42524E+01 3.42526E+01 3.42578E+01 3.29675E+01 3.23082E+01 3.00206E+01 1.02834E+03
3.21559E+01 3.44357E+01 3.50930E+01 3.63771E+01 3.63724E+01 3.63725E+01 3.63778E+01 3.50930E+01 3.44357E+01 3.21559E+01 1.09913E+03
3.43463E+01 3.66184E+01 3.72739E+01 3.85525E+01 3.85478E+01 3.85480E+01 3.85532E+01 3.72739E+01 3.66184E+01 3.43463E+01 1.17176E+03
3.65905E+01 3.88553E+01 3.95089E+01 4.07823E+01 4.07776E+01 4.07778E+01 4.07830E+01 3.95089E+01 3.88553E+01 3.65905E+01 1.24618E+03
3.88875E+01 4.11450E+01 4.17968E+01 4.30652E+01 4.30605E+01 4.30607E+01 4.30660E+01 4.17968E+01 4.11450E+01 3.88875E+01 1.32232E+03
4.12362E+01 4.34866E+01 4.41367E+01 4.54002E+01 4.53954E+01 4.53956E+01 4.54009E+01 4.41367E+01 4.34866E+01 4.12362E+01 1.40013E+03
4.36353E+01 4.58789E+01 4.65273E+01 4.77859E+01 4.77812E+01 4.77814E+01 4.77867E+01 4.65273E+01 4.58789E+01 4.36353E+01 1.47957E+03
4.60838E+01 4.83208E+01 4.89675E+01 5.02215E+01 5.02167E+01 5.02169E+01 5.02222E+01 4.89675E+01 4.83208E+01 4.60838E+01 1.56058E+03
4.85807E+01 5.08112E+01 5.14563E+01 5.27057E+01 5.27010E+01 5.27011E+01 5.27065E+01 5.14563E+01 5.08112E+01 4.85807E+01 1.64311E+03
5.11249E+01 5.33491E+01 5.39926E+01 5.52376E+01 5.52328E+01 5.52330E+01 5.52383E+01 5.39926E+01 5.33491E+01 5.11249E+01 1.72711E+03
5.37154E+01 5.59334E+01 5.65754E+01 5.78161E+01 5.78113E+01 5.78115E+01 5.78168E+01 5.65754E+01 5.59334E+01 5.37154E+01 1.81254E+03
5.63513E+01 5.85632E+01 5.92036E+01 6.04401E+01 6.04353E+01 6.04355E+01 6.04409E+01 5.92036E+01 5.85632E+01 5.63513E+01 1.89936E+03
5.90314E+01 6.12374E+01 6.18764E+01 6.31088E+01 6.31040E+01 6.31042E+01 6.31096E+01 6.18764E+01 6.12374E+01 5.90314E+01 1.98751E+03
6.17550E+01 6.39552E+01 6.45927E+01 6.58211E+01 6.58163E+01 6.58165E+01 6.58219E+01 6.45927E+01 6.39552E+01 6.17550E+01 2.07695E+03
6.45209E+01 6.67155E+01 6.73517E+01 6.85761E+01 6.85713E+01 6.85715E+01 6.85769E+01 6.73517E+01 6.67155E+01 6.45209E+01 2.16765E+03
6.73285E+01 6.95175E+01 7.01523E+01 7.13729E+01 7.13681E+01 7.13683E+01 7.13737E+01 7.01523E+01 6.95175E+01 6.73285E+01 2.25956E+03
7.01766E+01 7.23603E+01 7.29937E+01 7.42105E+01 7.42057E+01 7.42059E+01 7.42113E+01 7.29937E+01 7.23603E+01 7.01766E+01 2.35264E+03
7.30645E+01 7.52429E+01 7.58750E+01 7.70882E+01 7.70833E+01 7.70835E+01 7.70890E+01 7.58750E+01 7.52429E+01 7.30645E+01 2.44685E+03
7.59914E+01 7.81646E+01 7.87954E+01 8.00049E+01 8.00001E+01 8.00003E+01 8.00058E+01 7.87954E+01 7.81646E+01 7.59914E+01 2.54216E+03
7.89563E+01 8.11244E+01 8.17540E+01 8.29600E+01 8.29552E+01 8.29553E+01 8.29608E+01 8.17540E+01 8.11244E+01 7.89563E+01 2.63854E+03
8.19585E+01 8.41216E+01 8.47500E+01 8.59525E+01 8.59477E+01 8.59479E+01 8.59533E+01 8.47500E+01 8.41216E+01 8.19585E+01 2.73594E+03
0.00000E+00 0.00000E+00 6.55910E-01 2.12901E+00 2.12461E+00 2.12473E+00 2.12952E+00 6.55906E-01 0.00000E+00 0.00000E+00 -2.99662E+00
0.00000E+00 0.00000E+00 6.83610E-01 2.12259E+00 2.11814E+00 2.11825E+00 2.12308E+00 6.83605E-01 0.00000E+00 0.00000E+00 -8.01477E-01
0.00000E+00 9.62938E-02 8.01315E-01 2.21239E+00 2.20791E+00 2.20800E+00 2.21288E+00 8.01311E-01 9.62938E-02 0.00000E+00 2.49246E+00
0.00000E+00 3.09393E-01 1.00606E+00 2.39326E+00 2.38874E+00 2.38883E+00 2.39374E+00 1.00606E+00 3.09393E-01 0.00000E+00 7.18831E+00
0.00000E+00 6.06192E-01 1.29551E+00 2.66175E+00 2.65720E+00 2.65728E+00 2.66223E+00 1.29550E+00 6.06192E-01 0.00000E+00 1.36444E+01
0.00000E+00 9.83243E-01 1.66600E+00 3.01359E+00 3.00901E+00 3.00909E+00 3.01407E+00 1.66599E+00 9.83243E-01 0.00000E+00 2.21004E+01
0.00000E+00 1.43715E+00 2.11398E+00 3.44479E+00 3.44018E+00 3.44026E+00 3.44528E+00 2.11397E+00 1.43715E+00 0.00000E+00 3.27341E+01
0.00000E+00 1.96477E+00 2.63621E+00 3.95177E+00 3.94714E+00 3.94722E+00 3.95227E+00 2.63620E+00 1.96477E+00 0.00000E+00 4.56700E+01
2.13438E-01 2.52719E+00 3.19370E+00 4.49538E+00 4.49073E+00 4.49080E+00 4.49588E+00 3.19370E+00 2.52719E+00 2.13438E-01 6.10352E+01
8.11673E-01 3.10720E+00 3.76917E+00 5.05809E+00 5.05342E+00 5.05350E+00 5.05860E+00 3.76917E+00 3.10720E+00 8.11673E-01 7.88085E+01
1.48297E+00 3.76146E+00 4.41919E+00 5.69621E+00 5.69152E+00 5.69160E+00 5.69673E+00 4.41919E+00 3.76146E+00 1.48297E+00 9.89048E+01
2.22555E+00 4.48807E+00 5.14182E+00 6.40770E+00 6.40299E+00 6.40307E+00 6.40822E+00 5.14182E+00 4.48807E+00 2.22555E+00 1.21337E+02
3.03768E+00 5.28516E+00 5.93517E+00 7.19057E+00 7.18584E+00 7.18592E+00 7.19110E+00 5.93516E+00 5.28516E+00 3.03768E+00 1.46103E+02
3.91767E+00 6.15094E+00 6.79741E+00 8.04293E+00 8.03819E+00 8.03827E+00 8.04348E+00 6.79740E+00 6.15094E+00 3.91767E+00 1.73187E+02
4.86385E+00 7.08367E+00 7.72678E+00 8.96297E+00 8.95821E+00 8.95829E+00 8.96352E+00 7.72678E+00 7.08367E+00 4.86385E+00 2.02563E+02
5.87461E+00 8.08166E+00 8.72159E+00 9.94891E+00 9.94414E+00 9.94423E+00 9.94948E+00 8.72158E+00 8.08166E+00 5.87461E+00 2.34198E+02
6.94839E+00 9.14328E+00 9.78017E+00 1.09991E+01 1.09943E+01 1.09944E+01 1.09997E+01 9.78017E+00 9.14328E+00 6.94839E+00 2.68051E+02
8.08366E+00 1.02670E+01 1.09010E+01 1.21118E+01 1.21070E+01 1.21071E+01 1.21124E+01 1.09009E+01 1.02670E+01 8.08366E+00 3.04078E+02
9.27893E+00 1.14511E+01 1.20824E+01 1.32856E+01 1.32808E+01 1.32809E+01 1.32862E+01 1.20824E+01 1.14511E+01 9.27893E+00 3.42228E+02
1.05327E+01 1.26944E+01 1.33229E+01 1.45189E+01 1.45140E+01 1.45141E+01 1.45195E+01 1.33229E+01 1.26944E+01 1.05327E+01 3.82450E+02
1.18437E+01 1.39951E+01 1.46212E+01 1.58101E+01 1.58053E+01 1.58054E+01 1.58107E+01 1.46212E+01 1.39951E+01 1.18437E+01 4.24689E+02
1.32104E+01 1.53521E+01 1.59757E+01 1.71579E+01 1.71530E+01 1.71531E+01 1.71585E+01 1.59757E+01 1.53521E+01 1.32104E+01 4.68892E+02
1.46316E+01 1.67639E+01 1.73851E+01 1.85608E+01 1.85560E+01 1.85561E+01 1.85615E+01 1.73851E+01 1.67639E+01 1.46316E+01 5.15001E+02
1.61059E+01 1.82291E+01 1.88481E+01 2.00176E+01 2.00127E+01 2.00128E+01 2.00182E+01 1.88481E+01 1.82291E+01 1.61059E+01 5.62960E+02
1.76320E+01 1.97464E+01 2.03632E+01 2.15268E+01 2.15219E+01 2.15220E+01 2.15274E+01 2.03632E+01 1.97464E+01 1.76320E+01 6.12714E+02
1.92087E+01 2.13147E+01 2.19294E+01 2.30871E+01 2.30822E+01 2.30824E+01 2.30878E+01 2.19294E+01 2.13147E+01 1.92087E+01 6.64206E+02
2.08347E+01 2.29326E+01 2.35453E+01 2.46974E+01 2.46925E+01 2.46927E+01 2.46981E+01 2.35453E+01 2.29326E+01 2.08347E+01 7.17381E+02
2.25090E+01 2.45990E+01 2.52097E+01 2.63564E+01 2.63515E+01 2.63517E+01 2.63571E+01 2.52097E+01 2.45990E+01 2.25090E+01 7.72185E+02
2.42302E+01 2.63126E+01 2.69214E+01 2.80630E+01 2.80580E+01 2.80582E+01 2.80637E+01 2.69214E+01 2.63126E+01 2.42302E+01 8.28564E+02
2.59974E+01 2.80724E+01 2.86793E+01 2.98158E+01 2.98109E+01 2.98110E+01 2.98165E+01 2.86793E+01 2.80724E+01 2.59974E+01 8.86466E+02
2.78094E+01 2.98772E+01 3.04823E+01 3.16139E+01 3.16090E+01 3.16091E+01 3.16146E+01 3.04823E+01 2.98772E+01 2.78094E+01 9.45840E+02
2.96651E+01 3.17259E+01 3.23293E+01 3.34561E+01 3.34512E+01 3.34513E+01 3.34569E+01 3.23293E+01 3.17259E+01 2.96651E+01 1.00664E+03
3.15634E+01 3.36175E+01 3.42191E+01 3.53414E+01 3.53364E+01 3.53366E+01 3.53421E+01 3.42191E+01 3.36175E+01 3.15634E+01 1.06880E+03
3.35034E+01 3.55509E+01 3.61509E+01 3.72686E+01 3.72637E+01 3.72638E+01 3.72694E+01 3.61509E+01 3.55509E+01 3.35034E+01 1.13230E+03
3.54840E+01 3.75251E+01 3.81235E+01 3.92369E+01 3.92319E+01 3.92321E+01 3.92377E+01 3.81235E+01 3.75251E+01 3.54840E+01 1.19707E+03
3.75043E+01 3.95391E+01 4.01360E+01 4.12451E+01 4.12401E+01 4.12403E+01 4.12459E+01 4.01360E+01 3.95391E+01 3.75043E+01 1.26308E+03
3.95633E+01 4.15920E+01 4.21873E+01 4.32924E+01 4.32874E+01 4.32875E+01 4.32932E+01 4.21873E+01 4.15920E+01 3.95633E+01 1.33028E+03
4.16600E+01 4.36829E+01 4.42767E+01 4.53777E+01 4.53727E+01 4.53729E+01 4.53785E+01 4.42767E+01 4.36829E+01 4.16600E+01 1.39863E+03
4.37937E+01 4.58107E+01 4.64031E+01 4.75002E+01 4.74952E+01 4.74954E+01 4.75010E+01 4.64031E+01 4.58107E+01 4.37937E+01 1.46809E+03
4.59633E+01 4.79747E+01 4.85657E+01 4.96589E+01 4.96539E+01 4.96541E+01 4.96598E+01 4.85657E+01 4.79747E+01 4.59633E+01 1.53862E+03
4.81680E+01 5.01739E+01 5.07635E+01 5.18531E+01 5.18481E+01 5.18482E+01 5.18539E+01 5.07635E+01 5.01739E+01 4.81680E+01 1.61018E+03
5.04071E+01 5.24076E+01 5.29958E+01 5.40817E+01 5.40767E+01 5.40769E+01 5.40826E+01 5.29958E+01 5.24076E+01 5.04071E+01 1.68274E+03
5.26796E+01 5.46749E+01 5.52618E+01 5.63441E+01 5.63391E+01 5.63393E+01 5.63450E+01 5.52618E+01 5.46749E+01 5.26796E+01 1.75625E+03
5.49848E+01 5.69749E+01 5.75605E+01 5.86394E+01 5.86343E+01 5.86345E+01 5.86402E+01 5.75605E+01 5.69749E+01 5.49848E+01 1.83068E+03
5.73218E+01 5.93069E+01 5.98913E+01 6.09667E+01 6.09617E+01 6.09619E+01 6.09676E+01 5.98913E+01 5.93069E+01 5.73218E+01 1.90601E+03
5.96900E+01 6.16702E+01 6.22533E+01 6.33254E+01 6.33204E+01 6.33206E+01 6.33263E+01 6.22533E+01 6.16702E+01 5.96900E+01 1.98219E+03
6.20886E+01 6.40639E+01 6.46458E+01 6.57147E+01 6.57096E+01 6.57098E+01 6.57156E+01 6.46458E+01 6.40639E+01 6.20886E+01 2.05920E+03
6.45168E+01 6.64874E+01 6.70681E+01 6.81338E+01 6.81288E+01 6.81290E+01 6.81347E+01 6.70681E+01 6.64874E+01 6.45168E+01 2.13700E+03
6.69740E+01 6.89400E+01 6.95195E+01 7.05821E+01 7.05770E+01 7.05772E+01 7.05830E+01 6.95195E+01 6.89400E+01 6.69740E+01 2.21557E+03
6.94594E+01 7.14209E+01 7.19993E+01 7.30588E+01 7.30537E+01 7.30539E+01 7.30597E+01 7.19993E+01 7.14209E+01 6.94594E+01 2.29488E+03
0.00000E+00 0.00000E+00 6.00992E-01 1.89974E+00 1.89510E+00 1.89508E+00 1.89998E+00 6.00985E-01 0.00000E+00 0.00000E+00 -2.76597E+00
0.00000E+00 0.00000E+00 6.28469E-01 1.89703E+00 1.89234E+00 1.89232E+00 1.89729E+00 6.28462E-01 0.00000E+00 0.00000E+00 -7.42880E-01
0.00000E+00 9.02780E-02 7.39283E-01 1.98315E+00 1.97843E+00 1.97841E+00 1.98343E+00 7.39277E-01 9.02780E-02 0.00000E+00 2.31485E+00
0.00000E+00 2.87686E-01 9.29003E-01 2.15175E+00 2.14699E+00 2.14697E+00 2.15205E+00 9.28998E-01 2.87686E-01 0.00000E+00 6.67491E+00
0.00000E+00 5.59815E-01 1.19437E+00 2.39857E+00 2.39378E+00 2.39377E+00 2.39889E+00 1.19436E+00 5.59815E-01 0.00000E+00 1.26481E+01
0.00000E+00 9.02734E-01 1.53124E+00 2.71895E+00 2.71413E+00 2.71412E+00 2.71929E+00 1.53124E+00 9.02734E-01 0.00000E+00 2.04293E+01
0.00000E+00 1.31279E+00 1.93585E+00 3.10872E+00 3.10387E+00 3.10387E+00 3.10907E+00 1.93585E+00 1.31279E+00 0.00000E+00 3.01553E+01
0.00000E+00 1.78673E+00 2.40482E+00 3.56420E+00 3.55933E+00 3.55933E+00 3.56458E+00 2.40481E+00 1.78673E+00 0.00000E+00 4.19140E+01
1.92467E-01 2.29126E+00 2.90482E+00 4.05192E+00 4.04703E+00 4.04704E+00 4.05232E+00 2.90482E+00 2.29126E+00 1.92467E-01 5.57676E+01
7.29716E-01 2.81189E+00 3.42127E+00 4.55708E+00 4.55217E+00 4.55219E+00 4.55750E+00 3.42127E+00 2.81189E+00 7.29716E-01 7.16560E+01
1.32941E+00 3.39604E+00 4.00152E+00 5.12681E+00 5.12188E+00 5.12190E+00 5.12725E+00 4.00152E+00 3.39604E+00 1.32941E+00 8.95301E+01
1.98966E+00 4.04172E+00 4.64354E+00 5.75897E+00 5.75402E+00 5.75405E+00 5.75943E+00 4.64353E+00 4.04172E+00 1.98966E+00 1.09387E+02
2.70866E+00 4.74700E+00 5.34537E+00 6.45154E+00 6.44657E+00 6.44661E+00 6.45202E+00 5.34537E+00 4.74700E+00 2.70866E+00 1.31211E+02
3.48467E+00 5.51006E+00 6.10517E+00 7.20261E+00 7.19762E+00 7.19766E+00 7.20311E+00 6.10517E+00 5.51006E+00 3.48467E+00 1.54975E+02
4.31604E+00 6.32916E+00 6.92118E+00 8.01036E+00 8.00536E+00 8.00541E+00 8.01088E+00 6.92118E+00 6.32916E+00 4.31604E+00 1.80648E+02
5.20116E+00 7.20263E+00 7.79172E+00 8.87306E+00 8.86805E+00 8.86810E+00 8.87361E+00 7.79172E+00 7.20263E+00 5.20116E+00 2.08189E+02
6.13850E+00 8.12888E+00 8.71518E+00 9.78908E+00 9.78405E+00 9.78411E+00 9.78964E+00 8.71518E+00 8.12888E+00 6.13850E+00 2.37554E+02
7.12658E+00 9.10638E+00 9.69002E+00 1.07568E+01 1.07518E+01 1.07519E+01 1.07574E+01 9.69002E+00 9.10638E+00 7.12658E+00 2.68696E+02
8.16397E+00 1.01337E+01 1.07148E+01 1.17748E+01 1.17697E+01 1.17698E+01 1.17754E+01 1.07148E+01 1.01337E+01 8.16397E+00 3.01564E+02
9.24929E+00 1.12093E+01 1.17880E+01 1.28415E+01 1.28365E+01 1.28365E+01 1.28422E+01 1.17880E+01 1.12093E+01 9.24929E+00 3.36109E+02
1.03812E+01 1.23320E+01 1.29083E+01 1.39556E+01 1.39506E+01 1.39506E+01 1.39563E+01 1.29083E+01 1.23320E+01 1.03812E+01 3.72277E+02
1.15584E+01 1.35003E+01 1.40743E+01 1.51158E+01 1.51107E+01 1.51108E+01 1.51164E+01 1.40743E+01 1.35003E+01 1.15584E+01 4.10017E+02
1.27797E+01 1.47130E+01 1.52849E+01 1.63206E+01 1.63155E+01 1.63156E+01 1.63213E+01 1.52849E+01 1.47130E+01 1.27797E+01 4.49275E+02
1.40439E+01 1.59689E+01 1.65387E+01 1.75689E+01 1.75638E+01 1.75639E+01 1.75696E+01 1.65387E+01 1.59689E+01 1.40439E+01 4.90000E+02
1.53497E+01 1.72667E+01 1.78346E+01 1.88595E+01 1.88544E+01 1.88545E+01 1.88602E+01 1.78346E+01 1.72667E+01 1.53497E+01 5.32140E+02
1.66961E+01 1.86054E+01 1.91713E+01 2.01911E+01 2.01860E+01 2.01861E+01 2.01918E+01 1.91713E+01 1.86054E+01 1.66961E+01 5.75644E+02
1.80819E+01 1.99838E+01 2.05478E+01 2.15627E+01 2.15575E+01 2.15577E+01 2.15634E+01 2.05478E+01 1.99838E+01 1.80819E+01 6.20464E+02
1.95061E+01 2.14008E+01 2.19630E+01 2.29731E+01 2.29679E+01 2.29681E+01 2.29739E+01 2.19630E+01 2.14008E+01 1.95061E+01 6.66550E+02
2.09676E+01 2.28553E+01 2.34157E+01 2.44212E+01 2.44161E+01 2.44162E+01 2.44220E+01 2.34157E+01 2.28553E+01 2.09676E+01 7.13856E+02
2.24654E+01 2.43464E+01 2.49051E+01 2.59061E+01 2.59010E+01 2.59011E+01 2.59069E+01 2.49051E+01 2.43464E+01 2.24654E+01 7.62336E+02
2.39985E+01 2.58730E+01 2.64300E+01 2.74267E+01 2.74216E+01 2.74217E+01 2.74276E+01 2.64300E+01 2.58730E+01 2.39985E+01 8.11944E+02
2.55660E+01 2.74341E+01 2.79896E+01 2.89821E+01 2.89769E+01 2.89771E+01 2.89829E+01 2.79896E+01 2.74341E+01 2.55660E+01 8.62638E+02
2.71670E+01 2.90289E+01 2.95828E+01 3.05712E+01 3.05661E+01 3.05662E+01 3.05721E+01 2.95828E+01 2.90289E+01 2.71670E+01 9.14376E+02
2.88005E+01 3.06565E+01 3.12088E+01 3.21933E+01 3.21881E+01 3.21883E+01 3.21942E+01 3.12088E+01 3.06565E+01 2.88005E+01 9.67117E+02
3.04657E+01 3.23158E+01 3.28667E+01 3.38473E+01 3.38421E+01 3.38423E+01 3.38482E+01 3.28667E+01 3.23158E+01 3.04657E+01 1.02082E+03
3.21617E+01 3.40061E+01 3.45556E+01 3.55325E+01 3.55272E+01 3.55274E+01 3.55334E+01 3.45556E+01 3.40061E+01 3.21617E+01 1.07545E+03
3.38878E+01 3.57266E+01 3.62747E+01 3.72479E+01 3.72427E+01 3.72428E+01 3.72488E+01 3.62747E+01 3.57266E+01 3.38878E+01 1.13097E+03
3.56430E+01 3.74764E+01 3.80231E+01 3.89928E+01 3.89876E+01 3.89877E+01 3.89937E+01 3.80231E+01 3.74764E+01 3.56430E+01 1.18735E+03
3.74266E+01 3.92548E+01 3.98001E+01 4.07663E+01 4.07611E+01 4.07613E+01 4.07673E+01 3.98001E+01 3.92548E+01 3.74266E+01 1.24454E+03
3.92379E+01 4.10609E+01 4.16050E+01 4.25678E+01 4.25626E+01 4.25628E+01 4.25688E+01 4.16050E+01 4.10609E+01 3.92379E+01 1.30252E+03
4.10761E+01 4.28941E+01 4.34369E+01 4.43964E+01 4.43912E+01 4.43914E+01 4.43974E+01 4.34369E+01 4.28941E+01 4.10761E+01 1.36126E+03
4.29405E+01 4.47536E+01 4.52951E+01 4.62514E+01 4.62462E+01 4.62464E+01 4.62525E+01 4.52951E+01 4.47536E+01 4.29405E+01 1.42072E+03
4.48305E+01 4.66387E+01 4.71790E+01 4.81322E+01 4.81269E+01 4.81272E+01 4.81332E+01 4.71790E+01 4.66387E+01 4.48305E+01 1.48088E+03
4.67452E+01 4.85488E+01 4.90879E+01 5.00380E+01 5.00327E+01 5.00329E+01 5.00390E+01 4.90879E+01 4.85488E+01 4.67452E+01 1.54170E+03
4.86841E+01 5.04831E+01 5.10210E+01 5.19681E+01 5.19628E+01 5.19631E+01 5.19692E+01 5.10210E+01 5.04831E+01 4.86841E+01 1.60316E+03
5.06465E+01 5.24410E+01 5.29778E+01 5.39220E+01 5.39167E+01 5.39169E+01 5.39231E+01 5.29778E+01 5.24410E+01 5.06465E+01 1.66524E+03
5.26318E+01 5.44219E+01 5.49576E+01 5.58989E+01 5.58936E+01 5.58939E+01 5.59000E+01 5.49576E+01 5.44219E+01 5.26318E+01 1.72790E+03
5.46395E+01 5.64252E+01 5.69598E+01 5.78983E+01 5.78930E+01 5.78933E+01 5.78994E+01 5.69598E+01 5.64252E+01 5.46395E+01 1.79113E+03
5.66688E+01 5.84503E+01 5.89838E+01 5.99195E+01 5.99143E+01 5.99145E+01 5.99207E+01 5.89838E+01 5.84503E+01 5.66688E+01 1.85489E+03
5.87192E+01 6.04966E+01 6.10291E+01 6.19621E+01 6.19568E+01 6.19571E+01 6.19632E+01 6.10291E+01 6.04966E+01 5.87192E+01 1.91917E+03
0.00000E+00 0.00000E+00 5.50099E-01 1.69450E+00 1.68961E+00 1.68953E+00 1.69460E+00 5.50095E-01 0.00000E+00 0.00000E+00 -2.56051E+00
0.00000E+00 0.00000E+00 5.77678E-01 1.69538E+00 1.69045E+00 1.69037E+00 1.69553E+00 5.77675E-01 0.00000E+00 0.00000E+00 -6.90200E-01
0.00000E+00 8.47741E-02 6.82225E-01 1.77810E+00 1.77312E+00 1.77306E+00 1.77830E+00 6.82222E-01 8.47741E-02 0.00000E+00 2.15479E+00
0.00000E+00 2.67717E-01 8.58093E-01 1.93529E+00 1.93028E+00 1.93023E+00 1.93553E+00 8.58091E-01 2.67717E-01 0.00000E+00 6.20795E+00
0.00000E+00 5.17147E-01 1.10129E+00 2.16209E+00 2.15705E+00 2.15702E+00 2.16238E+00 1.10129E+00 5.17147E-01 0.00000E+00 1.17358E+01
0.00000E+00 8.28792E-01 1.40738E+00 2.45359E+00 2.44853E+00 2.44850E+00 2.45392E+00 1.40738E+00 8.28792E-01 0.00000E+00 1.88929E+01
0.00000E+00 1.19886E+00 1.77243E+00 2.80552E+00 2.80042E+00 2.80041E+00 2.80588E+00 1.77243E+00 1.19886E+00 0.00000E+00 2.77799E+01
0.00000E+00 1.62404E+00 2.19304E+00 3.21421E+00 3.20909E+00 3.20909E+00 3.21461E+00 2.19304E+00 1.62404E+00 0.00000E+00 3.84535E+01
1.73310E-01 2.07602E+00 2.64084E+00 3.65115E+00 3.64602E+00 3.64603E+00 3.65160E+00 2.64084E+00 2.07602E+00 1.73310E-01 5.09230E+01
6.55053E-01 2.54259E+00 3.10358E+00 4.10391E+00 4.09876E+00 4.09878E+00 4.10439E+00 3.10358E+00 2.54259E+00 6.55053E-01 6.50990E+01
1.18988E+00 3.06325E+00 3.62064E+00 4.61168E+00 4.60650E+00 4.60653E+00 4.61219E+00 3.62064E+00 3.06325E+00 1.18988E+00 8.09631E+01
1.77587E+00 3.63594E+00 4.18997E+00 5.17229E+00 5.16709E+00 5.16714E+00 5.17284E+00 4.18997E+00 3.63594E+00 1.77587E+00 9.84998E+01
2.41119E+00 4.25876E+00 4.80961E+00 5.78374E+00 5.77853E+00 5.77859E+00 5.78432E+00 4.80961E+00 4.25876E+00 2.41119E+00 1.17684E+02
3.09415E+00 4.92989E+00 5.47774E+00 6.44416E+00 6.43893E+00 6.43900E+00 6.44477E+00 5.47774E+00 4.92989E+00 3.09415E+00 1.38483E+02
3.82310E+00 5.64765E+00 6.19266E+00 7.15177E+00 7.14653E+00 7.14661E+00 7.15242E+00 6.19266E+00 5.64765E+00 3.82310E+00 1.60857E+02
4.59650E+00 6.41043E+00 6.95273E+00 7.90492E+00 7.89967E+00 7.89976E+00 7.90560E+00 6.95273E+00 6.41043E+00 4.59650E+00 1.84766E+02
5.41288E+00 7.21669E+00 7.75643E+00 8.70204E+00 8.69678E+00 8.69687E+00 8.70275E+00 7.75643E+00 7.21669E+00 5.41288E+00 2.10162E+02
6.27083E+00 8.06500E+00 8.60229E+00 9.54163E+00 9.53636E+00 9.53646E+00 9.54237E+00 8.60229E+00 8.06500E+00 6.27083E+00 2.36999E+02
7.16902E+00 8.95397E+00 9.48891E+00 1.04223E+01 1.04170E+01 1.04171E+01 1.04230E+01 9.48891E+00 8.95397E+00 7.16902E+00 2.65228E+02
8.10615E+00 9.88228E+00 1.04150E+01 1.13426E+01 1.13373E+01 1.13374E+01 1.13434E+01 1.04150E+01 9.88228E+00 8.10615E+00 2.94800E+02
9.08100E+00 1.08487E+01 1.13792E+01 1.23014E+01 1.22961E+01 1.22962E+01 1.23022E+01 1.13792E+01 1.08487E+01 9.08100E+00 3.25665E+02
1.00924E+01 1.18519E+01 1.23804E+01 1.32973E+01 1.32920E+01 1.32921E+01 1.32981E+01 1.23804E+01 1.18519E+01 1.00924E+01 3.57776E+02
1.11391E+01 1.28908E+01 1.34173E+01 1.43292E+01 1.43238E+01 1.43240E+01 1.43300E+01 1.34173E+01 1.28908E+01 1.11391E+01 3.91084E+02
1.22201E+01 1.39643E+01 1.44889E+01 1.53959E+01 1.53905E+01 1.53907E+01 1.53968E+01 1.44889E+01 1.39643E+01 1.22201E+01 4.25541E+02
1.33344E+01 1.50713E+01 1.55940E+01 1.64963E+01 1.64910E+01 1.64912E+01 1.64973E+01 1.55940E+01 1.50713E+01 1.33344E+01 4.61102E+02
1.44808E+01 1.62107E+01 1.67316E+01 1.76295E+01 1.76241E+01 1.76243E+01 1.76304E+01 1.67316E+01 1.62107E+01 1.44808E+01 4.97721E+02
1.56585E+01 1.73816E+01 1.79008E+01 1.87942E+01 1.87889E+01 1.87891E+01 1.87952E+01 1.79008E+01 1.73816E+01 1.56585E+01 5.35355E+02
1.68664E+01 1.85829E+01 1.91005E+01 1.99897E+01 1.99843E+01 1.99845E+01 1.99907E+01 1.91005E+01 1.85829E+01 1.68664E+01 5.73961E+02
1.81036E+01 1.98138E+01 2.03297E+01 2.12149E+01 2.12095E+01 2.12097E+01 2.12159E+01 2.03297E+01 1.98138E+01 1.81036E+01 6.13498E+02
1.93693E+01 2.10733E+01 2.15877E+01 2.24689E+01 2.24635E+01 2.24637E+01 2.24700E+01 2.15877E+01 2.10733E+01 1.93693E+01 6.53926E+02
2.06625E+01 2.23606E+01 2.28734E+01 2.37508E+01 2.37454E+01 2.37457E+01 2.37519E+01 2.28734E+01 2.23606E+01 2.06625E+01 6.95208E+02
2.19825E+01 2.36748E+01 2.41861E+01 2.50598E+01 2.50544E+01 2.50547E+01 2.50610E+01 2.41861E+01 2.36748E+01 2.19825E+01 7.37306E+02
2.33284E+01 2.50151E+01 2.55250E+01 2.63951E+01 2.63897E+01 2.63899E+01 2.63962E+01 2.55250E+01 2.50151E+01 2.33284E+01 7.80184E+02
2.46995E+01 2.63807E+01 2.68892E+01 2.77558E+01 2.77504E+01 2.77506E+01 2.77570E+01 2.68892E+01 2.63807E+01 2.46995E+01 8.23808E+02
2.60950E+01 2.77709E+01 2.82780E+01 2.91412E+01 2.91358E+01 2.91360E+01 2.91424E+01 2.82780E+01 2.77709E+01 2.60950E+01 8.68146E+02
2.75142E+01 2.91848E+01 2.96907E+01 3.05505E+01 3.05451E+01 3.05454E+01 3.05518E+01 2.96907E+01 2.91848E+01 2.75142E+01 9.13165E+02
2.89563E+01 3.06219E+01 3.11264E+01 3.19831E+01 3.19777E+01 3.19779E+01 3.19843E+01 3.11264E+01 3.06219E+01 2.89563E+01 9.58836E+02
3.04207E+01 3.20814E+01 3.25846E+01 3.34382E+01 3.34327E+01 3.34330E+01 3.34394E+01 3.25846E+01 3.20814E+01 3.04207E+01 1.00513E+03
3.19067E+01 3.35626E+01 3.40646E+01 3.49151E+01 3.49096E+01 3.49099E+01 3.49164E+01 3.40646E+01 3.35626E+01 3.19067E+01 1.05201E+03
3.34137E+01 3.50649E+01 3.55657E+01 3.64132E+01 3.64077E+01 3.64080E+01 3.64145E+01 3.55657E+01 3.50649E+01 3.34137E+01 1.09947E+03
3.49410E+01 3.65876E+01 3.70873E+01 3.79318E+01 3.79264E+01 3.79267E+01 3.79332E+01 3.70873E+01 3.65876E+01 3.49410E+01 1.14746E+03
3.64881E+01 3.81302E+01 3.86287E+01 3.94704E+01 3.94650E+01 3.94653E+01 3.94718E+01 3.86287E+01 3.81302E+01 3.64881E+01 1.19597E+03
3.80543E+01 3.96920E+01 4.01894E+01 4.10284E+01 4.10229E+01 4.10232E+01 4.10298E+01 4.01894E+01 3.96920E+01 3.80543E+01 1.24497E+03
3.96391E+01 4.12725E+01 4.17688E+01 4.26051E+01 4.25996E+01 4.25999E+01 4.26065E+01 4.17688E+01 4.12725E+01 3.96391E+01 1.29444E+03
4.12419E+01 4.28712E+01 4.33664E+01 4.42000E+01 4.41945E+01 4.41948E+01 4.42014E+01 4.33664E+01 4.28712E+01 4.12419E+01 1.34435E+03
4.28623E+01 4.44874E+01 4.49816E+01 4.58126E+01 4.58071E+01 4.58074E+01 4.58140E+01 4.49816E+01 4.44874E+01 4.28623E+01 1.39470E+03
4.44996E+01 4.61207E+01 4.66139E+01 4.74423E+01 4.74368E+01 4.74372E+01 4.74438E+01 4.66139E+01 4.61207E+01 4.44996E+01 1.44544E+03
4.61534E+01 4.77706E+01 4.82627E+01 4.90887E+01 4.90832E+01 4.90835E+01 4.90901E+01 4.82627E+01 4.77706E+01 4.61534E+01 1.49658E+03
4.78231E+01 4.94365E+01 4.99276E+01 5.07512E+01 5.07457E+01 5.07460E+01 5.07527E+01 4.99276E+01 4.94365E+01 4.78231E+01 1.54808E+03
4.95084E+01 5.11180E+01 5.16082E+01 5.24293E+01 5.24238E+01 5.24242E+01 5.24309E+01 5.16082E+01 5.11180E+01 4.95084E+01 1.59992E+03
0.00000E+00 0.00000E+00 5.02930E-01 1.51075E+00 1.50561E+00 1.50554E+00 1.51091E+00 5.02930E-01 0.00000E+00 0.00000E+00 -2.37785E+00
0.00000E+00 0.00000E+00 5.30899E-01 1.51512E+00 1.50993E+00 1.50988E+00 1.51536E+00 5.30899E-01 0.00000E+00 0.00000E+00 -6.42897E-01
0.00000E+00 7.97275E-02 6.29732E-01 1.59466E+00 1.58943E+00 1.58940E+00 1.59497E+00 6.29732E-01 7.97275E-02 0.00000E+00 2.01046E+00
0.00000E+00 2.49319E-01 7.92812E-01 1.74123E+00 1.73597E+00 1.73596E+00 1.74161E+00 7.92812E-01 2.49319E-01 0.00000E+00 5.78273E+00
0.00000E+00 4.77848E-01 1.01561E+00 1.94954E+00 1.94425E+00 1.94426E+00 1.94998E+00 1.01561E+00 4.77848E-01 0.00000E+00 1.08994E+01
0.00000E+00 7.60835E-01 1.29348E+00 2.21452E+00 2.20921E+00 2.20923E+00 2.21502E+00 1.29348E+00 7.60835E-01 0.00000E+00 1.74788E+01
0.00000E+00 1.09443E+00 1.62246E+00 2.53191E+00 2.52657E+00 2.52660E+00 2.53246E+00 1.62246E+00 1.09443E+00 0.00000E+00 2.55900E+01
0.00000E+00 1.47537E+00 1.99918E+00 2.89810E+00 2.89274E+00 2.89279E+00 2.89870E+00 1.99918E+00 1.47537E+00 0.00000E+00 3.52637E+01
1.55820E-01 1.87964E+00 2.39962E+00 3.28895E+00 3.28356E+00 3.28363E+00 3.28960E+00 2.39962E+00 1.87964E+00 1.55820E-01 4.64665E+01
5.87076E-01 2.29707E+00 2.81351E+00 3.69402E+00 3.68862E+00 3.68870E+00 3.69472E+00 2.81351E+00 2.29707E+00 5.87076E-01 5.90884E+01
1.06320E+00 2.76026E+00 3.27340E+00 4.14569E+00 4.14027E+00 4.14037E+00 4.14644E+00 3.27340E+00 2.76026E+00 1.06320E+00 7.31362E+01
1.58227E+00 3.26721E+00 3.77724E+00 4.64184E+00 4.63641E+00 4.63652E+00 4.64264E+00 3.77724E+00 3.26721E+00 1.58227E+00 8.85857E+01
2.14251E+00 3.81605E+00 4.32315E+00 5.18052E+00 5.17507E+00 5.17520E+00 5.18136E+00 4.32315E+00 3.81605E+00 2.14251E+00 1.05405E+02
2.74227E+00 4.40502E+00 4.90937E+00 5.75992E+00 5.75446E+00 5.75460E+00 5.76081E+00 4.90937E+00 4.40502E+00 2.74227E+00 1.23557E+02
3.37999E+00 5.03253E+00 5.53426E+00 6.37836E+00 6.37289E+00 6.37304E+00 6.37929E+00 5.53426E+00 5.03253E+00 3.37999E+00 1.43000E+02
4.05419E+00 5.69704E+00 6.19629E+00 7.03428E+00 7.02879E+00 7.02896E+00 7.03525E+00 6.19629E+00 5.69704E+00 4.05419E+00 1.63692E+02
4.76350E+00 6.39713E+00 6.89401E+00 7.72619E+00 7.72068E+00 7.72087E+00 7.72720E+00 6.89401E+00 6.39713E+00 4.76350E+00 1.85586E+02
5.50661E+00 7.13144E+00 7.62606E+00 8.45271E+00 8.44719E+00 8.44739E+00 8.45376E+00 7.62607E+00 7.13144E+00 5.50661E+00 2.08637E+02
6.28228E+00 7.89870E+00 8.39116E+00 9.21253E+00 9.20700E+00 9.20721E+00 9.21362E+00 8.39117E+00 7.89870E+00 6.28228E+00 2.32799E+02
7.08932E+00 8.69769E+00 9.18809E+00 1.00044E+01 9.99887E+00 9.99909E+00 1.00055E+01 9.18809E+00 8.69769E+00 7.08932E+00 2.58025E+02
7.92661E+00 9.52725E+00 1.00157E+01 1.08272E+01 1.08216E+01 1.08218E+01 1.08283E+01 1.00157E+01 9.52725E+00 7.92661E+00 2.84271E+02
8.79307E+00 1.03863E+01 1.08728E+01 1.16796E+01 1.16741E+01 1.16743E+01 1.16809E+01 1.08728E+01 1.03863E+01 8.79307E+00 3.11492E+02
9.68767E+00 1.12738E+01 1.17584E+01 1.25608E+01 1.25553E+01 1.25555E+01 1.25621E+01 1.17584E+01 1.12738E+01 9.68767E+00 3.39645E+02
1.06094E+01 1.21886E+01 1.26716E+01 1.34697E+01 1.34641E+01 1.34644E+01 1.34709E+01 1.26716E+01 1.21886E+01 1.06094E+01 3.68687E+02
1.15574E+01 1.31300E+01 1.36112E+01 1.44052E+01 1.43996E+01 1.43999E+01 1.44065E+01 1.36112E+01 1.31300E+01 1.15574E+01 3.98577E+02
1.25306E+01 1.40968E+01 1.45764E+01 1.53664E+01 1.53608E+01 1.53611E+01 1.53677E+01 1.45764E+01 1.40968E+01 1.25306E+01 4.29277E+02
1.35283E+01 1.50884E+01 1.55663E+01 1.63525E+01 1.63469E+01 1.63472E+01 1.63538E+01 1.55663E+01 1.50884E+01 1.35283E+01 4.60749E+02
1.45496E+01 1.61037E+01 1.65801E+01 1.73625E+01 1.73569E+01 1.73572E+01 1.73639E+01 1.65801E+01 1.61037E+01 1.45496E+01 4.92954E+02
1.55937E+01 1.71419E+01 1.76169E+01 1.83957E+01 1.83901E+01 1.83904E+01 1.83972E+01 1.76169E+01 1.71419E+01 1.55937E+01 5.25860E+02
1.66598E+01 1.82024E+01 1.86759E+01 1.94512E+01 1.94456E+01 1.94460E+01 1.94527E+01 1.86759E+01 1.82024E+01 1.66598E+01 5.59430E+02
1.77471E+01 1.92843E+01 1.97564E+01 2.05284E+01 2.05227E+01 2.05231E+01 2.05299E+01 1.97564E+01 1.92843E+01 1.77471E+01 5.93634E+02
1.88550E+01 2.03869E+01 2.08576E+01 2.16263E+01 2.16207E+01 2.16210E+01 2.16279E+01 2.08576E+01 2.03869E+01 1.88550E+01 6.28439E+02
1.99827E+01 2.15095E+01 2.19789E+01 2.27444E+01 2.27388E+01 2.27391E+01 2.27460E+01 2.19789E+01 2.15095E+01 1.99827E+01 6.63816E+02
2.11296E+01 2.26514E+01 2.31195E+01 2.38819E+01 2.38763E+01 2.38767E+01 2.38836E+01 2.31195E+01 2.26514E+01 2.11296E+01 6.99738E+02
2.22951E+01 2.38120E+01 2.42789E+01 2.50383E+01 2.50326E+01 2.50330E+01 2.50399E+01 2.42789E+01 2.38120E+01 2.22951E+01 7.36175E+02
2.34785E+01 2.49906E+01 2.54563E+01 2.62128E+01 2.62071E+01 2.62075E+01 2.62145E+01 2.54563E+01 2.49906E+01 2.34785E+01 7.73102E+02
2.46792E+01 2.61867E+01 2.66512E+01 2.74048E+01 2.73992E+01 2.73996E+01 2.74065E+01 2.66512E+01 2.61867E+01 2.46792E+01 8.10495E+02
2.58966E+01 2.73996E+01 2.78629E+01 2.86138E+01 2.86082E+01 2.86086E+01 2.86156E+01 2.78630E+01 2.73996E+01 2.58966E+01 8.48328E+02
2.71302E+01 2.86289E+01 2.90910E+01 2.98392E+01 2.98335E+01 2.98340E+01 2.98410E+01 2.90910E+01 2.86289E+01 2.71302E+01 8.86580E+02
2.83795E+01 2.98738E+01 3.03349E+01 3.10804E+01 3.10748E+01 3.10752E+01 3.10822E+01 3.03349E+01 2.98738E+01 2.83795E+01 9.25228E+02
2.96438E+01 3.11340E+01 3.15940E+01 3.23370E+01 3.23313E+01 3.23318E+01 3.23388E+01 3.15940E+01 3.11340E+01 2.96438E+01 9.64252E+02
3.09228E+01 3.24089E+01 3.28679E+01 3.36083E+01 3.36026E+01 3.36031E+01 3.36102E+01 3.28679E+01 3.24089E+01 3.09228E+01 1.00363E+03
3.22159E+01 3.36980E+01 3.41559E+01 3.48940E+01 3.48883E+01 3.48888E+01 3.48958E+01 3.41559E+01 3.36980E+01 3.22159E+01 1.04335E+03
3.35227E+01 3.50009E+01 3.54578E+01 3.61934E+01 3.61877E+01 3.61882E+01 3.61953E+01 3.54578E+01 3.50009E+01 3.35227E+01 1.08338E+03
3.48427E+01 3.63171E+01 3.67730E+01 3.75062E+01 3.75006E+01 3.75011E+01 3.75082E+01 3.67730E+01 3.63171E+01 3.48427E+01 1.12372E+03
3.61754E+01 3.76461E+01 3.81010E+01 3.88320E+01 3.88263E+01 3.88268E+01 3.88340E+01 3.81010E+01 3.76461E+01 3.61754E+01 1.16434E+03
3.75205E+01 3.89875E+01 3.94415E+01 4.01702E+01 4.01645E+01 4.01651E+01 4.01722E+01 3.94415E+01 3.89875E+01 3.75205E+01 1.20522E+03
3.88775E+01 4.03409E+01 4.07940E+01 4.15205E+01 4.15148E+01 4.15154E+01 4.15226E+01 4.07940E+01 4.03409E+01 3.88775E+01 1.24636E+03
4.02461E+01 4.17059E+01 4.21581E+01 4.28825E+01 4.28768E+01 4.28773E+01 4.28846E+01 4.21581E+01 4.17059E+01 4.02461E+01 1.28774E+03
4.16258E+01 4.30822E+01 4.35335E+01 4.42558E+01 4.42500E+01 4.42506E+01 4.42578E+01 4.35335E+01 4.30822E+01 4.16258E+01 1.32934E+03
0.00000E+00 0.00000E+00 4.59211E-01 1.34623E+00 1.34083E+00 1.34081E+00 1.34658E+00 4.59212E-01 0.00000E+00 0.00000E+00 -2.21582E+00
0.00000E+00 0.00000E+00 4.87818E-01 1.35399E+00 1.34855E+00 1.34855E+00 1.35445E+00 4.87820E-01 0.00000E+00 0.00000E+00 -6.00425E-01
0.00000E+00 7.50884E-02 5.81426E-01 1.43056E+00 1.42507E+00 1.42511E+00 1.43111E+00 5.81427E-01 7.50884E-02 0.00000E+00 1.88033E+00
0.00000E+00 2.32338E-01 7.32682E-01 1.56724E+00 1.56172E+00 1.56178E+00 1.56787E+00 7.32683E-01 2.32338E-01 0.00000E+00 5.39515E+00
0.00000E+00 4.41612E-01 9.36678E-01 1.75844E+00 1.75290E+00 1.75298E+00 1.75915E+00 9.36680E-01 4.41612E-01 0.00000E+00 1.01316E+01
0.00000E+00 6.98336E-01 1.18869E+00 1.99908E+00 1.99351E+00 1.99361E+00 1.99986E+00 1.18869E+00 6.98336E-01 0.00000E+00 1.61758E+01
0.00000E+00 9.98692E-01 1.48480E+00 2.28494E+00 2.27935E+00 2.27947E+00 2.28579E+00 1.48480E+00 9.98692E-01 0.00000E+00 2.35696E+01
0.00000E+00 1.33948E+00 1.82172E+00 2.61256E+00 2.60695E+00 2.60709E+00 2.61348E+00 1.82172E+00 1.33948E+00 0.00000E+00 3.23221E+01
1.39861E-01 1.70051E+00 2.17920E+00 2.96158E+00 2.95595E+00 2.95611E+00 2.96256E+00 2.17921E+00 1.70051E+00 1.39861E-01 4.23665E+01
5.25231E-01 2.07326E+00 2.54870E+00 3.32330E+00 3.31765E+00 3.31783E+00 3.32434E+00 2.54870E+00 2.07326E+00 5.25231E-01 5.35792E+01
9.48268E-01 2.48451E+00 2.95691E+00 3.72425E+00 3.71859E+00 3.71878E+00 3.72535E+00 2.95691E+00 2.48451E+00 9.48268E-01 6.59879E+01
1.40712E+00 2.93230E+00 3.40184E+00 4.16240E+00 4.15671E+00 4.15693E+00 4.16355E+00 3.40184E+00 2.93230E+00 1.40712E+00 7.95623E+01
1.90007E+00 3.41485E+00 3.88170E+00 4.63587E+00 4.63017E+00 4.63041E+00 4.63708E+00 3.88170E+00 3.41485E+00 1.90007E+00 9.42663E+01
2.42556E+00 3.93050E+00 4.39481E+00 5.14297E+00 5.13726E+00 5.13751E+00 5.14424E+00 4.39482E+00 3.93050E+00 2.42556E+00 1.10061E+02
2.98212E+00 4.47775E+00 4.93965E+00 5.68212E+00 5.67640E+00 5.67667E+00 5.68344E+00 4.93966E+00 4.47775E+00 2.98212E+00 1.26903E+02
3.56839E+00 5.05518E+00 5.51479E+00 6.25186E+00 6.24613E+00 6.24642E+00 6.25324E+00 5.51480E+00 5.05518E+00 3.56839E+00 1.44752E+02
4.18308E+00 5.66146E+00 6.11890E+00 6.85084E+00 6.84510E+00 6.84540E+00 6.85227E+00 6.11890E+00 5.66146E+00 4.18308E+00 1.63562E+02
4.82501E+00 6.29536E+00 6.75072E+00 7.47778E+00 7.47203E+00 7.47235E+00 7.47926E+00 6.75072E+00 6.29536E+00 4.82501E+00 1.83291E+02
5.49304E+00 6.95572E+00 7.40909E+00 8.13149E+00 8.12573E+00 8.12607E+00 8.13302E+00 7.40909E+00 6.95572E+00 5.49304E+00 2.03896E+02
6.18609E+00 7.64143E+00 8.09290E+00 8.81084E+00 8.80507E+00 8.80543E+00 8.81242E+00 8.09290E+00 7.64143E+00 6.18609E+00 2.25335E+02
6.90316E+00 8.35145E+00 8.80110E+00 9.51478E+00 9.50900E+00 9.50937E+00 9.51640E+00 8.80110E+00 8.35145E+00 6.90316E+00 2.47566E+02
7.64328E+00 9.08481E+00 9.53270E+00 1.02423E+01 1.02365E+01 1.02369E+01 1.02440E+01 9.53271E+00 9.08481E+00 7.64328E+00 2.70550E+02
8.40554E+00 9.84056E+00 1.02868E+01 1.09924E+01 1.09866E+01 1.09870E+01 1.09941E+01 1.02868E+01 9.84056E+00 8.40554E+00 2.94249E+02
9.18906E+00 1.06178E+01 1.10624E+01 1.17643E+01 1.17585E+01 1.17589E+01 1.17660E+01 1.10624E+01 1.06178E+01 9.18906E+00 3.18626E+02
9.99302E+00 1.14157E+01 1.18587E+01 1.25570E+01 1.25512E+01 1.25516E+01 1.25588E+01 1.18588E+01 1.14157E+01 9.99302E+00 3.43644E+02
1.08166E+01 1.22335E+01 1.26750E+01 1.33697E+01 1.33639E+01 1.33643E+01 1.33716E+01 1.26750E+01 1.22335E+01 1.08166E+01 3.69271E+02
1.16591E+01 1.30703E+01 1.35104E+01 1.42017E+01 1.41959E+01 1.41963E+01 1.42036E+01 1.35104E+01 1.30703E+01 1.16591E+01 3.95474E+02
1.25197E+01 1.39255E+01 1.43641E+01 1.50522E+01 1.50464E+01 1.50468E+01 1.50541E+01 1.43641E+01 1.39255E+01 1.25197E+01 4.22221E+02
1.33978E+01 1.47983E+01 1.52356E+01 1.59204E+01 1.59146E+01 1.59151E+01 1.59224E+01 1.52356E+01 1.47983E+01 1.33978E+01 4.49482E+02
1.42927E+01 1.56881E+01 1.61240E+01 1.68058E+01 1.68000E+01 1.68005E+01 1.68078E+01 1.61240E+01 1.56881E+01 1.42927E+01 4.77230E+02
1.52038E+01 1.65942E+01 1.70288E+01 1.77076E+01 1.77018E+01 1.77023E+01 1.77097E+01 1.70288E+01 1.65942E+01 1.52038E+01 5.05436E+02
1.61303E+01 1.75159E+01 1.79493E+01 1.86252E+01 1.86194E+01 1.86199E+01 1.86273E+01 1.79493E+01 1.75159E+01 1.61303E+01 5.34077E+02
1.70719E+01 1.84528E+01 1.88849E+01 1.95581E+01 1.95522E+01 1.95528E+01 1.95602E+01 1.88849E+01 1.84528E+01 1.70719E+01 5.63126E+02
1.80278E+01 1.94042E+01 1.98351E+01 2.05055E+01 2.04997E+01 2.05002E+01 2.05077E+01 1.98351E+01 1.94042E+01 1.80278E+01 5.92560E+02
1.89976E+01 2.03695E+01 2.07993E+01 2.14671E+01 2.14612E+01 2.14618E+01 2.14693E+01 2.07993E+01 2.03695E+01 1.89976E+01 6.22358E+02
1.99807E+01 2.13483E+01 2.17770E+01 2.24422E+01 2.24363E+01 2.24369E+01 2.24444E+01 2.17770E+01 2.13483E+01 1.99807E+01 6.52497E+02
2.09766E+01 2.23400E+01 2.27676E+01 2.34303E+01 2.34244E+01 2.34250E+01 2.34326E+01 2.27676E+01 2.23400E+01 2.09766E+01 6.82958E+02
2.19849E+01 2.33442E+01 2.37707E+01 2.44309E+01 2.44251E+01 2.44257E+01 2.44333E+01 2.37707E+01 2.33442E+01 2.19849E+01 7.13722E+02
2.30051E+01 2.43604E+01 2.47858E+01 2.54437E+01 2.54378E+01 2.54384E+01 2.54461E+01 2.47858E+01 2.43604E+01 2.30051E+01 7.44770E+02
2.40367E+01 2.53880E+01 2.58125E+01 2.64680E+01 2.64621E+01 2.64628E+01 2.64704E+01 2.58125E+01 2.53880E+01 2.40367E+01 7.76085E+02
2.50793E+01 2.64268E+01 2.68503E+01 2.75036E+01 2.74977E+01 2.74983E+01 2.75060E+01 2.68503E+01 2.64268E+01 2.50793E+01 8.07650E+02
2.61325E+01 2.74763E+01 2.78988E+01 2.85498E+01 2.85439E+01 2.85446E+01 2.85523E+01 2.78988E+01 2.74763E+01 2.61325E+01 8.39449E+02
2.71959E+01 2.85360E+01 2.89576E+01 2.96065E+01 2.96006E+01 2.96013E+01 2.96090E+01 2.89576E+01 2.85360E+01 2.71959E+01 8.71468E+02
2.82691E+01 2.96057E+01 3.00263E+01 3.06731E+01 3.06672E+01 3.06679E+01 3.06756E+01 3.00263E+01 2.96057E+01 2.82691E+01 9.03692E+02
2.93517E+01 3.06848E+01 3.11045E+01 3.17492E+01 3.17433E+01 3.17441E+01 3.17518E+01 3.11045E+01 3.06848E+01 2.93517E+01 9.36108E+02
3.04434E+01 3.17731E+01 3.21920E+01 3.28347E+01 3.28287E+01 3.28295E+01 3.28373E+01 3.21920E+01 3.17731E+01 3.04434E+01 9.68702E+02
3.15439E+01 3.28703E+01 3.32882E+01 3.39289E+01 3.39230E+01 3.39238E+01 3.39316E+01 3.32882E+01 3.28703E+01 3.15439E+01 1.00146E+03
3.26528E+01 3.39759E+01 3.43930E+01 3.50317E+01 3.50258E+01 3.50266E+01 3.50345E+01 3.43930E+01 3.39759E+01 3.26528E+01 1.03438E+03
3.37697E+01 3.50896E+01 3.55059E+01 3.61428E+01 3.61369E+01 3.61376E+01 3.61455E+01 3.55059E+01 3.50896E+01 3.37697E+01 1.06744E+03
3.48945E+01 3.62112E+01 3.66267E+01 3.72617E+01 3.72558E+01 3.72566E+01 3.72645E+01 3.66267E+01 3.62112E+01 3.48945E+01 1.10063E+03
0.00000E+00 0.00000E+00 4.18687E-01 1.19892E+00 1.19325E+00 1.19329E+00 1.19954E+00 4.18690E-01 0.00000E+00 0.00000E+00 -2.07250E+00
0.00000E+00 0.00000E+00 4.48145E-01 1.20998E+00 1.20427E+00 1.20434E+00 1.21072E+00 4.48148E-01 0.00000E+00 0.00000E+00 -5.62214E-01
0.00000E+00 7.08110E-02 5.36958E-01 1.28375E+00 1.27801E+00 1.27811E+00 1.28460E+00 5.36960E-01 7.08110E-02 0.00000E+00 1.76310E+00
0.00000E+00 2.16634E-01 6.77263E-01 1.41119E+00 1.40542E+00 1.40555E+00 1.41215E+00 6.77265E-01 2.16634E-01 0.00000E+00 5.04159E+00
0.00000E+00 4.08159E-01 8.63930E-01 1.58658E+00 1.58077E+00 1.58093E+00 1.58762E+00 8.63931E-01 4.08159E-01 0.00000E+00 9.42598E+00
0.00000E+00 6.40814E-01 1.09225E+00 1.80485E+00 1.79903E+00 1.79922E+00 1.80599E+00 1.09225E+00 6.40814E-01 0.00000E+00 1.49739E+01
0.00000E+00 9.10876E-01 1.35840E+00 2.06197E+00 2.05613E+00 2.05634E+00 2.06320E+00 1.35840E+00 9.10876E-01 0.00000E+00 2.17041E+01
0.00000E+00 1.21528E+00 1.65924E+00 2.35461E+00 2.34874E+00 2.34898E+00 2.35591E+00 1.65924E+00 1.21528E+00 0.00000E+00 2.96082E+01
1.25307E-01 1.53710E+00 1.97780E+00 2.66570E+00 2.65982E+00 2.66008E+00 2.66709E+00 1.97780E+00 1.53710E+00 1.25307E-01 3.85941E+01
4.69008E-01 1.86929E+00 2.30700E+00 2.98804E+00 2.98214E+00 2.98243E+00 2.98950E+00 2.30700E+00 1.86929E+00 4.69008E-01 4.85304E+01
8.44094E-01 2.23363E+00 2.66853E+00 3.34317E+00 3.33727E+00 3.33758E+00 3.34471E+00 2.66853E+00 2.23363E+00 8.44094E-01 5.94618E+01
1.24880E+00 2.62825E+00 3.06052E+00 3.72918E+00 3.72326E+00 3.72359E+00 3.73079E+00 3.06053E+00 2.62825E+00 1.24880E+00 7.13541E+01
1.68153E+00 3.05149E+00 3.48128E+00 4.14431E+00 4.13838E+00 4.13874E+00 4.14599E+00 3.48129E+00 3.05149E+00 1.68153E+00 8.41693E+01
2.14082E+00 3.50180E+00 3.92926E+00 4.58698E+00 4.58104E+00 4.58142E+00 4.58873E+00 3.92926E+00 3.50180E+00 2.14082E+00 9.78675E+01
2.62531E+00 3.97780E+00 4.40304E+00 5.05574E+00 5.04979E+00 5.05019E+00 5.05756E+00 4.40304E+00 3.97780E+00 2.62531E+00 1.12408E+02
3.13375E+00 4.47818E+00 4.90131E+00 5.54926E+00 5.54330E+00 5.54372E+00 5.55114E+00 4.90131E+00 4.47818E+00 3.13375E+00 1.27749E+02
3.66498E+00 5.00174E+00 5.42287E+00 6.06630E+00 6.06033E+00 6.06077E+00 6.06824E+00 5.42287E+00 5.00174E+00 3.66498E+00 1.43850E+02
4.21792E+00 5.54736E+00 5.96658E+00 6.60570E+00 6.59972E+00 6.60019E+00 6.60771E+00 5.96658E+00 5.54736E+00 4.21792E+00 1.60671E+02
4.79156E+00 6.11400E+00 6.53139E+00 7.16640E+00 7.16042E+00 7.16091E+00 7.16848E+00 6.53139E+00 6.11400E+00 4.79156E+00 1.78173E+02
5.38493E+00 6.70068E+00 7.11631E+00 7.74740E+00 7.74141E+00 7.74192E+00 7.74954E+00 7.11632E+00 6.70068E+00 5.38493E+00 1.96318E+02
5.99715E+00 7.30647E+00 7.72043E+00 8.34776E+00 8.34176E+00 8.34229E+00 8.34995E+00 7.72043E+00 7.30647E+00 5.99715E+00 2.15070E+02
6.62736E+00 7.93051E+00 8.34285E+00 8.96657E+00 8.96057E+00 8.96112E+00 8.96883E+00 8.34285E+00 7.93051E+00 6.62736E+00 2.34394E+02
7.27476E+00 8.57198E+00 8.98276E+00 9.60302E+00 9.59701E+00 9.59758E+00 9.60533E+00 8.98277E+00 8.57198E+00 7.27476E+00 2.54257E+02
7.93859E+00 9.23009E+00 9.63938E+00 1.02563E+01 1.02503E+01 1.02509E+01 1.02587E+01 9.63938E+00 9.23009E+00 7.93859E+00 2.74626E+02
8.61813E+00 9.90412E+00 1.03120E+01 1.09257E+01 1.09197E+01 1.09203E+01 1.09281E+01 1.03120E+01 9.90412E+00 8.61813E+00 2.95471E+02
9.31269E+00 1.05934E+01 1.09998E+01 1.16104E+01 1.16044E+01 1.16050E+01 1.16129E+01 1.09998E+01 1.05934E+01 9.31269E+00 3.16763E+02
1.00216E+01 1.12971E+01 1.17023E+01 1.23099E+01 1.23038E+01 1.23045E+01 1.23124E+01 1.17023E+01 1.12971E+01 1.00216E+01 3.38476E+02
1.07443E+01 1.20149E+01 1.24187E+01 1.30234E+01 1.30174E+01 1.30180E+01 1.30260E+01 1.24187E+01 1.20149E+01 1.07443E+01 3.60582E+02
1.14802E+01 1.27459E+01 1.31484E+01 1.37504E+01 1.37443E+01 1.37450E+01 1.37530E+01 1.31484E+01 1.27459E+01 1.14802E+01 3.83057E+02
1.22286E+01 1.34897E+01 1.38910E+01 1.44902E+01 1.44842E+01 1.44849E+01 1.44929E+01 1.38910E+01 1.34897E+01 1.22286E+01 4.05878E+02
1.29891E+01 1.42456E+01 1.46457E+01 1.52424E+01 1.52363E+01 1.52370E+01 1.52451E+01 1.46457E+01 1.42456E+01 1.29891E+01 4.29022E+02
1.37611E+01 1.50133E+01 1.54122E+01 1.60063E+01 1.60002E+01 1.60010E+01 1.60091E+01 1.54122E+01 1.50133E+01 1.37611E+01 4.52469E+02
1.45442E+01 1.57921E+01 1.61899E+01 1.67815E+01 1.67755E+01 1.67762E+01 1.67844E+01 1.61899E+01 1.57921E+01 1.45442E+01 4.76198E+02
1.53379E+01 1.65816E+01 1.69783E+01 1.75675E+01 1.75615E+01 1.75623E+01 1.75704E+01 1.69783E+01 1.65816E+01 1.53379E+01 5.00191E+02
1.61417E+01 1.73813E+01 1.77770E+01 1.83639E+01 1.83578E+01 1.83586E+01 1.83668E+01 1.77770E+01 1.73813E+01 1.61417E+01 5.24429E+02
1.69552E+01 1.81909E+01 1.85855E+01 1.91701E+01 1.91641E+01 1.91649E+01 1.91732E+01 1.85856E+01 1.81909E+01 1.69552E+01 5.48896E+02
1.77780E+01 1.90098E+01 1.94035E+01 1.99859E+01 1.99798E+01 1.99807E+01 1.99889E+01 1.94035E+01 1.90098E+01 1.77780E+01 5.73576E+02
1.86096E+01 1.98378E+01 2.02304E+01 2.08107E+01 2.08046E+01 2.08055E+01 2.08138E+01 2.02304E+01 1.98378E+01 1.86096E+01 5.98454E+02
1.94498E+01 2.06743E+01 2.10660E+01 2.16442E+01 2.16381E+01 2.16390E+01 2.16473E+01 2.10660E+01 2.06743E+01 1.94498E+01 6.23515E+02
2.02982E+01 2.15191E+01 2.19099E+01 2.24860E+01 2.24799E+01 2.24808E+01 2.24891E+01 2.19099E+01 2.15191E+01 2.02982E+01 6.48745E+02
2.11543E+01 2.23717E+01 2.27616E+01 2.33357E+01 2.33296E+01 2.33305E+01 2.33389E+01 2.27616E+01 2.23717E+01 2.11543E+01 6.74132E+02
2.20179E+01 2.32319E+01 2.36209E+01 2.41931E+01 2.41870E+01 2.41879E+01 2.41963E+01 2.36209E+01 2.32319E+01 2.20179E+01 6.99664E+02
2.28887E+01 2.40994E+01 2.44875E+01 2.50577E+01 2.50516E+01 2.50526E+01 2.50610E+01 2.44875E+01 2.40994E+01 2.28887E+01 7.25329E+02
2.37663E+01 2.49737E+01 2.53609E+01 2.59293E+01 2.59233E+01 2.59242E+01 2.59327E+01 2.53609E+01 2.49737E+01 2.37663E+01 7.51116E+02
2.46504E+01 2.58547E+01 2.62410E+01 2.68076E+01 2.68015E+01 2.68025E+01 2.68110E+01 2.62410E+01 2.58547E+01 2.46504E+01 7.77014E+02
2.55408E+01 2.67419E+01 2.71275E+01 2.76923E+01 2.76862E+01 2.76872E+01 2.76958E+01 2.71275E+01 2.67419E+01 2.55408E+01 8.03015E+02
2.64371E+01 2.76352E+01 2.80200E+01 2.85831E+01 2.85770E+01 2.85780E+01 2.85866E+01 2.80200E+01 2.76352E+01 2.64371E+01 8.29108E+02
2.73392E+01 2.85343E+01 2.89183E+01 2.94797E+01 2.94736E+01 2.94746E+01 2.94832E+01 2.89183E+01 2.85343E+01 2.73392E+01 8.55284E+02
2.82468E+01 2.94390E+01 2.98222E+01 3.03819E+01 3.03758E+01 3.03769E+01 3.03855E+01 2.98222E+01 2.94390E+01 2.82468E+01 8.81537E+02
2.91595E+01 3.03489E+01 3.07313E+01 3.12894E+01 3.12833E+01 3.12844E+01 3.12930E+01 3.07313E+01 3.03489E+01 2.91595E+01 9.07856E+02
0.00000E+00 0.00000E+00 3.81136E-01 1.06703E+00 1.06109E+00 1.06118E+00 1.06794E+00 3.81137E-01 0.00000E+00 0.00000E+00 -1.94611E+00
0.00000E+00 0.00000E+00 4.11616E-01 1.08129E+00 1.07531E+00 1.07544E+00 1.08235E+00 4.11618E-01 0.00000E+00 0.00000E+00 -5.27671E-01
0.00000E+00 6.68532E-02 4.96008E-01 1.15242E+00 1.14641E+00 1.14658E+00 1.15362E+00 4.96010E-01 6.68532E-02 0.00000E+00 1.65773E+00
0.00000E+00 2.02080E-01 6.26156E-01 1.27123E+00 1.26519E+00 1.26540E+00 1.27255E+00 6.26157E-01 2.02080E-01 0.00000E+00 4.71892E+00
0.00000E+00 3.77234E-01 7.96837E-01 1.43196E+00 1.42590E+00 1.42615E+00 1.43340E+00 7.96838E-01 3.77234E-01 0.00000E+00 8.77686E+00
0.00000E+00 5.87832E-01 1.00344E+00 1.62972E+00 1.62364E+00 1.62392E+00 1.63127E+00 1.00344E+00 5.87832E-01 0.00000E+00 1.38643E+01
0.00000E+00 8.30301E-01 1.24231E+00 1.86062E+00 1.85453E+00 1.85484E+00 1.86229E+00 1.24231E+00 8.30301E-01 0.00000E+00 1.99807E+01
0.00000E+00 1.10174E+00 1.51046E+00 2.12155E+00 2.11544E+00 2.11579E+00 2.12332E+00 1.51046E+00 1.10174E+00 0.00000E+00 2.71038E+01
1.12047E-01 1.38806E+00 1.79379E+00 2.39829E+00 2.39217E+00 2.39255E+00 2.40016E+00 1.79379E+00 1.38806E+00 1.12047E-01 3.51233E+01
4.17942E-01 1.68346E+00 2.08643E+00 2.68489E+00 2.67876E+00 2.67916E+00 2.68685E+00 2.08643E+00 1.68346E+00 4.17942E-01 4.39049E+01
7.49764E-01 2.00547E+00 2.40586E+00 2.99869E+00 2.99255E+00 2.99299E+00 3.00075E+00 2.40586E+00 2.00547E+00 7.49764E-01 5.35067E+01
1.10587E+00 2.35238E+00 2.75035E+00 3.33790E+00 3.33175E+00 3.33222E+00 3.34005E+00 2.75035E+00 2.35238E+00 1.10587E+00 6.38926E+01
1.48477E+00 2.72263E+00 3.11831E+00 3.70091E+00 3.69475E+00 3.69525E+00 3.70315E+00 3.11832E+00 2.72263E+00 1.48477E+00 7.50242E+01
1.88514E+00 3.11481E+00 3.50834E+00 4.08626E+00 4.08010E+00 4.08063E+00 4.08859E+00 3.50835E+00 3.11481E+00 1.88514E+00 8.68625E+01
2.30573E+00 3.52765E+00 3.91915E+00 4.49265E+00 4.48648E+00 4.48704E+00 4.49506E+00 3.91915E+00 3.52765E+00 2.30573E+00 9.93684E+01
2.74542E+00 3.95999E+00 4.34954E+00 4.91886E+00 4.91268E+00 4.91327E+00 4.92136E+00 4.34955E+00 3.95999E+00 2.74542E+00 1.12504E+02
3.20317E+00 4.41074E+00 4.79845E+00 5.36378E+00 5.35760E+00 5.35822E+00 5.36636E+00 4.79845E+00 4.41074E+00 3.20317E+00 1.26230E+02
3.67801E+00 4.87891E+00 5.26485E+00 5.82640E+00 5.82021E+00 5.82086E+00 5.82906E+00 5.26486E+00 4.87891E+00 3.67801E+00 1.40513E+02
4.16905E+00 5.36357E+00 5.74783E+00 6.30576E+00 6.29957E+00 6.30025E+00 6.30850E+00 5.74783E+00 5.36357E+00 4.16905E+00 1.55315E+02
4.67545E+00 5.86386E+00 6.24651E+00 6.80098E+00 6.79478E+00 6.79549E+00 6.80380E+00 6.24651E+00 5.86386E+00 4.67545E+00 1.70606E+02
5.19642E+00 6.37897E+00 6.76007E+00 7.31123E+00 7.30503E+00 7.30577E+00 7.31413E+00 6.76007E+00 6.37897E+00 5.19642E+00 1.86351E+02
5.73123E+00 6.90815E+00 7.28777E+00 7.83575E+00 7.82955E+00 7.83031E+00 7.83872E+00 7.28777E+00 6.90815E+00 5.73123E+00 2.02523E+02
6.27918E+00 7.45069E+00 7.82887E+00 8.37381E+00 8.36760E+00 8.36839E+00 8.37685E+00 7.82887E+00 7.45069E+00 6.27918E+00 2.19091E+02
6.83961E+00 8.00591E+00 8.38272E+00 8.92472E+00 8.91851E+00 8.91933E+00 8.92783E+00 8.38272E+00 8.00591E+00 6.83961E+00 2.36028E+02
7.41192E+00 8.57319E+00 8.94867E+00 9.48784E+00 9.48163E+00 9.48248E+00 9.49103E+00 8.94867E+00 8.57319E+00 7.41192E+00 2.53310E+02
7.99552E+00 9.15194E+00 9.52613E+00 1.00626E+01 1.00564E+01 1.00572E+01 1.00658E+01 9.52613E+00 9.15194E+00 7.99552E+00 2.70912E+02
8.58985E+00 9.74158E+00 1.01145E+01 1.06483E+01 1.06421E+01 1.06430E+01 1.06517E+01 1.01145E+01 9.74158E+00 8.58985E+00 2.88812E+02
9.19440E+00 1.03416E+01 1.07133E+01 1.12446E+01 1.12384E+01 1.12393E+01 1.12480E+01 1.07133E+01 1.03416E+01 9.19440E+00 3.06987E+02
9.80866E+00 1.09515E+01 1.13220E+01 1.18509E+01 1.18446E+01 1.18456E+01 1.18543E+01 1.13220E+01 1.09515E+01 9.80866E+00 3.25419E+02
1.04322E+01 1.15707E+01 1.19402E+01 1.24666E+01 1.24604E+01 1.24614E+01 1.24701E+01 1.19402E+01 1.15707E+01 1.04322E+01 3.44086E+02
1.10645E+01 1.21989E+01 1.25672E+01 1.30914E+01 1.30851E+01 1.30861E+01 1.30950E+01 1.25672E+01 1.21989E+01 1.10645E+01 3.62973E+02
1.17052E+01 1.28355E+01 1.32028E+01 1.37247E+01 1.37185E+01 1.37195E+01 1.37284E+01 1.32028E+01 1.28355E+01 1.17052E+01 3.82062E+02
1.23538E+01 1.34803E+01 1.38465E+01 1.43663E+01 1.43600E+01 1.43611E+01 1.43700E+01 1.38465E+01 1.34803E+01 1.23538E+01 4.01336E+02
1.30100E+01 1.41327E+01 1.44980E+01 1.50156E+01 1.50093E+01 1.50104E+01 1.50194E+01 1.44980E+01 1.41327E+01 1.30100E+01 4.20782E+02
1.36735E+01 1.47925E+01 1.51567E+01 1.56723E+01 1.56661E+01 1.56672E+01 1.56761E+01 1.51567E+01 1.47925E+01 1.36735E+01 4.40385E+02
1.43437E+01 1.54592E+01 1.58225E+01 1.63360E+01 1.63298E+01 1.63309E+01 1.63400E+01 1.58225E+01 1.54592E+01 1.43437E+01 4.60132E+02
1.50206E+01 1.61325E+01 1.64949E+01 1.70065E+01 1.70003E+01 1.70014E+01 1.70105E+01 1.64949E+01 1.61325E+01 1.50206E+01 4.80010E+02
1.57036E+01 1.68121E+01 1.71736E+01 1.76833E+01 1.76771E+01 1.76783E+01 1.76874E+01 1.71736E+01 1.68121E+01 1.57036E+01 5.00008E+02
1.63925E+01 1.74977E+01 1.78583E+01 1.83662E+01 1.83600E+01 1.83612E+01 1.83703E+01 1.78583E+01 1.74977E+01 1.63925E+01 5.20114E+02
1.70871E+01 1.81890E+01 1.85487E+01 1.90548E+01 1.90486E+01 1.90498E+01 1.90590E+01 1.85487E+01 1.81890E+01 1.70871E+01 5.40319E+02
1.77870E+01 1.88857E+01 1.92446E+01 1.97489E+01 1.97427E+01 1.97439E+01 1.97531E+01 1.92446E+01 1.88857E+01 1.77870E+01 5.60612E+02
1.84919E+01 1.95875E+01 1.99456E+01 2.04482E+01 2.04420E+01 2.04433E+01 2.04525E+01 1.99456E+01 1.95875E+01 1.84919E+01 5.80984E+02
1.92017E+01 2.02943E+01 2.06515E+01 2.11525E+01 2.11462E+01 2.11475E+01 2.11568E+01 2.06515E+01 2.02943E+01 1.92017E+01 6.01427E+02
1.99160E+01 2.10056E+01 2.13621E+01 2.18614E+01 2.18552E+01 2.18565E+01 2.18658E+01 2.13621E+01 2.10056E+01 1.99160E+01 6.21932E+02
2.06346E+01 2.17214E+01 2.20771E+01 2.25748E+01 2.25686E+01 2.25699E+01 2.25793E+01 2.20771E+01 2.17214E+01 2.06346E+01 6.42492E+02
2.13574E+01 2.24413E+01 2.27963E+01 2.32924E+01 2.32862E+01 2.32876E+01 2.32969E+01 2.27963E+01 2.24413E+01 2.13574E+01 6.63099E+02
2.20841E+01 2.31652E+01 2.35194E+01 2.40140E+01 2.40078E+01 2.40092E+01 2.40186E+01 2.35194E+01 2.31652E+01 2.20841E+01 6.83747E+02
2.28144E+01 2.38928E+01 2.42463E+01 2.47395E+01 2.47332E+01 2.47346E+01 2.47441E+01 2.42463E+01 2.38928E+01 2.28144E+01 7.04429E+02
2.35483E+01 2.46240E+01 2.49768E+01 2.54685E+01 2.54622E+01 2.54637E+01 2.54731E+01 2.49768E+01 2.46240E+01 2.35483E+01 7.25139E+02
2.42855E+01 2.53586E+01 2.57107E+01 2.62009E+01 2.61947E+01 2.61961E+01 2.62056E+01 2.57107E+01 2.53586E+01 2.42855E+01 7.45871E+02
0.00000E+00 0.00000E+00 3.46355E-01 9.48979E-01 9.42766E-01 9.42891E-01 9.50200E-01 3.46356E-01 0.00000E+00 0.00000E+00 -1.83508E+00
0.00000E+00 0.00000E+00 3.77987E-01 9.66318E-01 9.60075E-01 9.60254E-01 9.67732E-01 3.77988E-01 0.00000E+00 0.00000E+00 -4.96169E-01
0.00000E+00 6.31757E-02 4.58282E-01 1.03493E+00 1.02867E+00 1.02890E+00 1.03652E+00 4.58282E-01 6.31757E-02 0.00000E+00 1.56336E+00
0.00000E+00 1.88559E-01 5.78988E-01 1.14565E+00 1.13937E+00 1.13965E+00 1.14740E+00 5.78988E-01 1.88559E-01 0.00000E+00 4.42443E+00
0.00000E+00 3.48604E-01 7.34915E-01 1.29282E+00 1.28652E+00 1.28685E+00 1.29472E+00 7.34916E-01 3.48604E-01 0.00000E+00 8.17920E+00
0.00000E+00 5.38991E-01 9.21626E-01 1.47174E+00 1.46543E+00 1.46580E+00 1.47379E+00 9.21627E-01 5.38991E-01 0.00000E+00 1.28390E+01
0.00000E+00 7.56335E-01 1.13565E+00 1.67876E+00 1.67244E+00 1.67286E+00 1.68095E+00 1.13565E+00 7.56335E-01 0.00000E+00 1.83876E+01
0.00000E+00 9.97927E-01 1.37422E+00 1.91097E+00 1.90464E+00 1.90510E+00 1.91329E+00 1.37422E+00 9.97927E-01 0.00000E+00 2.47922E+01
9.99740E-02 1.25213E+00 1.62566E+00 2.15662E+00 2.15028E+00 2.15079E+00 2.15907E+00 1.62567E+00 1.25213E+00 9.99740E-02 3.19302E+01
3.71603E-01 1.51419E+00 1.88518E+00 2.41082E+00 2.40447E+00 2.40502E+00 2.41339E+00 1.88518E+00 1.51419E+00 3.71603E-01 3.96685E+01
6.64438E-01 1.79808E+00 2.16670E+00 2.68738E+00 2.68102E+00 2.68162E+00 2.69007E+00 2.16670E+00 1.79808E+00 6.64438E-01 4.80755E+01
9.76968E-01 2.10222E+00 2.46861E+00 2.98465E+00 2.97829E+00 2.97893E+00 2.98746E+00 2.46861E+00 2.10222E+00 9.76968E-01 5.71147E+01
1.30784E+00 2.42520E+00 2.78949E+00 3.30116E+00 3.29480E+00 3.29548E+00 3.30409E+00 2.78949E+00 2.42520E+00 1.30784E+00 6.67486E+01
1.65585E+00 2.76575E+00 3.12805E+00 3.63562E+00 3.62925E+00 3.62998E+00 3.63866E+00 3.12805E+00 2.76575E+00 1.65585E+00 7.69401E+01
2.01989E+00 3.12272E+00 3.48315E+00 3.98683E+00 3.98046E+00 3.98123E+00 3.98998E+00 3.48315E+00 3.12272E+00 2.01989E+00 8.76529E+01
2.39896E+00 3.49509E+00 3.85372E+00 4.35372E+00 4.34735E+00 4.34816E+00 4.35698E+00 3.85373E+00 3.49509E+00 2.39896E+00 9.88520E+01
2.79214E+00 3.88188E+00 4.23882E+00 4.73532E+00 4.72895E+00 4.72979E+00 4.73868E+00 4.23882E+00 3.88188E+00 2.79214E+00 1.10503E+02
3.19858E+00 4.28224E+00 4.63755E+00 5.13072E+00 5.12435E+00 5.12523E+00 5.13419E+00 4.63755E+00 4.28224E+00 3.19858E+00 1.22575E+02
3.61751E+00 4.69534E+00 5.04910E+00 5.53909E+00 5.53272E+00 5.53364E+00 5.54266E+00 5.04910E+00 4.69534E+00 3.61751E+00 1.35037E+02
4.04818E+00 5.12045E+00 5.47272E+00 5.95967E+00 5.95330E+00 5.95426E+00 5.96334E+00 5.47272E+00 5.12045E+00 4.04818E+00 1.47859E+02
4.48994E+00 5.55686E+00 5.90771E+00 6.39175E+00 6.38537E+00 6.38637E+00 6.39552E+00 5.90771E+00 5.55686E+00 4.48994E+00 1.61016E+02
4.94214E+00 6.00392E+00 6.35340E+00 6.83465E+00 6.82828E+00 6.82932E+00 6.83852E+00 6.35341E+00 6.00392E+00 4.94214E+00 1.74480E+02
5.40419E+00 6.46104E+00 6.80920E+00 7.28777E+00 7.28140E+00 7.28247E+00 7.29173E+00 6.80921E+00 6.46104E+00 5.40419E+00 1.88229E+02
5.87554E+00 6.92764E+00 7.27453E+00 7.75052E+00 7.74415E+00 7.74526E+00 7.75458E+00 7.27454E+00 6.92764E+00 5.87554E+00 2.02239E+02
6.35568E+00 7.40319E+00 7.74886E+00 8.22237E+00 8.21599E+00 8.21714E+00 8.22651E+00 7.74886E+00 7.40319E+00 6.35568E+00 2.16490E+02
6.84411E+00 7.88719E+00 8.23168E+00 8.70279E+00 8.69642E+00 8.69760E+00 8.70703E+00 8.23168E+00 7.88719E+00 6.84411E+00 2.30961E+02
7.34037E+00 8.37917E+00 8.72251E+00 9.19131E+00 9.18495E+00 9.18617E+00 9.19564E+00 8.72252E+00 8.37917E+00 7.34037E+00 2.45635E+02
7.84402E+00 8.87869E+00 9.22092E+00 9.68749E+00 9.68112E+00 9.68238E+00 9.69190E+00 9.22092E+00 8.87869E+00 7.84402E+00 2.60493E+02
8.35467E+00 9.38532E+00 9.72648E+00 1.01909E+01 1.01845E+01 1.01858E+01 1.01954E+01 9.72649E+00 9.38532E+00 8.35467E+00 2.75521E+02
8.87191E+00 9.89868E+00 1.02388E+01 1.07011E+01 1.06948E+01 1.06961E+01 1.07057E+01 1.02388E+01 9.89868E+00 8.87191E+00 2.90702E+02
9.39538E+00 1.04184E+01 1.07575E+01 1.12178E+01 1.12114E+01 1.12128E+01 1.12225E+01 1.07575E+01 1.04184E+01 9.39538E+00 3.06022E+02
9.92474E+00 1.09441E+01 1.12822E+01 1.17405E+01 1.17342E+01 1.17356E+01 1.17453E+01 1.12822E+01 1.09441E+01 9.92474E+00 3.21469E+02
1.04597E+01 1.14754E+01 1.18126E+01 1.22690E+01 1.22627E+01 1.22641E+01 1.22739E+01 1.18126E+01 1.14754E+01 1.04597E+01 3.37030E+02
1.09998E+01 1.20121E+01 1.23484E+01 1.28030E+01 1.27966E+01 1.27981E+01 1.28079E+01 1.23484E+01 1.20121E+01 1.09998E+01 3.52693E+02
1.15449E+01 1.25539E+01 1.28892E+01 1.33420E+01 1.33357E+01 1.33371E+01 1.33470E+01 1.28892E+01 1.25539E+01 1.15449E+01 3.68447E+02
1.20947E+01 1.31004E+01 1.34349E+01 1.38859E+01 1.38795E+01 1.38811E+01 1.38910E+01 1.34349E+01 1.31004E+01 1.20947E+01 3.84283E+02
1.26489E+01 1.36514E+01 1.39850E+01 1.44343E+01 1.44280E+01 1.44295E+01 1.44395E+01 1.39850E+01 1.36514E+01 1.26489E+01 4.00191E+02
1.32072E+01 1.42066E+01 1.45394E+01 1.49870E+01 1.49807E+01 1.49823E+01 1.49923E+01 1.45394E+01 1.42066E+01 1.32072E+01 4.16162E+02
1.37695E+01 1.47658E+01 1.50978E+01 1.55438E+01 1.55375E+01 1.55391E+01 1.55491E+01 1.50978E+01 1.47658E+01 1.37695E+01 4.32187E+02
1.43354E+01 1.53288E+01 1.56599E+01 1.61044E+01 1.60980E+01 1.60997E+01 1.61098E+01 1.56599E+01 1.53288E+01 1.43354E+01 4.48260E+02
1.49048E+01 1.58952E+01 1.62256E+01 1.66685E+01 1.66622E+01 1.66639E+01 1.66740E+01 1.62256E+01 1.58952E+01 1.49048E+01 4.64372E+02
1.54774E+01 1.64650E+01 1.67947E+01 1.72361E+01 1.72297E+01 1.72315E+01 1.72416E+01 1.67947E+01 1.64650E+01 1.54774E+01 4.80518E+02
1.60531E+01 1.70380E+01 1.73669E+01 1.78068E+01 1.78005E+01 1.78022E+01 1.78124E+01 1.73669E+01 1.70380E+01 1.60531E+01 4.96690E+02
1.66316E+01 1.76138E+01 1.79420E+01 1.83805E+01 1.83741E+01 1.83759E+01 1.83862E+01 1.79420E+01 1.76138E+01 1.66316E+01 5.12883E+02
1.72129E+01 1.81924E+01 1.85199E+01 1.89570E+01 1.89506E+01 1.89524E+01 1.89627E+01 1.85199E+01 1.81924E+01 1.72129E+01 5.29091E+02
1.77966E+01 1.87736E+01 1.91003E+01 1.95360E+01 1.95297E+01 1.95316E+01 1.95419E+01 1.91003E+01 1.87736E+01 1.77966E+01 5.45309E+02
1.83827E+01 1.93571E+01 1.96832E+01 2.01176E+01 2.01113E+01 2.01131E+01 2.01235E+01 1.96832E+01 1.93571E+01 1.83827E+01 5.61532E+02
1.89710E+01 1.99429E+01 2.02683E+01 2.07014E+01 2.06951E+01 2.06970E+01 2.07074E+01 2.02683E+01 1.99429E+01 1.89710E+01 5.77756E+02
1.95613E+01 2.05308E+01 2.08556E+01 2.12874E+01 2.12811E+01 2.12830E+01 2.12934E+01 2.08556E+01 2.05308E+01 1.95613E+01 5.93976E+02
2.01536E+01 2.11207E+01 2.14448E+01 2.18753E+01 2.18690E+01 2.18710E+01 2.18815E+01 2.14448E+01 2.11207E+01 2.01536E+01 6.10188E+02
0.00000E+00 0.00000E+00 3.14167E-01 8.43347E-01 8.36870E-01 8.37025E-01 8.44930E-01 3.14167E-01 0.00000E+00 0.00000E+00 -1.73798E+00
0.00000E+00 0.00000E+00 3.47034E-01 8.63638E-01 8.57142E-01 8.57373E-01 8.65473E-01 3.47034E-01 0.00000E+00 0.00000E+00 -4.67038E-01
0.00000E+00 5.97417E-02 4.23505E-01 9.29835E-01 9.23326E-01 9.23629E-01 9.31897E-01 4.23505E-01 5.97417E-02 0.00000E+00 1.47937E+00
0.00000E+00 1.75962E-01 5.35419E-01 1.03297E+00 1.02645E+00 1.02682E+00 1.03524E+00 5.35419E-01 1.75962E-01 0.00000E+00 4.15577E+00
0.00000E+00 3.22058E-01 6.77721E-01 1.16757E+00 1.16104E+00 1.16148E+00 1.17004E+00 6.77721E-01 3.22058E-01 0.00000E+00 7.62859E+00
0.00000E+00 4.93925E-01 8.46203E-01 1.32920E+00 1.32267E+00 1.32317E+00 1.33186E+00 8.46203E-01 4.93925E-01 0.00000E+00 1.18910E+01
0.00000E+00 6.88406E-01 1.03763E+00 1.51447E+00 1.50793E+00 1.50850E+00 1.51731E+00 1.03763E+00 6.88406E-01 0.00000E+00 1.69144E+01
0.00000E+00 9.03002E-01 1.24944E+00 1.72069E+00 1.71415E+00 1.71478E+00 1.72370E+00 1.24944E+00 9.03002E-01 0.00000E+00 2.26583E+01
8.89927E-02 1.12817E+00 1.47207E+00 1.93823E+00 1.93169E+00 1.93238E+00 1.94141E+00 1.47207E+00 1.12817E+00 8.89927E-02 2.89933E+01
3.29599E-01 1.36005E+00 1.70161E+00 2.16309E+00 2.15656E+00 2.15731E+00 2.16644E+00 1.70161E+00 1.36005E+00 3.29599E-01 3.57902E+01
5.87346E-01 1.60964E+00 1.94901E+00 2.40614E+00 2.39961E+00 2.40042E+00 2.40964E+00 1.94901E+00 1.60964E+00 5.87346E-01 4.31253E+01
8.60869E-01 1.87552E+00 2.21283E+00 2.66588E+00 2.65935E+00 2.66022E+00 2.66954E+00 2.21283E+00 1.87552E+00 8.60869E-01 5.09628E+01
1.14896E+00 2.15640E+00 2.49178E+00 2.94100E+00 2.93447E+00 2.93540E+00 2.94481E+00 2.49178E+00 2.15640E+00 1.14896E+00 5.92671E+01
1.45053E+00 2.45117E+00 2.78472E+00 3.23034E+00 3.22381E+00 3.22479E+00 3.23429E+00 2.78473E+00 2.45117E+00 1.45053E+00 6.80040E+01
1.76462E+00 2.75882E+00 3.09064E+00 3.53284E+00 3.52632E+00 3.52736E+00 3.53694E+00 3.09064E+00 2.75882E+00 1.76462E+00 7.71403E+01
2.09035E+00 3.07843E+00 3.40861E+00 3.84758E+00 3.84105E+00 3.84215E+00 3.85181E+00 3.40861E+00 3.07843E+00 2.09035E+00 8.66447E+01
2.42692E+00 3.40917E+00 3.73778E+00 4.17368E+00 4.16716E+00 4.16831E+00 4.17805E+00 3.73778E+00 3.40917E+00 2.42692E+00 9.64873E+01
2.77359E+00 3.75029E+00 4.07740E+00 4.51038E+00 4.50386E+00 4.50506E+00 4.51488E+00 4.07740E+00 3.75029E+00 2.77359E+00 1.06640E+02
3.12969E+00 4.10108E+00 4.42677E+00 4.85695E+00 4.85044E+00 4.85170E+00 4.86159E+00 4.42677E+00 4.10108E+00 3.12969E+00 1.17077E+02
3.49460E+00 4.46092E+00 4.78523E+00 5.21275E+00 5.20624E+00 5.20755E+00 5.21751E+00 4.78523E+00 4.46092E+00 3.49460E+00 1.27774E+02
3.86775E+00 4.82919E+00 5.15219E+00 5.57716E+00 5.57066E+00 5.57201E+00 5.58205E+00 5.15219E+00 4.82919E+00 3.86775E+00 1.38707E+02
4.24861E+00 5.20537E+00 5.52710E+00 5.94962E+00 5.94312E+00 5.94453E+00 5.95464E+00 5.52711E+00 5.20537E+00 4.24861E+00 1.49856E+02
4.63667E+00 5.58893E+00 5.90945E+00 6.32962E+00 6.32313E+00 6.32459E+00 6.33475E+00 5.90945E+00 5.58893E+00 4.63667E+00 1.61201E+02
5.03148E+00 5.97941E+00 6.29876E+00 6.71666E+00 6.71017E+00 6.71169E+00 6.72192E+00 6.29876E+00 5.97941E+00 5.03148E+00 1.72723E+02
5.43261E+00 6.37635E+00 6.69458E+00 7.11030E+00 7.10382E+00 7.10538E+00 7.11568E+00 6.69458E+00 6.37635E+00 5.43261E+00 1.84405E+02
5.83965E+00 6.77936E+00 7.09649E+00 7.51012E+00 7.50364E+00 7.50525E+00 7.51561E+00 7.09649E+00 6.77936E+00 5.83965E+00 1.96231E+02
6.25223E+00 7.18803E+00 7.50411E+00 7.91571E+00 7.90924E+00 7.91089E+00 7.92132E+00 7.50411E+00 7.18803E+00 6.25223E+00 2.08187E+02
6.66999E+00 7.60201E+00 7.91707E+00 8.32671E+00 8.32025E+00 8.32195E+00 8.33243E+00 7.91707E+00 7.60201E+00 6.66999E+00 2.20258E+02
7.09259E+00 8.02096E+00 8.33503E+00 8.74278E+00 8.73632E+00 8.73807E+00 8.74861E+00 8.33503E+00 8.02096E+00 7.09259E+00 2.32433E+02
7.51973E+00 8.44455E+00 8.75766E+00 9.16358E+00 9.15712E+00 9.15892E+00 9.16952E+00 8.75767E+00 8.44455E+00 7.51973E+00 2.44699E+02
7.95111E+00 8.87249E+00 9.18467E+00 9.58881E+00 9.58236E+00 9.58421E+00 9.59486E+00 9.18467E+00 8.87249E+00 7.95111E+00 2.57046E+02
8.38645E+00 9.30449E+00 9.61577E+00 1.00182E+01 1.00117E+01 1.00136E+01 1.00243E+01 9.61577E+00 9.30449E+00 8.38645E+00 2.69463E+02
8.82549E+00 9.74029E+00 1.00507E+01 1.04514E+01 1.04450E+01 1.04469E+01 1.04577E+01 1.00507E+01 9.74029E+00 8.82549E+00 2.81941E+02
9.26798E+00 1.01796E+01 1.04892E+01 1.08883E+01 1.08819E+01 1.08838E+01 1.08947E+01 1.04892E+01 1.01796E+01 9.26798E+00 2.94472E+02
9.71370E+00 1.06223E+01 1.09310E+01 1.13285E+01 1.13221E+01 1.13241E+01 1.13350E+01 1.09310E+01 1.06223E+01 9.71370E+00 3.07046E+02
1.01624E+01 1.10680E+01 1.13759E+01 1.17719E+01 1.17655E+01 1.17676E+01 1.17785E+01 1.13759E+01 1.10680E+01 1.01624E+01 3.19657E+02
1.06139E+01 1.15166E+01 1.18237E+01 1.22182E+01 1.22118E+01 1.22139E+01 1.22249E+01 1.18237E+01 1.15166E+01 1.06139E+01 3.32298E+02
1.10680E+01 1.19678E+01 1.22742E+01 1.26672E+01 1.26608E+01 1.26630E+01 1.26740E+01 1.22742E+01 1.19678E+01 1.10680E+01 3.44962E+02
1.15245E+01 1.24216E+01 1.27272E+01 1.31188E+01 1.31124E+01 1.31146E+01 1.31257E+01 1.27272E+01 1.24216E+01 1.15245E+01 3.57643E+02
1.19833E+01 1.28776E+01 1.31825E+01 1.35727E+01 1.35663E+01 1.35686E+01 1.35797E+01 1.31825E+01 1.28776E+01 1.19833E+01 3.70336E+02
1.24441E+01 1.33358E+01 1.36399E+01 1.40288E+01 1.40224E+01 1.40247E+01 1.40359E+01 1.36399E+01 1.33358E+01 1.24441E+01 3.83035E+02
1.29068E+01 1.37959E+01 1.40993E+01 1.44869E+01 1.44805E+01 1.44829E+01 1.44941E+01 1.40993E+01 1.37959E+01 1.29068E+01 3.95735E+02
1.33712E+01 1.42578E+01 1.45606E+01 1.49469E+01 1.49405E+01 1.49429E+01 1.49542E+01 1.45606E+01 1.42578E+01 1.33712E+01 4.08433E+02
1.38373E+01 1.47214E+01 1.50235E+01 1.54086E+01 1.54022E+01 1.54046E+01 1.54159E+01 1.50235E+01 1.47214E+01 1.38373E+01 4.21124E+02
1.43048E+01 1.51866E+01 1.54880E+01 1.58718E+01 1.58655E+01 1.58679E+01 1.58793E+01 1.54880E+01 1.51866E+01 1.43048E+01 4.33804E+02
1.47737E+01 1.56531E+01 1.59539E+01 1.63365E+01 1.63302E+01 1.63327E+01 1.63441E+01 1.59539E+01 1.56531E+01 1.47737E+01 4.46469E+02
1.52439E+01 1.61209E+01 1.64211E+01 1.68025E+01 1.67962E+01 1.67987E+01 1.68102E+01 1.64211E+01 1.61209E+01 1.52439E+01 4.59117E+02
1.57151E+01 1.65899E+01 1.68894E+01 1.72697E+01 1.72634E+01 1.72659E+01 1.72774E+01 1.68894E+01 1.65899E+01 1.57151E+01 4.71744E+02
1.61873E+01 1.70599E+01 1.73588E+01 1.77380E+01 1.77317E+01 1.77343E+01 1.77458E+01 1.73588E+01 1.70599E+01 1.61873E+01 4.84347E+02
1.66604E+01 1.75308E+01 1.78292E+01 1.82073E+01 1.82009E+01 1.82036E+01 1.82152E+01 1.78292E+01 1.75308E+01 1.66604E+01 4.96924E+02
0.00000E+00 0.00000E+00 2.84417E-01 7.48887E-01 7.42164E-01 7.42360E-01 7.50930E-01 2.84416E-01 0.00000E+00 0.00000E+00 -1.65346E+00
0.00000E+00 0.00000E+00 3.18553E-01 7.71975E-01 7.65247E-01 7.65553E-01 7.74349E-01 3.18552E-01 0.00000E+00 0.00000E+00 -4.39516E-01
0.00000E+00 5.65169E-02 3.91427E-01 8.35826E-01 8.29099E-01 8.29506E-01 8.38499E-01 3.91427E-01 5.65169E-02 0.00000E+00 1.40534E+00
0.00000E+00 1.64191E-01 4.95134E-01 9.31822E-01 9.25097E-01 9.25603E-01 9.34773E-01 4.95134E-01 1.64191E-01 0.00000E+00 3.91101E+00
0.00000E+00 2.97398E-01 6.24847E-01 1.05477E+00 1.04805E+00 1.04865E+00 1.05799E+00 6.24847E-01 2.97398E-01 0.00000E+00 7.12117E+00
0.00000E+00 4.52300E-01 7.76630E-01 1.20055E+00 1.19383E+00 1.19452E+00 1.20401E+00 7.76630E-01 4.52300E-01 0.00000E+00 1.10140E+01
0.00000E+00 6.25988E-01 9.47503E-01 1.36602E+00 1.35931E+00 1.36009E+00 1.36971E+00 9.47503E-01 6.25988E-01 0.00000E+00 1.55517E+01
0.00000E+00 8.16189E-01 1.13514E+00 1.54875E+00 1.54205E+00 1.54291E+00 1.55267E+00 1.13514E+00 8.16189E-01 0.00000E+00 2.06886E+01
7.90148E-02 1.01515E+00 1.33176E+00 1.74090E+00 1.73421E+00 1.73516E+00 1.74504E+00 1.33176E+00 1.01515E+00 7.90148E-02 2.62926E+01
2.91569E-01 1.21974E+00 1.53419E+00 1.93924E+00 1.93256E+00 1.93359E+00 1.94359E+00 1.53419E+00 1.21974E+00 2.91569E-01 3.22416E+01
5.17785E-01 1.43852E+00 1.75096E+00 2.15219E+00 2.14551E+00 2.14663E+00 2.15674E+00 1.75096E+00 1.43852E+00 5.17785E-01 3.86168E+01
7.56447E-01 1.67021E+00 1.98075E+00 2.37840E+00 2.37174E+00 2.37293E+00 2.38316E+00 1.98075E+00 1.67021E+00 7.56447E-01 4.53842E+01
1.00649E+00 1.91368E+00 2.22243E+00 2.61674E+00 2.61008E+00 2.61135E+00 2.62168E+00 2.22244E+00 1.91368E+00 1.00649E+00 5.25110E+01
1.26696E+00 2.16795E+00 2.47502E+00 2.86616E+00 2.85951E+00 2.86086E+00 2.87129E+00 2.47502E+00 2.16795E+00 1.26696E+00 5.99661E+01
1.53702E+00 2.43213E+00 2.73761E+00 3.12576E+00 3.11912E+00 3.12055E+00 3.13108E+00 2.73761E+00 2.43213E+00 1.53702E+00 6.77201E+01
1.81592E+00 2.70545E+00 3.00940E+00 3.39472E+00 3.38810E+00 3.38960E+00 3.40023E+00 3.00941E+00 2.70545E+00 1.81592E+00 7.57454E+01
2.10295E+00 2.98717E+00 3.28969E+00 3.67232E+00 3.66570E+00 3.66728E+00 3.67800E+00 3.28969E+00 2.98717E+00 2.10295E+00 8.40164E+01
2.39751E+00 3.27667E+00 3.57781E+00 3.95787E+00 3.95127E+00 3.95292E+00 3.96372E+00 3.57781E+00 3.27667E+00 2.39751E+00 9.25091E+01
2.69903E+00 3.57334E+00 3.87316E+00 4.25079E+00 4.24419E+00 4.24591E+00 4.25681E+00 3.87316E+00 3.57334E+00 2.69903E+00 1.01202E+02
3.00698E+00 3.87665E+00 4.17521E+00 4.55050E+00 4.54392E+00 4.54571E+00 4.55669E+00 4.17521E+00 3.87665E+00 3.00698E+00 1.10073E+02
3.32088E+00 4.18611E+00 4.48345E+00 4.85651E+00 4.84994E+00 4.85180E+00 4.86286E+00 4.48346E+00 4.18611E+00 3.32088E+00 1.19106E+02
3.64029E+00 4.50125E+00 4.79743E+00 5.16834E+00 5.16178E+00 5.16371E+00 5.17486E+00 4.79744E+00 4.50125E+00 3.64029E+00 1.28281E+02
3.96480E+00 4.82166E+00 5.11672E+00 5.48557E+00 5.47902E+00 5.48102E+00 5.49224E+00 5.11672E+00 4.82166E+00 3.96480E+00 1.37584E+02
4.29404E+00 5.14694E+00 5.44092E+00 5.80780E+00 5.80126E+00 5.80332E+00 5.81462E+00 5.44093E+00 5.14694E+00 4.29404E+00 1.46999E+02
4.62765E+00 5.47674E+00 5.76968E+00 6.13465E+00 6.12812E+00 6.13025E+00 6.14163E+00 5.76968E+00 5.47674E+00 4.62765E+00 1.56513E+02
4.96531E+00 5.81071E+00 6.10265E+00 6.46578E+00 6.45926E+00 6.46146E+00 6.47291E+00 6.10265E+00 5.81071E+00 4.96531E+00 1.66114E+02
5.30671E+00 6.14855E+00 6.43952E+00 6.80088E+00 6.79437E+00 6.79663E+00 6.80815E+00 6.43952E+00 6.14855E+00 5.30671E+00 1.75790E+02
5.65157E+00 6.48997E+00 6.77999E+00 7.13964E+00 7.13314E+00 7.13546E+00 7.14706E+00 6.77999E+00 6.48997E+00 5.65157E+00 1.85530E+02
5.99962E+00 6.83468E+00 7.12379E+00 7.48178E+00 7.47530E+00 7.47769E+00 7.48935E+00 7.12380E+00 6.83468E+00 5.99962E+00 1.95325E+02
6.35062E+00 7.18245E+00 7.47067E+00 7.82706E+00 7.82059E+00 7.82303E+00 7.83477E+00 7.47068E+00 7.18245E+00 6.35062E+00 2.05166E+02
6.70433E+00 7.53302E+00 7.82039E+00 8.17522E+00 8.16876E+00 8.17127E+00 8.18307E+00 7.82039E+00 7.53302E+00 6.70433E+00 2.15045E+02
7.06053E+00 7.88618E+00 8.17271E+00 8.52604E+00 8.51959E+00 8.52216E+00 8.53402E+00 8.17272E+00 7.88618E+00 7.06053E+00 2.24954E+02
7.41903E+00 8.24171E+00 8.52744E+00 8.87930E+00 8.87286E+00 8.87549E+00 8.88742E+00 8.52744E+00 8.24171E+00 7.41903E+00 2.34886E+02
7.77963E+00 8.59943E+00 8.88437E+00 9.23482E+00 9.22838E+00 9.23108E+00 9.24307E+00 8.88437E+00 8.59943E+00 7.77963E+00 2.44836E+02
8.14215E+00 8.95915E+00 9.24332E+00 9.59239E+00 9.58596E+00 9.58872E+00 9.60077E+00 9.24332E+00 8.95915E+00 8.14215E+00 2.54796E+02
8.50641E+00 9.32069E+00 9.60411E+00 9.95184E+00 9.94543E+00 9.94824E+00 9.96036E+00 9.60412E+00 9.32069E+00 8.50641E+00 2.64762E+02
8.87228E+00 9.68389E+00 9.96659E+00 1.03130E+01 1.03066E+01 1.03095E+01 1.03217E+01 9.96660E+00 9.68389E+00 8.87228E+00 2.74729E+02
9.23958E+00 1.00486E+01 1.03306E+01 1.06757E+01 1.06694E+01 1.06723E+01 1.06845E+01 1.03306E+01 1.00486E+01 9.23958E+00 2.84692E+02
9.60819E+00 1.04147E+01 1.06960E+01 1.10399E+01 1.10335E+01 1.10365E+01 1.10488E+01 1.06960E+01 1.04147E+01 9.60819E+00 2.94647E+02
9.97797E+00 1.07820E+01 1.10626E+01 1.14053E+01 1.13989E+01 1.14020E+01 1.14143E+01 1.10626E+01 1.07820E+01 9.97797E+00 3.04590E+02
1.03488E+01 1.11504E+01 1.14304E+01 1.17719E+01 1.17655E+01 1.17686E+01 1.17810E+01 1.14304E+01 1.11504E+01 1.03488E+01 3.14517E+02
1.07205E+01 1.15198E+01 1.17991E+01 1.21395E+01 1.21331E+01 1.21363E+01 1.21488E+01 1.17991E+01 1.15198E+01 1.07205E+01 3.24426E+02
1.10931E+01 1.18901E+01 1.21688E+01 1.25080E+01 1.25017E+01 1.25049E+01 1.25174E+01 1.21688E+01 1.18901E+01 1.10931E+01 3.34314E+02
1.14664E+01 1.22611E+01 1.25392E+01 1.28773E+01 1.28710E+01 1.28743E+01 1.28868E+01 1.25392E+01 1.22611E+01 1.14664E+01 3.44177E+02
1.18403E+01 1.26328E+01 1.29103E+01 1.32473E+01 1.32410E+01 1.32443E+01 1.32570E+01 1.29103E+01 1.26328E+01 1.18403E+01 3.54013E+02
1.22147E+01 1.30051E+01 1.32819E+01 1.36179E+01 1.36116E+01 1.36150E+01 1.36277E+01 1.32819E+01 1.30051E+01 1.22147E+01 3.63820E+02
1.25895E+01 1.33778E+01 1.36541E+01 1.39891E+01 1.39828E+01 1.39862E+01 1.39989E+01 1.36541E+01 1.33778E+01 1.25895E+01 3.73595E+02
1.29647E+01 1.37509E+01 1.40266E+01 1.43606E+01 1.43543E+01 1.43578E+01 1.43706E+01 1.40266E+01 1.37509E+01 1.29647E+01 3.83338E+02
1.33402E+01 1.41243E+01 1.43995E+01 1.47325E+01 1.47262E+01 1.47298E+01 1.47426E+01 1.43995E+01 1.41243E+01 1.33402E+01 3.93045E+02
1.37158E+01 1.44980E+01 1.47726E+01 1.51047E+01 1.50984E+01 1.51020E+01 1.51149E+01 1.47726E+01 1.44980E+01 1.37158E+01 4.02716E+02
0.00000E+00 0.00000E+00 2.56968E-01 6.64493E-01 6.57552E-01 6.57824E-01 6.67151E-01 2.56967E-01 0.00000E+00 0.00000E+00 -1.58018E+00
0.00000E+00 0.00000E+00 2.92354E-01 6.90191E-01 6.83267E-01 6.83693E-01 6.93287E-01 2.92354E-01 0.00000E+00 0.00000E+00 -4.12681E-01
0.00000E+00 5.34692E-02 3.61814E-01 7.51743E-01 7.44835E-01 7.45406E-01 7.55232E-01 3.61813E-01 5.34692E-02 0.00000E+00 1.34113E+00
0.00000E+00 1.53155E-01 4.57844E-01 8.41017E-01 8.34128E-01 8.34836E-01 8.44871E-01 4.57844E-01 1.53155E-01 0.00000E+00 3.68859E+00
0.00000E+00 2.74447E-01 5.75917E-01 9.53168E-01 9.46298E-01 9.47138E-01 9.57366E-01 5.75917E-01 2.74447E-01 0.00000E+00 6.65365E+00
0.00000E+00 4.13811E-01 7.12405E-01 1.08439E+00 1.07754E+00 1.07851E+00 1.08892E+00 7.12406E-01 4.13811E-01 0.00000E+00 1.02026E+01
0.00000E+00 5.68602E-01 8.64602E-01 1.23186E+00 1.22503E+00 1.22612E+00 1.23669E+00 8.64603E-01 5.68602E-01 0.00000E+00 1.42910E+01
0.00000E+00 7.36777E-01 1.03041E+00 1.39338E+00 1.38657E+00 1.38778E+00 1.39851E+00 1.03041E+00 7.36777E-01 0.00000E+00 1.88705E+01
6.99589E-02 9.12099E-01 1.20358E+00 1.56264E+00 1.55585E+00 1.55717E+00 1.56805E+00 1.20358E+00 9.12099E-01 6.99589E-02 2.38103E+01
2.57181E-01 1.09206E+00 1.38155E+00 1.73703E+00 1.73026E+00 1.73169E+00 1.74271E+00 1.38155E+00 1.09206E+00 2.57181E-01 2.89966E+01
4.55105E-01 1.28320E+00 1.57083E+00 1.92297E+00 1.91622E+00 1.91777E+00 1.92892E+00 1.57083E+00 1.28320E+00 4.55105E-01 3.45138E+01
6.62666E-01 1.48440E+00 1.77028E+00 2.11930E+00 2.11256E+00 2.11422E+00 2.12550E+00 1.77028E+00 1.48440E+00 6.62666E-01 4.03304E+01
8.78937E-01 1.69468E+00 1.97892E+00 2.32500E+00 2.31829E+00 2.32005E+00 2.33145E+00 1.97892E+00 1.69468E+00 8.78937E-01 4.64169E+01
1.10310E+00 1.91318E+00 2.19587E+00 2.53919E+00 2.53249E+00 2.53436E+00 2.54589E+00 2.19587E+00 1.91318E+00 1.10310E+00 5.27457E+01
1.33444E+00 2.13916E+00 2.42037E+00 2.76108E+00 2.75441E+00 2.75638E+00 2.76802E+00 2.42038E+00 2.13916E+00 1.33444E+00 5.92912E+01
1.57231E+00 2.37194E+00 2.65175E+00 2.98999E+00 2.98333E+00 2.98540E+00 2.99716E+00 2.65176E+00 2.37194E+00 1.57231E+00 6.60297E+01
1.81613E+00 2.61092E+00 2.88940E+00 3.22528E+00 3.21864E+00 3.22082E+00 3.23268E+00 2.88940E+00 2.61092E+00 1.81613E+00 7.29395E+01
2.06538E+00 2.85555E+00 3.13276E+00 3.46640E+00 3.45979E+00 3.46206E+00 3.47403E+00 3.13276E+00 2.85555E+00 2.06538E+00 8.00008E+01
2.31959E+00 3.10534E+00 3.38133E+00 3.71285E+00 3.70625E+00 3.70861E+00 3.72069E+00 3.38134E+00 3.10534E+00 2.31959E+00 8.71953E+01
2.57832E+00 3.35985E+00 3.63468E+00 3.96415E+00 3.95757E+00 3.96003E+00 3.97221E+00 3.63468E+00 3.35985E+00 2.57832E+00 9.45066E+01
2.84120E+00 3.61867E+00 3.89238E+00 4.21990E+00 4.21334E+00 4.21590E+00 4.22817E+00 3.89238E+00 3.61867E+00 2.84120E+00 1.01920E+02
3.10785E+00 3.88142E+00 4.15406E+00 4.47971E+00 4.47317E+00 4.47582E+00 4.48819E+00 4.15406E+00 3.88142E+00 3.10785E+00 1.09420E+02
3.37794E+00 4.14777E+00 4.41937E+00 4.74323E+00 4.73671E+00 4.73945E+00 4.75191E+00 4.41938E+00 4.14777E+00 3.37794E+00 1.16996E+02
3.65118E+00 4.41740E+00 4.68801E+00 5.01014E+00 5.00363E+00 5.00646E+00 5.01901E+00 4.68801E+00 4.41740E+00 3.65118E+00 1.24636E+02
3.92728E+00 4.69002E+00 4.95967E+00 5.28014E+00 5.27365E+00 5.27656E+00 5.28920E+00 4.95967E+00 4.69002E+00 3.92728E+00 1.32329E+02
4.20598E+00 4.96536E+00 5.23408E+00 5.55295E+00 5.54648E+00 5.54948E+00 5.56221E+00 5.23408E+00 4.96536E+00 4.20598E+00 1.40066E+02
4.48705E+00 5.24318E+00 5.51100E+00 5.82832E+00 5.82187E+00 5.82496E+00 5.83777E+00 5.51100E+00 5.24318E+00 4.48705E+00 1.47838E+02
4.77025E+00 5.52324E+00 5.79019E+00 6.10602E+00 6.09959E+00 6.10276E+00 6.11566E+00 5.79020E+00 5.52324E+00 4.77025E+00 1.55637E+02
5.05539E+00 5.80534E+00 6.07145E+00 6.38584E+00 6.37942E+00 6.38267E+00 6.39566E+00 6.07146E+00 5.80534E+00 5.05539E+00 1.63457E+02
5.34228E+00 6.08927E+00 6.35457E+00 6.66755E+00 6.66115E+00 6.66449E+00 6.67756E+00 6.35457E+00 6.08927E+00 5.34228E+00 1.71291E+02
5.63072E+00 6.37486E+00 6.63936E+00 6.95100E+00 6.94461E+00 6.94803E+00 6.96117E+00 6.63937E+00 6.37486E+00 5.63072E+00 1.79132E+02
5.92057E+00 6.66193E+00 6.92566E+00 7.23598E+00 7.22961E+00 7.23312E+00 7.24634E+00 6.92567E+00 6.66193E+00 5.92057E+00 1.86976E+02
6.21166E+00 6.95032E+00 7.21330E+00 7.52235E+00 7.51600E+00 7.51958E+00 7.53288E+00 7.21331E+00 6.95032E+00 6.21166E+00 1.94817E+02
6.50385E+00 7.23988E+00 7.50214E+00 7.80995E+00 7.80361E+00 7.80728E+00 7.82065E+00 7.50215E+00 7.23988E+00 6.50385E+00 2.02651E+02
6.79701E+00 7.53048E+00 7.79203E+00 8.09864E+00 8.09232E+00 8.09607E+00 8.10951E+00 7.79204E+00 7.53048E+00 6.79701E+00 2.10475E+02
7.09101E+00 7.82199E+00 8.08285E+00 8.38829E+00 8.38199E+00 8.38581E+00 8.39933E+00 8.08286E+00 7.82199E+00 7.09101E+00 2.18283E+02
7.38573E+00 8.11429E+00 8.37447E+00 8.67878E+00 8.67249E+00 8.67639E+00 8.68998E+00 8.37448E+00 8.11429E+00 7.38573E+00 2.26074E+02
7.68106E+00 8.40726E+00 8.66679E+00 8.96998E+00 8.96371E+00 8.96768E+00 8.98134E+00 8.66679E+00 8.40726E+00 7.68106E+00 2.33844E+02
7.97690E+00 8.70079E+00 8.95968E+00 9.26180E+00 9.25554E+00 9.25959E+00 9.27332E+00 8.95969E+00 8.70079E+00 7.97690E+00 2.41590E+02
8.27316E+00 8.99480E+00 9.25306E+00 9.55413E+00 9.54788E+00 9.55201E+00 9.56581E+00 9.25307E+00 8.99480E+00 8.27316E+00 2.49309E+02
8.56974E+00 9.28918E+00 9.54683E+00 9.84687E+00 9.84064E+00 9.84484E+00 9.85871E+00 9.54684E+00 9.28918E+00 8.56974E+00 2.57000E+02
8.86656E+00 9.58385E+00 9.84091E+00 1.01399E+01 1.01337E+01 1.01380E+01 1.01519E+01 9.84091E+00 9.58385E+00 8.86656E+00 2.64661E+02
9.16354E+00 9.87873E+00 1.01352E+01 1.04333E+01 1.04271E+01 1.04314E+01 1.04454E+01 1.01352E+01 9.87873E+00 9.16354E+00 2.72289E+02
9.46060E+00 1.01737E+01 1.04296E+01 1.07267E+01 1.07206E+01 1.07250E+01 1.07390E+01 1.04297E+01 1.01737E+01 9.46060E+00 2.79883E+02
9.75768E+00 1.04688E+01 1.07242E+01 1.10203E+01 1.10142E+01 1.10187E+01 1.10328E+01 1.07242E+01 1.04688E+01 9.75768E+00 2.87441E+02
1.00547E+01 1.07639E+01 1.10187E+01 1.13139E+01 1.13078E+01 1.13123E+01 1.13265E+01 1.10187E+01 1.07639E+01 1.00547E+01 2.94963E+02
1.03516E+01 1.10589E+01 1.13131E+01 1.16075E+01 1.16014E+01 1.16060E+01 1.16203E+01 1.13132E+01 1.10589E+01 1.03516E+01 3.02447E+02
1.06484E+01 1.13538E+01 1.16075E+01 1.19010E+01 1.18949E+01 1.18996E+01 1.19139E+01 1.16075E+01 1.13538E+01 1.06484E+01 3.09891E+02
1.09449E+01 1.16484E+01 1.19017E+01 1.21943E+01 1.21882E+01 1.21930E+01 1.22073E+01 1.19017E+01 1.16484E+01 1.09449E+01 3.17295E+02
1.12412E+01 1.19429E+01 1.21956E+01 1.24874E+01 1.24813E+01 1.24862E+01 1.25006E+01 1.21956E+01 1.19429E+01 1.12412E+01 3.24658E+02
0.00000E+00 0.00000E+00 2.31702E-01 5.89193E-01 5.82078E-01 5.82480E-01 5.92689E-01 2.31701E-01 0.00000E+00 0.00000E+00 -1.51666E+00
0.00000E+00 0.00000E+00 2.68265E-01 6.17281E-01 6.10208E-01 6.10829E-01 6.21353E-01 2.68264E-01 0.00000E+00 0.00000E+00 -3.85353E-01
0.00000E+00 5.05690E-02 3.34451E-01 6.76554E-01 6.69521E-01 6.70344E-01 6.81143E-01 3.34451E-01 5.05690E-02 0.00000E+00 1.28694E+00
0.00000E+00 1.42770E-01 4.23282E-01 7.59481E-01 7.52487E-01 7.53502E-01 7.64549E-01 4.23282E-01 1.42770E-01 0.00000E+00 3.48738E+00
0.00000E+00 2.53044E-01 5.30587E-01 8.61614E-01 8.54658E-01 8.55856E-01 8.67130E-01 5.30587E-01 2.53044E-01 0.00000E+00 6.22327E+00
0.00000E+00 3.78181E-01 6.53072E-01 9.79505E-01 9.72586E-01 9.73960E-01 9.85445E-01 6.53073E-01 3.78181E-01 0.00000E+00 9.45194E+00
0.00000E+00 5.15812E-01 7.88310E-01 1.11061E+00 1.10373E+00 1.10527E+00 1.11696E+00 7.88312E-01 5.15812E-01 0.00000E+00 1.31249E+01
0.00000E+00 6.64125E-01 9.34443E-01 1.25300E+00 1.24615E+00 1.24786E+00 1.25973E+00 9.34444E-01 6.64125E-01 0.00000E+00 1.71931E+01
6.17507E-02 8.18156E-01 1.08648E+00 1.40164E+00 1.39482E+00 1.39669E+00 1.40873E+00 1.08648E+00 8.18156E-01 6.17507E-02 2.15299E+01
2.26131E-01 9.75915E-01 1.24241E+00 1.55444E+00 1.54766E+00 1.54967E+00 1.56188E+00 1.24241E+00 9.75915E-01 2.26131E-01 2.60315E+01
3.98715E-01 1.14231E+00 1.40709E+00 1.71621E+00 1.70946E+00 1.71163E+00 1.72400E+00 1.40709E+00 1.14231E+00 3.98715E-01 3.07834E+01
5.78583E-01 1.31638E+00 1.57954E+00 1.88594E+00 1.87922E+00 1.88154E+00 1.89406E+00 1.57954E+00 1.31638E+00 5.78583E-01 3.57573E+01
7.64944E-01 1.49727E+00 1.75892E+00 2.06276E+00 2.05608E+00 2.05854E+00 2.07120E+00 1.75892E+00 1.49727E+00 7.64944E-01 4.09272E+01
9.57108E-01 1.68427E+00 1.94449E+00 2.24592E+00 2.23927E+00 2.24187E+00 2.25468E+00 1.94449E+00 1.68427E+00 9.57108E-01 4.62692E+01
1.15447E+00 1.87675E+00 2.13560E+00 2.43476E+00 2.42814E+00 2.43088E+00 2.44383E+00 2.13560E+00 1.87675E+00 1.15447E+00 5.17614E+01
1.35649E+00 2.07412E+00 2.33169E+00 2.62869E+00 2.62210E+00 2.62498E+00 2.63806E+00 2.33169E+00 2.07412E+00 1.35649E+00 5.73841E+01
1.56269E+00 2.27591E+00 2.53224E+00 2.82720E+00 2.82064E+00 2.82365E+00 2.83686E+00 2.53225E+00 2.27591E+00 1.56269E+00 6.31195E+01
1.77266E+00 2.48166E+00 2.73681E+00 3.02983E+00 3.02330E+00 3.02644E+00 3.03978E+00 2.73682E+00 2.48166E+00 1.77266E+00 6.89513E+01
1.98599E+00 2.69096E+00 2.94499E+00 3.23615E+00 3.22965E+00 3.23292E+00 3.24638E+00 2.94500E+00 2.69096E+00 1.98599E+00 7.48650E+01
2.20234E+00 2.90346E+00 3.15642E+00 3.44580E+00 3.43933E+00 3.44272E+00 3.45630E+00 3.15642E+00 2.90346E+00 2.20234E+00 8.08475E+01
2.42141E+00 3.11882E+00 3.37075E+00 3.65844E+00 3.65199E+00 3.65551E+00 3.66921E+00 3.37075E+00 3.11882E+00 2.42141E+00 8.68868E+01
2.64289E+00 3.33676E+00 3.58769E+00 3.87376E+00 3.86734E+00 3.87098E+00 3.88479E+00 3.58770E+00 3.33676E+00 2.64289E+00 9.29725E+01
2.86654E+00 3.55699E+00 3.80697E+00 4.09147E+00 4.08508E+00 4.08884E+00 4.10276E+00 3.80697E+00 3.55699E+00 2.86654E+00 9.90948E+01
3.09212E+00 3.77927E+00 4.02833E+00 4.31133E+00 4.30497E+00 4.30885E+00 4.32288E+00 4.02834E+00 3.77927E+00 3.09212E+00 1.05245E+02
3.31940E+00 4.00337E+00 4.25155E+00 4.53311E+00 4.52677E+00 4.53077E+00 4.54490E+00 4.25155E+00 4.00337E+00 3.31940E+00 1.11416E+02
3.54818E+00 4.22909E+00 4.47641E+00 4.75658E+00 4.75026E+00 4.75438E+00 4.76862E+00 4.47641E+00 4.22909E+00 3.54818E+00 1.17600E+02
3.77829E+00 4.45624E+00 4.70272E+00 4.98155E+00 4.97526E+00 4.97949E+00 4.99383E+00 4.70273E+00 4.45624E+00 3.77829E+00 1.23791E+02
4.00955E+00 4.68463E+00 4.93031E+00 5.20784E+00 5.20158E+00 5.20592E+00 5.22036E+00 4.93032E+00 4.68463E+00 4.00955E+00 1.29984E+02
4.24180E+00 4.91411E+00 5.15901E+00 5.43529E+00 5.42905E+00 5.43351E+00 5.44804E+00 5.15902E+00 4.91411E+00 4.24180E+00 1.36173E+02
4.47492E+00 5.14453E+00 5.38868E+00 5.66374E+00 5.65753E+00 5.66209E+00 5.67672E+00 5.38869E+00 5.14453E+00 4.47492E+00 1.42354E+02
4.70875E+00 5.37575E+00 5.61917E+00 5.89305E+00 5.88686E+00 5.89154E+00 5.90626E+00 5.61917E+00 5.37575E+00 4.70875E+00 1.48523E+02
4.94318E+00 5.60764E+00 5.85035E+00 6.12310E+00 6.11693E+00 6.12171E+00 6.13653E+00 5.85036E+00 5.60764E+00 4.94318E+00 1.54676E+02
5.17809E+00 5.84009E+00 6.08211E+00 6.35375E+00 6.34761E+00 6.35249E+00 6.36740E+00 6.08212E+00 5.84009E+00 5.17809E+00 1.60810E+02
5.41339E+00 6.07299E+00 6.31433E+00 6.58490E+00 6.57878E+00 6.58377E+00 6.59877E+00 6.31434E+00 6.07299E+00 5.41339E+00 1.66921E+02
5.64896E+00 6.30624E+00 6.54692E+00 6.81645E+00 6.81036E+00 6.81545E+00 6.83053E+00 6.54693E+00 6.30624E+00 5.64896E+00 1.73008E+02
5.88474E+00 6.53974E+00 6.77979E+00 7.04830E+00 7.04223E+00 7.04742E+00 7.06259E+00 6.77980E+00 6.53974E+00 5.88474E+00 1.79069E+02
6.12062E+00 6.77340E+00 7.01283E+00 7.28036E+00 7.27431E+00 7.27961E+00 7.29486E+00 7.01284E+00 6.77340E+00 6.12062E+00 1.85100E+02
6.35653E+00 7.00716E+00 7.24598E+00 7.51255E+00 7.50652E+00 7.51192E+00 7.52726E+00 7.24599E+00 7.00716E+00 6.35653E+00 1.91100E+02
6.59241E+00 7.24093E+00 7.47916E+00 7.74479E+00 7.73879E+00 7.74428E+00 7.75970E+00 7.47917E+00 7.24093E+00 6.59241E+00 1.97067E+02
6.82818E+00 7.47465E+00 7.71230E+00 7.97702E+00 7.97103E+00 7.97663E+00 7.99213E+00 7.71231E+00 7.47465E+00 6.82818E+00 2.03001E+02
7.06378E+00 7.70824E+00 7.94533E+00 8.20916E+00 8.20320E+00 8.20889E+00 8.22447E+00 7.94534E+00 7.70824E+00 7.06378E+00 2.08899E+02
7.29915E+00 7.94166E+00 8.17819E+00 8.44115E+00 8.43521E+00 8.44100E+00 8.45666E+00 8.17820E+00 7.94166E+00 7.29915E+00 2.14761E+02
7.53425E+00 8.17484E+00 8.41083E+00 8.67295E+00 8.66703E+00 8.67291E+00 8.68865E+00 8.41085E+00 8.17484E+00 7.53425E+00 2.20585E+02
7.76902E+00 8.40774E+00 8.64320E+00 8.90449E+00 8.89859E+00 8.90457E+00 8.92038E+00 8.64322E+00 8.40774E+00 7.76902E+00 2.26371E+02
8.00342E+00 8.64030E+00 8.87525E+00 9.13573E+00 9.12985E+00 9.13592E+00 9.15181E+00 8.87526E+00 8.64030E+00 8.00342E+00 2.32119E+02
8.23740E+00 8.87249E+00 9.10693E+00 9.36662E+00 9.36076E+00 9.36692E+00 9.38289E+00 9.10694E+00 8.87249E+00 8.23740E+00 2.37826E+02
8.47093E+00 9.10425E+00 9.33820E+00 9.59712E+00 9.59128E+00 9.59753E+00 9.61357E+00 9.33822E+00 9.10425E+00 8.47093E+00 2.43494E+02
8.70396E+00 9.33557E+00 9.56903E+00 9.82719E+00 9.82137E+00 9.82771E+00 9.84383E+00 9.56904E+00 9.33557E+00 8.70396E+00 2.49120E+02
8.93647E+00 9.56638E+00 9.79937E+00 1.00568E+01 1.00510E+01 1.00574E+01 1.00736E+01 9.79939E+00 9.56638E+00 8.93647E+00 2.54706E+02
9.16842E+00 9.79668E+00 1.00292E+01 1.02859E+01 1.02801E+01 1.02866E+01 1.03029E+01 1.00292E+01 9.79668E+00 9.16842E+00 2.60251E+02
0.00000E+00 0.00000E+00 2.08515E-01 5.22128E-01 5.14900E-01 5.15521E-01 5.26764E-01 2.08514E-01 0.00000E+00 0.00000E+00 -1.46107E+00
0.00000E+00 0.00000E+00 2.46123E-01 5.52348E-01 5.45195E-01 5.46122E-01 5.57739E-01 2.46123E-01 0.00000E+00 0.00000E+00 -3.55957E-01
0.00000E+00 4.77895E-02 3.09140E-01 6.09340E-01 6.02258E-01 6.03466E-01 6.15408E-01 3.09140E-01 4.77895E-02 0.00000E+00 1.24339E+00
0.00000E+00 1.32963E-01 3.91203E-01 6.86264E-01 6.79246E-01 6.80719E-01 6.92956E-01 3.91204E-01 1.32963E-01 0.00000E+00 3.30671E+00
0.00000E+00 2.33042E-01 4.88543E-01 7.79102E-01 7.72147E-01 7.73872E-01 7.86379E-01 4.88544E-01 2.33042E-01 0.00000E+00 5.82785E+00
0.00000E+00 3.45159E-01 5.98212E-01 8.84775E-01 8.77879E-01 8.79845E-01 8.92602E-01 5.98214E-01 3.45159E-01 0.00000E+00 8.75791E+00
0.00000E+00 4.67220E-01 7.18064E-01 1.00104E+00 9.94199E-01 9.96396E-01 1.00939E+00 7.18066E-01 4.67220E-01 0.00000E+00 1.20466E+01
0.00000E+00 5.97642E-01 8.46473E-01 1.12619E+00 1.11941E+00 1.12183E+00 1.13504E+00 8.46476E-01 5.97642E-01 0.00000E+00 1.56462E+01
5.43216E-02 7.32524E-01 9.79516E-01 1.25628E+00 1.24955E+00 1.25218E+00 1.26560E+00 9.79519E-01 7.32524E-01 5.43216E-02 1.94365E+01
1.98140E-01 8.70303E-01 1.11560E+00 1.38965E+00 1.38297E+00 1.38581E+00 1.39942E+00 1.11560E+00 8.70303E-01 1.98140E-01 2.33245E+01
3.48068E-01 1.01459E+00 1.25830E+00 1.52982E+00 1.52319E+00 1.52623E+00 1.54004E+00 1.25830E+00 1.01459E+00 3.48068E-01 2.73953E+01
5.03328E-01 1.16455E+00 1.40678E+00 1.67594E+00 1.66935E+00 1.67260E+00 1.68658E+00 1.40678E+00 1.16455E+00 5.03328E-01 3.16243E+01
6.63257E-01 1.31950E+00 1.56032E+00 1.82726E+00 1.82073E+00 1.82416E+00 1.83832E+00 1.56032E+00 1.31950E+00 6.63257E-01 3.59888E+01
8.27284E-01 1.47881E+00 1.71831E+00 1.98317E+00 1.97668E+00 1.98030E+00 1.99463E+00 1.71831E+00 1.47881E+00 8.27284E-01 4.04689E+01
9.94908E-01 1.64198E+00 1.88022E+00 2.14311E+00 2.13666E+00 2.14047E+00 2.15496E+00 1.88022E+00 1.64198E+00 9.94908E-01 4.50464E+01
1.16569E+00 1.80853E+00 2.04557E+00 2.30659E+00 2.30019E+00 2.30418E+00 2.31883E+00 2.04558E+00 1.80853E+00 1.16569E+00 4.97053E+01
1.33925E+00 1.97806E+00 2.21396E+00 2.47321E+00 2.46685E+00 2.47102E+00 2.48583E+00 2.21397E+00 1.97806E+00 1.33925E+00 5.44312E+01
1.51524E+00 2.15020E+00 2.38502E+00 2.64259E+00 2.63627E+00 2.64061E+00 2.65557E+00 2.38503E+00 2.15020E+00 1.51524E+00 5.92114E+01
1.69336E+00 2.32464E+00 2.55843E+00 2.81439E+00 2.80811E+00 2.81262E+00 2.82772E+00 2.55843E+00 2.32464E+00 1.69336E+00 6.40346E+01
1.87333E+00 2.50109E+00 2.73388E+00 2.98831E+00 2.98207E+00 2.98675E+00 3.00199E+00 2.73389E+00 2.50109E+00 1.87333E+00 6.88906E+01
2.05491E+00 2.67930E+00 2.91113E+00 3.16409E+00 3.15789E+00 3.16274E+00 3.17811E+00 2.91114E+00 2.67930E+00 2.05491E+00 7.37706E+01
2.23787E+00 2.85902E+00 3.08993E+00 3.34148E+00 3.33532E+00 3.34033E+00 3.35585E+00 3.08994E+00 2.85902E+00 2.23787E+00 7.86667E+01
2.42202E+00 3.04005E+00 3.27008E+00 3.52028E+00 3.51416E+00 3.51933E+00 3.53497E+00 3.27009E+00 3.04005E+00 2.42202E+00 8.35718E+01
2.60717E+00 3.22219E+00 3.45137E+00 3.70028E+00 3.69419E+00 3.69952E+00 3.71529E+00 3.45138E+00 3.22219E+00 2.60717E+00 8.84796E+01
2.79316E+00 3.40529E+00 3.63365E+00 3.88130E+00 3.87525E+00 3.88074E+00 3.89663E+00 3.63366E+00 3.40529E+00 2.79316E+00 9.33848E+01
2.97984E+00 3.58917E+00 3.81674E+00 4.06319E+00 4.05718E+00 4.06281E+00 4.07883E+00 3.81675E+00 3.58917E+00 2.97984E+00 9.82824E+01
3.16708E+00 3.77370E+00 4.00050E+00 4.24579E+00 4.23982E+00 4.24560E+00 4.26174E+00 4.00052E+00 3.77370E+00 3.16708E+00 1.03168E+02
3.35475E+00 3.95875E+00 4.18481E+00 4.42898E+00 4.42304E+00 4.42897E+00 4.44523E+00 4.18482E+00 3.95875E+00 3.35475E+00 1.08038E+02
3.54273E+00 4.14420E+00 4.36954E+00 4.61263E+00 4.60672E+00 4.61280E+00 4.62917E+00 4.36955E+00 4.14420E+00 3.54273E+00 1.12889E+02
3.73093E+00 4.32995E+00 4.55458E+00 4.79662E+00 4.79075E+00 4.79697E+00 4.81346E+00 4.55460E+00 4.32995E+00 3.73093E+00 1.17718E+02
3.91925E+00 4.51588E+00 4.73984E+00 4.98086E+00 4.97502E+00 4.98139E+00 4.99799E+00 4.73985E+00 4.51588E+00 3.91925E+00 1.22523E+02
4.10760E+00 4.70191E+00 4.92521E+00 5.16526E+00 5.15945E+00 5.16595E+00 5.18266E+00 4.92523E+00 4.70191E+00 4.10760E+00 1.27300E+02
4.29590E+00 4.88797E+00 5.11063E+00 5.34971E+00 5.34394E+00 5.35058E+00 5.36740E+00 5.11064E+00 4.88797E+00 4.29590E+00 1.32049E+02
4.48408E+00 5.07396E+00 5.29600E+00 5.53416E+00 5.52842E+00 5.53520E+00 5.55212E+00 5.29602E+00 5.07396E+00 4.48408E+00 1.36767E+02
4.67208E+00 5.25983E+00 5.48126E+00 5.71853E+00 5.71281E+00 5.71973E+00 5.73675E+00 5.48128E+00 5.25983E+00 4.67208E+00 1.41453E+02
4.85983E+00 5.44551E+00 5.66635E+00 5.90274E+00 5.89706E+00 5.90411E+00 5.92123E+00 5.66637E+00 5.44551E+00 4.85983E+00 1.46105E+02
5.04728E+00 5.63094E+00 5.85121E+00 6.08674E+00 6.08109E+00 6.08827E+00 6.10550E+00 5.85122E+00 5.63094E+00 5.04728E+00 1.50723E+02
5.23438E+00 5.81607E+00 6.03577E+00 6.27048E+00 6.26486E+00 6.27217E+00 6.28949E+00 6.03579E+00 5.81607E+00 5.23438E+00 1.55306E+02
5.42108E+00 6.00084E+00 6.22000E+00 6.45390E+00 6.44830E+00 6.45575E+00 6.47317E+00 6.22001E+00 6.00084E+00 5.42108E+00 1.59852E+02
5.60733E+00 6.18522E+00 6.40384E+00 6.63695E+00 6.63139E+00 6.63896E+00 6.65648E+00 6.40385E+00 6.18522E+00 5.60733E+00 1.64361E+02
5.79310E+00 6.36916E+00 6.58725E+00 6.81960E+00 6.81407E+00 6.82176E+00 6.83937E+00 6.58727E+00 6.36916E+00 5.79310E+00 1.68833E+02
5.97835E+00 6.55262E+00 6.77020E+00 7.00180E+00 6.99630E+00 7.00412E+00 7.02182E+00 6.77022E+00 6.55262E+00 5.97835E+00 1.73266E+02
6.16305E+00 6.73557E+00 6.95265E+00 7.18352E+00 7.17804E+00 7.18599E+00 7.20379E+00 6.95267E+00 6.73557E+00 6.16305E+00 1.77662E+02
6.34717E+00 6.91798E+00 7.13457E+00 7.36473E+00 7.35928E+00 7.36734E+00 7.38523E+00 7.13459E+00 6.91798E+00 6.34717E+00 1.82018E+02
6.53068E+00 7.09981E+00 7.31592E+00 7.54539E+00 7.53996E+00 7.54815E+00 7.56613E+00 7.31594E+00 7.09981E+00 6.53068E+00 1.86336E+02
6.71355E+00 7.28104E+00 7.49669E+00 7.72547E+00 7.72007E+00 7.72838E+00 7.74645E+00 7.49671E+00 7.28104E+00 6.71355E+00 1.90615E+02
6.89577E+00 7.46165E+00 7.67684E+00 7.90496E+00 7.89959E+00 7.90801E+00 7.92617E+00 7.67686E+00 7.46165E+00 6.89577E+00 1.94855E+02
7.07730E+00 7.64162E+00 7.85635E+00 8.08382E+00 8.07848E+00 8.08702E+00 8.10526E+00 7.85637E+00 7.64162E+00 7.07730E+00 1.99056E+02
7.25814E+00 7.82092E+00 8.03521E+00 8.26204E+00 8.25672E+00 8.26538E+00 8.28371E+00 8.03523E+00 7.82092E+00 7.25814E+00 2.03217E+02
7.43827E+00 7.99953E+00 8.21339E+00 8.43959E+00 8.43430E+00 8.44308E+00 8.46149E+00 8.21341E+00 7.99953E+00 7.43827E+00 2.07340E+02
0.00000E+00 0.00000E+00 1.87311E-01 4.62544E-01 4.55289E-01 4.56259E-01 4.68722E-01 1.87309E-01 0.00000E+00 0.00000E+00 -1.41100E+00
0.00000E+00 0.00000E+00 2.25780E-01 4.94599E-01 4.87462E-01 4.88858E-01 5.01764E-01 2.25780E-01 0.00000E+00 0.00000E+00 -3.22344E-01
0.00000E+00 4.51078E-02 2.85697E-01 5.49291E-01 5.42260E-01 5.44045E-01 5.57338E-01 2.85697E-01 4.51078E-02 0.00000E+00 1.21161E+00
0.00000E+00 1.23668E-01 3.61385E-01 6.20524E-01 6.13592E-01 6.15741E-01 6.29382E-01 3.61386E-01 1.23668E-01 0.00000E+00 3.14648E+00
0.00000E+00 2.14314E-01 4.49499E-01 7.04740E-01 6.97900E-01 7.00395E-01 7.14356E-01 4.49500E-01 2.14314E-01 0.00000E+00 5.46577E+00
0.00000E+00 3.14520E-01 5.47444E-01 7.99227E-01 7.92474E-01 7.95297E-01 8.09554E-01 5.47446E-01 3.14520E-01 0.00000E+00 8.11709E+00
0.00000E+00 4.22469E-01 6.53350E-01 9.02030E-01 8.95359E-01 8.98495E-01 9.13030E-01 6.53354E-01 4.22469E-01 0.00000E+00 1.10505E+01
0.00000E+00 5.36797E-01 7.65817E-01 1.01168E+00 1.00509E+00 1.00853E+00 1.02332E+00 7.65821E-01 5.36797E-01 0.00000E+00 1.42209E+01
4.76084E-02 6.54483E-01 8.81802E-01 1.12511E+00 1.11860E+00 1.12232E+00 1.13736E+00 8.81807E-01 6.54483E-01 4.76084E-02 1.75166E+01
1.72950E-01 7.74315E-01 1.00007E+00 1.24104E+00 1.23459E+00 1.23860E+00 1.25387E+00 1.00007E+00 7.74315E-01 1.72950E-01 2.08557E+01
3.02663E-01 8.98880E-01 1.12316E+00 1.36195E+00 1.35558E+00 1.35986E+00 1.37536E+00 1.12317E+00 8.98880E-01 3.02663E-01 2.43219E+01
4.36105E-01 1.02749E+00 1.25040E+00 1.48715E+00 1.48084E+00 1.48539E+00 1.50110E+00 1.25041E+00 1.02749E+00 4.36105E-01 2.78940E+01
5.72734E-01 1.15957E+00 1.38118E+00 1.61602E+00 1.60978E+00 1.61458E+00 1.63050E+00 1.38119E+00 1.15957E+00 5.72734E-01 3.15532E+01
7.12083E-01 1.29463E+00 1.51501E+00 1.74805E+00 1.74187E+00 1.74692E+00 1.76305E+00 1.51501E+00 1.29463E+00 7.12083E-01 3.52831E+01
8.53753E-01 1.43223E+00 1.65144E+00 1.88279E+00 1.87667E+00 1.88197E+00 1.89829E+00 1.65145E+00 1.43223E+00 8.53753E-01 3.90692E+01
9.97396E-01 1.57200E+00 1.79012E+00 2.01985E+00 2.01379E+00 2.01934E+00 2.03584E+00 1.79013E+00 1.57200E+00 9.97396E-01 4.28989E+01
1.14271E+00 1.71364E+00 1.93070E+00 2.15891E+00 2.15291E+00 2.15868E+00 2.17537E+00 1.93071E+00 1.71364E+00 1.14271E+00 4.67610E+01
1.28942E+00 1.85684E+00 2.07290E+00 2.29966E+00 2.29371E+00 2.29972E+00 2.31659E+00 2.07291E+00 1.85684E+00 1.28942E+00 5.06458E+01
1.43731E+00 2.00137E+00 2.21646E+00 2.44184E+00 2.43595E+00 2.44219E+00 2.45922E+00 2.21647E+00 2.00137E+00 1.43731E+00 5.45449E+01
1.58615E+00 2.14700E+00 2.36117E+00 2.58523E+00 2.57939E+00 2.58585E+00 2.60305E+00 2.36118E+00 2.14700E+00 1.58615E+00 5.84510E+01
1.73576E+00 2.29353E+00 2.50682E+00 2.72961E+00 2.72383E+00 2.73051E+00 2.74787E+00 2.50683E+00 2.29353E+00 1.73576E+00 6.23575E+01
1.88598E+00 2.44079E+00 2.65323E+00 2.87481E+00 2.86908E+00 2.87597E+00 2.89350E+00 2.65324E+00 2.44079E+00 1.88598E+00 6.62589E+01
2.03666E+00 2.58863E+00 2.80024E+00 3.02067E+00 3.01499E+00 3.02209E+00 3.03977E+00 2.80026E+00 2.58863E+00 2.03666E+00 7.01503E+01
2.18767E+00 2.73689E+00 2.94772E+00 3.16703E+00 3.16140E+00 3.16870E+00 3.18654E+00 2.94773E+00 2.73689E+00 2.18767E+00 7.40275E+01
2.33889E+00 2.88546E+00 3.09553E+00 3.31377E+00 3.30818E+00 3.31569E+00 3.33367E+00 3.09554E+00 2.88546E+00 2.33889E+00 7.78868E+01
2.49020E+00 3.03423E+00 3.24355E+00 3.46076E+00 3.45523E+00 3.46293E+00 3.48106E+00 3.24357E+00 3.03423E+00 2.49020E+00 8.17251E+01
2.64153E+00 3.18308E+00 3.39170E+00 3.60791E+00 3.60242E+00 3.61032E+00 3.62859E+00 3.39171E+00 3.18308E+00 2.64153E+00 8.55396E+01
2.79277E+00 3.33193E+00 3.53986E+00 3.75511E+00 3.74967E+00 3.75777E+00 3.77618E+00 3.53988E+00 3.33193E+00 2.79277E+00 8.93280E+01
2.94385E+00 3.48070E+00 3.68796E+00 3.90228E+00 3.89689E+00 3.90517E+00 3.92372E+00 3.68798E+00 3.48070E+00 2.94385E+00 9.30883E+01
3.09471E+00 3.62932E+00 3.83593E+00 4.04935E+00 4.04400E+00 4.05247E+00 4.07115E+00 3.83595E+00 3.62932E+00 3.09471E+00 9.68187E+01
3.24527E+00 3.77770E+00 3.98369E+00 4.19624E+00 4.19093E+00 4.19959E+00 4.21840E+00 3.98370E+00 3.77770E+00 3.24527E+00 1.00518E+02
3.39549E+00 3.92580E+00 4.13118E+00 4.34288E+00 4.33762E+00 4.34646E+00 4.36540E+00 4.13120E+00 3.92580E+00 3.39549E+00 1.04184E+02
3.54530E+00 4.07356E+00 4.27834E+00 4.48923E+00 4.48401E+00 4.49303E+00 4.51210E+00 4.27836E+00 4.07356E+00 3.54530E+00 1.07818E+02
3.69467E+00 4.22093E+00 4.42513E+00 4.63523E+00 4.63004E+00 4.63924E+00 4.65844E+00 4.42515E+00 4.22093E+00 3.69467E+00 1.11416E+02
3.84355E+00 4.36787E+00 4.57150E+00 4.78083E+00 4.77568E+00 4.78506E+00 4.80438E+00 4.57152E+00 4.36787E+00 3.84355E+00 1.14980E+02
3.99190E+00 4.51432E+00 4.71741E+00 4.92598E+00 4.92088E+00 4.93043E+00 4.94987E+00 4.71743E+00 4.51432E+00 3.99190E+00 1.18508E+02
4.13969E+00 4.66027E+00 4.86282E+00 5.07066E+00 5.06560E+00 5.07532E+00 5.09488E+00 4.86284E+00 4.66027E+00 4.13969E+00 1.22000E+02
4.28689E+00 4.80567E+00 5.00770E+00 5.21483E+00 5.20981E+00 5.21969E+00 5.23937E+00 5.00772E+00 4.80567E+00 4.28689E+00 1.25456E+02
4.43346E+00 4.95049E+00 5.15201E+00 5.35846E+00 5.35347E+00 5.36352E+00 5.38331E+00 5.15203E+00 4.95049E+00 4.43346E+00 1.28875E+02
4.57940E+00 5.09471E+00 5.29574E+00 5.50151E+00 5.49656E+00 5.50678E+00 5.52668E+00 5.29576E+00 5.09471E+00 4.57940E+00 1.32258E+02
4.72467E+00 5.23831E+00 5.43885E+00 5.64396E+00 5.63905E+00 5.64943E+00 5.66945E+00 5.43887E+00 5.23831E+00 4.72467E+00 1.35603E+02
4.86926E+00 5.38126E+00 5.58132E+00 5.78580E+00 5.78092E+00 5.79146E+00 5.81159E+00 5.58135E+00 5.38126E+00 4.86926E+00 1.38913E+02
5.01314E+00 5.52354E+00 5.72314E+00 5.92699E+00 5.92216E+00 5.93285E+00 5.95309E+00 5.72316E+00 5.52354E+00 5.01314E+00 1.42185E+02
5.15630E+00 5.66514E+00 5.86429E+00 6.06753E+00 6.06273E+00 6.07358E+00 6.09393E+00 5.86431E+00 5.66514E+00 5.15630E+00 1.45421E+02
5.29873E+00 5.80605E+00 6.00474E+00 6.20739E+00 6.20262E+00 6.21363E+00 6.23408E+00 6.00477E+00 5.80605E+00 5.29873E+00 1.48621E+02
5.44042E+00 5.94624E+00 6.14450E+00 6.34656E+00 6.34183E+00 6.35299E+00 6.37355E+00 6.14452E+00 5.94624E+00 5.44042E+00 1.51784E+02
5.58136E+00 6.08571E+00 6.28354E+00 6.48503E+00 6.48034E+00 6.49165E+00 6.51231E+00 6.28356E+00 6.08571E+00 5.58136E+00 1.54912E+02
5.72153E+00 6.22444E+00 6.42185E+00 6.62279E+00 6.61813E+00 6.62959E+00 6.65035E+00 6.42188E+00 6.22444E+00 5.72153E+00 1.58004E+02
5.86093E+00 6.36243E+00 6.55943E+00 6.75982E+00 6.75520E+00 6.76681E+00 6.78767E+00 6.55946E+00 6.36243E+00 5.86093E+00 1.61060E+02
5.99955E+00 6.49967E+00 6.69627E+00 6.89613E+00 6.89153E+00 6.90329E+00 6.92426E+00 6.69630E+00 6.49967E+00 5.99955E+00 1.64082E+02
0.00000E+00 0.00000E+00 1.67999E-01 4.09778E-01 4.02614E-01 4.04129E-01 4.18031E-01 1.67997E-01 0.00000E+00 0.00000E+00 -1.36306E+00
0.00000E+00 0.00000E+00 2.07095E-01 4.43339E-01 4.36346E-01 4.38451E-01 4.52878E-01 2.07095E-01 0.00000E+00 0.00000E+00 -2.81558E-01
0.00000E+00 4.25050E-02 2.63954E-01 4.95694E-01 4.88852E-01 4.91493E-01 5.06378E-01 2.63955E-01 4.25050E-02 0.00000E+00 1.19346E+00
0.00000E+00 1.14833E-01 3.33624E-01 5.61528E-01 5.54825E-01 5.57965E-01 5.73263E-01 3.33626E-01 1.14833E-01 0.00000E+00 3.00717E+00
0.00000E+00 1.96747E-01 4.13196E-01 6.37746E-01 6.31172E-01 6.34781E-01 6.50459E-01 4.13199E-01 1.96747E-01 0.00000E+00 5.13605E+00
0.00000E+00 2.86066E-01 5.00422E-01 7.21999E-01 7.15546E-01 7.19600E-01 7.35630E-01 5.00426E-01 2.86066E-01 0.00000E+00 7.52673E+00
0.00000E+00 3.81238E-01 5.93702E-01 8.12613E-01 8.06274E-01 8.10752E-01 8.27111E-01 5.93707E-01 3.81238E-01 0.00000E+00 1.01315E+01
0.00000E+00 4.81108E-01 6.91849E-01 9.08346E-01 9.02113E-01 9.06997E-01 9.23665E-01 6.91854E-01 4.81108E-01 0.00000E+00 1.29090E+01
4.15532E-02 5.83378E-01 7.92542E-01 1.00685E+00 1.00072E+00 1.00599E+00 1.02295E+00 7.92549E-01 5.83378E-01 4.15532E-02 1.57577E+01
1.50324E-01 6.87122E-01 8.94832E-01 1.10713E+00 1.10110E+00 1.10674E+00 1.12398E+00 8.94840E-01 6.87122E-01 1.50324E-01 1.86070E+01
2.62041E-01 7.94141E-01 1.00049E+00 1.21092E+00 1.20498E+00 1.21099E+00 1.22849E+00 1.00050E+00 7.94141E-01 2.62041E-01 2.15377E+01
3.76186E-01 9.03877E-01 1.10895E+00 1.31763E+00 1.31178E+00 1.31815E+00 1.33590E+00 1.10896E+00 9.03877E-01 3.76186E-01 2.45324E+01
4.92325E-01 1.01586E+00 1.21973E+00 1.42678E+00 1.42102E+00 1.42772E+00 1.44573E+00 1.21974E+00 1.01586E+00 4.92325E-01 2.75759E+01
6.10093E-01 1.12971E+00 1.33244E+00 1.53795E+00 1.53227E+00 1.53931E+00 1.55755E+00 1.33245E+00 1.12971E+00 6.10093E-01 3.06554E+01
7.29178E-01 1.24508E+00 1.44673E+00 1.65079E+00 1.64519E+00 1.65256E+00 1.67103E+00 1.44674E+00 1.24508E+00 7.29178E-01 3.37596E+01
8.49312E-01 1.36169E+00 1.56231E+00 1.76499E+00 1.75948E+00 1.76716E+00 1.78585E+00 1.56232E+00 1.36169E+00 8.49312E-01 3.68790E+01
9.70264E-01 1.47928E+00 1.67893E+00 1.88031E+00 1.87486E+00 1.88286E+00 1.90177E+00 1.67894E+00 1.47928E+00 9.70264E-01 4.00054E+01
1.09184E+00 1.59765E+00 1.79636E+00 1.99650E+00 1.99113E+00 1.99943E+00 2.01855E+00 1.79637E+00 1.59765E+00 1.09184E+00 4.31317E+01
1.21385E+00 1.71660E+00 1.91442E+00 2.11338E+00 2.10808E+00 2.11667E+00 2.13600E+00 1.91443E+00 1.71660E+00 1.21385E+00 4.62520E+01
1.33616E+00 1.83597E+00 2.03293E+00 2.23077E+00 2.22554E+00 2.23443E+00 2.25395E+00 2.03295E+00 1.83597E+00 1.33616E+00 4.93613E+01
1.45862E+00 1.95562E+00 2.15176E+00 2.34852E+00 2.34336E+00 2.35253E+00 2.37225E+00 2.15178E+00 1.95562E+00 1.45862E+00 5.24551E+01
1.58113E+00 2.07542E+00 2.27077E+00 2.46650E+00 2.46141E+00 2.47086E+00 2.49076E+00 2.27079E+00 2.07542E+00 1.58113E+00 5.55298E+01
1.70357E+00 2.19526E+00 2.38985E+00 2.58459E+00 2.57957E+00 2.58929E+00 2.60938E+00 2.38987E+00 2.19526E+00 1.70357E+00 5.85824E+01
1.82585E+00 2.31504E+00 2.50890E+00 2.70269E+00 2.69773E+00 2.70772E+00 2.72799E+00 2.50892E+00 2.31504E+00 1.82585E+00 6.16102E+01
1.94791E+00 2.43468E+00 2.62783E+00 2.82070E+00 2.81581E+00 2.82606E+00 2.84651E+00 2.62785E+00 2.43468E+00 1.94791E+00 6.46110E+01
2.06965E+00 2.55409E+00 2.74655E+00 2.93855E+00 2.93372E+00 2.94423E+00 2.96485E+00 2.74658E+00 2.55409E+00 2.06965E+00 6.75830E+01
2.19103E+00 2.67321E+00 2.86501E+00 3.05616E+00 3.05139E+00 3.06215E+00 3.08294E+00 2.86504E+00 2.67321E+00 2.19103E+00 7.05248E+01
2.31198E+00 2.79198E+00 2.98314E+00 3.17347E+00 3.16876E+00 3.17977E+00 3.20073E+00 2.98317E+00 2.79198E+00 2.31198E+00 7.34351E+01
2.43246E+00 2.91035E+00 3.10089E+00 3.29042E+00 3.28577E+00 3.29703E+00 3.31815E+00 3.10091E+00 2.91035E+00 2.43246E+00 7.63129E+01
2.55242E+00 3.02826E+00 3.21819E+00 3.40697E+00 3.40237E+00 3.41387E+00 3.43515E+00 3.21822E+00 3.02826E+00 2.55242E+00 7.91575E+01
2.67183E+00 3.14568E+00 3.33503E+00 3.52306E+00 3.51851E+00 3.53025E+00 3.55169E+00 3.33505E+00 3.14568E+00 2.67183E+00 8.19682E+01
2.79065E+00 3.26256E+00 3.45134E+00 3.63866E+00 3.63417E+00 3.64614E+00 3.66773E+00 3.45137E+00 3.26256E+00 2.79065E+00 8.47447E+01
2.90885E+00 3.37888E+00 3.56711E+00 3.75373E+00 3.74929E+00 3.76150E+00 3.78324E+00 3.56714E+00 3.37888E+00 2.90885E+00 8.74866E+01
3.02640E+00 3.49461E+00 3.68230E+00 3.86824E+00 3.86386E+00 3.87629E+00 3.89818E+00 3.68233E+00 3.49461E+00 3.02640E+00 9.01937E+01
3.14329E+00 3.60972E+00 3.79688E+00 3.98217E+00 3.97784E+00 3.99050E+00 4.01254E+00 3.79691E+00 3.60972E+00 3.14329E+00 9.28660E+01
3.25949E+00 3.72419E+00 3.91084E+00 4.09549E+00 4.09121E+00 4.10409E+00 4.12627E+00 3.91087E+00 3.72419E+00 3.25949E+00 9.55035E+01
3.37498E+00 3.83800E+00 4.02415E+00 4.20818E+00 4.20395E+00 4.21705E+00 4.23937E+00 4.02418E+00 3.83800E+00 3.37498E+00 9.81061E+01
3.48976E+00 3.95113E+00 4.13680E+00 4.32022E+00 4.31604E+00 4.32936E+00 4.35182E+00 4.13683E+00 3.95113E+00 3.48976E+00 1.00674E+02
3.60380E+00 4.06357E+00 4.24876E+00 4.43160E+00 4.42747E+00 4.44100E+00 4.46359E+00 4.24879E+00 4.06357E+00 3.60380E+00 1.03208E+02
3.71710E+00 4.17530E+00 4.36003E+00 4.54230E+00 4.53822E+00 4.55196E+00 4.57469E+00 4.36006E+00 4.17530E+00 3.71710E+00 1.05707E+02
3.82966E+00 4.28633E+00 4.47060E+00 4.65231E+00 4.64827E+00 4.66222E+00 4.68509E+00 4.47063E+00 4.28633E+00 3.82966E+00 1.08173E+02
3.94145E+00 4.39662E+00 4.58045E+00 4.76162E+00 4.75763E+00 4.77178E+00 4.79478E+00 4.58049E+00 4.39662E+00 3.94145E+00 1.10605E+02
4.05248E+00 4.50619E+00 4.68959E+00 4.87023E+00 4.86628E+00 4.88063E+00 4.90376E+00 4.68962E+00 4.50619E+00 4.05248E+00 1.13003E+02
4.16273E+00 4.61502E+00 4.79799E+00 4.97811E+00 4.97421E+00 4.98876E+00 5.01202E+00 4.79802E+00 4.61502E+00 4.16273E+00 1.15369E+02
4.27222E+00 4.72310E+00 4.90566E+00 5.08528E+00 5.08142E+00 5.09617E+00 5.11955E+00 4.90570E+00 4.72310E+00 4.27222E+00 1.17703E+02
4.38093E+00 4.83045E+00 5.01260E+00 5.19172E+00 5.18790E+00 5.20285E+00 5.22635E+00 5.01263E+00 4.83045E+00 4.38093E+00 1.20004E+02
4.48887E+00 4.93704E+00 5.11879E+00 5.29743E+00 5.29366E+00 5.30880E+00 5.33242E+00 5.11883E+00 4.93704E+00 4.48887E+00 1.22273E+02
4.59602E+00 5.04288E+00 5.22424E+00 5.40241E+00 5.39868E+00 5.41401E+00 5.43776E+00 5.22428E+00 5.04288E+00 4.59602E+00 1.24512E+02
4.70240E+00 5.14797E+00 5.32895E+00 5.50666E+00 5.50297E+00 5.51849E+00 5.54235E+00 5.32899E+00 5.14797E+00 4.70240E+00 1.26720E+02
4.80801E+00 5.25232E+00 5.43292E+00 5.61017E+00 5.60652E+00 5.62223E+00 5.64621E+00 5.43296E+00 5.25232E+00 4.80801E+00 1.28897E+02
0.00000E+00 0.00000E+00 1.50484E-01 3.63247E-01 3.56329E-01 3.58688E-01 3.74284E-01 1.50482E-01 0.00000E+00 0.00000E+00 -1.31244E+00
0.00000E+00 0.00000E+00 1.89935E-01 3.97956E-01 3.91275E-01 3.94447E-01 4.10665E-01 1.89935E-01 0.00000E+00 0.00000E+00 -2.29546E-01
0.00000E+00 3.99674E-02 2.43759E-01 4.47930E-01 4.41456E-01 4.45360E-01 4.62121E-01 2.43760E-01 3.99674E-02 0.00000E+00 1.19160E+00
0.00000E+00 1.06413E-01 3.07740E-01 5.08635E-01 5.02350E-01 5.06932E-01 5.24183E-01 3.07743E-01 1.06413E-01 0.00000E+00 2.89001E+00
0.00000E+00 1.80247E-01 3.79401E-01 5.77437E-01 5.71325E-01 5.76542E-01 5.94244E-01 3.79405E-01 1.80247E-01 0.00000E+00 4.83837E+00
0.00000E+00 2.59623E-01 4.56834E-01 6.52337E-01 6.46386E-01 6.52204E-01 6.70323E-01 4.56840E-01 2.59623E-01 0.00000E+00 6.98476E+00
0.00000E+00 3.43239E-01 5.38694E-01 7.31928E-01 7.26127E-01 7.32514E-01 7.51023E-01 5.38701E-01 3.43239E-01 0.00000E+00 9.28523E+00
0.00000E+00 4.30140E-01 6.23993E-01 8.15174E-01 8.09516E-01 8.16445E-01 8.35321E-01 6.24002E-01 4.30140E-01 0.00000E+00 1.17034E+01
3.61022E-02 5.18612E-01 7.11000E-01 9.00319E-01 8.94794E-01 9.02240E-01 9.21463E-01 7.11010E-01 5.18612E-01 3.61022E-02 1.41487E+01
1.30044E-01 6.07963E-01 7.99001E-01 9.86614E-01 9.81216E-01 9.89159E-01 1.00871E+00 7.99012E-01 6.07963E-01 1.30044E-01 1.65616E+01
2.25777E-01 6.99406E-01 8.89179E-01 1.07521E+00 1.06993E+00 1.07835E+00 1.09822E+00 8.89191E-01 6.99406E-01 2.25777E-01 1.90193E+01
3.22897E-01 7.92499E-01 9.81084E-01 1.16563E+00 1.16047E+00 1.16936E+00 1.18953E+00 9.81098E-01 7.92499E-01 3.22897E-01 2.15081E+01
4.21071E-01 8.86880E-01 1.07434E+00 1.25751E+00 1.25246E+00 1.26180E+00 1.28227E+00 1.07436E+00 8.86880E-01 4.21071E-01 2.40162E+01
5.20019E-01 9.82247E-01 1.16865E+00 1.35051E+00 1.34557E+00 1.35535E+00 1.37610E+00 1.16867E+00 9.82247E-01 5.20019E-01 2.65340E+01
6.19511E-01 1.07834E+00 1.26374E+00 1.44437E+00 1.43954E+00 1.44974E+00 1.47076E+00 1.26376E+00 1.07834E+00 6.19511E-01 2.90533E+01
7.19348E-01 1.17496E+00 1.35940E+00 1.53887E+00 1.53413E+00 1.54475E+00 1.56604E+00 1.35942E+00 1.17496E+00 7.19348E-01 3.15673E+01
8.19365E-01 1.27190E+00 1.45544E+00 1.63380E+00 1.62917E+00 1.64019E+00 1.66173E+00 1.45546E+00 1.27190E+00 8.19365E-01 3.40703E+01
9.19418E-01 1.36903E+00 1.55169E+00 1.72901E+00 1.72447E+00 1.73589E+00 1.75768E+00 1.55171E+00 1.36903E+00 9.19418E-01 3.65576E+01
1.01939E+00 1.46620E+00 1.64802E+00 1.82434E+00 1.81990E+00 1.83170E+00 1.85374E+00 1.64805E+00 1.46620E+00 1.01939E+00 3.90254E+01
1.11917E+00 1.56329E+00 1.74432E+00 1.91969E+00 1.91533E+00 1.92752E+00 1.94979E+00 1.74435E+00 1.56329E+00 1.11917E+00 4.14705E+01
1.21867E+00 1.66022E+00 1.84048E+00 2.01494E+00 2.01067E+00 2.02322E+00 2.04573E+00 1.84051E+00 1.66022E+00 1.21867E+00 4.38903E+01
1.31781E+00 1.75689E+00 1.93642E+00 2.11001E+00 2.10582E+00 2.11873E+00 2.14146E+00 1.93644E+00 1.75689E+00 1.31781E+00 4.62826E+01
1.41653E+00 1.85323E+00 2.03205E+00 2.20480E+00 2.20070E+00 2.21397E+00 2.23691E+00 2.03208E+00 1.85323E+00 1.41653E+00 4.86458E+01
1.51477E+00 1.94918E+00 2.12731E+00 2.29926E+00 2.29524E+00 2.30886E+00 2.33202E+00 2.12734E+00 1.94918E+00 1.51477E+00 5.09786E+01
1.61248E+00 2.04468E+00 2.22215E+00 2.39333E+00 2.38939E+00 2.40334E+00 2.42671E+00 2.22218E+00 2.04468E+00 1.61248E+00 5.32800E+01
1.70962E+00 2.13969E+00 2.31652E+00 2.48696E+00 2.48309E+00 2.49738E+00 2.52095E+00 2.31655E+00 2.13969E+00 1.70962E+00 5.55491E+01
1.80615E+00 2.23415E+00 2.41036E+00 2.58009E+00 2.57630E+00 2.59091E+00 2.61469E+00 2.41040E+00 2.23415E+00 1.80615E+00 5.77854E+01
1.90204E+00 2.32805E+00 2.50366E+00 2.67269E+00 2.66898E+00 2.68391E+00 2.70788E+00 2.50369E+00 2.32805E+00 1.90204E+00 5.99886E+01
1.99727E+00 2.42134E+00 2.59637E+00 2.76474E+00 2.76109E+00 2.77634E+00 2.80051E+00 2.59641E+00 2.42134E+00 1.99727E+00 6.21583E+01
2.09181E+00 2.51400E+00 2.68847E+00 2.85619E+00 2.85262E+00 2.86818E+00 2.89254E+00 2.68851E+00 2.51400E+00 2.09181E+00 6.42946E+01
2.18564E+00 2.60602E+00 2.77994E+00 2.94704E+00 2.94353E+00 2.95940E+00 2.98394E+00 2.77997E+00 2.60602E+00 2.18564E+00 6.63975E+01
2.27876E+00 2.69736E+00 2.87075E+00 3.03725E+00 3.03381E+00 3.04997E+00 3.07470E+00 2.87079E+00 2.69736E+00 2.27876E+00 6.84670E+01
2.37113E+00 2.78802E+00 2.96089E+00 3.12680E+00 3.12343E+00 3.13989E+00 3.16479E+00 2.96093E+00 2.78802E+00 2.37113E+00 7.05034E+01
2.46277E+00 2.87798E+00 3.05035E+00 3.21569E+00 3.21238E+00 3.22914E+00 3.25422E+00 3.05039E+00 2.87798E+00 2.46277E+00 7.25070E+01
2.55365E+00 2.96724E+00 3.13911E+00 3.30390E+00 3.30066E+00 3.31770E+00 3.34295E+00 3.13915E+00 2.96724E+00 2.55365E+00 7.44780E+01
2.64377E+00 3.05578E+00 3.22717E+00 3.39143E+00 3.38825E+00 3.40557E+00 3.43099E+00 3.22721E+00 3.05578E+00 2.64377E+00 7.64168E+01
2.73313E+00 3.14359E+00 3.31452E+00 3.47826E+00 3.47514E+00 3.49273E+00 3.51832E+00 3.31456E+00 3.14359E+00 2.73313E+00 7.83238E+01
2.82173E+00 3.23068E+00 3.40116E+00 3.56438E+00 3.56132E+00 3.57919E+00 3.60495E+00 3.40120E+00 3.23068E+00 2.82173E+00 8.01994E+01
2.90955E+00 3.31704E+00 3.48707E+00 3.64980E+00 3.64680E+00 3.66494E+00 3.69086E+00 3.48711E+00 3.31704E+00 2.90955E+00 8.20442E+01
2.99661E+00 3.40266E+00 3.57226E+00 3.73451E+00 3.73157E+00 3.74997E+00 3.77605E+00 3.57230E+00 3.40266E+00 2.99661E+00 8.38585E+01
3.08290E+00 3.48755E+00 3.65672E+00 3.81850E+00 3.81562E+00 3.83429E+00 3.86053E+00 3.65677E+00 3.48755E+00 3.08290E+00 8.56429E+01
3.16842E+00 3.57170E+00 3.74046E+00 3.90179E+00 3.89896E+00 3.91789E+00 3.94428E+00 3.74051E+00 3.57170E+00 3.16842E+00 8.73978E+01
3.25318E+00 3.65512E+00 3.82348E+00 3.98436E+00 3.98158E+00 4.00077E+00 4.02731E+00 3.82352E+00 3.65512E+00 3.25318E+00 8.91238E+01
3.33718E+00 3.73781E+00 3.90577E+00 4.06621E+00 4.06350E+00 4.08293E+00 4.10963E+00 3.90582E+00 3.73781E+00 3.33718E+00 9.08214E+01
3.42043E+00 3.81978E+00 3.98734E+00 4.14736E+00 4.14470E+00 4.16438E+00 4.19123E+00 3.98739E+00 3.81978E+00 3.42043E+00 9.24910E+01
3.50292E+00 3.90101E+00 4.06820E+00 4.22780E+00 4.22519E+00 4.24512E+00 4.27211E+00 4.06824E+00 3.90101E+00 3.50292E+00 9.41333E+01
3.58466E+00 3.98153E+00 4.14833E+00 4.30753E+00 4.30498E+00 4.32515E+00 4.35229E+00 4.14839E+00 3.98153E+00 3.58466E+00 9.57486E+01
3.66566E+00 4.06132E+00 4.22776E+00 4.38656E+00 4.38406E+00 4.40447E+00 4.43175E+00 4.22782E+00 4.06132E+00 3.66566E+00 9.73376E+01
3.74592E+00 4.14040E+00 4.30649E+00 4.46490E+00 4.46244E+00 4.48309E+00 4.51052E+00 4.30654E+00 4.14040E+00 3.74592E+00 9.89007E+01
3.82545E+00 4.21878E+00 4.38451E+00 4.54254E+00 4.54014E+00 4.56102E+00 4.58858E+00 4.38456E+00 4.21878E+00 3.82545E+00 1.00438E+02
0.00000E+00 0.00000E+00 1.34665E-01 3.22434E-01 3.15968E-01 3.19624E-01 3.37207E-01 1.34662E-01 0.00000E+00 0.00000E+00 -1.25231E+00
0.00000E+00 0.00000E+00 1.74170E-01 3.57923E-01 3.51773E-01 3.56541E-01 3.74861E-01 1.74169E-01 0.00000E+00 0.00000E+00 -1.60831E-01
0.00000E+00 3.74869E-02 2.24970E-01 4.05468E-01 3.99592E-01 4.05355E-01 4.24318E-01 2.24971E-01 3.74869E-02 0.00000E+00 1.20977E+00
0.00000E+00 9.83764E-02 2.83567E-01 4.61301E-01 4.55673E-01 4.62350E-01 4.81896E-01 2.83571E-01 9.83764E-02 0.00000E+00 2.79702E+00
0.00000E+00 1.64736E-01 3.47904E-01 5.23227E-01 5.17825E-01 5.25357E-01 5.45437E-01 3.47910E-01 1.64736E-01 0.00000E+00 4.57312E+00
0.00000E+00 2.35035E-01 4.16394E-01 5.89585E-01 5.84392E-01 5.92726E-01 6.13303E-01 4.16402E-01 2.35035E-01 0.00000E+00 6.48977E+00
0.00000E+00 3.08211E-01 4.87933E-01 6.59216E-01 6.54217E-01 6.63310E-01 6.84351E-01 4.87943E-01 3.08211E-01 0.00000E+00 8.50824E+00
0.00000E+00 3.83494E-01 5.61722E-01 7.31280E-01 7.26464E-01 7.36276E-01 7.57754E-01 5.61735E-01 3.83494E-01 0.00000E+00 1.05978E+01
3.12057E-02 4.59637E-01 6.36499E-01 8.04494E-01 7.99849E-01 8.10344E-01 8.32234E-01 6.36514E-01 4.59637E-01 3.12057E-02 1.26795E+01
1.11907E-01 5.36141E-01 7.11743E-01 8.78307E-01 8.73823E-01 8.84972E-01 9.07254E-01 7.11759E-01 5.36141E-01 1.11907E-01 1.47045E+01
1.93479E-01 6.13790E-01 7.88210E-01 9.53446E-01 9.49116E-01 9.60895E-01 9.83554E-01 7.88228E-01 6.13790E-01 1.93479E-01 1.67456E+01
2.75620E-01 6.92248E-01 8.65558E-01 1.02955E+00 1.02537E+00 1.03776E+00 1.06078E+00 8.65578E-01 6.92248E-01 2.75620E-01 1.87925E+01
3.58086E-01 7.71244E-01 9.43506E-01 1.10634E+00 1.10230E+00 1.11528E+00 1.13865E+00 9.43528E-01 7.71244E-01 3.58086E-01 2.08368E+01
4.40676E-01 8.50555E-01 1.02183E+00 1.18357E+00 1.17967E+00 1.19322E+00 1.21692E+00 1.02185E+00 8.50555E-01 4.40676E-01 2.28717E+01
5.23227E-01 9.30000E-01 1.10033E+00 1.26105E+00 1.25727E+00 1.27138E+00 1.29541E+00 1.10036E+00 9.30000E-01 5.23227E-01 2.48918E+01
6.05604E-01 1.00943E+00 1.17886E+00 1.33861E+00 1.33496E+00 1.34960E+00 1.37395E+00 1.17889E+00 1.00943E+00 6.05604E-01 2.68925E+01
6.87695E-01 1.08871E+00 1.25729E+00 1.41611E+00 1.41259E+00 1.42775E+00 1.45241E+00 1.25732E+00 1.08871E+00 6.87695E-01 2.88704E+01
7.69407E-01 1.16774E+00 1.33551E+00 1.49345E+00 1.49005E+00 1.50572E+00 1.53067E+00 1.33554E+00 1.16774E+00 7.69407E-01 3.08228E+01
8.50663E-01 1.24643E+00 1.41342E+00 1.57053E+00 1.56724E+00 1.58341E+00 1.60865E+00 1.41345E+00 1.24643E+00 8.50663E-01 3.27475E+01
9.31399E-01 1.32471E+00 1.49095E+00 1.64727E+00 1.64409E+00 1.66075E+00 1.68626E+00 1.49098E+00 1.32471E+00 9.31399E-01 3.46428E+01
1.01156E+00 1.40251E+00 1.56803E+00 1.72360E+00 1.72052E+00 1.73765E+00 1.76345E+00 1.56807E+00 1.40251E+00 1.01156E+00 3.65075E+01
1.09111E+00 1.47979E+00 1.64462E+00 1.79946E+00 1.79649E+00 1.81408E+00 1.84014E+00 1.64466E+00 1.47979E+00 1.09111E+00 3.83408E+01
1.17000E+00 1.55650E+00 1.72067E+00 1.87481E+00 1.87194E+00 1.88999E+00 1.91631E+00 1.72070E+00 1.55650E+00 1.17000E+00 4.01421E+01
1.24820E+00 1.63261E+00 1.79613E+00 1.94960E+00 1.94683E+00 1.96532E+00 1.99190E+00 1.79617E+00 1.63261E+00 1.24820E+00 4.19109E+01
1.32570E+00 1.70808E+00 1.87098E+00 2.02381E+00 2.02114E+00 2.04006E+00 2.06689E+00 1.87102E+00 1.70808E+00 1.32570E+00 4.36471E+01
1.40247E+00 1.78289E+00 1.94520E+00 2.09741E+00 2.09483E+00 2.11418E+00 2.14125E+00 1.94524E+00 1.78289E+00 1.40247E+00 4.53508E+01
1.47850E+00 1.85703E+00 2.01875E+00 2.17037E+00 2.16788E+00 2.18764E+00 2.21495E+00 2.01880E+00 1.85703E+00 1.47850E+00 4.70220E+01
1.55378E+00 1.93048E+00 2.09163E+00 2.24267E+00 2.24028E+00 2.26045E+00 2.28799E+00 2.09168E+00 1.93048E+00 1.55378E+00 4.86610E+01
1.62829E+00 2.00321E+00 2.16383E+00 2.31431E+00 2.31200E+00 2.33257E+00 2.36034E+00 2.16387E+00 2.00321E+00 1.62829E+00 5.02681E+01
1.70203E+00 2.07524E+00 2.23532E+00 2.38527E+00 2.38304E+00 2.40401E+00 2.43200E+00 2.23537E+00 2.07524E+00 1.70203E+00 5.18436E+01
1.77500E+00 2.14654E+00 2.30611E+00 2.45553E+00 2.45339E+00 2.47474E+00 2.50296E+00 2.30616E+00 2.14654E+00 1.77500E+00 5.33880E+01
1.84720E+00 2.21711E+00 2.37618E+00 2.52511E+00 2.52305E+00 2.54478E+00 2.57321E+00 2.37623E+00 2.21711E+00 1.84720E+00 5.49018E+01
1.91863E+00 2.28696E+00 2.44554E+00 2.59398E+00 2.59200E+00 2.61410E+00 2.64275E+00 2.44560E+00 2.28696E+00 1.91863E+00 5.63856E+01
1.98928E+00 2.35608E+00 2.51419E+00 2.66215E+00 2.66025E+00 2.68272E+00 2.71158E+00 2.51424E+00 2.35608E+00 1.98928E+00 5.78397E+01
2.05916E+00 2.42447E+00 2.58211E+00 2.72962E+00 2.72779E+00 2.75062E+00 2.77969E+00 2.58217E+00 2.42447E+00 2.05916E+00 5.92650E+01
2.12827E+00 2.49213E+00 2.64932E+00 2.79638E+00 2.79463E+00 2.81781E+00 2.84708E+00 2.64938E+00 2.49213E+00 2.12827E+00 6.06618E+01
2.19663E+00 2.55906E+00 2.71582E+00 2.86244E+00 2.86077E+00 2.88430E+00 2.91377E+00 2.71588E+00 2.55906E+00 2.19663E+00 6.20308E+01
2.26422E+00 2.62528E+00 2.78161E+00 2.92781E+00 2.92621E+00 2.95008E+00 2.97974E+00 2.78167E+00 2.62528E+00 2.26422E+00 6.33725E+01
2.33107E+00 2.69078E+00 2.84669E+00 2.99248E+00 2.99095E+00 3.01516E+00 3.04501E+00 2.84675E+00 2.69078E+00 2.33107E+00 6.46877E+01
2.39717E+00 2.75556E+00 2.91106E+00 3.05645E+00 3.05499E+00 3.07954E+00 3.10958E+00 2.91112E+00 2.75556E+00 2.39717E+00 6.59768E+01
2.46254E+00 2.81964E+00 2.97474E+00 3.11974E+00 3.11835E+00 3.14322E+00 3.17346E+00 2.97481E+00 2.81964E+00 2.46254E+00 6.72404E+01
2.52718E+00 2.88302E+00 3.03773E+00 3.18235E+00 3.18103E+00 3.20622E+00 3.23664E+00 3.03780E+00 2.88302E+00 2.52718E+00 6.84792E+01
2.59110E+00 2.94571E+00 3.10004E+00 3.24429E+00 3.24303E+00 3.26854E+00 3.29914E+00 3.10010E+00 2.94571E+00 2.59110E+00 6.96937E+01
2.65430E+00 3.00771E+00 3.16167E+00 3.30555E+00 3.30436E+00 3.33019E+00 3.36097E+00 3.16173E+00 3.00771E+00 2.65430E+00 7.08845E+01
2.71680E+00 3.06904E+00 3.22262E+00 3.36615E+00 3.36503E+00 3.39116E+00 3.42212E+00 3.22269E+00 3.06904E+00 2.71680E+00 7.20521E+01
2.77860E+00 3.12969E+00 3.28292E+00 3.42610E+00 3.42504E+00 3.45148E+00 3.48261E+00 3.28298E+00 3.12969E+00 2.77860E+00 7.31970E+01
2.83972E+00 3.18968E+00 3.34255E+00 3.48540E+00 3.48440E+00 3.51114E+00 3.54244E+00 3.34262E+00 3.18968E+00 2.83972E+00 7.43199E+01
2.90016E+00 3.24901E+00 3.40154E+00 3.54406E+00 3.54311E+00 3.57015E+00 3.60163E+00 3.40161E+00 3.24901E+00 2.90016E+00 7.54212E+01
2.95993E+00 3.30770E+00 3.45989E+00 3.60208E+00 3.60120E+00 3.62853E+00 3.66017E+00 3.45996E+00 3.30770E+00 2.95993E+00 7.65015E+01
3.01904E+00 3.36574E+00 3.51760E+00 3.65948E+00 3.65865E+00 3.68628E+00 3.71809E+00 3.51767E+00 3.36574E+00 3.01904E+00 7.75613E+01
0.00000E+00 0.00000E+00 1.20421E-01 2.86884E-01 2.81138E-01 2.86775E-01 3.06673E-01 1.20417E-01 0.00000E+00 0.00000E+00 -1.17316E+00
0.00000E+00 0.00000E+00 1.59672E-01 3.22784E-01 3.17449E-01 3.24595E-01 3.45368E-01 1.59671E-01 0.00000E+00 0.00000E+00 -6.81762E-02
0.00000E+00 3.50596E-02 2.07454E-01 3.67855E-01 3.62874E-01 3.71360E-01 3.92898E-01 2.07457E-01 3.50596E-02 0.00000E+00 1.25288E+00
0.00000E+00 9.06998E-02 2.60953E-01 4.19056E-01 4.14390E-01 4.24102E-01 4.46332E-01 2.60959E-01 9.06998E-02 0.00000E+00 2.73107E+00
0.00000E+00 1.50144E-01 3.18506E-01 4.74608E-01 4.70230E-01 4.81080E-01 5.03946E-01 3.18515E-01 1.50144E-01 0.00000E+00 4.34129E+00
0.00000E+00 2.12162E-01 3.78830E-01 5.33164E-01 5.29051E-01 5.40964E-01 5.64422E-01 3.78842E-01 2.12162E-01 0.00000E+00 6.04090E+00
0.00000E+00 2.75911E-01 4.41046E-01 5.93800E-01 5.89932E-01 6.02845E-01 6.26858E-01 4.41061E-01 2.75911E-01 0.00000E+00 7.79747E+00
0.00000E+00 3.40794E-01 5.04530E-01 6.55857E-01 6.52217E-01 6.66076E-01 6.90610E-01 5.04548E-01 3.40794E-01 0.00000E+00 9.58651E+00
2.68164E-02 4.05937E-01 5.68391E-01 7.18425E-01 7.14999E-01 7.29752E-01 7.54778E-01 5.68412E-01 4.05937E-01 2.68164E-02 1.13407E+01
9.57221E-02 4.70995E-01 6.32266E-01 7.81118E-01 7.77892E-01 7.93498E-01 8.18992E-01 6.32290E-01 4.70995E-01 9.57221E-02 1.30215E+01
1.64779E-01 5.36454E-01 6.96616E-01 8.44372E-01 8.41336E-01 8.57760E-01 8.83703E-01 6.96643E-01 5.36454E-01 1.64779E-01 1.46966E+01
2.33777E-01 6.02074E-01 7.61193E-01 9.07925E-01 9.05071E-01 9.22285E-01 9.48659E-01 7.61222E-01 6.02074E-01 2.33777E-01 1.63590E+01
3.02549E-01 6.67663E-01 8.25797E-01 9.71572E-01 9.68892E-01 9.86867E-01 1.01366E+00 8.25829E-01 6.67663E-01 3.02549E-01 1.80032E+01
3.70964E-01 7.33070E-01 8.90272E-01 1.03515E+00 1.03263E+00 1.05134E+00 1.07854E+00 8.90306E-01 7.33070E-01 3.70964E-01 1.96251E+01
4.38919E-01 7.98173E-01 9.54490E-01 1.09852E+00 1.09616E+00 1.11559E+00 1.14317E+00 9.54527E-01 7.98173E-01 4.38919E-01 2.12213E+01
5.06331E-01 8.62874E-01 1.01835E+00 1.16158E+00 1.15938E+00 1.17949E+00 1.20745E+00 1.01839E+00 8.62874E-01 5.06331E-01 2.27895E+01
5.73134E-01 9.27096E-01 1.08177E+00 1.22424E+00 1.22219E+00 1.24297E+00 1.27129E+00 1.08181E+00 9.27096E-01 5.73134E-01 2.43280E+01
6.39277E-01 9.90776E-01 1.14468E+00 1.28643E+00 1.28452E+00 1.30595E+00 1.33463E+00 1.14472E+00 9.90776E-01 6.39277E-01 2.58357E+01
7.04720E-01 1.05386E+00 1.20703E+00 1.34809E+00 1.34632E+00 1.36839E+00 1.39741E+00 1.20708E+00 1.05386E+00 7.04720E-01 2.73116E+01
7.69432E-01 1.11632E+00 1.26878E+00 1.40919E+00 1.40755E+00 1.43024E+00 1.45959E+00 1.26883E+00 1.11632E+00 7.69432E-01 2.87554E+01
8.33388E-01 1.17811E+00 1.32989E+00 1.46967E+00 1.46817E+00 1.49145E+00 1.52114E+00 1.32994E+00 1.17811E+00 8.33388E-01 3.01669E+01
8.96572E-01 1.23921E+00 1.39034E+00 1.52952E+00 1.52814E+00 1.55202E+00 1.58202E+00 1.39040E+00 1.23921E+00 8.96572E-01 3.15461E+01
9.58972E-01 1.29960E+00 1.45011E+00 1.58872E+00 1.58746E+00 1.61190E+00 1.64222E+00 1.45016E+00 1.29960E+00 9.58972E-01 3.28932E+01
1.02058E+00 1.35928E+00 1.50918E+00 1.64724E+00 1.64610E+00 1.67110E+00 1.70172E+00 1.50923E+00 1.35928E+00 1.02058E+00 3.42087E+01
1.08139E+00 1.41823E+00 1.56754E+00 1.70507E+00 1.70404E+00 1.72959E+00 1.76051E+00 1.56760E+00 1.41823E+00 1.08139E+00 3.54928E+01
1.14140E+00 1.47644E+00 1.62518E+00 1.76220E+00 1.76129E+00 1.78737E+00 1.81858E+00 1.62524E+00 1.47644E+00 1.14140E+00 3.67462E+01
1.20061E+00 1.53391E+00 1.68210E+00 1.81863E+00 1.81783E+00 1.84443E+00 1.87593E+00 1.68217E+00 1.53391E+00 1.20061E+00 3.79693E+01
1.25903E+00 1.59064E+00 1.73830E+00 1.87436E+00 1.87366E+00 1.90078E+00 1.93255E+00 1.73837E+00 1.59064E+00 1.25903E+00 3.91629E+01
1.31665E+00 1.64663E+00 1.79378E+00 1.92938E+00 1.92879E+00 1.95640E+00 1.98845E+00 1.79385E+00 1.64663E+00 1.31665E+00 4.03276E+01
1.37350E+00 1.70189E+00 1.84854E+00 1.98369E+00 1.98320E+00 2.01131E+00 2.04363E+00 1.84861E+00 1.70189E+00 1.37350E+00 4.14641E+01
1.42956E+00 1.75642E+00 1.90258E+00 2.03731E+00 2.03691E+00 2.06550E+00 2.09808E+00 1.90265E+00 1.75642E+00 1.42956E+00 4.25730E+01
1.48486E+00 1.81022E+00 1.95591E+00 2.09022E+00 2.08993E+00 2.11898E+00 2.15182E+00 1.95598E+00 1.81022E+00 1.48486E+00 4.36551E+01
1.53940E+00 1.86331E+00 2.00853E+00 2.14244E+00 2.14224E+00 2.17176E+00 2.20486E+00 2.00861E+00 1.86331E+00 1.53940E+00 4.47111E+01
1.59318E+00 1.91568E+00 2.06046E+00 2.19398E+00 2.19387E+00 2.22385E+00 2.25719E+00 2.06054E+00 1.91568E+00 1.59318E+00 4.57416E+01
1.64623E+00 1.96735E+00 2.11169E+00 2.24483E+00 2.24481E+00 2.27524E+00 2.30883E+00 2.11177E+00 1.96735E+00 1.64623E+00 4.67473E+01
1.69854E+00 2.01833E+00 2.16224E+00 2.29501E+00 2.29508E+00 2.32595E+00 2.35978E+00 2.16232E+00 2.01833E+00 1.69854E+00 4.77290E+01
1.75014E+00 2.06862E+00 2.21212E+00 2.34453E+00 2.34469E+00 2.37598E+00 2.41005E+00 2.21220E+00 2.06862E+00 1.75014E+00 4.86873E+01
1.80103E+00 2.11823E+00 2.26133E+00 2.39339E+00 2.39363E+00 2.42535E+00 2.45965E+00 2.26141E+00 2.11823E+00 1.80103E+00 4.96228E+01
1.85122E+00 2.16718E+00 2.30988E+00 2.44160E+00 2.44193E+00 2.47406E+00 2.50859E+00 2.30996E+00 2.16718E+00 1.85122E+00 5.05363E+01
1.90072E+00 2.21548E+00 2.35778E+00 2.48918E+00 2.48958E+00 2.52213E+00 2.55688E+00 2.35787E+00 2.21548E+00 1.90072E+00 5.14282E+01
1.94955E+00 2.26312E+00 2.40505E+00 2.53612E+00 2.53661E+00 2.56955E+00 2.60454E+00 2.40514E+00 2.26312E+00 1.94955E+00 5.22993E+01
1.99772E+00 2.31013E+00 2.45169E+00 2.58244E+00 2.58301E+00 2.61635E+00 2.65155E+00 2.45177E+00 2.31013E+00 1.99772E+00 5.31502E+01
2.04524E+00 2.35651E+00 2.49771E+00 2.62816E+00 2.62880E+00 2.66254E+00 2.69795E+00 2.49780E+00 2.35651E+00 2.04524E+00 5.39813E+01
2.09211E+00 2.40228E+00 2.54312E+00 2.67327E+00 2.67398E+00 2.70811E+00 2.74374E+00 2.54321E+00 2.40228E+00 2.09211E+00 5.47934E+01
2.13836E+00 2.44744E+00 2.58793E+00 2.71779E+00 2.71858E+00 2.75308E+00 2.78892E+00 2.58802E+00 2.44744E+00 2.13836E+00 5.55868E+01
2.18398E+00 2.49200E+00 2.63215E+00 2.76172E+00 2.76259E+00 2.79747E+00 2.83351E+00 2.63225E+00 2.49200E+00 2.18398E+00 5.63622E+01
2.22900E+00 2.53598E+00 2.67580E+00 2.80509E+00 2.80602E+00 2.84127E+00 2.87752E+00 2.67589E+00 2.53598E+00 2.22900E+00 5.71201E+01
2.27343E+00 2.57939E+00 2.71887E+00 2.84789E+00 2.84890E+00 2.88451E+00 2.92096E+00 2.71897E+00 2.57939E+00 2.27343E+00 5.78610E+01
2.31726E+00 2.62222E+00 2.76139E+00 2.89014E+00 2.89121E+00 2.92718E+00 2.96384E+00 2.76148E+00 2.62222E+00 2.31726E+00 5.85852E+01
2.36052E+00 2.66450E+00 2.80335E+00 2.93184E+00 2.93298E+00 2.96931E+00 3.00616E+00 2.80345E+00 2.66450E+00 2.36052E+00 5.92934E+01
0.00000E+00 0.00000E+00 1.07617E-01 2.56200E-01 2.51521E-01 2.60164E-01 2.82735E-01 1.07611E-01 0.00000E+00 0.00000E+00 -1.06219E+00
0.00000E+00 0.00000E+00 1.46314E-01 2.92154E-01 2.87995E-01 2.98670E-01 3.22282E-01 1.46313E-01 0.00000E+00 0.00000E+00 5.75944E-02
0.00000E+00 3.26835E-02 1.91083E-01 3.34709E-01 3.30995E-01 3.43458E-01 3.67984E-01 1.91088E-01 3.26835E-02 0.00000E+00 1.32697E+00
0.00000E+00 8.33587E-02 2.39745E-01 3.81497E-01 3.78178E-01 3.92264E-01 4.17618E-01 2.39754E-01 8.33587E-02 0.00000E+00 2.69568E+00
0.00000E+00 1.36400E-01 2.91006E-01 4.31128E-01 4.28166E-01 4.43751E-01 4.69869E-01 2.91020E-01 1.36400E-01 0.00000E+00 4.14431E+00
0.00000E+00 1.90855E-01 3.43866E-01 4.82550E-01 4.79914E-01 4.96894E-01 5.23721E-01 3.43885E-01 1.90855E-01 0.00000E+00 5.63756E+00
0.00000E+00 2.46090E-01 3.97656E-01 5.35055E-01 5.32720E-01 5.51005E-01 5.78496E-01 3.97679E-01 2.46090E-01 0.00000E+00 7.15013E+00
0.00000E+00 3.01665E-01 4.51910E-01 5.88149E-01 5.86094E-01 6.05607E-01 6.33725E-01 4.51937E-01 3.01665E-01 0.00000E+00 8.66400E+00
2.28891E-02 3.56999E-01 5.06033E-01 6.41223E-01 6.39427E-01 6.60097E-01 6.88806E-01 5.06064E-01 3.56999E-01 2.28891E-02 1.01235E+01
8.13076E-02 4.11875E-01 5.59791E-01 6.94020E-01 6.92467E-01 7.14234E-01 7.43504E-01 5.59826E-01 4.11875E-01 8.13076E-02 1.14993E+01
1.39330E-01 4.66583E-01 6.13450E-01 7.46788E-01 7.45464E-01 7.68283E-01 7.98091E-01 6.13488E-01 4.66583E-01 1.39330E-01 1.28537E+01
1.96824E-01 5.20965E-01 6.66844E-01 7.99351E-01 7.98247E-01 8.22074E-01 8.52401E-01 6.66886E-01 5.20965E-01 1.96824E-01 1.41828E+01
2.53694E-01 5.74901E-01 7.19847E-01 8.51576E-01 8.50680E-01 8.75478E-01 9.06305E-01 7.19893E-01 5.74901E-01 2.53694E-01 1.54835E+01
3.09867E-01 6.28299E-01 7.72362E-01 9.03360E-01 9.02664E-01 9.28397E-01 9.59706E-01 7.72412E-01 6.28299E-01 3.09867E-01 1.67539E+01
3.65289E-01 6.81090E-01 8.24315E-01 9.54624E-01 9.54118E-01 9.80755E-01 1.01253E+00 8.24368E-01 6.81090E-01 3.65289E-01 1.79925E+01
4.19922E-01 7.33223E-01 8.75649E-01 1.00531E+00 1.00498E+00 1.03249E+00 1.06472E+00 8.75705E-01 7.33223E-01 4.19922E-01 1.91987E+01
4.73740E-01 7.84659E-01 9.26323E-01 1.05536E+00 1.05522E+00 1.08357E+00 1.11624E+00 9.26382E-01 7.84659E-01 4.73740E-01 2.03722E+01
5.26725E-01 8.35370E-01 9.76304E-01 1.10476E+00 1.10478E+00 1.13396E+00 1.16705E+00 9.76367E-01 8.35370E-01 5.26725E-01 2.15130E+01
5.78867E-01 8.85337E-01 1.02557E+00 1.15347E+00 1.15365E+00 1.18362E+00 1.21713E+00 1.02564E+00 8.85337E-01 5.78867E-01 2.26213E+01
6.30161E-01 9.34546E-01 1.07411E+00 1.20147E+00 1.20182E+00 1.23256E+00 1.26647E+00 1.07418E+00 9.34546E-01 6.30161E-01 2.36976E+01
6.80607E-01 9.82991E-01 1.12191E+00 1.24876E+00 1.24926E+00 1.28075E+00 1.31506E+00 1.12198E+00 9.82991E-01 6.80607E-01 2.47425E+01
7.30209E-01 1.03067E+00 1.16897E+00 1.29533E+00 1.29598E+00 1.32820E+00 1.36289E+00 1.16904E+00 1.03067E+00 7.30209E-01 2.57565E+01
7.78972E-01 1.07758E+00 1.21528E+00 1.34118E+00 1.34196E+00 1.37490E+00 1.40996E+00 1.21536E+00 1.07758E+00 7.78972E-01 2.67406E+01
8.26905E-01 1.12373E+00 1.26085E+00 1.38630E+00 1.38722E+00 1.42085E+00 1.45628E+00 1.26093E+00 1.12373E+00 8.26905E-01 2.76954E+01
8.74018E-01 1.16912E+00 1.30569E+00 1.43070E+00 1.43176E+00 1.46607E+00 1.50185E+00 1.30577E+00 1.16912E+00 8.74018E-01 2.86218E+01
9.20324E-01 1.21376E+00 1.34979E+00 1.47439E+00 1.47557E+00 1.51054E+00 1.54667E+00 1.34987E+00 1.21376E+00 9.20324E-01 2.95207E+01
9.65833E-01 1.25766E+00 1.39316E+00 1.51736E+00 1.51867E+00 1.55429E+00 1.59076E+00 1.39325E+00 1.25766E+00 9.65833E-01 3.03929E+01
1.01056E+00 1.30083E+00 1.43583E+00 1.55964E+00 1.56107E+00 1.59732E+00 1.63412E+00 1.43592E+00 1.30083E+00 1.01056E+00 3.12393E+01
1.05452E+00 1.34328E+00 1.47778E+00 1.60122E+00 1.60277E+00 1.63964E+00 1.67677E+00 1.47788E+00 1.34328E+00 1.05452E+00 3.20607E+01
1.09773E+00 1.38502E+00 1.51905E+00 1.64212E+00 1.64379E+00 1.68126E+00 1.71871E+00 1.51914E+00 1.38502E+00 1.09773E+00 3.28579E+01
1.14019E+00 1.42606E+00 1.55963E+00 1.68235E+00 1.68413E+00 1.72219E+00 1.75996E+00 1.55972E+00 1.42606E+00 1.14019E+00 3.36317E+01
1.18193E+00 1.46643E+00 1.59953E+00 1.72192E+00 1.72381E+00 1.76245E+00 1.80053E+00 1.59964E+00 1.46643E+00 1.18193E+00 3.43830E+01
1.22297E+00 1.50611E+00 1.63878E+00 1.76084E+00 1.76284E+00 1.80204E+00 1.84042E+00 1.63889E+00 1.50611E+00 1.22297E+00 3.51125E+01
1.26331E+00 1.54515E+00 1.67739E+00 1.79912E+00 1.80123E+00 1.84098E+00 1.87967E+00 1.67749E+00 1.54515E+00 1.26331E+00 3.58209E+01
1.30296E+00 1.58353E+00 1.71535E+00 1.83677E+00 1.83899E+00 1.87929E+00 1.91826E+00 1.71546E+00 1.58353E+00 1.30296E+00 3.65091E+01
1.34196E+00 1.62129E+00 1.75270E+00 1.87382E+00 1.87613E+00 1.91697E+00 1.95623E+00 1.75281E+00 1.62129E+00 1.34196E+00 3.71776E+01
1.38030E+00 1.65842E+00 1.78944E+00 1.91026E+00 1.91267E+00 1.95403E+00 1.99358E+00 1.78955E+00 1.65842E+00 1.38030E+00 3.78272E+01
1.41801E+00 1.69495E+00 1.82558E+00 1.94611E+00 1.94862E+00 1.99050E+00 2.03032E+00 1.82569E+00 1.69495E+00 1.41801E+00 3.84584E+01
1.45509E+00 1.73088E+00 1.86113E+00 1.98139E+00 1.98399E+00 2.02637E+00 2.06647E+00 1.86125E+00 1.73088E+00 1.45509E+00 3.90720E+01
1.49157E+00 1.76624E+00 1.89611E+00 2.01610E+00 2.01879E+00 2.06167E+00 2.10204E+00 1.89623E+00 1.76624E+00 1.49157E+00 3.96686E+01
1.52745E+00 1.80102E+00 1.93053E+00 2.05025E+00 2.05303E+00 2.09641E+00 2.13704E+00 1.93066E+00 1.80102E+00 1.52745E+00 4.02487E+01
1.56275E+00 1.83525E+00 1.96441E+00 2.08386E+00 2.08674E+00 2.13059E+00 2.17148E+00 1.96453E+00 1.83525E+00 1.56275E+00 4.08128E+01
1.59748E+00 1.86893E+00 1.99774E+00 2.11694E+00 2.11990E+00 2.16423E+00 2.20538E+00 1.99787E+00 1.86893E+00 1.59748E+00 4.13616E+01
1.63166E+00 1.90208E+00 2.03055E+00 2.14950E+00 2.15255E+00 2.19734E+00 2.23874E+00 2.03068E+00 1.90208E+00 1.63166E+00 4.18956E+01
1.66529E+00 1.93470E+00 2.06284E+00 2.18155E+00 2.18468E+00 2.22993E+00 2.27159E+00 2.06297E+00 1.93470E+00 1.66529E+00 4.24151E+01
1.69839E+00 1.96682E+00 2.09463E+00 2.21311E+00 2.21632E+00 2.26201E+00 2.30392E+00 2.09476E+00 1.96682E+00 1.69839E+00 4.29208E+01
1.73097E+00 1.99844E+00 2.12593E+00 2.24417E+00 2.24746E+00 2.29360E+00 2.33575E+00 2.12606E+00 1.99844E+00 1.73097E+00 4.34131E+01
1.76304E+00 2.02956E+00 2.15674E+00 2.27476E+00 2.27813E+00 2.32470E+00 2.36709E+00 2.15688E+00 2.02956E+00 1.76304E+00 4.38923E+01
1.79462E+00 2.06021E+00 2.18708E+00 2.30488E+00 2.30832E+00 2.35533E+00 2.39795E+00 2.18722E+00 2.06021E+00 1.79462E+00 4.43590E+01
1.82571E+00 2.09040E+00 2.21696E+00 2.33454E+00 2.33806E+00 2.38549E+00 2.42835E+00 2.21710E+00 2.09040E+00 1.82571E+00 4.48136E+01
0.00000E+00 0.00000E+00 9.61097E-02 2.30044E-01 2.26876E-01 2.40048E-01 2.65667E-01 9.61010E-02 0.00000E+00 0.00000E+00 -9.03091E-01
0.00000E+00 0.00000E+00 1.33966E-01 2.65710E-01 2.63186E-01 2.79059E-01 3.05932E-01 1.33966E-01 0.00000E+00 0.00000E+00 2.27365E-01
0.00000E+00 3.03520E-02 1.75721E-01 3.05699E-01 3.03720E-01 3.21950E-01 3.49924E-01 1.75728E-01 3.03520E-02 0.00000E+00 1.43875E+00
0.00000E+00 7.63150E-02 2.19775E-01 3.48258E-01 3.46761E-01 3.67115E-01 3.96089E-01 2.19790E-01 7.63150E-02 0.00000E+00 2.69445E+00
0.00000E+00 1.23408E-01 2.65177E-01 3.92362E-01 3.91296E-01 4.13599E-01 4.43497E-01 2.65199E-01 1.23408E-01 0.00000E+00 3.98332E+00
0.00000E+00 1.70940E-01 3.11193E-01 4.37230E-01 4.36558E-01 4.60664E-01 4.91420E-01 3.11221E-01 1.70940E-01 0.00000E+00 5.27871E+00
0.00000E+00 2.18469E-01 3.57346E-01 4.82358E-01 4.82046E-01 5.07831E-01 5.39393E-01 3.57381E-01 2.18469E-01 0.00000E+00 6.56296E+00
0.00000E+00 2.65700E-01 4.03320E-01 5.27406E-01 5.27426E-01 5.54785E-01 5.87106E-01 4.03361E-01 2.65700E-01 0.00000E+00 7.82446E+00
1.93790E-02 3.12283E-01 4.48749E-01 5.71995E-01 5.72324E-01 6.01157E-01 6.34194E-01 4.48796E-01 3.12283E-01 1.93790E-02 9.01872E+00
6.84865E-02 3.58106E-01 4.93504E-01 6.15982E-01 6.16597E-01 6.46821E-01 6.80537E-01 4.93556E-01 3.58106E-01 6.84865E-02 1.01246E+01
1.16796E-01 4.03341E-01 5.37737E-01 6.59501E-01 6.60386E-01 6.91937E-01 7.26307E-01 5.37795E-01 4.03341E-01 1.16796E-01 1.11990E+01
1.64245E-01 4.47901E-01 5.81355E-01 7.02451E-01 7.03592E-01 7.36415E-01 7.71411E-01 5.81418E-01 4.47901E-01 1.64245E-01 1.22402E+01
2.10796E-01 4.91729E-01 6.24291E-01 7.44762E-01 7.46146E-01 7.80187E-01 8.15788E-01 6.24359E-01 4.91729E-01 2.10796E-01 1.32474E+01
2.56426E-01 5.34782E-01 6.66499E-01 7.86382E-01 7.87998E-01 8.23209E-01 8.59395E-01 6.66572E-01 5.34782E-01 2.56426E-01 1.42204E+01
3.01124E-01 5.77037E-01 7.07951E-01 8.27279E-01 8.29115E-01 8.65453E-01 9.02203E-01 7.08029E-01 5.77037E-01 3.01124E-01 1.51595E+01
3.44888E-01 6.18478E-01 7.48627E-01 8.67429E-01 8.69476E-01 9.06901E-01 9.44198E-01 7.48709E-01 6.18478E-01 3.44888E-01 1.60651E+01
3.87723E-01 6.59100E-01 7.88517E-01 9.06820E-01 9.09070E-01 9.47543E-01 9.85371E-01 7.88604E-01 6.59100E-01 3.87723E-01 1.69379E+01
4.29639E-01 6.98901E-01 8.27620E-01 9.45448E-01 9.47892E-01 9.87379E-01 1.02572E+00 8.27711E-01 6.98901E-01 4.29639E-01 1.77789E+01
4.70648E-01 7.37888E-01 8.65936E-01 9.83311E-01 9.85942E-01 1.02641E+00 1.06525E+00 8.66032E-01 7.37888E-01 4.70648E-01 1.85890E+01
5.10767E-01 7.76068E-01 9.03473E-01 1.02041E+00 1.02322E+00 1.06464E+00 1.10397E+00 9.03572E-01 7.76068E-01 5.10767E-01 1.93693E+01
5.50012E-01 8.13453E-01 9.40238E-01 1.05677E+00 1.05975E+00 1.10209E+00 1.14189E+00 9.40342E-01 8.13453E-01 5.50012E-01 2.01208E+01
5.88404E-01 8.50055E-01 9.76245E-01 1.09237E+00 1.09552E+00 1.13876E+00 1.17903E+00 9.76353E-01 8.50055E-01 5.88404E-01 2.08447E+01
6.25962E-01 8.85891E-01 1.01150E+00 1.12725E+00 1.13056E+00 1.17467E+00 1.21539E+00 1.01162E+00 8.85891E-01 6.25962E-01 2.15419E+01
6.62706E-01 9.20974E-01 1.04603E+00 1.16141E+00 1.16488E+00 1.20983E+00 1.25099E+00 1.04615E+00 9.20974E-01 6.62706E-01 2.22136E+01
6.98658E-01 9.55322E-01 1.07984E+00 1.19487E+00 1.19849E+00 1.24427E+00 1.28585E+00 1.07996E+00 9.55322E-01 6.98658E-01 2.28608E+01
7.33836E-01 9.88952E-01 1.11295E+00 1.22764E+00 1.23140E+00 1.27798E+00 1.31999E+00 1.11308E+00 9.88952E-01 7.33836E-01 2.34845E+01
7.68263E-01 1.02188E+00 1.14538E+00 1.25974E+00 1.26364E+00 1.31100E+00 1.35342E+00 1.14551E+00 1.02188E+00 7.68263E-01 2.40857E+01
8.01959E-01 1.05413E+00 1.17714E+00 1.29117E+00 1.29522E+00 1.34334E+00 1.38616E+00 1.17727E+00 1.05413E+00 8.01959E-01 2.46653E+01
8.34943E-01 1.08570E+00 1.20824E+00 1.32197E+00 1.32614E+00 1.37501E+00 1.41823E+00 1.20838E+00 1.08570E+00 8.34943E-01 2.52242E+01
8.67235E-01 1.11663E+00 1.23871E+00 1.35214E+00 1.35644E+00 1.40604E+00 1.44964E+00 1.23885E+00 1.11663E+00 8.67235E-01 2.57634E+01
8.98855E-01 1.14693E+00 1.26856E+00 1.38169E+00 1.38613E+00 1.43643E+00 1.48041E+00 1.26870E+00 1.14693E+00 8.98855E-01 2.62835E+01
9.29822E-01 1.17661E+00 1.29780E+00 1.41066E+00 1.41521E+00 1.46621E+00 1.51056E+00 1.29795E+00 1.17661E+00 9.29822E-01 2.67855E+01
9.60153E-01 1.20569E+00 1.32646E+00 1.43904E+00 1.44371E+00 1.49540E+00 1.54011E+00 1.32661E+00 1.20569E+00 9.60153E-01 2.72701E+01
9.89866E-01 1.23419E+00 1.35454E+00 1.46686E+00 1.47165E+00 1.52399E+00 1.56907E+00 1.35469E+00 1.23419E+00 9.89866E-01 2.77380E+01
1.01898E+00 1.26211E+00 1.38207E+00 1.49412E+00 1.49903E+00 1.55203E+00 1.59745E+00 1.38222E+00 1.26211E+00 1.01898E+00 2.81899E+01
1.04751E+00 1.28949E+00 1.40905E+00 1.52085E+00 1.52587E+00 1.57950E+00 1.62527E+00 1.40921E+00 1.28949E+00 1.04751E+00 2.86264E+01
1.07547E+00 1.31633E+00 1.43550E+00 1.54706E+00 1.55218E+00 1.60644E+00 1.65255E+00 1.43566E+00 1.31633E+00 1.07547E+00 2.90482E+01
1.10288E+00 1.34264E+00 1.46144E+00 1.57276E+00 1.57799E+00 1.63286E+00 1.67930E+00 1.46160E+00 1.34264E+00 1.10288E+00 2.94559E+01
1.12976E+00 1.36845E+00 1.48688E+00 1.59796E+00 1.60329E+00 1.65877E+00 1.70554E+00 1.48704E+00 1.36845E+00 1.12976E+00 2.98501E+01
1.15611E+00 1.39375E+00 1.51183E+00 1.62268E+00 1.62811E+00 1.68418E+00 1.73127E+00 1.51200E+00 1.39375E+00 1.15611E+00 3.02312E+01
1.18196E+00 1.41858E+00 1.53630E+00 1.64693E+00 1.65246E+00 1.70911E+00 1.75652E+00 1.53648E+00 1.41858E+00 1.18196E+00 3.05999E+01
1.20732E+00 1.44293E+00 1.56032E+00 1.67073E+00 1.67635E+00 1.73357E+00 1.78129E+00 1.56049E+00 1.44293E+00 1.20732E+00 3.09565E+01
1.23219E+00 1.46683E+00 1.58388E+00 1.69407E+00 1.69980E+00 1.75757E+00 1.80559E+00 1.58405E+00 1.46683E+00 1.23219E+00 3.13017E+01
1.25660E+00 1.49028E+00 1.60700E+00 1.71699E+00 1.72280E+00 1.78112E+00 1.82945E+00 1.60718E+00 1.49028E+00 1.25660E+00 3.16357E+01
1.28055E+00 1.51330E+00 1.62970E+00 1.73948E+00 1.74538E+00 1.80424E+00 1.85287E+00 1.62988E+00 1.51330E+00 1.28055E+00 3.19591E+01
1.30406E+00 1.53590E+00 1.65198E+00 1.76155E+00 1.76755E+00 1.82694E+00 1.87586E+00 1.65216E+00 1.53590E+00 1.30406E+00 3.22722E+01
1.32714E+00 1.55808E+00 1.67385E+00 1.78323E+00 1.78931E+00 1.84922E+00 1.89843E+00 1.67404E+00 1.55808E+00 1.32714E+00 3.25755E+01
1.34981E+00 1.57986E+00 1.69533E+00 1.80452E+00 1.81068E+00 1.87110E+00 1.92060E+00 1.69552E+00 1.57986E+00 1.34981E+00 3.28693E+01
1.37206E+00 1.60125E+00 1.71642E+00 1.82542E+00 1.83167E+00 1.89259E+00 1.94237E+00 1.71661E+00 1.60125E+00 1.37206E+00 3.31540E+01
1.39392E+00 1.62226E+00 1.73714E+00 1.84595E+00 1.85228E+00 1.91370E+00 1.96376E+00 1.73733E+00 1.62226E+00 1.39392E+00 3.34298E+01
0.00000E+00 0.00000E+00 8.57617E-02 2.08149E-01 2.07055E-01 2.26989E-01 2.56043E-01 8.57504E-02 0.00000E+00 0.00000E+00 -6.76695E-01
0.00000E+00 0.00000E+00 1.22496E-01 2.43178E-01 2.42862E-01 2.66333E-01 2.96923E-01 1.22497E-01 0.00000E+00 0.00000E+00 4.52526E-01
0.00000E+00 2.80436E-02 1.61206E-01 2.80510E-01 2.80846E-01 3.07374E-01 3.39314E-01 1.61219E-01 2.80436E-02 0.00000E+00 1.59419E+00
0.00000E+00 6.94949E-02 2.00827E-01 3.18963E-01 3.19868E-01 3.49130E-01 3.82299E-01 2.00852E-01 6.94949E-02 0.00000E+00 2.72955E+00
0.00000E+00 1.11020E-01 2.40729E-01 3.57845E-01 3.59259E-01 3.91012E-01 4.25315E-01 2.40764E-01 1.11020E-01 0.00000E+00 3.85769E+00
0.00000E+00 1.52173E-01 2.80425E-01 3.96637E-01 3.98511E-01 4.32555E-01 4.67914E-01 2.80470E-01 1.52173E-01 0.00000E+00 4.96144E+00
0.00000E+00 1.92691E-01 3.19619E-01 4.35022E-01 4.37314E-01 4.73480E-01 5.09828E-01 3.19674E-01 1.92691E-01 0.00000E+00 6.03078E+00
0.00000E+00 2.32415E-01 3.58131E-01 4.72799E-01 4.75476E-01 5.13620E-01 5.50901E-01 3.58194E-01 2.32415E-01 0.00000E+00 7.06023E+00
1.62407E-02 2.71173E-01 3.95776E-01 5.09776E-01 5.12806E-01 5.52794E-01 5.90954E-01 3.95848E-01 2.71173E-01 1.62407E-02 8.01564E+00
5.70824E-02 3.08940E-01 4.32513E-01 5.45897E-01 5.49255E-01 5.90973E-01 6.29967E-01 4.32592E-01 3.08940E-01 5.70824E-02 8.88303E+00
9.68494E-02 3.45828E-01 4.68433E-01 5.81245E-01 5.84910E-01 6.28273E-01 6.68067E-01 4.68521E-01 3.45828E-01 9.68494E-02 9.71336E+00
1.35540E-01 3.81813E-01 5.03506E-01 6.15780E-01 6.19735E-01 6.64666E-01 7.05229E-01 5.03601E-01 3.81813E-01 1.35540E-01 1.05071E+01
1.73164E-01 4.16885E-01 5.37717E-01 6.49484E-01 6.53714E-01 7.00143E-01 7.41446E-01 5.37819E-01 4.16885E-01 1.73164E-01 1.12650E+01
2.09740E-01 4.51047E-01 5.71061E-01 6.82351E-01 6.86840E-01 7.34704E-01 7.76721E-01 5.71170E-01 4.51047E-01 2.09740E-01 1.19884E+01
2.45291E-01 4.84309E-01 6.03545E-01 7.14382E-01 7.19119E-01 7.68359E-01 8.11066E-01 6.03661E-01 4.84309E-01 2.45291E-01 1.26784E+01
2.79845E-01 5.16686E-01 6.35181E-01 7.45587E-01 7.50559E-01 8.01121E-01 8.44496E-01 6.35303E-01 5.16686E-01 2.79845E-01 1.33366E+01
3.13431E-01 5.48197E-01 6.65984E-01 7.75979E-01 7.81176E-01 8.33011E-01 8.77033E-01 6.66112E-01 5.48197E-01 3.13431E-01 1.39643E+01
3.46078E-01 5.78864E-01 6.95972E-01 8.05576E-01 8.10987E-01 8.64049E-01 9.08699E-01 6.96107E-01 5.78864E-01 3.46078E-01 1.45630E+01
3.77819E-01 6.08709E-01 7.25166E-01 8.34395E-01 8.40012E-01 8.94257E-01 9.39517E-01 7.25307E-01 6.08709E-01 3.77819E-01 1.51341E+01
4.08683E-01 6.37756E-01 7.53589E-01 8.62458E-01 8.68272E-01 9.23661E-01 9.69513E-01 7.53735E-01 6.37756E-01 4.08683E-01 1.56790E+01
4.38701E-01 6.66030E-01 7.81261E-01 8.89784E-01 8.95789E-01 9.52283E-01 9.98712E-01 7.81413E-01 6.66030E-01 4.38701E-01 1.61990E+01
4.67903E-01 6.93555E-01 8.08207E-01 9.16397E-01 9.22584E-01 9.80150E-01 1.02714E+00 8.08365E-01 6.93555E-01 4.67903E-01 1.66954E+01
4.96318E-01 7.20355E-01 8.34449E-01 9.42318E-01 9.48680E-01 1.00728E+00 1.05482E+00 8.34611E-01 7.20355E-01 4.96318E-01 1.71695E+01
5.23974E-01 7.46455E-01 8.60008E-01 9.67568E-01 9.74099E-01 1.03371E+00 1.08178E+00 8.60176E-01 7.46455E-01 5.23974E-01 1.76223E+01
5.50899E-01 7.71877E-01 8.84909E-01 9.92168E-01 9.98863E-01 1.05945E+00 1.10805E+00 8.85082E-01 7.71877E-01 5.50899E-01 1.80550E+01
5.77118E-01 7.96645E-01 9.09171E-01 1.01614E+00 1.02299E+00 1.08453E+00 1.13364E+00 9.09349E-01 7.96645E-01 5.77118E-01 1.84687E+01
6.02657E-01 8.20780E-01 9.32816E-01 1.03951E+00 1.04651E+00 1.10898E+00 1.15858E+00 9.32999E-01 8.20780E-01 6.02657E-01 1.88642E+01
6.27541E-01 8.44304E-01 9.55865E-01 1.06228E+00 1.06943E+00 1.13280E+00 1.18289E+00 9.56053E-01 8.44304E-01 6.27541E-01 1.92426E+01
6.51793E-01 8.67239E-01 9.78338E-01 1.08449E+00 1.09178E+00 1.15603E+00 1.20659E+00 9.78530E-01 8.67239E-01 6.51793E-01 1.96047E+01
6.75434E-01 8.89603E-01 1.00025E+00 1.10615E+00 1.11358E+00 1.17868E+00 1.22971E+00 1.00045E+00 8.89603E-01 6.75434E-01 1.99513E+01
6.98488E-01 9.11416E-01 1.02163E+00 1.12727E+00 1.13484E+00 1.20077E+00 1.25226E+00 1.02183E+00 9.11416E-01 6.98488E-01 2.02833E+01
7.20973E-01 9.32696E-01 1.04249E+00 1.14789E+00 1.15559E+00 1.22233E+00 1.27426E+00 1.04269E+00 9.32696E-01 7.20973E-01 2.06012E+01
7.42911E-01 9.53462E-01 1.06284E+00 1.16800E+00 1.17583E+00 1.24336E+00 1.29573E+00 1.06305E+00 9.53462E-01 7.42911E-01 2.09059E+01
7.64320E-01 9.73731E-01 1.08271E+00 1.18764E+00 1.19558E+00 1.26389E+00 1.31670E+00 1.08292E+00 9.73731E-01 7.64320E-01 2.11980E+01
7.85217E-01 9.93519E-01 1.10210E+00 1.20680E+00 1.21487E+00 1.28394E+00 1.33716E+00 1.10232E+00 9.93519E-01 7.85217E-01 2.14780E+01
8.05621E-01 1.01284E+00 1.12104E+00 1.22552E+00 1.23371E+00 1.30352E+00 1.35715E+00 1.12126E+00 1.01284E+00 8.05621E-01 2.17466E+01
8.25547E-01 1.03171E+00 1.13954E+00 1.24380E+00 1.25210E+00 1.32264E+00 1.37668E+00 1.13976E+00 1.03171E+00 8.25547E-01 2.20043E+01
8.45012E-01 1.05015E+00 1.15761E+00 1.26166E+00 1.27007E+00 1.34132E+00 1.39576E+00 1.15784E+00 1.05015E+00 8.45012E-01 2.22516E+01
8.64031E-01 1.06817E+00 1.17527E+00 1.27912E+00 1.28763E+00 1.35957E+00 1.41440E+00 1.17550E+00 1.06817E+00 8.64031E-01 2.24890E+01
8.82618E-01 1.08578E+00 1.19253E+00 1.29617E+00 1.30479E+00 1.37741E+00 1.43263E+00 1.19276E+00 1.08578E+00 8.82618E-01 2.27169E+01
9.00788E-01 1.10299E+00 1.20940E+00 1.31284E+00 1.32157E+00 1.39485E+00 1.45045E+00 1.20964E+00 1.10299E+00 9.00788E-01 2.29359E+01
9.18553E-01 1.11982E+00 1.22589E+00 1.32915E+00 1.33797E+00 1.41190E+00 1.46788E+00 1.22614E+00 1.11982E+00 9.18553E-01 2.31462E+01
9.35927E-01 1.13628E+00 1.24203E+00 1.34509E+00 1.35401E+00 1.42858E+00 1.48492E+00 1.24227E+00 1.13628E+00 9.35927E-01 2.33483E+01
9.52922E-01 1.15238E+00 1.25780E+00 1.36068E+00 1.36970E+00 1.44490E+00 1.50160E+00 1.25805E+00 1.15238E+00 9.52922E-01 2.35425E+01
9.69550E-01 1.16813E+00 1.27324E+00 1.37593E+00 1.38504E+00 1.46086E+00 1.51792E+00 1.27350E+00 1.16813E+00 9.69550E-01 2.37293E+01
9.85821E-01 1.18355E+00 1.28835E+00 1.39086E+00 1.40006E+00 1.47648E+00 1.53389E+00 1.28860E+00 1.18355E+00 9.85821E-01 2.39088E+01
1.00175E+00 1.19863E+00 1.30313E+00 1.40547E+00 1.41476E+00 1.49177E+00 1.54953E+00 1.30339E+00 1.19863E+00 1.00175E+00 2.40814E+01
1.01734E+00 1.21340E+00 1.31760E+00 1.41976E+00 1.42914E+00 1.50674E+00 1.56483E+00 1.31787E+00 1.21340E+00 1.01734E+00 2.42475E+01
1.03260E+00 1.22786E+00 1.33177E+00 1.43376E+00 1.44323E+00 1.52139E+00 1.57982E+00 1.33204E+00 1.22786E+00 1.03260E+00 2.44073E+01
1.04756E+00 1.24202E+00 1.34565E+00 1.44747E+00 1.45702E+00 1.53575E+00 1.59451E+00 1.34592E+00 1.24202E+00 1.04756E+00 2.45610E+01
0.00000E+00 0.00000E+00 7.64811E-02 1.90327E-01 1.92015E-01 2.21925E-01 2.54838E-01 7.64692E-02 0.00000E+00 0.00000E+00 -3.63842E-01
0.00000E+00 0.00000E+00 1.11769E-01 2.24304E-01 2.26901E-01 2.61355E-01 2.96196E-01 1.11778E-01 0.00000E+00 0.00000E+00 7.41824E-01
0.00000E+00 2.57083E-02 1.47333E-01 2.58797E-01 2.62148E-01 3.00486E-01 3.37025E-01 1.47360E-01 2.57083E-02 0.00000E+00 1.79535E+00
0.00000E+00 6.27620E-02 1.82608E-01 2.93153E-01 2.97157E-01 3.38940E-01 3.77021E-01 1.82652E-01 6.27620E-02 0.00000E+00 2.79872E+00
0.00000E+00 9.90002E-02 2.17267E-01 3.27003E-01 3.31585E-01 3.76482E-01 4.15987E-01 2.17327E-01 9.90002E-02 0.00000E+00 3.76222E+00
0.00000E+00 1.34211E-01 2.51057E-01 3.60069E-01 3.65168E-01 4.12912E-01 4.53740E-01 2.51131E-01 1.34211E-01 0.00000E+00 4.67829E+00
0.00000E+00 1.68295E-01 2.83850E-01 3.92207E-01 3.97775E-01 4.48138E-01 4.90205E-01 2.83939E-01 1.68295E-01 0.00000E+00 5.54412E+00
0.00000E+00 2.01219E-01 3.15591E-01 4.23347E-01 4.29343E-01 4.82134E-01 5.25367E-01 3.15692E-01 2.01219E-01 0.00000E+00 6.35964E+00
1.34281E-02 2.32949E-01 3.46233E-01 4.53438E-01 4.59825E-01 5.14866E-01 5.59197E-01 3.46347E-01 2.32949E-01 1.34281E-02 7.09996E+00
4.69203E-02 2.63533E-01 3.75810E-01 4.82503E-01 4.89249E-01 5.46389E-01 5.91759E-01 3.75935E-01 2.63533E-01 4.69203E-02 7.75696E+00
7.91711E-02 2.93062E-01 4.04392E-01 5.10604E-01 5.17685E-01 5.76812E-01 6.23176E-01 4.04528E-01 2.93062E-01 7.91711E-02 8.37557E+00
1.10228E-01 3.21561E-01 4.31998E-01 5.37755E-01 5.45150E-01 6.06163E-01 6.53482E-01 4.32145E-01 3.21561E-01 1.10228E-01 8.95777E+00
1.40141E-01 3.49062E-01 4.58654E-01 5.63979E-01 5.71671E-01 6.34478E-01 6.82715E-01 4.58811E-01 3.49062E-01 1.40141E-01 9.50561E+00
1.68960E-01 3.75600E-01 4.84391E-01 5.89305E-01 5.97276E-01 6.61794E-01 7.10915E-01 4.84557E-01 3.75600E-01 1.68960E-01 1.00212E+01
1.96736E-01 4.01213E-01 5.09241E-01 6.13763E-01 6.21999E-01 6.88151E-01 7.38126E-01 5.09417E-01 4.01213E-01 1.96736E-01 1.05065E+01
2.23517E-01 4.25938E-01 5.33239E-01 6.37386E-01 6.45872E-01 7.13588E-01 7.64388E-01 5.33424E-01 4.25938E-01 2.23517E-01 1.09634E+01
2.49351E-01 4.49813E-01 5.56418E-01 6.60205E-01 6.68929E-01 7.38146E-01 7.89744E-01 5.56612E-01 4.49813E-01 2.49351E-01 1.13938E+01
2.74282E-01 4.72873E-01 5.78813E-01 6.82254E-01 6.91204E-01 7.61863E-01 8.14233E-01 5.79015E-01 4.72873E-01 2.74282E-01 1.17994E+01
2.98353E-01 4.95155E-01 6.00457E-01 7.03564E-01 7.12731E-01 7.84775E-01 8.37895E-01 6.00667E-01 4.95155E-01 2.98353E-01 1.21818E+01
3.21606E-01 5.16693E-01 6.21381E-01 7.24167E-01 7.33539E-01 8.06919E-01 8.60766E-01 6.21599E-01 5.16693E-01 3.21606E-01 1.25425E+01
3.44077E-01 5.37520E-01 6.41617E-01 7.44091E-01 7.53661E-01 8.28328E-01 8.82883E-01 6.41842E-01 5.37520E-01 3.44077E-01 1.28830E+01
3.65805E-01 5.57666E-01 6.61194E-01 7.63367E-01 7.73126E-01 8.49036E-01 9.04278E-01 6.61426E-01 5.57666E-01 3.65805E-01 1.32044E+01
3.86823E-01 5.77162E-01 6.80140E-01 7.82022E-01 7.91963E-01 8.69073E-01 9.24984E-01 6.80380E-01 5.77162E-01 3.86823E-01 1.35081E+01
4.07163E-01 5.96036E-01 6.98483E-01 8.00082E-01 8.10197E-01 8.88470E-01 9.45032E-01 6.98730E-01 5.96036E-01 4.07163E-01 1.37952E+01
4.26857E-01 6.14315E-01 7.16249E-01 8.17572E-01 8.27854E-01 9.07253E-01 9.64450E-01 7.16502E-01 6.14315E-01 4.26857E-01 1.40666E+01
4.45933E-01 6.32024E-01 7.33461E-01 8.34517E-01 8.44960E-01 9.25449E-01 9.83266E-01 7.33721E-01 6.32024E-01 4.45933E-01 1.43234E+01
4.64420E-01 6.49189E-01 7.50144E-01 8.50939E-01 8.61537E-01 9.43084E-01 1.00151E+00 7.50410E-01 6.49189E-01 4.64420E-01 1.45665E+01
4.82341E-01 6.65831E-01 7.66319E-01 8.66860E-01 8.77608E-01 9.60181E-01 1.01919E+00 7.66591E-01 6.65831E-01 4.82341E-01 1.47966E+01
4.99723E-01 6.81974E-01 7.82007E-01 8.82301E-01 8.93193E-01 9.76764E-01 1.03635E+00 7.82285E-01 6.81974E-01 4.99723E-01 1.50146E+01
5.16587E-01 6.97637E-01 7.97229E-01 8.97280E-01 9.08312E-01 9.92853E-01 1.05301E+00 7.97513E-01 6.97637E-01 5.16587E-01 1.52212E+01
5.32956E-01 7.12840E-01 8.12003E-01 9.11818E-01 9.22985E-01 1.00847E+00 1.06917E+00 8.12293E-01 7.12840E-01 5.32956E-01 1.54171E+01
5.48851E-01 7.27602E-01 8.26347E-01 9.25931E-01 9.37229E-01 1.02363E+00 1.08488E+00 8.26642E-01 7.27602E-01 5.48851E-01 1.56028E+01
5.64290E-01 7.41940E-01 8.40278E-01 9.39637E-01 9.51061E-01 1.03836E+00 1.10013E+00 8.40579E-01 7.41940E-01 5.64290E-01 1.57789E+01
5.79292E-01 7.55872E-01 8.53813E-01 9.52951E-01 9.64497E-01 1.05266E+00 1.11496E+00 8.54120E-01 7.55872E-01 5.79292E-01 1.59461E+01
5.93875E-01 7.69413E-01 8.66968E-01 9.65888E-01 9.77553E-01 1.06657E+00 1.12937E+00 8.67279E-01 7.69413E-01 5.93875E-01 1.61048E+01
6.08054E-01 7.82578E-01 8.79756E-01 9.78463E-01 9.90244E-01 1.08009E+00 1.14339E+00 8.80072E-01 7.82578E-01 6.08054E-01 1.62554E+01
6.21847E-01 7.95383E-01 8.92191E-01 9.90691E-01 1.00258E+00 1.09324E+00 1.15702E+00 8.92512E-01 7.95383E-01 6.21847E-01 1.63984E+01
6.35268E-01 8.07839E-01 9.04288E-01 1.00258E+00 1.01458E+00 1.10603E+00 1.17029E+00 9.04614E-01 8.07839E-01 6.35268E-01 1.65342E+01
6.48330E-01 8.19961E-01 9.16058E-01 1.01415E+00 1.02626E+00 1.11847E+00 1.18321E+00 9.16388E-01 8.19961E-01 6.48330E-01 1.66632E+01
6.61047E-01 8.31761E-01 9.27513E-01 1.02541E+00 1.03762E+00 1.13059E+00 1.19578E+00 9.27849E-01 8.31761E-01 6.61047E-01 1.67858E+01
6.73433E-01 8.43251E-01 9.38666E-01 1.03637E+00 1.04868E+00 1.14239E+00 1.20803E+00 9.39006E-01 8.43251E-01 6.73433E-01 1.69023E+01
6.85499E-01 8.54441E-01 9.49527E-01 1.04704E+00 1.05945E+00 1.15387E+00 1.21997E+00 9.49871E-01 8.54441E-01 6.85499E-01 1.70130E+01
6.97257E-01 8.65343E-01 9.60106E-01 1.05743E+00 1.06993E+00 1.16507E+00 1.23160E+00 9.60454E-01 8.65343E-01 6.97257E-01 1.71181E+01
7.08717E-01 8.75966E-01 9.70413E-01 1.06756E+00 1.08015E+00 1.17597E+00 1.24293E+00 9.70765E-01 8.75966E-01 7.08717E-01 1.72181E+01
7.19891E-01 8.86321E-01 9.80458E-01 1.07742E+00 1.09010E+00 1.18660E+00 1.25399E+00 9.80814E-01 8.86321E-01 7.19891E-01 1.73131E+01
7.30789E-01 8.96417E-01 9.90249E-01 1.08703E+00 1.09980E+00 1.19697E+00 1.26477E+00 9.90610E-01 8.96417E-01 7.30789E-01 1.74033E+01
7.41419E-01 9.06262E-01 9.99797E-01 1.09641E+00 1.10926E+00 1.20707E+00 1.27528E+00 1.00016E+00 9.06262E-01 7.41419E-01 1.74891E+01
7.51791E-01 9.15866E-01 1.00911E+00 1.10554E+00 1.11848E+00 1.21693E+00 1.28554E+00 1.00948E+00 9.15866E-01 7.51791E-01 1.75706E+01
7.61913E-01 9.25235E-01 1.01819E+00 1.11446E+00 1.12748E+00 1.22655E+00 1.29555E+00 1.01856E+00 9.25235E-01 7.61913E-01 1.76481E+01
7.71795E-01 9.34379E-01 1.02705E+00 1.12315E+00 1.13625E+00 1.23593E+00 1.30533E+00 1.02743E+00 9.34379E-01 7.71795E-01 1.77216E+01
0.00000E+00 0.00000E+00 6.82603E-02 1.76453E-01 1.81791E-01 2.26200E-01 2.63539E-01 6.82570E-02 0.00000E+00 0.00000E+00 4.78541E-02
0.00000E+00 0.00000E+00 1.01647E-01 2.08785E-01 2.15143E-01 2.65238E-01 3.05081E-01 1.01677E-01 0.00000E+00 0.00000E+00 1.09489E+00
0.00000E+00 2.32545E-02 1.33828E-01 2.40081E-01 2.47273E-01 3.02173E-01 3.44212E-01 1.33887E-01 2.32545E-02 0.00000E+00 2.03449E+00
0.00000E+00 5.58960E-02 1.64714E-01 2.70189E-01 2.78095E-01 3.37215E-01 3.81243E-01 1.64799E-01 5.58960E-02 0.00000E+00 2.88994E+00
0.00000E+00 8.70064E-02 1.94264E-01 2.99040E-01 3.07571E-01 3.70475E-01 4.16333E-01 1.94372E-01 8.70064E-02 0.00000E+00 3.68241E+00
0.00000E+00 1.16590E-01 2.22443E-01 3.26582E-01 3.35668E-01 4.02002E-01 4.49556E-01 2.22573E-01 1.16590E-01 0.00000E+00 4.41312E+00
0.00000E+00 1.44701E-01 2.49275E-01 3.52827E-01 3.62412E-01 4.31880E-01 4.81019E-01 2.49426E-01 1.44701E-01 0.00000E+00 5.08548E+00
0.00000E+00 1.71413E-01 2.74815E-01 3.77821E-01 3.87856E-01 4.60211E-01 5.10836E-01 2.74984E-01 1.71413E-01 0.00000E+00 5.70375E+00
1.08956E-02 1.96800E-01 2.99124E-01 4.01623E-01 4.12065E-01 4.87078E-01 5.39097E-01 2.99311E-01 1.96800E-01 1.08956E-02 6.25087E+00
3.78312E-02 2.20967E-01 3.22293E-01 4.24313E-01 4.35127E-01 5.12604E-01 5.65936E-01 3.22496E-01 2.20967E-01 3.78312E-02 6.72321E+00
6.34585E-02 2.44005E-01 3.44392E-01 4.45957E-01 4.57115E-01 5.36911E-01 5.91498E-01 3.44611E-01 2.44005E-01 6.34585E-02 7.15950E+00
8.78630E-02 2.65979E-01 3.65480E-01 4.66609E-01 4.78089E-01 5.60074E-01 6.15863E-01 3.65714E-01 2.65979E-01 8.78630E-02 7.56267E+00
1.11125E-01 2.86951E-01 3.85614E-01 4.86326E-01 4.98106E-01 5.82163E-01 6.39104E-01 3.85862E-01 2.86951E-01 1.11125E-01 7.93549E+00
1.33317E-01 3.06980E-01 4.04847E-01 5.05158E-01 5.17219E-01 6.03244E-01 6.61292E-01 4.05108E-01 3.06980E-01 1.33317E-01 8.28047E+00
1.54510E-01 3.26123E-01 4.23233E-01 5.23158E-01 5.35483E-01 6.23378E-01 6.82491E-01 4.23507E-01 3.26123E-01 1.54510E-01 8.59993E+00
1.74765E-01 3.44431E-01 4.40819E-01 5.40371E-01 5.52945E-01 6.42623E-01 7.02764E-01 4.41105E-01 3.44431E-01 1.74765E-01 8.89598E+00
1.94142E-01 3.61954E-01 4.57651E-01 5.56844E-01 5.69653E-01 6.61033E-01 7.22165E-01 4.57949E-01 3.61954E-01 1.94142E-01 9.17053E+00
2.12694E-01 3.78737E-01 4.73774E-01 5.72617E-01 5.85648E-01 6.78657E-01 7.40747E-01 4.74083E-01 3.78737E-01 2.12694E-01 9.42534E+00
2.30470E-01 3.94823E-01 4.89226E-01 5.87730E-01 6.00973E-01 6.95541E-01 7.58557E-01 4.89546E-01 3.94823E-01 2.30470E-01 9.66197E+00
2.47516E-01 4.10252E-01 5.04045E-01 6.02221E-01 6.15663E-01 7.11728E-01 7.75642E-01 5.04375E-01 4.10252E-01 2.47516E-01 9.88188E+00
2.63876E-01 4.25060E-01 5.18266E-01 6.16123E-01 6.29755E-01 7.27258E-01 7.92041E-01 5.18606E-01 4.25060E-01 2.63876E-01 1.00864E+01
2.79587E-01 4.39281E-01 5.31922E-01 6.29467E-01 6.43281E-01 7.42166E-01 8.07794E-01 5.32272E-01 4.39281E-01 2.79587E-01 1.02766E+01
2.94686E-01 4.52947E-01 5.45042E-01 6.42285E-01 6.56272E-01 7.56489E-01 8.22936E-01 5.45402E-01 4.52947E-01 2.94686E-01 1.04537E+01
3.09207E-01 4.66089E-01 5.57657E-01 6.54604E-01 6.68756E-01 7.70256E-01 8.37500E-01 5.58025E-01 4.66089E-01 3.09207E-01 1.06186E+01
3.23181E-01 4.78732E-01 5.69790E-01 6.66449E-01 6.80759E-01 7.83497E-01 8.51517E-01 5.70167E-01 4.78732E-01 3.23181E-01 1.07723E+01
3.36636E-01 4.90904E-01 5.81469E-01 6.77845E-01 6.92307E-01 7.96241E-01 8.65015E-01 5.81854E-01 4.90904E-01 3.36636E-01 1.09155E+01
3.49601E-01 5.02629E-01 5.92714E-01 6.88816E-01 7.03422E-01 8.08513E-01 8.78021E-01 5.93108E-01 5.02629E-01 3.49601E-01 1.10490E+01
3.62100E-01 5.13928E-01 6.03549E-01 6.99381E-01 7.14126E-01 8.20336E-01 8.90560E-01 6.03950E-01 5.13928E-01 3.62100E-01 1.11735E+01
3.74156E-01 5.24823E-01 6.13993E-01 7.09561E-01 7.24440E-01 8.31733E-01 9.02656E-01 6.14402E-01 5.24823E-01 3.74156E-01 1.12896E+01
3.85792E-01 5.35333E-01 6.24066E-01 7.19375E-01 7.34382E-01 8.42725E-01 9.14329E-01 6.24482E-01 5.35333E-01 3.85792E-01 1.13979E+01
3.97027E-01 5.45478E-01 6.33784E-01 7.28840E-01 7.43970E-01 8.53332E-01 9.25601E-01 6.34207E-01 5.45478E-01 3.97027E-01 1.14989E+01
4.07882E-01 5.55273E-01 6.43165E-01 7.37972E-01 7.53221E-01 8.63571E-01 9.36490E-01 6.43595E-01 5.55273E-01 4.07882E-01 1.15931E+01
4.18374E-01 5.64736E-01 6.52225E-01 7.46788E-01 7.62151E-01 8.73461E-01 9.47015E-01 6.52661E-01 5.64736E-01 4.18374E-01 1.16810E+01
4.28519E-01 5.73882E-01 6.60977E-01 7.55300E-01 7.70774E-01 8.83016E-01 9.57191E-01 6.61420E-01 5.73882E-01 4.28519E-01 1.17629E+01
4.38334E-01 5.82725E-01 6.69436E-01 7.63524E-01 7.79105E-01 8.92253E-01 9.67035E-01 6.69885E-01 5.82725E-01 4.38334E-01 1.18393E+01
4.47834E-01 5.91278E-01 6.77615E-01 7.71472E-01 7.87155E-01 9.01186E-01 9.76562E-01 6.78070E-01 5.91278E-01 4.47834E-01 1.19105E+01
4.57032E-01 5.99555E-01 6.85526E-01 7.79156E-01 7.94939E-01 9.09827E-01 9.85785E-01 6.85987E-01 5.99555E-01 4.57032E-01 1.19768E+01
4.65941E-01 6.07567E-01 6.93181E-01 7.86588E-01 8.02466E-01 9.18191E-01 9.94718E-01 6.93648E-01 6.07567E-01 4.65941E-01 1.20385E+01
4.74575E-01 6.15325E-01 7.00590E-01 7.93777E-01 8.09749E-01 9.26288E-01 1.00337E+00 7.01063E-01 6.15325E-01 4.74575E-01 1.20960E+01
4.82944E-01 6.22841E-01 7.07765E-01 8.00736E-01 8.16797E-01 9.34129E-01 1.01176E+00 7.08243E-01 6.22841E-01 4.82944E-01 1.21494E+01
4.91061E-01 6.30124E-01 7.14714E-01 8.07472E-01 8.23620E-01 9.41727E-01 1.01990E+00 7.15197E-01 6.30124E-01 4.91061E-01 1.21991E+01
4.98934E-01 6.37184E-01 7.21447E-01 8.13996E-01 8.30228E-01 9.49090E-01 1.02779E+00 7.21936E-01 6.37184E-01 4.98934E-01 1.22452E+01
5.06575E-01 6.44030E-01 7.27973E-01 8.20315E-01 8.36630E-01 9.56228E-01 1.03544E+00 7.28467E-01 6.44030E-01 5.06575E-01 1.22879E+01
5.13992E-01 6.50671E-01 7.34300E-01 8.26439E-01 8.42833E-01 9.63151E-01 1.04287E+00 7.34798E-01 6.50671E-01 5.13992E-01 1.23275E+01
5.21194E-01 6.57114E-01 7.40436E-01 8.32374E-01 8.48845E-01 9.69866E-01 1.05008E+00 7.40939E-01 6.57114E-01 5.21194E-01 1.23641E+01
5.28190E-01 6.63367E-01 7.46388E-01 8.38129E-01 8.54674E-01 9.76382E-01 1.05708E+00 7.46896E-01 6.63367E-01 5.28190E-01 1.23980E+01
5.34988E-01 6.69438E-01 7.52164E-01 8.43710E-01 8.60327E-01 9.82706E-01 1.06389E+00 7.52676E-01 6.69438E-01 5.34988E-01 1.24291E+01
5.41595E-01 6.75333E-01 7.57770E-01 8.49124E-01 8.65811E-01 9.88847E-01 1.07050E+00 7.58286E-01 6.75333E-01 5.41595E-01 1.24578E+01
5.48018E-01 6.81060E-01 7.63212E-01 8.54376E-01 8.71133E-01 9.94810E-01 1.07693E+00 7.63733E-01 6.81060E-01 5.48018E-01 1.24841E+01
5.54265E-01 6.86624E-01 7.68497E-01 8.59474E-01 8.76297E-01 1.00060E+00 1.08317E+00 7.69022E-01 6.86624E-01 5.54265E-01 1.25082E+01
0.00000E+00 0.00000E+00 6.12007E-02 1.66365E-01 1.76378E-01 2.41447E-01 2.84236E-01 6.12360E-02 0.00000E+00 0.00000E+00 5.50869E-01
0.00000E+00 0.00000E+00 9.19808E-02 1.96135E-01 2.07223E-01 2.79164E-01 3.25314E-01 9.20686E-02 0.00000E+00 0.00000E+00 1.49103E+00
0.00000E+00 2.05498E-02 1.20343E-01 2.23619E-01 2.35571E-01 3.13241E-01 3.62316E-01 1.20476E-01 2.05498E-02 0.00000E+00 2.28463E+00
0.00000E+00 4.86061E-02 1.46639E-01 2.49120E-01 2.61799E-01 3.44444E-01 3.96148E-01 1.46810E-01 4.86061E-02 0.00000E+00 2.97367E+00
0.00000E+00 7.46199E-02 1.71086E-01 2.72837E-01 2.86143E-01 3.73205E-01 4.27315E-01 1.71293E-01 7.46199E-02 0.00000E+00 3.58802E+00
0.00000E+00 9.87871E-02 1.93843E-01 2.94914E-01 3.08771E-01 3.99799E-01 4.56126E-01 1.94082E-01 9.87871E-02 0.00000E+00 4.13591E+00
0.00000E+00 1.21290E-01 2.15063E-01 3.15497E-01 3.29841E-01 4.24464E-01 4.82849E-01 2.15332E-01 1.21290E-01 0.00000E+00 4.62523E+00
0.00000E+00 1.42291E-01 2.34887E-01 3.34722E-01 3.49500E-01 4.47408E-01 5.07714E-01 2.35183E-01 1.42291E-01 0.00000E+00 5.06308E+00
8.60361E-03 1.61942E-01 2.53457E-01 3.52725E-01 3.67892E-01 4.68801E-01 5.30899E-01 2.53777E-01 1.61942E-01 8.60361E-03 5.43857E+00
2.96717E-02 1.80388E-01 2.70900E-01 3.69630E-01 3.85148E-01 4.88817E-01 5.52594E-01 2.71243E-01 1.80388E-01 2.96717E-02 5.75112E+00
4.94585E-02 1.97727E-01 2.87297E-01 3.85510E-01 4.01350E-01 5.07599E-01 5.72973E-01 2.87661E-01 1.97727E-01 4.94585E-02 6.03303E+00
6.80753E-02 2.14049E-01 3.02731E-01 4.00446E-01 4.16582E-01 5.25253E-01 5.92149E-01 3.03116E-01 2.14049E-01 6.80753E-02 6.28762E+00
8.56208E-02 2.29437E-01 3.17279E-01 4.14513E-01 4.30923E-01 5.41871E-01 6.10221E-01 3.17682E-01 2.29437E-01 8.56208E-02 6.51778E+00
1.02183E-01 2.43965E-01 3.31008E-01 4.27778E-01 4.44442E-01 5.57539E-01 6.27280E-01 3.31430E-01 2.43965E-01 1.02183E-01 6.72606E+00
1.17840E-01 2.57697E-01 3.43982E-01 4.40302E-01 4.57203E-01 5.72331E-01 6.43406E-01 3.44420E-01 2.57697E-01 1.17840E-01 6.91472E+00
1.32662E-01 2.70694E-01 3.56256E-01 4.52139E-01 4.69260E-01 5.86314E-01 6.58670E-01 3.56710E-01 2.70694E-01 1.32662E-01 7.08573E+00
1.46713E-01 2.83010E-01 3.67880E-01 4.63340E-01 4.80667E-01 5.99549E-01 6.73137E-01 3.68349E-01 2.83010E-01 1.46713E-01 7.24085E+00
1.60048E-01 2.94694E-01 3.78901E-01 4.73950E-01 4.91470E-01 6.12092E-01 6.86865E-01 3.79385E-01 2.94694E-01 1.60048E-01 7.38163E+00
1.72720E-01 3.05789E-01 3.89362E-01 4.84010E-01 5.01711E-01 6.23991E-01 6.99907E-01 3.89859E-01 3.05789E-01 1.72720E-01 7.50944E+00
1.84774E-01 3.16336E-01 3.99299E-01 4.93557E-01 5.11428E-01 6.35290E-01 7.12310E-01 3.99809E-01 3.16336E-01 1.84774E-01 7.62550E+00
1.96253E-01 3.26372E-01 4.08748E-01 5.02625E-01 5.20658E-01 6.46032E-01 7.24117E-01 4.09271E-01 3.26372E-01 1.96253E-01 7.73089E+00
2.07195E-01 3.35930E-01 4.17741E-01 5.11247E-01 5.29431E-01 6.56253E-01 7.35369E-01 4.18275E-01 3.35930E-01 2.07195E-01 7.82658E+00
2.17635E-01 3.45041E-01 4.26306E-01 5.19450E-01 5.37777E-01 6.65987E-01 7.46101E-01 4.26852E-01 3.45041E-01 2.17635E-01 7.91345E+00
2.27604E-01 3.53733E-01 4.34472E-01 5.27261E-01 5.45724E-01 6.75265E-01 7.56346E-01 4.35029E-01 3.53733E-01 2.27604E-01 7.99225E+00
2.37134E-01 3.62032E-01 4.42261E-01 5.34705E-01 5.53295E-01 6.84116E-01 7.66134E-01 4.42828E-01 3.62032E-01 2.37134E-01 8.06371E+00
2.46249E-01 3.69961E-01 4.49697E-01 5.41802E-01 5.60514E-01 6.92565E-01 7.75492E-01 4.50275E-01 3.69961E-01 2.46249E-01 8.12842E+00
2.54975E-01 3.77542E-01 4.56801E-01 5.48574E-01 5.67402E-01 7.00636E-01 7.84447E-01 4.57388E-01 3.77542E-01 2.54975E-01 8.18698E+00
2.63334E-01 3.84797E-01 4.63592E-01 5.55040E-01 5.73978E-01 7.08352E-01 7.93022E-01 4.64188E-01 3.84797E-01 2.63334E-01 8.23987E+00
2.71348E-01 3.91742E-01 4.70088E-01 5.61218E-01 5.80260E-01 7.15734E-01 8.01238E-01 4.70693E-01 3.91742E-01 2.71348E-01 8.28757E+00
2.79036E-01 3.98395E-01 4.76305E-01 5.67122E-01 5.86264E-01 7.22799E-01 8.09116E-01 4.76918E-01 3.98395E-01 2.79036E-01 8.33049E+00
2.86416E-01 4.04774E-01 4.82259E-01 5.72770E-01 5.92006E-01 7.29566E-01 8.16674E-01 4.82880E-01 4.04774E-01 2.86416E-01 8.36901E+00
2.93505E-01 4.10891E-01 4.87963E-01 5.78174E-01 5.97500E-01 7.36051E-01 8.23929E-01 4.88592E-01 4.10891E-01 2.93505E-01 8.40348E+00
3.00318E-01 4.16762E-01 4.93432E-01 5.83348E-01 6.02760E-01 7.42269E-01 8.30898E-01 4.94068E-01 4.16762E-01 3.00318E-01 8.43421E+00
3.06869E-01 4.22399E-01 4.98677E-01 5.88303E-01 6.07798E-01 7.48233E-01 8.37595E-01 4.99321E-01 4.22399E-01 3.06869E-01 8.46149E+00
3.13173E-01 4.27813E-01 5.03710E-01 5.93051E-01 6.12625E-01 7.53958E-01 8.44034E-01 5.04361E-01 4.27813E-01 3.13173E-01 8.48557E+00
3.19241E-01 4.33018E-01 5.08542E-01 5.97603E-01 6.17252E-01 7.59455E-01 8.50229E-01 5.09199E-01 4.33018E-01 3.19241E-01 8.50670E+00
3.25086E-01 4.38022E-01 5.13182E-01 6.01969E-01 6.21690E-01 7.64736E-01 8.56190E-01 5.13846E-01 4.38022E-01 3.25086E-01 8.52510E+00
3.30717E-01 4.42835E-01 5.17641E-01 6.06157E-01 6.25947E-01 7.69811E-01 8.61931E-01 5.18311E-01 4.42835E-01 3.30717E-01 8.54097E+00
3.36146E-01 4.47468E-01 5.21927E-01 6.10176E-01 6.30033E-01 7.74691E-01 8.67461E-01 5.22603E-01 4.47468E-01 3.36146E-01 8.55448E+00
3.41382E-01 4.51927E-01 5.26047E-01 6.14035E-01 6.33955E-01 7.79385E-01 8.72790E-01 5.26730E-01 4.51927E-01 3.41382E-01 8.56582E+00
3.46434E-01 4.56223E-01 5.30011E-01 6.17741E-01 6.37721E-01 7.83900E-01 8.77927E-01 5.30699E-01 4.56223E-01 3.46434E-01 8.57514E+00
3.51311E-01 4.60361E-01 5.33825E-01 6.21301E-01 6.41340E-01 7.88247E-01 8.82882E-01 5.34519E-01 4.60361E-01 3.51311E-01 8.58258E+00
3.56020E-01 4.64349E-01 5.37497E-01 6.24722E-01 6.44817E-01 7.92432E-01 8.87663E-01 5.38195E-01 4.64349E-01 3.56020E-01 8.58827E+00
3.60569E-01 4.68195E-01 5.41031E-01 6.28011E-01 6.48159E-01 7.96463E-01 8.92276E-01 5.41735E-01 4.68195E-01 3.60569E-01 8.59234E+00
3.64966E-01 4.71904E-01 5.44436E-01 6.31172E-01 6.51372E-01 8.00347E-01 8.96731E-01 5.45144E-01 4.71904E-01 3.64966E-01 8.59490E+00
3.69215E-01 4.75482E-01 5.47716E-01 6.34213E-01 6.54462E-01 8.04090E-01 9.01033E-01 5.48429E-01 4.75482E-01 3.69215E-01 8.59606E+00
3.73325E-01 4.78935E-01 5.50876E-01 6.37137E-01 6.57434E-01 8.07698E-01 9.05189E-01 5.51594E-01 4.78935E-01 3.73325E-01 8.59590E+00
3.77301E-01 4.82268E-01 5.53923E-01 6.39951E-01 6.60294E-01 8.11177E-01 9.09206E-01 5.54645E-01 4.82268E-01 3.77301E-01 8.59453E+00
3.81148E-01 4.85486E-01 5.56860E-01 6.42659E-01 6.63045E-01 8.14533E-01 9.13088E-01 5.57586E-01 4.85486E-01 3.81148E-01 8.59202E+00
3.84871E-01 4.88595E-01 5.59692E-01 6.45265E-01 6.65694E-01 8.17770E-01 9.16842E-01 5.60423E-01 4.88595E-01 3.84871E-01 8.58846E+00
0.00000E+00 0.00000E+00 5.81568E-02 1.62615E-01 1.75382E-01 2.53672E-01 2.99894E-01 5.82374E-02 0.00000E+00 0.00000E+00 8.23895E-01
0.00000E+00 0.00000E+00 8.72624E-02 1.90625E-01 2.04457E-01 2.90172E-01 3.40329E-01 8.74084E-02 0.00000E+00 0.00000E+00 1.68946E+00
0.00000E+00 1.90584E-02 1.13484E-01 2.15881E-01 2.30559E-01 3.22417E-01 3.75976E-01 1.13685E-01 1.90584E-02 0.00000E+00 2.39734E+00
0.00000E+00 4.47121E-02 1.37364E-01 2.38881E-01 2.54264E-01 3.51421E-01 4.08023E-01 1.37613E-01 4.47121E-02 0.00000E+00 2.99665E+00
0.00000E+00 6.81604E-02 1.59236E-01 2.59937E-01 2.75922E-01 3.77757E-01 4.37129E-01 1.59528E-01 6.81604E-02 0.00000E+00 3.52020E+00
0.00000E+00 8.96794E-02 1.79336E-01 2.79274E-01 2.95782E-01 4.01796E-01 4.63712E-01 1.79666E-01 8.96794E-02 0.00000E+00 3.97869E+00
0.00000E+00 1.09503E-01 1.97868E-01 2.97090E-01 3.14056E-01 4.23838E-01 4.88107E-01 1.98233E-01 1.09503E-01 0.00000E+00 4.38138E+00
0.00000E+00 1.27827E-01 2.15009E-01 3.13553E-01 3.30925E-01 4.44134E-01 5.10590E-01 2.15405E-01 1.27827E-01 0.00000E+00 4.73617E+00
7.53962E-03 1.44830E-01 2.30925E-01 3.28828E-01 3.46560E-01 4.62884E-01 5.31373E-01 2.31350E-01 1.44830E-01 7.53962E-03 5.03453E+00
2.59109E-02 1.60669E-01 2.45757E-01 3.43050E-01 3.61103E-01 4.80281E-01 5.50668E-01 2.46208E-01 1.60669E-01 2.59109E-02 5.27684E+00
4.30483E-02 1.75446E-01 2.59588E-01 3.56294E-01 3.74640E-01 4.96474E-01 5.68661E-01 2.60063E-01 1.75446E-01 4.30483E-02 5.49215E+00
5.90704E-02 1.89260E-01 2.72509E-01 3.68650E-01 3.87263E-01 5.11579E-01 5.85477E-01 2.73007E-01 1.89260E-01 5.90704E-02 5.68371E+00
7.40809E-02 2.02196E-01 2.84601E-01 3.80196E-01 3.99054E-01 5.25697E-01 6.01225E-01 2.85120E-01 2.02196E-01 7.40809E-02 5.85430E+00
8.81707E-02 2.14331E-01 2.95936E-01 3.91003E-01 4.10086E-01 5.38915E-01 6.15999E-01 2.96475E-01 2.14331E-01 8.81707E-02 6.00634E+00
1.01420E-01 2.25734E-01 3.06577E-01 4.01133E-01 4.20424E-01 5.51313E-01 6.29884E-01 3.07135E-01 2.25734E-01 1.01420E-01 6.14191E+00
1.13899E-01 2.36464E-01 3.16582E-01 4.10641E-01 4.30125E-01 5.62960E-01 6.42955E-01 3.17158E-01 2.36464E-01 1.13899E-01 6.26285E+00
1.25670E-01 2.46575E-01 3.26000E-01 4.19578E-01 4.39240E-01 5.73917E-01 6.55278E-01 3.26593E-01 2.46575E-01 1.25670E-01 6.37074E+00
1.36791E-01 2.56117E-01 3.34878E-01 4.27988E-01 4.47816E-01 5.84238E-01 6.66912E-01 3.35487E-01 2.56117E-01 1.36791E-01 6.46695E+00
1.47311E-01 2.65131E-01 3.43257E-01 4.35912E-01 4.55894E-01 5.93974E-01 6.77910E-01 3.43880E-01 2.65131E-01 1.47311E-01 6.55272E+00
1.57276E-01 2.73658E-01 3.51173E-01 4.43384E-01 4.63510E-01 6.03168E-01 6.88320E-01 3.51810E-01 2.73658E-01 1.57276E-01 6.62910E+00
1.66725E-01 2.81732E-01 3.58659E-01 4.50439E-01 4.70699E-01 6.11861E-01 6.98184E-01 3.59310E-01 2.81732E-01 1.66725E-01 6.69704E+00
1.75696E-01 2.89385E-01 3.65747E-01 4.57105E-01 4.77491E-01 6.20087E-01 7.07541E-01 3.66411E-01 2.89385E-01 1.75696E-01 6.75737E+00
1.84223E-01 2.96647E-01 3.72463E-01 4.63410E-01 4.83914E-01 6.27880E-01 7.16427E-01 3.73139E-01 2.96647E-01 1.84223E-01 6.81084E+00
1.92334E-01 3.03543E-01 3.78833E-01 4.69378E-01 4.89993E-01 6.35270E-01 7.24873E-01 3.79520E-01 3.03543E-01 1.92334E-01 6.85809E+00
2.00058E-01 3.10099E-01 3.84879E-01 4.75032E-01 4.95750E-01 6.42283E-01 7.32909E-01 3.85577E-01 3.10099E-01 2.00058E-01 6.89972E+00
2.07419E-01 3.16335E-01 3.90623E-01 4.80392E-01 5.01208E-01 6.48944E-01 7.40560E-01 3.91331E-01 3.16335E-01 2.07419E-01 6.93624E+00
2.14442E-01 3.22272E-01 3.96084E-01 4.85477E-01 5.06384E-01 6.55276E-01 7.47851E-01 3.96801E-01 3.22272E-01 2.14442E-01 6.96812E+00
2.21146E-01 3.27929E-01 4.01278E-01 4.90304E-01 5.11297E-01 6.61299E-01 7.54805E-01 4.02005E-01 3.27929E-01 2.21146E-01 6.99578E+00
2.27551E-01 3.33323E-01 4.06223E-01 4.94889E-01 5.15964E-01 6.67033E-01 7.61442E-01 4.06959E-01 3.33323E-01 2.27551E-01 7.01959E+00
2.33676E-01 3.38469E-01 4.10933E-01 4.99247E-01 5.20398E-01 6.72494E-01 7.67781E-01 4.11678E-01 3.38469E-01 2.33676E-01 7.03990E+00
2.39535E-01 3.43382E-01 4.15423E-01 5.03390E-01 5.24614E-01 6.77698E-01 7.73838E-01 4.16176E-01 3.43382E-01 2.39535E-01 7.05701E+00
2.45146E-01 3.48075E-01 4.19704E-01 5.07332E-01 5.28625E-01 6.82662E-01 7.79631E-01 4.20465E-01 3.48075E-01 2.45146E-01 7.07119E+00
2.50521E-01 3.52560E-01 4.23789E-01 5.11085E-01 5.32442E-01 6.87398E-01 7.85174E-01 4.24558E-01 3.52560E-01 2.50521E-01 7.08270E+00
2.55674E-01 3.56850E-01 4.27689E-01 5.14658E-01 5.36076E-01 6.91919E-01 7.90481E-01 4.28464E-01 3.56850E-01 2.55674E-01 7.09175E+00
2.60616E-01 3.60955E-01 4.31413E-01 5.18062E-01 5.39537E-01 6.96237E-01 7.95564E-01 4.32196E-01 3.60955E-01 2.60616E-01 7.09857E+00
2.65359E-01 3.64885E-01 4.34972E-01 5.21305E-01 5.42836E-01 7.00364E-01 8.00436E-01 4.35761E-01 3.64885E-01 2.65359E-01 7.10332E+00
2.69914E-01 3.68648E-01 4.38374E-01 5.24398E-01 5.45980E-01 7.04308E-01 8.05107E-01 4.39169E-01 3.68648E-01 2.69914E-01 7.10619E+00
2.74290E-01 3.72255E-01 4.41627E-01 5.27347E-01 5.48978E-01 7.08081E-01 8.09589E-01 4.42429E-01 3.72255E-01 2.74290E-01 7.10732E+00
2.78496E-01 3.75712E-01 4.44739E-01 5.30160E-01 5.51837E-01 7.11690E-01 8.13890E-01 4.45547E-01 3.75712E-01 2.78496E-01 7.10687E+00
2.82540E-01 3.79027E-01 4.47717E-01 5.32844E-01 5.54565E-01 7.15144E-01 8.18019E-01 4.48530E-01 3.79027E-01 2.82540E-01 7.10495E+00
2.86432E-01 3.82208E-01 4.50568E-01 5.35406E-01 5.57169E-01 7.18451E-01 8.21985E-01 4.51387E-01 3.82208E-01 2.86432E-01 7.10168E+00
2.90177E-01 3.85260E-01 4.53298E-01 5.37851E-01 5.59654E-01 7.21618E-01 8.25796E-01 4.54122E-01 3.85260E-01 2.90177E-01 7.09718E+00
2.93783E-01 3.88191E-01 4.55914E-01 5.40186E-01 5.62026E-01 7.24652E-01 8.29460E-01 4.56742E-01 3.88191E-01 2.93783E-01 7.09154E+00
2.97257E-01 3.91005E-01 4.58419E-01 5.42415E-01 5.64291E-01 7.27559E-01 8.32982E-01 4.59252E-01 3.91005E-01 2.97257E-01 7.08486E+00
3.00604E-01 3.93708E-01 4.60820E-01 5.44545E-01 5.66454E-01 7.30345E-01 8.36370E-01 4.61658E-01 3.93708E-01 3.00604E-01 7.07722E+00
3.03831E-01 3.96306E-01 4.63122E-01 5.46579E-01 5.68520E-01 7.33016E-01 8.39630E-01 4.63965E-01 3.96306E-01 3.03831E-01 7.06869E+00
3.06943E-01 3.98804E-01 4.65329E-01 5.48522E-01 5.70493E-01 7.35577E-01 8.42768E-01 4.66176E-01 3.98804E-01 3.06943E-01 7.05934E+00
3.09944E-01 4.01205E-01 4.67446E-01 5.50379E-01 5.72378E-01 7.38033E-01 8.45788E-01 4.68296E-01 4.01205E-01 3.09944E-01 7.04925E+00
3.12841E-01 4.03514E-01 4.69476E-01 5.52153E-01 5.74179E-01 7.40389E-01 8.48697E-01 4.70330E-01 4.03514E-01 3.12841E-01 7.03848E+00
3.15637E-01 4.05735E-01 4.71423E-01 5.53848E-01 5.75899E-01 7.42650E-01 8.51498E-01 4.72281E-01 4.05735E-01 3.15637E-01 7.02706E+00
0.00000E+00 0.00000E+00 5.54553E-02 1.59572E-01 1.75370E-01 2.69124E-01 3.19572E-01 5.56131E-02 0.00000E+00 0.00000E+00 1.09735E+00
0.00000E+00 0.00000E+00 8.25829E-02 1.85431E-01 2.02248E-01 3.03906E-01 3.58977E-01 8.28212E-02 0.00000E+00 0.00000E+00 1.87394E+00
0.00000E+00 1.74569E-02 1.06481E-01 2.08205E-01 2.25819E-01 3.33963E-01 3.93000E-01 1.06786E-01 1.74569E-02 0.00000E+00 2.48846E+00
0.00000E+00 4.06227E-02 1.27857E-01 2.28554E-01 2.46822E-01 3.60519E-01 4.23081E-01 1.28219E-01 4.06227E-02 0.00000E+00 2.99498E+00
0.00000E+00 6.14921E-02 1.47136E-01 2.46878E-01 2.65699E-01 3.84266E-01 4.50020E-01 1.47548E-01 6.14921E-02 0.00000E+00 3.42794E+00
0.00000E+00 8.04067E-02 1.64619E-01 2.63470E-01 2.82763E-01 4.05654E-01 4.74324E-01 1.65077E-01 8.04067E-02 0.00000E+00 3.79964E+00
0.00000E+00 9.76399E-02 1.80552E-01 2.78563E-01 2.98266E-01 4.25033E-01 4.96388E-01 1.81049E-01 9.76399E-02 0.00000E+00 4.12012E+00
0.00000E+00 1.13414E-01 1.95134E-01 2.92352E-01 3.12413E-01 4.42685E-01 5.16525E-01 1.95667E-01 1.13414E-01 0.00000E+00 4.39753E+00
6.52933E-03 1.27922E-01 2.08548E-01 3.05018E-01 3.25392E-01 4.58834E-01 5.34974E-01 2.09114E-01 1.27922E-01 6.52933E-03 4.62528E+00
2.23586E-02 1.41331E-01 2.20943E-01 3.16702E-01 3.37352E-01 4.73682E-01 5.51962E-01 2.21539E-01 1.41331E-01 2.23586E-02 4.80433E+00
3.70226E-02 1.53742E-01 2.32404E-01 3.27478E-01 3.48377E-01 4.87382E-01 5.67683E-01 2.33026E-01 1.53742E-01 3.70226E-02 4.96046E+00
5.06437E-02 1.65258E-01 2.43023E-01 3.37440E-01 3.58562E-01 5.00056E-01 5.82271E-01 2.43671E-01 1.65258E-01 5.06437E-02 5.09668E+00
6.33268E-02 1.75968E-01 2.52886E-01 3.46667E-01 3.67992E-01 5.11808E-01 5.95840E-01 2.53557E-01 1.75968E-01 6.33268E-02 5.21557E+00
7.51631E-02 1.85948E-01 2.62062E-01 3.55230E-01 3.76740E-01 5.22727E-01 6.08488E-01 2.62755E-01 1.85948E-01 7.51631E-02 5.31931E+00
8.62319E-02 1.95265E-01 2.70616E-01 3.63191E-01 3.84868E-01 5.32893E-01 6.20302E-01 2.71329E-01 1.95265E-01 8.62319E-02 5.40977E+00
9.66028E-02 2.03979E-01 2.78603E-01 3.70603E-01 3.92433E-01 5.42374E-01 6.31357E-01 2.79335E-01 2.03979E-01 9.66028E-02 5.48856E+00
1.06337E-01 2.12143E-01 2.86072E-01 3.77515E-01 3.99485E-01 5.51231E-01 6.41720E-01 2.86822E-01 2.12143E-01 1.06337E-01 5.55705E+00
1.15488E-01 2.19802E-01 2.93067E-01 3.83969E-01 4.06067E-01 5.59519E-01 6.51449E-01 2.93833E-01 2.19802E-01 1.15488E-01 5.61644E+00
1.24105E-01 2.26997E-01 2.99626E-01 3.90003E-01 4.12219E-01 5.67283E-01 6.60597E-01 3.00407E-01 2.26997E-01 1.24105E-01 5.66777E+00
1.32230E-01 2.33767E-01 3.05784E-01 3.95651E-01 4.17974E-01 5.74567E-01 6.69209E-01 3.06580E-01 2.33767E-01 1.32230E-01 5.71192E+00
1.39901E-01 2.40143E-01 3.11573E-01 4.00943E-01 4.23365E-01 5.81408E-01 6.77328E-01 3.12383E-01 2.40143E-01 1.39901E-01 5.74970E+00
1.47153E-01 2.46155E-01 3.17020E-01 4.05906E-01 4.28420E-01 5.87842E-01 6.84990E-01 3.17843E-01 2.46155E-01 1.47153E-01 5.78178E+00
1.54017E-01 2.51831E-01 3.22151E-01 4.10565E-01 4.33164E-01 5.93897E-01 6.92231E-01 3.22986E-01 2.51831E-01 1.54017E-01 5.80878E+00
1.60521E-01 2.57195E-01 3.26989E-01 4.14943E-01 4.37619E-01 5.99602E-01 6.99079E-01 3.27835E-01 2.57195E-01 1.60521E-01 5.83122E+00
1.66689E-01 2.62268E-01 3.31554E-01 4.19059E-01 4.41806E-01 6.04983E-01 7.05562E-01 3.32411E-01 2.62268E-01 1.66689E-01 5.84958E+00
1.72546E-01 2.67071E-01 3.35866E-01 4.22932E-01 4.45745E-01 6.10060E-01 7.11706E-01 3.36733E-01 2.67071E-01 1.72546E-01 5.86428E+00
1.78112E-01 2.71621E-01 3.39941E-01 4.26578E-01 4.49453E-01 6.14857E-01 7.17534E-01 3.40818E-01 2.71621E-01 1.78112E-01 5.87567E+00
1.83406E-01 2.75936E-01 3.43795E-01 4.30013E-01 4.52944E-01 6.19390E-01 7.23065E-01 3.44681E-01 2.75936E-01 1.83406E-01 5.88411E+00
1.88446E-01 2.80031E-01 3.47443E-01 4.33251E-01 4.56234E-01 6.23678E-01 7.28319E-01 3.48337E-01 2.80031E-01 1.88446E-01 5.88987E+00
1.93248E-01 2.83919E-01 3.50897E-01 4.36304E-01 4.59335E-01 6.27736E-01 7.33314E-01 3.51800E-01 2.83919E-01 1.93248E-01 5.89322E+00
1.97826E-01 2.87614E-01 3.54170E-01 4.39185E-01 4.62260E-01 6.31579E-01 7.38065E-01 3.55081E-01 2.87614E-01 1.97826E-01 5.89440E+00
2.02193E-01 2.91127E-01 3.57274E-01 4.41903E-01 4.65019E-01 6.35220E-01 7.42587E-01 3.58192E-01 2.91127E-01 2.02193E-01 5.89361E+00
2.06364E-01 2.94469E-01 3.60218E-01 4.44470E-01 4.67623E-01 6.38671E-01 7.46894E-01 3.61143E-01 2.94469E-01 2.06364E-01 5.89104E+00
2.10348E-01 2.97651E-01 3.63011E-01 4.46894E-01 4.70081E-01 6.41944E-01 7.50999E-01 3.63943E-01 2.97651E-01 2.10348E-01 5.88687E+00
2.14156E-01 3.00681E-01 3.65663E-01 4.49183E-01 4.72402E-01 6.45049E-01 7.54912E-01 3.66601E-01 3.00681E-01 2.14156E-01 5.88125E+00
2.17799E-01 3.03568E-01 3.68182E-01 4.51346E-01 4.74595E-01 6.47996E-01 7.58644E-01 3.69126E-01 3.03568E-01 2.17799E-01 5.87431E+00
2.21286E-01 3.06320E-01 3.70576E-01 4.53390E-01 4.76665E-01 6.50794E-01 7.62207E-01 3.71525E-01 3.06320E-01 2.21286E-01 5.86619E+00
2.24624E-01 3.08945E-01 3.72850E-01 4.55322E-01 4.78621E-01 6.53450E-01 7.65608E-01 3.73805E-01 3.08945E-01 2.24624E-01 5.85699E+00
2.27823E-01 3.11450E-01 3.75012E-01 4.57147E-01 4.80468E-01 6.55974E-01 7.68856E-01 3.75972E-01 3.11450E-01 2.27823E-01 5.84682E+00
2.30889E-01 3.13840E-01 3.77068E-01 4.58872E-01 4.82214E-01 6.58371E-01 7.71960E-01 3.78033E-01 3.13840E-01 2.30889E-01 5.83577E+00
2.33829E-01 3.16122E-01 3.79024E-01 4.60503E-01 4.83862E-01 6.60650E-01 7.74927E-01 3.79993E-01 3.16122E-01 2.33829E-01 5.82392E+00
2.36649E-01 3.18302E-01 3.80885E-01 4.62043E-01 4.85420E-01 6.62815E-01 7.77764E-01 3.81858E-01 3.18302E-01 2.36649E-01 5.81136E+00
2.39356E-01 3.20385E-01 3.82655E-01 4.63499E-01 4.86890E-01 6.64873E-01 7.80477E-01 3.83632E-01 3.20385E-01 2.39356E-01 5.79815E+00
2.41956E-01 3.22375E-01 3.84339E-01 4.64874E-01 4.88279E-01 6.66830E-01 7.83073E-01 3.85321E-01 3.22375E-01 2.41956E-01 5.78435E+00
2.44452E-01 3.24277E-01 3.85943E-01 4.66173E-01 4.89589E-01 6.68690E-01 7.85557E-01 3.86928E-01 3.24277E-01 2.44452E-01 5.77003E+00
2.46851E-01 3.26096E-01 3.87469E-01 4.67400E-01 4.90826E-01 6.70458E-01 7.87935E-01 3.88457E-01 3.26096E-01 2.46851E-01 5.75524E+00
2.49157E-01 3.27836E-01 3.88921E-01 4.68558E-01 4.91993E-01 6.72139E-01 7.90211E-01 3.89913E-01 3.27836E-01 2.49157E-01 5.74002E+00
2.51375E-01 3.29500E-01 3.90304E-01 4.69650E-01 4.93093E-01 6.73738E-01 7.92391E-01 3.91299E-01 3.29500E-01 2.51375E-01 5.72443E+00
2.53508E-01 3.31092E-01 3.91620E-01 4.70680E-01 4.94129E-01 6.75257E-01 7.94479E-01 3.92618E-01 3.31092E-01 2.53508E-01 5.70850E+00
2.55560E-01 3.32615E-01 3.92872E-01 4.71651E-01 4.95106E-01 6.76701E-01 7.96479E-01 3.93873E-01 3.32615E-01 2.55560E-01 5.69226E+00
0.00000E+00 0.00000E+00 5.30857E-02 1.57024E-01 1.76103E-01 2.87780E-01 3.43632E-01 5.33702E-02 0.00000E+00 0.00000E+00 1.35541E+00
0.00000E+00 0.00000E+00 7.79049E-02 1.80303E-01 2.00308E-01 3.20251E-01 3.81533E-01 7.82864E-02 0.00000E+00 0.00000E+00 2.03000E+00
0.00000E+00 1.57430E-02 9.92934E-02 2.00331E-01 2.21045E-01 3.47705E-01 4.13605E-01 9.97537E-02 1.57430E-02 0.00000E+00 2.54536E+00
0.00000E+00 3.63421E-02 1.18083E-01 2.17880E-01 2.39164E-01 3.71526E-01 4.41501E-01 1.18610E-01 3.63421E-02 0.00000E+00 2.95792E+00
0.00000E+00 5.46317E-02 1.34767E-01 2.33415E-01 2.55171E-01 3.92494E-01 4.66134E-01 1.35351E-01 5.46317E-02 0.00000E+00 3.30226E+00
0.00000E+00 7.10003E-02 1.49691E-01 2.47269E-01 2.69421E-01 4.11117E-01 4.88087E-01 1.50327E-01 7.10003E-02 0.00000E+00 3.59135E+00
0.00000E+00 8.57477E-02 1.63127E-01 2.59702E-01 2.82189E-01 4.27779E-01 5.07797E-01 1.63807E-01 8.57477E-02 0.00000E+00 3.83531E+00
0.00000E+00 9.91102E-02 1.75289E-01 2.70918E-01 2.93694E-01 4.42780E-01 5.25606E-01 1.76009E-01 9.91102E-02 0.00000E+00 4.04209E+00
5.57480E-03 1.11291E-01 1.86369E-01 2.81108E-01 3.04129E-01 4.56358E-01 5.41770E-01 1.87124E-01 1.11291E-01 5.57480E-03 4.20654E+00
1.90211E-02 1.22456E-01 1.96515E-01 2.90411E-01 3.13645E-01 4.68718E-01 5.56523E-01 1.97302E-01 1.22456E-01 1.90211E-02 4.32994E+00
3.13903E-02 1.32706E-01 2.05809E-01 2.98898E-01 3.22319E-01 4.80010E-01 5.70068E-01 2.06626E-01 1.32706E-01 3.13903E-02 4.43470E+00
4.28041E-02 1.42143E-01 2.14347E-01 3.06660E-01 3.30246E-01 4.90359E-01 5.82540E-01 2.15190E-01 1.42143E-01 4.28041E-02 4.52355E+00
5.33658E-02 1.50855E-01 2.22209E-01 3.13776E-01 3.37507E-01 4.99866E-01 5.94056E-01 2.23076E-01 1.50855E-01 5.33658E-02 4.59871E+00
6.31641E-02 1.58916E-01 2.29465E-01 3.20313E-01 3.44173E-01 5.08621E-01 6.04715E-01 2.30354E-01 1.58916E-01 6.31641E-02 4.66210E+00
7.22754E-02 1.66390E-01 2.36175E-01 3.26330E-01 3.50303E-01 5.16702E-01 6.14603E-01 2.37085E-01 1.66390E-01 7.22754E-02 4.71528E+00
8.07660E-02 1.73336E-01 2.42393E-01 3.31877E-01 3.55952E-01 5.24173E-01 6.23795E-01 2.43322E-01 1.73336E-01 8.07660E-02 4.75962E+00
8.86939E-02 1.79800E-01 2.48163E-01 3.37000E-01 3.61163E-01 5.31093E-01 6.32356E-01 2.49110E-01 1.79800E-01 8.86939E-02 4.79626E+00
9.61099E-02 1.85828E-01 2.53527E-01 3.41736E-01 3.65979E-01 5.37513E-01 6.40341E-01 2.54490E-01 1.85828E-01 9.61099E-02 4.82618E+00
1.03059E-01 1.91457E-01 2.58520E-01 3.46121E-01 3.70434E-01 5.43478E-01 6.47803E-01 2.59498E-01 1.91457E-01 1.03059E-01 4.85021E+00
1.09580E-01 1.96721E-01 2.63174E-01 3.50185E-01 3.74560E-01 5.49027E-01 6.54785E-01 2.64166E-01 1.96721E-01 1.09580E-01 4.86908E+00
1.15710E-01 2.01650E-01 2.67518E-01 3.53956E-01 3.78385E-01 5.54195E-01 6.61327E-01 2.68523E-01 2.01650E-01 1.15710E-01 4.88343E+00
1.21478E-01 2.06272E-01 2.71576E-01 3.57457E-01 3.81934E-01 5.59014E-01 6.67464E-01 2.72593E-01 2.06272E-01 1.21478E-01 4.89378E+00
1.26914E-01 2.10610E-01 2.75372E-01 3.60710E-01 3.85230E-01 5.63512E-01 6.73228E-01 2.76400E-01 2.10610E-01 1.26914E-01 4.90061E+00
1.32043E-01 2.14686E-01 2.78925E-01 3.63735E-01 3.88291E-01 5.67713E-01 6.78648E-01 2.79963E-01 2.14686E-01 1.32043E-01 4.90434E+00
1.36888E-01 2.18521E-01 2.82254E-01 3.66550E-01 3.91138E-01 5.71640E-01 6.83748E-01 2.83302E-01 2.18521E-01 1.36888E-01 4.90532E+00
1.41469E-01 2.22130E-01 2.85375E-01 3.69170E-01 3.93785E-01 5.75315E-01 6.88553E-01 2.86432E-01 2.22130E-01 1.41469E-01 4.90388E+00
1.45805E-01 2.25532E-01 2.88304E-01 3.71610E-01 3.96248E-01 5.78755E-01 6.93083E-01 2.89370E-01 2.25532E-01 1.45805E-01 4.90028E+00
1.49913E-01 2.28739E-01 2.91054E-01 3.73882E-01 3.98540E-01 5.81977E-01 6.97356E-01 2.92128E-01 2.28739E-01 1.49913E-01 4.89478E+00
1.53808E-01 2.31766E-01 2.93637E-01 3.76000E-01 4.00674E-01 5.84996E-01 7.01392E-01 2.94718E-01 2.31766E-01 1.53808E-01 4.88759E+00
1.57505E-01 2.34625E-01 2.96066E-01 3.77973E-01 4.02659E-01 5.87826E-01 7.05204E-01 2.97154E-01 2.34625E-01 1.57505E-01 4.87890E+00
1.61016E-01 2.37327E-01 2.98350E-01 3.79811E-01 4.04508E-01 5.90481E-01 7.08809E-01 2.99444E-01 2.37327E-01 1.61016E-01 4.86889E+00
1.64353E-01 2.39881E-01 3.00498E-01 3.81524E-01 4.06228E-01 5.92971E-01 7.12218E-01 3.01598E-01 2.39881E-01 1.64353E-01 4.85770E+00
1.67527E-01 2.42298E-01 3.02520E-01 3.83120E-01 4.07828E-01 5.95308E-01 7.15445E-01 3.03626E-01 2.42298E-01 1.67527E-01 4.84547E+00
1.70548E-01 2.44586E-01 3.04424E-01 3.84606E-01 4.09317E-01 5.97500E-01 7.18501E-01 3.05535E-01 2.44586E-01 1.70548E-01 4.83232E+00
1.73426E-01 2.46752E-01 3.06216E-01 3.85990E-01 4.10702E-01 5.99558E-01 7.21396E-01 3.07332E-01 2.46752E-01 1.73426E-01 4.81836E+00
1.76168E-01 2.48804E-01 3.07904E-01 3.87278E-01 4.11988E-01 6.01489E-01 7.24139E-01 3.09024E-01 2.48804E-01 1.76168E-01 4.80369E+00
1.78783E-01 2.50750E-01 3.09495E-01 3.88476E-01 4.13182E-01 6.03301E-01 7.26739E-01 3.10619E-01 2.50750E-01 1.78783E-01 4.78838E+00
1.81277E-01 2.52594E-01 3.10993E-01 3.89589E-01 4.14291E-01 6.05002E-01 7.29205E-01 3.12121E-01 2.52594E-01 1.81277E-01 4.77252E+00
1.83659E-01 2.54343E-01 3.12404E-01 3.90623E-01 4.15318E-01 6.06597E-01 7.31543E-01 3.13536E-01 2.54343E-01 1.83659E-01 4.75618E+00
1.85933E-01 2.56003E-01 3.13734E-01 3.91582E-01 4.16269E-01 6.08093E-01 7.33762E-01 3.14869E-01 2.56003E-01 1.85933E-01 4.73941E+00
1.88105E-01 2.57578E-01 3.14987E-01 3.92471E-01 4.17149E-01 6.09496E-01 7.35868E-01 3.16124E-01 2.57578E-01 1.88105E-01 4.72228E+00
1.90182E-01 2.59072E-01 3.16166E-01 3.93294E-01 4.17962E-01 6.10810E-01 7.37866E-01 3.17307E-01 2.59072E-01 1.90182E-01 4.70484E+00
1.92168E-01 2.60491E-01 3.17277E-01 3.94055E-01 4.18710E-01 6.12041E-01 7.39763E-01 3.18421E-01 2.60491E-01 1.92168E-01 4.68712E+00
1.94068E-01 2.61839E-01 3.18324E-01 3.94756E-01 4.19399E-01 6.13194E-01 7.41564E-01 3.19469E-01 2.61839E-01 1.94068E-01 4.66917E+00
1.95886E-01 2.63118E-01 3.19308E-01 3.95402E-01 4.20032E-01 6.14272E-01 7.43273E-01 3.20456E-01 2.63118E-01 1.95886E-01 4.65103E+00
1.97626E-01 2.64333E-01 3.20235E-01 3.95996E-01 4.20611E-01 6.15279E-01 7.44896E-01 3.21384E-01 2.64333E-01 1.97626E-01 4.63274E+00
1.99293E-01 2.65487E-01 3.21106E-01 3.96540E-01 4.21140E-01 6.16220E-01 7.46436E-01 3.22258E-01 2.65487E-01 1.99293E-01 4.61431E+00
2.00890E-01 2.66583E-01 3.21925E-01 3.97038E-01 4.21621E-01 6.17098E-01 7.47898E-01 3.23078E-01 2.66583E-01 2.00890E-01 4.59578E+00
2.02420E-01 2.67623E-01 3.22695E-01 3.97491E-01 4.22057E-01 6.17915E-01 7.49286E-01 3.23849E-01 2.67623E-01 2.02420E-01 4.57717E+00
2.03886E-01 2.68612E-01 3.23417E-01 3.97902E-01 4.22450E-01 6.18676E-01 7.50603E-01 3.24573E-01 2.68612E-01 2.03886E-01 4.55851E+00
0.00000E+00 0.00000E+00 5.10004E-02 1.54640E-01 1.77194E-01 3.09429E-01 3.72400E-01 5.14850E-02 0.00000E+00 0.00000E+00 1.57808E+00
0.00000E+00 0.00000E+00 7.31821E-02 1.74907E-01 1.98236E-01 3.38922E-01 4.08244E-01 7.37796E-02 0.00000E+00 0.00000E+00 2.14078E+00
0.00000E+00 1.39300E-02 9.18956E-02 1.91943E-01 2.15845E-01 3.63318E-01 4.37988E-01 9.25828E-02 1.39300E-02 0.00000E+00 2.55433E+00
0.00000E+00 3.19084E-02 1.08045E-01 2.06573E-01 2.30920E-01 3.84096E-01 4.63444E-01 1.08806E-01 3.19084E-02 0.00000E+00 2.87460E+00
0.00000E+00 4.76446E-02 1.22159E-01 2.19290E-01 2.43992E-01 4.02083E-01 4.85609E-01 1.22984E-01 4.76446E-02 0.00000E+00 3.13473E+00
0.00000E+00 6.15523E-02 1.34611E-01 2.30447E-01 2.55436E-01 4.17819E-01 5.05114E-01 1.35491E-01 6.15523E-02 0.00000E+00 3.34740E+00
0.00000E+00 7.39424E-02 1.45681E-01 2.40308E-01 2.65532E-01 4.31704E-01 5.22427E-01 1.46608E-01 7.39424E-02 0.00000E+00 3.52217E+00
0.00000E+00 8.50545E-02 1.55586E-01 2.49081E-01 2.74496E-01 4.44043E-01 5.37905E-01 1.56554E-01 8.50545E-02 0.00000E+00 3.66634E+00
4.68083E-03 9.50914E-02 1.64516E-01 2.56950E-01 2.82522E-01 4.55076E-01 5.51812E-01 1.65521E-01 9.50914E-02 4.68083E-03 3.77581E+00
1.59134E-02 1.04213E-01 1.72616E-01 2.64050E-01 2.89750E-01 4.65002E-01 5.64385E-01 1.73653E-01 1.04213E-01 1.59134E-02 3.85183E+00
2.61736E-02 1.12517E-01 1.79962E-01 2.70442E-01 2.96248E-01 4.73966E-01 5.75826E-01 1.81028E-01 1.12517E-01 2.61736E-02 3.91356E+00
3.55786E-02 1.20101E-01 1.86646E-01 2.76212E-01 3.02105E-01 4.82086E-01 5.86271E-01 1.87737E-01 1.20101E-01 3.55786E-02 3.96327E+00
4.42267E-02 1.27048E-01 1.92743E-01 2.81434E-01 3.07399E-01 4.89462E-01 5.95835E-01 1.93857E-01 1.27048E-01 4.42267E-02 4.00282E+00
5.22014E-02 1.33428E-01 1.98319E-01 2.86169E-01 3.12192E-01 4.96177E-01 6.04616E-01 1.99454E-01 1.33428E-01 5.22014E-02 4.03376E+00
5.95744E-02 1.39301E-01 2.03429E-01 2.90472E-01 3.16540E-01 5.02305E-01 6.12696E-01 2.04584E-01 1.39301E-01 5.95744E-02 4.05737E+00
6.64072E-02 1.44720E-01 2.08122E-01 2.94387E-01 3.20491E-01 5.07907E-01 6.20148E-01 2.09294E-01 1.44720E-01 6.64072E-02 4.07471E+00
7.27530E-02 1.49730E-01 2.12440E-01 2.97954E-01 3.24085E-01 5.13036E-01 6.27034E-01 2.13628E-01 1.49730E-01 7.27530E-02 4.08670E+00
7.86585E-02 1.54369E-01 2.16419E-01 3.01208E-01 3.27358E-01 5.17740E-01 6.33408E-01 2.17621E-01 1.54369E-01 7.86585E-02 4.09408E+00
8.41642E-02 1.58673E-01 2.20090E-01 3.04179E-01 3.30340E-01 5.22059E-01 6.39318E-01 2.21305E-01 1.58673E-01 8.41642E-02 4.09751E+00
8.93060E-02 1.62672E-01 2.23483E-01 3.06893E-01 3.33061E-01 5.26029E-01 6.44805E-01 2.24709E-01 1.62672E-01 8.93060E-02 4.09752E+00
9.41157E-02 1.66391E-01 2.26622E-01 3.09375E-01 3.35543E-01 5.29681E-01 6.49906E-01 2.27858E-01 1.66391E-01 9.41157E-02 4.09460E+00
9.86212E-02 1.69857E-01 2.29528E-01 3.11644E-01 3.37807E-01 5.33044E-01 6.54653E-01 2.30774E-01 1.69857E-01 9.86212E-02 4.08914E+00
1.02848E-01 1.73089E-01 2.32222E-01 3.13720E-01 3.39874E-01 5.36141E-01 6.59077E-01 2.33477E-01 1.73089E-01 1.02848E-01 4.08149E+00
1.06817E-01 1.76106E-01 2.34721E-01 3.15619E-01 3.41760E-01 5.38997E-01 6.63203E-01 2.35984E-01 1.76106E-01 1.06817E-01 4.07194E+00
1.10550E-01 1.78926E-01 2.37041E-01 3.17355E-01 3.43481E-01 5.41629E-01 6.67055E-01 2.38311E-01 1.78926E-01 1.10550E-01 4.06076E+00
1.14065E-01 1.81564E-01 2.39196E-01 3.18942E-01 3.45049E-01 5.44057E-01 6.70653E-01 2.40472E-01 1.81564E-01 1.14065E-01 4.04817E+00
1.17377E-01 1.84034E-01 2.41198E-01 3.20391E-01 3.46477E-01 5.46295E-01 6.74017E-01 2.42481E-01 1.84034E-01 1.17377E-01 4.03436E+00
1.20501E-01 1.86347E-01 2.43060E-01 3.21715E-01 3.47776E-01 5.48359E-01 6.77163E-01 2.44348E-01 1.86347E-01 1.20501E-01 4.01950E+00
1.23451E-01 1.88517E-01 2.44792E-01 3.22921E-01 3.48956E-01 5.50262E-01 6.80108E-01 2.46084E-01 1.88517E-01 1.23451E-01 4.00375E+00
1.26239E-01 1.90552E-01 2.46402E-01 3.24020E-01 3.50027E-01 5.52016E-01 6.82866E-01 2.47699E-01 1.90552E-01 1.26239E-01 3.98723E+00
1.28876E-01 1.92462E-01 2.47901E-01 3.25019E-01 3.50996E-01 5.53631E-01 6.85448E-01 2.49201E-01 1.92462E-01 1.28876E-01 3.97006E+00
1.31372E-01 1.94256E-01 2.49295E-01 3.25926E-01 3.51870E-01 5.55117E-01 6.87868E-01 2.50598E-01 1.94256E-01 1.31372E-01 3.95234E+00
1.33737E-01 1.95942E-01 2.50592E-01 3.26746E-01 3.52658E-01 5.56483E-01 6.90136E-01 2.51898E-01 1.95942E-01 1.33737E-01 3.93415E+00
1.35978E-01 1.97526E-01 2.51798E-01 3.27487E-01 3.53364E-01 5.57738E-01 6.92262E-01 2.53107E-01 1.97526E-01 1.35978E-01 3.91557E+00
1.38103E-01 1.99015E-01 2.52920E-01 3.28154E-01 3.53995E-01 5.58889E-01 6.94255E-01 2.54231E-01 1.99015E-01 1.38103E-01 3.89667E+00
1.40120E-01 2.00416E-01 2.53963E-01 3.28751E-01 3.54556E-01 5.59943E-01 6.96123E-01 2.55276E-01 2.00416E-01 1.40120E-01 3.87751E+00
1.42036E-01 2.01734E-01 2.54932E-01 3.29284E-01 3.55052E-01 5.60906E-01 6.97875E-01 2.56246E-01 2.01734E-01 1.42036E-01 3.85815E+00
1.43856E-01 2.02974E-01 2.55832E-01 3.29758E-01 3.55487E-01 5.61784E-01 6.99516E-01 2.57148E-01 2.02974E-01 1.43856E-01 3.83863E+00
1.45586E-01 2.04141E-01 2.56668E-01 3.30175E-01 3.55865E-01 5.62583E-01 7.01054E-01 2.57984E-01 2.04141E-01 1.45586E-01 3.81899E+00
1.47231E-01 2.05238E-01 2.57442E-01 3.30540E-01 3.56191E-01 5.63308E-01 7.02494E-01 2.58759E-01 2.05238E-01 1.47231E-01 3.79926E+00
1.48796E-01 2.06271E-01 2.58159E-01 3.30856E-01 3.56466E-01 5.63962E-01 7.03844E-01 2.59477E-01 2.06271E-01 1.48796E-01 3.77949E+00
1.50286E-01 2.07243E-01 2.58823E-01 3.31126E-01 3.56696E-01 5.64551E-01 7.05106E-01 2.60141E-01 2.07243E-01 1.50286E-01 3.75970E+00
1.51704E-01 2.08158E-01 2.59436E-01 3.31353E-01 3.56882E-01 5.65079E-01 7.06288E-01 2.60754E-01 2.08158E-01 1.51704E-01 3.73991E+00
1.53055E-01 2.09018E-01 2.60002E-01 3.31540E-01 3.57027E-01 5.65549E-01 7.07392E-01 2.61320E-01 2.09018E-01 1.53055E-01 3.72016E+00
1.54342E-01 2.09828E-01 2.60523E-01 3.31689E-01 3.57134E-01 5.65964E-01 7.08423E-01 2.61840E-01 2.09828E-01 1.54342E-01 3.70044E+00
1.55569E-01 2.10589E-01 2.61002E-01 3.31804E-01 3.57206E-01 5.66328E-01 7.09386E-01 2.62319E-01 2.10589E-01 1.55569E-01 3.68080E+00
1.56739E-01 2.11304E-01 2.61442E-01 3.31884E-01 3.57244E-01 5.66643E-01 7.10284E-01 2.62757E-01 2.11304E-01 1.56739E-01 3.66123E+00
1.57854E-01 2.11976E-01 2.61843E-01 3.31934E-01 3.57251E-01 5.66913E-01 7.11120E-01 2.63158E-01 2.11976E-01 1.57854E-01 3.64175E+00
1.58917E-01 2.12606E-01 2.62210E-01 3.31954E-01 3.57228E-01 5.67141E-01 7.11897E-01 2.63524E-01 2.12606E-01 1.58917E-01 3.62238E+00
1.59932E-01 2.13199E-01 2.62543E-01 3.31947E-01 3.57178E-01 5.67327E-01 7.12619E-01 2.63855E-01 2.13199E-01 1.59932E-01 3.60313E+00
0.00000E+00 0.00000E+00 4.90984E-02 1.51947E-01 1.78066E-01 3.33601E-01 4.06126E-01 4.98866E-02 0.00000E+00 0.00000E+00 1.74275E+00
0.00000E+00 0.00000E+00 6.83571E-02 1.68817E-01 1.95491E-01 3.59411E-01 4.39296E-01 6.92694E-02 0.00000E+00 0.00000E+00 2.18895E+00
0.00000E+00 1.20502E-02 8.42809E-02 1.82672E-01 2.09727E-01 3.80287E-01 4.66298E-01 8.52891E-02 1.20502E-02 0.00000E+00 2.50256E+00
0.00000E+00 2.74009E-02 9.77856E-02 1.94320E-01 2.21649E-01 3.97714E-01 4.89031E-01 9.88714E-02 2.74009E-02 0.00000E+00 2.73593E+00
0.00000E+00 4.06531E-02 1.09404E-01 2.04246E-01 2.31773E-01 4.12524E-01 5.08538E-01 1.10554E-01 4.06531E-02 0.00000E+00 2.91926E+00
0.00000E+00 5.22226E-02 1.19510E-01 2.12793E-01 2.40464E-01 4.25258E-01 5.25477E-01 1.20714E-01 5.22226E-02 0.00000E+00 3.06407E+00
0.00000E+00 6.24155E-02 1.28377E-01 2.20216E-01 2.47989E-01 4.36311E-01 5.40325E-01 1.29627E-01 6.24155E-02 0.00000E+00 3.17881E+00
0.00000E+00 7.14639E-02 1.36216E-01 2.26709E-01 2.54551E-01 4.45979E-01 5.53444E-01 1.37505E-01 7.14639E-02 0.00000E+00 3.26975E+00
3.85466E-03 7.95612E-02 1.43206E-01 2.32446E-01 2.60330E-01 4.54494E-01 5.65098E-01 1.44528E-01 7.95612E-02 3.85466E-03 3.33350E+00
1.30582E-02 8.68565E-02 1.49481E-01 2.37545E-01 2.65451E-01 4.62041E-01 5.75517E-01 1.50832E-01 8.68565E-02 1.30582E-02 3.37111E+00
2.14065E-02 9.34403E-02 1.55109E-01 2.42057E-01 2.69969E-01 4.68751E-01 5.84899E-01 1.56485E-01 9.34403E-02 2.14065E-02 3.39852E+00
2.90082E-02 9.94031E-02 1.60175E-01 2.46060E-01 2.73963E-01 4.74734E-01 5.93375E-01 1.61573E-01 9.94031E-02 2.90082E-02 3.41753E+00
3.59539E-02 1.04821E-01 1.64747E-01 2.49617E-01 2.77501E-01 4.80082E-01 6.01057E-01 1.66164E-01 1.04821E-01 3.59539E-02 3.42958E+00
4.23202E-02 1.09758E-01 1.68885E-01 2.52784E-01 2.80640E-01 4.84871E-01 6.08037E-01 1.70318E-01 1.09758E-01 4.23202E-02 3.43586E+00
4.81717E-02 1.14267E-01 1.72637E-01 2.55606E-01 2.83427E-01 4.89168E-01 6.14394E-01 1.74084E-01 1.14267E-01 4.81717E-02 3.43732E+00
5.35639E-02 1.18397E-01 1.76047E-01 2.58124E-01 2.85901E-01 4.93027E-01 6.20195E-01 1.77506E-01 1.18397E-01 5.35639E-02 3.43477E+00
5.85444E-02 1.22186E-01 1.79150E-01 2.60370E-01 2.88099E-01 4.96497E-01 6.25499E-01 1.80621E-01 1.22186E-01 5.85444E-02 3.42887E+00
6.31546E-02 1.25669E-01 1.81980E-01 2.62374E-01 2.90050E-01 4.99619E-01 6.30356E-01 1.83460E-01 1.25669E-01 6.31546E-02 3.42015E+00
6.74305E-02 1.28876E-01 1.84562E-01 2.64160E-01 2.91781E-01 5.02428E-01 6.34810E-01 1.86050E-01 1.28876E-01 6.74305E-02 3.40909E+00
7.14034E-02 1.31834E-01 1.86922E-01 2.65753E-01 2.93313E-01 5.04956E-01 6.38900E-01 1.88417E-01 1.31834E-01 7.14034E-02 3.39607E+00
7.51011E-02 1.34565E-01 1.89081E-01 2.67169E-01 2.94667E-01 5.07230E-01 6.42657E-01 1.90581E-01 1.34565E-01 7.51011E-02 3.38141E+00
7.85480E-02 1.37091E-01 1.91056E-01 2.68428E-01 2.95860E-01 5.09274E-01 6.46114E-01 1.92561E-01 1.37091E-01 7.85480E-02 3.36538E+00
8.17657E-02 1.39430E-01 1.92865E-01 2.69542E-01 2.96907E-01 5.11109E-01 6.49295E-01 1.94374E-01 1.39430E-01 8.17657E-02 3.34823E+00
8.47735E-02 1.41597E-01 1.94522E-01 2.70527E-01 2.97823E-01 5.12755E-01 6.52225E-01 1.96034E-01 1.41597E-01 8.47735E-02 3.33015E+00
8.75887E-02 1.43607E-01 1.96041E-01 2.71393E-01 2.98619E-01 5.14228E-01 6.54924E-01 1.97555E-01 1.43607E-01 8.75887E-02 3.31130E+00
9.02265E-02 1.45473E-01 1.97432E-01 2.72152E-01 2.99306E-01 5.15542E-01 6.57411E-01 1.98948E-01 1.45473E-01 9.02265E-02 3.29184E+00
9.27008E-02 1.47206E-01 1.98707E-01 2.72812E-01 2.99894E-01 5.16712E-01 6.59703E-01 2.00224E-01 1.47206E-01 9.27008E-02 3.27189E+00
9.50242E-02 1.48817E-01 1.99875E-01 2.73383E-01 3.00391E-01 5.17750E-01 6.61815E-01 2.01393E-01 1.48817E-01 9.50242E-02 3.25154E+00
9.72078E-02 1.50315E-01 2.00945E-01 2.73871E-01 3.00806E-01 5.18665E-01 6.63761E-01 2.02463E-01 1.50315E-01 9.72078E-02 3.23090E+00
9.92619E-02 1.51708E-01 2.01923E-01 2.74284E-01 3.01145E-01 5.19469E-01 6.65552E-01 2.03441E-01 1.51708E-01 9.92619E-02 3.21005E+00
1.01196E-01 1.53005E-01 2.02818E-01 2.74628E-01 3.01414E-01 5.20169E-01 6.67202E-01 2.04335E-01 1.53005E-01 1.01196E-01 3.18904E+00
1.03018E-01 1.54213E-01 2.03635E-01 2.74908E-01 3.01619E-01 5.20775E-01 6.68719E-01 2.05150E-01 1.54213E-01 1.03018E-01 3.16793E+00
1.04735E-01 1.55337E-01 2.04380E-01 2.75130E-01 3.01766E-01 5.21292E-01 6.70113E-01 2.05894E-01 1.55337E-01 1.04735E-01 3.14679E+00
1.06356E-01 1.56384E-01 2.05058E-01 2.75298E-01 3.01859E-01 5.21729E-01 6.71392E-01 2.06570E-01 1.56384E-01 1.06356E-01 3.12564E+00
1.07886E-01 1.57359E-01 2.05675E-01 2.75416E-01 3.01903E-01 5.22090E-01 6.72565E-01 2.07185E-01 1.57359E-01 1.07886E-01 3.10453E+00
1.09331E-01 1.58267E-01 2.06234E-01 2.75489E-01 3.01901E-01 5.22381E-01 6.73638E-01 2.07742E-01 1.58267E-01 1.09331E-01 3.08348E+00
1.10697E-01 1.59111E-01 2.06739E-01 2.75519E-01 3.01856E-01 5.22608E-01 6.74618E-01 2.08245E-01 1.59111E-01 1.10697E-01 3.06253E+00
1.11988E-01 1.59898E-01 2.07195E-01 2.75510E-01 3.01773E-01 5.22775E-01 6.75511E-01 2.08698E-01 1.59898E-01 1.11988E-01 3.04170E+00
1.13209E-01 1.60629E-01 2.07604E-01 2.75465E-01 3.01654E-01 5.22887E-01 6.76323E-01 2.09104E-01 1.60629E-01 1.13209E-01 3.02101E+00
1.14365E-01 1.61309E-01 2.07970E-01 2.75387E-01 3.01501E-01 5.22946E-01 6.77059E-01 2.09467E-01 1.61309E-01 1.14365E-01 3.00047E+00
1.15459E-01 1.61941E-01 2.08296E-01 2.75278E-01 3.01318E-01 5.22957E-01 6.77723E-01 2.09789E-01 1.61941E-01 1.15459E-01 2.98009E+00
1.16495E-01 1.62528E-01 2.08584E-01 2.75140E-01 3.01107E-01 5.22924E-01 6.78321E-01 2.10073E-01 1.62528E-01 1.16495E-01 2.95990E+00
1.17477E-01 1.63073E-01 2.08836E-01 2.74975E-01 3.00870E-01 5.22849E-01 6.78855E-01 2.10322E-01 1.63073E-01 1.17477E-01 2.93990E+00
1.18407E-01 1.63578E-01 2.09056E-01 2.74786E-01 3.00608E-01 5.22734E-01 6.79330E-01 2.10537E-01 1.63578E-01 1.18407E-01 2.92009E+00
1.19288E-01 1.64045E-01 2.09244E-01 2.74575E-01 3.00324E-01 5.22584E-01 6.79749E-01 2.10722E-01 1.64045E-01 1.19288E-01 2.90050E+00
1.20123E-01 1.64477E-01 2.09404E-01 2.74341E-01 3.00019E-01 5.22399E-01 6.80116E-01 2.10877E-01 1.64477E-01 1.20123E-01 2.88111E+00
1.20915E-01 1.64876E-01 2.09536E-01 2.74089E-01 2.99695E-01 5.22183E-01 6.80434E-01 2.11005E-01 1.64876E-01 1.20915E-01 2.86193E+00
1.21665E-01 1.65244E-01 2.09642E-01 2.73818E-01 2.99353E-01 5.21937E-01 6.80705E-01 2.11107E-01 1.65244E-01 1.21665E-01 2.84298E+00
1.22377E-01 1.65582E-01 2.09725E-01 2.73530E-01 2.98995E-01 5.21664E-01 6.80932E-01 2.11186E-01 1.65582E-01 1.22377E-01 2.82424E+00
1.23052E-01 1.65893E-01 2.09785E-01 2.73227E-01 2.98622E-01 5.21364E-01 6.81118E-01 2.11241E-01 1.65893E-01 1.23052E-01 2.80573E+00
0.00000E+00 0.00000E+00 4.72153E-02 1.48312E-01 1.77920E-01 3.59496E-01 4.44936E-01 4.84416E-02 0.00000E+00 0.00000E+00 1.82753E+00
0.00000E+00 0.00000E+00 6.33625E-02 1.61518E-01 1.91384E-01 3.80945E-01 4.74774E-01 6.47131E-02 0.00000E+00 0.00000E+00 2.16002E+00
0.00000E+00 1.01575E-02 7.64671E-02 1.72106E-01 2.02101E-01 3.97865E-01 4.98587E-01 7.79100E-02 1.01575E-02 0.00000E+00 2.38120E+00
0.00000E+00 2.29415E-02 8.73960E-02 1.80802E-01 2.10849E-01 4.11662E-01 5.18286E-01 8.89104E-02 2.29415E-02 0.00000E+00 2.53735E+00
0.00000E+00 3.38350E-02 9.66519E-02 1.88038E-01 2.18086E-01 4.23123E-01 5.34919E-01 9.82232E-02 3.38350E-02 0.00000E+00 2.65451E+00
0.00000E+00 4.32337E-02 1.04586E-01 1.94129E-01 2.24141E-01 4.32759E-01 5.49141E-01 1.06203E-01 4.32337E-02 0.00000E+00 2.74240E+00
0.00000E+00 5.14247E-02 1.11455E-01 1.99302E-01 2.29251E-01 4.40940E-01 5.61425E-01 1.13108E-01 5.14247E-02 0.00000E+00 2.80795E+00
0.00000E+00 5.86226E-02 1.17447E-01 2.03725E-01 2.33593E-01 4.47937E-01 5.72122E-01 1.19131E-01 5.86226E-02 0.00000E+00 2.85622E+00
3.10509E-03 6.50040E-02 1.22728E-01 2.07552E-01 2.37325E-01 4.53967E-01 5.81489E-01 1.24436E-01 6.50040E-02 3.10509E-03 2.88426E+00
1.04825E-02 7.07030E-02 1.27415E-01 2.10883E-01 2.40551E-01 4.59192E-01 5.89745E-01 1.29141E-01 7.07030E-02 1.04825E-02 2.89277E+00
1.71283E-02 7.58002E-02 1.31566E-01 2.13754E-01 2.43308E-01 4.63722E-01 5.97073E-01 1.33308E-01 7.58002E-02 1.71283E-02 2.89471E+00
2.31400E-02 8.03766E-02 1.35255E-01 2.16229E-01 2.45664E-01 4.67654E-01 6.03599E-01 1.37009E-01 8.03766E-02 2.31400E-02 2.89136E+00
2.85983E-02 8.44994E-02 1.38543E-01 2.18364E-01 2.47675E-01 4.71070E-01 6.09425E-01 1.40307E-01 8.44994E-02 2.85983E-02 2.88377E+00
3.35707E-02 8.82247E-02 1.41480E-01 2.20203E-01 2.49387E-01 4.74038E-01 6.14639E-01 1.43251E-01 8.82247E-02 3.35707E-02 2.87278E+00
3.81139E-02 9.15996E-02 1.44109E-01 2.21785E-01 2.50838E-01 4.76613E-01 6.19313E-01 1.45886E-01 9.15996E-02 3.81139E-02 2.85905E+00
4.22764E-02 9.46643E-02 1.46467E-01 2.23141E-01 2.52062E-01 4.78843E-01 6.23509E-01 1.48246E-01 9.46643E-02 4.22764E-02 2.84313E+00
4.60995E-02 9.74532E-02 1.48583E-01 2.24298E-01 2.53087E-01 4.80769E-01 6.27281E-01 1.50365E-01 9.74532E-02 4.60995E-02 2.82546E+00
4.96189E-02 9.99958E-02 1.50485E-01 2.25279E-01 2.53936E-01 4.82427E-01 6.30672E-01 1.52267E-01 9.99958E-02 4.96189E-02 2.80641E+00
5.28653E-02 1.02318E-01 1.52195E-01 2.26106E-01 2.54629E-01 4.83845E-01 6.33723E-01 1.53977E-01 1.02318E-01 5.28653E-02 2.78626E+00
5.58657E-02 1.04441E-01 1.53734E-01 2.26795E-01 2.55185E-01 4.85050E-01 6.36469E-01 1.55514E-01 1.04441E-01 5.58657E-02 2.76527E+00
5.86435E-02 1.06386E-01 1.55118E-01 2.27361E-01 2.55618E-01 4.86064E-01 6.38939E-01 1.56896E-01 1.06386E-01 5.86435E-02 2.74364E+00
6.12194E-02 1.08168E-01 1.56363E-01 2.27817E-01 2.55942E-01 4.86908E-01 6.41159E-01 1.58138E-01 1.08168E-01 6.12194E-02 2.72153E+00
6.36116E-02 1.09804E-01 1.57483E-01 2.28175E-01 2.56168E-01 4.87599E-01 6.43153E-01 1.59254E-01 1.09804E-01 6.36116E-02 2.69909E+00
6.58362E-02 1.11306E-01 1.58489E-01 2.28444E-01 2.56308E-01 4.88151E-01 6.44942E-01 1.60255E-01 1.11306E-01 6.58362E-02 2.67643E+00
6.79077E-02 1.12686E-01 1.59391E-01 2.28635E-01 2.56370E-01 4.88578E-01 6.46543E-01 1.61152E-01 1.12686E-01 6.79077E-02 2.65364E+00
6.98387E-02 1.13956E-01 1.60200E-01 2.28755E-01 2.56361E-01 4.88893E-01 6.47973E-01 1.61955E-01 1.13956E-01 6.98387E-02 2.63082E+00
7.16408E-02 1.15123E-01 1.60923E-01 2.28810E-01 2.56290E-01 4.89106E-01 6.49246E-01 1.62672E-01 1.15123E-01 7.16408E-02 2.60802E+00
7.33242E-02 1.16197E-01 1.61567E-01 2.28807E-01 2.56161E-01 4.89226E-01 6.50376E-01 1.63310E-01 1.16197E-01 7.33242E-02 2.58529E+00
7.48983E-02 1.17185E-01 1.62140E-01 2.28752E-01 2.55982E-01 4.89262E-01 6.51375E-01 1.63876E-01 1.17185E-01 7.48983E-02 2.56270E+00
7.63712E-02 1.18095E-01 1.62648E-01 2.28650E-01 2.55757E-01 4.89221E-01 6.52252E-01 1.64377E-01 1.18095E-01 7.63712E-02 2.54026E+00
7.77507E-02 1.18931E-01 1.63095E-01 2.28505E-01 2.55490E-01 4.89111E-01 6.53017E-01 1.64817E-01 1.18931E-01 7.77507E-02 2.51802E+00
7.90436E-02 1.19701E-01 1.63488E-01 2.28321E-01 2.55186E-01 4.88938E-01 6.53680E-01 1.65202E-01 1.19701E-01 7.90436E-02 2.49600E+00
8.02560E-02 1.20408E-01 1.63829E-01 2.28101E-01 2.54848E-01 4.88707E-01 6.54248E-01 1.65535E-01 1.20408E-01 8.02560E-02 2.47422E+00
8.13936E-02 1.21058E-01 1.64124E-01 2.27850E-01 2.54480E-01 4.88422E-01 6.54727E-01 1.65822E-01 1.21058E-01 8.13936E-02 2.45269E+00
8.24618E-02 1.21654E-01 1.64375E-01 2.27570E-01 2.54083E-01 4.88090E-01 6.55126E-01 1.66065E-01 1.21654E-01 8.24618E-02 2.43143E+00
8.34650E-02 1.22202E-01 1.64587E-01 2.27263E-01 2.53662E-01 4.87713E-01 6.55449E-01 1.66269E-01 1.22202E-01 8.34650E-02 2.41046E+00
8.44078E-02 1.22703E-01 1.64762E-01 2.26932E-01 2.53219E-01 4.87296E-01 6.55702E-01 1.66435E-01 1.22703E-01 8.44078E-02 2.38977E+00
8.52940E-02 1.23161E-01 1.64902E-01 2.26580E-01 2.52755E-01 4.86842E-01 6.55890E-01 1.66567E-01 1.23161E-01 8.52940E-02 2.36937E+00
8.61274E-02 1.23580E-01 1.65012E-01 2.26208E-01 2.52272E-01 4.86354E-01 6.56018E-01 1.66668E-01 1.23580E-01 8.61274E-02 2.34927E+00
8.69113E-02 1.23961E-01 1.65092E-01 2.25818E-01 2.51774E-01 4.85836E-01 6.56089E-01 1.66740E-01 1.23961E-01 8.69113E-02 2.32947E+00
8.76487E-02 1.24308E-01 1.65145E-01 2.25412E-01 2.51260E-01 4.85288E-01 6.56108E-01 1.66784E-01 1.24308E-01 8.76487E-02 2.30997E+00
8.83427E-02 1.24623E-01 1.65173E-01 2.24991E-01 2.50733E-01 4.84715E-01 6.56079E-01 1.66803E-01 1.24623E-01 8.83427E-02 2.29077E+00
8.89957E-02 1.24907E-01 1.65178E-01 2.24557E-01 2.50194E-01 4.84119E-01 6.56004E-01 1.66799E-01 1.24907E-01 8.89957E-02 2.27187E+00
8.96103E-02 1.25164E-01 1.65161E-01 2.24111E-01 2.49644E-01 4.83500E-01 6.55886E-01 1.66773E-01 1.25164E-01 8.96103E-02 2.25327E+00
9.01888E-02 1.25393E-01 1.65124E-01 2.23654E-01 2.49085E-01 4.82862E-01 6.55729E-01 1.66728E-01 1.25393E-01 9.01888E-02 2.23496E+00
9.07332E-02 1.25599E-01 1.65069E-01 2.23188E-01 2.48517E-01 4.82205E-01 6.55536E-01 1.66663E-01 1.25599E-01 9.07332E-02 2.21695E+00
9.12455E-02 1.25780E-01 1.64996E-01 2.22712E-01 2.47941E-01 4.81532E-01 6.55307E-01 1.66581E-01 1.25780E-01 9.12455E-02 2.19922E+00
9.17276E-02 1.25940E-01 1.64907E-01 2.22229E-01 2.47359E-01 4.80843E-01 6.55047E-01 1.66483E-01 1.25940E-01 9.17276E-02 2.18178E+00
9.21811E-02 1.26080E-01 1.64803E-01 2.21738E-01 2.46771E-01 4.80141E-01 6.54756E-01 1.66370E-01 1.26080E-01 9.21811E-02 2.16463E+00
9.26077E-02 1.26201E-01 1.64685E-01 2.21241E-01 2.46178E-01 4.79426E-01 6.54436E-01 1.66243E-01 1.26201E-01 9.26077E-02 2.14775E+00
0.00000E+00 0.00000E+00 4.51272E-02 1.42967E-01 1.75741E-01 3.85951E-01 4.88771E-01 4.69479E-02 0.00000E+00 0.00000E+00 1.81682E+00
0.00000E+00 0.00000E+00 5.81253E-02 1.52431E-01 1.85086E-01 4.02443E-01 5.14588E-01 6.00501E-02 0.00000E+00 0.00000E+00 2.04708E+00
0.00000E+00 8.32315E-03 6.84967E-02 1.59819E-01 1.92291E-01 4.15042E-01 5.34733E-01 7.04926E-02 8.32315E-03 0.00000E+00 2.18931E+00
0.00000E+00 1.86838E-02 7.70065E-02 1.65710E-01 1.97966E-01 4.24984E-01 5.51049E-01 7.90527E-02 1.86838E-02 0.00000E+00 2.28204E+00
0.00000E+00 2.74058E-02 8.40997E-02 1.70458E-01 2.02476E-01 4.32963E-01 5.64546E-01 8.61817E-02 2.74058E-02 0.00000E+00 2.34647E+00
0.00000E+00 3.48466E-02 9.00883E-02 1.74323E-01 2.06094E-01 4.39436E-01 5.75854E-01 9.21953E-02 3.48466E-02 0.00000E+00 2.39019E+00
0.00000E+00 4.12630E-02 9.51961E-02 1.77493E-01 2.09011E-01 4.44725E-01 5.85423E-01 9.73200E-02 4.12630E-02 0.00000E+00 2.41850E+00
0.00000E+00 4.68449E-02 9.95887E-02 1.80103E-01 2.11368E-01 4.49067E-01 5.93584E-01 1.01723E-01 4.68449E-02 0.00000E+00 2.43519E+00
2.44085E-03 5.17471E-02 1.03408E-01 1.82282E-01 2.13295E-01 4.52651E-01 6.00579E-01 1.05547E-01 5.17471E-02 2.44085E-03 2.43764E+00
8.21202E-03 5.60854E-02 1.06751E-01 1.84107E-01 2.14871E-01 4.55613E-01 6.06607E-01 1.08892E-01 5.60854E-02 8.21202E-03 2.42622E+00
1.33755E-02 5.99296E-02 1.09668E-01 1.85595E-01 2.16114E-01 4.58036E-01 6.11834E-01 1.11808E-01 5.99296E-02 1.33755E-02 2.41111E+00
1.80156E-02 6.33495E-02 1.12220E-01 1.86801E-01 2.17076E-01 4.60000E-01 6.16373E-01 1.14355E-01 6.33495E-02 1.80156E-02 2.39319E+00
2.22016E-02 6.64024E-02 1.14457E-01 1.87765E-01 2.17801E-01 4.61575E-01 6.20318E-01 1.16587E-01 6.64024E-02 2.22016E-02 2.37315E+00
2.59912E-02 6.91357E-02 1.16423E-01 1.88523E-01 2.18324E-01 4.62814E-01 6.23748E-01 1.18544E-01 6.91357E-02 2.59912E-02 2.35152E+00
2.94328E-02 7.15894E-02 1.18151E-01 1.89105E-01 2.18674E-01 4.63766E-01 6.26727E-01 1.20262E-01 7.15894E-02 2.94328E-02 2.32872E+00
3.25671E-02 7.37970E-02 1.19671E-01 1.89533E-01 2.18876E-01 4.64467E-01 6.29310E-01 1.21772E-01 7.37970E-02 3.25671E-02 2.30509E+00
3.54289E-02 7.57872E-02 1.21009E-01 1.89830E-01 2.18949E-01 4.64952E-01 6.31545E-01 1.23098E-01 7.57872E-02 3.54289E-02 2.28089E+00
3.80481E-02 7.75845E-02 1.22186E-01 1.90011E-01 2.18913E-01 4.65247E-01 6.33471E-01 1.24262E-01 7.75845E-02 3.80481E-02 2.25633E+00
4.04503E-02 7.92098E-02 1.23220E-01 1.90092E-01 2.18780E-01 4.65377E-01 6.35122E-01 1.25283E-01 7.92098E-02 4.04503E-02 2.23159E+00
4.26578E-02 8.06814E-02 1.24127E-01 1.90086E-01 2.18565E-01 4.65361E-01 6.36529E-01 1.26176E-01 8.06814E-02 4.26578E-02 2.20679E+00
4.46899E-02 8.20152E-02 1.24921E-01 1.90003E-01 2.18277E-01 4.65218E-01 6.37718E-01 1.26955E-01 8.20152E-02 4.46899E-02 2.18204E+00
4.65636E-02 8.32250E-02 1.25614E-01 1.89853E-01 2.17926E-01 4.64962E-01 6.38710E-01 1.27632E-01 8.32250E-02 4.65636E-02 2.15743E+00
4.82939E-02 8.43229E-02 1.26215E-01 1.89644E-01 2.17520E-01 4.64606E-01 6.39526E-01 1.28219E-01 8.43229E-02 4.82939E-02 2.13303E+00
4.98938E-02 8.53196E-02 1.26736E-01 1.89383E-01 2.17066E-01 4.64163E-01 6.40184E-01 1.28724E-01 8.53196E-02 4.98938E-02 2.10889E+00
5.13751E-02 8.62246E-02 1.27182E-01 1.89077E-01 2.16571E-01 4.63641E-01 6.40698E-01 1.29155E-01 8.62246E-02 5.13751E-02 2.08505E+00
5.27481E-02 8.70462E-02 1.27563E-01 1.88730E-01 2.16039E-01 4.63051E-01 6.41082E-01 1.29519E-01 8.70462E-02 5.27481E-02 2.06155E+00
5.40219E-02 8.77920E-02 1.27883E-01 1.88348E-01 2.15476E-01 4.62399E-01 6.41349E-01 1.29824E-01 8.77920E-02 5.40219E-02 2.03840E+00
5.52050E-02 8.84685E-02 1.28150E-01 1.87934E-01 2.14885E-01 4.61693E-01 6.41509E-01 1.30074E-01 8.84685E-02 5.52050E-02 2.01563E+00
5.63046E-02 8.90818E-02 1.28367E-01 1.87493E-01 2.14269E-01 4.60939E-01 6.41572E-01 1.30274E-01 8.90818E-02 5.63046E-02 1.99325E+00
5.73274E-02 8.96371E-02 1.28539E-01 1.87028E-01 2.13633E-01 4.60142E-01 6.41547E-01 1.30431E-01 8.96371E-02 5.73274E-02 1.97127E+00
5.82795E-02 9.01393E-02 1.28671E-01 1.86541E-01 2.12980E-01 4.59308E-01 6.41442E-01 1.30546E-01 9.01393E-02 5.82795E-02 1.94969E+00
5.91662E-02 9.05928E-02 1.28765E-01 1.86036E-01 2.12310E-01 4.58440E-01 6.41262E-01 1.30624E-01 9.05928E-02 5.91662E-02 1.92852E+00
5.99924E-02 9.10013E-02 1.28826E-01 1.85515E-01 2.11628E-01 4.57542E-01 6.41016E-01 1.30669E-01 9.10013E-02 5.99924E-02 1.90776E+00
6.07627E-02 9.13685E-02 1.28856E-01 1.84979E-01 2.10934E-01 4.56618E-01 6.40709E-01 1.30683E-01 9.13685E-02 6.07627E-02 1.88740E+00
6.14811E-02 9.16976E-02 1.28858E-01 1.84431E-01 2.10231E-01 4.55670E-01 6.40345E-01 1.30668E-01 9.16976E-02 6.14811E-02 1.86744E+00
6.21513E-02 9.19915E-02 1.28834E-01 1.83873E-01 2.09520E-01 4.54703E-01 6.39930E-01 1.30628E-01 9.19915E-02 6.21513E-02 1.84788E+00
6.27766E-02 9.22530E-02 1.28786E-01 1.83305E-01 2.08802E-01 4.53718E-01 6.39467E-01 1.30565E-01 9.22530E-02 6.27766E-02 1.82872E+00
6.33602E-02 9.24843E-02 1.28717E-01 1.82729E-01 2.08079E-01 4.52717E-01 6.38962E-01 1.30480E-01 9.24843E-02 6.33602E-02 1.80993E+00
6.39049E-02 9.26877E-02 1.28628E-01 1.82146E-01 2.07353E-01 4.51702E-01 6.38416E-01 1.30375E-01 9.26877E-02 6.39049E-02 1.79153E+00
6.44133E-02 9.28654E-02 1.28521E-01 1.81558E-01 2.06623E-01 4.50676E-01 6.37835E-01 1.30253E-01 9.28654E-02 6.44133E-02 1.77350E+00
6.48878E-02 9.30190E-02 1.28398E-01 1.80965E-01 2.05890E-01 4.49640E-01 6.37220E-01 1.30114E-01 9.30190E-02 6.48878E-02 1.75584E+00
6.53306E-02 9.31504E-02 1.28259E-01 1.80368E-01 2.05157E-01 4.48595E-01 6.36574E-01 1.29960E-01 9.31504E-02 6.53306E-02 1.73853E+00
6.57436E-02 9.32612E-02 1.28107E-01 1.79769E-01 2.04422E-01 4.47543E-01 6.35901E-01 1.29792E-01 9.32612E-02 6.57436E-02 1.72158E+00
6.61289E-02 9.33527E-02 1.27941E-01 1.79167E-01 2.03688E-01 4.46485E-01 6.35201E-01 1.29611E-01 9.33527E-02 6.61289E-02 1.70496E+00
6.64881E-02 9.34263E-02 1.27764E-01 1.78563E-01 2.02954E-01 4.45423E-01 6.34478E-01 1.29419E-01 9.34263E-02 6.64881E-02 1.68868E+00
6.68228E-02 9.34832E-02 1.27576E-01 1.77959E-01 2.02222E-01 4.44356E-01 6.33733E-01 1.29216E-01 9.34832E-02 6.68228E-02 1.67272E+00
6.71345E-02 9.35246E-02 1.27379E-01 1.77353E-01 2.01490E-01 4.43287E-01 6.32969E-01 1.29004E-01 9.35246E-02 6.71345E-02 1.65708E+00
6.74246E-02 9.35515E-02 1.27172E-01 1.76748E-01 2.00761E-01 4.42215E-01 6.32186E-01 1.28782E-01 9.35515E-02 6.74246E-02 1.64176E+00
6.76944E-02 9.35649E-02 1.26957E-01 1.76143E-01 2.00034E-01 4.41143E-01 6.31386E-01 1.28553E-01 9.35649E-02 6.76944E-02 1.62673E+00
6.79451E-02 9.35657E-02 1.26734E-01 1.75539E-01 1.99310E-01 4.40070E-01 6.30571E-01 1.28316E-01 9.35657E-02 6.79451E-02 1.61200E+00
0.00000E+00 0.00000E+00 4.25799E-02 1.35090E-01 1.70363E-01 4.11430E-01 5.37299E-01 4.51409E-02 0.00000E+00 0.00000E+00 1.70847E+00
0.00000E+00 0.00000E+00 5.25782E-02 1.40988E-01 1.75697E-01 4.22512E-01 5.58361E-01 5.51917E-02 0.00000E+00 0.00000E+00 1.85617E+00
0.00000E+00 6.62445E-03 6.04301E-02 1.45423E-01 1.79590E-01 4.30521E-01 5.74299E-01 6.30682E-02 6.62445E-03 0.00000E+00 1.93772E+00
0.00000E+00 1.47875E-02 6.67671E-02 1.48796E-01 1.82440E-01 4.36451E-01 5.86815E-01 6.94128E-02 1.47875E-02 0.00000E+00 1.98354E+00
0.00000E+00 2.15804E-02 7.19590E-02 1.51358E-01 1.84500E-01 4.40866E-01 5.96842E-01 7.46009E-02 2.15804E-02 0.00000E+00 2.01008E+00
0.00000E+00 2.73120E-02 7.62679E-02 1.53307E-01 1.85969E-01 4.44142E-01 6.04963E-01 7.88982E-02 2.73120E-02 0.00000E+00 2.02290E+00
0.00000E+00 3.22020E-02 7.98803E-02 1.54782E-01 1.86984E-01 4.46543E-01 6.11591E-01 8.24932E-02 3.22020E-02 0.00000E+00 2.02582E+00
0.00000E+00 3.64124E-02 8.29327E-02 1.55883E-01 1.87646E-01 4.48258E-01 6.17025E-01 8.55243E-02 3.64124E-02 0.00000E+00 2.02152E+00
1.86819E-03 4.00735E-02 8.55421E-02 1.56709E-01 1.88055E-01 4.49446E-01 6.21488E-01 8.81095E-02 4.00735E-02 1.86819E-03 2.00772E+00
6.26378E-03 4.32821E-02 8.77876E-02 1.57312E-01 1.88260E-01 4.50209E-01 6.25155E-01 9.03289E-02 4.32821E-02 6.26378E-03 1.98450E+00
1.01692E-02 4.60967E-02 8.97065E-02 1.57696E-01 1.88260E-01 4.50596E-01 6.28162E-01 9.22202E-02 4.60967E-02 1.01692E-02 1.95969E+00
1.36548E-02 4.85755E-02 9.13489E-02 1.57899E-01 1.88093E-01 4.50671E-01 6.30611E-01 9.38336E-02 4.85755E-02 1.36548E-02 1.93383E+00
1.67785E-02 5.07656E-02 9.27553E-02 1.57950E-01 1.87787E-01 4.50486E-01 6.32583E-01 9.52102E-02 5.07656E-02 1.67785E-02 1.90731E+00
1.95878E-02 5.27063E-02 9.39592E-02 1.57876E-01 1.87369E-01 4.50084E-01 6.34145E-01 9.63837E-02 5.27063E-02 1.95878E-02 1.88046E+00
2.21226E-02 5.44300E-02 9.49884E-02 1.57696E-01 1.86856E-01 4.49500E-01 6.35355E-01 9.73821E-02 5.44300E-02 2.21226E-02 1.85351E+00
2.44163E-02 5.59641E-02 9.58660E-02 1.57427E-01 1.86266E-01 4.48763E-01 6.36259E-01 9.82287E-02 5.59641E-02 2.44163E-02 1.82664E+00
2.64974E-02 5.73316E-02 9.66116E-02 1.57083E-01 1.85612E-01 4.47896E-01 6.36897E-01 9.89432E-02 5.73316E-02 2.64974E-02 1.79997E+00
2.83899E-02 5.85523E-02 9.72417E-02 1.56676E-01 1.84904E-01 4.46919E-01 6.37302E-01 9.95422E-02 5.85523E-02 2.83899E-02 1.77363E+00
3.01147E-02 5.96430E-02 9.77705E-02 1.56216E-01 1.84153E-01 4.45850E-01 6.37504E-01 1.00040E-01 5.96430E-02 3.01147E-02 1.74767E+00
3.16897E-02 6.06181E-02 9.82100E-02 1.55712E-01 1.83366E-01 4.44703E-01 6.37527E-01 1.00449E-01 6.06181E-02 3.16897E-02 1.72216E+00
3.31304E-02 6.14902E-02 9.85708E-02 1.55169E-01 1.82550E-01 4.43489E-01 6.37391E-01 1.00779E-01 6.14902E-02 3.31304E-02 1.69714E+00
3.44503E-02 6.22702E-02 9.88618E-02 1.54594E-01 1.81710E-01 4.42220E-01 6.37117E-01 1.01040E-01 6.22702E-02 3.44503E-02 1.67264E+00
3.56613E-02 6.29676E-02 9.90909E-02 1.53993E-01 1.80850E-01 4.40904E-01 6.36720E-01 1.01239E-01 6.29676E-02 3.56613E-02 1.64867E+00
3.67738E-02 6.35908E-02 9.92649E-02 1.53369E-01 1.79976E-01 4.39549E-01 6.36213E-01 1.01383E-01 6.35908E-02 3.67738E-02 1.62524E+00
3.77970E-02 6.41470E-02 9.93899E-02 1.52727E-01 1.79091E-01 4.38162E-01 6.35609E-01 1.01479E-01 6.41470E-02 3.77970E-02 1.60236E+00
3.87391E-02 6.46428E-02 9.94710E-02 1.52070E-01 1.78197E-01 4.36748E-01 6.34919E-01 1.01531E-01 6.46428E-02 3.87391E-02 1.58003E+00
3.96072E-02 6.50839E-02 9.95130E-02 1.51401E-01 1.77296E-01 4.35312E-01 6.34153E-01 1.01545E-01 6.50839E-02 3.96072E-02 1.55825E+00
4.04078E-02 6.54754E-02 9.95199E-02 1.50721E-01 1.76393E-01 4.33858E-01 6.33319E-01 1.01523E-01 6.54754E-02 4.04078E-02 1.53701E+00
4.11466E-02 6.58218E-02 9.94953E-02 1.50034E-01 1.75487E-01 4.32391E-01 6.32424E-01 1.01471E-01 6.58218E-02 4.11466E-02 1.51629E+00
4.18289E-02 6.61271E-02 9.94426E-02 1.49341E-01 1.74580E-01 4.30913E-01 6.31475E-01 1.01391E-01 6.61271E-02 4.18289E-02 1.49610E+00
4.24591E-02 6.63952E-02 9.93645E-02 1.48643E-01 1.73675E-01 4.29428E-01 6.30478E-01 1.01286E-01 6.63952E-02 4.24591E-02 1.47641E+00
4.30416E-02 6.66290E-02 9.92637E-02 1.47943E-01 1.72772E-01 4.27938E-01 6.29438E-01 1.01158E-01 6.66290E-02 4.30416E-02 1.45722E+00
4.35801E-02 6.68317E-02 9.91424E-02 1.47241E-01 1.71872E-01 4.26444E-01 6.28360E-01 1.01011E-01 6.68317E-02 4.35801E-02 1.43852E+00
4.40780E-02 6.70059E-02 9.90027E-02 1.46539E-01 1.70976E-01 4.24950E-01 6.27249E-01 1.00845E-01 6.70059E-02 4.40780E-02 1.42029E+00
4.45384E-02 6.71539E-02 9.88465E-02 1.45836E-01 1.70085E-01 4.23456E-01 6.26107E-01 1.00664E-01 6.71539E-02 4.45384E-02 1.40251E+00
4.49640E-02 6.72778E-02 9.86753E-02 1.45135E-01 1.69199E-01 4.21964E-01 6.24939E-01 1.00468E-01 6.72778E-02 4.49640E-02 1.38518E+00
4.53575E-02 6.73798E-02 9.84908E-02 1.44436E-01 1.68320E-01 4.20475E-01 6.23748E-01 1.00258E-01 6.73798E-02 4.53575E-02 1.36828E+00
4.57212E-02 6.74615E-02 9.82942E-02 1.43739E-01 1.67446E-01 4.18991E-01 6.22536E-01 1.00038E-01 6.74615E-02 4.57212E-02 1.35181E+00
4.60572E-02 6.75246E-02 9.80868E-02 1.43046E-01 1.66580E-01 4.17512E-01 6.21305E-01 9.98062E-02 6.75246E-02 4.60572E-02 1.33573E+00
4.63674E-02 6.75705E-02 9.78697E-02 1.42355E-01 1.65721E-01 4.16040E-01 6.20059E-01 9.95655E-02 6.75705E-02 4.63674E-02 1.32005E+00
4.66537E-02 6.76007E-02 9.76439E-02 1.41669E-01 1.64869E-01 4.14575E-01 6.18799E-01 9.93165E-02 6.76007E-02 4.66537E-02 1.30475E+00
4.69177E-02 6.76163E-02 9.74102E-02 1.40987E-01 1.64025E-01 4.13117E-01 6.17528E-01 9.90600E-02 6.76163E-02 4.69177E-02 1.28982E+00
4.71609E-02 6.76184E-02 9.71696E-02 1.40309E-01 1.63188E-01 4.11667E-01 6.16246E-01 9.87969E-02 6.76184E-02 4.71609E-02 1.27525E+00
4.73846E-02 6.76081E-02 9.69227E-02 1.39636E-01 1.62360E-01 4.10227E-01 6.14955E-01 9.85279E-02 6.76081E-02 4.73846E-02 1.26102E+00
4.75903E-02 6.75864E-02 9.66703E-02 1.38969E-01 1.61540E-01 4.08795E-01 6.13657E-01 9.82536E-02 6.75864E-02 4.75903E-02 1.24713E+00
4.77790E-02 6.75541E-02 9.64130E-02 1.38306E-01 1.60727E-01 4.07373E-01 6.12354E-01 9.79748E-02 6.75541E-02 4.77790E-02 1.23356E+00
4.79518E-02 6.75120E-02 9.61513E-02 1.37649E-01 1.59923E-01 4.05960E-01 6.11045E-01 9.76919E-02 6.75120E-02 4.79518E-02 1.22031E+00
4.81098E-02 6.74609E-02 9.58858E-02 1.36997E-01 1.59128E-01 4.04558E-01 6.09733E-01 9.74055E-02 6.74609E-02 4.81098E-02 1.20735E+00
4.82538E-02 6.74014E-02 9.56169E-02 1.36350E-01 1.58340E-01 4.03166E-01 6.08418E-01 9.71160E-02 6.74014E-02 4.82538E-02 1.19470E+00
4.83848E-02 6.73343E-02 9.53450E-02 1.35710E-01 1.57561E-01 4.01785E-01 6.07100E-01 9.68238E-02 6.73343E-02 4.83848E-02 1.18233E+00
0.00000E+00 0.00000E+00 3.93473E-02 1.23966E-01 1.60642E-01 4.34086E-01 5.89771E-01 4.27223E-02 0.00000E+00 0.00000E+00 1.52037E+00
0.00000E+00 0.00000E+00 4.66764E-02 1.26744E-01 1.62372E-01 4.39456E-01 6.05231E-01 5.00123E-02 0.00000E+00 0.00000E+00 1.60982E+00
0.00000E+00 5.12596E-03 5.23346E-02 1.28662E-01 1.63362E-01 4.42706E-01 6.16303E-01 5.56176E-02 5.12596E-03 0.00000E+00 1.65051E+00
0.00000E+00 1.13782E-02 5.68145E-02 1.29934E-01 1.63793E-01 4.44534E-01 6.24481E-01 6.00372E-02 1.13782E-02 0.00000E+00 1.66587E+00
0.00000E+00 1.65188E-02 6.04082E-02 1.30709E-01 1.63795E-01 4.45346E-01 6.30587E-01 6.35666E-02 1.65188E-02 0.00000E+00 1.66838E+00
0.00000E+00 2.08055E-02 6.33260E-02 1.31121E-01 1.63492E-01 4.45424E-01 6.35136E-01 6.64184E-02 2.08055E-02 0.00000E+00 1.66209E+00
0.00000E+00 2.44206E-02 6.57164E-02 1.31259E-01 1.62966E-01 4.44960E-01 6.38490E-01 6.87424E-02 2.44206E-02 0.00000E+00 1.64974E+00
0.00000E+00 2.74977E-02 6.76876E-02 1.31189E-01 1.62277E-01 4.44090E-01 6.40908E-01 7.06475E-02 2.74977E-02 0.00000E+00 1.63320E+00
1.38850E-03 3.01435E-02 6.93322E-02 1.30980E-01 1.61492E-01 4.42938E-01 6.42587E-01 7.22273E-02 3.01435E-02 1.38850E-03 1.61060E+00
4.63824E-03 3.24364E-02 7.07112E-02 1.30664E-01 1.60636E-01 4.41568E-01 6.43672E-01 7.35431E-02 3.24364E-02 4.63824E-03 1.58186E+00
7.50376E-03 3.44244E-02 7.18517E-02 1.30229E-01 1.59689E-01 4.39992E-01 6.44262E-01 7.46214E-02 3.44244E-02 7.50376E-03 1.55287E+00
1.00423E-02 3.61542E-02 7.27925E-02 1.29699E-01 1.58674E-01 4.38255E-01 6.44440E-01 7.55011E-02 3.61542E-02 1.00423E-02 1.52394E+00
1.23004E-02 3.76640E-02 7.35647E-02 1.29096E-01 1.57607E-01 4.36392E-01 6.44275E-01 7.62135E-02 3.76640E-02 1.23004E-02 1.49528E+00
1.43165E-02 3.89848E-02 7.41940E-02 1.28433E-01 1.56503E-01 4.34432E-01 6.43822E-01 7.67844E-02 3.89848E-02 1.43165E-02 1.46706E+00
1.61224E-02 4.01426E-02 7.47014E-02 1.27724E-01 1.55372E-01 4.32397E-01 6.43127E-01 7.72347E-02 4.01426E-02 1.61224E-02 1.43939E+00
1.77448E-02 4.11588E-02 7.51044E-02 1.26978E-01 1.54223E-01 4.30305E-01 6.42227E-01 7.75820E-02 4.11588E-02 1.77448E-02 1.41235E+00
1.92061E-02 4.20516E-02 7.54175E-02 1.26205E-01 1.53064E-01 4.28171E-01 6.41153E-01 7.78408E-02 4.20516E-02 1.92061E-02 1.38599E+00
2.05254E-02 4.28364E-02 7.56530E-02 1.25411E-01 1.51898E-01 4.26008E-01 6.39932E-01 7.80233E-02 4.28364E-02 2.05254E-02 1.36033E+00
2.17190E-02 4.35262E-02 7.58212E-02 1.24601E-01 1.50732E-01 4.23824E-01 6.38586E-01 7.81399E-02 4.35262E-02 2.17190E-02 1.33540E+00
2.28008E-02 4.41321E-02 7.59310E-02 1.23779E-01 1.49568E-01 4.21629E-01 6.37134E-01 7.81994E-02 4.41321E-02 2.28008E-02 1.31120E+00
2.37831E-02 4.46639E-02 7.59900E-02 1.22951E-01 1.48409E-01 4.19429E-01 6.35592E-01 7.82093E-02 4.46639E-02 2.37831E-02 1.28772E+00
2.46762E-02 4.51297E-02 7.60046E-02 1.22118E-01 1.47258E-01 4.17229E-01 6.33974E-01 7.81761E-02 4.51297E-02 2.46762E-02 1.26496E+00
2.54893E-02 4.55369E-02 7.59804E-02 1.21283E-01 1.46117E-01 4.15033E-01 6.32290E-01 7.81053E-02 4.55369E-02 2.54893E-02 1.24290E+00
2.62305E-02 4.58918E-02 7.59222E-02 1.20449E-01 1.44987E-01 4.12847E-01 6.30553E-01 7.80016E-02 4.58918E-02 2.62305E-02 1.22154E+00
2.69066E-02 4.61998E-02 7.58342E-02 1.19618E-01 1.43869E-01 4.10672E-01 6.28769E-01 7.78693E-02 4.61998E-02 2.69066E-02 1.20083E+00
2.75241E-02 4.64657E-02 7.57201E-02 1.18790E-01 1.42764E-01 4.08511E-01 6.26948E-01 7.77120E-02 4.64657E-02 2.75241E-02 1.18078E+00
2.80882E-02 4.66940E-02 7.55831E-02 1.17967E-01 1.41673E-01 4.06367E-01 6.25094E-01 7.75328E-02 4.66940E-02 2.80882E-02 1.16136E+00
2.86039E-02 4.68882E-02 7.54260E-02 1.17150E-01 1.40596E-01 4.04241E-01 6.23215E-01 7.73345E-02 4.68882E-02 2.86039E-02 1.14254E+00
2.90756E-02 4.70518E-02 7.52511E-02 1.16340E-01 1.39534E-01 4.02134E-01 6.21315E-01 7.71194E-02 4.70518E-02 2.90756E-02 1.12430E+00
2.95070E-02 4.71877E-02 7.50608E-02 1.15537E-01 1.38487E-01 4.00047E-01 6.19399E-01 7.68899E-02 4.71877E-02 2.95070E-02 1.10663E+00
2.99017E-02 4.72986E-02 7.48568E-02 1.14743E-01 1.37455E-01 3.97982E-01 6.17470E-01 7.66476E-02 4.72986E-02 2.99017E-02 1.08950E+00
3.02627E-02 4.73869E-02 7.46410E-02 1.13957E-01 1.36439E-01 3.95939E-01 6.15531E-01 7.63943E-02 4.73869E-02 3.02627E-02 1.07289E+00
3.05929E-02 4.74546E-02 7.44147E-02 1.13180E-01 1.35437E-01 3.93918E-01 6.13586E-01 7.61315E-02 4.74546E-02 3.05929E-02 1.05678E+00
3.08948E-02 4.75036E-02 7.41794E-02 1.12411E-01 1.34451E-01 3.91920E-01 6.11637E-01 7.58604E-02 4.75036E-02 3.08948E-02 1.04115E+00
3.11706E-02 4.75357E-02 7.39362E-02 1.11652E-01 1.33480E-01 3.89945E-01 6.09687E-01 7.55822E-02 4.75357E-02 3.11706E-02 1.02599E+00
3.14224E-02 4.75524E-02 7.36861E-02 1.10903E-01 1.32524E-01 3.87993E-01 6.07737E-01 7.52980E-02 4.75524E-02 3.14224E-02 1.01127E+00
3.16520E-02 4.75550E-02 7.34301E-02 1.10163E-01 1.31583E-01 3.86065E-01 6.05790E-01 7.50085E-02 4.75550E-02 3.16520E-02 9.96985E-01
3.18613E-02 4.75449E-02 7.31690E-02 1.09433E-01 1.30657E-01 3.84160E-01 6.03846E-01 7.47148E-02 4.75449E-02 3.18613E-02 9.83107E-01
3.20517E-02 4.75231E-02 7.29036E-02 1.08712E-01 1.29745E-01 3.82278E-01 6.01907E-01 7.44174E-02 4.75231E-02 3.20517E-02 9.69624E-01
3.22246E-02 4.74907E-02 7.26346E-02 1.08001E-01 1.28848E-01 3.80419E-01 5.99975E-01 7.41170E-02 4.74907E-02 3.22246E-02 9.56521E-01
3.23813E-02 4.74487E-02 7.23625E-02 1.07299E-01 1.27964E-01 3.78584E-01 5.98050E-01 7.38143E-02 4.74487E-02 3.23813E-02 9.43782E-01
3.25230E-02 4.73978E-02 7.20879E-02 1.06607E-01 1.27095E-01 3.76771E-01 5.96133E-01 7.35096E-02 4.73978E-02 3.25230E-02 9.31395E-01
3.26508E-02 4.73388E-02 7.18113E-02 1.05925E-01 1.26238E-01 3.74980E-01 5.94225E-01 7.32036E-02 4.73388E-02 3.26508E-02 9.19345E-01
3.27656E-02 4.72725E-02 7.15331E-02 1.05252E-01 1.25396E-01 3.73212E-01 5.92327E-01 7.28965E-02 4.72725E-02 3.27656E-02 9.07620E-01
3.28685E-02 4.71995E-02 7.12536E-02 1.04588E-01 1.24566E-01 3.71466E-01 5.90439E-01 7.25888E-02 4.71995E-02 3.28685E-02 8.96208E-01
3.29601E-02 4.71204E-02 7.09733E-02 1.03933E-01 1.23749E-01 3.69742E-01 5.88563E-01 7.22808E-02 4.71204E-02 3.29601E-02 8.85096E-01
3.30414E-02 4.70356E-02 7.06925E-02 1.03288E-01 1.22945E-01 3.68040E-01 5.86697E-01 7.19728E-02 4.70356E-02 3.30414E-02 8.74273E-01
3.31129E-02 4.69458E-02 7.04113E-02 1.02651E-01 1.22153E-01 3.66358E-01 5.84844E-01 7.16650E-02 4.69458E-02 3.31129E-02 8.63730E-01
3.31754E-02 4.68514E-02 7.01302E-02 1.02023E-01 1.21374E-01 3.64698E-01 5.83002E-01 7.13577E-02 4.68514E-02 3.31754E-02 8.53454E-01
3.32294E-02 4.67527E-02 6.98493E-02 1.01404E-01 1.20606E-01 3.63058E-01 5.81173E-01 7.10512E-02 4.67527E-02 3.32294E-02 8.43438E-01
0.00000E+00 0.00000E+00 3.53115E-02 1.09227E-01 1.45729E-01 4.51819E-01 6.44734E-01 3.94111E-02 0.00000E+00 0.00000E+00 1.29158E+00
0.00000E+00 0.00000E+00 4.04213E-02 1.09560E-01 1.44541E-01 4.51286E-01 6.53503E-01 4.43512E-02 0.00000E+00 0.00000E+00 1.34506E+00
0.00000E+00 3.85837E-03 4.42740E-02 1.09540E-01 1.43232E-01 4.49677E-01 6.58842E-01 4.80451E-02 3.85837E-03 0.00000E+00 1.36125E+00
0.00000E+00 8.50705E-03 4.72427E-02 1.09226E-01 1.41784E-01 4.47359E-01 6.61959E-01 5.08641E-02 8.50705E-03 0.00000E+00 1.35874E+00
0.00000E+00 1.22743E-02 4.95517E-02 1.08681E-01 1.40222E-01 4.44562E-01 6.63529E-01 5.30315E-02 1.22743E-02 0.00000E+00 1.34733E+00
0.00000E+00 1.53713E-02 5.13647E-02 1.07978E-01 1.38601E-01 4.41463E-01 6.63978E-01 5.47109E-02 1.53713E-02 0.00000E+00 1.33020E+00
0.00000E+00 1.79464E-02 5.27963E-02 1.07168E-01 1.36952E-01 4.38176E-01 6.63600E-01 5.60164E-02 1.79464E-02 0.00000E+00 1.30944E+00
0.00000E+00 2.01075E-02 5.39292E-02 1.06284E-01 1.35300E-01 4.34779E-01 6.62601E-01 5.70302E-02 2.01075E-02 0.00000E+00 1.28646E+00
9.96942E-04 2.19399E-02 5.48345E-02 1.05371E-01 1.33682E-01 4.31355E-01 6.61147E-01 5.78234E-02 2.19399E-02 9.96942E-04 1.25981E+00
3.31592E-03 2.35058E-02 5.55573E-02 1.04441E-01 1.32100E-01 4.27930E-01 6.59346E-01 5.84404E-02 2.35058E-02 3.31592E-03 1.22942E+00
5.34265E-03 2.48433E-02 5.61157E-02 1.03473E-01 1.30521E-01 4.24475E-01 6.57244E-01 5.88978E-02 2.48433E-02 5.34265E-03 1.19960E+00
7.12243E-03 2.59892E-02 5.65385E-02 1.02480E-01 1.28953E-01 4.21014E-01 6.54905E-01 5.92241E-02 2.59892E-02 7.12243E-03 1.17051E+00
8.69192E-03 2.69733E-02 5.68489E-02 1.01472E-01 1.27404E-01 4.17563E-01 6.52381E-01 5.94421E-02 2.69733E-02 8.69192E-03 1.14226E+00
1.00811E-02 2.78197E-02 5.70655E-02 1.00457E-01 1.25877E-01 4.14136E-01 6.49712E-01 5.95703E-02 2.78197E-02 1.00811E-02 1.11491E+00
1.13148E-02 2.85483E-02 5.72035E-02 9.94407E-02 1.24376E-01 4.10743E-01 6.46929E-01 5.96234E-02 2.85483E-02 1.13148E-02 1.08851E+00
1.24135E-02 2.91756E-02 5.72753E-02 9.84282E-02 1.22903E-01 4.07391E-01 6.44060E-01 5.96139E-02 2.91756E-02 1.24135E-02 1.06305E+00
1.33945E-02 2.97153E-02 5.72912E-02 9.74230E-02 1.21460E-01 4.04085E-01 6.41124E-01 5.95517E-02 2.97153E-02 1.33945E-02 1.03854E+00
1.42724E-02 3.01790E-02 5.72599E-02 9.64275E-02 1.20048E-01 4.00828E-01 6.38141E-01 5.94452E-02 3.01790E-02 1.42724E-02 1.01496E+00
1.50597E-02 3.05765E-02 5.71885E-02 9.54440E-02 1.18667E-01 3.97624E-01 6.35123E-01 5.93016E-02 3.05765E-02 1.50597E-02 9.92275E-01
1.57668E-02 3.09160E-02 5.70830E-02 9.44739E-02 1.17316E-01 3.94474E-01 6.32084E-01 5.91266E-02 3.09160E-02 1.57668E-02 9.70469E-01
1.64030E-02 3.12047E-02 5.69486E-02 9.35183E-02 1.15997E-01 3.91379E-01 6.29031E-01 5.89251E-02 3.12047E-02 1.64030E-02 9.49507E-01
1.69759E-02 3.14487E-02 5.67895E-02 9.25782E-02 1.14708E-01 3.88340E-01 6.25975E-01 5.87014E-02 3.14487E-02 1.69759E-02 9.29356E-01
1.74925E-02 3.16533E-02 5.66095E-02 9.16540E-02 1.13449E-01 3.85356E-01 6.22920E-01 5.84591E-02 3.16533E-02 1.74925E-02 9.09981E-01
1.79587E-02 3.18229E-02 5.64118E-02 9.07461E-02 1.12219E-01 3.82427E-01 6.19873E-01 5.82011E-02 3.18229E-02 1.79587E-02 8.91349E-01
1.83797E-02 3.19617E-02 5.61990E-02 8.98548E-02 1.11019E-01 3.79553E-01 6.16839E-01 5.79301E-02 3.19617E-02 1.83797E-02 8.73426E-01
1.87600E-02 3.20729E-02 5.59734E-02 8.89800E-02 1.09846E-01 3.76733E-01 6.13820E-01 5.76482E-02 3.20729E-02 1.87600E-02 8.56181E-01
1.91035E-02 3.21598E-02 5.57371E-02 8.81219E-02 1.08701E-01 3.73966E-01 6.10821E-01 5.73574E-02 3.21598E-02 1.91035E-02 8.39580E-01
1.94140E-02 3.22248E-02 5.54918E-02 8.72802E-02 1.07583E-01 3.71251E-01 6.07843E-01 5.70594E-02 3.22248E-02 1.94140E-02 8.23593E-01
1.96944E-02 3.22704E-02 5.52391E-02 8.64549E-02 1.06490E-01 3.68587E-01 6.04889E-01 5.67556E-02 3.22704E-02 1.96944E-02 8.08192E-01
1.99475E-02 3.22987E-02 5.49801E-02 8.56457E-02 1.05423E-01 3.65974E-01 6.01961E-01 5.64471E-02 3.22987E-02 1.99475E-02 7.93349E-01
2.01760E-02 3.23114E-02 5.47161E-02 8.48523E-02 1.04380E-01 3.63409E-01 5.99060E-01 5.61351E-02 3.23114E-02 2.01760E-02 7.79036E-01
2.03819E-02 3.23102E-02 5.44481E-02 8.40746E-02 1.03361E-01 3.60892E-01 5.96186E-01 5.58204E-02 3.23102E-02 2.03819E-02 7.65229E-01
2.05673E-02 3.22965E-02 5.41769E-02 8.33121E-02 1.02364E-01 3.58421E-01 5.93342E-01 5.55039E-02 3.22965E-02 2.05673E-02 7.51904E-01
2.07339E-02 3.22716E-02 5.39032E-02 8.25646E-02 1.01390E-01 3.55996E-01 5.90527E-01 5.51863E-02 3.22716E-02 2.07339E-02 7.39038E-01
2.08833E-02 3.22367E-02 5.36277E-02 8.18318E-02 1.00437E-01 3.53616E-01 5.87742E-01 5.48681E-02 3.22367E-02 2.08833E-02 7.26609E-01
2.10171E-02 3.21928E-02 5.33511E-02 8.11133E-02 9.95051E-02 3.51278E-01 5.84987E-01 5.45499E-02 3.21928E-02 2.10171E-02 7.14597E-01
2.11364E-02 3.21408E-02 5.30737E-02 8.04087E-02 9.85933E-02 3.48983E-01 5.82263E-01 5.42321E-02 3.21408E-02 2.11364E-02 7.02982E-01
2.12425E-02 3.20816E-02 5.27961E-02 7.97179E-02 9.77011E-02 3.46728E-01 5.79569E-01 5.39152E-02 3.20816E-02 2.12425E-02 6.91748E-01
2.13365E-02 3.20158E-02 5.25186E-02 7.90403E-02 9.68279E-02 3.44513E-01 5.76907E-01 5.35994E-02 3.20158E-02 2.13365E-02 6.80875E-01
2.14193E-02 3.19442E-02 5.22416E-02 7.83757E-02 9.59730E-02 3.42338E-01 5.74275E-01 5.32851E-02 3.19442E-02 2.14193E-02 6.70348E-01
2.14917E-02 3.18673E-02 5.19653E-02 7.77238E-02 9.51358E-02 3.40200E-01 5.71673E-01 5.29725E-02 3.18673E-02 2.14917E-02 6.60152E-01
2.15547E-02 3.17858E-02 5.16901E-02 7.70842E-02 9.43159E-02 3.38098E-01 5.69102E-01 5.26619E-02 3.17858E-02 2.15547E-02 6.50272E-01
2.16090E-02 3.17000E-02 5.14160E-02 7.64566E-02 9.35127E-02 3.36033E-01 5.66561E-01 5.23533E-02 3.17000E-02 2.16090E-02 6.40693E-01
2.16551E-02 3.16105E-02 5.11434E-02 7.58408E-02 9.27256E-02 3.34002E-01 5.64049E-01 5.20470E-02 3.16105E-02 2.16551E-02 6.31404E-01
2.16938E-02 3.15177E-02 5.08724E-02 7.52363E-02 9.19543E-02 3.32005E-01 5.61567E-01 5.17432E-02 3.15177E-02 2.16938E-02 6.22391E-01
2.17256E-02 3.14218E-02 5.06031E-02 7.46429E-02 9.11981E-02 3.30042E-01 5.59115E-01 5.14418E-02 3.14218E-02 2.17256E-02 6.13643E-01
2.17510E-02 3.13233E-02 5.03357E-02 7.40603E-02 9.04568E-02 3.28110E-01 5.56691E-01 5.11431E-02 3.13233E-02 2.17510E-02 6.05148E-01
2.17705E-02 3.12225E-02 5.00703E-02 7.34883E-02 8.97297E-02 3.26210E-01 5.54296E-01 5.08471E-02 3.12225E-02 2.17705E-02 5.96897E-01
2.17845E-02 3.11195E-02 4.98069E-02 7.29265E-02 8.90166E-02 3.24341E-01 5.51929E-01 5.05539E-02 3.11195E-02 2.17845E-02 5.88879E-01
2.17934E-02 3.10148E-02 4.95457E-02 7.23746E-02 8.83169E-02 3.22501E-01 5.49590E-01 5.02635E-02 3.10148E-02 2.17934E-02 5.81084E-01
0.00000E+00 0.00000E+00 3.05287E-02 9.11176E-02 1.25433E-01 4.62250E-01 6.99466E-01 3.50155E-02 0.00000E+00 0.00000E+00 1.07174E+00
0.00000E+00 0.00000E+00 3.38815E-02 8.97929E-02 1.22208E-01 4.55651E-01 7.00069E-01 3.80479E-02 0.00000E+00 0.00000E+00 1.10166E+00
0.00000E+00 2.80764E-03 3.63109E-02 8.84835E-02 1.19331E-01 4.49107E-01 6.98513E-01 4.02010E-02 2.80764E-03 0.00000E+00 1.10149E+00
0.00000E+00 6.13436E-03 3.80996E-02 8.71405E-02 1.16641E-01 4.42624E-01 6.95623E-01 4.17439E-02 6.13436E-03 0.00000E+00 1.08700E+00
0.00000E+00 8.77866E-03 3.94177E-02 8.57639E-02 1.14081E-01 4.36241E-01 6.91865E-01 4.28398E-02 8.77866E-03 0.00000E+00 1.06629E+00
0.00000E+00 1.09118E-02 4.03903E-02 8.43838E-02 1.11647E-01 4.30016E-01 6.87546E-01 4.36102E-02 1.09118E-02 0.00000E+00 1.04208E+00
0.00000E+00 1.26528E-02 4.11033E-02 8.30180E-02 1.09335E-01 4.23980E-01 6.82868E-01 4.41381E-02 1.26528E-02 0.00000E+00 1.01607E+00
0.00000E+00 1.40869E-02 4.16178E-02 8.16776E-02 1.07137E-01 4.18144E-01 6.77966E-01 4.44822E-02 1.40869E-02 0.00000E+00 9.89350E-01
6.83533E-04 1.52806E-02 4.19861E-02 8.03859E-02 1.05068E-01 4.12551E-01 6.72966E-01 4.46939E-02 1.52806E-02 6.83533E-04 9.60878E-01
2.26153E-03 1.62815E-02 4.22399E-02 7.91409E-02 1.03112E-01 4.07183E-01 6.67922E-01 4.48027E-02 1.62815E-02 2.26153E-03 9.30561E-01
3.62574E-03 1.71193E-02 4.23900E-02 7.79154E-02 1.01227E-01 4.01967E-01 6.62817E-01 4.48168E-02 1.71193E-02 3.62574E-03 9.01431E-01
4.81094E-03 1.78219E-02 4.24567E-02 7.67138E-02 9.94107E-02 3.96902E-01 6.57690E-01 4.47557E-02 1.78219E-02 4.81094E-03 8.73546E-01
5.84505E-03 1.84115E-02 4.24562E-02 7.55390E-02 9.76613E-02 3.91987E-01 6.52568E-01 4.46346E-02 1.84115E-02 5.84505E-03 8.46920E-01
6.75072E-03 1.89062E-02 4.24010E-02 7.43930E-02 9.59764E-02 3.87220E-01 6.47471E-01 4.44656E-02 1.89062E-02 6.75072E-03 8.21541E-01
7.54650E-03 1.93207E-02 4.23015E-02 7.32766E-02 9.43533E-02 3.82596E-01 6.42417E-01 4.42583E-02 1.93207E-02 7.54650E-03 7.97373E-01
8.24771E-03 1.96669E-02 4.21658E-02 7.21903E-02 9.27895E-02 3.78111E-01 6.37416E-01 4.40204E-02 1.96669E-02 8.24771E-03 7.74372E-01
8.86711E-03 1.99548E-02 4.20007E-02 7.11340E-02 9.12821E-02 3.73760E-01 6.32478E-01 4.37583E-02 1.99548E-02 8.86711E-03 7.52488E-01
9.41540E-03 2.01928E-02 4.18117E-02 7.01075E-02 8.98284E-02 3.69538E-01 6.27607E-01 4.34770E-02 2.01928E-02 9.41540E-03 7.31664E-01
9.90160E-03 2.03876E-02 4.16032E-02 6.91102E-02 8.84259E-02 3.65439E-01 6.22810E-01 4.31806E-02 2.03876E-02 9.90160E-03 7.11846E-01
1.03334E-02 2.05453E-02 4.13791E-02 6.81414E-02 8.70721E-02 3.61459E-01 6.18088E-01 4.28726E-02 2.05453E-02 1.03334E-02 6.92978E-01
1.07172E-02 2.06707E-02 4.11423E-02 6.72004E-02 8.57646E-02 3.57593E-01 6.13444E-01 4.25557E-02 2.06707E-02 1.07172E-02 6.75006E-01
1.10588E-02 2.07681E-02 4.08956E-02 6.62863E-02 8.45011E-02 3.53836E-01 6.08879E-01 4.22324E-02 2.07681E-02 1.10588E-02 6.57878E-01
1.13629E-02 2.08411E-02 4.06409E-02 6.53983E-02 8.32796E-02 3.50184E-01 6.04393E-01 4.19045E-02 2.08411E-02 1.13629E-02 6.41546E-01
1.16337E-02 2.08927E-02 4.03803E-02 6.45355E-02 8.20978E-02 3.46631E-01 5.99986E-01 4.15736E-02 2.08927E-02 1.16337E-02 6.25961E-01
1.18749E-02 2.09257E-02 4.01151E-02 6.36971E-02 8.09540E-02 3.43175E-01 5.95658E-01 4.12410E-02 2.09257E-02 1.18749E-02 6.11081E-01
1.20896E-02 2.09424E-02 3.98466E-02 6.28821E-02 7.98463E-02 3.39810E-01 5.91407E-01 4.09078E-02 2.09424E-02 1.20896E-02 5.96863E-01
1.22805E-02 2.09448E-02 3.95760E-02 6.20896E-02 7.87730E-02 3.36533E-01 5.87234E-01 4.05750E-02 2.09448E-02 1.22805E-02 5.83269E-01
1.24502E-02 2.09346E-02 3.93040E-02 6.13189E-02 7.77325E-02 3.33341E-01 5.83136E-01 4.02433E-02 2.09346E-02 1.24502E-02 5.70262E-01
1.26008E-02 2.09133E-02 3.90316E-02 6.05692E-02 7.67233E-02 3.30230E-01 5.79112E-01 3.99133E-02 2.09133E-02 1.26008E-02 5.57808E-01
1.27341E-02 2.08824E-02 3.87593E-02 5.98396E-02 7.57440E-02 3.27197E-01 5.75161E-01 3.95856E-02 2.08824E-02 1.27341E-02 5.45875E-01
1.28518E-02 2.08428E-02 3.84876E-02 5.91294E-02 7.47932E-02 3.24238E-01 5.71281E-01 3.92605E-02 2.08428E-02 1.28518E-02 5.34434E-01
1.29555E-02 2.07958E-02 3.82171E-02 5.84378E-02 7.38696E-02 3.21351E-01 5.67470E-01 3.89384E-02 2.07958E-02 1.29555E-02 5.23457E-01
1.30465E-02 2.07421E-02 3.79480E-02 5.77642E-02 7.29721E-02 3.18533E-01 5.63728E-01 3.86196E-02 2.07421E-02 1.30465E-02 5.12918E-01
1.31259E-02 2.06827E-02 3.76808E-02 5.71079E-02 7.20995E-02 3.15781E-01 5.60052E-01 3.83043E-02 2.06827E-02 1.31259E-02 5.02793E-01
1.31948E-02 2.06181E-02 3.74157E-02 5.64682E-02 7.12508E-02 3.13093E-01 5.56441E-01 3.79927E-02 2.06181E-02 1.31948E-02 4.93059E-01
1.32542E-02 2.05491E-02 3.71529E-02 5.58445E-02 7.04250E-02 3.10466E-01 5.52893E-01 3.76850E-02 2.05491E-02 1.32542E-02 4.83696E-01
1.33049E-02 2.04761E-02 3.68926E-02 5.52363E-02 6.96210E-02 3.07898E-01 5.49407E-01 3.73812E-02 2.04761E-02 1.33049E-02 4.74683E-01
1.33477E-02 2.03998E-02 3.66349E-02 5.46429E-02 6.88381E-02 3.05387E-01 5.45981E-01 3.70815E-02 2.03998E-02 1.33477E-02 4.66002E-01
1.33832E-02 2.03204E-02 3.63800E-02 5.40638E-02 6.80753E-02 3.02931E-01 5.42614E-01 3.67858E-02 2.03204E-02 1.33832E-02 4.57636E-01
1.34122E-02 2.02385E-02 3.61280E-02 5.34985E-02 6.73319E-02 3.00528E-01 5.39304E-01 3.64942E-02 2.02385E-02 1.34122E-02 4.49569E-01
1.34352E-02 2.01544E-02 3.58789E-02 5.29466E-02 6.66070E-02 2.98176E-01 5.36049E-01 3.62068E-02 2.01544E-02 1.34352E-02 4.41786E-01
1.34526E-02 2.00683E-02 3.56328E-02 5.24075E-02 6.59000E-02 2.95872E-01 5.32849E-01 3.59236E-02 2.00683E-02 1.34526E-02 4.34272E-01
1.34651E-02 1.99806E-02 3.53898E-02 5.18807E-02 6.52103E-02 2.93617E-01 5.29701E-01 3.56445E-02 1.99806E-02 1.34651E-02 4.27015E-01
1.34729E-02 1.98916E-02 3.51498E-02 5.13659E-02 6.45370E-02 2.91407E-01 5.26605E-01 3.53694E-02 1.98916E-02 1.34729E-02 4.20002E-01
1.34764E-02 1.98014E-02 3.49129E-02 5.08627E-02 6.38797E-02 2.89242E-01 5.23560E-01 3.50985E-02 1.98014E-02 1.34764E-02 4.13220E-01
1.34761E-02 1.97102E-02 3.46791E-02 5.03706E-02 6.32376E-02 2.87119E-01 5.20563E-01 3.48317E-02 1.97102E-02 1.34761E-02 4.06660E-01
1.34723E-02 1.96182E-02 3.44483E-02 4.98893E-02 6.26104E-02 2.85038E-01 5.17613E-01 3.45688E-02 1.96182E-02 1.34723E-02 4.00311E-01
1.34651E-02 1.95257E-02 3.42207E-02 4.94184E-02 6.19974E-02 2.82997E-01 5.14710E-01 3.43099E-02 1.95257E-02 1.34651E-02 3.94163E-01
1.34550E-02 1.94326E-02 3.39961E-02 4.89576E-02 6.13982E-02 2.80995E-01 5.11853E-01 3.40549E-02 1.94326E-02 1.34550E-02 3.88207E-01
1.34422E-02 1.93393E-02 3.37746E-02 4.85065E-02 6.08122E-02 2.79031E-01 5.09039E-01 3.38038E-02 1.93393E-02 1.34422E-02 3.82435E-01
0.00000E+00 0.00000E+00 2.52393E-02 7.07024E-02 1.00608E-01 4.62408E-01 7.48870E-01 2.95263E-02 0.00000E+00 0.00000E+00 8.96593E-01
0.00000E+00 0.00000E+00 2.72174E-02 6.84819E-02 9.62957E-02 4.49572E-01 7.39410E-01 3.10501E-02 0.00000E+00 0.00000E+00 9.01871E-01
0.00000E+00 1.93001E-03 2.85522E-02 6.65092E-02 9.26368E-02 4.38054E-01 7.29544E-01 3.20086E-02 1.93001E-03 0.00000E+00 8.84573E-01
0.00000E+00 4.16659E-03 2.94528E-02 6.46737E-02 8.93797E-02 4.27451E-01 7.19542E-01 3.25850E-02 4.16659E-03 0.00000E+00 8.57882E-01
0.00000E+00 5.89967E-03 3.00434E-02 6.29357E-02 8.64123E-02 4.17579E-01 7.09575E-01 3.28900E-02 5.89967E-03 0.00000E+00 8.28207E-01
0.00000E+00 7.26369E-03 3.04148E-02 6.12943E-02 8.36927E-02 4.08365E-01 6.99779E-01 3.30073E-02 7.26369E-03 0.00000E+00 7.97654E-01
0.00000E+00 8.35009E-03 3.06279E-02 5.97451E-02 8.11873E-02 3.99739E-01 6.90226E-01 3.29923E-02 8.35009E-03 0.00000E+00 7.67391E-01
0.00000E+00 9.22329E-03 3.07246E-02 5.82824E-02 7.88686E-02 3.91644E-01 6.80953E-01 3.28825E-02 9.22329E-03 0.00000E+00 7.38057E-01
4.37395E-04 9.93226E-03 3.07406E-02 5.69137E-02 7.67316E-02 3.84071E-01 6.72029E-01 3.27116E-02 9.93226E-03 4.37395E-04 7.08816E-01
1.43800E-03 1.05117E-02 3.06957E-02 5.56280E-02 7.47506E-02 3.76957E-01 6.63437E-01 3.24964E-02 1.05117E-02 1.43800E-03 6.79462E-01
2.29179E-03 1.09830E-02 3.05953E-02 5.43963E-02 7.28792E-02 3.70179E-01 6.55079E-01 3.22383E-02 1.09830E-02 2.29179E-03 6.51925E-01
3.02405E-03 1.13663E-02 3.04522E-02 5.32171E-02 7.11089E-02 3.63714E-01 6.46958E-01 3.19487E-02 1.13663E-02 3.02405E-03 6.26125E-01
3.65484E-03 1.16771E-02 3.02765E-02 5.20880E-02 6.94317E-02 3.57540E-01 6.39073E-01 3.16364E-02 1.16771E-02 3.65484E-03 6.01963E-01
4.20029E-03 1.19280E-02 3.00757E-02 5.10068E-02 6.78404E-02 3.51636E-01 6.31420E-01 3.13081E-02 1.19280E-02 4.20029E-03 5.79334E-01
4.67346E-03 1.21289E-02 2.98561E-02 4.99712E-02 6.63284E-02 3.45984E-01 6.23993E-01 3.09689E-02 1.21289E-02 4.67346E-03 5.58132E-01
5.08505E-03 1.22881E-02 2.96222E-02 4.89786E-02 6.48900E-02 3.40566E-01 6.16785E-01 3.06229E-02 1.22881E-02 5.08505E-03 5.38252E-01
5.44387E-03 1.24121E-02 2.93779E-02 4.80269E-02 6.35196E-02 3.35367E-01 6.09788E-01 3.02730E-02 1.24121E-02 5.44387E-03 5.19598E-01
5.75726E-03 1.25064E-02 2.91262E-02 4.71137E-02 6.22124E-02 3.30374E-01 6.02995E-01 2.99218E-02 1.25064E-02 5.75726E-03 5.02074E-01
6.03133E-03 1.25755E-02 2.88694E-02 4.62369E-02 6.09641E-02 3.25572E-01 5.96398E-01 2.95711E-02 1.25755E-02 6.03133E-03 4.85596E-01
6.27125E-03 1.26233E-02 2.86095E-02 4.53945E-02 5.97706E-02 3.20950E-01 5.89990E-01 2.92223E-02 1.26233E-02 6.27125E-03 4.70084E-01
6.48139E-03 1.26529E-02 2.83479E-02 4.45845E-02 5.86282E-02 3.16497E-01 5.83762E-01 2.88766E-02 1.26529E-02 6.48139E-03 4.55464E-01
6.66545E-03 1.26669E-02 2.80859E-02 4.38053E-02 5.75336E-02 3.12203E-01 5.77707E-01 2.85348E-02 1.26669E-02 6.66545E-03 4.41669E-01
6.82661E-03 1.26676E-02 2.78245E-02 4.30551E-02 5.64838E-02 3.08059E-01 5.71818E-01 2.81976E-02 1.26676E-02 6.82661E-03 4.28638E-01
6.96761E-03 1.26570E-02 2.75645E-02 4.23323E-02 5.54759E-02 3.04056E-01 5.66088E-01 2.78654E-02 1.26570E-02 6.96761E-03 4.16313E-01
7.09078E-03 1.26365E-02 2.73064E-02 4.16356E-02 5.45074E-02 3.00187E-01 5.60510E-01 2.75387E-02 1.26365E-02 7.09078E-03 4.04645E-01
7.19818E-03 1.26077E-02 2.70509E-02 4.09634E-02 5.35759E-02 2.96443E-01 5.55079E-01 2.72176E-02 1.26077E-02 7.19818E-03 3.93584E-01
7.29156E-03 1.25717E-02 2.67982E-02 4.03145E-02 5.26792E-02 2.92820E-01 5.49788E-01 2.69024E-02 1.25717E-02 7.29156E-03 3.83090E-01
7.37248E-03 1.25295E-02 2.65487E-02 3.96878E-02 5.18154E-02 2.89309E-01 5.44631E-01 2.65932E-02 1.25295E-02 7.37248E-03 3.73121E-01
7.44228E-03 1.24820E-02 2.63026E-02 3.90820E-02 5.09826E-02 2.85906E-01 5.39603E-01 2.62900E-02 1.24820E-02 7.44228E-03 3.63641E-01
7.50216E-03 1.24301E-02 2.60601E-02 3.84962E-02 5.01791E-02 2.82604E-01 5.34699E-01 2.59929E-02 1.24301E-02 7.50216E-03 3.54619E-01
7.55315E-03 1.23743E-02 2.58213E-02 3.79294E-02 4.94032E-02 2.79400E-01 5.29915E-01 2.57018E-02 1.23743E-02 7.55315E-03 3.46022E-01
7.59617E-03 1.23152E-02 2.55863E-02 3.73805E-02 4.86536E-02 2.76288E-01 5.25244E-01 2.54166E-02 1.23152E-02 7.59617E-03 3.37824E-01
7.63205E-03 1.22534E-02 2.53552E-02 3.68489E-02 4.79289E-02 2.73264E-01 5.20683E-01 2.51374E-02 1.22534E-02 7.63205E-03 3.29998E-01
7.66150E-03 1.21893E-02 2.51280E-02 3.63336E-02 4.72277E-02 2.70324E-01 5.16228E-01 2.48639E-02 1.21893E-02 7.66150E-03 3.22521E-01
7.68516E-03 1.21232E-02 2.49047E-02 3.58339E-02 4.65490E-02 2.67464E-01 5.11875E-01 2.45963E-02 1.21232E-02 7.68516E-03 3.15371E-01
7.70362E-03 1.20555E-02 2.46853E-02 3.53491E-02 4.58915E-02 2.64681E-01 5.07620E-01 2.43342E-02 1.20555E-02 7.70362E-03 3.08529E-01
7.71737E-03 1.19864E-02 2.44698E-02 3.48785E-02 4.52543E-02 2.61970E-01 5.03459E-01 2.40776E-02 1.19864E-02 7.71737E-03 3.01975E-01
7.72689E-03 1.19164E-02 2.42582E-02 3.44215E-02 4.46364E-02 2.59330E-01 4.99389E-01 2.38264E-02 1.19164E-02 7.72689E-03 2.95692E-01
7.73257E-03 1.18455E-02 2.40503E-02 3.39775E-02 4.40370E-02 2.56757E-01 4.95406E-01 2.35804E-02 1.18455E-02 7.73257E-03 2.89665E-01
7.73478E-03 1.17739E-02 2.38462E-02 3.35458E-02 4.34550E-02 2.54248E-01 4.91508E-01 2.33396E-02 1.17739E-02 7.73478E-03 2.83878E-01
7.73387E-03 1.17019E-02 2.36458E-02 3.31261E-02 4.28899E-02 2.51800E-01 4.87691E-01 2.31038E-02 1.17019E-02 7.73387E-03 2.78319E-01
7.73011E-03 1.16296E-02 2.34490E-02 3.27178E-02 4.23407E-02 2.49412E-01 4.83954E-01 2.28729E-02 1.16296E-02 7.73011E-03 2.72974E-01
7.72379E-03 1.15571E-02 2.32558E-02 3.23204E-02 4.18069E-02 2.47081E-01 4.80292E-01 2.26467E-02 1.15571E-02 7.72379E-03 2.67832E-01
7.71515E-03 1.14845E-02 2.30661E-02 3.19334E-02 4.12877E-02 2.44804E-01 4.76704E-01 2.24252E-02 1.14845E-02 7.71515E-03 2.62881E-01
7.70440E-03 1.14120E-02 2.28798E-02 3.15565E-02 4.07826E-02 2.42579E-01 4.73187E-01 2.22082E-02 1.14120E-02 7.70440E-03 2.58112E-01
7.69175E-03 1.13396E-02 2.26969E-02 3.11892E-02 4.02908E-02 2.40406E-01 4.69738E-01 2.19956E-02 1.13396E-02 7.69175E-03 2.53515E-01
7.67737E-03 1.12674E-02 2.25172E-02 3.08313E-02 3.98120E-02 2.38280E-01 4.66357E-01 2.17872E-02 1.12674E-02 7.67737E-03 2.49081E-01
7.66143E-03 1.11955E-02 2.23408E-02 3.04822E-02 3.93456E-02 2.36202E-01 4.63039E-01 2.15830E-02 1.11955E-02 7.66143E-03 2.44802E-01
7.64408E-03 1.11239E-02 2.21676E-02 3.01417E-02 3.88910E-02 2.34169E-01 4.59784E-01 2.13828E-02 1.11239E-02 7.64408E-03 2.40669E-01
7.62546E-03 1.10528E-02 2.19974E-02 2.98094E-02 3.84479E-02 2.32179E-01 4.56589E-01 2.11866E-02 1.10528E-02 7.62546E-03 2.36677E-01
0.00000E+00 0.00000E+00 1.97881E-02 4.98288E-02 7.33464E-02 4.48087E-01 7.83943E-01 2.32027E-02 0.00000E+00 0.00000E+00 7.59466E-01
0.00000E+00 0.00000E+00 2.06931E-02 4.73533E-02 6.88571E-02 4.29012E-01 7.62403E-01 2.35706E-02 0.00000E+00 0.00000E+00 7.32562E-01
0.00000E+00 1.19169E-03 2.12207E-02 4.52579E-02 6.51728E-02 4.12692E-01 7.42852E-01 2.36640E-02 1.19169E-03 0.00000E+00 6.95064E-01
0.00000E+00 2.53768E-03 2.15013E-02 4.33970E-02 6.19961E-02 3.98237E-01 7.24765E-01 2.35780E-02 2.53768E-03 0.00000E+00 6.55584E-01
0.00000E+00 3.55019E-03 2.16116E-02 4.17062E-02 5.91847E-02 3.85199E-01 7.07890E-01 2.33713E-02 3.55019E-03 0.00000E+00 6.17812E-01
0.00000E+00 4.32421E-03 2.16088E-02 4.01630E-02 5.66724E-02 3.73347E-01 6.92119E-01 2.30908E-02 4.32421E-03 0.00000E+00 5.82547E-01
0.00000E+00 4.92291E-03 2.15292E-02 3.87482E-02 5.44087E-02 3.62503E-01 6.77345E-01 2.27657E-02 4.92291E-03 0.00000E+00 5.50020E-01
0.00000E+00 5.38981E-03 2.13970E-02 3.74456E-02 5.23548E-02 3.52523E-01 6.63470E-01 2.24145E-02 5.38981E-03 0.00000E+00 5.20192E-01
2.51181E-04 5.75713E-03 2.12330E-02 3.62514E-02 5.04932E-02 3.43346E-01 6.50481E-01 2.20547E-02 5.75713E-03 2.51181E-04 4.92175E-01
8.20052E-04 6.04726E-03 2.10472E-02 3.51499E-02 4.87935E-02 3.34855E-01 6.38270E-01 2.16926E-02 6.04726E-03 8.20052E-04 4.65532E-01
1.29848E-03 6.27435E-03 2.08404E-02 3.41150E-02 4.72131E-02 3.26882E-01 6.26643E-01 2.13246E-02 6.27435E-03 1.29848E-03 4.41227E-01
1.70300E-03 6.45096E-03 2.06194E-02 3.31411E-02 4.57394E-02 3.19376E-01 6.15557E-01 2.09554E-02 6.45096E-03 1.70300E-03 4.19015E-01
2.04657E-03 6.58685E-03 2.03892E-02 3.22232E-02 4.43618E-02 3.12293E-01 6.04973E-01 2.05887E-02 6.58685E-03 2.04657E-03 3.98675E-01
2.33946E-03 6.68967E-03 2.01535E-02 3.13569E-02 4.30706E-02 3.05595E-01 5.94855E-01 2.02268E-02 6.68967E-03 2.33946E-03 3.80009E-01
2.58993E-03 6.76545E-03 1.99151E-02 3.05379E-02 4.18579E-02 2.99248E-01 5.85171E-01 1.98714E-02 6.76545E-03 2.58993E-03 3.62843E-01
2.80464E-03 6.81905E-03 1.96760E-02 2.97626E-02 4.07163E-02 2.93222E-01 5.75891E-01 1.95236E-02 6.81905E-03 2.80464E-03 3.47019E-01
2.98903E-03 6.85434E-03 1.94377E-02 2.90275E-02 3.96396E-02 2.87491E-01 5.66989E-01 1.91842E-02 6.85434E-03 2.98903E-03 3.32402E-01
3.14760E-03 6.87449E-03 1.92015E-02 2.83296E-02 3.86223E-02 2.82032E-01 5.58438E-01 1.88534E-02 6.87449E-03 3.14760E-03 3.18870E-01
3.28403E-03 6.88208E-03 1.89681E-02 2.76662E-02 3.76593E-02 2.76823E-01 5.50218E-01 1.85317E-02 6.88208E-03 3.28403E-03 3.06316E-01
3.40144E-03 6.87923E-03 1.87383E-02 2.70347E-02 3.67463E-02 2.71847E-01 5.42307E-01 1.82191E-02 6.87923E-03 3.40144E-03 2.94646E-01
3.50241E-03 6.86769E-03 1.85124E-02 2.64329E-02 3.58794E-02 2.67087E-01 5.34685E-01 1.79155E-02 6.86769E-03 3.50241E-03 2.83775E-01
3.58913E-03 6.84890E-03 1.82908E-02 2.58587E-02 3.50550E-02 2.62527E-01 5.27337E-01 1.76209E-02 6.84890E-03 3.58913E-03 2.73631E-01
3.66346E-03 6.82409E-03 1.80737E-02 2.53102E-02 3.42700E-02 2.58153E-01 5.20246E-01 1.73351E-02 6.82409E-03 3.66346E-03 2.64146E-01
3.72697E-03 6.79425E-03 1.78611E-02 2.47856E-02 3.35215E-02 2.53955E-01 5.13397E-01 1.70577E-02 6.79425E-03 3.72697E-03 2.55263E-01
3.78102E-03 6.76025E-03 1.76533E-02 2.42836E-02 3.28069E-02 2.49919E-01 5.06777E-01 1.67888E-02 6.76025E-03 3.78102E-03 2.46930E-01
3.82677E-03 6.72281E-03 1.74501E-02 2.38025E-02 3.21240E-02 2.46037E-01 5.00373E-01 1.65279E-02 6.72281E-03 3.82677E-03 2.39099E-01
3.86522E-03 6.68251E-03 1.72517E-02 2.33411E-02 3.14705E-02 2.42298E-01 4.94173E-01 1.62748E-02 6.68251E-03 3.86522E-03 2.31729E-01
3.89723E-03 6.63989E-03 1.70578E-02 2.28982E-02 3.08447E-02 2.38694E-01 4.88168E-01 1.60292E-02 6.63989E-03 3.89723E-03 2.24782E-01
3.92356E-03 6.59538E-03 1.68686E-02 2.24727E-02 3.02446E-02 2.35217E-01 4.82346E-01 1.57909E-02 6.59538E-03 3.92356E-03 2.18225E-01
3.94487E-03 6.54934E-03 1.66838E-02 2.20635E-02 2.96687E-02 2.31861E-01 4.76699E-01 1.55596E-02 6.54934E-03 3.94487E-03 2.12027E-01
3.96172E-03 6.50210E-03 1.65034E-02 2.16697E-02 2.91155E-02 2.28618E-01 4.71219E-01 1.53351E-02 6.50210E-03 3.96172E-03 2.06161E-01
3.97461E-03 6.45392E-03 1.63273E-02 2.12904E-02 2.85837E-02 2.25482E-01 4.65896E-01 1.51170E-02 6.45392E-03 3.97461E-03 2.00602E-01
3.98400E-03 6.40504E-03 1.61554E-02 2.09249E-02 2.80720E-02 2.22447E-01 4.60724E-01 1.49052E-02 6.40504E-03 3.98400E-03 1.95327E-01
3.99026E-03 6.35565E-03 1.59876E-02 2.05723E-02 2.75792E-02 2.19508E-01 4.55696E-01 1.46994E-02 6.35565E-03 3.99026E-03 1.90317E-01
3.99374E-03 6.30593E-03 1.58238E-02 2.02321E-02 2.71043E-02 2.16661E-01 4.50805E-01 1.44994E-02 6.30593E-03 3.99374E-03 1.85552E-01
3.99475E-03 6.25601E-03 1.56637E-02 1.99034E-02 2.66463E-02 2.13901E-01 4.46044E-01 1.43049E-02 6.25601E-03 3.99475E-03 1.81015E-01
3.99354E-03 6.20602E-03 1.55075E-02 1.95858E-02 2.62043E-02 2.11223E-01 4.41409E-01 1.41157E-02 6.20602E-03 3.99354E-03 1.76691E-01
3.99037E-03 6.15606E-03 1.53548E-02 1.92787E-02 2.57774E-02 2.08623E-01 4.36894E-01 1.39317E-02 6.15606E-03 3.99037E-03 1.72567E-01
3.98543E-03 6.10624E-03 1.52057E-02 1.89815E-02 2.53648E-02 2.06098E-01 4.32494E-01 1.37526E-02 6.10624E-03 3.98543E-03 1.68628E-01
3.97893E-03 6.05662E-03 1.50599E-02 1.86938E-02 2.49659E-02 2.03645E-01 4.28203E-01 1.35783E-02 6.05662E-03 3.97893E-03 1.64863E-01
3.97103E-03 6.00726E-03 1.49175E-02 1.84151E-02 2.45800E-02 2.01260E-01 4.24018E-01 1.34085E-02 6.00726E-03 3.97103E-03 1.61261E-01
3.96188E-03 5.95824E-03 1.47782E-02 1.81450E-02 2.42063E-02 1.98940E-01 4.19934E-01 1.32431E-02 5.95824E-03 3.96188E-03 1.57812E-01
3.95162E-03 5.90958E-03 1.46421E-02 1.78830E-02 2.38443E-02 1.96682E-01 4.15947E-01 1.30819E-02 5.90958E-03 3.95162E-03 1.54507E-01
3.94036E-03 5.86134E-03 1.45089E-02 1.76289E-02 2.34935E-02 1.94483E-01 4.12054E-01 1.29249E-02 5.86134E-03 3.94036E-03 1.51338E-01
3.92823E-03 5.81354E-03 1.43787E-02 1.73822E-02 2.31533E-02 1.92342E-01 4.08250E-01 1.27717E-02 5.81354E-03 3.92823E-03 1.48295E-01
3.91531E-03 5.76622E-03 1.42512E-02 1.71427E-02 2.28232E-02 1.90255E-01 4.04533E-01 1.26223E-02 5.76622E-03 3.91531E-03 1.45372E-01
3.90169E-03 5.71940E-03 1.41265E-02 1.69100E-02 2.25028E-02 1.88221E-01 4.00899E-01 1.24766E-02 5.71940E-03 3.90169E-03 1.42562E-01
3.88746E-03 5.67308E-03 1.40044E-02 1.66838E-02 2.21917E-02 1.86237E-01 3.97345E-01 1.23344E-02 5.67308E-03 3.88746E-03 1.39860E-01
3.87268E-03 5.62730E-03 1.38849E-02 1.64638E-02 2.18894E-02 1.84301E-01 3.93868E-01 1.21955E-02 5.62730E-03 3.87268E-03 1.37258E-01
3.85743E-03 5.58206E-03 1.37679E-02 1.62498E-02 2.15956E-02 1.82412E-01 3.90466E-01 1.20600E-02 5.58206E-03 3.85743E-03 1.34751E-01
0.00000E+00 0.00000E+00 1.45410E-02 3.07282E-02 4.67376E-02 4.13056E-01 7.90164E-01 1.65837E-02 0.00000E+00 0.00000E+00 6.09158E-01
0.00000E+00 0.00000E+00 1.47097E-02 2.85088E-02 4.28733E-02 3.88451E-01 7.55250E-01 1.61744E-02 0.00000E+00 0.00000E+00 5.53028E-01
0.00000E+00 6.05272E-04 1.47425E-02 2.67190E-02 3.98128E-02 3.68132E-01 7.25374E-01 1.57487E-02 6.05272E-04 0.00000E+00 5.01271E-01
0.00000E+00 1.27384E-03 1.46844E-02 2.51948E-02 3.72550E-02 3.50652E-01 6.98946E-01 1.53105E-02 1.27384E-03 0.00000E+00 4.55672E-01
0.00000E+00 1.76340E-03 1.45651E-02 2.38590E-02 3.50529E-02 3.35272E-01 6.75156E-01 1.48680E-02 1.76340E-03 0.00000E+00 4.16334E-01
0.00000E+00 2.12750E-03 1.44092E-02 2.26762E-02 3.31312E-02 3.21587E-01 6.53570E-01 1.44338E-02 2.12750E-03 0.00000E+00 3.82343E-01
0.00000E+00 2.40111E-03 1.42318E-02 2.16196E-02 3.14357E-02 3.09297E-01 6.33851E-01 1.40144E-02 2.40111E-03 0.00000E+00 3.52849E-01
0.00000E+00 2.60799E-03 1.40425E-02 2.06686E-02 2.99258E-02 2.98173E-01 6.15730E-01 1.36125E-02 2.60799E-03 0.00000E+00 3.27123E-01
1.21775E-04 2.76517E-03 1.38497E-02 1.98130E-02 2.85791E-02 2.88093E-01 5.99084E-01 1.32328E-02 2.76517E-03 1.21775E-04 3.04165E-01
3.95039E-04 2.88444E-03 1.36564E-02 1.90371E-02 2.73674E-02 2.78891E-01 5.83699E-01 1.28739E-02 2.88444E-03 3.95039E-04 2.83341E-01
6.21814E-04 2.97353E-03 1.34612E-02 1.83207E-02 2.62572E-02 2.70358E-01 5.69274E-01 1.25294E-02 2.97353E-03 6.21814E-04 2.64882E-01
8.11032E-04 3.03891E-03 1.32664E-02 1.76571E-02 2.52360E-02 2.62418E-01 5.55712E-01 1.21998E-02 3.03891E-03 8.11032E-04 2.48440E-01
9.69620E-04 3.08552E-03 1.30738E-02 1.70406E-02 2.42932E-02 2.55006E-01 5.42930E-01 1.18847E-02 3.08552E-03 9.69620E-04 2.33728E-01
1.10302E-03 3.11717E-03 1.28843E-02 1.64664E-02 2.34198E-02 2.48066E-01 5.30855E-01 1.15837E-02 3.11717E-03 1.10302E-03 2.20506E-01
1.21554E-03 3.13683E-03 1.26986E-02 1.59302E-02 2.26084E-02 2.41552E-01 5.19425E-01 1.12964E-02 3.13683E-03 1.21554E-03 2.08574E-01
1.31064E-03 3.14686E-03 1.25173E-02 1.54284E-02 2.18524E-02 2.35422E-01 5.08584E-01 1.10222E-02 3.14686E-03 1.31064E-03 1.97765E-01
1.39112E-03 3.14910E-03 1.23407E-02 1.49576E-02 2.11462E-02 2.29640E-01 4.98283E-01 1.07602E-02 3.14910E-03 1.39112E-03 1.87937E-01
1.45925E-03 3.14505E-03 1.21688E-02 1.45151E-02 2.04849E-02 2.24175E-01 4.88478E-01 1.05100E-02 3.14505E-03 1.45925E-03 1.78970E-01
1.51691E-03 3.13591E-03 1.20017E-02 1.40984E-02 1.98643E-02 2.19000E-01 4.79131E-01 1.02709E-02 3.13591E-03 1.51691E-03 1.70763E-01
1.56564E-03 3.12264E-03 1.18394E-02 1.37052E-02 1.92806E-02 2.14091E-01 4.70208E-01 1.00421E-02 3.12264E-03 1.56564E-03 1.63227E-01
1.60673E-03 3.10604E-03 1.16819E-02 1.33337E-02 1.87307E-02 2.09426E-01 4.61678E-01 9.82327E-03 3.10604E-03 1.60673E-03 1.56289E-01
1.64126E-03 3.08675E-03 1.15290E-02 1.29819E-02 1.82116E-02 2.04986E-01 4.53512E-01 9.61367E-03 3.08675E-03 1.64126E-03 1.49884E-01
1.67013E-03 3.06531E-03 1.13806E-02 1.26485E-02 1.77207E-02 2.00755E-01 4.45686E-01 9.41282E-03 3.06531E-03 1.67013E-03 1.43954E-01
1.69411E-03 3.04214E-03 1.12366E-02 1.23319E-02 1.72559E-02 1.96716E-01 4.38176E-01 9.22020E-03 3.04214E-03 1.69411E-03 1.38452E-01
1.71384E-03 3.01762E-03 1.10968E-02 1.20309E-02 1.68149E-02 1.92856E-01 4.30963E-01 9.03535E-03 3.01762E-03 1.71384E-03 1.33336E-01
1.72989E-03 2.99203E-03 1.09612E-02 1.17444E-02 1.63960E-02 1.89163E-01 4.24028E-01 8.85783E-03 2.99203E-03 1.72989E-03 1.28566E-01
1.74272E-03 2.96564E-03 1.08294E-02 1.14713E-02 1.59976E-02 1.85625E-01 4.17352E-01 8.68722E-03 2.96564E-03 1.74272E-03 1.24112E-01
1.75274E-03 2.93864E-03 1.07015E-02 1.12107E-02 1.56181E-02 1.82232E-01 4.10922E-01 8.52315E-03 2.93864E-03 1.75274E-03 1.19944E-01
1.76030E-03 2.91122E-03 1.05773E-02 1.09618E-02 1.52563E-02 1.78974E-01 4.04721E-01 8.36526E-03 2.91122E-03 1.76030E-03 1.16035E-01
1.76572E-03 2.88351E-03 1.04565E-02 1.07238E-02 1.49109E-02 1.75844E-01 3.98737E-01 8.21320E-03 2.88351E-03 1.76572E-03 1.12365E-01
1.76925E-03 2.85563E-03 1.03391E-02 1.04959E-02 1.45808E-02 1.72833E-01 3.92959E-01 8.06667E-03 2.85563E-03 1.76925E-03 1.08911E-01
1.77111E-03 2.82769E-03 1.02250E-02 1.02776E-02 1.42650E-02 1.69935E-01 3.87373E-01 7.92538E-03 2.82769E-03 1.77111E-03 1.05657E-01
1.77153E-03 2.79978E-03 1.01139E-02 1.00682E-02 1.39625E-02 1.67142E-01 3.81971E-01 7.78905E-03 2.79978E-03 1.77153E-03 1.02586E-01
1.77066E-03 2.77195E-03 1.00058E-02 9.86716E-03 1.36726E-02 1.64449E-01 3.76743E-01 7.65743E-03 2.77195E-03 1.77066E-03 9.96830E-02
1.76866E-03 2.74426E-03 9.90065E-03 9.67405E-03 1.33945E-02 1.61850E-01 3.71679E-01 7.53028E-03 2.74426E-03 1.76866E-03 9.69357E-02
1.76567E-03 2.71678E-03 9.79820E-03 9.48837E-03 1.31274E-02 1.59341E-01 3.66771E-01 7.40737E-03 2.71678E-03 1.76567E-03 9.43319E-02
1.76180E-03 2.68953E-03 9.69839E-03 9.30970E-03 1.28707E-02 1.56915E-01 3.62012E-01 7.28851E-03 2.68953E-03 1.76180E-03 9.18611E-02
1.75717E-03 2.66255E-03 9.60113E-03 9.13764E-03 1.26238E-02 1.54569E-01 3.57394E-01 7.17349E-03 2.66255E-03 1.75717E-03 8.95136E-02
1.75186E-03 2.63586E-03 9.50630E-03 8.97184E-03 1.23861E-02 1.52299E-01 3.52911E-01 7.06212E-03 2.63586E-03 1.75186E-03 8.72806E-02
1.74596E-03 2.60949E-03 9.41382E-03 8.81195E-03 1.21572E-02 1.50101E-01 3.48557E-01 6.95425E-03 2.60949E-03 1.74596E-03 8.51542E-02
1.73954E-03 2.58345E-03 9.32360E-03 8.65766E-03 1.19365E-02 1.47971E-01 3.44325E-01 6.84970E-03 2.58345E-03 1.73954E-03 8.31270E-02
1.73266E-03 2.55776E-03 9.23555E-03 8.50868E-03 1.17236E-02 1.45906E-01 3.40209E-01 6.74832E-03 2.55776E-03 1.73266E-03 8.11925E-02
1.72538E-03 2.53242E-03 9.14959E-03 8.36473E-03 1.15182E-02 1.43904E-01 3.36206E-01 6.64998E-03 2.53242E-03 1.72538E-03 7.93446E-02
1.71776E-03 2.50745E-03 9.06565E-03 8.22557E-03 1.13197E-02 1.41960E-01 3.32310E-01 6.55453E-03 2.50745E-03 1.71776E-03 7.75777E-02
1.70983E-03 2.48285E-03 8.98364E-03 8.09095E-03 1.11279E-02 1.40072E-01 3.28516E-01 6.46185E-03 2.48285E-03 1.70983E-03 7.58868E-02
1.70164E-03 2.45862E-03 8.90350E-03 7.96066E-03 1.09424E-02 1.38239E-01 3.24820E-01 6.37182E-03 2.45862E-03 1.70164E-03 7.42670E-02
1.69323E-03 2.43476E-03 8.82517E-03 7.83449E-03 1.07630E-02 1.36456E-01 3.21219E-01 6.28433E-03 2.43476E-03 1.69323E-03 7.27142E-02
1.68463E-03 2.41128E-03 8.74857E-03 7.71225E-03 1.05893E-02 1.34723E-01 3.17708E-01 6.19927E-03 2.41128E-03 1.68463E-03 7.12242E-02
1.67586E-03 2.38818E-03 8.67364E-03 7.59375E-03 1.04210E-02 1.33037E-01 3.14283E-01 6.11654E-03 2.38818E-03 1.67586E-03 6.97935E-02
1.66696E-03 2.36544E-03 8.60034E-03 7.47882E-03 1.02579E-02 1.31396E-01 3.10942E-01 6.03604E-03 2.36544E-03 1.66696E-03 6.84186E-02
0.00000E+00 0.00000E+00 1.01366E-02 1.56260E-02 2.44878E-02 3.50116E-01 7.47205E-01 1.04481E-02 0.00000E+00 0.00000E+00 4.03638E-01
0.00000E+00 0.00000E+00 1.00363E-02 1.40445E-02 2.18275E-02 3.22349E-01 7.00013E-01 9.72034E-03 0.00000E+00 0.00000E+00 3.42969E-01
0.00000E+00 2.21041E-04 9.93430E-03 1.28386E-02 1.98067E-02 3.00126E-01 6.61182E-01 9.13725E-03 2.21041E-04 0.00000E+00 2.95973E-01
0.00000E+00 4.64692E-04 9.82084E-03 1.18575E-02 1.81754E-02 2.81502E-01 6.27904E-01 8.63812E-03 4.64692E-04 0.00000E+00 2.58833E-01
0.00000E+00 6.41972E-04 9.69684E-03 1.10301E-02 1.68120E-02 2.65482E-01 5.98731E-01 8.19697E-03 6.41972E-04 0.00000E+00 2.29122E-01
0.00000E+00 7.72544E-04 9.56740E-03 1.03204E-02 1.56521E-02 2.51507E-01 5.72859E-01 7.80330E-03 7.72544E-04 0.00000E+00 2.04955E-01
0.00000E+00 8.69452E-04 9.43581E-03 9.70346E-03 1.46511E-02 2.39176E-01 5.49692E-01 7.44926E-03 8.69452E-04 0.00000E+00 1.85005E-01
0.00000E+00 9.41615E-04 9.30419E-03 9.16109E-03 1.37770E-02 2.28191E-01 5.28780E-01 7.12878E-03 9.41615E-04 0.00000E+00 1.68316E-01
4.61122E-05 9.95217E-04 9.17487E-03 8.68269E-03 1.30105E-02 2.18378E-01 5.09874E-01 6.83883E-03 9.95217E-04 4.61122E-05 1.54023E-01
1.49096E-04 1.03467E-03 9.04822E-03 8.25644E-03 1.23313E-02 2.09538E-01 4.92654E-01 6.57454E-03 1.03467E-03 1.49096E-04 1.41539E-01
2.33949E-04 1.06328E-03 8.92313E-03 7.86968E-03 1.17184E-02 2.01440E-01 4.76722E-01 6.32971E-03 1.06328E-03 2.33949E-04 1.30750E-01
3.04228E-04 1.08343E-03 8.80020E-03 7.51709E-03 1.11623E-02 1.93992E-01 4.61929E-01 6.10232E-03 1.08343E-03 3.04228E-04 1.21353E-01
3.62680E-04 1.09696E-03 8.67982E-03 7.19429E-03 1.06554E-02 1.87112E-01 4.48146E-01 5.89060E-03 1.09696E-03 3.62680E-04 1.13111E-01
4.11453E-04 1.10525E-03 8.56223E-03 6.89760E-03 1.01914E-02 1.80735E-01 4.35266E-01 5.69302E-03 1.10525E-03 4.11453E-04 1.05833E-01
4.52243E-04 1.10939E-03 8.44755E-03 6.62397E-03 9.76510E-03 1.74806E-01 4.23196E-01 5.50820E-03 1.10939E-03 4.52243E-04 9.93694E-02
4.86407E-04 1.11022E-03 8.33584E-03 6.37077E-03 9.37199E-03 1.69276E-01 4.11857E-01 5.33497E-03 1.11022E-03 4.86407E-04 9.35967E-02
5.15034E-04 1.10842E-03 8.22712E-03 6.13579E-03 9.00834E-03 1.64105E-01 4.01179E-01 5.17227E-03 1.10842E-03 5.15034E-04 8.84150E-02
5.39010E-04 1.10451E-03 8.12136E-03 5.91712E-03 8.67095E-03 1.59257E-01 3.91103E-01 5.01917E-03 1.10451E-03 5.39010E-04 8.37419E-02
5.59059E-04 1.09893E-03 8.01850E-03 5.71311E-03 8.35706E-03 1.54701E-01 3.81574E-01 4.87485E-03 1.09893E-03 5.59059E-04 7.95090E-02
5.75778E-04 1.09201E-03 7.91848E-03 5.52233E-03 8.06429E-03 1.50411E-01 3.72548E-01 4.73858E-03 1.09201E-03 5.75778E-04 7.56594E-02
5.89661E-04 1.08403E-03 7.82122E-03 5.34352E-03 7.79058E-03 1.46363E-01 3.63982E-01 4.60969E-03 1.08403E-03 5.89661E-04 7.21453E-02
6.01119E-04 1.07521E-03 7.72664E-03 5.17560E-03 7.53414E-03 1.42537E-01 3.55841E-01 4.48760E-03 1.07521E-03 6.01119E-04 6.89261E-02
6.10498E-04 1.06575E-03 7.63465E-03 5.01759E-03 7.29336E-03 1.38913E-01 3.48090E-01 4.37178E-03 1.06575E-03 6.10498E-04 6.59675E-02
6.18088E-04 1.05578E-03 7.54516E-03 4.86865E-03 7.06687E-03 1.35476E-01 3.40701E-01 4.26177E-03 1.05578E-03 6.18088E-04 6.32400E-02
6.24135E-04 1.04542E-03 7.45807E-03 4.72800E-03 6.85343E-03 1.32212E-01 3.33648E-01 4.15713E-03 1.04542E-03 6.24135E-04 6.07185E-02
6.28849E-04 1.03479E-03 7.37331E-03 4.59499E-03 6.65195E-03 1.29106E-01 3.26907E-01 4.05747E-03 1.03479E-03 6.28849E-04 5.83811E-02
6.32406E-04 1.02396E-03 7.29078E-03 4.46899E-03 6.46145E-03 1.26147E-01 3.20457E-01 3.96246E-03 1.02396E-03 6.32406E-04 5.62089E-02
6.34961E-04 1.01301E-03 7.21040E-03 4.34949E-03 6.28107E-03 1.23325E-01 3.14277E-01 3.87177E-03 1.01301E-03 6.34961E-04 5.41854E-02
6.36644E-04 1.00198E-03 7.13209E-03 4.23597E-03 6.11001E-03 1.20630E-01 3.08351E-01 3.78510E-03 1.00198E-03 6.36644E-04 5.22964E-02
6.37568E-04 9.90925E-04 7.05577E-03 4.12802E-03 5.94759E-03 1.18053E-01 3.02662E-01 3.70221E-03 9.90925E-04 6.37568E-04 5.05291E-02
6.37832E-04 9.79884E-04 6.98137E-03 4.02522E-03 5.79316E-03 1.15587E-01 2.97195E-01 3.62283E-03 9.79884E-04 6.37832E-04 4.88725E-02
6.37519E-04 9.68886E-04 6.90880E-03 3.92723E-03 5.64616E-03 1.13224E-01 2.91938E-01 3.54676E-03 9.68886E-04 6.37519E-04 4.73167E-02
6.36704E-04 9.57958E-04 6.83801E-03 3.83370E-03 5.50607E-03 1.10958E-01 2.86877E-01 3.47379E-03 9.57958E-04 6.36704E-04 4.58529E-02
6.35452E-04 9.47122E-04 6.76892E-03 3.74436E-03 5.37240E-03 1.08783E-01 2.82001E-01 3.40374E-03 9.47122E-04 6.35452E-04 4.44735E-02
6.33817E-04 9.36393E-04 6.70148E-03 3.65891E-03 5.24474E-03 1.06692E-01 2.77300E-01 3.33642E-03 9.36393E-04 6.33817E-04 4.31715E-02
6.31849E-04 9.25787E-04 6.63562E-03 3.57712E-03 5.12269E-03 1.04683E-01 2.72764E-01 3.27169E-03 9.25787E-04 6.31849E-04 4.19406E-02
6.29593E-04 9.15314E-04 6.57129E-03 3.49875E-03 5.00590E-03 1.02748E-01 2.68383E-01 3.20940E-03 9.15314E-04 6.29593E-04 4.07755E-02
6.27084E-04 9.04982E-04 6.50842E-03 3.42360E-03 4.89403E-03 1.00885E-01 2.64151E-01 3.14941E-03 9.04982E-04 6.27084E-04 3.96709E-02
6.24357E-04 8.94800E-04 6.44697E-03 3.35148E-03 4.78677E-03 9.90893E-02 2.60058E-01 3.09159E-03 8.94800E-04 6.24357E-04 3.86224E-02
6.21442E-04 8.84771E-04 6.38689E-03 3.28220E-03 4.68387E-03 9.73571E-02 2.56099E-01 3.03583E-03 8.84771E-04 6.21442E-04 3.76260E-02
6.18363E-04 8.74900E-04 6.32813E-03 3.21560E-03 4.58505E-03 9.56850E-02 2.52265E-01 2.98202E-03 8.74900E-04 6.18363E-04 3.66779E-02
6.15145E-04 8.65189E-04 6.27063E-03 3.15153E-03 4.49009E-03 9.40700E-02 2.48552E-01 2.93007E-03 8.65189E-04 6.15145E-04 3.57747E-02
6.11807E-04 8.55639E-04 6.21437E-03 3.08985E-03 4.39876E-03 9.25092E-02 2.44952E-01 2.87987E-03 8.55639E-04 6.11807E-04 3.49134E-02
6.08367E-04 8.46253E-04 6.15930E-03 3.03044E-03 4.31086E-03 9.09996E-02 2.41462E-01 2.83133E-03 8.46253E-04 6.08367E-04 3.40912E-02
6.04842E-04 8.37029E-04 6.10537E-03 2.97316E-03 4.22620E-03 8.95389E-02 2.38075E-01 2.78438E-03 8.37029E-04 6.04842E-04 3.33056E-02
6.01245E-04 8.27967E-04 6.05256E-03 2.91791E-03 4.14462E-03 8.81246E-02 2.34787E-01 2.73894E-03 8.27967E-04 6.01245E-04 3.25541E-02
5.97589E-04 8.19067E-04 6.00082E-03 2.86458E-03 4.06594E-03 8.67545E-02 2.31593E-01 2.69494E-03 8.19067E-04 5.97589E-04 3.18348E-02
5.93885E-04 8.10326E-04 5.95011E-03 2.81308E-03 3.99002E-03 8.54265E-02 2.28490E-01 2.65231E-03 8.10326E-04 5.93885E-04 3.11454E-02
5.90144E-04 8.01744E-04 5.90041E-03 2.76331E-03 3.91672E-03 8.41386E-02 2.25472E-01 2.61099E-03 8.01744E-04 5.90144E-04 3.04844E-02
5.86374E-04 7.93318E-04 5.85169E-03 2.71519E-03 3.84590E-03 8.28891E-02 2.22538E-01 2.57091E-03 7.93318E-04 5.86374E-04 2.98499E-02
0.00000E+00 0.00000E+00 8.01332E-03 5.85765E-03 9.43842E-03 2.55877E-01 6.33857E-01 5.49874E-03 0.00000E+00 0.00000E+00 1.80834E-01
0.00000E+00 0.00000E+00 8.01167E-03 5.05720E-03 8.12459E-03 2.29646E-01 5.79863E-01 4.87869E-03 0.00000E+00 0.00000E+00 1.45371E-01
0.00000E+00 4.57933E-05 7.98651E-03 4.48174E-03 7.17097E-03 2.09288E-01 5.36888E-01 4.42212E-03 4.57933E-05 0.00000E+00 1.20740E-01
0.00000E+00 1.00182E-04 7.93850E-03 4.03577E-03 6.42965E-03 1.92668E-01 5.01067E-01 4.05949E-03 1.00182E-04 0.00000E+00 1.02699E-01
0.00000E+00 1.42376E-04 7.87248E-03 3.67464E-03 5.82958E-03 1.78694E-01 4.70409E-01 3.75889E-03 1.42376E-04 0.00000E+00 8.90407E-02
0.00000E+00 1.74978E-04 7.79376E-03 3.37523E-03 5.33286E-03 1.66749E-01 4.43787E-01 3.50428E-03 1.74978E-04 0.00000E+00 7.84069E-02
0.00000E+00 2.00138E-04 7.70638E-03 3.12237E-03 4.91429E-03 1.56401E-01 4.20397E-01 3.28500E-03 2.00138E-04 0.00000E+00 6.99309E-02
0.00000E+00 2.19533E-04 7.61334E-03 2.90561E-03 4.55640E-03 1.47335E-01 3.99643E-01 3.09366E-03 2.19533E-04 0.00000E+00 6.30382E-02
1.23949E-05 2.34239E-04 7.51722E-03 2.71840E-03 4.24822E-03 1.39360E-01 3.81172E-01 2.92566E-03 2.34239E-04 1.23949E-05 5.72856E-02
4.02350E-05 2.45225E-04 7.41941E-03 2.55465E-03 3.97957E-03 1.32275E-01 3.64587E-01 2.77649E-03 2.45225E-04 4.02350E-05 5.23746E-02
6.33334E-05 2.53555E-04 7.32026E-03 2.40880E-03 3.74094E-03 1.25871E-01 3.49448E-01 2.64179E-03 2.53555E-04 6.33334E-05 4.81906E-02
8.25675E-05 2.59754E-04 7.22068E-03 2.27803E-03 3.52761E-03 1.20052E-01 3.35564E-01 2.51949E-03 2.59754E-04 8.25675E-05 4.45886E-02
9.86294E-05 2.64237E-04 7.12131E-03 2.16011E-03 3.33576E-03 1.14739E-01 3.22780E-01 2.40790E-03 2.64237E-04 9.86294E-05 4.14583E-02
1.12070E-04 2.67333E-04 7.02267E-03 2.05322E-03 3.16234E-03 1.09869E-01 3.10964E-01 2.30562E-03 2.67333E-04 1.12070E-04 3.87150E-02
1.23330E-04 2.69304E-04 6.92511E-03 1.95589E-03 3.00483E-03 1.05386E-01 3.00006E-01 2.21152E-03 2.69304E-04 1.23330E-04 3.62927E-02
1.32767E-04 2.70358E-04 6.82892E-03 1.86688E-03 2.86116E-03 1.01247E-01 2.89813E-01 2.12463E-03 2.70358E-04 1.32767E-04 3.41392E-02
1.40671E-04 2.70667E-04 6.73429E-03 1.78518E-03 2.72961E-03 9.74130E-02 2.80305E-01 2.04414E-03 2.70667E-04 1.40671E-04 3.22128E-02
1.47281E-04 2.70366E-04 6.64136E-03 1.70992E-03 2.60872E-03 9.38503E-02 2.71412E-01 1.96935E-03 2.70366E-04 1.47281E-04 3.04799E-02
1.52793E-04 2.69568E-04 6.55024E-03 1.64037E-03 2.49727E-03 9.05312E-02 2.63075E-01 1.89967E-03 2.69568E-04 1.52793E-04 2.89131E-02
1.57371E-04 2.68364E-04 6.46098E-03 1.57591E-03 2.39421E-03 8.74312E-02 2.55242E-01 1.83458E-03 2.68364E-04 1.57371E-04 2.74900E-02
1.61150E-04 2.66829E-04 6.37363E-03 1.51601E-03 2.29863E-03 8.45292E-02 2.47867E-01 1.77365E-03 2.66829E-04 1.61150E-04 2.61918E-02
1.64245E-04 2.65026E-04 6.28819E-03 1.46019E-03 2.20978E-03 8.18067E-02 2.40910E-01 1.71648E-03 2.65026E-04 1.64245E-04 2.50030E-02
1.66753E-04 2.63007E-04 6.20467E-03 1.40807E-03 2.12697E-03 7.92474E-02 2.34335E-01 1.66274E-03 2.63007E-04 1.66753E-04 2.39105E-02
1.68754E-04 2.60814E-04 6.12305E-03 1.35929E-03 2.04962E-03 7.68369E-02 2.28111E-01 1.61211E-03 2.60814E-04 1.68754E-04 2.29032E-02
1.70318E-04 2.58482E-04 6.04331E-03 1.31354E-03 1.97722E-03 7.45627E-02 2.22209E-01 1.56435E-03 2.58482E-04 1.70318E-04 2.19717E-02
1.71504E-04 2.56043E-04 5.96542E-03 1.27055E-03 1.90931E-03 7.24134E-02 2.16606E-01 1.51920E-03 2.56043E-04 1.71504E-04 2.11077E-02
1.72363E-04 2.53520E-04 5.88935E-03 1.23009E-03 1.84551E-03 7.03789E-02 2.11277E-01 1.47646E-03 2.53520E-04 1.72363E-04 2.03043E-02
1.72939E-04 2.50935E-04 5.81506E-03 1.19193E-03 1.78545E-03 6.84503E-02 2.06204E-01 1.43595E-03 2.50935E-04 1.72939E-04 1.95556E-02
1.73268E-04 2.48305E-04 5.74251E-03 1.15590E-03 1.72883E-03 6.66196E-02 2.01367E-01 1.39749E-03 2.48305E-04 1.73268E-04 1.88561E-02
1.73384E-04 2.45645E-04 5.67165E-03 1.12182E-03 1.67537E-03 6.48794E-02 1.96751E-01 1.36093E-03 2.45645E-04 1.73384E-04 1.82012E-02
1.73314E-04 2.42967E-04 5.60245E-03 1.08954E-03 1.62481E-03 6.32233E-02 1.92339E-01 1.32614E-03 2.42967E-04 1.73314E-04 1.75870E-02
1.73083E-04 2.40283E-04 5.53485E-03 1.05892E-03 1.57693E-03 6.16452E-02 1.88120E-01 1.29299E-03 2.40283E-04 1.73083E-04 1.70098E-02
1.72713E-04 2.37600E-04 5.46881E-03 1.02984E-03 1.53153E-03 6.01397E-02 1.84079E-01 1.26136E-03 2.37600E-04 1.72713E-04 1.64665E-02
1.72221E-04 2.34927E-04 5.40429E-03 1.00220E-03 1.48843E-03 5.87021E-02 1.80206E-01 1.23116E-03 2.34927E-04 1.72221E-04 1.59542E-02
1.71625E-04 2.32268E-04 5.34125E-03 9.75880E-04 1.44745E-03 5.73278E-02 1.76490E-01 1.20229E-03 2.32268E-04 1.71625E-04 1.54705E-02
1.70938E-04 2.29630E-04 5.27963E-03 9.50802E-04 1.40846E-03 5.60127E-02 1.72922E-01 1.17467E-03 2.29630E-04 1.70938E-04 1.50131E-02
1.70173E-04 2.27017E-04 5.21941E-03 9.26878E-04 1.37132E-03 5.47531E-02 1.69493E-01 1.14822E-03 2.27017E-04 1.70173E-04 1.45799E-02
1.69340E-04 2.24432E-04 5.16053E-03 9.04034E-04 1.33590E-03 5.35456E-02 1.66195E-01 1.12287E-03 2.24432E-04 1.69340E-04 1.41692E-02
1.68450E-04 2.21877E-04 5.10296E-03 8.82200E-04 1.30208E-03 5.23871E-02 1.63021E-01 1.09854E-03 2.21877E-04 1.68450E-04 1.37792E-02
1.67511E-04 2.19356E-04 5.04665E-03 8.61311E-04 1.26977E-03 5.12746E-02 1.59963E-01 1.07519E-03 2.19356E-04 1.67511E-04 1.34086E-02
1.66531E-04 2.16871E-04 4.99158E-03 8.41310E-04 1.23887E-03 5.02054E-02 1.57015E-01 1.05275E-03 2.16871E-04 1.66531E-04 1.30560E-02
1.65516E-04 2.14422E-04 4.93769E-03 8.22142E-04 1.20930E-03 4.91772E-02 1.54171E-01 1.03117E-03 2.14422E-04 1.65516E-04 1.27201E-02
1.64471E-04 2.12011E-04 4.88496E-03 8.03759E-04 1.18096E-03 4.81875E-02 1.51426E-01 1.01041E-03 2.12011E-04 1.64471E-04 1.23998E-02
1.63403E-04 2.09639E-04 4.83336E-03 7.86115E-04 1.15380E-03 4.72343E-02 1.48775E-01 9.90412E-04 2.09639E-04 1.63403E-04 1.20942E-02
1.62316E-04 2.07306E-04 4.78284E-03 7.69166E-04 1.12773E-03 4.63157E-02 1.46213E-01 9.71147E-04 2.07306E-04 1.62316E-04 1.18022E-02
1.61213E-04 2.05013E-04 4.73337E-03 7.52875E-04 1.10270E-03 4.54297E-02 1.43735E-01 9.52572E-04 2.05013E-04 1.61213E-04 1.15230E-02
1.60098E-04 2.02760E-04 4.68493E-03 7.37205E-04 1.07865E-03 4.45748E-02 1.41337E-01 9.34653E-04 2.02760E-04 1.60098E-04 1.12558E-02
1.58975E-04 2.00547E-04 4.63748E-03 7.22123E-04 1.05553E-03 4.37492E-02 1.39016E-01 9.17354E-04 2.00547E-04 1.58975E-04 1.10000E-02
1.57846E-04 1.98374E-04 4.59100E-03 7.07596E-04 1.03328E-03 4.29516E-02 1.36767E-01 9.00646E-04 1.98374E-04 1.57846E-04 1.07547E-02
1.56713E-04 1.96240E-04 4.54545E-03 6.93597E-04 1.01185E-03 4.21806E-02 1.34588E-01 8.84499E-04 1.96240E-04 1.56713E-04 1.05194E-02
0.00000E+00 0.00000E+00 1.01342E-02 1.30141E-03 2.16853E-03 1.42351E-01 4.43442E-01 2.17346E-03 0.00000E+00 0.00000E+00 3.84025E-02
0.00000E+00 0.00000E+00 9.89178E-03 1.07243E-03 1.79304E-03 1.23762E-01 3.93849E-01 1.85424E-03 0.00000E+00 0.00000E+00 3.11166E-02
0.00000E+00 3.14884E-06 9.62176E-03 9.16668E-04 1.53250E-03 1.09817E-01 3.55703E-01 1.62677E-03 3.14884E-06 0.00000E+00 2.63402E-02
0.00000E+00 9.06097E-06 9.34222E-03 8.01583E-04 1.33764E-03 9.87575E-02 3.24818E-01 1.45231E-03 9.06097E-06 0.00000E+00 2.29222E-02
0.00000E+00 1.50374E-05 9.06276E-03 7.12155E-04 1.18510E-03 8.96932E-02 2.99045E-01 1.31253E-03 1.50374E-05 0.00000E+00 2.03346E-02
0.00000E+00 2.04391E-05 8.78950E-03 6.40573E-04 1.06245E-03 8.21213E-02 2.77169E-01 1.19768E-03 2.04391E-05 0.00000E+00 1.82964E-02
0.00000E+00 2.50951E-05 8.52565E-03 5.81927E-04 9.61689E-04 7.56970E-02 2.58341E-01 1.10145E-03 2.50951E-05 0.00000E+00 1.66407E-02
0.00000E+00 2.90120E-05 8.27276E-03 5.32969E-04 8.77466E-04 7.01753E-02 2.41945E-01 1.01952E-03 2.90120E-05 0.00000E+00 1.52628E-02
2.17363E-06 3.21543E-05 8.03261E-03 4.91598E-04 8.06340E-04 6.54029E-02 2.27604E-01 9.49136E-04 3.21543E-05 2.17363E-06 1.40851E-02
7.15730E-06 3.46266E-05 7.80477E-03 4.56106E-04 7.45415E-04 6.12324E-02 2.14934E-01 8.87896E-04 3.46266E-05 7.15730E-06 1.30562E-02
1.13942E-05 3.66785E-05 7.58682E-03 4.25105E-04 6.92228E-04 5.75192E-02 2.03538E-01 8.33655E-04 3.66785E-05 1.13942E-05 1.21570E-02
1.49878E-05 3.83561E-05 7.37857E-03 3.97792E-04 6.45417E-04 5.41932E-02 1.93232E-01 7.85264E-04 3.83561E-05 1.49878E-05 1.13633E-02
1.80296E-05 3.97062E-05 7.17970E-03 3.73545E-04 6.03924E-04 5.11975E-02 1.83868E-01 7.41820E-04 3.97062E-05 1.80296E-05 1.06568E-02
2.05990E-05 4.07725E-05 6.98981E-03 3.51874E-04 5.66909E-04 4.84863E-02 1.75320E-01 7.02597E-04 4.07725E-05 2.05990E-05 1.00234E-02
2.27639E-05 4.15945E-05 6.80850E-03 3.32391E-04 5.33699E-04 4.60215E-02 1.67487E-01 6.67005E-04 4.15945E-05 2.27639E-05 9.45210E-03
2.45824E-05 4.22070E-05 6.63531E-03 3.14779E-04 5.03750E-04 4.37716E-02 1.60283E-01 6.34563E-04 4.22070E-05 2.45824E-05 8.93401E-03
2.61041E-05 4.26407E-05 6.46983E-03 2.98784E-04 4.76614E-04 4.17103E-02 1.53636E-01 6.04872E-04 4.26407E-05 2.61041E-05 8.46201E-03
2.73710E-05 4.29219E-05 6.31162E-03 2.84192E-04 4.51924E-04 3.98153E-02 1.47482E-01 5.77596E-04 4.29219E-05 2.73710E-05 8.03023E-03
2.84193E-05 4.30736E-05 6.16028E-03 2.70829E-04 4.29372E-04 3.80678E-02 1.41770E-01 5.52454E-04 4.30736E-05 2.84193E-05 7.63382E-03
2.92795E-05 4.31155E-05 6.01541E-03 2.58547E-04 4.08698E-04 3.64516E-02 1.36454E-01 5.29207E-04 4.31155E-05 2.92795E-05 7.26871E-03
2.99780E-05 4.30646E-05 5.87666E-03 2.47221E-04 3.89686E-04 3.49527E-02 1.31494E-01 5.07652E-04 4.30646E-05 2.99780E-05 6.93144E-03
3.05371E-05 4.29354E-05 5.74367E-03 2.36745E-04 3.72148E-04 3.35592E-02 1.26857E-01 4.87611E-04 4.29354E-05 3.05371E-05 6.61908E-03
3.09763E-05 4.27406E-05 5.61612E-03 2.27029E-04 3.55925E-04 3.22607E-02 1.22511E-01 4.68935E-04 4.27406E-05 3.09763E-05 6.32911E-03
3.13122E-05 4.24910E-05 5.49370E-03 2.17995E-04 3.40879E-04 3.10479E-02 1.18430E-01 4.51489E-04 4.24910E-05 3.13122E-05 6.05935E-03
3.15592E-05 4.21959E-05 5.37613E-03 2.09574E-04 3.26892E-04 2.99130E-02 1.14592E-01 4.35159E-04 4.21959E-05 3.15592E-05 5.80788E-03
3.17296E-05 4.18634E-05 5.26314E-03 2.01708E-04 3.13860E-04 2.88489E-02 1.10975E-01 4.19844E-04 4.18634E-05 3.17296E-05 5.57306E-03
3.18342E-05 4.15004E-05 5.15447E-03 1.94345E-04 3.01693E-04 2.78493E-02 1.07562E-01 4.05454E-04 4.15004E-05 3.18342E-05 5.35340E-03
3.18823E-05 4.11129E-05 5.04990E-03 1.87440E-04 2.90310E-04 2.69088E-02 1.04334E-01 3.91910E-04 4.11129E-05 3.18823E-05 5.14761E-03
3.18820E-05 4.07061E-05 4.94921E-03 1.80954E-04 2.79642E-04 2.60224E-02 1.01279E-01 3.79142E-04 4.07061E-05 3.18820E-05 4.95453E-03
3.18403E-05 4.02843E-05 4.85220E-03 1.74851E-04 2.69627E-04 2.51857E-02 9.83828E-02 3.67087E-04 4.02843E-05 3.18403E-05 4.77315E-03
3.17634E-05 3.98514E-05 4.75866E-03 1.69099E-04 2.60210E-04 2.43948E-02 9.56333E-02 3.55689E-04 3.98514E-05 3.17634E-05 4.60253E-03
3.16567E-05 3.94108E-05 4.66843E-03 1.63670E-04 2.51341E-04 2.36462E-02 9.30200E-02 3.44898E-04 3.94108E-05 3.16567E-05 4.44186E-03
3.15247E-05 3.89653E-05 4.58134E-03 1.58540E-04 2.42976E-04 2.29366E-02 9.05332E-02 3.34669E-04 3.89653E-05 3.15247E-05 4.29037E-03
3.13717E-05 3.85172E-05 4.49723E-03 1.53686E-04 2.35077E-04 2.22632E-02 8.81640E-02 3.24961E-04 3.85172E-05 3.13717E-05 4.14740E-03
3.12010E-05 3.80688E-05 4.41595E-03 1.49087E-04 2.27607E-04 2.16235E-02 8.59045E-02 3.15736E-04 3.80688E-05 3.12010E-05 4.01233E-03
3.10159E-05 3.76218E-05 4.33737E-03 1.44725E-04 2.20535E-04 2.10149E-02 8.37474E-02 3.06961E-04 3.76218E-05 3.10159E-05 3.88460E-03
3.08190E-05 3.71777E-05 4.26136E-03 1.40583E-04 2.13832E-04 2.04355E-02 8.16859E-02 2.98606E-04 3.71777E-05 3.08190E-05 3.76371E-03
3.06127E-05 3.67378E-05 4.18780E-03 1.36647E-04 2.07472E-04 1.98831E-02 7.97141E-02 2.90643E-04 3.67378E-05 3.06127E-05 3.64919E-03
3.03992E-05 3.63032E-05 4.11657E-03 1.32903E-04 2.01431E-04 1.93561E-02 7.78262E-02 2.83046E-04 3.63032E-05 3.03992E-05 3.54062E-03
3.01801E-05 3.58749E-05 4.04757E-03 1.29337E-04 1.95687E-04 1.88528E-02 7.60172E-02 2.75792E-04 3.58749E-05 3.01801E-05 3.43760E-03
2.99571E-05 3.54535E-05 3.98069E-03 1.25940E-04 1.90220E-04 1.83717E-02 7.42823E-02 2.68860E-04 3.54535E-05 2.99571E-05 3.33977E-03
2.97316E-05 3.50398E-05 3.91585E-03 1.22699E-04 1.85013E-04 1.79113E-02 7.26172E-02 2.62229E-04 3.50398E-05 2.97316E-05 3.24681E-03
2.95047E-05 3.46343E-05 3.85294E-03 1.19605E-04 1.80049E-04 1.74706E-02 7.10178E-02 2.55883E-04 3.46343E-05 2.95047E-05 3.15841E-03
2.92775E-05 3.42373E-05 3.79190E-03 1.16650E-04 1.75312E-04 1.70482E-02 6.94803E-02 2.49804E-04 3.42373E-05 2.92775E-05 3.07428E-03
2.90508E-05 3.38493E-05 3.73264E-03 1.13826E-04 1.70790E-04 1.66431E-02 6.80015E-02 2.43977E-04 3.38493E-05 2.90508E-05 2.99416E-03
2.88255E-05 3.34703E-05 3.67508E-03 1.11124E-04 1.66467E-04 1.62542E-02 6.65779E-02 2.38387E-04 3.34703E-05 2.88255E-05 2.91782E-03
2.86021E-05 3.31007E-05 3.61915E-03 1.08538E-04 1.62334E-04 1.58808E-02 6.52068E-02 2.33022E-04 3.31007E-05 2.86021E-05 2.84502E-03
2.83813E-05 3.27405E-05 3.56479E-03 1.06060E-04 1.58379E-04 1.55219E-02 6.38852E-02 2.27869E-04 3.27405E-05 2.83813E-05 2.77556E-03
2.81635E-05 3.23899E-05 3.51192E-03 1.03687E-04 1.54591E-04 1.51767E-02 6.26107E-02 2.22916E-04 3.23899E-05 2.81635E-05 2.70924E-03
2.79491E-05 3.20487E-05 3.46051E-03 1.01410E-04 1.50961E-04 1.48445E-02 6.13808E-02 2.18154E-04 3.20487E-05 2.79491E-05 2.64588E-03
0.00000E+00 0.00000E+00 1.35614E-02 1.04327E-04 1.86008E-04 4.55520E-02 2.11986E-01 5.01161E-04 0.00000E+00 0.00000E+00 4.37591E-04
0.00000E+00 0.00000E+00 1.21709E-02 8.13301E-05 1.46564E-04 3.79513E-02 1.80893E-01 4.12143E-04 0.00000E+00 0.00000E+00 1.55052E-03
0.00000E+00 -9.48352E-08 1.10591E-02 6.65555E-05 1.20471E-04 3.24880E-02 1.57960E-01 3.49866E-04 -9.48352E-08 0.00000E+00 2.07110E-03
0.00000E+00 2.36659E-07 1.01341E-02 5.62599E-05 1.01834E-04 2.83114E-02 1.40043E-01 3.03240E-04 2.36659E-07 0.00000E+00 2.29818E-03
0.00000E+00 7.97746E-07 9.34661E-03 4.86852E-05 8.78467E-05 2.49971E-02 1.25554E-01 2.66830E-04 7.97746E-07 0.00000E+00 2.36781E-03
0.00000E+00 1.41497E-06 8.66790E-03 4.29108E-05 7.70161E-05 2.23080E-02 1.13599E-01 2.37660E-04 1.41497E-06 0.00000E+00 2.35297E-03
0.00000E+00 2.01037E-06 8.07677E-03 3.83780E-05 6.84119E-05 2.00862E-02 1.03571E-01 2.13800E-04 2.01037E-06 0.00000E+00 2.29273E-03
0.00000E+00 2.54938E-06 7.55722E-03 3.47297E-05 6.14279E-05 1.82225E-02 9.50431E-02 1.93943E-04 2.54938E-06 0.00000E+00 2.20869E-03
2.73457E-07 3.03936E-06 7.09945E-03 3.17692E-05 5.57092E-05 1.66478E-02 8.77450E-02 1.77288E-04 3.03936E-06 2.73457E-07 2.11258E-03
9.14035E-07 3.49096E-06 6.69267E-03 2.93366E-05 5.09631E-05 1.53002E-02 8.14265E-02 1.63138E-04 3.49096E-06 9.14035E-07 2.01097E-03
1.46590E-06 3.86670E-06 6.32514E-03 2.72478E-05 4.68910E-05 1.41236E-02 7.58495E-02 1.50819E-04 3.86670E-06 1.46590E-06 1.90861E-03
1.93074E-06 4.16615E-06 5.99156E-03 2.54238E-05 4.33527E-05 1.30887E-02 7.08949E-02 1.39999E-04 4.16615E-06 1.93074E-06 1.80793E-03
2.31393E-06 4.39319E-06 5.68756E-03 2.38077E-05 4.02440E-05 1.21726E-02 6.64677E-02 1.30421E-04 4.39319E-06 2.31393E-06 1.71038E-03
2.62262E-06 4.55388E-06 5.40945E-03 2.23580E-05 3.74858E-05 1.13571E-02 6.24907E-02 1.21883E-04 4.55388E-06 2.62262E-06 1.61676E-03
2.86458E-06 4.65517E-06 5.15417E-03 2.10437E-05 3.50177E-05 1.06272E-02 5.89012E-02 1.14225E-04 4.65517E-06 2.86458E-06 1.52750E-03
3.04760E-06 4.70424E-06 4.91908E-03 1.98416E-05 3.27926E-05 9.97088E-03 5.56473E-02 1.07318E-04 4.70424E-06 3.04760E-06 1.44278E-03
3.17914E-06 4.70807E-06 4.70194E-03 1.87342E-05 3.07736E-05 9.37809E-03 5.26860E-02 1.01058E-04 4.70807E-06 3.17914E-06 1.36265E-03
3.26617E-06 4.67323E-06 4.50084E-03 1.77078E-05 2.89311E-05 8.84055E-03 4.99809E-02 9.53581E-05 4.67323E-06 3.26617E-06 1.28703E-03
3.31508E-06 4.60578E-06 4.31412E-03 1.67518E-05 2.72415E-05 8.35130E-03 4.75017E-02 9.01483E-05 4.60578E-06 3.31508E-06 1.21580E-03
3.33165E-06 4.51123E-06 4.14033E-03 1.58581E-05 2.56857E-05 7.90449E-03 4.52224E-02 8.53688E-05 4.51123E-06 3.33165E-06 1.14881E-03
3.32106E-06 4.39452E-06 3.97823E-03 1.50198E-05 2.42479E-05 7.49514E-03 4.31208E-02 8.09697E-05 4.39452E-06 3.32106E-06 1.08587E-03
3.28795E-06 4.26006E-06 3.82671E-03 1.42318E-05 2.29150E-05 7.11901E-03 4.11778E-02 7.69088E-05 4.26006E-06 3.28795E-06 1.02680E-03
3.23642E-06 4.11175E-06 3.68481E-03 1.34897E-05 2.16762E-05 6.77245E-03 3.93770E-02 7.31500E-05 4.11175E-06 3.23642E-06 9.71417E-04
3.17009E-06 3.95304E-06 3.55167E-03 1.27899E-05 2.05222E-05 6.45232E-03 3.77040E-02 6.96625E-05 3.95304E-06 3.17009E-06 9.19523E-04
3.09215E-06 3.78693E-06 3.42653E-03 1.21294E-05 1.94454E-05 6.15589E-03 3.61463E-02 6.64196E-05 3.78693E-06 3.09215E-06 8.70937E-04
3.00540E-06 3.61606E-06 3.30872E-03 1.15056E-05 1.84390E-05 5.88078E-03 3.46929E-02 6.33980E-05 3.61606E-06 3.00540E-06 8.25479E-04
2.91227E-06 3.44270E-06 3.19765E-03 1.09163E-05 1.74973E-05 5.62492E-03 3.33343E-02 6.05777E-05 3.44270E-06 2.91227E-06 7.82976E-04
2.81488E-06 3.26883E-06 3.09277E-03 1.03596E-05 1.66152E-05 5.38649E-03 3.20619E-02 5.79407E-05 3.26883E-06 2.81488E-06 7.43262E-04
2.71507E-06 3.09614E-06 2.99359E-03 9.83388E-06 1.57883E-05 5.16388E-03 3.08682E-02 5.54716E-05 3.09614E-06 2.71507E-06 7.06181E-04
2.61442E-06 2.92608E-06 2.89970E-03 9.33751E-06 1.50127E-05 4.95567E-03 2.97465E-02 5.31564E-05 2.92608E-06 2.61442E-06 6.71580E-04
2.51430E-06 2.75987E-06 2.81069E-03 8.86915E-06 1.42849E-05 4.76059E-03 2.86907E-02 5.09830E-05 2.75987E-06 2.51430E-06 6.39316E-04
2.41585E-06 2.59855E-06 2.72621E-03 8.42752E-06 1.36019E-05 4.57753E-03 2.76956E-02 4.89402E-05 2.59855E-06 2.41585E-06 6.09253E-04
2.32008E-06 2.44298E-06 2.64593E-03 8.01147E-06 1.29608E-05 4.40548E-03 2.67563E-02 4.70182E-05 2.44298E-06 2.32008E-06 5.81261E-04
2.22780E-06 2.29388E-06 2.56958E-03 7.61990E-06 1.23591E-05 4.24355E-03 2.58686E-02 4.52083E-05 2.29388E-06 2.22780E-06 5.55219E-04
2.13970E-06 2.15181E-06 2.49687E-03 7.25179E-06 1.17945E-05 4.09092E-03 2.50285E-02 4.35023E-05 2.15181E-06 2.13970E-06 5.31010E-04
2.05637E-06 2.01725E-06 2.42756E-03 6.90616E-06 1.12648E-05 3.94689E-03 2.42324E-02 4.18932E-05 2.01725E-06 2.05637E-06 5.08524E-04
1.97826E-06 1.89054E-06 2.36145E-03 6.58210E-06 1.07681E-05 3.81078E-03 2.34773E-02 4.03742E-05 1.89054E-06 1.97826E-06 4.87656E-04
1.90575E-06 1.77196E-06 2.29831E-03 6.27874E-06 1.03027E-05 3.68202E-03 2.27602E-02 3.89394E-05 1.77196E-06 1.90575E-06 4.68310E-04
1.83911E-06 1.66170E-06 2.23796E-03 5.99522E-06 9.86667E-06 3.56005E-03 2.20784E-02 3.75834E-05 1.66170E-06 1.83911E-06 4.50391E-04
1.77857E-06 1.55988E-06 2.18024E-03 5.73075E-06 9.45865E-06 3.44441E-03 2.14296E-02 3.63011E-05 1.55988E-06 1.77857E-06 4.33812E-04
1.72428E-06 1.46655E-06 2.12497E-03 5.48456E-06 9.07712E-06 3.33464E-03 2.08116E-02 3.50880E-05 1.46655E-06 1.72428E-06 4.18489E-04
1.67633E-06 1.38173E-06 2.07203E-03 5.25589E-06 8.72074E-06 3.23034E-03 2.02224E-02 3.39397E-05 1.38173E-06 1.67633E-06 4.04343E-04
1.63477E-06 1.30538E-06 2.02126E-03 5.04402E-06 8.38821E-06 3.13114E-03 1.96600E-02 3.28525E-05 1.30538E-06 1.63477E-06 3.91301E-04
1.59962E-06 1.23743E-06 1.97256E-03 4.84826E-06 8.07834E-06 3.03671E-03 1.91229E-02 3.18226E-05 1.23743E-06 1.59962E-06 3.79292E-04
1.57083E-06 1.17778E-06 1.92579E-03 4.66794E-06 7.78999E-06 2.94673E-03 1.86095E-02 3.08468E-05 1.17778E-06 1.57083E-06 3.68250E-04
1.54836E-06 1.12628E-06 1.88086E-03 4.50241E-06 7.52209E-06 2.86092E-03 1.81182E-02 2.99219E-05 1.12628E-06 1.54836E-06 3.58112E-04
1.53211E-06 1.08277E-06 1.83765E-03 4.35104E-06 7.27361E-06 2.77902E-03 1.76479E-02 2.90451E-05 1.08277E-06 1.53211E-06 3.48818E-04
1.52198E-06 1.04709E-06 1.79609E-03 4.21322E-06 7.04360E-06 2.70078E-03 1.71972E-02 2.82137E-05 1.04709E-06 1.52198E-06 3.40314E-04
1.51783E-06 1.01903E-06 1.75609E-03 4.08836E-06 6.83115E-06 2.62599E-03 1.67651E-02 2.74251E-05 1.01903E-06 1.51783E-06 3.32545E-04
1.51952E-06 9.98388E-07 1.71756E-03 3.97589E-06 6.63538E-06 2.55444E-03 1.63504E-02 2.66771E-05 9.98388E-07 1.51952E-06 3.25463E-04
0.00000E+00 0.00000E+00 6.02797E-03 1.95530E-06 2.82693E-06 3.47132E-03 3.82124E-02 2.46475E-05 0.00000E+00 0.00000E+00 -3.53001E-04
0.00000E+00 0.00000E+00 4.87222E-03 1.01234E-06 1.69163E-06 2.70157E-03 3.05536E-02 1.78566E-05 0.00000E+00 0.00000E+00 -2.69122E-04
0.00000E+00 3.42795E-07 4.06253E-03 1.08356E-06 1.63525E-06 2.18431E-03 2.52576E-02 1.42920E-05 3.42795E-07 0.00000E+00 -2.16079E-04
0.00000E+00 1.11649E-06 3.45765E-03 1.58348E-06 2.04305E-06 1.81098E-03 2.13418E-02 1.23681E-05 1.11649E-06 0.00000E+00 -1.63125E-04
0.00000E+00 1.97839E-06 2.98762E-03 2.22463E-06 2.61407E-06 1.52934E-03 1.83253E-02 1.13229E-05 1.97839E-06 0.00000E+00 -1.08115E-04
0.00000E+00 2.79349E-06 2.61360E-03 2.86142E-06 3.19566E-06 1.31098E-03 1.59429E-02 1.07546E-05 2.79349E-06 0.00000E+00 -5.39560E-05
0.00000E+00 3.49878E-06 2.31012E-03 3.42272E-06 3.71240E-06 1.13786E-03 1.40226E-02 1.04344E-05 3.49878E-06 0.00000E+00 -4.02204E-06
0.00000E+00 4.06831E-06 2.05980E-03 3.87627E-06 4.12923E-06 9.97997E-04 1.24481E-02 1.02293E-05 4.06831E-06 0.00000E+00 3.94008E-05
2.65475E-07 4.57880E-06 1.85168E-03 4.29486E-06 4.51738E-06 8.83915E-04 1.11458E-02 1.01479E-05 4.57880E-06 2.65475E-07 7.46645E-05
8.42489E-07 5.03817E-06 1.67629E-03 4.68227E-06 4.87929E-06 7.89445E-04 1.00534E-02 1.01470E-05 5.03817E-06 8.42489E-07 1.01375E-04
1.27868E-06 5.31729E-06 1.52519E-03 4.90439E-06 5.07946E-06 7.09288E-04 9.11682E-03 1.00586E-05 5.31729E-06 1.27868E-06 1.20799E-04
1.58645E-06 5.43915E-06 1.39398E-03 4.98189E-06 5.13799E-06 6.40652E-04 8.30735E-03 9.88344E-06 5.43915E-06 1.58645E-06 1.33610E-04
1.78037E-06 5.42659E-06 1.27925E-03 4.93568E-06 5.07528E-06 5.81401E-04 7.60262E-03 9.62774E-06 5.42659E-06 1.78037E-06 1.40615E-04
1.87550E-06 5.30116E-06 1.17828E-03 4.78565E-06 4.91088E-06 5.29875E-04 6.98503E-03 9.30074E-06 5.30116E-06 1.87550E-06 1.42670E-04
1.88647E-06 5.08256E-06 1.08890E-03 4.55014E-06 4.66281E-06 4.84770E-04 6.44058E-03 8.91287E-06 5.08256E-06 1.88647E-06 1.40613E-04
1.82697E-06 4.78842E-06 1.00937E-03 4.24561E-06 4.34730E-06 4.45049E-04 5.95801E-03 8.47470E-06 4.78842E-06 1.82697E-06 1.35228E-04
1.70945E-06 4.43434E-06 9.38269E-04 3.88667E-06 3.97876E-06 4.09877E-04 5.52816E-03 7.99641E-06 4.43434E-06 1.70945E-06 1.27227E-04
1.54511E-06 4.03393E-06 8.74418E-04 3.48610E-06 3.56980E-06 3.78579E-04 5.14352E-03 7.48745E-06 4.03393E-06 1.54511E-06 1.17241E-04
1.34384E-06 3.59897E-06 8.16849E-04 3.05494E-06 3.13133E-06 3.50600E-04 4.79790E-03 6.95635E-06 3.59897E-06 1.34384E-06 1.05820E-04
1.11432E-06 3.13958E-06 7.64750E-04 2.60272E-06 2.67275E-06 3.25484E-04 4.48614E-03 6.41072E-06 3.13958E-06 1.11432E-06 9.34323E-05
8.64046E-07 2.66440E-06 7.17439E-04 2.13754E-06 2.20206E-06 3.02851E-04 4.20390E-03 5.85722E-06 2.66440E-06 8.64046E-07 8.04755E-05
5.99515E-07 2.18075E-06 6.74340E-04 1.66626E-06 1.72605E-06 2.82384E-04 3.94754E-03 5.30160E-06 2.18075E-06 5.99515E-07 6.72800E-05
3.26265E-07 1.69479E-06 6.34961E-04 1.19467E-06 1.25041E-06 2.63814E-04 3.71396E-03 4.74881E-06 1.69479E-06 3.26265E-07 5.41176E-05
4.89986E-08 1.21167E-06 5.98882E-04 7.27577E-07 7.79889E-07 2.46914E-04 3.50052E-03 4.20301E-06 1.21167E-06 4.89986E-08 4.12085E-05
-2.28317E-07 7.35662E-07 5.65742E-04 2.68955E-07 3.18401E-07 2.31492E-04 3.30495E-03 3.66771E-06 7.35662E-07 -2.28317E-07 2.87283E-05
-5.02364E-07 2.70270E-07 5.35227E-04 -1.77935E-07 -1.30848E-07 2.17381E-04 3.12529E-03 3.14581E-06 2.70270E-07 -5.02364E-07 1.68143E-05
-7.70396E-07 -1.81657E-07 5.07067E-04 -6.10461E-07 -5.65273E-07 2.04439E-04 2.95985E-03 2.63966E-06 -1.81657E-07 -7.70396E-07 5.57126E-06
-1.03016E-06 -6.17837E-07 4.81025E-04 -1.02653E-06 -9.82823E-07 1.92542E-04 2.80717E-03 2.15115E-06 -6.17837E-07 -1.03016E-06 -4.92389E-06
-1.27982E-06 -1.03647E-06 4.56894E-04 -1.42451E-06 -1.38190E-06 1.81582E-04 2.66595E-03 1.68178E-06 -1.03647E-06 -1.27982E-06 -1.46172E-05
-1.51793E-06 -1.43619E-06 4.34491E-04 -1.80315E-06 -1.76130E-06 1.71466E-04 2.53508E-03 1.23268E-06 -1.43619E-06 -1.51793E-06 -2.34742E-05
-1.74335E-06 -1.81595E-06 4.13657E-04 -2.16156E-06 -2.12015E-06 1.62111E-04 2.41356E-03 8.04678E-07 -1.81595E-06 -1.74335E-06 -3.14762E-05
-1.95523E-06 -2.17504E-06 3.94248E-04 -2.49912E-06 -2.45786E-06 1.53446E-04 2.30052E-03 3.98347E-07 -2.17504E-06 -1.95523E-06 -3.86178E-05
-2.15292E-06 -2.51299E-06 3.76140E-04 -2.81544E-06 -2.77407E-06 1.45407E-04 2.19519E-03 1.40318E-08 -2.51299E-06 -2.15292E-06 -4.49042E-05
-2.33600E-06 -2.82955E-06 3.59219E-04 -3.11035E-06 -3.06863E-06 1.37937E-04 2.09688E-03 -3.48111E-07 -2.82955E-06 -2.33600E-06 -5.03492E-05
-2.50422E-06 -3.12463E-06 3.43386E-04 -3.38386E-06 -3.34157E-06 1.30986E-04 2.00498E-03 -6.88085E-07 -3.12463E-06 -2.50422E-06 -5.49733E-05
-2.65747E-06 -3.39833E-06 3.28550E-04 -3.63608E-06 -3.59304E-06 1.24509E-04 1.91894E-03 -1.00603E-06 -3.39833E-06 -2.65747E-06 -5.88027E-05
-2.79573E-06 -3.65085E-06 3.14630E-04 -3.86729E-06 -3.82330E-06 1.18466E-04 1.83829E-03 -1.30219E-06 -3.65085E-06 -2.79573E-06 -6.18672E-05
-2.91914E-06 -3.88249E-06 3.01555E-04 -4.07783E-06 -4.03273E-06 1.12822E-04 1.76256E-03 -1.57693E-06 -3.88249E-06 -2.91914E-06 -6.41999E-05
-3.02787E-06 -4.09365E-06 2.89259E-04 -4.26813E-06 -4.22178E-06 1.07544E-04 1.69139E-03 -1.83064E-06 -4.09365E-06 -3.02787E-06 -6.58362E-05
-3.12219E-06 -4.28479E-06 2.77683E-04 -4.43869E-06 -4.39095E-06 1.02603E-04 1.62440E-03 -2.06383E-06 -4.28479E-06 -3.12219E-06 -6.68126E-05
-3.20241E-06 -4.45644E-06 2.66772E-04 -4.59005E-06 -4.54079E-06 9.79736E-05 1.56127E-03 -2.27702E-06 -4.45644E-06 -3.20241E-06 -6.71666E-05
-3.26890E-06 -4.60915E-06 2.56479E-04 -4.72280E-06 -4.67191E-06 9.36313E-05 1.50172E-03 -2.47079E-06 -4.60915E-06 -3.26890E-06 -6.69360E-05
-3.32207E-06 -4.74351E-06 2.46758E-04 -4.83754E-06 -4.78492E-06 8.95550E-05 1.44549E-03 -2.64572E-06 -4.74351E-06 -3.32207E-06 -6.61587E-05
-3.36233E-06 -4.86015E-06 2.37570E-04 -4.93490E-06 -4.88046E-06 8.57251E-05 1.39232E-03 -2.80246E-06 -4.86015E-06 -3.36233E-06 -6.48719E-05
-3.39014E-06 -4.95969E-06 2.28877E-04 -5.01554E-06 -4.95920E-06 8.21237E-05 1.34201E-03 -2.94164E-06 -4.95969E-06 -3.39014E-06 -6.31124E-05
-3.40597E-06 -5.04279E-06 2.20647E-04 -5.08011E-06 -5.02179E-06 7.87347E-05 1.29435E-03 -3.06389E-06 -5.04279E-06 -3.40597E-06 -6.09160E-05
-3.41029E-06 -5.11009E-06 2.12847E-04 -5.12926E-06 -5.06891E-06 7.55432E-05 1.24916E-03 -3.16988E-06 -5.11009E-06 -3.41029E-06 -5.83177E-05
-3.40358E-06 -5.16225E-06 2.05449E-04 -5.16366E-06 -5.10120E-06 7.25356E-05 1.20628E-03 -3.26026E-06 -5.16225E-06 -3.40358E-06 -5.53511E-05
-3.38633E-06 -5.19990E-06 1.98428E-04 -5.18395E-06 -5.11934E-06 6.96996E-05 1.16555E-03 -3.33567E-06 -5.19990E-06 -3.38633E-06 -5.20487E-05
-3.35902E-06 -5.22371E-06 1.91759E-04 -5.19078E-06 -5.12397E-06 6.70236E-05 1.12683E-03 -3.39676E-06 -5.22371E-06 -3.35902E-06 -4.84418E-05
0.00000E+00 0.00000E+00 -5.47256E-06 -2.55896E-06 -2.31678E-06 -2.23241E-06 6.01595E-06 -2.91930E-05 0.00000E+00 0.00000E+00 -9.67325E-04
0.00000E+00 0.00000E+00 -2.13957E-06 -3.36340E-07 -5.89259E-08 -1.86933E-07 5.35013E-06 -2.06707E-05 0.00000E+00 0.00000E+00 -1.24228E-03
0.00000E+00 3.30762E-06 2.63638E-06 3.49585E-06 3.78347E-06 3.49187E-06 7.39990E-06 -1.16835E-05 3.30762E-06 0.00000E+00 -1.19999E-03
0.00000E+00 7.80309E-06 7.17923E-06 7.26827E-06 7.55164E-06 7.13823E-06 1.00070E-05 -3.65236E-06 7.80309E-06 0.00000E+00 -1.01424E-03
0.00000E+00 1.14759E-05 1.09184E-05 1.03900E-05 1.06604E-05 1.01595E-05 1.23392E-05 3.00498E-06 1.14759E-05 0.00000E+00 -7.78241E-04
0.00000E+00 1.42097E-05 1.37214E-05 1.27069E-05 1.29591E-05 1.23995E-05 1.41097E-05 8.25307E-06 1.42097E-05 0.00000E+00 -5.40826E-04
0.00000E+00 1.60576E-05 1.56343E-05 1.42429E-05 1.44741E-05 1.38793E-05 1.52608E-05 1.22181E-05 1.60576E-05 0.00000E+00 -3.26219E-04
0.00000E+00 1.71317E-05 1.67667E-05 1.50879E-05 1.52967E-05 1.46857E-05 1.58302E-05 1.50753E-05 1.71317E-05 0.00000E+00 -1.44521E-04
6.72628E-07 1.76666E-05 1.73526E-05 1.54613E-05 1.56478E-05 1.50364E-05 1.60043E-05 1.71038E-05 1.76666E-05 6.72628E-07 3.86627E-07
1.98532E-06 1.77644E-05 1.74942E-05 1.54511E-05 1.56160E-05 1.50171E-05 1.58475E-05 1.84541E-05 1.77644E-05 1.98532E-06 1.10124E-04
2.79125E-06 1.73461E-05 1.71138E-05 1.49650E-05 1.51089E-05 1.45313E-05 1.52516E-05 1.90976E-05 1.73461E-05 2.79125E-06 1.90822E-04
3.18463E-06 1.65256E-05 1.63260E-05 1.41094E-05 1.42332E-05 1.36838E-05 1.43130E-05 1.91752E-05 1.65256E-05 3.18463E-06 2.46471E-04
3.24795E-06 1.53992E-05 1.52275E-05 1.29743E-05 1.30792E-05 1.25632E-05 1.31148E-05 1.88062E-05 1.53992E-05 3.24795E-06 2.81141E-04
3.05184E-06 1.40470E-05 1.38993E-05 1.16348E-05 1.17221E-05 1.12435E-05 1.17269E-05 1.80901E-05 1.40470E-05 3.05184E-06 2.98673E-04
2.65591E-06 1.25350E-05 1.24076E-05 1.01528E-05 1.02237E-05 9.78544E-06 1.02074E-05 1.71096E-05 1.25350E-05 2.65591E-06 3.02520E-04
2.10988E-06 1.09168E-05 1.08069E-05 8.57861E-06 8.63454E-06 8.23858E-06 8.60408E-06 1.59328E-05 1.09168E-05 2.10988E-06 2.95696E-04
1.45490E-06 9.23611E-06 9.14093E-06 6.95304E-06 6.99524E-06 6.64290E-06 6.95554E-06 1.46153E-05 9.23611E-06 1.45490E-06 2.80770E-04
7.24726E-07 7.52772E-06 7.44508E-06 5.30865E-06 5.33839E-06 5.03036E-06 5.29288E-06 1.32026E-05 7.52772E-06 7.24726E-07 2.59898E-04
-5.31305E-08 5.81940E-06 5.74738E-06 3.67126E-06 3.68978E-06 3.42628E-06 3.64077E-06 1.17314E-05 5.81940E-06 -5.31305E-08 2.34861E-04
-8.56434E-07 4.13297E-06 4.06990E-06 2.06112E-06 2.06958E-06 1.85045E-06 2.01862E-06 1.02312E-05 4.13297E-06 -8.56434E-07 2.07113E-04
-1.66736E-06 2.48536E-06 2.42984E-06 4.93851E-07 4.93376E-07 3.18119E-07 4.41392E-07 8.72575E-06 2.48536E-06 -1.66736E-06 1.77828E-04
-2.47174E-06 8.89537E-07 8.40324E-07 -1.01870E-06 -1.02705E-06 -1.15917E-06 -1.07955E-06 7.23377E-06 8.89537E-07 -2.47174E-06 1.47938E-04
-3.25847E-06 -6.44838E-07 -6.88789E-07 -2.46776E-06 -2.48299E-06 -2.57291E-06 -2.53580E-06 5.76997E-06 -6.44838E-07 -3.25847E-06 1.18176E-04
-4.01895E-06 -2.11075E-06 -2.15035E-06 -3.84709E-06 -3.86826E-06 -3.91706E-06 -3.92141E-06 4.34573E-06 -2.11075E-06 -4.01895E-06 8.91075E-05
-4.74667E-06 -3.50337E-06 -3.53938E-06 -5.15246E-06 -5.17870E-06 -5.18760E-06 -5.23236E-06 2.96972E-06 -3.50337E-06 -4.74667E-06 6.11612E-05
-5.43682E-06 -4.81958E-06 -4.85268E-06 -6.38131E-06 -6.41178E-06 -6.38209E-06 -6.46624E-06 1.64835E-06 -4.81958E-06 -5.43682E-06 3.46518E-05
-6.08597E-06 -6.05769E-06 -6.08845E-06 -7.53237E-06 -7.56630E-06 -7.49940E-06 -7.62191E-06 3.86220E-07 -6.05769E-06 -6.08597E-06 9.80265E-06
-6.69184E-06 -7.21715E-06 -7.24606E-06 -8.60542E-06 -8.64211E-06 -8.53940E-06 -8.69925E-06 -8.13562E-07 -7.21715E-06 -6.69184E-06 -1.32373E-05
-7.25306E-06 -8.29826E-06 -8.32575E-06 -9.60108E-06 -9.63986E-06 -9.50279E-06 -9.69895E-06 -1.94909E-06 -8.29826E-06 -7.25306E-06 -3.43786E-05
-7.76901E-06 -9.30204E-06 -9.32848E-06 -1.05206E-05 -1.05609E-05 -1.03909E-05 -1.06223E-05 -3.01943E-06 -9.30204E-06 -7.76901E-06 -5.35791E-05
-8.23967E-06 -1.02301E-05 -1.02558E-05 -1.13658E-05 -1.14069E-05 -1.12055E-05 -1.14711E-05 -4.02443E-06 -1.02301E-05 -8.23967E-06 -7.08340E-05
-8.66547E-06 -1.10843E-05 -1.11095E-05 -1.21387E-05 -1.21802E-05 -1.19488E-05 -1.22475E-05 -4.96456E-06 -1.10843E-05 -8.66547E-06 -8.61676E-05
-9.04722E-06 -1.18671E-05 -1.18920E-05 -1.28418E-05 -1.28832E-05 -1.26232E-05 -1.29540E-05 -5.84078E-06 -1.18671E-05 -9.04722E-06 -9.96260E-05
-9.38604E-06 -1.25808E-05 -1.26057E-05 -1.34776E-05 -1.35185E-05 -1.32314E-05 -1.35931E-05 -6.65443E-06 -1.25808E-05 -9.38604E-06 -1.11272E-04
-9.68322E-06 -1.32283E-05 -1.32532E-05 -1.40490E-05 -1.40888E-05 -1.37761E-05 -1.41677E-05 -7.40714E-06 -1.32283E-05 -9.68322E-06 -1.21182E-04
-9.94025E-06 -1.38122E-05 -1.38374E-05 -1.45587E-05 -1.45972E-05 -1.42600E-05 -1.46805E-05 -8.10078E-06 -1.38122E-05 -9.94025E-06 -1.29438E-04
-1.01587E-05 -1.43353E-05 -1.43608E-05 -1.50096E-05 -1.50463E-05 -1.46862E-05 -1.51343E-05 -8.73736E-06 -1.43353E-05 -1.01587E-05 -1.36130E-04
-1.03403E-05 -1.48006E-05 -1.48265E-05 -1.54045E-05 -1.54392E-05 -1.50573E-05 -1.55321E-05 -9.31899E-06 -1.48006E-05 -1.03403E-05 -1.41351E-04
-1.04867E-05 -1.52107E-05 -1.52372E-05 -1.57463E-05 -1.57786E-05 -1.53763E-05 -1.58766E-05 -9.84789E-06 -1.52107E-05 -1.04867E-05 -1.45194E-04
-1.05996E-05 -1.55685E-05 -1.55956E-05 -1.60378E-05 -1.60674E-05 -1.56458E-05 -1.61707E-05 -1.03263E-05 -1.55685E-05 -1.05996E-05 -1.47754E-04
-1.06809E-05 -1.58768E-05 -1.59045E-05 -1.62816E-05 -1.63084E-05 -1.58687E-05 -1.64171E-05 -1.07564E-05 -1.58768E-05 -1.06809E-05 -1.49123E-04
-1.07321E-05 -1.61382E-05 -1.61665E-05 -1.64804E-05 -1.65041E-05 -1.60476E-05 -1.66184E-05 -1.11405E-05 -1.61382E-05 -1.07321E-05 -1.49391E-04
-1.07551E-05 -1.63552E-05 -1.63842E-05 -1.66369E-05 -1.66572E-05 -1.61849E-05 -1.67772E-05 -1.14808E-05 -1.63552E-05 -1.07551E-05 -1.48646E-04
-1.07514E-05 -1.65304E-05 -1.65601E-05 -1.67534E-05 -1.67702E-05 -1.62832E-05 -1.68960E-05 -1.17795E-05 -1.65304E-05 -1.07514E-05 -1.46974E-04
-1.07227E-05 -1.66662E-05 -1.66967E-05 -1.68324E-05 -1.68455E-05 -1.63448E-05 -1.69771E-05 -1.20387E-05 -1.66662E-05 -1.07227E-05 -1.44456E-04
-1.06706E-05 -1.67650E-05 -1.67961E-05 -1.68761E-05 -1.68854E-05 -1.63720E-05 -1.70228E-05 -1.22604E-05 -1.67650E-05 -1.06706E-05 -1.41168E-04
-1.05965E-05 -1.68289E-05 -1.68608E-05 -1.68868E-05 -1.68921E-05 -1.63670E-05 -1.70354E-05 -1.24467E-05 -1.68289E-05 -1.05965E-05 -1.37186E-04
-1.05019E-05 -1.68601E-05 -1.68927E-05 -1.68665E-05 -1.68678E-05 -1.63319E-05 -1.70169E-05 -1.25994E-05 -1.68601E-05 -1.05019E-05 -1.32577E-04
-1.03883E-05 -1.68606E-05 -1.68939E-05 -1.68173E-05 -1.68144E-05 -1.62686E-05 -1.69693E-05 -1.27206E-05 -1.68606E-05 -1.03883E-05 -1.27409E-04
-1.02568E-05 -1.68324E-05 -1.68664E-05 -1.67411E-05 -1.67338E-05 -1.61790E-05 -1.68945E-05 -1.28119E-05 -1.68324E-05 -1.02568E-05 -1.21743E-04
---
