PdfType: replica
Format: lhagrid1
---
1.00000E-07 1.58489E-07 2.51189E-07 3.98107E-07 6.30957E-07 1.00000E-06 1.58489E-06 2.51189E-06 3.98107E-06 6.30957E-06 1.00000E-05 1.58489E-05 2.51189E-05 3.98107E-05 6.30957E-05 1.00000E-04 1.58489E-04 2.51189E-04 3.98107E-04 6.30957E-04 1.00000E-03 1.58489E-03 2.51189E-03 3.98107E-03 6.30957E-03 1.00000E-02 1.25893E-02 1.58489E-02 1.99526E-02 2.51189E-02 3.16228E-02 3.98107E-02 5.01187E-02 6.30957E-02 7.94328E-02 1.00000E-01 1.25900E-01 1.58500E-01 1.99500E-01 2.51200E-01 3.16200E-01 3.98100E-01 5.01200E-01 6.31000E-01 7.94300E-01 1.00000E+00
1.00000E+00 1.20679E+00 1.45635E+00 1.75751E+00 2.12095E+00 2.55955E+00 3.08884E+00 3.72759E+00 4.49843E+00 5.42868E+00 6.55129E+00 7.90604E+00 9.54095E+00 1.15140E+01 1.38950E+01 1.67683E+01 2.02359E+01 2.44205E+01 2.94705E+01 3.55648E+01 4.29193E+01 5.17947E+01 6.25055E+01 7.54312E+01 9.10298E+01 1.09854E+02 1.32571E+02 1.59986E+02 1.93070E+02 2.32995E+02 2.81177E+02 3.39322E+02 4.09492E+02 4.94171E+02 5.96362E+02 7.19686E+02 8.68511E+02 1.04811E+03 1.26486E+03 1.52642E+03 1.84207E+03 2.22300E+03 2.68270E+03 3.23746E+03 3.90694E+03 4.71487E+03 5.68987E+03 6.86649E+03 8.28643E+03 1.00000E+04
-5 -4 -3 -2 -1 1 2 3 4 5 21
0.00000E+00 0.00000E+00 2.24921E-01 2.69930E+00 2.69739E+00 2.69722E+00 2.69836E+00 2.25028E-01 0.00000E+00 0.00000E+00 -3.35019E+00
0.00000E+00 0.00000E+00 2.63944E-01 2.68222E+00 2.68026E+00 2.68014E+00 2.68148E+00 2.64041E-01 0.00000E+00 0.00000E+00 -8.97797E-01
0.00000E+00 1.08256E-01 4.04771E-01 2.77712E+00 2.77512E+00 2.77504E+00 2.77653E+00 4.04860E-01 1.08256E-01 0.00000E+00 2.80494E+00
0.00000E+00 3.54042E-01 6.49121E-01 2.98214E+00 2.98011E+00 2.98006E+00 2.98168E+00 6.49204E-01 3.54042E-01 0.00000E+00 8.13577E+00
0.00000E+00 7.03846E-01 9.97658E-01 3.29614E+00 3.29407E+00 3.29405E+00 3.29577E+00 9.97735E-01 7.03846E-01 0.00000E+00 1.55582E+01
0.00000E+00 1.15578E+00 1.44846E+00 3.71618E+00 3.71408E+00 3.71408E+00 3.71590E+00 1.44853E+00 1.15578E+00 0.00000E+00 2.54157E+01
0.00000E+00 1.70740E+00 1.99905E+00 4.23908E+00 4.23695E+00 4.23697E+00 4.23887E+00 1.99912E+00 1.70740E+00 0.00000E+00 3.79859E+01
0.00000E+00 2.35616E+00 2.64687E+00 4.86173E+00 4.85958E+00 4.85961E+00 4.86159E+00 2.64694E+00 2.35616E+00 0.00000E+00 5.34839E+01
2.60222E-01 3.04947E+00 3.33933E+00 5.53125E+00 5.52908E+00 5.52912E+00 5.53116E+00 3.33940E+00 3.04947E+00 2.60222E-01 7.22115E+01
9.95770E-01 3.76347E+00 4.05254E+00 6.22337E+00 6.22117E+00 6.22123E+00 6.22333E+00 4.05260E+00 3.76347E+00 9.95770E-01 9.42609E+01
1.83010E+00 4.57765E+00 4.86598E+00 7.01713E+00 7.01492E+00 7.01498E+00 7.01714E+00 4.86604E+00 4.57765E+00 1.83010E+00 1.19450E+02
2.76192E+00 5.49059E+00 5.77822E+00 7.91094E+00 7.90870E+00 7.90877E+00 7.91098E+00 5.77827E+00 5.49059E+00 2.76192E+00 1.47838E+02
3.78989E+00 6.50076E+00 6.78774E+00 8.90312E+00 8.90087E+00 8.90095E+00 8.90320E+00 6.78779E+00 6.50076E+00 3.78989E+00 1.79463E+02
4.91257E+00 7.60664E+00 7.89299E+00 9.99202E+00 9.98975E+00 9.98984E+00 9.99214E+00 7.89304E+00 7.60664E+00 4.91257E+00 2.14340E+02
6.12850E+00 8.80666E+00 9.09242E+00 1.11760E+01 1.11737E+01 1.11738E+01 1.11761E+01 9.09247E+00 8.80666E+00 6.12850E+00 2.52472E+02
7.43619E+00 1.00992E+01 1.03844E+01 1.24533E+01 1.24510E+01 1.24511E+01 1.24535E+01 1.03845E+01 1.00992E+01 7.43619E+00 2.93845E+02
8.83416E+00 1.14828E+01 1.17675E+01 1.38224E+01 1.38201E+01 1.38202E+01 1.38226E+01 1.17675E+01 1.14828E+01 8.83416E+00 3.38436E+02
1.03209E+01 1.29559E+01 1.32400E+01 1.52817E+01 1.52793E+01 1.52794E+01 1.52819E+01 1.32401E+01 1.29559E+01 1.03209E+01 3.86210E+02
1.18949E+01 1.45168E+01 1.48004E+01 1.68294E+01 1.68270E+01 1.68272E+01 1.68296E+01 1.48005E+01 1.45168E+01 1.18949E+01 4.37128E+02
1.35547E+01 1.61640E+01 1.64472E+01 1.84640E+01 1.84617E+01 1.84618E+01 1.84643E+01 1.64473E+01 1.61640E+01 1.35547E+01 4.91142E+02
1.52988E+01 1.78961E+01 1.81788E+01 2.01840E+01 2.01816E+01 2.01818E+01 2.01843E+01 1.81789E+01 1.78961E+01 1.52988E+01 5.48198E+02
1.71257E+01 1.97114E+01 1.99937E+01 2.19877E+01 2.19854E+01 2.19855E+01 2.19881E+01 1.99938E+01 1.97114E+01 1.71257E+01 6.08241E+02
1.90340E+01 2.16086E+01 2.18904E+01 2.38737E+01 2.38713E+01 2.38715E+01 2.38741E+01 2.18905E+01 2.16086E+01 1.90340E+01 6.71212E+02
2.10221E+01 2.35860E+01 2.38675E+01 2.58404E+01 2.58380E+01 2.58382E+01 2.58408E+01 2.38675E+01 2.35860E+01 2.10221E+01 7.37048E+02
2.30887E+01 2.56423E+01 2.59233E+01 2.78863E+01 2.78839E+01 2.78841E+01 2.78867E+01 2.59234E+01 2.56423E+01 2.30887E+01 8.05686E+02
2.52323E+01 2.77759E+01 2.80566E+01 3.00100E+01 3.00076E+01 3.00077E+01 3.00104E+01 2.80566E+01 2.77759E+01 2.52323E+01 8.77062E+02
2.74515E+01 2.99855E+01 3.02658E+01 3.22099E+01 3.22075E+01 3.22076E+01 3.22103E+01 3.02658E+01 2.99855E+01 2.74515E+01 9.51111E+02
2.97450E+01 3.22695E+01 3.25495E+01 3.44847E+01 3.44822E+01 3.44824E+01 3.44851E+01 3.25496E+01 3.22695E+01 2.97450E+01 1.02777E+03
3.21112E+01 3.46268E+01 3.49064E+01 3.68329E+01 3.68304E+01 3.68306E+01 3.68333E+01 3.49064E+01 3.46268E+01 3.21112E+01 1.10696E+03
3.45489E+01 3.70557E+01 3.73350E+01 3.92531E+01 3.92506E+01 3.92508E+01 3.92536E+01 3.73351E+01 3.70557E+01 3.45489E+01 1.18864E+03
3.70568E+01 3.95551E+01 3.98341E+01 4.17440E+01 4.17415E+01 4.17417E+01 4.17445E+01 3.98341E+01 3.95551E+01 3.70568E+01 1.27272E+03
3.96334E+01 4.21235E+01 4.24021E+01 4.43042E+01 4.43017E+01 4.43019E+01 4.43047E+01 4.24022E+01 4.21235E+01 3.96334E+01 1.35916E+03
4.22776E+01 4.47596E+01 4.50380E+01 4.69324E+01 4.69298E+01 4.69300E+01 4.69328E+01 4.50380E+01 4.47596E+01 4.22776E+01 1.44788E+03
4.49880E+01 4.74622E+01 4.77403E+01 4.96272E+01 4.96247E+01 4.96248E+01 4.96277E+01 4.77403E+01 4.74622E+01 4.49880E+01 1.53882E+03
4.77634E+01 5.02300E+01 5.05078E+01 5.23874E+01 5.23849E+01 5.23851E+01 5.23879E+01 5.05078E+01 5.02300E+01 4.77634E+01 1.63192E+03
5.06025E+01 5.30617E+01 5.33392E+01 5.52118E+01 5.52092E+01 5.52094E+01 5.52123E+01 5.33392E+01 5.30617E+01 5.06025E+01 1.72713E+03
5.35041E+01 5.59561E+01 5.62333E+01 5.80990E+01 5.80965E+01 5.80966E+01 5.80996E+01 5.62333E+01 5.59561E+01 5.35041E+01 1.82437E+03
5.64669E+01 5.89120E+01 5.91889E+01 6.10479E+01 6.10454E+01 6.10455E+01 6.10485E+01 5.91889E+01 5.89120E+01 5.64669E+01 1.92361E+03
5.94900E+01 6.19282E+01 6.22048E+01 6.40573E+01 6.40547E+01 6.40549E+01 6.40579E+01 6.22048E+01 6.19282E+01 5.94900E+01 2.02477E+03
6.25720E+01 6.50035E+01 6.52799E+01 6.71260E+01 6.71234E+01 6.71236E+01 6.71265E+01 6.52799E+01 6.50035E+01 6.25720E+01 2.12781E+03
6.57118E+01 6.81367E+01 6.84129E+01 7.02528E+01 7.02502E+01 7.02504E+01 7.02534E+01 6.84129E+01 6.81367E+01 6.57118E+01 2.23267E+03
6.89083E+01 7.13269E+01 7.16028E+01 7.34366E+01 7.34340E+01 7.34342E+01 7.34372E+01 7.16028E+01 7.13269E+01 6.89083E+01 2.33930E+03
7.21604E+01 7.45728E+01 7.48485E+01 7.66764E+01 7.66738E+01 7.66740E+01 7.66770E+01 7.48485E+01 7.45728E+01 7.21604E+01 2.44765E+03
7.54671E+01 7.78734E+01 7.81488E+01 7.99709E+01 7.99683E+01 7.99685E+01 7.99715E+01 7.81489E+01 7.78734E+01 7.54671E+01 2.55767E+03
7.88273E+01 8.12276E+01 8.15028E+01 8.33192E+01 8.33166E+01 8.33168E+01 8.33198E+01 8.15028E+01 8.12276E+01 7.88273E+01 2.66930E+03
8.22399E+01 8.46344E+01 8.49094E+01 8.67202E+01 8.67176E+01 8.67178E+01 8.67209E+01 8.49094E+01 8.46344E+01 8.22399E+01 2.78251E+03
8.57040E+01 8.80927E+01 8.83675E+01 9.01729E+01 9.01703E+01 9.01705E+01 9.01736E+01 8.83675E+01 8.80927E+01 8.57040E+01 2.89725E+03
8.92185E+01 9.16016E+01 9.18762E+01 9.36763E+01 9.36736E+01 9.36739E+01 9.36769E+01 9.18762E+01 9.16016E+01 8.92185E+01 3.01346E+03
9.27824E+01 9.51601E+01 9.54344E+01 9.72293E+01 9.72267E+01 9.72269E+01 9.72300E+01 9.54344E+01 9.51601E+01 9.27824E+01 3.13112E+03
9.63949E+01 9.87672E+01 9.90413E+01 1.00831E+02 1.00828E+02 1.00829E+02 1.00832E+02 9.90413E+01 9.87672E+01 9.63949E+01 3.25017E+03
0.00000E+00 0.00000E+00 2.19709E-01 2.40937E+00 2.40725E+00 2.40747E+00 2.40988E+00 2.19743E-01 0.00000E+00 0.00000E+00 -3.08648E+00
0.00000E+00 0.00000E+00 2.57103E-01 2.39676E+00 2.39459E+00 2.39480E+00 2.39729E+00 2.57134E-01 0.00000E+00 0.00000E+00 -8.31085E-01
0.00000E+00 1.01430E-01 3.89254E-01 2.48798E+00 2.48577E+00 2.48597E+00 2.48852E+00 3.89281E-01 1.01430E-01 0.00000E+00 2.60232E+00
0.00000E+00 3.29338E-01 6.15764E-01 2.67944E+00 2.67719E+00 2.67739E+00 2.68000E+00 6.15789E-01 3.29338E-01 0.00000E+00 7.55293E+00
0.00000E+00 6.50669E-01 9.35863E-01 2.96876E+00 2.96647E+00 2.96667E+00 2.96932E+00 9.35886E-01 6.50669E-01 0.00000E+00 1.44295E+01
0.00000E+00 1.06268E+00 1.34677E+00 3.35226E+00 3.34994E+00 3.35014E+00 3.35283E+00 1.34679E+00 1.06268E+00 0.00000E+00 2.35211E+01
0.00000E+00 1.56240E+00 1.84549E+00 3.82630E+00 3.82395E+00 3.82414E+00 3.82688E+00 1.84551E+00 1.56240E+00 0.00000E+00 3.50528E+01
0.00000E+00 2.14692E+00 2.42910E+00 4.38748E+00 4.38510E+00 4.38529E+00 4.38807E+00 2.42912E+00 2.14692E+00 0.00000E+00 4.91906E+01
2.35461E-01 2.77094E+00 3.05229E+00 4.99023E+00 4.98783E+00 4.98802E+00 4.99082E+00 3.05231E+00 2.77094E+00 2.35461E-01 6.61417E+01
8.98385E-01 3.41418E+00 3.69476E+00 5.61390E+00 5.61148E+00 5.61166E+00 5.61451E+00 3.69477E+00 3.41418E+00 8.98385E-01 8.59342E+01
1.64651E+00 4.14390E+00 4.42376E+00 6.32537E+00 6.32293E+00 6.32311E+00 6.32599E+00 4.42378E+00 4.14390E+00 1.64651E+00 1.08437E+02
2.47826E+00 4.95839E+00 5.23757E+00 7.12275E+00 7.12029E+00 7.12048E+00 7.12338E+00 5.23759E+00 4.95839E+00 2.47826E+00 1.33683E+02
3.39202E+00 5.85591E+00 6.13445E+00 8.00419E+00 8.00170E+00 8.00189E+00 8.00482E+00 6.13446E+00 5.85591E+00 3.39202E+00 1.61686E+02
4.38620E+00 6.83474E+00 7.11268E+00 8.96784E+00 8.96534E+00 8.96553E+00 8.96848E+00 7.11269E+00 6.83474E+00 4.38620E+00 1.92445E+02
5.45920E+00 7.89319E+00 8.17056E+00 1.00119E+01 1.00094E+01 1.00096E+01 1.00126E+01 8.17057E+00 7.89319E+00 5.45920E+00 2.25945E+02
6.60942E+00 9.02962E+00 9.30644E+00 1.11347E+01 1.11322E+01 1.11324E+01 1.11354E+01 9.30645E+00 9.02962E+00 6.60942E+00 2.62162E+02
7.83531E+00 1.02424E+01 1.05187E+01 1.23345E+01 1.23320E+01 1.23322E+01 1.23352E+01 1.05187E+01 1.02424E+01 7.83531E+00 3.01059E+02
9.13533E+00 1.15299E+01 1.18057E+01 1.36097E+01 1.36071E+01 1.36073E+01 1.36104E+01 1.18057E+01 1.15299E+01 9.13533E+00 3.42598E+02
1.05079E+01 1.28905E+01 1.31658E+01 1.49585E+01 1.49559E+01 1.49561E+01 1.49592E+01 1.31658E+01 1.28905E+01 1.05079E+01 3.86729E+02
1.19517E+01 1.43228E+01 1.45976E+01 1.63795E+01 1.63769E+01 1.63771E+01 1.63802E+01 1.45976E+01 1.43228E+01 1.19517E+01 4.33403E+02
1.34651E+01 1.58251E+01 1.60996E+01 1.78711E+01 1.78685E+01 1.78687E+01 1.78718E+01 1.60996E+01 1.58251E+01 1.34651E+01 4.82565E+02
1.50466E+01 1.73961E+01 1.76701E+01 1.94317E+01 1.94291E+01 1.94293E+01 1.94324E+01 1.76701E+01 1.73961E+01 1.50466E+01 5.34158E+02
1.66950E+01 1.90343E+01 1.93079E+01 2.10599E+01 2.10573E+01 2.10575E+01 2.10606E+01 1.93079E+01 1.90343E+01 1.66950E+01 5.88124E+02
1.84087E+01 2.07382E+01 2.10114E+01 2.27543E+01 2.27516E+01 2.27518E+01 2.27550E+01 2.10114E+01 2.07382E+01 1.84087E+01 6.44402E+02
2.01864E+01 2.25065E+01 2.27793E+01 2.45133E+01 2.45106E+01 2.45108E+01 2.45140E+01 2.27793E+01 2.25065E+01 2.01864E+01 7.02931E+02
2.20267E+01 2.43377E+01 2.46102E+01 2.63356E+01 2.63329E+01 2.63331E+01 2.63363E+01 2.46102E+01 2.43377E+01 2.20267E+01 7.63652E+02
2.39284E+01 2.62306E+01 2.65027E+01 2.82199E+01 2.82172E+01 2.82174E+01 2.82206E+01 2.65027E+01 2.62306E+01 2.39284E+01 8.26504E+02
2.58901E+01 2.81838E+01 2.84556E+01 3.01647E+01 3.01620E+01 3.01622E+01 3.01655E+01 2.84556E+01 2.81838E+01 2.58901E+01 8.91426E+02
2.79106E+01 3.01960E+01 3.04674E+01 3.21688E+01 3.21661E+01 3.21663E+01 3.21696E+01 3.04674E+01 3.01960E+01 2.79106E+01 9.58358E+02
2.99885E+01 3.22660E+01 3.25370E+01 3.42310E+01 3.42283E+01 3.42285E+01 3.42318E+01 3.25371E+01 3.22660E+01 2.99885E+01 1.02724E+03
3.21227E+01 3.43924E+01 3.46632E+01 3.63499E+01 3.63471E+01 3.63474E+01 3.63507E+01 3.46632E+01 3.43924E+01 3.21227E+01 1.09802E+03
3.43120E+01 3.65742E+01 3.68446E+01 3.85243E+01 3.85215E+01 3.85217E+01 3.85251E+01 3.68446E+01 3.65742E+01 3.43120E+01 1.17063E+03
3.65552E+01 3.88100E+01 3.90802E+01 4.07530E+01 4.07502E+01 4.07505E+01 4.07538E+01 3.90802E+01 3.88100E+01 3.65552E+01 1.24503E+03
3.88511E+01 4.10988E+01 4.13687E+01 4.30348E+01 4.30321E+01 4.30323E+01 4.30356E+01 4.13687E+01 4.10988E+01 3.88511E+01 1.32115E+03
4.11986E+01 4.34394E+01 4.37090E+01 4.53687E+01 4.53659E+01 4.53661E+01 4.53695E+01 4.37090E+01 4.34394E+01 4.11986E+01 1.39895E+03
4.35966E+01 4.58306E+01 4.61000E+01 4.77534E+01 4.77506E+01 4.77508E+01 4.77542E+01 4.61000E+01 4.58306E+01 4.35966E+01 1.47836E+03
4.60440E+01 4.82715E+01 4.85405E+01 5.01878E+01 5.01850E+01 5.01852E+01 5.01886E+01 4.85405E+01 4.82715E+01 4.60440E+01 1.55934E+03
4.85398E+01 5.07608E+01 5.10296E+01 5.26709E+01 5.26681E+01 5.26683E+01 5.26717E+01 5.10296E+01 5.07608E+01 4.85398E+01 1.64185E+03
5.10828E+01 5.32976E+01 5.35661E+01 5.52016E+01 5.51988E+01 5.51990E+01 5.52025E+01 5.35661E+01 5.32976E+01 5.10828E+01 1.72583E+03
5.36722E+01 5.58808E+01 5.61491E+01 5.77789E+01 5.77761E+01 5.77763E+01 5.77798E+01 5.61491E+01 5.58808E+01 5.36722E+01 1.81123E+03
5.63068E+01 5.85095E+01 5.87775E+01 6.04018E+01 6.03989E+01 6.03992E+01 6.04026E+01 5.87775E+01 5.85095E+01 5.63068E+01 1.89801E+03
5.89857E+01 6.11826E+01 6.14504E+01 6.30692E+01 6.30664E+01 6.30666E+01 6.30701E+01 6.14504E+01 6.11826E+01 5.89857E+01 1.98613E+03
6.17080E+01 6.38992E+01 6.41667E+01 6.57803E+01 6.57774E+01 6.57777E+01 6.57812E+01 6.41667E+01 6.38992E+01 6.17080E+01 2.07554E+03
6.44727E+01 6.66583E+01 6.69256E+01 6.85340E+01 6.85312E+01 6.85314E+01 6.85349E+01 6.69256E+01 6.66583E+01 6.44727E+01 2.16620E+03
6.72789E+01 6.94590E+01 6.97261E+01 7.13295E+01 7.13266E+01 7.13269E+01 7.13304E+01 6.97261E+01 6.94590E+01 6.72789E+01 2.25806E+03
7.01257E+01 7.23005E+01 7.25674E+01 7.41658E+01 7.41629E+01 7.41632E+01 7.41667E+01 7.25674E+01 7.23005E+01 7.01257E+01 2.35110E+03
7.30123E+01 7.51819E+01 7.54485E+01 7.70421E+01 7.70392E+01 7.70395E+01 7.70430E+01 7.54485E+01 7.51819E+01 7.30123E+01 2.44528E+03
7.59377E+01 7.81022E+01 7.83686E+01 7.99575E+01 7.99546E+01 7.99548E+01 7.99584E+01 7.83686E+01 7.81022E+01 7.59377E+01 2.54054E+03
7.89012E+01 8.10606E+01 8.13269E+01 8.29111E+01 8.29082E+01 8.29084E+01 8.29120E+01 8.13269E+01 8.10606E+01 7.89012E+01 2.63687E+03
8.19019E+01 8.40564E+01 8.43225E+01 8.59021E+01 8.58992E+01 8.58995E+01 8.59031E+01 8.43225E+01 8.40564E+01 8.19019E+01 2.73422E+03
0.00000E+00 0.00000E+00 2.14063E-01 2.14988E+00 2.14753E+00 2.14767E+00 2.15043E+00 2.14066E-01 0.00000E+00 0.00000E+00 -2.85160E+00
0.00000E+00 0.00000E+00 2.50285E-01 2.14154E+00 2.13914E+00 2.13927E+00 2.14208E+00 2.50287E-01 0.00000E+00 0.00000E+00 -7.71219E-01
0.00000E+00 9.51902E-02 3.74545E-01 2.22934E+00 2.22689E+00 2.22701E+00 2.22987E+00 3.74547E-01 9.51902E-02 0.00000E+00 2.41958E+00
0.00000E+00 3.06615E-01 5.84615E-01 2.40818E+00 2.40569E+00 2.40581E+00 2.40871E+00 5.84615E-01 3.06615E-01 0.00000E+00 7.02284E+00
0.00000E+00 6.01725E-01 8.78528E-01 2.67467E+00 2.67214E+00 2.67226E+00 2.67520E+00 8.78528E-01 6.01725E-01 0.00000E+00 1.33961E+01
0.00000E+00 9.77110E-01 1.25284E+00 3.02456E+00 3.02200E+00 3.02211E+00 3.02510E+00 1.25284E+00 9.77110E-01 0.00000E+00 2.17789E+01
0.00000E+00 1.42940E+00 1.70417E+00 3.45389E+00 3.45130E+00 3.45142E+00 3.45444E+00 1.70416E+00 1.42940E+00 0.00000E+00 3.23492E+01
0.00000E+00 1.95547E+00 2.22935E+00 3.95909E+00 3.95647E+00 3.95659E+00 3.95965E+00 2.22935E+00 1.95547E+00 0.00000E+00 4.52306E+01
2.12790E-01 2.51643E+00 2.78950E+00 4.50103E+00 4.49838E+00 4.49850E+00 4.50159E+00 2.78950E+00 2.51643E+00 2.12790E-01 6.05508E+01
8.09450E-01 3.09510E+00 3.36742E+00 5.06221E+00 5.05954E+00 5.05966E+00 5.06279E+00 3.36742E+00 3.09510E+00 8.09450E-01 7.82874E+01
1.47928E+00 3.74812E+00 4.01975E+00 5.69891E+00 5.69622E+00 5.69634E+00 5.69950E+00 4.01974E+00 3.74812E+00 1.47928E+00 9.83524E+01
2.22050E+00 4.47357E+00 4.74454E+00 6.40907E+00 6.40636E+00 6.40648E+00 6.40967E+00 4.74454E+00 4.47357E+00 2.22050E+00 1.20758E+02
3.03136E+00 5.26958E+00 5.53994E+00 7.19070E+00 7.18797E+00 7.18810E+00 7.19131E+00 5.53993E+00 5.26958E+00 3.03136E+00 1.45502E+02
3.91016E+00 6.13436E+00 6.40413E+00 8.04191E+00 8.03916E+00 8.03929E+00 8.04253E+00 6.40413E+00 6.13436E+00 3.91016E+00 1.72567E+02
4.85523E+00 7.06615E+00 7.33536E+00 8.96087E+00 8.95810E+00 8.95823E+00 8.96150E+00 7.33536E+00 7.06615E+00 4.85523E+00 2.01928E+02
5.86495E+00 8.06326E+00 8.33194E+00 9.94580E+00 9.94301E+00 9.94315E+00 9.94644E+00 8.33194E+00 8.06326E+00 5.86495E+00 2.33550E+02
6.93775E+00 9.12406E+00 9.39223E+00 1.09950E+01 1.09922E+01 1.09924E+01 1.09957E+01 9.39223E+00 9.12406E+00 6.93775E+00 2.67393E+02
8.07209E+00 1.02470E+01 1.05146E+01 1.21069E+01 1.21041E+01 1.21042E+01 1.21075E+01 1.05146E+01 1.02470E+01 8.07209E+00 3.03411E+02
9.26648E+00 1.14304E+01 1.16976E+01 1.32798E+01 1.32769E+01 1.32771E+01 1.32805E+01 1.16976E+01 1.14304E+01 9.26648E+00 3.41554E+02
1.05195E+01 1.26729E+01 1.29397E+01 1.45122E+01 1.45094E+01 1.45095E+01 1.45129E+01 1.29397E+01 1.26729E+01 1.05195E+01 3.81769E+02
1.18296E+01 1.39730E+01 1.42394E+01 1.58027E+01 1.57998E+01 1.58000E+01 1.58034E+01 1.42394E+01 1.39730E+01 1.18296E+01 4.24004E+02
1.31956E+01 1.53293E+01 1.55953E+01 1.71497E+01 1.71468E+01 1.71470E+01 1.71504E+01 1.55953E+01 1.53293E+01 1.31956E+01 4.68201E+02
1.46160E+01 1.67405E+01 1.70060E+01 1.85519E+01 1.85490E+01 1.85492E+01 1.85527E+01 1.70060E+01 1.67405E+01 1.46160E+01 5.14306E+02
1.60895E+01 1.82051E+01 1.84702E+01 2.00079E+01 2.00050E+01 2.00052E+01 2.00087E+01 1.84702E+01 1.82051E+01 1.60895E+01 5.62260E+02
1.76149E+01 1.97218E+01 1.99866E+01 2.15165E+01 2.15135E+01 2.15137E+01 2.15172E+01 1.99866E+01 1.97218E+01 1.76149E+01 6.12009E+02
1.91909E+01 2.12895E+01 2.15540E+01 2.30761E+01 2.30732E+01 2.30734E+01 2.30769E+01 2.15540E+01 2.12895E+01 1.91909E+01 6.63495E+02
2.08163E+01 2.29068E+01 2.31709E+01 2.46858E+01 2.46828E+01 2.46830E+01 2.46866E+01 2.31709E+01 2.29068E+01 2.08163E+01 7.16664E+02
2.24899E+01 2.45726E+01 2.48364E+01 2.63441E+01 2.63411E+01 2.63413E+01 2.63449E+01 2.48364E+01 2.45726E+01 2.24899E+01 7.71461E+02
2.42105E+01 2.62857E+01 2.65491E+01 2.80499E+01 2.80470E+01 2.80472E+01 2.80508E+01 2.65491E+01 2.62857E+01 2.42105E+01 8.27832E+02
2.59770E+01 2.80449E+01 2.83080E+01 2.98021E+01 2.97992E+01 2.97994E+01 2.98030E+01 2.83080E+01 2.80449E+01 2.59770E+01 8.85725E+02
2.77882E+01 2.98490E+01 3.01118E+01 3.15995E+01 3.15966E+01 3.15968E+01 3.16004E+01 3.01118E+01 2.98490E+01 2.77882E+01 9.45089E+02
2.96432E+01 3.16971E+01 3.19596E+01 3.34411E+01 3.34381E+01 3.34383E+01 3.34419E+01 3.19596E+01 3.16971E+01 2.96432E+01 1.00587E+03
3.15408E+01 3.35881E+01 3.38503E+01 3.53256E+01 3.53226E+01 3.53228E+01 3.53265E+01 3.38503E+01 3.35881E+01 3.15408E+01 1.06803E+03
3.34801E+01 3.55208E+01 3.57828E+01 3.72522E+01 3.72491E+01 3.72494E+01 3.72530E+01 3.57828E+01 3.55208E+01 3.34801E+01 1.13151E+03
3.54600E+01 3.74944E+01 3.77560E+01 3.92197E+01 3.92166E+01 3.92169E+01 3.92206E+01 3.77560E+01 3.74944E+01 3.54600E+01 1.19627E+03
3.74795E+01 3.95077E+01 3.97691E+01 4.12272E+01 4.12241E+01 4.12243E+01 4.12281E+01 3.97691E+01 3.95077E+01 3.74795E+01 1.26226E+03
3.95377E+01 4.15599E+01 4.18211E+01 4.32737E+01 4.32706E+01 4.32708E+01 4.32746E+01 4.18210E+01 4.15599E+01 3.95377E+01 1.32944E+03
4.16337E+01 4.36500E+01 4.39109E+01 4.53582E+01 4.53551E+01 4.53554E+01 4.53591E+01 4.39109E+01 4.36500E+01 4.16337E+01 1.39777E+03
4.37665E+01 4.57771E+01 4.60378E+01 4.74799E+01 4.74768E+01 4.74770E+01 4.74808E+01 4.60378E+01 4.57771E+01 4.37665E+01 1.46721E+03
4.59353E+01 4.79403E+01 4.82007E+01 4.96378E+01 4.96347E+01 4.96349E+01 4.96387E+01 4.82007E+01 4.79403E+01 4.59353E+01 1.53771E+03
4.81392E+01 5.01388E+01 5.03989E+01 5.18310E+01 5.18280E+01 5.18282E+01 5.18320E+01 5.03989E+01 5.01388E+01 4.81392E+01 1.60924E+03
5.03773E+01 5.23716E+01 5.26315E+01 5.40588E+01 5.40557E+01 5.40560E+01 5.40598E+01 5.26315E+01 5.23716E+01 5.03773E+01 1.68177E+03
5.26489E+01 5.46380E+01 5.48977E+01 5.63203E+01 5.63172E+01 5.63174E+01 5.63212E+01 5.48977E+01 5.46380E+01 5.26489E+01 1.75525E+03
5.49531E+01 5.69371E+01 5.71966E+01 5.86146E+01 5.86115E+01 5.86117E+01 5.86156E+01 5.71966E+01 5.69371E+01 5.49531E+01 1.82965E+03
5.72892E+01 5.92682E+01 5.95275E+01 6.09410E+01 6.09378E+01 6.09381E+01 6.09420E+01 5.95275E+01 5.92682E+01 5.72892E+01 1.90495E+03
5.96564E+01 6.16305E+01 6.18896E+01 6.32986E+01 6.32955E+01 6.32958E+01 6.32997E+01 6.18896E+01 6.16305E+01 5.96564E+01 1.98109E+03
6.20539E+01 6.40233E+01 6.42821E+01 6.56869E+01 6.56837E+01 6.56840E+01 6.56879E+01 6.42821E+01 6.40233E+01 6.20539E+01 2.05806E+03
6.44811E+01 6.64458E+01 6.67044E+01 6.81049E+01 6.81018E+01 6.81021E+01 6.81060E+01 6.67044E+01 6.64458E+01 6.44811E+01 2.13583E+03
6.69371E+01 6.88972E+01 6.91557E+01 7.05521E+01 7.05489E+01 7.05492E+01 7.05531E+01 6.91557E+01 6.88972E+01 6.69371E+01 2.21436E+03
6.94214E+01 7.13770E+01 7.16353E+01 7.30276E+01 7.30245E+01 7.30248E+01 7.30287E+01 7.16353E+01 7.13770E+01 6.94214E+01 2.29362E+03
0.00000E+00 0.00000E+00 2.08080E-01 1.91761E+00 1.91503E+00 1.91503E+00 1.91791E+00 2.08074E-01 0.00000E+00 0.00000E+00 -2.64235E+00
0.00000E+00 0.00000E+00 2.43537E-01 1.91338E+00 1.91074E+00 1.91074E+00 1.91370E+00 2.43532E-01 0.00000E+00 0.00000E+00 -7.17300E-01
0.00000E+00 8.94740E-02 3.60608E-01 1.99796E+00 1.99527E+00 1.99528E+00 1.99830E+00 3.60603E-01 8.94740E-02 0.00000E+00 2.25481E+00
0.00000E+00 2.85684E-01 5.55504E-01 2.16504E+00 2.16231E+00 2.16233E+00 2.16540E+00 5.55498E-01 2.85684E-01 0.00000E+00 6.54026E+00
0.00000E+00 5.56628E-01 8.25287E-01 2.41040E+00 2.40762E+00 2.40765E+00 2.41078E+00 8.25282E-01 5.56628E-01 0.00000E+00 1.24487E+01
0.00000E+00 8.98399E-01 1.16602E+00 2.72938E+00 2.72657E+00 2.72660E+00 2.72978E+00 1.16601E+00 8.98399E-01 0.00000E+00 2.01749E+01
0.00000E+00 1.30736E+00 1.57405E+00 3.11781E+00 3.11497E+00 3.11501E+00 3.11824E+00 1.57404E+00 1.30736E+00 0.00000E+00 2.98549E+01
0.00000E+00 1.78026E+00 2.04609E+00 3.57205E+00 3.56919E+00 3.56923E+00 3.57251E+00 2.04608E+00 1.78026E+00 0.00000E+00 4.15758E+01
1.92042E-01 2.28386E+00 2.54890E+00 4.05864E+00 4.05575E+00 4.05580E+00 4.05912E+00 2.54889E+00 2.28386E+00 1.92042E-01 5.53997E+01
7.28275E-01 2.80365E+00 3.06797E+00 4.56281E+00 4.55989E+00 4.55995E+00 4.56331E+00 3.06797E+00 2.80365E+00 7.28275E-01 7.12649E+01
1.32704E+00 3.38707E+00 3.65071E+00 5.13163E+00 5.12868E+00 5.12875E+00 5.13215E+00 3.65070E+00 3.38707E+00 1.32704E+00 8.91205E+01
1.98645E+00 4.03207E+00 4.29507E+00 5.76296E+00 5.75999E+00 5.76007E+00 5.76351E+00 4.29507E+00 4.03207E+00 1.98645E+00 1.08963E+02
2.70468E+00 4.73674E+00 4.99914E+00 6.45477E+00 6.45178E+00 6.45187E+00 6.45535E+00 4.99914E+00 4.73674E+00 2.70468E+00 1.30775E+02
3.48000E+00 5.49925E+00 5.76108E+00 7.20515E+00 7.20214E+00 7.20224E+00 7.20575E+00 5.76108E+00 5.49925E+00 3.48000E+00 1.54532E+02
4.31073E+00 6.31784E+00 6.57914E+00 8.01227E+00 8.00924E+00 8.00934E+00 8.01289E+00 6.57913E+00 6.31784E+00 4.31073E+00 1.80199E+02
5.19526E+00 7.19086E+00 7.45163E+00 8.87439E+00 8.87134E+00 8.87146E+00 8.87503E+00 7.45163E+00 7.19086E+00 5.19526E+00 2.07736E+02
6.13205E+00 8.11669E+00 8.37697E+00 9.78987E+00 9.78680E+00 9.78692E+00 9.79053E+00 8.37697E+00 8.11669E+00 6.13205E+00 2.37098E+02
7.11963E+00 9.09380E+00 9.35362E+00 1.07571E+01 1.07540E+01 1.07542E+01 1.07578E+01 9.35361E+00 9.09380E+00 7.11963E+00 2.68239E+02
8.15654E+00 1.01207E+01 1.03801E+01 1.17746E+01 1.17715E+01 1.17717E+01 1.17753E+01 1.03801E+01 1.01207E+01 8.15654E+00 3.01107E+02
9.24142E+00 1.11960E+01 1.14550E+01 1.28409E+01 1.28378E+01 1.28379E+01 1.28416E+01 1.14550E+01 1.11960E+01 9.24142E+00 3.35652E+02
1.03729E+01 1.23183E+01 1.25769E+01 1.39546E+01 1.39515E+01 1.39516E+01 1.39553E+01 1.25769E+01 1.23183E+01 1.03729E+01 3.71820E+02
1.15497E+01 1.34864E+01 1.37445E+01 1.51143E+01 1.51112E+01 1.51113E+01 1.51151E+01 1.37445E+01 1.34864E+01 1.15497E+01 4.09560E+02
1.27706E+01 1.46988E+01 1.49565E+01 1.63188E+01 1.63156E+01 1.63158E+01 1.63196E+01 1.49565E+01 1.46988E+01 1.27706E+01 4.48818E+02
1.40344E+01 1.59544E+01 1.62117E+01 1.75667E+01 1.75635E+01 1.75637E+01 1.75675E+01 1.62117E+01 1.59544E+01 1.40344E+01 4.89543E+02
1.53398E+01 1.72519E+01 1.75089E+01 1.88569E+01 1.88537E+01 1.88539E+01 1.88577E+01 1.75089E+01 1.72519E+01 1.53398E+01 5.31682E+02
1.66858E+01 1.85903E+01 1.88470E+01 2.01881E+01 2.01849E+01 2.01851E+01 2.01890E+01 1.88470E+01 1.85903E+01 1.66858E+01 5.75184E+02
1.80713E+01 1.99684E+01 2.02247E+01 2.15593E+01 2.15561E+01 2.15563E+01 2.15602E+01 2.02247E+01 1.99684E+01 1.80713E+01 6.20002E+02
1.94950E+01 2.13851E+01 2.16411E+01 2.29693E+01 2.29661E+01 2.29663E+01 2.29702E+01 2.16411E+01 2.13851E+01 1.94950E+01 6.66084E+02
2.09561E+01 2.28393E+01 2.30950E+01 2.44171E+01 2.44138E+01 2.44141E+01 2.44180E+01 2.30950E+01 2.28393E+01 2.09561E+01 7.13385E+02
2.24536E+01 2.43300E+01 2.45854E+01 2.59016E+01 2.58983E+01 2.58985E+01 2.59025E+01 2.45854E+01 2.43300E+01 2.24536E+01 7.61859E+02
2.39863E+01 2.58562E+01 2.61113E+01 2.74218E+01 2.74185E+01 2.74187E+01 2.74227E+01 2.61113E+01 2.58562E+01 2.39863E+01 8.11460E+02
2.55534E+01 2.74170E+01 2.76718E+01 2.89767E+01 2.89734E+01 2.89736E+01 2.89777E+01 2.76718E+01 2.74170E+01 2.55534E+01 8.62145E+02
2.71539E+01 2.90115E+01 2.92660E+01 3.05654E+01 3.05621E+01 3.05623E+01 3.05664E+01 2.92660E+01 2.90115E+01 2.71539E+01 9.13873E+02
2.87869E+01 3.06386E+01 3.08928E+01 3.21870E+01 3.21836E+01 3.21839E+01 3.21880E+01 3.08928E+01 3.06386E+01 2.87869E+01 9.66602E+02
3.04517E+01 3.22975E+01 3.25515E+01 3.38405E+01 3.38372E+01 3.38374E+01 3.38415E+01 3.25515E+01 3.22975E+01 3.04517E+01 1.02029E+03
3.21472E+01 3.39874E+01 3.42411E+01 3.55251E+01 3.55218E+01 3.55221E+01 3.55262E+01 3.42411E+01 3.39874E+01 3.21472E+01 1.07491E+03
3.38727E+01 3.57074E+01 3.59608E+01 3.72400E+01 3.72367E+01 3.72370E+01 3.72411E+01 3.59608E+01 3.57074E+01 3.38727E+01 1.13041E+03
3.56273E+01 3.74567E+01 3.77099E+01 3.89843E+01 3.89810E+01 3.89813E+01 3.89854E+01 3.77099E+01 3.74567E+01 3.56273E+01 1.18677E+03
3.74104E+01 3.92345E+01 3.94875E+01 4.07573E+01 4.07540E+01 4.07543E+01 4.07584E+01 3.94875E+01 3.92345E+01 3.74104E+01 1.24394E+03
3.92211E+01 4.10401E+01 4.12929E+01 4.25582E+01 4.25548E+01 4.25551E+01 4.25593E+01 4.12929E+01 4.10401E+01 3.92211E+01 1.30190E+03
4.10587E+01 4.28727E+01 4.31252E+01 4.43862E+01 4.43828E+01 4.43831E+01 4.43873E+01 4.31252E+01 4.28727E+01 4.10587E+01 1.36062E+03
4.29224E+01 4.47316E+01 4.49839E+01 4.62405E+01 4.62371E+01 4.62375E+01 4.62417E+01 4.49839E+01 4.47316E+01 4.29224E+01 1.42005E+03
4.48116E+01 4.66161E+01 4.68681E+01 4.81206E+01 4.81172E+01 4.81175E+01 4.81218E+01 4.68681E+01 4.66161E+01 4.48116E+01 1.48018E+03
4.67256E+01 4.85254E+01 4.87773E+01 5.00256E+01 5.00222E+01 5.00226E+01 5.00268E+01 4.87773E+01 4.85254E+01 4.67256E+01 1.54098E+03
4.86638E+01 5.04590E+01 5.07107E+01 5.19550E+01 5.19516E+01 5.19519E+01 5.19562E+01 5.07107E+01 5.04590E+01 4.86638E+01 1.60241E+03
5.06254E+01 5.24162E+01 5.26677E+01 5.39081E+01 5.39047E+01 5.39050E+01 5.39093E+01 5.26676E+01 5.24162E+01 5.06254E+01 1.66446E+03
5.26099E+01 5.43964E+01 5.46476E+01 5.58842E+01 5.58808E+01 5.58811E+01 5.58854E+01 5.46476E+01 5.43964E+01 5.26099E+01 1.72709E+03
5.46167E+01 5.63989E+01 5.66499E+01 5.78827E+01 5.78793E+01 5.78797E+01 5.78840E+01 5.66499E+01 5.63989E+01 5.46167E+01 1.79028E+03
5.66451E+01 5.84231E+01 5.86740E+01 5.99031E+01 5.98997E+01 5.99000E+01 5.99044E+01 5.86739E+01 5.84231E+01 5.66451E+01 1.85401E+03
5.86947E+01 6.04686E+01 6.07192E+01 6.19447E+01 6.19413E+01 6.19417E+01 6.19460E+01 6.07192E+01 6.04686E+01 5.86947E+01 1.91825E+03
0.00000E+00 0.00000E+00 2.01830E-01 1.70968E+00 1.70684E+00 1.70679E+00 1.70986E+00 2.01825E-01 0.00000E+00 0.00000E+00 -2.45610E+00
0.00000E+00 0.00000E+00 2.36885E-01 1.70939E+00 1.70649E+00 1.70645E+00 1.70962E+00 2.36880E-01 0.00000E+00 0.00000E+00 -6.68731E-01
0.00000E+00 8.42261E-02 3.47389E-01 1.79097E+00 1.78802E+00 1.78799E+00 1.79125E+00 3.47384E-01 8.42261E-02 0.00000E+00 2.10617E+00
0.00000E+00 2.66371E-01 5.28259E-01 1.94707E+00 1.94407E+00 1.94406E+00 1.94740E+00 5.28255E-01 2.66371E-01 0.00000E+00 6.10034E+00
0.00000E+00 5.15030E-01 7.75793E-01 2.17284E+00 2.16981E+00 2.16982E+00 2.17322E+00 7.75789E-01 5.15030E-01 0.00000E+00 1.15790E+01
0.00000E+00 8.25948E-01 1.08570E+00 2.46339E+00 2.46031E+00 2.46034E+00 2.46381E+00 1.08570E+00 8.25948E-01 0.00000E+00 1.86961E+01
0.00000E+00 1.19534E+00 1.45418E+00 2.81442E+00 2.81131E+00 2.81136E+00 2.81489E+00 1.45418E+00 1.19534E+00 0.00000E+00 2.75513E+01
0.00000E+00 1.61990E+00 1.87791E+00 3.22230E+00 3.21916E+00 3.21922E+00 3.22281E+00 1.87791E+00 1.61990E+00 0.00000E+00 3.82006E+01
1.73062E-01 2.07134E+00 2.32859E+00 3.65854E+00 3.65537E+00 3.65544E+00 3.65909E+00 2.32859E+00 2.07134E+00 1.73062E-01 5.06523E+01
6.54226E-01 2.53749E+00 2.79404E+00 4.11072E+00 4.10752E+00 4.10760E+00 4.11130E+00 2.79404E+00 2.53749E+00 6.54226E-01 6.48156E+01
1.18855E+00 3.05779E+00 3.31368E+00 4.61797E+00 4.61474E+00 4.61484E+00 4.61859E+00 3.31368E+00 3.05779E+00 1.18855E+00 8.06707E+01
1.77410E+00 3.63017E+00 3.88545E+00 5.17813E+00 5.17488E+00 5.17500E+00 5.17879E+00 3.88545E+00 3.63017E+00 1.77410E+00 9.82017E+01
2.40904E+00 4.25273E+00 4.50742E+00 5.78919E+00 5.78592E+00 5.78605E+00 5.78989E+00 4.50742E+00 4.25273E+00 2.40904E+00 1.17383E+02
3.09166E+00 4.92365E+00 5.17779E+00 6.44927E+00 6.44597E+00 6.44611E+00 6.45000E+00 5.17779E+00 4.92365E+00 3.09166E+00 1.38180E+02
3.82032E+00 5.64122E+00 5.89484E+00 7.15658E+00 7.15326E+00 7.15342E+00 7.15735E+00 5.89484E+00 5.64122E+00 3.82032E+00 1.60556E+02
4.59346E+00 6.40385E+00 6.65696E+00 7.90947E+00 7.90613E+00 7.90630E+00 7.91027E+00 6.65696E+00 6.40385E+00 4.59346E+00 1.84466E+02
5.40962E+00 7.20998E+00 7.46262E+00 8.70635E+00 8.70299E+00 8.70317E+00 8.70718E+00 7.46262E+00 7.20998E+00 5.40962E+00 2.09865E+02
6.26737E+00 8.05818E+00 8.31037E+00 9.54572E+00 9.54235E+00 9.54254E+00 9.54659E+00 8.31036E+00 8.05818E+00 6.26737E+00 2.36706E+02
7.16537E+00 8.94705E+00 9.19880E+00 1.04262E+01 1.04228E+01 1.04230E+01 1.04271E+01 9.19880E+00 8.94705E+00 7.16537E+00 2.64938E+02
8.10234E+00 9.87527E+00 1.01266E+01 1.13463E+01 1.13429E+01 1.13431E+01 1.13473E+01 1.01266E+01 9.87527E+00 8.10234E+00 2.94514E+02
9.07702E+00 1.08416E+01 1.10925E+01 1.23049E+01 1.23015E+01 1.23017E+01 1.23059E+01 1.10925E+01 1.08416E+01 9.07702E+00 3.25383E+02
1.00882E+01 1.18447E+01 1.20953E+01 1.33007E+01 1.32972E+01 1.32975E+01 1.33016E+01 1.20953E+01 1.18447E+01 1.00882E+01 3.57497E+02
1.11348E+01 1.28836E+01 1.31337E+01 1.43324E+01 1.43289E+01 1.43292E+01 1.43334E+01 1.31337E+01 1.28836E+01 1.11348E+01 3.90807E+02
1.22157E+01 1.39570E+01 1.42068E+01 1.53989E+01 1.53955E+01 1.53957E+01 1.54000E+01 1.42068E+01 1.39570E+01 1.22157E+01 4.25266E+02
1.33298E+01 1.50639E+01 1.53133E+01 1.64992E+01 1.64957E+01 1.64960E+01 1.65003E+01 1.53133E+01 1.50639E+01 1.33298E+01 4.60828E+02
1.44761E+01 1.62032E+01 1.64523E+01 1.76322E+01 1.76287E+01 1.76289E+01 1.76333E+01 1.64523E+01 1.62032E+01 1.44761E+01 4.97447E+02
1.56535E+01 1.73739E+01 1.76228E+01 1.87968E+01 1.87932E+01 1.87935E+01 1.87979E+01 1.76227E+01 1.73739E+01 1.56535E+01 5.35080E+02
1.68612E+01 1.85752E+01 1.88236E+01 1.99920E+01 1.99885E+01 1.99888E+01 1.99932E+01 1.88236E+01 1.85752E+01 1.68612E+01 5.73684E+02
1.80983E+01 1.98059E+01 2.00541E+01 2.12170E+01 2.12135E+01 2.12138E+01 2.12182E+01 2.00541E+01 1.98059E+01 1.80983E+01 6.13218E+02
1.93637E+01 2.10653E+01 2.13131E+01 2.24708E+01 2.24672E+01 2.24675E+01 2.24720E+01 2.13131E+01 2.10653E+01 1.93637E+01 6.53641E+02
2.06567E+01 2.23524E+01 2.25999E+01 2.37525E+01 2.37489E+01 2.37492E+01 2.37537E+01 2.25999E+01 2.23524E+01 2.06567E+01 6.94917E+02
2.19765E+01 2.36663E+01 2.39137E+01 2.50612E+01 2.50576E+01 2.50580E+01 2.50625E+01 2.39137E+01 2.36663E+01 2.19765E+01 7.37007E+02
2.33221E+01 2.50064E+01 2.52535E+01 2.63962E+01 2.63926E+01 2.63929E+01 2.63975E+01 2.52535E+01 2.50064E+01 2.33221E+01 7.79876E+02
2.46929E+01 2.63718E+01 2.66186E+01 2.77566E+01 2.77530E+01 2.77534E+01 2.77579E+01 2.66186E+01 2.63718E+01 2.46929E+01 8.23491E+02
2.60881E+01 2.77617E+01 2.80082E+01 2.91416E+01 2.91380E+01 2.91384E+01 2.91430E+01 2.80082E+01 2.77617E+01 2.60881E+01 8.67817E+02
2.75069E+01 2.91754E+01 2.94216E+01 3.05506E+01 3.05470E+01 3.05474E+01 3.05520E+01 2.94216E+01 2.91754E+01 2.75069E+01 9.12823E+02
2.89487E+01 3.06121E+01 3.08581E+01 3.19828E+01 3.19792E+01 3.19796E+01 3.19842E+01 3.08581E+01 3.06121E+01 2.89487E+01 9.58478E+02
3.04127E+01 3.20712E+01 3.23170E+01 3.34375E+01 3.34338E+01 3.34342E+01 3.34389E+01 3.23170E+01 3.20712E+01 3.04127E+01 1.00475E+03
3.18983E+01 3.35520E+01 3.37976E+01 3.49140E+01 3.49103E+01 3.49107E+01 3.49154E+01 3.37976E+01 3.35520E+01 3.18983E+01 1.05162E+03
3.34048E+01 3.50539E+01 3.52992E+01 3.64116E+01 3.64079E+01 3.64084E+01 3.64131E+01 3.52992E+01 3.50539E+01 3.34048E+01 1.09905E+03
3.49317E+01 3.65762E+01 3.68213E+01 3.79298E+01 3.79261E+01 3.79265E+01 3.79313E+01 3.68213E+01 3.65762E+01 3.49317E+01 1.14703E+03
3.64782E+01 3.81183E+01 3.83632E+01 3.94678E+01 3.94642E+01 3.94646E+01 3.94694E+01 3.83632E+01 3.81183E+01 3.64782E+01 1.19551E+03
3.80439E+01 3.96797E+01 3.99243E+01 4.10252E+01 4.10215E+01 4.10220E+01 4.10268E+01 3.99243E+01 3.96797E+01 3.80439E+01 1.24449E+03
3.96281E+01 4.12597E+01 4.15041E+01 4.26014E+01 4.25977E+01 4.25981E+01 4.26029E+01 4.15041E+01 4.12597E+01 3.96281E+01 1.29393E+03
4.12304E+01 4.28577E+01 4.31020E+01 4.41957E+01 4.41920E+01 4.41925E+01 4.41973E+01 4.31020E+01 4.28577E+01 4.12304E+01 1.34382E+03
4.28501E+01 4.44734E+01 4.47174E+01 4.58076E+01 4.58039E+01 4.58044E+01 4.58092E+01 4.47174E+01 4.44734E+01 4.28501E+01 1.39414E+03
4.44867E+01 4.61061E+01 4.63499E+01 4.74367E+01 4.74330E+01 4.74335E+01 4.74383E+01 4.63499E+01 4.61061E+01 4.44867E+01 1.44486E+03
4.61398E+01 4.77553E+01 4.79989E+01 4.90824E+01 4.90786E+01 4.90791E+01 4.90840E+01 4.79989E+01 4.77553E+01 4.61398E+01 1.49596E+03
4.78089E+01 4.94205E+01 4.96639E+01 5.07441E+01 5.07404E+01 5.07409E+01 5.07458E+01 4.96639E+01 4.94205E+01 4.78089E+01 1.54743E+03
4.94935E+01 5.11013E+01 5.13446E+01 5.24215E+01 5.24178E+01 5.24183E+01 5.24233E+01 5.13446E+01 5.11013E+01 4.94935E+01 1.59924E+03
0.00000E+00 0.00000E+00 1.95368E-01 1.52351E+00 1.52040E+00 1.52036E+00 1.52376E+00 1.95366E-01 0.00000E+00 0.00000E+00 -2.29064E+00
0.00000E+00 0.00000E+00 2.30341E-01 1.52702E+00 1.52384E+00 1.52383E+00 1.52735E+00 2.30338E-01 0.00000E+00 0.00000E+00 -6.24993E-01
0.00000E+00 7.93961E-02 3.34832E-01 1.60576E+00 1.60252E+00 1.60254E+00 1.60617E+00 3.34830E-01 7.93961E-02 0.00000E+00 1.97200E+00
0.00000E+00 2.48521E-01 5.02720E-01 1.75159E+00 1.74831E+00 1.74836E+00 1.75208E+00 5.02718E-01 2.48521E-01 0.00000E+00 5.69879E+00
0.00000E+00 4.76617E-01 7.29724E-01 1.95923E+00 1.95591E+00 1.95598E+00 1.95978E+00 7.29723E-01 4.76617E-01 0.00000E+00 1.07794E+01
0.00000E+00 7.59214E-01 1.01134E+00 2.22361E+00 2.22025E+00 2.22034E+00 2.22422E+00 1.01134E+00 7.59214E-01 0.00000E+00 1.73312E+01
0.00000E+00 1.09247E+00 1.34372E+00 2.54046E+00 2.53706E+00 2.53717E+00 2.54113E+00 1.34371E+00 1.09247E+00 0.00000E+00 2.54222E+01
0.00000E+00 1.47310E+00 1.72354E+00 2.90618E+00 2.90274E+00 2.90288E+00 2.90691E+00 1.72354E+00 1.47310E+00 0.00000E+00 3.50820E+01
1.55708E-01 1.87716E+00 2.12686E+00 3.29665E+00 3.29318E+00 3.29333E+00 3.29743E+00 2.12686E+00 1.87716E+00 1.55708E-01 4.62762E+01
5.86723E-01 2.29446E+00 2.54348E+00 3.70145E+00 3.69795E+00 3.69813E+00 3.70228E+00 2.54348E+00 2.29446E+00 5.86723E-01 5.88931E+01
1.06266E+00 2.75758E+00 3.00596E+00 4.15291E+00 4.14939E+00 4.14958E+00 4.15379E+00 3.00596E+00 2.75758E+00 1.06266E+00 7.29390E+01
1.58159E+00 3.26449E+00 3.51228E+00 4.64890E+00 4.64535E+00 4.64555E+00 4.64983E+00 3.51228E+00 3.26449E+00 1.58159E+00 8.83890E+01
2.14174E+00 3.81332E+00 4.06054E+00 5.18745E+00 5.18387E+00 5.18410E+00 5.18843E+00 4.06054E+00 3.81332E+00 2.14174E+00 1.05211E+02
2.74143E+00 4.40233E+00 4.64901E+00 5.76676E+00 5.76316E+00 5.76340E+00 5.76779E+00 4.64901E+00 4.40233E+00 2.74143E+00 1.23366E+02
3.37911E+00 5.02988E+00 5.27605E+00 6.38514E+00 6.38151E+00 6.38178E+00 6.38621E+00 5.27605E+00 5.02988E+00 3.37911E+00 1.42815E+02
4.05329E+00 5.69445E+00 5.94014E+00 7.04101E+00 7.03736E+00 7.03764E+00 7.04212E+00 5.94014E+00 5.69445E+00 4.05329E+00 1.63512E+02
4.76260E+00 6.39461E+00 6.63983E+00 7.73289E+00 7.72923E+00 7.72952E+00 7.73405E+00 6.63983E+00 6.39461E+00 4.76260E+00 1.85412E+02
5.50572E+00 7.12900E+00 7.37378E+00 8.45939E+00 8.45571E+00 8.45602E+00 8.46060E+00 7.37378E+00 7.12900E+00 5.50572E+00 2.08469E+02
6.28140E+00 7.89634E+00 8.14070E+00 9.21920E+00 9.21551E+00 9.21583E+00 9.22045E+00 8.14070E+00 7.89634E+00 6.28140E+00 2.32636E+02
7.08846E+00 8.69541E+00 8.93937E+00 1.00111E+01 1.00074E+01 1.00077E+01 1.00124E+01 8.93937E+00 8.69541E+00 7.08846E+00 2.57868E+02
7.92577E+00 9.52506E+00 9.76862E+00 1.08338E+01 1.08301E+01 1.08304E+01 1.08351E+01 9.76862E+00 9.52506E+00 7.92577E+00 2.84119E+02
8.79224E+00 1.03842E+01 1.06274E+01 1.16863E+01 1.16826E+01 1.16829E+01 1.16877E+01 1.06274E+01 1.03842E+01 8.79224E+00 3.11345E+02
9.68685E+00 1.12717E+01 1.15145E+01 1.25675E+01 1.25637E+01 1.25641E+01 1.25689E+01 1.15145E+01 1.12717E+01 9.68685E+00 3.39501E+02
1.06086E+01 1.21866E+01 1.24291E+01 1.34763E+01 1.34725E+01 1.34729E+01 1.34777E+01 1.24291E+01 1.21866E+01 1.06086E+01 3.68545E+02
1.15565E+01 1.31280E+01 1.33701E+01 1.44117E+01 1.44079E+01 1.44084E+01 1.44132E+01 1.33701E+01 1.31280E+01 1.15565E+01 3.98438E+02
1.25298E+01 1.40949E+01 1.43367E+01 1.53729E+01 1.53691E+01 1.53696E+01 1.53745E+01 1.43367E+01 1.40949E+01 1.25298E+01 4.29138E+02
1.35274E+01 1.50864E+01 1.53279E+01 1.63589E+01 1.63551E+01 1.63556E+01 1.63605E+01 1.53279E+01 1.50864E+01 1.35274E+01 4.60609E+02
1.45487E+01 1.61017E+01 1.63429E+01 1.73689E+01 1.73651E+01 1.73655E+01 1.73705E+01 1.63429E+01 1.61017E+01 1.45487E+01 4.92813E+02
1.55926E+01 1.71399E+01 1.73808E+01 1.84020E+01 1.83981E+01 1.83986E+01 1.84036E+01 1.73808E+01 1.71399E+01 1.55926E+01 5.25715E+02
1.66586E+01 1.82003E+01 1.84410E+01 1.94574E+01 1.94535E+01 1.94540E+01 1.94591E+01 1.84410E+01 1.82003E+01 1.66586E+01 5.59281E+02
1.77458E+01 1.92822E+01 1.95225E+01 2.05344E+01 2.05305E+01 2.05310E+01 2.05361E+01 1.95225E+01 1.92822E+01 1.77458E+01 5.93479E+02
1.88536E+01 2.03847E+01 2.06247E+01 2.16322E+01 2.16283E+01 2.16288E+01 2.16339E+01 2.06247E+01 2.03847E+01 1.88536E+01 6.28277E+02
1.99812E+01 2.15071E+01 2.17469E+01 2.27501E+01 2.27462E+01 2.27467E+01 2.27519E+01 2.17469E+01 2.15071E+01 1.99812E+01 6.63646E+02
2.11279E+01 2.26489E+01 2.28884E+01 2.38874E+01 2.38835E+01 2.38841E+01 2.38892E+01 2.28884E+01 2.26489E+01 2.11279E+01 6.99557E+02
2.22931E+01 2.38093E+01 2.40486E+01 2.50435E+01 2.50396E+01 2.50402E+01 2.50454E+01 2.40486E+01 2.38093E+01 2.22931E+01 7.35983E+02
2.34763E+01 2.49877E+01 2.52268E+01 2.62178E+01 2.62138E+01 2.62144E+01 2.62196E+01 2.52268E+01 2.49877E+01 2.34763E+01 7.72898E+02
2.46767E+01 2.61836E+01 2.64224E+01 2.74095E+01 2.74056E+01 2.74062E+01 2.74114E+01 2.64224E+01 2.61836E+01 2.46767E+01 8.10277E+02
2.58938E+01 2.73963E+01 2.76348E+01 2.86182E+01 2.86143E+01 2.86149E+01 2.86202E+01 2.76348E+01 2.73963E+01 2.58938E+01 8.48095E+02
2.71271E+01 2.86252E+01 2.88635E+01 2.98433E+01 2.98393E+01 2.98399E+01 2.98452E+01 2.88635E+01 2.86252E+01 2.71271E+01 8.86330E+02
2.83760E+01 2.98698E+01 3.01079E+01 3.10841E+01 3.10802E+01 3.10808E+01 3.10861E+01 3.01079E+01 2.98698E+01 2.83760E+01 9.24961E+02
2.96400E+01 3.11297E+01 3.13676E+01 3.23403E+01 3.23363E+01 3.23369E+01 3.23423E+01 3.13676E+01 3.11297E+01 2.96400E+01 9.63966E+02
3.09186E+01 3.24042E+01 3.26419E+01 3.36112E+01 3.36072E+01 3.36079E+01 3.36133E+01 3.26419E+01 3.24042E+01 3.09186E+01 1.00332E+03
3.22113E+01 3.36929E+01 3.39304E+01 3.48964E+01 3.48924E+01 3.48931E+01 3.48985E+01 3.39304E+01 3.36929E+01 3.22113E+01 1.04302E+03
3.35176E+01 3.49954E+01 3.52326E+01 3.61954E+01 3.61914E+01 3.61921E+01 3.61975E+01 3.52326E+01 3.49954E+01 3.35176E+01 1.08303E+03
3.48371E+01 3.63111E+01 3.65481E+01 3.75077E+01 3.75037E+01 3.75044E+01 3.75099E+01 3.65481E+01 3.63111E+01 3.48371E+01 1.12334E+03
3.61693E+01 3.76396E+01 3.78764E+01 3.88329E+01 3.88289E+01 3.88296E+01 3.88351E+01 3.78764E+01 3.76396E+01 3.61693E+01 1.16393E+03
3.75139E+01 3.89805E+01 3.92171E+01 4.01706E+01 4.01666E+01 4.01673E+01 4.01728E+01 3.92171E+01 3.89805E+01 3.75139E+01 1.20479E+03
3.88703E+01 4.03334E+01 4.05698E+01 4.15203E+01 4.15163E+01 4.15170E+01 4.15226E+01 4.05698E+01 4.03334E+01 3.88703E+01 1.24591E+03
4.02383E+01 4.16978E+01 4.19341E+01 4.28817E+01 4.28776E+01 4.28784E+01 4.28840E+01 4.19341E+01 4.16978E+01 4.02383E+01 1.28725E+03
4.16173E+01 4.30735E+01 4.33096E+01 4.42543E+01 4.42502E+01 4.42510E+01 4.42566E+01 4.33096E+01 4.30735E+01 4.16173E+01 1.32883E+03
0.00000E+00 0.00000E+00 1.88745E-01 1.35680E+00 1.35339E+00 1.35342E+00 1.35726E+00 1.88745E-01 0.00000E+00 0.00000E+00 -2.14394E+00
0.00000E+00 0.00000E+00 2.23913E-01 1.36397E+00 1.36049E+00 1.36056E+00 1.36454E+00 2.23913E-01 0.00000E+00 0.00000E+00 -5.85556E-01
0.00000E+00 7.49381E-02 3.22882E-01 1.44002E+00 1.43648E+00 1.43659E+00 1.44070E+00 3.22882E-01 7.49381E-02 0.00000E+00 1.85091E+00
0.00000E+00 2.31992E-01 4.78735E-01 1.57626E+00 1.57266E+00 1.57280E+00 1.57702E+00 4.78735E-01 2.31992E-01 0.00000E+00 5.33184E+00
0.00000E+00 4.41104E-01 6.86787E-01 1.76708E+00 1.76344E+00 1.76361E+00 1.76793E+00 6.86788E-01 4.41104E-01 0.00000E+00 1.00432E+01
0.00000E+00 6.97703E-01 9.42438E-01 2.00740E+00 2.00371E+00 2.00390E+00 2.00832E+00 9.42439E-01 6.97703E-01 0.00000E+00 1.60699E+01
0.00000E+00 9.97971E-01 1.24185E+00 2.29300E+00 2.28927E+00 2.28949E+00 2.29399E+00 1.24185E+00 9.97971E-01 0.00000E+00 2.34526E+01
0.00000E+00 1.33871E+00 1.58181E+00 2.62040E+00 2.61665E+00 2.61689E+00 2.62147E+00 1.58181E+00 1.33871E+00 0.00000E+00 3.21993E+01
1.39853E-01 1.69975E+00 1.94213E+00 2.96929E+00 2.96550E+00 2.96577E+00 2.97043E+00 1.94213E+00 1.69975E+00 1.39853E-01 4.22419E+01
5.25234E-01 2.07260E+00 2.31432E+00 3.33097E+00 3.32715E+00 3.32745E+00 3.33218E+00 2.31432E+00 2.07260E+00 5.25234E-01 5.34553E+01
9.48320E-01 2.48398E+00 2.72508E+00 3.73193E+00 3.72808E+00 3.72840E+00 3.73320E+00 2.72508E+00 2.48398E+00 9.48320E-01 6.58670E+01
1.40725E+00 2.93193E+00 3.17245E+00 4.17011E+00 4.16623E+00 4.16657E+00 4.17144E+00 3.17245E+00 2.93193E+00 1.40725E+00 7.94460E+01
1.90031E+00 3.41466E+00 3.65462E+00 4.64364E+00 4.63974E+00 4.64011E+00 4.64503E+00 3.65462E+00 3.41466E+00 1.90031E+00 9.41559E+01
2.42592E+00 3.93050E+00 4.16995E+00 5.15083E+00 5.14690E+00 5.14729E+00 5.15227E+00 4.16995E+00 3.93050E+00 2.42592E+00 1.09957E+02
2.98262E+00 4.47795E+00 4.71690E+00 5.69007E+00 5.68612E+00 5.68653E+00 5.69158E+00 4.71690E+00 4.47795E+00 2.98262E+00 1.26807E+02
3.56903E+00 5.05558E+00 5.29406E+00 6.25992E+00 6.25595E+00 6.25638E+00 6.26148E+00 5.29406E+00 5.05558E+00 3.56903E+00 1.44663E+02
4.18387E+00 5.66207E+00 5.90009E+00 6.85901E+00 6.85502E+00 6.85547E+00 6.86063E+00 5.90010E+00 5.66207E+00 4.18387E+00 1.63481E+02
4.82594E+00 6.29617E+00 6.53377E+00 7.48607E+00 7.48205E+00 7.48253E+00 7.48774E+00 6.53377E+00 6.29617E+00 4.82594E+00 1.83217E+02
5.49411E+00 6.95672E+00 7.19391E+00 8.13988E+00 8.13585E+00 8.13635E+00 8.14161E+00 7.19391E+00 6.95672E+00 5.49411E+00 2.03828E+02
6.18731E+00 7.64261E+00 7.87941E+00 8.81934E+00 8.81529E+00 8.81580E+00 8.82112E+00 7.87941E+00 7.64261E+00 6.18731E+00 2.25273E+02
6.90450E+00 8.35282E+00 8.58923E+00 9.52337E+00 9.51931E+00 9.51984E+00 9.52520E+00 8.58923E+00 8.35282E+00 6.90450E+00 2.47509E+02
7.64474E+00 9.08633E+00 9.32238E+00 1.02510E+01 1.02469E+01 1.02474E+01 1.02528E+01 9.32238E+00 9.08633E+00 7.64474E+00 2.70498E+02
8.40711E+00 9.84223E+00 1.00779E+01 1.10012E+01 1.09971E+01 1.09976E+01 1.10031E+01 1.00779E+01 9.84223E+00 8.40711E+00 2.94200E+02
9.19072E+00 1.06196E+01 1.08550E+01 1.17731E+01 1.17690E+01 1.17696E+01 1.17751E+01 1.08550E+01 1.06196E+01 9.19072E+00 3.18579E+02
9.99475E+00 1.14176E+01 1.16527E+01 1.25658E+01 1.25617E+01 1.25623E+01 1.25678E+01 1.16527E+01 1.14176E+01 9.99475E+00 3.43599E+02
1.08184E+01 1.22355E+01 1.24702E+01 1.33786E+01 1.33744E+01 1.33751E+01 1.33807E+01 1.24702E+01 1.22355E+01 1.08184E+01 3.69226E+02
1.16609E+01 1.30724E+01 1.33068E+01 1.42106E+01 1.42064E+01 1.42071E+01 1.42127E+01 1.33068E+01 1.30724E+01 1.16609E+01 3.95427E+02
1.25216E+01 1.39276E+01 1.41617E+01 1.50611E+01 1.50569E+01 1.50575E+01 1.50632E+01 1.41617E+01 1.39276E+01 1.25216E+01 4.22172E+02
1.33997E+01 1.48005E+01 1.50343E+01 1.59293E+01 1.59251E+01 1.59258E+01 1.59315E+01 1.50343E+01 1.48005E+01 1.33997E+01 4.49430E+02
1.42945E+01 1.56902E+01 1.59238E+01 1.68146E+01 1.68104E+01 1.68111E+01 1.68168E+01 1.59238E+01 1.56902E+01 1.42945E+01 4.77173E+02
1.52055E+01 1.65963E+01 1.68296E+01 1.77163E+01 1.77121E+01 1.77128E+01 1.77186E+01 1.68296E+01 1.65963E+01 1.52055E+01 5.05374E+02
1.61320E+01 1.75180E+01 1.77510E+01 1.86338E+01 1.86296E+01 1.86303E+01 1.86362E+01 1.77510E+01 1.75180E+01 1.61320E+01 5.34007E+02
1.70734E+01 1.84548E+01 1.86875E+01 1.95665E+01 1.95623E+01 1.95631E+01 1.95689E+01 1.86875E+01 1.84548E+01 1.70734E+01 5.63047E+02
1.80293E+01 1.94061E+01 1.96385E+01 2.05138E+01 2.05096E+01 2.05104E+01 2.05163E+01 1.96385E+01 1.94061E+01 1.80293E+01 5.92472E+02
1.89989E+01 2.03713E+01 2.06035E+01 2.14752E+01 2.14710E+01 2.14717E+01 2.14777E+01 2.06035E+01 2.03713E+01 1.89989E+01 6.22258E+02
1.99818E+01 2.13499E+01 2.15819E+01 2.24501E+01 2.24458E+01 2.24466E+01 2.24526E+01 2.15819E+01 2.13499E+01 1.99818E+01 6.52386E+02
2.09775E+01 2.23414E+01 2.25732E+01 2.34380E+01 2.34337E+01 2.34345E+01 2.34405E+01 2.25732E+01 2.23414E+01 2.09775E+01 6.82833E+02
2.19856E+01 2.33454E+01 2.35770E+01 2.44384E+01 2.44341E+01 2.44349E+01 2.44410E+01 2.35770E+01 2.33454E+01 2.19856E+01 7.13582E+02
2.30055E+01 2.43613E+01 2.45927E+01 2.54509E+01 2.54466E+01 2.54474E+01 2.54535E+01 2.45927E+01 2.43613E+01 2.30055E+01 7.44615E+02
2.40368E+01 2.53888E+01 2.56199E+01 2.64749E+01 2.64706E+01 2.64715E+01 2.64776E+01 2.56199E+01 2.53888E+01 2.40368E+01 7.75912E+02
2.50791E+01 2.64273E+01 2.66582E+01 2.75101E+01 2.75058E+01 2.75067E+01 2.75128E+01 2.66582E+01 2.64273E+01 2.50791E+01 8.07459E+02
2.61319E+01 2.74764E+01 2.77071E+01 2.85560E+01 2.85517E+01 2.85526E+01 2.85588E+01 2.77071E+01 2.74764E+01 2.61319E+01 8.39239E+02
2.71950E+01 2.85358E+01 2.87663E+01 2.96123E+01 2.96079E+01 2.96088E+01 2.96150E+01 2.87663E+01 2.85358E+01 2.71950E+01 8.71238E+02
2.82678E+01 2.96051E+01 2.98354E+01 3.06785E+01 3.06741E+01 3.06750E+01 3.06813E+01 2.98354E+01 2.96051E+01 2.82678E+01 9.03441E+02
2.93500E+01 3.06838E+01 3.09139E+01 3.17542E+01 3.17498E+01 3.17508E+01 3.17570E+01 3.09139E+01 3.06838E+01 2.93500E+01 9.35834E+02
3.04413E+01 3.17717E+01 3.20016E+01 3.28392E+01 3.28348E+01 3.28357E+01 3.28420E+01 3.20016E+01 3.17717E+01 3.04413E+01 9.68405E+02
3.15413E+01 3.28684E+01 3.30981E+01 3.39329E+01 3.39286E+01 3.39295E+01 3.39359E+01 3.30981E+01 3.28684E+01 3.15413E+01 1.00114E+03
3.26497E+01 3.39735E+01 3.42031E+01 3.50353E+01 3.50309E+01 3.50319E+01 3.50382E+01 3.42031E+01 3.39735E+01 3.26497E+01 1.03403E+03
3.37661E+01 3.50868E+01 3.53161E+01 3.61457E+01 3.61414E+01 3.61424E+01 3.61487E+01 3.53161E+01 3.50868E+01 3.37661E+01 1.06706E+03
3.48903E+01 3.62079E+01 3.64370E+01 3.72641E+01 3.72597E+01 3.72607E+01 3.72671E+01 3.64370E+01 3.62079E+01 3.48903E+01 1.10023E+03
0.00000E+00 0.00000E+00 1.82008E-01 1.20750E+00 1.20376E+00 1.20388E+00 1.20826E+00 1.82010E-01 0.00000E+00 0.00000E+00 -2.01417E+00
0.00000E+00 0.00000E+00 2.17610E-01 1.21820E+00 1.21438E+00 1.21455E+00 1.21909E+00 2.17612E-01 0.00000E+00 0.00000E+00 -5.49852E-01
0.00000E+00 7.08100E-02 3.11487E-01 1.29170E+00 1.28782E+00 1.28803E+00 1.29271E+00 3.11489E-01 7.08100E-02 0.00000E+00 1.74175E+00
0.00000E+00 2.16655E-01 4.56167E-01 1.41894E+00 1.41500E+00 1.41524E+00 1.42006E+00 4.56168E-01 2.16655E-01 0.00000E+00 4.99622E+00
0.00000E+00 4.08230E-01 6.46713E-01 1.59416E+00 1.59018E+00 1.59046E+00 1.59539E+00 6.46715E-01 4.08230E-01 0.00000E+00 9.36457E+00
0.00000E+00 6.40965E-01 8.78527E-01 1.81234E+00 1.80831E+00 1.80862E+00 1.81366E+00 8.78528E-01 6.40965E-01 0.00000E+00 1.49031E+01
0.00000E+00 9.11133E-01 1.14786E+00 2.06940E+00 2.06533E+00 2.06567E+00 2.07081E+00 1.14786E+00 9.11133E-01 0.00000E+00 2.16293E+01
0.00000E+00 1.21567E+00 1.45164E+00 2.36201E+00 2.35791E+00 2.35829E+00 2.36351E+00 1.45164E+00 1.21567E+00 0.00000E+00 2.95337E+01
1.25375E-01 1.53767E+00 1.77294E+00 2.67315E+00 2.66902E+00 2.66943E+00 2.67473E+00 1.77295E+00 1.53767E+00 1.25375E-01 3.85227E+01
4.69269E-01 1.87012E+00 2.10475E+00 2.99562E+00 2.99145E+00 2.99189E+00 2.99728E+00 2.10476E+00 1.87012E+00 4.69269E-01 4.84635E+01
8.44571E-01 2.23473E+00 2.46876E+00 3.35091E+00 3.34671E+00 3.34719E+00 3.35266E+00 2.46876E+00 2.23473E+00 8.44571E-01 5.94011E+01
1.24951E+00 2.62965E+00 2.86311E+00 3.73709E+00 3.73287E+00 3.73337E+00 3.73891E+00 2.86311E+00 2.62965E+00 1.24951E+00 7.13005E+01
1.68248E+00 3.05318E+00 3.28610E+00 4.15241E+00 4.14816E+00 4.14869E+00 4.15431E+00 3.28610E+00 3.05318E+00 1.68248E+00 8.41235E+01
2.14201E+00 3.50379E+00 3.73621E+00 4.59528E+00 4.59100E+00 4.59156E+00 4.59725E+00 3.73621E+00 3.50379E+00 2.14201E+00 9.78299E+01
2.62675E+00 3.98008E+00 4.21202E+00 5.06424E+00 5.05994E+00 5.06053E+00 5.06628E+00 4.21202E+00 3.98008E+00 2.62675E+00 1.12378E+02
3.13544E+00 4.48075E+00 4.71223E+00 5.55795E+00 5.55363E+00 5.55425E+00 5.56006E+00 4.71223E+00 4.48075E+00 3.13544E+00 1.27727E+02
3.66691E+00 5.00459E+00 5.23563E+00 6.07518E+00 6.07084E+00 6.07148E+00 6.07736E+00 5.23563E+00 5.00459E+00 3.66691E+00 1.43836E+02
4.22009E+00 5.55048E+00 5.78111E+00 6.61477E+00 6.61041E+00 6.61108E+00 6.61702E+00 5.78111E+00 5.55048E+00 4.22009E+00 1.60664E+02
4.79394E+00 6.11737E+00 6.34760E+00 7.17565E+00 7.17127E+00 7.17197E+00 7.17796E+00 6.34760E+00 6.11737E+00 4.79394E+00 1.78173E+02
5.38753E+00 6.70429E+00 6.93414E+00 7.75682E+00 7.75242E+00 7.75314E+00 7.75919E+00 6.93414E+00 6.70429E+00 5.38753E+00 1.96324E+02
5.99993E+00 7.31031E+00 7.53979E+00 8.35732E+00 8.35290E+00 8.35365E+00 8.35976E+00 7.53979E+00 7.31031E+00 5.99993E+00 2.15080E+02
6.63032E+00 7.93455E+00 8.16368E+00 8.97627E+00 8.97184E+00 8.97261E+00 8.97877E+00 8.16368E+00 7.93455E+00 6.63032E+00 2.34408E+02
7.27787E+00 8.57621E+00 8.80498E+00 9.61284E+00 9.60838E+00 9.60918E+00 9.61540E+00 8.80499E+00 8.57621E+00 7.27787E+00 2.54273E+02
7.94184E+00 9.23448E+00 9.46293E+00 1.02662E+01 1.02618E+01 1.02626E+01 1.02688E+01 9.46293E+00 9.23448E+00 7.94184E+00 2.74643E+02
8.62149E+00 9.90865E+00 1.01368E+01 1.09357E+01 1.09312E+01 1.09320E+01 1.09383E+01 1.01368E+01 9.90865E+00 8.62149E+00 2.95489E+02
9.31615E+00 1.05980E+01 1.08258E+01 1.16205E+01 1.16160E+01 1.16169E+01 1.16232E+01 1.08258E+01 1.05980E+01 9.31615E+00 3.16781E+02
1.00252E+01 1.13019E+01 1.15294E+01 1.23200E+01 1.23155E+01 1.23164E+01 1.23228E+01 1.15294E+01 1.13019E+01 1.00252E+01 3.38491E+02
1.07479E+01 1.20197E+01 1.22469E+01 1.30335E+01 1.30290E+01 1.30299E+01 1.30364E+01 1.22469E+01 1.20197E+01 1.07479E+01 3.60594E+02
1.14838E+01 1.27508E+01 1.29777E+01 1.37605E+01 1.37559E+01 1.37569E+01 1.37634E+01 1.29777E+01 1.27508E+01 1.14838E+01 3.83065E+02
1.22322E+01 1.34945E+01 1.37212E+01 1.45003E+01 1.44957E+01 1.44967E+01 1.45032E+01 1.37212E+01 1.34945E+01 1.22322E+01 4.05881E+02
1.29927E+01 1.42505E+01 1.44769E+01 1.52524E+01 1.52478E+01 1.52488E+01 1.52554E+01 1.44769E+01 1.42505E+01 1.29927E+01 4.29019E+02
1.37647E+01 1.50181E+01 1.52443E+01 1.60162E+01 1.60117E+01 1.60127E+01 1.60193E+01 1.52443E+01 1.50181E+01 1.37647E+01 4.52458E+02
1.45477E+01 1.57969E+01 1.60228E+01 1.67913E+01 1.67868E+01 1.67878E+01 1.67945E+01 1.60228E+01 1.57969E+01 1.45477E+01 4.76178E+02
1.53413E+01 1.65863E+01 1.68120E+01 1.75772E+01 1.75726E+01 1.75737E+01 1.75804E+01 1.68120E+01 1.65863E+01 1.53413E+01 5.00161E+02
1.61449E+01 1.73860E+01 1.76114E+01 1.83734E+01 1.83688E+01 1.83699E+01 1.83767E+01 1.76114E+01 1.73860E+01 1.61449E+01 5.24388E+02
1.69583E+01 1.81954E+01 1.84206E+01 1.91795E+01 1.91749E+01 1.91760E+01 1.91828E+01 1.84206E+01 1.81954E+01 1.69583E+01 5.48843E+02
1.77809E+01 1.90142E+01 1.92391E+01 1.99951E+01 1.99904E+01 1.99915E+01 1.99984E+01 1.92391E+01 1.90142E+01 1.77809E+01 5.73510E+02
1.86124E+01 1.98419E+01 2.00667E+01 2.08196E+01 2.08150E+01 2.08161E+01 2.08230E+01 2.00667E+01 1.98419E+01 1.86124E+01 5.98373E+02
1.94523E+01 2.06783E+01 2.09028E+01 2.16529E+01 2.16482E+01 2.16494E+01 2.16563E+01 2.09028E+01 2.06783E+01 1.94523E+01 6.23419E+02
2.03004E+01 2.15228E+01 2.17471E+01 2.24944E+01 2.24897E+01 2.24909E+01 2.24979E+01 2.17471E+01 2.15228E+01 2.03004E+01 6.48633E+02
2.11563E+01 2.23752E+01 2.25993E+01 2.33438E+01 2.33392E+01 2.33404E+01 2.33474E+01 2.25993E+01 2.23752E+01 2.11563E+01 6.74003E+02
2.20196E+01 2.32351E+01 2.34590E+01 2.42009E+01 2.41962E+01 2.41974E+01 2.42044E+01 2.34590E+01 2.32351E+01 2.20196E+01 6.99517E+02
2.28900E+01 2.41023E+01 2.43260E+01 2.50652E+01 2.50605E+01 2.50617E+01 2.50688E+01 2.43260E+01 2.41023E+01 2.28900E+01 7.25162E+02
2.37673E+01 2.49763E+01 2.51998E+01 2.59364E+01 2.59317E+01 2.59330E+01 2.59401E+01 2.51998E+01 2.49763E+01 2.37673E+01 7.50930E+02
2.46510E+01 2.58569E+01 2.60802E+01 2.68143E+01 2.68096E+01 2.68109E+01 2.68180E+01 2.60802E+01 2.58569E+01 2.46510E+01 7.76807E+02
2.55410E+01 2.67438E+01 2.69669E+01 2.76986E+01 2.76939E+01 2.76952E+01 2.77024E+01 2.69669E+01 2.67438E+01 2.55410E+01 8.02786E+02
2.64370E+01 2.76367E+01 2.78596E+01 2.85889E+01 2.85842E+01 2.85855E+01 2.85927E+01 2.78596E+01 2.76367E+01 2.64370E+01 8.28857E+02
2.73386E+01 2.85353E+01 2.87581E+01 2.94851E+01 2.94804E+01 2.94817E+01 2.94889E+01 2.87581E+01 2.85353E+01 2.73386E+01 8.55011E+02
2.82457E+01 2.94395E+01 2.96621E+01 3.03868E+01 3.03821E+01 3.03834E+01 3.03907E+01 2.96621E+01 2.94395E+01 2.82457E+01 8.81239E+02
2.91580E+01 3.03490E+01 3.05714E+01 3.12938E+01 3.12891E+01 3.12905E+01 3.12978E+01 3.05714E+01 3.03490E+01 2.91580E+01 9.07534E+02
0.00000E+00 0.00000E+00 1.75209E-01 1.07381E+00 1.06970E+00 1.06990E+00 1.07489E+00 1.75211E-01 0.00000E+00 0.00000E+00 -1.89968E+00
0.00000E+00 0.00000E+00 2.11439E-01 1.08790E+00 1.08372E+00 1.08398E+00 1.08915E+00 2.11441E-01 0.00000E+00 0.00000E+00 -5.17278E-01
0.00000E+00 6.69731E-02 3.00602E-01 1.15896E+00 1.15471E+00 1.15501E+00 1.16035E+00 3.00604E-01 6.69731E-02 0.00000E+00 1.64361E+00
0.00000E+00 2.02393E-01 4.34890E-01 1.27774E+00 1.27344E+00 1.27379E+00 1.27927E+00 4.34891E-01 2.02393E-01 0.00000E+00 4.68911E+00
0.00000E+00 3.77760E-01 6.09257E-01 1.43849E+00 1.43414E+00 1.43454E+00 1.44015E+00 6.09259E-01 3.77760E-01 0.00000E+00 8.73840E+00
0.00000E+00 5.88590E-01 8.19193E-01 1.63631E+00 1.63191E+00 1.63236E+00 1.63809E+00 8.19194E-01 5.88590E-01 0.00000E+00 1.38228E+01
0.00000E+00 8.31306E-01 1.06110E+00 1.86731E+00 1.86287E+00 1.86336E+00 1.86920E+00 1.06110E+00 8.31306E-01 0.00000E+00 1.99405E+01
0.00000E+00 1.10300E+00 1.33206E+00 2.12835E+00 2.12388E+00 2.12441E+00 2.13035E+00 1.33206E+00 1.10300E+00 0.00000E+00 2.70683E+01
1.12168E-01 1.38962E+00 1.61800E+00 2.40527E+00 2.40076E+00 2.40133E+00 2.40737E+00 1.61800E+00 1.38962E+00 1.12168E-01 3.50942E+01
4.18381E-01 1.68539E+00 1.91314E+00 2.69210E+00 2.68756E+00 2.68818E+00 2.69431E+00 1.91314E+00 1.68539E+00 4.18381E-01 4.38827E+01
7.50530E-01 2.00777E+00 2.23494E+00 3.00616E+00 3.00159E+00 3.00224E+00 3.00847E+00 2.23494E+00 2.00777E+00 7.50530E-01 5.34925E+01
1.10696E+00 2.35505E+00 2.58166E+00 3.34563E+00 3.34103E+00 3.34173E+00 3.34804E+00 2.58166E+00 2.35505E+00 1.10696E+00 6.38868E+01
1.48620E+00 2.72566E+00 2.95175E+00 3.70890E+00 3.70428E+00 3.70501E+00 3.71140E+00 2.95175E+00 2.72566E+00 1.48620E+00 7.50270E+01
1.88688E+00 3.11820E+00 3.34380E+00 4.09452E+00 4.08987E+00 4.09064E+00 4.09711E+00 3.34380E+00 3.11820E+00 1.88688E+00 8.68738E+01
2.30778E+00 3.53138E+00 3.75652E+00 4.50116E+00 4.49649E+00 4.49729E+00 4.50384E+00 3.75652E+00 3.53138E+00 2.30778E+00 9.93880E+01
2.74778E+00 3.96405E+00 4.18874E+00 4.92761E+00 4.92292E+00 4.92376E+00 4.93038E+00 4.18874E+00 3.96405E+00 2.74778E+00 1.12531E+02
3.20581E+00 4.41512E+00 4.63938E+00 5.37277E+00 5.36806E+00 5.36893E+00 5.37562E+00 4.63938E+00 4.41512E+00 3.20581E+00 1.26265E+02
3.68093E+00 4.88358E+00 5.10744E+00 5.83560E+00 5.83087E+00 5.83178E+00 5.83854E+00 5.10744E+00 4.88358E+00 3.68093E+00 1.40553E+02
4.17223E+00 5.36852E+00 5.59199E+00 6.31517E+00 6.31042E+00 6.31136E+00 6.31819E+00 5.59199E+00 5.36852E+00 4.17223E+00 1.55362E+02
4.67887E+00 5.86907E+00 6.09217E+00 6.81058E+00 6.80581E+00 6.80679E+00 6.81368E+00 6.09217E+00 5.86907E+00 4.67887E+00 1.70656E+02
5.20005E+00 6.38442E+00 6.60716E+00 7.32100E+00 7.31622E+00 7.31723E+00 7.32418E+00 6.60716E+00 6.38442E+00 5.20005E+00 1.86405E+02
5.73506E+00 6.91382E+00 7.13621E+00 7.84567E+00 7.84087E+00 7.84191E+00 7.84893E+00 7.13621E+00 6.91382E+00 5.73506E+00 2.02579E+02
6.28318E+00 7.45655E+00 7.67861E+00 8.38385E+00 8.37903E+00 8.38011E+00 8.38719E+00 7.67861E+00 7.45655E+00 6.28318E+00 2.19149E+02
6.84377E+00 8.01194E+00 8.23368E+00 8.93487E+00 8.93004E+00 8.93115E+00 8.93829E+00 8.23368E+00 8.01194E+00 6.84377E+00 2.36087E+02
7.41621E+00 8.57937E+00 8.80080E+00 9.49808E+00 9.49324E+00 9.49438E+00 9.50157E+00 8.80080E+00 8.57937E+00 7.41621E+00 2.53368E+02
7.99991E+00 9.15824E+00 9.37936E+00 1.00729E+01 1.00680E+01 1.00692E+01 1.00764E+01 9.37936E+00 9.15824E+00 7.99991E+00 2.70968E+02
8.59432E+00 9.74798E+00 9.96881E+00 1.06587E+01 1.06538E+01 1.06550E+01 1.06623E+01 9.96881E+00 9.74798E+00 8.59432E+00 2.88865E+02
9.19893E+00 1.03481E+01 1.05686E+01 1.12550E+01 1.12501E+01 1.12513E+01 1.12587E+01 1.05686E+01 1.03481E+01 9.19893E+00 3.07036E+02
9.81322E+00 1.09580E+01 1.11782E+01 1.18612E+01 1.18563E+01 1.18576E+01 1.18650E+01 1.11783E+01 1.09580E+01 9.81322E+00 3.25462E+02
1.04367E+01 1.15772E+01 1.17973E+01 1.24769E+01 1.24720E+01 1.24733E+01 1.24808E+01 1.17973E+01 1.15772E+01 1.04367E+01 3.44124E+02
1.10690E+01 1.22054E+01 1.24252E+01 1.31016E+01 1.30967E+01 1.30980E+01 1.31056E+01 1.24252E+01 1.22054E+01 1.10690E+01 3.63003E+02
1.17097E+01 1.28420E+01 1.30616E+01 1.37349E+01 1.37300E+01 1.37314E+01 1.37389E+01 1.30616E+01 1.28420E+01 1.17097E+01 3.82084E+02
1.23583E+01 1.34867E+01 1.37060E+01 1.43764E+01 1.43714E+01 1.43728E+01 1.43804E+01 1.37060E+01 1.34867E+01 1.23583E+01 4.01349E+02
1.30144E+01 1.41391E+01 1.43581E+01 1.50256E+01 1.50206E+01 1.50220E+01 1.50297E+01 1.43581E+01 1.41391E+01 1.30144E+01 4.20785E+02
1.36777E+01 1.47987E+01 1.50175E+01 1.56821E+01 1.56772E+01 1.56786E+01 1.56863E+01 1.50175E+01 1.47987E+01 1.36777E+01 4.40377E+02
1.43479E+01 1.54653E+01 1.56839E+01 1.63457E+01 1.63407E+01 1.63422E+01 1.63500E+01 1.56839E+01 1.54653E+01 1.43479E+01 4.60112E+02
1.50245E+01 1.61385E+01 1.63568E+01 1.70160E+01 1.70110E+01 1.70125E+01 1.70203E+01 1.63568E+01 1.61385E+01 1.50245E+01 4.79977E+02
1.57074E+01 1.68179E+01 1.70361E+01 1.76926E+01 1.76876E+01 1.76891E+01 1.76970E+01 1.70361E+01 1.68179E+01 1.57074E+01 4.99961E+02
1.63961E+01 1.75033E+01 1.77213E+01 1.83752E+01 1.83702E+01 1.83718E+01 1.83797E+01 1.77213E+01 1.75033E+01 1.63961E+01 5.20053E+02
1.70904E+01 1.81944E+01 1.84121E+01 1.90636E+01 1.90586E+01 1.90602E+01 1.90681E+01 1.84121E+01 1.81944E+01 1.70904E+01 5.40242E+02
1.77901E+01 1.88909E+01 1.91084E+01 1.97574E+01 1.97524E+01 1.97540E+01 1.97620E+01 1.91084E+01 1.88909E+01 1.77901E+01 5.60519E+02
1.84947E+01 1.95925E+01 1.98098E+01 2.04564E+01 2.04514E+01 2.04530E+01 2.04611E+01 1.98098E+01 1.95925E+01 1.84947E+01 5.80874E+02
1.92042E+01 2.02989E+01 2.05160E+01 2.11604E+01 2.11553E+01 2.11570E+01 2.11650E+01 2.05160E+01 2.02989E+01 1.92042E+01 6.01299E+02
1.99182E+01 2.10100E+01 2.12269E+01 2.18690E+01 2.18639E+01 2.18656E+01 2.18737E+01 2.12269E+01 2.10100E+01 1.99182E+01 6.21786E+02
2.06365E+01 2.17254E+01 2.19421E+01 2.25820E+01 2.25769E+01 2.25786E+01 2.25868E+01 2.19421E+01 2.17254E+01 2.06365E+01 6.42327E+02
2.13590E+01 2.24450E+01 2.26615E+01 2.32992E+01 2.32942E+01 2.32959E+01 2.33041E+01 2.26615E+01 2.24450E+01 2.13590E+01 6.62915E+02
2.20852E+01 2.31685E+01 2.33849E+01 2.40204E+01 2.40154E+01 2.40171E+01 2.40254E+01 2.33849E+01 2.31685E+01 2.20852E+01 6.83542E+02
2.28152E+01 2.38958E+01 2.41120E+01 2.47454E+01 2.47404E+01 2.47422E+01 2.47504E+01 2.41120E+01 2.38958E+01 2.28152E+01 7.04203E+02
2.35487E+01 2.46265E+01 2.48426E+01 2.54740E+01 2.54689E+01 2.54708E+01 2.54790E+01 2.48426E+01 2.46265E+01 2.35487E+01 7.24891E+02
2.42854E+01 2.53607E+01 2.55765E+01 2.62060E+01 2.62009E+01 2.62027E+01 2.62111E+01 2.55765E+01 2.53607E+01 2.42854E+01 7.45601E+02
0.00000E+00 0.00000E+00 1.68400E-01 9.54093E-01 9.49596E-01 9.49871E-01 9.55530E-01 1.68401E-01 0.00000E+00 0.00000E+00 -1.79897E+00
0.00000E+00 0.00000E+00 2.05406E-01 9.71440E-01 9.66865E-01 9.67213E-01 9.73083E-01 2.05407E-01 0.00000E+00 0.00000E+00 -4.87186E-01
0.00000E+00 6.33909E-02 2.90181E-01 1.04013E+00 1.03549E+00 1.03591E+00 1.04196E+00 2.90182E-01 6.33909E-02 0.00000E+00 1.55579E+00
0.00000E+00 1.89098E-01 4.14787E-01 1.15097E+00 1.14627E+00 1.14675E+00 1.15297E+00 4.14788E-01 1.89098E-01 0.00000E+00 4.40810E+00
0.00000E+00 3.49477E-01 5.74195E-01 1.29829E+00 1.29354E+00 1.29409E+00 1.30045E+00 5.74196E-01 3.49477E-01 0.00000E+00 8.16012E+00
0.00000E+00 5.40204E-01 7.64052E-01 1.47739E+00 1.47260E+00 1.47320E+00 1.47970E+00 7.64052E-01 5.40204E-01 0.00000E+00 1.28217E+01
0.00000E+00 7.57893E-01 9.80953E-01 1.68460E+00 1.67977E+00 1.68043E+00 1.68707E+00 9.80954E-01 7.57893E-01 0.00000E+00 1.83755E+01
0.00000E+00 9.99831E-01 1.22217E+00 1.91702E+00 1.91215E+00 1.91287E+00 1.91963E+00 1.22217E+00 9.99831E-01 0.00000E+00 2.47876E+01
1.00129E-01 1.25441E+00 1.47609E+00 2.16293E+00 2.15803E+00 2.15880E+00 2.16566E+00 1.47609E+00 1.25441E+00 1.00129E-01 3.19341E+01
3.72155E-01 1.51689E+00 1.73797E+00 2.41743E+00 2.41250E+00 2.41333E+00 2.42030E+00 1.73797E+00 1.51689E+00 3.72155E-01 3.96807E+01
6.65382E-01 1.80120E+00 2.02171E+00 2.69430E+00 2.68934E+00 2.69022E+00 2.69730E+00 2.02171E+00 1.80120E+00 6.65382E-01 4.80964E+01
9.78296E-01 2.10575E+00 2.32572E+00 2.99188E+00 2.98689E+00 2.98782E+00 2.99500E+00 2.32572E+00 2.10575E+00 9.78296E-01 5.71442E+01
1.30954E+00 2.42912E+00 2.64859E+00 3.30869E+00 3.30369E+00 3.30467E+00 3.31193E+00 2.64859E+00 2.42912E+00 1.30954E+00 6.67866E+01
1.65791E+00 2.77005E+00 2.98903E+00 3.64344E+00 3.63841E+00 3.63943E+00 3.64680E+00 2.98904E+00 2.77005E+00 1.65791E+00 7.69862E+01
2.02229E+00 3.12739E+00 3.34592E+00 3.99492E+00 3.98987E+00 3.99095E+00 3.99840E+00 3.34592E+00 3.12739E+00 2.02229E+00 8.77066E+01
2.40169E+00 3.50009E+00 3.71819E+00 4.36207E+00 4.35700E+00 4.35813E+00 4.36566E+00 3.71819E+00 3.50009E+00 2.40169E+00 9.89124E+01
2.79517E+00 3.88721E+00 4.10489E+00 4.74391E+00 4.73882E+00 4.73999E+00 4.74761E+00 4.10489E+00 3.88721E+00 2.79517E+00 1.10570E+02
3.20190E+00 4.28786E+00 4.50514E+00 5.13954E+00 5.13442E+00 5.13564E+00 5.14334E+00 4.50515E+00 4.28786E+00 3.20190E+00 1.22647E+02
3.62109E+00 4.70124E+00 4.91815E+00 5.54811E+00 5.54299E+00 5.54425E+00 5.55202E+00 4.91815E+00 4.70124E+00 3.62109E+00 1.35112E+02
4.05200E+00 5.12660E+00 5.34314E+00 5.96888E+00 5.96373E+00 5.96504E+00 5.97289E+00 5.34314E+00 5.12660E+00 4.05200E+00 1.47938E+02
4.49397E+00 5.56324E+00 5.77943E+00 6.40112E+00 6.39595E+00 6.39731E+00 6.40523E+00 5.77943E+00 5.56324E+00 4.49397E+00 1.61096E+02
4.94637E+00 6.01051E+00 6.22636E+00 6.84416E+00 6.83899E+00 6.84039E+00 6.84838E+00 6.22636E+00 6.01051E+00 4.94637E+00 1.74562E+02
5.40859E+00 6.46781E+00 6.68334E+00 7.29740E+00 7.29221E+00 7.29365E+00 7.30171E+00 6.68334E+00 6.46781E+00 5.40859E+00 1.88311E+02
5.88009E+00 6.93456E+00 7.14978E+00 7.76025E+00 7.75505E+00 7.75653E+00 7.76466E+00 7.14978E+00 6.93456E+00 5.88009E+00 2.02320E+02
6.36035E+00 7.41025E+00 7.62516E+00 8.23217E+00 8.22695E+00 8.22848E+00 8.23667E+00 7.62516E+00 7.41025E+00 6.36035E+00 2.16569E+02
6.84887E+00 7.89435E+00 8.10897E+00 8.71264E+00 8.70741E+00 8.70898E+00 8.71724E+00 8.10897E+00 7.89435E+00 6.84887E+00 2.31037E+02
7.34520E+00 8.38642E+00 8.60075E+00 9.20119E+00 9.19595E+00 9.19756E+00 9.20588E+00 8.60075E+00 8.38642E+00 7.34520E+00 2.45707E+02
7.84891E+00 8.88599E+00 9.10005E+00 9.69737E+00 9.69212E+00 9.69377E+00 9.70216E+00 9.10005E+00 8.88599E+00 7.84891E+00 2.60561E+02
8.35958E+00 9.39266E+00 9.60645E+00 1.02008E+01 1.01955E+01 1.01972E+01 1.02056E+01 9.60645E+00 9.39266E+00 8.35958E+00 2.75582E+02
8.87682E+00 9.90602E+00 1.01196E+01 1.07109E+01 1.07057E+01 1.07074E+01 1.07159E+01 1.01196E+01 9.90602E+00 8.87682E+00 2.90756E+02
9.40028E+00 1.04257E+01 1.06390E+01 1.12276E+01 1.12223E+01 1.12240E+01 1.12326E+01 1.06390E+01 1.04257E+01 9.40028E+00 3.06069E+02
9.92959E+00 1.09514E+01 1.11644E+01 1.17502E+01 1.17449E+01 1.17467E+01 1.17554E+01 1.11644E+01 1.09514E+01 9.92959E+00 3.21507E+02
1.04644E+01 1.14827E+01 1.16955E+01 1.22786E+01 1.22733E+01 1.22752E+01 1.22838E+01 1.16955E+01 1.14827E+01 1.04644E+01 3.37059E+02
1.10045E+01 1.20193E+01 1.22319E+01 1.28124E+01 1.28071E+01 1.28090E+01 1.28177E+01 1.22319E+01 1.20193E+01 1.10045E+01 3.52711E+02
1.15495E+01 1.25609E+01 1.27733E+01 1.33513E+01 1.33460E+01 1.33479E+01 1.33567E+01 1.27733E+01 1.25609E+01 1.15495E+01 3.68455E+02
1.20992E+01 1.31073E+01 1.33194E+01 1.38950E+01 1.38897E+01 1.38916E+01 1.39005E+01 1.33194E+01 1.31073E+01 1.20992E+01 3.84279E+02
1.26532E+01 1.36582E+01 1.38700E+01 1.44433E+01 1.44379E+01 1.44399E+01 1.44488E+01 1.38700E+01 1.36582E+01 1.26532E+01 4.00174E+02
1.32114E+01 1.42132E+01 1.44249E+01 1.49958E+01 1.49904E+01 1.49925E+01 1.50014E+01 1.44249E+01 1.42132E+01 1.32114E+01 4.16131E+02
1.37734E+01 1.47722E+01 1.49837E+01 1.55523E+01 1.55469E+01 1.55490E+01 1.55580E+01 1.49837E+01 1.47722E+01 1.37734E+01 4.32143E+02
1.43391E+01 1.53350E+01 1.55462E+01 1.61126E+01 1.61073E+01 1.61094E+01 1.61184E+01 1.55462E+01 1.53350E+01 1.43391E+01 4.48201E+02
1.49082E+01 1.59012E+01 1.61123E+01 1.66765E+01 1.66712E+01 1.66733E+01 1.66824E+01 1.61123E+01 1.59012E+01 1.49082E+01 4.64299E+02
1.54806E+01 1.64708E+01 1.66816E+01 1.72438E+01 1.72384E+01 1.72406E+01 1.72497E+01 1.66816E+01 1.64708E+01 1.54806E+01 4.80428E+02
1.60560E+01 1.70434E+01 1.72541E+01 1.78142E+01 1.78088E+01 1.78110E+01 1.78202E+01 1.72541E+01 1.70434E+01 1.60560E+01 4.96584E+02
1.66343E+01 1.76190E+01 1.78295E+01 1.83876E+01 1.83822E+01 1.83844E+01 1.83936E+01 1.78295E+01 1.76190E+01 1.66343E+01 5.12760E+02
1.72152E+01 1.81973E+01 1.84076E+01 1.89637E+01 1.89583E+01 1.89606E+01 1.89699E+01 1.84076E+01 1.81973E+01 1.72152E+01 5.28951E+02
1.77986E+01 1.87781E+01 1.89882E+01 1.95424E+01 1.95370E+01 1.95393E+01 1.95487E+01 1.89882E+01 1.87781E+01 1.77986E+01 5.45151E+02
1.83844E+01 1.93613E+01 1.95713E+01 2.01236E+01 2.01182E+01 2.01205E+01 2.01299E+01 1.95713E+01 1.93613E+01 1.83844E+01 5.61355E+02
1.89723E+01 1.99468E+01 2.01566E+01 2.07070E+01 2.07016E+01 2.07040E+01 2.07134E+01 2.01566E+01 1.99468E+01 1.89723E+01 5.77560E+02
1.95623E+01 2.05343E+01 2.07439E+01 2.12926E+01 2.12872E+01 2.12896E+01 2.12990E+01 2.07439E+01 2.05343E+01 1.95623E+01 5.93761E+02
2.01541E+01 2.11238E+01 2.13332E+01 2.18801E+01 2.18747E+01 2.18771E+01 2.18867E+01 2.13332E+01 2.11238E+01 2.01541E+01 6.09953E+02
0.00000E+00 0.00000E+00 1.61636E-01 8.46929E-01 8.42012E-01 8.42373E-01 8.48779E-01 1.61636E-01 0.00000E+00 0.00000E+00 -1.71063E+00
0.00000E+00 0.00000E+00 1.99518E-01 8.67365E-01 8.62370E-01 8.62832E-01 8.69482E-01 1.99519E-01 0.00000E+00 0.00000E+00 -4.58865E-01
0.00000E+00 6.00298E-02 2.80182E-01 9.33757E-01 9.28698E-01 9.29253E-01 9.36114E-01 2.80182E-01 6.00298E-02 0.00000E+00 1.47780E+00
0.00000E+00 1.76670E-01 3.95751E-01 1.03711E+00 1.03200E+00 1.03264E+00 1.03969E+00 3.95752E-01 1.76670E-01 0.00000E+00 4.15112E+00
0.00000E+00 3.23183E-01 5.41318E-01 1.17196E+00 1.16679E+00 1.16752E+00 1.17475E+00 5.41319E-01 3.23183E-01 0.00000E+00 7.62577E+00
0.00000E+00 4.95463E-01 7.12751E-01 1.33384E+00 1.32864E+00 1.32945E+00 1.33683E+00 7.12752E-01 4.95463E-01 0.00000E+00 1.18935E+01
0.00000E+00 6.90350E-01 9.06872E-01 1.51938E+00 1.51413E+00 1.51502E+00 1.52255E+00 9.06872E-01 6.90350E-01 0.00000E+00 1.69247E+01
0.00000E+00 9.05344E-01 1.12117E+00 1.72587E+00 1.72059E+00 1.72155E+00 1.72923E+00 1.12117E+00 9.05344E-01 0.00000E+00 2.26779E+01
8.91674E-02 1.13093E+00 1.34611E+00 1.94371E+00 1.93840E+00 1.93944E+00 1.94724E+00 1.34611E+00 1.13093E+00 8.91674E-02 2.90223E+01
3.30212E-01 1.36326E+00 1.57785E+00 2.16891E+00 2.16358E+00 2.16469E+00 2.17261E+00 1.57785E+00 1.36326E+00 3.30212E-01 3.58279E+01
5.88383E-01 1.61329E+00 1.82732E+00 2.41229E+00 2.40693E+00 2.40811E+00 2.41616E+00 1.82732E+00 1.61329E+00 5.88383E-01 4.31716E+01
8.62312E-01 1.87958E+00 2.09309E+00 2.67236E+00 2.66697E+00 2.66822E+00 2.67638E+00 2.09309E+00 1.87958E+00 8.62312E-01 5.10174E+01
1.15079E+00 2.16086E+00 2.37388E+00 2.94778E+00 2.94238E+00 2.94369E+00 2.95196E+00 2.37388E+00 2.16086E+00 1.15079E+00 5.93295E+01
1.45273E+00 2.45601E+00 2.66856E+00 3.23740E+00 3.23198E+00 3.23336E+00 3.24174E+00 2.66856E+00 2.45601E+00 1.45273E+00 6.80735E+01
1.76716E+00 2.76401E+00 2.97611E+00 3.54018E+00 3.53473E+00 3.53618E+00 3.54466E+00 2.97611E+00 2.76401E+00 1.76716E+00 7.72162E+01
2.09321E+00 3.08395E+00 3.29563E+00 3.85516E+00 3.84970E+00 3.85121E+00 3.85978E+00 3.29563E+00 3.08395E+00 2.09321E+00 8.67261E+01
2.43007E+00 3.41500E+00 3.62627E+00 4.18149E+00 4.17601E+00 4.17758E+00 4.18626E+00 3.62627E+00 3.41500E+00 2.43007E+00 9.65733E+01
2.77702E+00 3.75639E+00 3.96728E+00 4.51840E+00 4.51290E+00 4.51453E+00 4.52330E+00 3.96728E+00 3.75639E+00 2.77702E+00 1.06730E+02
3.13337E+00 4.10744E+00 4.31796E+00 4.86515E+00 4.85964E+00 4.86134E+00 4.87019E+00 4.31796E+00 4.10744E+00 3.13337E+00 1.17170E+02
3.49850E+00 4.46750E+00 4.67766E+00 5.22111E+00 5.21559E+00 5.21734E+00 5.22628E+00 4.67766E+00 4.46750E+00 3.49850E+00 1.27868E+02
3.87185E+00 4.83598E+00 5.04580E+00 5.58566E+00 5.58013E+00 5.58194E+00 5.59097E+00 5.04580E+00 4.83598E+00 3.87185E+00 1.38802E+02
4.25288E+00 5.21233E+00 5.42182E+00 5.95824E+00 5.95269E+00 5.95457E+00 5.96367E+00 5.42182E+00 5.21233E+00 4.25288E+00 1.49951E+02
4.64110E+00 5.59605E+00 5.80522E+00 6.33834E+00 6.33277E+00 6.33470E+00 6.34389E+00 5.80522E+00 5.59605E+00 4.64110E+00 1.61294E+02
5.03604E+00 5.98665E+00 6.19552E+00 6.72545E+00 6.71988E+00 6.72186E+00 6.73113E+00 6.19552E+00 5.98665E+00 5.03604E+00 1.72813E+02
5.43727E+00 6.38371E+00 6.59227E+00 7.11914E+00 7.11356E+00 7.11560E+00 7.12494E+00 6.59228E+00 6.38371E+00 5.43727E+00 1.84492E+02
5.84439E+00 6.78679E+00 6.99507E+00 7.51898E+00 7.51339E+00 7.51549E+00 7.52490E+00 6.99507E+00 6.78679E+00 5.84439E+00 1.96314E+02
6.25702E+00 7.19552E+00 7.40352E+00 7.92458E+00 7.91898E+00 7.92113E+00 7.93062E+00 7.40353E+00 7.19552E+00 6.25702E+00 2.08265E+02
6.67481E+00 7.60954E+00 7.81727E+00 8.33557E+00 8.32995E+00 8.33216E+00 8.34172E+00 7.81727E+00 7.60954E+00 6.67481E+00 2.20331E+02
7.09742E+00 8.02849E+00 8.23597E+00 8.75159E+00 8.74597E+00 8.74823E+00 8.75787E+00 8.23597E+00 8.02849E+00 7.09742E+00 2.32499E+02
7.52454E+00 8.45208E+00 8.65929E+00 9.17234E+00 9.16671E+00 9.16902E+00 9.17872E+00 8.65929E+00 8.45208E+00 7.52454E+00 2.44758E+02
7.95589E+00 8.87998E+00 9.08695E+00 9.59749E+00 9.59185E+00 9.59421E+00 9.60399E+00 9.08695E+00 8.87998E+00 7.95589E+00 2.57097E+02
8.39117E+00 9.31193E+00 9.51866E+00 1.00268E+01 1.00211E+01 1.00235E+01 1.00334E+01 9.51866E+00 9.31193E+00 8.39117E+00 2.69505E+02
8.83013E+00 9.74765E+00 9.95414E+00 1.04599E+01 1.04542E+01 1.04567E+01 1.04666E+01 9.95414E+00 9.74765E+00 8.83013E+00 2.81974E+02
9.27253E+00 1.01869E+01 1.03932E+01 1.08966E+01 1.08910E+01 1.08935E+01 1.09034E+01 1.03932E+01 1.01869E+01 9.27253E+00 2.94494E+02
9.71813E+00 1.06294E+01 1.08355E+01 1.13367E+01 1.13310E+01 1.13336E+01 1.13436E+01 1.08355E+01 1.06294E+01 9.71813E+00 3.07057E+02
1.01667E+01 1.10750E+01 1.12808E+01 1.17799E+01 1.17742E+01 1.17768E+01 1.17869E+01 1.12808E+01 1.10750E+01 1.01667E+01 3.19657E+02
1.06181E+01 1.15234E+01 1.17291E+01 1.22260E+01 1.22203E+01 1.22230E+01 1.22331E+01 1.17291E+01 1.15234E+01 1.06181E+01 3.32286E+02
1.10720E+01 1.19745E+01 1.21799E+01 1.26748E+01 1.26691E+01 1.26719E+01 1.26821E+01 1.21799E+01 1.19745E+01 1.10720E+01 3.44937E+02
1.15283E+01 1.24281E+01 1.26333E+01 1.31262E+01 1.31205E+01 1.31232E+01 1.31335E+01 1.26333E+01 1.24281E+01 1.15283E+01 3.57605E+02
1.19868E+01 1.28839E+01 1.30889E+01 1.35798E+01 1.35741E+01 1.35769E+01 1.35873E+01 1.30889E+01 1.28839E+01 1.19868E+01 3.70284E+02
1.24474E+01 1.33418E+01 1.35466E+01 1.40357E+01 1.40300E+01 1.40328E+01 1.40432E+01 1.35466E+01 1.33418E+01 1.24474E+01 3.82969E+02
1.29099E+01 1.38017E+01 1.40063E+01 1.44935E+01 1.44878E+01 1.44907E+01 1.45011E+01 1.40063E+01 1.38017E+01 1.29099E+01 3.95655E+02
1.33741E+01 1.42634E+01 1.44678E+01 1.49532E+01 1.49475E+01 1.49504E+01 1.49609E+01 1.44678E+01 1.42634E+01 1.33741E+01 4.08338E+02
1.38399E+01 1.47267E+01 1.49310E+01 1.54145E+01 1.54088E+01 1.54118E+01 1.54224E+01 1.49310E+01 1.47267E+01 1.38399E+01 4.21013E+02
1.43071E+01 1.51916E+01 1.53956E+01 1.58775E+01 1.58717E+01 1.58748E+01 1.58854E+01 1.53956E+01 1.51916E+01 1.43071E+01 4.33677E+02
1.47757E+01 1.56578E+01 1.58617E+01 1.63418E+01 1.63361E+01 1.63392E+01 1.63498E+01 1.58617E+01 1.56578E+01 1.47757E+01 4.46326E+02
1.52455E+01 1.61253E+01 1.63290E+01 1.68075E+01 1.68017E+01 1.68049E+01 1.68156E+01 1.63290E+01 1.61253E+01 1.52455E+01 4.58957E+02
1.57164E+01 1.65939E+01 1.67975E+01 1.72743E+01 1.72686E+01 1.72718E+01 1.72825E+01 1.67975E+01 1.65939E+01 1.57164E+01 4.71567E+02
1.61883E+01 1.70636E+01 1.72670E+01 1.77422E+01 1.77365E+01 1.77397E+01 1.77505E+01 1.72670E+01 1.70636E+01 1.61883E+01 4.84153E+02
1.66610E+01 1.75342E+01 1.77374E+01 1.82111E+01 1.82053E+01 1.82086E+01 1.82195E+01 1.77374E+01 1.75342E+01 1.66610E+01 4.96713E+02
0.00000E+00 0.00000E+00 1.54974E-01 7.51043E-01 7.45680E-01 7.46158E-01 7.53414E-01 1.54974E-01 0.00000E+00 0.00000E+00 -1.63333E+00
0.00000E+00 0.00000E+00 1.93781E-01 7.74383E-01 7.68947E-01 7.69564E-01 7.77104E-01 1.93781E-01 0.00000E+00 0.00000E+00 -4.31491E-01
0.00000E+00 5.68580E-02 2.70565E-01 8.38517E-01 8.33021E-01 8.33766E-01 8.41551E-01 2.70565E-01 5.68580E-02 0.00000E+00 1.40938E+00
0.00000E+00 1.65018E-01 3.77682E-01 9.34810E-01 9.29263E-01 9.30129E-01 9.38135E-01 3.77682E-01 1.65018E-01 0.00000E+00 3.91650E+00
0.00000E+00 2.98696E-01 5.10437E-01 1.05807E+00 1.05248E+00 1.05346E+00 1.06166E+00 5.10437E-01 2.98696E-01 0.00000E+00 7.13194E+00
0.00000E+00 4.54053E-01 6.64969E-01 1.20414E+00 1.19851E+00 1.19961E+00 1.20800E+00 6.64969E-01 4.54053E-01 0.00000E+00 1.10326E+01
0.00000E+00 6.28180E-01 8.38348E-01 1.36991E+00 1.36425E+00 1.36545E+00 1.37402E+00 8.38348E-01 6.28180E-01 0.00000E+00 1.55795E+01
0.00000E+00 8.18802E-01 1.02829E+00 1.55294E+00 1.54725E+00 1.54855E+00 1.55728E+00 1.02829E+00 8.18802E-01 0.00000E+00 2.07265E+01
7.91970E-02 1.01819E+00 1.22705E+00 1.74541E+00 1.73970E+00 1.74109E+00 1.74998E+00 1.22705E+00 1.01819E+00 7.91970E-02 2.63401E+01
2.92202E-01 1.22324E+00 1.43152E+00 1.94410E+00 1.93836E+00 1.93985E+00 1.94888E+00 1.43152E+00 1.22324E+00 2.92202E-01 3.22975E+01
5.18846E-01 1.44245E+00 1.65019E+00 2.15737E+00 2.15161E+00 2.15320E+00 2.16236E+00 1.65019E+00 1.44245E+00 5.18846E-01 3.86806E+01
7.57911E-01 1.67454E+00 1.88176E+00 2.38390E+00 2.37812E+00 2.37980E+00 2.38910E+00 1.88176E+00 1.67454E+00 7.57911E-01 4.54554E+01
1.00833E+00 1.91839E+00 2.12513E+00 2.62252E+00 2.61672E+00 2.61849E+00 2.62792E+00 2.12513E+00 1.91839E+00 1.00833E+00 5.25889E+01
1.26915E+00 2.17301E+00 2.37929E+00 2.87221E+00 2.86640E+00 2.86826E+00 2.87780E+00 2.37929E+00 2.17301E+00 1.26915E+00 6.00499E+01
1.53954E+00 2.43752E+00 2.64337E+00 3.13206E+00 3.12623E+00 3.12817E+00 3.13784E+00 2.64337E+00 2.43752E+00 1.53954E+00 6.78088E+01
1.81874E+00 2.71113E+00 2.91657E+00 3.40125E+00 3.39540E+00 3.39743E+00 3.40721E+00 2.91657E+00 2.71113E+00 1.81874E+00 7.58381E+01
2.10605E+00 2.99313E+00 3.19817E+00 3.67904E+00 3.67318E+00 3.67530E+00 3.68519E+00 3.19817E+00 2.99313E+00 2.10605E+00 8.41121E+01
2.40086E+00 3.28288E+00 3.48754E+00 3.96477E+00 3.95890E+00 3.96110E+00 3.97110E+00 3.48754E+00 3.28288E+00 2.40086E+00 9.26070E+01
2.70259E+00 3.57977E+00 3.78407E+00 4.25784E+00 4.25196E+00 4.25423E+00 4.26434E+00 3.78407E+00 3.57977E+00 2.70259E+00 1.01301E+02
3.01073E+00 3.88327E+00 4.08723E+00 4.55768E+00 4.55179E+00 4.55415E+00 4.56435E+00 4.08723E+00 3.88327E+00 3.01073E+00 1.10173E+02
3.32480E+00 4.19290E+00 4.39651E+00 4.86380E+00 4.85790E+00 4.86033E+00 4.87064E+00 4.39651E+00 4.19290E+00 3.32480E+00 1.19204E+02
3.64436E+00 4.50818E+00 4.71148E+00 5.17572E+00 5.16981E+00 5.17232E+00 5.18272E+00 4.71148E+00 4.50818E+00 3.64436E+00 1.28378E+02
3.96900E+00 4.82871E+00 5.03169E+00 5.49301E+00 5.48709E+00 5.48968E+00 5.50018E+00 5.03169E+00 4.82871E+00 3.96900E+00 1.37678E+02
4.29833E+00 5.15409E+00 5.35677E+00 5.81528E+00 5.80935E+00 5.81201E+00 5.82260E+00 5.35677E+00 5.15409E+00 4.29833E+00 1.47090E+02
4.63202E+00 5.48396E+00 5.68635E+00 6.14215E+00 6.13621E+00 6.13895E+00 6.14963E+00 5.68635E+00 5.48396E+00 4.63202E+00 1.56600E+02
4.96973E+00 5.81798E+00 6.02009E+00 6.47328E+00 6.46734E+00 6.47015E+00 6.48091E+00 6.02009E+00 5.81798E+00 4.96973E+00 1.66196E+02
5.31116E+00 6.15585E+00 6.35769E+00 6.80835E+00 6.80240E+00 6.80528E+00 6.81613E+00 6.35769E+00 6.15585E+00 5.31116E+00 1.75866E+02
5.65603E+00 6.49727E+00 6.69884E+00 7.14707E+00 7.14111E+00 7.14407E+00 7.15500E+00 6.69884E+00 6.49727E+00 5.65603E+00 1.85600E+02
6.00406E+00 6.84197E+00 7.04328E+00 7.48915E+00 7.48319E+00 7.48622E+00 7.49723E+00 7.04329E+00 6.84197E+00 6.00406E+00 1.95388E+02
6.35503E+00 7.18970E+00 7.39076E+00 7.83435E+00 7.82838E+00 7.83148E+00 7.84257E+00 7.39076E+00 7.18970E+00 6.35503E+00 2.05221E+02
6.70868E+00 7.54021E+00 7.74104E+00 8.18241E+00 8.17644E+00 8.17960E+00 8.19077E+00 7.74104E+00 7.54021E+00 6.70868E+00 2.15091E+02
7.06482E+00 7.89330E+00 8.09388E+00 8.53311E+00 8.52714E+00 8.53036E+00 8.54162E+00 8.09388E+00 7.89330E+00 7.06482E+00 2.24992E+02
7.42322E+00 8.24874E+00 8.44910E+00 8.88624E+00 8.88026E+00 8.88356E+00 8.89488E+00 8.44910E+00 8.24874E+00 7.42322E+00 2.34914E+02
7.78371E+00 8.60635E+00 8.80648E+00 9.24160E+00 9.23562E+00 9.23898E+00 9.25038E+00 8.80648E+00 8.60635E+00 7.78371E+00 2.44854E+02
8.14610E+00 8.96593E+00 9.16585E+00 9.59900E+00 9.59302E+00 9.59644E+00 9.60792E+00 9.16585E+00 8.96593E+00 8.14610E+00 2.54804E+02
8.51023E+00 9.32733E+00 9.52703E+00 9.95827E+00 9.95228E+00 9.95577E+00 9.96732E+00 9.52703E+00 9.32733E+00 8.51023E+00 2.64759E+02
8.87593E+00 9.69037E+00 9.88986E+00 1.03192E+01 1.03132E+01 1.03168E+01 1.03284E+01 9.88986E+00 9.69037E+00 8.87593E+00 2.74714E+02
9.24306E+00 1.00549E+01 1.02542E+01 1.06818E+01 1.06758E+01 1.06794E+01 1.06911E+01 1.02542E+01 1.00549E+01 9.24306E+00 2.84665E+02
9.61148E+00 1.04208E+01 1.06199E+01 1.10457E+01 1.10397E+01 1.10434E+01 1.10551E+01 1.06199E+01 1.04208E+01 9.61148E+00 2.94608E+02
9.98105E+00 1.07879E+01 1.09868E+01 1.14109E+01 1.14049E+01 1.14086E+01 1.14204E+01 1.09868E+01 1.07879E+01 9.98105E+00 3.04538E+02
1.03517E+01 1.11561E+01 1.13548E+01 1.17772E+01 1.17712E+01 1.17750E+01 1.17869E+01 1.13548E+01 1.11561E+01 1.03517E+01 3.14453E+02
1.07232E+01 1.15253E+01 1.17238E+01 1.21445E+01 1.21385E+01 1.21424E+01 1.21543E+01 1.17238E+01 1.15253E+01 1.07232E+01 3.24348E+02
1.10955E+01 1.18953E+01 1.20936E+01 1.25127E+01 1.25067E+01 1.25107E+01 1.25227E+01 1.20936E+01 1.18953E+01 1.10955E+01 3.34222E+02
1.14685E+01 1.22660E+01 1.24642E+01 1.28818E+01 1.28757E+01 1.28797E+01 1.28918E+01 1.24642E+01 1.22660E+01 1.14685E+01 3.44071E+02
1.18421E+01 1.26374E+01 1.28354E+01 1.32515E+01 1.32455E+01 1.32495E+01 1.32616E+01 1.28354E+01 1.26374E+01 1.18421E+01 3.53893E+02
1.22163E+01 1.30094E+01 1.32072E+01 1.36218E+01 1.36157E+01 1.36198E+01 1.36321E+01 1.32072E+01 1.30094E+01 1.22163E+01 3.63685E+02
1.25908E+01 1.33818E+01 1.35795E+01 1.39925E+01 1.39865E+01 1.39907E+01 1.40030E+01 1.35795E+01 1.33818E+01 1.25908E+01 3.73446E+02
1.29657E+01 1.37547E+01 1.39521E+01 1.43638E+01 1.43577E+01 1.43620E+01 1.43743E+01 1.39521E+01 1.37547E+01 1.29657E+01 3.83174E+02
1.33408E+01 1.41278E+01 1.43251E+01 1.47353E+01 1.47293E+01 1.47336E+01 1.47459E+01 1.43251E+01 1.41278E+01 1.33408E+01 3.92866E+02
1.37161E+01 1.45011E+01 1.46982E+01 1.51071E+01 1.51011E+01 1.51054E+01 1.51179E+01 1.46982E+01 1.45011E+01 1.37161E+01 4.02521E+02
0.00000E+00 0.00000E+00 1.48475E-01 6.65309E-01 6.59478E-01 6.60131E-01 6.68368E-01 1.48475E-01 0.00000E+00 0.00000E+00 -1.56569E+00
0.00000E+00 0.00000E+00 1.88201E-01 6.91342E-01 6.85445E-01 6.86289E-01 6.94858E-01 1.88200E-01 0.00000E+00 0.00000E+00 -4.04066E-01
0.00000E+00 5.38459E-02 2.61291E-01 7.53237E-01 7.47288E-01 7.48307E-01 7.57163E-01 2.61291E-01 5.38459E-02 0.00000E+00 1.35053E+00
0.00000E+00 1.54058E-01 3.60485E-01 8.42853E-01 8.36861E-01 8.38045E-01 8.47158E-01 3.60484E-01 1.54058E-01 0.00000E+00 3.70294E+00
0.00000E+00 2.75850E-01 4.81376E-01 9.55341E-01 9.49313E-01 9.50653E-01 9.60002E-01 4.81376E-01 2.75850E-01 0.00000E+00 6.67569E+00
0.00000E+00 4.15686E-01 6.20406E-01 1.08689E+00 1.08084E+00 1.08232E+00 1.09189E+00 6.20406E-01 4.15686E-01 0.00000E+00 1.02339E+01
0.00000E+00 5.70926E-01 7.74915E-01 1.23468E+00 1.22859E+00 1.23022E+00 1.23999E+00 7.74915E-01 5.70926E-01 0.00000E+00 1.43322E+01
0.00000E+00 7.39524E-01 9.42845E-01 1.39650E+00 1.39039E+00 1.39216E+00 1.40212E+00 9.42845E-01 7.39524E-01 0.00000E+00 1.89218E+01
7.01394E-02 9.15269E-01 1.11798E+00 1.56607E+00 1.55994E+00 1.56184E+00 1.57198E+00 1.11798E+00 9.15269E-01 7.01394E-02 2.38707E+01
2.57803E-01 1.09567E+00 1.29781E+00 1.74079E+00 1.73464E+00 1.73667E+00 1.74698E+00 1.29781E+00 1.09567E+00 2.57803E-01 2.90647E+01
4.56140E-01 1.28721E+00 1.48882E+00 1.92704E+00 1.92088E+00 1.92304E+00 1.93350E+00 1.48882E+00 1.28721E+00 4.56140E-01 3.45887E+01
6.64083E-01 1.48878E+00 1.68989E+00 2.12365E+00 2.11748E+00 2.11976E+00 2.13038E+00 1.68989E+00 1.48878E+00 6.64083E-01 4.04115E+01
8.80706E-01 1.69941E+00 1.90004E+00 2.32961E+00 2.32342E+00 2.32583E+00 2.33660E+00 1.90004E+00 1.69941E+00 8.80706E-01 4.65033E+01
1.10519E+00 1.91823E+00 2.11842E+00 2.54403E+00 2.53784E+00 2.54036E+00 2.55127E+00 2.11842E+00 1.91823E+00 1.10519E+00 5.28365E+01
1.33683E+00 2.14450E+00 2.34426E+00 2.76614E+00 2.75993E+00 2.76257E+00 2.77362E+00 2.34426E+00 2.14450E+00 1.33683E+00 5.93853E+01
1.57496E+00 2.37754E+00 2.57689E+00 2.99523E+00 2.98902E+00 2.99176E+00 3.00295E+00 2.57689E+00 2.37754E+00 1.57496E+00 6.61262E+01
1.81902E+00 2.61674E+00 2.81571E+00 3.23069E+00 3.22446E+00 3.22732E+00 3.23864E+00 2.81571E+00 2.61674E+00 1.81902E+00 7.30376E+01
2.06848E+00 2.86158E+00 3.06017E+00 3.47195E+00 3.46572E+00 3.46868E+00 3.48012E+00 3.06017E+00 2.86158E+00 2.06848E+00 8.00995E+01
2.32288E+00 3.11155E+00 3.30979E+00 3.71850E+00 3.71227E+00 3.71534E+00 3.72691E+00 3.30979E+00 3.11155E+00 2.32288E+00 8.72938E+01
2.58177E+00 3.36621E+00 3.56411E+00 3.96990E+00 3.96367E+00 3.96684E+00 3.97852E+00 3.56411E+00 3.36621E+00 2.58177E+00 9.46039E+01
2.84478E+00 3.62516E+00 3.82272E+00 4.22572E+00 4.21948E+00 4.22276E+00 4.23456E+00 3.82273E+00 3.62516E+00 2.84478E+00 1.02015E+02
3.11154E+00 3.88802E+00 4.08527E+00 4.48558E+00 4.47934E+00 4.48272E+00 4.49462E+00 4.08527E+00 3.88802E+00 3.11154E+00 1.09513E+02
3.38173E+00 4.15445E+00 4.35139E+00 4.74913E+00 4.74288E+00 4.74636E+00 4.75838E+00 4.35139E+00 4.15445E+00 3.38173E+00 1.17085E+02
3.65503E+00 4.42414E+00 4.62078E+00 5.01604E+00 5.00979E+00 5.01337E+00 5.02549E+00 4.62078E+00 4.42414E+00 3.65503E+00 1.24720E+02
3.93117E+00 4.69680E+00 4.89315E+00 5.28602E+00 5.27977E+00 5.28345E+00 5.29567E+00 4.89316E+00 4.69680E+00 3.93117E+00 1.32408E+02
4.20990E+00 4.97216E+00 5.16824E+00 5.55880E+00 5.55255E+00 5.55632E+00 5.56865E+00 5.16824E+00 4.97216E+00 4.20990E+00 1.40140E+02
4.49097E+00 5.24997E+00 5.44578E+00 5.83412E+00 5.82787E+00 5.83173E+00 5.84416E+00 5.44578E+00 5.24997E+00 4.49097E+00 1.47906E+02
4.77416E+00 5.53001E+00 5.72556E+00 6.11176E+00 6.10550E+00 6.10946E+00 6.12198E+00 5.72556E+00 5.53001E+00 4.77416E+00 1.55698E+02
5.05926E+00 5.81207E+00 6.00736E+00 6.39148E+00 6.38522E+00 6.38927E+00 6.40189E+00 6.00736E+00 5.81207E+00 5.05926E+00 1.63511E+02
5.34609E+00 6.09594E+00 6.29099E+00 6.67310E+00 6.66684E+00 6.67098E+00 6.68369E+00 6.29099E+00 6.09594E+00 5.34609E+00 1.71336E+02
5.63447E+00 6.38145E+00 6.57626E+00 6.95642E+00 6.95016E+00 6.95439E+00 6.96720E+00 6.57626E+00 6.38145E+00 5.63447E+00 1.79169E+02
5.92423E+00 6.66842E+00 6.86300E+00 7.24127E+00 7.23501E+00 7.23933E+00 7.25222E+00 6.86300E+00 6.66842E+00 5.92423E+00 1.87004E+02
6.21521E+00 6.95670E+00 7.15105E+00 7.52749E+00 7.52123E+00 7.52563E+00 7.53862E+00 7.15106E+00 6.95670E+00 6.21521E+00 1.94836E+02
6.50728E+00 7.24614E+00 7.44027E+00 7.81492E+00 7.80867E+00 7.81316E+00 7.82623E+00 7.44027E+00 7.24614E+00 6.50728E+00 2.02661E+02
6.80031E+00 7.53660E+00 7.73052E+00 8.10343E+00 8.09718E+00 8.10176E+00 8.11491E+00 7.73052E+00 7.53660E+00 6.80031E+00 2.10474E+02
7.09415E+00 7.82796E+00 8.02166E+00 8.39289E+00 8.38664E+00 8.39130E+00 8.40454E+00 8.02166E+00 7.82796E+00 7.09415E+00 2.18273E+02
7.38871E+00 8.12008E+00 8.31358E+00 8.68317E+00 8.67692E+00 8.68166E+00 8.69499E+00 8.31358E+00 8.12008E+00 7.38871E+00 2.26053E+02
7.68387E+00 8.41287E+00 8.60616E+00 8.97416E+00 8.96791E+00 8.97273E+00 8.98614E+00 8.60616E+00 8.41287E+00 7.68387E+00 2.33811E+02
7.97952E+00 8.70621E+00 8.89931E+00 9.26575E+00 9.25950E+00 9.26440E+00 9.27789E+00 8.89931E+00 8.70621E+00 7.97952E+00 2.41546E+02
8.27557E+00 9.00001E+00 9.19291E+00 9.55783E+00 9.55159E+00 9.55657E+00 9.57013E+00 9.19291E+00 9.00001E+00 8.27557E+00 2.49254E+02
8.57194E+00 9.29417E+00 9.48688E+00 9.85032E+00 9.84408E+00 9.84915E+00 9.86279E+00 9.48689E+00 9.29417E+00 8.57194E+00 2.56933E+02
8.86853E+00 9.58861E+00 9.78114E+00 1.01431E+01 1.01369E+01 1.01420E+01 1.01558E+01 9.78114E+00 9.58861E+00 8.86853E+00 2.64582E+02
9.16527E+00 9.88325E+00 1.00756E+01 1.04362E+01 1.04299E+01 1.04352E+01 1.04490E+01 1.00756E+01 9.88325E+00 9.16527E+00 2.72197E+02
9.46209E+00 1.01780E+01 1.03702E+01 1.07294E+01 1.07232E+01 1.07284E+01 1.07423E+01 1.03702E+01 1.01780E+01 9.46209E+00 2.79779E+02
9.75892E+00 1.04728E+01 1.06648E+01 1.10227E+01 1.10164E+01 1.10218E+01 1.10358E+01 1.06648E+01 1.04728E+01 9.75892E+00 2.87325E+02
1.00557E+01 1.07676E+01 1.09594E+01 1.13160E+01 1.13098E+01 1.13152E+01 1.13292E+01 1.09594E+01 1.07676E+01 1.00557E+01 2.94834E+02
1.03523E+01 1.10623E+01 1.12540E+01 1.16092E+01 1.16030E+01 1.16085E+01 1.16226E+01 1.12540E+01 1.10623E+01 1.03523E+01 3.02304E+02
1.06488E+01 1.13569E+01 1.15484E+01 1.19024E+01 1.18962E+01 1.19018E+01 1.19159E+01 1.15484E+01 1.13569E+01 1.06488E+01 3.09736E+02
1.09451E+01 1.16513E+01 1.18426E+01 1.21954E+01 1.21892E+01 1.21948E+01 1.22091E+01 1.18426E+01 1.16513E+01 1.09451E+01 3.17127E+02
1.12410E+01 1.19455E+01 1.21366E+01 1.24882E+01 1.24820E+01 1.24877E+01 1.25020E+01 1.21366E+01 1.19455E+01 1.12410E+01 3.24477E+02
0.00000E+00 0.00000E+00 1.42199E-01 5.88736E-01 5.82422E-01 5.83336E-01 5.92719E-01 1.42199E-01 0.00000E+00 0.00000E+00 -1.50615E+00
0.00000E+00 0.00000E+00 1.82780E-01 6.17216E-01 6.10850E-01 6.12026E-01 6.21796E-01 1.82780E-01 0.00000E+00 0.00000E+00 -3.75309E-01
0.00000E+00 5.09663E-02 2.52324E-01 6.76870E-01 6.70465E-01 6.71879E-01 6.81985E-01 2.52323E-01 5.09663E-02 0.00000E+00 1.30161E+00
0.00000E+00 1.43712E-01 3.44073E-01 7.60163E-01 7.53727E-01 7.55365E-01 7.65770E-01 3.44073E-01 1.43712E-01 0.00000E+00 3.50955E+00
0.00000E+00 2.54493E-01 4.53973E-01 8.62644E-01 8.56184E-01 8.58033E-01 8.68713E-01 4.53973E-01 2.54493E-01 0.00000E+00 6.25464E+00
0.00000E+00 3.80102E-01 5.78791E-01 9.80865E-01 9.74384E-01 9.76435E-01 9.87368E-01 5.78791E-01 3.80102E-01 0.00000E+00 9.49320E+00
0.00000E+00 5.18172E-01 7.16145E-01 1.11228E+00 1.10579E+00 1.10803E+00 1.11920E+00 7.16145E-01 5.18172E-01 0.00000E+00 1.31760E+01
0.00000E+00 6.66892E-01 8.64209E-01 1.25496E+00 1.24845E+00 1.25088E+00 1.26227E+00 8.64209E-01 6.66892E-01 0.00000E+00 1.72537E+01
6.19226E-02 8.21323E-01 1.01804E+00 1.40389E+00 1.39737E+00 1.39997E+00 1.41157E+00 1.01804E+00 8.21323E-01 6.19226E-02 2.15988E+01
2.26719E-01 9.79483E-01 1.17564E+00 1.55699E+00 1.55046E+00 1.55324E+00 1.56503E+00 1.17564E+00 9.79483E-01 2.26719E-01 2.61068E+01
3.99684E-01 1.14625E+00 1.34188E+00 1.71903E+00 1.71250E+00 1.71544E+00 1.72742E+00 1.34188E+00 1.14625E+00 3.99684E-01 3.08643E+01
5.79901E-01 1.32065E+00 1.51579E+00 1.88901E+00 1.88247E+00 1.88558E+00 1.89774E+00 1.51579E+00 1.32065E+00 5.79901E-01 3.58429E+01
7.66578E-01 1.50185E+00 1.69652E+00 2.06605E+00 2.05951E+00 2.06278E+00 2.07511E+00 1.69652E+00 1.50185E+00 7.66578E-01 4.10166E+01
9.59027E-01 1.68912E+00 1.88335E+00 2.24940E+00 2.24286E+00 2.24628E+00 2.25879E+00 1.88335E+00 1.68912E+00 9.59027E-01 4.63613E+01
1.15664E+00 1.88183E+00 2.07565E+00 2.43841E+00 2.43187E+00 2.43544E+00 2.44811E+00 2.07565E+00 1.88183E+00 1.15664E+00 5.18554E+01
1.35889E+00 2.07943E+00 2.27284E+00 2.63249E+00 2.62595E+00 2.62967E+00 2.64249E+00 2.27284E+00 2.07943E+00 1.35889E+00 5.74791E+01
1.56529E+00 2.28140E+00 2.47443E+00 2.83112E+00 2.82458E+00 2.82844E+00 2.84141E+00 2.47443E+00 2.28140E+00 1.56529E+00 6.32145E+01
1.77543E+00 2.48731E+00 2.67997E+00 3.03384E+00 3.02730E+00 3.03131E+00 3.04443E+00 2.67997E+00 2.48731E+00 1.77543E+00 6.90455E+01
1.98890E+00 2.69675E+00 2.88906E+00 3.24024E+00 3.23370E+00 3.23785E+00 3.25111E+00 2.88906E+00 2.69675E+00 1.98890E+00 7.49577E+01
2.20538E+00 2.90936E+00 3.10133E+00 3.44994E+00 3.44341E+00 3.44769E+00 3.46109E+00 3.10133E+00 2.90936E+00 2.20538E+00 8.09378E+01
2.42454E+00 3.12481E+00 3.31646E+00 3.66260E+00 3.65608E+00 3.66050E+00 3.67403E+00 3.31646E+00 3.12481E+00 2.42454E+00 8.69741E+01
2.64611E+00 3.34281E+00 3.53414E+00 3.87793E+00 3.87141E+00 3.87596E+00 3.88962E+00 3.53414E+00 3.34281E+00 2.64611E+00 9.30560E+01
2.86981E+00 3.56308E+00 3.75411E+00 4.09564E+00 4.08912E+00 4.09380E+00 4.10759E+00 3.75412E+00 3.56308E+00 2.86981E+00 9.91740E+01
3.09542E+00 3.78539E+00 3.97613E+00 4.31547E+00 4.30896E+00 4.31377E+00 4.32768E+00 3.97613E+00 3.78539E+00 3.09542E+00 1.05319E+02
3.32271E+00 4.00950E+00 4.19995E+00 4.53720E+00 4.53069E+00 4.53563E+00 4.54966E+00 4.19995E+00 4.00950E+00 3.32271E+00 1.11485E+02
3.55149E+00 4.23520E+00 4.42538E+00 4.76061E+00 4.75410E+00 4.75916E+00 4.77332E+00 4.42538E+00 4.23520E+00 3.55149E+00 1.17663E+02
3.78157E+00 4.46231E+00 4.65223E+00 4.98550E+00 4.97900E+00 4.98419E+00 4.99845E+00 4.65223E+00 4.46231E+00 3.78157E+00 1.23847E+02
4.01279E+00 4.69066E+00 4.88031E+00 5.21170E+00 5.20521E+00 5.21051E+00 5.22489E+00 4.88031E+00 4.69066E+00 4.01279E+00 1.30033E+02
4.24499E+00 4.92007E+00 5.10947E+00 5.43904E+00 5.43255E+00 5.43797E+00 5.45247E+00 5.10948E+00 4.92007E+00 4.24499E+00 1.36215E+02
4.47803E+00 5.15041E+00 5.33957E+00 5.66736E+00 5.66088E+00 5.66643E+00 5.68103E+00 5.33957E+00 5.15041E+00 4.47803E+00 1.42388E+02
4.71177E+00 5.38153E+00 5.57045E+00 5.89654E+00 5.89007E+00 5.89572E+00 5.91043E+00 5.57045E+00 5.38153E+00 4.71177E+00 1.48548E+02
4.94610E+00 5.61331E+00 5.80200E+00 6.12643E+00 6.11997E+00 6.12574E+00 6.14055E+00 5.80201E+00 5.61331E+00 4.94610E+00 1.54693E+02
5.18090E+00 5.84564E+00 6.03410E+00 6.35692E+00 6.35046E+00 6.35635E+00 6.37126E+00 6.03411E+00 5.84564E+00 5.18090E+00 1.60818E+02
5.41607E+00 6.07840E+00 6.26665E+00 6.58790E+00 6.58145E+00 6.58744E+00 6.60246E+00 6.26665E+00 6.07840E+00 5.41607E+00 1.66920E+02
5.65150E+00 6.31150E+00 6.49953E+00 6.81926E+00 6.81282E+00 6.81892E+00 6.83404E+00 6.49953E+00 6.31150E+00 5.65150E+00 1.72998E+02
5.88712E+00 6.54484E+00 6.73266E+00 7.05091E+00 7.04448E+00 7.05069E+00 7.06590E+00 6.73266E+00 6.54484E+00 5.88712E+00 1.79049E+02
6.12284E+00 6.77833E+00 6.96595E+00 7.28277E+00 7.27634E+00 7.28266E+00 7.29796E+00 6.96595E+00 6.77833E+00 6.12284E+00 1.85070E+02
6.35857E+00 7.01190E+00 7.19932E+00 7.51474E+00 7.50832E+00 7.51474E+00 7.53014E+00 7.19932E+00 7.01190E+00 6.35857E+00 1.91060E+02
6.59426E+00 7.24548E+00 7.43270E+00 7.74675E+00 7.74034E+00 7.74687E+00 7.76237E+00 7.43270E+00 7.24548E+00 6.59426E+00 1.97017E+02
6.82984E+00 7.47899E+00 7.66602E+00 7.97874E+00 7.97234E+00 7.97897E+00 7.99456E+00 7.66602E+00 7.47899E+00 6.82984E+00 2.02940E+02
7.06523E+00 7.71237E+00 7.89921E+00 8.21064E+00 8.20424E+00 8.21098E+00 8.22665E+00 7.89922E+00 7.71237E+00 7.06523E+00 2.08828E+02
7.30039E+00 7.94557E+00 8.13222E+00 8.44238E+00 8.43599E+00 8.44283E+00 8.45859E+00 8.13223E+00 7.94557E+00 7.30039E+00 2.14679E+02
7.53527E+00 8.17852E+00 8.36499E+00 8.67392E+00 8.66754E+00 8.67447E+00 8.69032E+00 8.36500E+00 8.17852E+00 7.53527E+00 2.20493E+02
7.76981E+00 8.41118E+00 8.59748E+00 8.90519E+00 8.89882E+00 8.90585E+00 8.92179E+00 8.59748E+00 8.41118E+00 7.76981E+00 2.26268E+02
8.00396E+00 8.64350E+00 8.82962E+00 9.13616E+00 9.12979E+00 9.13692E+00 9.15295E+00 8.82962E+00 8.64350E+00 8.00396E+00 2.32004E+02
8.23770E+00 8.87543E+00 9.06138E+00 9.36676E+00 9.36041E+00 9.36764E+00 9.38374E+00 9.06139E+00 8.87543E+00 8.23770E+00 2.37701E+02
8.47097E+00 9.10694E+00 9.29272E+00 9.59697E+00 9.59063E+00 9.59795E+00 9.61414E+00 9.29273E+00 9.10694E+00 8.47097E+00 2.43357E+02
8.70374E+00 9.33798E+00 9.52360E+00 9.82675E+00 9.82041E+00 9.82783E+00 9.84410E+00 9.52361E+00 9.33798E+00 8.70374E+00 2.48972E+02
8.93598E+00 9.56853E+00 9.75399E+00 1.00561E+01 1.00497E+01 1.00572E+01 1.00736E+01 9.75399E+00 9.56853E+00 8.93598E+00 2.54547E+02
9.16766E+00 9.79854E+00 9.98385E+00 1.02848E+01 1.02785E+01 1.02861E+01 1.03026E+01 9.98385E+00 9.79854E+00 9.16766E+00 2.60080E+02
0.00000E+00 0.00000E+00 1.36207E-01 5.20448E-01 5.13645E-01 5.14948E-01 5.25672E-01 1.36206E-01 0.00000E+00 0.00000E+00 -1.45278E+00
0.00000E+00 0.00000E+00 1.77522E-01 5.51096E-01 5.44262E-01 5.45921E-01 5.57096E-01 1.77521E-01 0.00000E+00 0.00000E+00 -3.43536E-01
0.00000E+00 4.81945E-02 2.43627E-01 6.08488E-01 6.01634E-01 6.03616E-01 6.15182E-01 2.43626E-01 4.81945E-02 0.00000E+00 1.26336E+00
0.00000E+00 1.33913E-01 3.28367E-01 6.85781E-01 6.78916E-01 6.81199E-01 6.93114E-01 3.28367E-01 1.33913E-01 0.00000E+00 3.33588E+00
0.00000E+00 2.34491E-01 4.28079E-01 7.78963E-01 7.72091E-01 7.74657E-01 7.86892E-01 4.28079E-01 2.34491E-01 0.00000E+00 5.86691E+00
0.00000E+00 3.47063E-01 5.39872E-01 8.84952E-01 8.78076E-01 8.80912E-01 8.93442E-01 5.39872E-01 3.47063E-01 0.00000E+00 8.80680E+00
0.00000E+00 4.69540E-01 6.61644E-01 1.00151E+00 9.94629E-01 9.97721E-01 1.01053E+00 6.61644E-01 4.69540E-01 0.00000E+00 1.21048E+01
0.00000E+00 6.00340E-01 7.91798E-01 1.12692E+00 1.12005E+00 1.12339E+00 1.13645E+00 7.91798E-01 6.00340E-01 0.00000E+00 1.57128E+01
5.44797E-02 7.35586E-01 9.26450E-01 1.25727E+00 1.25040E+00 1.25397E+00 1.26727E+00 9.26450E-01 7.35586E-01 5.44797E-02 1.95100E+01
1.98676E-01 8.73723E-01 1.06404E+00 1.39090E+00 1.38404E+00 1.38784E+00 1.40137E+00 1.06404E+00 8.73723E-01 1.98676E-01 2.34031E+01
3.48945E-01 1.01833E+00 1.20813E+00 1.53130E+00 1.52445E+00 1.52847E+00 1.54222E+00 1.20813E+00 1.01833E+00 3.48945E-01 2.74780E+01
5.04511E-01 1.16858E+00 1.35789E+00 1.67762E+00 1.67077E+00 1.67501E+00 1.68897E+00 1.35789E+00 1.16858E+00 5.04511E-01 3.17101E+01
6.64713E-01 1.32378E+00 1.51263E+00 1.82912E+00 1.82228E+00 1.82673E+00 1.84089E+00 1.51263E+00 1.32378E+00 6.64713E-01 3.60769E+01
8.28980E-01 1.48332E+00 1.67173E+00 1.98517E+00 1.97835E+00 1.98300E+00 1.99735E+00 1.67173E+00 1.48332E+00 8.28980E-01 4.05582E+01
9.96815E-01 1.64668E+00 1.83467E+00 2.14523E+00 2.13842E+00 2.14327E+00 2.15781E+00 1.83468E+00 1.64668E+00 9.96815E-01 4.51361E+01
1.16778E+00 1.81340E+00 2.00099E+00 2.30882E+00 2.30201E+00 2.30706E+00 2.32178E+00 2.00099E+00 1.81340E+00 1.16778E+00 4.97946E+01
1.34150E+00 1.98306E+00 2.17028E+00 2.47551E+00 2.46872E+00 2.47396E+00 2.48886E+00 2.17028E+00 1.98306E+00 1.34150E+00 5.45193E+01
1.51762E+00 2.15533E+00 2.34218E+00 2.64494E+00 2.63816E+00 2.64358E+00 2.65865E+00 2.34218E+00 2.15533E+00 1.51762E+00 5.92975E+01
1.69584E+00 2.32986E+00 2.51636E+00 2.81677E+00 2.81000E+00 2.81561E+00 2.83084E+00 2.51636E+00 2.32986E+00 1.69584E+00 6.41180E+01
1.87590E+00 2.50638E+00 2.69255E+00 2.99070E+00 2.98395E+00 2.98973E+00 3.00513E+00 2.69255E+00 2.50638E+00 1.87590E+00 6.89707E+01
2.05754E+00 2.68463E+00 2.87047E+00 3.16647E+00 3.15974E+00 3.16570E+00 3.18125E+00 2.87047E+00 2.68463E+00 2.05754E+00 7.38468E+01
2.24054E+00 2.86438E+00 3.04991E+00 3.34384E+00 3.33712E+00 3.34325E+00 3.35896E+00 3.04991E+00 2.86438E+00 2.24054E+00 7.87384E+01
2.42471E+00 3.04541E+00 3.23064E+00 3.52260E+00 3.51589E+00 3.52219E+00 3.53804E+00 3.23065E+00 3.04541E+00 2.42471E+00 8.36385E+01
2.60986E+00 3.22755E+00 3.41249E+00 3.70254E+00 3.69585E+00 3.70231E+00 3.71831E+00 3.41249E+00 3.22755E+00 2.60986E+00 8.85409E+01
2.79584E+00 3.41062E+00 3.59528E+00 3.88349E+00 3.87681E+00 3.88344E+00 3.89958E+00 3.59528E+00 3.41062E+00 2.79584E+00 9.34402E+01
2.98249E+00 3.59446E+00 3.77884E+00 4.06529E+00 4.05863E+00 4.06542E+00 4.08169E+00 3.77885E+00 3.59446E+00 2.98249E+00 9.83315E+01
3.16968E+00 3.77894E+00 3.96305E+00 4.24779E+00 4.24114E+00 4.24809E+00 4.26450E+00 3.96305E+00 3.77894E+00 3.16968E+00 1.03211E+02
3.35729E+00 3.96391E+00 4.14777E+00 4.43086E+00 4.42423E+00 4.43133E+00 4.44787E+00 4.14777E+00 3.96391E+00 3.35729E+00 1.08074E+02
3.54520E+00 4.14928E+00 4.33288E+00 4.61438E+00 4.60776E+00 4.61502E+00 4.63169E+00 4.33289E+00 4.14928E+00 3.54520E+00 1.12917E+02
3.73331E+00 4.33492E+00 4.51828E+00 4.79824E+00 4.79163E+00 4.79904E+00 4.81584E+00 4.51828E+00 4.33492E+00 3.73331E+00 1.17739E+02
3.92152E+00 4.52074E+00 4.70386E+00 4.98233E+00 4.97574E+00 4.98329E+00 5.00022E+00 4.70387E+00 4.52074E+00 3.92152E+00 1.22535E+02
4.10976E+00 4.70665E+00 4.88954E+00 5.16656E+00 5.15998E+00 5.16769E+00 5.18473E+00 4.88955E+00 4.70665E+00 4.10976E+00 1.27305E+02
4.29794E+00 4.89257E+00 5.07524E+00 5.35084E+00 5.34429E+00 5.35214E+00 5.36930E+00 5.07524E+00 4.89257E+00 4.29794E+00 1.32045E+02
4.48598E+00 5.07842E+00 5.26087E+00 5.53511E+00 5.52857E+00 5.53656E+00 5.55384E+00 5.26087E+00 5.07842E+00 4.48598E+00 1.36755E+02
4.67384E+00 5.26413E+00 5.44637E+00 5.71928E+00 5.71276E+00 5.72089E+00 5.73828E+00 5.44637E+00 5.26413E+00 4.67384E+00 1.41432E+02
4.86143E+00 5.44965E+00 5.63167E+00 5.90330E+00 5.89679E+00 5.90506E+00 5.92257E+00 5.63167E+00 5.44965E+00 4.86143E+00 1.46076E+02
5.04872E+00 5.63490E+00 5.81672E+00 6.08709E+00 6.08060E+00 6.08901E+00 6.10663E+00 5.81673E+00 5.63490E+00 5.04872E+00 1.50685E+02
5.23564E+00 5.81985E+00 6.00147E+00 6.27062E+00 6.26414E+00 6.27268E+00 6.29041E+00 6.00147E+00 5.81985E+00 5.23564E+00 1.55259E+02
5.42216E+00 6.00443E+00 6.18585E+00 6.45382E+00 6.44735E+00 6.45603E+00 6.47386E+00 6.18586E+00 6.00443E+00 5.42216E+00 1.59796E+02
5.60822E+00 6.18861E+00 6.36984E+00 6.63664E+00 6.63020E+00 6.63900E+00 6.65695E+00 6.36985E+00 6.18861E+00 5.60822E+00 1.64296E+02
5.79380E+00 6.37235E+00 6.55339E+00 6.81906E+00 6.81262E+00 6.82156E+00 6.83961E+00 6.55339E+00 6.37235E+00 5.79380E+00 1.68758E+02
5.97885E+00 6.55560E+00 6.73645E+00 7.00102E+00 6.99460E+00 7.00367E+00 7.02182E+00 6.73646E+00 6.55560E+00 5.97885E+00 1.73182E+02
6.16334E+00 6.73833E+00 6.91900E+00 7.18249E+00 7.17609E+00 7.18529E+00 7.20354E+00 6.91901E+00 6.73833E+00 6.16334E+00 1.77568E+02
6.34724E+00 6.92051E+00 7.10101E+00 7.36345E+00 7.35706E+00 7.36638E+00 7.38473E+00 7.10101E+00 6.92051E+00 6.34724E+00 1.81916E+02
6.53052E+00 7.10212E+00 7.28244E+00 7.54385E+00 7.53748E+00 7.54692E+00 7.56537E+00 7.28244E+00 7.10212E+00 6.53052E+00 1.86224E+02
6.71317E+00 7.28312E+00 7.46327E+00 7.72367E+00 7.71731E+00 7.72688E+00 7.74543E+00 7.46327E+00 7.28312E+00 6.71317E+00 1.90493E+02
6.89515E+00 7.46349E+00 7.64347E+00 7.90289E+00 7.89655E+00 7.90624E+00 7.92488E+00 7.64348E+00 7.46349E+00 6.89515E+00 1.94724E+02
7.07646E+00 7.64321E+00 7.82303E+00 8.08148E+00 8.07516E+00 8.08497E+00 8.10371E+00 7.82303E+00 7.64321E+00 7.07646E+00 1.98915E+02
7.25705E+00 7.82226E+00 8.00191E+00 8.25943E+00 8.25312E+00 8.26305E+00 8.28188E+00 8.00192E+00 7.82226E+00 7.25705E+00 2.03067E+02
7.43693E+00 8.00062E+00 8.18012E+00 8.43671E+00 8.43041E+00 8.44046E+00 8.45939E+00 8.18012E+00 8.00062E+00 7.43693E+00 2.07180E+02
0.00000E+00 0.00000E+00 1.30552E-01 4.59676E-01 4.52396E-01 4.54265E-01 4.66556E-01 1.30551E-01 0.00000E+00 0.00000E+00 -1.40299E+00
0.00000E+00 0.00000E+00 1.72425E-01 4.92177E-01 4.84898E-01 4.87249E-01 5.00065E-01 1.72425E-01 0.00000E+00 0.00000E+00 -3.06489E-01
0.00000E+00 4.55093E-02 2.35166E-01 5.47270E-01 5.40000E-01 5.42785E-01 5.56055E-01 2.35166E-01 4.55093E-02 0.00000E+00 1.23707E+00
0.00000E+00 1.24601E-01 3.13293E-01 6.18864E-01 6.11608E-01 6.14797E-01 6.28473E-01 3.13293E-01 1.24601E-01 0.00000E+00 3.18198E+00
0.00000E+00 2.15722E-01 4.03557E-01 7.03405E-01 6.96166E-01 6.99735E-01 7.13783E-01 4.03557E-01 2.15722E-01 0.00000E+00 5.51115E+00
0.00000E+00 3.16354E-01 5.03420E-01 7.98182E-01 7.90964E-01 7.94891E-01 8.09281E-01 5.03420E-01 3.16354E-01 0.00000E+00 8.17164E+00
0.00000E+00 4.24684E-01 6.11051E-01 9.01244E-01 8.94048E-01 8.98315E-01 9.13025E-01 6.11052E-01 4.24684E-01 0.00000E+00 1.11132E+01
0.00000E+00 5.39352E-01 7.25078E-01 1.01113E+00 1.00395E+00 1.00855E+00 1.02356E+00 7.25079E-01 5.39352E-01 0.00000E+00 1.42906E+01
4.77492E-02 6.57358E-01 8.42495E-01 1.12478E+00 1.11763E+00 1.12253E+00 1.13782E+00 8.42496E-01 6.57358E-01 4.77492E-02 1.75916E+01
1.73423E-01 7.77497E-01 9.62087E-01 1.24091E+00 1.23379E+00 1.23899E+00 1.25455E+00 9.62089E-01 7.77497E-01 1.73423E-01 2.09344E+01
3.03430E-01 9.02331E-01 1.08641E+00 1.36201E+00 1.35491E+00 1.36041E+00 1.37622E+00 1.08641E+00 9.02331E-01 3.03430E-01 2.44031E+01
4.37131E-01 1.03118E+00 1.21477E+00 1.48736E+00 1.48029E+00 1.48607E+00 1.50212E+00 1.21477E+00 1.03118E+00 4.37131E-01 2.79768E+01
5.73984E-01 1.16346E+00 1.34659E+00 1.61636E+00 1.60931E+00 1.61536E+00 1.63165E+00 1.34660E+00 1.16346E+00 5.73984E-01 3.16368E+01
7.13528E-01 1.29869E+00 1.48138E+00 1.74849E+00 1.74147E+00 1.74779E+00 1.76430E+00 1.48139E+00 1.29869E+00 7.13528E-01 3.53665E+01
8.55364E-01 1.43643E+00 1.61871E+00 1.88330E+00 1.87631E+00 1.88289E+00 1.89962E+00 1.61872E+00 1.43643E+00 8.55364E-01 3.91517E+01
9.99145E-01 1.57633E+00 1.75821E+00 2.02042E+00 2.01346E+00 2.02029E+00 2.03723E+00 1.75822E+00 1.57633E+00 9.99145E-01 4.29797E+01
1.14457E+00 1.71806E+00 1.89956E+00 2.15951E+00 2.15257E+00 2.15965E+00 2.17680E+00 1.89956E+00 1.71806E+00 1.14457E+00 4.68395E+01
1.29138E+00 1.86134E+00 2.04247E+00 2.30027E+00 2.29336E+00 2.30068E+00 2.31803E+00 2.04248E+00 1.86134E+00 1.29138E+00 5.07213E+01
1.43933E+00 2.00591E+00 2.18670E+00 2.44245E+00 2.43557E+00 2.44312E+00 2.46066E+00 2.18670E+00 2.00591E+00 1.43933E+00 5.46169E+01
1.58821E+00 2.15157E+00 2.33202E+00 2.58581E+00 2.57896E+00 2.58675E+00 2.60447E+00 2.33203E+00 2.15157E+00 1.58821E+00 5.85189E+01
1.73785E+00 2.29812E+00 2.47824E+00 2.73015E+00 2.72333E+00 2.73134E+00 2.74925E+00 2.47824E+00 2.29812E+00 1.73785E+00 6.24209E+01
1.88808E+00 2.44537E+00 2.62518E+00 2.87530E+00 2.86850E+00 2.87674E+00 2.89482E+00 2.62519E+00 2.44537E+00 1.88808E+00 6.63173E+01
2.03875E+00 2.59318E+00 2.77269E+00 3.02108E+00 3.01431E+00 3.02277E+00 3.04102E+00 2.77269E+00 2.59318E+00 2.03875E+00 7.02034E+01
2.18974E+00 2.74141E+00 2.92062E+00 3.16736E+00 3.16062E+00 3.16929E+00 3.18770E+00 2.92063E+00 2.74141E+00 2.18974E+00 7.40749E+01
2.34092E+00 2.88992E+00 3.06886E+00 3.31400E+00 3.30728E+00 3.31616E+00 3.33474E+00 3.06886E+00 2.88992E+00 2.34092E+00 7.79282E+01
2.49218E+00 3.03862E+00 3.21728E+00 3.46088E+00 3.45419E+00 3.46328E+00 3.48202E+00 3.21728E+00 3.03862E+00 2.49218E+00 8.17602E+01
2.64344E+00 3.18739E+00 3.36578E+00 3.60791E+00 3.60125E+00 3.61054E+00 3.62943E+00 3.36579E+00 3.18739E+00 2.64344E+00 8.55682E+01
2.79460E+00 3.33616E+00 3.51429E+00 3.75498E+00 3.74835E+00 3.75783E+00 3.77688E+00 3.51429E+00 3.33616E+00 2.79460E+00 8.93498E+01
2.94560E+00 3.48482E+00 3.66270E+00 3.90201E+00 3.89540E+00 3.90509E+00 3.92429E+00 3.66271E+00 3.48482E+00 2.94560E+00 9.31032E+01
3.09635E+00 3.63332E+00 3.81095E+00 4.04892E+00 4.04234E+00 4.05222E+00 4.07157E+00 3.81096E+00 3.63332E+00 3.09635E+00 9.68265E+01
3.24680E+00 3.78159E+00 3.95898E+00 4.19565E+00 4.18910E+00 4.19917E+00 4.21866E+00 3.95898E+00 3.78159E+00 3.24680E+00 1.00518E+02
3.39690E+00 3.92955E+00 4.10671E+00 4.34213E+00 4.33560E+00 4.34586E+00 4.36549E+00 4.10672E+00 3.92955E+00 3.39690E+00 1.04178E+02
3.54658E+00 4.07717E+00 4.25410E+00 4.48830E+00 4.48180E+00 4.49224E+00 4.51201E+00 4.25411E+00 4.07717E+00 3.54658E+00 1.07803E+02
3.69581E+00 4.22439E+00 4.40110E+00 4.63411E+00 4.62764E+00 4.63826E+00 4.65817E+00 4.40110E+00 4.22439E+00 3.69581E+00 1.11394E+02
3.84454E+00 4.37117E+00 4.54766E+00 4.77952E+00 4.77308E+00 4.78388E+00 4.80392E+00 4.54766E+00 4.37117E+00 3.84454E+00 1.14950E+02
3.99274E+00 4.51746E+00 4.69374E+00 4.92449E+00 4.91806E+00 4.92904E+00 4.94922E+00 4.69374E+00 4.51746E+00 3.99274E+00 1.18470E+02
4.14037E+00 4.66323E+00 4.83930E+00 5.06896E+00 5.06257E+00 5.07372E+00 5.09403E+00 4.83931E+00 4.66323E+00 4.14037E+00 1.21955E+02
4.28740E+00 4.80845E+00 4.98432E+00 5.21293E+00 5.20655E+00 5.21788E+00 5.23831E+00 4.98433E+00 4.80845E+00 4.28740E+00 1.25402E+02
4.43380E+00 4.95309E+00 5.12877E+00 5.35634E+00 5.34999E+00 5.36149E+00 5.38204E+00 5.12877E+00 4.95309E+00 4.43380E+00 1.28814E+02
4.57956E+00 5.09713E+00 5.27260E+00 5.49917E+00 5.49285E+00 5.50452E+00 5.52519E+00 5.27261E+00 5.09713E+00 4.57956E+00 1.32188E+02
4.72465E+00 5.24053E+00 5.41582E+00 5.64140E+00 5.63511E+00 5.64694E+00 5.66774E+00 5.41582E+00 5.24053E+00 4.72465E+00 1.35526E+02
4.86904E+00 5.38328E+00 5.55838E+00 5.78301E+00 5.77674E+00 5.78874E+00 5.80966E+00 5.55839E+00 5.38328E+00 4.86904E+00 1.38827E+02
5.01273E+00 5.52536E+00 5.70028E+00 5.92398E+00 5.91773E+00 5.92989E+00 5.95093E+00 5.70028E+00 5.52536E+00 5.01273E+00 1.42092E+02
5.15570E+00 5.66676E+00 5.84149E+00 6.06428E+00 6.05806E+00 6.07038E+00 6.09153E+00 5.84150E+00 5.66676E+00 5.15570E+00 1.45320E+02
5.29793E+00 5.80745E+00 5.98201E+00 6.20391E+00 6.19771E+00 6.21018E+00 6.23145E+00 5.98201E+00 5.80745E+00 5.29793E+00 1.48511E+02
5.43941E+00 5.94742E+00 6.12181E+00 6.34284E+00 6.33667E+00 6.34930E+00 6.37068E+00 6.12181E+00 5.94742E+00 5.43941E+00 1.51667E+02
5.58014E+00 6.08667E+00 6.26089E+00 6.48107E+00 6.47492E+00 6.48770E+00 6.50919E+00 6.26089E+00 6.08667E+00 5.58014E+00 1.54786E+02
5.72009E+00 6.22519E+00 6.39923E+00 6.61858E+00 6.61246E+00 6.62539E+00 6.64699E+00 6.39924E+00 6.22519E+00 5.72009E+00 1.57870E+02
5.85928E+00 6.36295E+00 6.53683E+00 6.75537E+00 6.74927E+00 6.76236E+00 6.78407E+00 6.53684E+00 6.36295E+00 5.85928E+00 1.60919E+02
5.99768E+00 6.49997E+00 6.67369E+00 6.89143E+00 6.88535E+00 6.89858E+00 6.92040E+00 6.67369E+00 6.49997E+00 5.99768E+00 1.63933E+02
0.00000E+00 0.00000E+00 1.25280E-01 4.05746E-01 3.98024E-01 4.00712E-01 4.14826E-01 1.25280E-01 0.00000E+00 0.00000E+00 -1.35326E+00
0.00000E+00 0.00000E+00 1.67484E-01 4.39756E-01 4.32080E-01 4.35416E-01 4.50140E-01 1.67484E-01 0.00000E+00 0.00000E+00 -2.61135E-01
0.00000E+00 4.28933E-02 2.26908E-01 4.92500E-01 4.84874E-01 4.88792E-01 5.04042E-01 2.26908E-01 4.28933E-02 0.00000E+00 1.22463E+00
0.00000E+00 1.15725E-01 2.98781E-01 5.58674E-01 5.51099E-01 5.55555E-01 5.71277E-01 2.98781E-01 1.15725E-01 0.00000E+00 3.04846E+00
0.00000E+00 1.98080E-01 3.80284E-01 6.35188E-01 6.27665E-01 6.32625E-01 6.48778E-01 3.80285E-01 1.98080E-01 0.00000E+00 5.18656E+00
0.00000E+00 2.87785E-01 4.69223E-01 7.19698E-01 7.12228E-01 7.17662E-01 7.34213E-01 4.69224E-01 2.87785E-01 0.00000E+00 7.58524E+00
0.00000E+00 3.83295E-01 5.64036E-01 8.10534E-01 8.03116E-01 8.08999E-01 8.25921E-01 5.64037E-01 3.83295E-01 0.00000E+00 1.01967E+01
0.00000E+00 4.83460E-01 6.63560E-01 9.06456E-01 8.99089E-01 9.05400E-01 9.22669E-01 6.63562E-01 4.83460E-01 0.00000E+00 1.29795E+01
4.16743E-02 5.85999E-01 7.65510E-01 1.00513E+00 9.97815E-01 1.00453E+00 1.02213E+00 7.65511E-01 5.85999E-01 4.16743E-02 1.58319E+01
1.50727E-01 6.89995E-01 8.68958E-01 1.10558E+00 1.09831E+00 1.10542E+00 1.12333E+00 8.68959E-01 6.89995E-01 1.50727E-01 1.86832E+01
2.62687E-01 7.97229E-01 9.75676E-01 1.20950E+00 1.20229E+00 1.20978E+00 1.22798E+00 9.75678E-01 7.97229E-01 2.62687E-01 2.16150E+01
3.77041E-01 9.07147E-01 1.08511E+00 1.31632E+00 1.30916E+00 1.31701E+00 1.33550E+00 1.08511E+00 9.07147E-01 3.77041E-01 2.46098E+01
4.93356E-01 1.01929E+00 1.19678E+00 1.42555E+00 1.41843E+00 1.42665E+00 1.44540E+00 1.19679E+00 1.01929E+00 4.93356E-01 2.76527E+01
6.11271E-01 1.13326E+00 1.31031E+00 1.53677E+00 1.52971E+00 1.53827E+00 1.55728E+00 1.31032E+00 1.13326E+00 6.11271E-01 3.07308E+01
7.30476E-01 1.24872E+00 1.42536E+00 1.64964E+00 1.64263E+00 1.65152E+00 1.67079E+00 1.42536E+00 1.24872E+00 7.30476E-01 3.38329E+01
8.50705E-01 1.36540E+00 1.54164E+00 1.76386E+00 1.75689E+00 1.76612E+00 1.78563E+00 1.54164E+00 1.36540E+00 8.50705E-01 3.69496E+01
9.71729E-01 1.48304E+00 1.65890E+00 1.87916E+00 1.87224E+00 1.88179E+00 1.90154E+00 1.65890E+00 1.48304E+00 9.71729E-01 4.00727E+01
1.09335E+00 1.60144E+00 1.77693E+00 1.99533E+00 1.98846E+00 1.99832E+00 2.01829E+00 1.77693E+00 1.60144E+00 1.09335E+00 4.31953E+01
1.21540E+00 1.72040E+00 1.89554E+00 2.11217E+00 2.10534E+00 2.11551E+00 2.13570E+00 1.89554E+00 1.72040E+00 1.21540E+00 4.63115E+01
1.33772E+00 1.83977E+00 2.01456E+00 2.22950E+00 2.22272E+00 2.23318E+00 2.25360E+00 2.01457E+00 1.83977E+00 1.33772E+00 4.94161E+01
1.46018E+00 1.95940E+00 2.13386E+00 2.34718E+00 2.34045E+00 2.35120E+00 2.37183E+00 2.13387E+00 1.95940E+00 1.46018E+00 5.25051E+01
1.58266E+00 2.07916E+00 2.25331E+00 2.46508E+00 2.45839E+00 2.46943E+00 2.49026E+00 2.25331E+00 2.07916E+00 1.58266E+00 5.55746E+01
1.70507E+00 2.19895E+00 2.37279E+00 2.58308E+00 2.57643E+00 2.58775E+00 2.60878E+00 2.37279E+00 2.19895E+00 1.70507E+00 5.86217E+01
1.82731E+00 2.31867E+00 2.49221E+00 2.70107E+00 2.69447E+00 2.70606E+00 2.72728E+00 2.49222E+00 2.31867E+00 1.82731E+00 6.16438E+01
1.94930E+00 2.43823E+00 2.61148E+00 2.81897E+00 2.81241E+00 2.82427E+00 2.84568E+00 2.61149E+00 2.43823E+00 1.94930E+00 6.46387E+01
2.07098E+00 2.55756E+00 2.73053E+00 2.93669E+00 2.93017E+00 2.94230E+00 2.96390E+00 2.73053E+00 2.55756E+00 2.07098E+00 6.76046E+01
2.19227E+00 2.67658E+00 2.84928E+00 3.05416E+00 3.04769E+00 3.06008E+00 3.08186E+00 2.84929E+00 2.67658E+00 2.19227E+00 7.05402E+01
2.31313E+00 2.79524E+00 2.96768E+00 3.17133E+00 3.16490E+00 3.17754E+00 3.19950E+00 2.96768E+00 2.79524E+00 2.31313E+00 7.34441E+01
2.43351E+00 2.91349E+00 3.08567E+00 3.28813E+00 3.28174E+00 3.29463E+00 3.31677E+00 3.08568E+00 2.91349E+00 2.43351E+00 7.63154E+01
2.55336E+00 3.03128E+00 3.20321E+00 3.40452E+00 3.39817E+00 3.41131E+00 3.43361E+00 3.20322E+00 3.03128E+00 2.55336E+00 7.91534E+01
2.67265E+00 3.14857E+00 3.32025E+00 3.52045E+00 3.51414E+00 3.52752E+00 3.54999E+00 3.32026E+00 3.14857E+00 2.67265E+00 8.19575E+01
2.79135E+00 3.26531E+00 3.43676E+00 3.63588E+00 3.62961E+00 3.64322E+00 3.66586E+00 3.43677E+00 3.26531E+00 2.79135E+00 8.47273E+01
2.90941E+00 3.38149E+00 3.55270E+00 3.75077E+00 3.74455E+00 3.75839E+00 3.78119E+00 3.55271E+00 3.38149E+00 2.90941E+00 8.74624E+01
3.02683E+00 3.49707E+00 3.66806E+00 3.86511E+00 3.85892E+00 3.87300E+00 3.89595E+00 3.66806E+00 3.49707E+00 3.02683E+00 9.01628E+01
3.14357E+00 3.61202E+00 3.78279E+00 3.97885E+00 3.97270E+00 3.98701E+00 4.01012E+00 3.78279E+00 3.61202E+00 3.14357E+00 9.28282E+01
3.25962E+00 3.72633E+00 3.89688E+00 4.09198E+00 4.08587E+00 4.10040E+00 4.12367E+00 3.89688E+00 3.72633E+00 3.25962E+00 9.54589E+01
3.37496E+00 3.83997E+00 4.01031E+00 4.20448E+00 4.19841E+00 4.21316E+00 4.23657E+00 4.01031E+00 3.83997E+00 3.37496E+00 9.80547E+01
3.48958E+00 3.95293E+00 4.12306E+00 4.31633E+00 4.31029E+00 4.32526E+00 4.34882E+00 4.12307E+00 3.95293E+00 3.48958E+00 1.00616E+02
3.60346E+00 4.06520E+00 4.23512E+00 4.42751E+00 4.42151E+00 4.43669E+00 4.46040E+00 4.23513E+00 4.06520E+00 3.60346E+00 1.03143E+02
3.71660E+00 4.17676E+00 4.34648E+00 4.53800E+00 4.53204E+00 4.54743E+00 4.57129E+00 4.34649E+00 4.17676E+00 3.71660E+00 1.05635E+02
3.82898E+00 4.28760E+00 4.45712E+00 4.64781E+00 4.64188E+00 4.65748E+00 4.68148E+00 4.45713E+00 4.28760E+00 3.82898E+00 1.08094E+02
3.94060E+00 4.39771E+00 4.56705E+00 4.75691E+00 4.75102E+00 4.76683E+00 4.79096E+00 4.56705E+00 4.39771E+00 3.94060E+00 1.10519E+02
4.05145E+00 4.50709E+00 4.67624E+00 4.86530E+00 4.85945E+00 4.87546E+00 4.89973E+00 4.67624E+00 4.50709E+00 4.05145E+00 1.12911E+02
4.16153E+00 4.61573E+00 4.78469E+00 4.97298E+00 4.96716E+00 4.98337E+00 5.00777E+00 4.78470E+00 4.61573E+00 4.16153E+00 1.15271E+02
4.27083E+00 4.72362E+00 4.89240E+00 5.07993E+00 5.07415E+00 5.09056E+00 5.11509E+00 4.89241E+00 4.72362E+00 4.27083E+00 1.17597E+02
4.37936E+00 4.83077E+00 4.99937E+00 5.18616E+00 5.18041E+00 5.19701E+00 5.22168E+00 4.99938E+00 4.83077E+00 4.37936E+00 1.19892E+02
4.48711E+00 4.93717E+00 5.10559E+00 5.29165E+00 5.28593E+00 5.30274E+00 5.32753E+00 5.10560E+00 4.93717E+00 4.48711E+00 1.22155E+02
4.59408E+00 5.04281E+00 5.21107E+00 5.39641E+00 5.39073E+00 5.40772E+00 5.43265E+00 5.21108E+00 5.04281E+00 4.59408E+00 1.24387E+02
4.70027E+00 5.14770E+00 5.31579E+00 5.50044E+00 5.49479E+00 5.51197E+00 5.53702E+00 5.31580E+00 5.14770E+00 4.70027E+00 1.26588E+02
4.80568E+00 5.25184E+00 5.41976E+00 5.60373E+00 5.59812E+00 5.61549E+00 5.64066E+00 5.41977E+00 5.25184E+00 4.80568E+00 1.28759E+02
0.00000E+00 0.00000E+00 1.20423E-01 3.58066E-01 3.49974E-01 3.53837E-01 3.70064E-01 1.20423E-01 0.00000E+00 0.00000E+00 -1.29866E+00
0.00000E+00 0.00000E+00 1.62688E-01 3.93216E-01 3.85234E-01 3.89966E-01 4.06897E-01 1.62688E-01 0.00000E+00 0.00000E+00 -2.03416E-01
0.00000E+00 4.03336E-02 2.18820E-01 4.43557E-01 4.35681E-01 4.41188E-01 4.58728E-01 2.18820E-01 4.03336E-02 0.00000E+00 1.22871E+00
0.00000E+00 1.07244E-01 2.84769E-01 5.04573E-01 4.96799E-01 5.03019E-01 5.21106E-01 2.84770E-01 1.07244E-01 0.00000E+00 2.93657E+00
0.00000E+00 1.81474E-01 3.58145E-01 5.73635E-01 5.65960E-01 5.72844E-01 5.91431E-01 3.58146E-01 1.81474E-01 0.00000E+00 4.89290E+00
0.00000E+00 2.61188E-01 4.37087E-01 6.48753E-01 6.41173E-01 6.48682E-01 6.67730E-01 4.37088E-01 2.61188E-01 0.00000E+00 7.04571E+00
0.00000E+00 3.45091E-01 5.20287E-01 7.28523E-01 7.21035E-01 7.29134E-01 7.48612E-01 5.20289E-01 3.45091E-01 0.00000E+00 9.35110E+00
0.00000E+00 4.32236E-01 6.06785E-01 8.11915E-01 8.04518E-01 8.13177E-01 8.33056E-01 6.06787E-01 4.32236E-01 0.00000E+00 1.17728E+01
3.62021E-02 5.20923E-01 6.94876E-01 8.97187E-01 8.89876E-01 8.99067E-01 9.19325E-01 6.94878E-01 5.20923E-01 3.62021E-02 1.42201E+01
1.30371E-01 6.10469E-01 7.83867E-01 9.83596E-01 9.76369E-01 9.86071E-01 1.00669E+00 7.83870E-01 6.10469E-01 1.30371E-01 1.66334E+01
2.26296E-01 7.02072E-01 8.74946E-01 1.07227E+00 1.06513E+00 1.07532E+00 1.09628E+00 8.74949E-01 7.02072E-01 2.26296E-01 1.90908E+01
3.23574E-01 7.95293E-01 9.67673E-01 1.16276E+00 1.15569E+00 1.16636E+00 1.18765E+00 9.67676E-01 7.95293E-01 3.23574E-01 2.15783E+01
4.21875E-01 8.89774E-01 1.06168E+00 1.25467E+00 1.24768E+00 1.25881E+00 1.28041E+00 1.06169E+00 8.89774E-01 4.21875E-01 2.40846E+01
5.20925E-01 9.85215E-01 1.15668E+00 1.34768E+00 1.34078E+00 1.35235E+00 1.37426E+00 1.15668E+00 9.85215E-01 5.20925E-01 2.65999E+01
6.20492E-01 1.08136E+00 1.25240E+00 1.44154E+00 1.43471E+00 1.44672E+00 1.46892E+00 1.25240E+00 1.08136E+00 6.20492E-01 2.91161E+01
7.20384E-01 1.17801E+00 1.34863E+00 1.53601E+00 1.52925E+00 1.54168E+00 1.56416E+00 1.34864E+00 1.17801E+00 7.20384E-01 3.16266E+01
8.20435E-01 1.27496E+00 1.44520E+00 1.63090E+00 1.62422E+00 1.63706E+00 1.65981E+00 1.44520E+00 1.27496E+00 8.20435E-01 3.41256E+01
9.20503E-01 1.37208E+00 1.54194E+00 1.72605E+00 1.71944E+00 1.73268E+00 1.75570E+00 1.54194E+00 1.37208E+00 9.20503E-01 3.66087E+01
1.02047E+00 1.46922E+00 1.63872E+00 1.82132E+00 1.81478E+00 1.82841E+00 1.85169E+00 1.63872E+00 1.46922E+00 1.02047E+00 3.90719E+01
1.12023E+00 1.56628E+00 1.73543E+00 1.91658E+00 1.91011E+00 1.92412E+00 1.94766E+00 1.73544E+00 1.56628E+00 1.12023E+00 4.15122E+01
1.21970E+00 1.66316E+00 1.83197E+00 2.01174E+00 2.00534E+00 2.01972E+00 2.04350E+00 1.83197E+00 1.66316E+00 1.21970E+00 4.39269E+01
1.31880E+00 1.75977E+00 1.92825E+00 2.10670E+00 2.10036E+00 2.11511E+00 2.13912E+00 1.92826E+00 1.75977E+00 1.31880E+00 4.63140E+01
1.41747E+00 1.85604E+00 2.02420E+00 2.20139E+00 2.19511E+00 2.21022E+00 2.23446E+00 2.02421E+00 1.85604E+00 1.41747E+00 4.86718E+01
1.51564E+00 1.95190E+00 2.11976E+00 2.29573E+00 2.28952E+00 2.30497E+00 2.32944E+00 2.11977E+00 1.95190E+00 1.51564E+00 5.09991E+01
1.61327E+00 2.04731E+00 2.21487E+00 2.38967E+00 2.38352E+00 2.39931E+00 2.42401E+00 2.21488E+00 2.04731E+00 1.61327E+00 5.32948E+01
1.71033E+00 2.14221E+00 2.30949E+00 2.48315E+00 2.47707E+00 2.49320E+00 2.51811E+00 2.30949E+00 2.14221E+00 1.71033E+00 5.55582E+01
1.80677E+00 2.23657E+00 2.40356E+00 2.57615E+00 2.57013E+00 2.58658E+00 2.61170E+00 2.40357E+00 2.23657E+00 1.80677E+00 5.77887E+01
1.90256E+00 2.33035E+00 2.49707E+00 2.66860E+00 2.66264E+00 2.67942E+00 2.70475E+00 2.49708E+00 2.33035E+00 1.90256E+00 5.99860E+01
1.99768E+00 2.42352E+00 2.58997E+00 2.76050E+00 2.75459E+00 2.77168E+00 2.79722E+00 2.58998E+00 2.42352E+00 1.99768E+00 6.21499E+01
2.09210E+00 2.51605E+00 2.68225E+00 2.85179E+00 2.84595E+00 2.86335E+00 2.88908E+00 2.68226E+00 2.51605E+00 2.09210E+00 6.42803E+01
2.18582E+00 2.60793E+00 2.77387E+00 2.94247E+00 2.93669E+00 2.95439E+00 2.98032E+00 2.77388E+00 2.60793E+00 2.18582E+00 6.63772E+01
2.27881E+00 2.69913E+00 2.86483E+00 3.03252E+00 3.02679E+00 3.04479E+00 3.07091E+00 2.86484E+00 2.69913E+00 2.27881E+00 6.84408E+01
2.37105E+00 2.78965E+00 2.95511E+00 3.12190E+00 3.11623E+00 3.13453E+00 3.16083E+00 2.95512E+00 2.78965E+00 2.37105E+00 7.04713E+01
2.46255E+00 2.87946E+00 3.04469E+00 3.21062E+00 3.20500E+00 3.22359E+00 3.25008E+00 3.04470E+00 2.87946E+00 2.46255E+00 7.24690E+01
2.55330E+00 2.96857E+00 3.13356E+00 3.29866E+00 3.29310E+00 3.31197E+00 3.33864E+00 3.13357E+00 2.96857E+00 2.55330E+00 7.44341E+01
2.64328E+00 3.05695E+00 3.22172E+00 3.38600E+00 3.38049E+00 3.39965E+00 3.42649E+00 3.22173E+00 3.05695E+00 2.64328E+00 7.63671E+01
2.73249E+00 3.14461E+00 3.30916E+00 3.47265E+00 3.46720E+00 3.48663E+00 3.51364E+00 3.30917E+00 3.14461E+00 2.73249E+00 7.82683E+01
2.82094E+00 3.23154E+00 3.39587E+00 3.55859E+00 3.55319E+00 3.57289E+00 3.60008E+00 3.39588E+00 3.23154E+00 2.82094E+00 8.01383E+01
2.90862E+00 3.31773E+00 3.48185E+00 3.64383E+00 3.63848E+00 3.65845E+00 3.68581E+00 3.48186E+00 3.31773E+00 2.90862E+00 8.19773E+01
2.99552E+00 3.40319E+00 3.56710E+00 3.72835E+00 3.72305E+00 3.74329E+00 3.77081E+00 3.56712E+00 3.40319E+00 2.99552E+00 8.37860E+01
3.08166E+00 3.48791E+00 3.65162E+00 3.81216E+00 3.80691E+00 3.82741E+00 3.85510E+00 3.65163E+00 3.48791E+00 3.08166E+00 8.55648E+01
3.16702E+00 3.57190E+00 3.73541E+00 3.89526E+00 3.89006E+00 3.91081E+00 3.93866E+00 3.73542E+00 3.57190E+00 3.16702E+00 8.73142E+01
3.25163E+00 3.65515E+00 3.81847E+00 3.97764E+00 3.97249E+00 3.99349E+00 4.02150E+00 3.81848E+00 3.65515E+00 3.25163E+00 8.90347E+01
3.33546E+00 3.73767E+00 3.90079E+00 4.05931E+00 4.05420E+00 4.07546E+00 4.10363E+00 3.90081E+00 3.73767E+00 3.33546E+00 9.07268E+01
3.41855E+00 3.81946E+00 3.98239E+00 4.14026E+00 4.13521E+00 4.15671E+00 4.18503E+00 3.98241E+00 3.81946E+00 3.41855E+00 9.23911E+01
3.50087E+00 3.90052E+00 4.06327E+00 4.22051E+00 4.21550E+00 4.23725E+00 4.26572E+00 4.06328E+00 3.90052E+00 3.50087E+00 9.40281E+01
3.58245E+00 3.98086E+00 4.14343E+00 4.30005E+00 4.29509E+00 4.31708E+00 4.34570E+00 4.14344E+00 3.98086E+00 3.58245E+00 9.56382E+01
3.66329E+00 4.06048E+00 4.22287E+00 4.37890E+00 4.37398E+00 4.39620E+00 4.42498E+00 4.22288E+00 4.06048E+00 3.66329E+00 9.72220E+01
3.74338E+00 4.13939E+00 4.30160E+00 4.45704E+00 4.45217E+00 4.47463E+00 4.50355E+00 4.30161E+00 4.13939E+00 3.74338E+00 9.87800E+01
3.82275E+00 4.21759E+00 4.37962E+00 4.53449E+00 4.52966E+00 4.55235E+00 4.58142E+00 4.37964E+00 4.21759E+00 3.82275E+00 1.00313E+02
0.00000E+00 0.00000E+00 1.15990E-01 3.16122E-01 3.07787E-01 3.13334E-01 3.31989E-01 1.15989E-01 0.00000E+00 0.00000E+00 -1.23238E+00
0.00000E+00 0.00000E+00 1.58016E-01 3.52033E-01 3.43895E-01 3.50598E-01 3.70067E-01 1.58016E-01 0.00000E+00 0.00000E+00 -1.28000E-01
0.00000E+00 3.78220E-02 2.10866E-01 3.99916E-01 3.91959E-01 3.99688E-01 4.19862E-01 2.10866E-01 3.78220E-02 0.00000E+00 1.25288E+00
0.00000E+00 9.91260E-02 2.71196E-01 4.56023E-01 4.48235E-01 4.56904E-01 4.77710E-01 2.71197E-01 9.91260E-02 0.00000E+00 2.84820E+00
0.00000E+00 1.65828E-01 3.37028E-01 5.18169E-01 5.10542E-01 5.20083E-01 5.41468E-01 3.37030E-01 1.65828E-01 0.00000E+00 4.63051E+00
0.00000E+00 2.36409E-01 4.06823E-01 5.84701E-01 5.77226E-01 5.87584E-01 6.09504E-01 4.06825E-01 2.36409E-01 0.00000E+00 6.55166E+00
0.00000E+00 3.09816E-01 4.79513E-01 6.54467E-01 6.47137E-01 6.58265E-01 6.80682E-01 4.79515E-01 3.09816E-01 0.00000E+00 8.57310E+00
0.00000E+00 3.85286E-01 5.54321E-01 7.26634E-01 7.19442E-01 7.31297E-01 7.54182E-01 5.54324E-01 3.85286E-01 0.00000E+00 1.06643E+01
3.12833E-02 4.61588E-01 6.30012E-01 7.99928E-01 7.92869E-01 8.05414E-01 8.28738E-01 6.30015E-01 4.61588E-01 3.12833E-02 1.27462E+01
1.12157E-01 5.38229E-01 7.06082E-01 8.73807E-01 8.66876E-01 8.80079E-01 9.03818E-01 7.06086E-01 5.38229E-01 1.12157E-01 1.47702E+01
1.93867E-01 6.15982E-01 7.83297E-01 9.48986E-01 9.42177E-01 9.56014E-01 9.80151E-01 7.83301E-01 6.15982E-01 1.93867E-01 1.68096E+01
2.76116E-01 6.94516E-01 8.61320E-01 1.02511E+00 1.01842E+00 1.03287E+00 1.05739E+00 8.61325E-01 6.94516E-01 2.76116E-01 1.88541E+01
3.58662E-01 7.73562E-01 9.39882E-01 1.10189E+00 1.09532E+00 1.11036E+00 1.13524E+00 9.39887E-01 7.73562E-01 3.58662E-01 2.08955E+01
4.41310E-01 8.52902E-01 1.01876E+00 1.17910E+00 1.17264E+00 1.18825E+00 1.21349E+00 1.01876E+00 8.52902E-01 4.41310E-01 2.29271E+01
5.23896E-01 9.32355E-01 1.09777E+00 1.25653E+00 1.25019E+00 1.26635E+00 1.29193E+00 1.09778E+00 9.32355E-01 5.23896E-01 2.49433E+01
6.06290E-01 1.01177E+00 1.17676E+00 1.33404E+00 1.32780E+00 1.34450E+00 1.37041E+00 1.17677E+00 1.01177E+00 6.06290E-01 2.69400E+01
6.88381E-01 1.09103E+00 1.25561E+00 1.41148E+00 1.40534E+00 1.42256E+00 1.44879E+00 1.25562E+00 1.09103E+00 6.88381E-01 2.89135E+01
7.70077E-01 1.17002E+00 1.33421E+00 1.48874E+00 1.48270E+00 1.50043E+00 1.52697E+00 1.33422E+00 1.17002E+00 7.70077E-01 3.08613E+01
8.51303E-01 1.24865E+00 1.41247E+00 1.56572E+00 1.55979E+00 1.57801E+00 1.60485E+00 1.41248E+00 1.24865E+00 8.51303E-01 3.27813E+01
9.31997E-01 1.32687E+00 1.49032E+00 1.64236E+00 1.63652E+00 1.65523E+00 1.68236E+00 1.49033E+00 1.32687E+00 9.31997E-01 3.46717E+01
1.01211E+00 1.40460E+00 1.56770E+00 1.71858E+00 1.71284E+00 1.73201E+00 1.75943E+00 1.56771E+00 1.40460E+00 1.01211E+00 3.65314E+01
1.09159E+00 1.48180E+00 1.64456E+00 1.79433E+00 1.78867E+00 1.80831E+00 1.83600E+00 1.64457E+00 1.48180E+00 1.09159E+00 3.83596E+01
1.17040E+00 1.55841E+00 1.72085E+00 1.86955E+00 1.86399E+00 1.88407E+00 1.91203E+00 1.72086E+00 1.55841E+00 1.17040E+00 4.01557E+01
1.24853E+00 1.63442E+00 1.79654E+00 1.94422E+00 1.93875E+00 1.95926E+00 1.98749E+00 1.79655E+00 1.63442E+00 1.24853E+00 4.19193E+01
1.32594E+00 1.70979E+00 1.87159E+00 2.01829E+00 2.01291E+00 2.03386E+00 2.06234E+00 1.87160E+00 1.70979E+00 1.32594E+00 4.36503E+01
1.40262E+00 1.78449E+00 1.94599E+00 2.09175E+00 2.08645E+00 2.10782E+00 2.13655E+00 1.94600E+00 1.78449E+00 1.40262E+00 4.53488E+01
1.47855E+00 1.85851E+00 2.01972E+00 2.16457E+00 2.15935E+00 2.18113E+00 2.21011E+00 2.01973E+00 1.85851E+00 1.47855E+00 4.70147E+01
1.55372E+00 1.93183E+00 2.09276E+00 2.23673E+00 2.23160E+00 2.25377E+00 2.28300E+00 2.09277E+00 1.93183E+00 1.55372E+00 4.86485E+01
1.62812E+00 2.00444E+00 2.16509E+00 2.30821E+00 2.30316E+00 2.32574E+00 2.35520E+00 2.16510E+00 2.00444E+00 1.62812E+00 5.02504E+01
1.70175E+00 2.07634E+00 2.23671E+00 2.37902E+00 2.37405E+00 2.39701E+00 2.42670E+00 2.23672E+00 2.07634E+00 1.70175E+00 5.18207E+01
1.77460E+00 2.14750E+00 2.30761E+00 2.44913E+00 2.44424E+00 2.46758E+00 2.49750E+00 2.30763E+00 2.14750E+00 1.77460E+00 5.33600E+01
1.84668E+00 2.21794E+00 2.37779E+00 2.51855E+00 2.51373E+00 2.53744E+00 2.56758E+00 2.37781E+00 2.21794E+00 1.84668E+00 5.48688E+01
1.91798E+00 2.28765E+00 2.44725E+00 2.58726E+00 2.58252E+00 2.60660E+00 2.63696E+00 2.44726E+00 2.28765E+00 1.91798E+00 5.63475E+01
1.98850E+00 2.35663E+00 2.51598E+00 2.65527E+00 2.65060E+00 2.67504E+00 2.70562E+00 2.51599E+00 2.35663E+00 1.98850E+00 5.77967E+01
2.05825E+00 2.42487E+00 2.58398E+00 2.72258E+00 2.71798E+00 2.74278E+00 2.77356E+00 2.58400E+00 2.42487E+00 2.05825E+00 5.92170E+01
2.12724E+00 2.49239E+00 2.65126E+00 2.78918E+00 2.78466E+00 2.80980E+00 2.84079E+00 2.65127E+00 2.49239E+00 2.12724E+00 6.06089E+01
2.19545E+00 2.55918E+00 2.71782E+00 2.85508E+00 2.85063E+00 2.87611E+00 2.90730E+00 2.71783E+00 2.55918E+00 2.19545E+00 6.19732E+01
2.26292E+00 2.62524E+00 2.78366E+00 2.92028E+00 2.91590E+00 2.94172E+00 2.97311E+00 2.78367E+00 2.62524E+00 2.26292E+00 6.33102E+01
2.32963E+00 2.69059E+00 2.84878E+00 2.98478E+00 2.98047E+00 3.00662E+00 3.03821E+00 2.84880E+00 2.69059E+00 2.32963E+00 6.46207E+01
2.39559E+00 2.75523E+00 2.91320E+00 3.04859E+00 3.04435E+00 3.07083E+00 3.10261E+00 2.91322E+00 2.75523E+00 2.39559E+00 6.59052E+01
2.46082E+00 2.81916E+00 2.97692E+00 3.11172E+00 3.10754E+00 3.13434E+00 3.16631E+00 2.97693E+00 2.81916E+00 2.46082E+00 6.71644E+01
2.52532E+00 2.88239E+00 3.03994E+00 3.17416E+00 3.17005E+00 3.19717E+00 3.22933E+00 3.03995E+00 2.88239E+00 2.52532E+00 6.83988E+01
2.58910E+00 2.94492E+00 3.10227E+00 3.23593E+00 3.23188E+00 3.25931E+00 3.29166E+00 3.10228E+00 2.94492E+00 2.58910E+00 6.96089E+01
2.65216E+00 3.00677E+00 3.16391E+00 3.29703E+00 3.29305E+00 3.32078E+00 3.35331E+00 3.16393E+00 3.00677E+00 2.65216E+00 7.07954E+01
2.71452E+00 3.06794E+00 3.22488E+00 3.35747E+00 3.35355E+00 3.38159E+00 3.41430E+00 3.22490E+00 3.06794E+00 2.71452E+00 7.19588E+01
2.77618E+00 3.12844E+00 3.28519E+00 3.41725E+00 3.41339E+00 3.44173E+00 3.47462E+00 3.28521E+00 3.12844E+00 2.77618E+00 7.30996E+01
2.83716E+00 3.18828E+00 3.34483E+00 3.47638E+00 3.47259E+00 3.50122E+00 3.53428E+00 3.34485E+00 3.18828E+00 2.83716E+00 7.42184E+01
2.89745E+00 3.24746E+00 3.40382E+00 3.53488E+00 3.53114E+00 3.56007E+00 3.59330E+00 3.40384E+00 3.24746E+00 2.89745E+00 7.53158E+01
2.95708E+00 3.30600E+00 3.46217E+00 3.59274E+00 3.58906E+00 3.61828E+00 3.65168E+00 3.46219E+00 3.30600E+00 2.95708E+00 7.63922E+01
3.01605E+00 3.36389E+00 3.51988E+00 3.64997E+00 3.64636E+00 3.67585E+00 3.70942E+00 3.51990E+00 3.36389E+00 3.01605E+00 7.74481E+01
0.00000E+00 0.00000E+00 1.11962E-01 2.79470E-01 2.71098E-01 2.79050E-01 3.00473E-01 1.11961E-01 0.00000E+00 0.00000E+00 -1.14518E+00
0.00000E+00 0.00000E+00 1.53435E-01 3.15764E-01 3.07705E-01 3.17187E-01 3.39549E-01 1.53435E-01 0.00000E+00 0.00000E+00 -2.80493E-02
0.00000E+00 3.53540E-02 2.03002E-01 3.61138E-01 3.53358E-01 3.64190E-01 3.87368E-01 2.03002E-01 3.53540E-02 0.00000E+00 1.30164E+00
0.00000E+00 9.13464E-02 2.57992E-01 4.12571E-01 4.05048E-01 4.17109E-01 4.41021E-01 2.57993E-01 9.13464E-02 0.00000E+00 2.78586E+00
0.00000E+00 1.51069E-01 3.16817E-01 4.68299E-01 4.61015E-01 4.74214E-01 4.98797E-01 3.16819E-01 1.51069E-01 0.00000E+00 4.40012E+00
0.00000E+00 2.13306E-01 3.78240E-01 5.26985E-01 5.19926E-01 5.34185E-01 5.59390E-01 3.78243E-01 2.13306E-01 0.00000E+00 6.10206E+00
0.00000E+00 2.77225E-01 4.41414E-01 5.87713E-01 5.80865E-01 5.96118E-01 6.21903E-01 4.41417E-01 2.77225E-01 0.00000E+00 7.85955E+00
0.00000E+00 3.42237E-01 5.05738E-01 6.49828E-01 6.43181E-01 6.59373E-01 6.85700E-01 5.05742E-01 3.42237E-01 0.00000E+00 9.64834E+00
2.68713E-02 4.07480E-01 5.70343E-01 7.12436E-01 7.05978E-01 7.23055E-01 7.49894E-01 5.70348E-01 4.07480E-01 2.68713E-02 1.14012E+01
9.58934E-02 4.72617E-01 6.34885E-01 7.75152E-01 7.68875E-01 7.86794E-01 8.14118E-01 6.34890E-01 4.72617E-01 9.58934E-02 1.30795E+01
1.65037E-01 5.38126E-01 6.99831E-01 8.38405E-01 8.32302E-01 8.51029E-01 8.78817E-01 6.99837E-01 5.38126E-01 1.65037E-01 1.47518E+01
2.34094E-01 6.03771E-01 7.64942E-01 9.01938E-01 8.96003E-01 9.15507E-01 9.43740E-01 7.64948E-01 6.03771E-01 2.34094E-01 1.64108E+01
3.02902E-01 6.69365E-01 8.30027E-01 9.65547E-01 9.59773E-01 9.80027E-01 1.00869E+00 8.30034E-01 6.69365E-01 3.02902E-01 1.80514E+01
3.71334E-01 7.34758E-01 8.94934E-01 1.02907E+00 1.02345E+00 1.04443E+00 1.07350E+00 8.94941E-01 7.34758E-01 3.71334E-01 1.96692E+01
4.39287E-01 7.99830E-01 9.59542E-01 1.09237E+00 1.08691E+00 1.10858E+00 1.13806E+00 9.59550E-01 7.99830E-01 4.39287E-01 2.12612E+01
5.06681E-01 8.64488E-01 1.02375E+00 1.15535E+00 1.15004E+00 1.17239E+00 1.20225E+00 1.02376E+00 8.64488E-01 5.06681E-01 2.28250E+01
5.73454E-01 9.28653E-01 1.08749E+00 1.21793E+00 1.21275E+00 1.23576E+00 1.26599E+00 1.08750E+00 9.28653E-01 5.73454E-01 2.43589E+01
6.39554E-01 9.92265E-01 1.15069E+00 1.28002E+00 1.27498E+00 1.29863E+00 1.32922E+00 1.15070E+00 9.92265E-01 6.39554E-01 2.58619E+01
7.04944E-01 1.05527E+00 1.21330E+00 1.34158E+00 1.33668E+00 1.36095E+00 1.39189E+00 1.21331E+00 1.05527E+00 7.04944E-01 2.73331E+01
7.69593E-01 1.11764E+00 1.27529E+00 1.40256E+00 1.39779E+00 1.42267E+00 1.45395E+00 1.27530E+00 1.11764E+00 7.69593E-01 2.87722E+01
8.33478E-01 1.17934E+00 1.33661E+00 1.46294E+00 1.45829E+00 1.48375E+00 1.51537E+00 1.33662E+00 1.17934E+00 8.33478E-01 3.01789E+01
8.96584E-01 1.24034E+00 1.39725E+00 1.52267E+00 1.51815E+00 1.54418E+00 1.57612E+00 1.39727E+00 1.24034E+00 8.96584E-01 3.15533E+01
9.58899E-01 1.30063E+00 1.45720E+00 1.58173E+00 1.57733E+00 1.60392E+00 1.63618E+00 1.45721E+00 1.30063E+00 9.58899E-01 3.28957E+01
1.02042E+00 1.36020E+00 1.51642E+00 1.64012E+00 1.63584E+00 1.66298E+00 1.69554E+00 1.51644E+00 1.36020E+00 1.02042E+00 3.42064E+01
1.08113E+00 1.41903E+00 1.57493E+00 1.69782E+00 1.69366E+00 1.72132E+00 1.75419E+00 1.57494E+00 1.41903E+00 1.08113E+00 3.54858E+01
1.14104E+00 1.47712E+00 1.63270E+00 1.75482E+00 1.75077E+00 1.77895E+00 1.81211E+00 1.63271E+00 1.47712E+00 1.14104E+00 3.67346E+01
1.20015E+00 1.53448E+00 1.68974E+00 1.81111E+00 1.80717E+00 1.83587E+00 1.86932E+00 1.68975E+00 1.53448E+00 1.20015E+00 3.79532E+01
1.25846E+00 1.59108E+00 1.74604E+00 1.86670E+00 1.86287E+00 1.89206E+00 1.92579E+00 1.74606E+00 1.59108E+00 1.25846E+00 3.91422E+01
1.31598E+00 1.64695E+00 1.80161E+00 1.92158E+00 1.91785E+00 1.94754E+00 1.98154E+00 1.80163E+00 1.64695E+00 1.31598E+00 4.03025E+01
1.37271E+00 1.70208E+00 1.85646E+00 1.97576E+00 1.97213E+00 2.00229E+00 2.03657E+00 1.85647E+00 1.70208E+00 1.37271E+00 4.14346E+01
1.42866E+00 1.75648E+00 1.91057E+00 2.02923E+00 2.02570E+00 2.05633E+00 2.09087E+00 1.91059E+00 1.75648E+00 1.42866E+00 4.25392E+01
1.48384E+00 1.81016E+00 1.96397E+00 2.08200E+00 2.07858E+00 2.10966E+00 2.14446E+00 1.96399E+00 1.81016E+00 1.48384E+00 4.36170E+01
1.53826E+00 1.86311E+00 2.01665E+00 2.13408E+00 2.13075E+00 2.16229E+00 2.19734E+00 2.01667E+00 1.86311E+00 1.53826E+00 4.46688E+01
1.59193E+00 1.91535E+00 2.06863E+00 2.18547E+00 2.18224E+00 2.21422E+00 2.24952E+00 2.06865E+00 1.91535E+00 1.59193E+00 4.56953E+01
1.64485E+00 1.96689E+00 2.11991E+00 2.23618E+00 2.23304E+00 2.26546E+00 2.30101E+00 2.11993E+00 1.96689E+00 1.64485E+00 4.66971E+01
1.69705E+00 2.01773E+00 2.17050E+00 2.28622E+00 2.28318E+00 2.31601E+00 2.35181E+00 2.17052E+00 2.01773E+00 1.69705E+00 4.76748E+01
1.74852E+00 2.06789E+00 2.22041E+00 2.33559E+00 2.33264E+00 2.36590E+00 2.40193E+00 2.22043E+00 2.06789E+00 1.74852E+00 4.86293E+01
1.79929E+00 2.11737E+00 2.26965E+00 2.38431E+00 2.38145E+00 2.41511E+00 2.45138E+00 2.26967E+00 2.11737E+00 1.79929E+00 4.95611E+01
1.84936E+00 2.16618E+00 2.31822E+00 2.43238E+00 2.42960E+00 2.46368E+00 2.50017E+00 2.31824E+00 2.16618E+00 1.84936E+00 5.04709E+01
1.89874E+00 2.21434E+00 2.36615E+00 2.47981E+00 2.47712E+00 2.51159E+00 2.54831E+00 2.36617E+00 2.21434E+00 1.89874E+00 5.13592E+01
1.94745E+00 2.26185E+00 2.41343E+00 2.52661E+00 2.52401E+00 2.55887E+00 2.59581E+00 2.41345E+00 2.26185E+00 1.94745E+00 5.22269E+01
1.99550E+00 2.30873E+00 2.46008E+00 2.57279E+00 2.57028E+00 2.60552E+00 2.64269E+00 2.46010E+00 2.30873E+00 1.99550E+00 5.30743E+01
2.04289E+00 2.35498E+00 2.50611E+00 2.61837E+00 2.61593E+00 2.65156E+00 2.68894E+00 2.50613E+00 2.35498E+00 2.04289E+00 5.39021E+01
2.08965E+00 2.40061E+00 2.55153E+00 2.66334E+00 2.66098E+00 2.69699E+00 2.73458E+00 2.55155E+00 2.40061E+00 2.08965E+00 5.47109E+01
2.13577E+00 2.44564E+00 2.59634E+00 2.70772E+00 2.70545E+00 2.74182E+00 2.77962E+00 2.59636E+00 2.44564E+00 2.13577E+00 5.55011E+01
2.18128E+00 2.49007E+00 2.64056E+00 2.75152E+00 2.74932E+00 2.78606E+00 2.82406E+00 2.64059E+00 2.49007E+00 2.18128E+00 5.62734E+01
2.22618E+00 2.53392E+00 2.68421E+00 2.79475E+00 2.79263E+00 2.82972E+00 2.86793E+00 2.68423E+00 2.53392E+00 2.22618E+00 5.70283E+01
2.27048E+00 2.57720E+00 2.72728E+00 2.83742E+00 2.83537E+00 2.87282E+00 2.91123E+00 2.72730E+00 2.57720E+00 2.27048E+00 5.77661E+01
2.31420E+00 2.61990E+00 2.76978E+00 2.87953E+00 2.87756E+00 2.91535E+00 2.95396E+00 2.76981E+00 2.61990E+00 2.31420E+00 5.84875E+01
2.35734E+00 2.66206E+00 2.81174E+00 2.92110E+00 2.91921E+00 2.95734E+00 2.99614E+00 2.81176E+00 2.66206E+00 2.35734E+00 5.91929E+01
0.00000E+00 0.00000E+00 1.08291E-01 2.47739E-01 2.39652E-01 2.51032E-01 2.75573E-01 1.08290E-01 0.00000E+00 0.00000E+00 -1.02498E+00
0.00000E+00 0.00000E+00 1.48893E-01 2.84053E-01 2.76427E-01 2.89817E-01 3.15447E-01 1.48893E-01 0.00000E+00 0.00000E+00 1.04824E-01
0.00000E+00 3.29261E-02 1.95169E-01 3.26869E-01 3.19648E-01 3.34799E-01 3.61378E-01 1.95170E-01 3.29261E-02 0.00000E+00 1.38030E+00
0.00000E+00 8.38782E-02 2.45070E-01 3.73845E-01 3.66992E-01 3.83737E-01 4.11171E-01 2.45072E-01 8.38782E-02 0.00000E+00 2.75245E+00
0.00000E+00 1.37125E-01 2.97373E-01 4.23607E-01 4.17093E-01 4.35307E-01 4.63524E-01 2.97375E-01 1.37125E-01 0.00000E+00 4.20262E+00
0.00000E+00 1.91730E-01 3.51119E-01 4.75115E-01 4.68915E-01 4.88492E-01 5.17436E-01 3.51123E-01 1.91730E-01 0.00000E+00 5.69592E+00
0.00000E+00 2.47069E-01 4.05670E-01 5.27670E-01 5.21764E-01 5.42614E-01 5.72237E-01 4.05675E-01 2.47069E-01 0.00000E+00 7.20738E+00
0.00000E+00 3.02711E-01 4.60583E-01 5.80785E-01 5.75155E-01 5.97203E-01 6.27462E-01 4.60589E-01 3.02711E-01 0.00000E+00 8.71923E+00
2.29210E-02 3.58087E-01 5.15282E-01 6.33860E-01 6.28489E-01 6.51663E-01 6.82522E-01 5.15288E-01 3.58087E-01 2.29210E-02 1.01759E+01
8.14005E-02 4.12985E-01 5.69547E-01 6.86645E-01 6.81518E-01 7.05758E-01 7.37185E-01 5.69554E-01 4.12985E-01 8.14005E-02 1.15482E+01
1.39458E-01 4.67692E-01 6.23654E-01 7.39380E-01 7.34488E-01 7.59748E-01 7.91719E-01 6.23662E-01 4.67692E-01 1.39458E-01 1.28988E+01
1.96966E-01 5.22053E-01 6.77444E-01 7.91895E-01 7.87228E-01 8.13467E-01 8.45960E-01 6.77453E-01 5.22053E-01 1.96966E-01 1.42239E+01
2.53831E-01 5.75951E-01 7.30799E-01 8.44059E-01 8.39607E-01 8.66787E-01 8.99783E-01 7.30809E-01 5.75951E-01 2.53831E-01 1.55203E+01
3.09982E-01 6.29298E-01 7.83626E-01 8.95770E-01 8.91525E-01 9.19612E-01 9.53092E-01 7.83637E-01 6.29298E-01 3.09982E-01 1.67863E+01
3.65370E-01 6.82027E-01 8.35857E-01 9.46951E-01 9.42906E-01 9.71867E-01 1.00582E+00 8.35868E-01 6.82027E-01 3.65370E-01 1.80204E+01
4.19957E-01 7.34087E-01 8.87438E-01 9.97543E-01 9.93691E-01 1.02350E+00 1.05790E+00 8.87451E-01 7.34087E-01 4.19957E-01 1.92222E+01
4.73719E-01 7.85441E-01 9.38332E-01 1.04750E+00 1.04384E+00 1.07446E+00 1.10930E+00 9.38345E-01 7.85441E-01 4.73719E-01 2.03911E+01
5.26639E-01 8.36062E-01 9.88511E-01 1.09679E+00 1.09331E+00 1.12472E+00 1.15999E+00 9.88525E-01 8.36062E-01 5.26639E-01 2.15274E+01
5.78709E-01 8.85933E-01 1.03795E+00 1.14539E+00 1.14208E+00 1.17427E+00 1.20995E+00 1.03797E+00 8.85933E-01 5.78709E-01 2.26312E+01
6.29924E-01 9.35042E-01 1.08665E+00 1.19329E+00 1.19015E+00 1.22308E+00 1.25916E+00 1.08666E+00 9.35042E-01 6.29924E-01 2.37031E+01
6.80287E-01 9.83382E-01 1.13459E+00 1.24046E+00 1.23749E+00 1.27114E+00 1.30761E+00 1.13460E+00 9.83382E-01 6.80287E-01 2.47436E+01
7.29800E-01 1.03095E+00 1.18177E+00 1.28692E+00 1.28410E+00 1.31846E+00 1.35531E+00 1.18179E+00 1.03095E+00 7.29800E-01 2.57533E+01
7.78471E-01 1.07775E+00 1.22819E+00 1.33264E+00 1.32998E+00 1.36503E+00 1.40225E+00 1.22821E+00 1.07775E+00 7.78471E-01 2.67331E+01
8.26308E-01 1.12378E+00 1.27386E+00 1.37764E+00 1.37513E+00 1.41085E+00 1.44843E+00 1.27388E+00 1.12378E+00 8.26308E-01 2.76838E+01
8.73323E-01 1.16906E+00 1.31878E+00 1.42192E+00 1.41956E+00 1.45592E+00 1.49386E+00 1.31880E+00 1.16906E+00 8.73323E-01 2.86062E+01
9.19528E-01 1.21358E+00 1.36296E+00 1.46548E+00 1.46326E+00 1.50026E+00 1.53855E+00 1.36298E+00 1.21358E+00 9.19528E-01 2.95012E+01
9.64935E-01 1.25736E+00 1.40640E+00 1.50833E+00 1.50625E+00 1.54388E+00 1.58250E+00 1.40642E+00 1.25736E+00 9.64935E-01 3.03695E+01
1.00956E+00 1.30041E+00 1.44912E+00 1.55048E+00 1.54854E+00 1.58677E+00 1.62572E+00 1.44914E+00 1.30041E+00 1.00956E+00 3.12121E+01
1.05341E+00 1.34274E+00 1.49113E+00 1.59194E+00 1.59013E+00 1.62896E+00 1.66823E+00 1.49115E+00 1.34274E+00 1.05341E+00 3.20298E+01
1.09651E+00 1.38436E+00 1.53244E+00 1.63271E+00 1.63104E+00 1.67044E+00 1.71004E+00 1.53246E+00 1.38436E+00 1.09651E+00 3.28234E+01
1.13887E+00 1.42528E+00 1.57305E+00 1.67282E+00 1.67127E+00 1.71124E+00 1.75115E+00 1.57308E+00 1.42528E+00 1.13887E+00 3.35938E+01
1.18051E+00 1.46552E+00 1.61299E+00 1.71226E+00 1.71084E+00 1.75137E+00 1.79158E+00 1.61302E+00 1.46552E+00 1.18051E+00 3.43417E+01
1.22143E+00 1.50509E+00 1.65227E+00 1.75106E+00 1.74976E+00 1.79083E+00 1.83134E+00 1.65229E+00 1.50509E+00 1.22143E+00 3.50679E+01
1.26166E+00 1.54400E+00 1.69089E+00 1.78922E+00 1.78803E+00 1.82965E+00 1.87045E+00 1.69092E+00 1.54400E+00 1.26166E+00 3.57731E+01
1.30122E+00 1.58227E+00 1.72888E+00 1.82676E+00 1.82569E+00 1.86782E+00 1.90892E+00 1.72891E+00 1.58227E+00 1.30122E+00 3.64581E+01
1.34010E+00 1.61990E+00 1.76624E+00 1.86368E+00 1.86273E+00 1.90538E+00 1.94675E+00 1.76627E+00 1.61990E+00 1.34010E+00 3.71236E+01
1.37834E+00 1.65692E+00 1.80299E+00 1.90000E+00 1.89916E+00 1.94231E+00 1.98397E+00 1.80301E+00 1.65692E+00 1.37834E+00 3.77702E+01
1.41594E+00 1.69333E+00 1.83913E+00 1.93574E+00 1.93500E+00 1.97865E+00 2.02059E+00 1.83916E+00 1.69333E+00 1.41594E+00 3.83987E+01
1.45292E+00 1.72914E+00 1.87469E+00 1.97089E+00 1.97027E+00 2.01441E+00 2.05661E+00 1.87472E+00 1.72914E+00 1.45292E+00 3.90095E+01
1.48929E+00 1.76438E+00 1.90967E+00 2.00549E+00 2.00497E+00 2.04958E+00 2.09205E+00 1.90970E+00 1.76438E+00 1.48929E+00 3.96034E+01
1.52507E+00 1.79905E+00 1.94409E+00 2.03953E+00 2.03911E+00 2.08420E+00 2.12692E+00 1.94412E+00 1.79905E+00 1.52507E+00 4.01809E+01
1.56026E+00 1.83316E+00 1.97796E+00 2.07303E+00 2.07271E+00 2.11826E+00 2.16124E+00 1.97799E+00 1.83316E+00 1.56026E+00 4.07425E+01
1.59489E+00 1.86673E+00 2.01129E+00 2.10599E+00 2.10578E+00 2.15178E+00 2.19502E+00 2.01132E+00 1.86673E+00 1.59489E+00 4.12888E+01
1.62896E+00 1.89976E+00 2.04409E+00 2.13844E+00 2.13833E+00 2.18478E+00 2.22826E+00 2.04412E+00 1.89976E+00 1.62896E+00 4.18204E+01
1.66249E+00 1.93228E+00 2.07637E+00 2.17039E+00 2.17037E+00 2.21725E+00 2.26099E+00 2.07640E+00 1.93228E+00 1.66249E+00 4.23377E+01
1.69549E+00 1.96429E+00 2.10815E+00 2.20183E+00 2.20191E+00 2.24923E+00 2.29320E+00 2.10818E+00 1.96429E+00 1.69549E+00 4.28411E+01
1.72797E+00 1.99579E+00 2.13943E+00 2.23279E+00 2.23296E+00 2.28070E+00 2.32492E+00 2.13946E+00 1.99579E+00 1.72797E+00 4.33312E+01
1.75995E+00 2.02681E+00 2.17023E+00 2.26327E+00 2.26353E+00 2.31170E+00 2.35614E+00 2.17026E+00 2.02681E+00 1.75995E+00 4.38084E+01
1.79143E+00 2.05736E+00 2.20055E+00 2.29328E+00 2.29364E+00 2.34221E+00 2.38689E+00 2.20059E+00 2.05736E+00 1.79143E+00 4.42730E+01
1.82242E+00 2.08743E+00 2.23042E+00 2.32284E+00 2.32328E+00 2.37227E+00 2.41718E+00 2.23045E+00 2.08743E+00 1.82242E+00 4.47256E+01
0.00000E+00 0.00000E+00 1.04898E-01 2.20645E-01 2.13327E-01 2.29578E-01 2.57584E-01 1.04896E-01 0.00000E+00 0.00000E+00 -8.56837E-01
0.00000E+00 0.00000E+00 1.44317E-01 2.56626E-01 2.49957E-01 2.68822E-01 2.98104E-01 1.44316E-01 0.00000E+00 0.00000E+00 2.80178E-01
0.00000E+00 3.05302E-02 1.87278E-01 2.96828E-01 2.90720E-01 3.11860E-01 3.42255E-01 1.87279E-01 3.05302E-02 0.00000E+00 1.49438E+00
0.00000E+00 7.66812E-02 2.32302E-01 3.39529E-01 3.33923E-01 3.57111E-01 3.88513E-01 2.32305E-01 7.66812E-02 0.00000E+00 2.75056E+00
0.00000E+00 1.23897E-01 2.78503E-01 3.83719E-01 3.78572E-01 4.03635E-01 4.35963E-01 2.78507E-01 1.23897E-01 0.00000E+00 4.03836E+00
0.00000E+00 1.71503E-01 3.25185E-01 4.28635E-01 4.23909E-01 4.50705E-01 4.83891E-01 3.25190E-01 1.71503E-01 0.00000E+00 5.33158E+00
0.00000E+00 2.19068E-01 3.71898E-01 4.73777E-01 4.69442E-01 4.97850E-01 5.31840E-01 3.71905E-01 2.19068E-01 0.00000E+00 6.61285E+00
0.00000E+00 2.66305E-01 4.18346E-01 5.18815E-01 5.14844E-01 5.44761E-01 5.79505E-01 4.18354E-01 2.66305E-01 0.00000E+00 7.87080E+00
1.93881E-02 3.12873E-01 4.64181E-01 5.63377E-01 5.59747E-01 5.91078E-01 6.26532E-01 4.64190E-01 3.12873E-01 1.93881E-02 9.06107E+00
6.85028E-02 3.58666E-01 5.09285E-01 6.07326E-01 6.04013E-01 6.36677E-01 6.72805E-01 5.09296E-01 3.58666E-01 6.85028E-02 1.01627E+01
1.16800E-01 4.03853E-01 5.53821E-01 6.50791E-01 6.47782E-01 6.81718E-01 7.18490E-01 5.53833E-01 4.03853E-01 1.16800E-01 1.12326E+01
1.64220E-01 4.48353E-01 5.97700E-01 6.93677E-01 6.90957E-01 7.26109E-01 7.63500E-01 5.97713E-01 4.48353E-01 1.64220E-01 1.22693E+01
2.10729E-01 4.92107E-01 6.40862E-01 7.35914E-01 7.33469E-01 7.69787E-01 8.07775E-01 6.40876E-01 4.92107E-01 2.10729E-01 1.32721E+01
2.56306E-01 5.35079E-01 6.83267E-01 7.77452E-01 7.75272E-01 8.12710E-01 8.51272E-01 6.83283E-01 5.35079E-01 2.56306E-01 1.42406E+01
3.00941E-01 5.77245E-01 7.24889E-01 8.18261E-01 8.16334E-01 8.54849E-01 8.93967E-01 7.24906E-01 5.77245E-01 3.00941E-01 1.51753E+01
3.44635E-01 6.18591E-01 7.65713E-01 8.58318E-01 8.56635E-01 8.96188E-01 9.35843E-01 7.65730E-01 6.18591E-01 3.44635E-01 1.60765E+01
3.87394E-01 6.59112E-01 8.05731E-01 8.97613E-01 8.96164E-01 9.36720E-01 9.76895E-01 8.05750E-01 6.59112E-01 3.87394E-01 1.69451E+01
4.29228E-01 6.98809E-01 8.44944E-01 9.36141E-01 9.34918E-01 9.76442E-01 1.01712E+00 8.44963E-01 6.98809E-01 4.29228E-01 1.77819E+01
4.70152E-01 7.37689E-01 8.83355E-01 9.73902E-01 9.72898E-01 1.01536E+00 1.05653E+00 8.83376E-01 7.37689E-01 4.70152E-01 1.85880E+01
5.10181E-01 7.75759E-01 9.20973E-01 1.01090E+00 1.01011E+00 1.05348E+00 1.09512E+00 9.20995E-01 7.75759E-01 5.10181E-01 1.93644E+01
5.49335E-01 8.13033E-01 9.57808E-01 1.04715E+00 1.04656E+00 1.09081E+00 1.13292E+00 9.57831E-01 8.13033E-01 5.49335E-01 2.01121E+01
5.87634E-01 8.49523E-01 9.93873E-01 1.08265E+00 1.08226E+00 1.12737E+00 1.16993E+00 9.93897E-01 8.49523E-01 5.87634E-01 2.08322E+01
6.25096E-01 8.85246E-01 1.02918E+00 1.11743E+00 1.11722E+00 1.16316E+00 1.20616E+00 1.02921E+00 8.85246E-01 6.25096E-01 2.15259E+01
6.61744E-01 9.20216E-01 1.06375E+00 1.15148E+00 1.15146E+00 1.19821E+00 1.24164E+00 1.06378E+00 9.20216E-01 6.61744E-01 2.21941E+01
6.97598E-01 9.54450E-01 1.09760E+00 1.18483E+00 1.18500E+00 1.23253E+00 1.27638E+00 1.09762E+00 9.54450E-01 6.97598E-01 2.28380E+01
7.32679E-01 9.87967E-01 1.13073E+00 1.21750E+00 1.21784E+00 1.26613E+00 1.31039E+00 1.13076E+00 9.87967E-01 7.32679E-01 2.34585E+01
7.67008E-01 1.02078E+00 1.16318E+00 1.24949E+00 1.25000E+00 1.29904E+00 1.34370E+00 1.16321E+00 1.02078E+00 7.67008E-01 2.40565E+01
8.00605E-01 1.05292E+00 1.19495E+00 1.28082E+00 1.28150E+00 1.33127E+00 1.37632E+00 1.19498E+00 1.05292E+00 8.00605E-01 2.46332E+01
8.33491E-01 1.08438E+00 1.22606E+00 1.31151E+00 1.31235E+00 1.36283E+00 1.40827E+00 1.22610E+00 1.08438E+00 8.33491E-01 2.51892E+01
8.65686E-01 1.11520E+00 1.25654E+00 1.34158E+00 1.34258E+00 1.39375E+00 1.43956E+00 1.25657E+00 1.11520E+00 8.65686E-01 2.57256E+01
8.97210E-01 1.14539E+00 1.28639E+00 1.37104E+00 1.37219E+00 1.42404E+00 1.47022E+00 1.28642E+00 1.14539E+00 8.97210E-01 2.62431E+01
9.28080E-01 1.17496E+00 1.31563E+00 1.39990E+00 1.40120E+00 1.45372E+00 1.50026E+00 1.31567E+00 1.17496E+00 9.28080E-01 2.67425E+01
9.58315E-01 1.20393E+00 1.34428E+00 1.42819E+00 1.42963E+00 1.48280E+00 1.52969E+00 1.34432E+00 1.20393E+00 9.58315E-01 2.72246E+01
9.87934E-01 1.23232E+00 1.37236E+00 1.45591E+00 1.45749E+00 1.51129E+00 1.55853E+00 1.37240E+00 1.23232E+00 9.87934E-01 2.76901E+01
1.01695E+00 1.26014E+00 1.39988E+00 1.48308E+00 1.48480E+00 1.53923E+00 1.58681E+00 1.39991E+00 1.26014E+00 1.01695E+00 2.81397E+01
1.04539E+00 1.28742E+00 1.42685E+00 1.50972E+00 1.51158E+00 1.56661E+00 1.61452E+00 1.42688E+00 1.28742E+00 1.04539E+00 2.85740E+01
1.07326E+00 1.31415E+00 1.45329E+00 1.53583E+00 1.53782E+00 1.59345E+00 1.64170E+00 1.45332E+00 1.31415E+00 1.07326E+00 2.89937E+01
1.10058E+00 1.34036E+00 1.47921E+00 1.56144E+00 1.56356E+00 1.61977E+00 1.66834E+00 1.47925E+00 1.34036E+00 1.10058E+00 2.93993E+01
1.12737E+00 1.36607E+00 1.50463E+00 1.58655E+00 1.58880E+00 1.64559E+00 1.69448E+00 1.50467E+00 1.36607E+00 1.12737E+00 2.97915E+01
1.15364E+00 1.39128E+00 1.52956E+00 1.61119E+00 1.61356E+00 1.67091E+00 1.72011E+00 1.52960E+00 1.39128E+00 1.15364E+00 3.01708E+01
1.17940E+00 1.41601E+00 1.55401E+00 1.63535E+00 1.63785E+00 1.69575E+00 1.74526E+00 1.55406E+00 1.41601E+00 1.17940E+00 3.05376E+01
1.20467E+00 1.44027E+00 1.57800E+00 1.65906E+00 1.66168E+00 1.72012E+00 1.76993E+00 1.57805E+00 1.44027E+00 1.20467E+00 3.08925E+01
1.22946E+00 1.46407E+00 1.60154E+00 1.68233E+00 1.68506E+00 1.74403E+00 1.79414E+00 1.60159E+00 1.46407E+00 1.22946E+00 3.12360E+01
1.25378E+00 1.48743E+00 1.62464E+00 1.70516E+00 1.70801E+00 1.76750E+00 1.81791E+00 1.62469E+00 1.48743E+00 1.25378E+00 3.15684E+01
1.27765E+00 1.51036E+00 1.64731E+00 1.72757E+00 1.73053E+00 1.79054E+00 1.84123E+00 1.64736E+00 1.51036E+00 1.27765E+00 3.18903E+01
1.30108E+00 1.53287E+00 1.66957E+00 1.74957E+00 1.75264E+00 1.81316E+00 1.86413E+00 1.66961E+00 1.53287E+00 1.30108E+00 3.22019E+01
1.32408E+00 1.55496E+00 1.69142E+00 1.77117E+00 1.77435E+00 1.83536E+00 1.88662E+00 1.69146E+00 1.55496E+00 1.32408E+00 3.25038E+01
1.34667E+00 1.57666E+00 1.71287E+00 1.79238E+00 1.79566E+00 1.85717E+00 1.90870E+00 1.71292E+00 1.57666E+00 1.34667E+00 3.27962E+01
1.36884E+00 1.59796E+00 1.73394E+00 1.81320E+00 1.81660E+00 1.87858E+00 1.93038E+00 1.73398E+00 1.59796E+00 1.36884E+00 3.30795E+01
1.39062E+00 1.61889E+00 1.75463E+00 1.83366E+00 1.83716E+00 1.89962E+00 1.95169E+00 1.75467E+00 1.61889E+00 1.39062E+00 3.33541E+01
0.00000E+00 0.00000E+00 1.01686E-01 1.97998E-01 1.92167E-01 2.15308E-01 2.47115E-01 1.01683E-01 0.00000E+00 0.00000E+00 -6.23829E-01
0.00000E+00 0.00000E+00 1.39598E-01 2.33287E-01 2.28330E-01 2.54834E-01 2.88160E-01 1.39597E-01 0.00000E+00 0.00000E+00 5.07452E-01
0.00000E+00 2.81446E-02 1.79184E-01 2.70781E-01 2.66569E-01 2.95975E-01 3.30633E-01 1.79186E-01 2.81446E-02 0.00000E+00 1.64822E+00
0.00000E+00 6.96828E-02 2.19487E-01 3.09329E-01 3.05776E-01 3.37777E-01 3.73642E-01 2.19491E-01 6.96828E-02 0.00000E+00 2.78105E+00
0.00000E+00 1.11242E-01 2.59930E-01 3.48261E-01 3.45302E-01 3.79667E-01 4.16643E-01 2.59936E-01 1.11242E-01 0.00000E+00 3.90569E+00
0.00000E+00 1.52392E-01 3.00061E-01 3.87068E-01 3.84652E-01 4.21188E-01 4.59197E-01 3.00069E-01 1.52392E-01 0.00000E+00 5.00533E+00
0.00000E+00 1.92878E-01 3.39608E-01 4.25441E-01 4.23524E-01 4.62072E-01 5.01046E-01 3.39618E-01 1.92878E-01 0.00000E+00 6.07022E+00
0.00000E+00 2.32550E-01 3.78408E-01 4.63189E-01 4.61733E-01 5.02156E-01 5.42038E-01 3.78419E-01 2.32550E-01 0.00000E+00 7.09501E+00
1.62282E-02 2.71242E-01 4.16288E-01 5.00123E-01 4.99094E-01 5.41265E-01 5.82002E-01 4.16301E-01 2.71242E-01 1.62282E-02 8.04569E+00
5.70271E-02 3.08933E-01 4.53218E-01 5.36194E-01 5.35563E-01 5.79374E-01 6.20920E-01 4.53233E-01 3.08933E-01 5.70271E-02 8.90836E+00
9.67384E-02 3.45735E-01 4.89298E-01 5.71480E-01 5.71226E-01 6.16596E-01 6.58918E-01 4.89315E-01 3.45735E-01 9.67384E-02 9.73406E+00
1.35363E-01 3.81627E-01 5.24501E-01 6.05948E-01 6.06050E-01 6.52906E-01 6.95974E-01 5.24520E-01 3.81627E-01 1.35363E-01 1.05233E+01
1.72914E-01 4.16600E-01 5.58817E-01 6.39579E-01 6.40020E-01 6.88296E-01 7.32080E-01 5.58838E-01 4.16600E-01 1.72914E-01 1.12769E+01
2.09410E-01 4.50659E-01 5.92247E-01 6.72368E-01 6.73132E-01 7.22768E-01 7.67243E-01 5.92269E-01 4.50659E-01 2.09410E-01 1.19960E+01
2.44878E-01 4.83814E-01 6.24799E-01 7.04319E-01 7.05392E-01 7.56331E-01 8.01474E-01 6.24823E-01 4.83814E-01 2.44878E-01 1.26820E+01
2.79344E-01 5.16083E-01 6.56487E-01 7.35442E-01 7.36809E-01 7.89002E-01 8.34790E-01 6.56513E-01 5.16083E-01 2.79344E-01 1.33362E+01
3.12839E-01 5.47484E-01 6.87330E-01 7.65751E-01 7.67400E-01 8.20800E-01 8.67212E-01 6.87357E-01 5.47484E-01 3.12839E-01 1.39602E+01
3.45395E-01 5.78040E-01 7.17347E-01 7.95263E-01 7.97183E-01 8.51746E-01 8.98764E-01 7.17375E-01 5.78040E-01 3.45395E-01 1.45553E+01
3.77043E-01 6.07774E-01 7.46561E-01 8.23997E-01 8.26179E-01 8.81863E-01 9.29469E-01 7.46590E-01 6.07774E-01 3.77043E-01 1.51230E+01
4.07813E-01 6.36710E-01 7.74994E-01 8.51975E-01 8.54407E-01 9.11176E-01 9.59354E-01 7.75025E-01 6.36710E-01 4.07813E-01 1.56646E+01
4.37737E-01 6.64875E-01 8.02670E-01 8.79218E-01 8.81892E-01 9.39710E-01 9.88443E-01 8.02703E-01 6.64875E-01 4.37737E-01 1.61815E+01
4.66845E-01 6.92291E-01 8.29614E-01 9.05748E-01 9.08654E-01 9.67488E-01 1.01676E+00 8.29648E-01 6.92291E-01 4.66845E-01 1.66749E+01
4.95167E-01 7.18983E-01 8.55847E-01 9.31586E-01 9.34717E-01 9.94537E-01 1.04434E+00 8.55883E-01 7.18983E-01 4.95167E-01 1.71462E+01
5.22730E-01 7.44976E-01 8.81394E-01 9.56755E-01 9.60103E-01 1.02088E+00 1.07119E+00 8.81431E-01 7.44976E-01 5.22730E-01 1.75963E+01
5.49562E-01 7.70294E-01 9.06278E-01 9.81275E-01 9.84834E-01 1.04654E+00 1.09735E+00 9.06316E-01 7.70294E-01 5.49562E-01 1.80265E+01
5.75690E-01 7.94958E-01 9.30520E-01 1.00517E+00 1.00893E+00 1.07154E+00 1.12284E+00 9.30560E-01 7.94958E-01 5.75690E-01 1.84377E+01
6.01140E-01 8.18992E-01 9.54142E-01 1.02846E+00 1.03242E+00 1.09590E+00 1.14768E+00 9.54183E-01 8.18992E-01 6.01140E-01 1.88309E+01
6.25935E-01 8.42416E-01 9.77166E-01 1.05116E+00 1.05531E+00 1.11965E+00 1.17190E+00 9.77208E-01 8.42416E-01 6.25935E-01 1.92071E+01
6.50099E-01 8.65252E-01 9.99610E-01 1.07329E+00 1.07763E+00 1.14280E+00 1.19551E+00 9.99654E-01 8.65252E-01 6.50099E-01 1.95671E+01
6.73655E-01 8.87520E-01 1.02150E+00 1.09488E+00 1.09939E+00 1.16537E+00 1.21853E+00 1.02154E+00 8.87520E-01 6.73655E-01 1.99117E+01
6.96623E-01 9.09239E-01 1.04284E+00 1.11593E+00 1.12062E+00 1.18740E+00 1.24099E+00 1.04289E+00 9.09239E-01 6.96623E-01 2.02417E+01
7.19026E-01 9.30427E-01 1.06366E+00 1.13647E+00 1.14134E+00 1.20888E+00 1.26291E+00 1.06371E+00 9.30427E-01 7.19026E-01 2.05579E+01
7.40882E-01 9.51102E-01 1.08398E+00 1.15652E+00 1.16155E+00 1.22985E+00 1.28429E+00 1.08403E+00 9.51102E-01 7.40882E-01 2.08608E+01
7.62210E-01 9.71281E-01 1.10381E+00 1.17609E+00 1.18128E+00 1.25031E+00 1.30517E+00 1.10386E+00 9.71281E-01 7.62210E-01 2.11513E+01
7.83028E-01 9.90982E-01 1.12317E+00 1.19519E+00 1.20054E+00 1.27030E+00 1.32556E+00 1.12322E+00 9.90982E-01 7.83028E-01 2.14297E+01
8.03355E-01 1.01022E+00 1.14207E+00 1.21384E+00 1.21935E+00 1.28981E+00 1.34547E+00 1.14212E+00 1.01022E+00 8.03355E-01 2.16969E+01
8.23206E-01 1.02901E+00 1.16053E+00 1.23207E+00 1.23772E+00 1.30887E+00 1.36492E+00 1.16059E+00 1.02901E+00 8.23206E-01 2.19532E+01
8.42596E-01 1.04736E+00 1.17857E+00 1.24987E+00 1.25567E+00 1.32749E+00 1.38392E+00 1.17862E+00 1.04736E+00 8.42596E-01 2.21991E+01
8.61542E-01 1.06530E+00 1.19619E+00 1.26726E+00 1.27320E+00 1.34568E+00 1.40249E+00 1.19624E+00 1.06530E+00 8.61542E-01 2.24353E+01
8.80059E-01 1.08283E+00 1.21341E+00 1.28426E+00 1.29034E+00 1.36347E+00 1.42065E+00 1.21346E+00 1.08283E+00 8.80059E-01 2.26620E+01
8.98158E-01 1.09997E+00 1.23024E+00 1.30087E+00 1.30710E+00 1.38085E+00 1.43840E+00 1.23029E+00 1.09997E+00 8.98158E-01 2.28798E+01
9.15855E-01 1.11672E+00 1.24669E+00 1.31712E+00 1.32348E+00 1.39785E+00 1.45576E+00 1.24675E+00 1.11672E+00 9.15855E-01 2.30891E+01
9.33162E-01 1.13311E+00 1.26279E+00 1.33301E+00 1.33949E+00 1.41448E+00 1.47274E+00 1.26285E+00 1.13311E+00 9.33162E-01 2.32901E+01
9.50092E-01 1.14914E+00 1.27853E+00 1.34855E+00 1.35516E+00 1.43075E+00 1.48935E+00 1.27859E+00 1.14914E+00 9.50092E-01 2.34834E+01
9.66655E-01 1.16482E+00 1.29392E+00 1.36375E+00 1.37049E+00 1.44666E+00 1.50560E+00 1.29399E+00 1.16482E+00 9.66655E-01 2.36692E+01
9.82863E-01 1.18016E+00 1.30899E+00 1.37863E+00 1.38549E+00 1.46223E+00 1.52151E+00 1.30905E+00 1.18016E+00 9.82863E-01 2.38479E+01
9.98728E-01 1.19518E+00 1.32374E+00 1.39319E+00 1.40017E+00 1.47748E+00 1.53708E+00 1.32380E+00 1.19518E+00 9.98728E-01 2.40197E+01
1.01426E+00 1.20989E+00 1.33817E+00 1.40744E+00 1.41454E+00 1.49240E+00 1.55233E+00 1.33823E+00 1.20989E+00 1.01426E+00 2.41850E+01
1.02947E+00 1.22428E+00 1.35230E+00 1.42139E+00 1.42861E+00 1.50701E+00 1.56727E+00 1.35236E+00 1.22428E+00 1.02947E+00 2.43440E+01
1.04436E+00 1.23838E+00 1.36613E+00 1.43506E+00 1.44238E+00 1.52132E+00 1.58189E+00 1.36620E+00 1.23838E+00 1.04436E+00 2.44970E+01
0.00000E+00 0.00000E+00 9.85539E-02 1.79724E-01 1.76415E-01 2.09253E-01 2.45191E-01 9.85496E-02 0.00000E+00 0.00000E+00 -3.09891E-01
0.00000E+00 0.00000E+00 1.34585E-01 2.13897E-01 2.11713E-01 2.48814E-01 2.86616E-01 1.34584E-01 0.00000E+00 0.00000E+00 7.92949E-01
0.00000E+00 2.57227E-02 1.70663E-01 2.48500E-01 2.47262E-01 2.88009E-01 3.27446E-01 1.70666E-01 2.57227E-02 0.00000E+00 1.84205E+00
0.00000E+00 6.27559E-02 2.06310E-01 2.82914E-01 2.82503E-01 3.26484E-01 3.67405E-01 2.06315E-01 6.27559E-02 0.00000E+00 2.84031E+00
0.00000E+00 9.89399E-02 2.41240E-01 3.16785E-01 3.17112E-01 3.64021E-01 4.06308E-01 2.41248E-01 9.89399E-02 0.00000E+00 3.79845E+00
0.00000E+00 1.34074E-01 2.75227E-01 3.49847E-01 3.50841E-01 4.00424E-01 4.43981E-01 2.75239E-01 1.34074E-01 0.00000E+00 4.70912E+00
0.00000E+00 1.68067E-01 3.08163E-01 3.81963E-01 3.83564E-01 4.35611E-01 4.80356E-01 3.08177E-01 1.68067E-01 0.00000E+00 5.56965E+00
0.00000E+00 2.00889E-01 3.40003E-01 4.13069E-01 4.15228E-01 4.69560E-01 5.15420E-01 3.40020E-01 2.00889E-01 0.00000E+00 6.38003E+00
1.33966E-02 2.32512E-01 3.70713E-01 4.43119E-01 4.45790E-01 5.02240E-01 5.49150E-01 3.70732E-01 2.32512E-01 1.33966E-02 7.11546E+00
4.68032E-02 2.62987E-01 4.00330E-01 4.72136E-01 4.75281E-01 5.33709E-01 5.81612E-01 4.00352E-01 2.62987E-01 4.68032E-02 7.76786E+00
7.89633E-02 2.92403E-01 4.28933E-01 5.00185E-01 5.03774E-01 5.64074E-01 6.12927E-01 4.28957E-01 2.92403E-01 7.89633E-02 8.38212E+00
1.09926E-01 3.20788E-01 4.56543E-01 5.27280E-01 5.31288E-01 5.93366E-01 6.43131E-01 4.56570E-01 3.20788E-01 1.09926E-01 8.96021E+00
1.39742E-01 3.48175E-01 4.83189E-01 5.53448E-01 5.57851E-01 6.21620E-01 6.72262E-01 4.83219E-01 3.48175E-01 1.39742E-01 9.50420E+00
1.68464E-01 3.74599E-01 5.08906E-01 5.78715E-01 5.83493E-01 6.48876E-01 7.00362E-01 5.08937E-01 3.74599E-01 1.68464E-01 1.00161E+01
1.96142E-01 4.00099E-01 5.33726E-01 6.03114E-01 6.08248E-01 6.75174E-01 7.27474E-01 5.33760E-01 4.00099E-01 1.96142E-01 1.04980E+01
2.22826E-01 4.24712E-01 5.57687E-01 6.26677E-01 6.32149E-01 7.00553E-01 7.53640E-01 5.57723E-01 4.24712E-01 2.22826E-01 1.09518E+01
2.48563E-01 4.48477E-01 5.80823E-01 6.49437E-01 6.55233E-01 7.25054E-01 7.78901E-01 5.80862E-01 4.48477E-01 2.48563E-01 1.13792E+01
2.73399E-01 4.71430E-01 6.03170E-01 6.71428E-01 6.77531E-01 7.48715E-01 8.03299E-01 6.03211E-01 4.71430E-01 2.73399E-01 1.17820E+01
2.97376E-01 4.93607E-01 6.24762E-01 6.92681E-01 6.99079E-01 7.71573E-01 8.26871E-01 6.24804E-01 4.93607E-01 2.97376E-01 1.21618E+01
3.20536E-01 5.15042E-01 6.45631E-01 7.13227E-01 7.19907E-01 7.93664E-01 8.49656E-01 6.45675E-01 5.15042E-01 3.20536E-01 1.25200E+01
3.42917E-01 5.35767E-01 6.65809E-01 7.33098E-01 7.40048E-01 8.15023E-01 8.71688E-01 6.65855E-01 5.35767E-01 3.42917E-01 1.28582E+01
3.64556E-01 5.55815E-01 6.85326E-01 7.52320E-01 7.59531E-01 8.35682E-01 8.93002E-01 6.85374E-01 5.55815E-01 3.64556E-01 1.31775E+01
3.85487E-01 5.75216E-01 7.04211E-01 7.70923E-01 7.78384E-01 8.55672E-01 9.13629E-01 7.04261E-01 5.75216E-01 3.85487E-01 1.34791E+01
4.05742E-01 5.93997E-01 7.22491E-01 7.88933E-01 7.96634E-01 8.75023E-01 9.33601E-01 7.22543E-01 5.93997E-01 4.05742E-01 1.37643E+01
4.25354E-01 6.12185E-01 7.40193E-01 8.06374E-01 8.14308E-01 8.93763E-01 9.52946E-01 7.40247E-01 6.12185E-01 4.25354E-01 1.40340E+01
4.44349E-01 6.29806E-01 7.57341E-01 8.23272E-01 8.31429E-01 9.11918E-01 9.71690E-01 7.57397E-01 6.29806E-01 4.44349E-01 1.42891E+01
4.62757E-01 6.46885E-01 7.73959E-01 8.39648E-01 8.48021E-01 9.29513E-01 9.89861E-01 7.74016E-01 6.46885E-01 4.62757E-01 1.45306E+01
4.80602E-01 6.63445E-01 7.90069E-01 8.55525E-01 8.64107E-01 9.46572E-01 1.00748E+00 7.90128E-01 6.63445E-01 4.80602E-01 1.47593E+01
4.97909E-01 6.79506E-01 8.05692E-01 8.70923E-01 8.79707E-01 9.63118E-01 1.02458E+00 8.05753E-01 6.79506E-01 4.97909E-01 1.49760E+01
5.14701E-01 6.95091E-01 8.20848E-01 8.85862E-01 8.94841E-01 9.79173E-01 1.04117E+00 8.20911E-01 6.95091E-01 5.14701E-01 1.51813E+01
5.30999E-01 7.10217E-01 8.35557E-01 9.00360E-01 9.09528E-01 9.94756E-01 1.05728E+00 8.35622E-01 7.10217E-01 5.30999E-01 1.53760E+01
5.46825E-01 7.24905E-01 8.49837E-01 9.14435E-01 9.23787E-01 1.00989E+00 1.07292E+00 8.49903E-01 7.24905E-01 5.46825E-01 1.55606E+01
5.62197E-01 7.39172E-01 8.63704E-01 9.28104E-01 9.37634E-01 1.02458E+00 1.08812E+00 8.63772E-01 7.39172E-01 5.62197E-01 1.57357E+01
5.77134E-01 7.53034E-01 8.77176E-01 9.41383E-01 9.51086E-01 1.03886E+00 1.10290E+00 8.77245E-01 7.53034E-01 5.77134E-01 1.59019E+01
5.91653E-01 7.66507E-01 8.90267E-01 9.54287E-01 9.64157E-01 1.05274E+00 1.11726E+00 8.90338E-01 7.66507E-01 5.91653E-01 1.60597E+01
6.05772E-01 7.79607E-01 9.02992E-01 9.66830E-01 9.76863E-01 1.06623E+00 1.13123E+00 9.03064E-01 7.79607E-01 6.05772E-01 1.62094E+01
6.19505E-01 7.92347E-01 9.15366E-01 9.79026E-01 9.89218E-01 1.07936E+00 1.14481E+00 9.15439E-01 7.92347E-01 6.19505E-01 1.63517E+01
6.32867E-01 8.04741E-01 9.27401E-01 9.90889E-01 1.00123E+00 1.09213E+00 1.15804E+00 9.27476E-01 8.04741E-01 6.32867E-01 1.64868E+01
6.45873E-01 8.16803E-01 9.39110E-01 1.00243E+00 1.01293E+00 1.10455E+00 1.17091E+00 9.39187E-01 8.16803E-01 6.45873E-01 1.66151E+01
6.58535E-01 8.28544E-01 9.50506E-01 1.01366E+00 1.02430E+00 1.11665E+00 1.18344E+00 9.50584E-01 8.28544E-01 6.58535E-01 1.67371E+01
6.70868E-01 8.39977E-01 9.61599E-01 1.02459E+00 1.03538E+00 1.12842E+00 1.19565E+00 9.61679E-01 8.39977E-01 6.70868E-01 1.68530E+01
6.82882E-01 8.51112E-01 9.72401E-01 1.03524E+00 1.04616E+00 1.13990E+00 1.20755E+00 9.72482E-01 8.51112E-01 6.82882E-01 1.69631E+01
6.94589E-01 8.61960E-01 9.82922E-01 1.04561E+00 1.05667E+00 1.15107E+00 1.21914E+00 9.83004E-01 8.61960E-01 6.94589E-01 1.70678E+01
7.06001E-01 8.72532E-01 9.93172E-01 1.05571E+00 1.06690E+00 1.16196E+00 1.23044E+00 9.93256E-01 8.72532E-01 7.06001E-01 1.71672E+01
7.17127E-01 8.82836E-01 1.00316E+00 1.06555E+00 1.07687E+00 1.17258E+00 1.24146E+00 1.00325E+00 8.82836E-01 7.17127E-01 1.72618E+01
7.27978E-01 8.92883E-01 1.01290E+00 1.07514E+00 1.08659E+00 1.18293E+00 1.25220E+00 1.01298E+00 8.92883E-01 7.27978E-01 1.73517E+01
7.38563E-01 9.02680E-01 1.02239E+00 1.08449E+00 1.09606E+00 1.19302E+00 1.26268E+00 1.02248E+00 9.02680E-01 7.38563E-01 1.74371E+01
7.48891E-01 9.12237E-01 1.03165E+00 1.09361E+00 1.10530E+00 1.20287E+00 1.27291E+00 1.03173E+00 9.12237E-01 7.48891E-01 1.75183E+01
7.58971E-01 9.21562E-01 1.04067E+00 1.10251E+00 1.11431E+00 1.21247E+00 1.28290E+00 1.04076E+00 9.21562E-01 7.58971E-01 1.75954E+01
7.68812E-01 9.30661E-01 1.04948E+00 1.11118E+00 1.12310E+00 1.22185E+00 1.29264E+00 1.04957E+00 9.30661E-01 7.68812E-01 1.76687E+01
0.00000E+00 0.00000E+00 9.54125E-02 1.65843E-01 1.66499E-01 2.12892E-01 2.53376E-01 9.54058E-02 0.00000E+00 0.00000E+00 9.39266E-02
0.00000E+00 0.00000E+00 1.29062E-01 1.98306E-01 2.00336E-01 2.52032E-01 2.94888E-01 1.29061E-01 0.00000E+00 0.00000E+00 1.13402E+00
0.00000E+00 2.31823E-02 1.61371E-01 2.29671E-01 2.32838E-01 2.89022E-01 3.33956E-01 1.61375E-01 2.31823E-02 0.00000E+00 2.06670E+00
0.00000E+00 5.57028E-02 1.92305E-01 2.59813E-01 2.63960E-01 3.24092E-01 3.70907E-01 1.92313E-01 5.57028E-02 0.00000E+00 2.91559E+00
0.00000E+00 8.66820E-02 2.21849E-01 2.88674E-01 2.93687E-01 3.57364E-01 4.05909E-01 2.21862E-01 8.66820E-02 0.00000E+00 3.70192E+00
0.00000E+00 1.16130E-01 2.49987E-01 3.16212E-01 3.21997E-01 3.88891E-01 4.39041E-01 2.50004E-01 1.16130E-01 0.00000E+00 4.42696E+00
0.00000E+00 1.44105E-01 2.76753E-01 3.42443E-01 3.48926E-01 4.18764E-01 4.70411E-01 2.76775E-01 1.44105E-01 0.00000E+00 5.09410E+00
0.00000E+00 1.70682E-01 3.02209E-01 3.67417E-01 3.74533E-01 4.47085E-01 5.00137E-01 3.02234E-01 1.70682E-01 0.00000E+00 5.70758E+00
1.08499E-02 1.95938E-01 3.26423E-01 3.91193E-01 3.98886E-01 4.73940E-01 5.28309E-01 3.26451E-01 1.95938E-01 1.08499E-02 6.25038E+00
3.76696E-02 2.19979E-01 3.49486E-01 4.13857E-01 4.22078E-01 4.99453E-01 5.55064E-01 3.49519E-01 2.19979E-01 3.76696E-02 6.71886E+00
6.31830E-02 2.42893E-01 3.71475E-01 4.35473E-01 4.44186E-01 5.23747E-01 5.80545E-01 3.71511E-01 2.42893E-01 6.31830E-02 7.15162E+00
8.74762E-02 2.64747E-01 3.92447E-01 4.56097E-01 4.65270E-01 5.46897E-01 6.04831E-01 3.92487E-01 2.64747E-01 8.74762E-02 7.55157E+00
1.10629E-01 2.85603E-01 4.12462E-01 4.75785E-01 4.85388E-01 5.68973E-01 6.27997E-01 4.12505E-01 2.85603E-01 1.10629E-01 7.92145E+00
1.32717E-01 3.05521E-01 4.31576E-01 4.94589E-01 5.04598E-01 5.90043E-01 6.50113E-01 4.31622E-01 3.05521E-01 1.32717E-01 8.26375E+00
1.53808E-01 3.24556E-01 4.49840E-01 5.12561E-01 5.22952E-01 6.10167E-01 6.71245E-01 4.49890E-01 3.24556E-01 1.53808E-01 8.58075E+00
1.73965E-01 3.42760E-01 4.67305E-01 5.29748E-01 5.40501E-01 6.29403E-01 6.91452E-01 4.67358E-01 3.42760E-01 1.73965E-01 8.87456E+00
1.93247E-01 3.60184E-01 4.84017E-01 5.46195E-01 5.57290E-01 6.47805E-01 7.10792E-01 4.84073E-01 3.60184E-01 1.93247E-01 9.14707E+00
2.11707E-01 3.76872E-01 5.00020E-01 5.61944E-01 5.73363E-01 6.65423E-01 7.29316E-01 5.00078E-01 3.76872E-01 2.11707E-01 9.40000E+00
2.29395E-01 3.92866E-01 5.15353E-01 5.77035E-01 5.88763E-01 6.82302E-01 7.47072E-01 5.15414E-01 3.92866E-01 2.29395E-01 9.63493E+00
2.46356E-01 4.08206E-01 5.30054E-01 5.91503E-01 6.03525E-01 6.98485E-01 7.64105E-01 5.30118E-01 4.08206E-01 2.46356E-01 9.85327E+00
2.62634E-01 4.22930E-01 5.44159E-01 6.05385E-01 6.17687E-01 7.14012E-01 7.80455E-01 5.44226E-01 4.22930E-01 2.62634E-01 1.00563E+01
2.78266E-01 4.37070E-01 5.57701E-01 6.18711E-01 6.31280E-01 7.28920E-01 7.96162E-01 5.57770E-01 4.37070E-01 2.78266E-01 1.02453E+01
2.93290E-01 4.50658E-01 5.70709E-01 6.31511E-01 6.44336E-01 7.43242E-01 8.11260E-01 5.70781E-01 4.50658E-01 2.93290E-01 1.04212E+01
3.07738E-01 4.63724E-01 5.83212E-01 6.43813E-01 6.56883E-01 7.57010E-01 8.25783E-01 5.83287E-01 4.63724E-01 3.07738E-01 1.05850E+01
3.21642E-01 4.76296E-01 5.95237E-01 6.55643E-01 6.68948E-01 7.70254E-01 8.39761E-01 5.95314E-01 4.76296E-01 3.21642E-01 1.07377E+01
3.35030E-01 4.88399E-01 6.06808E-01 6.67025E-01 6.80555E-01 7.83002E-01 8.53223E-01 6.06888E-01 4.88399E-01 3.35030E-01 1.08800E+01
3.47930E-01 5.00057E-01 6.17948E-01 6.77983E-01 6.91729E-01 7.95278E-01 8.66196E-01 6.18030E-01 5.00057E-01 3.47930E-01 1.10127E+01
3.60366E-01 5.11293E-01 6.28680E-01 6.88537E-01 7.02491E-01 8.07107E-01 8.78703E-01 6.28764E-01 5.11293E-01 3.60366E-01 1.11364E+01
3.72362E-01 5.22127E-01 6.39023E-01 6.98706E-01 7.12860E-01 8.18511E-01 8.90768E-01 6.39109E-01 5.22127E-01 3.72362E-01 1.12518E+01
3.83940E-01 5.32578E-01 6.48996E-01 7.08511E-01 7.22858E-01 8.29510E-01 9.02414E-01 6.49084E-01 5.32578E-01 3.83940E-01 1.13595E+01
3.95120E-01 5.42666E-01 6.58616E-01 7.17967E-01 7.32500E-01 8.40125E-01 9.13660E-01 6.58707E-01 5.42666E-01 3.95120E-01 1.14599E+01
4.05921E-01 5.52408E-01 6.67901E-01 7.27092E-01 7.41804E-01 8.50374E-01 9.24524E-01 6.67995E-01 5.52408E-01 4.05921E-01 1.15536E+01
4.16361E-01 5.61819E-01 6.76866E-01 7.35901E-01 7.50786E-01 8.60274E-01 9.35026E-01 6.76962E-01 5.61819E-01 4.16361E-01 1.16410E+01
4.26456E-01 5.70914E-01 6.85526E-01 7.44409E-01 7.59461E-01 8.69840E-01 9.45181E-01 6.85624E-01 5.70914E-01 4.26456E-01 1.17226E+01
4.36223E-01 5.79709E-01 6.93895E-01 7.52628E-01 7.67842E-01 8.79089E-01 9.55005E-01 6.93994E-01 5.79709E-01 4.36223E-01 1.17986E+01
4.45677E-01 5.88216E-01 7.01985E-01 7.60572E-01 7.75942E-01 8.88033E-01 9.64514E-01 7.02086E-01 5.88216E-01 4.45677E-01 1.18695E+01
4.54830E-01 5.96448E-01 7.09809E-01 7.68253E-01 7.83775E-01 8.96688E-01 9.73720E-01 7.09912E-01 5.96448E-01 4.54830E-01 1.19355E+01
4.63697E-01 6.04417E-01 7.17378E-01 7.75682E-01 7.91351E-01 9.05065E-01 9.82638E-01 7.17483E-01 6.04417E-01 4.63697E-01 1.19970E+01
4.72289E-01 6.12134E-01 7.24703E-01 7.82871E-01 7.98681E-01 9.13176E-01 9.91278E-01 7.24811E-01 6.12134E-01 4.72289E-01 1.20543E+01
4.80619E-01 6.19610E-01 7.31795E-01 7.89828E-01 8.05776E-01 9.21032E-01 9.99654E-01 7.31904E-01 6.19610E-01 4.80619E-01 1.21075E+01
4.88697E-01 6.26855E-01 7.38663E-01 7.96564E-01 8.12646E-01 9.28645E-01 1.00778E+00 7.38774E-01 6.26855E-01 4.88697E-01 1.21570E+01
4.96533E-01 6.33878E-01 7.45317E-01 8.03089E-01 8.19300E-01 9.36023E-01 1.01565E+00 7.45430E-01 6.33878E-01 4.96533E-01 1.22030E+01
5.04138E-01 6.40689E-01 7.51765E-01 8.09409E-01 8.25747E-01 9.43178E-01 1.02330E+00 7.51879E-01 6.40689E-01 5.04138E-01 1.22456E+01
5.11520E-01 6.47295E-01 7.58015E-01 8.15535E-01 8.31994E-01 9.50116E-01 1.03072E+00 7.58131E-01 6.47295E-01 5.11520E-01 1.22851E+01
5.18690E-01 6.53705E-01 7.64075E-01 8.21473E-01 8.38051E-01 9.56849E-01 1.03792E+00 7.64194E-01 6.53705E-01 5.18690E-01 1.23217E+01
5.25654E-01 6.59927E-01 7.69953E-01 8.27230E-01 8.43924E-01 9.63382E-01 1.04492E+00 7.70073E-01 6.59927E-01 5.25654E-01 1.23555E+01
5.32420E-01 6.65967E-01 7.75656E-01 8.32814E-01 8.49621E-01 9.69724E-01 1.05172E+00 7.75778E-01 6.65967E-01 5.32420E-01 1.23866E+01
5.38997E-01 6.71833E-01 7.81190E-01 8.38232E-01 8.55148E-01 9.75882E-01 1.05832E+00 7.81314E-01 6.71833E-01 5.38997E-01 1.24153E+01
5.45392E-01 6.77531E-01 7.86562E-01 8.43489E-01 8.60511E-01 9.81864E-01 1.06474E+00 7.86687E-01 6.77531E-01 5.45392E-01 1.24416E+01
5.51611E-01 6.83068E-01 7.91778E-01 8.48592E-01 8.65718E-01 9.87675E-01 1.07099E+00 7.91905E-01 6.83068E-01 5.51611E-01 1.24657E+01
0.00000E+00 0.00000E+00 9.21782E-02 1.56350E-01 1.62879E-01 2.28066E-01 2.73849E-01 9.21680E-02 0.00000E+00 0.00000E+00 5.77942E-01
0.00000E+00 0.00000E+00 1.22720E-01 1.86201E-01 1.94293E-01 2.65908E-01 3.14833E-01 1.22718E-01 0.00000E+00 0.00000E+00 1.50937E+00
0.00000E+00 2.04082E-02 1.50819E-01 2.13733E-01 2.23092E-01 3.00081E-01 3.51743E-01 1.50825E-01 2.04082E-02 0.00000E+00 2.29567E+00
0.00000E+00 4.82700E-02 1.76842E-01 2.39265E-01 2.49698E-01 3.31366E-01 3.85490E-01 1.76855E-01 4.82700E-02 0.00000E+00 2.97851E+00
0.00000E+00 7.41029E-02 2.01017E-01 2.63003E-01 2.74369E-01 3.60200E-01 4.16578E-01 2.01036E-01 7.41029E-02 0.00000E+00 3.58750E+00
0.00000E+00 9.81022E-02 2.23503E-01 2.85096E-01 2.97283E-01 3.86861E-01 4.45318E-01 2.23529E-01 9.81022E-02 0.00000E+00 4.13076E+00
0.00000E+00 1.20449E-01 2.44459E-01 3.05690E-01 3.18608E-01 4.11588E-01 4.71978E-01 2.44491E-01 1.20449E-01 0.00000E+00 4.61603E+00
0.00000E+00 1.41305E-01 2.64027E-01 3.24923E-01 3.38497E-01 4.34590E-01 4.96784E-01 2.64064E-01 1.41305E-01 0.00000E+00 5.05036E+00
8.55109E-03 1.60821E-01 2.82348E-01 3.42933E-01 3.57097E-01 4.56039E-01 5.19916E-01 2.82391E-01 1.60821E-01 8.55109E-03 5.42284E+00
2.94903E-02 1.79141E-01 2.99551E-01 3.59844E-01 3.74541E-01 4.76107E-01 5.41564E-01 2.99599E-01 1.79141E-01 2.94903E-02 5.73285E+00
4.91559E-02 1.96361E-01 3.15714E-01 3.75729E-01 3.90918E-01 4.94941E-01 5.61901E-01 3.15767E-01 1.96361E-01 4.91559E-02 6.01254E+00
6.76586E-02 2.12574E-01 3.30922E-01 3.90671E-01 4.06315E-01 5.12646E-01 5.81039E-01 3.30980E-01 2.12574E-01 6.76586E-02 6.26518E+00
8.50966E-02 2.27858E-01 3.45250E-01 4.04745E-01 4.20811E-01 5.29315E-01 5.99078E-01 3.45313E-01 2.27858E-01 8.50966E-02 6.49361E+00
1.01557E-01 2.42288E-01 3.58767E-01 4.18017E-01 4.34476E-01 5.45033E-01 6.16107E-01 3.58834E-01 2.42288E-01 1.01557E-01 6.70039E+00
1.17119E-01 2.55929E-01 3.71534E-01 4.30548E-01 4.47374E-01 5.59875E-01 6.32207E-01 3.71606E-01 2.55929E-01 1.17119E-01 6.88771E+00
1.31851E-01 2.68839E-01 3.83608E-01 4.42394E-01 4.59563E-01 5.73908E-01 6.47448E-01 3.83684E-01 2.68839E-01 1.31851E-01 7.05755E+00
1.45816E-01 2.81074E-01 3.95038E-01 4.53604E-01 4.71094E-01 5.87193E-01 6.61895E-01 3.95119E-01 2.81074E-01 1.45816E-01 7.21165E+00
1.59071E-01 2.92681E-01 4.05872E-01 4.64224E-01 4.82016E-01 5.99784E-01 6.75606E-01 4.05957E-01 2.92681E-01 1.59071E-01 7.35152E+00
1.71666E-01 3.03704E-01 4.16150E-01 4.74294E-01 4.92371E-01 6.11732E-01 6.88634E-01 4.16239E-01 3.03704E-01 1.71666E-01 7.47854E+00
1.83648E-01 3.14182E-01 4.25910E-01 4.83852E-01 5.02198E-01 6.23080E-01 7.01025E-01 4.26003E-01 3.14182E-01 1.83648E-01 7.59390E+00
1.95058E-01 3.24154E-01 4.35188E-01 4.92932E-01 5.11533E-01 6.33871E-01 7.12823E-01 4.35284E-01 3.24154E-01 1.95058E-01 7.69869E+00
2.05935E-01 3.33651E-01 4.44013E-01 5.01566E-01 5.20407E-01 6.44140E-01 7.24067E-01 4.44114E-01 3.33651E-01 2.05935E-01 7.79387E+00
2.16313E-01 3.42704E-01 4.52417E-01 5.09782E-01 5.28851E-01 6.53922E-01 7.34793E-01 4.52521E-01 3.42704E-01 2.16313E-01 7.88028E+00
2.26225E-01 3.51341E-01 4.60425E-01 5.17606E-01 5.36892E-01 6.63247E-01 7.45034E-01 4.60532E-01 3.51341E-01 2.26225E-01 7.95871E+00
2.35698E-01 3.59588E-01 4.68061E-01 5.25063E-01 5.44554E-01 6.72145E-01 7.54819E-01 4.68171E-01 3.59588E-01 2.35698E-01 8.02983E+00
2.44760E-01 3.67468E-01 4.75348E-01 5.32175E-01 5.51862E-01 6.80641E-01 7.64177E-01 4.75462E-01 3.67468E-01 2.44760E-01 8.09428E+00
2.53436E-01 3.75003E-01 4.82306E-01 5.38962E-01 5.58835E-01 6.88760E-01 7.73132E-01 4.82423E-01 3.75003E-01 2.53436E-01 8.15261E+00
2.61748E-01 3.82213E-01 4.88956E-01 5.45443E-01 5.65494E-01 6.96522E-01 7.81709E-01 4.89076E-01 3.82213E-01 2.61748E-01 8.20532E+00
2.69716E-01 3.89117E-01 4.95313E-01 5.51636E-01 5.71857E-01 7.03950E-01 7.89928E-01 4.95437E-01 3.89117E-01 2.69716E-01 8.25287E+00
2.77361E-01 3.95731E-01 5.01396E-01 5.57557E-01 5.77939E-01 7.11062E-01 7.97809E-01 5.01522E-01 3.95731E-01 2.77361E-01 8.29569E+00
2.84700E-01 4.02071E-01 5.07218E-01 5.63221E-01 5.83758E-01 7.17874E-01 8.05372E-01 5.07348E-01 4.02071E-01 2.84700E-01 8.33414E+00
2.91749E-01 4.08153E-01 5.12795E-01 5.68641E-01 5.89327E-01 7.24405E-01 8.12634E-01 5.12927E-01 4.08153E-01 2.91749E-01 8.36856E+00
2.98524E-01 4.13989E-01 5.18139E-01 5.73832E-01 5.94659E-01 7.30668E-01 8.19609E-01 5.18274E-01 4.13989E-01 2.98524E-01 8.39927E+00
3.05040E-01 4.19593E-01 5.23262E-01 5.78804E-01 5.99768E-01 7.36677E-01 8.26314E-01 5.23400E-01 4.19593E-01 3.05040E-01 8.42655E+00
3.11309E-01 4.24978E-01 5.28176E-01 5.83570E-01 6.04664E-01 7.42447E-01 8.32762E-01 5.28316E-01 4.24978E-01 3.11309E-01 8.45066E+00
3.17345E-01 4.30152E-01 5.32891E-01 5.88139E-01 6.09359E-01 7.47988E-01 8.38966E-01 5.33034E-01 4.30152E-01 3.17345E-01 8.47184E+00
3.23158E-01 4.35128E-01 5.37418E-01 5.92523E-01 6.13862E-01 7.53313E-01 8.44938E-01 5.37564E-01 4.35128E-01 3.23158E-01 8.49031E+00
3.28760E-01 4.39916E-01 5.41765E-01 5.96729E-01 6.18184E-01 7.58432E-01 8.50689E-01 5.41914E-01 4.39916E-01 3.28760E-01 8.50626E+00
3.34160E-01 4.44523E-01 5.45942E-01 6.00766E-01 6.22332E-01 7.63355E-01 8.56230E-01 5.46093E-01 4.44523E-01 3.34160E-01 8.51987E+00
3.39369E-01 4.48958E-01 5.49956E-01 6.04643E-01 6.26316E-01 7.68092E-01 8.61570E-01 5.50110E-01 4.48958E-01 3.39369E-01 8.53133E+00
3.44395E-01 4.53231E-01 5.53816E-01 6.08368E-01 6.30143E-01 7.72651E-01 8.66720E-01 5.53972E-01 4.53231E-01 3.44395E-01 8.54077E+00
3.49247E-01 4.57347E-01 5.57528E-01 6.11947E-01 6.33821E-01 7.77040E-01 8.71688E-01 5.57686E-01 4.57347E-01 3.49247E-01 8.54834E+00
3.53933E-01 4.61315E-01 5.61099E-01 6.15386E-01 6.37356E-01 7.81267E-01 8.76482E-01 5.61259E-01 4.61315E-01 3.53933E-01 8.55419E+00
3.58459E-01 4.65141E-01 5.64535E-01 6.18694E-01 6.40755E-01 7.85340E-01 8.81109E-01 5.64698E-01 4.65141E-01 3.58459E-01 8.55841E+00
3.62834E-01 4.68831E-01 5.67844E-01 6.21874E-01 6.44024E-01 7.89265E-01 8.85578E-01 5.68009E-01 4.68831E-01 3.62834E-01 8.56114E+00
3.67063E-01 4.72391E-01 5.71029E-01 6.24933E-01 6.47169E-01 7.93049E-01 8.89894E-01 5.71197E-01 4.72391E-01 3.67063E-01 8.56246E+00
3.71153E-01 4.75827E-01 5.74097E-01 6.27877E-01 6.50195E-01 7.96698E-01 8.94065E-01 5.74267E-01 4.75827E-01 3.71153E-01 8.56249E+00
3.75109E-01 4.79145E-01 5.77053E-01 6.30710E-01 6.53108E-01 8.00218E-01 8.98097E-01 5.77225E-01 4.79145E-01 3.75109E-01 8.56131E+00
3.78938E-01 4.82348E-01 5.79901E-01 6.33437E-01 6.55911E-01 8.03614E-01 9.01995E-01 5.80075E-01 4.82348E-01 3.78938E-01 8.55899E+00
3.82644E-01 4.85442E-01 5.82647E-01 6.36062E-01 6.58611E-01 8.06892E-01 9.05765E-01 5.82822E-01 4.85442E-01 3.82644E-01 8.55562E+00
0.00000E+00 0.00000E+00 9.04838E-02 1.53163E-01 1.63477E-01 2.40557E-01 2.89534E-01 9.04710E-02 0.00000E+00 0.00000E+00 8.37725E-01
0.00000E+00 0.00000E+00 1.19108E-01 1.81241E-01 1.93156E-01 2.77224E-01 3.29866E-01 1.19105E-01 0.00000E+00 0.00000E+00 1.69503E+00
0.00000E+00 1.88953E-02 1.44879E-01 2.06545E-01 2.19743E-01 3.09612E-01 3.65429E-01 1.44885E-01 1.88953E-02 0.00000E+00 2.39645E+00
0.00000E+00 4.43347E-02 1.68336E-01 2.29584E-01 2.43857E-01 3.38745E-01 3.97406E-01 1.68351E-01 4.43347E-02 0.00000E+00 2.99056E+00
0.00000E+00 6.75919E-02 1.89809E-01 2.50674E-01 2.65871E-01 3.65201E-01 4.26455E-01 1.89832E-01 6.75919E-02 0.00000E+00 3.50977E+00
0.00000E+00 8.89392E-02 2.09531E-01 2.70041E-01 2.86044E-01 3.89352E-01 4.52990E-01 2.09563E-01 8.89392E-02 0.00000E+00 3.96461E+00
0.00000E+00 1.08607E-01 2.27708E-01 2.87884E-01 3.04598E-01 4.11501E-01 4.77345E-01 2.27747E-01 1.08607E-01 0.00000E+00 4.36423E+00
0.00000E+00 1.26790E-01 2.44511E-01 3.04372E-01 3.21719E-01 4.31897E-01 4.99795E-01 2.44557E-01 1.26790E-01 0.00000E+00 4.71639E+00
7.48692E-03 1.43664E-01 2.60107E-01 3.19670E-01 3.37581E-01 4.50743E-01 5.20551E-01 2.60160E-01 1.43664E-01 7.48692E-03 5.01260E+00
2.57303E-02 1.59384E-01 2.74635E-01 3.33914E-01 3.52332E-01 4.68229E-01 5.39824E-01 2.74694E-01 1.59384E-01 2.57303E-02 5.25318E+00
4.27492E-02 1.74052E-01 2.88175E-01 3.47181E-01 3.66061E-01 4.84510E-01 5.57800E-01 2.88241E-01 1.74052E-01 4.27492E-02 5.46702E+00
5.86614E-02 1.87763E-01 3.00818E-01 3.59558E-01 3.78863E-01 4.99701E-01 5.74602E-01 3.00889E-01 1.87763E-01 5.86614E-02 5.65731E+00
7.35695E-02 2.00605E-01 3.12643E-01 3.71127E-01 3.90822E-01 5.13902E-01 5.90340E-01 3.12720E-01 2.00605E-01 7.35695E-02 5.82682E+00
8.75637E-02 2.12653E-01 3.23721E-01 3.81956E-01 4.02012E-01 5.27202E-01 6.05107E-01 3.23804E-01 2.12653E-01 8.75637E-02 5.97794E+00
1.00723E-01 2.23974E-01 3.34116E-01 3.92108E-01 4.12500E-01 5.39680E-01 6.18989E-01 3.34204E-01 2.23974E-01 1.00723E-01 6.11274E+00
1.13119E-01 2.34629E-01 3.43883E-01 4.01640E-01 4.22342E-01 5.51405E-01 6.32059E-01 3.43976E-01 2.34629E-01 1.13119E-01 6.23301E+00
1.24813E-01 2.44669E-01 3.53073E-01 4.10600E-01 4.31591E-01 5.62438E-01 6.44384E-01 3.53171E-01 2.44669E-01 1.24813E-01 6.34034E+00
1.35860E-01 2.54144E-01 3.61731E-01 4.19033E-01 4.40295E-01 5.72835E-01 6.56021E-01 3.61833E-01 2.54144E-01 1.35860E-01 6.43609E+00
1.46311E-01 2.63097E-01 3.69896E-01 4.26979E-01 4.48494E-01 5.82644E-01 6.67025E-01 3.70004E-01 2.63097E-01 1.46311E-01 6.52147E+00
1.56211E-01 2.71565E-01 3.77607E-01 4.34475E-01 4.56226E-01 5.91911E-01 6.77442E-01 3.77719E-01 2.71565E-01 1.56211E-01 6.59753E+00
1.65599E-01 2.79585E-01 3.84894E-01 4.41553E-01 4.63527E-01 6.00674E-01 6.87315E-01 3.85011E-01 2.79585E-01 1.65599E-01 6.66522E+00
1.74513E-01 2.87187E-01 3.91790E-01 4.48243E-01 4.70425E-01 6.08970E-01 6.96683E-01 3.91910E-01 2.87187E-01 1.74513E-01 6.72536E+00
1.82985E-01 2.94400E-01 3.98319E-01 4.54572E-01 4.76950E-01 6.16832E-01 7.05580E-01 3.98444E-01 2.94400E-01 1.82985E-01 6.77867E+00
1.91045E-01 3.01251E-01 4.04508E-01 4.60564E-01 4.83127E-01 6.24289E-01 7.14039E-01 4.04638E-01 3.01251E-01 1.91045E-01 6.82582E+00
1.98720E-01 3.07764E-01 4.10380E-01 4.66242E-01 4.88980E-01 6.31368E-01 7.22088E-01 4.10513E-01 3.07764E-01 1.98720E-01 6.86738E+00
2.06036E-01 3.13960E-01 4.15953E-01 4.71626E-01 4.94528E-01 6.38094E-01 7.29754E-01 4.16090E-01 3.13960E-01 2.06036E-01 6.90387E+00
2.13015E-01 3.19860E-01 4.21248E-01 4.76735E-01 4.99793E-01 6.44490E-01 7.37061E-01 4.21389E-01 3.19860E-01 2.13015E-01 6.93575E+00
2.19678E-01 3.25481E-01 4.26282E-01 4.81586E-01 5.04792E-01 6.50576E-01 7.44031E-01 4.26427E-01 3.25481E-01 2.19678E-01 6.96343E+00
2.26045E-01 3.30841E-01 4.31071E-01 4.86195E-01 5.09540E-01 6.56371E-01 7.50685E-01 4.31219E-01 3.30841E-01 2.26045E-01 6.98730E+00
2.32132E-01 3.35955E-01 4.35629E-01 4.90576E-01 5.14054E-01 6.61893E-01 7.57041E-01 4.35781E-01 3.35955E-01 2.32132E-01 7.00768E+00
2.37957E-01 3.40838E-01 4.39971E-01 4.94744E-01 5.18348E-01 6.67158E-01 7.63117E-01 4.40126E-01 3.40838E-01 2.37957E-01 7.02489E+00
2.43534E-01 3.45503E-01 4.44108E-01 4.98710E-01 5.22434E-01 6.72181E-01 7.68929E-01 4.44266E-01 3.45503E-01 2.43534E-01 7.03918E+00
2.48878E-01 3.49962E-01 4.48053E-01 5.02486E-01 5.26323E-01 6.76975E-01 7.74491E-01 4.48214E-01 3.49962E-01 2.48878E-01 7.05082E+00
2.54000E-01 3.54227E-01 4.51816E-01 5.06084E-01 5.30028E-01 6.81554E-01 7.79818E-01 4.51980E-01 3.54227E-01 2.54000E-01 7.06002E+00
2.58914E-01 3.58308E-01 4.55407E-01 5.09511E-01 5.33559E-01 6.85929E-01 7.84921E-01 4.55574E-01 3.58308E-01 2.58914E-01 7.06698E+00
2.63631E-01 3.62215E-01 4.58835E-01 5.12779E-01 5.36924E-01 6.90112E-01 7.89814E-01 4.59006E-01 3.62215E-01 2.63631E-01 7.07191E+00
2.68160E-01 3.65957E-01 4.62110E-01 5.15895E-01 5.40134E-01 6.94111E-01 7.94506E-01 4.62283E-01 3.65957E-01 2.68160E-01 7.07495E+00
2.72511E-01 3.69543E-01 4.65238E-01 5.18868E-01 5.43195E-01 6.97938E-01 7.99009E-01 4.65415E-01 3.69543E-01 2.72511E-01 7.07627E+00
2.76694E-01 3.72981E-01 4.68229E-01 5.21705E-01 5.46117E-01 7.01601E-01 8.03331E-01 4.68409E-01 3.72981E-01 2.76694E-01 7.07601E+00
2.80717E-01 3.76279E-01 4.71089E-01 5.24413E-01 5.48905E-01 7.05108E-01 8.07482E-01 4.71271E-01 3.76279E-01 2.80717E-01 7.07429E+00
2.84587E-01 3.79442E-01 4.73824E-01 5.26998E-01 5.51567E-01 7.08467E-01 8.11470E-01 4.74009E-01 3.79442E-01 2.84587E-01 7.07123E+00
2.88312E-01 3.82479E-01 4.76440E-01 5.29467E-01 5.54110E-01 7.11686E-01 8.15304E-01 4.76628E-01 3.82479E-01 2.88312E-01 7.06695E+00
2.91899E-01 3.85394E-01 4.78944E-01 5.31825E-01 5.56538E-01 7.14771E-01 8.18989E-01 4.79134E-01 3.85394E-01 2.91899E-01 7.06153E+00
2.95355E-01 3.88194E-01 4.81341E-01 5.34078E-01 5.58858E-01 7.17728E-01 8.22534E-01 4.81534E-01 3.88194E-01 2.95355E-01 7.05507E+00
2.98685E-01 3.90884E-01 4.83635E-01 5.36231E-01 5.61075E-01 7.20564E-01 8.25945E-01 4.83831E-01 3.90884E-01 2.98685E-01 7.04765E+00
3.01896E-01 3.93470E-01 4.85833E-01 5.38289E-01 5.63194E-01 7.23284E-01 8.29227E-01 4.86031E-01 3.93470E-01 3.01896E-01 7.03935E+00
3.04992E-01 3.95955E-01 4.87938E-01 5.40255E-01 5.65219E-01 7.25893E-01 8.32388E-01 4.88138E-01 3.95955E-01 3.04992E-01 7.03024E+00
3.07979E-01 3.98345E-01 4.89954E-01 5.42134E-01 5.67154E-01 7.28398E-01 8.35431E-01 4.90157E-01 3.98345E-01 3.07979E-01 7.02039E+00
3.10861E-01 4.00643E-01 4.91885E-01 5.43931E-01 5.69004E-01 7.30801E-01 8.38362E-01 4.92091E-01 4.00643E-01 3.10861E-01 7.00985E+00
3.13643E-01 4.02854E-01 4.93736E-01 5.45649E-01 5.70773E-01 7.33108E-01 8.41187E-01 4.93944E-01 4.02854E-01 3.13643E-01 6.99867E+00
0.00000E+00 0.00000E+00 8.86902E-02 1.50869E-01 1.65569E-01 2.56539E-01 3.09345E-01 8.86741E-02 0.00000E+00 0.00000E+00 1.09659E+00
0.00000E+00 0.00000E+00 1.15108E-01 1.76794E-01 1.93073E-01 2.91554E-01 3.48663E-01 1.15105E-01 0.00000E+00 0.00000E+00 1.86642E+00
0.00000E+00 1.72839E-02 1.38381E-01 1.99623E-01 2.17147E-01 3.21816E-01 3.82625E-01 1.38389E-01 1.72839E-02 0.00000E+00 2.47603E+00
0.00000E+00 4.02296E-02 1.59192E-01 2.20021E-01 2.38575E-01 3.48559E-01 4.12665E-01 1.59212E-01 4.02296E-02 0.00000E+00 2.97881E+00
0.00000E+00 6.09086E-02 1.77954E-01 2.38393E-01 2.57821E-01 3.72481E-01 4.39576E-01 1.77984E-01 6.09086E-02 0.00000E+00 3.40879E+00
0.00000E+00 7.96562E-02 1.94961E-01 2.55029E-01 2.75210E-01 3.94032E-01 4.63863E-01 1.95000E-01 7.96562E-02 0.00000E+00 3.77808E+00
0.00000E+00 9.67413E-02 2.10450E-01 2.70165E-01 2.91002E-01 4.13564E-01 4.85917E-01 2.10498E-01 9.67413E-02 0.00000E+00 4.09658E+00
0.00000E+00 1.12382E-01 2.24618E-01 2.83994E-01 3.05407E-01 4.31360E-01 5.06051E-01 2.24675E-01 1.12382E-01 0.00000E+00 4.37236E+00
6.47856E-03 1.26772E-01 2.37646E-01 2.96697E-01 3.18618E-01 4.47644E-01 5.24501E-01 2.37711E-01 1.26772E-01 6.47856E-03 4.59884E+00
2.21857E-02 1.40072E-01 2.49678E-01 3.08416E-01 3.30789E-01 4.62619E-01 5.41492E-01 2.49751E-01 1.40072E-01 2.21857E-02 4.77698E+00
3.67379E-02 1.52384E-01 2.60793E-01 3.19227E-01 3.42007E-01 4.76441E-01 5.57221E-01 2.60873E-01 1.52384E-01 3.67379E-02 4.93235E+00
5.02561E-02 1.63809E-01 2.71085E-01 3.29223E-01 3.52373E-01 4.89232E-01 5.71820E-01 2.71172E-01 1.63809E-01 5.02561E-02 5.06797E+00
6.28445E-02 1.74435E-01 2.80635E-01 3.38484E-01 3.61971E-01 5.01097E-01 5.85403E-01 2.80729E-01 1.74435E-01 6.28445E-02 5.18637E+00
7.45931E-02 1.84338E-01 2.89513E-01 3.47081E-01 3.70875E-01 5.12126E-01 5.98068E-01 2.89613E-01 1.84338E-01 7.45931E-02 5.28972E+00
8.55806E-02 1.93585E-01 2.97781E-01 3.55075E-01 3.79151E-01 5.22398E-01 6.09900E-01 2.97888E-01 1.93585E-01 8.55806E-02 5.37989E+00
9.58760E-02 2.02233E-01 3.05494E-01 3.62520E-01 3.86854E-01 5.31982E-01 6.20975E-01 3.05607E-01 2.02233E-01 9.58760E-02 5.45845E+00
1.05540E-01 2.10336E-01 3.12701E-01 3.69464E-01 3.94037E-01 5.40938E-01 6.31359E-01 3.12820E-01 2.10336E-01 1.05540E-01 5.52679E+00
1.14625E-01 2.17938E-01 3.19443E-01 3.75950E-01 4.00743E-01 5.49322E-01 6.41110E-01 3.19568E-01 2.17938E-01 1.14625E-01 5.58607E+00
1.23181E-01 2.25081E-01 3.25760E-01 3.82016E-01 4.07011E-01 5.57180E-01 6.50281E-01 3.25890E-01 2.25081E-01 1.23181E-01 5.63734E+00
1.31248E-01 2.31802E-01 3.31685E-01 3.87694E-01 4.12878E-01 5.64555E-01 6.58918E-01 3.31820E-01 2.31802E-01 1.31248E-01 5.68147E+00
1.38866E-01 2.38132E-01 3.37248E-01 3.93017E-01 4.18375E-01 5.71485E-01 6.67062E-01 3.37389E-01 2.38132E-01 1.38866E-01 5.71927E+00
1.46068E-01 2.44102E-01 3.42478E-01 3.98011E-01 4.23531E-01 5.78004E-01 6.74751E-01 3.42624E-01 2.44102E-01 1.46068E-01 5.75140E+00
1.52884E-01 2.49739E-01 3.47399E-01 4.02701E-01 4.28371E-01 5.84144E-01 6.82018E-01 3.47550E-01 2.49739E-01 1.52884E-01 5.77848E+00
1.59344E-01 2.55065E-01 3.52034E-01 4.07108E-01 4.32918E-01 5.89931E-01 6.88893E-01 3.52190E-01 2.55065E-01 1.59344E-01 5.80103E+00
1.65471E-01 2.60103E-01 3.56403E-01 4.11254E-01 4.37194E-01 5.95391E-01 6.95404E-01 3.56563E-01 2.60103E-01 1.65471E-01 5.81951E+00
1.71288E-01 2.64873E-01 3.60524E-01 4.15156E-01 4.41218E-01 6.00547E-01 7.01576E-01 3.60689E-01 2.64873E-01 1.71288E-01 5.83435E+00
1.76817E-01 2.69393E-01 3.64414E-01 4.18831E-01 4.45006E-01 6.05420E-01 7.07432E-01 3.64583E-01 2.69393E-01 1.76817E-01 5.84591E+00
1.82077E-01 2.73680E-01 3.68089E-01 4.22295E-01 4.48576E-01 6.10028E-01 7.12992E-01 3.68263E-01 2.73680E-01 1.82077E-01 5.85452E+00
1.87083E-01 2.77747E-01 3.71563E-01 4.25562E-01 4.51941E-01 6.14389E-01 7.18275E-01 3.71741E-01 2.77747E-01 1.87083E-01 5.86047E+00
1.91854E-01 2.81611E-01 3.74849E-01 4.28643E-01 4.55115E-01 6.18519E-01 7.23298E-01 3.75030E-01 2.81611E-01 1.91854E-01 5.86402E+00
1.96402E-01 2.85282E-01 3.77958E-01 4.31552E-01 4.58109E-01 6.22431E-01 7.28079E-01 3.78144E-01 2.85282E-01 1.96402E-01 5.86540E+00
2.00742E-01 2.88773E-01 3.80902E-01 4.34298E-01 4.60936E-01 6.26141E-01 7.32630E-01 3.81091E-01 2.88773E-01 2.00742E-01 5.86483E+00
2.04886E-01 2.92094E-01 3.83690E-01 4.36892E-01 4.63605E-01 6.29659E-01 7.36967E-01 3.83883E-01 2.92094E-01 2.04886E-01 5.86249E+00
2.08846E-01 2.95256E-01 3.86332E-01 4.39343E-01 4.66127E-01 6.32998E-01 7.41100E-01 3.86529E-01 2.95256E-01 2.08846E-01 5.85855E+00
2.12631E-01 2.98268E-01 3.88837E-01 4.41660E-01 4.68509E-01 6.36167E-01 7.45043E-01 3.89038E-01 2.98268E-01 2.12631E-01 5.85316E+00
2.16252E-01 3.01138E-01 3.91212E-01 4.43850E-01 4.70761E-01 6.39177E-01 7.48805E-01 3.91416E-01 3.01138E-01 2.16252E-01 5.84646E+00
2.19717E-01 3.03874E-01 3.93465E-01 4.45920E-01 4.72889E-01 6.42037E-01 7.52397E-01 3.93673E-01 3.03874E-01 2.19717E-01 5.83858E+00
2.23036E-01 3.06484E-01 3.95603E-01 4.47878E-01 4.74900E-01 6.44755E-01 7.55828E-01 3.95814E-01 3.06484E-01 2.23036E-01 5.82963E+00
2.26215E-01 3.08974E-01 3.97632E-01 4.49730E-01 4.76802E-01 6.47338E-01 7.59106E-01 3.97846E-01 3.08974E-01 2.26215E-01 5.81971E+00
2.29263E-01 3.11351E-01 3.99557E-01 4.51481E-01 4.78600E-01 6.49794E-01 7.62239E-01 3.99775E-01 3.11351E-01 2.29263E-01 5.80891E+00
2.32187E-01 3.13621E-01 4.01386E-01 4.53137E-01 4.80299E-01 6.52131E-01 7.65235E-01 4.01606E-01 3.13621E-01 2.32187E-01 5.79732E+00
2.34991E-01 3.15789E-01 4.03122E-01 4.54703E-01 4.81906E-01 6.54353E-01 7.68101E-01 4.03345E-01 3.15789E-01 2.34991E-01 5.78501E+00
2.37683E-01 3.17861E-01 4.04770E-01 4.56184E-01 4.83425E-01 6.56467E-01 7.70844E-01 4.04996E-01 3.17861E-01 2.37683E-01 5.77206E+00
2.40268E-01 3.19841E-01 4.06335E-01 4.57584E-01 4.84861E-01 6.58478E-01 7.73468E-01 4.06565E-01 3.19841E-01 2.40268E-01 5.75852E+00
2.42751E-01 3.21734E-01 4.07822E-01 4.58908E-01 4.86217E-01 6.60392E-01 7.75981E-01 4.08054E-01 3.21734E-01 2.42751E-01 5.74446E+00
2.45137E-01 3.23544E-01 4.09234E-01 4.60159E-01 4.87499E-01 6.62214E-01 7.78388E-01 4.09469E-01 3.23544E-01 2.45137E-01 5.72992E+00
2.47431E-01 3.25275E-01 4.10575E-01 4.61341E-01 4.88709E-01 6.63948E-01 7.80693E-01 4.10812E-01 3.25275E-01 2.47431E-01 5.71497E+00
2.49637E-01 3.26932E-01 4.11848E-01 4.62457E-01 4.89852E-01 6.65597E-01 7.82902E-01 4.12088E-01 3.26932E-01 2.49637E-01 5.69963E+00
2.51759E-01 3.28516E-01 4.13057E-01 4.63512E-01 4.90930E-01 6.67167E-01 7.85018E-01 4.13299E-01 3.28516E-01 2.51759E-01 5.68395E+00
2.53801E-01 3.30033E-01 4.14204E-01 4.64506E-01 4.91947E-01 6.68661E-01 7.87046E-01 4.14450E-01 3.30033E-01 2.53801E-01 5.66797E+00
0.00000E+00 0.00000E+00 8.67294E-02 1.49246E-01 1.68911E-01 2.76045E-01 3.33652E-01 8.67089E-02 0.00000E+00 0.00000E+00 1.34032E+00
0.00000E+00 0.00000E+00 1.10633E-01 1.72598E-01 1.93737E-01 3.08834E-01 3.71506E-01 1.10628E-01 0.00000E+00 0.00000E+00 2.01059E+00
0.00000E+00 1.55728E-02 1.31238E-01 1.92691E-01 2.14969E-01 3.36565E-01 4.03558E-01 1.31249E-01 1.55728E-02 0.00000E+00 2.52314E+00
0.00000E+00 3.59598E-02 1.49335E-01 2.10301E-01 2.33503E-01 3.60638E-01 4.31451E-01 1.49359E-01 3.59598E-02 0.00000E+00 2.93376E+00
0.00000E+00 5.40697E-02 1.65393E-01 2.25895E-01 2.49866E-01 3.81836E-01 4.56095E-01 1.65430E-01 5.40697E-02 0.00000E+00 3.27663E+00
0.00000E+00 7.02832E-02 1.79748E-01 2.39805E-01 2.64427E-01 4.00672E-01 4.78065E-01 1.79797E-01 7.02832E-02 0.00000E+00 3.56461E+00
0.00000E+00 8.48949E-02 1.92661E-01 2.52290E-01 2.77469E-01 4.17531E-01 4.97798E-01 1.92721E-01 8.48949E-02 0.00000E+00 3.80770E+00
0.00000E+00 9.81371E-02 2.04338E-01 2.63556E-01 2.89216E-01 4.32715E-01 5.15634E-01 2.04409E-01 9.81371E-02 0.00000E+00 4.01380E+00
5.52773E-03 1.10211E-01 2.14968E-01 2.73791E-01 2.99867E-01 4.46463E-01 5.31827E-01 2.15049E-01 1.10211E-01 5.52773E-03 4.17782E+00
1.88615E-02 1.21278E-01 2.24695E-01 2.83137E-01 3.09575E-01 4.58980E-01 5.46610E-01 2.24785E-01 1.21278E-01 1.88615E-02 4.30100E+00
3.11284E-02 1.31440E-01 2.33593E-01 2.91666E-01 3.18424E-01 4.70423E-01 5.60187E-01 2.33692E-01 1.31440E-01 3.11284E-02 4.40563E+00
4.24488E-02 1.40798E-01 2.41756E-01 2.99468E-01 3.26513E-01 4.80913E-01 5.72693E-01 2.41863E-01 1.40798E-01 4.24488E-02 4.49441E+00
5.29249E-02 1.49437E-01 2.49262E-01 3.06623E-01 3.33924E-01 4.90557E-01 5.84244E-01 2.49378E-01 1.49437E-01 5.29249E-02 4.56956E+00
6.26444E-02 1.57431E-01 2.56180E-01 3.13199E-01 3.40728E-01 4.99443E-01 5.94940E-01 2.56304E-01 1.57431E-01 6.26444E-02 4.63297E+00
7.16830E-02 1.64845E-01 2.62568E-01 3.19253E-01 3.46987E-01 5.07647E-01 6.04865E-01 2.62699E-01 1.64845E-01 7.16830E-02 4.68623E+00
8.01065E-02 1.71733E-01 2.68477E-01 3.24837E-01 3.52755E-01 5.15238E-01 6.14095E-01 2.68616E-01 1.71733E-01 8.01065E-02 4.73067E+00
8.79721E-02 1.78146E-01 2.73953E-01 3.29995E-01 3.58079E-01 5.22274E-01 6.22693E-01 2.74099E-01 1.78146E-01 8.79721E-02 4.76743E+00
9.53303E-02 1.84126E-01 2.79035E-01 3.34766E-01 3.63000E-01 5.28804E-01 6.30717E-01 2.79187E-01 1.84126E-01 9.53303E-02 4.79750E+00
1.02225E-01 1.89710E-01 2.83758E-01 3.39185E-01 3.67553E-01 5.34876E-01 6.38217E-01 2.83917E-01 1.89710E-01 1.02225E-01 4.82170E+00
1.08697E-01 1.94933E-01 2.88152E-01 3.43283E-01 3.71772E-01 5.40528E-01 6.45238E-01 2.88317E-01 1.94933E-01 1.08697E-01 4.84076E+00
1.14780E-01 1.99824E-01 2.92246E-01 3.47086E-01 3.75685E-01 5.45795E-01 6.51819E-01 2.92417E-01 1.99824E-01 1.14780E-01 4.85531E+00
1.20505E-01 2.04410E-01 2.96063E-01 3.50619E-01 3.79317E-01 5.50710E-01 6.57995E-01 2.96240E-01 2.04410E-01 1.20505E-01 4.86587E+00
1.25900E-01 2.08715E-01 2.99626E-01 3.53904E-01 3.82691E-01 5.55300E-01 6.63797E-01 2.99809E-01 2.08715E-01 1.25900E-01 4.87293E+00
1.30991E-01 2.12761E-01 3.02955E-01 3.56961E-01 3.85827E-01 5.59592E-01 6.69256E-01 3.03144E-01 2.12761E-01 1.30991E-01 4.87689E+00
1.35799E-01 2.16566E-01 3.06067E-01 3.59806E-01 3.88744E-01 5.63607E-01 6.74394E-01 3.06262E-01 2.16566E-01 1.35799E-01 4.87812E+00
1.40347E-01 2.20149E-01 3.08979E-01 3.62456E-01 3.91459E-01 5.67366E-01 6.79237E-01 3.09179E-01 2.20149E-01 1.40347E-01 4.87692E+00
1.44651E-01 2.23526E-01 3.11705E-01 3.64926E-01 3.93986E-01 5.70888E-01 6.83805E-01 3.11910E-01 2.23526E-01 1.44651E-01 4.87357E+00
1.48729E-01 2.26710E-01 3.14259E-01 3.67228E-01 3.96339E-01 5.74190E-01 6.88117E-01 3.14469E-01 2.26710E-01 1.48729E-01 4.86833E+00
1.52596E-01 2.29715E-01 3.16652E-01 3.69374E-01 3.98531E-01 5.77288E-01 6.92190E-01 3.16867E-01 2.29715E-01 1.52596E-01 4.86140E+00
1.56267E-01 2.32554E-01 3.18896E-01 3.71375E-01 4.00573E-01 5.80194E-01 6.96040E-01 3.19115E-01 2.32554E-01 1.56267E-01 4.85298E+00
1.59753E-01 2.35236E-01 3.21001E-01 3.73242E-01 4.02475E-01 5.82923E-01 6.99682E-01 3.21224E-01 2.35236E-01 1.59753E-01 4.84323E+00
1.63067E-01 2.37773E-01 3.22975E-01 3.74982E-01 4.04247E-01 5.85485E-01 7.03128E-01 3.23203E-01 2.37773E-01 1.63067E-01 4.83231E+00
1.66219E-01 2.40173E-01 3.24828E-01 3.76606E-01 4.05897E-01 5.87892E-01 7.06392E-01 3.25061E-01 2.40173E-01 1.66219E-01 4.82035E+00
1.69220E-01 2.42446E-01 3.26567E-01 3.78119E-01 4.07434E-01 5.90153E-01 7.09484E-01 3.26804E-01 2.42446E-01 1.69220E-01 4.80747E+00
1.72078E-01 2.44598E-01 3.28200E-01 3.79529E-01 4.08864E-01 5.92278E-01 7.12415E-01 3.28440E-01 2.44598E-01 1.72078E-01 4.79379E+00
1.74802E-01 2.46637E-01 3.29732E-01 3.80843E-01 4.10194E-01 5.94275E-01 7.15194E-01 3.29977E-01 2.46637E-01 1.74802E-01 4.77938E+00
1.77400E-01 2.48570E-01 3.31171E-01 3.82067E-01 4.11431E-01 5.96151E-01 7.17830E-01 3.31419E-01 2.48570E-01 1.77400E-01 4.76435E+00
1.79878E-01 2.50402E-01 3.32521E-01 3.83206E-01 4.12581E-01 5.97914E-01 7.20331E-01 3.32773E-01 2.50402E-01 1.79878E-01 4.74876E+00
1.82244E-01 2.52141E-01 3.33788E-01 3.84265E-01 4.13648E-01 5.99570E-01 7.22705E-01 3.34044E-01 2.52141E-01 1.82244E-01 4.73268E+00
1.84503E-01 2.53790E-01 3.34977E-01 3.85249E-01 4.14638E-01 6.01127E-01 7.24958E-01 3.35236E-01 2.53790E-01 1.84503E-01 4.71619E+00
1.86662E-01 2.55356E-01 3.36092E-01 3.86163E-01 4.15554E-01 6.02588E-01 7.27099E-01 3.36355E-01 2.55356E-01 1.86662E-01 4.69932E+00
1.88726E-01 2.56842E-01 3.37138E-01 3.87010E-01 4.16402E-01 6.03960E-01 7.29131E-01 3.37404E-01 2.56842E-01 1.88726E-01 4.68215E+00
1.90700E-01 2.58253E-01 3.38118E-01 3.87795E-01 4.17186E-01 6.05248E-01 7.31062E-01 3.38387E-01 2.58253E-01 1.90700E-01 4.66469E+00
1.92589E-01 2.59593E-01 3.39036E-01 3.88520E-01 4.17909E-01 6.06455E-01 7.32896E-01 3.39309E-01 2.59593E-01 1.92589E-01 4.64701E+00
1.94396E-01 2.60865E-01 3.39895E-01 3.89190E-01 4.18574E-01 6.07588E-01 7.34639E-01 3.40171E-01 2.60865E-01 1.94396E-01 4.62914E+00
1.96126E-01 2.62074E-01 3.40699E-01 3.89807E-01 4.19184E-01 6.08648E-01 7.36294E-01 3.40979E-01 2.62074E-01 1.96126E-01 4.61110E+00
1.97783E-01 2.63222E-01 3.41451E-01 3.90375E-01 4.19744E-01 6.09641E-01 7.37868E-01 3.41733E-01 2.63222E-01 1.97783E-01 4.59293E+00
1.99371E-01 2.64313E-01 3.42153E-01 3.90895E-01 4.20255E-01 6.10570E-01 7.39362E-01 3.42438E-01 2.64313E-01 1.99371E-01 4.57466E+00
2.00892E-01 2.65349E-01 3.42807E-01 3.91370E-01 4.20719E-01 6.11438E-01 7.40782E-01 3.43096E-01 2.65349E-01 2.00892E-01 4.55630E+00
2.02351E-01 2.66333E-01 3.43418E-01 3.91804E-01 4.21141E-01 6.12248E-01 7.42131E-01 3.43709E-01 2.66333E-01 2.02351E-01 4.53789E+00
0.00000E+00 0.00000E+00 8.44935E-02 1.47936E-01 1.73052E-01 2.98916E-01 3.62784E-01 8.44674E-02 0.00000E+00 0.00000E+00 1.55114E+00
0.00000E+00 0.00000E+00 1.05581E-01 1.68286E-01 1.94666E-01 3.28821E-01 3.98644E-01 1.05575E-01 0.00000E+00 0.00000E+00 2.11255E+00
0.00000E+00 1.37739E-02 1.23372E-01 1.85396E-01 2.12721E-01 3.53568E-01 4.28423E-01 1.23386E-01 1.37739E-02 0.00000E+00 2.52562E+00
0.00000E+00 3.15598E-02 1.38714E-01 2.00094E-01 2.28161E-01 3.74656E-01 4.53923E-01 1.38745E-01 3.15598E-02 0.00000E+00 2.84575E+00
0.00000E+00 4.71344E-02 1.52107E-01 2.12874E-01 2.41542E-01 3.92923E-01 4.76139E-01 1.52153E-01 4.71344E-02 0.00000E+00 3.10585E+00
0.00000E+00 6.09035E-02 1.63905E-01 2.24089E-01 2.53248E-01 4.08912E-01 4.95697E-01 1.63966E-01 6.09035E-02 0.00000E+00 3.31855E+00
0.00000E+00 7.31728E-02 1.74378E-01 2.34005E-01 2.63570E-01 4.23027E-01 5.13066E-01 1.74453E-01 7.31728E-02 0.00000E+00 3.49339E+00
0.00000E+00 8.41784E-02 1.83733E-01 2.42827E-01 2.72732E-01 4.35577E-01 5.28599E-01 1.83821E-01 8.41784E-02 0.00000E+00 3.63764E+00
4.63860E-03 9.41203E-02 1.92156E-01 2.50742E-01 2.80929E-01 4.46803E-01 5.42561E-01 1.92257E-01 9.41203E-02 4.63860E-03 3.74728E+00
1.57704E-02 1.03156E-01 1.99785E-01 2.57884E-01 2.88306E-01 4.56906E-01 5.55187E-01 1.99897E-01 1.03156E-01 1.57704E-02 3.82359E+00
2.59394E-02 1.11383E-01 2.06688E-01 2.64316E-01 2.94939E-01 4.66036E-01 5.66681E-01 2.06811E-01 1.11383E-01 2.59394E-02 3.88561E+00
3.52612E-02 1.18897E-01 2.12954E-01 2.70125E-01 3.00918E-01 4.74313E-01 5.77179E-01 2.13087E-01 1.18897E-01 3.52612E-02 3.93560E+00
4.38333E-02 1.25780E-01 2.18655E-01 2.75384E-01 3.06321E-01 4.81836E-01 5.86796E-01 2.18799E-01 1.25780E-01 4.38333E-02 3.97543E+00
5.17384E-02 1.32102E-01 2.23857E-01 2.80155E-01 3.11214E-01 4.88692E-01 5.95629E-01 2.24009E-01 1.32102E-01 5.17384E-02 4.00665E+00
5.90473E-02 1.37922E-01 2.28611E-01 2.84492E-01 3.15654E-01 4.94953E-01 6.03762E-01 2.28773E-01 1.37922E-01 5.90473E-02 4.03054E+00
6.58209E-02 1.43292E-01 2.32965E-01 2.88440E-01 3.19688E-01 5.00681E-01 6.11266E-01 2.33136E-01 1.43292E-01 6.58209E-02 4.04816E+00
7.21120E-02 1.48256E-01 2.36959E-01 2.92040E-01 3.23359E-01 5.05931E-01 6.18203E-01 2.37138E-01 1.48256E-01 7.21120E-02 4.06042E+00
7.79668E-02 1.52854E-01 2.40629E-01 2.95325E-01 3.26702E-01 5.10750E-01 6.24627E-01 2.40816E-01 1.52854E-01 7.79668E-02 4.06808E+00
8.34255E-02 1.57119E-01 2.44004E-01 2.98327E-01 3.29750E-01 5.15179E-01 6.30587E-01 2.44199E-01 1.57119E-01 8.34255E-02 4.07179E+00
8.85237E-02 1.61082E-01 2.47113E-01 3.01072E-01 3.32531E-01 5.19254E-01 6.36123E-01 2.47316E-01 1.61082E-01 8.85237E-02 4.07208E+00
9.32926E-02 1.64769E-01 2.49979E-01 3.03582E-01 3.35069E-01 5.23007E-01 6.41272E-01 2.50189E-01 1.64769E-01 9.32926E-02 4.06944E+00
9.77602E-02 1.68204E-01 2.52624E-01 3.05880E-01 3.37386E-01 5.26467E-01 6.46068E-01 2.52841E-01 1.68204E-01 9.77602E-02 4.06426E+00
1.01951E-01 1.71408E-01 2.55066E-01 3.07984E-01 3.39502E-01 5.29659E-01 6.50539E-01 2.55290E-01 1.71408E-01 1.01951E-01 4.05689E+00
1.05888E-01 1.74399E-01 2.57323E-01 3.09910E-01 3.41433E-01 5.32604E-01 6.54711E-01 2.57553E-01 1.74399E-01 1.05888E-01 4.04762E+00
1.09590E-01 1.77194E-01 2.59408E-01 3.11673E-01 3.43196E-01 5.35323E-01 6.58609E-01 2.59645E-01 1.77194E-01 1.09590E-01 4.03672E+00
1.13075E-01 1.79810E-01 2.61337E-01 3.13287E-01 3.44804E-01 5.37835E-01 6.62253E-01 2.61580E-01 1.79810E-01 1.13075E-01 4.02441E+00
1.16360E-01 1.82258E-01 2.63122E-01 3.14762E-01 3.46270E-01 5.40155E-01 6.65661E-01 2.63371E-01 1.82258E-01 1.16360E-01 4.01089E+00
1.19460E-01 1.84552E-01 2.64773E-01 3.16111E-01 3.47604E-01 5.42298E-01 6.68852E-01 2.65027E-01 1.84552E-01 1.19460E-01 3.99631E+00
1.22386E-01 1.86703E-01 2.66300E-01 3.17343E-01 3.48818E-01 5.44277E-01 6.71841E-01 2.66560E-01 1.86703E-01 1.22386E-01 3.98084E+00
1.25152E-01 1.88722E-01 2.67713E-01 3.18467E-01 3.49920E-01 5.46104E-01 6.74641E-01 2.67979E-01 1.88722E-01 1.25152E-01 3.96460E+00
1.27768E-01 1.90616E-01 2.69020E-01 3.19490E-01 3.50918E-01 5.47790E-01 6.77267E-01 2.69291E-01 1.90616E-01 1.27768E-01 3.94771E+00
1.30244E-01 1.92396E-01 2.70228E-01 3.20420E-01 3.51821E-01 5.49346E-01 6.79729E-01 2.70504E-01 1.92396E-01 1.30244E-01 3.93026E+00
1.32590E-01 1.94068E-01 2.71345E-01 3.21265E-01 3.52635E-01 5.50780E-01 6.82038E-01 2.71626E-01 1.94068E-01 1.32590E-01 3.91234E+00
1.34814E-01 1.95639E-01 2.72376E-01 3.22029E-01 3.53367E-01 5.52101E-01 6.84205E-01 2.72662E-01 1.95639E-01 1.34814E-01 3.89404E+00
1.36923E-01 1.97117E-01 2.73328E-01 3.22719E-01 3.54022E-01 5.53316E-01 6.86238E-01 2.73618E-01 1.97117E-01 1.36923E-01 3.87541E+00
1.38925E-01 1.98507E-01 2.74206E-01 3.23339E-01 3.54605E-01 5.54432E-01 6.88147E-01 2.74500E-01 1.98507E-01 1.38925E-01 3.85652E+00
1.40826E-01 1.99815E-01 2.75014E-01 3.23895E-01 3.55123E-01 5.55455E-01 6.89937E-01 2.75313E-01 1.99815E-01 1.40826E-01 3.83743E+00
1.42633E-01 2.01046E-01 2.75757E-01 3.24390E-01 3.55578E-01 5.56393E-01 6.91617E-01 2.76060E-01 2.01046E-01 1.42633E-01 3.81817E+00
1.44350E-01 2.02204E-01 2.76440E-01 3.24829E-01 3.55976E-01 5.57249E-01 6.93194E-01 2.76747E-01 2.02204E-01 1.44350E-01 3.79879E+00
1.45984E-01 2.03294E-01 2.77066E-01 3.25216E-01 3.56320E-01 5.58030E-01 6.94673E-01 2.77377E-01 2.03294E-01 1.45984E-01 3.77933E+00
1.47538E-01 2.04320E-01 2.77638E-01 3.25553E-01 3.56614E-01 5.58740E-01 6.96059E-01 2.77953E-01 2.04320E-01 1.47538E-01 3.75982E+00
1.49017E-01 2.05285E-01 2.78160E-01 3.25844E-01 3.56860E-01 5.59382E-01 6.97359E-01 2.78479E-01 2.05285E-01 1.49017E-01 3.74028E+00
1.50426E-01 2.06194E-01 2.78636E-01 3.26092E-01 3.57062E-01 5.59962E-01 6.98577E-01 2.78958E-01 2.06194E-01 1.50426E-01 3.72075E+00
1.51767E-01 2.07048E-01 2.79067E-01 3.26300E-01 3.57223E-01 5.60483E-01 6.99718E-01 2.79393E-01 2.07048E-01 1.51767E-01 3.70124E+00
1.53046E-01 2.07853E-01 2.79456E-01 3.26470E-01 3.57346E-01 5.60948E-01 7.00785E-01 2.79786E-01 2.07853E-01 1.53046E-01 3.68178E+00
1.54265E-01 2.08609E-01 2.79807E-01 3.26604E-01 3.57432E-01 5.61361E-01 7.01783E-01 2.80140E-01 2.08609E-01 1.54265E-01 3.66238E+00
1.55427E-01 2.09320E-01 2.80120E-01 3.26705E-01 3.57484E-01 5.61725E-01 7.02716E-01 2.80457E-01 2.09320E-01 1.55427E-01 3.64306E+00
1.56535E-01 2.09988E-01 2.80399E-01 3.26775E-01 3.57504E-01 5.62042E-01 7.03586E-01 2.80740E-01 2.09988E-01 1.56535E-01 3.62383E+00
1.57592E-01 2.10615E-01 2.80646E-01 3.26814E-01 3.57494E-01 5.62315E-01 7.04398E-01 2.80989E-01 2.10615E-01 1.57592E-01 3.60469E+00
1.58601E-01 2.11205E-01 2.80861E-01 3.26827E-01 3.57456E-01 5.62547E-01 7.05154E-01 2.81208E-01 2.11205E-01 1.58601E-01 3.58568E+00
0.00000E+00 0.00000E+00 8.18242E-02 1.46411E-01 1.77269E-01 3.24722E-01 3.96992E-01 8.17904E-02 0.00000E+00 0.00000E+00 1.70896E+00
0.00000E+00 0.00000E+00 9.98391E-02 1.63371E-01 1.95155E-01 3.51030E-01 4.30257E-01 9.98323E-02 0.00000E+00 0.00000E+00 2.15686E+00
0.00000E+00 1.19159E-02 1.14722E-01 1.77299E-01 2.09732E-01 3.72315E-01 4.57354E-01 1.14739E-01 1.19159E-02 0.00000E+00 2.47200E+00
0.00000E+00 2.71002E-02 1.27320E-01 1.89011E-01 2.21921E-01 3.90094E-01 4.80180E-01 1.27359E-01 2.71002E-02 0.00000E+00 2.70665E+00
0.00000E+00 4.02118E-02 1.38131E-01 1.98992E-01 2.32259E-01 4.05212E-01 4.99778E-01 1.38190E-01 4.02118E-02 0.00000E+00 2.89096E+00
0.00000E+00 5.16600E-02 1.47509E-01 2.07588E-01 2.41124E-01 4.18220E-01 5.16803E-01 1.47586E-01 5.16600E-02 0.00000E+00 3.03655E+00
0.00000E+00 6.17467E-02 1.55714E-01 2.15056E-01 2.48792E-01 4.29517E-01 5.31735E-01 1.55809E-01 6.17467E-02 0.00000E+00 3.15189E+00
0.00000E+00 7.07010E-02 1.62945E-01 2.21588E-01 2.55471E-01 4.39404E-01 5.44934E-01 1.63056E-01 7.07010E-02 0.00000E+00 3.24332E+00
3.81750E-03 7.87140E-02 1.69377E-01 2.27360E-01 2.61347E-01 4.48117E-01 5.56663E-01 1.69503E-01 7.87140E-02 3.81750E-03 3.30754E+00
1.29323E-02 8.59332E-02 1.75135E-01 2.32491E-01 2.66549E-01 4.55845E-01 5.67154E-01 1.75276E-01 8.59332E-02 1.29323E-02 3.34564E+00
2.12001E-02 9.24481E-02 1.80280E-01 2.37033E-01 2.71134E-01 4.62721E-01 5.76605E-01 1.80433E-01 9.24481E-02 2.12001E-02 3.37348E+00
2.87285E-02 9.83483E-02 1.84890E-01 2.41063E-01 2.75187E-01 4.68859E-01 5.85149E-01 1.85056E-01 9.83483E-02 2.87285E-02 3.39288E+00
3.56072E-02 1.03709E-01 1.89033E-01 2.44648E-01 2.78775E-01 4.74351E-01 5.92896E-01 1.89212E-01 1.03709E-01 3.56072E-02 3.40529E+00
4.19119E-02 1.08593E-01 1.92764E-01 2.47840E-01 2.81956E-01 4.79276E-01 5.99941E-01 1.92955E-01 1.08593E-01 4.19119E-02 3.41190E+00
4.77068E-02 1.13055E-01 1.96132E-01 2.50688E-01 2.84779E-01 4.83701E-01 6.06360E-01 1.96333E-01 1.13055E-01 4.77068E-02 3.41367E+00
5.30468E-02 1.17141E-01 1.99177E-01 2.53229E-01 2.87285E-01 4.87680E-01 6.12223E-01 1.99388E-01 1.17141E-01 5.30468E-02 3.41142E+00
5.79791E-02 1.20889E-01 2.01933E-01 2.55498E-01 2.89509E-01 4.91264E-01 6.17587E-01 2.02155E-01 1.20889E-01 5.79791E-02 3.40580E+00
6.25447E-02 1.24335E-01 2.04431E-01 2.57525E-01 2.91483E-01 4.94494E-01 6.22503E-01 2.04663E-01 1.24335E-01 6.25447E-02 3.39737E+00
6.67792E-02 1.27508E-01 2.06697E-01 2.59334E-01 2.93232E-01 4.97405E-01 6.27014E-01 2.06938E-01 1.27508E-01 6.67792E-02 3.38658E+00
7.07138E-02 1.30434E-01 2.08754E-01 2.60947E-01 2.94780E-01 5.00031E-01 6.31159E-01 2.09004E-01 1.30434E-01 7.07138E-02 3.37383E+00
7.43759E-02 1.33136E-01 2.10623E-01 2.62385E-01 2.96148E-01 5.02398E-01 6.34972E-01 2.10882E-01 1.33136E-01 7.43759E-02 3.35944E+00
7.77897E-02 1.35635E-01 2.12320E-01 2.63664E-01 2.97352E-01 5.04531E-01 6.38482E-01 2.12588E-01 1.35635E-01 7.77897E-02 3.34368E+00
8.09765E-02 1.37948E-01 2.13863E-01 2.64799E-01 2.98409E-01 5.06451E-01 6.41716E-01 2.14138E-01 1.37948E-01 8.09765E-02 3.32679E+00
8.39556E-02 1.40092E-01 2.15263E-01 2.65804E-01 2.99332E-01 5.08178E-01 6.44697E-01 2.15546E-01 1.40092E-01 8.39556E-02 3.30897E+00
8.67440E-02 1.42081E-01 2.16535E-01 2.66690E-01 3.00134E-01 5.09729E-01 6.47447E-01 2.16826E-01 1.42081E-01 8.67440E-02 3.29039E+00
8.93568E-02 1.43927E-01 2.17689E-01 2.67468E-01 3.00826E-01 5.11119E-01 6.49984E-01 2.17987E-01 1.43927E-01 8.93568E-02 3.27119E+00
9.18078E-02 1.45641E-01 2.18735E-01 2.68148E-01 3.01417E-01 5.12361E-01 6.52325E-01 2.19040E-01 1.45641E-01 9.18078E-02 3.25149E+00
9.41094E-02 1.47235E-01 2.19682E-01 2.68738E-01 3.01917E-01 5.13468E-01 6.54485E-01 2.19993E-01 1.47235E-01 9.41094E-02 3.23141E+00
9.62727E-02 1.48717E-01 2.20538E-01 2.69245E-01 3.02333E-01 5.14451E-01 6.56478E-01 2.20855E-01 1.48717E-01 9.62727E-02 3.21102E+00
9.83078E-02 1.50097E-01 2.21310E-01 2.69676E-01 3.02673E-01 5.15320E-01 6.58316E-01 2.21634E-01 1.50097E-01 9.83078E-02 3.19042E+00
1.00224E-01 1.51380E-01 2.22005E-01 2.70038E-01 3.02942E-01 5.16083E-01 6.60011E-01 2.22335E-01 1.51380E-01 1.00224E-01 3.16967E+00
1.02029E-01 1.52575E-01 2.22629E-01 2.70337E-01 3.03147E-01 5.16749E-01 6.61572E-01 2.22964E-01 1.52575E-01 1.02029E-01 3.14882E+00
1.03731E-01 1.53688E-01 2.23186E-01 2.70577E-01 3.03292E-01 5.17325E-01 6.63010E-01 2.23527E-01 1.53688E-01 1.03731E-01 3.12793E+00
1.05338E-01 1.54724E-01 2.23683E-01 2.70763E-01 3.03383E-01 5.17818E-01 6.64333E-01 2.24030E-01 1.54724E-01 1.05338E-01 3.10703E+00
1.06854E-01 1.55690E-01 2.24123E-01 2.70899E-01 3.03424E-01 5.18235E-01 6.65549E-01 2.24475E-01 1.55690E-01 1.06854E-01 3.08617E+00
1.08286E-01 1.56588E-01 2.24511E-01 2.70989E-01 3.03419E-01 5.18580E-01 6.66664E-01 2.24868E-01 1.56588E-01 1.08286E-01 3.06538E+00
1.09640E-01 1.57425E-01 2.24851E-01 2.71036E-01 3.03372E-01 5.18859E-01 6.67686E-01 2.25213E-01 1.57425E-01 1.09640E-01 3.04468E+00
1.10920E-01 1.58204E-01 2.25145E-01 2.71045E-01 3.03285E-01 5.19076E-01 6.68620E-01 2.25512E-01 1.58204E-01 1.10920E-01 3.02409E+00
1.12131E-01 1.58928E-01 2.25398E-01 2.71017E-01 3.03162E-01 5.19237E-01 6.69472E-01 2.25769E-01 1.58928E-01 1.12131E-01 3.00364E+00
1.13278E-01 1.59602E-01 2.25611E-01 2.70956E-01 3.03006E-01 5.19344E-01 6.70247E-01 2.25987E-01 1.59602E-01 1.13278E-01 2.98334E+00
1.14363E-01 1.60228E-01 2.25788E-01 2.70863E-01 3.02819E-01 5.19402E-01 6.70951E-01 2.26168E-01 1.60228E-01 1.14363E-01 2.96320E+00
1.15391E-01 1.60810E-01 2.25931E-01 2.70742E-01 3.02604E-01 5.19413E-01 6.71586E-01 2.26315E-01 1.60810E-01 1.15391E-01 2.94325E+00
1.16364E-01 1.61350E-01 2.26042E-01 2.70594E-01 3.02362E-01 5.19382E-01 6.72158E-01 2.26431E-01 1.61350E-01 1.16364E-01 2.92348E+00
1.17287E-01 1.61851E-01 2.26124E-01 2.70421E-01 3.02095E-01 5.19311E-01 6.72671E-01 2.26516E-01 1.61851E-01 1.17287E-01 2.90391E+00
1.18161E-01 1.62314E-01 2.26178E-01 2.70225E-01 3.01806E-01 5.19202E-01 6.73127E-01 2.26574E-01 1.62314E-01 1.18161E-01 2.88454E+00
1.18990E-01 1.62743E-01 2.26207E-01 2.70008E-01 3.01496E-01 5.19059E-01 6.73530E-01 2.26607E-01 1.62743E-01 1.18990E-01 2.86538E+00
1.19776E-01 1.63139E-01 2.26211E-01 2.69772E-01 3.01167E-01 5.18883E-01 6.73884E-01 2.26615E-01 1.63139E-01 1.19776E-01 2.84643E+00
1.20522E-01 1.63504E-01 2.26193E-01 2.69517E-01 3.00820E-01 5.18676E-01 6.74190E-01 2.26600E-01 1.63504E-01 1.20522E-01 2.82770E+00
1.21228E-01 1.63840E-01 2.26154E-01 2.69244E-01 3.00457E-01 5.18441E-01 6.74452E-01 2.26564E-01 1.63840E-01 1.21228E-01 2.80919E+00
1.21899E-01 1.64149E-01 2.26095E-01 2.68956E-01 3.00078E-01 5.18179E-01 6.74672E-01 2.26509E-01 1.64149E-01 1.21899E-01 2.79089E+00
0.00000E+00 0.00000E+00 7.85083E-02 1.43958E-01 1.80514E-01 3.52676E-01 4.36400E-01 7.84642E-02 0.00000E+00 0.00000E+00 1.79404E+00
0.00000E+00 0.00000E+00 9.32892E-02 1.57244E-01 1.94246E-01 3.74671E-01 4.66416E-01 9.32803E-02 0.00000E+00 0.00000E+00 2.13026E+00
0.00000E+00 1.00463E-02 1.05253E-01 1.67887E-01 2.05134E-01 3.92023E-01 4.90382E-01 1.05275E-01 1.00463E-02 0.00000E+00 2.35406E+00
0.00000E+00 2.26892E-02 1.15191E-01 1.76625E-01 2.13993E-01 4.06177E-01 5.10217E-01 1.15241E-01 2.26892E-02 0.00000E+00 2.51205E+00
0.00000E+00 3.34607E-02 1.23566E-01 1.83895E-01 2.21302E-01 4.17943E-01 5.26974E-01 1.23642E-01 3.34607E-02 0.00000E+00 2.63048E+00
0.00000E+00 4.27523E-02 1.30710E-01 1.90013E-01 2.27402E-01 4.27843E-01 5.41310E-01 1.30810E-01 4.27523E-02 0.00000E+00 2.71924E+00
0.00000E+00 5.08481E-02 1.36862E-01 1.95207E-01 2.32535E-01 4.36254E-01 5.53698E-01 1.36983E-01 5.08481E-02 0.00000E+00 2.78540E+00
0.00000E+00 5.79609E-02 1.42200E-01 1.99648E-01 2.36885E-01 4.43454E-01 5.64493E-01 1.42341E-01 5.79609E-02 0.00000E+00 2.83409E+00
3.07229E-03 6.42655E-02 1.46881E-01 2.03490E-01 2.40613E-01 4.49664E-01 5.73951E-01 1.47042E-01 6.42655E-02 3.07229E-03 2.86249E+00
1.03711E-02 6.98946E-02 1.51015E-01 2.06834E-01 2.43826E-01 4.55050E-01 5.82290E-01 1.51193E-01 6.98946E-02 1.03711E-02 2.87137E+00
1.69453E-02 7.49284E-02 1.54650E-01 2.09717E-01 2.46564E-01 4.59727E-01 5.89699E-01 1.54845E-01 7.49284E-02 1.69453E-02 2.87359E+00
2.28917E-02 7.94471E-02 1.57856E-01 2.12203E-01 2.48897E-01 4.63794E-01 5.96302E-01 1.58066E-01 7.94471E-02 2.28917E-02 2.87049E+00
2.82901E-02 8.35172E-02 1.60689E-01 2.14349E-01 2.50881E-01 4.67335E-01 6.02203E-01 1.60915E-01 8.35172E-02 2.82901E-02 2.86313E+00
3.32074E-02 8.71941E-02 1.63198E-01 2.16198E-01 2.52563E-01 4.70418E-01 6.07489E-01 1.63438E-01 8.71941E-02 3.32074E-02 2.85234E+00
3.77001E-02 9.05248E-02 1.65423E-01 2.17790E-01 2.53983E-01 4.73100E-01 6.12232E-01 1.65676E-01 9.05248E-02 3.77001E-02 2.83881E+00
4.18161E-02 9.35490E-02 1.67397E-01 2.19156E-01 2.55174E-01 4.75431E-01 6.16496E-01 1.67663E-01 9.35490E-02 4.18161E-02 2.82308E+00
4.55962E-02 9.63007E-02 1.69150E-01 2.20324E-01 2.56165E-01 4.77452E-01 6.20332E-01 1.69429E-01 9.63007E-02 4.55962E-02 2.80560E+00
4.90759E-02 9.88091E-02 1.70707E-01 2.21316E-01 2.56979E-01 4.79198E-01 6.23787E-01 1.70997E-01 9.88091E-02 4.90759E-02 2.78673E+00
5.22857E-02 1.01100E-01 1.72088E-01 2.22153E-01 2.57637E-01 4.80700E-01 6.26900E-01 1.72390E-01 1.01100E-01 5.22857E-02 2.76677E+00
5.52521E-02 1.03194E-01 1.73314E-01 2.22853E-01 2.58157E-01 4.81984E-01 6.29705E-01 1.73626E-01 1.03194E-01 5.52521E-02 2.74597E+00
5.79985E-02 1.05112E-01 1.74399E-01 2.23429E-01 2.58555E-01 4.83073E-01 6.32234E-01 1.74721E-01 1.05112E-01 5.79985E-02 2.72454E+00
6.05452E-02 1.06870E-01 1.75358E-01 2.23896E-01 2.58844E-01 4.83988E-01 6.34511E-01 1.75690E-01 1.06870E-01 6.05452E-02 2.70263E+00
6.29104E-02 1.08483E-01 1.76203E-01 2.24265E-01 2.59036E-01 4.84745E-01 6.36561E-01 1.76545E-01 1.08483E-01 6.29104E-02 2.68039E+00
6.51100E-02 1.09964E-01 1.76946E-01 2.24546E-01 2.59141E-01 4.85362E-01 6.38404E-01 1.77297E-01 1.09964E-01 6.51100E-02 2.65794E+00
6.71581E-02 1.11326E-01 1.77597E-01 2.24748E-01 2.59168E-01 4.85851E-01 6.40058E-01 1.77956E-01 1.11326E-01 6.71581E-02 2.63537E+00
6.90676E-02 1.12577E-01 1.78163E-01 2.24879E-01 2.59126E-01 4.86224E-01 6.41540E-01 1.78531E-01 1.12577E-01 6.90676E-02 2.61276E+00
7.08496E-02 1.13728E-01 1.78653E-01 2.24946E-01 2.59021E-01 4.86493E-01 6.42865E-01 1.79029E-01 1.13728E-01 7.08496E-02 2.59018E+00
7.25144E-02 1.14787E-01 1.79073E-01 2.24955E-01 2.58860E-01 4.86667E-01 6.44045E-01 1.79457E-01 1.14787E-01 7.25144E-02 2.56768E+00
7.40711E-02 1.15762E-01 1.79430E-01 2.24912E-01 2.58648E-01 4.86755E-01 6.45092E-01 1.79821E-01 1.15762E-01 7.40711E-02 2.54531E+00
7.55280E-02 1.16659E-01 1.79729E-01 2.24821E-01 2.58391E-01 4.86765E-01 6.46017E-01 1.80127E-01 1.16659E-01 7.55280E-02 2.52310E+00
7.68925E-02 1.17484E-01 1.79975E-01 2.24688E-01 2.58094E-01 4.86703E-01 6.46830E-01 1.80380E-01 1.17484E-01 7.68925E-02 2.50108E+00
7.81715E-02 1.18243E-01 1.80172E-01 2.24516E-01 2.57759E-01 4.86575E-01 6.47539E-01 1.80584E-01 1.18243E-01 7.81715E-02 2.47929E+00
7.93710E-02 1.18941E-01 1.80326E-01 2.24309E-01 2.57391E-01 4.86389E-01 6.48152E-01 1.80744E-01 1.18941E-01 7.93710E-02 2.45774E+00
8.04967E-02 1.19582E-01 1.80438E-01 2.24069E-01 2.56993E-01 4.86147E-01 6.48676E-01 1.80862E-01 1.19582E-01 8.04967E-02 2.43644E+00
8.15537E-02 1.20170E-01 1.80513E-01 2.23801E-01 2.56568E-01 4.85857E-01 6.49118E-01 1.80944E-01 1.20170E-01 8.15537E-02 2.41541E+00
8.25467E-02 1.20710E-01 1.80554E-01 2.23507E-01 2.56118E-01 4.85520E-01 6.49484E-01 1.80990E-01 1.20710E-01 8.25467E-02 2.39466E+00
8.34800E-02 1.21205E-01 1.80563E-01 2.23189E-01 2.55647E-01 4.85142E-01 6.49779E-01 1.81005E-01 1.21205E-01 8.34800E-02 2.37420E+00
8.43574E-02 1.21658E-01 1.80544E-01 2.22849E-01 2.55155E-01 4.84726E-01 6.50009E-01 1.80990E-01 1.21658E-01 8.43574E-02 2.35403E+00
8.51826E-02 1.22071E-01 1.80497E-01 2.22489E-01 2.54646E-01 4.84275E-01 6.50177E-01 1.80949E-01 1.22071E-01 8.51826E-02 2.33415E+00
8.59590E-02 1.22448E-01 1.80426E-01 2.22111E-01 2.54121E-01 4.83791E-01 6.50289E-01 1.80883E-01 1.22448E-01 8.59590E-02 2.31458E+00
8.66895E-02 1.22791E-01 1.80332E-01 2.21718E-01 2.53582E-01 4.83279E-01 6.50347E-01 1.80793E-01 1.22791E-01 8.66895E-02 2.29530E+00
8.73770E-02 1.23102E-01 1.80217E-01 2.21309E-01 2.53030E-01 4.82739E-01 6.50357E-01 1.80683E-01 1.23102E-01 8.73770E-02 2.27632E+00
8.80242E-02 1.23383E-01 1.80082E-01 2.20887E-01 2.52466E-01 4.82175E-01 6.50320E-01 1.80553E-01 1.23383E-01 8.80242E-02 2.25764E+00
8.86334E-02 1.23636E-01 1.79930E-01 2.20454E-01 2.51892E-01 4.81588E-01 6.50240E-01 1.80405E-01 1.23636E-01 8.86334E-02 2.23925E+00
8.92070E-02 1.23864E-01 1.79761E-01 2.20009E-01 2.51309E-01 4.80980E-01 6.50120E-01 1.80240E-01 1.23864E-01 8.92070E-02 2.22116E+00
8.97469E-02 1.24067E-01 1.79577E-01 2.19555E-01 2.50718E-01 4.80353E-01 6.49963E-01 1.80060E-01 1.24067E-01 8.97469E-02 2.20336E+00
9.02551E-02 1.24247E-01 1.79379E-01 2.19091E-01 2.50119E-01 4.79709E-01 6.49770E-01 1.79866E-01 1.24247E-01 9.02551E-02 2.18585E+00
9.07335E-02 1.24406E-01 1.79167E-01 2.18620E-01 2.49514E-01 4.79049E-01 6.49545E-01 1.79659E-01 1.24406E-01 9.07335E-02 2.16862E+00
9.11836E-02 1.24544E-01 1.78944E-01 2.18142E-01 2.48904E-01 4.78375E-01 6.49288E-01 1.79439E-01 1.24544E-01 9.11836E-02 2.15167E+00
9.16071E-02 1.24664E-01 1.78710E-01 2.17657E-01 2.48290E-01 4.77687E-01 6.49004E-01 1.79208E-01 1.24664E-01 9.16071E-02 2.13499E+00
0.00000E+00 0.00000E+00 7.42904E-02 1.39703E-01 1.81406E-01 3.81571E-01 4.80950E-01 7.42319E-02 0.00000E+00 0.00000E+00 1.79154E+00
0.00000E+00 0.00000E+00 8.58214E-02 1.49208E-01 1.90742E-01 3.98589E-01 5.07016E-01 8.58097E-02 0.00000E+00 0.00000E+00 2.02564E+00
0.00000E+00 8.22866E-03 9.49703E-02 1.56611E-01 1.97881E-01 4.11582E-01 5.27360E-01 9.49994E-02 8.22866E-03 0.00000E+00 2.17007E+00
0.00000E+00 1.84650E-02 1.02422E-01 1.62506E-01 2.03461E-01 4.21837E-01 5.43844E-01 1.02487E-01 1.84650E-02 0.00000E+00 2.26402E+00
0.00000E+00 2.70762E-02 1.08579E-01 1.67250E-01 2.07862E-01 4.30074E-01 5.57489E-01 1.08678E-01 2.70762E-02 0.00000E+00 2.32907E+00
0.00000E+00 3.44178E-02 1.13730E-01 1.71107E-01 2.11361E-01 4.36762E-01 5.68929E-01 1.13860E-01 3.44178E-02 0.00000E+00 2.37303E+00
0.00000E+00 4.07449E-02 1.18083E-01 1.74267E-01 2.14156E-01 4.42235E-01 5.78616E-01 1.18240E-01 4.07449E-02 0.00000E+00 2.40138E+00
0.00000E+00 4.62464E-02 1.21788E-01 1.76868E-01 2.16390E-01 4.46734E-01 5.86886E-01 1.21972E-01 4.62464E-02 0.00000E+00 2.41798E+00
2.41092E-03 5.10757E-02 1.24982E-01 1.79036E-01 2.18197E-01 4.50454E-01 5.93980E-01 1.25189E-01 5.10757E-02 2.41092E-03 2.42034E+00
8.11025E-03 5.53479E-02 1.27751E-01 1.80850E-01 2.19654E-01 4.53536E-01 6.00100E-01 1.27981E-01 5.53479E-02 8.11025E-03 2.40886E+00
1.32082E-02 5.91321E-02 1.30134E-01 1.82329E-01 2.20781E-01 4.56065E-01 6.05414E-01 1.30386E-01 5.91321E-02 1.32082E-02 2.39369E+00
1.77885E-02 6.24974E-02 1.32189E-01 1.83526E-01 2.21631E-01 4.58127E-01 6.10037E-01 1.32460E-01 6.24974E-02 1.77885E-02 2.37573E+00
2.19198E-02 6.55006E-02 1.33960E-01 1.84484E-01 2.22246E-01 4.59789E-01 6.14062E-01 1.34250E-01 6.55006E-02 2.19198E-02 2.35565E+00
2.56593E-02 6.81887E-02 1.35489E-01 1.85236E-01 2.22663E-01 4.61109E-01 6.17567E-01 1.35796E-01 6.81887E-02 2.56593E-02 2.33400E+00
2.90549E-02 7.06012E-02 1.36806E-01 1.85813E-01 2.22911E-01 4.62134E-01 6.20620E-01 1.37130E-01 7.06012E-02 2.90549E-02 2.31120E+00
3.21471E-02 7.27713E-02 1.37938E-01 1.86238E-01 2.23014E-01 4.62903E-01 6.23274E-01 1.38278E-01 7.27713E-02 3.21471E-02 2.28759E+00
3.49703E-02 7.47273E-02 1.38910E-01 1.86532E-01 2.22992E-01 4.63451E-01 6.25577E-01 1.39265E-01 7.47273E-02 3.49703E-02 2.26344E+00
3.75540E-02 7.64934E-02 1.39740E-01 1.86713E-01 2.22864E-01 4.63805E-01 6.27570E-01 1.40109E-01 7.64934E-02 3.75540E-02 2.23895E+00
3.99235E-02 7.80902E-02 1.40445E-01 1.86794E-01 2.22643E-01 4.63990E-01 6.29285E-01 1.40827E-01 7.80902E-02 3.99235E-02 2.21430E+00
4.21010E-02 7.95359E-02 1.41039E-01 1.86788E-01 2.22342E-01 4.64025E-01 6.30755E-01 1.41434E-01 7.95359E-02 4.21010E-02 2.18961E+00
4.41055E-02 8.08460E-02 1.41535E-01 1.86707E-01 2.21972E-01 4.63930E-01 6.32004E-01 1.41943E-01 8.08460E-02 4.41055E-02 2.16499E+00
4.59538E-02 8.20343E-02 1.41944E-01 1.86559E-01 2.21542E-01 4.63719E-01 6.33056E-01 1.42363E-01 8.20343E-02 4.59538E-02 2.14052E+00
4.76606E-02 8.31125E-02 1.42275E-01 1.86353E-01 2.21059E-01 4.63407E-01 6.33929E-01 1.42706E-01 8.31125E-02 4.76606E-02 2.11628E+00
4.92390E-02 8.40914E-02 1.42536E-01 1.86096E-01 2.20532E-01 4.63004E-01 6.34643E-01 1.42978E-01 8.40914E-02 4.92390E-02 2.09230E+00
5.07004E-02 8.49802E-02 1.42735E-01 1.85794E-01 2.19965E-01 4.62521E-01 6.35212E-01 1.43187E-01 8.49802E-02 5.07004E-02 2.06864E+00
5.20551E-02 8.57871E-02 1.42878E-01 1.85452E-01 2.19364E-01 4.61967E-01 6.35649E-01 1.43340E-01 8.57871E-02 5.20551E-02 2.04533E+00
5.33122E-02 8.65195E-02 1.42971E-01 1.85075E-01 2.18734E-01 4.61350E-01 6.35968E-01 1.43442E-01 8.65195E-02 5.33122E-02 2.02237E+00
5.44797E-02 8.71840E-02 1.43019E-01 1.84668E-01 2.18079E-01 4.60677E-01 6.36179E-01 1.43499E-01 8.71840E-02 5.44797E-02 1.99981E+00
5.55650E-02 8.77863E-02 1.43026E-01 1.84233E-01 2.17402E-01 4.59955E-01 6.36292E-01 1.43514E-01 8.77863E-02 5.55650E-02 1.97763E+00
5.65748E-02 8.83318E-02 1.42996E-01 1.83775E-01 2.16706E-01 4.59189E-01 6.36316E-01 1.43492E-01 8.83318E-02 5.65748E-02 1.95587E+00
5.75148E-02 8.88252E-02 1.42933E-01 1.83296E-01 2.15994E-01 4.58383E-01 6.36258E-01 1.43437E-01 8.88252E-02 5.75148E-02 1.93450E+00
5.83904E-02 8.92707E-02 1.42840E-01 1.82798E-01 2.15268E-01 4.57543E-01 6.36126E-01 1.43351E-01 8.92707E-02 5.83904E-02 1.91355E+00
5.92066E-02 8.96722E-02 1.42720E-01 1.82285E-01 2.14531E-01 4.56672E-01 6.35925E-01 1.43238E-01 8.96722E-02 5.92066E-02 1.89301E+00
5.99676E-02 9.00331E-02 1.42575E-01 1.81757E-01 2.13785E-01 4.55773E-01 6.35662E-01 1.43100E-01 9.00331E-02 5.99676E-02 1.87287E+00
6.06775E-02 9.03567E-02 1.42408E-01 1.81218E-01 2.13030E-01 4.54851E-01 6.35342E-01 1.42940E-01 9.03567E-02 6.06775E-02 1.85314E+00
6.13399E-02 9.06458E-02 1.42221E-01 1.80668E-01 2.12269E-01 4.53907E-01 6.34970E-01 1.42759E-01 9.06458E-02 6.13399E-02 1.83380E+00
6.19582E-02 9.09030E-02 1.42015E-01 1.80109E-01 2.11504E-01 4.52945E-01 6.34550E-01 1.42560E-01 9.09030E-02 6.19582E-02 1.81486E+00
6.25353E-02 9.11307E-02 1.41793E-01 1.79542E-01 2.10734E-01 4.51966E-01 6.34086E-01 1.42344E-01 9.11307E-02 6.25353E-02 1.79630E+00
6.30742E-02 9.13311E-02 1.41557E-01 1.78969E-01 2.09962E-01 4.50973E-01 6.33582E-01 1.42113E-01 9.13311E-02 6.30742E-02 1.77813E+00
6.35773E-02 9.15062E-02 1.41306E-01 1.78390E-01 2.09188E-01 4.49968E-01 6.33040E-01 1.41868E-01 9.15062E-02 6.35773E-02 1.76032E+00
6.40470E-02 9.16578E-02 1.41043E-01 1.77806E-01 2.08413E-01 4.48951E-01 6.32464E-01 1.41610E-01 9.16578E-02 6.40470E-02 1.74288E+00
6.44854E-02 9.17875E-02 1.40770E-01 1.77219E-01 2.07638E-01 4.47926E-01 6.31857E-01 1.41341E-01 9.17875E-02 6.44854E-02 1.72579E+00
6.48947E-02 9.18970E-02 1.40486E-01 1.76629E-01 2.06863E-01 4.46893E-01 6.31221E-01 1.41062E-01 9.18970E-02 6.48947E-02 1.70905E+00
6.52765E-02 9.19877E-02 1.40193E-01 1.76037E-01 2.06089E-01 4.45853E-01 6.30559E-01 1.40774E-01 9.19877E-02 6.52765E-02 1.69265E+00
6.56327E-02 9.20608E-02 1.39892E-01 1.75444E-01 2.05317E-01 4.44808E-01 6.29872E-01 1.40477E-01 9.20608E-02 6.56327E-02 1.67658E+00
6.59647E-02 9.21175E-02 1.39584E-01 1.74849E-01 2.04547E-01 4.43759E-01 6.29163E-01 1.40173E-01 9.21175E-02 6.59647E-02 1.66083E+00
6.62742E-02 9.21591E-02 1.39269E-01 1.74254E-01 2.03779E-01 4.42706E-01 6.28433E-01 1.39862E-01 9.21591E-02 6.62742E-02 1.64540E+00
6.65623E-02 9.21864E-02 1.38948E-01 1.73659E-01 2.03015E-01 4.41651E-01 6.27685E-01 1.39546E-01 9.21864E-02 6.65623E-02 1.63028E+00
6.68304E-02 9.22005E-02 1.38622E-01 1.73064E-01 2.02253E-01 4.40594E-01 6.26919E-01 1.39223E-01 9.22005E-02 6.68304E-02 1.61546E+00
6.70797E-02 9.22023E-02 1.38291E-01 1.72470E-01 2.01495E-01 4.39537E-01 6.26138E-01 1.38896E-01 9.22023E-02 6.70797E-02 1.60093E+00
0.00000E+00 0.00000E+00 6.89095E-02 1.32703E-01 1.78317E-01 4.09748E-01 5.30328E-01 6.88298E-02 0.00000E+00 0.00000E+00 1.69737E+00
0.00000E+00 0.00000E+00 7.73598E-02 1.38573E-01 1.83295E-01 4.21235E-01 5.51683E-01 7.73441E-02 0.00000E+00 0.00000E+00 1.84650E+00
0.00000E+00 6.53412E-03 8.39299E-02 1.42964E-01 1.86843E-01 4.29527E-01 5.67846E-01 8.39694E-02 6.53412E-03 0.00000E+00 1.92812E+00
0.00000E+00 1.45758E-02 8.91646E-02 1.46288E-01 1.89365E-01 4.35666E-01 5.80547E-01 8.92531E-02 1.45758E-02 0.00000E+00 1.97339E+00
0.00000E+00 2.12595E-02 9.33884E-02 1.48802E-01 1.91116E-01 4.40243E-01 5.90734E-01 9.35214E-02 2.12595E-02 0.00000E+00 1.99909E+00
0.00000E+00 2.68930E-02 9.68378E-02 1.50706E-01 1.92296E-01 4.43648E-01 5.98996E-01 9.70113E-02 2.68930E-02 0.00000E+00 2.01098E+00
0.00000E+00 3.16952E-02 9.96798E-02 1.52139E-01 1.93042E-01 4.46152E-01 6.05750E-01 9.98905E-02 3.16952E-02 0.00000E+00 2.01299E+00
0.00000E+00 3.58270E-02 1.02037E-01 1.53202E-01 1.93452E-01 4.47952E-01 6.11299E-01 1.02281E-01 3.58270E-02 0.00000E+00 2.00786E+00
1.83952E-03 3.94176E-02 1.04017E-01 1.53993E-01 1.93626E-01 4.49209E-01 6.15867E-01 1.04293E-01 3.94176E-02 1.83952E-03 1.99336E+00
6.16659E-03 4.25628E-02 1.05689E-01 1.54566E-01 1.93613E-01 4.50029E-01 6.19630E-01 1.05993E-01 4.25628E-02 6.16659E-03 1.96962E+00
1.00100E-02 4.53207E-02 1.07077E-01 1.54923E-01 1.93408E-01 4.50466E-01 6.22729E-01 1.07409E-01 4.53207E-02 1.00100E-02 1.94437E+00
1.34394E-02 4.77484E-02 1.08228E-01 1.55101E-01 1.93048E-01 4.50584E-01 6.25264E-01 1.08585E-01 4.77484E-02 1.34394E-02 1.91815E+00
1.65122E-02 4.98927E-02 1.09177E-01 1.55133E-01 1.92561E-01 4.50437E-01 6.27319E-01 1.09557E-01 4.98927E-02 1.65122E-02 1.89136E+00
1.92753E-02 5.17923E-02 1.09954E-01 1.55041E-01 1.91971E-01 4.50069E-01 6.28961E-01 1.10356E-01 5.17923E-02 1.92753E-02 1.86431E+00
2.17682E-02 5.34790E-02 1.10583E-01 1.54846E-01 1.91296E-01 4.49514E-01 6.30248E-01 1.11007E-01 5.34790E-02 2.17682E-02 1.83723E+00
2.40240E-02 5.49800E-02 1.11085E-01 1.54565E-01 1.90553E-01 4.48803E-01 6.31225E-01 1.11529E-01 5.49800E-02 2.40240E-02 1.81028E+00
2.60705E-02 5.63178E-02 1.11478E-01 1.54212E-01 1.89754E-01 4.47960E-01 6.31934E-01 1.11940E-01 5.63178E-02 2.60705E-02 1.78359E+00
2.79317E-02 5.75119E-02 1.11776E-01 1.53797E-01 1.88910E-01 4.47005E-01 6.32407E-01 1.12255E-01 5.75119E-02 2.79317E-02 1.75726E+00
2.96279E-02 5.85787E-02 1.11991E-01 1.53331E-01 1.88029E-01 4.45956E-01 6.32675E-01 1.12486E-01 5.85787E-02 2.96279E-02 1.73137E+00
3.11770E-02 5.95325E-02 1.12133E-01 1.52822E-01 1.87118E-01 4.44827E-01 6.32762E-01 1.12644E-01 5.95325E-02 3.11770E-02 1.70595E+00
3.25941E-02 6.03855E-02 1.12212E-01 1.52277E-01 1.86184E-01 4.43630E-01 6.32689E-01 1.12738E-01 6.03855E-02 3.25941E-02 1.68105E+00
3.38926E-02 6.11486E-02 1.12236E-01 1.51701E-01 1.85232E-01 4.42376E-01 6.32475E-01 1.12776E-01 6.11486E-02 3.38926E-02 1.65670E+00
3.50842E-02 6.18309E-02 1.12210E-01 1.51099E-01 1.84267E-01 4.41074E-01 6.32136E-01 1.12764E-01 6.18309E-02 3.50842E-02 1.63289E+00
3.61791E-02 6.24406E-02 1.12142E-01 1.50476E-01 1.83291E-01 4.39733E-01 6.31686E-01 1.12708E-01 6.24406E-02 3.61791E-02 1.60965E+00
3.71863E-02 6.29850E-02 1.12036E-01 1.49836E-01 1.82308E-01 4.38357E-01 6.31138E-01 1.12614E-01 6.29850E-02 3.71863E-02 1.58697E+00
3.81138E-02 6.34704E-02 1.11897E-01 1.49182E-01 1.81322E-01 4.36955E-01 6.30502E-01 1.12486E-01 6.34704E-02 3.81138E-02 1.56485E+00
3.89687E-02 6.39023E-02 1.11728E-01 1.48516E-01 1.80333E-01 4.35529E-01 6.29789E-01 1.12328E-01 6.39023E-02 3.89687E-02 1.54329E+00
3.97573E-02 6.42858E-02 1.11533E-01 1.47841E-01 1.79344E-01 4.34086E-01 6.29006E-01 1.12143E-01 6.42858E-02 3.97573E-02 1.52227E+00
4.04854E-02 6.46253E-02 1.11315E-01 1.47159E-01 1.78357E-01 4.32628E-01 6.28161E-01 1.11935E-01 6.46253E-02 4.04854E-02 1.50179E+00
4.11579E-02 6.49248E-02 1.11077E-01 1.46471E-01 1.77373E-01 4.31160E-01 6.27261E-01 1.11706E-01 6.49248E-02 4.11579E-02 1.48184E+00
4.17795E-02 6.51878E-02 1.10821E-01 1.45780E-01 1.76392E-01 4.29683E-01 6.26311E-01 1.11459E-01 6.51878E-02 4.17795E-02 1.46240E+00
4.23541E-02 6.54175E-02 1.10549E-01 1.45086E-01 1.75417E-01 4.28200E-01 6.25318E-01 1.11195E-01 6.54175E-02 4.23541E-02 1.44345E+00
4.28855E-02 6.56168E-02 1.10263E-01 1.44392E-01 1.74448E-01 4.26714E-01 6.24285E-01 1.10917E-01 6.56168E-02 4.28855E-02 1.42500E+00
4.33771E-02 6.57882E-02 1.09965E-01 1.43697E-01 1.73486E-01 4.25227E-01 6.23218E-01 1.10626E-01 6.57882E-02 4.33771E-02 1.40701E+00
4.38319E-02 6.59340E-02 1.09656E-01 1.43002E-01 1.72531E-01 4.23740E-01 6.22120E-01 1.10324E-01 6.59340E-02 4.38319E-02 1.38949E+00
4.42526E-02 6.60565E-02 1.09338E-01 1.42309E-01 1.71584E-01 4.22255E-01 6.20994E-01 1.10013E-01 6.60565E-02 4.42526E-02 1.37241E+00
4.46417E-02 6.61575E-02 1.09011E-01 1.41619E-01 1.70645E-01 4.20772E-01 6.19844E-01 1.09693E-01 6.61575E-02 4.46417E-02 1.35575E+00
4.50016E-02 6.62387E-02 1.08677E-01 1.40931E-01 1.69714E-01 4.19294E-01 6.18673E-01 1.09365E-01 6.62387E-02 4.50016E-02 1.33952E+00
4.53343E-02 6.63018E-02 1.08337E-01 1.40246E-01 1.68792E-01 4.17821E-01 6.17482E-01 1.09031E-01 6.63018E-02 4.53343E-02 1.32369E+00
4.56417E-02 6.63481E-02 1.07992E-01 1.39565E-01 1.67880E-01 4.16354E-01 6.16275E-01 1.08691E-01 6.63481E-02 4.56417E-02 1.30825E+00
4.59256E-02 6.63790E-02 1.07642E-01 1.38888E-01 1.66976E-01 4.14894E-01 6.15053E-01 1.08346E-01 6.63790E-02 4.59256E-02 1.29319E+00
4.61876E-02 6.63956E-02 1.07288E-01 1.38215E-01 1.66082E-01 4.13441E-01 6.13819E-01 1.07997E-01 6.63956E-02 4.61876E-02 1.27849E+00
4.64291E-02 6.63992E-02 1.06931E-01 1.37547E-01 1.65198E-01 4.11996E-01 6.12573E-01 1.07645E-01 6.63992E-02 4.64291E-02 1.26415E+00
4.66516E-02 6.63907E-02 1.06571E-01 1.36884E-01 1.64322E-01 4.10560E-01 6.11319E-01 1.07290E-01 6.63907E-02 4.66516E-02 1.25015E+00
4.68563E-02 6.63709E-02 1.06209E-01 1.36226E-01 1.63457E-01 4.09133E-01 6.10056E-01 1.06932E-01 6.63709E-02 4.68563E-02 1.23648E+00
4.70443E-02 6.63409E-02 1.05846E-01 1.35574E-01 1.62601E-01 4.07715E-01 6.08786E-01 1.06573E-01 6.63409E-02 4.70443E-02 1.22314E+00
4.72168E-02 6.63013E-02 1.05481E-01 1.34926E-01 1.61755E-01 4.06307E-01 6.07511E-01 1.06212E-01 6.63013E-02 4.72168E-02 1.21010E+00
4.73746E-02 6.62529E-02 1.05115E-01 1.34285E-01 1.60918E-01 4.04908E-01 6.06232E-01 1.05849E-01 6.62529E-02 4.73746E-02 1.19736E+00
4.75188E-02 6.61963E-02 1.04749E-01 1.33649E-01 1.60090E-01 4.03520E-01 6.04949E-01 1.05487E-01 6.61963E-02 4.75188E-02 1.18492E+00
4.76501E-02 6.61321E-02 1.04382E-01 1.33018E-01 1.59272E-01 4.02142E-01 6.03664E-01 1.05123E-01 6.61321E-02 4.76501E-02 1.17275E+00
0.00000E+00 0.00000E+00 6.21677E-02 1.22143E-01 1.69613E-01 4.35120E-01 5.83832E-01 6.20561E-02 0.00000E+00 0.00000E+00 1.52391E+00
0.00000E+00 0.00000E+00 6.78976E-02 1.24804E-01 1.70626E-01 4.40668E-01 5.99591E-01 6.78767E-02 0.00000E+00 0.00000E+00 1.61025E+00
0.00000E+00 5.02606E-03 7.22493E-02 1.26611E-01 1.71000E-01 4.44015E-01 6.10891E-01 7.23061E-02 5.02606E-03 0.00000E+00 1.64777E+00
0.00000E+00 1.11473E-02 7.56195E-02 1.27784E-01 1.70887E-01 4.45895E-01 6.19256E-01 7.57450E-02 1.11473E-02 0.00000E+00 1.66025E+00
0.00000E+00 1.61732E-02 7.82500E-02 1.28474E-01 1.70408E-01 4.46733E-01 6.25524E-01 7.84370E-02 1.61732E-02 0.00000E+00 1.66026E+00
0.00000E+00 2.03597E-02 8.03217E-02 1.28811E-01 1.69674E-01 4.46821E-01 6.30217E-01 8.05643E-02 2.03597E-02 0.00000E+00 1.65186E+00
0.00000E+00 2.38875E-02 8.19616E-02 1.28885E-01 1.68761E-01 4.46356E-01 6.33699E-01 8.22546E-02 2.38875E-02 0.00000E+00 1.63777E+00
0.00000E+00 2.68884E-02 8.32613E-02 1.28760E-01 1.67722E-01 4.45479E-01 6.36234E-01 8.36004E-02 2.68884E-02 0.00000E+00 1.61982E+00
1.36022E-03 2.94676E-02 8.43039E-02 1.28505E-01 1.66621E-01 4.44313E-01 6.38021E-01 8.46847E-02 2.94676E-02 1.36022E-03 1.59614E+00
4.54327E-03 3.17022E-02 8.51387E-02 1.28149E-01 1.65478E-01 4.42928E-01 6.39205E-01 8.55577E-02 3.17022E-02 4.54327E-03 1.56662E+00
7.34951E-03 3.36391E-02 8.57802E-02 1.27680E-01 1.64267E-01 4.41335E-01 6.39888E-01 8.62345E-02 3.36391E-02 7.34951E-03 1.53705E+00
9.83533E-03 3.53242E-02 8.62614E-02 1.27123E-01 1.63008E-01 4.39581E-01 6.40156E-01 8.67486E-02 3.53242E-02 9.83533E-03 1.50769E+00
1.20466E-02 3.67949E-02 8.66091E-02 1.26497E-01 1.61716E-01 4.37700E-01 6.40075E-01 8.71267E-02 3.67949E-02 1.20466E-02 1.47875E+00
1.40209E-02 3.80816E-02 8.68447E-02 1.25815E-01 1.60403E-01 4.35721E-01 6.39704E-01 8.73907E-02 3.80816E-02 1.40209E-02 1.45036E+00
1.57896E-02 3.92096E-02 8.69860E-02 1.25091E-01 1.59078E-01 4.33668E-01 6.39086E-01 8.75584E-02 3.92096E-02 1.57896E-02 1.42262E+00
1.73788E-02 4.01999E-02 8.70475E-02 1.24334E-01 1.57748E-01 4.31558E-01 6.38260E-01 8.76446E-02 4.01999E-02 1.73788E-02 1.39558E+00
1.88105E-02 4.10702E-02 8.70413E-02 1.23553E-01 1.56419E-01 4.29407E-01 6.37258E-01 8.76614E-02 4.10702E-02 1.88105E-02 1.36928E+00
2.01034E-02 4.18355E-02 8.69775E-02 1.22752E-01 1.55096E-01 4.27227E-01 6.36107E-01 8.76191E-02 4.18355E-02 2.01034E-02 1.34375E+00
2.12734E-02 4.25085E-02 8.68646E-02 1.21938E-01 1.53781E-01 4.25027E-01 6.34827E-01 8.75263E-02 4.25085E-02 2.12734E-02 1.31898E+00
2.23343E-02 4.31000E-02 8.67098E-02 1.21115E-01 1.52478E-01 4.22816E-01 6.33440E-01 8.73903E-02 4.31000E-02 2.23343E-02 1.29498E+00
2.32979E-02 4.36194E-02 8.65191E-02 1.20286E-01 1.51189E-01 4.20600E-01 6.31960E-01 8.72172E-02 4.36194E-02 2.32979E-02 1.27173E+00
2.41744E-02 4.40749E-02 8.62977E-02 1.19455E-01 1.49915E-01 4.18385E-01 6.30401E-01 8.70124E-02 4.40749E-02 2.41744E-02 1.24922E+00
2.49728E-02 4.44734E-02 8.60502E-02 1.18624E-01 1.48657E-01 4.16175E-01 6.28776E-01 8.67803E-02 4.44734E-02 2.49728E-02 1.22744E+00
2.57009E-02 4.48210E-02 8.57803E-02 1.17794E-01 1.47417E-01 4.13975E-01 6.27095E-01 8.65249E-02 4.48210E-02 2.57009E-02 1.20635E+00
2.63655E-02 4.51232E-02 8.54912E-02 1.16967E-01 1.46195E-01 4.11787E-01 6.25366E-01 8.62495E-02 4.51232E-02 2.63655E-02 1.18595E+00
2.69727E-02 4.53845E-02 8.51859E-02 1.16146E-01 1.44992E-01 4.09613E-01 6.23597E-01 8.59569E-02 4.53845E-02 2.69727E-02 1.16620E+00
2.75278E-02 4.56092E-02 8.48668E-02 1.15330E-01 1.43807E-01 4.07456E-01 6.21795E-01 8.56498E-02 4.56092E-02 2.75278E-02 1.14708E+00
2.80356E-02 4.58009E-02 8.45360E-02 1.14520E-01 1.42642E-01 4.05318E-01 6.19966E-01 8.53302E-02 4.58009E-02 2.80356E-02 1.12857E+00
2.85004E-02 4.59628E-02 8.41954E-02 1.13719E-01 1.41495E-01 4.03199E-01 6.18114E-01 8.50002E-02 4.59628E-02 2.85004E-02 1.11065E+00
2.89258E-02 4.60978E-02 8.38467E-02 1.12925E-01 1.40368E-01 4.01101E-01 6.16244E-01 8.46613E-02 4.60978E-02 2.89258E-02 1.09329E+00
2.93154E-02 4.62086E-02 8.34911E-02 1.12140E-01 1.39260E-01 3.99025E-01 6.14361E-01 8.43151E-02 4.62086E-02 2.93154E-02 1.07647E+00
2.96720E-02 4.62972E-02 8.31301E-02 1.11364E-01 1.38170E-01 3.96971E-01 6.12467E-01 8.39628E-02 4.62972E-02 2.96720E-02 1.06016E+00
2.99985E-02 4.63660E-02 8.27646E-02 1.10596E-01 1.37099E-01 3.94940E-01 6.10565E-01 8.36055E-02 4.63660E-02 2.99985E-02 1.04436E+00
3.02973E-02 4.64165E-02 8.23957E-02 1.09839E-01 1.36046E-01 3.92932E-01 6.08658E-01 8.32442E-02 4.64165E-02 3.02973E-02 1.02904E+00
3.05705E-02 4.64506E-02 8.20241E-02 1.09091E-01 1.35012E-01 3.90948E-01 6.06749E-01 8.28798E-02 4.64506E-02 3.05705E-02 1.01417E+00
3.08203E-02 4.64697E-02 8.16506E-02 1.08352E-01 1.33995E-01 3.88987E-01 6.04839E-01 8.25130E-02 4.64697E-02 3.08203E-02 9.99749E-01
3.10485E-02 4.64751E-02 8.12758E-02 1.07624E-01 1.32996E-01 3.87049E-01 6.02930E-01 8.21446E-02 4.64751E-02 3.10485E-02 9.85747E-01
3.12566E-02 4.64681E-02 8.09004E-02 1.06905E-01 1.32013E-01 3.85135E-01 6.01024E-01 8.17750E-02 4.64681E-02 3.12566E-02 9.72151E-01
3.14463E-02 4.64498E-02 8.05248E-02 1.06196E-01 1.31048E-01 3.83245E-01 5.99122E-01 8.14049E-02 4.64498E-02 3.14463E-02 9.58945E-01
3.16188E-02 4.64211E-02 8.01494E-02 1.05497E-01 1.30099E-01 3.81378E-01 5.97225E-01 8.10347E-02 4.64211E-02 3.16188E-02 9.46113E-01
3.17755E-02 4.63830E-02 7.97747E-02 1.04807E-01 1.29166E-01 3.79534E-01 5.95335E-01 8.06648E-02 4.63830E-02 3.17755E-02 9.33641E-01
3.19175E-02 4.63362E-02 7.94009E-02 1.04127E-01 1.28248E-01 3.77713E-01 5.93453E-01 8.02955E-02 4.63362E-02 3.19175E-02 9.21513E-01
3.20459E-02 4.62816E-02 7.90285E-02 1.03456E-01 1.27347E-01 3.75915E-01 5.91578E-01 7.99272E-02 4.62816E-02 3.20459E-02 9.09718E-01
3.21615E-02 4.62198E-02 7.86576E-02 1.02795E-01 1.26460E-01 3.74139E-01 5.89713E-01 7.95602E-02 4.62198E-02 3.21615E-02 8.98241E-01
3.22654E-02 4.61515E-02 7.82885E-02 1.02143E-01 1.25588E-01 3.72386E-01 5.87857E-01 7.91947E-02 4.61515E-02 3.22654E-02 8.87071E-01
3.23582E-02 4.60772E-02 7.79213E-02 1.01501E-01 1.24730E-01 3.70654E-01 5.86011E-01 7.88308E-02 4.60772E-02 3.23582E-02 8.76196E-01
3.24409E-02 4.59974E-02 7.75564E-02 1.00867E-01 1.23886E-01 3.68945E-01 5.84176E-01 7.84689E-02 4.59974E-02 3.24409E-02 8.65604E-01
3.25140E-02 4.59126E-02 7.71937E-02 1.00243E-01 1.23057E-01 3.67257E-01 5.82352E-01 7.81091E-02 4.59126E-02 3.25140E-02 8.55286E-01
3.25782E-02 4.58233E-02 7.68334E-02 9.96268E-02 1.22240E-01 3.65589E-01 5.80539E-01 7.77514E-02 4.58233E-02 3.25782E-02 8.45231E-01
3.26341E-02 4.57298E-02 7.64757E-02 9.90196E-02 1.21437E-01 3.63943E-01 5.78738E-01 7.73961E-02 4.57298E-02 3.26341E-02 8.35429E-01
0.00000E+00 0.00000E+00 5.40262E-02 1.07612E-01 1.54069E-01 4.55233E-01 6.40092E-01 5.38666E-02 0.00000E+00 0.00000E+00 1.30197E+00
0.00000E+00 0.00000E+00 5.75437E-02 1.07747E-01 1.51885E-01 4.54571E-01 6.49130E-01 5.75219E-02 0.00000E+00 0.00000E+00 1.34753E+00
0.00000E+00 3.74220E-03 6.01239E-02 1.07570E-01 1.49770E-01 4.52824E-01 6.54677E-01 6.02185E-02 3.74220E-03 0.00000E+00 1.35775E+00
0.00000E+00 8.24689E-03 6.20322E-02 1.07130E-01 1.47647E-01 4.50370E-01 6.57970E-01 6.22282E-02 8.24689E-03 0.00000E+00 1.35076E+00
0.00000E+00 1.18951E-02 6.34359E-02 1.06484E-01 1.45508E-01 4.47445E-01 6.59694E-01 6.37215E-02 1.18951E-02 0.00000E+00 1.33597E+00
0.00000E+00 1.48931E-02 6.44655E-02 1.05701E-01 1.43388E-01 4.44226E-01 6.60280E-01 6.48310E-02 1.48931E-02 0.00000E+00 1.31633E+00
0.00000E+00 1.73858E-02 6.52115E-02 1.04826E-01 1.41304E-01 4.40828E-01 6.60026E-01 6.56486E-02 1.73858E-02 0.00000E+00 1.29372E+00
0.00000E+00 1.94781E-02 6.57388E-02 1.03892E-01 1.39269E-01 4.37328E-01 6.59141E-01 6.62401E-02 1.94781E-02 0.00000E+00 1.26942E+00
9.69743E-04 2.12528E-02 6.61070E-02 1.02939E-01 1.37312E-01 4.33809E-01 6.57792E-01 6.66660E-02 2.12528E-02 9.69743E-04 1.24191E+00
3.22581E-03 2.27700E-02 6.63494E-02 1.01977E-01 1.35429E-01 4.30297E-01 6.56087E-01 6.69603E-02 2.27700E-02 3.22581E-03 1.21102E+00
5.19816E-03 2.40667E-02 6.64716E-02 1.00985E-01 1.33578E-01 4.26761E-01 6.54076E-01 6.71300E-02 2.40667E-02 5.19816E-03 1.18093E+00
6.93084E-03 2.51784E-02 6.64966E-02 9.99745E-02 1.31764E-01 4.23224E-01 6.51824E-01 6.71984E-02 2.51784E-02 6.93084E-03 1.15176E+00
8.45951E-03 2.61340E-02 6.64425E-02 9.89543E-02 1.29991E-01 4.19703E-01 6.49382E-01 6.71841E-02 2.61340E-02 8.45951E-03 1.12356E+00
9.81327E-03 2.69568E-02 6.63239E-02 9.79315E-02 1.28259E-01 4.16210E-01 6.46791E-01 6.71020E-02 2.69568E-02 9.81327E-03 1.09638E+00
1.10162E-02 2.76659E-02 6.61526E-02 9.69116E-02 1.26571E-01 4.12756E-01 6.44083E-01 6.69642E-02 2.76659E-02 1.10162E-02 1.07022E+00
1.20882E-02 2.82772E-02 6.59381E-02 9.58986E-02 1.24926E-01 4.09346E-01 6.41284E-01 6.67806E-02 2.82772E-02 1.20882E-02 1.04507E+00
1.30460E-02 2.88041E-02 6.56883E-02 9.48954E-02 1.23325E-01 4.05986E-01 6.38417E-01 6.65590E-02 2.88041E-02 1.30460E-02 1.02091E+00
1.39039E-02 2.92576E-02 6.54094E-02 9.39044E-02 1.21766E-01 4.02679E-01 6.35498E-01 6.63063E-02 2.92576E-02 1.39039E-02 9.97719E-01
1.46737E-02 2.96471E-02 6.51070E-02 9.29273E-02 1.20250E-01 3.99428E-01 6.32543E-01 6.60279E-02 2.96471E-02 1.46737E-02 9.75453E-01
1.53658E-02 2.99807E-02 6.47854E-02 9.19652E-02 1.18774E-01 3.96233E-01 6.29563E-01 6.57284E-02 2.99807E-02 1.53658E-02 9.54079E-01
1.59890E-02 3.02652E-02 6.44483E-02 9.10192E-02 1.17337E-01 3.93095E-01 6.26568E-01 6.54116E-02 3.02652E-02 1.59890E-02 9.33559E-01
1.65508E-02 3.05065E-02 6.40988E-02 9.00897E-02 1.15940E-01 3.90015E-01 6.23566E-01 6.50809E-02 3.05065E-02 1.65508E-02 9.13854E-01
1.70579E-02 3.07097E-02 6.37395E-02 8.91773E-02 1.14579E-01 3.86993E-01 6.20564E-01 6.47389E-02 3.07097E-02 1.70579E-02 8.94928E-01
1.75160E-02 3.08791E-02 6.33727E-02 8.82819E-02 1.13255E-01 3.84028E-01 6.17568E-01 6.43879E-02 3.08791E-02 1.75160E-02 8.76743E-01
1.79302E-02 3.10186E-02 6.30001E-02 8.74039E-02 1.11965E-01 3.81120E-01 6.14582E-01 6.40299E-02 3.10186E-02 1.79302E-02 8.59264E-01
1.83047E-02 3.11315E-02 6.26233E-02 8.65430E-02 1.10710E-01 3.78267E-01 6.11611E-01 6.36666E-02 3.11315E-02 1.83047E-02 8.42454E-01
1.86436E-02 3.12207E-02 6.22437E-02 8.56993E-02 1.09486E-01 3.75468E-01 6.08657E-01 6.32993E-02 3.12207E-02 1.86436E-02 8.26282E-01
1.89502E-02 3.12888E-02 6.18624E-02 8.48724E-02 1.08294E-01 3.72724E-01 6.05723E-01 6.29293E-02 3.12888E-02 1.89502E-02 8.10716E-01
1.92276E-02 3.13380E-02 6.14803E-02 8.40622E-02 1.07132E-01 3.70031E-01 6.02811E-01 6.25577E-02 3.13380E-02 1.92276E-02 7.95726E-01
1.94785E-02 3.13703E-02 6.10983E-02 8.32683E-02 1.05999E-01 3.67390E-01 5.99924E-01 6.21852E-02 3.13703E-02 1.94785E-02 7.81283E-01
1.97053E-02 3.13875E-02 6.07171E-02 8.24905E-02 1.04895E-01 3.64799E-01 5.97061E-01 6.18126E-02 3.13875E-02 1.97053E-02 7.67360E-01
1.99101E-02 3.13912E-02 6.03371E-02 8.17285E-02 1.03817E-01 3.62257E-01 5.94226E-01 6.14406E-02 3.13912E-02 1.99101E-02 7.53932E-01
2.00948E-02 3.13828E-02 5.99590E-02 8.09818E-02 1.02765E-01 3.59763E-01 5.91418E-01 6.10697E-02 3.13828E-02 2.00948E-02 7.40975E-01
2.02613E-02 3.13634E-02 5.95832E-02 8.02502E-02 1.01739E-01 3.57314E-01 5.88639E-01 6.07004E-02 3.13634E-02 2.02613E-02 7.28466E-01
2.04110E-02 3.13342E-02 5.92100E-02 7.95333E-02 1.00736E-01 3.54911E-01 5.85888E-01 6.03331E-02 3.13342E-02 2.04110E-02 7.16383E-01
2.05453E-02 3.12962E-02 5.88396E-02 7.88307E-02 9.97575E-02 3.52552E-01 5.83167E-01 5.99681E-02 3.12962E-02 2.05453E-02 7.04707E-01
2.06655E-02 3.12503E-02 5.84724E-02 7.81421E-02 9.88010E-02 3.50236E-01 5.80475E-01 5.96056E-02 3.12503E-02 2.06655E-02 6.93418E-01
2.07728E-02 3.11973E-02 5.81086E-02 7.74671E-02 9.78664E-02 3.47961E-01 5.77812E-01 5.92460E-02 3.11973E-02 2.07728E-02 6.82498E-01
2.08682E-02 3.11379E-02 5.77483E-02 7.68053E-02 9.69527E-02 3.45727E-01 5.75180E-01 5.88895E-02 3.11379E-02 2.08682E-02 6.71929E-01
2.09527E-02 3.10727E-02 5.73916E-02 7.61565E-02 9.60593E-02 3.43533E-01 5.72577E-01 5.85361E-02 3.10727E-02 2.09527E-02 6.61697E-01
2.10270E-02 3.10024E-02 5.70387E-02 7.55202E-02 9.51855E-02 3.41376E-01 5.70004E-01 5.81861E-02 3.10024E-02 2.10270E-02 6.51786E-01
2.10921E-02 3.09274E-02 5.66896E-02 7.48961E-02 9.43306E-02 3.39258E-01 5.67460E-01 5.78395E-02 3.09274E-02 2.10921E-02 6.42181E-01
2.11485E-02 3.08483E-02 5.63445E-02 7.42839E-02 9.34940E-02 3.37175E-01 5.64946E-01 5.74965E-02 3.08483E-02 2.11485E-02 6.32868E-01
2.11971E-02 3.07654E-02 5.60033E-02 7.36833E-02 9.26751E-02 3.35128E-01 5.62461E-01 5.71570E-02 3.07654E-02 2.11971E-02 6.23836E-01
2.12382E-02 3.06792E-02 5.56661E-02 7.30940E-02 9.18733E-02 3.33115E-01 5.60004E-01 5.68213E-02 3.06792E-02 2.12382E-02 6.15072E-01
2.12726E-02 3.05901E-02 5.53329E-02 7.25156E-02 9.10881E-02 3.31136E-01 5.57576E-01 5.64892E-02 3.05901E-02 2.12726E-02 6.06565E-01
2.13007E-02 3.04983E-02 5.50038E-02 7.19479E-02 9.03189E-02 3.29190E-01 5.55176E-01 5.61608E-02 3.04983E-02 2.13007E-02 5.98303E-01
2.13229E-02 3.04041E-02 5.46787E-02 7.13906E-02 8.95652E-02 3.27275E-01 5.52805E-01 5.58362E-02 3.04041E-02 2.13229E-02 5.90276E-01
2.13398E-02 3.03078E-02 5.43575E-02 7.08434E-02 8.88265E-02 3.25391E-01 5.50460E-01 5.55153E-02 3.03078E-02 2.13398E-02 5.82475E-01
2.13516E-02 3.02097E-02 5.40404E-02 7.03060E-02 8.81024E-02 3.23538E-01 5.48143E-01 5.51982E-02 3.02097E-02 2.13516E-02 5.74891E-01
0.00000E+00 0.00000E+00 4.46965E-02 8.94124E-02 1.31440E-01 4.67263E-01 6.96485E-01 4.44927E-02 0.00000E+00 0.00000E+00 1.07395E+00
0.00000E+00 0.00000E+00 4.65681E-02 8.78611E-02 1.27135E-01 4.60218E-01 6.97294E-01 4.65927E-02 0.00000E+00 0.00000E+00 1.09397E+00
0.00000E+00 2.68275E-03 4.78482E-02 8.63936E-02 1.23430E-01 4.53306E-01 6.95906E-01 4.80607E-02 2.68275E-03 0.00000E+00 1.08757E+00
0.00000E+00 5.86434E-03 4.87025E-02 8.49380E-02 1.20076E-01 4.46514E-01 6.93160E-01 4.90745E-02 5.86434E-03 0.00000E+00 1.06912E+00
0.00000E+00 8.39650E-03 4.92401E-02 8.34815E-02 1.16968E-01 4.39864E-01 6.89530E-01 4.97496E-02 8.39650E-03 0.00000E+00 1.04591E+00
0.00000E+00 1.04422E-02 4.95500E-02 8.20452E-02 1.14077E-01 4.33408E-01 6.85328E-01 5.01792E-02 1.04422E-02 0.00000E+00 1.02021E+00
0.00000E+00 1.21145E-02 4.96931E-02 8.06412E-02 1.11378E-01 4.27169E-01 6.80755E-01 5.04267E-02 1.21145E-02 0.00000E+00 9.93421E-01
0.00000E+00 1.34946E-02 4.97120E-02 7.92760E-02 1.08848E-01 4.21154E-01 6.75950E-01 5.05373E-02 1.34946E-02 0.00000E+00 9.66399E-01
6.59734E-04 1.46454E-02 4.96470E-02 7.79695E-02 1.06493E-01 4.15401E-01 6.71038E-01 5.05527E-02 1.46454E-02 6.59734E-04 9.38011E-01
2.18394E-03 1.56123E-02 4.95182E-02 7.67175E-02 1.04289E-01 4.09891E-01 6.66075E-01 5.04948E-02 1.56123E-02 2.18394E-03 9.08075E-01
3.50317E-03 1.64235E-02 4.93252E-02 7.54915E-02 1.02185E-01 4.04545E-01 6.61046E-01 5.03650E-02 1.64235E-02 3.50317E-03 8.79474E-01
4.65068E-03 1.71055E-02 4.90826E-02 7.42945E-02 1.00175E-01 3.99362E-01 6.55990E-01 5.01790E-02 1.71055E-02 4.65068E-03 8.52217E-01
5.65316E-03 1.76796E-02 4.88017E-02 7.31286E-02 9.82523E-02 3.94339E-01 6.50934E-01 4.99487E-02 1.76796E-02 5.65316E-03 8.26284E-01
6.53228E-03 1.81628E-02 4.84915E-02 7.19946E-02 9.64129E-02 3.89473E-01 6.45901E-01 4.96837E-02 1.81628E-02 6.53228E-03 8.01633E-01
7.30579E-03 1.85692E-02 4.81590E-02 7.08929E-02 9.46512E-02 3.84758E-01 6.40906E-01 4.93916E-02 1.85692E-02 7.30579E-03 7.78213E-01
7.98836E-03 1.89101E-02 4.78096E-02 6.98233E-02 9.29624E-02 3.80189E-01 6.35961E-01 4.90784E-02 1.89101E-02 7.98836E-03 7.55965E-01
8.59218E-03 1.91950E-02 4.74478E-02 6.87854E-02 9.13421E-02 3.75759E-01 6.31075E-01 4.87491E-02 1.91950E-02 8.59218E-03 7.34826E-01
9.12751E-03 1.94319E-02 4.70772E-02 6.77784E-02 8.97862E-02 3.71464E-01 6.26255E-01 4.84074E-02 1.94319E-02 9.12751E-03 7.14736E-01
9.60299E-03 1.96273E-02 4.67006E-02 6.68017E-02 8.82909E-02 3.67297E-01 6.21505E-01 4.80567E-02 1.96273E-02 9.60299E-03 6.95634E-01
1.00259E-02 1.97869E-02 4.63205E-02 6.58541E-02 8.68524E-02 3.63254E-01 6.16828E-01 4.76995E-02 1.97869E-02 1.00259E-02 6.77461E-01
1.04026E-02 1.99153E-02 4.59385E-02 6.49349E-02 8.54677E-02 3.59328E-01 6.12226E-01 4.73380E-02 1.99153E-02 1.04026E-02 6.60160E-01
1.07385E-02 2.00166E-02 4.55563E-02 6.40430E-02 8.41336E-02 3.55515E-01 6.07701E-01 4.69740E-02 2.00166E-02 1.07385E-02 6.43680E-01
1.10381E-02 2.00943E-02 4.51750E-02 6.31774E-02 8.28472E-02 3.51810E-01 6.03254E-01 4.66087E-02 2.00943E-02 1.10381E-02 6.27969E-01
1.13054E-02 2.01514E-02 4.47957E-02 6.23372E-02 8.16060E-02 3.48208E-01 5.98883E-01 4.62435E-02 2.01514E-02 1.13054E-02 6.12980E-01
1.15441E-02 2.01903E-02 4.44192E-02 6.15212E-02 8.04075E-02 3.44704E-01 5.94590E-01 4.58793E-02 2.01903E-02 1.15441E-02 5.98671E-01
1.17570E-02 2.02133E-02 4.40460E-02 6.07287E-02 7.92495E-02 3.41295E-01 5.90372E-01 4.55169E-02 2.02133E-02 1.17570E-02 5.84999E-01
1.19469E-02 2.02224E-02 4.36767E-02 5.99587E-02 7.81298E-02 3.37976E-01 5.86230E-01 4.51568E-02 2.02224E-02 1.19469E-02 5.71926E-01
1.21161E-02 2.02191E-02 4.33117E-02 5.92103E-02 7.70464E-02 3.34744E-01 5.82162E-01 4.47997E-02 2.02191E-02 1.21161E-02 5.59417E-01
1.22668E-02 2.02051E-02 4.29513E-02 5.84826E-02 7.59976E-02 3.31595E-01 5.78167E-01 4.44460E-02 2.02051E-02 1.22668E-02 5.47439E-01
1.24006E-02 2.01815E-02 4.25957E-02 5.77749E-02 7.49815E-02 3.28525E-01 5.74243E-01 4.40959E-02 2.01815E-02 1.24006E-02 5.35960E-01
1.25193E-02 2.01494E-02 4.22452E-02 5.70863E-02 7.39967E-02 3.25532E-01 5.70389E-01 4.37499E-02 2.01494E-02 1.25193E-02 5.24952E-01
1.26242E-02 2.01100E-02 4.18998E-02 5.64160E-02 7.30416E-02 3.22612E-01 5.66604E-01 4.34080E-02 2.01100E-02 1.26242E-02 5.14388E-01
1.27167E-02 2.00640E-02 4.15596E-02 5.57635E-02 7.21148E-02 3.19762E-01 5.62886E-01 4.30704E-02 2.00640E-02 1.27167E-02 5.04243E-01
1.27979E-02 2.00122E-02 4.12247E-02 5.51279E-02 7.12150E-02 3.16980E-01 5.59233E-01 4.27373E-02 2.00122E-02 1.27979E-02 4.94493E-01
1.28688E-02 1.99553E-02 4.08951E-02 5.45086E-02 7.03410E-02 3.14263E-01 5.55644E-01 4.24088E-02 1.99553E-02 1.28688E-02 4.85118E-01
1.29304E-02 1.98940E-02 4.05709E-02 5.39051E-02 6.94916E-02 3.11608E-01 5.52117E-01 4.20849E-02 1.98940E-02 1.29304E-02 4.76097E-01
1.29835E-02 1.98287E-02 4.02519E-02 5.33167E-02 6.86658E-02 3.09014E-01 5.48651E-01 4.17656E-02 1.98287E-02 1.29835E-02 4.67410E-01
1.30288E-02 1.97600E-02 3.99382E-02 5.27428E-02 6.78624E-02 3.06477E-01 5.45244E-01 4.14510E-02 1.97600E-02 1.30288E-02 4.59041E-01
1.30670E-02 1.96882E-02 3.96298E-02 5.21829E-02 6.70806E-02 3.03996E-01 5.41895E-01 4.11410E-02 1.96882E-02 1.30670E-02 4.50973E-01
1.30987E-02 1.96139E-02 3.93264E-02 5.16364E-02 6.63195E-02 3.01569E-01 5.38603E-01 4.08357E-02 1.96139E-02 1.30987E-02 4.43190E-01
1.31245E-02 1.95372E-02 3.90282E-02 5.11030E-02 6.55781E-02 2.99194E-01 5.35365E-01 4.05350E-02 1.95372E-02 1.31245E-02 4.35679E-01
1.31448E-02 1.94585E-02 3.87350E-02 5.05821E-02 6.48558E-02 2.96869E-01 5.32181E-01 4.02389E-02 1.94585E-02 1.31448E-02 4.28424E-01
1.31602E-02 1.93781E-02 3.84467E-02 5.00732E-02 6.41516E-02 2.94592E-01 5.29050E-01 3.99473E-02 1.93781E-02 1.31602E-02 4.21415E-01
1.31709E-02 1.92963E-02 3.81633E-02 4.95760E-02 6.34650E-02 2.92362E-01 5.25969E-01 3.96602E-02 1.92963E-02 1.31709E-02 4.14639E-01
1.31775E-02 1.92132E-02 3.78846E-02 4.90901E-02 6.27952E-02 2.90177E-01 5.22938E-01 3.93775E-02 1.92132E-02 1.31775E-02 4.08085E-01
1.31803E-02 1.91290E-02 3.76107E-02 4.86149E-02 6.21415E-02 2.88035E-01 5.19955E-01 3.90992E-02 1.91290E-02 1.31803E-02 4.01742E-01
1.31795E-02 1.90440E-02 3.73413E-02 4.81503E-02 6.15034E-02 2.85936E-01 5.17019E-01 3.88252E-02 1.90440E-02 1.31795E-02 3.95600E-01
1.31754E-02 1.89583E-02 3.70764E-02 4.76958E-02 6.08803E-02 2.83877E-01 5.14129E-01 3.85553E-02 1.89583E-02 1.31754E-02 3.89651E-01
1.31684E-02 1.88720E-02 3.68159E-02 4.72510E-02 6.02716E-02 2.81857E-01 5.11284E-01 3.82897E-02 1.88720E-02 1.31684E-02 3.83886E-01
1.31586E-02 1.87853E-02 3.65598E-02 4.68157E-02 5.96768E-02 2.79876E-01 5.08483E-01 3.80281E-02 1.87853E-02 1.31586E-02 3.78295E-01
0.00000E+00 0.00000E+00 3.46918E-02 6.87791E-02 1.03057E-01 4.67801E-01 7.47939E-01 3.46507E-02 0.00000E+00 0.00000E+00 8.75807E-01
0.00000E+00 0.00000E+00 3.54448E-02 6.63860E-02 9.78587E-02 4.54291E-01 7.38586E-01 3.58027E-02 0.00000E+00 0.00000E+00 8.74681E-01
0.00000E+00 1.81793E-03 3.58623E-02 6.43131E-02 9.35596E-02 4.42255E-01 7.28810E-01 3.65319E-02 1.81793E-03 0.00000E+00 8.54675E-01
0.00000E+00 3.93209E-03 3.60396E-02 6.24213E-02 8.98157E-02 4.31234E-01 7.18888E-01 3.69615E-02 3.93209E-03 0.00000E+00 8.27207E-01
0.00000E+00 5.57709E-03 3.60420E-02 6.06559E-02 8.64666E-02 4.21016E-01 7.08993E-01 3.71721E-02 5.57709E-03 0.00000E+00 7.97790E-01
0.00000E+00 6.87708E-03 3.59262E-02 5.90063E-02 8.34425E-02 4.11509E-01 6.99262E-01 3.72295E-02 6.87708E-03 0.00000E+00 7.68085E-01
0.00000E+00 7.91678E-03 3.57295E-02 5.74621E-02 8.06906E-02 4.02635E-01 6.89767E-01 3.71776E-02 7.91678E-03 0.00000E+00 7.38994E-01
0.00000E+00 8.75601E-03 3.54769E-02 5.60134E-02 7.81699E-02 3.94323E-01 6.80546E-01 3.70469E-02 8.75601E-03 0.00000E+00 7.10996E-01
4.19865E-04 9.44032E-03 3.51933E-02 5.46645E-02 7.58664E-02 3.86561E-01 6.71667E-01 3.68654E-02 9.44032E-03 4.19865E-04 6.83198E-01
1.38185E-03 1.00020E-02 3.48886E-02 5.34025E-02 7.37466E-02 3.79281E-01 6.63116E-01 3.66468E-02 1.00020E-02 1.38185E-03 6.55344E-01
2.20454E-03 1.04614E-02 3.45590E-02 5.21980E-02 7.17582E-02 3.72355E-01 6.54795E-01 3.63906E-02 1.04614E-02 2.20454E-03 6.29266E-01
2.91172E-03 1.08372E-02 3.42127E-02 5.10481E-02 6.98887E-02 3.65757E-01 6.46709E-01 3.61065E-02 1.08372E-02 2.91172E-03 6.04865E-01
3.52230E-03 1.11439E-02 3.38556E-02 4.99500E-02 6.81272E-02 3.59462E-01 6.38855E-01 3.58021E-02 1.11439E-02 3.52230E-03 5.82032E-01
4.05151E-03 1.13935E-02 3.34923E-02 4.89008E-02 6.64640E-02 3.53448E-01 6.31230E-01 3.54832E-02 1.13935E-02 4.05151E-03 5.60657E-01
4.51167E-03 1.15952E-02 3.31263E-02 4.78976E-02 6.48907E-02 3.47696E-01 6.23829E-01 3.51544E-02 1.15952E-02 4.51167E-03 5.40633E-01
4.91292E-03 1.17569E-02 3.27600E-02 4.69376E-02 6.33997E-02 3.42187E-01 6.16644E-01 3.48190E-02 1.17569E-02 4.91292E-03 5.21857E-01
5.26360E-03 1.18848E-02 3.23955E-02 4.60184E-02 6.19844E-02 3.36904E-01 6.09669E-01 3.44799E-02 1.18848E-02 5.26360E-03 5.04234E-01
5.57067E-03 1.19840E-02 3.20342E-02 4.51375E-02 6.06389E-02 3.31833E-01 6.02896E-01 3.41391E-02 1.19840E-02 5.57067E-03 4.87673E-01
5.83995E-03 1.20589E-02 3.16773E-02 4.42926E-02 5.93577E-02 3.26959E-01 5.96318E-01 3.37984E-02 1.20589E-02 5.83995E-03 4.72092E-01
6.07634E-03 1.21130E-02 3.13255E-02 4.34816E-02 5.81362E-02 3.22271E-01 5.89926E-01 3.34591E-02 1.21130E-02 6.07634E-03 4.57416E-01
6.28400E-03 1.21494E-02 3.09795E-02 4.27025E-02 5.69701E-02 3.17756E-01 5.83713E-01 3.31222E-02 1.21494E-02 6.28400E-03 4.43576E-01
6.46647E-03 1.21706E-02 3.06397E-02 4.19535E-02 5.58554E-02 3.13404E-01 5.77671E-01 3.27885E-02 1.21706E-02 6.46647E-03 4.30508E-01
6.62679E-03 1.21788E-02 3.03063E-02 4.12329E-02 5.47886E-02 3.09206E-01 5.71795E-01 3.24586E-02 1.21788E-02 6.62679E-03 4.18154E-01
6.76756E-03 1.21757E-02 2.99797E-02 4.05390E-02 5.37666E-02 3.05152E-01 5.66076E-01 3.21330E-02 1.21757E-02 6.76756E-03 4.06462E-01
6.89103E-03 1.21630E-02 2.96597E-02 3.98705E-02 5.27864E-02 3.01235E-01 5.60509E-01 3.18121E-02 1.21630E-02 6.89103E-03 3.95384E-01
6.99916E-03 1.21420E-02 2.93466E-02 3.92258E-02 5.18454E-02 2.97447E-01 5.55088E-01 3.14961E-02 1.21420E-02 6.99916E-03 3.84874E-01
7.09364E-03 1.21138E-02 2.90402E-02 3.86038E-02 5.09412E-02 2.93781E-01 5.49805E-01 3.11853E-02 1.21138E-02 7.09364E-03 3.74894E-01
7.17597E-03 1.20794E-02 2.87406E-02 3.80032E-02 5.00715E-02 2.90230E-01 5.44656E-01 3.08797E-02 1.20794E-02 7.17597E-03 3.65407E-01
7.24743E-03 1.20397E-02 2.84476E-02 3.74229E-02 4.92342E-02 2.86790E-01 5.39636E-01 3.05794E-02 1.20397E-02 7.24743E-03 3.56378E-01
7.30918E-03 1.19954E-02 2.81612E-02 3.68619E-02 4.84276E-02 2.83453E-01 5.34739E-01 3.02845E-02 1.19954E-02 7.30918E-03 3.47777E-01
7.36221E-03 1.19472E-02 2.78812E-02 3.63193E-02 4.76498E-02 2.80215E-01 5.29960E-01 2.99949E-02 1.19472E-02 7.36221E-03 3.39576E-01
7.40742E-03 1.18956E-02 2.76075E-02 3.57940E-02 4.68993E-02 2.77071E-01 5.25294E-01 2.97107E-02 1.18956E-02 7.40742E-03 3.31748E-01
7.44560E-03 1.18412E-02 2.73399E-02 3.52852E-02 4.61746E-02 2.74016E-01 5.20739E-01 2.94318E-02 1.18412E-02 7.44560E-03 3.24270E-01
7.47744E-03 1.17843E-02 2.70783E-02 3.47923E-02 4.54744E-02 2.71047E-01 5.16288E-01 2.91581E-02 1.17843E-02 7.47744E-03 3.17119E-01
7.50357E-03 1.17253E-02 2.68226E-02 3.43143E-02 4.47972E-02 2.68159E-01 5.11939E-01 2.88896E-02 1.17253E-02 7.50357E-03 3.10277E-01
7.52455E-03 1.16646E-02 2.65725E-02 3.38507E-02 4.41420E-02 2.65350E-01 5.07687E-01 2.86262E-02 1.16646E-02 7.52455E-03 3.03723E-01
7.54086E-03 1.16025E-02 2.63280E-02 3.34007E-02 4.35077E-02 2.62614E-01 5.03529E-01 2.83678E-02 1.16025E-02 7.54086E-03 2.97440E-01
7.55296E-03 1.15391E-02 2.60889E-02 3.29638E-02 4.28932E-02 2.59950E-01 4.99461E-01 2.81143E-02 1.15391E-02 7.55296E-03 2.91413E-01
7.56125E-03 1.14748E-02 2.58550E-02 3.25393E-02 4.22976E-02 2.57354E-01 4.95481E-01 2.78656E-02 1.14748E-02 7.56125E-03 2.85627E-01
7.56608E-03 1.14097E-02 2.56262E-02 3.21267E-02 4.17199E-02 2.54823E-01 4.91585E-01 2.76217E-02 1.14097E-02 7.56608E-03 2.80068E-01
7.56778E-03 1.13440E-02 2.54023E-02 3.17256E-02 4.11594E-02 2.52354E-01 4.87770E-01 2.73824E-02 1.13440E-02 7.56778E-03 2.74723E-01
7.56663E-03 1.12779E-02 2.51831E-02 3.13354E-02 4.06152E-02 2.49946E-01 4.84034E-01 2.71475E-02 1.12779E-02 7.56663E-03 2.69581E-01
7.56291E-03 1.12114E-02 2.49687E-02 3.09556E-02 4.00866E-02 2.47595E-01 4.80374E-01 2.69171E-02 1.12114E-02 7.56291E-03 2.64630E-01
7.55685E-03 1.11447E-02 2.47587E-02 3.05859E-02 3.95730E-02 2.45299E-01 4.76787E-01 2.66910E-02 1.11447E-02 7.55685E-03 2.59860E-01
7.54866E-03 1.10780E-02 2.45531E-02 3.02258E-02 3.90736E-02 2.43057E-01 4.73271E-01 2.64690E-02 1.10780E-02 7.54866E-03 2.55262E-01
7.53854E-03 1.10112E-02 2.43518E-02 2.98750E-02 3.85878E-02 2.40866E-01 4.69823E-01 2.62512E-02 1.10112E-02 7.53854E-03 2.50827E-01
7.52667E-03 1.09446E-02 2.41546E-02 2.95330E-02 3.81152E-02 2.38724E-01 4.66441E-01 2.60373E-02 1.09446E-02 7.52667E-03 2.46546E-01
7.51322E-03 1.08781E-02 2.39613E-02 2.91996E-02 3.76550E-02 2.36629E-01 4.63124E-01 2.58273E-02 1.08781E-02 7.51322E-03 2.42413E-01
7.49832E-03 1.08118E-02 2.37720E-02 2.88743E-02 3.72069E-02 2.34581E-01 4.59869E-01 2.56212E-02 1.08118E-02 7.49832E-03 2.38418E-01
7.48211E-03 1.07457E-02 2.35864E-02 2.85570E-02 3.67703E-02 2.32576E-01 4.56675E-01 2.54187E-02 1.07457E-02 7.48211E-03 2.34556E-01
0.00000E+00 0.00000E+00 2.47627E-02 4.77958E-02 7.20833E-02 4.52389E-01 7.85237E-01 2.60541E-02 0.00000E+00 0.00000E+00 7.13499E-01
0.00000E+00 0.00000E+00 2.48414E-02 4.52713E-02 6.71480E-02 4.32601E-01 7.63647E-01 2.67418E-02 0.00000E+00 0.00000E+00 6.88382E-01
0.00000E+00 1.11568E-03 2.47779E-02 4.31716E-02 6.31773E-02 4.15754E-01 7.44055E-01 2.71113E-02 1.11568E-03 0.00000E+00 6.54110E-01
0.00000E+00 2.38347E-03 2.46117E-02 4.13308E-02 5.98088E-02 4.00885E-01 7.25931E-01 2.72648E-02 2.38347E-03 0.00000E+00 6.18207E-01
0.00000E+00 3.34379E-03 2.43732E-02 3.96742E-02 5.68672E-02 3.87512E-01 7.09023E-01 2.72661E-02 3.34379E-03 0.00000E+00 5.83913E-01
0.00000E+00 4.08293E-03 2.40922E-02 3.81730E-02 5.42669E-02 3.75385E-01 6.93222E-01 2.71655E-02 4.08293E-03 0.00000E+00 5.51882E-01
0.00000E+00 4.65857E-03 2.37872E-02 3.68041E-02 5.19450E-02 3.64310E-01 6.78418E-01 2.69954E-02 4.65857E-03 0.00000E+00 5.22297E-01
0.00000E+00 5.11070E-03 2.34699E-02 3.55490E-02 4.98542E-02 3.54134E-01 6.64516E-01 2.67777E-02 5.11070E-03 0.00000E+00 4.95115E-01
2.41379E-04 5.46896E-03 2.31525E-02 3.44021E-02 4.79714E-02 3.44789E-01 6.51499E-01 2.65320E-02 5.46896E-03 2.41379E-04 4.69492E-01
7.89288E-04 5.75411E-03 2.28382E-02 3.33471E-02 4.62619E-02 3.36152E-01 6.39261E-01 2.62674E-02 5.75411E-03 7.89288E-04 4.45026E-01
1.25160E-03 5.97943E-03 2.25220E-02 3.23581E-02 4.46804E-02 3.28051E-01 6.27608E-01 2.59837E-02 5.97943E-03 1.25160E-03 4.22664E-01
1.64376E-03 6.15664E-03 2.22074E-02 3.14291E-02 4.32124E-02 3.20432E-01 6.16497E-01 2.56875E-02 6.15664E-03 1.64376E-03 4.02186E-01
1.97791E-03 6.29488E-03 2.18965E-02 3.05549E-02 4.18456E-02 3.13248E-01 6.05888E-01 2.53834E-02 6.29488E-03 1.97791E-03 3.83396E-01
2.26371E-03 6.40132E-03 2.15911E-02 2.97308E-02 4.05692E-02 3.06459E-01 5.95746E-01 2.50752E-02 6.40132E-03 2.26371E-03 3.66118E-01
2.50892E-03 6.48166E-03 2.12920E-02 2.89526E-02 3.93742E-02 3.00030E-01 5.86039E-01 2.47654E-02 6.48166E-03 2.50892E-03 3.50194E-01
2.71983E-03 6.54047E-03 2.10000E-02 2.82166E-02 3.82526E-02 2.93930E-01 5.76736E-01 2.44561E-02 6.54047E-03 2.71983E-03 3.35487E-01
2.90160E-03 6.58145E-03 2.07154E-02 2.75193E-02 3.71978E-02 2.88132E-01 5.67811E-01 2.41489E-02 6.58145E-03 2.90160E-03 3.21873E-01
3.05847E-03 6.60760E-03 2.04386E-02 2.68577E-02 3.62035E-02 2.82612E-01 5.59238E-01 2.38448E-02 6.60760E-03 3.05847E-03 3.09246E-01
3.19397E-03 6.62138E-03 2.01695E-02 2.62292E-02 3.52645E-02 2.77347E-01 5.50996E-01 2.35448E-02 6.62138E-03 3.19397E-03 2.97509E-01
3.31105E-03 6.62482E-03 1.99082E-02 2.56311E-02 3.43761E-02 2.72320E-01 5.43064E-01 2.32494E-02 6.62482E-03 3.31105E-03 2.86577E-01
3.41217E-03 6.61961E-03 1.96544E-02 2.50615E-02 3.35343E-02 2.67512E-01 5.35422E-01 2.29591E-02 6.61961E-03 3.41217E-03 2.76376E-01
3.49943E-03 6.60713E-03 1.94082E-02 2.45181E-02 3.27352E-02 2.62909E-01 5.28054E-01 2.26742E-02 6.60713E-03 3.49943E-03 2.66840E-01
3.57461E-03 6.58857E-03 1.91692E-02 2.39992E-02 3.19756E-02 2.58495E-01 5.20943E-01 2.23949E-02 6.58857E-03 3.57461E-03 2.57909E-01
3.63922E-03 6.56490E-03 1.89373E-02 2.35031E-02 3.12525E-02 2.54260E-01 5.14074E-01 2.21213E-02 6.56490E-03 3.63922E-03 2.49530E-01
3.69456E-03 6.53696E-03 1.87122E-02 2.30284E-02 3.05633E-02 2.50190E-01 5.07435E-01 2.18534E-02 6.53696E-03 3.69456E-03 2.41656E-01
3.74175E-03 6.50544E-03 1.84937E-02 2.25736E-02 2.99055E-02 2.46275E-01 5.01013E-01 2.15914E-02 6.50544E-03 3.74175E-03 2.34246E-01
3.78176E-03 6.47095E-03 1.82816E-02 2.21375E-02 2.92770E-02 2.42506E-01 4.94796E-01 2.13351E-02 6.47095E-03 3.78176E-03 2.27260E-01
3.81543E-03 6.43397E-03 1.80756E-02 2.17189E-02 2.86758E-02 2.38875E-01 4.88773E-01 2.10845E-02 6.43397E-03 3.81543E-03 2.20667E-01
3.84348E-03 6.39496E-03 1.78756E-02 2.13168E-02 2.81001E-02 2.35372E-01 4.82934E-01 2.08396E-02 6.39496E-03 3.84348E-03 2.14434E-01
3.86654E-03 6.35427E-03 1.76812E-02 2.09302E-02 2.75482E-02 2.31991E-01 4.77271E-01 2.06001E-02 6.35427E-03 3.86654E-03 2.08534E-01
3.88519E-03 6.31222E-03 1.74923E-02 2.05581E-02 2.70186E-02 2.28725E-01 4.71774E-01 2.03661E-02 6.31222E-03 3.88519E-03 2.02942E-01
3.89990E-03 6.26908E-03 1.73086E-02 2.01998E-02 2.65101E-02 2.25567E-01 4.66435E-01 2.01373E-02 6.26908E-03 3.89990E-03 1.97636E-01
3.91110E-03 6.22508E-03 1.71300E-02 1.98545E-02 2.60212E-02 2.22513E-01 4.61248E-01 1.99137E-02 6.22508E-03 3.91110E-03 1.92595E-01
3.91918E-03 6.18043E-03 1.69562E-02 1.95214E-02 2.55509E-02 2.19555E-01 4.56204E-01 1.96952E-02 6.18043E-03 3.91918E-03 1.87801E-01
3.92446E-03 6.13530E-03 1.67871E-02 1.92000E-02 2.50981E-02 2.16690E-01 4.51298E-01 1.94815E-02 6.13530E-03 3.92446E-03 1.83235E-01
3.92726E-03 6.08982E-03 1.66224E-02 1.88895E-02 2.46618E-02 2.13913E-01 4.46523E-01 1.92727E-02 6.08982E-03 3.92726E-03 1.78884E-01
3.92782E-03 6.04414E-03 1.64620E-02 1.85895E-02 2.42411E-02 2.11219E-01 4.41874E-01 1.90684E-02 6.04414E-03 3.92782E-03 1.74732E-01
3.92640E-03 5.99836E-03 1.63058E-02 1.82993E-02 2.38351E-02 2.08604E-01 4.37345E-01 1.88687E-02 5.99836E-03 3.92640E-03 1.70766E-01
3.92318E-03 5.95257E-03 1.61535E-02 1.80186E-02 2.34431E-02 2.06065E-01 4.32931E-01 1.86733E-02 5.95257E-03 3.92318E-03 1.66975E-01
3.91837E-03 5.90686E-03 1.60050E-02 1.77468E-02 2.30643E-02 2.03598E-01 4.28627E-01 1.84822E-02 5.90686E-03 3.91837E-03 1.63348E-01
3.91213E-03 5.86130E-03 1.58602E-02 1.74835E-02 2.26981E-02 2.01200E-01 4.24429E-01 1.82952E-02 5.86130E-03 3.91213E-03 1.59874E-01
3.90461E-03 5.81594E-03 1.57190E-02 1.72284E-02 2.23437E-02 1.98868E-01 4.20333E-01 1.81123E-02 5.81594E-03 3.90461E-03 1.56545E-01
3.89594E-03 5.77084E-03 1.55811E-02 1.69809E-02 2.20008E-02 1.96599E-01 4.16333E-01 1.79332E-02 5.77084E-03 3.89594E-03 1.53351E-01
3.88624E-03 5.72604E-03 1.54465E-02 1.67408E-02 2.16686E-02 1.94390E-01 4.12428E-01 1.77578E-02 5.72604E-03 3.88624E-03 1.50285E-01
3.87563E-03 5.68158E-03 1.53151E-02 1.65078E-02 2.13466E-02 1.92238E-01 4.08612E-01 1.75862E-02 5.68158E-03 3.87563E-03 1.47339E-01
3.86420E-03 5.63749E-03 1.51866E-02 1.62815E-02 2.10345E-02 1.90141E-01 4.04884E-01 1.74181E-02 5.63749E-03 3.86420E-03 1.44507E-01
3.85204E-03 5.59380E-03 1.50612E-02 1.60616E-02 2.07317E-02 1.88098E-01 4.01238E-01 1.72534E-02 5.59380E-03 3.85204E-03 1.41782E-01
3.83923E-03 5.55052E-03 1.49385E-02 1.58479E-02 2.04378E-02 1.86105E-01 3.97673E-01 1.70921E-02 5.55052E-03 3.83923E-03 1.39158E-01
3.82584E-03 5.50769E-03 1.48186E-02 1.56400E-02 2.01525E-02 1.84161E-01 3.94186E-01 1.69340E-02 5.50769E-03 3.82584E-03 1.36630E-01
3.81193E-03 5.46530E-03 1.47013E-02 1.54378E-02 1.98753E-02 1.82264E-01 3.90773E-01 1.67791E-02 5.46530E-03 3.81193E-03 1.34194E-01
0.00000E+00 0.00000E+00 1.57217E-02 2.88819E-02 4.29653E-02 4.14990E-01 7.93236E-01 2.19633E-02 0.00000E+00 0.00000E+00 5.55486E-01
0.00000E+00 0.00000E+00 1.55412E-02 2.67418E-02 3.91577E-02 3.89864E-01 7.58042E-01 2.21798E-02 0.00000E+00 0.00000E+00 5.08512E-01
0.00000E+00 5.72551E-04 1.53526E-02 2.50315E-02 3.61827E-02 3.69173E-01 7.27934E-01 2.21690E-02 5.72551E-04 0.00000E+00 4.64188E-01
0.00000E+00 1.20957E-03 1.51486E-02 2.35848E-02 3.37231E-02 3.51412E-01 7.01307E-01 2.20157E-02 1.20957E-03 0.00000E+00 4.24597E-01
0.00000E+00 1.67999E-03 1.49320E-02 2.23231E-02 3.16239E-02 3.35812E-01 6.77344E-01 2.17703E-02 1.67999E-03 0.00000E+00 3.90111E-01
0.00000E+00 2.03280E-03 1.47121E-02 2.12099E-02 2.98052E-02 3.21953E-01 6.55604E-01 2.14696E-02 2.03280E-03 0.00000E+00 3.60064E-01
0.00000E+00 2.30025E-03 1.44940E-02 2.02182E-02 2.82103E-02 3.09521E-01 6.35747E-01 2.11366E-02 2.30025E-03 0.00000E+00 3.33803E-01
0.00000E+00 2.50435E-03 1.42804E-02 1.93274E-02 2.67972E-02 2.98281E-01 6.17501E-01 2.07860E-02 2.50435E-03 0.00000E+00 3.10748E-01
1.18421E-04 2.66091E-03 1.40752E-02 1.85273E-02 2.55425E-02 2.88105E-01 6.00743E-01 2.04305E-02 2.66091E-03 1.18421E-04 2.90026E-01
3.84848E-04 2.78098E-03 1.38781E-02 1.78026E-02 2.44180E-02 2.78822E-01 5.85256E-01 2.00753E-02 2.78098E-03 3.84848E-04 2.71097E-01
6.06775E-04 2.87196E-03 1.36854E-02 1.71340E-02 2.33912E-02 2.70221E-01 5.70736E-01 1.97190E-02 2.87196E-03 6.06775E-04 2.54243E-01
7.92628E-04 2.93996E-03 1.34981E-02 1.65151E-02 2.24495E-02 2.62223E-01 5.57086E-01 1.93650E-02 2.93996E-03 7.92628E-04 2.39167E-01
9.48966E-04 2.98965E-03 1.33164E-02 1.59405E-02 2.15824E-02 2.54760E-01 5.44222E-01 1.90159E-02 2.98965E-03 9.48966E-04 2.25623E-01
1.08095E-03 3.02468E-03 1.31405E-02 1.54056E-02 2.07813E-02 2.47777E-01 5.32072E-01 1.86731E-02 3.02468E-03 1.08095E-03 2.13404E-01
1.19269E-03 3.04788E-03 1.29705E-02 1.49062E-02 2.00386E-02 2.41224E-01 5.20571E-01 1.83378E-02 3.04788E-03 1.19269E-03 2.02338E-01
1.28750E-03 3.06152E-03 1.28063E-02 1.44389E-02 1.93481E-02 2.35061E-01 5.09663E-01 1.80107E-02 3.06152E-03 1.28750E-03 1.92280E-01
1.36804E-03 3.06738E-03 1.26476E-02 1.40006E-02 1.87043E-02 2.29250E-01 4.99299E-01 1.76922E-02 3.06738E-03 1.36804E-03 1.83105E-01
1.43651E-03 3.06691E-03 1.24945E-02 1.35887E-02 1.81025E-02 2.23760E-01 4.89436E-01 1.73825E-02 3.06691E-03 1.43651E-03 1.74709E-01
1.49471E-03 3.06128E-03 1.23465E-02 1.32009E-02 1.75386E-02 2.18563E-01 4.80034E-01 1.70817E-02 3.06128E-03 1.49471E-03 1.67002E-01
1.54414E-03 3.05143E-03 1.22036E-02 1.28349E-02 1.70092E-02 2.13635E-01 4.71059E-01 1.67896E-02 3.05143E-03 1.54414E-03 1.59906E-01
1.58603E-03 3.03814E-03 1.20654E-02 1.24891E-02 1.65110E-02 2.08953E-01 4.62479E-01 1.65063E-02 3.03814E-03 1.58603E-03 1.53356E-01
1.62143E-03 3.02204E-03 1.19319E-02 1.21617E-02 1.60414E-02 2.04498E-01 4.54266E-01 1.62314E-02 3.02204E-03 1.62143E-03 1.47293E-01
1.65123E-03 3.00367E-03 1.18027E-02 1.18513E-02 1.55979E-02 2.00253E-01 4.46395E-01 1.59649E-02 3.00367E-03 1.65123E-03 1.41668E-01
1.67617E-03 2.98345E-03 1.16776E-02 1.15566E-02 1.51784E-02 1.96203E-01 4.38844E-01 1.57064E-02 2.98345E-03 1.67617E-03 1.36436E-01
1.69688E-03 2.96176E-03 1.15565E-02 1.12764E-02 1.47809E-02 1.92333E-01 4.31591E-01 1.54556E-02 2.96176E-03 1.69688E-03 1.31560E-01
1.71391E-03 2.93888E-03 1.14392E-02 1.10097E-02 1.44038E-02 1.88630E-01 4.24617E-01 1.52124E-02 2.93888E-03 1.71391E-03 1.27005E-01
1.72772E-03 2.91508E-03 1.13254E-02 1.07554E-02 1.40454E-02 1.85084E-01 4.17906E-01 1.49765E-02 2.91508E-03 1.72772E-03 1.22743E-01
1.73871E-03 2.89056E-03 1.12151E-02 1.05128E-02 1.37044E-02 1.81684E-01 4.11440E-01 1.47476E-02 2.89056E-03 1.73871E-03 1.18747E-01
1.74723E-03 2.86550E-03 1.11079E-02 1.02810E-02 1.33796E-02 1.78421E-01 4.05207E-01 1.45254E-02 2.86550E-03 1.74723E-03 1.14994E-01
1.75359E-03 2.84005E-03 1.10039E-02 1.00593E-02 1.30698E-02 1.75286E-01 3.99192E-01 1.43097E-02 2.84005E-03 1.75359E-03 1.11463E-01
1.75803E-03 2.81433E-03 1.09029E-02 9.84704E-03 1.27739E-02 1.72271E-01 3.93383E-01 1.41003E-02 2.81433E-03 1.75803E-03 1.08135E-01
1.76079E-03 2.78845E-03 1.08046E-02 9.64364E-03 1.24911E-02 1.69368E-01 3.87769E-01 1.38968E-02 2.78845E-03 1.76079E-03 1.04994E-01
1.76206E-03 2.76250E-03 1.07090E-02 9.44855E-03 1.22205E-02 1.66573E-01 3.82339E-01 1.36991E-02 2.76250E-03 1.76206E-03 1.02025E-01
1.76203E-03 2.73655E-03 1.06160E-02 9.26125E-03 1.19613E-02 1.63877E-01 3.77084E-01 1.35070E-02 2.73655E-03 1.76203E-03 9.92153E-02
1.76084E-03 2.71066E-03 1.05254E-02 9.08129E-03 1.17128E-02 1.61276E-01 3.71995E-01 1.33201E-02 2.71066E-03 1.76084E-03 9.65519E-02
1.75864E-03 2.68489E-03 1.04371E-02 8.90824E-03 1.14743E-02 1.58764E-01 3.67063E-01 1.31384E-02 2.68489E-03 1.75864E-03 9.40244E-02
1.75553E-03 2.65928E-03 1.03511E-02 8.74169E-03 1.12453E-02 1.56337E-01 3.62281E-01 1.29616E-02 2.65928E-03 1.75553E-03 9.16228E-02
1.75163E-03 2.63386E-03 1.02673E-02 8.58129E-03 1.10251E-02 1.53990E-01 3.57640E-01 1.27896E-02 2.63386E-03 1.75163E-03 8.93382E-02
1.74702E-03 2.60867E-03 1.01854E-02 8.42670E-03 1.08134E-02 1.51719E-01 3.53136E-01 1.26221E-02 2.60867E-03 1.74702E-03 8.71625E-02
1.74180E-03 2.58373E-03 1.01056E-02 8.27761E-03 1.06095E-02 1.49521E-01 3.48761E-01 1.24590E-02 2.58373E-03 1.74180E-03 8.50882E-02
1.73603E-03 2.55906E-03 1.00276E-02 8.13372E-03 1.04131E-02 1.47391E-01 3.44509E-01 1.23000E-02 2.55906E-03 1.73603E-03 8.31086E-02
1.72978E-03 2.53468E-03 9.95145E-03 7.99476E-03 1.02238E-02 1.45326E-01 3.40374E-01 1.21452E-02 2.53468E-03 1.72978E-03 8.12174E-02
1.72310E-03 2.51060E-03 9.87703E-03 7.86049E-03 1.00411E-02 1.43323E-01 3.36353E-01 1.19942E-02 2.51060E-03 1.72310E-03 7.94091E-02
1.71606E-03 2.48683E-03 9.80427E-03 7.73066E-03 9.86477E-03 1.41380E-01 3.32439E-01 1.18470E-02 2.48683E-03 1.71606E-03 7.76783E-02
1.70869E-03 2.46338E-03 9.73312E-03 7.60506E-03 9.69445E-03 1.39493E-01 3.28628E-01 1.17035E-02 2.46338E-03 1.70869E-03 7.60202E-02
1.70104E-03 2.44025E-03 9.66351E-03 7.48348E-03 9.52983E-03 1.37660E-01 3.24916E-01 1.15634E-02 2.44025E-03 1.70104E-03 7.44306E-02
1.69315E-03 2.41745E-03 9.59539E-03 7.36573E-03 9.37064E-03 1.35879E-01 3.21298E-01 1.14267E-02 2.41745E-03 1.69315E-03 7.29053E-02
1.68504E-03 2.39499E-03 9.52869E-03 7.25163E-03 9.21659E-03 1.34147E-01 3.17771E-01 1.12933E-02 2.39499E-03 1.68504E-03 7.14405E-02
1.67675E-03 2.37285E-03 9.46338E-03 7.14101E-03 9.06746E-03 1.32462E-01 3.14332E-01 1.11629E-02 2.37285E-03 1.67675E-03 7.00327E-02
1.66831E-03 2.35105E-03 9.39940E-03 7.03372E-03 8.92300E-03 1.30822E-01 3.10976E-01 1.10357E-02 2.35105E-03 1.66831E-03 6.86789E-02
0.00000E+00 0.00000E+00 8.52695E-03 1.42839E-02 2.03472E-02 3.49309E-01 7.50579E-01 2.38354E-02 0.00000E+00 0.00000E+00 3.67960E-01
0.00000E+00 0.00000E+00 8.56931E-03 1.28363E-02 1.80498E-02 3.21380E-01 7.02876E-01 2.27016E-02 0.00000E+00 0.00000E+00 3.16748E-01
0.00000E+00 2.16463E-04 8.61962E-03 1.17357E-02 1.63206E-02 2.99059E-01 6.63641E-01 2.16750E-02 2.16463E-04 0.00000E+00 2.76197E-01
0.00000E+00 4.56352E-04 8.65860E-03 1.08422E-02 1.49343E-02 2.80376E-01 6.30031E-01 2.07289E-02 4.56352E-04 0.00000E+00 2.43645E-01
0.00000E+00 6.32053E-04 8.68261E-03 1.00895E-02 1.37819E-02 2.64319E-01 6.00578E-01 1.98517E-02 6.32053E-04 0.00000E+00 2.17288E-01
0.00000E+00 7.62354E-04 8.69403E-03 9.44438E-03 1.28058E-02 2.50324E-01 5.74467E-01 1.90404E-02 7.62354E-04 0.00000E+00 1.95625E-01
0.00000E+00 8.59768E-04 8.69505E-03 8.88384E-03 1.19665E-02 2.37984E-01 5.51093E-01 1.82902E-02 8.59768E-04 0.00000E+00 1.77579E-01
0.00000E+00 9.32885E-04 8.68757E-03 8.39124E-03 1.12361E-02 2.26997E-01 5.30001E-01 1.75957E-02 9.32885E-04 0.00000E+00 1.62362E-01
4.59769E-05 9.87653E-04 8.67343E-03 7.95678E-03 1.05973E-02 2.17189E-01 5.10938E-01 1.69555E-02 9.87653E-04 4.59769E-05 1.49222E-01
1.48873E-04 1.02836E-03 8.65362E-03 7.56966E-03 1.00327E-02 2.08356E-01 4.93579E-01 1.63629E-02 1.02836E-03 1.48873E-04 1.37658E-01
2.33908E-04 1.05828E-03 8.62867E-03 7.21834E-03 9.52412E-03 2.00269E-01 4.77523E-01 1.58072E-02 1.05828E-03 2.33908E-04 1.27609E-01
3.04543E-04 1.07975E-03 8.59952E-03 6.89799E-03 9.06360E-03 1.92832E-01 4.62617E-01 1.52855E-02 1.07975E-03 3.04543E-04 1.18810E-01
3.63459E-04 1.09457E-03 8.56694E-03 6.60463E-03 8.64454E-03 1.85966E-01 4.48733E-01 1.47952E-02 1.09457E-03 3.63459E-04 1.11056E-01
4.12759E-04 1.10409E-03 8.53156E-03 6.33493E-03 8.26155E-03 1.79604E-01 4.35761E-01 1.43337E-02 1.10409E-03 4.12759E-04 1.04179E-01
4.54110E-04 1.10940E-03 8.49389E-03 6.08610E-03 7.91013E-03 1.73690E-01 4.23607E-01 1.38986E-02 1.10940E-03 4.54110E-04 9.80464E-02
4.88844E-04 1.11133E-03 8.45435E-03 5.85579E-03 7.58650E-03 1.68176E-01 4.12192E-01 1.34880E-02 1.11133E-03 4.88844E-04 9.25485E-02
5.18038E-04 1.11056E-03 8.41331E-03 5.64199E-03 7.28749E-03 1.63021E-01 4.01444E-01 1.30998E-02 1.11056E-03 5.18038E-04 8.75959E-02
5.42567E-04 1.10761E-03 8.37105E-03 5.44295E-03 7.01037E-03 1.58189E-01 3.91303E-01 1.27324E-02 1.10761E-03 5.42567E-04 8.31147E-02
5.63151E-04 1.10292E-03 8.32782E-03 5.25720E-03 6.75283E-03 1.53649E-01 3.81715E-01 1.23842E-02 1.10292E-03 5.63151E-04 7.90432E-02
5.80379E-04 1.09682E-03 8.28383E-03 5.08343E-03 6.51286E-03 1.49375E-01 3.72634E-01 1.20537E-02 1.09682E-03 5.80379E-04 7.53297E-02
5.94746E-04 1.08960E-03 8.23926E-03 4.92052E-03 6.28872E-03 1.45343E-01 3.64018E-01 1.17397E-02 1.08960E-03 5.94746E-04 7.19306E-02
6.06661E-04 1.08148E-03 8.19427E-03 4.76748E-03 6.07890E-03 1.41532E-01 3.55830E-01 1.14410E-02 1.08148E-03 6.06661E-04 6.88091E-02
6.16469E-04 1.07266E-03 8.14896E-03 4.62342E-03 5.88206E-03 1.37924E-01 3.48036E-01 1.11565E-02 1.07266E-03 6.16469E-04 6.59334E-02
6.24462E-04 1.06328E-03 8.10347E-03 4.48758E-03 5.69704E-03 1.34502E-01 3.40607E-01 1.08852E-02 1.06328E-03 6.24462E-04 6.32765E-02
6.30885E-04 1.05347E-03 8.05787E-03 4.35928E-03 5.52282E-03 1.31252E-01 3.33517E-01 1.06263E-02 1.05347E-03 6.30885E-04 6.08152E-02
6.35949E-04 1.04334E-03 8.01225E-03 4.23790E-03 5.35847E-03 1.28161E-01 3.26741E-01 1.03789E-02 1.04334E-03 6.35949E-04 5.85291E-02
6.39833E-04 1.03298E-03 7.96667E-03 4.12289E-03 5.20318E-03 1.25216E-01 3.20258E-01 1.01423E-02 1.03298E-03 6.39833E-04 5.64007E-02
6.42690E-04 1.02244E-03 7.92120E-03 4.01377E-03 5.05624E-03 1.22408E-01 3.14048E-01 9.91586E-03 1.02244E-03 6.42690E-04 5.44148E-02
6.44655E-04 1.01180E-03 7.87589E-03 3.91009E-03 4.91698E-03 1.19727E-01 3.08093E-01 9.69885E-03 1.01180E-03 6.44655E-04 5.25577E-02
6.45840E-04 1.00110E-03 7.83078E-03 3.81147E-03 4.78482E-03 1.17163E-01 3.02378E-01 9.49073E-03 1.00110E-03 6.45840E-04 5.08176E-02
6.46344E-04 9.90383E-04 7.78590E-03 3.71753E-03 4.65925E-03 1.14710E-01 2.96886E-01 9.29098E-03 9.90383E-04 6.46344E-04 4.91842E-02
6.46255E-04 9.79683E-04 7.74128E-03 3.62795E-03 4.53977E-03 1.12360E-01 2.91606E-01 9.09911E-03 9.79683E-04 6.46255E-04 4.76480E-02
6.45646E-04 9.69027E-04 7.69696E-03 3.54244E-03 4.42597E-03 1.10106E-01 2.86523E-01 8.91466E-03 9.69027E-04 6.45646E-04 4.62010E-02
6.44583E-04 9.58439E-04 7.65296E-03 3.46072E-03 4.31745E-03 1.07943E-01 2.81627E-01 8.73720E-03 9.58439E-04 6.44583E-04 4.48356E-02
6.43124E-04 9.47938E-04 7.60928E-03 3.38255E-03 4.21385E-03 1.05865E-01 2.76906E-01 8.56636E-03 9.47938E-04 6.43124E-04 4.35454E-02
6.41318E-04 9.37539E-04 7.56596E-03 3.30771E-03 4.11485E-03 1.03866E-01 2.72352E-01 8.40178E-03 9.37539E-04 6.41318E-04 4.23244E-02
6.39209E-04 9.27255E-04 7.52301E-03 3.23599E-03 4.02016E-03 1.01943E-01 2.67955E-01 8.24311E-03 9.27255E-04 6.39209E-04 4.11673E-02
6.36837E-04 9.17095E-04 7.48043E-03 3.16719E-03 3.92950E-03 1.00091E-01 2.63706E-01 8.09004E-03 9.17095E-04 6.36837E-04 4.00694E-02
6.34235E-04 9.07069E-04 7.43823E-03 3.10115E-03 3.84262E-03 9.83061E-02 2.59599E-01 7.94229E-03 9.07069E-04 6.34235E-04 3.90263E-02
6.31434E-04 8.97182E-04 7.39643E-03 3.03770E-03 3.75929E-03 9.65843E-02 2.55625E-01 7.79959E-03 8.97182E-04 6.31434E-04 3.80340E-02
6.28460E-04 8.87438E-04 7.35502E-03 2.97669E-03 3.67931E-03 9.49225E-02 2.51778E-01 7.66168E-03 8.87438E-04 6.28460E-04 3.70891E-02
6.25337E-04 8.77843E-04 7.31401E-03 2.91799E-03 3.60247E-03 9.33176E-02 2.48052E-01 7.52833E-03 8.77843E-04 6.25337E-04 3.61883E-02
6.22085E-04 8.68398E-04 7.27341E-03 2.86146E-03 3.52860E-03 9.17664E-02 2.44441E-01 7.39931E-03 8.68398E-04 6.22085E-04 3.53286E-02
6.18724E-04 8.59104E-04 7.23321E-03 2.80700E-03 3.45753E-03 9.02664E-02 2.40939E-01 7.27443E-03 8.59104E-04 6.18724E-04 3.45074E-02
6.15270E-04 8.49964E-04 7.19342E-03 2.75448E-03 3.38911E-03 8.88150E-02 2.37541E-01 7.15348E-03 8.49964E-04 6.15270E-04 3.37221E-02
6.11738E-04 8.40976E-04 7.15404E-03 2.70382E-03 3.32320E-03 8.74099E-02 2.34243E-01 7.03628E-03 8.40976E-04 6.11738E-04 3.29705E-02
6.08140E-04 8.32141E-04 7.11506E-03 2.65491E-03 3.25965E-03 8.60486E-02 2.31040E-01 6.92267E-03 8.32141E-04 6.08140E-04 3.22505E-02
6.04488E-04 8.23458E-04 7.07649E-03 2.60766E-03 3.19836E-03 8.47294E-02 2.27928E-01 6.81248E-03 8.23458E-04 6.04488E-04 3.15602E-02
6.00792E-04 8.14926E-04 7.03833E-03 2.56200E-03 3.13919E-03 8.34500E-02 2.24903E-01 6.70556E-03 8.14926E-04 6.00792E-04 3.08979E-02
5.97062E-04 8.06543E-04 7.00057E-03 2.51784E-03 3.08205E-03 8.22088E-02 2.21960E-01 6.60177E-03 8.06543E-04 5.97062E-04 3.02618E-02
0.00000E+00 0.00000E+00 5.02080E-03 5.15272E-03 6.75071E-03 2.53433E-01 6.35204E-01 2.16245E-02 0.00000E+00 0.00000E+00 1.71408E-01
0.00000E+00 0.00000E+00 5.71247E-03 4.45151E-03 5.78278E-03 2.27390E-01 5.80681E-01 1.91095E-02 0.00000E+00 0.00000E+00 1.39685E-01
0.00000E+00 4.81404E-05 6.23953E-03 3.94888E-03 5.08880E-03 2.07189E-01 5.37319E-01 1.71855E-02 4.81404E-05 0.00000E+00 1.17228E-01
0.00000E+00 1.04946E-04 6.64765E-03 3.55992E-03 4.55373E-03 1.90705E-01 5.01203E-01 1.56318E-02 1.04946E-04 0.00000E+00 1.00538E-01
0.00000E+00 1.48835E-04 6.96620E-03 3.24511E-03 4.12306E-03 1.76850E-01 4.70310E-01 1.43370E-02 1.48835E-04 0.00000E+00 8.77510E-02
0.00000E+00 1.82678E-04 7.21494E-03 2.98412E-03 3.76812E-03 1.65012E-01 4.43500E-01 1.32395E-02 1.82678E-04 0.00000E+00 7.76947E-02
0.00000E+00 2.08773E-04 7.40878E-03 2.76368E-03 3.47008E-03 1.54758E-01 4.19957E-01 1.22964E-02 2.08773E-04 0.00000E+00 6.96088E-02
0.00000E+00 2.28882E-04 7.55902E-03 2.57464E-03 3.21596E-03 1.45777E-01 3.99077E-01 1.14764E-02 2.28882E-04 0.00000E+00 6.29837E-02
1.28067E-05 2.44131E-04 7.67358E-03 2.41127E-03 2.99760E-03 1.37878E-01 3.80502E-01 1.07603E-02 2.44131E-04 1.28067E-05 5.74149E-02
4.15797E-05 2.55525E-04 7.75950E-03 2.26827E-03 2.80753E-03 1.30863E-01 3.63832E-01 1.01286E-02 2.55525E-04 4.15797E-05 5.26303E-02
6.54629E-05 2.64164E-04 7.82307E-03 2.14081E-03 2.63897E-03 1.24522E-01 3.48620E-01 9.56142E-03 2.64164E-04 6.54629E-05 4.85344E-02
8.53601E-05 2.70595E-04 7.86802E-03 2.02645E-03 2.48845E-03 1.18761E-01 3.34674E-01 9.04954E-03 2.70595E-04 8.53601E-05 4.49930E-02
1.01984E-04 2.75248E-04 7.89743E-03 1.92326E-03 2.35325E-03 1.13502E-01 3.21837E-01 8.58529E-03 2.75248E-04 1.01984E-04 4.19037E-02
1.15903E-04 2.78462E-04 7.91379E-03 1.82966E-03 2.23113E-03 1.08682E-01 3.09976E-01 8.16241E-03 2.78462E-04 1.15903E-04 3.91873E-02
1.27570E-04 2.80510E-04 7.91920E-03 1.74436E-03 2.12031E-03 1.04246E-01 2.98981E-01 7.77568E-03 2.80510E-04 1.27570E-04 3.67814E-02
1.37355E-04 2.81609E-04 7.91535E-03 1.66630E-03 2.01930E-03 1.00151E-01 2.88755E-01 7.42072E-03 2.81609E-04 1.37355E-04 3.46368E-02
1.45557E-04 2.81934E-04 7.90370E-03 1.59460E-03 1.92686E-03 9.63567E-02 2.79219E-01 7.09384E-03 2.81934E-04 1.45557E-04 3.27138E-02
1.52420E-04 2.81628E-04 7.88544E-03 1.52851E-03 1.84195E-03 9.28318E-02 2.70303E-01 6.79190E-03 2.81628E-04 1.52420E-04 3.09804E-02
1.58150E-04 2.80806E-04 7.86160E-03 1.46739E-03 1.76370E-03 8.95482E-02 2.61947E-01 6.51219E-03 2.80806E-04 1.58150E-04 2.94101E-02
1.62913E-04 2.79563E-04 7.83302E-03 1.41071E-03 1.69137E-03 8.64815E-02 2.54097E-01 6.25240E-03 2.79563E-04 1.62913E-04 2.79815E-02
1.66850E-04 2.77978E-04 7.80044E-03 1.35801E-03 1.62432E-03 8.36108E-02 2.46708E-01 6.01052E-03 2.77978E-04 1.66850E-04 2.66763E-02
1.70079E-04 2.76114E-04 7.76449E-03 1.30887E-03 1.56199E-03 8.09178E-02 2.39739E-01 5.78480E-03 2.76114E-04 1.70079E-04 2.54795E-02
1.72700E-04 2.74025E-04 7.72569E-03 1.26295E-03 1.50392E-03 7.83864E-02 2.33155E-01 5.57371E-03 2.74025E-04 1.72700E-04 2.43783E-02
1.74797E-04 2.71757E-04 7.68450E-03 1.21995E-03 1.44969E-03 7.60023E-02 2.26923E-01 5.37591E-03 2.71757E-04 1.74797E-04 2.33619E-02
1.76441E-04 2.69344E-04 7.64131E-03 1.17960E-03 1.39893E-03 7.37530E-02 2.21016E-01 5.19021E-03 2.69344E-04 1.76441E-04 2.24209E-02
1.77693E-04 2.66820E-04 7.59645E-03 1.14166E-03 1.35134E-03 7.16273E-02 2.15407E-01 5.01557E-03 2.66820E-04 1.77693E-04 2.15475E-02
1.78607E-04 2.64208E-04 7.55023E-03 1.10593E-03 1.30662E-03 6.96154E-02 2.10076E-01 4.85105E-03 2.64208E-04 1.78607E-04 2.07348E-02
1.79226E-04 2.61532E-04 7.50288E-03 1.07222E-03 1.26453E-03 6.77081E-02 2.05000E-01 4.69581E-03 2.61532E-04 1.79226E-04 1.99766E-02
1.79590E-04 2.58810E-04 7.45464E-03 1.04037E-03 1.22485E-03 6.58977E-02 2.00162E-01 4.54913E-03 2.58810E-04 1.79590E-04 1.92679E-02
1.79733E-04 2.56056E-04 7.40569E-03 1.01023E-03 1.18739E-03 6.41769E-02 1.95545E-01 4.41033E-03 2.56056E-04 1.79733E-04 1.86041E-02
1.79682E-04 2.53284E-04 7.35619E-03 9.81668E-04 1.15196E-03 6.25392E-02 1.91134E-01 4.27881E-03 2.53284E-04 1.79682E-04 1.79811E-02
1.79465E-04 2.50504E-04 7.30629E-03 9.54565E-04 1.11841E-03 6.09787E-02 1.86915E-01 4.15403E-03 2.50504E-04 1.79465E-04 1.73953E-02
1.79102E-04 2.47726E-04 7.25612E-03 9.28814E-04 1.08660E-03 5.94901E-02 1.82876E-01 4.03551E-03 2.47726E-04 1.79102E-04 1.68437E-02
1.78613E-04 2.44957E-04 7.20577E-03 9.04318E-04 1.05640E-03 5.80686E-02 1.79005E-01 3.92279E-03 2.44957E-04 1.78613E-04 1.63234E-02
1.78015E-04 2.42203E-04 7.15535E-03 8.80990E-04 1.02769E-03 5.67097E-02 1.75292E-01 3.81548E-03 2.42203E-04 1.78015E-04 1.58318E-02
1.77322E-04 2.39470E-04 7.10493E-03 8.58751E-04 1.00037E-03 5.54094E-02 1.71727E-01 3.71321E-03 2.39470E-04 1.77322E-04 1.53668E-02
1.76547E-04 2.36763E-04 7.05460E-03 8.37526E-04 9.74340E-04 5.41640E-02 1.68302E-01 3.61564E-03 2.36763E-04 1.76547E-04 1.49263E-02
1.75703E-04 2.34084E-04 7.00441E-03 8.17251E-04 9.49518E-04 5.29701E-02 1.65008E-01 3.52247E-03 2.34084E-04 1.75703E-04 1.45085E-02
1.74798E-04 2.31438E-04 6.95441E-03 7.97863E-04 9.25823E-04 5.18246E-02 1.61837E-01 3.43342E-03 2.31438E-04 1.74798E-04 1.41117E-02
1.73841E-04 2.28825E-04 6.90465E-03 7.79308E-04 9.03181E-04 5.07247E-02 1.58784E-01 3.34823E-03 2.28825E-04 1.73841E-04 1.37345E-02
1.72841E-04 2.26249E-04 6.85518E-03 7.61535E-04 8.81527E-04 4.96676E-02 1.55840E-01 3.26667E-03 2.26249E-04 1.72841E-04 1.33755E-02
1.71804E-04 2.23710E-04 6.80602E-03 7.44496E-04 8.60799E-04 4.86509E-02 1.53002E-01 3.18851E-03 2.23710E-04 1.71804E-04 1.30334E-02
1.70737E-04 2.21211E-04 6.75721E-03 7.28149E-04 8.40940E-04 4.76725E-02 1.50262E-01 3.11355E-03 2.21211E-04 1.70737E-04 1.27072E-02
1.69644E-04 2.18751E-04 6.70878E-03 7.12453E-04 8.21900E-04 4.67301E-02 1.47616E-01 3.04162E-03 2.18751E-04 1.69644E-04 1.23957E-02
1.68530E-04 2.16332E-04 6.66074E-03 6.97370E-04 8.03630E-04 4.58219E-02 1.45059E-01 2.97253E-03 2.16332E-04 1.68530E-04 1.20981E-02
1.67400E-04 2.13954E-04 6.61311E-03 6.82868E-04 7.86087E-04 4.49459E-02 1.42586E-01 2.90614E-03 2.13954E-04 1.67400E-04 1.18135E-02
1.66257E-04 2.11616E-04 6.56592E-03 6.68914E-04 7.69228E-04 4.41007E-02 1.40194E-01 2.84228E-03 2.11616E-04 1.66257E-04 1.15411E-02
1.65105E-04 2.09320E-04 6.51916E-03 6.55479E-04 7.53017E-04 4.32845E-02 1.37878E-01 2.78083E-03 2.09320E-04 1.65105E-04 1.12802E-02
1.63946E-04 2.07065E-04 6.47286E-03 6.42534E-04 7.37419E-04 4.24960E-02 1.35636E-01 2.72165E-03 2.07065E-04 1.63946E-04 1.10300E-02
1.62782E-04 2.04851E-04 6.42702E-03 6.30056E-04 7.22399E-04 4.17337E-02 1.33462E-01 2.66463E-03 2.04851E-04 1.62782E-04 1.07900E-02
0.00000E+00 0.00000E+00 1.00302E-02 1.08284E-03 1.23713E-03 1.40442E-01 4.41039E-01 7.79200E-03 0.00000E+00 0.00000E+00 4.00552E-02
0.00000E+00 0.00000E+00 1.07844E-02 8.90535E-04 1.01243E-03 1.22132E-01 3.91323E-01 6.44214E-03 0.00000E+00 0.00000E+00 3.26052E-02
0.00000E+00 3.82961E-06 1.12000E-02 7.61179E-04 8.60895E-04 1.08395E-01 3.53128E-01 5.48579E-03 3.82961E-06 0.00000E+00 2.76494E-02
0.00000E+00 1.04819E-05 1.14156E-02 6.66292E-04 7.49753E-04 9.74993E-02 3.22232E-01 4.76210E-03 1.04819E-05 0.00000E+00 2.40706E-02
0.00000E+00 1.69900E-05 1.15033E-02 5.92880E-04 6.63916E-04 8.85683E-02 2.96472E-01 4.19214E-03 1.69900E-05 0.00000E+00 2.13468E-02
0.00000E+00 2.27779E-05 1.15050E-02 5.34283E-04 5.95572E-04 8.11069E-02 2.74625E-01 3.73249E-03 2.27779E-05 0.00000E+00 1.91947E-02
0.00000E+00 2.77148E-05 1.14483E-02 4.86354E-04 5.39837E-04 7.47756E-02 2.55833E-01 3.35459E-03 2.77148E-05 0.00000E+00 1.74439E-02
0.00000E+00 3.18356E-05 1.13514E-02 4.46376E-04 4.93497E-04 6.93331E-02 2.39480E-01 3.03893E-03 3.18356E-05 0.00000E+00 1.59863E-02
2.31808E-06 3.51161E-05 1.12277E-02 4.12579E-04 4.54465E-04 6.46286E-02 2.25184E-01 2.77303E-03 3.51161E-05 2.31808E-06 1.47407E-02
7.61990E-06 3.76724E-05 1.10860E-02 3.83550E-04 4.21068E-04 6.05169E-02 2.12560E-01 2.54607E-03 3.76724E-05 7.61990E-06 1.36530E-02
1.21139E-05 3.97787E-05 1.09313E-02 3.58186E-04 3.91979E-04 5.68557E-02 2.01212E-01 2.34843E-03 3.97787E-05 1.21139E-05 1.27035E-02
1.59168E-05 4.14889E-05 1.07679E-02 3.35827E-04 3.66415E-04 5.35758E-02 1.90954E-01 2.17503E-03 4.14889E-05 1.59168E-05 1.18665E-02
1.91299E-05 4.28556E-05 1.05991E-02 3.15963E-04 3.43774E-04 5.06214E-02 1.81636E-01 2.02186E-03 4.28556E-05 1.91299E-05 1.11225E-02
2.18404E-05 4.39266E-05 1.04272E-02 2.98194E-04 3.23582E-04 4.79472E-02 1.73136E-01 1.88574E-03 4.39266E-05 2.18404E-05 1.04564E-02
2.41221E-05 4.47447E-05 1.02542E-02 2.82202E-04 3.05464E-04 4.55158E-02 1.65349E-01 1.76412E-03 4.47447E-05 2.41221E-05 9.85636E-03
2.60378E-05 4.53472E-05 1.00814E-02 2.67730E-04 2.89117E-04 4.32962E-02 1.58189E-01 1.65491E-03 4.53472E-05 2.60378E-05 9.31298E-03
2.76407E-05 4.57665E-05 9.90971E-03 2.54572E-04 2.74295E-04 4.12624E-02 1.51585E-01 1.55640E-03 4.57665E-05 2.76407E-05 8.81859E-03
2.89758E-05 4.60302E-05 9.73998E-03 2.42554E-04 2.60795E-04 3.93926E-02 1.45474E-01 1.46718E-03 4.60302E-05 2.89758E-05 8.36687E-03
3.00815E-05 4.61624E-05 9.57276E-03 2.31535E-04 2.48449E-04 3.76680E-02 1.39803E-01 1.38605E-03 4.61624E-05 3.00815E-05 7.95264E-03
3.09901E-05 4.61834E-05 9.40845E-03 2.21395E-04 2.37118E-04 3.60729E-02 1.34527E-01 1.31202E-03 4.61834E-05 3.09901E-05 7.57152E-03
3.17296E-05 4.61108E-05 9.24733E-03 2.12034E-04 2.26682E-04 3.45934E-02 1.29606E-01 1.24425E-03 4.61108E-05 3.17296E-05 7.21982E-03
3.23236E-05 4.59597E-05 9.08962E-03 2.03365E-04 2.17042E-04 3.32179E-02 1.25006E-01 1.18203E-03 4.59597E-05 3.23236E-05 6.89440E-03
3.27924E-05 4.57428E-05 8.93544E-03 1.95315E-04 2.08110E-04 3.19359E-02 1.20697E-01 1.12473E-03 4.57428E-05 3.27924E-05 6.59256E-03
3.31534E-05 4.54713E-05 8.78486E-03 1.87821E-04 1.99814E-04 3.07386E-02 1.16651E-01 1.07184E-03 4.54713E-05 3.31534E-05 6.31196E-03
3.34217E-05 4.51546E-05 8.63791E-03 1.80829E-04 1.92089E-04 2.96180E-02 1.12847E-01 1.02289E-03 4.51546E-05 3.34217E-05 6.05059E-03
3.36101E-05 4.48008E-05 8.49460E-03 1.74290E-04 1.84881E-04 2.85672E-02 1.09263E-01 9.77475E-04 4.48008E-05 3.36101E-05 5.80665E-03
3.37299E-05 4.44169E-05 8.35490E-03 1.68164E-04 1.78140E-04 2.75801E-02 1.05882E-01 9.35259E-04 4.44169E-05 3.37299E-05 5.57860E-03
3.37908E-05 4.40090E-05 8.21876E-03 1.62412E-04 1.71823E-04 2.66512E-02 1.02685E-01 8.95933E-04 4.40090E-05 3.37908E-05 5.36506E-03
3.38010E-05 4.35822E-05 8.08613E-03 1.57004E-04 1.65895E-04 2.57756E-02 9.96601E-02 8.59230E-04 4.35822E-05 3.38010E-05 5.16479E-03
3.37681E-05 4.31409E-05 7.95694E-03 1.51910E-04 1.60321E-04 2.49491E-02 9.67927E-02 8.24911E-04 4.31409E-05 3.37681E-05 4.97672E-03
3.36982E-05 4.26890E-05 7.83111E-03 1.47105E-04 1.55071E-04 2.41678E-02 9.40713E-02 7.92767E-04 4.26890E-05 3.36982E-05 4.79987E-03
3.35970E-05 4.22297E-05 7.70855E-03 1.42566E-04 1.50121E-04 2.34282E-02 9.14852E-02 7.62612E-04 4.22297E-05 3.35970E-05 4.63336E-03
3.34692E-05 4.17658E-05 7.58918E-03 1.38273E-04 1.45445E-04 2.27271E-02 8.90247E-02 7.34277E-04 4.17658E-05 3.34692E-05 4.47640E-03
3.33190E-05 4.12999E-05 7.47292E-03 1.34208E-04 1.41024E-04 2.20618E-02 8.66812E-02 7.07616E-04 4.12999E-05 3.33190E-05 4.32829E-03
3.31502E-05 4.08338E-05 7.35967E-03 1.30353E-04 1.36839E-04 2.14295E-02 8.44465E-02 6.82493E-04 4.08338E-05 3.31502E-05 4.18837E-03
3.29659E-05 4.03695E-05 7.24935E-03 1.26694E-04 1.32871E-04 2.08282E-02 8.23134E-02 6.58789E-04 4.03695E-05 3.29659E-05 4.05607E-03
3.27689E-05 3.99083E-05 7.14185E-03 1.23217E-04 1.29106E-04 2.02555E-02 8.02754E-02 6.36395E-04 3.99083E-05 3.27689E-05 3.93085E-03
3.25617E-05 3.94516E-05 7.03711E-03 1.19911E-04 1.25530E-04 1.97095E-02 7.83262E-02 6.15214E-04 3.94516E-05 3.25617E-05 3.81223E-03
3.23464E-05 3.90003E-05 6.93503E-03 1.16763E-04 1.22130E-04 1.91886E-02 7.64604E-02 5.95156E-04 3.90003E-05 3.23464E-05 3.69975E-03
3.21249E-05 3.85555E-05 6.83552E-03 1.13764E-04 1.18895E-04 1.86910E-02 7.46728E-02 5.76141E-04 3.85555E-05 3.21249E-05 3.59301E-03
3.18988E-05 3.81179E-05 6.73851E-03 1.10904E-04 1.15813E-04 1.82154E-02 7.29588E-02 5.58096E-04 3.81179E-05 3.18988E-05 3.49164E-03
3.16696E-05 3.76880E-05 6.64390E-03 1.08174E-04 1.12874E-04 1.77603E-02 7.13139E-02 5.40954E-04 3.76880E-05 3.16696E-05 3.39530E-03
3.14383E-05 3.72663E-05 6.55164E-03 1.05567E-04 1.10071E-04 1.73245E-02 6.97341E-02 5.24654E-04 3.72663E-05 3.14383E-05 3.30365E-03
3.12062E-05 3.68533E-05 6.46163E-03 1.03076E-04 1.07395E-04 1.69068E-02 6.82159E-02 5.09140E-04 3.68533E-05 3.12062E-05 3.21642E-03
3.09742E-05 3.64493E-05 6.37381E-03 1.00693E-04 1.04837E-04 1.65063E-02 6.67556E-02 4.94362E-04 3.64493E-05 3.09742E-05 3.13332E-03
3.07429E-05 3.60545E-05 6.28811E-03 9.84121E-05 1.02392E-04 1.61217E-02 6.53503E-02 4.80272E-04 3.60545E-05 3.07429E-05 3.05411E-03
3.05132E-05 3.56690E-05 6.20445E-03 9.62280E-05 1.00053E-04 1.57524E-02 6.39968E-02 4.66827E-04 3.56690E-05 3.05132E-05 2.97855E-03
3.02857E-05 3.52930E-05 6.12278E-03 9.41352E-05 9.78132E-05 1.53974E-02 6.26924E-02 4.53987E-04 3.52930E-05 3.02857E-05 2.90643E-03
3.00607E-05 3.49265E-05 6.04302E-03 9.21286E-05 9.56677E-05 1.50560E-02 6.14346E-02 4.41716E-04 3.49265E-05 3.00607E-05 2.83755E-03
2.98388E-05 3.45695E-05 5.96511E-03 9.02036E-05 9.36111E-05 1.47274E-02 6.02211E-02 4.29979E-04 3.45695E-05 2.98388E-05 2.77171E-03
0.00000E+00 0.00000E+00 2.40246E-02 8.05386E-05 7.48582E-05 4.53083E-02 2.07312E-01 4.79980E-04 0.00000E+00 0.00000E+00 9.86693E-04
0.00000E+00 0.00000E+00 2.20143E-02 6.22921E-05 5.75419E-05 3.77829E-02 1.76688E-01 3.71615E-04 0.00000E+00 0.00000E+00 1.98941E-03
0.00000E+00 -8.83295E-08 2.03116E-02 5.07853E-05 4.67104E-05 3.23689E-02 1.54131E-01 2.98916E-04 -8.83295E-08 0.00000E+00 2.44397E-03
0.00000E+00 2.39116E-07 1.88375E-02 4.28617E-05 3.93042E-05 2.82269E-02 1.36528E-01 2.46567E-04 2.39116E-07 0.00000E+00 2.62379E-03
0.00000E+00 7.77935E-07 1.75447E-02 3.70701E-05 3.39220E-05 2.49378E-02 1.22307E-01 2.07181E-04 7.77935E-07 0.00000E+00 2.65580E-03
0.00000E+00 1.35948E-06 1.64043E-02 3.26694E-05 2.98519E-05 2.22675E-02 1.10584E-01 1.76748E-04 1.35948E-06 0.00000E+00 2.60928E-03
0.00000E+00 1.91207E-06 1.53922E-02 2.92191E-05 2.66729E-05 2.00600E-02 1.00757E-01 1.52719E-04 1.91207E-06 0.00000E+00 2.52167E-03
0.00000E+00 2.40658E-06 1.44886E-02 2.64422E-05 2.41220E-05 1.82074E-02 9.24066E-02 1.33399E-04 2.40658E-06 0.00000E+00 2.41371E-03
2.60362E-07 2.84022E-06 1.36819E-02 2.41791E-05 2.20487E-05 1.66411E-02 8.52651E-02 1.17722E-04 2.84022E-06 2.60362E-07 2.29664E-03
8.68155E-07 3.22428E-06 1.29570E-02 2.23096E-05 2.03409E-05 1.53003E-02 7.90858E-02 1.04822E-04 3.22428E-06 8.68155E-07 2.17666E-03
1.39057E-06 3.54688E-06 1.22956E-02 2.07075E-05 1.88794E-05 1.41290E-02 7.36349E-02 9.39499E-05 3.54688E-06 1.39057E-06 2.05824E-03
1.83113E-06 3.80734E-06 1.16901E-02 1.93112E-05 1.76062E-05 1.30984E-02 6.87948E-02 8.47005E-05 3.80734E-06 1.83113E-06 1.94357E-03
2.19619E-06 4.00883E-06 1.11342E-02 1.80767E-05 1.64804E-05 1.21858E-02 6.44720E-02 7.67648E-05 4.00883E-06 2.19619E-06 1.83385E-03
2.49324E-06 4.15638E-06 1.06222E-02 1.69719E-05 1.54721E-05 1.13731E-02 6.05907E-02 6.99040E-05 4.15638E-06 2.49324E-06 1.72968E-03
2.73001E-06 4.25581E-06 1.01493E-02 1.59730E-05 1.45595E-05 1.06455E-02 5.70891E-02 6.39311E-05 4.25581E-06 2.73001E-06 1.63128E-03
2.91399E-06 4.31307E-06 9.71141E-03 1.50621E-05 1.37263E-05 9.99105E-03 5.39162E-02 5.86981E-05 4.31307E-06 2.91399E-06 1.53868E-03
3.05217E-06 4.33390E-06 9.30494E-03 1.42257E-05 1.29602E-05 9.39976E-03 5.10297E-02 5.40866E-05 4.33390E-06 3.05217E-06 1.45174E-03
3.15096E-06 4.32371E-06 8.92675E-03 1.34532E-05 1.22517E-05 8.86343E-03 4.83941E-02 5.00013E-05 4.32371E-06 3.15096E-06 1.37026E-03
3.21613E-06 4.28742E-06 8.57411E-03 1.27365E-05 1.15935E-05 8.37516E-03 4.59794E-02 4.63645E-05 4.28742E-06 3.21613E-06 1.29399E-03
3.25287E-06 4.22950E-06 8.24462E-03 1.20692E-05 1.09799E-05 7.92913E-03 4.37602E-02 4.31124E-05 4.22950E-06 3.25287E-06 1.22265E-03
3.26577E-06 4.15394E-06 7.93618E-03 1.14460E-05 1.04063E-05 7.52039E-03 4.17147E-02 4.01925E-05 4.15394E-06 3.26577E-06 1.15598E-03
3.25889E-06 4.06430E-06 7.64690E-03 1.08628E-05 9.86905E-06 7.14473E-03 3.98242E-02 3.75608E-05 4.06430E-06 3.25889E-06 1.09371E-03
3.23581E-06 3.96369E-06 7.37513E-03 1.03161E-05 9.36511E-06 6.79852E-03 3.80725E-02 3.51809E-05 3.96369E-06 3.23581E-06 1.03555E-03
3.19969E-06 3.85487E-06 7.11940E-03 9.80312E-06 8.89201E-06 6.47865E-03 3.64457E-02 3.30217E-05 3.85487E-06 3.19969E-06 9.81275E-04
3.15327E-06 3.74025E-06 6.87838E-03 9.32138E-06 8.44765E-06 6.18240E-03 3.49314E-02 3.10573E-05 3.74025E-06 3.15327E-06 9.30625E-04
3.09896E-06 3.62192E-06 6.65090E-03 8.86886E-06 8.03026E-06 5.90740E-03 3.35190E-02 2.92652E-05 3.62192E-06 3.09896E-06 8.83376E-04
3.03884E-06 3.50168E-06 6.43590E-03 8.44377E-06 7.63828E-06 5.65159E-03 3.21990E-02 2.76265E-05 3.50168E-06 3.03884E-06 8.39314E-04
2.97474E-06 3.38111E-06 6.23241E-03 8.04457E-06 7.27037E-06 5.41316E-03 3.09631E-02 2.61248E-05 3.38111E-06 2.97474E-06 7.98235E-04
2.90822E-06 3.26155E-06 6.03959E-03 7.66986E-06 6.92531E-06 5.19051E-03 2.98039E-02 2.47459E-05 3.26155E-06 2.90822E-06 7.59951E-04
2.84064E-06 3.14415E-06 5.85664E-03 7.31841E-06 6.60203E-06 4.98222E-03 2.87149E-02 2.34774E-05 3.14415E-06 2.84064E-06 7.24282E-04
2.77316E-06 3.02987E-06 5.68288E-03 6.98910E-06 6.29954E-06 4.78704E-03 2.76902E-02 2.23087E-05 3.02987E-06 2.77316E-06 6.91062E-04
2.70677E-06 2.91954E-06 5.51765E-03 6.68089E-06 6.01691E-06 4.60384E-03 2.67245E-02 2.12305E-05 2.91954E-06 2.70677E-06 6.60136E-04
2.64231E-06 2.81384E-06 5.36036E-03 6.39283E-06 5.75330E-06 4.43164E-03 2.58133E-02 2.02343E-05 2.81384E-06 2.64231E-06 6.31356E-04
2.58050E-06 2.71333E-06 5.21050E-03 6.12403E-06 5.50792E-06 4.26954E-03 2.49522E-02 1.93130E-05 2.71333E-06 2.58050E-06 6.04587E-04
2.52193E-06 2.61846E-06 5.06756E-03 5.87365E-06 5.28001E-06 4.11673E-03 2.41375E-02 1.84601E-05 2.61846E-06 2.52193E-06 5.79700E-04
2.46708E-06 2.52961E-06 4.93110E-03 5.64091E-06 5.06886E-06 3.97250E-03 2.33657E-02 1.76698E-05 2.52961E-06 2.46708E-06 5.56574E-04
2.41636E-06 2.44705E-06 4.80072E-03 5.42507E-06 4.87379E-06 3.83618E-03 2.26337E-02 1.69371E-05 2.44705E-06 2.41636E-06 5.35098E-04
2.37010E-06 2.37099E-06 4.67603E-03 5.22540E-06 4.69413E-06 3.70720E-03 2.19387E-02 1.62573E-05 2.37099E-06 2.37010E-06 5.15166E-04
2.32854E-06 2.30158E-06 4.55670E-03 5.04123E-06 4.52928E-06 3.58502E-03 2.12781E-02 1.56264E-05 2.30158E-06 2.32854E-06 4.96677E-04
2.29188E-06 2.23892E-06 4.44239E-03 4.87191E-06 4.37861E-06 3.46914E-03 2.06496E-02 1.50406E-05 2.23892E-06 2.29188E-06 4.79541E-04
2.26025E-06 2.18304E-06 4.33281E-03 4.71682E-06 4.24155E-06 3.35914E-03 2.00510E-02 1.44965E-05 2.18304E-06 2.26025E-06 4.63669E-04
2.23374E-06 2.13396E-06 4.22770E-03 4.57534E-06 4.11753E-06 3.25460E-03 1.94803E-02 1.39913E-05 2.13396E-06 2.23374E-06 4.48979E-04
2.21240E-06 2.09164E-06 4.12679E-03 4.44690E-06 4.00600E-06 3.15516E-03 1.89358E-02 1.35220E-05 2.09164E-06 2.21240E-06 4.35394E-04
2.19624E-06 2.05601E-06 4.02986E-03 4.33094E-06 3.90644E-06 3.06049E-03 1.84158E-02 1.30861E-05 2.05601E-06 2.19624E-06 4.22842E-04
2.18525E-06 2.02699E-06 3.93668E-03 4.22691E-06 3.81834E-06 2.97027E-03 1.79188E-02 1.26815E-05 2.02699E-06 2.18525E-06 4.11256E-04
2.17939E-06 2.00447E-06 3.84705E-03 4.13430E-06 3.74119E-06 2.88421E-03 1.74434E-02 1.23059E-05 2.00447E-06 2.17939E-06 4.00570E-04
2.17858E-06 1.98831E-06 3.76079E-03 4.05259E-06 3.67451E-06 2.80207E-03 1.69883E-02 1.19575E-05 1.98831E-06 2.17858E-06 3.90726E-04
2.18275E-06 1.97837E-06 3.67772E-03 3.98130E-06 3.61784E-06 2.72359E-03 1.65522E-02 1.16344E-05 1.97837E-06 2.18275E-06 3.81665E-04
2.19178E-06 1.97448E-06 3.59767E-03 3.91995E-06 3.57072E-06 2.64856E-03 1.61342E-02 1.13351E-05 1.97448E-06 2.19178E-06 3.73336E-04
2.20555E-06 1.97647E-06 3.52049E-03 3.86809E-06 3.53272E-06 2.57677E-03 1.57332E-02 1.10580E-05 1.97647E-06 2.20555E-06 3.65688E-04
0.00000E+00 0.00000E+00 1.31750E-02 5.42138E-06 5.75101E-06 3.62946E-03 3.59666E-02 -2.16737E-04 0.00000E+00 0.00000E+00 -3.41288E-04
0.00000E+00 0.00000E+00 1.06038E-02 3.59778E-06 3.95691E-06 2.82954E-03 2.87178E-02 -2.51180E-04 0.00000E+00 0.00000E+00 -1.72573E-04
0.00000E+00 1.42300E-07 8.80808E-03 2.56413E-06 2.91075E-06 2.29053E-03 2.37121E-02 -2.58038E-04 1.42300E-07 0.00000E+00 -8.75462E-05
0.00000E+00 5.11845E-07 7.47037E-03 1.96127E-06 2.27386E-06 1.90060E-03 2.00152E-02 -2.51669E-04 5.11845E-07 0.00000E+00 -3.16939E-05
0.00000E+00 9.44735E-07 6.43367E-03 1.59577E-06 1.86311E-06 1.60587E-03 1.71701E-02 -2.38731E-04 9.44735E-07 0.00000E+00 1.08736E-05
0.00000E+00 1.36551E-06 5.61087E-03 1.36226E-06 1.57918E-06 1.37699E-03 1.49251E-02 -2.22737E-04 1.36551E-06 0.00000E+00 4.53900E-05
0.00000E+00 1.73666E-06 4.94493E-03 1.19824E-06 1.36327E-06 1.19529E-03 1.31171E-02 -2.05641E-04 1.73666E-06 0.00000E+00 7.33274E-05
0.00000E+00 2.04064E-06 4.39704E-03 1.06566E-06 1.17957E-06 1.04836E-03 1.16359E-02 -1.88532E-04 2.04064E-06 0.00000E+00 9.51638E-05
1.62613E-07 2.33500E-06 3.94251E-03 1.00824E-06 1.07381E-06 9.28389E-04 1.04116E-02 -1.72030E-04 2.33500E-06 1.62613E-07 1.10868E-04
5.15048E-07 2.62198E-06 3.56027E-03 1.01369E-06 1.03461E-06 8.28969E-04 9.38528E-03 -1.56419E-04 2.62198E-06 5.15048E-07 1.20775E-04
7.79785E-07 2.79798E-06 3.23183E-03 9.62553E-07 9.41842E-07 7.44599E-04 8.50597E-03 -1.41802E-04 2.79798E-06 7.79785E-07 1.26115E-04
9.64453E-07 2.87692E-06 2.94737E-03 8.60551E-07 8.01446E-07 6.72361E-04 7.74645E-03 -1.28237E-04 2.87692E-06 9.64453E-07 1.27512E-04
1.07804E-06 2.87271E-06 2.69926E-03 7.14665E-07 6.20477E-07 6.10016E-04 7.08561E-03 -1.15725E-04 2.87271E-06 1.07804E-06 1.25587E-04
1.12989E-06 2.79854E-06 2.48147E-03 5.32230E-07 4.06250E-07 5.55822E-04 6.50682E-03 -1.04232E-04 2.79854E-06 1.12989E-06 1.20940E-04
1.12910E-06 2.66653E-06 2.28918E-03 3.20413E-07 1.65849E-07 5.08408E-04 5.99686E-03 -9.37089E-05 2.66653E-06 1.12910E-06 1.14126E-04
1.08422E-06 2.48761E-06 2.11852E-03 8.59257E-08 -9.41423E-08 4.66681E-04 5.54511E-03 -8.40924E-05 2.48761E-06 1.08422E-06 1.05648E-04
1.00311E-06 2.27145E-06 1.96631E-03 -1.65122E-07 -3.67763E-07 4.29762E-04 5.14291E-03 -7.53175E-05 2.27145E-06 1.00311E-06 9.59522E-05
8.92816E-07 2.02659E-06 1.82995E-03 -4.27277E-07 -6.49723E-07 3.96937E-04 4.78321E-03 -6.73183E-05 2.02659E-06 8.92816E-07 8.54254E-05
7.59629E-07 1.76041E-06 1.70731E-03 -6.95748E-07 -9.35402E-07 3.67620E-04 4.46015E-03 -6.00308E-05 1.76041E-06 7.59629E-07 7.43992E-05
6.09075E-07 1.47931E-06 1.59657E-03 -9.66382E-07 -1.22082E-06 3.41329E-04 4.16888E-03 -5.33939E-05 1.47931E-06 6.09075E-07 6.31529E-05
4.45975E-07 1.18878E-06 1.49623E-03 -1.23562E-06 -1.50258E-06 3.17660E-04 3.90532E-03 -4.73507E-05 1.18878E-06 4.45975E-07 5.19187E-05
2.74503E-07 8.93490E-07 1.40502E-03 -1.50045E-06 -1.77783E-06 2.96278E-04 3.66602E-03 -4.18480E-05 8.93490E-07 2.74503E-07 4.08865E-05
9.82456E-08 5.97382E-07 1.32186E-03 -1.75834E-06 -2.04421E-06 2.76899E-04 3.44809E-03 -3.68372E-05 5.97382E-07 9.82456E-08 3.02092E-05
-7.97392E-08 3.03778E-07 1.24582E-03 -2.00722E-06 -2.29977E-06 2.59281E-04 3.24903E-03 -3.22734E-05 3.03778E-07 -7.97392E-08 2.00076E-05
-2.56861E-07 1.54393E-08 1.17611E-03 -2.24537E-06 -2.54297E-06 2.43220E-04 3.06670E-03 -2.81159E-05 1.54393E-08 -2.56861E-07 1.03747E-05
-4.30945E-07 -2.65351E-07 1.11203E-03 -2.47145E-06 -2.77256E-06 2.28539E-04 2.89928E-03 -2.43274E-05 -2.65351E-07 -4.30945E-07 1.37980E-06
-6.00182E-07 -5.36732E-07 1.05301E-03 -2.68439E-06 -2.98760E-06 2.15088E-04 2.74517E-03 -2.08743E-05 -5.36732E-07 -6.00182E-07 -6.92763E-06
-7.63080E-07 -7.97204E-07 9.98506E-04 -2.88337E-06 -3.18742E-06 2.02734E-04 2.60300E-03 -1.77258E-05 -7.97204E-07 -7.63080E-07 -1.45150E-05
-9.18428E-07 -1.04558E-06 9.48082E-04 -3.06783E-06 -3.37152E-06 1.91364E-04 2.47155E-03 -1.48542E-05 -1.04558E-06 -9.18428E-07 -2.13637E-05
-1.06526E-06 -1.28095E-06 9.01338E-04 -3.23735E-06 -3.53961E-06 1.80880E-04 2.34976E-03 -1.22343E-05 -1.28095E-06 -1.06526E-06 -2.74668E-05
-1.20281E-06 -1.50262E-06 8.57924E-04 -3.39171E-06 -3.69155E-06 1.71192E-04 2.23673E-03 -9.84323E-06 -1.50262E-06 -1.20281E-06 -3.28265E-05
-1.33051E-06 -1.71011E-06 8.17531E-04 -3.53081E-06 -3.82733E-06 1.62226E-04 2.13161E-03 -7.66038E-06 -1.71011E-06 -1.33051E-06 -3.74532E-05
-1.44793E-06 -1.90310E-06 7.79887E-04 -3.65467E-06 -3.94706E-06 1.53914E-04 2.03369E-03 -5.66702E-06 -1.90310E-06 -1.44793E-06 -4.13629E-05
-1.55479E-06 -2.08141E-06 7.44748E-04 -3.76343E-06 -4.05093E-06 1.46195E-04 1.94232E-03 -3.84619E-06 -2.08141E-06 -1.55479E-06 -4.45770E-05
-1.65092E-06 -2.24499E-06 7.11899E-04 -3.85727E-06 -4.13921E-06 1.39017E-04 1.85694E-03 -2.18252E-06 -2.24499E-06 -1.65092E-06 -4.71203E-05
-1.73625E-06 -2.39389E-06 6.81145E-04 -3.93647E-06 -4.21223E-06 1.32333E-04 1.77703E-03 -6.62065E-07 -2.39389E-06 -1.73625E-06 -4.90206E-05
-1.81077E-06 -2.52824E-06 6.52313E-04 -4.00135E-06 -4.27037E-06 1.26100E-04 1.70213E-03 7.27807E-07 -2.52824E-06 -1.81077E-06 -5.03076E-05
-1.87458E-06 -2.64826E-06 6.25248E-04 -4.05229E-06 -4.31407E-06 1.20281E-04 1.63184E-03 1.99857E-06 -2.64826E-06 -1.87458E-06 -5.10126E-05
-1.92781E-06 -2.75419E-06 5.99810E-04 -4.08969E-06 -4.34378E-06 1.14842E-04 1.56578E-03 3.16063E-06 -2.75419E-06 -1.92781E-06 -5.11679E-05
-1.97064E-06 -2.84636E-06 5.75871E-04 -4.11399E-06 -4.35997E-06 1.09752E-04 1.50362E-03 4.22345E-06 -2.84636E-06 -1.97064E-06 -5.08058E-05
-2.00331E-06 -2.92512E-06 5.53318E-04 -4.12563E-06 -4.36315E-06 1.04984E-04 1.44506E-03 5.19563E-06 -2.92512E-06 -2.00331E-06 -4.99591E-05
-2.02607E-06 -2.99085E-06 5.32047E-04 -4.12510E-06 -4.35383E-06 1.00513E-04 1.38983E-03 6.08498E-06 -2.99085E-06 -2.02607E-06 -4.86603E-05
-2.03920E-06 -3.04396E-06 5.11964E-04 -4.11287E-06 -4.33253E-06 9.63168E-05 1.33769E-03 6.89861E-06 -3.04396E-06 -2.03920E-06 -4.69414E-05
-2.04303E-06 -3.08486E-06 4.92983E-04 -4.08943E-06 -4.29975E-06 9.23742E-05 1.28840E-03 7.64299E-06 -3.08486E-06 -2.04303E-06 -4.48335E-05
-2.03786E-06 -3.11400E-06 4.75026E-04 -4.05527E-06 -4.25604E-06 8.86669E-05 1.24177E-03 8.32403E-06 -3.11400E-06 -2.03786E-06 -4.23675E-05
-2.02404E-06 -3.13183E-06 4.58022E-04 -4.01088E-06 -4.20189E-06 8.51781E-05 1.19761E-03 8.94707E-06 -3.13183E-06 -2.02404E-06 -3.95727E-05
-2.00190E-06 -3.13880E-06 4.41906E-04 -3.95674E-06 -4.13783E-06 8.18924E-05 1.15574E-03 9.51704E-06 -3.13880E-06 -2.00190E-06 -3.64780E-05
-1.97180E-06 -3.13535E-06 4.26618E-04 -3.89333E-06 -4.06437E-06 7.87954E-05 1.11602E-03 1.00384E-05 -3.13535E-06 -1.97180E-06 -3.31109E-05
-1.93409E-06 -3.12195E-06 4.12103E-04 -3.82114E-06 -3.98199E-06 7.58743E-05 1.07830E-03 1.05152E-05 -3.12195E-06 -1.93409E-06 -2.94979E-05
-1.88912E-06 -3.09904E-06 3.98311E-04 -3.74062E-06 -3.89119E-06 7.31172E-05 1.04244E-03 1.09511E-05 -3.09904E-06 -1.88912E-06 -2.56642E-05
0.00000E+00 0.00000E+00 -8.93099E-06 4.90854E-06 6.98193E-06 6.88047E-06 1.19718E-05 -4.40045E-03 0.00000E+00 0.00000E+00 -5.72588E-04
0.00000E+00 0.00000E+00 -4.74315E-06 1.43456E-06 3.41328E-06 3.27820E-06 5.98192E-06 -2.91303E-03 0.00000E+00 0.00000E+00 -7.00025E-04
0.00000E+00 1.81428E-06 -6.62611E-07 2.48029E-07 2.04574E-06 1.89119E-06 3.29034E-06 -1.88383E-03 1.81428E-06 0.00000E+00 -6.59360E-04
0.00000E+00 4.31844E-06 2.81384E-06 -2.99677E-08 1.55026E-06 1.38798E-06 2.05457E-06 -1.14369E-03 4.31844E-06 0.00000E+00 -5.44916E-04
0.00000E+00 6.39667E-06 5.55552E-06 -5.84063E-09 1.34472E-06 1.18379E-06 1.44601E-06 -6.00405E-04 6.39667E-06 0.00000E+00 -4.06903E-04
0.00000E+00 7.96725E-06 7.58519E-06 6.01953E-08 1.18287E-06 1.03020E-06 1.08489E-06 -1.98723E-04 7.96725E-06 0.00000E+00 -2.71272E-04
0.00000E+00 9.04661E-06 8.98498E-06 5.40826E-08 9.58378E-07 8.18964E-07 7.85078E-07 9.94834E-05 9.04661E-06 0.00000E+00 -1.50690E-04
0.00000E+00 9.68839E-06 9.85114E-06 -6.72743E-08 6.32195E-07 5.09470E-07 4.58633E-07 3.21038E-04 9.68839E-06 0.00000E+00 -5.02164E-05
4.12142E-07 1.00386E-05 1.03570E-05 -2.25408E-07 2.86396E-07 1.82374E-07 1.55519E-07 4.84251E-04 1.00386E-05 4.12142E-07 2.82965E-05
1.21932E-06 1.01484E-05 1.05738E-05 -4.26789E-07 -8.48908E-08 -1.69235E-07 -1.50394E-07 6.03794E-04 1.01484E-05 1.21932E-06 8.60684E-05
1.71749E-06 9.93868E-06 1.04371E-05 -7.99637E-07 -6.12902E-07 -6.76965E-07 -5.99821E-07 6.91140E-04 9.93868E-06 1.71749E-06 1.26969E-04
1.96211E-06 9.47776E-06 1.00241E-05 -1.30595E-06 -1.25996E-06 -1.30364E-06 -1.16274E-06 7.53389E-04 9.47776E-06 1.96211E-06 1.53436E-04
2.00238E-06 8.82374E-06 9.39923E-06 -1.91165E-06 -1.99256E-06 -2.01614E-06 -1.81070E-06 7.96009E-04 8.82374E-06 2.00238E-06 1.67919E-04
1.88086E-06 8.02550E-06 8.61625E-06 -2.58719E-06 -2.78190E-06 -2.78595E-06 -2.51813E-06 8.23249E-04 8.02550E-06 1.88086E-06 1.72705E-04
1.63384E-06 7.12363E-06 7.71926E-06 -3.30756E-06 -3.60380E-06 -3.58910E-06 -3.26290E-06 8.38427E-04 7.12363E-06 1.63384E-06 1.69843E-04
1.29187E-06 6.15154E-06 6.74434E-06 -4.05199E-06 -4.43832E-06 -4.40580E-06 -4.02629E-06 8.44151E-04 6.15154E-06 1.29187E-06 1.61111E-04
8.80453E-07 5.13647E-06 5.72077E-06 -4.80349E-06 -5.26932E-06 -5.22000E-06 -4.79280E-06 8.42481E-04 5.13647E-06 8.80453E-07 1.48023E-04
4.20668E-07 4.10047E-06 4.67212E-06 -5.54833E-06 -6.08389E-06 -6.01886E-06 -5.54982E-06 8.35051E-04 4.10047E-06 4.20668E-07 1.31843E-04
-7.01609E-08 3.06125E-06 3.61728E-06 -6.27565E-06 -6.87194E-06 -6.79233E-06 -6.28725E-06 8.23161E-04 3.06125E-06 -7.01609E-08 1.13615E-04
-5.77915E-07 2.03287E-06 2.57119E-06 -6.97696E-06 -7.62574E-06 -7.53268E-06 -6.99720E-06 8.07851E-04 2.03287E-06 -5.77915E-07 9.41852E-05
-1.09118E-06 1.02636E-06 1.54558E-06 -7.64579E-06 -8.33948E-06 -8.23411E-06 -7.67362E-06 7.89952E-04 1.02636E-06 -1.09118E-06 7.42343E-05
-1.60082E-06 5.02729E-08 5.49530E-07 -8.27732E-06 -9.00902E-06 -8.89244E-06 -8.31200E-06 7.70131E-04 5.02729E-08 -1.60082E-06 5.42999E-05
-2.09960E-06 -8.88918E-07 -4.10087E-07 -8.86813E-06 -9.63152E-06 -9.50482E-06 -8.90915E-06 7.48924E-04 -8.88918E-07 -2.09960E-06 3.48003E-05
-2.58185E-06 -1.78642E-06 -1.32817E-06 -9.41592E-06 -1.02053E-05 -1.00695E-05 -9.46293E-06 7.26759E-04 -1.78642E-06 -2.58185E-06 1.60546E-05
-3.04324E-06 -2.63881E-06 -2.20107E-06 -9.91934E-06 -1.07293E-05 -1.05855E-05 -9.97209E-06 7.03983E-04 -2.63881E-06 -3.04324E-06 -1.69970E-06
-3.48051E-06 -3.44383E-06 -3.02633E-06 -1.03777E-05 -1.12037E-05 -1.10527E-05 -1.04361E-05 6.80873E-04 -3.44383E-06 -3.48051E-06 -1.82925E-05
-3.89130E-06 -4.20010E-06 -3.80245E-06 -1.07911E-05 -1.16286E-05 -1.14715E-05 -1.08549E-05 6.57648E-04 -4.20010E-06 -3.89130E-06 -3.36079E-05
-4.27400E-06 -4.90699E-06 -4.52872E-06 -1.11599E-05 -1.20050E-05 -1.18426E-05 -1.12291E-05 6.34486E-04 -4.90699E-06 -4.27400E-06 -4.75742E-05
-4.62759E-06 -5.56447E-06 -5.20502E-06 -1.14850E-05 -1.23340E-05 -1.21672E-05 -1.15596E-05 6.11526E-04 -5.56447E-06 -4.62759E-06 -6.01547E-05
-4.95153E-06 -6.17298E-06 -5.83175E-06 -1.17674E-05 -1.26172E-05 -1.24467E-05 -1.18473E-05 5.88879E-04 -6.17298E-06 -4.95153E-06 -7.13406E-05
-5.24570E-06 -6.73333E-06 -6.40968E-06 -1.20086E-05 -1.28561E-05 -1.26827E-05 -1.20937E-05 5.66628E-04 -6.73333E-06 -5.24570E-06 -8.11450E-05
-5.51027E-06 -7.24659E-06 -6.93988E-06 -1.22099E-05 -1.30526E-05 -1.28769E-05 -1.23003E-05 5.44841E-04 -7.24659E-06 -5.51027E-06 -8.95978E-05
-5.74569E-06 -7.71410E-06 -7.42366E-06 -1.23730E-05 -1.32084E-05 -1.30311E-05 -1.24686E-05 5.23567E-04 -7.71410E-06 -5.74569E-06 -9.67416E-05
-5.95259E-06 -8.13732E-06 -7.86251E-06 -1.24997E-05 -1.33256E-05 -1.31473E-05 -1.26004E-05 5.02842E-04 -8.13732E-06 -5.95259E-06 -1.02629E-04
-6.13176E-06 -8.51785E-06 -8.25801E-06 -1.25915E-05 -1.34060E-05 -1.32273E-05 -1.26974E-05 4.82692E-04 -8.51785E-06 -6.13176E-06 -1.07318E-04
-6.28409E-06 -8.85737E-06 -8.61186E-06 -1.26503E-05 -1.34517E-05 -1.32730E-05 -1.27612E-05 4.63134E-04 -8.85737E-06 -6.28409E-06 -1.10872E-04
-6.41059E-06 -9.15761E-06 -8.92579E-06 -1.26779E-05 -1.34644E-05 -1.32863E-05 -1.27937E-05 4.44176E-04 -9.15761E-06 -6.41059E-06 -1.13358E-04
-6.51230E-06 -9.42031E-06 -9.20158E-06 -1.26759E-05 -1.34463E-05 -1.32692E-05 -1.27966E-05 4.25824E-04 -9.42031E-06 -6.51230E-06 -1.14844E-04
-6.59030E-06 -9.64722E-06 -9.44100E-06 -1.26461E-05 -1.33990E-05 -1.32234E-05 -1.27716E-05 4.08076E-04 -9.64722E-06 -6.59030E-06 -1.15397E-04
-6.64572E-06 -9.84011E-06 -9.64582E-06 -1.25902E-05 -1.33244E-05 -1.31507E-05 -1.27203E-05 3.90928E-04 -9.84011E-06 -6.64572E-06 -1.15085E-04
-6.67966E-06 -1.00007E-05 -9.81777E-06 -1.25096E-05 -1.32243E-05 -1.30527E-05 -1.26443E-05 3.74372E-04 -1.00007E-05 -6.67966E-06 -1.13973E-04
-6.69326E-06 -1.01306E-05 -9.95858E-06 -1.24062E-05 -1.31003E-05 -1.29313E-05 -1.25453E-05 3.58398E-04 -1.01306E-05 -6.69326E-06 -1.12127E-04
-6.68760E-06 -1.02316E-05 -1.00699E-05 -1.22812E-05 -1.29541E-05 -1.27879E-05 -1.24246E-05 3.42996E-04 -1.02316E-05 -6.68760E-06 -1.09609E-04
-6.66380E-06 -1.03052E-05 -1.01534E-05 -1.21362E-05 -1.27872E-05 -1.26242E-05 -1.22838E-05 3.28152E-04 -1.03052E-05 -6.66380E-06 -1.06477E-04
-6.62290E-06 -1.03530E-05 -1.02106E-05 -1.19727E-05 -1.26011E-05 -1.24414E-05 -1.21243E-05 3.13851E-04 -1.03530E-05 -6.62290E-06 -1.02791E-04
-6.56595E-06 -1.03765E-05 -1.02430E-05 -1.17918E-05 -1.23972E-05 -1.22412E-05 -1.19473E-05 3.00079E-04 -1.03765E-05 -6.56595E-06 -9.86033E-05
-6.49395E-06 -1.03772E-05 -1.02521E-05 -1.15950E-05 -1.21769E-05 -1.20247E-05 -1.17542E-05 2.86821E-04 -1.03772E-05 -6.49395E-06 -9.39669E-05
-6.40788E-06 -1.03563E-05 -1.02394E-05 -1.13834E-05 -1.19414E-05 -1.17932E-05 -1.15462E-05 2.74061E-04 -1.03563E-05 -6.40788E-06 -8.89306E-05
-6.30868E-06 -1.03153E-05 -1.02061E-05 -1.11582E-05 -1.16921E-05 -1.15481E-05 -1.13244E-05 2.61783E-04 -1.03153E-05 -6.30868E-06 -8.35405E-05
-6.19724E-06 -1.02554E-05 -1.01535E-05 -1.09204E-05 -1.14299E-05 -1.12903E-05 -1.10899E-05 2.49971E-04 -1.02554E-05 -6.19724E-06 -7.78402E-05
---
