PdfType: replica
Format: lhagrid1
---
1.00000E-07 1.58489E-07 2.51189E-07 3.98107E-07 6.30957E-07 1.00000E-06 1.58489E-06 2.51189E-06 3.98107E-06 6.30957E-06 1.00000E-05 1.58489E-05 2.51189E-05 3.98107E-05 6.30957E-05 1.00000E-04 1.58489E-04 2.51189E-04 3.98107E-04 6.30957E-04 1.00000E-03 1.58489E-03 2.51189E-03 3.98107E-03 6.30957E-03 1.00000E-02 1.25893E-02 1.58489E-02 1.99526E-02 2.51189E-02 3.16228E-02 3.98107E-02 5.01187E-02 6.30957E-02 7.94328E-02 1.00000E-01 1.25900E-01 1.58500E-01 1.99500E-01 2.51200E-01 3.16200E-01 3.98100E-01 5.01200E-01 6.31000E-01 7.94300E-01 1.00000E+00
1.00000E+00 1.20679E+00 1.45635E+00 1.75751E+00 2.12095E+00 2.55955E+00 3.08884E+00 3.72759E+00 4.49843E+00 5.42868E+00 6.55129E+00 7.90604E+00 9.54095E+00 1.15140E+01 1.38950E+01 1.67683E+01 2.02359E+01 2.44205E+01 2.94705E+01 3.55648E+01 4.29193E+01 5.17947E+01 6.25055E+01 7.54312E+01 9.10298E+01 1.09854E+02 1.32571E+02 1.59986E+02 1.93070E+02 2.32995E+02 2.81177E+02 3.39322E+02 4.09492E+02 4.94171E+02 5.96362E+02 7.19686E+02 8.68511E+02 1.04811E+03 1.26486E+03 1.52642E+03 1.84207E+03 2.22300E+03 2.68270E+03 3.23746E+03 3.90694E+03 4.71487E+03 5.68987E+03 6.86649E+03 8.28643E+03 1.00000E+04
-5 -4 -3 -2 -1 1 2 3 4 5 21
0.00000E+00 0.00000E+00 -6.62208E-02 2.72869E+00 2.72714E+00 2.72697E+00 2.72767E+00 -6.61025E-02 0.00000E+00 0.00000E+00 -3.22463E+00
0.00000E+00 0.00000E+00 -2.73717E-02 2.71122E+00 2.70963E+00 2.70952E+00 2.71040E+00 -2.72657E-02 0.00000E+00 0.00000E+00 -8.67712E-01
0.00000E+00 1.05713E-01 1.11593E-01 2.80404E+00 2.80243E+00 2.80235E+00 2.80337E+00 1.11689E-01 1.05713E-01 0.00000E+00 2.71989E+00
0.00000E+00 3.47041E-01 3.52940E-01 3.00585E+00 3.00420E+00 3.00415E+00 3.00530E+00 3.53029E-01 3.47041E-01 0.00000E+00 7.91626E+00
0.00000E+00 6.91735E-01 6.97654E-01 3.31580E+00 3.31414E+00 3.31411E+00 3.31535E+00 6.97736E-01 6.91735E-01 0.00000E+00 1.51853E+01
0.00000E+00 1.13810E+00 1.14403E+00 3.73121E+00 3.72953E+00 3.72952E+00 3.73085E+00 1.14411E+00 1.13810E+00 0.00000E+00 2.48740E+01
0.00000E+00 1.68382E+00 1.68977E+00 4.24905E+00 4.24734E+00 4.24735E+00 4.24875E+00 1.68985E+00 1.68382E+00 0.00000E+00 3.72634E+01
0.00000E+00 2.32645E+00 2.33243E+00 4.86633E+00 4.86461E+00 4.86463E+00 4.86610E+00 2.33250E+00 2.32645E+00 0.00000E+00 5.25720E+01
2.57549E-01 3.01344E+00 3.01944E+00 5.53020E+00 5.52846E+00 5.52849E+00 5.53001E+00 3.01950E+00 3.01344E+00 2.57549E-01 7.11111E+01
9.86194E-01 3.72090E+00 3.72692E+00 6.21639E+00 6.21464E+00 6.21468E+00 6.21626E+00 3.72698E+00 3.72090E+00 9.86194E-01 9.29793E+01
1.81357E+00 4.52849E+00 4.53452E+00 7.00413E+00 7.00235E+00 7.00240E+00 7.00403E+00 4.53458E+00 4.52849E+00 1.81357E+00 1.17987E+02
2.73846E+00 5.43480E+00 5.44085E+00 7.89183E+00 7.89004E+00 7.89010E+00 7.89178E+00 5.44090E+00 5.43480E+00 2.73846E+00 1.46195E+02
3.75952E+00 6.43837E+00 6.44444E+00 8.87791E+00 8.87610E+00 8.87617E+00 8.87788E+00 6.44450E+00 6.43837E+00 3.75952E+00 1.77642E+02
4.87536E+00 7.53771E+00 7.54379E+00 9.96072E+00 9.95891E+00 9.95898E+00 9.96073E+00 7.54384E+00 7.53771E+00 4.87536E+00 2.12346E+02
6.08456E+00 8.73126E+00 8.73737E+00 1.11386E+01 1.11368E+01 1.11369E+01 1.11387E+01 8.73742E+00 8.73126E+00 6.08456E+00 2.50310E+02
7.38565E+00 1.00175E+01 1.00236E+01 1.24100E+01 1.24082E+01 1.24083E+01 1.24101E+01 1.00237E+01 1.00175E+01 7.38565E+00 2.91522E+02
8.77715E+00 1.13949E+01 1.14010E+01 1.37733E+01 1.37715E+01 1.37715E+01 1.37734E+01 1.14011E+01 1.13949E+01 8.77715E+00 3.35959E+02
1.02576E+01 1.28618E+01 1.28680E+01 1.52268E+01 1.52249E+01 1.52250E+01 1.52269E+01 1.28680E+01 1.28618E+01 1.02576E+01 3.83588E+02
1.18255E+01 1.44168E+01 1.44230E+01 1.67690E+01 1.67671E+01 1.67672E+01 1.67691E+01 1.44230E+01 1.44168E+01 1.18255E+01 4.34368E+02
1.34793E+01 1.60583E+01 1.60645E+01 1.83982E+01 1.83963E+01 1.83964E+01 1.83984E+01 1.60646E+01 1.60583E+01 1.34793E+01 4.88253E+02
1.52177E+01 1.77849E+01 1.77911E+01 2.01129E+01 2.01110E+01 2.01111E+01 2.01131E+01 1.77911E+01 1.77849E+01 1.52177E+01 5.45191E+02
1.70391E+01 1.95949E+01 1.96011E+01 2.19116E+01 2.19097E+01 2.19098E+01 2.19118E+01 1.96011E+01 1.95949E+01 1.70391E+01 6.05125E+02
1.89420E+01 2.14869E+01 2.14931E+01 2.37927E+01 2.37908E+01 2.37909E+01 2.37930E+01 2.14931E+01 2.14869E+01 1.89420E+01 6.67997E+02
2.09250E+01 2.34594E+01 2.34656E+01 2.57548E+01 2.57529E+01 2.57530E+01 2.57550E+01 2.34656E+01 2.34594E+01 2.09250E+01 7.33744E+02
2.29867E+01 2.55109E+01 2.55172E+01 2.77962E+01 2.77943E+01 2.77944E+01 2.77965E+01 2.55172E+01 2.55109E+01 2.29867E+01 8.02304E+02
2.51257E+01 2.76401E+01 2.76463E+01 2.99156E+01 2.99137E+01 2.99138E+01 2.99159E+01 2.76464E+01 2.76401E+01 2.51257E+01 8.73611E+02
2.73405E+01 2.98454E+01 2.98517E+01 3.21116E+01 3.21096E+01 3.21097E+01 3.21118E+01 2.98517E+01 2.98454E+01 2.73405E+01 9.47602E+02
2.96297E+01 3.21254E+01 3.21317E+01 3.43825E+01 3.43806E+01 3.43807E+01 3.43828E+01 3.21318E+01 3.21254E+01 2.96297E+01 1.02421E+03
3.19920E+01 3.44789E+01 3.44852E+01 3.67271E+01 3.67252E+01 3.67253E+01 3.67274E+01 3.44852E+01 3.44789E+01 3.19920E+01 1.10337E+03
3.44260E+01 3.69043E+01 3.69106E+01 3.91440E+01 3.91420E+01 3.91422E+01 3.91443E+01 3.69106E+01 3.69043E+01 3.44260E+01 1.18502E+03
3.69304E+01 3.94003E+01 3.94067E+01 4.16318E+01 4.16298E+01 4.16299E+01 4.16321E+01 3.94067E+01 3.94003E+01 3.69304E+01 1.26909E+03
3.95039E+01 4.19656E+01 4.19720E+01 4.41891E+01 4.41871E+01 4.41872E+01 4.41894E+01 4.19720E+01 4.19656E+01 3.95039E+01 1.35551E+03
4.21451E+01 4.45989E+01 4.46053E+01 4.68146E+01 4.68126E+01 4.68127E+01 4.68150E+01 4.46054E+01 4.45989E+01 4.21451E+01 1.44424E+03
4.48527E+01 4.72989E+01 4.73053E+01 4.95070E+01 4.95050E+01 4.95052E+01 4.95074E+01 4.73054E+01 4.72989E+01 4.48527E+01 1.53519E+03
4.76256E+01 5.00644E+01 5.00708E+01 5.22651E+01 5.22630E+01 5.22632E+01 5.22654E+01 5.00708E+01 5.00644E+01 4.76256E+01 1.62832E+03
5.04624E+01 5.28939E+01 5.29004E+01 5.50875E+01 5.50854E+01 5.50856E+01 5.50878E+01 5.29004E+01 5.28939E+01 5.04624E+01 1.72356E+03
5.33620E+01 5.57864E+01 5.57929E+01 5.79730E+01 5.79709E+01 5.79711E+01 5.79734E+01 5.57929E+01 5.57864E+01 5.33620E+01 1.82085E+03
5.63231E+01 5.87407E+01 5.87471E+01 6.09204E+01 6.09183E+01 6.09185E+01 6.09208E+01 5.87471E+01 5.87407E+01 5.63231E+01 1.92014E+03
5.93446E+01 6.17554E+01 6.17619E+01 6.39285E+01 6.39264E+01 6.39266E+01 6.39289E+01 6.17619E+01 6.17554E+01 5.93446E+01 2.02136E+03
6.24253E+01 6.48295E+01 6.48360E+01 6.69961E+01 6.69941E+01 6.69942E+01 6.69966E+01 6.48360E+01 6.48295E+01 6.24253E+01 2.12447E+03
6.55641E+01 6.79619E+01 6.79684E+01 7.01221E+01 7.01201E+01 7.01202E+01 7.01226E+01 6.79684E+01 6.79619E+01 6.55641E+01 2.22941E+03
6.87598E+01 7.11513E+01 7.11578E+01 7.33054E+01 7.33033E+01 7.33035E+01 7.33058E+01 7.11578E+01 7.11513E+01 6.87598E+01 2.33613E+03
7.20113E+01 7.43967E+01 7.44033E+01 7.65448E+01 7.65427E+01 7.65429E+01 7.65452E+01 7.44033E+01 7.43967E+01 7.20113E+01 2.44457E+03
7.53177E+01 7.76971E+01 7.77036E+01 7.98392E+01 7.98371E+01 7.98373E+01 7.98396E+01 7.77036E+01 7.76971E+01 7.53177E+01 2.55469E+03
7.86777E+01 8.10512E+01 8.10578E+01 8.31876E+01 8.31855E+01 8.31857E+01 8.31880E+01 8.10578E+01 8.10512E+01 7.86777E+01 2.66644E+03
8.20904E+01 8.44582E+01 8.44647E+01 8.65889E+01 8.65868E+01 8.65870E+01 8.65894E+01 8.44648E+01 8.44582E+01 8.20904E+01 2.77977E+03
8.55547E+01 8.79169E+01 8.79235E+01 9.00421E+01 9.00400E+01 9.00402E+01 9.00426E+01 8.79235E+01 8.79169E+01 8.55547E+01 2.89463E+03
8.90698E+01 9.14264E+01 9.14330E+01 9.35462E+01 9.35441E+01 9.35443E+01 9.35467E+01 9.14330E+01 9.14264E+01 8.90698E+01 3.01098E+03
9.26345E+01 9.49857E+01 9.49923E+01 9.71002E+01 9.70981E+01 9.70982E+01 9.71007E+01 9.49923E+01 9.49857E+01 9.26345E+01 3.12878E+03
9.62479E+01 9.85938E+01 9.86004E+01 1.00703E+02 1.00701E+02 1.00701E+02 1.00704E+02 9.86005E+01 9.85938E+01 9.62479E+01 3.24798E+03
0.00000E+00 0.00000E+00 -6.28440E-02 2.44961E+00 2.44791E+00 2.44812E+00 2.45005E+00 -6.28125E-02 0.00000E+00 0.00000E+00 -2.97207E+00
0.00000E+00 0.00000E+00 -2.55507E-02 2.43624E+00 2.43451E+00 2.43471E+00 2.43670E+00 -2.55237E-02 0.00000E+00 0.00000E+00 -8.03789E-01
0.00000E+00 9.91305E-02 1.05031E-01 2.52532E+00 2.52355E+00 2.52374E+00 2.52578E+00 1.05054E-01 9.91305E-02 0.00000E+00 2.52504E+00
0.00000E+00 3.23075E-01 3.29007E-01 2.71372E+00 2.71193E+00 2.71211E+00 2.71419E+00 3.29028E-01 3.23075E-01 0.00000E+00 7.35471E+00
0.00000E+00 6.39932E-01 6.45895E-01 2.99935E+00 2.99752E+00 2.99770E+00 2.99982E+00 6.45913E-01 6.39932E-01 0.00000E+00 1.40950E+01
0.00000E+00 1.04712E+00 1.05312E+00 3.37871E+00 3.37686E+00 3.37704E+00 3.37919E+00 1.05313E+00 1.04712E+00 0.00000E+00 2.30384E+01
0.00000E+00 1.54179E+00 1.54781E+00 3.84830E+00 3.84643E+00 3.84660E+00 3.84878E+00 1.54783E+00 1.54179E+00 0.00000E+00 3.44134E+01
0.00000E+00 2.12111E+00 2.12716E+00 4.40482E+00 4.40293E+00 4.40310E+00 4.40531E+00 2.12718E+00 2.12111E+00 0.00000E+00 4.83891E+01
2.33193E-01 2.73979E+00 2.74587E+00 5.00271E+00 5.00080E+00 5.00097E+00 5.00320E+00 2.74588E+00 2.73979E+00 2.33193E-01 6.51811E+01
8.90296E-01 3.37754E+00 3.38364E+00 5.62133E+00 5.61941E+00 5.61957E+00 5.62183E+00 3.38365E+00 3.37754E+00 8.90296E-01 8.48229E+01
1.63261E+00 4.10176E+00 4.10789E+00 6.32771E+00 6.32577E+00 6.32593E+00 6.32821E+00 4.10790E+00 4.10176E+00 1.63261E+00 1.07176E+02
2.45861E+00 4.91078E+00 4.91694E+00 7.11999E+00 7.11804E+00 7.11820E+00 7.12050E+00 4.91695E+00 4.91078E+00 2.45861E+00 1.32276E+02
3.36670E+00 5.80289E+00 5.80908E+00 7.99637E+00 7.99440E+00 7.99455E+00 7.99688E+00 5.80909E+00 5.80289E+00 3.36670E+00 1.60137E+02
4.35531E+00 6.77641E+00 6.78262E+00 8.95503E+00 8.95305E+00 8.95320E+00 8.95555E+00 6.78263E+00 6.77641E+00 4.35531E+00 1.90759E+02
5.42286E+00 7.82967E+00 7.83590E+00 9.99423E+00 9.99223E+00 9.99239E+00 9.99476E+00 7.83591E+00 7.82967E+00 5.42286E+00 2.24129E+02
6.56779E+00 8.96102E+00 8.96728E+00 1.11122E+01 1.11102E+01 1.11104E+01 1.11128E+01 8.96729E+00 8.96102E+00 6.56779E+00 2.60221E+02
7.78854E+00 1.01689E+01 1.01751E+01 1.23074E+01 1.23054E+01 1.23055E+01 1.23079E+01 1.01751E+01 1.01689E+01 7.78854E+00 2.99003E+02
9.08359E+00 1.14516E+01 1.14579E+01 1.35780E+01 1.35760E+01 1.35761E+01 1.35786E+01 1.14579E+01 1.14516E+01 9.08359E+00 3.40433E+02
1.04514E+01 1.28076E+01 1.28140E+01 1.49225E+01 1.49205E+01 1.49206E+01 1.49231E+01 1.28140E+01 1.28076E+01 1.04514E+01 3.84464E+02
1.18906E+01 1.42355E+01 1.42418E+01 1.63393E+01 1.63373E+01 1.63374E+01 1.63399E+01 1.42418E+01 1.42355E+01 1.18906E+01 4.31047E+02
1.33995E+01 1.57336E+01 1.57400E+01 1.78269E+01 1.78248E+01 1.78250E+01 1.78274E+01 1.57400E+01 1.57336E+01 1.33995E+01 4.80127E+02
1.49769E+01 1.73006E+01 1.73070E+01 1.93837E+01 1.93816E+01 1.93818E+01 1.93842E+01 1.73070E+01 1.73006E+01 1.49769E+01 5.31647E+02
1.66212E+01 1.89350E+01 1.89414E+01 2.10083E+01 2.10062E+01 2.10063E+01 2.10088E+01 1.89414E+01 1.89350E+01 1.66212E+01 5.85549E+02
1.83312E+01 2.06353E+01 2.06417E+01 2.26991E+01 2.26970E+01 2.26972E+01 2.26997E+01 2.06417E+01 2.06353E+01 1.83312E+01 6.41772E+02
2.01053E+01 2.24001E+01 2.24066E+01 2.44549E+01 2.44528E+01 2.44530E+01 2.44555E+01 2.24066E+01 2.24001E+01 2.01053E+01 7.00256E+02
2.19423E+01 2.42282E+01 2.42346E+01 2.62742E+01 2.62721E+01 2.62722E+01 2.62748E+01 2.42346E+01 2.42282E+01 2.19423E+01 7.60941E+02
2.38408E+01 2.61180E+01 2.61245E+01 2.81556E+01 2.81535E+01 2.81537E+01 2.81562E+01 2.61245E+01 2.61180E+01 2.38408E+01 8.23766E+02
2.57996E+01 2.80684E+01 2.80750E+01 3.00979E+01 3.00957E+01 3.00959E+01 3.00984E+01 2.80750E+01 2.80684E+01 2.57996E+01 8.88670E+02
2.78174E+01 3.00781E+01 3.00846E+01 3.20996E+01 3.20974E+01 3.20976E+01 3.21002E+01 3.00846E+01 3.00781E+01 2.78174E+01 9.55594E+02
2.98928E+01 3.21457E+01 3.21522E+01 3.41595E+01 3.41573E+01 3.41575E+01 3.41601E+01 3.21522E+01 3.21457E+01 2.98928E+01 1.02448E+03
3.20248E+01 3.42700E+01 3.42766E+01 3.62764E+01 3.62742E+01 3.62744E+01 3.62770E+01 3.42766E+01 3.42700E+01 3.20248E+01 1.09527E+03
3.42120E+01 3.64498E+01 3.64564E+01 3.84490E+01 3.84468E+01 3.84470E+01 3.84496E+01 3.64564E+01 3.64498E+01 3.42120E+01 1.16790E+03
3.64534E+01 3.86840E+01 3.86906E+01 4.06761E+01 4.06739E+01 4.06741E+01 4.06767E+01 3.86906E+01 3.86840E+01 3.64534E+01 1.24232E+03
3.87477E+01 4.09712E+01 4.09779E+01 4.29566E+01 4.29544E+01 4.29546E+01 4.29572E+01 4.09779E+01 4.09712E+01 3.87477E+01 1.31848E+03
4.10938E+01 4.33105E+01 4.33172E+01 4.52892E+01 4.52870E+01 4.52872E+01 4.52899E+01 4.33172E+01 4.33105E+01 4.10938E+01 1.39631E+03
4.34906E+01 4.57007E+01 4.57074E+01 4.76729E+01 4.76707E+01 4.76709E+01 4.76736E+01 4.57074E+01 4.57007E+01 4.34906E+01 1.47578E+03
4.59370E+01 4.81407E+01 4.81474E+01 5.01066E+01 5.01044E+01 5.01046E+01 5.01073E+01 4.81474E+01 4.81407E+01 4.59370E+01 1.55682E+03
4.84320E+01 5.06293E+01 5.06360E+01 5.25891E+01 5.25869E+01 5.25871E+01 5.25898E+01 5.06360E+01 5.06293E+01 4.84320E+01 1.63939E+03
5.09745E+01 5.31656E+01 5.31724E+01 5.51195E+01 5.51173E+01 5.51174E+01 5.51202E+01 5.31724E+01 5.31656E+01 5.09745E+01 1.72344E+03
5.35634E+01 5.57486E+01 5.57553E+01 5.76966E+01 5.76944E+01 5.76946E+01 5.76973E+01 5.57554E+01 5.57486E+01 5.35634E+01 1.80893E+03
5.61979E+01 5.83772E+01 5.83839E+01 6.03195E+01 6.03173E+01 6.03174E+01 6.03202E+01 5.83839E+01 5.83772E+01 5.61979E+01 1.89580E+03
5.88768E+01 6.10504E+01 6.10572E+01 6.29872E+01 6.29849E+01 6.29851E+01 6.29879E+01 6.10572E+01 6.10504E+01 5.88768E+01 1.98401E+03
6.15993E+01 6.37673E+01 6.37741E+01 6.56986E+01 6.56964E+01 6.56966E+01 6.56993E+01 6.37741E+01 6.37673E+01 6.15993E+01 2.07352E+03
6.43645E+01 6.65269E+01 6.65338E+01 6.84530E+01 6.84507E+01 6.84509E+01 6.84537E+01 6.65338E+01 6.65269E+01 6.43645E+01 2.16429E+03
6.71713E+01 6.93284E+01 6.93352E+01 7.12492E+01 7.12470E+01 7.12471E+01 7.12499E+01 6.93352E+01 6.93284E+01 6.71713E+01 2.25627E+03
7.00189E+01 7.21708E+01 7.21776E+01 7.40865E+01 7.40842E+01 7.40844E+01 7.40872E+01 7.21776E+01 7.21708E+01 7.00189E+01 2.34943E+03
7.29064E+01 7.50532E+01 7.50600E+01 7.69639E+01 7.69617E+01 7.69618E+01 7.69647E+01 7.50600E+01 7.50532E+01 7.29064E+01 2.44373E+03
7.58330E+01 7.79747E+01 7.79816E+01 7.98806E+01 7.98783E+01 7.98785E+01 7.98814E+01 7.79816E+01 7.79747E+01 7.58330E+01 2.53913E+03
7.87979E+01 8.09346E+01 8.09415E+01 8.28358E+01 8.28335E+01 8.28337E+01 8.28365E+01 8.09415E+01 8.09346E+01 7.87979E+01 2.63560E+03
8.18001E+01 8.39320E+01 8.39390E+01 8.58285E+01 8.58262E+01 8.58264E+01 8.58292E+01 8.39390E+01 8.39320E+01 8.18001E+01 2.73310E+03
0.00000E+00 0.00000E+00 -6.00731E-02 2.19837E+00 2.19651E+00 2.19663E+00 2.19884E+00 -6.00749E-02 0.00000E+00 0.00000E+00 -2.74671E+00
0.00000E+00 0.00000E+00 -2.38835E-02 2.18898E+00 2.18708E+00 2.18719E+00 2.18943E+00 -2.38862E-02 0.00000E+00 0.00000E+00 -7.46373E-01
0.00000E+00 9.31135E-02 9.90779E-02 2.27460E+00 2.27266E+00 2.27277E+00 2.27504E+00 9.90748E-02 9.31135E-02 0.00000E+00 2.34910E+00
0.00000E+00 3.01026E-01 3.07038E-01 2.45055E+00 2.44859E+00 2.44868E+00 2.45099E+00 3.07034E-01 3.01026E-01 0.00000E+00 6.84350E+00
0.00000E+00 5.92230E-01 5.98288E-01 2.71367E+00 2.71168E+00 2.71177E+00 2.71410E+00 5.98284E-01 5.92230E-01 0.00000E+00 1.30957E+01
0.00000E+00 9.63462E-01 9.69564E-01 3.05988E+00 3.05786E+00 3.05794E+00 3.06030E+00 9.69559E-01 9.63462E-01 0.00000E+00 2.13489E+01
0.00000E+00 1.41145E+00 1.41759E+00 3.48531E+00 3.48327E+00 3.48335E+00 3.48574E+00 1.41759E+00 1.41145E+00 0.00000E+00 3.17839E+01
0.00000E+00 1.93313E+00 1.93932E+00 3.98649E+00 3.98443E+00 3.98451E+00 3.98692E+00 1.93931E+00 1.93313E+00 0.00000E+00 4.45273E+01
2.10878E-01 2.48961E+00 2.49583E+00 4.52427E+00 4.52219E+00 4.52227E+00 4.52471E+00 2.49583E+00 2.48961E+00 2.10878E-01 5.97142E+01
8.02662E-01 3.06370E+00 3.06996E+00 5.08117E+00 5.07906E+00 5.07914E+00 5.08161E+00 3.06995E+00 3.06370E+00 8.02662E-01 7.73265E+01
1.46767E+00 3.71217E+00 3.71847E+00 5.71359E+00 5.71147E+00 5.71155E+00 5.71403E+00 3.71847E+00 3.71217E+00 1.46767E+00 9.72702E+01
2.20416E+00 4.43315E+00 4.43948E+00 6.41952E+00 6.41738E+00 6.41746E+00 6.41997E+00 4.43948E+00 4.43315E+00 2.20416E+00 1.19559E+02
3.01040E+00 5.22478E+00 5.23116E+00 7.19700E+00 7.19485E+00 7.19493E+00 7.19746E+00 5.23115E+00 5.22478E+00 3.01040E+00 1.44190E+02
3.88471E+00 6.08530E+00 6.09170E+00 8.04415E+00 8.04199E+00 8.04207E+00 8.04462E+00 6.09170E+00 6.08530E+00 3.88471E+00 1.71149E+02
4.82543E+00 7.01295E+00 7.01939E+00 8.95917E+00 8.95698E+00 8.95707E+00 8.95964E+00 7.01939E+00 7.01295E+00 4.82543E+00 2.00410E+02
5.83096E+00 8.00607E+00 8.01255E+00 9.94029E+00 9.93810E+00 9.93819E+00 9.94078E+00 8.01254E+00 8.00607E+00 5.83096E+00 2.31939E+02
6.89973E+00 9.06304E+00 9.06954E+00 1.09858E+01 1.09836E+01 1.09837E+01 1.09863E+01 9.06954E+00 9.06304E+00 6.89973E+00 2.65696E+02
8.03022E+00 1.01823E+01 1.01888E+01 1.20942E+01 1.20920E+01 1.20921E+01 1.20947E+01 1.01888E+01 1.01823E+01 8.03022E+00 3.01636E+02
9.22093E+00 1.13622E+01 1.13688E+01 1.32638E+01 1.32615E+01 1.32616E+01 1.32643E+01 1.13688E+01 1.13622E+01 9.22093E+00 3.39710E+02
1.04704E+01 1.26014E+01 1.26080E+01 1.44930E+01 1.44908E+01 1.44909E+01 1.44935E+01 1.26080E+01 1.26014E+01 1.04704E+01 3.79864E+02
1.17773E+01 1.38984E+01 1.39050E+01 1.57805E+01 1.57782E+01 1.57783E+01 1.57810E+01 1.39050E+01 1.38984E+01 1.17773E+01 4.22045E+02
1.31402E+01 1.52517E+01 1.52584E+01 1.71247E+01 1.71224E+01 1.71225E+01 1.71252E+01 1.52584E+01 1.52517E+01 1.31402E+01 4.66198E+02
1.45576E+01 1.66601E+01 1.66668E+01 1.85242E+01 1.85220E+01 1.85221E+01 1.85248E+01 1.66668E+01 1.66601E+01 1.45576E+01 5.12266E+02
1.60285E+01 1.81221E+01 1.81289E+01 1.99778E+01 1.99755E+01 1.99756E+01 1.99784E+01 1.81288E+01 1.81221E+01 1.60285E+01 5.60192E+02
1.75514E+01 1.96365E+01 1.96433E+01 2.14840E+01 2.14817E+01 2.14818E+01 2.14846E+01 1.96433E+01 1.96365E+01 1.75514E+01 6.09921E+02
1.91250E+01 2.12020E+01 2.12088E+01 2.30416E+01 2.30393E+01 2.30394E+01 2.30422E+01 2.12088E+01 2.12020E+01 1.91250E+01 6.61395E+02
2.07483E+01 2.28173E+01 2.28241E+01 2.46494E+01 2.46470E+01 2.46472E+01 2.46500E+01 2.28241E+01 2.28173E+01 2.07483E+01 7.14560E+02
2.24199E+01 2.44813E+01 2.44881E+01 2.63060E+01 2.63037E+01 2.63038E+01 2.63066E+01 2.44881E+01 2.44813E+01 2.24199E+01 7.69361E+02
2.41388E+01 2.61928E+01 2.61996E+01 2.80103E+01 2.80080E+01 2.80081E+01 2.80109E+01 2.61996E+01 2.61928E+01 2.41388E+01 8.25744E+02
2.59037E+01 2.79505E+01 2.79574E+01 2.97612E+01 2.97588E+01 2.97589E+01 2.97618E+01 2.79574E+01 2.79505E+01 2.59037E+01 8.83656E+02
2.77137E+01 2.97535E+01 2.97604E+01 3.15574E+01 3.15551E+01 3.15552E+01 3.15581E+01 2.97604E+01 2.97535E+01 2.77137E+01 9.43047E+02
2.95675E+01 3.16005E+01 3.16074E+01 3.33980E+01 3.33956E+01 3.33957E+01 3.33986E+01 3.16074E+01 3.16005E+01 2.95675E+01 1.00387E+03
3.14641E+01 3.34906E+01 3.34976E+01 3.52818E+01 3.52794E+01 3.52795E+01 3.52824E+01 3.34975E+01 3.34906E+01 3.14641E+01 1.06606E+03
3.34026E+01 3.54227E+01 3.54297E+01 3.72077E+01 3.72053E+01 3.72055E+01 3.72083E+01 3.54296E+01 3.54227E+01 3.34026E+01 1.12959E+03
3.53819E+01 3.73957E+01 3.74027E+01 3.91748E+01 3.91724E+01 3.91725E+01 3.91754E+01 3.74027E+01 3.73957E+01 3.53819E+01 1.19440E+03
3.74010E+01 3.94088E+01 3.94158E+01 4.11820E+01 4.11796E+01 4.11798E+01 4.11827E+01 3.94158E+01 3.94088E+01 3.74010E+01 1.26046E+03
3.94590E+01 4.14608E+01 4.14679E+01 4.32284E+01 4.32260E+01 4.32262E+01 4.32291E+01 4.14679E+01 4.14608E+01 3.94590E+01 1.32771E+03
4.15549E+01 4.35510E+01 4.35581E+01 4.53131E+01 4.53107E+01 4.53108E+01 4.53138E+01 4.35581E+01 4.35510E+01 4.15549E+01 1.39611E+03
4.36879E+01 4.56783E+01 4.56854E+01 4.74350E+01 4.74326E+01 4.74328E+01 4.74357E+01 4.56854E+01 4.56783E+01 4.36879E+01 1.46563E+03
4.58569E+01 4.78419E+01 4.78490E+01 4.95934E+01 4.95909E+01 4.95911E+01 4.95941E+01 4.78490E+01 4.78419E+01 4.58569E+01 1.53622E+03
4.80613E+01 5.00409E+01 5.00480E+01 5.17873E+01 5.17848E+01 5.17850E+01 5.17880E+01 5.00480E+01 5.00409E+01 4.80613E+01 1.60784E+03
5.03001E+01 5.22744E+01 5.22816E+01 5.40158E+01 5.40133E+01 5.40135E+01 5.40165E+01 5.22816E+01 5.22744E+01 5.03001E+01 1.68047E+03
5.25725E+01 5.45417E+01 5.45489E+01 5.62782E+01 5.62757E+01 5.62759E+01 5.62789E+01 5.45489E+01 5.45417E+01 5.25725E+01 1.75405E+03
5.48777E+01 5.68419E+01 5.68491E+01 5.85736E+01 5.85711E+01 5.85713E+01 5.85743E+01 5.68491E+01 5.68419E+01 5.48777E+01 1.82856E+03
5.72148E+01 5.91742E+01 5.91814E+01 6.09012E+01 6.08987E+01 6.08989E+01 6.09020E+01 5.91814E+01 5.91742E+01 5.72148E+01 1.90397E+03
5.95833E+01 6.15378E+01 6.15451E+01 6.32603E+01 6.32578E+01 6.32580E+01 6.32610E+01 6.15451E+01 6.15378E+01 5.95833E+01 1.98023E+03
6.19822E+01 6.39321E+01 6.39394E+01 6.56501E+01 6.56476E+01 6.56478E+01 6.56508E+01 6.39394E+01 6.39321E+01 6.19822E+01 2.05732E+03
6.44110E+01 6.63562E+01 6.63635E+01 6.80698E+01 6.80673E+01 6.80675E+01 6.80706E+01 6.63635E+01 6.63562E+01 6.44110E+01 2.13522E+03
6.68688E+01 6.88095E+01 6.88168E+01 7.05188E+01 7.05163E+01 7.05165E+01 7.05196E+01 6.88168E+01 6.88095E+01 6.68688E+01 2.21388E+03
6.93549E+01 7.12912E+01 7.12986E+01 7.29963E+01 7.29938E+01 7.29940E+01 7.29971E+01 7.12986E+01 7.12912E+01 6.93549E+01 2.29328E+03
0.00000E+00 0.00000E+00 -5.78152E-02 1.97217E+00 1.97014E+00 1.97012E+00 1.97236E+00 -5.78244E-02 0.00000E+00 0.00000E+00 -2.54566E+00
0.00000E+00 0.00000E+00 -2.23202E-02 1.96665E+00 1.96458E+00 1.96455E+00 1.96685E+00 -2.23288E-02 0.00000E+00 0.00000E+00 -6.94658E-01
0.00000E+00 8.76036E-02 9.37048E-02 2.04906E+00 2.04695E+00 2.04694E+00 2.04928E+00 9.36966E-02 8.76036E-02 0.00000E+00 2.19032E+00
0.00000E+00 2.80710E-01 2.86879E-01 2.21343E+00 2.21129E+00 2.21127E+00 2.21366E+00 2.86872E-01 2.80710E-01 0.00000E+00 6.37775E+00
0.00000E+00 5.48262E-01 5.54495E-01 2.45572E+00 2.45355E+00 2.45354E+00 2.45596E+00 5.54488E-01 5.48262E-01 0.00000E+00 1.21790E+01
0.00000E+00 8.86473E-01 8.92767E-01 2.77143E+00 2.76923E+00 2.76922E+00 2.77168E+00 8.92760E-01 8.86473E-01 0.00000E+00 1.97920E+01
0.00000E+00 1.29179E+00 1.29814E+00 3.15647E+00 3.15424E+00 3.15424E+00 3.15674E+00 1.29814E+00 1.29179E+00 0.00000E+00 2.93558E+01
0.00000E+00 1.76102E+00 1.76743E+00 3.60725E+00 3.60500E+00 3.60501E+00 3.60754E+00 1.76742E+00 1.76102E+00 0.00000E+00 4.09601E+01
1.90441E-01 2.26088E+00 2.26735E+00 4.09030E+00 4.08803E+00 4.08804E+00 4.09061E+00 2.26734E+00 2.26088E+00 1.90441E-01 5.46731E+01
7.22623E-01 2.77689E+00 2.78341E+00 4.59085E+00 4.58856E+00 4.58857E+00 4.59118E+00 2.78340E+00 2.77689E+00 7.22623E-01 7.04370E+01
1.31743E+00 3.35659E+00 3.36315E+00 5.15611E+00 5.15379E+00 5.15382E+00 5.15645E+00 3.36314E+00 3.35659E+00 1.31743E+00 8.81951E+01
1.97299E+00 3.99797E+00 4.00458E+00 5.78395E+00 5.78163E+00 5.78165E+00 5.78432E+00 4.00457E+00 3.99797E+00 1.97299E+00 1.07945E+02
2.68750E+00 4.69913E+00 4.70579E+00 6.47239E+00 6.47004E+00 6.47008E+00 6.47277E+00 4.70579E+00 4.69913E+00 2.68750E+00 1.29670E+02
3.45924E+00 5.45826E+00 5.46497E+00 7.21951E+00 7.21714E+00 7.21718E+00 7.21990E+00 5.46496E+00 5.45826E+00 3.45924E+00 1.53346E+02
4.28653E+00 6.27362E+00 6.28037E+00 8.02349E+00 8.02111E+00 8.02116E+00 8.02391E+00 6.28036E+00 6.27362E+00 4.28653E+00 1.78938E+02
5.16780E+00 7.14354E+00 7.15034E+00 8.88263E+00 8.88023E+00 8.88029E+00 8.88307E+00 7.15033E+00 7.14354E+00 5.16780E+00 2.06407E+02
6.10149E+00 8.06644E+00 8.07328E+00 9.79527E+00 9.79286E+00 9.79292E+00 9.79572E+00 8.07328E+00 8.06644E+00 6.10149E+00 2.35710E+02
7.08613E+00 9.04079E+00 9.04767E+00 1.07598E+01 1.07574E+01 1.07575E+01 1.07603E+01 9.04767E+00 9.04079E+00 7.08613E+00 2.66797E+02
8.12029E+00 1.00651E+01 1.00720E+01 1.17748E+01 1.17724E+01 1.17724E+01 1.17753E+01 1.00720E+01 1.00651E+01 8.12029E+00 2.99620E+02
9.20258E+00 1.11380E+01 1.11449E+01 1.28387E+01 1.28363E+01 1.28364E+01 1.28392E+01 1.11449E+01 1.11380E+01 9.20258E+00 3.34127E+02
1.03317E+01 1.22580E+01 1.22650E+01 1.39502E+01 1.39478E+01 1.39479E+01 1.39508E+01 1.22650E+01 1.22580E+01 1.03317E+01 3.70265E+02
1.15063E+01 1.34240E+01 1.34310E+01 1.51079E+01 1.51055E+01 1.51055E+01 1.51085E+01 1.34310E+01 1.34240E+01 1.15063E+01 4.07982E+02
1.27251E+01 1.46345E+01 1.46416E+01 1.63105E+01 1.63080E+01 1.63081E+01 1.63111E+01 1.46416E+01 1.46345E+01 1.27251E+01 4.47224E+02
1.39870E+01 1.58883E+01 1.58955E+01 1.75568E+01 1.75543E+01 1.75544E+01 1.75574E+01 1.58954E+01 1.58883E+01 1.39870E+01 4.87940E+02
1.52908E+01 1.71843E+01 1.71915E+01 1.88454E+01 1.88429E+01 1.88430E+01 1.88460E+01 1.71915E+01 1.71843E+01 1.52908E+01 5.30078E+02
1.66353E+01 1.85213E+01 1.85285E+01 2.01754E+01 2.01728E+01 2.01729E+01 2.01760E+01 1.85285E+01 1.85213E+01 1.66353E+01 5.73587E+02
1.80194E+01 1.98982E+01 1.99054E+01 2.15454E+01 2.15428E+01 2.15430E+01 2.15460E+01 1.99054E+01 1.98982E+01 1.80194E+01 6.18416E+02
1.94420E+01 2.13138E+01 2.13211E+01 2.29544E+01 2.29518E+01 2.29520E+01 2.29550E+01 2.13211E+01 2.13138E+01 1.94420E+01 6.64519E+02
2.09021E+01 2.27672E+01 2.27745E+01 2.44013E+01 2.43988E+01 2.43989E+01 2.44020E+01 2.27744E+01 2.27672E+01 2.09021E+01 7.11846E+02
2.23987E+01 2.42572E+01 2.42645E+01 2.58851E+01 2.58826E+01 2.58827E+01 2.58858E+01 2.42645E+01 2.42572E+01 2.23987E+01 7.60351E+02
2.39308E+01 2.57829E+01 2.57902E+01 2.74048E+01 2.74022E+01 2.74024E+01 2.74055E+01 2.57902E+01 2.57829E+01 2.39308E+01 8.09991E+02
2.54974E+01 2.73433E+01 2.73507E+01 2.89594E+01 2.89568E+01 2.89570E+01 2.89601E+01 2.73507E+01 2.73433E+01 2.54974E+01 8.60721E+02
2.70976E+01 2.89375E+01 2.89449E+01 3.05479E+01 3.05453E+01 3.05455E+01 3.05486E+01 2.89449E+01 2.89375E+01 2.70976E+01 9.12499E+02
2.87305E+01 3.05645E+01 3.05720E+01 3.21694E+01 3.21668E+01 3.21670E+01 3.21702E+01 3.05720E+01 3.05645E+01 2.87305E+01 9.65284E+02
3.03952E+01 3.22236E+01 3.22310E+01 3.38231E+01 3.38205E+01 3.38207E+01 3.38239E+01 3.22310E+01 3.22236E+01 3.03952E+01 1.01904E+03
3.20909E+01 3.39137E+01 3.39212E+01 3.55080E+01 3.55054E+01 3.55056E+01 3.55088E+01 3.39212E+01 3.39137E+01 3.20909E+01 1.07372E+03
3.38167E+01 3.56341E+01 3.56416E+01 3.72233E+01 3.72207E+01 3.72209E+01 3.72241E+01 3.56416E+01 3.56341E+01 3.38167E+01 1.12930E+03
3.55718E+01 3.73839E+01 3.73915E+01 3.89682E+01 3.89656E+01 3.89658E+01 3.89690E+01 3.73915E+01 3.73839E+01 3.55718E+01 1.18573E+03
3.73555E+01 3.91625E+01 3.91701E+01 4.07419E+01 4.07393E+01 4.07395E+01 4.07427E+01 3.91701E+01 3.91625E+01 3.73555E+01 1.24299E+03
3.91669E+01 4.09689E+01 4.09765E+01 4.25436E+01 4.25410E+01 4.25412E+01 4.25445E+01 4.09765E+01 4.09689E+01 3.91669E+01 1.30103E+03
4.10054E+01 4.28025E+01 4.28101E+01 4.43726E+01 4.43699E+01 4.43701E+01 4.43734E+01 4.28101E+01 4.28025E+01 4.10054E+01 1.35984E+03
4.28702E+01 4.46624E+01 4.46702E+01 4.62281E+01 4.62254E+01 4.62256E+01 4.62289E+01 4.46702E+01 4.46624E+01 4.28702E+01 1.41937E+03
4.47606E+01 4.65482E+01 4.65559E+01 4.81094E+01 4.81067E+01 4.81069E+01 4.81103E+01 4.65559E+01 4.65482E+01 4.47606E+01 1.47960E+03
4.66759E+01 4.84589E+01 4.84667E+01 5.00158E+01 5.00131E+01 5.00134E+01 5.00167E+01 4.84667E+01 4.84589E+01 4.66759E+01 1.54050E+03
4.86155E+01 5.03940E+01 5.04018E+01 5.19467E+01 5.19440E+01 5.19443E+01 5.19477E+01 5.04018E+01 5.03940E+01 4.86155E+01 1.60204E+03
5.05787E+01 5.23528E+01 5.23606E+01 5.39015E+01 5.38987E+01 5.38990E+01 5.39024E+01 5.23606E+01 5.23528E+01 5.05787E+01 1.66419E+03
5.25649E+01 5.43347E+01 5.43426E+01 5.58793E+01 5.58766E+01 5.58769E+01 5.58803E+01 5.43426E+01 5.43347E+01 5.25649E+01 1.72694E+03
5.45735E+01 5.63391E+01 5.63470E+01 5.78798E+01 5.78770E+01 5.78773E+01 5.78807E+01 5.63470E+01 5.63391E+01 5.45735E+01 1.79025E+03
5.66038E+01 5.83653E+01 5.83732E+01 5.99021E+01 5.98994E+01 5.98997E+01 5.99031E+01 5.83732E+01 5.83653E+01 5.66038E+01 1.85410E+03
5.86554E+01 6.04129E+01 6.04208E+01 6.19459E+01 6.19432E+01 6.19434E+01 6.19469E+01 6.04208E+01 6.04129E+01 5.86554E+01 1.91847E+03
0.00000E+00 0.00000E+00 -5.59920E-02 1.76847E+00 1.76626E+00 1.76618E+00 1.76851E+00 -5.59984E-02 0.00000E+00 0.00000E+00 -2.36659E+00
0.00000E+00 0.00000E+00 -2.08224E-02 1.76671E+00 1.76446E+00 1.76438E+00 1.76679E+00 -2.08281E-02 0.00000E+00 0.00000E+00 -6.48119E-01
0.00000E+00 8.25479E-02 8.88771E-02 1.84615E+00 1.84385E+00 1.84379E+00 1.84627E+00 8.88719E-02 8.25479E-02 0.00000E+00 2.04696E+00
0.00000E+00 2.61965E-01 2.68386E-01 1.99972E+00 1.99739E+00 1.99734E+00 1.99988E+00 2.68381E-01 2.61965E-01 0.00000E+00 5.95292E+00
0.00000E+00 5.07693E-01 5.14201E-01 2.22273E+00 2.22036E+00 2.22033E+00 2.22292E+00 5.14197E-01 5.07693E-01 0.00000E+00 1.13368E+01
0.00000E+00 8.15581E-01 8.22170E-01 2.51037E+00 2.50798E+00 2.50796E+00 2.51060E+00 8.22166E-01 8.15581E-01 0.00000E+00 1.83557E+01
0.00000E+00 1.18191E+00 1.18857E+00 2.85846E+00 2.85604E+00 2.85603E+00 2.85873E+00 1.18857E+00 1.18191E+00 0.00000E+00 2.71118E+01
0.00000E+00 1.60342E+00 1.61016E+00 3.26339E+00 3.26094E+00 3.26094E+00 3.26368E+00 1.61015E+00 1.60342E+00 0.00000E+00 3.76632E+01
1.71734E-01 2.05179E+00 2.05860E+00 3.69664E+00 3.69416E+00 3.69417E+00 3.69697E+00 2.05859E+00 2.05179E+00 1.71734E-01 5.00236E+01
6.49565E-01 2.51484E+00 2.52172E+00 4.14578E+00 4.14328E+00 4.14330E+00 4.14614E+00 2.52171E+00 2.51484E+00 6.49565E-01 6.41053E+01
1.18067E+00 3.03213E+00 3.03907E+00 4.65008E+00 4.64756E+00 4.64760E+00 4.65048E+00 3.03907E+00 3.03213E+00 1.18067E+00 7.98833E+01
1.76312E+00 3.60162E+00 3.60863E+00 5.20741E+00 5.20487E+00 5.20491E+00 5.20783E+00 3.60863E+00 3.60162E+00 1.76312E+00 9.73424E+01
2.39511E+00 4.22141E+00 4.22848E+00 5.81575E+00 5.81319E+00 5.81325E+00 5.81620E+00 4.22848E+00 4.22141E+00 2.39511E+00 1.16457E+02
3.07492E+00 4.88970E+00 4.89683E+00 6.47323E+00 6.47066E+00 6.47072E+00 6.47372E+00 4.89683E+00 4.88970E+00 3.07492E+00 1.37195E+02
3.80092E+00 5.60479E+00 5.61198E+00 7.17810E+00 7.17550E+00 7.17558E+00 7.17861E+00 5.61198E+00 5.60479E+00 3.80092E+00 1.59517E+02
4.57157E+00 6.36508E+00 6.37232E+00 7.92868E+00 7.92607E+00 7.92615E+00 7.92922E+00 6.37232E+00 6.36508E+00 4.57157E+00 1.83380E+02
5.38539E+00 7.16903E+00 7.17633E+00 8.72340E+00 8.72077E+00 8.72087E+00 8.72397E+00 7.17633E+00 7.16903E+00 5.38539E+00 2.08740E+02
6.24097E+00 8.01520E+00 8.02256E+00 9.56078E+00 9.55813E+00 9.55824E+00 9.56137E+00 8.02256E+00 8.01520E+00 6.24097E+00 2.35547E+02
7.13696E+00 8.90221E+00 8.90962E+00 1.04394E+01 1.04367E+01 1.04368E+01 1.04400E+01 8.90961E+00 8.90221E+00 7.13696E+00 2.63753E+02
8.07208E+00 9.82872E+00 9.83618E+00 1.13578E+01 1.13552E+01 1.13553E+01 1.13585E+01 9.83618E+00 9.82872E+00 8.07208E+00 2.93309E+02
9.04509E+00 1.07935E+01 1.08010E+01 1.23149E+01 1.23122E+01 1.23123E+01 1.23156E+01 1.08010E+01 1.07935E+01 9.04509E+00 3.24165E+02
1.00548E+01 1.17952E+01 1.18028E+01 1.33093E+01 1.33065E+01 1.33067E+01 1.33100E+01 1.18028E+01 1.17952E+01 1.00548E+01 3.56272E+02
1.11000E+01 1.28328E+01 1.28405E+01 1.43398E+01 1.43370E+01 1.43372E+01 1.43405E+01 1.28404E+01 1.28328E+01 1.11000E+01 3.89583E+02
1.21797E+01 1.39052E+01 1.39128E+01 1.54052E+01 1.54025E+01 1.54027E+01 1.54060E+01 1.39128E+01 1.39052E+01 1.21797E+01 4.24048E+02
1.32928E+01 1.50111E+01 1.50188E+01 1.65046E+01 1.65019E+01 1.65020E+01 1.65054E+01 1.50188E+01 1.50111E+01 1.32928E+01 4.59622E+02
1.44382E+01 1.61497E+01 1.61574E+01 1.76368E+01 1.76340E+01 1.76342E+01 1.76376E+01 1.61574E+01 1.61497E+01 1.44382E+01 4.96259E+02
1.56149E+01 1.73198E+01 1.73276E+01 1.88008E+01 1.87980E+01 1.87982E+01 1.88016E+01 1.73276E+01 1.73198E+01 1.56149E+01 5.33916E+02
1.68221E+01 1.85206E+01 1.85284E+01 1.99956E+01 1.99928E+01 1.99930E+01 1.99964E+01 1.85284E+01 1.85206E+01 1.68221E+01 5.72550E+02
1.80587E+01 1.97510E+01 1.97589E+01 2.12202E+01 2.12174E+01 2.12176E+01 2.12211E+01 1.97589E+01 1.97510E+01 1.80587E+01 6.12118E+02
1.93239E+01 2.10102E+01 2.10181E+01 2.24738E+01 2.24710E+01 2.24712E+01 2.24747E+01 2.10181E+01 2.10102E+01 1.93239E+01 6.52583E+02
2.06168E+01 2.22972E+01 2.23052E+01 2.37555E+01 2.37527E+01 2.37529E+01 2.37564E+01 2.23052E+01 2.22972E+01 2.06168E+01 6.93904E+02
2.19365E+01 2.36113E+01 2.36194E+01 2.50643E+01 2.50615E+01 2.50617E+01 2.50653E+01 2.36194E+01 2.36113E+01 2.19365E+01 7.36044E+02
2.32823E+01 2.49517E+01 2.49597E+01 2.63995E+01 2.63967E+01 2.63969E+01 2.64005E+01 2.49597E+01 2.49517E+01 2.32823E+01 7.78968E+02
2.46534E+01 2.63174E+01 2.63255E+01 2.77603E+01 2.77575E+01 2.77577E+01 2.77613E+01 2.63255E+01 2.63174E+01 2.46534E+01 8.22642E+02
2.60490E+01 2.77078E+01 2.77159E+01 2.91459E+01 2.91430E+01 2.91433E+01 2.91469E+01 2.77159E+01 2.77078E+01 2.60490E+01 8.67032E+02
2.74684E+01 2.91221E+01 2.91303E+01 3.05555E+01 3.05526E+01 3.05529E+01 3.05565E+01 2.91303E+01 2.91221E+01 2.74684E+01 9.12106E+02
2.89108E+01 3.05596E+01 3.05678E+01 3.19884E+01 3.19855E+01 3.19858E+01 3.19895E+01 3.05678E+01 3.05596E+01 2.89108E+01 9.57834E+02
3.03757E+01 3.20196E+01 3.20279E+01 3.34440E+01 3.34411E+01 3.34414E+01 3.34450E+01 3.20279E+01 3.20196E+01 3.03757E+01 1.00419E+03
3.18622E+01 3.35014E+01 3.35097E+01 3.49214E+01 3.49185E+01 3.49188E+01 3.49225E+01 3.35097E+01 3.35014E+01 3.18622E+01 1.05113E+03
3.33698E+01 3.50044E+01 3.50128E+01 3.64202E+01 3.64173E+01 3.64176E+01 3.64213E+01 3.50128E+01 3.50044E+01 3.33698E+01 1.09865E+03
3.48978E+01 3.65280E+01 3.65363E+01 3.79396E+01 3.79367E+01 3.79370E+01 3.79407E+01 3.65363E+01 3.65280E+01 3.48978E+01 1.14671E+03
3.64456E+01 3.80714E+01 3.80798E+01 3.94790E+01 3.94761E+01 3.94764E+01 3.94802E+01 3.80798E+01 3.80714E+01 3.64456E+01 1.19528E+03
3.80127E+01 3.96342E+01 3.96427E+01 4.10378E+01 4.10349E+01 4.10352E+01 4.10390E+01 3.96427E+01 3.96342E+01 3.80127E+01 1.24435E+03
3.95984E+01 4.12158E+01 4.12242E+01 4.26155E+01 4.26126E+01 4.26129E+01 4.26167E+01 4.12242E+01 4.12158E+01 3.95984E+01 1.29389E+03
4.12022E+01 4.28155E+01 4.28240E+01 4.42115E+01 4.42085E+01 4.42089E+01 4.42127E+01 4.28240E+01 4.28155E+01 4.12022E+01 1.34388E+03
4.28237E+01 4.44329E+01 4.44415E+01 4.58252E+01 4.58222E+01 4.58226E+01 4.58264E+01 4.44415E+01 4.44329E+01 4.28237E+01 1.39430E+03
4.44621E+01 4.60674E+01 4.60760E+01 4.74561E+01 4.74532E+01 4.74535E+01 4.74574E+01 4.60760E+01 4.60674E+01 4.44621E+01 1.44512E+03
4.61171E+01 4.77186E+01 4.77272E+01 4.91037E+01 4.91008E+01 4.91011E+01 4.91050E+01 4.77272E+01 4.77186E+01 4.61171E+01 1.49633E+03
4.77882E+01 4.93859E+01 4.93946E+01 5.07676E+01 5.07646E+01 5.07650E+01 5.07689E+01 4.93946E+01 4.93859E+01 4.77882E+01 1.54791E+03
4.94748E+01 5.10689E+01 5.10775E+01 5.24471E+01 5.24441E+01 5.24445E+01 5.24484E+01 5.10775E+01 5.10689E+01 4.94748E+01 1.59984E+03
0.00000E+00 0.00000E+00 -5.45289E-02 1.58499E+00 1.58259E+00 1.58252E+00 1.58507E+00 -5.45307E-02 0.00000E+00 0.00000E+00 -2.20749E+00
0.00000E+00 0.00000E+00 -1.93540E-02 1.58691E+00 1.58445E+00 1.58440E+00 1.58705E+00 -1.93554E-02 0.00000E+00 0.00000E+00 -6.06303E-01
0.00000E+00 7.78982E-02 8.45657E-02 1.66357E+00 1.66106E+00 1.66104E+00 1.66377E+00 8.45647E-02 7.78982E-02 0.00000E+00 1.91747E+00
0.00000E+00 2.44638E-01 2.51427E-01 1.80706E+00 1.80451E+00 1.80450E+00 1.80732E+00 2.51426E-01 2.44638E-01 0.00000E+00 5.56499E+00
0.00000E+00 4.70222E-01 4.77123E-01 2.01221E+00 2.00963E+00 2.00964E+00 2.01252E+00 4.77123E-01 4.70222E-01 0.00000E+00 1.05621E+01
0.00000E+00 7.50260E-01 7.57267E-01 2.27404E+00 2.27142E+00 2.27145E+00 2.27441E+00 7.57267E-01 7.50260E-01 0.00000E+00 1.70291E+01
0.00000E+00 1.08096E+00 1.08807E+00 2.58834E+00 2.58569E+00 2.58573E+00 2.58876E+00 1.08807E+00 1.08096E+00 0.00000E+00 2.50361E+01
0.00000E+00 1.45909E+00 1.46629E+00 2.95155E+00 2.94887E+00 2.94893E+00 2.95201E+00 1.46629E+00 1.45909E+00 0.00000E+00 3.46147E+01
1.54619E-01 1.86065E+00 1.86794E+00 3.33950E+00 3.33680E+00 3.33687E+00 3.34001E+00 1.86794E+00 1.86065E+00 1.54619E-01 4.57347E+01
5.82924E-01 2.27545E+00 2.28283E+00 3.74179E+00 3.73906E+00 3.73915E+00 3.74234E+00 2.28283E+00 2.27545E+00 5.82924E-01 5.82869E+01
1.05627E+00 2.73618E+00 2.74364E+00 4.19084E+00 4.18809E+00 4.18819E+00 4.19144E+00 2.74364E+00 2.73618E+00 1.05627E+00 7.22731E+01
1.57276E+00 3.24082E+00 3.24837E+00 4.68454E+00 4.68176E+00 4.68188E+00 4.68518E+00 3.24837E+00 3.24082E+00 1.57276E+00 8.76687E+01
2.13060E+00 3.78751E+00 3.79514E+00 5.22093E+00 5.21814E+00 5.21827E+00 5.22161E+00 3.79514E+00 3.78751E+00 2.13060E+00 1.04442E+02
2.72813E+00 4.37452E+00 4.38222E+00 5.79821E+00 5.79540E+00 5.79555E+00 5.79893E+00 4.38222E+00 4.37452E+00 2.72813E+00 1.22555E+02
3.36380E+00 5.00021E+00 5.00798E+00 6.41471E+00 6.41187E+00 6.41203E+00 6.41547E+00 5.00798E+00 5.00021E+00 3.36380E+00 1.41967E+02
4.03612E+00 5.66306E+00 5.67091E+00 7.06884E+00 7.06598E+00 7.06616E+00 7.06963E+00 5.67091E+00 5.66306E+00 4.03612E+00 1.62634E+02
4.74373E+00 6.36165E+00 6.36957E+00 7.75912E+00 7.75625E+00 7.75644E+00 7.75996E+00 6.36957E+00 6.36165E+00 4.74373E+00 1.84510E+02
5.48529E+00 7.09462E+00 7.10261E+00 8.48418E+00 8.48129E+00 8.48149E+00 8.48505E+00 7.10261E+00 7.09462E+00 5.48529E+00 2.07549E+02
6.25958E+00 7.86069E+00 7.86874E+00 9.24268E+00 9.23977E+00 9.23999E+00 9.24359E+00 7.86874E+00 7.86069E+00 6.25958E+00 2.31705E+02
7.06539E+00 8.65863E+00 8.66675E+00 1.00334E+01 1.00305E+01 1.00307E+01 1.00343E+01 8.66675E+00 8.65863E+00 7.06539E+00 2.56931E+02
7.90159E+00 9.48729E+00 9.49547E+00 1.08551E+01 1.08522E+01 1.08524E+01 1.08561E+01 9.49547E+00 9.48729E+00 7.90159E+00 2.83182E+02
8.76711E+00 1.03456E+01 1.03538E+01 1.17067E+01 1.17038E+01 1.17040E+01 1.17077E+01 1.03538E+01 1.03456E+01 8.76711E+00 3.10413E+02
9.66091E+00 1.12324E+01 1.12407E+01 1.25872E+01 1.25842E+01 1.25845E+01 1.25882E+01 1.12407E+01 1.12324E+01 9.66091E+00 3.38580E+02
1.05820E+01 1.21467E+01 1.21551E+01 1.34954E+01 1.34924E+01 1.34927E+01 1.34964E+01 1.21551E+01 1.21467E+01 1.05820E+01 3.67641E+02
1.15294E+01 1.30877E+01 1.30961E+01 1.44304E+01 1.44274E+01 1.44277E+01 1.44315E+01 1.30961E+01 1.30877E+01 1.15294E+01 3.97555E+02
1.25023E+01 1.40543E+01 1.40628E+01 1.53912E+01 1.53882E+01 1.53885E+01 1.53924E+01 1.40628E+01 1.40543E+01 1.25023E+01 4.28283E+02
1.34997E+01 1.50456E+01 1.50542E+01 1.63771E+01 1.63740E+01 1.63743E+01 1.63782E+01 1.50542E+01 1.50456E+01 1.34997E+01 4.59785E+02
1.45208E+01 1.60609E+01 1.60695E+01 1.73870E+01 1.73839E+01 1.73842E+01 1.73882E+01 1.60695E+01 1.60609E+01 1.45208E+01 4.92024E+02
1.55647E+01 1.70992E+01 1.71079E+01 1.84201E+01 1.84170E+01 1.84174E+01 1.84213E+01 1.71079E+01 1.70992E+01 1.55647E+01 5.24967E+02
1.66309E+01 1.81598E+01 1.81685E+01 1.94757E+01 1.94726E+01 1.94730E+01 1.94770E+01 1.81685E+01 1.81598E+01 1.66309E+01 5.58577E+02
1.77183E+01 1.92420E+01 1.92507E+01 2.05530E+01 2.05499E+01 2.05503E+01 2.05543E+01 1.92507E+01 1.92420E+01 1.77183E+01 5.92824E+02
1.88264E+01 2.03449E+01 2.03537E+01 2.16512E+01 2.16481E+01 2.16485E+01 2.16525E+01 2.03537E+01 2.03449E+01 1.88264E+01 6.27674E+02
1.99545E+01 2.14680E+01 2.14768E+01 2.27696E+01 2.27665E+01 2.27669E+01 2.27710E+01 2.14768E+01 2.14680E+01 1.99545E+01 6.63100E+02
2.11018E+01 2.26104E+01 2.26193E+01 2.39076E+01 2.39045E+01 2.39049E+01 2.39090E+01 2.26193E+01 2.26104E+01 2.11018E+01 6.99071E+02
2.22678E+01 2.37716E+01 2.37806E+01 2.50645E+01 2.50613E+01 2.50617E+01 2.50659E+01 2.37806E+01 2.37716E+01 2.22678E+01 7.35560E+02
2.34517E+01 2.49509E+01 2.49599E+01 2.62396E+01 2.62364E+01 2.62368E+01 2.62410E+01 2.49599E+01 2.49509E+01 2.34517E+01 7.72541E+02
2.46531E+01 2.61477E+01 2.61568E+01 2.74323E+01 2.74291E+01 2.74296E+01 2.74338E+01 2.61568E+01 2.61477E+01 2.46531E+01 8.09989E+02
2.58713E+01 2.73615E+01 2.73706E+01 2.86420E+01 2.86389E+01 2.86393E+01 2.86435E+01 2.73706E+01 2.73615E+01 2.58713E+01 8.47880E+02
2.71057E+01 2.85916E+01 2.86008E+01 2.98683E+01 2.98651E+01 2.98655E+01 2.98698E+01 2.86008E+01 2.85916E+01 2.71057E+01 8.86191E+02
2.83558E+01 2.98376E+01 2.98468E+01 3.11104E+01 3.11072E+01 3.11076E+01 3.11119E+01 2.98468E+01 2.98376E+01 2.83558E+01 9.24899E+02
2.96211E+01 3.10988E+01 3.11080E+01 3.23679E+01 3.23647E+01 3.23651E+01 3.23694E+01 3.11080E+01 3.10988E+01 2.96211E+01 9.63984E+02
3.09011E+01 3.23748E+01 3.23841E+01 3.36402E+01 3.36370E+01 3.36375E+01 3.36418E+01 3.23841E+01 3.23748E+01 3.09011E+01 1.00343E+03
3.21953E+01 3.36650E+01 3.36744E+01 3.49269E+01 3.49237E+01 3.49242E+01 3.49286E+01 3.36744E+01 3.36650E+01 3.21953E+01 1.04321E+03
3.35032E+01 3.49691E+01 3.49785E+01 3.62275E+01 3.62243E+01 3.62248E+01 3.62292E+01 3.49785E+01 3.49691E+01 3.35032E+01 1.08330E+03
3.48243E+01 3.62865E+01 3.62960E+01 3.75415E+01 3.75383E+01 3.75388E+01 3.75432E+01 3.62960E+01 3.62865E+01 3.48243E+01 1.12370E+03
3.61583E+01 3.76168E+01 3.76263E+01 3.88685E+01 3.88653E+01 3.88658E+01 3.88702E+01 3.76263E+01 3.76168E+01 3.61583E+01 1.16439E+03
3.75047E+01 3.89596E+01 3.89692E+01 4.02081E+01 4.02048E+01 4.02053E+01 4.02098E+01 3.89692E+01 3.89596E+01 3.75047E+01 1.20534E+03
3.88630E+01 4.03145E+01 4.03240E+01 4.15597E+01 4.15564E+01 4.15570E+01 4.15615E+01 4.03240E+01 4.03145E+01 3.88630E+01 1.24655E+03
4.02329E+01 4.16809E+01 4.16906E+01 4.29231E+01 4.29198E+01 4.29203E+01 4.29248E+01 4.16906E+01 4.16809E+01 4.02329E+01 1.28799E+03
4.16140E+01 4.30587E+01 4.30683E+01 4.42977E+01 4.42945E+01 4.42950E+01 4.42995E+01 4.30683E+01 4.30587E+01 4.16140E+01 1.32966E+03
0.00000E+00 0.00000E+00 -5.33499E-02 1.41970E+00 1.41708E+00 1.41707E+00 1.41994E+00 -5.33485E-02 0.00000E+00 0.00000E+00 -2.06656E+00
0.00000E+00 0.00000E+00 -1.78768E-02 1.42519E+00 1.42251E+00 1.42253E+00 1.42553E+00 -1.78753E-02 0.00000E+00 0.00000E+00 -5.68743E-01
0.00000E+00 7.36102E-02 8.07489E-02 1.49925E+00 1.49652E+00 1.49655E+00 1.49966E+00 8.07506E-02 7.36102E-02 0.00000E+00 1.80053E+00
0.00000E+00 2.28596E-01 2.35890E-01 1.63332E+00 1.63054E+00 1.63060E+00 1.63381E+00 2.35892E-01 2.28596E-01 0.00000E+00 5.21039E+00
0.00000E+00 4.35572E-01 4.43011E-01 1.82192E+00 1.81910E+00 1.81918E+00 1.82247E+00 4.43013E-01 4.35572E-01 0.00000E+00 9.84855E+00
0.00000E+00 6.90033E-01 6.97608E-01 2.06000E+00 2.05714E+00 2.05725E+00 2.06062E+00 6.97610E-01 6.90033E-01 0.00000E+00 1.58025E+01
0.00000E+00 9.88203E-01 9.95905E-01 2.34341E+00 2.34052E+00 2.34065E+00 2.34410E+00 9.95907E-01 9.88203E-01 0.00000E+00 2.31148E+01
0.00000E+00 1.32691E+00 1.33473E+00 2.66870E+00 2.66578E+00 2.66592E+00 2.66945E+00 1.33474E+00 1.32691E+00 0.00000E+00 3.17949E+01
1.38971E-01 1.68594E+00 1.69388E+00 3.01550E+00 3.01254E+00 3.01271E+00 3.01630E+00 1.69388E+00 1.68594E+00 1.38971E-01 4.17782E+01
5.22183E-01 2.05681E+00 2.06486E+00 3.37511E+00 3.37213E+00 3.37232E+00 3.37597E+00 2.06486E+00 2.05681E+00 5.22183E-01 5.29413E+01
9.43231E-01 2.46633E+00 2.47448E+00 3.77412E+00 3.77111E+00 3.77132E+00 3.77504E+00 2.47448E+00 2.46633E+00 9.43231E-01 6.53079E+01
1.40026E+00 2.91253E+00 2.92079E+00 4.21048E+00 4.20745E+00 4.20767E+00 4.21145E+00 2.92079E+00 2.91253E+00 1.40026E+00 7.88472E+01
1.89156E+00 3.39365E+00 3.40200E+00 4.68233E+00 4.67927E+00 4.67951E+00 4.68335E+00 3.40201E+00 3.39365E+00 1.89156E+00 9.35230E+01
2.41555E+00 3.90802E+00 3.91647E+00 5.18796E+00 5.18488E+00 5.18514E+00 5.18903E+00 3.91648E+00 3.90802E+00 2.41555E+00 1.09296E+02
2.97077E+00 4.45413E+00 4.46267E+00 5.72580E+00 5.72269E+00 5.72297E+00 5.72691E+00 4.46268E+00 4.45413E+00 2.97077E+00 1.26123E+02
3.55585E+00 5.03055E+00 5.03919E+00 6.29437E+00 6.29124E+00 6.29153E+00 6.29553E+00 5.03919E+00 5.03055E+00 3.55585E+00 1.43962E+02
4.16951E+00 5.63597E+00 5.64469E+00 6.89232E+00 6.88917E+00 6.88948E+00 6.89353E+00 5.64470E+00 5.63597E+00 4.16951E+00 1.62768E+02
4.81053E+00 6.26913E+00 6.27795E+00 7.51836E+00 7.51520E+00 7.51552E+00 7.51962E+00 6.27795E+00 6.26913E+00 4.81053E+00 1.82498E+02
5.47779E+00 6.92888E+00 6.93778E+00 8.17131E+00 8.16812E+00 8.16847E+00 8.17261E+00 6.93778E+00 6.92888E+00 5.47779E+00 2.03109E+02
6.17020E+00 7.61410E+00 7.62308E+00 8.85003E+00 8.84682E+00 8.84718E+00 8.85137E+00 7.62308E+00 7.61410E+00 6.17020E+00 2.24558E+02
6.88675E+00 8.32376E+00 8.33282E+00 9.55345E+00 9.55022E+00 9.55060E+00 9.55484E+00 8.33282E+00 8.32376E+00 6.88675E+00 2.46804E+02
7.62648E+00 9.05686E+00 9.06600E+00 1.02806E+01 1.02773E+01 1.02777E+01 1.02820E+01 9.06600E+00 9.05686E+00 7.62648E+00 2.69807E+02
8.38845E+00 9.81246E+00 9.82168E+00 1.10304E+01 1.10272E+01 1.10276E+01 1.10319E+01 9.82168E+00 9.81246E+00 8.38845E+00 2.93528E+02
9.17180E+00 1.05897E+01 1.05990E+01 1.18021E+01 1.17988E+01 1.17992E+01 1.18036E+01 1.05990E+01 1.05897E+01 9.17180E+00 3.17931E+02
9.97569E+00 1.13876E+01 1.13970E+01 1.25947E+01 1.25914E+01 1.25919E+01 1.25963E+01 1.13970E+01 1.13876E+01 9.97569E+00 3.42978E+02
1.07993E+01 1.22056E+01 1.22150E+01 1.34075E+01 1.34042E+01 1.34046E+01 1.34091E+01 1.22150E+01 1.22056E+01 1.07993E+01 3.68637E+02
1.16419E+01 1.30426E+01 1.30521E+01 1.42396E+01 1.42362E+01 1.42367E+01 1.42412E+01 1.30521E+01 1.30426E+01 1.16419E+01 3.94874E+02
1.25028E+01 1.38981E+01 1.39077E+01 1.50903E+01 1.50869E+01 1.50874E+01 1.50919E+01 1.39077E+01 1.38981E+01 1.25028E+01 4.21657E+02
1.33812E+01 1.47714E+01 1.47810E+01 1.59588E+01 1.59555E+01 1.59560E+01 1.59605E+01 1.47810E+01 1.47714E+01 1.33812E+01 4.48958E+02
1.42764E+01 1.56616E+01 1.56713E+01 1.68445E+01 1.68412E+01 1.68417E+01 1.68463E+01 1.56713E+01 1.56616E+01 1.42764E+01 4.76747E+02
1.51879E+01 1.65682E+01 1.65780E+01 1.77468E+01 1.77434E+01 1.77440E+01 1.77486E+01 1.65780E+01 1.65682E+01 1.51879E+01 5.04997E+02
1.61150E+01 1.74906E+01 1.75005E+01 1.86649E+01 1.86615E+01 1.86621E+01 1.86668E+01 1.75005E+01 1.74906E+01 1.61150E+01 5.33682E+02
1.70572E+01 1.84282E+01 1.84381E+01 1.95984E+01 1.95950E+01 1.95955E+01 1.96002E+01 1.84381E+01 1.84282E+01 1.70572E+01 5.62778E+02
1.80138E+01 1.93803E+01 1.93903E+01 2.05465E+01 2.05431E+01 2.05436E+01 2.05484E+01 1.93903E+01 1.93803E+01 1.80138E+01 5.92260E+02
1.89843E+01 2.03465E+01 2.03565E+01 2.15087E+01 2.15053E+01 2.15059E+01 2.15107E+01 2.03565E+01 2.03465E+01 1.89843E+01 6.22107E+02
1.99682E+01 2.13262E+01 2.13363E+01 2.24846E+01 2.24812E+01 2.24818E+01 2.24866E+01 2.13363E+01 2.13262E+01 1.99682E+01 6.52297E+02
2.09650E+01 2.23188E+01 2.23290E+01 2.34736E+01 2.34701E+01 2.34708E+01 2.34756E+01 2.23290E+01 2.23188E+01 2.09650E+01 6.82809E+02
2.19742E+01 2.33240E+01 2.33342E+01 2.44751E+01 2.44717E+01 2.44723E+01 2.44772E+01 2.33342E+01 2.33240E+01 2.19742E+01 7.13625E+02
2.29953E+01 2.43412E+01 2.43515E+01 2.54888E+01 2.54854E+01 2.54860E+01 2.54909E+01 2.43515E+01 2.43412E+01 2.29953E+01 7.44727E+02
2.40279E+01 2.53700E+01 2.53803E+01 2.65142E+01 2.65107E+01 2.65114E+01 2.65163E+01 2.53803E+01 2.53700E+01 2.40279E+01 7.76096E+02
2.50716E+01 2.64099E+01 2.64203E+01 2.75508E+01 2.75473E+01 2.75479E+01 2.75529E+01 2.64203E+01 2.64099E+01 2.50716E+01 8.07715E+02
2.61259E+01 2.74605E+01 2.74710E+01 2.85981E+01 2.85946E+01 2.85953E+01 2.86003E+01 2.74710E+01 2.74605E+01 2.61259E+01 8.39570E+02
2.71904E+01 2.85215E+01 2.85320E+01 2.96559E+01 2.96524E+01 2.96531E+01 2.96581E+01 2.85320E+01 2.85215E+01 2.71904E+01 8.71645E+02
2.82648E+01 2.95924E+01 2.96030E+01 3.07237E+01 3.07201E+01 3.07209E+01 3.07259E+01 2.96030E+01 2.95924E+01 2.82648E+01 9.03926E+02
2.93487E+01 3.06729E+01 3.06835E+01 3.18011E+01 3.17975E+01 3.17983E+01 3.18033E+01 3.06835E+01 3.06729E+01 2.93487E+01 9.36399E+02
3.04417E+01 3.17625E+01 3.17732E+01 3.28877E+01 3.28842E+01 3.28849E+01 3.28900E+01 3.17732E+01 3.17625E+01 3.04417E+01 9.69050E+02
3.15435E+01 3.28610E+01 3.28717E+01 3.39833E+01 3.39797E+01 3.39805E+01 3.39856E+01 3.28717E+01 3.28610E+01 3.15435E+01 1.00187E+03
3.26537E+01 3.39680E+01 3.39788E+01 3.50874E+01 3.50838E+01 3.50846E+01 3.50898E+01 3.39788E+01 3.39680E+01 3.26537E+01 1.03484E+03
3.37720E+01 3.50832E+01 3.50940E+01 3.61998E+01 3.61962E+01 3.61970E+01 3.62022E+01 3.50940E+01 3.50832E+01 3.37720E+01 1.06796E+03
3.48982E+01 3.62063E+01 3.62171E+01 3.73201E+01 3.73165E+01 3.73173E+01 3.73225E+01 3.62171E+01 3.62063E+01 3.48982E+01 1.10121E+03
0.00000E+00 0.00000E+00 -5.23739E-02 1.27076E+00 1.26789E+00 1.26794E+00 1.27124E+00 -5.23713E-02 0.00000E+00 0.00000E+00 -1.94216E+00
0.00000E+00 0.00000E+00 -1.63486E-02 1.27975E+00 1.27681E+00 1.27689E+00 1.28033E+00 -1.63460E-02 0.00000E+00 0.00000E+00 -5.34934E-01
0.00000E+00 6.96431E-02 7.74134E-02 1.35134E+00 1.34835E+00 1.34846E+00 1.35203E+00 7.74159E-02 6.96431E-02 0.00000E+00 1.69505E+00
0.00000E+00 2.13712E-01 2.21679E-01 1.47660E+00 1.47355E+00 1.47369E+00 1.47737E+00 2.21682E-01 2.13712E-01 0.00000E+00 4.88602E+00
0.00000E+00 4.03492E-01 4.11642E-01 1.64984E+00 1.64675E+00 1.64692E+00 1.65070E+00 4.11645E-01 4.03492E-01 0.00000E+00 9.19063E+00
0.00000E+00 6.34463E-01 6.42784E-01 1.86608E+00 1.86295E+00 1.86314E+00 1.86702E+00 6.42787E-01 6.34463E-01 0.00000E+00 1.46673E+01
0.00000E+00 9.02931E-01 9.11412E-01 2.12127E+00 2.11810E+00 2.11832E+00 2.12229E+00 9.11415E-01 9.02931E-01 0.00000E+00 2.13352E+01
0.00000E+00 1.20584E+00 1.21448E+00 2.41211E+00 2.40891E+00 2.40915E+00 2.41321E+00 1.21448E+00 1.20584E+00 0.00000E+00 2.91858E+01
1.24675E-01 1.52627E+00 1.53505E+00 2.72154E+00 2.71829E+00 2.71857E+00 2.72270E+00 1.53505E+00 1.52627E+00 1.24675E-01 3.81283E+01
4.66865E-01 1.85719E+00 1.86610E+00 3.04232E+00 3.03905E+00 3.03935E+00 3.04356E+00 1.86610E+00 1.85719E+00 4.66865E-01 4.80312E+01
8.40596E-01 2.22038E+00 2.22943E+00 3.39607E+00 3.39276E+00 3.39308E+00 3.39737E+00 2.22943E+00 2.22038E+00 8.40596E-01 5.89359E+01
1.24410E+00 2.61399E+00 2.62317E+00 3.78082E+00 3.77749E+00 3.77783E+00 3.78219E+00 2.62317E+00 2.61399E+00 1.24410E+00 7.08078E+01
1.67577E+00 3.03636E+00 3.04566E+00 4.19485E+00 4.19149E+00 4.19186E+00 4.19628E+00 3.04566E+00 3.03636E+00 1.67577E+00 8.36086E+01
2.13414E+00 3.48593E+00 3.49535E+00 4.63656E+00 4.63317E+00 4.63356E+00 4.63805E+00 3.49535E+00 3.48593E+00 2.13414E+00 9.72979E+01
2.61784E+00 3.96130E+00 3.97084E+00 5.10449E+00 5.10108E+00 5.10149E+00 5.10605E+00 3.97084E+00 3.96130E+00 2.61784E+00 1.11835E+02
3.12562E+00 4.46118E+00 4.47083E+00 5.59730E+00 5.59387E+00 5.59431E+00 5.59892E+00 4.47083E+00 4.46118E+00 3.12562E+00 1.27177E+02
3.65632E+00 4.98435E+00 4.99411E+00 6.11376E+00 6.11030E+00 6.11076E+00 6.11543E+00 4.99411E+00 4.98435E+00 3.65632E+00 1.43284E+02
4.20885E+00 5.52970E+00 5.53956E+00 6.65270E+00 6.64922E+00 6.64970E+00 6.65443E+00 5.53956E+00 5.52970E+00 4.20885E+00 1.60115E+02
4.78218E+00 6.09616E+00 6.10613E+00 7.21305E+00 7.20955E+00 7.21005E+00 7.21484E+00 6.10613E+00 6.09616E+00 4.78218E+00 1.77631E+02
5.37535E+00 6.68277E+00 6.69284E+00 7.79380E+00 7.79028E+00 7.79080E+00 7.79564E+00 6.69284E+00 6.68277E+00 5.37535E+00 1.95794E+02
5.98747E+00 7.28858E+00 7.29875E+00 8.39400E+00 8.39047E+00 8.39101E+00 8.39590E+00 7.29875E+00 7.28858E+00 5.98747E+00 2.14567E+02
6.61767E+00 7.91273E+00 7.92300E+00 9.01277E+00 9.00921E+00 9.00978E+00 9.01472E+00 7.92300E+00 7.91273E+00 6.61767E+00 2.33914E+02
7.26516E+00 8.55440E+00 8.56476E+00 9.64926E+00 9.64568E+00 9.64626E+00 9.65126E+00 8.56476E+00 8.55440E+00 7.26516E+00 2.53803E+02
7.92916E+00 9.21279E+00 9.22324E+00 1.03027E+01 1.02991E+01 1.02997E+01 1.03047E+01 9.22324E+00 9.21279E+00 7.92916E+00 2.74201E+02
8.60895E+00 9.88717E+00 9.89772E+00 1.09722E+01 1.09686E+01 1.09693E+01 1.09744E+01 9.89772E+00 9.88717E+00 8.60895E+00 2.95078E+02
9.30385E+00 1.05768E+01 1.05875E+01 1.16573E+01 1.16537E+01 1.16543E+01 1.16594E+01 1.05875E+01 1.05768E+01 9.30385E+00 3.16403E+02
1.00132E+01 1.12811E+01 1.12919E+01 1.23571E+01 1.23534E+01 1.23541E+01 1.23593E+01 1.12919E+01 1.12811E+01 1.00132E+01 3.38151E+02
1.07363E+01 1.19994E+01 1.20102E+01 1.30710E+01 1.30674E+01 1.30681E+01 1.30733E+01 1.20102E+01 1.19994E+01 1.07363E+01 3.60294E+02
1.14727E+01 1.27311E+01 1.27420E+01 1.37985E+01 1.37948E+01 1.37955E+01 1.38008E+01 1.27420E+01 1.27311E+01 1.14727E+01 3.82808E+02
1.22218E+01 1.34755E+01 1.34865E+01 1.45389E+01 1.45352E+01 1.45359E+01 1.45412E+01 1.34865E+01 1.34755E+01 1.22218E+01 4.05669E+02
1.29829E+01 1.42322E+01 1.42433E+01 1.52917E+01 1.52880E+01 1.52887E+01 1.52941E+01 1.42433E+01 1.42322E+01 1.29829E+01 4.28854E+02
1.37557E+01 1.50007E+01 1.50118E+01 1.60563E+01 1.60525E+01 1.60533E+01 1.60587E+01 1.50118E+01 1.50007E+01 1.37557E+01 4.52343E+02
1.45395E+01 1.57803E+01 1.57915E+01 1.68322E+01 1.68285E+01 1.68293E+01 1.68347E+01 1.57915E+01 1.57803E+01 1.45395E+01 4.76115E+02
1.53340E+01 1.65707E+01 1.65820E+01 1.76190E+01 1.76153E+01 1.76161E+01 1.76216E+01 1.65820E+01 1.65707E+01 1.53340E+01 5.00152E+02
1.61387E+01 1.73714E+01 1.73828E+01 1.84162E+01 1.84124E+01 1.84132E+01 1.84188E+01 1.73828E+01 1.73714E+01 1.61387E+01 5.24435E+02
1.69531E+01 1.81820E+01 1.81934E+01 1.92233E+01 1.92195E+01 1.92204E+01 1.92259E+01 1.81934E+01 1.81820E+01 1.69531E+01 5.48948E+02
1.77768E+01 1.90019E+01 1.90134E+01 2.00399E+01 2.00362E+01 2.00370E+01 2.00426E+01 1.90134E+01 1.90019E+01 1.77768E+01 5.73674E+02
1.86095E+01 1.98309E+01 1.98425E+01 2.08657E+01 2.08619E+01 2.08628E+01 2.08684E+01 1.98425E+01 1.98309E+01 1.86095E+01 5.98598E+02
1.94507E+01 2.06685E+01 2.06802E+01 2.17002E+01 2.16963E+01 2.16972E+01 2.17029E+01 2.06802E+01 2.06685E+01 1.94507E+01 6.23706E+02
2.03001E+01 2.15144E+01 2.15262E+01 2.25430E+01 2.25391E+01 2.25400E+01 2.25458E+01 2.15262E+01 2.15144E+01 2.03001E+01 6.48984E+02
2.11574E+01 2.23683E+01 2.23800E+01 2.33938E+01 2.33899E+01 2.33909E+01 2.33966E+01 2.23800E+01 2.23683E+01 2.11574E+01 6.74418E+02
2.20221E+01 2.32296E+01 2.32415E+01 2.42522E+01 2.42484E+01 2.42493E+01 2.42551E+01 2.32415E+01 2.32296E+01 2.20221E+01 6.99998E+02
2.28940E+01 2.40983E+01 2.41102E+01 2.51180E+01 2.51141E+01 2.51151E+01 2.51209E+01 2.41102E+01 2.40983E+01 2.28940E+01 7.25711E+02
2.37728E+01 2.49739E+01 2.49859E+01 2.59907E+01 2.59869E+01 2.59878E+01 2.59937E+01 2.49859E+01 2.49739E+01 2.37728E+01 7.51546E+02
2.46581E+01 2.58561E+01 2.58681E+01 2.68702E+01 2.68663E+01 2.68673E+01 2.68732E+01 2.58681E+01 2.58561E+01 2.46581E+01 7.77493E+02
2.55497E+01 2.67446E+01 2.67567E+01 2.77561E+01 2.77522E+01 2.77532E+01 2.77591E+01 2.67567E+01 2.67446E+01 2.55497E+01 8.03542E+02
2.64473E+01 2.76392E+01 2.76514E+01 2.86480E+01 2.86441E+01 2.86452E+01 2.86512E+01 2.76514E+01 2.76392E+01 2.64473E+01 8.29683E+02
2.73507E+01 2.85397E+01 2.85519E+01 2.95459E+01 2.95420E+01 2.95430E+01 2.95490E+01 2.85519E+01 2.85397E+01 2.73507E+01 8.55908E+02
2.82595E+01 2.94456E+01 2.94580E+01 3.04493E+01 3.04454E+01 3.04465E+01 3.04525E+01 2.94580E+01 2.94456E+01 2.82595E+01 8.82209E+02
2.91736E+01 3.03569E+01 3.03693E+01 3.13581E+01 3.13542E+01 3.13553E+01 3.13614E+01 3.03693E+01 3.03569E+01 2.91736E+01 9.08576E+02
0.00000E+00 0.00000E+00 -5.15129E-02 1.13655E+00 1.13340E+00 1.13350E+00 1.13728E+00 -5.15106E-02 0.00000E+00 0.00000E+00 -1.83281E+00
0.00000E+00 0.00000E+00 -1.47219E-02 1.14892E+00 1.14570E+00 1.14584E+00 1.14979E+00 -1.47197E-02 0.00000E+00 0.00000E+00 -5.04342E-01
0.00000E+00 6.59588E-02 7.45546E-02 1.21818E+00 1.21489E+00 1.21507E+00 1.21917E+00 7.45567E-02 6.59588E-02 0.00000E+00 1.60015E+00
0.00000E+00 1.99872E-01 2.08715E-01 1.33517E+00 1.33182E+00 1.33204E+00 1.33627E+00 2.08717E-01 1.99872E-01 0.00000E+00 4.58921E+00
0.00000E+00 3.73752E-01 3.82823E-01 1.49417E+00 1.49077E+00 1.49103E+00 1.49538E+00 3.82825E-01 3.73752E-01 0.00000E+00 8.58341E+00
0.00000E+00 5.83151E-01 5.92435E-01 1.69032E+00 1.68687E+00 1.68716E+00 1.69162E+00 5.92437E-01 5.83151E-01 0.00000E+00 1.36158E+01
0.00000E+00 8.24514E-01 8.33998E-01 1.91974E+00 1.91625E+00 1.91657E+00 1.92114E+00 8.34000E-01 8.24514E-01 0.00000E+00 1.96860E+01
0.00000E+00 1.09495E+00 1.10462E+00 2.17931E+00 2.17578E+00 2.17614E+00 2.18081E+00 1.10462E+00 1.09495E+00 0.00000E+00 2.67711E+01
1.11624E-01 1.38037E+00 1.39022E+00 2.45483E+00 2.45126E+00 2.45165E+00 2.45641E+00 1.39022E+00 1.38037E+00 1.11624E-01 3.47616E+01
4.16533E-01 1.67497E+00 1.68499E+00 2.74032E+00 2.73672E+00 2.73714E+00 2.74200E+00 1.68499E+00 1.67497E+00 4.16533E-01 4.35226E+01
7.47508E-01 1.99632E+00 2.00650E+00 3.05317E+00 3.04953E+00 3.04998E+00 3.05493E+00 2.00650E+00 1.99632E+00 7.47508E-01 5.31098E+01
1.10290E+00 2.34267E+00 2.35301E+00 3.39155E+00 3.38788E+00 3.38837E+00 3.39339E+00 2.35301E+00 2.34267E+00 1.10290E+00 6.34865E+01
1.48121E+00 2.71248E+00 2.72297E+00 3.75386E+00 3.75016E+00 3.75068E+00 3.75578E+00 2.72297E+00 2.71248E+00 1.48121E+00 7.46140E+01
1.88110E+00 3.10433E+00 3.11497E+00 4.13864E+00 4.13491E+00 4.13546E+00 4.14064E+00 3.11497E+00 3.10433E+00 1.88110E+00 8.64529E+01
2.30133E+00 3.51695E+00 3.52773E+00 4.54456E+00 4.54081E+00 4.54138E+00 4.54664E+00 3.52774E+00 3.51695E+00 2.30133E+00 9.89637E+01
2.74076E+00 3.94916E+00 3.96008E+00 4.97042E+00 4.96664E+00 4.96724E+00 4.97258E+00 3.96008E+00 3.94916E+00 2.74076E+00 1.12108E+02
3.19836E+00 4.39988E+00 4.41094E+00 5.41509E+00 5.41129E+00 5.41192E+00 5.41733E+00 4.41094E+00 4.39988E+00 3.19836E+00 1.25847E+02
3.67315E+00 4.86810E+00 4.87929E+00 5.87755E+00 5.87373E+00 5.87439E+00 5.87986E+00 4.87929E+00 4.86810E+00 3.67315E+00 1.40145E+02
4.16422E+00 5.35290E+00 5.36422E+00 6.35685E+00 6.35300E+00 6.35369E+00 6.35923E+00 5.36422E+00 5.35290E+00 4.16422E+00 1.54967E+02
4.67073E+00 5.85341E+00 5.86485E+00 6.85210E+00 6.84823E+00 6.84894E+00 6.85455E+00 5.86485E+00 5.85341E+00 4.67073E+00 1.70278E+02
5.19190E+00 6.36882E+00 6.38038E+00 7.36246E+00 7.35856E+00 7.35931E+00 7.36498E+00 6.38038E+00 6.36882E+00 5.19190E+00 1.86048E+02
5.72698E+00 6.89836E+00 6.91004E+00 7.88716E+00 7.88324E+00 7.88402E+00 7.88975E+00 6.91005E+00 6.89836E+00 5.72698E+00 2.02245E+02
6.27526E+00 7.44133E+00 7.45313E+00 8.42547E+00 8.42153E+00 8.42234E+00 8.42813E+00 7.45313E+00 7.44133E+00 6.27526E+00 2.18841E+02
6.83611E+00 7.99705E+00 8.00896E+00 8.97670E+00 8.97275E+00 8.97358E+00 8.97943E+00 8.00896E+00 7.99705E+00 6.83611E+00 2.35809E+02
7.40888E+00 8.56488E+00 8.57690E+00 9.54021E+00 9.53624E+00 9.53710E+00 9.54301E+00 8.57690E+00 8.56488E+00 7.40888E+00 2.53122E+02
7.99301E+00 9.14423E+00 9.15636E+00 1.01154E+01 1.01114E+01 1.01123E+01 1.01183E+01 9.15636E+00 9.14423E+00 7.99301E+00 2.70757E+02
8.58792E+00 9.73454E+00 9.74677E+00 1.07017E+01 1.06977E+01 1.06986E+01 1.07046E+01 9.74677E+00 9.73454E+00 8.58792E+00 2.88690E+02
9.19310E+00 1.03353E+01 1.03476E+01 1.12985E+01 1.12945E+01 1.12954E+01 1.13015E+01 1.03476E+01 1.03353E+01 9.19310E+00 3.06901E+02
9.80804E+00 1.09459E+01 1.09583E+01 1.19053E+01 1.19013E+01 1.19023E+01 1.19084E+01 1.09583E+01 1.09459E+01 9.80804E+00 3.25368E+02
1.04323E+01 1.15659E+01 1.15784E+01 1.25217E+01 1.25177E+01 1.25186E+01 1.25248E+01 1.15785E+01 1.15659E+01 1.04323E+01 3.44073E+02
1.10654E+01 1.21949E+01 1.22076E+01 1.31472E+01 1.31431E+01 1.31441E+01 1.31504E+01 1.22076E+01 1.21949E+01 1.10654E+01 3.62997E+02
1.17068E+01 1.28325E+01 1.28452E+01 1.37813E+01 1.37772E+01 1.37782E+01 1.37845E+01 1.28452E+01 1.28325E+01 1.17068E+01 3.82124E+02
1.23563E+01 1.34781E+01 1.34909E+01 1.44236E+01 1.44195E+01 1.44205E+01 1.44269E+01 1.34909E+01 1.34781E+01 1.23563E+01 4.01437E+02
1.30134E+01 1.41315E+01 1.41444E+01 1.50737E+01 1.50696E+01 1.50707E+01 1.50771E+01 1.41444E+01 1.41315E+01 1.30134E+01 4.20922E+02
1.36778E+01 1.47922E+01 1.48052E+01 1.57313E+01 1.57271E+01 1.57282E+01 1.57347E+01 1.48052E+01 1.47922E+01 1.36778E+01 4.40565E+02
1.43490E+01 1.54599E+01 1.54730E+01 1.63959E+01 1.63917E+01 1.63929E+01 1.63994E+01 1.54730E+01 1.54599E+01 1.43490E+01 4.60351E+02
1.50268E+01 1.61342E+01 1.61474E+01 1.70672E+01 1.70631E+01 1.70642E+01 1.70708E+01 1.61474E+01 1.61342E+01 1.50268E+01 4.80270E+02
1.57108E+01 1.68149E+01 1.68282E+01 1.77450E+01 1.77408E+01 1.77420E+01 1.77486E+01 1.68282E+01 1.68149E+01 1.57108E+01 5.00308E+02
1.64008E+01 1.75016E+01 1.75149E+01 1.84288E+01 1.84246E+01 1.84258E+01 1.84325E+01 1.75149E+01 1.75016E+01 1.64008E+01 5.20454E+02
1.70964E+01 1.81940E+01 1.82074E+01 1.91184E+01 1.91142E+01 1.91155E+01 1.91221E+01 1.82074E+01 1.81940E+01 1.70964E+01 5.40699E+02
1.77973E+01 1.88918E+01 1.89053E+01 1.98135E+01 1.98093E+01 1.98106E+01 1.98173E+01 1.89053E+01 1.88918E+01 1.77973E+01 5.61033E+02
1.85033E+01 1.95948E+01 1.96084E+01 2.05138E+01 2.05096E+01 2.05109E+01 2.05177E+01 1.96084E+01 1.95948E+01 1.85033E+01 5.81445E+02
1.92142E+01 2.03026E+01 2.03163E+01 2.12191E+01 2.12149E+01 2.12162E+01 2.12230E+01 2.03163E+01 2.03026E+01 1.92142E+01 6.01929E+02
1.99296E+01 2.10151E+01 2.10289E+01 2.19291E+01 2.19249E+01 2.19262E+01 2.19330E+01 2.10289E+01 2.10151E+01 1.99296E+01 6.22474E+02
2.06494E+01 2.17321E+01 2.17459E+01 2.26436E+01 2.26393E+01 2.26407E+01 2.26475E+01 2.17459E+01 2.17321E+01 2.06494E+01 6.43074E+02
2.13733E+01 2.24532E+01 2.24671E+01 2.33623E+01 2.33580E+01 2.33594E+01 2.33663E+01 2.24671E+01 2.24532E+01 2.13733E+01 6.63721E+02
2.21011E+01 2.31783E+01 2.31923E+01 2.40850E+01 2.40807E+01 2.40821E+01 2.40891E+01 2.31923E+01 2.31783E+01 2.21011E+01 6.84408E+02
2.28327E+01 2.39071E+01 2.39212E+01 2.48115E+01 2.48072E+01 2.48087E+01 2.48156E+01 2.39212E+01 2.39071E+01 2.28327E+01 7.05129E+02
2.35677E+01 2.46395E+01 2.46537E+01 2.55417E+01 2.55374E+01 2.55388E+01 2.55458E+01 2.46537E+01 2.46395E+01 2.35677E+01 7.25878E+02
2.43061E+01 2.53753E+01 2.53896E+01 2.62752E+01 2.62709E+01 2.62724E+01 2.62794E+01 2.53896E+01 2.53753E+01 2.43061E+01 7.46649E+02
0.00000E+00 0.00000E+00 -5.06700E-02 1.01560E+00 1.01213E+00 1.01227E+00 1.01660E+00 -5.06687E-02 0.00000E+00 0.00000E+00 -1.73718E+00
0.00000E+00 0.00000E+00 -1.29432E-02 1.03126E+00 1.02770E+00 1.02789E+00 1.03242E+00 -1.29420E-02 0.00000E+00 0.00000E+00 -4.76397E-01
0.00000E+00 6.25215E-02 7.21772E-02 1.09827E+00 1.09464E+00 1.09489E+00 1.09959E+00 7.21783E-02 6.25215E-02 0.00000E+00 1.51513E+00
0.00000E+00 1.86970E-01 1.96932E-01 1.20749E+00 1.20380E+00 1.20410E+00 1.20896E+00 1.96933E-01 1.86970E-01 0.00000E+00 4.31760E+00
0.00000E+00 3.46139E-01 3.56384E-01 1.35328E+00 1.34953E+00 1.34987E+00 1.35488E+00 3.56385E-01 3.46139E-01 0.00000E+00 8.02252E+00
0.00000E+00 5.35730E-01 5.46238E-01 1.53094E+00 1.52714E+00 1.52753E+00 1.53267E+00 5.46239E-01 5.35730E-01 0.00000E+00 1.26411E+01
0.00000E+00 7.52370E-01 7.63125E-01 1.73684E+00 1.73299E+00 1.73343E+00 1.73870E+00 7.63126E-01 7.52370E-01 0.00000E+00 1.81568E+01
0.00000E+00 9.93357E-01 1.00434E+00 1.96805E+00 1.96416E+00 1.96464E+00 1.97003E+00 1.00434E+00 9.93357E-01 0.00000E+00 2.45361E+01
9.97200E-02 1.24705E+00 1.25825E+00 2.21283E+00 2.20890E+00 2.20943E+00 2.21493E+00 1.25826E+00 1.24705E+00 9.97200E-02 3.16567E+01
3.70784E-01 1.50869E+00 1.52011E+00 2.46629E+00 2.46232E+00 2.46289E+00 2.46850E+00 1.52011E+00 1.50869E+00 3.70784E-01 3.93844E+01
6.63172E-01 1.79228E+00 1.80390E+00 2.74223E+00 2.73822E+00 2.73883E+00 2.74454E+00 1.80390E+00 1.79228E+00 6.63172E-01 4.77859E+01
9.75366E-01 2.09622E+00 2.10803E+00 3.03899E+00 3.03495E+00 3.03561E+00 3.04142E+00 2.10803E+00 2.09622E+00 9.75366E-01 5.68242E+01
1.30601E+00 2.41909E+00 2.43109E+00 3.35512E+00 3.35105E+00 3.35174E+00 3.35765E+00 2.43109E+00 2.41909E+00 1.30601E+00 6.64615E+01
1.65388E+00 2.75963E+00 2.77180E+00 3.68929E+00 3.68518E+00 3.68592E+00 3.69192E+00 2.77180E+00 2.75963E+00 1.65388E+00 7.66603E+01
2.01788E+00 3.11667E+00 3.12902E+00 4.04031E+00 4.03617E+00 4.03695E+00 4.04304E+00 3.12902E+00 3.11667E+00 2.01788E+00 8.73838E+01
2.39700E+00 3.48918E+00 3.50170E+00 4.40710E+00 4.40294E+00 4.40376E+00 4.40994E+00 3.50170E+00 3.48918E+00 2.39700E+00 9.85965E+01
2.79030E+00 3.87620E+00 3.88888E+00 4.78868E+00 4.78449E+00 4.78535E+00 4.79161E+00 3.88888E+00 3.87620E+00 2.79030E+00 1.10265E+02
3.19694E+00 4.27684E+00 4.28969E+00 5.18414E+00 5.17993E+00 5.18083E+00 5.18717E+00 4.28969E+00 4.27684E+00 3.19694E+00 1.22355E+02
3.61613E+00 4.69031E+00 4.70330E+00 5.59265E+00 5.58842E+00 5.58935E+00 5.59578E+00 4.70330E+00 4.69031E+00 3.61613E+00 1.34838E+02
4.04714E+00 5.11583E+00 5.12897E+00 6.01344E+00 6.00918E+00 6.01015E+00 6.01665E+00 5.12898E+00 5.11583E+00 4.04714E+00 1.47684E+02
4.48929E+00 5.55271E+00 5.56601E+00 6.44579E+00 6.44150E+00 6.44251E+00 6.44909E+00 5.56601E+00 5.55271E+00 4.48929E+00 1.60865E+02
4.94194E+00 6.00031E+00 6.01374E+00 6.88902E+00 6.88471E+00 6.88576E+00 6.89242E+00 6.01375E+00 6.00031E+00 4.94194E+00 1.74356E+02
5.40450E+00 6.45800E+00 6.47158E+00 7.34252E+00 7.33820E+00 7.33928E+00 7.34601E+00 6.47158E+00 6.45800E+00 5.40450E+00 1.88132E+02
5.87640E+00 6.92523E+00 6.93894E+00 7.80571E+00 7.80136E+00 7.80249E+00 7.80928E+00 6.93894E+00 6.92523E+00 5.87640E+00 2.02171E+02
6.35714E+00 7.40144E+00 7.41528E+00 8.27804E+00 8.27367E+00 8.27483E+00 8.28169E+00 7.41529E+00 7.40144E+00 6.35714E+00 2.16452E+02
6.84620E+00 7.88614E+00 7.90012E+00 8.75899E+00 8.75460E+00 8.75580E+00 8.76273E+00 7.90012E+00 7.88614E+00 6.84620E+00 2.30954E+02
7.34314E+00 8.37887E+00 8.39297E+00 9.24809E+00 9.24368E+00 9.24491E+00 9.25191E+00 8.39297E+00 8.37887E+00 7.34314E+00 2.45659E+02
7.84751E+00 8.87916E+00 8.89338E+00 9.74487E+00 9.74045E+00 9.74171E+00 9.74878E+00 8.89339E+00 8.87916E+00 7.84751E+00 2.60550E+02
8.35890E+00 9.38659E+00 9.40095E+00 1.02489E+01 1.02445E+01 1.02458E+01 1.02529E+01 9.40095E+00 9.38659E+00 8.35890E+00 2.75610E+02
8.87692E+00 9.90078E+00 9.91526E+00 1.07598E+01 1.07554E+01 1.07567E+01 1.07639E+01 9.91526E+00 9.90078E+00 8.87692E+00 2.90824E+02
9.40120E+00 1.04213E+01 1.04359E+01 1.12772E+01 1.12727E+01 1.12741E+01 1.12813E+01 1.04359E+01 1.04213E+01 9.40120E+00 3.06178E+02
9.93139E+00 1.09479E+01 1.09626E+01 1.18007E+01 1.17962E+01 1.17976E+01 1.18049E+01 1.09626E+01 1.09479E+01 9.93139E+00 3.21658E+02
1.04672E+01 1.14802E+01 1.14950E+01 1.23299E+01 1.23254E+01 1.23269E+01 1.23342E+01 1.14950E+01 1.14802E+01 1.04672E+01 3.37252E+02
1.10082E+01 1.20178E+01 1.20328E+01 1.28647E+01 1.28601E+01 1.28616E+01 1.28690E+01 1.20328E+01 1.20178E+01 1.10082E+01 3.52949E+02
1.15542E+01 1.25605E+01 1.25756E+01 1.34045E+01 1.34000E+01 1.34015E+01 1.34090E+01 1.25756E+01 1.25605E+01 1.15542E+01 3.68737E+02
1.21049E+01 1.31080E+01 1.31231E+01 1.39492E+01 1.39447E+01 1.39462E+01 1.39537E+01 1.31231E+01 1.31080E+01 1.21049E+01 3.84607E+02
1.26600E+01 1.36600E+01 1.36752E+01 1.44985E+01 1.44939E+01 1.44955E+01 1.45031E+01 1.36752E+01 1.36600E+01 1.26600E+01 4.00549E+02
1.32193E+01 1.42162E+01 1.42315E+01 1.50521E+01 1.50475E+01 1.50491E+01 1.50567E+01 1.42315E+01 1.42162E+01 1.32193E+01 4.16553E+02
1.37825E+01 1.47764E+01 1.47919E+01 1.56097E+01 1.56051E+01 1.56068E+01 1.56145E+01 1.47919E+01 1.47764E+01 1.37825E+01 4.32612E+02
1.43494E+01 1.53404E+01 1.53559E+01 1.61712E+01 1.61666E+01 1.61682E+01 1.61760E+01 1.53559E+01 1.53404E+01 1.43494E+01 4.48718E+02
1.49198E+01 1.59079E+01 1.59235E+01 1.67363E+01 1.67316E+01 1.67333E+01 1.67412E+01 1.59235E+01 1.59079E+01 1.49198E+01 4.64864E+02
1.54934E+01 1.64787E+01 1.64945E+01 1.73047E+01 1.73001E+01 1.73018E+01 1.73097E+01 1.64945E+01 1.64787E+01 1.54934E+01 4.81043E+02
1.60701E+01 1.70527E+01 1.70685E+01 1.78764E+01 1.78717E+01 1.78735E+01 1.78814E+01 1.70685E+01 1.70527E+01 1.60701E+01 4.97248E+02
1.66497E+01 1.76296E+01 1.76455E+01 1.84510E+01 1.84463E+01 1.84481E+01 1.84561E+01 1.76455E+01 1.76296E+01 1.66497E+01 5.13473E+02
1.72319E+01 1.82092E+01 1.82253E+01 1.90284E+01 1.90237E+01 1.90256E+01 1.90336E+01 1.82253E+01 1.82092E+01 1.72319E+01 5.29714E+02
1.78167E+01 1.87914E+01 1.88076E+01 1.96084E+01 1.96038E+01 1.96056E+01 1.96137E+01 1.88076E+01 1.87914E+01 1.78167E+01 5.45964E+02
1.84038E+01 1.93761E+01 1.93923E+01 2.01909E+01 2.01863E+01 2.01881E+01 2.01962E+01 1.93923E+01 1.93761E+01 1.84038E+01 5.62218E+02
1.89932E+01 1.99630E+01 1.99793E+01 2.07757E+01 2.07710E+01 2.07729E+01 2.07811E+01 1.99793E+01 1.99630E+01 1.89932E+01 5.78473E+02
1.95846E+01 2.05519E+01 2.05684E+01 2.13627E+01 2.13580E+01 2.13599E+01 2.13681E+01 2.05684E+01 2.05519E+01 1.95846E+01 5.94724E+02
2.01778E+01 2.11429E+01 2.11594E+01 2.19516E+01 2.19469E+01 2.19488E+01 2.19571E+01 2.11594E+01 2.11429E+01 2.01778E+01 6.10967E+02
0.00000E+00 0.00000E+00 -4.97369E-02 9.06624E-01 9.02786E-01 9.02960E-01 9.07916E-01 -4.97368E-02 0.00000E+00 0.00000E+00 -1.65407E+00
0.00000E+00 0.00000E+00 -1.09507E-02 9.25418E-01 9.21486E-01 9.21737E-01 9.26934E-01 -1.09506E-02 0.00000E+00 0.00000E+00 -4.50474E-01
0.00000E+00 5.92975E-02 7.02963E-02 9.90261E-01 9.86249E-01 9.86572E-01 9.91981E-01 7.02965E-02 5.92975E-02 0.00000E+00 1.43951E+00
0.00000E+00 1.74907E-01 1.86283E-01 1.09217E+00 1.08809E+00 1.08848E+00 1.09408E+00 1.86284E-01 1.74907E-01 0.00000E+00 4.06924E+00
0.00000E+00 3.20459E-01 3.32182E-01 1.22568E+00 1.22153E+00 1.22199E+00 1.22777E+00 3.32182E-01 3.20459E-01 0.00000E+00 7.50416E+00
0.00000E+00 4.91862E-01 5.03909E-01 1.38635E+00 1.38215E+00 1.38268E+00 1.38862E+00 5.03909E-01 4.91862E-01 0.00000E+00 1.17370E+01
0.00000E+00 6.85966E-01 6.98315E-01 1.57079E+00 1.56653E+00 1.56712E+00 1.57322E+00 6.98315E-01 6.85966E-01 0.00000E+00 1.67385E+01
0.00000E+00 9.00274E-01 9.12906E-01 1.77631E+00 1.77200E+00 1.77265E+00 1.77889E+00 9.12907E-01 9.00274E-01 0.00000E+00 2.24674E+01
8.88733E-02 1.12524E+00 1.13814E+00 1.99326E+00 1.98891E+00 1.98962E+00 1.99600E+00 1.13814E+00 1.12524E+00 8.88733E-02 2.87939E+01
3.29246E-01 1.35701E+00 1.37017E+00 2.21765E+00 2.21327E+00 2.21404E+00 2.22054E+00 1.37017E+00 1.35701E+00 3.29246E-01 3.55879E+01
5.86858E-01 1.60658E+00 1.61998E+00 2.46034E+00 2.45592E+00 2.45675E+00 2.46337E+00 1.61998E+00 1.60658E+00 5.86858E-01 4.29244E+01
8.60336E-01 1.87252E+00 1.88615E+00 2.71983E+00 2.71536E+00 2.71625E+00 2.72300E+00 1.88615E+00 1.87252E+00 8.60336E-01 5.07670E+01
1.14846E+00 2.15354E+00 2.16740E+00 2.99478E+00 2.99029E+00 2.99123E+00 2.99809E+00 2.16740E+00 2.15354E+00 1.14846E+00 5.90799E+01
1.45016E+00 2.44853E+00 2.46260E+00 3.28404E+00 3.27951E+00 3.28051E+00 3.28748E+00 2.46261E+00 2.44853E+00 1.45016E+00 6.78284E+01
1.76444E+00 2.75645E+00 2.77074E+00 3.58655E+00 3.58198E+00 3.58304E+00 3.59012E+00 2.77074E+00 2.75645E+00 1.76444E+00 7.69789E+01
2.09042E+00 3.07640E+00 3.09089E+00 3.90135E+00 3.89676E+00 3.89787E+00 3.90506E+00 3.09090E+00 3.07640E+00 2.09042E+00 8.64998E+01
2.42730E+00 3.40754E+00 3.42223E+00 4.22760E+00 4.22298E+00 4.22414E+00 4.23143E+00 3.42223E+00 3.40754E+00 2.42730E+00 9.63611E+01
2.77435E+00 3.74911E+00 3.76399E+00 4.56450E+00 4.55985E+00 4.56107E+00 4.56846E+00 3.76399E+00 3.74911E+00 2.77435E+00 1.06534E+02
3.13088E+00 4.10040E+00 4.11547E+00 4.91134E+00 4.90667E+00 4.90793E+00 4.91542E+00 4.11547E+00 4.10040E+00 3.13088E+00 1.16993E+02
3.49626E+00 4.46077E+00 4.47602E+00 5.26745E+00 5.26275E+00 5.26407E+00 5.27165E+00 4.47602E+00 4.46077E+00 3.49626E+00 1.27713E+02
3.86993E+00 4.82963E+00 4.84506E+00 5.63223E+00 5.62750E+00 5.62887E+00 5.63654E+00 4.84506E+00 4.82963E+00 3.86993E+00 1.38671E+02
4.25135E+00 5.20643E+00 5.22202E+00 6.00510E+00 6.00035E+00 6.00177E+00 6.00953E+00 5.22203E+00 5.20643E+00 4.25135E+00 1.49845E+02
4.64001E+00 5.59064E+00 5.60641E+00 6.38555E+00 6.38078E+00 6.38225E+00 6.39009E+00 5.60641E+00 5.59064E+00 4.64001E+00 1.61216E+02
5.03545E+00 5.98180E+00 5.99773E+00 6.77308E+00 6.76829E+00 6.76981E+00 6.77774E+00 5.99774E+00 5.98180E+00 5.03545E+00 1.72764E+02
5.43724E+00 6.37946E+00 6.39556E+00 7.16724E+00 7.16243E+00 7.16400E+00 7.17201E+00 6.39556E+00 6.37946E+00 5.43724E+00 1.84474E+02
5.84497E+00 6.78321E+00 6.79946E+00 7.56761E+00 7.56278E+00 7.56440E+00 7.57249E+00 6.79946E+00 6.78321E+00 5.84497E+00 1.96328E+02
6.25826E+00 7.19265E+00 7.20905E+00 7.97379E+00 7.96894E+00 7.97060E+00 7.97877E+00 7.20905E+00 7.19265E+00 6.25826E+00 2.08311E+02
6.67676E+00 7.60741E+00 7.62396E+00 8.38540E+00 8.38053E+00 8.38225E+00 8.39049E+00 7.62397E+00 7.60741E+00 6.67676E+00 2.20411E+02
7.10012E+00 8.02717E+00 8.04386E+00 8.80210E+00 8.79722E+00 8.79897E+00 8.80730E+00 8.04387E+00 8.02717E+00 7.10012E+00 2.32615E+02
7.52804E+00 8.45158E+00 8.46842E+00 9.22356E+00 9.21866E+00 9.22046E+00 9.22886E+00 8.46843E+00 8.45158E+00 7.52804E+00 2.44909E+02
7.96021E+00 8.88036E+00 8.89734E+00 9.64947E+00 9.64455E+00 9.64640E+00 9.65487E+00 8.89735E+00 8.88036E+00 7.96021E+00 2.57285E+02
8.39636E+00 9.31321E+00 9.33034E+00 1.00795E+01 1.00746E+01 1.00765E+01 1.00850E+01 9.33034E+00 9.31321E+00 8.39636E+00 2.69730E+02
8.83623E+00 9.74987E+00 9.76713E+00 1.05135E+01 1.05085E+01 1.05105E+01 1.05191E+01 9.76713E+00 9.74987E+00 8.83623E+00 2.82237E+02
9.27956E+00 1.01901E+01 1.02075E+01 1.09511E+01 1.09461E+01 1.09481E+01 1.09568E+01 1.02075E+01 1.01901E+01 9.27956E+00 2.94796E+02
9.72612E+00 1.06336E+01 1.06511E+01 1.13921E+01 1.13871E+01 1.13891E+01 1.13979E+01 1.06511E+01 1.06336E+01 9.72612E+00 3.07398E+02
1.01757E+01 1.10802E+01 1.10979E+01 1.18362E+01 1.18312E+01 1.18333E+01 1.18421E+01 1.10979E+01 1.10802E+01 1.01757E+01 3.20037E+02
1.06281E+01 1.15297E+01 1.15475E+01 1.22833E+01 1.22782E+01 1.22804E+01 1.22892E+01 1.15475E+01 1.15297E+01 1.06281E+01 3.32706E+02
1.10830E+01 1.19819E+01 1.19998E+01 1.27331E+01 1.27280E+01 1.27302E+01 1.27391E+01 1.19998E+01 1.19819E+01 1.10830E+01 3.45398E+02
1.15404E+01 1.24365E+01 1.24546E+01 1.31854E+01 1.31804E+01 1.31826E+01 1.31916E+01 1.24546E+01 1.24365E+01 1.15404E+01 3.58106E+02
1.20000E+01 1.28935E+01 1.29116E+01 1.36401E+01 1.36351E+01 1.36373E+01 1.36464E+01 1.29116E+01 1.28935E+01 1.20000E+01 3.70826E+02
1.24617E+01 1.33526E+01 1.33708E+01 1.40970E+01 1.40919E+01 1.40942E+01 1.41034E+01 1.33708E+01 1.33526E+01 1.24617E+01 3.83551E+02
1.29253E+01 1.38136E+01 1.38320E+01 1.45559E+01 1.45508E+01 1.45531E+01 1.45623E+01 1.38320E+01 1.38136E+01 1.29253E+01 3.96278E+02
1.33907E+01 1.42765E+01 1.42950E+01 1.50167E+01 1.50116E+01 1.50139E+01 1.50232E+01 1.42950E+01 1.42765E+01 1.33907E+01 4.09002E+02
1.38577E+01 1.47410E+01 1.47596E+01 1.54792E+01 1.54740E+01 1.54765E+01 1.54858E+01 1.47596E+01 1.47410E+01 1.38577E+01 4.21719E+02
1.43261E+01 1.52071E+01 1.52258E+01 1.59432E+01 1.59381E+01 1.59405E+01 1.59499E+01 1.52258E+01 1.52071E+01 1.43261E+01 4.34424E+02
1.47959E+01 1.56745E+01 1.56934E+01 1.64087E+01 1.64036E+01 1.64061E+01 1.64155E+01 1.56934E+01 1.56745E+01 1.47959E+01 4.47114E+02
1.52669E+01 1.61433E+01 1.61622E+01 1.68755E+01 1.68704E+01 1.68729E+01 1.68824E+01 1.61622E+01 1.61433E+01 1.52669E+01 4.59786E+02
1.57391E+01 1.66132E+01 1.66322E+01 1.73435E+01 1.73384E+01 1.73410E+01 1.73505E+01 1.66322E+01 1.66132E+01 1.57391E+01 4.72437E+02
1.62122E+01 1.70841E+01 1.71033E+01 1.78126E+01 1.78075E+01 1.78101E+01 1.78197E+01 1.71033E+01 1.70841E+01 1.62122E+01 4.85065E+02
1.66862E+01 1.75560E+01 1.75752E+01 1.82827E+01 1.82775E+01 1.82802E+01 1.82898E+01 1.75752E+01 1.75560E+01 1.66862E+01 4.97665E+02
0.00000E+00 0.00000E+00 -4.85917E-02 8.08454E-01 8.04194E-01 8.04417E-01 8.10123E-01 -4.85923E-02 0.00000E+00 0.00000E+00 -1.58234E+00
0.00000E+00 0.00000E+00 -8.67252E-03 8.30226E-01 8.25863E-01 8.26194E-01 8.32194E-01 -8.67300E-03 0.00000E+00 0.00000E+00 -4.25849E-01
0.00000E+00 5.62548E-02 6.89400E-02 8.92942E-01 8.88491E-01 8.88924E-01 8.95180E-01 6.89396E-02 5.62548E-02 0.00000E+00 1.37300E+00
0.00000E+00 1.63593E-01 1.76740E-01 9.87952E-01 9.83424E-01 9.83954E-01 9.90442E-01 1.76740E-01 1.63593E-01 0.00000E+00 3.84247E+00
0.00000E+00 2.96531E-01 3.10102E-01 1.11006E+00 1.10546E+00 1.10608E+00 1.11278E+00 3.10102E-01 2.96531E-01 0.00000E+00 7.02499E+00
0.00000E+00 4.51240E-01 4.65204E-01 1.25511E+00 1.25045E+00 1.25117E+00 1.25807E+00 4.65204E-01 4.51240E-01 0.00000E+00 1.08980E+01
0.00000E+00 6.24813E-01 6.39144E-01 1.41998E+00 1.41527E+00 1.41607E+00 1.42316E+00 6.39144E-01 6.24813E-01 0.00000E+00 1.54227E+01
0.00000E+00 8.14973E-01 8.29650E-01 1.60223E+00 1.59747E+00 1.59836E+00 1.60562E+00 8.29650E-01 8.14973E-01 0.00000E+00 2.05527E+01
7.90005E-02 1.01397E+00 1.02897E+00 1.79402E+00 1.78921E+00 1.79018E+00 1.79760E+00 1.02897E+00 1.01397E+00 7.90005E-02 2.61553E+01
2.91576E-01 1.21868E+00 1.23399E+00 1.99210E+00 1.98724E+00 1.98830E+00 1.99588E+00 1.23399E+00 1.21868E+00 2.91576E-01 3.21070E+01
5.17893E-01 1.43765E+00 1.45326E+00 2.20488E+00 2.19998E+00 2.20111E+00 2.20884E+00 1.45326E+00 1.43765E+00 5.17893E-01 3.84884E+01
7.56727E-01 1.66959E+00 1.68548E+00 2.43101E+00 2.42608E+00 2.42729E+00 2.43516E+00 1.68548E+00 1.66959E+00 7.56727E-01 4.52651E+01
1.00701E+00 1.91338E+00 1.92954E+00 2.66934E+00 2.66437E+00 2.66566E+00 2.67367E+00 1.92954E+00 1.91338E+00 1.00701E+00 5.24038E+01
1.26778E+00 2.16802E+00 2.18444E+00 2.91883E+00 2.91382E+00 2.91519E+00 2.92333E+00 2.18444E+00 2.16802E+00 1.26778E+00 5.98731E+01
1.53819E+00 2.43263E+00 2.44930E+00 3.17856E+00 3.17352E+00 3.17496E+00 3.18324E+00 2.44930E+00 2.43263E+00 1.53819E+00 6.76432E+01
1.81748E+00 2.70641E+00 2.72333E+00 3.44771E+00 3.44264E+00 3.44416E+00 3.45256E+00 2.72333E+00 2.70641E+00 1.81748E+00 7.56863E+01
2.10497E+00 2.98864E+00 3.00580E+00 3.72555E+00 3.72045E+00 3.72203E+00 3.73056E+00 3.00580E+00 2.98864E+00 2.10497E+00 8.39764E+01
2.40001E+00 3.27868E+00 3.29607E+00 4.01139E+00 4.00626E+00 4.00792E+00 4.01656E+00 3.29607E+00 3.27868E+00 2.40001E+00 9.24895E+01
2.70205E+00 3.57593E+00 3.59354E+00 4.30463E+00 4.29948E+00 4.30121E+00 4.30996E+00 3.59354E+00 3.57593E+00 2.70205E+00 1.01203E+02
3.01055E+00 3.87985E+00 3.89768E+00 4.60472E+00 4.59954E+00 4.60134E+00 4.61021E+00 3.89768E+00 3.87985E+00 3.01055E+00 1.10097E+02
3.32504E+00 4.18994E+00 4.20798E+00 4.91114E+00 4.90593E+00 4.90780E+00 4.91678E+00 4.20798E+00 4.18994E+00 3.32504E+00 1.19152E+02
3.64506E+00 4.50574E+00 4.52399E+00 5.22341E+00 5.21818E+00 5.22012E+00 5.22920E+00 4.52399E+00 4.50574E+00 3.64506E+00 1.28351E+02
3.97021E+00 4.82683E+00 4.84528E+00 5.54111E+00 5.53586E+00 5.53786E+00 5.54705E+00 4.84528E+00 4.82683E+00 3.97021E+00 1.37677E+02
4.30011E+00 5.15281E+00 5.17145E+00 5.86383E+00 5.85856E+00 5.86063E+00 5.86991E+00 5.17146E+00 5.15281E+00 4.30011E+00 1.47117E+02
4.63440E+00 5.48333E+00 5.50216E+00 6.19120E+00 6.18591E+00 6.18804E+00 6.19742E+00 5.50216E+00 5.48333E+00 4.63440E+00 1.56655E+02
4.97275E+00 5.81804E+00 5.83706E+00 6.52287E+00 6.51756E+00 6.51976E+00 6.52924E+00 5.83706E+00 5.81804E+00 4.97275E+00 1.66280E+02
5.31486E+00 6.15662E+00 6.17582E+00 6.85852E+00 6.85319E+00 6.85545E+00 6.86503E+00 6.17583E+00 6.15662E+00 5.31486E+00 1.75980E+02
5.66044E+00 6.49880E+00 6.51818E+00 7.19786E+00 7.19251E+00 7.19483E+00 7.20450E+00 6.51818E+00 6.49880E+00 5.66044E+00 1.85744E+02
6.00922E+00 6.84428E+00 6.86383E+00 7.54060E+00 7.53523E+00 7.53762E+00 7.54738E+00 6.86384E+00 6.84428E+00 6.00922E+00 1.95563E+02
6.36096E+00 7.19282E+00 7.21254E+00 7.88648E+00 7.88109E+00 7.88354E+00 7.89339E+00 7.21255E+00 7.19282E+00 6.36096E+00 2.05428E+02
6.71543E+00 7.54418E+00 7.56407E+00 8.23525E+00 8.22985E+00 8.23236E+00 8.24230E+00 7.56407E+00 7.54418E+00 6.71543E+00 2.15331E+02
7.07239E+00 7.89813E+00 7.91818E+00 8.58670E+00 8.58128E+00 8.58385E+00 8.59387E+00 7.91818E+00 7.89813E+00 7.07239E+00 2.25264E+02
7.43165E+00 8.25446E+00 8.27467E+00 8.94060E+00 8.93516E+00 8.93779E+00 8.94790E+00 8.27468E+00 8.25446E+00 7.43165E+00 2.35220E+02
7.79302E+00 8.61297E+00 8.63335E+00 9.29675E+00 9.29130E+00 9.29399E+00 9.30418E+00 8.63335E+00 8.61297E+00 7.79302E+00 2.45192E+02
8.15631E+00 8.97349E+00 8.99402E+00 9.65497E+00 9.64951E+00 9.65225E+00 9.66253E+00 8.99403E+00 8.97349E+00 8.15631E+00 2.55175E+02
8.52135E+00 9.33584E+00 9.35652E+00 1.00151E+01 1.00096E+01 1.00124E+01 1.00228E+01 9.35653E+00 9.33584E+00 8.52135E+00 2.65164E+02
8.88799E+00 9.69985E+00 9.72068E+00 1.03769E+01 1.03714E+01 1.03743E+01 1.03847E+01 9.72068E+00 9.69985E+00 8.88799E+00 2.75153E+02
9.25608E+00 1.00654E+01 1.00863E+01 1.07403E+01 1.07348E+01 1.07377E+01 1.07482E+01 1.00864E+01 1.00654E+01 9.25608E+00 2.85137E+02
9.62547E+00 1.04323E+01 1.04534E+01 1.11051E+01 1.10996E+01 1.11026E+01 1.11132E+01 1.04534E+01 1.04323E+01 9.62547E+00 2.95114E+02
9.99603E+00 1.08004E+01 1.08216E+01 1.14712E+01 1.14657E+01 1.14687E+01 1.14794E+01 1.08216E+01 1.08004E+01 9.99603E+00 3.05078E+02
1.03676E+01 1.11696E+01 1.11910E+01 1.18385E+01 1.18329E+01 1.18360E+01 1.18467E+01 1.11910E+01 1.11696E+01 1.03676E+01 3.15026E+02
1.07402E+01 1.15398E+01 1.15613E+01 1.22067E+01 1.22012E+01 1.22043E+01 1.22151E+01 1.15613E+01 1.15398E+01 1.07402E+01 3.24956E+02
1.11135E+01 1.19108E+01 1.19325E+01 1.25759E+01 1.25703E+01 1.25735E+01 1.25844E+01 1.19325E+01 1.19108E+01 1.11135E+01 3.34863E+02
1.14876E+01 1.22827E+01 1.23045E+01 1.29459E+01 1.29403E+01 1.29436E+01 1.29545E+01 1.23045E+01 1.22827E+01 1.14876E+01 3.44746E+02
1.18622E+01 1.26552E+01 1.26771E+01 1.33166E+01 1.33110E+01 1.33143E+01 1.33253E+01 1.26771E+01 1.26552E+01 1.18622E+01 3.54601E+02
1.22374E+01 1.30282E+01 1.30503E+01 1.36879E+01 1.36822E+01 1.36856E+01 1.36967E+01 1.30503E+01 1.30282E+01 1.22374E+01 3.64427E+02
1.26130E+01 1.34017E+01 1.34239E+01 1.40596E+01 1.40540E+01 1.40574E+01 1.40686E+01 1.34239E+01 1.34017E+01 1.26130E+01 3.74221E+02
1.29889E+01 1.37756E+01 1.37979E+01 1.44319E+01 1.44262E+01 1.44297E+01 1.44409E+01 1.37979E+01 1.37756E+01 1.29889E+01 3.83981E+02
1.33652E+01 1.41498E+01 1.41723E+01 1.48044E+01 1.47988E+01 1.48023E+01 1.48136E+01 1.41723E+01 1.41498E+01 1.33652E+01 3.93706E+02
1.37416E+01 1.45242E+01 1.45468E+01 1.51772E+01 1.51716E+01 1.51751E+01 1.51865E+01 1.45468E+01 1.45242E+01 1.37416E+01 4.03394E+02
0.00000E+00 0.00000E+00 -4.70959E-02 7.20059E-01 7.15314E-01 7.15620E-01 7.22239E-01 -4.70969E-02 0.00000E+00 0.00000E+00 -1.52082E+00
0.00000E+00 0.00000E+00 -6.02347E-03 7.44614E-01 7.39755E-01 7.40214E-01 7.47191E-01 -6.02422E-03 0.00000E+00 0.00000E+00 -4.01625E-01
0.00000E+00 5.33633E-02 6.81514E-02 8.05221E-01 8.00268E-01 8.00870E-01 8.08159E-01 6.81508E-02 5.33633E-02 0.00000E+00 1.31557E+00
0.00000E+00 1.52943E-01 1.68292E-01 8.93707E-01 8.88672E-01 8.89411E-01 8.96980E-01 1.68291E-01 1.52943E-01 0.00000E+00 3.63601E+00
0.00000E+00 2.74192E-01 2.90056E-01 1.00521E+00 1.00010E+00 1.00097E+00 1.00880E+00 2.90056E-01 2.74192E-01 0.00000E+00 6.58220E+00
0.00000E+00 4.13579E-01 4.29919E-01 1.13591E+00 1.13074E+00 1.13173E+00 1.13980E+00 4.29919E-01 4.13579E-01 0.00000E+00 1.01194E+01
0.00000E+00 5.68459E-01 5.85243E-01 1.28296E+00 1.27773E+00 1.27885E+00 1.28714E+00 5.85243E-01 5.68459E-01 0.00000E+00 1.42021E+01
0.00000E+00 7.36786E-01 7.53987E-01 1.44418E+00 1.43889E+00 1.44012E+00 1.44862E+00 7.53987E-01 7.36786E-01 0.00000E+00 1.87810E+01
7.00247E-02 9.12326E-01 9.29918E-01 1.61323E+00 1.60789E+00 1.60924E+00 1.61794E+00 9.29918E-01 9.12326E-01 7.00247E-02 2.37244E+01
2.57460E-01 1.09258E+00 1.11054E+00 1.78751E+00 1.78213E+00 1.78359E+00 1.79248E+00 1.11054E+00 1.09258E+00 2.57460E-01 2.89175E+01
4.55659E-01 1.28406E+00 1.30238E+00 1.97342E+00 1.96800E+00 1.96957E+00 1.97864E+00 1.30238E+00 1.28406E+00 4.55659E-01 3.44442E+01
6.63547E-01 1.48565E+00 1.50430E+00 2.16979E+00 2.16433E+00 2.16601E+00 2.17524E+00 1.50430E+00 1.48565E+00 6.63547E-01 4.02727E+01
8.80193E-01 1.69636E+00 1.71534E+00 2.37559E+00 2.37010E+00 2.37188E+00 2.38128E+00 1.71534E+00 1.69636E+00 8.80193E-01 4.63730E+01
1.10478E+00 1.91534E+00 1.93464E+00 2.58994E+00 2.58441E+00 2.58629E+00 2.59586E+00 1.93464E+00 1.91534E+00 1.10478E+00 5.27171E+01
1.33657E+00 2.14183E+00 2.16142E+00 2.81204E+00 2.80647E+00 2.80846E+00 2.81818E+00 2.16143E+00 2.14183E+00 1.33657E+00 5.92793E+01
1.57493E+00 2.37514E+00 2.39503E+00 3.04120E+00 3.03560E+00 3.03768E+00 3.04756E+00 2.39504E+00 2.37514E+00 1.57493E+00 6.60355E+01
1.81927E+00 2.61469E+00 2.63486E+00 3.27678E+00 3.27115E+00 3.27334E+00 3.28335E+00 2.63486E+00 2.61469E+00 1.81927E+00 7.29640E+01
2.06907E+00 2.85991E+00 2.88035E+00 3.51823E+00 3.51257E+00 3.51485E+00 3.52501E+00 2.88035E+00 2.85991E+00 2.06907E+00 8.00446E+01
2.32384E+00 3.11031E+00 3.13102E+00 3.76503E+00 3.75935E+00 3.76172E+00 3.77202E+00 3.13102E+00 3.11031E+00 2.32384E+00 8.72591E+01
2.58317E+00 3.36545E+00 3.38642E+00 4.01672E+00 4.01101E+00 4.01348E+00 4.02391E+00 3.38642E+00 3.36545E+00 2.58317E+00 9.45906E+01
2.84665E+00 3.62491E+00 3.64613E+00 4.27288E+00 4.26715E+00 4.26971E+00 4.28027E+00 3.64614E+00 3.62491E+00 2.84665E+00 1.02024E+02
3.11393E+00 3.88833E+00 3.90979E+00 4.53312E+00 4.52737E+00 4.53002E+00 4.54070E+00 3.90979E+00 3.88833E+00 3.11393E+00 1.09545E+02
3.38466E+00 4.15535E+00 4.17705E+00 4.79709E+00 4.79132E+00 4.79406E+00 4.80487E+00 4.17705E+00 4.15535E+00 3.38466E+00 1.17142E+02
3.65855E+00 4.42566E+00 4.44759E+00 5.06447E+00 5.05867E+00 5.06150E+00 5.07243E+00 4.44759E+00 4.42566E+00 3.65855E+00 1.24802E+02
3.93530E+00 4.69896E+00 4.72112E+00 5.33494E+00 5.32913E+00 5.33204E+00 5.34309E+00 4.72112E+00 4.69896E+00 3.93530E+00 1.32516E+02
4.21467E+00 4.97500E+00 4.99738E+00 5.60825E+00 5.60242E+00 5.60542E+00 5.61658E+00 4.99738E+00 4.97500E+00 4.21467E+00 1.40273E+02
4.49641E+00 5.25352E+00 5.27611E+00 5.88413E+00 5.87828E+00 5.88136E+00 5.89264E+00 5.27612E+00 5.25352E+00 4.49641E+00 1.48066E+02
4.78029E+00 5.53429E+00 5.55709E+00 6.16235E+00 6.15648E+00 6.15965E+00 6.17104E+00 5.55709E+00 5.53429E+00 4.78029E+00 1.55885E+02
5.06612E+00 5.81709E+00 5.84010E+00 6.44269E+00 6.43680E+00 6.44005E+00 6.45154E+00 5.84010E+00 5.81709E+00 5.06612E+00 1.63725E+02
5.35368E+00 6.10173E+00 6.12494E+00 6.72494E+00 6.71903E+00 6.72237E+00 6.73397E+00 6.12495E+00 6.10173E+00 5.35368E+00 1.71578E+02
5.64282E+00 6.38803E+00 6.41144E+00 7.00891E+00 7.00299E+00 7.00641E+00 7.01811E+00 6.41144E+00 6.38803E+00 5.64282E+00 1.79439E+02
5.93335E+00 6.67581E+00 6.69941E+00 7.29444E+00 7.28850E+00 7.29200E+00 7.30381E+00 6.69941E+00 6.67581E+00 5.93335E+00 1.87301E+02
6.22513E+00 6.96490E+00 6.98869E+00 7.58135E+00 7.57540E+00 7.57898E+00 7.59088E+00 6.98870E+00 6.96490E+00 6.22513E+00 1.95161E+02
6.51801E+00 7.25518E+00 7.27915E+00 7.86950E+00 7.86354E+00 7.86719E+00 7.87919E+00 7.27916E+00 7.25518E+00 6.51801E+00 2.03014E+02
6.81185E+00 7.54648E+00 7.57064E+00 8.15874E+00 8.15276E+00 8.15649E+00 8.16859E+00 7.57065E+00 7.54648E+00 6.81185E+00 2.10855E+02
7.10653E+00 7.83869E+00 7.86303E+00 8.44894E+00 8.44295E+00 8.44675E+00 8.45895E+00 7.86304E+00 7.83869E+00 7.10653E+00 2.18681E+02
7.40193E+00 8.13169E+00 8.15620E+00 8.73997E+00 8.73397E+00 8.73785E+00 8.75014E+00 8.15620E+00 8.13169E+00 7.40193E+00 2.26489E+02
7.69793E+00 8.42535E+00 8.45003E+00 9.03172E+00 9.02571E+00 9.02966E+00 9.04205E+00 8.45004E+00 8.42535E+00 7.69793E+00 2.34276E+02
7.99445E+00 8.71958E+00 8.74443E+00 9.32409E+00 9.31806E+00 9.32209E+00 9.33456E+00 8.74443E+00 8.71958E+00 7.99445E+00 2.42038E+02
8.29137E+00 9.01427E+00 9.03929E+00 9.61696E+00 9.61092E+00 9.61502E+00 9.62759E+00 9.03929E+00 9.01427E+00 8.29137E+00 2.49773E+02
8.58861E+00 9.30933E+00 9.33451E+00 9.91025E+00 9.90420E+00 9.90837E+00 9.92103E+00 9.33452E+00 9.30933E+00 8.58861E+00 2.57480E+02
8.88609E+00 9.60467E+00 9.63002E+00 1.02039E+01 1.01978E+01 1.02021E+01 1.02148E+01 9.63003E+00 9.60467E+00 8.88609E+00 2.65156E+02
9.18373E+00 9.90022E+00 9.92573E+00 1.04977E+01 1.04916E+01 1.04960E+01 1.05088E+01 9.92573E+00 9.90022E+00 9.18373E+00 2.72799E+02
9.48144E+00 1.01959E+01 1.02216E+01 1.07917E+01 1.07857E+01 1.07901E+01 1.08030E+01 1.02216E+01 1.01959E+01 9.48144E+00 2.80407E+02
9.77917E+00 1.04916E+01 1.05174E+01 1.10859E+01 1.10798E+01 1.10842E+01 1.10972E+01 1.05175E+01 1.04916E+01 9.77917E+00 2.87980E+02
1.00768E+01 1.07874E+01 1.08133E+01 1.13800E+01 1.13739E+01 1.13784E+01 1.13915E+01 1.08133E+01 1.07874E+01 1.00768E+01 2.95515E+02
1.03744E+01 1.10830E+01 1.11091E+01 1.16741E+01 1.16680E+01 1.16726E+01 1.16857E+01 1.11091E+01 1.10830E+01 1.03744E+01 3.03012E+02
1.06718E+01 1.13785E+01 1.14048E+01 1.19681E+01 1.19620E+01 1.19666E+01 1.19799E+01 1.14048E+01 1.13785E+01 1.06718E+01 3.10469E+02
1.09689E+01 1.16738E+01 1.17002E+01 1.22619E+01 1.22558E+01 1.22605E+01 1.22738E+01 1.17002E+01 1.16738E+01 1.09689E+01 3.17886E+02
1.12658E+01 1.19689E+01 1.19955E+01 1.25555E+01 1.25494E+01 1.25542E+01 1.25676E+01 1.19955E+01 1.19689E+01 1.12658E+01 3.25261E+02
0.00000E+00 0.00000E+00 -4.50927E-02 6.40528E-01 6.35222E-01 6.35668E-01 6.43415E-01 -4.50937E-02 0.00000E+00 0.00000E+00 -1.46817E+00
0.00000E+00 0.00000E+00 -2.90255E-03 6.67629E-01 6.62202E-01 6.62864E-01 6.71045E-01 -2.90328E-03 0.00000E+00 0.00000E+00 -3.76631E-01
0.00000E+00 5.05952E-02 6.79923E-02 7.26123E-01 7.20596E-01 7.21458E-01 7.30016E-01 6.79919E-02 5.05952E-02 0.00000E+00 1.26754E+00
0.00000E+00 1.42879E-01 1.60955E-01 8.08427E-01 8.02814E-01 8.03865E-01 8.12763E-01 1.60954E-01 1.42879E-01 0.00000E+00 3.44901E+00
0.00000E+00 2.53290E-01 2.71987E-01 9.10069E-01 9.04381E-01 9.05612E-01 9.14821E-01 2.71987E-01 2.53290E-01 0.00000E+00 6.17344E+00
0.00000E+00 3.78620E-01 3.97889E-01 1.02758E+00 1.02183E+00 1.02323E+00 1.03273E+00 3.97889E-01 3.78620E-01 0.00000E+00 9.39692E+00
0.00000E+00 5.16496E-01 5.36298E-01 1.15842E+00 1.15261E+00 1.15418E+00 1.16394E+00 5.36299E-01 5.16496E-01 0.00000E+00 1.30698E+01
0.00000E+00 6.65103E-01 6.85404E-01 1.30063E+00 1.29476E+00 1.29649E+00 1.30651E+00 6.85405E-01 6.65103E-01 0.00000E+00 1.71423E+01
6.18754E-02 8.19482E-01 8.40252E-01 1.44917E+00 1.44326E+00 1.44514E+00 1.45540E+00 8.40253E-01 8.19482E-01 6.18754E-02 2.14865E+01
2.26608E-01 9.77648E-01 9.98859E-01 1.60197E+00 1.59601E+00 1.59805E+00 1.60853E+00 9.98861E-01 9.77648E-01 2.26608E-01 2.59975E+01
3.99586E-01 1.14449E+00 1.16612E+00 1.76381E+00 1.75780E+00 1.75999E+00 1.77068E+00 1.16612E+00 1.14449E+00 3.99586E-01 3.07609E+01
5.79887E-01 1.31903E+00 1.34107E+00 1.93365E+00 1.92761E+00 1.92994E+00 1.94084E+00 1.34107E+00 1.31903E+00 5.79887E-01 3.57480E+01
7.66711E-01 1.50043E+00 1.52286E+00 2.11064E+00 2.10456E+00 2.10703E+00 2.11813E+00 1.52286E+00 1.50043E+00 7.66711E-01 4.09324E+01
9.59367E-01 1.68797E+00 1.71076E+00 2.29401E+00 2.28789E+00 2.29051E+00 2.30180E+00 1.71076E+00 1.68797E+00 9.59367E-01 4.62898E+01
1.15724E+00 1.88099E+00 1.90414E+00 2.48309E+00 2.47695E+00 2.47969E+00 2.49117E+00 1.90415E+00 1.88099E+00 1.15724E+00 5.17984E+01
1.35980E+00 2.07894E+00 2.10244E+00 2.67730E+00 2.67113E+00 2.67401E+00 2.68566E+00 2.10244E+00 2.07894E+00 1.35980E+00 5.74380E+01
1.56656E+00 2.28131E+00 2.30515E+00 2.87611E+00 2.86991E+00 2.87292E+00 2.88475E+00 2.30515E+00 2.28131E+00 1.56656E+00 6.31907E+01
1.77709E+00 2.48766E+00 2.51182E+00 3.07906E+00 3.07284E+00 3.07598E+00 3.08798E+00 2.51182E+00 2.48766E+00 1.77709E+00 6.90402E+01
1.99100E+00 2.69757E+00 2.72204E+00 3.28574E+00 3.27949E+00 3.28276E+00 3.29492E+00 2.72205E+00 2.69757E+00 1.99100E+00 7.49717E+01
2.20795E+00 2.91069E+00 2.93546E+00 3.49576E+00 3.48948E+00 3.49288E+00 3.50520E+00 2.93547E+00 2.91069E+00 2.20795E+00 8.09720E+01
2.42761E+00 3.12668E+00 3.15175E+00 3.70878E+00 3.70248E+00 3.70600E+00 3.71847E+00 3.15175E+00 3.12668E+00 2.42761E+00 8.70292E+01
2.64971E+00 3.34524E+00 3.37060E+00 3.92449E+00 3.91818E+00 3.92181E+00 3.93443E+00 3.37060E+00 3.34524E+00 2.64971E+00 9.31326E+01
2.87397E+00 3.56611E+00 3.59174E+00 4.14261E+00 4.13628E+00 4.14003E+00 4.15280E+00 3.59175E+00 3.56611E+00 2.87397E+00 9.92725E+01
3.10016E+00 3.78903E+00 3.81493E+00 4.36289E+00 4.35654E+00 4.36041E+00 4.37332E+00 3.81493E+00 3.78903E+00 3.10016E+00 1.05440E+02
3.32805E+00 4.01377E+00 4.03993E+00 4.58509E+00 4.57872E+00 4.58271E+00 4.59576E+00 4.03994E+00 4.01377E+00 3.32805E+00 1.11628E+02
3.55745E+00 4.24012E+00 4.26655E+00 4.80899E+00 4.80261E+00 4.80671E+00 4.81990E+00 4.26655E+00 4.24012E+00 3.55745E+00 1.17829E+02
3.78817E+00 4.46790E+00 4.49458E+00 5.03440E+00 5.02800E+00 5.03221E+00 5.04553E+00 4.49458E+00 4.46790E+00 3.78817E+00 1.24037E+02
4.02005E+00 4.69693E+00 4.72385E+00 5.26113E+00 5.25472E+00 5.25904E+00 5.27249E+00 4.72386E+00 4.69693E+00 4.02005E+00 1.30246E+02
4.25292E+00 4.92704E+00 4.95420E+00 5.48903E+00 5.48260E+00 5.48703E+00 5.50061E+00 4.95421E+00 4.92704E+00 4.25292E+00 1.36450E+02
4.48664E+00 5.15808E+00 5.18548E+00 5.71792E+00 5.71148E+00 5.71602E+00 5.72973E+00 5.18549E+00 5.15808E+00 4.48664E+00 1.42647E+02
4.72108E+00 5.38993E+00 5.41755E+00 5.94768E+00 5.94122E+00 5.94587E+00 5.95970E+00 5.41756E+00 5.38993E+00 4.72108E+00 1.48831E+02
4.95611E+00 5.62244E+00 5.65029E+00 6.17817E+00 6.17170E+00 6.17645E+00 6.19040E+00 5.65030E+00 5.62244E+00 4.95611E+00 1.54998E+02
5.19163E+00 5.85550E+00 5.88357E+00 6.40927E+00 6.40279E+00 6.40764E+00 6.42171E+00 5.88358E+00 5.85550E+00 5.19163E+00 1.61146E+02
5.42752E+00 6.08901E+00 6.11730E+00 6.64087E+00 6.63437E+00 6.63933E+00 6.65352E+00 6.11730E+00 6.08901E+00 5.42752E+00 1.67272E+02
5.66368E+00 6.32286E+00 6.35136E+00 6.87286E+00 6.86636E+00 6.87141E+00 6.88571E+00 6.35136E+00 6.32286E+00 5.66368E+00 1.73373E+02
5.90004E+00 6.55695E+00 6.58566E+00 7.10515E+00 7.09863E+00 7.10379E+00 7.11821E+00 6.58567E+00 6.55695E+00 5.90004E+00 1.79446E+02
6.13650E+00 6.79121E+00 6.82012E+00 7.33764E+00 7.33112E+00 7.33638E+00 7.35090E+00 6.82013E+00 6.79121E+00 6.13650E+00 1.85490E+02
6.37298E+00 7.02555E+00 7.05466E+00 7.57027E+00 7.56374E+00 7.56909E+00 7.58372E+00 7.05467E+00 7.02555E+00 6.37298E+00 1.91502E+02
6.60942E+00 7.25990E+00 7.28921E+00 7.80294E+00 7.79640E+00 7.80185E+00 7.81659E+00 7.28921E+00 7.25990E+00 6.60942E+00 1.97482E+02
6.84575E+00 7.49418E+00 7.52368E+00 8.03559E+00 8.02904E+00 8.03459E+00 8.04944E+00 7.52369E+00 7.49418E+00 6.84575E+00 2.03427E+02
7.08190E+00 7.72834E+00 7.75803E+00 8.26816E+00 8.26160E+00 8.26724E+00 8.28219E+00 7.75804E+00 7.72834E+00 7.08190E+00 2.09336E+02
7.31782E+00 7.96231E+00 7.99219E+00 8.50057E+00 8.49401E+00 8.49975E+00 8.51480E+00 7.99220E+00 7.96231E+00 7.31782E+00 2.15209E+02
7.55346E+00 8.19604E+00 8.22610E+00 8.73278E+00 8.72621E+00 8.73204E+00 8.74719E+00 8.22611E+00 8.19604E+00 7.55346E+00 2.21044E+02
7.78876E+00 8.42948E+00 8.45972E+00 8.96473E+00 8.95815E+00 8.96408E+00 8.97933E+00 8.45973E+00 8.42948E+00 7.78876E+00 2.26840E+02
8.02368E+00 8.66258E+00 8.69299E+00 9.19638E+00 9.18979E+00 9.19580E+00 9.21115E+00 8.69300E+00 8.66258E+00 8.02368E+00 2.32597E+02
8.25818E+00 8.89529E+00 8.92588E+00 9.42767E+00 9.42107E+00 9.42718E+00 9.44262E+00 8.92589E+00 8.89529E+00 8.25818E+00 2.38314E+02
8.49222E+00 9.12758E+00 9.15834E+00 9.65856E+00 9.65196E+00 9.65816E+00 9.67369E+00 9.15835E+00 9.12758E+00 8.49222E+00 2.43990E+02
8.72575E+00 9.35940E+00 9.39033E+00 9.88902E+00 9.88241E+00 9.88870E+00 9.90433E+00 9.39034E+00 9.35940E+00 8.72575E+00 2.49626E+02
8.95875E+00 9.59072E+00 9.62182E+00 1.01190E+01 1.01124E+01 1.01188E+01 1.01345E+01 9.62183E+00 9.59072E+00 8.95875E+00 2.55220E+02
9.19119E+00 9.82151E+00 9.85277E+00 1.03485E+01 1.03419E+01 1.03483E+01 1.03641E+01 9.85278E+00 9.82151E+00 9.19119E+00 2.60773E+02
0.00000E+00 0.00000E+00 -4.24047E-02 5.69048E-01 5.63093E-01 5.63767E-01 5.72912E-01 -4.24057E-02 0.00000E+00 0.00000E+00 -1.42268E+00
0.00000E+00 0.00000E+00 8.10639E-04 5.98420E-01 5.92341E-01 5.93317E-01 6.02984E-01 8.10085E-04 0.00000E+00 0.00000E+00 -3.49280E-01
0.00000E+00 4.79250E-02 6.85472E-02 6.54772E-01 6.48591E-01 6.49844E-01 6.59966E-01 6.85471E-02 4.79250E-02 0.00000E+00 1.22964E+00
0.00000E+00 1.33333E-01 1.54770E-01 7.31205E-01 7.24939E-01 7.26452E-01 7.36981E-01 1.54770E-01 1.33333E-01 0.00000E+00 3.28102E+00
0.00000E+00 2.33691E-01 2.55871E-01 8.23677E-01 8.17336E-01 8.19098E-01 8.30000E-01 2.55872E-01 2.33691E-01 0.00000E+00 5.79691E+00
0.00000E+00 3.46127E-01 3.68993E-01 9.29089E-01 9.22683E-01 9.24681E-01 9.35927E-01 3.68994E-01 3.46127E-01 0.00000E+00 8.72709E+00
0.00000E+00 4.68548E-01 4.92049E-01 1.04518E+00 1.03872E+00 1.04094E+00 1.05251E+00 4.92050E-01 4.68548E-01 0.00000E+00 1.20202E+01
0.00000E+00 5.99365E-01 6.23459E-01 1.17024E+00 1.16373E+00 1.16617E+00 1.17804E+00 6.23461E-01 5.99365E-01 0.00000E+00 1.56274E+01
5.44872E-02 7.34684E-01 7.59333E-01 1.30032E+00 1.29376E+00 1.29641E+00 1.30856E+00 7.59335E-01 7.34684E-01 5.44872E-02 1.94275E+01
1.98751E-01 8.72944E-01 8.98117E-01 1.43376E+00 1.42715E+00 1.43001E+00 1.44243E+00 8.98119E-01 8.72944E-01 1.98751E-01 2.33266E+01
3.49151E-01 1.01773E+00 1.04340E+00 1.57404E+00 1.56740E+00 1.57046E+00 1.58314E+00 1.04341E+00 1.01773E+00 3.49151E-01 2.74098E+01
5.04906E-01 1.16822E+00 1.19437E+00 1.72031E+00 1.71364E+00 1.71689E+00 1.72981E+00 1.19437E+00 1.16822E+00 5.04906E-01 3.16523E+01
6.65349E-01 1.32371E+00 1.35031E+00 1.87183E+00 1.86513E+00 1.86857E+00 1.88172E+00 1.35031E+00 1.32371E+00 6.65349E-01 3.60311E+01
8.29903E-01 1.48358E+00 1.51062E+00 2.02796E+00 2.02122E+00 2.02485E+00 2.03823E+00 1.51062E+00 1.48358E+00 8.29903E-01 4.05261E+01
9.98067E-01 1.64731E+00 1.67477E+00 2.18814E+00 2.18138E+00 2.18519E+00 2.19879E+00 1.67477E+00 1.64731E+00 9.98067E-01 4.51188E+01
1.16940E+00 1.81443E+00 1.84230E+00 2.35190E+00 2.34512E+00 2.34910E+00 2.36292E+00 1.84230E+00 1.81443E+00 1.16940E+00 4.97932E+01
1.34352E+00 1.98453E+00 2.01279E+00 2.51881E+00 2.51200E+00 2.51616E+00 2.53018E+00 2.01280E+00 1.98453E+00 1.34352E+00 5.45346E+01
1.52007E+00 2.15726E+00 2.18590E+00 2.68849E+00 2.68166E+00 2.68599E+00 2.70021E+00 2.18590E+00 2.15726E+00 1.52007E+00 5.93303E+01
1.69875E+00 2.33229E+00 2.36129E+00 2.86060E+00 2.85376E+00 2.85826E+00 2.87267E+00 2.36129E+00 2.33229E+00 1.69875E+00 6.41689E+01
1.87929E+00 2.50932E+00 2.53867E+00 3.03485E+00 3.02799E+00 3.03265E+00 3.04725E+00 2.53868E+00 2.50932E+00 1.87929E+00 6.90401E+01
2.06143E+00 2.68810E+00 2.71780E+00 3.21097E+00 3.20409E+00 3.20891E+00 3.22369E+00 2.71781E+00 2.68810E+00 2.06143E+00 7.39351E+01
2.24496E+00 2.86841E+00 2.89844E+00 3.38871E+00 3.38181E+00 3.38680E+00 3.40175E+00 2.89844E+00 2.86841E+00 2.24496E+00 7.88459E+01
2.42968E+00 3.05001E+00 3.08037E+00 3.56785E+00 3.56094E+00 3.56609E+00 3.58121E+00 3.08037E+00 3.05001E+00 2.42968E+00 8.37654E+01
2.61539E+00 3.23273E+00 3.26340E+00 3.74821E+00 3.74128E+00 3.74658E+00 3.76187E+00 3.26341E+00 3.23273E+00 2.61539E+00 8.86873E+01
2.80194E+00 3.41640E+00 3.44737E+00 3.92959E+00 3.92265E+00 3.92810E+00 3.94356E+00 3.44738E+00 3.41640E+00 2.80194E+00 9.36062E+01
2.98917E+00 3.60085E+00 3.63212E+00 4.11183E+00 4.10488E+00 4.11048E+00 4.12610E+00 3.63213E+00 3.60085E+00 2.98917E+00 9.85171E+01
3.17696E+00 3.78594E+00 3.81750E+00 4.29479E+00 4.28784E+00 4.29358E+00 4.30936E+00 3.81751E+00 3.78594E+00 3.17696E+00 1.03416E+02
3.36517E+00 3.97154E+00 4.00339E+00 4.47834E+00 4.47137E+00 4.47726E+00 4.49319E+00 4.00340E+00 3.97154E+00 3.36517E+00 1.08298E+02
3.55369E+00 4.15754E+00 4.18966E+00 4.66234E+00 4.65536E+00 4.66140E+00 4.67748E+00 4.18967E+00 4.15754E+00 3.55369E+00 1.13161E+02
3.74241E+00 4.34382E+00 4.37621E+00 4.84669E+00 4.83970E+00 4.84588E+00 4.86211E+00 4.37622E+00 4.34382E+00 3.74241E+00 1.18002E+02
3.93125E+00 4.53028E+00 4.56294E+00 5.03129E+00 5.02429E+00 5.03060E+00 5.04698E+00 4.56295E+00 4.53028E+00 3.93125E+00 1.22818E+02
4.12012E+00 4.71684E+00 4.74976E+00 5.21603E+00 5.20903E+00 5.21548E+00 5.23199E+00 4.74977E+00 4.71684E+00 4.12012E+00 1.27606E+02
4.30893E+00 4.90341E+00 4.93658E+00 5.40083E+00 5.39382E+00 5.40041E+00 5.41707E+00 4.93659E+00 4.90341E+00 4.30893E+00 1.32365E+02
4.49762E+00 5.08992E+00 5.12334E+00 5.58563E+00 5.57861E+00 5.58533E+00 5.60212E+00 5.12335E+00 5.08992E+00 4.49762E+00 1.37094E+02
4.68611E+00 5.27629E+00 5.30995E+00 5.77033E+00 5.76331E+00 5.77016E+00 5.78708E+00 5.30996E+00 5.27629E+00 4.68611E+00 1.41789E+02
4.87435E+00 5.46246E+00 5.49636E+00 5.95488E+00 5.94785E+00 5.95483E+00 5.97189E+00 5.49637E+00 5.46246E+00 4.87435E+00 1.46451E+02
5.06227E+00 5.64838E+00 5.68251E+00 6.13921E+00 6.13218E+00 6.13929E+00 6.15648E+00 5.68252E+00 5.64838E+00 5.06227E+00 1.51078E+02
5.24984E+00 5.83398E+00 5.86834E+00 6.32327E+00 6.31624E+00 6.32348E+00 6.34079E+00 5.86835E+00 5.83398E+00 5.24984E+00 1.55669E+02
5.43700E+00 6.01922E+00 6.05381E+00 6.50701E+00 6.49997E+00 6.50734E+00 6.52478E+00 6.05382E+00 6.01922E+00 5.43700E+00 1.60224E+02
5.62371E+00 6.20406E+00 6.23887E+00 6.69039E+00 6.68334E+00 6.69083E+00 6.70839E+00 6.23888E+00 6.20406E+00 5.62371E+00 1.64741E+02
5.80992E+00 6.38845E+00 6.42347E+00 6.87334E+00 6.86630E+00 6.87391E+00 6.89159E+00 6.42348E+00 6.38845E+00 5.80992E+00 1.69220E+02
5.99561E+00 6.57236E+00 6.60759E+00 7.05585E+00 7.04880E+00 7.05654E+00 7.07434E+00 6.60760E+00 6.57236E+00 5.99561E+00 1.73661E+02
6.18074E+00 6.75574E+00 6.79118E+00 7.23787E+00 7.23082E+00 7.23868E+00 7.25659E+00 6.79120E+00 6.75574E+00 6.18074E+00 1.78063E+02
6.36528E+00 6.93858E+00 6.97422E+00 7.41937E+00 7.41231E+00 7.42029E+00 7.43833E+00 6.97424E+00 6.93858E+00 6.36528E+00 1.82426E+02
6.54921E+00 7.12083E+00 7.15668E+00 7.60032E+00 7.59326E+00 7.60136E+00 7.61950E+00 7.15669E+00 7.12083E+00 6.54921E+00 1.86751E+02
6.73249E+00 7.30248E+00 7.33852E+00 7.78069E+00 7.77363E+00 7.78184E+00 7.80010E+00 7.33854E+00 7.30248E+00 6.73249E+00 1.91035E+02
6.91510E+00 7.48349E+00 7.51973E+00 7.96045E+00 7.95339E+00 7.96172E+00 7.98009E+00 7.51975E+00 7.48349E+00 6.91510E+00 1.95281E+02
7.09703E+00 7.66385E+00 7.70028E+00 8.13959E+00 8.13252E+00 8.14097E+00 8.15945E+00 7.70030E+00 7.66385E+00 7.09703E+00 1.99487E+02
7.27825E+00 7.84354E+00 7.88016E+00 8.31808E+00 8.31101E+00 8.31957E+00 8.33816E+00 7.88017E+00 7.84354E+00 7.27825E+00 2.03654E+02
7.45875E+00 8.02253E+00 8.05934E+00 8.49589E+00 8.48883E+00 8.49750E+00 8.51619E+00 8.05935E+00 8.02253E+00 7.45875E+00 2.07782E+02
0.00000E+00 0.00000E+00 -3.88333E-02 5.04901E-01 4.98199E-01 4.99233E-01 5.10105E-01 -3.88343E-02 0.00000E+00 0.00000E+00 -1.38198E+00
0.00000E+00 0.00000E+00 5.25910E-03 5.36229E-01 5.29406E-01 5.30858E-01 5.42356E-01 5.25872E-03 0.00000E+00 0.00000E+00 -3.17378E-01
0.00000E+00 4.53308E-02 6.99269E-02 5.90393E-01 5.83473E-01 5.85307E-01 5.97346E-01 6.99271E-02 4.53308E-02 0.00000E+00 1.20313E+00
0.00000E+00 1.24244E-01 1.49811E-01 6.61239E-01 6.54240E-01 6.56432E-01 6.68956E-01 1.49812E-01 1.24244E-01 0.00000E+00 3.13214E+00
0.00000E+00 2.15272E-01 2.41723E-01 7.45181E-01 7.38115E-01 7.40645E-01 7.53613E-01 2.41724E-01 2.15272E-01 0.00000E+00 5.45133E+00
0.00000E+00 3.15891E-01 3.43153E-01 8.39488E-01 8.32365E-01 8.35216E-01 8.48592E-01 3.43155E-01 3.15891E-01 0.00000E+00 8.10693E+00
0.00000E+00 4.24278E-01 4.52291E-01 9.42189E-01 9.35017E-01 9.38176E-01 9.51932E-01 4.52293E-01 4.24278E-01 0.00000E+00 1.10479E+01
0.00000E+00 5.39065E-01 5.67778E-01 1.05181E+00 1.04459E+00 1.04805E+00 1.06216E+00 5.67781E-01 5.39065E-01 0.00000E+00 1.42282E+01
4.77998E-02 6.57241E-01 6.86606E-01 1.16527E+00 1.15802E+00 1.16176E+00 1.17620E+00 6.86609E-01 6.57241E-01 4.77998E-02 1.75352E+01
1.73642E-01 7.77594E-01 8.07572E-01 1.28129E+00 1.27401E+00 1.27802E+00 1.29278E+00 8.07576E-01 7.77594E-01 1.73642E-01 2.08861E+01
3.03870E-01 9.02691E-01 9.33252E-01 1.40235E+00 1.39503E+00 1.39931E+00 1.41438E+00 9.33257E-01 9.02691E-01 3.03870E-01 2.43648E+01
4.37836E-01 1.03184E+00 1.06296E+00 1.52771E+00 1.52037E+00 1.52491E+00 1.54026E+00 1.06296E+00 1.03184E+00 4.37836E-01 2.79500E+01
5.74995E-01 1.16447E+00 1.19612E+00 1.65677E+00 1.64941E+00 1.65420E+00 1.66983E+00 1.19612E+00 1.16447E+00 5.74995E-01 3.16228E+01
7.14879E-01 1.30007E+00 1.33223E+00 1.78901E+00 1.78163E+00 1.78667E+00 1.80256E+00 1.33223E+00 1.30007E+00 7.14879E-01 3.53663E+01
8.57085E-01 1.43822E+00 1.47086E+00 1.92398E+00 1.91658E+00 1.92186E+00 1.93801E+00 1.47087E+00 1.43822E+00 8.57085E-01 3.91661E+01
1.00127E+00 1.57854E+00 1.61166E+00 2.06129E+00 2.05387E+00 2.05939E+00 2.07579E+00 1.61167E+00 1.57854E+00 1.00127E+00 4.30093E+01
1.14711E+00 1.72072E+00 1.75429E+00 2.20060E+00 2.19317E+00 2.19891E+00 2.21556E+00 1.75430E+00 1.72072E+00 1.14711E+00 4.68848E+01
1.29436E+00 1.86447E+00 1.89847E+00 2.34161E+00 2.33417E+00 2.34014E+00 2.35701E+00 1.89848E+00 1.86447E+00 1.29436E+00 5.07828E+01
1.44277E+00 2.00954E+00 2.04396E+00 2.48406E+00 2.47661E+00 2.48280E+00 2.49990E+00 2.04397E+00 2.00954E+00 1.44277E+00 5.46948E+01
1.59214E+00 2.15570E+00 2.19053E+00 2.62772E+00 2.62026E+00 2.62667E+00 2.64399E+00 2.19054E+00 2.15570E+00 1.59214E+00 5.86133E+01
1.74227E+00 2.30275E+00 2.33798E+00 2.77239E+00 2.76492E+00 2.77154E+00 2.78907E+00 2.33799E+00 2.30275E+00 1.74227E+00 6.25319E+01
1.89300E+00 2.45053E+00 2.48614E+00 2.91787E+00 2.91039E+00 2.91722E+00 2.93496E+00 2.48615E+00 2.45053E+00 1.89300E+00 6.64451E+01
2.04419E+00 2.59888E+00 2.63486E+00 3.06400E+00 3.05652E+00 3.06356E+00 3.08150E+00 2.63487E+00 2.59888E+00 2.04419E+00 7.03478E+01
2.19569E+00 2.74764E+00 2.78399E+00 3.21064E+00 3.20316E+00 3.21039E+00 3.22853E+00 2.78400E+00 2.74764E+00 2.19569E+00 7.42360E+01
2.34740E+00 2.89671E+00 2.93340E+00 3.35766E+00 3.35017E+00 3.35760E+00 3.37593E+00 2.93341E+00 2.89671E+00 2.34740E+00 7.81058E+01
2.49920E+00 3.04596E+00 3.08299E+00 3.50493E+00 3.49744E+00 3.50507E+00 3.52359E+00 3.08300E+00 3.04596E+00 2.49920E+00 8.19542E+01
2.65099E+00 3.19529E+00 3.23266E+00 3.65235E+00 3.64485E+00 3.65268E+00 3.67138E+00 3.23267E+00 3.19529E+00 2.65099E+00 8.57784E+01
2.80270E+00 3.34461E+00 3.38230E+00 3.79983E+00 3.79233E+00 3.80034E+00 3.81922E+00 3.38231E+00 3.34461E+00 2.80270E+00 8.95761E+01
2.95424E+00 3.49384E+00 3.53185E+00 3.94727E+00 3.93977E+00 3.94797E+00 3.96702E+00 3.53186E+00 3.49384E+00 2.95424E+00 9.33452E+01
3.10554E+00 3.64291E+00 3.68122E+00 4.09460E+00 4.08710E+00 4.09548E+00 4.11471E+00 3.68123E+00 3.64291E+00 3.10554E+00 9.70841E+01
3.25655E+00 3.79173E+00 3.83035E+00 4.24175E+00 4.23425E+00 4.24281E+00 4.26221E+00 3.83036E+00 3.79173E+00 3.25655E+00 1.00791E+02
3.40719E+00 3.94027E+00 3.97917E+00 4.38865E+00 4.38115E+00 4.38989E+00 4.40945E+00 3.97919E+00 3.94027E+00 3.40719E+00 1.04466E+02
3.55742E+00 4.08845E+00 4.12764E+00 4.53525E+00 4.52775E+00 4.53667E+00 4.55639E+00 4.12766E+00 4.08845E+00 3.55742E+00 1.08106E+02
3.70720E+00 4.23623E+00 4.27570E+00 4.68149E+00 4.67399E+00 4.68309E+00 4.70297E+00 4.27572E+00 4.23623E+00 3.70720E+00 1.11712E+02
3.85648E+00 4.38357E+00 4.42331E+00 4.82734E+00 4.81984E+00 4.82910E+00 4.84914E+00 4.42333E+00 4.38357E+00 3.85648E+00 1.15282E+02
4.00522E+00 4.53042E+00 4.57044E+00 4.97273E+00 4.96524E+00 4.97467E+00 4.99486E+00 4.57045E+00 4.53042E+00 4.00522E+00 1.18816E+02
4.15340E+00 4.67675E+00 4.71703E+00 5.11764E+00 5.11015E+00 5.11975E+00 5.14009E+00 4.71705E+00 4.67675E+00 4.15340E+00 1.22314E+02
4.30097E+00 4.82253E+00 4.86306E+00 5.26204E+00 5.25455E+00 5.26431E+00 5.28480E+00 4.86308E+00 4.82253E+00 4.30097E+00 1.25775E+02
4.44792E+00 4.96772E+00 5.00851E+00 5.40588E+00 5.39839E+00 5.40832E+00 5.42895E+00 5.00852E+00 4.96772E+00 4.44792E+00 1.29200E+02
4.59421E+00 5.11230E+00 5.15334E+00 5.54915E+00 5.54167E+00 5.55175E+00 5.57253E+00 5.15336E+00 5.11230E+00 4.59421E+00 1.32587E+02
4.73983E+00 5.25625E+00 5.29753E+00 5.69181E+00 5.68433E+00 5.69458E+00 5.71550E+00 5.29755E+00 5.25625E+00 4.73983E+00 1.35938E+02
4.88476E+00 5.39954E+00 5.44106E+00 5.83385E+00 5.82638E+00 5.83678E+00 5.85783E+00 5.44108E+00 5.39954E+00 4.88476E+00 1.39251E+02
5.02897E+00 5.54216E+00 5.58391E+00 5.97525E+00 5.96777E+00 5.97833E+00 5.99952E+00 5.58393E+00 5.54216E+00 5.02897E+00 1.42528E+02
5.17246E+00 5.68409E+00 5.72607E+00 6.11598E+00 6.10851E+00 6.11922E+00 6.14055E+00 5.72609E+00 5.68409E+00 5.17246E+00 1.45768E+02
5.31521E+00 5.82531E+00 5.86751E+00 6.25603E+00 6.24856E+00 6.25943E+00 6.28088E+00 5.86753E+00 5.82531E+00 5.31521E+00 1.48971E+02
5.45721E+00 5.96581E+00 6.00824E+00 6.39538E+00 6.38792E+00 6.39894E+00 6.42053E+00 6.00826E+00 5.96581E+00 5.45721E+00 1.52138E+02
5.59845E+00 6.10558E+00 6.14823E+00 6.53403E+00 6.52658E+00 6.53774E+00 6.55946E+00 6.14825E+00 6.10558E+00 5.59845E+00 1.55269E+02
5.73891E+00 6.24461E+00 6.28747E+00 6.67196E+00 6.66451E+00 6.67582E+00 6.69767E+00 6.28749E+00 6.24461E+00 5.73891E+00 1.58363E+02
5.87860E+00 6.38289E+00 6.42596E+00 6.80917E+00 6.80172E+00 6.81318E+00 6.83515E+00 6.42598E+00 6.38289E+00 5.87860E+00 1.61423E+02
6.01750E+00 6.52041E+00 6.56369E+00 6.94563E+00 6.93819E+00 6.94979E+00 6.97188E+00 6.56371E+00 6.52041E+00 6.01750E+00 1.64447E+02
0.00000E+00 0.00000E+00 -3.41585E-02 4.47453E-01 4.39897E-01 4.41486E-01 4.54481E-01 -3.41596E-02 0.00000E+00 0.00000E+00 -1.34269E+00
0.00000E+00 0.00000E+00 1.06117E-02 4.80386E-01 4.72725E-01 4.74890E-01 4.88627E-01 1.06114E-02 0.00000E+00 0.00000E+00 -2.77881E-01
0.00000E+00 4.27949E-02 7.22728E-02 5.32300E-01 5.24560E-01 5.27248E-01 5.41624E-01 7.22733E-02 4.27949E-02 0.00000E+00 1.19001E+00
0.00000E+00 1.15561E-01 1.46186E-01 5.97824E-01 5.90021E-01 5.93197E-01 6.08145E-01 1.46187E-01 1.15561E-01 0.00000E+00 3.00308E+00
0.00000E+00 1.97932E-01 2.29596E-01 6.73833E-01 6.65980E-01 6.69616E-01 6.85085E-01 2.29598E-01 1.97932E-01 0.00000E+00 5.13602E+00
0.00000E+00 2.87724E-01 3.20339E-01 7.57960E-01 7.50066E-01 7.54137E-01 7.70086E-01 3.20342E-01 2.87724E-01 0.00000E+00 7.53411E+00
0.00000E+00 3.83381E-01 4.16874E-01 8.48514E-01 8.40588E-01 8.45073E-01 8.61468E-01 4.16877E-01 3.83381E-01 0.00000E+00 1.01486E+01
0.00000E+00 4.83745E-01 5.18054E-01 9.44242E-01 9.36289E-01 9.41169E-01 9.57981E-01 5.18058E-01 4.83745E-01 0.00000E+00 1.29374E+01
4.17577E-02 5.86526E-01 6.21594E-01 1.04280E+00 1.03482E+00 1.04008E+00 1.05728E+00 6.21599E-01 5.86526E-01 4.17577E-02 1.57980E+01
1.51054E-01 6.90802E-01 7.26579E-01 1.14319E+00 1.13520E+00 1.14082E+00 1.15839E+00 7.26585E-01 6.90802E-01 1.51054E-01 1.86590E+01
2.63298E-01 7.98352E-01 8.34803E-01 1.24711E+00 1.23911E+00 1.24509E+00 1.26301E+00 8.34810E-01 7.98352E-01 2.63298E-01 2.16018E+01
3.77969E-01 9.08618E-01 9.45710E-01 1.35398E+00 1.34597E+00 1.35229E+00 1.37055E+00 9.45717E-01 9.08618E-01 3.77969E-01 2.46087E+01
4.94630E-01 1.02113E+00 1.05883E+00 1.46330E+00 1.45528E+00 1.46194E+00 1.48052E+00 1.05884E+00 1.02113E+00 4.94630E-01 2.76644E+01
6.12916E-01 1.13550E+00 1.17378E+00 1.57465E+00 1.56662E+00 1.57361E+00 1.59250E+00 1.17379E+00 1.13550E+00 6.12916E-01 3.07559E+01
7.32512E-01 1.25138E+00 1.29023E+00 1.68768E+00 1.67965E+00 1.68695E+00 1.70615E+00 1.29024E+00 1.25138E+00 7.32512E-01 3.38719E+01
8.53150E-01 1.36849E+00 1.40787E+00 1.80208E+00 1.79405E+00 1.80167E+00 1.82115E+00 1.40788E+00 1.36849E+00 8.53150E-01 3.70027E+01
9.74599E-01 1.48658E+00 1.52648E+00 1.91760E+00 1.90957E+00 1.91749E+00 1.93725E+00 1.52649E+00 1.48658E+00 9.74599E-01 4.01402E+01
1.09666E+00 1.60544E+00 1.64583E+00 2.03400E+00 2.02598E+00 2.03419E+00 2.05422E+00 1.64584E+00 1.60544E+00 1.09666E+00 4.32772E+01
1.21915E+00 1.72487E+00 1.76574E+00 2.15109E+00 2.14307E+00 2.15157E+00 2.17187E+00 1.76575E+00 1.72487E+00 1.21915E+00 4.64079E+01
1.34193E+00 1.84471E+00 1.88605E+00 2.26869E+00 2.26067E+00 2.26946E+00 2.29001E+00 1.88606E+00 1.84471E+00 1.34193E+00 4.95270E+01
1.46485E+00 1.96481E+00 2.00660E+00 2.38665E+00 2.37864E+00 2.38771E+00 2.40850E+00 2.00661E+00 1.96481E+00 1.46485E+00 5.26302E+01
1.58780E+00 2.08506E+00 2.12728E+00 2.50484E+00 2.49684E+00 2.50617E+00 2.52721E+00 2.12730E+00 2.08506E+00 1.58780E+00 5.57139E+01
1.71068E+00 2.20534E+00 2.24798E+00 2.62314E+00 2.61514E+00 2.62475E+00 2.64602E+00 2.24799E+00 2.20534E+00 1.71068E+00 5.87750E+01
1.83340E+00 2.32555E+00 2.36859E+00 2.74144E+00 2.73345E+00 2.74332E+00 2.76482E+00 2.36861E+00 2.32555E+00 1.83340E+00 6.18109E+01
1.95587E+00 2.44560E+00 2.48904E+00 2.85966E+00 2.85167E+00 2.86180E+00 2.88352E+00 2.48906E+00 2.44560E+00 1.95587E+00 6.48194E+01
2.07802E+00 2.56542E+00 2.60924E+00 2.97770E+00 2.96973E+00 2.98011E+00 3.00205E+00 2.60926E+00 2.56542E+00 2.07802E+00 6.77986E+01
2.19979E+00 2.68493E+00 2.72913E+00 3.09551E+00 3.08754E+00 3.09817E+00 3.12032E+00 2.72915E+00 2.68493E+00 2.19979E+00 7.07472E+01
2.32113E+00 2.80409E+00 2.84865E+00 3.21301E+00 3.20505E+00 3.21592E+00 3.23828E+00 2.84866E+00 2.80409E+00 2.32113E+00 7.36639E+01
2.44199E+00 2.92283E+00 2.96774E+00 3.33014E+00 3.32220E+00 3.33331E+00 3.35587E+00 2.96775E+00 2.92283E+00 2.44199E+00 7.65478E+01
2.56231E+00 3.04110E+00 3.08636E+00 3.44686E+00 3.43893E+00 3.45028E+00 3.47304E+00 3.08637E+00 3.04110E+00 2.56231E+00 7.93980E+01
2.68207E+00 3.15887E+00 3.20446E+00 3.56313E+00 3.55521E+00 3.56679E+00 3.58974E+00 3.20448E+00 3.15887E+00 2.68207E+00 8.22140E+01
2.80124E+00 3.27610E+00 3.32202E+00 3.67890E+00 3.67099E+00 3.68280E+00 3.70594E+00 3.32204E+00 3.27610E+00 2.80124E+00 8.49954E+01
2.91977E+00 3.39275E+00 3.43899E+00 3.79413E+00 3.78624E+00 3.79827E+00 3.82161E+00 3.43901E+00 3.39275E+00 2.91977E+00 8.77420E+01
3.03765E+00 3.50880E+00 3.55535E+00 3.90881E+00 3.90092E+00 3.91318E+00 3.93670E+00 3.55537E+00 3.50880E+00 3.03765E+00 9.04534E+01
3.15485E+00 3.62423E+00 3.67108E+00 4.02289E+00 4.01502E+00 4.02750E+00 4.05119E+00 3.67110E+00 3.62423E+00 3.15485E+00 9.31297E+01
3.27136E+00 3.73900E+00 3.78615E+00 4.13636E+00 4.12850E+00 4.14120E+00 4.16507E+00 3.78617E+00 3.73900E+00 3.27136E+00 9.57708E+01
3.38715E+00 3.85310E+00 3.90055E+00 4.24919E+00 4.24134E+00 4.25426E+00 4.27830E+00 3.90057E+00 3.85310E+00 3.38715E+00 9.83769E+01
3.50222E+00 3.96652E+00 4.01425E+00 4.36137E+00 4.35354E+00 4.36666E+00 4.39087E+00 4.01427E+00 3.96652E+00 3.50222E+00 1.00948E+02
3.61654E+00 4.07924E+00 4.12725E+00 4.47288E+00 4.46506E+00 4.47839E+00 4.50277E+00 4.12727E+00 4.07924E+00 3.61654E+00 1.03485E+02
3.73012E+00 4.19124E+00 4.23952E+00 4.58371E+00 4.57590E+00 4.58944E+00 4.61399E+00 4.23955E+00 4.19124E+00 3.73012E+00 1.05987E+02
3.84293E+00 4.30253E+00 4.35107E+00 4.69384E+00 4.68605E+00 4.69979E+00 4.72450E+00 4.35110E+00 4.30253E+00 3.84293E+00 1.08455E+02
3.95498E+00 4.41308E+00 4.46189E+00 4.80327E+00 4.79549E+00 4.80943E+00 4.83430E+00 4.46191E+00 4.41308E+00 3.95498E+00 1.10889E+02
4.06626E+00 4.52289E+00 4.57196E+00 4.91198E+00 4.90422E+00 4.91836E+00 4.94338E+00 4.57198E+00 4.52289E+00 4.06626E+00 1.13289E+02
4.17676E+00 4.63195E+00 4.68128E+00 5.01998E+00 5.01223E+00 5.02656E+00 5.05174E+00 4.68130E+00 4.63195E+00 4.17676E+00 1.15657E+02
4.28647E+00 4.74027E+00 4.78984E+00 5.12724E+00 5.11951E+00 5.13404E+00 5.15937E+00 4.78987E+00 4.74027E+00 4.28647E+00 1.17992E+02
4.39541E+00 4.84783E+00 4.89765E+00 5.23378E+00 5.22606E+00 5.24078E+00 5.26626E+00 4.89768E+00 4.84783E+00 4.39541E+00 1.20295E+02
4.50356E+00 4.95464E+00 5.00470E+00 5.33959E+00 5.33188E+00 5.34679E+00 5.37242E+00 5.00472E+00 4.95464E+00 4.50356E+00 1.22565E+02
4.61093E+00 5.06070E+00 5.11098E+00 5.44465E+00 5.43696E+00 5.45206E+00 5.47783E+00 5.11101E+00 5.06070E+00 4.61093E+00 1.24805E+02
4.71752E+00 5.16599E+00 5.21651E+00 5.54899E+00 5.54131E+00 5.55659E+00 5.58251E+00 5.21654E+00 5.16599E+00 4.71752E+00 1.27013E+02
4.82332E+00 5.27053E+00 5.32127E+00 5.65258E+00 5.64492E+00 5.66038E+00 5.68644E+00 5.32130E+00 5.27053E+00 4.82332E+00 1.29191E+02
0.00000E+00 0.00000E+00 -2.81388E-02 3.96137E-01 3.87630E-01 3.90063E-01 4.05644E-01 -2.81403E-02 0.00000E+00 0.00000E+00 -1.29985E+00
0.00000E+00 0.00000E+00 1.70657E-02 4.30298E-01 4.21720E-01 4.24945E-01 4.41394E-01 1.70654E-02 0.00000E+00 0.00000E+00 -2.26584E-01
0.00000E+00 4.03047E-02 7.57599E-02 4.79895E-01 4.71272E-01 4.75211E-01 4.92405E-01 7.57608E-02 4.03047E-02 0.00000E+00 1.19312E+00
0.00000E+00 1.07246E-01 1.44040E-01 5.40344E-01 5.31691E-01 5.36291E-01 5.54152E-01 1.44042E-01 1.07246E-01 0.00000E+00 2.89528E+00
0.00000E+00 1.81582E-01 2.19583E-01 6.08978E-01 6.00307E-01 6.05526E-01 6.23994E-01 2.19586E-01 1.81582E-01 0.00000E+00 4.85095E+00
0.00000E+00 2.61462E-01 3.00564E-01 6.83782E-01 6.75100E-01 6.80904E-01 6.99930E-01 3.00568E-01 2.61462E-01 0.00000E+00 7.00696E+00
0.00000E+00 3.45582E-01 3.85697E-01 7.63331E-01 7.54646E-01 7.61005E-01 7.80548E-01 3.85702E-01 3.45582E-01 0.00000E+00 9.31849E+00
0.00000E+00 4.32986E-01 4.74038E-01 8.46582E-01 8.37898E-01 8.44785E-01 8.64812E-01 4.74044E-01 4.32986E-01 0.00000E+00 1.17485E+01
3.63091E-02 5.21967E-01 5.63888E-01 9.31777E-01 9.23099E-01 9.30490E-01 9.50970E-01 5.63895E-01 5.21967E-01 3.63091E-02 1.42056E+01
1.30775E-01 6.11836E-01 6.54567E-01 1.01817E+00 1.00950E+00 1.01737E+00 1.03828E+00 6.54575E-01 6.11836E-01 1.30775E-01 1.66296E+01
2.27024E-01 7.03787E-01 7.47285E-01 1.10687E+00 1.09822E+00 1.10656E+00 1.12787E+00 7.47294E-01 7.03787E-01 2.27024E-01 1.90984E+01
3.24649E-01 7.97379E-01 8.41604E-01 1.19742E+00 1.18878E+00 1.19758E+00 1.21928E+00 8.41614E-01 7.97379E-01 3.24649E-01 2.15980E+01
4.23317E-01 8.92247E-01 9.37163E-01 1.28943E+00 1.28080E+00 1.29004E+00 1.31212E+00 9.37175E-01 8.92247E-01 4.23317E-01 2.41167E+01
5.22748E-01 9.88088E-01 1.03366E+00 1.38257E+00 1.37397E+00 1.38363E+00 1.40607E+00 1.03368E+00 9.88088E-01 5.22748E-01 2.66446E+01
6.22709E-01 1.08465E+00 1.13085E+00 1.47658E+00 1.46799E+00 1.47807E+00 1.50086E+00 1.13087E+00 1.08465E+00 6.22709E-01 2.91736E+01
7.23004E-01 1.18171E+00 1.22852E+00 1.57122E+00 1.56266E+00 1.57314E+00 1.59626E+00 1.22853E+00 1.18171E+00 7.23004E-01 3.16969E+01
8.23465E-01 1.27909E+00 1.32648E+00 1.66630E+00 1.65776E+00 1.66864E+00 1.69208E+00 1.32650E+00 1.27909E+00 8.23465E-01 3.42086E+01
9.23950E-01 1.37664E+00 1.42459E+00 1.76165E+00 1.75314E+00 1.76440E+00 1.78815E+00 1.42460E+00 1.37664E+00 9.23950E-01 3.67043E+01
1.02434E+00 1.47422E+00 1.52270E+00 1.85714E+00 1.84864E+00 1.86029E+00 1.88434E+00 1.52272E+00 1.47422E+00 1.02434E+00 3.91799E+01
1.12452E+00 1.57172E+00 1.62071E+00 1.95263E+00 1.94416E+00 1.95617E+00 1.98052E+00 1.62073E+00 1.57172E+00 1.12452E+00 4.16324E+01
1.22441E+00 1.66903E+00 1.71852E+00 2.04802E+00 2.03958E+00 2.05195E+00 2.07658E+00 1.71854E+00 1.66903E+00 1.22441E+00 4.40590E+01
1.32394E+00 1.76607E+00 1.81604E+00 2.14322E+00 2.13480E+00 2.14753E+00 2.17243E+00 1.81606E+00 1.76607E+00 1.32394E+00 4.64578E+01
1.42303E+00 1.86278E+00 1.91321E+00 2.23815E+00 2.22976E+00 2.24283E+00 2.26800E+00 1.91323E+00 1.86278E+00 1.42303E+00 4.88270E+01
1.52162E+00 1.95907E+00 2.00996E+00 2.33274E+00 2.32438E+00 2.33779E+00 2.36322E+00 2.00998E+00 1.95907E+00 1.52162E+00 5.11654E+01
1.61967E+00 2.05491E+00 2.10623E+00 2.42693E+00 2.41860E+00 2.43234E+00 2.45803E+00 2.10625E+00 2.05491E+00 1.61967E+00 5.34719E+01
1.71715E+00 2.15024E+00 2.20198E+00 2.52068E+00 2.51237E+00 2.52644E+00 2.55237E+00 2.20200E+00 2.15024E+00 1.71715E+00 5.57457E+01
1.81400E+00 2.24502E+00 2.29717E+00 2.61393E+00 2.60564E+00 2.62003E+00 2.64621E+00 2.29719E+00 2.24502E+00 1.81400E+00 5.79864E+01
1.91020E+00 2.33921E+00 2.39176E+00 2.70664E+00 2.69839E+00 2.71309E+00 2.73951E+00 2.39179E+00 2.33921E+00 1.91020E+00 6.01936E+01
2.00572E+00 2.43280E+00 2.48573E+00 2.79879E+00 2.79057E+00 2.80558E+00 2.83223E+00 2.48576E+00 2.43280E+00 2.00572E+00 6.23670E+01
2.10055E+00 2.52574E+00 2.57905E+00 2.89035E+00 2.88215E+00 2.89746E+00 2.92434E+00 2.57908E+00 2.52574E+00 2.10055E+00 6.45067E+01
2.19466E+00 2.61802E+00 2.67170E+00 2.98128E+00 2.97311E+00 2.98873E+00 3.01583E+00 2.67173E+00 2.61802E+00 2.19466E+00 6.66126E+01
2.28804E+00 2.70963E+00 2.76366E+00 3.07158E+00 3.06344E+00 3.07934E+00 3.10667E+00 2.76369E+00 2.70963E+00 2.28804E+00 6.86849E+01
2.38068E+00 2.80054E+00 2.85492E+00 3.16122E+00 3.15311E+00 3.16930E+00 3.19684E+00 2.85495E+00 2.80054E+00 2.38068E+00 7.07237E+01
2.47256E+00 2.89074E+00 2.94546E+00 3.25019E+00 3.24211E+00 3.25858E+00 3.28633E+00 2.94549E+00 2.89074E+00 2.47256E+00 7.27295E+01
2.56368E+00 2.98023E+00 3.03528E+00 3.33848E+00 3.33042E+00 3.34718E+00 3.37513E+00 3.03531E+00 2.98023E+00 2.56368E+00 7.47024E+01
2.65403E+00 3.06899E+00 3.12436E+00 3.42607E+00 3.41805E+00 3.43508E+00 3.46323E+00 3.12439E+00 3.06899E+00 2.65403E+00 7.66430E+01
2.74361E+00 3.15702E+00 3.21271E+00 3.51297E+00 3.50497E+00 3.52227E+00 3.55062E+00 3.21274E+00 3.15702E+00 2.74361E+00 7.85515E+01
2.83242E+00 3.24431E+00 3.30031E+00 3.59915E+00 3.59118E+00 3.60875E+00 3.63730E+00 3.30034E+00 3.24431E+00 2.83242E+00 8.04284E+01
2.92045E+00 3.33087E+00 3.38717E+00 3.68463E+00 3.67668E+00 3.69452E+00 3.72326E+00 3.38720E+00 3.33087E+00 2.92045E+00 8.22742E+01
3.00770E+00 3.41668E+00 3.47327E+00 3.76939E+00 3.76147E+00 3.77957E+00 3.80849E+00 3.47331E+00 3.41668E+00 3.00770E+00 8.40894E+01
3.09418E+00 3.50175E+00 3.55863E+00 3.85343E+00 3.84554E+00 3.86389E+00 3.89301E+00 3.55867E+00 3.50175E+00 3.09418E+00 8.58745E+01
3.17989E+00 3.58608E+00 3.64325E+00 3.93676E+00 3.92890E+00 3.94750E+00 3.97680E+00 3.64328E+00 3.58608E+00 3.17989E+00 8.76300E+01
3.26482E+00 3.66967E+00 3.72711E+00 4.01936E+00 4.01153E+00 4.03039E+00 4.05986E+00 3.72715E+00 3.66967E+00 3.26482E+00 8.93564E+01
3.34899E+00 3.75252E+00 3.81024E+00 4.10126E+00 4.09345E+00 4.11255E+00 4.14221E+00 3.81027E+00 3.75252E+00 3.34899E+00 9.10542E+01
3.43239E+00 3.83464E+00 3.89262E+00 4.18243E+00 4.17466E+00 4.19400E+00 4.22383E+00 3.89265E+00 3.83464E+00 3.43239E+00 9.27239E+01
3.51504E+00 3.91603E+00 3.97426E+00 4.26290E+00 4.25515E+00 4.27474E+00 4.30473E+00 3.97430E+00 3.91603E+00 3.51504E+00 9.43661E+01
3.59693E+00 3.99668E+00 4.05517E+00 4.34266E+00 4.33494E+00 4.35476E+00 4.38493E+00 4.05521E+00 3.99668E+00 3.59693E+00 9.59812E+01
3.67807E+00 4.07661E+00 4.13535E+00 4.42171E+00 4.41401E+00 4.43407E+00 4.46441E+00 4.13539E+00 4.07661E+00 3.67807E+00 9.75699E+01
3.75847E+00 4.15582E+00 4.21481E+00 4.50006E+00 4.49239E+00 4.51268E+00 4.54318E+00 4.21485E+00 4.15582E+00 3.75847E+00 9.91326E+01
3.83813E+00 4.23432E+00 4.29355E+00 4.57771E+00 4.57007E+00 4.59059E+00 4.62125E+00 4.29359E+00 4.23432E+00 3.83813E+00 1.00670E+02
0.00000E+00 0.00000E+00 -2.05142E-02 3.50455E-01 3.40924E-01 3.44639E-01 3.63328E-01 -2.05164E-02 0.00000E+00 0.00000E+00 -1.24638E+00
0.00000E+00 0.00000E+00 2.48476E-02 3.85453E-01 3.75917E-01 3.80713E-01 4.00402E-01 2.48471E-02 0.00000E+00 0.00000E+00 -1.57775E-01
0.00000E+00 3.78533E-02 8.05960E-02 4.32668E-01 4.23145E-01 4.28907E-01 4.49457E-01 8.05973E-02 3.78533E-02 0.00000E+00 1.21640E+00
0.00000E+00 9.92704E-02 1.43551E-01 4.88277E-01 4.78780E-01 4.85432E-01 5.06749E-01 1.43554E-01 9.92704E-02 0.00000E+00 2.81098E+00
0.00000E+00 1.66150E-01 2.11811E-01 5.50058E-01 5.40595E-01 5.48077E-01 5.70091E-01 2.11815E-01 1.66150E-01 0.00000E+00 4.59676E+00
0.00000E+00 2.36960E-01 2.83874E-01 6.16330E-01 6.06905E-01 6.15168E-01 6.37824E-01 2.83880E-01 2.36960E-01 0.00000E+00 6.52439E+00
0.00000E+00 3.10636E-01 3.58697E-01 6.85921E-01 6.76539E-01 6.85539E-01 7.08789E-01 3.58704E-01 3.10636E-01 0.00000E+00 8.55444E+00
0.00000E+00 3.86408E-01 4.35525E-01 7.57980E-01 7.48644E-01 7.58344E-01 7.82148E-01 4.35534E-01 3.86408E-01 0.00000E+00 1.06557E+01
3.14060E-02 4.63036E-01 5.13129E-01 8.31225E-01 8.21937E-01 8.32303E-01 8.56626E-01 5.13140E-01 4.63036E-01 3.14060E-02 1.27485E+01
1.12608E-01 5.40024E-01 5.91024E-01 9.05104E-01 8.95866E-01 9.06868E-01 9.31681E-01 5.91036E-01 5.40024E-01 1.12608E-01 1.47835E+01
1.94665E-01 6.18140E-01 6.69994E-01 9.80318E-01 9.71132E-01 9.82748E-01 1.00803E+00 6.70007E-01 6.18140E-01 1.94665E-01 1.68343E+01
2.77273E-01 6.97049E-01 7.49710E-01 1.05651E+00 1.04737E+00 1.05958E+00 1.08531E+00 7.49725E-01 6.97049E-01 2.77273E-01 1.88904E+01
3.60189E-01 7.76479E-01 8.29906E-01 1.13338E+00 1.12430E+00 1.13709E+00 1.16324E+00 8.29922E-01 7.76479E-01 3.60189E-01 2.09434E+01
4.43212E-01 8.56208E-01 9.10363E-01 1.21070E+00 1.20167E+00 1.21501E+00 1.24158E+00 9.10380E-01 8.56208E-01 4.43212E-01 2.29865E+01
5.26180E-01 9.36053E-01 9.90902E-01 1.28827E+00 1.27929E+00 1.29317E+00 1.32013E+00 9.90921E-01 9.36053E-01 5.26180E-01 2.50141E+01
6.08957E-01 1.01586E+00 1.07137E+00 1.36591E+00 1.35699E+00 1.37140E+00 1.39874E+00 1.07139E+00 1.01586E+00 6.08957E-01 2.70219E+01
6.91432E-01 1.09551E+00 1.15166E+00 1.44351E+00 1.43464E+00 1.44956E+00 1.47726E+00 1.15168E+00 1.09551E+00 6.91432E-01 2.90064E+01
7.73512E-01 1.17490E+00 1.23165E+00 1.52093E+00 1.51212E+00 1.52753E+00 1.55560E+00 1.23167E+00 1.17490E+00 7.73512E-01 3.09648E+01
8.55121E-01 1.25393E+00 1.31126E+00 1.59809E+00 1.58933E+00 1.60523E+00 1.63364E+00 1.31128E+00 1.25393E+00 8.55121E-01 3.28950E+01
9.36195E-01 1.33253E+00 1.39042E+00 1.67490E+00 1.66620E+00 1.68257E+00 1.71131E+00 1.39045E+00 1.33253E+00 9.36195E-01 3.47954E+01
1.01668E+00 1.41065E+00 1.46908E+00 1.75130E+00 1.74265E+00 1.75949E+00 1.78855E+00 1.46910E+00 1.41065E+00 1.01668E+00 3.66648E+01
1.09653E+00 1.48822E+00 1.54717E+00 1.82723E+00 1.81863E+00 1.83592E+00 1.86530E+00 1.54720E+00 1.48822E+00 1.09653E+00 3.85022E+01
1.17572E+00 1.56522E+00 1.62467E+00 1.90264E+00 1.89410E+00 1.91183E+00 1.94152E+00 1.62470E+00 1.56522E+00 1.17572E+00 4.03072E+01
1.25421E+00 1.64159E+00 1.70153E+00 1.97750E+00 1.96901E+00 1.98717E+00 2.01715E+00 1.70156E+00 1.64159E+00 1.25421E+00 4.20794E+01
1.33198E+00 1.71732E+00 1.77772E+00 2.05176E+00 2.04332E+00 2.06191E+00 2.09218E+00 1.77776E+00 1.71732E+00 1.33198E+00 4.38187E+01
1.40901E+00 1.79239E+00 1.85324E+00 2.12540E+00 2.11702E+00 2.13602E+00 2.16658E+00 1.85327E+00 1.79239E+00 1.40901E+00 4.55251E+01
1.48529E+00 1.86676E+00 1.92805E+00 2.19841E+00 2.19008E+00 2.20948E+00 2.24032E+00 1.92808E+00 1.86676E+00 1.48529E+00 4.71986E+01
1.56080E+00 1.94043E+00 2.00214E+00 2.27075E+00 2.26247E+00 2.28227E+00 2.31339E+00 2.00217E+00 1.94043E+00 1.56080E+00 4.88396E+01
1.63554E+00 2.01338E+00 2.07550E+00 2.34243E+00 2.33419E+00 2.35439E+00 2.38577E+00 2.07554E+00 2.01338E+00 1.63554E+00 5.04485E+01
1.70949E+00 2.08561E+00 2.14813E+00 2.41341E+00 2.40523E+00 2.42581E+00 2.45745E+00 2.14817E+00 2.08561E+00 1.70949E+00 5.20255E+01
1.78267E+00 2.15710E+00 2.22001E+00 2.48370E+00 2.47558E+00 2.49653E+00 2.52842E+00 2.22005E+00 2.15710E+00 1.78267E+00 5.35712E+01
1.85506E+00 2.22786E+00 2.29115E+00 2.55330E+00 2.54522E+00 2.56654E+00 2.59868E+00 2.29119E+00 2.22786E+00 1.85506E+00 5.50860E+01
1.92668E+00 2.29789E+00 2.36154E+00 2.62219E+00 2.61416E+00 2.63585E+00 2.66823E+00 2.36158E+00 2.29789E+00 1.92668E+00 5.65706E+01
1.99750E+00 2.36717E+00 2.43118E+00 2.69037E+00 2.68239E+00 2.70444E+00 2.73706E+00 2.43122E+00 2.36717E+00 1.99750E+00 5.80253E+01
2.06755E+00 2.43572E+00 2.50008E+00 2.75785E+00 2.74991E+00 2.77231E+00 2.80517E+00 2.50012E+00 2.43572E+00 2.06755E+00 5.94510E+01
2.13683E+00 2.50353E+00 2.56823E+00 2.82461E+00 2.81673E+00 2.83948E+00 2.87256E+00 2.56827E+00 2.50353E+00 2.13683E+00 6.08480E+01
2.20534E+00 2.57061E+00 2.63564E+00 2.89068E+00 2.88284E+00 2.90593E+00 2.93924E+00 2.63568E+00 2.57061E+00 2.20534E+00 6.22171E+01
2.27308E+00 2.63696E+00 2.70231E+00 2.95604E+00 2.94825E+00 2.97167E+00 3.00521E+00 2.70235E+00 2.63696E+00 2.27308E+00 6.35587E+01
2.34006E+00 2.70259E+00 2.76825E+00 3.02070E+00 3.01296E+00 3.03671E+00 3.07047E+00 2.76830E+00 2.70259E+00 2.34006E+00 6.48736E+01
2.40630E+00 2.76749E+00 2.83347E+00 3.08466E+00 3.07697E+00 3.10105E+00 3.13502E+00 2.83351E+00 2.76749E+00 2.40630E+00 6.61624E+01
2.47179E+00 2.83169E+00 2.89796E+00 3.14794E+00 3.14029E+00 3.16469E+00 3.19887E+00 2.89801E+00 2.83169E+00 2.47179E+00 6.74255E+01
2.53655E+00 2.89518E+00 2.96174E+00 3.21053E+00 3.20293E+00 3.22765E+00 3.26204E+00 2.96179E+00 2.89518E+00 2.53655E+00 6.86637E+01
2.60058E+00 2.95797E+00 3.02482E+00 3.27245E+00 3.26489E+00 3.28992E+00 3.32451E+00 3.02487E+00 2.95797E+00 2.60058E+00 6.98775E+01
2.66389E+00 3.02007E+00 3.08720E+00 3.33369E+00 3.32618E+00 3.35151E+00 3.38631E+00 3.08725E+00 3.02007E+00 2.66389E+00 7.10674E+01
2.72649E+00 3.08149E+00 3.14889E+00 3.39426E+00 3.38680E+00 3.41244E+00 3.44743E+00 3.14894E+00 3.08149E+00 2.72649E+00 7.22341E+01
2.78839E+00 3.14223E+00 3.20990E+00 3.45418E+00 3.44676E+00 3.47270E+00 3.50789E+00 3.20995E+00 3.14223E+00 2.78839E+00 7.33780E+01
2.84960E+00 3.20230E+00 3.27023E+00 3.51345E+00 3.50607E+00 3.53230E+00 3.56768E+00 3.27028E+00 3.20230E+00 2.84960E+00 7.44998E+01
2.91012E+00 3.26171E+00 3.32990E+00 3.57207E+00 3.56474E+00 3.59126E+00 3.62683E+00 3.32995E+00 3.26171E+00 2.91012E+00 7.56000E+01
2.96997E+00 3.32046E+00 3.38891E+00 3.63006E+00 3.62277E+00 3.64958E+00 3.68533E+00 3.38896E+00 3.32046E+00 2.96997E+00 7.66790E+01
3.02916E+00 3.37858E+00 3.44727E+00 3.68741E+00 3.68017E+00 3.70726E+00 3.74320E+00 3.44732E+00 3.37858E+00 3.02916E+00 7.77375E+01
0.00000E+00 0.00000E+00 -1.10091E-02 3.09963E-01 2.99406E-01 3.05056E-01 3.27410E-01 -1.10122E-02 0.00000E+00 0.00000E+00 -1.17231E+00
0.00000E+00 0.00000E+00 3.42083E-02 3.45414E-01 3.34959E-01 3.42073E-01 3.65566E-01 3.42076E-02 0.00000E+00 0.00000E+00 -6.38809E-02
0.00000E+00 3.54380E-02 8.70137E-02 3.90184E-01 3.79838E-01 3.88251E-01 4.12722E-01 8.70155E-02 3.54380E-02 0.00000E+00 1.26502E+00
0.00000E+00 9.16128E-02 1.44918E-01 4.41180E-01 4.30946E-01 4.40548E-01 4.65891E-01 1.44922E-01 9.16128E-02 0.00000E+00 2.75327E+00
0.00000E+00 1.51572E-01 2.06421E-01 4.96593E-01 4.86472E-01 4.97179E-01 5.23314E-01 2.06427E-01 1.51572E-01 0.00000E+00 4.37470E+00
0.00000E+00 2.14085E-01 2.70326E-01 5.55060E-01 5.45052E-01 5.56792E-01 5.83656E-01 2.70334E-01 2.14085E-01 0.00000E+00 6.08584E+00
0.00000E+00 2.78310E-01 3.35818E-01 6.15643E-01 6.05747E-01 6.18459E-01 6.45998E-01 3.35828E-01 2.78310E-01 0.00000E+00 7.85379E+00
0.00000E+00 3.43649E-01 4.02319E-01 6.77673E-01 6.67887E-01 6.81518E-01 7.09688E-01 4.02332E-01 3.43649E-01 0.00000E+00 9.65376E+00
2.70026E-02 4.09235E-01 4.68972E-01 7.40243E-01 7.30567E-01 7.45068E-01 7.73827E-01 4.68987E-01 4.09235E-01 2.70026E-02 1.14179E+01
9.63685E-02 4.74726E-01 5.35449E-01 8.02963E-01 7.93394E-01 8.08724E-01 8.38039E-01 5.35467E-01 4.74726E-01 9.63685E-02 1.31072E+01
1.65863E-01 5.40597E-01 6.02246E-01 8.66248E-01 8.56785E-01 8.72912E-01 9.02757E-01 6.02265E-01 5.40597E-01 1.65863E-01 1.47903E+01
2.35276E-01 6.06607E-01 6.69127E-01 9.29835E-01 9.20477E-01 9.37372E-01 9.67723E-01 6.69148E-01 6.06607E-01 2.35276E-01 1.64601E+01
3.04442E-01 6.72566E-01 7.35909E-01 9.93516E-01 9.84261E-01 1.00190E+00 1.03273E+00 7.35932E-01 6.72566E-01 3.04442E-01 1.81111E+01
3.73231E-01 7.38323E-01 8.02446E-01 1.05712E+00 1.04797E+00 1.06633E+00 1.09763E+00 8.02471E-01 7.38323E-01 3.73231E-01 1.97390E+01
4.41540E-01 8.03758E-01 8.68620E-01 1.12053E+00 1.11147E+00 1.13052E+00 1.16227E+00 8.68647E-01 8.03758E-01 4.41540E-01 2.13408E+01
5.09287E-01 8.68773E-01 9.34339E-01 1.18361E+00 1.17466E+00 1.19438E+00 1.22656E+00 9.34368E-01 8.68773E-01 5.09287E-01 2.29140E+01
5.76408E-01 9.33292E-01 9.99528E-01 1.24630E+00 1.23744E+00 1.25782E+00 1.29042E+00 9.99559E-01 9.33292E-01 5.76408E-01 2.44569E+01
6.42852E-01 9.97251E-01 1.06413E+00 1.30851E+00 1.29975E+00 1.32076E+00 1.35376E+00 1.06416E+00 9.97251E-01 6.42852E-01 2.59685E+01
7.08579E-01 1.06060E+00 1.12809E+00 1.37019E+00 1.36152E+00 1.38315E+00 1.41655E+00 1.12813E+00 1.06060E+00 7.08579E-01 2.74479E+01
7.73559E-01 1.12331E+00 1.19138E+00 1.43130E+00 1.42272E+00 1.44495E+00 1.47873E+00 1.19142E+00 1.12331E+00 7.73559E-01 2.88947E+01
8.37769E-01 1.18533E+00 1.25397E+00 1.49179E+00 1.48331E+00 1.50613E+00 1.54027E+00 1.25401E+00 1.18533E+00 8.37769E-01 3.03088E+01
9.01193E-01 1.24666E+00 1.31583E+00 1.55165E+00 1.54326E+00 1.56665E+00 1.60115E+00 1.31587E+00 1.24666E+00 9.01193E-01 3.16903E+01
9.63819E-01 1.30726E+00 1.37696E+00 1.61084E+00 1.60254E+00 1.62648E+00 1.66134E+00 1.37700E+00 1.30726E+00 9.63819E-01 3.30393E+01
1.02564E+00 1.36713E+00 1.43733E+00 1.66935E+00 1.66114E+00 1.68563E+00 1.72082E+00 1.43737E+00 1.36713E+00 1.02564E+00 3.43563E+01
1.08665E+00 1.42626E+00 1.49694E+00 1.72718E+00 1.71905E+00 1.74407E+00 1.77959E+00 1.49699E+00 1.42626E+00 1.08665E+00 3.56417E+01
1.14685E+00 1.48465E+00 1.55579E+00 1.78430E+00 1.77625E+00 1.80180E+00 1.83764E+00 1.55584E+00 1.48465E+00 1.14685E+00 3.68960E+01
1.20624E+00 1.54228E+00 1.61388E+00 1.84071E+00 1.83275E+00 1.85881E+00 1.89497E+00 1.61392E+00 1.54228E+00 1.20624E+00 3.81199E+01
1.26483E+00 1.59917E+00 1.67120E+00 1.89641E+00 1.88853E+00 1.91509E+00 1.95156E+00 1.67125E+00 1.59917E+00 1.26483E+00 3.93141E+01
1.32261E+00 1.65531E+00 1.72775E+00 1.95141E+00 1.94361E+00 1.97066E+00 2.00743E+00 1.72780E+00 1.65531E+00 1.32261E+00 4.04790E+01
1.37961E+00 1.71070E+00 1.78355E+00 2.00569E+00 1.99798E+00 2.02550E+00 2.06257E+00 1.78361E+00 1.71070E+00 1.37961E+00 4.16156E+01
1.43581E+00 1.76535E+00 1.83860E+00 2.05927E+00 2.05164E+00 2.07963E+00 2.11699E+00 1.83866E+00 1.76535E+00 1.43581E+00 4.27244E+01
1.49124E+00 1.81928E+00 1.89291E+00 2.11215E+00 2.10459E+00 2.13305E+00 2.17069E+00 1.89296E+00 1.81928E+00 1.49124E+00 4.38062E+01
1.54590E+00 1.87247E+00 1.94647E+00 2.16434E+00 2.15685E+00 2.18576E+00 2.22368E+00 1.94653E+00 1.87247E+00 1.54590E+00 4.48617E+01
1.59980E+00 1.92495E+00 1.99931E+00 2.21583E+00 2.20842E+00 2.23778E+00 2.27596E+00 1.99937E+00 1.92495E+00 1.59980E+00 4.58917E+01
1.65296E+00 1.97671E+00 2.05142E+00 2.26664E+00 2.25930E+00 2.28910E+00 2.32755E+00 2.05148E+00 1.97671E+00 1.65296E+00 4.68967E+01
1.70537E+00 2.02778E+00 2.10283E+00 2.31677E+00 2.30951E+00 2.33973E+00 2.37845E+00 2.10289E+00 2.02778E+00 1.70537E+00 4.78776E+01
1.75707E+00 2.07815E+00 2.15353E+00 2.36623E+00 2.35905E+00 2.38969E+00 2.42866E+00 2.15359E+00 2.07815E+00 1.75707E+00 4.88349E+01
1.80804E+00 2.12784E+00 2.20354E+00 2.41504E+00 2.40792E+00 2.43899E+00 2.47821E+00 2.20361E+00 2.12784E+00 1.80804E+00 4.97694E+01
1.85832E+00 2.17686E+00 2.25288E+00 2.46319E+00 2.45615E+00 2.48762E+00 2.52709E+00 2.25294E+00 2.17686E+00 1.85832E+00 5.06817E+01
1.90790E+00 2.22522E+00 2.30154E+00 2.51071E+00 2.50373E+00 2.53561E+00 2.57532E+00 2.30160E+00 2.22522E+00 1.90790E+00 5.15725E+01
1.95680E+00 2.27292E+00 2.34954E+00 2.55759E+00 2.55069E+00 2.58296E+00 2.62291E+00 2.34961E+00 2.27292E+00 1.95680E+00 5.24423E+01
2.00503E+00 2.31999E+00 2.39689E+00 2.60385E+00 2.59701E+00 2.62967E+00 2.66986E+00 2.39696E+00 2.31999E+00 2.00503E+00 5.32918E+01
2.05261E+00 2.36642E+00 2.44361E+00 2.64950E+00 2.64273E+00 2.67577E+00 2.71619E+00 2.44368E+00 2.36642E+00 2.05261E+00 5.41215E+01
2.09954E+00 2.41223E+00 2.48970E+00 2.69454E+00 2.68784E+00 2.72126E+00 2.76191E+00 2.48977E+00 2.41223E+00 2.09954E+00 5.49321E+01
2.14584E+00 2.45743E+00 2.53517E+00 2.73899E+00 2.73236E+00 2.76615E+00 2.80702E+00 2.53524E+00 2.45743E+00 2.14584E+00 5.57240E+01
2.19151E+00 2.50203E+00 2.58003E+00 2.78286E+00 2.77629E+00 2.81045E+00 2.85154E+00 2.58010E+00 2.50203E+00 2.19151E+00 5.64978E+01
2.23658E+00 2.54605E+00 2.62430E+00 2.82615E+00 2.81964E+00 2.85417E+00 2.89548E+00 2.62437E+00 2.54605E+00 2.23658E+00 5.72541E+01
2.28104E+00 2.58948E+00 2.66798E+00 2.86888E+00 2.86243E+00 2.89731E+00 2.93884E+00 2.66806E+00 2.58948E+00 2.28104E+00 5.79932E+01
2.32491E+00 2.63234E+00 2.71109E+00 2.91105E+00 2.90467E+00 2.93990E+00 2.98164E+00 2.71116E+00 2.63234E+00 2.32491E+00 5.87158E+01
2.36820E+00 2.67464E+00 2.75363E+00 2.95268E+00 2.94636E+00 2.98194E+00 3.02388E+00 2.75371E+00 2.67464E+00 2.36820E+00 5.94223E+01
0.00000E+00 0.00000E+00 6.58631E-04 2.74277E-01 2.62830E-01 2.71385E-01 2.97957E-01 6.53996E-04 0.00000E+00 0.00000E+00 -1.06419E+00
0.00000E+00 0.00000E+00 4.54085E-02 3.09816E-01 2.98634E-01 3.09155E-01 3.37004E-01 4.54076E-02 0.00000E+00 0.00000E+00 6.47171E-02
0.00000E+00 3.30583E-02 9.52466E-02 3.52091E-01 3.41159E-01 3.53411E-01 3.82359E-01 9.52493E-02 3.30583E-02 0.00000E+00 1.34533E+00
0.00000E+00 8.42526E-02 1.48328E-01 3.98682E-01 3.87987E-01 4.01815E-01 4.31743E-01 1.48335E-01 8.42526E-02 0.00000E+00 2.72591E+00
0.00000E+00 1.37783E-01 2.03529E-01 4.48172E-01 4.37704E-01 4.52986E-01 4.83807E-01 2.03539E-01 1.37783E-01 0.00000E+00 4.18638E+00
0.00000E+00 1.92698E-01 2.59941E-01 4.99491E-01 4.89242E-01 5.05877E-01 5.37518E-01 2.59953E-01 1.92698E-01 0.00000E+00 5.69093E+00
0.00000E+00 2.48366E-01 3.16960E-01 5.51921E-01 5.41880E-01 5.59784E-01 5.92186E-01 3.16976E-01 2.48366E-01 0.00000E+00 7.21402E+00
0.00000E+00 3.04346E-01 3.74173E-01 6.04960E-01 5.95120E-01 6.14217E-01 6.47331E-01 3.74192E-01 3.04346E-01 0.00000E+00 8.73750E+00
2.30548E-02 3.60065E-01 4.31016E-01 6.57998E-01 6.48351E-01 6.68574E-01 7.02353E-01 4.31038E-01 3.60065E-01 2.30548E-02 1.02053E+01
8.18779E-02 4.15310E-01 4.87294E-01 7.10779E-01 7.01316E-01 7.22606E-01 7.57014E-01 4.87318E-01 4.15310E-01 8.18779E-02 1.15879E+01
1.40278E-01 4.70362E-01 5.43308E-01 7.63530E-01 7.54247E-01 7.76561E-01 8.11567E-01 5.43336E-01 4.70362E-01 1.40278E-01 1.29486E+01
1.98125E-01 5.25064E-01 5.98912E-01 8.16076E-01 8.06968E-01 8.30264E-01 8.65843E-01 5.98943E-01 5.25064E-01 1.98125E-01 1.42830E+01
2.55323E-01 5.79297E-01 6.53993E-01 8.68283E-01 8.59344E-01 8.83587E-01 9.19714E-01 6.54026E-01 5.79297E-01 2.55323E-01 1.55885E+01
3.11802E-01 6.32973E-01 7.08467E-01 9.20045E-01 9.11271E-01 9.36426E-01 9.73082E-01 7.08503E-01 6.32973E-01 3.11802E-01 1.68629E+01
3.67510E-01 6.86022E-01 7.62270E-01 9.71284E-01 9.62671E-01 9.88707E-01 1.02587E+00 7.62308E-01 6.86022E-01 3.67510E-01 1.81051E+01
4.22410E-01 7.38394E-01 8.15356E-01 1.02194E+00 1.01348E+00 1.04037E+00 1.07802E+00 8.15397E-01 7.38394E-01 4.22410E-01 1.93143E+01
4.76476E-01 7.90052E-01 8.67690E-01 1.07196E+00 1.06366E+00 1.09137E+00 1.12950E+00 8.67734E-01 7.90052E-01 4.76476E-01 2.04903E+01
5.29692E-01 8.40968E-01 9.19250E-01 1.12132E+00 1.11317E+00 1.14168E+00 1.18027E+00 9.19296E-01 8.40968E-01 5.29692E-01 2.16331E+01
5.82048E-01 8.91125E-01 9.70020E-01 1.16999E+00 1.16198E+00 1.19127E+00 1.23030E+00 9.70068E-01 8.91125E-01 5.82048E-01 2.27431E+01
6.33542E-01 9.40511E-01 1.01999E+00 1.21795E+00 1.21009E+00 1.24013E+00 1.27959E+00 1.02004E+00 9.40511E-01 6.33542E-01 2.38206E+01
6.84174E-01 9.89119E-01 1.06916E+00 1.26520E+00 1.25747E+00 1.28825E+00 1.32812E+00 1.06921E+00 9.89119E-01 6.84174E-01 2.48664E+01
7.33948E-01 1.03695E+00 1.11752E+00 1.31171E+00 1.30412E+00 1.33562E+00 1.37590E+00 1.11757E+00 1.03695E+00 7.33948E-01 2.58811E+01
7.82870E-01 1.08400E+00 1.16508E+00 1.35750E+00 1.35004E+00 1.38223E+00 1.42291E+00 1.16514E+00 1.08400E+00 7.82870E-01 2.68655E+01
8.30952E-01 1.13027E+00 1.21184E+00 1.40257E+00 1.39524E+00 1.42811E+00 1.46917E+00 1.21190E+00 1.13027E+00 8.30952E-01 2.78204E+01
8.78202E-01 1.17578E+00 1.25782E+00 1.44691E+00 1.43970E+00 1.47323E+00 1.51467E+00 1.25788E+00 1.17578E+00 8.78202E-01 2.87467E+01
9.24634E-01 1.22053E+00 1.30302E+00 1.49052E+00 1.48345E+00 1.51763E+00 1.55943E+00 1.30309E+00 1.22053E+00 9.24634E-01 2.96453E+01
9.70261E-01 1.26453E+00 1.34745E+00 1.53343E+00 1.52648E+00 1.56129E+00 1.60345E+00 1.34752E+00 1.26453E+00 9.70261E-01 3.05170E+01
1.01510E+00 1.30779E+00 1.39113E+00 1.57564E+00 1.56880E+00 1.60423E+00 1.64674E+00 1.39120E+00 1.30779E+00 1.01510E+00 3.13627E+01
1.05916E+00 1.35032E+00 1.43407E+00 1.61714E+00 1.61043E+00 1.64646E+00 1.68931E+00 1.43414E+00 1.35032E+00 1.05916E+00 3.21832E+01
1.10245E+00 1.39213E+00 1.47627E+00 1.65797E+00 1.65136E+00 1.68799E+00 1.73118E+00 1.47634E+00 1.39213E+00 1.10245E+00 3.29795E+01
1.14500E+00 1.43324E+00 1.51776E+00 1.69812E+00 1.69163E+00 1.72883E+00 1.77235E+00 1.51783E+00 1.43324E+00 1.14500E+00 3.37523E+01
1.18682E+00 1.47366E+00 1.55854E+00 1.73761E+00 1.73123E+00 1.76900E+00 1.81284E+00 1.55861E+00 1.47366E+00 1.18682E+00 3.45024E+01
1.22792E+00 1.51341E+00 1.59863E+00 1.77644E+00 1.77017E+00 1.80850E+00 1.85265E+00 1.59871E+00 1.51341E+00 1.22792E+00 3.52306E+01
1.26833E+00 1.55249E+00 1.63805E+00 1.81464E+00 1.80848E+00 1.84735E+00 1.89181E+00 1.63813E+00 1.55249E+00 1.26833E+00 3.59377E+01
1.30804E+00 1.59091E+00 1.67681E+00 1.85221E+00 1.84615E+00 1.88556E+00 1.93032E+00 1.67689E+00 1.59091E+00 1.30804E+00 3.66243E+01
1.34709E+00 1.62870E+00 1.71492E+00 1.88917E+00 1.88321E+00 1.92314E+00 1.96820E+00 1.71500E+00 1.62870E+00 1.34709E+00 3.72913E+01
1.38548E+00 1.66587E+00 1.75239E+00 1.92552E+00 1.91967E+00 1.96011E+00 2.00546E+00 1.75247E+00 1.66587E+00 1.38548E+00 3.79393E+01
1.42323E+00 1.70243E+00 1.78924E+00 1.96128E+00 1.95553E+00 1.99648E+00 2.04212E+00 1.78933E+00 1.70243E+00 1.42323E+00 3.85690E+01
1.46035E+00 1.73838E+00 1.82549E+00 1.99646E+00 1.99081E+00 2.03226E+00 2.07818E+00 1.82558E+00 1.73838E+00 1.46035E+00 3.91809E+01
1.49686E+00 1.77375E+00 1.86114E+00 2.03108E+00 2.02552E+00 2.06746E+00 2.11365E+00 1.86123E+00 1.77375E+00 1.49686E+00 3.97758E+01
1.53277E+00 1.80855E+00 1.89621E+00 2.06514E+00 2.05968E+00 2.10209E+00 2.14856E+00 1.89631E+00 1.80855E+00 1.53277E+00 4.03541E+01
1.56809E+00 1.84279E+00 1.93072E+00 2.09866E+00 2.09329E+00 2.13618E+00 2.18291E+00 1.93081E+00 1.84279E+00 1.56809E+00 4.09165E+01
1.60284E+00 1.87648E+00 1.96466E+00 2.13164E+00 2.12636E+00 2.16972E+00 2.21672E+00 1.96476E+00 1.87648E+00 1.60284E+00 4.14635E+01
1.63703E+00 1.90963E+00 1.99807E+00 2.16410E+00 2.15892E+00 2.20273E+00 2.24999E+00 1.99816E+00 1.90963E+00 1.63703E+00 4.19956E+01
1.67068E+00 1.94226E+00 2.03094E+00 2.19606E+00 2.19096E+00 2.23522E+00 2.28273E+00 2.03104E+00 1.94226E+00 1.67068E+00 4.25133E+01
1.70379E+00 1.97437E+00 2.06329E+00 2.22751E+00 2.22250E+00 2.26720E+00 2.31497E+00 2.06339E+00 1.97437E+00 1.70379E+00 4.30171E+01
1.73638E+00 2.00598E+00 2.09513E+00 2.25847E+00 2.25355E+00 2.29869E+00 2.34670E+00 2.09523E+00 2.00598E+00 1.73638E+00 4.35075E+01
1.76845E+00 2.03710E+00 2.12648E+00 2.28896E+00 2.28413E+00 2.32969E+00 2.37795E+00 2.12658E+00 2.03710E+00 1.76845E+00 4.39849E+01
1.80003E+00 2.06774E+00 2.15734E+00 2.31898E+00 2.31423E+00 2.36022E+00 2.40872E+00 2.15744E+00 2.06774E+00 1.80003E+00 4.44497E+01
1.83112E+00 2.09791E+00 2.18772E+00 2.34854E+00 2.34387E+00 2.39028E+00 2.43901E+00 2.18783E+00 2.09791E+00 1.83112E+00 4.49024E+01
0.00000E+00 0.00000E+00 1.47559E-02 2.43087E-01 2.31126E-01 2.44019E-01 2.75275E-01 1.47491E-02 0.00000E+00 0.00000E+00 -9.04830E-01
0.00000E+00 0.00000E+00 5.86809E-02 2.78371E-01 2.66908E-01 2.82414E-01 3.15090E-01 5.86796E-02 0.00000E+00 0.00000E+00 2.39415E-01
0.00000E+00 3.07083E-02 1.05476E-01 3.18098E-01 3.07080E-01 3.24867E-01 3.58770E-01 1.05480E-01 3.07083E-02 0.00000E+00 1.46433E+00
0.00000E+00 7.71541E-02 1.53891E-01 3.60465E-01 3.49856E-01 3.69704E-01 4.04705E-01 1.53900E-01 7.71541E-02 0.00000E+00 2.73263E+00
0.00000E+00 1.24690E-01 2.03151E-01 4.04420E-01 3.94192E-01 4.15931E-01 4.51934E-01 2.03165E-01 1.24690E-01 0.00000E+00 4.03304E+00
0.00000E+00 1.72628E-01 2.52618E-01 4.49169E-01 4.39298E-01 4.62789E-01 4.99715E-01 2.52637E-01 1.72628E-01 0.00000E+00 5.33873E+00
0.00000E+00 2.20528E-01 3.01888E-01 4.94197E-01 4.84661E-01 5.09785E-01 5.47570E-01 3.01911E-01 2.20528E-01 0.00000E+00 6.63199E+00
0.00000E+00 2.68099E-01 3.50696E-01 5.39158E-01 5.29939E-01 5.56593E-01 5.95181E-01 3.50724E-01 2.68099E-01 0.00000E+00 7.90128E+00
1.95189E-02 3.14998E-01 3.98712E-01 5.83675E-01 5.74755E-01 6.02845E-01 6.42186E-01 3.98744E-01 3.14998E-01 1.95189E-02 9.10189E+00
6.89631E-02 3.61114E-01 4.45846E-01 6.27601E-01 6.18964E-01 6.48410E-01 6.88461E-01 4.45883E-01 3.61114E-01 6.89631E-02 1.02127E+01
1.17580E-01 4.06616E-01 4.92291E-01 6.71057E-01 6.62692E-01 6.93433E-01 7.34163E-01 4.92331E-01 4.06616E-01 1.17580E-01 1.12912E+01
1.65311E-01 4.51420E-01 5.37970E-01 7.13943E-01 7.05839E-01 7.37819E-01 7.79199E-01 5.38014E-01 4.51420E-01 1.65311E-01 1.23358E+01
2.12119E-01 4.95468E-01 5.82834E-01 7.56186E-01 7.48333E-01 7.81503E-01 8.23506E-01 5.82882E-01 4.95468E-01 2.12119E-01 1.33458E+01
2.57984E-01 5.38721E-01 6.26851E-01 7.97735E-01 7.90125E-01 8.24438E-01 8.67041E-01 6.26903E-01 5.38721E-01 2.57984E-01 1.43210E+01
3.02895E-01 5.81157E-01 6.70003E-01 8.38557E-01 8.31181E-01 8.66595E-01 9.09775E-01 6.70058E-01 5.81157E-01 3.02895E-01 1.52617E+01
3.46855E-01 6.22762E-01 7.12280E-01 8.78630E-01 8.71480E-01 9.07956E-01 9.51694E-01 7.12339E-01 6.22762E-01 3.46855E-01 1.61685E+01
3.89867E-01 6.63530E-01 7.53683E-01 9.17940E-01 9.11009E-01 9.48511E-01 9.92788E-01 7.53745E-01 6.63530E-01 3.89867E-01 1.70421E+01
4.31945E-01 7.03464E-01 7.94215E-01 9.56484E-01 9.49765E-01 9.88259E-01 1.03306E+00 7.94281E-01 7.03464E-01 4.31945E-01 1.78835E+01
4.73101E-01 7.42570E-01 8.33886E-01 9.94260E-01 9.87747E-01 1.02720E+00 1.07250E+00 8.33956E-01 7.42570E-01 4.73101E-01 1.86937E+01
5.13353E-01 7.80856E-01 8.72709E-01 1.03127E+00 1.02496E+00 1.06535E+00 1.11114E+00 8.72781E-01 7.80856E-01 5.13353E-01 1.94738E+01
5.52719E-01 8.18336E-01 9.10697E-01 1.06753E+00 1.06141E+00 1.10270E+00 1.14897E+00 9.10772E-01 8.18336E-01 5.52719E-01 2.02249E+01
5.91220E-01 8.55022E-01 9.47866E-01 1.10305E+00 1.09711E+00 1.13928E+00 1.18602E+00 9.47945E-01 8.55022E-01 5.91220E-01 2.09480E+01
6.28876E-01 8.90931E-01 9.84235E-01 1.13783E+00 1.13208E+00 1.17510E+00 1.22228E+00 9.84317E-01 8.90931E-01 6.28876E-01 2.16444E+01
6.65708E-01 9.26080E-01 1.01982E+00 1.17189E+00 1.16632E+00 1.21017E+00 1.25779E+00 1.01991E+00 9.26080E-01 6.65708E-01 2.23151E+01
7.01738E-01 9.60484E-01 1.05464E+00 1.20524E+00 1.19985E+00 1.24451E+00 1.29256E+00 1.05473E+00 9.60484E-01 7.01738E-01 2.29611E+01
7.36987E-01 9.94162E-01 1.08872E+00 1.23791E+00 1.23268E+00 1.27813E+00 1.32660E+00 1.08881E+00 9.94162E-01 7.36987E-01 2.35836E+01
7.71476E-01 1.02713E+00 1.12207E+00 1.26990E+00 1.26484E+00 1.31105E+00 1.35993E+00 1.12216E+00 1.02713E+00 7.71476E-01 2.41833E+01
8.05226E-01 1.05941E+00 1.15471E+00 1.30123E+00 1.29633E+00 1.34329E+00 1.39258E+00 1.15481E+00 1.05941E+00 8.05226E-01 2.47614E+01
8.38258E-01 1.09102E+00 1.18667E+00 1.33192E+00 1.32718E+00 1.37487E+00 1.42454E+00 1.18677E+00 1.09102E+00 8.38258E-01 2.53188E+01
8.70592E-01 1.12197E+00 1.21796E+00 1.36198E+00 1.35739E+00 1.40580E+00 1.45586E+00 1.21806E+00 1.12197E+00 8.70592E-01 2.58563E+01
9.02247E-01 1.15228E+00 1.24859E+00 1.39143E+00 1.38699E+00 1.43610E+00 1.48653E+00 1.24869E+00 1.15228E+00 9.02247E-01 2.63747E+01
9.33244E-01 1.18197E+00 1.27859E+00 1.42028E+00 1.41599E+00 1.46578E+00 1.51658E+00 1.27870E+00 1.18197E+00 9.33244E-01 2.68750E+01
9.63600E-01 1.21106E+00 1.30797E+00 1.44855E+00 1.44440E+00 1.49486E+00 1.54602E+00 1.30808E+00 1.21106E+00 9.63600E-01 2.73577E+01
9.93333E-01 1.23956E+00 1.33676E+00 1.47625E+00 1.47225E+00 1.52336E+00 1.57487E+00 1.33687E+00 1.23956E+00 9.93333E-01 2.78238E+01
1.02246E+00 1.26748E+00 1.36496E+00 1.50341E+00 1.49954E+00 1.55129E+00 1.60315E+00 1.36507E+00 1.26748E+00 1.02246E+00 2.82738E+01
1.05100E+00 1.29486E+00 1.39259E+00 1.53002E+00 1.52629E+00 1.57867E+00 1.63087E+00 1.39271E+00 1.29486E+00 1.05100E+00 2.87084E+01
1.07897E+00 1.32168E+00 1.41967E+00 1.55612E+00 1.55252E+00 1.60552E+00 1.65805E+00 1.41979E+00 1.32168E+00 1.07897E+00 2.91284E+01
1.10639E+00 1.34799E+00 1.44622E+00 1.58170E+00 1.57823E+00 1.63184E+00 1.68469E+00 1.44634E+00 1.34799E+00 1.10639E+00 2.95341E+01
1.13327E+00 1.37377E+00 1.47225E+00 1.60679E+00 1.60345E+00 1.65765E+00 1.71082E+00 1.47237E+00 1.37377E+00 1.13327E+00 2.99264E+01
1.15962E+00 1.39906E+00 1.49776E+00 1.63140E+00 1.62818E+00 1.68296E+00 1.73645E+00 1.49789E+00 1.39906E+00 1.15962E+00 3.03056E+01
1.18546E+00 1.42387E+00 1.52279E+00 1.65554E+00 1.65244E+00 1.70779E+00 1.76159E+00 1.52292E+00 1.42387E+00 1.18546E+00 3.06723E+01
1.21081E+00 1.44820E+00 1.54733E+00 1.67922E+00 1.67625E+00 1.73215E+00 1.78626E+00 1.54747E+00 1.44820E+00 1.21081E+00 3.10270E+01
1.23567E+00 1.47207E+00 1.57141E+00 1.70245E+00 1.69960E+00 1.75605E+00 1.81046E+00 1.57155E+00 1.47207E+00 1.23567E+00 3.13702E+01
1.26006E+00 1.49550E+00 1.59503E+00 1.72525E+00 1.72251E+00 1.77951E+00 1.83422E+00 1.59517E+00 1.49550E+00 1.26006E+00 3.17023E+01
1.28400E+00 1.51849E+00 1.61821E+00 1.74763E+00 1.74501E+00 1.80253E+00 1.85753E+00 1.61835E+00 1.51849E+00 1.28400E+00 3.20238E+01
1.30750E+00 1.54105E+00 1.64096E+00 1.76960E+00 1.76708E+00 1.82513E+00 1.88042E+00 1.64110E+00 1.54105E+00 1.30750E+00 3.23351E+01
1.33056E+00 1.56320E+00 1.66329E+00 1.79116E+00 1.78876E+00 1.84732E+00 1.90289E+00 1.66344E+00 1.56320E+00 1.33056E+00 3.26365E+01
1.35320E+00 1.58495E+00 1.68522E+00 1.81233E+00 1.81004E+00 1.86911E+00 1.92495E+00 1.68536E+00 1.58495E+00 1.35320E+00 3.29284E+01
1.37543E+00 1.60631E+00 1.70674E+00 1.83313E+00 1.83094E+00 1.89051E+00 1.94662E+00 1.70689E+00 1.60631E+00 1.37543E+00 3.32112E+01
1.39726E+00 1.62728E+00 1.72788E+00 1.85355E+00 1.85147E+00 1.91152E+00 1.96791E+00 1.72803E+00 1.62728E+00 1.39726E+00 3.34852E+01
0.00000E+00 0.00000E+00 3.14847E-02 2.16176E-01 2.04470E-01 2.23791E-01 2.60011E-01 3.14746E-02 0.00000E+00 0.00000E+00 -6.74100E-01
0.00000E+00 0.00000E+00 7.41492E-02 2.50867E-01 2.39964E-01 2.62710E-01 3.00519E-01 7.41478E-02 0.00000E+00 0.00000E+00 4.72050E-01
0.00000E+00 2.83669E-02 1.17728E-01 2.87961E-01 2.77753E-01 3.03465E-01 3.42652E-01 1.17735E-01 2.83669E-02 0.00000E+00 1.62809E+00
0.00000E+00 7.02437E-02 1.61516E-01 3.26228E-01 3.16646E-01 3.45013E-01 3.85442E-01 1.61530E-01 7.02437E-02 0.00000E+00 2.77557E+00
0.00000E+00 1.12146E-01 2.05066E-01 3.64956E-01 3.55945E-01 3.86736E-01 4.28302E-01 2.05087E-01 1.12146E-01 0.00000E+00 3.91394E+00
0.00000E+00 1.53633E-01 2.47993E-01 4.03614E-01 3.95129E-01 4.28150E-01 4.70768E-01 2.48022E-01 1.53633E-01 0.00000E+00 5.02615E+00
0.00000E+00 1.94447E-01 2.90078E-01 4.41876E-01 4.33878E-01 4.68967E-01 5.12566E-01 2.90114E-01 1.94447E-01 0.00000E+00 6.10240E+00
0.00000E+00 2.34432E-01 3.31197E-01 4.79539E-01 4.71995E-01 5.09014E-01 5.53532E-01 3.31238E-01 2.34432E-01 0.00000E+00 7.13738E+00
1.63504E-02 2.73424E-01 3.71199E-01 5.16409E-01 5.09289E-01 5.48109E-01 5.93490E-01 3.71247E-01 2.73424E-01 1.63504E-02 8.09692E+00
5.74511E-02 3.11401E-01 4.10083E-01 5.52432E-01 5.45708E-01 5.86220E-01 6.32417E-01 4.10137E-01 3.11401E-01 5.74511E-02 8.96712E+00
9.74482E-02 3.48474E-01 4.47985E-01 5.87678E-01 5.81331E-01 6.23452E-01 6.70429E-01 4.48044E-01 3.48474E-01 9.74482E-02 9.79951E+00
1.36343E-01 3.84621E-01 4.84892E-01 6.22109E-01 6.16121E-01 6.59777E-01 7.07502E-01 4.84957E-01 3.84621E-01 1.36343E-01 1.05946E+01
1.74148E-01 4.19834E-01 5.20806E-01 6.55706E-01 6.50061E-01 6.95184E-01 7.43628E-01 5.20876E-01 4.19834E-01 1.74148E-01 1.13534E+01
2.10884E-01 4.54118E-01 5.55737E-01 6.88463E-01 6.83146E-01 7.29675E-01 7.78810E-01 5.55813E-01 4.54118E-01 2.10884E-01 1.20772E+01
2.46577E-01 4.87485E-01 5.89704E-01 7.20382E-01 7.15379E-01 7.63257E-01 8.13059E-01 5.89785E-01 4.87485E-01 2.46577E-01 1.27672E+01
2.81256E-01 5.19952E-01 6.22727E-01 7.51472E-01 7.46771E-01 7.95947E-01 8.46393E-01 6.22813E-01 5.19952E-01 2.81256E-01 1.34249E+01
3.14951E-01 5.51539E-01 6.54832E-01 7.81747E-01 7.77337E-01 8.27762E-01 8.78831E-01 6.54923E-01 5.51539E-01 3.14951E-01 1.40519E+01
3.47694E-01 5.82269E-01 6.86045E-01 8.11225E-01 8.07094E-01 8.58723E-01 9.10396E-01 6.86141E-01 5.82269E-01 3.47694E-01 1.46497E+01
3.79517E-01 6.12166E-01 7.16393E-01 8.39924E-01 8.36062E-01 8.88854E-01 9.41113E-01 7.16493E-01 6.12166E-01 3.79517E-01 1.52196E+01
4.10453E-01 6.41255E-01 7.45905E-01 8.67865E-01 8.64262E-01 9.18179E-01 9.71006E-01 7.46009E-01 6.41255E-01 4.10453E-01 1.57631E+01
4.40532E-01 6.69562E-01 7.74607E-01 8.95069E-01 8.91717E-01 9.46722E-01 1.00010E+00 7.74716E-01 6.69562E-01 4.40532E-01 1.62817E+01
4.69785E-01 6.97111E-01 8.02528E-01 9.21558E-01 9.18449E-01 9.74508E-01 1.02842E+00 8.02641E-01 6.97111E-01 4.69785E-01 1.67765E+01
4.98243E-01 7.23929E-01 8.29694E-01 9.47353E-01 9.44479E-01 1.00156E+00 1.05600E+00 8.29811E-01 7.23929E-01 4.98243E-01 1.72488E+01
5.25934E-01 7.50038E-01 8.56132E-01 9.72478E-01 9.69832E-01 1.02791E+00 1.08286E+00 8.56253E-01 7.50038E-01 5.25934E-01 1.76998E+01
5.52887E-01 7.75464E-01 8.81867E-01 9.96953E-01 9.94527E-01 1.05357E+00 1.10901E+00 8.81992E-01 7.75464E-01 5.52887E-01 1.81307E+01
5.79127E-01 8.00230E-01 9.06924E-01 1.02080E+00 1.01859E+00 1.07856E+00 1.13450E+00 9.07053E-01 8.00230E-01 5.79127E-01 1.85424E+01
6.04682E-01 8.24358E-01 9.31327E-01 1.04404E+00 1.04203E+00 1.10292E+00 1.15933E+00 9.31460E-01 8.24358E-01 6.04682E-01 1.89360E+01
6.29576E-01 8.47871E-01 9.55099E-01 1.06669E+00 1.06489E+00 1.12666E+00 1.18353E+00 9.55236E-01 8.47871E-01 6.29576E-01 1.93124E+01
6.53832E-01 8.70789E-01 9.78263E-01 1.08877E+00 1.08717E+00 1.14981E+00 1.20713E+00 9.78404E-01 8.70789E-01 6.53832E-01 1.96724E+01
6.77475E-01 8.93133E-01 1.00084E+00 1.11030E+00 1.10889E+00 1.17237E+00 1.23014E+00 1.00098E+00 8.93133E-01 6.77475E-01 2.00170E+01
7.00524E-01 9.14923E-01 1.02285E+00 1.13131E+00 1.13008E+00 1.19439E+00 1.25258E+00 1.02300E+00 9.14923E-01 7.00524E-01 2.03469E+01
7.23003E-01 9.36177E-01 1.04431E+00 1.15179E+00 1.15075E+00 1.21586E+00 1.27448E+00 1.04446E+00 9.36177E-01 7.23003E-01 2.06628E+01
7.44929E-01 9.56913E-01 1.06524E+00 1.17178E+00 1.17092E+00 1.23681E+00 1.29585E+00 1.06540E+00 9.56913E-01 7.44929E-01 2.09654E+01
7.66324E-01 9.77149E-01 1.08567E+00 1.19129E+00 1.19060E+00 1.25726E+00 1.31671E+00 1.08582E+00 9.77149E-01 7.66324E-01 2.12554E+01
7.87204E-01 9.96902E-01 1.10560E+00 1.21034E+00 1.20981E+00 1.27722E+00 1.33707E+00 1.10576E+00 9.96902E-01 7.87204E-01 2.15335E+01
8.07588E-01 1.01619E+00 1.12505E+00 1.22894E+00 1.22857E+00 1.29672E+00 1.35696E+00 1.12521E+00 1.01619E+00 8.07588E-01 2.18000E+01
8.27493E-01 1.03502E+00 1.14404E+00 1.24710E+00 1.24690E+00 1.31575E+00 1.37638E+00 1.14421E+00 1.03502E+00 8.27493E-01 2.20557E+01
8.46934E-01 1.05342E+00 1.16259E+00 1.26484E+00 1.26479E+00 1.33435E+00 1.39536E+00 1.16276E+00 1.05342E+00 8.46934E-01 2.23011E+01
8.65926E-01 1.07139E+00 1.18071E+00 1.28217E+00 1.28228E+00 1.35253E+00 1.41390E+00 1.18088E+00 1.07139E+00 8.65926E-01 2.25365E+01
8.84486E-01 1.08896E+00 1.19841E+00 1.29911E+00 1.29937E+00 1.37029E+00 1.43203E+00 1.19858E+00 1.08896E+00 8.84486E-01 2.27626E+01
9.02625E-01 1.10612E+00 1.21570E+00 1.31566E+00 1.31607E+00 1.38765E+00 1.44975E+00 1.21589E+00 1.10612E+00 9.02625E-01 2.29796E+01
9.20360E-01 1.12291E+00 1.23261E+00 1.33185E+00 1.33240E+00 1.40462E+00 1.46708E+00 1.23280E+00 1.12291E+00 9.20360E-01 2.31880E+01
9.37701E-01 1.13932E+00 1.24914E+00 1.34767E+00 1.34836E+00 1.42122E+00 1.48403E+00 1.24933E+00 1.13932E+00 9.37701E-01 2.33883E+01
9.54662E-01 1.15537E+00 1.26530E+00 1.36315E+00 1.36398E+00 1.43746E+00 1.50061E+00 1.26549E+00 1.15537E+00 9.54662E-01 2.35807E+01
9.71254E-01 1.17108E+00 1.28111E+00 1.37829E+00 1.37926E+00 1.45335E+00 1.51683E+00 1.28130E+00 1.17108E+00 9.71254E-01 2.37656E+01
9.87489E-01 1.18644E+00 1.29658E+00 1.39310E+00 1.39420E+00 1.46889E+00 1.53270E+00 1.29677E+00 1.18644E+00 9.87489E-01 2.39434E+01
1.00338E+00 1.20148E+00 1.31171E+00 1.40760E+00 1.40883E+00 1.48411E+00 1.54824E+00 1.31191E+00 1.20148E+00 1.00338E+00 2.41143E+01
1.01893E+00 1.21620E+00 1.32652E+00 1.42179E+00 1.42314E+00 1.49900E+00 1.56346E+00 1.32672E+00 1.21620E+00 1.01893E+00 2.42787E+01
1.03416E+00 1.23060E+00 1.34101E+00 1.43568E+00 1.43716E+00 1.51358E+00 1.57836E+00 1.34121E+00 1.23060E+00 1.03416E+00 2.44368E+01
1.04907E+00 1.24471E+00 1.35520E+00 1.44928E+00 1.45088E+00 1.52786E+00 1.59295E+00 1.35541E+00 1.24471E+00 1.04907E+00 2.45888E+01
0.00000E+00 0.00000E+00 5.08631E-02 1.93453E-01 1.83342E-01 2.12100E-01 2.53287E-01 5.08487E-02 0.00000E+00 0.00000E+00 -3.52099E-01
0.00000E+00 0.00000E+00 9.16659E-02 2.27155E-01 2.18207E-01 2.51380E-01 2.94394E-01 9.16649E-02 0.00000E+00 0.00000E+00 7.71419E-01
0.00000E+00 2.59825E-02 1.31681E-01 2.61444E-01 2.53481E-01 2.90437E-01 3.35050E-01 1.31693E-01 2.59825E-02 0.00000E+00 1.83838E+00
0.00000E+00 6.33823E-02 1.70706E-01 2.95632E-01 2.88537E-01 3.28853E-01 3.74913E-01 1.70729E-01 6.33823E-02 0.00000E+00 2.85196E+00
0.00000E+00 9.99125E-02 2.08601E-01 3.29330E-01 3.23015E-01 3.66374E-01 4.13766E-01 2.08635E-01 9.99125E-02 0.00000E+00 3.82328E+00
0.00000E+00 1.35369E-01 2.45218E-01 3.62254E-01 3.56647E-01 4.02789E-01 4.51418E-01 2.45262E-01 1.35369E-01 0.00000E+00 4.74518E+00
0.00000E+00 1.69660E-01 2.80507E-01 3.94256E-01 3.89297E-01 4.38004E-01 4.87789E-01 2.80562E-01 1.69660E-01 0.00000E+00 5.61524E+00
0.00000E+00 2.02756E-01 3.14470E-01 4.25262E-01 4.20901E-01 4.71989E-01 5.22859E-01 3.14534E-01 2.02756E-01 0.00000E+00 6.43368E+00
1.35041E-02 2.34631E-01 3.47098E-01 4.55226E-01 4.51415E-01 5.04712E-01 5.56603E-01 3.47170E-01 2.34631E-01 1.35041E-02 7.17568E+00
4.71703E-02 2.65338E-01 3.78460E-01 4.84166E-01 4.80866E-01 5.36225E-01 5.89082E-01 3.78541E-01 2.65338E-01 4.71703E-02 7.83330E+00
7.95688E-02 2.94966E-01 4.08672E-01 5.12139E-01 5.09321E-01 5.66633E-01 6.20414E-01 4.08761E-01 2.94966E-01 7.95688E-02 8.45191E+00
1.10750E-01 3.23544E-01 4.37771E-01 5.39161E-01 5.36796E-01 5.95965E-01 6.50632E-01 4.37868E-01 3.23544E-01 1.10750E-01 9.03361E+00
1.40768E-01 3.51107E-01 4.65800E-01 5.65254E-01 5.63320E-01 6.24255E-01 6.79775E-01 4.65905E-01 3.51107E-01 1.40768E-01 9.58056E+00
1.69674E-01 3.77692E-01 4.92803E-01 5.90447E-01 5.88921E-01 6.51543E-01 7.07883E-01 4.92915E-01 3.77692E-01 1.69674E-01 1.00949E+01
1.97521E-01 4.03338E-01 5.18824E-01 6.14771E-01 6.13634E-01 6.77868E-01 7.35000E-01 5.18944E-01 4.03338E-01 1.97521E-01 1.05787E+01
2.24359E-01 4.28085E-01 5.43908E-01 6.38259E-01 6.37492E-01 7.03270E-01 7.61167E-01 5.44035E-01 4.28085E-01 2.24359E-01 1.10339E+01
2.50238E-01 4.51971E-01 5.68098E-01 6.60943E-01 6.60530E-01 7.27790E-01 7.86427E-01 5.68231E-01 4.51971E-01 2.50238E-01 1.14625E+01
2.75204E-01 4.75033E-01 5.91434E-01 6.82856E-01 6.82782E-01 7.51466E-01 8.10820E-01 5.91574E-01 4.75033E-01 2.75204E-01 1.18661E+01
2.99300E-01 4.97309E-01 6.13956E-01 7.04030E-01 7.04281E-01 7.74336E-01 8.34385E-01 6.14102E-01 4.97309E-01 2.99300E-01 1.22464E+01
3.22569E-01 5.18834E-01 6.35703E-01 7.24497E-01 7.25059E-01 7.96436E-01 8.57159E-01 6.35855E-01 5.18834E-01 3.22569E-01 1.26049E+01
3.45049E-01 5.39641E-01 6.56709E-01 7.44287E-01 7.45148E-01 8.17799E-01 8.79178E-01 6.56868E-01 5.39641E-01 3.45049E-01 1.29432E+01
3.66779E-01 5.59762E-01 6.77010E-01 7.63429E-01 7.64578E-01 8.38460E-01 9.00476E-01 6.77174E-01 5.59762E-01 3.66779E-01 1.32624E+01
3.87793E-01 5.79229E-01 6.96637E-01 7.81951E-01 7.83376E-01 8.58449E-01 9.21086E-01 6.96807E-01 5.79229E-01 3.87793E-01 1.35638E+01
4.08125E-01 5.98069E-01 7.15621E-01 7.99878E-01 8.01571E-01 8.77796E-01 9.41037E-01 7.15797E-01 5.98069E-01 4.08125E-01 1.38486E+01
4.27805E-01 6.16310E-01 7.33992E-01 8.17237E-01 8.19188E-01 8.96529E-01 9.60359E-01 7.34173E-01 6.16310E-01 4.27805E-01 1.41177E+01
4.46864E-01 6.33978E-01 7.51775E-01 8.34052E-01 8.36251E-01 9.14675E-01 9.79080E-01 7.51962E-01 6.33978E-01 4.46864E-01 1.43723E+01
4.65328E-01 6.51099E-01 7.68998E-01 8.50345E-01 8.52785E-01 9.32259E-01 9.97225E-01 7.69189E-01 6.51099E-01 4.65328E-01 1.46131E+01
4.83225E-01 6.67695E-01 7.85684E-01 8.66139E-01 8.68812E-01 9.49306E-01 1.01482E+00 7.85881E-01 6.67695E-01 4.83225E-01 1.48410E+01
5.00579E-01 6.83789E-01 8.01856E-01 8.81454E-01 8.84352E-01 9.65837E-01 1.03189E+00 8.02058E-01 6.83789E-01 5.00579E-01 1.50569E+01
5.17413E-01 6.99401E-01 8.17538E-01 8.96309E-01 8.99426E-01 9.81875E-01 1.04845E+00 8.17745E-01 6.99401E-01 5.17413E-01 1.52613E+01
5.33749E-01 7.14552E-01 8.32748E-01 9.10724E-01 9.14053E-01 9.97440E-01 1.06453E+00 8.32960E-01 7.14552E-01 5.33749E-01 1.54550E+01
5.49609E-01 7.29261E-01 8.47507E-01 9.24715E-01 9.28250E-01 1.01255E+00 1.08014E+00 8.47724E-01 7.29261E-01 5.49609E-01 1.56387E+01
5.65011E-01 7.43544E-01 8.61834E-01 9.38301E-01 9.42035E-01 1.02723E+00 1.09530E+00 8.62055E-01 7.43544E-01 5.65011E-01 1.58128E+01
5.79975E-01 7.57420E-01 8.75745E-01 9.51497E-01 9.55425E-01 1.04148E+00 1.11004E+00 8.75970E-01 7.57420E-01 5.79975E-01 1.59780E+01
5.94518E-01 7.70905E-01 8.89258E-01 9.64317E-01 9.68435E-01 1.05534E+00 1.12437E+00 8.89487E-01 7.70905E-01 5.94518E-01 1.61347E+01
6.08658E-01 7.84013E-01 9.02387E-01 9.76778E-01 9.81079E-01 1.06881E+00 1.13830E+00 9.02621E-01 7.84013E-01 6.08658E-01 1.62834E+01
6.22409E-01 7.96759E-01 9.15149E-01 9.88892E-01 9.93371E-01 1.08191E+00 1.15186E+00 9.15387E-01 7.96759E-01 6.22409E-01 1.64245E+01
6.35786E-01 8.09157E-01 9.27558E-01 1.00067E+00 1.00533E+00 1.09465E+00 1.16504E+00 9.27800E-01 8.09157E-01 6.35786E-01 1.65585E+01
6.48805E-01 8.21221E-01 9.39626E-01 1.01213E+00 1.01695E+00 1.10705E+00 1.17788E+00 9.39872E-01 8.21221E-01 6.48805E-01 1.66858E+01
6.61479E-01 8.32961E-01 9.51366E-01 1.02328E+00 1.02827E+00 1.11912E+00 1.19037E+00 9.51617E-01 8.32961E-01 6.61479E-01 1.68066E+01
6.73820E-01 8.44392E-01 9.62792E-01 1.03413E+00 1.03928E+00 1.13087E+00 1.20255E+00 9.63046E-01 8.44392E-01 6.73820E-01 1.69214E+01
6.85841E-01 8.55523E-01 9.73914E-01 1.04470E+00 1.05001E+00 1.14231E+00 1.21440E+00 9.74172E-01 8.55523E-01 6.85841E-01 1.70304E+01
6.97553E-01 8.66366E-01 9.84743E-01 1.05499E+00 1.06045E+00 1.15346E+00 1.22596E+00 9.85005E-01 8.66366E-01 6.97553E-01 1.71340E+01
7.08968E-01 8.76930E-01 9.95291E-01 1.06501E+00 1.07062E+00 1.16432E+00 1.23722E+00 9.95556E-01 8.76930E-01 7.08968E-01 1.72323E+01
7.20096E-01 8.87226E-01 1.00557E+00 1.07477E+00 1.08053E+00 1.17490E+00 1.24820E+00 1.00584E+00 8.87226E-01 7.20096E-01 1.73258E+01
7.30947E-01 8.97263E-01 1.01558E+00 1.08428E+00 1.09019E+00 1.18522E+00 1.25890E+00 1.01585E+00 8.97263E-01 7.30947E-01 1.74146E+01
7.41531E-01 9.07050E-01 1.02534E+00 1.09356E+00 1.09960E+00 1.19529E+00 1.26935E+00 1.02561E+00 9.07050E-01 7.41531E-01 1.74989E+01
7.51857E-01 9.16595E-01 1.03485E+00 1.10260E+00 1.10878E+00 1.20510E+00 1.27954E+00 1.03513E+00 9.16595E-01 7.51857E-01 1.75790E+01
7.61933E-01 9.25906E-01 1.04413E+00 1.11142E+00 1.11773E+00 1.21468E+00 1.28948E+00 1.04442E+00 9.25906E-01 7.61933E-01 1.76551E+01
7.71769E-01 9.34992E-01 1.05318E+00 1.12002E+00 1.12646E+00 1.22402E+00 1.29919E+00 1.05347E+00 9.34992E-01 7.71769E-01 1.77273E+01
0.00000E+00 0.00000E+00 7.24758E-02 1.74969E-01 1.68522E-01 2.10973E-01 2.56857E-01 7.24567E-02 0.00000E+00 0.00000E+00 7.33302E-02
0.00000E+00 0.00000E+00 1.10516E-01 2.07112E-01 2.02188E-01 2.50201E-01 2.98320E-01 1.10518E-01 0.00000E+00 0.00000E+00 1.13619E+00
0.00000E+00 2.34605E-02 1.46352E-01 2.38255E-01 2.34595E-01 2.87318E-01 3.37405E-01 1.46374E-01 2.34605E-02 0.00000E+00 2.08614E+00
0.00000E+00 5.63448E-02 1.80242E-01 2.68223E-01 2.65657E-01 3.22525E-01 3.74398E-01 1.80281E-01 5.63448E-02 0.00000E+00 2.94837E+00
0.00000E+00 8.76426E-02 2.12323E-01 2.96938E-01 2.95339E-01 3.55931E-01 4.09450E-01 2.12379E-01 8.76426E-02 0.00000E+00 3.74517E+00
0.00000E+00 1.17369E-01 2.42665E-01 3.24344E-01 3.23612E-01 3.87584E-01 4.42633E-01 2.42736E-01 1.17369E-01 0.00000E+00 4.47839E+00
0.00000E+00 1.45587E-01 2.71365E-01 3.50455E-01 3.50505E-01 4.17571E-01 4.74052E-01 2.71452E-01 1.45587E-01 0.00000E+00 5.15188E+00
0.00000E+00 1.72375E-01 2.98533E-01 3.75314E-01 3.76077E-01 4.45996E-01 5.03821E-01 2.98633E-01 1.72375E-01 0.00000E+00 5.77024E+00
1.09357E-02 1.97816E-01 3.24266E-01 3.98981E-01 4.00394E-01 4.72944E-01 5.32033E-01 3.24380E-01 1.97816E-01 1.09357E-02 6.31656E+00
3.79570E-02 2.22019E-01 3.48689E-01 4.21540E-01 4.23549E-01 4.98540E-01 5.58822E-01 3.48815E-01 2.22019E-01 3.79570E-02 6.78739E+00
6.36486E-02 2.45074E-01 3.71911E-01 4.43051E-01 4.45617E-01 5.22906E-01 5.84330E-01 3.72048E-01 2.45074E-01 6.36486E-02 7.22179E+00
8.80993E-02 2.67051E-01 3.94007E-01 4.63570E-01 4.66656E-01 5.46119E-01 6.08637E-01 3.94155E-01 2.67051E-01 8.80993E-02 7.62281E+00
1.11392E-01 2.88012E-01 4.15049E-01 4.83152E-01 4.86727E-01 5.68249E-01 6.31817E-01 4.15209E-01 2.88012E-01 1.11392E-01 7.99327E+00
1.33603E-01 3.08021E-01 4.35104E-01 5.01850E-01 5.05885E-01 5.89363E-01 6.53943E-01 4.35274E-01 3.08021E-01 1.33603E-01 8.33575E+00
1.54802E-01 3.27134E-01 4.54235E-01 5.19715E-01 5.24185E-01 6.09525E-01 6.75079E-01 4.54415E-01 3.27134E-01 1.54802E-01 8.65263E+00
1.75055E-01 3.45406E-01 4.72499E-01 5.36795E-01 5.41677E-01 6.28793E-01 6.95286E-01 4.72689E-01 3.45406E-01 1.75055E-01 8.94604E+00
1.94421E-01 3.62886E-01 4.89949E-01 5.53136E-01 5.58407E-01 6.47220E-01 7.14622E-01 4.90149E-01 3.62886E-01 1.94421E-01 9.21793E+00
2.12955E-01 3.79622E-01 5.06636E-01 5.68779E-01 5.74421E-01 6.64858E-01 7.33138E-01 5.06844E-01 3.79622E-01 2.12955E-01 9.47008E+00
2.30707E-01 3.95656E-01 5.22604E-01 5.83763E-01 5.89758E-01 6.81752E-01 7.50883E-01 5.22822E-01 3.95656E-01 2.30707E-01 9.70407E+00
2.47725E-01 4.11028E-01 5.37897E-01 5.98127E-01 6.04457E-01 6.97947E-01 7.67902E-01 5.38123E-01 4.11028E-01 2.47725E-01 9.92137E+00
2.64052E-01 4.25777E-01 5.52552E-01 6.11903E-01 6.18555E-01 7.13481E-01 7.84236E-01 5.52787E-01 4.25777E-01 2.64052E-01 1.01233E+01
2.79727E-01 4.39938E-01 5.66608E-01 6.25125E-01 6.32083E-01 7.28393E-01 7.99924E-01 5.66850E-01 4.39938E-01 2.79727E-01 1.03110E+01
2.94786E-01 4.53541E-01 5.80097E-01 6.37822E-01 6.45073E-01 7.42716E-01 8.15002E-01 5.80347E-01 4.53541E-01 2.94786E-01 1.04857E+01
3.09265E-01 4.66617E-01 5.93050E-01 6.50021E-01 6.57555E-01 7.56482E-01 8.29503E-01 5.93307E-01 4.66617E-01 3.09265E-01 1.06482E+01
3.23195E-01 4.79195E-01 6.05496E-01 6.61750E-01 6.69553E-01 7.69722E-01 8.43458E-01 6.05761E-01 4.79195E-01 3.23195E-01 1.07995E+01
3.36605E-01 4.91301E-01 6.17463E-01 6.73032E-01 6.81095E-01 7.82463E-01 8.56895E-01 6.17735E-01 4.91301E-01 3.36605E-01 1.09404E+01
3.49522E-01 5.02958E-01 6.28976E-01 6.83890E-01 6.92202E-01 7.94730E-01 8.69842E-01 6.29255E-01 5.02958E-01 3.49522E-01 1.10717E+01
3.61972E-01 5.14189E-01 6.40057E-01 6.94345E-01 7.02898E-01 8.06549E-01 8.82322E-01 6.40343E-01 5.14189E-01 3.61972E-01 1.11941E+01
3.73979E-01 5.25016E-01 6.50730E-01 7.04418E-01 7.13201E-01 8.17941E-01 8.94360E-01 6.51022E-01 5.25016E-01 3.73979E-01 1.13081E+01
3.85565E-01 5.35459E-01 6.61013E-01 7.14126E-01 7.23133E-01 8.28928E-01 9.05978E-01 6.61312E-01 5.35459E-01 3.85565E-01 1.14144E+01
3.96749E-01 5.45535E-01 6.70927E-01 7.23488E-01 7.32710E-01 8.39528E-01 9.17194E-01 6.71232E-01 5.45535E-01 3.96749E-01 1.15135E+01
4.07553E-01 5.55263E-01 6.80489E-01 7.32519E-01 7.41949E-01 8.49761E-01 9.28030E-01 6.80800E-01 5.55263E-01 4.07553E-01 1.16058E+01
4.17993E-01 5.64659E-01 6.89716E-01 7.41236E-01 7.50866E-01 8.59644E-01 9.38501E-01 6.90033E-01 5.64659E-01 4.17993E-01 1.16919E+01
4.28086E-01 5.73737E-01 6.98623E-01 7.49652E-01 7.59477E-01 8.69193E-01 9.48627E-01 6.98946E-01 5.73737E-01 4.28086E-01 1.17721E+01
4.37850E-01 5.82514E-01 7.07226E-01 7.57781E-01 7.67794E-01 8.78424E-01 9.58421E-01 7.07555E-01 5.82514E-01 4.37850E-01 1.18468E+01
4.47298E-01 5.91001E-01 7.15538E-01 7.65636E-01 7.75831E-01 8.87350E-01 9.67899E-01 7.15872E-01 5.91001E-01 4.47298E-01 1.19163E+01
4.56444E-01 5.99213E-01 7.23572E-01 7.73230E-01 7.83601E-01 8.95985E-01 9.77074E-01 7.23911E-01 5.99213E-01 4.56444E-01 1.19811E+01
4.65302E-01 6.07160E-01 7.31340E-01 7.80573E-01 7.91115E-01 9.04342E-01 9.85961E-01 7.31685E-01 6.07160E-01 4.65302E-01 1.20413E+01
4.73885E-01 6.14854E-01 7.38855E-01 7.87676E-01 7.98384E-01 9.12433E-01 9.94571E-01 7.39205E-01 6.14854E-01 4.73885E-01 1.20973E+01
4.82204E-01 6.22307E-01 7.46127E-01 7.94549E-01 8.05419E-01 9.20268E-01 1.00292E+00 7.46482E-01 6.22307E-01 4.82204E-01 1.21494E+01
4.90270E-01 6.29528E-01 7.53165E-01 8.01203E-01 8.12229E-01 9.27860E-01 1.01101E+00 7.53525E-01 6.29528E-01 4.90270E-01 1.21977E+01
4.98094E-01 6.36526E-01 7.59981E-01 8.07645E-01 8.18824E-01 9.35217E-01 1.01885E+00 7.60346E-01 6.36526E-01 4.98094E-01 1.22425E+01
5.05685E-01 6.43311E-01 7.66583E-01 8.13885E-01 8.25212E-01 9.42350E-01 1.02647E+00 7.66953E-01 6.43311E-01 5.05685E-01 1.22840E+01
5.13053E-01 6.49891E-01 7.72980E-01 8.19932E-01 8.31401E-01 9.49268E-01 1.03386E+00 7.73354E-01 6.49891E-01 5.13053E-01 1.23224E+01
5.20207E-01 6.56275E-01 7.79180E-01 8.25791E-01 8.37401E-01 9.55978E-01 1.04103E+00 7.79558E-01 6.56275E-01 5.20207E-01 1.23578E+01
5.27155E-01 6.62470E-01 7.85191E-01 8.31472E-01 8.43217E-01 9.62489E-01 1.04800E+00 7.85574E-01 6.62470E-01 5.27155E-01 1.23905E+01
5.33906E-01 6.68483E-01 7.91020E-01 8.36980E-01 8.48858E-01 9.68810E-01 1.05476E+00 7.91407E-01 6.68483E-01 5.33906E-01 1.24206E+01
5.40466E-01 6.74322E-01 7.96674E-01 8.42323E-01 8.54330E-01 9.74946E-01 1.06134E+00 7.97066E-01 6.74322E-01 5.40466E-01 1.24482E+01
5.46843E-01 6.79993E-01 8.02161E-01 8.47506E-01 8.59639E-01 9.80906E-01 1.06773E+00 8.02557E-01 6.79993E-01 5.46843E-01 1.24735E+01
5.53044E-01 6.85502E-01 8.07486E-01 8.52536E-01 8.64792E-01 9.86695E-01 1.07395E+00 8.07886E-01 6.85502E-01 5.53044E-01 1.24967E+01
0.00000E+00 0.00000E+00 9.49867E-02 1.60853E-01 1.60858E-01 2.22873E-01 2.73258E-01 9.49668E-02 0.00000E+00 0.00000E+00 5.92192E-01
0.00000E+00 0.00000E+00 1.28924E-01 1.90536E-01 1.92316E-01 2.61124E-01 3.14483E-01 1.28939E-01 0.00000E+00 0.00000E+00 1.54272E+00
0.00000E+00 2.06656E-02 1.59634E-01 2.17931E-01 2.21151E-01 2.95639E-01 3.51604E-01 1.59680E-01 2.06656E-02 0.00000E+00 2.34143E+00
0.00000E+00 4.88376E-02 1.87758E-01 2.43337E-01 2.47778E-01 3.27208E-01 3.85531E-01 1.87831E-01 4.88376E-02 0.00000E+00 3.03247E+00
0.00000E+00 7.49188E-02 2.13665E-01 2.66950E-01 2.72453E-01 3.56280E-01 4.16771E-01 2.13763E-01 7.49188E-02 0.00000E+00 3.64691E+00
0.00000E+00 9.91174E-02 2.37601E-01 2.88919E-01 2.95357E-01 3.83140E-01 4.45638E-01 2.37723E-01 9.91174E-02 0.00000E+00 4.19361E+00
0.00000E+00 1.21624E-01 2.59783E-01 3.09390E-01 3.16661E-01 4.08036E-01 4.72403E-01 2.59928E-01 1.21624E-01 0.00000E+00 4.68087E+00
0.00000E+00 1.42608E-01 2.80398E-01 3.28500E-01 3.36519E-01 4.31181E-01 4.97299E-01 2.80563E-01 1.42608E-01 0.00000E+00 5.11612E+00
8.60797E-03 1.62227E-01 2.99616E-01 3.46389E-01 3.55082E-01 4.52750E-01 5.20506E-01 2.99800E-01 1.62227E-01 8.60797E-03 5.48860E+00
2.96758E-02 1.80629E-01 3.17592E-01 3.63181E-01 3.72484E-01 4.72922E-01 5.42217E-01 3.17794E-01 1.80629E-01 2.96758E-02 5.79787E+00
4.94485E-02 1.97913E-01 3.34433E-01 3.78947E-01 3.88814E-01 4.91843E-01 5.62605E-01 3.34652E-01 1.97913E-01 4.94485E-02 6.07644E+00
6.80403E-02 2.14174E-01 3.50235E-01 3.93771E-01 4.04158E-01 5.09622E-01 5.81785E-01 3.50471E-01 2.14174E-01 6.80403E-02 6.32767E+00
8.55519E-02 2.29494E-01 3.65088E-01 4.07726E-01 4.18597E-01 5.26354E-01 5.99859E-01 3.65338E-01 2.29494E-01 8.55519E-02 6.55451E+00
1.02073E-01 2.43949E-01 3.79067E-01 4.20881E-01 4.32203E-01 5.42126E-01 6.16916E-01 3.79333E-01 2.43949E-01 1.02073E-01 6.75953E+00
1.17684E-01 2.57606E-01 3.92244E-01 4.33296E-01 4.45040E-01 5.57012E-01 6.33037E-01 3.92524E-01 2.57606E-01 1.17684E-01 6.94501E+00
1.32455E-01 2.70525E-01 4.04681E-01 4.45028E-01 4.57167E-01 5.71083E-01 6.48296E-01 4.04974E-01 2.70525E-01 1.32455E-01 7.11295E+00
1.46451E-01 2.82761E-01 4.16434E-01 4.56125E-01 4.68635E-01 5.84400E-01 6.62756E-01 4.16740E-01 2.82761E-01 1.46451E-01 7.26510E+00
1.59730E-01 2.94363E-01 4.27553E-01 4.66633E-01 4.79493E-01 5.97017E-01 6.76476E-01 4.27872E-01 2.94363E-01 1.59730E-01 7.40303E+00
1.72343E-01 3.05377E-01 4.38085E-01 4.76594E-01 4.89783E-01 6.08987E-01 6.89510E-01 4.38416E-01 3.05377E-01 1.72343E-01 7.52810E+00
1.84337E-01 3.15843E-01 4.48070E-01 4.86046E-01 4.99546E-01 6.20353E-01 7.01905E-01 4.48413E-01 3.15843E-01 1.84337E-01 7.64154E+00
1.95755E-01 3.25797E-01 4.57548E-01 4.95021E-01 5.08816E-01 6.31157E-01 7.13704E-01 4.57901E-01 3.25797E-01 1.95755E-01 7.74443E+00
2.06636E-01 3.35275E-01 4.66551E-01 5.03553E-01 5.17627E-01 6.41438E-01 7.24948E-01 4.66915E-01 3.35275E-01 2.06636E-01 7.83773E+00
2.17014E-01 3.44306E-01 4.75112E-01 5.11668E-01 5.26007E-01 6.51228E-01 7.35671E-01 4.75486E-01 3.44306E-01 2.17014E-01 7.92232E+00
2.26922E-01 3.52919E-01 4.83258E-01 5.19394E-01 5.33986E-01 6.60560E-01 7.45908E-01 4.83642E-01 3.52919E-01 2.26922E-01 7.99896E+00
2.36390E-01 3.61140E-01 4.91016E-01 5.26755E-01 5.41586E-01 6.69462E-01 7.55689E-01 4.91410E-01 3.61140E-01 2.36390E-01 8.06835E+00
2.45444E-01 3.68992E-01 4.98410E-01 5.33773E-01 5.48833E-01 6.77960E-01 7.65041E-01 4.98814E-01 3.68992E-01 2.45444E-01 8.13111E+00
2.54109E-01 3.76499E-01 5.05463E-01 5.40468E-01 5.55746E-01 6.86080E-01 7.73990E-01 5.05875E-01 3.76499E-01 2.54109E-01 8.18779E+00
2.62409E-01 3.83679E-01 5.12194E-01 5.46860E-01 5.62346E-01 6.93842E-01 7.82559E-01 5.12615E-01 3.83679E-01 2.62409E-01 8.23891E+00
2.70364E-01 3.90551E-01 5.18622E-01 5.52965E-01 5.68651E-01 7.01268E-01 7.90770E-01 5.19052E-01 3.90551E-01 2.70364E-01 8.28492E+00
2.77993E-01 3.97134E-01 5.24765E-01 5.58800E-01 5.74676E-01 7.08377E-01 7.98643E-01 5.25203E-01 3.97134E-01 2.77993E-01 8.32624E+00
2.85316E-01 4.03442E-01 5.30638E-01 5.64380E-01 5.80439E-01 7.15186E-01 8.06198E-01 5.31084E-01 4.03442E-01 2.85316E-01 8.36324E+00
2.92348E-01 4.09491E-01 5.36258E-01 5.69718E-01 5.85953E-01 7.21713E-01 8.13450E-01 5.36711E-01 4.09491E-01 2.92348E-01 8.39626E+00
2.99105E-01 4.15295E-01 5.41636E-01 5.74829E-01 5.91232E-01 7.27971E-01 8.20416E-01 5.42098E-01 4.15295E-01 2.99105E-01 8.42562E+00
3.05602E-01 4.20866E-01 5.46788E-01 5.79723E-01 5.96287E-01 7.33975E-01 8.27112E-01 5.47256E-01 4.20866E-01 3.05602E-01 8.45159E+00
3.11852E-01 4.26217E-01 5.51723E-01 5.84412E-01 6.01132E-01 7.39739E-01 8.33550E-01 5.52199E-01 4.26217E-01 3.11852E-01 8.47444E+00
3.17868E-01 4.31359E-01 5.56454E-01 5.88907E-01 6.05776E-01 7.45274E-01 8.39744E-01 5.56936E-01 4.31359E-01 3.17868E-01 8.49439E+00
3.23661E-01 4.36302E-01 5.60991E-01 5.93218E-01 6.10230E-01 7.50593E-01 8.45706E-01 5.61480E-01 4.36302E-01 3.23661E-01 8.51167E+00
3.29242E-01 4.41056E-01 5.65344E-01 5.97353E-01 6.14503E-01 7.55705E-01 8.51448E-01 5.65839E-01 4.41056E-01 3.29242E-01 8.52648E+00
3.34621E-01 4.45630E-01 5.69521E-01 6.01321E-01 6.18604E-01 7.60621E-01 8.56979E-01 5.70023E-01 4.45630E-01 3.34621E-01 8.53899E+00
3.39809E-01 4.50033E-01 5.73532E-01 6.05130E-01 6.22542E-01 7.65351E-01 8.62310E-01 5.74040E-01 4.50033E-01 3.39809E-01 8.54937E+00
3.44814E-01 4.54272E-01 5.77384E-01 6.08788E-01 6.26323E-01 7.69902E-01 8.67451E-01 5.77898E-01 4.54272E-01 3.44814E-01 8.55778E+00
3.49644E-01 4.58356E-01 5.81085E-01 6.12301E-01 6.29957E-01 7.74284E-01 8.72409E-01 5.81604E-01 4.58356E-01 3.49644E-01 8.56436E+00
3.54308E-01 4.62292E-01 5.84641E-01 6.15678E-01 6.33448E-01 7.78504E-01 8.77193E-01 5.85167E-01 4.62292E-01 3.54308E-01 8.56924E+00
3.58813E-01 4.66085E-01 5.88061E-01 6.18923E-01 6.36805E-01 7.82570E-01 8.81812E-01 5.88592E-01 4.66085E-01 3.58813E-01 8.57253E+00
3.63166E-01 4.69744E-01 5.91349E-01 6.22042E-01 6.40032E-01 7.86487E-01 8.86271E-01 5.91885E-01 4.69744E-01 3.63166E-01 8.57435E+00
3.67373E-01 4.73273E-01 5.94512E-01 6.25042E-01 6.43136E-01 7.90264E-01 8.90579E-01 5.95053E-01 4.73273E-01 3.67373E-01 8.57481E+00
3.71442E-01 4.76677E-01 5.97555E-01 6.27928E-01 6.46122E-01 7.93906E-01 8.94741E-01 5.98101E-01 4.76677E-01 3.71442E-01 8.57399E+00
3.75377E-01 4.79964E-01 6.00483E-01 6.30704E-01 6.48996E-01 7.97418E-01 8.98764E-01 6.01035E-01 4.79964E-01 3.75377E-01 8.57199E+00
3.79184E-01 4.83136E-01 6.03302E-01 6.33375E-01 6.51762E-01 8.00807E-01 9.02654E-01 6.03858E-01 4.83136E-01 3.79184E-01 8.56889E+00
3.82869E-01 4.86200E-01 6.06016E-01 6.35946E-01 6.54424E-01 8.04077E-01 9.06415E-01 6.06577E-01 4.86200E-01 3.82869E-01 8.56476E+00
0.00000E+00 0.00000E+00 1.05721E-01 1.55436E-01 1.59838E-01 2.34441E-01 2.87286E-01 1.05706E-01 0.00000E+00 0.00000E+00 8.72157E-01
0.00000E+00 0.00000E+00 1.36957E-01 1.83412E-01 1.89623E-01 2.71620E-01 3.27993E-01 1.36987E-01 0.00000E+00 0.00000E+00 1.74416E+00
0.00000E+00 1.91214E-02 1.64657E-01 2.08615E-01 2.16274E-01 3.04408E-01 3.63855E-01 1.64725E-01 1.91214E-02 0.00000E+00 2.45390E+00
0.00000E+00 4.48203E-02 1.89603E-01 2.31548E-01 2.40421E-01 3.33861E-01 3.96076E-01 1.89706E-01 4.48203E-02 0.00000E+00 3.05256E+00
0.00000E+00 6.82734E-02 2.12255E-01 2.52524E-01 2.62443E-01 3.60577E-01 4.25324E-01 2.12390E-01 6.82734E-02 0.00000E+00 3.57402E+00
0.00000E+00 8.97686E-02 2.32924E-01 2.71775E-01 2.82605E-01 3.84941E-01 4.52024E-01 2.33088E-01 8.97686E-02 0.00000E+00 4.02955E+00
0.00000E+00 1.09547E-01 2.51865E-01 2.89499E-01 3.01134E-01 4.07265E-01 4.76517E-01 2.52056E-01 1.09547E-01 0.00000E+00 4.42877E+00
0.00000E+00 1.27812E-01 2.69292E-01 3.05868E-01 3.18220E-01 4.27808E-01 4.99082E-01 2.69507E-01 1.27812E-01 0.00000E+00 4.77982E+00
7.52729E-03 1.44746E-01 2.85395E-01 3.21049E-01 3.34040E-01 4.46776E-01 5.19936E-01 2.85634E-01 1.44746E-01 7.52729E-03 5.07432E+00
2.58590E-02 1.60508E-01 3.00337E-01 3.35178E-01 3.48744E-01 4.64367E-01 5.39292E-01 3.00598E-01 1.60508E-01 2.58590E-02 5.31275E+00
4.29477E-02 1.75203E-01 3.14218E-01 3.48329E-01 3.62421E-01 4.80736E-01 5.57338E-01 3.14499E-01 1.75203E-01 4.29477E-02 5.52427E+00
5.89143E-02 1.88929E-01 3.27141E-01 3.60592E-01 3.75168E-01 4.96002E-01 5.74202E-01 3.27441E-01 1.88929E-01 5.89143E-02 5.71215E+00
7.38642E-02 2.01776E-01 3.39194E-01 3.72048E-01 3.87070E-01 5.10267E-01 5.89991E-01 3.39513E-01 2.01776E-01 7.38642E-02 5.87920E+00
8.78896E-02 2.13821E-01 3.50457E-01 3.82767E-01 3.98201E-01 5.23622E-01 6.04804E-01 3.50793E-01 2.13821E-01 8.78896E-02 6.02785E+00
1.01072E-01 2.25133E-01 3.60999E-01 3.92811E-01 4.08629E-01 5.36146E-01 6.18725E-01 3.61352E-01 2.25133E-01 1.01072E-01 6.16021E+00
1.13482E-01 2.35772E-01 3.70881E-01 4.02236E-01 4.18410E-01 5.47911E-01 6.31829E-01 3.71250E-01 2.35772E-01 1.13482E-01 6.27809E+00
1.25184E-01 2.45793E-01 3.80159E-01 4.11092E-01 4.27599E-01 5.58979E-01 6.44184E-01 3.80542E-01 2.45793E-01 1.25184E-01 6.38308E+00
1.36235E-01 2.55245E-01 3.88880E-01 4.19425E-01 4.36243E-01 5.69405E-01 6.55847E-01 3.89278E-01 2.55245E-01 1.36235E-01 6.47656E+00
1.46685E-01 2.64171E-01 3.97088E-01 4.27273E-01 4.44382E-01 5.79240E-01 6.66874E-01 3.97500E-01 2.64171E-01 1.46685E-01 6.55974E+00
1.56580E-01 2.72611E-01 4.04823E-01 4.34673E-01 4.52056E-01 5.88528E-01 6.77311E-01 4.05249E-01 2.72611E-01 1.56580E-01 6.63368E+00
1.65960E-01 2.80600E-01 4.12120E-01 4.41658E-01 4.59298E-01 5.97310E-01 6.87202E-01 4.12559E-01 2.80600E-01 1.65960E-01 6.69932E+00
1.74863E-01 2.88170E-01 4.19011E-01 4.48257E-01 4.66140E-01 6.05623E-01 6.96586E-01 4.19462E-01 2.88170E-01 1.74863E-01 6.75749E+00
1.83322E-01 2.95350E-01 4.25524E-01 4.54498E-01 4.72610E-01 6.13499E-01 7.05498E-01 4.25987E-01 2.95350E-01 1.83322E-01 6.80892E+00
1.91367E-01 3.02167E-01 4.31687E-01 4.60405E-01 4.78732E-01 6.20968E-01 7.13969E-01 4.32160E-01 3.02167E-01 1.91367E-01 6.85426E+00
1.99026E-01 3.08645E-01 4.37521E-01 4.65999E-01 4.84532E-01 6.28058E-01 7.22030E-01 4.38006E-01 3.08645E-01 1.99026E-01 6.89408E+00
2.06324E-01 3.14806E-01 4.43051E-01 4.71303E-01 4.90029E-01 6.34793E-01 7.29706E-01 4.43546E-01 3.14806E-01 2.06324E-01 6.92891E+00
2.13284E-01 3.20670E-01 4.48294E-01 4.76333E-01 4.95243E-01 6.41197E-01 7.37023E-01 4.48799E-01 3.20670E-01 2.13284E-01 6.95919E+00
2.19927E-01 3.26255E-01 4.53270E-01 4.81108E-01 5.00192E-01 6.47289E-01 7.44002E-01 4.53785E-01 3.26255E-01 2.19927E-01 6.98535E+00
2.26273E-01 3.31579E-01 4.57996E-01 4.85644E-01 5.04893E-01 6.53090E-01 7.50664E-01 4.58520E-01 3.31579E-01 2.26273E-01 7.00776E+00
2.32339E-01 3.36658E-01 4.62486E-01 4.89954E-01 5.09361E-01 6.58618E-01 7.57028E-01 4.63019E-01 3.36658E-01 2.32339E-01 7.02675E+00
2.38143E-01 3.41505E-01 4.66755E-01 4.94052E-01 5.13609E-01 6.63887E-01 7.63111E-01 4.67297E-01 3.41505E-01 2.38143E-01 7.04261E+00
2.43698E-01 3.46134E-01 4.70816E-01 4.97951E-01 5.17651E-01 6.68914E-01 7.68929E-01 4.71367E-01 3.46134E-01 2.43698E-01 7.05562E+00
2.49019E-01 3.50558E-01 4.74681E-01 5.01662E-01 5.21498E-01 6.73711E-01 7.74498E-01 4.75240E-01 3.50558E-01 2.49019E-01 7.06603E+00
2.54120E-01 3.54788E-01 4.78362E-01 5.05195E-01 5.25162E-01 6.78293E-01 7.79830E-01 4.78929E-01 3.54788E-01 2.54120E-01 7.07406E+00
2.59011E-01 3.58835E-01 4.81868E-01 5.08561E-01 5.28652E-01 6.82671E-01 7.84939E-01 4.82442E-01 3.58835E-01 2.59011E-01 7.07990E+00
2.63705E-01 3.62707E-01 4.85209E-01 5.11769E-01 5.31978E-01 6.86855E-01 7.89837E-01 4.85791E-01 3.62707E-01 2.63705E-01 7.08375E+00
2.68211E-01 3.66416E-01 4.88395E-01 5.14827E-01 5.35150E-01 6.90857E-01 7.94535E-01 4.88984E-01 3.66416E-01 2.68211E-01 7.08576E+00
2.72540E-01 3.69969E-01 4.91433E-01 5.17743E-01 5.38175E-01 6.94686E-01 7.99042E-01 4.92029E-01 3.69969E-01 2.72540E-01 7.08609E+00
2.76701E-01 3.73374E-01 4.94331E-01 5.20525E-01 5.41060E-01 6.98350E-01 8.03369E-01 4.94935E-01 3.73374E-01 2.76701E-01 7.08488E+00
2.80701E-01 3.76639E-01 4.97098E-01 5.23179E-01 5.43814E-01 7.01859E-01 8.07525E-01 4.97707E-01 3.76639E-01 2.80701E-01 7.08225E+00
2.84549E-01 3.79771E-01 4.99738E-01 5.25712E-01 5.46443E-01 7.05219E-01 8.11518E-01 5.00354E-01 3.79771E-01 2.84549E-01 7.07833E+00
2.88252E-01 3.82776E-01 5.02259E-01 5.28131E-01 5.48953E-01 7.08439E-01 8.15356E-01 5.02882E-01 3.82776E-01 2.88252E-01 7.07320E+00
2.91817E-01 3.85660E-01 5.04668E-01 5.30440E-01 5.51350E-01 7.11525E-01 8.19046E-01 5.05296E-01 3.85660E-01 2.91817E-01 7.06698E+00
2.95251E-01 3.88430E-01 5.06968E-01 5.32645E-01 5.53639E-01 7.14483E-01 8.22596E-01 5.07602E-01 3.88430E-01 2.95251E-01 7.05976E+00
2.98560E-01 3.91090E-01 5.09166E-01 5.34751E-01 5.55826E-01 7.17320E-01 8.26011E-01 5.09806E-01 3.91090E-01 2.98560E-01 7.05160E+00
3.01750E-01 3.93646E-01 5.11266E-01 5.36763E-01 5.57916E-01 7.20042E-01 8.29298E-01 5.11912E-01 3.93646E-01 3.01750E-01 7.04259E+00
3.04825E-01 3.96102E-01 5.13273E-01 5.38686E-01 5.59913E-01 7.22652E-01 8.32463E-01 5.13924E-01 3.96102E-01 3.04825E-01 7.03280E+00
3.07791E-01 3.98463E-01 5.15192E-01 5.40522E-01 5.61821E-01 7.25158E-01 8.35511E-01 5.15848E-01 3.98463E-01 3.07791E-01 7.02229E+00
3.10653E-01 4.00734E-01 5.17026E-01 5.42277E-01 5.63645E-01 7.27563E-01 8.38447E-01 5.17687E-01 4.00734E-01 3.10653E-01 7.01112E+00
3.13415E-01 4.02918E-01 5.18779E-01 5.43954E-01 5.65389E-01 7.29871E-01 8.41276E-01 5.19446E-01 4.02918E-01 3.13415E-01 6.99935E+00
0.00000E+00 0.00000E+00 1.15352E-01 1.51046E-01 1.60576E-01 2.49995E-01 3.05815E-01 1.15351E-01 0.00000E+00 0.00000E+00 1.15038E+00
0.00000E+00 0.00000E+00 1.43401E-01 1.76920E-01 1.88203E-01 2.85566E-01 3.45623E-01 1.43457E-01 0.00000E+00 0.00000E+00 1.92894E+00
0.00000E+00 1.74635E-02 1.67775E-01 1.99679E-01 2.12342E-01 3.16245E-01 3.79962E-01 1.67880E-01 1.74635E-02 0.00000E+00 2.54191E+00
0.00000E+00 4.06026E-02 1.89354E-01 2.19991E-01 2.33796E-01 3.43313E-01 4.10303E-01 1.89503E-01 4.06026E-02 0.00000E+00 3.04519E+00
0.00000E+00 6.14157E-02 2.08655E-01 2.38266E-01 2.53041E-01 3.67492E-01 4.37459E-01 2.08843E-01 6.14157E-02 0.00000E+00 3.47405E+00
0.00000E+00 8.02547E-02 2.26034E-01 2.54798E-01 2.70410E-01 3.89250E-01 4.61948E-01 2.26257E-01 8.02547E-02 0.00000E+00 3.84126E+00
0.00000E+00 9.73997E-02 2.41772E-01 2.69827E-01 2.86169E-01 4.08953E-01 4.84173E-01 2.42028E-01 9.73997E-02 0.00000E+00 4.15713E+00
0.00000E+00 1.13077E-01 2.56095E-01 2.83549E-01 3.00534E-01 4.26890E-01 5.04452E-01 2.56382E-01 1.13077E-01 0.00000E+00 4.42996E+00
6.50195E-03 1.27485E-01 2.69205E-01 2.96147E-01 3.13699E-01 4.43292E-01 5.23026E-01 2.69520E-01 1.27485E-01 6.50195E-03 4.65327E+00
2.22570E-02 1.40791E-01 2.81264E-01 3.07764E-01 3.25821E-01 4.58366E-01 5.40125E-01 2.81604E-01 1.40791E-01 2.22570E-02 4.82811E+00
3.68427E-02 1.53098E-01 2.92362E-01 3.18474E-01 3.36988E-01 4.72273E-01 5.55950E-01 2.92727E-01 1.53098E-01 3.68427E-02 4.98024E+00
5.03827E-02 1.64510E-01 3.02601E-01 3.28371E-01 3.47300E-01 4.85138E-01 5.70633E-01 3.02989E-01 1.64510E-01 5.03827E-02 5.11271E+00
6.29836E-02 1.75116E-01 3.12069E-01 3.37535E-01 3.56844E-01 4.97066E-01 5.84291E-01 3.12478E-01 1.75116E-01 6.29836E-02 5.22807E+00
7.47372E-02 1.84994E-01 3.20843E-01 3.46038E-01 3.65695E-01 5.08150E-01 5.97023E-01 3.21272E-01 1.84994E-01 7.47372E-02 5.32853E+00
8.57237E-02 1.94211E-01 3.28988E-01 3.53940E-01 3.73917E-01 5.18470E-01 6.08917E-01 3.29437E-01 1.94211E-01 8.57237E-02 5.41592E+00
9.60131E-02 2.02828E-01 3.36563E-01 3.61297E-01 3.81568E-01 5.28097E-01 6.20048E-01 3.37031E-01 2.02828E-01 9.60131E-02 5.49185E+00
1.05667E-01 2.10896E-01 3.43619E-01 3.68156E-01 3.88699E-01 5.37091E-01 6.30484E-01 3.44104E-01 2.10896E-01 1.05667E-01 5.55768E+00
1.14739E-01 2.18463E-01 3.50201E-01 3.74559E-01 3.95355E-01 5.45509E-01 6.40283E-01 3.50703E-01 2.18463E-01 1.14739E-01 5.61460E+00
1.23279E-01 2.25569E-01 3.56350E-01 3.80545E-01 4.01575E-01 5.53398E-01 6.49498E-01 3.56867E-01 2.25569E-01 1.23279E-01 5.66362E+00
1.31329E-01 2.32252E-01 3.62100E-01 3.86148E-01 4.07395E-01 5.60800E-01 6.58176E-01 3.62632E-01 2.32252E-01 1.31329E-01 5.70565E+00
1.38927E-01 2.38544E-01 3.67484E-01 3.91397E-01 4.12846E-01 5.67756E-01 6.66359E-01 3.68031E-01 2.38544E-01 1.38927E-01 5.74144E+00
1.46108E-01 2.44475E-01 3.72531E-01 3.96320E-01 4.17958E-01 5.74299E-01 6.74084E-01 3.73092E-01 2.44475E-01 1.46108E-01 5.77169E+00
1.52903E-01 2.50073E-01 3.77266E-01 4.00941E-01 4.22755E-01 5.80459E-01 6.81386E-01 3.77840E-01 2.50073E-01 1.52903E-01 5.79698E+00
1.59340E-01 2.55361E-01 3.81713E-01 4.05283E-01 4.27262E-01 5.86267E-01 6.88294E-01 3.82299E-01 2.55361E-01 1.59340E-01 5.81784E+00
1.65443E-01 2.60361E-01 3.85892E-01 4.09366E-01 4.31499E-01 5.91745E-01 6.94836E-01 3.86490E-01 2.60361E-01 1.65443E-01 5.83473E+00
1.71238E-01 2.65094E-01 3.89822E-01 4.13207E-01 4.35485E-01 5.96919E-01 7.01038E-01 3.90432E-01 2.65094E-01 1.71238E-01 5.84807E+00
1.76743E-01 2.69576E-01 3.93522E-01 4.16824E-01 4.39238E-01 6.01808E-01 7.06922E-01 3.94143E-01 2.69576E-01 1.76743E-01 5.85821E+00
1.81978E-01 2.73826E-01 3.97006E-01 4.20232E-01 4.42773E-01 6.06431E-01 7.12509E-01 3.97638E-01 2.73826E-01 1.81978E-01 5.86547E+00
1.86961E-01 2.77857E-01 4.00290E-01 4.23444E-01 4.46105E-01 6.10807E-01 7.17819E-01 4.00932E-01 2.77857E-01 1.86961E-01 5.87015E+00
1.91708E-01 2.81685E-01 4.03386E-01 4.26473E-01 4.49248E-01 6.14951E-01 7.22868E-01 4.04038E-01 2.81685E-01 1.91708E-01 5.87250E+00
1.96232E-01 2.85321E-01 4.06307E-01 4.29332E-01 4.52212E-01 6.18877E-01 7.27674E-01 4.06968E-01 2.85321E-01 1.96232E-01 5.87274E+00
2.00549E-01 2.88778E-01 4.09063E-01 4.32030E-01 4.55010E-01 6.22600E-01 7.32249E-01 4.09734E-01 2.88778E-01 2.00549E-01 5.87109E+00
2.04669E-01 2.92066E-01 4.11665E-01 4.34578E-01 4.57652E-01 6.26131E-01 7.36609E-01 4.12345E-01 2.92066E-01 2.04669E-01 5.86773E+00
2.08605E-01 2.95195E-01 4.14122E-01 4.36984E-01 4.60147E-01 6.29482E-01 7.40766E-01 4.14810E-01 2.95195E-01 2.08605E-01 5.86283E+00
2.12368E-01 2.98175E-01 4.16443E-01 4.39258E-01 4.62505E-01 6.32663E-01 7.44731E-01 4.17140E-01 2.98175E-01 2.12368E-01 5.85652E+00
2.15966E-01 3.01013E-01 4.18637E-01 4.41406E-01 4.64732E-01 6.35685E-01 7.48515E-01 4.19341E-01 3.01013E-01 2.15966E-01 5.84896E+00
2.19409E-01 3.03719E-01 4.20710E-01 4.43437E-01 4.66837E-01 6.38556E-01 7.52128E-01 4.21422E-01 3.03719E-01 2.19409E-01 5.84025E+00
2.22706E-01 3.06298E-01 4.22669E-01 4.45356E-01 4.68827E-01 6.41285E-01 7.55579E-01 4.23389E-01 3.06298E-01 2.22706E-01 5.83052E+00
2.25864E-01 3.08759E-01 4.24521E-01 4.47170E-01 4.70708E-01 6.43879E-01 7.58878E-01 4.25248E-01 3.08759E-01 2.25864E-01 5.81986E+00
2.28891E-01 3.11107E-01 4.26273E-01 4.48886E-01 4.72486E-01 6.46347E-01 7.62031E-01 4.27006E-01 3.11107E-01 2.28891E-01 5.80835E+00
2.31794E-01 3.13349E-01 4.27928E-01 4.50507E-01 4.74167E-01 6.48693E-01 7.65047E-01 4.28668E-01 3.13349E-01 2.31794E-01 5.79609E+00
2.34578E-01 3.15490E-01 4.29493E-01 4.52040E-01 4.75757E-01 6.50926E-01 7.67932E-01 4.30240E-01 3.15490E-01 2.34578E-01 5.78314E+00
2.37250E-01 3.17535E-01 4.30973E-01 4.53489E-01 4.77259E-01 6.53051E-01 7.70694E-01 4.31725E-01 3.17535E-01 2.37250E-01 5.76958E+00
2.39815E-01 3.19489E-01 4.32371E-01 4.54858E-01 4.78678E-01 6.55073E-01 7.73337E-01 4.33130E-01 3.19489E-01 2.39815E-01 5.75547E+00
2.42279E-01 3.21356E-01 4.33692E-01 4.56152E-01 4.80019E-01 6.56997E-01 7.75869E-01 4.34457E-01 3.21356E-01 2.42279E-01 5.74086E+00
2.44647E-01 3.23141E-01 4.34941E-01 4.57374E-01 4.81286E-01 6.58829E-01 7.78294E-01 4.35711E-01 3.23141E-01 2.44647E-01 5.72580E+00
2.46922E-01 3.24848E-01 4.36121E-01 4.58529E-01 4.82483E-01 6.60573E-01 7.80617E-01 4.36896E-01 3.24848E-01 2.46922E-01 5.71035E+00
2.49110E-01 3.26480E-01 4.37234E-01 4.59618E-01 4.83612E-01 6.62232E-01 7.82843E-01 4.38015E-01 3.26480E-01 2.49110E-01 5.69454E+00
2.51214E-01 3.28042E-01 4.38286E-01 4.60646E-01 4.84678E-01 6.63812E-01 7.84977E-01 4.39072E-01 3.28042E-01 2.51214E-01 5.67841E+00
2.53238E-01 3.29536E-01 4.39278E-01 4.61616E-01 4.85684E-01 6.65316E-01 7.87023E-01 4.40069E-01 3.29536E-01 2.53238E-01 5.66200E+00
0.00000E+00 0.00000E+00 1.23086E-01 1.47539E-01 1.62777E-01 2.69514E-01 3.29328E-01 1.23116E-01 0.00000E+00 0.00000E+00 1.40961E+00
0.00000E+00 0.00000E+00 1.47471E-01 1.70879E-01 1.87701E-01 3.02840E-01 3.67760E-01 1.47574E-01 0.00000E+00 0.00000E+00 2.08153E+00
0.00000E+00 1.56925E-02 1.68234E-01 1.90928E-01 2.08975E-01 3.30963E-01 4.00252E-01 1.68398E-01 1.56925E-02 0.00000E+00 2.59213E+00
0.00000E+00 3.61953E-02 1.86296E-01 2.08475E-01 2.27516E-01 3.55334E-01 4.28495E-01 1.86514E-01 3.61953E-02 0.00000E+00 2.99917E+00
0.00000E+00 5.43726E-02 2.02195E-01 2.23993E-01 2.43863E-01 3.76769E-01 4.53425E-01 2.02461E-01 5.43726E-02 0.00000E+00 3.33780E+00
0.00000E+00 7.06205E-02 2.16309E-01 2.37821E-01 2.58395E-01 3.95793E-01 4.75635E-01 2.16619E-01 7.06205E-02 0.00000E+00 3.62128E+00
0.00000E+00 8.52435E-02 2.28927E-01 2.50222E-01 2.71399E-01 4.12808E-01 4.95573E-01 2.29277E-01 8.52435E-02 0.00000E+00 3.85989E+00
0.00000E+00 9.84808E-02 2.40273E-01 2.61405E-01 2.83104E-01 4.28121E-01 5.13586E-01 2.40660E-01 9.84808E-02 0.00000E+00 4.06164E+00
5.53480E-03 1.10538E-01 2.50551E-01 2.71558E-01 2.93712E-01 4.41978E-01 5.29933E-01 2.50971E-01 1.10538E-01 5.53480E-03 4.22146E+00
1.88785E-02 1.21582E-01 2.59912E-01 2.80826E-01 3.03377E-01 4.54589E-01 5.44853E-01 2.60363E-01 1.21582E-01 1.88785E-02 4.34063E+00
3.11460E-02 1.31714E-01 2.68435E-01 2.89278E-01 3.12183E-01 4.66113E-01 5.58553E-01 2.68914E-01 1.31714E-01 3.11460E-02 4.44152E+00
4.24597E-02 1.41037E-01 2.76216E-01 2.97007E-01 3.20229E-01 4.76675E-01 5.71171E-01 2.76722E-01 1.41037E-01 4.24597E-02 4.52681E+00
5.29236E-02 1.49638E-01 2.83338E-01 3.04092E-01 3.27598E-01 4.86383E-01 5.82824E-01 2.83869E-01 1.49638E-01 5.29236E-02 4.59872E+00
6.26269E-02 1.57593E-01 2.89871E-01 3.10600E-01 3.34362E-01 4.95326E-01 5.93614E-01 2.90425E-01 1.57593E-01 6.26269E-02 4.65913E+00
7.16461E-02 1.64966E-01 2.95876E-01 3.16589E-01 3.40583E-01 5.03583E-01 6.03627E-01 2.96452E-01 1.64966E-01 7.16461E-02 4.70961E+00
8.00478E-02 1.71813E-01 3.01405E-01 3.22112E-01 3.46315E-01 5.11222E-01 6.12938E-01 3.02003E-01 1.71813E-01 8.00478E-02 4.75147E+00
8.78900E-02 1.78185E-01 3.06506E-01 3.27211E-01 3.51605E-01 5.18301E-01 6.21612E-01 3.07123E-01 1.78185E-01 8.78900E-02 4.78584E+00
9.52235E-02 1.84123E-01 3.11217E-01 3.31927E-01 3.56493E-01 5.24873E-01 6.29709E-01 3.11853E-01 1.84123E-01 9.52235E-02 4.81370E+00
1.02093E-01 1.89666E-01 3.15575E-01 3.36293E-01 3.61017E-01 5.30983E-01 6.37277E-01 3.16229E-01 1.89666E-01 1.02093E-01 4.83585E+00
1.08539E-01 1.94848E-01 3.19611E-01 3.40341E-01 3.65208E-01 5.36670E-01 6.44362E-01 3.20281E-01 1.94848E-01 1.08539E-01 4.85301E+00
1.14595E-01 1.99700E-01 3.23352E-01 3.44097E-01 3.69095E-01 5.41972E-01 6.51004E-01 3.24038E-01 1.99700E-01 1.14595E-01 4.86579E+00
1.20294E-01 2.04247E-01 3.26823E-01 3.47586E-01 3.72702E-01 5.46919E-01 6.57239E-01 3.27525E-01 2.04247E-01 1.20294E-01 4.87473E+00
1.25663E-01 2.08514E-01 3.30047E-01 3.50828E-01 3.76054E-01 5.51541E-01 6.63098E-01 3.30763E-01 2.08514E-01 1.25663E-01 4.88026E+00
1.30727E-01 2.12522E-01 3.33043E-01 3.53844E-01 3.79170E-01 5.55862E-01 6.68610E-01 3.33773E-01 2.12522E-01 1.30727E-01 4.88281E+00
1.35510E-01 2.16292E-01 3.35829E-01 3.56652E-01 3.82068E-01 5.59905E-01 6.73801E-01 3.36572E-01 2.16292E-01 1.35510E-01 4.88272E+00
1.40032E-01 2.19839E-01 3.38421E-01 3.59266E-01 3.84765E-01 5.63692E-01 6.78694E-01 3.39177E-01 2.19839E-01 1.40032E-01 4.88030E+00
1.44312E-01 2.23182E-01 3.40834E-01 3.61701E-01 3.87277E-01 5.67241E-01 6.83310E-01 3.41601E-01 2.23182E-01 1.44312E-01 4.87582E+00
1.48365E-01 2.26333E-01 3.43081E-01 3.63971E-01 3.89616E-01 5.70569E-01 6.87668E-01 3.43859E-01 2.26333E-01 1.48365E-01 4.86952E+00
1.52209E-01 2.29306E-01 3.45174E-01 3.66087E-01 3.91795E-01 5.73692E-01 6.91787E-01 3.45963E-01 2.29306E-01 1.52209E-01 4.86160E+00
1.55856E-01 2.32113E-01 3.47123E-01 3.68060E-01 3.93825E-01 5.76623E-01 6.95681E-01 3.47923E-01 2.32113E-01 1.55856E-01 4.85225E+00
1.59319E-01 2.34766E-01 3.48939E-01 3.69899E-01 3.95716E-01 5.79376E-01 6.99365E-01 3.49749E-01 2.34766E-01 1.59319E-01 4.84164E+00
1.62611E-01 2.37273E-01 3.50631E-01 3.71614E-01 3.97479E-01 5.81962E-01 7.02853E-01 3.51450E-01 2.37273E-01 1.62611E-01 4.82992E+00
1.65741E-01 2.39645E-01 3.52206E-01 3.73212E-01 3.99121E-01 5.84392E-01 7.06157E-01 3.53035E-01 2.39645E-01 1.65741E-01 4.81721E+00
1.68720E-01 2.41890E-01 3.53674E-01 3.74703E-01 4.00650E-01 5.86676E-01 7.09289E-01 3.54511E-01 2.41890E-01 1.68720E-01 4.80362E+00
1.71558E-01 2.44015E-01 3.55040E-01 3.76091E-01 4.02074E-01 5.88823E-01 7.12258E-01 3.55886E-01 2.44015E-01 1.71558E-01 4.78928E+00
1.74262E-01 2.46028E-01 3.56312E-01 3.77385E-01 4.03399E-01 5.90841E-01 7.15074E-01 3.57166E-01 2.46028E-01 1.74262E-01 4.77425E+00
1.76839E-01 2.47936E-01 3.57495E-01 3.78589E-01 4.04632E-01 5.92739E-01 7.17746E-01 3.58356E-01 2.47936E-01 1.76839E-01 4.75864E+00
1.79299E-01 2.49745E-01 3.58594E-01 3.79709E-01 4.05777E-01 5.94524E-01 7.20283E-01 3.59463E-01 2.49745E-01 1.79299E-01 4.74251E+00
1.81646E-01 2.51460E-01 3.59616E-01 3.80751E-01 4.06842E-01 5.96201E-01 7.22692E-01 3.60492E-01 2.51460E-01 1.81646E-01 4.72593E+00
1.83888E-01 2.53087E-01 3.60564E-01 3.81719E-01 4.07829E-01 5.97778E-01 7.24980E-01 3.61446E-01 2.53087E-01 1.83888E-01 4.70896E+00
1.86029E-01 2.54630E-01 3.61442E-01 3.82617E-01 4.08745E-01 5.99260E-01 7.27153E-01 3.62332E-01 2.54630E-01 1.86029E-01 4.69164E+00
1.88076E-01 2.56095E-01 3.62256E-01 3.83450E-01 4.09592E-01 6.00652E-01 7.29219E-01 3.63152E-01 2.56095E-01 1.88076E-01 4.67404E+00
1.90033E-01 2.57485E-01 3.63008E-01 3.84221E-01 4.10376E-01 6.01960E-01 7.31182E-01 3.63910E-01 2.57485E-01 1.90033E-01 4.65620E+00
1.91906E-01 2.58805E-01 3.63703E-01 3.84934E-01 4.11099E-01 6.03188E-01 7.33047E-01 3.64611E-01 2.58805E-01 1.91906E-01 4.63815E+00
1.93697E-01 2.60058E-01 3.64343E-01 3.85591E-01 4.11765E-01 6.04339E-01 7.34821E-01 3.65256E-01 2.60058E-01 1.93697E-01 4.61992E+00
1.95412E-01 2.61248E-01 3.64932E-01 3.86197E-01 4.12377E-01 6.05420E-01 7.36507E-01 3.65851E-01 2.61248E-01 1.95412E-01 4.60156E+00
1.97055E-01 2.62378E-01 3.65472E-01 3.86753E-01 4.12939E-01 6.06432E-01 7.38110E-01 3.66396E-01 2.62378E-01 1.97055E-01 4.58308E+00
1.98628E-01 2.63451E-01 3.65966E-01 3.87263E-01 4.13452E-01 6.07379E-01 7.39634E-01 3.66895E-01 2.63451E-01 1.98628E-01 4.56452E+00
2.00135E-01 2.64470E-01 3.66417E-01 3.87729E-01 4.13920E-01 6.08266E-01 7.41082E-01 3.67351E-01 2.64470E-01 2.00135E-01 4.54589E+00
2.01580E-01 2.65437E-01 3.66827E-01 3.88154E-01 4.14345E-01 6.09095E-01 7.42460E-01 3.67765E-01 2.65437E-01 2.01580E-01 4.52723E+00
0.00000E+00 0.00000E+00 1.27955E-01 1.44656E-01 1.65906E-01 2.92729E-01 3.58269E-01 1.28044E-01 0.00000E+00 0.00000E+00 1.62844E+00
0.00000E+00 0.00000E+00 1.48271E-01 1.65022E-01 1.87569E-01 3.23097E-01 3.94765E-01 1.48452E-01 0.00000E+00 0.00000E+00 2.18425E+00
0.00000E+00 1.38256E-02 1.65222E-01 1.82114E-01 2.05633E-01 3.48179E-01 4.25028E-01 1.65481E-01 1.38256E-02 0.00000E+00 2.59041E+00
0.00000E+00 3.16458E-02 1.79701E-01 1.96777E-01 2.21063E-01 3.69523E-01 4.50918E-01 1.80027E-01 3.16458E-02 0.00000E+00 2.90353E+00
0.00000E+00 4.72230E-02 1.92230E-01 2.09513E-01 2.34421E-01 3.87993E-01 4.73457E-01 1.92615E-01 4.72230E-02 0.00000E+00 3.15696E+00
0.00000E+00 6.09749E-02 2.03182E-01 2.20679E-01 2.46099E-01 4.04148E-01 4.93291E-01 2.03619E-01 6.09749E-02 0.00000E+00 3.36351E+00
0.00000E+00 7.32145E-02 2.12831E-01 2.30545E-01 2.56392E-01 4.18403E-01 5.10897E-01 2.13317E-01 7.32145E-02 0.00000E+00 3.53274E+00
0.00000E+00 8.41827E-02 2.21391E-01 2.39319E-01 2.65525E-01 4.31071E-01 5.26640E-01 2.21920E-01 8.41827E-02 0.00000E+00 3.67191E+00
4.63143E-03 9.40828E-02 2.29054E-01 2.47188E-01 2.73695E-01 4.42400E-01 5.40787E-01 2.29621E-01 9.40828E-02 4.63143E-03 3.77698E+00
1.57411E-02 1.03075E-01 2.35954E-01 2.54286E-01 2.81048E-01 4.52595E-01 5.53579E-01 2.36557E-01 1.03075E-01 1.57411E-02 3.84915E+00
2.58840E-02 1.11255E-01 2.42154E-01 2.60677E-01 2.87659E-01 4.61807E-01 5.65225E-01 2.42790E-01 1.11255E-01 2.58840E-02 3.90745E+00
3.51771E-02 1.18723E-01 2.47740E-01 2.66448E-01 2.93618E-01 4.70159E-01 5.75864E-01 2.48407E-01 1.18723E-01 3.51771E-02 3.95409E+00
4.37188E-02 1.25560E-01 2.52787E-01 2.71671E-01 2.99005E-01 4.77751E-01 5.85611E-01 2.53482E-01 1.25560E-01 4.37188E-02 3.99092E+00
5.15926E-02 1.31837E-01 2.57357E-01 2.76410E-01 3.03884E-01 4.84671E-01 5.94565E-01 2.58078E-01 1.31837E-01 5.15926E-02 4.01942E+00
5.88699E-02 1.37613E-01 2.61502E-01 2.80717E-01 3.08312E-01 4.90992E-01 6.02811E-01 2.62248E-01 1.37613E-01 5.88699E-02 4.04086E+00
6.56120E-02 1.42940E-01 2.65269E-01 2.84638E-01 3.12338E-01 4.96778E-01 6.10422E-01 2.66038E-01 1.42940E-01 6.56120E-02 4.05628E+00
7.18719E-02 1.47863E-01 2.68696E-01 2.88212E-01 3.16002E-01 5.02082E-01 6.17460E-01 2.69487E-01 1.47863E-01 7.18719E-02 4.06654E+00
7.76960E-02 1.52421E-01 2.71819E-01 2.91475E-01 3.19341E-01 5.06953E-01 6.23980E-01 2.72630E-01 1.52421E-01 7.76960E-02 4.07240E+00
8.31247E-02 1.56648E-01 2.74666E-01 2.94456E-01 3.22387E-01 5.11431E-01 6.30030E-01 2.75497E-01 1.56648E-01 8.31247E-02 4.07447E+00
8.81936E-02 1.60574E-01 2.77265E-01 2.97182E-01 3.25167E-01 5.15554E-01 6.35653E-01 2.78113E-01 1.60574E-01 8.81936E-02 4.07328E+00
9.29341E-02 1.64225E-01 2.79637E-01 2.99677E-01 3.27707E-01 5.19354E-01 6.40885E-01 2.80503E-01 1.64225E-01 9.29341E-02 4.06929E+00
9.73742E-02 1.67626E-01 2.81805E-01 3.01960E-01 3.30027E-01 5.22858E-01 6.45760E-01 2.82687E-01 1.67626E-01 9.73742E-02 4.06288E+00
1.01539E-01 1.70797E-01 2.83785E-01 3.04051E-01 3.32147E-01 5.26093E-01 6.50307E-01 2.84682E-01 1.70797E-01 1.01539E-01 4.05440E+00
1.05449E-01 1.73757E-01 2.85595E-01 3.05965E-01 3.34085E-01 5.29080E-01 6.54553E-01 2.86506E-01 1.73757E-01 1.05449E-01 4.04411E+00
1.09127E-01 1.76523E-01 2.87247E-01 3.07718E-01 3.35855E-01 5.31841E-01 6.58521E-01 2.88172E-01 1.76523E-01 1.09127E-01 4.03229E+00
1.12588E-01 1.79110E-01 2.88757E-01 3.09323E-01 3.37471E-01 5.34392E-01 6.62232E-01 2.89694E-01 1.79110E-01 1.12588E-01 4.01913E+00
1.15850E-01 1.81531E-01 2.90134E-01 3.10791E-01 3.38946E-01 5.36751E-01 6.65706E-01 2.91084E-01 1.81531E-01 1.15850E-01 4.00483E+00
1.18927E-01 1.83799E-01 2.91390E-01 3.12133E-01 3.40291E-01 5.38932E-01 6.68960E-01 2.92351E-01 1.83799E-01 1.18927E-01 3.98955E+00
1.21832E-01 1.85926E-01 2.92534E-01 3.13360E-01 3.41516E-01 5.40948E-01 6.72010E-01 2.93506E-01 1.85926E-01 1.21832E-01 3.97343E+00
1.24578E-01 1.87920E-01 2.93574E-01 3.14479E-01 3.42630E-01 5.42812E-01 6.74870E-01 2.94556E-01 1.87920E-01 1.24578E-01 3.95660E+00
1.27174E-01 1.89792E-01 2.94519E-01 3.15499E-01 3.43642E-01 5.44534E-01 6.77553E-01 2.95511E-01 1.89792E-01 1.27174E-01 3.93916E+00
1.29631E-01 1.91550E-01 2.95375E-01 3.16427E-01 3.44559E-01 5.46125E-01 6.80070E-01 2.96377E-01 1.91550E-01 1.29631E-01 3.92121E+00
1.31959E-01 1.93201E-01 2.96150E-01 3.17269E-01 3.45387E-01 5.47593E-01 6.82434E-01 2.97160E-01 1.93201E-01 1.31959E-01 3.90284E+00
1.34165E-01 1.94753E-01 2.96848E-01 3.18032E-01 3.46134E-01 5.48948E-01 6.84653E-01 2.97867E-01 1.94753E-01 1.34165E-01 3.88412E+00
1.36258E-01 1.96211E-01 2.97475E-01 3.18722E-01 3.46804E-01 5.50196E-01 6.86738E-01 2.98502E-01 1.96211E-01 1.36258E-01 3.86511E+00
1.38244E-01 1.97583E-01 2.98037E-01 3.19343E-01 3.47404E-01 5.51345E-01 6.88695E-01 2.99071E-01 1.97583E-01 1.38244E-01 3.84587E+00
1.40129E-01 1.98874E-01 2.98537E-01 3.19899E-01 3.47938E-01 5.52400E-01 6.90534E-01 2.99579E-01 1.98874E-01 1.40129E-01 3.82646E+00
1.41921E-01 2.00087E-01 2.98980E-01 3.20396E-01 3.48410E-01 5.53369E-01 6.92261E-01 3.00029E-01 2.00087E-01 1.41921E-01 3.80690E+00
1.43624E-01 2.01230E-01 2.99370E-01 3.20837E-01 3.48825E-01 5.54257E-01 6.93884E-01 3.00426E-01 2.01230E-01 1.43624E-01 3.78726E+00
1.45243E-01 2.02304E-01 2.99711E-01 3.21226E-01 3.49187E-01 5.55068E-01 6.95407E-01 3.00772E-01 2.02304E-01 1.45243E-01 3.76755E+00
1.46784E-01 2.03315E-01 3.00005E-01 3.21566E-01 3.49498E-01 5.55808E-01 6.96837E-01 3.01072E-01 2.03315E-01 1.46784E-01 3.74781E+00
1.48250E-01 2.04267E-01 3.00255E-01 3.21861E-01 3.49762E-01 5.56480E-01 6.98180E-01 3.01328E-01 2.04267E-01 1.48250E-01 3.72807E+00
1.49647E-01 2.05162E-01 3.00465E-01 3.22113E-01 3.49983E-01 5.57090E-01 6.99439E-01 3.01543E-01 2.05162E-01 1.49647E-01 3.70835E+00
1.50977E-01 2.06004E-01 3.00636E-01 3.22324E-01 3.50162E-01 5.57639E-01 7.00620E-01 3.01720E-01 2.06004E-01 1.50977E-01 3.68867E+00
1.52244E-01 2.06795E-01 3.00772E-01 3.22499E-01 3.50303E-01 5.58133E-01 7.01727E-01 3.01861E-01 2.06795E-01 1.52244E-01 3.66905E+00
1.53452E-01 2.07540E-01 3.00875E-01 3.22637E-01 3.50408E-01 5.58574E-01 7.02764E-01 3.01968E-01 2.07540E-01 1.53452E-01 3.64950E+00
1.54603E-01 2.08239E-01 3.00946E-01 3.22743E-01 3.50479E-01 5.58965E-01 7.03735E-01 3.02044E-01 2.08239E-01 1.54603E-01 3.63005E+00
1.55701E-01 2.08896E-01 3.00988E-01 3.22818E-01 3.50519E-01 5.59309E-01 7.04642E-01 3.02090E-01 2.08896E-01 1.55701E-01 3.61069E+00
1.56748E-01 2.09514E-01 3.01003E-01 3.22863E-01 3.50528E-01 5.59609E-01 7.05490E-01 3.02108E-01 2.09514E-01 1.56748E-01 3.59146E+00
1.57748E-01 2.10093E-01 3.00991E-01 3.22881E-01 3.50509E-01 5.59868E-01 7.06282E-01 3.02100E-01 2.10093E-01 1.57748E-01 3.57234E+00
0.00000E+00 0.00000E+00 1.28877E-01 1.41976E-01 1.69146E-01 3.19053E-01 3.92999E-01 1.29075E-01 0.00000E+00 0.00000E+00 1.78325E+00
0.00000E+00 0.00000E+00 1.44881E-01 1.58976E-01 1.87040E-01 3.45727E-01 4.26926E-01 1.45195E-01 0.00000E+00 0.00000E+00 2.21943E+00
0.00000E+00 1.19008E-02 1.57971E-01 1.72919E-01 2.01615E-01 3.67282E-01 4.54533E-01 1.58380E-01 1.19008E-02 0.00000E+00 2.52409E+00
0.00000E+00 2.70450E-02 1.68937E-01 1.84634E-01 2.13799E-01 3.85274E-01 4.77775E-01 1.69428E-01 2.70450E-02 0.00000E+00 2.74965E+00
0.00000E+00 4.01050E-02 1.78250E-01 1.94613E-01 2.24133E-01 4.00571E-01 4.97726E-01 1.78811E-01 4.01050E-02 0.00000E+00 2.92615E+00
0.00000E+00 5.14966E-02 1.86246E-01 2.03205E-01 2.32997E-01 4.13731E-01 5.15055E-01 1.86870E-01 5.14966E-02 0.00000E+00 3.06506E+00
0.00000E+00 6.15253E-02 1.93174E-01 2.10669E-01 2.40668E-01 4.25162E-01 5.30254E-01 1.93853E-01 6.15253E-02 0.00000E+00 3.17469E+00
0.00000E+00 7.04223E-02 1.99220E-01 2.17198E-01 2.47356E-01 4.35168E-01 5.43691E-01 1.99949E-01 7.04223E-02 0.00000E+00 3.26123E+00
3.79979E-03 7.83799E-02 2.04554E-01 2.22968E-01 2.53243E-01 4.43989E-01 5.55632E-01 2.05328E-01 7.83799E-02 3.79979E-03 3.32125E+00
1.28697E-02 8.55460E-02 2.09290E-01 2.28099E-01 2.58459E-01 4.51815E-01 5.66314E-01 2.10104E-01 8.55460E-02 1.28697E-02 3.35576E+00
2.10936E-02 9.20103E-02 2.13472E-01 2.32642E-01 2.63063E-01 4.58783E-01 5.75942E-01 2.14323E-01 9.20103E-02 2.10936E-02 3.38049E+00
2.85795E-02 9.78627E-02 2.17173E-01 2.36676E-01 2.67137E-01 4.65008E-01 5.84651E-01 2.18057E-01 9.78627E-02 2.85795E-02 3.39719E+00
3.54176E-02 1.03178E-01 2.20455E-01 2.40265E-01 2.70749E-01 4.70583E-01 5.92551E-01 2.21371E-01 1.03178E-01 3.54176E-02 3.40725E+00
4.16835E-02 1.08020E-01 2.23371E-01 2.43465E-01 2.73957E-01 4.75587E-01 5.99738E-01 2.24315E-01 1.08020E-01 4.16835E-02 3.41182E+00
4.74415E-02 1.12442E-01 2.25964E-01 2.46320E-01 2.76808E-01 4.80087E-01 6.06292E-01 2.26935E-01 1.12442E-01 4.74415E-02 3.41181E+00
5.27465E-02 1.16490E-01 2.28272E-01 2.48871E-01 2.79344E-01 4.84139E-01 6.12282E-01 2.29268E-01 1.16490E-01 5.27465E-02 3.40800E+00
5.76457E-02 1.20204E-01 2.30327E-01 2.51151E-01 2.81600E-01 4.87793E-01 6.17766E-01 2.31345E-01 1.20204E-01 5.76457E-02 3.40101E+00
6.21800E-02 1.23617E-01 2.32156E-01 2.53190E-01 2.83607E-01 4.91090E-01 6.22795E-01 2.33196E-01 1.23617E-01 6.21800E-02 3.39138E+00
6.63849E-02 1.26759E-01 2.33784E-01 2.55012E-01 2.85391E-01 4.94067E-01 6.27414E-01 2.34843E-01 1.26759E-01 6.63849E-02 3.37954E+00
7.02915E-02 1.29657E-01 2.35231E-01 2.56639E-01 2.86975E-01 4.96755E-01 6.31662E-01 2.36308E-01 1.29657E-01 7.02915E-02 3.36587E+00
7.39271E-02 1.32332E-01 2.36515E-01 2.58092E-01 2.88379E-01 4.99184E-01 6.35572E-01 2.37609E-01 1.32332E-01 7.39271E-02 3.35066E+00
7.73159E-02 1.34806E-01 2.37652E-01 2.59386E-01 2.89620E-01 5.01376E-01 6.39176E-01 2.38762E-01 1.34806E-01 7.73159E-02 3.33419E+00
8.04791E-02 1.37096E-01 2.38657E-01 2.60537E-01 2.90715E-01 5.03355E-01 6.42499E-01 2.39782E-01 1.37096E-01 8.04791E-02 3.31667E+00
8.34359E-02 1.39218E-01 2.39541E-01 2.61557E-01 2.91676E-01 5.05139E-01 6.45567E-01 2.40680E-01 1.39218E-01 8.34359E-02 3.29830E+00
8.62032E-02 1.41185E-01 2.40317E-01 2.62460E-01 2.92517E-01 5.06745E-01 6.48398E-01 2.41469E-01 1.41185E-01 8.62032E-02 3.27922E+00
8.87961E-02 1.43012E-01 2.40993E-01 2.63255E-01 2.93247E-01 5.08188E-01 6.51014E-01 2.42157E-01 1.43012E-01 8.87961E-02 3.25959E+00
9.12283E-02 1.44708E-01 2.41579E-01 2.63952E-01 2.93878E-01 5.09483E-01 6.53431E-01 2.42754E-01 1.44708E-01 9.12283E-02 3.23952E+00
9.35120E-02 1.46285E-01 2.42082E-01 2.64559E-01 2.94417E-01 5.10641E-01 6.55664E-01 2.43268E-01 1.46285E-01 9.35120E-02 3.21911E+00
9.56584E-02 1.47752E-01 2.42510E-01 2.65084E-01 2.94872E-01 5.11674E-01 6.57727E-01 2.43706E-01 1.47752E-01 9.56584E-02 3.19844E+00
9.76776E-02 1.49116E-01 2.42869E-01 2.65533E-01 2.95250E-01 5.12591E-01 6.59633E-01 2.44074E-01 1.49116E-01 9.76776E-02 3.17758E+00
9.95785E-02 1.50385E-01 2.43165E-01 2.65914E-01 2.95558E-01 5.13402E-01 6.61394E-01 2.44379E-01 1.50385E-01 9.95785E-02 3.15661E+00
1.01370E-01 1.51567E-01 2.43403E-01 2.66230E-01 2.95802E-01 5.14114E-01 6.63019E-01 2.44625E-01 1.51567E-01 1.01370E-01 3.13557E+00
1.03058E-01 1.52668E-01 2.43587E-01 2.66488E-01 2.95987E-01 5.14736E-01 6.64518E-01 2.44817E-01 1.52668E-01 1.03058E-01 3.11451E+00
1.04652E-01 1.53692E-01 2.43722E-01 2.66692E-01 2.96116E-01 5.15274E-01 6.65900E-01 2.44959E-01 1.53692E-01 1.04652E-01 3.09347E+00
1.06156E-01 1.54646E-01 2.43812E-01 2.66847E-01 2.96196E-01 5.15734E-01 6.67172E-01 2.45056E-01 1.54646E-01 1.06156E-01 3.07249E+00
1.07577E-01 1.55535E-01 2.43861E-01 2.66955E-01 2.96230E-01 5.16122E-01 6.68343E-01 2.45110E-01 1.55535E-01 1.07577E-01 3.05159E+00
1.08919E-01 1.56362E-01 2.43871E-01 2.67021E-01 2.96220E-01 5.16443E-01 6.69418E-01 2.45126E-01 1.56362E-01 1.08919E-01 3.03080E+00
1.10189E-01 1.57131E-01 2.43845E-01 2.67047E-01 2.96171E-01 5.16701E-01 6.70404E-01 2.45106E-01 1.57131E-01 1.10189E-01 3.01014E+00
1.11390E-01 1.57847E-01 2.43787E-01 2.67038E-01 2.96086E-01 5.16902E-01 6.71307E-01 2.45053E-01 1.57847E-01 1.11390E-01 2.98963E+00
1.12527E-01 1.58513E-01 2.43699E-01 2.66995E-01 2.95967E-01 5.17049E-01 6.72131E-01 2.44970E-01 1.58513E-01 1.12527E-01 2.96929E+00
1.13603E-01 1.59132E-01 2.43583E-01 2.66920E-01 2.95818E-01 5.17145E-01 6.72882E-01 2.44858E-01 1.59132E-01 1.13603E-01 2.94912E+00
1.14623E-01 1.59706E-01 2.43441E-01 2.66817E-01 2.95639E-01 5.17195E-01 6.73564E-01 2.44720E-01 1.59706E-01 1.14623E-01 2.92914E+00
1.15588E-01 1.60240E-01 2.43275E-01 2.66687E-01 2.95433E-01 5.17201E-01 6.74181E-01 2.44558E-01 1.60240E-01 1.15588E-01 2.90936E+00
1.16503E-01 1.60734E-01 2.43087E-01 2.66532E-01 2.95203E-01 5.17166E-01 6.74737E-01 2.44374E-01 1.60734E-01 1.16503E-01 2.88978E+00
1.17370E-01 1.61192E-01 2.42879E-01 2.66354E-01 2.94950E-01 5.17093E-01 6.75236E-01 2.44168E-01 1.61192E-01 1.17370E-01 2.87041E+00
1.18192E-01 1.61615E-01 2.42651E-01 2.66154E-01 2.94676E-01 5.16985E-01 6.75681E-01 2.43944E-01 1.61615E-01 1.18192E-01 2.85126E+00
1.18972E-01 1.62006E-01 2.42406E-01 2.65935E-01 2.94382E-01 5.16843E-01 6.76074E-01 2.43702E-01 1.62006E-01 1.18972E-01 2.83232E+00
1.19711E-01 1.62366E-01 2.42145E-01 2.65697E-01 2.94070E-01 5.16670E-01 6.76420E-01 2.43443E-01 1.62366E-01 1.19711E-01 2.81360E+00
1.20412E-01 1.62698E-01 2.41869E-01 2.65442E-01 2.93742E-01 5.16469E-01 6.76720E-01 2.43169E-01 1.62698E-01 1.20412E-01 2.79511E+00
1.21076E-01 1.63002E-01 2.41578E-01 2.65172E-01 2.93397E-01 5.16239E-01 6.76977E-01 2.42881E-01 1.63002E-01 1.21076E-01 2.77685E+00
0.00000E+00 0.00000E+00 1.24815E-01 1.38892E-01 1.71406E-01 3.47555E-01 4.33718E-01 1.25203E-01 0.00000E+00 0.00000E+00 1.85212E+00
0.00000E+00 0.00000E+00 1.36527E-01 1.52249E-01 1.85163E-01 3.69840E-01 4.64389E-01 1.37058E-01 0.00000E+00 0.00000E+00 2.17327E+00
0.00000E+00 9.97741E-03 1.45921E-01 1.62950E-01 1.96090E-01 3.87425E-01 4.88870E-01 1.46566E-01 9.97741E-03 0.00000E+00 2.38543E+00
0.00000E+00 2.25258E-02 1.53628E-01 1.71741E-01 2.05000E-01 4.01780E-01 5.09134E-01 1.54369E-01 2.25258E-02 0.00000E+00 2.53430E+00
0.00000E+00 3.32111E-02 1.60029E-01 1.79060E-01 2.12368E-01 4.13724E-01 5.26258E-01 1.60853E-01 3.32111E-02 0.00000E+00 2.64548E+00
0.00000E+00 4.24249E-02 1.65408E-01 1.85227E-01 2.18533E-01 4.23787E-01 5.40913E-01 1.66303E-01 4.24249E-02 0.00000E+00 2.72847E+00
0.00000E+00 5.04510E-02 1.69969E-01 1.90469E-01 2.23737E-01 4.32347E-01 5.53586E-01 1.70926E-01 5.04510E-02 0.00000E+00 2.78997E+00
0.00000E+00 5.75012E-02 1.73863E-01 1.94957E-01 2.28161E-01 4.39687E-01 5.64634E-01 1.74875E-01 5.75012E-02 0.00000E+00 2.83490E+00
3.04903E-03 6.37497E-02 1.77232E-01 1.98845E-01 2.31965E-01 4.46025E-01 5.74319E-01 1.78293E-01 6.37497E-02 3.04903E-03 2.86028E+00
1.02920E-02 6.93284E-02 1.80166E-01 2.02234E-01 2.35255E-01 4.51531E-01 5.82864E-01 1.81270E-01 6.93284E-02 1.02920E-02 2.86673E+00
1.68153E-02 7.43168E-02 1.82687E-01 2.05161E-01 2.38071E-01 4.56323E-01 5.90462E-01 1.83830E-01 7.43168E-02 1.68153E-02 2.86696E+00
2.27151E-02 7.87947E-02 1.84856E-01 2.07693E-01 2.40483E-01 4.60500E-01 5.97241E-01 1.86034E-01 7.87947E-02 2.27151E-02 2.86224E+00
2.80711E-02 8.28281E-02 1.86720E-01 2.09883E-01 2.42547E-01 4.64146E-01 6.03306E-01 1.87930E-01 8.28281E-02 2.80711E-02 2.85353E+00
3.29496E-02 8.64719E-02 1.88322E-01 2.11777E-01 2.44310E-01 4.67331E-01 6.08744E-01 1.89560E-01 8.64719E-02 3.29496E-02 2.84164E+00
3.74067E-02 8.97727E-02 1.89694E-01 2.13413E-01 2.45810E-01 4.70110E-01 6.13631E-01 1.90959E-01 8.97727E-02 3.74067E-02 2.82720E+00
4.14901E-02 9.27699E-02 1.90866E-01 2.14822E-01 2.47081E-01 4.72535E-01 6.18029E-01 1.92155E-01 9.27699E-02 4.14901E-02 2.81073E+00
4.52403E-02 9.54971E-02 1.91863E-01 2.16033E-01 2.48151E-01 4.74646E-01 6.21991E-01 1.93174E-01 9.54971E-02 4.52403E-02 2.79264E+00
4.86924E-02 9.79834E-02 1.92704E-01 2.17067E-01 2.49044E-01 4.76479E-01 6.25566E-01 1.94035E-01 9.79834E-02 4.86924E-02 2.77328E+00
5.18768E-02 1.00254E-01 1.93408E-01 2.17946E-01 2.49780E-01 4.78065E-01 6.28791E-01 1.94757E-01 1.00254E-01 5.18768E-02 2.75293E+00
5.48199E-02 1.02330E-01 1.93991E-01 2.18686E-01 2.50377E-01 4.79430E-01 6.31703E-01 1.95357E-01 1.02330E-01 5.48199E-02 2.73182E+00
5.75447E-02 1.04232E-01 1.94466E-01 2.19303E-01 2.50850E-01 4.80598E-01 6.34333E-01 1.95847E-01 1.04232E-01 5.75447E-02 2.71013E+00
6.00715E-02 1.05975E-01 1.94844E-01 2.19810E-01 2.51214E-01 4.81588E-01 6.36706E-01 1.96239E-01 1.05975E-01 6.00715E-02 2.68803E+00
6.24182E-02 1.07574E-01 1.95136E-01 2.20218E-01 2.51480E-01 4.82420E-01 6.38848E-01 1.96544E-01 1.07574E-01 6.24182E-02 2.66565E+00
6.46007E-02 1.09043E-01 1.95351E-01 2.20537E-01 2.51657E-01 4.83108E-01 6.40777E-01 1.96770E-01 1.09043E-01 6.46007E-02 2.64309E+00
6.66330E-02 1.10393E-01 1.95497E-01 2.20777E-01 2.51756E-01 4.83666E-01 6.42515E-01 1.96926E-01 1.10393E-01 6.66330E-02 2.62045E+00
6.85277E-02 1.11635E-01 1.95580E-01 2.20944E-01 2.51784E-01 4.84106E-01 6.44076E-01 1.97020E-01 1.11635E-01 6.85277E-02 2.59780E+00
7.02960E-02 1.12777E-01 1.95608E-01 2.21047E-01 2.51748E-01 4.84440E-01 6.45476E-01 1.97056E-01 1.12777E-01 7.02960E-02 2.57520E+00
7.19481E-02 1.13827E-01 1.95585E-01 2.21092E-01 2.51655E-01 4.84678E-01 6.46728E-01 1.97041E-01 1.13827E-01 7.19481E-02 2.55271E+00
7.34930E-02 1.14794E-01 1.95516E-01 2.21083E-01 2.51510E-01 4.84827E-01 6.47845E-01 1.96980E-01 1.14794E-01 7.34930E-02 2.53035E+00
7.49388E-02 1.15684E-01 1.95407E-01 2.21027E-01 2.51319E-01 4.84896E-01 6.48836E-01 1.96877E-01 1.15684E-01 7.49388E-02 2.50818E+00
7.62931E-02 1.16503E-01 1.95260E-01 2.20927E-01 2.51086E-01 4.84892E-01 6.49712E-01 1.96736E-01 1.16503E-01 7.62931E-02 2.48622E+00
7.75625E-02 1.17257E-01 1.95080E-01 2.20788E-01 2.50814E-01 4.84821E-01 6.50482E-01 1.96562E-01 1.17257E-01 7.75625E-02 2.46448E+00
7.87530E-02 1.17949E-01 1.94869E-01 2.20612E-01 2.50509E-01 4.84689E-01 6.51154E-01 1.96356E-01 1.17949E-01 7.87530E-02 2.44300E+00
7.98704E-02 1.18586E-01 1.94631E-01 2.20405E-01 2.50172E-01 4.84501E-01 6.51734E-01 1.96122E-01 1.18586E-01 7.98704E-02 2.42178E+00
8.09196E-02 1.19170E-01 1.94368E-01 2.20167E-01 2.49807E-01 4.84262E-01 6.52230E-01 1.95863E-01 1.19170E-01 8.09196E-02 2.40083E+00
8.19053E-02 1.19706E-01 1.94083E-01 2.19903E-01 2.49416E-01 4.83976E-01 6.52648E-01 1.95581E-01 1.19706E-01 8.19053E-02 2.38017E+00
8.28318E-02 1.20198E-01 1.93777E-01 2.19615E-01 2.49003E-01 4.83647E-01 6.52994E-01 1.95277E-01 1.20198E-01 8.28318E-02 2.35980E+00
8.37028E-02 1.20647E-01 1.93452E-01 2.19304E-01 2.48569E-01 4.83279E-01 6.53271E-01 1.94955E-01 1.20647E-01 8.37028E-02 2.33972E+00
8.45221E-02 1.21058E-01 1.93111E-01 2.18973E-01 2.48116E-01 4.82875E-01 6.53486E-01 1.94616E-01 1.21058E-01 8.45221E-02 2.31995E+00
8.52929E-02 1.21433E-01 1.92754E-01 2.18623E-01 2.47646E-01 4.82437E-01 6.53643E-01 1.94262E-01 1.21433E-01 8.52929E-02 2.30047E+00
8.60182E-02 1.21774E-01 1.92384E-01 2.18257E-01 2.47160E-01 4.81969E-01 6.53745E-01 1.93893E-01 1.21774E-01 8.60182E-02 2.28130E+00
8.67008E-02 1.22083E-01 1.92002E-01 2.17876E-01 2.46661E-01 4.81473E-01 6.53796E-01 1.93512E-01 1.22083E-01 8.67008E-02 2.26242E+00
8.73435E-02 1.22362E-01 1.91608E-01 2.17481E-01 2.46150E-01 4.80951E-01 6.53799E-01 1.93119E-01 1.22362E-01 8.73435E-02 2.24385E+00
8.79484E-02 1.22615E-01 1.91204E-01 2.17073E-01 2.45627E-01 4.80405E-01 6.53758E-01 1.92716E-01 1.22615E-01 8.79484E-02 2.22557E+00
8.85180E-02 1.22841E-01 1.90791E-01 2.16654E-01 2.45095E-01 4.79838E-01 6.53676E-01 1.92303E-01 1.22841E-01 8.85180E-02 2.20758E+00
8.90541E-02 1.23043E-01 1.90370E-01 2.16225E-01 2.44553E-01 4.79251E-01 6.53555E-01 1.91882E-01 1.23043E-01 8.90541E-02 2.18989E+00
8.95589E-02 1.23223E-01 1.89942E-01 2.15786E-01 2.44004E-01 4.78645E-01 6.53398E-01 1.91454E-01 1.23223E-01 8.95589E-02 2.17248E+00
9.00340E-02 1.23381E-01 1.89507E-01 2.15339E-01 2.43447E-01 4.78023E-01 6.53206E-01 1.91019E-01 1.23381E-01 9.00340E-02 2.15535E+00
9.04811E-02 1.23519E-01 1.89067E-01 2.14885E-01 2.42884E-01 4.77385E-01 6.52983E-01 1.90578E-01 1.23519E-01 9.04811E-02 2.13851E+00
9.09017E-02 1.23639E-01 1.88621E-01 2.14423E-01 2.42316E-01 4.76734E-01 6.52730E-01 1.90132E-01 1.23639E-01 9.09017E-02 2.12194E+00
0.00000E+00 0.00000E+00 1.15038E-01 1.34612E-01 1.71394E-01 3.76977E-01 4.80377E-01 1.15745E-01 0.00000E+00 0.00000E+00 1.82115E+00
0.00000E+00 0.00000E+00 1.22825E-01 1.44235E-01 1.80878E-01 3.94287E-01 5.07062E-01 1.23700E-01 0.00000E+00 0.00000E+00 2.04103E+00
0.00000E+00 8.13095E-03 1.28955E-01 1.51749E-01 1.88182E-01 4.07539E-01 5.27899E-01 1.29961E-01 8.13095E-03 0.00000E+00 2.17578E+00
0.00000E+00 1.82496E-02 1.33863E-01 1.57751E-01 1.93933E-01 4.18031E-01 5.44798E-01 1.34977E-01 1.82496E-02 0.00000E+00 2.26295E+00
0.00000E+00 2.67655E-02 1.37825E-01 1.62600E-01 1.98509E-01 4.26488E-01 5.58800E-01 1.39029E-01 2.67655E-02 0.00000E+00 2.32312E+00
0.00000E+00 3.40291E-02 1.41056E-01 1.66558E-01 2.02184E-01 4.33381E-01 5.70552E-01 1.42337E-01 3.40291E-02 0.00000E+00 2.36356E+00
0.00000E+00 4.02916E-02 1.43710E-01 1.69814E-01 2.05152E-01 4.39044E-01 5.80516E-01 1.45056E-01 4.02916E-02 0.00000E+00 2.38934E+00
0.00000E+00 4.57391E-02 1.45899E-01 1.72507E-01 2.07555E-01 4.43723E-01 5.89032E-01 1.47302E-01 4.57391E-02 0.00000E+00 2.40408E+00
2.38768E-03 5.05227E-02 1.47736E-01 1.74762E-01 2.09524E-01 4.47610E-01 5.96346E-01 1.49187E-01 5.05227E-02 2.38768E-03 2.40514E+00
8.03289E-03 5.47559E-02 1.49281E-01 1.76659E-01 2.11139E-01 4.50847E-01 6.02664E-01 1.50775E-01 5.47559E-02 8.03289E-03 2.39281E+00
1.30835E-02 5.85069E-02 1.50542E-01 1.78218E-01 2.12419E-01 4.53524E-01 6.08158E-01 1.52073E-01 5.85069E-02 1.30835E-02 2.37706E+00
1.76220E-02 6.18438E-02 1.51563E-01 1.79492E-01 2.13417E-01 4.55726E-01 6.12947E-01 1.53127E-01 6.18438E-02 1.76220E-02 2.35872E+00
2.17165E-02 6.48227E-02 1.52381E-01 1.80524E-01 2.14178E-01 4.57522E-01 6.17125E-01 1.53973E-01 6.48227E-02 2.17165E-02 2.33842E+00
2.54233E-02 6.74899E-02 1.53024E-01 1.81348E-01 2.14735E-01 4.58970E-01 6.20773E-01 1.54642E-01 6.74899E-02 2.54233E-02 2.31668E+00
2.87898E-02 6.98844E-02 1.53518E-01 1.81994E-01 2.15119E-01 4.60116E-01 6.23957E-01 1.55158E-01 6.98844E-02 2.87898E-02 2.29388E+00
3.18560E-02 7.20389E-02 1.53882E-01 1.82485E-01 2.15355E-01 4.61002E-01 6.26734E-01 1.55543E-01 7.20389E-02 3.18560E-02 2.27033E+00
3.46558E-02 7.39815E-02 1.54136E-01 1.82843E-01 2.15461E-01 4.61661E-01 6.29151E-01 1.55814E-01 7.39815E-02 3.46558E-02 2.24630E+00
3.72185E-02 7.57360E-02 1.54292E-01 1.83085E-01 2.15457E-01 4.62121E-01 6.31250E-01 1.55986E-01 7.57360E-02 3.72185E-02 2.22196E+00
3.95691E-02 7.73229E-02 1.54365E-01 1.83226E-01 2.15357E-01 4.62407E-01 6.33066E-01 1.56072E-01 7.73229E-02 3.95691E-02 2.19749E+00
4.17295E-02 7.87601E-02 1.54364E-01 1.83278E-01 2.15173E-01 4.62540E-01 6.34629E-01 1.56082E-01 7.87601E-02 4.17295E-02 2.17300E+00
4.37184E-02 8.00628E-02 1.54298E-01 1.83252E-01 2.14916E-01 4.62537E-01 6.35965E-01 1.56027E-01 8.00628E-02 4.37184E-02 2.14860E+00
4.55527E-02 8.12447E-02 1.54176E-01 1.83157E-01 2.14595E-01 4.62416E-01 6.37099E-01 1.55914E-01 8.12447E-02 4.55527E-02 2.12437E+00
4.72467E-02 8.23176E-02 1.54004E-01 1.83003E-01 2.14220E-01 4.62189E-01 6.38050E-01 1.55750E-01 8.23176E-02 4.72467E-02 2.10036E+00
4.88135E-02 8.32919E-02 1.53789E-01 1.82796E-01 2.13796E-01 4.61868E-01 6.38836E-01 1.55541E-01 8.32919E-02 4.88135E-02 2.07662E+00
5.02642E-02 8.41768E-02 1.53536E-01 1.82542E-01 2.13329E-01 4.61465E-01 6.39474E-01 1.55294E-01 8.41768E-02 5.02642E-02 2.05320E+00
5.16092E-02 8.49805E-02 1.53249E-01 1.82246E-01 2.12826E-01 4.60987E-01 6.39977E-01 1.55011E-01 8.49805E-02 5.16092E-02 2.03012E+00
5.28573E-02 8.57102E-02 1.52933E-01 1.81915E-01 2.12291E-01 4.60443E-01 6.40357E-01 1.54698E-01 8.57102E-02 5.28573E-02 2.00741E+00
5.40167E-02 8.63725E-02 1.52590E-01 1.81551E-01 2.11727E-01 4.59841E-01 6.40626E-01 1.54359E-01 8.63725E-02 5.40167E-02 1.98507E+00
5.50946E-02 8.69731E-02 1.52225E-01 1.81158E-01 2.11139E-01 4.59187E-01 6.40794E-01 1.53995E-01 8.69731E-02 5.50946E-02 1.96313E+00
5.60974E-02 8.75172E-02 1.51839E-01 1.80741E-01 2.10530E-01 4.58486E-01 6.40870E-01 1.53611E-01 8.75172E-02 5.60974E-02 1.94158E+00
5.70311E-02 8.80096E-02 1.51436E-01 1.80302E-01 2.09903E-01 4.57744E-01 6.40861E-01 1.53209E-01 8.80096E-02 5.70311E-02 1.92044E+00
5.79010E-02 8.84544E-02 1.51017E-01 1.79843E-01 2.09259E-01 4.56964E-01 6.40775E-01 1.52790E-01 8.84544E-02 5.79010E-02 1.89970E+00
5.87118E-02 8.88555E-02 1.50585E-01 1.79366E-01 2.08603E-01 4.56152E-01 6.40619E-01 1.52358E-01 8.88555E-02 5.87118E-02 1.87937E+00
5.94678E-02 8.92163E-02 1.50141E-01 1.78875E-01 2.07934E-01 4.55311E-01 6.40399E-01 1.51913E-01 8.92163E-02 5.94678E-02 1.85944E+00
6.01732E-02 8.95400E-02 1.49687E-01 1.78371E-01 2.07256E-01 4.54444E-01 6.40119E-01 1.51458E-01 8.95400E-02 6.01732E-02 1.83990E+00
6.08314E-02 8.98293E-02 1.49224E-01 1.77855E-01 2.06569E-01 4.53553E-01 6.39785E-01 1.50993E-01 8.98293E-02 6.08314E-02 1.82076E+00
6.14459E-02 9.00870E-02 1.48753E-01 1.77329E-01 2.05875E-01 4.52642E-01 6.39401E-01 1.50520E-01 9.00870E-02 6.14459E-02 1.80200E+00
6.20195E-02 9.03153E-02 1.48276E-01 1.76795E-01 2.05176E-01 4.51714E-01 6.38971E-01 1.50041E-01 9.03153E-02 6.20195E-02 1.78363E+00
6.25551E-02 9.05164E-02 1.47794E-01 1.76253E-01 2.04473E-01 4.50769E-01 6.38500E-01 1.49556E-01 9.05164E-02 6.25551E-02 1.76562E+00
6.30551E-02 9.06924E-02 1.47307E-01 1.75705E-01 2.03766E-01 4.49810E-01 6.37989E-01 1.49066E-01 9.06924E-02 6.30551E-02 1.74799E+00
6.35221E-02 9.08449E-02 1.46816E-01 1.75151E-01 2.03056E-01 4.48840E-01 6.37444E-01 1.48572E-01 9.08449E-02 6.35221E-02 1.73071E+00
6.39580E-02 9.09758E-02 1.46322E-01 1.74593E-01 2.02345E-01 4.47858E-01 6.36865E-01 1.48075E-01 9.09758E-02 6.39580E-02 1.71379E+00
6.43649E-02 9.10865E-02 1.45826E-01 1.74032E-01 2.01632E-01 4.46868E-01 6.36256E-01 1.47575E-01 9.10865E-02 6.43649E-02 1.69720E+00
6.47446E-02 9.11784E-02 1.45328E-01 1.73467E-01 2.00919E-01 4.45870E-01 6.35620E-01 1.47073E-01 9.11784E-02 6.47446E-02 1.68096E+00
6.50988E-02 9.12529E-02 1.44829E-01 1.72901E-01 2.00207E-01 4.44865E-01 6.34958E-01 1.46569E-01 9.12529E-02 6.50988E-02 1.66504E+00
6.54290E-02 9.13111E-02 1.44329E-01 1.72332E-01 1.99495E-01 4.43855E-01 6.34272E-01 1.46065E-01 9.13111E-02 6.54290E-02 1.64944E+00
6.57368E-02 9.13541E-02 1.43829E-01 1.71763E-01 1.98784E-01 4.42840E-01 6.33565E-01 1.45560E-01 9.13541E-02 6.57368E-02 1.63415E+00
6.60234E-02 9.13830E-02 1.43328E-01 1.71192E-01 1.98075E-01 4.41822E-01 6.32839E-01 1.45055E-01 9.13830E-02 6.60234E-02 1.61916E+00
6.62901E-02 9.13987E-02 1.42829E-01 1.70622E-01 1.97368E-01 4.40801E-01 6.32094E-01 1.44551E-01 9.13987E-02 6.62901E-02 1.60447E+00
6.65381E-02 9.14021E-02 1.42329E-01 1.70052E-01 1.96663E-01 4.39778E-01 6.31332E-01 1.44047E-01 9.14021E-02 6.65381E-02 1.59007E+00
0.00000E+00 0.00000E+00 9.94956E-02 1.28214E-01 1.67801E-01 4.05814E-01 5.32554E-01 1.00714E-01 0.00000E+00 0.00000E+00 1.69200E+00
0.00000E+00 0.00000E+00 1.04098E-01 1.34260E-01 1.73173E-01 4.17703E-01 5.54454E-01 1.05501E-01 0.00000E+00 0.00000E+00 1.83241E+00
0.00000E+00 6.43958E-03 1.07657E-01 1.38818E-01 1.77093E-01 4.26352E-01 5.71052E-01 1.09200E-01 6.43958E-03 0.00000E+00 1.90933E+00
0.00000E+00 1.43757E-02 1.10418E-01 1.42298E-01 1.79966E-01 4.32816E-01 5.84115E-01 1.12071E-01 1.43757E-02 0.00000E+00 1.95211E+00
0.00000E+00 2.09805E-02 1.12553E-01 1.44960E-01 1.82050E-01 4.37689E-01 5.94612E-01 1.14295E-01 2.09805E-02 0.00000E+00 1.97656E+00
0.00000E+00 2.65538E-02 1.14209E-01 1.47001E-01 1.83541E-01 4.41365E-01 6.03142E-01 1.16024E-01 2.65538E-02 0.00000E+00 1.98798E+00
0.00000E+00 3.13094E-02 1.15493E-01 1.48562E-01 1.84578E-01 4.44118E-01 6.10128E-01 1.17368E-01 3.13094E-02 0.00000E+00 1.98999E+00
0.00000E+00 3.54044E-02 1.16480E-01 1.49744E-01 1.85262E-01 4.46146E-01 6.15882E-01 1.18405E-01 3.54044E-02 0.00000E+00 1.98515E+00
1.82109E-03 3.89656E-02 1.17252E-01 1.50646E-01 1.85691E-01 4.47612E-01 6.20628E-01 1.19218E-01 3.89656E-02 1.82109E-03 1.97116E+00
6.10610E-03 4.20870E-02 1.17849E-01 1.51320E-01 1.85916E-01 4.48625E-01 6.24549E-01 1.19848E-01 4.20870E-02 6.10610E-03 1.94808E+00
9.91363E-03 4.48256E-02 1.18264E-01 1.51773E-01 1.85937E-01 4.49241E-01 6.27790E-01 1.20292E-01 4.48256E-02 9.91363E-03 1.92353E+00
1.33124E-02 4.72377E-02 1.18529E-01 1.52042E-01 1.85790E-01 4.49526E-01 6.30453E-01 1.20581E-01 4.72377E-02 1.33124E-02 1.89803E+00
1.63585E-02 4.93694E-02 1.18669E-01 1.52159E-01 1.85506E-01 4.49537E-01 6.32624E-01 1.20740E-01 4.93694E-02 1.63585E-02 1.87196E+00
1.90985E-02 5.12586E-02 1.18704E-01 1.52148E-01 1.85109E-01 4.49316E-01 6.34371E-01 1.20791E-01 5.12586E-02 1.90985E-02 1.84560E+00
2.15711E-02 5.29371E-02 1.18651E-01 1.52029E-01 1.84618E-01 4.48900E-01 6.35752E-01 1.20750E-01 5.29371E-02 2.15711E-02 1.81918E+00
2.38090E-02 5.44313E-02 1.18522E-01 1.51820E-01 1.84049E-01 4.48319E-01 6.36816E-01 1.20631E-01 5.44313E-02 2.38090E-02 1.79286E+00
2.58397E-02 5.57636E-02 1.18331E-01 1.51535E-01 1.83416E-01 4.47598E-01 6.37603E-01 1.20447E-01 5.57636E-02 2.58397E-02 1.76677E+00
2.76869E-02 5.69533E-02 1.18086E-01 1.51185E-01 1.82730E-01 4.46759E-01 6.38149E-01 1.20208E-01 5.69533E-02 2.76869E-02 1.74102E+00
2.93707E-02 5.80166E-02 1.17795E-01 1.50780E-01 1.82001E-01 4.45818E-01 6.38483E-01 1.19921E-01 5.80166E-02 2.93707E-02 1.71566E+00
3.09086E-02 5.89676E-02 1.17466E-01 1.50329E-01 1.81235E-01 4.44792E-01 6.38630E-01 1.19594E-01 5.89676E-02 3.09086E-02 1.69075E+00
3.23156E-02 5.98185E-02 1.17104E-01 1.49839E-01 1.80439E-01 4.43693E-01 6.38612E-01 1.19232E-01 5.98185E-02 3.23156E-02 1.66632E+00
3.36051E-02 6.05799E-02 1.16714E-01 1.49316E-01 1.79620E-01 4.42531E-01 6.38448E-01 1.18842E-01 6.05799E-02 3.36051E-02 1.64241E+00
3.47885E-02 6.12611E-02 1.16301E-01 1.48765E-01 1.78781E-01 4.41317E-01 6.38156E-01 1.18426E-01 6.12611E-02 3.47885E-02 1.61902E+00
3.58759E-02 6.18700E-02 1.15868E-01 1.48191E-01 1.77927E-01 4.40059E-01 6.37748E-01 1.17990E-01 6.18700E-02 3.58759E-02 1.59618E+00
3.68763E-02 6.24139E-02 1.15418E-01 1.47597E-01 1.77062E-01 4.38763E-01 6.37239E-01 1.17537E-01 6.24139E-02 3.68763E-02 1.57387E+00
3.77977E-02 6.28991E-02 1.14954E-01 1.46986E-01 1.76187E-01 4.37435E-01 6.36639E-01 1.17068E-01 6.28991E-02 3.77977E-02 1.55210E+00
3.86470E-02 6.33311E-02 1.14479E-01 1.46362E-01 1.75307E-01 4.36082E-01 6.35958E-01 1.16588E-01 6.33311E-02 3.86470E-02 1.53087E+00
3.94305E-02 6.37148E-02 1.13994E-01 1.45728E-01 1.74422E-01 4.34706E-01 6.35205E-01 1.16097E-01 6.37148E-02 3.94305E-02 1.51016E+00
4.01539E-02 6.40548E-02 1.13502E-01 1.45084E-01 1.73535E-01 4.33314E-01 6.34388E-01 1.15597E-01 6.40548E-02 4.01539E-02 1.48997E+00
4.08221E-02 6.43548E-02 1.13003E-01 1.44434E-01 1.72647E-01 4.31907E-01 6.33513E-01 1.15092E-01 6.43548E-02 4.08221E-02 1.47030E+00
4.14397E-02 6.46185E-02 1.12499E-01 1.43778E-01 1.71760E-01 4.30489E-01 6.32586E-01 1.14580E-01 6.46185E-02 4.14397E-02 1.45111E+00
4.20107E-02 6.48490E-02 1.11992E-01 1.43119E-01 1.70875E-01 4.29064E-01 6.31614E-01 1.14065E-01 6.48490E-02 4.20107E-02 1.43242E+00
4.25388E-02 6.50491E-02 1.11483E-01 1.42457E-01 1.69993E-01 4.27632E-01 6.30601E-01 1.13547E-01 6.50491E-02 4.25388E-02 1.41420E+00
4.30273E-02 6.52215E-02 1.10971E-01 1.41794E-01 1.69115E-01 4.26196E-01 6.29551E-01 1.13027E-01 6.52215E-02 4.30273E-02 1.39644E+00
4.34792E-02 6.53684E-02 1.10459E-01 1.41130E-01 1.68241E-01 4.24759E-01 6.28469E-01 1.12506E-01 6.53684E-02 4.34792E-02 1.37912E+00
4.38973E-02 6.54920E-02 1.09947E-01 1.40467E-01 1.67372E-01 4.23321E-01 6.27358E-01 1.11984E-01 6.54920E-02 4.38973E-02 1.36224E+00
4.42840E-02 6.55941E-02 1.09436E-01 1.39805E-01 1.66509E-01 4.21885E-01 6.26222E-01 1.11463E-01 6.55941E-02 4.42840E-02 1.34578E+00
4.46416E-02 6.56765E-02 1.08925E-01 1.39144E-01 1.65653E-01 4.20450E-01 6.25062E-01 1.10942E-01 6.56765E-02 4.46416E-02 1.32973E+00
4.49722E-02 6.57407E-02 1.08416E-01 1.38486E-01 1.64802E-01 4.19019E-01 6.23882E-01 1.10423E-01 6.57407E-02 4.49722E-02 1.31407E+00
4.52777E-02 6.57883E-02 1.07908E-01 1.37831E-01 1.63959E-01 4.17593E-01 6.22685E-01 1.09906E-01 6.57883E-02 4.52777E-02 1.29879E+00
4.55598E-02 6.58205E-02 1.07403E-01 1.37179E-01 1.63123E-01 4.16171E-01 6.21472E-01 1.09390E-01 6.58205E-02 4.55598E-02 1.28389E+00
4.58202E-02 6.58385E-02 1.06901E-01 1.36530E-01 1.62294E-01 4.14756E-01 6.20245E-01 1.08877E-01 6.58385E-02 4.58202E-02 1.26935E+00
4.60602E-02 6.58433E-02 1.06401E-01 1.35886E-01 1.61473E-01 4.13347E-01 6.19006E-01 1.08367E-01 6.58433E-02 4.60602E-02 1.25515E+00
4.62814E-02 6.58361E-02 1.05905E-01 1.35245E-01 1.60659E-01 4.11945E-01 6.17758E-01 1.07860E-01 6.58361E-02 4.62814E-02 1.24129E+00
4.64847E-02 6.58177E-02 1.05412E-01 1.34609E-01 1.59853E-01 4.10551E-01 6.16500E-01 1.07356E-01 6.58177E-02 4.64847E-02 1.22775E+00
4.66716E-02 6.57890E-02 1.04922E-01 1.33978E-01 1.59056E-01 4.09165E-01 6.15235E-01 1.06855E-01 6.57890E-02 4.66716E-02 1.21454E+00
4.68429E-02 6.57508E-02 1.04436E-01 1.33351E-01 1.58266E-01 4.07788E-01 6.13964E-01 1.06358E-01 6.57508E-02 4.68429E-02 1.20162E+00
4.69998E-02 6.57038E-02 1.03953E-01 1.32729E-01 1.57484E-01 4.06419E-01 6.12688E-01 1.05864E-01 6.57038E-02 4.69998E-02 1.18900E+00
4.71430E-02 6.56485E-02 1.03475E-01 1.32113E-01 1.56710E-01 4.05059E-01 6.11407E-01 1.05375E-01 6.56485E-02 4.71430E-02 1.17667E+00
4.72735E-02 6.55858E-02 1.03000E-01 1.31501E-01 1.55944E-01 4.03709E-01 6.10124E-01 1.04889E-01 6.55858E-02 4.72735E-02 1.16461E+00
0.00000E+00 0.00000E+00 7.92119E-02 1.18797E-01 1.59545E-01 4.32384E-01 5.89273E-01 8.12067E-02 0.00000E+00 0.00000E+00 1.48807E+00
0.00000E+00 0.00000E+00 8.16591E-02 1.21689E-01 1.61270E-01 4.38519E-01 6.05452E-01 8.38326E-02 0.00000E+00 0.00000E+00 1.57442E+00
0.00000E+00 4.96321E-03 8.35186E-02 1.23698E-01 1.62254E-01 4.42357E-01 6.17074E-01 8.58189E-02 4.96321E-03 0.00000E+00 1.61368E+00
0.00000E+00 1.10183E-02 8.48950E-02 1.25051E-01 1.62679E-01 4.44661E-01 6.25698E-01 8.72891E-02 1.10183E-02 0.00000E+00 1.62847E+00
0.00000E+00 1.59981E-02 8.58804E-02 1.25902E-01 1.62679E-01 4.45871E-01 6.32177E-01 8.83449E-02 1.59981E-02 0.00000E+00 1.63087E+00
0.00000E+00 2.01513E-02 8.65705E-02 1.26383E-01 1.62375E-01 4.46286E-01 6.37043E-01 8.90879E-02 2.01513E-02 0.00000E+00 1.62476E+00
0.00000E+00 2.36546E-02 8.70334E-02 1.26586E-01 1.61850E-01 4.46111E-01 6.40670E-01 8.95901E-02 2.36546E-02 0.00000E+00 1.61278E+00
0.00000E+00 2.66370E-02 8.73186E-02 1.26578E-01 1.61163E-01 4.45492E-01 6.43326E-01 8.99039E-02 2.66370E-02 0.00000E+00 1.59674E+00
1.34907E-03 2.92017E-02 8.74823E-02 1.26427E-01 1.60380E-01 4.44556E-01 6.45212E-01 9.00877E-02 2.92017E-02 1.34907E-03 1.57479E+00
4.50685E-03 3.14248E-02 8.75483E-02 1.26165E-01 1.59527E-01 4.43377E-01 6.46479E-01 9.01670E-02 3.14248E-02 4.50685E-03 1.54687E+00
7.29173E-03 3.33527E-02 8.75053E-02 1.25782E-01 1.58584E-01 4.41971E-01 6.47232E-01 9.01318E-02 3.33527E-02 7.29173E-03 1.51870E+00
9.75926E-03 3.50305E-02 8.73738E-02 1.25305E-01 1.57574E-01 4.40387E-01 6.47558E-01 9.00037E-02 3.50305E-02 9.75926E-03 1.49060E+00
1.19547E-02 3.64953E-02 8.71704E-02 1.24751E-01 1.56513E-01 4.38663E-01 6.47528E-01 8.97998E-02 3.64953E-02 1.19547E-02 1.46277E+00
1.39152E-02 3.77771E-02 8.69083E-02 1.24137E-01 1.55415E-01 4.36827E-01 6.47197E-01 8.95340E-02 3.77771E-02 1.39152E-02 1.43537E+00
1.56717E-02 3.89011E-02 8.65983E-02 1.23476E-01 1.54292E-01 4.34906E-01 6.46614E-01 8.92176E-02 3.89011E-02 1.56717E-02 1.40850E+00
1.72500E-02 3.98879E-02 8.62492E-02 1.22777E-01 1.53150E-01 4.32917E-01 6.45816E-01 8.88599E-02 3.98879E-02 1.72500E-02 1.38225E+00
1.86720E-02 4.07554E-02 8.58683E-02 1.22049E-01 1.51998E-01 4.30878E-01 6.44837E-01 8.84683E-02 4.07554E-02 1.86720E-02 1.35665E+00
1.99561E-02 4.15181E-02 8.54615E-02 1.21299E-01 1.50841E-01 4.28801E-01 6.43703E-01 8.80492E-02 4.15181E-02 1.99561E-02 1.33174E+00
2.11183E-02 4.21889E-02 8.50338E-02 1.20532E-01 1.49683E-01 4.26697E-01 6.42437E-01 8.76078E-02 4.21889E-02 2.11183E-02 1.30754E+00
2.21720E-02 4.27785E-02 8.45894E-02 1.19752E-01 1.48527E-01 4.24575E-01 6.41060E-01 8.71486E-02 4.27785E-02 2.21720E-02 1.28404E+00
2.31289E-02 4.32963E-02 8.41318E-02 1.18965E-01 1.47378E-01 4.22441E-01 6.39587E-01 8.66750E-02 4.32963E-02 2.31289E-02 1.26125E+00
2.39994E-02 4.37502E-02 8.36639E-02 1.18172E-01 1.46235E-01 4.20303E-01 6.38032E-01 8.61903E-02 4.37502E-02 2.39994E-02 1.23916E+00
2.47921E-02 4.41473E-02 8.31881E-02 1.17377E-01 1.45103E-01 4.18165E-01 6.36409E-01 8.56970E-02 4.41473E-02 2.47921E-02 1.21775E+00
2.55150E-02 4.44937E-02 8.27066E-02 1.16581E-01 1.43981E-01 4.16031E-01 6.34727E-01 8.51973E-02 4.44937E-02 2.55150E-02 1.19700E+00
2.61748E-02 4.47947E-02 8.22210E-02 1.15787E-01 1.42872E-01 4.13905E-01 6.32995E-01 8.46932E-02 4.47947E-02 2.61748E-02 1.17691E+00
2.67775E-02 4.50551E-02 8.17330E-02 1.14996E-01 1.41776E-01 4.11790E-01 6.31222E-01 8.41860E-02 4.50551E-02 2.67775E-02 1.15744E+00
2.73285E-02 4.52788E-02 8.12437E-02 1.14208E-01 1.40694E-01 4.09687E-01 6.29413E-01 8.36773E-02 4.52788E-02 2.73285E-02 1.13858E+00
2.78324E-02 4.54696E-02 8.07543E-02 1.13427E-01 1.39626E-01 4.07600E-01 6.27577E-01 8.31681E-02 4.54696E-02 2.78324E-02 1.12031E+00
2.82935E-02 4.56307E-02 8.02656E-02 1.12651E-01 1.38572E-01 4.05529E-01 6.25716E-01 8.26595E-02 4.56307E-02 2.82935E-02 1.10260E+00
2.87155E-02 4.57650E-02 7.97785E-02 1.11881E-01 1.37534E-01 4.03475E-01 6.23837E-01 8.21521E-02 4.57650E-02 2.87155E-02 1.08545E+00
2.91018E-02 4.58750E-02 7.92935E-02 1.11120E-01 1.36511E-01 4.01441E-01 6.21942E-01 8.16468E-02 4.58750E-02 2.91018E-02 1.06881E+00
2.94554E-02 4.59631E-02 7.88112E-02 1.10366E-01 1.35502E-01 3.99426E-01 6.20036E-01 8.11441E-02 4.59631E-02 2.94554E-02 1.05269E+00
2.97791E-02 4.60312E-02 7.83321E-02 1.09620E-01 1.34509E-01 3.97432E-01 6.18122E-01 8.06445E-02 4.60312E-02 2.97791E-02 1.03705E+00
3.00751E-02 4.60812E-02 7.78566E-02 1.08882E-01 1.33531E-01 3.95459E-01 6.16202E-01 8.01485E-02 4.60812E-02 3.00751E-02 1.02188E+00
3.03459E-02 4.61148E-02 7.73850E-02 1.08154E-01 1.32569E-01 3.93507E-01 6.14279E-01 7.96563E-02 4.61148E-02 3.03459E-02 1.00715E+00
3.05933E-02 4.61335E-02 7.69176E-02 1.07434E-01 1.31621E-01 3.91577E-01 6.12354E-01 7.91683E-02 4.61335E-02 3.05933E-02 9.92861E-01
3.08192E-02 4.61385E-02 7.64546E-02 1.06723E-01 1.30687E-01 3.89668E-01 6.10431E-01 7.86848E-02 4.61385E-02 3.08192E-02 9.78984E-01
3.10252E-02 4.61311E-02 7.59961E-02 1.06021E-01 1.29769E-01 3.87781E-01 6.08509E-01 7.82058E-02 4.61311E-02 3.10252E-02 9.65506E-01
3.12128E-02 4.61124E-02 7.55424E-02 1.05328E-01 1.28865E-01 3.85917E-01 6.06592E-01 7.77317E-02 4.61124E-02 3.12128E-02 9.52411E-01
3.13835E-02 4.60834E-02 7.50936E-02 1.04644E-01 1.27975E-01 3.84074E-01 6.04679E-01 7.72625E-02 4.60834E-02 3.13835E-02 9.39684E-01
3.15384E-02 4.60449E-02 7.46496E-02 1.03969E-01 1.27099E-01 3.82252E-01 6.02773E-01 7.67983E-02 4.60449E-02 3.15384E-02 9.27311E-01
3.16787E-02 4.59979E-02 7.42107E-02 1.03303E-01 1.26236E-01 3.80453E-01 6.00873E-01 7.63392E-02 4.59979E-02 3.16787E-02 9.15278E-01
3.18054E-02 4.59431E-02 7.37768E-02 1.02647E-01 1.25388E-01 3.78675E-01 5.98982E-01 7.58853E-02 4.59431E-02 3.18054E-02 9.03572E-01
3.19195E-02 4.58811E-02 7.33480E-02 1.01999E-01 1.24552E-01 3.76919E-01 5.97099E-01 7.54365E-02 4.58811E-02 3.19195E-02 8.92181E-01
3.20219E-02 4.58126E-02 7.29243E-02 1.01360E-01 1.23730E-01 3.75183E-01 5.95226E-01 7.49930E-02 4.58126E-02 3.20219E-02 8.81093E-01
3.21134E-02 4.57381E-02 7.25057E-02 1.00729E-01 1.22920E-01 3.73469E-01 5.93363E-01 7.45547E-02 4.57381E-02 3.21134E-02 8.70296E-01
3.21948E-02 4.56582E-02 7.20922E-02 1.00108E-01 1.22122E-01 3.71775E-01 5.91511E-01 7.41216E-02 4.56582E-02 3.21948E-02 8.59780E-01
3.22666E-02 4.55733E-02 7.16837E-02 9.94944E-02 1.21337E-01 3.70102E-01 5.89669E-01 7.36937E-02 4.55733E-02 3.22666E-02 8.49534E-01
3.23297E-02 4.54839E-02 7.12803E-02 9.88896E-02 1.20564E-01 3.68449E-01 5.87839E-01 7.32709E-02 4.54839E-02 3.23297E-02 8.39548E-01
3.23845E-02 4.53904E-02 7.08818E-02 9.82931E-02 1.19803E-01 3.66815E-01 5.86020E-01 7.28534E-02 4.53904E-02 3.23845E-02 8.29813E-01
0.00000E+00 0.00000E+00 5.64990E-02 1.05728E-01 1.46016E-01 4.54762E-01 6.48692E-01 5.95940E-02 0.00000E+00 0.00000E+00 1.25357E+00
0.00000E+00 0.00000E+00 5.78915E-02 1.06108E-01 1.44789E-01 4.54826E-01 6.57955E-01 6.11140E-02 0.00000E+00 0.00000E+00 1.30733E+00
0.00000E+00 3.72296E-03 5.89261E-02 1.06124E-01 1.43437E-01 4.53640E-01 6.63647E-01 6.22243E-02 3.72296E-03 0.00000E+00 1.32428E+00
0.00000E+00 8.20818E-03 5.96463E-02 1.05841E-01 1.41948E-01 4.51641E-01 6.67034E-01 6.29881E-02 8.20818E-03 0.00000E+00 1.32271E+00
0.00000E+00 1.18427E-02 6.01065E-02 1.05327E-01 1.40350E-01 4.49092E-01 6.68817E-01 6.34699E-02 1.18427E-02 0.00000E+00 1.31224E+00
0.00000E+00 1.48304E-02 6.03730E-02 1.04654E-01 1.38695E-01 4.46188E-01 6.69438E-01 6.37422E-02 1.48304E-02 0.00000E+00 1.29605E+00
0.00000E+00 1.73146E-02 6.04928E-02 1.03874E-01 1.37016E-01 4.43056E-01 6.69199E-01 6.38562E-02 1.73146E-02 0.00000E+00 1.27621E+00
0.00000E+00 1.93994E-02 6.04998E-02 1.03020E-01 1.35336E-01 4.39782E-01 6.68315E-01 6.38489E-02 1.93994E-02 0.00000E+00 1.25414E+00
9.65066E-04 2.11672E-02 6.04341E-02 1.02136E-01 1.33692E-01 4.36457E-01 6.66956E-01 6.37626E-02 2.11672E-02 9.65066E-04 1.22844E+00
3.21007E-03 2.26780E-02 6.03111E-02 1.01234E-01 1.32086E-01 4.33111E-01 6.65231E-01 6.36143E-02 2.26780E-02 3.21007E-03 1.19906E+00
5.17240E-03 2.39686E-02 6.01202E-02 1.00295E-01 1.30486E-01 4.29720E-01 6.63195E-01 6.33942E-02 2.39686E-02 5.17240E-03 1.17021E+00
6.89591E-03 2.50745E-02 5.98758E-02 9.93303E-02 1.28899E-01 4.26311E-01 6.60912E-01 6.31177E-02 2.50745E-02 6.89591E-03 1.14205E+00
8.41607E-03 2.60244E-02 5.95893E-02 9.83512E-02 1.27332E-01 4.22901E-01 6.58435E-01 6.27966E-02 2.60244E-02 8.41607E-03 1.11470E+00
9.76189E-03 2.68417E-02 5.92695E-02 9.73651E-02 1.25790E-01 4.19508E-01 6.55806E-01 6.24405E-02 2.68417E-02 9.76189E-03 1.08821E+00
1.09573E-02 2.75454E-02 5.89238E-02 9.63779E-02 1.24275E-01 4.16140E-01 6.53057E-01 6.20571E-02 2.75454E-02 1.09573E-02 1.06264E+00
1.20223E-02 2.81515E-02 5.85578E-02 9.53942E-02 1.22789E-01 4.12807E-01 6.50216E-01 6.16524E-02 2.81515E-02 1.20223E-02 1.03798E+00
1.29735E-02 2.86732E-02 5.81763E-02 9.44174E-02 1.21334E-01 4.09515E-01 6.47304E-01 6.12315E-02 2.86732E-02 1.29735E-02 1.01423E+00
1.38250E-02 2.91217E-02 5.77832E-02 9.34502E-02 1.19911E-01 4.06268E-01 6.44340E-01 6.07985E-02 2.91217E-02 1.38250E-02 9.91381E-01
1.45888E-02 2.95064E-02 5.73815E-02 9.24946E-02 1.18520E-01 4.03070E-01 6.41339E-01 6.03565E-02 2.95064E-02 1.45888E-02 9.69407E-01
1.52752E-02 2.98353E-02 5.69739E-02 9.15521E-02 1.17161E-01 3.99922E-01 6.38312E-01 5.99085E-02 2.98353E-02 1.52752E-02 9.48282E-01
1.58930E-02 3.01153E-02 5.65623E-02 9.06239E-02 1.15833E-01 3.96826E-01 6.35270E-01 5.94565E-02 3.01153E-02 1.58930E-02 9.27974E-01
1.64496E-02 3.03522E-02 5.61487E-02 8.97106E-02 1.14537E-01 3.93782E-01 6.32221E-01 5.90025E-02 3.03522E-02 1.64496E-02 9.08453E-01
1.69518E-02 3.05511E-02 5.57343E-02 8.88129E-02 1.13271E-01 3.90793E-01 6.29172E-01 5.85479E-02 3.05511E-02 1.69518E-02 8.89684E-01
1.74052E-02 3.07164E-02 5.53204E-02 8.79312E-02 1.12036E-01 3.87856E-01 6.26129E-01 5.80940E-02 3.07164E-02 1.74052E-02 8.71636E-01
1.78149E-02 3.08520E-02 5.49080E-02 8.70655E-02 1.10829E-01 3.84972E-01 6.23096E-01 5.76418E-02 3.08520E-02 1.78149E-02 8.54275E-01
1.81852E-02 3.09610E-02 5.44978E-02 8.62161E-02 1.09652E-01 3.82141E-01 6.20078E-01 5.71922E-02 3.09610E-02 1.81852E-02 8.37569E-01
1.85200E-02 3.10466E-02 5.40905E-02 8.53829E-02 1.08502E-01 3.79362E-01 6.17077E-01 5.67458E-02 3.10466E-02 1.85200E-02 8.21489E-01
1.88227E-02 3.11111E-02 5.36866E-02 8.45657E-02 1.07379E-01 3.76633E-01 6.14097E-01 5.63033E-02 3.11111E-02 1.88227E-02 8.06005E-01
1.90964E-02 3.11569E-02 5.32866E-02 8.37645E-02 1.06282E-01 3.73955E-01 6.11140E-01 5.58651E-02 3.11569E-02 1.90964E-02 7.91087E-01
1.93438E-02 3.11860E-02 5.28908E-02 8.29790E-02 1.05211E-01 3.71326E-01 6.08207E-01 5.54315E-02 3.11860E-02 1.93438E-02 7.76710E-01
1.95672E-02 3.12001E-02 5.24995E-02 8.22089E-02 1.04165E-01 3.68745E-01 6.05301E-01 5.50028E-02 3.12001E-02 1.95672E-02 7.62847E-01
1.97687E-02 3.12007E-02 5.21129E-02 8.14541E-02 1.03142E-01 3.66211E-01 6.02421E-01 5.45793E-02 3.12007E-02 1.97687E-02 7.49474E-01
1.99504E-02 3.11894E-02 5.17311E-02 8.07141E-02 1.02143E-01 3.63723E-01 5.99570E-01 5.41612E-02 3.11894E-02 1.99504E-02 7.36566E-01
2.01140E-02 3.11672E-02 5.13544E-02 7.99887E-02 1.01166E-01 3.61280E-01 5.96747E-01 5.37485E-02 3.11672E-02 2.01140E-02 7.24104E-01
2.02609E-02 3.11354E-02 5.09828E-02 7.92776E-02 1.00211E-01 3.58881E-01 5.93954E-01 5.33414E-02 3.11354E-02 2.02609E-02 7.12065E-01
2.03925E-02 3.10949E-02 5.06163E-02 7.85805E-02 9.92767E-02 3.56524E-01 5.91190E-01 5.29399E-02 3.10949E-02 2.03925E-02 7.00429E-01
2.05103E-02 3.10465E-02 5.02550E-02 7.78970E-02 9.83629E-02 3.54210E-01 5.88457E-01 5.25441E-02 3.10465E-02 2.05103E-02 6.89178E-01
2.06151E-02 3.09912E-02 4.98989E-02 7.72268E-02 9.74688E-02 3.51936E-01 5.85754E-01 5.21540E-02 3.09912E-02 2.06151E-02 6.78295E-01
2.07083E-02 3.09295E-02 4.95480E-02 7.65695E-02 9.65938E-02 3.49701E-01 5.83081E-01 5.17696E-02 3.09295E-02 2.07083E-02 6.67762E-01
2.07905E-02 3.08622E-02 4.92023E-02 7.59249E-02 9.57373E-02 3.47506E-01 5.80438E-01 5.13908E-02 3.08622E-02 2.07905E-02 6.57563E-01
2.08628E-02 3.07899E-02 4.88618E-02 7.52925E-02 9.48986E-02 3.45347E-01 5.77825E-01 5.10177E-02 3.07899E-02 2.08628E-02 6.47684E-01
2.09259E-02 3.07130E-02 4.85263E-02 7.46722E-02 9.40774E-02 3.43226E-01 5.75243E-01 5.06501E-02 3.07130E-02 2.09259E-02 6.38111E-01
2.09804E-02 3.06320E-02 4.81959E-02 7.40636E-02 9.32729E-02 3.41140E-01 5.72690E-01 5.02880E-02 3.06320E-02 2.09804E-02 6.28830E-01
2.10272E-02 3.05474E-02 4.78705E-02 7.34664E-02 9.24847E-02 3.39089E-01 5.70167E-01 4.99314E-02 3.05474E-02 2.10272E-02 6.19828E-01
2.10666E-02 3.04595E-02 4.75501E-02 7.28802E-02 9.17124E-02 3.37072E-01 5.67674E-01 4.95802E-02 3.04595E-02 2.10666E-02 6.11094E-01
2.10994E-02 3.03687E-02 4.72345E-02 7.23048E-02 9.09553E-02 3.35088E-01 5.65209E-01 4.92343E-02 3.03687E-02 2.10994E-02 6.02615E-01
2.11259E-02 3.02754E-02 4.69237E-02 7.17400E-02 9.02131E-02 3.33136E-01 5.62773E-01 4.88936E-02 3.02754E-02 2.11259E-02 5.94382E-01
2.11467E-02 3.01798E-02 4.66176E-02 7.11853E-02 8.94852E-02 3.31215E-01 5.60365E-01 4.85581E-02 3.01798E-02 2.11467E-02 5.86384E-01
2.11621E-02 3.00821E-02 4.63162E-02 7.06407E-02 8.87713E-02 3.29325E-01 5.57986E-01 4.82276E-02 3.00821E-02 2.11621E-02 5.78611E-01
2.11727E-02 2.99827E-02 4.60193E-02 7.01057E-02 8.80710E-02 3.27465E-01 5.55634E-01 4.79021E-02 2.99827E-02 2.11727E-02 5.71055E-01
0.00000E+00 0.00000E+00 3.46935E-02 8.89514E-02 1.27184E-01 4.70373E-01 7.07566E-01 3.92049E-02 0.00000E+00 0.00000E+00 1.03926E+00
0.00000E+00 0.00000E+00 3.58920E-02 8.75849E-02 1.23813E-01 4.63962E-01 7.08329E-01 4.04050E-02 0.00000E+00 0.00000E+00 1.07016E+00
0.00000E+00 2.69445E-03 3.67581E-02 8.62408E-02 1.20802E-01 4.57492E-01 7.06852E-01 4.12351E-02 2.69445E-03 0.00000E+00 1.07092E+00
0.00000E+00 5.88488E-03 3.73515E-02 8.48719E-02 1.17990E-01 4.51021E-01 7.03995E-01 4.17709E-02 5.88488E-03 0.00000E+00 1.05731E+00
0.00000E+00 8.41923E-03 3.77274E-02 8.34778E-02 1.15321E-01 4.44612E-01 7.00243E-01 4.20759E-02 8.41923E-03 0.00000E+00 1.03740E+00
0.00000E+00 1.04627E-02 3.79446E-02 8.20869E-02 1.12789E-01 4.38337E-01 6.95913E-01 4.22141E-02 1.04627E-02 0.00000E+00 1.01397E+00
0.00000E+00 1.21300E-02 3.80438E-02 8.07159E-02 1.10389E-01 4.32235E-01 6.91211E-01 4.22296E-02 1.21300E-02 0.00000E+00 9.88736E-01
0.00000E+00 1.35030E-02 3.80541E-02 7.93745E-02 1.08112E-01 4.26323E-01 6.86276E-01 4.21535E-02 1.35030E-02 0.00000E+00 9.62774E-01
6.57945E-04 1.46457E-02 3.80066E-02 7.80850E-02 1.05970E-01 4.20647E-01 6.81237E-01 4.20190E-02 1.46457E-02 6.57945E-04 9.35104E-01
2.17693E-03 1.56039E-02 3.79142E-02 7.68449E-02 1.03949E-01 4.15192E-01 6.76149E-01 4.18400E-02 1.56039E-02 2.17693E-03 9.05646E-01
3.49028E-03 1.64059E-02 3.77721E-02 7.56268E-02 1.02004E-01 4.09887E-01 6.70999E-01 4.16114E-02 1.64059E-02 3.49028E-03 8.77350E-01
4.63149E-03 1.70785E-02 3.75915E-02 7.44349E-02 1.00133E-01 4.04731E-01 6.65824E-01 4.13447E-02 1.70785E-02 4.63149E-03 8.50275E-01
5.62746E-03 1.76432E-02 3.73811E-02 7.32717E-02 9.83330E-02 3.99726E-01 6.60652E-01 4.10492E-02 1.76432E-02 5.62746E-03 8.24435E-01
6.49998E-03 1.81171E-02 3.71478E-02 7.21386E-02 9.66018E-02 3.94868E-01 6.55506E-01 4.07320E-02 1.81171E-02 6.49998E-03 7.99815E-01
7.26690E-03 1.85143E-02 3.68970E-02 7.10364E-02 9.49361E-02 3.90154E-01 6.50401E-01 4.03986E-02 1.85143E-02 7.26690E-03 7.76382E-01
7.94296E-03 1.88463E-02 3.66330E-02 6.99652E-02 9.33328E-02 3.85579E-01 6.45350E-01 4.00535E-02 1.88463E-02 7.94296E-03 7.54092E-01
8.54043E-03 1.91227E-02 3.63592E-02 6.89249E-02 9.17889E-02 3.81140E-01 6.40361E-01 3.97002E-02 1.91227E-02 8.54043E-03 7.32891E-01
9.06957E-03 1.93513E-02 3.60785E-02 6.79148E-02 9.03013E-02 3.76832E-01 6.35440E-01 3.93416E-02 1.93513E-02 9.06957E-03 7.12728E-01
9.53907E-03 1.95388E-02 3.57930E-02 6.69344E-02 8.88673E-02 3.72648E-01 6.30592E-01 3.89800E-02 1.95388E-02 9.53907E-03 6.93545E-01
9.95627E-03 1.96908E-02 3.55046E-02 6.59829E-02 8.74841E-02 3.68585E-01 6.25821E-01 3.86171E-02 1.96908E-02 9.95627E-03 6.75288E-01
1.03275E-02 1.98121E-02 3.52146E-02 6.50594E-02 8.61491E-02 3.64637E-01 6.21128E-01 3.82544E-02 1.98121E-02 1.03275E-02 6.57905E-01
1.06580E-02 1.99065E-02 3.49244E-02 6.41630E-02 8.48600E-02 3.60800E-01 6.16514E-01 3.78930E-02 1.99065E-02 1.06580E-02 6.41343E-01
1.09525E-02 1.99777E-02 3.46348E-02 6.32928E-02 8.36143E-02 3.57069E-01 6.11980E-01 3.75340E-02 1.99777E-02 1.09525E-02 6.25554E-01
1.12151E-02 2.00285E-02 3.43466E-02 6.24478E-02 8.24100E-02 3.53440E-01 6.07525E-01 3.71780E-02 2.00285E-02 1.12151E-02 6.10492E-01
1.14492E-02 2.00616E-02 3.40605E-02 6.16271E-02 8.12449E-02 3.49908E-01 6.03150E-01 3.68257E-02 2.00616E-02 1.14492E-02 5.96114E-01
1.16577E-02 2.00790E-02 3.37770E-02 6.08299E-02 8.01173E-02 3.46470E-01 5.98853E-01 3.64775E-02 2.00790E-02 1.16577E-02 5.82379E-01
1.18435E-02 2.00828E-02 3.34964E-02 6.00551E-02 7.90252E-02 3.43122E-01 5.94634E-01 3.61337E-02 2.00828E-02 1.18435E-02 5.69249E-01
1.20089E-02 2.00745E-02 3.32190E-02 5.93020E-02 7.79669E-02 3.39859E-01 5.90491E-01 3.57947E-02 2.00745E-02 1.20089E-02 5.56687E-01
1.21558E-02 2.00557E-02 3.29452E-02 5.85697E-02 7.69410E-02 3.36679E-01 5.86423E-01 3.54606E-02 2.00557E-02 1.21558E-02 5.44662E-01
1.22861E-02 2.00277E-02 3.26750E-02 5.78574E-02 7.59458E-02 3.33579E-01 5.82428E-01 3.51316E-02 2.00277E-02 1.22861E-02 5.33141E-01
1.24014E-02 1.99914E-02 3.24087E-02 5.71643E-02 7.49799E-02 3.30554E-01 5.78505E-01 3.48078E-02 1.99914E-02 1.24014E-02 5.22096E-01
1.25032E-02 1.99479E-02 3.21464E-02 5.64897E-02 7.40421E-02 3.27603E-01 5.74653E-01 3.44893E-02 1.99479E-02 1.25032E-02 5.11500E-01
1.25928E-02 1.98982E-02 3.18880E-02 5.58329E-02 7.31311E-02 3.24722E-01 5.70869E-01 3.41761E-02 1.98982E-02 1.25928E-02 5.01327E-01
1.26712E-02 1.98428E-02 3.16337E-02 5.51931E-02 7.22457E-02 3.21909E-01 5.67152E-01 3.38682E-02 1.98428E-02 1.26712E-02 4.91555E-01
1.27395E-02 1.97826E-02 3.13835E-02 5.45698E-02 7.13848E-02 3.19160E-01 5.63500E-01 3.35655E-02 1.97826E-02 1.27395E-02 4.82160E-01
1.27986E-02 1.97181E-02 3.11374E-02 5.39622E-02 7.05473E-02 3.16474E-01 5.59912E-01 3.32681E-02 1.97181E-02 1.27986E-02 4.73123E-01
1.28493E-02 1.96498E-02 3.08953E-02 5.33699E-02 6.97323E-02 3.13849E-01 5.56387E-01 3.29759E-02 1.96498E-02 1.28493E-02 4.64424E-01
1.28924E-02 1.95783E-02 3.06573E-02 5.27922E-02 6.89388E-02 3.11281E-01 5.52922E-01 3.26889E-02 1.95783E-02 1.28924E-02 4.56045E-01
1.29285E-02 1.95039E-02 3.04233E-02 5.22287E-02 6.81659E-02 3.08769E-01 5.49517E-01 3.24069E-02 1.95039E-02 1.29285E-02 4.47971E-01
1.29582E-02 1.94270E-02 3.01932E-02 5.16787E-02 6.74129E-02 3.06312E-01 5.46169E-01 3.21299E-02 1.94270E-02 1.29582E-02 4.40185E-01
1.29822E-02 1.93480E-02 2.99670E-02 5.11418E-02 6.66789E-02 3.03906E-01 5.42877E-01 3.18578E-02 1.93480E-02 1.29822E-02 4.32672E-01
1.30008E-02 1.92671E-02 2.97447E-02 5.06175E-02 6.59631E-02 3.01551E-01 5.39640E-01 3.15905E-02 1.92671E-02 1.30008E-02 4.25420E-01
1.30145E-02 1.91846E-02 2.95262E-02 5.01054E-02 6.52649E-02 2.99244E-01 5.36457E-01 3.13280E-02 1.91846E-02 1.30145E-02 4.18414E-01
1.30238E-02 1.91008E-02 2.93114E-02 4.96050E-02 6.45836E-02 2.96984E-01 5.33325E-01 3.10701E-02 1.91008E-02 1.30238E-02 4.11643E-01
1.30289E-02 1.90159E-02 2.91002E-02 4.91160E-02 6.39186E-02 2.94770E-01 5.30244E-01 3.08167E-02 1.90159E-02 1.30289E-02 4.05096E-01
1.30303E-02 1.89300E-02 2.88927E-02 4.86379E-02 6.32692E-02 2.92599E-01 5.27213E-01 3.05678E-02 1.89300E-02 1.30303E-02 3.98763E-01
1.30283E-02 1.88434E-02 2.86886E-02 4.81704E-02 6.26348E-02 2.90471E-01 5.24230E-01 3.03233E-02 1.88434E-02 1.30283E-02 3.92632E-01
1.30230E-02 1.87562E-02 2.84880E-02 4.77130E-02 6.20150E-02 2.88384E-01 5.21293E-01 3.00830E-02 1.87562E-02 1.30230E-02 3.86695E-01
1.30149E-02 1.86685E-02 2.82908E-02 4.72656E-02 6.14092E-02 2.86336E-01 5.18402E-01 2.98469E-02 1.86685E-02 1.30149E-02 3.80942E-01
1.30041E-02 1.85804E-02 2.80969E-02 4.68276E-02 6.08170E-02 2.84327E-01 5.15556E-01 2.96148E-02 1.85804E-02 1.30041E-02 3.75366E-01
0.00000E+00 0.00000E+00 1.72325E-02 6.93043E-02 1.03598E-01 4.75192E-01 7.60209E-01 2.33077E-02 0.00000E+00 0.00000E+00 8.74605E-01
0.00000E+00 0.00000E+00 1.86059E-02 6.69634E-02 9.89308E-02 4.61878E-01 7.50510E-01 2.44541E-02 0.00000E+00 0.00000E+00 8.78800E-01
0.00000E+00 1.82999E-03 1.95835E-02 6.49027E-02 9.49793E-02 4.49910E-01 7.40409E-01 2.52052E-02 1.82999E-03 0.00000E+00 8.60973E-01
0.00000E+00 3.94866E-03 2.02745E-02 6.30032E-02 9.14754E-02 4.38886E-01 7.30182E-01 2.56742E-02 3.94866E-03 0.00000E+00 8.34139E-01
0.00000E+00 5.58911E-03 2.07514E-02 6.12193E-02 8.82966E-02 4.28623E-01 7.20003E-01 2.59360E-02 5.58911E-03 0.00000E+00 8.04568E-01
0.00000E+00 6.87962E-03 2.10751E-02 5.95457E-02 8.53944E-02 4.19045E-01 7.10006E-01 2.60528E-02 6.87962E-03 0.00000E+00 7.74308E-01
0.00000E+00 7.90726E-03 2.12865E-02 5.79747E-02 8.27298E-02 4.10082E-01 7.00264E-01 2.60663E-02 7.90726E-03 0.00000E+00 7.44478E-01
0.00000E+00 8.73323E-03 2.14141E-02 5.64982E-02 8.02711E-02 4.01672E-01 6.90813E-01 2.60051E-02 8.73323E-03 0.00000E+00 7.15676E-01
4.16898E-04 9.40396E-03 2.14836E-02 5.51216E-02 7.80107E-02 3.93808E-01 6.81721E-01 2.58957E-02 9.40396E-03 4.16898E-04 6.87073E-01
1.37081E-03 9.95228E-03 2.15084E-02 5.38327E-02 7.59199E-02 3.86422E-01 6.72971E-01 2.57509E-02 9.95228E-03 1.37081E-03 6.58452E-01
2.18507E-03 1.03986E-02 2.14904E-02 5.26020E-02 7.39499E-02 3.79388E-01 6.64462E-01 2.55701E-02 1.03986E-02 2.18507E-03 6.31659E-01
2.88377E-03 1.07618E-02 2.14390E-02 5.14270E-02 7.20907E-02 3.72682E-01 6.56198E-01 2.53626E-02 1.07618E-02 2.88377E-03 6.06604E-01
3.48602E-03 1.10567E-02 2.13617E-02 5.03049E-02 7.03329E-02 3.66281E-01 6.48177E-01 2.51355E-02 1.10567E-02 3.48602E-03 5.83179E-01
4.00714E-03 1.12951E-02 2.12641E-02 4.92328E-02 6.86684E-02 3.60161E-01 6.40393E-01 2.48943E-02 1.12951E-02 4.00714E-03 5.61273E-01
4.45958E-03 1.14864E-02 2.11508E-02 4.82079E-02 6.70897E-02 3.54305E-01 6.32841E-01 2.46432E-02 1.14864E-02 4.45958E-03 5.40777E-01
4.85348E-03 1.16383E-02 2.10253E-02 4.72275E-02 6.55901E-02 3.48693E-01 6.25512E-01 2.43854E-02 1.16383E-02 4.85348E-03 5.21582E-01
5.19723E-03 1.17571E-02 2.08906E-02 4.62890E-02 6.41637E-02 3.43311E-01 6.18401E-01 2.41236E-02 1.17571E-02 5.19723E-03 5.03588E-01
5.49778E-03 1.18479E-02 2.07488E-02 4.53898E-02 6.28051E-02 3.38142E-01 6.11497E-01 2.38597E-02 1.18479E-02 5.49778E-03 4.86701E-01
5.76096E-03 1.19151E-02 2.06018E-02 4.45277E-02 6.15092E-02 3.33173E-01 6.04794E-01 2.35952E-02 1.19151E-02 5.76096E-03 4.70835E-01
5.99165E-03 1.19620E-02 2.04510E-02 4.37005E-02 6.02718E-02 3.28391E-01 5.98283E-01 2.33314E-02 1.19620E-02 5.99165E-03 4.55910E-01
6.19401E-03 1.19919E-02 2.02977E-02 4.29062E-02 5.90888E-02 3.23786E-01 5.91956E-01 2.30693E-02 1.19919E-02 6.19401E-03 4.41853E-01
6.37156E-03 1.20070E-02 2.01428E-02 4.21428E-02 5.79565E-02 3.19346E-01 5.85806E-01 2.28095E-02 1.20070E-02 6.37156E-03 4.28597E-01
6.52731E-03 1.20096E-02 1.99871E-02 4.14086E-02 5.68715E-02 3.15063E-01 5.79824E-01 2.25527E-02 1.20096E-02 6.52731E-03 4.16081E-01
6.66385E-03 1.20014E-02 1.98312E-02 4.07019E-02 5.58309E-02 3.10926E-01 5.74005E-01 2.22993E-02 1.20014E-02 6.66385E-03 4.04249E-01
6.78341E-03 1.19840E-02 1.96756E-02 4.00213E-02 5.48319E-02 3.06928E-01 5.68342E-01 2.20497E-02 1.19840E-02 6.78341E-03 3.93051E-01
6.88793E-03 1.19586E-02 1.95209E-02 3.93652E-02 5.38719E-02 3.03061E-01 5.62827E-01 2.18041E-02 1.19586E-02 6.88793E-03 3.82440E-01
6.97908E-03 1.19265E-02 1.93671E-02 3.87324E-02 5.29486E-02 2.99319E-01 5.57454E-01 2.15626E-02 1.19265E-02 6.97908E-03 3.72374E-01
7.05834E-03 1.18885E-02 1.92148E-02 3.81217E-02 5.20597E-02 2.95694E-01 5.52219E-01 2.13254E-02 1.18885E-02 7.05834E-03 3.62815E-01
7.12698E-03 1.18455E-02 1.90640E-02 3.75318E-02 5.12034E-02 2.92180E-01 5.47115E-01 2.10925E-02 1.18455E-02 7.12698E-03 3.53727E-01
7.18613E-03 1.17983E-02 1.89150E-02 3.69617E-02 5.03778E-02 2.88773E-01 5.42137E-01 2.08641E-02 1.17983E-02 7.18613E-03 3.45078E-01
7.23678E-03 1.17474E-02 1.87678E-02 3.64104E-02 4.95812E-02 2.85466E-01 5.37280E-01 2.06400E-02 1.17474E-02 7.23678E-03 3.36838E-01
7.27981E-03 1.16933E-02 1.86226E-02 3.58770E-02 4.88120E-02 2.82255E-01 5.32539E-01 2.04203E-02 1.16933E-02 7.27981E-03 3.28981E-01
7.31599E-03 1.16367E-02 1.84795E-02 3.53605E-02 4.80688E-02 2.79136E-01 5.27910E-01 2.02050E-02 1.16367E-02 7.31599E-03 3.21481E-01
7.34601E-03 1.15778E-02 1.83385E-02 3.48603E-02 4.73502E-02 2.76103E-01 5.23389E-01 1.99940E-02 1.15778E-02 7.34601E-03 3.14316E-01
7.37048E-03 1.15170E-02 1.81996E-02 3.43754E-02 4.66550E-02 2.73154E-01 5.18970E-01 1.97873E-02 1.15170E-02 7.37048E-03 3.07465E-01
7.38994E-03 1.14547E-02 1.80629E-02 3.39051E-02 4.59819E-02 2.70284E-01 5.14652E-01 1.95847E-02 1.14547E-02 7.38994E-03 3.00907E-01
7.40489E-03 1.13911E-02 1.79284E-02 3.34489E-02 4.53300E-02 2.67490E-01 5.10429E-01 1.93863E-02 1.13911E-02 7.40489E-03 2.94626E-01
7.41575E-03 1.13264E-02 1.77961E-02 3.30060E-02 4.46981E-02 2.64768E-01 5.06299E-01 1.91918E-02 1.13264E-02 7.41575E-03 2.88604E-01
7.42292E-03 1.12610E-02 1.76659E-02 3.25759E-02 4.40853E-02 2.62116E-01 5.02257E-01 1.90013E-02 1.12610E-02 7.42292E-03 2.82827E-01
7.42675E-03 1.11949E-02 1.75379E-02 3.21580E-02 4.34908E-02 2.59531E-01 4.98302E-01 1.88147E-02 1.11949E-02 7.42675E-03 2.77280E-01
7.42754E-03 1.11283E-02 1.74120E-02 3.17518E-02 4.29136E-02 2.57009E-01 4.94429E-01 1.86318E-02 1.11283E-02 7.42754E-03 2.71950E-01
7.42560E-03 1.10614E-02 1.72883E-02 3.13567E-02 4.23531E-02 2.54549E-01 4.90637E-01 1.84526E-02 1.10614E-02 7.42560E-03 2.66825E-01
7.42117E-03 1.09943E-02 1.71667E-02 3.09723E-02 4.18084E-02 2.52147E-01 4.86922E-01 1.82770E-02 1.09943E-02 7.42117E-03 2.61893E-01
7.41449E-03 1.09271E-02 1.70471E-02 3.05982E-02 4.12789E-02 2.49802E-01 4.83281E-01 1.81049E-02 1.09271E-02 7.41449E-03 2.57145E-01
7.40576E-03 1.08599E-02 1.69295E-02 3.02339E-02 4.07639E-02 2.47511E-01 4.79712E-01 1.79363E-02 1.08599E-02 7.40576E-03 2.52570E-01
7.39518E-03 1.07928E-02 1.68139E-02 2.98791E-02 4.02628E-02 2.45273E-01 4.76214E-01 1.77709E-02 1.07928E-02 7.39518E-03 2.48159E-01
7.38291E-03 1.07258E-02 1.67003E-02 2.95333E-02 3.97750E-02 2.43085E-01 4.72783E-01 1.76088E-02 1.07258E-02 7.38291E-03 2.43904E-01
7.36912E-03 1.06591E-02 1.65886E-02 2.91962E-02 3.93000E-02 2.40945E-01 4.69417E-01 1.74498E-02 1.06591E-02 7.36912E-03 2.39796E-01
7.35395E-03 1.05927E-02 1.64788E-02 2.88675E-02 3.88373E-02 2.38852E-01 4.66114E-01 1.72939E-02 1.05927E-02 7.35395E-03 2.35829E-01
7.33752E-03 1.05266E-02 1.63709E-02 2.85469E-02 3.83863E-02 2.36804E-01 4.62873E-01 1.71410E-02 1.05266E-02 7.33752E-03 2.31995E-01
0.00000E+00 0.00000E+00 6.21631E-03 4.86239E-02 7.65012E-02 4.63052E-01 7.97127E-01 1.35589E-02 0.00000E+00 0.00000E+00 7.41311E-01
0.00000E+00 0.00000E+00 7.64992E-03 4.60097E-02 7.14615E-02 4.42790E-01 7.74967E-01 1.44292E-02 0.00000E+00 0.00000E+00 7.11325E-01
0.00000E+00 1.10277E-03 8.67499E-03 4.38255E-02 6.73571E-02 4.25502E-01 7.54895E-01 1.49609E-02 1.10277E-03 0.00000E+00 6.72447E-01
0.00000E+00 2.34869E-03 9.42418E-03 4.19076E-02 6.38457E-02 4.10225E-01 7.36355E-01 1.52676E-02 2.34869E-03 0.00000E+00 6.32551E-01
0.00000E+00 3.28662E-03 9.97578E-03 4.01817E-02 6.07609E-02 3.96476E-01 7.19080E-01 1.54173E-02 3.28662E-03 0.00000E+00 5.94912E-01
0.00000E+00 4.00444E-03 1.03866E-02 3.86187E-02 5.80215E-02 3.84001E-01 7.02952E-01 1.54615E-02 4.00444E-03 0.00000E+00 5.60122E-01
0.00000E+00 4.56050E-03 1.06943E-02 3.71950E-02 5.55668E-02 3.72605E-01 6.87855E-01 1.54333E-02 4.56050E-03 0.00000E+00 5.28278E-01
0.00000E+00 4.99498E-03 1.09248E-02 3.58912E-02 5.33503E-02 3.62132E-01 6.73686E-01 1.53547E-02 4.99498E-03 0.00000E+00 4.99251E-01
2.35659E-04 5.33754E-03 1.10986E-02 3.47013E-02 5.13495E-02 3.52514E-01 6.60429E-01 1.52446E-02 5.33754E-03 2.35659E-04 4.72130E-01
7.69846E-04 5.60879E-03 1.12282E-02 3.36080E-02 4.95295E-02 3.43625E-01 6.47972E-01 1.51123E-02 5.60879E-03 7.69846E-04 4.46450E-01
1.21974E-03 5.82185E-03 1.13201E-02 3.25846E-02 4.78436E-02 3.35287E-01 6.36116E-01 1.49590E-02 5.82185E-03 1.21974E-03 4.23097E-01
1.60073E-03 5.98831E-03 1.13820E-02 3.16248E-02 4.62770E-02 3.27446E-01 6.24816E-01 1.47912E-02 5.98831E-03 1.60073E-03 4.01812E-01
1.92486E-03 6.11716E-03 1.14201E-02 3.07229E-02 4.48169E-02 3.20054E-01 6.14031E-01 1.46134E-02 6.11716E-03 1.92486E-03 3.82366E-01
2.20171E-03 6.21543E-03 1.14391E-02 2.98739E-02 4.34526E-02 3.13069E-01 6.03724E-01 1.44291E-02 6.21543E-03 2.20171E-03 3.64556E-01
2.43893E-03 6.28869E-03 1.14426E-02 2.90731E-02 4.21744E-02 3.06455E-01 5.93862E-01 1.42411E-02 6.28869E-03 2.43893E-03 3.48204E-01
2.64274E-03 6.34140E-03 1.14336E-02 2.83167E-02 4.09742E-02 3.00181E-01 5.84414E-01 1.40512E-02 6.34140E-03 2.64274E-03 3.33153E-01
2.81820E-03 6.37714E-03 1.14145E-02 2.76010E-02 3.98448E-02 2.94218E-01 5.75352E-01 1.38610E-02 6.37714E-03 2.81820E-03 3.19266E-01
2.96947E-03 6.39881E-03 1.13872E-02 2.69227E-02 3.87799E-02 2.88541E-01 5.66650E-01 1.36717E-02 6.39881E-03 2.96947E-03 3.06423E-01
3.10001E-03 6.40880E-03 1.13531E-02 2.62789E-02 3.77738E-02 2.83129E-01 5.58285E-01 1.34840E-02 6.40880E-03 3.10001E-03 2.94519E-01
3.21271E-03 6.40906E-03 1.13137E-02 2.56671E-02 3.68218E-02 2.77960E-01 5.50236E-01 1.32986E-02 6.40906E-03 3.21271E-03 2.83461E-01
3.30997E-03 6.40119E-03 1.12698E-02 2.50848E-02 3.59194E-02 2.73019E-01 5.42483E-01 1.31160E-02 6.40119E-03 3.30997E-03 2.73167E-01
3.39383E-03 6.38654E-03 1.12224E-02 2.45300E-02 3.50626E-02 2.68288E-01 5.35009E-01 1.29365E-02 6.38654E-03 3.39383E-03 2.63564E-01
3.46603E-03 6.36623E-03 1.11721E-02 2.40006E-02 3.42481E-02 2.63753E-01 5.27797E-01 1.27603E-02 6.36623E-03 3.46603E-03 2.54590E-01
3.52804E-03 6.34118E-03 1.11196E-02 2.34950E-02 3.34725E-02 2.59400E-01 5.20833E-01 1.25878E-02 6.34118E-03 3.52804E-03 2.46187E-01
3.58112E-03 6.31220E-03 1.10652E-02 2.30115E-02 3.27332E-02 2.55219E-01 5.14102E-01 1.24188E-02 6.31220E-03 3.58112E-03 2.38306E-01
3.62635E-03 6.27993E-03 1.10095E-02 2.25487E-02 3.20276E-02 2.51198E-01 5.07591E-01 1.22535E-02 6.27993E-03 3.62635E-03 2.30901E-01
3.66467E-03 6.24495E-03 1.09528E-02 2.21052E-02 3.13532E-02 2.47328E-01 5.01289E-01 1.20920E-02 6.24495E-03 3.66467E-03 2.23931E-01
3.69689E-03 6.20773E-03 1.08952E-02 2.16799E-02 3.07081E-02 2.43599E-01 4.95184E-01 1.19342E-02 6.20773E-03 3.69689E-03 2.17362E-01
3.72372E-03 6.16867E-03 1.08372E-02 2.12715E-02 3.00903E-02 2.40002E-01 4.89267E-01 1.17800E-02 6.16867E-03 3.72372E-03 2.11162E-01
3.74576E-03 6.12812E-03 1.07788E-02 2.08792E-02 2.94981E-02 2.36531E-01 4.83528E-01 1.16294E-02 6.12812E-03 3.74576E-03 2.05300E-01
3.76356E-03 6.08638E-03 1.07203E-02 2.05019E-02 2.89298E-02 2.33179E-01 4.77958E-01 1.14825E-02 6.08638E-03 3.76356E-03 1.99751E-01
3.77759E-03 6.04369E-03 1.06617E-02 2.01388E-02 2.83840E-02 2.29938E-01 4.72549E-01 1.13390E-02 6.04369E-03 3.77759E-03 1.94492E-01
3.78826E-03 6.00027E-03 1.06033E-02 1.97890E-02 2.78593E-02 2.26803E-01 4.67294E-01 1.11989E-02 6.00027E-03 3.78826E-03 1.89500E-01
3.79593E-03 5.95632E-03 1.05450E-02 1.94519E-02 2.73545E-02 2.23768E-01 4.62185E-01 1.10622E-02 5.95632E-03 3.79593E-03 1.84757E-01
3.80093E-03 5.91197E-03 1.04871E-02 1.91266E-02 2.68685E-02 2.20828E-01 4.57215E-01 1.09288E-02 5.91197E-03 3.80093E-03 1.80245E-01
3.80355E-03 5.86738E-03 1.04294E-02 1.88127E-02 2.64002E-02 2.17979E-01 4.52379E-01 1.07985E-02 5.86738E-03 3.80355E-03 1.75949E-01
3.80403E-03 5.82266E-03 1.03722E-02 1.85095E-02 2.59486E-02 2.15216E-01 4.47670E-01 1.06713E-02 5.82266E-03 3.80403E-03 1.71852E-01
3.80260E-03 5.77791E-03 1.03155E-02 1.82164E-02 2.55128E-02 2.12534E-01 4.43083E-01 1.05470E-02 5.77791E-03 3.80260E-03 1.67943E-01
3.79947E-03 5.73322E-03 1.02593E-02 1.79330E-02 2.50920E-02 2.09930E-01 4.38613E-01 1.04257E-02 5.73322E-03 3.79947E-03 1.64208E-01
3.79481E-03 5.68866E-03 1.02036E-02 1.76587E-02 2.46854E-02 2.07400E-01 4.34255E-01 1.03072E-02 5.68866E-03 3.79481E-03 1.60637E-01
3.78879E-03 5.64428E-03 1.01484E-02 1.73931E-02 2.42922E-02 2.04941E-01 4.30004E-01 1.01915E-02 5.64428E-03 3.78879E-03 1.57219E-01
3.78154E-03 5.60016E-03 1.00938E-02 1.71359E-02 2.39119E-02 2.02550E-01 4.25856E-01 1.00784E-02 5.60016E-03 3.78154E-03 1.53945E-01
3.77320E-03 5.55632E-03 1.00398E-02 1.68865E-02 2.35437E-02 2.00224E-01 4.21807E-01 9.96787E-03 5.55632E-03 3.77320E-03 1.50806E-01
3.76388E-03 5.51282E-03 9.98647E-03 1.66446E-02 2.31871E-02 1.97959E-01 4.17852E-01 9.85984E-03 5.51282E-03 3.76388E-03 1.47794E-01
3.75368E-03 5.46968E-03 9.93371E-03 1.64099E-02 2.28416E-02 1.95754E-01 4.13989E-01 9.75423E-03 5.46968E-03 3.75368E-03 1.44901E-01
3.74271E-03 5.42693E-03 9.88157E-03 1.61821E-02 2.25065E-02 1.93605E-01 4.10214E-01 9.65096E-03 5.42693E-03 3.74271E-03 1.42122E-01
3.73103E-03 5.38460E-03 9.83005E-03 1.59608E-02 2.21815E-02 1.91511E-01 4.06524E-01 9.54997E-03 5.38460E-03 3.73103E-03 1.39448E-01
3.71874E-03 5.34270E-03 9.77916E-03 1.57458E-02 2.18660E-02 1.89469E-01 4.02915E-01 9.45117E-03 5.34270E-03 3.71874E-03 1.36875E-01
3.70589E-03 5.30125E-03 9.72890E-03 1.55368E-02 2.15597E-02 1.87477E-01 3.99385E-01 9.35451E-03 5.30125E-03 3.70589E-03 1.34397E-01
3.69255E-03 5.26026E-03 9.67926E-03 1.53336E-02 2.12621E-02 1.85533E-01 3.95930E-01 9.25992E-03 5.26026E-03 3.69255E-03 1.32009E-01
0.00000E+00 0.00000E+00 1.43613E-03 2.94306E-02 4.83572E-02 4.25960E-01 8.03544E-01 8.96220E-03 0.00000E+00 0.00000E+00 5.81884E-01
0.00000E+00 0.00000E+00 2.66093E-03 2.71404E-02 4.39844E-02 3.99834E-01 7.67738E-01 9.22773E-03 0.00000E+00 0.00000E+00 5.24683E-01
0.00000E+00 5.37125E-04 3.56300E-03 2.53208E-02 4.05640E-02 3.78343E-01 7.37145E-01 9.34006E-03 5.37125E-04 0.00000E+00 4.73550E-01
0.00000E+00 1.13331E-03 4.24909E-03 2.37902E-02 3.77376E-02 3.59915E-01 7.10114E-01 9.35143E-03 1.13331E-03 0.00000E+00 4.29300E-01
0.00000E+00 1.57251E-03 4.78090E-03 2.24627E-02 3.53286E-02 3.43744E-01 6.85805E-01 9.29482E-03 1.57251E-03 0.00000E+00 3.91578E-01
0.00000E+00 1.90126E-03 5.20061E-03 2.12969E-02 3.32447E-02 3.29389E-01 6.63764E-01 9.19615E-03 1.90126E-03 0.00000E+00 3.59274E-01
0.00000E+00 2.15006E-03 5.53656E-03 2.02628E-02 3.14199E-02 3.16523E-01 6.43641E-01 9.07151E-03 2.15006E-03 0.00000E+00 3.31438E-01
0.00000E+00 2.33969E-03 5.80845E-03 1.93374E-02 2.98057E-02 3.04898E-01 6.25158E-01 8.93120E-03 2.33969E-03 0.00000E+00 3.07292E-01
1.11876E-04 2.48501E-03 6.03030E-03 1.85089E-02 2.83742E-02 2.94381E-01 6.08187E-01 8.78386E-03 2.48501E-03 1.11876E-04 2.85837E-01
3.63562E-04 2.59636E-03 6.21253E-03 1.77607E-02 2.70930E-02 2.84792E-01 5.92508E-01 8.63313E-03 2.59636E-03 3.63562E-04 2.66438E-01
5.73232E-04 2.68070E-03 6.36301E-03 1.70725E-02 2.59250E-02 2.75913E-01 5.77811E-01 8.47867E-03 2.68070E-03 5.73232E-04 2.49290E-01
7.48879E-04 2.74374E-03 6.48758E-03 1.64372E-02 2.48554E-02 2.67660E-01 5.63998E-01 8.32304E-03 2.74374E-03 7.48879E-04 2.34048E-01
8.96712E-04 2.78986E-03 6.59079E-03 1.58489E-02 2.38722E-02 2.59964E-01 5.50983E-01 8.16801E-03 2.78986E-03 8.96712E-04 2.20433E-01
1.02161E-03 2.82243E-03 6.67627E-03 1.53024E-02 2.29649E-02 2.52766E-01 5.38691E-01 8.01480E-03 2.82243E-03 1.02161E-03 2.08212E-01
1.12746E-03 2.84409E-03 6.74689E-03 1.47934E-02 2.21249E-02 2.46015E-01 5.27057E-01 7.86424E-03 2.84409E-03 1.12746E-03 1.97195E-01
1.21737E-03 2.85692E-03 6.80498E-03 1.43180E-02 2.13449E-02 2.39667E-01 5.16025E-01 7.71693E-03 2.85692E-03 1.21737E-03 1.87221E-01
1.29387E-03 2.86261E-03 6.85245E-03 1.38729E-02 2.06184E-02 2.33685E-01 5.05545E-01 7.57320E-03 2.86261E-03 1.29387E-03 1.78157E-01
1.35901E-03 2.86246E-03 6.89086E-03 1.34554E-02 1.99402E-02 2.28036E-01 4.95571E-01 7.43331E-03 2.86246E-03 1.35901E-03 1.69889E-01
1.41448E-03 2.85756E-03 6.92151E-03 1.30628E-02 1.93054E-02 2.22690E-01 4.86064E-01 7.29735E-03 2.85756E-03 1.41448E-03 1.62321E-01
1.46170E-03 2.84879E-03 6.94548E-03 1.26930E-02 1.87099E-02 2.17621E-01 4.76989E-01 7.16538E-03 2.84879E-03 1.46170E-03 1.55372E-01
1.50183E-03 2.83685E-03 6.96368E-03 1.23439E-02 1.81502E-02 2.12808E-01 4.68315E-01 7.03739E-03 2.83685E-03 1.50183E-03 1.48972E-01
1.53585E-03 2.82233E-03 6.97687E-03 1.20140E-02 1.76230E-02 2.08230E-01 4.60012E-01 6.91332E-03 2.82233E-03 1.53585E-03 1.43061E-01
1.56459E-03 2.80571E-03 6.98571E-03 1.17015E-02 1.71256E-02 2.03869E-01 4.52056E-01 6.79311E-03 2.80571E-03 1.56459E-03 1.37587E-01
1.58875E-03 2.78740E-03 6.99075E-03 1.14052E-02 1.66555E-02 1.99708E-01 4.44422E-01 6.67665E-03 2.78740E-03 1.58875E-03 1.32505E-01
1.60892E-03 2.76773E-03 6.99246E-03 1.11238E-02 1.62104E-02 1.95734E-01 4.37090E-01 6.56384E-03 2.76773E-03 1.60892E-03 1.27775E-01
1.62561E-03 2.74696E-03 6.99126E-03 1.08561E-02 1.57884E-02 1.91933E-01 4.30041E-01 6.45456E-03 2.74696E-03 1.62561E-03 1.23363E-01
1.63927E-03 2.72534E-03 6.98750E-03 1.06013E-02 1.53877E-02 1.88294E-01 4.23257E-01 6.34869E-03 2.72534E-03 1.63927E-03 1.19239E-01
1.65025E-03 2.70305E-03 6.98149E-03 1.03583E-02 1.50068E-02 1.84806E-01 4.16722E-01 6.24611E-03 2.70305E-03 1.65025E-03 1.15377E-01
1.65890E-03 2.68026E-03 6.97350E-03 1.01263E-02 1.46441E-02 1.81458E-01 4.10421E-01 6.14670E-03 2.68026E-03 1.65890E-03 1.11753E-01
1.66548E-03 2.65710E-03 6.96375E-03 9.90465E-03 1.42984E-02 1.78242E-01 4.04341E-01 6.05034E-03 2.65710E-03 1.66548E-03 1.08345E-01
1.67026E-03 2.63368E-03 6.95246E-03 9.69261E-03 1.39685E-02 1.75151E-01 3.98470E-01 5.95690E-03 2.63368E-03 1.67026E-03 1.05137E-01
1.67343E-03 2.61011E-03 6.93980E-03 9.48957E-03 1.36533E-02 1.72175E-01 3.92796E-01 5.86628E-03 2.61011E-03 1.67343E-03 1.02111E-01
1.67519E-03 2.58647E-03 6.92594E-03 9.29495E-03 1.33519E-02 1.69310E-01 3.87308E-01 5.77835E-03 2.58647E-03 1.67519E-03 9.92515E-02
1.67571E-03 2.56282E-03 6.91101E-03 9.10824E-03 1.30634E-02 1.66547E-01 3.81996E-01 5.69302E-03 2.56282E-03 1.67571E-03 9.65466E-02
1.67512E-03 2.53921E-03 6.89514E-03 8.92896E-03 1.27869E-02 1.63882E-01 3.76852E-01 5.61018E-03 2.53921E-03 1.67512E-03 9.39838E-02
1.67355E-03 2.51570E-03 6.87844E-03 8.75666E-03 1.25218E-02 1.61310E-01 3.71867E-01 5.52974E-03 2.51570E-03 1.67355E-03 9.15526E-02
1.67112E-03 2.49234E-03 6.86101E-03 8.59094E-03 1.22672E-02 1.58824E-01 3.67034E-01 5.45158E-03 2.49234E-03 1.67112E-03 8.92431E-02
1.66793E-03 2.46914E-03 6.84293E-03 8.43143E-03 1.20227E-02 1.56420E-01 3.62344E-01 5.37563E-03 2.46914E-03 1.66793E-03 8.70466E-02
1.66406E-03 2.44614E-03 6.82428E-03 8.27778E-03 1.17876E-02 1.54096E-01 3.57791E-01 5.30179E-03 2.44614E-03 1.66406E-03 8.49552E-02
1.65959E-03 2.42336E-03 6.80514E-03 8.12967E-03 1.15614E-02 1.51845E-01 3.53368E-01 5.22999E-03 2.42336E-03 1.65959E-03 8.29614E-02
1.65459E-03 2.40082E-03 6.78556E-03 7.98680E-03 1.13435E-02 1.49665E-01 3.49071E-01 5.16014E-03 2.40082E-03 1.65459E-03 8.10588E-02
1.64912E-03 2.37854E-03 6.76559E-03 7.84889E-03 1.11336E-02 1.47552E-01 3.44892E-01 5.09217E-03 2.37854E-03 1.64912E-03 7.92413E-02
1.64324E-03 2.35652E-03 6.74530E-03 7.71569E-03 1.09311E-02 1.45503E-01 3.40827E-01 5.02600E-03 2.35652E-03 1.64324E-03 7.75034E-02
1.63699E-03 2.33478E-03 6.72473E-03 7.58696E-03 1.07358E-02 1.43514E-01 3.36870E-01 4.96156E-03 2.33478E-03 1.63699E-03 7.58400E-02
1.63043E-03 2.31333E-03 6.70391E-03 7.46247E-03 1.05472E-02 1.41584E-01 3.33018E-01 4.89880E-03 2.31333E-03 1.63043E-03 7.42465E-02
1.62359E-03 2.29217E-03 6.68289E-03 7.34202E-03 1.03649E-02 1.39710E-01 3.29266E-01 4.83764E-03 2.29217E-03 1.62359E-03 7.27185E-02
1.61651E-03 2.27130E-03 6.66169E-03 7.22540E-03 1.01888E-02 1.37888E-01 3.25609E-01 4.77803E-03 2.27130E-03 1.61651E-03 7.12523E-02
1.60921E-03 2.25073E-03 6.64034E-03 7.11245E-03 1.00184E-02 1.36117E-01 3.22044E-01 4.71991E-03 2.25073E-03 1.60921E-03 6.98440E-02
1.60173E-03 2.23046E-03 6.61888E-03 7.00298E-03 9.85350E-03 1.34394E-01 3.18567E-01 4.66323E-03 2.23046E-03 1.60173E-03 6.84904E-02
1.59409E-03 2.21049E-03 6.59733E-03 6.89683E-03 9.69383E-03 1.32718E-01 3.15175E-01 4.60793E-03 2.21049E-03 1.59409E-03 6.71884E-02
0.00000E+00 0.00000E+00 1.06408E-03 1.43981E-02 2.37568E-02 3.57199E-01 7.59142E-01 6.63937E-03 0.00000E+00 0.00000E+00 3.65143E-01
0.00000E+00 0.00000E+00 2.02811E-03 1.28504E-02 2.09265E-02 3.28238E-01 7.10949E-01 6.32551E-03 0.00000E+00 0.00000E+00 3.09080E-01
0.00000E+00 1.83969E-04 2.76484E-03 1.16869E-02 1.88087E-02 3.05136E-01 6.71328E-01 6.06205E-03 1.83969E-04 0.00000E+00 2.66428E-01
0.00000E+00 3.90390E-04 3.34439E-03 1.07517E-02 1.71220E-02 2.85830E-01 6.37397E-01 5.82335E-03 3.90390E-04 0.00000E+00 2.33119E-01
0.00000E+00 5.43606E-04 3.80872E-03 9.97077E-03 1.57290E-02 2.69260E-01 6.07669E-01 5.60098E-03 5.43606E-04 0.00000E+00 2.06688E-01
0.00000E+00 6.58680E-04 4.18575E-03 9.30639E-03 1.45561E-02 2.54835E-01 5.81316E-01 5.39397E-03 6.58680E-04 0.00000E+00 1.85314E-01
0.00000E+00 7.45828E-04 4.49524E-03 8.73270E-03 1.35530E-02 2.42128E-01 5.57728E-01 5.20123E-03 7.45828E-04 0.00000E+00 1.67741E-01
0.00000E+00 8.12154E-04 4.75154E-03 8.23126E-03 1.26842E-02 2.30825E-01 5.36442E-01 5.02165E-03 8.12154E-04 0.00000E+00 1.53080E-01
4.15948E-05 8.62557E-04 4.96426E-03 7.79102E-03 1.19278E-02 2.20743E-01 5.17205E-01 4.85515E-03 8.62557E-04 4.15948E-05 1.40537E-01
1.35020E-04 9.00641E-04 5.14183E-03 7.40032E-03 1.12618E-02 2.11670E-01 4.99686E-01 4.70006E-03 9.00641E-04 1.35020E-04 1.29581E-01
2.12641E-04 9.29307E-04 5.29207E-03 7.04713E-03 1.06643E-02 2.03369E-01 4.83483E-01 4.55368E-03 9.29307E-04 2.12641E-04 1.20113E-01
2.77470E-04 9.50543E-04 5.41943E-03 6.72618E-03 1.01253E-02 1.95740E-01 4.68440E-01 4.41548E-03 9.50543E-04 2.77470E-04 1.11864E-01
3.31847E-04 9.65871E-04 5.52748E-03 6.43318E-03 9.63652E-03 1.88701E-01 4.54427E-01 4.28494E-03 9.65871E-04 3.31847E-04 1.04622E-01
3.77614E-04 9.76474E-04 5.61914E-03 6.16456E-03 9.19118E-03 1.82182E-01 4.41334E-01 4.16152E-03 9.76474E-04 3.77614E-04 9.82191E-02
4.16234E-04 9.83277E-04 5.69678E-03 5.91735E-03 8.78375E-03 1.76125E-01 4.29067E-01 4.04473E-03 9.83277E-04 4.16234E-04 9.25237E-02
4.48885E-04 9.87009E-04 5.76238E-03 5.68906E-03 8.40959E-03 1.70481E-01 4.17544E-01 3.93410E-03 9.87009E-04 4.48885E-04 8.74278E-02
4.76516E-04 9.88253E-04 5.81757E-03 5.47757E-03 8.06477E-03 1.65206E-01 4.06694E-01 3.82919E-03 9.88253E-04 4.76516E-04 8.28443E-02
4.99905E-04 9.87475E-04 5.86374E-03 5.28106E-03 7.74599E-03 1.60264E-01 3.96456E-01 3.72960E-03 9.87475E-04 4.99905E-04 7.87015E-02
5.19691E-04 9.85053E-04 5.90204E-03 5.09798E-03 7.45039E-03 1.55623E-01 3.86777E-01 3.63495E-03 9.85053E-04 5.19691E-04 7.49403E-02
5.36401E-04 9.81292E-04 5.93347E-03 4.92698E-03 7.17556E-03 1.51255E-01 3.77608E-01 3.54490E-03 9.81292E-04 5.36401E-04 7.15113E-02
5.50476E-04 9.76442E-04 5.95887E-03 4.76690E-03 6.91937E-03 1.47136E-01 3.68908E-01 3.45914E-03 9.76442E-04 5.50476E-04 6.83733E-02
5.62286E-04 9.70708E-04 5.97896E-03 4.61672E-03 6.68001E-03 1.43244E-01 3.60639E-01 3.37737E-03 9.70708E-04 5.62286E-04 6.54913E-02
5.72140E-04 9.64260E-04 5.99438E-03 4.47553E-03 6.45588E-03 1.39560E-01 3.52768E-01 3.29932E-03 9.64260E-04 5.72140E-04 6.28358E-02
5.80302E-04 9.57236E-04 6.00565E-03 4.34255E-03 6.24558E-03 1.36068E-01 3.45266E-01 3.22476E-03 9.57236E-04 5.80302E-04 6.03813E-02
5.86994E-04 9.49752E-04 6.01326E-03 4.21708E-03 6.04787E-03 1.32752E-01 3.38105E-01 3.15346E-03 9.49752E-04 5.86994E-04 5.81063E-02
5.92409E-04 9.41906E-04 6.01761E-03 4.09849E-03 5.86166E-03 1.29598E-01 3.31260E-01 3.08522E-03 9.41906E-04 5.92409E-04 5.59919E-02
5.96709E-04 9.33777E-04 6.01907E-03 3.98623E-03 5.68599E-03 1.26596E-01 3.24712E-01 3.01983E-03 9.33777E-04 5.96709E-04 5.40219E-02
6.00035E-04 9.25434E-04 6.01795E-03 3.87981E-03 5.51999E-03 1.23733E-01 3.18439E-01 2.95713E-03 9.25434E-04 6.00035E-04 5.21821E-02
6.02509E-04 9.16931E-04 6.01453E-03 3.77878E-03 5.36289E-03 1.21000E-01 3.12423E-01 2.89697E-03 9.16931E-04 6.02509E-04 5.04602E-02
6.04236E-04 9.08318E-04 6.00906E-03 3.68274E-03 5.21401E-03 1.18388E-01 3.06648E-01 2.83917E-03 9.08318E-04 6.04236E-04 4.88454E-02
6.05308E-04 8.99632E-04 6.00175E-03 3.59133E-03 5.07271E-03 1.15889E-01 3.01100E-01 2.78362E-03 8.99632E-04 6.05308E-04 4.73279E-02
6.05805E-04 8.90909E-04 5.99281E-03 3.50421E-03 4.93845E-03 1.13495E-01 2.95764E-01 2.73019E-03 8.90909E-04 6.05805E-04 4.58993E-02
6.05795E-04 8.82175E-04 5.98240E-03 3.42111E-03 4.81071E-03 1.11201E-01 2.90627E-01 2.67874E-03 8.82175E-04 6.05795E-04 4.45522E-02
6.05341E-04 8.73454E-04 5.97068E-03 3.34173E-03 4.68903E-03 1.08998E-01 2.85679E-01 2.62919E-03 8.73454E-04 6.05341E-04 4.32797E-02
6.04495E-04 8.64766E-04 5.95779E-03 3.26585E-03 4.57301E-03 1.06883E-01 2.80909E-01 2.58142E-03 8.64766E-04 6.04495E-04 4.20760E-02
6.03305E-04 8.56128E-04 5.94384E-03 3.19323E-03 4.46225E-03 1.04850E-01 2.76306E-01 2.53533E-03 8.56128E-04 6.03305E-04 4.09355E-02
6.01812E-04 8.47552E-04 5.92896E-03 3.12366E-03 4.35642E-03 1.02893E-01 2.71861E-01 2.49085E-03 8.47552E-04 6.01812E-04 3.98536E-02
6.00053E-04 8.39051E-04 5.91324E-03 3.05697E-03 4.25519E-03 1.01009E-01 2.67567E-01 2.44789E-03 8.39051E-04 6.00053E-04 3.88258E-02
5.98060E-04 8.30634E-04 5.89677E-03 2.99297E-03 4.15828E-03 9.91936E-02 2.63414E-01 2.40638E-03 8.30634E-04 5.98060E-04 3.78483E-02
5.95863E-04 8.22308E-04 5.87964E-03 2.93150E-03 4.06541E-03 9.74429E-02 2.59397E-01 2.36623E-03 8.22308E-04 5.95863E-04 3.69174E-02
5.93486E-04 8.14079E-04 5.86191E-03 2.87243E-03 3.97636E-03 9.57534E-02 2.55508E-01 2.32739E-03 8.14079E-04 5.93486E-04 3.60299E-02
5.90953E-04 8.05954E-04 5.84366E-03 2.81561E-03 3.89088E-03 9.41219E-02 2.51740E-01 2.28979E-03 8.05954E-04 5.90953E-04 3.51830E-02
5.88283E-04 7.97935E-04 5.82493E-03 2.76091E-03 3.80877E-03 9.25455E-02 2.48089E-01 2.25338E-03 7.97935E-04 5.88283E-04 3.43738E-02
5.85495E-04 7.90026E-04 5.80580E-03 2.70822E-03 3.72984E-03 9.10213E-02 2.44548E-01 2.21809E-03 7.90026E-04 5.85495E-04 3.36000E-02
5.82604E-04 7.82229E-04 5.78629E-03 2.65744E-03 3.65391E-03 8.95467E-02 2.41112E-01 2.18389E-03 7.82229E-04 5.82604E-04 3.28592E-02
5.79625E-04 7.74545E-04 5.76647E-03 2.60846E-03 3.58082E-03 8.81192E-02 2.37777E-01 2.15071E-03 7.74545E-04 5.79625E-04 3.21496E-02
5.76571E-04 7.66976E-04 5.74637E-03 2.56118E-03 3.51041E-03 8.67367E-02 2.34538E-01 2.11851E-03 7.66976E-04 5.76571E-04 3.14691E-02
5.73452E-04 7.59523E-04 5.72603E-03 2.51553E-03 3.44254E-03 8.53969E-02 2.31390E-01 2.08725E-03 7.59523E-04 5.73452E-04 3.08159E-02
5.70280E-04 7.52185E-04 5.70548E-03 2.47141E-03 3.37707E-03 8.40979E-02 2.28330E-01 2.05689E-03 7.52185E-04 5.70280E-04 3.01886E-02
5.67063E-04 7.44962E-04 5.68476E-03 2.42876E-03 3.31389E-03 8.28378E-02 2.25354E-01 2.02740E-03 7.44962E-04 5.67063E-04 2.95857E-02
0.00000E+00 0.00000E+00 3.71456E-03 5.06976E-03 7.65278E-03 2.56748E-01 6.42889E-01 4.20578E-03 0.00000E+00 0.00000E+00 1.48039E-01
0.00000E+00 0.00000E+00 4.51583E-03 4.34792E-03 6.48842E-03 2.30075E-01 5.87957E-01 3.73201E-03 0.00000E+00 0.00000E+00 1.20012E-01
0.00000E+00 3.49029E-05 5.10156E-03 3.83538E-03 5.65923E-03 2.09417E-01 5.44255E-01 3.38640E-03 3.49029E-05 0.00000E+00 1.00729E-01
0.00000E+00 7.88361E-05 5.54306E-03 3.44243E-03 5.02516E-03 1.92584E-01 5.07843E-01 3.11336E-03 7.88361E-05 0.00000E+00 8.66609E-02
0.00000E+00 1.14765E-04 5.88117E-03 3.12712E-03 4.51916E-03 1.78452E-01 4.76688E-01 2.88764E-03 1.14765E-04 0.00000E+00 7.60123E-02
0.00000E+00 1.43759E-04 6.14148E-03 2.86768E-03 4.10547E-03 1.66388E-01 4.49644E-01 2.69669E-03 1.43759E-04 0.00000E+00 6.76998E-02
0.00000E+00 1.67031E-04 6.34224E-03 2.64992E-03 3.76065E-03 1.55950E-01 4.25888E-01 2.53228E-03 1.67031E-04 0.00000E+00 6.10429E-02
0.00000E+00 1.85665E-04 6.49675E-03 2.46422E-03 3.46865E-03 1.46814E-01 4.04814E-01 2.38875E-03 1.85665E-04 0.00000E+00 5.55959E-02
1.12845E-05 2.00316E-04 6.61406E-03 2.30447E-03 3.21930E-03 1.38785E-01 3.86061E-01 2.26257E-03 2.00316E-04 1.12845E-05 5.10108E-02
3.68833E-05 2.11704E-04 6.70201E-03 2.16519E-03 3.00354E-03 1.31658E-01 3.69228E-01 2.15034E-03 2.11704E-04 3.68833E-05 4.70581E-02
5.84190E-05 2.20780E-04 6.76741E-03 2.04152E-03 2.81322E-03 1.25221E-01 3.53863E-01 2.04889E-03 2.20780E-04 5.84190E-05 4.36638E-02
7.65903E-05 2.27948E-04 6.81427E-03 1.93093E-03 2.64415E-03 1.19376E-01 3.39774E-01 1.95667E-03 2.27948E-04 7.65903E-05 4.07174E-02
9.19598E-05 2.33539E-04 6.84579E-03 1.83142E-03 2.49299E-03 1.14044E-01 3.26803E-01 1.87241E-03 2.33539E-04 9.19598E-05 3.81353E-02
1.04983E-04 2.37822E-04 6.86458E-03 1.74139E-03 2.35706E-03 1.09159E-01 3.14816E-01 1.79508E-03 2.37822E-04 1.04983E-04 3.58534E-02
1.16031E-04 2.41016E-04 6.87275E-03 1.65953E-03 2.23421E-03 1.04665E-01 3.03701E-01 1.72383E-03 2.41016E-04 1.16031E-04 3.38215E-02
1.25408E-04 2.43302E-04 6.87203E-03 1.58477E-03 2.12266E-03 1.00518E-01 2.93363E-01 1.65795E-03 2.43302E-04 1.25408E-04 3.20002E-02
1.33366E-04 2.44831E-04 6.86387E-03 1.51621E-03 2.02094E-03 9.66779E-02 2.83720E-01 1.59684E-03 2.44831E-04 1.33366E-04 3.03579E-02
1.40112E-04 2.45725E-04 6.84946E-03 1.45312E-03 1.92782E-03 9.31116E-02 2.74702E-01 1.53997E-03 2.45725E-04 1.40112E-04 2.88691E-02
1.45822E-04 2.46087E-04 6.82979E-03 1.39484E-03 1.84227E-03 8.97907E-02 2.66249E-01 1.48691E-03 2.46087E-04 1.45822E-04 2.75129E-02
1.50639E-04 2.46003E-04 6.80570E-03 1.34086E-03 1.76343E-03 8.66904E-02 2.58307E-01 1.43729E-03 2.46003E-04 1.50639E-04 2.62722E-02
1.54689E-04 2.45545E-04 6.77789E-03 1.29072E-03 1.69055E-03 8.37893E-02 2.50830E-01 1.39077E-03 2.45545E-04 1.54689E-04 2.51326E-02
1.58074E-04 2.44773E-04 6.74695E-03 1.24401E-03 1.62298E-03 8.10686E-02 2.43777E-01 1.34707E-03 2.44773E-04 1.58074E-04 2.40822E-02
1.60884E-04 2.43738E-04 6.71340E-03 1.20040E-03 1.56018E-03 7.85120E-02 2.37113E-01 1.30593E-03 2.43738E-04 1.60884E-04 2.31108E-02
1.63194E-04 2.42484E-04 6.67766E-03 1.15959E-03 1.50167E-03 7.61050E-02 2.30804E-01 1.26713E-03 2.42484E-04 1.63194E-04 2.22098E-02
1.65068E-04 2.41047E-04 6.64011E-03 1.12131E-03 1.44704E-03 7.38347E-02 2.24823E-01 1.23048E-03 2.41047E-04 1.65068E-04 2.13717E-02
1.66563E-04 2.39459E-04 6.60106E-03 1.08534E-03 1.39592E-03 7.16898E-02 2.19144E-01 1.19580E-03 2.39459E-04 1.66563E-04 2.05903E-02
1.67727E-04 2.37745E-04 6.56077E-03 1.05149E-03 1.34798E-03 6.96602E-02 2.13744E-01 1.16293E-03 2.37745E-04 1.67727E-04 1.98599E-02
1.68602E-04 2.35928E-04 6.51949E-03 1.01956E-03 1.30296E-03 6.77368E-02 2.08603E-01 1.13174E-03 2.35928E-04 1.68602E-04 1.91758E-02
1.69223E-04 2.34028E-04 6.47741E-03 9.89397E-04 1.26059E-03 6.59115E-02 2.03702E-01 1.10210E-03 2.34028E-04 1.69223E-04 1.85338E-02
1.69622E-04 2.32062E-04 6.43470E-03 9.60864E-04 1.22065E-03 6.41769E-02 1.99024E-01 1.07390E-03 2.32062E-04 1.69622E-04 1.79301E-02
1.69827E-04 2.30044E-04 6.39153E-03 9.33832E-04 1.18295E-03 6.25266E-02 1.94555E-01 1.04703E-03 2.30044E-04 1.69827E-04 1.73615E-02
1.69862E-04 2.27985E-04 6.34801E-03 9.08187E-04 1.14731E-03 6.09544E-02 1.90279E-01 1.02140E-03 2.27985E-04 1.69862E-04 1.68251E-02
1.69747E-04 2.25897E-04 6.30426E-03 8.83826E-04 1.11356E-03 5.94550E-02 1.86186E-01 9.96935E-04 2.25897E-04 1.69747E-04 1.63182E-02
1.69502E-04 2.23789E-04 6.26037E-03 8.60656E-04 1.08157E-03 5.80235E-02 1.82262E-01 9.73552E-04 2.23789E-04 1.69502E-04 1.58386E-02
1.69142E-04 2.21667E-04 6.21644E-03 8.38594E-04 1.05121E-03 5.66553E-02 1.78498E-01 9.51181E-04 2.21667E-04 1.69142E-04 1.53841E-02
1.68682E-04 2.19540E-04 6.17253E-03 8.17562E-04 1.02235E-03 5.53464E-02 1.74884E-01 9.29759E-04 2.19540E-04 1.68682E-04 1.49529E-02
1.68134E-04 2.17413E-04 6.12871E-03 7.97492E-04 9.94900E-04 5.40931E-02 1.71411E-01 9.09227E-04 2.17413E-04 1.68134E-04 1.45434E-02
1.67511E-04 2.15290E-04 6.08503E-03 7.78321E-04 9.68752E-04 5.28918E-02 1.68071E-01 8.89532E-04 2.15290E-04 1.67511E-04 1.41539E-02
1.66821E-04 2.13176E-04 6.04154E-03 7.59990E-04 9.43822E-04 5.17394E-02 1.64855E-01 8.70625E-04 2.13176E-04 1.66821E-04 1.37831E-02
1.66074E-04 2.11074E-04 5.99828E-03 7.42447E-04 9.20029E-04 5.06331E-02 1.61758E-01 8.52459E-04 2.11074E-04 1.66074E-04 1.34298E-02
1.65276E-04 2.08988E-04 5.95528E-03 7.25643E-04 8.97299E-04 4.95700E-02 1.58773E-01 8.34993E-04 2.08988E-04 1.65276E-04 1.30927E-02
1.64437E-04 2.06920E-04 5.91258E-03 7.09534E-04 8.75566E-04 4.85479E-02 1.55893E-01 8.18187E-04 2.06920E-04 1.64437E-04 1.27709E-02
1.63560E-04 2.04872E-04 5.87021E-03 6.94078E-04 8.54767E-04 4.75642E-02 1.53114E-01 8.02005E-04 2.04872E-04 1.63560E-04 1.24633E-02
1.62652E-04 2.02847E-04 5.82817E-03 6.79238E-04 8.34847E-04 4.66171E-02 1.50429E-01 7.86415E-04 2.02847E-04 1.62652E-04 1.21691E-02
1.61718E-04 2.00844E-04 5.78650E-03 6.64978E-04 8.15751E-04 4.57044E-02 1.47834E-01 7.71385E-04 2.00844E-04 1.61718E-04 1.18875E-02
1.60762E-04 1.98867E-04 5.74520E-03 6.51265E-04 7.97433E-04 4.48243E-02 1.45325E-01 7.56885E-04 1.98867E-04 1.60762E-04 1.16176E-02
1.59787E-04 1.96916E-04 5.70429E-03 6.38071E-04 7.79847E-04 4.39751E-02 1.42897E-01 7.42889E-04 1.96916E-04 1.59787E-04 1.13589E-02
1.58798E-04 1.94991E-04 5.66378E-03 6.25366E-04 7.62952E-04 4.31554E-02 1.40547E-01 7.29372E-04 1.94991E-04 1.58798E-04 1.11107E-02
1.57798E-04 1.93093E-04 5.62369E-03 6.13126E-04 7.46709E-04 4.23634E-02 1.38271E-01 7.16309E-04 1.93093E-04 1.57798E-04 1.08723E-02
1.56788E-04 1.91223E-04 5.58401E-03 6.01325E-04 7.31084E-04 4.15980E-02 1.36064E-01 7.03680E-04 1.91223E-04 1.56788E-04 1.06433E-02
0.00000E+00 0.00000E+00 9.67424E-03 1.03632E-03 1.18664E-03 1.40139E-01 4.48581E-01 1.66036E-03 0.00000E+00 0.00000E+00 2.53851E-02
0.00000E+00 0.00000E+00 9.97766E-03 8.49871E-04 9.59983E-04 1.21699E-01 3.98309E-01 1.39859E-03 0.00000E+00 0.00000E+00 2.21678E-02
0.00000E+00 2.31672E-06 1.00991E-02 7.24468E-04 8.08031E-04 1.07882E-01 3.59653E-01 1.21481E-03 2.31672E-06 0.00000E+00 1.99443E-02
0.00000E+00 7.46492E-06 1.01149E-02 6.32810E-04 6.97575E-04 9.69384E-02 3.28363E-01 1.07580E-03 7.46492E-06 0.00000E+00 1.82330E-02
0.00000E+00 1.30747E-05 1.00649E-02 5.62246E-04 6.13121E-04 8.79775E-02 3.02259E-01 9.65775E-04 1.30747E-05 0.00000E+00 1.68315E-02
0.00000E+00 1.83756E-05 9.97228E-03 5.06193E-04 5.46541E-04 8.04986E-02 2.80107E-01 8.76342E-04 1.83756E-05 0.00000E+00 1.56418E-02
0.00000E+00 2.30996E-05 9.85222E-03 4.60549E-04 4.92753E-04 7.41582E-02 2.61045E-01 8.02104E-04 2.30996E-05 0.00000E+00 1.46078E-02
0.00000E+00 2.71871E-05 9.71465E-03 4.22626E-04 4.48423E-04 6.87126E-02 2.44448E-01 7.39422E-04 2.71871E-05 0.00000E+00 1.36946E-02
2.15922E-06 3.05527E-05 9.56697E-03 3.90673E-04 4.11388E-04 6.40089E-02 2.29934E-01 6.85947E-04 3.05527E-05 2.15922E-06 1.28704E-02
7.15868E-06 3.32730E-05 9.41362E-03 3.63307E-04 3.79939E-04 5.99009E-02 2.17112E-01 6.39691E-04 3.32730E-05 7.15868E-06 1.21151E-02
1.14642E-05 3.55867E-05 9.25641E-03 3.39457E-04 3.52734E-04 5.62455E-02 2.05581E-01 5.98964E-04 3.55867E-05 1.14642E-05 1.14304E-02
1.51583E-05 3.75269E-05 9.09754E-03 3.18473E-04 3.28976E-04 5.29727E-02 1.95155E-01 5.62821E-04 3.75269E-05 1.51583E-05 1.08063E-02
1.83183E-05 3.91317E-05 8.93863E-03 2.99856E-04 3.08052E-04 5.00265E-02 1.85682E-01 5.30525E-04 3.91317E-05 1.83183E-05 1.02349E-02
2.10137E-05 4.04397E-05 8.78082E-03 2.83219E-04 2.89486E-04 4.73612E-02 1.77036E-01 5.01489E-04 4.04397E-05 2.10137E-05 9.70996E-03
2.33061E-05 4.14875E-05 8.62496E-03 2.68255E-04 2.72902E-04 4.49391E-02 1.69114E-01 4.75240E-04 4.14875E-05 2.33061E-05 9.22613E-03
2.52494E-05 4.23087E-05 8.47165E-03 2.54717E-04 2.58000E-04 4.27292E-02 1.61829E-01 4.51395E-04 4.23087E-05 2.52494E-05 8.77898E-03
2.68904E-05 4.29334E-05 8.32130E-03 2.42408E-04 2.44537E-04 4.07052E-02 1.55107E-01 4.29638E-04 4.29334E-05 2.68904E-05 8.36472E-03
2.82695E-05 4.33884E-05 8.17420E-03 2.31162E-04 2.32316E-04 3.88452E-02 1.48885E-01 4.09706E-04 4.33884E-05 2.82695E-05 7.98011E-03
2.94219E-05 4.36972E-05 8.03054E-03 2.20846E-04 2.21172E-04 3.71305E-02 1.43110E-01 3.91380E-04 4.36972E-05 2.94219E-05 7.62232E-03
3.03778E-05 4.38804E-05 7.89041E-03 2.11348E-04 2.10970E-04 3.55452E-02 1.37735E-01 3.74475E-04 4.38804E-05 3.03778E-05 7.28888E-03
3.11635E-05 4.39560E-05 7.75388E-03 2.02571E-04 2.01596E-04 3.40754E-02 1.32722E-01 3.58833E-04 4.39560E-05 3.11635E-05 6.97762E-03
3.18016E-05 4.39397E-05 7.62095E-03 1.94437E-04 1.92955E-04 3.27093E-02 1.28034E-01 3.44319E-04 4.39397E-05 3.18016E-05 6.68662E-03
3.23118E-05 4.38452E-05 7.49159E-03 1.86876E-04 1.84964E-04 3.14367E-02 1.23641E-01 3.30817E-04 4.38452E-05 3.23118E-05 6.41417E-03
3.27112E-05 4.36844E-05 7.36578E-03 1.79830E-04 1.77554E-04 3.02485E-02 1.19517E-01 3.18226E-04 4.36844E-05 3.27112E-05 6.15875E-03
3.30145E-05 4.34675E-05 7.24343E-03 1.73248E-04 1.70664E-04 2.91369E-02 1.15638E-01 3.06460E-04 4.34675E-05 3.30145E-05 5.91900E-03
3.32348E-05 4.32037E-05 7.12447E-03 1.67087E-04 1.64244E-04 2.80948E-02 1.11983E-01 2.95441E-04 4.32037E-05 3.32348E-05 5.69370E-03
3.33832E-05 4.29008E-05 7.00882E-03 1.61307E-04 1.58247E-04 2.71162E-02 1.08534E-01 2.85102E-04 4.29008E-05 3.33832E-05 5.48173E-03
3.34695E-05 4.25655E-05 6.89639E-03 1.55875E-04 1.52634E-04 2.61956E-02 1.05273E-01 2.75385E-04 4.25655E-05 3.34695E-05 5.28210E-03
3.35023E-05 4.22037E-05 6.78709E-03 1.50760E-04 1.47371E-04 2.53281E-02 1.02186E-01 2.66236E-04 4.22037E-05 3.35023E-05 5.09391E-03
3.34892E-05 4.18207E-05 6.68081E-03 1.45938E-04 1.42427E-04 2.45095E-02 9.92596E-02 2.57609E-04 4.18207E-05 3.34892E-05 4.91634E-03
3.34366E-05 4.14209E-05 6.57746E-03 1.41384E-04 1.37775E-04 2.37359E-02 9.64818E-02 2.49462E-04 4.14209E-05 3.34366E-05 4.74862E-03
3.33503E-05 4.10081E-05 6.47695E-03 1.37078E-04 1.33392E-04 2.30037E-02 9.38417E-02 2.41757E-04 4.10081E-05 3.33503E-05 4.59008E-03
3.32353E-05 4.05858E-05 6.37919E-03 1.33000E-04 1.29255E-04 2.23099E-02 9.13295E-02 2.34462E-04 4.05858E-05 3.32353E-05 4.44010E-03
3.30961E-05 4.01569E-05 6.28407E-03 1.29134E-04 1.25345E-04 2.16517E-02 8.89363E-02 2.27546E-04 4.01569E-05 3.30961E-05 4.29809E-03
3.29364E-05 3.97238E-05 6.19150E-03 1.25465E-04 1.21646E-04 2.10263E-02 8.66540E-02 2.20982E-04 3.97238E-05 3.29364E-05 4.16354E-03
3.27598E-05 3.92889E-05 6.10141E-03 1.21979E-04 1.18142E-04 2.04316E-02 8.44751E-02 2.14745E-04 3.92889E-05 3.27598E-05 4.03595E-03
3.25691E-05 3.88538E-05 6.01369E-03 1.18663E-04 1.14819E-04 1.98655E-02 8.23930E-02 2.08813E-04 3.88538E-05 3.25691E-05 3.91487E-03
3.23671E-05 3.84204E-05 5.92828E-03 1.15507E-04 1.11665E-04 1.93259E-02 8.04015E-02 2.03165E-04 3.84204E-05 3.23671E-05 3.79990E-03
3.21559E-05 3.79900E-05 5.84508E-03 1.12499E-04 1.08667E-04 1.88111E-02 7.84948E-02 1.97782E-04 3.79900E-05 3.21559E-05 3.69066E-03
3.19375E-05 3.75637E-05 5.76402E-03 1.09632E-04 1.05815E-04 1.83196E-02 7.66679E-02 1.92648E-04 3.75637E-05 3.19375E-05 3.58678E-03
3.17138E-05 3.71425E-05 5.68503E-03 1.06895E-04 1.03101E-04 1.78498E-02 7.49159E-02 1.87746E-04 3.71425E-05 3.17138E-05 3.48795E-03
3.14863E-05 3.67273E-05 5.60804E-03 1.04281E-04 1.00514E-04 1.74004E-02 7.32344E-02 1.83063E-04 3.67273E-05 3.14863E-05 3.39386E-03
3.12562E-05 3.63189E-05 5.53296E-03 1.01783E-04 9.80477E-05 1.69701E-02 7.16193E-02 1.78586E-04 3.63189E-05 3.12562E-05 3.30422E-03
3.10249E-05 3.59178E-05 5.45975E-03 9.93938E-05 9.56940E-05 1.65579E-02 7.00669E-02 1.74301E-04 3.59178E-05 3.10249E-05 3.21878E-03
3.07931E-05 3.55244E-05 5.38832E-03 9.71074E-05 9.34462E-05 1.61625E-02 6.85736E-02 1.70199E-04 3.55244E-05 3.07931E-05 3.13728E-03
3.05619E-05 3.51392E-05 5.31864E-03 9.49179E-05 9.12981E-05 1.57832E-02 6.71363E-02 1.66267E-04 3.51392E-05 3.05619E-05 3.05951E-03
3.03321E-05 3.47624E-05 5.25062E-03 9.28200E-05 8.92440E-05 1.54188E-02 6.57519E-02 1.62498E-04 3.47624E-05 3.03321E-05 2.98524E-03
3.01041E-05 3.43944E-05 5.18422E-03 9.08088E-05 8.72785E-05 1.50687E-02 6.44176E-02 1.58882E-04 3.43944E-05 3.01041E-05 2.91429E-03
2.98787E-05 3.40352E-05 5.11938E-03 8.88796E-05 8.53966E-05 1.47320E-02 6.31309E-02 1.55410E-04 3.40352E-05 2.98787E-05 2.84645E-03
2.96562E-05 3.36850E-05 5.05606E-03 8.70282E-05 8.35937E-05 1.44081E-02 6.18892E-02 1.52074E-04 3.36850E-05 2.96562E-05 2.78157E-03
0.00000E+00 0.00000E+00 1.72932E-02 7.69752E-05 4.72925E-05 4.38187E-02 2.13542E-01 2.58806E-04 0.00000E+00 0.00000E+00 -1.08408E-03
0.00000E+00 0.00000E+00 1.60653E-02 5.97610E-05 3.35721E-05 3.64694E-02 1.82175E-01 2.05809E-04 0.00000E+00 0.00000E+00 6.61120E-04
0.00000E+00 4.35487E-08 1.50038E-02 4.90305E-05 2.52640E-05 3.11925E-02 1.59045E-01 1.69966E-04 4.35487E-08 0.00000E+00 1.54151E-03
0.00000E+00 6.10230E-07 1.40689E-02 4.17967E-05 1.98829E-05 2.71621E-02 1.40980E-01 1.43977E-04 6.10230E-07 0.00000E+00 1.99153E-03
0.00000E+00 1.41608E-06 1.32366E-02 3.66339E-05 1.62305E-05 2.39665E-02 1.26375E-01 1.24273E-04 1.41608E-06 0.00000E+00 2.20649E-03
0.00000E+00 2.26493E-06 1.24923E-02 3.27950E-05 1.36763E-05 2.13755E-02 1.14326E-01 1.08909E-04 2.26493E-06 0.00000E+00 2.28956E-03
0.00000E+00 3.06633E-06 1.18237E-02 2.98356E-05 1.18445E-05 1.92363E-02 1.04221E-01 9.66518E-05 3.06633E-06 0.00000E+00 2.29680E-03
0.00000E+00 3.78003E-06 1.12200E-02 2.74784E-05 1.05003E-05 1.74429E-02 9.56281E-02 8.66799E-05 3.78003E-06 0.00000E+00 2.25990E-03
3.49889E-07 4.41622E-06 1.06755E-02 2.55835E-05 9.52827E-06 1.59285E-02 8.82759E-02 7.85061E-05 4.41622E-06 3.49889E-07 2.19665E-03
1.16431E-06 4.98698E-06 1.01814E-02 2.40380E-05 8.83596E-06 1.46332E-02 8.19113E-02 7.17183E-05 4.98698E-06 1.16431E-06 2.11777E-03
1.85963E-06 5.44961E-06 9.72661E-03 2.26916E-05 8.29012E-06 1.35027E-02 7.62942E-02 6.59031E-05 5.44961E-06 1.85963E-06 2.03108E-03
2.43968E-06 5.80672E-06 9.30680E-03 2.14893E-05 7.84323E-06 1.25088E-02 7.13047E-02 6.08646E-05 5.80672E-06 2.43968E-06 1.94083E-03
2.91256E-06 6.06559E-06 8.91821E-03 2.03938E-05 7.46352E-06 1.16295E-02 6.68465E-02 5.64553E-05 6.06559E-06 2.91256E-06 1.84980E-03
3.28826E-06 6.23569E-06 8.55761E-03 1.93799E-05 7.12965E-06 1.08469E-02 6.28422E-02 5.25622E-05 6.23569E-06 3.28826E-06 1.75975E-03
3.57742E-06 6.32724E-06 8.22217E-03 1.84300E-05 6.82735E-06 1.01468E-02 5.92282E-02 4.90977E-05 6.32724E-06 3.57742E-06 1.67186E-03
3.79054E-06 6.35042E-06 7.90943E-03 1.75321E-05 6.54713E-06 9.51750E-03 5.59525E-02 4.59931E-05 6.35042E-06 3.79054E-06 1.58684E-03
3.93756E-06 6.31494E-06 7.61722E-03 1.66779E-05 6.28276E-06 8.94929E-03 5.29714E-02 4.31939E-05 6.31494E-06 3.93756E-06 1.50515E-03
4.02771E-06 6.22980E-06 7.34364E-03 1.58617E-05 6.03027E-06 8.43420E-03 5.02486E-02 4.06560E-05 6.22980E-06 4.02771E-06 1.42705E-03
4.06939E-06 6.10320E-06 7.08701E-03 1.50795E-05 5.78725E-06 7.96553E-03 4.77533E-02 3.83442E-05 6.10320E-06 4.06939E-06 1.35267E-03
4.07015E-06 5.94249E-06 6.84586E-03 1.43287E-05 5.55228E-06 7.53763E-03 4.54593E-02 3.62293E-05 5.94249E-06 4.07015E-06 1.28205E-03
4.03675E-06 5.75424E-06 6.61885E-03 1.36073E-05 5.32468E-06 7.14573E-03 4.33443E-02 3.42873E-05 5.75424E-06 4.03675E-06 1.21515E-03
3.97516E-06 5.54424E-06 6.40482E-03 1.29140E-05 5.10422E-06 6.78572E-03 4.13890E-02 3.24984E-05 5.54424E-06 3.97516E-06 1.15193E-03
3.89067E-06 5.31758E-06 6.20271E-03 1.22479E-05 4.89095E-06 6.45410E-03 3.95769E-02 3.08457E-05 5.31758E-06 3.89067E-06 1.09226E-03
3.78792E-06 5.07871E-06 6.01159E-03 1.16084E-05 4.68510E-06 6.14785E-03 3.78935E-02 2.93151E-05 5.07871E-06 3.78792E-06 1.03605E-03
3.67096E-06 4.83148E-06 5.83060E-03 1.09948E-05 4.48701E-06 5.86434E-03 3.63262E-02 2.78945E-05 4.83148E-06 3.67096E-06 9.83160E-04
3.54332E-06 4.57926E-06 5.65899E-03 1.04067E-05 4.29704E-06 5.60128E-03 3.48640E-02 2.65736E-05 4.57926E-06 3.54332E-06 9.33452E-04
3.40807E-06 4.32491E-06 5.49607E-03 9.84374E-06 4.11556E-06 5.35669E-03 3.34972E-02 2.53435E-05 4.32491E-06 3.40807E-06 8.86788E-04
3.26785E-06 4.07089E-06 5.34121E-03 9.30554E-06 3.94290E-06 5.12881E-03 3.22172E-02 2.41962E-05 4.07089E-06 3.26785E-06 8.43025E-04
3.12496E-06 3.81932E-06 5.19385E-03 8.79172E-06 3.77938E-06 4.91609E-03 3.10163E-02 2.31251E-05 3.81932E-06 3.12496E-06 8.02024E-04
2.98135E-06 3.57197E-06 5.05347E-03 8.30186E-06 3.62524E-06 4.71717E-03 2.98880E-02 2.21240E-05 3.57197E-06 2.98135E-06 7.63645E-04
2.83869E-06 3.33033E-06 4.91960E-03 7.83557E-06 3.48069E-06 4.53084E-03 2.88260E-02 2.11877E-05 3.33033E-06 2.83869E-06 7.27754E-04
2.69839E-06 3.09564E-06 4.79182E-03 7.39238E-06 3.34589E-06 4.35602E-03 2.78251E-02 2.03114E-05 3.09564E-06 2.69839E-06 6.94218E-04
2.56165E-06 2.86893E-06 4.66974E-03 6.97185E-06 3.22092E-06 4.19175E-03 2.68804E-02 1.94908E-05 2.86893E-06 2.56165E-06 6.62910E-04
2.42947E-06 2.65104E-06 4.55299E-03 6.57349E-06 3.10584E-06 4.03716E-03 2.59876E-02 1.87222E-05 2.65104E-06 2.42947E-06 6.33708E-04
2.30266E-06 2.44262E-06 4.44124E-03 6.19677E-06 3.00065E-06 3.89149E-03 2.51426E-02 1.80020E-05 2.44262E-06 2.30266E-06 6.06494E-04
2.18190E-06 2.24420E-06 4.33419E-03 5.84117E-06 2.90530E-06 3.75404E-03 2.43421E-02 1.73272E-05 2.24420E-06 2.18190E-06 5.81155E-04
2.06774E-06 2.05617E-06 4.23157E-03 5.50615E-06 2.81972E-06 3.62418E-03 2.35827E-02 1.66947E-05 2.05617E-06 2.06774E-06 5.57584E-04
1.96060E-06 1.87880E-06 4.13310E-03 5.19114E-06 2.74379E-06 3.50134E-03 2.28616E-02 1.61021E-05 1.87880E-06 1.96060E-06 5.35678E-04
1.86080E-06 1.71229E-06 4.03856E-03 4.89557E-06 2.67736E-06 3.38501E-03 2.21760E-02 1.55469E-05 1.71229E-06 1.86080E-06 5.15338E-04
1.76858E-06 1.55674E-06 3.94772E-03 4.61887E-06 2.62026E-06 3.27473E-03 2.15237E-02 1.50268E-05 1.55674E-06 1.76858E-06 4.96471E-04
1.68410E-06 1.41217E-06 3.86037E-03 4.36043E-06 2.57229E-06 3.17006E-03 2.09023E-02 1.45398E-05 1.41217E-06 1.68410E-06 4.78988E-04
1.60746E-06 1.27855E-06 3.77633E-03 4.11968E-06 2.53324E-06 3.07063E-03 2.03098E-02 1.40840E-05 1.27855E-06 1.60746E-06 4.62806E-04
1.53869E-06 1.15581E-06 3.69542E-03 3.89604E-06 2.50287E-06 2.97607E-03 1.97444E-02 1.36577E-05 1.15581E-06 1.53869E-06 4.47843E-04
1.47778E-06 1.04381E-06 3.61747E-03 3.68890E-06 2.48093E-06 2.88607E-03 1.92044E-02 1.32591E-05 1.04381E-06 1.47778E-06 4.34025E-04
1.42469E-06 9.42382E-07 3.54234E-03 3.49768E-06 2.46716E-06 2.80032E-03 1.86882E-02 1.28867E-05 9.42382E-07 1.42469E-06 4.21278E-04
1.37931E-06 8.51339E-07 3.46987E-03 3.32182E-06 2.46131E-06 2.71856E-03 1.81944E-02 1.25391E-05 8.51339E-07 1.37931E-06 4.09536E-04
1.34154E-06 7.70451E-07 3.39993E-03 3.16073E-06 2.46308E-06 2.64054E-03 1.77215E-02 1.22150E-05 7.70451E-07 1.34154E-06 3.98733E-04
1.31121E-06 6.99473E-07 3.33240E-03 3.01385E-06 2.47220E-06 2.56602E-03 1.72685E-02 1.19129E-05 6.99473E-07 1.31121E-06 3.88808E-04
1.28818E-06 6.38140E-07 3.26716E-03 2.88063E-06 2.48838E-06 2.49478E-03 1.68341E-02 1.16319E-05 6.38140E-07 1.28818E-06 3.79704E-04
1.27224E-06 5.86175E-07 3.20410E-03 2.76052E-06 2.51135E-06 2.42665E-03 1.64173E-02 1.13706E-05 5.86175E-07 1.27224E-06 3.71365E-04
0.00000E+00 0.00000E+00 1.41199E-02 5.31011E-07 -7.36776E-06 3.20937E-03 3.82132E-02 -5.33180E-06 0.00000E+00 0.00000E+00 -5.49670E-04
0.00000E+00 0.00000E+00 1.18146E-02 3.54163E-07 -1.42053E-05 2.48764E-03 3.05478E-02 -1.20259E-05 0.00000E+00 0.00000E+00 -4.49104E-04
0.00000E+00 8.31156E-07 1.01327E-02 1.37598E-06 -1.73419E-05 2.00387E-03 2.52489E-02 -1.49089E-05 8.31156E-07 0.00000E+00 -3.66094E-04
0.00000E+00 2.30109E-06 8.83378E-03 2.76307E-06 -1.85243E-05 1.65561E-03 2.13320E-02 -1.58282E-05 2.30109E-06 0.00000E+00 -2.76651E-04
0.00000E+00 3.75537E-06 7.79548E-03 4.14196E-06 -1.86350E-05 1.39359E-03 1.83152E-02 -1.57012E-05 3.75537E-06 0.00000E+00 -1.84450E-04
0.00000E+00 5.02835E-06 6.94855E-03 5.34651E-06 -1.81525E-05 1.19100E-03 1.59329E-02 -1.50195E-05 5.02835E-06 0.00000E+00 -9.58248E-05
0.00000E+00 6.05796E-06 6.24610E-03 6.31424E-06 -1.73581E-05 1.03081E-03 1.40129E-02 -1.40667E-05 6.05796E-06 0.00000E+00 -1.59187E-05
0.00000E+00 6.83160E-06 5.65524E-03 7.03215E-06 -1.64201E-05 9.01751E-04 1.24388E-02 -1.30090E-05 6.83160E-06 0.00000E+00 5.23439E-05
3.70974E-07 7.45353E-06 5.15507E-03 7.60487E-06 -1.53442E-05 7.96793E-04 1.11369E-02 -1.18503E-05 7.45353E-06 3.70974E-07 1.07189E-04
1.15817E-06 7.94781E-06 4.72660E-03 8.05613E-06 -1.41897E-05 7.10137E-04 1.00448E-02 -1.06456E-05 7.94781E-06 1.15817E-06 1.48603E-04
1.72925E-06 8.18381E-06 4.35209E-03 8.25361E-06 -1.31493E-05 6.36794E-04 9.10860E-03 -9.58095E-06 8.18381E-06 1.72925E-06 1.78686E-04
2.10955E-06 8.20051E-06 4.02254E-03 8.23598E-06 -1.22268E-05 5.74150E-04 8.29942E-03 -8.65628E-06 8.20051E-06 2.10955E-06 1.98694E-04
2.32529E-06 8.03455E-06 3.73077E-03 8.03958E-06 -1.14181E-05 5.20205E-04 7.59493E-03 -7.86436E-06 8.03455E-06 2.32529E-06 2.10012E-04
2.40172E-06 7.71919E-06 3.47103E-03 7.69735E-06 -1.07150E-05 4.73408E-04 6.97754E-03 -7.19416E-06 7.71919E-06 2.40172E-06 2.14023E-04
2.36220E-06 7.28388E-06 3.23863E-03 7.23847E-06 -1.01075E-05 4.32542E-04 6.43326E-03 -6.63296E-06 7.28388E-06 2.36220E-06 2.12040E-04
2.22778E-06 6.75436E-06 3.02976E-03 6.68840E-06 -9.58467E-06 3.96640E-04 5.95082E-03 -6.16768E-06 6.75436E-06 2.22778E-06 2.05255E-04
2.01711E-06 6.15281E-06 2.84123E-03 6.06908E-06 -9.13566E-06 3.64926E-04 5.52107E-03 -5.78558E-06 6.15281E-06 2.01711E-06 1.94731E-04
1.74648E-06 5.49820E-06 2.67042E-03 5.39923E-06 -8.75023E-06 3.36772E-04 5.13652E-03 -5.47473E-06 5.49820E-06 1.74648E-06 1.81390E-04
1.42999E-06 4.80662E-06 2.51510E-03 4.69472E-06 -8.41886E-06 3.11663E-04 4.79096E-03 -5.22418E-06 4.80662E-06 1.42999E-06 1.66024E-04
1.07972E-06 4.09163E-06 2.37341E-03 3.96891E-06 -8.13295E-06 2.89176E-04 4.47925E-03 -5.02409E-06 4.09163E-06 1.07972E-06 1.49300E-04
7.05973E-07 3.36456E-06 2.24375E-03 3.23295E-06 -7.88477E-06 2.68959E-04 4.19705E-03 -4.86570E-06 3.36456E-06 7.05973E-07 1.31774E-04
3.17444E-07 2.63482E-06 2.12476E-03 2.49607E-06 -7.66752E-06 2.50720E-04 3.94072E-03 -4.74127E-06 2.63482E-06 3.17444E-07 1.13904E-04
-7.85595E-08 1.91017E-06 2.01528E-03 1.76588E-06 -7.47523E-06 2.34209E-04 3.70716E-03 -4.64408E-06 1.91017E-06 -7.85595E-08 9.60622E-05
-4.75951E-07 1.19695E-06 1.91429E-03 1.04858E-06 -7.30273E-06 2.19219E-04 3.49373E-03 -4.56827E-06 1.19695E-06 -4.75951E-07 7.85466E-05
-8.69698E-07 5.00298E-07 1.82093E-03 3.49145E-07 -7.14554E-06 2.05570E-04 3.29817E-03 -4.50881E-06 5.00298E-07 -8.69698E-07 6.15921E-05
-1.25568E-06 -1.75708E-07 1.73441E-03 -3.28438E-07 -6.99983E-06 1.93111E-04 3.11852E-03 -4.46138E-06 -1.75708E-07 -1.25568E-06 4.53800E-05
-1.63055E-06 -8.27847E-07 1.65409E-03 -9.81071E-07 -6.86234E-06 1.81709E-04 2.95310E-03 -4.42230E-06 -8.27847E-07 -1.63055E-06 3.00464E-05
-1.99164E-06 -1.45365E-06 1.57936E-03 -1.60638E-06 -6.73032E-06 1.71252E-04 2.80042E-03 -4.38848E-06 -1.45365E-06 -1.99164E-06 1.56900E-05
-2.33685E-06 -2.05127E-06 1.50971E-03 -2.20262E-06 -6.60145E-06 1.61641E-04 2.65921E-03 -4.35730E-06 -2.05127E-06 -2.33685E-06 2.37821E-06
-2.66457E-06 -2.61939E-06 1.44468E-03 -2.76856E-06 -6.47381E-06 1.52790E-04 2.52835E-03 -4.32659E-06 -2.61939E-06 -2.66457E-06 -9.84738E-06
-2.97360E-06 -3.15714E-06 1.38387E-03 -3.30340E-06 -6.34581E-06 1.44623E-04 2.40685E-03 -4.29454E-06 -3.15714E-06 -2.97360E-06 -2.09662E-05
-3.26309E-06 -3.66400E-06 1.32691E-03 -3.80670E-06 -6.21614E-06 1.37075E-04 2.29382E-03 -4.25967E-06 -3.66400E-06 -3.26309E-06 -3.09746E-05
-3.53246E-06 -4.13980E-06 1.27348E-03 -4.27834E-06 -6.08378E-06 1.30088E-04 2.18850E-03 -4.22081E-06 -4.13980E-06 -3.53246E-06 -3.98828E-05
-3.78142E-06 -4.58457E-06 1.22330E-03 -4.71843E-06 -5.94788E-06 1.23609E-04 2.09021E-03 -4.17700E-06 -4.58457E-06 -3.78142E-06 -4.77119E-05
-4.00986E-06 -4.99859E-06 1.17609E-03 -5.12730E-06 -5.80783E-06 1.17594E-04 1.99833E-03 -4.12750E-06 -4.99859E-06 -4.00986E-06 -5.44913E-05
-4.21783E-06 -5.38229E-06 1.13162E-03 -5.50542E-06 -5.66313E-06 1.12001E-04 1.91232E-03 -4.07176E-06 -5.38229E-06 -4.21783E-06 -6.02572E-05
-4.40555E-06 -5.73625E-06 1.08969E-03 -5.85342E-06 -5.51344E-06 1.06795E-04 1.83169E-03 -4.00937E-06 -5.73625E-06 -4.40555E-06 -6.50503E-05
-4.57332E-06 -6.06115E-06 1.05011E-03 -6.17202E-06 -5.35855E-06 1.01942E-04 1.75599E-03 -3.94005E-06 -6.06115E-06 -4.57332E-06 -6.89153E-05
-4.72157E-06 -6.35775E-06 1.01269E-03 -6.46203E-06 -5.19831E-06 9.74136E-05 1.68484E-03 -3.86364E-06 -6.35775E-06 -4.72157E-06 -7.18988E-05
-4.85077E-06 -6.62689E-06 9.77285E-04 -6.72432E-06 -5.03269E-06 9.31834E-05 1.61789E-03 -3.78007E-06 -6.62689E-06 -4.85077E-06 -7.40491E-05
-4.96148E-06 -6.86947E-06 9.43751E-04 -6.95981E-06 -4.86172E-06 8.92277E-05 1.55480E-03 -3.68935E-06 -6.86947E-06 -4.96148E-06 -7.54152E-05
-5.05427E-06 -7.08639E-06 9.11956E-04 -7.16944E-06 -4.68547E-06 8.55250E-05 1.49529E-03 -3.59155E-06 -7.08639E-06 -5.05427E-06 -7.60462E-05
-5.12978E-06 -7.27860E-06 8.81782E-04 -7.35420E-06 -4.50406E-06 8.20561E-05 1.43909E-03 -3.48678E-06 -7.27860E-06 -5.12978E-06 -7.59907E-05
-5.18866E-06 -7.44706E-06 8.53119E-04 -7.51506E-06 -4.31768E-06 7.88033E-05 1.38597E-03 -3.37524E-06 -7.44706E-06 -5.18866E-06 -7.52967E-05
-5.23156E-06 -7.59274E-06 8.25868E-04 -7.65301E-06 -4.12651E-06 7.57505E-05 1.33570E-03 -3.25711E-06 -7.59274E-06 -5.23156E-06 -7.40109E-05
-5.25916E-06 -7.71659E-06 7.99936E-04 -7.76902E-06 -3.93078E-06 7.28832E-05 1.28809E-03 -3.13263E-06 -7.71659E-06 -5.25916E-06 -7.21788E-05
-5.27215E-06 -7.81957E-06 7.75240E-04 -7.86408E-06 -3.73073E-06 7.01881E-05 1.24295E-03 -3.00207E-06 -7.81957E-06 -5.27215E-06 -6.98445E-05
-5.27118E-06 -7.90262E-06 7.51702E-04 -7.93915E-06 -3.52662E-06 6.76530E-05 1.20011E-03 -2.86570E-06 -7.90262E-06 -5.27118E-06 -6.70502E-05
-5.25694E-06 -7.96666E-06 7.29250E-04 -7.99516E-06 -3.31871E-06 6.52667E-05 1.15943E-03 -2.72380E-06 -7.96666E-06 -5.25694E-06 -6.38367E-05
-5.23009E-06 -8.01262E-06 7.07819E-04 -8.03304E-06 -3.10727E-06 6.30190E-05 1.12076E-03 -2.57668E-06 -8.01262E-06 -5.23009E-06 -6.02428E-05
0.00000E+00 0.00000E+00 -1.19008E-04 -8.67406E-06 -1.02360E-04 -1.02305E-04 -2.71033E-07 -1.08296E-04 0.00000E+00 0.00000E+00 -1.77930E-03
0.00000E+00 0.00000E+00 -1.07460E-04 -9.43734E-07 -1.04846E-04 -1.04967E-04 4.60037E-06 -1.04949E-04 0.00000E+00 0.00000E+00 -2.03610E-03
0.00000E+00 5.59640E-06 -9.44489E-05 7.16198E-06 -9.96655E-05 -9.99163E-05 1.09476E-05 -9.57545E-05 5.59640E-06 0.00000E+00 -1.85396E-03
0.00000E+00 1.25806E-05 -8.18939E-05 1.39461E-05 -9.17555E-05 -9.20986E-05 1.65849E-05 -8.50206E-05 1.25806E-05 0.00000E+00 -1.49688E-03
0.00000E+00 1.78427E-05 -7.05202E-05 1.90047E-05 -8.31901E-05 -8.35959E-05 2.08680E-05 -7.44659E-05 1.78427E-05 0.00000E+00 -1.09707E-03
0.00000E+00 2.14432E-05 -6.05402E-05 2.24086E-05 -7.48753E-05 -7.53200E-05 2.37359E-05 -6.47755E-05 2.14432E-05 0.00000E+00 -7.18967E-04
0.00000E+00 2.36067E-05 -5.19350E-05 2.43876E-05 -6.71978E-05 -6.76624E-05 2.53377E-05 -5.61781E-05 2.36067E-05 0.00000E+00 -3.91085E-04
0.00000E+00 2.45895E-05 -4.45922E-05 2.52003E-05 -6.02940E-05 -6.07638E-05 2.58805E-05 -4.86954E-05 2.45895E-05 0.00000E+00 -1.22539E-04
8.49137E-07 2.47541E-05 -3.82730E-05 2.52117E-05 -5.40792E-05 -5.45424E-05 2.56968E-05 -4.21638E-05 2.47541E-05 8.49137E-07 8.53279E-05
2.42989E-06 2.42822E-05 -3.28479E-05 2.46033E-05 -4.85299E-05 -4.89774E-05 2.49449E-05 -3.64956E-05 2.42822E-05 2.42989E-06 2.38030E-04
3.29489E-06 2.31393E-05 -2.83376E-05 2.33374E-05 -4.37414E-05 -4.41669E-05 2.35713E-05 -3.17327E-05 2.31393E-05 3.29489E-06 3.46428E-04
3.59525E-06 2.14957E-05 -2.45961E-05 2.15834E-05 -3.96135E-05 -4.00124E-05 2.17359E-05 -2.77416E-05 2.14957E-05 3.59525E-06 4.17677E-04
3.45781E-06 1.94900E-05 -2.14967E-05 1.94796E-05 -3.60525E-05 -3.64214E-05 1.95700E-05 -2.44026E-05 1.94900E-05 3.45781E-06 4.58588E-04
2.98752E-06 1.72346E-05 -1.89311E-05 1.71371E-05 -3.29743E-05 -3.33107E-05 1.71798E-05 -2.16112E-05 1.72346E-05 2.98752E-06 4.75292E-04
2.27035E-06 1.48190E-05 -1.68074E-05 1.46447E-05 -3.03047E-05 -3.06071E-05 1.46505E-05 -1.92769E-05 1.48190E-05 2.27035E-06 4.73118E-04
1.37611E-06 1.23142E-05 -1.50484E-05 1.20728E-05 -2.79796E-05 -2.82470E-05 1.20495E-05 -1.73229E-05 1.23142E-05 1.37611E-06 4.56586E-04
3.61112E-07 9.77619E-06 -1.35893E-05 9.47627E-06 -2.59440E-05 -2.61760E-05 9.43008E-06 -1.56841E-05 9.77619E-06 3.61112E-07 4.29462E-04
-7.29583E-07 7.24832E-06 -1.23759E-05 6.89785E-06 -2.41510E-05 -2.43477E-05 6.83329E-06 -1.43055E-05 7.24832E-06 -7.29583E-07 3.94834E-04
-1.86015E-06 4.76399E-06 -1.13632E-05 4.37019E-06 -2.25611E-05 -2.27228E-05 4.29076E-06 -1.31412E-05 4.76399E-06 -1.86015E-06 3.55204E-04
-3.00239E-06 2.34847E-06 -1.05137E-05 1.91791E-06 -2.11408E-05 -2.12682E-05 1.82624E-06 -1.21526E-05 2.34847E-06 -3.00239E-06 3.12574E-04
-4.13428E-06 2.04771E-08 -9.79624E-06 -4.40868E-07 -1.98620E-05 -1.99559E-05 -5.42767E-07 -1.13075E-05 2.04771E-08 -4.13428E-06 2.68526E-04
-5.23890E-06 -2.20649E-06 -9.18507E-06 -2.69323E-06 -1.87012E-05 -1.87626E-05 -2.80381E-06 -1.05793E-05 -2.20649E-06 -5.23890E-06 2.24291E-04
-6.30342E-06 -4.32315E-06 -8.65890E-06 -4.83039E-06 -1.76387E-05 -1.76687E-05 -4.94846E-06 -9.94554E-06 -4.32315E-06 -6.30342E-06 1.80814E-04
-7.31838E-06 -6.32353E-06 -8.20016E-06 -6.84685E-06 -1.66579E-05 -1.66578E-05 -6.97150E-06 -9.38794E-06 -6.32353E-06 -7.31838E-06 1.38805E-04
-8.27696E-06 -8.20431E-06 -7.79440E-06 -8.73973E-06 -1.57453E-05 -1.57163E-05 -8.87024E-06 -8.89121E-06 -8.20431E-06 -8.27696E-06 9.87830E-05
-9.17455E-06 -9.96424E-06 -7.42977E-06 -1.05082E-05 -1.48894E-05 -1.48327E-05 -1.06440E-05 -8.44278E-06 -9.96424E-06 -9.17455E-06 6.11141E-05
-1.00082E-05 -1.16037E-05 -7.09656E-06 -1.21528E-05 -1.40808E-05 -1.39978E-05 -1.22936E-05 -8.03228E-06 -1.16037E-05 -1.00082E-05 2.60420E-05
-1.07765E-05 -1.31243E-05 -6.78689E-06 -1.36758E-05 -1.33116E-05 -1.32036E-05 -1.38210E-05 -7.65122E-06 -1.31243E-05 -1.07765E-05 -6.28722E-06
-1.14790E-05 -1.45286E-05 -6.49435E-06 -1.50798E-05 -1.25754E-05 -1.24436E-05 -1.52293E-05 -7.29268E-06 -1.45286E-05 -1.14790E-05 -3.58036E-05
-1.21160E-05 -1.58199E-05 -6.21379E-06 -1.63684E-05 -1.18667E-05 -1.17126E-05 -1.65219E-05 -6.95100E-06 -1.58199E-05 -1.21160E-05 -6.24968E-05
-1.26887E-05 -1.70020E-05 -5.94108E-06 -1.75457E-05 -1.11813E-05 -1.10061E-05 -1.77031E-05 -6.62163E-06 -1.70020E-05 -1.26887E-05 -8.64021E-05
-1.31986E-05 -1.80791E-05 -5.67295E-06 -1.86160E-05 -1.05156E-05 -1.03205E-05 -1.87771E-05 -6.30091E-06 -1.80791E-05 -1.31986E-05 -1.07589E-04
-1.36478E-05 -1.90555E-05 -5.40684E-06 -1.95841E-05 -9.86666E-06 -9.65293E-06 -1.97486E-05 -5.98593E-06 -1.90555E-05 -1.36478E-05 -1.26154E-04
-1.40385E-05 -1.99358E-05 -5.14076E-06 -2.04544E-05 -9.23208E-06 -9.00092E-06 -2.06224E-05 -5.67438E-06 -1.99358E-05 -1.40385E-05 -1.42209E-04
-1.43731E-05 -2.07246E-05 -4.87321E-06 -2.12320E-05 -8.60999E-06 -8.36255E-06 -2.14032E-05 -5.36447E-06 -2.07246E-05 -1.43731E-05 -1.55880E-04
-1.46541E-05 -2.14265E-05 -4.60309E-06 -2.19214E-05 -7.99887E-06 -7.73627E-06 -2.20957E-05 -5.05486E-06 -2.14265E-05 -1.46541E-05 -1.67302E-04
-1.48843E-05 -2.20460E-05 -4.32962E-06 -2.25275E-05 -7.39751E-06 -7.12083E-06 -2.27048E-05 -4.74453E-06 -2.20460E-05 -1.48843E-05 -1.76613E-04
-1.50662E-05 -2.25877E-05 -4.05227E-06 -2.30547E-05 -6.80496E-06 -6.51524E-06 -2.32349E-05 -4.43274E-06 -2.25877E-05 -1.50662E-05 -1.83951E-04
-1.52025E-05 -2.30559E-05 -3.77076E-06 -2.35076E-05 -6.22049E-06 -5.91874E-06 -2.36906E-05 -4.11901E-06 -2.30559E-05 -1.52025E-05 -1.89456E-04
-1.52959E-05 -2.34548E-05 -3.48493E-06 -2.38905E-05 -5.64356E-06 -5.33074E-06 -2.40762E-05 -3.80302E-06 -2.34548E-05 -1.52959E-05 -1.93263E-04
-1.53489E-05 -2.37886E-05 -3.19480E-06 -2.42077E-05 -5.07376E-06 -4.75078E-06 -2.43958E-05 -3.48464E-06 -2.37886E-05 -1.53489E-05 -1.95505E-04
-1.53641E-05 -2.40611E-05 -2.90048E-06 -2.44630E-05 -4.51078E-06 -4.17854E-06 -2.46535E-05 -3.16384E-06 -2.40611E-05 -1.53641E-05 -1.96311E-04
-1.53439E-05 -2.42761E-05 -2.60218E-06 -2.46604E-05 -3.95443E-06 -3.61378E-06 -2.48532E-05 -2.84067E-06 -2.42761E-05 -1.53439E-05 -1.95803E-04
-1.52905E-05 -2.44373E-05 -2.30015E-06 -2.48036E-05 -3.40459E-06 -3.05634E-06 -2.49985E-05 -2.51530E-06 -2.44373E-05 -1.52905E-05 -1.94097E-04
-1.52064E-05 -2.45480E-05 -1.99472E-06 -2.48960E-05 -2.86120E-06 -2.50612E-06 -2.50929E-05 -2.18793E-06 -2.45480E-05 -1.52064E-05 -1.91305E-04
-1.50936E-05 -2.46116E-05 -1.68622E-06 -2.49410E-05 -2.32424E-06 -1.96307E-06 -2.51398E-05 -1.85880E-06 -2.46116E-05 -1.50936E-05 -1.87533E-04
-1.49542E-05 -2.46312E-05 -1.37504E-06 -2.49418E-05 -1.79373E-06 -1.42717E-06 -2.51424E-05 -1.52821E-06 -2.46312E-05 -1.49542E-05 -1.82878E-04
-1.47902E-05 -2.46097E-05 -1.06155E-06 -2.49013E-05 -1.26971E-06 -8.98447E-07 -2.51035E-05 -1.19646E-06 -2.46097E-05 -1.47902E-05 -1.77434E-04
-1.46035E-05 -2.45499E-05 -7.46171E-07 -2.48225E-05 -7.52261E-07 -3.76927E-07 -2.50262E-05 -8.63876E-07 -2.45499E-05 -1.46035E-05 -1.71289E-04
-1.43958E-05 -2.44546E-05 -4.29286E-07 -2.47080E-05 -2.41455E-07 1.37338E-07 -2.49130E-05 -5.30780E-07 -2.44546E-05 -1.43958E-05 -1.64522E-04
---
