PdfType: replica
Format: lhagrid1
---
1.00000E-07 1.58489E-07 2.51189E-07 3.98107E-07 6.30957E-07 1.00000E-06 1.58489E-06 2.51189E-06 3.98107E-06 6.30957E-06 1.00000E-05 1.58489E-05 2.51189E-05 3.98107E-05 6.30957E-05 1.00000E-04 1.58489E-04 2.51189E-04 3.98107E-04 6.30957E-04 1.00000E-03 1.58489E-03 2.51189E-03 3.98107E-03 6.30957E-03 1.00000E-02 1.25893E-02 1.58489E-02 1.99526E-02 2.51189E-02 3.16228E-02 3.98107E-02 5.01187E-02 6.30957E-02 7.94328E-02 1.00000E-01 1.25900E-01 1.58500E-01 1.99500E-01 2.51200E-01 3.16200E-01 3.98100E-01 5.01200E-01 6.31000E-01 7.94300E-01 1.00000E+00
1.00000E+00 1.20679E+00 1.45635E+00 1.75751E+00 2.12095E+00 2.55955E+00 3.08884E+00 3.72759E+00 4.49843E+00 5.42868E+00 6.55129E+00 7.90604E+00 9.54095E+00 1.15140E+01 1.38950E+01 1.67683E+01 2.02359E+01 2.44205E+01 2.94705E+01 3.55648E+01 4.29193E+01 5.17947E+01 6.25055E+01 7.54312E+01 9.10298E+01 1.09854E+02 1.32571E+02 1.59986E+02 1.93070E+02 2.32995E+02 2.81177E+02 3.39322E+02 4.09492E+02 4.94171E+02 5.96362E+02 7.19686E+02 8.68511E+02 1.04811E+03 1.26486E+03 1.52642E+03 1.84207E+03 2.22300E+03 2.68270E+03 3.23746E+03 3.90694E+03 4.71487E+03 5.68987E+03 6.86649E+03 8.28643E+03 1.00000E+04
-5 -4 -3 -2 -1 1 2 3 4 5 21
0.00000E+00 0.00000E+00 -5.87168E-02 2.27737E+00 2.27731E+00 2.27712E+00 2.27640E+00 -5.85243E-02 0.00000E+00 0.00000E+00 -2.93690E+00
0.00000E+00 0.00000E+00 -2.24097E-02 2.27041E+00 2.27035E+00 2.27022E+00 2.26964E+00 -2.22370E-02 0.00000E+00 0.00000E+00 -8.06096E-01
0.00000E+00 1.02180E-01 1.11813E-01 2.36915E+00 2.36908E+00 2.36898E+00 2.36853E+00 1.11971E-01 1.02180E-01 0.00000E+00 2.55997E+00
0.00000E+00 3.36812E-01 3.46571E-01 2.57345E+00 2.57338E+00 2.57332E+00 2.57295E+00 3.46716E-01 3.36812E-01 0.00000E+00 7.52751E+00
0.00000E+00 6.73193E-01 6.83067E-01 2.88316E+00 2.88309E+00 2.88304E+00 2.88275E+00 6.83202E-01 6.73193E-01 0.00000E+00 1.45500E+01
0.00000E+00 1.10981E+00 1.11979E+00 3.29599E+00 3.29591E+00 3.29589E+00 3.29567E+00 1.11992E+00 1.10981E+00 0.00000E+00 2.39693E+01
0.00000E+00 1.64450E+00 1.65458E+00 3.80923E+00 3.80915E+00 3.80914E+00 3.80898E+00 1.65470E+00 1.64450E+00 0.00000E+00 3.60628E+01
0.00000E+00 2.27493E+00 2.28511E+00 4.42014E+00 4.42006E+00 4.42007E+00 4.41995E+00 2.28522E+00 2.27493E+00 0.00000E+00 5.10462E+01
2.52608E-01 2.94929E+00 2.95955E+00 5.07668E+00 5.07660E+00 5.07662E+00 5.07654E+00 2.95966E+00 2.94929E+00 2.52608E-01 6.92308E+01
9.67828E-01 3.64403E+00 3.65437E+00 5.75503E+00 5.75494E+00 5.75497E+00 5.75494E+00 3.65447E+00 3.64403E+00 9.67828E-01 9.07160E+01
1.78071E+00 4.43777E+00 4.44819E+00 6.53345E+00 6.53336E+00 6.53340E+00 6.53340E+00 4.44828E+00 4.43777E+00 1.78071E+00 1.15309E+02
2.69006E+00 5.32916E+00 5.33965E+00 7.41048E+00 7.41039E+00 7.41044E+00 7.41047E+00 5.33974E+00 5.32916E+00 2.69006E+00 1.43072E+02
3.69459E+00 6.31678E+00 6.32735E+00 8.38458E+00 8.38450E+00 8.38455E+00 8.38461E+00 6.32744E+00 6.31678E+00 3.69459E+00 1.74042E+02
4.79296E+00 7.39917E+00 7.40981E+00 9.45421E+00 9.45412E+00 9.45418E+00 9.45427E+00 7.40990E+00 7.39917E+00 4.79296E+00 2.08239E+02
5.98375E+00 8.57484E+00 8.58554E+00 1.06178E+01 1.06177E+01 1.06178E+01 1.06179E+01 8.58562E+00 8.57484E+00 5.98375E+00 2.45664E+02
7.26555E+00 9.84226E+00 9.85304E+00 1.18737E+01 1.18736E+01 1.18737E+01 1.18739E+01 9.85311E+00 9.84226E+00 7.26555E+00 2.86308E+02
8.63691E+00 1.11999E+01 1.12108E+01 1.32205E+01 1.32204E+01 1.32205E+01 1.32206E+01 1.12109E+01 1.11999E+01 8.63691E+00 3.30148E+02
1.00964E+01 1.26463E+01 1.26572E+01 1.46565E+01 1.46564E+01 1.46565E+01 1.46567E+01 1.26573E+01 1.26463E+01 1.00964E+01 3.77150E+02
1.16425E+01 1.41800E+01 1.41909E+01 1.61802E+01 1.61801E+01 1.61802E+01 1.61804E+01 1.41910E+01 1.41800E+01 1.16425E+01 4.27277E+02
1.32738E+01 1.57993E+01 1.58103E+01 1.77900E+01 1.77899E+01 1.77900E+01 1.77902E+01 1.58104E+01 1.57993E+01 1.32738E+01 4.80482E+02
1.49888E+01 1.75029E+01 1.75140E+01 1.94844E+01 1.94843E+01 1.94844E+01 1.94847E+01 1.75140E+01 1.75029E+01 1.49888E+01 5.36713E+02
1.67861E+01 1.92892E+01 1.93004E+01 2.12620E+01 2.12619E+01 2.12620E+01 2.12622E+01 1.93004E+01 1.92892E+01 1.67861E+01 5.95916E+02
1.86643E+01 2.11568E+01 2.11680E+01 2.31211E+01 2.31210E+01 2.31211E+01 2.31214E+01 2.11681E+01 2.11568E+01 1.86643E+01 6.58032E+02
2.06219E+01 2.31042E+01 2.31154E+01 2.50604E+01 2.50603E+01 2.50604E+01 2.50607E+01 2.31155E+01 2.31042E+01 2.06219E+01 7.23000E+02
2.26575E+01 2.51300E+01 2.51413E+01 2.70783E+01 2.70782E+01 2.70784E+01 2.70786E+01 2.51413E+01 2.51300E+01 2.26575E+01 7.90759E+02
2.47697E+01 2.72327E+01 2.72440E+01 2.91735E+01 2.91734E+01 2.91735E+01 2.91738E+01 2.72441E+01 2.72327E+01 2.47697E+01 8.61245E+02
2.69572E+01 2.94109E+01 2.94223E+01 3.13444E+01 3.13443E+01 3.13444E+01 3.13448E+01 2.94224E+01 2.94109E+01 2.69572E+01 9.34393E+02
2.92184E+01 3.16633E+01 3.16748E+01 3.35897E+01 3.35896E+01 3.35898E+01 3.35901E+01 3.16748E+01 3.16633E+01 2.92184E+01 1.01014E+03
3.15522E+01 3.39885E+01 3.39999E+01 3.59080E+01 3.59079E+01 3.59081E+01 3.59084E+01 3.40000E+01 3.39885E+01 3.15522E+01 1.08842E+03
3.39571E+01 3.63850E+01 3.63965E+01 3.82980E+01 3.82978E+01 3.82980E+01 3.82983E+01 3.63966E+01 3.63850E+01 3.39571E+01 1.16917E+03
3.64318E+01 3.88516E+01 3.88632E+01 4.07581E+01 4.07580E+01 4.07582E+01 4.07585E+01 3.88633E+01 3.88516E+01 3.64318E+01 1.25232E+03
3.89750E+01 4.13870E+01 4.13986E+01 4.32873E+01 4.32872E+01 4.32873E+01 4.32877E+01 4.13987E+01 4.13870E+01 3.89750E+01 1.33781E+03
4.15855E+01 4.39899E+01 4.40015E+01 4.58840E+01 4.58839E+01 4.58841E+01 4.58844E+01 4.40016E+01 4.39899E+01 4.15855E+01 1.42559E+03
4.42620E+01 4.66589E+01 4.66706E+01 4.85471E+01 4.85470E+01 4.85472E+01 4.85476E+01 4.66706E+01 4.66589E+01 4.42620E+01 1.51558E+03
4.70031E+01 4.93928E+01 4.94046E+01 5.12753E+01 5.12752E+01 5.12754E+01 5.12758E+01 4.94046E+01 4.93928E+01 4.70031E+01 1.60773E+03
4.98078E+01 5.21904E+01 5.22022E+01 5.40673E+01 5.40672E+01 5.40674E+01 5.40678E+01 5.22023E+01 5.21904E+01 4.98078E+01 1.70197E+03
5.26747E+01 5.50505E+01 5.50623E+01 5.69220E+01 5.69219E+01 5.69220E+01 5.69224E+01 5.50624E+01 5.50505E+01 5.26747E+01 1.79826E+03
5.56028E+01 5.79719E+01 5.79837E+01 5.98380E+01 5.98379E+01 5.98381E+01 5.98385E+01 5.79838E+01 5.79719E+01 5.56028E+01 1.89653E+03
5.85908E+01 6.09533E+01 6.09652E+01 6.28143E+01 6.28142E+01 6.28143E+01 6.28148E+01 6.09653E+01 6.09533E+01 5.85908E+01 1.99673E+03
6.16375E+01 6.39937E+01 6.40057E+01 6.58497E+01 6.58495E+01 6.58497E+01 6.58501E+01 6.40057E+01 6.39937E+01 6.16375E+01 2.09880E+03
6.47420E+01 6.70919E+01 6.71039E+01 6.89429E+01 6.89428E+01 6.89430E+01 6.89434E+01 6.71040E+01 6.70919E+01 6.47420E+01 2.20269E+03
6.79030E+01 7.02469E+01 7.02589E+01 7.20930E+01 7.20929E+01 7.20931E+01 7.20935E+01 7.02589E+01 7.02469E+01 6.79030E+01 2.30834E+03
7.11194E+01 7.34574E+01 7.34694E+01 7.52988E+01 7.52987E+01 7.52989E+01 7.52993E+01 7.34695E+01 7.34574E+01 7.11194E+01 2.41572E+03
7.43903E+01 7.67224E+01 7.67345E+01 7.85593E+01 7.85591E+01 7.85593E+01 7.85598E+01 7.67346E+01 7.67224E+01 7.43903E+01 2.52476E+03
7.77145E+01 8.00410E+01 8.00531E+01 8.18733E+01 8.18732E+01 8.18733E+01 8.18738E+01 8.00531E+01 8.00410E+01 7.77145E+01 2.63542E+03
8.10911E+01 8.34120E+01 8.34241E+01 8.52399E+01 8.52397E+01 8.52399E+01 8.52404E+01 8.34242E+01 8.34120E+01 8.10911E+01 2.74765E+03
8.45190E+01 8.68344E+01 8.68466E+01 8.86580E+01 8.86578E+01 8.86580E+01 8.86585E+01 8.68466E+01 8.68344E+01 8.45190E+01 2.86141E+03
8.79972E+01 9.03073E+01 9.03195E+01 9.21266E+01 9.21265E+01 9.21266E+01 9.21271E+01 9.03195E+01 9.03073E+01 8.79972E+01 2.97665E+03
9.15247E+01 9.38296E+01 9.38419E+01 9.56448E+01 9.56447E+01 9.56448E+01 9.56453E+01 9.38419E+01 9.38296E+01 9.15247E+01 3.09333E+03
9.51007E+01 9.74004E+01 9.74127E+01 9.92116E+01 9.92114E+01 9.92116E+01 9.92121E+01 9.74128E+01 9.74004E+01 9.51007E+01 3.21141E+03
0.00000E+00 0.00000E+00 -5.54565E-02 2.06665E+00 2.06657E+00 2.06677E+00 2.06712E+00 -5.54038E-02 0.00000E+00 0.00000E+00 -2.73366E+00
0.00000E+00 0.00000E+00 -2.01951E-02 2.06253E+00 2.06244E+00 2.06264E+00 2.06301E+00 -2.01497E-02 0.00000E+00 0.00000E+00 -7.52764E-01
0.00000E+00 9.61583E-02 1.06432E-01 2.15685E+00 2.15676E+00 2.15695E+00 2.15734E+00 1.06472E-01 9.61583E-02 0.00000E+00 2.39232E+00
0.00000E+00 3.14431E-01 3.24848E-01 2.34754E+00 2.34745E+00 2.34763E+00 2.34804E+00 3.24883E-01 3.14431E-01 0.00000E+00 7.03125E+00
0.00000E+00 6.24220E-01 6.34769E-01 2.63307E+00 2.63297E+00 2.63315E+00 2.63357E+00 6.34800E-01 6.24220E-01 0.00000E+00 1.35646E+01
0.00000E+00 1.02312E+00 1.03379E+00 3.01033E+00 3.01023E+00 3.01040E+00 3.01084E+00 1.03382E+00 1.02312E+00 0.00000E+00 2.22807E+01
0.00000E+00 1.50839E+00 1.51917E+00 3.47609E+00 3.47598E+00 3.47615E+00 3.47660E+00 1.51920E+00 1.50839E+00 0.00000E+00 3.34046E+01
0.00000E+00 2.07731E+00 2.08821E+00 4.02726E+00 4.02716E+00 4.02732E+00 4.02778E+00 2.08823E+00 2.07731E+00 0.00000E+00 4.71034E+01
2.28983E-01 2.68523E+00 2.69623E+00 4.61898E+00 4.61887E+00 4.61903E+00 4.61951E+00 2.69625E+00 2.68523E+00 2.28983E-01 6.35930E+01
8.74649E-01 3.31213E+00 3.32321E+00 5.23096E+00 5.23085E+00 5.23101E+00 5.23149E+00 3.32323E+00 3.31213E+00 8.74649E-01 8.29081E+01
1.60462E+00 4.02455E+00 4.03573E+00 5.92945E+00 5.92935E+00 5.92950E+00 5.93000E+00 4.03575E+00 4.02455E+00 1.60462E+00 1.04908E+02
2.41740E+00 4.82086E+00 4.83213E+00 6.71270E+00 6.71259E+00 6.71275E+00 6.71325E+00 4.83215E+00 4.82086E+00 2.41740E+00 1.29628E+02
3.31144E+00 5.69941E+00 5.71076E+00 7.57895E+00 7.57884E+00 7.57900E+00 7.57951E+00 5.71078E+00 5.69941E+00 3.31144E+00 1.57084E+02
4.28521E+00 6.65853E+00 6.66997E+00 8.52647E+00 8.52635E+00 8.52651E+00 8.52703E+00 6.66998E+00 6.65853E+00 4.28521E+00 1.87275E+02
5.33715E+00 7.69661E+00 7.70812E+00 9.55355E+00 9.55343E+00 9.55359E+00 9.55411E+00 7.70814E+00 7.69661E+00 5.33715E+00 2.20188E+02
6.46574E+00 8.81202E+00 8.82361E+00 1.06585E+01 1.06584E+01 1.06586E+01 1.06591E+01 8.82363E+00 8.81202E+00 6.46574E+00 2.55799E+02
7.66945E+00 1.00032E+01 1.00149E+01 1.18398E+01 1.18396E+01 1.18398E+01 1.18403E+01 1.00149E+01 1.00032E+01 7.66945E+00 2.94075E+02
8.94677E+00 1.12686E+01 1.12803E+01 1.30956E+01 1.30955E+01 1.30957E+01 1.30962E+01 1.12803E+01 1.12686E+01 8.94677E+00 3.34977E+02
1.02962E+01 1.26066E+01 1.26184E+01 1.44246E+01 1.44245E+01 1.44247E+01 1.44252E+01 1.26184E+01 1.26066E+01 1.02962E+01 3.78458E+02
1.17164E+01 1.40158E+01 1.40276E+01 1.58251E+01 1.58250E+01 1.58252E+01 1.58257E+01 1.40276E+01 1.40158E+01 1.17164E+01 4.24470E+02
1.32057E+01 1.54946E+01 1.55065E+01 1.72957E+01 1.72956E+01 1.72957E+01 1.72963E+01 1.55066E+01 1.54946E+01 1.32057E+01 4.72957E+02
1.47629E+01 1.70417E+01 1.70537E+01 1.88348E+01 1.88346E+01 1.88348E+01 1.88354E+01 1.70537E+01 1.70417E+01 1.47629E+01 5.23865E+02
1.63864E+01 1.86556E+01 1.86676E+01 2.04410E+01 2.04408E+01 2.04410E+01 2.04416E+01 1.86676E+01 1.86556E+01 1.63864E+01 5.77135E+02
1.80751E+01 2.03348E+01 2.03469E+01 2.21128E+01 2.21127E+01 2.21129E+01 2.21135E+01 2.03470E+01 2.03348E+01 1.80751E+01 6.32710E+02
1.98274E+01 2.20781E+01 2.20903E+01 2.38490E+01 2.38489E+01 2.38490E+01 2.38496E+01 2.20903E+01 2.20781E+01 1.98274E+01 6.90528E+02
2.16420E+01 2.38841E+01 2.38963E+01 2.56481E+01 2.56479E+01 2.56481E+01 2.56487E+01 2.38963E+01 2.38841E+01 2.16420E+01 7.50530E+02
2.35177E+01 2.57513E+01 2.57636E+01 2.75087E+01 2.75086E+01 2.75087E+01 2.75094E+01 2.57637E+01 2.57513E+01 2.35177E+01 8.12657E+02
2.54532E+01 2.76787E+01 2.76910E+01 2.94296E+01 2.94295E+01 2.94296E+01 2.94303E+01 2.76910E+01 2.76787E+01 2.54532E+01 8.76847E+02
2.74472E+01 2.96648E+01 2.96772E+01 3.14095E+01 3.14094E+01 3.14095E+01 3.14101E+01 2.96772E+01 2.96648E+01 2.74472E+01 9.43044E+02
2.94985E+01 3.17084E+01 3.17209E+01 3.34471E+01 3.34469E+01 3.34471E+01 3.34477E+01 3.17209E+01 3.17084E+01 2.94985E+01 1.01119E+03
3.16058E+01 3.38083E+01 3.38208E+01 3.55411E+01 3.55410E+01 3.55412E+01 3.55418E+01 3.38208E+01 3.38083E+01 3.16058E+01 1.08122E+03
3.37680E+01 3.59633E+01 3.59759E+01 3.76904E+01 3.76903E+01 3.76905E+01 3.76911E+01 3.59759E+01 3.59633E+01 3.37680E+01 1.15309E+03
3.59839E+01 3.81722E+01 3.81848E+01 3.98938E+01 3.98937E+01 3.98938E+01 3.98945E+01 3.81848E+01 3.81722E+01 3.59839E+01 1.22673E+03
3.82524E+01 4.04339E+01 4.04465E+01 4.21501E+01 4.21500E+01 4.21501E+01 4.21508E+01 4.04465E+01 4.04339E+01 3.82524E+01 1.30210E+03
4.05723E+01 4.27472E+01 4.27599E+01 4.44582E+01 4.44580E+01 4.44582E+01 4.44589E+01 4.27599E+01 4.27472E+01 4.05723E+01 1.37914E+03
4.29425E+01 4.51110E+01 4.51237E+01 4.68169E+01 4.68167E+01 4.68169E+01 4.68176E+01 4.51237E+01 4.51110E+01 4.29425E+01 1.45779E+03
4.53621E+01 4.75242E+01 4.75370E+01 4.92252E+01 4.92250E+01 4.92252E+01 4.92259E+01 4.75370E+01 4.75242E+01 4.53621E+01 1.53802E+03
4.78298E+01 4.99858E+01 4.99987E+01 5.16819E+01 5.16818E+01 5.16820E+01 5.16827E+01 4.99987E+01 4.99858E+01 4.78298E+01 1.61977E+03
5.03448E+01 5.24948E+01 5.25077E+01 5.41862E+01 5.41860E+01 5.41862E+01 5.41869E+01 5.25077E+01 5.24948E+01 5.03448E+01 1.70298E+03
5.29059E+01 5.50500E+01 5.50630E+01 5.67368E+01 5.67367E+01 5.67369E+01 5.67376E+01 5.50630E+01 5.50500E+01 5.29059E+01 1.78762E+03
5.55122E+01 5.76506E+01 5.76636E+01 5.93329E+01 5.93328E+01 5.93330E+01 5.93337E+01 5.76636E+01 5.76506E+01 5.55122E+01 1.87364E+03
5.81627E+01 6.02956E+01 6.03086E+01 6.19735E+01 6.19734E+01 6.19735E+01 6.19742E+01 6.03086E+01 6.02956E+01 5.81627E+01 1.96100E+03
6.08565E+01 6.29839E+01 6.29970E+01 6.46575E+01 6.46574E+01 6.46576E+01 6.46583E+01 6.29970E+01 6.29839E+01 6.08565E+01 2.04965E+03
6.35926E+01 6.57147E+01 6.57278E+01 6.73841E+01 6.73840E+01 6.73842E+01 6.73849E+01 6.57278E+01 6.57147E+01 6.35926E+01 2.13955E+03
6.63702E+01 6.84871E+01 6.85002E+01 7.01524E+01 7.01523E+01 7.01524E+01 7.01532E+01 6.85002E+01 6.84871E+01 6.63702E+01 2.23066E+03
6.91883E+01 7.13001E+01 7.13133E+01 7.29614E+01 7.29613E+01 7.29614E+01 7.29622E+01 7.13133E+01 7.13001E+01 6.91883E+01 2.32294E+03
7.20461E+01 7.41529E+01 7.41661E+01 7.58103E+01 7.58101E+01 7.58103E+01 7.58110E+01 7.41661E+01 7.41529E+01 7.20461E+01 2.41635E+03
7.49427E+01 7.70446E+01 7.70579E+01 7.86981E+01 7.86980E+01 7.86982E+01 7.86989E+01 7.70579E+01 7.70446E+01 7.49427E+01 2.51086E+03
7.78774E+01 7.99745E+01 7.99878E+01 8.16242E+01 8.16241E+01 8.16243E+01 8.16250E+01 7.99878E+01 7.99745E+01 7.78774E+01 2.60643E+03
8.08492E+01 8.29416E+01 8.29550E+01 8.45876E+01 8.45875E+01 8.45877E+01 8.45884E+01 8.29550E+01 8.29416E+01 8.08492E+01 2.70303E+03
0.00000E+00 0.00000E+00 -5.26494E-02 1.87477E+00 1.87466E+00 1.87478E+00 1.87526E+00 -5.26516E-02 0.00000E+00 0.00000E+00 -2.55031E+00
0.00000E+00 0.00000E+00 -1.80750E-02 1.87348E+00 1.87336E+00 1.87347E+00 1.87395E+00 -1.80787E-02 0.00000E+00 0.00000E+00 -7.04346E-01
0.00000E+00 9.06023E-02 1.01583E-01 1.96371E+00 1.96359E+00 1.96369E+00 1.96417E+00 1.01578E-01 9.06023E-02 0.00000E+00 2.23926E+00
0.00000E+00 2.93690E-01 3.04840E-01 2.14171E+00 2.14159E+00 2.14168E+00 2.14217E+00 3.04835E-01 2.93690E-01 0.00000E+00 6.57483E+00
0.00000E+00 5.78865E-01 5.90171E-01 2.40481E+00 2.40469E+00 2.40478E+00 2.40527E+00 5.90165E-01 5.78865E-01 0.00000E+00 1.26534E+01
0.00000E+00 9.43014E-01 9.54463E-01 2.74928E+00 2.74915E+00 2.74924E+00 2.74974E+00 9.54457E-01 9.43014E-01 0.00000E+00 2.07142E+01
0.00000E+00 1.38298E+00 1.39456E+00 3.17149E+00 3.17137E+00 3.17145E+00 3.17196E+00 1.39455E+00 1.38298E+00 0.00000E+00 3.09356E+01
0.00000E+00 1.89579E+00 1.90750E+00 3.66815E+00 3.66803E+00 3.66811E+00 3.66863E+00 1.90749E+00 1.89579E+00 0.00000E+00 4.34428E+01
2.07283E-01 2.44308E+00 2.45491E+00 4.20071E+00 4.20058E+00 4.20066E+00 4.20119E+00 2.45490E+00 2.44308E+00 2.07283E-01 5.83712E+01
7.89304E-01 3.00790E+00 3.01984E+00 4.75196E+00 4.75183E+00 4.75191E+00 4.75244E+00 3.01983E+00 3.00790E+00 7.89304E-01 7.57046E+01
1.44378E+00 3.64630E+00 3.65835E+00 5.37769E+00 5.37756E+00 5.37764E+00 5.37818E+00 3.65834E+00 3.64630E+00 1.44378E+00 9.53468E+01
2.16901E+00 4.35644E+00 4.36859E+00 6.07595E+00 6.07582E+00 6.07590E+00 6.07645E+00 4.36859E+00 4.35644E+00 2.16901E+00 1.17312E+02
2.96330E+00 5.13653E+00 5.14878E+00 6.84485E+00 6.84471E+00 6.84480E+00 6.84535E+00 5.14877E+00 5.13653E+00 2.96330E+00 1.41597E+02
3.82499E+00 5.98480E+00 5.99715E+00 7.68256E+00 7.68243E+00 7.68251E+00 7.68307E+00 5.99714E+00 5.98480E+00 3.82499E+00 1.68190E+02
4.75247E+00 6.89957E+00 6.91201E+00 8.58732E+00 8.58719E+00 8.58728E+00 8.58785E+00 6.91200E+00 6.89957E+00 4.75247E+00 1.97063E+02
5.74416E+00 7.87918E+00 7.89171E+00 9.55744E+00 9.55731E+00 9.55740E+00 9.55798E+00 7.89170E+00 7.87918E+00 5.74416E+00 2.28185E+02
6.79851E+00 8.92204E+00 8.93466E+00 1.05913E+01 1.05911E+01 1.05912E+01 1.05918E+01 8.93465E+00 8.92204E+00 6.79851E+00 2.61516E+02
7.91403E+00 1.00266E+01 1.00393E+01 1.16872E+01 1.16871E+01 1.16872E+01 1.16878E+01 1.00393E+01 1.00266E+01 7.91403E+00 2.97011E+02
9.08925E+00 1.11913E+01 1.12041E+01 1.28437E+01 1.28436E+01 1.28437E+01 1.28443E+01 1.12041E+01 1.11913E+01 9.08925E+00 3.34621E+02
1.03227E+01 1.24148E+01 1.24277E+01 1.40593E+01 1.40591E+01 1.40592E+01 1.40599E+01 1.24277E+01 1.24148E+01 1.03227E+01 3.74296E+02
1.16131E+01 1.36956E+01 1.37085E+01 1.53325E+01 1.53323E+01 1.53324E+01 1.53331E+01 1.37085E+01 1.36956E+01 1.16131E+01 4.15982E+02
1.29590E+01 1.50322E+01 1.50452E+01 1.66619E+01 1.66617E+01 1.66618E+01 1.66625E+01 1.50452E+01 1.50322E+01 1.29590E+01 4.59623E+02
1.43591E+01 1.64234E+01 1.64365E+01 1.80461E+01 1.80459E+01 1.80461E+01 1.80467E+01 1.64365E+01 1.64234E+01 1.43591E+01 5.05165E+02
1.58121E+01 1.78678E+01 1.78810E+01 1.94838E+01 1.94837E+01 1.94838E+01 1.94844E+01 1.78810E+01 1.78678E+01 1.58121E+01 5.52552E+02
1.73167E+01 1.93642E+01 1.93774E+01 2.09737E+01 2.09735E+01 2.09736E+01 2.09743E+01 1.93774E+01 1.93642E+01 1.73167E+01 6.01727E+02
1.88718E+01 2.09113E+01 2.09245E+01 2.25145E+01 2.25143E+01 2.25144E+01 2.25151E+01 2.09245E+01 2.09113E+01 1.88718E+01 6.52637E+02
2.04760E+01 2.25078E+01 2.25211E+01 2.41049E+01 2.41048E+01 2.41049E+01 2.41056E+01 2.25211E+01 2.25078E+01 2.04760E+01 7.05225E+02
2.21282E+01 2.41526E+01 2.41660E+01 2.57439E+01 2.57437E+01 2.57438E+01 2.57445E+01 2.41660E+01 2.41526E+01 2.21282E+01 7.59437E+02
2.38274E+01 2.58444E+01 2.58579E+01 2.74301E+01 2.74299E+01 2.74301E+01 2.74308E+01 2.58579E+01 2.58444E+01 2.38274E+01 8.15222E+02
2.55722E+01 2.75823E+01 2.75959E+01 2.91625E+01 2.91623E+01 2.91624E+01 2.91631E+01 2.75959E+01 2.75823E+01 2.55722E+01 8.72526E+02
2.73617E+01 2.93650E+01 2.93786E+01 3.09398E+01 3.09397E+01 3.09398E+01 3.09405E+01 2.93786E+01 2.93650E+01 2.73617E+01 9.31298E+02
2.91948E+01 3.11915E+01 3.12052E+01 3.27612E+01 3.27610E+01 3.27612E+01 3.27619E+01 3.12052E+01 3.11915E+01 2.91948E+01 9.91490E+02
3.10705E+01 3.30608E+01 3.30745E+01 3.46254E+01 3.46252E+01 3.46254E+01 3.46261E+01 3.30745E+01 3.30608E+01 3.10705E+01 1.05305E+03
3.29877E+01 3.49717E+01 3.49855E+01 3.65314E+01 3.65313E+01 3.65314E+01 3.65321E+01 3.49855E+01 3.49717E+01 3.29877E+01 1.11594E+03
3.49454E+01 3.69233E+01 3.69372E+01 3.84783E+01 3.84782E+01 3.84783E+01 3.84790E+01 3.69372E+01 3.69233E+01 3.49454E+01 1.18010E+03
3.69426E+01 3.89147E+01 3.89286E+01 4.04650E+01 4.04649E+01 4.04650E+01 4.04658E+01 3.89286E+01 3.89147E+01 3.69426E+01 1.24550E+03
3.89785E+01 4.09448E+01 4.09588E+01 4.24906E+01 4.24905E+01 4.24906E+01 4.24914E+01 4.09587E+01 4.09448E+01 3.89785E+01 1.31209E+03
4.10521E+01 4.30127E+01 4.30268E+01 4.45542E+01 4.45540E+01 4.45542E+01 4.45549E+01 4.30267E+01 4.30127E+01 4.10521E+01 1.37982E+03
4.31624E+01 4.51176E+01 4.51317E+01 4.66548E+01 4.66546E+01 4.66548E+01 4.66555E+01 4.51317E+01 4.51176E+01 4.31624E+01 1.44866E+03
4.53087E+01 4.72585E+01 4.72727E+01 4.87915E+01 4.87913E+01 4.87915E+01 4.87923E+01 4.72727E+01 4.72585E+01 4.53087E+01 1.51857E+03
4.74900E+01 4.94346E+01 4.94488E+01 5.09635E+01 5.09634E+01 5.09635E+01 5.09643E+01 4.94488E+01 4.94346E+01 4.74900E+01 1.58952E+03
4.97056E+01 5.16451E+01 5.16593E+01 5.31699E+01 5.31698E+01 5.31700E+01 5.31708E+01 5.16593E+01 5.16451E+01 4.97056E+01 1.66145E+03
5.19545E+01 5.38890E+01 5.39033E+01 5.54100E+01 5.54098E+01 5.54100E+01 5.54108E+01 5.39033E+01 5.38890E+01 5.19545E+01 1.73434E+03
5.42361E+01 5.61657E+01 5.61800E+01 5.76828E+01 5.76827E+01 5.76829E+01 5.76837E+01 5.61800E+01 5.61657E+01 5.42361E+01 1.80816E+03
5.65495E+01 5.84743E+01 5.84887E+01 5.99877E+01 5.99876E+01 5.99878E+01 5.99886E+01 5.84887E+01 5.84743E+01 5.65495E+01 1.88286E+03
5.88939E+01 6.08141E+01 6.08285E+01 6.23238E+01 6.23237E+01 6.23239E+01 6.23247E+01 6.08285E+01 6.08141E+01 5.88939E+01 1.95842E+03
6.12687E+01 6.31843E+01 6.31988E+01 6.46905E+01 6.46903E+01 6.46905E+01 6.46913E+01 6.31988E+01 6.31843E+01 6.12687E+01 2.03481E+03
6.36731E+01 6.55842E+01 6.55987E+01 6.70869E+01 6.70867E+01 6.70869E+01 6.70878E+01 6.55987E+01 6.55842E+01 6.36731E+01 2.11199E+03
6.61064E+01 6.80131E+01 6.80277E+01 6.95124E+01 6.95122E+01 6.95124E+01 6.95133E+01 6.80277E+01 6.80131E+01 6.61064E+01 2.18994E+03
6.85680E+01 7.04704E+01 7.04850E+01 7.19662E+01 7.19661E+01 7.19663E+01 7.19671E+01 7.04850E+01 7.04704E+01 6.85680E+01 2.26863E+03
0.00000E+00 0.00000E+00 -5.01905E-02 1.70002E+00 1.69989E+00 1.69987E+00 1.70024E+00 -5.02055E-02 0.00000E+00 0.00000E+00 -2.38489E+00
0.00000E+00 0.00000E+00 -1.59767E-02 1.70154E+00 1.70141E+00 1.70139E+00 1.70178E+00 -1.59909E-02 0.00000E+00 0.00000E+00 -6.60232E-01
0.00000E+00 8.54682E-02 9.72782E-02 1.78797E+00 1.78783E+00 1.78782E+00 1.78822E+00 9.72646E-02 8.54682E-02 0.00000E+00 2.09962E+00
0.00000E+00 2.74451E-01 2.86461E-01 1.95413E+00 1.95399E+00 1.95398E+00 1.95440E+00 2.86448E-01 2.74451E-01 0.00000E+00 6.15482E+00
0.00000E+00 5.36837E-01 5.49032E-01 2.19644E+00 2.19630E+00 2.19629E+00 2.19672E+00 5.49019E-01 5.36837E-01 0.00000E+00 1.18099E+01
0.00000E+00 8.68980E-01 8.81344E-01 2.51067E+00 2.51053E+00 2.51053E+00 2.51098E+00 8.81332E-01 8.68980E-01 0.00000E+00 1.92598E+01
0.00000E+00 1.26743E+00 1.27995E+00 2.89298E+00 2.89283E+00 2.89283E+00 2.89330E+00 1.27994E+00 1.26743E+00 0.00000E+00 2.86415E+01
0.00000E+00 1.72907E+00 1.74174E+00 3.33992E+00 3.33978E+00 3.33978E+00 3.34026E+00 1.74173E+00 1.72907E+00 0.00000E+00 4.00435E+01
1.87363E-01 2.22107E+00 2.23389E+00 3.81852E+00 3.81837E+00 3.81838E+00 3.81888E+00 2.23387E+00 2.22107E+00 1.87363E-01 5.35352E+01
7.11193E-01 2.72914E+00 2.74208E+00 4.31424E+00 4.31410E+00 4.31411E+00 4.31463E+00 2.74207E+00 2.72914E+00 7.11193E-01 6.90605E+01
1.29700E+00 3.30022E+00 3.31329E+00 4.87379E+00 4.87364E+00 4.87367E+00 4.87419E+00 3.31328E+00 3.30022E+00 1.29700E+00 8.65611E+01
1.94295E+00 3.93235E+00 3.94554E+00 5.49511E+00 5.49496E+00 5.49499E+00 5.49553E+00 3.94553E+00 3.93235E+00 1.94295E+00 1.06035E+02
2.64728E+00 4.62366E+00 4.63697E+00 6.17624E+00 6.17609E+00 6.17613E+00 6.17669E+00 4.63696E+00 4.62366E+00 2.64728E+00 1.27466E+02
3.40829E+00 5.37238E+00 5.38580E+00 6.91535E+00 6.91520E+00 6.91524E+00 6.91581E+00 5.38579E+00 5.37238E+00 3.40829E+00 1.50830E+02
4.22435E+00 6.17679E+00 6.19032E+00 7.71066E+00 7.71051E+00 7.71056E+00 7.71114E+00 6.19031E+00 6.17679E+00 4.22435E+00 1.76094E+02
5.09388E+00 7.03527E+00 7.04890E+00 8.56049E+00 8.56034E+00 8.56040E+00 8.56100E+00 7.04889E+00 7.03527E+00 5.09388E+00 2.03219E+02
6.01538E+00 7.94624E+00 7.95997E+00 9.46324E+00 9.46309E+00 9.46315E+00 9.46376E+00 7.95997E+00 7.94624E+00 6.01538E+00 2.32161E+02
6.98738E+00 8.90819E+00 8.92203E+00 1.04174E+01 1.04172E+01 1.04173E+01 1.04179E+01 8.92202E+00 8.90819E+00 6.98738E+00 2.62874E+02
8.00847E+00 9.91969E+00 9.93362E+00 1.14214E+01 1.14212E+01 1.14213E+01 1.14219E+01 9.93361E+00 9.91969E+00 8.00847E+00 2.95308E+02
9.07730E+00 1.09793E+01 1.09933E+01 1.24738E+01 1.24737E+01 1.24737E+01 1.24744E+01 1.09933E+01 1.09793E+01 9.07730E+00 3.29413E+02
1.01925E+01 1.20857E+01 1.20999E+01 1.35734E+01 1.35732E+01 1.35733E+01 1.35740E+01 1.20999E+01 1.20857E+01 1.01925E+01 3.65137E+02
1.13529E+01 1.32377E+01 1.32519E+01 1.47187E+01 1.47185E+01 1.47186E+01 1.47193E+01 1.32519E+01 1.32377E+01 1.13529E+01 4.02428E+02
1.25572E+01 1.44338E+01 1.44481E+01 1.59085E+01 1.59083E+01 1.59084E+01 1.59091E+01 1.44481E+01 1.44338E+01 1.25572E+01 4.41233E+02
1.38042E+01 1.56729E+01 1.56873E+01 1.71415E+01 1.71413E+01 1.71414E+01 1.71421E+01 1.56873E+01 1.56729E+01 1.38042E+01 4.81501E+02
1.50927E+01 1.69539E+01 1.69684E+01 1.84165E+01 1.84164E+01 1.84165E+01 1.84172E+01 1.69684E+01 1.69539E+01 1.50927E+01 5.23182E+02
1.64217E+01 1.82756E+01 1.82901E+01 1.97325E+01 1.97323E+01 1.97325E+01 1.97332E+01 1.82901E+01 1.82756E+01 1.64217E+01 5.66224E+02
1.77900E+01 1.96368E+01 1.96514E+01 2.10882E+01 2.10880E+01 2.10882E+01 2.10889E+01 1.96514E+01 1.96368E+01 1.77900E+01 6.10578E+02
1.91965E+01 2.10364E+01 2.10511E+01 2.24826E+01 2.24824E+01 2.24825E+01 2.24833E+01 2.10511E+01 2.10364E+01 1.91965E+01 6.56197E+02
2.06402E+01 2.24736E+01 2.24883E+01 2.39145E+01 2.39144E+01 2.39145E+01 2.39153E+01 2.24883E+01 2.24736E+01 2.06402E+01 7.03033E+02
2.21202E+01 2.39471E+01 2.39620E+01 2.53831E+01 2.53829E+01 2.53831E+01 2.53838E+01 2.39620E+01 2.39471E+01 2.21202E+01 7.51041E+02
2.36354E+01 2.54561E+01 2.54710E+01 2.68872E+01 2.68870E+01 2.68872E+01 2.68880E+01 2.54710E+01 2.54561E+01 2.36354E+01 8.00176E+02
2.51849E+01 2.69996E+01 2.70145E+01 2.84260E+01 2.84258E+01 2.84260E+01 2.84268E+01 2.70145E+01 2.69996E+01 2.51849E+01 8.50396E+02
2.67678E+01 2.85766E+01 2.85916E+01 2.99984E+01 2.99982E+01 2.99984E+01 2.99992E+01 2.85916E+01 2.85766E+01 2.67678E+01 9.01657E+02
2.83832E+01 3.01862E+01 3.02013E+01 3.16036E+01 3.16034E+01 3.16036E+01 3.16044E+01 3.02013E+01 3.01862E+01 2.83832E+01 9.53921E+02
3.00301E+01 3.18276E+01 3.18428E+01 3.32407E+01 3.32405E+01 3.32407E+01 3.32415E+01 3.18428E+01 3.18276E+01 3.00301E+01 1.00715E+03
3.17079E+01 3.35000E+01 3.35152E+01 3.49088E+01 3.49086E+01 3.49088E+01 3.49096E+01 3.35152E+01 3.35000E+01 3.17079E+01 1.06130E+03
3.34156E+01 3.52024E+01 3.52177E+01 3.66071E+01 3.66069E+01 3.66071E+01 3.66080E+01 3.52177E+01 3.52024E+01 3.34156E+01 1.11634E+03
3.51524E+01 3.69340E+01 3.69494E+01 3.83348E+01 3.83346E+01 3.83348E+01 3.83357E+01 3.69494E+01 3.69340E+01 3.51524E+01 1.17224E+03
3.69176E+01 3.86942E+01 3.87097E+01 4.00910E+01 4.00909E+01 4.00911E+01 4.00919E+01 3.87097E+01 3.86942E+01 3.69176E+01 1.22895E+03
3.87104E+01 4.04821E+01 4.04976E+01 4.18751E+01 4.18750E+01 4.18752E+01 4.18761E+01 4.04976E+01 4.04821E+01 3.87104E+01 1.28645E+03
4.05301E+01 4.22970E+01 4.23126E+01 4.36863E+01 4.36862E+01 4.36864E+01 4.36873E+01 4.23126E+01 4.22970E+01 4.05301E+01 1.34471E+03
4.23759E+01 4.41382E+01 4.41538E+01 4.55238E+01 4.55237E+01 4.55239E+01 4.55248E+01 4.41538E+01 4.41382E+01 4.23759E+01 1.40369E+03
4.42473E+01 4.60050E+01 4.60206E+01 4.73870E+01 4.73869E+01 4.73871E+01 4.73880E+01 4.60206E+01 4.60050E+01 4.42473E+01 1.46336E+03
4.61434E+01 4.78966E+01 4.79123E+01 4.92752E+01 4.92751E+01 4.92753E+01 4.92762E+01 4.79123E+01 4.78966E+01 4.61434E+01 1.52371E+03
4.80636E+01 4.98125E+01 4.98283E+01 5.11877E+01 5.11875E+01 5.11878E+01 5.11887E+01 4.98283E+01 4.98125E+01 4.80636E+01 1.58469E+03
5.00074E+01 5.17520E+01 5.17678E+01 5.31238E+01 5.31237E+01 5.31239E+01 5.31249E+01 5.17678E+01 5.17520E+01 5.00074E+01 1.64629E+03
5.19740E+01 5.37144E+01 5.37303E+01 5.50830E+01 5.50829E+01 5.50831E+01 5.50841E+01 5.37303E+01 5.37144E+01 5.19740E+01 1.70847E+03
5.39629E+01 5.56992E+01 5.57152E+01 5.70646E+01 5.70645E+01 5.70647E+01 5.70657E+01 5.57152E+01 5.56992E+01 5.39629E+01 1.77122E+03
5.59735E+01 5.77058E+01 5.77218E+01 5.90681E+01 5.90679E+01 5.90682E+01 5.90692E+01 5.77218E+01 5.77058E+01 5.59735E+01 1.83451E+03
5.80052E+01 5.97335E+01 5.97496E+01 6.10928E+01 6.10926E+01 6.10929E+01 6.10939E+01 5.97496E+01 5.97335E+01 5.80052E+01 1.89831E+03
0.00000E+00 0.00000E+00 -4.79965E-02 1.54081E+00 1.54067E+00 1.54058E+00 1.54089E+00 -4.80076E-02 0.00000E+00 0.00000E+00 -2.23586E+00
0.00000E+00 0.00000E+00 -1.38469E-02 1.54515E+00 1.54500E+00 1.54493E+00 1.54527E+00 -1.38570E-02 0.00000E+00 0.00000E+00 -6.20082E-01
0.00000E+00 8.07159E-02 9.35153E-02 1.62804E+00 1.62789E+00 1.62783E+00 1.62821E+00 9.35062E-02 8.07159E-02 0.00000E+00 1.97216E+00
0.00000E+00 2.56583E-01 2.69619E-01 1.78314E+00 1.78299E+00 1.78294E+00 1.78335E+00 2.69611E-01 2.56583E-01 0.00000E+00 5.76794E+00
0.00000E+00 4.97864E-01 5.11118E-01 2.00615E+00 2.00600E+00 2.00596E+00 2.00641E+00 5.11110E-01 4.97864E-01 0.00000E+00 1.10286E+01
0.00000E+00 8.00530E-01 8.13984E-01 2.29252E+00 2.29237E+00 2.29235E+00 2.29282E+00 8.13977E-01 8.00530E-01 0.00000E+00 1.79086E+01
0.00000E+00 1.16096E+00 1.17460E+00 2.63826E+00 2.63810E+00 2.63809E+00 2.63859E+00 1.17459E+00 1.16096E+00 0.00000E+00 2.65087E+01
0.00000E+00 1.57595E+00 1.58977E+00 3.03988E+00 3.03972E+00 3.03972E+00 3.04025E+00 1.58976E+00 1.57595E+00 0.00000E+00 3.68866E+01
1.69091E-01 2.01758E+00 2.03156E+00 3.46931E+00 3.46915E+00 3.46916E+00 3.46971E+00 2.03156E+00 2.01758E+00 1.69091E-01 4.90570E+01
6.39758E-01 2.47381E+00 2.48795E+00 3.91431E+00 3.91414E+00 3.91417E+00 3.91474E+00 2.48794E+00 2.47381E+00 6.39758E-01 6.29343E+01
1.16316E+00 2.98372E+00 2.99800E+00 4.41372E+00 4.41355E+00 4.41359E+00 4.41419E+00 2.99800E+00 2.98372E+00 1.16316E+00 7.84921E+01
1.73740E+00 3.54530E+00 3.55973E+00 4.96546E+00 4.96530E+00 4.96534E+00 4.96596E+00 3.55972E+00 3.54530E+00 1.73740E+00 9.57155E+01
2.36071E+00 4.15669E+00 4.17125E+00 5.56758E+00 5.56742E+00 5.56747E+00 5.56812E+00 4.17125E+00 4.15669E+00 2.36071E+00 1.14580E+02
3.03139E+00 4.81611E+00 4.83081E+00 6.21826E+00 6.21809E+00 6.21816E+00 6.21882E+00 4.83080E+00 4.81611E+00 3.03139E+00 1.35053E+02
3.74785E+00 5.52190E+00 5.53672E+00 6.91576E+00 6.91560E+00 6.91568E+00 6.91636E+00 5.53672E+00 5.52190E+00 3.74785E+00 1.57097E+02
4.50855E+00 6.27247E+00 6.28742E+00 7.65847E+00 7.65831E+00 7.65840E+00 7.65910E+00 6.28742E+00 6.27247E+00 4.50855E+00 1.80669E+02
5.31205E+00 7.06633E+00 7.08140E+00 8.44485E+00 8.44468E+00 8.44478E+00 8.44551E+00 7.08139E+00 7.06633E+00 5.31205E+00 2.05725E+02
6.15696E+00 7.90204E+00 7.91722E+00 9.27342E+00 9.27325E+00 9.27336E+00 9.27411E+00 7.91722E+00 7.90204E+00 6.15696E+00 2.32217E+02
7.04195E+00 8.77824E+00 8.79353E+00 1.01428E+01 1.01426E+01 1.01427E+01 1.01435E+01 8.79353E+00 8.77824E+00 7.04195E+00 2.60097E+02
7.96575E+00 9.69362E+00 9.70902E+00 1.10516E+01 1.10515E+01 1.10516E+01 1.10524E+01 9.70902E+00 9.69362E+00 7.96575E+00 2.89318E+02
8.92713E+00 1.06469E+01 1.06624E+01 1.19987E+01 1.19985E+01 1.19987E+01 1.19995E+01 1.06624E+01 1.06469E+01 8.92713E+00 3.19829E+02
9.92491E+00 1.16369E+01 1.16526E+01 1.29827E+01 1.29825E+01 1.29827E+01 1.29835E+01 1.16526E+01 1.16369E+01 9.92491E+00 3.51582E+02
1.09580E+01 1.26625E+01 1.26783E+01 1.40025E+01 1.40023E+01 1.40025E+01 1.40033E+01 1.26783E+01 1.26625E+01 1.09580E+01 3.84530E+02
1.20252E+01 1.37226E+01 1.37384E+01 1.50570E+01 1.50568E+01 1.50570E+01 1.50579E+01 1.37384E+01 1.37226E+01 1.20252E+01 4.18625E+02
1.31256E+01 1.48160E+01 1.48319E+01 1.61451E+01 1.61449E+01 1.61451E+01 1.61459E+01 1.48319E+01 1.48160E+01 1.31256E+01 4.53822E+02
1.42581E+01 1.59418E+01 1.59578E+01 1.72657E+01 1.72655E+01 1.72657E+01 1.72666E+01 1.59578E+01 1.59418E+01 1.42581E+01 4.90075E+02
1.54217E+01 1.70990E+01 1.71151E+01 1.84178E+01 1.84176E+01 1.84178E+01 1.84187E+01 1.71151E+01 1.70990E+01 1.54217E+01 5.27342E+02
1.66155E+01 1.82865E+01 1.83027E+01 1.96005E+01 1.96003E+01 1.96005E+01 1.96015E+01 1.83027E+01 1.82865E+01 1.66155E+01 5.65580E+02
1.78386E+01 1.95035E+01 1.95198E+01 2.08128E+01 2.08126E+01 2.08128E+01 2.08138E+01 1.95198E+01 1.95035E+01 1.78386E+01 6.04748E+02
1.90900E+01 2.07491E+01 2.07654E+01 2.20538E+01 2.20537E+01 2.20539E+01 2.20548E+01 2.07654E+01 2.07491E+01 1.90900E+01 6.44806E+02
2.03690E+01 2.20224E+01 2.20388E+01 2.33227E+01 2.33225E+01 2.33228E+01 2.33237E+01 2.20388E+01 2.20224E+01 2.03690E+01 6.85717E+02
2.16747E+01 2.33225E+01 2.33390E+01 2.46185E+01 2.46184E+01 2.46186E+01 2.46196E+01 2.33390E+01 2.33225E+01 2.16747E+01 7.27443E+02
2.30062E+01 2.46487E+01 2.46653E+01 2.59406E+01 2.59404E+01 2.59406E+01 2.59417E+01 2.46653E+01 2.46487E+01 2.30062E+01 7.69949E+02
2.43629E+01 2.60001E+01 2.60168E+01 2.72880E+01 2.72878E+01 2.72881E+01 2.72891E+01 2.60168E+01 2.60001E+01 2.43629E+01 8.13202E+02
2.57440E+01 2.73761E+01 2.73929E+01 2.86600E+01 2.86598E+01 2.86601E+01 2.86611E+01 2.73929E+01 2.73761E+01 2.57440E+01 8.57167E+02
2.71487E+01 2.87758E+01 2.87927E+01 3.00559E+01 3.00557E+01 3.00560E+01 3.00571E+01 2.87927E+01 2.87758E+01 2.71487E+01 9.01814E+02
2.85763E+01 3.01986E+01 3.02156E+01 3.14750E+01 3.14748E+01 3.14751E+01 3.14761E+01 3.02156E+01 3.01986E+01 2.85763E+01 9.47112E+02
3.00262E+01 3.16438E+01 3.16608E+01 3.29165E+01 3.29163E+01 3.29166E+01 3.29177E+01 3.16608E+01 3.16438E+01 3.00262E+01 9.93032E+02
3.14977E+01 3.31107E+01 3.31277E+01 3.43798E+01 3.43796E+01 3.43799E+01 3.43810E+01 3.31277E+01 3.31107E+01 3.14977E+01 1.03955E+03
3.29901E+01 3.45986E+01 3.46157E+01 3.58643E+01 3.58641E+01 3.58644E+01 3.58655E+01 3.46157E+01 3.45986E+01 3.29901E+01 1.08663E+03
3.45028E+01 3.61070E+01 3.61242E+01 3.73692E+01 3.73691E+01 3.73694E+01 3.73705E+01 3.61242E+01 3.61070E+01 3.45028E+01 1.13425E+03
3.60353E+01 3.76352E+01 3.76524E+01 3.88941E+01 3.88939E+01 3.88943E+01 3.88954E+01 3.76524E+01 3.76352E+01 3.60353E+01 1.18239E+03
3.75869E+01 3.91826E+01 3.91999E+01 4.04383E+01 4.04381E+01 4.04385E+01 4.04396E+01 3.91999E+01 3.91826E+01 3.75869E+01 1.23102E+03
3.91571E+01 4.07487E+01 4.07661E+01 4.20012E+01 4.20011E+01 4.20014E+01 4.20026E+01 4.07661E+01 4.07487E+01 3.91571E+01 1.28012E+03
4.07453E+01 4.23329E+01 4.23504E+01 4.35823E+01 4.35822E+01 4.35825E+01 4.35837E+01 4.23504E+01 4.23329E+01 4.07453E+01 1.32966E+03
4.23510E+01 4.39347E+01 4.39522E+01 4.51811E+01 4.51809E+01 4.51813E+01 4.51825E+01 4.39522E+01 4.39347E+01 4.23510E+01 1.37964E+03
4.39737E+01 4.55535E+01 4.55711E+01 4.67970E+01 4.67968E+01 4.67972E+01 4.67984E+01 4.55711E+01 4.55535E+01 4.39737E+01 1.43002E+03
4.56129E+01 4.71889E+01 4.72066E+01 4.84295E+01 4.84293E+01 4.84297E+01 4.84309E+01 4.72066E+01 4.71889E+01 4.56129E+01 1.48078E+03
4.72680E+01 4.88404E+01 4.88581E+01 5.00781E+01 5.00779E+01 5.00783E+01 5.00795E+01 4.88581E+01 4.88404E+01 4.72680E+01 1.53192E+03
4.89387E+01 5.05074E+01 5.05252E+01 5.17423E+01 5.17422E+01 5.17426E+01 5.17438E+01 5.05252E+01 5.05074E+01 4.89387E+01 1.58340E+03
0.00000E+00 0.00000E+00 -4.59936E-02 1.39574E+00 1.39557E+00 1.39550E+00 1.39586E+00 -4.59973E-02 0.00000E+00 0.00000E+00 -2.10193E+00
0.00000E+00 0.00000E+00 -1.16412E-02 1.40288E+00 1.40271E+00 1.40266E+00 1.40308E+00 -1.16442E-02 0.00000E+00 0.00000E+00 -5.83614E-01
0.00000E+00 7.63085E-02 9.02885E-02 1.48246E+00 1.48229E+00 1.48226E+00 1.48274E+00 9.02861E-02 7.63085E-02 0.00000E+00 1.85577E+00
0.00000E+00 2.39968E-01 2.54227E-01 1.62722E+00 1.62705E+00 1.62704E+00 1.62756E+00 2.54225E-01 2.39968E-01 0.00000E+00 5.41126E+00
0.00000E+00 4.61698E-01 4.76212E-01 1.83232E+00 1.83215E+00 1.83216E+00 1.83272E+00 4.76210E-01 4.61698E-01 0.00000E+00 1.03039E+01
0.00000E+00 7.37221E-01 7.51971E-01 2.09302E+00 2.09284E+00 2.09286E+00 2.09347E+00 7.51970E-01 7.37221E-01 0.00000E+00 1.66522E+01
0.00000E+00 1.06284E+00 1.07780E+00 2.40525E+00 2.40508E+00 2.40512E+00 2.40576E+00 1.07780E+00 1.06284E+00 0.00000E+00 2.45253E+01
0.00000E+00 1.43536E+00 1.45053E+00 2.76561E+00 2.76543E+00 2.76549E+00 2.76616E+00 1.45053E+00 1.43536E+00 0.00000E+00 3.39543E+01
1.52342E-01 1.83112E+00 1.84648E+00 3.15026E+00 3.15008E+00 3.15015E+00 3.15086E+00 1.84648E+00 1.83112E+00 1.52342E-01 4.49109E+01
5.74485E-01 2.24004E+00 2.25559E+00 3.54895E+00 3.54877E+00 3.54886E+00 3.54960E+00 2.25559E+00 2.24004E+00 5.74485E-01 5.72877E+01
1.04123E+00 2.69442E+00 2.71014E+00 3.99379E+00 3.99361E+00 3.99371E+00 3.99448E+00 2.71014E+00 2.69442E+00 1.04123E+00 7.10853E+01
1.55068E+00 3.19229E+00 3.20818E+00 4.48269E+00 4.48251E+00 4.48263E+00 4.48343E+00 3.20818E+00 3.19229E+00 1.55068E+00 8.62797E+01
2.10111E+00 3.73180E+00 3.74785E+00 5.01377E+00 5.01359E+00 5.01372E+00 5.01455E+00 3.74785E+00 3.73180E+00 2.10111E+00 1.02839E+02
2.69087E+00 4.31124E+00 4.32745E+00 5.58525E+00 5.58507E+00 5.58522E+00 5.58608E+00 4.32745E+00 4.31124E+00 2.69087E+00 1.20728E+02
3.31842E+00 4.92903E+00 4.94538E+00 6.19550E+00 6.19532E+00 6.19548E+00 6.19637E+00 4.94538E+00 4.92903E+00 3.31842E+00 1.39904E+02
3.98232E+00 5.58365E+00 5.60015E+00 6.84296E+00 6.84278E+00 6.84295E+00 6.84387E+00 5.60015E+00 5.58365E+00 3.98232E+00 1.60325E+02
4.68120E+00 6.27370E+00 6.29033E+00 7.52620E+00 7.52601E+00 7.52620E+00 7.52715E+00 6.29033E+00 6.27370E+00 4.68120E+00 1.81946E+02
5.41376E+00 6.99784E+00 7.01461E+00 8.24384E+00 8.24366E+00 8.24386E+00 8.24483E+00 7.01461E+00 6.99784E+00 5.41376E+00 2.04721E+02
6.17878E+00 7.75480E+00 7.77170E+00 8.99459E+00 8.99441E+00 8.99462E+00 8.99562E+00 7.77170E+00 7.75480E+00 6.17878E+00 2.28605E+02
6.97508E+00 8.54339E+00 8.56042E+00 9.77723E+00 9.77705E+00 9.77728E+00 9.77830E+00 8.56042E+00 8.54339E+00 6.97508E+00 2.53551E+02
7.80154E+00 9.36246E+00 9.37960E+00 1.05906E+01 1.05904E+01 1.05907E+01 1.05917E+01 9.37961E+00 9.36246E+00 7.80154E+00 2.79515E+02
8.65709E+00 1.02109E+01 1.02282E+01 1.14336E+01 1.14334E+01 1.14336E+01 1.14347E+01 1.02282E+01 1.02109E+01 8.65709E+00 3.06453E+02
9.54072E+00 1.10877E+01 1.11051E+01 1.23051E+01 1.23049E+01 1.23052E+01 1.23063E+01 1.11051E+01 1.10877E+01 9.54072E+00 3.34321E+02
1.04514E+01 1.19918E+01 1.20093E+01 1.32042E+01 1.32040E+01 1.32043E+01 1.32054E+01 1.20093E+01 1.19918E+01 1.04514E+01 3.63077E+02
1.13883E+01 1.29224E+01 1.29400E+01 1.41298E+01 1.41296E+01 1.41299E+01 1.41311E+01 1.29400E+01 1.29224E+01 1.13883E+01 3.92681E+02
1.23504E+01 1.38784E+01 1.38961E+01 1.50811E+01 1.50809E+01 1.50812E+01 1.50824E+01 1.38961E+01 1.38784E+01 1.23504E+01 4.23093E+02
1.33370E+01 1.48590E+01 1.48768E+01 1.60571E+01 1.60569E+01 1.60572E+01 1.60584E+01 1.48768E+01 1.48590E+01 1.33370E+01 4.54277E+02
1.43470E+01 1.58633E+01 1.58812E+01 1.70570E+01 1.70568E+01 1.70572E+01 1.70584E+01 1.58812E+01 1.58633E+01 1.43470E+01 4.86194E+02
1.53798E+01 1.68905E+01 1.69086E+01 1.80800E+01 1.80798E+01 1.80802E+01 1.80814E+01 1.69086E+01 1.68905E+01 1.53798E+01 5.18810E+02
1.64346E+01 1.79400E+01 1.79581E+01 1.91253E+01 1.91251E+01 1.91254E+01 1.91267E+01 1.79581E+01 1.79400E+01 1.64346E+01 5.52092E+02
1.75107E+01 1.90108E+01 1.90290E+01 2.01921E+01 2.01919E+01 2.01922E+01 2.01935E+01 1.90290E+01 1.90108E+01 1.75107E+01 5.86006E+02
1.86072E+01 2.01022E+01 2.01206E+01 2.12796E+01 2.12795E+01 2.12798E+01 2.12811E+01 2.01206E+01 2.01022E+01 1.86072E+01 6.20522E+02
1.97236E+01 2.12137E+01 2.12321E+01 2.23873E+01 2.23871E+01 2.23875E+01 2.23888E+01 2.12321E+01 2.12137E+01 1.97236E+01 6.55611E+02
2.08591E+01 2.23444E+01 2.23629E+01 2.35144E+01 2.35142E+01 2.35146E+01 2.35159E+01 2.23630E+01 2.23444E+01 2.08591E+01 6.91243E+02
2.20132E+01 2.34939E+01 2.35124E+01 2.46602E+01 2.46600E+01 2.46604E+01 2.46618E+01 2.35124E+01 2.34939E+01 2.20132E+01 7.27392E+02
2.31852E+01 2.46613E+01 2.46800E+01 2.58241E+01 2.58239E+01 2.58244E+01 2.58257E+01 2.46800E+01 2.46613E+01 2.31852E+01 7.64032E+02
2.43745E+01 2.58461E+01 2.58649E+01 2.70056E+01 2.70054E+01 2.70058E+01 2.70072E+01 2.58649E+01 2.58461E+01 2.43745E+01 8.01137E+02
2.55805E+01 2.70478E+01 2.70667E+01 2.82040E+01 2.82038E+01 2.82042E+01 2.82056E+01 2.70667E+01 2.70478E+01 2.55805E+01 8.38683E+02
2.68027E+01 2.82658E+01 2.82848E+01 2.94187E+01 2.94185E+01 2.94190E+01 2.94204E+01 2.82848E+01 2.82658E+01 2.68027E+01 8.76649E+02
2.80405E+01 2.94995E+01 2.95186E+01 3.06493E+01 3.06491E+01 3.06496E+01 3.06510E+01 2.95186E+01 2.94995E+01 2.80405E+01 9.15012E+02
2.92935E+01 3.07485E+01 3.07676E+01 3.18951E+01 3.18949E+01 3.18954E+01 3.18969E+01 3.07676E+01 3.07485E+01 2.92935E+01 9.53750E+02
3.05610E+01 3.20121E+01 3.20313E+01 3.31558E+01 3.31556E+01 3.31561E+01 3.31575E+01 3.20313E+01 3.20121E+01 3.05610E+01 9.92846E+02
3.18427E+01 3.32900E+01 3.33093E+01 3.44307E+01 3.44305E+01 3.44310E+01 3.44325E+01 3.33093E+01 3.32900E+01 3.18427E+01 1.03228E+03
3.31381E+01 3.45816E+01 3.46009E+01 3.57194E+01 3.57192E+01 3.57197E+01 3.57212E+01 3.46009E+01 3.45816E+01 3.31381E+01 1.07203E+03
3.44467E+01 3.58865E+01 3.59059E+01 3.70215E+01 3.70213E+01 3.70218E+01 3.70233E+01 3.59059E+01 3.58865E+01 3.44467E+01 1.11208E+03
3.57680E+01 3.72043E+01 3.72237E+01 3.83365E+01 3.83363E+01 3.83368E+01 3.83384E+01 3.72238E+01 3.72043E+01 3.57680E+01 1.15242E+03
3.71017E+01 3.85344E+01 3.85540E+01 3.96640E+01 3.96638E+01 3.96643E+01 3.96659E+01 3.85540E+01 3.85344E+01 3.71017E+01 1.19303E+03
3.84473E+01 3.98766E+01 3.98963E+01 4.10035E+01 4.10033E+01 4.10039E+01 4.10054E+01 3.98963E+01 3.98766E+01 3.84473E+01 1.23389E+03
3.98045E+01 4.12304E+01 4.12501E+01 4.23547E+01 4.23545E+01 4.23551E+01 4.23567E+01 4.12501E+01 4.12304E+01 3.98045E+01 1.27499E+03
4.11728E+01 4.25954E+01 4.26152E+01 4.37172E+01 4.37170E+01 4.37176E+01 4.37192E+01 4.26152E+01 4.25954E+01 4.11728E+01 1.31631E+03
0.00000E+00 0.00000E+00 -4.41096E-02 1.26350E+00 1.26331E+00 1.26329E+00 1.26381E+00 -4.41079E-02 0.00000E+00 0.00000E+00 -1.98193E+00
0.00000E+00 0.00000E+00 -9.31689E-03 1.27342E+00 1.27323E+00 1.27324E+00 1.27383E+00 -9.31486E-03 0.00000E+00 0.00000E+00 -5.50518E-01
0.00000E+00 7.22116E-02 8.75936E-02 1.34991E+00 1.34972E+00 1.34975E+00 1.35041E+00 8.75958E-02 7.22116E-02 0.00000E+00 1.74949E+00
0.00000E+00 2.24497E-01 2.40206E-01 1.48499E+00 1.48479E+00 1.48485E+00 1.48557E+00 2.40208E-01 2.24497E-01 0.00000E+00 5.08217E+00
0.00000E+00 4.28110E-01 4.44117E-01 1.67346E+00 1.67327E+00 1.67335E+00 1.67412E+00 4.44119E-01 4.28110E-01 0.00000E+00 9.63139E+00
0.00000E+00 6.78647E-01 6.94928E-01 1.91050E+00 1.91030E+00 1.91040E+00 1.91122E+00 6.94931E-01 6.78647E-01 0.00000E+00 1.54833E+01
0.00000E+00 9.72407E-01 9.88944E-01 2.19208E+00 2.19188E+00 2.19201E+00 2.19287E+00 9.88947E-01 9.72407E-01 0.00000E+00 2.26799E+01
0.00000E+00 1.30628E+00 1.32306E+00 2.51487E+00 2.51467E+00 2.51482E+00 2.51573E+00 1.32306E+00 1.30628E+00 0.00000E+00 3.12308E+01
1.37002E-01 1.66030E+00 1.67730E+00 2.85878E+00 2.85858E+00 2.85875E+00 2.85970E+00 1.67731E+00 1.66030E+00 1.37002E-01 4.10731E+01
5.14898E-01 2.02609E+00 2.04331E+00 3.21526E+00 3.21506E+00 3.21525E+00 3.21624E+00 2.04331E+00 2.02609E+00 5.14898E-01 5.20855E+01
9.30261E-01 2.43014E+00 2.44756E+00 3.61061E+00 3.61041E+00 3.61062E+00 3.61165E+00 2.44756E+00 2.43014E+00 9.30261E-01 6.42905E+01
1.38127E+00 2.87053E+00 2.88814E+00 4.04285E+00 4.04265E+00 4.04287E+00 4.04394E+00 2.88814E+00 2.87053E+00 1.38127E+00 7.76579E+01
1.86623E+00 3.34550E+00 3.36330E+00 4.51014E+00 4.50994E+00 4.51018E+00 4.51129E+00 3.36330E+00 3.34550E+00 1.86623E+00 9.21521E+01
2.38360E+00 3.85343E+00 3.87140E+00 5.01081E+00 5.01061E+00 5.01087E+00 5.01202E+00 3.87140E+00 3.85343E+00 2.38360E+00 1.07734E+02
2.93192E+00 4.39281E+00 4.41096E+00 5.54333E+00 5.54313E+00 5.54340E+00 5.54458E+00 4.41096E+00 4.39281E+00 2.93192E+00 1.24362E+02
3.50986E+00 4.96225E+00 4.98056E+00 6.10625E+00 6.10605E+00 6.10634E+00 6.10756E+00 4.98057E+00 4.96225E+00 3.50986E+00 1.41994E+02
4.11613E+00 5.56044E+00 5.57892E+00 6.69824E+00 6.69804E+00 6.69835E+00 6.69960E+00 5.57892E+00 5.56044E+00 4.11613E+00 1.60586E+02
4.74956E+00 6.18616E+00 6.20479E+00 7.31804E+00 7.31784E+00 7.31817E+00 7.31945E+00 6.20480E+00 6.18616E+00 4.74956E+00 1.80096E+02
5.40902E+00 6.83825E+00 6.85703E+00 7.96448E+00 7.96428E+00 7.96462E+00 7.96593E+00 6.85704E+00 6.83825E+00 5.40902E+00 2.00479E+02
6.09346E+00 7.51563E+00 7.53455E+00 8.63643E+00 8.63624E+00 8.63660E+00 8.63794E+00 7.53456E+00 7.51563E+00 6.09346E+00 2.21696E+02
6.80185E+00 8.21725E+00 8.23632E+00 9.33287E+00 9.33267E+00 9.33305E+00 9.33442E+00 8.23632E+00 8.21725E+00 6.80185E+00 2.43704E+02
7.53325E+00 8.94215E+00 8.96136E+00 1.00528E+01 1.00526E+01 1.00530E+01 1.00544E+01 8.96136E+00 8.94215E+00 7.53325E+00 2.66465E+02
8.28675E+00 9.68939E+00 9.70874E+00 1.07952E+01 1.07950E+01 1.07954E+01 1.07969E+01 9.70874E+00 9.68939E+00 8.28675E+00 2.89940E+02
9.06148E+00 1.04581E+01 1.04776E+01 1.15593E+01 1.15591E+01 1.15595E+01 1.15610E+01 1.04776E+01 1.04581E+01 9.06148E+00 3.14092E+02
9.85661E+00 1.12474E+01 1.12670E+01 1.23442E+01 1.23440E+01 1.23444E+01 1.23459E+01 1.12670E+01 1.12474E+01 9.85661E+00 3.38886E+02
1.06714E+01 1.20566E+01 1.20763E+01 1.31490E+01 1.31488E+01 1.31493E+01 1.31508E+01 1.20763E+01 1.20566E+01 1.06714E+01 3.64288E+02
1.15050E+01 1.28847E+01 1.29046E+01 1.39731E+01 1.39729E+01 1.39733E+01 1.39749E+01 1.29046E+01 1.28847E+01 1.15050E+01 3.90265E+02
1.23567E+01 1.37312E+01 1.37512E+01 1.48155E+01 1.48153E+01 1.48158E+01 1.48174E+01 1.37512E+01 1.37312E+01 1.23567E+01 4.16787E+02
1.32259E+01 1.45953E+01 1.46154E+01 1.56757E+01 1.56755E+01 1.56760E+01 1.56776E+01 1.46154E+01 1.45953E+01 1.32259E+01 4.43824E+02
1.41119E+01 1.54764E+01 1.54966E+01 1.65530E+01 1.65528E+01 1.65533E+01 1.65549E+01 1.54966E+01 1.54764E+01 1.41119E+01 4.71347E+02
1.50140E+01 1.63737E+01 1.63940E+01 1.74467E+01 1.74465E+01 1.74470E+01 1.74487E+01 1.63940E+01 1.63737E+01 1.50140E+01 4.99330E+02
1.59317E+01 1.72867E+01 1.73072E+01 1.83561E+01 1.83560E+01 1.83565E+01 1.83582E+01 1.73072E+01 1.72867E+01 1.59317E+01 5.27747E+02
1.68643E+01 1.82148E+01 1.82354E+01 1.92808E+01 1.92806E+01 1.92812E+01 1.92828E+01 1.82354E+01 1.82148E+01 1.68643E+01 5.56573E+02
1.78113E+01 1.91574E+01 1.91781E+01 2.02200E+01 2.02198E+01 2.02204E+01 2.02221E+01 1.91781E+01 1.91574E+01 1.78113E+01 5.85784E+02
1.87721E+01 2.01140E+01 2.01347E+01 2.11733E+01 2.11731E+01 2.11737E+01 2.11755E+01 2.01347E+01 2.01140E+01 1.87721E+01 6.15360E+02
1.97463E+01 2.10840E+01 2.11049E+01 2.21402E+01 2.21400E+01 2.21406E+01 2.21423E+01 2.11049E+01 2.10840E+01 1.97463E+01 6.45278E+02
2.07333E+01 2.20670E+01 2.20879E+01 2.31200E+01 2.31198E+01 2.31204E+01 2.31222E+01 2.20879E+01 2.20670E+01 2.07333E+01 6.75518E+02
2.17326E+01 2.30624E+01 2.30834E+01 2.41124E+01 2.41122E+01 2.41128E+01 2.41146E+01 2.30834E+01 2.30624E+01 2.17326E+01 7.06062E+02
2.27439E+01 2.40697E+01 2.40909E+01 2.51168E+01 2.51166E+01 2.51173E+01 2.51191E+01 2.40909E+01 2.40697E+01 2.27439E+01 7.36891E+02
2.37665E+01 2.50887E+01 2.51099E+01 2.61329E+01 2.61327E+01 2.61333E+01 2.61352E+01 2.51099E+01 2.50887E+01 2.37665E+01 7.67987E+02
2.48002E+01 2.61187E+01 2.61400E+01 2.71601E+01 2.71599E+01 2.71606E+01 2.71624E+01 2.61400E+01 2.61187E+01 2.48002E+01 7.99335E+02
2.58445E+01 2.71594E+01 2.71808E+01 2.81980E+01 2.81978E+01 2.81985E+01 2.82004E+01 2.71808E+01 2.71594E+01 2.58445E+01 8.30918E+02
2.68990E+01 2.82104E+01 2.82319E+01 2.92463E+01 2.92462E+01 2.92469E+01 2.92488E+01 2.82319E+01 2.82104E+01 2.68990E+01 8.62721E+02
2.79634E+01 2.92713E+01 2.92929E+01 3.03046E+01 3.03044E+01 3.03051E+01 3.03071E+01 2.92929E+01 2.92713E+01 2.79634E+01 8.94730E+02
2.90371E+01 3.03417E+01 3.03634E+01 3.13725E+01 3.13723E+01 3.13730E+01 3.13750E+01 3.03634E+01 3.03417E+01 2.90371E+01 9.26932E+02
3.01200E+01 3.14213E+01 3.14431E+01 3.24496E+01 3.24494E+01 3.24501E+01 3.24521E+01 3.14431E+01 3.14213E+01 3.01200E+01 9.59313E+02
3.12117E+01 3.25097E+01 3.25316E+01 3.35355E+01 3.35353E+01 3.35361E+01 3.35381E+01 3.25316E+01 3.25097E+01 3.12117E+01 9.91862E+02
3.23117E+01 3.36066E+01 3.36286E+01 3.46300E+01 3.46298E+01 3.46306E+01 3.46326E+01 3.36286E+01 3.36066E+01 3.23117E+01 1.02457E+03
3.34199E+01 3.47117E+01 3.47337E+01 3.57327E+01 3.57326E+01 3.57333E+01 3.57354E+01 3.47337E+01 3.47117E+01 3.34199E+01 1.05742E+03
3.45359E+01 3.58247E+01 3.58468E+01 3.68434E+01 3.68432E+01 3.68440E+01 3.68460E+01 3.58468E+01 3.58247E+01 3.45359E+01 1.09040E+03
0.00000E+00 0.00000E+00 -4.22695E-02 1.14292E+00 1.14270E+00 1.14275E+00 1.14349E+00 -4.22655E-02 0.00000E+00 0.00000E+00 -1.87479E+00
0.00000E+00 0.00000E+00 -6.82997E-03 1.15561E+00 1.15539E+00 1.15547E+00 1.15629E+00 -6.82602E-03 0.00000E+00 0.00000E+00 -5.20434E-01
0.00000E+00 6.83928E-02 8.54306E-02 1.22918E+00 1.22896E+00 1.22907E+00 1.22998E+00 8.54344E-02 6.83928E-02 0.00000E+00 1.65255E+00
0.00000E+00 2.10069E-01 2.27487E-01 1.35519E+00 1.35497E+00 1.35510E+00 1.35608E+00 2.27491E-01 2.10069E-01 0.00000E+00 4.77837E+00
0.00000E+00 3.96890E-01 4.14655E-01 1.52822E+00 1.52800E+00 1.52816E+00 1.52921E+00 4.14659E-01 3.96890E-01 0.00000E+00 9.00668E+00
0.00000E+00 6.24428E-01 6.42513E-01 1.74346E+00 1.74324E+00 1.74343E+00 1.74454E+00 6.42517E-01 6.24428E-01 0.00000E+00 1.43951E+01
0.00000E+00 8.89057E-01 9.07439E-01 1.99700E+00 1.99678E+00 1.99700E+00 1.99816E+00 9.07443E-01 8.89057E-01 0.00000E+00 2.09626E+01
0.00000E+00 1.18778E+00 1.20644E+00 2.28563E+00 2.28541E+00 2.28565E+00 2.28687E+00 1.20644E+00 1.18778E+00 0.00000E+00 2.87010E+01
1.22966E-01 1.50387E+00 1.52279E+00 2.59251E+00 2.59229E+00 2.59256E+00 2.59382E+00 1.52279E+00 1.50387E+00 1.22966E-01 3.75216E+01
4.60555E-01 1.83038E+00 1.84954E+00 2.91054E+00 2.91032E+00 2.91061E+00 2.91193E+00 1.84955E+00 1.83038E+00 4.60555E-01 4.72949E+01
8.29385E-01 2.18885E+00 2.20825E+00 3.26109E+00 3.26087E+00 3.26119E+00 3.26255E+00 2.20826E+00 2.18885E+00 8.29385E-01 5.80612E+01
1.22772E+00 2.57747E+00 2.59709E+00 3.64228E+00 3.64206E+00 3.64240E+00 3.64381E+00 2.59710E+00 2.57747E+00 1.22772E+00 6.97862E+01
1.65396E+00 2.99457E+00 3.01441E+00 4.05238E+00 4.05216E+00 4.05253E+00 4.05398E+00 3.01441E+00 2.99457E+00 1.65396E+00 8.24325E+01
2.10667E+00 3.43864E+00 3.45868E+00 4.48985E+00 4.48963E+00 4.49002E+00 4.49152E+00 3.45869E+00 3.43864E+00 2.10667E+00 9.59603E+01
2.58451E+00 3.90829E+00 3.92854E+00 4.95325E+00 4.95303E+00 4.95344E+00 4.95498E+00 3.92854E+00 3.90829E+00 2.58451E+00 1.10329E+02
3.08624E+00 4.40225E+00 4.42268E+00 5.44126E+00 5.44105E+00 5.44148E+00 5.44306E+00 4.42269E+00 4.40225E+00 3.08624E+00 1.25497E+02
3.61071E+00 4.91931E+00 4.93994E+00 5.95268E+00 5.95246E+00 5.95292E+00 5.95454E+00 4.93994E+00 4.91931E+00 3.61071E+00 1.41425E+02
4.15683E+00 5.45838E+00 5.47918E+00 6.48636E+00 6.48614E+00 6.48662E+00 6.48828E+00 5.47919E+00 5.45838E+00 4.15683E+00 1.58072E+02
4.72361E+00 6.01841E+00 6.03939E+00 7.04124E+00 7.04102E+00 7.04152E+00 7.04322E+00 6.03939E+00 6.01841E+00 4.72361E+00 1.75399E+02
5.31010E+00 6.59844E+00 6.61958E+00 7.61633E+00 7.61611E+00 7.61664E+00 7.61837E+00 6.61959E+00 6.59844E+00 5.31010E+00 1.93369E+02
5.91539E+00 7.19754E+00 7.21885E+00 8.21070E+00 8.21049E+00 8.21103E+00 8.21280E+00 7.21885E+00 7.19754E+00 5.91539E+00 2.11946E+02
6.53866E+00 7.81485E+00 7.83632E+00 8.82347E+00 8.82326E+00 8.82382E+00 8.82563E+00 7.83632E+00 7.81485E+00 6.53866E+00 2.31094E+02
7.17909E+00 8.44956E+00 8.47118E+00 9.45381E+00 9.45360E+00 9.45419E+00 9.45603E+00 8.47119E+00 8.44956E+00 7.17909E+00 2.50781E+02
7.83594E+00 9.10090E+00 9.12267E+00 1.01009E+01 1.01007E+01 1.01013E+01 1.01032E+01 9.12267E+00 9.10090E+00 7.83594E+00 2.70975E+02
8.50849E+00 9.76812E+00 9.79004E+00 1.07641E+01 1.07639E+01 1.07645E+01 1.07664E+01 9.79005E+00 9.76812E+00 8.50849E+00 2.91645E+02
9.19605E+00 1.04505E+01 1.04726E+01 1.14426E+01 1.14424E+01 1.14431E+01 1.14450E+01 1.04726E+01 1.04505E+01 9.19605E+00 3.12763E+02
9.89798E+00 1.11475E+01 1.11697E+01 1.21358E+01 1.21356E+01 1.21363E+01 1.21382E+01 1.11697E+01 1.11475E+01 9.89798E+00 3.34300E+02
1.06137E+01 1.18584E+01 1.18807E+01 1.28430E+01 1.28428E+01 1.28435E+01 1.28455E+01 1.18807E+01 1.18584E+01 1.06137E+01 3.56232E+02
1.13425E+01 1.25826E+01 1.26050E+01 1.35636E+01 1.35634E+01 1.35641E+01 1.35662E+01 1.26050E+01 1.25826E+01 1.13425E+01 3.78534E+02
1.20839E+01 1.33195E+01 1.33421E+01 1.42971E+01 1.42969E+01 1.42976E+01 1.42997E+01 1.33421E+01 1.33195E+01 1.20839E+01 4.01182E+02
1.28374E+01 1.40686E+01 1.40913E+01 1.50429E+01 1.50427E+01 1.50434E+01 1.50455E+01 1.40913E+01 1.40686E+01 1.28374E+01 4.24153E+02
1.36024E+01 1.48294E+01 1.48522E+01 1.58004E+01 1.58002E+01 1.58010E+01 1.58031E+01 1.48522E+01 1.48294E+01 1.36024E+01 4.47428E+02
1.43785E+01 1.56013E+01 1.56243E+01 1.65692E+01 1.65690E+01 1.65698E+01 1.65720E+01 1.56243E+01 1.56013E+01 1.43785E+01 4.70986E+02
1.51652E+01 1.63840E+01 1.64071E+01 1.73489E+01 1.73487E+01 1.73495E+01 1.73516E+01 1.64071E+01 1.63840E+01 1.51652E+01 4.94808E+02
1.59620E+01 1.71769E+01 1.72001E+01 1.81388E+01 1.81386E+01 1.81394E+01 1.81416E+01 1.72001E+01 1.71769E+01 1.59620E+01 5.18877E+02
1.67685E+01 1.79796E+01 1.80030E+01 1.89386E+01 1.89384E+01 1.89392E+01 1.89415E+01 1.80030E+01 1.79796E+01 1.67685E+01 5.43175E+02
1.75844E+01 1.87917E+01 1.88152E+01 1.97479E+01 1.97477E+01 1.97486E+01 1.97508E+01 1.88152E+01 1.87917E+01 1.75844E+01 5.67686E+02
1.84091E+01 1.96128E+01 1.96364E+01 2.05662E+01 2.05660E+01 2.05669E+01 2.05692E+01 1.96364E+01 1.96128E+01 1.84091E+01 5.92396E+02
1.92423E+01 2.04426E+01 2.04662E+01 2.13933E+01 2.13931E+01 2.13940E+01 2.13963E+01 2.04662E+01 2.04426E+01 1.92423E+01 6.17290E+02
2.00838E+01 2.12805E+01 2.13043E+01 2.22286E+01 2.22284E+01 2.22294E+01 2.22317E+01 2.13043E+01 2.12805E+01 2.00838E+01 6.42355E+02
2.09330E+01 2.21264E+01 2.21503E+01 2.30719E+01 2.30717E+01 2.30727E+01 2.30751E+01 2.21503E+01 2.21264E+01 2.09330E+01 6.67577E+02
2.17897E+01 2.29798E+01 2.30038E+01 2.39229E+01 2.39227E+01 2.39236E+01 2.39260E+01 2.30038E+01 2.29798E+01 2.17897E+01 6.92945E+02
2.26536E+01 2.38405E+01 2.38646E+01 2.47811E+01 2.47809E+01 2.47819E+01 2.47843E+01 2.38646E+01 2.38405E+01 2.26536E+01 7.18447E+02
2.35243E+01 2.47081E+01 2.47323E+01 2.56463E+01 2.56461E+01 2.56471E+01 2.56495E+01 2.47323E+01 2.47081E+01 2.35243E+01 7.44072E+02
2.44016E+01 2.55823E+01 2.56066E+01 2.65181E+01 2.65180E+01 2.65190E+01 2.65214E+01 2.56066E+01 2.55823E+01 2.44016E+01 7.69809E+02
2.52851E+01 2.64628E+01 2.64872E+01 2.73964E+01 2.73962E+01 2.73972E+01 2.73997E+01 2.64872E+01 2.64628E+01 2.52851E+01 7.95649E+02
2.61747E+01 2.73495E+01 2.73739E+01 2.82808E+01 2.82806E+01 2.82816E+01 2.82842E+01 2.73740E+01 2.73495E+01 2.61747E+01 8.21583E+02
2.70700E+01 2.82419E+01 2.82665E+01 2.91710E+01 2.91708E+01 2.91719E+01 2.91744E+01 2.82665E+01 2.82419E+01 2.70700E+01 8.47601E+02
2.79708E+01 2.91398E+01 2.91645E+01 3.00668E+01 3.00666E+01 3.00677E+01 3.00703E+01 2.91645E+01 2.91398E+01 2.79708E+01 8.73696E+02
2.88768E+01 3.00431E+01 3.00679E+01 3.09679E+01 3.09678E+01 3.09689E+01 3.09715E+01 3.00679E+01 3.00431E+01 2.88768E+01 8.99859E+02
0.00000E+00 0.00000E+00 -4.03924E-02 1.03296E+00 1.03271E+00 1.03280E+00 1.03381E+00 -4.03887E-02 0.00000E+00 0.00000E+00 -1.77951E+00
0.00000E+00 0.00000E+00 -4.13322E-03 1.04837E+00 1.04812E+00 1.04826E+00 1.04936E+00 -4.12966E-03 0.00000E+00 0.00000E+00 -4.92965E-01
0.00000E+00 6.48218E-02 8.38048E-02 1.11918E+00 1.11893E+00 1.11910E+00 1.12030E+00 8.38082E-02 6.48218E-02 0.00000E+00 1.56433E+00
0.00000E+00 1.96589E-01 2.16013E-01 1.23667E+00 1.23642E+00 1.23663E+00 1.23792E+00 2.16016E-01 1.96589E-01 0.00000E+00 4.49789E+00
0.00000E+00 3.67843E-01 3.87670E-01 1.39537E+00 1.39511E+00 1.39536E+00 1.39673E+00 3.87673E-01 3.67843E-01 0.00000E+00 8.42608E+00
0.00000E+00 5.74220E-01 5.94417E-01 1.59054E+00 1.59029E+00 1.59057E+00 1.59202E+00 5.94420E-01 5.74220E-01 0.00000E+00 1.33816E+01
0.00000E+00 8.12225E-01 8.32765E-01 1.81844E+00 1.81819E+00 1.81851E+00 1.82002E+00 8.32768E-01 8.12225E-01 0.00000E+00 1.93642E+01
0.00000E+00 1.07901E+00 1.09987E+00 2.07603E+00 2.07578E+00 2.07614E+00 2.07771E+00 1.09988E+00 1.07901E+00 0.00000E+00 2.63517E+01
1.10135E-01 1.36066E+00 1.38182E+00 2.34929E+00 2.34904E+00 2.34942E+00 2.35106E+00 1.38182E+00 1.36066E+00 1.10135E-01 3.42365E+01
4.11050E-01 1.65143E+00 1.67288E+00 2.63234E+00 2.63209E+00 2.63251E+00 2.63421E+00 1.67288E+00 1.65143E+00 4.11050E-01 4.28860E+01
7.37789E-01 1.96870E+00 1.99041E+00 2.94238E+00 2.94214E+00 2.94259E+00 2.94435E+00 1.99041E+00 1.96870E+00 7.37789E-01 5.23545E+01
1.08873E+00 2.31074E+00 2.33271E+00 3.27766E+00 3.27741E+00 3.27789E+00 3.27971E+00 2.33272E+00 2.31074E+00 1.08873E+00 6.26059E+01
1.46239E+00 2.67604E+00 2.69826E+00 3.63658E+00 3.63634E+00 3.63685E+00 3.63872E+00 2.69826E+00 2.67604E+00 1.46239E+00 7.36021E+01
1.85746E+00 3.06319E+00 3.08565E+00 4.01772E+00 4.01748E+00 4.01802E+00 4.01994E+00 3.08565E+00 3.06319E+00 1.85746E+00 8.53044E+01
2.27270E+00 3.47094E+00 3.49363E+00 4.41977E+00 4.41953E+00 4.42010E+00 4.42208E+00 3.49363E+00 3.47094E+00 2.27270E+00 9.76737E+01
2.70700E+00 3.89813E+00 3.92104E+00 4.84155E+00 4.84131E+00 4.84191E+00 4.84394E+00 3.92105E+00 3.89813E+00 2.70700E+00 1.10672E+02
3.15933E+00 4.34369E+00 4.36682E+00 5.28196E+00 5.28172E+00 5.28235E+00 5.28443E+00 4.36682E+00 4.34369E+00 3.15933E+00 1.24261E+02
3.62873E+00 4.80663E+00 4.82996E+00 5.73999E+00 5.73975E+00 5.74041E+00 5.74254E+00 4.82996E+00 4.80663E+00 3.62873E+00 1.38406E+02
4.11430E+00 5.28603E+00 5.30956E+00 6.21469E+00 6.21446E+00 6.21515E+00 6.21732E+00 5.30956E+00 5.28603E+00 4.11430E+00 1.53072E+02
4.61522E+00 5.78104E+00 5.80476E+00 6.70520E+00 6.70497E+00 6.70569E+00 6.70790E+00 5.80476E+00 5.78104E+00 4.61522E+00 1.68225E+02
5.13069E+00 6.29084E+00 6.31475E+00 7.21070E+00 7.21047E+00 7.21121E+00 7.21347E+00 6.31475E+00 6.29084E+00 5.13069E+00 1.83833E+02
5.66000E+00 6.81470E+00 6.83879E+00 7.73041E+00 7.73018E+00 7.73096E+00 7.73326E+00 6.83879E+00 6.81470E+00 5.66000E+00 1.99868E+02
6.20243E+00 7.35189E+00 7.37616E+00 8.26363E+00 8.26340E+00 8.26421E+00 8.26655E+00 7.37617E+00 7.35189E+00 6.20243E+00 2.16299E+02
6.75736E+00 7.90177E+00 7.92621E+00 8.80967E+00 8.80945E+00 8.81028E+00 8.81267E+00 7.92622E+00 7.90177E+00 6.75736E+00 2.33101E+02
7.32415E+00 8.46370E+00 8.48831E+00 9.36790E+00 9.36768E+00 9.36854E+00 9.37096E+00 8.48831E+00 8.46370E+00 7.32415E+00 2.50247E+02
7.90224E+00 9.03708E+00 9.06186E+00 9.93771E+00 9.93749E+00 9.93838E+00 9.94085E+00 9.06186E+00 9.03708E+00 7.90224E+00 2.67714E+02
8.49106E+00 9.62136E+00 9.64630E+00 1.05185E+01 1.05183E+01 1.05192E+01 1.05217E+01 9.64630E+00 9.62136E+00 8.49106E+00 2.85479E+02
9.09010E+00 1.02160E+01 1.02411E+01 1.11099E+01 1.11096E+01 1.11106E+01 1.11131E+01 1.02411E+01 1.02160E+01 9.09010E+00 3.03520E+02
9.69887E+00 1.08205E+01 1.08458E+01 1.17111E+01 1.17109E+01 1.17119E+01 1.17145E+01 1.08458E+01 1.08205E+01 9.69887E+00 3.21818E+02
1.03169E+01 1.14344E+01 1.14598E+01 1.23219E+01 1.23217E+01 1.23227E+01 1.23253E+01 1.14598E+01 1.14344E+01 1.03169E+01 3.40353E+02
1.09437E+01 1.20572E+01 1.20828E+01 1.29417E+01 1.29415E+01 1.29425E+01 1.29451E+01 1.20828E+01 1.20572E+01 1.09437E+01 3.59107E+02
1.15789E+01 1.26886E+01 1.27142E+01 1.35700E+01 1.35698E+01 1.35709E+01 1.35736E+01 1.27142E+01 1.26886E+01 1.15789E+01 3.78065E+02
1.22221E+01 1.33280E+01 1.33538E+01 1.42066E+01 1.42064E+01 1.42074E+01 1.42102E+01 1.33538E+01 1.33280E+01 1.22221E+01 3.97209E+02
1.28729E+01 1.39751E+01 1.40010E+01 1.48509E+01 1.48507E+01 1.48518E+01 1.48546E+01 1.40010E+01 1.39751E+01 1.28729E+01 4.16525E+02
1.35309E+01 1.46295E+01 1.46556E+01 1.55026E+01 1.55024E+01 1.55035E+01 1.55063E+01 1.46556E+01 1.46295E+01 1.35309E+01 4.35998E+02
1.41958E+01 1.52909E+01 1.53171E+01 1.61614E+01 1.61612E+01 1.61623E+01 1.61652E+01 1.53171E+01 1.52909E+01 1.41958E+01 4.55617E+02
1.48672E+01 1.59589E+01 1.59853E+01 1.68268E+01 1.68266E+01 1.68278E+01 1.68307E+01 1.59853E+01 1.59589E+01 1.48672E+01 4.75368E+02
1.55449E+01 1.66333E+01 1.66598E+01 1.74987E+01 1.74985E+01 1.74997E+01 1.75026E+01 1.66598E+01 1.66333E+01 1.55449E+01 4.95239E+02
1.62284E+01 1.73136E+01 1.73402E+01 1.81766E+01 1.81764E+01 1.81776E+01 1.81805E+01 1.73402E+01 1.73136E+01 1.62284E+01 5.15220E+02
1.69176E+01 1.79997E+01 1.80264E+01 1.88602E+01 1.88600E+01 1.88613E+01 1.88642E+01 1.80264E+01 1.79997E+01 1.69176E+01 5.35299E+02
1.76122E+01 1.86911E+01 1.87180E+01 1.95493E+01 1.95492E+01 1.95504E+01 1.95534E+01 1.87180E+01 1.86911E+01 1.76122E+01 5.55468E+02
1.83118E+01 1.93878E+01 1.94147E+01 2.02437E+01 2.02435E+01 2.02448E+01 2.02478E+01 1.94147E+01 1.93878E+01 1.83118E+01 5.75717E+02
1.90163E+01 2.00893E+01 2.01164E+01 2.09430E+01 2.09428E+01 2.09441E+01 2.09472E+01 2.01164E+01 2.00893E+01 1.90163E+01 5.96038E+02
1.97253E+01 2.07954E+01 2.08227E+01 2.16470E+01 2.16468E+01 2.16481E+01 2.16512E+01 2.08227E+01 2.07954E+01 1.97253E+01 6.16422E+02
2.04387E+01 2.15060E+01 2.15334E+01 2.23554E+01 2.23553E+01 2.23566E+01 2.23597E+01 2.15334E+01 2.15060E+01 2.04387E+01 6.36861E+02
2.11563E+01 2.22208E+01 2.22483E+01 2.30681E+01 2.30680E+01 2.30693E+01 2.30725E+01 2.22483E+01 2.22208E+01 2.11563E+01 6.57348E+02
2.18777E+01 2.29396E+01 2.29671E+01 2.37848E+01 2.37847E+01 2.37861E+01 2.37893E+01 2.29671E+01 2.29396E+01 2.18777E+01 6.77877E+02
2.26029E+01 2.36621E+01 2.36898E+01 2.45054E+01 2.45052E+01 2.45066E+01 2.45098E+01 2.36898E+01 2.36621E+01 2.26029E+01 6.98441E+02
2.33316E+01 2.43882E+01 2.44160E+01 2.52295E+01 2.52293E+01 2.52308E+01 2.52340E+01 2.44160E+01 2.43882E+01 2.33316E+01 7.19034E+02
2.40636E+01 2.51177E+01 2.51455E+01 2.59570E+01 2.59569E+01 2.59584E+01 2.59616E+01 2.51455E+01 2.51177E+01 2.40636E+01 7.39649E+02
0.00000E+00 0.00000E+00 -3.83894E-02 9.32659E-01 9.32369E-01 9.32504E-01 9.33804E-01 -3.83871E-02 0.00000E+00 0.00000E+00 -1.69522E+00
0.00000E+00 0.00000E+00 -1.17462E-03 9.50736E-01 9.50447E-01 9.50636E-01 9.52066E-01 -1.17253E-03 0.00000E+00 0.00000E+00 -4.67671E-01
0.00000E+00 6.14693E-02 8.27279E-02 1.01891E+00 1.01862E+00 1.01886E+00 1.02041E+00 8.27298E-02 6.14693E-02 0.00000E+00 1.48436E+00
0.00000E+00 1.83969E-01 2.05738E-01 1.12840E+00 1.12811E+00 1.12841E+00 1.13006E+00 2.05740E-01 1.83969E-01 0.00000E+00 4.23899E+00
0.00000E+00 3.40787E-01 3.63020E-01 1.27377E+00 1.27349E+00 1.27383E+00 1.27558E+00 3.63022E-01 3.40787E-01 0.00000E+00 7.88622E+00
0.00000E+00 5.27699E-01 5.50359E-01 1.45048E+00 1.45019E+00 1.45058E+00 1.45242E+00 5.50361E-01 5.27699E-01 0.00000E+00 1.24373E+01
0.00000E+00 7.41386E-01 7.64442E-01 1.65495E+00 1.65467E+00 1.65511E+00 1.65704E+00 7.64443E-01 7.41386E-01 0.00000E+00 1.78763E+01
0.00000E+00 9.79184E-01 1.00261E+00 1.88437E+00 1.88409E+00 1.88457E+00 1.88658E+00 1.00261E+00 9.79184E-01 0.00000E+00 2.41703E+01
9.84178E-02 1.22959E+00 1.25336E+00 2.12712E+00 2.12685E+00 2.12737E+00 2.12946E+00 1.25336E+00 1.22959E+00 9.84178E-02 3.11991E+01
3.66003E-01 1.48789E+00 1.51199E+00 2.37839E+00 2.37812E+00 2.37868E+00 2.38085E+00 1.51199E+00 1.48789E+00 3.66003E-01 3.88307E+01
6.54722E-01 1.76794E+00 1.79235E+00 2.65186E+00 2.65159E+00 2.65220E+00 2.65444E+00 1.79235E+00 1.76794E+00 6.54722E-01 4.71306E+01
9.63080E-01 2.06816E+00 2.09287E+00 2.94591E+00 2.94565E+00 2.94630E+00 2.94860E+00 2.09287E+00 2.06816E+00 9.63080E-01 5.60621E+01
1.28974E+00 2.38716E+00 2.41215E+00 3.25910E+00 3.25884E+00 3.25953E+00 3.26190E+00 2.41215E+00 2.38716E+00 1.28974E+00 6.55881E+01
1.63349E+00 2.72368E+00 2.74894E+00 3.59013E+00 3.58987E+00 3.59061E+00 3.59305E+00 2.74894E+00 2.72368E+00 1.63349E+00 7.56716E+01
1.99325E+00 3.07659E+00 3.10211E+00 3.93784E+00 3.93759E+00 3.93836E+00 3.94086E+00 3.10211E+00 3.07659E+00 1.99325E+00 8.62763E+01
2.36801E+00 3.44484E+00 3.47062E+00 4.30117E+00 4.30091E+00 4.30173E+00 4.30429E+00 3.47062E+00 3.44484E+00 2.36801E+00 9.73673E+01
2.75687E+00 3.82751E+00 3.85353E+00 4.67914E+00 4.67889E+00 4.67975E+00 4.68237E+00 3.85353E+00 3.82751E+00 2.75687E+00 1.08911E+02
3.15899E+00 4.22371E+00 4.24996E+00 5.07086E+00 5.07061E+00 5.07151E+00 5.07419E+00 4.24996E+00 4.22371E+00 3.15899E+00 1.20875E+02
3.57357E+00 4.63265E+00 4.65913E+00 5.47552E+00 5.47527E+00 5.47621E+00 5.47895E+00 4.65913E+00 4.63265E+00 3.57357E+00 1.33229E+02
3.99990E+00 5.05357E+00 5.08027E+00 5.89234E+00 5.89210E+00 5.89308E+00 5.89587E+00 5.08027E+00 5.05357E+00 3.99990E+00 1.45945E+02
4.43731E+00 5.48579E+00 5.51271E+00 6.32063E+00 6.32040E+00 6.32141E+00 6.32426E+00 5.51271E+00 5.48579E+00 4.43731E+00 1.58994E+02
4.88517E+00 5.92866E+00 5.95579E+00 6.75973E+00 6.75950E+00 6.76055E+00 6.76345E+00 5.95579E+00 5.92866E+00 4.88517E+00 1.72353E+02
5.34288E+00 6.38158E+00 6.40891E+00 7.20902E+00 7.20879E+00 7.20988E+00 7.21284E+00 6.40891E+00 6.38158E+00 5.34288E+00 1.85996E+02
5.80990E+00 6.84398E+00 6.87151E+00 7.66793E+00 7.66770E+00 7.66883E+00 7.67183E+00 6.87151E+00 6.84398E+00 5.80990E+00 1.99901E+02
6.28571E+00 7.31534E+00 7.34305E+00 8.13591E+00 8.13569E+00 8.13685E+00 8.13991E+00 7.34306E+00 7.31534E+00 6.28571E+00 2.14047E+02
6.76982E+00 7.79515E+00 7.82305E+00 8.61247E+00 8.61225E+00 8.61345E+00 8.61655E+00 7.82305E+00 7.79515E+00 6.76982E+00 2.28415E+02
7.26177E+00 8.28294E+00 8.31102E+00 9.09711E+00 9.09690E+00 9.09813E+00 9.10129E+00 8.31103E+00 8.28294E+00 7.26177E+00 2.42985E+02
7.76112E+00 8.77828E+00 8.80654E+00 9.58941E+00 9.58919E+00 9.59046E+00 9.59367E+00 8.80654E+00 8.77828E+00 7.76112E+00 2.57742E+02
8.26748E+00 9.28074E+00 9.30918E+00 1.00889E+01 1.00887E+01 1.00900E+01 1.00933E+01 9.30918E+00 9.28074E+00 8.26748E+00 2.72667E+02
8.78045E+00 9.78993E+00 9.81854E+00 1.05953E+01 1.05951E+01 1.05964E+01 1.05997E+01 9.81854E+00 9.78993E+00 8.78045E+00 2.87747E+02
9.29967E+00 1.03055E+01 1.03343E+01 1.11080E+01 1.11078E+01 1.11092E+01 1.11126E+01 1.03343E+01 1.03055E+01 9.29967E+00 3.02967E+02
9.82479E+00 1.08270E+01 1.08560E+01 1.16269E+01 1.16267E+01 1.16281E+01 1.16315E+01 1.08560E+01 1.08270E+01 9.82479E+00 3.18315E+02
1.03555E+01 1.13543E+01 1.13834E+01 1.21515E+01 1.21513E+01 1.21528E+01 1.21562E+01 1.13834E+01 1.13543E+01 1.03555E+01 3.33776E+02
1.08914E+01 1.18869E+01 1.19161E+01 1.26816E+01 1.26814E+01 1.26829E+01 1.26863E+01 1.19161E+01 1.18869E+01 1.08914E+01 3.49341E+02
1.14323E+01 1.24245E+01 1.24539E+01 1.32167E+01 1.32166E+01 1.32181E+01 1.32216E+01 1.24539E+01 1.24245E+01 1.14323E+01 3.64998E+02
1.19780E+01 1.29669E+01 1.29965E+01 1.37568E+01 1.37566E+01 1.37581E+01 1.37617E+01 1.29965E+01 1.29669E+01 1.19780E+01 3.80738E+02
1.25280E+01 1.35138E+01 1.35436E+01 1.43013E+01 1.43011E+01 1.43027E+01 1.43063E+01 1.35436E+01 1.35138E+01 1.25280E+01 3.96550E+02
1.30822E+01 1.40650E+01 1.40949E+01 1.48502E+01 1.48500E+01 1.48516E+01 1.48553E+01 1.40949E+01 1.40650E+01 1.30822E+01 4.12425E+02
1.36403E+01 1.46202E+01 1.46502E+01 1.54031E+01 1.54029E+01 1.54046E+01 1.54083E+01 1.46502E+01 1.46202E+01 1.36403E+01 4.28357E+02
1.42021E+01 1.51791E+01 1.52092E+01 1.59599E+01 1.59597E+01 1.59614E+01 1.59651E+01 1.52092E+01 1.51791E+01 1.42021E+01 4.44336E+02
1.47674E+01 1.57416E+01 1.57718E+01 1.65202E+01 1.65201E+01 1.65218E+01 1.65255E+01 1.57718E+01 1.57416E+01 1.47674E+01 4.60356E+02
1.53359E+01 1.63074E+01 1.63378E+01 1.70840E+01 1.70838E+01 1.70855E+01 1.70893E+01 1.63378E+01 1.63074E+01 1.53359E+01 4.76410E+02
1.59076E+01 1.68763E+01 1.69069E+01 1.76509E+01 1.76507E+01 1.76525E+01 1.76563E+01 1.69069E+01 1.68763E+01 1.59076E+01 4.92491E+02
1.64821E+01 1.74482E+01 1.74789E+01 1.82208E+01 1.82206E+01 1.82224E+01 1.82263E+01 1.74789E+01 1.74482E+01 1.64821E+01 5.08593E+02
1.70593E+01 1.80229E+01 1.80537E+01 1.87935E+01 1.87933E+01 1.87951E+01 1.87991E+01 1.80537E+01 1.80229E+01 1.70593E+01 5.24712E+02
1.76391E+01 1.86001E+01 1.86310E+01 1.93688E+01 1.93686E+01 1.93705E+01 1.93745E+01 1.86310E+01 1.86001E+01 1.76391E+01 5.40841E+02
1.82212E+01 1.91798E+01 1.92108E+01 1.99466E+01 1.99464E+01 1.99483E+01 1.99523E+01 1.92108E+01 1.91798E+01 1.82212E+01 5.56977E+02
1.88055E+01 1.97617E+01 1.97928E+01 2.05267E+01 2.05265E+01 2.05285E+01 2.05325E+01 1.97929E+01 1.97617E+01 1.88055E+01 5.73113E+02
1.93919E+01 2.03457E+01 2.03770E+01 2.11089E+01 2.11088E+01 2.11107E+01 2.11148E+01 2.03770E+01 2.03457E+01 1.93919E+01 5.89247E+02
1.99803E+01 2.09317E+01 2.09631E+01 2.16932E+01 2.16931E+01 2.16950E+01 2.16991E+01 2.09631E+01 2.09317E+01 1.99803E+01 6.05374E+02
0.00000E+00 0.00000E+00 -3.61616E-02 8.41167E-01 8.40834E-01 8.41002E-01 8.42654E-01 -3.61610E-02 0.00000E+00 0.00000E+00 -1.62111E+00
0.00000E+00 0.00000E+00 2.10374E-03 8.61824E-01 8.61495E-01 8.61740E-01 8.63555E-01 2.10424E-03 0.00000E+00 0.00000E+00 -4.44060E-01
0.00000E+00 5.83075E-02 8.22185E-02 9.27462E-01 9.27137E-01 9.27455E-01 9.29413E-01 8.22190E-02 5.83075E-02 0.00000E+00 1.41232E+00
0.00000E+00 1.72126E-01 1.96625E-01 1.02942E+00 1.02910E+00 1.02949E+00 1.03158E+00 1.96625E-01 1.72126E-01 0.00000E+00 4.00020E+00
0.00000E+00 3.15554E-01 3.40587E-01 1.16241E+00 1.16210E+00 1.16255E+00 1.16477E+00 3.40587E-01 3.15554E-01 0.00000E+00 7.38415E+00
0.00000E+00 4.84567E-01 5.10090E-01 1.32212E+00 1.32181E+00 1.32233E+00 1.32465E+00 5.10090E-01 4.84567E-01 0.00000E+00 1.15573E+01
0.00000E+00 6.76059E-01 7.02036E-01 1.50521E+00 1.50491E+00 1.50549E+00 1.50793E+00 7.02037E-01 6.76059E-01 0.00000E+00 1.64912E+01
0.00000E+00 8.87568E-01 9.13969E-01 1.70908E+00 1.70878E+00 1.70943E+00 1.71196E+00 9.13969E-01 8.87568E-01 0.00000E+00 2.21453E+01
8.77302E-02 1.10966E+00 1.13646E+00 1.92420E+00 1.92390E+00 1.92461E+00 1.92724E+00 1.13646E+00 1.10966E+00 8.77302E-02 2.83921E+01
3.25063E-01 1.33851E+00 1.36567E+00 2.14662E+00 2.14633E+00 2.14710E+00 2.14982E+00 1.36567E+00 1.33851E+00 3.25063E-01 3.51034E+01
5.79491E-01 1.58500E+00 1.61253E+00 2.38712E+00 2.38683E+00 2.38766E+00 2.39047E+00 1.61253E+00 1.58500E+00 5.79491E-01 4.23528E+01
8.49659E-01 1.84773E+00 1.87559E+00 2.64422E+00 2.64394E+00 2.64482E+00 2.64772E+00 1.87559E+00 1.84773E+00 8.49659E-01 5.01046E+01
1.13436E+00 2.12543E+00 2.15361E+00 2.91662E+00 2.91634E+00 2.91729E+00 2.92027E+00 2.15361E+00 2.12543E+00 1.13436E+00 5.83235E+01
1.43254E+00 2.41698E+00 2.44548E+00 3.20317E+00 3.20290E+00 3.20390E+00 3.20697E+00 2.44548E+00 2.41698E+00 1.43254E+00 6.69750E+01
1.74321E+00 2.72139E+00 2.75018E+00 3.50284E+00 3.50258E+00 3.50363E+00 3.50677E+00 2.75018E+00 2.72139E+00 1.74321E+00 7.60263E+01
2.06552E+00 3.03774E+00 3.06682E+00 3.81469E+00 3.81443E+00 3.81554E+00 3.81876E+00 3.06682E+00 3.03774E+00 2.06552E+00 8.54459E+01
2.39865E+00 3.36521E+00 3.39457E+00 4.13788E+00 4.13762E+00 4.13879E+00 4.14208E+00 3.39457E+00 3.36521E+00 2.39865E+00 9.52043E+01
2.74189E+00 3.70304E+00 3.73267E+00 4.47163E+00 4.47138E+00 4.47260E+00 4.47596E+00 3.73267E+00 3.70304E+00 2.74189E+00 1.05273E+02
3.09456E+00 4.05055E+00 4.08043E+00 4.81523E+00 4.81499E+00 4.81626E+00 4.81970E+00 4.08043E+00 4.05055E+00 3.09456E+00 1.15627E+02
3.45605E+00 4.40709E+00 4.43723E+00 5.16804E+00 5.16780E+00 5.16912E+00 5.17263E+00 4.43723E+00 4.40709E+00 3.45605E+00 1.26241E+02
3.82579E+00 4.77208E+00 4.80246E+00 5.52944E+00 5.52921E+00 5.53058E+00 5.53416E+00 4.80246E+00 4.77208E+00 3.82579E+00 1.37092E+02
4.20323E+00 5.14496E+00 5.17558E+00 5.89888E+00 5.89866E+00 5.90008E+00 5.90372E+00 5.17558E+00 5.14496E+00 4.20323E+00 1.48159E+02
4.58790E+00 5.52524E+00 5.55609E+00 6.27585E+00 6.27563E+00 6.27711E+00 6.28081E+00 5.55609E+00 5.52524E+00 4.58790E+00 1.59423E+02
4.97932E+00 5.91244E+00 5.94351E+00 6.65986E+00 6.65965E+00 6.66117E+00 6.66494E+00 5.94351E+00 5.91244E+00 4.97932E+00 1.70864E+02
5.37707E+00 6.30612E+00 6.33740E+00 7.05046E+00 7.05025E+00 7.05183E+00 7.05566E+00 6.33740E+00 6.30612E+00 5.37707E+00 1.82466E+02
5.78074E+00 6.70586E+00 6.73736E+00 7.44724E+00 7.44703E+00 7.44866E+00 7.45255E+00 6.73736E+00 6.70586E+00 5.78074E+00 1.94213E+02
6.18997E+00 7.11128E+00 7.14298E+00 7.84979E+00 7.84959E+00 7.85126E+00 7.85521E+00 7.14299E+00 7.11128E+00 6.18997E+00 2.06091E+02
6.60439E+00 7.52202E+00 7.55393E+00 8.25776E+00 8.25756E+00 8.25928E+00 8.26329E+00 7.55393E+00 7.52202E+00 6.60439E+00 2.18084E+02
7.02367E+00 7.93774E+00 7.96984E+00 8.67079E+00 8.67059E+00 8.67236E+00 8.67643E+00 7.96984E+00 7.93774E+00 7.02367E+00 2.30182E+02
7.44750E+00 8.35812E+00 8.39041E+00 9.08856E+00 9.08837E+00 9.09018E+00 9.09431E+00 8.39041E+00 8.35812E+00 7.44750E+00 2.42372E+02
7.87559E+00 8.78285E+00 8.81533E+00 9.51077E+00 9.51058E+00 9.51244E+00 9.51662E+00 8.81534E+00 8.78285E+00 7.87559E+00 2.54643E+02
8.30765E+00 9.21166E+00 9.24433E+00 9.93712E+00 9.93694E+00 9.93885E+00 9.94309E+00 9.24433E+00 9.21166E+00 8.30765E+00 2.66985E+02
8.74344E+00 9.64428E+00 9.67713E+00 1.03674E+01 1.03672E+01 1.03691E+01 1.03734E+01 9.67713E+00 9.64428E+00 8.74344E+00 2.79389E+02
9.18269E+00 1.00805E+01 1.01135E+01 1.08012E+01 1.08010E+01 1.08030E+01 1.08074E+01 1.01135E+01 1.00805E+01 9.18269E+00 2.91846E+02
9.62518E+00 1.05200E+01 1.05531E+01 1.12385E+01 1.12383E+01 1.12403E+01 1.12447E+01 1.05532E+01 1.05200E+01 9.62518E+00 3.04348E+02
1.00707E+01 1.09625E+01 1.09959E+01 1.16788E+01 1.16787E+01 1.16808E+01 1.16852E+01 1.09959E+01 1.09625E+01 1.00707E+01 3.16887E+02
1.05190E+01 1.14080E+01 1.14416E+01 1.21222E+01 1.21220E+01 1.21242E+01 1.21287E+01 1.14416E+01 1.14080E+01 1.05190E+01 3.29456E+02
1.09699E+01 1.18562E+01 1.18899E+01 1.25683E+01 1.25681E+01 1.25703E+01 1.25748E+01 1.18899E+01 1.18562E+01 1.09699E+01 3.42050E+02
1.14233E+01 1.23068E+01 1.23407E+01 1.30169E+01 1.30167E+01 1.30189E+01 1.30235E+01 1.23407E+01 1.23068E+01 1.14233E+01 3.54661E+02
1.18789E+01 1.27598E+01 1.27938E+01 1.34679E+01 1.34677E+01 1.34700E+01 1.34746E+01 1.27938E+01 1.27598E+01 1.18789E+01 3.67284E+02
1.23366E+01 1.32149E+01 1.32491E+01 1.39210E+01 1.39209E+01 1.39232E+01 1.39279E+01 1.32491E+01 1.32149E+01 1.23366E+01 3.79915E+02
1.27962E+01 1.36720E+01 1.37063E+01 1.43762E+01 1.43761E+01 1.43784E+01 1.43832E+01 1.37063E+01 1.36720E+01 1.27962E+01 3.92548E+02
1.32576E+01 1.41309E+01 1.41654E+01 1.48333E+01 1.48332E+01 1.48355E+01 1.48403E+01 1.41654E+01 1.41309E+01 1.32576E+01 4.05178E+02
1.37206E+01 1.45915E+01 1.46261E+01 1.52921E+01 1.52920E+01 1.52944E+01 1.52992E+01 1.46261E+01 1.45915E+01 1.37206E+01 4.17803E+02
1.41851E+01 1.50537E+01 1.50884E+01 1.57525E+01 1.57523E+01 1.57548E+01 1.57597E+01 1.50884E+01 1.50537E+01 1.41851E+01 4.30417E+02
1.46509E+01 1.55172E+01 1.55521E+01 1.62143E+01 1.62142E+01 1.62167E+01 1.62216E+01 1.55521E+01 1.55172E+01 1.46509E+01 4.43017E+02
1.51181E+01 1.59821E+01 1.60171E+01 1.66774E+01 1.66773E+01 1.66799E+01 1.66849E+01 1.60171E+01 1.59821E+01 1.51181E+01 4.55601E+02
1.55863E+01 1.64481E+01 1.64833E+01 1.71418E+01 1.71417E+01 1.71443E+01 1.71493E+01 1.64833E+01 1.64481E+01 1.55863E+01 4.68164E+02
1.60556E+01 1.69152E+01 1.69505E+01 1.76073E+01 1.76072E+01 1.76098E+01 1.76149E+01 1.69505E+01 1.69152E+01 1.60556E+01 4.80704E+02
1.65257E+01 1.73833E+01 1.74187E+01 1.80737E+01 1.80736E+01 1.80763E+01 1.80814E+01 1.74187E+01 1.73833E+01 1.65257E+01 4.93218E+02
0.00000E+00 0.00000E+00 -3.35989E-02 7.57709E-01 7.57330E-01 7.57545E-01 7.59631E-01 -3.35996E-02 0.00000E+00 0.00000E+00 -1.55641E+00
0.00000E+00 0.00000E+00 5.76676E-03 7.80831E-01 7.80462E-01 7.80786E-01 7.83076E-01 5.76616E-03 0.00000E+00 0.00000E+00 -4.21545E-01
0.00000E+00 5.53095E-02 8.23034E-02 8.44007E-01 8.43646E-01 8.44074E-01 8.46543E-01 8.23028E-02 5.53095E-02 0.00000E+00 1.34806E+00
0.00000E+00 1.60983E-01 1.88651E-01 9.38863E-01 9.38511E-01 9.39037E-01 9.41671E-01 1.88650E-01 1.60983E-01 0.00000E+00 3.78031E+00
0.00000E+00 2.91987E-01 3.20266E-01 1.06035E+00 1.06000E+00 1.06062E+00 1.06341E+00 3.20266E-01 2.91987E-01 0.00000E+00 6.91730E+00
0.00000E+00 4.44548E-01 4.73388E-01 1.20442E+00 1.20408E+00 1.20479E+00 1.20772E+00 4.73388E-01 4.44548E-01 0.00000E+00 1.07372E+01
0.00000E+00 6.15799E-01 6.45158E-01 1.36801E+00 1.36768E+00 1.36848E+00 1.37155E+00 6.45158E-01 6.15799E-01 0.00000E+00 1.52020E+01
0.00000E+00 8.03494E-01 8.33337E-01 1.54873E+00 1.54841E+00 1.54930E+00 1.55249E+00 8.33337E-01 8.03494E-01 0.00000E+00 2.02664E+01
7.79938E-02 9.99964E-01 1.03026E+00 1.73884E+00 1.73853E+00 1.73950E+00 1.74281E+00 1.03026E+00 9.99964E-01 7.79938E-02 2.57996E+01
2.87908E-01 1.20212E+00 1.23283E+00 1.93513E+00 1.93483E+00 1.93589E+00 1.93931E+00 1.23283E+00 1.20212E+00 2.87908E-01 3.16802E+01
5.11456E-01 1.41841E+00 1.44953E+00 2.14596E+00 2.14566E+00 2.14680E+00 2.15033E+00 1.44953E+00 1.41841E+00 5.11456E-01 3.79872E+01
7.47429E-01 1.64758E+00 1.67908E+00 2.36999E+00 2.36970E+00 2.37092E+00 2.37456E+00 1.67908E+00 1.64758E+00 7.47429E-01 4.46869E+01
9.94768E-01 1.88851E+00 1.92038E+00 2.60609E+00 2.60581E+00 2.60710E+00 2.61085E+00 1.92038E+00 1.88851E+00 9.94768E-01 5.17464E+01
1.25253E+00 2.14022E+00 2.17244E+00 2.85323E+00 2.85296E+00 2.85433E+00 2.85818E+00 2.17245E+00 2.14022E+00 1.25253E+00 5.91345E+01
1.51988E+00 2.40184E+00 2.43440E+00 3.11053E+00 3.11027E+00 3.11171E+00 3.11566E+00 2.43440E+00 2.40184E+00 1.51988E+00 6.68221E+01
1.79606E+00 2.67257E+00 2.70546E+00 3.37716E+00 3.37691E+00 3.37843E+00 3.38247E+00 2.70546E+00 2.67257E+00 1.79606E+00 7.47814E+01
2.08039E+00 2.95172E+00 2.98492E+00 3.65240E+00 3.65215E+00 3.65375E+00 3.65788E+00 2.98492E+00 2.95172E+00 2.08039E+00 8.29869E+01
2.37225E+00 3.23863E+00 3.27214E+00 3.93559E+00 3.93535E+00 3.93702E+00 3.94124E+00 3.27214E+00 3.23863E+00 2.37225E+00 9.14148E+01
2.67107E+00 3.53273E+00 3.56652E+00 4.22612E+00 4.22589E+00 4.22763E+00 4.23194E+00 3.56653E+00 3.53273E+00 2.67107E+00 1.00043E+02
2.97633E+00 3.83346E+00 3.86754E+00 4.52345E+00 4.52322E+00 4.52503E+00 4.52943E+00 3.86754E+00 3.83346E+00 2.97633E+00 1.08851E+02
3.28756E+00 4.14035E+00 4.17470E+00 4.82706E+00 4.82685E+00 4.82873E+00 4.83320E+00 4.17470E+00 4.14035E+00 3.28756E+00 1.17820E+02
3.60430E+00 4.45292E+00 4.48755E+00 5.13650E+00 5.13629E+00 5.13824E+00 5.14280E+00 4.48755E+00 4.45292E+00 3.60430E+00 1.26934E+02
3.92617E+00 4.77078E+00 4.80566E+00 5.45133E+00 5.45113E+00 5.45315E+00 5.45779E+00 4.80566E+00 4.77078E+00 3.92617E+00 1.36174E+02
4.25277E+00 5.09352E+00 5.12865E+00 5.77116E+00 5.77097E+00 5.77305E+00 5.77777E+00 5.12865E+00 5.09352E+00 4.25277E+00 1.45529E+02
4.58376E+00 5.42078E+00 5.45615E+00 6.09562E+00 6.09544E+00 6.09758E+00 6.10238E+00 5.45616E+00 5.42078E+00 4.58376E+00 1.54982E+02
4.91881E+00 5.75223E+00 5.78784E+00 6.42436E+00 6.42419E+00 6.42640E+00 6.43127E+00 5.78785E+00 5.75223E+00 4.91881E+00 1.64523E+02
5.25762E+00 6.08756E+00 6.12341E+00 6.75708E+00 6.75691E+00 6.75918E+00 6.76412E+00 6.12341E+00 6.08756E+00 5.25762E+00 1.74140E+02
5.59990E+00 6.42648E+00 6.46255E+00 7.09346E+00 7.09330E+00 7.09564E+00 7.10065E+00 6.46255E+00 6.42648E+00 5.59990E+00 1.83821E+02
5.94539E+00 6.76871E+00 6.80500E+00 7.43324E+00 7.43308E+00 7.43549E+00 7.44057E+00 6.80500E+00 6.76871E+00 5.94539E+00 1.93559E+02
6.29384E+00 7.11400E+00 7.15051E+00 7.77615E+00 7.77601E+00 7.77847E+00 7.78363E+00 7.15051E+00 7.11400E+00 6.29384E+00 2.03343E+02
6.64502E+00 7.46211E+00 7.49883E+00 8.12196E+00 8.12182E+00 8.12435E+00 8.12957E+00 7.49884E+00 7.46211E+00 6.64502E+00 2.13165E+02
6.99871E+00 7.81283E+00 7.84975E+00 8.47044E+00 8.47030E+00 8.47289E+00 8.47818E+00 7.84976E+00 7.81283E+00 6.99871E+00 2.23018E+02
7.35471E+00 8.16594E+00 8.20306E+00 8.82137E+00 8.82124E+00 8.82389E+00 8.82925E+00 8.20307E+00 8.16594E+00 7.35471E+00 2.32895E+02
7.71283E+00 8.52124E+00 8.55857E+00 9.17456E+00 9.17444E+00 9.17715E+00 9.18257E+00 8.55857E+00 8.52124E+00 7.71283E+00 2.42790E+02
8.07289E+00 8.87856E+00 8.91608E+00 9.52982E+00 9.52971E+00 9.53247E+00 9.53796E+00 8.91608E+00 8.87856E+00 8.07289E+00 2.52696E+02
8.43471E+00 9.23772E+00 9.27543E+00 9.88697E+00 9.88687E+00 9.88969E+00 9.89525E+00 9.27543E+00 9.23772E+00 8.43471E+00 2.62609E+02
8.79815E+00 9.59856E+00 9.63645E+00 1.02459E+01 1.02458E+01 1.02486E+01 1.02543E+01 9.63645E+00 9.59856E+00 8.79815E+00 2.72523E+02
9.16305E+00 9.96092E+00 9.99899E+00 1.06063E+01 1.06062E+01 1.06092E+01 1.06148E+01 9.99900E+00 9.96092E+00 9.16305E+00 2.82434E+02
9.52926E+00 1.03247E+01 1.03629E+01 1.09682E+01 1.09681E+01 1.09711E+01 1.09769E+01 1.03629E+01 1.03247E+01 9.52926E+00 2.92338E+02
9.89666E+00 1.06897E+01 1.07281E+01 1.13314E+01 1.13313E+01 1.13344E+01 1.13402E+01 1.07281E+01 1.06897E+01 9.89666E+00 3.02230E+02
1.02651E+01 1.10558E+01 1.10944E+01 1.16957E+01 1.16956E+01 1.16988E+01 1.17046E+01 1.10944E+01 1.10558E+01 1.02651E+01 3.12107E+02
1.06345E+01 1.14229E+01 1.14616E+01 1.20611E+01 1.20610E+01 1.20642E+01 1.20701E+01 1.14616E+01 1.14229E+01 1.06345E+01 3.21967E+02
1.10048E+01 1.17909E+01 1.18298E+01 1.24274E+01 1.24273E+01 1.24306E+01 1.24365E+01 1.18298E+01 1.17909E+01 1.10048E+01 3.31805E+02
1.13757E+01 1.21596E+01 1.21987E+01 1.27945E+01 1.27945E+01 1.27977E+01 1.28038E+01 1.21987E+01 1.21596E+01 1.13757E+01 3.41620E+02
1.17473E+01 1.25291E+01 1.25683E+01 1.31623E+01 1.31623E+01 1.31656E+01 1.31717E+01 1.25683E+01 1.25291E+01 1.17473E+01 3.51408E+02
1.21195E+01 1.28991E+01 1.29385E+01 1.35308E+01 1.35307E+01 1.35341E+01 1.35403E+01 1.29385E+01 1.28991E+01 1.21195E+01 3.61168E+02
1.24921E+01 1.32696E+01 1.33092E+01 1.38997E+01 1.38997E+01 1.39032E+01 1.39093E+01 1.33092E+01 1.32696E+01 1.24921E+01 3.70897E+02
1.28650E+01 1.36405E+01 1.36803E+01 1.42692E+01 1.42691E+01 1.42726E+01 1.42789E+01 1.36803E+01 1.36405E+01 1.28650E+01 3.80593E+02
1.32382E+01 1.40118E+01 1.40517E+01 1.46389E+01 1.46389E+01 1.46424E+01 1.46487E+01 1.40517E+01 1.40118E+01 1.32382E+01 3.90255E+02
1.36117E+01 1.43833E+01 1.44233E+01 1.50090E+01 1.50089E+01 1.50125E+01 1.50189E+01 1.44233E+01 1.43833E+01 1.36117E+01 3.99880E+02
0.00000E+00 0.00000E+00 -3.05787E-02 6.81588E-01 6.81164E-01 6.81459E-01 6.84096E-01 -3.05800E-02 0.00000E+00 0.00000E+00 -1.50032E+00
0.00000E+00 0.00000E+00 9.88758E-03 7.07025E-01 7.06617E-01 7.07068E-01 7.09960E-01 9.88648E-03 0.00000E+00 0.00000E+00 -3.99381E-01
0.00000E+00 5.24497E-02 8.30183E-02 7.67788E-01 7.67394E-01 7.67990E-01 7.71108E-01 8.30174E-02 5.24497E-02 0.00000E+00 1.29166E+00
0.00000E+00 1.50467E-01 1.81805E-01 8.55932E-01 8.55553E-01 8.56287E-01 8.59610E-01 1.81804E-01 1.50467E-01 0.00000E+00 3.57840E+00
0.00000E+00 2.69941E-01 3.01976E-01 9.66719E-01 9.66354E-01 9.67219E-01 9.70732E-01 3.01976E-01 2.69941E-01 0.00000E+00 6.48343E+00
0.00000E+00 4.07386E-01 4.40060E-01 1.09641E+00 1.09606E+00 1.09706E+00 1.10075E+00 4.40060E-01 4.07386E-01 0.00000E+00 9.97295E+00
0.00000E+00 5.60193E-01 5.93457E-01 1.24223E+00 1.24189E+00 1.24301E+00 1.24687E+00 5.93457E-01 5.60193E-01 0.00000E+00 1.40025E+01
0.00000E+00 7.26340E-01 7.60153E-01 1.40202E+00 1.40169E+00 1.40292E+00 1.40694E+00 7.60153E-01 7.26340E-01 0.00000E+00 1.85237E+01
6.91356E-02 8.99654E-01 9.33979E-01 1.56952E+00 1.56921E+00 1.57056E+00 1.57472E+00 9.33980E-01 8.99654E-01 6.91356E-02 2.34069E+01
2.54235E-01 1.07766E+00 1.11246E+00 1.74218E+00 1.74188E+00 1.74334E+00 1.74765E+00 1.11246E+00 1.07766E+00 2.54235E-01 2.85389E+01
4.50022E-01 1.26681E+00 1.30207E+00 1.92634E+00 1.92605E+00 1.92762E+00 1.93207E+00 1.30207E+00 1.26681E+00 4.50022E-01 3.40023E+01
6.55437E-01 1.46600E+00 1.50170E+00 2.12084E+00 2.12057E+00 2.12225E+00 2.12683E+00 1.50170E+00 1.46600E+00 6.55437E-01 3.97657E+01
8.69559E-01 1.67426E+00 1.71037E+00 2.32469E+00 2.32443E+00 2.32622E+00 2.33092E+00 1.71037E+00 1.67426E+00 8.69559E-01 4.57996E+01
1.09158E+00 1.89074E+00 1.92725E+00 2.53701E+00 2.53676E+00 2.53865E+00 2.54348E+00 1.92725E+00 1.89074E+00 1.09158E+00 5.20762E+01
1.32077E+00 2.11469E+00 2.15158E+00 2.75702E+00 2.75678E+00 2.75877E+00 2.76372E+00 2.15158E+00 2.11469E+00 1.32077E+00 5.85701E+01
1.55650E+00 2.34544E+00 2.38270E+00 2.98402E+00 2.98379E+00 2.98589E+00 2.99095E+00 2.38270E+00 2.34544E+00 1.55650E+00 6.52577E+01
1.79819E+00 2.58239E+00 2.62000E+00 3.21740E+00 3.21719E+00 3.21938E+00 3.22456E+00 2.62000E+00 2.58239E+00 1.79819E+00 7.21171E+01
2.04532E+00 2.82500E+00 2.86295E+00 3.45661E+00 3.45641E+00 3.45870E+00 3.46399E+00 2.86295E+00 2.82500E+00 2.04532E+00 7.91287E+01
2.29742E+00 3.07278E+00 3.11106E+00 3.70114E+00 3.70095E+00 3.70334E+00 3.70874E+00 3.11106E+00 3.07278E+00 2.29742E+00 8.62741E+01
2.55406E+00 3.32528E+00 3.36388E+00 3.95053E+00 3.95035E+00 3.95284E+00 3.95834E+00 3.36388E+00 3.32528E+00 2.55406E+00 9.35369E+01
2.81485E+00 3.58210E+00 3.62101E+00 4.20437E+00 4.20420E+00 4.20678E+00 4.21238E+00 3.62101E+00 3.58210E+00 2.81485E+00 1.00902E+02
3.07943E+00 3.84287E+00 3.88207E+00 4.46227E+00 4.46211E+00 4.46478E+00 4.47049E+00 3.88207E+00 3.84287E+00 3.07943E+00 1.08355E+02
3.34747E+00 4.10724E+00 4.14673E+00 4.72389E+00 4.72374E+00 4.72650E+00 4.73230E+00 4.14674E+00 4.10724E+00 3.34747E+00 1.15885E+02
3.61867E+00 4.37491E+00 4.41468E+00 4.98890E+00 4.98876E+00 4.99161E+00 4.99751E+00 4.41468E+00 4.37491E+00 3.61867E+00 1.23478E+02
3.89274E+00 4.64558E+00 4.68562E+00 5.25701E+00 5.25688E+00 5.25981E+00 5.26581E+00 4.68562E+00 4.64558E+00 3.89274E+00 1.31126E+02
4.16944E+00 4.91898E+00 4.95928E+00 5.52794E+00 5.52782E+00 5.53084E+00 5.53693E+00 4.95929E+00 4.91898E+00 4.16944E+00 1.38818E+02
4.44851E+00 5.19487E+00 5.23543E+00 5.80144E+00 5.80133E+00 5.80444E+00 5.81062E+00 5.23544E+00 5.19487E+00 4.44851E+00 1.46546E+02
4.72974E+00 5.47302E+00 5.51384E+00 6.07728E+00 6.07718E+00 6.08037E+00 6.08664E+00 5.51384E+00 5.47302E+00 4.72974E+00 1.54302E+02
5.01291E+00 5.75322E+00 5.79428E+00 6.35524E+00 6.35515E+00 6.35843E+00 6.36478E+00 5.79428E+00 5.75322E+00 5.01291E+00 1.62079E+02
5.29785E+00 6.03526E+00 6.07657E+00 6.63512E+00 6.63504E+00 6.63840E+00 6.64484E+00 6.07657E+00 6.03526E+00 5.29785E+00 1.69870E+02
5.58437E+00 6.31898E+00 6.36051E+00 6.91673E+00 6.91666E+00 6.92010E+00 6.92662E+00 6.36052E+00 6.31898E+00 5.58437E+00 1.77669E+02
5.87230E+00 6.60419E+00 6.64595E+00 7.19989E+00 7.19984E+00 7.20336E+00 7.20996E+00 6.64596E+00 6.60419E+00 5.87230E+00 1.85472E+02
6.16150E+00 6.89073E+00 6.93272E+00 7.48446E+00 7.48441E+00 7.48801E+00 7.49470E+00 6.93273E+00 6.89073E+00 6.16150E+00 1.93272E+02
6.45180E+00 7.17847E+00 7.22068E+00 7.77026E+00 7.77022E+00 7.77390E+00 7.78067E+00 7.22068E+00 7.17847E+00 6.45180E+00 2.01066E+02
6.74309E+00 7.46726E+00 7.50968E+00 8.05717E+00 8.05714E+00 8.06090E+00 8.06774E+00 7.50969E+00 7.46726E+00 6.74309E+00 2.08850E+02
7.03524E+00 7.75696E+00 7.79960E+00 8.34505E+00 8.34503E+00 8.34886E+00 8.35579E+00 7.79960E+00 7.75696E+00 7.03524E+00 2.16620E+02
7.32812E+00 8.04747E+00 8.09031E+00 8.63377E+00 8.63376E+00 8.63767E+00 8.64467E+00 8.09032E+00 8.04747E+00 7.32812E+00 2.24372E+02
7.62164E+00 8.33867E+00 8.38171E+00 8.92323E+00 8.92323E+00 8.92722E+00 8.93429E+00 8.38171E+00 8.33867E+00 7.62164E+00 2.32104E+02
7.91567E+00 8.63044E+00 8.67368E+00 9.21331E+00 9.21332E+00 9.21738E+00 9.22453E+00 8.67369E+00 8.63044E+00 7.91567E+00 2.39813E+02
8.21014E+00 8.92270E+00 8.96613E+00 9.50392E+00 9.50394E+00 9.50807E+00 9.51530E+00 8.96614E+00 8.92270E+00 8.21014E+00 2.47495E+02
8.50495E+00 9.21535E+00 9.25897E+00 9.79495E+00 9.79498E+00 9.79919E+00 9.80649E+00 9.25898E+00 9.21535E+00 8.50495E+00 2.55150E+02
8.80001E+00 9.50831E+00 9.55211E+00 1.00863E+01 1.00864E+01 1.00906E+01 1.00980E+01 9.55212E+00 9.50831E+00 8.80001E+00 2.62775E+02
9.09524E+00 9.80148E+00 9.84547E+00 1.03780E+01 1.03780E+01 1.03824E+01 1.03898E+01 9.84548E+00 9.80148E+00 9.09524E+00 2.70367E+02
9.39058E+00 1.00948E+01 1.01390E+01 1.06698E+01 1.06698E+01 1.06743E+01 1.06818E+01 1.01390E+01 1.00948E+01 9.39058E+00 2.77927E+02
9.68595E+00 1.03882E+01 1.04326E+01 1.09617E+01 1.09618E+01 1.09663E+01 1.09738E+01 1.04326E+01 1.03882E+01 9.68595E+00 2.85451E+02
9.98128E+00 1.06816E+01 1.07261E+01 1.12537E+01 1.12537E+01 1.12583E+01 1.12659E+01 1.07261E+01 1.06816E+01 9.98128E+00 2.92938E+02
1.02765E+01 1.09750E+01 1.10197E+01 1.15456E+01 1.15457E+01 1.15503E+01 1.15580E+01 1.10197E+01 1.09750E+01 1.02765E+01 3.00388E+02
1.05716E+01 1.12682E+01 1.13131E+01 1.18374E+01 1.18375E+01 1.18422E+01 1.18500E+01 1.13131E+01 1.12682E+01 1.05716E+01 3.07800E+02
1.08665E+01 1.15613E+01 1.16063E+01 1.21292E+01 1.21293E+01 1.21340E+01 1.21419E+01 1.16063E+01 1.15613E+01 1.08665E+01 3.15171E+02
1.11611E+01 1.18541E+01 1.18993E+01 1.24207E+01 1.24208E+01 1.24256E+01 1.24335E+01 1.18993E+01 1.18541E+01 1.11611E+01 3.22503E+02
0.00000E+00 0.00000E+00 -2.69663E-02 6.12183E-01 6.11715E-01 6.12149E-01 6.15493E-01 -2.69677E-02 0.00000E+00 0.00000E+00 -1.45186E+00
0.00000E+00 0.00000E+00 1.45481E-02 6.39744E-01 6.39301E-01 6.39954E-01 6.43618E-01 1.45470E-02 0.00000E+00 0.00000E+00 -3.76570E-01
0.00000E+00 4.97042E-02 8.44095E-02 6.98117E-01 6.97698E-01 6.98553E-01 7.02498E-01 8.44087E-02 4.97042E-02 0.00000E+00 1.24347E+00
0.00000E+00 1.40510E-01 1.76090E-01 7.79909E-01 7.79512E-01 7.80559E-01 7.84760E-01 1.76089E-01 1.40510E-01 0.00000E+00 3.39387E+00
0.00000E+00 2.49281E-01 2.85652E-01 8.80748E-01 8.80373E-01 8.81602E-01 8.86039E-01 2.85652E-01 2.49281E-01 0.00000E+00 6.08074E+00
0.00000E+00 3.72846E-01 4.09941E-01 9.97238E-01 9.96883E-01 9.98288E-01 1.00294E+00 4.09941E-01 3.72846E-01 0.00000E+00 9.26127E+00
0.00000E+00 5.08864E-01 5.46625E-01 1.12687E+00 1.12654E+00 1.12811E+00 1.13298E+00 5.46626E-01 5.08864E-01 0.00000E+00 1.28869E+01
0.00000E+00 6.55537E-01 6.93918E-01 1.26774E+00 1.26742E+00 1.26916E+00 1.27422E+00 6.93919E-01 6.55537E-01 0.00000E+00 1.69086E+01
6.10885E-02 8.07953E-01 8.46911E-01 1.41485E+00 1.41456E+00 1.41645E+00 1.42169E+00 8.46913E-01 8.07953E-01 6.10885E-02 2.12005E+01
2.23767E-01 9.64142E-01 1.00364E+00 1.56616E+00 1.56588E+00 1.56793E+00 1.57335E+00 1.00364E+00 9.64142E-01 2.23767E-01 2.56593E+01
3.94644E-01 1.12895E+00 1.16896E+00 1.72641E+00 1.72616E+00 1.72835E+00 1.73394E+00 1.16897E+00 1.12895E+00 3.94644E-01 3.03691E+01
5.72806E-01 1.30142E+00 1.34192E+00 1.89461E+00 1.89437E+00 1.89671E+00 1.90246E+00 1.34192E+00 1.30142E+00 5.72806E-01 3.53015E+01
7.57463E-01 1.48072E+00 1.52169E+00 2.06988E+00 2.06966E+00 2.07214E+00 2.07805E+00 1.52169E+00 1.48072E+00 7.57463E-01 4.04306E+01
9.47931E-01 1.66613E+00 1.70754E+00 2.25149E+00 2.25128E+00 2.25391E+00 2.25997E+00 1.70754E+00 1.66613E+00 9.47931E-01 4.57322E+01
1.14360E+00 1.85701E+00 1.89884E+00 2.43876E+00 2.43857E+00 2.44134E+00 2.44755E+00 1.89884E+00 1.85701E+00 1.14360E+00 5.11848E+01
1.34395E+00 2.05280E+00 2.09504E+00 2.63113E+00 2.63096E+00 2.63386E+00 2.64021E+00 2.09504E+00 2.05280E+00 1.34395E+00 5.67685E+01
1.54849E+00 2.25300E+00 2.29564E+00 2.82808E+00 2.82793E+00 2.83096E+00 2.83745E+00 2.29564E+00 2.25300E+00 1.54849E+00 6.24655E+01
1.75679E+00 2.45717E+00 2.50019E+00 3.02915E+00 3.02901E+00 3.03218E+00 3.03880E+00 2.50019E+00 2.45717E+00 1.75679E+00 6.82595E+01
1.96848E+00 2.66491E+00 2.70829E+00 3.23393E+00 3.23380E+00 3.23709E+00 3.24385E+00 2.70830E+00 2.66491E+00 1.96848E+00 7.41360E+01
2.18321E+00 2.87586E+00 2.91959E+00 3.44203E+00 3.44192E+00 3.44534E+00 3.45223E+00 2.91959E+00 2.87586E+00 2.18321E+00 8.00818E+01
2.40066E+00 3.08968E+00 3.13375E+00 3.65313E+00 3.65304E+00 3.65658E+00 3.66359E+00 3.13376E+00 3.08968E+00 2.40066E+00 8.60852E+01
2.62055E+00 3.30608E+00 3.35049E+00 3.86692E+00 3.86684E+00 3.87050E+00 3.87764E+00 3.35049E+00 3.30608E+00 2.62055E+00 9.21354E+01
2.84262E+00 3.52479E+00 3.56952E+00 4.08311E+00 4.08305E+00 4.08683E+00 4.09409E+00 3.56952E+00 3.52479E+00 2.84262E+00 9.82228E+01
3.06662E+00 3.74557E+00 3.79060E+00 4.30146E+00 4.30142E+00 4.30532E+00 4.31269E+00 3.79061E+00 3.74557E+00 3.06662E+00 1.04339E+02
3.29235E+00 3.96817E+00 4.01351E+00 4.52174E+00 4.52171E+00 4.52572E+00 4.53321E+00 4.01352E+00 3.96817E+00 3.29235E+00 1.10476E+02
3.51959E+00 4.19241E+00 4.23805E+00 4.74372E+00 4.74370E+00 4.74783E+00 4.75543E+00 4.23805E+00 4.19241E+00 3.51959E+00 1.16627E+02
3.74818E+00 4.41809E+00 4.46401E+00 4.96721E+00 4.96721E+00 4.97146E+00 4.97917E+00 4.46401E+00 4.41809E+00 3.74818E+00 1.22785E+02
3.97793E+00 4.64502E+00 4.69122E+00 5.19204E+00 5.19205E+00 5.19641E+00 5.20423E+00 4.69123E+00 4.64502E+00 3.97793E+00 1.28946E+02
4.20869E+00 4.87306E+00 4.91953E+00 5.41804E+00 5.41806E+00 5.42253E+00 5.43046E+00 4.91954E+00 4.87306E+00 4.20869E+00 1.35103E+02
4.44032E+00 5.10205E+00 5.14878E+00 5.64505E+00 5.64509E+00 5.64966E+00 5.65769E+00 5.14879E+00 5.10205E+00 4.44032E+00 1.41253E+02
4.67269E+00 5.33185E+00 5.37884E+00 5.87293E+00 5.87298E+00 5.87767E+00 5.88580E+00 5.37885E+00 5.33185E+00 4.67269E+00 1.47391E+02
4.90567E+00 5.56234E+00 5.60958E+00 6.10156E+00 6.10162E+00 6.10641E+00 6.11465E+00 5.60959E+00 5.56234E+00 4.90567E+00 1.53514E+02
5.13915E+00 5.79340E+00 5.84089E+00 6.33080E+00 6.33088E+00 6.33578E+00 6.34411E+00 5.84090E+00 5.79340E+00 5.13915E+00 1.59618E+02
5.37303E+00 6.02492E+00 6.07265E+00 6.56056E+00 6.56066E+00 6.56566E+00 6.57409E+00 6.07266E+00 6.02492E+00 5.37303E+00 1.65701E+02
5.60720E+00 6.25680E+00 6.30477E+00 6.79073E+00 6.79084E+00 6.79594E+00 6.80446E+00 6.30478E+00 6.25680E+00 5.60720E+00 1.71759E+02
5.84158E+00 6.48895E+00 6.53715E+00 7.02121E+00 7.02133E+00 7.02653E+00 7.03515E+00 6.53716E+00 6.48895E+00 5.84158E+00 1.77791E+02
6.07608E+00 6.72128E+00 6.76970E+00 7.25192E+00 7.25205E+00 7.25735E+00 7.26606E+00 6.76971E+00 6.72128E+00 6.07608E+00 1.83795E+02
6.31063E+00 6.95371E+00 7.00235E+00 7.48276E+00 7.48290E+00 7.48831E+00 7.49711E+00 7.00236E+00 6.95371E+00 6.31063E+00 1.89767E+02
6.54515E+00 7.18617E+00 7.23503E+00 7.71367E+00 7.71383E+00 7.71933E+00 7.72822E+00 7.23504E+00 7.18617E+00 6.54515E+00 1.95708E+02
6.77959E+00 7.41858E+00 7.46765E+00 7.94458E+00 7.94474E+00 7.95034E+00 7.95933E+00 7.46766E+00 7.41858E+00 6.77959E+00 2.01615E+02
7.01386E+00 7.65089E+00 7.70017E+00 8.17541E+00 8.17559E+00 8.18129E+00 8.19036E+00 7.70018E+00 7.65089E+00 7.01386E+00 2.07488E+02
7.24793E+00 7.88303E+00 7.93251E+00 8.40611E+00 8.40630E+00 8.41209E+00 8.42125E+00 7.93252E+00 7.88303E+00 7.24793E+00 2.13324E+02
7.48173E+00 8.11494E+00 8.16463E+00 8.63662E+00 8.63682E+00 8.64271E+00 8.65195E+00 8.16464E+00 8.11494E+00 7.48173E+00 2.19123E+02
7.71522E+00 8.34659E+00 8.39647E+00 8.86689E+00 8.86711E+00 8.87308E+00 8.88241E+00 8.39648E+00 8.34659E+00 7.71522E+00 2.24884E+02
7.94834E+00 8.57791E+00 8.62798E+00 9.09686E+00 9.09709E+00 9.10317E+00 9.11258E+00 8.62799E+00 8.57791E+00 7.94834E+00 2.30607E+02
8.18106E+00 8.80887E+00 8.85913E+00 9.32650E+00 9.32675E+00 9.33291E+00 9.34240E+00 8.85914E+00 8.80887E+00 8.18106E+00 2.36291E+02
8.41334E+00 9.03942E+00 9.08987E+00 9.55577E+00 9.55602E+00 9.56227E+00 9.57185E+00 9.08988E+00 9.03942E+00 8.41334E+00 2.41934E+02
8.64514E+00 9.26953E+00 9.32016E+00 9.78461E+00 9.78487E+00 9.79122E+00 9.80087E+00 9.32017E+00 9.26953E+00 8.64514E+00 2.47538E+02
8.87642E+00 9.49915E+00 9.54996E+00 1.00130E+01 1.00133E+01 1.00197E+01 1.00294E+01 9.54997E+00 9.49915E+00 8.87642E+00 2.53101E+02
9.10716E+00 9.72826E+00 9.77925E+00 1.02409E+01 1.02412E+01 1.02477E+01 1.02575E+01 9.77926E+00 9.72826E+00 9.10716E+00 2.58623E+02
0.00000E+00 0.00000E+00 -2.26150E-02 5.48932E-01 5.48426E-01 5.49088E-01 5.53341E-01 -2.26163E-02 0.00000E+00 0.00000E+00 -1.40970E+00
0.00000E+00 0.00000E+00 1.98396E-02 5.78385E-01 5.77917E-01 5.78884E-01 5.83535E-01 1.98388E-02 0.00000E+00 0.00000E+00 -3.51722E-01
0.00000E+00 4.70511E-02 8.65341E-02 6.34370E-01 6.33938E-01 6.35186E-01 6.40185E-01 8.65337E-02 4.70511E-02 0.00000E+00 1.20425E+00
0.00000E+00 1.31052E-01 1.71523E-01 7.10139E-01 7.09740E-01 7.11253E-01 7.16567E-01 1.71523E-01 1.31052E-01 0.00000E+00 3.22653E+00
0.00000E+00 2.29886E-01 2.71249E-01 8.01730E-01 8.01363E-01 8.03126E-01 8.08733E-01 2.71250E-01 2.29886E-01 0.00000E+00 5.70785E+00
0.00000E+00 3.40714E-01 3.82891E-01 9.06097E-01 9.05760E-01 9.07763E-01 9.13641E-01 3.82892E-01 3.40714E-01 0.00000E+00 8.59918E+00
0.00000E+00 4.61463E-01 5.04390E-01 1.02102E+00 1.02071E+00 1.02294E+00 1.02908E+00 5.04391E-01 4.61463E-01 0.00000E+00 1.18501E+01
0.00000E+00 5.90561E-01 6.34182E-01 1.14481E+00 1.14453E+00 1.14699E+00 1.15336E+00 6.34184E-01 5.90561E-01 0.00000E+00 1.54128E+01
5.37899E-02 7.24147E-01 7.68412E-01 1.27356E+00 1.27331E+00 1.27597E+00 1.28257E+00 7.68415E-01 7.24147E-01 5.37899E-02 1.91679E+01
1.96247E-01 8.60670E-01 9.05539E-01 1.40563E+00 1.40540E+00 1.40828E+00 1.41509E+00 9.05541E-01 8.60670E-01 1.96247E-01 2.30224E+01
3.44815E-01 1.00369E+00 1.04913E+00 1.54449E+00 1.54429E+00 1.54737E+00 1.55439E+00 1.04914E+00 1.00369E+00 3.44815E-01 2.70606E+01
4.98722E-01 1.15240E+00 1.19838E+00 1.68929E+00 1.68912E+00 1.69239E+00 1.69961E+00 1.19838E+00 1.15240E+00 4.98722E-01 3.12574E+01
6.57307E-01 1.30608E+00 1.35258E+00 1.83930E+00 1.83915E+00 1.84262E+00 1.85003E+00 1.35259E+00 1.30608E+00 6.57307E-01 3.55906E+01
8.19998E-01 1.46415E+00 1.51114E+00 1.99389E+00 1.99377E+00 1.99742E+00 2.00502E+00 1.51114E+00 1.46415E+00 8.19998E-01 4.00399E+01
9.86299E-01 1.62606E+00 1.67353E+00 2.15252E+00 2.15242E+00 2.15626E+00 2.16404E+00 1.67353E+00 1.62606E+00 9.86299E-01 4.45872E+01
1.15577E+00 1.79137E+00 1.83929E+00 2.31471E+00 2.31464E+00 2.31866E+00 2.32661E+00 1.83930E+00 1.79137E+00 1.15577E+00 4.92166E+01
1.32803E+00 1.95967E+00 2.00802E+00 2.48004E+00 2.47999E+00 2.48418E+00 2.49231E+00 2.00803E+00 1.95967E+00 1.32803E+00 5.39135E+01
1.50274E+00 2.13060E+00 2.17937E+00 2.64814E+00 2.64811E+00 2.65247E+00 2.66076E+00 2.17937E+00 2.13060E+00 1.50274E+00 5.86653E+01
1.67959E+00 2.30383E+00 2.35300E+00 2.81866E+00 2.81865E+00 2.82319E+00 2.83164E+00 2.35301E+00 2.30383E+00 1.67959E+00 6.34605E+01
1.85830E+00 2.47908E+00 2.52864E+00 2.99133E+00 2.99134E+00 2.99604E+00 3.00465E+00 2.52865E+00 2.47908E+00 1.85830E+00 6.82892E+01
2.03864E+00 2.65610E+00 2.70604E+00 3.16586E+00 3.16589E+00 3.17076E+00 3.17952E+00 2.70604E+00 2.65610E+00 2.03864E+00 7.31424E+01
2.22037E+00 2.83465E+00 2.88495E+00 3.34202E+00 3.34207E+00 3.34710E+00 3.35601E+00 2.88495E+00 2.83465E+00 2.22037E+00 7.80122E+01
2.40331E+00 3.01451E+00 3.06516E+00 3.51959E+00 3.51967E+00 3.52486E+00 3.53391E+00 3.06517E+00 3.01451E+00 2.40331E+00 8.28914E+01
2.58726E+00 3.19551E+00 3.24650E+00 3.69838E+00 3.69847E+00 3.70382E+00 3.71302E+00 3.24651E+00 3.19551E+00 2.58726E+00 8.77740E+01
2.77207E+00 3.37747E+00 3.42879E+00 3.87820E+00 3.87832E+00 3.88382E+00 3.89315E+00 3.42880E+00 3.37747E+00 2.77207E+00 9.26544E+01
2.95758E+00 3.56023E+00 3.61187E+00 4.05891E+00 4.05904E+00 4.06469E+00 4.07416E+00 3.61188E+00 3.56023E+00 2.95758E+00 9.75276E+01
3.14366E+00 3.74365E+00 3.79560E+00 4.24034E+00 4.24049E+00 4.24629E+00 4.25590E+00 3.79561E+00 3.74365E+00 3.14366E+00 1.02389E+02
3.33018E+00 3.92759E+00 3.97986E+00 4.42236E+00 4.42254E+00 4.42849E+00 4.43822E+00 3.97986E+00 3.92759E+00 3.33018E+00 1.07236E+02
3.51703E+00 4.11196E+00 4.16451E+00 4.60486E+00 4.60506E+00 4.61115E+00 4.62101E+00 4.16452E+00 4.11196E+00 3.51703E+00 1.12064E+02
3.70412E+00 4.29662E+00 4.34946E+00 4.78772E+00 4.78793E+00 4.79417E+00 4.80416E+00 4.34947E+00 4.29662E+00 3.70412E+00 1.16871E+02
3.89133E+00 4.48149E+00 4.53461E+00 4.97084E+00 4.97107E+00 4.97744E+00 4.98756E+00 4.53462E+00 4.48149E+00 3.89133E+00 1.21653E+02
4.07859E+00 4.66647E+00 4.71987E+00 5.15412E+00 5.15437E+00 5.16088E+00 5.17112E+00 4.71988E+00 4.66647E+00 4.07859E+00 1.26409E+02
4.26582E+00 4.85148E+00 4.90515E+00 5.33748E+00 5.33775E+00 5.34440E+00 5.35476E+00 4.90516E+00 4.85148E+00 4.26582E+00 1.31136E+02
4.45294E+00 5.03645E+00 5.09038E+00 5.52084E+00 5.52113E+00 5.52791E+00 5.53839E+00 5.09039E+00 5.03645E+00 4.45294E+00 1.35833E+02
4.63988E+00 5.22130E+00 5.27548E+00 5.70413E+00 5.70443E+00 5.71135E+00 5.72194E+00 5.27549E+00 5.22130E+00 4.63988E+00 1.40499E+02
4.82660E+00 5.40597E+00 5.46040E+00 5.88728E+00 5.88760E+00 5.89465E+00 5.90536E+00 5.46042E+00 5.40597E+00 4.82660E+00 1.45131E+02
5.01302E+00 5.59041E+00 5.64508E+00 6.07023E+00 6.07057E+00 6.07775E+00 6.08857E+00 5.64510E+00 5.59041E+00 5.01302E+00 1.49729E+02
5.19910E+00 5.77455E+00 5.82946E+00 6.25293E+00 6.25329E+00 6.26060E+00 6.27152E+00 5.82948E+00 5.77455E+00 5.19910E+00 1.54292E+02
5.38479E+00 5.95835E+00 6.01350E+00 6.43532E+00 6.43569E+00 6.44313E+00 6.45417E+00 6.01351E+00 5.95835E+00 5.38479E+00 1.58820E+02
5.57005E+00 6.14176E+00 6.19714E+00 6.61736E+00 6.61775E+00 6.62532E+00 6.63646E+00 6.19716E+00 6.14176E+00 5.57005E+00 1.63310E+02
5.75484E+00 6.32475E+00 6.38035E+00 6.79900E+00 6.79941E+00 6.80710E+00 6.81835E+00 6.38037E+00 6.32475E+00 5.75484E+00 1.67763E+02
5.93913E+00 6.50727E+00 6.56309E+00 6.98021E+00 6.98063E+00 6.98845E+00 6.99980E+00 6.56311E+00 6.50727E+00 5.93913E+00 1.72179E+02
6.12287E+00 6.68929E+00 6.74533E+00 7.16095E+00 7.16139E+00 7.16932E+00 7.18078E+00 6.74534E+00 6.68929E+00 6.12287E+00 1.76557E+02
6.30604E+00 6.87078E+00 6.92702E+00 7.34118E+00 7.34163E+00 7.34969E+00 7.36125E+00 6.92704E+00 6.87078E+00 6.30604E+00 1.80896E+02
6.48861E+00 7.05170E+00 7.10815E+00 7.52087E+00 7.52134E+00 7.52952E+00 7.54118E+00 7.10817E+00 7.05170E+00 6.48861E+00 1.85197E+02
6.67056E+00 7.23203E+00 7.28869E+00 7.70001E+00 7.70049E+00 7.70879E+00 7.72055E+00 7.28871E+00 7.23203E+00 6.67056E+00 1.89459E+02
6.85186E+00 7.41175E+00 7.46861E+00 7.87855E+00 7.87905E+00 7.88747E+00 7.89932E+00 7.46863E+00 7.41175E+00 6.85186E+00 1.93682E+02
7.03249E+00 7.59083E+00 7.64789E+00 8.05648E+00 8.05700E+00 8.06553E+00 8.07748E+00 7.64791E+00 7.59083E+00 7.03249E+00 1.97867E+02
7.21243E+00 7.76926E+00 7.82651E+00 8.23378E+00 8.23431E+00 8.24296E+00 8.25500E+00 7.82653E+00 7.76926E+00 7.21243E+00 2.02013E+02
7.39167E+00 7.94701E+00 8.00445E+00 8.41043E+00 8.41097E+00 8.41973E+00 8.43187E+00 8.00447E+00 7.94701E+00 7.39167E+00 2.06120E+02
0.00000E+00 0.00000E+00 -1.73691E-02 4.91335E-01 4.90802E-01 4.91824E-01 4.97236E-01 -1.73703E-02 0.00000E+00 0.00000E+00 -1.37191E+00
0.00000E+00 0.00000E+00 2.58626E-02 5.22406E-01 5.21930E-01 5.23376E-01 5.29278E-01 2.58621E-02 0.00000E+00 0.00000E+00 -3.22876E-01
0.00000E+00 4.44713E-02 8.94614E-02 5.75987E-01 5.75562E-01 5.77396E-01 5.83727E-01 8.94615E-02 4.44713E-02 0.00000E+00 1.17523E+00
0.00000E+00 1.22040E-01 1.68138E-01 6.46038E-01 6.45662E-01 6.47859E-01 6.54577E-01 1.68139E-01 1.22040E-01 0.00000E+00 3.07664E+00
0.00000E+00 2.11649E-01 2.58745E-01 7.29032E-01 7.28703E-01 7.31242E-01 7.38318E-01 2.58746E-01 2.11649E-01 0.00000E+00 5.36385E+00
0.00000E+00 3.10797E-01 3.58800E-01 8.22281E-01 8.21994E-01 8.24861E-01 8.32268E-01 3.58802E-01 3.10797E-01 0.00000E+00 7.98427E+00
0.00000E+00 4.17677E-01 4.66514E-01 9.23842E-01 9.23598E-01 9.26775E-01 9.34493E-01 4.66517E-01 4.17677E-01 0.00000E+00 1.08878E+01
0.00000E+00 5.30936E-01 5.80544E-01 1.03226E+00 1.03206E+00 1.03553E+00 1.04354E+00 5.80547E-01 5.30936E-01 0.00000E+00 1.40292E+01
4.71819E-02 6.47582E-01 6.97903E-01 1.14449E+00 1.14432E+00 1.14809E+00 1.15637E+00 6.97907E-01 6.47582E-01 4.71819E-02 1.72975E+01
1.71435E-01 7.66411E-01 8.17399E-01 1.25925E+00 1.25912E+00 1.26317E+00 1.27171E+00 8.17403E-01 7.66411E-01 1.71435E-01 2.06108E+01
3.00068E-01 8.89975E-01 9.41592E-01 1.37902E+00 1.37893E+00 1.38324E+00 1.39204E+00 9.41597E-01 8.89975E-01 3.00068E-01 2.40519E+01
4.32440E-01 1.01759E+00 1.06980E+00 1.50307E+00 1.50301E+00 1.50759E+00 1.51663E+00 1.06981E+00 1.01759E+00 4.32440E-01 2.75995E+01
5.68010E-01 1.14868E+00 1.20146E+00 1.63081E+00 1.63079E+00 1.63562E+00 1.64490E+00 1.20147E+00 1.14868E+00 5.68010E-01 3.12349E+01
7.06312E-01 1.28275E+00 1.33607E+00 1.76171E+00 1.76173E+00 1.76681E+00 1.77631E+00 1.33608E+00 1.28275E+00 7.06312E-01 3.49416E+01
8.46949E-01 1.41938E+00 1.47322E+00 1.89534E+00 1.89539E+00 1.90072E+00 1.91044E+00 1.47323E+00 1.41938E+00 8.46949E-01 3.87050E+01
9.89572E-01 1.55820E+00 1.61253E+00 2.03132E+00 2.03139E+00 2.03696E+00 2.04689E+00 1.61254E+00 1.55820E+00 9.89572E-01 4.25125E+01
1.13388E+00 1.69888E+00 1.75369E+00 2.16929E+00 2.16940E+00 2.17520E+00 2.18534E+00 1.75369E+00 1.69888E+00 1.13388E+00 4.63530E+01
1.27960E+00 1.84114E+00 1.89641E+00 2.30897E+00 2.30911E+00 2.31514E+00 2.32548E+00 1.89642E+00 1.84114E+00 1.27960E+00 5.02167E+01
1.42650E+00 1.98474E+00 2.04044E+00 2.45010E+00 2.45027E+00 2.45652E+00 2.46706E+00 2.04045E+00 1.98474E+00 1.42650E+00 5.40952E+01
1.57438E+00 2.12945E+00 2.18558E+00 2.59245E+00 2.59265E+00 2.59912E+00 2.60985E+00 2.18559E+00 2.12945E+00 1.57438E+00 5.79810E+01
1.72304E+00 2.27508E+00 2.33161E+00 2.73581E+00 2.73604E+00 2.74273E+00 2.75364E+00 2.33162E+00 2.27508E+00 1.72304E+00 6.18678E+01
1.87232E+00 2.42144E+00 2.47837E+00 2.88000E+00 2.88026E+00 2.88716E+00 2.89825E+00 2.47838E+00 2.42144E+00 1.87232E+00 6.57500E+01
2.02208E+00 2.56839E+00 2.62570E+00 3.02486E+00 3.02515E+00 3.03225E+00 3.04352E+00 2.62571E+00 2.56839E+00 2.02208E+00 6.96226E+01
2.17218E+00 2.71579E+00 2.77346E+00 3.17024E+00 3.17055E+00 3.17787E+00 3.18930E+00 2.77347E+00 2.71579E+00 2.17218E+00 7.34813E+01
2.32249E+00 2.86350E+00 2.92153E+00 3.31601E+00 3.31635E+00 3.32386E+00 3.33547E+00 2.92154E+00 2.86350E+00 2.32249E+00 7.73227E+01
2.47292E+00 3.01141E+00 3.06979E+00 3.46205E+00 3.46242E+00 3.47013E+00 3.48189E+00 3.06980E+00 3.01141E+00 2.47292E+00 8.11434E+01
2.62338E+00 3.15943E+00 3.21814E+00 3.60825E+00 3.60865E+00 3.61655E+00 3.62848E+00 3.21815E+00 3.15943E+00 2.62338E+00 8.49407E+01
2.77376E+00 3.30745E+00 3.36649E+00 3.75453E+00 3.75495E+00 3.76304E+00 3.77513E+00 3.36651E+00 3.30745E+00 2.77376E+00 8.87123E+01
2.92399E+00 3.45541E+00 3.51477E+00 3.90079E+00 3.90123E+00 3.90952E+00 3.92176E+00 3.51478E+00 3.45541E+00 2.92399E+00 9.24561E+01
3.07401E+00 3.60322E+00 3.66288E+00 4.04695E+00 4.04742E+00 4.05589E+00 4.06828E+00 3.66290E+00 3.60322E+00 3.07401E+00 9.61704E+01
3.22375E+00 3.75081E+00 3.81078E+00 4.19295E+00 4.19344E+00 4.20209E+00 4.21464E+00 3.81079E+00 3.75081E+00 3.22375E+00 9.98538E+01
3.37315E+00 3.89812E+00 3.95839E+00 4.33871E+00 4.33923E+00 4.34807E+00 4.36076E+00 3.95840E+00 3.89812E+00 3.37315E+00 1.03505E+02
3.52216E+00 4.04511E+00 4.10566E+00 4.48419E+00 4.48474E+00 4.49375E+00 4.50658E+00 4.10567E+00 4.04511E+00 3.52216E+00 1.07123E+02
3.67074E+00 4.19172E+00 4.25254E+00 4.62934E+00 4.62990E+00 4.63909E+00 4.65207E+00 4.25256E+00 4.19172E+00 3.67074E+00 1.10707E+02
3.81883E+00 4.33789E+00 4.39899E+00 4.77409E+00 4.77468E+00 4.78404E+00 4.79716E+00 4.39901E+00 4.33789E+00 3.81883E+00 1.14256E+02
3.96641E+00 4.48361E+00 4.54497E+00 4.91842E+00 4.91903E+00 4.92857E+00 4.94182E+00 4.54499E+00 4.48361E+00 3.96641E+00 1.17770E+02
4.11344E+00 4.62882E+00 4.69044E+00 5.06228E+00 5.06292E+00 5.07262E+00 5.08600E+00 4.69046E+00 4.62882E+00 4.11344E+00 1.21248E+02
4.25989E+00 4.77349E+00 4.83537E+00 5.20564E+00 5.20630E+00 5.21616E+00 5.22968E+00 4.83539E+00 4.77349E+00 4.25989E+00 1.24691E+02
4.40573E+00 4.91760E+00 4.97972E+00 5.34846E+00 5.34914E+00 5.35918E+00 5.37282E+00 4.97974E+00 4.91760E+00 4.40573E+00 1.28097E+02
4.55094E+00 5.06112E+00 5.12348E+00 5.49073E+00 5.49143E+00 5.50162E+00 5.51540E+00 5.12350E+00 5.06112E+00 4.55094E+00 1.31466E+02
4.69549E+00 5.20402E+00 5.26662E+00 5.63240E+00 5.63313E+00 5.64348E+00 5.65739E+00 5.26664E+00 5.20402E+00 4.69549E+00 1.34799E+02
4.83936E+00 5.34628E+00 5.40911E+00 5.77347E+00 5.77421E+00 5.78473E+00 5.79876E+00 5.40914E+00 5.34628E+00 4.83936E+00 1.38096E+02
4.98254E+00 5.48788E+00 5.55095E+00 5.91390E+00 5.91467E+00 5.92534E+00 5.93950E+00 5.55097E+00 5.48788E+00 4.98254E+00 1.41356E+02
5.12501E+00 5.62881E+00 5.69210E+00 6.05369E+00 6.05448E+00 6.06531E+00 6.07958E+00 5.69212E+00 5.62881E+00 5.12501E+00 1.44580E+02
5.26676E+00 5.76905E+00 5.83256E+00 6.19281E+00 6.19362E+00 6.20460E+00 6.21900E+00 5.83258E+00 5.76905E+00 5.26676E+00 1.47768E+02
5.40778E+00 5.90859E+00 5.97231E+00 6.33126E+00 6.33209E+00 6.34322E+00 6.35773E+00 5.97233E+00 5.90859E+00 5.40778E+00 1.50920E+02
5.54804E+00 6.04741E+00 6.11134E+00 6.46901E+00 6.46986E+00 6.48114E+00 6.49577E+00 6.11136E+00 6.04741E+00 5.54804E+00 1.54037E+02
5.68756E+00 6.18550E+00 6.24964E+00 6.60605E+00 6.60692E+00 6.61836E+00 6.63310E+00 6.24967E+00 6.18550E+00 5.68756E+00 1.57117E+02
5.82630E+00 6.32286E+00 6.38720E+00 6.74239E+00 6.74328E+00 6.75486E+00 6.76971E+00 6.38723E+00 6.32286E+00 5.82630E+00 1.60163E+02
5.96428E+00 6.45948E+00 6.52402E+00 6.87800E+00 6.87891E+00 6.89063E+00 6.90560E+00 6.52405E+00 6.45948E+00 5.96428E+00 1.63174E+02
0.00000E+00 0.00000E+00 -1.10682E-02 4.38941E-01 4.38402E-01 4.39982E-01 4.46858E-01 -1.10695E-02 0.00000E+00 0.00000E+00 -1.33557E+00
0.00000E+00 0.00000E+00 3.27255E-02 4.71323E-01 4.70866E-01 4.73033E-01 4.80508E-01 3.27251E-02 0.00000E+00 0.00000E+00 -2.87252E-01
0.00000E+00 4.19498E-02 9.32721E-02 5.22470E-01 5.22087E-01 5.24786E-01 5.32784E-01 9.32726E-02 4.19498E-02 0.00000E+00 1.15834E+00
0.00000E+00 1.13431E-01 1.65983E-01 5.87089E-01 5.86776E-01 5.89969E-01 5.98440E-01 1.65985E-01 1.13431E-01 0.00000E+00 2.94505E+00
0.00000E+00 1.94478E-01 2.48133E-01 6.62099E-01 6.61851E-01 6.65510E-01 6.74416E-01 2.48135E-01 1.94478E-01 0.00000E+00 5.04837E+00
0.00000E+00 2.82923E-01 3.37579E-01 7.45163E-01 7.44976E-01 7.49077E-01 7.58386E-01 3.37583E-01 2.82923E-01 0.00000E+00 7.41470E+00
0.00000E+00 3.77222E-01 4.32796E-01 8.34610E-01 8.34482E-01 8.39003E-01 8.48689E-01 4.32800E-01 3.77222E-01 0.00000E+00 9.99612E+00
0.00000E+00 4.76228E-01 5.32647E-01 9.29201E-01 9.29129E-01 9.34051E-01 9.44092E-01 5.32651E-01 4.76228E-01 0.00000E+00 1.27512E+01
4.12109E-02 5.77662E-01 6.34861E-01 1.02661E+00 1.02659E+00 1.03190E+00 1.04227E+00 6.34867E-01 5.77662E-01 4.12109E-02 1.55788E+01
1.49112E-01 6.80605E-01 7.38530E-01 1.12584E+00 1.12588E+00 1.13155E+00 1.14225E+00 7.38536E-01 6.80605E-01 1.49112E-01 1.84085E+01
2.59972E-01 7.86830E-01 8.45439E-01 1.22861E+00 1.22869E+00 1.23473E+00 1.24573E+00 8.45446E-01 7.86830E-01 2.59972E-01 2.13202E+01
3.73271E-01 8.95780E-01 9.55037E-01 1.33431E+00 1.33444E+00 1.34083E+00 1.35212E+00 9.55045E-01 8.95780E-01 3.73271E-01 2.42965E+01
4.88579E-01 1.00699E+00 1.06686E+00 1.44247E+00 1.44265E+00 1.44937E+00 1.46095E+00 1.06687E+00 1.00699E+00 4.88579E-01 2.73222E+01
6.05528E-01 1.12007E+00 1.18053E+00 1.55266E+00 1.55289E+00 1.55994E+00 1.57179E+00 1.18054E+00 1.12007E+00 6.05528E-01 3.03844E+01
7.23807E-01 1.23468E+00 1.29570E+00 1.66455E+00 1.66481E+00 1.67219E+00 1.68430E+00 1.29571E+00 1.23468E+00 7.23807E-01 3.34718E+01
8.43150E-01 1.35055E+00 1.41209E+00 1.77781E+00 1.77813E+00 1.78582E+00 1.79819E+00 1.41210E+00 1.35055E+00 8.43150E-01 3.65748E+01
9.63324E-01 1.46740E+00 1.52946E+00 1.89221E+00 1.89256E+00 1.90056E+00 1.91318E+00 1.52947E+00 1.46740E+00 9.63324E-01 3.96853E+01
1.08413E+00 1.58505E+00 1.64759E+00 2.00750E+00 2.00790E+00 2.01620E+00 2.02905E+00 1.64760E+00 1.58505E+00 1.08413E+00 4.27961E+01
1.20539E+00 1.70329E+00 1.76630E+00 2.12349E+00 2.12393E+00 2.13253E+00 2.14561E+00 1.76631E+00 1.70329E+00 1.20539E+00 4.59014E+01
1.32696E+00 1.82196E+00 1.88542E+00 2.24001E+00 2.24049E+00 2.24938E+00 2.26269E+00 1.88544E+00 1.82196E+00 1.32696E+00 4.89960E+01
1.44870E+00 1.94092E+00 2.00482E+00 2.35691E+00 2.35743E+00 2.36660E+00 2.38013E+00 2.00483E+00 1.94092E+00 1.44870E+00 5.20756E+01
1.57049E+00 2.06004E+00 2.12436E+00 2.47406E+00 2.47461E+00 2.48405E+00 2.49780E+00 2.12437E+00 2.06004E+00 1.57049E+00 5.51364E+01
1.69223E+00 2.17922E+00 2.24394E+00 2.59133E+00 2.59192E+00 2.60163E+00 2.61559E+00 2.24395E+00 2.17922E+00 1.69223E+00 5.81755E+01
1.81383E+00 2.29834E+00 2.36345E+00 2.70862E+00 2.70925E+00 2.71922E+00 2.73339E+00 2.36347E+00 2.29834E+00 1.81383E+00 6.11901E+01
1.93521E+00 2.41733E+00 2.48282E+00 2.82584E+00 2.82650E+00 2.83674E+00 2.85111E+00 2.48284E+00 2.41733E+00 1.93521E+00 6.41780E+01
2.05629E+00 2.53611E+00 2.60196E+00 2.94291E+00 2.94361E+00 2.95411E+00 2.96867E+00 2.60198E+00 2.53611E+00 2.05629E+00 6.71376E+01
2.17701E+00 2.65460E+00 2.72081E+00 3.05976E+00 3.06049E+00 3.07124E+00 3.08600E+00 2.72083E+00 2.65460E+00 2.17701E+00 7.00671E+01
2.29732E+00 2.77275E+00 2.83931E+00 3.17631E+00 3.17708E+00 3.18808E+00 3.20303E+00 2.83932E+00 2.77275E+00 2.29732E+00 7.29655E+01
2.41716E+00 2.89051E+00 2.95740E+00 3.29253E+00 3.29333E+00 3.30457E+00 3.31970E+00 2.95742E+00 2.89051E+00 2.41716E+00 7.58317E+01
2.53650E+00 3.00782E+00 3.07503E+00 3.40835E+00 3.40918E+00 3.42066E+00 3.43598E+00 3.07506E+00 3.00782E+00 2.53650E+00 7.86650E+01
2.65529E+00 3.12465E+00 3.19218E+00 3.52372E+00 3.52459E+00 3.53631E+00 3.55180E+00 3.19220E+00 3.12465E+00 2.65529E+00 8.14647E+01
2.77351E+00 3.24096E+00 3.30879E+00 3.63862E+00 3.63952E+00 3.65147E+00 3.66714E+00 3.30881E+00 3.24096E+00 2.77351E+00 8.42304E+01
2.89111E+00 3.35671E+00 3.42484E+00 3.75300E+00 3.75393E+00 3.76611E+00 3.78195E+00 3.42486E+00 3.35671E+00 2.89111E+00 8.69618E+01
3.00808E+00 3.47187E+00 3.54030E+00 3.86684E+00 3.86780E+00 3.88020E+00 3.89621E+00 3.54032E+00 3.47187E+00 3.00808E+00 8.96587E+01
3.12439E+00 3.58643E+00 3.65513E+00 3.98010E+00 3.98109E+00 3.99372E+00 4.00989E+00 3.65516E+00 3.58643E+00 3.12439E+00 9.23210E+01
3.24002E+00 3.70035E+00 3.76933E+00 4.09276E+00 4.09378E+00 4.10663E+00 4.12297E+00 3.76936E+00 3.70035E+00 3.24002E+00 9.49487E+01
3.35496E+00 3.81362E+00 3.88287E+00 4.20480E+00 4.20586E+00 4.21892E+00 4.23542E+00 3.88290E+00 3.81362E+00 3.35496E+00 9.75418E+01
3.46918E+00 3.92622E+00 3.99574E+00 4.31621E+00 4.31729E+00 4.33056E+00 4.34722E+00 3.99577E+00 3.92622E+00 3.46918E+00 1.00101E+02
3.58269E+00 4.03814E+00 4.10791E+00 4.42696E+00 4.42807E+00 4.44155E+00 4.45837E+00 4.10794E+00 4.03814E+00 3.58269E+00 1.02625E+02
3.69546E+00 4.14936E+00 4.21939E+00 4.53704E+00 4.53818E+00 4.55187E+00 4.56884E+00 4.21941E+00 4.14936E+00 3.69546E+00 1.05116E+02
3.80748E+00 4.25987E+00 4.33015E+00 4.64644E+00 4.64761E+00 4.66151E+00 4.67863E+00 4.33017E+00 4.25987E+00 3.80748E+00 1.07573E+02
3.91876E+00 4.36967E+00 4.44018E+00 4.75515E+00 4.75635E+00 4.77045E+00 4.78772E+00 4.44021E+00 4.36967E+00 3.91876E+00 1.09996E+02
4.02927E+00 4.47875E+00 4.54949E+00 4.86317E+00 4.86439E+00 4.87869E+00 4.89611E+00 4.54952E+00 4.47875E+00 4.02927E+00 1.12387E+02
4.13903E+00 4.58709E+00 4.65807E+00 4.97047E+00 4.97172E+00 4.98622E+00 5.00378E+00 4.65810E+00 4.58709E+00 4.13903E+00 1.14744E+02
4.24802E+00 4.69470E+00 4.76590E+00 5.07707E+00 5.07834E+00 5.09304E+00 5.11074E+00 4.76593E+00 4.69470E+00 4.24802E+00 1.17070E+02
4.35624E+00 4.80157E+00 4.87299E+00 5.18294E+00 5.18425E+00 5.19913E+00 5.21698E+00 4.87302E+00 4.80157E+00 4.35624E+00 1.19363E+02
4.46370E+00 4.90770E+00 4.97934E+00 5.28810E+00 5.28943E+00 5.30451E+00 5.32249E+00 4.97937E+00 4.90770E+00 4.46370E+00 1.21626E+02
4.57038E+00 5.01308E+00 5.08493E+00 5.39253E+00 5.39389E+00 5.40915E+00 5.42727E+00 5.08497E+00 5.01308E+00 4.57038E+00 1.23857E+02
4.67629E+00 5.11772E+00 5.18978E+00 5.49624E+00 5.49762E+00 5.51307E+00 5.53133E+00 5.18981E+00 5.11772E+00 4.67629E+00 1.26057E+02
4.78144E+00 5.22162E+00 5.29388E+00 5.59922E+00 5.60062E+00 5.61626E+00 5.63465E+00 5.29391E+00 5.22162E+00 4.78144E+00 1.28228E+02
0.00000E+00 0.00000E+00 -3.55335E-03 3.91346E-01 3.90835E-01 3.93272E-01 4.01979E-01 -3.55495E-03 0.00000E+00 0.00000E+00 -1.29628E+00
0.00000E+00 0.00000E+00 4.05411E-02 4.24708E-01 4.24314E-01 4.27556E-01 4.36991E-01 4.05407E-02 0.00000E+00 0.00000E+00 -2.40941E-01
0.00000E+00 3.94763E-02 9.80555E-02 4.73387E-01 4.73099E-01 4.77065E-01 4.87134E-01 9.80564E-02 3.94763E-02 0.00000E+00 1.15637E+00
0.00000E+00 1.05191E-01 1.65117E-01 5.32847E-01 5.32656E-01 5.37294E-01 5.47935E-01 1.65119E-01 1.05191E-01 0.00000E+00 2.83331E+00
0.00000E+00 1.78293E-01 2.39422E-01 6.00449E-01 6.00348E-01 6.05616E-01 6.16782E-01 2.39425E-01 1.78293E-01 0.00000E+00 4.76165E+00
0.00000E+00 2.56942E-01 3.19159E-01 6.74196E-01 6.74181E-01 6.80042E-01 6.91696E-01 3.19163E-01 2.56942E-01 0.00000E+00 6.88918E+00
0.00000E+00 3.39844E-01 4.03052E-01 7.52679E-01 7.52744E-01 7.59169E-01 7.71277E-01 4.03057E-01 3.39844E-01 0.00000E+00 9.17176E+00
0.00000E+00 4.26044E-01 4.90163E-01 8.34860E-01 8.35003E-01 8.41963E-01 8.54499E-01 4.90170E-01 4.26044E-01 0.00000E+00 1.15729E+01
3.58269E-02 5.13843E-01 5.78801E-01 9.18994E-01 9.19209E-01 9.26681E-01 9.39620E-01 5.78809E-01 5.13843E-01 3.58269E-02 1.40023E+01
1.29073E-01 6.02554E-01 6.68289E-01 1.00433E+00 1.00462E+00 1.01258E+00 1.02590E+00 6.68298E-01 6.02554E-01 1.29073E-01 1.64005E+01
2.24125E-01 6.93367E-01 7.59832E-01 1.09200E+00 1.09235E+00 1.10079E+00 1.11448E+00 7.59842E-01 6.93367E-01 2.24125E-01 1.88442E+01
3.20577E-01 7.85840E-01 8.52994E-01 1.18152E+00 1.18194E+00 1.19084E+00 1.20487E+00 8.53006E-01 7.85840E-01 3.20577E-01 2.13193E+01
4.18097E-01 8.79613E-01 9.47418E-01 1.27251E+00 1.27299E+00 1.28234E+00 1.29672E+00 9.47431E-01 8.79613E-01 4.18097E-01 2.38144E+01
5.16406E-01 9.74381E-01 1.04281E+00 1.36466E+00 1.36520E+00 1.37498E+00 1.38969E+00 1.04282E+00 9.74381E-01 5.16406E-01 2.63195E+01
6.15272E-01 1.06989E+00 1.13890E+00 1.45769E+00 1.45829E+00 1.46849E+00 1.48351E+00 1.13892E+00 1.06989E+00 6.15272E-01 2.88265E+01
7.14497E-01 1.16593E+00 1.23550E+00 1.55137E+00 1.55203E+00 1.56264E+00 1.57797E+00 1.23552E+00 1.16593E+00 7.14497E-01 3.13287E+01
8.13914E-01 1.26231E+00 1.33242E+00 1.64551E+00 1.64623E+00 1.65724E+00 1.67287E+00 1.33244E+00 1.26231E+00 8.13914E-01 3.38202E+01
9.13380E-01 1.35888E+00 1.42950E+00 1.73995E+00 1.74072E+00 1.75212E+00 1.76803E+00 1.42952E+00 1.35888E+00 9.13380E-01 3.62964E+01
1.01277E+00 1.45551E+00 1.52662E+00 1.83453E+00 1.83536E+00 1.84714E+00 1.86333E+00 1.52664E+00 1.45551E+00 1.01277E+00 3.87534E+01
1.11199E+00 1.55207E+00 1.62365E+00 1.92914E+00 1.93002E+00 1.94218E+00 1.95864E+00 1.62367E+00 1.55207E+00 1.11199E+00 4.11880E+01
1.21094E+00 1.64848E+00 1.72051E+00 2.02368E+00 2.02461E+00 2.03713E+00 2.05386E+00 1.72053E+00 1.64848E+00 1.21094E+00 4.35977E+01
1.30954E+00 1.74464E+00 1.81710E+00 2.11804E+00 2.11902E+00 2.13190E+00 2.14888E+00 1.81712E+00 1.74464E+00 1.30954E+00 4.59802E+01
1.40773E+00 1.84048E+00 1.91336E+00 2.21215E+00 2.21318E+00 2.22641E+00 2.24365E+00 1.91338E+00 1.84048E+00 1.40773E+00 4.83339E+01
1.50545E+00 1.93593E+00 2.00922E+00 2.30594E+00 2.30702E+00 2.32059E+00 2.33807E+00 2.00924E+00 1.93593E+00 1.50545E+00 5.06574E+01
1.60265E+00 2.03095E+00 2.10462E+00 2.39935E+00 2.40048E+00 2.41439E+00 2.43211E+00 2.10465E+00 2.03095E+00 1.60265E+00 5.29497E+01
1.69929E+00 2.12548E+00 2.19953E+00 2.49233E+00 2.49351E+00 2.50774E+00 2.52570E+00 2.19956E+00 2.12548E+00 1.69929E+00 5.52101E+01
1.79534E+00 2.21948E+00 2.29389E+00 2.58484E+00 2.58606E+00 2.60062E+00 2.61881E+00 2.29392E+00 2.21948E+00 1.79534E+00 5.74379E+01
1.89075E+00 2.31291E+00 2.38768E+00 2.67683E+00 2.67809E+00 2.69297E+00 2.71138E+00 2.38771E+00 2.31291E+00 1.89075E+00 5.96328E+01
1.98550E+00 2.40576E+00 2.48087E+00 2.76827E+00 2.76958E+00 2.78477E+00 2.80340E+00 2.48090E+00 2.40576E+00 1.98550E+00 6.17945E+01
2.07958E+00 2.49798E+00 2.57342E+00 2.85913E+00 2.86048E+00 2.87598E+00 2.89483E+00 2.57345E+00 2.49798E+00 2.07958E+00 6.39230E+01
2.17296E+00 2.58956E+00 2.66532E+00 2.94940E+00 2.95079E+00 2.96659E+00 2.98565E+00 2.66535E+00 2.58956E+00 2.17296E+00 6.60183E+01
2.26563E+00 2.68048E+00 2.75655E+00 3.03904E+00 3.04047E+00 3.05657E+00 3.07584E+00 2.75658E+00 2.68048E+00 2.26563E+00 6.80805E+01
2.35757E+00 2.77072E+00 2.84710E+00 3.12804E+00 3.12951E+00 3.14590E+00 3.16537E+00 2.84713E+00 2.77072E+00 2.35757E+00 7.01097E+01
2.44877E+00 2.86027E+00 2.93694E+00 3.21638E+00 3.21790E+00 3.23457E+00 3.25425E+00 2.93698E+00 2.86027E+00 2.44877E+00 7.21063E+01
2.53923E+00 2.94912E+00 3.02608E+00 3.30406E+00 3.30561E+00 3.32257E+00 3.34244E+00 3.02611E+00 2.94912E+00 2.53923E+00 7.40705E+01
2.62894E+00 3.03726E+00 3.11450E+00 3.39105E+00 3.39265E+00 3.40989E+00 3.42995E+00 3.11453E+00 3.03726E+00 2.62894E+00 7.60027E+01
2.71789E+00 3.12468E+00 3.20220E+00 3.47736E+00 3.47900E+00 3.49651E+00 3.51677E+00 3.20223E+00 3.12468E+00 2.71789E+00 7.79034E+01
2.80608E+00 3.21138E+00 3.28916E+00 3.56298E+00 3.56465E+00 3.58244E+00 3.60288E+00 3.28920E+00 3.21138E+00 2.80608E+00 7.97728E+01
2.89351E+00 3.29736E+00 3.37540E+00 3.64790E+00 3.64961E+00 3.66766E+00 3.68829E+00 3.37544E+00 3.29736E+00 2.89351E+00 8.16115E+01
2.98019E+00 3.38261E+00 3.46090E+00 3.73212E+00 3.73387E+00 3.75218E+00 3.77299E+00 3.46094E+00 3.38261E+00 2.98019E+00 8.34199E+01
3.06610E+00 3.46714E+00 3.54567E+00 3.81564E+00 3.81742E+00 3.83599E+00 3.85698E+00 3.54571E+00 3.46714E+00 3.06610E+00 8.51986E+01
3.15125E+00 3.55093E+00 3.62971E+00 3.89845E+00 3.90026E+00 3.91909E+00 3.94026E+00 3.62975E+00 3.55093E+00 3.15125E+00 8.69479E+01
3.23564E+00 3.63400E+00 3.71301E+00 3.98055E+00 3.98240E+00 4.00149E+00 4.02283E+00 3.71305E+00 3.63400E+00 3.23564E+00 8.86685E+01
3.31928E+00 3.71634E+00 3.79558E+00 4.06196E+00 4.06384E+00 4.08317E+00 4.10468E+00 3.79563E+00 3.71634E+00 3.31928E+00 9.03608E+01
3.40216E+00 3.79796E+00 3.87743E+00 4.14265E+00 4.14457E+00 4.16415E+00 4.18583E+00 3.87747E+00 3.79796E+00 3.40216E+00 9.20253E+01
3.48430E+00 3.87886E+00 3.95855E+00 4.22265E+00 4.22461E+00 4.24443E+00 4.26627E+00 3.95859E+00 3.87886E+00 3.48430E+00 9.36625E+01
3.56570E+00 3.95904E+00 4.03894E+00 4.30195E+00 4.30394E+00 4.32400E+00 4.34601E+00 4.03899E+00 3.95904E+00 3.56570E+00 9.52730E+01
3.64636E+00 4.03851E+00 4.11862E+00 4.38056E+00 4.38258E+00 4.40288E+00 4.42505E+00 4.11867E+00 4.03851E+00 3.64636E+00 9.68573E+01
3.72629E+00 4.11727E+00 4.19759E+00 4.45847E+00 4.46052E+00 4.48106E+00 4.50339E+00 4.19763E+00 4.11727E+00 3.72629E+00 9.84158E+01
3.80549E+00 4.19533E+00 4.27585E+00 4.53570E+00 4.53778E+00 4.55855E+00 4.58104E+00 4.27589E+00 4.19533E+00 3.80549E+00 9.99490E+01
0.00000E+00 0.00000E+00 5.32262E-03 3.48193E-01 3.47768E-01 3.51509E-01 3.62482E-01 5.32034E-03 0.00000E+00 0.00000E+00 -1.24753E+00
0.00000E+00 0.00000E+00 4.94198E-02 3.82194E-01 3.81934E-01 3.86773E-01 3.98623E-01 4.94194E-02 0.00000E+00 0.00000E+00 -1.78526E-01
0.00000E+00 3.70461E-02 1.03902E-01 4.28377E-01 4.28263E-01 4.34085E-01 4.46698E-01 1.03904E-01 3.70461E-02 0.00000E+00 1.17321E+00
0.00000E+00 9.72982E-02 1.65601E-01 4.82943E-01 4.82963E-01 4.89690E-01 5.02990E-01 1.65604E-01 9.72982E-02 0.00000E+00 2.74383E+00
0.00000E+00 1.63033E-01 2.32622E-01 5.43681E-01 5.43826E-01 5.51397E-01 5.65328E-01 2.32627E-01 1.63033E-01 0.00000E+00 4.50464E+00
0.00000E+00 2.32725E-01 3.03470E-01 6.08921E-01 6.09182E-01 6.17546E-01 6.32062E-01 3.03476E-01 2.32725E-01 0.00000E+00 6.40707E+00
0.00000E+00 3.05312E-01 3.77106E-01 6.77496E-01 6.77868E-01 6.86980E-01 7.02041E-01 3.77114E-01 3.05312E-01 0.00000E+00 8.41217E+00
0.00000E+00 3.80024E-01 4.52778E-01 7.48561E-01 7.49037E-01 7.58860E-01 7.74433E-01 4.52788E-01 3.80024E-01 0.00000E+00 1.04891E+01
3.09835E-02 4.55624E-01 5.29258E-01 8.20837E-01 8.21411E-01 8.31909E-01 8.47964E-01 5.29269E-01 4.55624E-01 3.09835E-02 1.25591E+01
1.11126E-01 5.31615E-01 6.06059E-01 8.93769E-01 8.94437E-01 9.05582E-01 9.22094E-01 6.06073E-01 5.31615E-01 1.11126E-01 1.45734E+01
1.92156E-01 6.08763E-01 6.83966E-01 9.68062E-01 9.68820E-01 9.80587E-01 9.97538E-01 6.83981E-01 6.08763E-01 1.92156E-01 1.66043E+01
2.73769E-01 6.86732E-01 7.62648E-01 1.04335E+00 1.04420E+00 1.05657E+00 1.07394E+00 7.62664E-01 6.86732E-01 2.73769E-01 1.86415E+01
3.55720E-01 7.65250E-01 8.41839E-01 1.11936E+00 1.12029E+00 1.13324E+00 1.15101E+00 8.41857E-01 7.65250E-01 3.55720E-01 2.06764E+01
4.37810E-01 8.44096E-01 9.21321E-01 1.19583E+00 1.19684E+00 1.21035E+00 1.22852E+00 9.21340E-01 8.44096E-01 4.37810E-01 2.27023E+01
5.19875E-01 9.23086E-01 1.00091E+00 1.27257E+00 1.27366E+00 1.28772E+00 1.30626E+00 1.00093E+00 9.23086E-01 5.19875E-01 2.47136E+01
6.01778E-01 1.00207E+00 1.08047E+00 1.34942E+00 1.35058E+00 1.36518E+00 1.38409E+00 1.08049E+00 1.00207E+00 6.01778E-01 2.67059E+01
6.83407E-01 1.08092E+00 1.15986E+00 1.42624E+00 1.42748E+00 1.44259E+00 1.46185E+00 1.15988E+00 1.08092E+00 6.83407E-01 2.86757E+01
7.64669E-01 1.15952E+00 1.23898E+00 1.50291E+00 1.50422E+00 1.51984E+00 1.53944E+00 1.23901E+00 1.15952E+00 7.64669E-01 3.06203E+01
8.45485E-01 1.23780E+00 1.31776E+00 1.57934E+00 1.58072E+00 1.59683E+00 1.61677E+00 1.31779E+00 1.23780E+00 8.45485E-01 3.25374E+01
9.25792E-01 1.31568E+00 1.39611E+00 1.65545E+00 1.65690E+00 1.67349E+00 1.69375E+00 1.39614E+00 1.31568E+00 9.25792E-01 3.44254E+01
1.00554E+00 1.39309E+00 1.47397E+00 1.73116E+00 1.73269E+00 1.74974E+00 1.77031E+00 1.47400E+00 1.39309E+00 1.00554E+00 3.62831E+01
1.08467E+00 1.46998E+00 1.55130E+00 1.80643E+00 1.80802E+00 1.82553E+00 1.84641E+00 1.55133E+00 1.46998E+00 1.08467E+00 3.81096E+01
1.16316E+00 1.54631E+00 1.62805E+00 1.88120E+00 1.88285E+00 1.90081E+00 1.92199E+00 1.62809E+00 1.54631E+00 1.16316E+00 3.99042E+01
1.24098E+00 1.62205E+00 1.70419E+00 1.95543E+00 1.95715E+00 1.97554E+00 1.99701E+00 1.70423E+00 1.62205E+00 1.24098E+00 4.16666E+01
1.31810E+00 1.69716E+00 1.77969E+00 2.02909E+00 2.03087E+00 2.04969E+00 2.07145E+00 1.77973E+00 1.69716E+00 1.31810E+00 4.33967E+01
1.39449E+00 1.77162E+00 1.85453E+00 2.10216E+00 2.10399E+00 2.12323E+00 2.14527E+00 1.85456E+00 1.77162E+00 1.39449E+00 4.50944E+01
1.47016E+00 1.84541E+00 1.92868E+00 2.17459E+00 2.17649E+00 2.19614E+00 2.21845E+00 1.92871E+00 1.84541E+00 1.47016E+00 4.67598E+01
1.54508E+00 1.91852E+00 2.00213E+00 2.24639E+00 2.24834E+00 2.26840E+00 2.29097E+00 2.00217E+00 1.91852E+00 1.54508E+00 4.83932E+01
1.61924E+00 1.99092E+00 2.07487E+00 2.31753E+00 2.31954E+00 2.33999E+00 2.36282E+00 2.07491E+00 1.99092E+00 1.61924E+00 4.99948E+01
1.69264E+00 2.06262E+00 2.14689E+00 2.38800E+00 2.39006E+00 2.41091E+00 2.43400E+00 2.14694E+00 2.06262E+00 1.69264E+00 5.15651E+01
1.76528E+00 2.13361E+00 2.21819E+00 2.45779E+00 2.45991E+00 2.48113E+00 2.50448E+00 2.21824E+00 2.13361E+00 1.76528E+00 5.31044E+01
1.83715E+00 2.20387E+00 2.28876E+00 2.52690E+00 2.52907E+00 2.55067E+00 2.57426E+00 2.28880E+00 2.20387E+00 1.83715E+00 5.46133E+01
1.90825E+00 2.27341E+00 2.35860E+00 2.59532E+00 2.59754E+00 2.61951E+00 2.64334E+00 2.35864E+00 2.27341E+00 1.90825E+00 5.60923E+01
1.97859E+00 2.34223E+00 2.42770E+00 2.66305E+00 2.66532E+00 2.68765E+00 2.71172E+00 2.42775E+00 2.34223E+00 1.97859E+00 5.75419E+01
2.04816E+00 2.41032E+00 2.49607E+00 2.73008E+00 2.73240E+00 2.75509E+00 2.77939E+00 2.49612E+00 2.41032E+00 2.04816E+00 5.89626E+01
2.11697E+00 2.47769E+00 2.56372E+00 2.79642E+00 2.79879E+00 2.82183E+00 2.84636E+00 2.56376E+00 2.47769E+00 2.11697E+00 6.03551E+01
2.18503E+00 2.54435E+00 2.63063E+00 2.86207E+00 2.86449E+00 2.88787E+00 2.91262E+00 2.63068E+00 2.54435E+00 2.18503E+00 6.17199E+01
2.25233E+00 2.61028E+00 2.69682E+00 2.92703E+00 2.92949E+00 2.95321E+00 2.97819E+00 2.69687E+00 2.61028E+00 2.25233E+00 6.30576E+01
2.31889E+00 2.67551E+00 2.76230E+00 2.99130E+00 2.99381E+00 3.01786E+00 3.04306E+00 2.76235E+00 2.67551E+00 2.31889E+00 6.43688E+01
2.38472E+00 2.74003E+00 2.82706E+00 3.05488E+00 3.05744E+00 3.08183E+00 3.10723E+00 2.82711E+00 2.74003E+00 2.38472E+00 6.56541E+01
2.44981E+00 2.80385E+00 2.89111E+00 3.11779E+00 3.12040E+00 3.14510E+00 3.17072E+00 2.89117E+00 2.80385E+00 2.44981E+00 6.69141E+01
2.51418E+00 2.86697E+00 2.95446E+00 3.18002E+00 3.18267E+00 3.20770E+00 3.23353E+00 2.95452E+00 2.86697E+00 2.51418E+00 6.81493E+01
2.57783E+00 2.92941E+00 3.01712E+00 3.24159E+00 3.24428E+00 3.26963E+00 3.29566E+00 3.01718E+00 2.92941E+00 2.57783E+00 6.93603E+01
2.64078E+00 2.99116E+00 3.07909E+00 3.30249E+00 3.30523E+00 3.33088E+00 3.35712E+00 3.07915E+00 2.99116E+00 2.64078E+00 7.05477E+01
2.70302E+00 3.05224E+00 3.14039E+00 3.36274E+00 3.36552E+00 3.39148E+00 3.41792E+00 3.14044E+00 3.05224E+00 2.70302E+00 7.17121E+01
2.76458E+00 3.11265E+00 3.20101E+00 3.42234E+00 3.42516E+00 3.45143E+00 3.47806E+00 3.20107E+00 3.11265E+00 2.76458E+00 7.28539E+01
2.82545E+00 3.17241E+00 3.26096E+00 3.48130E+00 3.48416E+00 3.51072E+00 3.53755E+00 3.26102E+00 3.17241E+00 2.82545E+00 7.39737E+01
2.88565E+00 3.23151E+00 3.32026E+00 3.53962E+00 3.54253E+00 3.56938E+00 3.59640E+00 3.32032E+00 3.23151E+00 2.88565E+00 7.50721E+01
2.94518E+00 3.28997E+00 3.37891E+00 3.59732E+00 3.60026E+00 3.62741E+00 3.65461E+00 3.37898E+00 3.28997E+00 2.94518E+00 7.61496E+01
3.00405E+00 3.34779E+00 3.43692E+00 3.65439E+00 3.65738E+00 3.68481E+00 3.71220E+00 3.43699E+00 3.34779E+00 3.00405E+00 7.72065E+01
0.00000E+00 0.00000E+00 1.56813E-02 3.09174E-01 3.08925E-01 3.14641E-01 3.28384E-01 1.56780E-02 0.00000E+00 0.00000E+00 -1.17998E+00
0.00000E+00 0.00000E+00 5.94568E-02 3.43484E-01 3.43464E-01 3.50670E-01 3.65462E-01 5.94562E-02 0.00000E+00 0.00000E+00 -9.26826E-02
0.00000E+00 3.46591E-02 1.10889E-01 3.87153E-01 3.87334E-01 3.95862E-01 4.11566E-01 1.10891E-01 3.46591E-02 0.00000E+00 1.21404E+00
0.00000E+00 8.97367E-02 1.67479E-01 4.37085E-01 4.37449E-01 4.47187E-01 4.63712E-01 1.67483E-01 8.97367E-02 0.00000E+00 2.67990E+00
0.00000E+00 1.48644E-01 2.27721E-01 4.91473E-01 4.92007E-01 5.02867E-01 5.20145E-01 2.27728E-01 1.48644E-01 0.00000E+00 4.27895E+00
0.00000E+00 2.10150E-01 2.90419E-01 5.48955E-01 5.49646E-01 5.61555E-01 5.79531E-01 2.90428E-01 2.10150E-01 0.00000E+00 5.96826E+00
0.00000E+00 2.73411E-01 3.54755E-01 6.08592E-01 6.09431E-01 6.22327E-01 6.40954E-01 3.54767E-01 2.73411E-01 0.00000E+00 7.71522E+00
0.00000E+00 3.37828E-01 4.20149E-01 6.69715E-01 6.70693E-01 6.84522E-01 7.03759E-01 4.20163E-01 3.37828E-01 0.00000E+00 9.49522E+00
2.66360E-02 4.02531E-01 4.85742E-01 7.31417E-01 7.32526E-01 7.47238E-01 7.67049E-01 4.85758E-01 4.02531E-01 2.66360E-02 1.12411E+01
9.50914E-02 4.67176E-01 5.51202E-01 7.93302E-01 7.94535E-01 8.10088E-01 8.30444E-01 5.51221E-01 4.67176E-01 9.50914E-02 1.29144E+01
1.63714E-01 5.32236E-01 6.17022E-01 8.55786E-01 8.57139E-01 8.73500E-01 8.94376E-01 6.17042E-01 5.32236E-01 1.63714E-01 1.45824E+01
2.32293E-01 5.97468E-01 6.82964E-01 9.18605E-01 9.20072E-01 9.37212E-01 9.58588E-01 6.82987E-01 5.97468E-01 2.32293E-01 1.62380E+01
3.00660E-01 6.62682E-01 7.48844E-01 9.81549E-01 9.83127E-01 1.00102E+00 1.02287E+00 7.48869E-01 6.62682E-01 3.00660E-01 1.78757E+01
3.68683E-01 7.27725E-01 8.14514E-01 1.04445E+00 1.04613E+00 1.06475E+00 1.08707E+00 8.14541E-01 7.27725E-01 3.68683E-01 1.94913E+01
4.36258E-01 7.92476E-01 8.79855E-01 1.10717E+00 1.10896E+00 1.12828E+00 1.15105E+00 8.79884E-01 7.92476E-01 4.36258E-01 2.10815E+01
5.03302E-01 8.56835E-01 9.44772E-01 1.16961E+00 1.17150E+00 1.19150E+00 1.21470E+00 9.44804E-01 8.56835E-01 5.03302E-01 2.26440E+01
5.69748E-01 9.20724E-01 1.00919E+00 1.23167E+00 1.23366E+00 1.25432E+00 1.27794E+00 1.00922E+00 9.20724E-01 5.69748E-01 2.41769E+01
6.35545E-01 9.84080E-01 1.07305E+00 1.29329E+00 1.29536E+00 1.31667E+00 1.34069E+00 1.07308E+00 9.84080E-01 6.35545E-01 2.56792E+01
7.00651E-01 1.04685E+00 1.13630E+00 1.35439E+00 1.35656E+00 1.37850E+00 1.40291E+00 1.13634E+00 1.04685E+00 7.00651E-01 2.71499E+01
7.65036E-01 1.10900E+00 1.19890E+00 1.41495E+00 1.41721E+00 1.43975E+00 1.46455E+00 1.19894E+00 1.10900E+00 7.65036E-01 2.85887E+01
8.28674E-01 1.17049E+00 1.26083E+00 1.47492E+00 1.47726E+00 1.50039E+00 1.52557E+00 1.26087E+00 1.17049E+00 8.28674E-01 2.99954E+01
8.91549E-01 1.23130E+00 1.32205E+00 1.53426E+00 1.53669E+00 1.56040E+00 1.58594E+00 1.32210E+00 1.23130E+00 8.91549E-01 3.13700E+01
9.53646E-01 1.29142E+00 1.38256E+00 1.59297E+00 1.59547E+00 1.61975E+00 1.64564E+00 1.38261E+00 1.29142E+00 9.53646E-01 3.27127E+01
1.01496E+00 1.35081E+00 1.44234E+00 1.65101E+00 1.65360E+00 1.67843E+00 1.70466E+00 1.44239E+00 1.35081E+00 1.01496E+00 3.40239E+01
1.07548E+00 1.40949E+00 1.50138E+00 1.70838E+00 1.71105E+00 1.73642E+00 1.76299E+00 1.50143E+00 1.40949E+00 1.07548E+00 3.53039E+01
1.13521E+00 1.46744E+00 1.55968E+00 1.76507E+00 1.76781E+00 1.79371E+00 1.82061E+00 1.55973E+00 1.46744E+00 1.13521E+00 3.65533E+01
1.19415E+00 1.52465E+00 1.61723E+00 1.82107E+00 1.82388E+00 1.85029E+00 1.87752E+00 1.61728E+00 1.52465E+00 1.19415E+00 3.77726E+01
1.25231E+00 1.58114E+00 1.67403E+00 1.87637E+00 1.87926E+00 1.90618E+00 1.93372E+00 1.67409E+00 1.58114E+00 1.25231E+00 3.89625E+01
1.30967E+00 1.63688E+00 1.73009E+00 1.93098E+00 1.93394E+00 1.96135E+00 1.98920E+00 1.73015E+00 1.63688E+00 1.30967E+00 4.01236E+01
1.36626E+00 1.69190E+00 1.78541E+00 1.98490E+00 1.98792E+00 2.01582E+00 2.04397E+00 1.78547E+00 1.69190E+00 1.36626E+00 4.12566E+01
1.42208E+00 1.74620E+00 1.84000E+00 2.03812E+00 2.04121E+00 2.06959E+00 2.09804E+00 1.84005E+00 1.74620E+00 1.42208E+00 4.23622E+01
1.47714E+00 1.79977E+00 1.89385E+00 2.09066E+00 2.09382E+00 2.12266E+00 2.15139E+00 1.89391E+00 1.79977E+00 1.47714E+00 4.34411E+01
1.53144E+00 1.85264E+00 1.94698E+00 2.14251E+00 2.14573E+00 2.17503E+00 2.20405E+00 1.94704E+00 1.85264E+00 1.53144E+00 4.44940E+01
1.58499E+00 1.90479E+00 1.99940E+00 2.19368E+00 2.19697E+00 2.22672E+00 2.25602E+00 1.99946E+00 1.90479E+00 1.58499E+00 4.55215E+01
1.63781E+00 1.95625E+00 2.05110E+00 2.24418E+00 2.24754E+00 2.27773E+00 2.30730E+00 2.05117E+00 1.95625E+00 1.63781E+00 4.65244E+01
1.68991E+00 2.00702E+00 2.10211E+00 2.29402E+00 2.29744E+00 2.32806E+00 2.35791E+00 2.10218E+00 2.00702E+00 1.68991E+00 4.75033E+01
1.74129E+00 2.05710E+00 2.15244E+00 2.34320E+00 2.34668E+00 2.37773E+00 2.40784E+00 2.15251E+00 2.05710E+00 1.74129E+00 4.84590E+01
1.79196E+00 2.10652E+00 2.20208E+00 2.39173E+00 2.39527E+00 2.42674E+00 2.45711E+00 2.20215E+00 2.10652E+00 1.79196E+00 4.93920E+01
1.84195E+00 2.15527E+00 2.25105E+00 2.43963E+00 2.44322E+00 2.47510E+00 2.50573E+00 2.25113E+00 2.15527E+00 1.84195E+00 5.03029E+01
1.89125E+00 2.20337E+00 2.29937E+00 2.48689E+00 2.49054E+00 2.52283E+00 2.55371E+00 2.29944E+00 2.20337E+00 1.89125E+00 5.11925E+01
1.93988E+00 2.25083E+00 2.34703E+00 2.53353E+00 2.53723E+00 2.56992E+00 2.60105E+00 2.34711E+00 2.25083E+00 1.93988E+00 5.20613E+01
1.98786E+00 2.29765E+00 2.39406E+00 2.57955E+00 2.58331E+00 2.61640E+00 2.64777E+00 2.39414E+00 2.29765E+00 1.98786E+00 5.29100E+01
2.03518E+00 2.34386E+00 2.44046E+00 2.62497E+00 2.62879E+00 2.66226E+00 2.69387E+00 2.44054E+00 2.34386E+00 2.03518E+00 5.37390E+01
2.08187E+00 2.38945E+00 2.48624E+00 2.66980E+00 2.67367E+00 2.70752E+00 2.73937E+00 2.48632E+00 2.38945E+00 2.08187E+00 5.45490E+01
2.12794E+00 2.43443E+00 2.53141E+00 2.71403E+00 2.71796E+00 2.75219E+00 2.78427E+00 2.53150E+00 2.43443E+00 2.12794E+00 5.53405E+01
2.17338E+00 2.47883E+00 2.57599E+00 2.75770E+00 2.76167E+00 2.79627E+00 2.82859E+00 2.57607E+00 2.47883E+00 2.17338E+00 5.61140E+01
2.21823E+00 2.52264E+00 2.61998E+00 2.80079E+00 2.80482E+00 2.83978E+00 2.87233E+00 2.62006E+00 2.52264E+00 2.21823E+00 5.68701E+01
2.26248E+00 2.56588E+00 2.66339E+00 2.84333E+00 2.84741E+00 2.88273E+00 2.91550E+00 2.66347E+00 2.56588E+00 2.26248E+00 5.76092E+01
2.30615E+00 2.60856E+00 2.70623E+00 2.88532E+00 2.88945E+00 2.92513E+00 2.95811E+00 2.70632E+00 2.60856E+00 2.30615E+00 5.83318E+01
2.34924E+00 2.65068E+00 2.74852E+00 2.92677E+00 2.93095E+00 2.96698E+00 3.00018E+00 2.74861E+00 2.65068E+00 2.34924E+00 5.90384E+01
0.00000E+00 0.00000E+00 2.75973E-02 2.74041E-01 2.74112E-01 2.82808E-01 2.99885E-01 2.75923E-02 0.00000E+00 0.00000E+00 -1.08070E+00
0.00000E+00 0.00000E+00 7.07063E-02 3.08361E-01 3.08745E-01 3.19442E-01 3.37768E-01 7.07053E-02 0.00000E+00 0.00000E+00 2.61059E-02
0.00000E+00 3.23172E-02 1.19046E-01 3.49516E-01 3.50174E-01 3.62632E-01 3.82044E-01 1.19048E-01 3.23172E-02 0.00000E+00 1.28539E+00
0.00000E+00 8.24927E-02 1.70738E-01 3.95067E-01 3.95972E-01 4.10030E-01 4.30419E-01 1.70744E-01 8.24927E-02 0.00000E+00 2.64564E+00
0.00000E+00 1.35070E-01 2.24640E-01 4.43585E-01 4.44717E-01 4.60252E-01 4.81537E-01 2.24650E-01 1.35070E-01 0.00000E+00 4.08668E+00
0.00000E+00 1.89093E-01 2.79834E-01 4.93995E-01 4.95337E-01 5.12247E-01 5.34361E-01 2.79848E-01 1.89093E-01 0.00000E+00 5.57296E+00
0.00000E+00 2.43921E-01 3.35711E-01 5.45573E-01 5.47110E-01 5.65306E-01 5.88194E-01 3.35728E-01 2.43921E-01 0.00000E+00 7.07904E+00
0.00000E+00 2.99113E-01 3.91848E-01 5.97811E-01 5.99531E-01 6.18939E-01 6.42552E-01 3.91869E-01 2.99113E-01 0.00000E+00 8.58680E+00
2.27417E-02 3.54089E-01 4.47677E-01 6.50095E-01 6.51988E-01 6.72537E-01 6.96832E-01 4.47701E-01 3.54089E-01 2.27417E-02 1.00407E+01
8.07948E-02 4.08631E-01 5.02994E-01 7.02163E-01 7.04218E-01 7.25849E-01 7.50789E-01 5.03020E-01 4.08631E-01 8.07948E-02 1.14115E+01
1.38467E-01 4.63019E-01 5.58097E-01 7.54242E-01 7.56452E-01 7.79119E-01 8.04677E-01 5.58127E-01 4.63019E-01 1.38467E-01 1.27613E+01
1.95627E-01 5.17093E-01 6.12835E-01 8.06153E-01 8.08511E-01 8.32174E-01 8.58325E-01 6.12868E-01 5.17093E-01 1.95627E-01 1.40858E+01
2.52175E-01 5.70732E-01 6.67093E-01 8.57759E-01 8.60260E-01 8.84880E-01 9.11601E-01 6.67130E-01 5.70732E-01 2.52175E-01 1.53822E+01
3.08038E-01 6.23845E-01 7.20784E-01 9.08953E-01 9.11591E-01 9.37135E-01 9.64404E-01 7.20823E-01 6.23845E-01 3.08038E-01 1.66483E+01
3.63162E-01 6.76362E-01 7.73841E-01 9.59654E-01 9.62424E-01 9.88860E-01 1.01666E+00 7.73883E-01 6.76362E-01 3.63162E-01 1.78830E+01
4.17508E-01 7.28229E-01 8.26216E-01 1.00980E+00 1.01270E+00 1.03999E+00 1.06830E+00 8.26261E-01 7.28229E-01 4.17508E-01 1.90854E+01
4.71049E-01 7.79408E-01 8.77872E-01 1.05934E+00 1.06236E+00 1.09049E+00 1.11930E+00 8.77920E-01 7.79408E-01 4.71049E-01 2.02552E+01
5.23766E-01 8.29870E-01 9.28785E-01 1.10824E+00 1.11138E+00 1.14032E+00 1.16961E+00 9.28835E-01 8.29870E-01 5.23766E-01 2.13924E+01
5.75649E-01 8.79595E-01 9.78935E-01 1.15648E+00 1.15973E+00 1.18946E+00 1.21921E+00 9.78988E-01 8.79595E-01 5.75649E-01 2.24973E+01
6.26692E-01 9.28571E-01 1.02831E+00 1.20403E+00 1.20739E+00 1.23788E+00 1.26809E+00 1.02837E+00 9.28571E-01 6.26692E-01 2.35703E+01
6.76894E-01 9.76790E-01 1.07691E+00 1.25088E+00 1.25435E+00 1.28559E+00 1.31623E+00 1.07697E+00 9.76790E-01 6.76894E-01 2.46119E+01
7.26260E-01 1.02425E+00 1.12473E+00 1.29703E+00 1.30060E+00 1.33256E+00 1.36363E+00 1.12479E+00 1.02425E+00 7.26260E-01 2.56230E+01
7.74794E-01 1.07095E+00 1.17177E+00 1.34246E+00 1.34614E+00 1.37880E+00 1.41029E+00 1.17184E+00 1.07095E+00 7.74794E-01 2.66041E+01
8.22504E-01 1.11689E+00 1.21804E+00 1.38719E+00 1.39097E+00 1.42431E+00 1.45621E+00 1.21811E+00 1.11689E+00 8.22504E-01 2.75561E+01
8.69402E-01 1.16208E+00 1.26354E+00 1.43121E+00 1.43509E+00 1.46910E+00 1.50139E+00 1.26361E+00 1.16208E+00 8.69402E-01 2.84799E+01
9.15497E-01 1.20652E+00 1.30828E+00 1.47452E+00 1.47850E+00 1.51316E+00 1.54584E+00 1.30835E+00 1.20652E+00 9.15497E-01 2.93762E+01
9.60802E-01 1.25023E+00 1.35227E+00 1.51714E+00 1.52121E+00 1.55651E+00 1.58957E+00 1.35235E+00 1.25023E+00 9.60802E-01 3.02459E+01
1.00533E+00 1.29321E+00 1.39553E+00 1.55907E+00 1.56322E+00 1.59915E+00 1.63258E+00 1.39560E+00 1.29321E+00 1.00533E+00 3.10899E+01
1.04910E+00 1.33548E+00 1.43806E+00 1.60032E+00 1.60456E+00 1.64109E+00 1.67489E+00 1.43813E+00 1.33548E+00 1.04910E+00 3.19090E+01
1.09211E+00 1.37704E+00 1.47987E+00 1.64089E+00 1.64522E+00 1.68235E+00 1.71650E+00 1.47995E+00 1.37704E+00 1.09211E+00 3.27040E+01
1.13440E+00 1.41792E+00 1.52098E+00 1.68080E+00 1.68521E+00 1.72293E+00 1.75743E+00 1.52106E+00 1.41792E+00 1.13440E+00 3.34757E+01
1.17596E+00 1.45811E+00 1.56140E+00 1.72006E+00 1.72456E+00 1.76285E+00 1.79769E+00 1.56148E+00 1.45811E+00 1.17596E+00 3.42250E+01
1.21682E+00 1.49764E+00 1.60114E+00 1.75869E+00 1.76326E+00 1.80211E+00 1.83729E+00 1.60123E+00 1.49764E+00 1.21682E+00 3.49526E+01
1.25699E+00 1.53651E+00 1.64022E+00 1.79668E+00 1.80133E+00 1.84073E+00 1.87624E+00 1.64031E+00 1.53651E+00 1.25699E+00 3.56592E+01
1.29648E+00 1.57474E+00 1.67866E+00 1.83405E+00 1.83878E+00 1.87872E+00 1.91455E+00 1.67875E+00 1.57474E+00 1.29648E+00 3.63455E+01
1.33531E+00 1.61234E+00 1.71645E+00 1.87082E+00 1.87562E+00 1.91609E+00 1.95224E+00 1.71655E+00 1.61234E+00 1.33531E+00 3.70124E+01
1.37350E+00 1.64933E+00 1.75362E+00 1.90700E+00 1.91187E+00 1.95286E+00 1.98932E+00 1.75372E+00 1.64933E+00 1.37350E+00 3.76603E+01
1.41105E+00 1.68571E+00 1.79019E+00 1.94259E+00 1.94754E+00 1.98903E+00 2.02580E+00 1.79029E+00 1.68571E+00 1.41105E+00 3.82900E+01
1.44798E+00 1.72150E+00 1.82615E+00 1.97761E+00 1.98263E+00 2.02463E+00 2.06169E+00 1.82625E+00 1.72150E+00 1.44798E+00 3.89022E+01
1.48431E+00 1.75672E+00 1.86153E+00 2.01207E+00 2.01716E+00 2.05965E+00 2.09701E+00 1.86164E+00 1.75672E+00 1.48431E+00 3.94973E+01
1.52005E+00 1.79137E+00 1.89634E+00 2.04598E+00 2.05114E+00 2.09411E+00 2.13177E+00 1.89645E+00 1.79137E+00 1.52005E+00 4.00760E+01
1.55521E+00 1.82546E+00 1.93059E+00 2.07936E+00 2.08458E+00 2.12803E+00 2.16597E+00 1.93070E+00 1.82546E+00 1.55521E+00 4.06389E+01
1.58981E+00 1.85902E+00 1.96429E+00 2.11221E+00 2.11750E+00 2.16142E+00 2.19964E+00 1.96440E+00 1.85902E+00 1.58981E+00 4.11865E+01
1.62385E+00 1.89204E+00 1.99746E+00 2.14455E+00 2.14990E+00 2.19428E+00 2.23278E+00 1.99757E+00 1.89204E+00 1.62385E+00 4.17192E+01
1.65735E+00 1.92454E+00 2.03010E+00 2.17638E+00 2.18180E+00 2.22663E+00 2.26540E+00 2.03022E+00 1.92454E+00 1.65735E+00 4.22377E+01
1.69032E+00 1.95654E+00 2.06223E+00 2.20772E+00 2.21320E+00 2.25847E+00 2.29751E+00 2.06235E+00 1.95654E+00 1.69032E+00 4.27423E+01
1.72278E+00 1.98804E+00 2.09386E+00 2.23857E+00 2.24411E+00 2.28983E+00 2.32914E+00 2.09398E+00 1.98804E+00 1.72278E+00 4.32336E+01
1.75473E+00 2.01905E+00 2.12500E+00 2.26896E+00 2.27456E+00 2.32071E+00 2.36027E+00 2.12512E+00 2.01905E+00 1.75473E+00 4.37119E+01
1.78618E+00 2.04959E+00 2.15566E+00 2.29888E+00 2.30454E+00 2.35111E+00 2.39094E+00 2.15578E+00 2.04959E+00 1.78618E+00 4.41777E+01
1.81716E+00 2.07966E+00 2.18585E+00 2.32834E+00 2.33406E+00 2.38105E+00 2.42113E+00 2.18597E+00 2.07966E+00 1.81716E+00 4.46314E+01
0.00000E+00 0.00000E+00 4.10644E-02 2.42647E-01 2.43264E-01 2.56421E-01 2.77444E-01 4.10571E-02 0.00000E+00 0.00000E+00 -9.32769E-01
0.00000E+00 0.00000E+00 8.31356E-02 2.76711E-01 2.77753E-01 2.93567E-01 3.16073E-01 8.31341E-02 0.00000E+00 0.00000E+00 1.89444E-01
0.00000E+00 3.00182E-02 1.28297E-01 3.15363E-01 3.16771E-01 3.34904E-01 3.58700E-01 1.28301E-01 3.00182E-02 0.00000E+00 1.39475E+00
0.00000E+00 7.55381E-02 1.75238E-01 3.56766E-01 3.58502E-01 3.78727E-01 4.03685E-01 1.75247E-01 7.55381E-02 0.00000E+00 2.64546E+00
0.00000E+00 1.22230E-01 2.23153E-01 3.99845E-01 4.01881E-01 4.24025E-01 4.50048E-01 2.23168E-01 1.22230E-01 0.00000E+00 3.92983E+00
0.00000E+00 1.69395E-01 2.71385E-01 4.43797E-01 4.46108E-01 4.70028E-01 4.97037E-01 2.71405E-01 1.69395E-01 0.00000E+00 5.22103E+00
0.00000E+00 2.16585E-01 3.19515E-01 4.88094E-01 4.90660E-01 5.16235E-01 5.44163E-01 3.19540E-01 2.16585E-01 0.00000E+00 6.50131E+00
0.00000E+00 2.63500E-01 3.67268E-01 5.32383E-01 5.35187E-01 5.62312E-01 5.91103E-01 3.67297E-01 2.63500E-01 0.00000E+00 7.75902E+00
1.92578E-02 3.09791E-01 4.14303E-01 5.76279E-01 5.79305E-01 6.07884E-01 6.37485E-01 4.14337E-01 3.09791E-01 1.92578E-02 8.94981E+00
6.80664E-02 3.55342E-01 4.60520E-01 6.19629E-01 6.22863E-01 6.52814E-01 6.83181E-01 4.60559E-01 3.55342E-01 6.80664E-02 1.00526E+01
1.16092E-01 4.00317E-01 5.06104E-01 6.62552E-01 6.65983E-01 6.97244E-01 7.28344E-01 5.06148E-01 4.00317E-01 1.16092E-01 1.11241E+01
1.63272E-01 4.44631E-01 5.50976E-01 7.04942E-01 7.08561E-01 7.41076E-01 7.72879E-01 5.51023E-01 4.44631E-01 1.63272E-01 1.21624E+01
2.09565E-01 4.88223E-01 5.95080E-01 7.46724E-01 7.50523E-01 7.84240E-01 8.16718E-01 5.95131E-01 4.88223E-01 2.09565E-01 1.31669E+01
2.54948E-01 5.31050E-01 6.38380E-01 7.87844E-01 7.91816E-01 8.26689E-01 8.59817E-01 6.38436E-01 5.31050E-01 2.54948E-01 1.41373E+01
2.99410E-01 5.73088E-01 6.80854E-01 8.28266E-01 8.32404E-01 8.68389E-01 9.02144E-01 6.80914E-01 5.73088E-01 2.99410E-01 1.50737E+01
3.42947E-01 6.14320E-01 7.22491E-01 8.67966E-01 8.72263E-01 9.09320E-01 9.43681E-01 7.22555E-01 6.14320E-01 3.42947E-01 1.59768E+01
3.85564E-01 6.54741E-01 7.63287E-01 9.06928E-01 9.11378E-01 9.49471E-01 9.84419E-01 7.63355E-01 6.54741E-01 3.85564E-01 1.68473E+01
4.27269E-01 6.94349E-01 8.03244E-01 9.45146E-01 9.49744E-01 9.88838E-01 1.02435E+00 8.03316E-01 6.94349E-01 4.27269E-01 1.76860E+01
4.68076E-01 7.33148E-01 8.42370E-01 9.82618E-01 9.87358E-01 1.02742E+00 1.06349E+00 8.42446E-01 7.33148E-01 4.68076E-01 1.84939E+01
5.07999E-01 7.71148E-01 8.80674E-01 1.01935E+00 1.02423E+00 1.06523E+00 1.10183E+00 8.80753E-01 7.71148E-01 5.07999E-01 1.92721E+01
5.47056E-01 8.08358E-01 9.18168E-01 1.05534E+00 1.06035E+00 1.10227E+00 1.13939E+00 9.18251E-01 8.08358E-01 5.47056E-01 2.00215E+01
5.85265E-01 8.44792E-01 9.54868E-01 1.09060E+00 1.09574E+00 1.13854E+00 1.17617E+00 9.54955E-01 8.44792E-01 5.85265E-01 2.07434E+01
6.22647E-01 8.80464E-01 9.90790E-01 1.12515E+00 1.13042E+00 1.17408E+00 1.21220E+00 9.90880E-01 8.80464E-01 6.22647E-01 2.14388E+01
6.59220E-01 9.15389E-01 1.02595E+00 1.15899E+00 1.16438E+00 1.20888E+00 1.24748E+00 1.02604E+00 9.15389E-01 6.59220E-01 2.21087E+01
6.95006E-01 9.49584E-01 1.06036E+00 1.19214E+00 1.19765E+00 1.24296E+00 1.28203E+00 1.06046E+00 9.49584E-01 6.95006E-01 2.27542E+01
7.30024E-01 9.83065E-01 1.09405E+00 1.22462E+00 1.23024E+00 1.27634E+00 1.31587E+00 1.09415E+00 9.83065E-01 7.30024E-01 2.33763E+01
7.64295E-01 1.01585E+00 1.12703E+00 1.25643E+00 1.26216E+00 1.30904E+00 1.34901E+00 1.12713E+00 1.01585E+00 7.64295E-01 2.39759E+01
7.97840E-01 1.04795E+00 1.15932E+00 1.28759E+00 1.29343E+00 1.34106E+00 1.38147E+00 1.15942E+00 1.04795E+00 7.97840E-01 2.45540E+01
8.30677E-01 1.07940E+00 1.19093E+00 1.31812E+00 1.32406E+00 1.37243E+00 1.41327E+00 1.19104E+00 1.07940E+00 8.30677E-01 2.51115E+01
8.62827E-01 1.11019E+00 1.22189E+00 1.34803E+00 1.35408E+00 1.40317E+00 1.44442E+00 1.22200E+00 1.11019E+00 8.62827E-01 2.56493E+01
8.94309E-01 1.14036E+00 1.25221E+00 1.37734E+00 1.38349E+00 1.43328E+00 1.47495E+00 1.25233E+00 1.14036E+00 8.94309E-01 2.61682E+01
9.25141E-01 1.16992E+00 1.28191E+00 1.40606E+00 1.41231E+00 1.46279E+00 1.50485E+00 1.28203E+00 1.16992E+00 9.25141E-01 2.66690E+01
9.55342E-01 1.19888E+00 1.31101E+00 1.43421E+00 1.44055E+00 1.49170E+00 1.53416E+00 1.31113E+00 1.19888E+00 9.55342E-01 2.71524E+01
9.84928E-01 1.22725E+00 1.33951E+00 1.46180E+00 1.46824E+00 1.52005E+00 1.56289E+00 1.33964E+00 1.22725E+00 9.84928E-01 2.76192E+01
1.01392E+00 1.25507E+00 1.36745E+00 1.48885E+00 1.49537E+00 1.54783E+00 1.59105E+00 1.36758E+00 1.25507E+00 1.01392E+00 2.80700E+01
1.04233E+00 1.28233E+00 1.39483E+00 1.51536E+00 1.52198E+00 1.57507E+00 1.61866E+00 1.39496E+00 1.28233E+00 1.04233E+00 2.85056E+01
1.07017E+00 1.30906E+00 1.42167E+00 1.54137E+00 1.54807E+00 1.60178E+00 1.64574E+00 1.42180E+00 1.30906E+00 1.07017E+00 2.89265E+01
1.09747E+00 1.33527E+00 1.44798E+00 1.56686E+00 1.57365E+00 1.62797E+00 1.67229E+00 1.44811E+00 1.33527E+00 1.09747E+00 2.93333E+01
1.12424E+00 1.36097E+00 1.47377E+00 1.59187E+00 1.59874E+00 1.65365E+00 1.69832E+00 1.47391E+00 1.36097E+00 1.12424E+00 2.97266E+01
1.15048E+00 1.38618E+00 1.49907E+00 1.61640E+00 1.62336E+00 1.67885E+00 1.72387E+00 1.49922E+00 1.38618E+00 1.15048E+00 3.01070E+01
1.17623E+00 1.41090E+00 1.52389E+00 1.64047E+00 1.64751E+00 1.70357E+00 1.74893E+00 1.52403E+00 1.41090E+00 1.17623E+00 3.04749E+01
1.20148E+00 1.43516E+00 1.54823E+00 1.66409E+00 1.67120E+00 1.72783E+00 1.77352E+00 1.54838E+00 1.43516E+00 1.20148E+00 3.08308E+01
1.22625E+00 1.45897E+00 1.57211E+00 1.68726E+00 1.69445E+00 1.75163E+00 1.79765E+00 1.57226E+00 1.45897E+00 1.22625E+00 3.11753E+01
1.25056E+00 1.48233E+00 1.59554E+00 1.71000E+00 1.71727E+00 1.77500E+00 1.82134E+00 1.59570E+00 1.48233E+00 1.25056E+00 3.15087E+01
1.27442E+00 1.50526E+00 1.61854E+00 1.73233E+00 1.73967E+00 1.79793E+00 1.84459E+00 1.61870E+00 1.50526E+00 1.27442E+00 3.18316E+01
1.29784E+00 1.52777E+00 1.64112E+00 1.75425E+00 1.76166E+00 1.82045E+00 1.86742E+00 1.64127E+00 1.52777E+00 1.29784E+00 3.21442E+01
1.32083E+00 1.54987E+00 1.66328E+00 1.77577E+00 1.78325E+00 1.84255E+00 1.88984E+00 1.66344E+00 1.54987E+00 1.32083E+00 3.24470E+01
1.34341E+00 1.57157E+00 1.68503E+00 1.79690E+00 1.80446E+00 1.86426E+00 1.91186E+00 1.68520E+00 1.57157E+00 1.34341E+00 3.27403E+01
1.36557E+00 1.59288E+00 1.70640E+00 1.81766E+00 1.82528E+00 1.88559E+00 1.93348E+00 1.70656E+00 1.59288E+00 1.36557E+00 3.30245E+01
1.38735E+00 1.61381E+00 1.72738E+00 1.83804E+00 1.84574E+00 1.90653E+00 1.95472E+00 1.72755E+00 1.61381E+00 1.38735E+00 3.33000E+01
0.00000E+00 0.00000E+00 5.59391E-02 2.14988E-01 2.16505E-01 2.36287E-01 2.61887E-01 5.59281E-02 0.00000E+00 0.00000E+00 -7.15743E-01
0.00000E+00 0.00000E+00 9.65439E-02 2.48551E-01 2.50635E-01 2.73895E-01 3.01263E-01 9.65416E-02 0.00000E+00 0.00000E+00 4.09932E-01
0.00000E+00 2.77442E-02 1.38362E-01 2.84689E-01 2.87256E-01 3.13523E-01 3.42431E-01 1.38368E-01 2.77442E-02 0.00000E+00 1.54920E+00
0.00000E+00 6.88071E-02 1.80601E-01 3.22127E-01 3.25122E-01 3.54081E-01 3.84376E-01 1.80615E-01 6.88071E-02 0.00000E+00 2.68258E+00
0.00000E+00 1.09987E-01 2.22766E-01 3.60126E-01 3.63509E-01 3.94922E-01 4.26489E-01 2.22787E-01 1.09987E-01 0.00000E+00 3.80877E+00
0.00000E+00 1.50830E-01 2.64445E-01 3.98138E-01 4.01874E-01 4.35544E-01 4.68289E-01 2.64474E-01 1.50830E-01 0.00000E+00 4.91052E+00
0.00000E+00 1.91065E-01 3.05397E-01 4.35823E-01 4.39885E-01 4.75647E-01 5.09490E-01 3.05433E-01 1.91065E-01 0.00000E+00 5.97782E+00
0.00000E+00 2.30527E-01 3.45480E-01 4.72969E-01 4.77331E-01 5.15044E-01 5.49917E-01 3.45523E-01 2.30527E-01 0.00000E+00 7.00518E+00
1.61402E-02 2.69043E-01 3.84533E-01 5.09372E-01 5.14014E-01 5.53546E-01 5.89386E-01 3.84583E-01 2.69043E-01 1.61402E-02 7.95865E+00
5.67351E-02 3.06586E-01 4.22542E-01 5.44971E-01 5.49873E-01 5.91112E-01 6.27866E-01 4.22598E-01 3.06586E-01 5.67351E-02 8.82433E+00
9.62691E-02 3.43262E-01 4.59631E-01 5.79832E-01 5.84980E-01 6.27843E-01 6.65471E-01 4.59694E-01 3.43262E-01 9.62691E-02 9.65295E+00
1.34739E-01 3.79045E-01 4.95782E-01 6.13914E-01 6.19296E-01 6.63707E-01 7.02171E-01 4.95851E-01 3.79045E-01 1.34739E-01 1.04450E+01
1.72153E-01 4.13926E-01 5.30990E-01 6.47193E-01 6.52797E-01 6.98688E-01 7.37956E-01 5.31065E-01 4.13926E-01 1.72153E-01 1.12012E+01
2.08529E-01 4.47906E-01 5.65262E-01 6.79660E-01 6.85476E-01 7.32784E-01 7.72826E-01 5.65343E-01 4.47906E-01 2.08529E-01 1.19229E+01
2.43890E-01 4.80993E-01 5.98610E-01 7.11315E-01 7.17333E-01 7.66001E-01 8.06789E-01 5.98696E-01 4.80993E-01 2.43890E-01 1.26114E+01
2.78261E-01 5.13203E-01 6.31053E-01 7.42164E-01 7.48376E-01 7.98351E-01 8.39858E-01 6.31145E-01 5.13203E-01 2.78261E-01 1.32680E+01
3.11672E-01 5.44553E-01 6.62611E-01 7.72220E-01 7.78617E-01 8.29851E-01 8.72054E-01 6.62709E-01 5.44553E-01 3.11672E-01 1.38941E+01
3.44151E-01 5.75065E-01 6.93310E-01 8.01496E-01 8.08072E-01 8.60518E-01 9.03396E-01 6.93413E-01 5.75065E-01 3.44151E-01 1.44913E+01
3.75730E-01 6.04762E-01 7.23172E-01 8.30011E-01 8.36759E-01 8.90376E-01 9.33907E-01 7.23280E-01 6.04762E-01 3.75730E-01 1.50610E+01
4.06439E-01 6.33666E-01 7.52225E-01 8.57784E-01 8.64697E-01 9.19445E-01 9.63610E-01 7.52338E-01 6.33666E-01 4.06439E-01 1.56045E+01
4.36308E-01 6.61802E-01 7.80493E-01 8.84835E-01 8.91907E-01 9.47750E-01 9.92531E-01 7.80611E-01 6.61802E-01 4.36308E-01 1.61233E+01
4.65366E-01 6.89194E-01 8.08002E-01 9.11184E-01 9.18410E-01 9.75313E-01 1.02069E+00 8.08125E-01 6.89194E-01 4.65366E-01 1.66184E+01
4.93641E-01 7.15866E-01 8.34778E-01 9.36853E-01 9.44227E-01 1.00216E+00 1.04812E+00 8.34906E-01 7.15866E-01 4.93641E-01 1.70913E+01
5.21163E-01 7.41842E-01 8.60845E-01 9.61861E-01 9.69379E-01 1.02831E+00 1.07484E+00 8.60978E-01 7.41842E-01 5.21163E-01 1.75430E+01
5.47958E-01 7.67145E-01 8.86228E-01 9.86230E-01 9.93887E-01 1.05378E+00 1.10087E+00 8.86366E-01 7.67145E-01 5.47958E-01 1.79746E+01
5.74052E-01 7.91797E-01 9.10950E-01 1.00998E+00 1.01777E+00 1.07861E+00 1.12623E+00 9.11092E-01 7.91797E-01 5.74052E-01 1.83873E+01
5.99470E-01 8.15820E-01 9.35034E-01 1.03313E+00 1.04105E+00 1.10281E+00 1.15096E+00 9.35181E-01 8.15820E-01 5.99470E-01 1.87819E+01
6.24237E-01 8.39236E-01 9.58502E-01 1.05570E+00 1.06375E+00 1.12640E+00 1.17506E+00 9.58653E-01 8.39236E-01 6.24237E-01 1.91593E+01
6.48375E-01 8.62066E-01 9.81375E-01 1.07771E+00 1.08589E+00 1.14940E+00 1.19857E+00 9.81531E-01 8.62066E-01 6.48375E-01 1.95206E+01
6.71907E-01 8.84328E-01 1.00367E+00 1.09918E+00 1.10747E+00 1.17184E+00 1.22150E+00 1.00383E+00 8.84328E-01 6.71907E-01 1.98664E+01
6.94854E-01 9.06043E-01 1.02542E+00 1.12013E+00 1.12853E+00 1.19372E+00 1.24386E+00 1.02558E+00 9.06043E-01 6.94854E-01 2.01975E+01
7.17236E-01 9.27228E-01 1.04663E+00 1.14056E+00 1.14908E+00 1.21508E+00 1.26569E+00 1.04679E+00 9.27228E-01 7.17236E-01 2.05148E+01
7.39074E-01 9.47902E-01 1.06732E+00 1.16051E+00 1.16914E+00 1.23592E+00 1.28700E+00 1.06749E+00 9.47902E-01 7.39074E-01 2.08188E+01
7.60385E-01 9.68081E-01 1.08751E+00 1.17998E+00 1.18872E+00 1.25627E+00 1.30779E+00 1.08768E+00 9.68081E-01 7.60385E-01 2.11102E+01
7.81189E-01 9.87782E-01 1.10722E+00 1.19899E+00 1.20783E+00 1.27613E+00 1.32810E+00 1.10740E+00 9.87782E-01 7.81189E-01 2.13897E+01
8.01501E-01 1.00702E+00 1.12646E+00 1.21755E+00 1.22650E+00 1.29553E+00 1.34794E+00 1.12664E+00 1.00702E+00 8.01501E-01 2.16577E+01
8.21339E-01 1.02581E+00 1.14524E+00 1.23569E+00 1.24473E+00 1.31449E+00 1.36732E+00 1.14543E+00 1.02581E+00 8.21339E-01 2.19149E+01
8.40719E-01 1.04417E+00 1.16360E+00 1.25341E+00 1.26255E+00 1.33300E+00 1.38626E+00 1.16379E+00 1.04417E+00 8.40719E-01 2.21618E+01
8.59654E-01 1.06211E+00 1.18152E+00 1.27072E+00 1.27996E+00 1.35110E+00 1.40477E+00 1.18172E+00 1.06211E+00 8.59654E-01 2.23987E+01
8.78161E-01 1.07964E+00 1.19904E+00 1.28764E+00 1.29697E+00 1.36879E+00 1.42286E+00 1.19924E+00 1.07964E+00 8.78161E-01 2.26263E+01
8.96252E-01 1.09678E+00 1.21617E+00 1.30419E+00 1.31361E+00 1.38609E+00 1.44055E+00 1.21637E+00 1.09678E+00 8.96252E-01 2.28449E+01
9.13941E-01 1.11354E+00 1.23291E+00 1.32036E+00 1.32987E+00 1.40300E+00 1.45786E+00 1.23311E+00 1.11354E+00 9.13941E-01 2.30549E+01
9.31241E-01 1.12993E+00 1.24927E+00 1.33618E+00 1.34578E+00 1.41954E+00 1.47478E+00 1.24948E+00 1.12993E+00 9.31241E-01 2.32567E+01
9.48164E-01 1.14597E+00 1.26528E+00 1.35166E+00 1.36134E+00 1.43572E+00 1.49134E+00 1.26550E+00 1.14597E+00 9.48164E-01 2.34506E+01
9.64721E-01 1.16166E+00 1.28094E+00 1.36680E+00 1.37656E+00 1.45156E+00 1.50755E+00 1.28116E+00 1.16166E+00 9.64721E-01 2.36371E+01
9.80924E-01 1.17701E+00 1.29626E+00 1.38161E+00 1.39146E+00 1.46706E+00 1.52341E+00 1.29648E+00 1.17701E+00 9.80924E-01 2.38165E+01
9.96784E-01 1.19203E+00 1.31125E+00 1.39611E+00 1.40604E+00 1.48222E+00 1.53894E+00 1.31148E+00 1.19203E+00 9.96784E-01 2.39889E+01
1.01231E+00 1.20674E+00 1.32593E+00 1.41031E+00 1.42031E+00 1.49708E+00 1.55414E+00 1.32615E+00 1.20674E+00 1.01231E+00 2.41548E+01
1.02752E+00 1.22115E+00 1.34029E+00 1.42420E+00 1.43428E+00 1.51162E+00 1.56904E+00 1.34052E+00 1.22115E+00 1.02752E+00 2.43144E+01
1.04241E+00 1.23525E+00 1.35436E+00 1.43781E+00 1.44797E+00 1.52586E+00 1.58362E+00 1.35459E+00 1.23525E+00 1.04241E+00 2.44680E+01
0.00000E+00 0.00000E+00 7.18366E-02 1.91273E-01 1.94245E-01 2.23760E-01 2.54569E-01 7.18198E-02 0.00000E+00 0.00000E+00 -4.08431E-01
0.00000E+00 0.00000E+00 1.10421E-01 2.24045E-01 2.27754E-01 2.61741E-01 2.94685E-01 1.10418E-01 0.00000E+00 0.00000E+00 6.98004E-01
0.00000E+00 2.54472E-02 1.48591E-01 2.57579E-01 2.61910E-01 2.99721E-01 3.34525E-01 1.48600E-01 2.54472E-02 0.00000E+00 1.75222E+00
0.00000E+00 6.21665E-02 1.86029E-01 2.91137E-01 2.96012E-01 3.37218E-01 3.73700E-01 1.86050E-01 6.21665E-02 0.00000E+00 2.75593E+00
0.00000E+00 9.81113E-02 2.22530E-01 3.24302E-01 3.29665E-01 3.73943E-01 4.11963E-01 2.22563E-01 9.81113E-02 0.00000E+00 3.71931E+00
0.00000E+00 1.33059E-01 2.57913E-01 3.56770E-01 3.62574E-01 4.09660E-01 4.49104E-01 2.57956E-01 1.33059E-01 0.00000E+00 4.63486E+00
0.00000E+00 1.66905E-01 2.92097E-01 3.88379E-01 3.94586E-01 4.44257E-01 4.85028E-01 2.92151E-01 1.66905E-01 0.00000E+00 5.49990E+00
0.00000E+00 1.99608E-01 3.25064E-01 4.19046E-01 4.25623E-01 4.77692E-01 5.19706E-01 3.25128E-01 1.99608E-01 0.00000E+00 6.31440E+00
1.33437E-02 2.31136E-01 3.56790E-01 4.48711E-01 4.55629E-01 5.09922E-01 5.53102E-01 3.56864E-01 2.31136E-01 1.33437E-02 7.05369E+00
4.66289E-02 2.61531E-01 3.87332E-01 4.77390E-01 4.84623E-01 5.40991E-01 5.85271E-01 3.87415E-01 2.61531E-01 4.66289E-02 7.70976E+00
7.86848E-02 2.90881E-01 4.16788E-01 5.05134E-01 5.12663E-01 5.70996E-01 6.16327E-01 4.16880E-01 2.90881E-01 7.86848E-02 8.32736E+00
1.09557E-01 3.19211E-01 4.45191E-01 5.31955E-01 5.39764E-01 5.99962E-01 6.46298E-01 4.45291E-01 3.19211E-01 1.09557E-01 8.90850E+00
1.39295E-01 3.46551E-01 4.72574E-01 5.57872E-01 5.65946E-01 6.27919E-01 6.75221E-01 4.72683E-01 3.46551E-01 1.39295E-01 9.45527E+00
1.67949E-01 3.72937E-01 4.98979E-01 5.82912E-01 5.91236E-01 6.54903E-01 7.03132E-01 4.99096E-01 3.72937E-01 1.67949E-01 9.96974E+00
1.95566E-01 3.98404E-01 5.24443E-01 6.07102E-01 6.15665E-01 6.80950E-01 7.30073E-01 5.24568E-01 3.98404E-01 1.95566E-01 1.04539E+01
2.22196E-01 4.22990E-01 5.49007E-01 6.30473E-01 6.39262E-01 7.06098E-01 7.56082E-01 5.49140E-01 4.22990E-01 2.22196E-01 1.09098E+01
2.47886E-01 4.46732E-01 5.72710E-01 6.53055E-01 6.62062E-01 7.30384E-01 7.81201E-01 5.72851E-01 4.46732E-01 2.47886E-01 1.13392E+01
2.72679E-01 4.69665E-01 5.95591E-01 6.74881E-01 6.84094E-01 7.53845E-01 8.05467E-01 5.95740E-01 4.69665E-01 2.72679E-01 1.17438E+01
2.96617E-01 4.91824E-01 6.17687E-01 6.95980E-01 7.05392E-01 7.76516E-01 8.28918E-01 6.17842E-01 4.91824E-01 2.96617E-01 1.21252E+01
3.19742E-01 5.13245E-01 6.39032E-01 7.16383E-01 7.25984E-01 7.98433E-01 8.51591E-01 6.39194E-01 5.13245E-01 3.19742E-01 1.24850E+01
3.42092E-01 5.33958E-01 6.59660E-01 7.36119E-01 7.45903E-01 8.19628E-01 8.73519E-01 6.59830E-01 5.33958E-01 3.42092E-01 1.28246E+01
3.63702E-01 5.53996E-01 6.79604E-01 7.55216E-01 7.65174E-01 8.40133E-01 8.94736E-01 6.79781E-01 5.53996E-01 3.63702E-01 1.31452E+01
3.84607E-01 5.73387E-01 6.98895E-01 7.73700E-01 7.83827E-01 8.59978E-01 9.15274E-01 6.99078E-01 5.73387E-01 3.84607E-01 1.34481E+01
4.04839E-01 5.92161E-01 7.17560E-01 7.91598E-01 8.01888E-01 8.79192E-01 9.35161E-01 7.17750E-01 5.92161E-01 4.04839E-01 1.37344E+01
4.24428E-01 6.10343E-01 7.35629E-01 8.08934E-01 8.19380E-01 8.97802E-01 9.54427E-01 7.35825E-01 6.10343E-01 4.24428E-01 1.40051E+01
4.43404E-01 6.27959E-01 7.53127E-01 8.25732E-01 8.36329E-01 9.15833E-01 9.73098E-01 7.53329E-01 6.27959E-01 4.43404E-01 1.42613E+01
4.61793E-01 6.45034E-01 7.70078E-01 8.42014E-01 8.52757E-01 9.33312E-01 9.91200E-01 7.70287E-01 6.45034E-01 4.61793E-01 1.45037E+01
4.79621E-01 6.61590E-01 7.86507E-01 8.57801E-01 8.68685E-01 9.50260E-01 1.00876E+00 7.86721E-01 6.61590E-01 4.79621E-01 1.47333E+01
4.96912E-01 6.77648E-01 8.02435E-01 8.73113E-01 8.84134E-01 9.66700E-01 1.02579E+00 8.02655E-01 6.77648E-01 4.96912E-01 1.49508E+01
5.13689E-01 6.93231E-01 8.17883E-01 8.87971E-01 8.99124E-01 9.82654E-01 1.04233E+00 8.18109E-01 6.93231E-01 5.13689E-01 1.51569E+01
5.29974E-01 7.08356E-01 8.32871E-01 9.02392E-01 9.13673E-01 9.98140E-01 1.05838E+00 8.33103E-01 7.08356E-01 5.29974E-01 1.53523E+01
5.45787E-01 7.23043E-01 8.47419E-01 9.16393E-01 9.27799E-01 1.01318E+00 1.07397E+00 8.47656E-01 7.23043E-01 5.45787E-01 1.55376E+01
5.61148E-01 7.37308E-01 8.61543E-01 9.29991E-01 9.41518E-01 1.02779E+00 1.08912E+00 8.61786E-01 7.37308E-01 5.61148E-01 1.57134E+01
5.76074E-01 7.51170E-01 8.75261E-01 9.43203E-01 9.54846E-01 1.04198E+00 1.10385E+00 8.75509E-01 7.51170E-01 5.76074E-01 1.58802E+01
5.90584E-01 7.64643E-01 8.88589E-01 9.56042E-01 9.67799E-01 1.05578E+00 1.11817E+00 8.88843E-01 7.64643E-01 5.90584E-01 1.60386E+01
6.04693E-01 7.77743E-01 9.01543E-01 9.68523E-01 9.80391E-01 1.06920E+00 1.13209E+00 9.01801E-01 7.77743E-01 6.04693E-01 1.61889E+01
6.18417E-01 7.90484E-01 9.14136E-01 9.80660E-01 9.92636E-01 1.08225E+00 1.14564E+00 9.14400E-01 7.90484E-01 6.18417E-01 1.63317E+01
6.31771E-01 8.02880E-01 9.26383E-01 9.92465E-01 1.00455E+00 1.09494E+00 1.15883E+00 9.26651E-01 8.02880E-01 6.31771E-01 1.64673E+01
6.44770E-01 8.14943E-01 9.38296E-01 1.00395E+00 1.01613E+00 1.10730E+00 1.17167E+00 9.38569E-01 8.14943E-01 6.44770E-01 1.65961E+01
6.57425E-01 8.26686E-01 9.49888E-01 1.01513E+00 1.02741E+00 1.11933E+00 1.18417E+00 9.50166E-01 8.26686E-01 6.57425E-01 1.67186E+01
6.69751E-01 8.38120E-01 9.61171E-01 1.02601E+00 1.03839E+00 1.13104E+00 1.19634E+00 9.61454E-01 8.38120E-01 6.69751E-01 1.68349E+01
6.81759E-01 8.49257E-01 9.72156E-01 1.03661E+00 1.04908E+00 1.14245E+00 1.20821E+00 9.72444E-01 8.49257E-01 6.81759E-01 1.69455E+01
6.93461E-01 8.60107E-01 9.82854E-01 1.04693E+00 1.05950E+00 1.15357E+00 1.21977E+00 9.83146E-01 8.60107E-01 6.93461E-01 1.70505E+01
7.04867E-01 8.70681E-01 9.93275E-01 1.05699E+00 1.06964E+00 1.16440E+00 1.23104E+00 9.93572E-01 8.70681E-01 7.04867E-01 1.71504E+01
7.15988E-01 8.80987E-01 1.00343E+00 1.06678E+00 1.07953E+00 1.17496E+00 1.24203E+00 1.00373E+00 8.80987E-01 7.15988E-01 1.72454E+01
7.26835E-01 8.91036E-01 1.01333E+00 1.07633E+00 1.08916E+00 1.18526E+00 1.25275E+00 1.01363E+00 8.91036E-01 7.26835E-01 1.73356E+01
7.37416E-01 9.00836E-01 1.02297E+00 1.08565E+00 1.09856E+00 1.19530E+00 1.26321E+00 1.02328E+00 9.00836E-01 7.37416E-01 1.74214E+01
7.47740E-01 9.10396E-01 1.03238E+00 1.09473E+00 1.10772E+00 1.20509E+00 1.27342E+00 1.03269E+00 9.10396E-01 7.47740E-01 1.75029E+01
7.57816E-01 9.19723E-01 1.04155E+00 1.10358E+00 1.11666E+00 1.21465E+00 1.28338E+00 1.04187E+00 9.19723E-01 7.57816E-01 1.75804E+01
7.67654E-01 9.28826E-01 1.05050E+00 1.11222E+00 1.12537E+00 1.22398E+00 1.29311E+00 1.05083E+00 9.28826E-01 7.67654E-01 1.76540E+01
0.00000E+00 0.00000E+00 8.79460E-02 1.71977E-01 1.77254E-01 2.20879E-01 2.57554E-01 8.79200E-02 0.00000E+00 0.00000E+00 4.10600E-03
0.00000E+00 0.00000E+00 1.23723E-01 2.03492E-01 2.09696E-01 2.58929E-01 2.98247E-01 1.23718E-01 0.00000E+00 0.00000E+00 1.05511E+00
0.00000E+00 2.30334E-02 1.57726E-01 2.34154E-01 2.41128E-01 2.95103E-01 3.36722E-01 1.57740E-01 2.30334E-02 0.00000E+00 1.99734E+00
0.00000E+00 5.53910E-02 1.90069E-01 2.63746E-01 2.71386E-01 3.29530E-01 3.73221E-01 1.90101E-01 5.53910E-02 0.00000E+00 2.85437E+00
0.00000E+00 8.62508E-02 2.20819E-01 2.92161E-01 3.00390E-01 3.62276E-01 4.07865E-01 2.20868E-01 8.62508E-02 0.00000E+00 3.64755E+00
0.00000E+00 1.15609E-01 2.49998E-01 3.19327E-01 3.28085E-01 3.93363E-01 4.40706E-01 2.50063E-01 1.15609E-01 0.00000E+00 4.37835E+00
0.00000E+00 1.43513E-01 2.77673E-01 3.45245E-01 3.54479E-01 4.22862E-01 4.71837E-01 2.77754E-01 1.43513E-01 0.00000E+00 5.05035E+00
0.00000E+00 1.70034E-01 3.03929E-01 3.69949E-01 3.79618E-01 4.50860E-01 5.01361E-01 3.04024E-01 1.70034E-01 0.00000E+00 5.66795E+00
1.08229E-02 1.95245E-01 3.28847E-01 3.93491E-01 4.03556E-01 4.77433E-01 5.29362E-01 3.28956E-01 1.95245E-01 1.08229E-02 6.21431E+00
3.75802E-02 2.19246E-01 3.52536E-01 4.15948E-01 4.26376E-01 5.02696E-01 5.55970E-01 3.52658E-01 2.19246E-01 3.75802E-02 6.68594E+00
6.30395E-02 2.42128E-01 3.75088E-01 4.37379E-01 4.48146E-01 5.26767E-01 5.81322E-01 3.75224E-01 2.42128E-01 6.30395E-02 7.12141E+00
8.72852E-02 2.63953E-01 3.96573E-01 4.57836E-01 4.68921E-01 5.49715E-01 6.05494E-01 3.96721E-01 2.63953E-01 8.72852E-02 7.52372E+00
1.10396E-01 2.84785E-01 4.17054E-01 4.77373E-01 4.88756E-01 5.71608E-01 6.28560E-01 4.17214E-01 2.84785E-01 1.10396E-01 7.89563E+00
1.32446E-01 3.04680E-01 4.36592E-01 4.96040E-01 5.07703E-01 5.92510E-01 6.50587E-01 4.36765E-01 3.04680E-01 1.32446E-01 8.23971E+00
1.53503E-01 3.23696E-01 4.55246E-01 5.13886E-01 5.25814E-01 6.12479E-01 6.71639E-01 4.55429E-01 3.23696E-01 1.53503E-01 8.55827E+00
1.73629E-01 3.41883E-01 4.73068E-01 5.30957E-01 5.43135E-01 6.31574E-01 6.91774E-01 4.73262E-01 3.41883E-01 1.73629E-01 8.85345E+00
1.92882E-01 3.59290E-01 4.90108E-01 5.47297E-01 5.59713E-01 6.49844E-01 7.11049E-01 4.90313E-01 3.59290E-01 1.92882E-01 9.12716E+00
2.11316E-01 3.75963E-01 5.06412E-01 5.62946E-01 5.75588E-01 6.67340E-01 7.29514E-01 5.06628E-01 3.75963E-01 2.11316E-01 9.38116E+00
2.28979E-01 3.91944E-01 5.22025E-01 5.77945E-01 5.90801E-01 6.84105E-01 7.47217E-01 5.22251E-01 3.91944E-01 2.28979E-01 9.61704E+00
2.45918E-01 4.07272E-01 5.36985E-01 5.92328E-01 6.05389E-01 7.00183E-01 7.64201E-01 5.37220E-01 4.07272E-01 2.45918E-01 9.83623E+00
2.62174E-01 4.21983E-01 5.51329E-01 6.06128E-01 6.19385E-01 7.15610E-01 7.80507E-01 5.51574E-01 4.21983E-01 2.62174E-01 1.00400E+01
2.77787E-01 4.36112E-01 5.65092E-01 6.19379E-01 6.32822E-01 7.30425E-01 7.96173E-01 5.65347E-01 4.36112E-01 2.77787E-01 1.02297E+01
2.92792E-01 4.49690E-01 5.78307E-01 6.32108E-01 6.45729E-01 7.44659E-01 8.11235E-01 5.78571E-01 4.49690E-01 2.92792E-01 1.04062E+01
3.07222E-01 4.62746E-01 5.91002E-01 6.44344E-01 6.58136E-01 7.58345E-01 8.25723E-01 5.91275E-01 4.62746E-01 3.07222E-01 1.05706E+01
3.21109E-01 4.75309E-01 6.03206E-01 6.56111E-01 6.70067E-01 7.71512E-01 8.39670E-01 6.03487E-01 4.75309E-01 3.21109E-01 1.07237E+01
3.34482E-01 4.87403E-01 6.14944E-01 6.67434E-01 6.81548E-01 7.84185E-01 8.53104E-01 6.15234E-01 4.87403E-01 3.34482E-01 1.08665E+01
3.47367E-01 4.99053E-01 6.26240E-01 6.78336E-01 6.92601E-01 7.96392E-01 8.66049E-01 6.26538E-01 4.99053E-01 3.47367E-01 1.09996E+01
3.59789E-01 5.10280E-01 6.37117E-01 6.88837E-01 7.03247E-01 8.08155E-01 8.78533E-01 6.37423E-01 5.10280E-01 3.59789E-01 1.11237E+01
3.71771E-01 5.21106E-01 6.47596E-01 6.98956E-01 7.13507E-01 8.19496E-01 8.90576E-01 6.47910E-01 5.21106E-01 3.71771E-01 1.12395E+01
3.83336E-01 5.31551E-01 6.57696E-01 7.08713E-01 7.23399E-01 8.30436E-01 9.02201E-01 6.58018E-01 5.31551E-01 3.83336E-01 1.13475E+01
3.94504E-01 5.41632E-01 6.67436E-01 7.18124E-01 7.32941E-01 8.40995E-01 9.13428E-01 6.67766E-01 5.41632E-01 3.94504E-01 1.14482E+01
4.05293E-01 5.51367E-01 6.76833E-01 7.27206E-01 7.42148E-01 8.51190E-01 9.24275E-01 6.77170E-01 5.51367E-01 4.05293E-01 1.15422E+01
4.15722E-01 5.60772E-01 6.85903E-01 7.35975E-01 7.51038E-01 8.61038E-01 9.34761E-01 6.86247E-01 5.60772E-01 4.15722E-01 1.16299E+01
4.25807E-01 5.69861E-01 6.94661E-01 7.44443E-01 7.59624E-01 8.70556E-01 9.44901E-01 6.95013E-01 5.69861E-01 4.25807E-01 1.17116E+01
4.35564E-01 5.78650E-01 7.03122E-01 7.52625E-01 7.67920E-01 8.79758E-01 9.54713E-01 7.03481E-01 5.78650E-01 4.35564E-01 1.17879E+01
4.45008E-01 5.87152E-01 7.11299E-01 7.60534E-01 7.75938E-01 8.88658E-01 9.64209E-01 7.11664E-01 5.87152E-01 4.45008E-01 1.18590E+01
4.54153E-01 5.95379E-01 7.19205E-01 7.68181E-01 7.83692E-01 8.97270E-01 9.73404E-01 7.19577E-01 5.95379E-01 4.54153E-01 1.19252E+01
4.63011E-01 6.03343E-01 7.26850E-01 7.75579E-01 7.91192E-01 9.05606E-01 9.82311E-01 7.27229E-01 6.03343E-01 4.63011E-01 1.19869E+01
4.71595E-01 6.11056E-01 7.34248E-01 7.82736E-01 7.98450E-01 9.13678E-01 9.90943E-01 7.34633E-01 6.11056E-01 4.71595E-01 1.20444E+01
4.79916E-01 6.18527E-01 7.41408E-01 7.89664E-01 8.05475E-01 9.21497E-01 9.99310E-01 7.41799E-01 6.18527E-01 4.79916E-01 1.20978E+01
4.87986E-01 6.25768E-01 7.48340E-01 7.96373E-01 8.12277E-01 9.29074E-01 1.00742E+00 7.48737E-01 6.25768E-01 4.87986E-01 1.21475E+01
4.95816E-01 6.32787E-01 7.55053E-01 8.02870E-01 8.18866E-01 9.36419E-01 1.01530E+00 7.55457E-01 6.32787E-01 4.95816E-01 1.21936E+01
5.03414E-01 6.39594E-01 7.61558E-01 8.09165E-01 8.25249E-01 9.43540E-01 1.02293E+00 7.61967E-01 6.39594E-01 5.03414E-01 1.22364E+01
5.10790E-01 6.46196E-01 7.67861E-01 8.15266E-01 8.31436E-01 9.50448E-01 1.03035E+00 7.68276E-01 6.46196E-01 5.10790E-01 1.22761E+01
5.17952E-01 6.52603E-01 7.73971E-01 8.21180E-01 8.37434E-01 9.57150E-01 1.03755E+00 7.74392E-01 6.52603E-01 5.17952E-01 1.23128E+01
5.24910E-01 6.58822E-01 7.79896E-01 8.26915E-01 8.43250E-01 9.63654E-01 1.04454E+00 7.80323E-01 6.58822E-01 5.24910E-01 1.23467E+01
5.31671E-01 6.64859E-01 7.85643E-01 8.32478E-01 8.48892E-01 9.69969E-01 1.05133E+00 7.86075E-01 6.64859E-01 5.31671E-01 1.23780E+01
5.38243E-01 6.70722E-01 7.91219E-01 8.37875E-01 8.54366E-01 9.76100E-01 1.05794E+00 7.91657E-01 6.70722E-01 5.38243E-01 1.24068E+01
5.44632E-01 6.76418E-01 7.96630E-01 8.43112E-01 8.59678E-01 9.82056E-01 1.06436E+00 7.97073E-01 6.76418E-01 5.44632E-01 1.24333E+01
5.50846E-01 6.81952E-01 8.01883E-01 8.48196E-01 8.64835E-01 9.87843E-01 1.07060E+00 8.02331E-01 6.81952E-01 5.50846E-01 1.24575E+01
0.00000E+00 0.00000E+00 1.02716E-01 1.57777E-01 1.66619E-01 2.30341E-01 2.73745E-01 1.02675E-01 0.00000E+00 0.00000E+00 5.16362E-01
0.00000E+00 0.00000E+00 1.34554E-01 1.87202E-01 1.97148E-01 2.67674E-01 3.14467E-01 1.34545E-01 0.00000E+00 0.00000E+00 1.46145E+00
0.00000E+00 2.03624E-02 1.63606E-01 2.14428E-01 2.25273E-01 3.01480E-01 3.51209E-01 1.63627E-01 2.03624E-02 0.00000E+00 2.25776E+00
0.00000E+00 4.81727E-02 1.90362E-01 2.39726E-01 2.51335E-01 3.32479E-01 3.84841E-01 1.90411E-01 4.81727E-02 0.00000E+00 2.94808E+00
0.00000E+00 7.39646E-02 2.15113E-01 2.63275E-01 2.75551E-01 3.61083E-01 4.15849E-01 2.15189E-01 7.39646E-02 0.00000E+00 3.56270E+00
0.00000E+00 9.79289E-02 2.38059E-01 2.85212E-01 2.98077E-01 3.87553E-01 4.44530E-01 2.38159E-01 9.79289E-02 0.00000E+00 4.11022E+00
0.00000E+00 1.20244E-01 2.59382E-01 3.05675E-01 3.19065E-01 4.12119E-01 4.71147E-01 2.59505E-01 1.20244E-01 0.00000E+00 4.59874E+00
0.00000E+00 1.41071E-01 2.79243E-01 3.24795E-01 3.38658E-01 4.34982E-01 4.95922E-01 2.79389E-01 1.41071E-01 0.00000E+00 5.03555E+00
8.53818E-03 1.60559E-01 2.97798E-01 3.42706E-01 3.56995E-01 4.56309E-01 5.19030E-01 2.97964E-01 1.60559E-01 8.53818E-03 5.40995E+00
2.94457E-02 1.78851E-01 3.15186E-01 3.59530E-01 3.74204E-01 4.76271E-01 5.40660E-01 3.15372E-01 1.78851E-01 2.94457E-02 5.72148E+00
4.90812E-02 1.96045E-01 3.31497E-01 3.75338E-01 3.90368E-01 4.95009E-01 5.60983E-01 3.31702E-01 1.96045E-01 4.90812E-02 6.00235E+00
6.75552E-02 2.12232E-01 3.46822E-01 3.90210E-01 4.05570E-01 5.12628E-01 5.80112E-01 3.47045E-01 2.12232E-01 6.75552E-02 6.25589E+00
8.49657E-02 2.27491E-01 3.61240E-01 4.04220E-01 4.19886E-01 5.29219E-01 5.98145E-01 3.61481E-01 2.27491E-01 8.49657E-02 6.48503E+00
1.01400E-01 2.41897E-01 3.74826E-01 4.17434E-01 4.33386E-01 5.44866E-01 6.15172E-01 3.75083E-01 2.41897E-01 1.01400E-01 6.69233E+00
1.16936E-01 2.55514E-01 3.87642E-01 4.29912E-01 4.46132E-01 5.59643E-01 6.31270E-01 3.87915E-01 2.55514E-01 1.16936E-01 6.88005E+00
1.31644E-01 2.68402E-01 3.99749E-01 4.41710E-01 4.58179E-01 5.73616E-01 6.46513E-01 4.00038E-01 2.68402E-01 1.31644E-01 7.05019E+00
1.45585E-01 2.80614E-01 4.11198E-01 4.52875E-01 4.69580E-01 5.86847E-01 6.60963E-01 4.11503E-01 2.80614E-01 1.45585E-01 7.20450E+00
1.58817E-01 2.92199E-01 4.22039E-01 4.63454E-01 4.80379E-01 5.99388E-01 6.74678E-01 4.22358E-01 2.92199E-01 1.58817E-01 7.34453E+00
1.71391E-01 3.03201E-01 4.32313E-01 4.73486E-01 4.90620E-01 6.11290E-01 6.87711E-01 4.32646E-01 3.03201E-01 1.71391E-01 7.47165E+00
1.83352E-01 3.13660E-01 4.42061E-01 4.83009E-01 5.00340E-01 6.22596E-01 7.00109E-01 4.42408E-01 3.13660E-01 1.83352E-01 7.58708E+00
1.94742E-01 3.23612E-01 4.51319E-01 4.92057E-01 5.09575E-01 6.33346E-01 7.11914E-01 4.51679E-01 3.23612E-01 1.94742E-01 7.69190E+00
2.05600E-01 3.33090E-01 4.60118E-01 5.00661E-01 5.18356E-01 6.43579E-01 7.23166E-01 4.60491E-01 3.33090E-01 2.05600E-01 7.78709E+00
2.15960E-01 3.42125E-01 4.68488E-01 5.08850E-01 5.26711E-01 6.53327E-01 7.33902E-01 4.68874E-01 3.42125E-01 2.15960E-01 7.87350E+00
2.25853E-01 3.50745E-01 4.76458E-01 5.16649E-01 5.34669E-01 6.62621E-01 7.44152E-01 4.76856E-01 3.50745E-01 2.25853E-01 7.95191E+00
2.35310E-01 3.58976E-01 4.84052E-01 5.24082E-01 5.42254E-01 6.71490E-01 7.53948E-01 4.84461E-01 3.58976E-01 2.35310E-01 8.02302E+00
2.44356E-01 3.66840E-01 4.91293E-01 5.31172E-01 5.49488E-01 6.79959E-01 7.63317E-01 4.91714E-01 3.66840E-01 2.44356E-01 8.08744E+00
2.53016E-01 3.74359E-01 4.98202E-01 5.37938E-01 5.56392E-01 6.88052E-01 7.72283E-01 4.98634E-01 3.74359E-01 2.53016E-01 8.14573E+00
2.61312E-01 3.81554E-01 5.04799E-01 5.44401E-01 5.62985E-01 6.95791E-01 7.80872E-01 5.05242E-01 3.81554E-01 2.61312E-01 8.19841E+00
2.69266E-01 3.88443E-01 5.11102E-01 5.50576E-01 5.69286E-01 7.03197E-01 7.89103E-01 5.11556E-01 3.88443E-01 2.69266E-01 8.24594E+00
2.76897E-01 3.95043E-01 5.17128E-01 5.56481E-01 5.75310E-01 7.10289E-01 7.96998E-01 5.17592E-01 3.95043E-01 2.76897E-01 8.28872E+00
2.84223E-01 4.01371E-01 5.22891E-01 5.62130E-01 5.81073E-01 7.17083E-01 8.04574E-01 5.23365E-01 4.01371E-01 2.84223E-01 8.32715E+00
2.91259E-01 4.07440E-01 5.28407E-01 5.67536E-01 5.86589E-01 7.23596E-01 8.11848E-01 5.28891E-01 4.07440E-01 2.91259E-01 8.36154E+00
2.98023E-01 4.13264E-01 5.33689E-01 5.72714E-01 5.91872E-01 7.29843E-01 8.18837E-01 5.34183E-01 4.13264E-01 2.98023E-01 8.39223E+00
3.04527E-01 4.18857E-01 5.38749E-01 5.77675E-01 5.96933E-01 7.35837E-01 8.25556E-01 5.39252E-01 4.18857E-01 3.04527E-01 8.41950E+00
3.10785E-01 4.24230E-01 5.43599E-01 5.82430E-01 6.01784E-01 7.41593E-01 8.32018E-01 5.44111E-01 4.24230E-01 3.10785E-01 8.44360E+00
3.16810E-01 4.29395E-01 5.48250E-01 5.86989E-01 6.06437E-01 7.47122E-01 8.38236E-01 5.48771E-01 4.29395E-01 3.16810E-01 8.46477E+00
3.22613E-01 4.34361E-01 5.52711E-01 5.91364E-01 6.10900E-01 7.52435E-01 8.44222E-01 5.53241E-01 4.34361E-01 3.22613E-01 8.48323E+00
3.28206E-01 4.39138E-01 5.56993E-01 5.95561E-01 6.15183E-01 7.57543E-01 8.49988E-01 5.57531E-01 4.39138E-01 3.28206E-01 8.49918E+00
3.33597E-01 4.43736E-01 5.61103E-01 5.99591E-01 6.19295E-01 7.62456E-01 8.55544E-01 5.61649E-01 4.43736E-01 3.33597E-01 8.51280E+00
3.38798E-01 4.48163E-01 5.65051E-01 6.03462E-01 6.23244E-01 7.67184E-01 8.60900E-01 5.65605E-01 4.48163E-01 3.38798E-01 8.52427E+00
3.43815E-01 4.52427E-01 5.68843E-01 6.07180E-01 6.27039E-01 7.71734E-01 8.66065E-01 5.69406E-01 4.52427E-01 3.43815E-01 8.53372E+00
3.48659E-01 4.56536E-01 5.72488E-01 6.10753E-01 6.30685E-01 7.76115E-01 8.71047E-01 5.73058E-01 4.56536E-01 3.48659E-01 8.54132E+00
3.53337E-01 4.60496E-01 5.75992E-01 6.14188E-01 6.34191E-01 7.80336E-01 8.75856E-01 5.76570E-01 4.60496E-01 3.53337E-01 8.54718E+00
3.57857E-01 4.64315E-01 5.79361E-01 6.17491E-01 6.37561E-01 7.84402E-01 8.80499E-01 5.79947E-01 4.64315E-01 3.57857E-01 8.55143E+00
3.62224E-01 4.67998E-01 5.82603E-01 6.20667E-01 6.40803E-01 7.88322E-01 8.84983E-01 5.83195E-01 4.67998E-01 3.62224E-01 8.55418E+00
3.66447E-01 4.71552E-01 5.85721E-01 6.23723E-01 6.43923E-01 7.92101E-01 8.89315E-01 5.86321E-01 4.71552E-01 3.66447E-01 8.55554E+00
3.70531E-01 4.74982E-01 5.88722E-01 6.26664E-01 6.46924E-01 7.95745E-01 8.93501E-01 5.89329E-01 4.74982E-01 3.70531E-01 8.55560E+00
3.74482E-01 4.78293E-01 5.91611E-01 6.29494E-01 6.49814E-01 7.99261E-01 8.97548E-01 5.92225E-01 4.78293E-01 3.74482E-01 8.55446E+00
3.78305E-01 4.81491E-01 5.94393E-01 6.32219E-01 6.52595E-01 8.02653E-01 9.01462E-01 5.95013E-01 4.81491E-01 3.78305E-01 8.55218E+00
3.82006E-01 4.84579E-01 5.97072E-01 6.34843E-01 6.55274E-01 8.05927E-01 9.05247E-01 5.97699E-01 4.84579E-01 3.82006E-01 8.54886E+00
0.00000E+00 0.00000E+00 1.08804E-01 1.52774E-01 1.64022E-01 2.40622E-01 2.87913E-01 1.08752E-01 0.00000E+00 0.00000E+00 7.97091E-01
0.00000E+00 0.00000E+00 1.38131E-01 1.80675E-01 1.93090E-01 2.77064E-01 3.28247E-01 1.38121E-01 0.00000E+00 0.00000E+00 1.66684E+00
0.00000E+00 1.88818E-02 1.64346E-01 2.05855E-01 2.19208E-01 3.09293E-01 3.63834E-01 1.64374E-01 1.88818E-02 0.00000E+00 2.37658E+00
0.00000E+00 4.43000E-02 1.88084E-01 2.28799E-01 2.42941E-01 3.38304E-01 3.95845E-01 1.88147E-01 4.43000E-02 0.00000E+00 2.97635E+00
0.00000E+00 6.75333E-02 2.09727E-01 2.49811E-01 2.64636E-01 3.64661E-01 4.24932E-01 2.09823E-01 6.75333E-02 0.00000E+00 3.49945E+00
0.00000E+00 8.88544E-02 2.29541E-01 2.69115E-01 2.84536E-01 3.88730E-01 4.51506E-01 2.29666E-01 8.88544E-02 0.00000E+00 3.95695E+00
0.00000E+00 1.08494E-01 2.47748E-01 2.86903E-01 3.02851E-01 4.10810E-01 4.75901E-01 2.47903E-01 1.08494E-01 0.00000E+00 4.35834E+00
0.00000E+00 1.26648E-01 2.64538E-01 3.03344E-01 3.19763E-01 4.31146E-01 4.98389E-01 2.64720E-01 1.26648E-01 0.00000E+00 4.71167E+00
7.47622E-03 1.43491E-01 2.80088E-01 3.18600E-01 3.35440E-01 4.49939E-01 5.19181E-01 2.80294E-01 1.43491E-01 7.47622E-03 5.00861E+00
2.56920E-02 1.59181E-01 2.94543E-01 3.32806E-01 3.50024E-01 4.67380E-01 5.38489E-01 2.94774E-01 1.59181E-01 2.56920E-02 5.24964E+00
4.26833E-02 1.73817E-01 3.07991E-01 3.46039E-01 3.63603E-01 4.83619E-01 5.56499E-01 3.08245E-01 1.73817E-01 4.26833E-02 5.46371E+00
5.85680E-02 1.87498E-01 3.20527E-01 3.58386E-01 3.76269E-01 4.98773E-01 5.73334E-01 3.20802E-01 1.87498E-01 5.85680E-02 5.65407E+00
7.34490E-02 2.00310E-01 3.32232E-01 3.69927E-01 3.88104E-01 5.12941E-01 5.89105E-01 3.32529E-01 2.00310E-01 7.34490E-02 5.82353E+00
8.74167E-02 2.12328E-01 3.43182E-01 3.80732E-01 3.99180E-01 5.26211E-01 6.03904E-01 3.43499E-01 2.12328E-01 8.74167E-02 5.97452E+00
1.00550E-01 2.23621E-01 3.53440E-01 3.90862E-01 4.09563E-01 5.38663E-01 6.17818E-01 3.53777E-01 2.23621E-01 1.00550E-01 6.10912E+00
1.12921E-01 2.34247E-01 3.63066E-01 4.00374E-01 4.19309E-01 5.50363E-01 6.30919E-01 3.63421E-01 2.34247E-01 1.12921E-01 6.22918E+00
1.24590E-01 2.44261E-01 3.72110E-01 4.09316E-01 4.28470E-01 5.61375E-01 6.43274E-01 3.72483E-01 2.44261E-01 1.24590E-01 6.33626E+00
1.35614E-01 2.53710E-01 3.80619E-01 4.17733E-01 4.37092E-01 5.71752E-01 6.54942E-01 3.81010E-01 2.53710E-01 1.35614E-01 6.43175E+00
1.46042E-01 2.62637E-01 3.88634E-01 4.25665E-01 4.45215E-01 5.81544E-01 6.65975E-01 3.89041E-01 2.62637E-01 1.46042E-01 6.51687E+00
1.55920E-01 2.71082E-01 3.96192E-01 4.33148E-01 4.52878E-01 5.90795E-01 6.76422E-01 3.96616E-01 2.71082E-01 1.55920E-01 6.59268E+00
1.65288E-01 2.79078E-01 4.03327E-01 4.40215E-01 4.60114E-01 5.99545E-01 6.86324E-01 4.03766E-01 2.79078E-01 1.65288E-01 6.66012E+00
1.74181E-01 2.86658E-01 4.10069E-01 4.46895E-01 4.66952E-01 6.07829E-01 6.95720E-01 4.10524E-01 2.86658E-01 1.74181E-01 6.72002E+00
1.82634E-01 2.93851E-01 4.16446E-01 4.53215E-01 4.73422E-01 6.15680E-01 7.04646E-01 4.16916E-01 2.93851E-01 1.82634E-01 6.77311E+00
1.90675E-01 3.00682E-01 4.22483E-01 4.59200E-01 4.79548E-01 6.23128E-01 7.13133E-01 4.22967E-01 3.00682E-01 1.90675E-01 6.82005E+00
1.98333E-01 3.07175E-01 4.28203E-01 4.64871E-01 4.85352E-01 6.30199E-01 7.21210E-01 4.28701E-01 3.07175E-01 1.98333E-01 6.86141E+00
2.05632E-01 3.13353E-01 4.33627E-01 4.70250E-01 4.90856E-01 6.36918E-01 7.28904E-01 4.34137E-01 3.13353E-01 2.05632E-01 6.89772E+00
2.12596E-01 3.19235E-01 4.38773E-01 4.75354E-01 4.96080E-01 6.43308E-01 7.36238E-01 4.39296E-01 3.19235E-01 2.12596E-01 6.92943E+00
2.19244E-01 3.24839E-01 4.43659E-01 4.80201E-01 5.01040E-01 6.49390E-01 7.43236E-01 4.44195E-01 3.24839E-01 2.19244E-01 6.95697E+00
2.25596E-01 3.30183E-01 4.48302E-01 4.84808E-01 5.05753E-01 6.55181E-01 7.49917E-01 4.48850E-01 3.30183E-01 2.25596E-01 6.98070E+00
2.31670E-01 3.35283E-01 4.52716E-01 4.89187E-01 5.10234E-01 6.60700E-01 7.56300E-01 4.53276E-01 3.35283E-01 2.31670E-01 7.00096E+00
2.37481E-01 3.40151E-01 4.56915E-01 4.93354E-01 5.14497E-01 6.65963E-01 7.62402E-01 4.57487E-01 3.40151E-01 2.37481E-01 7.01805E+00
2.43046E-01 3.44802E-01 4.60911E-01 4.97319E-01 5.18554E-01 6.70985E-01 7.68241E-01 4.61494E-01 3.44802E-01 2.43046E-01 7.03225E+00
2.48378E-01 3.49248E-01 4.64716E-01 5.01095E-01 5.22418E-01 6.75778E-01 7.73829E-01 4.65311E-01 3.49248E-01 2.48378E-01 7.04380E+00
2.53490E-01 3.53501E-01 4.68342E-01 5.04693E-01 5.26098E-01 6.80357E-01 7.79182E-01 4.68947E-01 3.53501E-01 2.53490E-01 7.05293E+00
2.58393E-01 3.57570E-01 4.71797E-01 5.08122E-01 5.29606E-01 6.84733E-01 7.84311E-01 4.72412E-01 3.57570E-01 2.58393E-01 7.05984E+00
2.63099E-01 3.61466E-01 4.75092E-01 5.11391E-01 5.32951E-01 6.88916E-01 7.89229E-01 4.75717E-01 3.61466E-01 2.63099E-01 7.06471E+00
2.67619E-01 3.65198E-01 4.78234E-01 5.14510E-01 5.36141E-01 6.92917E-01 7.93947E-01 4.78870E-01 3.65198E-01 2.67619E-01 7.06772E+00
2.71961E-01 3.68775E-01 4.81233E-01 5.17485E-01 5.39184E-01 6.96746E-01 7.98474E-01 4.81878E-01 3.68775E-01 2.71961E-01 7.06901E+00
2.76136E-01 3.72203E-01 4.84095E-01 5.20325E-01 5.42089E-01 7.00412E-01 8.02821E-01 4.84750E-01 3.72203E-01 2.76136E-01 7.06872E+00
2.80150E-01 3.75492E-01 4.86829E-01 5.23036E-01 5.44862E-01 7.03922E-01 8.06997E-01 4.87492E-01 3.75492E-01 2.80150E-01 7.06699E+00
2.84013E-01 3.78647E-01 4.89439E-01 5.25625E-01 5.47511E-01 7.07285E-01 8.11010E-01 4.90111E-01 3.78647E-01 2.84013E-01 7.06393E+00
2.87731E-01 3.81676E-01 4.91932E-01 5.28098E-01 5.50040E-01 7.10507E-01 8.14867E-01 4.92614E-01 3.81676E-01 2.87731E-01 7.05965E+00
2.91312E-01 3.84584E-01 4.94315E-01 5.30461E-01 5.52457E-01 7.13596E-01 8.18577E-01 4.95005E-01 3.84584E-01 2.91312E-01 7.05424E+00
2.94761E-01 3.87377E-01 4.96593E-01 5.32718E-01 5.54766E-01 7.16557E-01 8.22146E-01 4.97291E-01 3.87377E-01 2.94761E-01 7.04780E+00
2.98085E-01 3.90060E-01 4.98770E-01 5.34876E-01 5.56973E-01 7.19398E-01 8.25580E-01 4.99476E-01 3.90060E-01 2.98085E-01 7.04040E+00
3.01290E-01 3.92639E-01 5.00851E-01 5.36939E-01 5.59083E-01 7.22123E-01 8.28886E-01 5.01565E-01 3.92639E-01 3.01290E-01 7.03213E+00
3.04381E-01 3.95119E-01 5.02842E-01 5.38910E-01 5.61100E-01 7.24738E-01 8.32070E-01 5.03563E-01 3.95119E-01 3.04381E-01 7.02305E+00
3.07363E-01 3.97503E-01 5.04745E-01 5.40796E-01 5.63028E-01 7.27248E-01 8.35136E-01 5.05474E-01 3.97503E-01 3.07363E-01 7.01324E+00
3.10241E-01 3.99796E-01 5.06566E-01 5.42598E-01 5.64872E-01 7.29657E-01 8.38091E-01 5.07302E-01 3.99796E-01 3.10241E-01 7.00274E+00
3.13019E-01 4.02003E-01 5.08307E-01 5.44322E-01 5.66635E-01 7.31970E-01 8.40938E-01 5.09051E-01 4.02003E-01 3.13019E-01 6.99161E+00
0.00000E+00 0.00000E+00 1.13417E-01 1.49177E-01 1.63326E-01 2.55018E-01 3.06777E-01 1.13351E-01 0.00000E+00 0.00000E+00 1.07960E+00
0.00000E+00 0.00000E+00 1.39834E-01 1.75136E-01 1.90478E-01 2.90053E-01 3.46319E-01 1.39823E-01 0.00000E+00 0.00000E+00 1.85871E+00
0.00000E+00 1.72848E-02 1.62962E-01 1.97991E-01 2.14278E-01 3.20332E-01 3.80465E-01 1.62999E-01 1.72848E-02 0.00000E+00 2.47361E+00
0.00000E+00 4.02186E-02 1.83545E-01 2.18408E-01 2.35480E-01 3.47088E-01 4.10659E-01 1.83625E-01 4.02186E-02 0.00000E+00 2.97936E+00
0.00000E+00 6.08747E-02 2.02027E-01 2.36793E-01 2.54536E-01 3.71019E-01 4.37704E-01 2.02149E-01 6.08747E-02 0.00000E+00 3.41088E+00
0.00000E+00 7.95925E-02 2.18724E-01 2.53438E-01 2.71760E-01 3.92576E-01 4.62107E-01 2.18884E-01 7.95925E-02 0.00000E+00 3.78079E+00
0.00000E+00 9.66435E-02 2.33886E-01 2.68580E-01 2.87408E-01 4.12114E-01 4.84265E-01 2.34081E-01 9.66435E-02 0.00000E+00 4.09935E+00
0.00000E+00 1.12248E-01 2.47718E-01 2.82413E-01 3.01689E-01 4.29914E-01 5.04492E-01 2.47947E-01 1.12248E-01 0.00000E+00 4.37482E+00
6.46708E-03 1.26600E-01 2.60407E-01 2.95119E-01 3.14790E-01 4.46201E-01 5.23026E-01 2.60668E-01 1.26600E-01 6.46708E-03 4.60079E+00
2.21442E-02 1.39862E-01 2.72103E-01 3.06841E-01 3.26862E-01 4.61178E-01 5.40094E-01 2.72393E-01 1.39862E-01 2.21442E-02 4.77830E+00
3.66660E-02 1.52136E-01 2.82883E-01 3.17654E-01 3.37994E-01 4.75003E-01 5.55894E-01 2.83201E-01 1.52136E-01 3.66660E-02 4.93298E+00
5.01539E-02 1.63525E-01 2.92843E-01 3.27652E-01 3.48281E-01 4.87797E-01 5.70560E-01 2.93187E-01 1.63525E-01 5.01539E-02 5.06788E+00
6.27124E-02 1.74115E-01 3.02065E-01 3.36916E-01 3.57809E-01 4.99665E-01 5.84206E-01 3.02435E-01 1.74115E-01 6.27124E-02 5.18556E+00
7.44319E-02 1.83983E-01 3.10621E-01 3.45515E-01 3.66651E-01 5.10697E-01 5.96931E-01 3.11016E-01 1.83983E-01 7.44319E-02 5.28822E+00
8.53913E-02 1.93196E-01 3.18574E-01 3.53512E-01 3.74870E-01 5.20973E-01 6.08821E-01 3.18992E-01 1.93196E-01 8.53913E-02 5.37771E+00
9.56594E-02 2.01813E-01 3.25978E-01 3.60961E-01 3.82523E-01 5.30562E-01 6.19951E-01 3.26418E-01 2.01813E-01 9.56594E-02 5.45565E+00
1.05297E-01 2.09885E-01 3.32882E-01 3.67910E-01 3.89661E-01 5.39524E-01 6.30388E-01 3.33344E-01 2.09885E-01 1.05297E-01 5.52338E+00
1.14358E-01 2.17458E-01 3.39329E-01 3.74401E-01 3.96326E-01 5.47914E-01 6.40191E-01 3.39812E-01 2.17458E-01 1.14358E-01 5.58212E+00
1.22890E-01 2.24574E-01 3.45358E-01 3.80472E-01 4.02559E-01 5.55779E-01 6.49411E-01 3.45860E-01 2.24574E-01 1.22890E-01 5.63288E+00
1.30935E-01 2.31268E-01 3.51001E-01 3.86157E-01 4.08393E-01 5.63161E-01 6.58096E-01 3.51523E-01 2.31268E-01 1.30935E-01 5.67655E+00
1.38531E-01 2.37574E-01 3.56290E-01 3.91486E-01 4.13862E-01 5.70099E-01 6.66287E-01 3.56830E-01 2.37574E-01 1.38531E-01 5.71393E+00
1.45712E-01 2.43521E-01 3.61252E-01 3.96487E-01 4.18992E-01 5.76627E-01 6.74022E-01 3.61810E-01 2.43521E-01 1.45712E-01 5.74568E+00
1.52509E-01 2.49135E-01 3.65912E-01 4.01184E-01 4.23810E-01 5.82775E-01 6.81333E-01 3.66487E-01 2.49135E-01 1.52509E-01 5.77241E+00
1.58951E-01 2.54441E-01 3.70292E-01 4.05600E-01 4.28338E-01 5.88571E-01 6.88252E-01 3.70884E-01 2.54441E-01 1.58951E-01 5.79465E+00
1.65060E-01 2.59459E-01 3.74412E-01 4.09754E-01 4.32597E-01 5.94041E-01 6.94805E-01 3.75020E-01 2.59459E-01 1.65060E-01 5.81286E+00
1.70862E-01 2.64211E-01 3.78291E-01 4.13665E-01 4.36606E-01 5.99207E-01 7.01019E-01 3.78915E-01 2.64211E-01 1.70862E-01 5.82745E+00
1.76376E-01 2.68714E-01 3.81945E-01 4.17350E-01 4.40382E-01 6.04090E-01 7.06915E-01 3.82584E-01 2.68714E-01 1.76376E-01 5.83880E+00
1.81620E-01 2.72984E-01 3.85389E-01 4.20823E-01 4.43941E-01 6.08709E-01 7.12515E-01 3.86043E-01 2.72984E-01 1.81620E-01 5.84722E+00
1.86614E-01 2.77037E-01 3.88638E-01 4.24100E-01 4.47297E-01 6.13081E-01 7.17837E-01 3.89306E-01 2.77037E-01 1.86614E-01 5.85301E+00
1.91372E-01 2.80885E-01 3.91704E-01 4.27191E-01 4.50464E-01 6.17222E-01 7.22899E-01 3.92385E-01 2.80885E-01 1.91372E-01 5.85641E+00
1.95908E-01 2.84543E-01 3.94599E-01 4.30110E-01 4.53453E-01 6.21147E-01 7.27717E-01 3.95294E-01 2.84543E-01 1.95908E-01 5.85768E+00
2.00237E-01 2.88022E-01 3.97334E-01 4.32868E-01 4.56276E-01 6.24868E-01 7.32305E-01 3.98041E-01 2.88022E-01 2.00237E-01 5.85701E+00
2.04371E-01 2.91331E-01 3.99918E-01 4.35473E-01 4.58942E-01 6.28398E-01 7.36678E-01 4.00637E-01 2.91331E-01 2.04371E-01 5.85459E+00
2.08320E-01 2.94482E-01 4.02360E-01 4.37935E-01 4.61462E-01 6.31749E-01 7.40848E-01 4.03092E-01 2.94482E-01 2.08320E-01 5.85058E+00
2.12096E-01 2.97484E-01 4.04670E-01 4.40263E-01 4.63844E-01 6.34931E-01 7.44826E-01 4.05413E-01 2.97484E-01 2.12096E-01 5.84515E+00
2.15708E-01 3.00344E-01 4.06854E-01 4.42464E-01 4.66096E-01 6.37954E-01 7.48622E-01 4.07609E-01 3.00344E-01 2.15708E-01 5.83842E+00
2.19166E-01 3.03072E-01 4.08921E-01 4.44547E-01 4.68225E-01 6.40826E-01 7.52248E-01 4.09687E-01 3.03072E-01 2.19166E-01 5.83052E+00
2.22477E-01 3.05673E-01 4.10876E-01 4.46516E-01 4.70239E-01 6.43556E-01 7.55712E-01 4.11653E-01 3.05673E-01 2.22477E-01 5.82156E+00
2.25650E-01 3.08156E-01 4.12726E-01 4.48380E-01 4.72144E-01 6.46153E-01 7.59023E-01 4.13514E-01 3.08156E-01 2.25650E-01 5.81164E+00
2.28692E-01 3.10526E-01 4.14478E-01 4.50143E-01 4.73946E-01 6.48622E-01 7.62189E-01 4.15275E-01 3.10526E-01 2.28692E-01 5.80085E+00
2.31609E-01 3.12789E-01 4.16135E-01 4.51811E-01 4.75651E-01 6.50971E-01 7.65218E-01 4.16943E-01 3.12789E-01 2.31609E-01 5.78928E+00
2.34408E-01 3.14951E-01 4.17704E-01 4.53390E-01 4.77263E-01 6.53206E-01 7.68115E-01 4.18521E-01 3.14951E-01 2.34408E-01 5.77700E+00
2.37095E-01 3.17017E-01 4.19188E-01 4.54883E-01 4.78788E-01 6.55334E-01 7.70889E-01 4.20015E-01 3.17017E-01 2.37095E-01 5.76408E+00
2.39675E-01 3.18992E-01 4.20593E-01 4.56296E-01 4.80230E-01 6.57358E-01 7.73544E-01 4.21429E-01 3.18992E-01 2.39675E-01 5.75059E+00
2.42154E-01 3.20880E-01 4.21923E-01 4.57632E-01 4.81594E-01 6.59286E-01 7.76087E-01 4.22768E-01 3.20880E-01 2.42154E-01 5.73657E+00
2.44536E-01 3.22686E-01 4.23181E-01 4.58895E-01 4.82883E-01 6.61120E-01 7.78524E-01 4.24035E-01 3.22686E-01 2.44536E-01 5.72210E+00
2.46827E-01 3.24413E-01 4.24371E-01 4.60090E-01 4.84101E-01 6.62867E-01 7.80858E-01 4.25233E-01 3.24413E-01 2.46827E-01 5.70720E+00
2.49029E-01 3.26066E-01 4.25496E-01 4.61219E-01 4.85253E-01 6.64530E-01 7.83096E-01 4.26367E-01 3.26066E-01 2.49029E-01 5.69193E+00
2.51148E-01 3.27647E-01 4.26560E-01 4.62285E-01 4.86340E-01 6.66113E-01 7.85241E-01 4.27438E-01 3.27647E-01 2.51148E-01 5.67632E+00
2.53187E-01 3.29161E-01 4.27565E-01 4.63293E-01 4.87366E-01 6.67620E-01 7.87297E-01 4.28452E-01 3.29161E-01 2.53187E-01 5.66041E+00
0.00000E+00 0.00000E+00 1.15973E-01 1.46859E-01 1.64439E-01 2.73681E-01 3.30798E-01 1.15890E-01 0.00000E+00 0.00000E+00 1.34693E+00
0.00000E+00 0.00000E+00 1.39092E-01 1.70396E-01 1.89141E-01 3.06668E-01 3.69036E-01 1.39080E-01 0.00000E+00 0.00000E+00 2.02147E+00
0.00000E+00 1.55687E-02 1.58915E-01 1.90619E-01 2.10270E-01 3.34541E-01 4.01381E-01 1.58965E-01 1.55687E-02 0.00000E+00 2.53524E+00
0.00000E+00 3.59320E-02 1.76245E-01 2.08325E-01 2.28716E-01 3.58720E-01 4.29511E-01 1.76352E-01 3.59320E-02 0.00000E+00 2.94552E+00
0.00000E+00 5.40055E-02 1.91560E-01 2.23993E-01 2.45004E-01 3.80002E-01 4.54352E-01 1.91719E-01 5.40055E-02 0.00000E+00 3.28726E+00
0.00000E+00 7.01758E-02 2.05202E-01 2.37962E-01 2.59499E-01 3.98905E-01 4.76491E-01 2.05409E-01 7.01758E-02 0.00000E+00 3.57371E+00
0.00000E+00 8.47409E-02 2.17432E-01 2.50495E-01 2.72486E-01 4.15820E-01 4.96371E-01 2.17684E-01 8.47409E-02 0.00000E+00 3.81513E+00
0.00000E+00 9.79357E-02 2.28460E-01 2.61801E-01 2.84186E-01 4.31052E-01 5.14338E-01 2.28753E-01 9.79357E-02 0.00000E+00 4.01953E+00
5.51320E-03 1.09962E-01 2.38473E-01 2.72071E-01 2.94797E-01 4.44841E-01 5.30646E-01 2.38806E-01 1.09962E-01 5.51320E-03 4.18191E+00
1.88098E-02 1.20984E-01 2.47615E-01 2.81447E-01 3.04472E-01 4.57394E-01 5.45534E-01 2.47984E-01 1.20984E-01 1.88098E-02 4.30356E+00
3.10402E-02 1.31102E-01 2.55954E-01 2.90003E-01 3.13295E-01 4.68870E-01 5.59208E-01 2.56357E-01 1.31102E-01 3.10402E-02 4.40678E+00
4.23252E-02 1.40417E-01 2.63580E-01 2.97831E-01 3.21361E-01 4.79391E-01 5.71805E-01 2.64016E-01 1.40417E-01 4.23252E-02 4.49426E+00
5.27673E-02 1.49016E-01 2.70572E-01 3.05011E-01 3.28754E-01 4.89064E-01 5.83441E-01 2.71039E-01 1.49016E-01 5.27673E-02 4.56823E+00
6.24545E-02 1.56973E-01 2.76996E-01 3.11609E-01 3.35546E-01 4.97977E-01 5.94217E-01 2.77493E-01 1.56973E-01 6.24545E-02 4.63058E+00
7.14624E-02 1.64351E-01 2.82911E-01 3.17686E-01 3.41796E-01 5.06209E-01 6.04218E-01 2.83436E-01 1.64351E-01 7.14624E-02 4.68287E+00
7.98569E-02 1.71207E-01 2.88366E-01 3.23292E-01 3.47558E-01 5.13826E-01 6.13520E-01 2.88918E-01 1.71207E-01 7.98569E-02 4.72646E+00
8.76953E-02 1.77589E-01 2.93406E-01 3.28471E-01 3.52879E-01 5.20886E-01 6.22188E-01 2.93984E-01 1.77589E-01 8.76953E-02 4.76247E+00
9.50279E-02 1.83539E-01 2.98069E-01 3.33264E-01 3.57799E-01 5.27442E-01 6.30278E-01 2.98671E-01 1.83539E-01 9.50279E-02 4.79186E+00
1.01899E-01 1.89097E-01 3.02389E-01 3.37704E-01 3.62356E-01 5.33537E-01 6.37843E-01 3.03015E-01 1.89097E-01 1.01899E-01 4.81547E+00
1.08348E-01 1.94295E-01 3.06395E-01 3.41822E-01 3.66579E-01 5.39213E-01 6.44925E-01 3.07044E-01 1.94295E-01 1.08348E-01 4.83402E+00
1.14410E-01 1.99163E-01 3.10115E-01 3.45646E-01 3.70499E-01 5.44504E-01 6.51566E-01 3.10786E-01 1.99163E-01 1.14410E-01 4.84811E+00
1.20116E-01 2.03727E-01 3.13572E-01 3.49200E-01 3.74139E-01 5.49442E-01 6.57799E-01 3.14264E-01 2.03727E-01 1.20116E-01 4.85829E+00
1.25493E-01 2.08013E-01 3.16788E-01 3.52505E-01 3.77523E-01 5.54055E-01 6.63658E-01 3.17500E-01 2.08013E-01 1.25493E-01 4.86501E+00
1.30567E-01 2.12040E-01 3.19782E-01 3.55582E-01 3.80671E-01 5.58370E-01 6.69171E-01 3.20513E-01 2.12040E-01 1.30567E-01 4.86869E+00
1.35360E-01 2.15829E-01 3.22570E-01 3.58448E-01 3.83602E-01 5.62407E-01 6.74362E-01 3.23320E-01 2.15829E-01 1.35360E-01 4.86967E+00
1.39893E-01 2.19396E-01 3.25169E-01 3.61118E-01 3.86330E-01 5.66189E-01 6.79257E-01 3.25937E-01 2.19396E-01 1.39893E-01 4.86827E+00
1.44184E-01 2.22758E-01 3.27593E-01 3.63608E-01 3.88873E-01 5.69733E-01 6.83874E-01 3.28378E-01 2.22758E-01 1.44184E-01 4.86476E+00
1.48250E-01 2.25930E-01 3.29854E-01 3.65930E-01 3.91242E-01 5.73057E-01 6.88235E-01 3.30656E-01 2.25930E-01 1.48250E-01 4.85938E+00
1.52106E-01 2.28923E-01 3.31964E-01 3.68096E-01 3.93451E-01 5.76177E-01 6.92356E-01 3.32782E-01 2.28923E-01 1.52106E-01 4.85235E+00
1.55766E-01 2.31751E-01 3.33933E-01 3.70117E-01 3.95511E-01 5.79105E-01 6.96252E-01 3.34767E-01 2.31751E-01 1.55766E-01 4.84385E+00
1.59243E-01 2.34423E-01 3.35771E-01 3.72003E-01 3.97432E-01 5.81855E-01 6.99940E-01 3.36620E-01 2.34423E-01 1.59243E-01 4.83405E+00
1.62549E-01 2.36951E-01 3.37488E-01 3.73764E-01 3.99222E-01 5.84438E-01 7.03431E-01 3.38351E-01 2.36951E-01 1.62549E-01 4.82310E+00
1.65693E-01 2.39343E-01 3.39090E-01 3.75406E-01 4.00892E-01 5.86866E-01 7.06738E-01 3.39968E-01 2.39343E-01 1.65693E-01 4.81113E+00
1.68686E-01 2.41608E-01 3.40586E-01 3.76939E-01 4.02449E-01 5.89148E-01 7.09873E-01 3.41477E-01 2.41608E-01 1.68686E-01 4.79826E+00
1.71538E-01 2.43753E-01 3.41982E-01 3.78369E-01 4.03899E-01 5.91294E-01 7.12845E-01 3.42887E-01 2.43753E-01 1.71538E-01 4.78459E+00
1.74256E-01 2.45786E-01 3.43285E-01 3.79702E-01 4.05250E-01 5.93311E-01 7.15664E-01 3.44202E-01 2.45786E-01 1.74256E-01 4.77022E+00
1.76848E-01 2.47714E-01 3.44500E-01 3.80944E-01 4.06509E-01 5.95208E-01 7.18340E-01 3.45430E-01 2.47714E-01 1.76848E-01 4.75523E+00
1.79321E-01 2.49542E-01 3.45633E-01 3.82102E-01 4.07679E-01 5.96991E-01 7.20880E-01 3.46575E-01 2.49542E-01 1.79321E-01 4.73969E+00
1.81683E-01 2.51276E-01 3.46689E-01 3.83180E-01 4.08768E-01 5.98667E-01 7.23293E-01 3.47642E-01 2.51276E-01 1.81683E-01 4.72369E+00
1.83939E-01 2.52922E-01 3.47672E-01 3.84183E-01 4.09780E-01 6.00243E-01 7.25584E-01 3.48636E-01 2.52922E-01 1.83939E-01 4.70727E+00
1.86094E-01 2.54484E-01 3.48586E-01 3.85115E-01 4.10718E-01 6.01724E-01 7.27761E-01 3.49562E-01 2.54484E-01 1.86094E-01 4.69048E+00
1.88155E-01 2.55967E-01 3.49437E-01 3.85981E-01 4.11589E-01 6.03116E-01 7.29830E-01 3.50423E-01 2.55967E-01 1.88155E-01 4.67339E+00
1.90127E-01 2.57376E-01 3.50226E-01 3.86784E-01 4.12394E-01 6.04423E-01 7.31796E-01 3.51223E-01 2.57376E-01 1.90127E-01 4.65604E+00
1.92013E-01 2.58714E-01 3.50959E-01 3.87527E-01 4.13139E-01 6.05649E-01 7.33665E-01 3.51966E-01 2.58714E-01 1.92013E-01 4.63845E+00
1.93818E-01 2.59985E-01 3.51637E-01 3.88215E-01 4.13827E-01 6.06800E-01 7.35442E-01 3.52654E-01 2.59985E-01 1.93818E-01 4.62068E+00
1.95547E-01 2.61193E-01 3.52264E-01 3.88849E-01 4.14460E-01 6.07880E-01 7.37131E-01 3.53290E-01 2.61193E-01 1.95547E-01 4.60275E+00
1.97203E-01 2.62340E-01 3.52843E-01 3.89434E-01 4.15042E-01 6.08891E-01 7.38737E-01 3.53879E-01 2.62340E-01 1.97203E-01 4.58470E+00
1.98790E-01 2.63430E-01 3.53377E-01 3.89972E-01 4.15575E-01 6.09838E-01 7.40264E-01 3.54421E-01 2.63430E-01 1.98790E-01 4.56654E+00
2.00310E-01 2.64466E-01 3.53867E-01 3.90464E-01 4.16063E-01 6.10724E-01 7.41716E-01 3.54920E-01 2.64466E-01 2.00310E-01 4.54830E+00
2.01768E-01 2.65450E-01 3.54316E-01 3.90915E-01 4.16507E-01 6.11552E-01 7.43096E-01 3.55377E-01 2.65450E-01 2.01768E-01 4.53001E+00
0.00000E+00 0.00000E+00 1.15816E-01 1.45514E-01 1.67052E-01 2.96512E-01 3.60351E-01 1.15714E-01 0.00000E+00 0.00000E+00 1.57739E+00
0.00000E+00 0.00000E+00 1.35313E-01 1.66121E-01 1.88719E-01 3.26703E-01 3.96672E-01 1.35305E-01 0.00000E+00 0.00000E+00 2.13685E+00
0.00000E+00 1.37471E-02 1.51691E-01 1.83407E-01 2.06807E-01 3.51650E-01 4.26794E-01 1.51765E-01 1.37471E-02 0.00000E+00 2.54657E+00
0.00000E+00 3.14806E-02 1.65751E-01 1.98235E-01 2.22273E-01 3.72887E-01 4.52567E-01 1.65898E-01 3.14806E-02 0.00000E+00 2.86299E+00
0.00000E+00 4.69953E-02 1.77968E-01 2.11117E-01 2.35674E-01 3.91271E-01 4.75008E-01 1.78182E-01 4.69953E-02 0.00000E+00 3.11944E+00
0.00000E+00 6.07027E-02 1.88687E-01 2.22414E-01 2.47400E-01 4.07355E-01 4.94759E-01 1.88963E-01 6.07027E-02 0.00000E+00 3.32874E+00
0.00000E+00 7.29113E-02 1.98165E-01 2.32398E-01 2.57744E-01 4.21549E-01 5.12294E-01 1.98497E-01 7.29113E-02 0.00000E+00 3.50050E+00
0.00000E+00 8.38588E-02 2.06599E-01 2.41278E-01 2.66927E-01 4.34167E-01 5.27976E-01 2.06984E-01 8.38588E-02 0.00000E+00 3.64202E+00
4.61994E-03 9.37460E-02 2.14172E-01 2.49244E-01 2.75148E-01 4.45452E-01 5.42069E-01 2.14606E-01 9.37460E-02 4.61994E-03 3.74928E+00
1.57058E-02 1.02731E-01 2.21012E-01 2.56431E-01 2.82551E-01 4.55609E-01 5.54813E-01 2.21491E-01 1.02731E-01 1.57058E-02 3.82355E+00
2.58315E-02 1.10911E-01 2.27175E-01 2.62905E-01 2.89211E-01 4.64787E-01 5.66417E-01 2.27696E-01 1.10911E-01 2.58315E-02 3.88379E+00
3.51130E-02 1.18381E-01 2.32742E-01 2.68753E-01 2.95219E-01 4.73109E-01 5.77018E-01 2.33304E-01 1.18381E-01 3.51130E-02 3.93224E+00
4.36477E-02 1.25224E-01 2.37786E-01 2.74050E-01 3.00654E-01 4.80675E-01 5.86732E-01 2.38386E-01 1.25224E-01 4.36477E-02 3.97075E+00
5.15183E-02 1.31510E-01 2.42365E-01 2.78857E-01 3.05580E-01 4.87571E-01 5.95656E-01 2.43001E-01 1.31510E-01 5.15183E-02 4.00083E+00
5.87954E-02 1.37297E-01 2.46531E-01 2.83228E-01 3.10053E-01 4.93870E-01 6.03875E-01 2.47201E-01 1.37297E-01 5.87954E-02 4.02375E+00
6.55399E-02 1.42637E-01 2.50327E-01 2.87210E-01 3.14123E-01 4.99636E-01 6.11461E-01 2.51029E-01 1.42637E-01 6.55399E-02 4.04055E+00
7.18044E-02 1.47574E-01 2.53791E-01 2.90842E-01 3.17830E-01 5.04922E-01 6.18476E-01 2.54524E-01 1.47574E-01 7.18044E-02 4.05213E+00
7.76349E-02 1.52147E-01 2.56956E-01 2.94159E-01 3.21210E-01 5.09776E-01 6.24976E-01 2.57719E-01 1.52147E-01 7.76349E-02 4.05921E+00
8.30714E-02 1.56390E-01 2.59852E-01 2.97192E-01 3.24297E-01 5.14239E-01 6.31007E-01 2.60643E-01 1.56390E-01 8.30714E-02 4.06244E+00
8.81494E-02 1.60333E-01 2.62503E-01 2.99967E-01 3.27116E-01 5.18347E-01 6.36612E-01 2.63321E-01 1.60333E-01 8.81494E-02 4.06235E+00
9.29000E-02 1.64003E-01 2.64932E-01 3.02508E-01 3.29693E-01 5.22133E-01 6.41828E-01 2.65776E-01 1.64003E-01 9.29000E-02 4.05939E+00
9.73510E-02 1.67422E-01 2.67159E-01 3.04835E-01 3.32049E-01 5.25624E-01 6.46688E-01 2.68028E-01 1.67422E-01 9.73510E-02 4.05397E+00
1.01527E-01 1.70611E-01 2.69202E-01 3.06968E-01 3.34205E-01 5.28846E-01 6.51222E-01 2.70094E-01 1.70611E-01 1.01527E-01 4.04641E+00
1.05450E-01 1.73590E-01 2.71076E-01 3.08922E-01 3.36176E-01 5.31822E-01 6.55455E-01 2.71990E-01 1.73590E-01 1.05450E-01 4.03700E+00
1.09140E-01 1.76374E-01 2.72794E-01 3.10713E-01 3.37978E-01 5.34571E-01 6.59411E-01 2.73730E-01 1.76374E-01 1.09140E-01 4.02601E+00
1.12615E-01 1.78980E-01 2.74371E-01 3.12354E-01 3.39626E-01 5.37112E-01 6.63111E-01 2.75328E-01 1.78980E-01 1.12615E-01 4.01365E+00
1.15890E-01 1.81420E-01 2.75817E-01 3.13857E-01 3.41132E-01 5.39460E-01 6.66574E-01 2.76793E-01 1.81420E-01 1.15890E-01 4.00010E+00
1.18980E-01 1.83707E-01 2.77142E-01 3.15232E-01 3.42506E-01 5.41631E-01 6.69818E-01 2.78138E-01 1.83707E-01 1.18980E-01 3.98553E+00
1.21899E-01 1.85852E-01 2.78356E-01 3.16490E-01 3.43759E-01 5.43638E-01 6.72859E-01 2.79370E-01 1.85852E-01 1.21899E-01 3.97010E+00
1.24658E-01 1.87864E-01 2.79467E-01 3.17640E-01 3.44900E-01 5.45492E-01 6.75710E-01 2.80499E-01 1.87864E-01 1.24658E-01 3.95391E+00
1.27268E-01 1.89755E-01 2.80483E-01 3.18688E-01 3.45938E-01 5.47205E-01 6.78384E-01 2.81532E-01 1.89755E-01 1.27268E-01 3.93710E+00
1.29740E-01 1.91530E-01 2.81411E-01 3.19644E-01 3.46880E-01 5.48787E-01 6.80894E-01 2.82476E-01 1.91530E-01 1.29740E-01 3.91974E+00
1.32081E-01 1.93200E-01 2.82257E-01 3.20513E-01 3.47733E-01 5.50246E-01 6.83250E-01 2.83337E-01 1.93200E-01 1.32081E-01 3.90193E+00
1.34301E-01 1.94769E-01 2.83026E-01 3.21301E-01 3.48503E-01 5.51592E-01 6.85462E-01 2.84122E-01 1.94769E-01 1.34301E-01 3.88375E+00
1.36407E-01 1.96246E-01 2.83725E-01 3.22015E-01 3.49196E-01 5.52832E-01 6.87539E-01 2.84835E-01 1.96246E-01 1.36407E-01 3.86525E+00
1.38407E-01 1.97635E-01 2.84358E-01 3.22659E-01 3.49818E-01 5.53972E-01 6.89490E-01 2.85482E-01 1.97635E-01 1.38407E-01 3.84650E+00
1.40306E-01 1.98942E-01 2.84929E-01 3.23238E-01 3.50373E-01 5.55020E-01 6.91323E-01 2.86067E-01 1.98942E-01 1.40306E-01 3.82755E+00
1.42111E-01 2.00173E-01 2.85443E-01 3.23756E-01 3.50866E-01 5.55981E-01 6.93044E-01 2.86594E-01 2.00173E-01 1.42111E-01 3.80845E+00
1.43827E-01 2.01332E-01 2.85903E-01 3.24218E-01 3.51300E-01 5.56860E-01 6.94661E-01 2.87066E-01 2.01332E-01 1.43827E-01 3.78923E+00
1.45460E-01 2.02423E-01 2.86313E-01 3.24626E-01 3.51681E-01 5.57664E-01 6.96178E-01 2.87489E-01 2.02423E-01 1.45460E-01 3.76993E+00
1.47014E-01 2.03450E-01 2.86676E-01 3.24986E-01 3.52010E-01 5.58396E-01 6.97603E-01 2.87864E-01 2.03450E-01 1.47014E-01 3.75058E+00
1.48493E-01 2.04417E-01 2.86996E-01 3.25298E-01 3.52292E-01 5.59060E-01 6.98940E-01 2.88195E-01 2.04417E-01 1.48493E-01 3.73122E+00
1.49902E-01 2.05328E-01 2.87274E-01 3.25568E-01 3.52530E-01 5.59662E-01 7.00195E-01 2.88484E-01 2.05328E-01 1.49902E-01 3.71185E+00
1.51244E-01 2.06185E-01 2.87514E-01 3.25796E-01 3.52726E-01 5.60204E-01 7.01371E-01 2.88734E-01 2.06185E-01 1.51244E-01 3.69252E+00
1.52524E-01 2.06992E-01 2.87717E-01 3.25986E-01 3.52883E-01 5.60690E-01 7.02473E-01 2.88948E-01 2.06992E-01 1.52524E-01 3.67323E+00
1.53744E-01 2.07751E-01 2.87887E-01 3.26141E-01 3.53004E-01 5.61124E-01 7.03505E-01 2.89127E-01 2.07751E-01 1.53744E-01 3.65400E+00
1.54907E-01 2.08465E-01 2.88025E-01 3.26261E-01 3.53089E-01 5.61508E-01 7.04471E-01 2.89275E-01 2.08465E-01 1.54907E-01 3.63485E+00
1.56017E-01 2.09137E-01 2.88132E-01 3.26350E-01 3.53143E-01 5.61845E-01 7.05374E-01 2.89392E-01 2.09137E-01 1.56017E-01 3.61579E+00
1.57076E-01 2.09768E-01 2.88212E-01 3.26410E-01 3.53166E-01 5.62138E-01 7.06218E-01 2.89480E-01 2.09768E-01 1.57076E-01 3.59683E+00
1.58087E-01 2.10361E-01 2.88265E-01 3.26441E-01 3.53161E-01 5.62389E-01 7.07005E-01 2.89542E-01 2.10361E-01 1.58087E-01 3.57799E+00
0.00000E+00 0.00000E+00 1.12283E-01 1.44590E-01 1.70536E-01 3.23045E-01 3.95655E-01 1.12165E-01 0.00000E+00 0.00000E+00 1.74628E+00
0.00000E+00 0.00000E+00 1.27975E-01 1.61790E-01 1.88591E-01 3.49623E-01 4.29367E-01 1.27984E-01 0.00000E+00 0.00000E+00 2.18591E+00
0.00000E+00 1.18551E-02 1.40899E-01 1.75880E-01 2.03296E-01 3.71093E-01 4.56794E-01 1.41017E-01 1.18551E-02 0.00000E+00 2.49363E+00
0.00000E+00 2.69500E-02 1.51789E-01 1.87713E-01 2.15591E-01 3.89007E-01 4.79882E-01 1.52004E-01 2.69500E-02 0.00000E+00 2.72188E+00
0.00000E+00 3.99763E-02 1.61086E-01 1.97789E-01 2.26024E-01 4.04233E-01 4.99699E-01 1.61388E-01 3.99763E-02 0.00000E+00 2.90078E+00
0.00000E+00 5.13458E-02 1.69108E-01 2.06464E-01 2.34976E-01 4.17328E-01 5.16911E-01 1.69490E-01 5.13458E-02 0.00000E+00 3.04185E+00
0.00000E+00 6.13613E-02 1.76093E-01 2.13999E-01 2.42728E-01 4.28700E-01 5.32006E-01 1.76547E-01 6.13613E-02 0.00000E+00 3.15345E+00
0.00000E+00 7.02520E-02 1.82217E-01 2.20590E-01 2.49487E-01 4.38652E-01 5.45351E-01 1.82738E-01 7.02520E-02 0.00000E+00 3.24179E+00
3.79528E-03 7.82084E-02 1.87645E-01 2.26415E-01 2.55440E-01 4.47423E-01 5.57211E-01 1.88227E-01 7.82084E-02 3.79528E-03 3.30351E+00
1.28572E-02 8.53775E-02 1.92486E-01 2.31593E-01 2.60717E-01 4.55202E-01 5.67820E-01 1.93125E-01 8.53775E-02 1.28572E-02 3.33960E+00
2.10775E-02 9.18481E-02 1.96782E-01 2.36180E-01 2.65376E-01 4.62126E-01 5.77382E-01 1.97474E-01 9.18481E-02 2.10775E-02 3.36580E+00
2.85634E-02 9.77096E-02 2.00603E-01 2.40254E-01 2.69502E-01 4.68310E-01 5.86029E-01 2.01345E-01 9.77096E-02 2.85634E-02 3.38388E+00
3.54043E-02 1.03036E-01 2.04011E-01 2.43880E-01 2.73162E-01 4.73845E-01 5.93874E-01 2.04799E-01 1.03036E-01 3.54043E-02 3.39522E+00
4.16754E-02 1.07891E-01 2.07056E-01 2.47112E-01 2.76415E-01 4.78812E-01 6.01010E-01 2.07888E-01 1.07891E-01 4.16754E-02 3.40098E+00
4.74404E-02 1.12328E-01 2.09781E-01 2.49998E-01 2.79309E-01 4.83276E-01 6.07517E-01 2.10654E-01 1.12328E-01 4.74404E-02 3.40210E+00
5.27540E-02 1.16391E-01 2.12222E-01 2.52577E-01 2.81884E-01 4.87295E-01 6.13463E-01 2.13134E-01 1.16391E-01 5.27540E-02 3.39935E+00
5.76630E-02 1.20120E-01 2.14410E-01 2.54883E-01 2.84178E-01 4.90916E-01 6.18907E-01 2.15360E-01 1.20120E-01 5.76630E-02 3.39336E+00
6.22081E-02 1.23550E-01 2.16373E-01 2.56945E-01 2.86219E-01 4.94181E-01 6.23898E-01 2.17358E-01 1.23550E-01 6.22081E-02 3.38467E+00
6.64246E-02 1.26709E-01 2.18134E-01 2.58789E-01 2.88036E-01 4.97128E-01 6.28482E-01 2.19152E-01 1.26709E-01 6.64246E-02 3.37371E+00
7.03434E-02 1.29624E-01 2.19714E-01 2.60437E-01 2.89650E-01 4.99788E-01 6.32697E-01 2.20763E-01 1.29624E-01 7.03434E-02 3.36087E+00
7.39918E-02 1.32317E-01 2.21130E-01 2.61908E-01 2.91083E-01 5.02188E-01 6.36577E-01 2.22209E-01 1.32317E-01 7.39918E-02 3.34645E+00
7.73937E-02 1.34809E-01 2.22398E-01 2.63220E-01 2.92351E-01 5.04354E-01 6.40152E-01 2.23505E-01 1.34809E-01 7.73937E-02 3.33072E+00
8.05703E-02 1.37116E-01 2.23532E-01 2.64387E-01 2.93471E-01 5.06306E-01 6.43448E-01 2.24666E-01 1.37116E-01 8.05703E-02 3.31391E+00
8.35407E-02 1.39256E-01 2.24545E-01 2.65423E-01 2.94456E-01 5.08064E-01 6.46490E-01 2.25704E-01 1.39256E-01 8.35407E-02 3.29620E+00
8.63217E-02 1.41241E-01 2.25447E-01 2.66340E-01 2.95319E-01 5.09645E-01 6.49297E-01 2.26631E-01 1.41241E-01 8.63217E-02 3.27776E+00
8.89283E-02 1.43085E-01 2.26248E-01 2.67148E-01 2.96071E-01 5.11064E-01 6.51890E-01 2.27455E-01 1.43085E-01 8.89283E-02 3.25873E+00
9.13743E-02 1.44799E-01 2.26957E-01 2.67857E-01 2.96721E-01 5.12335E-01 6.54285E-01 2.28187E-01 1.44799E-01 9.13743E-02 3.23923E+00
9.36718E-02 1.46393E-01 2.27582E-01 2.68475E-01 2.97279E-01 5.13471E-01 6.56497E-01 2.28833E-01 1.46393E-01 9.36718E-02 3.21935E+00
9.58320E-02 1.47876E-01 2.28129E-01 2.69010E-01 2.97751E-01 5.14481E-01 6.58540E-01 2.29401E-01 1.47876E-01 9.58320E-02 3.19919E+00
9.78647E-02 1.49257E-01 2.28606E-01 2.69469E-01 2.98146E-01 5.15376E-01 6.60428E-01 2.29897E-01 1.49257E-01 9.78647E-02 3.17882E+00
9.97791E-02 1.50543E-01 2.29018E-01 2.69858E-01 2.98470E-01 5.16166E-01 6.62170E-01 2.30327E-01 1.50543E-01 9.97791E-02 3.15831E+00
1.01584E-01 1.51741E-01 2.29370E-01 2.70183E-01 2.98729E-01 5.16857E-01 6.63778E-01 2.30697E-01 1.51741E-01 1.01584E-01 3.13771E+00
1.03285E-01 1.52858E-01 2.29667E-01 2.70448E-01 2.98927E-01 5.17459E-01 6.65260E-01 2.31011E-01 1.52858E-01 1.03285E-01 3.11707E+00
1.04892E-01 1.53898E-01 2.29913E-01 2.70659E-01 2.99070E-01 5.17977E-01 6.66626E-01 2.31273E-01 1.53898E-01 1.04892E-01 3.09643E+00
1.06409E-01 1.54868E-01 2.30112E-01 2.70820E-01 2.99162E-01 5.18417E-01 6.67884E-01 2.31488E-01 1.54868E-01 1.06409E-01 3.07583E+00
1.07842E-01 1.55771E-01 2.30267E-01 2.70934E-01 2.99207E-01 5.18786E-01 6.69039E-01 2.31658E-01 1.55771E-01 1.07842E-01 3.05529E+00
1.09198E-01 1.56613E-01 2.30383E-01 2.71005E-01 2.99208E-01 5.19087E-01 6.70101E-01 2.31788E-01 1.56613E-01 1.09198E-01 3.03484E+00
1.10480E-01 1.57397E-01 2.30462E-01 2.71037E-01 2.99170E-01 5.19327E-01 6.71073E-01 2.31880E-01 1.57397E-01 1.10480E-01 3.01451E+00
1.11693E-01 1.58127E-01 2.30506E-01 2.71032E-01 2.99094E-01 5.19510E-01 6.71963E-01 2.31938E-01 1.58127E-01 1.11693E-01 2.99432E+00
1.12842E-01 1.58807E-01 2.30518E-01 2.70992E-01 2.98984E-01 5.19639E-01 6.72774E-01 2.31963E-01 1.58807E-01 1.12842E-01 2.97427E+00
1.13930E-01 1.59440E-01 2.30501E-01 2.70921E-01 2.98842E-01 5.19717E-01 6.73513E-01 2.31958E-01 1.59440E-01 1.13930E-01 2.95438E+00
1.14960E-01 1.60028E-01 2.30457E-01 2.70821E-01 2.98671E-01 5.19750E-01 6.74183E-01 2.31925E-01 1.60028E-01 1.14960E-01 2.93467E+00
1.15937E-01 1.60574E-01 2.30387E-01 2.70694E-01 2.98473E-01 5.19739E-01 6.74788E-01 2.31866E-01 1.60574E-01 1.15937E-01 2.91515E+00
1.16863E-01 1.61082E-01 2.30293E-01 2.70542E-01 2.98250E-01 5.19687E-01 6.75333E-01 2.31783E-01 1.61082E-01 1.16863E-01 2.89582E+00
1.17741E-01 1.61552E-01 2.30177E-01 2.70366E-01 2.98003E-01 5.19598E-01 6.75821E-01 2.31677E-01 1.61552E-01 1.17741E-01 2.87668E+00
1.18574E-01 1.61988E-01 2.30041E-01 2.70168E-01 2.97735E-01 5.19473E-01 6.76255E-01 2.31551E-01 1.61988E-01 1.18574E-01 2.85775E+00
1.19364E-01 1.62391E-01 2.29886E-01 2.69951E-01 2.97447E-01 5.19316E-01 6.76639E-01 2.31406E-01 1.62391E-01 1.19364E-01 2.83903E+00
1.20113E-01 1.62763E-01 2.29714E-01 2.69714E-01 2.97140E-01 5.19127E-01 6.76974E-01 2.31242E-01 1.62763E-01 1.20113E-01 2.82052E+00
1.20824E-01 1.63106E-01 2.29525E-01 2.69460E-01 2.96816E-01 5.18909E-01 6.77264E-01 2.31062E-01 1.63106E-01 1.20824E-01 2.80222E+00
1.21499E-01 1.63422E-01 2.29320E-01 2.69190E-01 2.96476E-01 5.18665E-01 6.77512E-01 2.30866E-01 1.63422E-01 1.21499E-01 2.78414E+00
0.00000E+00 0.00000E+00 1.04827E-01 1.43245E-01 1.73861E-01 3.52321E-01 4.36699E-01 1.04714E-01 0.00000E+00 0.00000E+00 1.82964E+00
0.00000E+00 0.00000E+00 1.16755E-01 1.56676E-01 1.87815E-01 3.74472E-01 4.67067E-01 1.16816E-01 0.00000E+00 0.00000E+00 2.15286E+00
0.00000E+00 9.95105E-03 1.26400E-01 1.67417E-01 1.98882E-01 3.91925E-01 4.91296E-01 1.26609E-01 9.95105E-03 0.00000E+00 2.36682E+00
0.00000E+00 2.24723E-02 1.34378E-01 1.76229E-01 2.07900E-01 4.06155E-01 5.11345E-01 1.34715E-01 2.24723E-02 0.00000E+00 2.51731E+00
0.00000E+00 3.31409E-02 1.41058E-01 1.83560E-01 2.15354E-01 4.17981E-01 5.28283E-01 1.41511E-01 3.31409E-02 0.00000E+00 2.62997E+00
0.00000E+00 4.23461E-02 1.46719E-01 1.89732E-01 2.21590E-01 4.27932E-01 5.42777E-01 1.47275E-01 4.23461E-02 0.00000E+00 2.71433E+00
0.00000E+00 5.03698E-02 1.51560E-01 1.94974E-01 2.26852E-01 4.36388E-01 5.55307E-01 1.52209E-01 5.03698E-02 0.00000E+00 2.77713E+00
0.00000E+00 5.74224E-02 1.55730E-01 1.99460E-01 2.31325E-01 4.43630E-01 5.66229E-01 1.56465E-01 5.74224E-02 0.00000E+00 2.82328E+00
3.04884E-03 6.36770E-02 1.59369E-01 2.03344E-01 2.35170E-01 4.49877E-01 5.75802E-01 1.60181E-01 6.36770E-02 3.04884E-03 2.84981E+00
1.02937E-02 6.92647E-02 1.62565E-01 2.06727E-01 2.38495E-01 4.55298E-01 5.84248E-01 1.63447E-01 6.92647E-02 1.02937E-02 2.85737E+00
1.68217E-02 7.42644E-02 1.65343E-01 2.09648E-01 2.41342E-01 4.60009E-01 5.91756E-01 1.66291E-01 7.42644E-02 1.68217E-02 2.85865E+00
2.27286E-02 7.87554E-02 1.67762E-01 2.12173E-01 2.43780E-01 4.64109E-01 5.98452E-01 1.68771E-01 7.87554E-02 2.27286E-02 2.85492E+00
2.80934E-02 8.28031E-02 1.69871E-01 2.14355E-01 2.45867E-01 4.67683E-01 6.04442E-01 1.70937E-01 8.28031E-02 2.80934E-02 2.84715E+00
3.29822E-02 8.64624E-02 1.71711E-01 2.16241E-01 2.47649E-01 4.70797E-01 6.09811E-01 1.72830E-01 8.64624E-02 3.29822E-02 2.83615E+00
3.74507E-02 8.97794E-02 1.73316E-01 2.17868E-01 2.49167E-01 4.73511E-01 6.14635E-01 1.74484E-01 8.97794E-02 3.74507E-02 2.82255E+00
4.15463E-02 9.27934E-02 1.74715E-01 2.19269E-01 2.50452E-01 4.75872E-01 6.18974E-01 1.75929E-01 9.27934E-02 4.15463E-02 2.80687E+00
4.53094E-02 9.55378E-02 1.75931E-01 2.20470E-01 2.51535E-01 4.77923E-01 6.22882E-01 1.77188E-01 9.55378E-02 4.53094E-02 2.78954E+00
4.87750E-02 9.80415E-02 1.76987E-01 2.21495E-01 2.52438E-01 4.79698E-01 6.26406E-01 1.78285E-01 9.80415E-02 4.87750E-02 2.77089E+00
5.19731E-02 1.00329E-01 1.77899E-01 2.22365E-01 2.53183E-01 4.81228E-01 6.29585E-01 1.79236E-01 1.00329E-01 5.19731E-02 2.75121E+00
5.49302E-02 1.02423E-01 1.78685E-01 2.23096E-01 2.53788E-01 4.82539E-01 6.32453E-01 1.80057E-01 1.02423E-01 5.49302E-02 2.73073E+00
5.76691E-02 1.04342E-01 1.79357E-01 2.23703E-01 2.54268E-01 4.83656E-01 6.35042E-01 1.80763E-01 1.04342E-01 5.76691E-02 2.70965E+00
6.02100E-02 1.06103E-01 1.79927E-01 2.24200E-01 2.54637E-01 4.84597E-01 6.37377E-01 1.81365E-01 1.06103E-01 6.02100E-02 2.68812E+00
6.25709E-02 1.07719E-01 1.80406E-01 2.24598E-01 2.54906E-01 4.85381E-01 6.39482E-01 1.81874E-01 1.07719E-01 6.25709E-02 2.66628E+00
6.47675E-02 1.09205E-01 1.80803E-01 2.24908E-01 2.55087E-01 4.86022E-01 6.41378E-01 1.82300E-01 1.09205E-01 6.47675E-02 2.64423E+00
6.68138E-02 1.10572E-01 1.81126E-01 2.25137E-01 2.55187E-01 4.86536E-01 6.43083E-01 1.82649E-01 1.10572E-01 6.68138E-02 2.62208E+00
6.87224E-02 1.11830E-01 1.81382E-01 2.25295E-01 2.55217E-01 4.86933E-01 6.44614E-01 1.82931E-01 1.11830E-01 6.87224E-02 2.59988E+00
7.05045E-02 1.12988E-01 1.81578E-01 2.25388E-01 2.55181E-01 4.87225E-01 6.45986E-01 1.83151E-01 1.12988E-01 7.05045E-02 2.57772E+00
7.21701E-02 1.14055E-01 1.81719E-01 2.25423E-01 2.55088E-01 4.87422E-01 6.47211E-01 1.83314E-01 1.14055E-01 7.21701E-02 2.55563E+00
7.37283E-02 1.15038E-01 1.81811E-01 2.25404E-01 2.54943E-01 4.87532E-01 6.48302E-01 1.83427E-01 1.15038E-01 7.37283E-02 2.53367E+00
7.51873E-02 1.15943E-01 1.81857E-01 2.25338E-01 2.54750E-01 4.87563E-01 6.49269E-01 1.83494E-01 1.15943E-01 7.51873E-02 2.51186E+00
7.65544E-02 1.16777E-01 1.81863E-01 2.25228E-01 2.54514E-01 4.87522E-01 6.50122E-01 1.83519E-01 1.16777E-01 7.65544E-02 2.49025E+00
7.78364E-02 1.17545E-01 1.81831E-01 2.25079E-01 2.54241E-01 4.87415E-01 6.50869E-01 1.83506E-01 1.17545E-01 7.78364E-02 2.46884E+00
7.90394E-02 1.18252E-01 1.81766E-01 2.24894E-01 2.53932E-01 4.87248E-01 6.51519E-01 1.83457E-01 1.18252E-01 7.90394E-02 2.44767E+00
8.01689E-02 1.18903E-01 1.81669E-01 2.24676E-01 2.53592E-01 4.87026E-01 6.52080E-01 1.83377E-01 1.18903E-01 8.01689E-02 2.42675E+00
8.12300E-02 1.19501E-01 1.81544E-01 2.24429E-01 2.53223E-01 4.86754E-01 6.52556E-01 1.83268E-01 1.19501E-01 8.12300E-02 2.40608E+00
8.22274E-02 1.20050E-01 1.81394E-01 2.24155E-01 2.52828E-01 4.86436E-01 6.52956E-01 1.83132E-01 1.20050E-01 8.22274E-02 2.38569E+00
8.31652E-02 1.20555E-01 1.81220E-01 2.23857E-01 2.52411E-01 4.86075E-01 6.53283E-01 1.82972E-01 1.20555E-01 8.31652E-02 2.36557E+00
8.40474E-02 1.21017E-01 1.81025E-01 2.23536E-01 2.51972E-01 4.85677E-01 6.53544E-01 1.82790E-01 1.21017E-01 8.40474E-02 2.34573E+00
8.48776E-02 1.21441E-01 1.80810E-01 2.23195E-01 2.51514E-01 4.85242E-01 6.53742E-01 1.82587E-01 1.21441E-01 8.48776E-02 2.32618E+00
8.56590E-02 1.21827E-01 1.80577E-01 2.22836E-01 2.51038E-01 4.84775E-01 6.53883E-01 1.82366E-01 1.21827E-01 8.56590E-02 2.30692E+00
8.63947E-02 1.22180E-01 1.80327E-01 2.22460E-01 2.50548E-01 4.84279E-01 6.53970E-01 1.82128E-01 1.22180E-01 8.63947E-02 2.28795E+00
8.70876E-02 1.22501E-01 1.80063E-01 2.22069E-01 2.50043E-01 4.83755E-01 6.54006E-01 1.81875E-01 1.22501E-01 8.70876E-02 2.26927E+00
8.77401E-02 1.22792E-01 1.79785E-01 2.21664E-01 2.49525E-01 4.83205E-01 6.53995E-01 1.81607E-01 1.22792E-01 8.77401E-02 2.25087E+00
8.83548E-02 1.23055E-01 1.79495E-01 2.21246E-01 2.48997E-01 4.82633E-01 6.53941E-01 1.81326E-01 1.23055E-01 8.83548E-02 2.23277E+00
8.89338E-02 1.23292E-01 1.79193E-01 2.20818E-01 2.48458E-01 4.82040E-01 6.53845E-01 1.81034E-01 1.23292E-01 8.89338E-02 2.21495E+00
8.94792E-02 1.23505E-01 1.78881E-01 2.20379E-01 2.47910E-01 4.81427E-01 6.53711E-01 1.80730E-01 1.23505E-01 8.94792E-02 2.19741E+00
8.99930E-02 1.23695E-01 1.78560E-01 2.19930E-01 2.47354E-01 4.80797E-01 6.53541E-01 1.80417E-01 1.23695E-01 8.99930E-02 2.18014E+00
9.04769E-02 1.23863E-01 1.78229E-01 2.19474E-01 2.46791E-01 4.80150E-01 6.53338E-01 1.80094E-01 1.23863E-01 9.04769E-02 2.16316E+00
9.09326E-02 1.24011E-01 1.77891E-01 2.19010E-01 2.46221E-01 4.79489E-01 6.53103E-01 1.79763E-01 1.24011E-01 9.09326E-02 2.14645E+00
9.13616E-02 1.24140E-01 1.77546E-01 2.18539E-01 2.45646E-01 4.78813E-01 6.52839E-01 1.79425E-01 1.24140E-01 9.13616E-02 2.13000E+00
0.00000E+00 0.00000E+00 9.32175E-02 1.40360E-01 1.75555E-01 3.82802E-01 4.83181E-01 9.31747E-02 0.00000E+00 0.00000E+00 1.81057E+00
0.00000E+00 0.00000E+00 1.01710E-01 1.49871E-01 1.85117E-01 3.99798E-01 5.09455E-01 1.01909E-01 0.00000E+00 0.00000E+00 2.03044E+00
0.00000E+00 8.11251E-03 1.08473E-01 1.57278E-01 1.92456E-01 4.12771E-01 5.29965E-01 1.08872E-01 8.11251E-03 0.00000E+00 2.16546E+00
0.00000E+00 1.82141E-02 1.13964E-01 1.63180E-01 1.98220E-01 4.23010E-01 5.46591E-01 1.14536E-01 1.82141E-02 0.00000E+00 2.25309E+00
0.00000E+00 2.67221E-02 1.18467E-01 1.67936E-01 2.02794E-01 4.31238E-01 5.60363E-01 1.19191E-01 2.67221E-02 0.00000E+00 2.31386E+00
0.00000E+00 3.39848E-02 1.22204E-01 1.71811E-01 2.06459E-01 4.37923E-01 5.71918E-01 1.23061E-01 3.39848E-02 0.00000E+00 2.35500E+00
0.00000E+00 4.02517E-02 1.25331E-01 1.74990E-01 2.09411E-01 4.43397E-01 5.81713E-01 1.26308E-01 4.02517E-02 0.00000E+00 2.38153E+00
0.00000E+00 4.57075E-02 1.27965E-01 1.77612E-01 2.11795E-01 4.47901E-01 5.90081E-01 1.29050E-01 4.57075E-02 0.00000E+00 2.39707E+00
2.38997E-03 5.05025E-02 1.30218E-01 1.79803E-01 2.13742E-01 4.51628E-01 5.97265E-01 1.31399E-01 5.05025E-02 2.38997E-03 2.39893E+00
8.04286E-03 5.47492E-02 1.32155E-01 1.81640E-01 2.15333E-01 4.54719E-01 6.03469E-01 1.33423E-01 5.47492E-02 8.04286E-03 2.38740E+00
1.31032E-02 5.85153E-02 1.33789E-01 1.83144E-01 2.16589E-01 4.57259E-01 6.08862E-01 1.35136E-01 5.85153E-02 1.31032E-02 2.37243E+00
1.76532E-02 6.18687E-02 1.35166E-01 1.84366E-01 2.17562E-01 4.59333E-01 6.13559E-01 1.36586E-01 6.18687E-02 1.76532E-02 2.35485E+00
2.17602E-02 6.48648E-02 1.36323E-01 1.85348E-01 2.18297E-01 4.61008E-01 6.17655E-01 1.37810E-01 6.48648E-02 2.17602E-02 2.33530E+00
2.54805E-02 6.75499E-02 1.37291E-01 1.86126E-01 2.18828E-01 4.62343E-01 6.21228E-01 1.38839E-01 6.75499E-02 2.54805E-02 2.31426E+00
2.88611E-02 6.99626E-02 1.38095E-01 1.86728E-01 2.19186E-01 4.63383E-01 6.24344E-01 1.39700E-01 6.99626E-02 2.88611E-02 2.29214E+00
3.19418E-02 7.21356E-02 1.38757E-01 1.87179E-01 2.19395E-01 4.64168E-01 6.27059E-01 1.40415E-01 7.21356E-02 3.19418E-02 2.26925E+00
3.47565E-02 7.40966E-02 1.39296E-01 1.87497E-01 2.19475E-01 4.64732E-01 6.29419E-01 1.41003E-01 7.40966E-02 3.47565E-02 2.24583E+00
3.73341E-02 7.58695E-02 1.39726E-01 1.87702E-01 2.19445E-01 4.65101E-01 6.31465E-01 1.41479E-01 7.58695E-02 3.73341E-02 2.22208E+00
3.96997E-02 7.74747E-02 1.40062E-01 1.87807E-01 2.19318E-01 4.65302E-01 6.33232E-01 1.41856E-01 7.74747E-02 3.96997E-02 2.19817E+00
4.18750E-02 7.89298E-02 1.40314E-01 1.87824E-01 2.19108E-01 4.65353E-01 6.34751E-01 1.42147E-01 7.89298E-02 4.18750E-02 2.17421E+00
4.38788E-02 8.02503E-02 1.40492E-01 1.87765E-01 2.18825E-01 4.65273E-01 6.36046E-01 1.42361E-01 8.02503E-02 4.38788E-02 2.15030E+00
4.57277E-02 8.14496E-02 1.40605E-01 1.87639E-01 2.18479E-01 4.65077E-01 6.37141E-01 1.42508E-01 8.14496E-02 4.57277E-02 2.12653E+00
4.74362E-02 8.25396E-02 1.40660E-01 1.87454E-01 2.18078E-01 4.64780E-01 6.38057E-01 1.42594E-01 8.25396E-02 4.74362E-02 2.10297E+00
4.90172E-02 8.35306E-02 1.40663E-01 1.87217E-01 2.17629E-01 4.64391E-01 6.38810E-01 1.42627E-01 8.35306E-02 4.90172E-02 2.07965E+00
5.04819E-02 8.44318E-02 1.40621E-01 1.86935E-01 2.17138E-01 4.63922E-01 6.39416E-01 1.42612E-01 8.44318E-02 5.04819E-02 2.05662E+00
5.18405E-02 8.52514E-02 1.40538E-01 1.86612E-01 2.16610E-01 4.63382E-01 6.39889E-01 1.42554E-01 8.52514E-02 5.18405E-02 2.03391E+00
5.31020E-02 8.59967E-02 1.40419E-01 1.86254E-01 2.16050E-01 4.62779E-01 6.40242E-01 1.42458E-01 8.59967E-02 5.31020E-02 2.01155E+00
5.42744E-02 8.66740E-02 1.40268E-01 1.85864E-01 2.15463E-01 4.62119E-01 6.40486E-01 1.42329E-01 8.66740E-02 5.42744E-02 1.98954E+00
5.53650E-02 8.72894E-02 1.40087E-01 1.85446E-01 2.14851E-01 4.61410E-01 6.40629E-01 1.42169E-01 8.72894E-02 5.53650E-02 1.96791E+00
5.63803E-02 8.78478E-02 1.39881E-01 1.85004E-01 2.14219E-01 4.60656E-01 6.40682E-01 1.41982E-01 8.78478E-02 5.63803E-02 1.94665E+00
5.73260E-02 8.83541E-02 1.39652E-01 1.84541E-01 2.13568E-01 4.59862E-01 6.40651E-01 1.41770E-01 8.83541E-02 5.73260E-02 1.92579E+00
5.82077E-02 8.88124E-02 1.39402E-01 1.84059E-01 2.12902E-01 4.59033E-01 6.40545E-01 1.41536E-01 8.88124E-02 5.82077E-02 1.90531E+00
5.90299E-02 8.92267E-02 1.39133E-01 1.83560E-01 2.12222E-01 4.58173E-01 6.40370E-01 1.41283E-01 8.92267E-02 5.90299E-02 1.88521E+00
5.97971E-02 8.96002E-02 1.38848E-01 1.83046E-01 2.11532E-01 4.57286E-01 6.40131E-01 1.41013E-01 8.96002E-02 5.97971E-02 1.86551E+00
6.05133E-02 8.99362E-02 1.38549E-01 1.82520E-01 2.10831E-01 4.56374E-01 6.39834E-01 1.40726E-01 8.99362E-02 6.05133E-02 1.84618E+00
6.11821E-02 9.02376E-02 1.38236E-01 1.81983E-01 2.10123E-01 4.55440E-01 6.39483E-01 1.40426E-01 9.02376E-02 6.11821E-02 1.82724E+00
6.18068E-02 9.05069E-02 1.37912E-01 1.81437E-01 2.09408E-01 4.54488E-01 6.39083E-01 1.40113E-01 9.05069E-02 6.18068E-02 1.80867E+00
6.23903E-02 9.07465E-02 1.37577E-01 1.80882E-01 2.08688E-01 4.53519E-01 6.38638E-01 1.39789E-01 9.07465E-02 6.23903E-02 1.79047E+00
6.29356E-02 9.09587E-02 1.37233E-01 1.80320E-01 2.07963E-01 4.52535E-01 6.38152E-01 1.39454E-01 9.09587E-02 6.29356E-02 1.77264E+00
6.34450E-02 9.11453E-02 1.36881E-01 1.79753E-01 2.07235E-01 4.51538E-01 6.37628E-01 1.39111E-01 9.11453E-02 6.34450E-02 1.75516E+00
6.39211E-02 9.13082E-02 1.36522E-01 1.79180E-01 2.06505E-01 4.50530E-01 6.37069E-01 1.38760E-01 9.13082E-02 6.39211E-02 1.73802E+00
6.43658E-02 9.14491E-02 1.36156E-01 1.78603E-01 2.05774E-01 4.49513E-01 6.36478E-01 1.38402E-01 9.14491E-02 6.43658E-02 1.72124E+00
6.47813E-02 9.15695E-02 1.35785E-01 1.78023E-01 2.05041E-01 4.48488E-01 6.35857E-01 1.38038E-01 9.15695E-02 6.47813E-02 1.70478E+00
6.51693E-02 9.16709E-02 1.35409E-01 1.77441E-01 2.04309E-01 4.47456E-01 6.35209E-01 1.37668E-01 9.16709E-02 6.51693E-02 1.68865E+00
6.55316E-02 9.17545E-02 1.35029E-01 1.76856E-01 2.03577E-01 4.46418E-01 6.34536E-01 1.37294E-01 9.17545E-02 6.55316E-02 1.67284E+00
6.58697E-02 9.18215E-02 1.34645E-01 1.76270E-01 2.02846E-01 4.45376E-01 6.33840E-01 1.36915E-01 9.18215E-02 6.58697E-02 1.65735E+00
6.61851E-02 9.18732E-02 1.34258E-01 1.75684E-01 2.02116E-01 4.44331E-01 6.33123E-01 1.36533E-01 9.18732E-02 6.61851E-02 1.64215E+00
6.64791E-02 9.19105E-02 1.33869E-01 1.75097E-01 2.01389E-01 4.43282E-01 6.32386E-01 1.36148E-01 9.19105E-02 6.64791E-02 1.62726E+00
6.67530E-02 9.19343E-02 1.33477E-01 1.74510E-01 2.00663E-01 4.42231E-01 6.31631E-01 1.35761E-01 9.19343E-02 6.67530E-02 1.61265E+00
6.70080E-02 9.19455E-02 1.33084E-01 1.73923E-01 1.99940E-01 4.41180E-01 6.30860E-01 1.35371E-01 9.19455E-02 6.70080E-02 1.59833E+00
0.00000E+00 0.00000E+00 7.77838E-02 1.34659E-01 1.73787E-01 4.12374E-01 5.34459E-01 7.79845E-02 0.00000E+00 0.00000E+00 1.68749E+00
0.00000E+00 0.00000E+00 8.34757E-02 1.40398E-01 1.78976E-01 4.23659E-01 5.55882E-01 8.40103E-02 0.00000E+00 0.00000E+00 1.82605E+00
0.00000E+00 6.42297E-03 8.79603E-02 1.44706E-01 1.82725E-01 4.31809E-01 5.72116E-01 8.87648E-02 6.42297E-03 0.00000E+00 1.90215E+00
0.00000E+00 1.43467E-02 9.15378E-02 1.47976E-01 1.85440E-01 4.37846E-01 5.84890E-01 9.25691E-02 1.43467E-02 0.00000E+00 1.94473E+00
0.00000E+00 2.09495E-02 9.44058E-02 1.50456E-01 1.87376E-01 4.42347E-01 5.95150E-01 9.56318E-02 2.09495E-02 0.00000E+00 1.96939E+00
0.00000E+00 2.65282E-02 9.67273E-02 1.52340E-01 1.88731E-01 4.45695E-01 6.03483E-01 9.81222E-02 2.65282E-02 0.00000E+00 1.98126E+00
0.00000E+00 3.12943E-02 9.86183E-02 1.53763E-01 1.89643E-01 4.48158E-01 6.10306E-01 1.00161E-01 3.12943E-02 0.00000E+00 1.98389E+00
0.00000E+00 3.54034E-02 1.00164E-01 1.54823E-01 1.90211E-01 4.49926E-01 6.15920E-01 1.01837E-01 3.54034E-02 0.00000E+00 1.97976E+00
1.82515E-03 3.89812E-02 1.01450E-01 1.55615E-01 1.90532E-01 4.51159E-01 6.20548E-01 1.03237E-01 3.89812E-02 1.82515E-03 1.96653E+00
6.12205E-03 4.21208E-02 1.02521E-01 1.56192E-01 1.90657E-01 4.51962E-01 6.24367E-01 1.04409E-01 4.21208E-02 6.12205E-03 1.94422E+00
9.94314E-03 4.48788E-02 1.03382E-01 1.56555E-01 1.90583E-01 4.52385E-01 6.27519E-01 1.05361E-01 4.48788E-02 9.94314E-03 1.92044E+00
1.33566E-02 4.73110E-02 1.04066E-01 1.56743E-01 1.90348E-01 4.52494E-01 6.30104E-01 1.06127E-01 4.73110E-02 1.33566E-02 1.89569E+00
1.64182E-02 4.94632E-02 1.04600E-01 1.56784E-01 1.89980E-01 4.52340E-01 6.32206E-01 1.06735E-01 4.94632E-02 1.64182E-02 1.87034E+00
1.91742E-02 5.13730E-02 1.05008E-01 1.56703E-01 1.89502E-01 4.51968E-01 6.33892E-01 1.07210E-01 5.13730E-02 1.91742E-02 1.84467E+00
2.16630E-02 5.30720E-02 1.05307E-01 1.56519E-01 1.88935E-01 4.51411E-01 6.35218E-01 1.07570E-01 5.30720E-02 2.16630E-02 1.81891E+00
2.39172E-02 5.45864E-02 1.05514E-01 1.56249E-01 1.88294E-01 4.50699E-01 6.36234E-01 1.07831E-01 5.45864E-02 2.39172E-02 1.79322E+00
2.59641E-02 5.59388E-02 1.05640E-01 1.55906E-01 1.87592E-01 4.49856E-01 6.36978E-01 1.08007E-01 5.59388E-02 2.59641E-02 1.76773E+00
2.78274E-02 5.71480E-02 1.05697E-01 1.55503E-01 1.86840E-01 4.48902E-01 6.37484E-01 1.08109E-01 5.71480E-02 2.78274E-02 1.74253E+00
2.95270E-02 5.82303E-02 1.05695E-01 1.55047E-01 1.86047E-01 4.47854E-01 6.37783E-01 1.08148E-01 5.82303E-02 2.95270E-02 1.71769E+00
3.10803E-02 5.91999E-02 1.05641E-01 1.54548E-01 1.85220E-01 4.46726E-01 6.37897E-01 1.08131E-01 5.91999E-02 3.10803E-02 1.69327E+00
3.25025E-02 6.00689E-02 1.05542E-01 1.54012E-01 1.84366E-01 4.45531E-01 6.37851E-01 1.08066E-01 6.00689E-02 3.25025E-02 1.66930E+00
3.38068E-02 6.08478E-02 1.05404E-01 1.53445E-01 1.83490E-01 4.44280E-01 6.37661E-01 1.07958E-01 6.08478E-02 3.38068E-02 1.64582E+00
3.50045E-02 6.15458E-02 1.05232E-01 1.52853E-01 1.82598E-01 4.42980E-01 6.37344E-01 1.07814E-01 6.15458E-02 3.50045E-02 1.62283E+00
3.61059E-02 6.21712E-02 1.05030E-01 1.52238E-01 1.81692E-01 4.41641E-01 6.36914E-01 1.07637E-01 6.21712E-02 3.61059E-02 1.60035E+00
3.71199E-02 6.27309E-02 1.04802E-01 1.51606E-01 1.80776E-01 4.40269E-01 6.36385E-01 1.07431E-01 6.27309E-02 3.71199E-02 1.57839E+00
3.80544E-02 6.32314E-02 1.04551E-01 1.50959E-01 1.79852E-01 4.38868E-01 6.35766E-01 1.07201E-01 6.32314E-02 3.80544E-02 1.55694E+00
3.89164E-02 6.36781E-02 1.04281E-01 1.50300E-01 1.78925E-01 4.37446E-01 6.35069E-01 1.06949E-01 6.36781E-02 3.89164E-02 1.53601E+00
3.97122E-02 6.40760E-02 1.03994E-01 1.49632E-01 1.77994E-01 4.36005E-01 6.34300E-01 1.06678E-01 6.40760E-02 3.97122E-02 1.51558E+00
4.04474E-02 6.44296E-02 1.03691E-01 1.48956E-01 1.77063E-01 4.34549E-01 6.33468E-01 1.06390E-01 6.44296E-02 4.04474E-02 1.49565E+00
4.11271E-02 6.47429E-02 1.03376E-01 1.48274E-01 1.76133E-01 4.33083E-01 6.32580E-01 1.06088E-01 6.47429E-02 4.11271E-02 1.47621E+00
4.17557E-02 6.50193E-02 1.03050E-01 1.47588E-01 1.75204E-01 4.31608E-01 6.31641E-01 1.05773E-01 6.50193E-02 4.17557E-02 1.45725E+00
4.23374E-02 6.52620E-02 1.02714E-01 1.46899E-01 1.74279E-01 4.30127E-01 6.30657E-01 1.05448E-01 6.52620E-02 4.23374E-02 1.43876E+00
4.28758E-02 6.54739E-02 1.02369E-01 1.46209E-01 1.73357E-01 4.28643E-01 6.29633E-01 1.05112E-01 6.54739E-02 4.28758E-02 1.42072E+00
4.33742E-02 6.56576E-02 1.02018E-01 1.45518E-01 1.72441E-01 4.27158E-01 6.28574E-01 1.04768E-01 6.56576E-02 4.33742E-02 1.40313E+00
4.38357E-02 6.58154E-02 1.01660E-01 1.44827E-01 1.71530E-01 4.25672E-01 6.27483E-01 1.04418E-01 6.58154E-02 4.38357E-02 1.38598E+00
4.42629E-02 6.59495E-02 1.01298E-01 1.44138E-01 1.70625E-01 4.24188E-01 6.26363E-01 1.04061E-01 6.59495E-02 4.42629E-02 1.36925E+00
4.46585E-02 6.60617E-02 1.00932E-01 1.43450E-01 1.69726E-01 4.22707E-01 6.25218E-01 1.03699E-01 6.60617E-02 4.46585E-02 1.35292E+00
4.50247E-02 6.61539E-02 1.00562E-01 1.42765E-01 1.68835E-01 4.21230E-01 6.24051E-01 1.03332E-01 6.61539E-02 4.50247E-02 1.33700E+00
4.53636E-02 6.62275E-02 1.00189E-01 1.42082E-01 1.67952E-01 4.19758E-01 6.22864E-01 1.02963E-01 6.62275E-02 4.53636E-02 1.32145E+00
4.56771E-02 6.62841E-02 9.98141E-02 1.41403E-01 1.67075E-01 4.18292E-01 6.21660E-01 1.02590E-01 6.62841E-02 4.56771E-02 1.30629E+00
4.59669E-02 6.63249E-02 9.94377E-02 1.40728E-01 1.66207E-01 4.16833E-01 6.20441E-01 1.02215E-01 6.63249E-02 4.59669E-02 1.29148E+00
4.62346E-02 6.63513E-02 9.90603E-02 1.40057E-01 1.65347E-01 4.15381E-01 6.19209E-01 1.01838E-01 6.63513E-02 4.62346E-02 1.27702E+00
4.64818E-02 6.63642E-02 9.86822E-02 1.39391E-01 1.64496E-01 4.13937E-01 6.17965E-01 1.01460E-01 6.63642E-02 4.64818E-02 1.26291E+00
4.67097E-02 6.63647E-02 9.83038E-02 1.38729E-01 1.63652E-01 4.12501E-01 6.16711E-01 1.01081E-01 6.63647E-02 4.67097E-02 1.24912E+00
4.69197E-02 6.63538E-02 9.79255E-02 1.38072E-01 1.62818E-01 4.11074E-01 6.15448E-01 1.00701E-01 6.63538E-02 4.69197E-02 1.23565E+00
4.71129E-02 6.63323E-02 9.75476E-02 1.37420E-01 1.61991E-01 4.09656E-01 6.14179E-01 1.00322E-01 6.63323E-02 4.71129E-02 1.22250E+00
4.72904E-02 6.63009E-02 9.71704E-02 1.36773E-01 1.61174E-01 4.08248E-01 6.12903E-01 9.99421E-02 6.63009E-02 4.72904E-02 1.20964E+00
4.74532E-02 6.62605E-02 9.67941E-02 1.36132E-01 1.60365E-01 4.06850E-01 6.11623E-01 9.95631E-02 6.62605E-02 4.74532E-02 1.19707E+00
4.76021E-02 6.62117E-02 9.64190E-02 1.35496E-01 1.59564E-01 4.05461E-01 6.10339E-01 9.91848E-02 6.62117E-02 4.76021E-02 1.18478E+00
4.77381E-02 6.61551E-02 9.60452E-02 1.34865E-01 1.58772E-01 4.04083E-01 6.09052E-01 9.88074E-02 6.61551E-02 4.77381E-02 1.17276E+00
0.00000E+00 0.00000E+00 5.96435E-02 1.24984E-01 1.66638E-01 4.38475E-01 5.89519E-01 6.04864E-02 0.00000E+00 0.00000E+00 1.48168E+00
0.00000E+00 0.00000E+00 6.33974E-02 1.27441E-01 1.67857E-01 4.43716E-01 6.05263E-01 6.46822E-02 0.00000E+00 0.00000E+00 1.56582E+00
0.00000E+00 4.95012E-03 6.63385E-02 1.29118E-01 1.68431E-01 4.46852E-01 6.16576E-01 6.79682E-02 4.95012E-03 0.00000E+00 1.60441E+00
0.00000E+00 1.10005E-02 6.86474E-02 1.30203E-01 1.68510E-01 4.48581E-01 6.24967E-01 7.05579E-02 1.10005E-02 0.00000E+00 1.61938E+00
0.00000E+00 1.59869E-02 7.04550E-02 1.30833E-01 1.68212E-01 4.49307E-01 6.31268E-01 7.25991E-02 1.59869E-02 0.00000E+00 1.62241E+00
0.00000E+00 2.01541E-02 7.18781E-02 1.31127E-01 1.67647E-01 4.49310E-01 6.35995E-01 7.42190E-02 2.01541E-02 0.00000E+00 1.61718E+00
0.00000E+00 2.36758E-02 7.30004E-02 1.31171E-01 1.66892E-01 4.48779E-01 6.39512E-01 7.55081E-02 2.36758E-02 0.00000E+00 1.60620E+00
0.00000E+00 2.66794E-02 7.38834E-02 1.31024E-01 1.66000E-01 4.47850E-01 6.42080E-01 7.65335E-02 2.66794E-02 0.00000E+00 1.59122E+00
1.35517E-03 2.92670E-02 7.45895E-02 1.30752E-01 1.65034E-01 4.46643E-01 6.43895E-01 7.73614E-02 2.92670E-02 1.35517E-03 1.57032E+00
4.52964E-03 3.15136E-02 7.51513E-02 1.30383E-01 1.64015E-01 4.45224E-01 6.45106E-01 7.80276E-02 3.15136E-02 4.52964E-03 1.54341E+00
7.33222E-03 3.34653E-02 7.55682E-02 1.29905E-01 1.62921E-01 4.43603E-01 6.45813E-01 7.85354E-02 3.34653E-02 7.33222E-03 1.51621E+00
9.81798E-03 3.51670E-02 7.58649E-02 1.29340E-01 1.61770E-01 4.41825E-01 6.46101E-01 7.89112E-02 3.51670E-02 9.81798E-03 1.48902E+00
1.20318E-02 3.66552E-02 7.60613E-02 1.28707E-01 1.60580E-01 4.39925E-01 6.46039E-01 7.91765E-02 3.66552E-02 1.20318E-02 1.46204E+00
1.40107E-02 3.79600E-02 7.61736E-02 1.28020E-01 1.59362E-01 4.37929E-01 6.45683E-01 7.93488E-02 3.79600E-02 1.40107E-02 1.43543E+00
1.57852E-02 3.91062E-02 7.62151E-02 1.27292E-01 1.58125E-01 4.35861E-01 6.45079E-01 7.94423E-02 3.91062E-02 1.57852E-02 1.40930E+00
1.73813E-02 4.01147E-02 7.61967E-02 1.26530E-01 1.56879E-01 4.33739E-01 6.44264E-01 7.94690E-02 4.01147E-02 1.73813E-02 1.38372E+00
1.88205E-02 4.10029E-02 7.61276E-02 1.25744E-01 1.55628E-01 4.31576E-01 6.43271E-01 7.94389E-02 4.10029E-02 1.88205E-02 1.35875E+00
2.01214E-02 4.17856E-02 7.60154E-02 1.24940E-01 1.54378E-01 4.29386E-01 6.42126E-01 7.93602E-02 4.17856E-02 2.01214E-02 1.33441E+00
2.12997E-02 4.24754E-02 7.58666E-02 1.24122E-01 1.53133E-01 4.27177E-01 6.40852E-01 7.92401E-02 4.24754E-02 2.12997E-02 1.31073E+00
2.23689E-02 4.30833E-02 7.56867E-02 1.23294E-01 1.51894E-01 4.24957E-01 6.39467E-01 7.90844E-02 4.30833E-02 2.23689E-02 1.28771E+00
2.33409E-02 4.36185E-02 7.54802E-02 1.22461E-01 1.50666E-01 4.22733E-01 6.37989E-01 7.88983E-02 4.36185E-02 2.33409E-02 1.26535E+00
2.42257E-02 4.40891E-02 7.52512E-02 1.21626E-01 1.49450E-01 4.20511E-01 6.36431E-01 7.86860E-02 4.40891E-02 2.42257E-02 1.24366E+00
2.50322E-02 4.45021E-02 7.50030E-02 1.20789E-01 1.48246E-01 4.18295E-01 6.34804E-01 7.84515E-02 4.45021E-02 2.50322E-02 1.22261E+00
2.57683E-02 4.48637E-02 7.47385E-02 1.19955E-01 1.47057E-01 4.16088E-01 6.33120E-01 7.81978E-02 4.48637E-02 2.57683E-02 1.20219E+00
2.64406E-02 4.51791E-02 7.44602E-02 1.19123E-01 1.45884E-01 4.13894E-01 6.31388E-01 7.79278E-02 4.51791E-02 2.64406E-02 1.18240E+00
2.70554E-02 4.54532E-02 7.41704E-02 1.18297E-01 1.44726E-01 4.11714E-01 6.29615E-01 7.76438E-02 4.54532E-02 2.70554E-02 1.16320E+00
2.76179E-02 4.56900E-02 7.38708E-02 1.17475E-01 1.43585E-01 4.09552E-01 6.27807E-01 7.73480E-02 4.56900E-02 2.76179E-02 1.14459E+00
2.81328E-02 4.58932E-02 7.35632E-02 1.16661E-01 1.42461E-01 4.07408E-01 6.25971E-01 7.70422E-02 4.58932E-02 2.81328E-02 1.12654E+00
2.86044E-02 4.60662E-02 7.32489E-02 1.15853E-01 1.41354E-01 4.05284E-01 6.24112E-01 7.67280E-02 4.60662E-02 2.86044E-02 1.10904E+00
2.90364E-02 4.62117E-02 7.29291E-02 1.15054E-01 1.40263E-01 4.03181E-01 6.22235E-01 7.64067E-02 4.62117E-02 2.90364E-02 1.09206E+00
2.94323E-02 4.63325E-02 7.26050E-02 1.14263E-01 1.39190E-01 4.01099E-01 6.20342E-01 7.60796E-02 4.63325E-02 2.94323E-02 1.07559E+00
2.97950E-02 4.64307E-02 7.22775E-02 1.13481E-01 1.38134E-01 3.99040E-01 6.18439E-01 7.57478E-02 4.64307E-02 2.97950E-02 1.05962E+00
3.01273E-02 4.65085E-02 7.19474E-02 1.12707E-01 1.37095E-01 3.97004E-01 6.16527E-01 7.54122E-02 4.65085E-02 3.01273E-02 1.04411E+00
3.04317E-02 4.65677E-02 7.16155E-02 1.11944E-01 1.36072E-01 3.94991E-01 6.14610E-01 7.50736E-02 4.65677E-02 3.04317E-02 1.02905E+00
3.07103E-02 4.66101E-02 7.12822E-02 1.11189E-01 1.35066E-01 3.93002E-01 6.12690E-01 7.47328E-02 4.66101E-02 3.07103E-02 1.01443E+00
3.09652E-02 4.66370E-02 7.09483E-02 1.10444E-01 1.34077E-01 3.91036E-01 6.10769E-01 7.43903E-02 4.66370E-02 3.09652E-02 1.00024E+00
3.11983E-02 4.66500E-02 7.06142E-02 1.09709E-01 1.33104E-01 3.89094E-01 6.08849E-01 7.40469E-02 4.66500E-02 3.11983E-02 9.86442E-01
3.14111E-02 4.66501E-02 7.02804E-02 1.08984E-01 1.32146E-01 3.87175E-01 6.06931E-01 7.37028E-02 4.66501E-02 3.14111E-02 9.73036E-01
3.16053E-02 4.66385E-02 6.99471E-02 1.08268E-01 1.31205E-01 3.85280E-01 6.05016E-01 7.33587E-02 4.66385E-02 3.16053E-02 9.60004E-01
3.17822E-02 4.66163E-02 6.96147E-02 1.07562E-01 1.30278E-01 3.83408E-01 6.03107E-01 7.30148E-02 4.66163E-02 3.17822E-02 9.47331E-01
3.19430E-02 4.65844E-02 6.92836E-02 1.06866E-01 1.29367E-01 3.81560E-01 6.01205E-01 7.26716E-02 4.65844E-02 3.19430E-02 9.35005E-01
3.20889E-02 4.65435E-02 6.89539E-02 1.06179E-01 1.28471E-01 3.79735E-01 5.99309E-01 7.23293E-02 4.65435E-02 3.20889E-02 9.23012E-01
3.22210E-02 4.64945E-02 6.86259E-02 1.05502E-01 1.27589E-01 3.77932E-01 5.97421E-01 7.19881E-02 4.64945E-02 3.22210E-02 9.11339E-01
3.23402E-02 4.64381E-02 6.82997E-02 1.04834E-01 1.26721E-01 3.76152E-01 5.95542E-01 7.16484E-02 4.64381E-02 3.23402E-02 8.99975E-01
3.24475E-02 4.63748E-02 6.79756E-02 1.04175E-01 1.25867E-01 3.74394E-01 5.93673E-01 7.13103E-02 4.63748E-02 3.24475E-02 8.88909E-01
3.25437E-02 4.63054E-02 6.76536E-02 1.03526E-01 1.25027E-01 3.72658E-01 5.91813E-01 7.09739E-02 4.63054E-02 3.25437E-02 8.78128E-01
3.26295E-02 4.62302E-02 6.73339E-02 1.02885E-01 1.24200E-01 3.70944E-01 5.89964E-01 7.06396E-02 4.62302E-02 3.26295E-02 8.67623E-01
3.27056E-02 4.61499E-02 6.70166E-02 1.02254E-01 1.23387E-01 3.69252E-01 5.88126E-01 7.03073E-02 4.61499E-02 3.27056E-02 8.57385E-01
3.27727E-02 4.60648E-02 6.67018E-02 1.01631E-01 1.22586E-01 3.67580E-01 5.86300E-01 6.99772E-02 4.60648E-02 3.27727E-02 8.47402E-01
3.28313E-02 4.59753E-02 6.63895E-02 1.01017E-01 1.21797E-01 3.65929E-01 5.84485E-01 6.96494E-02 4.59753E-02 3.28313E-02 8.37666E-01
0.00000E+00 0.00000E+00 4.07641E-02 1.10721E-01 1.52603E-01 4.58353E-01 6.46830E-01 4.30458E-02 0.00000E+00 0.00000E+00 1.23835E+00
0.00000E+00 0.00000E+00 4.34808E-02 1.10676E-01 1.50642E-01 4.57412E-01 6.55854E-01 4.62867E-02 0.00000E+00 0.00000E+00 1.29198E+00
0.00000E+00 3.72210E-03 4.55920E-02 1.10383E-01 1.48728E-01 4.55480E-01 6.61403E-01 4.87861E-02 3.72210E-03 0.00000E+00 1.31011E+00
0.00000E+00 8.21922E-03 4.72258E-02 1.09861E-01 1.46787E-01 4.52896E-01 6.64705E-01 5.07197E-02 8.21922E-03 0.00000E+00 1.31024E+00
0.00000E+00 1.18748E-02 4.84799E-02 1.09156E-01 1.44812E-01 4.49876E-01 6.66438E-01 5.22106E-02 1.18748E-02 0.00000E+00 1.30165E+00
0.00000E+00 1.48884E-02 4.94449E-02 1.08326E-01 1.42838E-01 4.46585E-01 6.67033E-01 5.33641E-02 1.48884E-02 0.00000E+00 1.28733E+00
0.00000E+00 1.74008E-02 5.01853E-02 1.07414E-01 1.40886E-01 4.43131E-01 6.66784E-01 5.42553E-02 1.74008E-02 0.00000E+00 1.26928E+00
0.00000E+00 1.95147E-02 5.07487E-02 1.06449E-01 1.38968E-01 4.39586E-01 6.65900E-01 5.49395E-02 1.95147E-02 0.00000E+00 1.24886E+00
9.73885E-04 2.13113E-02 5.11826E-02 1.05469E-01 1.37117E-01 4.36032E-01 6.64549E-01 5.54695E-02 2.13113E-02 9.73885E-04 1.22467E+00
3.24157E-03 2.28502E-02 5.15118E-02 1.04484E-01 1.35328E-01 4.32490E-01 6.62839E-01 5.58749E-02 2.28502E-02 3.24157E-03 1.19665E+00
5.22638E-03 2.41679E-02 5.17366E-02 1.03470E-01 1.33563E-01 4.28929E-01 6.60820E-01 5.61602E-02 2.41679E-02 5.22638E-03 1.16901E+00
6.97182E-03 2.52997E-02 5.18759E-02 1.02439E-01 1.31827E-01 4.25371E-01 6.58557E-01 5.63467E-02 2.52997E-02 6.97182E-03 1.14194E+00
8.51317E-03 2.62743E-02 5.19447E-02 1.01399E-01 1.30124E-01 4.21831E-01 6.56101E-01 5.64513E-02 2.62743E-02 8.51317E-03 1.11556E+00
9.87933E-03 2.71149E-02 5.19551E-02 1.00357E-01 1.28458E-01 4.18322E-01 6.53494E-01 5.64879E-02 2.71149E-02 9.87933E-03 1.08995E+00
1.10942E-02 2.78407E-02 5.19170E-02 9.93191E-02 1.26828E-01 4.14853E-01 6.50769E-01 5.64678E-02 2.78407E-02 1.10942E-02 1.06514E+00
1.21776E-02 2.84675E-02 5.18385E-02 9.82882E-02 1.25238E-01 4.11429E-01 6.47951E-01 5.64001E-02 2.84675E-02 1.21776E-02 1.04116E+00
1.31462E-02 2.90086E-02 5.17263E-02 9.72675E-02 1.23686E-01 4.08057E-01 6.45063E-01 5.62925E-02 2.90086E-02 1.31462E-02 1.01802E+00
1.40143E-02 2.94754E-02 5.15859E-02 9.62592E-02 1.22173E-01 4.04738E-01 6.42122E-01 5.61515E-02 2.94754E-02 1.40143E-02 9.95706E-01
1.47937E-02 2.98772E-02 5.14221E-02 9.52651E-02 1.20697E-01 4.01476E-01 6.39143E-01 5.59823E-02 2.98772E-02 1.47937E-02 9.74205E-01
1.54948E-02 3.02221E-02 5.12386E-02 9.42863E-02 1.19260E-01 3.98271E-01 6.36139E-01 5.57895E-02 3.02221E-02 1.54948E-02 9.53496E-01
1.61264E-02 3.05170E-02 5.10388E-02 9.33236E-02 1.17859E-01 3.95124E-01 6.33119E-01 5.55769E-02 3.05170E-02 1.61264E-02 9.33554E-01
1.66961E-02 3.07678E-02 5.08255E-02 9.23777E-02 1.16493E-01 3.92035E-01 6.30091E-01 5.53477E-02 3.07678E-02 1.66961E-02 9.14354E-01
1.72105E-02 3.09798E-02 5.06009E-02 9.14490E-02 1.15163E-01 3.89004E-01 6.27063E-01 5.51046E-02 3.09798E-02 1.72105E-02 8.95868E-01
1.76754E-02 3.11573E-02 5.03672E-02 9.05376E-02 1.13866E-01 3.86030E-01 6.24041E-01 5.48500E-02 3.11573E-02 1.76754E-02 8.78065E-01
1.80959E-02 3.13041E-02 5.01259E-02 8.96436E-02 1.12602E-01 3.83114E-01 6.21028E-01 5.45859E-02 3.13041E-02 1.80959E-02 8.60918E-01
1.84763E-02 3.14238E-02 4.98787E-02 8.87670E-02 1.11370E-01 3.80253E-01 6.18029E-01 5.43140E-02 3.14238E-02 1.84763E-02 8.44398E-01
1.88207E-02 3.15192E-02 4.96266E-02 8.79077E-02 1.10168E-01 3.77447E-01 6.15047E-01 5.40357E-02 3.15192E-02 1.88207E-02 8.28478E-01
1.91324E-02 3.15930E-02 4.93709E-02 8.70654E-02 1.08996E-01 3.74695E-01 6.12085E-01 5.37524E-02 3.15930E-02 1.91324E-02 8.13131E-01
1.94145E-02 3.16474E-02 4.91124E-02 8.62399E-02 1.07853E-01 3.71995E-01 6.09145E-01 5.34652E-02 3.16474E-02 1.94145E-02 7.98330E-01
1.96697E-02 3.16845E-02 4.88519E-02 8.54310E-02 1.06738E-01 3.69347E-01 6.06229E-01 5.31750E-02 3.16845E-02 1.96697E-02 7.84051E-01
1.99005E-02 3.17060E-02 4.85901E-02 8.46383E-02 1.05649E-01 3.66749E-01 6.03338E-01 5.28826E-02 3.17060E-02 1.99005E-02 7.70270E-01
2.01090E-02 3.17136E-02 4.83276E-02 8.38616E-02 1.04586E-01 3.64200E-01 6.00475E-01 5.25887E-02 3.17136E-02 2.01090E-02 7.56964E-01
2.02972E-02 3.17087E-02 4.80649E-02 8.31004E-02 1.03548E-01 3.61699E-01 5.97639E-01 5.22940E-02 3.17087E-02 2.02972E-02 7.44111E-01
2.04669E-02 3.16926E-02 4.78024E-02 8.23544E-02 1.02535E-01 3.59244E-01 5.94831E-01 5.19989E-02 3.16926E-02 2.04669E-02 7.31691E-01
2.06195E-02 3.16664E-02 4.75405E-02 8.16233E-02 1.01544E-01 3.56834E-01 5.92052E-01 5.17040E-02 3.16664E-02 2.06195E-02 7.19683E-01
2.07565E-02 3.16311E-02 4.72796E-02 8.09067E-02 1.00576E-01 3.54469E-01 5.89302E-01 5.14097E-02 3.16311E-02 2.07565E-02 7.08069E-01
2.08793E-02 3.15876E-02 4.70198E-02 8.02042E-02 9.96301E-02 3.52146E-01 5.86582E-01 5.11163E-02 3.15876E-02 2.08793E-02 6.96832E-01
2.09889E-02 3.15367E-02 4.67615E-02 7.95155E-02 9.87050E-02 3.49865E-01 5.83892E-01 5.08240E-02 3.15367E-02 2.09889E-02 6.85955E-01
2.10864E-02 3.14792E-02 4.65049E-02 7.88402E-02 9.78001E-02 3.47625E-01 5.81232E-01 5.05332E-02 3.14792E-02 2.10864E-02 6.75421E-01
2.11728E-02 3.14158E-02 4.62501E-02 7.81781E-02 9.69149E-02 3.45425E-01 5.78601E-01 5.02441E-02 3.14158E-02 2.11728E-02 6.65215E-01
2.12490E-02 3.13470E-02 4.59973E-02 7.75286E-02 9.60487E-02 3.43263E-01 5.76001E-01 4.99569E-02 3.13470E-02 2.12490E-02 6.55324E-01
2.13157E-02 3.12734E-02 4.57465E-02 7.68915E-02 9.52009E-02 3.41138E-01 5.73430E-01 4.96716E-02 3.12734E-02 2.13157E-02 6.45734E-01
2.13736E-02 3.11954E-02 4.54980E-02 7.62666E-02 9.43708E-02 3.39050E-01 5.70888E-01 4.93886E-02 3.11954E-02 2.13736E-02 6.36431E-01
2.14235E-02 3.11136E-02 4.52517E-02 7.56533E-02 9.35580E-02 3.36997E-01 5.68376E-01 4.91078E-02 3.11136E-02 2.14235E-02 6.27403E-01
2.14659E-02 3.10283E-02 4.50078E-02 7.50515E-02 9.27618E-02 3.34979E-01 5.65893E-01 4.88294E-02 3.10283E-02 2.14659E-02 6.18640E-01
2.15014E-02 3.09399E-02 4.47663E-02 7.44608E-02 9.19817E-02 3.32994E-01 5.63438E-01 4.85535E-02 3.09399E-02 2.15014E-02 6.10129E-01
2.15305E-02 3.08487E-02 4.45273E-02 7.38809E-02 9.12173E-02 3.31042E-01 5.61012E-01 4.82802E-02 3.08487E-02 2.15305E-02 6.01861E-01
2.15537E-02 3.07550E-02 4.42908E-02 7.33116E-02 9.04680E-02 3.29122E-01 5.58614E-01 4.80094E-02 3.07550E-02 2.15537E-02 5.93825E-01
2.15714E-02 3.06592E-02 4.40568E-02 7.27526E-02 8.97334E-02 3.27233E-01 5.56244E-01 4.77412E-02 3.06592E-02 2.15714E-02 5.86013E-01
2.15839E-02 3.05614E-02 4.38253E-02 7.22035E-02 8.90130E-02 3.25374E-01 5.53901E-01 4.74758E-02 3.05614E-02 2.15839E-02 5.78415E-01
0.00000E+00 0.00000E+00 2.36622E-02 9.22526E-02 1.31260E-01 4.69296E-01 7.03897E-01 2.87075E-02 0.00000E+00 0.00000E+00 1.01396E+00
0.00000E+00 0.00000E+00 2.60214E-02 9.06198E-02 1.27195E-01 4.62144E-01 7.04738E-01 3.15415E-02 0.00000E+00 0.00000E+00 1.04903E+00
0.00000E+00 2.71591E-03 2.78159E-02 8.90936E-02 1.23679E-01 4.55170E-01 7.03362E-01 3.36491E-02 2.71591E-03 0.00000E+00 1.05394E+00
0.00000E+00 5.94317E-03 2.91854E-02 8.75909E-02 1.20478E-01 4.48339E-01 7.00613E-01 3.52303E-02 5.94317E-03 0.00000E+00 1.04412E+00
0.00000E+00 8.51648E-03 3.02269E-02 8.60936E-02 1.17497E-01 4.41666E-01 6.96970E-01 3.64137E-02 8.51648E-03 0.00000E+00 1.02754E+00
0.00000E+00 1.05984E-02 3.10225E-02 8.46205E-02 1.14711E-01 4.35194E-01 6.92744E-01 3.73004E-02 1.05984E-02 0.00000E+00 1.00698E+00
0.00000E+00 1.23023E-02 3.16299E-02 8.31820E-02 1.12099E-01 4.28944E-01 6.88141E-01 3.79609E-02 1.23023E-02 0.00000E+00 9.84194E-01
0.00000E+00 1.37097E-02 3.20911E-02 8.17840E-02 1.09644E-01 4.22922E-01 6.83300E-01 3.84464E-02 1.37097E-02 0.00000E+00 9.60317E-01
6.69547E-04 1.48842E-02 3.24446E-02 8.04463E-02 1.07351E-01 4.17165E-01 6.78348E-01 3.88022E-02 1.48842E-02 6.69547E-04 9.34400E-01
2.21690E-03 1.58716E-02 3.27119E-02 7.91642E-02 1.05200E-01 4.11651E-01 6.73341E-01 3.90550E-02 1.58716E-02 2.21690E-03 9.06407E-01
3.55665E-03 1.67003E-02 3.28977E-02 7.79085E-02 1.03141E-01 4.06302E-01 6.68267E-01 3.92129E-02 1.67003E-02 3.55665E-03 8.79351E-01
4.72233E-03 1.73974E-02 3.30174E-02 7.66824E-02 1.01169E-01 4.01117E-01 6.63162E-01 3.92939E-02 1.73974E-02 4.72233E-03 8.53325E-01
5.74089E-03 1.79844E-02 3.30830E-02 7.54877E-02 9.92803E-02 3.96093E-01 6.58057E-01 3.93122E-02 1.79844E-02 5.74089E-03 8.28370E-01
6.63422E-03 1.84785E-02 3.31043E-02 7.43253E-02 9.74692E-02 3.91224E-01 6.52972E-01 3.92793E-02 1.84785E-02 6.63422E-03 8.04497E-01
7.42030E-03 1.88942E-02 3.30891E-02 7.31958E-02 9.57316E-02 3.86507E-01 6.47925E-01 3.92044E-02 1.88942E-02 7.42030E-03 7.81691E-01
8.11397E-03 1.92429E-02 3.30438E-02 7.20987E-02 9.40634E-02 3.81936E-01 6.42928E-01 3.90949E-02 1.92429E-02 8.11397E-03 7.59925E-01
8.72760E-03 1.95344E-02 3.29736E-02 7.10339E-02 9.24607E-02 3.77504E-01 6.37989E-01 3.89572E-02 1.95344E-02 8.72760E-03 7.39163E-01
9.27159E-03 1.97767E-02 3.28829E-02 7.00005E-02 9.09195E-02 3.73206E-01 6.33115E-01 3.87961E-02 1.97767E-02 9.27159E-03 7.19363E-01
9.75471E-03 1.99767E-02 3.27752E-02 6.89977E-02 8.94366E-02 3.69037E-01 6.28312E-01 3.86159E-02 1.99767E-02 9.75471E-03 7.00480E-01
1.01844E-02 2.01399E-02 3.26535E-02 6.80247E-02 8.80086E-02 3.64991E-01 6.23582E-01 3.84201E-02 2.01399E-02 1.01844E-02 6.82468E-01
1.05671E-02 2.02712E-02 3.25202E-02 6.70805E-02 8.66324E-02 3.61063E-01 6.18928E-01 3.82115E-02 2.02712E-02 1.05671E-02 6.65282E-01
1.09081E-02 2.03748E-02 3.23774E-02 6.61642E-02 8.53053E-02 3.57247E-01 6.14351E-01 3.79927E-02 2.03748E-02 1.09081E-02 6.48877E-01
1.12123E-02 2.04542E-02 3.22269E-02 6.52746E-02 8.40246E-02 3.53539E-01 6.09851E-01 3.77656E-02 2.04542E-02 1.12123E-02 6.33211E-01
1.14837E-02 2.05124E-02 3.20701E-02 6.44109E-02 8.27878E-02 3.49934E-01 6.05429E-01 3.75320E-02 2.05124E-02 1.14837E-02 6.18242E-01
1.17259E-02 2.05521E-02 3.19083E-02 6.35720E-02 8.15926E-02 3.46427E-01 6.01085E-01 3.72933E-02 2.05521E-02 1.17259E-02 6.03930E-01
1.19419E-02 2.05755E-02 3.17425E-02 6.27569E-02 8.04369E-02 3.43015E-01 5.96818E-01 3.70508E-02 2.05755E-02 1.19419E-02 5.90240E-01
1.21345E-02 2.05846E-02 3.15737E-02 6.19649E-02 7.93187E-02 3.39692E-01 5.92626E-01 3.68054E-02 2.05846E-02 1.21345E-02 5.77134E-01
1.23061E-02 2.05811E-02 3.14026E-02 6.11949E-02 7.82361E-02 3.36457E-01 5.88509E-01 3.65582E-02 2.05811E-02 1.23061E-02 5.64582E-01
1.24587E-02 2.05665E-02 3.12298E-02 6.04461E-02 7.71873E-02 3.33304E-01 5.84465E-01 3.63098E-02 2.05665E-02 1.24587E-02 5.52551E-01
1.25942E-02 2.05421E-02 3.10559E-02 5.97177E-02 7.61707E-02 3.30231E-01 5.80494E-01 3.60609E-02 2.05421E-02 1.25942E-02 5.41013E-01
1.27143E-02 2.05092E-02 3.08815E-02 5.90089E-02 7.51849E-02 3.27234E-01 5.76593E-01 3.58120E-02 2.05092E-02 1.27143E-02 5.29940E-01
1.28205E-02 2.04686E-02 3.07068E-02 5.83189E-02 7.42283E-02 3.24310E-01 5.72762E-01 3.55636E-02 2.04686E-02 1.28205E-02 5.19307E-01
1.29140E-02 2.04213E-02 3.05322E-02 5.76470E-02 7.32996E-02 3.21457E-01 5.68998E-01 3.53161E-02 2.04213E-02 1.29140E-02 5.09090E-01
1.29960E-02 2.03681E-02 3.03581E-02 5.69924E-02 7.23975E-02 3.18671E-01 5.65300E-01 3.50698E-02 2.03681E-02 1.29960E-02 4.99266E-01
1.30676E-02 2.03098E-02 3.01846E-02 5.63546E-02 7.15209E-02 3.15950E-01 5.61667E-01 3.48250E-02 2.03098E-02 1.30676E-02 4.89815E-01
1.31297E-02 2.02468E-02 3.00120E-02 5.57329E-02 7.06686E-02 3.13292E-01 5.58096E-01 3.45819E-02 2.02468E-02 1.31297E-02 4.80717E-01
1.31831E-02 2.01798E-02 2.98405E-02 5.51267E-02 6.98396E-02 3.10694E-01 5.54587E-01 3.43408E-02 2.01798E-02 1.31831E-02 4.71953E-01
1.32286E-02 2.01093E-02 2.96703E-02 5.45354E-02 6.90328E-02 3.08153E-01 5.51139E-01 3.41017E-02 2.01093E-02 1.32286E-02 4.63507E-01
1.32669E-02 2.00357E-02 2.95013E-02 5.39584E-02 6.82474E-02 3.05669E-01 5.47748E-01 3.38649E-02 2.00357E-02 1.32669E-02 4.55362E-01
1.32987E-02 1.99594E-02 2.93338E-02 5.33952E-02 6.74825E-02 3.03238E-01 5.44415E-01 3.36304E-02 1.99594E-02 1.32987E-02 4.47503E-01
1.33244E-02 1.98808E-02 2.91679E-02 5.28454E-02 6.67372E-02 3.00859E-01 5.41137E-01 3.33984E-02 1.98808E-02 1.33244E-02 4.39916E-01
1.33445E-02 1.98002E-02 2.90036E-02 5.23085E-02 6.60108E-02 2.98530E-01 5.37913E-01 3.31689E-02 1.98002E-02 1.33445E-02 4.32587E-01
1.33597E-02 1.97178E-02 2.88409E-02 5.17839E-02 6.53025E-02 2.96249E-01 5.34743E-01 3.29419E-02 1.97178E-02 1.33597E-02 4.25505E-01
1.33701E-02 1.96339E-02 2.86800E-02 5.12713E-02 6.46115E-02 2.94015E-01 5.31623E-01 3.27175E-02 1.96339E-02 1.33701E-02 4.18657E-01
1.33764E-02 1.95487E-02 2.85208E-02 5.07702E-02 6.39373E-02 2.91826E-01 5.28554E-01 3.24958E-02 1.95487E-02 1.33764E-02 4.12032E-01
1.33787E-02 1.94625E-02 2.83634E-02 5.02802E-02 6.32792E-02 2.89681E-01 5.25534E-01 3.22768E-02 1.94625E-02 1.33787E-02 4.05620E-01
1.33774E-02 1.93754E-02 2.82079E-02 4.98010E-02 6.26365E-02 2.87577E-01 5.22561E-01 3.20604E-02 1.93754E-02 1.33774E-02 3.99411E-01
1.33729E-02 1.92876E-02 2.80541E-02 4.93323E-02 6.20088E-02 2.85515E-01 5.19635E-01 3.18467E-02 1.92876E-02 1.33729E-02 3.93395E-01
1.33653E-02 1.91992E-02 2.79022E-02 4.88735E-02 6.13955E-02 2.83492E-01 5.16754E-01 3.16357E-02 1.91992E-02 1.33653E-02 3.87565E-01
1.33550E-02 1.91104E-02 2.77521E-02 4.84245E-02 6.07960E-02 2.81507E-01 5.13918E-01 3.14274E-02 1.91104E-02 1.33550E-02 3.81912E-01
0.00000E+00 0.00000E+00 1.06623E-02 7.11870E-02 1.03904E-01 4.68541E-01 7.56022E-01 2.00834E-02 0.00000E+00 0.00000E+00 8.47386E-01
0.00000E+00 0.00000E+00 1.29260E-02 6.88028E-02 9.89071E-02 4.55166E-01 7.46690E-01 2.24650E-02 0.00000E+00 0.00000E+00 8.59994E-01
0.00000E+00 1.87602E-03 1.46032E-02 6.67191E-02 9.47417E-02 4.43235E-01 7.36887E-01 2.41314E-02 1.87602E-03 0.00000E+00 8.48612E-01
0.00000E+00 4.05497E-03 1.58704E-02 6.48051E-02 9.10903E-02 4.32300E-01 7.26908E-01 2.53133E-02 4.05497E-03 0.00000E+00 8.26747E-01
0.00000E+00 5.74783E-03 1.68351E-02 6.30103E-02 8.78063E-02 4.22153E-01 7.16939E-01 2.61467E-02 5.74783E-03 0.00000E+00 8.01031E-01
0.00000E+00 7.08360E-03 1.75779E-02 6.13272E-02 8.48278E-02 4.12705E-01 7.07122E-01 2.67290E-02 7.08360E-03 0.00000E+00 7.73766E-01
0.00000E+00 8.15024E-03 1.81538E-02 5.97470E-02 8.21073E-02 4.03881E-01 6.97536E-01 2.71264E-02 8.15024E-03 0.00000E+00 7.46267E-01
0.00000E+00 9.00979E-03 1.86019E-02 5.82611E-02 7.96076E-02 3.95612E-01 6.88219E-01 2.73850E-02 9.00979E-03 0.00000E+00 7.19280E-01
4.29919E-04 9.70948E-03 1.89543E-02 5.68749E-02 7.73173E-02 3.87887E-01 6.79245E-01 2.75432E-02 9.70948E-03 4.29919E-04 6.92069E-01
1.41440E-03 1.02828E-02 1.92311E-02 5.55760E-02 7.52050E-02 3.80638E-01 6.70597E-01 2.76242E-02 1.02828E-02 1.41440E-03 6.64498E-01
2.25565E-03 1.07508E-02 1.94411E-02 5.43345E-02 7.32194E-02 3.73740E-01 6.62180E-01 2.76367E-02 1.07508E-02 2.25565E-03 6.38515E-01
2.97820E-03 1.11326E-02 1.95971E-02 5.31480E-02 7.13490E-02 3.67165E-01 6.53997E-01 2.75955E-02 1.11326E-02 2.97820E-03 6.14079E-01
3.60153E-03 1.14434E-02 1.97093E-02 5.20137E-02 6.95837E-02 3.60891E-01 6.46048E-01 2.75118E-02 1.14434E-02 3.60153E-03 5.91119E-01
4.14131E-03 1.16955E-02 1.97856E-02 5.09289E-02 6.79145E-02 3.54896E-01 6.38330E-01 2.73944E-02 1.16955E-02 4.14131E-03 5.69556E-01
4.61027E-03 1.18986E-02 1.98324E-02 4.98909E-02 6.63334E-02 3.49159E-01 6.30836E-01 2.72505E-02 1.18986E-02 4.61027E-03 5.49303E-01
5.01883E-03 1.20605E-02 1.98548E-02 4.88971E-02 6.48332E-02 3.43664E-01 6.23561E-01 2.70856E-02 1.20605E-02 5.01883E-03 5.30271E-01
5.37557E-03 1.21879E-02 1.98571E-02 4.79448E-02 6.34076E-02 3.38393E-01 6.16497E-01 2.69043E-02 1.21879E-02 5.37557E-03 5.12377E-01
5.68765E-03 1.22859E-02 1.98426E-02 4.70317E-02 6.20509E-02 3.33332E-01 6.09637E-01 2.67101E-02 1.22859E-02 5.68765E-03 4.95539E-01
5.96106E-03 1.23591E-02 1.98143E-02 4.61555E-02 6.07580E-02 3.28467E-01 6.02973E-01 2.65060E-02 1.23591E-02 5.96106E-03 4.79680E-01
6.20083E-03 1.24111E-02 1.97743E-02 4.53141E-02 5.95243E-02 3.23787E-01 5.96498E-01 2.62944E-02 1.24111E-02 6.20083E-03 4.64728E-01
6.41124E-03 1.24451E-02 1.97248E-02 4.45055E-02 5.83455E-02 3.19279E-01 5.90204E-01 2.60774E-02 1.24451E-02 6.41124E-03 4.50617E-01
6.59592E-03 1.24636E-02 1.96671E-02 4.37278E-02 5.72180E-02 3.14933E-01 5.84084E-01 2.58564E-02 1.24636E-02 6.59592E-03 4.37286E-01
6.75798E-03 1.24689E-02 1.96029E-02 4.29794E-02 5.61382E-02 3.10739E-01 5.78130E-01 2.56327E-02 1.24689E-02 6.75798E-03 4.24678E-01
6.90011E-03 1.24628E-02 1.95331E-02 4.22585E-02 5.51031E-02 3.06690E-01 5.72336E-01 2.54076E-02 1.24628E-02 6.90011E-03 4.12741E-01
7.02461E-03 1.24469E-02 1.94587E-02 4.15637E-02 5.41098E-02 3.02777E-01 5.66695E-01 2.51818E-02 1.24469E-02 7.02461E-03 4.01428E-01
7.13347E-03 1.24226E-02 1.93806E-02 4.08936E-02 5.31557E-02 2.98991E-01 5.61202E-01 2.49561E-02 1.24226E-02 7.13347E-03 3.90694E-01
7.22844E-03 1.23910E-02 1.92995E-02 4.02469E-02 5.22384E-02 2.95328E-01 5.55849E-01 2.47312E-02 1.23910E-02 7.22844E-03 3.80500E-01
7.31105E-03 1.23533E-02 1.92159E-02 3.96224E-02 5.13558E-02 2.91779E-01 5.50632E-01 2.45074E-02 1.23533E-02 7.31105E-03 3.70808E-01
7.38261E-03 1.23103E-02 1.91304E-02 3.90188E-02 5.05057E-02 2.88340E-01 5.45545E-01 2.42852E-02 1.23103E-02 7.38261E-03 3.61585E-01
7.44429E-03 1.22626E-02 1.90433E-02 3.84352E-02 4.96864E-02 2.85004E-01 5.40583E-01 2.40649E-02 1.22626E-02 7.44429E-03 3.52799E-01
7.49713E-03 1.22111E-02 1.89551E-02 3.78705E-02 4.88960E-02 2.81766E-01 5.35740E-01 2.38469E-02 1.22111E-02 7.49713E-03 3.44421E-01
7.54203E-03 1.21561E-02 1.88660E-02 3.73239E-02 4.81332E-02 2.78623E-01 5.31013E-01 2.36312E-02 1.21561E-02 7.54203E-03 3.36427E-01
7.57981E-03 1.20984E-02 1.87763E-02 3.67944E-02 4.73962E-02 2.75568E-01 5.26396E-01 2.34181E-02 1.20984E-02 7.57981E-03 3.28790E-01
7.61116E-03 1.20382E-02 1.86863E-02 3.62813E-02 4.66839E-02 2.72599E-01 5.21887E-01 2.32077E-02 1.20382E-02 7.61116E-03 3.21489E-01
7.63673E-03 1.19760E-02 1.85962E-02 3.57837E-02 4.59949E-02 2.69711E-01 5.17479E-01 2.30002E-02 1.19760E-02 7.63673E-03 3.14503E-01
7.65708E-03 1.19121E-02 1.85061E-02 3.53009E-02 4.53280E-02 2.66900E-01 5.13171E-01 2.27955E-02 1.19121E-02 7.65708E-03 3.07813E-01
7.67272E-03 1.18468E-02 1.84161E-02 3.48324E-02 4.46822E-02 2.64164E-01 5.08958E-01 2.25937E-02 1.18468E-02 7.67272E-03 3.01401E-01
7.68411E-03 1.17804E-02 1.83264E-02 3.43773E-02 4.40564E-02 2.61498E-01 5.04836E-01 2.23950E-02 1.17804E-02 7.68411E-03 2.95251E-01
7.69164E-03 1.17130E-02 1.82372E-02 3.39352E-02 4.34496E-02 2.58901E-01 5.00803E-01 2.21992E-02 1.17130E-02 7.69164E-03 2.89348E-01
7.69569E-03 1.16450E-02 1.81484E-02 3.35055E-02 4.28611E-02 2.56368E-01 4.96855E-01 2.20064E-02 1.16450E-02 7.69569E-03 2.83678E-01
7.69658E-03 1.15763E-02 1.80602E-02 3.30876E-02 4.22898E-02 2.53898E-01 4.92990E-01 2.18166E-02 1.15763E-02 7.69658E-03 2.78227E-01
7.69461E-03 1.15073E-02 1.79726E-02 3.26811E-02 4.17350E-02 2.51488E-01 4.89204E-01 2.16298E-02 1.15073E-02 7.69461E-03 2.72984E-01
7.69005E-03 1.14380E-02 1.78857E-02 3.22854E-02 4.11961E-02 2.49135E-01 4.85495E-01 2.14460E-02 1.14380E-02 7.69005E-03 2.67938E-01
7.68313E-03 1.13686E-02 1.77995E-02 3.19002E-02 4.06723E-02 2.46837E-01 4.81861E-01 2.12651E-02 1.13686E-02 7.68313E-03 2.63077E-01
7.67408E-03 1.12991E-02 1.77141E-02 3.15249E-02 4.01628E-02 2.44593E-01 4.78298E-01 2.10872E-02 1.12991E-02 7.67408E-03 2.58392E-01
7.66309E-03 1.12297E-02 1.76294E-02 3.11593E-02 3.96673E-02 2.42399E-01 4.74805E-01 2.09121E-02 1.12297E-02 7.66309E-03 2.53874E-01
7.65035E-03 1.11604E-02 1.75456E-02 3.08029E-02 3.91849E-02 2.40255E-01 4.71379E-01 2.07398E-02 1.11604E-02 7.65035E-03 2.49515E-01
7.63602E-03 1.10914E-02 1.74627E-02 3.04554E-02 3.87153E-02 2.38158E-01 4.68018E-01 2.05703E-02 1.10914E-02 7.63602E-03 2.45305E-01
7.62024E-03 1.10226E-02 1.73806E-02 3.01164E-02 3.82579E-02 2.36107E-01 4.64720E-01 2.04036E-02 1.10226E-02 7.62024E-03 2.41239E-01
7.60316E-03 1.09541E-02 1.72994E-02 2.97856E-02 3.78121E-02 2.34100E-01 4.61483E-01 2.02396E-02 1.09541E-02 7.60316E-03 2.37309E-01
0.00000E+00 0.00000E+00 2.86687E-03 5.00137E-02 7.36929E-02 4.52603E-01 7.94274E-01 1.74460E-02 0.00000E+00 0.00000E+00 7.27335E-01
0.00000E+00 0.00000E+00 4.92163E-03 4.74849E-02 6.88291E-02 4.33118E-01 7.72520E-01 1.88105E-02 0.00000E+00 0.00000E+00 7.06369E-01
0.00000E+00 1.16143E-03 6.42915E-03 4.53536E-02 6.48837E-02 4.16489E-01 7.52736E-01 1.96473E-02 1.16143E-03 0.00000E+00 6.73277E-01
0.00000E+00 2.47545E-03 7.57251E-03 4.34680E-02 6.15156E-02 4.01787E-01 7.34411E-01 2.01470E-02 2.47545E-03 0.00000E+00 6.37200E-01
0.00000E+00 3.46604E-03 8.45572E-03 4.17600E-02 5.85597E-02 3.88545E-01 7.17301E-01 2.04169E-02 3.46604E-03 0.00000E+00 6.02116E-01
0.00000E+00 4.22507E-03 9.15032E-03 4.02046E-02 5.59366E-02 3.76523E-01 7.01301E-01 2.05310E-02 4.22507E-03 0.00000E+00 5.69022E-01
0.00000E+00 4.81363E-03 9.70425E-03 3.87812E-02 5.35870E-02 3.65533E-01 6.86304E-01 2.05373E-02 4.81363E-03 0.00000E+00 5.38279E-01
0.00000E+00 5.27389E-03 1.01509E-02 3.74724E-02 5.14658E-02 3.55427E-01 6.72216E-01 2.04678E-02 5.27389E-03 0.00000E+00 5.09940E-01
2.47450E-04 5.63703E-03 1.05151E-02 3.62737E-02 4.95515E-02 3.46140E-01 6.59023E-01 2.03485E-02 5.63703E-03 2.47450E-04 4.83190E-01
8.08436E-04 5.92478E-03 1.08144E-02 3.51690E-02 4.78102E-02 3.37551E-01 6.46617E-01 2.01939E-02 5.92478E-03 8.08436E-04 4.57643E-01
1.28095E-03 6.15092E-03 1.10597E-02 3.41318E-02 4.61968E-02 3.29491E-01 6.34802E-01 2.00082E-02 6.15092E-03 1.28095E-03 4.34284E-01
1.68109E-03 6.32766E-03 1.12612E-02 3.31564E-02 4.46971E-02 3.21906E-01 6.23535E-01 1.98003E-02 6.32766E-03 1.68109E-03 4.12894E-01
2.02148E-03 6.46451E-03 1.14267E-02 3.22377E-02 4.32990E-02 3.14751E-01 6.12777E-01 1.95767E-02 6.46451E-03 2.02148E-03 3.93275E-01
2.31215E-03 6.56888E-03 1.15626E-02 3.13708E-02 4.19921E-02 3.07987E-01 6.02492E-01 1.93426E-02 6.56888E-03 2.31215E-03 3.75243E-01
2.56115E-03 6.64669E-03 1.16737E-02 3.05516E-02 4.07673E-02 3.01579E-01 5.92647E-01 1.91015E-02 6.64669E-03 2.56115E-03 3.58637E-01
2.77500E-03 6.70264E-03 1.17642E-02 2.97763E-02 3.96169E-02 2.95497E-01 5.83212E-01 1.88565E-02 6.70264E-03 2.77500E-03 3.43312E-01
2.95902E-03 6.74054E-03 1.18372E-02 2.90414E-02 3.85341E-02 2.89714E-01 5.74160E-01 1.86097E-02 6.74054E-03 2.95902E-03 3.29139E-01
3.11759E-03 6.76347E-03 1.18954E-02 2.83439E-02 3.75127E-02 2.84207E-01 5.65466E-01 1.83629E-02 6.76347E-03 3.11759E-03 3.16004E-01
3.25434E-03 6.77397E-03 1.19411E-02 2.76809E-02 3.65476E-02 2.78953E-01 5.57107E-01 1.81172E-02 6.77397E-03 3.25434E-03 3.03807E-01
3.37230E-03 6.77410E-03 1.19761E-02 2.70498E-02 3.56341E-02 2.73935E-01 5.49062E-01 1.78738E-02 6.77410E-03 3.37230E-03 2.92458E-01
3.47402E-03 6.76558E-03 1.20019E-02 2.64485E-02 3.47679E-02 2.69135E-01 5.41312E-01 1.76332E-02 6.76558E-03 3.47402E-03 2.81878E-01
3.56164E-03 6.74983E-03 1.20197E-02 2.58748E-02 3.39453E-02 2.64537E-01 5.33839E-01 1.73962E-02 6.74983E-03 3.56164E-03 2.71997E-01
3.63699E-03 6.72805E-03 1.20308E-02 2.53268E-02 3.31631E-02 2.60128E-01 5.26627E-01 1.71630E-02 6.72805E-03 3.63699E-03 2.62751E-01
3.70162E-03 6.70122E-03 1.20359E-02 2.48028E-02 3.24181E-02 2.55896E-01 5.19662E-01 1.69340E-02 6.70122E-03 3.70162E-03 2.54085E-01
3.75685E-03 6.67020E-03 1.20359E-02 2.43013E-02 3.17078E-02 2.51829E-01 5.12930E-01 1.67094E-02 6.67020E-03 3.75685E-03 2.45950E-01
3.80383E-03 6.63569E-03 1.20315E-02 2.38207E-02 3.10297E-02 2.47916E-01 5.06417E-01 1.64893E-02 6.63569E-03 3.80383E-03 2.38300E-01
3.84355E-03 6.59828E-03 1.20232E-02 2.33598E-02 3.03815E-02 2.44149E-01 5.00112E-01 1.62737E-02 6.59828E-03 3.84355E-03 2.31095E-01
3.87685E-03 6.55848E-03 1.20115E-02 2.29174E-02 2.97613E-02 2.40517E-01 4.94005E-01 1.60629E-02 6.55848E-03 3.87685E-03 2.24300E-01
3.90449E-03 6.51673E-03 1.19969E-02 2.24923E-02 2.91673E-02 2.37015E-01 4.88085E-01 1.58566E-02 6.51673E-03 3.90449E-03 2.17881E-01
3.92711E-03 6.47339E-03 1.19797E-02 2.20835E-02 2.85977E-02 2.33633E-01 4.82342E-01 1.56549E-02 6.47339E-03 3.92711E-03 2.11811E-01
3.94527E-03 6.42878E-03 1.19603E-02 2.16901E-02 2.80510E-02 2.30366E-01 4.76769E-01 1.54578E-02 6.42878E-03 3.94527E-03 2.06063E-01
3.95948E-03 6.38318E-03 1.19389E-02 2.13112E-02 2.75259E-02 2.27207E-01 4.71356E-01 1.52651E-02 6.38318E-03 3.95948E-03 2.00612E-01
3.97016E-03 6.33679E-03 1.19158E-02 2.09460E-02 2.70210E-02 2.24150E-01 4.66097E-01 1.50768E-02 6.33679E-03 3.97016E-03 1.95437E-01
3.97770E-03 6.28984E-03 1.18912E-02 2.05938E-02 2.65352E-02 2.21190E-01 4.60984E-01 1.48929E-02 6.28984E-03 3.97770E-03 1.90518E-01
3.98244E-03 6.24248E-03 1.18653E-02 2.02538E-02 2.60673E-02 2.18322E-01 4.56010E-01 1.47132E-02 6.24248E-03 3.98244E-03 1.85838E-01
3.98469E-03 6.19486E-03 1.18383E-02 1.99254E-02 2.56165E-02 2.15542E-01 4.51170E-01 1.45375E-02 6.19486E-03 3.98469E-03 1.81380E-01
3.98470E-03 6.14711E-03 1.18102E-02 1.96080E-02 2.51816E-02 2.12845E-01 4.46457E-01 1.43659E-02 6.14711E-03 3.98470E-03 1.77129E-01
3.98272E-03 6.09933E-03 1.17813E-02 1.93011E-02 2.47620E-02 2.10227E-01 4.41866E-01 1.41982E-02 6.09933E-03 3.98272E-03 1.73072E-01
3.97896E-03 6.05162E-03 1.17517E-02 1.90041E-02 2.43566E-02 2.07684E-01 4.37391E-01 1.40343E-02 6.05162E-03 3.97896E-03 1.69195E-01
3.97361E-03 6.00405E-03 1.17214E-02 1.87166E-02 2.39650E-02 2.05214E-01 4.33029E-01 1.38742E-02 6.00405E-03 3.97361E-03 1.65488E-01
3.96683E-03 5.95669E-03 1.16906E-02 1.84381E-02 2.35862E-02 2.02812E-01 4.28774E-01 1.37176E-02 5.95669E-03 3.96683E-03 1.61940E-01
3.95878E-03 5.90960E-03 1.16593E-02 1.81681E-02 2.32197E-02 2.00475E-01 4.24622E-01 1.35645E-02 5.90960E-03 3.95878E-03 1.58541E-01
3.94958E-03 5.86282E-03 1.16277E-02 1.79063E-02 2.28649E-02 1.98202E-01 4.20568E-01 1.34148E-02 5.86282E-03 3.94958E-03 1.55282E-01
3.93937E-03 5.81641E-03 1.15956E-02 1.76523E-02 2.25213E-02 1.95988E-01 4.16610E-01 1.32684E-02 5.81641E-03 3.93937E-03 1.52155E-01
3.92826E-03 5.77038E-03 1.15634E-02 1.74057E-02 2.21882E-02 1.93832E-01 4.12744E-01 1.31252E-02 5.77038E-03 3.92826E-03 1.49152E-01
3.91633E-03 5.72478E-03 1.15309E-02 1.71662E-02 2.18652E-02 1.91731E-01 4.08965E-01 1.29851E-02 5.72478E-03 3.91633E-03 1.46266E-01
3.90368E-03 5.67963E-03 1.14982E-02 1.69335E-02 2.15518E-02 1.89683E-01 4.05271E-01 1.28481E-02 5.67963E-03 3.90368E-03 1.43490E-01
3.89039E-03 5.63494E-03 1.14654E-02 1.67074E-02 2.12476E-02 1.87685E-01 4.01658E-01 1.27140E-02 5.63494E-03 3.89039E-03 1.40819E-01
3.87653E-03 5.59073E-03 1.14325E-02 1.64875E-02 2.09522E-02 1.85736E-01 3.98124E-01 1.25827E-02 5.59073E-03 3.87653E-03 1.38247E-01
3.86217E-03 5.54702E-03 1.13995E-02 1.62735E-02 2.06652E-02 1.83834E-01 3.94666E-01 1.24541E-02 5.54702E-03 3.86217E-03 1.35768E-01
0.00000E+00 0.00000E+00 -4.20071E-04 3.11357E-02 4.49227E-02 4.16103E-01 8.03125E-01 1.73269E-02 0.00000E+00 0.00000E+00 5.91946E-01
0.00000E+00 0.00000E+00 1.27866E-03 2.88627E-02 4.10122E-02 3.91248E-01 7.67396E-01 1.72087E-02 0.00000E+00 0.00000E+00 5.38908E-01
0.00000E+00 5.87102E-04 2.55754E-03 2.70314E-02 3.79410E-02 3.70741E-01 7.36818E-01 1.69599E-02 5.87102E-04 0.00000E+00 4.89476E-01
0.00000E+00 1.23709E-03 3.55763E-03 2.54740E-02 3.53923E-02 3.53112E-01 7.09771E-01 1.66341E-02 1.23709E-03 0.00000E+00 4.45709E-01
0.00000E+00 1.71449E-03 4.35816E-03 2.41111E-02 3.32107E-02 3.37609E-01 6.85428E-01 1.62637E-02 1.71449E-03 0.00000E+00 4.07845E-01
0.00000E+00 2.07074E-03 5.01133E-03 2.29057E-02 3.13165E-02 3.23820E-01 6.63342E-01 1.58743E-02 2.07074E-03 0.00000E+00 3.75065E-01
0.00000E+00 2.33949E-03 5.55250E-03 2.18298E-02 2.96525E-02 3.11441E-01 6.43170E-01 1.54808E-02 2.33949E-03 0.00000E+00 3.46582E-01
0.00000E+00 2.54357E-03 6.00653E-03 2.08623E-02 2.81762E-02 3.00239E-01 6.24636E-01 1.50917E-02 2.54357E-03 0.00000E+00 3.21712E-01
1.19960E-04 2.69938E-03 6.39054E-03 1.99923E-02 2.68638E-02 2.90091E-01 6.07614E-01 1.47152E-02 2.69938E-03 1.19960E-04 2.99488E-01
3.89534E-04 2.81827E-03 6.71825E-03 1.92038E-02 2.56865E-02 2.80828E-01 5.91884E-01 1.43526E-02 2.81827E-03 3.89534E-04 2.79302E-01
6.13728E-04 2.90778E-03 7.00119E-03 1.84761E-02 2.46107E-02 2.72241E-01 5.77137E-01 1.39997E-02 2.90778E-03 6.13728E-04 2.61397E-01
8.01213E-04 2.97414E-03 7.24684E-03 1.78024E-02 2.36235E-02 2.64251E-01 5.63276E-01 1.36578E-02 2.97414E-03 8.01213E-04 2.45440E-01
9.58720E-04 3.02215E-03 7.46113E-03 1.71767E-02 2.27141E-02 2.56794E-01 5.50215E-01 1.33279E-02 3.02215E-03 9.58720E-04 2.31152E-01
1.09154E-03 3.05548E-03 7.64880E-03 1.65942E-02 2.18734E-02 2.49812E-01 5.37878E-01 1.30101E-02 3.05548E-03 1.09154E-03 2.18304E-01
1.20386E-03 3.07704E-03 7.81372E-03 1.60504E-02 2.10938E-02 2.43258E-01 5.26202E-01 1.27046E-02 3.07704E-03 1.20386E-03 2.06703E-01
1.29907E-03 3.08909E-03 7.95905E-03 1.55416E-02 2.03687E-02 2.37091E-01 5.15130E-01 1.24111E-02 3.08909E-03 1.29907E-03 1.96187E-01
1.37988E-03 3.09344E-03 8.08740E-03 1.50644E-02 1.96925E-02 2.31276E-01 5.04611E-01 1.21292E-02 3.09344E-03 1.37988E-03 1.86619E-01
1.44852E-03 3.09155E-03 8.20094E-03 1.46160E-02 1.90602E-02 2.25779E-01 4.94600E-01 1.18587E-02 3.09155E-03 1.44852E-03 1.77885E-01
1.50682E-03 3.08458E-03 8.30152E-03 1.41938E-02 1.84677E-02 2.20574E-01 4.85059E-01 1.15990E-02 3.08458E-03 1.50682E-03 1.69886E-01
1.55629E-03 3.07349E-03 8.39068E-03 1.37955E-02 1.79113E-02 2.15637E-01 4.75951E-01 1.13496E-02 3.07349E-03 1.55629E-03 1.62537E-01
1.59819E-03 3.05905E-03 8.46975E-03 1.34191E-02 1.73876E-02 2.10945E-01 4.67246E-01 1.11101E-02 3.05905E-03 1.59819E-03 1.55766E-01
1.63358E-03 3.04188E-03 8.53985E-03 1.30629E-02 1.68939E-02 2.06480E-01 4.58914E-01 1.08800E-02 3.04188E-03 1.63358E-03 1.49510E-01
1.66335E-03 3.02251E-03 8.60197E-03 1.27252E-02 1.64276E-02 2.02224E-01 4.50930E-01 1.06589E-02 3.02251E-03 1.66335E-03 1.43716E-01
1.68825E-03 3.00138E-03 8.65695E-03 1.24046E-02 1.59865E-02 1.98162E-01 4.43270E-01 1.04462E-02 3.00138E-03 1.68825E-03 1.38336E-01
1.70891E-03 2.97883E-03 8.70552E-03 1.20999E-02 1.55684E-02 1.94280E-01 4.35913E-01 1.02416E-02 2.97883E-03 1.70891E-03 1.33330E-01
1.72589E-03 2.95517E-03 8.74834E-03 1.18099E-02 1.51717E-02 1.90566E-01 4.28840E-01 1.00447E-02 2.95517E-03 1.72589E-03 1.28660E-01
1.73965E-03 2.93065E-03 8.78595E-03 1.15335E-02 1.47948E-02 1.87008E-01 4.22034E-01 9.85508E-03 2.93065E-03 1.73965E-03 1.24296E-01
1.75059E-03 2.90546E-03 8.81887E-03 1.12697E-02 1.44361E-02 1.83595E-01 4.15478E-01 9.67233E-03 2.90546E-03 1.75059E-03 1.20209E-01
1.75906E-03 2.87978E-03 8.84754E-03 1.10178E-02 1.40943E-02 1.80319E-01 4.09157E-01 9.49613E-03 2.87978E-03 1.75906E-03 1.16375E-01
1.76537E-03 2.85377E-03 8.87233E-03 1.07769E-02 1.37684E-02 1.77171E-01 4.03058E-01 9.32616E-03 2.85377E-03 1.76537E-03 1.12772E-01
1.76976E-03 2.82753E-03 8.89361E-03 1.05463E-02 1.34571E-02 1.74144E-01 3.97169E-01 9.16210E-03 2.82753E-03 1.76976E-03 1.09380E-01
1.77249E-03 2.80117E-03 8.91168E-03 1.03254E-02 1.31595E-02 1.71229E-01 3.91478E-01 9.00366E-03 2.80117E-03 1.77249E-03 1.06181E-01
1.77373E-03 2.77477E-03 8.92683E-03 1.01135E-02 1.28747E-02 1.68420E-01 3.85974E-01 8.85057E-03 2.77477E-03 1.77373E-03 1.03161E-01
1.77367E-03 2.74841E-03 8.93929E-03 9.91011E-03 1.26019E-02 1.65712E-01 3.80648E-01 8.70257E-03 2.74841E-03 1.77367E-03 1.00304E-01
1.77245E-03 2.72214E-03 8.94930E-03 9.71474E-03 1.23404E-02 1.63098E-01 3.75490E-01 8.55942E-03 2.72214E-03 1.77245E-03 9.75981E-02
1.77023E-03 2.69602E-03 8.95706E-03 9.52690E-03 1.20894E-02 1.60573E-01 3.70491E-01 8.42089E-03 2.69602E-03 1.77023E-03 9.50324E-02
1.76710E-03 2.67009E-03 8.96275E-03 9.34615E-03 1.18484E-02 1.58134E-01 3.65645E-01 8.28675E-03 2.67009E-03 1.76710E-03 9.25961E-02
1.76318E-03 2.64438E-03 8.96655E-03 9.17211E-03 1.16167E-02 1.55774E-01 3.60943E-01 8.15682E-03 2.64438E-03 1.76318E-03 9.02800E-02
1.75856E-03 2.61891E-03 8.96859E-03 9.00440E-03 1.13938E-02 1.53491E-01 3.56379E-01 8.03090E-03 2.61891E-03 1.75856E-03 8.80755E-02
1.75333E-03 2.59372E-03 8.96902E-03 8.84268E-03 1.11792E-02 1.51280E-01 3.51945E-01 7.90880E-03 2.59372E-03 1.75333E-03 8.59750E-02
1.74756E-03 2.56882E-03 8.96797E-03 8.68663E-03 1.09724E-02 1.49138E-01 3.47638E-01 7.79036E-03 2.56882E-03 1.74756E-03 8.39714E-02
1.74130E-03 2.54422E-03 8.96555E-03 8.53595E-03 1.07731E-02 1.47061E-01 3.43449E-01 7.67542E-03 2.54422E-03 1.74130E-03 8.20582E-02
1.73463E-03 2.51994E-03 8.96186E-03 8.39038E-03 1.05808E-02 1.45046E-01 3.39375E-01 7.56383E-03 2.51994E-03 1.73463E-03 8.02296E-02
1.72758E-03 2.49599E-03 8.95699E-03 8.24965E-03 1.03952E-02 1.43091E-01 3.35410E-01 7.45544E-03 2.49599E-03 1.72758E-03 7.84802E-02
1.72022E-03 2.47237E-03 8.95105E-03 8.11352E-03 1.02159E-02 1.41193E-01 3.31550E-01 7.35011E-03 2.47237E-03 1.72022E-03 7.68050E-02
1.71258E-03 2.44909E-03 8.94410E-03 7.98177E-03 1.00426E-02 1.39348E-01 3.27790E-01 7.24773E-03 2.44909E-03 1.71258E-03 7.51994E-02
1.70469E-03 2.42615E-03 8.93623E-03 7.85420E-03 9.87495E-03 1.37555E-01 3.24126E-01 7.14817E-03 2.42615E-03 1.70469E-03 7.36593E-02
1.69659E-03 2.40355E-03 8.92749E-03 7.73060E-03 9.71276E-03 1.35812E-01 3.20555E-01 7.05131E-03 2.40355E-03 1.69659E-03 7.21809E-02
1.68831E-03 2.38130E-03 8.91797E-03 7.61079E-03 9.55574E-03 1.34115E-01 3.17071E-01 6.95704E-03 2.38130E-03 1.68831E-03 7.07604E-02
1.67988E-03 2.35938E-03 8.90770E-03 7.49459E-03 9.40363E-03 1.32464E-01 3.13673E-01 6.86527E-03 2.35938E-03 1.67988E-03 6.93947E-02
0.00000E+00 0.00000E+00 -8.24662E-04 1.62180E-02 2.19916E-02 3.52358E-01 7.59957E-01 1.43896E-02 0.00000E+00 0.00000E+00 3.92352E-01
0.00000E+00 0.00000E+00 7.47580E-04 1.45245E-02 1.94992E-02 3.24447E-01 7.11361E-01 1.32316E-02 0.00000E+00 0.00000E+00 3.33545E-01
0.00000E+00 2.10833E-04 1.97922E-03 1.32355E-02 1.76218E-02 3.02112E-01 6.71414E-01 1.23078E-02 2.10833E-04 0.00000E+00 2.88099E-01
0.00000E+00 4.44766E-04 2.97552E-03 1.21898E-02 1.61165E-02 2.83397E-01 6.37210E-01 1.15275E-02 4.44766E-04 0.00000E+00 2.52250E-01
0.00000E+00 6.16318E-04 3.79762E-03 1.13105E-02 1.48651E-02 2.67299E-01 6.07249E-01 1.08487E-02 6.16318E-04 0.00000E+00 2.23609E-01
0.00000E+00 7.43704E-04 4.48475E-03 1.05584E-02 1.38055E-02 2.53256E-01 5.80696E-01 1.02515E-02 7.43704E-04 0.00000E+00 2.00335E-01
0.00000E+00 8.39081E-04 5.06521E-03 9.90602E-03 1.28947E-02 2.40866E-01 5.56936E-01 9.72097E-03 8.39081E-04 0.00000E+00 1.81133E-01
0.00000E+00 9.10804E-04 5.55989E-03 9.33385E-03 1.21023E-02 2.29827E-01 5.35501E-01 9.24604E-03 9.10804E-04 0.00000E+00 1.65075E-01
4.54356E-05 9.64661E-04 5.98249E-03 8.83015E-03 1.14095E-02 2.19967E-01 5.16134E-01 8.82046E-03 9.64661E-04 4.54356E-05 1.51318E-01
1.47180E-04 1.00482E-03 6.34607E-03 8.38219E-03 1.07974E-02 2.11083E-01 4.98503E-01 8.43600E-03 1.00482E-03 1.47180E-04 1.39294E-01
2.31347E-04 1.03447E-03 6.66347E-03 7.97647E-03 1.02463E-02 2.02946E-01 4.82200E-01 8.08291E-03 1.03447E-03 2.31347E-04 1.28900E-01
3.01341E-04 1.05589E-03 6.94149E-03 7.60723E-03 9.74751E-03 1.95460E-01 4.67068E-01 7.75753E-03 1.05589E-03 3.01341E-04 1.19842E-01
3.59801E-04 1.07082E-03 7.18569E-03 7.26972E-03 9.29382E-03 1.88545E-01 4.52976E-01 7.45673E-03 1.07082E-03 3.59801E-04 1.11892E-01
4.08793E-04 1.08059E-03 7.40067E-03 6.95997E-03 8.87934E-03 1.82136E-01 4.39813E-01 7.17783E-03 1.08059E-03 4.08793E-04 1.04869E-01
4.49955E-04 1.08624E-03 7.59023E-03 6.67469E-03 8.49918E-03 1.76176E-01 4.27482E-01 6.91853E-03 1.08624E-03 4.49955E-04 9.86251E-02
4.84597E-04 1.08860E-03 7.75760E-03 6.41106E-03 8.14922E-03 1.70618E-01 4.15903E-01 6.67683E-03 1.08860E-03 4.84597E-04 9.30441E-02
5.13777E-04 1.08831E-03 7.90548E-03 6.16670E-03 7.82600E-03 1.65419E-01 4.05003E-01 6.45101E-03 1.08831E-03 5.13777E-04 8.80295E-02
5.38354E-04 1.08589E-03 8.03618E-03 5.93958E-03 7.52655E-03 1.60545E-01 3.94721E-01 6.23954E-03 1.08589E-03 5.38354E-04 8.35025E-02
5.59034E-04 1.08174E-03 8.15167E-03 5.72792E-03 7.24835E-03 1.55965E-01 3.85001E-01 6.04111E-03 1.08174E-03 5.59034E-04 7.93976E-02
5.76398E-04 1.07622E-03 8.25366E-03 5.53019E-03 6.98920E-03 1.51651E-01 3.75796E-01 5.85455E-03 1.07622E-03 5.76398E-04 7.56602E-02
5.90931E-04 1.06959E-03 8.34362E-03 5.34507E-03 6.74723E-03 1.47581E-01 3.67064E-01 5.67882E-03 1.06959E-03 5.90931E-04 7.22447E-02
6.03036E-04 1.06206E-03 8.42283E-03 5.17139E-03 6.52077E-03 1.43733E-01 3.58766E-01 5.51301E-03 1.06206E-03 6.03036E-04 6.91121E-02
6.13052E-04 1.05383E-03 8.49240E-03 5.00812E-03 6.30839E-03 1.40089E-01 3.50870E-01 5.35630E-03 1.05383E-03 6.13052E-04 6.62298E-02
6.21266E-04 1.04505E-03 8.55332E-03 4.85436E-03 6.10882E-03 1.36632E-01 3.43344E-01 5.20796E-03 1.04505E-03 6.21266E-04 6.35695E-02
6.27919E-04 1.03583E-03 8.60644E-03 4.70930E-03 5.92093E-03 1.33348E-01 3.36162E-01 5.06734E-03 1.03583E-03 6.27919E-04 6.11071E-02
6.33220E-04 1.02628E-03 8.65253E-03 4.57222E-03 5.74374E-03 1.30224E-01 3.29300E-01 4.93386E-03 1.02628E-03 6.33220E-04 5.88218E-02
6.37345E-04 1.01648E-03 8.69227E-03 4.44250E-03 5.57636E-03 1.27248E-01 3.22735E-01 4.80698E-03 1.01648E-03 6.37345E-04 5.66955E-02
6.40445E-04 1.00650E-03 8.72625E-03 4.31955E-03 5.41800E-03 1.24409E-01 3.16447E-01 4.68623E-03 1.00650E-03 6.40445E-04 5.47126E-02
6.42651E-04 9.96404E-04 8.75500E-03 4.20286E-03 5.26795E-03 1.21698E-01 3.10419E-01 4.57117E-03 9.96404E-04 6.42651E-04 5.28592E-02
6.44077E-04 9.86237E-04 8.77901E-03 4.09197E-03 5.12559E-03 1.19105E-01 3.04633E-01 4.46142E-03 9.86237E-04 6.44077E-04 5.11232E-02
6.44820E-04 9.76039E-04 8.79870E-03 3.98646E-03 4.99034E-03 1.16624E-01 2.99075E-01 4.35661E-03 9.76039E-04 6.44820E-04 4.94941E-02
6.44966E-04 9.65844E-04 8.81446E-03 3.88595E-03 4.86169E-03 1.14246E-01 2.93730E-01 4.25642E-03 9.65844E-04 6.44966E-04 4.79624E-02
6.44587E-04 9.55679E-04 8.82663E-03 3.79009E-03 4.73917E-03 1.11966E-01 2.88587E-01 4.16056E-03 9.55679E-04 6.44587E-04 4.65197E-02
6.43751E-04 9.45568E-04 8.83552E-03 3.69858E-03 4.62235E-03 1.09777E-01 2.83633E-01 4.06875E-03 9.45568E-04 6.43751E-04 4.51587E-02
6.42512E-04 9.35529E-04 8.84141E-03 3.61113E-03 4.51085E-03 1.07674E-01 2.78857E-01 3.98073E-03 9.35529E-04 6.42512E-04 4.38727E-02
6.40922E-04 9.25579E-04 8.84457E-03 3.52748E-03 4.40431E-03 1.05651E-01 2.74249E-01 3.89629E-03 9.25579E-04 6.40922E-04 4.26557E-02
6.39023E-04 9.15730E-04 8.84521E-03 3.44738E-03 4.30243E-03 1.03704E-01 2.69801E-01 3.81520E-03 9.15730E-04 6.39023E-04 4.15024E-02
6.36855E-04 9.05992E-04 8.84356E-03 3.37062E-03 4.20489E-03 1.01829E-01 2.65504E-01 3.73728E-03 9.05992E-04 6.36855E-04 4.04080E-02
6.34452E-04 8.96373E-04 8.83980E-03 3.29700E-03 4.11144E-03 1.00021E-01 2.61350E-01 3.66234E-03 8.96373E-04 6.34452E-04 3.93682E-02
6.31843E-04 8.86882E-04 8.83410E-03 3.22632E-03 4.02182E-03 9.82773E-02 2.57331E-01 3.59021E-03 8.86882E-04 6.31843E-04 3.83790E-02
6.29056E-04 8.77521E-04 8.82663E-03 3.15843E-03 3.93581E-03 9.65942E-02 2.53442E-01 3.52075E-03 8.77521E-04 6.29056E-04 3.74368E-02
6.26113E-04 8.68296E-04 8.81754E-03 3.09315E-03 3.85320E-03 9.49683E-02 2.49674E-01 3.45381E-03 8.68296E-04 6.26113E-04 3.65386E-02
6.23037E-04 8.59210E-04 8.80694E-03 3.03035E-03 3.77378E-03 9.33968E-02 2.46023E-01 3.38924E-03 8.59210E-04 6.23037E-04 3.56811E-02
6.19845E-04 8.50263E-04 8.79497E-03 2.96989E-03 3.69739E-03 9.18770E-02 2.42483E-01 3.32694E-03 8.50263E-04 6.19845E-04 3.48619E-02
6.16554E-04 8.41459E-04 8.78174E-03 2.91164E-03 3.62385E-03 9.04062E-02 2.39048E-01 3.26679E-03 8.41459E-04 6.16554E-04 3.40784E-02
6.13180E-04 8.32796E-04 8.76735E-03 2.85548E-03 3.55301E-03 8.89821E-02 2.35715E-01 3.20867E-03 8.32796E-04 6.13180E-04 3.33284E-02
6.09734E-04 8.24276E-04 8.75190E-03 2.80131E-03 3.48472E-03 8.76025E-02 2.32477E-01 3.15248E-03 8.24276E-04 6.09734E-04 3.26097E-02
6.06229E-04 8.15897E-04 8.73547E-03 2.74902E-03 3.41886E-03 8.62652E-02 2.29332E-01 3.09814E-03 8.15897E-04 6.06229E-04 3.19206E-02
6.02676E-04 8.07660E-04 8.71814E-03 2.69851E-03 3.35529E-03 8.49682E-02 2.26275E-01 3.04555E-03 8.07660E-04 6.02676E-04 3.12592E-02
5.99084E-04 7.99562E-04 8.69998E-03 2.64971E-03 3.29390E-03 8.37098E-02 2.23302E-01 2.99463E-03 7.99562E-04 5.99084E-04 3.06238E-02
0.00000E+00 0.00000E+00 2.14742E-03 5.99456E-03 7.54875E-03 2.57912E-01 6.41533E-01 7.42918E-03 0.00000E+00 0.00000E+00 1.71396E-01
0.00000E+00 0.00000E+00 4.07535E-03 5.10431E-03 6.44538E-03 2.31552E-01 5.86089E-01 6.41983E-03 0.00000E+00 0.00000E+00 1.38157E-01
0.00000E+00 4.23333E-05 5.51356E-03 4.46830E-03 5.65511E-03 2.11087E-01 5.42033E-01 5.68651E-03 4.23333E-05 0.00000E+00 1.15178E-01
0.00000E+00 9.38145E-05 6.62707E-03 3.97923E-03 5.04700E-03 1.94377E-01 5.05365E-01 5.11510E-03 9.38145E-05 0.00000E+00 9.83921E-02
0.00000E+00 1.34670E-04 7.50756E-03 3.58647E-03 4.55873E-03 1.80323E-01 4.74019E-01 4.65121E-03 1.34670E-04 0.00000E+00 8.56997E-02
0.00000E+00 1.66864E-04 8.21072E-03 3.26345E-03 4.15728E-03 1.68308E-01 4.46831E-01 4.26609E-03 1.66864E-04 0.00000E+00 7.58186E-02
0.00000E+00 1.92175E-04 8.77649E-03 2.99276E-03 3.82093E-03 1.57896E-01 4.22968E-01 3.94065E-03 1.92175E-04 0.00000E+00 6.79357E-02
0.00000E+00 2.12053E-04 9.23412E-03 2.76243E-03 3.53477E-03 1.48773E-01 4.01813E-01 3.66166E-03 2.12053E-04 0.00000E+00 6.15155E-02
1.23847E-05 2.27414E-04 9.60338E-03 2.56488E-03 3.28938E-03 1.40746E-01 3.83001E-01 3.42078E-03 2.27414E-04 1.23847E-05 5.61421E-02
4.03382E-05 2.39142E-04 9.90206E-03 2.39325E-03 3.07622E-03 1.33614E-01 3.66125E-01 3.21025E-03 2.39142E-04 4.03382E-05 5.15388E-02
6.36929E-05 2.48272E-04 1.01462E-02 2.24134E-03 2.88752E-03 1.27166E-01 3.50729E-01 3.02285E-03 2.48272E-04 6.36929E-05 4.76066E-02
8.32730E-05 2.55293E-04 1.03448E-02 2.10598E-03 2.71932E-03 1.21306E-01 3.36621E-01 2.85497E-03 2.55293E-04 8.32730E-05 4.42112E-02
9.97337E-05 2.60593E-04 1.05052E-02 1.98462E-03 2.56847E-03 1.15955E-01 3.23637E-01 2.70372E-03 2.60593E-04 9.97337E-05 4.12514E-02
1.13600E-04 2.64485E-04 1.06334E-02 1.87524E-03 2.43244E-03 1.11049E-01 3.11645E-01 2.56674E-03 2.64485E-04 1.13600E-04 3.86492E-02
1.25297E-04 2.67220E-04 1.07343E-02 1.77617E-03 2.30916E-03 1.06533E-01 3.00530E-01 2.44212E-03 2.67220E-04 1.25297E-04 3.63438E-02
1.35169E-04 2.69003E-04 1.08119E-02 1.68604E-03 2.19695E-03 1.02363E-01 2.90196E-01 2.32827E-03 2.69003E-04 1.35169E-04 3.42875E-02
1.43498E-04 2.69999E-04 1.08697E-02 1.60372E-03 2.09439E-03 9.84984E-02 2.80562E-01 2.22386E-03 2.69999E-04 1.43498E-04 3.24419E-02
1.50518E-04 2.70344E-04 1.09104E-02 1.52826E-03 2.00030E-03 9.49076E-02 2.71555E-01 2.12777E-03 2.70344E-04 1.50518E-04 3.07763E-02
1.56422E-04 2.70151E-04 1.09365E-02 1.45885E-03 1.91369E-03 9.15619E-02 2.63116E-01 2.03905E-03 2.70151E-04 1.56422E-04 2.92655E-02
1.61371E-04 2.69512E-04 1.09501E-02 1.39480E-03 1.83372E-03 8.84367E-02 2.55190E-01 1.95690E-03 2.69512E-04 1.61371E-04 2.78889E-02
1.65501E-04 2.68504E-04 1.09527E-02 1.33554E-03 1.75965E-03 8.55107E-02 2.47731E-01 1.88063E-03 2.68504E-04 1.65501E-04 2.66293E-02
1.68924E-04 2.67190E-04 1.09460E-02 1.28057E-03 1.69088E-03 8.27654E-02 2.40698E-01 1.80963E-03 2.67190E-04 1.68924E-04 2.54724E-02
1.71739E-04 2.65624E-04 1.09311E-02 1.22943E-03 1.62686E-03 8.01843E-02 2.34053E-01 1.74338E-03 2.65624E-04 1.71739E-04 2.44062E-02
1.74026E-04 2.63851E-04 1.09092E-02 1.18177E-03 1.56712E-03 7.77532E-02 2.27766E-01 1.68143E-03 2.63851E-04 1.74026E-04 2.34203E-02
1.75856E-04 2.61908E-04 1.08812E-02 1.13724E-03 1.51126E-03 7.54591E-02 2.21807E-01 1.62338E-03 2.61908E-04 1.75856E-04 2.25060E-02
1.77288E-04 2.59828E-04 1.08479E-02 1.09556E-03 1.45891E-03 7.32908E-02 2.16151E-01 1.56888E-03 2.59828E-04 1.77288E-04 2.16559E-02
1.78375E-04 2.57638E-04 1.08100E-02 1.05647E-03 1.40977E-03 7.12382E-02 2.10774E-01 1.51761E-03 2.57638E-04 1.78375E-04 2.08635E-02
1.79161E-04 2.55360E-04 1.07682E-02 1.01974E-03 1.36356E-03 6.92922E-02 2.05656E-01 1.46932E-03 2.55360E-04 1.79161E-04 2.01231E-02
1.79684E-04 2.53013E-04 1.07229E-02 9.85172E-04 1.32002E-03 6.74448E-02 2.00779E-01 1.42374E-03 2.53013E-04 1.79684E-04 1.94299E-02
1.79978E-04 2.50614E-04 1.06747E-02 9.52591E-04 1.27893E-03 6.56886E-02 1.96125E-01 1.38066E-03 2.50614E-04 1.79978E-04 1.87795E-02
1.80072E-04 2.48178E-04 1.06239E-02 9.21835E-04 1.24011E-03 6.40170E-02 1.91680E-01 1.33989E-03 2.48178E-04 1.80072E-04 1.81681E-02
1.79991E-04 2.45715E-04 1.05710E-02 8.92760E-04 1.20336E-03 6.24241E-02 1.87428E-01 1.30125E-03 2.45715E-04 1.79991E-04 1.75924E-02
1.79757E-04 2.43237E-04 1.05162E-02 8.65237E-04 1.16854E-03 6.09044E-02 1.83359E-01 1.26458E-03 2.43237E-04 1.79757E-04 1.70494E-02
1.79391E-04 2.40751E-04 1.04599E-02 8.39150E-04 1.13550E-03 5.94530E-02 1.79459E-01 1.22974E-03 2.40751E-04 1.79391E-04 1.65365E-02
1.78909E-04 2.38265E-04 1.04022E-02 8.14395E-04 1.10411E-03 5.80654E-02 1.75719E-01 1.19659E-03 2.38265E-04 1.78909E-04 1.60512E-02
1.78325E-04 2.35785E-04 1.03434E-02 7.90875E-04 1.07426E-03 5.67375E-02 1.72129E-01 1.16503E-03 2.35785E-04 1.78325E-04 1.55915E-02
1.77654E-04 2.33317E-04 1.02837E-02 7.68506E-04 1.04583E-03 5.54656E-02 1.68679E-01 1.13493E-03 2.33317E-04 1.77654E-04 1.51555E-02
1.76907E-04 2.30865E-04 1.02232E-02 7.47208E-04 1.01873E-03 5.42461E-02 1.65362E-01 1.10622E-03 2.30865E-04 1.76907E-04 1.47414E-02
1.76093E-04 2.28433E-04 1.01622E-02 7.26910E-04 9.92879E-04 5.30760E-02 1.62170E-01 1.07879E-03 2.28433E-04 1.76093E-04 1.43477E-02
1.75223E-04 2.26023E-04 1.01007E-02 7.07546E-04 9.68185E-04 5.19523E-02 1.59096E-01 1.05256E-03 2.26023E-04 1.75223E-04 1.39729E-02
1.74304E-04 2.23639E-04 1.00389E-02 6.89056E-04 9.44579E-04 5.08723E-02 1.56133E-01 1.02746E-03 2.23639E-04 1.74304E-04 1.36158E-02
1.73343E-04 2.21282E-04 9.97683E-03 6.71385E-04 9.21992E-04 4.98336E-02 1.53276E-01 1.00342E-03 2.21282E-04 1.73343E-04 1.32752E-02
1.72347E-04 2.18955E-04 9.91465E-03 6.54483E-04 9.00362E-04 4.88337E-02 1.50519E-01 9.80380E-04 2.18955E-04 1.72347E-04 1.29499E-02
1.71321E-04 2.16659E-04 9.85242E-03 6.38303E-04 8.79632E-04 4.78707E-02 1.47856E-01 9.58276E-04 2.16659E-04 1.71321E-04 1.26392E-02
1.70271E-04 2.14395E-04 9.79021E-03 6.22802E-04 8.59749E-04 4.69425E-02 1.45283E-01 9.37055E-04 2.14395E-04 1.70271E-04 1.23419E-02
1.69200E-04 2.12164E-04 9.72810E-03 6.07941E-04 8.40663E-04 4.60473E-02 1.42795E-01 9.16667E-04 2.12164E-04 1.69200E-04 1.20573E-02
1.68112E-04 2.09966E-04 9.66614E-03 5.93683E-04 8.22330E-04 4.51833E-02 1.40389E-01 8.97067E-04 2.09966E-04 1.68112E-04 1.17847E-02
1.67012E-04 2.07803E-04 9.60437E-03 5.79994E-04 8.04708E-04 4.43490E-02 1.38060E-01 8.78210E-04 2.07803E-04 1.67012E-04 1.15233E-02
1.65901E-04 2.05674E-04 9.54285E-03 5.66842E-04 7.87757E-04 4.35429E-02 1.35804E-01 8.60057E-04 2.05674E-04 1.65901E-04 1.12725E-02
1.64784E-04 2.03580E-04 9.48162E-03 5.54198E-04 7.71441E-04 4.27636E-02 1.33618E-01 8.42572E-04 2.03580E-04 1.64784E-04 1.10317E-02
0.00000E+00 0.00000E+00 1.54784E-02 7.69663E-04 1.34733E-03 1.44246E-01 4.42510E-01 1.66278E-03 0.00000E+00 0.00000E+00 3.35665E-02
0.00000E+00 0.00000E+00 1.67897E-02 5.67823E-04 1.09463E-03 1.25479E-01 3.92318E-01 1.35762E-03 0.00000E+00 0.00000E+00 2.79481E-02
0.00000E+00 2.86825E-06 1.75068E-02 4.38319E-04 9.24329E-04 1.11390E-01 3.53792E-01 1.14962E-03 2.86825E-06 0.00000E+00 2.42394E-02
0.00000E+00 8.70806E-06 1.78786E-02 3.48022E-04 7.99838E-04 1.00213E-01 3.22654E-01 9.96339E-04 8.70806E-06 0.00000E+00 2.15422E-02
0.00000E+00 1.48428E-05 1.80319E-02 2.81711E-04 7.04141E-04 9.10474E-02 2.96710E-01 8.77839E-04 1.48428E-05 0.00000E+00 1.94561E-02
0.00000E+00 2.05200E-05 1.80399E-02 2.31488E-04 6.28331E-04 8.33883E-02 2.74719E-01 7.83563E-04 2.05200E-05 0.00000E+00 1.77743E-02
0.00000E+00 2.55032E-05 1.79498E-02 1.92502E-04 5.66823E-04 7.68878E-02 2.55815E-01 7.06831E-04 2.55032E-05 0.00000E+00 1.63761E-02
0.00000E+00 2.97618E-05 1.77930E-02 1.61624E-04 5.15936E-04 7.12989E-02 2.39372E-01 6.43203E-04 2.97618E-05 0.00000E+00 1.51865E-02
2.30059E-06 3.32311E-05 1.75919E-02 1.36796E-04 4.73293E-04 6.64669E-02 2.25004E-01 5.89816E-04 3.32311E-05 2.30059E-06 1.41473E-02
7.60402E-06 3.60060E-05 1.73614E-02 1.16485E-04 4.36985E-04 6.22432E-02 2.12322E-01 5.44335E-04 3.60060E-05 7.60402E-06 1.32208E-02
1.21457E-05 3.83427E-05 1.71098E-02 9.95938E-05 4.05497E-04 5.84817E-02 2.00925E-01 5.04851E-04 3.83427E-05 1.21457E-05 1.23980E-02
1.60238E-05 4.02828E-05 1.68444E-02 8.54095E-05 3.77935E-04 5.51116E-02 1.90628E-01 4.70270E-04 4.02828E-05 1.60238E-05 1.16612E-02
1.93269E-05 4.18708E-05 1.65704E-02 7.33957E-05 3.53615E-04 5.20756E-02 1.81277E-01 4.39747E-04 4.18708E-05 1.93269E-05 1.09968E-02
2.21335E-05 4.31503E-05 1.62919E-02 6.31420E-05 3.32001E-04 4.93271E-02 1.72749E-01 4.12618E-04 4.31503E-05 2.21335E-05 1.03940E-02
2.45120E-05 4.41612E-05 1.60118E-02 5.43301E-05 3.12668E-04 4.68280E-02 1.64940E-01 3.88357E-04 4.41612E-05 2.45120E-05 9.84458E-03
2.65214E-05 4.49397E-05 1.57324E-02 4.67102E-05 2.95277E-04 4.45464E-02 1.57762E-01 3.66538E-04 4.49397E-05 2.65214E-05 9.34152E-03
2.82125E-05 4.55178E-05 1.54551E-02 4.00842E-05 2.79551E-04 4.24556E-02 1.51142E-01 3.46818E-04 4.55178E-05 2.82125E-05 8.87924E-03
2.96290E-05 4.59237E-05 1.51814E-02 3.42931E-05 2.65264E-04 4.05332E-02 1.45018E-01 3.28911E-04 4.59237E-05 2.96290E-05 8.45305E-03
3.08083E-05 4.61819E-05 1.49120E-02 2.92085E-05 2.52229E-04 3.87600E-02 1.39337E-01 3.12584E-04 4.61819E-05 3.08083E-05 8.05900E-03
3.17828E-05 4.63137E-05 1.46476E-02 2.47256E-05 2.40291E-04 3.71198E-02 1.34052E-01 2.97640E-04 4.63137E-05 3.17828E-05 7.69372E-03
3.25802E-05 4.63378E-05 1.43886E-02 2.07583E-05 2.29318E-04 3.55985E-02 1.29125E-01 2.83915E-04 4.63378E-05 3.25802E-05 7.35432E-03
3.32243E-05 4.62702E-05 1.41353E-02 1.72353E-05 2.19201E-04 3.41839E-02 1.24519E-01 2.71267E-04 4.62702E-05 3.32243E-05 7.03832E-03
3.37360E-05 4.61249E-05 1.38880E-02 1.40971E-05 2.09843E-04 3.28655E-02 1.20206E-01 2.59578E-04 4.61249E-05 3.37360E-05 6.74353E-03
3.41330E-05 4.59139E-05 1.36467E-02 1.12940E-05 2.01165E-04 3.16340E-02 1.16157E-01 2.48746E-04 4.59139E-05 3.41330E-05 6.46805E-03
3.44309E-05 4.56477E-05 1.34114E-02 8.78397E-06 1.93097E-04 3.04814E-02 1.12351E-01 2.38682E-04 4.56477E-05 3.44309E-05 6.21019E-03
3.46430E-05 4.53355E-05 1.31821E-02 6.53141E-06 1.85579E-04 2.94005E-02 1.08766E-01 2.29309E-04 4.53355E-05 3.46430E-05 5.96848E-03
3.47811E-05 4.49851E-05 1.29588E-02 4.50599E-06 1.78557E-04 2.83851E-02 1.05384E-01 2.20562E-04 4.49851E-05 3.47811E-05 5.74158E-03
3.48554E-05 4.46034E-05 1.27415E-02 2.68172E-06 1.71986E-04 2.74295E-02 1.02187E-01 2.12381E-04 4.46034E-05 3.48554E-05 5.52832E-03
3.48747E-05 4.41963E-05 1.25298E-02 1.03625E-06 1.65826E-04 2.65288E-02 9.91627E-02 2.04716E-04 4.41963E-05 3.48747E-05 5.32763E-03
3.48467E-05 4.37689E-05 1.23238E-02 -4.49741E-07 1.60040E-04 2.56785E-02 9.62962E-02 1.97520E-04 4.37689E-05 3.48467E-05 5.13855E-03
3.47783E-05 4.33257E-05 1.21234E-02 -1.79301E-06 1.54598E-04 2.48746E-02 9.35762E-02 1.90754E-04 4.33257E-05 3.47783E-05 4.96022E-03
3.46753E-05 4.28706E-05 1.19283E-02 -3.00815E-06 1.49470E-04 2.41136E-02 9.09918E-02 1.84383E-04 4.28706E-05 3.46753E-05 4.79186E-03
3.45430E-05 4.24069E-05 1.17384E-02 -4.10794E-06 1.44632E-04 2.33923E-02 8.85333E-02 1.78374E-04 4.24069E-05 3.45430E-05 4.63277E-03
3.43858E-05 4.19376E-05 1.15536E-02 -5.10357E-06 1.40062E-04 2.27077E-02 8.61920E-02 1.72699E-04 4.19376E-05 3.43858E-05 4.48228E-03
3.42078E-05 4.14651E-05 1.13737E-02 -6.00493E-06 1.35738E-04 2.20571E-02 8.39597E-02 1.67333E-04 4.14651E-05 3.42078E-05 4.33982E-03
3.40125E-05 4.09915E-05 1.11985E-02 -6.82074E-06 1.31644E-04 2.14383E-02 8.18293E-02 1.62252E-04 4.09915E-05 3.40125E-05 4.20484E-03
3.38028E-05 4.05188E-05 1.10280E-02 -7.55872E-06 1.27763E-04 2.08490E-02 7.97941E-02 1.57436E-04 4.05188E-05 3.38028E-05 4.07685E-03
3.35816E-05 4.00486E-05 1.08619E-02 -8.22576E-06 1.24079E-04 2.02872E-02 7.78478E-02 1.52865E-04 4.00486E-05 3.35816E-05 3.95539E-03
3.33510E-05 3.95821E-05 1.07001E-02 -8.82800E-06 1.20579E-04 1.97511E-02 7.59851E-02 1.48524E-04 3.95821E-05 3.33510E-05 3.84003E-03
3.31133E-05 3.91206E-05 1.05425E-02 -9.37093E-06 1.17251E-04 1.92390E-02 7.42006E-02 1.44395E-04 3.91206E-05 3.31133E-05 3.73041E-03
3.28701E-05 3.86650E-05 1.03890E-02 -9.85948E-06 1.14084E-04 1.87495E-02 7.24898E-02 1.40466E-04 3.86650E-05 3.28701E-05 3.62615E-03
3.26231E-05 3.82162E-05 1.02393E-02 -1.02981E-05 1.11067E-04 1.82812E-02 7.08482E-02 1.36722E-04 3.82162E-05 3.26231E-05 3.52693E-03
3.23736E-05 3.77748E-05 1.00934E-02 -1.06907E-05 1.08191E-04 1.78326E-02 6.92718E-02 1.33153E-04 3.77748E-05 3.23736E-05 3.43244E-03
3.21228E-05 3.73414E-05 9.95120E-03 -1.10410E-05 1.05447E-04 1.74028E-02 6.77569E-02 1.29748E-04 3.73414E-05 3.21228E-05 3.34240E-03
3.18718E-05 3.69165E-05 9.81249E-03 -1.13523E-05 1.02828E-04 1.69905E-02 6.63001E-02 1.26496E-04 3.69165E-05 3.18718E-05 3.25655E-03
3.16214E-05 3.65004E-05 9.67720E-03 -1.16275E-05 1.00325E-04 1.65947E-02 6.48982E-02 1.23388E-04 3.65004E-05 3.16214E-05 3.17463E-03
3.13725E-05 3.60934E-05 9.54519E-03 -1.18693E-05 9.79324E-05 1.62146E-02 6.35481E-02 1.20416E-04 3.60934E-05 3.13725E-05 3.09643E-03
3.11256E-05 3.56958E-05 9.41638E-03 -1.20802E-05 9.56437E-05 1.58492E-02 6.22473E-02 1.17571E-04 3.56958E-05 3.11256E-05 3.02172E-03
3.08814E-05 3.53076E-05 9.29065E-03 -1.22626E-05 9.34530E-05 1.54978E-02 6.09930E-02 1.14847E-04 3.53076E-05 3.08814E-05 2.95031E-03
3.06404E-05 3.49290E-05 9.16789E-03 -1.24183E-05 9.13549E-05 1.51595E-02 5.97829E-02 1.12237E-04 3.49290E-05 3.06404E-05 2.88202E-03
0.00000E+00 0.00000E+00 3.83627E-02 -3.71250E-04 4.60404E-05 4.67295E-02 2.05279E-01 6.77426E-05 0.00000E+00 0.00000E+00 -4.45402E-04
0.00000E+00 0.00000E+00 3.48782E-02 -3.23811E-04 3.34759E-05 3.89594E-02 1.74793E-01 4.84960E-05 0.00000E+00 0.00000E+00 1.13601E-03
0.00000E+00 -6.22683E-08 3.19839E-02 -2.86491E-04 2.61042E-05 3.33702E-02 1.52359E-01 3.70608E-05 -6.22683E-08 0.00000E+00 1.91266E-03
0.00000E+00 3.82710E-07 2.95127E-02 -2.56019E-04 2.14183E-05 2.90948E-02 1.34867E-01 2.97872E-05 3.82710E-07 0.00000E+00 2.28911E-03
0.00000E+00 1.09444E-06 2.73685E-02 -2.30603E-04 1.82566E-05 2.57003E-02 1.20747E-01 2.49515E-05 1.09444E-06 0.00000E+00 2.44865E-03
0.00000E+00 1.87211E-06 2.54931E-02 -2.09158E-04 1.60270E-05 2.29447E-02 1.09114E-01 2.16484E-05 1.87211E-06 0.00000E+00 2.48879E-03
0.00000E+00 2.62266E-06 2.38405E-02 -1.90876E-04 1.43900E-05 2.06671E-02 9.93700E-02 1.93406E-05 2.62266E-06 0.00000E+00 2.46217E-03
0.00000E+00 3.30355E-06 2.23742E-02 -1.75144E-04 1.31406E-05 1.87558E-02 9.10934E-02 1.76938E-05 3.30355E-06 0.00000E+00 2.39826E-03
3.28051E-07 3.92097E-06 2.10720E-02 -1.61542E-04 1.21836E-05 1.71403E-02 8.40188E-02 1.65279E-05 3.92097E-06 3.28051E-07 2.31343E-03
1.09933E-06 4.48715E-06 1.99070E-02 -1.49654E-04 1.14483E-05 1.57573E-02 7.79003E-02 1.57105E-05 4.48715E-06 1.09933E-06 2.21717E-03
1.76692E-06 4.95943E-06 1.88486E-02 -1.39128E-04 1.08208E-05 1.45493E-02 7.25052E-02 1.50855E-05 4.95943E-06 1.76692E-06 2.11622E-03
2.33151E-06 5.33692E-06 1.78834E-02 -1.29769E-04 1.02621E-05 1.34866E-02 6.77167E-02 1.45871E-05 5.33692E-06 2.33151E-06 2.01423E-03
2.79857E-06 5.62409E-06 1.70000E-02 -1.21416E-04 9.74743E-06 1.25457E-02 6.34414E-02 1.41712E-05 5.62409E-06 2.79857E-06 1.91346E-03
3.17594E-06 5.82810E-06 1.61889E-02 -1.13933E-04 9.26103E-06 1.17077E-02 5.96042E-02 1.38078E-05 5.82810E-06 3.17594E-06 1.81532E-03
3.47246E-06 5.95736E-06 1.54420E-02 -1.07206E-04 8.79316E-06 1.09576E-02 5.61435E-02 1.34769E-05 5.95736E-06 3.47246E-06 1.72064E-03
3.69714E-06 6.02057E-06 1.47521E-02 -1.01138E-04 8.33803E-06 1.02829E-02 5.30087E-02 1.31653E-05 6.02057E-06 3.69714E-06 1.62991E-03
3.85874E-06 6.02628E-06 1.41133E-02 -9.56469E-05 7.89238E-06 9.67335E-03 5.01576E-02 1.28643E-05 6.02628E-06 3.85874E-06 1.54339E-03
3.96551E-06 5.98256E-06 1.35203E-02 -9.06622E-05 7.45463E-06 9.12051E-03 4.75552E-02 1.25685E-05 5.98256E-06 3.96551E-06 1.46117E-03
4.02504E-06 5.89689E-06 1.29686E-02 -8.61235E-05 7.02431E-06 8.61722E-03 4.51715E-02 1.22745E-05 5.89689E-06 4.02504E-06 1.38325E-03
4.04426E-06 5.77607E-06 1.24541E-02 -8.19790E-05 6.60158E-06 8.15750E-03 4.29813E-02 1.19807E-05 5.77607E-06 4.04426E-06 1.30956E-03
4.02943E-06 5.62625E-06 1.19734E-02 -7.81838E-05 6.18703E-06 7.73624E-03 4.09631E-02 1.16864E-05 5.62625E-06 4.02943E-06 1.24000E-03
3.98614E-06 5.45292E-06 1.15233E-02 -7.46987E-05 5.78142E-06 7.34908E-03 3.90982E-02 1.13915E-05 5.45292E-06 3.98614E-06 1.17442E-03
3.91937E-06 5.26094E-06 1.11012E-02 -7.14900E-05 5.38565E-06 6.99230E-03 3.73707E-02 1.10965E-05 5.26094E-06 3.91937E-06 1.11267E-03
3.83352E-06 5.05462E-06 1.07047E-02 -6.85280E-05 5.00060E-06 6.66267E-03 3.57667E-02 1.08022E-05 5.05462E-06 3.83352E-06 1.05459E-03
3.73249E-06 4.83774E-06 1.03316E-02 -6.57867E-05 4.62711E-06 6.35739E-03 3.42740E-02 1.05093E-05 4.83774E-06 3.73249E-06 1.00001E-03
3.61968E-06 4.61360E-06 9.97989E-03 -6.32434E-05 4.26594E-06 6.07402E-03 3.28819E-02 1.02188E-05 4.61360E-06 3.61968E-06 9.48774E-04
3.49810E-06 4.38507E-06 9.64797E-03 -6.08779E-05 3.91778E-06 5.81044E-03 3.15813E-02 9.93166E-06 4.38507E-06 3.49810E-06 9.00706E-04
3.37034E-06 4.15464E-06 9.33425E-03 -5.86727E-05 3.58319E-06 5.56478E-03 3.03637E-02 9.64873E-06 4.15464E-06 3.37034E-06 8.55647E-04
3.23866E-06 3.92447E-06 9.03735E-03 -5.66120E-05 3.26264E-06 5.33538E-03 2.92219E-02 9.37088E-06 3.92447E-06 3.23866E-06 8.13441E-04
3.10503E-06 3.69638E-06 8.75601E-03 -5.46819E-05 2.95652E-06 5.12079E-03 2.81494E-02 9.09888E-06 3.69638E-06 3.10503E-06 7.73937E-04
2.97113E-06 3.47196E-06 8.48910E-03 -5.28701E-05 2.66508E-06 4.91971E-03 2.71404E-02 8.83345E-06 3.47196E-06 2.97113E-06 7.36987E-04
2.83841E-06 3.25252E-06 8.23558E-03 -5.11657E-05 2.38852E-06 4.73099E-03 2.61898E-02 8.57519E-06 3.25252E-06 2.83841E-06 7.02452E-04
2.70810E-06 3.03918E-06 7.99453E-03 -4.95587E-05 2.12693E-06 4.55360E-03 2.52928E-02 8.32464E-06 3.03918E-06 2.70810E-06 6.70197E-04
2.58123E-06 2.83286E-06 7.76508E-03 -4.80406E-05 1.88034E-06 4.38662E-03 2.44454E-02 8.08225E-06 2.83286E-06 2.58123E-06 6.40094E-04
2.45869E-06 2.63433E-06 7.54646E-03 -4.66034E-05 1.64871E-06 4.22922E-03 2.36437E-02 7.84841E-06 2.63433E-06 2.45869E-06 6.12020E-04
2.34119E-06 2.44420E-06 7.33795E-03 -4.52402E-05 1.43194E-06 4.08066E-03 2.28844E-02 7.62341E-06 2.44420E-06 2.34119E-06 5.85859E-04
2.22934E-06 2.26296E-06 7.13892E-03 -4.39446E-05 1.22987E-06 3.94026E-03 2.21644E-02 7.40750E-06 2.26296E-06 2.22934E-06 5.61500E-04
2.12362E-06 2.09097E-06 6.94875E-03 -4.27110E-05 1.04231E-06 3.80742E-03 2.14808E-02 7.20084E-06 2.09097E-06 2.12362E-06 5.38837E-04
2.02440E-06 1.92851E-06 6.76690E-03 -4.15343E-05 8.69018E-07 3.68159E-03 2.08312E-02 7.00357E-06 1.92851E-06 2.02440E-06 5.17769E-04
1.93198E-06 1.77578E-06 6.59287E-03 -4.04099E-05 7.09716E-07 3.56227E-03 2.02132E-02 6.81574E-06 1.77578E-06 1.93198E-06 4.98202E-04
1.84657E-06 1.63289E-06 6.42618E-03 -3.93337E-05 5.64104E-07 3.44899E-03 1.96247E-02 6.63738E-06 1.63289E-06 1.84657E-06 4.80046E-04
1.76833E-06 1.49989E-06 6.26640E-03 -3.83020E-05 4.31856E-07 3.34135E-03 1.90637E-02 6.46847E-06 1.49989E-06 1.76833E-06 4.63215E-04
1.69734E-06 1.37677E-06 6.11314E-03 -3.73113E-05 3.12627E-07 3.23897E-03 1.85286E-02 6.30896E-06 1.37677E-06 1.69734E-06 4.47627E-04
1.63364E-06 1.26349E-06 5.96603E-03 -3.63586E-05 2.06053E-07 3.14149E-03 1.80176E-02 6.15876E-06 1.26349E-06 1.63364E-06 4.33207E-04
1.57723E-06 1.15993E-06 5.82472E-03 -3.54411E-05 1.11760E-07 3.04860E-03 1.75292E-02 6.01774E-06 1.15993E-06 1.57723E-06 4.19880E-04
1.52805E-06 1.06598E-06 5.68889E-03 -3.45563E-05 2.93643E-08 2.96001E-03 1.70621E-02 5.88579E-06 1.06598E-06 1.52805E-06 4.07579E-04
1.48603E-06 9.81473E-07 5.55825E-03 -3.37019E-05 -4.15264E-08 2.87545E-03 1.66150E-02 5.76272E-06 9.81473E-07 1.48603E-06 3.96238E-04
1.45107E-06 9.06220E-07 5.43253E-03 -3.28759E-05 -1.01308E-07 2.79467E-03 1.61868E-02 5.64836E-06 9.06220E-07 1.45107E-06 3.85796E-04
1.42304E-06 8.40015E-07 5.31147E-03 -3.20763E-05 -1.50377E-07 2.71744E-03 1.57762E-02 5.54252E-06 8.40015E-07 1.42304E-06 3.76194E-04
1.40179E-06 7.82633E-07 5.19482E-03 -3.13014E-05 -1.89135E-07 2.64355E-03 1.53824E-02 5.44498E-06 7.82633E-07 1.40179E-06 3.67376E-04
0.00000E+00 0.00000E+00 1.80963E-02 -4.75444E-05 1.19591E-05 3.67828E-03 3.45576E-02 -5.94568E-05 0.00000E+00 0.00000E+00 -3.98890E-04
0.00000E+00 0.00000E+00 1.44778E-02 -3.72709E-05 9.43908E-06 2.86558E-03 2.75614E-02 -5.22618E-05 0.00000E+00 0.00000E+00 -3.48733E-04
0.00000E+00 5.04285E-07 1.19677E-02 -2.97520E-05 8.27313E-06 2.31882E-03 2.27362E-02 -4.41852E-05 5.04285E-07 0.00000E+00 -3.10540E-04
0.00000E+00 1.63339E-06 1.01083E-02 -2.39580E-05 7.74022E-06 1.92377E-03 1.91764E-02 -3.62584E-05 1.63339E-06 0.00000E+00 -2.57217E-04
0.00000E+00 2.88660E-06 8.67424E-03 -1.94026E-05 7.48129E-06 1.62543E-03 1.64393E-02 -2.89045E-05 2.88660E-06 0.00000E+00 -1.92309E-04
0.00000E+00 4.06969E-06 7.54094E-03 -1.58085E-05 7.31272E-06 1.39390E-03 1.42813E-02 -2.23061E-05 4.06969E-06 0.00000E+00 -1.23167E-04
0.00000E+00 5.09371E-06 6.62719E-03 -1.29742E-05 7.14121E-06 1.21014E-03 1.25444E-02 -1.65011E-05 5.09371E-06 0.00000E+00 -5.63103E-05
0.00000E+00 5.92341E-06 5.87800E-03 -1.07497E-05 6.92062E-06 1.06154E-03 1.11223E-02 -1.14610E-05 5.92341E-06 0.00000E+00 3.97380E-06
3.56892E-07 6.64886E-06 5.25843E-03 -8.92740E-06 6.73438E-06 9.40222E-04 9.94752E-03 -7.05040E-06 6.64886E-06 3.56892E-07 5.47962E-05
1.13765E-06 7.28369E-06 4.73889E-03 -7.40639E-06 6.58108E-06 8.39683E-04 8.96317E-03 -3.18624E-06 7.28369E-06 1.13765E-06 9.51116E-05
1.73488E-06 7.67968E-06 4.29361E-03 -6.27146E-06 6.28882E-06 7.54296E-04 8.12015E-03 6.91292E-08 7.67968E-06 1.73488E-06 1.26085E-04
2.16377E-06 7.86648E-06 3.90888E-03 -5.45620E-06 5.87717E-06 6.81117E-04 7.39222E-03 2.78652E-06 7.86648E-06 2.16377E-06 1.48375E-04
2.44271E-06 7.87379E-06 3.57404E-03 -4.90417E-06 5.36643E-06 6.17888E-04 6.75905E-03 5.03262E-06 7.87379E-06 2.44271E-06 1.62899E-04
2.59099E-06 7.72979E-06 3.28073E-03 -4.56759E-06 4.77617E-06 5.62858E-04 6.20464E-03 6.86855E-06 7.72979E-06 2.59099E-06 1.70683E-04
2.62748E-06 7.46030E-06 3.02225E-03 -4.40608E-06 4.12445E-06 5.14647E-04 5.71628E-03 8.34929E-06 7.46030E-06 2.62748E-06 1.72767E-04
2.56989E-06 7.08851E-06 2.79325E-03 -4.38558E-06 3.42747E-06 4.72158E-04 5.28374E-03 9.52380E-06 7.08851E-06 2.56989E-06 1.70147E-04
2.43442E-06 6.63492E-06 2.58935E-03 -4.47740E-06 2.69948E-06 4.34511E-04 4.89872E-03 1.04353E-05 6.63492E-06 2.43442E-06 1.63738E-04
2.23563E-06 6.11748E-06 2.40698E-03 -4.65743E-06 1.95284E-06 4.00987E-04 4.55445E-03 1.11217E-05 6.11748E-06 2.23563E-06 1.54362E-04
1.98641E-06 5.55171E-06 2.24318E-03 -4.90541E-06 1.19808E-06 3.71003E-04 4.24529E-03 1.16163E-05 5.55171E-06 1.98641E-06 1.42739E-04
1.69807E-06 4.95098E-06 2.09549E-03 -5.20440E-06 4.44135E-07 3.44073E-04 3.96659E-03 1.19479E-05 4.95098E-06 1.69807E-06 1.29495E-04
1.38043E-06 4.32670E-06 1.96185E-03 -5.54021E-06 -3.01541E-07 3.19794E-04 3.71444E-03 1.21417E-05 4.32670E-06 1.38043E-06 1.15159E-04
1.04197E-06 3.68855E-06 1.84052E-03 -5.90104E-06 -1.03279E-06 2.97830E-04 3.48554E-03 1.22195E-05 3.68855E-06 1.04197E-06 1.00179E-04
6.89943E-07 3.04468E-06 1.73002E-03 -6.27708E-06 -1.74459E-06 2.77897E-04 3.27710E-03 1.22003E-05 3.04468E-06 6.89943E-07 8.49267E-05
3.30511E-07 2.40193E-06 1.62909E-03 -6.66023E-06 -2.43290E-06 2.59753E-04 3.08674E-03 1.21005E-05 2.40193E-06 3.30511E-07 6.97061E-05
-3.11123E-08 1.76599E-06 1.53666E-03 -7.04382E-06 -3.09454E-06 2.43192E-04 2.91240E-03 1.19341E-05 1.76599E-06 -3.11123E-08 5.47642E-05
-3.90562E-07 1.14153E-06 1.45178E-03 -7.42240E-06 -3.72707E-06 2.28038E-04 2.75234E-03 1.17134E-05 1.14153E-06 -3.90562E-07 4.02974E-05
-7.44208E-07 5.32355E-07 1.37367E-03 -7.79155E-06 -4.32865E-06 2.14139E-04 2.60502E-03 1.14490E-05 5.32355E-07 -7.44208E-07 2.64591E-05
-1.08906E-06 -5.84503E-08 1.30161E-03 -8.14774E-06 -4.89800E-06 2.01362E-04 2.46913E-03 1.11498E-05 -5.84503E-08 -1.08906E-06 1.33664E-05
-1.42270E-06 -6.28454E-07 1.23500E-03 -8.48814E-06 -5.43427E-06 1.89594E-04 2.34351E-03 1.08238E-05 -6.28454E-07 -1.42270E-06 1.10529E-06
-1.74316E-06 -1.17577E-06 1.17330E-03 -8.81059E-06 -5.93700E-06 1.78735E-04 2.22715E-03 1.04774E-05 -1.17577E-06 -1.74316E-06 -1.02638E-05
-2.04891E-06 -1.69896E-06 1.11604E-03 -9.11343E-06 -6.40605E-06 1.68696E-04 2.11915E-03 1.01166E-05 -1.69896E-06 -2.04891E-06 -2.07021E-05
-2.33877E-06 -2.19700E-06 1.06281E-03 -9.39543E-06 -6.84152E-06 1.59399E-04 2.01875E-03 9.74606E-06 -2.19700E-06 -2.33877E-06 -3.01885E-05
-2.61187E-06 -2.66921E-06 1.01323E-03 -9.65576E-06 -7.24375E-06 1.50778E-04 1.92523E-03 9.37004E-06 -2.66921E-06 -2.61187E-06 -3.87167E-05
-2.86757E-06 -3.11515E-06 9.66980E-04 -9.89387E-06 -7.61325E-06 1.42771E-04 1.83799E-03 8.99203E-06 -3.11515E-06 -2.86757E-06 -4.62921E-05
-3.10550E-06 -3.53466E-06 9.23773E-04 -1.01095E-05 -7.95068E-06 1.35324E-04 1.75648E-03 8.61502E-06 -3.53466E-06 -3.10550E-06 -5.29298E-05
-3.32543E-06 -3.92777E-06 8.83347E-04 -1.03026E-05 -8.25680E-06 1.28390E-04 1.68020E-03 8.24149E-06 -3.92777E-06 -3.32543E-06 -5.86522E-05
-3.52731E-06 -4.29465E-06 8.45470E-04 -1.04732E-05 -8.53247E-06 1.21925E-04 1.60873E-03 7.87354E-06 -4.29465E-06 -3.52731E-06 -6.34880E-05
-3.71121E-06 -4.63564E-06 8.09934E-04 -1.06217E-05 -8.77863E-06 1.15890E-04 1.54166E-03 7.51290E-06 -4.63564E-06 -3.71121E-06 -6.74703E-05
-3.87733E-06 -4.95118E-06 7.76551E-04 -1.07484E-05 -8.99624E-06 1.10252E-04 1.47864E-03 7.16098E-06 -4.95118E-06 -3.87733E-06 -7.06353E-05
-4.02594E-06 -5.24179E-06 7.45152E-04 -1.08537E-05 -9.18634E-06 1.04979E-04 1.41937E-03 6.81895E-06 -5.24179E-06 -4.02594E-06 -7.30221E-05
-4.15740E-06 -5.50808E-06 7.15585E-04 -1.09383E-05 -9.34996E-06 1.00043E-04 1.36354E-03 6.48772E-06 -5.50808E-06 -4.15740E-06 -7.46710E-05
-4.27211E-06 -5.75070E-06 6.87711E-04 -1.10028E-05 -9.48816E-06 9.54172E-05 1.31089E-03 6.16803E-06 -5.75070E-06 -4.27211E-06 -7.56233E-05
-4.37053E-06 -5.97037E-06 6.61406E-04 -1.10477E-05 -9.60199E-06 9.10797E-05 1.26120E-03 5.86041E-06 -5.97037E-06 -4.37053E-06 -7.59209E-05
-4.45316E-06 -6.16782E-06 6.36555E-04 -1.10739E-05 -9.69252E-06 8.70091E-05 1.21425E-03 5.56527E-06 -6.16782E-06 -4.45316E-06 -7.56054E-05
-4.52053E-06 -6.34381E-06 6.13054E-04 -1.10820E-05 -9.76079E-06 8.31859E-05 1.16983E-03 5.28290E-06 -6.34381E-06 -4.52053E-06 -7.47180E-05
-4.57319E-06 -6.49911E-06 5.90808E-04 -1.10727E-05 -9.80784E-06 7.95928E-05 1.12778E-03 5.01344E-06 -6.49911E-06 -4.57319E-06 -7.32993E-05
-4.61169E-06 -6.63452E-06 5.69732E-04 -1.10468E-05 -9.83468E-06 7.62135E-05 1.08793E-03 4.75698E-06 -6.63452E-06 -4.61169E-06 -7.13889E-05
-4.63660E-06 -6.75082E-06 5.49746E-04 -1.10051E-05 -9.84232E-06 7.30335E-05 1.05013E-03 4.51351E-06 -6.75082E-06 -4.63660E-06 -6.90251E-05
-4.64850E-06 -6.84879E-06 5.30777E-04 -1.09482E-05 -9.83172E-06 7.00391E-05 1.01424E-03 4.28295E-06 -6.84879E-06 -4.64850E-06 -6.62453E-05
-4.64797E-06 -6.92921E-06 5.12758E-04 -1.08769E-05 -9.80383E-06 6.72181E-05 9.80140E-04 4.06517E-06 -6.92921E-06 -4.64797E-06 -6.30852E-05
0.00000E+00 0.00000E+00 -8.78322E-05 2.93851E-05 3.03596E-05 3.03740E-05 3.52114E-05 -1.81243E-04 0.00000E+00 0.00000E+00 -1.30513E-03
0.00000E+00 0.00000E+00 -7.68192E-05 2.29955E-05 2.41657E-05 2.40211E-05 2.66042E-05 -1.14210E-04 0.00000E+00 0.00000E+00 -1.71603E-03
0.00000E+00 4.57725E-06 -6.32883E-05 2.07380E-05 2.19755E-05 2.17088E-05 2.30604E-05 -6.22007E-05 4.57725E-06 0.00000E+00 -1.67711E-03
0.00000E+00 1.08057E-05 -5.00677E-05 1.98064E-05 2.10360E-05 2.06797E-05 2.13338E-05 -2.17897E-05 1.08057E-05 0.00000E+00 -1.43312E-03
0.00000E+00 1.58987E-05 -3.81797E-05 1.90876E-05 2.02631E-05 1.98438E-05 2.01052E-05 9.48332E-06 1.58987E-05 0.00000E+00 -1.11492E-03
0.00000E+00 1.96972E-05 -2.79435E-05 1.81733E-05 1.92659E-05 1.88062E-05 1.88575E-05 3.34282E-05 1.96972E-05 0.00000E+00 -7.91101E-04
0.00000E+00 2.22777E-05 -1.93537E-05 1.69371E-05 1.79298E-05 1.74480E-05 1.74000E-05 5.15499E-05 2.22777E-05 0.00000E+00 -4.95910E-04
0.00000E+00 2.37978E-05 -1.22752E-05 1.53729E-05 1.62568E-05 1.57673E-05 1.56872E-05 6.50573E-05 2.37978E-05 0.00000E+00 -2.43912E-04
9.08486E-07 2.45654E-05 -6.42166E-06 1.36744E-05 1.44464E-05 1.39617E-05 1.38881E-05 7.49882E-05 2.45654E-05 9.08486E-07 -4.07812E-05
2.69188E-06 2.47269E-05 -1.61874E-06 1.18749E-05 1.25360E-05 1.20656E-05 1.20195E-05 8.21168E-05 2.47269E-05 2.69188E-06 1.15282E-04
3.80337E-06 2.42022E-05 2.12309E-06 9.78250E-06 1.03344E-05 9.88491E-06 9.87915E-06 8.68933E-05 2.42022E-05 3.80337E-06 2.32041E-04
4.36745E-06 2.31424E-05 4.97592E-06 7.48578E-06 7.93176E-06 7.50825E-06 7.54925E-06 8.97881E-05 2.31424E-05 4.36745E-06 3.14727E-04
4.49309E-06 2.16747E-05 7.09023E-06 5.06021E-06 5.40460E-06 5.01090E-06 5.10068E-06 9.11831E-05 2.16747E-05 4.49309E-06 3.68732E-04
4.27353E-06 1.99053E-05 8.59552E-06 2.56828E-06 2.81610E-06 2.45499E-06 2.59277E-06 9.13886E-05 1.99053E-05 4.27353E-06 3.99173E-04
3.78738E-06 1.79213E-05 9.60202E-06 6.06573E-08 2.17317E-07 -1.09247E-07 7.39860E-08 9.06564E-05 1.79213E-05 3.78738E-06 4.10667E-04
3.10020E-06 1.57938E-05 1.02029E-05 -2.42235E-06 -2.35123E-06 -2.64198E-06 -2.41693E-06 8.91911E-05 1.57938E-05 3.10020E-06 4.07256E-04
2.26617E-06 1.35801E-05 1.04765E-05 -4.84926E-06 -4.85799E-06 -5.11224E-06 -4.84960E-06 8.71589E-05 1.35801E-05 2.26617E-06 3.92398E-04
1.32973E-06 1.13265E-05 1.04883E-05 -7.19599E-06 -7.27895E-06 -7.49643E-06 -7.20072E-06 8.46949E-05 1.13265E-05 1.32973E-06 3.68998E-04
3.27095E-07 9.06930E-06 1.02930E-05 -9.44461E-06 -9.59626E-06 -9.77709E-06 -9.45289E-06 8.19087E-05 9.06930E-06 3.27095E-07 3.39469E-04
-7.12489E-07 6.83745E-06 9.93615E-06 -1.15822E-05 -1.17972E-05 -1.19418E-05 -1.15936E-05 7.88893E-05 6.83745E-06 -7.12489E-07 3.05783E-04
-1.76555E-06 4.65327E-06 9.45547E-06 -1.35999E-05 -1.38731E-05 -1.39821E-05 -1.36142E-05 7.57090E-05 4.65327E-06 -1.76555E-06 2.69538E-04
-2.81345E-06 2.53384E-06 8.88217E-06 -1.54922E-05 -1.58187E-05 -1.58929E-05 -1.55094E-05 7.24261E-05 2.53384E-06 -2.81345E-06 2.32013E-04
-3.84154E-06 4.91960E-07 8.24199E-06 -1.72562E-05 -1.76312E-05 -1.76716E-05 -1.72765E-05 6.90878E-05 4.91960E-07 -3.84154E-06 1.94217E-04
-4.83847E-06 -1.46308E-06 7.55605E-06 -1.88912E-05 -1.93103E-05 -1.93179E-05 -1.89145E-05 6.57317E-05 -1.46308E-06 -4.83847E-06 1.56936E-04
-5.79561E-06 -3.32481E-06 6.84167E-06 -2.03978E-05 -2.08568E-05 -2.08328E-05 -2.04246E-05 6.23883E-05 -3.32481E-06 -5.79561E-06 1.20771E-04
-6.70656E-06 -5.08909E-06 6.11293E-06 -2.17783E-05 -2.22731E-05 -2.22187E-05 -2.18087E-05 5.90815E-05 -5.08909E-06 -6.70656E-06 8.61703E-05
-7.56674E-06 -6.75357E-06 5.38121E-06 -2.30356E-05 -2.35626E-05 -2.34791E-05 -2.30699E-05 5.58302E-05 -6.75357E-06 -7.56674E-06 5.34587E-05
-8.37306E-06 -8.31741E-06 4.65568E-06 -2.41737E-05 -2.47293E-05 -2.46178E-05 -2.42120E-05 5.26492E-05 -8.31741E-06 -8.37306E-06 2.28607E-05
-9.12363E-06 -9.78091E-06 3.94362E-06 -2.51968E-05 -2.57777E-05 -2.56395E-05 -2.52394E-05 4.95495E-05 -9.78091E-06 -9.12363E-06 -5.47994E-06
-9.81750E-06 -1.11453E-05 3.25077E-06 -2.61095E-05 -2.67126E-05 -2.65491E-05 -2.61565E-05 4.65397E-05 -1.11453E-05 -9.81750E-06 -3.14841E-05
-1.04545E-05 -1.24125E-05 2.58155E-06 -2.69168E-05 -2.75392E-05 -2.73516E-05 -2.69685E-05 4.36259E-05 -1.24125E-05 -1.04545E-05 -5.51235E-05
-1.10352E-05 -1.35850E-05 1.93934E-06 -2.76238E-05 -2.82627E-05 -2.80523E-05 -2.76802E-05 4.08121E-05 -1.35850E-05 -1.10352E-05 -7.64100E-05
-1.15605E-05 -1.46657E-05 1.32660E-06 -2.82355E-05 -2.88883E-05 -2.86564E-05 -2.82968E-05 3.81011E-05 -1.46657E-05 -1.15605E-05 -9.53860E-05
-1.20316E-05 -1.56578E-05 7.45072E-07 -2.87570E-05 -2.94214E-05 -2.91691E-05 -2.88232E-05 3.54942E-05 -1.56578E-05 -1.20316E-05 -1.12117E-04
-1.24503E-05 -1.65646E-05 1.95896E-07 -2.91932E-05 -2.98671E-05 -2.95956E-05 -2.92645E-05 3.29918E-05 -1.65646E-05 -1.24503E-05 -1.26688E-04
-1.28183E-05 -1.73896E-05 -3.20291E-07 -2.95493E-05 -3.02305E-05 -2.99408E-05 -2.96256E-05 3.05933E-05 -1.73896E-05 -1.28183E-05 -1.39192E-04
-1.31376E-05 -1.81364E-05 -8.03254E-07 -2.98298E-05 -3.05164E-05 -3.02098E-05 -2.99112E-05 2.82977E-05 -1.81364E-05 -1.31376E-05 -1.49735E-04
-1.34103E-05 -1.88087E-05 -1.25309E-06 -3.00394E-05 -3.07296E-05 -3.04072E-05 -3.01259E-05 2.61033E-05 -1.88087E-05 -1.34103E-05 -1.58425E-04
-1.36384E-05 -1.94099E-05 -1.67014E-06 -3.01827E-05 -3.08748E-05 -3.05375E-05 -3.02742E-05 2.40081E-05 -1.94099E-05 -1.36384E-05 -1.65375E-04
-1.38243E-05 -1.99437E-05 -2.05499E-06 -3.02638E-05 -3.09563E-05 -3.06052E-05 -3.03604E-05 2.20096E-05 -1.99437E-05 -1.38243E-05 -1.70698E-04
-1.39699E-05 -2.04136E-05 -2.40837E-06 -3.02869E-05 -3.09783E-05 -3.06143E-05 -3.03884E-05 2.01053E-05 -2.04136E-05 -1.39699E-05 -1.74507E-04
-1.40776E-05 -2.08228E-05 -2.73113E-06 -3.02559E-05 -3.09448E-05 -3.05690E-05 -3.03623E-05 1.82924E-05 -2.08228E-05 -1.40776E-05 -1.76910E-04
-1.41494E-05 -2.11748E-05 -3.02425E-06 -3.01745E-05 -3.08597E-05 -3.04729E-05 -3.02857E-05 1.65679E-05 -2.11748E-05 -1.41494E-05 -1.78016E-04
-1.41874E-05 -2.14726E-05 -3.28874E-06 -3.00462E-05 -3.07266E-05 -3.03297E-05 -3.01622E-05 1.49289E-05 -2.14726E-05 -1.41874E-05 -1.77929E-04
-1.41935E-05 -2.17195E-05 -3.52568E-06 -2.98745E-05 -3.05490E-05 -3.01427E-05 -2.99950E-05 1.33724E-05 -2.17195E-05 -1.41935E-05 -1.76747E-04
-1.41699E-05 -2.19182E-05 -3.73620E-06 -2.96625E-05 -3.03301E-05 -2.99153E-05 -2.97875E-05 1.18954E-05 -2.19182E-05 -1.41699E-05 -1.74567E-04
-1.41182E-05 -2.20718E-05 -3.92143E-06 -2.94132E-05 -3.00730E-05 -2.96504E-05 -2.95426E-05 1.04947E-05 -2.20718E-05 -1.41182E-05 -1.71480E-04
-1.40405E-05 -2.21828E-05 -4.08250E-06 -2.91294E-05 -2.97806E-05 -2.93511E-05 -2.92631E-05 9.16747E-06 -2.21828E-05 -1.40405E-05 -1.67570E-04
-1.39384E-05 -2.22539E-05 -4.22055E-06 -2.88139E-05 -2.94556E-05 -2.90198E-05 -2.89518E-05 7.91071E-06 -2.22539E-05 -1.39384E-05 -1.62921E-04
-1.38136E-05 -2.22876E-05 -4.33669E-06 -2.84693E-05 -2.91008E-05 -2.86594E-05 -2.86111E-05 6.72154E-06 -2.22876E-05 -1.38136E-05 -1.57608E-04
---
