PdfType: replica
Format: lhagrid1
---
1.00000E-07 1.58489E-07 2.51189E-07 3.98107E-07 6.30957E-07 1.00000E-06 1.58489E-06 2.51189E-06 3.98107E-06 6.30957E-06 1.00000E-05 1.58489E-05 2.51189E-05 3.98107E-05 6.30957E-05 1.00000E-04 1.58489E-04 2.51189E-04 3.98107E-04 6.30957E-04 1.00000E-03 1.58489E-03 2.51189E-03 3.98107E-03 6.30957E-03 1.00000E-02 1.25893E-02 1.58489E-02 1.99526E-02 2.51189E-02 3.16228E-02 3.98107E-02 5.01187E-02 6.30957E-02 7.94328E-02 1.00000E-01 1.25900E-01 1.58500E-01 1.99500E-01 2.51200E-01 3.16200E-01 3.98100E-01 5.01200E-01 6.31000E-01 7.94300E-01 1.00000E+00
1.00000E+00 1.20679E+00 1.45635E+00 1.75751E+00 2.12095E+00 2.55955E+00 3.08884E+00 3.72759E+00 4.49843E+00 5.42868E+00 6.55129E+00 7.90604E+00 9.54095E+00 1.15140E+01 1.38950E+01 1.67683E+01 2.02359E+01 2.44205E+01 2.94705E+01 3.55648E+01 4.29193E+01 5.17947E+01 6.25055E+01 7.54312E+01 9.10298E+01 1.09854E+02 1.32571E+02 1.59986E+02 1.93070E+02 2.32995E+02 2.81177E+02 3.39322E+02 4.09492E+02 4.94171E+02 5.96362E+02 7.19686E+02 8.68511E+02 1.04811E+03 1.26486E+03 1.52642E+03 1.84207E+03 2.22300E+03 2.68270E+03 3.23746E+03 3.90694E+03 4.71487E+03 5.68987E+03 6.86649E+03 8.28643E+03 1.00000E+04
-5 -4 -3 -2 -1 1 2 3 4 5 21
0.00000E+00 0.00000E+00 4.55928E+00 2.18296E+00 2.17969E+00 2.17952E+00 2.18200E+00 4.55935E+00 0.00000E+00 0.00000E+00 -4.41912E+00
0.00000E+00 0.00000E+00 4.48537E+00 2.18888E+00 2.18559E+00 2.18547E+00 2.18813E+00 4.48544E+00 0.00000E+00 0.00000E+00 -1.12396E+00
0.00000E+00 1.19409E-01 4.54105E+00 2.30945E+00 2.30613E+00 2.30604E+00 2.30886E+00 4.54111E+00 1.19409E-01 0.00000E+00 3.37894E+00
0.00000E+00 3.84313E-01 4.71850E+00 2.54213E+00 2.53878E+00 2.53872E+00 2.54165E+00 4.71855E+00 3.84313E-01 0.00000E+00 9.49254E+00
0.00000E+00 7.55800E-01 5.01342E+00 2.88529E+00 2.88192E+00 2.88188E+00 2.88492E+00 5.01347E+00 7.55800E-01 0.00000E+00 1.76986E+01
0.00000E+00 1.23134E+00 5.42098E+00 3.33560E+00 3.33221E+00 3.33219E+00 3.33532E+00 5.42102E+00 1.23134E+00 0.00000E+00 2.83435E+01
0.00000E+00 1.80806E+00 5.93665E+00 3.88959E+00 3.88618E+00 3.88618E+00 3.88938E+00 5.93669E+00 1.80806E+00 0.00000E+00 4.17062E+01
0.00000E+00 2.48311E+00 6.55635E+00 4.54397E+00 4.54054E+00 4.54055E+00 4.54382E+00 6.55638E+00 2.48311E+00 0.00000E+00 5.80026E+01
2.71298E-01 3.20312E+00 7.22604E+00 5.24514E+00 5.24169E+00 5.24171E+00 5.24505E+00 7.22607E+00 3.20312E+00 2.71298E-01 7.75186E+01
1.03572E+00 3.94385E+00 7.92062E+00 5.96854E+00 5.96508E+00 5.96511E+00 5.96850E+00 7.92066E+00 3.94385E+00 1.03572E+00 1.00339E+02
1.89959E+00 4.78558E+00 8.71939E+00 6.79411E+00 6.79063E+00 6.79067E+00 6.79411E+00 8.71942E+00 4.78558E+00 1.89959E+00 1.26308E+02
2.86154E+00 5.72678E+00 9.62041E+00 7.72014E+00 7.71665E+00 7.71670E+00 7.72019E+00 9.62044E+00 5.72678E+00 2.86154E+00 1.55485E+02
3.92013E+00 6.76585E+00 1.06218E+01 8.74495E+00 8.74145E+00 8.74150E+00 8.74503E+00 1.06218E+01 6.76585E+00 3.92013E+00 1.87906E+02
5.07388E+00 7.90117E+00 1.17216E+01 9.86682E+00 9.86330E+00 9.86336E+00 9.86694E+00 1.17216E+01 7.90117E+00 5.07388E+00 2.23589E+02
6.32129E+00 9.13113E+00 1.29180E+01 1.10840E+01 1.10805E+01 1.10806E+01 1.10842E+01 1.29180E+01 9.13113E+00 6.32129E+00 2.62534E+02
7.66083E+00 1.04541E+01 1.42092E+01 1.23949E+01 1.23914E+01 1.23915E+01 1.23951E+01 1.42092E+01 1.04541E+01 7.66083E+00 3.04728E+02
9.09097E+00 1.18685E+01 1.55934E+01 1.37978E+01 1.37943E+01 1.37944E+01 1.37980E+01 1.55935E+01 1.18685E+01 9.09097E+00 3.50147E+02
1.06102E+01 1.33727E+01 1.70689E+01 1.52911E+01 1.52875E+01 1.52876E+01 1.52913E+01 1.70690E+01 1.33727E+01 1.06102E+01 3.98756E+02
1.22170E+01 1.49651E+01 1.86340E+01 1.68730E+01 1.68695E+01 1.68695E+01 1.68733E+01 1.86340E+01 1.49651E+01 1.22170E+01 4.50515E+02
1.39098E+01 1.66442E+01 2.02869E+01 1.85421E+01 1.85385E+01 1.85386E+01 1.85424E+01 2.02870E+01 1.66442E+01 1.39098E+01 5.05375E+02
1.56871E+01 1.84083E+01 2.20261E+01 2.02966E+01 2.02931E+01 2.02931E+01 2.02969E+01 2.20261E+01 1.84083E+01 1.56871E+01 5.63284E+02
1.75474E+01 2.02560E+01 2.38498E+01 2.21351E+01 2.21315E+01 2.21316E+01 2.21355E+01 2.38499E+01 2.02560E+01 1.75474E+01 6.24185E+02
1.94893E+01 2.21857E+01 2.57566E+01 2.40560E+01 2.40524E+01 2.40525E+01 2.40564E+01 2.57566E+01 2.21857E+01 1.94893E+01 6.88018E+02
2.15113E+01 2.41960E+01 2.77447E+01 2.60578E+01 2.60541E+01 2.60542E+01 2.60581E+01 2.77448E+01 2.41960E+01 2.15113E+01 7.54721E+02
2.36119E+01 2.62853E+01 2.98127E+01 2.81388E+01 2.81352E+01 2.81353E+01 2.81392E+01 2.98128E+01 2.62853E+01 2.36119E+01 8.24230E+02
2.57896E+01 2.84521E+01 3.19591E+01 3.02978E+01 3.02941E+01 3.02942E+01 3.02982E+01 3.19591E+01 2.84521E+01 2.57896E+01 8.96481E+02
2.80431E+01 3.06951E+01 3.41823E+01 3.25331E+01 3.25294E+01 3.25295E+01 3.25335E+01 3.41823E+01 3.06951E+01 2.80431E+01 9.71408E+02
3.03710E+01 3.30128E+01 3.64809E+01 3.48433E+01 3.48397E+01 3.48398E+01 3.48438E+01 3.64809E+01 3.30128E+01 3.03710E+01 1.04894E+03
3.27718E+01 3.54037E+01 3.88533E+01 3.72271E+01 3.72235E+01 3.72236E+01 3.72276E+01 3.88534E+01 3.54037E+01 3.27718E+01 1.12903E+03
3.52442E+01 3.78666E+01 4.12983E+01 3.96830E+01 3.96794E+01 3.96795E+01 3.96835E+01 4.12983E+01 3.78666E+01 3.52442E+01 1.21159E+03
3.77868E+01 4.03999E+01 4.38144E+01 4.22097E+01 4.22060E+01 4.22061E+01 4.22101E+01 4.38144E+01 4.03999E+01 3.77868E+01 1.29656E+03
4.03984E+01 4.30025E+01 4.64001E+01 4.48057E+01 4.48020E+01 4.48021E+01 4.48062E+01 4.64002E+01 4.30025E+01 4.03984E+01 1.38389E+03
4.30775E+01 4.56729E+01 4.90543E+01 4.74697E+01 4.74661E+01 4.74662E+01 4.74702E+01 4.90543E+01 4.56729E+01 4.30775E+01 1.47350E+03
4.58230E+01 4.84099E+01 5.17754E+01 5.02005E+01 5.01968E+01 5.01970E+01 5.02010E+01 5.17755E+01 4.84099E+01 4.58230E+01 1.56534E+03
4.86335E+01 5.12121E+01 5.45623E+01 5.29968E+01 5.29931E+01 5.29932E+01 5.29973E+01 5.45624E+01 5.12121E+01 4.86335E+01 1.65934E+03
5.15078E+01 5.40784E+01 5.74137E+01 5.58572E+01 5.58535E+01 5.58536E+01 5.58577E+01 5.74137E+01 5.40784E+01 5.15078E+01 1.75544E+03
5.44447E+01 5.70074E+01 6.03282E+01 5.87806E+01 5.87769E+01 5.87770E+01 5.87811E+01 6.03282E+01 5.70074E+01 5.44447E+01 1.85359E+03
5.74430E+01 5.99980E+01 6.33047E+01 6.17656E+01 6.17619E+01 6.17621E+01 6.17662E+01 6.33047E+01 5.99980E+01 5.74430E+01 1.95373E+03
6.05014E+01 6.30490E+01 6.63419E+01 6.48112E+01 6.48075E+01 6.48076E+01 6.48118E+01 6.63419E+01 6.30490E+01 6.05014E+01 2.05579E+03
6.36189E+01 6.61592E+01 6.94387E+01 6.79161E+01 6.79124E+01 6.79126E+01 6.79167E+01 6.94387E+01 6.61592E+01 6.36189E+01 2.15973E+03
6.67943E+01 6.93274E+01 7.25938E+01 7.10792E+01 7.10755E+01 7.10756E+01 7.10798E+01 7.25938E+01 6.93274E+01 6.67943E+01 2.26550E+03
7.00264E+01 7.25526E+01 7.58062E+01 7.42994E+01 7.42956E+01 7.42958E+01 7.43000E+01 7.58062E+01 7.25526E+01 7.00264E+01 2.37303E+03
7.33141E+01 7.58336E+01 7.90747E+01 7.75754E+01 7.75717E+01 7.75718E+01 7.75761E+01 7.90747E+01 7.58336E+01 7.33141E+01 2.48228E+03
7.66565E+01 7.91693E+01 8.23982E+01 8.09063E+01 8.09026E+01 8.09028E+01 8.09070E+01 8.23983E+01 7.91693E+01 7.66565E+01 2.59320E+03
8.00523E+01 8.25587E+01 8.57757E+01 8.42910E+01 8.42873E+01 8.42874E+01 8.42917E+01 8.57757E+01 8.25587E+01 8.00523E+01 2.70573E+03
8.35007E+01 8.60007E+01 8.92061E+01 8.77284E+01 8.77247E+01 8.77248E+01 8.77291E+01 8.92061E+01 8.60007E+01 8.35007E+01 2.81985E+03
8.70005E+01 8.94943E+01 9.26883E+01 9.12175E+01 9.12138E+01 9.12139E+01 9.12182E+01 9.26883E+01 8.94943E+01 8.70005E+01 2.93548E+03
9.05508E+01 9.30384E+01 9.62213E+01 9.47573E+01 9.47535E+01 9.47537E+01 9.47580E+01 9.62213E+01 9.30384E+01 9.05508E+01 3.05260E+03
9.41505E+01 9.66322E+01 9.98042E+01 9.83468E+01 9.83430E+01 9.83431E+01 9.83474E+01 9.98042E+01 9.66322E+01 9.41505E+01 3.17116E+03
9.77988E+01 1.00275E+02 1.03436E+02 1.01985E+02 1.01981E+02 1.01981E+02 1.01986E+02 1.03436E+02 1.00275E+02 9.77988E+01 3.29111E+03
0.00000E+00 0.00000E+00 3.90458E+00 1.95861E+00 1.95518E+00 1.95538E+00 1.95912E+00 3.90459E+00 0.00000E+00 0.00000E+00 -3.97518E+00
0.00000E+00 0.00000E+00 3.84489E+00 1.96555E+00 1.96209E+00 1.96229E+00 1.96608E+00 3.84490E+00 0.00000E+00 0.00000E+00 -1.01847E+00
0.00000E+00 1.10503E-01 3.90350E+00 2.07832E+00 2.07482E+00 2.07501E+00 2.07887E+00 3.90351E+00 1.10503E-01 0.00000E+00 3.07627E+00
0.00000E+00 3.53930E-01 4.07191E+00 2.29281E+00 2.28929E+00 2.28946E+00 2.29336E+00 4.07192E+00 3.53930E-01 0.00000E+00 8.66987E+00
0.00000E+00 6.92824E-01 4.34513E+00 2.60627E+00 2.60273E+00 2.60290E+00 2.60684E+00 4.34513E+00 6.92824E-01 0.00000E+00 1.61867E+01
0.00000E+00 1.12392E+00 4.71791E+00 3.01471E+00 3.01115E+00 3.01131E+00 3.01529E+00 4.71791E+00 1.12392E+00 0.00000E+00 2.59185E+01
0.00000E+00 1.64388E+00 5.18550E+00 3.51426E+00 3.51068E+00 3.51084E+00 3.51486E+00 5.18551E+00 1.64388E+00 0.00000E+00 3.80918E+01
0.00000E+00 2.24957E+00 5.74371E+00 4.10140E+00 4.09779E+00 4.09795E+00 4.10200E+00 5.74372E+00 2.24957E+00 0.00000E+00 5.28738E+01
2.44366E-01 2.89504E+00 6.34602E+00 4.72995E+00 4.72633E+00 4.72649E+00 4.73056E+00 6.34602E+00 2.89504E+00 2.44366E-01 7.04589E+01
9.30480E-01 3.55971E+00 6.97111E+00 5.37906E+00 5.37543E+00 5.37558E+00 5.37968E+00 6.97111E+00 3.55971E+00 9.30480E-01 9.08696E+01
1.70229E+00 4.31149E+00 7.68603E+00 6.11632E+00 6.11267E+00 6.11283E+00 6.11695E+00 7.68603E+00 4.31149E+00 1.70229E+00 1.13996E+02
2.55815E+00 5.14857E+00 8.48865E+00 6.93979E+00 6.93613E+00 6.93628E+00 6.94043E+00 8.48865E+00 5.14857E+00 2.55815E+00 1.39871E+02
3.49641E+00 6.06916E+00 9.37688E+00 7.84757E+00 7.84390E+00 7.84405E+00 7.84822E+00 9.37688E+00 6.06916E+00 3.49641E+00 1.68509E+02
4.51540E+00 7.07147E+00 1.03487E+01 8.83780E+00 8.83411E+00 8.83426E+00 8.83845E+00 1.03487E+01 7.07147E+00 4.51540E+00 1.99909E+02
5.61350E+00 8.15377E+00 1.14023E+01 9.90867E+00 9.90497E+00 9.90512E+00 9.90933E+00 1.14023E+01 8.15377E+00 5.61350E+00 2.34054E+02
6.78909E+00 9.31436E+00 1.25356E+01 1.10584E+01 1.10547E+01 1.10549E+01 1.10591E+01 1.25356E+01 9.31436E+00 6.78909E+00 2.70921E+02
8.04057E+00 1.05516E+01 1.37470E+01 1.22853E+01 1.22816E+01 1.22817E+01 1.22860E+01 1.37470E+01 1.05516E+01 8.04057E+00 3.10473E+02
9.36639E+00 1.18638E+01 1.50346E+01 1.35877E+01 1.35840E+01 1.35841E+01 1.35884E+01 1.50346E+01 1.18638E+01 9.36639E+00 3.52670E+02
1.07650E+01 1.32494E+01 1.63967E+01 1.49639E+01 1.49602E+01 1.49603E+01 1.49646E+01 1.63967E+01 1.32494E+01 1.07650E+01 3.97465E+02
1.22349E+01 1.47069E+01 1.78318E+01 1.64124E+01 1.64087E+01 1.64088E+01 1.64131E+01 1.78318E+01 1.47069E+01 1.22349E+01 4.44805E+02
1.37746E+01 1.62346E+01 1.93381E+01 1.79316E+01 1.79278E+01 1.79280E+01 1.79323E+01 1.93381E+01 1.62346E+01 1.37746E+01 4.94637E+02
1.53826E+01 1.78312E+01 2.09141E+01 1.95199E+01 1.95161E+01 1.95163E+01 1.95206E+01 2.09141E+01 1.78312E+01 1.53826E+01 5.46903E+02
1.70576E+01 1.94951E+01 2.25583E+01 2.11759E+01 2.11721E+01 2.11722E+01 2.11766E+01 2.25583E+01 1.94951E+01 1.70576E+01 6.01545E+02
1.87980E+01 2.12250E+01 2.42692E+01 2.28980E+01 2.28942E+01 2.28944E+01 2.28988E+01 2.42692E+01 2.12250E+01 1.87980E+01 6.58502E+02
2.06025E+01 2.30193E+01 2.60453E+01 2.46850E+01 2.46812E+01 2.46813E+01 2.46857E+01 2.60453E+01 2.30193E+01 2.06025E+01 7.17713E+02
2.24698E+01 2.48767E+01 2.78851E+01 2.65353E+01 2.65315E+01 2.65316E+01 2.65360E+01 2.78851E+01 2.48767E+01 2.24698E+01 7.79117E+02
2.43985E+01 2.67958E+01 2.97873E+01 2.84475E+01 2.84437E+01 2.84439E+01 2.84483E+01 2.97873E+01 2.67958E+01 2.43985E+01 8.42654E+02
2.63873E+01 2.87754E+01 3.17505E+01 3.04205E+01 3.04167E+01 3.04168E+01 3.04213E+01 3.17505E+01 2.87754E+01 2.63873E+01 9.08263E+02
2.84349E+01 3.08141E+01 3.37733E+01 3.24528E+01 3.24489E+01 3.24491E+01 3.24535E+01 3.37733E+01 3.08141E+01 2.84349E+01 9.75884E+02
3.05401E+01 3.29107E+01 3.58546E+01 3.45431E+01 3.45392E+01 3.45394E+01 3.45439E+01 3.58546E+01 3.29107E+01 3.05401E+01 1.04546E+03
3.27017E+01 3.50638E+01 3.79929E+01 3.66902E+01 3.66863E+01 3.66865E+01 3.66910E+01 3.79929E+01 3.50638E+01 3.27017E+01 1.11693E+03
3.49183E+01 3.72723E+01 4.01870E+01 3.88928E+01 3.88890E+01 3.88891E+01 3.88936E+01 4.01870E+01 3.72723E+01 3.49183E+01 1.19023E+03
3.71889E+01 3.95350E+01 4.24357E+01 4.11498E+01 4.11460E+01 4.11461E+01 4.11506E+01 4.24357E+01 3.95350E+01 3.71889E+01 1.26532E+03
3.95123E+01 4.18507E+01 4.47378E+01 4.34600E+01 4.34561E+01 4.34562E+01 4.34608E+01 4.47378E+01 4.18507E+01 3.95123E+01 1.34214E+03
4.18874E+01 4.42182E+01 4.70922E+01 4.58221E+01 4.58182E+01 4.58184E+01 4.58229E+01 4.70922E+01 4.42182E+01 4.18874E+01 1.42063E+03
4.43129E+01 4.66365E+01 4.94977E+01 4.82351E+01 4.82313E+01 4.82314E+01 4.82360E+01 4.94977E+01 4.66365E+01 4.43129E+01 1.50074E+03
4.67879E+01 4.91044E+01 5.19531E+01 5.06979E+01 5.06940E+01 5.06942E+01 5.06988E+01 5.19531E+01 4.91044E+01 4.67879E+01 1.58242E+03
4.93113E+01 5.16209E+01 5.44574E+01 5.32094E+01 5.32055E+01 5.32057E+01 5.32102E+01 5.44574E+01 5.16209E+01 4.93113E+01 1.66562E+03
5.18820E+01 5.41848E+01 5.70096E+01 5.57685E+01 5.57646E+01 5.57648E+01 5.57693E+01 5.70096E+01 5.41848E+01 5.18820E+01 1.75029E+03
5.44990E+01 5.67952E+01 5.96085E+01 5.83742E+01 5.83703E+01 5.83704E+01 5.83750E+01 5.96085E+01 5.67952E+01 5.44990E+01 1.83638E+03
5.71613E+01 5.94511E+01 6.22531E+01 6.10254E+01 6.10215E+01 6.10217E+01 6.10263E+01 6.22531E+01 5.94511E+01 5.71613E+01 1.92386E+03
5.98679E+01 6.21514E+01 6.49425E+01 6.37213E+01 6.37174E+01 6.37175E+01 6.37221E+01 6.49425E+01 6.21514E+01 5.98679E+01 2.01267E+03
6.26179E+01 6.48953E+01 6.76757E+01 6.64607E+01 6.64568E+01 6.64570E+01 6.64616E+01 6.76757E+01 6.48953E+01 6.26179E+01 2.10277E+03
6.54104E+01 6.76817E+01 7.04516E+01 6.92428E+01 6.92389E+01 6.92391E+01 6.92437E+01 7.04516E+01 6.76817E+01 6.54104E+01 2.19413E+03
6.82443E+01 7.05098E+01 7.32695E+01 7.20667E+01 7.20628E+01 7.20629E+01 7.20676E+01 7.32695E+01 7.05098E+01 6.82443E+01 2.28669E+03
7.11189E+01 7.33786E+01 7.61283E+01 7.49314E+01 7.49274E+01 7.49276E+01 7.49323E+01 7.61283E+01 7.33786E+01 7.11189E+01 2.38042E+03
7.40332E+01 7.62873E+01 7.90273E+01 7.78360E+01 7.78321E+01 7.78323E+01 7.78369E+01 7.90273E+01 7.62873E+01 7.40332E+01 2.47528E+03
7.69864E+01 7.92350E+01 8.19654E+01 8.07797E+01 8.07758E+01 8.07760E+01 8.07807E+01 8.19654E+01 7.92350E+01 7.69864E+01 2.57124E+03
7.99777E+01 8.22208E+01 8.49419E+01 8.37617E+01 8.37578E+01 8.37579E+01 8.37626E+01 8.49419E+01 8.22208E+01 7.99777E+01 2.66826E+03
8.30061E+01 8.52440E+01 8.79559E+01 8.67811E+01 8.67771E+01 8.67773E+01 8.67820E+01 8.79559E+01 8.52440E+01 8.30061E+01 2.76630E+03
0.00000E+00 0.00000E+00 3.34276E+00 1.75668E+00 1.75308E+00 1.75320E+00 1.75724E+00 3.34275E+00 0.00000E+00 0.00000E+00 -3.58799E+00
0.00000E+00 0.00000E+00 3.29552E+00 1.76495E+00 1.76131E+00 1.76142E+00 1.76550E+00 3.29552E+00 0.00000E+00 0.00000E+00 -9.25917E-01
0.00000E+00 1.02536E-01 3.35628E+00 1.87080E+00 1.86713E+00 1.86723E+00 1.87135E+00 3.35627E+00 1.02536E-01 0.00000E+00 2.80945E+00
0.00000E+00 3.26504E-01 3.51590E+00 2.06879E+00 2.06509E+00 2.06518E+00 2.06934E+00 3.51589E+00 3.26504E-01 0.00000E+00 7.93883E+00
0.00000E+00 6.35780E-01 3.76883E+00 2.35523E+00 2.35151E+00 2.35159E+00 2.35578E+00 3.76883E+00 6.35780E-01 0.00000E+00 1.48330E+01
0.00000E+00 1.02653E+00 4.10956E+00 2.72564E+00 2.72190E+00 2.72198E+00 2.72620E+00 4.10956E+00 1.02653E+00 0.00000E+00 2.37343E+01
0.00000E+00 1.49509E+00 4.53320E+00 3.17587E+00 3.17211E+00 3.17219E+00 3.17644E+00 4.53320E+00 1.49509E+00 0.00000E+00 3.48220E+01
0.00000E+00 2.03813E+00 5.03552E+00 3.70226E+00 3.69848E+00 3.69855E+00 3.70283E+00 5.03552E+00 2.03813E+00 0.00000E+00 4.82210E+01
2.19921E-01 2.61625E+00 5.57662E+00 4.26519E+00 4.26140E+00 4.26147E+00 4.26578E+00 5.57662E+00 2.61625E+00 2.19921E-01 6.40492E+01
8.35129E-01 3.21204E+00 6.13846E+00 4.84701E+00 4.84320E+00 4.84327E+00 4.84761E+00 6.13846E+00 3.21204E+00 8.35129E-01 8.22797E+01
1.52388E+00 3.88265E+00 6.77745E+00 5.50458E+00 5.50076E+00 5.50083E+00 5.50519E+00 6.77745E+00 3.88265E+00 1.52388E+00 1.02842E+02
2.28433E+00 4.62610E+00 7.49133E+00 6.23581E+00 6.23197E+00 6.23204E+00 6.23642E+00 7.49133E+00 4.62610E+00 2.28433E+00 1.25748E+02
3.11470E+00 5.44046E+00 8.27795E+00 7.03868E+00 7.03483E+00 7.03490E+00 7.03930E+00 8.27794E+00 5.44046E+00 3.11470E+00 1.50996E+02
4.01324E+00 6.32389E+00 9.13525E+00 7.91126E+00 7.90740E+00 7.90747E+00 7.91190E+00 9.13525E+00 6.32389E+00 4.01324E+00 1.78568E+02
4.97825E+00 7.27460E+00 1.00613E+01 8.85171E+00 8.84783E+00 8.84791E+00 8.85236E+00 1.00613E+01 7.27460E+00 4.97825E+00 2.08439E+02
6.00811E+00 8.29087E+00 1.10542E+01 9.85824E+00 9.85436E+00 9.85443E+00 9.85890E+00 1.10542E+01 8.29087E+00 6.00811E+00 2.40574E+02
7.10120E+00 9.37103E+00 1.21122E+01 1.09291E+01 1.09253E+01 1.09253E+01 1.09298E+01 1.21122E+01 9.37103E+00 7.10120E+00 2.74933E+02
8.25597E+00 1.05135E+01 1.32335E+01 1.20628E+01 1.20589E+01 1.20589E+01 1.20635E+01 1.32335E+01 1.05135E+01 8.25597E+00 3.11469E+02
9.47093E+00 1.17167E+01 1.44166E+01 1.32575E+01 1.32536E+01 1.32537E+01 1.32582E+01 1.44166E+01 1.17167E+01 9.47093E+00 3.50132E+02
1.07446E+01 1.29791E+01 1.56598E+01 1.45119E+01 1.45079E+01 1.45080E+01 1.45126E+01 1.56597E+01 1.29791E+01 1.07446E+01 3.90871E+02
1.20755E+01 1.42992E+01 1.69615E+01 1.58243E+01 1.58203E+01 1.58204E+01 1.58250E+01 1.69615E+01 1.42992E+01 1.20755E+01 4.33630E+02
1.34624E+01 1.56757E+01 1.83203E+01 1.71933E+01 1.71894E+01 1.71894E+01 1.71940E+01 1.83203E+01 1.56757E+01 1.34624E+01 4.78355E+02
1.49037E+01 1.71071E+01 1.97348E+01 1.86176E+01 1.86136E+01 1.86137E+01 1.86183E+01 1.97348E+01 1.71071E+01 1.49037E+01 5.24987E+02
1.63983E+01 1.85920E+01 2.12035E+01 2.00957E+01 2.00917E+01 2.00918E+01 2.00964E+01 2.12035E+01 1.85920E+01 1.63983E+01 5.73472E+02
1.79448E+01 2.01293E+01 2.27251E+01 2.16263E+01 2.16223E+01 2.16224E+01 2.16270E+01 2.27251E+01 2.01293E+01 1.79448E+01 6.23751E+02
1.95420E+01 2.17175E+01 2.42982E+01 2.32081E+01 2.32041E+01 2.32042E+01 2.32089E+01 2.42982E+01 2.17175E+01 1.95420E+01 6.75770E+02
2.11885E+01 2.33554E+01 2.59216E+01 2.48399E+01 2.48359E+01 2.48360E+01 2.48407E+01 2.59216E+01 2.33554E+01 2.11885E+01 7.29472E+02
2.28834E+01 2.50419E+01 2.75940E+01 2.65204E+01 2.65164E+01 2.65165E+01 2.65212E+01 2.75940E+01 2.50419E+01 2.28834E+01 7.84803E+02
2.46253E+01 2.67757E+01 2.93142E+01 2.82484E+01 2.82444E+01 2.82445E+01 2.82492E+01 2.93142E+01 2.67757E+01 2.46253E+01 8.41708E+02
2.64131E+01 2.85557E+01 3.10811E+01 3.00228E+01 3.00188E+01 3.00189E+01 3.00236E+01 3.10811E+01 2.85557E+01 2.64131E+01 9.00136E+02
2.82457E+01 3.03807E+01 3.28934E+01 3.18424E+01 3.18384E+01 3.18385E+01 3.18433E+01 3.28934E+01 3.03807E+01 2.82457E+01 9.60035E+02
3.01221E+01 3.22497E+01 3.47500E+01 3.37061E+01 3.37021E+01 3.37022E+01 3.37070E+01 3.47500E+01 3.22497E+01 3.01221E+01 1.02135E+03
3.20412E+01 3.41616E+01 3.66499E+01 3.56129E+01 3.56089E+01 3.56090E+01 3.56138E+01 3.66499E+01 3.41616E+01 3.20412E+01 1.08405E+03
3.40019E+01 3.61153E+01 3.85921E+01 3.75617E+01 3.75576E+01 3.75578E+01 3.75626E+01 3.85921E+01 3.61153E+01 3.40019E+01 1.14806E+03
3.60032E+01 3.81099E+01 4.05753E+01 3.95514E+01 3.95474E+01 3.95475E+01 3.95523E+01 4.05753E+01 3.81099E+01 3.60032E+01 1.21336E+03
3.80442E+01 4.01443E+01 4.25987E+01 4.15811E+01 4.15770E+01 4.15772E+01 4.15820E+01 4.25987E+01 4.01443E+01 3.80442E+01 1.27988E+03
4.01239E+01 4.22176E+01 4.46613E+01 4.36498E+01 4.36457E+01 4.36459E+01 4.36507E+01 4.46613E+01 4.22176E+01 4.01239E+01 1.34760E+03
4.22414E+01 4.43288E+01 4.67621E+01 4.57565E+01 4.57525E+01 4.57526E+01 4.57574E+01 4.67621E+01 4.43288E+01 4.22414E+01 1.41646E+03
4.43958E+01 4.64770E+01 4.89002E+01 4.79004E+01 4.78963E+01 4.78964E+01 4.79013E+01 4.89002E+01 4.64770E+01 4.43958E+01 1.48643E+03
4.65861E+01 4.86613E+01 5.10746E+01 5.00805E+01 5.00764E+01 5.00765E+01 5.00814E+01 5.10746E+01 4.86613E+01 4.65861E+01 1.55747E+03
4.88115E+01 5.08809E+01 5.32846E+01 5.22959E+01 5.22918E+01 5.22919E+01 5.22968E+01 5.32846E+01 5.08809E+01 4.88115E+01 1.62954E+03
5.10711E+01 5.31348E+01 5.55292E+01 5.45458E+01 5.45417E+01 5.45419E+01 5.45468E+01 5.55291E+01 5.31348E+01 5.10711E+01 1.70260E+03
5.33642E+01 5.54224E+01 5.78075E+01 5.68294E+01 5.68253E+01 5.68254E+01 5.68304E+01 5.78075E+01 5.54224E+01 5.33642E+01 1.77661E+03
5.56900E+01 5.77427E+01 6.01188E+01 5.91458E+01 5.91417E+01 5.91418E+01 5.91468E+01 6.01188E+01 5.77427E+01 5.56900E+01 1.85154E+03
5.80475E+01 6.00949E+01 6.24623E+01 6.14943E+01 6.14902E+01 6.14903E+01 6.14953E+01 6.24623E+01 6.00949E+01 5.80475E+01 1.92736E+03
6.04362E+01 6.24784E+01 6.48372E+01 6.38740E+01 6.38699E+01 6.38701E+01 6.38750E+01 6.48372E+01 6.24784E+01 6.04362E+01 2.00404E+03
6.28552E+01 6.48923E+01 6.72428E+01 6.62843E+01 6.62802E+01 6.62803E+01 6.62853E+01 6.72427E+01 6.48923E+01 6.28552E+01 2.08153E+03
6.53038E+01 6.73359E+01 6.96782E+01 6.87244E+01 6.87202E+01 6.87204E+01 6.87254E+01 6.96782E+01 6.73359E+01 6.53038E+01 2.15982E+03
6.77814E+01 6.98085E+01 7.21428E+01 7.11935E+01 7.11894E+01 7.11896E+01 7.11946E+01 7.21428E+01 6.98085E+01 6.77814E+01 2.23888E+03
7.02871E+01 7.23094E+01 7.46359E+01 7.36910E+01 7.36869E+01 7.36871E+01 7.36921E+01 7.46359E+01 7.23094E+01 7.02871E+01 2.31867E+03
0.00000E+00 0.00000E+00 2.86062E+00 1.57494E+00 1.57117E+00 1.57114E+00 1.57526E+00 2.86062E+00 0.00000E+00 0.00000E+00 -3.25020E+00
0.00000E+00 0.00000E+00 2.82434E+00 1.58478E+00 1.58097E+00 1.58095E+00 1.58512E+00 2.82434E+00 0.00000E+00 0.00000E+00 -8.44506E-01
0.00000E+00 9.53920E-02 2.88658E+00 1.68449E+00 1.68065E+00 1.68062E+00 1.68485E+00 2.88658E+00 9.53920E-02 0.00000E+00 2.57418E+00
0.00000E+00 3.01693E-01 3.03769E+00 1.86746E+00 1.86359E+00 1.86357E+00 1.86784E+00 3.03768E+00 3.01693E-01 0.00000E+00 7.28825E+00
0.00000E+00 5.84013E-01 3.27168E+00 2.12928E+00 2.12539E+00 2.12537E+00 2.12969E+00 3.27168E+00 5.84013E-01 0.00000E+00 1.36187E+01
0.00000E+00 9.38099E-01 3.58287E+00 2.46511E+00 2.46119E+00 2.46118E+00 2.46554E+00 3.58286E+00 9.38099E-01 0.00000E+00 2.17628E+01
0.00000E+00 1.36008E+00 3.96632E+00 2.87064E+00 2.86671E+00 2.86670E+00 2.87109E+00 3.96631E+00 1.36008E+00 0.00000E+00 3.18583E+01
0.00000E+00 1.84654E+00 4.41785E+00 3.34215E+00 3.33819E+00 3.33819E+00 3.34262E+00 4.41785E+00 1.84654E+00 0.00000E+00 4.39934E+01
1.97728E-01 2.36382E+00 4.90337E+00 3.84579E+00 3.84182E+00 3.84182E+00 3.84629E+00 4.90337E+00 2.36382E+00 1.97728E-01 5.82225E+01
7.48736E-01 2.89723E+00 5.40766E+00 4.36666E+00 4.36267E+00 4.36268E+00 4.36718E+00 5.40766E+00 2.89723E+00 7.48736E-01 7.44810E+01
1.36255E+00 3.49461E+00 5.97792E+00 4.95234E+00 4.94834E+00 4.94834E+00 4.95288E+00 5.97792E+00 3.49461E+00 1.36255E+00 9.27314E+01
2.03724E+00 4.15389E+00 6.61184E+00 5.60064E+00 5.59663E+00 5.59664E+00 5.60121E+00 6.61184E+00 4.15389E+00 2.03724E+00 1.12970E+02
2.77095E+00 4.87309E+00 7.30724E+00 6.30953E+00 6.30550E+00 6.30552E+00 6.31012E+00 7.30724E+00 4.87309E+00 2.77095E+00 1.35181E+02
3.56192E+00 5.65036E+00 8.06210E+00 7.07706E+00 7.07302E+00 7.07305E+00 7.07768E+00 8.06210E+00 5.65036E+00 3.56192E+00 1.59338E+02
4.40844E+00 6.48391E+00 8.87449E+00 7.90140E+00 7.89735E+00 7.89738E+00 7.90204E+00 8.87449E+00 6.48391E+00 4.40844E+00 1.85406E+02
5.30889E+00 7.37206E+00 9.74259E+00 8.78081E+00 8.77674E+00 8.77678E+00 8.78147E+00 9.74259E+00 7.37206E+00 5.30889E+00 2.13347E+02
6.26171E+00 8.31317E+00 1.06647E+01 9.71361E+00 9.70953E+00 9.70957E+00 9.71429E+00 1.06647E+01 8.31317E+00 6.26171E+00 2.43115E+02
7.26541E+00 9.30570E+00 1.16391E+01 1.06982E+01 1.06941E+01 1.06942E+01 1.06989E+01 1.16391E+01 9.30570E+00 7.26541E+00 2.74661E+02
8.31853E+00 1.03482E+01 1.26643E+01 1.17331E+01 1.17290E+01 1.17291E+01 1.17338E+01 1.26643E+01 1.03482E+01 8.31853E+00 3.07938E+02
9.41969E+00 1.14391E+01 1.37387E+01 1.28168E+01 1.28127E+01 1.28128E+01 1.28175E+01 1.37387E+01 1.14391E+01 9.41969E+00 3.42891E+02
1.05675E+01 1.25772E+01 1.48610E+01 1.39479E+01 1.39438E+01 1.39439E+01 1.39487E+01 1.48610E+01 1.25772E+01 1.05675E+01 3.79470E+02
1.17608E+01 1.37610E+01 1.60297E+01 1.51251E+01 1.51210E+01 1.51210E+01 1.51259E+01 1.60297E+01 1.37610E+01 1.17608E+01 4.17620E+02
1.29981E+01 1.49893E+01 1.72435E+01 1.63470E+01 1.63429E+01 1.63429E+01 1.63478E+01 1.72435E+01 1.49893E+01 1.29981E+01 4.57290E+02
1.42784E+01 1.62608E+01 1.85011E+01 1.76124E+01 1.76082E+01 1.76083E+01 1.76132E+01 1.85011E+01 1.62608E+01 1.42784E+01 4.98426E+02
1.56004E+01 1.75744E+01 1.98013E+01 1.89200E+01 1.89159E+01 1.89160E+01 1.89209E+01 1.98013E+01 1.75744E+01 1.56004E+01 5.40978E+02
1.69629E+01 1.89289E+01 2.11428E+01 2.02688E+01 2.02646E+01 2.02647E+01 2.02696E+01 2.11428E+01 1.89289E+01 1.69629E+01 5.84894E+02
1.83650E+01 2.03231E+01 2.25245E+01 2.16574E+01 2.16532E+01 2.16533E+01 2.16583E+01 2.25245E+01 2.03231E+01 1.83650E+01 6.30124E+02
1.98054E+01 2.17559E+01 2.39453E+01 2.30849E+01 2.30807E+01 2.30808E+01 2.30858E+01 2.39453E+01 2.17559E+01 1.98054E+01 6.76620E+02
2.12831E+01 2.32263E+01 2.54041E+01 2.45501E+01 2.45459E+01 2.45460E+01 2.45510E+01 2.54040E+01 2.32263E+01 2.12831E+01 7.24335E+02
2.27972E+01 2.47333E+01 2.68997E+01 2.60520E+01 2.60478E+01 2.60480E+01 2.60530E+01 2.68997E+01 2.47333E+01 2.27972E+01 7.73221E+02
2.43466E+01 2.62758E+01 2.84313E+01 2.75897E+01 2.75855E+01 2.75856E+01 2.75906E+01 2.84313E+01 2.62758E+01 2.43466E+01 8.23236E+02
2.59303E+01 2.78528E+01 2.99978E+01 2.91620E+01 2.91578E+01 2.91579E+01 2.91630E+01 2.99978E+01 2.78528E+01 2.59303E+01 8.74334E+02
2.75475E+01 2.94635E+01 3.15982E+01 3.07681E+01 3.07639E+01 3.07641E+01 3.07691E+01 3.15982E+01 2.94635E+01 2.75475E+01 9.26474E+02
2.91973E+01 3.11070E+01 3.32317E+01 3.24071E+01 3.24029E+01 3.24030E+01 3.24081E+01 3.32317E+01 3.11070E+01 2.91973E+01 9.79615E+02
3.08787E+01 3.27822E+01 3.48972E+01 3.40780E+01 3.40738E+01 3.40739E+01 3.40791E+01 3.48972E+01 3.27822E+01 3.08787E+01 1.03372E+03
3.25909E+01 3.44884E+01 3.65940E+01 3.57800E+01 3.57758E+01 3.57759E+01 3.57811E+01 3.65940E+01 3.44884E+01 3.25909E+01 1.08875E+03
3.43331E+01 3.62248E+01 3.83212E+01 3.75122E+01 3.75080E+01 3.75082E+01 3.75133E+01 3.83212E+01 3.62248E+01 3.43331E+01 1.14466E+03
3.61044E+01 3.79905E+01 4.00780E+01 3.92739E+01 3.92697E+01 3.92698E+01 3.92750E+01 4.00780E+01 3.79905E+01 3.61044E+01 1.20143E+03
3.79042E+01 3.97846E+01 4.18635E+01 4.10642E+01 4.10599E+01 4.10601E+01 4.10653E+01 4.18635E+01 3.97846E+01 3.79042E+01 1.25901E+03
3.97315E+01 4.16066E+01 4.36769E+01 4.28823E+01 4.28780E+01 4.28782E+01 4.28834E+01 4.36769E+01 4.16066E+01 3.97315E+01 1.31738E+03
4.15858E+01 4.34555E+01 4.55176E+01 4.47275E+01 4.47233E+01 4.47234E+01 4.47287E+01 4.55176E+01 4.34555E+01 4.15858E+01 1.37650E+03
4.34662E+01 4.53308E+01 4.73848E+01 4.65991E+01 4.65948E+01 4.65950E+01 4.66003E+01 4.73848E+01 4.53308E+01 4.34662E+01 1.43634E+03
4.53720E+01 4.72316E+01 4.92777E+01 4.84964E+01 4.84921E+01 4.84923E+01 4.84976E+01 4.92777E+01 4.72316E+01 4.53720E+01 1.49688E+03
4.73026E+01 4.91573E+01 5.11957E+01 5.04186E+01 5.04143E+01 5.04145E+01 5.04198E+01 5.11957E+01 4.91573E+01 4.73026E+01 1.55807E+03
4.92574E+01 5.11072E+01 5.31381E+01 5.23651E+01 5.23608E+01 5.23610E+01 5.23663E+01 5.31381E+01 5.11072E+01 4.92574E+01 1.61991E+03
5.12356E+01 5.30807E+01 5.51043E+01 5.43353E+01 5.43310E+01 5.43312E+01 5.43365E+01 5.51043E+01 5.30807E+01 5.12356E+01 1.68236E+03
5.32367E+01 5.50771E+01 5.70936E+01 5.63285E+01 5.63242E+01 5.63244E+01 5.63297E+01 5.70936E+01 5.50771E+01 5.32367E+01 1.74539E+03
5.52600E+01 5.70959E+01 5.91053E+01 5.83441E+01 5.83398E+01 5.83400E+01 5.83454E+01 5.91053E+01 5.70959E+01 5.52600E+01 1.80898E+03
5.73050E+01 5.91364E+01 6.11389E+01 6.03815E+01 6.03772E+01 6.03774E+01 6.03828E+01 6.11389E+01 5.91364E+01 5.73050E+01 1.87311E+03
5.93710E+01 6.11981E+01 6.31939E+01 6.24401E+01 6.24358E+01 6.24360E+01 6.24414E+01 6.31939E+01 6.11981E+01 5.93710E+01 1.93775E+03
0.00000E+00 0.00000E+00 2.44683E+00 1.41134E+00 1.40739E+00 1.40730E+00 1.41154E+00 2.44683E+00 0.00000E+00 0.00000E+00 -2.95571E+00
0.00000E+00 0.00000E+00 2.42023E+00 1.42297E+00 1.41899E+00 1.41891E+00 1.42323E+00 2.42023E+00 0.00000E+00 0.00000E+00 -7.72871E-01
0.00000E+00 8.89685E-02 2.48341E+00 1.51720E+00 1.51318E+00 1.51311E+00 1.51750E+00 2.48340E+00 8.89685E-02 0.00000E+00 2.36655E+00
0.00000E+00 2.79193E-01 2.62629E+00 1.68648E+00 1.68243E+00 1.68237E+00 1.68683E+00 2.62628E+00 2.79193E-01 0.00000E+00 6.70825E+00
0.00000E+00 5.36946E-01 2.84259E+00 1.92583E+00 1.92176E+00 1.92171E+00 1.92623E+00 2.84259E+00 5.36946E-01 0.00000E+00 1.25272E+01
0.00000E+00 8.57693E-01 3.12654E+00 2.23019E+00 2.22609E+00 2.22605E+00 2.23063E+00 3.12653E+00 8.57693E-01 0.00000E+00 1.99797E+01
0.00000E+00 1.23746E+00 3.47325E+00 2.59518E+00 2.59107E+00 2.59104E+00 2.59567E+00 3.47325E+00 1.23746E+00 0.00000E+00 2.91670E+01
0.00000E+00 1.67281E+00 3.87864E+00 3.01711E+00 3.01297E+00 3.01296E+00 3.01763E+00 3.87864E+00 1.67281E+00 0.00000E+00 4.01462E+01
1.77576E-01 2.13511E+00 4.31370E+00 3.46717E+00 3.46302E+00 3.46301E+00 3.46774E+00 4.31370E+00 2.13511E+00 1.77576E-01 5.29199E+01
6.70461E-01 2.61204E+00 4.76565E+00 3.93285E+00 3.92868E+00 3.92868E+00 3.93345E+00 4.76565E+00 2.61204E+00 6.70461E-01 6.73949E+01
1.21671E+00 3.14339E+00 5.27374E+00 4.45369E+00 4.44950E+00 4.44952E+00 4.45433E+00 5.27374E+00 3.14339E+00 1.21671E+00 8.35624E+01
1.81435E+00 3.72705E+00 5.83565E+00 5.02751E+00 5.02331E+00 5.02333E+00 5.02819E+00 5.83565E+00 3.72705E+00 1.81435E+00 1.01406E+02
2.46153E+00 4.36108E+00 6.44927E+00 5.65227E+00 5.64806E+00 5.64809E+00 5.65299E+00 6.44926E+00 4.36108E+00 2.46153E+00 1.20901E+02
3.15650E+00 5.04363E+00 7.11260E+00 6.32609E+00 6.32186E+00 6.32191E+00 6.32684E+00 7.11260E+00 5.04363E+00 3.15650E+00 1.42013E+02
3.89761E+00 5.77299E+00 7.82380E+00 7.04718E+00 7.04294E+00 7.04299E+00 7.04796E+00 7.82380E+00 5.77299E+00 3.89761E+00 1.64704E+02
4.68330E+00 6.54751E+00 8.58113E+00 7.81386E+00 7.80960E+00 7.80967E+00 7.81467E+00 8.58113E+00 6.54751E+00 4.68330E+00 1.88931E+02
5.51207E+00 7.36566E+00 9.38296E+00 8.62454E+00 8.62028E+00 8.62035E+00 8.62540E+00 9.38296E+00 7.36566E+00 5.51207E+00 2.14647E+02
6.38250E+00 8.22597E+00 1.02277E+01 9.47774E+00 9.47346E+00 9.47354E+00 9.47862E+00 1.02277E+01 8.22597E+00 6.38250E+00 2.41805E+02
7.29324E+00 9.12703E+00 1.11140E+01 1.03720E+01 1.03677E+01 1.03678E+01 1.03729E+01 1.11140E+01 9.12703E+00 7.29324E+00 2.70356E+02
8.24298E+00 1.00675E+01 1.20403E+01 1.13060E+01 1.13017E+01 1.13018E+01 1.13069E+01 1.20403E+01 1.00675E+01 8.24298E+00 3.00250E+02
9.23048E+00 1.10461E+01 1.30054E+01 1.22784E+01 1.22741E+01 1.22742E+01 1.22794E+01 1.30054E+01 1.10461E+01 9.23048E+00 3.31439E+02
1.02545E+01 1.20617E+01 1.40080E+01 1.32879E+01 1.32836E+01 1.32837E+01 1.32889E+01 1.40080E+01 1.20617E+01 1.02545E+01 3.63872E+02
1.13140E+01 1.31129E+01 1.50468E+01 1.43335E+01 1.43291E+01 1.43293E+01 1.43345E+01 1.50468E+01 1.31129E+01 1.13140E+01 3.97502E+02
1.24078E+01 1.41988E+01 1.61207E+01 1.54138E+01 1.54095E+01 1.54096E+01 1.54149E+01 1.61207E+01 1.41988E+01 1.24078E+01 4.32280E+02
1.35348E+01 1.53182E+01 1.72286E+01 1.65279E+01 1.65235E+01 1.65237E+01 1.65289E+01 1.72286E+01 1.53182E+01 1.35348E+01 4.68162E+02
1.46940E+01 1.64700E+01 1.83693E+01 1.76746E+01 1.76702E+01 1.76704E+01 1.76757E+01 1.83693E+01 1.64700E+01 1.46940E+01 5.05100E+02
1.58844E+01 1.76534E+01 1.95419E+01 1.88529E+01 1.88486E+01 1.88487E+01 1.88541E+01 1.95419E+01 1.76534E+01 1.58844E+01 5.43052E+02
1.71051E+01 1.88672E+01 2.07454E+01 2.00619E+01 2.00575E+01 2.00577E+01 2.00631E+01 2.07454E+01 1.88672E+01 1.71051E+01 5.81975E+02
1.83551E+01 2.01105E+01 2.19787E+01 2.13006E+01 2.12962E+01 2.12964E+01 2.13018E+01 2.19787E+01 2.01105E+01 1.83551E+01 6.21828E+02
1.96335E+01 2.13825E+01 2.32410E+01 2.25680E+01 2.25637E+01 2.25638E+01 2.25693E+01 2.32410E+01 2.13825E+01 1.96335E+01 6.62570E+02
2.09394E+01 2.26822E+01 2.45314E+01 2.38634E+01 2.38590E+01 2.38592E+01 2.38647E+01 2.45314E+01 2.26822E+01 2.09394E+01 7.04163E+02
2.22721E+01 2.40088E+01 2.58489E+01 2.51858E+01 2.51814E+01 2.51816E+01 2.51871E+01 2.58489E+01 2.40088E+01 2.22721E+01 7.46570E+02
2.36308E+01 2.53615E+01 2.71928E+01 2.65344E+01 2.65300E+01 2.65302E+01 2.65357E+01 2.71928E+01 2.53615E+01 2.36308E+01 7.89756E+02
2.50145E+01 2.67395E+01 2.85623E+01 2.79084E+01 2.79040E+01 2.79042E+01 2.79097E+01 2.85623E+01 2.67395E+01 2.50145E+01 8.33686E+02
2.64226E+01 2.81420E+01 2.99565E+01 2.93070E+01 2.93026E+01 2.93028E+01 2.93084E+01 2.99565E+01 2.81420E+01 2.64226E+01 8.78327E+02
2.78544E+01 2.95684E+01 3.13747E+01 3.07295E+01 3.07251E+01 3.07253E+01 3.07309E+01 3.13747E+01 2.95684E+01 2.78544E+01 9.23648E+02
2.93090E+01 3.10177E+01 3.28162E+01 3.21752E+01 3.21708E+01 3.21710E+01 3.21766E+01 3.28162E+01 3.10177E+01 2.93090E+01 9.69617E+02
3.07859E+01 3.24895E+01 3.42803E+01 3.36434E+01 3.36389E+01 3.36392E+01 3.36448E+01 3.42803E+01 3.24895E+01 3.07859E+01 1.01621E+03
3.22844E+01 3.39829E+01 3.57663E+01 3.51333E+01 3.51289E+01 3.51291E+01 3.51348E+01 3.57663E+01 3.39829E+01 3.22844E+01 1.06339E+03
3.38038E+01 3.54974E+01 3.72735E+01 3.66444E+01 3.66399E+01 3.66402E+01 3.66459E+01 3.72735E+01 3.54974E+01 3.38038E+01 1.11113E+03
3.53435E+01 3.70323E+01 3.88014E+01 3.81759E+01 3.81715E+01 3.81718E+01 3.81774E+01 3.88014E+01 3.70323E+01 3.53435E+01 1.15941E+03
3.69029E+01 3.85870E+01 4.03491E+01 3.97274E+01 3.97229E+01 3.97232E+01 3.97289E+01 4.03491E+01 3.85870E+01 3.69029E+01 1.20821E+03
3.84814E+01 4.01609E+01 4.19163E+01 4.12981E+01 4.12936E+01 4.12939E+01 4.12997E+01 4.19163E+01 4.01609E+01 3.84814E+01 1.25749E+03
4.00784E+01 4.17535E+01 4.35023E+01 4.28875E+01 4.28831E+01 4.28834E+01 4.28891E+01 4.35023E+01 4.17535E+01 4.00784E+01 1.30724E+03
4.16934E+01 4.33641E+01 4.51065E+01 4.44951E+01 4.44907E+01 4.44910E+01 4.44967E+01 4.51065E+01 4.33641E+01 4.16934E+01 1.35744E+03
4.33259E+01 4.49923E+01 4.67283E+01 4.61203E+01 4.61158E+01 4.61161E+01 4.61219E+01 4.67283E+01 4.49923E+01 4.33259E+01 1.40805E+03
4.49753E+01 4.66375E+01 4.83674E+01 4.77626E+01 4.77581E+01 4.77584E+01 4.77642E+01 4.83674E+01 4.66375E+01 4.49753E+01 1.45907E+03
4.66411E+01 4.82992E+01 5.00230E+01 4.94214E+01 4.94169E+01 4.94173E+01 4.94231E+01 5.00230E+01 4.82992E+01 4.66411E+01 1.51048E+03
4.83228E+01 4.99769E+01 5.16948E+01 5.10963E+01 5.10918E+01 5.10922E+01 5.10980E+01 5.16948E+01 4.99769E+01 4.83228E+01 1.56225E+03
5.00200E+01 5.16701E+01 5.33823E+01 5.27868E+01 5.27823E+01 5.27827E+01 5.27886E+01 5.33823E+01 5.16701E+01 5.00200E+01 1.61436E+03
0.00000E+00 0.00000E+00 2.09165E+00 1.26406E+00 1.25992E+00 1.25984E+00 1.26433E+00 2.09165E+00 0.00000E+00 0.00000E+00 -2.69925E+00
0.00000E+00 0.00000E+00 2.07365E+00 1.27766E+00 1.27349E+00 1.27343E+00 1.27802E+00 2.07365E+00 0.00000E+00 0.00000E+00 -7.09838E-01
0.00000E+00 8.31755E-02 2.13730E+00 1.36697E+00 1.36276E+00 1.36272E+00 1.36741E+00 2.13730E+00 8.31755E-02 0.00000E+00 2.18315E+00
0.00000E+00 2.58736E-01 2.27225E+00 1.52374E+00 1.51950E+00 1.51947E+00 1.52424E+00 2.27225E+00 2.58736E-01 0.00000E+00 6.19024E+00
0.00000E+00 4.94069E-01 2.47203E+00 1.74255E+00 1.73829E+00 1.73828E+00 1.74313E+00 2.47203E+00 4.94069E-01 0.00000E+00 1.15437E+01
0.00000E+00 7.84476E-01 2.73087E+00 2.01825E+00 2.01396E+00 2.01397E+00 2.01888E+00 2.73087E+00 7.84476E-01 0.00000E+00 1.83634E+01
0.00000E+00 1.12596E+00 3.04401E+00 2.34648E+00 2.34217E+00 2.34219E+00 2.34717E+00 3.04401E+00 1.12596E+00 0.00000E+00 2.67185E+01
0.00000E+00 1.51514E+00 3.40749E+00 2.72361E+00 2.71928E+00 2.71932E+00 2.72436E+00 3.40749E+00 1.51514E+00 0.00000E+00 3.66401E+01
1.59276E-01 1.92779E+00 3.79677E+00 3.12527E+00 3.12093E+00 3.12097E+00 3.12607E+00 3.79677E+00 1.92779E+00 1.59276E-01 4.80890E+01
5.99548E-01 2.35359E+00 4.20115E+00 3.54097E+00 3.53661E+00 3.53667E+00 3.54183E+00 4.20115E+00 2.35359E+00 5.99548E-01 6.09522E+01
1.08489E+00 2.82541E+00 4.65302E+00 4.00337E+00 3.99899E+00 3.99907E+00 4.00427E+00 4.65302E+00 2.82541E+00 1.08489E+00 7.52442E+01
1.61336E+00 3.34120E+00 5.15015E+00 4.51032E+00 4.50593E+00 4.50602E+00 4.51127E+00 5.15015E+00 3.34120E+00 1.61336E+00 9.09404E+01
2.18314E+00 3.89905E+00 5.69049E+00 5.05986E+00 5.05545E+00 5.05556E+00 5.06086E+00 5.69049E+00 3.89905E+00 2.18314E+00 1.08008E+02
2.79255E+00 4.49720E+00 6.27214E+00 5.65016E+00 5.64574E+00 5.64586E+00 5.65121E+00 6.27215E+00 4.49720E+00 2.79255E+00 1.26411E+02
3.44001E+00 5.13399E+00 6.89337E+00 6.27954E+00 6.27510E+00 6.27523E+00 6.28063E+00 6.89337E+00 5.13399E+00 3.44001E+00 1.46106E+02
4.12404E+00 5.80789E+00 7.55252E+00 6.94640E+00 6.94196E+00 6.94210E+00 6.94754E+00 7.55253E+00 5.80789E+00 4.12404E+00 1.67050E+02
4.84324E+00 6.51746E+00 8.24809E+00 7.64927E+00 7.64482E+00 7.64497E+00 7.65045E+00 8.24809E+00 6.51746E+00 4.84324E+00 1.89198E+02
5.59629E+00 7.26133E+00 8.97863E+00 8.38676E+00 8.38229E+00 8.38245E+00 8.38798E+00 8.97864E+00 7.26133E+00 5.59629E+00 2.12502E+02
6.38194E+00 8.03820E+00 9.74280E+00 9.15753E+00 9.15305E+00 9.15323E+00 9.15879E+00 9.74281E+00 8.03820E+00 6.38194E+00 2.36917E+02
7.19899E+00 8.84684E+00 1.05393E+01 9.96035E+00 9.95586E+00 9.95605E+00 9.96165E+00 1.05393E+01 8.84684E+00 7.19899E+00 2.62397E+02
8.04631E+00 9.68611E+00 1.13670E+01 1.07940E+01 1.07895E+01 1.07897E+01 1.07954E+01 1.13670E+01 9.68611E+00 8.04631E+00 2.88895E+02
8.92282E+00 1.05549E+01 1.22246E+01 1.16574E+01 1.16529E+01 1.16531E+01 1.16588E+01 1.22246E+01 1.05549E+01 8.92282E+00 3.16368E+02
9.82747E+00 1.14521E+01 1.31111E+01 1.25495E+01 1.25450E+01 1.25452E+01 1.25509E+01 1.31111E+01 1.14521E+01 9.82747E+00 3.44771E+02
1.07593E+01 1.23767E+01 1.40255E+01 1.34692E+01 1.34646E+01 1.34649E+01 1.34706E+01 1.40255E+01 1.23767E+01 1.07593E+01 3.74063E+02
1.17173E+01 1.33278E+01 1.49667E+01 1.44155E+01 1.44109E+01 1.44112E+01 1.44170E+01 1.49667E+01 1.33278E+01 1.17173E+01 4.04202E+02
1.27006E+01 1.43044E+01 1.59338E+01 1.53875E+01 1.53829E+01 1.53832E+01 1.53890E+01 1.59338E+01 1.43044E+01 1.27006E+01 4.35149E+02
1.37083E+01 1.53057E+01 1.69259E+01 1.63843E+01 1.63797E+01 1.63800E+01 1.63859E+01 1.69259E+01 1.53057E+01 1.37083E+01 4.66865E+02
1.47396E+01 1.63308E+01 1.79421E+01 1.74050E+01 1.74005E+01 1.74007E+01 1.74066E+01 1.79421E+01 1.63308E+01 1.47396E+01 4.99315E+02
1.57936E+01 1.73788E+01 1.89815E+01 1.84489E+01 1.84443E+01 1.84446E+01 1.84505E+01 1.89815E+01 1.73788E+01 1.57936E+01 5.32461E+02
1.68696E+01 1.84489E+01 2.00434E+01 1.95150E+01 1.95104E+01 1.95107E+01 1.95167E+01 2.00434E+01 1.84489E+01 1.68696E+01 5.66272E+02
1.79669E+01 1.95405E+01 2.11270E+01 2.06026E+01 2.05981E+01 2.05984E+01 2.06044E+01 2.11270E+01 1.95405E+01 1.79669E+01 6.00713E+02
1.90847E+01 2.06528E+01 2.22314E+01 2.17111E+01 2.17065E+01 2.17068E+01 2.17128E+01 2.22314E+01 2.06528E+01 1.90847E+01 6.35754E+02
2.02223E+01 2.17850E+01 2.33561E+01 2.28396E+01 2.28351E+01 2.28354E+01 2.28414E+01 2.33561E+01 2.17850E+01 2.02223E+01 6.71365E+02
2.13790E+01 2.29365E+01 2.45003E+01 2.39876E+01 2.39830E+01 2.39833E+01 2.39894E+01 2.45003E+01 2.29365E+01 2.13790E+01 7.07518E+02
2.25542E+01 2.41067E+01 2.56633E+01 2.51543E+01 2.51496E+01 2.51500E+01 2.51561E+01 2.56633E+01 2.41067E+01 2.25542E+01 7.44184E+02
2.37473E+01 2.52949E+01 2.68446E+01 2.63390E+01 2.63344E+01 2.63348E+01 2.63409E+01 2.68446E+01 2.52949E+01 2.37473E+01 7.81339E+02
2.49577E+01 2.65005E+01 2.80434E+01 2.75413E+01 2.75367E+01 2.75371E+01 2.75432E+01 2.80434E+01 2.65005E+01 2.49577E+01 8.18956E+02
2.61848E+01 2.77229E+01 2.92592E+01 2.87605E+01 2.87558E+01 2.87562E+01 2.87624E+01 2.92592E+01 2.77229E+01 2.61848E+01 8.57012E+02
2.74280E+01 2.89615E+01 3.04915E+01 2.99960E+01 2.99913E+01 2.99917E+01 2.99979E+01 3.04915E+01 2.89615E+01 2.74280E+01 8.95484E+02
2.86868E+01 3.02158E+01 3.17396E+01 3.12472E+01 3.12426E+01 3.12430E+01 3.12492E+01 3.17396E+01 3.02158E+01 2.86868E+01 9.34350E+02
2.99607E+01 3.14854E+01 3.30031E+01 3.25138E+01 3.25091E+01 3.25095E+01 3.25158E+01 3.30031E+01 3.14854E+01 2.99607E+01 9.73590E+02
3.12491E+01 3.27696E+01 3.42813E+01 3.37950E+01 3.37904E+01 3.37908E+01 3.37971E+01 3.42813E+01 3.27696E+01 3.12491E+01 1.01318E+03
3.25517E+01 3.40679E+01 3.55739E+01 3.50905E+01 3.50859E+01 3.50863E+01 3.50926E+01 3.55739E+01 3.40679E+01 3.25517E+01 1.05311E+03
3.38678E+01 3.53800E+01 3.68803E+01 3.63998E+01 3.63952E+01 3.63956E+01 3.64019E+01 3.68803E+01 3.53800E+01 3.38678E+01 1.09335E+03
3.51971E+01 3.67053E+01 3.82001E+01 3.77224E+01 3.77177E+01 3.77182E+01 3.77245E+01 3.82001E+01 3.67053E+01 3.51971E+01 1.13389E+03
3.65391E+01 3.80434E+01 3.95328E+01 3.90578E+01 3.90532E+01 3.90536E+01 3.90600E+01 3.95328E+01 3.80434E+01 3.65391E+01 1.17472E+03
3.78934E+01 3.93939E+01 4.08780E+01 4.04057E+01 4.04010E+01 4.04015E+01 4.04079E+01 4.08780E+01 3.93939E+01 3.78934E+01 1.21580E+03
3.92595E+01 4.07563E+01 4.22352E+01 4.17655E+01 4.17609E+01 4.17614E+01 4.17678E+01 4.22352E+01 4.07563E+01 3.92595E+01 1.25714E+03
4.06372E+01 4.21303E+01 4.36042E+01 4.31370E+01 4.31323E+01 4.31328E+01 4.31393E+01 4.36042E+01 4.21303E+01 4.06372E+01 1.29872E+03
4.20259E+01 4.35155E+01 4.49844E+01 4.45197E+01 4.45150E+01 4.45155E+01 4.45220E+01 4.49844E+01 4.35155E+01 4.20259E+01 1.34051E+03
0.00000E+00 0.00000E+00 1.78673E+00 1.13146E+00 1.12713E+00 1.12710E+00 1.13196E+00 1.78673E+00 0.00000E+00 0.00000E+00 -2.47628E+00
0.00000E+00 0.00000E+00 1.77641E+00 1.14718E+00 1.14281E+00 1.14280E+00 1.14779E+00 1.77641E+00 0.00000E+00 0.00000E+00 -6.54320E-01
0.00000E+00 7.79334E-02 1.84016E+00 1.23207E+00 1.22766E+00 1.22768E+00 1.23277E+00 1.84016E+00 7.79334E-02 0.00000E+00 2.02110E+00
0.00000E+00 2.40089E-01 1.96748E+00 1.37736E+00 1.37292E+00 1.37296E+00 1.37815E+00 1.96749E+00 2.40089E-01 0.00000E+00 5.72682E+00
0.00000E+00 4.54932E-01 2.15183E+00 1.57738E+00 1.57291E+00 1.57297E+00 1.57825E+00 2.15183E+00 4.54932E-01 0.00000E+00 1.06558E+01
0.00000E+00 7.17710E-01 2.38753E+00 1.82695E+00 1.82246E+00 1.82254E+00 1.82790E+00 2.38753E+00 7.17710E-01 0.00000E+00 1.68953E+01
0.00000E+00 1.02448E+00 2.66999E+00 2.12183E+00 2.11732E+00 2.11742E+00 2.12286E+00 2.66999E+00 1.02448E+00 0.00000E+00 2.44871E+01
0.00000E+00 1.37197E+00 2.99543E+00 2.45851E+00 2.45397E+00 2.45409E+00 2.45960E+00 2.99543E+00 1.37197E+00 0.00000E+00 3.34405E+01
1.42661E-01 1.73976E+00 3.34318E+00 2.81645E+00 2.81190E+00 2.81203E+00 2.81761E+00 3.34319E+00 1.73976E+00 1.42661E-01 4.36839E+01
5.35323E-01 2.11929E+00 3.70433E+00 3.18691E+00 3.18235E+00 3.18250E+00 3.18814E+00 3.70434E+00 2.11929E+00 5.35323E-01 5.50909E+01
9.65802E-01 2.53750E+00 4.10543E+00 3.59667E+00 3.59208E+00 3.59225E+00 3.59795E+00 4.10543E+00 2.53750E+00 9.65802E-01 6.76959E+01
1.43221E+00 2.99241E+00 4.54433E+00 4.04364E+00 4.03905E+00 4.03923E+00 4.04499E+00 4.54433E+00 2.99241E+00 1.43221E+00 8.14678E+01
1.93283E+00 3.48220E+00 5.01910E+00 4.52598E+00 4.52136E+00 4.52157E+00 4.52738E+00 5.01910E+00 3.48220E+00 1.93283E+00 9.63705E+01
2.46606E+00 4.00520E+00 5.52796E+00 5.04194E+00 5.03732E+00 5.03754E+00 5.04341E+00 5.52796E+00 4.00520E+00 2.46606E+00 1.12364E+02
3.03041E+00 4.55988E+00 6.06928E+00 5.58996E+00 5.58533E+00 5.58556E+00 5.59149E+00 6.06928E+00 4.55988E+00 3.03041E+00 1.29407E+02
3.62453E+00 5.14480E+00 6.64155E+00 6.16857E+00 6.16392E+00 6.16417E+00 6.17015E+00 6.64155E+00 5.14480E+00 3.62453E+00 1.47455E+02
4.24710E+00 5.75863E+00 7.24337E+00 6.77639E+00 6.77173E+00 6.77200E+00 6.77802E+00 7.24337E+00 5.75863E+00 4.24710E+00 1.66465E+02
4.89693E+00 6.40012E+00 7.87343E+00 7.41216E+00 7.40749E+00 7.40777E+00 7.41384E+00 7.87344E+00 6.40012E+00 4.89693E+00 1.86394E+02
5.57288E+00 7.06810E+00 8.53052E+00 8.07467E+00 8.06999E+00 8.07028E+00 8.07640E+00 8.53052E+00 7.06810E+00 5.57288E+00 2.07197E+02
6.27386E+00 7.76145E+00 9.21346E+00 8.76279E+00 8.75810E+00 8.75841E+00 8.76458E+00 9.21346E+00 7.76145E+00 6.27386E+00 2.28833E+02
6.99885E+00 8.47913E+00 9.92119E+00 9.47546E+00 9.47076E+00 9.47108E+00 9.47729E+00 9.92119E+00 8.47913E+00 6.99885E+00 2.51261E+02
7.74690E+00 9.22015E+00 1.06527E+01 1.02117E+01 1.02070E+01 1.02073E+01 1.02136E+01 1.06527E+01 9.22015E+00 7.74690E+00 2.74441E+02
8.51707E+00 9.98357E+00 1.14069E+01 1.09705E+01 1.09657E+01 1.09661E+01 1.09724E+01 1.14069E+01 9.98357E+00 8.51707E+00 2.98334E+02
9.30849E+00 1.07685E+01 1.21830E+01 1.17509E+01 1.17462E+01 1.17466E+01 1.17529E+01 1.21830E+01 1.07685E+01 9.30849E+00 3.22904E+02
1.01203E+01 1.15740E+01 1.29801E+01 1.25522E+01 1.25475E+01 1.25478E+01 1.25542E+01 1.29801E+01 1.15740E+01 1.01203E+01 3.48113E+02
1.09518E+01 1.23994E+01 1.37974E+01 1.33735E+01 1.33687E+01 1.33691E+01 1.33755E+01 1.37974E+01 1.23994E+01 1.09518E+01 3.73930E+02
1.18021E+01 1.32439E+01 1.46339E+01 1.42139E+01 1.42092E+01 1.42096E+01 1.42160E+01 1.46339E+01 1.32439E+01 1.18021E+01 4.00320E+02
1.26705E+01 1.41067E+01 1.54891E+01 1.50728E+01 1.50681E+01 1.50685E+01 1.50750E+01 1.54891E+01 1.41067E+01 1.26705E+01 4.27253E+02
1.35564E+01 1.49871E+01 1.63621E+01 1.59495E+01 1.59447E+01 1.59451E+01 1.59517E+01 1.63621E+01 1.49871E+01 1.35564E+01 4.54698E+02
1.44590E+01 1.58844E+01 1.72523E+01 1.68431E+01 1.68384E+01 1.68388E+01 1.68454E+01 1.72523E+01 1.58844E+01 1.44590E+01 4.82628E+02
1.53777E+01 1.67980E+01 1.81590E+01 1.77532E+01 1.77484E+01 1.77489E+01 1.77555E+01 1.81590E+01 1.67980E+01 1.53777E+01 5.11014E+02
1.63120E+01 1.77272E+01 1.90816E+01 1.86790E+01 1.86743E+01 1.86747E+01 1.86814E+01 1.90816E+01 1.77272E+01 1.63120E+01 5.39833E+02
1.72612E+01 1.86715E+01 2.00194E+01 1.96200E+01 1.96152E+01 1.96157E+01 1.96224E+01 2.00194E+01 1.86715E+01 1.72612E+01 5.69058E+02
1.82247E+01 1.96303E+01 2.09719E+01 2.05756E+01 2.05708E+01 2.05713E+01 2.05780E+01 2.09719E+01 1.96303E+01 1.82247E+01 5.98666E+02
1.92020E+01 2.06030E+01 2.19385E+01 2.15452E+01 2.15404E+01 2.15409E+01 2.15476E+01 2.19385E+01 2.06030E+01 1.92020E+01 6.28635E+02
2.01926E+01 2.15891E+01 2.29187E+01 2.25282E+01 2.25234E+01 2.25240E+01 2.25307E+01 2.29187E+01 2.15891E+01 2.01926E+01 6.58944E+02
2.11960E+01 2.25881E+01 2.39119E+01 2.35243E+01 2.35195E+01 2.35200E+01 2.35268E+01 2.39119E+01 2.25881E+01 2.11960E+01 6.89573E+02
2.22116E+01 2.35996E+01 2.49177E+01 2.45328E+01 2.45280E+01 2.45286E+01 2.45354E+01 2.49177E+01 2.35996E+01 2.22116E+01 7.20502E+02
2.32392E+01 2.46229E+01 2.59356E+01 2.55534E+01 2.55486E+01 2.55491E+01 2.55560E+01 2.59356E+01 2.46229E+01 2.32392E+01 7.51713E+02
2.42781E+01 2.56578E+01 2.69651E+01 2.65855E+01 2.65807E+01 2.65812E+01 2.65881E+01 2.69651E+01 2.56578E+01 2.42781E+01 7.83189E+02
2.53279E+01 2.67037E+01 2.80058E+01 2.76287E+01 2.76239E+01 2.76245E+01 2.76314E+01 2.80058E+01 2.67037E+01 2.53279E+01 8.14913E+02
2.63883E+01 2.77602E+01 2.90572E+01 2.86826E+01 2.86778E+01 2.86784E+01 2.86853E+01 2.90572E+01 2.77602E+01 2.63883E+01 8.46869E+02
2.74589E+01 2.88270E+01 3.01190E+01 2.97468E+01 2.97420E+01 2.97426E+01 2.97496E+01 3.01190E+01 2.88270E+01 2.74589E+01 8.79043E+02
2.85392E+01 2.99036E+01 3.11908E+01 3.08209E+01 3.08161E+01 3.08167E+01 3.08238E+01 3.11908E+01 2.99036E+01 2.85392E+01 9.11420E+02
2.96289E+01 3.09897E+01 3.22722E+01 3.19046E+01 3.18997E+01 3.19004E+01 3.19074E+01 3.22722E+01 3.09897E+01 2.96289E+01 9.43986E+02
3.07276E+01 3.20849E+01 3.33627E+01 3.29974E+01 3.29925E+01 3.29932E+01 3.30003E+01 3.33627E+01 3.20849E+01 3.07276E+01 9.76729E+02
3.18351E+01 3.31889E+01 3.44622E+01 3.40990E+01 3.40942E+01 3.40948E+01 3.41019E+01 3.44622E+01 3.31889E+01 3.18351E+01 1.00964E+03
3.29509E+01 3.43013E+01 3.55701E+01 3.52091E+01 3.52043E+01 3.52050E+01 3.52121E+01 3.55701E+01 3.43013E+01 3.29509E+01 1.04270E+03
3.40747E+01 3.54218E+01 3.66863E+01 3.63274E+01 3.63225E+01 3.63232E+01 3.63304E+01 3.66863E+01 3.54218E+01 3.40747E+01 1.07590E+03
3.52063E+01 3.65501E+01 3.78104E+01 3.74535E+01 3.74486E+01 3.74493E+01 3.74565E+01 3.78104E+01 3.65501E+01 3.52063E+01 1.10923E+03
0.00000E+00 0.00000E+00 1.52493E+00 1.01209E+00 1.00754E+00 1.00757E+00 1.01288E+00 1.52494E+00 0.00000E+00 0.00000E+00 -2.28277E+00
0.00000E+00 0.00000E+00 1.52149E+00 1.03003E+00 1.02544E+00 1.02550E+00 1.03095E+00 1.52149E+00 0.00000E+00 0.00000E+00 -6.05270E-01
0.00000E+00 7.31712E-02 1.58502E+00 1.11092E+00 1.10629E+00 1.10638E+00 1.11196E+00 1.58502E+00 7.31712E-02 0.00000E+00 1.87798E+00
0.00000E+00 2.23040E-01 1.70501E+00 1.24565E+00 1.24100E+00 1.24111E+00 1.24680E+00 1.70501E+00 2.23040E-01 0.00000E+00 5.31158E+00
0.00000E+00 4.19135E-01 1.87495E+00 1.42845E+00 1.42377E+00 1.42390E+00 1.42970E+00 1.87495E+00 4.19135E-01 0.00000E+00 9.85256E+00
0.00000E+00 6.56737E-01 2.08932E+00 1.65421E+00 1.64950E+00 1.64966E+00 1.65555E+00 2.08932E+00 6.56737E-01 0.00000E+00 1.55592E+01
0.00000E+00 9.32024E-01 2.34375E+00 1.91883E+00 1.91410E+00 1.91428E+00 1.92026E+00 2.34375E+00 9.32024E-01 0.00000E+00 2.24501E+01
0.00000E+00 1.24186E+00 2.63468E+00 2.21896E+00 2.21422E+00 2.21442E+00 2.22048E+00 2.63468E+00 1.24186E+00 0.00000E+00 3.05169E+01
1.27576E-01 1.56917E+00 2.94479E+00 2.53743E+00 2.53267E+00 2.53289E+00 2.53903E+00 2.94479E+00 1.56917E+00 1.27576E-01 3.96635E+01
4.77174E-01 1.90684E+00 3.26670E+00 2.86698E+00 2.86220E+00 2.86244E+00 2.86866E+00 3.26670E+00 1.90684E+00 4.77174E-01 4.97561E+01
8.58263E-01 2.27679E+00 3.62197E+00 3.22934E+00 3.22454E+00 3.22481E+00 3.23110E+00 3.62197E+00 2.27679E+00 8.58263E-01 6.08449E+01
1.26906E+00 2.67714E+00 4.00859E+00 3.62258E+00 3.61777E+00 3.61806E+00 3.62441E+00 4.00859E+00 2.67714E+00 1.26906E+00 7.28951E+01
1.70793E+00 3.10618E+00 4.42475E+00 4.04494E+00 4.04011E+00 4.04042E+00 4.04684E+00 4.42475E+00 3.10618E+00 1.70793E+00 8.58685E+01
2.17341E+00 3.56238E+00 4.86881E+00 4.49482E+00 4.48999E+00 4.49032E+00 4.49680E+00 4.86882E+00 3.56238E+00 2.17341E+00 9.97249E+01
2.66413E+00 4.04430E+00 5.33928E+00 4.97078E+00 4.96593E+00 4.96628E+00 4.97283E+00 5.33928E+00 4.04430E+00 2.66413E+00 1.14423E+02
3.17882E+00 4.55065E+00 5.83477E+00 5.47146E+00 5.46660E+00 5.46697E+00 5.47358E+00 5.83478E+00 4.55065E+00 3.17882E+00 1.29922E+02
3.71632E+00 5.08020E+00 6.35403E+00 5.99563E+00 5.99076E+00 5.99115E+00 5.99781E+00 6.35403E+00 5.08020E+00 3.71632E+00 1.46180E+02
4.27553E+00 5.63184E+00 6.89586E+00 6.54213E+00 6.53725E+00 6.53767E+00 6.54438E+00 6.89587E+00 5.63184E+00 4.27553E+00 1.63157E+02
4.85543E+00 6.20451E+00 7.45918E+00 7.10989E+00 7.10501E+00 7.10544E+00 7.11221E+00 7.45919E+00 6.20451E+00 4.85543E+00 1.80814E+02
5.45506E+00 6.79721E+00 8.04296E+00 7.69791E+00 7.69301E+00 7.69347E+00 7.70029E+00 8.04297E+00 6.79721E+00 5.45506E+00 1.99113E+02
6.07352E+00 7.40903E+00 8.64624E+00 8.30524E+00 8.30033E+00 8.30080E+00 8.30768E+00 8.64625E+00 7.40903E+00 6.07352E+00 2.18017E+02
6.70996E+00 8.03909E+00 9.26811E+00 8.93098E+00 8.92607E+00 8.92656E+00 8.93348E+00 9.26812E+00 8.03909E+00 6.70996E+00 2.37492E+02
7.36357E+00 8.68656E+00 9.90773E+00 9.57430E+00 9.56938E+00 9.56989E+00 9.57687E+00 9.90773E+00 8.68656E+00 7.36357E+00 2.57504E+02
8.03358E+00 9.35067E+00 1.05643E+01 1.02344E+01 1.02295E+01 1.02300E+01 1.02370E+01 1.05643E+01 9.35067E+00 8.03358E+00 2.78020E+02
8.71927E+00 1.00307E+01 1.12370E+01 1.09106E+01 1.09056E+01 1.09062E+01 1.09132E+01 1.12370E+01 1.00307E+01 8.71927E+00 2.99012E+02
9.41996E+00 1.07258E+01 1.19252E+01 1.16020E+01 1.15971E+01 1.15977E+01 1.16048E+01 1.19252E+01 1.07258E+01 9.41996E+00 3.20448E+02
1.01350E+01 1.14356E+01 1.26281E+01 1.23082E+01 1.23032E+01 1.23038E+01 1.23110E+01 1.26281E+01 1.14356E+01 1.01350E+01 3.42303E+02
1.08637E+01 1.21592E+01 1.33452E+01 1.30283E+01 1.30233E+01 1.30240E+01 1.30312E+01 1.33452E+01 1.21592E+01 1.08637E+01 3.64550E+02
1.16056E+01 1.28960E+01 1.40758E+01 1.37618E+01 1.37569E+01 1.37575E+01 1.37647E+01 1.40758E+01 1.28960E+01 1.16056E+01 3.87164E+02
1.23600E+01 1.36456E+01 1.48193E+01 1.45082E+01 1.45032E+01 1.45039E+01 1.45111E+01 1.48193E+01 1.36456E+01 1.23600E+01 4.10122E+02
1.31265E+01 1.44074E+01 1.55751E+01 1.52668E+01 1.52618E+01 1.52625E+01 1.52698E+01 1.55751E+01 1.44074E+01 1.31265E+01 4.33401E+02
1.39044E+01 1.51808E+01 1.63428E+01 1.60371E+01 1.60321E+01 1.60328E+01 1.60402E+01 1.63428E+01 1.51808E+01 1.39044E+01 4.56981E+02
1.46933E+01 1.59653E+01 1.71218E+01 1.68187E+01 1.68137E+01 1.68144E+01 1.68218E+01 1.71218E+01 1.59653E+01 1.46933E+01 4.80841E+02
1.54928E+01 1.67605E+01 1.79116E+01 1.76110E+01 1.76060E+01 1.76067E+01 1.76142E+01 1.79116E+01 1.67605E+01 1.54928E+01 5.04963E+02
1.63024E+01 1.75659E+01 1.87117E+01 1.84136E+01 1.84086E+01 1.84093E+01 1.84168E+01 1.87117E+01 1.75659E+01 1.63024E+01 5.29329E+02
1.71216E+01 1.83811E+01 1.95218E+01 1.92260E+01 1.92210E+01 1.92218E+01 1.92293E+01 1.95218E+01 1.83811E+01 1.71216E+01 5.53921E+02
1.79501E+01 1.92056E+01 2.03413E+01 2.00479E+01 2.00429E+01 2.00436E+01 2.00512E+01 2.03413E+01 1.92056E+01 1.79501E+01 5.78725E+02
1.87874E+01 2.00391E+01 2.11700E+01 2.08787E+01 2.08737E+01 2.08745E+01 2.08821E+01 2.11700E+01 2.00391E+01 1.87874E+01 6.03724E+02
1.96332E+01 2.08811E+01 2.20073E+01 2.17182E+01 2.17132E+01 2.17140E+01 2.17216E+01 2.20073E+01 2.08811E+01 1.96332E+01 6.28904E+02
2.04871E+01 2.17313E+01 2.28529E+01 2.25660E+01 2.25609E+01 2.25618E+01 2.25694E+01 2.28529E+01 2.17313E+01 2.04871E+01 6.54252E+02
2.13488E+01 2.25893E+01 2.37065E+01 2.34216E+01 2.34166E+01 2.34174E+01 2.34251E+01 2.37065E+01 2.25893E+01 2.13488E+01 6.79755E+02
2.22178E+01 2.34549E+01 2.45677E+01 2.42848E+01 2.42798E+01 2.42806E+01 2.42884E+01 2.45677E+01 2.34549E+01 2.22178E+01 7.05401E+02
2.30940E+01 2.43276E+01 2.54361E+01 2.51553E+01 2.51502E+01 2.51511E+01 2.51589E+01 2.54361E+01 2.43276E+01 2.30940E+01 7.31178E+02
2.39769E+01 2.52072E+01 2.63116E+01 2.60326E+01 2.60276E+01 2.60285E+01 2.60363E+01 2.63116E+01 2.52072E+01 2.39769E+01 7.57075E+02
2.48664E+01 2.60934E+01 2.71937E+01 2.69166E+01 2.69116E+01 2.69125E+01 2.69203E+01 2.71937E+01 2.60934E+01 2.48664E+01 7.83082E+02
2.57621E+01 2.69859E+01 2.80822E+01 2.78069E+01 2.78019E+01 2.78028E+01 2.78106E+01 2.80822E+01 2.69859E+01 2.57621E+01 8.09189E+02
2.66637E+01 2.78843E+01 2.89767E+01 2.87032E+01 2.86982E+01 2.86991E+01 2.87070E+01 2.89767E+01 2.78843E+01 2.66637E+01 8.35387E+02
2.75709E+01 2.87885E+01 2.98771E+01 2.96054E+01 2.96003E+01 2.96013E+01 2.96092E+01 2.98771E+01 2.87885E+01 2.75709E+01 8.61667E+02
2.84836E+01 2.96982E+01 3.07831E+01 3.05130E+01 3.05080E+01 3.05089E+01 3.05169E+01 3.07831E+01 2.96982E+01 2.84836E+01 8.88021E+02
2.94015E+01 3.06131E+01 3.16943E+01 3.14260E+01 3.14209E+01 3.14219E+01 3.14299E+01 3.16943E+01 3.06131E+01 2.94015E+01 9.14441E+02
0.00000E+00 0.00000E+00 1.30013E+00 9.04647E-01 8.99870E-01 8.99942E-01 9.05764E-01 1.30013E+00 0.00000E+00 0.00000E+00 -2.11521E+00
0.00000E+00 0.00000E+00 1.30287E+00 9.24885E-01 9.20067E-01 9.20174E-01 9.26162E-01 1.30287E+00 0.00000E+00 0.00000E+00 -5.61678E-01
0.00000E+00 6.88255E-02 1.36591E+00 1.00212E+00 9.97270E-01 9.97410E-01 1.00354E+00 1.36591E+00 6.88255E-02 0.00000E+00 1.75180E+00
0.00000E+00 2.07406E-01 1.47886E+00 1.12713E+00 1.12225E+00 1.12242E+00 1.12868E+00 1.47886E+00 2.07406E-01 0.00000E+00 4.93909E+00
0.00000E+00 3.86323E-01 1.63534E+00 1.29412E+00 1.28921E+00 1.28942E+00 1.29580E+00 1.63534E+00 3.86323E-01 0.00000E+00 9.12443E+00
0.00000E+00 6.00974E-01 1.83007E+00 1.49815E+00 1.49322E+00 1.49346E+00 1.49995E+00 1.83007E+00 6.00974E-01 0.00000E+00 1.43409E+01
0.00000E+00 8.47703E-01 2.05890E+00 1.73531E+00 1.73036E+00 1.73063E+00 1.73722E+00 2.05891E+00 8.47703E-01 0.00000E+00 2.05878E+01
0.00000E+00 1.12355E+00 2.31853E+00 2.00247E+00 1.99750E+00 1.99779E+00 2.00448E+00 2.31853E+00 1.12355E+00 0.00000E+00 2.78426E+01
1.13886E-01 1.41432E+00 2.59455E+00 2.28531E+00 2.28032E+00 2.28065E+00 2.28743E+00 2.59455E+00 1.41432E+00 1.13886E-01 3.59917E+01
4.24551E-01 1.71416E+00 2.88086E+00 2.57785E+00 2.57285E+00 2.57321E+00 2.58008E+00 2.88087E+00 1.71416E+00 4.24551E-01 4.48989E+01
7.61215E-01 2.04070E+00 3.19482E+00 2.89760E+00 2.89258E+00 2.89297E+00 2.89992E+00 3.19482E+00 2.04070E+00 7.61215E-01 5.46266E+01
1.12221E+00 2.39221E+00 3.53455E+00 3.24273E+00 3.23771E+00 3.23812E+00 3.24515E+00 3.53455E+00 2.39221E+00 1.12221E+00 6.51383E+01
1.50605E+00 2.76711E+00 3.89840E+00 3.61164E+00 3.60660E+00 3.60704E+00 3.61415E+00 3.89840E+00 2.76711E+00 1.50605E+00 7.63955E+01
1.91136E+00 3.16399E+00 4.28487E+00 4.00287E+00 3.99782E+00 3.99828E+00 4.00547E+00 4.28488E+00 3.16399E+00 1.91136E+00 8.83590E+01
2.33691E+00 3.58156E+00 4.69261E+00 4.41509E+00 4.41002E+00 4.41052E+00 4.41777E+00 4.69261E+00 3.58156E+00 2.33691E+00 1.00989E+02
2.78157E+00 4.01864E+00 5.12038E+00 4.84709E+00 4.84202E+00 4.84254E+00 4.84986E+00 5.12038E+00 4.01864E+00 2.78157E+00 1.14248E+02
3.24429E+00 4.47414E+00 5.56705E+00 5.29776E+00 5.29268E+00 5.29323E+00 5.30062E+00 5.56705E+00 4.47414E+00 3.24429E+00 1.28097E+02
3.72409E+00 4.94707E+00 6.03156E+00 5.76608E+00 5.76099E+00 5.76157E+00 5.76902E+00 6.03156E+00 4.94707E+00 3.72409E+00 1.42501E+02
4.22008E+00 5.43648E+00 6.51296E+00 6.25110E+00 6.24600E+00 6.24660E+00 6.25412E+00 6.51296E+00 5.43648E+00 4.22008E+00 1.57424E+02
4.73140E+00 5.94151E+00 7.01033E+00 6.75193E+00 6.74682E+00 6.74745E+00 6.75503E+00 7.01033E+00 5.94151E+00 4.73140E+00 1.72833E+02
5.25728E+00 6.46135E+00 7.52284E+00 7.26774E+00 7.26263E+00 7.26328E+00 7.27092E+00 7.52284E+00 6.46135E+00 5.25728E+00 1.88696E+02
5.79696E+00 6.99523E+00 8.04971E+00 7.79776E+00 7.79264E+00 7.79332E+00 7.80102E+00 8.04971E+00 6.99523E+00 5.79696E+00 2.04982E+02
6.34976E+00 7.54246E+00 8.59019E+00 8.34127E+00 8.33614E+00 8.33685E+00 8.34460E+00 8.59019E+00 7.54246E+00 6.34976E+00 2.21664E+02
6.91501E+00 8.10235E+00 9.14360E+00 8.89759E+00 8.89245E+00 8.89318E+00 8.90099E+00 9.14360E+00 8.10235E+00 6.91501E+00 2.38714E+02
7.49211E+00 8.67427E+00 9.70928E+00 9.46606E+00 9.46092E+00 9.46167E+00 9.46954E+00 9.70929E+00 8.67427E+00 7.49211E+00 2.56107E+02
8.08046E+00 9.25762E+00 1.02866E+01 1.00461E+01 1.00409E+01 1.00417E+01 1.00496E+01 1.02866E+01 9.25762E+00 8.08046E+00 2.73818E+02
8.67951E+00 9.85184E+00 1.08751E+01 1.06371E+01 1.06319E+01 1.06327E+01 1.06407E+01 1.08751E+01 9.85184E+00 8.67951E+00 2.91825E+02
9.28873E+00 1.04564E+01 1.14740E+01 1.12385E+01 1.12334E+01 1.12342E+01 1.12422E+01 1.14740E+01 1.04564E+01 9.28873E+00 3.10106E+02
9.90764E+00 1.10708E+01 1.20830E+01 1.18499E+01 1.18448E+01 1.18456E+01 1.18537E+01 1.20830E+01 1.10708E+01 9.90764E+00 3.28640E+02
1.05357E+01 1.16945E+01 1.27015E+01 1.24707E+01 1.24656E+01 1.24664E+01 1.24746E+01 1.27015E+01 1.16945E+01 1.05357E+01 3.47410E+02
1.11726E+01 1.23271E+01 1.33290E+01 1.31005E+01 1.30953E+01 1.30963E+01 1.31044E+01 1.33290E+01 1.23271E+01 1.11726E+01 3.66397E+02
1.18178E+01 1.29682E+01 1.39652E+01 1.37389E+01 1.37337E+01 1.37346E+01 1.37428E+01 1.39652E+01 1.29682E+01 1.18178E+01 3.85584E+02
1.24709E+01 1.36173E+01 1.46095E+01 1.43853E+01 1.43801E+01 1.43811E+01 1.43893E+01 1.46095E+01 1.36173E+01 1.24709E+01 4.04955E+02
1.31316E+01 1.42741E+01 1.52616E+01 1.50395E+01 1.50343E+01 1.50353E+01 1.50436E+01 1.52616E+01 1.42741E+01 1.31316E+01 4.24496E+02
1.37994E+01 1.49381E+01 1.59212E+01 1.57010E+01 1.56958E+01 1.56968E+01 1.57052E+01 1.59212E+01 1.49381E+01 1.37994E+01 4.44192E+02
1.44741E+01 1.56090E+01 1.65877E+01 1.63695E+01 1.63643E+01 1.63653E+01 1.63737E+01 1.65877E+01 1.56090E+01 1.44741E+01 4.64030E+02
1.51552E+01 1.62866E+01 1.72610E+01 1.70447E+01 1.70395E+01 1.70405E+01 1.70489E+01 1.72610E+01 1.62866E+01 1.51552E+01 4.83998E+02
1.58425E+01 1.69704E+01 1.79407E+01 1.77261E+01 1.77209E+01 1.77220E+01 1.77305E+01 1.79407E+01 1.69704E+01 1.58425E+01 5.04084E+02
1.65357E+01 1.76601E+01 1.86264E+01 1.84136E+01 1.84084E+01 1.84095E+01 1.84180E+01 1.86264E+01 1.76601E+01 1.65357E+01 5.24276E+02
1.72344E+01 1.83555E+01 1.93178E+01 1.91068E+01 1.91016E+01 1.91027E+01 1.91113E+01 1.93178E+01 1.83555E+01 1.72344E+01 5.44566E+02
1.79385E+01 1.90563E+01 2.00147E+01 1.98054E+01 1.98002E+01 1.98013E+01 1.98099E+01 2.00148E+01 1.90563E+01 1.79385E+01 5.64942E+02
1.86475E+01 1.97621E+01 2.07169E+01 2.05091E+01 2.05039E+01 2.05051E+01 2.05137E+01 2.07169E+01 1.97621E+01 1.86475E+01 5.85396E+02
1.93613E+01 2.04728E+01 2.14239E+01 2.12178E+01 2.12126E+01 2.12137E+01 2.12224E+01 2.14239E+01 2.04728E+01 1.93613E+01 6.05919E+02
2.00797E+01 2.11881E+01 2.21356E+01 2.19311E+01 2.19259E+01 2.19271E+01 2.19358E+01 2.21356E+01 2.11881E+01 2.00797E+01 6.26502E+02
2.08023E+01 2.19078E+01 2.28518E+01 2.26488E+01 2.26435E+01 2.26448E+01 2.26535E+01 2.28518E+01 2.19078E+01 2.08023E+01 6.47139E+02
2.15290E+01 2.26316E+01 2.35722E+01 2.33706E+01 2.33654E+01 2.33666E+01 2.33754E+01 2.35722E+01 2.26316E+01 2.15290E+01 6.67822E+02
2.22596E+01 2.33593E+01 2.42966E+01 2.40965E+01 2.40912E+01 2.40925E+01 2.41013E+01 2.42966E+01 2.33593E+01 2.22596E+01 6.88544E+02
2.29938E+01 2.40907E+01 2.50247E+01 2.48260E+01 2.48208E+01 2.48221E+01 2.48310E+01 2.50247E+01 2.40907E+01 2.29938E+01 7.09298E+02
2.37315E+01 2.48256E+01 2.57565E+01 2.55592E+01 2.55539E+01 2.55552E+01 2.55641E+01 2.57565E+01 2.48256E+01 2.37315E+01 7.30079E+02
2.44724E+01 2.55639E+01 2.64916E+01 2.62956E+01 2.62904E+01 2.62917E+01 2.63007E+01 2.64916E+01 2.55639E+01 2.44724E+01 7.50881E+02
0.00000E+00 0.00000E+00 1.10708E+00 8.07969E-01 8.02951E-01 8.03047E-01 8.09441E-01 1.10708E+00 0.00000E+00 0.00000E+00 -1.97052E+00
0.00000E+00 0.00000E+00 1.11539E+00 8.30538E-01 8.25481E-01 8.25625E-01 8.32213E-01 1.11539E+00 0.00000E+00 0.00000E+00 -5.22549E-01
0.00000E+00 6.48391E-02 1.17771E+00 9.04420E-01 8.99330E-01 8.99519E-01 9.06276E-01 1.17771E+00 6.48391E-02 0.00000E+00 1.64095E+00
0.00000E+00 1.93021E-01 1.28390E+00 1.02043E+00 1.01532E+00 1.01555E+00 1.02246E+00 1.28390E+00 1.93021E-01 0.00000E+00 4.60466E+00
0.00000E+00 3.56180E-01 1.42781E+00 1.17290E+00 1.16776E+00 1.16804E+00 1.17509E+00 1.42781E+00 3.56180E-01 0.00000E+00 8.46324E+00
0.00000E+00 5.49897E-01 1.60444E+00 1.35710E+00 1.35194E+00 1.35226E+00 1.35944E+00 1.60444E+00 5.49897E-01 0.00000E+00 1.32280E+01
0.00000E+00 7.70725E-01 1.80992E+00 1.56936E+00 1.56418E+00 1.56453E+00 1.57183E+00 1.80992E+00 7.70725E-01 0.00000E+00 1.88827E+01
0.00000E+00 1.01591E+00 2.04119E+00 1.80675E+00 1.80155E+00 1.80195E+00 1.80936E+00 2.04119E+00 1.01591E+00 0.00000E+00 2.53939E+01
1.01467E-01 1.27372E+00 2.28635E+00 2.05745E+00 2.05224E+00 2.05268E+00 2.06020E+00 2.28635E+00 1.27372E+00 1.01467E-01 3.26364E+01
3.76957E-01 1.53937E+00 2.54039E+00 2.31657E+00 2.31135E+00 2.31183E+00 2.31945E+00 2.54040E+00 1.53937E+00 3.76957E-01 4.04753E+01
6.73697E-01 1.82692E+00 2.81714E+00 2.59803E+00 2.59279E+00 2.59331E+00 2.60103E+00 2.81714E+00 1.82692E+00 6.73697E-01 4.89828E+01
9.90159E-01 2.13476E+00 3.11487E+00 2.90016E+00 2.89491E+00 2.89547E+00 2.90328E+00 3.11488E+00 2.13476E+00 9.90159E-01 5.81219E+01
1.32498E+00 2.46146E+00 3.43210E+00 3.22149E+00 3.21624E+00 3.21683E+00 3.22473E+00 3.43210E+00 2.46146E+00 1.32498E+00 6.78551E+01
1.67694E+00 2.80576E+00 3.76747E+00 3.56073E+00 3.55546E+00 3.55609E+00 3.56408E+00 3.76747E+00 2.80576E+00 1.67694E+00 7.81451E+01
2.04494E+00 3.16650E+00 4.11977E+00 3.91667E+00 3.91139E+00 3.91206E+00 3.92013E+00 4.11978E+00 3.16650E+00 2.04494E+00 8.89555E+01
2.42795E+00 3.54262E+00 4.48791E+00 4.28824E+00 4.28296E+00 4.28367E+00 4.29182E+00 4.48791E+00 3.54262E+00 2.42795E+00 1.00251E+02
2.82506E+00 3.93317E+00 4.87088E+00 4.67447E+00 4.66918E+00 4.66993E+00 4.67816E+00 4.87089E+00 3.93317E+00 2.82506E+00 1.11997E+02
3.23541E+00 4.33727E+00 5.26777E+00 5.07445E+00 5.06915E+00 5.06994E+00 5.07824E+00 5.26777E+00 4.33727E+00 3.23541E+00 1.24163E+02
3.65822E+00 4.75411E+00 5.67773E+00 5.48736E+00 5.48205E+00 5.48287E+00 5.49125E+00 5.67773E+00 4.75411E+00 3.65822E+00 1.36717E+02
4.09276E+00 5.18293E+00 6.09998E+00 5.91241E+00 5.90710E+00 5.90795E+00 5.91640E+00 6.09998E+00 5.18293E+00 4.09276E+00 1.49630E+02
4.53835E+00 5.62303E+00 6.53380E+00 6.34891E+00 6.34359E+00 6.34448E+00 6.35300E+00 6.53380E+00 5.62303E+00 4.53835E+00 1.62876E+02
4.99436E+00 6.07377E+00 6.97851E+00 6.79619E+00 6.79086E+00 6.79178E+00 6.80038E+00 6.97851E+00 6.07377E+00 4.99436E+00 1.76428E+02
5.46018E+00 6.53453E+00 7.43349E+00 7.25362E+00 7.24829E+00 7.24925E+00 7.25790E+00 7.43349E+00 6.53453E+00 5.46018E+00 1.90263E+02
5.93528E+00 7.00474E+00 7.89815E+00 7.72063E+00 7.71530E+00 7.71629E+00 7.72501E+00 7.89815E+00 7.00474E+00 5.93528E+00 2.04358E+02
6.41912E+00 7.48388E+00 8.37193E+00 8.19668E+00 8.19134E+00 8.19237E+00 8.20116E+00 8.37194E+00 7.48388E+00 6.41912E+00 2.18692E+02
6.91122E+00 7.97143E+00 8.85433E+00 8.68126E+00 8.67592E+00 8.67698E+00 8.68583E+00 8.85434E+00 7.97143E+00 6.91122E+00 2.33244E+02
7.41111E+00 8.46694E+00 9.34486E+00 9.17389E+00 9.16854E+00 9.16963E+00 9.17854E+00 9.34486E+00 8.46694E+00 7.41111E+00 2.47998E+02
7.91836E+00 8.96994E+00 9.84306E+00 9.67411E+00 9.66876E+00 9.66989E+00 9.67886E+00 9.84307E+00 8.96994E+00 7.91836E+00 2.62935E+02
8.43256E+00 9.48003E+00 1.03485E+01 1.01815E+01 1.01762E+01 1.01773E+01 1.01863E+01 1.03485E+01 9.48003E+00 8.43256E+00 2.78038E+02
8.95332E+00 9.99680E+00 1.08608E+01 1.06957E+01 1.06903E+01 1.06915E+01 1.07006E+01 1.08608E+01 9.99680E+00 8.95332E+00 2.93294E+02
9.48028E+00 1.05199E+01 1.13795E+01 1.12162E+01 1.12109E+01 1.12121E+01 1.12212E+01 1.13795E+01 1.05199E+01 9.48028E+00 3.08688E+02
1.00131E+01 1.10489E+01 1.19044E+01 1.17428E+01 1.17375E+01 1.17387E+01 1.17479E+01 1.19044E+01 1.10489E+01 1.00131E+01 3.24207E+02
1.05514E+01 1.15836E+01 1.24349E+01 1.22751E+01 1.22698E+01 1.22710E+01 1.22803E+01 1.24349E+01 1.15836E+01 1.05514E+01 3.39837E+02
1.10949E+01 1.21236E+01 1.29709E+01 1.28128E+01 1.28074E+01 1.28087E+01 1.28180E+01 1.29709E+01 1.21236E+01 1.10949E+01 3.55569E+02
1.16434E+01 1.26686E+01 1.35121E+01 1.33555E+01 1.33502E+01 1.33515E+01 1.33609E+01 1.35121E+01 1.26686E+01 1.16434E+01 3.71390E+02
1.21964E+01 1.32183E+01 1.40580E+01 1.39030E+01 1.38977E+01 1.38991E+01 1.39085E+01 1.40580E+01 1.32183E+01 1.21964E+01 3.87292E+02
1.27539E+01 1.37724E+01 1.46085E+01 1.44551E+01 1.44497E+01 1.44511E+01 1.44606E+01 1.46085E+01 1.37724E+01 1.27539E+01 4.03264E+02
1.33154E+01 1.43308E+01 1.51633E+01 1.50113E+01 1.50060E+01 1.50074E+01 1.50169E+01 1.51633E+01 1.43308E+01 1.33154E+01 4.19297E+02
1.38808E+01 1.48931E+01 1.57222E+01 1.55716E+01 1.55662E+01 1.55677E+01 1.55773E+01 1.57222E+01 1.48931E+01 1.38808E+01 4.35384E+02
1.44499E+01 1.54591E+01 1.62848E+01 1.61356E+01 1.61303E+01 1.61318E+01 1.61414E+01 1.62848E+01 1.54591E+01 1.44499E+01 4.51517E+02
1.50223E+01 1.60286E+01 1.68510E+01 1.67032E+01 1.66978E+01 1.66994E+01 1.67090E+01 1.68510E+01 1.60286E+01 1.50223E+01 4.67688E+02
1.55980E+01 1.66014E+01 1.74206E+01 1.72741E+01 1.72687E+01 1.72703E+01 1.72800E+01 1.74206E+01 1.66014E+01 1.55980E+01 4.83890E+02
1.61767E+01 1.71773E+01 1.79933E+01 1.78482E+01 1.78428E+01 1.78444E+01 1.78541E+01 1.79933E+01 1.71773E+01 1.61767E+01 5.00118E+02
1.67583E+01 1.77560E+01 1.85690E+01 1.84251E+01 1.84197E+01 1.84214E+01 1.84311E+01 1.85690E+01 1.77560E+01 1.67583E+01 5.16366E+02
1.73425E+01 1.83375E+01 1.91475E+01 1.90048E+01 1.89994E+01 1.90011E+01 1.90109E+01 1.91475E+01 1.83375E+01 1.73425E+01 5.32627E+02
1.79291E+01 1.89215E+01 1.97286E+01 1.95871E+01 1.95817E+01 1.95834E+01 1.95933E+01 1.97286E+01 1.89215E+01 1.79291E+01 5.48898E+02
1.85181E+01 1.95079E+01 2.03121E+01 2.01718E+01 2.01664E+01 2.01681E+01 2.01781E+01 2.03121E+01 1.95079E+01 1.85181E+01 5.65172E+02
1.91092E+01 2.00965E+01 2.08979E+01 2.07587E+01 2.07533E+01 2.07551E+01 2.07651E+01 2.08979E+01 2.00965E+01 1.91092E+01 5.81445E+02
1.97024E+01 2.06871E+01 2.14858E+01 2.13478E+01 2.13424E+01 2.13441E+01 2.13542E+01 2.14858E+01 2.06871E+01 1.97024E+01 5.97714E+02
2.02974E+01 2.12797E+01 2.20757E+01 2.19387E+01 2.19334E+01 2.19352E+01 2.19452E+01 2.20757E+01 2.12797E+01 2.02974E+01 6.13974E+02
0.00000E+00 0.00000E+00 9.41294E-01 7.21031E-01 7.15759E-01 7.15871E-01 7.22914E-01 9.41293E-01 0.00000E+00 0.00000E+00 -1.84595E+00
0.00000E+00 0.00000E+00 9.54619E-01 7.45925E-01 7.40618E-01 7.40797E-01 7.48069E-01 9.54618E-01 0.00000E+00 0.00000E+00 -4.86874E-01
0.00000E+00 6.11603E-02 1.01601E+00 8.16691E-01 8.11355E-01 8.11598E-01 8.19069E-01 1.01601E+00 6.11603E-02 0.00000E+00 1.54414E+00
0.00000E+00 1.79735E-01 1.11572E+00 9.24366E-01 9.19005E-01 9.19311E-01 9.26962E-01 1.11572E+00 1.79735E-01 0.00000E+00 4.30434E+00
0.00000E+00 3.28422E-01 1.24789E+00 1.06348E+00 1.05810E+00 1.05846E+00 1.06628E+00 1.24789E+00 3.28422E-01 0.00000E+00 7.86193E+00
0.00000E+00 5.03038E-01 1.40785E+00 1.22957E+00 1.22417E+00 1.22459E+00 1.23256E+00 1.40785E+00 5.03038E-01 0.00000E+00 1.22099E+01
0.00000E+00 7.00376E-01 1.59202E+00 1.41923E+00 1.41381E+00 1.41430E+00 1.42241E+00 1.59202E+00 7.00376E-01 0.00000E+00 1.73195E+01
0.00000E+00 9.17902E-01 1.79761E+00 1.62978E+00 1.62435E+00 1.62489E+00 1.63313E+00 1.79761E+00 9.17902E-01 0.00000E+00 2.31497E+01
9.02064E-02 1.14601E+00 2.01486E+00 1.85152E+00 1.84608E+00 1.84668E+00 1.85505E+00 2.01486E+00 1.14601E+00 9.02064E-02 2.95687E+01
3.33942E-01 1.38080E+00 2.23970E+00 2.08047E+00 2.07502E+00 2.07567E+00 2.08416E+00 2.23970E+00 1.38080E+00 3.33942E-01 3.64462E+01
5.94841E-01 1.63334E+00 2.48297E+00 2.32755E+00 2.32209E+00 2.32280E+00 2.33140E+00 2.48297E+00 1.63334E+00 5.94841E-01 4.38612E+01
8.71524E-01 1.90219E+00 2.74315E+00 2.59129E+00 2.58582E+00 2.58658E+00 2.59529E+00 2.74315E+00 1.90219E+00 8.71524E-01 5.17777E+01
1.16277E+00 2.18606E+00 3.01889E+00 2.87035E+00 2.86488E+00 2.86569E+00 2.87451E+00 3.01889E+00 2.18606E+00 1.16277E+00 6.01603E+01
1.46750E+00 2.48382E+00 3.30899E+00 3.16358E+00 3.15810E+00 3.15896E+00 3.16788E+00 3.30899E+00 2.48382E+00 1.46750E+00 6.89743E+01
1.78473E+00 2.79445E+00 3.61239E+00 3.46992E+00 3.46443E+00 3.46535E+00 3.47437E+00 3.61239E+00 2.79445E+00 1.78473E+00 7.81865E+01
2.11358E+00 3.11704E+00 3.92812E+00 3.78844E+00 3.78294E+00 3.78391E+00 3.79303E+00 3.92813E+00 3.11704E+00 2.11358E+00 8.77655E+01
2.45325E+00 3.45074E+00 4.25532E+00 4.11827E+00 4.11277E+00 4.11379E+00 4.12300E+00 4.25533E+00 3.45074E+00 2.45325E+00 9.76815E+01
2.80299E+00 3.79480E+00 4.59319E+00 4.45865E+00 4.45314E+00 4.45421E+00 4.46351E+00 4.59320E+00 3.79480E+00 2.80299E+00 1.07906E+02
3.16214E+00 4.14852E+00 4.94101E+00 4.80884E+00 4.80334E+00 4.80445E+00 4.81384E+00 4.94102E+00 4.14852E+00 3.16214E+00 1.18414E+02
3.53008E+00 4.51125E+00 5.29811E+00 5.16821E+00 5.16270E+00 5.16386E+00 5.17333E+00 5.29811E+00 4.51125E+00 3.53008E+00 1.29179E+02
3.90622E+00 4.88240E+00 5.66387E+00 5.53613E+00 5.53062E+00 5.53183E+00 5.54138E+00 5.66387E+00 4.88240E+00 3.90622E+00 1.40180E+02
4.29003E+00 5.26142E+00 6.03772E+00 5.91206E+00 5.90654E+00 5.90780E+00 5.91743E+00 6.03772E+00 5.26142E+00 4.29003E+00 1.51395E+02
4.68101E+00 5.64780E+00 6.41914E+00 6.29546E+00 6.28994E+00 6.29125E+00 6.30096E+00 6.41914E+00 5.64780E+00 4.68101E+00 1.62804E+02
5.07871E+00 6.04106E+00 6.80763E+00 6.68586E+00 6.68034E+00 6.68169E+00 6.69148E+00 6.80764E+00 6.04106E+00 5.07871E+00 1.74389E+02
5.48269E+00 6.44077E+00 7.20274E+00 7.08280E+00 7.07728E+00 7.07867E+00 7.08854E+00 7.20275E+00 6.44077E+00 5.48269E+00 1.86132E+02
5.89255E+00 6.84649E+00 7.60405E+00 7.48587E+00 7.48034E+00 7.48178E+00 7.49173E+00 7.60405E+00 6.84649E+00 5.89255E+00 1.98018E+02
6.30791E+00 7.25786E+00 8.01115E+00 7.89466E+00 7.88913E+00 7.89062E+00 7.90064E+00 8.01115E+00 7.25786E+00 6.30791E+00 2.10033E+02
6.72841E+00 7.67450E+00 8.42367E+00 8.30881E+00 8.30328E+00 8.30482E+00 8.31490E+00 8.42367E+00 7.67450E+00 6.72841E+00 2.22161E+02
7.15373E+00 8.09607E+00 8.84125E+00 8.72798E+00 8.72245E+00 8.72403E+00 8.73418E+00 8.84126E+00 8.09607E+00 7.15373E+00 2.34392E+02
7.58354E+00 8.52226E+00 9.26358E+00 9.15183E+00 9.14630E+00 9.14792E+00 9.15815E+00 9.26359E+00 8.52226E+00 7.58354E+00 2.46712E+02
8.01755E+00 8.95275E+00 9.69035E+00 9.58007E+00 9.57454E+00 9.57621E+00 9.58649E+00 9.69036E+00 8.95275E+00 8.01755E+00 2.59111E+02
8.45549E+00 9.38728E+00 1.01213E+01 1.00124E+01 1.00069E+01 1.00086E+01 1.00189E+01 1.01213E+01 9.38728E+00 8.45549E+00 2.71580E+02
8.89710E+00 9.82557E+00 1.05560E+01 1.04486E+01 1.04430E+01 1.04448E+01 1.04552E+01 1.05560E+01 9.82557E+00 8.89710E+00 2.84108E+02
9.34212E+00 1.02674E+01 1.09944E+01 1.08883E+01 1.08828E+01 1.08845E+01 1.08950E+01 1.09944E+01 1.02674E+01 9.34212E+00 2.96687E+02
9.79033E+00 1.07124E+01 1.14362E+01 1.13313E+01 1.13258E+01 1.13276E+01 1.13382E+01 1.14362E+01 1.07124E+01 9.79033E+00 3.09309E+02
1.02415E+01 1.11605E+01 1.18811E+01 1.17775E+01 1.17720E+01 1.17738E+01 1.17844E+01 1.18811E+01 1.11605E+01 1.02415E+01 3.21966E+02
1.06954E+01 1.16115E+01 1.23289E+01 1.22265E+01 1.22210E+01 1.22229E+01 1.22336E+01 1.23289E+01 1.16115E+01 1.06954E+01 3.34652E+02
1.11519E+01 1.20651E+01 1.27794E+01 1.26783E+01 1.26727E+01 1.26747E+01 1.26854E+01 1.27794E+01 1.20651E+01 1.11519E+01 3.47359E+02
1.16108E+01 1.25211E+01 1.32325E+01 1.31325E+01 1.31270E+01 1.31290E+01 1.31397E+01 1.32325E+01 1.25211E+01 1.16108E+01 3.60083E+02
1.20718E+01 1.29794E+01 1.36879E+01 1.35890E+01 1.35835E+01 1.35855E+01 1.35964E+01 1.36879E+01 1.29794E+01 1.20718E+01 3.72817E+02
1.25349E+01 1.34398E+01 1.41454E+01 1.40477E+01 1.40421E+01 1.40442E+01 1.40551E+01 1.41454E+01 1.34398E+01 1.25349E+01 3.85556E+02
1.29999E+01 1.39021E+01 1.46050E+01 1.45083E+01 1.45028E+01 1.45049E+01 1.45159E+01 1.46050E+01 1.39021E+01 1.29999E+01 3.98296E+02
1.34666E+01 1.43662E+01 1.50664E+01 1.49708E+01 1.49652E+01 1.49674E+01 1.49784E+01 1.50664E+01 1.43662E+01 1.34666E+01 4.11032E+02
1.39348E+01 1.48320E+01 1.55295E+01 1.54349E+01 1.54294E+01 1.54316E+01 1.54426E+01 1.55295E+01 1.48320E+01 1.39348E+01 4.23760E+02
1.44045E+01 1.52992E+01 1.59942E+01 1.59006E+01 1.58950E+01 1.58973E+01 1.59084E+01 1.59942E+01 1.52992E+01 1.44045E+01 4.36476E+02
1.48756E+01 1.57678E+01 1.64603E+01 1.63676E+01 1.63621E+01 1.63644E+01 1.63756E+01 1.64603E+01 1.57678E+01 1.48756E+01 4.49176E+02
1.53478E+01 1.62377E+01 1.69277E+01 1.68360E+01 1.68305E+01 1.68328E+01 1.68440E+01 1.69277E+01 1.62377E+01 1.53478E+01 4.61858E+02
1.58211E+01 1.67086E+01 1.73963E+01 1.73055E+01 1.73000E+01 1.73023E+01 1.73136E+01 1.73963E+01 1.67086E+01 1.58211E+01 4.74518E+02
1.62953E+01 1.71806E+01 1.78659E+01 1.77760E+01 1.77705E+01 1.77729E+01 1.77842E+01 1.78659E+01 1.71806E+01 1.62953E+01 4.87154E+02
1.67705E+01 1.76535E+01 1.83365E+01 1.82475E+01 1.82420E+01 1.82444E+01 1.82558E+01 1.83365E+01 1.76535E+01 1.67705E+01 4.99762E+02
0.00000E+00 0.00000E+00 7.98941E-01 6.42922E-01 6.37385E-01 6.37520E-01 6.45318E-01 7.98940E-01 0.00000E+00 0.00000E+00 -1.73903E+00
0.00000E+00 0.00000E+00 8.16768E-01 6.70090E-01 6.64524E-01 6.64755E-01 6.72826E-01 8.16767E-01 0.00000E+00 0.00000E+00 -4.53579E-01
0.00000E+00 5.77423E-02 8.77039E-01 7.37930E-01 7.32342E-01 7.32664E-01 7.40972E-01 8.77039E-01 5.77423E-02 0.00000E+00 1.46045E+00
0.00000E+00 1.67417E-01 9.70532E-01 8.37848E-01 8.32241E-01 8.32652E-01 8.41173E-01 9.70532E-01 1.67417E-01 0.00000E+00 4.03482E+00
0.00000E+00 3.02795E-01 1.09174E+00 9.64658E-01 9.59036E-01 9.59533E-01 9.68249E-01 1.09174E+00 3.02795E-01 0.00000E+00 7.31444E+00
0.00000E+00 4.59979E-01 1.23635E+00 1.11421E+00 1.10858E+00 1.10916E+00 1.11806E+00 1.23635E+00 4.59979E-01 0.00000E+00 1.12772E+01
0.00000E+00 6.36021E-01 1.40109E+00 1.28338E+00 1.27774E+00 1.27840E+00 1.28747E+00 1.40110E+00 6.36021E-01 0.00000E+00 1.58849E+01
0.00000E+00 8.28618E-01 1.58345E+00 1.46974E+00 1.46409E+00 1.46483E+00 1.47405E+00 1.58345E+00 8.28618E-01 0.00000E+00 2.10916E+01
8.00038E-02 1.02997E+00 1.77549E+00 1.66540E+00 1.65974E+00 1.66056E+00 1.66993E+00 1.77549E+00 1.02997E+00 8.00038E-02 2.67632E+01
2.95099E-01 1.23693E+00 1.97391E+00 1.86713E+00 1.86147E+00 1.86236E+00 1.87188E+00 1.97391E+00 1.23693E+00 2.95099E-01 3.27763E+01
5.23860E-01 1.45809E+00 2.18712E+00 2.08342E+00 2.07774E+00 2.07871E+00 2.08837E+00 2.18712E+00 1.45809E+00 5.23860E-01 3.92148E+01
7.65062E-01 1.69216E+00 2.41376E+00 2.31292E+00 2.30724E+00 2.30829E+00 2.31807E+00 2.41376E+00 1.69216E+00 7.65062E-01 4.60445E+01
1.01763E+00 1.93802E+00 2.65264E+00 2.55448E+00 2.54880E+00 2.54992E+00 2.55983E+00 2.65264E+00 1.93802E+00 1.01763E+00 5.32325E+01
1.28062E+00 2.19467E+00 2.90271E+00 2.80707E+00 2.80139E+00 2.80258E+00 2.81261E+00 2.90272E+00 2.19467E+00 1.28062E+00 6.07476E+01
1.55317E+00 2.46122E+00 3.16306E+00 3.06979E+00 3.06411E+00 3.06537E+00 3.07551E+00 3.16306E+00 2.46122E+00 1.55317E+00 6.85603E+01
1.83453E+00 2.73689E+00 3.43284E+00 3.34182E+00 3.33613E+00 3.33746E+00 3.34772E+00 3.43285E+00 2.73689E+00 1.83453E+00 7.66429E+01
2.12401E+00 3.02094E+00 3.71132E+00 3.62242E+00 3.61673E+00 3.61813E+00 3.62850E+00 3.71133E+00 3.02094E+00 2.12401E+00 8.49698E+01
2.42098E+00 3.31274E+00 3.99781E+00 3.91092E+00 3.90524E+00 3.90670E+00 3.91717E+00 3.99782E+00 3.31274E+00 2.42098E+00 9.35171E+01
2.72488E+00 3.61170E+00 4.29170E+00 4.20673E+00 4.20104E+00 4.20257E+00 4.21315E+00 4.29171E+00 3.61170E+00 2.72488E+00 1.02263E+02
3.03518E+00 3.91726E+00 4.59243E+00 4.50929E+00 4.50360E+00 4.50519E+00 4.51588E+00 4.59244E+00 3.91726E+00 3.03518E+00 1.11186E+02
3.35139E+00 4.22894E+00 4.89949E+00 4.81808E+00 4.81240E+00 4.81406E+00 4.82484E+00 4.89949E+00 4.22894E+00 3.35139E+00 1.20269E+02
3.67309E+00 4.54628E+00 5.21239E+00 5.13265E+00 5.12697E+00 5.12869E+00 5.13957E+00 5.21240E+00 4.54628E+00 3.67309E+00 1.29493E+02
3.99985E+00 4.86886E+00 5.53071E+00 5.45257E+00 5.44688E+00 5.44867E+00 5.45964E+00 5.53071E+00 4.86886E+00 3.99985E+00 1.38843E+02
4.33131E+00 5.19627E+00 5.85403E+00 5.77743E+00 5.77175E+00 5.77360E+00 5.78466E+00 5.85404E+00 5.19627E+00 4.33131E+00 1.48305E+02
4.66711E+00 5.52818E+00 6.18200E+00 6.10686E+00 6.10118E+00 6.10310E+00 6.11424E+00 6.18201E+00 5.52818E+00 4.66711E+00 1.57864E+02
5.00691E+00 5.86422E+00 6.51425E+00 6.44053E+00 6.43486E+00 6.43683E+00 6.44806E+00 6.51426E+00 5.86422E+00 5.00691E+00 1.67508E+02
5.35043E+00 6.20411E+00 6.85047E+00 6.77812E+00 6.77244E+00 6.77448E+00 6.78580E+00 6.85048E+00 6.20411E+00 5.35043E+00 1.77225E+02
5.69737E+00 6.54753E+00 7.19036E+00 7.11932E+00 7.11365E+00 7.11574E+00 7.12715E+00 7.19037E+00 6.54753E+00 5.69737E+00 1.87007E+02
6.04746E+00 6.89423E+00 7.53364E+00 7.46387E+00 7.45820E+00 7.46035E+00 7.47184E+00 7.53365E+00 6.89423E+00 6.04746E+00 1.96841E+02
6.40047E+00 7.24394E+00 7.88004E+00 7.81150E+00 7.80583E+00 7.80804E+00 7.81961E+00 7.88005E+00 7.24394E+00 6.40047E+00 2.06721E+02
6.75616E+00 7.59643E+00 8.22933E+00 8.16197E+00 8.15630E+00 8.15857E+00 8.17022E+00 8.22934E+00 7.59643E+00 6.75616E+00 2.16637E+02
7.11432E+00 7.95147E+00 8.58127E+00 8.51506E+00 8.50939E+00 8.51172E+00 8.52344E+00 8.58128E+00 7.95147E+00 7.11432E+00 2.26582E+02
7.47473E+00 8.30886E+00 8.93564E+00 8.87055E+00 8.86488E+00 8.86727E+00 8.87907E+00 8.93566E+00 8.30886E+00 7.47473E+00 2.36549E+02
7.83721E+00 8.66841E+00 9.29226E+00 9.22824E+00 9.22258E+00 9.22503E+00 9.23690E+00 9.29227E+00 8.66841E+00 7.83721E+00 2.46532E+02
8.20158E+00 9.02992E+00 9.65093E+00 9.58796E+00 9.58230E+00 9.58480E+00 9.59675E+00 9.65094E+00 9.02992E+00 8.20158E+00 2.56525E+02
8.56767E+00 9.39323E+00 1.00115E+01 9.94952E+00 9.94386E+00 9.94642E+00 9.95844E+00 1.00115E+01 9.39323E+00 8.56767E+00 2.66523E+02
8.93532E+00 9.75817E+00 1.03737E+01 1.03128E+01 1.03071E+01 1.03097E+01 1.03218E+01 1.03737E+01 9.75817E+00 8.93532E+00 2.76520E+02
9.30438E+00 1.01246E+01 1.07375E+01 1.06775E+01 1.06719E+01 1.06745E+01 1.06867E+01 1.07375E+01 1.01246E+01 9.30438E+00 2.86512E+02
9.67472E+00 1.04924E+01 1.11027E+01 1.10437E+01 1.10380E+01 1.10407E+01 1.10530E+01 1.11028E+01 1.04924E+01 9.67472E+00 2.96496E+02
1.00462E+01 1.08613E+01 1.14692E+01 1.14110E+01 1.14054E+01 1.14082E+01 1.14205E+01 1.14692E+01 1.08613E+01 1.00462E+01 3.06467E+02
1.04187E+01 1.12314E+01 1.18368E+01 1.17795E+01 1.17739E+01 1.17767E+01 1.17891E+01 1.18368E+01 1.12314E+01 1.04187E+01 3.16421E+02
1.07921E+01 1.16023E+01 1.22055E+01 1.21490E+01 1.21434E+01 1.21463E+01 1.21587E+01 1.22055E+01 1.16023E+01 1.07921E+01 3.26356E+02
1.11663E+01 1.19742E+01 1.25750E+01 1.25194E+01 1.25138E+01 1.25167E+01 1.25292E+01 1.25750E+01 1.19742E+01 1.11663E+01 3.36269E+02
1.15411E+01 1.23468E+01 1.29453E+01 1.28905E+01 1.28849E+01 1.28879E+01 1.29004E+01 1.29453E+01 1.23468E+01 1.15411E+01 3.46156E+02
1.19166E+01 1.27200E+01 1.33163E+01 1.32623E+01 1.32567E+01 1.32598E+01 1.32724E+01 1.33163E+01 1.27200E+01 1.19166E+01 3.56015E+02
1.22925E+01 1.30937E+01 1.36879E+01 1.36347E+01 1.36291E+01 1.36322E+01 1.36449E+01 1.36879E+01 1.30937E+01 1.22925E+01 3.65845E+02
1.26689E+01 1.34679E+01 1.40600E+01 1.40076E+01 1.40019E+01 1.40051E+01 1.40178E+01 1.40600E+01 1.34679E+01 1.26689E+01 3.75642E+02
1.30455E+01 1.38425E+01 1.44325E+01 1.43808E+01 1.43752E+01 1.43784E+01 1.43912E+01 1.44325E+01 1.38425E+01 1.30455E+01 3.85406E+02
1.34225E+01 1.42173E+01 1.48053E+01 1.47544E+01 1.47488E+01 1.47520E+01 1.47649E+01 1.48053E+01 1.42173E+01 1.34225E+01 3.95134E+02
1.37995E+01 1.45924E+01 1.51784E+01 1.51282E+01 1.51226E+01 1.51258E+01 1.51388E+01 1.51784E+01 1.45924E+01 1.37995E+01 4.04824E+02
0.00000E+00 0.00000E+00 6.76740E-01 5.72834E-01 5.67028E-01 5.67208E-01 5.75904E-01 6.76739E-01 0.00000E+00 0.00000E+00 -1.64740E+00
0.00000E+00 0.00000E+00 6.98579E-01 6.02179E-01 5.96352E-01 5.96672E-01 6.05693E-01 6.98578E-01 0.00000E+00 0.00000E+00 -4.21441E-01
0.00000E+00 5.45425E-02 7.57557E-01 6.67238E-01 6.61397E-01 6.61848E-01 6.71150E-01 7.57557E-01 5.45425E-02 0.00000E+00 1.38934E+00
0.00000E+00 1.55946E-01 8.45077E-01 7.59918E-01 7.54068E-01 7.54643E-01 7.64199E-01 8.45078E-01 1.55946E-01 0.00000E+00 3.79343E+00
0.00000E+00 2.79074E-01 9.56051E-01 8.75387E-01 8.69529E-01 8.70225E-01 8.80014E-01 9.56052E-01 2.79074E-01 0.00000E+00 6.81563E+00
0.00000E+00 4.20344E-01 1.08653E+00 1.00984E+00 1.00398E+00 1.00479E+00 1.01479E+00 1.08653E+00 4.20344E-01 0.00000E+00 1.04218E+01
0.00000E+00 5.77083E-01 1.23357E+00 1.16044E+00 1.15457E+00 1.15550E+00 1.16570E+00 1.23358E+00 5.77083E-01 0.00000E+00 1.45672E+01
0.00000E+00 7.47227E-01 1.39493E+00 1.32501E+00 1.31914E+00 1.32017E+00 1.33057E+00 1.39493E+00 7.47227E-01 0.00000E+00 1.92031E+01
7.07671E-02 9.24502E-01 1.56422E+00 1.49720E+00 1.49133E+00 1.49247E+00 1.50304E+00 1.56422E+00 9.24502E-01 7.07671E-02 2.41970E+01
2.60056E-01 1.10639E+00 1.73878E+00 1.67442E+00 1.66855E+00 1.66980E+00 1.68054E+00 1.73878E+00 1.10639E+00 2.60056E-01 2.94342E+01
4.60039E-01 1.29946E+00 1.92502E+00 1.86313E+00 1.85726E+00 1.85861E+00 1.86951E+00 1.92503E+00 1.29946E+00 4.60039E-01 3.50013E+01
6.69643E-01 1.50258E+00 2.12176E+00 2.06217E+00 2.05630E+00 2.05775E+00 2.06881E+00 2.12177E+00 1.50258E+00 6.69643E-01 4.08666E+01
8.87936E-01 1.71476E+00 2.32796E+00 2.27052E+00 2.26466E+00 2.26621E+00 2.27741E+00 2.32797E+00 1.71476E+00 8.87936E-01 4.70006E+01
1.11410E+00 1.93516E+00 2.54272E+00 2.48729E+00 2.48144E+00 2.48309E+00 2.49443E+00 2.54273E+00 1.93516E+00 1.11410E+00 5.33756E+01
1.34741E+00 2.16301E+00 2.76524E+00 2.71172E+00 2.70587E+00 2.70761E+00 2.71910E+00 2.76525E+00 2.16301E+00 1.34741E+00 5.99660E+01
1.58722E+00 2.39764E+00 2.99483E+00 2.94310E+00 2.93725E+00 2.93909E+00 2.95071E+00 2.99484E+00 2.39764E+00 1.58722E+00 6.67480E+01
1.83296E+00 2.63844E+00 3.23084E+00 3.18082E+00 3.17497E+00 3.17691E+00 3.18865E+00 3.23085E+00 2.63844E+00 1.83296E+00 7.37000E+01
2.08409E+00 2.88487E+00 3.47271E+00 3.42430E+00 3.41847E+00 3.42049E+00 3.43236E+00 3.47272E+00 2.88487E+00 2.08409E+00 8.08022E+01
2.34016E+00 3.13643E+00 3.71993E+00 3.67306E+00 3.66723E+00 3.66934E+00 3.68134E+00 3.71994E+00 3.13643E+00 2.34016E+00 8.80363E+01
2.60071E+00 3.39269E+00 3.97203E+00 3.92663E+00 3.92080E+00 3.92300E+00 3.93512E+00 3.97204E+00 3.39269E+00 2.60071E+00 9.53858E+01
2.86537E+00 3.65322E+00 4.22860E+00 4.18459E+00 4.17876E+00 4.18106E+00 4.19328E+00 4.22861E+00 3.65322E+00 2.86537E+00 1.02836E+02
3.13378E+00 3.91766E+00 4.48923E+00 4.44656E+00 4.44074E+00 4.44312E+00 4.45546E+00 4.48924E+00 3.91766E+00 3.13378E+00 1.10372E+02
3.40560E+00 4.18566E+00 4.75358E+00 4.71219E+00 4.70638E+00 4.70884E+00 4.72129E+00 4.75359E+00 4.18566E+00 3.40560E+00 1.17982E+02
3.68053E+00 4.45691E+00 5.02132E+00 4.98116E+00 4.97535E+00 4.97790E+00 4.99046E+00 5.02133E+00 4.45691E+00 3.68053E+00 1.25655E+02
3.95828E+00 4.73113E+00 5.29216E+00 5.25317E+00 5.24738E+00 5.25001E+00 5.26267E+00 5.29217E+00 4.73113E+00 3.95828E+00 1.33380E+02
4.23861E+00 5.00804E+00 5.56581E+00 5.52796E+00 5.52217E+00 5.52488E+00 5.53765E+00 5.56582E+00 5.00804E+00 4.23861E+00 1.41147E+02
4.52127E+00 5.28739E+00 5.84202E+00 5.80526E+00 5.79948E+00 5.80228E+00 5.81514E+00 5.84203E+00 5.28739E+00 4.52127E+00 1.48949E+02
4.80604E+00 5.56896E+00 6.12055E+00 6.08485E+00 6.07908E+00 6.08195E+00 6.09492E+00 6.12057E+00 5.56896E+00 4.80604E+00 1.56777E+02
5.09272E+00 5.85254E+00 6.40120E+00 6.36651E+00 6.36074E+00 6.36370E+00 6.37676E+00 6.40121E+00 5.85254E+00 5.09272E+00 1.64625E+02
5.38110E+00 6.13792E+00 6.68374E+00 6.65004E+00 6.64428E+00 6.64731E+00 6.66047E+00 6.68376E+00 6.13792E+00 5.38110E+00 1.72485E+02
5.67102E+00 6.42493E+00 6.96800E+00 6.93525E+00 6.92949E+00 6.93260E+00 6.94585E+00 6.96801E+00 6.42493E+00 5.67102E+00 1.80351E+02
5.96232E+00 6.71339E+00 7.25380E+00 7.22197E+00 7.21621E+00 7.21940E+00 7.23274E+00 7.25381E+00 6.71339E+00 5.96232E+00 1.88220E+02
6.25482E+00 7.00315E+00 7.54097E+00 7.51003E+00 7.50428E+00 7.50755E+00 7.52098E+00 7.54098E+00 7.00315E+00 6.25482E+00 1.96084E+02
6.54840E+00 7.29405E+00 7.82936E+00 7.79929E+00 7.79355E+00 7.79689E+00 7.81041E+00 7.82938E+00 7.29405E+00 6.54840E+00 2.03941E+02
6.84292E+00 7.58597E+00 8.11884E+00 8.08960E+00 8.08387E+00 8.08729E+00 8.10089E+00 8.11885E+00 7.58597E+00 6.84292E+00 2.11786E+02
7.13824E+00 7.87876E+00 8.40926E+00 8.38084E+00 8.37511E+00 8.37860E+00 8.39229E+00 8.40928E+00 7.87876E+00 7.13824E+00 2.19616E+02
7.43427E+00 8.17232E+00 8.70051E+00 8.67287E+00 8.66716E+00 8.67072E+00 8.68449E+00 8.70053E+00 8.17232E+00 7.43427E+00 2.27427E+02
7.73088E+00 8.46652E+00 8.99247E+00 8.96560E+00 8.95989E+00 8.96353E+00 8.97738E+00 8.99249E+00 8.46652E+00 7.73088E+00 2.35216E+02
8.02797E+00 8.76127E+00 9.28503E+00 9.25891E+00 9.25320E+00 9.25691E+00 9.27084E+00 9.28505E+00 8.76127E+00 8.02797E+00 2.42980E+02
8.32546E+00 9.05646E+00 9.57809E+00 9.55269E+00 9.54700E+00 9.55078E+00 9.56479E+00 9.57811E+00 9.05646E+00 8.32546E+00 2.50718E+02
8.62324E+00 9.35201E+00 9.87155E+00 9.84687E+00 9.84118E+00 9.84503E+00 9.85912E+00 9.87157E+00 9.35201E+00 8.62324E+00 2.58426E+02
8.92124E+00 9.64782E+00 1.01653E+01 1.01413E+01 1.01357E+01 1.01396E+01 1.01537E+01 1.01654E+01 9.64782E+00 8.92124E+00 2.66103E+02
9.21937E+00 9.94382E+00 1.04593E+01 1.04360E+01 1.04304E+01 1.04343E+01 1.04486E+01 1.04594E+01 9.94382E+00 9.21937E+00 2.73746E+02
9.51757E+00 1.02399E+01 1.07535E+01 1.07309E+01 1.07252E+01 1.07292E+01 1.07436E+01 1.07535E+01 1.02399E+01 9.51757E+00 2.81355E+02
9.81576E+00 1.05361E+01 1.10478E+01 1.10258E+01 1.10201E+01 1.10242E+01 1.10386E+01 1.10478E+01 1.05361E+01 9.81576E+00 2.88928E+02
1.01139E+01 1.08322E+01 1.13421E+01 1.13206E+01 1.13150E+01 1.13192E+01 1.13337E+01 1.13421E+01 1.08322E+01 1.01139E+01 2.96464E+02
1.04119E+01 1.11282E+01 1.16363E+01 1.16155E+01 1.16098E+01 1.16141E+01 1.16286E+01 1.16363E+01 1.11282E+01 1.04119E+01 3.03960E+02
1.07097E+01 1.14241E+01 1.19304E+01 1.19102E+01 1.19046E+01 1.19089E+01 1.19235E+01 1.19304E+01 1.14241E+01 1.07097E+01 3.11417E+02
1.10072E+01 1.17198E+01 1.22243E+01 1.22047E+01 1.21991E+01 1.22035E+01 1.22182E+01 1.22244E+01 1.17198E+01 1.10072E+01 3.18834E+02
1.13045E+01 1.20152E+01 1.25181E+01 1.24990E+01 1.24934E+01 1.24979E+01 1.25126E+01 1.25181E+01 1.20152E+01 1.13045E+01 3.26209E+02
0.00000E+00 0.00000E+00 5.71894E-01 5.10063E-01 5.03986E-01 5.04257E-01 5.14031E-01 5.71893E-01 0.00000E+00 0.00000E+00 -1.56865E+00
0.00000E+00 0.00000E+00 5.97265E-01 5.41435E-01 5.35353E-01 5.35823E-01 5.45983E-01 5.97265E-01 0.00000E+00 0.00000E+00 -3.88982E-01
0.00000E+00 5.15226E-02 6.54784E-01 6.03815E-01 5.97733E-01 5.98387E-01 6.08882E-01 6.54784E-01 5.15226E-02 0.00000E+00 1.33068E+00
0.00000E+00 1.45216E-01 7.36565E-01 6.89722E-01 6.83642E-01 6.84472E-01 6.95268E-01 7.36566E-01 1.45216E-01 0.00000E+00 3.57813E+00
0.00000E+00 2.57056E-01 8.37975E-01 7.94726E-01 7.88650E-01 7.89649E-01 8.00721E-01 8.37977E-01 2.57056E-01 0.00000E+00 6.36121E+00
0.00000E+00 3.83798E-01 9.55455E-01 9.15383E-01 9.09314E-01 9.10475E-01 9.21801E-01 9.55458E-01 3.83798E-01 0.00000E+00 9.63682E+00
0.00000E+00 5.23050E-01 1.08639E+00 1.04916E+00 1.04310E+00 1.04442E+00 1.05598E+00 1.08639E+00 5.23050E-01 0.00000E+00 1.33561E+01
0.00000E+00 6.72987E-01 1.22879E+00 1.19412E+00 1.18807E+00 1.18954E+00 1.20132E+00 1.22879E+00 6.72987E-01 0.00000E+00 1.74698E+01
6.24133E-02 8.28619E-01 1.37756E+00 1.34522E+00 1.33918E+00 1.34079E+00 1.35279E+00 1.37757E+00 8.28619E-01 6.24133E-02 2.18498E+01
2.28480E-01 9.87950E-01 1.53061E+00 1.50039E+00 1.49435E+00 1.49612E+00 1.50831E+00 1.53061E+00 9.87950E-01 2.28480E-01 2.63915E+01
4.02730E-01 1.15591E+00 1.69271E+00 1.66446E+00 1.65844E+00 1.66034E+00 1.67272E+00 1.69271E+00 1.15591E+00 4.02730E-01 3.11824E+01
5.84242E-01 1.33152E+00 1.86284E+00 1.83643E+00 1.83042E+00 1.83246E+00 1.84502E+00 1.86285E+00 1.33152E+00 5.84242E-01 3.61941E+01
7.72221E-01 1.51394E+00 2.04012E+00 2.01543E+00 2.00943E+00 2.01161E+00 2.02435E+00 2.04013E+00 1.51394E+00 7.72221E-01 4.14005E+01
9.65974E-01 1.70244E+00 2.22379E+00 2.20071E+00 2.19472E+00 2.19703E+00 2.20994E+00 2.22380E+00 1.70244E+00 9.65974E-01 4.67776E+01
1.16489E+00 1.89639E+00 2.41316E+00 2.39161E+00 2.38563E+00 2.38807E+00 2.40114E+00 2.41318E+00 1.89639E+00 1.16489E+00 5.23037E+01
1.36845E+00 2.09522E+00 2.60767E+00 2.58755E+00 2.58158E+00 2.58415E+00 2.59738E+00 2.60768E+00 2.09522E+00 1.36845E+00 5.79591E+01
1.57615E+00 2.29843E+00 2.80677E+00 2.78801E+00 2.78205E+00 2.78475E+00 2.79813E+00 2.80678E+00 2.29843E+00 1.57615E+00 6.37258E+01
1.78758E+00 2.50557E+00 3.01000E+00 2.99253E+00 2.98659E+00 2.98940E+00 3.00293E+00 3.01001E+00 2.50557E+00 1.78758E+00 6.95877E+01
2.00234E+00 2.71624E+00 3.21694E+00 3.20070E+00 3.19477E+00 3.19771E+00 3.21138E+00 3.21695E+00 2.71624E+00 2.00234E+00 7.55302E+01
2.22010E+00 2.93008E+00 3.42722E+00 3.41215E+00 3.40623E+00 3.40929E+00 3.42310E+00 3.42723E+00 2.93008E+00 2.22010E+00 8.15403E+01
2.44054E+00 3.14676E+00 3.64048E+00 3.62653E+00 3.62063E+00 3.62380E+00 3.63775E+00 3.64050E+00 3.14676E+00 2.44054E+00 8.76062E+01
2.66336E+00 3.36597E+00 3.85643E+00 3.84355E+00 3.83766E+00 3.84095E+00 3.85503E+00 3.85645E+00 3.36597E+00 2.66336E+00 9.37172E+01
2.88832E+00 3.58746E+00 4.07478E+00 4.06292E+00 4.05704E+00 4.06045E+00 4.07466E+00 4.07480E+00 3.58746E+00 2.88832E+00 9.98638E+01
3.11518E+00 3.81097E+00 4.29528E+00 4.28440E+00 4.27853E+00 4.28205E+00 4.29639E+00 4.29529E+00 3.81097E+00 3.11518E+00 1.06037E+02
3.34371E+00 4.03627E+00 4.51768E+00 4.50774E+00 4.50189E+00 4.50552E+00 4.51998E+00 4.51770E+00 4.03627E+00 3.34371E+00 1.12230E+02
3.57371E+00 4.26316E+00 4.74177E+00 4.73274E+00 4.72690E+00 4.73064E+00 4.74522E+00 4.74179E+00 4.26316E+00 3.57371E+00 1.18436E+02
3.80501E+00 4.49145E+00 4.96736E+00 4.95921E+00 4.95338E+00 4.95723E+00 4.97193E+00 4.96738E+00 4.49145E+00 3.80501E+00 1.24647E+02
4.03743E+00 4.72096E+00 5.19427E+00 5.18695E+00 5.18114E+00 5.18510E+00 5.19991E+00 5.19429E+00 4.72096E+00 4.03743E+00 1.30859E+02
4.27083E+00 4.95153E+00 5.42232E+00 5.41582E+00 5.41002E+00 5.41408E+00 5.42901E+00 5.42234E+00 4.95153E+00 4.27083E+00 1.37067E+02
4.50505E+00 5.18301E+00 5.65137E+00 5.64565E+00 5.63986E+00 5.64403E+00 5.65907E+00 5.65139E+00 5.18301E+00 4.50505E+00 1.43265E+02
4.73996E+00 5.41527E+00 5.88127E+00 5.87631E+00 5.87053E+00 5.87480E+00 5.88995E+00 5.88129E+00 5.41527E+00 4.73996E+00 1.49451E+02
4.97545E+00 5.64818E+00 6.11189E+00 6.10767E+00 6.10190E+00 6.10628E+00 6.12153E+00 6.11191E+00 5.64818E+00 4.97545E+00 1.55620E+02
5.21140E+00 5.88163E+00 6.34311E+00 6.33960E+00 6.33385E+00 6.33832E+00 6.35368E+00 6.34314E+00 5.88163E+00 5.21140E+00 1.61769E+02
5.44770E+00 6.11549E+00 6.57483E+00 6.57200E+00 6.56626E+00 6.57084E+00 6.58630E+00 6.57485E+00 6.11549E+00 5.44770E+00 1.67895E+02
5.68426E+00 6.34969E+00 6.80693E+00 6.80477E+00 6.79904E+00 6.80372E+00 6.81928E+00 6.80695E+00 6.34969E+00 5.68426E+00 1.73996E+02
5.92099E+00 6.58411E+00 7.03931E+00 7.03781E+00 7.03209E+00 7.03686E+00 7.05252E+00 7.03934E+00 6.58411E+00 5.92099E+00 1.80069E+02
6.15781E+00 6.81868E+00 7.27190E+00 7.27103E+00 7.26533E+00 7.27019E+00 7.28595E+00 7.27193E+00 6.81868E+00 6.15781E+00 1.86113E+02
6.39464E+00 7.05332E+00 7.50461E+00 7.50435E+00 7.49866E+00 7.50362E+00 7.51948E+00 7.50464E+00 7.05332E+00 6.39464E+00 1.92124E+02
6.63141E+00 7.28795E+00 7.73736E+00 7.73770E+00 7.73202E+00 7.73708E+00 7.75302E+00 7.73739E+00 7.28795E+00 6.63141E+00 1.98103E+02
6.86805E+00 7.52250E+00 7.97009E+00 7.97100E+00 7.96533E+00 7.97049E+00 7.98653E+00 7.97011E+00 7.52250E+00 6.86805E+00 2.04047E+02
7.10451E+00 7.75692E+00 8.20272E+00 8.20420E+00 8.19854E+00 8.20379E+00 8.21992E+00 8.20274E+00 7.75692E+00 7.10451E+00 2.09956E+02
7.34071E+00 7.99114E+00 8.43519E+00 8.43722E+00 8.43158E+00 8.43692E+00 8.45314E+00 8.43522E+00 7.99114E+00 7.34071E+00 2.15827E+02
7.57662E+00 8.22510E+00 8.66745E+00 8.67002E+00 8.66439E+00 8.66982E+00 8.68613E+00 8.66748E+00 8.22510E+00 7.57662E+00 2.21661E+02
7.81219E+00 8.45876E+00 8.89945E+00 8.90254E+00 8.89692E+00 8.90244E+00 8.91884E+00 8.89948E+00 8.45876E+00 7.81219E+00 2.27456E+02
8.04736E+00 8.69207E+00 9.13114E+00 9.13474E+00 9.12913E+00 9.13474E+00 9.15122E+00 9.13116E+00 8.69207E+00 8.04736E+00 2.33211E+02
8.28210E+00 8.92498E+00 9.36246E+00 9.36657E+00 9.36097E+00 9.36667E+00 9.38324E+00 9.36249E+00 8.92498E+00 8.28210E+00 2.38926E+02
8.51636E+00 9.15746E+00 9.59339E+00 9.59798E+00 9.59239E+00 9.59818E+00 9.61483E+00 9.59342E+00 9.15746E+00 8.51636E+00 2.44601E+02
8.75012E+00 9.38947E+00 9.82387E+00 9.82894E+00 9.82337E+00 9.82924E+00 9.84598E+00 9.82391E+00 9.38947E+00 8.75012E+00 2.50234E+02
8.98333E+00 9.62097E+00 1.00539E+01 1.00594E+01 1.00539E+01 1.00598E+01 1.00766E+01 1.00539E+01 9.62097E+00 8.98333E+00 2.55826E+02
9.21596E+00 9.85192E+00 1.02834E+01 1.02894E+01 1.02838E+01 1.02899E+01 1.03068E+01 1.02834E+01 9.85192E+00 9.21596E+00 2.61377E+02
0.00000E+00 0.00000E+00 4.82008E-01 4.53985E-01 4.47647E-01 4.48081E-01 4.59153E-01 4.82007E-01 0.00000E+00 0.00000E+00 -1.50013E+00
0.00000E+00 0.00000E+00 5.10432E-01 4.87187E-01 4.80866E-01 4.81579E-01 4.93108E-01 5.10432E-01 0.00000E+00 0.00000E+00 -3.54333E-01
0.00000E+00 4.86489E-02 5.66328E-01 5.46954E-01 5.40652E-01 5.41624E-01 5.53549E-01 5.66329E-01 4.86489E-02 0.00000E+00 1.28486E+00
0.00000E+00 1.35135E-01 6.42590E-01 6.26502E-01 6.20220E-01 6.21438E-01 6.33718E-01 6.42593E-01 1.35135E-01 0.00000E+00 3.38749E+00
0.00000E+00 2.36563E-01 7.35067E-01 7.21842E-01 7.15581E-01 7.17034E-01 7.29639E-01 7.35072E-01 2.36563E-01 0.00000E+00 5.94774E+00
0.00000E+00 3.50041E-01 8.40596E-01 8.29902E-01 8.23663E-01 8.25339E-01 8.38245E-01 8.40602E-01 3.50041E-01 0.00000E+00 8.91631E+00
0.00000E+00 4.73461E-01 9.56877E-01 9.48446E-01 9.42229E-01 9.44122E-01 9.57306E-01 9.56884E-01 4.73461E-01 0.00000E+00 1.22426E+01
0.00000E+00 6.05228E-01 1.08217E+00 1.07579E+00 1.06959E+00 1.07169E+00 1.08514E+00 1.08218E+00 6.05228E-01 0.00000E+00 1.58787E+01
5.48666E-02 7.41427E-01 1.21249E+00 1.20795E+00 1.20178E+00 1.20408E+00 1.21777E+00 1.21250E+00 7.41427E-01 5.48666E-02 1.97032E+01
2.00064E-01 8.80491E-01 1.34615E+00 1.34331E+00 1.33716E+00 1.33966E+00 1.35359E+00 1.34616E+00 8.80491E-01 2.00064E-01 2.36226E+01
3.51344E-01 1.02604E+00 1.48668E+00 1.48540E+00 1.47928E+00 1.48197E+00 1.49612E+00 1.48669E+00 1.02604E+00 3.51344E-01 2.77236E+01
5.07927E-01 1.17725E+00 1.63318E+00 1.63338E+00 1.62727E+00 1.63015E+00 1.64451E+00 1.63320E+00 1.17725E+00 5.07927E-01 3.19814E+01
6.69150E-01 1.33341E+00 1.78493E+00 1.78650E+00 1.78041E+00 1.78347E+00 1.79804E+00 1.78495E+00 1.33341E+00 6.69150E-01 3.63736E+01
8.34438E-01 1.49392E+00 1.94129E+00 1.94413E+00 1.93808E+00 1.94132E+00 1.95608E+00 1.94130E+00 1.49392E+00 8.34438E-01 4.08800E+01
1.00329E+00 1.65824E+00 2.10169E+00 2.10575E+00 2.09971E+00 2.10313E+00 2.11808E+00 2.10170E+00 1.65824E+00 1.00329E+00 4.54827E+01
1.17528E+00 1.82593E+00 2.26566E+00 2.27086E+00 2.26485E+00 2.26843E+00 2.28358E+00 2.26567E+00 1.82593E+00 1.17528E+00 5.01655E+01
1.35000E+00 1.99656E+00 2.43276E+00 2.43905E+00 2.43306E+00 2.43681E+00 2.45214E+00 2.43278E+00 1.99656E+00 1.35000E+00 5.49142E+01
1.52713E+00 2.16978E+00 2.60263E+00 2.60995E+00 2.60398E+00 2.60790E+00 2.62339E+00 2.60265E+00 2.16978E+00 1.52713E+00 5.97161E+01
1.70635E+00 2.34528E+00 2.77492E+00 2.78322E+00 2.77727E+00 2.78135E+00 2.79701E+00 2.77494E+00 2.34528E+00 1.70635E+00 6.45598E+01
1.88740E+00 2.52275E+00 2.94933E+00 2.95856E+00 2.95264E+00 2.95688E+00 2.97271E+00 2.94935E+00 2.52275E+00 1.88740E+00 6.94353E+01
2.07002E+00 2.70194E+00 3.12560E+00 3.13572E+00 3.12982E+00 3.13422E+00 3.15021E+00 3.12563E+00 2.70194E+00 2.07002E+00 7.43338E+01
2.25400E+00 2.88263E+00 3.30349E+00 3.31446E+00 3.30858E+00 3.31313E+00 3.32927E+00 3.30351E+00 2.88263E+00 2.25400E+00 7.92474E+01
2.43913E+00 3.06460E+00 3.48277E+00 3.49455E+00 3.48869E+00 3.49340E+00 3.50969E+00 3.48279E+00 3.06460E+00 2.43913E+00 8.41690E+01
2.62524E+00 3.24766E+00 3.66324E+00 3.67581E+00 3.66997E+00 3.67483E+00 3.69127E+00 3.66326E+00 3.24766E+00 2.62524E+00 8.90925E+01
2.81217E+00 3.43165E+00 3.84473E+00 3.85806E+00 3.85223E+00 3.85724E+00 3.87382E+00 3.84476E+00 3.43165E+00 2.81217E+00 9.40125E+01
2.99976E+00 3.61640E+00 4.02708E+00 4.04113E+00 4.03533E+00 4.04048E+00 4.05720E+00 4.02711E+00 3.61640E+00 2.99976E+00 9.89241E+01
3.18788E+00 3.80177E+00 4.21014E+00 4.22488E+00 4.21910E+00 4.22440E+00 4.24126E+00 4.21017E+00 3.80177E+00 3.18788E+00 1.03823E+02
3.37640E+00 3.98764E+00 4.39377E+00 4.40918E+00 4.40342E+00 4.40886E+00 4.42586E+00 4.39380E+00 3.98764E+00 3.37640E+00 1.08706E+02
3.56521E+00 4.17388E+00 4.57785E+00 4.59391E+00 4.58817E+00 4.59375E+00 4.61088E+00 4.57788E+00 4.17388E+00 3.56521E+00 1.13568E+02
3.75422E+00 4.36040E+00 4.76227E+00 4.77896E+00 4.77324E+00 4.77896E+00 4.79621E+00 4.76230E+00 4.36040E+00 3.75422E+00 1.18408E+02
3.94332E+00 4.54708E+00 4.94693E+00 4.96422E+00 4.95852E+00 4.96437E+00 4.98176E+00 4.94696E+00 4.54708E+00 3.94332E+00 1.23223E+02
4.13244E+00 4.73384E+00 5.13173E+00 5.14960E+00 5.14392E+00 5.14991E+00 5.16742E+00 5.13176E+00 4.73384E+00 4.13244E+00 1.28010E+02
4.32148E+00 4.92061E+00 5.31659E+00 5.33503E+00 5.32937E+00 5.33549E+00 5.35312E+00 5.31662E+00 4.92061E+00 4.32148E+00 1.32768E+02
4.51039E+00 5.10729E+00 5.50142E+00 5.52041E+00 5.51477E+00 5.52102E+00 5.53877E+00 5.50145E+00 5.10729E+00 4.51039E+00 1.37495E+02
4.69908E+00 5.29383E+00 5.68616E+00 5.70568E+00 5.70006E+00 5.70644E+00 5.72431E+00 5.68619E+00 5.29383E+00 4.69908E+00 1.42189E+02
4.88752E+00 5.48016E+00 5.87074E+00 5.89078E+00 5.88518E+00 5.89169E+00 5.90967E+00 5.87078E+00 5.48016E+00 4.88752E+00 1.46849E+02
5.07563E+00 5.66622E+00 6.05510E+00 6.07565E+00 6.07006E+00 6.07670E+00 6.09480E+00 6.05514E+00 5.66622E+00 5.07563E+00 1.51474E+02
5.26337E+00 5.85196E+00 6.23919E+00 6.26022E+00 6.25465E+00 6.26142E+00 6.27962E+00 6.23922E+00 5.85196E+00 5.26337E+00 1.56063E+02
5.45069E+00 6.03733E+00 6.42294E+00 6.44445E+00 6.43890E+00 6.44579E+00 6.46411E+00 6.42298E+00 6.03733E+00 5.45069E+00 1.60616E+02
5.63755E+00 6.22229E+00 6.60633E+00 6.62830E+00 6.62277E+00 6.62978E+00 6.64821E+00 6.60637E+00 6.22229E+00 5.63755E+00 1.65131E+02
5.82391E+00 6.40679E+00 6.78930E+00 6.81172E+00 6.80621E+00 6.81334E+00 6.83187E+00 6.78933E+00 6.40679E+00 5.82391E+00 1.69607E+02
6.00974E+00 6.59080E+00 6.97181E+00 6.99467E+00 6.98918E+00 6.99643E+00 7.01507E+00 6.97185E+00 6.59080E+00 6.00974E+00 1.74046E+02
6.19499E+00 6.77429E+00 7.15383E+00 7.17712E+00 7.17164E+00 7.17901E+00 7.19776E+00 7.15387E+00 6.77429E+00 6.19499E+00 1.78446E+02
6.37965E+00 6.95721E+00 7.33533E+00 7.35903E+00 7.35358E+00 7.36106E+00 7.37991E+00 7.33537E+00 6.95721E+00 6.37965E+00 1.82807E+02
6.56369E+00 7.13955E+00 7.51627E+00 7.54038E+00 7.53494E+00 7.54255E+00 7.56149E+00 7.51631E+00 7.13955E+00 6.56369E+00 1.87128E+02
6.74708E+00 7.32127E+00 7.69663E+00 7.72114E+00 7.71572E+00 7.72344E+00 7.74248E+00 7.69667E+00 7.32127E+00 6.74708E+00 1.91411E+02
6.92979E+00 7.50236E+00 7.87638E+00 7.90128E+00 7.89587E+00 7.90371E+00 7.92285E+00 7.87642E+00 7.50236E+00 6.92979E+00 1.95654E+02
7.11181E+00 7.68278E+00 8.05550E+00 8.08078E+00 8.07539E+00 8.08334E+00 8.10258E+00 8.05555E+00 7.68278E+00 7.11181E+00 1.99857E+02
7.29312E+00 7.86253E+00 8.23397E+00 8.25962E+00 8.25425E+00 8.26231E+00 8.28164E+00 8.23402E+00 7.86253E+00 7.29312E+00 2.04022E+02
7.47370E+00 8.04158E+00 8.41177E+00 8.43778E+00 8.43243E+00 8.44060E+00 8.46003E+00 8.41182E+00 8.04158E+00 7.47370E+00 2.08147E+02
0.00000E+00 0.00000E+00 4.05035E-01 4.04059E-01 3.97486E-01 3.98190E-01 4.10820E-01 4.05034E-01 0.00000E+00 0.00000E+00 -1.43862E+00
0.00000E+00 0.00000E+00 4.36027E-01 4.38843E-01 4.32318E-01 4.33415E-01 4.46582E-01 4.36028E-01 0.00000E+00 0.00000E+00 -3.15048E-01
0.00000E+00 4.58922E-02 4.90141E-01 4.96031E-01 4.89551E-01 4.91011E-01 5.04642E-01 4.90144E-01 4.58922E-02 0.00000E+00 1.25284E+00
0.00000E+00 1.25620E-01 5.61093E-01 5.69593E-01 5.63159E-01 5.64959E-01 5.79007E-01 5.61098E-01 1.25620E-01 0.00000E+00 3.22076E+00
0.00000E+00 2.17439E-01 6.45228E-01 6.56003E-01 6.49613E-01 6.51736E-01 6.66165E-01 6.45234E-01 2.17439E-01 0.00000E+00 5.57253E+00
0.00000E+00 3.18809E-01 7.39774E-01 7.52562E-01 7.46214E-01 7.48646E-01 7.63426E-01 7.39783E-01 3.18809E-01 0.00000E+00 8.25539E+00
0.00000E+00 4.27903E-01 8.42739E-01 8.57327E-01 8.51021E-01 8.53749E-01 8.68856E-01 8.42749E-01 4.27903E-01 0.00000E+00 1.12192E+01
0.00000E+00 5.43350E-01 9.52630E-01 9.68844E-01 9.62580E-01 9.65591E-01 9.81005E-01 9.52642E-01 5.43350E-01 0.00000E+00 1.44186E+01
4.80584E-02 6.62123E-01 1.06635E+00 1.08404E+00 1.07781E+00 1.08110E+00 1.09680E+00 1.06636E+00 6.62123E-01 4.80584E-02 1.77411E+01
1.74530E-01 7.83008E-01 1.18260E+00 1.20163E+00 1.19545E+00 1.19900E+00 1.21497E+00 1.18262E+00 7.83008E-01 1.74530E-01 2.11045E+01
3.05342E-01 9.08598E-01 1.30388E+00 1.32416E+00 1.31801E+00 1.32182E+00 1.33806E+00 1.30389E+00 9.08598E-01 3.05342E-01 2.45936E+01
4.39850E-01 1.03821E+00 1.42945E+00 1.45090E+00 1.44479E+00 1.44885E+00 1.46534E+00 1.42947E+00 1.03821E+00 4.39850E-01 2.81874E+01
5.77511E-01 1.17126E+00 1.55871E+00 1.58125E+00 1.57518E+00 1.57949E+00 1.59621E+00 1.55873E+00 1.17126E+00 5.77511E-01 3.18671E+01
7.17860E-01 1.30725E+00 1.69113E+00 1.71470E+00 1.70866E+00 1.71321E+00 1.73017E+00 1.69115E+00 1.30725E+00 7.17860E-01 3.56164E+01
8.60497E-01 1.44576E+00 1.82628E+00 1.85080E+00 1.84481E+00 1.84959E+00 1.86677E+00 1.82630E+00 1.44576E+00 8.60497E-01 3.94207E+01
1.00508E+00 1.58642E+00 1.96374E+00 1.98918E+00 1.98322E+00 1.98824E+00 2.00563E+00 1.96377E+00 1.58642E+00 1.00508E+00 4.32674E+01
1.15129E+00 1.72891E+00 2.10320E+00 2.12951E+00 2.12358E+00 2.12882E+00 2.14642E+00 2.10323E+00 1.72891E+00 1.15129E+00 4.71456E+01
1.29888E+00 1.87294E+00 2.24435E+00 2.27147E+00 2.26558E+00 2.27104E+00 2.28885E+00 2.24438E+00 1.87294E+00 1.29888E+00 5.10455E+01
1.44761E+00 2.01827E+00 2.38693E+00 2.41483E+00 2.40897E+00 2.41465E+00 2.43265E+00 2.38696E+00 2.01827E+00 1.44761E+00 5.49587E+01
1.59727E+00 2.16467E+00 2.53070E+00 2.55935E+00 2.55352E+00 2.55941E+00 2.57760E+00 2.53073E+00 2.16467E+00 1.59727E+00 5.88780E+01
1.74767E+00 2.31194E+00 2.67547E+00 2.70482E+00 2.69903E+00 2.70513E+00 2.72351E+00 2.67550E+00 2.31194E+00 1.74767E+00 6.27968E+01
1.89866E+00 2.45993E+00 2.82104E+00 2.85107E+00 2.84532E+00 2.85162E+00 2.87018E+00 2.82107E+00 2.45993E+00 1.89866E+00 6.67097E+01
2.05007E+00 2.60846E+00 2.96726E+00 2.99794E+00 2.99222E+00 2.99872E+00 3.01746E+00 2.96729E+00 2.60846E+00 2.05007E+00 7.06119E+01
2.20179E+00 2.75740E+00 3.11398E+00 3.14528E+00 3.13959E+00 3.14629E+00 3.16520E+00 3.11401E+00 2.75740E+00 2.20179E+00 7.44991E+01
2.35370E+00 2.90662E+00 3.26106E+00 3.29296E+00 3.28730E+00 3.29420E+00 3.31327E+00 3.26109E+00 2.90662E+00 2.35370E+00 7.83678E+01
2.50568E+00 3.05601E+00 3.40839E+00 3.44087E+00 3.43524E+00 3.44233E+00 3.46157E+00 3.40843E+00 3.05601E+00 2.50568E+00 8.22147E+01
2.65765E+00 3.20548E+00 3.55586E+00 3.58890E+00 3.58330E+00 3.59058E+00 3.60997E+00 3.55590E+00 3.20548E+00 2.65765E+00 8.60373E+01
2.80951E+00 3.35492E+00 3.70338E+00 3.73695E+00 3.73138E+00 3.73885E+00 3.75840E+00 3.70342E+00 3.35492E+00 2.80951E+00 8.98331E+01
2.96119E+00 3.50426E+00 3.85087E+00 3.88495E+00 3.87941E+00 3.88706E+00 3.90677E+00 3.85091E+00 3.50426E+00 2.96119E+00 9.36003E+01
3.11263E+00 3.65342E+00 3.99823E+00 4.03281E+00 4.02730E+00 4.03513E+00 4.05499E+00 3.99827E+00 3.65342E+00 3.11263E+00 9.73371E+01
3.26375E+00 3.80233E+00 4.14540E+00 4.18047E+00 4.17498E+00 4.18299E+00 4.20300E+00 4.14545E+00 3.80233E+00 3.26375E+00 1.01042E+02
3.41451E+00 3.95095E+00 4.29233E+00 4.32786E+00 4.32240E+00 4.33059E+00 4.35074E+00 4.29237E+00 3.95095E+00 3.41451E+00 1.04714E+02
3.56485E+00 4.09920E+00 4.43895E+00 4.47493E+00 4.46950E+00 4.47786E+00 4.49815E+00 4.43899E+00 4.09920E+00 3.56485E+00 1.08352E+02
3.71472E+00 4.24705E+00 4.58520E+00 4.62162E+00 4.61622E+00 4.62475E+00 4.64519E+00 4.58525E+00 4.24705E+00 3.71472E+00 1.11955E+02
3.86408E+00 4.39444E+00 4.73105E+00 4.76790E+00 4.76252E+00 4.77122E+00 4.79179E+00 4.73110E+00 4.39444E+00 3.86408E+00 1.15523E+02
4.01291E+00 4.54135E+00 4.87645E+00 4.91371E+00 4.90836E+00 4.91723E+00 4.93794E+00 4.87650E+00 4.54135E+00 4.01291E+00 1.19055E+02
4.16115E+00 4.68772E+00 5.02137E+00 5.05902E+00 5.05371E+00 5.06273E+00 5.08357E+00 5.02142E+00 4.68772E+00 4.16115E+00 1.22550E+02
4.30879E+00 4.83354E+00 5.16576E+00 5.20381E+00 5.19851E+00 5.20771E+00 5.22867E+00 5.16581E+00 4.83354E+00 4.30879E+00 1.26009E+02
4.45580E+00 4.97876E+00 5.30960E+00 5.34802E+00 5.34276E+00 5.35211E+00 5.37321E+00 5.30965E+00 4.97876E+00 4.45580E+00 1.29431E+02
4.60214E+00 5.12337E+00 5.45286E+00 5.49165E+00 5.48641E+00 5.49592E+00 5.51715E+00 5.45291E+00 5.12337E+00 4.60214E+00 1.32816E+02
4.74781E+00 5.26735E+00 5.59551E+00 5.63466E+00 5.62945E+00 5.63912E+00 5.66047E+00 5.59557E+00 5.26735E+00 4.74781E+00 1.36164E+02
4.89278E+00 5.41066E+00 5.73754E+00 5.77704E+00 5.77185E+00 5.78168E+00 5.80315E+00 5.73759E+00 5.41066E+00 4.89278E+00 1.39475E+02
5.03704E+00 5.55329E+00 5.87892E+00 5.91876E+00 5.91359E+00 5.92357E+00 5.94516E+00 5.87897E+00 5.55329E+00 5.03704E+00 1.42749E+02
5.18056E+00 5.69523E+00 6.01963E+00 6.05980E+00 6.05466E+00 6.06480E+00 6.08651E+00 6.01969E+00 5.69523E+00 5.18056E+00 1.45986E+02
5.32334E+00 5.83646E+00 6.15966E+00 6.20016E+00 6.19504E+00 6.20533E+00 6.22715E+00 6.15972E+00 5.83646E+00 5.32334E+00 1.49187E+02
5.46536E+00 5.97697E+00 6.29900E+00 6.33981E+00 6.33472E+00 6.34515E+00 6.36709E+00 6.29905E+00 5.97697E+00 5.46536E+00 1.52351E+02
5.60662E+00 6.11674E+00 6.43762E+00 6.47874E+00 6.47368E+00 6.48426E+00 6.50631E+00 6.43768E+00 6.11674E+00 5.60662E+00 1.55479E+02
5.74711E+00 6.25577E+00 6.57553E+00 6.61695E+00 6.61191E+00 6.62263E+00 6.64480E+00 6.57559E+00 6.25577E+00 5.74711E+00 1.58571E+02
5.88681E+00 6.39404E+00 6.71270E+00 6.75443E+00 6.74941E+00 6.76027E+00 6.78255E+00 6.71276E+00 6.39404E+00 5.88681E+00 1.61628E+02
6.02572E+00 6.53156E+00 6.84914E+00 6.89115E+00 6.88616E+00 6.89717E+00 6.91956E+00 6.84920E+00 6.53156E+00 6.02572E+00 1.64650E+02
0.00000E+00 0.00000E+00 3.39220E-01 3.59810E-01 3.53054E-01 3.54196E-01 3.68679E-01 3.39219E-01 0.00000E+00 0.00000E+00 -1.37997E+00
0.00000E+00 0.00000E+00 3.72289E-01 3.95886E-01 3.89219E-01 3.90912E-01 4.06022E-01 3.72291E-01 0.00000E+00 0.00000E+00 -2.67887E-01
0.00000E+00 4.32288E-02 4.24465E-01 4.50503E-01 4.43919E-01 4.46114E-01 4.61766E-01 4.24471E-01 4.32288E-02 0.00000E+00 1.23630E+00
0.00000E+00 1.16606E-01 4.90306E-01 5.18418E-01 5.11912E-01 5.14577E-01 5.30714E-01 4.90314E-01 1.16606E-01 0.00000E+00 3.07792E+00
0.00000E+00 1.99549E-01 5.66652E-01 5.96572E-01 5.90140E-01 5.93249E-01 6.09830E-01 5.66662E-01 1.99549E-01 0.00000E+00 5.23371E+00
0.00000E+00 2.89871E-01 6.51113E-01 6.82634E-01 6.76273E-01 6.79804E-01 6.96795E-01 6.51126E-01 2.89871E-01 0.00000E+00 7.65006E+00
0.00000E+00 3.86012E-01 7.41991E-01 7.74944E-01 7.68652E-01 7.72585E-01 7.89957E-01 7.42006E-01 3.86012E-01 0.00000E+00 1.02791E+01
0.00000E+00 4.86818E-01 8.38024E-01 8.72273E-01 8.66046E-01 8.70364E-01 8.88093E-01 8.38041E-01 4.86818E-01 0.00000E+00 1.30795E+01
4.19257E-02 5.89985E-01 9.36852E-01 9.72274E-01 9.66111E-01 9.70799E-01 9.88862E-01 9.36871E-01 5.89985E-01 4.19257E-02 1.59489E+01
1.51625E-01 6.94591E-01 1.03748E+00 1.07397E+00 1.06787E+00 1.07292E+00 1.09130E+00 1.03750E+00 6.94591E-01 1.51625E-01 1.88164E+01
2.64235E-01 8.02440E-01 1.14162E+00 1.17911E+00 1.17307E+00 1.17846E+00 1.19714E+00 1.14164E+00 8.02440E-01 2.64235E-01 2.17642E+01
3.79237E-01 9.12975E-01 1.24869E+00 1.28711E+00 1.28112E+00 1.28685E+00 1.30583E+00 1.24871E+00 9.12975E-01 3.79237E-01 2.47748E+01
4.96200E-01 1.02573E+00 1.35819E+00 1.39748E+00 1.39155E+00 1.39761E+00 1.41686E+00 1.35822E+00 1.02573E+00 4.96200E-01 2.78331E+01
6.14758E-01 1.14032E+00 1.46971E+00 1.50981E+00 1.50394E+00 1.51032E+00 1.52984E+00 1.46974E+00 1.14032E+00 6.14758E-01 3.09263E+01
7.34600E-01 1.25639E+00 1.58289E+00 1.62377E+00 1.61795E+00 1.62464E+00 1.64442E+00 1.58292E+00 1.25639E+00 7.34600E-01 3.40432E+01
8.55461E-01 1.37368E+00 1.69743E+00 1.73904E+00 1.73327E+00 1.74027E+00 1.76030E+00 1.69747E+00 1.37368E+00 8.55461E-01 3.71743E+01
9.77111E-01 1.49193E+00 1.81308E+00 1.85537E+00 1.84965E+00 1.85695E+00 1.87722E+00 1.81311E+00 1.49193E+00 9.77111E-01 4.03114E+01
1.09935E+00 1.61092E+00 1.92959E+00 1.97254E+00 1.96687E+00 1.97446E+00 1.99497E+00 1.92963E+00 1.61092E+00 1.09935E+00 4.34477E+01
1.22201E+00 1.73047E+00 2.04678E+00 2.09035E+00 2.08473E+00 2.09261E+00 2.11335E+00 2.04682E+00 1.73047E+00 1.22201E+00 4.65772E+01
1.34493E+00 1.85042E+00 2.16448E+00 2.20863E+00 2.20307E+00 2.21122E+00 2.23218E+00 2.16452E+00 1.85042E+00 1.34493E+00 4.96949E+01
1.46798E+00 1.97062E+00 2.28252E+00 2.32724E+00 2.32172E+00 2.33015E+00 2.35133E+00 2.28256E+00 1.97062E+00 1.46798E+00 5.27964E+01
1.59105E+00 2.09096E+00 2.40078E+00 2.44604E+00 2.44057E+00 2.44927E+00 2.47066E+00 2.40083E+00 2.09096E+00 1.59105E+00 5.58782E+01
1.71404E+00 2.21130E+00 2.51914E+00 2.56492E+00 2.55950E+00 2.56846E+00 2.59005E+00 2.51919E+00 2.21130E+00 1.71404E+00 5.89372E+01
1.83685E+00 2.33157E+00 2.63750E+00 2.68378E+00 2.67840E+00 2.68762E+00 2.70941E+00 2.63755E+00 2.33157E+00 1.83685E+00 6.19709E+01
1.95940E+00 2.45168E+00 2.75577E+00 2.80252E+00 2.79719E+00 2.80667E+00 2.82865E+00 2.75582E+00 2.45168E+00 1.95940E+00 6.49770E+01
2.08162E+00 2.57154E+00 2.87386E+00 2.92107E+00 2.91578E+00 2.92551E+00 2.94768E+00 2.87391E+00 2.57154E+00 2.08162E+00 6.79538E+01
2.20346E+00 2.69109E+00 2.99170E+00 3.03936E+00 3.03411E+00 3.04408E+00 3.06644E+00 2.99175E+00 2.69109E+00 2.20346E+00 7.08999E+01
2.32486E+00 2.81027E+00 3.10923E+00 3.15731E+00 3.15210E+00 3.16232E+00 3.18487E+00 3.10928E+00 2.81027E+00 2.32486E+00 7.38140E+01
2.44576E+00 2.92904E+00 3.22639E+00 3.27489E+00 3.26972E+00 3.28018E+00 3.30290E+00 3.22645E+00 2.92904E+00 2.44576E+00 7.66953E+01
2.56613E+00 3.04733E+00 3.34314E+00 3.39203E+00 3.38690E+00 3.39760E+00 3.42050E+00 3.34320E+00 3.04733E+00 2.56613E+00 7.95429E+01
2.68593E+00 3.16511E+00 3.45943E+00 3.50870E+00 3.50361E+00 3.51454E+00 3.53761E+00 3.45948E+00 3.16511E+00 2.68593E+00 8.23563E+01
2.80512E+00 3.28234E+00 3.57521E+00 3.62486E+00 3.61981E+00 3.63096E+00 3.65420E+00 3.57527E+00 3.28234E+00 2.80512E+00 8.51351E+01
2.92368E+00 3.39900E+00 3.69046E+00 3.74046E+00 3.73545E+00 3.74683E+00 3.77024E+00 3.69052E+00 3.39900E+00 2.92368E+00 8.78790E+01
3.04158E+00 3.51505E+00 3.80514E+00 3.85549E+00 3.85052E+00 3.86212E+00 3.88569E+00 3.80520E+00 3.51505E+00 3.04158E+00 9.05878E+01
3.15879E+00 3.63047E+00 3.91923E+00 3.96992E+00 3.96499E+00 3.97681E+00 4.00053E+00 3.91929E+00 3.63047E+00 3.15879E+00 9.32615E+01
3.27531E+00 3.74523E+00 4.03270E+00 4.08372E+00 4.07882E+00 4.09086E+00 4.11474E+00 4.03277E+00 3.74523E+00 3.27531E+00 9.59001E+01
3.39111E+00 3.85932E+00 4.14553E+00 4.19687E+00 4.19201E+00 4.20426E+00 4.22830E+00 4.14560E+00 3.85932E+00 3.39111E+00 9.85036E+01
3.50618E+00 3.97272E+00 4.25771E+00 4.30936E+00 4.30454E+00 4.31700E+00 4.34118E+00 4.25778E+00 3.97272E+00 3.50618E+00 1.01072E+02
3.62051E+00 4.08542E+00 4.36922E+00 4.42117E+00 4.41638E+00 4.42905E+00 4.45338E+00 4.36929E+00 4.08542E+00 3.62051E+00 1.03606E+02
3.73408E+00 4.19741E+00 4.48004E+00 4.53229E+00 4.52753E+00 4.54040E+00 4.56488E+00 4.48011E+00 4.19741E+00 3.73408E+00 1.06106E+02
3.84689E+00 4.30867E+00 4.59017E+00 4.64270E+00 4.63798E+00 4.65105E+00 4.67568E+00 4.59024E+00 4.30867E+00 3.84689E+00 1.08571E+02
3.95893E+00 4.41919E+00 4.69959E+00 4.75240E+00 4.74771E+00 4.76098E+00 4.78575E+00 4.69966E+00 4.41919E+00 3.95893E+00 1.11003E+02
4.07019E+00 4.52898E+00 4.80829E+00 4.86137E+00 4.85672E+00 4.87019E+00 4.89510E+00 4.80837E+00 4.52898E+00 4.07019E+00 1.13402E+02
4.18068E+00 4.63802E+00 4.91628E+00 4.96962E+00 4.96500E+00 4.97867E+00 5.00371E+00 4.91635E+00 4.63802E+00 4.18068E+00 1.15767E+02
4.29039E+00 4.74630E+00 5.02353E+00 5.07713E+00 5.07255E+00 5.08641E+00 5.11159E+00 5.02361E+00 4.74630E+00 4.29039E+00 1.18100E+02
4.39931E+00 4.85384E+00 5.13006E+00 5.18391E+00 5.17936E+00 5.19341E+00 5.21872E+00 5.13014E+00 4.85384E+00 4.39931E+00 1.20400E+02
4.50744E+00 4.96061E+00 5.23585E+00 5.28995E+00 5.28543E+00 5.29966E+00 5.32511E+00 5.23593E+00 4.96061E+00 4.50744E+00 1.22669E+02
4.61479E+00 5.06663E+00 5.34090E+00 5.39524E+00 5.39075E+00 5.40518E+00 5.43075E+00 5.34099E+00 5.06663E+00 4.61479E+00 1.24906E+02
4.72136E+00 5.17189E+00 5.44522E+00 5.49979E+00 5.49534E+00 5.50994E+00 5.53565E+00 5.44530E+00 5.17189E+00 4.72136E+00 1.27112E+02
4.82714E+00 5.27639E+00 5.54880E+00 5.60360E+00 5.59917E+00 5.61396E+00 5.63980E+00 5.54888E+00 5.27639E+00 4.82714E+00 1.29288E+02
0.00000E+00 0.00000E+00 2.83052E-01 3.20822E-01 3.13970E-01 3.15811E-01 3.32478E-01 2.83052E-01 0.00000E+00 0.00000E+00 -1.31867E+00
0.00000E+00 0.00000E+00 3.17703E-01 3.57865E-01 3.51159E-01 3.53766E-01 3.71159E-01 3.17707E-01 0.00000E+00 0.00000E+00 -2.08553E-01
0.00000E+00 4.06406E-02 3.67795E-01 4.09901E-01 4.03326E-01 4.06626E-01 4.24648E-01 3.67803E-01 4.06406E-02 0.00000E+00 1.23780E+00
0.00000E+00 1.08036E-01 4.28716E-01 4.72476E-01 4.66023E-01 4.69967E-01 4.88552E-01 4.28728E-01 1.08036E-01 0.00000E+00 2.95968E+00
0.00000E+00 1.82779E-01 4.97790E-01 5.42995E-01 5.36656E-01 5.41206E-01 5.60305E-01 4.97806E-01 1.82779E-01 0.00000E+00 4.93016E+00
0.00000E+00 2.63021E-01 5.72997E-01 6.19480E-01 6.13249E-01 6.18372E-01 6.37946E-01 5.73016E-01 2.63021E-01 0.00000E+00 7.09716E+00
0.00000E+00 3.47461E-01 6.52914E-01 7.00542E-01 6.94413E-01 7.00081E-01 7.20096E-01 6.52936E-01 3.47461E-01 0.00000E+00 9.41672E+00
0.00000E+00 4.35145E-01 7.36496E-01 7.85160E-01 7.79128E-01 7.85316E-01 8.05744E-01 7.36522E-01 4.35145E-01 0.00000E+00 1.18525E+01
3.64111E-02 5.24358E-01 8.21980E-01 8.71583E-01 8.65644E-01 8.72328E-01 8.93145E-01 8.22009E-01 5.24358E-01 3.64111E-02 1.43134E+01
1.31116E-01 6.14414E-01 9.08614E-01 9.59076E-01 9.53225E-01 9.60387E-01 9.81572E-01 9.08647E-01 6.14414E-01 1.31116E-01 1.67396E+01
2.27574E-01 7.06527E-01 9.97540E-01 1.04880E+00 1.04303E+00 1.05066E+00 1.07219E+00 9.97575E-01 7.06527E-01 2.27574E-01 1.92096E+01
3.25383E-01 8.00257E-01 1.08829E+00 1.14029E+00 1.13461E+00 1.14268E+00 1.16456E+00 1.08833E+00 8.00257E-01 3.25383E-01 2.17095E+01
4.24210E-01 8.95243E-01 1.18048E+00 1.23318E+00 1.22757E+00 1.23608E+00 1.25828E+00 1.18052E+00 8.95243E-01 4.24210E-01 2.42278E+01
5.23780E-01 9.91184E-01 1.27378E+00 1.32714E+00 1.32161E+00 1.33055E+00 1.35305E+00 1.27383E+00 9.91184E-01 5.23780E-01 2.67548E+01
6.23861E-01 1.08783E+00 1.36794E+00 1.42191E+00 1.41646E+00 1.42581E+00 1.44861E+00 1.36798E+00 1.08783E+00 6.23861E-01 2.92824E+01
7.24259E-01 1.18496E+00 1.46271E+00 1.51726E+00 1.51189E+00 1.52164E+00 1.54474E+00 1.46276E+00 1.18496E+00 7.24259E-01 3.18039E+01
8.24809E-01 1.28240E+00 1.55791E+00 1.61301E+00 1.60771E+00 1.61785E+00 1.64123E+00 1.55797E+00 1.28240E+00 8.24809E-01 3.43136E+01
9.25368E-01 1.37999E+00 1.65338E+00 1.70900E+00 1.70377E+00 1.71429E+00 1.73795E+00 1.65343E+00 1.37999E+00 9.25368E-01 3.68070E+01
1.02582E+00 1.47760E+00 1.74896E+00 1.80508E+00 1.79991E+00 1.81081E+00 1.83473E+00 1.74901E+00 1.47760E+00 1.02582E+00 3.92802E+01
1.12605E+00 1.57512E+00 1.84454E+00 1.90113E+00 1.89603E+00 1.90730E+00 1.93148E+00 1.84460E+00 1.57512E+00 1.12605E+00 4.17301E+01
1.22599E+00 1.67245E+00 1.94001E+00 1.99705E+00 1.99202E+00 2.00365E+00 2.02807E+00 1.94007E+00 1.67245E+00 1.22599E+00 4.41542E+01
1.32555E+00 1.76951E+00 2.03528E+00 2.09276E+00 2.08779E+00 2.09977E+00 2.12444E+00 2.03534E+00 1.76951E+00 1.32555E+00 4.65503E+01
1.42466E+00 1.86621E+00 2.13028E+00 2.18817E+00 2.18326E+00 2.19558E+00 2.22049E+00 2.13034E+00 1.86621E+00 1.42466E+00 4.89168E+01
1.52327E+00 1.96250E+00 2.22493E+00 2.28322E+00 2.27837E+00 2.29103E+00 2.31617E+00 2.22499E+00 1.96250E+00 1.52327E+00 5.12524E+01
1.62134E+00 2.05833E+00 2.31917E+00 2.37784E+00 2.37306E+00 2.38605E+00 2.41141E+00 2.31924E+00 2.05833E+00 1.62134E+00 5.35562E+01
1.71882E+00 2.15365E+00 2.41296E+00 2.47200E+00 2.46727E+00 2.48059E+00 2.50617E+00 2.41304E+00 2.15365E+00 1.71882E+00 5.58273E+01
1.81567E+00 2.24841E+00 2.50626E+00 2.56565E+00 2.56098E+00 2.57461E+00 2.60041E+00 2.50633E+00 2.24841E+00 1.81567E+00 5.80653E+01
1.91187E+00 2.34259E+00 2.59901E+00 2.65874E+00 2.65413E+00 2.66808E+00 2.69409E+00 2.59909E+00 2.34259E+00 1.91187E+00 6.02698E+01
2.00739E+00 2.43615E+00 2.69120E+00 2.75126E+00 2.74670E+00 2.76095E+00 2.78717E+00 2.69127E+00 2.43615E+00 2.00739E+00 6.24407E+01
2.10221E+00 2.52906E+00 2.78278E+00 2.84316E+00 2.83865E+00 2.85321E+00 2.87964E+00 2.78286E+00 2.52906E+00 2.10221E+00 6.45778E+01
2.19631E+00 2.62132E+00 2.87375E+00 2.93443E+00 2.92998E+00 2.94484E+00 2.97146E+00 2.87383E+00 2.62132E+00 2.19631E+00 6.66811E+01
2.28967E+00 2.71289E+00 2.96407E+00 3.02505E+00 3.02065E+00 3.03580E+00 3.06262E+00 2.96416E+00 2.71289E+00 2.28967E+00 6.87510E+01
2.38229E+00 2.80377E+00 3.05374E+00 3.11500E+00 3.11065E+00 3.12609E+00 3.15310E+00 3.05383E+00 2.80377E+00 2.38229E+00 7.07874E+01
2.47415E+00 2.89394E+00 3.14273E+00 3.20427E+00 3.19997E+00 3.21570E+00 3.24290E+00 3.14282E+00 2.89394E+00 2.47415E+00 7.27908E+01
2.56525E+00 2.98339E+00 3.23104E+00 3.29285E+00 3.28860E+00 3.30460E+00 3.33199E+00 3.23113E+00 2.98339E+00 2.56525E+00 7.47615E+01
2.65558E+00 3.07211E+00 3.31865E+00 3.38072E+00 3.37652E+00 3.39280E+00 3.42036E+00 3.31874E+00 3.07211E+00 2.65558E+00 7.66997E+01
2.74513E+00 3.16010E+00 3.40556E+00 3.46788E+00 3.46373E+00 3.48028E+00 3.50803E+00 3.40565E+00 3.16010E+00 2.74513E+00 7.86061E+01
2.83391E+00 3.24735E+00 3.49176E+00 3.55433E+00 3.55023E+00 3.56705E+00 3.59496E+00 3.49185E+00 3.24735E+00 2.83391E+00 8.04809E+01
2.92192E+00 3.33387E+00 3.57725E+00 3.64006E+00 3.63600E+00 3.65309E+00 3.68117E+00 3.57734E+00 3.33387E+00 2.92192E+00 8.23247E+01
3.00914E+00 3.41964E+00 3.66202E+00 3.72506E+00 3.72105E+00 3.73840E+00 3.76666E+00 3.66212E+00 3.41964E+00 3.00914E+00 8.41379E+01
3.09559E+00 3.50467E+00 3.74607E+00 3.80934E+00 3.80538E+00 3.82298E+00 3.85141E+00 3.74617E+00 3.50467E+00 3.09559E+00 8.59210E+01
3.18127E+00 3.58896E+00 3.82941E+00 3.89290E+00 3.88898E+00 3.90684E+00 3.93543E+00 3.82951E+00 3.58896E+00 3.18127E+00 8.76746E+01
3.26617E+00 3.67251E+00 3.91203E+00 3.97573E+00 3.97185E+00 3.98996E+00 4.01872E+00 3.91213E+00 3.67251E+00 3.26617E+00 8.93991E+01
3.35031E+00 3.75532E+00 3.99393E+00 4.05784E+00 4.05401E+00 4.07236E+00 4.10128E+00 3.99403E+00 3.75532E+00 3.35031E+00 9.10951E+01
3.43368E+00 3.83739E+00 4.07512E+00 4.13923E+00 4.13544E+00 4.15404E+00 4.18311E+00 4.07522E+00 3.83739E+00 3.43368E+00 9.27631E+01
3.51629E+00 3.91873E+00 4.15559E+00 4.21991E+00 4.21616E+00 4.23500E+00 4.26422E+00 4.15570E+00 3.91873E+00 3.51629E+00 9.44036E+01
3.59815E+00 3.99934E+00 4.23535E+00 4.29987E+00 4.29616E+00 4.31524E+00 4.34462E+00 4.23546E+00 3.99934E+00 3.59815E+00 9.60171E+01
3.67926E+00 4.07923E+00 4.31441E+00 4.37911E+00 4.37545E+00 4.39476E+00 4.42429E+00 4.31452E+00 4.07923E+00 3.67926E+00 9.76042E+01
3.75962E+00 4.15840E+00 4.39277E+00 4.45766E+00 4.45403E+00 4.47358E+00 4.50326E+00 4.39288E+00 4.15840E+00 3.75962E+00 9.91654E+01
3.83925E+00 4.23686E+00 4.47043E+00 4.53550E+00 4.53191E+00 4.55169E+00 4.58152E+00 4.47054E+00 4.23686E+00 3.83925E+00 1.00701E+02
0.00000E+00 0.00000E+00 2.35226E-01 2.86732E-01 2.79925E-01 2.82870E-01 3.02076E-01 2.35228E-01 0.00000E+00 0.00000E+00 -1.24726E+00
0.00000E+00 0.00000E+00 2.70969E-01 3.24395E-01 3.17807E-01 3.21810E-01 3.41853E-01 2.70978E-01 0.00000E+00 0.00000E+00 -1.31408E-01
0.00000E+00 3.81152E-02 3.18839E-01 3.73827E-01 3.67433E-01 3.72387E-01 3.93154E-01 3.18853E-01 3.81152E-02 0.00000E+00 1.26086E+00
0.00000E+00 9.98682E-02 3.75026E-01 4.31345E-01 4.25129E-01 4.30960E-01 4.52377E-01 3.75046E-01 9.98682E-02 0.00000E+00 2.86760E+00
0.00000E+00 1.67033E-01 4.37316E-01 4.94797E-01 4.88746E-01 4.95399E-01 5.17409E-01 4.37341E-01 1.67033E-01 0.00000E+00 4.66151E+00
0.00000E+00 2.38082E-01 5.04036E-01 5.62547E-01 5.56649E-01 5.64075E-01 5.86634E-01 5.04066E-01 2.38082E-01 0.00000E+00 6.59431E+00
0.00000E+00 3.11957E-01 5.74022E-01 6.33456E-01 6.27702E-01 6.35860E-01 6.58929E-01 5.74056E-01 3.11957E-01 0.00000E+00 8.62734E+00
0.00000E+00 3.87893E-01 6.46430E-01 7.06699E-01 7.01082E-01 7.09935E-01 7.33482E-01 6.46469E-01 3.87893E-01 0.00000E+00 1.07300E+01
3.14614E-02 4.64646E-01 7.19975E-01 7.81001E-01 7.75513E-01 7.85028E-01 8.09024E-01 7.20019E-01 4.64646E-01 3.14614E-02 1.28229E+01
1.12788E-01 5.41722E-01 7.94108E-01 8.55825E-01 8.50460E-01 8.60609E-01 8.85031E-01 7.94156E-01 5.41722E-01 1.12788E-01 1.48571E+01
1.94947E-01 6.19907E-01 8.69551E-01 9.31910E-01 9.26662E-01 9.37424E-01 9.62252E-01 8.69603E-01 6.19907E-01 1.94947E-01 1.69065E+01
2.77638E-01 6.98867E-01 9.45947E-01 1.00890E+00 1.00377E+00 1.01512E+00 1.04034E+00 9.46003E-01 6.98867E-01 2.77638E-01 1.89607E+01
3.60620E-01 7.78334E-01 1.02301E+00 1.08652E+00 1.08150E+00 1.09343E+00 1.11902E+00 1.02307E+00 7.78334E-01 3.60620E-01 2.10114E+01
4.43694E-01 8.58088E-01 1.10049E+00 1.16454E+00 1.15962E+00 1.17210E+00 1.19805E+00 1.10056E+00 8.58088E-01 4.43694E-01 2.30520E+01
5.26700E-01 9.37947E-01 1.17821E+00 1.24275E+00 1.23793E+00 1.25096E+00 1.27726E+00 1.17828E+00 9.37947E-01 5.26700E-01 2.50769E+01
6.09505E-01 1.01776E+00 1.25600E+00 1.32100E+00 1.31628E+00 1.32983E+00 1.35647E+00 1.25607E+00 1.01776E+00 6.09505E-01 2.70819E+01
6.91998E-01 1.09741E+00 1.33371E+00 1.39916E+00 1.39454E+00 1.40860E+00 1.43557E+00 1.33379E+00 1.09741E+00 6.91998E-01 2.90635E+01
7.74088E-01 1.17678E+00 1.41125E+00 1.47712E+00 1.47259E+00 1.48715E+00 1.51443E+00 1.41133E+00 1.17678E+00 7.74088E-01 3.10190E+01
8.55700E-01 1.25579E+00 1.48852E+00 1.55479E+00 1.55035E+00 1.56539E+00 1.59298E+00 1.48860E+00 1.25579E+00 8.55700E-01 3.29463E+01
9.36770E-01 1.33438E+00 1.56543E+00 1.63208E+00 1.62772E+00 1.64325E+00 1.67113E+00 1.56551E+00 1.33438E+00 9.36770E-01 3.48438E+01
1.01725E+00 1.41246E+00 1.64192E+00 1.70893E+00 1.70466E+00 1.72065E+00 1.74882E+00 1.64201E+00 1.41246E+00 1.01725E+00 3.67102E+01
1.09709E+00 1.49001E+00 1.71793E+00 1.78529E+00 1.78111E+00 1.79754E+00 1.82600E+00 1.71802E+00 1.49001E+00 1.09709E+00 3.85449E+01
1.17626E+00 1.56697E+00 1.79342E+00 1.86111E+00 1.85701E+00 1.87389E+00 1.90262E+00 1.79351E+00 1.56697E+00 1.17626E+00 4.03472E+01
1.25473E+00 1.64331E+00 1.86835E+00 1.93635E+00 1.93233E+00 1.94965E+00 1.97865E+00 1.86844E+00 1.64331E+00 1.25473E+00 4.21167E+01
1.33247E+00 1.71901E+00 1.94268E+00 2.01099E+00 2.00704E+00 2.02479E+00 2.05405E+00 1.94278E+00 1.71901E+00 1.33247E+00 4.38534E+01
1.40948E+00 1.79403E+00 2.01639E+00 2.08499E+00 2.08112E+00 2.09928E+00 2.12880E+00 2.01649E+00 1.79403E+00 1.40948E+00 4.55572E+01
1.48572E+00 1.86836E+00 2.08945E+00 2.15833E+00 2.15454E+00 2.17311E+00 2.20288E+00 2.08955E+00 1.86836E+00 1.48572E+00 4.72284E+01
1.56121E+00 1.94198E+00 2.16185E+00 2.23101E+00 2.22728E+00 2.24625E+00 2.27627E+00 2.16196E+00 1.94198E+00 1.56121E+00 4.88671E+01
1.63591E+00 2.01489E+00 2.23358E+00 2.30299E+00 2.29934E+00 2.31871E+00 2.34896E+00 2.23369E+00 2.01489E+00 1.63591E+00 5.04736E+01
1.70984E+00 2.08708E+00 2.30462E+00 2.37428E+00 2.37070E+00 2.39045E+00 2.42095E+00 2.30473E+00 2.08708E+00 1.70984E+00 5.20485E+01
1.78298E+00 2.15853E+00 2.37496E+00 2.44487E+00 2.44135E+00 2.46148E+00 2.49221E+00 2.37507E+00 2.15853E+00 1.78298E+00 5.35920E+01
1.85534E+00 2.22924E+00 2.44460E+00 2.51474E+00 2.51130E+00 2.53180E+00 2.56275E+00 2.44472E+00 2.22924E+00 1.85534E+00 5.51049E+01
1.92692E+00 2.29922E+00 2.51353E+00 2.58390E+00 2.58052E+00 2.60139E+00 2.63257E+00 2.51365E+00 2.29922E+00 1.92692E+00 5.65875E+01
1.99771E+00 2.36846E+00 2.58176E+00 2.65235E+00 2.64903E+00 2.67026E+00 2.70166E+00 2.58188E+00 2.36846E+00 1.99771E+00 5.80404E+01
2.06773E+00 2.43697E+00 2.64928E+00 2.72008E+00 2.71683E+00 2.73841E+00 2.77002E+00 2.64940E+00 2.43697E+00 2.06773E+00 5.94642E+01
2.13697E+00 2.50473E+00 2.71608E+00 2.78710E+00 2.78390E+00 2.80584E+00 2.83766E+00 2.71621E+00 2.50473E+00 2.13697E+00 6.08596E+01
2.20544E+00 2.57177E+00 2.78219E+00 2.85340E+00 2.85027E+00 2.87255E+00 2.90457E+00 2.78232E+00 2.57177E+00 2.20544E+00 6.22270E+01
2.27315E+00 2.63807E+00 2.84759E+00 2.91899E+00 2.91592E+00 2.93854E+00 2.97077E+00 2.84772E+00 2.63807E+00 2.27315E+00 6.35671E+01
2.34010E+00 2.70366E+00 2.91229E+00 2.98388E+00 2.98087E+00 3.00382E+00 3.03625E+00 2.91242E+00 2.70366E+00 2.34010E+00 6.48805E+01
2.40630E+00 2.76852E+00 2.97629E+00 3.04807E+00 3.04511E+00 3.06839E+00 3.10102E+00 2.97642E+00 2.76852E+00 2.40630E+00 6.61678E+01
2.47175E+00 2.83268E+00 3.03960E+00 3.11156E+00 3.10866E+00 3.13226E+00 3.16508E+00 3.03974E+00 2.83268E+00 2.47175E+00 6.74295E+01
2.53648E+00 2.89613E+00 3.10223E+00 3.17436E+00 3.17152E+00 3.19544E+00 3.22845E+00 3.10237E+00 2.89613E+00 2.53648E+00 6.86664E+01
2.60047E+00 2.95888E+00 3.16418E+00 3.23647E+00 3.23369E+00 3.25792E+00 3.29112E+00 3.16432E+00 2.95888E+00 2.60047E+00 6.98789E+01
2.66375E+00 3.02093E+00 3.22545E+00 3.29791E+00 3.29518E+00 3.31973E+00 3.35311E+00 3.22560E+00 3.02093E+00 2.66375E+00 7.10676E+01
2.72632E+00 3.08231E+00 3.28606E+00 3.35868E+00 3.35600E+00 3.38086E+00 3.41443E+00 3.28621E+00 3.08231E+00 2.72632E+00 7.22331E+01
2.78818E+00 3.14301E+00 3.34601E+00 3.41879E+00 3.41616E+00 3.44132E+00 3.47507E+00 3.34616E+00 3.14301E+00 2.78818E+00 7.33760E+01
2.84936E+00 3.20304E+00 3.40531E+00 3.47824E+00 3.47567E+00 3.50112E+00 3.53505E+00 3.40546E+00 3.20304E+00 2.84936E+00 7.44967E+01
2.90985E+00 3.26241E+00 3.46397E+00 3.53705E+00 3.53452E+00 3.56027E+00 3.59437E+00 3.46412E+00 3.26241E+00 2.90985E+00 7.55959E+01
2.96967E+00 3.32113E+00 3.52199E+00 3.59521E+00 3.59274E+00 3.61877E+00 3.65305E+00 3.52214E+00 3.32113E+00 2.96967E+00 7.66739E+01
3.02882E+00 3.37921E+00 3.57938E+00 3.65274E+00 3.65032E+00 3.67664E+00 3.71109E+00 3.57954E+00 3.37921E+00 3.02882E+00 7.77314E+01
0.00000E+00 0.00000E+00 1.94604E-01 2.57219E-01 2.50671E-01 2.55345E-01 2.77457E-01 1.94610E-01 0.00000E+00 0.00000E+00 -1.15581E+00
0.00000E+00 0.00000E+00 2.30967E-01 2.95143E-01 2.88908E-01 2.95035E-01 3.18106E-01 2.30982E-01 0.00000E+00 0.00000E+00 -2.92276E-02
0.00000E+00 3.56447E-02 2.76492E-01 3.41940E-01 3.35979E-01 3.43399E-01 3.67302E-01 2.76516E-01 3.56447E-02 0.00000E+00 1.31006E+00
0.00000E+00 9.20677E-02 3.28126E-01 3.94658E-01 3.88943E-01 3.97550E-01 4.22201E-01 3.28158E-01 9.20677E-02 0.00000E+00 2.80394E+00
0.00000E+00 1.52222E-01 3.84085E-01 4.51564E-01 4.46075E-01 4.55787E-01 4.81122E-01 3.84124E-01 1.52222E-01 0.00000E+00 4.42799E+00
0.00000E+00 2.14886E-01 4.43021E-01 5.11339E-01 5.06061E-01 5.16806E-01 5.42774E-01 4.43068E-01 2.14886E-01 0.00000E+00 6.13969E+00
0.00000E+00 2.79225E-01 5.04012E-01 5.73081E-01 5.67998E-01 5.79717E-01 6.06276E-01 5.04065E-01 2.79225E-01 0.00000E+00 7.90678E+00
0.00000E+00 3.44648E-01 5.66398E-01 6.36146E-01 6.31246E-01 6.43888E-01 6.70999E-01 5.66457E-01 3.44648E-01 0.00000E+00 9.70494E+00
2.70269E-02 4.10288E-01 6.29274E-01 6.99637E-01 6.94909E-01 7.08425E-01 7.36057E-01 6.29340E-01 4.10288E-01 2.70269E-02 1.14666E+01
9.64421E-02 4.75805E-01 6.92256E-01 7.63179E-01 7.58614E-01 7.72963E-01 8.01088E-01 6.92327E-01 4.75805E-01 9.64421E-02 1.31532E+01
1.65970E-01 5.41687E-01 7.55776E-01 8.27219E-01 8.22809E-01 8.37960E-01 8.66556E-01 7.55853E-01 5.41687E-01 1.65970E-01 1.48333E+01
2.35403E-01 6.07696E-01 8.19576E-01 8.91503E-01 8.87242E-01 9.03167E-01 9.32215E-01 8.19658E-01 6.07696E-01 2.35403E-01 1.64999E+01
3.04577E-01 6.73645E-01 8.83451E-01 9.55830E-01 9.51712E-01 9.68383E-01 9.97867E-01 8.83538E-01 6.73645E-01 3.04577E-01 1.81476E+01
3.73366E-01 7.39384E-01 9.47236E-01 1.02004E+00 1.01606E+00 1.03345E+00 1.06336E+00 9.47328E-01 7.39384E-01 3.73366E-01 1.97722E+01
4.41666E-01 8.04795E-01 1.01080E+00 1.08400E+00 1.08015E+00 1.09825E+00 1.12856E+00 1.01090E+00 8.04795E-01 4.41666E-01 2.13707E+01
5.09399E-01 8.69781E-01 1.07404E+00 1.14761E+00 1.14389E+00 1.16267E+00 1.19337E+00 1.07414E+00 8.69781E-01 5.09399E-01 2.29407E+01
5.76500E-01 9.34265E-01 1.13686E+00 1.21079E+00 1.20720E+00 1.22663E+00 1.25771E+00 1.13697E+00 9.34265E-01 5.76500E-01 2.44806E+01
6.42920E-01 9.98188E-01 1.19920E+00 1.27347E+00 1.26999E+00 1.29007E+00 1.32151E+00 1.19931E+00 9.98188E-01 6.42920E-01 2.59891E+01
7.08619E-01 1.06150E+00 1.26101E+00 1.33559E+00 1.33223E+00 1.35293E+00 1.38473E+00 1.26112E+00 1.06150E+00 7.08619E-01 2.74656E+01
7.73570E-01 1.12416E+00 1.32223E+00 1.39712E+00 1.39387E+00 1.41518E+00 1.44732E+00 1.32235E+00 1.12416E+00 7.73570E-01 2.89097E+01
8.37748E-01 1.18615E+00 1.38283E+00 1.45801E+00 1.45487E+00 1.47677E+00 1.50926E+00 1.38296E+00 1.18615E+00 8.37748E-01 3.03212E+01
9.01138E-01 1.24743E+00 1.44279E+00 1.51824E+00 1.51521E+00 1.53769E+00 1.57050E+00 1.44292E+00 1.24743E+00 9.01138E-01 3.17001E+01
9.63729E-01 1.30798E+00 1.50208E+00 1.57780E+00 1.57487E+00 1.59791E+00 1.63104E+00 1.50221E+00 1.30798E+00 9.63729E-01 3.30468E+01
1.02551E+00 1.36781E+00 1.56069E+00 1.63666E+00 1.63382E+00 1.65742E+00 1.69087E+00 1.56082E+00 1.36781E+00 1.02551E+00 3.43615E+01
1.08649E+00 1.42690E+00 1.61860E+00 1.69481E+00 1.69207E+00 1.71621E+00 1.74996E+00 1.61874E+00 1.42690E+00 1.08649E+00 3.56447E+01
1.14665E+00 1.48524E+00 1.67580E+00 1.75224E+00 1.74960E+00 1.77427E+00 1.80832E+00 1.67595E+00 1.48524E+00 1.14665E+00 3.68971E+01
1.20601E+00 1.54283E+00 1.73230E+00 1.80896E+00 1.80642E+00 1.83159E+00 1.86594E+00 1.73245E+00 1.54283E+00 1.20601E+00 3.81190E+01
1.26456E+00 1.59967E+00 1.78809E+00 1.86496E+00 1.86250E+00 1.88819E+00 1.92282E+00 1.78824E+00 1.59967E+00 1.26456E+00 3.93113E+01
1.32231E+00 1.65576E+00 1.84316E+00 1.92024E+00 1.91787E+00 1.94405E+00 1.97896E+00 1.84331E+00 1.65576E+00 1.32231E+00 4.04746E+01
1.37926E+00 1.71111E+00 1.89752E+00 1.97480E+00 1.97252E+00 1.99918E+00 2.03437E+00 1.89768E+00 1.71111E+00 1.37926E+00 4.16095E+01
1.43543E+00 1.76573E+00 1.95118E+00 2.02864E+00 2.02644E+00 2.05359E+00 2.08904E+00 1.95134E+00 1.76573E+00 1.43543E+00 4.27168E+01
1.49083E+00 1.81961E+00 2.00413E+00 2.08178E+00 2.07966E+00 2.10727E+00 2.14299E+00 2.00429E+00 1.81961E+00 1.49083E+00 4.37972E+01
1.54545E+00 1.87276E+00 2.05638E+00 2.13421E+00 2.13217E+00 2.16024E+00 2.19622E+00 2.05655E+00 1.87276E+00 1.54545E+00 4.48513E+01
1.59932E+00 1.92520E+00 2.10794E+00 2.18594E+00 2.18398E+00 2.21251E+00 2.24874E+00 2.10811E+00 1.92520E+00 1.59932E+00 4.58800E+01
1.65244E+00 1.97693E+00 2.15882E+00 2.23698E+00 2.23510E+00 2.26407E+00 2.30055E+00 2.15899E+00 1.97693E+00 1.65244E+00 4.68839E+01
1.70483E+00 2.02795E+00 2.20902E+00 2.28734E+00 2.28554E+00 2.31494E+00 2.35167E+00 2.20920E+00 2.02795E+00 1.70483E+00 4.78636E+01
1.75649E+00 2.07829E+00 2.25855E+00 2.33703E+00 2.33530E+00 2.36513E+00 2.40210E+00 2.25873E+00 2.07829E+00 1.75649E+00 4.88199E+01
1.80744E+00 2.12795E+00 2.30743E+00 2.38605E+00 2.38439E+00 2.41465E+00 2.45185E+00 2.30761E+00 2.12795E+00 1.80744E+00 4.97534E+01
1.85768E+00 2.17693E+00 2.35565E+00 2.43441E+00 2.43283E+00 2.46350E+00 2.50094E+00 2.35583E+00 2.17693E+00 1.85768E+00 5.06648E+01
1.90723E+00 2.22526E+00 2.40323E+00 2.48213E+00 2.48062E+00 2.51169E+00 2.54936E+00 2.40341E+00 2.22526E+00 1.90723E+00 5.15547E+01
1.95611E+00 2.27293E+00 2.45017E+00 2.52922E+00 2.52777E+00 2.55925E+00 2.59714E+00 2.45036E+00 2.27293E+00 1.95611E+00 5.24237E+01
2.00431E+00 2.31996E+00 2.49650E+00 2.57567E+00 2.57429E+00 2.60617E+00 2.64428E+00 2.49669E+00 2.31996E+00 2.00431E+00 5.32724E+01
2.05187E+00 2.36636E+00 2.54221E+00 2.62151E+00 2.62020E+00 2.65246E+00 2.69080E+00 2.54240E+00 2.36636E+00 2.05187E+00 5.41014E+01
2.09877E+00 2.41214E+00 2.58731E+00 2.66674E+00 2.66549E+00 2.69814E+00 2.73669E+00 2.58751E+00 2.41214E+00 2.09877E+00 5.49113E+01
2.14504E+00 2.45732E+00 2.63182E+00 2.71137E+00 2.71019E+00 2.74321E+00 2.78198E+00 2.63202E+00 2.45732E+00 2.14504E+00 5.57026E+01
2.19069E+00 2.50189E+00 2.67575E+00 2.75542E+00 2.75430E+00 2.78770E+00 2.82667E+00 2.67595E+00 2.50189E+00 2.19069E+00 5.64758E+01
2.23573E+00 2.54588E+00 2.71910E+00 2.79888E+00 2.79783E+00 2.83159E+00 2.87077E+00 2.71931E+00 2.54588E+00 2.23573E+00 5.72315E+01
2.28017E+00 2.58928E+00 2.76189E+00 2.84178E+00 2.84079E+00 2.87491E+00 2.91430E+00 2.76210E+00 2.58928E+00 2.28017E+00 5.79702E+01
2.32402E+00 2.63212E+00 2.80412E+00 2.88412E+00 2.88319E+00 2.91767E+00 2.95726E+00 2.80433E+00 2.63212E+00 2.32402E+00 5.86923E+01
2.36730E+00 2.67440E+00 2.84581E+00 2.92591E+00 2.92504E+00 2.95988E+00 2.99966E+00 2.84602E+00 2.67440E+00 2.36730E+00 5.93984E+01
0.00000E+00 0.00000E+00 1.60192E-01 2.31999E-01 2.26025E-01 2.33391E-01 2.58757E-01 1.60207E-01 0.00000E+00 0.00000E+00 -1.03142E+00
0.00000E+00 0.00000E+00 1.96729E-01 2.69827E-01 2.64280E-01 2.73622E-01 3.00089E-01 1.96757E-01 0.00000E+00 0.00000E+00 1.06854E-01
0.00000E+00 3.32226E-02 2.39803E-01 3.13952E-01 3.08773E-01 3.19858E-01 3.47284E-01 2.39844E-01 3.32226E-02 0.00000E+00 1.39085E+00
0.00000E+00 8.45997E-02 2.87052E-01 3.62095E-01 3.57245E-01 3.69918E-01 3.98207E-01 2.87105E-01 8.45997E-02 0.00000E+00 2.77148E+00
0.00000E+00 1.38260E-01 3.37096E-01 4.12917E-01 4.08367E-01 4.22508E-01 4.51590E-01 3.37159E-01 1.38260E-01 0.00000E+00 4.23010E+00
0.00000E+00 1.93265E-01 3.88887E-01 4.65396E-01 4.61121E-01 4.76630E-01 5.06447E-01 3.88960E-01 1.93265E-01 0.00000E+00 5.73166E+00
0.00000E+00 2.48990E-01 4.41724E-01 5.18847E-01 5.14827E-01 5.31619E-01 5.62122E-01 4.41806E-01 2.48990E-01 0.00000E+00 7.25112E+00
0.00000E+00 3.05004E-01 4.95118E-01 5.72795E-01 5.69012E-01 5.87013E-01 6.18159E-01 4.95209E-01 3.05004E-01 0.00000E+00 8.77065E+00
2.30600E-02 3.60734E-01 5.48465E-01 6.26640E-01 6.23079E-01 6.42220E-01 6.73972E-01 5.48564E-01 3.60734E-01 2.30600E-02 1.02344E+01
8.18876E-02 4.15969E-01 6.01513E-01 6.80141E-01 6.76788E-01 6.97011E-01 7.29338E-01 6.01620E-01 4.15969E-01 8.18876E-02 1.16131E+01
1.40281E-01 4.71002E-01 6.54507E-01 7.33555E-01 7.30399E-01 7.51660E-01 7.84537E-01 6.54622E-01 4.71002E-01 1.40281E-01 1.29699E+01
1.98114E-01 5.25678E-01 7.07276E-01 7.86712E-01 7.83745E-01 8.06003E-01 8.39408E-01 7.07398E-01 5.25678E-01 1.98114E-01 1.43006E+01
2.55292E-01 5.79880E-01 7.59687E-01 8.39486E-01 8.36698E-01 8.59917E-01 8.93830E-01 7.59816E-01 5.79880E-01 2.55292E-01 1.56025E+01
3.11746E-01 6.33520E-01 8.11640E-01 8.91776E-01 8.89162E-01 9.13306E-01 9.47709E-01 8.11776E-01 6.33520E-01 3.11746E-01 1.68735E+01
3.67425E-01 6.86532E-01 8.63057E-01 9.43509E-01 9.41060E-01 9.66100E-01 1.00098E+00 8.63199E-01 6.86532E-01 3.67425E-01 1.81124E+01
4.22293E-01 7.38864E-01 9.13879E-01 9.94628E-01 9.92338E-01 1.01824E+00 1.05358E+00 9.14027E-01 7.38864E-01 4.22293E-01 1.93186E+01
4.76325E-01 7.90481E-01 9.64061E-01 1.04509E+00 1.04295E+00 1.06970E+00 1.10547E+00 9.64215E-01 7.90481E-01 4.76325E-01 2.04918E+01
5.29507E-01 8.41356E-01 1.01357E+00 1.09486E+00 1.09287E+00 1.12043E+00 1.15664E+00 1.01373E+00 8.41356E-01 5.29507E-01 2.16319E+01
5.81829E-01 8.91471E-01 1.06238E+00 1.14392E+00 1.14208E+00 1.17042E+00 1.20705E+00 1.06255E+00 8.91471E-01 5.81829E-01 2.27394E+01
6.33287E-01 9.40815E-01 1.11048E+00 1.19226E+00 1.19055E+00 1.21966E+00 1.25670E+00 1.11065E+00 9.40815E-01 6.33287E-01 2.38147E+01
6.83884E-01 9.89383E-01 1.15786E+00 1.23986E+00 1.23828E+00 1.26814E+00 1.30557E+00 1.15803E+00 9.89383E-01 6.83884E-01 2.48583E+01
7.33623E-01 1.03717E+00 1.20450E+00 1.28671E+00 1.28527E+00 1.31586E+00 1.35367E+00 1.20469E+00 1.03717E+00 7.33623E-01 2.58710E+01
7.82512E-01 1.08418E+00 1.25042E+00 1.33283E+00 1.33151E+00 1.36281E+00 1.40099E+00 1.25060E+00 1.08418E+00 7.82512E-01 2.68536E+01
8.30560E-01 1.13042E+00 1.29560E+00 1.37820E+00 1.37700E+00 1.40899E+00 1.44755E+00 1.29579E+00 1.13042E+00 8.30560E-01 2.78069E+01
8.77778E-01 1.17589E+00 1.34005E+00 1.42284E+00 1.42176E+00 1.45442E+00 1.49334E+00 1.34025E+00 1.17589E+00 8.77778E-01 2.87316E+01
9.24179E-01 1.22060E+00 1.38379E+00 1.46675E+00 1.46578E+00 1.49910E+00 1.53837E+00 1.38399E+00 1.22060E+00 9.24179E-01 2.96288E+01
9.69776E-01 1.26457E+00 1.42681E+00 1.50994E+00 1.50908E+00 1.54304E+00 1.58265E+00 1.42701E+00 1.26457E+00 9.69776E-01 3.04992E+01
1.01458E+00 1.30779E+00 1.46912E+00 1.55241E+00 1.55166E+00 1.58625E+00 1.62620E+00 1.46933E+00 1.30779E+00 1.01458E+00 3.13437E+01
1.05861E+00 1.35029E+00 1.51073E+00 1.59418E+00 1.59354E+00 1.62874E+00 1.66901E+00 1.51095E+00 1.35029E+00 1.05861E+00 3.21631E+01
1.10188E+00 1.39208E+00 1.55166E+00 1.63525E+00 1.63471E+00 1.67053E+00 1.71112E+00 1.55188E+00 1.39208E+00 1.10188E+00 3.29584E+01
1.14441E+00 1.43316E+00 1.59192E+00 1.67565E+00 1.67521E+00 1.71161E+00 1.75252E+00 1.59214E+00 1.43316E+00 1.14441E+00 3.37302E+01
1.18620E+00 1.47355E+00 1.63151E+00 1.71537E+00 1.71503E+00 1.75201E+00 1.79323E+00 1.63174E+00 1.47355E+00 1.18620E+00 3.44795E+01
1.22728E+00 1.51327E+00 1.67045E+00 1.75444E+00 1.75420E+00 1.79174E+00 1.83326E+00 1.67068E+00 1.51327E+00 1.22728E+00 3.52069E+01
1.26766E+00 1.55233E+00 1.70874E+00 1.79286E+00 1.79271E+00 1.83081E+00 1.87263E+00 1.70898E+00 1.55233E+00 1.26766E+00 3.59133E+01
1.30736E+00 1.59073E+00 1.74641E+00 1.83065E+00 1.83059E+00 1.86924E+00 1.91135E+00 1.74665E+00 1.59073E+00 1.30736E+00 3.65994E+01
1.34638E+00 1.62850E+00 1.78346E+00 1.86781E+00 1.86785E+00 1.90703E+00 1.94942E+00 1.78371E+00 1.62850E+00 1.34638E+00 3.72658E+01
1.38476E+00 1.66564E+00 1.81991E+00 1.90437E+00 1.90449E+00 1.94420E+00 1.98688E+00 1.82016E+00 1.66564E+00 1.38476E+00 3.79133E+01
1.42249E+00 1.70218E+00 1.85577E+00 1.94034E+00 1.94054E+00 1.98076E+00 2.02372E+00 1.85602E+00 1.70218E+00 1.42249E+00 3.85425E+01
1.45959E+00 1.73812E+00 1.89105E+00 1.97572E+00 1.97601E+00 2.01673E+00 2.05997E+00 1.89130E+00 1.73812E+00 1.45959E+00 3.91541E+01
1.49608E+00 1.77347E+00 1.92576E+00 2.01052E+00 2.01090E+00 2.05212E+00 2.09562E+00 1.92601E+00 1.77347E+00 1.49608E+00 3.97486E+01
1.53198E+00 1.80825E+00 1.95991E+00 2.04477E+00 2.04523E+00 2.08694E+00 2.13071E+00 1.96017E+00 1.80825E+00 1.53198E+00 4.03266E+01
1.56729E+00 1.84248E+00 1.99352E+00 2.07847E+00 2.07901E+00 2.12120E+00 2.16523E+00 1.99378E+00 1.84248E+00 1.56729E+00 4.08887E+01
1.60203E+00 1.87615E+00 2.02659E+00 2.11164E+00 2.11225E+00 2.15492E+00 2.19920E+00 2.02686E+00 1.87615E+00 1.60203E+00 4.14355E+01
1.63621E+00 1.90929E+00 2.05915E+00 2.14428E+00 2.14496E+00 2.18810E+00 2.23263E+00 2.05942E+00 1.90929E+00 1.63621E+00 4.19674E+01
1.66984E+00 1.94191E+00 2.09119E+00 2.17640E+00 2.17717E+00 2.22076E+00 2.26554E+00 2.09146E+00 1.94191E+00 1.66984E+00 4.24849E+01
1.70294E+00 1.97401E+00 2.12273E+00 2.20802E+00 2.20886E+00 2.25291E+00 2.29794E+00 2.12301E+00 1.97401E+00 1.70294E+00 4.29886E+01
1.73552E+00 2.00561E+00 2.15379E+00 2.23916E+00 2.24007E+00 2.28455E+00 2.32983E+00 2.15407E+00 2.00561E+00 1.73552E+00 4.34789E+01
1.76759E+00 2.03672E+00 2.18436E+00 2.26981E+00 2.27079E+00 2.31571E+00 2.36122E+00 2.18465E+00 2.03672E+00 1.76759E+00 4.39562E+01
1.79916E+00 2.06735E+00 2.21447E+00 2.29998E+00 2.30104E+00 2.34639E+00 2.39214E+00 2.21475E+00 2.06735E+00 1.79916E+00 4.44210E+01
1.83024E+00 2.09751E+00 2.24412E+00 2.32970E+00 2.33082E+00 2.37660E+00 2.42258E+00 2.24441E+00 2.09751E+00 1.83024E+00 4.48736E+01
0.00000E+00 0.00000E+00 1.31127E-01 2.10827E-01 2.05870E-01 2.17390E-01 2.46311E-01 1.31160E-01 0.00000E+00 0.00000E+00 -8.58209E-01
0.00000E+00 0.00000E+00 1.67425E-01 2.48204E-01 2.43807E-01 2.57981E-01 2.88179E-01 1.67478E-01 0.00000E+00 0.00000E+00 2.86939E-01
0.00000E+00 3.08376E-02 2.07945E-01 2.89595E-01 2.85674E-01 3.02170E-01 3.33485E-01 2.08015E-01 3.08376E-02 0.00000E+00 1.50900E+00
0.00000E+00 7.74158E-02 2.50958E-01 3.33343E-01 3.29845E-01 3.48438E-01 3.80763E-01 2.51044E-01 7.74158E-02 0.00000E+00 2.77273E+00
0.00000E+00 1.25035E-01 2.95453E-01 3.78474E-01 3.75357E-01 3.95877E-01 4.29132E-01 2.95554E-01 1.25035E-01 0.00000E+00 4.06784E+00
0.00000E+00 1.73022E-01 3.40663E-01 4.24242E-01 4.21472E-01 4.43777E-01 4.77895E-01 3.40778E-01 1.73022E-01 0.00000E+00 5.36804E+00
0.00000E+00 2.20946E-01 3.86090E-01 4.70164E-01 4.67713E-01 4.91684E-01 5.26609E-01 3.86218E-01 2.20946E-01 0.00000E+00 6.65590E+00
0.00000E+00 2.68523E-01 4.31403E-01 5.15918E-01 5.13763E-01 5.39296E-01 5.74979E-01 4.31542E-01 2.68523E-01 0.00000E+00 7.92004E+00
1.95145E-02 3.15412E-01 4.76229E-01 5.61139E-01 5.59259E-01 5.86258E-01 6.22656E-01 4.76380E-01 3.15412E-01 1.95145E-02 9.11588E+00
6.89420E-02 3.61506E-01 5.20431E-01 6.05696E-01 6.04072E-01 6.32454E-01 6.69530E-01 5.20593E-01 3.61506E-01 6.89420E-02 1.02224E+01
1.17537E-01 4.06980E-01 5.64142E-01 6.49733E-01 6.48350E-01 6.78054E-01 7.15781E-01 5.64314E-01 4.06980E-01 1.17537E-01 1.12968E+01
1.65242E-01 4.51754E-01 6.07265E-01 6.93155E-01 6.92002E-01 7.22972E-01 7.61323E-01 6.07446E-01 4.51754E-01 1.65242E-01 1.23377E+01
2.12022E-01 4.95769E-01 6.49730E-01 7.35896E-01 7.34962E-01 7.67147E-01 8.06099E-01 6.49921E-01 4.95769E-01 2.12022E-01 1.33444E+01
2.57857E-01 5.38990E-01 6.91490E-01 7.77912E-01 7.77185E-01 8.10539E-01 8.50071E-01 6.91690E-01 5.38990E-01 2.57857E-01 1.43165E+01
3.02739E-01 5.81393E-01 7.32512E-01 8.19171E-01 8.18643E-01 8.53123E-01 8.93215E-01 7.32720E-01 5.81393E-01 3.02739E-01 1.52544E+01
3.46668E-01 6.22965E-01 7.72776E-01 8.59655E-01 8.59318E-01 8.94883E-01 9.35517E-01 7.72992E-01 6.22965E-01 3.46668E-01 1.61587E+01
3.89652E-01 6.63702E-01 8.12270E-01 8.99355E-01 8.99201E-01 9.35814E-01 9.76974E-01 8.12494E-01 6.63702E-01 3.89652E-01 1.70300E+01
4.31701E-01 7.03606E-01 8.50991E-01 9.38267E-01 9.38289E-01 9.75916E-01 1.01759E+00 8.51223E-01 7.03606E-01 4.31701E-01 1.78694E+01
4.72830E-01 7.42683E-01 8.88938E-01 9.76394E-01 9.76585E-01 1.01519E+00 1.05736E+00 8.89178E-01 7.42683E-01 4.72830E-01 1.86778E+01
5.13056E-01 7.80942E-01 9.26118E-01 1.01374E+00 1.01410E+00 1.05366E+00 1.09630E+00 9.26365E-01 7.80942E-01 5.13056E-01 1.94563E+01
5.52398E-01 8.18396E-01 9.62539E-01 1.05032E+00 1.05083E+00 1.09132E+00 1.13443E+00 9.62793E-01 8.18396E-01 5.52398E-01 2.02059E+01
5.90876E-01 8.55058E-01 9.98211E-01 1.08614E+00 1.08680E+00 1.12819E+00 1.17176E+00 9.98471E-01 8.55058E-01 5.90876E-01 2.09278E+01
6.28511E-01 8.90945E-01 1.03315E+00 1.12122E+00 1.12202E+00 1.16428E+00 1.20830E+00 1.03341E+00 8.90945E-01 6.28511E-01 2.16230E+01
6.65324E-01 9.26073E-01 1.06736E+00 1.15556E+00 1.15651E+00 1.19961E+00 1.24407E+00 1.06763E+00 9.26073E-01 6.65324E-01 2.22927E+01
7.01336E-01 9.60459E-01 1.10086E+00 1.18919E+00 1.19028E+00 1.23421E+00 1.27908E+00 1.10114E+00 9.60459E-01 7.01336E-01 2.29379E+01
7.36569E-01 9.94121E-01 1.13368E+00 1.22212E+00 1.22334E+00 1.26807E+00 1.31336E+00 1.13396E+00 9.94121E-01 7.36569E-01 2.35595E+01
7.71043E-01 1.02708E+00 1.16581E+00 1.25436E+00 1.25571E+00 1.30123E+00 1.34693E+00 1.16610E+00 1.02708E+00 7.71043E-01 2.41587E+01
8.04780E-01 1.05934E+00 1.19728E+00 1.28594E+00 1.28741E+00 1.33370E+00 1.37979E+00 1.19758E+00 1.05934E+00 8.04780E-01 2.47362E+01
8.37800E-01 1.09093E+00 1.22811E+00 1.31686E+00 1.31846E+00 1.36550E+00 1.41198E+00 1.22841E+00 1.09093E+00 8.37800E-01 2.52931E+01
8.70124E-01 1.12187E+00 1.25831E+00 1.34715E+00 1.34887E+00 1.39664E+00 1.44350E+00 1.25862E+00 1.12187E+00 8.70124E-01 2.58302E+01
9.01770E-01 1.15218E+00 1.28789E+00 1.37683E+00 1.37866E+00 1.42714E+00 1.47438E+00 1.28821E+00 1.15218E+00 9.01770E-01 2.63483E+01
9.32759E-01 1.18186E+00 1.31688E+00 1.40590E+00 1.40784E+00 1.45702E+00 1.50462E+00 1.31720E+00 1.18186E+00 9.32759E-01 2.68483E+01
9.63109E-01 1.21094E+00 1.34528E+00 1.43438E+00 1.43644E+00 1.48630E+00 1.53426E+00 1.34561E+00 1.21094E+00 9.63109E-01 2.73308E+01
9.92837E-01 1.23944E+00 1.37312E+00 1.46229E+00 1.46445E+00 1.51499E+00 1.56330E+00 1.37345E+00 1.23944E+00 9.92837E-01 2.77967E+01
1.02196E+00 1.26736E+00 1.40040E+00 1.48965E+00 1.49191E+00 1.54310E+00 1.59176E+00 1.40074E+00 1.26736E+00 1.02196E+00 2.82466E+01
1.05050E+00 1.29473E+00 1.42715E+00 1.51646E+00 1.51883E+00 1.57066E+00 1.61966E+00 1.42749E+00 1.29473E+00 1.05050E+00 2.86812E+01
1.07847E+00 1.32155E+00 1.45337E+00 1.54274E+00 1.54521E+00 1.59767E+00 1.64700E+00 1.45371E+00 1.32155E+00 1.07847E+00 2.91011E+01
1.10588E+00 1.34786E+00 1.47908E+00 1.56852E+00 1.57108E+00 1.62416E+00 1.67382E+00 1.47943E+00 1.34786E+00 1.10588E+00 2.95069E+01
1.13276E+00 1.37365E+00 1.50430E+00 1.59379E+00 1.59645E+00 1.65013E+00 1.70011E+00 1.50465E+00 1.37365E+00 1.13276E+00 2.98992E+01
1.15911E+00 1.39894E+00 1.52903E+00 1.61857E+00 1.62133E+00 1.67561E+00 1.72590E+00 1.52939E+00 1.39894E+00 1.15911E+00 3.02784E+01
1.18496E+00 1.42374E+00 1.55329E+00 1.64289E+00 1.64573E+00 1.70059E+00 1.75120E+00 1.55365E+00 1.42374E+00 1.18496E+00 3.06453E+01
1.21030E+00 1.44808E+00 1.57709E+00 1.66674E+00 1.66967E+00 1.72510E+00 1.77602E+00 1.57746E+00 1.44808E+00 1.21030E+00 3.10001E+01
1.23517E+00 1.47196E+00 1.60045E+00 1.69014E+00 1.69316E+00 1.74916E+00 1.80038E+00 1.60082E+00 1.47196E+00 1.23517E+00 3.13435E+01
1.25957E+00 1.49538E+00 1.62337E+00 1.71310E+00 1.71621E+00 1.77276E+00 1.82428E+00 1.62374E+00 1.49538E+00 1.25957E+00 3.16758E+01
1.28351E+00 1.51838E+00 1.64587E+00 1.73564E+00 1.73883E+00 1.79592E+00 1.84773E+00 1.64624E+00 1.51838E+00 1.28351E+00 3.19974E+01
1.30701E+00 1.54095E+00 1.66795E+00 1.75776E+00 1.76104E+00 1.81866E+00 1.87076E+00 1.66833E+00 1.54095E+00 1.30701E+00 3.23089E+01
1.33008E+00 1.56311E+00 1.68963E+00 1.77948E+00 1.78284E+00 1.84099E+00 1.89337E+00 1.69001E+00 1.56311E+00 1.33008E+00 3.26105E+01
1.35273E+00 1.58486E+00 1.71092E+00 1.80081E+00 1.80424E+00 1.86291E+00 1.91557E+00 1.71130E+00 1.58486E+00 1.35273E+00 3.29026E+01
1.37496E+00 1.60622E+00 1.73183E+00 1.82175E+00 1.82526E+00 1.88443E+00 1.93738E+00 1.73222E+00 1.60622E+00 1.37496E+00 3.31857E+01
1.39680E+00 1.62721E+00 1.75236E+00 1.84232E+00 1.84590E+00 1.90558E+00 1.95879E+00 1.75275E+00 1.62721E+00 1.39680E+00 3.34599E+01
0.00000E+00 0.00000E+00 1.06681E-01 1.93497E-01 1.90157E-01 2.08019E-01 2.40727E-01 1.06747E-01 0.00000E+00 0.00000E+00 -6.18292E-01
0.00000E+00 0.00000E+00 1.42342E-01 2.30042E-01 2.27406E-01 2.48781E-01 2.83005E-01 1.42437E-01 0.00000E+00 0.00000E+00 5.20970E-01
0.00000E+00 2.84643E-02 1.80187E-01 2.68589E-01 2.66546E-01 2.90962E-01 3.26516E-01 1.80307E-01 2.84643E-02 0.00000E+00 1.66898E+00
0.00000E+00 7.04333E-02 2.19068E-01 3.08051E-01 3.06527E-01 3.33668E-01 3.70431E-01 2.19211E-01 7.04333E-02 0.00000E+00 2.80841E+00
0.00000E+00 1.12387E-01 2.58314E-01 3.47791E-01 3.46731E-01 3.76360E-01 4.14237E-01 2.58477E-01 1.12387E-01 0.00000E+00 3.93922E+00
0.00000E+00 1.53901E-01 2.97420E-01 3.87321E-01 3.86682E-01 4.18601E-01 4.57514E-01 2.97602E-01 1.53901E-01 0.00000E+00 5.04455E+00
0.00000E+00 1.94723E-01 3.36077E-01 4.26348E-01 4.26093E-01 4.60135E-01 5.00019E-01 3.36277E-01 1.94723E-01 0.00000E+00 6.11465E+00
0.00000E+00 2.34706E-01 3.74095E-01 4.64690E-01 4.64788E-01 5.00811E-01 5.41609E-01 3.74311E-01 2.34706E-01 0.00000E+00 7.14419E+00
1.63438E-02 2.73687E-01 4.11287E-01 5.02165E-01 5.02588E-01 5.40461E-01 5.82120E-01 4.11517E-01 2.73687E-01 1.63438E-02 8.09901E+00
5.74256E-02 3.11647E-01 4.47604E-01 5.38731E-01 5.39456E-01 5.79065E-01 6.21540E-01 4.47849E-01 3.11647E-01 5.74256E-02 8.96516E+00
9.74027E-02 3.48702E-01 4.83127E-01 5.74477E-01 5.75486E-01 6.16747E-01 6.60005E-01 4.83385E-01 3.48702E-01 9.74027E-02 9.79400E+00
1.36277E-01 3.84830E-01 5.17822E-01 6.09373E-01 6.10649E-01 6.53486E-01 6.97497E-01 5.18092E-01 3.84830E-01 1.36277E-01 1.05860E+01
1.74063E-01 4.20026E-01 5.51671E-01 6.43403E-01 6.44933E-01 6.89276E-01 7.34011E-01 5.51953E-01 4.20026E-01 1.74063E-01 1.13421E+01
2.10781E-01 4.54295E-01 5.84670E-01 6.76565E-01 6.78336E-01 7.24122E-01 7.69556E-01 5.84964E-01 4.54295E-01 2.10781E-01 1.20635E+01
2.46458E-01 4.87648E-01 6.16823E-01 7.08866E-01 7.10866E-01 7.58037E-01 8.04146E-01 6.17128E-01 4.87648E-01 2.46458E-01 1.27516E+01
2.81121E-01 5.20102E-01 6.48140E-01 7.40317E-01 7.42535E-01 7.91038E-01 8.37800E-01 6.48455E-01 5.20102E-01 2.81121E-01 1.34076E+01
3.14804E-01 5.51679E-01 6.78636E-01 7.70934E-01 7.73361E-01 8.23147E-01 8.70541E-01 6.78962E-01 5.51679E-01 3.14804E-01 1.40332E+01
3.47536E-01 5.82401E-01 7.08329E-01 8.00737E-01 8.03364E-01 8.54385E-01 9.02394E-01 7.08664E-01 5.82401E-01 3.47536E-01 1.46297E+01
3.79351E-01 6.12293E-01 7.37238E-01 8.29746E-01 8.32564E-01 8.84779E-01 9.33384E-01 7.37583E-01 6.12293E-01 3.79351E-01 1.51986E+01
4.10280E-01 6.41378E-01 7.65385E-01 8.57983E-01 8.60984E-01 9.14354E-01 9.63537E-01 7.65738E-01 6.41378E-01 4.10280E-01 1.57413E+01
4.40354E-01 6.69683E-01 7.92791E-01 8.85470E-01 8.88649E-01 9.43135E-01 9.92882E-01 7.93153E-01 6.69683E-01 4.40354E-01 1.62592E+01
4.69605E-01 6.97233E-01 8.19478E-01 9.12232E-01 9.15580E-01 9.71148E-01 1.02144E+00 8.19848E-01 6.97233E-01 4.69605E-01 1.67534E+01
4.98062E-01 7.24052E-01 8.45469E-01 9.38289E-01 9.41801E-01 9.98418E-01 1.04925E+00 8.45847E-01 7.24052E-01 4.98062E-01 1.72253E+01
5.25754E-01 7.50165E-01 8.70786E-01 9.63666E-01 9.67336E-01 1.02497E+00 1.07632E+00 8.71172E-01 7.50165E-01 5.25754E-01 1.76761E+01
5.52709E-01 7.75596E-01 8.95450E-01 9.88384E-01 9.92207E-01 1.05083E+00 1.10269E+00 8.95843E-01 7.75596E-01 5.52709E-01 1.81067E+01
5.78954E-01 8.00369E-01 9.19483E-01 1.01247E+00 1.01644E+00 1.07602E+00 1.12838E+00 9.19883E-01 8.00369E-01 5.78954E-01 1.85183E+01
6.04514E-01 8.24505E-01 9.42905E-01 1.03593E+00 1.04004E+00 1.10057E+00 1.15341E+00 9.43312E-01 8.24505E-01 6.04514E-01 1.89118E+01
6.29415E-01 8.48028E-01 9.65737E-01 1.05880E+00 1.06305E+00 1.12448E+00 1.17780E+00 9.66151E-01 8.48028E-01 6.29415E-01 1.92882E+01
6.53680E-01 8.70956E-01 9.87998E-01 1.08110E+00 1.08548E+00 1.14780E+00 1.20159E+00 9.88418E-01 8.70956E-01 6.53680E-01 1.96484E+01
6.77331E-01 8.93312E-01 1.00971E+00 1.10284E+00 1.10735E+00 1.17054E+00 1.22478E+00 1.01013E+00 8.93312E-01 6.77331E-01 1.99931E+01
7.00391E-01 9.15115E-01 1.03088E+00 1.12404E+00 1.12868E+00 1.19271E+00 1.24739E+00 1.03132E+00 9.15115E-01 7.00391E-01 2.03232E+01
7.22881E-01 9.36383E-01 1.05154E+00 1.14472E+00 1.14949E+00 1.21434E+00 1.26946E+00 1.05198E+00 9.36383E-01 7.22881E-01 2.06393E+01
7.44820E-01 9.57134E-01 1.07170E+00 1.16490E+00 1.16979E+00 1.23544E+00 1.29099E+00 1.07215E+00 9.57134E-01 7.44820E-01 2.09422E+01
7.66227E-01 9.77386E-01 1.09138E+00 1.18460E+00 1.18960E+00 1.25604E+00 1.31201E+00 1.09183E+00 9.77386E-01 7.66227E-01 2.12325E+01
7.87122E-01 9.97155E-01 1.11060E+00 1.20382E+00 1.20894E+00 1.27614E+00 1.33253E+00 1.11105E+00 9.97155E-01 7.87122E-01 2.15108E+01
8.07520E-01 1.01646E+00 1.12936E+00 1.22260E+00 1.22782E+00 1.29577E+00 1.35256E+00 1.12982E+00 1.01646E+00 8.07520E-01 2.17777E+01
8.27440E-01 1.03531E+00 1.14768E+00 1.24093E+00 1.24626E+00 1.31495E+00 1.37213E+00 1.14815E+00 1.03531E+00 8.27440E-01 2.20337E+01
8.46897E-01 1.05372E+00 1.16558E+00 1.25883E+00 1.26427E+00 1.33368E+00 1.39125E+00 1.16605E+00 1.05372E+00 8.46897E-01 2.22794E+01
8.65906E-01 1.07172E+00 1.18307E+00 1.27633E+00 1.28186E+00 1.35198E+00 1.40994E+00 1.18355E+00 1.07172E+00 8.65906E-01 2.25153E+01
8.84482E-01 1.08930E+00 1.20017E+00 1.29343E+00 1.29906E+00 1.36986E+00 1.42820E+00 1.20065E+00 1.08930E+00 8.84482E-01 2.27417E+01
9.02639E-01 1.10649E+00 1.21688E+00 1.31014E+00 1.31587E+00 1.38735E+00 1.44605E+00 1.21736E+00 1.10649E+00 9.02639E-01 2.29591E+01
9.20391E-01 1.12329E+00 1.23322E+00 1.32647E+00 1.33230E+00 1.40444E+00 1.46351E+00 1.23371E+00 1.12329E+00 9.20391E-01 2.31680E+01
9.37751E-01 1.13973E+00 1.24920E+00 1.34245E+00 1.34836E+00 1.42116E+00 1.48059E+00 1.24969E+00 1.13973E+00 9.37751E-01 2.33686E+01
9.54730E-01 1.15580E+00 1.26482E+00 1.35807E+00 1.36408E+00 1.43751E+00 1.49729E+00 1.26532E+00 1.15580E+00 9.54730E-01 2.35615E+01
9.71341E-01 1.17152E+00 1.28011E+00 1.37335E+00 1.37945E+00 1.45350E+00 1.51363E+00 1.28062E+00 1.17152E+00 9.71341E-01 2.37468E+01
9.87595E-01 1.18691E+00 1.29508E+00 1.38831E+00 1.39449E+00 1.46916E+00 1.52963E+00 1.29558E+00 1.18691E+00 9.87595E-01 2.39250E+01
1.00350E+00 1.20197E+00 1.30972E+00 1.40294E+00 1.40920E+00 1.48447E+00 1.54528E+00 1.31023E+00 1.20197E+00 1.00350E+00 2.40963E+01
1.01908E+00 1.21671E+00 1.32405E+00 1.41726E+00 1.42361E+00 1.49947E+00 1.56061E+00 1.32457E+00 1.21671E+00 1.01908E+00 2.42611E+01
1.03432E+00 1.23114E+00 1.33808E+00 1.43128E+00 1.43771E+00 1.51415E+00 1.57562E+00 1.33860E+00 1.23114E+00 1.03432E+00 2.44196E+01
1.04926E+00 1.24527E+00 1.35183E+00 1.44501E+00 1.45152E+00 1.52853E+00 1.59032E+00 1.35235E+00 1.24527E+00 1.04926E+00 2.45721E+01
0.00000E+00 0.00000E+00 8.62778E-02 1.79837E-01 1.78884E-01 2.06303E-01 2.42983E-01 8.64083E-02 0.00000E+00 0.00000E+00 -2.94877E-01
0.00000E+00 0.00000E+00 1.20871E-01 2.15090E-01 2.14982E-01 2.46960E-01 2.85506E-01 1.21043E-01 0.00000E+00 0.00000E+00 8.15450E-01
0.00000E+00 2.60502E-02 1.55863E-01 2.50580E-01 2.51175E-01 2.87057E-01 3.27246E-01 1.56069E-01 2.60502E-02 0.00000E+00 1.87082E+00
0.00000E+00 6.35123E-02 1.90639E-01 2.85748E-01 2.86953E-01 3.26302E-01 3.67985E-01 1.90876E-01 6.35123E-02 0.00000E+00 2.87448E+00
0.00000E+00 1.00078E-01 2.24847E-01 3.20275E-01 3.22020E-01 3.64508E-01 4.07570E-01 2.25112E-01 1.00078E-01 0.00000E+00 3.83743E+00
0.00000E+00 1.35554E-01 2.58227E-01 3.53914E-01 3.56143E-01 4.01502E-01 4.45848E-01 2.58516E-01 1.35554E-01 0.00000E+00 4.75235E+00
0.00000E+00 1.69857E-01 2.90643E-01 3.86543E-01 3.89211E-01 4.37215E-01 4.82763E-01 2.90956E-01 1.69857E-01 0.00000E+00 5.61663E+00
0.00000E+00 2.02961E-01 3.22034E-01 4.18108E-01 4.21178E-01 4.71635E-01 5.18315E-01 3.22367E-01 2.02961E-01 0.00000E+00 6.43031E+00
1.35016E-02 2.34841E-01 3.52355E-01 4.48571E-01 4.52007E-01 5.04740E-01 5.52485E-01 3.52707E-01 2.34841E-01 1.35016E-02 7.16847E+00
4.71625E-02 2.65552E-01 3.81633E-01 4.77963E-01 4.81737E-01 5.36594E-01 5.85348E-01 3.82003E-01 2.65552E-01 4.71625E-02 7.82299E+00
7.95578E-02 2.95186E-01 4.09930E-01 5.06354E-01 5.10443E-01 5.67313E-01 6.17032E-01 4.10318E-01 2.95186E-01 7.95578E-02 8.43909E+00
1.10738E-01 3.23772E-01 4.37266E-01 5.33764E-01 5.38150E-01 5.96930E-01 6.47577E-01 4.37669E-01 3.23772E-01 1.10738E-01 9.01876E+00
1.40758E-01 3.51345E-01 4.63663E-01 5.60221E-01 5.64886E-01 6.25484E-01 6.77023E-01 4.64081E-01 3.51345E-01 1.40758E-01 9.56409E+00
1.69668E-01 3.77943E-01 4.89152E-01 5.85756E-01 5.90684E-01 6.53017E-01 7.05416E-01 4.89585E-01 3.77943E-01 1.69668E-01 1.00772E+01
1.97522E-01 4.03604E-01 5.13765E-01 6.10402E-01 6.15580E-01 6.79571E-01 7.32800E-01 5.14211E-01 4.03604E-01 1.97522E-01 1.05600E+01
2.24371E-01 4.28368E-01 5.37535E-01 6.34195E-01 6.39609E-01 7.05189E-01 7.59220E-01 5.37994E-01 4.28368E-01 2.24371E-01 1.10145E+01
2.50262E-01 4.52273E-01 5.60496E-01 6.57168E-01 6.62808E-01 7.29912E-01 7.84719E-01 5.60967E-01 4.52273E-01 2.50262E-01 1.14426E+01
2.75241E-01 4.75357E-01 5.82680E-01 6.79358E-01 6.85212E-01 7.53780E-01 8.09339E-01 5.83163E-01 4.75357E-01 2.75241E-01 1.18459E+01
2.99354E-01 4.97656E-01 6.04121E-01 7.00796E-01 7.06854E-01 7.76831E-01 8.33120E-01 6.04615E-01 4.97656E-01 2.99354E-01 1.22261E+01
3.22640E-01 5.19206E-01 6.24850E-01 7.21515E-01 7.27769E-01 7.99103E-01 8.56100E-01 6.25354E-01 5.19206E-01 3.22640E-01 1.25846E+01
3.45140E-01 5.40039E-01 6.44897E-01 7.41546E-01 7.47988E-01 8.20631E-01 8.78316E-01 6.45411E-01 5.40039E-01 3.45140E-01 1.29229E+01
3.66891E-01 5.60188E-01 6.64291E-01 7.60920E-01 7.67541E-01 8.41449E-01 8.99803E-01 6.64815E-01 5.60188E-01 3.66891E-01 1.32423E+01
3.87928E-01 5.79682E-01 6.83062E-01 7.79664E-01 7.86458E-01 8.61588E-01 9.20593E-01 6.83595E-01 5.79682E-01 3.87928E-01 1.35440E+01
4.08283E-01 5.98552E-01 7.01234E-01 7.97806E-01 8.04765E-01 8.81079E-01 9.40719E-01 7.01776E-01 5.98552E-01 4.08283E-01 1.38291E+01
4.27988E-01 6.16823E-01 7.18834E-01 8.15372E-01 8.22491E-01 8.99950E-01 9.60209E-01 7.19385E-01 6.16823E-01 4.27988E-01 1.40987E+01
4.47072E-01 6.34523E-01 7.35887E-01 8.32387E-01 8.39658E-01 9.18228E-01 9.79091E-01 7.36446E-01 6.34523E-01 4.47072E-01 1.43537E+01
4.65563E-01 6.51676E-01 7.52414E-01 8.48873E-01 8.56293E-01 9.35940E-01 9.97392E-01 7.52981E-01 6.51676E-01 4.65563E-01 1.45950E+01
4.83487E-01 6.68304E-01 7.68438E-01 8.64853E-01 8.72415E-01 9.53109E-01 1.01514E+00 7.69013E-01 6.68304E-01 4.83487E-01 1.48234E+01
5.00868E-01 6.84431E-01 7.83980E-01 8.80348E-01 8.88048E-01 9.69759E-01 1.03235E+00 7.84562E-01 6.84431E-01 5.00868E-01 1.50398E+01
5.17731E-01 7.00077E-01 7.99060E-01 8.95378E-01 9.03212E-01 9.85911E-01 1.04905E+00 7.99649E-01 7.00077E-01 5.17731E-01 1.52447E+01
5.34096E-01 7.15261E-01 8.13695E-01 9.09963E-01 9.17925E-01 1.00159E+00 1.06526E+00 8.14292E-01 7.15261E-01 5.34096E-01 1.54390E+01
5.49984E-01 7.30004E-01 8.27905E-01 9.24119E-01 9.32206E-01 1.01680E+00 1.08101E+00 8.28508E-01 7.30004E-01 5.49984E-01 1.56232E+01
5.65416E-01 7.44321E-01 8.41706E-01 9.37864E-01 9.46072E-01 1.03158E+00 1.09630E+00 8.42315E-01 7.44321E-01 5.65416E-01 1.57980E+01
5.80410E-01 7.58231E-01 8.55114E-01 9.51215E-01 9.59540E-01 1.04594E+00 1.11116E+00 8.55730E-01 7.58231E-01 5.80410E-01 1.59637E+01
5.94983E-01 7.71750E-01 8.68145E-01 9.64187E-01 9.72626E-01 1.05989E+00 1.12561E+00 8.68766E-01 7.71750E-01 5.94983E-01 1.61210E+01
6.09152E-01 7.84892E-01 8.80812E-01 9.76794E-01 9.85343E-01 1.07346E+00 1.13966E+00 8.81439E-01 7.84892E-01 6.09152E-01 1.62703E+01
6.22933E-01 7.97673E-01 8.93130E-01 9.89050E-01 9.97707E-01 1.08665E+00 1.15333E+00 8.93763E-01 7.97673E-01 6.22933E-01 1.64120E+01
6.36341E-01 8.10105E-01 9.05112E-01 1.00097E+00 1.00973E+00 1.09948E+00 1.16662E+00 9.05750E-01 8.10105E-01 6.36341E-01 1.65466E+01
6.49389E-01 8.22202E-01 9.16770E-01 1.01256E+00 1.02143E+00 1.11196E+00 1.17957E+00 9.17414E-01 8.22202E-01 6.49389E-01 1.66744E+01
6.62093E-01 8.33977E-01 9.28117E-01 1.02385E+00 1.03281E+00 1.12411E+00 1.19217E+00 9.28766E-01 8.33977E-01 6.62093E-01 1.67958E+01
6.74464E-01 8.45441E-01 9.39163E-01 1.03483E+00 1.04388E+00 1.13594E+00 1.20444E+00 9.39817E-01 8.45441E-01 6.74464E-01 1.69111E+01
6.86515E-01 8.56606E-01 9.49920E-01 1.04552E+00 1.05467E+00 1.14746E+00 1.21639E+00 9.50579E-01 8.56606E-01 6.86515E-01 1.70207E+01
6.98257E-01 8.67482E-01 9.60398E-01 1.05593E+00 1.06517E+00 1.15868E+00 1.22804E+00 9.61061E-01 8.67482E-01 6.98257E-01 1.71248E+01
7.09701E-01 8.78079E-01 9.70606E-01 1.06607E+00 1.07540E+00 1.16962E+00 1.23940E+00 9.71274E-01 8.78079E-01 7.09701E-01 1.72237E+01
7.20858E-01 8.88408E-01 9.80554E-01 1.07595E+00 1.08536E+00 1.18028E+00 1.25047E+00 9.81226E-01 8.88408E-01 7.20858E-01 1.73177E+01
7.31739E-01 8.98478E-01 9.90251E-01 1.08557E+00 1.09508E+00 1.19067E+00 1.26126E+00 9.90928E-01 8.98478E-01 7.31739E-01 1.74070E+01
7.42351E-01 9.08297E-01 9.99706E-01 1.09496E+00 1.10454E+00 1.20080E+00 1.27180E+00 1.00039E+00 9.08297E-01 7.42351E-01 1.74918E+01
7.52706E-01 9.17874E-01 1.00893E+00 1.10411E+00 1.11377E+00 1.21068E+00 1.28207E+00 1.00961E+00 9.17874E-01 7.52706E-01 1.75724E+01
7.62811E-01 9.27217E-01 1.01792E+00 1.11303E+00 1.12278E+00 1.22032E+00 1.29210E+00 1.01861E+00 9.27217E-01 7.62811E-01 1.76490E+01
7.72675E-01 9.36334E-01 1.02670E+00 1.12174E+00 1.13156E+00 1.22973E+00 1.30188E+00 1.02739E+00 9.36334E-01 7.72675E-01 1.77217E+01
0.00000E+00 0.00000E+00 6.95217E-02 1.69675E-01 1.72037E-01 2.13625E-01 2.54547E-01 6.97711E-02 0.00000E+00 0.00000E+00 1.20926E-01
0.00000E+00 0.00000E+00 1.02504E-01 2.02992E-01 2.06314E-01 2.53665E-01 2.96999E-01 1.02810E-01 0.00000E+00 0.00000E+00 1.16714E+00
0.00000E+00 2.35062E-02 1.34345E-01 2.35040E-01 2.39149E-01 2.91375E-01 3.36829E-01 1.34696E-01 2.35062E-02 0.00000E+00 2.10448E+00
0.00000E+00 5.64395E-02 1.64927E-01 2.65748E-01 2.70530E-01 3.27043E-01 3.74420E-01 1.65319E-01 5.64395E-02 0.00000E+00 2.95707E+00
0.00000E+00 8.77759E-02 1.94200E-01 2.95089E-01 3.00463E-01 3.60822E-01 4.09971E-01 1.94627E-01 8.77759E-02 0.00000E+00 3.74651E+00
0.00000E+00 1.17537E-01 2.22125E-01 3.23038E-01 3.28938E-01 3.92787E-01 4.43581E-01 2.22584E-01 1.17537E-01 0.00000E+00 4.47417E+00
0.00000E+00 1.45789E-01 2.48723E-01 3.49628E-01 3.56000E-01 4.23042E-01 4.75372E-01 2.49211E-01 1.45789E-01 0.00000E+00 5.14348E+00
0.00000E+00 1.72613E-01 2.74046E-01 3.74916E-01 3.81715E-01 4.51699E-01 5.05471E-01 2.74559E-01 1.72613E-01 0.00000E+00 5.75877E+00
1.09433E-02 1.98091E-01 2.98156E-01 3.98971E-01 4.06156E-01 4.78851E-01 5.33977E-01 2.98693E-01 1.98091E-01 1.09433E-02 6.30290E+00
3.79866E-02 2.22333E-01 3.21140E-01 4.21882E-01 4.29421E-01 5.04629E-01 5.61032E-01 3.21699E-01 2.22333E-01 3.79866E-02 6.77224E+00
6.37040E-02 2.45430E-01 3.43064E-01 4.43719E-01 4.51586E-01 5.29162E-01 5.86786E-01 3.43644E-01 2.45430E-01 6.37040E-02 7.20565E+00
8.81840E-02 2.67450E-01 3.63986E-01 4.64543E-01 4.72716E-01 5.52527E-01 6.11320E-01 3.64584E-01 2.67450E-01 8.81840E-02 7.60608E+00
1.11509E-01 2.88458E-01 3.83962E-01 4.84411E-01 4.92870E-01 5.74798E-01 6.34714E-01 3.84577E-01 2.88458E-01 1.11509E-01 7.97628E+00
1.33754E-01 3.08515E-01 4.03045E-01 5.03378E-01 5.12106E-01 5.96045E-01 6.57038E-01 4.03677E-01 3.08515E-01 1.33754E-01 8.31877E+00
1.54990E-01 3.27677E-01 4.21287E-01 5.21498E-01 5.30478E-01 6.16330E-01 6.78362E-01 4.21934E-01 3.27677E-01 1.54990E-01 8.63585E+00
1.75282E-01 3.46000E-01 4.38736E-01 5.38819E-01 5.48037E-01 6.35713E-01 6.98746E-01 4.39398E-01 3.46000E-01 1.75282E-01 8.92963E+00
1.94688E-01 3.63531E-01 4.55437E-01 5.55388E-01 5.64832E-01 6.54249E-01 7.18249E-01 4.56113E-01 3.63531E-01 1.94688E-01 9.20202E+00
2.13263E-01 3.80319E-01 4.71434E-01 5.71248E-01 5.80905E-01 6.71989E-01 7.36923E-01 4.72123E-01 3.80319E-01 2.13263E-01 9.45477E+00
2.31058E-01 3.96406E-01 4.86766E-01 5.86440E-01 5.96300E-01 6.88981E-01 7.54819E-01 4.87468E-01 3.96406E-01 2.31058E-01 9.68944E+00
2.48120E-01 4.11832E-01 5.01471E-01 6.01002E-01 6.11054E-01 7.05268E-01 7.71981E-01 5.02183E-01 4.11832E-01 2.48120E-01 9.90747E+00
2.64490E-01 4.26634E-01 5.15581E-01 6.14968E-01 6.25203E-01 7.20889E-01 7.88453E-01 5.16305E-01 4.26634E-01 2.64490E-01 1.01102E+01
2.80209E-01 4.40847E-01 5.29131E-01 6.28371E-01 6.38780E-01 7.35884E-01 8.04272E-01 5.29866E-01 4.40847E-01 2.80209E-01 1.02987E+01
2.95313E-01 4.54504E-01 5.42150E-01 6.41241E-01 6.51818E-01 7.50286E-01 8.19474E-01 5.42894E-01 4.54504E-01 2.95313E-01 1.04742E+01
3.09837E-01 4.67633E-01 5.54666E-01 6.53608E-01 6.64344E-01 7.64128E-01 8.34095E-01 5.55420E-01 4.67633E-01 3.09837E-01 1.06375E+01
3.23811E-01 4.80263E-01 5.66706E-01 6.65497E-01 6.76385E-01 7.77440E-01 8.48164E-01 5.67469E-01 4.80263E-01 3.23811E-01 1.07897E+01
3.37266E-01 4.92421E-01 5.78293E-01 6.76933E-01 6.87968E-01 7.90250E-01 8.61711E-01 5.79065E-01 4.92421E-01 3.37266E-01 1.09315E+01
3.50227E-01 5.04129E-01 5.89451E-01 6.87940E-01 6.99115E-01 8.02583E-01 8.74762E-01 5.90231E-01 5.04129E-01 3.50227E-01 1.10636E+01
3.62721E-01 5.15412E-01 6.00202E-01 6.98538E-01 7.09848E-01 8.14465E-01 8.87344E-01 6.00989E-01 5.15412E-01 3.62721E-01 1.11868E+01
3.74772E-01 5.26289E-01 6.10565E-01 7.08749E-01 7.20188E-01 8.25917E-01 8.99479E-01 6.11360E-01 5.26289E-01 3.74772E-01 1.13016E+01
3.86400E-01 5.36781E-01 6.20558E-01 7.18590E-01 7.30154E-01 8.36961E-01 9.11190E-01 6.21360E-01 5.36781E-01 3.86400E-01 1.14087E+01
3.97628E-01 5.46907E-01 6.30201E-01 7.28080E-01 7.39764E-01 8.47617E-01 9.22496E-01 6.31010E-01 5.46907E-01 3.97628E-01 1.15086E+01
4.08473E-01 5.56683E-01 6.39508E-01 7.37236E-01 7.49035E-01 8.57903E-01 9.33418E-01 6.40324E-01 5.56683E-01 4.08473E-01 1.16017E+01
4.18955E-01 5.66127E-01 6.48496E-01 7.46072E-01 7.57983E-01 8.67837E-01 9.43973E-01 6.49318E-01 5.66127E-01 4.18955E-01 1.16885E+01
4.29090E-01 5.75252E-01 6.57180E-01 7.54604E-01 7.66622E-01 8.77435E-01 9.54179E-01 6.58008E-01 5.75252E-01 4.29090E-01 1.17694E+01
4.38894E-01 5.84075E-01 6.65573E-01 7.62846E-01 7.74968E-01 8.86712E-01 9.64050E-01 6.66406E-01 5.84075E-01 4.38894E-01 1.18448E+01
4.48382E-01 5.92608E-01 6.73687E-01 7.70809E-01 7.83032E-01 8.95683E-01 9.73603E-01 6.74527E-01 5.92608E-01 4.48382E-01 1.19151E+01
4.57569E-01 6.00864E-01 6.81536E-01 7.78508E-01 7.90828E-01 9.04361E-01 9.82850E-01 6.82381E-01 6.00864E-01 4.57569E-01 1.19805E+01
4.66466E-01 6.08855E-01 6.89130E-01 7.85953E-01 7.98367E-01 9.12760E-01 9.91807E-01 6.89980E-01 6.08855E-01 4.66466E-01 1.20414E+01
4.75087E-01 6.16593E-01 6.96481E-01 7.93155E-01 8.05660E-01 9.20890E-01 1.00048E+00 6.97336E-01 6.16593E-01 4.75087E-01 1.20980E+01
4.83443E-01 6.24088E-01 7.03599E-01 8.00124E-01 8.12717E-01 9.28764E-01 1.00889E+00 7.04458E-01 6.24088E-01 4.83443E-01 1.21506E+01
4.91546E-01 6.31350E-01 7.10493E-01 8.06870E-01 8.19549E-01 9.36392E-01 1.01705E+00 7.11357E-01 6.31350E-01 4.91546E-01 1.21995E+01
4.99407E-01 6.38389E-01 7.17172E-01 8.13403E-01 8.26164E-01 9.43785E-01 1.02495E+00 7.18041E-01 6.38389E-01 4.99407E-01 1.22449E+01
5.07034E-01 6.45214E-01 7.23646E-01 8.19731E-01 8.32573E-01 9.50952E-01 1.03263E+00 7.24519E-01 6.45214E-01 5.07034E-01 1.22869E+01
5.14437E-01 6.51834E-01 7.29923E-01 8.25862E-01 8.38782E-01 9.57902E-01 1.04007E+00 7.30800E-01 6.51834E-01 5.14437E-01 1.23258E+01
5.21626E-01 6.58256E-01 7.36010E-01 8.31804E-01 8.44800E-01 9.64643E-01 1.04730E+00 7.36891E-01 6.58256E-01 5.21626E-01 1.23618E+01
5.28608E-01 6.64489E-01 7.41914E-01 8.37564E-01 8.50634E-01 9.71185E-01 1.05432E+00 7.42799E-01 6.64489E-01 5.28608E-01 1.23949E+01
5.35392E-01 6.70539E-01 7.47644E-01 8.43150E-01 8.56292E-01 9.77534E-01 1.06114E+00 7.48532E-01 6.70539E-01 5.35392E-01 1.24255E+01
5.41985E-01 6.76415E-01 7.53205E-01 8.48569E-01 8.61779E-01 9.83698E-01 1.06776E+00 7.54096E-01 6.76415E-01 5.41985E-01 1.24536E+01
5.48394E-01 6.82121E-01 7.58603E-01 8.53826E-01 8.67104E-01 9.89684E-01 1.07420E+00 7.59498E-01 6.82121E-01 5.48394E-01 1.24793E+01
5.54627E-01 6.87665E-01 7.63846E-01 8.58927E-01 8.72272E-01 9.95499E-01 1.08046E+00 7.64744E-01 6.87665E-01 5.54627E-01 1.25029E+01
0.00000E+00 0.00000E+00 5.62099E-02 1.62725E-01 1.69421E-01 2.31571E-01 2.77492E-01 5.66715E-02 0.00000E+00 0.00000E+00 6.17668E-01
0.00000E+00 0.00000E+00 8.68140E-02 1.93158E-01 2.00869E-01 2.70046E-01 3.19233E-01 8.73473E-02 0.00000E+00 0.00000E+00 1.55267E+00
0.00000E+00 2.07100E-02 1.15030E-01 2.21137E-01 2.29666E-01 3.04706E-01 3.56740E-01 1.15621E-01 2.07100E-02 0.00000E+00 2.34127E+00
0.00000E+00 4.89476E-02 1.41196E-01 2.47025E-01 2.56244E-01 3.36380E-01 3.90978E-01 1.41837E-01 4.89476E-02 0.00000E+00 3.02567E+00
0.00000E+00 7.50981E-02 1.65527E-01 2.71053E-01 2.80869E-01 3.65534E-01 4.22478E-01 1.66210E-01 7.50981E-02 0.00000E+00 3.63584E+00
0.00000E+00 9.93699E-02 1.88178E-01 2.93386E-01 3.03725E-01 3.92460E-01 4.51569E-01 1.88899E-01 9.93699E-02 0.00000E+00 4.17996E+00
0.00000E+00 1.21953E-01 2.09303E-01 3.14182E-01 3.24986E-01 4.17411E-01 4.78533E-01 2.10057E-01 1.21953E-01 0.00000E+00 4.66585E+00
0.00000E+00 1.43017E-01 2.29041E-01 3.33585E-01 3.44806E-01 4.40604E-01 5.03605E-01 2.29825E-01 1.43017E-01 0.00000E+00 5.10058E+00
8.63098E-03 1.62717E-01 2.47533E-01 3.51741E-01 3.63335E-01 4.62216E-01 5.26971E-01 2.48343E-01 1.62717E-01 8.63098E-03 5.47316E+00
2.97601E-02 1.81201E-01 2.64906E-01 3.68778E-01 3.80708E-01 4.82427E-01 5.48826E-01 2.65741E-01 1.81201E-01 2.97601E-02 5.78294E+00
4.95968E-02 1.98569E-01 2.81238E-01 3.84771E-01 3.97011E-01 5.01384E-01 5.69348E-01 2.82095E-01 1.98569E-01 4.95968E-02 6.06231E+00
6.82543E-02 2.14914E-01 2.96612E-01 3.99807E-01 4.12333E-01 5.19196E-01 5.88652E-01 2.97488E-01 2.14914E-01 6.82543E-02 6.31455E+00
8.58329E-02 2.30318E-01 3.11103E-01 4.13961E-01 4.26751E-01 5.35959E-01 6.06841E-01 3.11998E-01 2.30318E-01 8.58329E-02 6.54253E+00
1.02422E-01 2.44855E-01 3.24781E-01 4.27302E-01 4.40339E-01 5.51759E-01 6.24005E-01 3.25692E-01 2.44855E-01 1.02422E-01 6.74880E+00
1.18100E-01 2.58594E-01 3.37705E-01 4.39893E-01 4.53159E-01 5.66672E-01 6.40227E-01 3.38632E-01 2.58594E-01 1.18100E-01 6.93557E+00
1.32939E-01 2.71594E-01 3.49933E-01 4.51790E-01 4.65270E-01 5.80767E-01 6.55579E-01 3.50875E-01 2.71594E-01 1.32939E-01 7.10483E+00
1.47002E-01 2.83909E-01 3.61514E-01 4.63043E-01 4.76725E-01 5.94106E-01 6.70126E-01 3.62470E-01 2.83909E-01 1.47002E-01 7.25831E+00
1.60347E-01 2.95590E-01 3.72495E-01 4.73700E-01 4.87570E-01 6.06744E-01 6.83929E-01 3.73463E-01 2.95590E-01 1.60347E-01 7.39755E+00
1.73026E-01 3.06680E-01 3.82918E-01 4.83801E-01 4.97848E-01 6.18732E-01 6.97040E-01 3.83898E-01 3.06680E-01 1.73026E-01 7.52391E+00
1.85084E-01 3.17221E-01 3.92820E-01 4.93385E-01 5.07599E-01 6.30115E-01 7.09507E-01 3.93810E-01 3.17221E-01 1.85084E-01 7.63861E+00
1.96566E-01 3.27249E-01 4.02236E-01 5.02486E-01 5.16859E-01 6.40936E-01 7.21374E-01 4.03237E-01 3.27249E-01 1.96566E-01 7.74272E+00
2.07508E-01 3.36797E-01 4.11197E-01 5.11137E-01 5.25659E-01 6.51230E-01 7.32682E-01 4.12208E-01 3.36797E-01 2.07508E-01 7.83721E+00
2.17947E-01 3.45898E-01 4.19734E-01 5.19366E-01 5.34029E-01 6.61033E-01 7.43466E-01 4.20753E-01 3.45898E-01 2.17947E-01 7.92294E+00
2.27914E-01 3.54578E-01 4.27872E-01 5.27201E-01 5.41998E-01 6.70376E-01 7.53759E-01 4.28899E-01 3.54578E-01 2.27914E-01 8.00067E+00
2.37440E-01 3.62865E-01 4.35635E-01 5.34665E-01 5.49589E-01 6.79289E-01 7.63593E-01 4.36671E-01 3.62865E-01 2.37440E-01 8.07111E+00
2.46551E-01 3.70781E-01 4.43047E-01 5.41781E-01 5.56826E-01 6.87796E-01 7.72995E-01 4.44090E-01 3.70781E-01 2.46551E-01 8.13487E+00
2.55271E-01 3.78350E-01 4.50129E-01 5.48569E-01 5.63730E-01 6.95923E-01 7.81990E-01 4.51178E-01 3.78350E-01 2.55271E-01 8.19251E+00
2.63624E-01 3.85590E-01 4.56898E-01 5.55050E-01 5.70320E-01 7.03692E-01 7.90603E-01 4.57954E-01 3.85590E-01 2.63624E-01 8.24454E+00
2.71632E-01 3.92521E-01 4.63374E-01 5.61240E-01 5.76615E-01 7.11123E-01 7.98856E-01 4.64436E-01 3.92521E-01 2.71632E-01 8.29141E+00
2.79312E-01 3.99160E-01 4.69572E-01 5.67156E-01 5.82631E-01 7.18237E-01 8.06768E-01 4.70639E-01 3.99160E-01 2.79312E-01 8.33355E+00
2.86684E-01 4.05524E-01 4.75508E-01 5.72814E-01 5.88383E-01 7.25049E-01 8.14359E-01 4.76581E-01 4.05524E-01 2.86684E-01 8.37133E+00
2.93765E-01 4.11627E-01 4.81195E-01 5.78227E-01 5.93887E-01 7.31578E-01 8.21645E-01 4.82274E-01 4.11627E-01 2.93765E-01 8.40510E+00
3.00569E-01 4.17483E-01 4.86648E-01 5.83408E-01 5.99156E-01 7.37837E-01 8.28644E-01 4.87731E-01 4.17483E-01 3.00569E-01 8.43515E+00
3.07112E-01 4.23105E-01 4.91879E-01 5.88370E-01 6.04202E-01 7.43842E-01 8.35369E-01 4.92966E-01 4.23105E-01 3.07112E-01 8.46179E+00
3.13406E-01 4.28505E-01 4.96898E-01 5.93124E-01 6.09036E-01 7.49606E-01 8.41836E-01 4.97990E-01 4.28505E-01 3.13406E-01 8.48526E+00
3.19465E-01 4.33694E-01 5.01717E-01 5.97681E-01 6.13670E-01 7.55140E-01 8.48056E-01 5.02812E-01 4.33694E-01 3.19465E-01 8.50581E+00
3.25300E-01 4.38683E-01 5.06346E-01 6.02051E-01 6.18113E-01 7.60457E-01 8.54043E-01 5.07445E-01 4.38683E-01 3.25300E-01 8.52366E+00
3.30921E-01 4.43482E-01 5.10793E-01 6.06243E-01 6.22375E-01 7.65567E-01 8.59807E-01 5.11896E-01 4.43482E-01 3.30921E-01 8.53899E+00
3.36341E-01 4.48099E-01 5.15068E-01 6.10265E-01 6.26465E-01 7.70480E-01 8.65360E-01 5.16174E-01 4.48099E-01 3.36341E-01 8.55200E+00
3.41567E-01 4.52544E-01 5.19179E-01 6.14126E-01 6.30392E-01 7.75205E-01 8.70711E-01 5.20288E-01 4.52544E-01 3.41567E-01 8.56286E+00
3.46609E-01 4.56825E-01 5.23134E-01 6.17834E-01 6.34162E-01 7.79752E-01 8.75870E-01 5.24245E-01 4.56825E-01 3.46609E-01 8.57172E+00
3.51476E-01 4.60948E-01 5.26940E-01 6.21396E-01 6.37784E-01 7.84129E-01 8.80845E-01 5.28054E-01 4.60948E-01 3.51476E-01 8.57871E+00
3.56175E-01 4.64923E-01 5.30603E-01 6.24818E-01 6.41264E-01 7.88343E-01 8.85645E-01 5.31720E-01 4.64923E-01 3.56175E-01 8.58399E+00
3.60714E-01 4.68754E-01 5.34130E-01 6.28106E-01 6.44609E-01 7.92402E-01 8.90278E-01 5.35249E-01 4.68754E-01 3.60714E-01 8.58765E+00
3.65100E-01 4.72448E-01 5.37528E-01 6.31268E-01 6.47824E-01 7.96313E-01 8.94751E-01 5.38649E-01 4.72448E-01 3.65100E-01 8.58982E+00
3.69340E-01 4.76012E-01 5.40802E-01 6.34308E-01 6.50917E-01 8.00083E-01 8.99071E-01 5.41925E-01 4.76012E-01 3.69340E-01 8.59061E+00
3.73440E-01 4.79451E-01 5.43957E-01 6.37233E-01 6.53891E-01 8.03716E-01 9.03245E-01 5.45082E-01 4.79451E-01 3.73440E-01 8.59010E+00
3.77405E-01 4.82771E-01 5.46998E-01 6.40046E-01 6.56752E-01 8.07221E-01 9.07278E-01 5.48125E-01 4.82771E-01 3.77405E-01 8.58839E+00
3.81243E-01 4.85976E-01 5.49930E-01 6.42752E-01 6.59505E-01 8.10601E-01 9.11176E-01 5.51059E-01 4.85976E-01 3.81243E-01 8.58556E+00
3.84956E-01 4.89071E-01 5.52759E-01 6.45357E-01 6.62155E-01 8.13862E-01 9.14946E-01 5.53888E-01 4.89071E-01 3.84956E-01 8.58168E+00
0.00000E+00 0.00000E+00 5.08211E-02 1.60270E-01 1.69512E-01 2.44977E-01 2.94053E-01 5.14411E-02 0.00000E+00 0.00000E+00 8.82825E-01
0.00000E+00 0.00000E+00 7.98558E-02 1.88784E-01 1.99033E-01 2.82122E-01 3.35044E-01 8.05543E-02 0.00000E+00 0.00000E+00 1.74205E+00
0.00000E+00 1.91780E-02 1.06024E-01 2.14414E-01 2.25466E-01 3.14867E-01 3.71121E-01 1.06785E-01 1.91780E-02 0.00000E+00 2.44443E+00
0.00000E+00 4.49666E-02 1.29862E-01 2.37705E-01 2.49427E-01 3.44279E-01 4.03515E-01 1.30676E-01 4.49666E-02 0.00000E+00 3.03899E+00
0.00000E+00 6.85161E-02 1.51698E-01 2.58993E-01 2.71291E-01 3.70957E-01 4.32911E-01 1.52557E-01 6.85161E-02 0.00000E+00 3.55844E+00
0.00000E+00 9.01124E-02 1.71768E-01 2.78520E-01 2.91319E-01 3.95287E-01 4.59739E-01 1.72666E-01 9.01124E-02 0.00000E+00 4.01336E+00
0.00000E+00 1.09995E-01 1.90277E-01 2.96493E-01 3.09732E-01 4.17583E-01 4.84345E-01 1.91208E-01 1.09995E-01 0.00000E+00 4.41291E+00
0.00000E+00 1.28365E-01 2.07398E-01 3.13087E-01 3.26719E-01 4.38100E-01 5.07013E-01 2.08359E-01 1.28365E-01 0.00000E+00 4.76489E+00
7.55957E-03 1.45404E-01 2.23298E-01 3.28473E-01 3.42453E-01 4.57048E-01 5.27959E-01 2.24286E-01 1.45404E-01 7.55957E-03 5.06071E+00
2.59751E-02 1.61271E-01 2.38119E-01 3.42791E-01 3.57082E-01 4.74620E-01 5.47400E-01 2.39130E-01 1.61271E-01 2.59751E-02 5.30066E+00
4.31484E-02 1.76069E-01 2.51940E-01 3.56117E-01 3.70693E-01 4.90973E-01 5.65523E-01 2.52973E-01 1.76069E-01 4.31484E-02 5.51383E+00
5.91995E-02 1.89897E-01 2.64854E-01 3.68543E-01 3.83381E-01 5.06223E-01 5.82457E-01 2.65906E-01 1.89897E-01 5.91995E-02 5.70343E+00
7.42334E-02 2.02844E-01 2.76941E-01 3.80151E-01 3.95228E-01 5.20473E-01 5.98312E-01 2.78010E-01 2.02844E-01 7.42334E-02 5.87223E+00
8.83416E-02 2.14986E-01 2.88272E-01 3.91011E-01 4.06310E-01 5.33814E-01 6.13184E-01 2.89357E-01 2.14986E-01 8.83416E-02 6.02262E+00
1.01605E-01 2.26392E-01 2.98910E-01 4.01188E-01 4.16692E-01 5.46325E-01 6.27160E-01 3.00010E-01 2.26392E-01 1.01605E-01 6.15667E+00
1.14095E-01 2.37123E-01 3.08914E-01 4.10737E-01 4.26432E-01 5.58076E-01 6.40314E-01 3.10026E-01 2.37123E-01 1.14095E-01 6.27620E+00
1.25875E-01 2.47233E-01 3.18332E-01 4.19710E-01 4.35582E-01 5.69130E-01 6.52714E-01 3.19457E-01 2.47233E-01 1.25875E-01 6.38277E+00
1.37002E-01 2.56772E-01 3.27211E-01 4.28151E-01 4.44188E-01 5.79543E-01 6.64420E-01 3.28347E-01 2.56772E-01 1.37002E-01 6.47777E+00
1.47526E-01 2.65781E-01 3.35591E-01 4.36102E-01 4.52293E-01 5.89364E-01 6.75484E-01 3.36738E-01 2.65781E-01 1.47526E-01 6.56239E+00
1.57492E-01 2.74302E-01 3.43510E-01 4.43598E-01 4.59934E-01 5.98638E-01 6.85956E-01 3.44665E-01 2.74302E-01 1.57492E-01 6.63771E+00
1.66942E-01 2.82368E-01 3.51000E-01 4.50674E-01 4.67145E-01 6.07405E-01 6.95879E-01 3.52164E-01 2.82368E-01 1.66942E-01 6.70465E+00
1.75912E-01 2.90013E-01 3.58092E-01 4.57358E-01 4.73956E-01 6.15702E-01 7.05291E-01 3.59264E-01 2.90013E-01 1.75912E-01 6.76404E+00
1.84436E-01 2.97266E-01 3.64813E-01 4.63679E-01 4.80397E-01 6.23562E-01 7.14228E-01 3.65992E-01 2.97266E-01 1.84436E-01 6.81663E+00
1.92544E-01 3.04153E-01 3.71188E-01 4.69661E-01 4.86491E-01 6.31015E-01 7.22723E-01 3.72374E-01 3.04153E-01 1.92544E-01 6.86305E+00
2.00264E-01 3.10698E-01 3.77240E-01 4.75327E-01 4.92263E-01 6.38089E-01 7.30804E-01 3.78433E-01 3.10698E-01 2.00264E-01 6.90389E+00
2.07621E-01 3.16923E-01 3.82990E-01 4.80697E-01 4.97733E-01 6.44807E-01 7.38498E-01 3.84188E-01 3.16923E-01 2.07621E-01 6.93967E+00
2.14638E-01 3.22850E-01 3.88458E-01 4.85791E-01 5.02922E-01 6.51193E-01 7.45831E-01 3.89661E-01 3.22850E-01 2.14638E-01 6.97085E+00
2.21336E-01 3.28495E-01 3.93660E-01 4.90625E-01 5.07846E-01 6.57268E-01 7.52823E-01 3.94867E-01 3.28495E-01 2.21336E-01 6.99785E+00
2.27735E-01 3.33877E-01 3.98612E-01 4.95216E-01 5.12521E-01 6.63051E-01 7.59497E-01 3.99824E-01 3.33877E-01 2.27735E-01 7.02104E+00
2.33853E-01 3.39011E-01 4.03331E-01 4.99579E-01 5.16964E-01 6.68559E-01 7.65871E-01 4.04547E-01 3.39011E-01 2.33853E-01 7.04075E+00
2.39705E-01 3.43912E-01 4.07829E-01 5.03727E-01 5.21188E-01 6.73810E-01 7.71962E-01 4.09048E-01 3.43912E-01 2.39705E-01 7.05730E+00
2.45308E-01 3.48593E-01 4.12119E-01 5.07672E-01 5.25206E-01 6.78817E-01 7.77787E-01 4.13342E-01 3.48593E-01 2.45308E-01 7.07095E+00
2.50676E-01 3.53067E-01 4.16213E-01 5.11427E-01 5.29029E-01 6.83595E-01 7.83361E-01 4.17439E-01 3.53067E-01 2.50676E-01 7.08195E+00
2.55821E-01 3.57345E-01 4.20122E-01 5.15002E-01 5.32669E-01 6.88156E-01 7.88697E-01 4.21350E-01 3.57345E-01 2.55821E-01 7.09052E+00
2.60755E-01 3.61437E-01 4.23856E-01 5.18407E-01 5.36136E-01 6.92513E-01 7.93809E-01 4.25087E-01 3.61437E-01 2.60755E-01 7.09688E+00
2.65490E-01 3.65355E-01 4.27424E-01 5.21652E-01 5.39440E-01 6.96677E-01 7.98708E-01 4.28658E-01 3.65355E-01 2.65490E-01 7.10120E+00
2.70037E-01 3.69106E-01 4.30836E-01 5.24745E-01 5.42588E-01 7.00657E-01 8.03406E-01 4.32072E-01 3.69106E-01 2.70037E-01 7.10365E+00
2.74404E-01 3.72700E-01 4.34099E-01 5.27693E-01 5.45590E-01 7.04465E-01 8.07912E-01 4.35337E-01 3.72700E-01 2.74404E-01 7.10439E+00
2.78602E-01 3.76145E-01 4.37222E-01 5.30506E-01 5.48453E-01 7.08107E-01 8.12237E-01 4.38461E-01 3.76145E-01 2.78602E-01 7.10356E+00
2.82638E-01 3.79449E-01 4.40211E-01 5.33189E-01 5.51185E-01 7.11594E-01 8.16390E-01 4.41451E-01 3.79449E-01 2.82638E-01 7.10128E+00
2.86521E-01 3.82617E-01 4.43072E-01 5.35749E-01 5.53791E-01 7.14932E-01 8.20379E-01 4.44314E-01 3.82617E-01 2.86521E-01 7.09767E+00
2.90258E-01 3.85658E-01 4.45813E-01 5.38193E-01 5.56279E-01 7.18130E-01 8.24212E-01 4.47056E-01 3.85658E-01 2.90258E-01 7.09285E+00
2.93855E-01 3.88577E-01 4.48440E-01 5.40525E-01 5.58653E-01 7.21193E-01 8.27896E-01 4.49683E-01 3.88577E-01 2.93855E-01 7.08690E+00
2.97321E-01 3.91380E-01 4.50956E-01 5.42753E-01 5.60921E-01 7.24129E-01 8.31439E-01 4.52200E-01 3.91380E-01 2.97321E-01 7.07992E+00
3.00660E-01 3.94072E-01 4.53369E-01 5.44880E-01 5.63086E-01 7.26943E-01 8.34847E-01 4.54613E-01 3.94072E-01 3.00660E-01 7.07200E+00
3.03878E-01 3.96658E-01 4.55682E-01 5.46911E-01 5.65154E-01 7.29641E-01 8.38126E-01 4.56927E-01 3.96658E-01 3.03878E-01 7.06320E+00
3.06982E-01 3.99144E-01 4.57900E-01 5.48852E-01 5.67129E-01 7.32229E-01 8.41282E-01 4.59146E-01 3.99144E-01 3.06982E-01 7.05360E+00
3.09975E-01 4.01534E-01 4.60028E-01 5.50705E-01 5.69016E-01 7.34711E-01 8.44320E-01 4.61274E-01 4.01534E-01 3.09975E-01 7.04326E+00
3.12863E-01 4.03833E-01 4.62070E-01 5.52476E-01 5.70818E-01 7.37092E-01 8.47246E-01 4.63316E-01 4.03833E-01 3.12863E-01 7.03225E+00
3.15651E-01 4.06043E-01 4.64029E-01 5.54168E-01 5.72540E-01 7.39377E-01 8.50065E-01 4.65275E-01 4.06043E-01 3.15651E-01 7.02061E+00
0.00000E+00 0.00000E+00 4.62651E-02 1.58306E-01 1.70322E-01 2.61477E-01 3.14506E-01 4.70892E-02 0.00000E+00 0.00000E+00 1.14537E+00
0.00000E+00 0.00000E+00 7.34304E-02 1.84524E-01 1.97508E-01 2.96810E-01 3.54386E-01 7.43376E-02 0.00000E+00 0.00000E+00 1.91541E+00
0.00000E+00 1.75430E-02 9.73730E-02 2.07564E-01 2.21310E-01 3.27301E-01 3.88783E-01 9.83454E-02 1.75430E-02 0.00000E+00 2.52469E+00
0.00000E+00 4.08070E-02 1.18797E-01 2.28119E-01 2.42495E-01 3.54216E-01 4.19172E-01 1.19823E-01 4.08070E-02 0.00000E+00 3.02693E+00
0.00000E+00 6.17510E-02 1.38124E-01 2.46608E-01 2.61518E-01 3.78268E-01 4.46371E-01 1.39195E-01 6.17510E-02 0.00000E+00 3.45635E+00
0.00000E+00 8.07230E-02 1.55656E-01 2.63334E-01 2.78703E-01 3.99920E-01 4.70900E-01 1.56765E-01 8.07230E-02 0.00000E+00 3.82507E+00
0.00000E+00 9.80009E-02 1.71637E-01 2.78538E-01 2.94307E-01 4.19531E-01 4.93159E-01 1.72778E-01 9.80009E-02 0.00000E+00 4.14298E+00
0.00000E+00 1.13809E-01 1.86266E-01 2.92419E-01 3.08539E-01 4.37387E-01 5.13469E-01 1.87436E-01 1.13809E-01 0.00000E+00 4.41815E+00
6.54391E-03 1.28345E-01 1.99728E-01 3.05162E-01 3.21591E-01 4.53719E-01 5.32072E-01 2.00923E-01 1.28345E-01 6.54391E-03 4.64390E+00
2.24055E-02 1.41775E-01 2.12170E-01 3.16911E-01 3.33614E-01 4.68732E-01 5.49197E-01 2.13386E-01 1.41775E-01 2.24055E-02 4.82113E+00
3.70957E-02 1.54202E-01 2.23676E-01 3.27743E-01 3.44694E-01 4.82582E-01 5.65043E-01 2.24911E-01 1.54202E-01 3.70957E-02 4.97562E+00
5.07377E-02 1.65730E-01 2.34341E-01 3.37753E-01 3.54928E-01 4.95393E-01 5.79745E-01 2.35593E-01 1.65730E-01 5.07377E-02 5.11036E+00
6.34376E-02 1.76448E-01 2.44247E-01 3.47021E-01 3.64400E-01 5.07271E-01 5.93418E-01 2.45514E-01 1.76448E-01 6.34376E-02 5.22790E+00
7.52871E-02 1.86433E-01 2.53467E-01 3.55619E-01 3.73185E-01 5.18307E-01 6.06162E-01 2.54747E-01 1.86433E-01 7.52871E-02 5.33041E+00
8.63661E-02 1.95753E-01 2.62063E-01 3.63609E-01 3.81347E-01 5.28581E-01 6.18065E-01 2.63354E-01 1.95753E-01 8.63661E-02 5.41974E+00
9.67445E-02 2.04468E-01 2.70091E-01 3.71047E-01 3.88942E-01 5.38164E-01 6.29202E-01 2.71393E-01 2.04468E-01 9.67445E-02 5.49747E+00
1.06484E-01 2.12630E-01 2.77600E-01 3.77981E-01 3.96020E-01 5.47115E-01 6.39641E-01 2.78912E-01 2.12630E-01 1.06484E-01 5.56499E+00
1.15639E-01 2.20286E-01 2.84634E-01 3.84453E-01 4.02625E-01 5.55491E-01 6.49441E-01 2.85954E-01 2.20286E-01 1.15639E-01 5.62348E+00
1.24257E-01 2.27478E-01 2.91232E-01 3.90503E-01 4.08798E-01 5.63338E-01 6.58655E-01 2.92560E-01 2.27478E-01 1.24257E-01 5.67395E+00
1.32383E-01 2.34242E-01 2.97429E-01 3.96164E-01 4.14573E-01 5.70700E-01 6.67330E-01 2.98763E-01 2.34242E-01 1.32383E-01 5.71732E+00
1.40053E-01 2.40612E-01 3.03255E-01 4.01466E-01 4.19981E-01 5.77615E-01 6.75507E-01 3.04595E-01 2.40612E-01 1.40053E-01 5.75435E+00
1.47304E-01 2.46618E-01 3.08739E-01 4.06439E-01 4.25051E-01 5.84118E-01 6.83225E-01 3.10084E-01 2.46618E-01 1.47304E-01 5.78574E+00
1.54165E-01 2.52287E-01 3.13906E-01 4.11105E-01 4.29809E-01 5.90239E-01 6.90517E-01 3.15256E-01 2.52287E-01 1.54165E-01 5.81209E+00
1.60665E-01 2.57642E-01 3.18779E-01 4.15489E-01 4.34277E-01 5.96007E-01 6.97414E-01 3.20133E-01 2.57642E-01 1.60665E-01 5.83392E+00
1.66830E-01 2.62707E-01 3.23379E-01 4.19609E-01 4.38476E-01 6.01447E-01 7.03944E-01 3.24736E-01 2.62707E-01 1.66830E-01 5.85170E+00
1.72682E-01 2.67501E-01 3.27725E-01 4.23485E-01 4.42425E-01 6.06581E-01 7.10133E-01 3.29085E-01 2.67501E-01 1.72682E-01 5.86584E+00
1.78243E-01 2.72042E-01 3.31833E-01 4.27134E-01 4.46142E-01 6.11432E-01 7.16002E-01 3.33196E-01 2.72042E-01 1.78243E-01 5.87673E+00
1.83532E-01 2.76348E-01 3.35720E-01 4.30570E-01 4.49642E-01 6.16017E-01 7.21573E-01 3.37086E-01 2.76348E-01 1.83532E-01 5.88467E+00
1.88566E-01 2.80433E-01 3.39401E-01 4.33809E-01 4.52940E-01 6.20354E-01 7.26865E-01 3.40768E-01 2.80433E-01 1.88566E-01 5.88997E+00
1.93362E-01 2.84312E-01 3.42887E-01 4.36862E-01 4.56049E-01 6.24460E-01 7.31896E-01 3.44256E-01 2.84312E-01 1.93362E-01 5.89288E+00
1.97933E-01 2.87997E-01 3.46192E-01 4.39742E-01 4.58980E-01 6.28348E-01 7.36682E-01 3.47562E-01 2.87997E-01 1.97933E-01 5.89364E+00
2.02294E-01 2.91500E-01 3.49327E-01 4.42459E-01 4.61746E-01 6.32032E-01 7.41237E-01 3.50697E-01 2.91500E-01 2.02294E-01 5.89246E+00
2.06458E-01 2.94832E-01 3.52301E-01 4.45023E-01 4.64355E-01 6.35526E-01 7.45576E-01 3.53672E-01 2.94832E-01 2.06458E-01 5.88952E+00
2.10435E-01 2.98003E-01 3.55125E-01 4.47445E-01 4.66819E-01 6.38839E-01 7.49711E-01 3.56496E-01 2.98003E-01 2.10435E-01 5.88499E+00
2.14237E-01 3.01024E-01 3.57807E-01 4.49732E-01 4.69145E-01 6.41983E-01 7.53653E-01 3.59178E-01 3.01024E-01 2.14237E-01 5.87903E+00
2.17873E-01 3.03901E-01 3.60356E-01 4.51892E-01 4.71342E-01 6.44967E-01 7.57414E-01 3.61727E-01 3.03901E-01 2.17873E-01 5.87178E+00
2.21352E-01 3.06643E-01 3.62778E-01 4.53932E-01 4.73416E-01 6.47801E-01 7.61003E-01 3.64149E-01 3.06643E-01 2.21352E-01 5.86335E+00
2.24683E-01 3.09258E-01 3.65081E-01 4.55860E-01 4.75376E-01 6.50492E-01 7.64430E-01 3.66451E-01 3.09258E-01 2.24683E-01 5.85386E+00
2.27875E-01 3.11753E-01 3.67272E-01 4.57681E-01 4.77227E-01 6.53050E-01 7.67704E-01 3.68641E-01 3.11753E-01 2.27875E-01 5.84341E+00
2.30933E-01 3.14133E-01 3.69356E-01 4.59402E-01 4.78976E-01 6.55480E-01 7.70832E-01 3.70724E-01 3.14133E-01 2.30933E-01 5.83210E+00
2.33866E-01 3.16406E-01 3.71340E-01 4.61028E-01 4.80628E-01 6.57790E-01 7.73822E-01 3.72707E-01 3.16406E-01 2.33866E-01 5.82000E+00
2.36679E-01 3.18576E-01 3.73227E-01 4.62564E-01 4.82188E-01 6.59986E-01 7.76682E-01 3.74593E-01 3.18576E-01 2.36679E-01 5.80720E+00
2.39379E-01 3.20648E-01 3.75025E-01 4.64016E-01 4.83661E-01 6.62074E-01 7.79417E-01 3.76389E-01 3.20648E-01 2.39379E-01 5.79376E+00
2.41971E-01 3.22629E-01 3.76736E-01 4.65386E-01 4.85052E-01 6.64059E-01 7.82034E-01 3.78099E-01 3.22629E-01 2.41971E-01 5.77975E+00
2.44461E-01 3.24522E-01 3.78366E-01 4.66680E-01 4.86365E-01 6.65948E-01 7.84538E-01 3.79727E-01 3.24522E-01 2.44461E-01 5.76523E+00
2.46853E-01 3.26332E-01 3.79918E-01 4.67901E-01 4.87605E-01 6.67743E-01 7.86936E-01 3.81278E-01 3.26332E-01 2.46853E-01 5.75024E+00
2.49152E-01 3.28062E-01 3.81396E-01 4.69054E-01 4.88774E-01 6.69451E-01 7.89231E-01 3.82754E-01 3.28062E-01 2.49152E-01 5.73484E+00
2.51362E-01 3.29717E-01 3.82804E-01 4.70141E-01 4.89876E-01 6.71075E-01 7.91430E-01 3.84160E-01 3.29717E-01 2.51362E-01 5.71906E+00
2.53488E-01 3.31300E-01 3.84146E-01 4.71166E-01 4.90914E-01 6.72620E-01 7.93536E-01 3.85500E-01 3.31300E-01 2.53488E-01 5.70296E+00
2.55533E-01 3.32814E-01 3.85424E-01 4.72132E-01 4.91893E-01 6.74088E-01 7.95554E-01 3.86775E-01 3.32814E-01 2.55533E-01 5.68657E+00
0.00000E+00 0.00000E+00 4.25155E-02 1.56598E-01 1.71584E-01 2.81044E-01 3.39246E-01 4.35981E-02 0.00000E+00 0.00000E+00 1.39020E+00
0.00000E+00 0.00000E+00 6.74915E-02 1.80115E-01 1.95995E-01 3.14002E-01 3.77573E-01 6.86576E-02 0.00000E+00 0.00000E+00 2.05916E+00
0.00000E+00 1.58055E-02 8.90306E-02 2.00321E-01 2.16892E-01 3.41848E-01 4.09989E-01 9.02604E-02 1.58055E-02 0.00000E+00 2.57036E+00
0.00000E+00 3.64779E-02 1.07964E-01 2.18009E-01 2.35142E-01 3.66001E-01 4.38173E-01 1.09244E-01 3.64779E-02 0.00000E+00 2.97970E+00
0.00000E+00 5.48251E-02 1.24783E-01 2.33656E-01 2.51257E-01 3.87254E-01 4.63055E-01 1.26105E-01 5.48251E-02 0.00000E+00 3.32149E+00
0.00000E+00 7.12392E-02 1.39836E-01 2.47601E-01 2.65598E-01 4.06127E-01 4.85224E-01 1.41192E-01 7.12392E-02 0.00000E+00 3.60848E+00
0.00000E+00 8.60227E-02 1.53393E-01 2.60108E-01 2.78444E-01 4.23010E-01 5.05125E-01 1.54778E-01 8.60227E-02 0.00000E+00 3.85069E+00
0.00000E+00 9.94137E-02 1.65670E-01 2.71385E-01 2.90015E-01 4.38208E-01 5.23104E-01 1.67079E-01 9.94137E-02 0.00000E+00 4.05595E+00
5.58602E-03 1.11617E-01 1.76858E-01 2.81625E-01 3.00509E-01 4.51963E-01 5.39419E-01 1.78288E-01 1.11617E-01 5.58602E-03 4.21906E+00
1.90572E-02 1.22800E-01 1.87108E-01 2.90971E-01 3.10076E-01 4.64483E-01 5.54308E-01 1.88554E-01 1.22800E-01 1.90572E-02 4.34124E+00
3.14467E-02 1.33064E-01 1.96501E-01 2.99493E-01 3.18795E-01 4.75922E-01 5.67977E-01 1.97962E-01 1.33064E-01 3.14467E-02 4.44491E+00
4.28767E-02 1.42511E-01 2.05133E-01 3.07284E-01 3.26761E-01 4.86405E-01 5.80563E-01 2.06606E-01 1.42511E-01 4.28767E-02 4.53276E+00
5.34514E-02 1.51230E-01 2.13085E-01 3.14425E-01 3.34058E-01 4.96036E-01 5.92183E-01 2.14569E-01 1.51230E-01 5.34514E-02 4.60702E+00
6.32597E-02 1.59296E-01 2.20428E-01 3.20982E-01 3.40756E-01 5.04907E-01 6.02939E-01 2.21920E-01 1.59296E-01 6.32597E-02 4.66957E+00
7.23786E-02 1.66773E-01 2.27221E-01 3.27015E-01 3.46915E-01 5.13094E-01 6.12916E-01 2.28721E-01 1.66773E-01 7.23786E-02 4.72198E+00
8.08747E-02 1.73719E-01 2.33519E-01 3.32575E-01 3.52589E-01 5.20665E-01 6.22190E-01 2.35025E-01 1.73719E-01 8.08747E-02 4.76560E+00
8.88064E-02 1.80183E-01 2.39366E-01 3.37708E-01 3.57823E-01 5.27679E-01 6.30828E-01 2.40877E-01 1.80183E-01 8.88064E-02 4.80156E+00
9.62246E-02 1.86209E-01 2.44805E-01 3.42452E-01 3.62660E-01 5.34186E-01 6.38885E-01 2.46320E-01 1.86209E-01 9.62246E-02 4.83084E+00
1.03174E-01 1.91834E-01 2.49870E-01 3.46843E-01 3.67134E-01 5.40233E-01 6.46414E-01 2.51388E-01 1.91834E-01 1.03174E-01 4.85428E+00
1.09696E-01 1.97094E-01 2.54593E-01 3.50912E-01 3.71277E-01 5.45860E-01 6.53459E-01 2.56114E-01 1.97094E-01 1.09696E-01 4.87260E+00
1.15824E-01 2.02018E-01 2.59004E-01 3.54685E-01 3.75118E-01 5.51101E-01 6.60060E-01 2.60527E-01 2.02018E-01 1.15824E-01 4.88641E+00
1.21590E-01 2.06634E-01 2.63128E-01 3.58187E-01 3.78681E-01 5.55989E-01 6.66253E-01 2.64651E-01 2.06634E-01 1.21590E-01 4.89627E+00
1.27024E-01 2.10966E-01 2.66986E-01 3.61440E-01 3.81990E-01 5.60552E-01 6.72069E-01 2.68510E-01 2.10966E-01 1.27024E-01 4.90263E+00
1.32149E-01 2.15035E-01 2.70601E-01 3.64464E-01 3.85064E-01 5.64815E-01 6.77538E-01 2.72125E-01 2.15035E-01 1.32149E-01 4.90591E+00
1.36990E-01 2.18862E-01 2.73989E-01 3.67277E-01 3.87921E-01 5.68802E-01 6.82686E-01 2.75513E-01 2.18862E-01 1.36990E-01 4.90647E+00
1.41566E-01 2.22464E-01 2.77168E-01 3.69895E-01 3.90579E-01 5.72533E-01 6.87535E-01 2.78691E-01 2.22464E-01 1.41566E-01 4.90462E+00
1.45897E-01 2.25858E-01 2.80154E-01 3.72331E-01 3.93051E-01 5.76026E-01 6.92106E-01 2.81675E-01 2.25858E-01 1.45897E-01 4.90065E+00
1.50000E-01 2.29057E-01 2.82959E-01 3.74600E-01 3.95352E-01 5.79299E-01 6.96420E-01 2.84478E-01 2.29057E-01 1.50000E-01 4.89478E+00
1.53890E-01 2.32076E-01 2.85596E-01 3.76713E-01 3.97493E-01 5.82367E-01 7.00494E-01 2.87113E-01 2.32076E-01 1.53890E-01 4.88725E+00
1.57581E-01 2.34926E-01 2.88076E-01 3.78681E-01 3.99487E-01 5.85245E-01 7.04343E-01 2.89592E-01 2.34926E-01 1.57581E-01 4.87823E+00
1.61086E-01 2.37619E-01 2.90411E-01 3.80514E-01 4.01342E-01 5.87944E-01 7.07982E-01 2.91924E-01 2.37619E-01 1.61086E-01 4.86791E+00
1.64417E-01 2.40165E-01 2.92609E-01 3.82221E-01 4.03069E-01 5.90478E-01 7.11424E-01 2.94120E-01 2.40165E-01 1.64417E-01 4.85642E+00
1.67585E-01 2.42572E-01 2.94680E-01 3.83811E-01 4.04676E-01 5.92856E-01 7.14683E-01 2.96187E-01 2.42572E-01 1.67585E-01 4.84391E+00
1.70600E-01 2.44851E-01 2.96631E-01 3.85291E-01 4.06170E-01 5.95088E-01 7.17769E-01 2.98135E-01 2.44851E-01 1.70600E-01 4.83050E+00
1.73471E-01 2.47009E-01 2.98470E-01 3.86669E-01 4.07560E-01 5.97184E-01 7.20693E-01 2.99971E-01 2.47009E-01 1.73471E-01 4.81628E+00
1.76207E-01 2.49052E-01 3.00204E-01 3.87950E-01 4.08851E-01 5.99152E-01 7.23464E-01 3.01702E-01 2.49052E-01 1.76207E-01 4.80136E+00
1.78815E-01 2.50989E-01 3.01839E-01 3.89141E-01 4.10051E-01 6.01000E-01 7.26091E-01 3.03333E-01 2.50989E-01 1.78815E-01 4.78583E+00
1.81303E-01 2.52824E-01 3.03381E-01 3.90247E-01 4.11164E-01 6.02735E-01 7.28582E-01 3.04871E-01 2.52824E-01 1.81303E-01 4.76975E+00
1.83678E-01 2.54565E-01 3.04835E-01 3.91274E-01 4.12196E-01 6.04363E-01 7.30946E-01 3.06322E-01 2.54565E-01 1.83678E-01 4.75319E+00
1.85945E-01 2.56215E-01 3.06207E-01 3.92226E-01 4.13151E-01 6.05891E-01 7.33189E-01 3.07689E-01 2.56215E-01 1.85945E-01 4.73623E+00
1.88112E-01 2.57782E-01 3.07501E-01 3.93108E-01 4.14035E-01 6.07325E-01 7.35317E-01 3.08979E-01 2.57782E-01 1.88112E-01 4.71891E+00
1.90182E-01 2.59268E-01 3.08722E-01 3.93924E-01 4.14851E-01 6.08670E-01 7.37338E-01 3.10195E-01 2.59268E-01 1.90182E-01 4.70128E+00
1.92161E-01 2.60678E-01 3.09873E-01 3.94677E-01 4.15603E-01 6.09930E-01 7.39256E-01 3.11342E-01 2.60678E-01 1.92161E-01 4.68339E+00
1.94055E-01 2.62017E-01 3.10958E-01 3.95371E-01 4.16296E-01 6.11111E-01 7.41078E-01 3.12423E-01 2.62017E-01 1.94055E-01 4.66528E+00
1.95867E-01 2.63288E-01 3.11981E-01 3.96010E-01 4.16932E-01 6.12217E-01 7.42807E-01 3.13442E-01 2.63288E-01 1.95867E-01 4.64699E+00
1.97601E-01 2.64495E-01 3.12946E-01 3.96597E-01 4.17514E-01 6.13251E-01 7.44449E-01 3.14402E-01 2.64495E-01 1.97601E-01 4.62854E+00
1.99261E-01 2.65640E-01 3.13854E-01 3.97134E-01 4.18046E-01 6.14218E-01 7.46008E-01 3.15306E-01 2.65640E-01 1.99261E-01 4.60997E+00
2.00852E-01 2.66728E-01 3.14710E-01 3.97624E-01 4.18530E-01 6.15120E-01 7.47489E-01 3.16157E-01 2.66728E-01 2.00852E-01 4.59131E+00
2.02375E-01 2.67761E-01 3.15516E-01 3.98070E-01 4.18969E-01 6.15963E-01 7.48894E-01 3.16958E-01 2.67761E-01 2.02375E-01 4.57258E+00
2.03835E-01 2.68742E-01 3.16274E-01 3.98473E-01 4.19365E-01 6.16747E-01 7.50228E-01 3.17711E-01 2.68742E-01 2.03835E-01 4.55379E+00
0.00000E+00 0.00000E+00 3.95162E-02 1.54805E-01 1.72915E-01 3.03488E-01 3.68652E-01 4.09180E-02 0.00000E+00 0.00000E+00 1.59880E+00
0.00000E+00 0.00000E+00 6.19893E-02 1.75223E-01 1.94109E-01 3.33443E-01 4.04909E-01 6.34684E-02 0.00000E+00 0.00000E+00 2.15793E+00
0.00000E+00 1.39802E-02 8.09684E-02 1.92374E-01 2.11845E-01 3.58221E-01 4.34994E-01 8.25039E-02 1.39802E-02 0.00000E+00 2.56910E+00
0.00000E+00 3.20199E-02 9.73616E-02 2.07096E-01 2.27029E-01 3.79325E-01 4.60738E-01 9.89400E-02 3.20199E-02 0.00000E+00 2.88767E+00
0.00000E+00 4.78059E-02 1.11701E-01 2.19888E-01 2.40196E-01 3.97596E-01 4.83154E-01 1.13313E-01 4.78059E-02 0.00000E+00 3.14652E+00
0.00000E+00 6.17539E-02 1.24361E-01 2.31104E-01 2.51721E-01 4.13582E-01 5.02878E-01 1.25999E-01 6.17539E-02 0.00000E+00 3.35817E+00
0.00000E+00 7.41764E-02 1.35623E-01 2.41013E-01 2.61888E-01 4.27688E-01 5.20384E-01 1.37282E-01 7.41764E-02 0.00000E+00 3.53208E+00
0.00000E+00 8.53145E-02 1.45708E-01 2.49824E-01 2.70914E-01 4.40225E-01 5.36035E-01 1.47382E-01 8.53145E-02 0.00000E+00 3.67550E+00
4.69042E-03 9.53721E-02 1.54805E-01 2.57725E-01 2.78996E-01 4.51435E-01 5.50095E-01 1.56492E-01 9.53721E-02 4.69042E-03 3.78428E+00
1.59443E-02 1.04510E-01 1.63060E-01 2.64849E-01 2.86272E-01 4.61522E-01 5.62806E-01 1.64757E-01 1.04510E-01 1.59443E-02 3.85965E+00
2.62218E-02 1.12826E-01 1.70553E-01 2.71261E-01 2.92814E-01 4.70633E-01 5.74372E-01 1.72257E-01 1.12826E-01 2.62218E-02 3.92077E+00
3.56405E-02 1.20419E-01 1.77376E-01 2.77046E-01 2.98710E-01 4.78888E-01 5.84931E-01 1.79084E-01 1.20419E-01 3.56405E-02 3.96991E+00
4.42994E-02 1.27372E-01 1.83604E-01 2.82279E-01 3.04039E-01 4.86388E-01 5.94601E-01 1.85316E-01 1.27372E-01 4.42994E-02 4.00892E+00
5.22825E-02 1.33757E-01 1.89305E-01 2.87023E-01 3.08864E-01 4.93218E-01 6.03478E-01 1.91018E-01 1.33757E-01 5.22825E-02 4.03934E+00
5.96615E-02 1.39632E-01 1.94534E-01 2.91330E-01 3.13241E-01 4.99453E-01 6.11648E-01 1.96248E-01 1.39632E-01 5.96615E-02 4.06245E+00
6.64984E-02 1.45051E-01 1.99341E-01 2.95248E-01 3.17218E-01 5.05154E-01 6.19182E-01 2.01054E-01 1.45051E-01 6.64984E-02 4.07931E+00
7.28468E-02 1.50059E-01 2.03767E-01 2.98816E-01 3.20835E-01 5.10377E-01 6.26145E-01 2.05479E-01 1.50059E-01 7.28468E-02 4.09084E+00
7.87535E-02 1.54696E-01 2.07850E-01 3.02069E-01 3.24129E-01 5.15167E-01 6.32590E-01 2.09559E-01 1.54696E-01 7.87535E-02 4.09778E+00
8.42592E-02 1.58996E-01 2.11621E-01 3.05038E-01 3.27132E-01 5.19568E-01 6.38565E-01 2.13327E-01 1.58996E-01 8.42592E-02 4.10078E+00
8.94000E-02 1.62990E-01 2.15109E-01 3.07749E-01 3.29870E-01 5.23614E-01 6.44114E-01 2.16811E-01 1.62990E-01 8.94000E-02 4.10040E+00
9.42077E-02 1.66705E-01 2.18339E-01 3.10226E-01 3.32369E-01 5.27338E-01 6.49273E-01 2.20037E-01 1.66705E-01 9.42077E-02 4.09708E+00
9.87105E-02 1.70164E-01 2.21333E-01 3.12490E-01 3.34649E-01 5.30769E-01 6.54075E-01 2.23027E-01 1.70164E-01 9.87105E-02 4.09125E+00
1.02934E-01 1.73389E-01 2.24112E-01 3.14559E-01 3.36730E-01 5.33931E-01 6.58549E-01 2.25801E-01 1.73389E-01 1.02934E-01 4.08323E+00
1.06899E-01 1.76400E-01 2.26693E-01 3.16451E-01 3.38629E-01 5.36847E-01 6.62723E-01 2.28376E-01 1.76400E-01 1.06899E-01 4.07334E+00
1.10628E-01 1.79212E-01 2.29093E-01 3.18179E-01 3.40362E-01 5.39537E-01 6.66620E-01 2.30769E-01 1.79212E-01 1.10628E-01 4.06183E+00
1.14138E-01 1.81842E-01 2.31324E-01 3.19758E-01 3.41941E-01 5.42019E-01 6.70261E-01 2.32995E-01 1.81842E-01 1.14138E-01 4.04892E+00
1.17444E-01 1.84304E-01 2.33401E-01 3.21199E-01 3.43380E-01 5.44310E-01 6.73665E-01 2.35065E-01 1.84304E-01 1.17444E-01 4.03481E+00
1.20563E-01 1.86609E-01 2.35335E-01 3.22514E-01 3.44689E-01 5.46423E-01 6.76850E-01 2.36992E-01 1.86609E-01 1.20563E-01 4.01967E+00
1.23508E-01 1.88770E-01 2.37136E-01 3.23711E-01 3.45879E-01 5.48374E-01 6.79831E-01 2.38787E-01 1.88770E-01 1.23508E-01 4.00364E+00
1.26290E-01 1.90797E-01 2.38814E-01 3.24801E-01 3.46958E-01 5.50172E-01 6.82623E-01 2.40458E-01 1.90797E-01 1.26290E-01 3.98685E+00
1.28921E-01 1.92698E-01 2.40379E-01 3.25790E-01 3.47935E-01 5.51831E-01 6.85238E-01 2.42015E-01 1.92698E-01 1.28921E-01 3.96943E+00
1.31411E-01 1.94483E-01 2.41837E-01 3.26687E-01 3.48817E-01 5.53358E-01 6.87689E-01 2.43466E-01 1.94483E-01 1.31411E-01 3.95146E+00
1.33769E-01 1.96160E-01 2.43196E-01 3.27498E-01 3.49612E-01 5.54764E-01 6.89987E-01 2.44818E-01 1.96160E-01 1.33769E-01 3.93304E+00
1.36004E-01 1.97736E-01 2.44463E-01 3.28229E-01 3.50326E-01 5.56057E-01 6.92141E-01 2.46077E-01 1.97736E-01 1.36004E-01 3.91424E+00
1.38123E-01 1.99216E-01 2.45644E-01 3.28886E-01 3.50964E-01 5.57244E-01 6.94161E-01 2.47251E-01 1.99216E-01 1.38123E-01 3.89513E+00
1.40134E-01 2.00608E-01 2.46745E-01 3.29473E-01 3.51531E-01 5.58333E-01 6.96055E-01 2.48344E-01 2.00608E-01 1.40134E-01 3.87577E+00
1.42043E-01 2.01917E-01 2.47770E-01 3.29997E-01 3.52033E-01 5.59330E-01 6.97831E-01 2.49361E-01 2.01917E-01 1.42043E-01 3.85621E+00
1.43857E-01 2.03149E-01 2.48725E-01 3.30460E-01 3.52474E-01 5.60241E-01 6.99496E-01 2.50308E-01 2.03149E-01 1.43857E-01 3.83651E+00
1.45580E-01 2.04307E-01 2.49614E-01 3.30868E-01 3.52857E-01 5.61072E-01 7.01057E-01 2.51189E-01 2.04307E-01 1.45580E-01 3.81669E+00
1.47219E-01 2.05396E-01 2.50441E-01 3.31223E-01 3.53188E-01 5.61826E-01 7.02519E-01 2.52008E-01 2.05396E-01 1.47219E-01 3.79680E+00
1.48778E-01 2.06420E-01 2.51210E-01 3.31529E-01 3.53469E-01 5.62510E-01 7.03889E-01 2.52769E-01 2.06420E-01 1.48778E-01 3.77687E+00
1.50261E-01 2.07384E-01 2.51923E-01 3.31789E-01 3.53703E-01 5.63128E-01 7.05172E-01 2.53475E-01 2.07384E-01 1.50261E-01 3.75693E+00
1.51673E-01 2.08290E-01 2.52586E-01 3.32007E-01 3.53894E-01 5.63682E-01 7.06373E-01 2.54129E-01 2.08290E-01 1.51673E-01 3.73700E+00
1.53018E-01 2.09142E-01 2.53200E-01 3.32184E-01 3.54044E-01 5.64178E-01 7.07496E-01 2.54735E-01 2.09142E-01 1.53018E-01 3.71710E+00
1.54299E-01 2.09944E-01 2.53768E-01 3.32324E-01 3.54156E-01 5.64619E-01 7.08545E-01 2.55295E-01 2.09944E-01 1.54299E-01 3.69726E+00
1.55520E-01 2.10696E-01 2.54293E-01 3.32429E-01 3.54232E-01 5.65008E-01 7.09525E-01 2.55813E-01 2.10696E-01 1.55520E-01 3.67749E+00
1.56684E-01 2.11404E-01 2.54778E-01 3.32501E-01 3.54275E-01 5.65348E-01 7.10440E-01 2.56289E-01 2.11404E-01 1.56684E-01 3.65781E+00
1.57793E-01 2.12068E-01 2.55224E-01 3.32541E-01 3.54286E-01 5.65641E-01 7.11292E-01 2.56727E-01 2.12068E-01 1.57793E-01 3.63822E+00
1.58851E-01 2.12691E-01 2.55634E-01 3.32552E-01 3.54267E-01 5.65891E-01 7.12085E-01 2.57129E-01 2.12691E-01 1.58851E-01 3.61874E+00
1.59860E-01 2.13276E-01 2.56010E-01 3.32536E-01 3.54221E-01 5.66100E-01 7.12822E-01 2.57497E-01 2.13276E-01 1.59860E-01 3.59939E+00
0.00000E+00 0.00000E+00 3.71671E-02 1.52462E-01 1.73793E-01 3.28400E-01 4.03049E-01 3.89508E-02 0.00000E+00 0.00000E+00 1.75079E+00
0.00000E+00 0.00000E+00 5.68678E-02 1.69435E-01 1.91374E-01 3.54694E-01 4.36654E-01 5.87125E-02 0.00000E+00 0.00000E+00 2.19636E+00
0.00000E+00 1.20992E-02 7.31790E-02 1.83371E-01 2.05746E-01 3.75970E-01 4.64013E-01 7.50643E-02 1.20992E-02 0.00000E+00 2.50981E+00
0.00000E+00 2.75103E-02 8.70298E-02 1.95084E-01 2.17786E-01 3.93738E-01 4.87049E-01 8.89429E-02 2.75103E-02 0.00000E+00 2.74318E+00
0.00000E+00 4.08115E-02 9.89608E-02 2.05061E-01 2.28013E-01 4.08844E-01 5.06817E-01 1.00893E-01 4.08115E-02 0.00000E+00 2.92653E+00
0.00000E+00 5.24204E-02 1.09350E-01 2.13647E-01 2.36794E-01 4.21837E-01 5.23982E-01 1.11294E-01 5.24204E-02 0.00000E+00 3.07134E+00
0.00000E+00 6.26445E-02 1.18476E-01 2.21101E-01 2.44398E-01 4.33119E-01 5.39028E-01 1.20427E-01 6.26445E-02 0.00000E+00 3.18602E+00
0.00000E+00 7.17175E-02 1.26551E-01 2.27617E-01 2.51029E-01 4.42990E-01 5.52323E-01 1.28506E-01 7.17175E-02 0.00000E+00 3.27684E+00
3.86373E-03 7.98337E-02 1.33759E-01 2.33370E-01 2.56869E-01 4.51686E-01 5.64131E-01 1.35713E-01 7.98337E-02 3.86373E-03 3.34040E+00
1.30872E-02 8.71433E-02 1.40234E-01 2.38481E-01 2.62045E-01 4.59396E-01 5.74688E-01 1.42186E-01 8.71433E-02 1.30872E-02 3.37776E+00
2.14512E-02 9.37373E-02 1.46050E-01 2.43000E-01 2.66611E-01 4.66254E-01 5.84194E-01 1.47998E-01 9.37373E-02 2.14512E-02 3.40488E+00
2.90652E-02 9.97071E-02 1.51291E-01 2.47006E-01 2.70649E-01 4.72372E-01 5.92783E-01 1.53233E-01 9.97071E-02 2.90652E-02 3.42357E+00
3.60202E-02 1.05129E-01 1.56028E-01 2.50564E-01 2.74226E-01 4.77844E-01 6.00567E-01 1.57963E-01 1.05129E-01 3.60202E-02 3.43529E+00
4.23932E-02 1.10067E-01 1.60321E-01 2.53729E-01 2.77400E-01 4.82747E-01 6.07640E-01 1.62248E-01 1.10067E-01 4.23932E-02 3.44122E+00
4.82492E-02 1.14577E-01 1.64221E-01 2.56547E-01 2.80219E-01 4.87149E-01 6.14082E-01 1.66138E-01 1.14577E-01 4.82492E-02 3.44232E+00
5.36440E-02 1.18704E-01 1.67770E-01 2.59058E-01 2.82722E-01 4.91105E-01 6.19962E-01 1.69677E-01 1.18704E-01 5.36440E-02 3.43941E+00
5.86256E-02 1.22489E-01 1.71006E-01 2.61297E-01 2.84947E-01 4.94666E-01 6.25338E-01 1.72902E-01 1.22489E-01 5.86256E-02 3.43314E+00
6.32355E-02 1.25967E-01 1.73961E-01 2.63292E-01 2.86922E-01 4.97871E-01 6.30262E-01 1.75846E-01 1.25967E-01 6.32355E-02 3.42406E+00
6.75099E-02 1.29169E-01 1.76663E-01 2.65069E-01 2.88674E-01 5.00759E-01 6.34778E-01 1.78537E-01 1.29169E-01 6.75099E-02 3.41264E+00
7.14805E-02 1.32120E-01 1.79138E-01 2.66651E-01 2.90227E-01 5.03360E-01 6.38924E-01 1.80999E-01 1.32120E-01 7.14805E-02 3.39926E+00
7.51750E-02 1.34844E-01 1.81405E-01 2.68056E-01 2.91599E-01 5.05702E-01 6.42734E-01 1.83255E-01 1.34844E-01 7.51750E-02 3.38426E+00
7.86179E-02 1.37362E-01 1.83486E-01 2.69303E-01 2.92810E-01 5.07811E-01 6.46240E-01 1.85323E-01 1.37362E-01 7.86179E-02 3.36789E+00
8.18311E-02 1.39692E-01 1.85395E-01 2.70405E-01 2.93873E-01 5.09707E-01 6.49467E-01 1.87220E-01 1.39692E-01 8.18311E-02 3.35041E+00
8.48340E-02 1.41850E-01 1.87149E-01 2.71378E-01 2.94804E-01 5.11409E-01 6.52440E-01 1.88961E-01 1.41850E-01 8.48340E-02 3.33201E+00
8.76437E-02 1.43851E-01 1.88761E-01 2.72231E-01 2.95614E-01 5.12936E-01 6.55179E-01 1.90559E-01 1.43851E-01 8.76437E-02 3.31286E+00
9.02758E-02 1.45707E-01 1.90242E-01 2.72977E-01 2.96314E-01 5.14301E-01 6.57704E-01 1.92027E-01 1.45707E-01 9.02758E-02 3.29310E+00
9.27441E-02 1.47431E-01 1.91603E-01 2.73624E-01 2.96914E-01 5.15519E-01 6.60031E-01 1.93376E-01 1.47431E-01 9.27441E-02 3.27286E+00
9.50612E-02 1.49032E-01 1.92855E-01 2.74181E-01 2.97423E-01 5.16602E-01 6.62176E-01 1.94614E-01 1.49032E-01 9.50612E-02 3.25225E+00
9.72385E-02 1.50521E-01 1.94005E-01 2.74656E-01 2.97848E-01 5.17561E-01 6.64153E-01 1.95751E-01 1.50521E-01 9.72385E-02 3.23134E+00
9.92860E-02 1.51904E-01 1.95061E-01 2.75056E-01 2.98197E-01 5.18406E-01 6.65974E-01 1.96795E-01 1.51904E-01 9.92860E-02 3.21023E+00
1.01213E-01 1.53192E-01 1.96032E-01 2.75386E-01 2.98476E-01 5.19146E-01 6.67651E-01 1.97752E-01 1.53192E-01 1.01213E-01 3.18898E+00
1.03028E-01 1.54389E-01 1.96922E-01 2.75653E-01 2.98690E-01 5.19789E-01 6.69194E-01 1.98629E-01 1.54389E-01 1.03028E-01 3.16765E+00
1.04739E-01 1.55504E-01 1.97738E-01 2.75862E-01 2.98846E-01 5.20342E-01 6.70613E-01 1.99432E-01 1.55504E-01 1.04739E-01 3.14628E+00
1.06353E-01 1.56541E-01 1.98485E-01 2.76017E-01 2.98947E-01 5.20813E-01 6.71916E-01 2.00166E-01 1.56541E-01 1.06353E-01 3.12492E+00
1.07877E-01 1.57506E-01 1.99169E-01 2.76122E-01 2.98998E-01 5.21206E-01 6.73111E-01 2.00837E-01 1.57506E-01 1.07877E-01 3.10361E+00
1.09315E-01 1.58404E-01 1.99793E-01 2.76182E-01 2.99003E-01 5.21529E-01 6.74205E-01 2.01448E-01 1.58404E-01 1.09315E-01 3.08237E+00
1.10674E-01 1.59239E-01 2.00363E-01 2.76200E-01 2.98966E-01 5.21786E-01 6.75206E-01 2.02005E-01 1.59239E-01 1.10674E-01 3.06124E+00
1.11958E-01 1.60016E-01 2.00880E-01 2.76178E-01 2.98890E-01 5.21982E-01 6.76118E-01 2.02509E-01 1.60016E-01 1.11958E-01 3.04024E+00
1.13173E-01 1.60739E-01 2.01350E-01 2.76121E-01 2.98777E-01 5.22121E-01 6.76948E-01 2.02966E-01 1.60739E-01 1.13173E-01 3.01938E+00
1.14322E-01 1.61410E-01 2.01775E-01 2.76031E-01 2.98631E-01 5.22207E-01 6.77702E-01 2.03379E-01 1.61410E-01 1.14322E-01 2.99868E+00
1.15410E-01 1.62033E-01 2.02158E-01 2.75909E-01 2.98455E-01 5.22244E-01 6.78382E-01 2.03749E-01 1.62033E-01 1.15410E-01 2.97816E+00
1.16440E-01 1.62611E-01 2.02501E-01 2.75760E-01 2.98249E-01 5.22235E-01 6.78996E-01 2.04080E-01 1.62611E-01 1.16440E-01 2.95782E+00
1.17415E-01 1.63146E-01 2.02809E-01 2.75584E-01 2.98018E-01 5.22183E-01 6.79545E-01 2.04375E-01 1.63146E-01 1.17415E-01 2.93769E+00
1.18338E-01 1.63643E-01 2.03081E-01 2.75383E-01 2.97762E-01 5.22092E-01 6.80035E-01 2.04636E-01 1.63643E-01 1.18338E-01 2.91775E+00
1.19213E-01 1.64102E-01 2.03322E-01 2.75160E-01 2.97483E-01 5.21963E-01 6.80468E-01 2.04864E-01 1.64102E-01 1.19213E-01 2.89803E+00
1.20043E-01 1.64525E-01 2.03533E-01 2.74916E-01 2.97184E-01 5.21800E-01 6.80848E-01 2.05063E-01 1.64525E-01 1.20043E-01 2.87853E+00
1.20828E-01 1.64916E-01 2.03715E-01 2.74652E-01 2.96865E-01 5.21604E-01 6.81178E-01 2.05233E-01 1.64916E-01 1.20828E-01 2.85925E+00
1.21573E-01 1.65276E-01 2.03870E-01 2.74370E-01 2.96528E-01 5.21378E-01 6.81462E-01 2.05377E-01 1.65276E-01 1.21573E-01 2.84019E+00
1.22279E-01 1.65606E-01 2.04001E-01 2.74072E-01 2.96175E-01 5.21124E-01 6.81701E-01 2.05495E-01 1.65606E-01 1.22279E-01 2.82136E+00
1.22949E-01 1.65909E-01 2.04108E-01 2.73758E-01 2.95806E-01 5.20843E-01 6.81898E-01 2.05591E-01 1.65909E-01 1.22949E-01 2.80276E+00
0.00000E+00 0.00000E+00 3.53152E-02 1.48970E-01 1.73543E-01 3.55099E-01 4.42658E-01 3.75356E-02 0.00000E+00 0.00000E+00 1.82717E+00
0.00000E+00 0.00000E+00 5.20636E-02 1.62268E-01 1.87219E-01 3.77087E-01 4.72973E-01 5.43151E-02 0.00000E+00 0.00000E+00 2.16222E+00
0.00000E+00 1.02130E-02 6.56766E-02 1.72927E-01 1.98115E-01 3.94444E-01 4.97169E-01 6.79418E-02 1.02130E-02 0.00000E+00 2.38535E+00
0.00000E+00 2.30628E-02 7.70475E-02 1.81676E-01 2.07013E-01 4.08608E-01 5.17185E-01 7.93158E-02 2.30628E-02 0.00000E+00 2.54293E+00
0.00000E+00 3.40074E-02 8.66941E-02 1.88951E-01 2.14378E-01 4.20381E-01 5.34086E-01 8.89581E-02 3.40074E-02 0.00000E+00 2.66110E+00
0.00000E+00 4.34451E-02 9.49768E-02 1.95070E-01 2.20544E-01 4.30288E-01 5.48537E-01 9.72316E-02 4.34451E-02 0.00000E+00 2.74966E+00
0.00000E+00 5.16653E-02 1.02158E-01 2.00260E-01 2.25749E-01 4.38703E-01 5.61017E-01 1.04400E-01 5.16653E-02 0.00000E+00 2.81560E+00
0.00000E+00 5.88846E-02 1.08434E-01 2.04694E-01 2.30172E-01 4.45906E-01 5.71885E-01 1.10660E-01 5.88846E-02 0.00000E+00 2.86403E+00
3.11380E-03 6.52811E-02 1.13971E-01 2.08526E-01 2.33976E-01 4.52116E-01 5.81401E-01 1.16180E-01 6.52811E-02 3.11380E-03 2.89207E+00
1.05098E-02 7.09900E-02 1.18892E-01 2.11858E-01 2.37265E-01 4.57502E-01 5.89786E-01 1.21082E-01 7.09900E-02 1.05098E-02 2.90044E+00
1.71695E-02 7.60929E-02 1.23260E-01 2.14725E-01 2.40077E-01 4.62175E-01 5.97229E-01 1.25430E-01 7.60929E-02 1.71695E-02 2.90214E+00
2.31914E-02 8.06715E-02 1.27151E-01 2.17194E-01 2.42482E-01 4.66238E-01 6.03858E-01 1.29301E-01 8.06715E-02 2.31914E-02 2.89850E+00
2.86565E-02 8.47936E-02 1.30627E-01 2.19319E-01 2.44536E-01 4.69772E-01 6.09777E-01 1.32755E-01 8.47936E-02 2.86565E-02 2.89057E+00
3.36331E-02 8.85158E-02 1.33741E-01 2.21147E-01 2.46287E-01 4.72847E-01 6.15074E-01 1.35847E-01 8.85158E-02 3.36331E-02 2.87920E+00
3.81783E-02 9.18856E-02 1.36536E-01 2.22716E-01 2.47774E-01 4.75520E-01 6.19823E-01 1.38620E-01 9.18856E-02 3.81783E-02 2.86508E+00
4.23409E-02 9.49437E-02 1.39049E-01 2.24057E-01 2.49030E-01 4.77841E-01 6.24087E-01 1.41111E-01 9.49437E-02 4.23409E-02 2.84875E+00
4.61627E-02 9.77247E-02 1.41313E-01 2.25199E-01 2.50083E-01 4.79850E-01 6.27919E-01 1.43352E-01 9.77247E-02 4.61627E-02 2.83066E+00
4.96793E-02 1.00258E-01 1.43354E-01 2.26165E-01 2.50958E-01 4.81583E-01 6.31366E-01 1.45371E-01 1.00258E-01 4.96793E-02 2.81119E+00
5.29220E-02 1.02571E-01 1.45197E-01 2.26975E-01 2.51675E-01 4.83072E-01 6.34468E-01 1.47191E-01 1.02571E-01 5.29220E-02 2.79063E+00
5.59178E-02 1.04684E-01 1.46861E-01 2.27647E-01 2.52252E-01 4.84342E-01 6.37260E-01 1.48833E-01 1.04684E-01 5.59178E-02 2.76924E+00
5.86903E-02 1.06617E-01 1.48365E-01 2.28195E-01 2.52705E-01 4.85417E-01 6.39773E-01 1.50315E-01 1.06617E-01 5.86903E-02 2.74721E+00
6.12603E-02 1.08388E-01 1.49725E-01 2.28634E-01 2.53047E-01 4.86317E-01 6.42032E-01 1.51653E-01 1.08388E-01 6.12603E-02 2.72472E+00
6.36461E-02 1.10012E-01 1.50954E-01 2.28974E-01 2.53291E-01 4.87060E-01 6.44062E-01 1.52860E-01 1.10012E-01 6.36461E-02 2.70191E+00
6.58640E-02 1.11503E-01 1.52064E-01 2.29227E-01 2.53446E-01 4.87661E-01 6.45883E-01 1.53948E-01 1.11503E-01 6.58640E-02 2.67889E+00
6.79284E-02 1.12871E-01 1.53067E-01 2.29400E-01 2.53522E-01 4.88134E-01 6.47515E-01 1.54930E-01 1.12871E-01 6.79284E-02 2.65577E+00
6.98522E-02 1.14128E-01 1.53972E-01 2.29502E-01 2.53527E-01 4.88492E-01 6.48973E-01 1.55814E-01 1.14128E-01 6.98522E-02 2.63261E+00
7.16468E-02 1.15284E-01 1.54788E-01 2.29540E-01 2.53469E-01 4.88745E-01 6.50273E-01 1.56608E-01 1.15284E-01 7.16468E-02 2.60950E+00
7.33227E-02 1.16346E-01 1.55522E-01 2.29520E-01 2.53352E-01 4.88904E-01 6.51427E-01 1.57321E-01 1.16346E-01 7.33227E-02 2.58648E+00
7.48892E-02 1.17322E-01 1.56181E-01 2.29448E-01 2.53184E-01 4.88975E-01 6.52447E-01 1.57960E-01 1.17322E-01 7.48892E-02 2.56359E+00
7.63545E-02 1.18220E-01 1.56772E-01 2.29329E-01 2.52970E-01 4.88969E-01 6.53345E-01 1.58530E-01 1.18220E-01 7.63545E-02 2.54088E+00
7.77264E-02 1.19045E-01 1.57300E-01 2.29167E-01 2.52713E-01 4.88891E-01 6.54130E-01 1.59038E-01 1.19045E-01 7.77264E-02 2.51838E+00
7.90116E-02 1.19803E-01 1.57770E-01 2.28967E-01 2.52418E-01 4.88748E-01 6.54811E-01 1.59488E-01 1.19803E-01 7.90116E-02 2.49611E+00
8.02165E-02 1.20499E-01 1.58186E-01 2.28732E-01 2.52090E-01 4.88545E-01 6.55395E-01 1.59884E-01 1.20499E-01 8.02165E-02 2.47410E+00
8.13466E-02 1.21137E-01 1.58554E-01 2.28465E-01 2.51730E-01 4.88288E-01 6.55891E-01 1.60232E-01 1.21137E-01 8.13466E-02 2.45235E+00
8.24073E-02 1.21723E-01 1.58876E-01 2.28169E-01 2.51342E-01 4.87982E-01 6.56304E-01 1.60535E-01 1.21723E-01 8.24073E-02 2.43088E+00
8.34032E-02 1.22259E-01 1.59156E-01 2.27847E-01 2.50928E-01 4.87630E-01 6.56641E-01 1.60797E-01 1.22259E-01 8.34032E-02 2.40971E+00
8.43388E-02 1.22750E-01 1.59397E-01 2.27502E-01 2.50492E-01 4.87236E-01 6.56907E-01 1.61019E-01 1.22750E-01 8.43388E-02 2.38883E+00
8.52179E-02 1.23198E-01 1.59603E-01 2.27135E-01 2.50036E-01 4.86804E-01 6.57107E-01 1.61207E-01 1.23198E-01 8.52179E-02 2.36826E+00
8.60443E-02 1.23606E-01 1.59775E-01 2.26749E-01 2.49560E-01 4.86338E-01 6.57246E-01 1.61361E-01 1.23606E-01 8.60443E-02 2.34799E+00
8.68213E-02 1.23978E-01 1.59917E-01 2.26345E-01 2.49068E-01 4.85839E-01 6.57328E-01 1.61484E-01 1.23978E-01 8.68213E-02 2.32803E+00
8.75520E-02 1.24315E-01 1.60029E-01 2.25926E-01 2.48561E-01 4.85312E-01 6.57357E-01 1.61579E-01 1.24315E-01 8.75520E-02 2.30838E+00
8.82393E-02 1.24620E-01 1.60116E-01 2.25492E-01 2.48041E-01 4.84757E-01 6.57337E-01 1.61648E-01 1.24620E-01 8.82393E-02 2.28904E+00
8.88859E-02 1.24895E-01 1.60177E-01 2.25045E-01 2.47508E-01 4.84178E-01 6.57271E-01 1.61692E-01 1.24895E-01 8.88859E-02 2.27001E+00
8.94942E-02 1.25142E-01 1.60216E-01 2.24586E-01 2.46964E-01 4.83577E-01 6.57162E-01 1.61714E-01 1.25142E-01 8.94942E-02 2.25128E+00
9.00664E-02 1.25363E-01 1.60233E-01 2.24116E-01 2.46411E-01 4.82955E-01 6.57012E-01 1.61714E-01 1.25363E-01 9.00664E-02 2.23285E+00
9.06048E-02 1.25559E-01 1.60230E-01 2.23637E-01 2.45849E-01 4.82314E-01 6.56826E-01 1.61694E-01 1.25559E-01 9.06048E-02 2.21473E+00
9.11112E-02 1.25733E-01 1.60209E-01 2.23150E-01 2.45279E-01 4.81656E-01 6.56604E-01 1.61657E-01 1.25733E-01 9.11112E-02 2.19690E+00
9.15874E-02 1.25884E-01 1.60170E-01 2.22655E-01 2.44702E-01 4.80982E-01 6.56350E-01 1.61602E-01 1.25884E-01 9.15874E-02 2.17937E+00
9.20353E-02 1.26016E-01 1.60115E-01 2.22153E-01 2.44119E-01 4.80294E-01 6.56066E-01 1.61531E-01 1.26016E-01 9.20353E-02 2.16212E+00
9.24563E-02 1.26128E-01 1.60045E-01 2.21645E-01 2.43531E-01 4.79592E-01 6.55752E-01 1.61445E-01 1.26128E-01 9.24563E-02 2.14516E+00
0.00000E+00 0.00000E+00 3.37585E-02 1.43623E-01 1.71342E-01 3.82583E-01 4.87517E-01 3.64470E-02 0.00000E+00 0.00000E+00 1.81523E+00
0.00000E+00 0.00000E+00 4.75084E-02 1.53193E-01 1.80986E-01 3.99677E-01 5.13847E-01 5.01807E-02 0.00000E+00 0.00000E+00 2.05049E+00
0.00000E+00 8.38640E-03 5.84938E-02 1.60653E-01 1.88424E-01 4.12747E-01 5.34387E-01 6.11392E-02 8.38640E-03 0.00000E+00 2.19594E+00
0.00000E+00 1.88172E-02 6.75242E-02 1.66593E-01 1.94287E-01 4.23070E-01 5.51019E-01 7.01363E-02 1.88172E-02 0.00000E+00 2.29071E+00
0.00000E+00 2.75891E-02 7.50679E-02 1.71372E-01 1.98952E-01 4.31367E-01 5.64774E-01 7.76430E-02 2.75891E-02 0.00000E+00 2.35638E+00
0.00000E+00 3.50645E-02 8.14515E-02 1.75254E-01 2.02698E-01 4.38106E-01 5.76295E-01 8.39875E-02 3.50645E-02 0.00000E+00 2.40077E+00
0.00000E+00 4.15038E-02 8.69092E-02 1.78431E-01 2.05722E-01 4.43622E-01 5.86042E-01 8.94049E-02 4.15038E-02 0.00000E+00 2.42933E+00
0.00000E+00 4.70998E-02 9.16146E-02 1.81040E-01 2.08169E-01 4.48158E-01 5.94354E-01 9.40695E-02 4.70998E-02 0.00000E+00 2.44599E+00
2.44828E-03 5.20092E-02 9.57140E-02 1.83213E-01 2.10174E-01 4.51910E-01 6.01475E-01 9.81282E-02 5.20092E-02 2.44828E-03 2.44819E+00
8.23432E-03 5.63495E-02 9.93112E-02 1.85027E-01 2.11816E-01 4.55018E-01 6.07612E-01 1.01685E-01 5.63495E-02 8.23432E-03 2.43636E+00
1.34077E-02 6.01916E-02 1.02461E-01 1.86501E-01 2.13116E-01 4.57569E-01 6.12932E-01 1.04795E-01 6.01916E-02 1.34077E-02 2.42076E+00
1.80536E-02 6.36060E-02 1.05228E-01 1.87690E-01 2.14128E-01 4.59648E-01 6.17553E-01 1.07523E-01 6.36060E-02 1.80536E-02 2.40230E+00
2.22422E-02 6.66508E-02 1.07665E-01 1.88636E-01 2.14897E-01 4.61324E-01 6.21569E-01 1.09921E-01 6.66508E-02 2.22422E-02 2.38168E+00
2.60318E-02 6.93740E-02 1.09817E-01 1.89374E-01 2.15458E-01 4.62654E-01 6.25061E-01 1.12033E-01 6.93740E-02 2.60318E-02 2.35945E+00
2.94713E-02 7.18161E-02 1.11718E-01 1.89934E-01 2.15842E-01 4.63687E-01 6.28094E-01 1.13897E-01 7.18161E-02 2.94713E-02 2.33604E+00
3.26018E-02 7.40109E-02 1.13401E-01 1.90340E-01 2.16074E-01 4.64462E-01 6.30726E-01 1.15542E-01 7.40109E-02 3.26018E-02 2.31181E+00
3.54585E-02 7.59874E-02 1.14892E-01 1.90614E-01 2.16175E-01 4.65014E-01 6.33003E-01 1.16997E-01 7.59874E-02 3.54585E-02 2.28703E+00
3.80716E-02 7.77704E-02 1.16213E-01 1.90773E-01 2.16163E-01 4.65369E-01 6.34966E-01 1.18281E-01 7.77704E-02 3.80716E-02 2.26190E+00
4.04668E-02 7.93810E-02 1.17384E-01 1.90832E-01 2.16052E-01 4.65554E-01 6.36650E-01 1.19416E-01 7.93810E-02 4.04668E-02 2.23661E+00
4.26667E-02 8.08376E-02 1.18420E-01 1.90803E-01 2.15857E-01 4.65588E-01 6.38086E-01 1.20418E-01 8.08376E-02 4.26667E-02 2.21128E+00
4.46907E-02 8.21562E-02 1.19336E-01 1.90697E-01 2.15587E-01 4.65491E-01 6.39301E-01 1.21300E-01 8.21562E-02 4.46907E-02 2.18603E+00
4.65560E-02 8.33508E-02 1.20145E-01 1.90525E-01 2.15252E-01 4.65276E-01 6.40316E-01 1.22076E-01 8.33508E-02 4.65560E-02 2.16094E+00
4.82776E-02 8.44336E-02 1.20858E-01 1.90294E-01 2.14862E-01 4.64959E-01 6.41152E-01 1.22756E-01 8.44336E-02 4.82776E-02 2.13609E+00
4.98687E-02 8.54153E-02 1.21485E-01 1.90011E-01 2.14422E-01 4.64551E-01 6.41828E-01 1.23351E-01 8.54153E-02 4.98687E-02 2.11152E+00
5.13410E-02 8.63055E-02 1.22033E-01 1.89684E-01 2.13939E-01 4.64062E-01 6.42358E-01 1.23868E-01 8.63055E-02 5.13410E-02 2.08727E+00
5.27050E-02 8.71125E-02 1.22511E-01 1.89316E-01 2.13420E-01 4.63502E-01 6.42756E-01 1.24315E-01 8.71125E-02 5.27050E-02 2.06338E+00
5.39700E-02 8.78438E-02 1.22925E-01 1.88913E-01 2.12867E-01 4.62878E-01 6.43035E-01 1.24698E-01 8.78438E-02 5.39700E-02 2.03987E+00
5.51441E-02 8.85063E-02 1.23281E-01 1.88480E-01 2.12286E-01 4.62198E-01 6.43207E-01 1.25025E-01 8.85063E-02 5.51441E-02 2.01676E+00
5.62349E-02 8.91057E-02 1.23584E-01 1.88019E-01 2.11681E-01 4.61468E-01 6.43280E-01 1.25299E-01 8.91057E-02 5.62349E-02 1.99406E+00
5.72490E-02 8.96475E-02 1.23840E-01 1.87535E-01 2.11054E-01 4.60694E-01 6.43263E-01 1.25526E-01 8.96475E-02 5.72490E-02 1.97178E+00
5.81925E-02 9.01365E-02 1.24051E-01 1.87030E-01 2.10409E-01 4.59880E-01 6.43165E-01 1.25710E-01 9.01365E-02 5.81925E-02 1.94992E+00
5.90708E-02 9.05770E-02 1.24223E-01 1.86507E-01 2.09748E-01 4.59031E-01 6.42993E-01 1.25854E-01 9.05770E-02 5.90708E-02 1.92848E+00
5.98888E-02 9.09730E-02 1.24359E-01 1.85968E-01 2.09073E-01 4.58152E-01 6.42752E-01 1.25963E-01 9.09730E-02 5.98888E-02 1.90747E+00
6.06510E-02 9.13280E-02 1.24461E-01 1.85415E-01 2.08387E-01 4.57244E-01 6.42449E-01 1.26039E-01 9.13280E-02 6.06510E-02 1.88688E+00
6.13615E-02 9.16452E-02 1.24533E-01 1.84851E-01 2.07691E-01 4.56313E-01 6.42090E-01 1.26085E-01 9.16452E-02 6.13615E-02 1.86670E+00
6.20240E-02 9.19275E-02 1.24577E-01 1.84276E-01 2.06987E-01 4.55360E-01 6.41678E-01 1.26103E-01 9.19275E-02 6.20240E-02 1.84694E+00
6.26419E-02 9.21777E-02 1.24595E-01 1.83692E-01 2.06276E-01 4.54389E-01 6.41219E-01 1.26097E-01 9.21777E-02 6.26419E-02 1.82758E+00
6.32181E-02 9.23980E-02 1.24590E-01 1.83101E-01 2.05560E-01 4.53401E-01 6.40716E-01 1.26067E-01 9.23980E-02 6.32181E-02 1.80863E+00
6.37557E-02 9.25909E-02 1.24563E-01 1.82504E-01 2.04839E-01 4.52399E-01 6.40173E-01 1.26016E-01 9.25909E-02 6.37557E-02 1.79006E+00
6.42572E-02 9.27582E-02 1.24516E-01 1.81901E-01 2.04115E-01 4.51384E-01 6.39593E-01 1.25946E-01 9.27582E-02 6.42572E-02 1.77188E+00
6.47249E-02 9.29018E-02 1.24451E-01 1.81294E-01 2.03388E-01 4.50358E-01 6.38980E-01 1.25858E-01 9.29018E-02 6.47249E-02 1.75407E+00
6.51611E-02 9.30235E-02 1.24370E-01 1.80684E-01 2.02661E-01 4.49324E-01 6.38335E-01 1.25753E-01 9.30235E-02 6.51611E-02 1.73663E+00
6.55679E-02 9.31248E-02 1.24272E-01 1.80071E-01 2.01932E-01 4.48282E-01 6.37662E-01 1.25634E-01 9.31248E-02 6.55679E-02 1.71955E+00
6.59470E-02 9.32071E-02 1.24161E-01 1.79456E-01 2.01203E-01 4.47233E-01 6.36963E-01 1.25500E-01 9.32071E-02 6.59470E-02 1.70282E+00
6.63002E-02 9.32718E-02 1.24037E-01 1.78840E-01 2.00474E-01 4.46179E-01 6.36240E-01 1.25354E-01 9.32718E-02 6.63002E-02 1.68643E+00
6.66291E-02 9.33201E-02 1.23900E-01 1.78223E-01 1.99747E-01 4.45120E-01 6.35495E-01 1.25197E-01 9.33201E-02 6.66291E-02 1.67038E+00
6.69352E-02 9.33532E-02 1.23752E-01 1.77606E-01 1.99021E-01 4.44059E-01 6.34730E-01 1.25028E-01 9.33532E-02 6.69352E-02 1.65465E+00
6.72199E-02 9.33720E-02 1.23595E-01 1.76989E-01 1.98296E-01 4.42995E-01 6.33947E-01 1.24850E-01 9.33720E-02 6.72199E-02 1.63924E+00
6.74844E-02 9.33775E-02 1.23427E-01 1.76373E-01 1.97574E-01 4.41929E-01 6.33146E-01 1.24662E-01 9.33775E-02 6.74844E-02 1.62413E+00
6.77299E-02 9.33707E-02 1.23251E-01 1.75758E-01 1.96855E-01 4.40862E-01 6.32330E-01 1.24466E-01 9.33707E-02 6.77299E-02 1.60933E+00
0.00000E+00 0.00000E+00 3.22698E-02 1.35679E-01 1.66248E-01 4.09492E-01 5.37366E-01 3.54106E-02 0.00000E+00 0.00000E+00 1.71454E+00
0.00000E+00 0.00000E+00 4.31345E-02 1.41698E-01 1.71945E-01 4.21195E-01 5.58931E-01 4.61923E-02 0.00000E+00 0.00000E+00 1.86770E+00
0.00000E+00 6.68822E-03 5.16721E-02 1.46205E-01 1.76104E-01 4.29666E-01 5.75233E-01 5.46471E-02 6.68822E-03 0.00000E+00 1.95209E+00
0.00000E+00 1.49154E-02 5.85766E-02 1.49618E-01 1.79158E-01 4.35955E-01 5.88024E-01 6.14697E-02 1.49154E-02 0.00000E+00 1.99924E+00
0.00000E+00 2.17479E-02 6.42505E-02 1.52198E-01 1.81377E-01 4.40656E-01 5.98266E-01 6.70638E-02 2.17479E-02 0.00000E+00 2.02618E+00
0.00000E+00 2.75017E-02 6.89755E-02 1.54150E-01 1.82973E-01 4.44165E-01 6.06556E-01 7.17113E-02 2.75017E-02 0.00000E+00 2.03881E+00
0.00000E+00 3.24019E-02 7.29517E-02 1.55618E-01 1.84090E-01 4.46756E-01 6.13317E-01 7.56126E-02 3.24019E-02 0.00000E+00 2.04117E+00
0.00000E+00 3.66135E-02 7.63259E-02 1.56704E-01 1.84835E-01 4.48629E-01 6.18858E-01 7.89146E-02 3.66135E-02 0.00000E+00 2.03609E+00
1.87250E-03 4.02697E-02 7.92210E-02 1.57510E-01 1.85312E-01 4.49948E-01 6.23407E-01 8.17408E-02 4.02697E-02 1.87250E-03 2.02137E+00
6.27507E-03 4.34690E-02 8.17229E-02 1.58090E-01 1.85574E-01 4.50822E-01 6.27143E-01 8.41766E-02 4.34690E-02 6.27507E-03 1.99715E+00
1.01827E-02 4.62711E-02 8.38759E-02 1.58449E-01 1.85621E-01 4.51303E-01 6.30206E-01 8.62655E-02 4.62711E-02 1.01827E-02 1.97132E+00
1.36671E-02 4.87347E-02 8.57329E-02 1.58624E-01 1.85494E-01 4.51459E-01 6.32701E-01 8.80605E-02 4.87347E-02 1.36671E-02 1.94444E+00
1.67867E-02 5.09080E-02 8.73373E-02 1.58647E-01 1.85223E-01 4.51344E-01 6.34709E-01 8.96049E-02 5.09080E-02 1.67867E-02 1.91694E+00
1.95899E-02 5.28306E-02 8.87246E-02 1.58544E-01 1.84834E-01 4.51003E-01 6.36302E-01 9.09342E-02 5.28306E-02 1.95899E-02 1.88915E+00
2.21170E-02 5.45356E-02 8.99244E-02 1.58335E-01 1.84347E-01 4.50471E-01 6.37536E-01 9.20776E-02 5.45356E-02 2.21170E-02 1.86129E+00
2.44020E-02 5.60505E-02 9.09613E-02 1.58038E-01 1.83778E-01 4.49779E-01 6.38458E-01 9.30600E-02 5.60505E-02 2.44020E-02 1.83356E+00
2.64734E-02 5.73988E-02 9.18561E-02 1.57665E-01 1.83143E-01 4.48952E-01 6.39111E-01 9.39020E-02 5.73988E-02 2.64734E-02 1.80609E+00
2.83557E-02 5.86002E-02 9.26264E-02 1.57231E-01 1.82452E-01 4.48010E-01 6.39527E-01 9.46211E-02 5.86002E-02 2.83557E-02 1.77899E+00
3.00700E-02 5.96717E-02 9.32873E-02 1.56743E-01 1.81716E-01 4.46971E-01 6.39737E-01 9.52324E-02 5.96717E-02 3.00700E-02 1.75233E+00
3.16342E-02 6.06280E-02 9.38518E-02 1.56212E-01 1.80942E-01 4.45850E-01 6.39765E-01 9.57486E-02 6.06280E-02 3.16342E-02 1.72617E+00
3.30640E-02 6.14816E-02 9.43308E-02 1.55643E-01 1.80137E-01 4.44659E-01 6.39633E-01 9.61808E-02 6.14816E-02 3.30640E-02 1.70053E+00
3.43730E-02 6.22436E-02 9.47340E-02 1.55043E-01 1.79307E-01 4.43410E-01 6.39361E-01 9.65386E-02 6.22436E-02 3.43730E-02 1.67546E+00
3.55732E-02 6.29234E-02 9.50699E-02 1.54417E-01 1.78458E-01 4.42112E-01 6.38963E-01 9.68303E-02 6.29234E-02 3.55732E-02 1.65096E+00
3.66751E-02 6.35295E-02 9.53456E-02 1.53769E-01 1.77592E-01 4.40773E-01 6.38455E-01 9.70631E-02 6.35295E-02 3.66751E-02 1.62705E+00
3.76878E-02 6.40692E-02 9.55677E-02 1.53104E-01 1.76714E-01 4.39399E-01 6.37849E-01 9.72434E-02 6.40692E-02 3.76878E-02 1.60372E+00
3.86196E-02 6.45490E-02 9.57417E-02 1.52425E-01 1.75827E-01 4.37997E-01 6.37155E-01 9.73768E-02 6.45490E-02 3.86196E-02 1.58097E+00
3.94777E-02 6.49746E-02 9.58725E-02 1.51734E-01 1.74934E-01 4.36571E-01 6.36385E-01 9.74681E-02 6.49746E-02 3.94777E-02 1.55880E+00
4.02686E-02 6.53511E-02 9.59647E-02 1.51033E-01 1.74036E-01 4.35126E-01 6.35546E-01 9.75218E-02 6.53511E-02 4.02686E-02 1.53720E+00
4.09980E-02 6.56831E-02 9.60220E-02 1.50326E-01 1.73136E-01 4.33667E-01 6.34645E-01 9.75416E-02 6.56831E-02 4.09980E-02 1.51616E+00
4.16711E-02 6.59746E-02 9.60480E-02 1.49614E-01 1.72235E-01 4.32195E-01 6.33690E-01 9.75310E-02 6.59746E-02 4.16711E-02 1.49566E+00
4.22925E-02 6.62292E-02 9.60457E-02 1.48897E-01 1.71335E-01 4.30716E-01 6.32686E-01 9.74930E-02 6.62292E-02 4.22925E-02 1.47569E+00
4.28664E-02 6.64502E-02 9.60179E-02 1.48179E-01 1.70437E-01 4.29230E-01 6.31640E-01 9.74304E-02 6.64502E-02 4.28664E-02 1.45625E+00
4.33966E-02 6.66405E-02 9.59670E-02 1.47460E-01 1.69542E-01 4.27740E-01 6.30554E-01 9.73456E-02 6.66405E-02 4.33966E-02 1.43731E+00
4.38865E-02 6.68027E-02 9.58953E-02 1.46740E-01 1.68651E-01 4.26249E-01 6.29435E-01 9.72408E-02 6.68027E-02 4.38865E-02 1.41886E+00
4.43392E-02 6.69392E-02 9.58048E-02 1.46022E-01 1.67764E-01 4.24758E-01 6.28286E-01 9.71179E-02 6.69392E-02 4.43392E-02 1.40089E+00
4.47574E-02 6.70522E-02 9.56972E-02 1.45305E-01 1.66883E-01 4.23268E-01 6.27110E-01 9.69787E-02 6.70522E-02 4.47574E-02 1.38337E+00
4.51438E-02 6.71436E-02 9.55742E-02 1.44591E-01 1.66008E-01 4.21781E-01 6.25911E-01 9.68248E-02 6.71436E-02 4.51438E-02 1.36631E+00
4.55006E-02 6.72151E-02 9.54372E-02 1.43880E-01 1.65139E-01 4.20298E-01 6.24691E-01 9.66576E-02 6.72151E-02 4.55006E-02 1.34968E+00
4.58301E-02 6.72685E-02 9.52876E-02 1.43172E-01 1.64276E-01 4.18820E-01 6.23452E-01 9.64785E-02 6.72685E-02 4.58301E-02 1.33347E+00
4.61340E-02 6.73050E-02 9.51265E-02 1.42469E-01 1.63421E-01 4.17348E-01 6.22198E-01 9.62886E-02 6.73050E-02 4.61340E-02 1.31766E+00
4.64142E-02 6.73261E-02 9.49551E-02 1.41769E-01 1.62573E-01 4.15882E-01 6.20930E-01 9.60889E-02 6.73261E-02 4.64142E-02 1.30225E+00
4.66724E-02 6.73330E-02 9.47743E-02 1.41074E-01 1.61733E-01 4.14424E-01 6.19650E-01 9.58805E-02 6.73330E-02 4.66724E-02 1.28721E+00
4.69100E-02 6.73269E-02 9.45851E-02 1.40385E-01 1.60900E-01 4.12974E-01 6.18359E-01 9.56642E-02 6.73269E-02 4.69100E-02 1.27254E+00
4.71284E-02 6.73086E-02 9.43882E-02 1.39700E-01 1.60076E-01 4.11533E-01 6.17061E-01 9.54408E-02 6.73086E-02 4.71284E-02 1.25823E+00
4.73289E-02 6.72792E-02 9.41845E-02 1.39021E-01 1.59259E-01 4.10100E-01 6.15754E-01 9.52111E-02 6.72792E-02 4.73289E-02 1.24426E+00
4.75126E-02 6.72396E-02 9.39745E-02 1.38347E-01 1.58451E-01 4.08676E-01 6.14442E-01 9.49756E-02 6.72396E-02 4.75126E-02 1.23062E+00
4.76807E-02 6.71905E-02 9.37589E-02 1.37680E-01 1.57651E-01 4.07263E-01 6.13125E-01 9.47352E-02 6.71905E-02 4.76807E-02 1.21731E+00
4.78342E-02 6.71326E-02 9.35383E-02 1.37018E-01 1.56859E-01 4.05859E-01 6.11805E-01 9.44901E-02 6.71326E-02 4.78342E-02 1.20430E+00
4.79739E-02 6.70666E-02 9.33132E-02 1.36362E-01 1.56075E-01 4.04465E-01 6.10481E-01 9.42411E-02 6.70666E-02 4.79739E-02 1.19160E+00
4.81008E-02 6.69931E-02 9.30841E-02 1.35712E-01 1.55300E-01 4.03081E-01 6.09156E-01 9.39885E-02 6.69931E-02 4.81008E-02 1.17918E+00
0.00000E+00 0.00000E+00 3.06432E-02 1.24506E-01 1.57264E-01 4.34063E-01 5.91447E-01 3.41437E-02 0.00000E+00 0.00000E+00 1.54189E+00
0.00000E+00 0.00000E+00 3.88853E-02 1.27392E-01 1.59341E-01 4.39969E-01 6.07308E-01 4.22170E-02 0.00000E+00 0.00000E+00 1.63426E+00
0.00000E+00 5.17484E-03 4.52468E-02 1.29359E-01 1.60567E-01 4.43590E-01 6.18645E-01 4.84256E-02 5.17484E-03 0.00000E+00 1.67530E+00
0.00000E+00 1.14678E-02 5.02967E-02 1.30646E-01 1.61165E-01 4.45687E-01 6.27004E-01 5.33346E-02 1.14678E-02 0.00000E+00 1.68976E+00
0.00000E+00 1.66251E-02 5.43670E-02 1.31416E-01 1.61289E-01 4.46700E-01 6.33235E-01 5.72736E-02 1.66251E-02 0.00000E+00 1.69076E+00
0.00000E+00 2.09129E-02 5.76908E-02 1.31809E-01 1.61075E-01 4.46928E-01 6.37871E-01 6.04750E-02 2.09129E-02 0.00000E+00 1.68267E+00
0.00000E+00 2.45191E-02 6.04325E-02 1.31920E-01 1.60617E-01 4.46579E-01 6.41284E-01 6.31020E-02 2.45191E-02 0.00000E+00 1.66842E+00
0.00000E+00 2.75808E-02 6.27116E-02 1.31818E-01 1.59979E-01 4.45797E-01 6.43740E-01 6.52734E-02 2.75808E-02 0.00000E+00 1.64999E+00
1.38758E-03 3.02072E-02 6.46276E-02 1.31574E-01 1.59233E-01 4.44710E-01 6.45442E-01 6.70887E-02 3.02072E-02 1.38758E-03 1.62555E+00
4.63200E-03 3.24784E-02 6.62486E-02 1.31222E-01 1.58406E-01 4.43392E-01 6.46540E-01 6.86150E-02 3.24784E-02 4.63200E-03 1.59508E+00
7.48896E-03 3.44430E-02 6.76087E-02 1.30751E-01 1.57481E-01 4.41854E-01 6.47133E-01 6.98850E-02 3.44430E-02 7.48896E-03 1.56446E+00
1.00167E-02 3.61487E-02 6.87500E-02 1.30185E-01 1.56483E-01 4.40146E-01 6.47308E-01 7.09404E-02 3.61487E-02 1.00167E-02 1.53403E+00
1.22626E-02 3.76339E-02 6.97064E-02 1.29545E-01 1.55430E-01 4.38305E-01 6.47136E-01 7.18148E-02 3.76339E-02 1.22626E-02 1.50399E+00
1.42655E-02 3.89304E-02 7.05058E-02 1.28847E-01 1.54335E-01 4.36360E-01 6.46671E-01 7.25358E-02 3.89304E-02 1.42655E-02 1.47451E+00
1.60577E-02 4.00643E-02 7.11708E-02 1.28104E-01 1.53212E-01 4.34334E-01 6.45961E-01 7.31257E-02 4.00643E-02 1.60577E-02 1.44569E+00
1.76661E-02 4.10572E-02 7.17205E-02 1.27325E-01 1.52069E-01 4.32248E-01 6.45043E-01 7.36035E-02 4.10572E-02 1.76661E-02 1.41760E+00
1.91134E-02 4.19274E-02 7.21707E-02 1.26520E-01 1.50914E-01 4.30116E-01 6.43951E-01 7.39847E-02 4.19274E-02 1.91134E-02 1.39029E+00
2.04189E-02 4.26904E-02 7.25346E-02 1.25695E-01 1.49751E-01 4.27952E-01 6.42710E-01 7.42824E-02 4.26904E-02 2.04189E-02 1.36377E+00
2.15989E-02 4.33593E-02 7.28236E-02 1.24855E-01 1.48587E-01 4.25766E-01 6.41343E-01 7.45077E-02 4.33593E-02 2.15989E-02 1.33806E+00
2.26676E-02 4.39452E-02 7.30473E-02 1.24006E-01 1.47425E-01 4.23566E-01 6.39869E-01 7.46701E-02 4.39452E-02 2.26676E-02 1.31315E+00
2.36370E-02 4.44579E-02 7.32139E-02 1.23151E-01 1.46267E-01 4.21359E-01 6.38305E-01 7.47776E-02 4.44579E-02 2.36370E-02 1.28904E+00
2.45178E-02 4.49055E-02 7.33304E-02 1.22292E-01 1.45117E-01 4.19152E-01 6.36664E-01 7.48371E-02 4.49055E-02 2.45178E-02 1.26570E+00
2.53191E-02 4.52954E-02 7.34028E-02 1.21433E-01 1.43977E-01 4.16948E-01 6.34958E-01 7.48547E-02 4.52954E-02 2.53191E-02 1.24313E+00
2.60489E-02 4.56338E-02 7.34366E-02 1.20576E-01 1.42847E-01 4.14752E-01 6.33198E-01 7.48354E-02 4.56338E-02 2.60489E-02 1.22129E+00
2.67142E-02 4.59261E-02 7.34362E-02 1.19722E-01 1.41729E-01 4.12567E-01 6.31392E-01 7.47838E-02 4.59261E-02 2.67142E-02 1.20017E+00
2.73212E-02 4.61773E-02 7.34057E-02 1.18873E-01 1.40624E-01 4.10396E-01 6.29547E-01 7.47037E-02 4.61773E-02 2.73212E-02 1.17974E+00
2.78754E-02 4.63914E-02 7.33486E-02 1.18030E-01 1.39534E-01 4.08240E-01 6.27672E-01 7.45986E-02 4.63914E-02 2.78754E-02 1.15997E+00
2.83817E-02 4.65723E-02 7.32679E-02 1.17194E-01 1.38457E-01 4.06102E-01 6.25771E-01 7.44714E-02 4.65723E-02 2.83817E-02 1.14084E+00
2.88444E-02 4.67233E-02 7.31663E-02 1.16366E-01 1.37396E-01 4.03984E-01 6.23849E-01 7.43249E-02 4.67233E-02 2.88444E-02 1.12233E+00
2.92674E-02 4.68473E-02 7.30462E-02 1.15546E-01 1.36349E-01 4.01885E-01 6.21911E-01 7.41612E-02 4.68473E-02 2.92674E-02 1.10441E+00
2.96540E-02 4.69469E-02 7.29098E-02 1.14735E-01 1.35318E-01 3.99808E-01 6.19961E-01 7.39824E-02 4.69469E-02 2.96540E-02 1.08706E+00
3.00074E-02 4.70244E-02 7.27589E-02 1.13933E-01 1.34302E-01 3.97752E-01 6.18002E-01 7.37904E-02 4.70244E-02 3.00074E-02 1.07026E+00
3.03303E-02 4.70820E-02 7.25952E-02 1.13141E-01 1.33301E-01 3.95719E-01 6.16037E-01 7.35868E-02 4.70820E-02 3.03303E-02 1.05398E+00
3.06253E-02 4.71215E-02 7.24200E-02 1.12358E-01 1.32316E-01 3.93709E-01 6.14068E-01 7.33729E-02 4.71215E-02 3.06253E-02 1.03820E+00
3.08946E-02 4.71445E-02 7.22349E-02 1.11586E-01 1.31346E-01 3.91722E-01 6.12098E-01 7.31500E-02 4.71445E-02 3.08946E-02 1.02290E+00
3.11403E-02 4.71526E-02 7.20409E-02 1.10823E-01 1.30391E-01 3.89758E-01 6.10129E-01 7.29194E-02 4.71526E-02 3.11403E-02 1.00806E+00
3.13642E-02 4.71472E-02 7.18390E-02 1.10071E-01 1.29452E-01 3.87817E-01 6.08162E-01 7.26819E-02 4.71472E-02 3.13642E-02 9.93670E-01
3.15679E-02 4.71295E-02 7.16303E-02 1.09329E-01 1.28527E-01 3.85900E-01 6.06200E-01 7.24385E-02 4.71295E-02 3.15679E-02 9.79701E-01
3.17531E-02 4.71005E-02 7.14156E-02 1.08597E-01 1.27616E-01 3.84006E-01 6.04243E-01 7.21899E-02 4.71005E-02 3.17531E-02 9.66139E-01
3.19212E-02 4.70613E-02 7.11956E-02 1.07875E-01 1.26720E-01 3.82136E-01 6.02293E-01 7.19370E-02 4.70613E-02 3.19212E-02 9.52969E-01
3.20733E-02 4.70129E-02 7.09710E-02 1.07163E-01 1.25839E-01 3.80288E-01 6.00350E-01 7.16803E-02 4.70129E-02 3.20733E-02 9.40174E-01
3.22107E-02 4.69559E-02 7.07425E-02 1.06462E-01 1.24971E-01 3.78463E-01 5.98416E-01 7.14205E-02 4.69559E-02 3.22107E-02 9.27739E-01
3.23344E-02 4.68913E-02 7.05105E-02 1.05770E-01 1.24117E-01 3.76661E-01 5.96492E-01 7.11580E-02 4.68913E-02 3.23344E-02 9.15650E-01
3.24455E-02 4.68196E-02 7.02757E-02 1.05088E-01 1.23276E-01 3.74882E-01 5.94577E-01 7.08933E-02 4.68196E-02 3.24455E-02 9.03894E-01
3.25447E-02 4.67415E-02 7.00383E-02 1.04415E-01 1.22449E-01 3.73125E-01 5.92673E-01 7.06269E-02 4.67415E-02 3.25447E-02 8.92458E-01
3.26330E-02 4.66576E-02 6.97989E-02 1.03752E-01 1.21634E-01 3.71389E-01 5.90781E-01 7.03591E-02 4.66576E-02 3.26330E-02 8.81329E-01
3.27110E-02 4.65684E-02 6.95578E-02 1.03099E-01 1.20832E-01 3.69676E-01 5.88900E-01 7.00902E-02 4.65684E-02 3.27110E-02 8.70495E-01
3.27796E-02 4.64744E-02 6.93153E-02 1.02455E-01 1.20043E-01 3.67983E-01 5.87031E-01 6.98207E-02 4.64744E-02 3.27796E-02 8.59945E-01
3.28393E-02 4.63760E-02 6.90718E-02 1.01820E-01 1.19266E-01 3.66312E-01 5.85174E-01 6.95507E-02 4.63760E-02 3.28393E-02 8.49669E-01
3.28907E-02 4.62736E-02 6.88275E-02 1.01194E-01 1.18501E-01 3.64661E-01 5.83330E-01 6.92805E-02 4.62736E-02 3.28907E-02 8.39656E-01
0.00000E+00 0.00000E+00 2.87523E-02 1.09782E-01 1.43468E-01 4.54057E-01 6.48148E-01 3.24127E-02 0.00000E+00 0.00000E+00 1.33082E+00
0.00000E+00 0.00000E+00 3.47281E-02 1.10159E-01 1.42488E-01 4.53827E-01 6.57103E-01 3.81200E-02 0.00000E+00 0.00000E+00 1.38165E+00
0.00000E+00 3.87399E-03 3.92340E-02 1.10136E-01 1.41295E-01 4.52392E-01 6.62526E-01 4.23945E-02 3.87399E-03 0.00000E+00 1.39398E+00
0.00000E+00 8.52239E-03 4.27241E-02 1.09795E-01 1.39913E-01 4.50173E-01 6.65671E-01 4.56788E-02 8.52239E-03 0.00000E+00 1.38737E+00
0.00000E+00 1.22732E-02 4.54639E-02 1.09208E-01 1.38387E-01 4.47428E-01 6.67235E-01 4.82325E-02 1.22732E-02 0.00000E+00 1.37204E+00
0.00000E+00 1.53448E-02 4.76406E-02 1.08458E-01 1.36782E-01 4.44350E-01 6.67657E-01 5.02396E-02 1.53448E-02 0.00000E+00 1.35128E+00
0.00000E+00 1.78900E-02 4.93845E-02 1.07598E-01 1.35137E-01 4.41064E-01 6.67238E-01 5.18280E-02 1.78900E-02 0.00000E+00 1.32726E+00
0.00000E+00 2.00193E-02 5.07895E-02 1.06665E-01 1.33481E-01 4.37653E-01 6.66190E-01 5.30896E-02 2.00193E-02 0.00000E+00 1.30137E+00
9.89520E-04 2.18196E-02 5.19333E-02 1.05704E-01 1.31854E-01 4.34206E-01 6.64684E-01 5.41013E-02 2.18196E-02 9.89520E-04 1.27216E+00
3.28864E-03 2.33540E-02 5.28675E-02 1.04728E-01 1.30261E-01 4.30752E-01 6.62826E-01 5.49133E-02 2.33540E-02 3.28864E-03 1.23951E+00
5.29493E-03 2.46609E-02 5.36171E-02 1.03715E-01 1.28668E-01 4.27264E-01 6.60667E-01 5.55480E-02 2.46609E-02 5.29493E-03 1.20770E+00
7.05428E-03 2.57775E-02 5.42140E-02 1.02679E-01 1.27086E-01 4.23766E-01 6.58271E-01 5.60367E-02 2.57775E-02 7.05428E-03 1.17687E+00
8.60376E-03 2.67338E-02 5.46838E-02 1.01631E-01 1.25521E-01 4.20276E-01 6.55690E-01 5.64043E-02 2.67338E-02 8.60376E-03 1.14709E+00
9.97359E-03 2.75539E-02 5.50471E-02 1.00579E-01 1.23980E-01 4.16810E-01 6.52964E-01 5.66709E-02 2.75539E-02 9.97359E-03 1.11842E+00
1.11887E-02 2.82579E-02 5.53206E-02 9.95275E-02 1.22465E-01 4.13377E-01 6.50126E-01 5.68528E-02 2.82579E-02 1.11887E-02 1.09085E+00
1.22698E-02 2.88621E-02 5.55183E-02 9.84820E-02 1.20979E-01 4.09984E-01 6.47203E-01 5.69634E-02 2.88621E-02 1.22698E-02 1.06437E+00
1.32341E-02 2.93804E-02 5.56515E-02 9.74457E-02 1.19523E-01 4.06638E-01 6.44215E-01 5.70139E-02 2.93804E-02 1.32341E-02 1.03898E+00
1.40964E-02 2.98241E-02 5.57298E-02 9.64213E-02 1.18099E-01 4.03342E-01 6.41180E-01 5.70133E-02 2.98241E-02 1.40964E-02 1.01462E+00
1.48689E-02 3.02030E-02 5.57611E-02 9.54107E-02 1.16706E-01 4.00098E-01 6.38113E-01 5.69694E-02 3.02030E-02 1.48689E-02 9.91264E-01
1.55622E-02 3.05254E-02 5.57522E-02 9.44153E-02 1.15345E-01 3.96910E-01 6.35025E-01 5.68887E-02 3.05254E-02 1.55622E-02 9.68873E-01
1.61855E-02 3.07982E-02 5.57088E-02 9.34361E-02 1.14016E-01 3.93777E-01 6.31927E-01 5.67766E-02 3.07982E-02 1.61855E-02 9.47403E-01
1.67464E-02 3.10275E-02 5.56357E-02 9.24739E-02 1.12718E-01 3.90701E-01 6.28825E-01 5.66377E-02 3.10275E-02 1.67464E-02 9.26812E-01
1.72518E-02 3.12185E-02 5.55371E-02 9.15291E-02 1.11451E-01 3.87681E-01 6.25727E-01 5.64760E-02 3.12185E-02 1.72518E-02 9.07058E-01
1.77076E-02 3.13756E-02 5.54164E-02 9.06019E-02 1.10215E-01 3.84717E-01 6.22639E-01 5.62948E-02 3.13756E-02 1.77076E-02 8.88099E-01
1.81189E-02 3.15028E-02 5.52768E-02 8.96926E-02 1.09008E-01 3.81809E-01 6.19564E-01 5.60971E-02 3.15028E-02 1.81189E-02 8.69896E-01
1.84902E-02 3.16034E-02 5.51209E-02 8.88011E-02 1.07830E-01 3.78956E-01 6.16506E-01 5.58853E-02 3.16034E-02 1.84902E-02 8.52411E-01
1.88255E-02 3.16805E-02 5.49510E-02 8.79272E-02 1.06679E-01 3.76156E-01 6.13469E-01 5.56616E-02 3.16805E-02 1.88255E-02 8.35608E-01
1.91282E-02 3.17366E-02 5.47690E-02 8.70709E-02 1.05556E-01 3.73410E-01 6.10455E-01 5.54278E-02 3.17366E-02 1.91282E-02 8.19451E-01
1.94015E-02 3.17739E-02 5.45767E-02 8.62318E-02 1.04460E-01 3.70716E-01 6.07466E-01 5.51856E-02 3.17739E-02 1.94015E-02 8.03908E-01
1.96481E-02 3.17946E-02 5.43756E-02 8.54098E-02 1.03389E-01 3.68072E-01 6.04503E-01 5.49364E-02 3.17946E-02 1.96481E-02 7.88948E-01
1.98705E-02 3.18004E-02 5.41670E-02 8.46044E-02 1.02343E-01 3.65479E-01 6.01569E-01 5.46813E-02 3.18004E-02 1.98705E-02 7.74541E-01
2.00708E-02 3.17928E-02 5.39520E-02 8.38155E-02 1.01322E-01 3.62933E-01 5.98663E-01 5.44214E-02 3.17928E-02 2.00708E-02 7.60659E-01
2.02511E-02 3.17733E-02 5.37316E-02 8.30425E-02 1.00323E-01 3.60436E-01 5.95788E-01 5.41577E-02 3.17733E-02 2.02511E-02 7.47276E-01
2.04130E-02 3.17432E-02 5.35068E-02 8.22852E-02 9.93475E-02 3.57984E-01 5.92943E-01 5.38910E-02 3.17432E-02 2.04130E-02 7.34367E-01
2.05581E-02 3.17035E-02 5.32784E-02 8.15432E-02 9.83936E-02 3.55577E-01 5.90128E-01 5.36219E-02 3.17035E-02 2.05581E-02 7.21910E-01
2.06879E-02 3.16553E-02 5.30469E-02 8.08161E-02 9.74610E-02 3.53214E-01 5.87345E-01 5.33511E-02 3.16553E-02 2.06879E-02 7.09882E-01
2.08036E-02 3.15993E-02 5.28130E-02 8.01035E-02 9.65489E-02 3.50894E-01 5.84594E-01 5.30792E-02 3.15993E-02 2.08036E-02 6.98262E-01
2.09064E-02 3.15365E-02 5.25773E-02 7.94052E-02 9.56567E-02 3.48616E-01 5.81874E-01 5.28065E-02 3.15365E-02 2.09064E-02 6.87031E-01
2.09973E-02 3.14676E-02 5.23402E-02 7.87206E-02 9.47838E-02 3.46378E-01 5.79185E-01 5.25336E-02 3.14676E-02 2.09973E-02 6.76170E-01
2.10774E-02 3.13931E-02 5.21021E-02 7.80494E-02 9.39294E-02 3.44179E-01 5.76528E-01 5.22608E-02 3.13931E-02 2.10774E-02 6.65663E-01
2.11474E-02 3.13138E-02 5.18634E-02 7.73914E-02 9.30932E-02 3.42019E-01 5.73902E-01 5.19884E-02 3.13138E-02 2.11474E-02 6.55492E-01
2.12082E-02 3.12300E-02 5.16244E-02 7.67461E-02 9.22744E-02 3.39896E-01 5.71307E-01 5.17167E-02 3.12300E-02 2.12082E-02 6.45644E-01
2.12604E-02 3.11423E-02 5.13855E-02 7.61131E-02 9.14725E-02 3.37809E-01 5.68743E-01 5.14460E-02 3.11423E-02 2.12604E-02 6.36102E-01
2.13048E-02 3.10510E-02 5.11468E-02 7.54922E-02 9.06870E-02 3.35758E-01 5.66209E-01 5.11764E-02 3.10510E-02 2.13048E-02 6.26853E-01
2.13419E-02 3.09567E-02 5.09086E-02 7.48831E-02 8.99175E-02 3.33741E-01 5.63706E-01 5.09081E-02 3.09567E-02 2.13419E-02 6.17884E-01
2.13723E-02 3.08596E-02 5.06711E-02 7.42853E-02 8.91633E-02 3.31758E-01 5.61232E-01 5.06413E-02 3.08596E-02 2.13723E-02 6.09184E-01
2.13964E-02 3.07601E-02 5.04344E-02 7.36987E-02 8.84241E-02 3.29808E-01 5.58788E-01 5.03762E-02 3.07601E-02 2.13964E-02 6.00740E-01
2.14149E-02 3.06584E-02 5.01988E-02 7.31229E-02 8.76993E-02 3.27889E-01 5.56372E-01 5.01129E-02 3.06584E-02 2.14149E-02 5.92542E-01
2.14280E-02 3.05548E-02 4.99643E-02 7.25575E-02 8.69887E-02 3.26001E-01 5.53986E-01 4.98514E-02 3.05548E-02 2.14280E-02 5.84579E-01
2.14361E-02 3.04496E-02 4.97311E-02 7.20024E-02 8.62916E-02 3.24143E-01 5.51628E-01 4.95919E-02 3.04496E-02 2.14361E-02 5.76841E-01
0.00000E+00 0.00000E+00 2.65917E-02 9.17302E-02 1.24258E-01 4.66611E-01 7.04397E-01 3.00851E-02 0.00000E+00 0.00000E+00 1.12119E+00
0.00000E+00 0.00000E+00 3.06645E-02 9.03416E-02 1.20993E-01 4.59951E-01 7.04873E-01 3.37887E-02 0.00000E+00 0.00000E+00 1.14167E+00
0.00000E+00 2.77836E-03 3.36301E-02 8.89543E-02 1.18051E-01 4.53300E-01 7.03166E-01 3.64460E-02 2.77836E-03 0.00000E+00 1.13334E+00
0.00000E+00 6.05618E-03 3.58428E-02 8.75309E-02 1.15288E-01 4.46693E-01 7.00116E-01 3.83917E-02 6.05618E-03 0.00000E+00 1.11200E+00
0.00000E+00 8.64996E-03 3.75091E-02 8.60765E-02 1.12653E-01 4.40178E-01 6.96201E-01 3.98215E-02 8.64996E-03 0.00000E+00 1.08560E+00
0.00000E+00 1.07343E-02 3.87739E-02 8.46234E-02 1.10149E-01 4.33821E-01 6.91730E-01 4.08749E-02 1.07343E-02 0.00000E+00 1.05669E+00
0.00000E+00 1.24295E-02 3.97367E-02 8.31906E-02 1.07771E-01 4.27656E-01 6.86907E-01 4.16471E-02 1.24295E-02 0.00000E+00 1.02682E+00
0.00000E+00 1.38216E-02 4.04677E-02 8.17889E-02 1.05512E-01 4.21697E-01 6.81868E-01 4.22050E-02 1.38216E-02 0.00000E+00 9.96905E-01
6.70286E-04 1.49771E-02 4.10249E-02 8.04418E-02 1.03388E-01 4.15987E-01 6.76741E-01 4.26049E-02 1.49771E-02 6.70286E-04 9.65812E-01
2.21616E-03 1.59436E-02 4.14452E-02 7.91468E-02 1.01383E-01 4.10508E-01 6.71578E-01 4.28813E-02 1.59436E-02 2.21616E-03 9.33346E-01
3.55085E-03 1.67503E-02 4.17454E-02 7.78758E-02 9.94535E-02 4.05186E-01 6.66361E-01 4.30478E-02 1.67503E-02 3.55085E-03 9.02438E-01
4.70906E-03 1.74250E-02 4.19481E-02 7.66330E-02 9.75971E-02 4.00022E-01 6.61128E-01 4.31261E-02 1.74250E-02 4.70906E-03 8.73083E-01
5.71860E-03 1.79897E-02 4.20716E-02 7.54210E-02 9.58118E-02 3.95012E-01 6.55906E-01 4.31332E-02 1.79897E-02 5.71860E-03 8.45246E-01
6.60196E-03 1.84622E-02 4.21300E-02 7.42413E-02 9.40949E-02 3.90155E-01 6.50717E-01 4.30826E-02 1.84622E-02 6.60196E-03 8.18868E-01
7.37753E-03 1.88569E-02 4.21350E-02 7.30944E-02 9.24434E-02 3.85446E-01 6.45574E-01 4.29852E-02 1.88569E-02 7.37753E-03 7.93882E-01
8.06047E-03 1.91855E-02 4.20959E-02 7.19806E-02 9.08543E-02 3.80881E-01 6.40490E-01 4.28497E-02 1.91855E-02 8.06047E-03 7.70213E-01
8.66338E-03 1.94579E-02 4.20202E-02 7.08994E-02 8.93245E-02 3.76453E-01 6.35473E-01 4.26831E-02 1.94579E-02 8.66338E-03 7.47785E-01
9.19679E-03 1.96820E-02 4.19143E-02 6.98503E-02 8.78510E-02 3.72158E-01 6.30528E-01 4.24913E-02 1.96820E-02 9.19679E-03 7.26525E-01
9.66958E-03 1.98648E-02 4.17834E-02 6.88326E-02 8.64312E-02 3.67990E-01 6.25661E-01 4.22791E-02 1.98648E-02 9.66958E-03 7.06359E-01
1.00893E-02 2.00118E-02 4.16316E-02 6.78454E-02 8.50622E-02 3.63944E-01 6.20872E-01 4.20503E-02 2.00118E-02 1.00893E-02 6.87218E-01
1.04623E-02 2.01280E-02 4.14627E-02 6.68877E-02 8.37414E-02 3.60016E-01 6.16165E-01 4.18081E-02 2.01280E-02 1.04623E-02 6.69037E-01
1.07942E-02 2.02172E-02 4.12796E-02 6.59586E-02 8.24664E-02 3.56199E-01 6.11540E-01 4.15554E-02 2.02172E-02 1.07942E-02 6.51754E-01
1.10896E-02 2.02832E-02 4.10848E-02 6.50569E-02 8.12350E-02 3.52490E-01 6.06997E-01 4.12944E-02 2.02832E-02 1.10896E-02 6.35311E-01
1.13526E-02 2.03288E-02 4.08805E-02 6.41818E-02 8.00448E-02 3.48883E-01 6.02536E-01 4.10270E-02 2.03288E-02 1.13526E-02 6.19654E-01
1.15868E-02 2.03567E-02 4.06685E-02 6.33322E-02 7.88939E-02 3.45375E-01 5.98156E-01 4.07547E-02 2.03567E-02 1.15868E-02 6.04733E-01
1.17953E-02 2.03690E-02 4.04502E-02 6.25072E-02 7.77803E-02 3.41960E-01 5.93856E-01 4.04788E-02 2.03690E-02 1.17953E-02 5.90503E-01
1.19808E-02 2.03678E-02 4.02271E-02 6.17057E-02 7.67023E-02 3.38636E-01 5.89635E-01 4.02006E-02 2.03678E-02 1.19808E-02 5.76918E-01
1.21456E-02 2.03546E-02 4.00002E-02 6.09268E-02 7.56580E-02 3.35399E-01 5.85492E-01 3.99210E-02 2.03546E-02 1.21456E-02 5.63940E-01
1.22919E-02 2.03309E-02 3.97704E-02 6.01697E-02 7.46460E-02 3.32244E-01 5.81425E-01 3.96407E-02 2.03309E-02 1.22919E-02 5.51532E-01
1.24214E-02 2.02981E-02 3.95385E-02 5.94335E-02 7.36646E-02 3.29169E-01 5.77433E-01 3.93605E-02 2.02981E-02 1.24214E-02 5.39658E-01
1.25359E-02 2.02572E-02 3.93054E-02 5.87174E-02 7.27125E-02 3.26170E-01 5.73513E-01 3.90808E-02 2.02572E-02 1.25359E-02 5.28287E-01
1.26368E-02 2.02092E-02 3.90714E-02 5.80205E-02 7.17884E-02 3.23244E-01 5.69665E-01 3.88022E-02 2.02092E-02 1.26368E-02 5.17389E-01
1.27253E-02 2.01550E-02 3.88372E-02 5.73422E-02 7.08909E-02 3.20389E-01 5.65886E-01 3.85251E-02 2.01550E-02 1.27253E-02 5.06937E-01
1.28026E-02 2.00953E-02 3.86032E-02 5.66817E-02 7.00189E-02 3.17601E-01 5.62175E-01 3.82498E-02 2.00953E-02 1.28026E-02 4.96905E-01
1.28698E-02 2.00309E-02 3.83698E-02 5.60382E-02 6.91714E-02 3.14878E-01 5.58531E-01 3.79766E-02 2.00309E-02 1.28698E-02 4.87269E-01
1.29277E-02 1.99623E-02 3.81372E-02 5.54113E-02 6.83471E-02 3.12218E-01 5.54950E-01 3.77058E-02 1.99623E-02 1.29277E-02 4.78007E-01
1.29772E-02 1.98900E-02 3.79057E-02 5.48002E-02 6.75452E-02 3.09618E-01 5.51433E-01 3.74374E-02 1.98900E-02 1.29772E-02 4.69099E-01
1.30191E-02 1.98146E-02 3.76756E-02 5.42043E-02 6.67647E-02 3.07076E-01 5.47977E-01 3.71717E-02 1.98146E-02 1.30191E-02 4.60525E-01
1.30540E-02 1.97364E-02 3.74471E-02 5.36230E-02 6.60048E-02 3.04590E-01 5.44580E-01 3.69089E-02 1.97364E-02 1.30540E-02 4.52268E-01
1.30825E-02 1.96558E-02 3.72202E-02 5.30559E-02 6.52645E-02 3.02158E-01 5.41242E-01 3.66489E-02 1.96558E-02 1.30825E-02 4.44311E-01
1.31052E-02 1.95732E-02 3.69953E-02 5.25024E-02 6.45431E-02 2.99777E-01 5.37960E-01 3.63919E-02 1.95732E-02 1.31052E-02 4.36638E-01
1.31226E-02 1.94888E-02 3.67723E-02 5.19620E-02 6.38398E-02 2.97447E-01 5.34734E-01 3.61380E-02 1.94888E-02 1.31226E-02 4.29234E-01
1.31351E-02 1.94029E-02 3.65514E-02 5.14342E-02 6.31540E-02 2.95165E-01 5.31561E-01 3.58872E-02 1.94029E-02 1.31351E-02 4.22087E-01
1.31431E-02 1.93158E-02 3.63326E-02 5.09186E-02 6.24850E-02 2.92930E-01 5.28440E-01 3.56394E-02 1.93158E-02 1.31431E-02 4.15183E-01
1.31470E-02 1.92276E-02 3.61160E-02 5.04148E-02 6.18321E-02 2.90740E-01 5.25371E-01 3.53949E-02 1.92276E-02 1.31470E-02 4.08510E-01
1.31472E-02 1.91386E-02 3.59018E-02 4.99223E-02 6.11947E-02 2.88593E-01 5.22351E-01 3.51535E-02 1.91386E-02 1.31472E-02 4.02058E-01
1.31439E-02 1.90490E-02 3.56898E-02 4.94407E-02 6.05722E-02 2.86489E-01 5.19379E-01 3.49152E-02 1.90490E-02 1.31439E-02 3.95815E-01
1.31375E-02 1.89587E-02 3.54801E-02 4.89697E-02 5.99642E-02 2.84426E-01 5.16455E-01 3.46801E-02 1.89587E-02 1.31375E-02 3.89772E-01
1.31282E-02 1.88681E-02 3.52728E-02 4.85090E-02 5.93700E-02 2.82402E-01 5.13576E-01 3.44481E-02 1.88681E-02 1.31282E-02 3.83920E-01
1.31162E-02 1.87773E-02 3.50679E-02 4.80581E-02 5.87892E-02 2.80416E-01 5.10742E-01 3.42192E-02 1.87773E-02 1.31162E-02 3.78249E-01
0.00000E+00 0.00000E+00 2.42648E-02 7.13273E-02 9.98120E-02 4.67993E-01 7.54580E-01 2.71469E-02 0.00000E+00 0.00000E+00 9.38451E-01
0.00000E+00 0.00000E+00 2.67405E-02 6.89311E-02 9.52221E-02 4.54710E-01 7.44670E-01 2.91696E-02 0.00000E+00 0.00000E+00 9.30004E-01
0.00000E+00 1.86114E-03 2.84432E-02 6.68149E-02 9.13443E-02 4.42813E-01 7.34427E-01 3.05041E-02 1.86114E-03 0.00000E+00 9.02799E-01
0.00000E+00 4.01147E-03 2.96330E-02 6.48602E-02 8.79101E-02 4.31881E-01 7.24100E-01 3.13815E-02 4.01147E-03 0.00000E+00 8.68817E-01
0.00000E+00 5.67274E-03 3.04594E-02 6.30225E-02 8.47975E-02 4.21719E-01 7.13850E-01 3.19368E-02 5.67274E-03 0.00000E+00 8.33710E-01
0.00000E+00 6.97700E-03 3.10274E-02 6.12973E-02 8.19585E-02 4.12249E-01 7.03805E-01 3.22663E-02 6.97700E-03 0.00000E+00 7.99093E-01
0.00000E+00 8.01366E-03 3.14069E-02 5.96774E-02 7.93545E-02 4.03396E-01 6.94031E-01 3.24342E-02 8.01366E-03 0.00000E+00 7.65782E-01
0.00000E+00 8.84540E-03 3.16463E-02 5.81548E-02 7.69540E-02 3.95096E-01 6.84561E-01 3.24841E-02 8.84540E-03 0.00000E+00 7.34162E-01
4.21371E-04 9.51973E-03 3.17852E-02 5.67352E-02 7.47492E-02 3.87340E-01 6.75461E-01 3.24532E-02 9.51973E-03 4.21371E-04 7.03235E-01
1.38493E-03 1.00701E-02 3.18473E-02 5.54060E-02 7.27118E-02 3.80061E-01 6.66710E-01 3.23619E-02 1.00701E-02 1.38493E-03 6.72664E-01
2.20676E-03 1.05173E-02 3.18421E-02 5.41371E-02 7.07935E-02 3.73133E-01 6.58209E-01 3.22158E-02 1.05173E-02 2.20676E-03 6.44238E-01
2.91140E-03 1.08806E-02 3.17841E-02 5.29259E-02 6.89842E-02 3.66530E-01 6.49956E-01 3.20282E-02 1.08806E-02 2.91140E-03 6.17803E-01
3.51834E-03 1.11748E-02 3.16849E-02 5.17694E-02 6.72748E-02 3.60228E-01 6.41951E-01 3.18090E-02 1.11748E-02 3.51834E-03 5.93205E-01
4.04317E-03 1.14121E-02 3.15532E-02 5.06646E-02 6.56572E-02 3.54207E-01 6.34187E-01 3.15662E-02 1.14121E-02 4.04317E-03 5.70296E-01
4.49852E-03 1.16021E-02 3.13961E-02 4.96088E-02 6.41239E-02 3.48446E-01 6.26657E-01 3.13056E-02 1.16021E-02 4.49852E-03 5.48935E-01
4.89472E-03 1.17524E-02 3.12190E-02 4.85989E-02 6.26683E-02 3.42928E-01 6.19354E-01 3.10322E-02 1.17524E-02 4.89472E-03 5.28992E-01
5.24027E-03 1.18694E-02 3.10264E-02 4.76323E-02 6.12845E-02 3.37635E-01 6.12269E-01 3.07496E-02 1.18694E-02 5.24027E-03 5.10348E-01
5.54221E-03 1.19584E-02 3.08219E-02 4.67065E-02 5.99672E-02 3.32554E-01 6.05395E-01 3.04608E-02 1.19584E-02 5.54221E-03 4.92892E-01
5.80645E-03 1.20236E-02 3.06083E-02 4.58189E-02 5.87115E-02 3.27671E-01 5.98722E-01 3.01681E-02 1.20236E-02 5.80645E-03 4.76525E-01
6.03795E-03 1.20687E-02 3.03879E-02 4.49674E-02 5.75130E-02 3.22972E-01 5.92242E-01 2.98735E-02 1.20687E-02 6.03795E-03 4.61159E-01
6.24088E-03 1.20965E-02 3.01626E-02 4.41498E-02 5.63677E-02 3.18448E-01 5.85947E-01 2.95783E-02 1.20965E-02 6.24088E-03 4.46710E-01
6.41882E-03 1.21097E-02 2.99339E-02 4.33642E-02 5.52721E-02 3.14086E-01 5.79829E-01 2.92837E-02 1.21097E-02 6.41882E-03 4.33105E-01
6.57482E-03 1.21104E-02 2.97032E-02 4.26087E-02 5.42228E-02 3.09879E-01 5.73881E-01 2.89907E-02 1.21104E-02 6.57482E-03 4.20278E-01
6.71148E-03 1.21003E-02 2.94714E-02 4.18816E-02 5.32168E-02 3.05816E-01 5.68096E-01 2.87001E-02 1.21003E-02 6.71148E-03 4.08167E-01
6.83106E-03 1.20811E-02 2.92393E-02 4.11814E-02 5.22514E-02 3.01890E-01 5.62466E-01 2.84123E-02 1.20811E-02 6.83106E-03 3.96718E-01
6.93552E-03 1.20539E-02 2.90078E-02 4.05065E-02 5.13241E-02 2.98093E-01 5.56985E-01 2.81280E-02 1.20539E-02 6.93552E-03 3.85880E-01
7.02654E-03 1.20200E-02 2.87772E-02 3.98556E-02 5.04326E-02 2.94418E-01 5.51647E-01 2.78473E-02 1.20200E-02 7.02654E-03 3.75610E-01
7.10561E-03 1.19803E-02 2.85481E-02 3.92274E-02 4.95748E-02 2.90859E-01 5.46446E-01 2.75706E-02 1.19803E-02 7.10561E-03 3.65865E-01
7.17401E-03 1.19356E-02 2.83208E-02 3.86208E-02 4.87486E-02 2.87410E-01 5.41376E-01 2.72981E-02 1.19356E-02 7.17401E-03 3.56608E-01
7.23288E-03 1.18867E-02 2.80957E-02 3.80345E-02 4.79523E-02 2.84065E-01 5.36433E-01 2.70300E-02 1.18867E-02 7.23288E-03 3.47804E-01
7.28323E-03 1.18342E-02 2.78729E-02 3.74676E-02 4.71843E-02 2.80819E-01 5.31610E-01 2.67662E-02 1.18342E-02 7.28323E-03 3.39423E-01
7.32592E-03 1.17787E-02 2.76527E-02 3.69191E-02 4.64430E-02 2.77667E-01 5.26903E-01 2.65070E-02 1.17787E-02 7.32592E-03 3.31437E-01
7.36175E-03 1.17205E-02 2.74352E-02 3.63881E-02 4.57270E-02 2.74606E-01 5.22308E-01 2.62522E-02 1.17205E-02 7.36175E-03 3.23818E-01
7.39140E-03 1.16601E-02 2.72206E-02 3.58738E-02 4.50348E-02 2.71629E-01 5.17820E-01 2.60020E-02 1.16601E-02 7.39140E-03 3.16543E-01
7.41548E-03 1.15980E-02 2.70089E-02 3.53753E-02 4.43654E-02 2.68735E-01 5.13435E-01 2.57562E-02 1.15980E-02 7.41548E-03 3.09590E-01
7.43455E-03 1.15343E-02 2.68001E-02 3.48918E-02 4.37176E-02 2.65918E-01 5.09150E-01 2.55150E-02 1.15343E-02 7.43455E-03 3.02939E-01
7.44909E-03 1.14693E-02 2.65944E-02 3.44228E-02 4.30902E-02 2.63176E-01 5.04960E-01 2.52781E-02 1.14693E-02 7.44909E-03 2.96570E-01
7.45954E-03 1.14034E-02 2.63917E-02 3.39676E-02 4.24824E-02 2.60505E-01 5.00862E-01 2.50457E-02 1.14034E-02 7.45954E-03 2.90468E-01
7.46630E-03 1.13367E-02 2.61921E-02 3.35255E-02 4.18931E-02 2.57903E-01 4.96853E-01 2.48175E-02 1.13367E-02 7.46630E-03 2.84615E-01
7.46971E-03 1.12694E-02 2.59955E-02 3.30959E-02 4.13214E-02 2.55365E-01 4.92929E-01 2.45936E-02 1.12694E-02 7.46971E-03 2.78998E-01
7.47009E-03 1.12016E-02 2.58020E-02 3.26783E-02 4.07667E-02 2.52891E-01 4.89088E-01 2.43738E-02 1.12016E-02 7.47009E-03 2.73603E-01
7.46773E-03 1.11336E-02 2.56115E-02 3.22722E-02 4.02280E-02 2.50477E-01 4.85327E-01 2.41581E-02 1.11336E-02 7.46773E-03 2.68416E-01
7.46288E-03 1.10653E-02 2.54239E-02 3.18772E-02 3.97047E-02 2.48120E-01 4.81642E-01 2.39465E-02 1.10653E-02 7.46288E-03 2.63428E-01
7.45578E-03 1.09971E-02 2.52394E-02 3.14926E-02 3.91962E-02 2.45819E-01 4.78032E-01 2.37387E-02 1.09971E-02 7.45578E-03 2.58625E-01
7.44664E-03 1.09288E-02 2.50577E-02 3.11182E-02 3.87017E-02 2.43571E-01 4.74494E-01 2.35348E-02 1.09288E-02 7.44664E-03 2.54000E-01
7.43565E-03 1.08607E-02 2.48790E-02 3.07535E-02 3.82206E-02 2.41375E-01 4.71026E-01 2.33346E-02 1.08607E-02 7.43565E-03 2.49541E-01
7.42298E-03 1.07928E-02 2.47031E-02 3.03982E-02 3.77524E-02 2.39228E-01 4.67624E-01 2.31381E-02 1.07928E-02 7.42298E-03 2.45241E-01
7.40878E-03 1.07251E-02 2.45300E-02 3.00517E-02 3.72967E-02 2.37128E-01 4.64288E-01 2.29452E-02 1.07251E-02 7.40878E-03 2.41091E-01
7.39321E-03 1.06577E-02 2.43596E-02 2.97139E-02 3.68527E-02 2.35075E-01 4.61014E-01 2.27558E-02 1.06577E-02 7.39321E-03 2.37084E-01
7.37639E-03 1.05907E-02 2.41919E-02 2.93844E-02 3.64202E-02 2.33065E-01 4.57802E-01 2.25698E-02 1.05907E-02 7.37639E-03 2.33212E-01
0.00000E+00 0.00000E+00 2.19031E-02 5.03269E-02 7.17500E-02 4.53353E-01 7.89207E-01 2.36622E-02 0.00000E+00 0.00000E+00 7.73388E-01
0.00000E+00 0.00000E+00 2.30430E-02 4.76233E-02 6.69328E-02 4.33604E-01 7.67023E-01 2.43028E-02 0.00000E+00 0.00000E+00 7.34767E-01
0.00000E+00 1.10779E-03 2.37379E-02 4.53655E-02 6.30265E-02 4.16766E-01 7.46977E-01 2.46018E-02 1.10779E-03 0.00000E+00 6.90214E-01
0.00000E+00 2.35937E-03 2.41442E-02 4.33835E-02 5.96935E-02 4.01890E-01 7.28491E-01 2.46798E-02 2.35937E-03 0.00000E+00 6.46388E-01
0.00000E+00 3.30146E-03 2.43523E-02 4.16005E-02 5.67708E-02 3.88503E-01 7.11288E-01 2.46084E-02 3.30146E-03 0.00000E+00 6.05939E-01
0.00000E+00 4.02237E-03 2.44263E-02 3.99860E-02 5.41793E-02 3.76356E-01 6.95240E-01 2.44412E-02 4.02237E-03 0.00000E+00 5.69088E-01
0.00000E+00 4.58074E-03 2.44076E-02 3.85155E-02 5.18601E-02 3.65260E-01 6.80230E-01 2.42121E-02 4.58074E-03 0.00000E+00 5.35697E-01
0.00000E+00 5.01695E-03 2.43238E-02 3.71690E-02 4.97682E-02 3.55061E-01 6.66153E-01 2.39431E-02 5.01695E-03 0.00000E+00 5.05487E-01
2.36750E-04 5.36083E-03 2.41977E-02 3.59400E-02 4.78820E-02 3.45694E-01 6.52987E-01 2.36535E-02 5.36083E-03 2.36750E-04 4.77442E-01
7.73359E-04 5.63310E-03 2.40415E-02 3.48108E-02 4.61678E-02 3.37035E-01 6.40622E-01 2.33519E-02 5.63310E-03 7.73359E-04 4.51023E-01
1.22524E-03 5.84692E-03 2.38582E-02 3.37538E-02 4.45809E-02 3.28913E-01 6.28858E-01 2.30371E-02 5.84692E-03 1.22524E-03 4.27076E-01
1.60786E-03 6.01394E-03 2.36557E-02 3.27626E-02 4.31071E-02 3.21273E-01 6.17649E-01 2.27151E-02 6.01394E-03 1.60786E-03 4.05309E-01
1.93334E-03 6.14319E-03 2.34396E-02 3.18312E-02 4.17345E-02 3.14069E-01 6.06954E-01 2.23901E-02 6.14319E-03 1.93334E-03 3.85466E-01
2.21131E-03 6.24175E-03 2.32144E-02 3.09543E-02 4.04524E-02 3.07261E-01 5.96737E-01 2.20653E-02 6.24175E-03 2.21131E-03 3.67328E-01
2.44947E-03 6.31520E-03 2.29832E-02 3.01274E-02 3.92519E-02 3.00814E-01 5.86963E-01 2.17429E-02 6.31520E-03 2.44947E-03 3.50701E-01
2.65406E-03 6.36801E-03 2.27486E-02 2.93462E-02 3.81251E-02 2.94696E-01 5.77601E-01 2.14243E-02 6.36801E-03 2.65406E-03 3.35417E-01
2.83018E-03 6.40380E-03 2.25126E-02 2.86070E-02 3.70653E-02 2.88882E-01 5.68623E-01 2.11109E-02 6.40380E-03 2.83018E-03 3.21333E-01
2.98200E-03 6.42547E-03 2.22766E-02 2.79064E-02 3.60664E-02 2.83345E-01 5.60004E-01 2.08034E-02 6.42547E-03 2.98200E-03 3.08321E-01
3.11301E-03 6.43541E-03 2.20417E-02 2.72415E-02 3.51232E-02 2.78066E-01 5.51720E-01 2.05024E-02 6.43541E-03 3.11301E-03 2.96271E-01
3.22608E-03 6.43558E-03 2.18088E-02 2.66095E-02 3.42309E-02 2.73024E-01 5.43751E-01 2.02081E-02 6.43558E-03 3.22608E-03 2.85085E-01
3.32366E-03 6.42761E-03 2.15784E-02 2.60081E-02 3.33853E-02 2.68202E-01 5.36076E-01 1.99207E-02 6.42761E-03 3.32366E-03 2.74680E-01
3.40779E-03 6.41283E-03 2.13512E-02 2.54349E-02 3.25829E-02 2.63585E-01 5.28677E-01 1.96405E-02 6.41283E-03 3.40779E-03 2.64979E-01
3.48020E-03 6.39236E-03 2.11275E-02 2.48880E-02 3.18202E-02 2.59159E-01 5.21539E-01 1.93673E-02 6.39236E-03 3.48020E-03 2.55919E-01
3.54238E-03 6.36715E-03 2.09075E-02 2.43656E-02 3.10943E-02 2.54911E-01 5.14647E-01 1.91012E-02 6.36715E-03 3.54238E-03 2.47439E-01
3.59559E-03 6.33798E-03 2.06913E-02 2.38660E-02 3.04025E-02 2.50829E-01 5.07986E-01 1.88420E-02 6.33798E-03 3.59559E-03 2.39488E-01
3.64092E-03 6.30553E-03 2.04792E-02 2.33877E-02 2.97424E-02 2.46903E-01 5.01544E-01 1.85897E-02 6.30553E-03 3.64092E-03 2.32020E-01
3.67932E-03 6.27035E-03 2.02712E-02 2.29295E-02 2.91118E-02 2.43124E-01 4.95309E-01 1.83440E-02 6.27035E-03 3.67932E-03 2.24995E-01
3.71159E-03 6.23292E-03 2.00673E-02 2.24899E-02 2.85087E-02 2.39481E-01 4.89271E-01 1.81047E-02 6.23292E-03 3.71159E-03 2.18375E-01
3.73845E-03 6.19365E-03 1.98675E-02 2.20679E-02 2.79312E-02 2.35969E-01 4.83418E-01 1.78718E-02 6.19365E-03 3.73845E-03 2.12127E-01
3.76051E-03 6.15288E-03 1.96718E-02 2.16623E-02 2.73777E-02 2.32578E-01 4.77741E-01 1.76451E-02 6.15288E-03 3.76051E-03 2.06223E-01
3.77830E-03 6.11092E-03 1.94802E-02 2.12723E-02 2.68468E-02 2.29302E-01 4.72233E-01 1.74243E-02 6.11092E-03 3.77830E-03 2.00635E-01
3.79231E-03 6.06800E-03 1.92926E-02 2.08969E-02 2.63370E-02 2.26136E-01 4.66884E-01 1.72092E-02 6.06800E-03 3.79231E-03 1.95340E-01
3.80295E-03 6.02436E-03 1.91089E-02 2.05353E-02 2.58471E-02 2.23072E-01 4.61687E-01 1.69997E-02 6.02436E-03 3.80295E-03 1.90315E-01
3.81058E-03 5.98018E-03 1.89290E-02 2.01867E-02 2.53758E-02 2.20106E-01 4.56635E-01 1.67956E-02 5.98018E-03 3.81058E-03 1.85541E-01
3.81552E-03 5.93561E-03 1.87530E-02 1.98504E-02 2.49221E-02 2.17233E-01 4.51722E-01 1.65967E-02 5.93561E-03 3.81552E-03 1.81000E-01
3.81808E-03 5.89079E-03 1.85806E-02 1.95258E-02 2.44851E-02 2.14448E-01 4.46940E-01 1.64028E-02 5.89079E-03 3.81808E-03 1.76676E-01
3.81849E-03 5.84585E-03 1.84118E-02 1.92122E-02 2.40637E-02 2.11746E-01 4.42285E-01 1.62138E-02 5.84585E-03 3.81849E-03 1.72555E-01
3.81699E-03 5.80087E-03 1.82466E-02 1.89091E-02 2.36572E-02 2.09124E-01 4.37750E-01 1.60294E-02 5.80087E-03 3.81699E-03 1.68622E-01
3.81378E-03 5.75595E-03 1.80848E-02 1.86159E-02 2.32647E-02 2.06578E-01 4.33331E-01 1.58496E-02 5.75595E-03 3.81378E-03 1.64865E-01
3.80904E-03 5.71116E-03 1.79263E-02 1.83322E-02 2.28855E-02 2.04104E-01 4.29023E-01 1.56742E-02 5.71116E-03 3.80904E-03 1.61273E-01
3.80292E-03 5.66656E-03 1.77711E-02 1.80575E-02 2.25190E-02 2.01699E-01 4.24821E-01 1.55029E-02 5.66656E-03 3.80292E-03 1.57835E-01
3.79558E-03 5.62222E-03 1.76191E-02 1.77913E-02 2.21644E-02 1.99360E-01 4.20722E-01 1.53358E-02 5.62222E-03 3.79558E-03 1.54542E-01
3.78714E-03 5.57816E-03 1.74701E-02 1.75332E-02 2.18213E-02 1.97084E-01 4.16719E-01 1.51725E-02 5.57816E-03 3.78714E-03 1.51386E-01
3.77772E-03 5.53444E-03 1.73241E-02 1.72830E-02 2.14890E-02 1.94869E-01 4.12811E-01 1.50131E-02 5.53444E-03 3.77772E-03 1.48357E-01
3.76742E-03 5.49109E-03 1.71810E-02 1.70401E-02 2.11670E-02 1.92711E-01 4.08994E-01 1.48574E-02 5.49109E-03 3.76742E-03 1.45449E-01
3.75634E-03 5.44813E-03 1.70408E-02 1.68044E-02 2.08548E-02 1.90608E-01 4.05263E-01 1.47052E-02 5.44813E-03 3.75634E-03 1.42654E-01
3.74456E-03 5.40558E-03 1.69033E-02 1.65754E-02 2.05521E-02 1.88559E-01 4.01616E-01 1.45564E-02 5.40558E-03 3.74456E-03 1.39966E-01
3.73215E-03 5.36347E-03 1.67685E-02 1.63529E-02 2.02583E-02 1.86560E-01 3.98050E-01 1.44109E-02 5.36347E-03 3.73215E-03 1.37379E-01
3.71920E-03 5.32181E-03 1.66362E-02 1.61365E-02 1.99731E-02 1.84611E-01 3.94562E-01 1.42687E-02 5.32181E-03 3.71920E-03 1.34888E-01
3.70575E-03 5.28061E-03 1.65065E-02 1.59261E-02 1.96960E-02 1.82708E-01 3.91148E-01 1.41295E-02 5.28061E-03 3.70575E-03 1.32487E-01
0.00000E+00 0.00000E+00 1.95808E-02 3.09629E-02 4.35784E-02 4.16542E-01 7.93648E-01 1.97063E-02 0.00000E+00 0.00000E+00 5.87475E-01
0.00000E+00 0.00000E+00 1.96908E-02 2.85582E-02 3.96118E-02 3.91313E-01 7.58142E-01 1.93249E-02 0.00000E+00 0.00000E+00 5.28071E-01
0.00000E+00 5.37767E-04 1.96565E-02 2.66475E-02 3.65193E-02 3.70536E-01 7.27837E-01 1.89128E-02 5.37767E-04 0.00000E+00 4.75783E-01
0.00000E+00 1.13541E-03 1.95275E-02 2.50406E-02 3.39686E-02 3.52701E-01 7.01081E-01 1.84792E-02 1.13541E-03 0.00000E+00 4.30888E-01
0.00000E+00 1.57623E-03 1.93361E-02 2.36472E-02 3.17966E-02 3.37036E-01 6.77032E-01 1.80354E-02 1.57623E-03 0.00000E+00 3.92790E-01
0.00000E+00 1.90653E-03 1.91080E-02 2.24237E-02 2.99191E-02 3.23118E-01 6.55237E-01 1.75952E-02 1.90653E-03 0.00000E+00 3.60263E-01
0.00000E+00 2.15675E-03 1.88591E-02 2.13382E-02 2.82759E-02 3.10634E-01 6.35345E-01 1.71659E-02 2.15675E-03 0.00000E+00 3.32290E-01
0.00000E+00 2.34763E-03 1.85994E-02 2.03669E-02 2.68229E-02 2.99346E-01 6.17081E-01 1.67513E-02 2.34763E-03 0.00000E+00 3.08058E-01
1.12304E-04 2.49403E-03 1.83379E-02 1.94971E-02 2.55350E-02 2.89127E-01 6.00315E-01 1.63564E-02 2.49403E-03 1.12304E-04 2.86545E-01
3.64995E-04 2.60630E-03 1.80777E-02 1.87115E-02 2.43825E-02 2.79805E-01 5.84827E-01 1.59805E-02 2.60630E-03 3.64995E-04 2.67107E-01
5.75543E-04 2.69143E-03 1.78171E-02 1.79889E-02 2.33320E-02 2.71168E-01 5.70314E-01 1.56178E-02 2.69143E-03 5.75543E-04 2.49928E-01
7.51954E-04 2.75514E-03 1.75585E-02 1.73218E-02 2.23702E-02 2.63136E-01 5.56675E-01 1.52688E-02 2.75514E-03 7.51954E-04 2.34664E-01
9.00448E-04 2.80182E-03 1.73036E-02 1.67039E-02 2.14859E-02 2.55642E-01 5.43825E-01 1.49336E-02 2.80182E-03 9.00448E-04 2.21029E-01
1.02592E-03 2.83485E-03 1.70535E-02 1.61299E-02 2.06700E-02 2.48629E-01 5.31691E-01 1.46120E-02 2.83485E-03 1.02592E-03 2.08792E-01
1.13226E-03 2.85688E-03 1.68089E-02 1.55952E-02 1.99147E-02 2.42050E-01 5.20208E-01 1.43035E-02 2.85688E-03 1.13226E-03 1.97760E-01
1.22258E-03 2.87003E-03 1.65702E-02 1.50957E-02 1.92134E-02 2.35861E-01 5.09320E-01 1.40076E-02 2.87003E-03 1.22258E-03 1.87772E-01
1.29943E-03 2.87596E-03 1.63377E-02 1.46280E-02 1.85602E-02 2.30026E-01 4.98978E-01 1.37239E-02 2.87596E-03 1.29943E-03 1.78693E-01
1.36487E-03 2.87600E-03 1.61114E-02 1.41892E-02 1.79504E-02 2.24514E-01 4.89135E-01 1.34516E-02 2.87600E-03 1.36487E-03 1.70411E-01
1.42060E-03 2.87124E-03 1.58914E-02 1.37765E-02 1.73797E-02 2.19295E-01 4.79755E-01 1.31904E-02 2.87124E-03 1.42060E-03 1.62830E-01
1.46803E-03 2.86257E-03 1.56777E-02 1.33877E-02 1.68444E-02 2.14346E-01 4.70801E-01 1.29395E-02 2.86257E-03 1.46803E-03 1.55867E-01
1.50833E-03 2.85069E-03 1.54701E-02 1.30208E-02 1.63412E-02 2.09645E-01 4.62243E-01 1.26986E-02 2.85069E-03 1.50833E-03 1.49454E-01
1.54249E-03 2.83620E-03 1.52685E-02 1.26738E-02 1.58672E-02 2.05172E-01 4.54052E-01 1.24669E-02 2.83620E-03 1.54249E-03 1.43530E-01
1.57134E-03 2.81959E-03 1.50726E-02 1.23452E-02 1.54201E-02 2.00910E-01 4.46203E-01 1.22441E-02 2.81959E-03 1.57134E-03 1.38042E-01
1.59558E-03 2.80127E-03 1.48824E-02 1.20335E-02 1.49974E-02 1.96843E-01 4.38673E-01 1.20297E-02 2.80127E-03 1.59558E-03 1.32946E-01
1.61581E-03 2.78155E-03 1.46977E-02 1.17374E-02 1.45973E-02 1.92957E-01 4.31441E-01 1.18232E-02 2.78155E-03 1.61581E-03 1.28204E-01
1.63255E-03 2.76073E-03 1.45182E-02 1.14558E-02 1.42180E-02 1.89240E-01 4.24488E-01 1.16242E-02 2.76073E-03 1.63255E-03 1.23779E-01
1.64622E-03 2.73903E-03 1.43438E-02 1.11876E-02 1.38578E-02 1.85679E-01 4.17796E-01 1.14324E-02 2.73903E-03 1.64622E-03 1.19643E-01
1.65722E-03 2.71666E-03 1.41743E-02 1.09318E-02 1.35153E-02 1.82265E-01 4.11350E-01 1.12473E-02 2.71666E-03 1.65722E-03 1.15768E-01
1.66586E-03 2.69377E-03 1.40095E-02 1.06877E-02 1.31893E-02 1.78989E-01 4.05136E-01 1.10685E-02 2.69377E-03 1.66586E-03 1.12132E-01
1.67243E-03 2.67051E-03 1.38492E-02 1.04543E-02 1.28785E-02 1.75841E-01 3.99140E-01 1.08959E-02 2.67051E-03 1.67243E-03 1.08713E-01
1.67718E-03 2.64698E-03 1.36932E-02 1.02311E-02 1.25820E-02 1.72813E-01 3.93349E-01 1.07290E-02 2.64698E-03 1.67718E-03 1.05493E-01
1.68033E-03 2.62329E-03 1.35415E-02 1.00173E-02 1.22987E-02 1.69899E-01 3.87753E-01 1.05676E-02 2.62329E-03 1.68033E-03 1.02456E-01
1.68205E-03 2.59952E-03 1.33937E-02 9.81233E-03 1.20278E-02 1.67092E-01 3.82341E-01 1.04114E-02 2.59952E-03 1.68205E-03 9.95857E-02
1.68251E-03 2.57574E-03 1.32498E-02 9.61568E-03 1.17684E-02 1.64385E-01 3.77103E-01 1.02602E-02 2.57574E-03 1.68251E-03 9.68703E-02
1.68187E-03 2.55200E-03 1.31096E-02 9.42683E-03 1.15199E-02 1.61774E-01 3.72030E-01 1.01137E-02 2.55200E-03 1.68187E-03 9.42975E-02
1.68025E-03 2.52836E-03 1.29729E-02 9.24532E-03 1.12816E-02 1.59252E-01 3.67114E-01 9.97168E-03 2.52836E-03 1.68025E-03 9.18564E-02
1.67775E-03 2.50485E-03 1.28397E-02 9.07072E-03 1.10528E-02 1.56815E-01 3.62347E-01 9.83398E-03 2.50485E-03 1.67775E-03 8.95374E-02
1.67449E-03 2.48151E-03 1.27098E-02 8.90265E-03 1.08330E-02 1.54458E-01 3.57722E-01 9.70038E-03 2.48151E-03 1.67449E-03 8.73316E-02
1.67055E-03 2.45837E-03 1.25831E-02 8.74073E-03 1.06216E-02 1.52178E-01 3.53232E-01 9.57069E-03 2.45837E-03 1.67055E-03 8.52312E-02
1.66601E-03 2.43545E-03 1.24594E-02 8.58464E-03 1.04183E-02 1.49971E-01 3.48871E-01 9.44474E-03 2.43545E-03 1.66601E-03 8.32288E-02
1.66093E-03 2.41276E-03 1.23387E-02 8.43405E-03 1.02224E-02 1.47832E-01 3.44633E-01 9.32236E-03 2.41276E-03 1.66093E-03 8.13178E-02
1.65539E-03 2.39034E-03 1.22208E-02 8.28868E-03 1.00337E-02 1.45759E-01 3.40512E-01 9.20341E-03 2.39034E-03 1.65539E-03 7.94921E-02
1.64943E-03 2.36818E-03 1.21056E-02 8.14826E-03 9.85177E-03 1.43748E-01 3.36503E-01 9.08774E-03 2.36818E-03 1.64943E-03 7.77464E-02
1.64311E-03 2.34629E-03 1.19931E-02 8.01254E-03 9.67618E-03 1.41797E-01 3.32602E-01 8.97520E-03 2.34629E-03 1.64311E-03 7.60754E-02
1.63647E-03 2.32470E-03 1.18831E-02 7.88128E-03 9.50664E-03 1.39902E-01 3.28804E-01 8.86567E-03 2.32470E-03 1.63647E-03 7.44745E-02
1.62954E-03 2.30339E-03 1.17755E-02 7.75427E-03 9.34285E-03 1.38062E-01 3.25103E-01 8.75903E-03 2.30339E-03 1.62954E-03 7.29394E-02
1.62238E-03 2.28238E-03 1.16704E-02 7.63130E-03 9.18450E-03 1.36273E-01 3.21498E-01 8.65516E-03 2.28238E-03 1.62238E-03 7.14663E-02
1.61500E-03 2.26167E-03 1.15675E-02 7.51217E-03 9.03134E-03 1.34534E-01 3.17982E-01 8.55395E-03 2.26167E-03 1.61500E-03 7.00514E-02
1.60743E-03 2.24126E-03 1.14668E-02 7.39671E-03 8.88312E-03 1.32842E-01 3.14554E-01 8.45529E-03 2.24126E-03 1.60743E-03 6.86913E-02
1.59971E-03 2.22115E-03 1.13682E-02 7.28475E-03 8.73959E-03 1.31196E-01 3.11209E-01 8.35909E-03 2.22115E-03 1.59971E-03 6.73831E-02
0.00000E+00 0.00000E+00 1.73820E-02 1.56023E-02 2.04499E-02 3.51343E-01 7.48226E-01 1.54173E-02 0.00000E+00 0.00000E+00 3.62584E-01
0.00000E+00 0.00000E+00 1.68708E-02 1.39364E-02 1.80237E-02 3.23200E-01 7.00744E-01 1.44926E-02 0.00000E+00 0.00000E+00 3.07570E-01
0.00000E+00 1.86574E-04 1.64208E-02 1.26801E-02 1.62127E-02 3.00711E-01 6.61721E-01 1.37412E-02 1.86574E-04 0.00000E+00 2.65607E-01
0.00000E+00 3.95844E-04 1.60036E-02 1.16685E-02 1.47715E-02 2.81889E-01 6.28309E-01 1.30936E-02 3.95844E-04 0.00000E+00 2.32756E-01
0.00000E+00 5.51102E-04 1.56097E-02 1.08228E-02 1.35813E-02 2.65716E-01 5.99040E-01 1.25189E-02 5.51102E-04 0.00000E+00 2.06632E-01
0.00000E+00 6.67646E-04 1.52382E-02 1.01028E-02 1.25790E-02 2.51620E-01 5.73097E-01 1.20037E-02 6.67646E-04 0.00000E+00 1.85463E-01
0.00000E+00 7.55845E-04 1.48878E-02 9.48068E-03 1.17215E-02 2.39192E-01 5.49877E-01 1.15380E-02 7.55845E-04 0.00000E+00 1.68024E-01
0.00000E+00 8.22914E-04 1.45570E-02 8.93659E-03 1.09785E-02 2.28128E-01 5.28925E-01 1.11143E-02 8.22914E-04 0.00000E+00 1.53450E-01
4.19767E-05 8.73825E-04 1.42463E-02 8.45868E-03 1.03313E-02 2.18251E-01 5.09990E-01 1.07288E-02 8.73825E-04 4.19767E-05 1.40959E-01
1.36233E-04 9.12236E-04 1.39532E-02 8.03439E-03 9.76124E-03 2.09357E-01 4.92747E-01 1.03754E-02 9.12236E-04 1.36233E-04 1.30031E-01
2.14508E-04 9.41095E-04 1.36735E-02 7.65074E-03 9.24951E-03 2.01214E-01 4.76799E-01 1.00466E-02 9.41095E-04 2.14508E-04 1.20576E-01
2.79848E-04 9.62417E-04 1.34063E-02 7.30203E-03 8.78755E-03 1.93727E-01 4.61993E-01 9.73973E-03 9.62417E-04 2.79848E-04 1.12328E-01
3.34621E-04 9.77750E-04 1.31510E-02 6.98361E-03 8.36837E-03 1.86815E-01 4.48201E-01 9.45264E-03 9.77750E-04 3.34621E-04 1.05080E-01
3.80692E-04 9.88294E-04 1.29068E-02 6.69163E-03 7.98626E-03 1.80410E-01 4.35314E-01 9.18340E-03 9.88294E-04 3.80692E-04 9.86665E-02
4.19542E-04 9.94988E-04 1.26732E-02 6.42289E-03 7.63650E-03 1.74457E-01 4.23239E-01 8.93034E-03 9.94988E-04 4.19542E-04 9.29565E-02
4.52360E-04 9.98574E-04 1.24495E-02 6.17466E-03 7.31512E-03 1.68906E-01 4.11897E-01 8.69200E-03 9.98574E-04 4.52360E-04 8.78439E-02
4.80109E-04 9.99643E-04 1.22349E-02 5.94467E-03 7.01880E-03 1.63717E-01 4.01217E-01 8.46707E-03 9.99643E-04 4.80109E-04 8.32423E-02
5.03575E-04 9.98668E-04 1.20291E-02 5.73095E-03 6.74472E-03 1.58853E-01 3.91140E-01 8.25442E-03 9.98668E-04 5.03575E-04 7.90809E-02
5.23404E-04 9.96033E-04 1.18314E-02 5.53181E-03 6.49046E-03 1.54284E-01 3.81612E-01 8.05303E-03 9.96033E-04 5.23404E-04 7.53008E-02
5.40131E-04 9.92048E-04 1.16414E-02 5.34580E-03 6.25394E-03 1.49983E-01 3.72586E-01 7.86199E-03 9.92048E-04 5.40131E-04 7.18531E-02
5.54201E-04 9.86967E-04 1.14586E-02 5.17164E-03 6.03338E-03 1.45925E-01 3.64022E-01 7.68049E-03 9.86967E-04 5.54201E-04 6.86968E-02
5.65987E-04 9.80996E-04 1.12826E-02 5.00824E-03 5.82722E-03 1.42089E-01 3.55881E-01 7.50780E-03 9.80996E-04 5.65987E-04 6.57970E-02
5.75803E-04 9.74308E-04 1.11130E-02 4.85462E-03 5.63409E-03 1.38458E-01 3.48133E-01 7.34328E-03 9.74308E-04 5.75803E-04 6.31243E-02
5.83914E-04 9.67044E-04 1.09494E-02 4.70992E-03 5.45281E-03 1.35015E-01 3.40746E-01 7.18634E-03 9.67044E-04 5.83914E-04 6.06534E-02
5.90547E-04 9.59321E-04 1.07915E-02 4.57338E-03 5.28231E-03 1.31744E-01 3.33696E-01 7.03643E-03 9.59321E-04 5.90547E-04 5.83626E-02
5.95895E-04 9.51238E-04 1.06391E-02 4.44432E-03 5.12167E-03 1.28634E-01 3.26958E-01 6.89309E-03 9.51238E-04 5.95895E-04 5.62333E-02
6.00122E-04 9.42875E-04 1.04917E-02 4.32215E-03 4.97006E-03 1.25671E-01 3.20510E-01 6.75587E-03 9.42875E-04 6.00122E-04 5.42490E-02
6.03371E-04 9.34300E-04 1.03491E-02 4.20633E-03 4.82675E-03 1.22845E-01 3.14333E-01 6.62438E-03 9.34300E-04 6.03371E-04 5.23958E-02
6.05764E-04 9.25571E-04 1.02111E-02 4.09638E-03 4.69108E-03 1.20147E-01 3.08410E-01 6.49824E-03 9.25571E-04 6.05764E-04 5.06611E-02
6.07408E-04 9.16735E-04 1.00775E-02 3.99185E-03 4.56246E-03 1.17568E-01 3.02723E-01 6.37713E-03 9.16735E-04 6.07408E-04 4.90341E-02
6.08395E-04 9.07833E-04 9.94798E-03 3.89235E-03 4.44035E-03 1.15100E-01 2.97260E-01 6.26074E-03 9.07833E-04 6.08395E-04 4.75052E-02
6.08805E-04 8.98897E-04 9.82240E-03 3.79754E-03 4.32428E-03 1.12736E-01 2.92005E-01 6.14878E-03 8.98897E-04 6.08805E-04 4.60659E-02
6.08708E-04 8.89956E-04 9.70056E-03 3.70709E-03 4.21381E-03 1.10469E-01 2.86947E-01 6.04101E-03 8.89956E-04 6.08708E-04 4.47085E-02
6.08167E-04 8.81033E-04 9.58228E-03 3.62070E-03 4.10856E-03 1.08292E-01 2.82074E-01 5.93718E-03 8.81033E-04 6.08167E-04 4.34264E-02
6.07235E-04 8.72148E-04 9.46739E-03 3.53810E-03 4.00817E-03 1.06202E-01 2.77375E-01 5.83706E-03 8.72148E-04 6.07235E-04 4.22135E-02
6.05959E-04 8.63318E-04 9.35574E-03 3.45906E-03 3.91230E-03 1.04192E-01 2.72842E-01 5.74047E-03 8.63318E-04 6.05959E-04 4.10645E-02
6.04381E-04 8.54557E-04 9.24718E-03 3.38335E-03 3.82067E-03 1.02257E-01 2.68464E-01 5.64721E-03 8.54557E-04 6.04381E-04 3.99744E-02
6.02538E-04 8.45874E-04 9.14158E-03 3.31076E-03 3.73300E-03 1.00394E-01 2.64235E-01 5.55710E-03 8.45874E-04 6.02538E-04 3.89389E-02
6.00463E-04 8.37281E-04 9.03881E-03 3.24110E-03 3.64905E-03 9.85988E-02 2.60145E-01 5.46998E-03 8.37281E-04 6.00463E-04 3.79541E-02
5.98184E-04 8.28784E-04 8.93874E-03 3.17421E-03 3.56858E-03 9.68671E-02 2.56188E-01 5.38570E-03 8.28784E-04 5.98184E-04 3.70164E-02
5.95728E-04 8.20390E-04 8.84127E-03 3.10992E-03 3.49139E-03 9.51958E-02 2.52357E-01 5.30412E-03 8.20390E-04 5.95728E-04 3.61224E-02
5.93116E-04 8.12103E-04 8.74629E-03 3.04807E-03 3.41728E-03 9.35816E-02 2.48645E-01 5.22510E-03 8.12103E-04 5.93116E-04 3.52693E-02
5.90369E-04 8.03927E-04 8.65369E-03 2.98855E-03 3.34608E-03 9.20216E-02 2.45048E-01 5.14853E-03 8.03927E-04 5.90369E-04 3.44543E-02
5.87506E-04 7.95866E-04 8.56338E-03 2.93121E-03 3.27761E-03 9.05131E-02 2.41560E-01 5.07428E-03 7.95866E-04 5.87506E-04 3.36749E-02
5.84541E-04 7.87921E-04 8.47526E-03 2.87595E-03 3.21173E-03 8.90536E-02 2.38175E-01 5.00226E-03 7.87921E-04 5.84541E-04 3.29290E-02
5.81490E-04 7.80094E-04 8.38927E-03 2.82264E-03 3.14830E-03 8.76405E-02 2.34889E-01 4.93235E-03 7.80094E-04 5.81490E-04 3.22144E-02
5.78366E-04 7.72386E-04 8.30530E-03 2.77120E-03 3.08718E-03 8.62717E-02 2.31698E-01 4.86447E-03 7.72386E-04 5.78366E-04 3.15292E-02
5.75179E-04 7.64797E-04 8.22329E-03 2.72152E-03 3.02825E-03 8.49451E-02 2.28597E-01 4.79852E-03 7.64797E-04 5.75179E-04 3.08716E-02
5.71939E-04 7.57328E-04 8.14316E-03 2.67352E-03 2.97140E-03 8.36587E-02 2.25582E-01 4.73442E-03 7.57328E-04 5.71939E-04 3.02401E-02
5.68657E-04 7.49977E-04 8.06484E-03 2.62711E-03 2.91652E-03 8.24107E-02 2.22649E-01 4.67210E-03 7.49977E-04 5.68657E-04 2.96331E-02
0.00000E+00 0.00000E+00 1.55227E-02 5.73192E-03 6.34618E-03 2.55348E-01 6.33142E-01 1.10423E-02 0.00000E+00 0.00000E+00 1.48935E-01
0.00000E+00 0.00000E+00 1.47618E-02 4.92435E-03 5.38721E-03 2.28996E-01 5.79228E-01 1.00517E-02 0.00000E+00 0.00000E+00 1.21175E-01
0.00000E+00 3.66926E-05 1.41391E-02 4.34691E-03 4.70695E-03 2.08561E-01 5.36328E-01 9.29050E-03 3.66926E-05 0.00000E+00 1.01926E-01
0.00000E+00 8.23063E-05 1.35998E-02 3.90218E-03 4.18761E-03 1.91892E-01 5.00577E-01 8.66789E-03 8.23063E-05 0.00000E+00 8.78000E-02
0.00000E+00 1.19223E-04 1.31192E-02 3.54424E-03 3.77330E-03 1.77886E-01 4.69981E-01 8.14046E-03 1.19223E-04 0.00000E+00 7.70584E-02
0.00000E+00 1.48777E-04 1.26854E-02 3.24905E-03 3.43449E-03 1.65921E-01 4.43416E-01 7.68545E-03 1.48777E-04 0.00000E+00 6.86430E-02
0.00000E+00 1.72335E-04 1.22902E-02 3.00089E-03 3.15192E-03 1.55562E-01 4.20078E-01 7.28733E-03 1.72335E-04 0.00000E+00 6.18845E-02
0.00000E+00 1.91075E-04 1.19275E-02 2.78901E-03 2.91244E-03 1.46490E-01 3.99370E-01 6.93500E-03 1.91075E-04 0.00000E+00 5.63426E-02
1.14359E-05 2.05712E-04 1.15942E-02 2.60660E-03 2.70771E-03 1.38514E-01 3.80940E-01 6.62178E-03 2.05712E-04 1.14359E-05 5.16705E-02
3.73333E-05 2.17005E-04 1.12860E-02 2.44750E-03 2.53032E-03 1.31431E-01 3.64394E-01 6.34059E-03 2.17005E-04 3.73333E-05 4.76390E-02
5.90671E-05 2.25933E-04 1.09969E-02 2.30616E-03 2.37369E-03 1.25030E-01 3.49289E-01 6.08400E-03 2.25933E-04 5.90671E-05 4.41746E-02
7.73627E-05 2.32920E-04 1.07250E-02 2.17975E-03 2.23438E-03 1.19217E-01 3.35436E-01 5.84873E-03 2.32920E-04 7.73627E-05 4.11660E-02
9.28022E-05 2.38308E-04 1.04686E-02 2.06598E-03 2.10968E-03 1.13911E-01 3.22680E-01 5.63205E-03 2.38308E-04 9.28022E-05 3.85290E-02
1.05855E-04 2.42377E-04 1.02262E-02 1.96305E-03 1.99741E-03 1.09048E-01 3.10890E-01 5.43173E-03 2.42377E-04 1.05855E-04 3.61984E-02
1.16904E-04 2.45353E-04 9.99669E-03 1.86946E-03 1.89583E-03 1.04575E-01 2.99956E-01 5.24588E-03 2.45353E-04 1.16904E-04 3.41237E-02
1.26260E-04 2.47422E-04 9.77887E-03 1.78400E-03 1.80349E-03 1.00445E-01 2.89785E-01 5.07290E-03 2.47422E-04 1.26260E-04 3.22645E-02
1.34181E-04 2.48735E-04 9.57179E-03 1.70565E-03 1.71918E-03 9.66201E-02 2.80297E-01 4.91144E-03 2.48735E-04 1.34181E-04 3.05888E-02
1.40881E-04 2.49420E-04 9.37460E-03 1.63355E-03 1.64192E-03 9.30670E-02 2.71423E-01 4.76034E-03 2.49420E-04 1.40881E-04 2.90704E-02
1.46535E-04 2.49579E-04 9.18655E-03 1.56699E-03 1.57087E-03 8.97577E-02 2.63103E-01 4.61857E-03 2.49579E-04 1.46535E-04 2.76881E-02
1.51294E-04 2.49301E-04 9.00694E-03 1.50535E-03 1.50531E-03 8.66676E-02 2.55286E-01 4.48528E-03 2.49301E-04 1.51294E-04 2.64241E-02
1.55281E-04 2.48657E-04 8.83518E-03 1.44811E-03 1.44464E-03 8.37755E-02 2.47925E-01 4.35968E-03 2.48657E-04 1.55281E-04 2.52640E-02
1.58603E-04 2.47708E-04 8.67072E-03 1.39481E-03 1.38834E-03 8.10628E-02 2.40981E-01 4.24111E-03 2.47708E-04 1.58603E-04 2.41953E-02
1.61349E-04 2.46505E-04 8.51305E-03 1.34506E-03 1.33596E-03 7.85132E-02 2.34419E-01 4.12897E-03 2.46505E-04 1.61349E-04 2.32076E-02
1.63595E-04 2.45091E-04 8.36175E-03 1.29853E-03 1.28711E-03 7.61124E-02 2.28206E-01 4.02273E-03 2.45091E-04 1.63595E-04 2.22920E-02
1.65408E-04 2.43502E-04 8.21638E-03 1.25491E-03 1.24146E-03 7.38477E-02 2.22315E-01 3.92192E-03 2.43502E-04 1.65408E-04 2.14410E-02
1.66843E-04 2.41770E-04 8.07660E-03 1.21393E-03 1.19869E-03 7.17078E-02 2.16721E-01 3.82613E-03 2.41770E-04 1.66843E-04 2.06481E-02
1.67949E-04 2.39920E-04 7.94204E-03 1.17538E-03 1.15856E-03 6.96826E-02 2.11402E-01 3.73498E-03 2.39920E-04 1.67949E-04 1.99074E-02
1.68768E-04 2.37976E-04 7.81242E-03 1.13903E-03 1.12082E-03 6.77631E-02 2.06337E-01 3.64812E-03 2.37976E-04 1.68768E-04 1.92141E-02
1.69336E-04 2.35955E-04 7.68743E-03 1.10472E-03 1.08528E-03 6.59413E-02 2.01508E-01 3.56526E-03 2.35955E-04 1.69336E-04 1.85638E-02
1.69684E-04 2.33875E-04 7.56682E-03 1.07227E-03 1.05176E-03 6.42099E-02 1.96899E-01 3.48611E-03 2.33875E-04 1.69684E-04 1.79527E-02
1.69840E-04 2.31749E-04 7.45034E-03 1.04154E-03 1.02008E-03 6.25624E-02 1.92495E-01 3.41043E-03 2.31749E-04 1.69840E-04 1.73774E-02
1.69829E-04 2.29589E-04 7.33778E-03 1.01241E-03 9.90111E-04 6.09927E-02 1.88281E-01 3.33799E-03 2.29589E-04 1.69829E-04 1.68350E-02
1.69670E-04 2.27405E-04 7.22892E-03 9.84739E-04 9.61714E-04 5.94955E-02 1.84246E-01 3.26858E-03 2.27405E-04 1.69670E-04 1.63228E-02
1.69383E-04 2.25207E-04 7.12357E-03 9.58436E-04 9.34773E-04 5.80660E-02 1.80379E-01 3.20200E-03 2.25207E-04 1.69383E-04 1.58383E-02
1.68984E-04 2.23000E-04 7.02155E-03 9.33402E-04 9.09181E-04 5.66996E-02 1.76668E-01 3.13809E-03 2.23000E-04 1.68984E-04 1.53795E-02
1.68487E-04 2.20793E-04 6.92270E-03 9.09547E-04 8.84843E-04 5.53923E-02 1.73105E-01 3.07669E-03 2.20793E-04 1.68487E-04 1.49444E-02
1.67905E-04 2.18590E-04 6.82687E-03 8.86793E-04 8.61671E-04 5.41403E-02 1.69681E-01 3.01764E-03 2.18590E-04 1.67905E-04 1.45313E-02
1.67249E-04 2.16395E-04 6.73390E-03 8.65067E-04 8.39585E-04 5.29403E-02 1.66387E-01 2.96082E-03 2.16395E-04 1.67249E-04 1.41387E-02
1.66528E-04 2.14214E-04 6.64367E-03 8.44302E-04 8.18514E-04 5.17890E-02 1.63216E-01 2.90609E-03 2.14214E-04 1.66528E-04 1.37650E-02
1.65751E-04 2.12048E-04 6.55604E-03 8.24438E-04 7.98390E-04 5.06836E-02 1.60162E-01 2.85334E-03 2.12048E-04 1.65751E-04 1.34091E-02
1.64927E-04 2.09902E-04 6.47091E-03 8.05418E-04 7.79153E-04 4.96215E-02 1.57217E-01 2.80246E-03 2.09902E-04 1.64927E-04 1.30697E-02
1.64061E-04 2.07777E-04 6.38815E-03 7.87192E-04 7.60748E-04 4.86000E-02 1.54377E-01 2.75336E-03 2.07777E-04 1.64061E-04 1.27457E-02
1.63160E-04 2.05675E-04 6.30767E-03 7.69712E-04 7.43123E-04 4.76171E-02 1.51635E-01 2.70595E-03 2.05675E-04 1.63160E-04 1.24363E-02
1.62229E-04 2.03598E-04 6.22937E-03 7.52934E-04 7.26232E-04 4.66704E-02 1.48986E-01 2.66012E-03 2.03598E-04 1.62229E-04 1.21403E-02
1.61274E-04 2.01547E-04 6.15315E-03 7.36818E-04 7.10031E-04 4.57582E-02 1.46427E-01 2.61581E-03 2.01547E-04 1.61274E-04 1.18571E-02
1.60297E-04 1.99524E-04 6.07893E-03 7.21327E-04 6.94481E-04 4.48786E-02 1.43951E-01 2.57295E-03 1.99524E-04 1.60297E-04 1.15859E-02
1.59304E-04 1.97529E-04 6.00662E-03 7.06427E-04 6.79544E-04 4.40298E-02 1.41556E-01 2.53145E-03 1.97529E-04 1.59304E-04 1.13259E-02
1.58297E-04 1.95563E-04 5.93616E-03 6.92085E-04 6.65186E-04 4.32103E-02 1.39236E-01 2.49126E-03 1.95563E-04 1.58297E-04 1.10765E-02
1.57280E-04 1.93627E-04 5.86746E-03 6.78271E-04 6.51374E-04 4.24186E-02 1.36990E-01 2.45231E-03 1.93627E-04 1.57280E-04 1.08371E-02
1.56254E-04 1.91720E-04 5.80045E-03 6.64959E-04 6.38081E-04 4.16533E-02 1.34812E-01 2.41455E-03 1.91720E-04 1.56254E-04 1.06071E-02
0.00000E+00 0.00000E+00 1.42222E-02 1.21885E-03 9.77242E-04 1.40749E-01 4.43078E-01 6.95852E-03 0.00000E+00 0.00000E+00 2.73749E-02
0.00000E+00 0.00000E+00 1.33135E-02 1.00084E-03 7.91016E-04 1.22246E-01 3.93693E-01 6.18676E-03 0.00000E+00 0.00000E+00 2.36181E-02
0.00000E+00 2.55690E-06 1.25656E-02 8.52887E-04 6.67324E-04 1.08377E-01 3.55694E-01 5.60182E-03 2.55690E-06 0.00000E+00 2.10231E-02
0.00000E+00 7.88935E-06 1.19226E-02 7.44028E-04 5.77914E-04 9.73895E-02 3.24917E-01 5.13186E-03 7.88935E-06 0.00000E+00 1.90455E-02
0.00000E+00 1.35592E-05 1.13566E-02 6.59830E-04 5.09760E-04 8.83907E-02 2.99227E-01 4.74119E-03 1.35592E-05 0.00000E+00 1.74482E-02
0.00000E+00 1.88463E-05 1.08527E-02 5.92726E-04 4.56111E-04 8.08790E-02 2.77415E-01 4.41013E-03 1.88463E-05 0.00000E+00 1.61118E-02
0.00000E+00 2.35135E-05 1.03997E-02 5.37964E-04 4.12787E-04 7.45099E-02 2.58637E-01 4.12527E-03 2.35135E-05 0.00000E+00 1.49659E-02
0.00000E+00 2.75205E-05 9.98941E-03 4.92403E-04 3.77065E-04 6.90390E-02 2.42281E-01 3.87706E-03 2.75205E-05 0.00000E+00 1.39664E-02
2.14263E-06 3.07886E-05 9.61728E-03 4.54002E-04 3.47164E-04 6.43132E-02 2.27972E-01 3.65959E-03 3.07886E-05 2.14263E-06 1.30746E-02
7.08948E-06 3.33996E-05 9.27732E-03 4.21121E-04 3.21703E-04 6.01855E-02 2.15327E-01 3.46704E-03 3.33996E-05 7.08948E-06 1.22660E-02
1.13340E-05 3.56068E-05 8.96217E-03 3.92465E-04 2.99644E-04 5.65122E-02 2.03951E-01 3.29356E-03 3.56068E-05 1.13340E-05 1.15387E-02
1.49642E-05 3.74466E-05 8.66900E-03 3.67267E-04 2.80343E-04 5.32233E-02 1.93662E-01 3.13639E-03 3.74466E-05 1.49642E-05 1.08805E-02
1.80609E-05 3.89591E-05 8.39545E-03 3.44933E-04 2.63307E-04 5.02625E-02 1.84310E-01 2.99327E-03 3.89591E-05 1.80609E-05 1.02817E-02
2.06961E-05 4.01840E-05 8.13947E-03 3.24999E-04 2.48155E-04 4.75838E-02 1.75773E-01 2.86235E-03 4.01840E-05 2.06961E-05 9.73464E-03
2.29327E-05 4.11583E-05 7.89933E-03 3.07097E-04 2.34588E-04 4.51496E-02 1.67948E-01 2.74209E-03 4.11583E-05 2.29327E-05 9.23297E-03
2.48255E-05 4.19155E-05 7.67352E-03 2.90930E-04 2.22366E-04 4.29284E-02 1.60750E-01 2.63123E-03 4.19155E-05 2.48255E-05 8.77143E-03
2.64216E-05 4.24855E-05 7.46072E-03 2.76256E-04 2.11295E-04 4.08941E-02 1.54107E-01 2.52869E-03 4.24855E-05 2.64216E-05 8.34560E-03
2.77617E-05 4.28944E-05 7.25979E-03 2.62879E-04 2.01219E-04 3.90246E-02 1.47957E-01 2.43355E-03 4.28944E-05 2.77617E-05 7.95170E-03
2.88806E-05 4.31653E-05 7.06972E-03 2.50634E-04 1.92007E-04 3.73012E-02 1.42247E-01 2.34503E-03 4.31653E-05 2.88806E-05 7.58649E-03
2.98085E-05 4.33182E-05 6.88960E-03 2.39383E-04 1.83552E-04 3.57077E-02 1.36932E-01 2.26245E-03 4.33182E-05 2.98085E-05 7.24717E-03
3.05713E-05 4.33704E-05 6.71864E-03 2.29010E-04 1.75764E-04 3.42303E-02 1.31973E-01 2.18522E-03 4.33704E-05 3.05713E-05 6.93130E-03
3.11913E-05 4.33369E-05 6.55613E-03 2.19419E-04 1.68566E-04 3.28573E-02 1.27335E-01 2.11285E-03 4.33369E-05 3.11913E-05 6.63673E-03
3.16877E-05 4.32309E-05 6.40143E-03 2.10524E-04 1.61893E-04 3.15781E-02 1.22989E-01 2.04488E-03 4.32309E-05 3.16877E-05 6.36158E-03
3.20774E-05 4.30636E-05 6.25397E-03 2.02253E-04 1.55691E-04 3.03838E-02 1.18907E-01 1.98092E-03 4.30636E-05 3.20774E-05 6.10418E-03
3.23747E-05 4.28448E-05 6.11324E-03 1.94545E-04 1.49910E-04 2.92664E-02 1.15067E-01 1.92063E-03 4.28448E-05 3.23747E-05 5.86303E-03
3.25921E-05 4.25831E-05 5.97878E-03 1.87344E-04 1.44511E-04 2.82190E-02 1.11448E-01 1.86370E-03 4.25831E-05 3.25921E-05 5.63681E-03
3.27407E-05 4.22857E-05 5.85015E-03 1.80605E-04 1.39457E-04 2.72353E-02 1.08032E-01 1.80986E-03 4.22857E-05 3.27407E-05 5.42433E-03
3.28297E-05 4.19591E-05 5.72697E-03 1.74284E-04 1.34717E-04 2.63100E-02 1.04803E-01 1.75886E-03 4.19591E-05 3.28297E-05 5.22452E-03
3.28677E-05 4.16087E-05 5.60890E-03 1.68346E-04 1.30262E-04 2.54381E-02 1.01745E-01 1.71048E-03 4.16087E-05 3.28677E-05 5.03642E-03
3.28616E-05 4.12394E-05 5.49561E-03 1.62758E-04 1.26070E-04 2.46153E-02 9.88452E-02 1.66453E-03 4.12394E-05 3.28616E-05 4.85915E-03
3.28179E-05 4.08553E-05 5.38681E-03 1.57491E-04 1.22117E-04 2.38377E-02 9.60926E-02 1.62084E-03 4.08553E-05 3.28179E-05 4.69191E-03
3.27420E-05 4.04600E-05 5.28224E-03 1.52520E-04 1.18385E-04 2.31018E-02 9.34761E-02 1.57923E-03 4.04600E-05 3.27420E-05 4.53400E-03
3.26387E-05 4.00565E-05 5.18164E-03 1.47822E-04 1.14857E-04 2.24045E-02 9.09859E-02 1.53957E-03 4.00565E-05 3.26387E-05 4.38475E-03
3.25123E-05 3.96477E-05 5.08479E-03 1.43376E-04 1.11517E-04 2.17428E-02 8.86133E-02 1.50172E-03 3.96477E-05 3.25123E-05 4.24357E-03
3.23664E-05 3.92357E-05 4.99147E-03 1.39163E-04 1.08352E-04 2.11143E-02 8.63504E-02 1.46556E-03 3.92357E-05 3.23664E-05 4.10990E-03
3.22044E-05 3.88226E-05 4.90150E-03 1.35167E-04 1.05349E-04 2.05166E-02 8.41897E-02 1.43099E-03 3.88226E-05 3.22044E-05 3.98324E-03
3.20289E-05 3.84101E-05 4.81468E-03 1.31372E-04 1.02496E-04 1.99475E-02 8.21247E-02 1.39790E-03 3.84101E-05 3.20289E-05 3.86314E-03
3.18426E-05 3.79996E-05 4.73087E-03 1.27766E-04 9.97840E-05 1.94052E-02 8.01492E-02 1.36620E-03 3.79996E-05 3.18426E-05 3.74916E-03
3.16474E-05 3.75924E-05 4.64989E-03 1.24334E-04 9.72029E-05 1.88879E-02 7.82577E-02 1.33581E-03 3.75924E-05 3.16474E-05 3.64092E-03
3.14455E-05 3.71896E-05 4.57161E-03 1.21067E-04 9.47446E-05 1.83939E-02 7.64451E-02 1.30665E-03 3.71896E-05 3.14455E-05 3.53805E-03
3.12384E-05 3.67921E-05 4.49588E-03 1.17952E-04 9.24011E-05 1.79217E-02 7.47066E-02 1.27864E-03 3.67921E-05 3.12384E-05 3.44022E-03
3.10275E-05 3.64005E-05 4.42259E-03 1.14982E-04 9.01654E-05 1.74701E-02 7.30378E-02 1.25173E-03 3.64005E-05 3.10275E-05 3.34712E-03
3.08142E-05 3.60156E-05 4.35162E-03 1.12146E-04 8.80309E-05 1.70377E-02 7.14348E-02 1.22584E-03 3.60156E-05 3.08142E-05 3.25847E-03
3.05995E-05 3.56378E-05 4.28286E-03 1.09437E-04 8.59915E-05 1.66234E-02 6.98937E-02 1.20093E-03 3.56378E-05 3.05995E-05 3.17398E-03
3.03845E-05 3.52676E-05 4.21620E-03 1.06847E-04 8.40418E-05 1.62261E-02 6.84113E-02 1.17694E-03 3.52676E-05 3.03845E-05 3.09343E-03
3.01698E-05 3.49053E-05 4.15155E-03 1.04370E-04 8.21766E-05 1.58448E-02 6.69842E-02 1.15382E-03 3.49053E-05 3.01698E-05 3.01657E-03
2.99562E-05 3.45511E-05 4.08881E-03 1.01998E-04 8.03911E-05 1.54787E-02 6.56095E-02 1.13152E-03 3.45511E-05 2.99562E-05 2.94320E-03
2.97444E-05 3.42052E-05 4.02791E-03 9.97267E-05 7.86810E-05 1.51268E-02 6.42844E-02 1.11001E-03 3.42052E-05 2.97444E-05 2.87311E-03
2.95348E-05 3.38678E-05 3.96876E-03 9.75497E-05 7.70421E-05 1.47885E-02 6.30064E-02 1.08924E-03 3.38678E-05 2.95348E-05 2.80612E-03
2.93279E-05 3.35390E-05 3.91129E-03 9.54622E-05 7.54706E-05 1.44629E-02 6.17730E-02 1.06917E-03 3.35390E-05 2.93279E-05 2.74204E-03
0.00000E+00 0.00000E+00 1.27913E-02 8.28430E-05 3.78737E-05 4.39721E-02 2.13471E-01 3.50032E-03 0.00000E+00 0.00000E+00 -6.91152E-04
0.00000E+00 0.00000E+00 1.15972E-02 6.38806E-05 2.78501E-05 3.65801E-02 1.82316E-01 3.02629E-03 0.00000E+00 0.00000E+00 9.01182E-04
0.00000E+00 1.12329E-08 1.06426E-02 5.19485E-05 2.21336E-05 3.12750E-02 1.59316E-01 2.67315E-03 1.12329E-08 0.00000E+00 1.69289E-03
0.00000E+00 4.67188E-07 9.84602E-03 4.38130E-05 1.86297E-05 2.72247E-02 1.41334E-01 2.39472E-03 4.67188E-07 0.00000E+00 2.08523E-03
0.00000E+00 1.12699E-06 9.16454E-03 3.79438E-05 1.63607E-05 2.40143E-02 1.26783E-01 2.16758E-03 1.12699E-06 0.00000E+00 2.25982E-03
0.00000E+00 1.82094E-06 8.57381E-03 3.35431E-05 1.48310E-05 2.14122E-02 1.14770E-01 1.97859E-03 1.82094E-06 0.00000E+00 2.31319E-03
0.00000E+00 2.47349E-06 8.05608E-03 3.01335E-05 1.37584E-05 1.92643E-02 1.04688E-01 1.81878E-03 2.47349E-06 0.00000E+00 2.29792E-03
0.00000E+00 3.05268E-06 7.59808E-03 2.74149E-05 1.29746E-05 1.74642E-02 9.61088E-02 1.68182E-03 3.05268E-06 0.00000E+00 2.24367E-03
2.97840E-07 3.56072E-06 7.19189E-03 2.52199E-05 1.23953E-05 1.59443E-02 8.87640E-02 1.56377E-03 3.56072E-06 2.97840E-07 2.16711E-03
9.89596E-07 4.00817E-06 6.82857E-03 2.34191E-05 1.19617E-05 1.46447E-02 8.24024E-02 1.46086E-03 4.00817E-06 9.89596E-07 2.07813E-03
1.57927E-06 4.37314E-06 6.49819E-03 2.18717E-05 1.15954E-05 1.35106E-02 7.67851E-02 1.36943E-03 4.37314E-06 1.57927E-06 1.98381E-03
2.07156E-06 4.65739E-06 6.19643E-03 2.05153E-05 1.12670E-05 1.25138E-02 7.17929E-02 1.28766E-03 4.65739E-06 2.07156E-06 1.88798E-03
2.47430E-06 4.86655E-06 5.91971E-03 1.93061E-05 1.09583E-05 1.16320E-02 6.73304E-02 1.21413E-03 4.86655E-06 2.47430E-06 1.79303E-03
2.79664E-06 5.00805E-06 5.66502E-03 1.82130E-05 1.06585E-05 1.08474E-02 6.33205E-02 1.14766E-03 5.00805E-06 2.79664E-06 1.70045E-03
3.04795E-06 5.08993E-06 5.42984E-03 1.72134E-05 1.03615E-05 1.01455E-02 5.97001E-02 1.08732E-03 5.08993E-06 3.04795E-06 1.61116E-03
3.23728E-06 5.12015E-06 5.21199E-03 1.62910E-05 1.00638E-05 9.51474E-03 5.64172E-02 1.03229E-03 5.12015E-06 3.23728E-06 1.52569E-03
3.37310E-06 5.10627E-06 5.00965E-03 1.54336E-05 9.76442E-06 8.94530E-03 5.34286E-02 9.81930E-04 5.10627E-06 3.37310E-06 1.44430E-03
3.46313E-06 5.05528E-06 4.82121E-03 1.46322E-05 9.46305E-06 8.42916E-03 5.06979E-02 9.35677E-04 5.05528E-06 3.46313E-06 1.36712E-03
3.51435E-06 4.97352E-06 4.64531E-03 1.38798E-05 9.16033E-06 7.95961E-03 4.81945E-02 8.93062E-04 4.97352E-06 3.51435E-06 1.29415E-03
3.53299E-06 4.86663E-06 4.48073E-03 1.31712E-05 8.85727E-06 7.53097E-03 4.58924E-02 8.53684E-04 4.86663E-06 3.53299E-06 1.22531E-03
3.52454E-06 4.73966E-06 4.32643E-03 1.25024E-05 8.55508E-06 7.13843E-03 4.37692E-02 8.17198E-04 4.73966E-06 3.52454E-06 1.16050E-03
3.49388E-06 4.59701E-06 4.18148E-03 1.18701E-05 8.25506E-06 6.77788E-03 4.18058E-02 7.83306E-04 4.59701E-06 3.49388E-06 1.09957E-03
3.44527E-06 4.44257E-06 4.04508E-03 1.12717E-05 7.95848E-06 6.44580E-03 3.99857E-02 7.51750E-04 4.44257E-06 3.44527E-06 1.04236E-03
3.38243E-06 4.27969E-06 3.91649E-03 1.07050E-05 7.66656E-06 6.13916E-03 3.82943E-02 7.22306E-04 4.27969E-06 3.38243E-06 9.88700E-04
3.30860E-06 4.11131E-06 3.79507E-03 1.01684E-05 7.38041E-06 5.85532E-03 3.67193E-02 6.94776E-04 4.11131E-06 3.30860E-06 9.38419E-04
3.22660E-06 3.93993E-06 3.68025E-03 9.66031E-06 7.10104E-06 5.59199E-03 3.52494E-02 6.68986E-04 3.93993E-06 3.22660E-06 8.91343E-04
3.13887E-06 3.76771E-06 3.57151E-03 9.17940E-06 6.82934E-06 5.34716E-03 3.38751E-02 6.44783E-04 3.76771E-06 3.13887E-06 8.47302E-04
3.04750E-06 3.59650E-06 3.46840E-03 8.72453E-06 6.56606E-06 5.11909E-03 3.25877E-02 6.22032E-04 3.59650E-06 3.04750E-06 8.06131E-04
2.95429E-06 3.42786E-06 3.37049E-03 8.29464E-06 6.31185E-06 4.90621E-03 3.13797E-02 6.00611E-04 3.42786E-06 2.95429E-06 7.67669E-04
2.86080E-06 3.26311E-06 3.27740E-03 7.88877E-06 6.06725E-06 4.70716E-03 3.02444E-02 5.80413E-04 3.26311E-06 2.86080E-06 7.31763E-04
2.76832E-06 3.10335E-06 3.18881E-03 7.50603E-06 5.83268E-06 4.52072E-03 2.91756E-02 5.61340E-04 3.10335E-06 2.76832E-06 6.98265E-04
2.67797E-06 2.94948E-06 3.10439E-03 7.14556E-06 5.60849E-06 4.34582E-03 2.81681E-02 5.43307E-04 2.94948E-06 2.67797E-06 6.67035E-04
2.59067E-06 2.80226E-06 3.02387E-03 6.80657E-06 5.39492E-06 4.18148E-03 2.72169E-02 5.26234E-04 2.80226E-06 2.59067E-06 6.37938E-04
2.50720E-06 2.66229E-06 2.94699E-03 6.48828E-06 5.19215E-06 4.02685E-03 2.63178E-02 5.10052E-04 2.66229E-06 2.50720E-06 6.10848E-04
2.42819E-06 2.53003E-06 2.87351E-03 6.18995E-06 5.00028E-06 3.88114E-03 2.54668E-02 4.94696E-04 2.53003E-06 2.42819E-06 5.85644E-04
2.35417E-06 2.40585E-06 2.80322E-03 5.91086E-06 4.81935E-06 3.74367E-03 2.46603E-02 4.80108E-04 2.40585E-06 2.35417E-06 5.62212E-04
2.28555E-06 2.29003E-06 2.73592E-03 5.65031E-06 4.64935E-06 3.61379E-03 2.38951E-02 4.66235E-04 2.29003E-06 2.28555E-06 5.40443E-04
2.22265E-06 2.18273E-06 2.67143E-03 5.40762E-06 4.49022E-06 3.49096E-03 2.31683E-02 4.53029E-04 2.18273E-06 2.22265E-06 5.20236E-04
2.16571E-06 2.08407E-06 2.60958E-03 5.18213E-06 4.34185E-06 3.37464E-03 2.24773E-02 4.40447E-04 2.08407E-06 2.16571E-06 5.01493E-04
2.11491E-06 1.99411E-06 2.55022E-03 4.97319E-06 4.20411E-06 3.26437E-03 2.18197E-02 4.28447E-04 1.99411E-06 2.11491E-06 4.84123E-04
2.07036E-06 1.91284E-06 2.49321E-03 4.78017E-06 4.07682E-06 3.15972E-03 2.11931E-02 4.16994E-04 1.91284E-06 2.07036E-06 4.68040E-04
2.03212E-06 1.84020E-06 2.43841E-03 4.60245E-06 3.95979E-06 3.06032E-03 2.05956E-02 4.06052E-04 1.84020E-06 2.03212E-06 4.53162E-04
2.00021E-06 1.77611E-06 2.38570E-03 4.43942E-06 3.85281E-06 2.96579E-03 2.00253E-02 3.95591E-04 1.77611E-06 2.00021E-06 4.39413E-04
1.97461E-06 1.72045E-06 2.33497E-03 4.29051E-06 3.75562E-06 2.87582E-03 1.94805E-02 3.85582E-04 1.72045E-06 1.97461E-06 4.26719E-04
1.95526E-06 1.67305E-06 2.28611E-03 4.15514E-06 3.66799E-06 2.79012E-03 1.89596E-02 3.75999E-04 1.67305E-06 1.95526E-06 4.15013E-04
1.94207E-06 1.63376E-06 2.23902E-03 4.03274E-06 3.58965E-06 2.70840E-03 1.84613E-02 3.66816E-04 1.63376E-06 1.94207E-06 4.04229E-04
1.93495E-06 1.60237E-06 2.19361E-03 3.92279E-06 3.52031E-06 2.63042E-03 1.79840E-02 3.58011E-04 1.60237E-06 1.93495E-06 3.94307E-04
1.93376E-06 1.57867E-06 2.14981E-03 3.82474E-06 3.45970E-06 2.55594E-03 1.75267E-02 3.49562E-04 1.57867E-06 1.93376E-06 3.85190E-04
1.93836E-06 1.56244E-06 2.10751E-03 3.73808E-06 3.40753E-06 2.48476E-03 1.70881E-02 3.41451E-04 1.56244E-06 1.93836E-06 3.76822E-04
1.94859E-06 1.55345E-06 2.06667E-03 3.66231E-06 3.36351E-06 2.41667E-03 1.66673E-02 3.33659E-04 1.55345E-06 1.94859E-06 3.69153E-04
0.00000E+00 0.00000E+00 8.40574E-03 -5.79924E-07 -8.78327E-06 3.12223E-03 3.96416E-02 9.98284E-04 0.00000E+00 0.00000E+00 -4.83451E-04
0.00000E+00 0.00000E+00 7.12973E-03 -5.15761E-07 -8.09149E-06 2.42438E-03 3.17386E-02 8.19035E-04 0.00000E+00 0.00000E+00 -3.14334E-04
0.00000E+00 5.09864E-07 6.18588E-03 2.17526E-07 -6.55210E-06 1.95677E-03 2.62663E-02 6.92408E-04 5.09864E-07 0.00000E+00 -2.09078E-04
0.00000E+00 1.39812E-06 5.44813E-03 1.14349E-06 -4.76981E-06 1.62008E-03 2.22154E-02 5.97013E-04 1.39812E-06 0.00000E+00 -1.24980E-04
0.00000E+00 2.26834E-06 4.85201E-03 2.04421E-06 -3.02109E-06 1.36661E-03 1.90917E-02 5.22235E-04 2.26834E-06 0.00000E+00 -5.28297E-05
0.00000E+00 3.02334E-06 4.36095E-03 2.82489E-06 -1.43197E-06 1.17046E-03 1.66223E-02 4.62182E-04 3.02334E-06 0.00000E+00 9.18112E-06
0.00000E+00 3.62688E-06 3.94995E-03 3.45080E-06 -5.19037E-08 1.01519E-03 1.46303E-02 4.12986E-04 3.62688E-06 0.00000E+00 6.09234E-05
0.00000E+00 4.07188E-06 3.60133E-03 3.91579E-06 1.10730E-06 8.89924E-04 1.29958E-02 3.72005E-04 4.07188E-06 0.00000E+00 1.02350E-04
2.40064E-07 4.43636E-06 3.30391E-03 4.29878E-06 2.12036E-06 7.87875E-04 1.16429E-02 3.37641E-04 4.43636E-06 2.40064E-07 1.33351E-04
7.43717E-07 4.73345E-06 3.04727E-03 4.61344E-06 3.00395E-06 7.03457E-04 1.05072E-02 3.08444E-04 4.73345E-06 7.43717E-07 1.54617E-04
1.10110E-06 4.85994E-06 2.82142E-03 4.75641E-06 3.66382E-06 6.31894E-04 9.53307E-03 2.82998E-04 4.85994E-06 1.10110E-06 1.68097E-04
1.33052E-06 4.84269E-06 2.62138E-03 4.75474E-06 4.12994E-06 5.70670E-04 8.69064E-03 2.60645E-04 4.84269E-06 1.33052E-06 1.74902E-04
1.45047E-06 4.70668E-06 2.44319E-03 4.63355E-06 4.43074E-06 5.17857E-04 7.95683E-03 2.40869E-04 4.70668E-06 1.45047E-06 1.76125E-04
1.47848E-06 4.47439E-06 2.28363E-03 4.41543E-06 4.59219E-06 4.71961E-04 7.31347E-03 2.23264E-04 4.47439E-06 1.47848E-06 1.72796E-04
1.43064E-06 4.16564E-06 2.14007E-03 4.12027E-06 4.63758E-06 4.31810E-04 6.74604E-03 2.07503E-04 4.16564E-06 1.43064E-06 1.65853E-04
1.32133E-06 3.79765E-06 2.01036E-03 3.76537E-06 4.58740E-06 3.96471E-04 6.24289E-03 1.93324E-04 3.79765E-06 1.32133E-06 1.56125E-04
1.16323E-06 3.38524E-06 1.89270E-03 3.36556E-06 4.45957E-06 3.65196E-04 5.79453E-03 1.80510E-04 3.38524E-06 1.16323E-06 1.44336E-04
9.67362E-07 2.94101E-06 1.78557E-03 2.93350E-06 4.26957E-06 3.37378E-04 5.39319E-03 1.68884E-04 2.94101E-06 9.67362E-07 1.31101E-04
7.43246E-07 2.47561E-06 1.68772E-03 2.47986E-06 4.03074E-06 3.12520E-04 5.03243E-03 1.58297E-04 2.47561E-06 7.43246E-07 1.16942E-04
4.99006E-07 1.99800E-06 1.59805E-03 2.01363E-06 3.75447E-06 2.90215E-04 4.70690E-03 1.48626E-04 1.99800E-06 4.99006E-07 1.02289E-04
2.41538E-07 1.51563E-06 1.51565E-03 1.54227E-06 3.45048E-06 2.70123E-04 4.41211E-03 1.39765E-04 1.51563E-06 2.41538E-07 8.74991E-05
-2.33460E-08 1.03467E-06 1.43973E-03 1.07197E-06 3.12697E-06 2.51958E-04 4.14427E-03 1.31624E-04 1.03467E-06 -2.33460E-08 7.28572E-05
-2.90787E-07 5.60175E-07 1.36961E-03 6.07807E-07 2.79090E-06 2.35482E-04 3.90016E-03 1.24127E-04 5.60175E-07 -2.90787E-07 5.85921E-05
-5.56751E-07 9.62588E-08 1.30468E-03 1.53893E-07 2.44807E-06 2.20492E-04 3.67703E-03 1.17207E-04 9.62588E-08 -5.56751E-07 4.48822E-05
-8.17920E-07 -3.53780E-07 1.24443E-03 -2.86457E-07 2.10333E-06 2.06815E-04 3.47253E-03 1.10808E-04 -3.53780E-07 -8.17920E-07 3.18638E-05
-1.07159E-06 -7.87333E-07 1.18842E-03 -7.10623E-07 1.76073E-06 1.94304E-04 3.28463E-03 1.04878E-04 -7.87333E-07 -1.07159E-06 1.96377E-05
-1.31560E-06 -1.20237E-06 1.13624E-03 -1.11657E-06 1.42357E-06 1.82831E-04 3.11155E-03 9.93748E-05 -1.20237E-06 -1.31560E-06 8.27526E-06
-1.54821E-06 -1.59737E-06 1.08754E-03 -1.50276E-06 1.09455E-06 1.72286E-04 2.95179E-03 9.42589E-05 -1.59737E-06 -1.54821E-06 -2.17670E-06
-1.76810E-06 -1.97120E-06 1.04201E-03 -1.86806E-06 7.75862E-07 1.62573E-04 2.80399E-03 8.94964E-05 -1.97120E-06 -1.76810E-06 -1.16914E-05
-1.97426E-06 -2.32312E-06 9.99381E-04 -2.21171E-06 4.69244E-07 1.53609E-04 2.66699E-03 8.50570E-05 -2.32312E-06 -1.97426E-06 -2.02584E-05
-2.16596E-06 -2.65263E-06 9.59399E-04 -2.53322E-06 1.76053E-07 1.45321E-04 2.53975E-03 8.09138E-05 -2.65263E-06 -2.16596E-06 -2.78804E-05
-2.34270E-06 -2.95952E-06 9.21849E-04 -2.83236E-06 -1.02674E-07 1.37644E-04 2.42137E-03 7.70426E-05 -2.95952E-06 -2.34270E-06 -3.45709E-05
-2.50418E-06 -3.24376E-06 8.86531E-04 -3.10910E-06 -3.66174E-07 1.30521E-04 2.31103E-03 7.34217E-05 -3.24376E-06 -2.50418E-06 -4.03514E-05
-2.65028E-06 -3.50549E-06 8.53271E-04 -3.36356E-06 -6.13917E-07 1.23903E-04 2.20804E-03 7.00318E-05 -3.50549E-06 -2.65028E-06 -4.52502E-05
-2.78100E-06 -3.74499E-06 8.21908E-04 -3.59603E-06 -8.45565E-07 1.17745E-04 2.11174E-03 6.68552E-05 -3.74499E-06 -2.78100E-06 -4.93002E-05
-2.89644E-06 -3.96264E-06 7.92299E-04 -3.80688E-06 -1.06095E-06 1.12007E-04 2.02156E-03 6.38760E-05 -3.96264E-06 -2.89644E-06 -5.25381E-05
-2.99684E-06 -4.15893E-06 7.64314E-04 -3.99658E-06 -1.26003E-06 1.06653E-04 1.93701E-03 6.10799E-05 -4.15893E-06 -2.99684E-06 -5.50030E-05
-3.08246E-06 -4.33441E-06 7.37834E-04 -4.16568E-06 -1.44289E-06 1.01652E-04 1.85762E-03 5.84537E-05 -4.33441E-06 -3.08246E-06 -5.67358E-05
-3.15367E-06 -4.48967E-06 7.12752E-04 -4.31477E-06 -1.60971E-06 9.69754E-05 1.78298E-03 5.59854E-05 -4.48967E-06 -3.15367E-06 -5.77782E-05
-3.21086E-06 -4.62536E-06 6.88971E-04 -4.44450E-06 -1.76073E-06 9.25971E-05 1.71273E-03 5.36641E-05 -4.62536E-06 -3.21086E-06 -5.81723E-05
-3.25447E-06 -4.74216E-06 6.66401E-04 -4.55553E-06 -1.89627E-06 8.84939E-05 1.64651E-03 5.14798E-05 -4.74216E-06 -3.25447E-06 -5.79602E-05
-3.28495E-06 -4.84076E-06 6.44960E-04 -4.64856E-06 -2.01671E-06 8.46449E-05 1.58404E-03 4.94233E-05 -4.84076E-06 -3.28495E-06 -5.71835E-05
-3.30281E-06 -4.92188E-06 6.24574E-04 -4.72428E-06 -2.12245E-06 8.10311E-05 1.52503E-03 4.74863E-05 -4.92188E-06 -3.30281E-06 -5.58827E-05
-3.30854E-06 -4.98623E-06 6.05175E-04 -4.78342E-06 -2.21393E-06 7.76351E-05 1.46923E-03 4.56608E-05 -4.98623E-06 -3.30854E-06 -5.40977E-05
-3.30265E-06 -5.03453E-06 5.86698E-04 -4.82667E-06 -2.29162E-06 7.44411E-05 1.41642E-03 4.39399E-05 -5.03453E-06 -3.30265E-06 -5.18670E-05
-3.28565E-06 -5.06750E-06 5.69087E-04 -4.85476E-06 -2.35599E-06 7.14349E-05 1.36639E-03 4.23168E-05 -5.06750E-06 -3.28565E-06 -4.92278E-05
-3.25807E-06 -5.08583E-06 5.52288E-04 -4.86839E-06 -2.40754E-06 6.86032E-05 1.31894E-03 4.07854E-05 -5.08583E-06 -3.25807E-06 -4.62158E-05
-3.22042E-06 -5.09024E-06 5.36251E-04 -4.86824E-06 -2.44677E-06 6.59340E-05 1.27391E-03 3.93402E-05 -5.09024E-06 -3.22042E-06 -4.28654E-05
-3.17320E-06 -5.08139E-06 5.20931E-04 -4.85500E-06 -2.47419E-06 6.34164E-05 1.23113E-03 3.79757E-05 -5.08139E-06 -3.17320E-06 -3.92093E-05
-3.11692E-06 -5.05997E-06 5.06286E-04 -4.82934E-06 -2.49030E-06 6.10401E-05 1.19045E-03 3.66872E-05 -5.05997E-06 -3.11692E-06 -3.52788E-05
0.00000E+00 0.00000E+00 -4.98029E-05 -6.73141E-06 -3.92666E-05 -3.89207E-05 3.23619E-06 -8.35740E-06 0.00000E+00 0.00000E+00 -1.17024E-03
0.00000E+00 0.00000E+00 -3.83972E-05 -1.61397E-06 -2.83166E-05 -2.83068E-05 5.24662E-06 -2.47071E-06 0.00000E+00 0.00000E+00 -1.29415E-03
0.00000E+00 3.56774E-06 -2.66768E-05 3.64854E-06 -1.78143E-05 -1.80686E-05 8.51761E-06 3.27629E-06 3.56774E-06 0.00000E+00 -1.15422E-03
0.00000E+00 7.97368E-06 -1.67126E-05 8.03343E-06 -8.80026E-06 -9.25771E-06 1.15585E-05 7.97742E-06 7.97368E-06 0.00000E+00 -9.12961E-04
0.00000E+00 1.12559E-05 -8.85296E-06 1.12985E-05 -1.47875E-06 -2.08908E-06 1.38861E-05 1.14510E-05 1.12559E-05 0.00000E+00 -6.51370E-04
0.00000E+00 1.34679E-05 -2.94530E-06 1.34974E-05 4.24495E-06 3.52411E-06 1.54179E-05 1.37851E-05 1.34679E-05 0.00000E+00 -4.08406E-04
0.00000E+00 1.47594E-05 1.31287E-06 1.47797E-05 8.57560E-06 7.77918E-06 1.62165E-05 1.51517E-05 1.47594E-05 0.00000E+00 -2.00783E-04
0.00000E+00 1.52967E-05 4.23298E-06 1.53113E-05 1.17362E-05 1.08927E-05 1.63919E-05 1.57318E-05 1.52967E-05 0.00000E+00 -3.32577E-05
5.40324E-07 1.53232E-05 6.16896E-06 1.53356E-05 1.40105E-05 1.31442E-05 1.61509E-05 1.57783E-05 1.53232E-05 5.40324E-07 9.39402E-05
1.53061E-06 1.49499E-05 7.33568E-06 1.49635E-05 1.55627E-05 1.46936E-05 1.55776E-05 1.54093E-05 1.49499E-05 1.53061E-06 1.84910E-04
2.04823E-06 1.41385E-05 7.78698E-06 1.41551E-05 1.64164E-05 1.55586E-05 1.46138E-05 1.45914E-05 1.41385E-05 2.04823E-06 2.47236E-04
2.19468E-06 1.30022E-05 7.69006E-06 1.30237E-05 1.67163E-05 1.58811E-05 1.33609E-05 1.34410E-05 1.30022E-05 2.19468E-06 2.85769E-04
2.05485E-06 1.16335E-05 7.18002E-06 1.16611E-05 1.65825E-05 1.57788E-05 1.19027E-05 1.20527E-05 1.16335E-05 2.05485E-06 3.05057E-04
1.69886E-06 1.01065E-05 6.36526E-06 1.01415E-05 1.61138E-05 1.53488E-05 1.03070E-05 1.05026E-05 1.01065E-05 1.69886E-06 3.09161E-04
1.18401E-06 8.48073E-06 5.33221E-06 8.52401E-06 1.53909E-05 1.46701E-05 8.62852E-06 8.85121E-06 8.48073E-06 1.18401E-06 3.01583E-04
5.56746E-07 6.80296E-06 4.14951E-06 6.85535E-06 1.44795E-05 1.38071E-05 6.91047E-06 7.14635E-06 6.80296E-06 5.56746E-07 2.85276E-04
-1.45546E-07 5.11000E-06 2.87133E-06 5.17212E-06 1.34329E-05 1.28120E-05 5.18691E-06 5.42553E-06 5.11000E-06 -1.45546E-07 2.62687E-04
-8.92994E-07 3.43036E-06 1.54024E-06 3.50271E-06 1.22941E-05 1.17267E-05 3.48426E-06 3.71778E-06 3.43036E-06 -8.92994E-07 2.35810E-04
-1.66192E-06 1.78587E-06 1.89439E-07 1.86882E-06 1.10974E-05 1.05851E-05 1.82272E-06 2.04532E-06 1.78587E-06 -1.66192E-06 2.06252E-04
-2.43374E-06 1.92980E-07 -1.15539E-06 2.86799E-07 9.87040E-06 9.41394E-06 2.17487E-07 4.24876E-07 1.92980E-07 -2.43374E-06 1.75287E-04
-3.19400E-06 -1.33622E-06 -2.47460E-06 -1.23135E-06 8.63494E-06 8.23460E-06 -1.32033E-06 -1.13125E-06 -1.33622E-06 -3.19400E-06 1.43915E-04
-3.93163E-06 -2.79310E-06 -3.75338E-06 -2.67707E-06 7.40821E-06 7.06382E-06 -2.78289E-06 -2.61428E-06 -2.79310E-06 -3.93163E-06 1.12905E-04
-4.63832E-06 -4.17181E-06 -4.98078E-06 -4.04459E-06 6.20356E-06 5.91464E-06 -4.16493E-06 -4.01826E-06 -4.17181E-06 -4.63832E-06 8.28405E-05
-5.30797E-06 -5.46871E-06 -6.14894E-06 -5.33031E-06 5.03130E-06 4.79705E-06 -5.46330E-06 -5.33948E-06 -5.46871E-06 -5.30797E-06 5.41516E-05
-5.93628E-06 -6.68190E-06 -7.25245E-06 -6.53238E-06 3.89917E-06 3.71860E-06 -6.67649E-06 -6.57599E-06 -6.68190E-06 -5.93628E-06 2.71451E-05
-6.52037E-06 -7.81084E-06 -8.28788E-06 -7.65031E-06 2.81290E-06 2.68481E-06 -7.80425E-06 -7.72723E-06 -7.81084E-06 -6.52037E-06 2.02896E-06
-7.05852E-06 -8.85606E-06 -9.25331E-06 -8.68465E-06 1.77654E-06 1.69960E-06 -8.84737E-06 -8.79373E-06 -8.85606E-06 -7.05852E-06 -2.10673E-05
-7.54994E-06 -9.81890E-06 -1.01481E-05 -9.63678E-06 7.92799E-07 7.65566E-07 -9.80738E-06 -9.77682E-06 -9.81890E-06 -7.54994E-06 -4.20762E-05
-7.99453E-06 -1.07013E-05 -1.09723E-05 -1.05087E-05 -1.36687E-07 -1.15742E-07 -1.06864E-05 -1.06785E-05 -1.07013E-05 -7.99453E-06 -6.09784E-05
-8.39277E-06 -1.15058E-05 -1.17272E-05 -1.13028E-05 -1.01115E-06 -9.43613E-07 -1.14870E-05 -1.15012E-05 -1.15058E-05 -8.39277E-06 -7.77920E-05
-8.74557E-06 -1.22350E-05 -1.24141E-05 -1.20219E-05 -1.83049E-06 -1.71801E-06 -1.22121E-05 -1.22477E-05 -1.22350E-05 -8.74557E-06 -9.25633E-05
-9.05417E-06 -1.28920E-05 -1.30350E-05 -1.26691E-05 -2.59519E-06 -2.43941E-06 -1.28646E-05 -1.29210E-05 -1.28920E-05 -9.05417E-06 -1.05360E-04
-9.32004E-06 -1.34799E-05 -1.35922E-05 -1.32473E-05 -3.30613E-06 -3.10872E-06 -1.34478E-05 -1.35244E-05 -1.34799E-05 -9.32004E-06 -1.16263E-04
-9.54486E-06 -1.40019E-05 -1.40881E-05 -1.37599E-05 -3.96451E-06 -3.72715E-06 -1.39650E-05 -1.40609E-05 -1.40019E-05 -9.54486E-06 -1.25367E-04
-9.73039E-06 -1.44612E-05 -1.45253E-05 -1.42102E-05 -4.57179E-06 -4.29616E-06 -1.44195E-05 -1.45340E-05 -1.44612E-05 -9.73039E-06 -1.32772E-04
-9.87851E-06 -1.48612E-05 -1.49066E-05 -1.46013E-05 -5.12962E-06 -4.81737E-06 -1.48145E-05 -1.49469E-05 -1.48612E-05 -9.87851E-06 -1.38580E-04
-9.99110E-06 -1.52049E-05 -1.52346E-05 -1.49364E-05 -5.63977E-06 -5.29253E-06 -1.51532E-05 -1.53027E-05 -1.52049E-05 -9.99110E-06 -1.42898E-04
-1.00701E-05 -1.54956E-05 -1.55121E-05 -1.52188E-05 -6.10411E-06 -5.72349E-06 -1.54389E-05 -1.56048E-05 -1.54956E-05 -1.00701E-05 -1.45831E-04
-1.01173E-05 -1.57362E-05 -1.57417E-05 -1.54514E-05 -6.52455E-06 -6.11213E-06 -1.56745E-05 -1.58561E-05 -1.57362E-05 -1.01173E-05 -1.47481E-04
-1.01347E-05 -1.59298E-05 -1.59262E-05 -1.56371E-05 -6.90302E-06 -6.46035E-06 -1.58631E-05 -1.60597E-05 -1.59298E-05 -1.01347E-05 -1.47951E-04
-1.01242E-05 -1.60792E-05 -1.60681E-05 -1.57790E-05 -7.24148E-06 -6.77007E-06 -1.60075E-05 -1.62185E-05 -1.60792E-05 -1.01242E-05 -1.47337E-04
-1.00874E-05 -1.61871E-05 -1.61700E-05 -1.58796E-05 -7.54185E-06 -7.04317E-06 -1.61105E-05 -1.63351E-05 -1.61871E-05 -1.00874E-05 -1.45735E-04
-1.00261E-05 -1.62561E-05 -1.62342E-05 -1.59416E-05 -7.80604E-06 -7.28153E-06 -1.61746E-05 -1.64123E-05 -1.62561E-05 -1.00261E-05 -1.43232E-04
-9.94197E-06 -1.62889E-05 -1.62632E-05 -1.59676E-05 -8.03591E-06 -7.48697E-06 -1.62025E-05 -1.64526E-05 -1.62889E-05 -9.94197E-06 -1.39916E-04
-9.83664E-06 -1.62876E-05 -1.62591E-05 -1.59599E-05 -8.23327E-06 -7.66125E-06 -1.61964E-05 -1.64584E-05 -1.62876E-05 -9.83664E-06 -1.35866E-04
-9.71162E-06 -1.62547E-05 -1.62241E-05 -1.59207E-05 -8.39989E-06 -7.80611E-06 -1.61587E-05 -1.64321E-05 -1.62547E-05 -9.71162E-06 -1.31159E-04
-9.56837E-06 -1.61924E-05 -1.61602E-05 -1.58523E-05 -8.53747E-06 -7.92321E-06 -1.60916E-05 -1.63757E-05 -1.61924E-05 -9.56837E-06 -1.25866E-04
-9.40828E-06 -1.61026E-05 -1.60696E-05 -1.57567E-05 -8.64767E-06 -8.01415E-06 -1.59971E-05 -1.62915E-05 -1.61026E-05 -9.40828E-06 -1.20054E-04
-9.23270E-06 -1.59873E-05 -1.59539E-05 -1.56358E-05 -8.73206E-06 -8.08048E-06 -1.58772E-05 -1.61813E-05 -1.59873E-05 -9.23270E-06 -1.13786E-04
-9.04286E-06 -1.58483E-05 -1.58149E-05 -1.54915E-05 -8.79216E-06 -8.12368E-06 -1.57336E-05 -1.60471E-05 -1.58483E-05 -9.04286E-06 -1.07121E-04
---
