PdfType: replica
Format: lhagrid1
---
1.00000E-07 1.58489E-07 2.51189E-07 3.98107E-07 6.30957E-07 1.00000E-06 1.58489E-06 2.51189E-06 3.98107E-06 6.30957E-06 1.00000E-05 1.58489E-05 2.51189E-05 3.98107E-05 6.30957E-05 1.00000E-04 1.58489E-04 2.51189E-04 3.98107E-04 6.30957E-04 1.00000E-03 1.58489E-03 2.51189E-03 3.98107E-03 6.30957E-03 1.00000E-02 1.25893E-02 1.58489E-02 1.99526E-02 2.51189E-02 3.16228E-02 3.98107E-02 5.01187E-02 6.30957E-02 7.94328E-02 1.00000E-01 1.25900E-01 1.58500E-01 1.99500E-01 2.51200E-01 3.16200E-01 3.98100E-01 5.01200E-01 6.31000E-01 7.94300E-01 1.00000E+00
1.00000E+00 1.20679E+00 1.45635E+00 1.75751E+00 2.12095E+00 2.55955E+00 3.08884E+00 3.72759E+00 4.49843E+00 5.42868E+00 6.55129E+00 7.90604E+00 9.54095E+00 1.15140E+01 1.38950E+01 1.67683E+01 2.02359E+01 2.44205E+01 2.94705E+01 3.55648E+01 4.29193E+01 5.17947E+01 6.25055E+01 7.54312E+01 9.10298E+01 1.09854E+02 1.32571E+02 1.59986E+02 1.93070E+02 2.32995E+02 2.81177E+02 3.39322E+02 4.09492E+02 4.94171E+02 5.96362E+02 7.19686E+02 8.68511E+02 1.04811E+03 1.26486E+03 1.52642E+03 1.84207E+03 2.22300E+03 2.68270E+03 3.23746E+03 3.90694E+03 4.71487E+03 5.68987E+03 6.86649E+03 8.28643E+03 1.00000E+04
-5 -4 -3 -2 -1 1 2 3 4 5 21
0.00000E+00 0.00000E+00 -6.05507E-02 2.47008E+00 2.46637E+00 2.46619E+00 2.46909E+00 -6.04835E-02 0.00000E+00 0.00000E+00 -3.07317E+00
0.00000E+00 0.00000E+00 -2.27754E-02 2.45943E+00 2.45568E+00 2.45555E+00 2.45865E+00 -2.27139E-02 0.00000E+00 0.00000E+00 -8.35816E-01
0.00000E+00 1.04018E-01 1.13976E-01 2.55648E+00 2.55268E+00 2.55259E+00 2.55585E+00 1.14033E-01 1.04018E-01 0.00000E+00 2.63817E+00
0.00000E+00 3.42045E-01 3.52116E-01 2.76057E+00 2.75674E+00 2.75667E+00 2.76006E+00 3.52169E-01 3.42045E-01 0.00000E+00 7.71917E+00
0.00000E+00 6.82547E-01 6.92721E-01 3.07123E+00 3.06736E+00 3.06731E+00 3.07082E+00 6.92771E-01 6.82547E-01 0.00000E+00 1.48645E+01
0.00000E+00 1.12391E+00 1.13418E+00 3.48598E+00 3.48208E+00 3.48206E+00 3.48566E+00 1.13423E+00 1.12391E+00 0.00000E+00 2.44171E+01
0.00000E+00 1.66389E+00 1.67425E+00 4.00198E+00 3.99805E+00 3.99804E+00 4.00172E+00 1.67429E+00 1.66389E+00 0.00000E+00 3.66553E+01
0.00000E+00 2.30010E+00 2.31054E+00 4.61636E+00 4.61241E+00 4.61241E+00 4.61617E+00 2.31058E+00 2.30010E+00 0.00000E+00 5.17954E+01
2.54956E-01 2.98040E+00 2.99092E+00 5.27676E+00 5.27278E+00 5.27279E+00 5.27662E+00 2.99096E+00 2.98040E+00 2.54956E-01 7.01475E+01
9.76492E-01 3.68111E+00 3.69171E+00 5.95915E+00 5.95516E+00 5.95518E+00 5.95907E+00 3.69175E+00 3.68111E+00 9.76492E-01 9.18100E+01
1.79610E+00 4.48126E+00 4.49194E+00 6.74220E+00 6.73818E+00 6.73821E+00 6.74216E+00 4.49197E+00 4.48126E+00 1.79610E+00 1.16593E+02
2.71259E+00 5.37949E+00 5.39023E+00 7.62438E+00 7.62035E+00 7.62038E+00 7.62438E+00 5.39027E+00 5.37949E+00 2.71259E+00 1.44556E+02
3.72463E+00 6.37434E+00 6.38515E+00 8.60414E+00 8.60009E+00 8.60013E+00 8.60417E+00 6.38518E+00 6.37434E+00 3.72463E+00 1.75739E+02
4.83086E+00 7.46434E+00 7.47521E+00 9.67989E+00 9.67581E+00 9.67587E+00 9.67995E+00 7.47524E+00 7.46434E+00 4.83086E+00 2.10159E+02
6.02987E+00 8.64796E+00 8.65890E+00 1.08500E+01 1.08459E+01 1.08460E+01 1.08501E+01 8.65893E+00 8.64796E+00 6.02987E+00 2.47819E+02
7.32020E+00 9.92369E+00 9.93469E+00 1.21129E+01 1.21088E+01 1.21089E+01 1.21131E+01 9.93472E+00 9.92369E+00 7.32020E+00 2.88708E+02
8.70041E+00 1.12900E+01 1.13011E+01 1.34671E+01 1.34629E+01 1.34630E+01 1.34672E+01 1.13011E+01 1.12900E+01 8.70041E+00 3.32803E+02
1.01690E+01 1.27453E+01 1.27565E+01 1.49108E+01 1.49067E+01 1.49067E+01 1.49110E+01 1.27565E+01 1.27453E+01 1.01690E+01 3.80072E+02
1.17246E+01 1.42882E+01 1.42994E+01 1.64426E+01 1.64384E+01 1.64385E+01 1.64428E+01 1.42994E+01 1.42882E+01 1.17246E+01 4.30474E+02
1.33656E+01 1.59171E+01 1.59283E+01 1.80608E+01 1.80567E+01 1.80568E+01 1.80611E+01 1.59284E+01 1.59171E+01 1.33656E+01 4.83963E+02
1.50906E+01 1.76305E+01 1.76418E+01 1.97640E+01 1.97599E+01 1.97600E+01 1.97643E+01 1.76418E+01 1.76305E+01 1.50906E+01 5.40488E+02
1.68982E+01 1.94269E+01 1.94382E+01 2.15507E+01 2.15465E+01 2.15466E+01 2.15509E+01 1.94383E+01 1.94269E+01 1.68982E+01 5.99993E+02
1.87869E+01 2.13048E+01 2.13162E+01 2.34192E+01 2.34150E+01 2.34151E+01 2.34195E+01 2.13162E+01 2.13048E+01 1.87869E+01 6.62420E+02
2.07553E+01 2.32628E+01 2.32743E+01 2.53681E+01 2.53639E+01 2.53640E+01 2.53684E+01 2.32743E+01 2.32628E+01 2.07553E+01 7.27707E+02
2.28019E+01 2.52994E+01 2.53109E+01 2.73960E+01 2.73918E+01 2.73919E+01 2.73963E+01 2.53109E+01 2.52994E+01 2.28019E+01 7.95792E+02
2.49253E+01 2.74132E+01 2.74247E+01 2.95013E+01 2.94971E+01 2.94972E+01 2.95017E+01 2.74247E+01 2.74132E+01 2.49253E+01 8.66611E+02
2.71242E+01 2.96027E+01 2.96143E+01 3.16827E+01 3.16785E+01 3.16786E+01 3.16831E+01 2.96143E+01 2.96027E+01 2.71242E+01 9.40100E+02
2.93971E+01 3.18666E+01 3.18782E+01 3.39387E+01 3.39345E+01 3.39346E+01 3.39391E+01 3.18783E+01 3.18666E+01 2.93971E+01 1.01619E+03
3.17427E+01 3.42035E+01 3.42151E+01 3.62680E+01 3.62637E+01 3.62638E+01 3.62684E+01 3.42152E+01 3.42035E+01 3.17427E+01 1.09483E+03
3.41596E+01 3.66120E+01 3.66237E+01 3.86691E+01 3.86648E+01 3.86649E+01 3.86695E+01 3.66237E+01 3.66120E+01 3.41596E+01 1.17593E+03
3.66466E+01 3.90907E+01 3.91025E+01 4.11406E+01 4.11364E+01 4.11365E+01 4.11410E+01 3.91025E+01 3.90907E+01 3.66466E+01 1.25945E+03
3.92023E+01 4.16384E+01 4.16502E+01 4.36814E+01 4.36771E+01 4.36772E+01 4.36818E+01 4.16502E+01 4.16384E+01 3.92023E+01 1.34532E+03
4.18254E+01 4.42537E+01 4.42655E+01 4.62899E+01 4.62856E+01 4.62858E+01 4.62904E+01 4.42656E+01 4.42537E+01 4.18254E+01 1.43347E+03
4.45146E+01 4.69354E+01 4.69473E+01 4.89650E+01 4.89607E+01 4.89609E+01 4.89655E+01 4.69473E+01 4.69354E+01 4.45146E+01 1.52384E+03
4.72687E+01 4.96822E+01 4.96941E+01 5.17054E+01 5.17011E+01 5.17012E+01 5.17059E+01 4.96941E+01 4.96822E+01 4.72687E+01 1.61638E+03
5.00865E+01 5.24928E+01 5.25048E+01 5.45098E+01 5.45055E+01 5.45056E+01 5.45103E+01 5.25048E+01 5.24928E+01 5.00865E+01 1.71102E+03
5.29667E+01 5.53661E+01 5.53780E+01 5.73770E+01 5.73727E+01 5.73728E+01 5.73775E+01 5.53781E+01 5.53661E+01 5.29667E+01 1.80770E+03
5.59082E+01 5.83008E+01 5.83128E+01 6.03058E+01 6.03015E+01 6.03016E+01 6.03063E+01 5.83128E+01 5.83008E+01 5.59082E+01 1.90637E+03
5.89098E+01 6.12957E+01 6.13077E+01 6.32950E+01 6.32906E+01 6.32907E+01 6.32955E+01 6.13078E+01 6.12957E+01 5.89098E+01 2.00697E+03
6.19703E+01 6.43497E+01 6.43618E+01 6.63434E+01 6.63390E+01 6.63391E+01 6.63439E+01 6.43618E+01 6.43497E+01 6.19703E+01 2.10945E+03
6.50886E+01 6.74617E+01 6.74738E+01 6.94498E+01 6.94455E+01 6.94456E+01 6.94504E+01 6.74739E+01 6.74617E+01 6.50886E+01 2.21375E+03
6.82636E+01 7.06305E+01 7.06427E+01 7.26133E+01 7.26089E+01 7.26091E+01 7.26138E+01 7.06427E+01 7.06305E+01 6.82636E+01 2.31982E+03
7.14941E+01 7.38551E+01 7.38673E+01 7.58326E+01 7.58282E+01 7.58284E+01 7.58332E+01 7.38673E+01 7.38551E+01 7.14941E+01 2.42762E+03
7.47793E+01 7.71343E+01 7.71465E+01 7.91067E+01 7.91023E+01 7.91025E+01 7.91073E+01 7.71466E+01 7.71343E+01 7.47793E+01 2.53708E+03
7.81179E+01 8.04671E+01 8.04794E+01 8.24345E+01 8.24301E+01 8.24303E+01 8.24351E+01 8.04794E+01 8.04671E+01 7.81179E+01 2.64816E+03
8.15089E+01 8.38525E+01 8.38648E+01 8.58150E+01 8.58106E+01 8.58108E+01 8.58156E+01 8.38649E+01 8.38525E+01 8.15089E+01 2.76082E+03
8.49514E+01 8.72895E+01 8.73018E+01 8.92472E+01 8.92428E+01 8.92429E+01 8.92477E+01 8.73018E+01 8.72895E+01 8.49514E+01 2.87501E+03
8.84444E+01 9.07770E+01 9.07894E+01 9.27300E+01 9.27256E+01 9.27257E+01 9.27306E+01 9.07894E+01 9.07770E+01 8.84444E+01 2.99069E+03
9.19868E+01 9.43141E+01 9.43265E+01 9.62624E+01 9.62580E+01 9.62582E+01 9.62630E+01 9.43265E+01 9.43141E+01 9.19868E+01 3.10780E+03
9.55777E+01 9.78998E+01 9.79123E+01 9.98436E+01 9.98392E+01 9.98394E+01 9.98443E+01 9.79123E+01 9.78998E+01 9.55777E+01 3.22632E+03
0.00000E+00 0.00000E+00 -5.70619E-02 2.23291E+00 2.22896E+00 2.22915E+00 2.23339E+00 -5.70323E-02 0.00000E+00 0.00000E+00 -2.84936E+00
0.00000E+00 0.00000E+00 -2.05551E-02 2.22552E+00 2.22152E+00 2.22170E+00 2.22601E+00 -2.05287E-02 0.00000E+00 0.00000E+00 -7.77983E-01
0.00000E+00 9.77272E-02 1.08231E-01 2.31831E+00 2.31426E+00 2.31444E+00 2.31882E+00 1.08255E-01 9.77272E-02 0.00000E+00 2.45863E+00
0.00000E+00 3.18899E-01 3.29536E-01 2.50874E+00 2.50465E+00 2.50482E+00 2.50925E+00 3.29558E-01 3.18899E-01 0.00000E+00 7.19384E+00
0.00000E+00 6.32203E-01 6.42964E-01 2.79501E+00 2.79089E+00 2.79105E+00 2.79553E+00 6.42984E-01 6.32203E-01 0.00000E+00 1.38315E+01
0.00000E+00 1.03514E+00 1.04602E+00 3.17384E+00 3.16969E+00 3.16985E+00 3.17437E+00 1.04603E+00 1.03514E+00 0.00000E+00 2.26609E+01
0.00000E+00 1.52491E+00 1.53589E+00 3.64188E+00 3.63770E+00 3.63786E+00 3.64242E+00 1.53591E+00 1.52491E+00 0.00000E+00 3.39078E+01
0.00000E+00 2.09874E+00 2.10982E+00 4.19595E+00 4.19175E+00 4.19190E+00 4.19649E+00 2.10984E+00 2.09874E+00 0.00000E+00 4.77399E+01
2.30977E-01 2.71171E+00 2.72288E+00 4.79088E+00 4.78665E+00 4.78680E+00 4.79143E+00 2.72290E+00 2.71171E+00 2.30977E-01 6.43717E+01
8.82000E-01 3.34366E+00 3.35493E+00 5.40624E+00 5.40200E+00 5.40214E+00 5.40680E+00 3.35494E+00 3.34366E+00 8.82000E-01 8.38371E+01
1.61767E+00 4.06152E+00 4.07287E+00 6.10860E+00 6.10434E+00 6.10448E+00 6.10917E+00 4.07289E+00 4.06152E+00 1.61767E+00 1.05997E+02
2.43648E+00 4.86361E+00 4.87505E+00 6.89616E+00 6.89188E+00 6.89202E+00 6.89674E+00 4.87506E+00 4.86361E+00 2.43648E+00 1.30887E+02
3.33686E+00 5.74826E+00 5.75977E+00 7.76713E+00 7.76283E+00 7.76297E+00 7.76772E+00 5.75979E+00 5.74826E+00 3.33686E+00 1.58521E+02
4.31726E+00 6.71379E+00 6.72538E+00 8.71976E+00 8.71544E+00 8.71558E+00 8.72035E+00 6.72540E+00 6.71379E+00 4.31726E+00 1.88900E+02
5.37612E+00 7.75857E+00 7.77023E+00 9.75231E+00 9.74798E+00 9.74811E+00 9.75291E+00 7.77024E+00 7.75857E+00 5.37612E+00 2.22010E+02
6.51188E+00 8.88096E+00 8.89269E+00 1.08631E+01 1.08587E+01 1.08589E+01 1.08637E+01 8.89270E+00 8.88096E+00 6.51188E+00 2.57827E+02
7.72301E+00 1.00794E+01 1.00912E+01 1.20505E+01 1.20461E+01 1.20462E+01 1.20511E+01 1.00912E+01 1.00794E+01 7.72301E+00 2.96317E+02
9.00801E+00 1.13522E+01 1.13641E+01 1.33128E+01 1.33084E+01 1.33086E+01 1.33134E+01 1.13641E+01 1.13522E+01 9.00801E+00 3.37441E+02
1.03654E+01 1.26980E+01 1.27099E+01 1.46485E+01 1.46441E+01 1.46442E+01 1.46491E+01 1.27099E+01 1.26980E+01 1.03654E+01 3.81151E+02
1.17936E+01 1.41151E+01 1.41271E+01 1.60560E+01 1.60516E+01 1.60517E+01 1.60566E+01 1.41271E+01 1.41151E+01 1.17936E+01 4.27399E+02
1.32913E+01 1.56021E+01 1.56142E+01 1.75338E+01 1.75294E+01 1.75295E+01 1.75345E+01 1.56142E+01 1.56021E+01 1.32913E+01 4.76130E+02
1.48570E+01 1.71576E+01 1.71697E+01 1.90804E+01 1.90760E+01 1.90761E+01 1.90811E+01 1.71698E+01 1.71576E+01 1.48570E+01 5.27288E+02
1.64893E+01 1.87801E+01 1.87923E+01 2.06944E+01 2.06899E+01 2.06901E+01 2.06950E+01 1.87923E+01 1.87801E+01 1.64893E+01 5.80816E+02
1.81869E+01 2.04682E+01 2.04804E+01 2.23742E+01 2.23698E+01 2.23699E+01 2.23749E+01 2.04804E+01 2.04682E+01 1.81869E+01 6.36653E+02
1.99483E+01 2.22204E+01 2.22327E+01 2.41186E+01 2.41141E+01 2.41143E+01 2.41193E+01 2.22327E+01 2.22204E+01 1.99483E+01 6.94740E+02
2.17723E+01 2.40355E+01 2.40479E+01 2.59261E+01 2.59216E+01 2.59217E+01 2.59267E+01 2.40479E+01 2.40355E+01 2.17723E+01 7.55016E+02
2.36574E+01 2.59122E+01 2.59246E+01 2.77953E+01 2.77908E+01 2.77910E+01 2.77960E+01 2.59246E+01 2.59122E+01 2.36574E+01 8.17422E+02
2.56025E+01 2.78490E+01 2.78615E+01 2.97250E+01 2.97205E+01 2.97207E+01 2.97257E+01 2.78615E+01 2.78490E+01 2.56025E+01 8.81898E+02
2.76063E+01 2.98448E+01 2.98573E+01 3.17139E+01 3.17094E+01 3.17095E+01 3.17146E+01 2.98573E+01 2.98448E+01 2.76063E+01 9.48383E+02
2.96675E+01 3.18982E+01 3.19108E+01 3.37606E+01 3.37561E+01 3.37563E+01 3.37613E+01 3.19108E+01 3.18982E+01 2.96675E+01 1.01682E+03
3.17849E+01 3.40081E+01 3.40207E+01 3.58640E+01 3.58595E+01 3.58596E+01 3.58647E+01 3.40207E+01 3.40081E+01 3.17849E+01 1.08715E+03
3.39573E+01 3.61732E+01 3.61859E+01 3.80228E+01 3.80183E+01 3.80184E+01 3.80235E+01 3.61859E+01 3.61732E+01 3.39573E+01 1.15932E+03
3.61836E+01 3.83924E+01 3.84051E+01 4.02358E+01 4.02313E+01 4.02315E+01 4.02366E+01 3.84051E+01 3.83924E+01 3.61836E+01 1.23327E+03
3.84626E+01 4.06644E+01 4.06772E+01 4.25019E+01 4.24974E+01 4.24975E+01 4.25027E+01 4.06772E+01 4.06644E+01 3.84626E+01 1.30895E+03
4.07931E+01 4.29882E+01 4.30010E+01 4.48200E+01 4.48154E+01 4.48156E+01 4.48207E+01 4.30010E+01 4.29882E+01 4.07931E+01 1.38630E+03
4.31741E+01 4.53627E+01 4.53755E+01 4.71888E+01 4.71842E+01 4.71844E+01 4.71895E+01 4.53755E+01 4.53627E+01 4.31741E+01 1.46528E+03
4.56045E+01 4.77867E+01 4.77996E+01 4.96073E+01 4.96027E+01 4.96029E+01 4.96080E+01 4.77996E+01 4.77867E+01 4.56045E+01 1.54582E+03
4.80832E+01 5.02592E+01 5.02721E+01 5.20744E+01 5.20698E+01 5.20700E+01 5.20752E+01 5.02721E+01 5.02592E+01 4.80832E+01 1.62789E+03
5.06092E+01 5.27791E+01 5.27921E+01 5.45891E+01 5.45846E+01 5.45847E+01 5.45899E+01 5.27921E+01 5.27791E+01 5.06092E+01 1.71143E+03
5.31815E+01 5.53455E+01 5.53585E+01 5.71504E+01 5.71458E+01 5.71460E+01 5.71512E+01 5.53585E+01 5.53455E+01 5.31815E+01 1.79640E+03
5.57991E+01 5.79573E+01 5.79704E+01 5.97572E+01 5.97526E+01 5.97528E+01 5.97580E+01 5.79704E+01 5.79573E+01 5.57991E+01 1.88275E+03
5.84610E+01 6.06136E+01 6.06267E+01 6.24086E+01 6.24040E+01 6.24042E+01 6.24094E+01 6.06267E+01 6.06136E+01 5.84610E+01 1.97044E+03
6.11663E+01 6.33133E+01 6.33265E+01 6.51036E+01 6.50990E+01 6.50992E+01 6.51044E+01 6.33265E+01 6.33133E+01 6.11663E+01 2.05942E+03
6.39140E+01 6.60556E+01 6.60688E+01 6.78413E+01 6.78367E+01 6.78368E+01 6.78421E+01 6.60688E+01 6.60556E+01 6.39140E+01 2.14966E+03
6.67032E+01 6.88396E+01 6.88528E+01 7.06207E+01 7.06160E+01 7.06162E+01 7.06215E+01 6.88528E+01 6.88396E+01 6.67032E+01 2.24111E+03
6.95331E+01 7.16643E+01 7.16775E+01 7.34409E+01 7.34363E+01 7.34364E+01 7.34417E+01 7.16775E+01 7.16643E+01 6.95331E+01 2.33373E+03
7.24027E+01 7.45288E+01 7.45421E+01 7.63011E+01 7.62965E+01 7.62967E+01 7.63020E+01 7.45421E+01 7.45288E+01 7.24027E+01 2.42749E+03
7.53113E+01 7.74324E+01 7.74458E+01 7.92004E+01 7.91958E+01 7.91960E+01 7.92013E+01 7.74458E+01 7.74324E+01 7.53113E+01 2.52235E+03
7.82579E+01 8.03742E+01 8.03876E+01 8.21380E+01 8.21334E+01 8.21336E+01 8.21389E+01 8.03876E+01 8.03742E+01 7.82579E+01 2.61827E+03
8.12418E+01 8.33533E+01 8.33667E+01 8.51131E+01 8.51084E+01 8.51086E+01 8.51139E+01 8.33667E+01 8.33533E+01 8.12418E+01 2.71521E+03
0.00000E+00 0.00000E+00 -5.40421E-02 2.01784E+00 2.01363E+00 2.01374E+00 2.01836E+00 -5.40351E-02 0.00000E+00 0.00000E+00 -2.64822E+00
0.00000E+00 0.00000E+00 -1.84100E-02 2.01366E+00 2.00939E+00 2.00949E+00 2.01416E+00 -1.84044E-02 0.00000E+00 0.00000E+00 -7.25673E-01
0.00000E+00 9.19439E-02 1.03094E-01 2.10250E+00 2.09820E+00 2.09829E+00 2.10300E+00 1.03098E-01 9.19439E-02 0.00000E+00 2.29540E+00
0.00000E+00 2.97511E-01 3.08821E-01 2.28022E+00 2.27588E+00 2.27596E+00 2.28071E+00 3.08824E-01 2.97511E-01 0.00000E+00 6.71256E+00
0.00000E+00 5.85688E-01 5.97145E-01 2.54390E+00 2.53953E+00 2.53960E+00 2.54440E+00 5.97148E-01 5.85688E-01 0.00000E+00 1.28796E+01
0.00000E+00 9.53280E-01 9.64874E-01 2.88966E+00 2.88526E+00 2.88533E+00 2.89016E+00 9.64877E-01 9.53280E-01 0.00000E+00 2.10367E+01
0.00000E+00 1.39707E+00 1.40879E+00 3.31376E+00 3.30933E+00 3.30940E+00 3.31427E+00 1.40879E+00 1.39707E+00 0.00000E+00 3.13628E+01
0.00000E+00 1.91405E+00 1.92589E+00 3.81283E+00 3.80838E+00 3.80844E+00 3.81334E+00 1.92589E+00 1.91405E+00 0.00000E+00 4.39832E+01
2.08975E-01 2.46562E+00 2.47757E+00 4.34806E+00 4.34359E+00 4.34365E+00 4.34858E+00 2.47757E+00 2.46562E+00 2.08975E-01 5.90323E+01
7.95539E-01 3.03473E+00 3.04679E+00 4.90214E+00 4.89765E+00 4.89771E+00 4.90267E+00 3.04679E+00 3.03473E+00 7.95539E-01 7.64930E+01
1.45485E+00 3.67773E+00 3.68990E+00 5.53110E+00 5.52659E+00 5.52665E+00 5.53164E+00 3.68990E+00 3.67773E+00 1.45485E+00 9.62705E+01
2.18517E+00 4.39276E+00 4.40502E+00 6.23296E+00 6.22843E+00 6.22849E+00 6.23350E+00 4.40502E+00 4.39276E+00 2.18517E+00 1.18379E+02
2.98481E+00 5.17799E+00 5.19034E+00 7.00580E+00 7.00125E+00 7.00132E+00 7.00635E+00 5.19034E+00 5.17799E+00 2.98481E+00 1.42815E+02
3.85209E+00 6.03166E+00 6.04411E+00 7.84778E+00 7.84321E+00 7.84328E+00 7.84834E+00 6.04411E+00 6.03166E+00 3.85209E+00 1.69565E+02
4.78537E+00 6.95206E+00 6.96459E+00 8.75710E+00 8.75252E+00 8.75259E+00 8.75767E+00 6.96459E+00 6.95206E+00 4.78537E+00 1.98604E+02
5.78308E+00 7.93753E+00 7.95015E+00 9.73206E+00 9.72746E+00 9.72753E+00 9.73264E+00 7.95015E+00 7.93753E+00 5.78308E+00 2.29898E+02
6.84366E+00 8.98646E+00 8.99916E+00 1.07710E+01 1.07664E+01 1.07664E+01 1.07716E+01 8.99915E+00 8.98646E+00 6.84366E+00 2.63407E+02
7.96559E+00 1.00973E+01 1.01101E+01 1.18723E+01 1.18676E+01 1.18677E+01 1.18729E+01 1.01101E+01 1.00973E+01 7.96559E+00 2.99087E+02
9.14742E+00 1.12685E+01 1.12813E+01 1.30344E+01 1.30297E+01 1.30298E+01 1.30350E+01 1.12813E+01 1.12685E+01 9.14742E+00 3.36888E+02
1.03877E+01 1.24986E+01 1.25115E+01 1.42557E+01 1.42511E+01 1.42512E+01 1.42564E+01 1.25115E+01 1.24986E+01 1.03877E+01 3.76759E+02
1.16850E+01 1.37861E+01 1.37991E+01 1.55349E+01 1.55303E+01 1.55304E+01 1.55356E+01 1.37991E+01 1.37861E+01 1.16850E+01 4.18646E+02
1.30380E+01 1.51298E+01 1.51429E+01 1.68705E+01 1.68659E+01 1.68659E+01 1.68712E+01 1.51428E+01 1.51298E+01 1.30380E+01 4.62494E+02
1.44454E+01 1.65281E+01 1.65413E+01 1.82612E+01 1.82565E+01 1.82566E+01 1.82618E+01 1.65413E+01 1.65281E+01 1.44454E+01 5.08248E+02
1.59058E+01 1.79798E+01 1.79930E+01 1.97054E+01 1.97007E+01 1.97008E+01 1.97061E+01 1.79930E+01 1.79798E+01 1.59058E+01 5.55850E+02
1.74179E+01 1.94836E+01 1.94969E+01 2.12021E+01 2.11974E+01 2.11975E+01 2.12028E+01 1.94969E+01 1.94836E+01 1.74179E+01 6.05247E+02
1.89807E+01 2.10383E+01 2.10516E+01 2.27498E+01 2.27451E+01 2.27452E+01 2.27505E+01 2.10516E+01 2.10383E+01 1.89807E+01 6.56381E+02
2.05927E+01 2.26425E+01 2.26559E+01 2.43473E+01 2.43426E+01 2.43427E+01 2.43480E+01 2.26559E+01 2.26425E+01 2.05927E+01 7.09197E+02
2.22529E+01 2.42951E+01 2.43086E+01 2.59935E+01 2.59887E+01 2.59888E+01 2.59942E+01 2.43086E+01 2.42951E+01 2.22529E+01 7.63642E+02
2.39600E+01 2.59949E+01 2.60085E+01 2.76871E+01 2.76823E+01 2.76824E+01 2.76878E+01 2.60085E+01 2.59949E+01 2.39600E+01 8.19662E+02
2.57131E+01 2.77409E+01 2.77545E+01 2.94269E+01 2.94222E+01 2.94223E+01 2.94277E+01 2.77545E+01 2.77409E+01 2.57131E+01 8.77205E+02
2.75109E+01 2.95318E+01 2.95454E+01 3.12119E+01 3.12072E+01 3.12073E+01 3.12127E+01 2.95454E+01 2.95318E+01 2.75109E+01 9.36220E+02
2.93524E+01 3.13666E+01 3.13803E+01 3.30410E+01 3.30363E+01 3.30364E+01 3.30418E+01 3.13803E+01 3.13666E+01 2.93524E+01 9.96657E+02
3.12365E+01 3.32442E+01 3.32580E+01 3.49131E+01 3.49083E+01 3.49084E+01 3.49139E+01 3.32580E+01 3.32442E+01 3.12365E+01 1.05847E+03
3.31623E+01 3.51637E+01 3.51775E+01 3.68271E+01 3.68224E+01 3.68225E+01 3.68279E+01 3.51775E+01 3.51637E+01 3.31623E+01 1.12160E+03
3.51286E+01 3.71239E+01 3.71378E+01 3.87821E+01 3.87773E+01 3.87774E+01 3.87829E+01 3.71378E+01 3.71239E+01 3.51286E+01 1.18602E+03
3.71347E+01 3.91239E+01 3.91379E+01 4.07770E+01 4.07722E+01 4.07724E+01 4.07778E+01 3.91378E+01 3.91239E+01 3.71347E+01 1.25167E+03
3.91794E+01 4.11628E+01 4.11768E+01 4.28110E+01 4.28061E+01 4.28063E+01 4.28118E+01 4.11768E+01 4.11628E+01 3.91794E+01 1.31852E+03
4.12619E+01 4.32396E+01 4.32537E+01 4.48829E+01 4.48781E+01 4.48782E+01 4.48837E+01 4.32537E+01 4.32396E+01 4.12619E+01 1.38651E+03
4.33813E+01 4.53534E+01 4.53675E+01 4.69920E+01 4.69872E+01 4.69873E+01 4.69928E+01 4.53675E+01 4.53534E+01 4.33813E+01 1.45562E+03
4.55366E+01 4.75034E+01 4.75175E+01 4.91373E+01 4.91325E+01 4.91326E+01 4.91382E+01 4.75175E+01 4.75034E+01 4.55366E+01 1.52579E+03
4.77271E+01 4.96886E+01 4.97028E+01 5.13180E+01 5.13132E+01 5.13133E+01 5.13189E+01 4.97028E+01 4.96886E+01 4.77271E+01 1.59699E+03
4.99519E+01 5.19082E+01 5.19224E+01 5.35332E+01 5.35284E+01 5.35285E+01 5.35341E+01 5.19224E+01 5.19082E+01 4.99519E+01 1.66919E+03
5.22102E+01 5.41614E+01 5.41757E+01 5.57821E+01 5.57772E+01 5.57774E+01 5.57830E+01 5.41757E+01 5.41614E+01 5.22102E+01 1.74235E+03
5.45011E+01 5.64474E+01 5.64617E+01 5.80638E+01 5.80590E+01 5.80591E+01 5.80647E+01 5.64617E+01 5.64474E+01 5.45011E+01 1.81644E+03
5.68239E+01 5.87653E+01 5.87797E+01 6.03777E+01 6.03728E+01 6.03730E+01 6.03786E+01 5.87797E+01 5.87653E+01 5.68239E+01 1.89141E+03
5.91779E+01 6.11146E+01 6.11290E+01 6.27229E+01 6.27180E+01 6.27182E+01 6.27238E+01 6.11290E+01 6.11146E+01 5.91779E+01 1.96724E+03
6.15622E+01 6.34943E+01 6.35087E+01 6.50986E+01 6.50938E+01 6.50939E+01 6.50996E+01 6.35087E+01 6.34943E+01 6.15622E+01 2.04390E+03
6.39762E+01 6.59037E+01 6.59182E+01 6.75042E+01 6.74994E+01 6.74995E+01 6.75052E+01 6.59182E+01 6.59037E+01 6.39762E+01 2.12136E+03
6.64192E+01 6.83422E+01 6.83568E+01 6.99390E+01 6.99341E+01 6.99343E+01 6.99399E+01 6.83568E+01 6.83422E+01 6.64192E+01 2.19958E+03
6.88904E+01 7.08091E+01 7.08237E+01 7.24021E+01 7.23973E+01 7.23974E+01 7.24031E+01 7.08237E+01 7.08091E+01 6.88904E+01 2.27855E+03
0.00000E+00 0.00000E+00 -5.13966E-02 1.82277E+00 1.81830E+00 1.81827E+00 1.82303E+00 -5.14002E-02 0.00000E+00 0.00000E+00 -2.46743E+00
0.00000E+00 0.00000E+00 -1.62816E-02 1.82175E+00 1.81723E+00 1.81720E+00 1.82202E+00 -1.62856E-02 0.00000E+00 0.00000E+00 -6.78200E-01
0.00000E+00 8.66188E-02 9.85541E-02 1.90695E+00 1.90239E+00 1.90236E+00 1.90724E+00 9.85500E-02 8.66188E-02 0.00000E+00 2.14708E+00
0.00000E+00 2.77725E-01 2.89851E-01 2.07282E+00 2.06822E+00 2.06819E+00 2.07313E+00 2.89847E-01 2.77725E-01 0.00000E+00 6.27138E+00
0.00000E+00 5.42678E-01 5.54979E-01 2.31557E+00 2.31095E+00 2.31093E+00 2.31591E+00 5.54975E-01 5.42678E-01 0.00000E+00 1.20016E+01
0.00000E+00 8.77758E-01 8.90222E-01 2.63087E+00 2.62621E+00 2.62619E+00 2.63122E+00 8.90217E-01 8.77758E-01 0.00000E+00 1.95334E+01
0.00000E+00 1.27946E+00 1.29208E+00 3.01474E+00 3.01005E+00 3.01004E+00 3.01511E+00 1.29207E+00 1.27946E+00 0.00000E+00 2.90040E+01
0.00000E+00 1.74464E+00 1.75739E+00 3.46368E+00 3.45898E+00 3.45897E+00 3.46408E+00 1.75739E+00 1.74464E+00 0.00000E+00 4.05024E+01
1.88800E-01 2.24028E+00 2.25317E+00 3.94451E+00 3.93979E+00 3.93978E+00 3.94493E+00 2.25316E+00 2.24028E+00 1.88800E-01 5.40965E+01
7.16482E-01 2.75199E+00 2.76500E+00 4.44260E+00 4.43785E+00 4.43785E+00 4.44304E+00 2.76500E+00 2.75199E+00 7.16482E-01 6.97296E+01
1.30638E+00 3.32696E+00 3.34009E+00 5.00485E+00 5.00008E+00 5.00009E+00 5.00531E+00 3.34009E+00 3.32696E+00 1.30638E+00 8.73445E+01
1.95663E+00 3.96321E+00 3.97646E+00 5.62917E+00 5.62439E+00 5.62440E+00 5.62965E+00 3.97646E+00 3.96321E+00 1.95663E+00 1.06939E+02
2.66547E+00 4.65887E+00 4.67223E+00 6.31360E+00 6.30880E+00 6.30881E+00 6.31410E+00 4.67223E+00 4.65887E+00 2.66547E+00 1.28497E+02
3.43119E+00 5.41213E+00 5.42560E+00 7.05626E+00 7.05144E+00 7.05146E+00 7.05678E+00 5.42559E+00 5.41213E+00 3.43119E+00 1.51993E+02
4.25212E+00 6.22127E+00 6.23484E+00 7.85536E+00 7.85053E+00 7.85056E+00 7.85591E+00 6.23484E+00 6.22127E+00 4.25212E+00 1.77395E+02
5.12671E+00 7.08465E+00 7.09833E+00 8.70922E+00 8.70437E+00 8.70441E+00 8.70978E+00 7.09832E+00 7.08465E+00 5.12671E+00 2.04664E+02
6.05341E+00 8.00070E+00 8.01447E+00 9.61620E+00 9.61134E+00 9.61138E+00 9.61678E+00 8.01446E+00 8.00070E+00 6.05341E+00 2.33755E+02
7.03078E+00 8.96789E+00 8.98175E+00 1.05747E+01 1.05699E+01 1.05699E+01 1.05754E+01 8.98175E+00 8.96789E+00 7.03078E+00 2.64621E+02
8.05738E+00 9.98477E+00 9.99872E+00 1.15834E+01 1.15785E+01 1.15785E+01 1.15840E+01 9.99872E+00 9.98477E+00 8.05738E+00 2.97214E+02
9.13185E+00 1.10499E+01 1.10640E+01 1.26406E+01 1.26357E+01 1.26358E+01 1.26413E+01 1.10640E+01 1.10499E+01 9.13185E+00 3.31481E+02
1.02529E+01 1.21620E+01 1.21762E+01 1.37451E+01 1.37402E+01 1.37403E+01 1.37458E+01 1.21761E+01 1.21620E+01 1.02529E+01 3.67371E+02
1.14191E+01 1.33197E+01 1.33339E+01 1.48956E+01 1.48906E+01 1.48907E+01 1.48963E+01 1.33339E+01 1.33197E+01 1.14191E+01 4.04832E+02
1.26295E+01 1.45218E+01 1.45361E+01 1.60906E+01 1.60857E+01 1.60858E+01 1.60913E+01 1.45361E+01 1.45218E+01 1.26295E+01 4.43811E+02
1.38826E+01 1.57670E+01 1.57813E+01 1.73291E+01 1.73241E+01 1.73242E+01 1.73298E+01 1.57813E+01 1.57670E+01 1.38826E+01 4.84257E+02
1.51773E+01 1.70541E+01 1.70685E+01 1.86097E+01 1.86047E+01 1.86048E+01 1.86104E+01 1.70685E+01 1.70541E+01 1.51773E+01 5.26118E+02
1.65126E+01 1.83819E+01 1.83965E+01 1.99313E+01 1.99263E+01 1.99264E+01 1.99320E+01 1.83965E+01 1.83819E+01 1.65126E+01 5.69343E+02
1.78873E+01 1.97495E+01 1.97641E+01 2.12928E+01 2.12878E+01 2.12879E+01 2.12936E+01 1.97641E+01 1.97495E+01 1.78873E+01 6.13884E+02
1.93004E+01 2.11556E+01 2.11703E+01 2.26930E+01 2.26881E+01 2.26882E+01 2.26938E+01 2.11703E+01 2.11556E+01 1.93004E+01 6.59692E+02
2.07508E+01 2.25993E+01 2.26140E+01 2.41310E+01 2.41260E+01 2.41262E+01 2.41318E+01 2.26140E+01 2.25993E+01 2.07508E+01 7.06720E+02
2.22374E+01 2.40795E+01 2.40943E+01 2.56057E+01 2.56007E+01 2.56008E+01 2.56065E+01 2.40943E+01 2.40795E+01 2.22374E+01 7.54921E+02
2.37594E+01 2.55952E+01 2.56100E+01 2.71160E+01 2.71111E+01 2.71112E+01 2.71169E+01 2.56100E+01 2.55952E+01 2.37594E+01 8.04252E+02
2.53158E+01 2.71454E+01 2.71603E+01 2.86611E+01 2.86561E+01 2.86562E+01 2.86620E+01 2.71603E+01 2.71454E+01 2.53158E+01 8.54670E+02
2.69056E+01 2.87293E+01 2.87443E+01 3.02399E+01 3.02349E+01 3.02351E+01 3.02408E+01 2.87443E+01 2.87293E+01 2.69056E+01 9.06131E+02
2.85280E+01 3.03458E+01 3.03609E+01 3.18516E+01 3.18466E+01 3.18467E+01 3.18525E+01 3.03609E+01 3.03458E+01 2.85280E+01 9.58597E+02
3.01820E+01 3.19943E+01 3.20094E+01 3.34953E+01 3.34903E+01 3.34904E+01 3.34962E+01 3.20094E+01 3.19943E+01 3.01820E+01 1.01203E+03
3.18669E+01 3.36737E+01 3.36889E+01 3.51701E+01 3.51650E+01 3.51652E+01 3.51710E+01 3.36889E+01 3.36737E+01 3.18669E+01 1.06638E+03
3.35818E+01 3.53832E+01 3.53985E+01 3.68751E+01 3.68700E+01 3.68702E+01 3.68760E+01 3.53985E+01 3.53832E+01 3.35818E+01 1.12163E+03
3.53259E+01 3.71221E+01 3.71374E+01 3.86096E+01 3.86045E+01 3.86047E+01 3.86105E+01 3.71374E+01 3.71221E+01 3.53259E+01 1.17773E+03
3.70984E+01 3.88895E+01 3.89049E+01 4.03727E+01 4.03676E+01 4.03678E+01 4.03737E+01 3.89049E+01 3.88895E+01 3.70984E+01 1.23466E+03
3.88985E+01 4.06847E+01 4.07002E+01 4.21637E+01 4.21587E+01 4.21588E+01 4.21647E+01 4.07002E+01 4.06847E+01 3.88985E+01 1.29237E+03
4.07257E+01 4.25070E+01 4.25225E+01 4.39819E+01 4.39768E+01 4.39770E+01 4.39829E+01 4.25225E+01 4.25070E+01 4.07257E+01 1.35083E+03
4.25790E+01 4.43556E+01 4.43711E+01 4.58265E+01 4.58214E+01 4.58216E+01 4.58275E+01 4.43711E+01 4.43556E+01 4.25790E+01 1.41003E+03
4.44578E+01 4.62298E+01 4.62454E+01 4.76968E+01 4.76917E+01 4.76919E+01 4.76978E+01 4.62454E+01 4.62298E+01 4.44578E+01 1.46991E+03
4.63615E+01 4.81289E+01 4.81446E+01 4.95921E+01 4.95870E+01 4.95872E+01 4.95932E+01 4.81446E+01 4.81289E+01 4.63615E+01 1.53047E+03
4.82893E+01 5.00524E+01 5.00681E+01 5.15118E+01 5.15067E+01 5.15069E+01 5.15129E+01 5.00681E+01 5.00524E+01 4.82893E+01 1.59167E+03
5.02407E+01 5.19994E+01 5.20152E+01 5.34552E+01 5.34501E+01 5.34503E+01 5.34563E+01 5.20152E+01 5.19994E+01 5.02407E+01 1.65348E+03
5.22151E+01 5.39695E+01 5.39853E+01 5.54217E+01 5.54166E+01 5.54168E+01 5.54228E+01 5.39853E+01 5.39695E+01 5.22151E+01 1.71588E+03
5.42117E+01 5.59620E+01 5.59778E+01 5.74107E+01 5.74056E+01 5.74058E+01 5.74118E+01 5.59778E+01 5.59620E+01 5.42117E+01 1.77884E+03
5.62300E+01 5.79762E+01 5.79922E+01 5.94215E+01 5.94164E+01 5.94166E+01 5.94227E+01 5.79921E+01 5.79762E+01 5.62300E+01 1.84234E+03
5.82695E+01 6.00117E+01 6.00277E+01 6.14536E+01 6.14485E+01 6.14487E+01 6.14548E+01 6.00277E+01 6.00117E+01 5.82695E+01 1.90637E+03
0.00000E+00 0.00000E+00 -4.90503E-02 1.64579E+00 1.64106E+00 1.64097E+00 1.64591E+00 -4.90567E-02 0.00000E+00 0.00000E+00 -2.30521E+00
0.00000E+00 0.00000E+00 -1.41284E-02 1.64789E+00 1.64312E+00 1.64304E+00 1.64807E+00 -1.41347E-02 0.00000E+00 0.00000E+00 -6.35162E-01
0.00000E+00 8.17067E-02 9.45922E-02 1.72970E+00 1.72488E+00 1.72481E+00 1.72992E+00 9.45861E-02 8.17067E-02 0.00000E+00 2.01226E+00
0.00000E+00 2.59398E-01 2.72509E-01 1.88452E+00 1.87966E+00 1.87961E+00 1.88478E+00 2.72503E-01 2.59398E-01 0.00000E+00 5.86654E+00
0.00000E+00 5.02877E-01 5.16195E-01 2.10788E+00 2.10300E+00 2.10295E+00 2.10819E+00 5.16189E-01 5.02877E-01 0.00000E+00 1.11909E+01
0.00000E+00 8.08052E-01 8.21561E-01 2.39512E+00 2.39021E+00 2.39018E+00 2.39547E+00 8.21555E-01 8.08052E-01 0.00000E+00 1.81406E+01
0.00000E+00 1.17125E+00 1.18494E+00 2.74215E+00 2.73722E+00 2.73719E+00 2.74254E+00 1.18493E+00 1.17125E+00 0.00000E+00 2.68165E+01
0.00000E+00 1.58926E+00 1.60311E+00 3.14545E+00 3.14049E+00 3.14048E+00 3.14588E+00 1.60310E+00 1.58926E+00 0.00000E+00 3.72762E+01
1.70312E-01 2.03397E+00 2.04798E+00 3.57674E+00 3.57176E+00 3.57176E+00 3.57721E+00 2.04797E+00 2.03397E+00 1.70312E-01 4.95337E+01
6.44247E-01 2.49329E+00 2.50744E+00 4.02371E+00 4.01872E+00 4.01872E+00 4.02421E+00 2.50744E+00 2.49329E+00 6.44247E-01 6.35021E+01
1.17110E+00 3.00649E+00 3.02079E+00 4.52538E+00 4.52037E+00 4.52038E+00 4.52592E+00 3.02078E+00 3.00649E+00 1.17110E+00 7.91564E+01
1.74898E+00 3.57156E+00 3.58599E+00 5.07963E+00 5.07460E+00 5.07462E+00 5.08020E+00 3.58598E+00 3.57156E+00 1.74898E+00 9.64814E+01
2.37609E+00 4.18660E+00 4.20116E+00 5.68450E+00 5.67945E+00 5.67948E+00 5.68510E+00 4.20116E+00 4.18660E+00 2.37609E+00 1.15452E+02
3.05073E+00 4.84984E+00 4.86453E+00 6.33813E+00 6.33307E+00 6.33311E+00 6.33877E+00 4.86453E+00 4.84984E+00 3.05073E+00 1.36036E+02
3.77128E+00 5.55960E+00 5.57441E+00 7.03879E+00 7.03372E+00 7.03377E+00 7.03946E+00 5.57441E+00 5.55960E+00 3.77128E+00 1.58196E+02
4.53622E+00 6.31429E+00 6.32921E+00 7.78484E+00 7.77975E+00 7.77981E+00 7.78555E+00 6.32921E+00 6.31429E+00 4.53622E+00 1.81888E+02
5.34407E+00 7.11239E+00 7.12743E+00 8.57473E+00 8.56963E+00 8.56969E+00 8.57546E+00 7.12742E+00 7.11239E+00 5.34407E+00 2.07067E+02
6.19346E+00 7.95246E+00 7.96761E+00 9.40697E+00 9.40186E+00 9.40193E+00 9.40773E+00 7.96761E+00 7.95246E+00 6.19346E+00 2.33686E+02
7.08303E+00 8.83315E+00 8.84840E+00 1.02802E+01 1.02750E+01 1.02751E+01 1.02810E+01 8.84840E+00 8.83315E+00 7.08303E+00 2.61698E+02
8.01152E+00 9.75312E+00 9.76848E+00 1.11930E+01 1.11878E+01 1.11879E+01 1.11938E+01 9.76847E+00 9.75312E+00 8.01152E+00 2.91052E+02
8.97769E+00 1.07111E+01 1.07266E+01 1.21441E+01 1.21390E+01 1.21391E+01 1.21450E+01 1.07266E+01 1.07111E+01 8.97769E+00 3.21700E+02
9.98036E+00 1.17059E+01 1.17215E+01 1.31323E+01 1.31272E+01 1.31273E+01 1.31332E+01 1.17215E+01 1.17059E+01 9.98036E+00 3.53593E+02
1.10184E+01 1.27364E+01 1.27521E+01 1.41565E+01 1.41513E+01 1.41514E+01 1.41574E+01 1.27521E+01 1.27364E+01 1.10184E+01 3.86683E+02
1.20907E+01 1.38015E+01 1.38172E+01 1.52154E+01 1.52102E+01 1.52103E+01 1.52163E+01 1.38172E+01 1.38015E+01 1.20907E+01 4.20923E+02
1.31962E+01 1.49000E+01 1.49158E+01 1.63080E+01 1.63028E+01 1.63030E+01 1.63090E+01 1.49158E+01 1.49000E+01 1.31962E+01 4.56267E+02
1.43339E+01 1.60309E+01 1.60468E+01 1.74332E+01 1.74281E+01 1.74282E+01 1.74342E+01 1.60468E+01 1.60309E+01 1.43339E+01 4.92670E+02
1.55028E+01 1.71932E+01 1.72093E+01 1.85901E+01 1.85849E+01 1.85851E+01 1.85911E+01 1.72092E+01 1.71932E+01 1.55028E+01 5.30088E+02
1.67020E+01 1.83861E+01 1.84022E+01 1.97776E+01 1.97724E+01 1.97726E+01 1.97787E+01 1.84022E+01 1.83861E+01 1.67020E+01 5.68479E+02
1.79305E+01 1.96084E+01 1.96246E+01 2.09948E+01 2.09896E+01 2.09898E+01 2.09959E+01 1.96246E+01 1.96084E+01 1.79305E+01 6.07802E+02
1.91874E+01 2.08594E+01 2.08757E+01 2.22408E+01 2.22356E+01 2.22358E+01 2.22419E+01 2.08757E+01 2.08594E+01 1.91874E+01 6.48017E+02
2.04719E+01 2.21382E+01 2.21545E+01 2.35147E+01 2.35095E+01 2.35097E+01 2.35159E+01 2.21545E+01 2.21382E+01 2.04719E+01 6.89085E+02
2.17832E+01 2.34438E+01 2.34603E+01 2.48157E+01 2.48105E+01 2.48107E+01 2.48169E+01 2.34602E+01 2.34438E+01 2.17832E+01 7.30971E+02
2.31204E+01 2.47756E+01 2.47921E+01 2.61429E+01 2.61377E+01 2.61379E+01 2.61441E+01 2.47921E+01 2.47756E+01 2.31204E+01 7.73638E+02
2.44828E+01 2.61327E+01 2.61493E+01 2.74956E+01 2.74903E+01 2.74906E+01 2.74968E+01 2.61493E+01 2.61327E+01 2.44828E+01 8.17051E+02
2.58696E+01 2.75144E+01 2.75310E+01 2.88729E+01 2.88677E+01 2.88679E+01 2.88742E+01 2.75310E+01 2.75144E+01 2.58696E+01 8.61179E+02
2.72801E+01 2.89198E+01 2.89365E+01 3.02742E+01 3.02689E+01 3.02692E+01 3.02754E+01 2.89365E+01 2.89198E+01 2.72801E+01 9.05990E+02
2.87136E+01 3.03484E+01 3.03652E+01 3.16987E+01 3.16934E+01 3.16936E+01 3.17000E+01 3.03652E+01 3.03484E+01 2.87136E+01 9.51452E+02
3.01693E+01 3.17994E+01 3.18163E+01 3.31457E+01 3.31404E+01 3.31407E+01 3.31470E+01 3.18162E+01 3.17994E+01 3.01693E+01 9.97537E+02
3.16467E+01 3.32721E+01 3.32891E+01 3.46145E+01 3.46092E+01 3.46095E+01 3.46158E+01 3.32890E+01 3.32721E+01 3.16467E+01 1.04422E+03
3.31451E+01 3.47660E+01 3.47830E+01 3.61046E+01 3.60993E+01 3.60995E+01 3.61059E+01 3.47829E+01 3.47660E+01 3.31451E+01 1.09146E+03
3.46638E+01 3.62803E+01 3.62973E+01 3.76151E+01 3.76099E+01 3.76101E+01 3.76165E+01 3.62973E+01 3.62803E+01 3.46638E+01 1.13925E+03
3.62023E+01 3.78144E+01 3.78315E+01 3.91457E+01 3.91404E+01 3.91407E+01 3.91471E+01 3.78315E+01 3.78144E+01 3.62023E+01 1.18756E+03
3.77599E+01 3.93678E+01 3.93850E+01 4.06956E+01 4.06903E+01 4.06905E+01 4.06970E+01 3.93850E+01 3.93678E+01 3.77599E+01 1.23636E+03
3.93362E+01 4.09400E+01 4.09572E+01 4.22642E+01 4.22589E+01 4.22592E+01 4.22657E+01 4.09572E+01 4.09400E+01 3.93362E+01 1.28562E+03
4.09305E+01 4.25302E+01 4.25475E+01 4.38511E+01 4.38458E+01 4.38461E+01 4.38526E+01 4.25475E+01 4.25302E+01 4.09305E+01 1.33534E+03
4.25424E+01 4.41381E+01 4.41555E+01 4.54557E+01 4.54503E+01 4.54506E+01 4.54571E+01 4.41555E+01 4.41381E+01 4.25424E+01 1.38548E+03
4.41712E+01 4.57631E+01 4.57805E+01 4.70774E+01 4.70720E+01 4.70724E+01 4.70789E+01 4.57805E+01 4.57631E+01 4.41712E+01 1.43603E+03
4.58165E+01 4.74046E+01 4.74221E+01 4.87157E+01 4.87104E+01 4.87107E+01 4.87172E+01 4.74221E+01 4.74046E+01 4.58165E+01 1.48697E+03
4.74779E+01 4.90622E+01 4.90798E+01 5.03702E+01 5.03649E+01 5.03652E+01 5.03718E+01 4.90797E+01 4.90622E+01 4.74779E+01 1.53827E+03
4.91548E+01 5.07354E+01 5.07530E+01 5.20404E+01 5.20351E+01 5.20354E+01 5.20420E+01 5.07530E+01 5.07354E+01 4.91548E+01 1.58993E+03
0.00000E+00 0.00000E+00 -4.69342E-02 1.48517E+00 1.48018E+00 1.48010E+00 1.48535E+00 -4.69394E-02 0.00000E+00 0.00000E+00 -2.15998E+00
0.00000E+00 0.00000E+00 -1.19140E-02 1.49037E+00 1.48533E+00 1.48527E+00 1.49063E+00 -1.19189E-02 0.00000E+00 0.00000E+00 -5.96214E-01
0.00000E+00 7.71663E-02 9.11879E-02 1.56900E+00 1.56393E+00 1.56388E+00 1.56933E+00 9.11832E-02 7.71663E-02 0.00000E+00 1.88965E+00
0.00000E+00 2.42398E-01 2.56685E-01 1.71350E+00 1.70839E+00 1.70837E+00 1.71390E+00 2.56681E-01 2.42398E-01 0.00000E+00 5.49468E+00
0.00000E+00 4.66015E-01 4.80544E-01 1.91888E+00 1.91375E+00 1.91374E+00 1.91935E+00 4.80540E-01 4.66015E-01 0.00000E+00 1.04416E+01
0.00000E+00 7.43686E-01 7.58438E-01 2.18030E+00 2.17513E+00 2.17514E+00 2.18082E+00 7.58434E-01 7.43686E-01 0.00000E+00 1.68492E+01
0.00000E+00 1.07167E+00 1.08663E+00 2.49362E+00 2.48843E+00 2.48845E+00 2.49419E+00 1.08662E+00 1.07167E+00 0.00000E+00 2.47867E+01
0.00000E+00 1.44675E+00 1.46190E+00 2.85536E+00 2.85016E+00 2.85019E+00 2.85599E+00 1.46190E+00 1.44675E+00 0.00000E+00 3.42855E+01
1.53380E-01 1.84512E+00 1.86046E+00 3.24157E+00 3.23635E+00 3.23639E+00 3.24225E+00 1.86045E+00 1.84512E+00 1.53380E-01 4.53159E+01
5.78296E-01 2.25667E+00 2.27218E+00 3.64192E+00 3.63668E+00 3.63674E+00 3.64265E+00 2.27217E+00 2.25667E+00 5.78296E-01 5.77699E+01
1.04797E+00 2.71384E+00 2.72951E+00 4.08864E+00 4.08338E+00 4.08345E+00 4.08942E+00 2.72951E+00 2.71384E+00 1.04797E+00 7.16489E+01
1.56050E+00 3.21465E+00 3.23048E+00 4.57964E+00 4.57437E+00 4.57445E+00 4.58047E+00 3.23048E+00 3.21465E+00 1.56050E+00 8.69287E+01
2.11412E+00 3.75724E+00 3.77322E+00 5.11301E+00 5.10772E+00 5.10782E+00 5.11388E+00 3.77322E+00 3.75724E+00 2.11412E+00 1.03578E+02
2.70721E+00 4.33990E+00 4.35603E+00 5.68695E+00 5.68165E+00 5.68176E+00 5.68786E+00 4.35602E+00 4.33990E+00 2.70721E+00 1.21559E+02
3.33819E+00 4.96101E+00 4.97728E+00 6.29982E+00 6.29450E+00 6.29462E+00 6.30077E+00 4.97727E+00 4.96101E+00 3.33819E+00 1.40832E+02
4.00563E+00 5.61907E+00 5.63548E+00 6.95005E+00 6.94472E+00 6.94486E+00 6.95105E+00 5.63547E+00 5.61907E+00 4.00563E+00 1.61352E+02
4.70815E+00 6.31266E+00 6.32920E+00 7.63619E+00 7.63085E+00 7.63100E+00 7.63723E+00 6.32919E+00 6.31266E+00 4.70815E+00 1.83076E+02
5.44444E+00 7.04044E+00 7.05710E+00 8.35686E+00 8.35151E+00 8.35167E+00 8.35794E+00 7.05710E+00 7.04044E+00 5.44444E+00 2.05956E+02
6.21327E+00 7.80113E+00 7.81792E+00 9.11076E+00 9.10541E+00 9.10558E+00 9.11188E+00 7.81791E+00 7.80113E+00 6.21327E+00 2.29948E+02
7.01346E+00 8.59353E+00 8.61043E+00 9.89667E+00 9.89130E+00 9.89148E+00 9.89782E+00 8.61043E+00 8.59353E+00 7.01346E+00 2.55004E+02
7.84389E+00 9.41649E+00 9.43351E+00 1.07134E+01 1.07080E+01 1.07082E+01 1.07146E+01 9.43350E+00 9.41649E+00 7.84389E+00 2.81080E+02
8.70348E+00 1.02689E+01 1.02860E+01 1.15598E+01 1.15544E+01 1.15546E+01 1.15611E+01 1.02860E+01 1.02689E+01 8.70348E+00 3.08132E+02
9.59122E+00 1.11497E+01 1.11670E+01 1.24349E+01 1.24295E+01 1.24297E+01 1.24362E+01 1.11670E+01 1.11497E+01 9.59122E+00 3.36117E+02
1.05061E+01 1.20580E+01 1.20753E+01 1.33376E+01 1.33322E+01 1.33324E+01 1.33389E+01 1.20753E+01 1.20580E+01 1.05061E+01 3.64991E+02
1.14472E+01 1.29927E+01 1.30101E+01 1.42669E+01 1.42615E+01 1.42618E+01 1.42683E+01 1.30101E+01 1.29927E+01 1.14472E+01 3.94714E+02
1.24136E+01 1.39529E+01 1.39704E+01 1.52220E+01 1.52166E+01 1.52168E+01 1.52234E+01 1.39704E+01 1.39529E+01 1.24136E+01 4.25248E+02
1.34045E+01 1.49377E+01 1.49554E+01 1.62019E+01 1.61965E+01 1.61967E+01 1.62033E+01 1.49554E+01 1.49377E+01 1.34045E+01 4.56554E+02
1.44189E+01 1.59464E+01 1.59641E+01 1.72057E+01 1.72003E+01 1.72006E+01 1.72072E+01 1.59641E+01 1.59464E+01 1.44189E+01 4.88594E+02
1.54562E+01 1.69780E+01 1.69959E+01 1.82327E+01 1.82272E+01 1.82275E+01 1.82342E+01 1.69959E+01 1.69780E+01 1.54562E+01 5.21335E+02
1.65154E+01 1.80318E+01 1.80498E+01 1.92820E+01 1.92765E+01 1.92768E+01 1.92835E+01 1.80498E+01 1.80318E+01 1.65154E+01 5.54743E+02
1.75960E+01 1.91071E+01 1.91251E+01 2.03529E+01 2.03474E+01 2.03477E+01 2.03544E+01 1.91251E+01 1.91071E+01 1.75960E+01 5.88784E+02
1.86971E+01 2.02031E+01 2.02212E+01 2.14446E+01 2.14391E+01 2.14394E+01 2.14462E+01 2.02212E+01 2.02031E+01 1.86971E+01 6.23427E+02
1.98180E+01 2.13191E+01 2.13373E+01 2.25564E+01 2.25510E+01 2.25513E+01 2.25580E+01 2.13373E+01 2.13191E+01 1.98180E+01 6.58644E+02
2.09582E+01 2.24544E+01 2.24727E+01 2.36877E+01 2.36823E+01 2.36826E+01 2.36894E+01 2.24727E+01 2.24544E+01 2.09582E+01 6.94405E+02
2.21169E+01 2.36084E+01 2.36268E+01 2.48378E+01 2.48324E+01 2.48327E+01 2.48395E+01 2.36268E+01 2.36084E+01 2.21169E+01 7.30684E+02
2.32936E+01 2.47805E+01 2.47989E+01 2.60061E+01 2.60006E+01 2.60010E+01 2.60078E+01 2.47989E+01 2.47805E+01 2.32936E+01 7.67453E+02
2.44876E+01 2.59700E+01 2.59885E+01 2.71919E+01 2.71864E+01 2.71868E+01 2.71936E+01 2.59885E+01 2.59700E+01 2.44876E+01 8.04688E+02
2.56983E+01 2.71764E+01 2.71950E+01 2.83947E+01 2.83892E+01 2.83896E+01 2.83964E+01 2.71950E+01 2.71764E+01 2.56983E+01 8.42365E+02
2.69253E+01 2.83991E+01 2.84178E+01 2.96139E+01 2.96084E+01 2.96087E+01 2.96156E+01 2.84178E+01 2.83991E+01 2.69253E+01 8.80462E+02
2.81679E+01 2.96376E+01 2.96563E+01 3.08489E+01 3.08434E+01 3.08438E+01 3.08507E+01 2.96563E+01 2.96376E+01 2.81679E+01 9.18956E+02
2.94257E+01 3.08913E+01 3.09101E+01 3.20992E+01 3.20937E+01 3.20941E+01 3.21011E+01 3.09101E+01 3.08913E+01 2.94257E+01 9.57826E+02
3.06981E+01 3.21597E+01 3.21786E+01 3.33644E+01 3.33589E+01 3.33593E+01 3.33662E+01 3.21786E+01 3.21597E+01 3.06981E+01 9.97053E+02
3.19846E+01 3.34424E+01 3.34614E+01 3.46438E+01 3.46383E+01 3.46387E+01 3.46457E+01 3.34614E+01 3.34424E+01 3.19846E+01 1.03662E+03
3.32848E+01 3.47388E+01 3.47579E+01 3.59371E+01 3.59316E+01 3.59320E+01 3.59391E+01 3.47579E+01 3.47388E+01 3.32848E+01 1.07650E+03
3.45983E+01 3.60486E+01 3.60677E+01 3.72438E+01 3.72383E+01 3.72387E+01 3.72458E+01 3.60677E+01 3.60486E+01 3.45983E+01 1.11669E+03
3.59245E+01 3.73712E+01 3.73904E+01 3.85634E+01 3.85579E+01 3.85583E+01 3.85654E+01 3.73904E+01 3.73712E+01 3.59245E+01 1.15716E+03
3.72631E+01 3.87062E+01 3.87255E+01 3.98955E+01 3.98900E+01 3.98904E+01 3.98975E+01 3.87255E+01 3.87062E+01 3.72631E+01 1.19789E+03
3.86137E+01 4.00533E+01 4.00726E+01 4.12397E+01 4.12342E+01 4.12346E+01 4.12417E+01 4.00726E+01 4.00533E+01 3.86137E+01 1.23889E+03
3.99758E+01 4.14120E+01 4.14314E+01 4.25956E+01 4.25900E+01 4.25905E+01 4.25976E+01 4.14314E+01 4.14120E+01 3.99758E+01 1.28012E+03
4.13491E+01 4.27819E+01 4.28014E+01 4.39627E+01 4.39572E+01 4.39577E+01 4.39648E+01 4.28014E+01 4.27819E+01 4.13491E+01 1.32157E+03
0.00000E+00 0.00000E+00 -4.49788E-02 1.33936E+00 1.33410E+00 1.33407E+00 1.33974E+00 -4.49813E-02 0.00000E+00 0.00000E+00 -2.03036E+00
0.00000E+00 0.00000E+00 -9.60145E-03 1.34761E+00 1.34231E+00 1.34230E+00 1.34809E+00 -9.60385E-03 0.00000E+00 0.00000E+00 -5.60989E-01
0.00000E+00 7.29594E-02 8.83264E-02 1.42327E+00 1.41794E+00 1.41795E+00 1.42385E+00 8.83241E-02 7.29594E-02 0.00000E+00 1.77817E+00
0.00000E+00 2.26607E-01 2.42283E-01 1.55812E+00 1.55276E+00 1.55279E+00 1.55878E+00 2.42281E-01 2.26607E-01 0.00000E+00 5.15284E+00
0.00000E+00 4.31846E-01 4.47804E-01 1.74683E+00 1.74144E+00 1.74149E+00 1.74756E+00 4.47802E-01 4.31846E-01 0.00000E+00 9.74824E+00
0.00000E+00 6.84223E-01 7.00441E-01 1.98446E+00 1.97905E+00 1.97912E+00 1.98527E+00 7.00439E-01 6.84223E-01 0.00000E+00 1.56507E+01
0.00000E+00 9.80004E-01 9.96463E-01 2.26695E+00 2.26152E+00 2.26161E+00 2.26783E+00 9.96461E-01 9.80004E-01 0.00000E+00 2.29024E+01
0.00000E+00 1.31605E+00 1.33274E+00 2.59090E+00 2.58545E+00 2.58556E+00 2.59185E+00 1.33273E+00 1.31605E+00 0.00000E+00 3.15125E+01
1.37886E-01 1.67230E+00 1.68920E+00 2.93612E+00 2.93065E+00 2.93078E+00 2.93713E+00 1.68919E+00 1.67230E+00 1.37886E-01 4.14175E+01
5.18137E-01 2.04032E+00 2.05742E+00 3.29399E+00 3.28850E+00 3.28865E+00 3.29506E+00 2.05741E+00 2.04032E+00 5.18137E-01 5.24952E+01
9.35980E-01 2.44673E+00 2.46402E+00 3.69092E+00 3.68542E+00 3.68558E+00 3.69206E+00 2.46402E+00 2.44673E+00 9.35980E-01 6.47688E+01
1.38958E+00 2.88961E+00 2.90708E+00 4.12490E+00 4.11939E+00 4.11956E+00 4.12610E+00 2.90708E+00 2.88961E+00 1.38958E+00 7.82080E+01
1.87724E+00 3.36717E+00 3.38482E+00 4.59410E+00 4.58857E+00 4.58876E+00 4.59535E+00 3.38482E+00 3.36717E+00 1.87724E+00 9.27771E+01
2.39740E+00 3.87780E+00 3.89561E+00 5.09682E+00 5.09128E+00 5.09149E+00 5.09813E+00 3.89561E+00 3.87780E+00 2.39740E+00 1.08437E+02
2.94860E+00 4.41997E+00 4.43794E+00 5.63151E+00 5.62596E+00 5.62619E+00 5.63287E+00 4.43794E+00 4.41997E+00 2.94860E+00 1.25145E+02
3.52949E+00 4.99228E+00 5.01042E+00 6.19672E+00 6.19117E+00 6.19141E+00 6.19814E+00 5.01041E+00 4.99228E+00 3.52949E+00 1.42859E+02
4.13880E+00 5.59343E+00 5.61171E+00 6.79111E+00 6.78555E+00 6.78580E+00 6.79258E+00 5.61171E+00 5.59343E+00 4.13880E+00 1.61536E+02
4.77533E+00 6.22217E+00 6.24060E+00 7.41341E+00 7.40784E+00 7.40811E+00 7.41493E+00 6.24060E+00 6.22217E+00 4.77533E+00 1.81132E+02
5.43796E+00 6.87736E+00 6.89593E+00 8.06244E+00 8.05686E+00 8.05714E+00 8.06401E+00 6.89593E+00 6.87736E+00 5.43796E+00 2.01605E+02
6.12562E+00 7.55789E+00 7.57660E+00 8.73708E+00 8.73149E+00 8.73179E+00 8.73869E+00 7.57659E+00 7.55789E+00 6.12562E+00 2.22912E+02
6.83729E+00 8.26273E+00 8.28157E+00 9.43627E+00 9.43067E+00 9.43098E+00 9.43793E+00 8.28157E+00 8.26273E+00 6.83729E+00 2.45012E+02
7.57203E+00 8.99089E+00 9.00987E+00 1.01590E+01 1.01534E+01 1.01537E+01 1.01607E+01 9.00986E+00 8.99089E+00 7.57203E+00 2.67866E+02
8.32891E+00 9.74146E+00 9.76056E+00 1.09044E+01 1.08987E+01 1.08991E+01 1.09061E+01 9.76055E+00 9.74146E+00 8.32891E+00 2.91435E+02
9.10706E+00 1.05135E+01 1.05328E+01 1.16714E+01 1.16658E+01 1.16661E+01 1.16732E+01 1.05327E+01 1.05135E+01 9.10706E+00 3.15683E+02
9.90567E+00 1.13063E+01 1.13256E+01 1.24593E+01 1.24537E+01 1.24540E+01 1.24611E+01 1.13256E+01 1.13063E+01 9.90567E+00 3.40574E+02
1.07239E+01 1.21189E+01 1.21383E+01 1.32672E+01 1.32616E+01 1.32620E+01 1.32691E+01 1.21383E+01 1.21189E+01 1.07239E+01 3.66073E+02
1.15611E+01 1.29505E+01 1.29701E+01 1.40944E+01 1.40887E+01 1.40891E+01 1.40963E+01 1.29701E+01 1.29505E+01 1.15611E+01 3.92149E+02
1.24164E+01 1.38005E+01 1.38202E+01 1.49400E+01 1.49344E+01 1.49348E+01 1.49420E+01 1.38202E+01 1.38005E+01 1.24164E+01 4.18771E+02
1.32892E+01 1.46682E+01 1.46880E+01 1.58034E+01 1.57978E+01 1.57982E+01 1.58055E+01 1.46880E+01 1.46682E+01 1.32892E+01 4.45907E+02
1.41788E+01 1.55528E+01 1.55728E+01 1.66840E+01 1.66783E+01 1.66788E+01 1.66860E+01 1.55727E+01 1.55528E+01 1.41788E+01 4.73531E+02
1.50846E+01 1.64538E+01 1.64738E+01 1.75810E+01 1.75753E+01 1.75757E+01 1.75831E+01 1.64738E+01 1.64538E+01 1.50846E+01 5.01615E+02
1.60059E+01 1.73705E+01 1.73906E+01 1.84937E+01 1.84881E+01 1.84886E+01 1.84959E+01 1.73906E+01 1.73705E+01 1.60059E+01 5.30133E+02
1.69422E+01 1.83022E+01 1.83224E+01 1.94218E+01 1.94161E+01 1.94166E+01 1.94239E+01 1.83224E+01 1.83022E+01 1.69422E+01 5.59061E+02
1.78930E+01 1.92485E+01 1.92688E+01 2.03644E+01 2.03587E+01 2.03592E+01 2.03666E+01 1.92688E+01 1.92485E+01 1.78930E+01 5.88374E+02
1.88576E+01 2.02088E+01 2.02292E+01 2.13211E+01 2.13155E+01 2.13160E+01 2.13234E+01 2.02292E+01 2.02088E+01 1.88576E+01 6.18052E+02
1.98355E+01 2.11826E+01 2.12031E+01 2.22914E+01 2.22858E+01 2.22863E+01 2.22937E+01 2.12031E+01 2.11826E+01 1.98355E+01 6.48073E+02
2.08263E+01 2.21693E+01 2.21899E+01 2.32748E+01 2.32691E+01 2.32696E+01 2.32771E+01 2.21898E+01 2.21693E+01 2.08263E+01 6.78416E+02
2.18295E+01 2.31684E+01 2.31891E+01 2.42706E+01 2.42650E+01 2.42655E+01 2.42730E+01 2.31891E+01 2.31684E+01 2.18295E+01 7.09063E+02
2.28445E+01 2.41796E+01 2.42004E+01 2.52786E+01 2.52729E+01 2.52735E+01 2.52810E+01 2.42004E+01 2.41796E+01 2.28445E+01 7.39994E+02
2.38710E+01 2.52023E+01 2.52232E+01 2.62982E+01 2.62925E+01 2.62931E+01 2.63007E+01 2.52232E+01 2.52023E+01 2.38710E+01 7.71194E+02
2.49086E+01 2.62361E+01 2.62571E+01 2.73290E+01 2.73233E+01 2.73239E+01 2.73315E+01 2.62571E+01 2.62361E+01 2.49086E+01 8.02644E+02
2.59567E+01 2.72807E+01 2.73017E+01 2.83705E+01 2.83649E+01 2.83654E+01 2.83731E+01 2.73017E+01 2.72807E+01 2.59567E+01 8.34330E+02
2.70151E+01 2.83355E+01 2.83566E+01 2.94225E+01 2.94168E+01 2.94174E+01 2.94250E+01 2.83566E+01 2.83355E+01 2.70151E+01 8.66236E+02
2.80833E+01 2.94002E+01 2.94215E+01 3.04844E+01 3.04787E+01 3.04793E+01 3.04869E+01 2.94214E+01 2.94002E+01 2.80833E+01 8.98348E+02
2.91610E+01 3.04745E+01 3.04958E+01 3.15558E+01 3.15501E+01 3.15508E+01 3.15585E+01 3.04958E+01 3.04745E+01 2.91610E+01 9.30652E+02
3.02478E+01 3.15580E+01 3.15794E+01 3.26366E+01 3.26309E+01 3.26315E+01 3.26392E+01 3.15793E+01 3.15580E+01 3.02478E+01 9.63136E+02
3.13433E+01 3.26503E+01 3.26717E+01 3.37262E+01 3.37205E+01 3.37211E+01 3.37289E+01 3.26717E+01 3.26503E+01 3.13433E+01 9.95787E+02
3.24473E+01 3.37511E+01 3.37726E+01 3.48244E+01 3.48187E+01 3.48193E+01 3.48271E+01 3.37726E+01 3.37511E+01 3.24473E+01 1.02859E+03
3.35594E+01 3.48600E+01 3.48816E+01 3.59308E+01 3.59251E+01 3.59257E+01 3.59335E+01 3.48816E+01 3.48600E+01 3.35594E+01 1.06154E+03
3.46792E+01 3.59768E+01 3.59985E+01 3.70451E+01 3.70394E+01 3.70401E+01 3.70479E+01 3.59985E+01 3.59768E+01 3.46792E+01 1.09463E+03
0.00000E+00 0.00000E+00 -4.31095E-02 1.20695E+00 1.20143E+00 1.20145E+00 1.20760E+00 -4.31097E-02 0.00000E+00 0.00000E+00 -1.91505E+00
0.00000E+00 0.00000E+00 -7.15040E-03 1.21820E+00 1.21264E+00 1.21269E+00 1.21898E+00 -7.15070E-03 0.00000E+00 0.00000E+00 -5.29075E-01
0.00000E+00 6.90502E-02 8.59993E-02 1.29107E+00 1.28548E+00 1.28556E+00 1.29196E+00 8.59989E-02 6.90502E-02 0.00000E+00 1.67691E+00
0.00000E+00 2.11913E-01 2.29221E-01 1.41688E+00 1.41127E+00 1.41137E+00 1.41787E+00 2.29220E-01 2.11913E-01 0.00000E+00 4.83843E+00
0.00000E+00 4.00140E-01 4.17775E-01 1.59011E+00 1.58448E+00 1.58460E+00 1.59120E+00 4.17774E-01 4.00140E-01 0.00000E+00 9.10614E+00
0.00000E+00 6.29261E-01 6.47197E-01 1.80586E+00 1.80021E+00 1.80035E+00 1.80704E+00 6.47196E-01 6.29261E-01 0.00000E+00 1.45378E+01
0.00000E+00 8.95620E-01 9.13834E-01 2.06017E+00 2.05449E+00 2.05466E+00 2.06143E+00 9.13833E-01 8.95620E-01 0.00000E+00 2.11523E+01
0.00000E+00 1.19620E+00 1.21467E+00 2.34977E+00 2.34408E+00 2.34427E+00 2.35112E+00 1.21467E+00 1.19620E+00 0.00000E+00 2.89413E+01
1.23719E-01 1.51418E+00 1.53290E+00 2.65775E+00 2.65205E+00 2.65226E+00 2.65918E+00 1.53290E+00 1.51418E+00 1.23719E-01 3.78151E+01
4.63311E-01 1.84259E+00 1.86154E+00 2.97695E+00 2.97123E+00 2.97146E+00 2.97845E+00 1.86154E+00 1.84259E+00 4.63311E-01 4.76435E+01
8.34241E-01 2.20307E+00 2.22224E+00 3.32882E+00 3.32310E+00 3.32335E+00 3.33040E+00 2.22223E+00 2.20307E+00 8.34241E-01 5.84675E+01
1.23476E+00 2.59378E+00 2.61316E+00 3.71147E+00 3.70573E+00 3.70601E+00 3.71312E+00 2.61316E+00 2.59378E+00 1.23476E+00 7.02529E+01
1.66328E+00 3.01306E+00 3.03265E+00 4.12316E+00 4.11742E+00 4.11771E+00 4.12488E+00 3.03264E+00 3.01306E+00 1.66328E+00 8.29617E+01
2.11833E+00 3.45940E+00 3.47917E+00 4.56233E+00 4.55657E+00 4.55689E+00 4.56412E+00 3.47917E+00 3.45940E+00 2.11833E+00 9.65541E+01
2.59858E+00 3.93139E+00 3.95135E+00 5.02753E+00 5.02177E+00 5.02210E+00 5.02939E+00 3.95135E+00 3.93139E+00 2.59858E+00 1.10989E+02
3.10278E+00 4.42774E+00 4.44788E+00 5.51744E+00 5.51167E+00 5.51203E+00 5.51937E+00 4.44788E+00 4.42774E+00 3.10278E+00 1.26226E+02
3.62977E+00 4.94726E+00 4.96758E+00 6.03084E+00 6.02506E+00 6.02544E+00 6.03282E+00 4.96758E+00 4.94726E+00 3.62977E+00 1.42224E+02
4.17848E+00 5.48884E+00 5.50933E+00 6.56657E+00 6.56079E+00 6.56118E+00 6.56862E+00 5.50933E+00 5.48884E+00 4.17848E+00 1.58942E+02
4.74788E+00 6.05144E+00 6.07209E+00 7.12358E+00 7.11779E+00 7.11821E+00 7.12569E+00 6.07208E+00 6.05144E+00 4.74788E+00 1.76342E+02
5.33703E+00 6.63407E+00 6.65488E+00 7.70087E+00 7.69507E+00 7.69551E+00 7.70304E+00 6.65487E+00 6.63407E+00 5.33703E+00 1.94386E+02
5.94503E+00 7.23582E+00 7.25678E+00 8.29749E+00 8.29169E+00 8.29215E+00 8.29973E+00 7.25678E+00 7.23582E+00 5.94503E+00 2.13037E+02
6.57104E+00 7.85583E+00 7.87693E+00 8.91257E+00 8.90677E+00 8.90724E+00 8.91487E+00 7.87693E+00 7.85583E+00 6.57104E+00 2.32261E+02
7.21425E+00 8.49326E+00 8.51452E+00 9.54527E+00 9.53946E+00 9.53996E+00 9.54763E+00 8.51451E+00 8.49326E+00 7.21425E+00 2.52025E+02
7.87391E+00 9.14736E+00 9.16875E+00 1.01948E+01 1.01890E+01 1.01895E+01 1.01972E+01 9.16875E+00 9.14736E+00 7.87391E+00 2.72295E+02
8.54929E+00 9.81737E+00 9.83890E+00 1.08604E+01 1.08546E+01 1.08551E+01 1.08629E+01 9.83890E+00 9.81737E+00 8.54929E+00 2.93043E+02
9.23972E+00 1.05026E+01 1.05243E+01 1.15414E+01 1.15356E+01 1.15362E+01 1.15440E+01 1.05243E+01 1.05026E+01 9.23972E+00 3.14239E+02
9.94453E+00 1.12024E+01 1.12242E+01 1.22371E+01 1.22313E+01 1.22319E+01 1.22397E+01 1.12242E+01 1.12024E+01 9.94453E+00 3.35856E+02
1.06631E+01 1.19162E+01 1.19381E+01 1.29469E+01 1.29411E+01 1.29417E+01 1.29495E+01 1.19381E+01 1.19162E+01 1.06631E+01 3.57867E+02
1.13949E+01 1.26432E+01 1.26653E+01 1.36701E+01 1.36643E+01 1.36649E+01 1.36728E+01 1.26653E+01 1.26432E+01 1.13949E+01 3.80249E+02
1.21393E+01 1.33830E+01 1.34052E+01 1.44062E+01 1.44004E+01 1.44010E+01 1.44090E+01 1.34052E+01 1.33830E+01 1.21393E+01 4.02976E+02
1.28957E+01 1.41351E+01 1.41574E+01 1.51547E+01 1.51488E+01 1.51495E+01 1.51575E+01 1.41574E+01 1.41351E+01 1.28957E+01 4.26028E+02
1.36637E+01 1.48988E+01 1.49212E+01 1.59149E+01 1.59090E+01 1.59097E+01 1.59177E+01 1.49212E+01 1.48988E+01 1.36637E+01 4.49383E+02
1.44428E+01 1.56737E+01 1.56963E+01 1.66864E+01 1.66806E+01 1.66812E+01 1.66893E+01 1.56963E+01 1.56737E+01 1.44428E+01 4.73021E+02
1.52325E+01 1.64594E+01 1.64820E+01 1.74687E+01 1.74629E+01 1.74636E+01 1.74717E+01 1.64820E+01 1.64594E+01 1.52325E+01 4.96924E+02
1.60323E+01 1.72553E+01 1.72780E+01 1.82614E+01 1.82555E+01 1.82563E+01 1.82644E+01 1.72780E+01 1.72553E+01 1.60323E+01 5.21073E+02
1.68419E+01 1.80610E+01 1.80838E+01 1.90640E+01 1.90581E+01 1.90588E+01 1.90670E+01 1.80838E+01 1.80610E+01 1.68419E+01 5.45451E+02
1.76607E+01 1.88761E+01 1.88991E+01 1.98760E+01 1.98702E+01 1.98709E+01 1.98791E+01 1.88990E+01 1.88761E+01 1.76607E+01 5.70043E+02
1.84885E+01 1.97002E+01 1.97233E+01 2.06972E+01 2.06913E+01 2.06921E+01 2.07003E+01 1.97233E+01 1.97002E+01 1.84885E+01 5.94834E+02
1.93248E+01 2.05330E+01 2.05561E+01 2.15270E+01 2.15212E+01 2.15219E+01 2.15302E+01 2.05561E+01 2.05330E+01 1.93248E+01 6.19808E+02
2.01693E+01 2.13740E+01 2.13972E+01 2.23652E+01 2.23593E+01 2.23601E+01 2.23684E+01 2.13972E+01 2.13740E+01 2.01693E+01 6.44953E+02
2.10216E+01 2.22229E+01 2.22462E+01 2.32113E+01 2.32055E+01 2.32063E+01 2.32146E+01 2.22462E+01 2.22229E+01 2.10216E+01 6.70255E+02
2.18814E+01 2.30793E+01 2.31028E+01 2.40651E+01 2.40592E+01 2.40601E+01 2.40684E+01 2.31028E+01 2.30793E+01 2.18814E+01 6.95703E+02
2.27483E+01 2.39430E+01 2.39666E+01 2.49261E+01 2.49203E+01 2.49211E+01 2.49295E+01 2.39666E+01 2.39430E+01 2.27483E+01 7.21284E+02
2.36221E+01 2.48137E+01 2.48373E+01 2.57942E+01 2.57883E+01 2.57892E+01 2.57976E+01 2.48373E+01 2.48137E+01 2.36221E+01 7.46988E+02
2.45025E+01 2.56909E+01 2.57147E+01 2.66689E+01 2.66631E+01 2.66640E+01 2.66724E+01 2.57147E+01 2.56909E+01 2.45025E+01 7.72805E+02
2.53891E+01 2.65745E+01 2.65984E+01 2.75501E+01 2.75442E+01 2.75451E+01 2.75536E+01 2.65984E+01 2.65745E+01 2.53891E+01 7.98724E+02
2.62818E+01 2.74642E+01 2.74882E+01 2.84373E+01 2.84315E+01 2.84324E+01 2.84409E+01 2.74881E+01 2.74642E+01 2.62818E+01 8.24736E+02
2.71801E+01 2.83597E+01 2.83837E+01 2.93304E+01 2.93246E+01 2.93255E+01 2.93340E+01 2.83837E+01 2.83597E+01 2.71801E+01 8.50833E+02
2.80840E+01 2.92607E+01 2.92848E+01 3.02291E+01 3.02232E+01 3.02242E+01 3.02327E+01 2.92848E+01 2.92607E+01 2.80840E+01 8.77006E+02
2.89931E+01 3.01670E+01 3.01912E+01 3.11331E+01 3.11273E+01 3.11282E+01 3.11368E+01 3.01912E+01 3.01670E+01 2.89931E+01 9.03247E+02
0.00000E+00 0.00000E+00 -4.12455E-02 1.08668E+00 1.08090E+00 1.08096E+00 1.08763E+00 -4.12443E-02 0.00000E+00 0.00000E+00 -1.81291E+00
0.00000E+00 0.00000E+00 -4.51658E-03 1.10088E+00 1.09506E+00 1.09516E+00 1.10198E+00 -4.51574E-03 0.00000E+00 0.00000E+00 -5.00020E-01
0.00000E+00 6.54054E-02 8.42047E-02 1.17110E+00 1.16526E+00 1.16539E+00 1.17234E+00 8.42051E-02 6.54054E-02 0.00000E+00 1.58518E+00
0.00000E+00 1.98214E-01 2.17427E-01 1.28844E+00 1.28258E+00 1.28274E+00 1.28981E+00 2.17427E-01 1.98214E-01 0.00000E+00 4.54917E+00
0.00000E+00 3.70689E-01 3.90280E-01 1.44731E+00 1.44143E+00 1.44162E+00 1.44880E+00 3.90280E-01 3.70689E-01 0.00000E+00 8.51110E+00
0.00000E+00 5.78432E-01 5.98370E-01 1.64292E+00 1.63703E+00 1.63725E+00 1.64452E+00 5.98369E-01 5.78432E-01 0.00000E+00 1.35037E+01
0.00000E+00 8.17920E-01 8.38180E-01 1.87147E+00 1.86557E+00 1.86581E+00 1.87318E+00 8.38179E-01 8.17920E-01 0.00000E+00 1.95265E+01
0.00000E+00 1.08629E+00 1.10685E+00 2.12989E+00 2.12397E+00 2.12425E+00 2.13170E+00 1.10685E+00 1.08629E+00 0.00000E+00 2.65571E+01
1.10777E-01 1.36955E+00 1.39039E+00 2.40407E+00 2.39814E+00 2.39845E+00 2.40598E+00 1.39039E+00 1.36955E+00 1.10777E-01 3.44871E+01
4.13397E-01 1.66194E+00 1.68305E+00 2.68810E+00 2.68217E+00 2.68250E+00 2.69011E+00 1.68305E+00 1.66194E+00 4.13397E-01 4.31831E+01
7.41917E-01 1.98090E+00 2.00226E+00 2.99926E+00 2.99332E+00 2.99368E+00 3.00136E+00 2.00226E+00 1.98090E+00 7.41917E-01 5.27002E+01
1.09470E+00 2.32472E+00 2.34632E+00 3.33576E+00 3.32981E+00 3.33020E+00 3.33795E+00 2.34632E+00 2.32472E+00 1.09470E+00 6.30020E+01
1.47028E+00 2.69186E+00 2.71369E+00 3.69600E+00 3.69005E+00 3.69047E+00 3.69828E+00 2.71369E+00 2.69186E+00 1.47028E+00 7.40504E+01
1.86731E+00 3.08091E+00 3.10297E+00 4.07855E+00 4.07259E+00 4.07304E+00 4.08092E+00 3.10296E+00 3.08091E+00 1.86731E+00 8.58064E+01
2.28457E+00 3.49062E+00 3.51288E+00 4.48210E+00 4.47614E+00 4.47661E+00 4.48455E+00 3.51288E+00 3.49062E+00 2.28457E+00 9.82308E+01
2.72093E+00 3.91981E+00 3.94228E+00 4.90544E+00 4.89948E+00 4.89997E+00 4.90798E+00 3.94228E+00 3.91981E+00 2.72093E+00 1.11285E+02
3.17536E+00 4.36741E+00 4.39008E+00 5.34748E+00 5.34151E+00 5.34204E+00 5.35010E+00 4.39008E+00 4.36741E+00 3.17536E+00 1.24932E+02
3.64690E+00 4.83243E+00 4.85530E+00 5.80720E+00 5.80123E+00 5.80178E+00 5.80990E+00 4.85529E+00 4.83243E+00 3.64690E+00 1.39136E+02
4.13464E+00 5.31395E+00 5.33700E+00 6.28365E+00 6.27767E+00 6.27825E+00 6.28643E+00 5.33700E+00 5.31395E+00 4.13464E+00 1.53860E+02
4.63776E+00 5.81111E+00 5.83434E+00 6.77595E+00 6.76997E+00 6.77058E+00 6.77881E+00 5.83433E+00 5.81111E+00 4.63776E+00 1.69073E+02
5.15546E+00 6.32309E+00 6.34650E+00 7.28328E+00 7.27731E+00 7.27794E+00 7.28622E+00 6.34649E+00 6.32309E+00 5.15546E+00 1.84742E+02
5.68701E+00 6.84915E+00 6.87273E+00 7.80488E+00 7.79890E+00 7.79955E+00 7.80789E+00 6.87273E+00 6.84915E+00 5.68701E+00 2.00838E+02
6.23173E+00 7.38858E+00 7.41233E+00 8.34001E+00 8.33403E+00 8.33471E+00 8.34310E+00 7.41232E+00 7.38858E+00 6.23173E+00 2.17331E+02
6.78894E+00 7.94071E+00 7.96462E+00 8.88800E+00 8.88202E+00 8.88273E+00 8.89116E+00 7.96461E+00 7.94071E+00 6.78894E+00 2.34194E+02
7.35805E+00 8.50491E+00 8.52897E+00 9.44822E+00 9.44223E+00 9.44296E+00 9.45144E+00 8.52897E+00 8.50491E+00 7.35805E+00 2.51403E+02
7.93846E+00 9.08059E+00 9.10480E+00 1.00200E+01 1.00141E+01 1.00148E+01 1.00233E+01 9.10480E+00 9.08059E+00 7.93846E+00 2.68932E+02
8.52963E+00 9.66718E+00 9.69154E+00 1.06029E+01 1.05969E+01 1.05977E+01 1.06063E+01 9.69153E+00 9.66718E+00 8.52963E+00 2.86760E+02
9.13103E+00 1.02641E+01 1.02887E+01 1.11963E+01 1.11903E+01 1.11911E+01 1.11997E+01 1.02886E+01 1.02641E+01 9.13103E+00 3.04864E+02
9.74217E+00 1.08710E+01 1.08956E+01 1.17996E+01 1.17937E+01 1.17945E+01 1.18031E+01 1.08956E+01 1.08710E+01 9.74217E+00 3.23225E+02
1.03626E+01 1.14872E+01 1.15120E+01 1.24125E+01 1.24065E+01 1.24074E+01 1.24161E+01 1.15120E+01 1.14872E+01 1.03626E+01 3.41823E+02
1.09918E+01 1.21124E+01 1.21373E+01 1.30344E+01 1.30284E+01 1.30293E+01 1.30380E+01 1.21373E+01 1.21124E+01 1.09918E+01 3.60641E+02
1.16294E+01 1.27461E+01 1.27712E+01 1.36649E+01 1.36589E+01 1.36598E+01 1.36686E+01 1.27712E+01 1.27461E+01 1.16294E+01 3.79661E+02
1.22750E+01 1.33879E+01 1.34131E+01 1.43036E+01 1.42976E+01 1.42985E+01 1.43074E+01 1.34131E+01 1.33879E+01 1.22750E+01 3.98869E+02
1.29282E+01 1.40374E+01 1.40627E+01 1.49501E+01 1.49441E+01 1.49450E+01 1.49539E+01 1.40627E+01 1.40374E+01 1.29282E+01 4.18248E+02
1.35886E+01 1.46942E+01 1.47196E+01 1.56040E+01 1.55980E+01 1.55990E+01 1.56079E+01 1.47196E+01 1.46942E+01 1.35886E+01 4.37784E+02
1.42559E+01 1.53580E+01 1.53836E+01 1.62649E+01 1.62589E+01 1.62599E+01 1.62689E+01 1.53835E+01 1.53580E+01 1.42559E+01 4.57465E+02
1.49298E+01 1.60284E+01 1.60541E+01 1.69326E+01 1.69266E+01 1.69276E+01 1.69366E+01 1.60541E+01 1.60284E+01 1.49298E+01 4.77279E+02
1.56098E+01 1.67052E+01 1.67310E+01 1.76066E+01 1.76006E+01 1.76017E+01 1.76107E+01 1.67310E+01 1.67052E+01 1.56098E+01 4.97212E+02
1.62958E+01 1.73879E+01 1.74138E+01 1.82867E+01 1.82807E+01 1.82818E+01 1.82909E+01 1.74138E+01 1.73879E+01 1.62958E+01 5.17255E+02
1.69875E+01 1.80763E+01 1.81024E+01 1.89726E+01 1.89666E+01 1.89677E+01 1.89768E+01 1.81024E+01 1.80763E+01 1.69875E+01 5.37397E+02
1.76844E+01 1.87702E+01 1.87964E+01 1.96640E+01 1.96580E+01 1.96591E+01 1.96682E+01 1.87964E+01 1.87702E+01 1.76844E+01 5.57628E+02
1.83865E+01 1.94693E+01 1.94955E+01 2.03605E+01 2.03546E+01 2.03557E+01 2.03649E+01 1.94955E+01 1.94693E+01 1.83865E+01 5.77938E+02
1.90934E+01 2.01732E+01 2.01996E+01 2.10621E+01 2.10561E+01 2.10572E+01 2.10664E+01 2.01995E+01 2.01732E+01 1.90934E+01 5.98320E+02
1.98049E+01 2.08818E+01 2.09082E+01 2.17683E+01 2.17623E+01 2.17635E+01 2.17727E+01 2.09082E+01 2.08818E+01 1.98049E+01 6.18764E+02
2.05207E+01 2.15948E+01 2.16213E+01 2.24790E+01 2.24730E+01 2.24742E+01 2.24835E+01 2.16213E+01 2.15948E+01 2.05207E+01 6.39264E+02
2.12407E+01 2.23119E+01 2.23386E+01 2.31940E+01 2.31880E+01 2.31892E+01 2.31985E+01 2.23386E+01 2.23119E+01 2.12407E+01 6.59812E+02
2.19645E+01 2.30331E+01 2.30599E+01 2.39129E+01 2.39069E+01 2.39082E+01 2.39175E+01 2.30599E+01 2.30331E+01 2.19645E+01 6.80401E+02
2.26921E+01 2.37580E+01 2.37849E+01 2.46357E+01 2.46297E+01 2.46310E+01 2.46403E+01 2.37849E+01 2.37580E+01 2.26921E+01 7.01025E+02
2.34232E+01 2.44865E+01 2.45135E+01 2.53621E+01 2.53561E+01 2.53574E+01 2.53668E+01 2.45135E+01 2.44865E+01 2.34232E+01 7.21677E+02
2.41577E+01 2.52184E+01 2.52455E+01 2.60919E+01 2.60859E+01 2.60872E+01 2.60966E+01 2.52455E+01 2.52184E+01 2.41577E+01 7.42352E+02
0.00000E+00 0.00000E+00 -3.92979E-02 9.77414E-01 9.71382E-01 9.71462E-01 9.78684E-01 -3.92963E-02 0.00000E+00 0.00000E+00 -1.72286E+00
0.00000E+00 0.00000E+00 -1.65091E-03 9.94482E-01 9.88428E-01 9.88553E-01 9.95945E-01 -1.64992E-03 0.00000E+00 0.00000E+00 -4.73331E-01
0.00000E+00 6.19930E-02 8.29473E-02 1.06218E+00 1.05611E+00 1.05628E+00 1.06382E+00 8.29477E-02 6.19930E-02 0.00000E+00 1.50241E+00
0.00000E+00 1.85413E-01 2.06844E-01 1.17156E+00 1.16548E+00 1.16569E+00 1.17336E+00 2.06844E-01 1.85413E-01 0.00000E+00 4.28312E+00
0.00000E+00 3.43298E-01 3.65164E-01 1.31710E+00 1.31100E+00 1.31126E+00 1.31905E+00 3.65163E-01 3.43298E-01 0.00000E+00 7.95936E+00
0.00000E+00 5.31393E-01 5.53657E-01 1.49418E+00 1.48808E+00 1.48837E+00 1.49628E+00 5.53656E-01 5.31393E-01 0.00000E+00 1.25423E+01
0.00000E+00 7.46356E-01 7.68990E-01 1.69921E+00 1.69311E+00 1.69344E+00 1.70145E+00 7.68988E-01 7.46356E-01 0.00000E+00 1.80157E+01
0.00000E+00 9.85509E-01 1.00849E+00 1.92933E+00 1.92322E+00 1.92359E+00 1.93170E+00 1.00848E+00 9.85509E-01 0.00000E+00 2.43465E+01
9.89672E-02 1.23729E+00 1.26059E+00 2.17287E+00 2.16675E+00 2.16717E+00 2.17536E+00 1.26059E+00 1.23729E+00 9.89672E-02 3.14137E+01
3.68004E-01 1.49697E+00 1.52058E+00 2.42497E+00 2.41885E+00 2.41930E+00 2.42759E+00 1.52057E+00 1.49697E+00 3.68004E-01 3.90846E+01
6.58235E-01 1.77847E+00 1.80236E+00 2.69938E+00 2.69325E+00 2.69375E+00 2.70212E+00 1.80236E+00 1.77847E+00 6.58235E-01 4.74252E+01
9.68156E-01 2.08019E+00 2.10436E+00 2.99445E+00 2.98833E+00 2.98886E+00 2.99731E+00 2.10435E+00 2.08019E+00 9.68156E-01 5.63989E+01
1.29642E+00 2.40073E+00 2.42517E+00 3.30875E+00 3.30262E+00 3.30319E+00 3.31172E+00 2.42516E+00 2.40073E+00 1.29642E+00 6.59683E+01
1.64182E+00 2.73885E+00 2.76353E+00 3.64095E+00 3.63483E+00 3.63543E+00 3.64404E+00 2.76353E+00 2.73885E+00 1.64182E+00 7.60962E+01
2.00327E+00 3.09338E+00 3.11831E+00 3.98990E+00 3.98377E+00 3.98442E+00 3.99309E+00 3.11831E+00 3.09338E+00 2.00327E+00 8.67464E+01
2.37975E+00 3.46330E+00 3.48847E+00 4.35451E+00 4.34839E+00 4.34907E+00 4.35782E+00 3.48846E+00 3.46330E+00 2.37975E+00 9.78836E+01
2.77035E+00 3.84766E+00 3.87306E+00 4.73382E+00 4.72770E+00 4.72842E+00 4.73723E+00 3.87305E+00 3.84766E+00 2.77035E+00 1.09474E+02
3.17423E+00 4.24559E+00 4.27120E+00 5.12693E+00 5.12081E+00 5.12156E+00 5.13045E+00 4.27119E+00 4.24559E+00 3.17423E+00 1.21486E+02
3.59061E+00 4.65627E+00 4.68210E+00 5.53302E+00 5.52690E+00 5.52768E+00 5.53663E+00 4.68209E+00 4.65627E+00 3.59061E+00 1.33888E+02
4.01875E+00 5.07897E+00 5.10500E+00 5.95131E+00 5.94519E+00 5.94601E+00 5.95502E+00 5.10499E+00 5.07897E+00 4.01875E+00 1.46652E+02
4.45799E+00 5.51298E+00 5.53921E+00 6.38109E+00 6.37498E+00 6.37583E+00 6.38490E+00 5.53920E+00 5.51298E+00 4.45799E+00 1.59750E+02
4.90769E+00 5.95766E+00 5.98408E+00 6.82172E+00 6.81560E+00 6.81649E+00 6.82562E+00 5.98407E+00 5.95766E+00 4.90769E+00 1.73158E+02
5.36726E+00 6.41240E+00 6.43901E+00 7.27256E+00 7.26644E+00 7.26737E+00 7.27656E+00 6.43900E+00 6.41240E+00 5.36726E+00 1.86850E+02
5.83615E+00 6.87663E+00 6.90343E+00 7.73304E+00 7.72693E+00 7.72789E+00 7.73713E+00 6.90342E+00 6.87663E+00 5.83615E+00 2.00805E+02
6.31384E+00 7.34984E+00 7.37681E+00 8.20262E+00 8.19651E+00 8.19751E+00 8.20680E+00 7.37680E+00 7.34984E+00 6.31384E+00 2.15001E+02
6.79983E+00 7.83150E+00 7.85865E+00 8.68079E+00 8.67468E+00 8.67571E+00 8.68507E+00 7.85864E+00 7.83150E+00 6.79983E+00 2.29418E+02
7.29368E+00 8.32116E+00 8.34848E+00 9.16707E+00 9.16097E+00 9.16203E+00 9.17144E+00 8.34846E+00 8.32116E+00 7.29368E+00 2.44038E+02
7.79494E+00 8.81837E+00 8.84585E+00 9.66101E+00 9.65491E+00 9.65601E+00 9.66547E+00 8.84584E+00 8.81837E+00 7.79494E+00 2.58844E+02
8.30321E+00 9.32272E+00 9.35036E+00 1.01622E+01 1.01561E+01 1.01572E+01 1.01667E+01 9.35034E+00 9.32272E+00 8.30321E+00 2.73819E+02
8.81810E+00 9.83380E+00 9.86159E+00 1.06702E+01 1.06641E+01 1.06653E+01 1.06748E+01 9.86158E+00 9.83380E+00 8.81810E+00 2.88949E+02
9.33923E+00 1.03512E+01 1.03792E+01 1.11847E+01 1.11786E+01 1.11798E+01 1.11894E+01 1.03792E+01 1.03512E+01 9.33923E+00 3.04218E+02
9.86627E+00 1.08747E+01 1.09028E+01 1.17052E+01 1.16992E+01 1.17004E+01 1.17100E+01 1.09028E+01 1.08747E+01 9.86627E+00 3.19615E+02
1.03989E+01 1.14038E+01 1.14321E+01 1.22316E+01 1.22255E+01 1.22267E+01 1.22364E+01 1.14321E+01 1.14038E+01 1.03989E+01 3.35126E+02
1.09368E+01 1.19383E+01 1.19667E+01 1.27633E+01 1.27572E+01 1.27585E+01 1.27683E+01 1.19667E+01 1.19383E+01 1.09368E+01 3.50739E+02
1.14796E+01 1.24779E+01 1.25064E+01 1.33002E+01 1.32941E+01 1.32955E+01 1.33053E+01 1.25064E+01 1.24779E+01 1.14796E+01 3.66445E+02
1.20271E+01 1.30222E+01 1.30509E+01 1.38420E+01 1.38359E+01 1.38372E+01 1.38471E+01 1.30508E+01 1.30222E+01 1.20271E+01 3.82233E+02
1.25791E+01 1.35710E+01 1.35998E+01 1.43883E+01 1.43822E+01 1.43836E+01 1.43935E+01 1.35998E+01 1.35710E+01 1.25791E+01 3.98093E+02
1.31352E+01 1.41241E+01 1.41530E+01 1.49389E+01 1.49328E+01 1.49342E+01 1.49441E+01 1.41530E+01 1.41241E+01 1.31352E+01 4.14017E+02
1.36952E+01 1.46811E+01 1.47102E+01 1.54935E+01 1.54875E+01 1.54889E+01 1.54989E+01 1.47102E+01 1.46811E+01 1.36952E+01 4.29996E+02
1.42590E+01 1.52420E+01 1.52712E+01 1.60520E+01 1.60460E+01 1.60474E+01 1.60575E+01 1.52711E+01 1.52420E+01 1.42590E+01 4.46023E+02
1.48262E+01 1.58063E+01 1.58357E+01 1.66141E+01 1.66081E+01 1.66096E+01 1.66196E+01 1.58356E+01 1.58063E+01 1.48262E+01 4.62090E+02
1.53966E+01 1.63740E+01 1.64035E+01 1.71796E+01 1.71735E+01 1.71751E+01 1.71852E+01 1.64035E+01 1.63740E+01 1.53966E+01 4.78191E+02
1.59702E+01 1.69449E+01 1.69745E+01 1.77483E+01 1.77422E+01 1.77438E+01 1.77539E+01 1.69744E+01 1.69449E+01 1.59702E+01 4.94318E+02
1.65466E+01 1.75186E+01 1.75483E+01 1.83199E+01 1.83139E+01 1.83154E+01 1.83256E+01 1.75483E+01 1.75186E+01 1.65466E+01 5.10467E+02
1.71257E+01 1.80952E+01 1.81250E+01 1.88944E+01 1.88883E+01 1.88899E+01 1.89001E+01 1.81250E+01 1.80952E+01 1.71257E+01 5.26632E+02
1.77074E+01 1.86743E+01 1.87042E+01 1.94714E+01 1.94654E+01 1.94670E+01 1.94773E+01 1.87042E+01 1.86743E+01 1.77074E+01 5.42807E+02
1.82914E+01 1.92558E+01 1.92859E+01 2.00510E+01 2.00449E+01 2.00466E+01 2.00569E+01 1.92859E+01 1.92558E+01 1.82914E+01 5.58988E+02
1.88777E+01 1.98396E+01 1.98698E+01 2.06328E+01 2.06268E+01 2.06285E+01 2.06388E+01 1.98698E+01 1.98396E+01 1.88777E+01 5.75169E+02
1.94659E+01 2.04255E+01 2.04558E+01 2.12168E+01 2.12108E+01 2.12125E+01 2.12229E+01 2.04558E+01 2.04255E+01 1.94659E+01 5.91348E+02
2.00562E+01 2.10134E+01 2.10438E+01 2.18028E+01 2.17968E+01 2.17985E+01 2.18089E+01 2.10438E+01 2.10134E+01 2.00562E+01 6.07519E+02
0.00000E+00 0.00000E+00 -3.71687E-02 8.78137E-01 8.71872E-01 8.71961E-01 8.79777E-01 -3.71674E-02 0.00000E+00 0.00000E+00 -1.64396E+00
0.00000E+00 0.00000E+00 1.50085E-03 8.97973E-01 8.91699E-01 8.91852E-01 8.99863E-01 1.50123E-03 0.00000E+00 0.00000E+00 -4.48456E-01
0.00000E+00 5.87827E-02 8.22388E-02 9.63238E-01 9.56958E-01 9.57174E-01 9.65355E-01 8.22383E-02 5.87827E-02 0.00000E+00 1.42822E+00
0.00000E+00 1.73422E-01 1.97425E-01 1.06513E+00 1.05885E+00 1.05912E+00 1.06746E+00 1.97424E-01 1.73422E-01 0.00000E+00 4.03860E+00
0.00000E+00 3.17788E-01 3.42288E-01 1.19828E+00 1.19200E+00 1.19234E+00 1.20081E+00 3.42286E-01 3.17788E-01 0.00000E+00 7.44763E+00
0.00000E+00 4.87830E-01 5.12787E-01 1.35833E+00 1.35205E+00 1.35244E+00 1.36104E+00 5.12784E-01 4.87830E-01 0.00000E+00 1.16482E+01
0.00000E+00 6.80424E-01 7.05804E-01 1.54191E+00 1.53563E+00 1.53608E+00 1.54480E+00 7.05800E-01 6.80424E-01 0.00000E+00 1.66117E+01
0.00000E+00 8.93095E-01 9.18869E-01 1.74638E+00 1.74010E+00 1.74060E+00 1.74944E+00 9.18864E-01 8.93095E-01 0.00000E+00 2.22973E+01
8.82010E-02 1.11636E+00 1.14251E+00 1.96216E+00 1.95589E+00 1.95645E+00 1.96540E+00 1.14250E+00 1.11636E+00 8.82010E-02 2.85766E+01
3.26774E-01 1.34639E+00 1.37288E+00 2.18530E+00 2.17903E+00 2.17964E+00 2.18869E+00 1.37287E+00 1.34639E+00 3.26774E-01 3.53210E+01
5.82485E-01 1.59411E+00 1.62093E+00 2.42659E+00 2.42032E+00 2.42099E+00 2.43014E+00 1.62092E+00 1.59411E+00 5.82485E-01 4.26045E+01
8.53973E-01 1.85810E+00 1.88523E+00 2.68455E+00 2.67829E+00 2.67901E+00 2.68825E+00 1.88523E+00 1.85810E+00 8.53973E-01 5.03915E+01
1.14003E+00 2.13711E+00 2.16454E+00 2.95787E+00 2.95162E+00 2.95239E+00 2.96172E+00 2.16453E+00 2.13711E+00 1.14003E+00 5.86463E+01
1.43959E+00 2.43000E+00 2.45771E+00 3.24540E+00 3.23915E+00 3.23997E+00 3.24940E+00 2.45771E+00 2.43000E+00 1.43959E+00 6.73345E+01
1.75167E+00 2.73576E+00 2.76376E+00 3.54609E+00 3.53985E+00 3.54072E+00 3.55023E+00 2.76375E+00 2.73576E+00 1.75167E+00 7.64231E+01
2.07540E+00 3.05350E+00 3.08176E+00 3.85901E+00 3.85277E+00 3.85369E+00 3.86328E+00 3.08175E+00 3.05350E+00 2.07540E+00 8.58805E+01
2.40998E+00 3.38237E+00 3.41089E+00 4.18330E+00 4.17706E+00 4.17804E+00 4.18771E+00 3.41088E+00 3.38237E+00 2.40998E+00 9.56770E+01
2.75468E+00 3.72163E+00 3.75040E+00 4.51818E+00 4.51195E+00 4.51298E+00 4.52273E+00 3.75039E+00 3.72163E+00 2.75468E+00 1.05785E+02
3.10883E+00 4.07057E+00 4.09958E+00 4.86295E+00 4.85673E+00 4.85780E+00 4.86762E+00 4.09957E+00 4.07057E+00 3.10883E+00 1.16177E+02
3.47181E+00 4.42857E+00 4.45781E+00 5.21694E+00 5.21073E+00 5.21185E+00 5.22175E+00 4.45780E+00 4.42857E+00 3.47181E+00 1.26830E+02
3.84304E+00 4.79502E+00 4.82448E+00 5.57956E+00 5.57335E+00 5.57452E+00 5.58449E+00 4.82447E+00 4.79502E+00 3.84304E+00 1.37720E+02
4.22199E+00 5.16938E+00 5.19906E+00 5.95024E+00 5.94404E+00 5.94525E+00 5.95529E+00 5.19905E+00 5.16938E+00 4.22199E+00 1.48826E+02
4.60816E+00 5.55114E+00 5.58104E+00 6.32846E+00 6.32226E+00 6.32353E+00 6.33363E+00 5.58102E+00 5.55114E+00 4.60816E+00 1.60129E+02
5.00110E+00 5.93983E+00 5.96993E+00 6.71373E+00 6.70755E+00 6.70886E+00 6.71903E+00 5.96992E+00 5.93983E+00 5.00110E+00 1.71610E+02
5.40038E+00 6.33500E+00 6.36530E+00 7.10562E+00 7.09944E+00 7.10079E+00 7.11103E+00 6.36529E+00 6.33500E+00 5.40038E+00 1.83251E+02
5.80558E+00 6.73624E+00 6.76674E+00 7.50368E+00 7.49751E+00 7.49891E+00 7.50921E+00 6.76673E+00 6.73624E+00 5.80558E+00 1.95037E+02
6.21633E+00 7.14317E+00 7.17386E+00 7.90754E+00 7.90138E+00 7.90282E+00 7.91319E+00 7.17384E+00 7.14317E+00 6.21633E+00 2.06953E+02
6.63229E+00 7.55541E+00 7.58629E+00 8.31682E+00 8.31066E+00 8.31216E+00 8.32258E+00 7.58627E+00 7.55541E+00 6.63229E+00 2.18986E+02
7.05310E+00 7.97264E+00 8.00370E+00 8.73118E+00 8.72503E+00 8.72656E+00 8.73704E+00 8.00368E+00 7.97264E+00 7.05310E+00 2.31123E+02
7.47846E+00 8.39453E+00 8.42576E+00 9.15028E+00 9.14413E+00 9.14571E+00 9.15626E+00 8.42575E+00 8.39453E+00 7.47846E+00 2.43351E+02
7.90808E+00 8.82077E+00 8.85218E+00 9.57382E+00 9.56769E+00 9.56931E+00 9.57991E+00 8.85216E+00 8.82077E+00 7.90808E+00 2.55660E+02
8.34168E+00 9.25109E+00 9.28267E+00 1.00015E+01 9.99539E+00 9.99706E+00 1.00077E+01 9.28265E+00 9.25109E+00 8.34168E+00 2.68041E+02
8.77899E+00 9.68522E+00 9.71697E+00 1.04331E+01 1.04270E+01 1.04287E+01 1.04394E+01 9.71695E+00 9.68522E+00 8.77899E+00 2.80482E+02
9.21978E+00 1.01229E+01 1.01548E+01 1.08683E+01 1.08622E+01 1.08639E+01 1.08747E+01 1.01548E+01 1.01229E+01 9.21978E+00 2.92977E+02
9.66379E+00 1.05639E+01 1.05960E+01 1.13069E+01 1.13008E+01 1.13026E+01 1.13134E+01 1.05960E+01 1.05639E+01 9.66379E+00 3.05516E+02
1.01108E+01 1.10080E+01 1.10402E+01 1.17486E+01 1.17426E+01 1.17444E+01 1.17553E+01 1.10402E+01 1.10080E+01 1.01108E+01 3.18092E+02
1.05607E+01 1.14550E+01 1.14874E+01 1.21933E+01 1.21872E+01 1.21891E+01 1.22000E+01 1.14873E+01 1.14550E+01 1.05607E+01 3.30698E+02
1.10131E+01 1.19046E+01 1.19372E+01 1.26408E+01 1.26347E+01 1.26366E+01 1.26476E+01 1.19371E+01 1.19046E+01 1.10131E+01 3.43328E+02
1.14680E+01 1.23568E+01 1.23895E+01 1.30907E+01 1.30847E+01 1.30866E+01 1.30977E+01 1.23894E+01 1.23568E+01 1.14680E+01 3.55976E+02
1.19251E+01 1.28112E+01 1.28441E+01 1.35431E+01 1.35370E+01 1.35390E+01 1.35501E+01 1.28440E+01 1.28112E+01 1.19251E+01 3.68635E+02
1.23843E+01 1.32678E+01 1.33008E+01 1.39976E+01 1.39915E+01 1.39936E+01 1.40047E+01 1.33008E+01 1.32678E+01 1.23843E+01 3.81302E+02
1.28454E+01 1.37264E+01 1.37595E+01 1.44542E+01 1.44481E+01 1.44502E+01 1.44614E+01 1.37595E+01 1.37264E+01 1.28454E+01 3.93970E+02
1.33083E+01 1.41868E+01 1.42201E+01 1.49126E+01 1.49065E+01 1.49086E+01 1.49199E+01 1.42200E+01 1.41868E+01 1.33083E+01 4.06636E+02
1.37728E+01 1.46489E+01 1.46823E+01 1.53727E+01 1.53667E+01 1.53688E+01 1.53801E+01 1.46822E+01 1.46489E+01 1.37728E+01 4.19295E+02
1.42387E+01 1.51125E+01 1.51460E+01 1.58344E+01 1.58284E+01 1.58306E+01 1.58419E+01 1.51460E+01 1.51125E+01 1.42387E+01 4.31944E+02
1.47061E+01 1.55775E+01 1.56112E+01 1.62976E+01 1.62916E+01 1.62938E+01 1.63052E+01 1.56112E+01 1.55775E+01 1.47061E+01 4.44578E+02
1.51747E+01 1.60438E+01 1.60776E+01 1.67621E+01 1.67561E+01 1.67584E+01 1.67698E+01 1.60776E+01 1.60438E+01 1.51747E+01 4.57195E+02
1.56444E+01 1.65113E+01 1.65452E+01 1.72278E+01 1.72218E+01 1.72241E+01 1.72356E+01 1.65452E+01 1.65113E+01 1.56444E+01 4.69792E+02
1.61151E+01 1.69799E+01 1.70139E+01 1.76946E+01 1.76886E+01 1.76910E+01 1.77025E+01 1.70139E+01 1.69799E+01 1.61151E+01 4.82366E+02
1.65867E+01 1.74494E+01 1.74835E+01 1.81624E+01 1.81564E+01 1.81588E+01 1.81703E+01 1.74835E+01 1.74494E+01 1.65867E+01 4.94913E+02
0.00000E+00 0.00000E+00 -3.47499E-02 7.87933E-01 7.81464E-01 7.81565E-01 7.90039E-01 -3.47493E-02 0.00000E+00 0.00000E+00 -1.57529E+00
0.00000E+00 0.00000E+00 4.99879E-03 8.10407E-01 8.03944E-01 8.04139E-01 8.12842E-01 4.99808E-03 0.00000E+00 0.00000E+00 -4.24748E-01
0.00000E+00 5.57458E-02 8.20978E-02 8.73308E-01 8.66854E-01 8.67138E-01 8.76041E-01 8.20959E-02 5.57458E-02 0.00000E+00 1.36242E+00
0.00000E+00 1.62157E-01 1.89134E-01 9.68142E-01 9.61698E-01 9.62069E-01 9.71152E-01 1.89131E-01 1.62157E-01 0.00000E+00 3.81424E+00
0.00000E+00 2.93991E-01 3.21536E-01 1.08979E+00 1.08336E+00 1.08382E+00 1.09306E+00 3.21531E-01 2.93991E-01 0.00000E+00 6.97302E+00
0.00000E+00 4.47452E-01 4.75517E-01 1.23417E+00 1.22775E+00 1.22829E+00 1.23769E+00 4.75512E-01 4.47452E-01 0.00000E+00 1.08166E+01
0.00000E+00 6.19658E-01 6.48204E-01 1.39819E+00 1.39178E+00 1.39240E+00 1.40194E+00 6.48198E-01 6.19658E-01 0.00000E+00 1.53070E+01
0.00000E+00 8.08353E-01 8.37347E-01 1.57944E+00 1.57304E+00 1.57373E+00 1.58341E+00 8.37340E-01 8.08353E-01 0.00000E+00 2.03982E+01
7.83981E-02 1.00583E+00 1.03524E+00 1.77012E+00 1.76374E+00 1.76451E+00 1.77431E+00 1.03524E+00 1.00583E+00 7.83981E-02 2.59590E+01
2.89372E-01 1.20899E+00 1.23880E+00 1.96702E+00 1.96065E+00 1.96150E+00 1.97143E+00 1.23879E+00 1.20899E+00 2.89372E-01 3.18673E+01
5.14011E-01 1.42633E+00 1.45651E+00 2.17852E+00 2.17216E+00 2.17308E+00 2.18312E+00 1.45650E+00 1.42633E+00 5.14011E-01 3.82029E+01
7.51101E-01 1.65657E+00 1.68710E+00 2.40328E+00 2.39693E+00 2.39793E+00 2.40808E+00 1.68709E+00 1.65657E+00 7.51101E-01 4.49317E+01
9.99579E-01 1.89860E+00 1.92947E+00 2.64015E+00 2.63381E+00 2.63488E+00 2.64514E+00 1.92946E+00 1.89860E+00 9.99579E-01 5.20209E+01
1.25850E+00 2.15142E+00 2.18262E+00 2.88811E+00 2.88179E+00 2.88292E+00 2.89329E+00 2.18261E+00 2.15142E+00 1.25850E+00 5.94392E+01
1.52702E+00 2.41417E+00 2.44569E+00 3.14625E+00 3.13994E+00 3.14115E+00 3.15161E+00 2.44567E+00 2.41417E+00 1.52702E+00 6.71572E+01
1.80439E+00 2.68606E+00 2.71787E+00 3.41376E+00 3.40746E+00 3.40874E+00 3.41930E+00 2.71786E+00 2.68606E+00 1.80439E+00 7.51472E+01
2.08991E+00 2.96637E+00 2.99847E+00 3.68990E+00 3.68362E+00 3.68496E+00 3.69562E+00 2.99846E+00 2.96637E+00 2.08991E+00 8.33836E+01
2.38298E+00 3.25446E+00 3.28684E+00 3.97402E+00 3.96775E+00 3.96916E+00 3.97991E+00 3.28682E+00 3.25446E+00 2.38298E+00 9.18425E+01
2.68301E+00 3.54973E+00 3.58238E+00 4.26550E+00 4.25924E+00 4.26072E+00 4.27156E+00 3.58237E+00 3.54973E+00 2.68301E+00 1.00502E+02
2.98949E+00 3.85165E+00 3.88457E+00 4.56379E+00 4.55755E+00 4.55909E+00 4.57001E+00 3.88455E+00 3.85165E+00 2.98949E+00 1.09341E+02
3.30193E+00 4.15973E+00 4.19290E+00 4.86838E+00 4.86215E+00 4.86376E+00 4.87477E+00 4.19288E+00 4.15973E+00 3.30193E+00 1.18341E+02
3.61991E+00 4.47351E+00 4.50692E+00 5.17882E+00 5.17260E+00 5.17427E+00 5.18536E+00 4.50690E+00 4.47351E+00 3.61991E+00 1.27486E+02
3.94300E+00 4.79256E+00 4.82621E+00 5.49466E+00 5.48845E+00 5.49019E+00 5.50136E+00 4.82620E+00 4.79256E+00 3.94300E+00 1.36757E+02
4.27083E+00 5.11650E+00 5.15039E+00 5.81550E+00 5.80931E+00 5.81111E+00 5.82236E+00 5.15037E+00 5.11650E+00 4.27083E+00 1.46142E+02
4.60305E+00 5.44497E+00 5.47908E+00 6.14098E+00 6.13480E+00 6.13667E+00 6.14799E+00 5.47906E+00 5.44497E+00 4.60305E+00 1.55627E+02
4.93933E+00 5.77763E+00 5.81196E+00 6.47076E+00 6.46459E+00 6.46651E+00 6.47792E+00 5.81194E+00 5.77763E+00 4.93933E+00 1.65198E+02
5.27936E+00 6.11417E+00 6.14871E+00 6.80451E+00 6.79835E+00 6.80034E+00 6.81181E+00 6.14869E+00 6.11417E+00 5.27936E+00 1.74845E+02
5.62287E+00 6.45429E+00 6.48904E+00 7.14193E+00 7.13579E+00 7.13784E+00 7.14938E+00 6.48901E+00 6.45429E+00 5.62287E+00 1.84557E+02
5.96958E+00 6.79772E+00 6.83268E+00 7.48276E+00 7.47663E+00 7.47873E+00 7.49035E+00 6.83265E+00 6.79772E+00 5.96958E+00 1.94324E+02
6.31926E+00 7.14421E+00 7.17937E+00 7.82672E+00 7.82061E+00 7.82277E+00 7.83446E+00 7.17934E+00 7.14421E+00 6.31926E+00 2.04137E+02
6.67166E+00 7.49353E+00 7.52888E+00 8.17359E+00 8.16748E+00 8.16970E+00 8.18146E+00 7.52885E+00 7.49353E+00 6.67166E+00 2.13989E+02
7.02656E+00 7.84544E+00 7.88098E+00 8.52312E+00 8.51702E+00 8.51930E+00 8.53113E+00 7.88095E+00 7.84544E+00 7.02656E+00 2.23871E+02
7.38378E+00 8.19974E+00 8.23547E+00 8.87511E+00 8.86902E+00 8.87136E+00 8.88325E+00 8.23544E+00 8.19974E+00 7.38378E+00 2.33777E+02
7.74310E+00 8.55624E+00 8.59214E+00 9.22935E+00 9.22328E+00 9.22567E+00 9.23763E+00 8.59211E+00 8.55624E+00 7.74310E+00 2.43701E+02
8.10436E+00 8.91474E+00 8.95082E+00 9.58567E+00 9.57961E+00 9.58206E+00 9.59408E+00 8.95080E+00 8.91474E+00 8.10436E+00 2.53636E+02
8.46739E+00 9.27508E+00 9.31134E+00 9.94388E+00 9.93783E+00 9.94034E+00 9.95242E+00 9.31131E+00 9.27508E+00 8.46739E+00 2.63577E+02
8.83202E+00 9.63709E+00 9.67352E+00 1.03038E+01 1.02978E+01 1.03003E+01 1.03125E+01 9.67349E+00 9.63709E+00 8.83202E+00 2.73519E+02
9.19810E+00 1.00006E+01 1.00372E+01 1.06653E+01 1.06593E+01 1.06619E+01 1.06741E+01 1.00372E+01 1.00006E+01 9.19810E+00 2.83457E+02
9.56550E+00 1.03655E+01 1.04023E+01 1.10283E+01 1.10223E+01 1.10249E+01 1.10372E+01 1.04023E+01 1.03655E+01 9.56550E+00 2.93388E+02
9.93408E+00 1.07317E+01 1.07686E+01 1.13925E+01 1.13865E+01 1.13892E+01 1.14015E+01 1.07686E+01 1.07317E+01 9.93408E+00 3.03307E+02
1.03037E+01 1.10990E+01 1.11360E+01 1.17579E+01 1.17519E+01 1.17547E+01 1.17670E+01 1.11360E+01 1.10990E+01 1.03037E+01 3.13211E+02
1.06743E+01 1.14672E+01 1.15045E+01 1.21243E+01 1.21183E+01 1.21212E+01 1.21336E+01 1.15044E+01 1.14672E+01 1.06743E+01 3.23097E+02
1.10457E+01 1.18364E+01 1.18737E+01 1.24916E+01 1.24857E+01 1.24886E+01 1.25011E+01 1.18737E+01 1.18364E+01 1.10457E+01 3.32962E+02
1.14178E+01 1.22063E+01 1.22438E+01 1.28598E+01 1.28538E+01 1.28568E+01 1.28693E+01 1.22438E+01 1.22063E+01 1.14178E+01 3.42802E+02
1.17906E+01 1.25768E+01 1.26145E+01 1.32287E+01 1.32227E+01 1.32257E+01 1.32383E+01 1.26145E+01 1.25768E+01 1.17906E+01 3.52616E+02
1.21638E+01 1.29480E+01 1.29858E+01 1.35981E+01 1.35922E+01 1.35952E+01 1.36079E+01 1.29858E+01 1.29480E+01 1.21638E+01 3.62401E+02
1.25376E+01 1.33196E+01 1.33576E+01 1.39681E+01 1.39622E+01 1.39653E+01 1.39780E+01 1.33576E+01 1.33196E+01 1.25376E+01 3.72155E+02
1.29116E+01 1.36917E+01 1.37298E+01 1.43386E+01 1.43326E+01 1.43358E+01 1.43486E+01 1.37298E+01 1.36917E+01 1.29116E+01 3.81876E+02
1.32860E+01 1.40640E+01 1.41023E+01 1.47093E+01 1.47034E+01 1.47066E+01 1.47194E+01 1.41023E+01 1.40640E+01 1.32860E+01 3.91562E+02
1.36606E+01 1.44367E+01 1.44750E+01 1.50804E+01 1.50745E+01 1.50777E+01 1.50906E+01 1.44750E+01 1.44367E+01 1.36606E+01 4.01212E+02
0.00000E+00 0.00000E+00 -3.19229E-02 7.05983E-01 6.99349E-01 6.99483E-01 7.08709E-01 -3.19233E-02 0.00000E+00 0.00000E+00 -1.51588E+00
0.00000E+00 0.00000E+00 8.90969E-03 7.30929E-01 7.24323E-01 7.24593E-01 7.34090E-01 8.90754E-03 0.00000E+00 0.00000E+00 -4.01389E-01
0.00000E+00 5.28547E-02 8.25511E-02 7.91509E-01 7.84929E-01 7.85327E-01 7.95062E-01 8.25473E-02 5.28547E-02 0.00000E+00 1.30506E+00
0.00000E+00 1.51541E-01 1.81948E-01 8.79678E-01 8.73124E-01 8.73645E-01 8.83593E-01 1.81943E-01 1.51541E-01 0.00000E+00 3.60899E+00
0.00000E+00 2.71754E-01 3.02806E-01 9.90640E-01 9.84112E-01 9.84752E-01 9.94896E-01 3.02799E-01 2.71754E-01 0.00000E+00 6.53307E+00
0.00000E+00 4.09991E-01 4.41633E-01 1.12063E+00 1.11412E+00 1.11488E+00 1.12521E+00 4.41625E-01 4.09991E-01 0.00000E+00 1.00432E+01
0.00000E+00 5.63629E-01 5.95817E-01 1.26683E+00 1.26035E+00 1.26122E+00 1.27171E+00 5.95808E-01 5.63629E-01 0.00000E+00 1.40947E+01
0.00000E+00 7.30639E-01 7.63334E-01 1.42707E+00 1.42062E+00 1.42159E+00 1.43225E+00 7.63323E-01 7.30639E-01 0.00000E+00 1.86389E+01
6.94837E-02 9.04821E-01 9.37988E-01 1.59508E+00 1.58865E+00 1.58973E+00 1.60054E+00 9.37976E-01 9.04821E-01 6.94837E-02 2.35454E+01
2.55491E-01 1.08369E+00 1.11730E+00 1.76826E+00 1.76185E+00 1.76304E+00 1.77399E+00 1.11728E+00 1.08369E+00 2.55491E-01 2.87007E+01
4.52206E-01 1.27373E+00 1.30776E+00 1.95300E+00 1.94661E+00 1.94790E+00 1.95899E+00 1.30774E+00 1.27373E+00 4.52206E-01 3.41878E+01
6.58566E-01 1.47382E+00 1.50826E+00 2.14812E+00 2.14175E+00 2.14314E+00 2.15436E+00 1.50824E+00 1.47382E+00 6.58566E-01 3.99753E+01
8.73645E-01 1.68301E+00 1.71782E+00 2.35261E+00 2.34628E+00 2.34776E+00 2.35911E+00 1.71780E+00 1.68301E+00 8.73645E-01 4.60335E+01
1.09663E+00 1.90042E+00 1.93560E+00 2.56561E+00 2.55929E+00 2.56088E+00 2.57235E+00 1.93558E+00 1.90042E+00 1.09663E+00 5.23347E+01
1.32680E+00 2.12532E+00 2.16085E+00 2.78632E+00 2.78002E+00 2.78170E+00 2.79329E+00 2.16083E+00 2.12532E+00 1.32680E+00 5.88533E+01
1.56351E+00 2.35702E+00 2.39289E+00 3.01404E+00 3.00777E+00 3.00955E+00 3.02125E+00 2.39287E+00 2.35702E+00 1.56351E+00 6.55656E+01
1.80619E+00 2.59493E+00 2.63112E+00 3.24817E+00 3.24192E+00 3.24379E+00 3.25560E+00 2.63110E+00 2.59493E+00 1.80619E+00 7.24499E+01
2.05431E+00 2.83850E+00 2.87501E+00 3.48814E+00 3.48190E+00 3.48387E+00 3.49579E+00 2.87499E+00 2.83850E+00 2.05431E+00 7.94862E+01
2.30741E+00 3.08725E+00 3.12406E+00 3.73344E+00 3.72722E+00 3.72928E+00 3.74131E+00 3.12403E+00 3.08725E+00 2.30741E+00 8.66564E+01
2.56504E+00 3.34072E+00 3.37782E+00 3.98361E+00 3.97742E+00 3.97956E+00 3.99169E+00 3.37779E+00 3.34072E+00 2.56504E+00 9.39437E+01
2.82683E+00 3.59851E+00 3.63589E+00 4.23824E+00 4.23207E+00 4.23430E+00 4.24653E+00 3.63587E+00 3.59851E+00 2.82683E+00 1.01333E+02
3.09240E+00 3.86025E+00 3.89791E+00 4.49694E+00 4.49079E+00 4.49310E+00 4.50543E+00 3.89788E+00 3.86025E+00 3.09240E+00 1.08811E+02
3.36143E+00 4.12559E+00 4.16351E+00 4.75936E+00 4.75323E+00 4.75563E+00 4.76806E+00 4.16349E+00 4.12559E+00 3.36143E+00 1.16364E+02
3.63362E+00 4.39422E+00 4.43241E+00 5.02518E+00 5.01907E+00 5.02156E+00 5.03408E+00 4.43238E+00 4.39422E+00 3.63362E+00 1.23982E+02
3.90868E+00 4.66586E+00 4.70429E+00 5.29410E+00 5.28801E+00 5.29058E+00 5.30319E+00 4.70426E+00 4.66586E+00 3.90868E+00 1.31653E+02
4.18636E+00 4.94022E+00 4.97890E+00 5.56585E+00 5.55978E+00 5.56243E+00 5.57513E+00 4.97887E+00 4.94022E+00 4.18636E+00 1.39369E+02
4.46641E+00 5.21707E+00 5.25599E+00 5.84018E+00 5.83412E+00 5.83686E+00 5.84964E+00 5.25596E+00 5.21707E+00 4.46641E+00 1.47120E+02
4.74862E+00 5.49618E+00 5.53533E+00 6.11684E+00 6.11080E+00 6.11362E+00 6.12649E+00 5.53530E+00 5.49618E+00 4.74862E+00 1.54899E+02
5.03277E+00 5.77733E+00 5.81671E+00 6.39562E+00 6.38960E+00 6.39250E+00 6.40546E+00 5.81668E+00 5.77733E+00 5.03277E+00 1.62699E+02
5.31867E+00 6.06033E+00 6.09993E+00 6.67633E+00 6.67032E+00 6.67330E+00 6.68634E+00 6.09989E+00 6.06033E+00 5.31867E+00 1.70512E+02
5.60615E+00 6.34499E+00 6.38480E+00 6.95876E+00 6.95278E+00 6.95583E+00 6.96895E+00 6.38477E+00 6.34499E+00 5.60615E+00 1.78334E+02
5.89504E+00 6.63114E+00 6.67117E+00 7.24275E+00 7.23678E+00 7.23991E+00 7.25311E+00 6.67113E+00 6.63114E+00 5.89504E+00 1.86159E+02
6.18519E+00 6.91863E+00 6.95886E+00 7.52813E+00 7.52218E+00 7.52539E+00 7.53867E+00 6.95882E+00 6.91863E+00 6.18519E+00 1.93981E+02
6.47645E+00 7.20730E+00 7.24773E+00 7.81476E+00 7.80883E+00 7.81211E+00 7.82547E+00 7.24769E+00 7.20730E+00 6.47645E+00 2.01797E+02
6.76868E+00 7.49701E+00 7.53764E+00 8.10249E+00 8.09657E+00 8.09993E+00 8.11336E+00 7.53760E+00 7.49701E+00 6.76868E+00 2.09602E+02
7.06176E+00 7.78764E+00 7.82846E+00 8.39118E+00 8.38528E+00 8.38872E+00 8.40222E+00 7.82842E+00 7.78764E+00 7.06176E+00 2.17393E+02
7.35558E+00 8.07907E+00 8.12007E+00 8.68072E+00 8.67484E+00 8.67835E+00 8.69193E+00 8.12003E+00 8.07907E+00 7.35558E+00 2.25166E+02
7.65002E+00 8.37117E+00 8.41236E+00 8.97099E+00 8.96513E+00 8.96871E+00 8.98236E+00 8.41232E+00 8.37117E+00 7.65002E+00 2.32918E+02
7.94497E+00 8.66385E+00 8.70523E+00 9.26189E+00 9.25604E+00 9.25969E+00 9.27341E+00 8.70519E+00 8.66385E+00 7.94497E+00 2.40647E+02
8.24035E+00 8.95701E+00 8.99857E+00 9.55330E+00 9.54746E+00 9.55119E+00 9.56498E+00 8.99852E+00 8.95701E+00 8.24035E+00 2.48350E+02
8.53607E+00 9.25056E+00 9.29229E+00 9.84514E+00 9.83932E+00 9.84311E+00 9.85697E+00 9.29224E+00 9.25056E+00 8.53607E+00 2.56024E+02
8.83203E+00 9.54440E+00 9.58630E+00 1.01373E+01 1.01315E+01 1.01354E+01 1.01493E+01 9.58626E+00 9.54440E+00 8.83203E+00 2.63668E+02
9.12816E+00 9.83846E+00 9.88053E+00 1.04297E+01 1.04240E+01 1.04279E+01 1.04419E+01 9.88048E+00 9.83846E+00 9.12816E+00 2.71280E+02
9.42438E+00 1.01327E+01 1.01749E+01 1.07223E+01 1.07166E+01 1.07206E+01 1.07346E+01 1.01748E+01 1.01327E+01 9.42438E+00 2.78858E+02
9.72063E+00 1.04269E+01 1.04693E+01 1.10151E+01 1.10093E+01 1.10134E+01 1.10275E+01 1.04693E+01 1.04269E+01 9.72063E+00 2.86401E+02
1.00168E+01 1.07212E+01 1.07638E+01 1.13078E+01 1.13021E+01 1.13062E+01 1.13204E+01 1.07637E+01 1.07212E+01 1.00168E+01 2.93907E+02
1.03130E+01 1.10154E+01 1.10581E+01 1.16005E+01 1.15948E+01 1.15990E+01 1.16133E+01 1.10581E+01 1.10154E+01 1.03130E+01 3.01376E+02
1.06089E+01 1.13095E+01 1.13524E+01 1.18932E+01 1.18874E+01 1.18917E+01 1.19060E+01 1.13523E+01 1.13095E+01 1.06089E+01 3.08805E+02
1.09046E+01 1.16034E+01 1.16464E+01 1.21856E+01 1.21799E+01 1.21843E+01 1.21987E+01 1.16464E+01 1.16034E+01 1.09046E+01 3.16194E+02
1.12001E+01 1.18971E+01 1.19403E+01 1.24779E+01 1.24722E+01 1.24766E+01 1.24911E+01 1.19402E+01 1.18971E+01 1.12001E+01 3.23543E+02
0.00000E+00 0.00000E+00 -2.85588E-02 6.31560E-01 6.24815E-01 6.25022E-01 6.35128E-01 -2.85604E-02 0.00000E+00 0.00000E+00 -1.46460E+00
0.00000E+00 0.00000E+00 1.33074E-02 6.58776E-01 6.52084E-01 6.52485E-01 6.62915E-01 1.33034E-02 0.00000E+00 0.00000E+00 -3.77295E-01
0.00000E+00 5.00839E-02 8.36345E-02 7.17054E-01 7.10410E-01 7.10994E-01 7.21706E-01 8.36282E-02 5.00839E-02 0.00000E+00 1.25649E+00
0.00000E+00 1.41502E-01 1.75858E-01 7.98916E-01 7.92318E-01 7.93075E-01 8.04042E-01 1.75850E-01 1.41502E-01 0.00000E+00 3.42214E+00
0.00000E+00 2.50936E-01 2.86021E-01 8.99945E-01 8.93390E-01 8.94315E-01 9.05515E-01 2.86010E-01 2.50936E-01 0.00000E+00 6.12576E+00
0.00000E+00 3.75201E-01 4.10952E-01 1.01672E+00 1.01020E+00 1.01129E+00 1.02271E+00 4.10940E-01 3.75201E-01 0.00000E+00 9.32424E+00
0.00000E+00 5.11945E-01 5.48310E-01 1.14670E+00 1.14023E+00 1.14147E+00 1.15309E+00 5.48296E-01 5.11945E-01 0.00000E+00 1.29687E+01
0.00000E+00 6.59365E-01 6.96301E-01 1.28798E+00 1.28154E+00 1.28293E+00 1.29474E+00 6.96285E-01 6.59365E-01 0.00000E+00 1.70100E+01
6.13888E-02 8.12529E-01 8.49995E-01 1.43553E+00 1.42914E+00 1.43067E+00 1.44266E+00 8.49977E-01 8.12529E-01 6.13888E-02 2.13216E+01
2.24846E-01 9.69459E-01 1.00742E+00 1.58730E+00 1.58094E+00 1.58262E+00 1.59478E+00 1.00740E+00 9.69459E-01 2.24846E-01 2.57998E+01
3.96514E-01 1.13503E+00 1.17346E+00 1.74805E+00 1.74172E+00 1.74355E+00 1.75587E+00 1.17344E+00 1.13503E+00 3.96514E-01 3.05292E+01
5.75475E-01 1.30826E+00 1.34714E+00 1.91676E+00 1.91047E+00 1.91244E+00 1.92492E+00 1.34712E+00 1.30826E+00 5.75475E-01 3.54814E+01
7.60938E-01 1.48834E+00 1.52765E+00 2.09258E+00 2.08633E+00 2.08843E+00 2.10106E+00 1.52762E+00 1.48834E+00 7.60938E-01 4.06303E+01
9.52215E-01 1.67452E+00 1.71424E+00 2.27475E+00 2.26853E+00 2.27076E+00 2.28354E+00 1.71421E+00 1.67452E+00 9.52215E-01 4.59519E+01
1.14870E+00 1.86619E+00 1.90630E+00 2.46262E+00 2.45643E+00 2.45879E+00 2.47171E+00 1.90627E+00 1.86619E+00 1.14870E+00 5.14244E+01
1.34986E+00 2.06276E+00 2.10325E+00 2.65558E+00 2.64943E+00 2.65191E+00 2.66497E+00 2.10322E+00 2.06276E+00 1.34986E+00 5.70279E+01
1.55521E+00 2.26376E+00 2.30460E+00 2.85314E+00 2.84702E+00 2.84963E+00 2.86282E+00 2.30457E+00 2.26376E+00 1.55521E+00 6.27446E+01
1.76433E+00 2.46872E+00 2.50991E+00 3.05483E+00 3.04873E+00 3.05147E+00 3.06479E+00 2.50988E+00 2.46872E+00 1.76433E+00 6.85582E+01
1.97683E+00 2.67724E+00 2.71877E+00 3.26023E+00 3.25416E+00 3.25702E+00 3.27047E+00 2.71874E+00 2.67724E+00 1.97683E+00 7.44541E+01
2.19237E+00 2.88897E+00 2.93083E+00 3.46896E+00 3.46293E+00 3.46591E+00 3.47947E+00 2.93079E+00 2.88897E+00 2.19237E+00 8.04192E+01
2.41063E+00 3.10358E+00 3.14575E+00 3.68070E+00 3.67469E+00 3.67779E+00 3.69148E+00 3.14571E+00 3.10358E+00 2.41063E+00 8.64416E+01
2.63132E+00 3.32077E+00 3.36324E+00 3.89513E+00 3.88915E+00 3.89236E+00 3.90617E+00 3.36320E+00 3.32077E+00 2.63132E+00 9.25107E+01
2.85418E+00 3.54026E+00 3.58302E+00 4.11197E+00 4.10601E+00 4.10935E+00 4.12326E+00 3.58298E+00 3.54026E+00 2.85418E+00 9.86168E+01
3.07898E+00 3.76181E+00 3.80486E+00 4.33096E+00 4.32504E+00 4.32848E+00 4.34251E+00 3.80482E+00 3.76181E+00 3.07898E+00 1.04751E+02
3.30549E+00 3.98519E+00 4.02851E+00 4.55188E+00 4.54598E+00 4.54954E+00 4.56368E+00 4.02847E+00 3.98519E+00 3.30549E+00 1.10906E+02
3.53352E+00 4.21019E+00 4.25379E+00 4.77451E+00 4.76864E+00 4.77231E+00 4.78655E+00 4.25375E+00 4.21019E+00 3.53352E+00 1.17075E+02
3.76289E+00 4.43663E+00 4.48049E+00 4.99866E+00 4.99281E+00 4.99659E+00 5.01093E+00 4.48044E+00 4.43663E+00 3.76289E+00 1.23252E+02
3.99341E+00 4.66432E+00 4.70844E+00 5.22413E+00 5.21831E+00 5.22219E+00 5.23664E+00 4.70839E+00 4.66432E+00 3.99341E+00 1.29430E+02
4.22494E+00 4.89311E+00 4.93748E+00 5.45077E+00 5.44497E+00 5.44897E+00 5.46351E+00 4.93743E+00 4.89311E+00 4.22494E+00 1.35604E+02
4.45734E+00 5.12285E+00 5.16745E+00 5.67842E+00 5.67265E+00 5.67675E+00 5.69139E+00 5.16741E+00 5.12285E+00 4.45734E+00 1.41771E+02
4.69046E+00 5.35339E+00 5.39824E+00 5.90695E+00 5.90120E+00 5.90540E+00 5.92014E+00 5.39819E+00 5.35339E+00 4.69046E+00 1.47926E+02
4.92419E+00 5.58462E+00 5.62969E+00 6.13621E+00 6.13049E+00 6.13479E+00 6.14963E+00 5.62964E+00 5.58462E+00 4.92419E+00 1.54065E+02
5.15842E+00 5.81641E+00 5.86171E+00 6.36610E+00 6.36040E+00 6.36481E+00 6.37973E+00 5.86166E+00 5.81641E+00 5.15842E+00 1.60186E+02
5.39303E+00 6.04866E+00 6.09418E+00 6.59649E+00 6.59082E+00 6.59532E+00 6.61034E+00 6.09413E+00 6.04866E+00 5.39303E+00 1.66284E+02
5.62794E+00 6.28126E+00 6.32699E+00 6.82729E+00 6.82164E+00 6.82625E+00 6.84135E+00 6.32694E+00 6.28126E+00 5.62794E+00 1.72358E+02
5.86304E+00 6.51412E+00 6.56007E+00 7.05840E+00 7.05277E+00 7.05748E+00 7.07267E+00 6.56001E+00 6.51412E+00 5.86304E+00 1.78406E+02
6.09827E+00 6.74716E+00 6.79331E+00 7.28973E+00 7.28412E+00 7.28892E+00 7.30421E+00 6.79326E+00 6.74716E+00 6.09827E+00 1.84424E+02
6.33353E+00 6.98029E+00 7.02665E+00 7.52119E+00 7.51561E+00 7.52051E+00 7.53588E+00 7.02659E+00 6.98029E+00 6.33353E+00 1.90412E+02
6.56877E+00 7.21344E+00 7.26000E+00 7.75272E+00 7.74716E+00 7.75216E+00 7.76761E+00 7.25994E+00 7.21344E+00 6.56877E+00 1.96368E+02
6.80390E+00 7.44655E+00 7.49330E+00 7.98424E+00 7.97870E+00 7.98379E+00 7.99933E+00 7.49324E+00 7.44655E+00 6.80390E+00 2.02289E+02
7.03887E+00 7.67954E+00 7.72648E+00 8.21569E+00 8.21017E+00 8.21535E+00 8.23097E+00 7.72642E+00 7.67954E+00 7.03887E+00 2.08176E+02
7.27363E+00 7.91236E+00 7.95949E+00 8.44699E+00 8.44150E+00 8.44677E+00 8.46247E+00 7.95943E+00 7.91236E+00 7.27363E+00 2.14026E+02
7.50812E+00 8.14495E+00 8.19226E+00 8.67811E+00 8.67263E+00 8.67800E+00 8.69377E+00 8.19220E+00 8.14495E+00 7.50812E+00 2.19839E+02
7.74228E+00 8.37726E+00 8.42476E+00 8.90897E+00 8.90352E+00 8.90898E+00 8.92483E+00 8.42469E+00 8.37726E+00 7.74228E+00 2.25614E+02
7.97608E+00 8.60925E+00 8.65692E+00 9.13954E+00 9.13411E+00 9.13966E+00 9.15559E+00 8.65685E+00 8.60925E+00 7.97608E+00 2.31351E+02
8.20946E+00 8.84086E+00 8.88871E+00 9.36978E+00 9.36436E+00 9.37000E+00 9.38601E+00 8.88864E+00 8.84086E+00 8.20946E+00 2.37047E+02
8.44240E+00 9.07206E+00 9.12008E+00 9.59962E+00 9.59423E+00 9.59996E+00 9.61604E+00 9.12001E+00 9.07206E+00 8.44240E+00 2.42704E+02
8.67486E+00 9.30282E+00 9.35100E+00 9.82905E+00 9.82367E+00 9.82949E+00 9.84564E+00 9.35093E+00 9.30282E+00 8.67486E+00 2.48321E+02
8.90679E+00 9.53308E+00 9.58143E+00 1.00580E+01 1.00527E+01 1.00586E+01 1.00748E+01 9.58136E+00 9.53308E+00 8.90679E+00 2.53896E+02
9.13817E+00 9.76283E+00 9.81133E+00 1.02865E+01 1.02811E+01 1.02871E+01 1.03034E+01 9.81126E+00 9.76283E+00 9.13817E+00 2.59431E+02
0.00000E+00 0.00000E+00 -2.45191E-02 5.64017E-01 5.57230E-01 5.57574E-01 5.68724E-01 -2.45222E-02 0.00000E+00 0.00000E+00 -1.41993E+00
0.00000E+00 0.00000E+00 1.82735E-02 5.93259E-01 5.86556E-01 5.87177E-01 5.98714E-01 1.82670E-02 0.00000E+00 0.00000E+00 -3.50975E-01
0.00000E+00 4.74103E-02 8.53935E-02 6.49231E-01 6.42604E-01 6.43482E-01 6.55356E-01 8.53838E-02 4.74103E-02 0.00000E+00 1.21746E+00
0.00000E+00 1.31976E-01 1.70866E-01 7.25116E-01 7.18558E-01 7.19680E-01 7.31858E-01 1.70853E-01 1.31976E-01 0.00000E+00 3.25341E+00
0.00000E+00 2.31409E-01 2.71118E-01 8.16914E-01 8.10422E-01 8.11778E-01 8.24234E-01 2.71102E-01 2.31409E-01 0.00000E+00 5.74953E+00
0.00000E+00 3.42858E-01 3.83314E-01 9.21557E-01 9.15128E-01 9.16707E-01 9.29422E-01 3.83296E-01 3.42858E-01 0.00000E+00 8.65650E+00
0.00000E+00 4.64246E-01 5.05389E-01 1.03681E+00 1.03044E+00 1.03223E+00 1.04519E+00 5.05368E-01 4.64246E-01 0.00000E+00 1.19237E+01
0.00000E+00 5.93992E-01 6.35772E-01 1.16097E+00 1.15466E+00 1.15666E+00 1.16984E+00 6.35749E-01 5.93992E-01 0.00000E+00 1.55030E+01
5.40495E-02 7.28222E-01 7.70594E-01 1.29011E+00 1.28385E+00 1.28605E+00 1.29945E+00 7.70568E-01 7.28222E-01 5.40495E-02 1.92746E+01
1.97176E-01 8.65382E-01 9.08306E-01 1.42258E+00 1.41638E+00 1.41878E+00 1.43238E+00 9.08278E-01 8.65382E-01 1.97176E-01 2.31452E+01
3.46418E-01 1.00905E+00 1.05250E+00 1.56188E+00 1.55572E+00 1.55831E+00 1.57211E+00 1.05247E+00 1.00905E+00 3.46418E-01 2.71995E+01
5.01001E-01 1.15840E+00 1.20234E+00 1.70712E+00 1.70102E+00 1.70380E+00 1.71778E+00 1.20231E+00 1.15840E+00 5.01001E-01 3.14125E+01
6.60263E-01 1.31274E+00 1.35715E+00 1.85760E+00 1.85154E+00 1.85450E+00 1.86867E+00 1.35712E+00 1.31274E+00 6.60263E-01 3.57617E+01
8.23631E-01 1.47145E+00 1.51632E+00 2.01267E+00 2.00665E+00 2.00980E+00 2.02414E+00 1.51628E+00 1.47145E+00 8.23631E-01 4.02269E+01
9.90606E-01 1.63402E+00 1.67932E+00 2.17179E+00 2.16582E+00 2.16914E+00 2.18364E+00 1.67928E+00 1.63402E+00 9.90606E-01 4.47901E+01
1.16075E+00 1.79998E+00 1.84569E+00 2.33447E+00 2.32854E+00 2.33204E+00 2.34671E+00 1.84565E+00 1.79998E+00 1.16075E+00 4.94351E+01
1.33368E+00 1.96892E+00 2.01504E+00 2.50030E+00 2.49442E+00 2.49808E+00 2.51290E+00 2.01499E+00 1.96892E+00 1.33368E+00 5.41475E+01
1.50905E+00 2.14049E+00 2.18699E+00 2.66890E+00 2.66306E+00 2.66689E+00 2.68187E+00 2.18694E+00 2.14049E+00 1.50905E+00 5.89146E+01
1.68656E+00 2.31436E+00 2.36123E+00 2.83993E+00 2.83413E+00 2.83813E+00 2.85325E+00 2.36118E+00 2.31436E+00 1.68656E+00 6.37250E+01
1.86593E+00 2.49025E+00 2.53748E+00 3.01310E+00 3.00734E+00 3.01150E+00 3.02677E+00 2.53743E+00 2.49025E+00 1.86593E+00 6.85685E+01
2.04691E+00 2.66790E+00 2.71547E+00 3.18815E+00 3.18243E+00 3.18674E+00 3.20216E+00 2.71542E+00 2.66790E+00 2.04691E+00 7.34364E+01
2.22929E+00 2.84707E+00 2.89497E+00 3.36482E+00 3.35914E+00 3.36361E+00 3.37916E+00 2.89492E+00 2.84707E+00 2.22929E+00 7.83206E+01
2.41287E+00 3.02756E+00 3.07578E+00 3.54291E+00 3.53726E+00 3.54188E+00 3.55757E+00 3.07573E+00 3.02756E+00 2.41287E+00 8.32140E+01
2.59745E+00 3.20918E+00 3.25771E+00 3.72221E+00 3.71660E+00 3.72137E+00 3.73719E+00 3.25766E+00 3.20918E+00 2.59745E+00 8.81106E+01
2.78289E+00 3.39175E+00 3.44058E+00 3.90254E+00 3.89697E+00 3.90190E+00 3.91784E+00 3.44052E+00 3.39175E+00 2.78289E+00 9.30046E+01
2.96902E+00 3.57511E+00 3.62424E+00 4.08375E+00 4.07822E+00 4.08329E+00 4.09936E+00 3.62418E+00 3.57511E+00 2.96902E+00 9.78914E+01
3.15572E+00 3.75913E+00 3.80855E+00 4.26569E+00 4.26019E+00 4.26541E+00 4.28160E+00 3.80849E+00 3.75913E+00 3.15572E+00 1.02766E+02
3.34285E+00 3.94368E+00 3.99337E+00 4.44822E+00 4.44275E+00 4.44812E+00 4.46443E+00 3.99331E+00 3.94368E+00 3.34285E+00 1.07626E+02
3.53030E+00 4.12862E+00 4.17859E+00 4.63122E+00 4.62579E+00 4.63129E+00 4.64772E+00 4.17852E+00 4.12862E+00 3.53030E+00 1.12467E+02
3.71798E+00 4.31387E+00 4.36410E+00 4.81458E+00 4.80918E+00 4.81482E+00 4.83137E+00 4.36403E+00 4.31387E+00 3.71798E+00 1.17286E+02
3.90579E+00 4.49932E+00 4.54980E+00 4.99820E+00 4.99283E+00 4.99861E+00 5.01527E+00 4.54974E+00 4.49932E+00 3.90579E+00 1.22080E+02
4.09363E+00 4.68487E+00 4.73561E+00 5.18197E+00 5.17663E+00 5.18255E+00 5.19932E+00 4.73554E+00 4.68487E+00 4.09363E+00 1.26848E+02
4.28144E+00 4.87045E+00 4.92143E+00 5.36582E+00 5.36052E+00 5.36657E+00 5.38345E+00 4.92136E+00 4.87045E+00 4.28144E+00 1.31588E+02
4.46913E+00 5.05598E+00 5.10719E+00 5.54967E+00 5.54439E+00 5.55058E+00 5.56757E+00 5.10712E+00 5.05598E+00 4.46913E+00 1.36296E+02
4.65664E+00 5.24138E+00 5.29283E+00 5.73344E+00 5.72820E+00 5.73451E+00 5.75161E+00 5.29276E+00 5.24138E+00 4.65664E+00 1.40973E+02
4.84391E+00 5.42660E+00 5.47828E+00 5.91707E+00 5.91186E+00 5.91830E+00 5.93550E+00 5.47821E+00 5.42660E+00 4.84391E+00 1.45617E+02
5.03089E+00 5.61158E+00 5.66348E+00 6.10050E+00 6.09531E+00 6.10189E+00 6.11919E+00 5.66341E+00 5.61158E+00 5.03089E+00 1.50226E+02
5.21752E+00 5.79626E+00 5.84838E+00 6.28367E+00 6.27851E+00 6.28521E+00 6.30262E+00 5.84830E+00 5.79626E+00 5.21752E+00 1.54800E+02
5.40375E+00 5.98059E+00 6.03293E+00 6.46653E+00 6.46140E+00 6.46822E+00 6.48573E+00 6.03285E+00 5.98059E+00 5.40375E+00 1.59338E+02
5.58955E+00 6.16453E+00 6.21708E+00 6.64903E+00 6.64393E+00 6.65088E+00 6.66848E+00 6.21699E+00 6.16453E+00 5.58955E+00 1.63839E+02
5.77487E+00 6.34804E+00 6.40079E+00 6.83113E+00 6.82606E+00 6.83313E+00 6.85083E+00 6.40070E+00 6.34804E+00 5.77487E+00 1.68302E+02
5.95967E+00 6.53107E+00 6.58402E+00 7.01280E+00 7.00776E+00 7.01495E+00 7.03274E+00 6.58394E+00 6.53107E+00 5.95967E+00 1.72728E+02
6.14393E+00 6.71360E+00 6.76675E+00 7.19398E+00 7.18897E+00 7.19628E+00 7.21417E+00 6.76666E+00 6.71360E+00 6.14393E+00 1.77115E+02
6.32762E+00 6.89559E+00 6.94893E+00 7.37466E+00 7.36968E+00 7.37711E+00 7.39509E+00 6.94884E+00 6.89559E+00 6.32762E+00 1.81464E+02
6.51070E+00 7.07701E+00 7.13054E+00 7.55480E+00 7.54984E+00 7.55739E+00 7.57547E+00 7.13045E+00 7.07701E+00 6.51070E+00 1.85775E+02
6.69314E+00 7.25784E+00 7.31155E+00 7.73438E+00 7.72944E+00 7.73711E+00 7.75527E+00 7.31146E+00 7.25784E+00 6.69314E+00 1.90046E+02
6.87494E+00 7.43804E+00 7.49194E+00 7.91336E+00 7.90845E+00 7.91623E+00 7.93448E+00 7.49185E+00 7.43804E+00 6.87494E+00 1.94278E+02
7.05606E+00 7.61761E+00 7.67169E+00 8.09172E+00 8.08684E+00 8.09474E+00 8.11308E+00 7.67160E+00 7.61761E+00 7.05606E+00 1.98472E+02
7.23649E+00 7.79651E+00 7.85077E+00 8.26945E+00 8.26459E+00 8.27260E+00 8.29103E+00 7.85068E+00 7.79651E+00 7.23649E+00 2.02627E+02
7.41621E+00 7.97474E+00 8.02916E+00 8.44652E+00 8.44169E+00 8.44981E+00 8.46832E+00 8.02907E+00 7.97474E+00 7.41621E+00 2.06743E+02
0.00000E+00 0.00000E+00 -1.96586E-02 5.02781E-01 4.96040E-01 4.96622E-01 5.09021E-01 -1.96642E-02 0.00000E+00 0.00000E+00 -1.37974E+00
0.00000E+00 0.00000E+00 2.38969E-02 5.33767E-01 5.27148E-01 5.28122E-01 5.40983E-01 2.38865E-02 0.00000E+00 0.00000E+00 -3.20343E-01
0.00000E+00 4.48137E-02 8.78844E-02 5.87412E-01 5.80902E-01 5.82237E-01 5.95500E-01 8.78694E-02 4.48137E-02 0.00000E+00 1.18926E+00
0.00000E+00 1.22907E-01 1.66992E-01 6.57624E-01 6.51213E-01 6.52888E-01 6.66514E-01 1.66972E-01 1.22907E-01 0.00000E+00 3.10300E+00
0.00000E+00 2.13060E-01 2.58057E-01 7.40846E-01 7.34528E-01 7.36527E-01 7.50485E-01 2.58034E-01 2.13060E-01 0.00000E+00 5.40332E+00
0.00000E+00 3.12763E-01 3.58590E-01 8.34371E-01 8.28140E-01 8.30448E-01 8.44714E-01 3.58563E-01 3.12763E-01 0.00000E+00 8.03736E+00
0.00000E+00 4.20205E-01 4.66795E-01 9.36245E-01 9.30097E-01 9.32701E-01 9.47255E-01 4.66764E-01 4.20205E-01 0.00000E+00 1.09548E+01
0.00000E+00 5.34028E-01 5.81322E-01 1.04500E+00 1.03893E+00 1.04182E+00 1.05665E+00 5.81289E-01 5.34028E-01 0.00000E+00 1.41103E+01
4.74067E-02 6.51231E-01 6.99178E-01 1.15759E+00 1.15159E+00 1.15475E+00 1.16983E+00 6.99141E-01 6.51231E-01 4.74067E-02 1.73923E+01
1.72236E-01 7.70607E-01 8.19163E-01 1.27271E+00 1.26679E+00 1.27022E+00 1.28554E+00 8.19122E-01 7.70607E-01 1.72236E-01 2.07189E+01
3.01443E-01 8.94718E-01 9.43849E-01 1.39286E+00 1.38700E+00 1.39069E+00 1.40624E+00 9.43805E-01 8.94718E-01 3.01443E-01 2.41730E+01
4.34387E-01 1.02288E+00 1.07256E+00 1.51730E+00 1.51150E+00 1.51545E+00 1.53123E+00 1.07251E+00 1.02288E+00 4.34387E-01 2.77336E+01
5.70525E-01 1.15451E+00 1.20471E+00 1.64543E+00 1.63970E+00 1.64390E+00 1.65988E+00 1.20466E+00 1.15451E+00 5.70525E-01 3.13818E+01
7.09391E-01 1.28913E+00 1.33982E+00 1.77674E+00 1.77107E+00 1.77551E+00 1.79170E+00 1.33976E+00 1.28913E+00 7.09391E-01 3.51011E+01
8.50587E-01 1.42629E+00 1.47745E+00 1.91078E+00 1.90517E+00 1.90984E+00 1.92624E+00 1.47740E+00 1.42629E+00 8.50587E-01 3.88770E+01
9.93763E-01 1.56564E+00 1.61725E+00 2.04716E+00 2.04161E+00 2.04651E+00 2.06310E+00 1.61720E+00 1.56564E+00 9.93763E-01 4.26967E+01
1.13862E+00 1.70685E+00 1.75890E+00 2.18554E+00 2.18005E+00 2.18518E+00 2.20196E+00 1.75884E+00 1.70685E+00 1.13862E+00 4.65491E+01
1.28488E+00 1.84964E+00 1.90210E+00 2.32564E+00 2.32020E+00 2.32556E+00 2.34251E+00 1.90204E+00 1.84964E+00 1.28488E+00 5.04246E+01
1.43232E+00 1.99375E+00 2.04662E+00 2.46718E+00 2.46180E+00 2.46737E+00 2.48451E+00 2.04655E+00 1.99375E+00 1.43232E+00 5.43147E+01
1.58072E+00 2.13898E+00 2.19222E+00 2.60994E+00 2.60461E+00 2.61040E+00 2.62771E+00 2.19215E+00 2.13898E+00 1.58072E+00 5.82118E+01
1.72991E+00 2.28511E+00 2.33873E+00 2.75371E+00 2.74843E+00 2.75444E+00 2.77191E+00 2.33866E+00 2.28511E+00 1.72991E+00 6.21097E+01
1.87970E+00 2.43197E+00 2.48595E+00 2.89831E+00 2.89308E+00 2.89929E+00 2.91693E+00 2.48588E+00 2.43197E+00 1.87970E+00 6.60027E+01
2.02997E+00 2.57941E+00 2.63374E+00 3.04358E+00 3.03840E+00 3.04481E+00 3.06261E+00 2.63367E+00 2.57941E+00 2.02997E+00 6.98859E+01
2.18057E+00 2.72730E+00 2.78196E+00 3.18936E+00 3.18423E+00 3.19084E+00 3.20879E+00 2.78188E+00 2.72730E+00 2.18057E+00 7.37551E+01
2.33138E+00 2.87549E+00 2.93048E+00 3.33553E+00 3.33045E+00 3.33726E+00 3.35536E+00 2.93040E+00 2.87549E+00 2.33138E+00 7.76066E+01
2.48230E+00 3.02388E+00 3.07918E+00 3.48197E+00 3.47693E+00 3.48394E+00 3.50219E+00 3.07910E+00 3.02388E+00 2.48230E+00 8.14372E+01
2.63323E+00 3.17236E+00 3.22797E+00 3.62857E+00 3.62358E+00 3.63078E+00 3.64917E+00 3.22789E+00 3.17236E+00 2.63323E+00 8.52442E+01
2.78409E+00 3.32085E+00 3.37676E+00 3.77524E+00 3.77029E+00 3.77767E+00 3.79621E+00 3.37668E+00 3.32085E+00 2.78409E+00 8.90253E+01
2.93479E+00 3.46926E+00 3.52546E+00 3.92188E+00 3.91698E+00 3.92455E+00 3.94323E+00 3.52537E+00 3.46926E+00 2.93479E+00 9.27784E+01
3.08528E+00 3.61752E+00 3.67400E+00 4.06843E+00 4.06357E+00 4.07132E+00 4.09014E+00 3.67391E+00 3.61752E+00 3.08528E+00 9.65018E+01
3.23547E+00 3.76556E+00 3.82231E+00 4.21481E+00 4.20999E+00 4.21793E+00 4.23688E+00 3.82222E+00 3.76556E+00 3.23547E+00 1.00194E+02
3.38532E+00 3.91331E+00 3.97034E+00 4.36096E+00 4.35618E+00 4.36429E+00 4.38337E+00 3.97024E+00 3.91331E+00 3.38532E+00 1.03854E+02
3.53478E+00 4.06073E+00 4.11802E+00 4.50681E+00 4.50207E+00 4.51036E+00 4.52958E+00 4.11792E+00 4.06073E+00 3.53478E+00 1.07480E+02
3.68379E+00 4.20776E+00 4.26530E+00 4.65233E+00 4.64762E+00 4.65609E+00 4.67543E+00 4.26521E+00 4.20776E+00 3.68379E+00 1.11073E+02
3.83232E+00 4.35437E+00 4.41215E+00 4.79745E+00 4.79279E+00 4.80142E+00 4.82089E+00 4.41205E+00 4.35437E+00 3.83232E+00 1.14630E+02
3.98033E+00 4.50050E+00 4.55853E+00 4.94214E+00 4.93751E+00 4.94632E+00 4.96591E+00 4.55842E+00 4.50050E+00 3.98033E+00 1.18152E+02
4.12778E+00 4.64612E+00 4.70438E+00 5.08636E+00 5.08177E+00 5.09074E+00 5.11045E+00 4.70428E+00 4.64612E+00 4.12778E+00 1.21638E+02
4.27464E+00 4.79120E+00 4.84970E+00 5.23007E+00 5.22552E+00 5.23466E+00 5.25449E+00 4.84959E+00 4.79120E+00 4.27464E+00 1.25088E+02
4.42089E+00 4.93571E+00 4.99443E+00 5.37325E+00 5.36873E+00 5.37804E+00 5.39798E+00 4.99432E+00 4.93571E+00 4.42089E+00 1.28501E+02
4.56650E+00 5.07962E+00 5.13856E+00 5.51586E+00 5.51138E+00 5.52084E+00 5.54091E+00 5.13845E+00 5.07962E+00 4.56650E+00 1.31878E+02
4.71145E+00 5.22291E+00 5.28207E+00 5.65788E+00 5.65344E+00 5.66306E+00 5.68324E+00 5.28196E+00 5.22291E+00 4.71145E+00 1.35218E+02
4.85572E+00 5.36555E+00 5.42493E+00 5.79928E+00 5.79488E+00 5.80466E+00 5.82495E+00 5.42481E+00 5.36555E+00 4.85572E+00 1.38522E+02
4.99929E+00 5.50753E+00 5.56712E+00 5.94005E+00 5.93568E+00 5.94562E+00 5.96602E+00 5.56700E+00 5.50753E+00 4.99929E+00 1.41789E+02
5.14214E+00 5.64884E+00 5.70863E+00 6.08017E+00 6.07584E+00 6.08593E+00 6.10644E+00 5.70851E+00 5.64884E+00 5.14214E+00 1.45019E+02
5.28427E+00 5.78945E+00 5.84944E+00 6.21962E+00 6.21532E+00 6.22557E+00 6.24618E+00 5.84932E+00 5.78945E+00 5.28427E+00 1.48214E+02
5.42565E+00 5.92935E+00 5.98953E+00 6.35839E+00 6.35412E+00 6.36452E+00 6.38524E+00 5.98941E+00 5.92935E+00 5.42565E+00 1.51372E+02
5.56629E+00 6.06853E+00 6.12891E+00 6.49646E+00 6.49223E+00 6.50277E+00 6.52360E+00 6.12879E+00 6.06853E+00 5.56629E+00 1.54495E+02
5.70617E+00 6.20698E+00 6.26755E+00 6.63383E+00 6.62962E+00 6.64032E+00 6.66125E+00 6.26743E+00 6.20698E+00 5.70617E+00 1.57582E+02
5.84528E+00 6.34469E+00 6.40545E+00 6.77047E+00 6.76630E+00 6.77714E+00 6.79818E+00 6.40532E+00 6.34469E+00 5.84528E+00 1.60634E+02
5.98361E+00 6.48166E+00 6.54259E+00 6.90639E+00 6.90226E+00 6.91324E+00 6.93437E+00 6.54247E+00 6.48166E+00 5.98361E+00 1.63650E+02
0.00000E+00 0.00000E+00 -1.38295E-02 4.47348E-01 4.40764E-01 4.41742E-01 4.55642E-01 -1.38394E-02 0.00000E+00 0.00000E+00 -1.34084E+00
0.00000E+00 0.00000E+00 3.02725E-02 4.79761E-01 4.73346E-01 4.74876E-01 4.89326E-01 3.02557E-02 0.00000E+00 0.00000E+00 -2.82475E-01
0.00000E+00 4.22780E-02 9.11733E-02 5.31046E-01 5.24780E-01 5.26814E-01 5.41742E-01 9.11502E-02 4.22780E-02 0.00000E+00 1.17385E+00
0.00000E+00 1.14249E-01 1.64266E-01 5.95870E-01 5.89739E-01 5.92245E-01 6.07604E-01 1.64237E-01 1.14249E-01 0.00000E+00 2.97174E+00
0.00000E+00 1.95792E-01 2.46815E-01 6.71130E-01 6.65123E-01 6.68076E-01 6.83831E-01 2.46781E-01 1.95792E-01 0.00000E+00 5.08665E+00
0.00000E+00 2.84735E-01 3.36671E-01 7.54474E-01 7.48584E-01 7.51962E-01 7.68083E-01 3.36632E-01 2.84735E-01 0.00000E+00 7.46476E+00
0.00000E+00 3.79531E-01 4.32303E-01 8.44224E-01 8.38443E-01 8.42227E-01 8.58690E-01 4.32258E-01 3.79531E-01 0.00000E+00 1.00580E+01
0.00000E+00 4.79029E-01 5.32571E-01 9.39133E-01 9.33456E-01 9.37629E-01 9.54412E-01 5.32521E-01 4.79029E-01 0.00000E+00 1.28249E+01
4.14058E-02 5.80944E-01 6.35198E-01 1.03686E+00 1.03128E+00 1.03583E+00 1.05292E+00 6.35144E-01 5.80944E-01 4.14058E-02 1.56638E+01
1.49803E-01 6.84356E-01 7.39271E-01 1.13643E+00 1.13094E+00 1.13585E+00 1.15322E+00 7.39213E-01 6.84356E-01 1.49803E-01 1.85042E+01
2.61152E-01 7.91046E-01 8.46584E-01 1.23952E+00 1.23413E+00 1.23939E+00 1.25703E+00 8.46522E-01 7.91046E-01 2.61152E-01 2.14264E+01
3.74934E-01 9.00456E-01 9.56584E-01 1.34557E+00 1.34025E+00 1.34586E+00 1.36376E+00 9.56518E-01 9.00456E-01 3.74934E-01 2.44129E+01
4.90717E-01 1.01212E+00 1.06881E+00 1.45406E+00 1.44883E+00 1.45477E+00 1.47293E+00 1.06874E+00 1.01212E+00 4.90717E-01 2.74487E+01
6.08135E-01 1.12565E+00 1.18287E+00 1.56460E+00 1.55945E+00 1.56571E+00 1.58412E+00 1.18280E+00 1.12565E+00 6.08135E-01 3.05207E+01
7.26876E-01 1.24070E+00 1.29843E+00 1.67682E+00 1.67175E+00 1.67833E+00 1.69697E+00 1.29835E+00 1.24070E+00 7.26876E-01 3.36177E+01
8.46672E-01 1.35700E+00 1.41521E+00 1.79043E+00 1.78544E+00 1.79232E+00 1.81120E+00 1.41513E+00 1.35700E+00 8.46672E-01 3.67301E+01
9.67292E-01 1.47429E+00 1.53296E+00 1.90517E+00 1.90024E+00 1.90743E+00 1.92653E+00 1.53288E+00 1.47429E+00 9.67292E-01 3.98496E+01
1.08854E+00 1.59235E+00 1.65147E+00 2.02080E+00 2.01595E+00 2.02343E+00 2.04274E+00 1.65138E+00 1.59235E+00 1.08854E+00 4.29694E+01
1.21023E+00 1.71101E+00 1.77056E+00 2.13713E+00 2.13234E+00 2.14012E+00 2.15963E+00 1.77046E+00 1.71101E+00 1.21023E+00 4.60833E+01
1.33222E+00 1.83009E+00 1.89005E+00 2.25398E+00 2.24926E+00 2.25732E+00 2.27704E+00 1.88995E+00 1.83009E+00 1.33222E+00 4.91863E+01
1.45438E+00 1.94945E+00 2.00980E+00 2.37121E+00 2.36656E+00 2.37489E+00 2.39481E+00 2.00970E+00 1.94945E+00 1.45438E+00 5.22741E+01
1.57658E+00 2.06896E+00 2.12970E+00 2.48868E+00 2.48409E+00 2.49270E+00 2.51281E+00 2.12960E+00 2.06896E+00 1.57658E+00 5.53429E+01
1.69872E+00 2.18853E+00 2.24963E+00 2.60627E+00 2.60175E+00 2.61062E+00 2.63093E+00 2.24953E+00 2.18853E+00 1.69872E+00 5.83897E+01
1.82071E+00 2.30803E+00 2.36949E+00 2.72388E+00 2.71942E+00 2.72856E+00 2.74904E+00 2.36938E+00 2.30803E+00 1.82071E+00 6.14119E+01
1.94248E+00 2.42739E+00 2.48920E+00 2.84142E+00 2.83701E+00 2.84641E+00 2.86708E+00 2.48909E+00 2.42739E+00 1.94248E+00 6.44072E+01
2.06394E+00 2.54654E+00 2.60868E+00 2.95880E+00 2.95445E+00 2.96411E+00 2.98495E+00 2.60856E+00 2.54654E+00 2.06394E+00 6.73738E+01
2.18503E+00 2.66540E+00 2.72786E+00 3.07595E+00 3.07166E+00 3.08157E+00 3.10258E+00 2.72774E+00 2.66540E+00 2.18503E+00 7.03103E+01
2.30571E+00 2.78390E+00 2.84668E+00 3.19281E+00 3.18858E+00 3.19873E+00 3.21992E+00 2.84656E+00 2.78390E+00 2.30571E+00 7.32155E+01
2.42592E+00 2.90201E+00 2.96509E+00 3.30933E+00 3.30515E+00 3.31554E+00 3.33689E+00 2.96497E+00 2.90201E+00 2.42592E+00 7.60883E+01
2.54561E+00 3.01967E+00 3.08305E+00 3.42544E+00 3.42131E+00 3.43195E+00 3.45346E+00 3.08292E+00 3.01967E+00 2.54561E+00 7.89279E+01
2.66475E+00 3.13684E+00 3.20050E+00 3.54111E+00 3.53704E+00 3.54791E+00 3.56957E+00 3.20037E+00 3.13684E+00 2.66475E+00 8.17339E+01
2.78331E+00 3.25348E+00 3.31742E+00 3.65629E+00 3.65227E+00 3.66338E+00 3.68520E+00 3.31729E+00 3.25348E+00 2.78331E+00 8.45057E+01
2.90125E+00 3.36955E+00 3.43377E+00 3.77096E+00 3.76699E+00 3.77832E+00 3.80030E+00 3.43364E+00 3.36955E+00 2.90125E+00 8.72430E+01
3.01856E+00 3.48504E+00 3.54952E+00 3.88507E+00 3.88115E+00 3.89271E+00 3.91484E+00 3.54939E+00 3.48504E+00 3.01856E+00 8.99456E+01
3.13519E+00 3.59991E+00 3.66465E+00 3.99861E+00 3.99474E+00 4.00652E+00 4.02879E+00 3.66452E+00 3.59991E+00 3.13519E+00 9.26135E+01
3.25115E+00 3.71415E+00 3.77914E+00 4.11154E+00 4.10772E+00 4.11972E+00 4.14214E+00 3.77900E+00 3.71415E+00 3.25115E+00 9.52466E+01
3.36640E+00 3.82773E+00 3.89296E+00 4.22386E+00 4.22008E+00 4.23229E+00 4.25486E+00 3.89282E+00 3.82773E+00 3.36640E+00 9.78451E+01
3.48094E+00 3.94063E+00 4.00611E+00 4.33553E+00 4.33180E+00 4.34422E+00 4.36693E+00 4.00596E+00 3.94063E+00 3.48094E+00 1.00409E+02
3.59475E+00 4.05285E+00 4.11856E+00 4.44654E+00 4.44285E+00 4.45549E+00 4.47834E+00 4.11841E+00 4.05285E+00 3.59475E+00 1.02939E+02
3.70782E+00 4.16436E+00 4.23030E+00 4.55688E+00 4.55324E+00 4.56609E+00 4.58906E+00 4.23015E+00 4.16436E+00 3.70782E+00 1.05434E+02
3.82014E+00 4.27516E+00 4.34133E+00 4.66653E+00 4.66294E+00 4.67599E+00 4.69911E+00 4.34118E+00 4.27516E+00 3.82014E+00 1.07896E+02
3.93171E+00 4.38524E+00 4.45163E+00 4.77549E+00 4.77194E+00 4.78520E+00 4.80845E+00 4.45147E+00 4.38524E+00 3.93171E+00 1.10324E+02
4.04251E+00 4.49460E+00 4.56120E+00 4.88375E+00 4.88025E+00 4.89370E+00 4.91708E+00 4.56104E+00 4.49460E+00 4.04251E+00 1.12719E+02
4.15255E+00 4.60321E+00 4.67002E+00 4.99130E+00 4.98784E+00 5.00149E+00 5.02500E+00 4.66987E+00 4.60321E+00 4.15255E+00 1.15081E+02
4.26182E+00 4.71109E+00 4.77811E+00 5.09814E+00 5.09471E+00 5.10856E+00 5.13220E+00 4.77795E+00 4.71109E+00 4.26182E+00 1.17411E+02
4.37032E+00 4.81823E+00 4.88545E+00 5.20425E+00 5.20087E+00 5.21491E+00 5.23867E+00 4.88528E+00 4.81823E+00 4.37032E+00 1.19709E+02
4.47804E+00 4.92462E+00 4.99204E+00 5.30964E+00 5.30630E+00 5.32053E+00 5.34441E+00 4.99187E+00 4.92462E+00 4.47804E+00 1.21975E+02
4.58499E+00 5.03026E+00 5.09787E+00 5.41430E+00 5.41100E+00 5.42542E+00 5.44943E+00 5.09771E+00 5.03026E+00 4.58499E+00 1.24210E+02
4.69116E+00 5.13516E+00 5.20296E+00 5.51823E+00 5.51497E+00 5.52958E+00 5.55371E+00 5.20279E+00 5.13516E+00 4.69116E+00 1.26414E+02
4.79656E+00 5.23930E+00 5.30729E+00 5.62144E+00 5.61821E+00 5.63301E+00 5.65725E+00 5.30712E+00 5.23930E+00 4.79656E+00 1.28589E+02
0.00000E+00 0.00000E+00 -6.88811E-03 3.97273E-01 3.90985E-01 3.92612E-01 4.08313E-01 -6.90529E-03 0.00000E+00 0.00000E+00 -1.29855E+00
0.00000E+00 0.00000E+00 3.74981E-02 4.30774E-01 4.24711E-01 4.27110E-01 4.43464E-01 3.74711E-02 0.00000E+00 0.00000E+00 -2.33297E-01
0.00000E+00 3.97921E-02 9.53343E-02 4.79661E-01 4.73794E-01 4.76893E-01 4.93815E-01 9.52985E-02 3.97921E-02 0.00000E+00 1.17409E+00
0.00000E+00 1.05967E-01 1.62733E-01 5.39367E-01 5.33678E-01 5.37429E-01 5.54861E-01 1.62689E-01 1.05967E-01 0.00000E+00 2.86112E+00
0.00000E+00 1.79523E-01 2.37384E-01 6.07240E-01 6.01715E-01 6.06079E-01 6.23979E-01 2.37332E-01 1.79523E-01 0.00000E+00 4.79963E+00
0.00000E+00 2.58620E-01 3.17469E-01 6.81274E-01 6.75900E-01 6.80845E-01 6.99179E-01 3.17410E-01 2.58620E-01 0.00000E+00 6.93724E+00
0.00000E+00 3.41959E-01 4.01710E-01 7.60052E-01 7.54820E-01 7.60317E-01 7.79055E-01 4.01644E-01 3.41959E-01 0.00000E+00 9.22976E+00
0.00000E+00 4.28587E-01 4.89167E-01 8.42535E-01 8.37436E-01 8.43460E-01 8.62577E-01 4.89095E-01 4.28587E-01 0.00000E+00 1.16406E+01
3.59958E-02 5.16802E-01 5.78144E-01 9.26969E-01 9.21996E-01 9.28524E-01 9.47998E-01 5.78066E-01 5.16802E-01 3.59958E-02 1.40791E+01
1.29668E-01 6.05914E-01 6.67962E-01 1.01260E+00 1.00775E+00 1.01476E+00 1.03458E+00 6.67878E-01 6.05914E-01 1.29668E-01 1.64859E+01
2.25136E-01 6.97120E-01 7.59832E-01 1.10057E+00 1.09583E+00 1.10331E+00 1.12345E+00 7.59742E-01 6.97120E-01 2.25136E-01 1.89377E+01
3.21995E-01 7.89978E-01 8.53317E-01 1.19038E+00 1.18575E+00 1.19369E+00 1.21414E+00 8.53221E-01 7.89978E-01 3.21995E-01 2.14209E+01
4.19912E-01 8.84127E-01 9.48058E-01 1.28167E+00 1.27715E+00 1.28553E+00 1.30628E+00 9.47958E-01 8.84127E-01 4.19912E-01 2.39236E+01
5.18609E-01 9.79264E-01 1.04376E+00 1.37411E+00 1.36969E+00 1.37850E+00 1.39954E+00 1.04365E+00 9.79264E-01 5.18609E-01 2.64362E+01
6.17853E-01 1.07513E+00 1.14016E+00 1.46743E+00 1.46310E+00 1.47233E+00 1.49365E+00 1.14005E+00 1.07513E+00 6.17853E-01 2.89504E+01
7.17448E-01 1.17152E+00 1.23706E+00 1.56139E+00 1.55716E+00 1.56681E+00 1.58839E+00 1.23695E+00 1.17152E+00 7.17448E-01 3.14595E+01
8.17226E-01 1.26825E+00 1.33428E+00 1.65582E+00 1.65168E+00 1.66172E+00 1.68357E+00 1.33415E+00 1.26825E+00 8.17226E-01 3.39578E+01
9.17045E-01 1.36516E+00 1.43165E+00 1.75053E+00 1.74648E+00 1.75691E+00 1.77901E+00 1.43152E+00 1.36516E+00 9.17045E-01 3.64405E+01
1.01678E+00 1.46211E+00 1.52905E+00 1.84538E+00 1.84142E+00 1.85223E+00 1.87458E+00 1.52892E+00 1.46211E+00 1.01678E+00 3.89038E+01
1.11634E+00 1.55900E+00 1.62636E+00 1.94026E+00 1.93638E+00 1.94757E+00 1.97016E+00 1.62623E+00 1.55900E+00 1.11634E+00 4.13445E+01
1.21561E+00 1.65572E+00 1.72349E+00 2.03506E+00 2.03126E+00 2.04281E+00 2.06564E+00 1.72335E+00 1.65572E+00 1.21561E+00 4.37601E+01
1.31454E+00 1.75219E+00 1.82035E+00 2.12968E+00 2.12596E+00 2.13787E+00 2.16092E+00 1.82021E+00 1.75219E+00 1.31454E+00 4.61483E+01
1.41304E+00 1.84833E+00 1.91688E+00 2.22404E+00 2.22040E+00 2.23266E+00 2.25594E+00 1.91673E+00 1.84833E+00 1.41304E+00 4.85074E+01
1.51107E+00 1.94408E+00 2.01299E+00 2.31809E+00 2.31452E+00 2.32713E+00 2.35061E+00 2.01284E+00 1.94408E+00 1.51107E+00 5.08363E+01
1.60857E+00 2.03938E+00 2.10865E+00 2.41174E+00 2.40825E+00 2.42119E+00 2.44490E+00 2.10850E+00 2.03938E+00 1.60857E+00 5.31338E+01
1.70551E+00 2.13419E+00 2.20381E+00 2.50497E+00 2.50155E+00 2.51482E+00 2.53873E+00 2.20365E+00 2.13419E+00 1.70551E+00 5.53991E+01
1.80184E+00 2.22847E+00 2.29841E+00 2.59771E+00 2.59436E+00 2.60796E+00 2.63207E+00 2.29825E+00 2.22847E+00 1.80184E+00 5.76317E+01
1.89753E+00 2.32218E+00 2.39244E+00 2.68993E+00 2.68665E+00 2.70057E+00 2.72488E+00 2.39228E+00 2.32218E+00 1.89753E+00 5.98313E+01
1.99256E+00 2.41528E+00 2.48586E+00 2.78160E+00 2.77839E+00 2.79262E+00 2.81713E+00 2.48569E+00 2.41528E+00 1.99256E+00 6.19975E+01
2.08691E+00 2.50776E+00 2.57864E+00 2.87269E+00 2.86955E+00 2.88409E+00 2.90878E+00 2.57847E+00 2.50776E+00 2.08691E+00 6.41304E+01
2.18056E+00 2.59960E+00 2.67077E+00 2.96318E+00 2.96009E+00 2.97494E+00 2.99982E+00 2.67059E+00 2.59960E+00 2.18056E+00 6.62299E+01
2.27348E+00 2.69077E+00 2.76222E+00 3.05303E+00 3.05001E+00 3.06516E+00 3.09022E+00 2.76204E+00 2.69077E+00 2.27348E+00 6.82962E+01
2.36568E+00 2.78125E+00 2.85298E+00 3.14225E+00 3.13929E+00 3.15473E+00 3.17997E+00 2.85280E+00 2.78125E+00 2.36568E+00 7.03294E+01
2.45713E+00 2.87104E+00 2.94304E+00 3.23080E+00 3.22790E+00 3.24363E+00 3.26905E+00 2.94286E+00 2.87104E+00 2.45713E+00 7.23298E+01
2.54783E+00 2.96012E+00 3.03239E+00 3.31868E+00 3.31585E+00 3.33186E+00 3.35746E+00 3.03220E+00 2.96012E+00 2.54783E+00 7.42977E+01
2.63778E+00 3.04850E+00 3.12101E+00 3.40588E+00 3.40310E+00 3.41940E+00 3.44517E+00 3.12082E+00 3.04850E+00 2.63778E+00 7.62335E+01
2.72697E+00 3.13615E+00 3.20891E+00 3.49239E+00 3.48967E+00 3.50624E+00 3.53218E+00 3.20872E+00 3.13615E+00 2.72697E+00 7.81376E+01
2.81539E+00 3.22307E+00 3.29608E+00 3.57820E+00 3.57554E+00 3.59239E+00 3.61849E+00 3.29588E+00 3.22307E+00 2.81539E+00 8.00104E+01
2.90305E+00 3.30927E+00 3.38251E+00 3.66332E+00 3.66071E+00 3.67782E+00 3.70409E+00 3.38231E+00 3.30927E+00 2.90305E+00 8.18524E+01
2.98994E+00 3.39473E+00 3.46820E+00 3.74772E+00 3.74517E+00 3.76255E+00 3.78898E+00 3.46800E+00 3.39473E+00 2.98994E+00 8.36640E+01
3.07607E+00 3.47946E+00 3.55316E+00 3.83142E+00 3.82893E+00 3.84657E+00 3.87315E+00 3.55295E+00 3.47946E+00 3.07607E+00 8.54458E+01
3.16143E+00 3.56346E+00 3.63738E+00 3.91442E+00 3.91197E+00 3.92987E+00 3.95661E+00 3.63717E+00 3.56346E+00 3.16143E+00 8.71981E+01
3.24603E+00 3.64673E+00 3.72086E+00 3.99670E+00 3.99431E+00 4.01246E+00 4.03936E+00 3.72065E+00 3.64673E+00 3.24603E+00 8.89215E+01
3.32988E+00 3.72927E+00 3.80361E+00 4.07828E+00 4.07594E+00 4.09435E+00 4.12139E+00 3.80340E+00 3.72927E+00 3.32988E+00 9.06166E+01
3.41297E+00 3.81109E+00 3.88563E+00 4.15915E+00 4.15686E+00 4.17552E+00 4.20271E+00 3.88541E+00 3.81109E+00 3.41297E+00 9.22839E+01
3.49530E+00 3.89218E+00 3.96692E+00 4.23932E+00 4.23708E+00 4.25598E+00 4.28332E+00 3.96670E+00 3.89218E+00 3.49530E+00 9.39238E+01
3.57690E+00 3.97255E+00 4.04749E+00 4.31879E+00 4.31659E+00 4.33574E+00 4.36323E+00 4.04726E+00 3.97255E+00 3.57690E+00 9.55368E+01
3.65775E+00 4.05220E+00 4.12733E+00 4.39755E+00 4.39541E+00 4.41480E+00 4.44243E+00 4.12711E+00 4.05220E+00 3.65775E+00 9.71235E+01
3.73786E+00 4.13114E+00 4.20646E+00 4.47563E+00 4.47354E+00 4.49316E+00 4.52093E+00 4.20623E+00 4.13114E+00 3.73786E+00 9.86845E+01
3.81725E+00 4.20938E+00 4.28488E+00 4.55302E+00 4.55097E+00 4.57083E+00 4.59874E+00 4.28465E+00 4.20938E+00 3.81725E+00 1.00220E+02
0.00000E+00 0.00000E+00 1.29591E-03 3.52174E-01 3.46354E-01 3.49032E-01 3.66886E-01 1.26634E-03 0.00000E+00 0.00000E+00 -1.24604E+00
0.00000E+00 0.00000E+00 4.56683E-02 3.86413E-01 3.80886E-01 3.84637E-01 4.03263E-01 4.56249E-02 0.00000E+00 0.00000E+00 -1.67223E-01
0.00000E+00 3.73502E-02 1.00442E-01 4.32865E-01 4.27592E-01 4.32309E-01 4.51604E-01 1.00387E-01 3.73502E-02 0.00000E+00 1.19389E+00
0.00000E+00 9.80337E-02 1.62438E-01 4.87715E-01 4.82671E-01 4.88280E-01 5.08178E-01 1.62371E-01 9.80337E-02 0.00000E+00 2.77351E+00
0.00000E+00 1.64185E-01 2.29756E-01 5.48744E-01 5.43908E-01 5.50354E-01 5.70804E-01 2.29678E-01 1.64185E-01 0.00000E+00 4.54309E+00
0.00000E+00 2.34278E-01 3.00897E-01 6.14274E-01 6.09632E-01 6.16865E-01 6.37826E-01 3.00809E-01 2.34278E-01 0.00000E+00 6.45398E+00
0.00000E+00 3.07251E-01 3.74822E-01 6.83139E-01 6.78677E-01 6.86655E-01 7.08093E-01 3.74725E-01 3.07251E-01 0.00000E+00 8.46721E+00
0.00000E+00 3.82334E-01 4.50776E-01 7.54489E-01 7.50196E-01 7.58883E-01 7.80768E-01 4.50671E-01 3.82334E-01 0.00000E+00 1.05520E+01
3.11293E-02 4.58291E-01 5.27530E-01 8.27043E-01 8.22908E-01 8.32269E-01 8.54576E-01 5.27417E-01 4.58291E-01 3.11293E-02 1.26291E+01
1.11637E-01 5.34623E-01 6.04598E-01 9.00246E-01 8.96260E-01 9.06268E-01 9.28974E-01 6.04476E-01 5.34623E-01 1.11637E-01 1.46500E+01
1.93018E-01 6.12100E-01 6.82763E-01 9.74804E-01 9.70960E-01 9.81593E-01 1.00468E+00 6.82634E-01 6.12100E-01 1.93018E-01 1.66871E+01
2.74972E-01 6.90388E-01 7.61699E-01 1.05036E+00 1.04665E+00 1.05789E+00 1.08134E+00 7.61562E-01 6.90388E-01 2.74972E-01 1.87302E+01
3.57253E-01 7.69215E-01 8.41137E-01 1.12661E+00 1.12304E+00 1.13486E+00 1.15867E+00 8.40994E-01 7.69215E-01 3.57253E-01 2.07709E+01
4.39662E-01 8.48361E-01 9.20860E-01 1.20333E+00 1.19988E+00 1.21227E+00 1.23642E+00 9.20710E-01 8.48361E-01 4.39662E-01 2.28022E+01
5.22035E-01 9.27641E-01 1.00069E+00 1.28031E+00 1.27699E+00 1.28993E+00 1.31441E+00 1.00053E+00 9.27641E-01 5.22035E-01 2.48188E+01
6.04237E-01 1.00691E+00 1.08047E+00 1.35740E+00 1.35419E+00 1.36767E+00 1.39246E+00 1.08031E+00 1.00691E+00 6.04237E-01 2.68161E+01
6.86156E-01 1.08603E+00 1.16009E+00 1.43445E+00 1.43135E+00 1.44535E+00 1.47046E+00 1.15992E+00 1.08603E+00 6.86156E-01 2.87907E+01
7.67699E-01 1.16490E+00 1.23943E+00 1.51135E+00 1.50836E+00 1.52287E+00 1.54827E+00 1.23925E+00 1.16490E+00 7.67699E-01 3.07399E+01
8.48788E-01 1.24343E+00 1.31842E+00 1.58800E+00 1.58512E+00 1.60012E+00 1.62582E+00 1.31823E+00 1.24343E+00 8.48788E-01 3.26614E+01
9.29360E-01 1.32156E+00 1.39697E+00 1.66432E+00 1.66154E+00 1.67703E+00 1.70301E+00 1.39679E+00 1.32156E+00 9.29360E-01 3.45536E+01
1.00936E+00 1.39921E+00 1.47504E+00 1.74025E+00 1.73757E+00 1.75353E+00 1.77978E+00 1.47485E+00 1.39921E+00 1.00936E+00 3.64154E+01
1.08875E+00 1.47634E+00 1.55256E+00 1.81572E+00 1.81314E+00 1.82956E+00 1.85608E+00 1.55237E+00 1.47634E+00 1.08875E+00 3.82457E+01
1.16748E+00 1.55291E+00 1.62951E+00 1.89069E+00 1.88820E+00 1.90508E+00 1.93186E+00 1.62931E+00 1.55291E+00 1.16748E+00 4.00441E+01
1.24553E+00 1.62887E+00 1.70584E+00 1.96512E+00 1.96272E+00 1.98004E+00 2.00708E+00 1.70563E+00 1.62887E+00 1.24553E+00 4.18101E+01
1.32288E+00 1.70420E+00 1.78152E+00 2.03897E+00 2.03666E+00 2.05442E+00 2.08170E+00 1.78130E+00 1.70420E+00 1.32288E+00 4.35437E+01
1.39950E+00 1.77887E+00 1.85653E+00 2.11221E+00 2.11000E+00 2.12818E+00 2.15571E+00 1.85631E+00 1.77887E+00 1.39950E+00 4.52447E+01
1.47539E+00 1.85287E+00 1.93086E+00 2.18483E+00 2.18270E+00 2.20130E+00 2.22907E+00 1.93063E+00 1.85287E+00 1.47539E+00 4.69133E+01
1.55052E+00 1.92618E+00 2.00448E+00 2.25681E+00 2.25476E+00 2.27377E+00 2.30177E+00 2.00425E+00 1.92618E+00 1.55052E+00 4.85497E+01
1.62489E+00 1.99878E+00 2.07739E+00 2.32812E+00 2.32615E+00 2.34556E+00 2.37380E+00 2.07716E+00 1.99878E+00 1.62489E+00 5.01543E+01
1.69849E+00 2.07067E+00 2.14957E+00 2.39876E+00 2.39687E+00 2.41668E+00 2.44513E+00 2.14934E+00 2.07067E+00 1.69849E+00 5.17274E+01
1.77133E+00 2.14184E+00 2.22103E+00 2.46872E+00 2.46691E+00 2.48710E+00 2.51578E+00 2.22079E+00 2.14184E+00 1.77133E+00 5.32694E+01
1.84339E+00 2.21229E+00 2.29175E+00 2.53799E+00 2.53626E+00 2.55683E+00 2.58572E+00 2.29151E+00 2.21229E+00 1.84339E+00 5.47810E+01
1.91468E+00 2.28201E+00 2.36174E+00 2.60657E+00 2.60491E+00 2.62586E+00 2.65496E+00 2.36149E+00 2.28201E+00 1.91468E+00 5.62624E+01
1.98520E+00 2.35100E+00 2.43099E+00 2.67445E+00 2.67286E+00 2.69418E+00 2.72349E+00 2.43074E+00 2.35100E+00 1.98520E+00 5.77144E+01
2.05495E+00 2.41926E+00 2.49951E+00 2.74163E+00 2.74012E+00 2.76180E+00 2.79132E+00 2.49926E+00 2.41926E+00 2.05495E+00 5.91375E+01
2.12394E+00 2.48680E+00 2.56730E+00 2.80812E+00 2.80668E+00 2.82871E+00 2.85843E+00 2.56704E+00 2.48680E+00 2.12394E+00 6.05323E+01
2.19217E+00 2.55362E+00 2.63435E+00 2.87391E+00 2.87254E+00 2.89493E+00 2.92484E+00 2.63409E+00 2.55362E+00 2.19217E+00 6.18992E+01
2.25964E+00 2.61971E+00 2.70068E+00 2.93901E+00 2.93770E+00 2.96044E+00 2.99055E+00 2.70041E+00 2.61971E+00 2.25964E+00 6.32390E+01
2.32637E+00 2.68509E+00 2.76629E+00 3.00342E+00 3.00218E+00 3.02525E+00 3.05555E+00 2.76602E+00 2.68509E+00 2.32637E+00 6.45522E+01
2.39235E+00 2.74976E+00 2.83118E+00 3.06714E+00 3.06597E+00 3.08938E+00 3.11987E+00 2.83090E+00 2.74976E+00 2.39235E+00 6.58395E+01
2.45760E+00 2.81373E+00 2.89536E+00 3.13018E+00 3.12907E+00 3.15281E+00 3.18349E+00 2.89508E+00 2.81373E+00 2.45760E+00 6.71013E+01
2.52212E+00 2.87700E+00 2.95884E+00 3.19254E+00 3.19150E+00 3.21556E+00 3.24642E+00 2.95856E+00 2.87700E+00 2.52212E+00 6.83383E+01
2.58593E+00 2.93958E+00 3.02162E+00 3.25424E+00 3.25325E+00 3.27764E+00 3.30868E+00 3.02133E+00 2.93958E+00 2.58593E+00 6.95511E+01
2.64902E+00 3.00147E+00 3.08371E+00 3.31527E+00 3.31434E+00 3.33905E+00 3.37026E+00 3.08342E+00 3.00147E+00 2.64902E+00 7.07402E+01
2.71141E+00 3.06269E+00 3.14512E+00 3.37564E+00 3.37477E+00 3.39979E+00 3.43118E+00 3.14483E+00 3.06269E+00 2.71141E+00 7.19061E+01
2.77310E+00 3.12323E+00 3.20585E+00 3.43536E+00 3.43455E+00 3.45988E+00 3.49144E+00 3.20556E+00 3.12323E+00 2.77310E+00 7.30495E+01
2.83411E+00 3.18312E+00 3.26592E+00 3.49443E+00 3.49369E+00 3.51932E+00 3.55105E+00 3.26563E+00 3.18312E+00 2.83411E+00 7.41708E+01
2.89444E+00 3.24235E+00 3.32533E+00 3.55287E+00 3.55218E+00 3.57811E+00 3.61001E+00 3.32503E+00 3.24235E+00 2.89444E+00 7.52707E+01
2.95411E+00 3.30093E+00 3.38409E+00 3.61067E+00 3.61004E+00 3.63627E+00 3.66834E+00 3.38379E+00 3.30093E+00 2.95411E+00 7.63495E+01
3.01312E+00 3.35888E+00 3.44221E+00 3.66786E+00 3.66728E+00 3.69380E+00 3.72603E+00 3.44191E+00 3.35888E+00 3.01312E+00 7.74078E+01
0.00000E+00 0.00000E+00 1.08271E-02 3.11726E-01 3.06588E-01 3.10949E-01 3.31356E-01 1.07767E-02 0.00000E+00 0.00000E+00 -1.17364E+00
0.00000E+00 0.00000E+00 5.48627E-02 3.46361E-01 3.41597E-01 3.47441E-01 3.68753E-01 5.47928E-02 0.00000E+00 0.00000E+00 -7.67903E-02
0.00000E+00 3.49511E-02 1.06559E-01 3.90352E-01 3.85911E-01 3.93076E-01 4.15174E-01 1.06472E-01 3.49511E-02 0.00000E+00 1.23846E+00
0.00000E+00 9.04322E-02 1.63408E-01 4.40597E-01 4.36445E-01 4.44823E-01 4.67629E-01 1.63306E-01 9.04322E-02 0.00000E+00 2.71211E+00
0.00000E+00 1.49719E-01 2.23903E-01 4.95289E-01 4.91400E-01 5.00906E-01 5.24361E-01 2.23786E-01 1.49719E-01 0.00000E+00 4.31847E+00
0.00000E+00 2.11583E-01 2.86845E-01 5.53061E-01 5.49414E-01 5.59979E-01 5.84034E-01 2.86715E-01 2.11583E-01 0.00000E+00 6.01462E+00
0.00000E+00 2.75181E-01 3.51417E-01 6.12977E-01 6.09555E-01 6.21116E-01 6.45733E-01 3.51274E-01 2.75181E-01 0.00000E+00 7.76800E+00
0.00000E+00 3.39917E-01 4.17039E-01 6.74368E-01 6.71155E-01 6.83660E-01 7.08803E-01 4.16884E-01 3.39917E-01 0.00000E+00 9.55401E+00
2.67611E-02 4.04922E-01 4.82850E-01 7.36325E-01 7.33308E-01 7.46707E-01 7.72345E-01 4.82684E-01 4.04922E-01 2.67611E-02 1.13054E+01
9.55262E-02 4.69853E-01 5.48520E-01 7.98454E-01 7.95621E-01 8.09873E-01 8.35981E-01 5.48344E-01 4.69853E-01 9.55262E-02 1.29834E+01
1.64445E-01 5.35185E-01 6.14541E-01 8.61172E-01 8.58515E-01 8.73587E-01 9.00145E-01 6.14355E-01 5.35185E-01 1.64445E-01 1.46559E+01
2.33306E-01 6.00679E-01 6.80678E-01 9.24216E-01 9.21727E-01 9.37591E-01 9.64580E-01 6.80483E-01 6.00679E-01 2.33306E-01 1.63158E+01
3.01943E-01 6.66143E-01 7.46747E-01 9.87377E-01 9.85049E-01 1.00168E+00 1.02908E+00 7.46542E-01 6.66143E-01 3.01943E-01 1.79575E+01
3.70226E-01 7.31426E-01 8.12598E-01 1.05049E+00 1.04831E+00 1.06568E+00 1.09349E+00 8.12384E-01 7.31426E-01 3.70226E-01 1.95769E+01
4.38050E-01 7.96406E-01 8.78115E-01 1.11341E+00 1.11139E+00 1.12947E+00 1.15766E+00 8.77893E-01 7.96406E-01 4.38050E-01 2.11706E+01
5.05332E-01 8.60987E-01 9.43202E-01 1.17605E+00 1.17416E+00 1.19294E+00 1.22151E+00 9.42972E-01 8.60987E-01 5.05332E-01 2.27365E+01
5.72008E-01 9.25089E-01 1.00779E+00 1.23829E+00 1.23655E+00 1.25600E+00 1.28493E+00 1.00755E+00 9.25089E-01 5.72008E-01 2.42727E+01
6.38027E-01 9.88650E-01 1.07180E+00 1.30009E+00 1.29847E+00 1.31859E+00 1.34787E+00 1.07156E+00 9.88650E-01 6.38027E-01 2.57780E+01
7.03346E-01 1.05162E+00 1.13521E+00 1.36137E+00 1.35989E+00 1.38064E+00 1.41026E+00 1.13495E+00 1.05162E+00 7.03346E-01 2.72517E+01
7.67937E-01 1.11396E+00 1.19796E+00 1.42210E+00 1.42074E+00 1.44211E+00 1.47206E+00 1.19770E+00 1.11396E+00 7.67937E-01 2.86933E+01
8.31773E-01 1.17563E+00 1.26003E+00 1.48223E+00 1.48099E+00 1.50297E+00 1.53325E+00 1.25976E+00 1.17563E+00 8.31773E-01 3.01026E+01
8.94840E-01 1.23662E+00 1.32139E+00 1.54173E+00 1.54061E+00 1.56318E+00 1.59378E+00 1.32112E+00 1.23662E+00 8.94840E-01 3.14797E+01
9.57123E-01 1.29691E+00 1.38204E+00 1.60059E+00 1.59958E+00 1.62273E+00 1.65363E+00 1.38176E+00 1.29691E+00 9.57123E-01 3.28248E+01
1.01862E+00 1.35647E+00 1.44195E+00 1.65879E+00 1.65788E+00 1.68160E+00 1.71280E+00 1.44166E+00 1.35647E+00 1.01862E+00 3.41382E+01
1.07931E+00 1.41531E+00 1.50112E+00 1.71630E+00 1.71551E+00 1.73977E+00 1.77127E+00 1.50083E+00 1.41531E+00 1.07931E+00 3.54203E+01
1.13921E+00 1.47342E+00 1.55954E+00 1.77313E+00 1.77244E+00 1.79724E+00 1.82903E+00 1.55924E+00 1.47342E+00 1.13921E+00 3.66718E+01
1.19832E+00 1.53078E+00 1.61721E+00 1.82926E+00 1.82867E+00 1.85401E+00 1.88607E+00 1.61691E+00 1.53078E+00 1.19832E+00 3.78931E+01
1.25663E+00 1.58741E+00 1.67414E+00 1.88470E+00 1.88421E+00 1.91006E+00 1.94240E+00 1.67383E+00 1.58741E+00 1.25663E+00 3.90848E+01
1.31415E+00 1.64330E+00 1.73031E+00 1.93943E+00 1.93904E+00 1.96540E+00 1.99801E+00 1.73000E+00 1.64330E+00 1.31415E+00 4.02477E+01
1.37089E+00 1.69846E+00 1.78574E+00 1.99347E+00 1.99318E+00 2.02004E+00 2.05291E+00 1.78542E+00 1.69846E+00 1.37089E+00 4.13825E+01
1.42685E+00 1.75289E+00 1.84044E+00 2.04682E+00 2.04661E+00 2.07396E+00 2.10709E+00 1.84011E+00 1.75289E+00 1.42685E+00 4.24897E+01
1.48204E+00 1.80660E+00 1.89440E+00 2.09947E+00 2.09936E+00 2.12718E+00 2.16057E+00 1.89406E+00 1.80660E+00 1.48204E+00 4.35702E+01
1.53648E+00 1.85958E+00 1.94763E+00 2.15144E+00 2.15141E+00 2.17971E+00 2.21334E+00 1.94729E+00 1.85958E+00 1.53648E+00 4.46245E+01
1.59017E+00 1.91186E+00 2.00015E+00 2.20272E+00 2.20278E+00 2.23154E+00 2.26542E+00 1.99980E+00 1.91186E+00 1.59017E+00 4.56535E+01
1.64312E+00 1.96344E+00 2.05195E+00 2.25334E+00 2.25348E+00 2.28269E+00 2.31681E+00 2.05161E+00 1.96344E+00 1.64312E+00 4.66577E+01
1.69534E+00 2.01433E+00 2.10306E+00 2.30328E+00 2.30351E+00 2.33316E+00 2.36752E+00 2.10271E+00 2.01433E+00 1.69534E+00 4.76379E+01
1.74684E+00 2.06453E+00 2.15347E+00 2.35256E+00 2.35287E+00 2.38297E+00 2.41755E+00 2.15312E+00 2.06453E+00 1.74684E+00 4.85948E+01
1.79764E+00 2.11405E+00 2.20321E+00 2.40120E+00 2.40158E+00 2.43211E+00 2.46692E+00 2.20285E+00 2.11405E+00 1.79764E+00 4.95290E+01
1.84774E+00 2.16291E+00 2.25227E+00 2.44919E+00 2.44965E+00 2.48060E+00 2.51564E+00 2.25191E+00 2.16291E+00 1.84774E+00 5.04411E+01
1.89716E+00 2.21112E+00 2.30067E+00 2.49654E+00 2.49708E+00 2.52845E+00 2.56371E+00 2.30030E+00 2.21112E+00 1.89716E+00 5.13317E+01
1.94590E+00 2.25868E+00 2.34842E+00 2.54327E+00 2.54389E+00 2.57567E+00 2.61114E+00 2.34805E+00 2.25868E+00 1.94590E+00 5.22016E+01
1.99398E+00 2.30560E+00 2.39553E+00 2.58939E+00 2.59008E+00 2.62226E+00 2.65795E+00 2.39516E+00 2.30560E+00 1.99398E+00 5.30512E+01
2.04141E+00 2.35190E+00 2.44201E+00 2.63489E+00 2.63566E+00 2.66824E+00 2.70414E+00 2.44163E+00 2.35190E+00 2.04141E+00 5.38812E+01
2.08821E+00 2.39759E+00 2.48787E+00 2.67981E+00 2.68064E+00 2.71361E+00 2.74973E+00 2.48749E+00 2.39759E+00 2.08821E+00 5.46921E+01
2.13437E+00 2.44267E+00 2.53312E+00 2.72413E+00 2.72503E+00 2.75839E+00 2.79471E+00 2.53273E+00 2.44267E+00 2.13437E+00 5.54844E+01
2.17992E+00 2.48715E+00 2.57777E+00 2.76787E+00 2.76885E+00 2.80259E+00 2.83911E+00 2.57738E+00 2.48715E+00 2.17992E+00 5.62587E+01
2.22486E+00 2.53106E+00 2.62184E+00 2.81105E+00 2.81209E+00 2.84621E+00 2.88293E+00 2.62144E+00 2.53106E+00 2.22486E+00 5.70156E+01
2.26920E+00 2.57438E+00 2.66532E+00 2.85367E+00 2.85477E+00 2.88926E+00 2.92618E+00 2.66492E+00 2.57438E+00 2.26920E+00 5.77554E+01
2.31296E+00 2.61714E+00 2.70823E+00 2.89573E+00 2.89691E+00 2.93176E+00 2.96887E+00 2.70783E+00 2.61714E+00 2.31296E+00 5.84787E+01
2.35614E+00 2.65935E+00 2.75059E+00 2.93726E+00 2.93849E+00 2.97371E+00 3.01101E+00 2.75018E+00 2.65935E+00 2.35614E+00 5.91860E+01
0.00000E+00 0.00000E+00 2.17659E-02 2.75670E-01 2.71486E-01 2.78519E-01 3.01905E-01 2.16808E-02 0.00000E+00 0.00000E+00 -1.06814E+00
0.00000E+00 0.00000E+00 6.51232E-02 3.10381E-01 3.06668E-01 3.15729E-01 3.40171E-01 6.50109E-02 0.00000E+00 0.00000E+00 4.75598E-02
0.00000E+00 3.25949E-02 1.13702E-01 3.51895E-01 3.48585E-01 3.59436E-01 3.84798E-01 1.13566E-01 3.25949E-02 0.00000E+00 1.31422E+00
0.00000E+00 8.31437E-02 1.65621E-01 3.97775E-01 3.94824E-01 4.07306E-01 4.33497E-01 1.65464E-01 8.31437E-02 0.00000E+00 2.68084E+00
0.00000E+00 1.36062E-01 2.19738E-01 4.46597E-01 4.43972E-01 4.57961E-01 4.84914E-01 2.19561E-01 1.36062E-01 0.00000E+00 4.12762E+00
0.00000E+00 1.90399E-01 2.75134E-01 4.97288E-01 4.94962E-01 5.10356E-01 5.38015E-01 2.74940E-01 1.90399E-01 0.00000E+00 5.61909E+00
0.00000E+00 2.45518E-01 3.31202E-01 5.49126E-01 5.47076E-01 5.63788E-01 5.92105E-01 3.30990E-01 2.45518E-01 0.00000E+00 7.12990E+00
0.00000E+00 3.00979E-01 3.87519E-01 6.01608E-01 5.99814E-01 6.17767E-01 6.46704E-01 3.87292E-01 3.00979E-01 0.00000E+00 8.64199E+00
2.28476E-02 3.56206E-01 4.43519E-01 6.54120E-01 6.52565E-01 6.71689E-01 7.01209E-01 4.43277E-01 3.56206E-01 2.28476E-02 1.00997E+01
8.11602E-02 4.10983E-01 4.98997E-01 7.06401E-01 7.05069E-01 7.25304E-01 7.55377E-01 4.98742E-01 4.10983E-01 8.11602E-02 1.14737E+01
1.39077E-01 4.65591E-01 5.54255E-01 7.58681E-01 7.57562E-01 7.78862E-01 8.09464E-01 5.53987E-01 4.65591E-01 1.39077E-01 1.28264E+01
1.96468E-01 5.19874E-01 6.09141E-01 8.10782E-01 8.09865E-01 8.32189E-01 8.63299E-01 6.08860E-01 5.19874E-01 1.96468E-01 1.41538E+01
2.53235E-01 5.73711E-01 6.63539E-01 8.62568E-01 8.61844E-01 8.85154E-01 9.16753E-01 6.63247E-01 5.73711E-01 2.53235E-01 1.54527E+01
3.09305E-01 6.27011E-01 7.17364E-01 9.13934E-01 9.13394E-01 9.37655E-01 9.69726E-01 7.17061E-01 6.27011E-01 3.09305E-01 1.67213E+01
3.64626E-01 6.79705E-01 7.70550E-01 9.64798E-01 9.64436E-01 9.89614E-01 1.02214E+00 7.70236E-01 6.79705E-01 3.64626E-01 1.79581E+01
4.19160E-01 7.31742E-01 8.23049E-01 1.01510E+00 1.01491E+00 1.04097E+00 1.07394E+00 8.22724E-01 7.31742E-01 4.19160E-01 1.91626E+01
4.72880E-01 7.83083E-01 8.74823E-01 1.06479E+00 1.06476E+00 1.09169E+00 1.12508E+00 8.74489E-01 7.83083E-01 4.72880E-01 2.03344E+01
5.25768E-01 8.33699E-01 9.25850E-01 1.11383E+00 1.11396E+00 1.14172E+00 1.17553E+00 9.25505E-01 8.33699E-01 5.25768E-01 2.14735E+01
5.77814E-01 8.83572E-01 9.76110E-01 1.16220E+00 1.16248E+00 1.19105E+00 1.22527E+00 9.75757E-01 8.83572E-01 5.77814E-01 2.25801E+01
6.29013E-01 9.32689E-01 1.02559E+00 1.20988E+00 1.21031E+00 1.23967E+00 1.27427E+00 1.02523E+00 9.32689E-01 6.29013E-01 2.36547E+01
6.79366E-01 9.81043E-01 1.07429E+00 1.25686E+00 1.25743E+00 1.28755E+00 1.32254E+00 1.07392E+00 9.81043E-01 6.79366E-01 2.46979E+01
7.28876E-01 1.02863E+00 1.12221E+00 1.30312E+00 1.30383E+00 1.33470E+00 1.37006E+00 1.12183E+00 1.02863E+00 7.28876E-01 2.57104E+01
7.77549E-01 1.07545E+00 1.16935E+00 1.34867E+00 1.34951E+00 1.38111E+00 1.41683E+00 1.16896E+00 1.07545E+00 7.77549E-01 2.66929E+01
8.25393E-01 1.12151E+00 1.21571E+00 1.39351E+00 1.39448E+00 1.42679E+00 1.46286E+00 1.21531E+00 1.12151E+00 8.25393E-01 2.76462E+01
8.72418E-01 1.16682E+00 1.26130E+00 1.43763E+00 1.43873E+00 1.47173E+00 1.50815E+00 1.26089E+00 1.16682E+00 8.72418E-01 2.85712E+01
9.18637E-01 1.21138E+00 1.30612E+00 1.48105E+00 1.48227E+00 1.51594E+00 1.55270E+00 1.30572E+00 1.21138E+00 9.18637E-01 2.94686E+01
9.64062E-01 1.25519E+00 1.35020E+00 1.52377E+00 1.52510E+00 1.55944E+00 1.59652E+00 1.34978E+00 1.25519E+00 9.64062E-01 3.03394E+01
1.00871E+00 1.29828E+00 1.39353E+00 1.56579E+00 1.56724E+00 1.60222E+00 1.63963E+00 1.39311E+00 1.29828E+00 1.00871E+00 3.11844E+01
1.05258E+00 1.34065E+00 1.43614E+00 1.60713E+00 1.60869E+00 1.64430E+00 1.68203E+00 1.43571E+00 1.34065E+00 1.05258E+00 3.20045E+01
1.09571E+00 1.38231E+00 1.47803E+00 1.64779E+00 1.64947E+00 1.68569E+00 1.72373E+00 1.47759E+00 1.38231E+00 1.09571E+00 3.28004E+01
1.13809E+00 1.42327E+00 1.51921E+00 1.68779E+00 1.68957E+00 1.72640E+00 1.76474E+00 1.51877E+00 1.42327E+00 1.13809E+00 3.35730E+01
1.17976E+00 1.46356E+00 1.55970E+00 1.72713E+00 1.72902E+00 1.76644E+00 1.80508E+00 1.55925E+00 1.46356E+00 1.17976E+00 3.43231E+01
1.22071E+00 1.50317E+00 1.59952E+00 1.76583E+00 1.76782E+00 1.80582E+00 1.84476E+00 1.59906E+00 1.50317E+00 1.22071E+00 3.50515E+01
1.26098E+00 1.54213E+00 1.63867E+00 1.80390E+00 1.80599E+00 1.84456E+00 1.88378E+00 1.63821E+00 1.54213E+00 1.26098E+00 3.57588E+01
1.30056E+00 1.58044E+00 1.67716E+00 1.84135E+00 1.84354E+00 1.88266E+00 1.92217E+00 1.67670E+00 1.58044E+00 1.30056E+00 3.64458E+01
1.33948E+00 1.61812E+00 1.71502E+00 1.87819E+00 1.88047E+00 1.92014E+00 1.95993E+00 1.71455E+00 1.61812E+00 1.33948E+00 3.71133E+01
1.37775E+00 1.65518E+00 1.75226E+00 1.91443E+00 1.91681E+00 1.95702E+00 1.99708E+00 1.75178E+00 1.65518E+00 1.37775E+00 3.77618E+01
1.41539E+00 1.69164E+00 1.78888E+00 1.95009E+00 1.95256E+00 1.99330E+00 2.03362E+00 1.78840E+00 1.69164E+00 1.41539E+00 3.83921E+01
1.45240E+00 1.72751E+00 1.82491E+00 1.98518E+00 1.98773E+00 2.02899E+00 2.06958E+00 1.82442E+00 1.72751E+00 1.45240E+00 3.90048E+01
1.48881E+00 1.76279E+00 1.86034E+00 2.01970E+00 2.02235E+00 2.06411E+00 2.10496E+00 1.85985E+00 1.76279E+00 1.48881E+00 3.96005E+01
1.52463E+00 1.79751E+00 1.89521E+00 2.05368E+00 2.05641E+00 2.09867E+00 2.13978E+00 1.89471E+00 1.79751E+00 1.52463E+00 4.01797E+01
1.55986E+00 1.83167E+00 1.92951E+00 2.08712E+00 2.08993E+00 2.13269E+00 2.17404E+00 1.92901E+00 1.83167E+00 1.55986E+00 4.07430E+01
1.59453E+00 1.86529E+00 1.96327E+00 2.12002E+00 2.12292E+00 2.16616E+00 2.20777E+00 1.96276E+00 1.86529E+00 1.59453E+00 4.12910E+01
1.62864E+00 1.89837E+00 1.99649E+00 2.15242E+00 2.15539E+00 2.19911E+00 2.24096E+00 1.99597E+00 1.89837E+00 1.62864E+00 4.18241E+01
1.66221E+00 1.93094E+00 2.02918E+00 2.18430E+00 2.18736E+00 2.23155E+00 2.27364E+00 2.02866E+00 1.93094E+00 1.66221E+00 4.23429E+01
1.69525E+00 1.96299E+00 2.06136E+00 2.21569E+00 2.21883E+00 2.26348E+00 2.30581E+00 2.06084E+00 1.96299E+00 1.69525E+00 4.28479E+01
1.72777E+00 1.99455E+00 2.09304E+00 2.24660E+00 2.24981E+00 2.29492E+00 2.33748E+00 2.09251E+00 1.99455E+00 1.72777E+00 4.33394E+01
1.75978E+00 2.02562E+00 2.12422E+00 2.27703E+00 2.28032E+00 2.32587E+00 2.36867E+00 2.12369E+00 2.02562E+00 1.75978E+00 4.38180E+01
1.79130E+00 2.05621E+00 2.15493E+00 2.30700E+00 2.31036E+00 2.35635E+00 2.39938E+00 2.15439E+00 2.05621E+00 1.79130E+00 4.42841E+01
1.82233E+00 2.08634E+00 2.18516E+00 2.33652E+00 2.33995E+00 2.38637E+00 2.42962E+00 2.18462E+00 2.08634E+00 1.82233E+00 4.47381E+01
0.00000E+00 0.00000E+00 3.41008E-02 2.43835E-01 2.40950E-01 2.52182E-01 2.78963E-01 3.39582E-02 0.00000E+00 0.00000E+00 -9.12569E-01
0.00000E+00 0.00000E+00 7.64141E-02 2.78328E-01 2.76028E-01 2.89998E-01 3.18013E-01 7.62339E-02 0.00000E+00 0.00000E+00 2.17253E-01
0.00000E+00 3.02767E-02 1.21796E-01 3.17349E-01 3.15546E-01 3.31910E-01 3.61003E-01 1.21584E-01 3.02767E-02 0.00000E+00 1.42835E+00
0.00000E+00 7.61341E-02 1.68938E-01 3.59073E-01 3.57711E-01 3.76238E-01 4.06305E-01 1.68697E-01 7.61341E-02 0.00000E+00 2.68373E+00
0.00000E+00 1.23125E-01 2.17035E-01 4.02438E-01 4.01474E-01 4.21986E-01 4.52951E-01 2.16768E-01 1.23125E-01 0.00000E+00 3.97211E+00
0.00000E+00 1.70559E-01 2.65435E-01 4.46645E-01 4.46043E-01 4.68395E-01 5.00192E-01 2.65144E-01 1.70559E-01 0.00000E+00 5.26679E+00
0.00000E+00 2.17990E-01 3.13719E-01 4.91172E-01 4.90904E-01 5.14972E-01 5.47546E-01 3.13406E-01 2.17990E-01 0.00000E+00 6.55014E+00
0.00000E+00 2.65127E-01 3.61615E-01 5.35670E-01 5.35710E-01 5.61387E-01 5.94693E-01 3.61282E-01 2.65127E-01 0.00000E+00 7.81056E+00
1.93452E-02 3.11620E-01 4.08784E-01 5.79758E-01 5.80083E-01 6.07269E-01 6.41264E-01 4.08432E-01 3.11620E-01 1.93452E-02 9.00365E+00
6.83662E-02 3.57356E-01 4.55127E-01 6.23283E-01 6.23875E-01 6.52486E-01 6.87134E-01 4.54758E-01 3.57356E-01 6.83662E-02 1.01083E+01
1.16589E-01 4.02505E-01 5.00830E-01 6.66368E-01 6.67213E-01 6.97183E-01 7.32458E-01 5.00444E-01 4.02505E-01 1.16589E-01 1.11814E+01
1.63953E-01 4.46980E-01 5.45813E-01 7.08908E-01 7.09993E-01 7.41266E-01 7.77143E-01 5.45411E-01 4.46980E-01 1.63953E-01 1.22213E+01
2.10419E-01 4.90721E-01 5.90022E-01 7.50831E-01 7.52143E-01 7.84666E-01 8.21122E-01 5.89605E-01 4.90721E-01 2.10419E-01 1.32271E+01
2.55964E-01 5.33690E-01 6.33422E-01 7.92083E-01 7.93612E-01 8.27336E-01 8.64352E-01 6.32991E-01 5.33690E-01 2.55964E-01 1.41988E+01
3.00577E-01 5.75860E-01 6.75991E-01 8.32628E-01 8.34365E-01 8.69245E-01 9.06801E-01 6.75547E-01 5.75860E-01 3.00577E-01 1.51364E+01
3.44258E-01 6.17218E-01 7.17719E-01 8.72443E-01 8.74380E-01 9.10375E-01 9.48454E-01 7.17262E-01 6.17218E-01 3.44258E-01 1.60406E+01
3.87011E-01 6.57756E-01 7.58602E-01 9.11514E-01 9.13642E-01 9.50714E-01 9.89299E-01 7.58133E-01 6.57756E-01 3.87011E-01 1.69120E+01
4.28845E-01 6.97476E-01 7.98642E-01 9.49835E-01 9.52146E-01 9.90260E-01 1.02934E+00 7.98162E-01 6.97476E-01 4.28845E-01 1.77517E+01
4.69774E-01 7.36381E-01 8.37847E-01 9.87404E-01 9.89892E-01 1.02901E+00 1.06857E+00 8.37355E-01 7.36381E-01 4.69774E-01 1.85604E+01
5.09814E-01 7.74482E-01 8.76227E-01 1.02423E+00 1.02688E+00 1.06698E+00 1.10700E+00 8.75725E-01 7.74482E-01 5.09814E-01 1.93394E+01
5.48981E-01 8.11788E-01 9.13795E-01 1.06031E+00 1.06313E+00 1.10417E+00 1.14465E+00 9.13283E-01 8.11788E-01 5.48981E-01 2.00896E+01
5.87297E-01 8.48313E-01 9.50566E-01 1.09565E+00 1.09863E+00 1.14060E+00 1.18151E+00 9.50043E-01 8.48313E-01 5.87297E-01 2.08122E+01
6.24779E-01 8.84072E-01 9.86556E-01 1.13028E+00 1.13341E+00 1.17628E+00 1.21762E+00 9.86023E-01 8.84072E-01 6.24779E-01 2.15082E+01
6.61449E-01 9.19081E-01 1.02178E+00 1.16420E+00 1.16748E+00 1.21121E+00 1.25297E+00 1.02124E+00 9.19081E-01 6.61449E-01 2.21787E+01
6.97327E-01 9.53355E-01 1.05626E+00 1.19742E+00 1.20084E+00 1.24543E+00 1.28760E+00 1.05571E+00 9.53355E-01 6.97327E-01 2.28247E+01
7.32434E-01 9.86912E-01 1.09001E+00 1.22996E+00 1.23352E+00 1.27893E+00 1.32150E+00 1.08945E+00 9.86912E-01 7.32434E-01 2.34473E+01
7.66790E-01 1.01977E+00 1.12305E+00 1.26183E+00 1.26554E+00 1.31175E+00 1.35471E+00 1.12248E+00 1.01977E+00 7.66790E-01 2.40474E+01
8.00416E-01 1.05194E+00 1.15539E+00 1.29306E+00 1.29689E+00 1.34389E+00 1.38723E+00 1.15482E+00 1.05194E+00 8.00416E-01 2.46260E+01
8.33333E-01 1.08345E+00 1.18706E+00 1.32365E+00 1.32761E+00 1.37537E+00 1.41909E+00 1.18648E+00 1.08345E+00 8.33333E-01 2.51839E+01
8.65558E-01 1.11432E+00 1.21807E+00 1.35362E+00 1.35770E+00 1.40622E+00 1.45030E+00 1.21748E+00 1.11432E+00 8.65558E-01 2.57221E+01
8.97113E-01 1.14455E+00 1.24845E+00 1.38298E+00 1.38719E+00 1.43643E+00 1.48088E+00 1.24785E+00 1.14455E+00 8.97113E-01 2.62413E+01
9.28015E-01 1.17416E+00 1.27820E+00 1.41176E+00 1.41608E+00 1.46604E+00 1.51084E+00 1.27759E+00 1.17416E+00 9.28015E-01 2.67424E+01
9.58283E-01 1.20318E+00 1.30734E+00 1.43995E+00 1.44439E+00 1.49506E+00 1.54020E+00 1.30673E+00 1.20318E+00 9.58283E-01 2.72261E+01
9.87935E-01 1.23161E+00 1.33590E+00 1.46759E+00 1.47214E+00 1.52349E+00 1.56898E+00 1.33528E+00 1.23161E+00 9.87935E-01 2.76932E+01
1.01699E+00 1.25948E+00 1.36388E+00 1.49469E+00 1.49935E+00 1.55137E+00 1.59719E+00 1.36325E+00 1.25948E+00 1.01699E+00 2.81443E+01
1.04546E+00 1.28679E+00 1.39130E+00 1.52125E+00 1.52602E+00 1.57869E+00 1.62484E+00 1.39067E+00 1.28679E+00 1.04546E+00 2.85800E+01
1.07336E+00 1.31357E+00 1.41818E+00 1.54729E+00 1.55216E+00 1.60548E+00 1.65196E+00 1.41755E+00 1.31357E+00 1.07336E+00 2.90011E+01
1.10072E+00 1.33983E+00 1.44454E+00 1.57283E+00 1.57781E+00 1.63176E+00 1.67855E+00 1.44389E+00 1.33983E+00 1.10072E+00 2.94081E+01
1.12754E+00 1.36558E+00 1.47038E+00 1.59788E+00 1.60295E+00 1.65752E+00 1.70463E+00 1.46973E+00 1.36558E+00 1.12754E+00 2.98016E+01
1.15384E+00 1.39083E+00 1.49572E+00 1.62245E+00 1.62762E+00 1.68280E+00 1.73021E+00 1.49506E+00 1.39083E+00 1.15384E+00 3.01821E+01
1.17963E+00 1.41560E+00 1.52057E+00 1.64656E+00 1.65182E+00 1.70760E+00 1.75531E+00 1.51991E+00 1.41560E+00 1.17963E+00 3.05501E+01
1.20493E+00 1.43990E+00 1.54495E+00 1.67021E+00 1.67556E+00 1.73192E+00 1.77993E+00 1.54429E+00 1.43990E+00 1.20493E+00 3.09062E+01
1.22975E+00 1.46375E+00 1.56887E+00 1.69341E+00 1.69886E+00 1.75580E+00 1.80410E+00 1.56820E+00 1.46375E+00 1.22975E+00 3.12508E+01
1.25411E+00 1.48715E+00 1.59234E+00 1.71619E+00 1.72173E+00 1.77923E+00 1.82782E+00 1.59166E+00 1.48715E+00 1.25411E+00 3.15843E+01
1.27802E+00 1.51011E+00 1.61537E+00 1.73855E+00 1.74418E+00 1.80223E+00 1.85110E+00 1.61469E+00 1.51011E+00 1.27802E+00 3.19072E+01
1.30148E+00 1.53266E+00 1.63798E+00 1.76050E+00 1.76621E+00 1.82481E+00 1.87396E+00 1.63730E+00 1.53266E+00 1.30148E+00 3.22199E+01
1.32451E+00 1.55479E+00 1.66018E+00 1.78205E+00 1.78785E+00 1.84698E+00 1.89641E+00 1.65949E+00 1.55479E+00 1.32451E+00 3.25227E+01
1.34713E+00 1.57653E+00 1.68197E+00 1.80321E+00 1.80909E+00 1.86875E+00 1.91845E+00 1.68127E+00 1.57653E+00 1.34713E+00 3.28160E+01
1.36934E+00 1.59787E+00 1.70337E+00 1.82399E+00 1.82995E+00 1.89014E+00 1.94011E+00 1.70267E+00 1.59787E+00 1.36934E+00 3.31003E+01
1.39115E+00 1.61884E+00 1.72438E+00 1.84440E+00 1.85045E+00 1.91114E+00 1.96137E+00 1.72368E+00 1.61884E+00 1.39115E+00 3.33758E+01
0.00000E+00 0.00000E+00 4.77023E-02 2.16164E-01 2.15029E-01 2.32779E-01 2.63309E-01 4.74647E-02 0.00000E+00 0.00000E+00 -6.86863E-01
0.00000E+00 0.00000E+00 8.85510E-02 2.50147E-01 2.49730E-01 2.71117E-01 3.03102E-01 8.82622E-02 0.00000E+00 0.00000E+00 4.44293E-01
0.00000E+00 2.79753E-02 1.30579E-01 2.86625E-01 2.86813E-01 3.11346E-01 3.44609E-01 1.30247E-01 2.79753E-02 0.00000E+00 1.58723E+00
0.00000E+00 6.93304E-02 1.73000E-01 3.24346E-01 3.25065E-01 3.52416E-01 3.86839E-01 1.72630E-01 6.93304E-02 0.00000E+00 2.72328E+00
0.00000E+00 1.10761E-01 2.15327E-01 3.62586E-01 3.63782E-01 3.93702E-01 4.29193E-01 2.14923E-01 1.10761E-01 0.00000E+00 3.85158E+00
0.00000E+00 1.51823E-01 2.57150E-01 4.00805E-01 4.02433E-01 4.34718E-01 4.71202E-01 2.56715E-01 1.51823E-01 0.00000E+00 4.95506E+00
0.00000E+00 1.92250E-01 2.98233E-01 4.38672E-01 4.40694E-01 4.75170E-01 5.12585E-01 2.97770E-01 1.92250E-01 0.00000E+00 6.02381E+00
0.00000E+00 2.31884E-01 3.38435E-01 4.75977E-01 4.78363E-01 5.14883E-01 5.53173E-01 3.37946E-01 2.31884E-01 0.00000E+00 7.05241E+00
1.62097E-02 2.70555E-01 3.77599E-01 5.12523E-01 5.15245E-01 5.53670E-01 5.92786E-01 3.77086E-01 2.70555E-01 1.62097E-02 8.00682E+00
5.69718E-02 3.08238E-01 4.15711E-01 5.48249E-01 5.51283E-01 5.91497E-01 6.31395E-01 4.15177E-01 3.08238E-01 5.69718E-02 8.87314E+00
9.66591E-02 3.45042E-01 4.52897E-01 5.83226E-01 5.86553E-01 6.28468E-01 6.69117E-01 4.52343E-01 3.45042E-01 9.66591E-02 9.70232E+00
1.35270E-01 3.80943E-01 4.89139E-01 6.17413E-01 6.21017E-01 6.64554E-01 7.05925E-01 4.88565E-01 3.80943E-01 1.35270E-01 1.04948E+01
1.72815E-01 4.15933E-01 5.24433E-01 6.50788E-01 6.54655E-01 6.99742E-01 7.41808E-01 5.23841E-01 4.15933E-01 1.72815E-01 1.12515E+01
2.09313E-01 4.50013E-01 5.58785E-01 6.83343E-01 6.87460E-01 7.34032E-01 7.76767E-01 5.58177E-01 4.50013E-01 2.09313E-01 1.19736E+01
2.44787E-01 4.83194E-01 5.92211E-01 7.15080E-01 7.19434E-01 7.67429E-01 8.10813E-01 5.91586E-01 4.83194E-01 2.44787E-01 1.26624E+01
2.79264E-01 5.15492E-01 6.24727E-01 7.46004E-01 7.50586E-01 7.99949E-01 8.43959E-01 6.24087E-01 5.15492E-01 2.79264E-01 1.33193E+01
3.12775E-01 5.46924E-01 6.56356E-01 7.76129E-01 7.80928E-01 8.31609E-01 8.76226E-01 6.55702E-01 5.46924E-01 3.12775E-01 1.39458E+01
3.45348E-01 5.77513E-01 6.87122E-01 8.05471E-01 8.10477E-01 8.62427E-01 9.07634E-01 6.86454E-01 5.77513E-01 3.45348E-01 1.45433E+01
3.77016E-01 6.07282E-01 7.17050E-01 8.34046E-01 8.39252E-01 8.92428E-01 9.38206E-01 7.16369E-01 6.07282E-01 3.77016E-01 1.51132E+01
4.07808E-01 6.36254E-01 7.46165E-01 8.61875E-01 8.67273E-01 9.21633E-01 9.67968E-01 7.45472E-01 6.36254E-01 4.07808E-01 1.56569E+01
4.37756E-01 6.64455E-01 7.74493E-01 8.88979E-01 8.94561E-01 9.50066E-01 9.96942E-01 7.73788E-01 6.64455E-01 4.37756E-01 1.61759E+01
4.66889E-01 6.91908E-01 8.02061E-01 9.15377E-01 9.21137E-01 9.77751E-01 1.02516E+00 8.01344E-01 6.91908E-01 4.66889E-01 1.66712E+01
4.95236E-01 7.18638E-01 8.28893E-01 9.41092E-01 9.47023E-01 1.00471E+00 1.05263E+00 8.28166E-01 7.18638E-01 4.95236E-01 1.71442E+01
5.22826E-01 7.44669E-01 8.55015E-01 9.66144E-01 9.72240E-01 1.03097E+00 1.07939E+00 8.54277E-01 7.44669E-01 5.22826E-01 1.75961E+01
5.49686E-01 7.70024E-01 8.80451E-01 9.90554E-01 9.96810E-01 1.05656E+00 1.10547E+00 8.79703E-01 7.70024E-01 5.49686E-01 1.80279E+01
5.75841E-01 7.94726E-01 9.05224E-01 1.01434E+00 1.02075E+00 1.08148E+00 1.13087E+00 9.04467E-01 7.94726E-01 5.75841E-01 1.84406E+01
6.01319E-01 8.18797E-01 9.29358E-01 1.03753E+00 1.04409E+00 1.10578E+00 1.15563E+00 9.28591E-01 8.18797E-01 6.01319E-01 1.88353E+01
6.26142E-01 8.42258E-01 9.52874E-01 1.06014E+00 1.06684E+00 1.12946E+00 1.17978E+00 9.52099E-01 8.42258E-01 6.26142E-01 1.92128E+01
6.50334E-01 8.65131E-01 9.75795E-01 1.08218E+00 1.08903E+00 1.15255E+00 1.20331E+00 9.75011E-01 8.65131E-01 6.50334E-01 1.95741E+01
6.73918E-01 8.87435E-01 9.98139E-01 1.10368E+00 1.11066E+00 1.17507E+00 1.22627E+00 9.97347E-01 8.87435E-01 6.73918E-01 1.99200E+01
6.96914E-01 9.09189E-01 1.01993E+00 1.12465E+00 1.13177E+00 1.19704E+00 1.24867E+00 1.01913E+00 9.09189E-01 6.96914E-01 2.02512E+01
7.19345E-01 9.30412E-01 1.04118E+00 1.14512E+00 1.15236E+00 1.21848E+00 1.27053E+00 1.04037E+00 9.30412E-01 7.19345E-01 2.05685E+01
7.41228E-01 9.51122E-01 1.06191E+00 1.16509E+00 1.17246E+00 1.23939E+00 1.29186E+00 1.06110E+00 9.51122E-01 7.41228E-01 2.08725E+01
7.62584E-01 9.71336E-01 1.08215E+00 1.18458E+00 1.19207E+00 1.25981E+00 1.31268E+00 1.08132E+00 9.71336E-01 7.62584E-01 2.11640E+01
7.83430E-01 9.91071E-01 1.10189E+00 1.20362E+00 1.21123E+00 1.27975E+00 1.33302E+00 1.10107E+00 9.91071E-01 7.83430E-01 2.14434E+01
8.03783E-01 1.01034E+00 1.12117E+00 1.22220E+00 1.22993E+00 1.29922E+00 1.35288E+00 1.12034E+00 1.01034E+00 8.03783E-01 2.17114E+01
8.23660E-01 1.02916E+00 1.14000E+00 1.24036E+00 1.24820E+00 1.31824E+00 1.37228E+00 1.13916E+00 1.02916E+00 8.23660E-01 2.19686E+01
8.43077E-01 1.04755E+00 1.15839E+00 1.25810E+00 1.26604E+00 1.33682E+00 1.39124E+00 1.15754E+00 1.04755E+00 8.43077E-01 2.22154E+01
8.62049E-01 1.06552E+00 1.17635E+00 1.27543E+00 1.28348E+00 1.35498E+00 1.40976E+00 1.17550E+00 1.06552E+00 8.62049E-01 2.24524E+01
8.80591E-01 1.08308E+00 1.19391E+00 1.29237E+00 1.30053E+00 1.37272E+00 1.42788E+00 1.19305E+00 1.08308E+00 8.80591E-01 2.26799E+01
8.98716E-01 1.10025E+00 1.21107E+00 1.30893E+00 1.31719E+00 1.39008E+00 1.44559E+00 1.21020E+00 1.10025E+00 8.98716E-01 2.28984E+01
9.16437E-01 1.11703E+00 1.22784E+00 1.32512E+00 1.33348E+00 1.40704E+00 1.46291E+00 1.22697E+00 1.11703E+00 9.16437E-01 2.31083E+01
9.33769E-01 1.13345E+00 1.24424E+00 1.34096E+00 1.34942E+00 1.42364E+00 1.47985E+00 1.24337E+00 1.13345E+00 9.33769E-01 2.33101E+01
9.50722E-01 1.14950E+00 1.26028E+00 1.35645E+00 1.36500E+00 1.43987E+00 1.49642E+00 1.25940E+00 1.14950E+00 9.50722E-01 2.35040E+01
9.67309E-01 1.16521E+00 1.27598E+00 1.37160E+00 1.38025E+00 1.45576E+00 1.51264E+00 1.27509E+00 1.16521E+00 9.67309E-01 2.36904E+01
9.83541E-01 1.18059E+00 1.29133E+00 1.38643E+00 1.39517E+00 1.47130E+00 1.52852E+00 1.29044E+00 1.18059E+00 9.83541E-01 2.38696E+01
9.99428E-01 1.19563E+00 1.30635E+00 1.40094E+00 1.40977E+00 1.48652E+00 1.54406E+00 1.30546E+00 1.19563E+00 9.99428E-01 2.40420E+01
1.01498E+00 1.21036E+00 1.32106E+00 1.41515E+00 1.42406E+00 1.50141E+00 1.55928E+00 1.32016E+00 1.21036E+00 1.01498E+00 2.42078E+01
1.03021E+00 1.22479E+00 1.33545E+00 1.42906E+00 1.43806E+00 1.51600E+00 1.57418E+00 1.33455E+00 1.22479E+00 1.03021E+00 2.43673E+01
1.04513E+00 1.23891E+00 1.34954E+00 1.44268E+00 1.45176E+00 1.53029E+00 1.58878E+00 1.34864E+00 1.23891E+00 1.04513E+00 2.45208E+01
0.00000E+00 0.00000E+00 6.22369E-02 1.92747E-01 1.93967E-01 2.21681E-01 2.56200E-01 6.18427E-02 0.00000E+00 0.00000E+00 -3.71031E-01
0.00000E+00 0.00000E+00 1.01078E-01 2.25864E-01 2.27947E-01 2.60389E-01 2.96671E-01 1.00616E-01 0.00000E+00 0.00000E+00 7.37812E-01
0.00000E+00 2.56391E-02 1.39460E-01 2.59659E-01 2.62463E-01 2.98948E-01 3.36783E-01 1.38941E-01 2.56391E-02 0.00000E+00 1.79307E+00
0.00000E+00 6.25928E-02 1.77077E-01 2.93422E-01 2.96853E-01 3.36925E-01 3.76172E-01 1.76509E-01 6.25928E-02 0.00000E+00 2.79719E+00
0.00000E+00 9.87320E-02 2.13735E-01 3.26751E-01 3.30740E-01 3.74056E-01 4.14609E-01 2.13124E-01 9.87320E-02 0.00000E+00 3.76074E+00
0.00000E+00 1.33844E-01 2.49256E-01 3.59354E-01 3.63845E-01 4.10125E-01 4.51893E-01 2.48607E-01 1.33844E-01 0.00000E+00 4.67633E+00
0.00000E+00 1.67831E-01 2.83565E-01 3.91075E-01 3.96023E-01 4.45031E-01 4.87937E-01 2.82882E-01 1.67831E-01 0.00000E+00 5.54134E+00
0.00000E+00 2.00659E-01 3.16647E-01 4.21837E-01 4.27202E-01 4.78739E-01 5.22717E-01 3.15932E-01 2.00659E-01 0.00000E+00 6.35579E+00
1.33956E-02 2.32295E-01 3.48479E-01 4.51584E-01 4.57332E-01 5.11212E-01 5.56202E-01 3.47736E-01 2.32295E-01 1.33956E-02 7.09492E+00
4.68046E-02 2.62788E-01 3.79121E-01 4.80333E-01 4.86434E-01 5.42501E-01 5.88448E-01 3.78352E-01 2.62788E-01 4.68046E-02 7.75069E+00
7.89728E-02 2.92227E-01 4.08672E-01 5.08139E-01 5.14571E-01 5.72707E-01 6.19572E-01 4.07879E-01 2.92227E-01 7.89728E-02 8.36801E+00
1.09948E-01 3.20637E-01 4.37163E-01 5.35015E-01 5.41758E-01 6.01856E-01 6.49603E-01 4.36348E-01 3.20637E-01 1.09948E-01 8.94890E+00
1.39780E-01 3.48051E-01 4.64632E-01 5.60981E-01 5.68017E-01 6.29983E-01 6.78579E-01 4.63796E-01 3.48051E-01 1.39780E-01 9.49545E+00
1.68520E-01 3.74504E-01 4.91118E-01 5.86063E-01 5.93377E-01 6.57124E-01 7.06539E-01 4.90263E-01 3.74504E-01 1.68520E-01 1.00097E+01
1.96218E-01 4.00034E-01 5.16660E-01 6.10292E-01 6.17869E-01 6.83316E-01 7.33522E-01 5.15787E-01 4.00034E-01 1.96218E-01 1.04938E+01
2.22924E-01 4.24678E-01 5.41300E-01 6.33697E-01 6.41524E-01 7.08600E-01 7.59571E-01 5.40409E-01 4.24678E-01 2.22924E-01 1.09495E+01
2.48683E-01 4.48473E-01 5.65076E-01 6.56311E-01 6.64376E-01 7.33013E-01 7.84724E-01 5.64170E-01 4.48473E-01 2.48683E-01 1.13787E+01
2.73542E-01 4.71456E-01 5.88027E-01 6.78164E-01 6.86456E-01 7.56593E-01 8.09022E-01 5.87106E-01 4.71456E-01 2.73542E-01 1.17832E+01
2.97542E-01 4.93663E-01 6.10190E-01 6.99289E-01 7.07798E-01 7.79376E-01 8.32503E-01 6.09255E-01 4.93663E-01 2.97542E-01 1.21645E+01
3.20725E-01 5.15128E-01 6.31601E-01 7.19715E-01 7.28431E-01 8.01399E-01 8.55202E-01 6.30653E-01 5.15128E-01 3.20725E-01 1.25242E+01
3.43130E-01 5.35883E-01 6.52294E-01 7.39471E-01 7.48387E-01 8.22693E-01 8.77154E-01 6.51333E-01 5.35883E-01 3.43130E-01 1.28636E+01
3.64792E-01 5.55960E-01 6.72301E-01 7.58587E-01 7.67693E-01 8.43292E-01 8.98394E-01 6.71328E-01 5.55960E-01 3.64792E-01 1.31842E+01
3.85746E-01 5.75389E-01 6.91652E-01 7.77089E-01 7.86378E-01 8.63226E-01 9.18952E-01 6.90668E-01 5.75389E-01 3.85746E-01 1.34870E+01
4.06025E-01 5.94198E-01 7.10377E-01 7.95003E-01 8.04469E-01 8.82523E-01 9.38858E-01 7.09382E-01 5.94198E-01 4.06025E-01 1.37732E+01
4.25658E-01 6.12413E-01 7.28504E-01 8.12353E-01 8.21989E-01 9.01213E-01 9.58141E-01 7.27499E-01 6.12413E-01 4.25658E-01 1.40438E+01
4.44676E-01 6.30061E-01 7.46058E-01 8.29164E-01 8.38964E-01 9.19321E-01 9.76828E-01 7.45043E-01 6.30061E-01 4.44676E-01 1.42999E+01
4.63106E-01 6.47166E-01 7.63065E-01 8.45458E-01 8.55415E-01 9.36872E-01 9.94944E-01 7.62041E-01 6.47166E-01 4.63106E-01 1.45422E+01
4.80972E-01 6.63751E-01 7.79547E-01 8.61256E-01 8.71366E-01 9.53889E-01 1.01251E+00 7.78514E-01 6.63751E-01 4.80972E-01 1.47717E+01
4.98300E-01 6.79837E-01 7.95528E-01 8.76578E-01 8.86836E-01 9.70395E-01 1.02956E+00 7.94487E-01 6.79837E-01 4.98300E-01 1.49891E+01
5.15113E-01 6.95446E-01 8.11028E-01 8.91445E-01 9.01845E-01 9.86411E-01 1.04611E+00 8.09979E-01 6.95446E-01 5.15113E-01 1.51951E+01
5.31431E-01 7.10596E-01 8.26067E-01 9.05874E-01 9.16412E-01 1.00196E+00 1.06217E+00 8.25010E-01 7.10596E-01 5.31431E-01 1.53904E+01
5.47277E-01 7.25307E-01 8.40664E-01 9.19883E-01 9.30555E-01 1.01705E+00 1.07777E+00 8.39600E-01 7.25307E-01 5.47277E-01 1.55756E+01
5.62668E-01 7.39595E-01 8.54836E-01 9.33488E-01 9.44290E-01 1.03172E+00 1.09293E+00 8.53766E-01 7.39595E-01 5.62668E-01 1.57513E+01
5.77624E-01 7.53479E-01 8.68602E-01 9.46705E-01 9.57633E-01 1.04596E+00 1.10767E+00 8.67525E-01 7.53479E-01 5.77624E-01 1.59181E+01
5.92162E-01 7.66973E-01 8.81977E-01 9.59550E-01 9.70599E-01 1.05981E+00 1.12199E+00 8.80893E-01 7.66973E-01 5.92162E-01 1.60763E+01
6.06299E-01 7.80093E-01 8.94976E-01 9.72036E-01 9.83204E-01 1.07328E+00 1.13592E+00 8.93886E-01 7.80093E-01 6.06299E-01 1.62265E+01
6.20049E-01 7.92853E-01 9.07614E-01 9.84177E-01 9.95460E-01 1.08637E+00 1.14948E+00 9.06518E-01 7.92853E-01 6.20049E-01 1.63692E+01
6.33429E-01 8.05267E-01 9.19904E-01 9.95986E-01 1.00738E+00 1.09911E+00 1.16267E+00 9.18803E-01 8.05267E-01 6.33429E-01 1.65047E+01
6.46451E-01 8.17347E-01 9.31860E-01 1.00748E+00 1.01898E+00 1.11151E+00 1.17551E+00 9.30754E-01 8.17347E-01 6.46451E-01 1.66334E+01
6.59130E-01 8.29107E-01 9.43494E-01 1.01866E+00 1.03027E+00 1.12358E+00 1.18802E+00 9.42383E-01 8.29107E-01 6.59130E-01 1.67557E+01
6.71478E-01 8.40557E-01 9.54819E-01 1.02954E+00 1.04126E+00 1.13533E+00 1.20020E+00 9.53703E-01 8.40557E-01 6.71478E-01 1.68720E+01
6.83508E-01 8.51710E-01 9.65845E-01 1.04014E+00 1.05195E+00 1.14678E+00 1.21206E+00 9.64724E-01 8.51710E-01 6.83508E-01 1.69824E+01
6.95230E-01 8.62575E-01 9.76582E-01 1.05046E+00 1.06238E+00 1.15793E+00 1.22363E+00 9.75458E-01 8.62575E-01 6.95230E-01 1.70874E+01
7.06656E-01 8.73163E-01 9.87043E-01 1.06052E+00 1.07253E+00 1.16880E+00 1.23490E+00 9.85914E-01 8.73163E-01 7.06656E-01 1.71871E+01
7.17797E-01 8.83483E-01 9.97235E-01 1.07032E+00 1.08242E+00 1.17939E+00 1.24590E+00 9.96102E-01 8.83483E-01 7.17797E-01 1.72819E+01
7.28662E-01 8.93545E-01 1.00717E+00 1.07987E+00 1.09206E+00 1.18972E+00 1.25662E+00 1.00603E+00 8.93545E-01 7.28662E-01 1.73720E+01
7.39260E-01 9.03358E-01 1.01685E+00 1.08918E+00 1.10146E+00 1.19980E+00 1.26708E+00 1.01571E+00 9.03358E-01 7.39260E-01 1.74577E+01
7.49602E-01 9.12930E-01 1.02630E+00 1.09826E+00 1.11063E+00 1.20962E+00 1.27728E+00 1.02515E+00 9.12930E-01 7.49602E-01 1.75391E+01
7.59695E-01 9.22268E-01 1.03551E+00 1.10712E+00 1.11957E+00 1.21921E+00 1.28724E+00 1.03436E+00 9.22268E-01 7.59695E-01 1.76164E+01
7.69548E-01 9.31382E-01 1.04449E+00 1.11575E+00 1.12829E+00 1.22856E+00 1.29697E+00 1.04334E+00 9.31382E-01 7.69548E-01 1.76899E+01
0.00000E+00 0.00000E+00 7.70105E-02 1.73831E-01 1.78224E-01 2.20878E-01 2.59524E-01 7.63595E-02 0.00000E+00 0.00000E+00 4.73769E-02
0.00000E+00 0.00000E+00 1.13075E-01 2.05540E-01 2.10943E-01 2.59566E-01 3.00443E-01 1.12337E-01 0.00000E+00 0.00000E+00 1.09697E+00
0.00000E+00 2.31723E-02 1.47312E-01 2.36331E-01 2.42565E-01 2.96228E-01 3.39074E-01 1.46503E-01 2.31723E-02 0.00000E+00 2.03737E+00
0.00000E+00 5.56938E-02 1.79856E-01 2.66010E-01 2.72960E-01 3.31047E-01 3.75683E-01 1.78987E-01 5.56938E-02 0.00000E+00 2.89259E+00
0.00000E+00 8.66851E-02 2.10782E-01 2.94485E-01 3.02066E-01 3.64117E-01 4.10407E-01 2.09861E-01 8.66851E-02 0.00000E+00 3.68417E+00
0.00000E+00 1.16152E-01 2.40120E-01 3.21694E-01 3.29837E-01 3.95480E-01 4.43309E-01 2.39154E-01 1.16152E-01 0.00000E+00 4.41361E+00
0.00000E+00 1.44148E-01 2.67942E-01 3.47642E-01 3.56291E-01 4.25216E-01 4.74485E-01 2.66936E-01 1.44148E-01 0.00000E+00 5.08445E+00
0.00000E+00 1.70748E-01 2.94335E-01 3.72366E-01 3.81476E-01 4.53420E-01 5.04045E-01 2.93293E-01 1.70748E-01 0.00000E+00 5.70107E+00
1.08581E-02 1.96028E-01 3.19381E-01 3.95923E-01 4.05451E-01 4.80174E-01 5.32075E-01 3.18308E-01 1.96028E-01 1.08581E-02 6.24654E+00
3.76991E-02 2.20092E-01 3.43192E-01 4.18391E-01 4.28301E-01 5.05600E-01 5.58705E-01 3.42091E-01 2.20092E-01 3.76991E-02 6.71730E+00
6.32342E-02 2.43030E-01 3.65862E-01 4.39830E-01 4.50096E-01 5.29816E-01 5.84075E-01 3.64735E-01 2.43030E-01 6.32342E-02 7.15204E+00
8.75490E-02 2.64907E-01 3.87459E-01 4.60292E-01 4.70890E-01 5.52897E-01 6.08263E-01 3.86308E-01 2.64907E-01 8.75490E-02 7.55373E+00
1.10724E-01 2.85785E-01 4.08048E-01 4.79831E-01 4.90741E-01 5.74911E-01 6.31340E-01 4.06876E-01 2.85785E-01 1.10724E-01 7.92511E+00
1.32832E-01 3.05724E-01 4.27692E-01 4.98499E-01 5.09701E-01 5.95923E-01 6.53376E-01 4.26499E-01 3.05724E-01 1.32832E-01 8.26873E+00
1.53943E-01 3.24779E-01 4.46446E-01 5.16344E-01 5.27822E-01 6.15995E-01 6.74434E-01 4.45235E-01 3.24779E-01 1.53943E-01 8.58691E+00
1.74120E-01 3.43004E-01 4.64367E-01 5.33413E-01 5.45152E-01 6.35183E-01 6.94576E-01 4.63139E-01 3.43004E-01 1.74120E-01 8.88175E+00
1.93421E-01 3.60446E-01 4.81502E-01 5.49751E-01 5.61735E-01 6.53541E-01 7.13854E-01 4.80259E-01 3.60446E-01 1.93421E-01 9.15517E+00
2.11899E-01 3.77152E-01 4.97900E-01 5.65397E-01 5.77616E-01 6.71117E-01 7.32322E-01 4.96642E-01 3.77152E-01 2.11899E-01 9.40892E+00
2.29605E-01 3.93164E-01 5.13603E-01 5.80392E-01 5.92833E-01 6.87958E-01 7.50027E-01 5.12331E-01 3.93164E-01 2.29605E-01 9.64458E+00
2.46584E-01 4.08522E-01 5.28650E-01 5.94770E-01 6.07423E-01 7.04105E-01 7.67012E-01 5.27367E-01 4.08522E-01 2.46584E-01 9.86357E+00
2.62878E-01 4.23261E-01 5.43081E-01 6.08567E-01 6.21420E-01 7.19599E-01 7.83318E-01 5.41786E-01 4.23261E-01 2.62878E-01 1.00672E+01
2.78526E-01 4.37416E-01 5.56928E-01 6.21812E-01 6.34858E-01 7.34474E-01 7.98984E-01 5.55623E-01 4.37416E-01 2.78526E-01 1.02567E+01
2.93565E-01 4.51019E-01 5.70225E-01 6.34536E-01 6.47766E-01 7.48767E-01 8.14044E-01 5.68909E-01 4.51019E-01 2.93565E-01 1.04331E+01
3.08028E-01 4.64100E-01 5.83000E-01 6.46767E-01 6.60172E-01 7.62507E-01 8.28532E-01 5.81675E-01 4.64100E-01 3.08028E-01 1.05973E+01
3.21946E-01 4.76685E-01 5.95282E-01 6.58528E-01 6.72103E-01 7.75724E-01 8.42477E-01 5.93949E-01 4.76685E-01 3.21946E-01 1.07504E+01
3.35348E-01 4.88801E-01 6.07096E-01 6.69846E-01 6.83582E-01 7.88445E-01 8.55908E-01 6.05755E-01 4.88801E-01 3.35348E-01 1.08930E+01
3.48261E-01 5.00472E-01 6.18467E-01 6.80742E-01 6.94633E-01 8.00697E-01 8.68851E-01 6.17119E-01 5.00472E-01 3.48261E-01 1.10260E+01
3.60710E-01 5.11719E-01 6.29417E-01 6.91237E-01 7.05277E-01 8.12502E-01 8.81331E-01 6.28062E-01 5.11719E-01 3.60710E-01 1.11500E+01
3.72718E-01 5.22564E-01 6.39967E-01 7.01350E-01 7.15534E-01 8.23883E-01 8.93371E-01 6.38606E-01 5.22564E-01 3.72718E-01 1.12657E+01
3.84308E-01 5.33027E-01 6.50138E-01 7.11101E-01 7.25422E-01 8.34861E-01 9.04992E-01 6.48771E-01 5.33027E-01 3.84308E-01 1.13736E+01
3.95499E-01 5.43125E-01 6.59946E-01 7.20506E-01 7.34961E-01 8.45456E-01 9.16215E-01 6.58574E-01 5.43125E-01 3.95499E-01 1.14742E+01
4.06311E-01 5.52877E-01 6.69410E-01 7.29582E-01 7.44165E-01 8.55684E-01 9.27058E-01 6.68033E-01 5.52877E-01 4.06311E-01 1.15681E+01
4.16761E-01 5.62298E-01 6.78546E-01 7.38343E-01 7.53050E-01 8.65564E-01 9.37539E-01 6.77164E-01 5.62298E-01 4.16761E-01 1.16557E+01
4.26867E-01 5.71403E-01 6.87369E-01 7.46805E-01 7.61632E-01 8.75112E-01 9.47675E-01 6.85982E-01 5.71403E-01 4.26867E-01 1.17374E+01
4.36644E-01 5.80206E-01 6.95893E-01 7.54981E-01 7.69923E-01 8.84342E-01 9.57481E-01 6.94503E-01 5.80206E-01 4.36644E-01 1.18135E+01
4.46107E-01 5.88722E-01 7.04132E-01 7.62883E-01 7.77937E-01 8.93269E-01 9.66972E-01 7.02738E-01 5.88722E-01 4.46107E-01 1.18845E+01
4.55270E-01 5.96962E-01 7.12098E-01 7.70524E-01 7.85686E-01 9.01906E-01 9.76162E-01 7.10700E-01 5.96962E-01 4.55270E-01 1.19507E+01
4.64145E-01 6.04939E-01 7.19803E-01 7.77914E-01 7.93181E-01 9.10267E-01 9.85063E-01 7.18403E-01 6.04939E-01 4.64145E-01 1.20123E+01
4.72746E-01 6.12664E-01 7.27259E-01 7.85065E-01 8.00434E-01 9.18361E-01 9.93689E-01 7.25856E-01 6.12664E-01 4.72746E-01 1.20696E+01
4.81084E-01 6.20148E-01 7.34476E-01 7.91986E-01 8.07453E-01 9.26202E-01 1.00205E+00 7.33070E-01 6.20148E-01 4.81084E-01 1.21229E+01
4.89170E-01 6.27400E-01 7.41464E-01 7.98688E-01 8.14250E-01 9.33799E-01 1.01016E+00 7.40056E-01 6.27400E-01 4.89170E-01 1.21725E+01
4.97014E-01 6.34430E-01 7.48233E-01 8.05178E-01 8.20833E-01 9.41162E-01 1.01802E+00 7.46823E-01 6.34430E-01 4.97014E-01 1.22185E+01
5.04626E-01 6.41247E-01 7.54792E-01 8.11466E-01 8.27211E-01 9.48302E-01 1.02566E+00 7.53379E-01 6.41247E-01 5.04626E-01 1.22612E+01
5.12016E-01 6.47860E-01 7.61148E-01 8.17560E-01 8.33392E-01 9.55226E-01 1.03306E+00 7.59734E-01 6.47860E-01 5.12016E-01 1.23007E+01
5.19192E-01 6.54276E-01 7.67311E-01 8.23467E-01 8.39384E-01 9.61944E-01 1.04026E+00 7.65895E-01 6.54276E-01 5.19192E-01 1.23373E+01
5.26163E-01 6.60504E-01 7.73287E-01 8.29195E-01 8.45194E-01 9.68464E-01 1.04724E+00 7.71870E-01 6.60504E-01 5.26163E-01 1.23711E+01
5.32936E-01 6.66550E-01 7.79084E-01 8.34751E-01 8.50830E-01 9.74792E-01 1.05403E+00 7.77666E-01 6.66550E-01 5.32936E-01 1.24023E+01
5.39519E-01 6.72421E-01 7.84710E-01 8.40140E-01 8.56297E-01 9.80937E-01 1.06063E+00 7.83290E-01 6.72421E-01 5.39519E-01 1.24310E+01
5.45920E-01 6.78125E-01 7.90169E-01 8.45370E-01 8.61603E-01 9.86906E-01 1.06704E+00 7.88749E-01 6.78125E-01 5.45920E-01 1.24574E+01
5.52145E-01 6.83667E-01 7.95470E-01 8.50447E-01 8.66753E-01 9.92704E-01 1.07327E+00 7.94049E-01 6.83667E-01 5.52145E-01 1.24815E+01
0.00000E+00 0.00000E+00 9.06954E-02 1.59731E-01 1.68397E-01 2.32892E-01 2.75915E-01 8.96251E-02 0.00000E+00 0.00000E+00 5.58766E-01
0.00000E+00 0.00000E+00 1.22882E-01 1.89140E-01 1.98931E-01 2.70660E-01 3.16676E-01 1.21707E-01 0.00000E+00 0.00000E+00 1.49864E+00
0.00000E+00 2.04384E-02 1.52228E-01 2.16328E-01 2.27031E-01 3.04782E-01 3.53425E-01 1.50970E-01 2.04384E-02 0.00000E+00 2.29070E+00
0.00000E+00 4.83364E-02 1.79243E-01 2.41579E-01 2.53053E-01 3.36026E-01 3.87047E-01 1.77918E-01 4.83364E-02 0.00000E+00 2.97761E+00
0.00000E+00 7.41982E-02 2.04231E-01 2.65078E-01 2.77224E-01 3.64826E-01 4.18036E-01 2.02849E-01 7.41982E-02 0.00000E+00 3.58957E+00
0.00000E+00 9.82207E-02 2.27396E-01 2.86966E-01 2.99702E-01 3.91457E-01 4.46694E-01 2.25966E-01 9.82207E-02 0.00000E+00 4.13501E+00
0.00000E+00 1.20586E-01 2.48924E-01 3.07381E-01 3.20643E-01 4.16158E-01 4.73286E-01 2.47452E-01 1.20586E-01 0.00000E+00 4.62191E+00
0.00000E+00 1.41458E-01 2.68979E-01 3.26457E-01 3.40190E-01 4.39137E-01 4.98036E-01 2.67472E-01 1.41458E-01 0.00000E+00 5.05746E+00
8.55928E-03 1.60987E-01 2.87717E-01 3.44327E-01 3.58484E-01 4.60564E-01 5.21120E-01 2.86180E-01 1.60987E-01 8.55928E-03 5.43085E+00
2.95177E-02 1.79317E-01 3.05281E-01 3.61114E-01 3.75655E-01 4.80612E-01 5.42728E-01 3.03717E-01 1.79317E-01 2.95177E-02 5.74152E+00
4.92003E-02 1.96548E-01 3.21761E-01 3.76888E-01 3.91781E-01 4.99427E-01 5.63031E-01 3.20174E-01 1.96548E-01 4.92003E-02 6.02171E+00
6.77182E-02 2.12768E-01 3.37249E-01 3.91728E-01 4.06948E-01 5.17114E-01 5.82139E-01 3.35640E-01 2.12768E-01 6.77182E-02 6.27471E+00
8.51699E-02 2.28059E-01 3.51825E-01 4.05708E-01 4.21231E-01 5.33766E-01 6.00152E-01 3.50198E-01 2.28059E-01 8.51699E-02 6.50344E+00
1.01643E-01 2.42495E-01 3.65562E-01 4.18895E-01 4.34699E-01 5.49467E-01 6.17160E-01 3.63920E-01 2.42495E-01 1.01643E-01 6.71042E+00
1.17216E-01 2.56141E-01 3.78526E-01 4.31347E-01 4.47416E-01 5.64293E-01 6.33241E-01 3.76869E-01 2.56141E-01 1.17216E-01 6.89790E+00
1.31958E-01 2.69057E-01 3.90775E-01 4.43121E-01 4.59435E-01 5.78311E-01 6.48466E-01 3.89106E-01 2.69057E-01 1.31958E-01 7.06785E+00
1.45933E-01 2.81296E-01 4.02364E-01 4.54264E-01 4.70809E-01 5.91581E-01 6.62900E-01 4.00684E-01 2.81296E-01 1.45933E-01 7.22203E+00
1.59196E-01 2.92906E-01 4.13338E-01 4.64821E-01 4.81584E-01 6.04159E-01 6.76599E-01 4.11649E-01 2.92906E-01 1.59196E-01 7.36195E+00
1.71800E-01 3.03933E-01 4.23744E-01 4.74834E-01 4.91801E-01 6.16093E-01 6.89617E-01 4.22045E-01 3.03933E-01 1.71800E-01 7.48900E+00
1.83790E-01 3.14415E-01 4.33618E-01 4.84338E-01 5.01499E-01 6.27428E-01 7.02000E-01 4.31913E-01 3.14415E-01 1.83790E-01 7.60438E+00
1.95208E-01 3.24390E-01 4.42999E-01 4.93369E-01 5.10711E-01 6.38205E-01 7.13792E-01 4.41287E-01 3.24390E-01 1.95208E-01 7.70917E+00
2.06092E-01 3.33890E-01 4.51918E-01 5.01956E-01 5.19471E-01 6.48462E-01 7.25031E-01 4.50201E-01 3.33890E-01 2.06092E-01 7.80434E+00
2.16477E-01 3.42946E-01 4.60405E-01 5.10129E-01 5.27808E-01 6.58231E-01 7.35753E-01 4.58683E-01 3.42946E-01 2.16477E-01 7.89073E+00
2.26394E-01 3.51586E-01 4.68488E-01 5.17913E-01 5.35747E-01 6.67545E-01 7.45991E-01 4.66763E-01 3.51586E-01 2.26394E-01 7.96914E+00
2.35874E-01 3.59836E-01 4.76193E-01 5.25332E-01 5.43313E-01 6.76431E-01 7.55774E-01 4.74464E-01 3.59836E-01 2.35874E-01 8.04023E+00
2.44942E-01 3.67718E-01 4.83541E-01 5.32408E-01 5.50530E-01 6.84915E-01 7.65130E-01 4.81810E-01 3.67718E-01 2.44942E-01 8.10465E+00
2.53623E-01 3.75256E-01 4.90555E-01 5.39162E-01 5.57417E-01 6.93022E-01 7.74085E-01 4.88822E-01 3.75256E-01 2.53623E-01 8.16294E+00
2.61940E-01 3.82468E-01 4.97255E-01 5.45611E-01 5.63994E-01 7.00774E-01 7.82662E-01 4.95520E-01 3.82468E-01 2.61940E-01 8.21562E+00
2.69914E-01 3.89373E-01 5.03657E-01 5.51775E-01 5.70279E-01 7.08191E-01 7.90882E-01 5.01922E-01 3.89373E-01 2.69914E-01 8.26314E+00
2.77563E-01 3.95989E-01 5.09780E-01 5.57668E-01 5.76288E-01 7.15292E-01 7.98765E-01 5.08044E-01 3.95989E-01 2.77563E-01 8.30591E+00
2.84907E-01 4.02332E-01 5.15639E-01 5.63305E-01 5.82036E-01 7.22094E-01 8.06329E-01 5.13903E-01 4.02332E-01 2.84907E-01 8.34432E+00
2.91960E-01 4.08416E-01 5.21247E-01 5.68701E-01 5.87538E-01 7.28614E-01 8.13593E-01 5.19512E-01 4.08416E-01 2.91960E-01 8.37870E+00
2.98740E-01 4.14254E-01 5.26620E-01 5.73868E-01 5.92807E-01 7.34866E-01 8.20571E-01 5.24885E-01 4.14254E-01 2.98740E-01 8.40937E+00
3.05260E-01 4.19861E-01 5.31768E-01 5.78818E-01 5.97854E-01 7.40866E-01 8.27279E-01 5.30035E-01 4.19861E-01 3.05260E-01 8.43661E+00
3.11534E-01 4.25247E-01 5.36704E-01 5.83563E-01 6.02692E-01 7.46625E-01 8.33730E-01 5.34972E-01 4.25247E-01 3.11534E-01 8.46068E+00
3.17573E-01 4.30424E-01 5.41439E-01 5.88113E-01 6.07332E-01 7.52157E-01 8.39937E-01 5.39709E-01 4.30424E-01 3.17573E-01 8.48181E+00
3.23390E-01 4.35402E-01 5.45983E-01 5.92477E-01 6.11782E-01 7.57472E-01 8.45913E-01 5.44254E-01 4.35402E-01 3.23390E-01 8.50023E+00
3.28996E-01 4.40191E-01 5.50345E-01 5.96666E-01 6.16053E-01 7.62581E-01 8.51668E-01 5.48619E-01 4.40191E-01 3.28996E-01 8.51614E+00
3.34400E-01 4.44799E-01 5.54534E-01 6.00686E-01 6.20153E-01 7.67494E-01 8.57213E-01 5.52810E-01 4.44799E-01 3.34400E-01 8.52971E+00
3.39613E-01 4.49237E-01 5.58559E-01 6.04548E-01 6.24090E-01 7.72221E-01 8.62558E-01 5.56837E-01 4.49237E-01 3.39613E-01 8.54112E+00
3.44642E-01 4.53511E-01 5.62427E-01 6.08257E-01 6.27873E-01 7.76770E-01 8.67713E-01 5.60708E-01 4.53511E-01 3.44642E-01 8.55052E+00
3.49497E-01 4.57629E-01 5.66145E-01 6.11821E-01 6.31508E-01 7.81150E-01 8.72685E-01 5.64430E-01 4.57629E-01 3.49497E-01 8.55805E+00
3.54186E-01 4.61599E-01 5.69722E-01 6.15247E-01 6.35002E-01 7.85368E-01 8.77484E-01 5.68009E-01 4.61599E-01 3.54186E-01 8.56385E+00
3.58716E-01 4.65426E-01 5.73162E-01 6.18541E-01 6.38361E-01 7.89432E-01 8.82116E-01 5.71453E-01 4.65426E-01 3.58716E-01 8.56803E+00
3.63093E-01 4.69118E-01 5.76472E-01 6.21709E-01 6.41592E-01 7.93348E-01 8.86590E-01 5.74766E-01 4.69118E-01 3.63093E-01 8.57071E+00
3.67325E-01 4.72680E-01 5.79659E-01 6.24757E-01 6.44701E-01 7.97123E-01 8.90911E-01 5.77956E-01 4.72680E-01 3.67325E-01 8.57200E+00
3.71418E-01 4.76118E-01 5.82726E-01 6.27690E-01 6.47692E-01 8.00763E-01 8.95088E-01 5.81028E-01 4.76118E-01 3.71418E-01 8.57198E+00
3.75377E-01 4.79436E-01 5.85681E-01 6.30512E-01 6.50570E-01 8.04274E-01 8.99124E-01 5.83986E-01 4.79436E-01 3.75377E-01 8.57075E+00
3.79209E-01 4.82641E-01 5.88526E-01 6.33228E-01 6.53341E-01 8.07661E-01 9.03027E-01 5.86836E-01 4.82641E-01 3.79209E-01 8.56839E+00
3.82918E-01 4.85736E-01 5.91268E-01 6.35844E-01 6.56010E-01 8.10929E-01 9.06802E-01 5.89581E-01 4.85736E-01 3.82918E-01 8.56498E+00
0.00000E+00 0.00000E+00 9.64464E-02 1.54533E-01 1.65846E-01 2.44513E-01 2.90031E-01 9.50763E-02 0.00000E+00 0.00000E+00 8.34946E-01
0.00000E+00 0.00000E+00 1.26173E-01 1.82309E-01 1.94775E-01 2.81246E-01 3.30305E-01 1.24692E-01 0.00000E+00 0.00000E+00 1.69809E+00
0.00000E+00 1.89265E-02 1.52731E-01 2.07373E-01 2.20762E-01 3.13678E-01 3.65826E-01 1.51165E-01 1.89265E-02 0.00000E+00 2.40290E+00
0.00000E+00 4.43975E-02 1.76779E-01 2.30212E-01 2.44376E-01 3.42839E-01 3.97772E-01 1.75145E-01 4.43975E-02 0.00000E+00 2.99901E+00
0.00000E+00 6.76750E-02 1.98706E-01 2.51130E-01 2.65961E-01 3.69314E-01 4.26798E-01 1.97018E-01 6.76750E-02 0.00000E+00 3.51939E+00
0.00000E+00 8.90353E-02 2.18786E-01 2.70350E-01 2.85763E-01 3.93477E-01 4.53316E-01 2.17051E-01 8.90353E-02 0.00000E+00 3.97489E+00
0.00000E+00 1.08711E-01 2.37243E-01 2.88065E-01 3.03991E-01 4.15632E-01 4.77659E-01 2.35470E-01 1.08711E-01 0.00000E+00 4.37482E+00
0.00000E+00 1.26899E-01 2.54270E-01 3.04441E-01 3.20824E-01 4.36031E-01 5.00102E-01 2.52465E-01 1.26899E-01 0.00000E+00 4.72710E+00
7.49204E-03 1.43775E-01 2.70044E-01 3.19640E-01 3.36431E-01 4.54877E-01 5.20854E-01 2.68212E-01 1.43775E-01 7.49204E-03 5.02325E+00
2.57469E-02 1.59497E-01 2.84714E-01 3.33798E-01 3.50954E-01 4.72362E-01 5.40126E-01 2.82859E-01 1.59497E-01 2.57469E-02 5.26367E+00
4.27753E-02 1.74164E-01 2.98367E-01 3.46986E-01 3.64476E-01 4.88639E-01 5.58103E-01 2.96494E-01 1.74164E-01 4.27753E-02 5.47731E+00
5.86954E-02 1.87875E-01 3.11100E-01 3.59294E-01 3.77091E-01 5.03825E-01 5.74908E-01 3.09211E-01 1.87875E-01 5.86954E-02 5.66738E+00
7.36104E-02 2.00716E-01 3.22996E-01 3.70799E-01 3.88879E-01 5.18021E-01 5.90651E-01 3.21093E-01 2.00716E-01 7.36104E-02 5.83666E+00
8.76107E-02 2.12763E-01 3.34129E-01 3.81572E-01 3.99913E-01 5.31315E-01 6.05425E-01 3.32215E-01 2.12763E-01 8.76107E-02 5.98755E+00
1.00776E-01 2.24083E-01 3.44565E-01 3.91673E-01 4.10256E-01 5.43786E-01 6.19315E-01 3.42642E-01 2.24083E-01 1.00776E-01 6.12212E+00
1.13176E-01 2.34736E-01 3.54362E-01 4.01158E-01 4.19966E-01 5.55503E-01 6.32394E-01 3.52431E-01 2.34736E-01 1.13176E-01 6.24218E+00
1.24874E-01 2.44776E-01 3.63571E-01 4.10076E-01 4.29094E-01 5.66529E-01 6.44728E-01 3.61635E-01 2.44776E-01 1.24874E-01 6.34929E+00
1.35926E-01 2.54250E-01 3.72240E-01 4.18471E-01 4.37684E-01 5.76917E-01 6.56377E-01 3.70300E-01 2.54250E-01 1.35926E-01 6.44485E+00
1.46381E-01 2.63202E-01 3.80410E-01 4.26383E-01 4.45779E-01 5.86718E-01 6.67392E-01 3.78466E-01 2.63202E-01 1.46381E-01 6.53005E+00
1.56285E-01 2.71670E-01 3.88118E-01 4.33848E-01 4.53415E-01 5.95976E-01 6.77821E-01 3.86172E-01 2.71670E-01 1.56285E-01 6.60594E+00
1.65677E-01 2.79689E-01 3.95398E-01 4.40897E-01 4.60625E-01 6.04731E-01 6.87707E-01 3.93451E-01 2.79689E-01 1.65677E-01 6.67347E+00
1.74594E-01 2.87290E-01 4.02282E-01 4.47561E-01 4.67440E-01 6.13018E-01 6.97088E-01 4.00334E-01 2.87290E-01 1.74594E-01 6.73347E+00
1.83069E-01 2.94504E-01 4.08795E-01 4.53866E-01 4.73887E-01 6.20871E-01 7.05999E-01 4.06848E-01 2.94504E-01 1.83069E-01 6.78665E+00
1.91133E-01 3.01355E-01 4.14965E-01 4.59837E-01 4.79992E-01 6.28319E-01 7.14471E-01 4.13019E-01 3.01355E-01 1.91133E-01 6.83367E+00
1.98812E-01 3.07868E-01 4.20813E-01 4.65495E-01 4.85776E-01 6.35390E-01 7.22534E-01 4.18869E-01 3.07868E-01 1.98812E-01 6.87512E+00
2.06131E-01 3.14064E-01 4.26362E-01 4.70861E-01 4.91262E-01 6.42107E-01 7.30214E-01 4.24420E-01 3.14064E-01 2.06131E-01 6.91150E+00
2.13113E-01 3.19964E-01 4.31629E-01 4.75954E-01 4.96467E-01 6.48494E-01 7.37536E-01 4.29690E-01 3.19964E-01 2.13113E-01 6.94329E+00
2.19779E-01 3.25586E-01 4.36634E-01 4.80790E-01 5.01410E-01 6.54571E-01 7.44520E-01 4.34698E-01 3.25586E-01 2.19779E-01 6.97089E+00
2.26149E-01 3.30947E-01 4.41391E-01 4.85386E-01 5.06107E-01 6.60357E-01 7.51188E-01 4.39460E-01 3.30947E-01 2.26149E-01 6.99467E+00
2.32240E-01 3.36062E-01 4.45917E-01 4.89756E-01 5.10573E-01 6.65870E-01 7.57559E-01 4.43990E-01 3.36062E-01 2.32240E-01 7.01498E+00
2.38068E-01 3.40946E-01 4.50224E-01 4.93912E-01 5.14820E-01 6.71126E-01 7.63649E-01 4.48302E-01 3.40946E-01 2.38068E-01 7.03211E+00
2.43648E-01 3.45612E-01 4.54326E-01 4.97869E-01 5.18863E-01 6.76139E-01 7.69476E-01 4.52409E-01 3.45612E-01 2.43648E-01 7.04634E+00
2.48995E-01 3.50072E-01 4.58235E-01 5.01636E-01 5.22712E-01 6.80925E-01 7.75052E-01 4.56322E-01 3.50072E-01 2.48995E-01 7.05791E+00
2.54121E-01 3.54338E-01 4.61960E-01 5.05225E-01 5.26379E-01 6.85494E-01 7.80393E-01 4.60054E-01 3.54338E-01 2.54121E-01 7.06705E+00
2.59038E-01 3.58420E-01 4.65513E-01 5.08646E-01 5.29874E-01 6.89860E-01 7.85511E-01 4.63612E-01 3.58420E-01 2.59038E-01 7.07397E+00
2.63757E-01 3.62328E-01 4.68904E-01 5.11907E-01 5.33206E-01 6.94033E-01 7.90418E-01 4.67009E-01 3.62328E-01 2.63757E-01 7.07884E+00
2.68289E-01 3.66072E-01 4.72139E-01 5.15018E-01 5.36383E-01 6.98024E-01 7.95124E-01 4.70250E-01 3.66072E-01 2.68289E-01 7.08184E+00
2.72643E-01 3.69660E-01 4.75229E-01 5.17985E-01 5.39415E-01 7.01842E-01 7.99640E-01 4.73346E-01 3.69660E-01 2.72643E-01 7.08311E+00
2.76829E-01 3.73099E-01 4.78180E-01 5.20818E-01 5.42308E-01 7.05495E-01 8.03977E-01 4.76304E-01 3.73099E-01 2.76829E-01 7.08281E+00
2.80854E-01 3.76398E-01 4.80999E-01 5.23521E-01 5.45070E-01 7.08993E-01 8.08141E-01 4.79130E-01 3.76398E-01 2.80854E-01 7.08105E+00
2.84727E-01 3.79563E-01 4.83694E-01 5.26103E-01 5.47707E-01 7.12343E-01 8.12143E-01 4.81832E-01 3.79563E-01 2.84727E-01 7.07795E+00
2.88455E-01 3.82601E-01 4.86270E-01 5.28569E-01 5.50226E-01 7.15553E-01 8.15990E-01 4.84415E-01 3.82601E-01 2.88455E-01 7.07363E+00
2.92045E-01 3.85518E-01 4.88733E-01 5.30925E-01 5.52632E-01 7.18628E-01 8.19689E-01 4.86885E-01 3.85518E-01 2.92045E-01 7.06817E+00
2.95503E-01 3.88320E-01 4.91090E-01 5.33176E-01 5.54931E-01 7.21576E-01 8.23247E-01 4.89249E-01 3.88320E-01 2.95503E-01 7.06168E+00
2.98836E-01 3.91011E-01 4.93344E-01 5.35327E-01 5.57128E-01 7.24403E-01 8.26670E-01 4.91510E-01 3.91011E-01 2.98836E-01 7.05423E+00
3.02049E-01 3.93598E-01 4.95500E-01 5.37383E-01 5.59228E-01 7.27114E-01 8.29966E-01 4.93674E-01 3.93598E-01 3.02049E-01 7.04590E+00
3.05148E-01 3.96085E-01 4.97564E-01 5.39348E-01 5.61235E-01 7.29715E-01 8.33138E-01 4.95746E-01 3.96085E-01 3.05148E-01 7.03675E+00
3.08137E-01 3.98477E-01 4.99540E-01 5.41227E-01 5.63154E-01 7.32210E-01 8.36194E-01 4.97729E-01 3.98477E-01 3.08137E-01 7.02687E+00
3.11022E-01 4.00777E-01 5.01431E-01 5.43024E-01 5.64988E-01 7.34604E-01 8.39138E-01 4.99628E-01 4.00777E-01 3.11022E-01 7.01629E+00
3.13807E-01 4.02990E-01 5.03241E-01 5.44741E-01 5.66742E-01 7.36902E-01 8.41975E-01 5.01446E-01 4.02990E-01 3.13807E-01 7.00509E+00
0.00000E+00 0.00000E+00 1.00943E-01 1.50511E-01 1.64853E-01 2.60197E-01 3.08697E-01 9.91912E-02 0.00000E+00 0.00000E+00 1.10942E+00
0.00000E+00 0.00000E+00 1.27829E-01 1.76252E-01 1.91741E-01 2.95359E-01 3.48090E-01 1.25966E-01 0.00000E+00 0.00000E+00 1.88126E+00
0.00000E+00 1.73022E-02 1.51367E-01 1.98930E-01 2.15325E-01 3.25714E-01 3.82110E-01 1.49422E-01 1.73022E-02 0.00000E+00 2.49120E+00
0.00000E+00 4.02604E-02 1.72324E-01 2.19202E-01 2.36346E-01 3.52519E-01 4.12197E-01 1.70315E-01 4.02604E-02 0.00000E+00 2.99356E+00
0.00000E+00 6.09418E-02 1.91153E-01 2.37467E-01 2.55248E-01 3.76482E-01 4.39151E-01 1.89095E-01 6.09418E-02 0.00000E+00 3.42276E+00
0.00000E+00 7.96861E-02 2.08174E-01 2.54011E-01 2.72342E-01 3.98060E-01 4.63478E-01 2.06076E-01 7.96861E-02 0.00000E+00 3.79114E+00
0.00000E+00 9.67649E-02 2.23641E-01 2.69068E-01 2.87880E-01 4.17611E-01 4.85570E-01 2.21513E-01 9.67649E-02 0.00000E+00 4.10871E+00
0.00000E+00 1.12398E-01 2.37761E-01 2.82831E-01 3.02064E-01 4.35419E-01 5.05740E-01 2.35608E-01 1.12398E-01 0.00000E+00 4.38360E+00
6.47931E-03 1.26779E-01 2.50723E-01 2.95477E-01 3.15083E-01 4.51709E-01 5.24225E-01 2.48551E-01 1.26779E-01 6.47931E-03 4.60923E+00
2.21876E-02 1.40071E-01 2.62677E-01 3.07149E-01 3.27085E-01 4.66687E-01 5.41252E-01 2.60490E-01 1.40071E-01 2.21876E-02 4.78656E+00
3.67403E-02 1.52376E-01 2.73703E-01 3.17919E-01 3.38154E-01 4.80509E-01 5.57015E-01 2.71506E-01 1.52376E-01 3.67403E-02 4.94122E+00
5.02585E-02 1.63795E-01 2.83900E-01 3.27880E-01 3.48387E-01 4.93298E-01 5.71649E-01 2.81695E-01 1.63795E-01 5.02585E-02 5.07619E+00
6.28467E-02 1.74414E-01 2.93349E-01 3.37111E-01 3.57865E-01 5.05159E-01 5.85265E-01 2.91138E-01 1.74414E-01 6.28467E-02 5.19402E+00
7.45953E-02 1.84312E-01 3.02123E-01 3.45682E-01 3.66663E-01 5.16183E-01 5.97963E-01 2.99909E-01 1.84312E-01 7.45953E-02 5.29688E+00
8.55830E-02 1.93553E-01 3.10284E-01 3.53655E-01 3.74843E-01 5.26448E-01 6.09829E-01 3.08070E-01 1.93553E-01 8.55830E-02 5.38660E+00
9.58786E-02 2.02198E-01 3.17890E-01 3.61082E-01 3.82461E-01 5.36025E-01 6.20937E-01 3.15675E-01 2.02198E-01 9.58786E-02 5.46478E+00
1.05543E-01 2.10297E-01 3.24987E-01 3.68012E-01 3.89566E-01 5.44974E-01 6.31353E-01 3.22775E-01 2.10297E-01 1.05543E-01 5.53278E+00
1.14629E-01 2.17896E-01 3.31621E-01 3.74486E-01 3.96202E-01 5.53349E-01 6.41137E-01 3.29412E-01 2.17896E-01 1.14629E-01 5.59177E+00
1.23186E-01 2.25037E-01 3.37829E-01 3.80542E-01 4.02408E-01 5.61198E-01 6.50340E-01 3.35624E-01 2.25037E-01 1.23186E-01 5.64278E+00
1.31255E-01 2.31756E-01 3.43645E-01 3.86214E-01 4.08219E-01 5.68564E-01 6.59008E-01 3.41446E-01 2.31756E-01 1.31255E-01 5.68670E+00
1.38874E-01 2.38085E-01 3.49101E-01 3.91531E-01 4.13665E-01 5.75485E-01 6.67183E-01 3.46909E-01 2.38085E-01 1.38874E-01 5.72430E+00
1.46077E-01 2.44054E-01 3.54225E-01 3.96521E-01 4.18775E-01 5.81994E-01 6.74903E-01 3.52039E-01 2.44054E-01 1.46077E-01 5.75627E+00
1.52896E-01 2.49690E-01 3.59041E-01 4.01209E-01 4.23573E-01 5.88124E-01 6.82199E-01 3.56863E-01 2.49690E-01 1.52896E-01 5.78321E+00
1.59357E-01 2.55017E-01 3.63571E-01 4.05616E-01 4.28084E-01 5.93901E-01 6.89104E-01 3.61402E-01 2.55017E-01 1.59357E-01 5.80563E+00
1.65486E-01 2.60056E-01 3.67837E-01 4.09762E-01 4.32326E-01 5.99350E-01 6.95645E-01 3.65677E-01 2.60056E-01 1.65486E-01 5.82402E+00
1.71306E-01 2.64826E-01 3.71857E-01 4.13666E-01 4.36320E-01 6.04496E-01 7.01845E-01 3.69706E-01 2.64826E-01 1.71306E-01 5.83877E+00
1.76838E-01 2.69347E-01 3.75648E-01 4.17344E-01 4.40081E-01 6.09358E-01 7.07729E-01 3.73507E-01 2.69347E-01 1.76838E-01 5.85025E+00
1.82100E-01 2.73635E-01 3.79225E-01 4.20811E-01 4.43627E-01 6.13955E-01 7.13316E-01 3.77094E-01 2.73635E-01 1.82100E-01 5.85880E+00
1.87109E-01 2.77704E-01 3.82602E-01 4.24081E-01 4.46970E-01 6.18305E-01 7.18626E-01 3.80481E-01 2.77704E-01 1.87109E-01 5.86469E+00
1.91882E-01 2.81569E-01 3.85792E-01 4.27168E-01 4.50125E-01 6.22424E-01 7.23676E-01 3.83683E-01 2.81569E-01 1.91882E-01 5.86819E+00
1.96434E-01 2.85242E-01 3.88808E-01 4.30082E-01 4.53102E-01 6.26325E-01 7.28483E-01 3.86709E-01 2.85242E-01 1.96434E-01 5.86954E+00
2.00777E-01 2.88735E-01 3.91659E-01 4.32834E-01 4.55914E-01 6.30024E-01 7.33060E-01 3.89572E-01 2.88735E-01 2.00777E-01 5.86894E+00
2.04923E-01 2.92059E-01 3.94357E-01 4.35435E-01 4.58570E-01 6.33531E-01 7.37421E-01 3.92281E-01 2.92059E-01 2.04923E-01 5.86657E+00
2.08886E-01 2.95224E-01 3.96910E-01 4.37892E-01 4.61080E-01 6.36858E-01 7.41580E-01 3.94846E-01 2.95224E-01 2.08886E-01 5.86261E+00
2.12674E-01 2.98238E-01 3.99327E-01 4.40216E-01 4.63452E-01 6.40016E-01 7.45546E-01 3.97275E-01 2.98238E-01 2.12674E-01 5.85720E+00
2.16298E-01 3.01110E-01 4.01616E-01 4.42413E-01 4.65695E-01 6.43015E-01 7.49332E-01 3.99576E-01 3.01110E-01 2.16298E-01 5.85050E+00
2.19766E-01 3.03849E-01 4.03784E-01 4.44492E-01 4.67816E-01 6.45863E-01 7.52947E-01 4.01756E-01 3.03849E-01 2.19766E-01 5.84260E+00
2.23088E-01 3.06462E-01 4.05838E-01 4.46458E-01 4.69821E-01 6.48570E-01 7.56400E-01 4.03822E-01 3.06462E-01 2.23088E-01 5.83364E+00
2.26271E-01 3.08955E-01 4.07785E-01 4.48317E-01 4.71718E-01 6.51142E-01 7.59700E-01 4.05781E-01 3.08955E-01 2.26271E-01 5.82372E+00
2.29322E-01 3.11334E-01 4.09630E-01 4.50077E-01 4.73512E-01 6.53587E-01 7.62855E-01 4.07638E-01 3.11334E-01 2.29322E-01 5.81291E+00
2.32248E-01 3.13607E-01 4.11379E-01 4.51742E-01 4.75208E-01 6.55911E-01 7.65873E-01 4.09399E-01 3.13607E-01 2.32248E-01 5.80132E+00
2.35055E-01 3.15778E-01 4.13037E-01 4.53316E-01 4.76813E-01 6.58122E-01 7.68760E-01 4.11070E-01 3.15778E-01 2.35055E-01 5.78901E+00
2.37750E-01 3.17852E-01 4.14608E-01 4.54806E-01 4.78331E-01 6.60225E-01 7.71522E-01 4.12653E-01 3.17852E-01 2.37750E-01 5.77605E+00
2.40338E-01 3.19835E-01 4.16098E-01 4.56215E-01 4.79766E-01 6.62225E-01 7.74167E-01 4.14156E-01 3.19835E-01 2.40338E-01 5.76251E+00
2.42824E-01 3.21731E-01 4.17510E-01 4.57548E-01 4.81122E-01 6.64127E-01 7.76700E-01 4.15580E-01 3.21731E-01 2.42824E-01 5.74845E+00
2.45213E-01 3.23544E-01 4.18848E-01 4.58808E-01 4.82405E-01 6.65937E-01 7.79126E-01 4.16931E-01 3.23544E-01 2.45213E-01 5.73392E+00
2.47510E-01 3.25278E-01 4.20117E-01 4.59999E-01 4.83616E-01 6.67659E-01 7.81450E-01 4.18212E-01 3.25278E-01 2.47510E-01 5.71896E+00
2.49718E-01 3.26937E-01 4.21319E-01 4.61125E-01 4.84761E-01 6.69298E-01 7.83677E-01 4.19427E-01 3.26937E-01 2.49718E-01 5.70362E+00
2.51843E-01 3.28525E-01 4.22458E-01 4.62188E-01 4.85842E-01 6.70856E-01 7.85811E-01 4.20578E-01 3.28525E-01 2.51843E-01 5.68794E+00
2.53887E-01 3.30044E-01 4.23536E-01 4.63192E-01 4.86862E-01 6.72339E-01 7.87857E-01 4.21669E-01 3.30044E-01 2.53887E-01 5.67196E+00
0.00000E+00 0.00000E+00 1.03681E-01 1.47509E-01 1.65278E-01 2.80004E-01 3.32361E-01 1.01446E-01 0.00000E+00 0.00000E+00 1.36503E+00
0.00000E+00 0.00000E+00 1.27361E-01 1.70771E-01 1.89630E-01 3.12943E-01 3.70386E-01 1.25022E-01 0.00000E+00 0.00000E+00 2.03272E+00
0.00000E+00 1.55665E-02 1.47681E-01 1.90790E-01 2.10494E-01 3.40761E-01 4.02569E-01 1.45270E-01 1.55665E-02 0.00000E+00 2.54236E+00
0.00000E+00 3.59364E-02 1.65465E-01 2.08341E-01 2.28732E-01 3.64884E-01 4.30571E-01 1.63003E-01 3.59364E-02 0.00000E+00 2.95018E+00
0.00000E+00 5.40255E-02 1.81202E-01 2.23887E-01 2.44853E-01 3.86113E-01 4.55310E-01 1.78702E-01 5.40255E-02 0.00000E+00 3.29055E+00
0.00000E+00 7.02177E-02 1.95236E-01 2.37760E-01 2.59213E-01 4.04964E-01 4.77366E-01 1.92711E-01 7.02177E-02 0.00000E+00 3.57635E+00
0.00000E+00 8.48092E-02 2.07834E-01 2.50217E-01 2.72088E-01 4.21829E-01 4.97179E-01 2.05292E-01 8.48092E-02 0.00000E+00 3.81758E+00
0.00000E+00 9.80332E-02 2.19207E-01 2.61464E-01 2.83697E-01 4.37013E-01 5.15090E-01 2.16653E-01 9.80332E-02 0.00000E+00 4.02211E+00
5.52383E-03 1.10091E-01 2.29544E-01 2.71686E-01 2.94233E-01 4.50756E-01 5.31352E-01 2.26985E-01 1.10091E-01 5.52383E-03 4.18480E+00
1.88483E-02 1.21145E-01 2.38991E-01 2.81025E-01 3.03846E-01 4.63265E-01 5.46202E-01 2.36430E-01 1.21145E-01 1.88483E-02 4.30686E+00
3.11073E-02 1.31295E-01 2.47619E-01 2.89552E-01 3.12615E-01 4.74697E-01 5.59843E-01 2.45061E-01 1.31295E-01 3.11073E-02 4.41056E+00
4.24209E-02 1.40643E-01 2.55521E-01 2.97356E-01 3.20637E-01 4.85176E-01 5.72411E-01 2.52968E-01 1.40643E-01 4.24209E-02 4.49856E+00
5.28914E-02 1.49274E-01 2.62776E-01 3.04517E-01 3.27991E-01 4.94806E-01 5.84022E-01 2.60230E-01 1.49274E-01 5.28914E-02 4.57308E+00
6.26065E-02 1.57262E-01 2.69451E-01 3.11100E-01 3.34749E-01 5.03677E-01 5.94775E-01 2.66915E-01 1.57262E-01 6.26065E-02 4.63597E+00
7.16418E-02 1.64671E-01 2.75606E-01 3.17165E-01 3.40971E-01 5.11867E-01 6.04756E-01 2.73081E-01 1.64671E-01 7.16418E-02 4.68880E+00
8.00629E-02 1.71557E-01 2.81290E-01 3.22762E-01 3.46708E-01 5.19442E-01 6.14040E-01 2.78778E-01 1.71557E-01 8.00629E-02 4.73289E+00
8.79270E-02 1.77967E-01 2.86550E-01 3.27934E-01 3.52008E-01 5.26462E-01 6.22691E-01 2.84051E-01 1.77967E-01 8.79270E-02 4.76938E+00
9.52845E-02 1.83946E-01 2.91423E-01 3.32721E-01 3.56910E-01 5.32976E-01 6.30766E-01 2.88939E-01 1.83946E-01 9.52845E-02 4.79923E+00
1.02180E-01 1.89530E-01 2.95944E-01 3.37157E-01 3.61450E-01 5.39031E-01 6.38316E-01 2.93476E-01 1.89530E-01 1.02180E-01 4.82326E+00
1.08652E-01 1.94753E-01 3.00144E-01 3.41273E-01 3.65659E-01 5.44666E-01 6.45385E-01 2.97693E-01 1.94753E-01 1.08652E-01 4.84219E+00
1.14735E-01 1.99645E-01 3.04050E-01 3.45095E-01 3.69566E-01 5.49916E-01 6.52012E-01 3.01616E-01 1.99645E-01 1.14735E-01 4.85664E+00
1.20462E-01 2.04233E-01 3.07686E-01 3.48648E-01 3.73195E-01 5.54814E-01 6.58234E-01 3.05269E-01 2.04233E-01 1.20462E-01 4.86714E+00
1.25859E-01 2.08541E-01 3.11073E-01 3.51953E-01 3.76570E-01 5.59387E-01 6.64080E-01 3.08675E-01 2.08541E-01 1.25859E-01 4.87416E+00
1.30952E-01 2.12589E-01 3.14232E-01 3.55030E-01 3.79709E-01 5.63661E-01 6.69581E-01 3.11853E-01 2.12589E-01 1.30952E-01 4.87810E+00
1.35764E-01 2.16398E-01 3.17180E-01 3.57896E-01 3.82631E-01 5.67659E-01 6.74762E-01 3.14819E-01 2.16398E-01 1.35764E-01 4.87932E+00
1.40314E-01 2.19985E-01 3.19933E-01 3.60568E-01 3.85353E-01 5.71401E-01 6.79645E-01 3.17591E-01 2.19985E-01 1.40314E-01 4.87813E+00
1.44621E-01 2.23365E-01 3.22505E-01 3.63058E-01 3.87889E-01 5.74906E-01 6.84252E-01 3.20182E-01 2.23365E-01 1.44621E-01 4.87481E+00
1.48703E-01 2.26554E-01 3.24909E-01 3.65382E-01 3.90253E-01 5.78190E-01 6.88601E-01 3.22606E-01 2.26554E-01 1.48703E-01 4.86959E+00
1.52573E-01 2.29563E-01 3.27157E-01 3.67549E-01 3.92457E-01 5.81270E-01 6.92711E-01 3.24873E-01 2.29563E-01 1.52573E-01 4.86270E+00
1.56247E-01 2.32406E-01 3.29259E-01 3.69572E-01 3.94512E-01 5.84159E-01 6.96597E-01 3.26996E-01 2.32406E-01 1.56247E-01 4.85432E+00
1.59737E-01 2.35094E-01 3.31227E-01 3.71460E-01 3.96429E-01 5.86871E-01 7.00274E-01 3.28983E-01 2.35094E-01 1.59737E-01 4.84462E+00
1.63055E-01 2.37635E-01 3.33068E-01 3.73222E-01 3.98216E-01 5.89416E-01 7.03755E-01 3.30844E-01 2.37635E-01 1.63055E-01 4.83375E+00
1.66211E-01 2.40040E-01 3.34791E-01 3.74866E-01 3.99882E-01 5.91805E-01 7.07051E-01 3.32587E-01 2.40040E-01 1.66211E-01 4.82184E+00
1.69216E-01 2.42318E-01 3.36404E-01 3.76400E-01 4.01435E-01 5.94049E-01 7.10175E-01 3.34219E-01 2.42318E-01 1.69216E-01 4.80902E+00
1.72078E-01 2.44475E-01 3.37913E-01 3.77831E-01 4.02882E-01 5.96157E-01 7.13137E-01 3.35749E-01 2.44475E-01 1.72078E-01 4.79538E+00
1.74806E-01 2.46519E-01 3.39326E-01 3.79166E-01 4.04231E-01 5.98136E-01 7.15947E-01 3.37181E-01 2.46519E-01 1.74806E-01 4.78103E+00
1.77407E-01 2.48457E-01 3.40648E-01 3.80410E-01 4.05486E-01 5.99995E-01 7.18612E-01 3.38523E-01 2.48457E-01 1.77407E-01 4.76605E+00
1.79889E-01 2.50294E-01 3.41884E-01 3.81569E-01 4.06654E-01 6.01741E-01 7.21142E-01 3.39779E-01 2.50294E-01 1.79889E-01 4.75052E+00
1.82259E-01 2.52038E-01 3.43040E-01 3.82648E-01 4.07741E-01 6.03381E-01 7.23543E-01 3.40954E-01 2.52038E-01 1.82259E-01 4.73450E+00
1.84522E-01 2.53692E-01 3.44121E-01 3.83652E-01 4.08750E-01 6.04920E-01 7.25824E-01 3.42054E-01 2.53692E-01 1.84522E-01 4.71805E+00
1.86685E-01 2.55263E-01 3.45130E-01 3.84586E-01 4.09686E-01 6.06365E-01 7.27991E-01 3.43083E-01 2.55263E-01 1.86685E-01 4.70124E+00
1.88753E-01 2.56754E-01 3.46073E-01 3.85452E-01 4.10555E-01 6.07720E-01 7.30049E-01 3.44045E-01 2.56754E-01 1.88753E-01 4.68411E+00
1.90731E-01 2.58170E-01 3.46952E-01 3.86256E-01 4.11358E-01 6.08991E-01 7.32005E-01 3.44943E-01 2.58170E-01 1.90731E-01 4.66671E+00
1.92623E-01 2.59515E-01 3.47772E-01 3.87000E-01 4.12101E-01 6.10182E-01 7.33863E-01 3.45782E-01 2.59515E-01 1.92623E-01 4.64907E+00
1.94434E-01 2.60792E-01 3.48535E-01 3.87688E-01 4.12787E-01 6.11297E-01 7.35630E-01 3.46564E-01 2.60792E-01 1.94434E-01 4.63124E+00
1.96168E-01 2.62005E-01 3.49245E-01 3.88324E-01 4.13418E-01 6.12341E-01 7.37308E-01 3.47293E-01 2.62005E-01 1.96168E-01 4.61324E+00
1.97828E-01 2.63158E-01 3.49904E-01 3.88909E-01 4.13998E-01 6.13318E-01 7.38904E-01 3.47971E-01 2.63158E-01 1.97828E-01 4.59511E+00
1.99419E-01 2.64253E-01 3.50516E-01 3.89447E-01 4.14530E-01 6.14230E-01 7.40421E-01 3.48601E-01 2.64253E-01 1.99419E-01 4.57688E+00
2.00944E-01 2.65294E-01 3.51082E-01 3.89940E-01 4.15016E-01 6.15082E-01 7.41862E-01 3.49186E-01 2.65294E-01 2.00944E-01 4.55856E+00
2.02406E-01 2.66282E-01 3.51606E-01 3.90391E-01 4.15458E-01 6.15876E-01 7.43232E-01 3.49728E-01 2.66282E-01 2.02406E-01 4.54019E+00
0.00000E+00 0.00000E+00 1.04096E-01 1.45240E-01 1.66808E-01 3.03734E-01 3.61420E-01 1.01247E-01 0.00000E+00 0.00000E+00 1.58057E+00
0.00000E+00 0.00000E+00 1.24272E-01 1.65572E-01 1.88108E-01 3.33705E-01 3.97503E-01 1.21342E-01 0.00000E+00 0.00000E+00 2.13501E+00
0.00000E+00 1.37370E-02 1.41250E-01 1.82673E-01 2.05937E-01 3.58470E-01 4.27458E-01 1.38272E-01 1.37370E-02 0.00000E+00 2.54243E+00
0.00000E+00 3.14733E-02 1.55856E-01 1.97372E-01 2.21212E-01 3.79552E-01 4.53108E-01 1.52851E-01 3.14733E-02 0.00000E+00 2.85807E+00
0.00000E+00 4.70051E-02 1.68578E-01 2.10162E-01 2.34471E-01 3.97799E-01 4.75457E-01 1.65559E-01 4.70051E-02 0.00000E+00 3.11461E+00
0.00000E+00 6.07386E-02 1.79763E-01 2.21395E-01 2.46090E-01 4.13761E-01 4.95137E-01 1.76742E-01 6.07386E-02 0.00000E+00 3.32452E+00
0.00000E+00 7.29788E-02 1.89673E-01 2.31335E-01 2.56352E-01 4.27845E-01 5.12617E-01 1.86658E-01 7.29788E-02 0.00000E+00 3.49718E+00
0.00000E+00 8.39612E-02 1.98510E-01 2.40186E-01 2.65473E-01 4.40361E-01 5.28256E-01 1.95506E-01 8.39612E-02 0.00000E+00 3.63974E+00
4.63106E-03 9.38850E-02 2.06457E-01 2.48134E-01 2.73646E-01 4.51552E-01 5.42314E-01 2.03470E-01 9.38850E-02 4.63106E-03 3.74809E+00
1.57462E-02 1.02907E-01 2.13646E-01 2.55311E-01 2.81014E-01 4.61620E-01 5.55032E-01 2.10678E-01 1.02907E-01 1.57462E-02 3.82342E+00
2.59019E-02 1.11124E-01 2.20137E-01 2.61780E-01 2.87647E-01 4.70715E-01 5.66613E-01 2.17192E-01 1.11124E-01 2.59019E-02 3.88470E+00
3.52133E-02 1.18631E-01 2.26016E-01 2.67629E-01 2.93635E-01 4.78956E-01 5.77194E-01 2.23095E-01 1.18631E-01 3.52133E-02 3.93414E+00
4.37775E-02 1.25509E-01 2.31354E-01 2.72928E-01 2.99054E-01 4.86444E-01 5.86891E-01 2.28460E-01 1.25509E-01 4.37775E-02 3.97358E+00
5.16768E-02 1.31829E-01 2.36212E-01 2.77741E-01 3.03970E-01 4.93265E-01 5.95801E-01 2.33346E-01 1.31829E-01 5.16768E-02 4.00454E+00
5.89818E-02 1.37649E-01 2.40643E-01 2.82121E-01 3.08437E-01 4.99491E-01 6.04006E-01 2.37806E-01 1.37649E-01 5.89818E-02 4.02825E+00
6.57531E-02 1.43021E-01 2.44690E-01 2.86112E-01 3.12502E-01 5.05186E-01 6.11580E-01 2.41884E-01 1.43021E-01 6.57531E-02 4.04579E+00
7.20433E-02 1.47988E-01 2.48394E-01 2.89754E-01 3.16207E-01 5.10402E-01 6.18584E-01 2.45618E-01 1.47988E-01 7.20433E-02 4.05803E+00
7.78983E-02 1.52590E-01 2.51787E-01 2.93082E-01 3.19587E-01 5.15188E-01 6.25073E-01 2.49043E-01 1.52590E-01 7.78983E-02 4.06571E+00
8.33582E-02 1.56860E-01 2.54900E-01 2.96126E-01 3.22674E-01 5.19585E-01 6.31094E-01 2.52188E-01 1.56860E-01 8.33582E-02 4.06948E+00
8.84583E-02 1.60829E-01 2.57759E-01 2.98913E-01 3.25496E-01 5.23628E-01 6.36690E-01 2.55079E-01 1.60829E-01 8.84583E-02 4.06987E+00
9.32299E-02 1.64522E-01 2.60386E-01 3.01465E-01 3.28076E-01 5.27349E-01 6.41896E-01 2.57738E-01 1.64522E-01 9.32299E-02 4.06735E+00
9.77007E-02 1.67964E-01 2.62802E-01 3.03804E-01 3.30437E-01 5.30778E-01 6.46747E-01 2.60187E-01 1.67964E-01 9.77007E-02 4.06230E+00
1.01895E-01 1.71174E-01 2.65026E-01 3.05949E-01 3.32596E-01 5.33938E-01 6.51270E-01 2.62444E-01 1.71174E-01 1.01895E-01 4.05508E+00
1.05836E-01 1.74173E-01 2.67073E-01 3.07914E-01 3.34572E-01 5.36853E-01 6.55494E-01 2.64523E-01 1.74173E-01 1.05836E-01 4.04597E+00
1.09543E-01 1.76977E-01 2.68959E-01 3.09717E-01 3.36380E-01 5.39542E-01 6.59440E-01 2.66441E-01 1.76977E-01 1.09543E-01 4.03523E+00
1.13033E-01 1.79600E-01 2.70695E-01 3.11368E-01 3.38034E-01 5.42023E-01 6.63131E-01 2.68210E-01 1.79600E-01 1.13033E-01 4.02308E+00
1.16323E-01 1.82057E-01 2.72294E-01 3.12882E-01 3.39545E-01 5.44314E-01 6.66585E-01 2.69841E-01 1.82057E-01 1.16323E-01 4.00972E+00
1.19427E-01 1.84359E-01 2.73767E-01 3.14268E-01 3.40925E-01 5.46427E-01 6.69819E-01 2.71345E-01 1.84359E-01 1.19427E-01 3.99531E+00
1.22358E-01 1.86519E-01 2.75123E-01 3.15536E-01 3.42184E-01 5.48377E-01 6.72849E-01 2.72733E-01 1.86519E-01 1.22358E-01 3.98000E+00
1.25129E-01 1.88545E-01 2.76370E-01 3.16695E-01 3.43331E-01 5.50176E-01 6.75690E-01 2.74012E-01 1.88545E-01 1.25129E-01 3.96392E+00
1.27750E-01 1.90448E-01 2.77518E-01 3.17753E-01 3.44374E-01 5.51834E-01 6.78355E-01 2.75191E-01 1.90448E-01 1.27750E-01 3.94718E+00
1.30232E-01 1.92236E-01 2.78572E-01 3.18717E-01 3.45322E-01 5.53362E-01 6.80854E-01 2.76276E-01 1.92236E-01 1.30232E-01 3.92988E+00
1.32583E-01 1.93916E-01 2.79540E-01 3.19594E-01 3.46181E-01 5.54768E-01 6.83200E-01 2.77274E-01 1.93916E-01 1.32583E-01 3.91211E+00
1.34812E-01 1.95496E-01 2.80427E-01 3.20391E-01 3.46956E-01 5.56061E-01 6.85402E-01 2.78192E-01 1.95496E-01 1.34812E-01 3.89395E+00
1.36927E-01 1.96982E-01 2.81240E-01 3.21113E-01 3.47655E-01 5.57249E-01 6.87469E-01 2.79035E-01 1.96982E-01 1.36927E-01 3.87546E+00
1.38934E-01 1.98380E-01 2.81982E-01 3.21764E-01 3.48282E-01 5.58338E-01 6.89409E-01 2.79807E-01 1.98380E-01 1.38934E-01 3.85670E+00
1.40840E-01 1.99696E-01 2.82660E-01 3.22350E-01 3.48843E-01 5.59335E-01 6.91231E-01 2.80514E-01 1.99696E-01 1.40840E-01 3.83773E+00
1.42652E-01 2.00934E-01 2.83276E-01 3.22875E-01 3.49341E-01 5.60246E-01 6.92942E-01 2.81160E-01 2.00934E-01 1.42652E-01 3.81859E+00
1.44374E-01 2.02100E-01 2.83836E-01 3.23344E-01 3.49780E-01 5.61076E-01 6.94548E-01 2.81748E-01 2.02100E-01 1.44374E-01 3.79933E+00
1.46012E-01 2.03197E-01 2.84342E-01 3.23758E-01 3.50166E-01 5.61831E-01 6.96055E-01 2.82283E-01 2.03197E-01 1.46012E-01 3.77998E+00
1.47571E-01 2.04230E-01 2.84799E-01 3.24124E-01 3.50500E-01 5.62515E-01 6.97469E-01 2.82768E-01 2.04230E-01 1.47571E-01 3.76057E+00
1.49055E-01 2.05203E-01 2.85208E-01 3.24442E-01 3.50787E-01 5.63132E-01 6.98795E-01 2.83205E-01 2.05203E-01 1.49055E-01 3.74114E+00
1.50468E-01 2.06118E-01 2.85574E-01 3.24717E-01 3.51030E-01 5.63687E-01 7.00038E-01 2.83599E-01 2.06118E-01 1.50468E-01 3.72170E+00
1.51815E-01 2.06980E-01 2.85899E-01 3.24950E-01 3.51230E-01 5.64183E-01 7.01204E-01 2.83951E-01 2.06980E-01 1.51815E-01 3.70228E+00
1.53098E-01 2.07791E-01 2.86184E-01 3.25146E-01 3.51391E-01 5.64623E-01 7.02295E-01 2.84264E-01 2.07791E-01 1.53098E-01 3.68290E+00
1.54321E-01 2.08554E-01 2.86434E-01 3.25305E-01 3.51516E-01 5.65012E-01 7.03316E-01 2.84540E-01 2.08554E-01 1.54321E-01 3.66358E+00
1.55487E-01 2.09271E-01 2.86649E-01 3.25430E-01 3.51606E-01 5.65351E-01 7.04271E-01 2.84781E-01 2.09271E-01 1.55487E-01 3.64433E+00
1.56599E-01 2.09945E-01 2.86832E-01 3.25523E-01 3.51663E-01 5.65644E-01 7.05163E-01 2.84991E-01 2.09945E-01 1.56599E-01 3.62517E+00
1.57660E-01 2.10579E-01 2.86985E-01 3.25586E-01 3.51690E-01 5.65893E-01 7.05996E-01 2.85169E-01 2.10579E-01 1.57660E-01 3.60610E+00
1.58673E-01 2.11174E-01 2.87109E-01 3.25621E-01 3.51689E-01 5.66101E-01 7.06772E-01 2.85319E-01 2.11174E-01 1.58673E-01 3.58714E+00
0.00000E+00 0.00000E+00 1.01618E-01 1.43236E-01 1.68896E-01 3.30813E-01 3.96159E-01 9.79980E-02 0.00000E+00 0.00000E+00 1.73287E+00
0.00000E+00 0.00000E+00 1.18130E-01 1.60234E-01 1.86653E-01 3.57020E-01 4.29659E-01 1.14475E-01 0.00000E+00 0.00000E+00 2.17089E+00
0.00000E+00 1.18516E-02 1.31771E-01 1.74211E-01 2.01172E-01 3.78196E-01 4.56949E-01 1.28112E-01 1.18516E-02 0.00000E+00 2.47914E+00
0.00000E+00 2.69617E-02 1.43306E-01 1.85983E-01 2.13349E-01 3.95866E-01 4.79945E-01 1.39661E-01 2.69617E-02 0.00000E+00 2.70892E+00
0.00000E+00 4.00179E-02 1.53188E-01 1.96031E-01 2.23708E-01 4.10881E-01 4.99698E-01 1.49572E-01 4.00179E-02 0.00000E+00 2.88979E+00
0.00000E+00 5.14256E-02 1.61747E-01 2.04699E-01 2.32616E-01 4.23790E-01 5.16865E-01 1.58167E-01 5.14256E-02 0.00000E+00 3.03298E+00
0.00000E+00 6.14835E-02 1.69222E-01 2.12242E-01 2.40343E-01 4.34994E-01 5.31928E-01 1.65685E-01 6.14835E-02 0.00000E+00 3.14668E+00
0.00000E+00 7.04181E-02 1.75798E-01 2.18851E-01 2.47093E-01 4.44794E-01 5.45249E-01 1.72309E-01 7.04181E-02 0.00000E+00 3.23703E+00
3.80874E-03 7.84185E-02 1.81642E-01 2.24698E-01 2.53047E-01 4.53424E-01 5.57092E-01 1.78202E-01 7.84185E-02 3.80874E-03 3.30060E+00
1.29052E-02 8.56307E-02 1.86867E-01 2.29905E-01 2.58332E-01 4.61073E-01 5.67688E-01 1.83478E-01 8.56307E-02 1.29052E-02 3.33836E+00
2.11597E-02 9.21430E-02 1.91520E-01 2.34521E-01 2.63005E-01 4.67875E-01 5.77239E-01 1.88185E-01 9.21430E-02 2.11597E-02 3.36609E+00
2.86788E-02 9.80443E-02 1.95677E-01 2.38626E-01 2.67148E-01 4.73941E-01 5.85877E-01 1.92396E-01 9.80443E-02 2.86788E-02 3.38553E+00
3.55517E-02 1.03409E-01 1.99400E-01 2.42284E-01 2.70828E-01 4.79364E-01 5.93714E-01 1.96174E-01 1.03409E-01 3.55517E-02 3.39810E+00
4.18532E-02 1.08300E-01 2.02741E-01 2.45548E-01 2.74102E-01 4.84223E-01 6.00843E-01 1.99570E-01 1.08300E-01 4.18532E-02 3.40495E+00
4.76471E-02 1.12769E-01 2.05745E-01 2.48465E-01 2.77018E-01 4.88583E-01 6.07343E-01 2.02629E-01 1.12769E-01 4.76471E-02 3.40703E+00
5.29879E-02 1.16864E-01 2.08448E-01 2.51075E-01 2.79617E-01 4.92501E-01 6.13282E-01 2.05387E-01 1.16864E-01 5.29879E-02 3.40513E+00
5.79225E-02 1.20623E-01 2.10885E-01 2.53411E-01 2.81934E-01 4.96024E-01 6.18718E-01 2.07879E-01 1.20623E-01 5.79225E-02 3.39988E+00
6.24915E-02 1.24080E-01 2.13082E-01 2.55502E-01 2.83999E-01 4.99195E-01 6.23702E-01 2.10131E-01 1.24080E-01 6.24915E-02 3.39183E+00
6.67304E-02 1.27265E-01 2.15065E-01 2.57374E-01 2.85839E-01 5.02050E-01 6.28279E-01 2.12169E-01 1.27265E-01 6.67304E-02 3.38144E+00
7.06700E-02 1.30203E-01 2.16855E-01 2.59049E-01 2.87476E-01 5.04620E-01 6.32485E-01 2.14012E-01 1.30203E-01 7.06700E-02 3.36908E+00
7.43377E-02 1.32918E-01 2.18471E-01 2.60546E-01 2.88931E-01 5.06933E-01 6.36357E-01 2.15681E-01 1.32918E-01 7.43377E-02 3.35507E+00
7.77575E-02 1.35430E-01 2.19929E-01 2.61882E-01 2.90222E-01 5.09014E-01 6.39923E-01 2.17192E-01 1.35430E-01 7.77575E-02 3.33970E+00
8.09508E-02 1.37756E-01 2.21244E-01 2.63073E-01 2.91363E-01 5.10883E-01 6.43210E-01 2.18558E-01 1.37756E-01 8.09508E-02 3.32318E+00
8.39365E-02 1.39912E-01 2.22429E-01 2.64131E-01 2.92370E-01 5.12560E-01 6.46242E-01 2.19794E-01 1.39912E-01 8.39365E-02 3.30571E+00
8.67316E-02 1.41913E-01 2.23495E-01 2.65070E-01 2.93253E-01 5.14061E-01 6.49040E-01 2.20911E-01 1.41913E-01 8.67316E-02 3.28747E+00
8.93513E-02 1.43772E-01 2.24453E-01 2.65898E-01 2.94025E-01 5.15403E-01 6.51622E-01 2.21918E-01 1.43772E-01 8.93513E-02 3.26860E+00
9.18093E-02 1.45499E-01 2.25312E-01 2.66627E-01 2.94694E-01 5.16598E-01 6.54006E-01 2.22826E-01 1.45499E-01 9.18093E-02 3.24922E+00
9.41178E-02 1.47105E-01 2.26079E-01 2.67264E-01 2.95270E-01 5.17659E-01 6.56208E-01 2.23641E-01 1.47105E-01 9.41178E-02 3.22943E+00
9.62879E-02 1.48599E-01 2.26764E-01 2.67817E-01 2.95761E-01 5.18596E-01 6.58240E-01 2.24373E-01 1.48599E-01 9.62879E-02 3.20933E+00
9.83298E-02 1.49990E-01 2.27372E-01 2.68292E-01 2.96174E-01 5.19420E-01 6.60116E-01 2.25028E-01 1.49990E-01 9.83298E-02 3.18900E+00
1.00253E-01 1.51285E-01 2.27909E-01 2.68698E-01 2.96514E-01 5.20140E-01 6.61847E-01 2.25611E-01 1.51285E-01 1.00253E-01 3.16850E+00
1.02065E-01 1.52491E-01 2.28382E-01 2.69038E-01 2.96789E-01 5.20763E-01 6.63443E-01 2.26129E-01 1.52491E-01 1.02065E-01 3.14789E+00
1.03773E-01 1.53615E-01 2.28794E-01 2.69318E-01 2.97003E-01 5.21297E-01 6.64913E-01 2.26586E-01 1.53615E-01 1.03773E-01 3.12722E+00
1.05386E-01 1.54662E-01 2.29152E-01 2.69543E-01 2.97161E-01 5.21748E-01 6.66267E-01 2.26987E-01 1.54662E-01 1.05386E-01 3.10654E+00
1.06908E-01 1.55637E-01 2.29457E-01 2.69716E-01 2.97268E-01 5.22124E-01 6.67513E-01 2.27335E-01 1.55637E-01 1.06908E-01 3.08588E+00
1.08347E-01 1.56546E-01 2.29716E-01 2.69843E-01 2.97327E-01 5.22428E-01 6.68656E-01 2.27636E-01 1.56546E-01 1.08347E-01 3.06527E+00
1.09707E-01 1.57392E-01 2.29930E-01 2.69926E-01 2.97342E-01 5.22668E-01 6.69705E-01 2.27892E-01 1.57392E-01 1.09707E-01 3.04474E+00
1.10993E-01 1.58180E-01 2.30104E-01 2.69969E-01 2.97317E-01 5.22846E-01 6.70665E-01 2.28107E-01 1.58180E-01 1.10993E-01 3.02432E+00
1.12209E-01 1.58914E-01 2.30240E-01 2.69975E-01 2.97254E-01 5.22968E-01 6.71542E-01 2.28283E-01 1.58914E-01 1.12209E-01 3.00402E+00
1.13361E-01 1.59597E-01 2.30341E-01 2.69946E-01 2.97157E-01 5.23037E-01 6.72341E-01 2.28424E-01 1.59597E-01 1.13361E-01 2.98386E+00
1.14451E-01 1.60232E-01 2.30409E-01 2.69885E-01 2.97027E-01 5.23058E-01 6.73067E-01 2.28531E-01 1.60232E-01 1.14451E-01 2.96386E+00
1.15484E-01 1.60822E-01 2.30447E-01 2.69794E-01 2.96868E-01 5.23033E-01 6.73724E-01 2.28607E-01 1.60822E-01 1.15484E-01 2.94403E+00
1.16463E-01 1.61370E-01 2.30457E-01 2.69676E-01 2.96681E-01 5.22966E-01 6.74317E-01 2.28655E-01 1.61370E-01 1.16463E-01 2.92438E+00
1.17390E-01 1.61878E-01 2.30440E-01 2.69532E-01 2.96469E-01 5.22859E-01 6.74849E-01 2.28675E-01 1.61878E-01 1.17390E-01 2.90492E+00
1.18269E-01 1.62350E-01 2.30399E-01 2.69365E-01 2.96233E-01 5.22715E-01 6.75324E-01 2.28670E-01 1.62350E-01 1.18269E-01 2.88565E+00
1.19103E-01 1.62786E-01 2.30334E-01 2.69175E-01 2.95975E-01 5.22536E-01 6.75746E-01 2.28642E-01 1.62786E-01 1.19103E-01 2.86658E+00
1.19893E-01 1.63189E-01 2.30249E-01 2.68964E-01 2.95696E-01 5.22326E-01 6.76116E-01 2.28592E-01 1.63189E-01 1.19893E-01 2.84772E+00
1.20642E-01 1.63561E-01 2.30144E-01 2.68735E-01 2.95399E-01 5.22086E-01 6.76439E-01 2.28522E-01 1.63561E-01 1.20642E-01 2.82907E+00
1.21353E-01 1.63904E-01 2.30020E-01 2.68488E-01 2.95084E-01 5.21817E-01 6.76717E-01 2.28432E-01 1.63904E-01 1.21353E-01 2.81063E+00
1.22028E-01 1.64219E-01 2.29878E-01 2.68224E-01 2.94753E-01 5.21522E-01 6.76952E-01 2.28325E-01 1.64219E-01 1.22028E-01 2.79240E+00
0.00000E+00 0.00000E+00 9.57933E-02 1.40822E-01 1.70696E-01 3.60184E-01 4.36686E-01 9.12133E-02 0.00000E+00 0.00000E+00 1.80089E+00
0.00000E+00 0.00000E+00 1.08694E-01 1.54198E-01 1.84519E-01 3.81846E-01 4.66912E-01 1.04164E-01 0.00000E+00 0.00000E+00 2.12730E+00
0.00000E+00 9.96926E-03 1.19172E-01 1.64949E-01 1.95544E-01 3.98918E-01 4.91062E-01 1.14715E-01 9.96926E-03 0.00000E+00 2.34533E+00
0.00000E+00 2.25328E-02 1.27883E-01 1.73803E-01 2.04565E-01 4.12829E-01 5.11066E-01 1.23513E-01 2.25328E-02 0.00000E+00 2.49999E+00
0.00000E+00 3.32531E-02 1.35219E-01 1.81194E-01 2.12050E-01 4.24380E-01 5.27978E-01 1.30944E-01 3.32531E-02 0.00000E+00 2.61658E+00
0.00000E+00 4.25134E-02 1.41469E-01 1.87434E-01 2.18332E-01 4.34088E-01 5.42456E-01 1.37293E-01 4.25134E-02 0.00000E+00 2.70451E+00
0.00000E+00 5.05922E-02 1.46842E-01 1.92748E-01 2.23651E-01 4.42325E-01 5.54977E-01 1.42767E-01 5.05922E-02 0.00000E+00 2.77049E+00
0.00000E+00 5.76981E-02 1.51495E-01 1.97306E-01 2.28184E-01 4.49368E-01 5.65895E-01 1.47521E-01 5.76981E-02 0.00000E+00 2.81943E+00
3.06572E-03 6.40032E-02 1.55572E-01 2.01261E-01 2.32092E-01 4.55431E-01 5.75464E-01 1.51699E-01 6.40032E-02 3.06572E-03 2.84837E+00
1.03523E-02 6.96380E-02 1.59166E-01 2.04712E-01 2.35479E-01 4.60683E-01 5.83907E-01 1.55392E-01 6.96380E-02 1.03523E-02 2.85798E+00
1.69198E-02 7.46815E-02 1.62313E-01 2.07699E-01 2.38388E-01 4.65233E-01 5.91412E-01 1.58637E-01 7.46815E-02 1.69198E-02 2.86103E+00
2.28635E-02 7.92128E-02 1.65074E-01 2.10286E-01 2.40887E-01 4.69181E-01 5.98104E-01 1.61495E-01 7.92128E-02 2.28635E-02 2.85881E+00
2.82625E-02 8.32976E-02 1.67501E-01 2.12527E-01 2.43033E-01 4.72609E-01 6.04089E-01 1.64017E-01 8.32976E-02 2.82625E-02 2.85234E+00
3.31828E-02 8.69908E-02 1.69636E-01 2.14469E-01 2.44872E-01 4.75585E-01 6.09453E-01 1.66246E-01 8.69908E-02 3.31828E-02 2.84244E+00
3.76804E-02 9.03386E-02 1.71516E-01 2.16149E-01 2.46444E-01 4.78165E-01 6.14270E-01 1.68218E-01 9.03386E-02 3.76804E-02 2.82978E+00
4.18025E-02 9.33805E-02 1.73172E-01 2.17600E-01 2.47782E-01 4.80397E-01 6.18601E-01 1.69963E-01 9.33805E-02 4.18025E-02 2.81488E+00
4.55899E-02 9.61502E-02 1.74629E-01 2.18848E-01 2.48915E-01 4.82324E-01 6.22501E-01 1.71509E-01 9.61502E-02 4.55899E-02 2.79820E+00
4.90776E-02 9.86767E-02 1.75911E-01 2.19918E-01 2.49866E-01 4.83979E-01 6.26014E-01 1.72876E-01 9.86767E-02 4.90776E-02 2.78008E+00
5.22958E-02 1.00985E-01 1.77036E-01 2.20829E-01 2.50657E-01 4.85393E-01 6.29183E-01 1.74085E-01 1.00985E-01 5.22958E-02 2.76084E+00
5.52711E-02 1.03097E-01 1.78021E-01 2.21599E-01 2.51305E-01 4.86592E-01 6.32040E-01 1.75153E-01 1.03097E-01 5.52711E-02 2.74071E+00
5.80264E-02 1.05033E-01 1.78880E-01 2.22243E-01 2.51827E-01 4.87600E-01 6.34616E-01 1.76093E-01 1.05033E-01 5.80264E-02 2.71991E+00
6.05822E-02 1.06808E-01 1.79628E-01 2.22774E-01 2.52236E-01 4.88436E-01 6.36938E-01 1.76919E-01 1.06808E-01 6.05822E-02 2.69859E+00
6.29564E-02 1.08438E-01 1.80274E-01 2.23205E-01 2.52543E-01 4.89117E-01 6.39030E-01 1.77642E-01 1.08438E-01 6.29564E-02 2.67690E+00
6.51649E-02 1.09935E-01 1.80830E-01 2.23545E-01 2.52760E-01 4.89659E-01 6.40912E-01 1.78272E-01 1.09935E-01 6.51649E-02 2.65496E+00
6.72219E-02 1.11312E-01 1.81302E-01 2.23803E-01 2.52895E-01 4.90076E-01 6.42603E-01 1.78818E-01 1.11312E-01 6.72219E-02 2.63286E+00
6.91399E-02 1.12578E-01 1.81701E-01 2.23988E-01 2.52957E-01 4.90379E-01 6.44119E-01 1.79288E-01 1.12578E-01 6.91399E-02 2.61069E+00
7.09304E-02 1.13744E-01 1.82031E-01 2.24107E-01 2.52954E-01 4.90579E-01 6.45475E-01 1.79689E-01 1.13744E-01 7.09304E-02 2.58851E+00
7.26033E-02 1.14817E-01 1.82301E-01 2.24165E-01 2.52891E-01 4.90687E-01 6.46685E-01 1.80026E-01 1.14817E-01 7.26033E-02 2.56638E+00
7.41680E-02 1.15805E-01 1.82514E-01 2.24170E-01 2.52774E-01 4.90709E-01 6.47760E-01 1.80306E-01 1.15805E-01 7.41680E-02 2.54436E+00
7.56325E-02 1.16715E-01 1.82676E-01 2.24124E-01 2.52609E-01 4.90655E-01 6.48711E-01 1.80534E-01 1.16715E-01 7.56325E-02 2.52247E+00
7.70044E-02 1.17553E-01 1.82792E-01 2.24035E-01 2.52400E-01 4.90531E-01 6.49547E-01 1.80713E-01 1.17553E-01 7.70044E-02 2.50075E+00
7.82905E-02 1.18324E-01 1.82866E-01 2.23904E-01 2.52151E-01 4.90343E-01 6.50279E-01 1.80849E-01 1.18324E-01 7.82905E-02 2.47922E+00
7.94968E-02 1.19033E-01 1.82901E-01 2.23737E-01 2.51867E-01 4.90097E-01 6.50912E-01 1.80945E-01 1.19033E-01 7.94968E-02 2.45792E+00
8.06291E-02 1.19685E-01 1.82900E-01 2.23537E-01 2.51550E-01 4.89798E-01 6.51456E-01 1.81004E-01 1.19685E-01 8.06291E-02 2.43685E+00
8.16924E-02 1.20284E-01 1.82867E-01 2.23305E-01 2.51204E-01 4.89451E-01 6.51916E-01 1.81029E-01 1.20284E-01 8.16924E-02 2.41603E+00
8.26914E-02 1.20834E-01 1.82804E-01 2.23047E-01 2.50831E-01 4.89059E-01 6.52299E-01 1.81023E-01 1.20834E-01 8.26914E-02 2.39547E+00
8.36303E-02 1.21338E-01 1.82714E-01 2.22762E-01 2.50433E-01 4.88627E-01 6.52610E-01 1.80988E-01 1.21338E-01 8.36303E-02 2.37519E+00
8.45133E-02 1.21800E-01 1.82598E-01 2.22455E-01 2.50014E-01 4.88157E-01 6.52854E-01 1.80928E-01 1.21800E-01 8.45133E-02 2.35518E+00
8.53437E-02 1.22222E-01 1.82460E-01 2.22127E-01 2.49575E-01 4.87654E-01 6.53036E-01 1.80843E-01 1.22222E-01 8.53437E-02 2.33545E+00
8.61251E-02 1.22607E-01 1.82301E-01 2.21780E-01 2.49119E-01 4.87120E-01 6.53160E-01 1.80736E-01 1.22607E-01 8.61251E-02 2.31601E+00
8.68603E-02 1.22958E-01 1.82122E-01 2.21416E-01 2.48646E-01 4.86557E-01 6.53230E-01 1.80609E-01 1.22958E-01 8.68603E-02 2.29685E+00
8.75524E-02 1.23277E-01 1.81926E-01 2.21035E-01 2.48158E-01 4.85968E-01 6.53250E-01 1.80463E-01 1.23277E-01 8.75524E-02 2.27798E+00
8.82039E-02 1.23565E-01 1.81713E-01 2.20641E-01 2.47657E-01 4.85356E-01 6.53223E-01 1.80299E-01 1.23565E-01 8.82039E-02 2.25940E+00
8.88172E-02 1.23826E-01 1.81485E-01 2.20233E-01 2.47144E-01 4.84722E-01 6.53152E-01 1.80119E-01 1.23826E-01 8.88172E-02 2.24111E+00
8.93946E-02 1.24060E-01 1.81244E-01 2.19814E-01 2.46621E-01 4.84068E-01 6.53041E-01 1.79925E-01 1.24060E-01 8.93946E-02 2.22310E+00
8.99382E-02 1.24269E-01 1.80989E-01 2.19383E-01 2.46088E-01 4.83395E-01 6.52891E-01 1.79717E-01 1.24269E-01 8.99382E-02 2.20537E+00
9.04499E-02 1.24455E-01 1.80723E-01 2.18944E-01 2.45546E-01 4.82707E-01 6.52705E-01 1.79496E-01 1.24455E-01 9.04499E-02 2.18792E+00
9.09316E-02 1.24620E-01 1.80447E-01 2.18495E-01 2.44996E-01 4.82003E-01 6.52486E-01 1.79264E-01 1.24620E-01 9.09316E-02 2.17075E+00
9.13849E-02 1.24764E-01 1.80160E-01 2.18038E-01 2.44440E-01 4.81285E-01 6.52236E-01 1.79021E-01 1.24764E-01 9.13849E-02 2.15385E+00
9.18113E-02 1.24889E-01 1.79865E-01 2.17575E-01 2.43878E-01 4.80555E-01 6.51956E-01 1.78769E-01 1.24889E-01 9.18113E-02 2.13722E+00
0.00000E+00 0.00000E+00 8.64601E-02 1.37122E-01 1.71037E-01 3.90228E-01 4.82840E-01 8.07187E-02 0.00000E+00 0.00000E+00 1.77209E+00
0.00000E+00 0.00000E+00 9.60657E-02 1.46779E-01 1.80717E-01 4.06657E-01 5.09066E-01 9.05246E-02 0.00000E+00 0.00000E+00 2.00057E+00
0.00000E+00 8.16370E-03 1.03753E-01 1.54346E-01 1.88203E-01 4.19182E-01 5.29558E-01 9.84170E-02 8.16370E-03 0.00000E+00 2.14320E+00
0.00000E+00 1.83434E-02 1.10038E-01 1.60408E-01 1.94123E-01 4.29045E-01 5.46182E-01 1.04906E-01 1.83434E-02 0.00000E+00 2.23732E+00
0.00000E+00 2.69277E-02 1.15235E-01 1.65317E-01 1.98854E-01 4.36945E-01 5.59955E-01 1.10304E-01 2.69277E-02 0.00000E+00 2.30353E+00
0.00000E+00 3.42617E-02 1.19582E-01 1.69334E-01 2.02668E-01 4.43338E-01 5.71513E-01 1.14847E-01 3.42617E-02 0.00000E+00 2.34920E+00
0.00000E+00 4.05937E-02 1.23250E-01 1.72645E-01 2.05762E-01 4.48547E-01 5.81307E-01 1.18704E-01 4.05937E-02 0.00000E+00 2.37947E+00
0.00000E+00 4.61081E-02 1.26366E-01 1.75388E-01 2.08279E-01 4.52809E-01 5.89674E-01 1.22004E-01 4.61081E-02 0.00000E+00 2.39808E+00
2.41007E-03 5.09553E-02 1.29050E-01 1.77689E-01 2.10350E-01 4.56314E-01 5.96855E-01 1.24863E-01 5.09553E-02 2.41007E-03 2.40243E+00
8.11085E-03 5.52483E-02 1.31374E-01 1.79627E-01 2.12056E-01 4.59198E-01 6.03053E-01 1.27354E-01 5.52483E-02 8.11085E-03 2.39289E+00
1.32142E-02 5.90554E-02 1.33361E-01 1.81223E-01 2.13419E-01 4.61544E-01 6.08437E-01 1.29502E-01 5.90554E-02 1.32142E-02 2.37955E+00
1.78026E-02 6.24446E-02 1.35060E-01 1.82530E-01 2.14492E-01 4.63433E-01 6.13123E-01 1.31358E-01 6.24446E-02 1.78026E-02 2.36328E+00
2.19439E-02 6.54721E-02 1.36512E-01 1.83590E-01 2.15320E-01 4.64934E-01 6.17205E-01 1.32961E-01 6.54721E-02 2.19439E-02 2.34476E+00
2.56947E-02 6.81845E-02 1.37751E-01 1.84440E-01 2.15939E-01 4.66101E-01 6.20763E-01 1.34345E-01 6.81845E-02 2.56947E-02 2.32455E+00
2.91022E-02 7.06209E-02 1.38805E-01 1.85108E-01 2.16378E-01 4.66981E-01 6.23862E-01 1.35540E-01 7.06209E-02 2.91022E-02 2.30307E+00
3.22067E-02 7.28142E-02 1.39698E-01 1.85618E-01 2.16663E-01 4.67613E-01 6.26558E-01 1.36570E-01 7.28142E-02 3.22067E-02 2.28066E+00
3.50422E-02 7.47926E-02 1.40451E-01 1.85993E-01 2.16815E-01 4.68029E-01 6.28898E-01 1.37453E-01 7.47926E-02 3.50422E-02 2.25759E+00
3.76381E-02 7.65801E-02 1.41079E-01 1.86248E-01 2.16851E-01 4.68258E-01 6.30924E-01 1.38209E-01 7.65801E-02 3.76381E-02 2.23409E+00
4.00197E-02 7.81975E-02 1.41599E-01 1.86400E-01 2.16787E-01 4.68322E-01 6.32669E-01 1.38851E-01 7.81975E-02 4.00197E-02 2.21032E+00
4.22088E-02 7.96628E-02 1.42022E-01 1.86461E-01 2.16636E-01 4.68243E-01 6.34165E-01 1.39392E-01 7.96628E-02 4.22088E-02 2.18644E+00
4.42246E-02 8.09915E-02 1.42360E-01 1.86442E-01 2.16408E-01 4.68037E-01 6.35437E-01 1.39845E-01 8.09915E-02 4.42246E-02 2.16254E+00
4.60838E-02 8.21973E-02 1.42622E-01 1.86354E-01 2.16114E-01 4.67720E-01 6.36509E-01 1.40218E-01 8.21973E-02 4.60838E-02 2.13873E+00
4.78009E-02 8.32923E-02 1.42817E-01 1.86203E-01 2.15762E-01 4.67304E-01 6.37400E-01 1.40519E-01 8.32923E-02 4.78009E-02 2.11508E+00
4.93892E-02 8.42868E-02 1.42951E-01 1.85999E-01 2.15359E-01 4.66802E-01 6.38129E-01 1.40757E-01 8.42868E-02 4.93892E-02 2.09164E+00
5.08600E-02 8.51904E-02 1.43031E-01 1.85746E-01 2.14912E-01 4.66224E-01 6.38711E-01 1.40938E-01 8.51904E-02 5.08600E-02 2.06845E+00
5.22235E-02 8.60113E-02 1.43063E-01 1.85450E-01 2.14425E-01 4.65577E-01 6.39160E-01 1.41068E-01 8.60113E-02 5.22235E-02 2.04556E+00
5.34888E-02 8.67568E-02 1.43052E-01 1.85118E-01 2.13905E-01 4.64871E-01 6.39488E-01 1.41151E-01 8.67568E-02 5.34888E-02 2.02299E+00
5.46642E-02 8.74335E-02 1.43002E-01 1.84752E-01 2.13355E-01 4.64111E-01 6.39707E-01 1.41193E-01 8.74335E-02 5.46642E-02 2.00077E+00
5.57570E-02 8.80474E-02 1.42917E-01 1.84356E-01 2.12778E-01 4.63305E-01 6.39826E-01 1.41197E-01 8.80474E-02 5.57570E-02 1.97890E+00
5.67736E-02 8.86038E-02 1.42801E-01 1.83935E-01 2.12179E-01 4.62457E-01 6.39854E-01 1.41167E-01 8.86038E-02 5.67736E-02 1.95741E+00
5.77201E-02 8.91073E-02 1.42656E-01 1.83491E-01 2.11560E-01 4.61572E-01 6.39800E-01 1.41106E-01 8.91073E-02 5.77201E-02 1.93629E+00
5.86018E-02 8.95623E-02 1.42487E-01 1.83027E-01 2.10925E-01 4.60655E-01 6.39670E-01 1.41018E-01 8.95623E-02 5.86018E-02 1.91555E+00
5.94236E-02 8.99727E-02 1.42294E-01 1.82545E-01 2.10274E-01 4.59709E-01 6.39470E-01 1.40904E-01 8.99727E-02 5.94236E-02 1.89520E+00
6.01899E-02 9.03419E-02 1.42081E-01 1.82047E-01 2.09611E-01 4.58738E-01 6.39208E-01 1.40768E-01 9.03419E-02 6.01899E-02 1.87523E+00
6.09047E-02 9.06733E-02 1.41849E-01 1.81536E-01 2.08937E-01 4.57745E-01 6.38887E-01 1.40611E-01 9.06733E-02 6.09047E-02 1.85564E+00
6.15717E-02 9.09696E-02 1.41601E-01 1.81013E-01 2.08254E-01 4.56732E-01 6.38513E-01 1.40435E-01 9.09696E-02 6.15717E-02 1.83644E+00
6.21942E-02 9.12335E-02 1.41337E-01 1.80479E-01 2.07563E-01 4.55703E-01 6.38091E-01 1.40243E-01 9.12335E-02 6.21942E-02 1.81761E+00
6.27752E-02 9.14675E-02 1.41060E-01 1.79936E-01 2.06865E-01 4.54659E-01 6.37624E-01 1.40034E-01 9.14675E-02 6.27752E-02 1.79915E+00
6.33177E-02 9.16738E-02 1.40771E-01 1.79386E-01 2.06163E-01 4.53602E-01 6.37115E-01 1.39812E-01 9.16738E-02 6.33177E-02 1.78105E+00
6.38241E-02 9.18543E-02 1.40471E-01 1.78829E-01 2.05456E-01 4.52534E-01 6.36569E-01 1.39577E-01 9.18543E-02 6.38241E-02 1.76331E+00
6.42968E-02 9.20109E-02 1.40161E-01 1.78266E-01 2.04747E-01 4.51457E-01 6.35988E-01 1.39331E-01 9.20109E-02 6.42968E-02 1.74593E+00
6.47381E-02 9.21453E-02 1.39842E-01 1.77699E-01 2.04035E-01 4.50372E-01 6.35376E-01 1.39074E-01 9.21453E-02 6.47381E-02 1.72889E+00
6.51499E-02 9.22591E-02 1.39515E-01 1.77128E-01 2.03321E-01 4.49282E-01 6.34734E-01 1.38808E-01 9.22591E-02 6.51499E-02 1.71219E+00
6.55341E-02 9.23538E-02 1.39181E-01 1.76554E-01 2.02607E-01 4.48185E-01 6.34065E-01 1.38533E-01 9.23538E-02 6.55341E-02 1.69581E+00
6.58923E-02 9.24306E-02 1.38841E-01 1.75977E-01 2.01892E-01 4.47085E-01 6.33372E-01 1.38251E-01 9.24306E-02 6.58923E-02 1.67977E+00
6.62263E-02 9.24907E-02 1.38496E-01 1.75398E-01 2.01178E-01 4.45982E-01 6.32655E-01 1.37961E-01 9.24907E-02 6.62263E-02 1.66404E+00
6.65374E-02 9.25354E-02 1.38146E-01 1.74819E-01 2.00464E-01 4.44876E-01 6.31918E-01 1.37666E-01 9.25354E-02 6.65374E-02 1.64862E+00
6.68271E-02 9.25656E-02 1.37791E-01 1.74238E-01 1.99752E-01 4.43770E-01 6.31162E-01 1.37365E-01 9.25656E-02 6.68271E-02 1.63350E+00
6.70965E-02 9.25823E-02 1.37432E-01 1.73657E-01 1.99042E-01 4.42662E-01 6.30388E-01 1.37058E-01 9.25823E-02 6.70965E-02 1.61867E+00
6.73470E-02 9.25864E-02 1.37071E-01 1.73076E-01 1.98333E-01 4.41555E-01 6.29598E-01 1.36748E-01 9.25864E-02 6.73470E-02 1.60413E+00
0.00000E+00 0.00000E+00 7.39711E-02 1.31128E-01 1.68463E-01 4.18759E-01 5.34087E-01 6.69324E-02 0.00000E+00 0.00000E+00 1.64999E+00
0.00000E+00 0.00000E+00 8.08647E-02 1.37216E-01 1.74044E-01 4.29432E-01 5.55525E-01 7.42820E-02 0.00000E+00 0.00000E+00 1.80166E+00
0.00000E+00 6.50902E-03 8.63111E-02 1.41819E-01 1.78136E-01 4.37088E-01 5.71771E-01 8.01472E-02 6.50902E-03 0.00000E+00 1.88769E+00
0.00000E+00 1.45438E-02 9.06877E-02 1.45345E-01 1.81153E-01 4.42703E-01 5.84548E-01 8.49133E-02 1.45438E-02 0.00000E+00 1.93785E+00
0.00000E+00 2.12413E-02 9.42339E-02 1.48046E-01 1.83356E-01 4.46832E-01 5.94803E-01 8.88236E-02 2.12413E-02 0.00000E+00 1.96832E+00
0.00000E+00 2.68997E-02 9.71373E-02 1.50121E-01 1.84948E-01 4.49847E-01 6.03124E-01 9.20673E-02 2.68997E-02 0.00000E+00 1.98464E+00
0.00000E+00 3.17326E-02 9.95322E-02 1.51711E-01 1.86070E-01 4.52005E-01 6.09927E-01 9.47806E-02 3.17326E-02 0.00000E+00 1.99065E+00
0.00000E+00 3.58975E-02 1.01518E-01 1.52916E-01 1.86825E-01 4.53495E-01 6.15517E-01 9.70647E-02 3.58975E-02 0.00000E+00 1.98909E+00
1.84656E-03 3.95216E-02 1.03188E-01 1.53835E-01 1.87313E-01 4.54473E-01 6.20117E-01 9.90131E-02 3.95216E-02 1.84656E-03 1.97775E+00
6.19271E-03 4.26996E-02 1.04598E-01 1.54524E-01 1.87587E-01 4.55041E-01 6.23906E-01 1.00684E-01 4.26996E-02 6.19271E-03 1.95678E+00
1.00559E-02 4.54890E-02 1.05762E-01 1.54986E-01 1.87649E-01 4.55242E-01 6.27024E-01 1.02094E-01 4.54890E-02 1.00559E-02 1.93397E+00
1.35051E-02 4.79468E-02 1.06718E-01 1.55262E-01 1.87537E-01 4.55141E-01 6.29573E-01 1.03285E-01 4.79468E-02 1.35051E-02 1.90987E+00
1.65972E-02 5.01194E-02 1.07497E-01 1.55382E-01 1.87281E-01 4.54790E-01 6.31636E-01 1.04286E-01 5.01194E-02 1.65972E-02 1.88494E+00
1.93788E-02 5.20452E-02 1.08125E-01 1.55371E-01 1.86906E-01 4.54230E-01 6.33283E-01 1.05127E-01 5.20452E-02 1.93788E-02 1.85951E+00
2.18893E-02 5.37565E-02 1.08625E-01 1.55250E-01 1.86433E-01 4.53495E-01 6.34569E-01 1.05827E-01 5.37565E-02 2.18893E-02 1.83383E+00
2.41616E-02 5.52800E-02 1.09013E-01 1.55036E-01 1.85878E-01 4.52613E-01 6.35544E-01 1.06407E-01 5.52800E-02 2.41616E-02 1.80810E+00
2.62235E-02 5.66385E-02 1.09304E-01 1.54744E-01 1.85256E-01 4.51608E-01 6.36247E-01 1.06882E-01 5.66385E-02 2.62235E-02 1.78247E+00
2.80990E-02 5.78516E-02 1.09512E-01 1.54386E-01 1.84577E-01 4.50499E-01 6.36712E-01 1.07265E-01 5.78516E-02 2.80990E-02 1.75706E+00
2.98086E-02 5.89357E-02 1.09648E-01 1.53972E-01 1.83852E-01 4.49304E-01 6.36969E-01 1.07567E-01 5.89357E-02 2.98086E-02 1.73196E+00
3.13698E-02 5.99053E-02 1.09719E-01 1.53510E-01 1.83088E-01 4.48035E-01 6.37043E-01 1.07799E-01 5.99053E-02 3.13698E-02 1.70723E+00
3.27981E-02 6.07727E-02 1.09736E-01 1.53008E-01 1.82293E-01 4.46705E-01 6.36956E-01 1.07968E-01 6.07727E-02 3.27981E-02 1.68292E+00
3.41069E-02 6.15487E-02 1.09703E-01 1.52471E-01 1.81472E-01 4.45324E-01 6.36726E-01 1.08082E-01 6.15487E-02 3.41069E-02 1.65906E+00
3.53078E-02 6.22427E-02 1.09628E-01 1.51906E-01 1.80630E-01 4.43901E-01 6.36370E-01 1.08147E-01 6.22427E-02 3.53078E-02 1.63569E+00
3.64111E-02 6.28630E-02 1.09515E-01 1.51317E-01 1.79771E-01 4.42442E-01 6.35902E-01 1.08169E-01 6.28630E-02 3.64111E-02 1.61281E+00
3.74259E-02 6.34169E-02 1.09370E-01 1.50708E-01 1.78900E-01 4.40955E-01 6.35334E-01 1.08152E-01 6.34169E-02 3.74259E-02 1.59045E+00
3.83604E-02 6.39108E-02 1.09195E-01 1.50082E-01 1.78018E-01 4.39444E-01 6.34678E-01 1.08102E-01 6.39108E-02 3.83604E-02 1.56859E+00
3.92215E-02 6.43503E-02 1.08994E-01 1.49442E-01 1.77130E-01 4.37915E-01 6.33943E-01 1.08020E-01 6.43503E-02 3.92215E-02 1.54724E+00
4.00158E-02 6.47406E-02 1.08771E-01 1.48791E-01 1.76236E-01 4.36372E-01 6.33139E-01 1.07912E-01 6.47406E-02 4.00158E-02 1.52641E+00
4.07488E-02 6.50860E-02 1.08528E-01 1.48130E-01 1.75340E-01 4.34818E-01 6.32272E-01 1.07780E-01 6.50860E-02 4.07488E-02 1.50607E+00
4.14257E-02 6.53907E-02 1.08268E-01 1.47463E-01 1.74442E-01 4.33257E-01 6.31349E-01 1.07626E-01 6.53907E-02 4.14257E-02 1.48623E+00
4.20512E-02 6.56583E-02 1.07992E-01 1.46790E-01 1.73545E-01 4.31691E-01 6.30376E-01 1.07453E-01 6.56583E-02 4.20512E-02 1.46688E+00
4.26292E-02 6.58920E-02 1.07703E-01 1.46113E-01 1.72649E-01 4.30122E-01 6.29360E-01 1.07263E-01 6.58920E-02 4.26292E-02 1.44801E+00
4.31636E-02 6.60946E-02 1.07402E-01 1.45434E-01 1.71755E-01 4.28552E-01 6.28304E-01 1.07057E-01 6.60946E-02 4.31636E-02 1.42960E+00
4.36578E-02 6.62689E-02 1.07090E-01 1.44753E-01 1.70865E-01 4.26984E-01 6.27213E-01 1.06838E-01 6.62689E-02 4.36578E-02 1.41164E+00
4.41147E-02 6.64172E-02 1.06770E-01 1.44072E-01 1.69979E-01 4.25419E-01 6.26091E-01 1.06606E-01 6.64172E-02 4.41147E-02 1.39413E+00
4.45372E-02 6.65416E-02 1.06441E-01 1.43391E-01 1.69098E-01 4.23858E-01 6.24941E-01 1.06364E-01 6.65416E-02 4.45372E-02 1.37705E+00
4.49279E-02 6.66441E-02 1.06106E-01 1.42711E-01 1.68222E-01 4.22302E-01 6.23767E-01 1.06112E-01 6.66441E-02 4.49279E-02 1.36039E+00
4.52890E-02 6.67265E-02 1.05765E-01 1.42033E-01 1.67353E-01 4.20753E-01 6.22571E-01 1.05851E-01 6.67265E-02 4.52890E-02 1.34413E+00
4.56226E-02 6.67904E-02 1.05419E-01 1.41357E-01 1.66490E-01 4.19211E-01 6.21357E-01 1.05583E-01 6.67904E-02 4.56226E-02 1.32827E+00
4.59306E-02 6.68372E-02 1.05069E-01 1.40684E-01 1.65633E-01 4.17677E-01 6.20125E-01 1.05308E-01 6.68372E-02 4.59306E-02 1.31279E+00
4.62150E-02 6.68683E-02 1.04715E-01 1.40014E-01 1.64784E-01 4.16152E-01 6.18880E-01 1.05027E-01 6.68683E-02 4.62150E-02 1.29769E+00
4.64772E-02 6.68849E-02 1.04358E-01 1.39348E-01 1.63942E-01 4.14637E-01 6.17621E-01 1.04741E-01 6.68849E-02 4.64772E-02 1.28294E+00
4.67187E-02 6.68881E-02 1.03999E-01 1.38686E-01 1.63108E-01 4.13131E-01 6.16352E-01 1.04450E-01 6.68881E-02 4.67187E-02 1.26854E+00
4.69410E-02 6.68790E-02 1.03638E-01 1.38028E-01 1.62281E-01 4.11635E-01 6.15073E-01 1.04155E-01 6.68790E-02 4.69410E-02 1.25448E+00
4.71453E-02 6.68585E-02 1.03275E-01 1.37375E-01 1.61462E-01 4.10150E-01 6.13787E-01 1.03857E-01 6.68585E-02 4.71453E-02 1.24075E+00
4.73329E-02 6.68275E-02 1.02912E-01 1.36726E-01 1.60651E-01 4.08676E-01 6.12494E-01 1.03556E-01 6.68275E-02 4.73329E-02 1.22734E+00
4.75046E-02 6.67868E-02 1.02548E-01 1.36083E-01 1.59848E-01 4.07213E-01 6.11196E-01 1.03252E-01 6.67868E-02 4.75046E-02 1.21423E+00
4.76617E-02 6.67370E-02 1.02183E-01 1.35444E-01 1.59053E-01 4.05761E-01 6.09893E-01 1.02947E-01 6.67370E-02 4.76617E-02 1.20142E+00
4.78049E-02 6.66790E-02 1.01819E-01 1.34811E-01 1.58266E-01 4.04321E-01 6.08588E-01 1.02639E-01 6.66790E-02 4.78049E-02 1.18890E+00
4.79352E-02 6.66132E-02 1.01455E-01 1.34183E-01 1.57487E-01 4.02892E-01 6.07279E-01 1.02331E-01 6.66132E-02 4.79352E-02 1.17666E+00
0.00000E+00 0.00000E+00 5.93915E-02 1.21867E-01 1.61397E-01 4.43138E-01 5.89356E-01 5.12291E-02 0.00000E+00 0.00000E+00 1.45971E+00
0.00000E+00 0.00000E+00 6.43318E-02 1.24797E-01 1.63222E-01 4.47740E-01 6.05091E-01 5.70336E-02 0.00000E+00 0.00000E+00 1.55836E+00
0.00000E+00 5.05899E-03 6.81795E-02 1.26836E-01 1.64273E-01 4.50351E-01 6.16369E-01 6.16264E-02 5.05899E-03 0.00000E+00 1.60658E+00
0.00000E+00 1.12358E-02 7.12118E-02 1.28208E-01 1.64742E-01 4.51625E-01 6.24709E-01 6.53191E-02 1.12358E-02 0.00000E+00 1.62803E+00
0.00000E+00 1.63189E-02 7.36111E-02 1.29069E-01 1.64769E-01 4.51947E-01 6.30945E-01 6.83120E-02 1.63189E-02 0.00000E+00 1.63547E+00
0.00000E+00 2.05599E-02 7.55247E-02 1.29553E-01 1.64478E-01 4.51587E-01 6.35601E-01 7.07626E-02 2.05599E-02 0.00000E+00 1.63318E+00
0.00000E+00 2.41378E-02 7.70581E-02 1.29753E-01 1.63957E-01 4.50728E-01 6.39042E-01 7.27840E-02 2.41378E-02 0.00000E+00 1.62409E+00
0.00000E+00 2.71839E-02 7.82887E-02 1.29737E-01 1.63266E-01 4.49499E-01 6.41532E-01 7.44603E-02 2.71839E-02 0.00000E+00 1.61024E+00
1.37449E-03 2.98032E-02 7.92896E-02 1.29574E-01 1.62474E-01 4.48019E-01 6.43270E-01 7.58678E-02 2.98032E-02 1.37449E-03 1.58990E+00
4.59167E-03 3.20732E-02 8.01034E-02 1.29298E-01 1.61607E-01 4.46349E-01 6.44403E-01 7.70543E-02 3.20732E-02 4.59167E-03 1.56310E+00
7.42865E-03 3.40412E-02 8.07388E-02 1.28898E-01 1.60647E-01 4.44494E-01 6.45033E-01 7.80362E-02 3.40412E-02 7.42865E-03 1.53576E+00
9.94196E-03 3.57535E-02 8.12254E-02 1.28400E-01 1.59615E-01 4.42497E-01 6.45246E-01 7.88459E-02 3.57535E-02 9.94196E-03 1.50822E+00
1.21776E-02 3.72477E-02 8.15874E-02 1.27824E-01 1.58532E-01 4.40391E-01 6.45109E-01 7.95095E-02 3.72477E-02 1.21776E-02 1.48076E+00
1.41736E-02 3.85546E-02 8.18444E-02 1.27187E-01 1.57409E-01 4.38203E-01 6.44680E-01 8.00487E-02 3.85546E-02 1.41736E-02 1.45358E+00
1.59614E-02 3.96998E-02 8.20125E-02 1.26500E-01 1.56259E-01 4.35954E-01 6.44004E-01 8.04813E-02 3.96998E-02 1.59614E-02 1.42680E+00
1.75673E-02 4.07048E-02 8.21050E-02 1.25776E-01 1.55090E-01 4.33661E-01 6.43121E-01 8.08222E-02 4.07048E-02 1.75673E-02 1.40054E+00
1.90136E-02 4.15875E-02 8.21331E-02 1.25021E-01 1.53910E-01 4.31337E-01 6.42060E-01 8.10839E-02 4.15875E-02 1.90136E-02 1.37486E+00
2.03193E-02 4.23630E-02 8.21061E-02 1.24243E-01 1.52724E-01 4.28994E-01 6.40850E-01 8.12769E-02 4.23630E-02 2.03193E-02 1.34981E+00
2.15004E-02 4.30443E-02 8.20319E-02 1.23449E-01 1.51537E-01 4.26641E-01 6.39513E-01 8.14102E-02 4.30443E-02 2.15004E-02 1.32542E+00
2.25708E-02 4.36426E-02 8.19172E-02 1.22642E-01 1.50352E-01 4.24284E-01 6.38068E-01 8.14916E-02 4.36426E-02 2.25708E-02 1.30169E+00
2.35425E-02 4.41673E-02 8.17678E-02 1.21826E-01 1.49173E-01 4.21931E-01 6.36531E-01 8.15274E-02 4.41673E-02 2.35425E-02 1.27864E+00
2.44259E-02 4.46268E-02 8.15884E-02 1.21006E-01 1.48002E-01 4.19586E-01 6.34917E-01 8.15235E-02 4.46268E-02 2.44259E-02 1.25627E+00
2.52301E-02 4.50281E-02 8.13833E-02 1.20183E-01 1.46840E-01 4.17252E-01 6.33236E-01 8.14847E-02 4.50281E-02 2.52301E-02 1.23456E+00
2.59630E-02 4.53776E-02 8.11561E-02 1.19359E-01 1.45690E-01 4.14934E-01 6.31500E-01 8.14152E-02 4.53776E-02 2.59630E-02 1.21351E+00
2.66315E-02 4.56807E-02 8.09098E-02 1.18537E-01 1.44552E-01 4.12634E-01 6.29717E-01 8.13188E-02 4.56807E-02 2.66315E-02 1.19310E+00
2.72418E-02 4.59421E-02 8.06473E-02 1.17718E-01 1.43428E-01 4.10353E-01 6.27895E-01 8.11987E-02 4.59421E-02 2.72418E-02 1.17332E+00
2.77994E-02 4.61662E-02 8.03708E-02 1.16904E-01 1.42318E-01 4.08094E-01 6.26041E-01 8.10577E-02 4.61662E-02 2.77994E-02 1.15414E+00
2.83090E-02 4.63567E-02 8.00825E-02 1.16095E-01 1.41222E-01 4.05858E-01 6.24160E-01 8.08983E-02 4.63567E-02 2.83090E-02 1.13554E+00
2.87750E-02 4.65168E-02 7.97840E-02 1.15293E-01 1.40142E-01 4.03646E-01 6.22258E-01 8.07228E-02 4.65168E-02 2.87750E-02 1.11752E+00
2.92012E-02 4.66496E-02 7.94769E-02 1.14497E-01 1.39077E-01 4.01459E-01 6.20339E-01 8.05330E-02 4.66496E-02 2.92012E-02 1.10004E+00
2.95910E-02 4.67576E-02 7.91627E-02 1.13709E-01 1.38027E-01 3.99298E-01 6.18406E-01 8.03307E-02 4.67576E-02 2.95910E-02 1.08310E+00
2.99475E-02 4.68433E-02 7.88426E-02 1.12930E-01 1.36993E-01 3.97162E-01 6.16464E-01 8.01174E-02 4.68433E-02 2.99475E-02 1.06666E+00
3.02734E-02 4.69086E-02 7.85175E-02 1.12158E-01 1.35975E-01 3.95052E-01 6.14516E-01 7.98944E-02 4.69086E-02 3.02734E-02 1.05072E+00
3.05714E-02 4.69554E-02 7.81884E-02 1.11396E-01 1.34972E-01 3.92968E-01 6.12563E-01 7.96630E-02 4.69554E-02 3.05714E-02 1.03525E+00
3.08435E-02 4.69856E-02 7.78562E-02 1.10643E-01 1.33985E-01 3.90911E-01 6.10608E-01 7.94242E-02 4.69856E-02 3.08435E-02 1.02023E+00
3.10919E-02 4.70005E-02 7.75215E-02 1.09899E-01 1.33013E-01 3.88881E-01 6.08654E-01 7.91790E-02 4.70005E-02 3.10919E-02 1.00565E+00
3.13185E-02 4.70016E-02 7.71851E-02 1.09164E-01 1.32057E-01 3.86876E-01 6.06702E-01 7.89282E-02 4.70016E-02 3.13185E-02 9.91494E-01
3.15248E-02 4.69900E-02 7.68474E-02 1.08438E-01 1.31115E-01 3.84898E-01 6.04753E-01 7.86726E-02 4.69900E-02 3.15248E-02 9.77742E-01
3.17125E-02 4.69670E-02 7.65089E-02 1.07722E-01 1.30188E-01 3.82945E-01 6.02809E-01 7.84129E-02 4.69670E-02 3.17125E-02 9.64380E-01
3.18828E-02 4.69335E-02 7.61702E-02 1.07016E-01 1.29276E-01 3.81018E-01 6.00872E-01 7.81497E-02 4.69335E-02 3.18828E-02 9.51392E-01
3.20372E-02 4.68905E-02 7.58316E-02 1.06319E-01 1.28378E-01 3.79116E-01 5.98942E-01 7.78836E-02 4.68905E-02 3.20372E-02 9.38765E-01
3.21768E-02 4.68388E-02 7.54934E-02 1.05631E-01 1.27495E-01 3.77240E-01 5.97020E-01 7.76150E-02 4.68388E-02 3.21768E-02 9.26484E-01
3.23026E-02 4.67791E-02 7.51560E-02 1.04952E-01 1.26625E-01 3.75388E-01 5.95107E-01 7.73444E-02 4.67791E-02 3.23026E-02 9.14537E-01
3.24156E-02 4.67122E-02 7.48195E-02 1.04283E-01 1.25769E-01 3.73561E-01 5.93203E-01 7.70721E-02 4.67122E-02 3.24156E-02 9.02911E-01
3.25168E-02 4.66387E-02 7.44844E-02 1.03623E-01 1.24927E-01 3.71757E-01 5.91310E-01 7.67987E-02 4.66387E-02 3.25168E-02 8.91594E-01
3.26068E-02 4.65592E-02 7.41506E-02 1.02972E-01 1.24097E-01 3.69978E-01 5.89428E-01 7.65243E-02 4.65592E-02 3.26068E-02 8.80574E-01
3.26866E-02 4.64742E-02 7.38185E-02 1.02330E-01 1.23281E-01 3.68221E-01 5.87557E-01 7.62493E-02 4.64742E-02 3.26866E-02 8.69842E-01
3.27569E-02 4.63842E-02 7.34882E-02 1.01697E-01 1.22477E-01 3.66488E-01 5.85698E-01 7.59740E-02 4.63842E-02 3.27569E-02 8.59385E-01
3.28181E-02 4.62896E-02 7.31598E-02 1.01073E-01 1.21685E-01 3.64777E-01 5.83851E-01 7.56985E-02 4.62896E-02 3.28181E-02 8.49194E-01
3.28711E-02 4.61909E-02 7.28335E-02 1.00457E-01 1.20906E-01 3.63088E-01 5.82016E-01 7.54231E-02 4.61909E-02 3.28711E-02 8.39259E-01
0.00000E+00 0.00000E+00 4.45337E-02 1.08663E-01 1.48459E-01 4.60519E-01 6.46766E-01 3.63348E-02 0.00000E+00 0.00000E+00 1.24562E+00
0.00000E+00 0.00000E+00 4.82663E-02 1.09063E-01 1.47160E-01 4.58930E-01 6.55631E-01 4.14975E-02 0.00000E+00 0.00000E+00 1.31012E+00
0.00000E+00 3.82786E-03 5.11074E-02 1.09081E-01 1.45732E-01 4.56461E-01 6.61012E-01 4.55079E-02 3.82786E-03 0.00000E+00 1.33395E+00
0.00000E+00 8.43680E-03 5.32905E-02 1.08786E-01 1.44165E-01 4.53414E-01 6.64142E-01 4.86832E-02 8.43680E-03 0.00000E+00 1.33690E+00
0.00000E+00 1.21687E-02 5.49687E-02 1.08249E-01 1.42488E-01 4.49986E-01 6.65707E-01 5.12208E-02 1.21687E-02 0.00000E+00 1.32944E+00
0.00000E+00 1.52336E-02 5.62652E-02 1.07547E-01 1.40755E-01 4.46332E-01 6.66139E-01 5.32690E-02 1.52336E-02 0.00000E+00 1.31520E+00
0.00000E+00 1.77796E-02 5.72671E-02 1.06733E-01 1.39000E-01 4.42555E-01 6.65735E-01 5.49341E-02 1.77796E-02 0.00000E+00 1.29659E+00
0.00000E+00 1.99141E-02 5.80379E-02 1.05842E-01 1.37247E-01 4.38719E-01 6.64705E-01 5.62940E-02 1.99141E-02 0.00000E+00 1.27522E+00
9.87124E-04 2.17221E-02 5.86359E-02 1.04920E-01 1.35533E-01 4.34902E-01 6.63218E-01 5.74159E-02 2.17221E-02 9.87124E-04 1.24981E+00
3.28242E-03 2.32655E-02 5.90952E-02 1.03979E-01 1.33861E-01 4.31125E-01 6.61380E-01 5.83442E-02 2.32655E-02 3.28242E-03 1.22040E+00
5.28738E-03 2.45823E-02 5.94235E-02 1.02999E-01 1.32195E-01 4.27347E-01 6.59240E-01 5.90988E-02 2.45823E-02 5.28738E-03 1.19133E+00
7.04711E-03 2.57092E-02 5.96443E-02 1.01994E-01 1.30546E-01 4.23588E-01 6.56864E-01 5.97084E-02 2.57092E-02 7.04711E-03 1.16284E+00
8.59810E-03 2.66756E-02 5.97763E-02 1.00974E-01 1.28919E-01 4.19864E-01 6.54301E-01 6.01959E-02 2.66756E-02 8.59810E-03 1.13507E+00
9.97020E-03 2.75057E-02 5.98346E-02 9.99466E-02 1.27318E-01 4.16185E-01 6.51593E-01 6.05804E-02 2.75057E-02 9.97020E-03 1.10811E+00
1.11880E-02 2.82193E-02 5.98316E-02 9.89185E-02 1.25747E-01 4.12557E-01 6.48773E-01 6.08771E-02 2.82193E-02 1.11880E-02 1.08201E+00
1.22721E-02 2.88327E-02 5.97774E-02 9.78944E-02 1.24208E-01 4.08988E-01 6.45866E-01 6.10990E-02 2.88327E-02 1.22721E-02 1.05681E+00
1.32396E-02 2.93595E-02 5.96802E-02 9.68777E-02 1.22701E-01 4.05479E-01 6.42894E-01 6.12567E-02 2.93595E-02 1.32396E-02 1.03251E+00
1.41050E-02 2.98113E-02 5.95471E-02 9.58713E-02 1.21229E-01 4.02034E-01 6.39874E-01 6.13594E-02 2.98113E-02 1.41050E-02 1.00911E+00
1.48806E-02 3.01978E-02 5.93838E-02 9.48771E-02 1.19790E-01 3.98653E-01 6.36822E-01 6.14145E-02 3.01978E-02 1.48806E-02 9.86577E-01
1.55770E-02 3.05272E-02 5.91951E-02 9.38968E-02 1.18384E-01 3.95338E-01 6.33748E-01 6.14285E-02 3.05272E-02 1.55770E-02 9.64904E-01
1.62031E-02 3.08065E-02 5.89852E-02 9.29315E-02 1.17013E-01 3.92088E-01 6.30662E-01 6.14069E-02 3.08065E-02 1.62031E-02 9.44060E-01
1.67667E-02 3.10419E-02 5.87575E-02 9.19821E-02 1.15674E-01 3.88903E-01 6.27573E-01 6.13545E-02 3.10419E-02 1.67667E-02 9.24014E-01
1.72747E-02 3.12384E-02 5.85150E-02 9.10490E-02 1.14368E-01 3.85782E-01 6.24487E-01 6.12752E-02 3.12384E-02 1.72747E-02 9.04736E-01
1.77329E-02 3.14007E-02 5.82601E-02 9.01327E-02 1.13093E-01 3.82724E-01 6.21410E-01 6.11726E-02 3.14007E-02 1.77329E-02 8.86194E-01
1.81464E-02 3.15326E-02 5.79951E-02 8.92334E-02 1.11849E-01 3.79728E-01 6.18346E-01 6.10498E-02 3.15326E-02 1.81464E-02 8.68355E-01
1.85197E-02 3.16376E-02 5.77216E-02 8.83511E-02 1.10635E-01 3.76793E-01 6.15298E-01 6.09092E-02 3.16376E-02 1.85197E-02 8.51188E-01
1.88569E-02 3.17187E-02 5.74414E-02 8.74857E-02 1.09450E-01 3.73917E-01 6.12271E-01 6.07533E-02 3.17187E-02 1.88569E-02 8.34663E-01
1.91614E-02 3.17784E-02 5.71558E-02 8.66372E-02 1.08293E-01 3.71100E-01 6.09266E-01 6.05841E-02 3.17784E-02 1.91614E-02 8.18750E-01
1.94362E-02 3.18191E-02 5.68659E-02 8.58055E-02 1.07164E-01 3.68339E-01 6.06286E-01 6.04032E-02 3.18191E-02 1.94362E-02 8.03420E-01
1.96843E-02 3.18428E-02 5.65727E-02 8.49901E-02 1.06062E-01 3.65632E-01 6.03332E-01 6.02123E-02 3.18428E-02 1.96843E-02 7.88647E-01
1.99079E-02 3.18514E-02 5.62772E-02 8.41910E-02 1.04985E-01 3.62980E-01 6.00406E-01 6.00127E-02 3.18514E-02 1.99079E-02 7.74402E-01
2.01094E-02 3.18464E-02 5.59800E-02 8.34078E-02 1.03934E-01 3.60379E-01 5.97509E-01 5.98055E-02 3.18464E-02 2.01094E-02 7.60663E-01
2.02907E-02 3.18292E-02 5.56819E-02 8.26402E-02 1.02906E-01 3.57830E-01 5.94641E-01 5.95919E-02 3.18292E-02 2.02907E-02 7.47404E-01
2.04535E-02 3.18012E-02 5.53833E-02 8.18879E-02 1.01902E-01 3.55329E-01 5.91803E-01 5.93727E-02 3.18012E-02 2.04535E-02 7.34603E-01
2.05994E-02 3.17634E-02 5.50848E-02 8.11505E-02 1.00921E-01 3.52876E-01 5.88996E-01 5.91489E-02 3.17634E-02 2.05994E-02 7.22239E-01
2.07299E-02 3.17168E-02 5.47868E-02 8.04277E-02 9.99614E-02 3.50470E-01 5.86220E-01 5.89211E-02 3.17168E-02 2.07299E-02 7.10292E-01
2.08462E-02 3.16624E-02 5.44896E-02 7.97192E-02 9.90232E-02 3.48109E-01 5.83475E-01 5.86899E-02 3.16624E-02 2.08462E-02 6.98742E-01
2.09496E-02 3.16010E-02 5.41936E-02 7.90245E-02 9.81055E-02 3.45792E-01 5.80761E-01 5.84560E-02 3.16010E-02 2.09496E-02 6.87571E-01
2.10410E-02 3.15333E-02 5.38990E-02 7.83434E-02 9.72076E-02 3.43518E-01 5.78079E-01 5.82199E-02 3.15333E-02 2.10410E-02 6.76761E-01
2.11214E-02 3.14600E-02 5.36061E-02 7.76755E-02 9.63290E-02 3.41285E-01 5.75427E-01 5.79820E-02 3.14600E-02 2.11214E-02 6.66297E-01
2.11917E-02 3.13815E-02 5.33151E-02 7.70204E-02 9.54690E-02 3.39093E-01 5.72807E-01 5.77427E-02 3.13815E-02 2.11917E-02 6.56163E-01
2.12527E-02 3.12986E-02 5.30261E-02 7.63779E-02 9.46270E-02 3.36939E-01 5.70218E-01 5.75025E-02 3.12986E-02 2.12527E-02 6.46344E-01
2.13051E-02 3.12116E-02 5.27393E-02 7.57476E-02 9.38025E-02 3.34824E-01 5.67659E-01 5.72615E-02 3.12116E-02 2.13051E-02 6.36826E-01
2.13496E-02 3.11211E-02 5.24548E-02 7.51291E-02 9.29949E-02 3.32745E-01 5.65130E-01 5.70202E-02 3.11211E-02 2.13496E-02 6.27597E-01
2.13867E-02 3.10273E-02 5.21727E-02 7.45223E-02 9.22037E-02 3.30703E-01 5.62632E-01 5.67787E-02 3.10273E-02 2.13867E-02 6.18644E-01
2.14171E-02 3.09306E-02 5.18931E-02 7.39267E-02 9.14284E-02 3.28695E-01 5.60163E-01 5.65373E-02 3.09306E-02 2.14171E-02 6.09955E-01
2.14412E-02 3.08315E-02 5.16161E-02 7.33420E-02 9.06685E-02 3.26722E-01 5.57724E-01 5.62962E-02 3.08315E-02 2.14412E-02 6.01520E-01
2.14596E-02 3.07301E-02 5.13417E-02 7.27680E-02 8.99235E-02 3.24781E-01 5.55313E-01 5.60556E-02 3.07301E-02 2.14596E-02 5.93326E-01
2.14726E-02 3.06268E-02 5.10700E-02 7.22045E-02 8.91929E-02 3.22873E-01 5.52931E-01 5.58157E-02 3.06268E-02 2.14726E-02 5.85366E-01
2.14806E-02 3.05217E-02 5.08010E-02 7.16510E-02 8.84765E-02 3.20996E-01 5.50577E-01 5.55765E-02 3.05217E-02 2.14806E-02 5.77628E-01
0.00000E+00 0.00000E+00 3.16488E-02 9.14670E-02 1.28952E-01 4.68129E-01 7.03119E-01 2.64966E-02 0.00000E+00 0.00000E+00 1.05522E+00
0.00000E+00 0.00000E+00 3.46714E-02 9.00865E-02 1.25394E-01 4.60365E-01 7.03573E-01 3.14895E-02 0.00000E+00 0.00000E+00 1.09227E+00
0.00000E+00 2.78720E-03 3.68892E-02 8.87086E-02 1.22224E-01 4.52900E-01 7.01861E-01 3.52288E-02 2.78720E-03 0.00000E+00 1.09594E+00
0.00000E+00 6.08052E-03 3.85367E-02 8.72946E-02 1.19273E-01 4.45658E-01 6.98816E-01 3.81043E-02 6.08052E-03 0.00000E+00 1.08352E+00
0.00000E+00 8.69036E-03 3.97596E-02 8.58486E-02 1.16478E-01 4.38633E-01 6.94908E-01 4.03437E-02 8.69036E-03 0.00000E+00 1.06385E+00
0.00000E+00 1.07899E-02 4.06688E-02 8.44025E-02 1.13834E-01 4.31859E-01 6.90449E-01 4.21055E-02 1.07899E-02 0.00000E+00 1.04009E+00
0.00000E+00 1.24989E-02 4.13412E-02 8.29750E-02 1.11332E-01 4.25347E-01 6.85638E-01 4.35005E-02 1.24989E-02 0.00000E+00 1.01418E+00
0.00000E+00 1.39032E-02 4.18315E-02 8.15773E-02 1.08963E-01 4.19096E-01 6.80611E-01 4.46088E-02 1.39032E-02 0.00000E+00 9.87358E-01
6.73952E-04 1.50692E-02 4.21877E-02 8.02329E-02 1.06739E-01 4.13140E-01 6.75496E-01 4.54945E-02 1.50692E-02 6.73952E-04 9.58688E-01
2.22854E-03 1.60447E-02 4.24380E-02 7.89396E-02 1.04642E-01 4.07453E-01 6.70344E-01 4.62022E-02 1.60447E-02 2.22854E-03 9.28136E-01
3.57097E-03 1.68592E-02 4.25913E-02 7.76693E-02 1.02627E-01 4.01949E-01 6.65139E-01 4.67568E-02 1.68592E-02 3.57097E-03 8.98750E-01
4.73599E-03 1.75403E-02 4.26665E-02 7.64264E-02 1.00692E-01 3.96626E-01 6.59917E-01 4.71852E-02 1.75403E-02 4.73599E-03 8.70610E-01
5.75146E-03 1.81104E-02 4.26784E-02 7.52136E-02 9.88324E-02 3.91479E-01 6.54705E-01 4.75088E-02 1.81104E-02 5.75146E-03 8.43743E-01
6.63994E-03 1.85873E-02 4.26386E-02 7.40325E-02 9.70458E-02 3.86500E-01 6.49525E-01 4.77450E-02 1.85873E-02 6.63994E-03 8.18140E-01
7.41990E-03 1.89855E-02 4.25568E-02 7.28839E-02 9.53284E-02 3.81685E-01 6.44392E-01 4.79078E-02 1.89855E-02 7.41990E-03 7.93772E-01
8.10657E-03 1.93169E-02 4.24405E-02 7.17678E-02 9.36770E-02 3.77025E-01 6.39317E-01 4.80088E-02 1.93169E-02 8.10657E-03 7.70595E-01
8.71262E-03 1.95915E-02 4.22961E-02 7.06841E-02 9.20882E-02 3.72514E-01 6.34308E-01 4.80575E-02 1.95915E-02 8.71262E-03 7.48558E-01
9.24866E-03 1.98172E-02 4.21287E-02 6.96323E-02 9.05587E-02 3.68146E-01 6.29371E-01 4.80620E-02 1.98172E-02 9.24866E-03 7.27605E-01
9.72361E-03 2.00010E-02 4.19424E-02 6.86116E-02 8.90854E-02 3.63913E-01 6.24511E-01 4.80288E-02 2.00010E-02 9.72361E-03 7.07679E-01
1.01451E-02 2.01487E-02 4.17408E-02 6.76214E-02 8.76655E-02 3.59810E-01 6.19730E-01 4.79635E-02 2.01487E-02 1.01451E-02 6.88724E-01
1.05195E-02 2.02650E-02 4.15269E-02 6.66605E-02 8.62961E-02 3.55831E-01 6.15030E-01 4.78709E-02 2.02650E-02 1.05195E-02 6.70683E-01
1.08524E-02 2.03543E-02 4.13030E-02 6.57281E-02 8.49746E-02 3.51970E-01 6.10411E-01 4.77550E-02 2.03543E-02 1.08524E-02 6.53504E-01
1.11486E-02 2.04199E-02 4.10712E-02 6.48232E-02 8.36985E-02 3.48221E-01 6.05875E-01 4.76192E-02 2.04199E-02 1.11486E-02 6.37134E-01
1.14122E-02 2.04649E-02 4.08331E-02 6.39448E-02 8.24656E-02 3.44579E-01 6.01420E-01 4.74664E-02 2.04649E-02 1.14122E-02 6.21526E-01
1.16467E-02 2.04919E-02 4.05903E-02 6.30919E-02 8.12736E-02 3.41040E-01 5.97046E-01 4.72992E-02 2.04919E-02 1.16467E-02 6.06635E-01
1.18553E-02 2.05033E-02 4.03440E-02 6.22635E-02 8.01206E-02 3.37599E-01 5.92752E-01 4.71196E-02 2.05033E-02 1.18553E-02 5.92416E-01
1.20407E-02 2.05008E-02 4.00951E-02 6.14588E-02 7.90046E-02 3.34252E-01 5.88537E-01 4.69295E-02 2.05008E-02 1.20407E-02 5.78830E-01
1.22054E-02 2.04863E-02 3.98446E-02 6.06767E-02 7.79238E-02 3.30994E-01 5.84399E-01 4.67306E-02 2.04863E-02 1.22054E-02 5.65840E-01
1.23513E-02 2.04613E-02 3.95931E-02 5.99164E-02 7.68764E-02 3.27822E-01 5.80338E-01 4.65243E-02 2.04613E-02 1.23513E-02 5.53410E-01
1.24804E-02 2.04269E-02 3.93414E-02 5.91771E-02 7.58611E-02 3.24732E-01 5.76351E-01 4.63117E-02 2.04269E-02 1.24804E-02 5.41508E-01
1.25944E-02 2.03844E-02 3.90899E-02 5.84579E-02 7.48761E-02 3.21721E-01 5.72436E-01 4.60939E-02 2.03844E-02 1.25944E-02 5.30103E-01
1.26946E-02 2.03348E-02 3.88391E-02 5.77581E-02 7.39203E-02 3.18784E-01 5.68593E-01 4.58719E-02 2.03348E-02 1.26946E-02 5.19167E-01
1.27824E-02 2.02789E-02 3.85893E-02 5.70768E-02 7.29921E-02 3.15921E-01 5.64819E-01 4.56464E-02 2.02789E-02 1.27824E-02 5.08672E-01
1.28590E-02 2.02175E-02 3.83409E-02 5.64134E-02 7.20905E-02 3.13126E-01 5.61113E-01 4.54182E-02 2.02175E-02 1.28590E-02 4.98595E-01
1.29253E-02 2.01513E-02 3.80941E-02 5.57672E-02 7.12141E-02 3.10398E-01 5.57473E-01 4.51879E-02 2.01513E-02 1.29253E-02 4.88913E-01
1.29824E-02 2.00808E-02 3.78492E-02 5.51376E-02 7.03621E-02 3.07734E-01 5.53897E-01 4.49560E-02 2.00808E-02 1.29824E-02 4.79603E-01
1.30310E-02 2.00068E-02 3.76063E-02 5.45238E-02 6.95331E-02 3.05132E-01 5.50384E-01 4.47229E-02 2.00068E-02 1.30310E-02 4.70645E-01
1.30720E-02 1.99295E-02 3.73657E-02 5.39254E-02 6.87265E-02 3.02589E-01 5.46933E-01 4.44892E-02 1.99295E-02 1.30720E-02 4.62022E-01
1.31059E-02 1.98494E-02 3.71273E-02 5.33416E-02 6.79411E-02 3.00102E-01 5.43541E-01 4.42551E-02 1.98494E-02 1.31059E-02 4.53715E-01
1.31334E-02 1.97670E-02 3.68914E-02 5.27721E-02 6.71761E-02 2.97671E-01 5.40207E-01 4.40210E-02 1.97670E-02 1.31334E-02 4.45707E-01
1.31551E-02 1.96825E-02 3.66580E-02 5.22162E-02 6.64307E-02 2.95293E-01 5.36929E-01 4.37871E-02 1.96825E-02 1.31551E-02 4.37984E-01
1.31715E-02 1.95963E-02 3.64272E-02 5.16736E-02 6.57042E-02 2.92965E-01 5.33707E-01 4.35538E-02 1.95963E-02 1.31715E-02 4.30532E-01
1.31829E-02 1.95085E-02 3.61990E-02 5.11436E-02 6.49957E-02 2.90687E-01 5.30538E-01 4.33212E-02 1.95085E-02 1.31829E-02 4.23336E-01
1.31899E-02 1.94196E-02 3.59735E-02 5.06259E-02 6.43046E-02 2.88456E-01 5.27421E-01 4.30895E-02 1.94196E-02 1.31899E-02 4.16384E-01
1.31928E-02 1.93296E-02 3.57507E-02 5.01199E-02 6.36302E-02 2.86271E-01 5.24356E-01 4.28589E-02 1.93296E-02 1.31928E-02 4.09664E-01
1.31919E-02 1.92388E-02 3.55306E-02 4.96255E-02 6.29719E-02 2.84130E-01 5.21339E-01 4.26295E-02 1.92388E-02 1.31919E-02 4.03166E-01
1.31876E-02 1.91473E-02 3.53132E-02 4.91420E-02 6.23291E-02 2.82032E-01 5.18372E-01 4.24014E-02 1.91473E-02 1.31876E-02 3.96878E-01
1.31801E-02 1.90553E-02 3.50985E-02 4.86691E-02 6.17012E-02 2.79975E-01 5.15451E-01 4.21748E-02 1.90553E-02 1.31801E-02 3.90791E-01
1.31698E-02 1.89629E-02 3.48866E-02 4.82066E-02 6.10877E-02 2.77958E-01 5.12576E-01 4.19497E-02 1.89629E-02 1.31698E-02 3.84895E-01
1.31568E-02 1.88703E-02 3.46773E-02 4.77540E-02 6.04880E-02 2.75980E-01 5.09746E-01 4.17263E-02 1.88703E-02 1.31568E-02 3.79182E-01
0.00000E+00 0.00000E+00 2.27080E-02 7.11789E-02 1.03461E-01 4.63366E-01 7.52925E-01 2.64762E-02 0.00000E+00 0.00000E+00 9.10257E-01
0.00000E+00 0.00000E+00 2.51206E-02 6.87796E-02 9.86640E-02 4.49545E-01 7.43075E-01 3.07851E-02 0.00000E+00 0.00000E+00 9.14040E-01
0.00000E+00 1.89272E-03 2.68077E-02 6.66532E-02 9.46135E-02 4.37286E-01 7.32878E-01 3.38076E-02 1.89272E-03 0.00000E+00 8.94394E-01
0.00000E+00 4.07698E-03 2.80065E-02 6.46854E-02 9.10298E-02 4.26100E-01 7.22590E-01 3.59919E-02 4.07698E-03 0.00000E+00 8.65270E-01
0.00000E+00 5.76207E-03 2.88556E-02 6.28331E-02 8.77849E-02 4.15758E-01 7.12372E-01 3.75865E-02 5.76207E-03 0.00000E+00 8.33342E-01
0.00000E+00 7.08308E-03 2.94537E-02 6.10930E-02 8.48275E-02 4.06158E-01 7.02355E-01 3.87541E-02 7.08308E-03 0.00000E+00 8.00808E-01
0.00000E+00 8.13140E-03 2.98675E-02 5.94583E-02 8.21167E-02 3.97213E-01 6.92606E-01 3.96047E-02 8.13140E-03 0.00000E+00 7.68852E-01
0.00000E+00 8.97108E-03 3.01433E-02 5.79215E-02 7.96190E-02 3.88851E-01 6.83159E-01 4.02157E-02 8.97108E-03 0.00000E+00 7.38094E-01
4.25790E-04 9.65062E-03 3.03190E-02 5.64885E-02 7.73259E-02 3.81055E-01 6.74080E-01 4.06462E-02 9.65062E-03 4.25790E-04 7.07682E-01
1.39888E-03 1.02042E-02 3.04177E-02 5.51466E-02 7.52075E-02 3.73753E-01 6.65348E-01 4.09369E-02 1.02042E-02 1.39888E-03 6.77381E-01
2.22808E-03 1.06529E-02 3.04484E-02 5.38657E-02 7.32138E-02 3.66814E-01 6.56864E-01 4.11113E-02 1.06529E-02 2.22808E-03 6.49067E-01
2.93838E-03 1.10164E-02 3.04256E-02 5.26430E-02 7.13341E-02 3.60211E-01 6.48628E-01 4.11927E-02 1.10164E-02 2.93838E-03 6.22636E-01
3.54961E-03 1.13100E-02 3.03606E-02 5.14757E-02 6.95587E-02 3.53917E-01 6.40638E-01 4.11992E-02 1.13100E-02 3.54961E-03 5.97967E-01
4.07761E-03 1.15459E-02 3.02619E-02 5.03609E-02 6.78790E-02 3.47911E-01 6.32888E-01 4.11453E-02 1.15459E-02 4.07761E-03 5.74935E-01
4.53524E-03 1.17338E-02 3.01366E-02 4.92955E-02 6.62874E-02 3.42171E-01 6.25372E-01 4.10425E-02 1.17338E-02 4.53524E-03 5.53417E-01
4.93299E-03 1.18817E-02 2.99902E-02 4.82768E-02 6.47768E-02 3.36677E-01 6.18082E-01 4.08999E-02 1.18817E-02 4.93299E-03 5.33295E-01
5.27949E-03 1.19959E-02 2.98270E-02 4.73019E-02 6.33410E-02 3.31414E-01 6.11010E-01 4.07251E-02 1.19959E-02 5.27949E-03 5.14458E-01
5.58191E-03 1.20819E-02 2.96508E-02 4.63682E-02 6.19744E-02 3.26364E-01 6.04148E-01 4.05242E-02 1.20819E-02 5.58191E-03 4.96804E-01
5.84624E-03 1.21439E-02 2.94643E-02 4.54734E-02 6.06720E-02 3.21514E-01 5.97486E-01 4.03021E-02 1.21439E-02 5.84624E-03 4.80237E-01
6.07749E-03 1.21857E-02 2.92699E-02 4.46152E-02 5.94291E-02 3.16852E-01 5.91017E-01 4.00630E-02 1.21857E-02 6.07749E-03 4.64672E-01
6.27993E-03 1.22102E-02 2.90696E-02 4.37913E-02 5.82416E-02 3.12365E-01 5.84733E-01 3.98104E-02 1.22102E-02 6.27993E-03 4.50029E-01
6.45717E-03 1.22199E-02 2.88649E-02 4.29998E-02 5.71058E-02 3.08042E-01 5.78626E-01 3.95469E-02 1.22199E-02 6.45717E-03 4.36236E-01
6.61229E-03 1.22172E-02 2.86572E-02 4.22389E-02 5.60181E-02 3.03874E-01 5.72688E-01 3.92751E-02 1.22172E-02 6.61229E-03 4.23226E-01
6.74794E-03 1.22036E-02 2.84475E-02 4.15068E-02 5.49755E-02 2.99851E-01 5.66912E-01 3.89967E-02 1.22036E-02 6.74794E-03 4.10940E-01
6.86641E-03 1.21810E-02 2.82367E-02 4.08018E-02 5.39751E-02 2.95966E-01 5.61292E-01 3.87136E-02 1.21810E-02 6.86641E-03 3.99323E-01
6.96967E-03 1.21504E-02 2.80254E-02 4.01226E-02 5.30143E-02 2.92210E-01 5.55820E-01 3.84270E-02 1.21504E-02 6.96967E-03 3.88326E-01
7.05943E-03 1.21132E-02 2.78145E-02 3.94677E-02 5.20906E-02 2.88577E-01 5.50491E-01 3.81382E-02 1.21132E-02 7.05943E-03 3.77903E-01
7.13718E-03 1.20702E-02 2.76042E-02 3.88358E-02 5.12019E-02 2.85059E-01 5.45299E-01 3.78481E-02 1.20702E-02 7.13718E-03 3.68013E-01
7.20424E-03 1.20224E-02 2.73950E-02 3.82257E-02 5.03462E-02 2.81651E-01 5.40238E-01 3.75575E-02 1.20224E-02 7.20424E-03 3.58619E-01
7.26175E-03 1.19703E-02 2.71873E-02 3.76363E-02 4.95215E-02 2.78348E-01 5.35302E-01 3.72671E-02 1.19703E-02 7.26175E-03 3.49686E-01
7.31071E-03 1.19148E-02 2.69814E-02 3.70664E-02 4.87261E-02 2.75143E-01 5.30488E-01 3.69775E-02 1.19148E-02 7.31071E-03 3.41182E-01
7.35202E-03 1.18562E-02 2.67774E-02 3.65152E-02 4.79585E-02 2.72033E-01 5.25789E-01 3.66892E-02 1.18562E-02 7.35202E-03 3.33078E-01
7.38646E-03 1.17951E-02 2.65755E-02 3.59817E-02 4.72171E-02 2.69012E-01 5.21201E-01 3.64026E-02 1.17951E-02 7.38646E-03 3.25349E-01
7.41472E-03 1.17319E-02 2.63759E-02 3.54651E-02 4.65005E-02 2.66076E-01 5.16721E-01 3.61180E-02 1.17319E-02 7.41472E-03 3.17970E-01
7.43744E-03 1.16669E-02 2.61787E-02 3.49644E-02 4.58075E-02 2.63222E-01 5.12344E-01 3.58358E-02 1.16669E-02 7.43744E-03 3.10918E-01
7.45515E-03 1.16005E-02 2.59839E-02 3.44791E-02 4.51369E-02 2.60445E-01 5.08066E-01 3.55560E-02 1.16005E-02 7.45515E-03 3.04174E-01
7.46835E-03 1.15330E-02 2.57917E-02 3.40083E-02 4.44875E-02 2.57743E-01 5.03883E-01 3.52790E-02 1.15330E-02 7.46835E-03 2.97717E-01
7.47748E-03 1.14645E-02 2.56021E-02 3.35515E-02 4.38584E-02 2.55111E-01 4.99792E-01 3.50049E-02 1.14645E-02 7.47748E-03 2.91531E-01
7.48293E-03 1.13953E-02 2.54151E-02 3.31079E-02 4.32485E-02 2.52547E-01 4.95790E-01 3.47338E-02 1.13953E-02 7.48293E-03 2.85600E-01
7.48506E-03 1.13255E-02 2.52307E-02 3.26770E-02 4.26569E-02 2.50049E-01 4.91873E-01 3.44658E-02 1.13255E-02 7.48506E-03 2.79908E-01
7.48418E-03 1.12554E-02 2.50489E-02 3.22583E-02 4.20829E-02 2.47612E-01 4.88039E-01 3.42011E-02 1.12554E-02 7.48418E-03 2.74442E-01
7.48059E-03 1.11851E-02 2.48698E-02 3.18511E-02 4.15255E-02 2.45235E-01 4.84284E-01 3.39395E-02 1.11851E-02 7.48059E-03 2.69188E-01
7.47454E-03 1.11147E-02 2.46934E-02 3.14551E-02 4.09841E-02 2.42916E-01 4.80606E-01 3.36813E-02 1.11147E-02 7.47454E-03 2.64136E-01
7.46625E-03 1.10442E-02 2.45195E-02 3.10697E-02 4.04579E-02 2.40651E-01 4.77003E-01 3.34264E-02 1.10442E-02 7.46625E-03 2.59274E-01
7.45596E-03 1.09739E-02 2.43482E-02 3.06946E-02 3.99463E-02 2.38440E-01 4.73471E-01 3.31748E-02 1.09739E-02 7.45596E-03 2.54592E-01
7.44383E-03 1.09037E-02 2.41795E-02 3.03293E-02 3.94487E-02 2.36279E-01 4.70008E-01 3.29265E-02 1.09037E-02 7.44383E-03 2.50079E-01
7.43005E-03 1.08338E-02 2.40134E-02 2.99733E-02 3.89644E-02 2.34168E-01 4.66613E-01 3.26816E-02 1.08338E-02 7.43005E-03 2.45728E-01
7.41478E-03 1.07642E-02 2.38497E-02 2.96265E-02 3.84930E-02 2.32103E-01 4.63282E-01 3.24400E-02 1.07642E-02 7.41478E-03 2.41530E-01
7.39816E-03 1.06950E-02 2.36885E-02 2.92882E-02 3.80338E-02 2.30084E-01 4.60015E-01 3.22018E-02 1.06950E-02 7.39816E-03 2.37477E-01
7.38031E-03 1.06261E-02 2.35298E-02 2.89584E-02 3.75865E-02 2.28109E-01 4.56808E-01 3.19668E-02 1.06261E-02 7.38031E-03 2.33562E-01
0.00000E+00 0.00000E+00 1.84433E-02 4.97480E-02 7.43299E-02 4.43457E-01 7.87085E-01 3.73371E-02 0.00000E+00 0.00000E+00 7.82813E-01
0.00000E+00 0.00000E+00 2.00286E-02 4.70458E-02 6.93749E-02 4.23894E-01 7.65032E-01 3.92674E-02 0.00000E+00 0.00000E+00 7.46907E-01
0.00000E+00 1.13023E-03 2.10653E-02 4.47838E-02 6.53468E-02 4.07260E-01 7.45086E-01 4.03210E-02 1.13023E-03 0.00000E+00 7.02935E-01
0.00000E+00 2.40271E-03 2.17472E-02 4.27958E-02 6.19045E-02 3.92594E-01 7.26681E-01 4.08405E-02 2.40271E-03 0.00000E+00 6.58759E-01
0.00000E+00 3.35675E-03 2.21837E-02 4.10061E-02 5.88825E-02 3.79416E-01 7.09545E-01 4.10100E-02 3.35675E-03 0.00000E+00 6.17559E-01
0.00000E+00 4.08401E-03 2.24503E-02 3.93855E-02 5.62008E-02 3.67474E-01 6.93555E-01 4.09475E-02 4.08401E-03 0.00000E+00 5.79799E-01
0.00000E+00 4.64511E-03 2.25961E-02 3.79095E-02 5.37995E-02 3.56576E-01 6.78596E-01 4.07285E-02 4.64511E-03 0.00000E+00 5.45464E-01
0.00000E+00 5.08169E-03 2.26544E-02 3.65585E-02 5.16326E-02 3.46569E-01 6.64564E-01 4.04033E-02 5.08169E-03 0.00000E+00 5.14337E-01
2.38564E-04 5.42443E-03 2.26517E-02 3.53259E-02 4.96779E-02 3.37383E-01 6.51439E-01 4.00112E-02 5.42443E-03 2.38564E-04 4.85422E-01
7.78623E-04 5.69456E-03 2.26035E-02 3.41939E-02 4.79009E-02 3.28898E-01 6.39110E-01 3.95743E-02 5.69456E-03 7.78623E-04 4.58191E-01
1.23260E-03 5.90555E-03 2.25166E-02 3.31349E-02 4.62555E-02 3.20943E-01 6.27379E-01 3.91000E-02 5.90555E-03 1.23260E-03 4.33504E-01
1.61633E-03 6.06929E-03 2.24003E-02 3.21423E-02 4.47273E-02 3.13464E-01 6.16202E-01 3.86009E-02 6.06929E-03 1.61633E-03 4.11066E-01
1.94219E-03 6.19499E-03 2.22619E-02 3.12101E-02 4.33037E-02 3.06415E-01 6.05537E-01 3.80864E-02 6.19499E-03 1.94219E-03 3.90620E-01
2.22000E-03 6.28985E-03 2.21068E-02 3.03330E-02 4.19739E-02 2.99756E-01 5.95347E-01 3.75635E-02 6.28985E-03 2.22000E-03 3.71937E-01
2.45759E-03 6.35956E-03 2.19392E-02 2.95062E-02 4.07286E-02 2.93452E-01 5.85598E-01 3.70374E-02 6.35956E-03 2.45759E-03 3.54821E-01
2.66133E-03 6.40864E-03 2.17626E-02 2.87257E-02 3.95598E-02 2.87473E-01 5.76261E-01 3.65119E-02 6.40864E-03 2.66133E-03 3.39099E-01
2.83638E-03 6.44075E-03 2.15796E-02 2.79875E-02 3.84604E-02 2.81791E-01 5.67306E-01 3.59900E-02 6.44075E-03 2.83638E-03 3.24620E-01
2.98700E-03 6.45883E-03 2.13920E-02 2.72884E-02 3.74241E-02 2.76382E-01 5.58708E-01 3.54739E-02 6.45883E-03 2.98700E-03 3.11253E-01
3.11670E-03 6.46528E-03 2.12017E-02 2.66251E-02 3.64454E-02 2.71225E-01 5.50445E-01 3.49650E-02 6.46528E-03 3.11670E-03 2.98883E-01
3.22840E-03 6.46209E-03 2.10098E-02 2.59951E-02 3.55196E-02 2.66302E-01 5.42495E-01 3.44646E-02 6.46209E-03 3.22840E-03 2.87410E-01
3.32458E-03 6.45087E-03 2.08173E-02 2.53958E-02 3.46424E-02 2.61594E-01 5.34839E-01 3.39735E-02 6.45087E-03 3.32458E-03 2.76745E-01
3.40729E-03 6.43298E-03 2.06251E-02 2.48250E-02 3.38098E-02 2.57088E-01 5.27459E-01 3.34921E-02 6.43298E-03 3.40729E-03 2.66810E-01
3.47829E-03 6.40954E-03 2.04339E-02 2.42807E-02 3.30185E-02 2.52768E-01 5.20338E-01 3.30210E-02 6.40954E-03 3.47829E-03 2.57538E-01
3.53906E-03 6.38149E-03 2.02440E-02 2.37610E-02 3.22653E-02 2.48623E-01 5.13462E-01 3.25602E-02 6.38149E-03 3.53906E-03 2.48866E-01
3.59090E-03 6.34961E-03 2.00559E-02 2.32642E-02 3.15475E-02 2.44640E-01 5.06817E-01 3.21099E-02 6.34961E-03 3.59090E-03 2.40741E-01
3.63489E-03 6.31456E-03 1.98699E-02 2.27889E-02 3.08626E-02 2.40810E-01 5.00391E-01 3.16701E-02 6.31456E-03 3.63489E-03 2.33116E-01
3.67197E-03 6.27691E-03 1.96863E-02 2.23337E-02 3.02082E-02 2.37124E-01 4.94171E-01 3.12407E-02 6.27691E-03 3.67197E-03 2.25948E-01
3.70298E-03 6.23713E-03 1.95051E-02 2.18973E-02 2.95824E-02 2.33571E-01 4.88146E-01 3.08215E-02 6.23713E-03 3.70298E-03 2.19197E-01
3.72860E-03 6.19562E-03 1.93267E-02 2.14784E-02 2.89833E-02 2.30146E-01 4.82307E-01 3.04124E-02 6.19562E-03 3.72860E-03 2.12831E-01
3.74947E-03 6.15273E-03 1.91510E-02 2.10762E-02 2.84090E-02 2.26840E-01 4.76644E-01 3.00132E-02 6.15273E-03 3.74947E-03 2.06819E-01
3.76611E-03 6.10874E-03 1.89781E-02 2.06894E-02 2.78581E-02 2.23646E-01 4.71148E-01 2.96237E-02 6.10874E-03 3.76611E-03 2.01132E-01
3.77902E-03 6.06390E-03 1.88081E-02 2.03174E-02 2.73291E-02 2.20559E-01 4.65812E-01 2.92437E-02 6.06390E-03 3.77902E-03 1.95747E-01
3.78859E-03 6.01842E-03 1.86409E-02 1.99591E-02 2.68208E-02 2.17572E-01 4.60627E-01 2.88729E-02 6.01842E-03 3.78859E-03 1.90640E-01
3.79520E-03 5.97249E-03 1.84767E-02 1.96139E-02 2.63318E-02 2.14681E-01 4.55587E-01 2.85110E-02 5.97249E-03 3.79520E-03 1.85791E-01
3.79917E-03 5.92626E-03 1.83153E-02 1.92811E-02 2.58611E-02 2.11881E-01 4.50685E-01 2.81578E-02 5.92626E-03 3.79917E-03 1.81181E-01
3.80079E-03 5.87986E-03 1.81568E-02 1.89599E-02 2.54076E-02 2.09166E-01 4.45914E-01 2.78131E-02 5.87986E-03 3.80079E-03 1.76794E-01
3.80030E-03 5.83341E-03 1.80011E-02 1.86497E-02 2.49704E-02 2.06533E-01 4.41270E-01 2.74766E-02 5.83341E-03 3.80030E-03 1.72614E-01
3.79794E-03 5.78700E-03 1.78482E-02 1.83500E-02 2.45486E-02 2.03978E-01 4.36746E-01 2.71481E-02 5.78700E-03 3.79794E-03 1.68628E-01
3.79390E-03 5.74072E-03 1.76981E-02 1.80603E-02 2.41413E-02 2.01497E-01 4.32337E-01 2.68272E-02 5.74072E-03 3.79390E-03 1.64822E-01
3.78837E-03 5.69463E-03 1.75506E-02 1.77800E-02 2.37479E-02 1.99086E-01 4.28039E-01 2.65139E-02 5.69463E-03 3.78837E-03 1.61185E-01
3.78150E-03 5.64880E-03 1.74059E-02 1.75087E-02 2.33676E-02 1.96743E-01 4.23847E-01 2.62078E-02 5.64880E-03 3.78150E-03 1.57707E-01
3.77343E-03 5.60327E-03 1.72638E-02 1.72459E-02 2.29997E-02 1.94464E-01 4.19756E-01 2.59087E-02 5.60327E-03 3.77343E-03 1.54376E-01
3.76430E-03 5.55810E-03 1.71242E-02 1.69912E-02 2.26437E-02 1.92247E-01 4.15763E-01 2.56165E-02 5.55810E-03 3.76430E-03 1.51184E-01
3.75422E-03 5.51331E-03 1.69871E-02 1.67443E-02 2.22989E-02 1.90089E-01 4.11864E-01 2.53308E-02 5.51331E-03 3.75422E-03 1.48123E-01
3.74329E-03 5.46893E-03 1.68525E-02 1.65048E-02 2.19648E-02 1.87986E-01 4.08055E-01 2.50515E-02 5.46893E-03 3.74329E-03 1.45185E-01
3.73160E-03 5.42500E-03 1.67203E-02 1.62724E-02 2.16409E-02 1.85938E-01 4.04333E-01 2.47784E-02 5.42500E-03 3.73160E-03 1.42363E-01
3.71924E-03 5.38152E-03 1.65905E-02 1.60467E-02 2.13268E-02 1.83942E-01 4.00694E-01 2.45113E-02 5.38152E-03 3.71924E-03 1.39650E-01
3.70629E-03 5.33853E-03 1.64629E-02 1.58275E-02 2.10220E-02 1.81995E-01 3.97136E-01 2.42500E-02 5.33853E-03 3.70629E-03 1.37040E-01
3.69280E-03 5.29603E-03 1.63376E-02 1.56144E-02 2.07260E-02 1.80096E-01 3.93656E-01 2.39943E-02 5.29603E-03 3.69280E-03 1.34528E-01
3.67885E-03 5.25403E-03 1.62145E-02 1.54072E-02 2.04386E-02 1.78243E-01 3.90250E-01 2.37441E-02 5.25403E-03 3.67885E-03 1.32107E-01
0.00000E+00 0.00000E+00 1.78178E-02 2.98476E-02 4.55410E-02 4.04422E-01 7.91478E-01 4.94998E-02 0.00000E+00 0.00000E+00 6.11623E-01
0.00000E+00 0.00000E+00 1.83512E-02 2.74807E-02 4.14364E-02 3.79999E-01 7.56142E-01 4.74781E-02 0.00000E+00 0.00000E+00 5.47362E-01
0.00000E+00 5.39679E-04 1.86187E-02 2.56032E-02 3.82281E-02 3.59892E-01 7.25969E-01 4.55775E-02 5.39679E-04 0.00000E+00 4.91204E-01
0.00000E+00 1.13714E-03 1.87170E-02 2.40263E-02 3.55768E-02 3.42633E-01 6.99321E-01 4.37870E-02 1.13714E-03 0.00000E+00 4.43248E-01
0.00000E+00 1.57587E-03 1.87023E-02 2.26604E-02 3.33161E-02 3.27474E-01 6.75363E-01 4.21025E-02 1.57587E-03 0.00000E+00 4.02733E-01
0.00000E+00 1.90316E-03 1.86141E-02 2.14624E-02 3.13597E-02 3.14006E-01 6.53646E-01 4.05284E-02 1.90316E-03 0.00000E+00 3.68286E-01
0.00000E+00 2.14999E-03 1.84775E-02 2.04009E-02 2.96460E-02 3.01925E-01 6.33822E-01 3.90612E-02 2.14999E-03 0.00000E+00 3.38779E-01
0.00000E+00 2.33738E-03 1.83092E-02 1.94520E-02 2.81294E-02 2.91001E-01 6.15618E-01 3.76945E-02 2.33738E-03 0.00000E+00 3.13310E-01
1.11500E-04 2.48038E-03 1.81222E-02 1.86033E-02 2.67843E-02 2.81110E-01 5.98905E-01 3.64284E-02 2.48038E-03 1.11500E-04 2.90794E-01
3.62056E-04 2.58941E-03 1.79235E-02 1.78376E-02 2.55800E-02 2.72087E-01 5.83465E-01 3.52518E-02 2.58941E-03 3.62056E-04 2.70533E-01
5.70441E-04 2.67150E-03 1.77144E-02 1.71340E-02 2.44817E-02 2.63726E-01 5.68995E-01 3.41435E-02 2.67150E-03 5.70441E-04 2.52678E-01
7.44728E-04 2.73239E-03 1.74992E-02 1.64850E-02 2.34758E-02 2.55950E-01 5.55395E-01 3.30990E-02 2.73239E-03 7.44728E-04 2.36852E-01
8.91176E-04 2.77646E-03 1.72810E-02 1.58846E-02 2.25508E-02 2.48694E-01 5.42582E-01 3.21137E-02 2.77646E-03 8.91176E-04 2.22751E-01
1.01470E-03 2.80712E-03 1.70619E-02 1.53273E-02 2.16971E-02 2.41904E-01 5.30483E-01 3.11832E-02 2.80712E-03 1.01470E-03 2.10124E-01
1.11921E-03 2.82699E-03 1.68435E-02 1.48085E-02 2.09066E-02 2.35533E-01 5.19031E-01 3.03035E-02 2.82699E-03 1.11921E-03 1.98765E-01
1.20783E-03 2.83816E-03 1.66270E-02 1.43244E-02 2.01723E-02 2.29539E-01 5.08173E-01 2.94708E-02 2.83816E-03 1.20783E-03 1.88502E-01
1.28308E-03 2.84231E-03 1.64133E-02 1.38716E-02 1.94884E-02 2.23887E-01 4.97857E-01 2.86817E-02 2.84231E-03 1.28308E-03 1.79192E-01
1.34705E-03 2.84074E-03 1.62030E-02 1.34470E-02 1.88497E-02 2.18548E-01 4.88041E-01 2.79329E-02 2.84074E-03 1.34705E-03 1.70714E-01
1.40141E-03 2.83452E-03 1.59964E-02 1.30481E-02 1.82519E-02 2.13492E-01 4.78685E-01 2.72215E-02 2.83452E-03 1.40141E-03 1.62966E-01
1.44758E-03 2.82454E-03 1.57940E-02 1.26725E-02 1.76911E-02 2.08698E-01 4.69754E-01 2.65449E-02 2.82454E-03 1.44758E-03 1.55862E-01
1.48672E-03 2.81148E-03 1.55958E-02 1.23183E-02 1.71638E-02 2.04143E-01 4.61218E-01 2.59007E-02 2.81148E-03 1.48672E-03 1.49329E-01
1.51981E-03 2.79593E-03 1.54019E-02 1.19836E-02 1.66671E-02 1.99808E-01 4.53047E-01 2.52866E-02 2.79593E-03 1.51981E-03 1.43302E-01
1.54768E-03 2.77837E-03 1.52125E-02 1.16668E-02 1.61985E-02 1.95678E-01 4.45218E-01 2.47006E-02 2.77837E-03 1.54768E-03 1.37727E-01
1.57102E-03 2.75919E-03 1.50275E-02 1.13666E-02 1.57555E-02 1.91736E-01 4.37706E-01 2.41408E-02 2.75919E-03 1.57102E-03 1.32557E-01
1.59043E-03 2.73872E-03 1.48469E-02 1.10816E-02 1.53360E-02 1.87969E-01 4.30491E-01 2.36055E-02 2.73872E-03 1.59043E-03 1.27750E-01
1.60640E-03 2.71722E-03 1.46706E-02 1.08107E-02 1.49383E-02 1.84366E-01 4.23555E-01 2.30932E-02 2.71722E-03 1.60640E-03 1.23271E-01
1.61939E-03 2.69492E-03 1.44985E-02 1.05528E-02 1.45606E-02 1.80914E-01 4.16879E-01 2.26024E-02 2.69492E-03 1.61939E-03 1.19089E-01
1.62975E-03 2.67201E-03 1.43306E-02 1.03071E-02 1.42015E-02 1.77604E-01 4.10449E-01 2.21318E-02 2.67201E-03 1.62975E-03 1.15175E-01
1.63781E-03 2.64866E-03 1.41668E-02 1.00726E-02 1.38595E-02 1.74427E-01 4.04249E-01 2.16801E-02 2.64866E-03 1.63781E-03 1.11506E-01
1.64385E-03 2.62498E-03 1.40070E-02 9.84869E-03 1.35336E-02 1.71375E-01 3.98267E-01 2.12463E-02 2.62498E-03 1.64385E-03 1.08059E-01
1.64812E-03 2.60109E-03 1.38510E-02 9.63456E-03 1.32225E-02 1.68439E-01 3.92490E-01 2.08293E-02 2.60109E-03 1.64812E-03 1.04815E-01
1.65082E-03 2.57708E-03 1.36987E-02 9.42960E-03 1.29253E-02 1.65613E-01 3.86906E-01 2.04281E-02 2.57708E-03 1.65082E-03 1.01758E-01
1.65214E-03 2.55304E-03 1.35501E-02 9.23323E-03 1.26411E-02 1.62890E-01 3.81507E-01 2.00420E-02 2.55304E-03 1.65214E-03 9.88712E-02
1.65225E-03 2.52903E-03 1.34050E-02 9.04491E-03 1.23690E-02 1.60264E-01 3.76280E-01 1.96699E-02 2.52903E-03 1.65225E-03 9.61422E-02
1.65127E-03 2.50509E-03 1.32634E-02 8.86414E-03 1.21082E-02 1.57731E-01 3.71219E-01 1.93112E-02 2.50509E-03 1.65127E-03 9.35582E-02
1.64935E-03 2.48128E-03 1.31250E-02 8.69049E-03 1.18581E-02 1.55284E-01 3.66314E-01 1.89652E-02 2.48128E-03 1.64935E-03 9.11082E-02
1.64659E-03 2.45764E-03 1.29898E-02 8.52353E-03 1.16180E-02 1.52920E-01 3.61558E-01 1.86312E-02 2.45764E-03 1.64659E-03 8.87822E-02
1.64308E-03 2.43419E-03 1.28578E-02 8.36288E-03 1.13873E-02 1.50633E-01 3.56943E-01 1.83085E-02 2.43419E-03 1.64308E-03 8.65711E-02
1.63892E-03 2.41097E-03 1.27287E-02 8.20819E-03 1.11654E-02 1.48421E-01 3.52464E-01 1.79967E-02 2.41097E-03 1.63892E-03 8.44668E-02
1.63418E-03 2.38799E-03 1.26026E-02 8.05912E-03 1.09520E-02 1.46278E-01 3.48112E-01 1.76952E-02 2.38799E-03 1.63418E-03 8.24618E-02
1.62893E-03 2.36527E-03 1.24792E-02 7.91538E-03 1.07464E-02 1.44203E-01 3.43883E-01 1.74034E-02 2.36527E-03 1.62893E-03 8.05494E-02
1.62323E-03 2.34282E-03 1.23586E-02 7.77667E-03 1.05483E-02 1.42190E-01 3.39772E-01 1.71209E-02 2.34282E-03 1.62323E-03 7.87233E-02
1.61714E-03 2.32066E-03 1.22406E-02 7.64274E-03 1.03572E-02 1.40239E-01 3.35772E-01 1.68473E-02 2.32066E-03 1.61714E-03 7.69778E-02
1.61069E-03 2.29879E-03 1.21252E-02 7.51335E-03 1.01729E-02 1.38344E-01 3.31879E-01 1.65821E-02 2.29879E-03 1.61069E-03 7.53079E-02
1.60395E-03 2.27723E-03 1.20122E-02 7.38825E-03 9.99486E-03 1.36505E-01 3.28089E-01 1.63250E-02 2.27723E-03 1.60395E-03 7.37088E-02
1.59693E-03 2.25596E-03 1.19016E-02 7.26725E-03 9.82286E-03 1.34718E-01 3.24396E-01 1.60756E-02 2.25596E-03 1.59693E-03 7.21760E-02
1.58969E-03 2.23501E-03 1.17933E-02 7.15014E-03 9.65658E-03 1.32982E-01 3.20798E-01 1.58335E-02 2.23501E-03 1.58969E-03 7.07056E-02
1.58225E-03 2.21437E-03 1.16873E-02 7.03673E-03 9.49573E-03 1.31293E-01 3.17291E-01 1.55985E-02 2.21437E-03 1.58225E-03 6.92939E-02
1.57463E-03 2.19403E-03 1.15834E-02 6.92686E-03 9.34005E-03 1.29650E-01 3.13870E-01 1.53702E-02 2.19403E-03 1.57463E-03 6.79375E-02
1.56687E-03 2.17401E-03 1.14817E-02 6.82035E-03 9.18930E-03 1.28051E-01 3.10532E-01 1.51484E-02 2.17401E-03 1.56687E-03 6.66331E-02
0.00000E+00 0.00000E+00 1.85444E-02 1.43280E-02 2.20364E-02 3.41005E-01 7.46694E-01 4.47057E-02 0.00000E+00 0.00000E+00 3.74834E-01
0.00000E+00 0.00000E+00 1.80920E-02 1.27527E-02 1.94405E-02 3.13912E-01 6.99354E-01 4.01105E-02 0.00000E+00 0.00000E+00 3.15088E-01
0.00000E+00 1.78913E-04 1.76569E-02 1.15726E-02 1.74984E-02 2.92246E-01 6.60440E-01 3.65346E-02 1.78913E-04 0.00000E+00 2.70195E-01
0.00000E+00 3.79772E-04 1.72306E-02 1.06268E-02 1.59505E-02 2.74101E-01 6.27115E-01 3.36040E-02 3.79772E-04 0.00000E+00 2.35436E-01
0.00000E+00 5.28843E-04 1.68138E-02 9.83895E-03 1.46706E-02 2.58499E-01 5.97917E-01 3.11301E-02 5.28843E-04 0.00000E+00 2.08034E-01
0.00000E+00 6.40726E-04 1.64112E-02 9.17008E-03 1.35918E-02 2.44894E-01 5.72035E-01 2.90093E-02 6.40726E-04 0.00000E+00 1.85993E-01
0.00000E+00 7.25361E-04 1.60249E-02 8.59357E-03 1.26682E-02 2.32892E-01 5.48868E-01 2.71680E-02 7.25361E-04 0.00000E+00 1.67953E-01
0.00000E+00 7.89681E-04 1.56557E-02 8.09048E-03 1.18673E-02 2.22202E-01 5.27961E-01 2.55525E-02 7.89681E-04 0.00000E+00 1.52961E-01
4.05506E-05 8.38453E-04 1.53055E-02 7.64944E-03 1.11692E-02 2.12655E-01 5.09066E-01 2.41299E-02 8.38453E-04 4.05506E-05 1.40182E-01
1.31578E-04 8.75199E-04 1.49730E-02 7.25854E-03 1.05540E-02 2.04054E-01 4.91858E-01 2.28654E-02 8.75199E-04 1.31578E-04 1.29059E-01
2.07141E-04 9.02779E-04 1.46540E-02 6.90563E-03 1.00016E-02 1.96177E-01 4.75941E-01 2.17217E-02 9.02779E-04 2.07141E-04 1.19471E-01
2.70193E-04 9.23131E-04 1.43480E-02 6.58532E-03 9.50273E-03 1.88930E-01 4.61163E-01 2.06822E-02 9.23131E-04 2.70193E-04 1.11135E-01
3.23029E-04 9.37743E-04 1.40548E-02 6.29322E-03 9.04995E-03 1.82238E-01 4.47396E-01 1.97333E-02 9.37743E-04 3.23029E-04 1.03830E-01
3.67453E-04 9.47766E-04 1.37737E-02 6.02572E-03 8.63711E-03 1.76036E-01 4.34533E-01 1.88635E-02 9.47766E-04 3.67453E-04 9.73844E-02
4.04900E-04 9.54102E-04 1.35042E-02 5.77977E-03 8.25912E-03 1.70268E-01 4.22480E-01 1.80634E-02 9.54102E-04 4.04900E-04 9.16590E-02
4.36521E-04 9.57463E-04 1.32458E-02 5.55286E-03 7.91173E-03 1.64890E-01 4.11158E-01 1.73249E-02 9.57463E-04 4.36521E-04 8.65437E-02
4.63248E-04 9.58416E-04 1.29977E-02 5.34283E-03 7.59136E-03 1.59860E-01 4.00497E-01 1.66413E-02 9.58416E-04 4.63248E-04 8.19486E-02
4.85841E-04 9.57415E-04 1.27595E-02 5.14784E-03 7.29498E-03 1.55144E-01 3.90437E-01 1.60065E-02 9.57415E-04 4.85841E-04 7.78002E-02
5.04923E-04 9.54827E-04 1.25307E-02 4.96632E-03 7.01998E-03 1.50712E-01 3.80925E-01 1.54157E-02 9.54827E-04 5.04923E-04 7.40379E-02
5.21013E-04 9.50949E-04 1.23106E-02 4.79691E-03 6.76414E-03 1.46539E-01 3.71915E-01 1.48643E-02 9.50949E-04 5.21013E-04 7.06113E-02
5.34539E-04 9.46024E-04 1.20989E-02 4.63843E-03 6.52552E-03 1.42602E-01 3.63364E-01 1.43486E-02 9.46024E-04 5.34539E-04 6.74782E-02
5.45862E-04 9.40250E-04 1.18951E-02 4.48985E-03 6.30244E-03 1.38879E-01 3.55237E-01 1.38653E-02 9.40250E-04 5.45862E-04 6.46032E-02
5.55286E-04 9.33792E-04 1.16987E-02 4.35026E-03 6.09344E-03 1.35354E-01 3.47501E-01 1.34114E-02 9.33792E-04 5.55286E-04 6.19560E-02
5.63067E-04 9.26785E-04 1.15094E-02 4.21887E-03 5.89723E-03 1.32011E-01 3.40127E-01 1.29844E-02 9.26785E-04 5.63067E-04 5.95110E-02
5.69422E-04 9.19341E-04 1.13267E-02 4.09498E-03 5.71268E-03 1.28834E-01 3.33088E-01 1.25819E-02 9.19341E-04 5.69422E-04 5.72462E-02
5.74539E-04 9.11554E-04 1.11504E-02 3.97795E-03 5.53878E-03 1.25812E-01 3.26360E-01 1.22019E-02 9.11554E-04 5.74539E-04 5.51425E-02
5.78575E-04 9.03501E-04 1.09800E-02 3.86723E-03 5.37464E-03 1.22934E-01 3.19922E-01 1.18426E-02 9.03501E-04 5.78575E-04 5.31836E-02
5.81670E-04 8.95247E-04 1.08154E-02 3.76232E-03 5.21947E-03 1.20188E-01 3.13755E-01 1.15024E-02 8.95247E-04 5.81670E-04 5.13552E-02
5.83940E-04 8.86847E-04 1.06561E-02 3.66278E-03 5.07255E-03 1.17566E-01 3.07841E-01 1.11798E-02 8.86847E-04 5.83940E-04 4.96448E-02
5.85488E-04 8.78347E-04 1.05020E-02 3.56821E-03 4.93326E-03 1.15058E-01 3.02163E-01 1.08735E-02 8.78347E-04 5.85488E-04 4.80413E-02
5.86404E-04 8.69783E-04 1.03527E-02 3.47824E-03 4.80101E-03 1.12659E-01 2.96708E-01 1.05823E-02 8.69783E-04 5.86404E-04 4.65353E-02
5.86765E-04 8.61190E-04 1.02081E-02 3.39254E-03 4.67529E-03 1.10359E-01 2.91462E-01 1.03051E-02 8.61190E-04 5.86765E-04 4.51180E-02
5.86638E-04 8.52593E-04 1.00678E-02 3.31082E-03 4.55563E-03 1.08154E-01 2.86411E-01 1.00410E-02 8.52593E-04 5.86638E-04 4.37821E-02
5.86083E-04 8.44014E-04 9.93185E-03 3.23281E-03 4.44161E-03 1.06037E-01 2.81545E-01 9.78909E-03 8.44014E-04 5.86083E-04 4.25206E-02
5.85152E-04 8.35474E-04 9.79986E-03 3.15826E-03 4.33285E-03 1.04003E-01 2.76854E-01 9.54851E-03 8.35474E-04 5.85152E-04 4.13277E-02
5.83890E-04 8.26986E-04 9.67172E-03 3.08694E-03 4.22898E-03 1.02047E-01 2.72327E-01 9.31855E-03 8.26986E-04 5.83890E-04 4.01979E-02
5.82338E-04 8.18565E-04 9.54723E-03 3.01866E-03 4.12970E-03 1.00164E-01 2.67957E-01 9.09853E-03 8.18565E-04 5.82338E-04 3.91263E-02
5.80532E-04 8.10221E-04 9.42624E-03 2.95322E-03 4.03471E-03 9.83505E-02 2.63733E-01 8.88784E-03 8.10221E-04 5.80532E-04 3.81087E-02
5.78502E-04 8.01963E-04 9.30861E-03 2.89045E-03 3.94374E-03 9.66025E-02 2.59649E-01 8.68590E-03 8.01963E-04 5.78502E-04 3.71411E-02
5.76277E-04 7.93799E-04 9.19418E-03 2.83019E-03 3.85654E-03 9.49164E-02 2.55698E-01 8.49220E-03 7.93799E-04 5.76277E-04 3.62199E-02
5.73881E-04 7.85733E-04 9.08282E-03 2.77229E-03 3.77288E-03 9.32888E-02 2.51873E-01 8.30624E-03 7.85733E-04 5.73881E-04 3.53420E-02
5.71336E-04 7.77772E-04 8.97440E-03 2.71662E-03 3.69257E-03 9.17166E-02 2.48167E-01 8.12757E-03 7.77772E-04 5.71336E-04 3.45042E-02
5.68661E-04 7.69917E-04 8.86880E-03 2.66306E-03 3.61539E-03 9.01971E-02 2.44575E-01 7.95580E-03 7.69917E-04 5.68661E-04 3.37041E-02
5.65875E-04 7.62173E-04 8.76592E-03 2.61148E-03 3.54119E-03 8.87275E-02 2.41092E-01 7.79053E-03 7.62173E-04 5.65875E-04 3.29391E-02
5.62993E-04 7.54541E-04 8.66563E-03 2.56178E-03 3.46978E-03 8.73054E-02 2.37713E-01 7.63141E-03 7.54541E-04 5.62993E-04 3.22070E-02
5.60027E-04 7.47023E-04 8.56784E-03 2.51386E-03 3.40103E-03 8.59284E-02 2.34431E-01 7.47810E-03 7.47023E-04 5.60027E-04 3.15057E-02
5.56991E-04 7.39619E-04 8.47246E-03 2.46762E-03 3.33477E-03 8.45945E-02 2.31245E-01 7.33031E-03 7.39619E-04 5.56991E-04 3.08334E-02
5.53896E-04 7.32331E-04 8.37938E-03 2.42299E-03 3.27090E-03 8.33014E-02 2.28148E-01 7.18775E-03 7.32331E-04 5.53896E-04 3.01882E-02
5.50751E-04 7.25157E-04 8.28853E-03 2.37987E-03 3.20927E-03 8.20475E-02 2.25137E-01 7.05015E-03 7.25157E-04 5.50751E-04 2.95687E-02
5.47566E-04 7.18098E-04 8.19983E-03 2.33820E-03 3.14977E-03 8.08308E-02 2.22209E-01 6.91725E-03 7.18098E-04 5.47566E-04 2.89733E-02
0.00000E+00 0.00000E+00 1.83780E-02 4.84194E-03 7.30618E-03 2.49611E-01 6.32529E-01 2.11231E-02 0.00000E+00 0.00000E+00 1.45643E-01
0.00000E+00 0.00000E+00 1.72655E-02 4.13611E-03 6.20890E-03 2.24066E-01 5.78650E-01 1.79556E-02 0.00000E+00 0.00000E+00 1.17583E-01
0.00000E+00 3.22533E-05 1.63550E-02 3.63729E-03 5.42648E-03 2.04236E-01 5.35774E-01 1.56520E-02 3.22533E-05 0.00000E+00 9.84244E-02
0.00000E+00 7.33193E-05 1.55722E-02 3.25634E-03 4.82718E-03 1.88043E-01 5.00041E-01 1.38682E-02 7.33193E-05 0.00000E+00 8.45219E-02
0.00000E+00 1.07169E-04 1.48815E-02 2.95167E-03 4.34810E-03 1.74426E-01 4.69460E-01 1.24341E-02 1.07169E-04 0.00000E+00 7.40375E-02
0.00000E+00 1.34612E-04 1.42648E-02 2.70168E-03 3.95575E-03 1.62785E-01 4.42908E-01 1.12560E-02 1.34612E-04 0.00000E+00 6.58762E-02
0.00000E+00 1.56707E-04 1.37091E-02 2.49237E-03 3.62817E-03 1.52699E-01 4.19580E-01 1.02709E-02 1.56707E-04 0.00000E+00 5.93540E-02
0.00000E+00 1.74433E-04 1.32043E-02 2.31427E-03 3.35032E-03 1.43860E-01 3.98882E-01 9.43519E-03 1.74433E-04 0.00000E+00 5.40257E-02
1.07052E-05 1.88375E-04 1.27454E-02 2.16133E-03 3.11269E-03 1.36085E-01 3.80460E-01 8.72118E-03 1.88375E-04 1.07052E-05 4.95467E-02
3.49949E-05 1.99207E-04 1.23250E-02 2.02822E-03 2.90675E-03 1.29176E-01 3.63921E-01 8.10362E-03 1.99207E-04 3.49949E-05 4.56903E-02
5.54309E-05 2.07851E-04 1.19344E-02 1.91021E-03 2.72487E-03 1.22931E-01 3.48823E-01 7.55911E-03 2.07851E-04 5.54309E-05 4.23807E-02
7.26721E-05 2.14685E-04 1.15703E-02 1.80484E-03 2.56309E-03 1.17255E-01 3.34977E-01 7.07573E-03 2.14685E-04 7.26721E-05 3.95090E-02
8.72502E-05 2.20018E-04 1.12299E-02 1.71017E-03 2.41827E-03 1.12073E-01 3.22227E-01 6.64402E-03 2.20018E-04 8.72502E-05 3.69930E-02
9.95966E-05 2.24104E-04 1.09107E-02 1.62462E-03 2.28791E-03 1.07322E-01 3.10443E-01 6.25634E-03 2.24104E-04 9.95966E-05 3.47699E-02
1.10063E-04 2.27153E-04 1.06108E-02 1.54693E-03 2.16997E-03 1.02949E-01 2.99515E-01 5.90649E-03 2.27153E-04 1.10063E-04 3.27907E-02
1.18940E-04 2.29334E-04 1.03282E-02 1.47605E-03 2.06276E-03 9.89105E-02 2.89350E-01 5.58935E-03 2.29334E-04 1.18940E-04 3.10168E-02
1.26465E-04 2.30792E-04 1.00614E-02 1.41113E-03 1.96490E-03 9.51690E-02 2.79867E-01 5.30070E-03 2.30792E-04 1.26465E-04 2.94172E-02
1.32836E-04 2.31642E-04 9.80917E-03 1.35142E-03 1.87524E-03 9.16923E-02 2.70998E-01 5.03697E-03 2.31642E-04 1.32836E-04 2.79672E-02
1.38221E-04 2.31984E-04 9.57015E-03 1.29634E-03 1.79280E-03 8.84531E-02 2.62683E-01 4.79520E-03 2.31984E-04 1.38221E-04 2.66464E-02
1.42756E-04 2.31899E-04 9.34329E-03 1.24536E-03 1.71676E-03 8.54276E-02 2.54870E-01 4.57283E-03 2.31899E-04 1.42756E-04 2.54381E-02
1.46561E-04 2.31456E-04 9.12765E-03 1.19803E-03 1.64641E-03 8.25951E-02 2.47514E-01 4.36771E-03 2.31456E-04 1.46561E-04 2.43282E-02
1.49734E-04 2.30713E-04 8.92236E-03 1.15399E-03 1.58114E-03 7.99375E-02 2.40574E-01 4.17799E-03 2.30713E-04 1.49734E-04 2.33052E-02
1.52360E-04 2.29718E-04 8.72667E-03 1.11289E-03 1.52043E-03 7.74392E-02 2.34016E-01 4.00204E-03 2.29718E-04 1.52360E-04 2.23591E-02
1.54510E-04 2.28514E-04 8.53987E-03 1.07446E-03 1.46383E-03 7.50860E-02 2.27807E-01 3.83849E-03 2.28514E-04 1.54510E-04 2.14816E-02
1.56247E-04 2.27134E-04 8.36136E-03 1.03845E-03 1.41095E-03 7.28656E-02 2.21921E-01 3.68611E-03 2.27134E-04 1.56247E-04 2.06655E-02
1.57624E-04 2.25609E-04 8.19055E-03 1.00462E-03 1.36143E-03 7.07671E-02 2.16331E-01 3.54386E-03 2.25609E-04 1.57624E-04 1.99045E-02
1.58687E-04 2.23965E-04 8.02694E-03 9.72803E-04 1.31498E-03 6.87806E-02 2.11015E-01 3.41078E-03 2.23965E-04 1.58687E-04 1.91933E-02
1.59475E-04 2.22223E-04 7.87007E-03 9.42813E-04 1.27131E-03 6.68975E-02 2.05954E-01 3.28606E-03 2.22223E-04 1.59475E-04 1.85272E-02
1.60024E-04 2.20402E-04 7.71950E-03 9.14501E-04 1.23021E-03 6.51097E-02 2.01129E-01 3.16897E-03 2.20402E-04 1.60024E-04 1.79021E-02
1.60363E-04 2.18517E-04 7.57485E-03 8.87732E-04 1.19144E-03 6.34103E-02 1.96523E-01 3.05885E-03 2.18517E-04 1.60363E-04 1.73144E-02
1.60518E-04 2.16583E-04 7.43577E-03 8.62384E-04 1.15482E-03 6.17929E-02 1.92122E-01 2.95513E-03 2.16583E-04 1.60518E-04 1.67609E-02
1.60512E-04 2.14611E-04 7.30191E-03 8.38349E-04 1.12019E-03 6.02516E-02 1.87912E-01 2.85730E-03 2.14611E-04 1.60512E-04 1.62387E-02
1.60366E-04 2.12611E-04 7.17299E-03 8.15529E-04 1.08739E-03 5.87813E-02 1.83881E-01 2.76488E-03 2.12611E-04 1.60366E-04 1.57454E-02
1.60097E-04 2.10593E-04 7.04872E-03 7.93835E-04 1.05628E-03 5.73771E-02 1.80017E-01 2.67746E-03 2.10593E-04 1.60097E-04 1.52786E-02
1.59720E-04 2.08563E-04 6.92885E-03 7.73188E-04 1.02673E-03 5.60347E-02 1.76309E-01 2.59466E-03 2.08563E-04 1.59720E-04 1.48364E-02
1.59250E-04 2.06527E-04 6.81314E-03 7.53515E-04 9.98647E-04 5.47501E-02 1.72750E-01 2.51615E-03 2.06527E-04 1.59250E-04 1.44170E-02
1.58697E-04 2.04492E-04 6.70137E-03 7.34751E-04 9.71916E-04 5.35197E-02 1.69328E-01 2.44161E-03 2.04492E-04 1.58697E-04 1.40186E-02
1.58074E-04 2.02462E-04 6.59332E-03 7.16834E-04 9.46447E-04 5.23402E-02 1.66037E-01 2.37077E-03 2.02462E-04 1.58074E-04 1.36398E-02
1.57389E-04 2.00441E-04 6.48883E-03 6.99710E-04 9.22155E-04 5.12084E-02 1.62870E-01 2.30337E-03 2.00441E-04 1.57389E-04 1.32792E-02
1.56650E-04 1.98433E-04 6.38769E-03 6.83329E-04 8.98964E-04 5.01215E-02 1.59818E-01 2.23917E-03 1.98433E-04 1.56650E-04 1.29357E-02
1.55865E-04 1.96440E-04 6.28976E-03 6.67644E-04 8.76802E-04 4.90769E-02 1.56877E-01 2.17797E-03 1.96440E-04 1.55865E-04 1.26080E-02
1.55041E-04 1.94465E-04 6.19488E-03 6.52615E-04 8.55606E-04 4.80723E-02 1.54039E-01 2.11957E-03 1.94465E-04 1.55041E-04 1.22952E-02
1.54183E-04 1.92509E-04 6.10289E-03 6.38200E-04 8.35315E-04 4.71054E-02 1.51300E-01 2.06379E-03 1.92509E-04 1.54183E-04 1.19963E-02
1.53297E-04 1.90576E-04 6.01367E-03 6.24365E-04 8.15876E-04 4.61741E-02 1.48654E-01 2.01047E-03 1.90576E-04 1.53297E-04 1.17105E-02
1.52387E-04 1.88665E-04 5.92710E-03 6.11076E-04 7.97237E-04 4.52765E-02 1.46097E-01 1.95945E-03 1.88665E-04 1.52387E-04 1.14369E-02
1.51457E-04 1.86779E-04 5.84304E-03 5.98302E-04 7.79352E-04 4.44108E-02 1.43624E-01 1.91061E-03 1.86779E-04 1.51457E-04 1.11748E-02
1.50511E-04 1.84918E-04 5.76139E-03 5.86015E-04 7.62178E-04 4.35754E-02 1.41231E-01 1.86380E-03 1.84918E-04 1.50511E-04 1.09236E-02
1.49552E-04 1.83083E-04 5.68204E-03 5.74189E-04 7.45674E-04 4.27687E-02 1.38914E-01 1.81892E-03 1.83083E-04 1.49552E-04 1.06825E-02
1.48583E-04 1.81275E-04 5.60490E-03 5.62799E-04 7.29805E-04 4.19893E-02 1.36670E-01 1.77585E-03 1.81275E-04 1.48583E-04 1.04512E-02
1.47607E-04 1.79494E-04 5.52988E-03 5.51822E-04 7.14536E-04 4.12359E-02 1.34495E-01 1.73449E-03 1.79494E-04 1.47607E-04 1.02289E-02
0.00000E+00 0.00000E+00 1.60090E-02 9.00960E-04 1.23618E-03 1.39514E-01 4.42692E-01 3.45211E-03 0.00000E+00 0.00000E+00 2.30739E-02
0.00000E+00 0.00000E+00 1.45946E-02 7.34223E-04 1.00252E-03 1.21294E-01 3.93267E-01 2.78811E-03 0.00000E+00 0.00000E+00 2.03928E-02
0.00000E+00 1.94562E-06 1.34749E-02 6.22984E-04 8.44919E-04 1.07621E-01 3.55241E-01 2.33108E-03 1.94562E-06 0.00000E+00 1.85039E-02
0.00000E+00 6.54583E-06 1.25444E-02 5.42237E-04 7.29830E-04 9.67779E-02 3.24449E-01 1.99328E-03 6.54583E-06 0.00000E+00 1.70166E-02
0.00000E+00 1.16516E-05 1.17496E-02 4.80432E-04 6.41527E-04 8.78900E-02 2.98749E-01 1.73244E-03 1.16516E-05 0.00000E+00 1.57725E-02
0.00000E+00 1.65108E-05 1.10604E-02 4.31577E-04 5.71714E-04 8.04653E-02 2.76932E-01 1.52562E-03 1.65108E-05 0.00000E+00 1.46983E-02
0.00000E+00 2.08557E-05 1.04555E-02 3.91962E-04 5.15182E-04 7.41658E-02 2.58152E-01 1.35809E-03 2.08557E-05 0.00000E+00 1.37523E-02
0.00000E+00 2.46211E-05 9.91931E-03 3.59166E-04 4.68500E-04 6.87513E-02 2.41796E-01 1.21998E-03 2.46211E-05 0.00000E+00 1.29085E-02
1.97604E-06 2.77194E-05 9.44244E-03 3.31608E-04 4.29443E-04 6.40717E-02 2.27489E-01 1.10495E-03 2.77194E-05 1.97604E-06 1.21412E-02
6.55354E-06 3.02205E-05 9.01456E-03 3.08060E-04 3.96240E-04 5.99823E-02 2.14847E-01 1.00776E-03 3.02205E-05 6.55354E-06 1.14345E-02
1.04960E-05 3.23483E-05 8.62432E-03 2.87586E-04 3.67482E-04 5.63414E-02 2.03475E-01 9.23929E-04 3.23483E-05 1.04960E-05 1.07909E-02
1.38769E-05 3.41309E-05 8.26676E-03 2.69609E-04 3.42341E-04 5.30802E-02 1.93191E-01 8.51024E-04 3.41309E-05 1.38769E-05 1.02022E-02
1.67656E-05 3.56021E-05 7.93779E-03 2.53687E-04 3.20179E-04 5.01430E-02 1.83844E-01 7.87143E-04 3.56021E-05 1.67656E-05 9.66185E-03
1.92256E-05 3.67971E-05 7.63400E-03 2.39478E-04 3.00499E-04 4.74847E-02 1.75312E-01 7.30791E-04 3.67971E-05 1.92256E-05 9.16427E-03
2.13134E-05 3.77496E-05 7.35251E-03 2.26712E-04 2.82909E-04 4.50681E-02 1.67493E-01 6.80779E-04 3.77496E-05 2.13134E-05 8.70490E-03
2.30784E-05 3.84907E-05 7.09089E-03 2.15173E-04 2.67093E-04 4.28624E-02 1.60301E-01 6.36150E-04 3.84907E-05 2.30784E-05 8.27981E-03
2.45639E-05 3.90484E-05 6.84704E-03 2.04689E-04 2.52799E-04 4.08415E-02 1.53664E-01 5.96127E-04 3.90484E-05 2.45639E-05 7.88561E-03
2.58074E-05 3.94478E-05 6.61918E-03 1.95116E-04 2.39817E-04 3.89838E-02 1.47520E-01 5.60069E-04 3.94478E-05 2.58074E-05 7.51934E-03
2.68413E-05 3.97109E-05 6.40573E-03 1.86340E-04 2.27976E-04 3.72706E-02 1.41816E-01 5.27448E-04 3.97109E-05 2.68413E-05 7.17843E-03
2.76939E-05 3.98570E-05 6.20534E-03 1.78261E-04 2.17134E-04 3.56862E-02 1.36508E-01 4.97822E-04 3.98570E-05 2.76939E-05 6.86060E-03
2.83895E-05 3.99031E-05 6.01683E-03 1.70798E-04 2.07170E-04 3.42169E-02 1.31554E-01 4.70821E-04 3.99031E-05 2.83895E-05 6.56384E-03
2.89492E-05 3.98639E-05 5.83916E-03 1.63883E-04 1.97984E-04 3.28510E-02 1.26922E-01 4.46132E-04 3.98639E-05 2.89492E-05 6.28635E-03
2.93913E-05 3.97524E-05 5.67139E-03 1.57457E-04 1.89488E-04 3.15781E-02 1.22581E-01 4.23487E-04 3.97524E-05 2.93913E-05 6.02655E-03
2.97318E-05 3.95797E-05 5.51271E-03 1.51470E-04 1.81610E-04 3.03895E-02 1.18506E-01 4.02659E-04 3.95797E-05 2.97318E-05 5.78301E-03
2.99844E-05 3.93555E-05 5.36240E-03 1.45877E-04 1.74286E-04 2.92771E-02 1.14671E-01 3.83451E-04 3.93555E-05 2.99844E-05 5.55443E-03
3.01611E-05 3.90884E-05 5.21979E-03 1.40643E-04 1.67462E-04 2.82341E-02 1.11058E-01 3.65693E-04 3.90884E-05 3.01611E-05 5.33967E-03
3.02724E-05 3.87858E-05 5.08430E-03 1.35732E-04 1.61088E-04 2.72545E-02 1.07647E-01 3.49237E-04 3.87858E-05 3.02724E-05 5.13767E-03
3.03275E-05 3.84540E-05 4.95541E-03 1.31118E-04 1.55123E-04 2.63327E-02 1.04423E-01 3.33956E-04 3.84540E-05 3.03275E-05 4.94749E-03
3.03343E-05 3.80985E-05 4.83265E-03 1.26775E-04 1.49532E-04 2.54640E-02 1.01370E-01 3.19736E-04 3.80985E-05 3.03343E-05 4.76827E-03
3.02997E-05 3.77244E-05 4.71558E-03 1.22680E-04 1.44280E-04 2.46440E-02 9.84763E-02 3.06479E-04 3.77244E-05 3.02997E-05 4.59921E-03
3.02300E-05 3.73356E-05 4.60381E-03 1.18813E-04 1.39341E-04 2.38690E-02 9.57287E-02 2.94096E-04 3.73356E-05 3.02300E-05 4.43961E-03
3.01303E-05 3.69360E-05 4.49699E-03 1.15157E-04 1.34687E-04 2.31354E-02 9.31171E-02 2.82511E-04 3.69360E-05 3.01303E-05 4.28882E-03
3.00053E-05 3.65286E-05 4.39479E-03 1.11696E-04 1.30297E-04 2.24401E-02 9.06318E-02 2.71655E-04 3.65286E-05 3.00053E-05 4.14623E-03
2.98592E-05 3.61161E-05 4.29693E-03 1.08416E-04 1.26150E-04 2.17802E-02 8.82639E-02 2.61466E-04 3.61161E-05 2.98592E-05 4.01129E-03
2.96954E-05 3.57010E-05 4.20313E-03 1.05303E-04 1.22228E-04 2.11534E-02 8.60056E-02 2.51889E-04 3.57010E-05 2.96954E-05 3.88350E-03
2.95172E-05 3.52852E-05 4.11314E-03 1.02347E-04 1.18513E-04 2.05571E-02 8.38494E-02 2.42877E-04 3.52852E-05 2.95172E-05 3.76239E-03
2.93272E-05 3.48706E-05 4.02674E-03 9.95361E-05 1.14993E-04 1.99894E-02 8.17889E-02 2.34383E-04 3.48706E-05 2.93272E-05 3.64754E-03
2.91278E-05 3.44584E-05 3.94371E-03 9.68612E-05 1.11652E-04 1.94482E-02 7.98177E-02 2.26369E-04 3.44584E-05 2.91278E-05 3.53854E-03
2.89212E-05 3.40502E-05 3.86386E-03 9.43136E-05 1.08479E-04 1.89319E-02 7.79305E-02 2.18798E-04 3.40502E-05 2.89212E-05 3.43503E-03
2.87092E-05 3.36469E-05 3.78701E-03 9.18853E-05 1.05462E-04 1.84388E-02 7.61220E-02 2.11638E-04 3.36469E-05 2.87092E-05 3.33667E-03
2.84933E-05 3.32494E-05 3.71300E-03 8.95690E-05 1.02592E-04 1.79675E-02 7.43875E-02 2.04860E-04 3.32494E-05 2.84933E-05 3.24315E-03
2.82750E-05 3.28586E-05 3.64167E-03 8.73579E-05 9.98581E-05 1.75165E-02 7.27227E-02 1.98436E-04 3.28586E-05 2.82750E-05 3.15417E-03
2.80554E-05 3.24750E-05 3.57288E-03 8.52458E-05 9.72530E-05 1.70847E-02 7.11236E-02 1.92342E-04 3.24750E-05 2.80554E-05 3.06947E-03
2.78356E-05 3.20991E-05 3.50650E-03 8.32269E-05 9.47685E-05 1.66710E-02 6.95864E-02 1.86556E-04 3.20991E-05 2.78356E-05 2.98878E-03
2.76165E-05 3.17314E-05 3.44241E-03 8.12961E-05 9.23972E-05 1.62742E-02 6.81076E-02 1.81057E-04 3.17314E-05 2.76165E-05 2.91188E-03
2.73989E-05 3.13722E-05 3.38048E-03 7.94484E-05 9.01326E-05 1.58933E-02 6.66842E-02 1.75826E-04 3.13722E-05 2.73989E-05 2.83854E-03
2.71834E-05 3.10218E-05 3.32061E-03 7.76793E-05 8.79685E-05 1.55275E-02 6.53130E-02 1.70847E-04 3.10218E-05 2.71834E-05 2.76855E-03
2.69706E-05 3.06803E-05 3.26270E-03 7.59845E-05 8.58990E-05 1.51760E-02 6.39914E-02 1.66103E-04 3.06803E-05 2.69706E-05 2.70174E-03
2.67609E-05 3.03479E-05 3.20666E-03 7.43600E-05 8.39190E-05 1.48379E-02 6.27168E-02 1.61580E-04 3.03479E-05 2.67609E-05 2.63791E-03
2.65549E-05 3.00246E-05 3.15240E-03 7.28023E-05 8.20236E-05 1.45125E-02 6.14868E-02 1.57264E-04 3.00246E-05 2.65549E-05 2.57690E-03
0.00000E+00 0.00000E+00 1.10069E-02 5.18856E-05 4.10026E-05 4.44945E-02 2.12442E-01 2.03710E-04 0.00000E+00 0.00000E+00 -1.17081E-03
0.00000E+00 0.00000E+00 9.67053E-03 3.95053E-05 2.98410E-05 3.70453E-02 1.81353E-01 1.50732E-04 0.00000E+00 0.00000E+00 4.91133E-04
0.00000E+00 4.16253E-08 8.65152E-03 3.20918E-05 2.34331E-05 3.16943E-02 1.58413E-01 1.12847E-04 4.16253E-08 0.00000E+00 1.32115E-03
0.00000E+00 5.90147E-07 7.83298E-03 2.73111E-05 1.94968E-05 2.76058E-02 1.40485E-01 8.44895E-05 5.90147E-07 0.00000E+00 1.74347E-03
0.00000E+00 1.37332E-06 7.15488E-03 2.40464E-05 1.69498E-05 2.43630E-02 1.25983E-01 6.26848E-05 1.37332E-06 0.00000E+00 1.94578E-03
0.00000E+00 2.19959E-06 6.58319E-03 2.17151E-05 1.52327E-05 2.17331E-02 1.14014E-01 4.56955E-05 2.19959E-06 0.00000E+00 2.02588E-03
0.00000E+00 2.97899E-06 6.09424E-03 1.99775E-05 1.40245E-05 1.95612E-02 1.03972E-01 3.23214E-05 2.97899E-06 0.00000E+00 2.03617E-03
0.00000E+00 3.67065E-06 5.67100E-03 1.86262E-05 1.31329E-05 1.77400E-02 9.54297E-02 2.17078E-05 3.67065E-06 0.00000E+00 2.00589E-03
3.29144E-07 4.29054E-06 5.30290E-03 1.75723E-05 1.24790E-05 1.62018E-02 8.81180E-02 1.33157E-05 4.29054E-06 3.29144E-07 1.95143E-03
1.09298E-06 4.84967E-06 4.97945E-03 1.67400E-05 1.19976E-05 1.48859E-02 8.17864E-02 6.66403E-06 4.84967E-06 1.09298E-06 1.88248E-03
1.74065E-06 5.29429E-06 4.68997E-03 1.60015E-05 1.15721E-05 1.37371E-02 7.61969E-02 1.26701E-06 5.29429E-06 1.74065E-06 1.80600E-03
2.27538E-06 5.62824E-06 4.42943E-03 1.53209E-05 1.11720E-05 1.27271E-02 7.12304E-02 -3.11990E-06 5.62824E-06 2.27538E-06 1.72589E-03
2.70484E-06 5.85987E-06 4.19373E-03 1.46759E-05 1.07794E-05 1.18333E-02 6.67917E-02 -6.68751E-06 5.85987E-06 2.70484E-06 1.64466E-03
3.03882E-06 5.99956E-06 3.97953E-03 1.40530E-05 1.03845E-05 1.10377E-02 6.28038E-02 -9.58625E-06 5.99956E-06 3.03882E-06 1.56399E-03
3.28786E-06 6.05836E-06 3.78405E-03 1.34444E-05 9.98273E-06 1.03259E-02 5.92039E-02 -1.19357E-05 6.05836E-06 3.28786E-06 1.48494E-03
3.46239E-06 6.04717E-06 3.60499E-03 1.28457E-05 9.57244E-06 9.68589E-03 5.59401E-02 -1.38318E-05 6.04717E-06 3.46239E-06 1.40823E-03
3.57237E-06 5.97629E-06 3.44038E-03 1.22552E-05 9.15399E-06 9.10798E-03 5.29693E-02 -1.53519E-05 5.97629E-06 3.57237E-06 1.33431E-03
3.62707E-06 5.85526E-06 3.28859E-03 1.16723E-05 8.72886E-06 8.58403E-03 5.02553E-02 -1.65589E-05 5.85526E-06 3.62707E-06 1.26346E-03
3.63491E-06 5.69270E-06 3.14819E-03 1.10976E-05 8.29914E-06 8.10725E-03 4.77676E-02 -1.75042E-05 5.69270E-06 3.63491E-06 1.19583E-03
3.60348E-06 5.49636E-06 3.01799E-03 1.05319E-05 7.86719E-06 7.67190E-03 4.54802E-02 -1.82299E-05 5.49636E-06 3.60348E-06 1.13149E-03
3.53957E-06 5.27309E-06 2.89693E-03 9.97653E-06 7.43545E-06 7.27311E-03 4.33708E-02 -1.87708E-05 5.27309E-06 3.53957E-06 1.07045E-03
3.44920E-06 5.02895E-06 2.78411E-03 9.43274E-06 7.00625E-06 6.90675E-03 4.14205E-02 -1.91560E-05 5.02895E-06 3.44920E-06 1.01268E-03
3.33764E-06 4.76921E-06 2.67874E-03 8.90181E-06 6.58179E-06 6.56924E-03 3.96126E-02 -1.94094E-05 4.76921E-06 3.33764E-06 9.58112E-04
3.20954E-06 4.49849E-06 2.58012E-03 8.38491E-06 6.16406E-06 6.25752E-03 3.79329E-02 -1.95513E-05 4.49849E-06 3.20954E-06 9.06663E-04
3.06895E-06 4.22078E-06 2.48765E-03 7.88313E-06 5.75484E-06 5.96892E-03 3.63687E-02 -1.95984E-05 4.22078E-06 3.06895E-06 8.58231E-04
2.91938E-06 3.93949E-06 2.40078E-03 7.39739E-06 5.35567E-06 5.70112E-03 3.49093E-02 -1.95650E-05 3.93949E-06 2.91938E-06 8.12708E-04
2.76386E-06 3.65759E-06 2.31903E-03 6.92847E-06 4.96788E-06 5.45209E-03 3.35448E-02 -1.94632E-05 3.65759E-06 2.76386E-06 7.69977E-04
2.60503E-06 3.37756E-06 2.24198E-03 6.47701E-06 4.59259E-06 5.22006E-03 3.22669E-02 -1.93032E-05 3.37756E-06 2.60503E-06 7.29918E-04
2.44511E-06 3.10154E-06 2.16926E-03 6.04349E-06 4.23073E-06 5.00346E-03 3.10678E-02 -1.90937E-05 3.10154E-06 2.44511E-06 6.92413E-04
2.28602E-06 2.83130E-06 2.10051E-03 5.62828E-06 3.88302E-06 4.80089E-03 2.99409E-02 -1.88420E-05 2.83130E-06 2.28602E-06 6.57339E-04
2.12938E-06 2.56833E-06 2.03543E-03 5.23161E-06 3.55007E-06 4.61113E-03 2.88803E-02 -1.85545E-05 2.56833E-06 2.12938E-06 6.24577E-04
1.97655E-06 2.31386E-06 1.97376E-03 4.85361E-06 3.23229E-06 4.43308E-03 2.78804E-02 -1.82367E-05 2.31386E-06 1.97655E-06 5.94012E-04
1.82867E-06 2.06887E-06 1.91523E-03 4.49432E-06 2.93000E-06 4.26576E-03 2.69366E-02 -1.78931E-05 2.06887E-06 1.82867E-06 5.65528E-04
1.68668E-06 1.83418E-06 1.85962E-03 4.15367E-06 2.64338E-06 4.10831E-03 2.60445E-02 -1.75279E-05 1.83418E-06 1.68668E-06 5.39015E-04
1.55135E-06 1.61039E-06 1.80673E-03 3.83152E-06 2.37252E-06 3.95992E-03 2.52002E-02 -1.71445E-05 1.61039E-06 1.55135E-06 5.14365E-04
1.42328E-06 1.39800E-06 1.75637E-03 3.52768E-06 2.11742E-06 3.81990E-03 2.44002E-02 -1.67459E-05 1.39800E-06 1.42328E-06 4.91477E-04
1.30296E-06 1.19734E-06 1.70838E-03 3.24189E-06 1.87801E-06 3.68761E-03 2.36412E-02 -1.63347E-05 1.19734E-06 1.30296E-06 4.70249E-04
1.19077E-06 1.00863E-06 1.66259E-03 2.97383E-06 1.65414E-06 3.56247E-03 2.29204E-02 -1.59132E-05 1.00863E-06 1.19077E-06 4.50587E-04
1.08695E-06 8.32030E-07 1.61886E-03 2.72315E-06 1.44561E-06 3.44396E-03 2.22351E-02 -1.54833E-05 8.32030E-07 1.08695E-06 4.32400E-04
9.91709E-07 6.67572E-07 1.57707E-03 2.48947E-06 1.25218E-06 3.33160E-03 2.15829E-02 -1.50468E-05 6.67572E-07 9.91709E-07 4.15600E-04
9.05137E-07 5.15239E-07 1.53710E-03 2.27238E-06 1.07355E-06 3.22496E-03 2.09615E-02 -1.46052E-05 5.15239E-07 9.05137E-07 4.00105E-04
8.27281E-07 3.74947E-07 1.49883E-03 2.07143E-06 9.09408E-07 3.12365E-03 2.03691E-02 -1.41597E-05 3.74947E-07 8.27281E-07 3.85835E-04
7.58126E-07 2.46562E-07 1.46216E-03 1.88617E-06 7.59398E-07 3.02731E-03 1.98037E-02 -1.37116E-05 2.46562E-07 7.58126E-07 3.72715E-04
6.97611E-07 1.29906E-07 1.42700E-03 1.71613E-06 6.23148E-07 2.93560E-03 1.92636E-02 -1.32617E-05 1.29906E-07 6.97611E-07 3.60673E-04
6.45635E-07 2.47622E-08 1.39326E-03 1.56084E-06 5.00269E-07 2.84823E-03 1.87472E-02 -1.28111E-05 2.47622E-08 6.45635E-07 3.49640E-04
6.02062E-07 -6.91148E-08 1.36087E-03 1.41980E-06 3.90358E-07 2.76492E-03 1.82532E-02 -1.23605E-05 -6.91148E-08 6.02062E-07 3.39553E-04
5.66728E-07 -1.51996E-07 1.32974E-03 1.29254E-06 2.92999E-07 2.68542E-03 1.77802E-02 -1.19105E-05 -1.51996E-07 5.66728E-07 3.30349E-04
5.39445E-07 -2.24174E-07 1.29982E-03 1.17854E-06 2.07772E-07 2.60948E-03 1.73269E-02 -1.14617E-05 -2.24174E-07 5.39445E-07 3.21971E-04
5.20005E-07 -2.85955E-07 1.27102E-03 1.07733E-06 1.34250E-07 2.53690E-03 1.68923E-02 -1.10148E-05 -2.85955E-07 5.20005E-07 3.14363E-04
5.08183E-07 -3.37661E-07 1.24330E-03 9.88421E-07 7.20067E-08 2.46747E-03 1.64752E-02 -1.05700E-05 -3.37661E-07 5.08183E-07 3.07473E-04
0.00000E+00 0.00000E+00 4.21154E-03 -4.03913E-07 -1.00959E-06 3.25817E-03 3.88147E-02 6.92211E-06 0.00000E+00 0.00000E+00 -5.39170E-04
0.00000E+00 0.00000E+00 3.47732E-03 -3.29889E-07 -7.15052E-07 2.53258E-03 3.10541E-02 -1.58977E-04 0.00000E+00 0.00000E+00 -5.40527E-04
0.00000E+00 1.08761E-06 2.95305E-03 1.11105E-06 8.57591E-07 2.04637E-03 2.56851E-02 -2.55615E-04 1.08761E-06 0.00000E+00 -4.92548E-04
0.00000E+00 2.93080E-06 2.55483E-03 2.91858E-06 2.74687E-06 1.69619E-03 2.17136E-02 -3.12121E-04 2.93080E-06 0.00000E+00 -4.06246E-04
0.00000E+00 4.70577E-06 2.24069E-03 4.66039E-06 4.53948E-06 1.43241E-03 1.86529E-02 -3.43497E-04 4.70577E-06 0.00000E+00 -3.02332E-04
0.00000E+00 6.22792E-06 1.98722E-03 6.15282E-06 6.06236E-06 1.22810E-03 1.62346E-02 -3.58387E-04 6.22792E-06 0.00000E+00 -1.96069E-04
0.00000E+00 7.43500E-06 1.77886E-03 7.33402E-06 7.26038E-06 1.06618E-03 1.42846E-02 -3.62362E-04 7.43500E-06 0.00000E+00 -9.72515E-05
0.00000E+00 8.32161E-06 1.60489E-03 8.19861E-06 8.13261E-06 9.35381E-04 1.26852E-02 -3.59099E-04 8.32161E-06 0.00000E+00 -1.11131E-05
4.23091E-07 9.00589E-06 1.45861E-03 8.86533E-06 8.80089E-06 8.28682E-04 1.13618E-02 -3.50989E-04 9.00589E-06 4.23091E-07 5.94141E-05
1.31271E-06 9.51959E-06 1.33401E-03 9.36588E-06 9.29915E-06 7.40295E-04 1.02512E-02 -3.39750E-04 9.51959E-06 1.31271E-06 1.13981E-04
1.94778E-06 9.73349E-06 1.22553E-03 9.56951E-06 9.49785E-06 6.65222E-04 9.29867E-03 -3.26626E-04 9.73349E-06 1.94778E-06 1.54902E-04
2.36081E-06 9.69564E-06 1.13037E-03 9.52405E-06 9.44576E-06 6.00863E-04 8.47514E-03 -3.12369E-04 9.69564E-06 2.36081E-06 1.83591E-04
2.58430E-06 9.45037E-06 1.04635E-03 9.27360E-06 9.18765E-06 5.45230E-04 7.75791E-03 -2.97517E-04 9.45037E-06 2.58430E-06 2.01670E-04
2.64891E-06 9.03732E-06 9.71706E-04 8.85756E-06 8.76344E-06 4.96780E-04 7.12915E-03 -2.82451E-04 9.03732E-06 2.64891E-06 2.10788E-04
2.58256E-06 8.49122E-06 9.05044E-04 8.31044E-06 8.20800E-06 4.54305E-04 6.57467E-03 -2.67440E-04 8.49122E-06 2.58256E-06 2.12516E-04
2.41008E-06 7.84209E-06 8.45217E-04 7.66205E-06 7.55140E-06 4.16841E-04 6.08304E-03 -2.52674E-04 7.84209E-06 2.41008E-06 2.08288E-04
2.15325E-06 7.11555E-06 7.91284E-04 6.93783E-06 6.81926E-06 3.83618E-04 5.64498E-03 -2.38283E-04 7.11555E-06 2.15325E-06 1.99381E-04
1.83093E-06 6.33336E-06 7.42468E-04 6.15935E-06 6.03329E-06 3.54010E-04 5.25288E-03 -2.24352E-04 6.33336E-06 1.83093E-06 1.86906E-04
1.45926E-06 5.51379E-06 6.98119E-04 5.34472E-06 5.21169E-06 3.27503E-04 4.90045E-03 -2.10937E-04 5.51379E-06 1.45926E-06 1.71812E-04
1.05199E-06 4.67210E-06 6.57690E-04 4.50906E-06 4.36963E-06 3.03675E-04 4.58246E-03 -1.98071E-04 4.67210E-06 1.05199E-06 1.54902E-04
6.20753E-07 3.82096E-06 6.20718E-04 3.66490E-06 3.51969E-06 2.82175E-04 4.29451E-03 -1.85768E-04 3.82096E-06 6.20753E-07 1.36843E-04
1.75269E-07 2.97078E-06 5.86811E-04 2.82254E-06 2.67217E-06 2.62709E-04 4.03289E-03 -1.74032E-04 2.97078E-06 1.75269E-07 1.18186E-04
-2.76351E-07 2.13008E-06 5.55630E-04 1.99038E-06 1.83548E-06 2.45028E-04 3.79447E-03 -1.62858E-04 2.13008E-06 -2.76351E-07 9.93786E-05
-7.27408E-07 1.30572E-06 5.26884E-04 1.17519E-06 1.01639E-06 2.28922E-04 3.57655E-03 -1.52234E-04 1.30572E-06 -7.27408E-07 8.07788E-05
-1.17241E-06 5.03209E-07 5.00321E-04 3.82377E-07 2.20286E-07 2.14211E-04 3.37684E-03 -1.42144E-04 5.03209E-07 -1.17241E-06 6.26706E-05
-1.60692E-06 -2.73140E-07 4.75722E-04 -3.83811E-07 -5.48597E-07 2.00740E-04 3.19334E-03 -1.32569E-04 -2.73140E-07 -1.60692E-06 4.52741E-05
-2.02737E-06 -1.01999E-06 4.52896E-04 -1.12011E-06 -1.28702E-06 1.88378E-04 3.02434E-03 -1.23490E-04 -1.01999E-06 -2.02737E-06 2.87558E-05
-2.43094E-06 -1.73483E-06 4.31674E-04 -1.82408E-06 -1.99257E-06 1.77008E-04 2.86834E-03 -1.14884E-04 -1.73483E-06 -2.43094E-06 1.32374E-05
-2.81546E-06 -2.41586E-06 4.11909E-04 -2.49397E-06 -2.66351E-06 1.66531E-04 2.72403E-03 -1.06731E-04 -2.41586E-06 -2.81546E-06 -1.19588E-06
-3.17930E-06 -3.06183E-06 3.93468E-04 -3.12860E-06 -3.29869E-06 1.56858E-04 2.59028E-03 -9.90068E-05 -3.06183E-06 -3.17930E-06 -1.44895E-05
-3.52128E-06 -3.67201E-06 3.76237E-04 -3.72726E-06 -3.89743E-06 1.47913E-04 2.46606E-03 -9.16915E-05 -3.67201E-06 -3.52128E-06 -2.66135E-05
-3.84061E-06 -4.24605E-06 3.60112E-04 -4.28964E-06 -4.45947E-06 1.39627E-04 2.35051E-03 -8.47637E-05 -4.24605E-06 -3.84061E-06 -3.75583E-05
-4.13679E-06 -4.78392E-06 3.45000E-04 -4.81578E-06 -4.98483E-06 1.31941E-04 2.24282E-03 -7.82030E-05 -4.78392E-06 -4.13679E-06 -4.73302E-05
-4.40963E-06 -5.28588E-06 3.30818E-04 -5.30594E-06 -5.47383E-06 1.24802E-04 2.14230E-03 -7.19899E-05 -5.28588E-06 -4.40963E-06 -5.59484E-05
-4.65911E-06 -5.75240E-06 3.17493E-04 -5.76063E-06 -5.92699E-06 1.18161E-04 2.04832E-03 -6.61056E-05 -5.75240E-06 -4.65911E-06 -6.34421E-05
-4.88543E-06 -6.18411E-06 3.04958E-04 -6.18053E-06 -6.34502E-06 1.11978E-04 1.96034E-03 -6.05323E-05 -6.18411E-06 -4.88543E-06 -6.98482E-05
-5.08892E-06 -6.58182E-06 2.93151E-04 -6.56643E-06 -6.72873E-06 1.06213E-04 1.87784E-03 -5.52529E-05 -6.58182E-06 -5.08892E-06 -7.52094E-05
-5.27001E-06 -6.94641E-06 2.82019E-04 -6.91926E-06 -7.07908E-06 1.00833E-04 1.80040E-03 -5.02515E-05 -6.94641E-06 -5.27001E-06 -7.95724E-05
-5.42927E-06 -7.27887E-06 2.71512E-04 -7.24002E-06 -7.39708E-06 9.58064E-05 1.72760E-03 -4.55126E-05 -7.27887E-06 -5.42927E-06 -8.29871E-05
-5.56730E-06 -7.58023E-06 2.61585E-04 -7.52975E-06 -7.68381E-06 9.11065E-05 1.65907E-03 -4.10218E-05 -7.58023E-06 -5.56730E-06 -8.55049E-05
-5.68479E-06 -7.85159E-06 2.52197E-04 -7.78958E-06 -7.94038E-06 8.67080E-05 1.59451E-03 -3.67656E-05 -7.85159E-06 -5.68479E-06 -8.71782E-05
-5.78244E-06 -8.09406E-06 2.43310E-04 -8.02061E-06 -8.16795E-06 8.25882E-05 1.53359E-03 -3.27309E-05 -8.09406E-06 -5.78244E-06 -8.80598E-05
-5.86100E-06 -8.30876E-06 2.34890E-04 -8.22400E-06 -8.36768E-06 7.87263E-05 1.47607E-03 -2.89058E-05 -8.30876E-06 -5.86100E-06 -8.82019E-05
-5.92125E-06 -8.49685E-06 2.26907E-04 -8.40090E-06 -8.54072E-06 7.51037E-05 1.42169E-03 -2.52787E-05 -8.49685E-06 -5.92125E-06 -8.76562E-05
-5.96396E-06 -8.65945E-06 2.19331E-04 -8.55244E-06 -8.68825E-06 7.17032E-05 1.37022E-03 -2.18389E-05 -8.65945E-06 -5.96396E-06 -8.64729E-05
-5.98992E-06 -8.79771E-06 2.12135E-04 -8.67978E-06 -8.81141E-06 6.85091E-05 1.32147E-03 -1.85762E-05 -8.79771E-06 -5.98992E-06 -8.47011E-05
-5.99991E-06 -8.91271E-06 2.05297E-04 -8.78401E-06 -8.91134E-06 6.55071E-05 1.27525E-03 -1.54811E-05 -8.91271E-06 -5.99991E-06 -8.23881E-05
-5.99470E-06 -9.00558E-06 1.98792E-04 -8.86625E-06 -8.98914E-06 6.26842E-05 1.23138E-03 -1.25446E-05 -9.00558E-06 -5.99470E-06 -7.95796E-05
-5.97507E-06 -9.07736E-06 1.92601E-04 -8.92757E-06 -9.04590E-06 6.00281E-05 1.18972E-03 -9.75817E-06 -9.07736E-06 -5.97507E-06 -7.63193E-05
-5.94177E-06 -9.12911E-06 1.86704E-04 -8.96902E-06 -9.08269E-06 5.75278E-05 1.15012E-03 -7.11391E-06 -9.12911E-06 -5.94177E-06 -7.26491E-05
0.00000E+00 0.00000E+00 -9.05799E-05 -1.29449E-05 -1.21050E-05 -1.15580E-05 -3.74051E-06 -5.56164E-03 0.00000E+00 0.00000E+00 -2.29738E-03
0.00000E+00 0.00000E+00 -7.32830E-05 -2.64701E-06 -1.74794E-06 -1.60995E-06 3.56125E-06 -4.95630E-03 0.00000E+00 0.00000E+00 -2.53770E-03
0.00000E+00 6.92572E-06 -5.58833E-05 7.52797E-06 8.41867E-06 8.21768E-06 1.18558E-05 -4.34784E-03 6.92572E-06 0.00000E+00 -2.26032E-03
0.00000E+00 1.53356E-05 -4.05845E-05 1.57933E-05 1.66383E-05 1.61640E-05 1.88737E-05 -3.78037E-03 1.53356E-05 0.00000E+00 -1.79007E-03
0.00000E+00 2.14930E-05 -2.78946E-05 2.18155E-05 2.25938E-05 2.19033E-05 2.40393E-05 -3.26665E-03 2.14930E-05 0.00000E+00 -1.28439E-03
0.00000E+00 2.55716E-05 -1.77283E-05 2.57720E-05 2.64721E-05 2.56158E-05 2.73950E-05 -2.80974E-03 2.55716E-05 0.00000E+00 -8.17068E-04
0.00000E+00 2.79010E-05 -9.78268E-06 2.79934E-05 2.86101E-05 2.76313E-05 2.91874E-05 -2.40694E-03 2.79010E-05 0.00000E+00 -4.18638E-04
0.00000E+00 2.88234E-05 -3.71056E-06 2.88220E-05 2.93540E-05 2.82890E-05 2.97045E-05 -2.05331E-03 2.88234E-05 0.00000E+00 -9.69738E-05
9.37391E-07 2.87703E-05 9.16560E-07 2.86900E-05 2.91392E-05 2.80204E-05 2.93439E-05 -1.74494E-03 2.87703E-05 9.37391E-07 1.48715E-04
2.64693E-06 2.79679E-05 4.36234E-06 2.78224E-05 2.81926E-05 2.70473E-05 2.83056E-05 -1.47576E-03 2.79679E-05 2.64693E-06 3.26739E-04
3.53211E-06 2.64159E-05 6.69878E-06 2.62155E-05 2.65103E-05 2.53580E-05 2.65689E-05 -1.23840E-03 2.64159E-05 3.53211E-06 4.50950E-04
3.77547E-06 2.43156E-05 8.15162E-06 2.40697E-05 2.42930E-05 2.31499E-05 2.43232E-05 -1.02913E-03 2.43156E-05 3.77547E-06 5.30577E-04
3.52796E-06 2.18288E-05 8.90771E-06 2.15458E-05 2.17022E-05 2.05816E-05 2.17220E-05 -8.44594E-04 2.18288E-05 3.52796E-06 5.74190E-04
2.91287E-06 1.90847E-05 9.12034E-06 1.87723E-05 1.88662E-05 1.77791E-05 1.88880E-05 -6.81818E-04 1.90847E-05 2.91287E-06 5.89369E-04
2.02999E-06 1.61852E-05 8.91454E-06 1.58502E-05 1.58863E-05 1.48415E-05 1.59182E-05 -5.38186E-04 1.61852E-05 2.02999E-06 5.82617E-04
9.59478E-07 1.32101E-05 8.39178E-06 1.28586E-05 1.28413E-05 1.18461E-05 1.28886E-05 -4.11404E-04 1.32101E-05 9.59478E-07 5.59383E-04
-2.34734E-07 1.02214E-05 7.63408E-06 9.85863E-06 9.79251E-06 8.85241E-06 9.85824E-06 -2.99463E-04 1.02214E-05 -2.34734E-07 5.24160E-04
-1.50201E-06 7.26640E-06 6.70749E-06 6.89723E-06 6.78645E-06 5.90589E-06 6.87215E-06 -2.00610E-04 7.26640E-06 -1.50201E-06 4.80599E-04
-2.80258E-06 4.38110E-06 5.66496E-06 4.00967E-06 3.85827E-06 3.04059E-06 3.96435E-06 -1.13312E-04 4.38110E-06 -2.80258E-06 4.31630E-04
-4.10548E-06 1.59204E-06 4.54876E-06 1.22205E-06 1.03385E-06 2.81501E-07 1.15996E-06 -3.62273E-05 1.59204E-06 -4.10548E-06 3.79575E-04
-5.38690E-06 -1.08156E-06 3.39243E-06 -1.44687E-06 -1.66824E-06 -2.35358E-06 -1.52302E-06 3.18156E-05 -1.08156E-06 -5.38690E-06 3.26251E-04
-6.62881E-06 -3.62635E-06 2.22243E-06 -3.98414E-06 -4.23528E-06 -4.85254E-06 -4.07221E-06 9.18448E-05 -3.62635E-06 -6.62881E-06 2.73058E-04
-7.81781E-06 -6.03361E-06 1.05941E-06 -6.38140E-06 -6.65911E-06 -7.20779E-06 -6.47971E-06 1.44762E-04 -6.03361E-06 -7.81781E-06 2.21059E-04
-8.94425E-06 -8.29826E-06 -8.06549E-08 -8.63391E-06 -8.93520E-06 -9.41522E-06 -8.74111E-06 1.91359E-04 -8.29826E-06 -8.94425E-06 1.71040E-04
-1.00014E-05 -1.04181E-05 -1.18560E-06 -1.07397E-05 -1.10618E-05 -1.14735E-05 -1.08548E-05 2.32333E-04 -1.04181E-05 -1.00014E-05 1.23567E-04
-1.09851E-05 -1.23931E-05 -2.24634E-06 -1.26991E-05 -1.30394E-05 -1.33833E-05 -1.28211E-05 2.68299E-04 -1.23931E-05 -1.09851E-05 7.90281E-05
-1.18927E-05 -1.42250E-05 -3.25628E-06 -1.45140E-05 -1.48699E-05 -1.51470E-05 -1.46422E-05 2.99798E-04 -1.42250E-05 -1.18927E-05 3.76725E-05
-1.27235E-05 -1.59167E-05 -4.21084E-06 -1.61875E-05 -1.65569E-05 -1.67683E-05 -1.63214E-05 3.27312E-04 -1.59167E-05 -1.27235E-05 -3.61145E-07
-1.34775E-05 -1.74721E-05 -5.10702E-06 -1.77237E-05 -1.81046E-05 -1.82514E-05 -1.78629E-05 3.51265E-04 -1.74721E-05 -1.34775E-05 -3.50197E-05
-1.41559E-05 -1.88959E-05 -5.94315E-06 -1.91276E-05 -1.95178E-05 -1.96016E-05 -1.92715E-05 3.72032E-04 -1.88959E-05 -1.41559E-05 -6.63162E-05
-1.47605E-05 -2.01932E-05 -6.71853E-06 -2.04041E-05 -2.08020E-05 -2.08243E-05 -2.05525E-05 3.89951E-04 -2.01932E-05 -1.47605E-05 -9.43133E-05
-1.52934E-05 -2.13693E-05 -7.43330E-06 -2.15591E-05 -2.19629E-05 -2.19252E-05 -2.17116E-05 4.05317E-04 -2.13693E-05 -1.52934E-05 -1.19111E-04
-1.57575E-05 -2.24300E-05 -8.08822E-06 -2.25980E-05 -2.30062E-05 -2.29103E-05 -2.27544E-05 4.18398E-04 -2.24300E-05 -1.57575E-05 -1.40836E-04
-1.61556E-05 -2.33808E-05 -8.68452E-06 -2.35268E-05 -2.39380E-05 -2.37855E-05 -2.36868E-05 4.29428E-04 -2.33808E-05 -1.61556E-05 -1.59634E-04
-1.64907E-05 -2.42274E-05 -9.22381E-06 -2.43511E-05 -2.47640E-05 -2.45567E-05 -2.45146E-05 4.38621E-04 -2.42274E-05 -1.64907E-05 -1.75663E-04
-1.67660E-05 -2.49755E-05 -9.70797E-06 -2.50768E-05 -2.54900E-05 -2.52298E-05 -2.52435E-05 4.46164E-04 -2.49755E-05 -1.67660E-05 -1.89087E-04
-1.69847E-05 -2.56306E-05 -1.01391E-05 -2.57093E-05 -2.61218E-05 -2.58104E-05 -2.58790E-05 4.52228E-04 -2.56306E-05 -1.69847E-05 -2.00074E-04
-1.71500E-05 -2.61979E-05 -1.05193E-05 -2.62541E-05 -2.66648E-05 -2.63040E-05 -2.64267E-05 4.56965E-04 -2.61979E-05 -1.71500E-05 -2.08793E-04
-1.72651E-05 -2.66828E-05 -1.08511E-05 -2.67165E-05 -2.71245E-05 -2.67161E-05 -2.68917E-05 4.60510E-04 -2.66828E-05 -1.72651E-05 -2.15409E-04
-1.73331E-05 -2.70903E-05 -1.11365E-05 -2.71014E-05 -2.75058E-05 -2.70516E-05 -2.72792E-05 4.62986E-04 -2.70903E-05 -1.73331E-05 -2.20084E-04
-1.73569E-05 -2.74250E-05 -1.13782E-05 -2.74138E-05 -2.78138E-05 -2.73156E-05 -2.75940E-05 4.64504E-04 -2.74250E-05 -1.73569E-05 -2.22973E-04
-1.73396E-05 -2.76918E-05 -1.15782E-05 -2.76583E-05 -2.80531E-05 -2.75126E-05 -2.78407E-05 4.65162E-04 -2.76918E-05 -1.73396E-05 -2.24228E-04
-1.72839E-05 -2.78948E-05 -1.17391E-05 -2.78394E-05 -2.82283E-05 -2.76472E-05 -2.80238E-05 4.65050E-04 -2.78948E-05 -1.72839E-05 -2.23991E-04
-1.71925E-05 -2.80383E-05 -1.18629E-05 -2.79611E-05 -2.83436E-05 -2.77236E-05 -2.81474E-05 4.64249E-04 -2.80383E-05 -1.71925E-05 -2.22399E-04
-1.70681E-05 -2.81264E-05 -1.19519E-05 -2.80276E-05 -2.84030E-05 -2.77459E-05 -2.82156E-05 4.62830E-04 -2.81264E-05 -1.70681E-05 -2.19580E-04
-1.69130E-05 -2.81626E-05 -1.20083E-05 -2.80426E-05 -2.84105E-05 -2.77177E-05 -2.82322E-05 4.60861E-04 -2.81626E-05 -1.69130E-05 -2.15654E-04
-1.67296E-05 -2.81508E-05 -1.20340E-05 -2.80098E-05 -2.83696E-05 -2.76428E-05 -2.82008E-05 4.58400E-04 -2.81508E-05 -1.67296E-05 -2.10737E-04
-1.65201E-05 -2.80941E-05 -1.20310E-05 -2.79324E-05 -2.82837E-05 -2.75245E-05 -2.81247E-05 4.55500E-04 -2.80941E-05 -1.65201E-05 -2.04935E-04
-1.62866E-05 -2.79958E-05 -1.20012E-05 -2.78138E-05 -2.81562E-05 -2.73660E-05 -2.80072E-05 4.52211E-04 -2.79958E-05 -1.62866E-05 -1.98346E-04
-1.60312E-05 -2.78589E-05 -1.19465E-05 -2.76569E-05 -2.79901E-05 -2.71704E-05 -2.78513E-05 4.48576E-04 -2.78589E-05 -1.60312E-05 -1.91064E-04
---
