PdfType: replica
Format: lhagrid1
---
1.00000E-07 1.58489E-07 2.51189E-07 3.98107E-07 6.30957E-07 1.00000E-06 1.58489E-06 2.51189E-06 3.98107E-06 6.30957E-06 1.00000E-05 1.58489E-05 2.51189E-05 3.98107E-05 6.30957E-05 1.00000E-04 1.58489E-04 2.51189E-04 3.98107E-04 6.30957E-04 1.00000E-03 1.58489E-03 2.51189E-03 3.98107E-03 6.30957E-03 1.00000E-02 1.25893E-02 1.58489E-02 1.99526E-02 2.51189E-02 3.16228E-02 3.98107E-02 5.01187E-02 6.30957E-02 7.94328E-02 1.00000E-01 1.25900E-01 1.58500E-01 1.99500E-01 2.51200E-01 3.16200E-01 3.98100E-01 5.01200E-01 6.31000E-01 7.94300E-01 1.00000E+00
1.00000E+00 1.20679E+00 1.45635E+00 1.75751E+00 2.12095E+00 2.55955E+00 3.08884E+00 3.72759E+00 4.49843E+00 5.42868E+00 6.55129E+00 7.90604E+00 9.54095E+00 1.15140E+01 1.38950E+01 1.67683E+01 2.02359E+01 2.44205E+01 2.94705E+01 3.55648E+01 4.29193E+01 5.17947E+01 6.25055E+01 7.54312E+01 9.10298E+01 1.09854E+02 1.32571E+02 1.59986E+02 1.93070E+02 2.32995E+02 2.81177E+02 3.39322E+02 4.09492E+02 4.94171E+02 5.96362E+02 7.19686E+02 8.68511E+02 1.04811E+03 1.26486E+03 1.52642E+03 1.84207E+03 2.22300E+03 2.68270E+03 3.23746E+03 3.90694E+03 4.71487E+03 5.68987E+03 6.86649E+03 8.28643E+03 1.00000E+04
-5 -4 -3 -2 -1 1 2 3 4 5 21
0.00000E+00 0.00000E+00 2.36669E-02 2.72018E+00 2.71955E+00 2.71939E+00 2.71916E+00 2.31642E-02 0.00000E+00 0.00000E+00 -3.25913E+00
0.00000E+00 0.00000E+00 6.33391E-02 2.70222E+00 2.70158E+00 2.70146E+00 2.70141E+00 6.28287E-02 0.00000E+00 0.00000E+00 -8.75135E-01
0.00000E+00 1.06040E-01 2.02941E-01 2.79462E+00 2.79396E+00 2.79388E+00 2.79396E+00 2.02424E-01 1.06040E-01 0.00000E+00 2.73818E+00
0.00000E+00 3.47654E-01 4.44688E-01 2.99592E+00 2.99525E+00 2.99520E+00 2.99538E+00 4.44165E-01 3.47654E-01 0.00000E+00 7.95575E+00
0.00000E+00 6.92385E-01 7.89541E-01 3.30524E+00 3.30455E+00 3.30452E+00 3.30479E+00 7.89013E-01 6.92385E-01 0.00000E+00 1.52387E+01
0.00000E+00 1.13853E+00 1.23580E+00 3.71983E+00 3.71913E+00 3.71912E+00 3.71947E+00 1.23526E+00 1.13853E+00 0.00000E+00 2.49315E+01
0.00000E+00 1.68378E+00 1.78115E+00 4.23666E+00 4.23595E+00 4.23596E+00 4.23637E+00 1.78062E+00 1.68378E+00 0.00000E+00 3.73138E+01
0.00000E+00 2.32570E+00 2.42317E+00 4.85274E+00 4.85202E+00 4.85204E+00 4.85251E+00 2.42263E+00 2.32570E+00 0.00000E+00 5.26030E+01
2.57168E-01 3.01173E+00 3.10929E+00 5.51522E+00 5.51449E+00 5.51453E+00 5.51504E+00 3.10875E+00 3.01173E+00 2.57168E-01 7.11110E+01
9.84630E-01 3.71798E+00 3.81562E+00 6.19980E+00 6.19907E+00 6.19911E+00 6.19967E+00 3.81508E+00 3.71798E+00 9.84630E-01 9.29383E+01
1.81054E+00 4.52406E+00 4.62178E+00 6.98567E+00 6.98493E+00 6.98498E+00 6.98558E+00 4.62123E+00 4.52406E+00 1.81054E+00 1.17895E+02
2.73368E+00 5.42860E+00 5.52641E+00 7.87126E+00 7.87052E+00 7.87057E+00 7.87122E+00 5.52585E+00 5.42860E+00 2.73368E+00 1.46043E+02
3.75275E+00 6.43016E+00 6.52804E+00 8.85500E+00 8.85424E+00 8.85431E+00 8.85499E+00 6.52748E+00 6.43016E+00 3.75275E+00 1.77420E+02
4.86637E+00 7.52723E+00 7.62518E+00 9.93526E+00 9.93450E+00 9.93457E+00 9.93528E+00 7.62462E+00 7.52723E+00 4.86637E+00 2.12045E+02
6.07311E+00 8.71831E+00 8.81633E+00 1.11104E+01 1.11097E+01 1.11097E+01 1.11105E+01 8.81577E+00 8.71831E+00 6.07311E+00 2.49922E+02
7.37153E+00 1.00019E+01 1.00999E+01 1.23789E+01 1.23781E+01 1.23782E+01 1.23790E+01 1.00994E+01 1.00019E+01 7.37153E+00 2.91039E+02
8.76018E+00 1.13763E+01 1.14745E+01 1.37390E+01 1.37382E+01 1.37383E+01 1.37391E+01 1.14739E+01 1.13763E+01 8.76018E+00 3.35374E+02
1.02376E+01 1.28402E+01 1.29385E+01 1.51892E+01 1.51884E+01 1.51885E+01 1.51894E+01 1.29379E+01 1.28402E+01 1.02376E+01 3.82895E+02
1.18023E+01 1.43920E+01 1.44903E+01 1.67279E+01 1.67271E+01 1.67273E+01 1.67281E+01 1.44897E+01 1.43920E+01 1.18023E+01 4.33561E+02
1.34528E+01 1.60302E+01 1.61285E+01 1.83536E+01 1.83528E+01 1.83529E+01 1.83538E+01 1.61279E+01 1.60302E+01 1.34528E+01 4.87327E+02
1.51876E+01 1.77532E+01 1.78515E+01 2.00646E+01 2.00638E+01 2.00639E+01 2.00648E+01 1.78510E+01 1.77532E+01 1.51876E+01 5.44141E+02
1.70053E+01 1.95595E+01 1.96579E+01 2.18594E+01 2.18586E+01 2.18587E+01 2.18596E+01 1.96574E+01 1.95595E+01 1.70053E+01 6.03947E+02
1.89045E+01 2.14477E+01 2.15462E+01 2.37366E+01 2.37358E+01 2.37359E+01 2.37368E+01 2.15456E+01 2.14477E+01 1.89045E+01 6.66687E+02
2.08837E+01 2.34163E+01 2.35149E+01 2.56946E+01 2.56937E+01 2.56939E+01 2.56948E+01 2.35143E+01 2.34163E+01 2.08837E+01 7.32300E+02
2.29414E+01 2.54639E+01 2.55625E+01 2.77319E+01 2.77310E+01 2.77312E+01 2.77321E+01 2.55619E+01 2.54639E+01 2.29414E+01 8.00723E+02
2.50763E+01 2.75890E+01 2.76876E+01 2.98470E+01 2.98462E+01 2.98463E+01 2.98473E+01 2.76870E+01 2.75890E+01 2.50763E+01 8.71892E+02
2.72869E+01 2.97901E+01 2.98888E+01 3.20386E+01 3.20378E+01 3.20379E+01 3.20389E+01 2.98882E+01 2.97901E+01 2.72869E+01 9.45742E+02
2.95720E+01 3.20659E+01 3.21647E+01 3.43052E+01 3.43044E+01 3.43045E+01 3.43055E+01 3.21641E+01 3.20659E+01 2.95720E+01 1.02221E+03
3.19300E+01 3.44151E+01 3.45138E+01 3.66454E+01 3.66445E+01 3.66447E+01 3.66457E+01 3.45132E+01 3.44151E+01 3.19300E+01 1.10123E+03
3.43596E+01 3.68361E+01 3.69349E+01 3.90578E+01 3.90569E+01 3.90571E+01 3.90581E+01 3.69343E+01 3.68361E+01 3.43596E+01 1.18273E+03
3.68596E+01 3.93277E+01 3.94266E+01 4.15410E+01 4.15401E+01 4.15403E+01 4.15413E+01 3.94260E+01 3.93277E+01 3.68596E+01 1.26666E+03
3.94286E+01 4.18886E+01 4.19875E+01 4.40937E+01 4.40929E+01 4.40930E+01 4.40941E+01 4.19869E+01 4.18886E+01 3.94286E+01 1.35294E+03
4.20654E+01 4.45174E+01 4.46164E+01 4.67146E+01 4.67138E+01 4.67139E+01 4.67150E+01 4.46158E+01 4.45174E+01 4.20654E+01 1.44152E+03
4.47685E+01 4.72129E+01 4.73119E+01 4.94024E+01 4.94015E+01 4.94017E+01 4.94028E+01 4.73113E+01 4.72129E+01 4.47685E+01 1.53234E+03
4.75369E+01 4.99738E+01 5.00728E+01 5.21558E+01 5.21549E+01 5.21551E+01 5.21562E+01 5.00722E+01 4.99738E+01 4.75369E+01 1.62533E+03
5.03692E+01 5.27988E+01 5.28979E+01 5.49735E+01 5.49726E+01 5.49728E+01 5.49739E+01 5.28973E+01 5.27988E+01 5.03692E+01 1.72043E+03
5.32642E+01 5.56867E+01 5.57858E+01 5.78543E+01 5.78535E+01 5.78536E+01 5.78548E+01 5.57852E+01 5.56867E+01 5.32642E+01 1.81758E+03
5.62207E+01 5.86364E+01 5.87355E+01 6.07971E+01 6.07962E+01 6.07964E+01 6.07975E+01 5.87349E+01 5.86364E+01 5.62207E+01 1.91674E+03
5.92377E+01 6.16466E+01 6.17457E+01 6.38005E+01 6.37996E+01 6.37998E+01 6.38009E+01 6.17451E+01 6.16466E+01 5.92377E+01 2.01783E+03
6.23138E+01 6.47161E+01 6.48153E+01 6.68635E+01 6.68626E+01 6.68628E+01 6.68639E+01 6.48147E+01 6.47161E+01 6.23138E+01 2.12081E+03
6.54480E+01 6.78439E+01 6.79431E+01 6.99848E+01 6.99839E+01 6.99841E+01 6.99853E+01 6.79425E+01 6.78439E+01 6.54480E+01 2.22562E+03
6.86392E+01 7.10288E+01 7.11280E+01 7.31634E+01 7.31625E+01 7.31627E+01 7.31639E+01 7.11274E+01 7.10288E+01 6.86392E+01 2.33221E+03
7.18862E+01 7.42697E+01 7.43690E+01 7.63982E+01 7.63973E+01 7.63975E+01 7.63987E+01 7.43684E+01 7.42697E+01 7.18862E+01 2.44053E+03
7.51880E+01 7.75655E+01 7.76648E+01 7.96880E+01 7.96871E+01 7.96873E+01 7.96885E+01 7.76642E+01 7.75655E+01 7.51880E+01 2.55053E+03
7.85436E+01 8.09152E+01 8.10145E+01 8.30318E+01 8.30309E+01 8.30311E+01 8.30323E+01 8.10139E+01 8.09152E+01 7.85436E+01 2.66216E+03
8.19518E+01 8.43177E+01 8.44171E+01 8.64286E+01 8.64277E+01 8.64279E+01 8.64291E+01 8.44164E+01 8.43177E+01 8.19518E+01 2.77538E+03
8.54118E+01 8.77720E+01 8.78714E+01 8.98773E+01 8.98764E+01 8.98766E+01 8.98778E+01 8.78708E+01 8.77720E+01 8.54118E+01 2.89013E+03
8.89224E+01 9.12771E+01 9.13765E+01 9.33769E+01 9.33760E+01 9.33762E+01 9.33774E+01 9.13759E+01 9.12771E+01 8.89224E+01 3.00638E+03
9.24827E+01 9.48320E+01 9.49315E+01 9.69265E+01 9.69256E+01 9.69258E+01 9.69270E+01 9.49309E+01 9.48320E+01 9.24827E+01 3.12407E+03
9.60918E+01 9.84358E+01 9.85354E+01 1.00525E+02 1.00524E+02 1.00524E+02 1.00526E+02 9.85347E+01 9.84358E+01 9.60918E+01 3.24317E+03
0.00000E+00 0.00000E+00 2.81475E-02 2.43436E+00 2.43366E+00 2.43386E+00 2.43479E+00 2.76104E-02 0.00000E+00 0.00000E+00 -3.00315E+00
0.00000E+00 0.00000E+00 6.62005E-02 2.42072E+00 2.42000E+00 2.42020E+00 2.42118E+00 6.56555E-02 0.00000E+00 0.00000E+00 -8.10394E-01
0.00000E+00 9.93901E-02 1.97320E-01 2.50951E+00 2.50877E+00 2.50896E+00 2.50997E+00 1.96768E-01 9.93901E-02 0.00000E+00 2.54104E+00
0.00000E+00 3.23517E-01 4.21587E-01 2.69750E+00 2.69675E+00 2.69693E+00 2.69797E+00 4.21029E-01 3.23517E-01 0.00000E+00 7.38837E+00
0.00000E+00 6.40315E-01 7.38512E-01 2.98255E+00 2.98178E+00 2.98196E+00 2.98303E+00 7.37950E-01 6.40315E-01 0.00000E+00 1.41388E+01
0.00000E+00 1.04721E+00 1.14552E+00 3.36116E+00 3.36038E+00 3.36056E+00 3.36164E+00 1.14496E+00 1.04721E+00 0.00000E+00 2.30829E+01
0.00000E+00 1.54134E+00 1.63977E+00 3.82982E+00 3.82903E+00 3.82920E+00 3.83031E+00 1.63920E+00 1.54134E+00 0.00000E+00 3.44477E+01
0.00000E+00 2.11991E+00 2.21844E+00 4.38523E+00 4.38443E+00 4.38460E+00 4.38572E+00 2.21787E+00 2.11991E+00 0.00000E+00 4.84021E+01
2.32799E-01 2.73762E+00 2.83624E+00 4.98182E+00 4.98101E+00 4.98118E+00 4.98232E+00 2.83567E+00 2.73762E+00 2.32799E-01 6.51622E+01
8.88709E-01 3.37414E+00 3.47285E+00 5.59893E+00 5.59811E+00 5.59828E+00 5.59943E+00 3.47227E+00 3.37414E+00 8.88709E-01 8.47639E+01
1.62959E+00 4.09690E+00 4.19570E+00 6.30356E+00 6.30274E+00 6.30290E+00 6.30408E+00 4.19511E+00 4.09690E+00 1.62959E+00 1.07068E+02
2.45391E+00 4.90422E+00 5.00310E+00 7.09390E+00 7.09307E+00 7.09323E+00 7.09442E+00 5.00251E+00 4.90422E+00 2.45391E+00 1.32111E+02
3.36011E+00 5.79443E+00 5.89338E+00 7.96813E+00 7.96729E+00 7.96746E+00 7.96866E+00 5.89279E+00 5.79443E+00 3.36011E+00 1.59907E+02
4.34664E+00 6.76584E+00 6.86487E+00 8.92448E+00 8.92363E+00 8.92379E+00 8.92501E+00 6.86428E+00 6.76584E+00 4.34664E+00 1.90457E+02
5.41193E+00 7.81681E+00 7.91591E+00 9.96118E+00 9.96033E+00 9.96049E+00 9.96172E+00 7.91531E+00 7.81681E+00 5.41193E+00 2.23748E+02
6.55442E+00 8.94570E+00 9.04487E+00 1.10765E+01 1.10757E+01 1.10758E+01 1.10771E+01 9.04428E+00 8.94570E+00 6.55442E+00 2.59755E+02
7.77257E+00 1.01509E+01 1.02502E+01 1.22689E+01 1.22680E+01 1.22682E+01 1.22694E+01 1.02496E+01 1.01509E+01 7.77257E+00 2.98445E+02
9.06488E+00 1.14309E+01 1.15302E+01 1.35366E+01 1.35357E+01 1.35359E+01 1.35372E+01 1.15296E+01 1.14309E+01 9.06488E+00 3.39780E+02
1.04298E+01 1.27841E+01 1.28834E+01 1.48781E+01 1.48772E+01 1.48773E+01 1.48786E+01 1.28828E+01 1.27841E+01 1.04298E+01 3.83711E+02
1.18660E+01 1.42089E+01 1.43083E+01 1.62917E+01 1.62908E+01 1.62910E+01 1.62923E+01 1.43077E+01 1.42089E+01 1.18660E+01 4.30190E+02
1.33719E+01 1.57039E+01 1.58034E+01 1.77760E+01 1.77751E+01 1.77753E+01 1.77766E+01 1.58028E+01 1.57039E+01 1.33719E+01 4.79163E+02
1.49460E+01 1.72677E+01 1.73672E+01 1.93294E+01 1.93285E+01 1.93287E+01 1.93300E+01 1.73666E+01 1.72677E+01 1.49460E+01 5.30572E+02
1.65871E+01 1.88988E+01 1.89983E+01 2.09506E+01 2.09497E+01 2.09498E+01 2.09512E+01 1.89977E+01 1.88988E+01 1.65871E+01 5.84362E+02
1.82936E+01 2.05957E+01 2.06953E+01 2.26380E+01 2.26370E+01 2.26372E+01 2.26386E+01 2.06947E+01 2.05957E+01 1.82936E+01 6.40471E+02
2.00643E+01 2.23571E+01 2.24568E+01 2.43902E+01 2.43892E+01 2.43894E+01 2.43908E+01 2.24561E+01 2.23571E+01 2.00643E+01 6.98840E+02
2.18978E+01 2.41816E+01 2.42813E+01 2.62058E+01 2.62049E+01 2.62051E+01 2.62064E+01 2.42807E+01 2.41816E+01 2.18978E+01 7.59408E+02
2.37928E+01 2.60679E+01 2.61677E+01 2.80835E+01 2.80826E+01 2.80828E+01 2.80842E+01 2.61671E+01 2.60679E+01 2.37928E+01 8.22116E+02
2.57480E+01 2.80147E+01 2.81145E+01 3.00220E+01 3.00211E+01 3.00213E+01 3.00227E+01 2.81139E+01 2.80147E+01 2.57480E+01 8.86903E+02
2.77621E+01 3.00206E+01 3.01205E+01 3.20200E+01 3.20191E+01 3.20192E+01 3.20206E+01 3.01199E+01 3.00206E+01 2.77621E+01 9.53709E+02
2.98339E+01 3.20845E+01 3.21845E+01 3.40761E+01 3.40752E+01 3.40754E+01 3.40768E+01 3.21839E+01 3.20845E+01 2.98339E+01 1.02248E+03
3.19621E+01 3.42051E+01 3.43051E+01 3.61892E+01 3.61883E+01 3.61884E+01 3.61898E+01 3.43045E+01 3.42051E+01 3.19621E+01 1.09315E+03
3.41456E+01 3.63812E+01 3.64812E+01 3.83580E+01 3.83570E+01 3.83572E+01 3.83586E+01 3.64806E+01 3.63812E+01 3.41456E+01 1.16567E+03
3.63832E+01 3.86116E+01 3.87117E+01 4.05813E+01 4.05803E+01 4.05805E+01 4.05819E+01 3.87110E+01 3.86116E+01 3.63832E+01 1.23997E+03
3.86738E+01 4.08951E+01 4.09952E+01 4.28579E+01 4.28569E+01 4.28571E+01 4.28585E+01 4.09946E+01 4.08951E+01 3.86738E+01 1.31602E+03
4.10161E+01 4.32306E+01 4.33308E+01 4.51867E+01 4.51857E+01 4.51859E+01 4.51873E+01 4.33302E+01 4.32306E+01 4.10161E+01 1.39374E+03
4.34091E+01 4.56170E+01 4.57172E+01 4.75665E+01 4.75656E+01 4.75658E+01 4.75672E+01 4.57166E+01 4.56170E+01 4.34091E+01 1.47310E+03
4.58518E+01 4.80532E+01 4.81534E+01 4.99963E+01 4.99954E+01 4.99956E+01 4.99970E+01 4.81528E+01 4.80532E+01 4.58518E+01 1.55404E+03
4.83430E+01 5.05381E+01 5.06384E+01 5.24751E+01 5.24741E+01 5.24743E+01 5.24757E+01 5.06377E+01 5.05381E+01 4.83430E+01 1.63650E+03
5.08818E+01 5.30707E+01 5.31710E+01 5.50016E+01 5.50006E+01 5.50008E+01 5.50023E+01 5.31704E+01 5.30707E+01 5.08818E+01 1.72045E+03
5.34670E+01 5.56499E+01 5.57503E+01 5.75749E+01 5.75739E+01 5.75741E+01 5.75756E+01 5.57496E+01 5.56499E+01 5.34670E+01 1.80583E+03
5.60978E+01 5.82748E+01 5.83752E+01 6.01940E+01 6.01930E+01 6.01933E+01 6.01947E+01 5.83745E+01 5.82748E+01 5.60978E+01 1.89261E+03
5.87730E+01 6.09444E+01 6.10448E+01 6.28579E+01 6.28570E+01 6.28572E+01 6.28587E+01 6.10441E+01 6.09444E+01 5.87730E+01 1.98072E+03
6.14919E+01 6.36576E+01 6.37580E+01 6.55657E+01 6.55647E+01 6.55649E+01 6.55664E+01 6.37574E+01 6.36576E+01 6.14919E+01 2.07014E+03
6.42534E+01 6.64136E+01 6.65141E+01 6.83163E+01 6.83153E+01 6.83156E+01 6.83171E+01 6.65134E+01 6.64136E+01 6.42534E+01 2.16082E+03
6.70566E+01 6.92115E+01 6.93120E+01 7.11090E+01 7.11080E+01 7.11082E+01 7.11097E+01 6.93113E+01 6.92115E+01 6.70566E+01 2.25272E+03
6.99007E+01 7.20503E+01 7.21508E+01 7.39426E+01 7.39416E+01 7.39419E+01 7.39434E+01 7.21502E+01 7.20503E+01 6.99007E+01 2.34580E+03
7.27848E+01 7.49292E+01 7.50298E+01 7.68165E+01 7.68155E+01 7.68157E+01 7.68172E+01 7.50291E+01 7.49292E+01 7.27848E+01 2.44002E+03
7.57079E+01 7.78473E+01 7.79479E+01 7.97297E+01 7.97287E+01 7.97289E+01 7.97304E+01 7.79472E+01 7.78473E+01 7.57079E+01 2.53534E+03
7.86693E+01 8.08038E+01 8.09044E+01 8.26813E+01 8.26803E+01 8.26805E+01 8.26821E+01 8.09038E+01 8.08038E+01 7.86693E+01 2.63174E+03
8.16682E+01 8.37978E+01 8.38985E+01 8.56706E+01 8.56696E+01 8.56698E+01 8.56714E+01 8.38978E+01 8.37978E+01 8.16682E+01 2.72916E+03
0.00000E+00 0.00000E+00 3.20483E-02 2.17787E+00 2.17709E+00 2.17721E+00 2.17834E+00 3.14755E-02 0.00000E+00 0.00000E+00 -2.77513E+00
0.00000E+00 0.00000E+00 6.89241E-02 2.16839E+00 2.16759E+00 2.16770E+00 2.16885E+00 6.83435E-02 0.00000E+00 0.00000E+00 -7.52326E-01
0.00000E+00 9.33102E-02 1.92323E-01 2.25382E+00 2.25300E+00 2.25310E+00 2.25427E+00 1.91736E-01 9.33102E-02 0.00000E+00 2.36315E+00
0.00000E+00 3.01311E-01 4.00471E-01 2.42943E+00 2.42859E+00 2.42869E+00 2.42987E+00 3.99878E-01 3.01311E-01 0.00000E+00 6.87215E+00
0.00000E+00 5.92373E-01 6.91666E-01 2.69203E+00 2.69118E+00 2.69127E+00 2.69247E+00 6.91068E-01 5.92373E-01 0.00000E+00 1.31313E+01
0.00000E+00 9.63240E-01 1.06266E+00 3.03755E+00 3.03668E+00 3.03677E+00 3.03799E+00 1.06205E+00 9.63240E-01 0.00000E+00 2.13822E+01
0.00000E+00 1.41065E+00 1.51018E+00 3.46212E+00 3.46124E+00 3.46133E+00 3.46256E+00 1.50957E+00 1.41065E+00 0.00000E+00 3.18047E+01
0.00000E+00 1.93156E+00 2.03119E+00 3.96227E+00 3.96138E+00 3.96147E+00 3.96271E+00 2.03058E+00 1.93156E+00 0.00000E+00 4.45254E+01
2.10476E-01 2.48706E+00 2.58679E+00 4.49884E+00 4.49794E+00 4.49803E+00 4.49929E+00 2.58618E+00 2.48706E+00 2.10476E-01 5.96802E+01
8.01074E-01 3.05994E+00 3.15976E+00 5.05431E+00 5.05341E+00 5.05350E+00 5.05477E+00 3.15915E+00 3.05994E+00 8.01074E-01 7.72538E+01
1.46469E+00 3.70699E+00 3.80691E+00 5.68513E+00 5.68421E+00 5.68430E+00 5.68559E+00 3.80629E+00 3.70699E+00 1.46469E+00 9.71510E+01
2.19958E+00 4.42635E+00 4.52636E+00 6.38927E+00 6.38834E+00 6.38844E+00 6.38974E+00 4.52573E+00 4.42635E+00 2.19958E+00 1.19386E+02
3.00405E+00 5.21620E+00 5.31628E+00 7.16479E+00 7.16386E+00 7.16396E+00 7.16527E+00 5.31566E+00 5.21620E+00 3.00405E+00 1.43957E+02
3.87642E+00 6.07476E+00 6.17492E+00 8.00984E+00 8.00890E+00 8.00900E+00 8.01033E+00 6.17429E+00 6.07476E+00 3.87642E+00 1.70850E+02
4.81506E+00 7.00031E+00 7.10055E+00 8.92261E+00 8.92166E+00 8.92177E+00 8.92311E+00 7.09991E+00 7.00031E+00 4.81506E+00 2.00040E+02
5.81837E+00 7.99120E+00 8.09150E+00 9.90137E+00 9.90041E+00 9.90052E+00 9.90188E+00 8.09087E+00 7.99120E+00 5.81837E+00 2.31493E+02
6.88480E+00 9.04580E+00 9.14617E+00 1.09444E+01 1.09435E+01 1.09436E+01 1.09450E+01 9.14554E+00 9.04580E+00 6.88480E+00 2.65170E+02
8.01283E+00 1.01626E+01 1.02630E+01 1.20502E+01 1.20492E+01 1.20493E+01 1.20507E+01 1.02624E+01 1.01626E+01 8.01283E+00 3.01026E+02
9.20099E+00 1.13399E+01 1.14404E+01 1.32171E+01 1.32161E+01 1.32162E+01 1.32176E+01 1.14398E+01 1.13399E+01 9.20099E+00 3.39012E+02
1.04478E+01 1.25765E+01 1.26770E+01 1.44436E+01 1.44426E+01 1.44427E+01 1.44441E+01 1.26764E+01 1.25765E+01 1.04478E+01 3.79076E+02
1.17520E+01 1.38707E+01 1.39713E+01 1.57282E+01 1.57272E+01 1.57273E+01 1.57287E+01 1.39707E+01 1.38707E+01 1.17520E+01 4.21165E+02
1.31120E+01 1.52213E+01 1.53219E+01 1.70695E+01 1.70685E+01 1.70686E+01 1.70700E+01 1.53213E+01 1.52213E+01 1.31120E+01 4.65224E+02
1.45267E+01 1.66267E+01 1.67275E+01 1.84661E+01 1.84651E+01 1.84652E+01 1.84667E+01 1.67268E+01 1.66267E+01 1.45267E+01 5.11196E+02
1.59946E+01 1.80858E+01 1.81866E+01 1.99166E+01 1.99156E+01 1.99158E+01 1.99172E+01 1.81860E+01 1.80858E+01 1.59946E+01 5.59027E+02
1.75145E+01 1.95973E+01 1.96981E+01 2.14198E+01 2.14188E+01 2.14189E+01 2.14204E+01 1.96974E+01 1.95973E+01 1.75145E+01 6.08659E+02
1.90852E+01 2.11597E+01 2.12606E+01 2.29743E+01 2.29733E+01 2.29735E+01 2.29749E+01 2.12600E+01 2.11597E+01 1.90852E+01 6.60036E+02
2.07054E+01 2.27720E+01 2.28730E+01 2.45789E+01 2.45779E+01 2.45781E+01 2.45796E+01 2.28723E+01 2.27720E+01 2.07054E+01 7.13105E+02
2.23740E+01 2.44329E+01 2.45339E+01 2.62324E+01 2.62314E+01 2.62315E+01 2.62330E+01 2.45332E+01 2.44329E+01 2.23740E+01 7.67809E+02
2.40897E+01 2.61413E+01 2.62423E+01 2.79336E+01 2.79325E+01 2.79327E+01 2.79342E+01 2.62416E+01 2.61413E+01 2.40897E+01 8.24097E+02
2.58516E+01 2.78959E+01 2.79970E+01 2.96812E+01 2.96802E+01 2.96804E+01 2.96819E+01 2.79963E+01 2.78959E+01 2.58516E+01 8.81915E+02
2.76584E+01 2.96957E+01 2.97969E+01 3.14743E+01 3.14733E+01 3.14734E+01 3.14750E+01 2.97962E+01 2.96957E+01 2.76584E+01 9.41212E+02
2.95091E+01 3.15397E+01 3.16408E+01 3.33117E+01 3.33106E+01 3.33108E+01 3.33124E+01 3.16402E+01 3.15397E+01 2.95091E+01 1.00194E+03
3.14026E+01 3.34266E+01 3.35278E+01 3.51923E+01 3.51912E+01 3.51914E+01 3.51930E+01 3.35272E+01 3.34266E+01 3.14026E+01 1.06405E+03
3.33380E+01 3.53556E+01 3.54568E+01 3.71150E+01 3.71140E+01 3.71142E+01 3.71157E+01 3.54562E+01 3.53556E+01 3.33380E+01 1.12749E+03
3.53142E+01 3.73255E+01 3.74268E+01 3.90790E+01 3.90779E+01 3.90781E+01 3.90797E+01 3.74261E+01 3.73255E+01 3.53142E+01 1.19221E+03
3.73302E+01 3.93355E+01 3.94368E+01 4.10831E+01 4.10820E+01 4.10822E+01 4.10838E+01 3.94361E+01 3.93355E+01 3.73302E+01 1.25818E+03
3.93851E+01 4.13844E+01 4.14858E+01 4.31263E+01 4.31253E+01 4.31255E+01 4.31271E+01 4.14852E+01 4.13844E+01 3.93851E+01 1.32535E+03
4.14780E+01 4.34715E+01 4.35730E+01 4.52079E+01 4.52068E+01 4.52070E+01 4.52086E+01 4.35723E+01 4.34715E+01 4.14780E+01 1.39367E+03
4.36079E+01 4.55958E+01 4.56973E+01 4.73267E+01 4.73257E+01 4.73259E+01 4.73275E+01 4.56966E+01 4.55958E+01 4.36079E+01 1.46311E+03
4.57740E+01 4.77564E+01 4.78579E+01 4.94820E+01 4.94810E+01 4.94812E+01 4.94828E+01 4.78572E+01 4.77564E+01 4.57740E+01 1.53363E+03
4.79754E+01 4.99524E+01 5.00540E+01 5.16729E+01 5.16718E+01 5.16720E+01 5.16737E+01 5.00533E+01 4.99524E+01 4.79754E+01 1.60518E+03
5.02112E+01 5.21830E+01 5.22846E+01 5.38985E+01 5.38974E+01 5.38976E+01 5.38992E+01 5.22839E+01 5.21830E+01 5.02112E+01 1.67773E+03
5.24807E+01 5.44474E+01 5.45490E+01 5.61579E+01 5.61568E+01 5.61570E+01 5.61587E+01 5.45483E+01 5.44474E+01 5.24807E+01 1.75125E+03
5.47830E+01 5.67447E+01 5.68463E+01 5.84504E+01 5.84493E+01 5.84495E+01 5.84512E+01 5.68456E+01 5.67447E+01 5.47830E+01 1.82570E+03
5.71174E+01 5.90742E+01 5.91758E+01 6.07751E+01 6.07740E+01 6.07742E+01 6.07759E+01 5.91751E+01 5.90742E+01 5.71174E+01 1.90104E+03
5.94831E+01 6.14350E+01 6.15367E+01 6.31314E+01 6.31303E+01 6.31305E+01 6.31322E+01 6.15360E+01 6.14350E+01 5.94831E+01 1.97724E+03
6.18793E+01 6.38265E+01 6.39283E+01 6.55184E+01 6.55173E+01 6.55175E+01 6.55192E+01 6.39276E+01 6.38265E+01 6.18793E+01 2.05428E+03
6.43053E+01 6.62479E+01 6.63497E+01 6.79354E+01 6.79343E+01 6.79345E+01 6.79362E+01 6.63490E+01 6.62479E+01 6.43053E+01 2.13212E+03
6.67604E+01 6.86986E+01 6.88004E+01 7.03817E+01 7.03806E+01 7.03808E+01 7.03825E+01 6.87997E+01 6.86986E+01 6.67604E+01 2.21073E+03
6.92440E+01 7.11777E+01 7.12796E+01 7.28566E+01 7.28555E+01 7.28557E+01 7.28574E+01 7.12789E+01 7.11777E+01 6.92440E+01 2.29009E+03
0.00000E+00 0.00000E+00 3.54294E-02 1.94770E+00 1.94683E+00 1.94682E+00 1.94791E+00 3.48226E-02 0.00000E+00 0.00000E+00 -2.57193E+00
0.00000E+00 0.00000E+00 7.15263E-02 1.94221E+00 1.94132E+00 1.94131E+00 1.94243E+00 7.09116E-02 0.00000E+00 0.00000E+00 -7.00044E-01
0.00000E+00 8.77403E-02 1.87886E-01 2.02451E+00 2.02360E+00 2.02360E+00 2.02475E+00 1.87265E-01 8.77403E-02 0.00000E+00 2.20269E+00
0.00000E+00 2.80851E-01 3.81149E-01 2.18859E+00 2.18766E+00 2.18766E+00 2.18884E+00 3.80522E-01 2.80851E-01 0.00000E+00 6.40205E+00
0.00000E+00 5.48187E-01 6.48624E-01 2.43041E+00 2.42947E+00 2.42948E+00 2.43068E+00 6.47992E-01 5.48187E-01 0.00000E+00 1.22075E+01
0.00000E+00 8.85979E-01 9.86543E-01 2.74548E+00 2.74452E+00 2.74453E+00 2.74576E+00 9.85906E-01 8.85979E-01 0.00000E+00 1.98157E+01
0.00000E+00 1.29069E+00 1.39137E+00 3.12972E+00 3.12875E+00 3.12877E+00 3.13002E+00 1.39073E+00 1.29069E+00 0.00000E+00 2.93652E+01
0.00000E+00 1.75913E+00 1.85992E+00 3.57955E+00 3.57857E+00 3.57859E+00 3.57987E+00 1.85928E+00 1.75913E+00 0.00000E+00 4.09458E+01
1.90038E-01 2.25802E+00 2.35892E+00 4.06148E+00 4.06048E+00 4.06052E+00 4.06182E+00 2.35827E+00 2.25802E+00 1.90038E-01 5.46272E+01
7.21053E-01 2.77285E+00 2.87384E+00 4.56070E+00 4.55969E+00 4.55973E+00 4.56106E+00 2.87318E+00 2.77285E+00 7.21053E-01 7.03538E+01
1.31451E+00 3.35117E+00 3.45226E+00 5.12447E+00 5.12345E+00 5.12350E+00 5.12484E+00 3.45160E+00 3.35117E+00 1.31451E+00 8.80682E+01
1.96856E+00 3.99103E+00 4.09220E+00 5.75068E+00 5.74965E+00 5.74970E+00 5.75107E+00 4.09154E+00 3.99103E+00 1.96856E+00 1.07768E+02
2.68142E+00 4.69052E+00 4.79177E+00 6.43733E+00 6.43630E+00 6.43636E+00 6.43775E+00 4.79111E+00 4.69052E+00 2.68142E+00 1.29439E+02
3.45137E+00 5.44785E+00 5.54918E+00 7.18255E+00 7.18151E+00 7.18158E+00 7.18299E+00 5.54852E+00 5.44785E+00 3.45137E+00 1.53054E+02
4.27677E+00 6.26129E+00 6.36270E+00 7.98453E+00 7.98348E+00 7.98355E+00 7.98498E+00 6.36203E+00 6.26129E+00 4.27677E+00 1.78583E+02
5.15602E+00 7.12919E+00 7.23067E+00 8.84156E+00 8.84050E+00 8.84058E+00 8.84203E+00 7.23000E+00 7.12919E+00 5.15602E+00 2.05984E+02
6.08761E+00 8.04997E+00 8.15152E+00 9.75200E+00 9.75093E+00 9.75102E+00 9.75249E+00 8.15085E+00 8.04997E+00 6.08761E+00 2.35216E+02
7.07006E+00 9.02211E+00 9.12373E+00 1.07143E+01 1.07132E+01 1.07133E+01 1.07148E+01 9.12306E+00 9.02211E+00 7.07006E+00 2.66230E+02
8.10195E+00 1.00442E+01 1.01458E+01 1.17269E+01 1.17258E+01 1.17259E+01 1.17274E+01 1.01452E+01 1.00442E+01 8.10195E+00 2.98977E+02
9.18191E+00 1.11147E+01 1.12164E+01 1.27884E+01 1.27874E+01 1.27875E+01 1.27890E+01 1.12158E+01 1.11147E+01 9.18191E+00 3.33407E+02
1.03086E+01 1.22323E+01 1.23342E+01 1.38975E+01 1.38964E+01 1.38965E+01 1.38980E+01 1.23335E+01 1.22323E+01 1.03086E+01 3.69466E+02
1.14808E+01 1.33958E+01 1.34977E+01 1.50527E+01 1.50516E+01 1.50517E+01 1.50533E+01 1.34970E+01 1.33958E+01 1.14808E+01 4.07103E+02
1.26972E+01 1.46038E+01 1.47058E+01 1.62527E+01 1.62516E+01 1.62518E+01 1.62533E+01 1.47051E+01 1.46038E+01 1.26972E+01 4.46266E+02
1.39566E+01 1.58552E+01 1.59572E+01 1.74964E+01 1.74953E+01 1.74954E+01 1.74970E+01 1.59565E+01 1.58552E+01 1.39566E+01 4.86902E+02
1.52578E+01 1.71486E+01 1.72507E+01 1.87825E+01 1.87813E+01 1.87815E+01 1.87831E+01 1.72500E+01 1.71486E+01 1.52578E+01 5.28960E+02
1.65997E+01 1.84831E+01 1.85852E+01 2.01098E+01 2.01086E+01 2.01088E+01 2.01104E+01 1.85845E+01 1.84831E+01 1.65997E+01 5.72389E+02
1.79812E+01 1.98573E+01 1.99595E+01 2.14772E+01 2.14760E+01 2.14762E+01 2.14778E+01 1.99588E+01 1.98573E+01 1.79812E+01 6.17140E+02
1.94013E+01 2.12704E+01 2.13726E+01 2.28835E+01 2.28824E+01 2.28826E+01 2.28842E+01 2.13719E+01 2.12704E+01 1.94013E+01 6.63164E+02
2.08588E+01 2.27211E+01 2.28233E+01 2.43278E+01 2.43267E+01 2.43269E+01 2.43285E+01 2.28227E+01 2.27211E+01 2.08588E+01 7.10414E+02
2.23528E+01 2.42085E+01 2.43108E+01 2.58090E+01 2.58078E+01 2.58080E+01 2.58097E+01 2.43101E+01 2.42085E+01 2.23528E+01 7.58844E+02
2.38823E+01 2.57316E+01 2.58340E+01 2.73261E+01 2.73249E+01 2.73251E+01 2.73268E+01 2.58333E+01 2.57316E+01 2.38823E+01 8.08410E+02
2.54463E+01 2.72895E+01 2.73918E+01 2.88780E+01 2.88768E+01 2.88770E+01 2.88788E+01 2.73911E+01 2.72895E+01 2.54463E+01 8.59068E+02
2.70440E+01 2.88811E+01 2.89835E+01 3.04639E+01 3.04627E+01 3.04629E+01 3.04647E+01 2.89828E+01 2.88811E+01 2.70440E+01 9.10775E+02
2.86743E+01 3.05056E+01 3.06080E+01 3.20829E+01 3.20817E+01 3.20819E+01 3.20837E+01 3.06073E+01 3.05056E+01 2.86743E+01 9.63492E+02
3.03365E+01 3.21621E+01 3.22646E+01 3.37339E+01 3.37328E+01 3.37330E+01 3.37348E+01 3.22639E+01 3.21621E+01 3.03365E+01 1.01718E+03
3.20297E+01 3.38497E+01 3.39522E+01 3.54163E+01 3.54151E+01 3.54153E+01 3.54171E+01 3.39515E+01 3.38497E+01 3.20297E+01 1.07180E+03
3.37530E+01 3.55676E+01 3.56702E+01 3.71291E+01 3.71279E+01 3.71281E+01 3.71299E+01 3.56695E+01 3.55676E+01 3.37530E+01 1.12731E+03
3.55056E+01 3.73150E+01 3.74176E+01 3.88715E+01 3.88703E+01 3.88706E+01 3.88724E+01 3.74169E+01 3.73150E+01 3.55056E+01 1.18369E+03
3.72869E+01 3.90911E+01 3.91937E+01 4.06427E+01 4.06415E+01 4.06418E+01 4.06436E+01 3.91930E+01 3.90911E+01 3.72869E+01 1.24088E+03
3.90959E+01 4.08951E+01 4.09978E+01 4.24420E+01 4.24408E+01 4.24411E+01 4.24429E+01 4.09971E+01 4.08951E+01 3.90959E+01 1.29888E+03
4.09320E+01 4.27263E+01 4.28290E+01 4.42686E+01 4.42674E+01 4.42677E+01 4.42695E+01 4.28283E+01 4.27263E+01 4.09320E+01 1.35763E+03
4.27945E+01 4.45840E+01 4.46867E+01 4.61218E+01 4.61205E+01 4.61208E+01 4.61227E+01 4.46860E+01 4.45840E+01 4.27945E+01 1.41711E+03
4.46826E+01 4.64674E+01 4.65702E+01 4.80008E+01 4.79995E+01 4.79998E+01 4.80017E+01 4.65695E+01 4.64674E+01 4.46826E+01 1.47729E+03
4.65957E+01 4.83759E+01 4.84787E+01 4.99049E+01 4.99037E+01 4.99040E+01 4.99059E+01 4.84780E+01 4.83759E+01 4.65957E+01 1.53815E+03
4.85331E+01 5.03088E+01 5.04117E+01 5.18336E+01 5.18324E+01 5.18327E+01 5.18346E+01 5.04109E+01 5.03088E+01 4.85331E+01 1.59964E+03
5.04941E+01 5.22654E+01 5.23683E+01 5.37861E+01 5.37849E+01 5.37852E+01 5.37871E+01 5.23676E+01 5.22654E+01 5.04941E+01 1.66176E+03
5.24782E+01 5.42452E+01 5.43482E+01 5.57619E+01 5.57607E+01 5.57609E+01 5.57629E+01 5.43474E+01 5.42452E+01 5.24782E+01 1.72447E+03
5.44847E+01 5.62475E+01 5.63505E+01 5.77602E+01 5.77590E+01 5.77593E+01 5.77613E+01 5.63498E+01 5.62475E+01 5.44847E+01 1.78775E+03
5.65131E+01 5.82718E+01 5.83748E+01 5.97806E+01 5.97793E+01 5.97796E+01 5.97816E+01 5.83740E+01 5.82718E+01 5.65131E+01 1.85156E+03
5.85627E+01 6.03173E+01 6.04204E+01 6.18223E+01 6.18211E+01 6.18214E+01 6.18234E+01 6.04196E+01 6.03173E+01 5.85627E+01 1.91591E+03
0.00000E+00 0.00000E+00 3.83447E-02 1.74111E+00 1.74015E+00 1.74007E+00 1.74117E+00 3.77049E-02 0.00000E+00 0.00000E+00 -2.39107E+00
0.00000E+00 0.00000E+00 7.40195E-02 1.73948E+00 1.73850E+00 1.73844E+00 1.73958E+00 7.33715E-02 0.00000E+00 0.00000E+00 -6.52987E-01
0.00000E+00 8.26266E-02 1.83948E-01 1.81885E+00 1.81785E+00 1.81780E+00 1.81900E+00 1.83294E-01 8.26266E-02 0.00000E+00 2.05786E+00
0.00000E+00 2.61969E-01 3.63448E-01 1.97216E+00 1.97114E+00 1.97111E+00 1.97235E+00 3.62787E-01 2.61969E-01 0.00000E+00 5.97336E+00
0.00000E+00 5.07418E-01 6.09040E-01 2.19474E+00 2.19370E+00 2.19369E+00 2.19497E+00 6.08374E-01 5.07418E-01 0.00000E+00 1.13590E+01
0.00000E+00 8.14840E-01 9.16593E-01 2.48179E+00 2.48074E+00 2.48074E+00 2.48206E+00 9.15922E-01 8.14840E-01 0.00000E+00 1.83710E+01
0.00000E+00 1.18053E+00 1.28241E+00 2.82914E+00 2.82807E+00 2.82808E+00 2.82944E+00 1.28173E+00 1.18053E+00 0.00000E+00 2.71114E+01
0.00000E+00 1.60125E+00 1.70324E+00 3.23317E+00 3.23209E+00 3.23212E+00 3.23351E+00 1.70256E+00 1.60125E+00 0.00000E+00 3.76386E+01
1.71333E-01 2.04867E+00 2.15076E+00 3.66538E+00 3.66428E+00 3.66432E+00 3.66575E+00 2.15008E+00 2.04867E+00 1.71333E-01 4.99681E+01
6.48026E-01 2.51056E+00 2.61276E+00 4.11329E+00 4.11218E+00 4.11223E+00 4.11370E+00 2.61207E+00 2.51056E+00 6.48026E-01 6.40143E+01
1.17784E+00 3.02655E+00 3.12884E+00 4.61622E+00 4.61510E+00 4.61517E+00 4.61666E+00 3.12815E+00 3.02655E+00 1.17784E+00 7.97514E+01
1.75887E+00 3.59461E+00 3.69699E+00 5.17205E+00 5.17092E+00 5.17100E+00 5.17252E+00 3.69629E+00 3.59461E+00 1.75887E+00 9.71648E+01
2.38933E+00 4.21285E+00 4.31531E+00 5.77879E+00 5.77764E+00 5.77773E+00 5.77929E+00 4.31462E+00 4.21285E+00 2.38933E+00 1.16230E+02
3.06750E+00 4.87949E+00 4.98203E+00 6.43457E+00 6.43341E+00 6.43351E+00 6.43510E+00 4.98133E+00 4.87949E+00 3.06750E+00 1.36914E+02
3.79177E+00 5.59283E+00 5.69545E+00 7.13764E+00 7.13647E+00 7.13659E+00 7.13820E+00 5.69475E+00 5.59283E+00 3.79177E+00 1.59178E+02
4.56060E+00 6.35129E+00 6.45398E+00 7.88635E+00 7.88518E+00 7.88530E+00 7.88694E+00 6.45328E+00 6.35129E+00 4.56060E+00 1.82982E+02
5.37253E+00 7.15335E+00 7.25612E+00 8.67914E+00 8.67796E+00 8.67809E+00 8.67976E+00 7.25541E+00 7.15335E+00 5.37253E+00 2.08279E+02
6.22617E+00 7.99757E+00 8.10040E+00 9.51452E+00 9.51333E+00 9.51348E+00 9.51517E+00 8.09969E+00 7.99757E+00 6.22617E+00 2.35023E+02
7.12017E+00 8.88256E+00 8.98546E+00 1.03911E+01 1.03899E+01 1.03900E+01 1.03918E+01 8.98475E+00 8.88256E+00 7.12017E+00 2.63164E+02
8.05325E+00 9.80702E+00 9.90999E+00 1.13075E+01 1.13063E+01 1.13064E+01 1.13082E+01 9.90927E+00 9.80702E+00 8.05325E+00 2.92654E+02
9.02417E+00 1.07697E+01 1.08727E+01 1.22624E+01 1.22612E+01 1.22614E+01 1.22631E+01 1.08720E+01 1.07697E+01 9.02417E+00 3.23444E+02
1.00318E+01 1.17693E+01 1.18724E+01 1.32546E+01 1.32534E+01 1.32536E+01 1.32554E+01 1.18717E+01 1.17693E+01 1.00318E+01 3.55485E+02
1.10749E+01 1.28048E+01 1.29079E+01 1.42829E+01 1.42817E+01 1.42819E+01 1.42837E+01 1.29072E+01 1.28048E+01 1.10749E+01 3.88729E+02
1.21524E+01 1.38750E+01 1.39782E+01 1.53462E+01 1.53450E+01 1.53452E+01 1.53471E+01 1.39775E+01 1.38750E+01 1.21524E+01 4.23128E+02
1.32633E+01 1.49788E+01 1.50820E+01 1.64434E+01 1.64422E+01 1.64424E+01 1.64443E+01 1.50813E+01 1.49788E+01 1.32633E+01 4.58636E+02
1.44065E+01 1.61152E+01 1.62185E+01 1.75734E+01 1.75722E+01 1.75724E+01 1.75743E+01 1.62177E+01 1.61152E+01 1.44065E+01 4.95209E+02
1.55811E+01 1.72831E+01 1.73865E+01 1.87352E+01 1.87339E+01 1.87342E+01 1.87361E+01 1.73858E+01 1.72831E+01 1.55811E+01 5.32803E+02
1.67861E+01 1.84817E+01 1.85851E+01 1.99278E+01 1.99265E+01 1.99268E+01 1.99287E+01 1.85844E+01 1.84817E+01 1.67861E+01 5.71374E+02
1.80205E+01 1.97099E+01 1.98134E+01 2.11503E+01 2.11490E+01 2.11493E+01 2.11512E+01 1.98127E+01 1.97099E+01 1.80205E+01 6.10882E+02
1.92836E+01 2.09670E+01 2.10705E+01 2.24017E+01 2.24004E+01 2.24007E+01 2.24027E+01 2.10697E+01 2.09670E+01 1.92836E+01 6.51287E+02
2.05743E+01 2.22519E+01 2.23554E+01 2.36812E+01 2.36799E+01 2.36802E+01 2.36822E+01 2.23547E+01 2.22519E+01 2.05743E+01 6.92550E+02
2.18920E+01 2.35639E+01 2.36675E+01 2.49879E+01 2.49866E+01 2.49869E+01 2.49889E+01 2.36667E+01 2.35639E+01 2.18920E+01 7.34635E+02
2.32357E+01 2.49021E+01 2.50057E+01 2.63210E+01 2.63197E+01 2.63200E+01 2.63220E+01 2.50050E+01 2.49021E+01 2.32357E+01 7.77506E+02
2.46047E+01 2.62657E+01 2.63694E+01 2.76797E+01 2.76784E+01 2.76787E+01 2.76808E+01 2.63687E+01 2.62657E+01 2.46047E+01 8.21127E+02
2.59983E+01 2.76541E+01 2.77578E+01 2.90632E+01 2.90619E+01 2.90622E+01 2.90643E+01 2.77571E+01 2.76541E+01 2.59983E+01 8.65467E+02
2.74156E+01 2.90664E+01 2.91701E+01 3.04708E+01 3.04695E+01 3.04698E+01 3.04719E+01 2.91694E+01 2.90664E+01 2.74156E+01 9.10494E+02
2.88561E+01 3.05019E+01 3.06057E+01 3.19017E+01 3.19004E+01 3.19007E+01 3.19028E+01 3.06049E+01 3.05019E+01 2.88561E+01 9.56176E+02
3.03189E+01 3.19599E+01 3.20638E+01 3.33553E+01 3.33540E+01 3.33543E+01 3.33564E+01 3.20630E+01 3.19599E+01 3.03189E+01 1.00249E+03
3.18035E+01 3.34398E+01 3.35437E+01 3.48308E+01 3.48295E+01 3.48299E+01 3.48320E+01 3.35430E+01 3.34398E+01 3.18035E+01 1.04939E+03
3.33092E+01 3.49409E+01 3.50449E+01 3.63277E+01 3.63263E+01 3.63267E+01 3.63289E+01 3.50441E+01 3.49409E+01 3.33092E+01 1.09687E+03
3.48354E+01 3.64626E+01 3.65666E+01 3.78452E+01 3.78439E+01 3.78443E+01 3.78464E+01 3.65658E+01 3.64626E+01 3.48354E+01 1.14489E+03
3.63814E+01 3.80042E+01 3.81083E+01 3.93828E+01 3.93815E+01 3.93819E+01 3.93841E+01 3.81075E+01 3.80042E+01 3.63814E+01 1.19344E+03
3.79467E+01 3.95653E+01 3.96693E+01 4.09399E+01 4.09385E+01 4.09389E+01 4.09411E+01 3.96686E+01 3.95653E+01 3.79467E+01 1.24247E+03
3.95308E+01 4.11451E+01 4.12492E+01 4.25158E+01 4.25145E+01 4.25149E+01 4.25171E+01 4.12484E+01 4.11451E+01 3.95308E+01 1.29199E+03
4.11329E+01 4.27432E+01 4.28473E+01 4.41101E+01 4.41087E+01 4.41092E+01 4.41114E+01 4.28465E+01 4.27432E+01 4.11329E+01 1.34195E+03
4.27527E+01 4.43589E+01 4.44631E+01 4.57222E+01 4.57208E+01 4.57212E+01 4.57235E+01 4.44623E+01 4.43589E+01 4.27527E+01 1.39234E+03
4.43896E+01 4.59919E+01 4.60961E+01 4.73515E+01 4.73501E+01 4.73505E+01 4.73528E+01 4.60953E+01 4.59919E+01 4.43896E+01 1.44314E+03
4.60430E+01 4.76415E+01 4.77457E+01 4.89976E+01 4.89962E+01 4.89966E+01 4.89989E+01 4.77449E+01 4.76415E+01 4.60430E+01 1.49433E+03
4.77126E+01 4.93073E+01 4.94115E+01 5.06599E+01 5.06585E+01 5.06589E+01 5.06613E+01 4.94108E+01 4.93073E+01 4.77126E+01 1.54589E+03
4.93978E+01 5.09888E+01 5.10930E+01 5.23380E+01 5.23366E+01 5.23370E+01 5.23394E+01 5.10923E+01 5.09888E+01 4.93978E+01 1.59780E+03
0.00000E+00 0.00000E+00 4.08466E-02 1.55564E+00 1.55459E+00 1.55453E+00 1.55575E+00 4.01733E-02 0.00000E+00 0.00000E+00 -2.23041E+00
0.00000E+00 0.00000E+00 7.64164E-02 1.55774E+00 1.55666E+00 1.55663E+00 1.55792E+00 7.57346E-02 0.00000E+00 0.00000E+00 -6.10680E-01
0.00000E+00 7.79201E-02 1.80455E-01 1.63437E+00 1.63326E+00 1.63325E+00 1.63461E+00 1.79766E-01 7.79201E-02 0.00000E+00 1.92704E+00
0.00000E+00 2.44512E-01 3.47209E-01 1.77763E+00 1.77650E+00 1.77651E+00 1.77793E+00 3.46513E-01 2.44512E-01 0.00000E+00 5.58190E+00
0.00000E+00 4.69759E-01 5.72602E-01 1.98237E+00 1.98122E+00 1.98126E+00 1.98273E+00 5.71901E-01 4.69759E-01 0.00000E+00 1.05786E+01
0.00000E+00 7.49294E-01 8.52272E-01 2.24364E+00 2.24248E+00 2.24253E+00 2.24406E+00 8.51566E-01 7.49294E-01 0.00000E+00 1.70370E+01
0.00000E+00 1.07935E+00 1.18245E+00 2.55725E+00 2.55606E+00 2.55613E+00 2.55771E+00 1.18174E+00 1.07935E+00 0.00000E+00 2.50273E+01
0.00000E+00 1.45669E+00 1.55991E+00 2.91963E+00 2.91843E+00 2.91852E+00 2.92015E+00 1.55919E+00 1.45669E+00 0.00000E+00 3.45815E+01
1.54225E-01 1.85731E+00 1.96064E+00 3.30662E+00 3.30541E+00 3.30551E+00 3.30718E+00 1.95992E+00 1.85731E+00 1.54225E-01 4.56715E+01
5.81427E-01 2.27099E+00 2.37442E+00 3.70777E+00 3.70654E+00 3.70666E+00 3.70837E+00 2.37370E+00 2.27099E+00 5.81427E-01 5.81902E+01
1.05355E+00 2.73048E+00 2.83401E+00 4.15556E+00 4.15431E+00 4.15446E+00 4.15621E+00 2.83328E+00 2.73048E+00 1.05355E+00 7.21384E+01
1.56871E+00 3.23379E+00 3.33740E+00 4.64789E+00 4.64664E+00 4.64680E+00 4.64859E+00 3.33667E+00 3.23379E+00 1.56871E+00 8.74921E+01
2.12513E+00 3.77905E+00 3.88275E+00 5.18284E+00 5.18157E+00 5.18174E+00 5.18358E+00 3.88201E+00 3.77905E+00 2.12513E+00 1.04220E+02
2.72116E+00 4.36454E+00 4.46832E+00 5.75860E+00 5.75732E+00 5.75751E+00 5.75938E+00 4.46758E+00 4.36454E+00 2.72116E+00 1.22285E+02
3.35525E+00 4.98865E+00 5.09251E+00 6.37350E+00 6.37221E+00 6.37241E+00 6.37432E+00 5.09177E+00 4.98865E+00 3.35525E+00 1.41646E+02
4.02595E+00 5.64987E+00 5.75381E+00 7.02598E+00 7.02468E+00 7.02490E+00 7.02684E+00 5.75306E+00 5.64987E+00 4.02595E+00 1.62261E+02
4.73188E+00 6.34677E+00 6.45078E+00 7.71457E+00 7.71326E+00 7.71350E+00 7.71547E+00 6.45004E+00 6.34677E+00 4.73188E+00 1.84083E+02
5.47173E+00 7.07801E+00 7.18209E+00 8.43789E+00 8.43657E+00 8.43682E+00 8.43883E+00 7.18135E+00 7.07801E+00 5.47173E+00 2.07068E+02
6.24425E+00 7.84231E+00 7.94646E+00 9.19463E+00 9.19330E+00 9.19357E+00 9.19560E+00 7.94571E+00 7.84231E+00 6.24425E+00 2.31169E+02
7.04828E+00 8.63846E+00 8.74268E+00 9.98355E+00 9.98220E+00 9.98249E+00 9.98456E+00 8.74193E+00 8.63846E+00 7.04828E+00 2.56339E+02
7.88269E+00 9.46531E+00 9.56960E+00 1.08035E+01 1.08021E+01 1.08024E+01 1.08045E+01 9.56884E+00 9.46531E+00 7.88269E+00 2.82535E+02
8.74639E+00 1.03218E+01 1.04261E+01 1.16533E+01 1.16519E+01 1.16522E+01 1.16543E+01 1.04254E+01 1.03218E+01 8.74639E+00 3.09710E+02
9.63837E+00 1.12068E+01 1.13112E+01 1.25319E+01 1.25305E+01 1.25308E+01 1.25330E+01 1.13104E+01 1.12068E+01 9.63837E+00 3.37823E+02
1.05576E+01 1.21193E+01 1.22238E+01 1.34382E+01 1.34368E+01 1.34372E+01 1.34394E+01 1.22230E+01 1.21193E+01 1.05576E+01 3.66830E+02
1.15032E+01 1.30584E+01 1.31629E+01 1.43714E+01 1.43700E+01 1.43704E+01 1.43726E+01 1.31622E+01 1.30584E+01 1.15032E+01 3.96692E+02
1.24742E+01 1.40232E+01 1.41277E+01 1.53304E+01 1.53290E+01 1.53294E+01 1.53317E+01 1.41270E+01 1.40232E+01 1.24742E+01 4.27367E+02
1.34698E+01 1.50127E+01 1.51173E+01 1.63144E+01 1.63130E+01 1.63134E+01 1.63157E+01 1.51166E+01 1.50127E+01 1.34698E+01 4.58819E+02
1.44891E+01 1.60261E+01 1.61308E+01 1.73225E+01 1.73211E+01 1.73215E+01 1.73238E+01 1.61301E+01 1.60261E+01 1.44891E+01 4.91010E+02
1.55313E+01 1.70627E+01 1.71674E+01 1.83539E+01 1.83525E+01 1.83529E+01 1.83552E+01 1.71666E+01 1.70627E+01 1.55313E+01 5.23905E+02
1.65957E+01 1.81215E+01 1.82263E+01 1.94077E+01 1.94063E+01 1.94067E+01 1.94091E+01 1.82255E+01 1.81215E+01 1.65957E+01 5.57470E+02
1.76814E+01 1.92019E+01 1.93067E+01 2.04833E+01 2.04818E+01 2.04823E+01 2.04846E+01 1.93060E+01 1.92019E+01 1.76814E+01 5.91672E+02
1.87878E+01 2.03031E+01 2.04080E+01 2.15797E+01 2.15783E+01 2.15788E+01 2.15812E+01 2.04072E+01 2.03031E+01 1.87878E+01 6.26481E+02
1.99142E+01 2.14245E+01 2.15294E+01 2.26965E+01 2.26950E+01 2.26955E+01 2.26979E+01 2.15286E+01 2.14245E+01 1.99142E+01 6.61866E+02
2.10598E+01 2.25652E+01 2.26702E+01 2.38328E+01 2.38314E+01 2.38318E+01 2.38343E+01 2.26694E+01 2.25652E+01 2.10598E+01 6.97800E+02
2.22242E+01 2.37248E+01 2.38298E+01 2.49880E+01 2.49866E+01 2.49871E+01 2.49895E+01 2.38290E+01 2.37248E+01 2.22242E+01 7.34253E+02
2.34065E+01 2.49025E+01 2.50076E+01 2.61615E+01 2.61601E+01 2.61606E+01 2.61631E+01 2.50068E+01 2.49025E+01 2.34065E+01 7.71200E+02
2.46063E+01 2.60978E+01 2.62029E+01 2.73527E+01 2.73512E+01 2.73517E+01 2.73542E+01 2.62021E+01 2.60978E+01 2.46063E+01 8.08616E+02
2.58229E+01 2.73100E+01 2.74151E+01 2.85609E+01 2.85594E+01 2.85599E+01 2.85625E+01 2.74143E+01 2.73100E+01 2.58229E+01 8.46478E+02
2.70558E+01 2.85386E+01 2.86438E+01 2.97856E+01 2.97841E+01 2.97847E+01 2.97872E+01 2.86430E+01 2.85386E+01 2.70558E+01 8.84761E+02
2.83045E+01 2.97831E+01 2.98883E+01 3.10263E+01 3.10248E+01 3.10253E+01 3.10279E+01 2.98875E+01 2.97831E+01 2.83045E+01 9.23444E+02
2.95684E+01 3.10429E+01 3.11481E+01 3.22823E+01 3.22809E+01 3.22814E+01 3.22840E+01 3.11473E+01 3.10429E+01 2.95684E+01 9.62506E+02
3.08470E+01 3.23175E+01 3.24228E+01 3.35533E+01 3.35518E+01 3.35524E+01 3.35550E+01 3.24220E+01 3.23175E+01 3.08470E+01 1.00193E+03
3.21398E+01 3.36064E+01 3.37117E+01 3.48387E+01 3.48372E+01 3.48378E+01 3.48404E+01 3.37109E+01 3.36064E+01 3.21398E+01 1.04169E+03
3.34464E+01 3.49092E+01 3.50145E+01 3.61380E+01 3.61365E+01 3.61371E+01 3.61398E+01 3.50138E+01 3.49092E+01 3.34464E+01 1.08177E+03
3.47663E+01 3.62253E+01 3.63307E+01 3.74508E+01 3.74492E+01 3.74499E+01 3.74525E+01 3.63299E+01 3.62253E+01 3.47663E+01 1.12215E+03
3.60991E+01 3.75544E+01 3.76599E+01 3.87765E+01 3.87750E+01 3.87756E+01 3.87784E+01 3.76591E+01 3.75544E+01 3.60991E+01 1.16283E+03
3.74443E+01 3.88961E+01 3.90015E+01 4.01149E+01 4.01134E+01 4.01140E+01 4.01167E+01 3.90007E+01 3.88961E+01 3.74443E+01 1.20377E+03
3.88015E+01 4.02498E+01 4.03552E+01 4.14654E+01 4.14639E+01 4.14645E+01 4.14673E+01 4.03544E+01 4.02498E+01 3.88015E+01 1.24497E+03
4.01703E+01 4.16152E+01 4.17207E+01 4.28277E+01 4.28262E+01 4.28268E+01 4.28296E+01 4.17199E+01 4.16152E+01 4.01703E+01 1.28641E+03
4.15504E+01 4.29919E+01 4.30974E+01 4.42014E+01 4.41998E+01 4.42005E+01 4.42033E+01 4.30966E+01 4.29919E+01 4.15504E+01 1.32807E+03
0.00000E+00 0.00000E+00 4.29885E-02 1.38913E+00 1.38796E+00 1.38796E+00 1.38941E+00 4.22799E-02 0.00000E+00 0.00000E+00 -2.08802E+00
0.00000E+00 0.00000E+00 7.87311E-02 1.39484E+00 1.39364E+00 1.39367E+00 1.39521E+00 7.80133E-02 0.00000E+00 0.00000E+00 -5.72642E-01
0.00000E+00 7.35762E-02 1.77359E-01 1.46886E+00 1.46764E+00 1.46770E+00 1.46932E+00 1.76633E-01 7.35762E-02 0.00000E+00 1.80883E+00
0.00000E+00 2.28345E-01 3.32292E-01 1.60271E+00 1.60146E+00 1.60155E+00 1.60325E+00 3.31560E-01 2.28345E-01 0.00000E+00 5.22401E+00
0.00000E+00 4.34933E-01 5.39031E-01 1.79092E+00 1.78965E+00 1.78977E+00 1.79153E+00 5.38293E-01 4.34933E-01 0.00000E+00 9.85984E+00
0.00000E+00 6.88859E-01 7.93095E-01 2.02848E+00 2.02718E+00 2.02732E+00 2.02916E+00 7.92351E-01 6.88859E-01 0.00000E+00 1.58037E+01
0.00000E+00 9.86367E-01 1.09073E+00 2.31124E+00 2.30992E+00 2.31009E+00 2.31198E+00 1.08998E+00 9.86367E-01 0.00000E+00 2.30985E+01
0.00000E+00 1.32430E+00 1.42878E+00 2.63577E+00 2.63443E+00 2.63462E+00 2.63657E+00 1.42803E+00 1.32430E+00 0.00000E+00 3.17543E+01
1.38586E-01 1.68242E+00 1.78701E+00 2.98166E+00 2.98031E+00 2.98052E+00 2.98253E+00 1.78626E+00 1.68242E+00 1.38586E-01 4.17087E+01
5.20736E-01 2.05222E+00 2.15691E+00 3.34022E+00 3.33885E+00 3.33909E+00 3.34115E+00 2.15615E+00 2.05222E+00 5.20736E-01 5.28404E+01
9.40626E-01 2.46056E+00 2.56535E+00 3.73808E+00 3.73669E+00 3.73695E+00 3.73906E+00 2.56459E+00 2.46056E+00 9.40626E-01 6.51719E+01
1.39641E+00 2.90552E+00 3.01040E+00 4.17320E+00 4.17181E+00 4.17208E+00 4.17424E+00 3.00963E+00 2.90552E+00 1.39641E+00 7.86731E+01
1.88641E+00 3.38531E+00 3.49029E+00 4.64375E+00 4.64234E+00 4.64264E+00 4.64484E+00 3.48951E+00 3.38531E+00 1.88641E+00 9.33083E+01
2.40903E+00 3.89831E+00 4.00337E+00 5.14802E+00 5.14660E+00 5.14692E+00 5.14916E+00 4.00259E+00 3.89831E+00 2.40903E+00 1.09038E+02
2.96284E+00 4.44299E+00 4.54813E+00 5.68445E+00 5.68301E+00 5.68335E+00 5.68564E+00 4.54735E+00 4.44299E+00 2.96284E+00 1.25821E+02
3.54646E+00 5.01795E+00 5.12317E+00 6.25158E+00 6.25013E+00 6.25048E+00 6.25282E+00 5.12239E+00 5.01795E+00 3.54646E+00 1.43615E+02
4.15862E+00 5.62187E+00 5.72716E+00 6.84805E+00 6.84659E+00 6.84696E+00 6.84934E+00 5.72638E+00 5.62187E+00 4.15862E+00 1.62375E+02
4.79814E+00 6.25352E+00 6.35888E+00 7.47259E+00 7.47112E+00 7.47152E+00 7.47393E+00 6.35809E+00 6.25352E+00 4.79814E+00 1.82059E+02
5.46386E+00 6.91172E+00 7.01716E+00 8.12402E+00 8.12254E+00 8.12295E+00 8.12541E+00 7.01637E+00 6.91172E+00 5.46386E+00 2.02623E+02
6.15473E+00 7.59540E+00 7.70090E+00 8.80121E+00 8.79971E+00 8.80015E+00 8.80264E+00 7.70011E+00 7.59540E+00 6.15473E+00 2.24026E+02
6.86973E+00 8.30350E+00 8.40906E+00 9.50309E+00 9.50159E+00 9.50204E+00 9.50457E+00 8.40827E+00 8.30350E+00 6.86973E+00 2.46226E+02
7.60791E+00 9.03504E+00 9.14067E+00 1.02287E+01 1.02272E+01 1.02276E+01 1.02302E+01 9.13987E+00 9.03504E+00 7.60791E+00 2.69183E+02
8.36833E+00 9.78909E+00 9.89478E+00 1.09770E+01 1.09755E+01 1.09759E+01 1.09785E+01 9.89398E+00 9.78909E+00 8.36833E+00 2.92860E+02
9.15014E+00 1.05648E+01 1.06705E+01 1.17471E+01 1.17456E+01 1.17461E+01 1.17487E+01 1.06697E+01 1.05648E+01 9.15014E+00 3.17220E+02
9.95249E+00 1.13612E+01 1.14670E+01 1.25382E+01 1.25367E+01 1.25372E+01 1.25399E+01 1.14662E+01 1.13612E+01 9.95249E+00 3.42225E+02
1.07746E+01 1.21776E+01 1.22834E+01 1.33495E+01 1.33479E+01 1.33485E+01 1.33512E+01 1.22826E+01 1.21776E+01 1.07746E+01 3.67843E+02
1.16157E+01 1.30131E+01 1.31190E+01 1.41801E+01 1.41785E+01 1.41791E+01 1.41818E+01 1.31182E+01 1.30131E+01 1.16157E+01 3.94041E+02
1.24751E+01 1.38672E+01 1.39731E+01 1.50293E+01 1.50277E+01 1.50283E+01 1.50311E+01 1.39723E+01 1.38672E+01 1.24751E+01 4.20787E+02
1.33520E+01 1.47389E+01 1.48449E+01 1.58964E+01 1.58948E+01 1.58954E+01 1.58982E+01 1.48441E+01 1.47389E+01 1.33520E+01 4.48052E+02
1.42458E+01 1.56277E+01 1.57338E+01 1.67807E+01 1.67791E+01 1.67798E+01 1.67826E+01 1.57330E+01 1.56277E+01 1.42458E+01 4.75806E+02
1.51559E+01 1.65329E+01 1.66390E+01 1.76816E+01 1.76800E+01 1.76806E+01 1.76835E+01 1.66382E+01 1.65329E+01 1.51559E+01 5.04024E+02
1.60817E+01 1.74539E+01 1.75601E+01 1.85984E+01 1.85968E+01 1.85974E+01 1.86003E+01 1.75593E+01 1.74539E+01 1.60817E+01 5.32679E+02
1.70224E+01 1.83901E+01 1.84963E+01 1.95305E+01 1.95288E+01 1.95295E+01 1.95324E+01 1.84955E+01 1.83901E+01 1.70224E+01 5.61746E+02
1.79777E+01 1.93409E+01 1.94472E+01 2.04773E+01 2.04756E+01 2.04763E+01 2.04793E+01 1.94464E+01 1.93409E+01 1.79777E+01 5.91201E+02
1.89470E+01 2.03058E+01 2.04121E+01 2.14383E+01 2.14366E+01 2.14373E+01 2.14403E+01 2.04113E+01 2.03058E+01 1.89470E+01 6.21023E+02
1.99296E+01 2.12842E+01 2.13906E+01 2.24129E+01 2.24113E+01 2.24120E+01 2.24150E+01 2.13897E+01 2.12842E+01 1.99296E+01 6.51190E+02
2.09252E+01 2.22757E+01 2.23821E+01 2.34007E+01 2.33990E+01 2.33997E+01 2.34028E+01 2.23812E+01 2.22757E+01 2.09252E+01 6.81682E+02
2.19332E+01 2.32797E+01 2.33861E+01 2.44010E+01 2.43994E+01 2.44001E+01 2.44032E+01 2.33853E+01 2.32797E+01 2.19332E+01 7.12479E+02
2.29532E+01 2.42957E+01 2.44022E+01 2.54136E+01 2.54119E+01 2.54127E+01 2.54158E+01 2.44013E+01 2.42957E+01 2.29532E+01 7.43564E+02
2.39847E+01 2.53234E+01 2.54299E+01 2.64378E+01 2.64362E+01 2.64370E+01 2.64401E+01 2.54290E+01 2.53234E+01 2.39847E+01 7.74917E+02
2.50273E+01 2.63622E+01 2.64688E+01 2.74734E+01 2.74717E+01 2.74725E+01 2.74756E+01 2.64679E+01 2.63622E+01 2.50273E+01 8.06524E+02
2.60805E+01 2.74118E+01 2.75184E+01 2.85197E+01 2.85180E+01 2.85189E+01 2.85220E+01 2.75176E+01 2.74118E+01 2.60805E+01 8.38368E+02
2.71441E+01 2.84718E+01 2.85784E+01 2.95765E+01 2.95748E+01 2.95757E+01 2.95789E+01 2.85776E+01 2.84718E+01 2.71441E+01 8.70434E+02
2.82175E+01 2.95418E+01 2.96484E+01 3.06434E+01 3.06417E+01 3.06425E+01 3.06457E+01 2.96476E+01 2.95418E+01 2.82175E+01 9.02707E+02
2.93005E+01 3.06213E+01 3.07280E+01 3.17199E+01 3.17182E+01 3.17190E+01 3.17223E+01 3.07271E+01 3.06213E+01 2.93005E+01 9.35174E+02
3.03926E+01 3.17101E+01 3.18168E+01 3.28056E+01 3.28039E+01 3.28048E+01 3.28081E+01 3.18160E+01 3.17101E+01 3.03926E+01 9.67822E+02
3.14935E+01 3.28077E+01 3.29145E+01 3.39004E+01 3.38987E+01 3.38996E+01 3.39029E+01 3.29136E+01 3.28077E+01 3.14935E+01 1.00064E+03
3.26030E+01 3.39139E+01 3.40207E+01 3.50038E+01 3.50020E+01 3.50029E+01 3.50063E+01 3.40199E+01 3.39139E+01 3.26030E+01 1.03361E+03
3.37206E+01 3.50284E+01 3.51352E+01 3.61154E+01 3.61137E+01 3.61146E+01 3.61179E+01 3.51344E+01 3.50284E+01 3.37206E+01 1.06673E+03
3.48460E+01 3.61507E+01 3.62576E+01 3.72350E+01 3.72333E+01 3.72342E+01 3.72376E+01 3.62567E+01 3.61507E+01 3.48460E+01 1.09998E+03
0.00000E+00 0.00000E+00 4.48251E-02 1.23960E+00 1.23831E+00 1.23838E+00 1.24013E+00 4.40784E-02 0.00000E+00 0.00000E+00 -1.96217E+00
0.00000E+00 0.00000E+00 8.09784E-02 1.24881E+00 1.24747E+00 1.24758E+00 1.24945E+00 8.02220E-02 0.00000E+00 0.00000E+00 -5.38357E-01
0.00000E+00 6.95540E-02 1.74617E-01 1.32037E+00 1.31900E+00 1.31915E+00 1.32111E+00 1.73853E-01 6.95540E-02 0.00000E+00 1.70212E+00
0.00000E+00 2.13340E-01 3.18572E-01 1.44540E+00 1.44401E+00 1.44419E+00 1.44624E+00 3.17801E-01 2.13340E-01 0.00000E+00 4.89647E+00
0.00000E+00 4.02686E-01 5.08072E-01 1.61827E+00 1.61685E+00 1.61706E+00 1.61920E+00 5.07294E-01 4.02686E-01 0.00000E+00 9.19698E+00
0.00000E+00 6.33096E-01 7.38622E-01 1.83400E+00 1.83256E+00 1.83280E+00 1.83502E+00 7.37838E-01 6.33096E-01 0.00000E+00 1.46623E+01
0.00000E+00 9.00894E-01 1.00655E+00 2.08858E+00 2.08711E+00 2.08739E+00 2.08968E+00 1.00576E+00 9.00894E-01 0.00000E+00 2.13122E+01
0.00000E+00 1.20305E+00 1.30882E+00 2.37872E+00 2.37723E+00 2.37753E+00 2.37989E+00 1.30803E+00 1.20305E+00 0.00000E+00 2.91388E+01
1.24300E-01 1.52259E+00 1.62848E+00 2.68731E+00 2.68580E+00 2.68613E+00 2.68855E+00 1.62768E+00 1.52259E+00 1.24300E-01 3.80537E+01
4.65473E-01 1.85248E+00 1.95847E+00 3.00712E+00 3.00559E+00 3.00595E+00 3.00843E+00 1.95767E+00 1.85248E+00 4.65473E-01 4.79273E+01
8.38112E-01 2.21457E+00 2.32066E+00 3.35980E+00 3.35826E+00 3.35865E+00 3.36119E+00 2.31985E+00 2.21457E+00 8.38112E-01 5.87999E+01
1.24047E+00 2.60702E+00 2.71321E+00 3.74345E+00 3.74189E+00 3.74230E+00 3.74490E+00 2.71240E+00 2.60702E+00 1.24047E+00 7.06373E+01
1.67093E+00 3.02818E+00 3.13445E+00 4.15631E+00 4.15474E+00 4.15518E+00 4.15784E+00 3.13364E+00 3.02818E+00 1.67093E+00 8.34018E+01
2.12806E+00 3.47650E+00 3.58286E+00 4.59682E+00 4.59522E+00 4.59569E+00 4.59840E+00 3.58205E+00 3.47650E+00 2.12806E+00 9.70536E+01
2.61049E+00 3.95060E+00 4.05704E+00 5.06351E+00 5.06190E+00 5.06240E+00 5.06516E+00 4.05622E+00 3.95060E+00 2.61049E+00 1.11552E+02
3.11698E+00 4.44917E+00 4.55569E+00 5.55506E+00 5.55344E+00 5.55396E+00 5.55678E+00 4.55487E+00 4.44917E+00 3.11698E+00 1.26855E+02
3.64636E+00 4.97102E+00 5.07762E+00 6.07024E+00 6.06860E+00 6.06915E+00 6.07202E+00 5.07679E+00 4.97102E+00 3.64636E+00 1.42923E+02
4.19756E+00 5.51504E+00 5.62171E+00 6.60789E+00 6.60624E+00 6.60681E+00 6.60973E+00 5.62088E+00 5.51504E+00 4.19756E+00 1.59715E+02
4.76956E+00 6.08017E+00 6.18691E+00 7.16694E+00 7.16528E+00 7.16588E+00 7.16884E+00 6.18608E+00 6.08017E+00 4.76956E+00 1.77192E+02
5.36141E+00 6.66544E+00 6.77224E+00 7.74640E+00 7.74472E+00 7.74535E+00 7.74835E+00 6.77141E+00 6.66544E+00 5.36141E+00 1.95316E+02
5.97220E+00 7.26992E+00 7.37679E+00 8.34531E+00 8.34362E+00 8.34427E+00 8.34732E+00 7.37596E+00 7.26992E+00 5.97220E+00 2.14052E+02
6.60108E+00 7.89275E+00 7.99968E+00 8.96279E+00 8.96109E+00 8.96176E+00 8.96486E+00 7.99884E+00 7.89275E+00 6.60108E+00 2.33363E+02
7.24726E+00 8.53310E+00 8.64009E+00 9.59800E+00 9.59629E+00 9.59698E+00 9.60012E+00 8.63925E+00 8.53310E+00 7.24726E+00 2.53217E+02
7.90997E+00 9.19019E+00 9.29725E+00 1.02501E+01 1.02484E+01 1.02491E+01 1.02523E+01 9.29640E+00 9.19019E+00 7.90997E+00 2.73581E+02
8.58848E+00 9.86329E+00 9.97041E+00 1.09185E+01 1.09167E+01 1.09175E+01 1.09207E+01 9.96956E+00 9.86329E+00 8.58848E+00 2.94424E+02
9.28212E+00 1.05517E+01 1.06589E+01 1.16023E+01 1.16005E+01 1.16013E+01 1.16046E+01 1.06580E+01 1.05517E+01 9.28212E+00 3.15719E+02
9.99022E+00 1.12548E+01 1.13620E+01 1.23009E+01 1.22991E+01 1.22999E+01 1.23032E+01 1.13611E+01 1.12548E+01 9.99022E+00 3.37437E+02
1.07122E+01 1.19718E+01 1.20791E+01 1.30137E+01 1.30119E+01 1.30127E+01 1.30160E+01 1.20782E+01 1.19718E+01 1.07122E+01 3.59552E+02
1.14474E+01 1.27023E+01 1.28096E+01 1.37400E+01 1.37382E+01 1.37390E+01 1.37424E+01 1.28088E+01 1.27023E+01 1.14474E+01 3.82039E+02
1.21953E+01 1.34456E+01 1.35530E+01 1.44792E+01 1.44774E+01 1.44783E+01 1.44817E+01 1.35521E+01 1.34456E+01 1.21953E+01 4.04876E+02
1.29553E+01 1.42012E+01 1.43086E+01 1.52309E+01 1.52291E+01 1.52300E+01 1.52334E+01 1.43077E+01 1.42012E+01 1.29553E+01 4.28038E+02
1.37269E+01 1.49685E+01 1.50760E+01 1.59944E+01 1.59926E+01 1.59935E+01 1.59970E+01 1.50751E+01 1.49685E+01 1.37269E+01 4.51506E+02
1.45097E+01 1.57471E+01 1.58546E+01 1.67693E+01 1.67675E+01 1.67685E+01 1.67720E+01 1.58537E+01 1.57471E+01 1.45097E+01 4.75259E+02
1.53032E+01 1.65365E+01 1.66440E+01 1.75551E+01 1.75533E+01 1.75543E+01 1.75578E+01 1.66432E+01 1.65365E+01 1.53032E+01 4.99278E+02
1.61069E+01 1.73361E+01 1.74438E+01 1.83513E+01 1.83495E+01 1.83505E+01 1.83541E+01 1.74429E+01 1.73361E+01 1.61069E+01 5.23545E+02
1.69203E+01 1.81457E+01 1.82534E+01 1.91575E+01 1.91557E+01 1.91567E+01 1.91603E+01 1.82525E+01 1.81457E+01 1.69203E+01 5.48044E+02
1.77431E+01 1.89647E+01 1.90724E+01 1.99733E+01 1.99714E+01 1.99724E+01 1.99761E+01 1.90716E+01 1.89647E+01 1.77431E+01 5.72757E+02
1.85749E+01 1.97928E+01 1.99006E+01 2.07981E+01 2.07963E+01 2.07973E+01 2.08010E+01 1.98997E+01 1.97928E+01 1.85749E+01 5.97671E+02
1.94152E+01 2.06296E+01 2.07374E+01 2.16318E+01 2.16299E+01 2.16310E+01 2.16347E+01 2.07365E+01 2.06296E+01 1.94152E+01 6.22770E+02
2.02638E+01 2.14747E+01 2.15825E+01 2.24738E+01 2.24719E+01 2.24730E+01 2.24767E+01 2.15816E+01 2.14747E+01 2.02638E+01 6.48041E+02
2.11203E+01 2.23277E+01 2.24356E+01 2.33238E+01 2.33220E+01 2.33230E+01 2.33268E+01 2.24347E+01 2.23277E+01 2.11203E+01 6.73470E+02
2.19843E+01 2.31884E+01 2.32962E+01 2.41815E+01 2.41797E+01 2.41808E+01 2.41846E+01 2.32954E+01 2.31884E+01 2.19843E+01 6.99046E+02
2.28554E+01 2.40563E+01 2.41642E+01 2.50466E+01 2.50447E+01 2.50459E+01 2.50497E+01 2.41633E+01 2.40563E+01 2.28554E+01 7.24757E+02
2.37335E+01 2.49312E+01 2.50391E+01 2.59187E+01 2.59168E+01 2.59180E+01 2.59219E+01 2.50383E+01 2.49312E+01 2.37335E+01 7.50592E+02
2.46182E+01 2.58128E+01 2.59208E+01 2.67976E+01 2.67957E+01 2.67968E+01 2.68008E+01 2.59199E+01 2.58128E+01 2.46182E+01 7.76540E+02
2.55093E+01 2.67007E+01 2.68087E+01 2.76829E+01 2.76810E+01 2.76821E+01 2.76861E+01 2.68079E+01 2.67007E+01 2.55093E+01 8.02592E+02
2.64063E+01 2.75948E+01 2.77028E+01 2.85743E+01 2.85724E+01 2.85736E+01 2.85776E+01 2.77020E+01 2.75948E+01 2.64063E+01 8.28738E+02
2.73091E+01 2.84947E+01 2.86028E+01 2.94717E+01 2.94697E+01 2.94710E+01 2.94750E+01 2.86019E+01 2.84947E+01 2.73091E+01 8.54969E+02
2.82175E+01 2.94002E+01 2.95083E+01 3.03746E+01 3.03727E+01 3.03740E+01 3.03780E+01 2.95074E+01 2.94002E+01 2.82175E+01 8.81277E+02
2.91311E+01 3.03110E+01 3.04191E+01 3.12830E+01 3.12811E+01 3.12823E+01 3.12864E+01 3.04183E+01 3.03110E+01 2.91311E+01 9.07653E+02
0.00000E+00 0.00000E+00 4.64126E-02 1.10533E+00 1.10389E+00 1.10402E+00 1.10612E+00 4.56249E-02 0.00000E+00 0.00000E+00 -1.85130E+00
0.00000E+00 0.00000E+00 8.31728E-02 1.11791E+00 1.11642E+00 1.11660E+00 1.11884E+00 8.23748E-02 0.00000E+00 0.00000E+00 -5.07276E-01
0.00000E+00 6.58159E-02 1.72193E-01 1.18711E+00 1.18559E+00 1.18581E+00 1.18817E+00 1.71386E-01 6.58159E-02 0.00000E+00 1.60597E+00
0.00000E+00 1.99385E-01 3.05934E-01 1.30387E+00 1.30231E+00 1.30258E+00 1.30505E+00 3.05120E-01 1.99385E-01 0.00000E+00 4.59653E+00
0.00000E+00 3.72789E-01 4.79494E-01 1.46251E+00 1.46091E+00 1.46123E+00 1.46379E+00 4.78673E-01 3.72789E-01 0.00000E+00 8.58501E+00
0.00000E+00 5.81605E-01 6.88453E-01 1.65817E+00 1.65655E+00 1.65690E+00 1.65956E+00 6.87626E-01 5.81605E-01 0.00000E+00 1.36050E+01
0.00000E+00 8.22296E-01 9.29276E-01 1.88701E+00 1.88536E+00 1.88576E+00 1.88850E+00 9.28444E-01 8.22296E-01 0.00000E+00 1.96568E+01
0.00000E+00 1.09199E+00 1.19909E+00 2.14592E+00 2.14425E+00 2.14469E+00 2.14752E+00 1.19825E+00 1.09199E+00 0.00000E+00 2.67186E+01
1.11262E-01 1.37655E+00 1.48377E+00 2.42067E+00 2.41898E+00 2.41945E+00 2.42236E+00 1.48292E+00 1.37655E+00 1.11262E-01 3.46829E+01
4.15200E-01 1.67018E+00 1.77750E+00 2.70526E+00 2.70355E+00 2.70406E+00 2.70704E+00 1.77665E+00 1.67018E+00 4.15200E-01 4.34167E+01
7.45151E-01 1.99049E+00 2.09791E+00 3.01715E+00 3.01541E+00 3.01596E+00 3.01902E+00 2.09706E+00 1.99049E+00 7.45151E-01 5.29747E+01
1.09947E+00 2.33577E+00 2.44329E+00 3.35453E+00 3.35278E+00 3.35336E+00 3.35649E+00 2.44243E+00 2.33577E+00 1.09947E+00 6.33204E+01
1.47669E+00 2.70447E+00 2.81208E+00 3.71580E+00 3.71403E+00 3.71465E+00 3.71784E+00 2.81122E+00 2.70447E+00 1.47669E+00 7.44158E+01
1.87545E+00 3.09520E+00 3.20289E+00 4.09952E+00 4.09773E+00 4.09838E+00 4.10165E+00 3.20203E+00 3.09520E+00 1.87545E+00 8.62219E+01
2.29454E+00 3.50668E+00 3.61445E+00 4.50436E+00 4.50256E+00 4.50324E+00 4.50657E+00 3.61359E+00 3.50668E+00 2.29454E+00 9.86995E+01
2.73283E+00 3.93773E+00 4.04559E+00 4.92912E+00 4.92730E+00 4.92802E+00 4.93141E+00 4.04472E+00 3.93773E+00 2.73283E+00 1.11810E+02
3.18927E+00 4.38729E+00 4.49522E+00 5.37270E+00 5.37086E+00 5.37162E+00 5.37506E+00 4.49435E+00 4.38729E+00 3.18927E+00 1.25516E+02
3.66291E+00 4.85436E+00 4.96236E+00 5.83406E+00 5.83221E+00 5.83300E+00 5.83650E+00 4.96149E+00 4.85436E+00 3.66291E+00 1.39782E+02
4.15283E+00 5.33800E+00 5.44608E+00 6.31226E+00 6.31040E+00 6.31122E+00 6.31478E+00 5.44520E+00 5.33800E+00 4.15283E+00 1.54572E+02
4.65820E+00 5.83737E+00 5.94551E+00 6.80642E+00 6.80454E+00 6.80539E+00 6.80901E+00 5.94463E+00 5.83737E+00 4.65820E+00 1.69852E+02
5.17824E+00 6.35164E+00 6.45985E+00 7.31570E+00 7.31380E+00 7.31469E+00 7.31836E+00 6.45897E+00 6.35164E+00 5.17824E+00 1.85592E+02
5.71220E+00 6.88007E+00 6.98834E+00 7.83933E+00 7.83743E+00 7.83834E+00 7.84207E+00 6.98746E+00 6.88007E+00 5.71220E+00 2.01760E+02
6.25939E+00 7.42194E+00 7.53027E+00 8.37659E+00 8.37467E+00 8.37562E+00 8.37940E+00 7.52939E+00 7.42194E+00 6.25939E+00 2.18329E+02
6.81916E+00 7.97658E+00 8.08497E+00 8.92680E+00 8.92487E+00 8.92584E+00 8.92967E+00 8.08408E+00 7.97658E+00 6.81916E+00 2.35270E+02
7.39088E+00 8.54336E+00 8.65180E+00 9.48930E+00 9.48736E+00 9.48837E+00 9.49224E+00 8.65091E+00 8.54336E+00 7.39088E+00 2.52559E+02
7.97398E+00 9.12167E+00 9.23018E+00 1.00635E+01 1.00615E+01 1.00626E+01 1.00665E+01 9.22928E+00 9.12167E+00 7.97398E+00 2.70170E+02
8.56789E+00 9.71097E+00 9.81953E+00 1.06488E+01 1.06468E+01 1.06479E+01 1.06519E+01 9.81863E+00 9.71097E+00 8.56789E+00 2.88082E+02
9.17209E+00 1.03107E+01 1.04193E+01 1.12447E+01 1.12427E+01 1.12438E+01 1.12478E+01 1.04184E+01 1.03107E+01 9.17209E+00 3.06273E+02
9.78609E+00 1.09204E+01 1.10290E+01 1.18506E+01 1.18486E+01 1.18498E+01 1.18538E+01 1.10281E+01 1.09204E+01 9.78609E+00 3.24721E+02
1.04094E+01 1.15395E+01 1.16482E+01 1.24661E+01 1.24641E+01 1.24653E+01 1.24694E+01 1.16473E+01 1.15395E+01 1.04094E+01 3.43409E+02
1.10416E+01 1.21676E+01 1.22764E+01 1.30908E+01 1.30887E+01 1.30899E+01 1.30941E+01 1.22755E+01 1.21676E+01 1.10416E+01 3.62318E+02
1.16822E+01 1.28043E+01 1.29131E+01 1.37240E+01 1.37220E+01 1.37232E+01 1.37274E+01 1.29122E+01 1.28043E+01 1.16822E+01 3.81431E+02
1.23309E+01 1.34491E+01 1.35580E+01 1.43656E+01 1.43635E+01 1.43648E+01 1.43690E+01 1.35571E+01 1.34491E+01 1.23309E+01 4.00733E+02
1.29872E+01 1.41017E+01 1.42106E+01 1.50149E+01 1.50129E+01 1.50142E+01 1.50184E+01 1.42097E+01 1.41017E+01 1.29872E+01 4.20207E+02
1.36508E+01 1.47617E+01 1.48706E+01 1.56718E+01 1.56697E+01 1.56710E+01 1.56753E+01 1.48697E+01 1.47617E+01 1.36508E+01 4.39841E+02
1.43213E+01 1.54286E+01 1.55376E+01 1.63357E+01 1.63336E+01 1.63350E+01 1.63393E+01 1.55367E+01 1.54286E+01 1.43213E+01 4.59620E+02
1.49984E+01 1.61023E+01 1.62113E+01 1.70064E+01 1.70043E+01 1.70057E+01 1.70101E+01 1.62104E+01 1.61023E+01 1.49984E+01 4.79533E+02
1.56818E+01 1.67823E+01 1.68914E+01 1.76835E+01 1.76814E+01 1.76828E+01 1.76873E+01 1.68904E+01 1.67823E+01 1.56818E+01 4.99567E+02
1.63711E+01 1.74683E+01 1.75774E+01 1.83668E+01 1.83647E+01 1.83661E+01 1.83706E+01 1.75765E+01 1.74683E+01 1.63711E+01 5.19711E+02
1.70661E+01 1.81601E+01 1.82693E+01 1.90558E+01 1.90537E+01 1.90552E+01 1.90597E+01 1.82684E+01 1.81601E+01 1.70661E+01 5.39955E+02
1.77665E+01 1.88574E+01 1.89666E+01 1.97504E+01 1.97483E+01 1.97498E+01 1.97543E+01 1.89657E+01 1.88574E+01 1.77665E+01 5.60289E+02
1.84720E+01 1.95598E+01 1.96691E+01 2.04502E+01 2.04481E+01 2.04496E+01 2.04542E+01 1.96681E+01 1.95598E+01 1.84720E+01 5.80703E+02
1.91823E+01 2.02672E+01 2.03765E+01 2.11551E+01 2.11529E+01 2.11545E+01 2.11591E+01 2.03756E+01 2.02672E+01 1.91823E+01 6.01190E+02
1.98973E+01 2.09793E+01 2.10886E+01 2.18646E+01 2.18625E+01 2.18641E+01 2.18687E+01 2.10877E+01 2.09793E+01 1.98973E+01 6.21740E+02
2.06167E+01 2.16958E+01 2.18051E+01 2.25787E+01 2.25766E+01 2.25781E+01 2.25829E+01 2.18042E+01 2.16958E+01 2.06167E+01 6.42345E+02
2.13402E+01 2.24166E+01 2.25259E+01 2.32971E+01 2.32949E+01 2.32965E+01 2.33013E+01 2.25250E+01 2.24166E+01 2.13402E+01 6.63000E+02
2.20677E+01 2.31413E+01 2.32507E+01 2.40195E+01 2.40173E+01 2.40189E+01 2.40237E+01 2.32498E+01 2.31413E+01 2.20677E+01 6.83696E+02
2.27989E+01 2.38698E+01 2.39793E+01 2.47457E+01 2.47435E+01 2.47452E+01 2.47500E+01 2.39783E+01 2.38698E+01 2.27989E+01 7.04427E+02
2.35337E+01 2.46020E+01 2.47114E+01 2.54756E+01 2.54734E+01 2.54751E+01 2.54800E+01 2.47105E+01 2.46020E+01 2.35337E+01 7.25187E+02
2.42718E+01 2.53375E+01 2.54470E+01 2.62089E+01 2.62067E+01 2.62084E+01 2.62133E+01 2.54460E+01 2.53375E+01 2.42718E+01 7.45971E+02
0.00000E+00 0.00000E+00 4.78091E-02 9.84773E-01 9.83149E-01 9.83333E-01 9.85841E-01 4.69773E-02 0.00000E+00 0.00000E+00 -1.75398E+00
0.00000E+00 0.00000E+00 8.53286E-02 1.00058E+00 9.98908E-01 9.99158E-01 1.00183E+00 8.44860E-02 0.00000E+00 0.00000E+00 -4.78818E-01
0.00000E+00 6.23264E-02 1.70049E-01 1.06752E+00 1.06580E+00 1.06611E+00 1.06893E+00 1.69198E-01 6.23264E-02 0.00000E+00 1.51967E+00
0.00000E+00 1.86373E-01 2.94270E-01 1.17650E+00 1.17474E+00 1.17511E+00 1.17806E+00 2.93411E-01 1.86373E-01 0.00000E+00 4.32180E+00
0.00000E+00 3.45029E-01 4.53084E-01 1.32191E+00 1.32012E+00 1.32055E+00 1.32362E+00 4.52218E-01 3.45029E-01 0.00000E+00 8.01948E+00
0.00000E+00 5.34020E-01 6.42220E-01 1.49911E+00 1.49729E+00 1.49777E+00 1.50096E+00 6.41347E-01 5.34020E-01 0.00000E+00 1.26247E+01
0.00000E+00 7.49991E-01 8.58323E-01 1.70446E+00 1.70261E+00 1.70314E+00 1.70644E+00 8.57445E-01 7.49991E-01 0.00000E+00 1.81220E+01
0.00000E+00 9.90249E-01 1.09870E+00 1.93506E+00 1.93318E+00 1.93377E+00 1.93716E+00 1.09782E+00 9.90249E-01 0.00000E+00 2.44786E+01
9.93716E-02 1.24312E+00 1.35169E+00 2.17913E+00 2.17723E+00 2.17787E+00 2.18136E+00 1.35080E+00 1.24312E+00 9.93716E-02 3.15745E+01
3.69513E-01 1.50384E+00 1.61252E+00 2.43176E+00 2.42983E+00 2.43052E+00 2.43410E+00 1.61162E+00 1.50384E+00 3.69513E-01 3.92772E+01
6.60944E-01 1.78647E+00 1.89524E+00 2.70683E+00 2.70488E+00 2.70562E+00 2.70929E+00 1.89435E+00 1.78647E+00 6.60944E-01 4.76523E+01
9.72155E-01 2.08942E+00 2.19829E+00 3.00270E+00 3.00073E+00 3.00152E+00 3.00527E+00 2.19739E+00 2.08942E+00 9.72155E-01 5.66631E+01
1.30180E+00 2.41129E+00 2.52025E+00 3.31791E+00 3.31592E+00 3.31675E+00 3.32059E+00 2.51934E+00 2.41129E+00 1.30180E+00 6.62722E+01
1.64866E+00 2.75081E+00 2.85985E+00 3.65115E+00 3.64913E+00 3.65002E+00 3.65393E+00 2.85895E+00 2.75081E+00 1.64866E+00 7.64426E+01
2.01165E+00 3.10683E+00 3.21596E+00 4.00123E+00 3.99920E+00 4.00013E+00 4.00412E+00 3.21505E+00 3.10683E+00 2.01165E+00 8.71378E+01
2.38974E+00 3.47832E+00 3.58753E+00 4.36708E+00 4.36503E+00 4.36601E+00 4.37008E+00 3.58662E+00 3.47832E+00 2.38974E+00 9.83225E+01
2.78204E+00 3.86433E+00 3.97362E+00 4.74772E+00 4.74566E+00 4.74668E+00 4.75082E+00 3.97270E+00 3.86433E+00 2.78204E+00 1.09963E+02
3.18768E+00 4.26397E+00 4.37333E+00 5.14226E+00 5.14017E+00 5.14124E+00 5.14545E+00 4.37241E+00 4.26397E+00 3.18768E+00 1.22027E+02
3.60589E+00 4.67645E+00 4.78587E+00 5.54985E+00 5.54775E+00 5.54886E+00 5.55314E+00 4.78495E+00 4.67645E+00 3.60589E+00 1.34484E+02
4.03592E+00 5.10100E+00 5.21049E+00 5.96972E+00 5.96761E+00 5.96876E+00 5.97312E+00 5.20956E+00 5.10100E+00 4.03592E+00 1.47305E+02
4.47712E+00 5.53693E+00 5.64649E+00 6.40118E+00 6.39905E+00 6.40025E+00 6.40466E+00 5.64556E+00 5.53693E+00 4.47712E+00 1.60463E+02
4.92883E+00 5.98358E+00 6.09321E+00 6.84354E+00 6.84140E+00 6.84264E+00 6.84712E+00 6.09228E+00 5.98358E+00 4.92883E+00 1.73931E+02
5.39048E+00 6.44037E+00 6.55005E+00 7.29619E+00 7.29404E+00 7.29532E+00 7.29986E+00 6.54912E+00 6.44037E+00 5.39048E+00 1.87687E+02
5.86150E+00 6.90670E+00 7.01644E+00 7.75855E+00 7.75638E+00 7.75771E+00 7.76231E+00 7.01551E+00 6.90670E+00 5.86150E+00 2.01706E+02
6.34137E+00 7.38205E+00 7.49185E+00 8.23008E+00 8.22789E+00 8.22926E+00 8.23392E+00 7.49091E+00 7.38205E+00 6.34137E+00 2.15969E+02
6.82960E+00 7.86592E+00 7.97577E+00 8.71025E+00 8.70805E+00 8.70946E+00 8.71419E+00 7.97483E+00 7.86592E+00 6.82960E+00 2.30454E+02
7.32573E+00 8.35784E+00 8.46774E+00 9.19859E+00 9.19638E+00 9.19783E+00 9.20262E+00 8.46680E+00 8.35784E+00 7.32573E+00 2.45144E+02
7.82933E+00 8.85735E+00 8.96730E+00 9.69465E+00 9.69243E+00 9.69392E+00 9.69876E+00 8.96636E+00 8.85735E+00 7.82933E+00 2.60022E+02
8.33997E+00 9.36404E+00 9.47405E+00 1.01980E+01 1.01958E+01 1.01973E+01 1.02022E+01 9.47310E+00 9.36404E+00 8.33997E+00 2.75069E+02
8.85727E+00 9.87751E+00 9.98757E+00 1.07082E+01 1.07060E+01 1.07076E+01 1.07125E+01 9.98662E+00 9.87751E+00 8.85727E+00 2.90273E+02
9.38087E+00 1.03974E+01 1.05075E+01 1.12250E+01 1.12227E+01 1.12243E+01 1.12293E+01 1.05065E+01 1.03974E+01 9.38087E+00 3.05617E+02
9.91040E+00 1.09233E+01 1.10335E+01 1.17479E+01 1.17456E+01 1.17472E+01 1.17523E+01 1.10325E+01 1.09233E+01 9.91040E+00 3.21090E+02
1.04456E+01 1.14550E+01 1.15652E+01 1.22765E+01 1.22743E+01 1.22759E+01 1.22811E+01 1.15642E+01 1.14550E+01 1.04456E+01 3.36678E+02
1.09860E+01 1.19920E+01 1.21022E+01 1.28107E+01 1.28084E+01 1.28101E+01 1.28153E+01 1.21013E+01 1.19920E+01 1.09860E+01 3.52370E+02
1.15315E+01 1.25341E+01 1.26444E+01 1.33500E+01 1.33477E+01 1.33495E+01 1.33547E+01 1.26435E+01 1.25341E+01 1.15315E+01 3.68155E+02
1.20816E+01 1.30811E+01 1.31914E+01 1.38943E+01 1.38920E+01 1.38937E+01 1.38990E+01 1.31904E+01 1.30811E+01 1.20816E+01 3.84023E+02
1.26363E+01 1.36325E+01 1.37429E+01 1.44431E+01 1.44408E+01 1.44426E+01 1.44479E+01 1.37419E+01 1.36325E+01 1.26363E+01 3.99964E+02
1.31951E+01 1.41883E+01 1.42987E+01 1.49963E+01 1.49939E+01 1.49958E+01 1.50012E+01 1.42977E+01 1.41883E+01 1.31951E+01 4.15969E+02
1.37578E+01 1.47481E+01 1.48585E+01 1.55535E+01 1.55512E+01 1.55531E+01 1.55585E+01 1.48575E+01 1.47481E+01 1.37578E+01 4.32030E+02
1.43243E+01 1.53116E+01 1.54221E+01 1.61146E+01 1.61123E+01 1.61142E+01 1.61197E+01 1.54212E+01 1.53116E+01 1.43243E+01 4.48140E+02
1.48943E+01 1.58788E+01 1.59893E+01 1.66794E+01 1.66770E+01 1.66790E+01 1.66845E+01 1.59883E+01 1.58788E+01 1.48943E+01 4.64290E+02
1.54676E+01 1.64493E+01 1.65598E+01 1.72475E+01 1.72452E+01 1.72472E+01 1.72527E+01 1.65589E+01 1.64493E+01 1.54676E+01 4.80474E+02
1.60440E+01 1.70229E+01 1.71335E+01 1.78189E+01 1.78165E+01 1.78186E+01 1.78242E+01 1.71326E+01 1.70229E+01 1.60440E+01 4.96686E+02
1.66233E+01 1.75996E+01 1.77102E+01 1.83933E+01 1.83909E+01 1.83930E+01 1.83986E+01 1.77092E+01 1.75996E+01 1.66233E+01 5.12920E+02
1.72053E+01 1.81790E+01 1.82896E+01 1.89705E+01 1.89681E+01 1.89702E+01 1.89759E+01 1.82887E+01 1.81790E+01 1.72053E+01 5.29170E+02
1.77899E+01 1.87610E+01 1.88717E+01 1.95504E+01 1.95480E+01 1.95501E+01 1.95558E+01 1.88707E+01 1.87610E+01 1.77899E+01 5.45430E+02
1.83768E+01 1.93454E+01 1.94561E+01 2.01327E+01 2.01303E+01 2.01325E+01 2.01383E+01 1.94552E+01 1.93454E+01 1.83768E+01 5.61696E+02
1.89660E+01 1.99321E+01 2.00429E+01 2.07174E+01 2.07150E+01 2.07172E+01 2.07230E+01 2.00419E+01 1.99321E+01 1.89660E+01 5.77964E+02
1.95572E+01 2.05210E+01 2.06318E+01 2.13042E+01 2.13018E+01 2.13040E+01 2.13099E+01 2.06308E+01 2.05210E+01 1.95572E+01 5.94228E+02
2.01504E+01 2.11118E+01 2.12226E+01 2.18931E+01 2.18907E+01 2.18929E+01 2.18988E+01 2.12217E+01 2.11118E+01 2.01504E+01 6.10486E+02
0.00000E+00 0.00000E+00 4.90747E-02 8.76536E-01 8.74704E-01 8.74943E-01 8.77926E-01 4.81961E-02 0.00000E+00 0.00000E+00 -1.66894E+00
0.00000E+00 0.00000E+00 8.74585E-02 8.95434E-01 8.93543E-01 8.93874E-01 8.97059E-01 8.65686E-02 0.00000E+00 0.00000E+00 -4.52352E-01
0.00000E+00 5.90526E-02 1.68151E-01 9.60162E-01 9.58222E-01 9.58639E-01 9.62002E-01 1.67252E-01 5.90526E-02 0.00000E+00 1.44269E+00
0.00000E+00 1.74208E-01 2.83482E-01 1.06181E+00 1.05983E+00 1.06033E+00 1.06385E+00 2.82575E-01 1.74208E-01 0.00000E+00 4.07024E+00
0.00000E+00 3.19215E-01 4.28648E-01 1.19495E+00 1.19293E+00 1.19351E+00 1.19718E+00 4.27733E-01 3.19215E-01 0.00000E+00 7.49653E+00
0.00000E+00 4.90007E-01 5.99584E-01 1.35517E+00 1.35311E+00 1.35377E+00 1.35758E+00 5.98663E-01 4.90007E-01 0.00000E+00 1.17153E+01
0.00000E+00 6.83445E-01 7.93156E-01 1.53909E+00 1.53700E+00 1.53773E+00 1.54167E+00 7.92229E-01 6.83445E-01 0.00000E+00 1.66984E+01
0.00000E+00 8.97045E-01 1.00688E+00 1.74404E+00 1.74191E+00 1.74271E+00 1.74678E+00 1.00595E+00 8.97045E-01 0.00000E+00 2.24055E+01
8.85398E-02 1.12123E+00 1.23118E+00 1.96034E+00 1.95818E+00 1.95905E+00 1.96324E+00 1.23024E+00 1.12123E+00 8.85398E-02 2.87088E+01
3.28040E-01 1.35213E+00 1.46218E+00 2.18398E+00 2.18180E+00 2.18274E+00 2.18704E+00 1.46124E+00 1.35213E+00 3.28040E-01 3.54801E+01
5.84760E-01 1.60080E+00 1.71096E+00 2.42589E+00 2.42368E+00 2.42469E+00 2.42909E+00 1.71001E+00 1.60080E+00 5.84760E-01 4.27928E+01
8.57336E-01 1.86583E+00 1.97608E+00 2.68457E+00 2.68234E+00 2.68341E+00 2.68793E+00 1.97513E+00 1.86583E+00 8.57336E-01 5.06112E+01
1.14456E+00 2.14595E+00 2.25629E+00 2.95872E+00 2.95647E+00 2.95761E+00 2.96222E+00 2.25534E+00 2.14595E+00 1.14456E+00 5.88997E+01
1.44534E+00 2.44003E+00 2.55045E+00 3.24717E+00 3.24490E+00 3.24610E+00 3.25081E+00 2.54949E+00 2.44003E+00 1.44534E+00 6.76238E+01
1.75872E+00 2.74705E+00 2.85756E+00 3.54887E+00 3.54657E+00 3.54784E+00 3.55264E+00 2.85660E+00 2.74705E+00 1.75872E+00 7.67505E+01
2.08382E+00 3.06611E+00 3.17669E+00 3.86287E+00 3.86056E+00 3.86188E+00 3.86678E+00 3.17573E+00 3.06611E+00 2.08382E+00 8.62482E+01
2.41982E+00 3.39637E+00 3.50703E+00 4.18833E+00 4.18599E+00 4.18738E+00 4.19237E+00 3.50606E+00 3.39637E+00 2.41982E+00 9.60870E+01
2.76600E+00 3.73707E+00 3.84780E+00 4.52445E+00 4.52210E+00 4.52354E+00 4.52862E+00 3.84683E+00 3.73707E+00 2.76600E+00 1.06239E+02
3.12169E+00 4.08752E+00 4.19832E+00 4.87052E+00 4.86815E+00 4.86966E+00 4.87482E+00 4.19735E+00 4.08752E+00 3.12169E+00 1.16678E+02
3.48626E+00 4.44707E+00 4.55794E+00 5.22589E+00 5.22350E+00 5.22507E+00 5.23031E+00 4.55696E+00 4.44707E+00 3.48626E+00 1.27378E+02
3.85913E+00 4.81513E+00 4.92606E+00 5.58994E+00 5.58754E+00 5.58916E+00 5.59448E+00 4.92508E+00 4.81513E+00 3.85913E+00 1.38318E+02
4.23977E+00 5.19115E+00 5.30214E+00 5.96211E+00 5.95969E+00 5.96137E+00 5.96677E+00 5.30116E+00 5.19115E+00 4.23977E+00 1.49476E+02
4.62768E+00 5.57462E+00 5.68567E+00 6.34188E+00 6.33945E+00 6.34118E+00 6.34666E+00 5.68469E+00 5.57462E+00 4.62768E+00 1.60831E+02
5.02240E+00 5.96506E+00 6.07616E+00 6.72876E+00 6.72631E+00 6.72810E+00 6.73366E+00 6.07518E+00 5.96506E+00 5.02240E+00 1.72366E+02
5.42349E+00 6.36203E+00 6.47319E+00 7.12229E+00 7.11983E+00 7.12167E+00 7.12730E+00 6.47220E+00 6.36203E+00 5.42349E+00 1.84062E+02
5.83055E+00 6.76510E+00 6.87632E+00 7.52206E+00 7.51958E+00 7.52148E+00 7.52718E+00 6.87533E+00 6.76510E+00 5.83055E+00 1.95905E+02
6.24321E+00 7.17391E+00 7.28517E+00 7.92766E+00 7.92517E+00 7.92712E+00 7.93290E+00 7.28418E+00 7.17391E+00 6.24321E+00 2.07879E+02
6.66109E+00 7.58806E+00 7.69938E+00 8.33873E+00 8.33623E+00 8.33823E+00 8.34407E+00 7.69838E+00 7.58806E+00 6.66109E+00 2.19971E+02
7.08388E+00 8.00724E+00 8.11860E+00 8.75491E+00 8.75239E+00 8.75445E+00 8.76036E+00 8.11760E+00 8.00724E+00 7.08388E+00 2.32167E+02
7.51125E+00 8.43111E+00 8.54252E+00 9.17588E+00 9.17335E+00 9.17546E+00 9.18144E+00 8.54152E+00 8.43111E+00 7.51125E+00 2.44456E+02
7.94290E+00 8.85936E+00 8.97082E+00 9.60132E+00 9.59878E+00 9.60094E+00 9.60699E+00 8.96982E+00 8.85936E+00 7.94290E+00 2.56827E+02
8.37856E+00 9.29173E+00 9.40323E+00 1.00310E+01 1.00284E+01 1.00306E+01 1.00367E+01 9.40223E+00 9.29173E+00 8.37856E+00 2.69270E+02
8.81797E+00 9.72793E+00 9.83948E+00 1.04645E+01 1.04620E+01 1.04642E+01 1.04704E+01 9.83847E+00 9.72793E+00 8.81797E+00 2.81775E+02
9.26087E+00 1.01677E+01 1.02793E+01 1.09017E+01 1.08992E+01 1.09015E+01 1.09077E+01 1.02783E+01 1.01677E+01 9.26087E+00 2.94333E+02
9.70704E+00 1.06108E+01 1.07225E+01 1.13423E+01 1.13398E+01 1.13421E+01 1.13484E+01 1.07215E+01 1.06108E+01 9.70704E+00 3.06936E+02
1.01562E+01 1.10571E+01 1.11688E+01 1.17862E+01 1.17836E+01 1.17860E+01 1.17923E+01 1.11678E+01 1.10571E+01 1.01562E+01 3.19577E+02
1.06083E+01 1.15063E+01 1.16180E+01 1.22329E+01 1.22303E+01 1.22328E+01 1.22392E+01 1.16170E+01 1.15063E+01 1.06083E+01 3.32249E+02
1.10629E+01 1.19581E+01 1.20699E+01 1.26825E+01 1.26799E+01 1.26824E+01 1.26889E+01 1.20688E+01 1.19581E+01 1.10629E+01 3.44945E+02
1.15200E+01 1.24125E+01 1.25243E+01 1.31346E+01 1.31320E+01 1.31345E+01 1.31411E+01 1.25232E+01 1.24125E+01 1.15200E+01 3.57658E+02
1.19794E+01 1.28692E+01 1.29810E+01 1.35891E+01 1.35865E+01 1.35891E+01 1.35957E+01 1.29800E+01 1.28692E+01 1.19794E+01 3.70384E+02
1.24409E+01 1.33280E+01 1.34399E+01 1.40458E+01 1.40432E+01 1.40458E+01 1.40525E+01 1.34389E+01 1.33280E+01 1.24409E+01 3.83118E+02
1.29043E+01 1.37889E+01 1.39008E+01 1.45046E+01 1.45019E+01 1.45046E+01 1.45113E+01 1.38998E+01 1.37889E+01 1.29043E+01 3.95853E+02
1.33695E+01 1.42516E+01 1.43635E+01 1.49652E+01 1.49625E+01 1.49653E+01 1.49720E+01 1.43625E+01 1.42516E+01 1.33695E+01 4.08586E+02
1.38363E+01 1.47160E+01 1.48279E+01 1.54276E+01 1.54249E+01 1.54277E+01 1.54345E+01 1.48269E+01 1.47160E+01 1.38363E+01 4.21313E+02
1.43046E+01 1.51819E+01 1.52939E+01 1.58916E+01 1.58889E+01 1.58917E+01 1.58986E+01 1.52929E+01 1.51819E+01 1.43046E+01 4.34029E+02
1.47743E+01 1.56493E+01 1.57613E+01 1.63570E+01 1.63543E+01 1.63572E+01 1.63642E+01 1.57603E+01 1.56493E+01 1.47743E+01 4.46732E+02
1.52453E+01 1.61180E+01 1.62300E+01 1.68238E+01 1.68211E+01 1.68241E+01 1.68310E+01 1.62290E+01 1.61180E+01 1.52453E+01 4.59417E+02
1.57174E+01 1.65878E+01 1.66999E+01 1.72918E+01 1.72891E+01 1.72921E+01 1.72991E+01 1.66989E+01 1.65878E+01 1.57174E+01 4.72082E+02
1.61905E+01 1.70587E+01 1.71709E+01 1.77610E+01 1.77583E+01 1.77613E+01 1.77683E+01 1.71698E+01 1.70587E+01 1.61905E+01 4.84724E+02
1.66645E+01 1.75306E+01 1.76428E+01 1.82311E+01 1.82284E+01 1.82314E+01 1.82386E+01 1.76417E+01 1.75306E+01 1.66645E+01 4.97339E+02
0.00000E+00 0.00000E+00 5.02718E-02 7.79401E-01 7.77322E-01 7.77640E-01 7.81198E-01 4.93436E-02 0.00000E+00 0.00000E+00 -1.59496E+00
0.00000E+00 0.00000E+00 8.95744E-02 8.01213E-01 7.99067E-01 7.99514E-01 8.03323E-01 8.86346E-02 0.00000E+00 0.00000E+00 -4.27154E-01
0.00000E+00 5.59635E-02 1.66466E-01 8.63776E-01 8.61574E-01 8.62141E-01 8.66169E-01 1.65517E-01 5.59635E-02 0.00000E+00 1.37471E+00
0.00000E+00 1.62800E-01 2.73478E-01 9.58508E-01 9.56256E-01 9.56937E-01 9.61166E-01 2.72520E-01 1.62800E-01 0.00000E+00 3.84019E+00
0.00000E+00 2.95169E-01 4.06004E-01 1.08024E+00 1.07795E+00 1.07874E+00 1.08315E+00 4.05039E-01 2.95169E-01 0.00000E+00 7.01279E+00
0.00000E+00 4.49258E-01 5.60237E-01 1.22486E+00 1.22252E+00 1.22342E+00 1.22800E+00 5.59265E-01 4.49258E-01 0.00000E+00 1.08711E+01
0.00000E+00 6.22173E-01 7.33284E-01 1.38925E+00 1.38687E+00 1.38787E+00 1.39262E+00 7.32306E-01 6.22173E-01 0.00000E+00 1.53776E+01
0.00000E+00 8.11650E-01 9.22882E-01 1.57097E+00 1.56856E+00 1.56965E+00 1.57455E+00 9.21899E-01 8.11650E-01 0.00000E+00 2.04868E+01
7.86829E-02 1.00990E+00 1.12125E+00 1.76215E+00 1.75971E+00 1.76090E+00 1.76595E+00 1.12026E+00 1.00990E+00 7.86829E-02 2.60679E+01
2.90438E-01 1.21380E+00 1.32525E+00 1.95955E+00 1.95708E+00 1.95836E+00 1.96354E+00 1.32425E+00 1.21380E+00 2.90438E-01 3.19990E+01
5.15928E-01 1.43194E+00 1.54349E+00 2.17163E+00 2.16913E+00 2.17050E+00 2.17582E+00 1.54249E+00 1.43194E+00 5.15928E-01 3.83593E+01
7.53937E-01 1.66306E+00 1.77470E+00 2.39706E+00 2.39453E+00 2.39600E+00 2.40144E+00 1.77370E+00 1.66306E+00 7.53937E-01 4.51148E+01
1.00340E+00 1.90603E+00 2.01775E+00 2.63468E+00 2.63213E+00 2.63368E+00 2.63925E+00 2.01675E+00 1.90603E+00 1.00340E+00 5.22326E+01
1.26336E+00 2.15986E+00 2.27167E+00 2.88347E+00 2.88090E+00 2.88254E+00 2.88823E+00 2.27066E+00 2.15986E+00 1.26336E+00 5.96814E+01
1.53298E+00 2.42367E+00 2.53556E+00 3.14251E+00 3.13992E+00 3.14164E+00 3.14744E+00 2.53455E+00 2.42367E+00 1.53298E+00 6.74317E+01
1.81149E+00 2.69667E+00 2.80864E+00 3.41099E+00 3.40837E+00 3.41018E+00 3.41609E+00 2.80762E+00 2.69667E+00 1.81149E+00 7.54559E+01
2.09822E+00 2.97815E+00 3.09019E+00 3.68816E+00 3.68552E+00 3.68741E+00 3.69344E+00 3.08917E+00 2.97815E+00 2.09822E+00 8.37281E+01
2.39253E+00 3.26746E+00 3.37956E+00 3.97336E+00 3.97070E+00 3.97267E+00 3.97881E+00 3.37854E+00 3.26746E+00 2.39253E+00 9.22243E+01
2.69385E+00 3.56399E+00 3.67617E+00 4.26598E+00 4.26331E+00 4.26535E+00 4.27159E+00 3.67514E+00 3.56399E+00 2.69385E+00 1.00922E+02
3.00166E+00 3.86723E+00 3.97946E+00 4.56547E+00 4.56277E+00 4.56490E+00 4.57124E+00 3.97844E+00 3.86723E+00 3.00166E+00 1.09802E+02
3.31549E+00 4.17666E+00 4.28895E+00 4.87130E+00 4.86859E+00 4.87079E+00 4.87723E+00 4.28792E+00 4.17666E+00 3.31549E+00 1.18844E+02
3.63487E+00 4.49182E+00 4.60418E+00 5.18302E+00 5.18029E+00 5.18257E+00 5.18911E+00 4.60315E+00 4.49182E+00 3.63487E+00 1.28031E+02
3.95941E+00 4.81230E+00 4.92472E+00 5.50019E+00 5.49745E+00 5.49980E+00 5.50643E+00 4.92368E+00 4.81230E+00 3.95941E+00 1.37347E+02
4.28873E+00 5.13771E+00 5.25017E+00 5.82241E+00 5.81965E+00 5.82207E+00 5.82880E+00 5.24914E+00 5.13771E+00 4.28873E+00 1.46776E+02
4.62246E+00 5.46767E+00 5.58019E+00 6.14930E+00 6.14652E+00 6.14902E+00 6.15583E+00 5.57915E+00 5.46767E+00 4.62246E+00 1.56307E+02
4.96029E+00 5.80186E+00 5.91443E+00 6.48052E+00 6.47773E+00 6.48030E+00 6.48720E+00 5.91339E+00 5.80186E+00 4.96029E+00 1.65925E+02
5.30191E+00 6.13995E+00 6.25257E+00 6.81575E+00 6.81294E+00 6.81559E+00 6.82257E+00 6.25153E+00 6.13995E+00 5.30191E+00 1.75619E+02
5.64702E+00 6.48166E+00 6.59433E+00 7.15469E+00 7.15187E+00 7.15458E+00 7.16165E+00 6.59328E+00 6.48166E+00 5.64702E+00 1.85380E+02
5.99537E+00 6.82671E+00 6.93942E+00 7.49705E+00 7.49422E+00 7.49700E+00 7.50416E+00 6.93838E+00 6.82671E+00 5.99537E+00 1.95196E+02
6.34670E+00 7.17484E+00 7.28760E+00 7.84259E+00 7.83974E+00 7.84260E+00 7.84983E+00 7.28655E+00 7.17484E+00 6.34670E+00 2.05059E+02
6.70078E+00 7.52582E+00 7.63862E+00 8.19105E+00 8.18819E+00 8.19111E+00 8.19843E+00 7.63757E+00 7.52582E+00 6.70078E+00 2.14961E+02
7.05739E+00 7.87942E+00 7.99226E+00 8.54220E+00 8.53934E+00 8.54232E+00 8.54972E+00 7.99121E+00 7.87942E+00 7.05739E+00 2.24895E+02
7.41632E+00 8.23543E+00 8.34831E+00 8.89584E+00 8.89296E+00 8.89601E+00 8.90349E+00 8.34726E+00 8.23543E+00 7.41632E+00 2.34852E+02
7.77739E+00 8.59365E+00 8.70657E+00 9.25176E+00 9.24887E+00 9.25198E+00 9.25954E+00 8.70552E+00 8.59365E+00 7.77739E+00 2.44827E+02
8.14042E+00 8.95390E+00 9.06686E+00 9.60977E+00 9.60686E+00 9.61004E+00 9.61768E+00 9.06581E+00 8.95390E+00 8.14042E+00 2.54814E+02
8.50522E+00 9.31601E+00 9.42901E+00 9.96969E+00 9.96678E+00 9.97002E+00 9.97773E+00 9.42795E+00 9.31601E+00 8.50522E+00 2.64807E+02
8.87165E+00 9.67980E+00 9.79284E+00 1.03314E+01 1.03284E+01 1.03317E+01 1.03395E+01 9.79178E+00 9.67980E+00 8.87165E+00 2.74802E+02
9.23954E+00 1.00451E+01 1.01582E+01 1.06946E+01 1.06917E+01 1.06951E+01 1.07029E+01 1.01572E+01 1.00451E+01 9.23954E+00 2.84793E+02
9.60877E+00 1.04119E+01 1.05250E+01 1.10593E+01 1.10564E+01 1.10598E+01 1.10677E+01 1.05239E+01 1.04119E+01 9.60877E+00 2.94777E+02
9.97919E+00 1.07798E+01 1.08930E+01 1.14253E+01 1.14224E+01 1.14259E+01 1.14339E+01 1.08919E+01 1.07798E+01 9.97919E+00 3.04750E+02
1.03507E+01 1.11490E+01 1.12621E+01 1.17925E+01 1.17896E+01 1.17931E+01 1.18012E+01 1.12611E+01 1.11490E+01 1.03507E+01 3.14707E+02
1.07231E+01 1.15191E+01 1.16323E+01 1.21608E+01 1.21578E+01 1.21614E+01 1.21695E+01 1.16312E+01 1.15191E+01 1.07231E+01 3.24647E+02
1.10964E+01 1.18901E+01 1.20033E+01 1.25299E+01 1.25269E+01 1.25306E+01 1.25388E+01 1.20022E+01 1.18901E+01 1.10964E+01 3.34565E+02
1.14704E+01 1.22619E+01 1.23751E+01 1.28999E+01 1.28969E+01 1.29007E+01 1.29089E+01 1.23741E+01 1.22619E+01 1.14704E+01 3.44459E+02
1.18451E+01 1.26343E+01 1.27476E+01 1.32706E+01 1.32676E+01 1.32714E+01 1.32797E+01 1.27465E+01 1.26343E+01 1.18451E+01 3.54327E+02
1.22202E+01 1.30074E+01 1.31207E+01 1.36420E+01 1.36390E+01 1.36428E+01 1.36512E+01 1.31196E+01 1.30074E+01 1.22202E+01 3.64165E+02
1.25959E+01 1.33809E+01 1.34943E+01 1.40138E+01 1.40108E+01 1.40147E+01 1.40232E+01 1.34932E+01 1.33809E+01 1.25959E+01 3.73973E+02
1.29719E+01 1.37549E+01 1.38682E+01 1.43861E+01 1.43831E+01 1.43871E+01 1.43956E+01 1.38672E+01 1.37549E+01 1.29719E+01 3.83748E+02
1.33482E+01 1.41291E+01 1.42426E+01 1.47588E+01 1.47558E+01 1.47598E+01 1.47684E+01 1.42415E+01 1.41291E+01 1.33482E+01 3.93488E+02
1.37246E+01 1.45037E+01 1.46171E+01 1.51317E+01 1.51287E+01 1.51328E+01 1.51414E+01 1.46160E+01 1.45037E+01 1.37246E+01 4.03191E+02
0.00000E+00 0.00000E+00 5.14649E-02 6.92275E-01 6.89904E-01 6.90347E-01 6.94623E-01 5.04844E-02 0.00000E+00 0.00000E+00 -1.53083E+00
0.00000E+00 0.00000E+00 9.16871E-02 7.16801E-01 7.14354E-01 7.14979E-01 7.19565E-01 9.06947E-02 0.00000E+00 0.00000E+00 -4.02344E-01
0.00000E+00 5.30301E-02 1.64961E-01 7.77217E-01 7.74706E-01 7.75498E-01 7.80357E-01 1.63959E-01 5.30301E-02 0.00000E+00 1.31569E+00
0.00000E+00 1.52067E-01 2.64170E-01 8.65409E-01 8.62842E-01 8.63792E-01 8.68899E-01 2.63160E-01 1.52067E-01 0.00000E+00 3.63034E+00
0.00000E+00 2.72727E-01 3.84985E-01 9.76542E-01 9.73925E-01 9.75026E-01 9.80361E-01 3.83967E-01 2.72727E-01 0.00000E+00 6.56540E+00
0.00000E+00 4.11492E-01 5.23890E-01 1.10682E+00 1.10416E+00 1.10540E+00 1.11095E+00 5.22866E-01 4.11492E-01 0.00000E+00 1.00875E+01
0.00000E+00 5.65728E-01 6.78255E-01 1.25342E+00 1.25071E+00 1.25210E+00 1.25784E+00 6.77224E-01 5.65728E-01 0.00000E+00 1.41523E+01
0.00000E+00 7.33396E-01 8.46042E-01 1.41414E+00 1.41140E+00 1.41291E+00 1.41885E+00 8.45006E-01 7.33396E-01 0.00000E+00 1.87115E+01
6.97241E-02 9.08233E-01 1.02099E+00 1.58264E+00 1.57987E+00 1.58151E+00 1.58763E+00 1.01995E+00 9.08233E-01 6.97241E-02 2.36351E+01
2.56392E-01 1.08772E+00 1.20057E+00 1.75631E+00 1.75350E+00 1.75527E+00 1.76156E+00 1.19953E+00 1.08772E+00 2.56392E-01 2.88097E+01
4.53828E-01 1.27844E+00 1.39139E+00 1.94160E+00 1.93876E+00 1.94066E+00 1.94711E+00 1.39034E+00 1.27844E+00 4.53828E-01 3.43179E+01
6.60966E-01 1.47929E+00 1.59232E+00 2.13735E+00 2.13449E+00 2.13651E+00 2.14311E+00 1.59127E+00 1.47929E+00 6.60966E-01 4.01281E+01
8.76876E-01 1.68927E+00 1.80239E+00 2.34255E+00 2.33966E+00 2.34179E+00 2.34855E+00 1.80133E+00 1.68927E+00 8.76876E-01 4.62107E+01
1.10074E+00 1.90754E+00 2.02074E+00 2.55630E+00 2.55338E+00 2.55563E+00 2.56253E+00 2.01968E+00 1.90754E+00 1.10074E+00 5.25379E+01
1.33184E+00 2.13333E+00 2.24661E+00 2.77782E+00 2.77488E+00 2.77724E+00 2.78429E+00 2.24554E+00 2.13333E+00 1.33184E+00 5.90840E+01
1.56952E+00 2.36598E+00 2.47932E+00 3.00642E+00 3.00345E+00 3.00593E+00 3.01311E+00 2.47826E+00 2.36598E+00 1.56952E+00 6.58252E+01
1.81321E+00 2.60487E+00 2.71829E+00 3.24146E+00 3.23847E+00 3.24105E+00 3.24837E+00 2.71722E+00 2.60487E+00 1.81321E+00 7.27397E+01
2.06238E+00 2.84947E+00 2.96295E+00 3.48238E+00 3.47937E+00 3.48207E+00 3.48951E+00 2.96188E+00 2.84947E+00 2.06238E+00 7.98075E+01
2.31656E+00 3.09928E+00 3.21282E+00 3.72868E+00 3.72565E+00 3.72845E+00 3.73603E+00 3.21175E+00 3.09928E+00 2.31656E+00 8.70104E+01
2.57532E+00 3.35385E+00 3.46746E+00 3.97990E+00 3.97685E+00 3.97976E+00 3.98745E+00 3.46638E+00 3.35385E+00 2.57532E+00 9.43315E+01
2.83826E+00 3.61278E+00 3.72644E+00 4.23561E+00 4.23254E+00 4.23555E+00 4.24336E+00 3.72536E+00 3.61278E+00 2.83826E+00 1.01756E+02
3.10501E+00 3.87568E+00 3.98939E+00 4.49542E+00 4.49234E+00 4.49545E+00 4.50338E+00 3.98831E+00 3.87568E+00 3.10501E+00 1.09269E+02
3.37526E+00 4.14221E+00 4.25598E+00 4.75899E+00 4.75589E+00 4.75910E+00 4.76715E+00 4.25490E+00 4.14221E+00 3.37526E+00 1.16859E+02
3.64868E+00 4.41207E+00 4.52589E+00 5.02599E+00 5.02288E+00 5.02618E+00 5.03434E+00 4.52480E+00 4.41207E+00 3.64868E+00 1.24514E+02
3.92501E+00 4.68495E+00 4.79881E+00 5.29612E+00 5.29299E+00 5.29639E+00 5.30466E+00 4.79773E+00 4.68495E+00 3.92501E+00 1.32223E+02
4.20397E+00 4.96058E+00 5.07450E+00 5.56910E+00 5.56596E+00 5.56945E+00 5.57783E+00 5.07341E+00 4.96058E+00 4.20397E+00 1.39978E+02
4.48534E+00 5.23873E+00 5.35269E+00 5.84469E+00 5.84153E+00 5.84511E+00 5.85360E+00 5.35160E+00 5.23873E+00 4.48534E+00 1.47768E+02
4.76887E+00 5.51915E+00 5.63316E+00 6.12263E+00 6.11946E+00 6.12314E+00 6.13172E+00 5.63206E+00 5.51915E+00 4.76887E+00 1.55587E+02
5.05437E+00 5.80164E+00 5.91569E+00 6.40272E+00 6.39953E+00 6.40330E+00 6.41199E+00 5.91459E+00 5.80164E+00 5.05437E+00 1.63427E+02
5.34165E+00 6.08599E+00 6.20008E+00 6.68475E+00 6.68155E+00 6.68541E+00 6.69420E+00 6.19898E+00 6.08599E+00 5.34165E+00 1.71281E+02
5.63051E+00 6.37203E+00 6.48615E+00 6.96853E+00 6.96531E+00 6.96926E+00 6.97815E+00 6.48505E+00 6.37203E+00 5.63051E+00 1.79144E+02
5.92081E+00 6.65957E+00 6.77373E+00 7.25388E+00 7.25066E+00 7.25469E+00 7.26368E+00 6.77263E+00 6.65957E+00 5.92081E+00 1.87010E+02
6.21237E+00 6.94845E+00 7.06266E+00 7.54065E+00 7.53741E+00 7.54153E+00 7.55061E+00 7.06156E+00 6.94845E+00 6.21237E+00 1.94874E+02
6.50506E+00 7.23854E+00 7.35278E+00 7.82867E+00 7.82542E+00 7.82963E+00 7.83880E+00 7.35168E+00 7.23854E+00 6.50506E+00 2.02731E+02
6.79873E+00 7.52969E+00 7.64396E+00 8.11781E+00 8.11455E+00 8.11884E+00 8.12810E+00 7.64286E+00 7.52969E+00 6.79873E+00 2.10578E+02
7.09327E+00 7.82176E+00 7.93607E+00 8.40793E+00 8.40466E+00 8.40903E+00 8.41839E+00 7.93496E+00 7.82176E+00 7.09327E+00 2.18411E+02
7.38855E+00 8.11464E+00 8.22898E+00 8.69890E+00 8.69562E+00 8.70009E+00 8.70952E+00 8.22787E+00 8.11464E+00 7.38855E+00 2.26226E+02
7.68447E+00 8.40821E+00 8.52258E+00 8.99062E+00 8.98733E+00 8.99188E+00 9.00140E+00 8.52148E+00 8.40821E+00 7.68447E+00 2.34021E+02
7.98091E+00 8.70237E+00 8.81677E+00 9.28297E+00 9.27967E+00 9.28430E+00 9.29391E+00 8.81566E+00 8.70237E+00 7.98091E+00 2.41792E+02
8.27779E+00 8.99702E+00 9.11145E+00 9.57586E+00 9.57255E+00 9.57725E+00 9.58695E+00 9.11034E+00 8.99702E+00 8.27779E+00 2.49537E+02
8.57500E+00 9.29205E+00 9.40652E+00 9.86917E+00 9.86585E+00 9.87064E+00 9.88042E+00 9.40541E+00 9.29205E+00 8.57500E+00 2.57254E+02
8.87248E+00 9.58740E+00 9.70189E+00 1.01628E+01 1.01595E+01 1.01644E+01 1.01742E+01 9.70078E+00 9.58740E+00 8.87248E+00 2.64941E+02
9.17012E+00 9.88297E+00 9.99748E+00 1.04568E+01 1.04534E+01 1.04584E+01 1.04683E+01 9.99637E+00 9.88297E+00 9.17012E+00 2.72595E+02
9.46787E+00 1.01787E+01 1.02932E+01 1.07509E+01 1.07475E+01 1.07525E+01 1.07626E+01 1.02921E+01 1.01787E+01 9.46787E+00 2.80216E+02
9.76565E+00 1.04745E+01 1.05890E+01 1.10451E+01 1.10417E+01 1.10468E+01 1.10569E+01 1.05879E+01 1.04745E+01 9.76565E+00 2.87801E+02
1.00634E+01 1.07703E+01 1.08849E+01 1.13394E+01 1.13360E+01 1.13412E+01 1.13513E+01 1.08838E+01 1.07703E+01 1.00634E+01 2.95349E+02
1.03610E+01 1.10660E+01 1.11806E+01 1.16336E+01 1.16302E+01 1.16355E+01 1.16457E+01 1.11795E+01 1.10660E+01 1.03610E+01 3.02859E+02
1.06585E+01 1.13616E+01 1.14763E+01 1.19277E+01 1.19244E+01 1.19297E+01 1.19400E+01 1.14752E+01 1.13616E+01 1.06585E+01 3.10331E+02
1.09558E+01 1.16571E+01 1.17718E+01 1.22218E+01 1.22184E+01 1.22238E+01 1.22342E+01 1.17706E+01 1.16571E+01 1.09558E+01 3.17762E+02
1.12529E+01 1.19523E+01 1.20670E+01 1.25156E+01 1.25122E+01 1.25177E+01 1.25281E+01 1.20659E+01 1.19523E+01 1.12529E+01 3.25152E+02
0.00000E+00 0.00000E+00 5.27196E-02 6.14199E-01 6.11477E-01 6.12123E-01 6.17305E-01 5.16840E-02 0.00000E+00 0.00000E+00 -1.47521E+00
0.00000E+00 0.00000E+00 9.38058E-02 6.41204E-01 6.38398E-01 6.39295E-01 6.44862E-01 9.27581E-02 0.00000E+00 0.00000E+00 -3.76787E-01
0.00000E+00 5.02257E-02 1.63605E-01 6.99471E-01 6.96593E-01 6.97722E-01 7.03625E-01 1.62547E-01 5.02257E-02 0.00000E+00 1.26590E+00
0.00000E+00 1.41935E-01 2.55481E-01 7.81467E-01 7.78528E-01 7.79873E-01 7.86082E-01 2.54415E-01 1.41935E-01 0.00000E+00 3.43977E+00
0.00000E+00 2.51744E-01 3.65439E-01 8.82744E-01 8.79750E-01 8.81302E-01 8.87792E-01 3.64366E-01 2.51744E-01 0.00000E+00 6.15201E+00
0.00000E+00 3.76454E-01 4.90284E-01 9.99857E-01 9.96813E-01 9.98562E-01 1.00531E+00 4.89204E-01 3.76454E-01 0.00000E+00 9.36011E+00
0.00000E+00 5.13703E-01 6.27655E-01 1.13026E+00 1.12718E+00 1.12911E+00 1.13611E+00 6.26570E-01 5.13703E-01 0.00000E+00 1.30156E+01
0.00000E+00 6.61681E-01 7.75745E-01 1.27202E+00 1.26889E+00 1.27101E+00 1.27824E+00 7.74655E-01 6.61681E-01 0.00000E+00 1.70695E+01
6.15928E-02 8.15400E-01 9.29567E-01 1.42007E+00 1.41691E+00 1.41920E+00 1.42665E+00 9.28471E-01 8.15400E-01 6.15928E-02 2.13957E+01
2.25611E-01 9.72859E-01 1.08712E+00 1.57232E+00 1.56912E+00 1.57159E+00 1.57924E+00 1.08602E+00 9.72859E-01 2.25611E-01 2.58903E+01
3.97892E-01 1.13901E+00 1.25336E+00 1.73361E+00 1.73038E+00 1.73301E+00 1.74086E+00 1.25226E+00 1.13901E+00 3.97892E-01 3.06376E+01
5.77514E-01 1.31288E+00 1.42731E+00 1.90293E+00 1.89966E+00 1.90246E+00 1.91050E+00 1.42621E+00 1.31288E+00 5.77514E-01 3.56093E+01
7.63683E-01 1.49364E+00 1.60815E+00 2.07940E+00 2.07611E+00 2.07906E+00 2.08728E+00 1.60704E+00 1.49364E+00 7.63683E-01 4.07789E+01
9.55706E-01 1.68055E+00 1.79513E+00 2.26226E+00 2.25895E+00 2.26205E+00 2.27046E+00 1.79401E+00 1.68055E+00 9.55706E-01 4.61226E+01
1.15298E+00 1.87297E+00 1.98762E+00 2.45087E+00 2.44753E+00 2.45078E+00 2.45936E+00 1.98651E+00 1.87297E+00 1.15298E+00 5.16185E+01
1.35495E+00 2.07035E+00 2.18507E+00 2.64462E+00 2.64125E+00 2.64466E+00 2.65340E+00 2.18395E+00 2.07035E+00 1.35495E+00 5.72465E+01
1.56116E+00 2.27218E+00 2.38696E+00 2.84299E+00 2.83961E+00 2.84316E+00 2.85207E+00 2.38583E+00 2.27218E+00 1.56116E+00 6.29888E+01
1.77117E+00 2.47800E+00 2.59284E+00 3.04554E+00 3.04213E+00 3.04582E+00 3.05489E+00 2.59172E+00 2.47800E+00 1.77117E+00 6.88290E+01
1.98458E+00 2.68743E+00 2.80232E+00 3.25182E+00 3.24839E+00 3.25223E+00 3.26145E+00 2.80120E+00 2.68743E+00 1.98458E+00 7.47524E+01
2.20106E+00 2.90008E+00 3.01503E+00 3.46147E+00 3.45803E+00 3.46200E+00 3.47137E+00 3.01390E+00 2.90008E+00 2.20106E+00 8.07458E+01
2.42028E+00 3.11564E+00 3.23064E+00 3.67416E+00 3.67069E+00 3.67480E+00 3.68431E+00 3.22951E+00 3.11564E+00 2.42028E+00 8.67973E+01
2.64197E+00 3.33380E+00 3.44885E+00 3.88955E+00 3.88607E+00 3.89031E+00 3.89997E+00 3.44772E+00 3.33380E+00 2.64197E+00 9.28961E+01
2.86584E+00 3.55429E+00 3.66938E+00 4.10739E+00 4.10389E+00 4.10826E+00 4.11805E+00 3.66825E+00 3.55429E+00 2.86584E+00 9.90325E+01
3.09167E+00 3.77685E+00 3.89200E+00 4.32740E+00 4.32389E+00 4.32839E+00 4.33832E+00 3.89086E+00 3.77685E+00 3.09167E+00 1.05198E+02
3.31924E+00 4.00127E+00 4.11646E+00 4.54936E+00 4.54583E+00 4.55046E+00 4.56052E+00 4.11532E+00 4.00127E+00 3.31924E+00 1.11384E+02
3.54834E+00 4.22733E+00 4.34256E+00 4.77305E+00 4.76950E+00 4.77425E+00 4.78445E+00 4.34142E+00 4.22733E+00 3.54834E+00 1.17585E+02
3.77879E+00 4.45484E+00 4.57011E+00 4.99826E+00 4.99471E+00 4.99958E+00 5.00990E+00 4.56897E+00 4.45484E+00 3.77879E+00 1.23794E+02
4.01041E+00 4.68362E+00 4.79893E+00 5.22483E+00 5.22126E+00 5.22625E+00 5.23670E+00 4.79779E+00 4.68362E+00 4.01041E+00 1.30004E+02
4.24306E+00 4.91352E+00 5.02886E+00 5.45258E+00 5.44899E+00 5.45411E+00 5.46467E+00 5.02772E+00 4.91352E+00 4.24306E+00 1.36211E+02
4.47658E+00 5.14437E+00 5.25975E+00 5.68135E+00 5.67776E+00 5.68299E+00 5.69367E+00 5.25860E+00 5.14437E+00 4.47658E+00 1.42411E+02
4.71085E+00 5.37604E+00 5.49145E+00 5.91101E+00 5.90740E+00 5.91275E+00 5.92355E+00 5.49031E+00 5.37604E+00 4.71085E+00 1.48599E+02
4.94573E+00 5.60841E+00 5.72385E+00 6.14142E+00 6.13780E+00 6.14326E+00 6.15419E+00 5.72271E+00 5.60841E+00 4.94573E+00 1.54772E+02
5.18111E+00 5.84135E+00 5.95683E+00 6.37246E+00 6.36884E+00 6.37441E+00 6.38545E+00 5.95568E+00 5.84135E+00 5.18111E+00 1.60926E+02
5.41690E+00 6.07476E+00 6.19027E+00 6.60403E+00 6.60039E+00 6.60607E+00 6.61722E+00 6.18912E+00 6.07476E+00 5.41690E+00 1.67058E+02
5.65298E+00 6.30853E+00 6.42407E+00 6.83600E+00 6.83235E+00 6.83815E+00 6.84941E+00 6.42292E+00 6.30853E+00 5.65298E+00 1.73166E+02
5.88928E+00 6.54257E+00 6.65814E+00 7.06830E+00 7.06464E+00 7.07054E+00 7.08191E+00 6.65698E+00 6.54257E+00 5.88928E+00 1.79247E+02
6.12569E+00 6.77680E+00 6.89239E+00 7.30082E+00 7.29715E+00 7.30316E+00 7.31464E+00 6.89123E+00 6.77680E+00 6.12569E+00 1.85299E+02
6.36216E+00 7.01112E+00 7.12674E+00 7.53348E+00 7.52981E+00 7.53593E+00 7.54751E+00 7.12558E+00 7.01112E+00 6.36216E+00 1.91320E+02
6.59860E+00 7.24547E+00 7.36111E+00 7.76622E+00 7.76254E+00 7.76876E+00 7.78044E+00 7.35996E+00 7.24547E+00 6.59860E+00 1.97309E+02
6.83494E+00 7.47978E+00 7.59545E+00 7.99895E+00 7.99526E+00 8.00159E+00 8.01337E+00 7.59429E+00 7.47978E+00 6.83494E+00 2.03265E+02
7.07113E+00 7.71398E+00 7.82967E+00 8.23161E+00 8.22791E+00 8.23434E+00 8.24623E+00 7.82851E+00 7.71398E+00 7.07113E+00 2.09185E+02
7.30711E+00 7.94801E+00 8.06372E+00 8.46414E+00 8.46043E+00 8.46697E+00 8.47895E+00 8.06257E+00 7.94801E+00 7.30711E+00 2.15068E+02
7.54282E+00 8.18182E+00 8.29755E+00 8.69648E+00 8.69276E+00 8.69940E+00 8.71148E+00 8.29640E+00 8.18182E+00 7.54282E+00 2.20915E+02
7.77821E+00 8.41535E+00 8.53111E+00 8.92858E+00 8.92485E+00 8.93159E+00 8.94376E+00 8.52995E+00 8.41535E+00 7.77821E+00 2.26723E+02
8.01323E+00 8.64855E+00 8.76434E+00 9.16038E+00 9.15665E+00 9.16348E+00 9.17575E+00 8.76318E+00 8.64855E+00 8.01323E+00 2.32492E+02
8.24785E+00 8.88139E+00 8.99719E+00 9.39184E+00 9.38811E+00 9.39504E+00 9.40740E+00 8.99604E+00 8.88139E+00 8.24785E+00 2.38222E+02
8.48202E+00 9.11382E+00 9.22964E+00 9.62293E+00 9.61918E+00 9.62622E+00 9.63867E+00 9.22848E+00 9.11382E+00 8.48202E+00 2.43911E+02
8.71571E+00 9.34580E+00 9.46164E+00 9.85359E+00 9.84984E+00 9.85697E+00 9.86951E+00 9.46048E+00 9.34580E+00 8.71571E+00 2.49560E+02
8.94888E+00 9.57729E+00 9.69315E+00 1.00838E+01 1.00800E+01 1.00873E+01 1.00999E+01 9.69199E+00 9.57729E+00 8.94888E+00 2.55168E+02
9.18149E+00 9.80827E+00 9.92414E+00 1.03135E+01 1.03097E+01 1.03171E+01 1.03298E+01 9.92298E+00 9.80827E+00 9.18149E+00 2.60734E+02
0.00000E+00 0.00000E+00 5.41009E-02 5.44318E-01 5.41175E-01 5.42136E-01 5.48467E-01 5.30069E-02 0.00000E+00 0.00000E+00 -1.42640E+00
0.00000E+00 0.00000E+00 9.59377E-02 5.73533E-01 5.70297E-01 5.71606E-01 5.78410E-01 9.48319E-02 0.00000E+00 0.00000E+00 -3.48959E-01
0.00000E+00 4.75262E-02 1.62367E-01 6.29628E-01 6.26315E-01 6.27941E-01 6.35159E-01 1.61251E-01 4.75262E-02 0.00000E+00 1.22600E+00
0.00000E+00 1.32336E-01 2.47333E-01 7.05744E-01 7.02364E-01 7.04287E-01 7.11879E-01 2.46210E-01 1.32336E-01 0.00000E+00 3.26803E+00
0.00000E+00 2.32086E-01 3.47223E-01 7.97859E-01 7.94421E-01 7.96625E-01 8.04560E-01 3.46092E-01 2.32086E-01 0.00000E+00 5.77078E+00
0.00000E+00 3.43913E-01 4.59175E-01 9.02888E-01 8.99398E-01 9.01868E-01 9.10123E-01 4.58038E-01 3.43913E-01 0.00000E+00 8.68547E+00
0.00000E+00 4.65729E-01 5.81104E-01 1.01858E+00 1.01505E+00 1.01777E+00 1.02632E+00 5.79962E-01 4.65729E-01 0.00000E+00 1.19618E+01
0.00000E+00 5.95949E-01 7.11427E-01 1.14324E+00 1.13966E+00 1.14263E+00 1.15146E+00 7.10280E-01 5.95949E-01 0.00000E+00 1.55518E+01
5.42237E-02 7.30653E-01 8.46224E-01 1.27287E+00 1.26926E+00 1.27246E+00 1.28156E+00 8.45072E-01 7.30653E-01 5.42237E-02 1.93357E+01
1.97829E-01 8.68267E-01 9.83924E-01 1.40583E+00 1.40218E+00 1.40561E+00 1.41496E+00 9.82768E-01 8.68267E-01 1.97829E-01 2.32204E+01
3.47595E-01 1.01243E+00 1.12817E+00 1.54564E+00 1.54196E+00 1.54562E+00 1.55521E+00 1.12701E+00 1.01243E+00 3.47595E-01 2.72900E+01
5.02742E-01 1.16233E+00 1.27814E+00 1.69146E+00 1.68775E+00 1.69162E+00 1.70145E+00 1.27698E+00 1.16233E+00 5.02742E-01 3.15195E+01
6.62605E-01 1.31725E+00 1.43312E+00 1.84255E+00 1.83881E+00 1.84289E+00 1.85294E+00 1.43196E+00 1.31725E+00 6.62605E-01 3.58865E+01
8.26608E-01 1.47658E+00 1.59252E+00 1.99827E+00 1.99450E+00 1.99879E+00 2.00905E+00 1.59135E+00 1.47658E+00 8.26608E-01 4.03706E+01
9.94250E-01 1.63979E+00 1.75580E+00 2.15807E+00 2.15428E+00 2.15876E+00 2.16924E+00 1.75463E+00 1.63979E+00 9.94250E-01 4.49537E+01
1.16509E+00 1.80643E+00 1.92249E+00 2.32146E+00 2.31765E+00 2.32233E+00 2.33301E+00 1.92132E+00 1.80643E+00 1.16509E+00 4.96195E+01
1.33874E+00 1.97608E+00 2.09220E+00 2.48803E+00 2.48420E+00 2.48907E+00 2.49994E+00 2.09102E+00 1.97608E+00 1.33874E+00 5.43536E+01
1.51486E+00 2.14839E+00 2.26455E+00 2.65739E+00 2.65354E+00 2.65861E+00 2.66966E+00 2.26337E+00 2.14839E+00 1.51486E+00 5.91430E+01
1.69314E+00 2.32302E+00 2.43923E+00 2.82922E+00 2.82535E+00 2.83060E+00 2.84184E+00 2.43805E+00 2.32302E+00 1.69314E+00 6.39765E+01
1.87330E+00 2.49968E+00 2.61594E+00 3.00320E+00 2.99932E+00 3.00474E+00 3.01617E+00 2.61476E+00 2.49968E+00 1.87330E+00 6.88438E+01
2.05510E+00 2.67813E+00 2.79443E+00 3.17908E+00 3.17517E+00 3.18078E+00 3.19238E+00 2.79325E+00 2.67813E+00 2.05510E+00 7.37359E+01
2.23830E+00 2.85812E+00 2.97446E+00 3.35660E+00 3.35268E+00 3.35846E+00 3.37023E+00 2.97327E+00 2.85812E+00 2.23830E+00 7.86448E+01
2.42272E+00 3.03944E+00 3.15582E+00 3.53555E+00 3.53162E+00 3.53757E+00 3.54950E+00 3.15463E+00 3.03944E+00 2.42272E+00 8.35634E+01
2.60817E+00 3.22191E+00 3.33832E+00 3.71573E+00 3.71179E+00 3.71791E+00 3.73000E+00 3.33713E+00 3.22191E+00 2.60817E+00 8.84854E+01
2.79448E+00 3.40534E+00 3.52179E+00 3.89697E+00 3.89301E+00 3.89929E+00 3.91155E+00 3.52060E+00 3.40534E+00 2.79448E+00 9.34052E+01
2.98150E+00 3.58958E+00 3.70606E+00 4.07909E+00 4.07512E+00 4.08156E+00 4.09398E+00 3.70487E+00 3.58958E+00 2.98150E+00 9.83180E+01
3.16909E+00 3.77449E+00 3.89100E+00 4.26195E+00 4.25796E+00 4.26457E+00 4.27714E+00 3.88981E+00 3.77449E+00 3.16909E+00 1.03219E+02
3.35713E+00 3.95993E+00 4.07648E+00 4.44541E+00 4.44142E+00 4.44818E+00 4.46090E+00 4.07529E+00 3.95993E+00 3.35713E+00 1.08105E+02
3.54551E+00 4.14579E+00 4.26236E+00 4.62935E+00 4.62535E+00 4.63227E+00 4.64513E+00 4.26117E+00 4.14579E+00 3.54551E+00 1.12973E+02
3.73411E+00 4.33196E+00 4.44856E+00 4.81366E+00 4.80965E+00 4.81672E+00 4.82973E+00 4.44737E+00 4.33196E+00 3.73411E+00 1.17818E+02
3.92285E+00 4.51833E+00 4.63496E+00 4.99824E+00 4.99421E+00 5.00144E+00 5.01458E+00 4.63377E+00 4.51833E+00 3.92285E+00 1.22640E+02
4.11164E+00 4.70482E+00 4.82147E+00 5.18298E+00 5.17894E+00 5.18632E+00 5.19960E+00 4.82028E+00 4.70482E+00 4.11164E+00 1.27434E+02
4.30040E+00 4.89134E+00 5.00802E+00 5.36780E+00 5.36376E+00 5.37128E+00 5.38470E+00 5.00682E+00 4.89134E+00 4.30040E+00 1.32200E+02
4.48904E+00 5.07781E+00 5.19451E+00 5.55263E+00 5.54858E+00 5.55624E+00 5.56980E+00 5.19332E+00 5.07781E+00 4.48904E+00 1.36936E+02
4.67751E+00 5.26417E+00 5.38089E+00 5.73738E+00 5.73332E+00 5.74113E+00 5.75482E+00 5.37970E+00 5.26417E+00 4.67751E+00 1.41639E+02
4.86575E+00 5.45035E+00 5.56709E+00 5.92200E+00 5.91793E+00 5.92588E+00 5.93970E+00 5.56590E+00 5.45035E+00 4.86575E+00 1.46310E+02
5.05370E+00 5.63629E+00 5.75305E+00 6.10642E+00 6.10235E+00 6.11043E+00 6.12438E+00 5.75185E+00 5.63629E+00 5.05370E+00 1.50946E+02
5.24130E+00 5.82193E+00 5.93871E+00 6.29058E+00 6.28650E+00 6.29473E+00 6.30880E+00 5.93752E+00 5.82193E+00 5.24130E+00 1.55546E+02
5.42851E+00 6.00723E+00 6.12403E+00 6.47444E+00 6.47035E+00 6.47872E+00 6.49291E+00 6.12284E+00 6.00723E+00 5.42851E+00 1.60110E+02
5.61528E+00 6.19214E+00 6.30896E+00 6.65794E+00 6.65385E+00 6.66235E+00 6.67666E+00 6.30776E+00 6.19214E+00 5.61528E+00 1.64637E+02
5.80158E+00 6.37662E+00 6.49346E+00 6.84105E+00 6.83695E+00 6.84558E+00 6.86001E+00 6.49226E+00 6.37662E+00 5.80158E+00 1.69127E+02
5.98736E+00 6.56063E+00 6.67748E+00 7.02372E+00 7.01961E+00 7.02837E+00 7.04292E+00 6.67629E+00 6.56063E+00 5.98736E+00 1.73579E+02
6.17261E+00 6.74414E+00 6.86100E+00 7.20591E+00 7.20180E+00 7.21069E+00 7.22536E+00 6.85980E+00 6.74414E+00 6.17261E+00 1.77992E+02
6.35727E+00 6.92710E+00 7.04398E+00 7.38759E+00 7.38348E+00 7.39250E+00 7.40728E+00 7.04278E+00 6.92710E+00 6.35727E+00 1.82366E+02
6.54133E+00 7.10950E+00 7.22640E+00 7.56874E+00 7.56462E+00 7.57377E+00 7.58866E+00 7.22520E+00 7.10950E+00 6.54133E+00 1.86702E+02
6.72476E+00 7.29130E+00 7.40821E+00 7.74932E+00 7.74519E+00 7.75446E+00 7.76947E+00 7.40701E+00 7.29130E+00 6.72476E+00 1.90999E+02
6.90754E+00 7.47249E+00 7.58941E+00 7.92930E+00 7.92517E+00 7.93457E+00 7.94968E+00 7.58821E+00 7.47249E+00 6.90754E+00 1.95257E+02
7.08965E+00 7.65303E+00 7.76997E+00 8.10867E+00 8.10454E+00 8.11406E+00 8.12928E+00 7.76877E+00 7.65303E+00 7.08965E+00 1.99475E+02
7.27106E+00 7.83291E+00 7.94986E+00 8.28740E+00 8.28326E+00 8.29290E+00 8.30823E+00 7.94866E+00 7.83291E+00 7.27106E+00 2.03654E+02
7.45176E+00 8.01211E+00 8.12907E+00 8.46547E+00 8.46133E+00 8.47109E+00 8.48653E+00 8.12787E+00 8.01211E+00 7.45176E+00 2.07795E+02
0.00000E+00 0.00000E+00 5.56690E-02 4.81881E-01 4.78230E-01 4.79673E-01 4.87454E-01 5.45135E-02 0.00000E+00 0.00000E+00 -1.38213E+00
0.00000E+00 0.00000E+00 9.80869E-02 5.13001E-01 5.09251E-01 5.11171E-01 5.19531E-01 9.69197E-02 0.00000E+00 0.00000E+00 -3.16779E-01
0.00000E+00 4.49106E-02 1.61218E-01 5.66885E-01 5.63055E-01 5.65409E-01 5.74272E-01 1.60041E-01 4.49106E-02 0.00000E+00 1.19719E+00
0.00000E+00 1.23212E-01 2.39660E-01 6.37412E-01 6.33514E-01 6.36271E-01 6.45589E-01 2.38477E-01 1.23212E-01 0.00000E+00 3.11516E+00
0.00000E+00 2.13635E-01 3.30209E-01 7.21010E-01 7.17054E-01 7.20190E-01 7.29925E-01 3.29018E-01 2.13635E-01 0.00000E+00 5.42044E+00
0.00000E+00 3.13661E-01 4.30344E-01 8.14958E-01 8.10951E-01 8.14447E-01 8.24568E-01 4.29148E-01 3.13661E-01 0.00000E+00 8.06062E+00
0.00000E+00 4.21470E-01 5.38252E-01 9.17296E-01 9.13243E-01 9.17082E-01 9.27564E-01 5.37051E-01 4.21470E-01 0.00000E+00 1.09856E+01
0.00000E+00 5.35698E-01 6.52569E-01 1.02655E+00 1.02246E+00 1.02663E+00 1.03745E+00 6.51364E-01 5.35698E-01 0.00000E+00 1.41502E+01
4.75567E-02 6.53307E-01 7.70257E-01 1.13963E+00 1.13550E+00 1.13998E+00 1.15112E+00 7.69048E-01 6.53307E-01 4.75567E-02 1.74427E+01
1.72798E-01 7.73077E-01 8.90097E-01 1.25524E+00 1.25108E+00 1.25586E+00 1.26730E+00 8.88885E-01 7.73077E-01 1.72798E-01 2.07813E+01
3.02455E-01 8.97620E-01 1.01471E+00 1.37590E+00 1.37171E+00 1.37678E+00 1.38852E+00 1.01349E+00 8.97620E-01 3.02455E-01 2.42487E+01
4.35883E-01 1.02625E+00 1.14340E+00 1.50089E+00 1.49667E+00 1.50203E+00 1.51405E+00 1.14218E+00 1.02625E+00 4.35883E-01 2.78235E+01
5.72535E-01 1.15838E+00 1.27558E+00 1.62960E+00 1.62536E+00 1.63100E+00 1.64328E+00 1.27436E+00 1.15838E+00 5.72535E-01 3.14869E+01
7.11944E-01 1.29352E+00 1.41078E+00 1.76151E+00 1.75725E+00 1.76316E+00 1.77570E+00 1.40955E+00 1.29352E+00 7.11944E-01 3.52223E+01
8.53707E-01 1.43124E+00 1.54854E+00 1.89618E+00 1.89190E+00 1.89807E+00 1.91086E+00 1.54732E+00 1.43124E+00 8.53707E-01 3.90151E+01
9.97475E-01 1.57117E+00 1.68852E+00 2.03321E+00 2.02891E+00 2.03534E+00 2.04838E+00 1.68729E+00 1.57117E+00 9.97475E-01 4.28525E+01
1.14294E+00 1.71298E+00 1.83037E+00 2.17227E+00 2.16795E+00 2.17463E+00 2.18790E+00 1.82914E+00 1.71298E+00 1.14294E+00 4.67233E+01
1.28984E+00 1.85639E+00 1.97381E+00 2.31305E+00 2.30872E+00 2.31565E+00 2.32915E+00 1.97259E+00 1.85639E+00 1.28984E+00 5.06176E+01
1.43792E+00 2.00114E+00 2.11860E+00 2.45531E+00 2.45096E+00 2.45813E+00 2.47184E+00 2.11737E+00 2.00114E+00 1.43792E+00 5.45270E+01
1.58699E+00 2.14702E+00 2.26451E+00 2.59879E+00 2.59442E+00 2.60183E+00 2.61576E+00 2.26328E+00 2.14702E+00 1.58699E+00 5.84440E+01
1.73686E+00 2.29382E+00 2.41135E+00 2.74329E+00 2.73892E+00 2.74656E+00 2.76070E+00 2.41012E+00 2.29382E+00 1.73686E+00 6.23620E+01
1.88735E+00 2.44137E+00 2.55893E+00 2.88864E+00 2.88426E+00 2.89212E+00 2.90647E+00 2.55769E+00 2.44137E+00 1.88735E+00 6.62755E+01
2.03832E+00 2.58951E+00 2.70709E+00 3.03467E+00 3.03027E+00 3.03836E+00 3.05290E+00 2.70586E+00 2.58951E+00 2.03832E+00 7.01794E+01
2.18963E+00 2.73810E+00 2.85571E+00 3.18122E+00 3.17681E+00 3.18512E+00 3.19986E+00 2.85447E+00 2.73810E+00 2.18963E+00 7.40695E+01
2.34117E+00 2.88701E+00 3.00464E+00 3.32817E+00 3.32375E+00 3.33227E+00 3.34720E+00 3.00341E+00 2.88701E+00 2.34117E+00 7.79421E+01
2.49283E+00 3.03613E+00 3.15378E+00 3.47539E+00 3.47097E+00 3.47970E+00 3.49481E+00 3.15254E+00 3.03613E+00 2.49283E+00 8.17940E+01
2.64450E+00 3.18535E+00 3.30302E+00 3.62279E+00 3.61835E+00 3.62729E+00 3.64259E+00 3.30179E+00 3.18535E+00 2.64450E+00 8.56223E+01
2.79611E+00 3.33459E+00 3.45227E+00 3.77025E+00 3.76581E+00 3.77495E+00 3.79043E+00 3.45104E+00 3.33459E+00 2.79611E+00 8.94248E+01
2.94757E+00 3.48375E+00 3.60145E+00 3.91770E+00 3.91326E+00 3.92260E+00 3.93825E+00 3.60022E+00 3.48375E+00 2.94757E+00 9.31993E+01
3.09882E+00 3.63276E+00 3.75048E+00 4.06506E+00 4.06061E+00 4.07015E+00 4.08597E+00 3.74925E+00 3.63276E+00 3.09882E+00 9.69441E+01
3.24978E+00 3.78156E+00 3.89930E+00 4.21225E+00 4.20779E+00 4.21753E+00 4.23351E+00 3.89806E+00 3.78156E+00 3.24978E+00 1.00658E+02
3.40040E+00 3.93008E+00 4.04783E+00 4.35921E+00 4.35475E+00 4.36468E+00 4.38083E+00 4.04660E+00 3.93008E+00 3.40040E+00 1.04339E+02
3.55063E+00 4.07827E+00 4.19603E+00 4.50589E+00 4.50142E+00 4.51154E+00 4.52785E+00 4.19480E+00 4.07827E+00 3.55063E+00 1.07987E+02
3.70042E+00 4.22607E+00 4.34385E+00 4.65222E+00 4.64775E+00 4.65805E+00 4.67452E+00 4.34261E+00 4.22607E+00 3.70042E+00 1.11600E+02
3.84973E+00 4.37345E+00 4.49124E+00 4.79817E+00 4.79369E+00 4.80418E+00 4.82080E+00 4.49000E+00 4.37345E+00 3.84973E+00 1.15179E+02
3.99852E+00 4.52035E+00 4.63815E+00 4.94368E+00 4.93920E+00 4.94987E+00 4.96665E+00 4.63692E+00 4.52035E+00 3.99852E+00 1.18721E+02
4.14675E+00 4.66675E+00 4.78456E+00 5.08873E+00 5.08424E+00 5.09509E+00 5.11202E+00 4.78333E+00 4.66675E+00 4.14675E+00 1.22228E+02
4.29440E+00 4.81261E+00 4.93043E+00 5.23326E+00 5.22878E+00 5.23980E+00 5.25688E+00 4.92920E+00 4.81261E+00 4.29440E+00 1.25699E+02
4.44144E+00 4.95790E+00 5.07573E+00 5.37727E+00 5.37278E+00 5.38398E+00 5.40120E+00 5.07449E+00 4.95790E+00 4.44144E+00 1.29132E+02
4.58783E+00 5.10259E+00 5.22043E+00 5.52070E+00 5.51621E+00 5.52758E+00 5.54495E+00 5.21919E+00 5.10259E+00 4.58783E+00 1.32530E+02
4.73357E+00 5.24666E+00 5.36451E+00 5.66355E+00 5.65906E+00 5.67059E+00 5.68810E+00 5.36327E+00 5.24666E+00 4.73357E+00 1.35890E+02
4.87862E+00 5.39009E+00 5.50794E+00 5.80578E+00 5.80128E+00 5.81299E+00 5.83064E+00 5.50671E+00 5.39009E+00 4.87862E+00 1.39214E+02
5.02297E+00 5.53285E+00 5.65071E+00 5.94737E+00 5.94288E+00 5.95475E+00 5.97254E+00 5.64948E+00 5.53285E+00 5.02297E+00 1.42501E+02
5.16661E+00 5.67494E+00 5.79280E+00 6.08831E+00 6.08382E+00 6.09585E+00 6.11377E+00 5.79157E+00 5.67494E+00 5.16661E+00 1.45751E+02
5.30952E+00 5.81632E+00 5.93419E+00 6.22858E+00 6.22409E+00 6.23628E+00 6.25434E+00 5.93296E+00 5.81632E+00 5.30952E+00 1.48965E+02
5.45169E+00 5.95700E+00 6.07487E+00 6.36817E+00 6.36367E+00 6.37603E+00 6.39422E+00 6.07364E+00 5.95700E+00 5.45169E+00 1.52143E+02
5.59310E+00 6.09696E+00 6.21483E+00 6.50705E+00 6.50256E+00 6.51507E+00 6.53339E+00 6.21360E+00 6.09696E+00 5.59310E+00 1.55284E+02
5.73375E+00 6.23618E+00 6.35406E+00 6.64523E+00 6.64073E+00 6.65340E+00 6.67185E+00 6.35283E+00 6.23618E+00 5.73375E+00 1.58390E+02
5.87364E+00 6.37467E+00 6.49255E+00 6.78269E+00 6.77819E+00 6.79102E+00 6.80959E+00 6.49132E+00 6.37467E+00 5.87364E+00 1.61461E+02
6.01274E+00 6.51240E+00 6.63029E+00 6.91942E+00 6.91492E+00 6.92790E+00 6.94660E+00 6.62905E+00 6.51240E+00 6.01274E+00 1.64496E+02
0.00000E+00 0.00000E+00 5.74751E-02 4.26225E-01 4.21963E-01 4.24131E-01 4.33731E-01 5.62541E-02 0.00000E+00 0.00000E+00 -1.33920E+00
0.00000E+00 0.00000E+00 1.00252E-01 4.58911E-01 4.54551E-01 4.57371E-01 4.67671E-01 9.90205E-02 0.00000E+00 0.00000E+00 -2.77377E-01
0.00000E+00 4.23622E-02 1.60128E-01 5.10535E-01 5.06097E-01 5.09505E-01 5.20414E-01 1.58888E-01 4.23622E-02 0.00000E+00 1.18133E+00
0.00000E+00 1.14514E-01 2.32398E-01 5.75744E-01 5.71244E-01 5.75196E-01 5.86653E-01 2.31151E-01 1.14514E-01 0.00000E+00 2.98181E+00
0.00000E+00 1.96291E-01 3.14277E-01 6.51428E-01 6.46874E-01 6.51337E-01 6.63296E-01 3.13025E-01 1.96291E-01 0.00000E+00 5.10027E+00
0.00000E+00 2.85514E-01 4.03587E-01 7.35226E-01 7.30627E-01 7.35571E-01 7.47995E-01 4.02331E-01 2.85514E-01 0.00000E+00 7.48325E+00
0.00000E+00 3.80626E-01 4.98777E-01 8.25456E-01 8.20818E-01 8.26219E-01 8.39076E-01 4.97517E-01 3.80626E-01 0.00000E+00 1.00828E+01
0.00000E+00 4.80473E-01 5.98691E-01 9.20868E-01 9.16195E-01 9.22032E-01 9.35296E-01 5.97428E-01 4.80473E-01 0.00000E+00 1.28574E+01
4.15363E-02 5.82740E-01 7.01017E-01 1.01909E+00 1.01439E+00 1.02065E+00 1.03429E+00 6.99751E-01 5.82740E-01 4.15363E-02 1.57055E+01
1.50291E-01 6.86496E-01 8.04824E-01 1.11914E+00 1.11441E+00 1.12106E+00 1.13507E+00 8.03556E-01 6.86496E-01 1.50291E-01 1.85561E+01
2.62029E-01 7.93562E-01 9.11936E-01 1.22274E+00 1.21799E+00 1.22503E+00 1.23939E+00 9.10666E-01 7.93562E-01 2.62029E-01 2.14897E+01
3.76230E-01 9.03378E-01 1.02179E+00 1.32931E+00 1.32454E+00 1.33196E+00 1.34665E+00 1.02052E+00 9.03378E-01 3.76230E-01 2.44885E+01
4.92456E-01 1.01547E+00 1.13393E+00 1.43835E+00 1.43357E+00 1.44135E+00 1.45636E+00 1.13265E+00 1.01547E+00 4.92456E-01 2.75374E+01
6.10339E-01 1.12946E+00 1.24794E+00 1.54946E+00 1.54466E+00 1.55280E+00 1.56811E+00 1.24667E+00 1.12946E+00 6.10339E-01 3.06232E+01
7.29566E-01 1.24499E+00 1.36350E+00 1.66227E+00 1.65746E+00 1.66594E+00 1.68155E+00 1.36223E+00 1.24499E+00 7.29566E-01 3.37346E+01
8.49866E-01 1.36178E+00 1.48032E+00 1.77648E+00 1.77166E+00 1.78047E+00 1.79638E+00 1.47904E+00 1.36178E+00 8.49866E-01 3.68620E+01
9.71008E-01 1.47958E+00 1.59814E+00 1.89183E+00 1.88699E+00 1.89614E+00 1.91232E+00 1.59687E+00 1.47958E+00 9.71008E-01 3.99970E+01
1.09279E+00 1.59817E+00 1.71676E+00 2.00808E+00 2.00324E+00 2.01270E+00 2.02916E+00 1.71548E+00 1.59817E+00 1.09279E+00 4.31326E+01
1.21503E+00 1.71737E+00 1.83597E+00 2.12505E+00 2.12020E+00 2.12997E+00 2.14669E+00 1.83469E+00 1.71737E+00 1.21503E+00 4.62628E+01
1.33759E+00 1.83700E+00 1.95562E+00 2.24255E+00 2.23769E+00 2.24777E+00 2.26474E+00 1.95434E+00 1.83700E+00 1.33759E+00 4.93823E+01
1.46031E+00 1.95693E+00 2.07556E+00 2.36043E+00 2.35557E+00 2.36595E+00 2.38317E+00 2.07429E+00 1.95693E+00 1.46031E+00 5.24868E+01
1.58309E+00 2.07702E+00 2.19567E+00 2.47856E+00 2.47369E+00 2.48437E+00 2.50183E+00 2.19439E+00 2.07702E+00 1.58309E+00 5.55725E+01
1.70583E+00 2.19717E+00 2.31582E+00 2.59682E+00 2.59195E+00 2.60291E+00 2.62061E+00 2.31455E+00 2.19717E+00 1.70583E+00 5.86363E+01
1.82842E+00 2.31726E+00 2.43593E+00 2.71510E+00 2.71023E+00 2.72147E+00 2.73940E+00 2.43465E+00 2.31726E+00 1.82842E+00 6.16756E+01
1.95078E+00 2.43723E+00 2.55590E+00 2.83331E+00 2.82844E+00 2.83996E+00 2.85811E+00 2.55462E+00 2.43723E+00 1.95078E+00 6.46881E+01
2.07285E+00 2.55698E+00 2.67565E+00 2.95138E+00 2.94650E+00 2.95829E+00 2.97666E+00 2.67438E+00 2.55698E+00 2.07285E+00 6.76720E+01
2.19456E+00 2.67644E+00 2.79512E+00 3.06921E+00 3.06434E+00 3.07640E+00 3.09498E+00 2.79385E+00 2.67644E+00 2.19456E+00 7.06257E+01
2.31586E+00 2.79556E+00 2.91425E+00 3.18676E+00 3.18189E+00 3.19421E+00 3.21300E+00 2.91298E+00 2.79556E+00 2.31586E+00 7.35480E+01
2.43669E+00 2.91429E+00 3.03298E+00 3.30396E+00 3.29909E+00 3.31166E+00 3.33067E+00 3.03171E+00 2.91429E+00 2.43669E+00 7.64379E+01
2.55701E+00 3.03257E+00 3.15126E+00 3.42077E+00 3.41589E+00 3.42872E+00 3.44793E+00 3.14999E+00 3.03257E+00 2.55701E+00 7.92947E+01
2.67678E+00 3.15036E+00 3.26905E+00 3.53713E+00 3.53225E+00 3.54533E+00 3.56473E+00 3.26778E+00 3.15036E+00 2.67678E+00 8.21176E+01
2.79596E+00 3.26762E+00 3.38631E+00 3.65300E+00 3.64813E+00 3.66145E+00 3.68105E+00 3.38504E+00 3.26762E+00 2.79596E+00 8.49062E+01
2.91454E+00 3.38433E+00 3.50302E+00 3.76836E+00 3.76349E+00 3.77705E+00 3.79684E+00 3.50175E+00 3.38433E+00 2.91454E+00 8.76602E+01
3.03247E+00 3.50044E+00 3.61913E+00 3.88316E+00 3.87830E+00 3.89210E+00 3.91207E+00 3.61786E+00 3.50044E+00 3.03247E+00 9.03795E+01
3.14974E+00 3.61594E+00 3.73463E+00 3.99739E+00 3.99253E+00 4.00656E+00 4.02672E+00 3.73336E+00 3.61594E+00 3.14974E+00 9.30638E+01
3.26632E+00 3.73080E+00 3.84949E+00 4.11102E+00 4.10615E+00 4.12042E+00 4.14076E+00 3.84822E+00 3.73080E+00 3.26632E+00 9.57133E+01
3.38221E+00 3.84501E+00 3.96369E+00 4.22401E+00 4.21916E+00 4.23365E+00 4.25416E+00 3.96243E+00 3.84501E+00 3.38221E+00 9.83279E+01
3.49738E+00 3.95854E+00 4.07722E+00 4.33637E+00 4.33152E+00 4.34623E+00 4.36692E+00 4.07596E+00 3.95854E+00 3.49738E+00 1.00908E+02
3.61182E+00 4.07138E+00 4.19006E+00 4.44806E+00 4.44322E+00 4.45815E+00 4.47901E+00 4.18879E+00 4.07138E+00 3.61182E+00 1.03453E+02
3.72552E+00 4.18352E+00 4.30219E+00 4.55909E+00 4.55424E+00 4.56939E+00 4.59042E+00 4.30093E+00 4.18352E+00 3.72552E+00 1.05964E+02
3.83847E+00 4.29495E+00 4.41361E+00 4.66942E+00 4.66458E+00 4.67995E+00 4.70115E+00 4.41235E+00 4.29495E+00 3.83847E+00 1.08441E+02
3.95066E+00 4.40565E+00 4.52431E+00 4.77906E+00 4.77422E+00 4.78980E+00 4.81116E+00 4.52305E+00 4.40565E+00 3.95066E+00 1.10885E+02
4.06209E+00 4.51563E+00 4.63428E+00 4.88799E+00 4.88316E+00 4.89895E+00 4.92047E+00 4.63302E+00 4.51563E+00 4.06209E+00 1.13295E+02
4.17275E+00 4.62487E+00 4.74351E+00 4.99621E+00 4.99139E+00 5.00738E+00 5.02906E+00 4.74225E+00 4.62487E+00 4.17275E+00 1.15672E+02
4.28264E+00 4.73336E+00 4.85200E+00 5.10371E+00 5.09889E+00 5.11509E+00 5.13693E+00 4.85074E+00 4.73336E+00 4.28264E+00 1.18017E+02
4.39175E+00 4.84111E+00 4.95974E+00 5.21049E+00 5.20568E+00 5.22208E+00 5.24407E+00 4.95849E+00 4.84111E+00 4.39175E+00 1.20329E+02
4.50009E+00 4.94812E+00 5.06673E+00 5.31654E+00 5.31173E+00 5.32833E+00 5.35048E+00 5.06548E+00 4.94812E+00 4.50009E+00 1.22609E+02
4.60765E+00 5.05437E+00 5.17298E+00 5.42186E+00 5.41706E+00 5.43385E+00 5.45615E+00 5.17173E+00 5.05437E+00 4.60765E+00 1.24859E+02
4.71443E+00 5.15987E+00 5.27847E+00 5.52645E+00 5.52165E+00 5.53864E+00 5.56109E+00 5.27722E+00 5.15987E+00 4.71443E+00 1.27077E+02
4.82044E+00 5.26462E+00 5.38321E+00 5.63030E+00 5.62551E+00 5.64269E+00 5.66529E+00 5.38196E+00 5.26462E+00 4.82044E+00 1.29265E+02
0.00000E+00 0.00000E+00 5.95539E-02 3.76761E-01 3.71774E-01 3.75026E-01 3.86885E-01 5.82634E-02 0.00000E+00 0.00000E+00 -1.29301E+00
0.00000E+00 0.00000E+00 1.02424E-01 4.10652E-01 4.05579E-01 4.09716E-01 4.22416E-01 1.01125E-01 0.00000E+00 0.00000E+00 -2.26817E-01
0.00000E+00 3.98687E-02 1.59066E-01 4.59959E-01 4.54821E-01 4.59750E-01 4.73179E-01 1.57760E-01 3.98687E-02 0.00000E+00 1.18108E+00
0.00000E+00 1.06204E-01 2.25485E-01 5.20108E-01 5.14921E-01 5.20580E-01 5.34664E-01 2.24174E-01 1.06204E-01 0.00000E+00 2.86930E+00
0.00000E+00 1.79968E-01 2.99317E-01 5.88443E-01 5.83216E-01 5.89556E-01 6.04240E-01 2.98002E-01 1.79968E-01 0.00000E+00 4.81021E+00
0.00000E+00 2.59309E-01 3.78714E-01 6.62953E-01 6.57695E-01 6.64676E-01 6.79914E-01 3.77397E-01 2.59309E-01 0.00000E+00 6.95166E+00
0.00000E+00 3.42925E-01 4.62376E-01 7.42222E-01 7.36939E-01 7.44526E-01 7.60280E-01 4.61057E-01 3.42925E-01 0.00000E+00 9.24946E+00
0.00000E+00 4.29859E-01 5.49347E-01 8.25206E-01 8.19903E-01 8.28066E-01 8.44303E-01 5.48026E-01 4.29859E-01 0.00000E+00 1.16670E+01
3.61107E-02 5.18382E-01 6.37900E-01 9.10132E-01 9.04814E-01 9.13525E-01 9.30216E-01 6.36577E-01 5.18382E-01 3.61107E-02 1.41135E+01
1.30097E-01 6.07799E-01 7.27340E-01 9.96244E-01 9.90914E-01 1.00015E+00 1.01727E+00 7.26017E-01 6.07799E-01 1.30097E-01 1.65292E+01
2.25906E-01 6.99336E-01 8.18895E-01 1.08470E+00 1.07936E+00 1.08910E+00 1.10663E+00 8.17572E-01 6.99336E-01 2.25906E-01 1.89909E+01
3.23129E-01 7.92550E-01 9.12123E-01 1.17502E+00 1.16968E+00 1.17991E+00 1.19784E+00 9.10800E-01 7.92550E-01 3.23129E-01 2.14846E+01
4.21430E-01 8.87076E-01 1.00666E+00 1.26684E+00 1.26149E+00 1.27220E+00 1.29050E+00 1.00534E+00 8.87076E-01 4.21430E-01 2.39987E+01
5.20529E-01 9.82608E-01 1.10220E+00 1.35981E+00 1.35446E+00 1.36563E+00 1.38430E+00 1.10088E+00 9.82608E-01 5.20529E-01 2.65231E+01
6.20192E-01 1.07889E+00 1.19848E+00 1.45367E+00 1.44832E+00 1.45994E+00 1.47896E+00 1.19716E+00 1.07889E+00 6.20192E-01 2.90497E+01
7.20220E-01 1.17571E+00 1.29530E+00 1.54819E+00 1.54284E+00 1.55489E+00 1.57426E+00 1.29398E+00 1.17571E+00 7.20220E-01 3.15715E+01
8.20443E-01 1.27287E+00 1.39247E+00 1.64318E+00 1.63783E+00 1.65030E+00 1.66999E+00 1.39115E+00 1.27287E+00 8.20443E-01 3.40828E+01
9.20719E-01 1.37023E+00 1.48982E+00 1.73846E+00 1.73312E+00 1.74600E+00 1.76601E+00 1.48851E+00 1.37023E+00 9.20719E-01 3.65789E+01
1.02092E+00 1.46765E+00 1.58723E+00 1.83389E+00 1.82855E+00 1.84184E+00 1.86216E+00 1.58592E+00 1.46765E+00 1.02092E+00 3.90558E+01
1.12095E+00 1.56501E+00 1.68458E+00 1.92934E+00 1.92402E+00 1.93770E+00 1.95832E+00 1.68327E+00 1.56501E+00 1.12095E+00 4.15102E+01
1.22071E+00 1.66220E+00 1.78177E+00 2.02472E+00 2.01940E+00 2.03346E+00 2.05438E+00 1.78046E+00 1.66220E+00 1.22071E+00 4.39396E+01
1.32012E+00 1.75915E+00 1.87871E+00 2.11993E+00 2.11462E+00 2.12905E+00 2.15025E+00 1.87740E+00 1.75915E+00 1.32012E+00 4.63417E+01
1.41912E+00 1.85578E+00 1.97533E+00 2.21488E+00 2.20958E+00 2.22438E+00 2.24586E+00 1.97402E+00 1.85578E+00 1.41912E+00 4.87148E+01
1.51765E+00 1.95203E+00 2.07156E+00 2.30952E+00 2.30422E+00 2.31938E+00 2.34113E+00 2.07026E+00 1.95203E+00 1.51765E+00 5.10576E+01
1.61565E+00 2.04783E+00 2.16735E+00 2.40376E+00 2.39848E+00 2.41399E+00 2.43601E+00 2.16605E+00 2.04783E+00 1.61565E+00 5.33690E+01
1.71309E+00 2.14315E+00 2.26265E+00 2.49758E+00 2.49230E+00 2.50816E+00 2.53043E+00 2.26135E+00 2.14315E+00 1.71309E+00 5.56481E+01
1.80993E+00 2.23793E+00 2.35742E+00 2.59091E+00 2.58565E+00 2.60185E+00 2.62437E+00 2.35612E+00 2.23793E+00 1.80993E+00 5.78946E+01
1.90614E+00 2.33214E+00 2.45162E+00 2.68373E+00 2.67847E+00 2.69500E+00 2.71777E+00 2.45032E+00 2.33214E+00 1.90614E+00 6.01078E+01
2.00168E+00 2.42576E+00 2.54522E+00 2.77599E+00 2.77074E+00 2.78760E+00 2.81061E+00 2.54392E+00 2.42576E+00 2.00168E+00 6.22877E+01
2.09654E+00 2.51875E+00 2.63819E+00 2.86767E+00 2.86243E+00 2.87961E+00 2.90286E+00 2.63689E+00 2.51875E+00 2.09654E+00 6.44340E+01
2.19070E+00 2.61109E+00 2.73052E+00 2.95874E+00 2.95352E+00 2.97101E+00 2.99449E+00 2.72922E+00 2.61109E+00 2.19070E+00 6.65469E+01
2.28414E+00 2.70277E+00 2.82217E+00 3.04918E+00 3.04397E+00 3.06177E+00 3.08548E+00 2.82088E+00 2.70277E+00 2.28414E+00 6.86263E+01
2.37684E+00 2.79377E+00 2.91315E+00 3.13898E+00 3.13378E+00 3.15189E+00 3.17582E+00 2.91186E+00 2.79377E+00 2.37684E+00 7.06726E+01
2.46881E+00 2.88407E+00 3.00343E+00 3.22811E+00 3.22293E+00 3.24133E+00 3.26548E+00 3.00214E+00 2.88407E+00 2.46881E+00 7.26859E+01
2.56002E+00 2.97366E+00 3.09300E+00 3.31657E+00 3.31140E+00 3.33010E+00 3.35447E+00 3.09171E+00 2.97366E+00 2.56002E+00 7.46665E+01
2.65048E+00 3.06254E+00 3.18186E+00 3.40435E+00 3.39919E+00 3.41818E+00 3.44276E+00 3.18057E+00 3.06254E+00 2.65048E+00 7.66149E+01
2.74017E+00 3.15069E+00 3.26999E+00 3.49143E+00 3.48629E+00 3.50556E+00 3.53035E+00 3.26871E+00 3.15069E+00 2.74017E+00 7.85314E+01
2.82910E+00 3.23812E+00 3.35740E+00 3.57782E+00 3.57268E+00 3.59224E+00 3.61723E+00 3.35612E+00 3.23812E+00 2.82910E+00 8.04164E+01
2.91726E+00 3.32482E+00 3.44407E+00 3.66349E+00 3.65837E+00 3.67821E+00 3.70340E+00 3.44280E+00 3.32482E+00 2.91726E+00 8.22704E+01
3.00466E+00 3.41078E+00 3.53002E+00 3.74846E+00 3.74336E+00 3.76346E+00 3.78885E+00 3.52874E+00 3.41078E+00 3.00466E+00 8.40938E+01
3.09128E+00 3.49601E+00 3.61522E+00 3.83272E+00 3.82763E+00 3.84801E+00 3.87359E+00 3.61395E+00 3.49601E+00 3.09128E+00 8.58872E+01
3.17714E+00 3.58051E+00 3.69970E+00 3.91627E+00 3.91119E+00 3.93183E+00 3.95761E+00 3.69843E+00 3.58051E+00 3.17714E+00 8.76510E+01
3.26224E+00 3.66427E+00 3.78344E+00 3.99911E+00 3.99404E+00 4.01495E+00 4.04091E+00 3.78217E+00 3.66427E+00 3.26224E+00 8.93858E+01
3.34658E+00 3.74730E+00 3.86644E+00 4.08123E+00 4.07618E+00 4.09734E+00 4.12349E+00 3.86518E+00 3.74730E+00 3.34658E+00 9.10920E+01
3.43015E+00 3.82960E+00 3.94872E+00 4.16265E+00 4.15761E+00 4.17903E+00 4.20536E+00 3.94746E+00 3.82960E+00 3.43015E+00 9.27701E+01
3.51298E+00 3.91118E+00 4.03027E+00 4.24336E+00 4.23833E+00 4.26000E+00 4.28651E+00 4.02901E+00 3.91118E+00 3.51298E+00 9.44207E+01
3.59505E+00 3.99203E+00 4.11109E+00 4.32336E+00 4.31835E+00 4.34027E+00 4.36696E+00 4.10984E+00 3.99203E+00 3.59505E+00 9.60443E+01
3.67638E+00 4.07216E+00 4.19120E+00 4.40266E+00 4.39766E+00 4.41983E+00 4.44669E+00 4.18994E+00 4.07216E+00 3.67638E+00 9.76414E+01
3.75697E+00 4.15157E+00 4.27059E+00 4.48126E+00 4.47628E+00 4.49869E+00 4.52572E+00 4.26934E+00 4.15157E+00 3.75697E+00 9.92125E+01
3.83683E+00 4.23028E+00 4.34927E+00 4.55917E+00 4.55421E+00 4.57685E+00 4.60406E+00 4.34802E+00 4.23028E+00 3.83683E+00 1.00758E+02
0.00000E+00 0.00000E+00 6.19158E-02 3.32975E-01 3.27143E-01 3.32005E-01 3.46643E-01 6.05513E-02 0.00000E+00 0.00000E+00 -1.23699E+00
0.00000E+00 0.00000E+00 1.04583E-01 3.67697E-01 3.61811E-01 3.67865E-01 3.83502E-01 1.03212E-01 0.00000E+00 0.00000E+00 -1.59772E-01
0.00000E+00 3.74232E-02 1.57996E-01 4.14631E-01 4.08710E-01 4.15825E-01 4.32327E-01 1.56621E-01 3.74232E-02 0.00000E+00 1.20016E+00
0.00000E+00 9.82543E-02 2.18860E-01 4.69965E-01 4.64023E-01 4.72110E-01 4.89387E-01 2.17483E-01 9.82543E-02 0.00000E+00 2.77977E+00
0.00000E+00 1.64593E-01 2.85218E-01 5.31480E-01 5.25527E-01 5.34517E-01 5.52503E-01 2.83840E-01 1.64593E-01 0.00000E+00 4.55085E+00
0.00000E+00 2.34905E-01 3.55540E-01 5.97501E-01 5.91543E-01 6.01379E-01 6.20020E-01 3.54162E-01 2.34905E-01 0.00000E+00 6.46481E+00
0.00000E+00 3.08124E-01 4.28760E-01 6.66859E-01 6.60903E-01 6.71536E-01 6.90785E-01 4.27383E-01 3.08124E-01 0.00000E+00 8.48259E+00
0.00000E+00 3.83477E-01 5.04109E-01 7.38706E-01 7.32756E-01 7.44143E-01 7.63962E-01 5.02732E-01 3.83477E-01 0.00000E+00 1.05732E+01
3.12322E-02 4.59709E-01 5.80330E-01 8.11744E-01 8.05803E-01 8.17905E-01 8.38260E-01 5.78954E-01 4.59709E-01 3.12322E-02 1.26574E+01
1.12020E-01 5.36315E-01 6.56919E-01 8.85416E-01 8.79488E-01 8.92272E-01 9.13132E-01 6.55546E-01 5.36315E-01 1.12020E-01 1.46861E+01
1.93703E-01 6.14088E-01 7.34672E-01 9.60453E-01 9.54539E-01 9.67980E-01 9.89325E-01 7.33301E-01 6.14088E-01 1.93703E-01 1.67319E+01
2.75977E-01 6.92692E-01 8.13252E-01 1.03649E+00 1.03060E+00 1.04467E+00 1.06648E+00 8.11884E-01 6.92692E-01 2.75977E-01 1.87843E+01
3.58595E-01 7.71853E-01 8.92386E-01 1.11325E+00 1.10737E+00 1.12205E+00 1.14431E+00 8.91020E-01 7.71853E-01 3.58595E-01 2.08347E+01
4.41355E-01 8.51346E-01 9.71850E-01 1.19047E+00 1.18461E+00 1.19989E+00 1.22257E+00 9.70487E-01 8.51346E-01 4.41355E-01 2.28762E+01
5.24092E-01 9.30986E-01 1.05146E+00 1.26796E+00 1.26212E+00 1.27797E+00 1.30107E+00 1.05010E+00 9.30986E-01 5.24092E-01 2.49034E+01
6.06668E-01 1.01062E+00 1.13106E+00 1.34556E+00 1.33974E+00 1.35615E+00 1.37964E+00 1.12970E+00 1.01062E+00 6.06668E-01 2.69115E+01
6.88971E-01 1.09012E+00 1.21053E+00 1.42312E+00 1.41733E+00 1.43428E+00 1.45816E+00 1.20917E+00 1.09012E+00 6.88971E-01 2.88972E+01
7.70905E-01 1.16938E+00 1.28975E+00 1.50054E+00 1.49477E+00 1.51225E+00 1.53650E+00 1.28840E+00 1.16938E+00 7.70905E-01 3.08576E+01
8.52393E-01 1.24831E+00 1.36865E+00 1.57771E+00 1.57196E+00 1.58995E+00 1.61457E+00 1.36730E+00 1.24831E+00 8.52393E-01 3.27904E+01
9.33369E-01 1.32684E+00 1.44714E+00 1.65455E+00 1.64883E+00 1.66732E+00 1.69229E+00 1.44579E+00 1.32684E+00 9.33369E-01 3.46940E+01
1.01378E+00 1.40490E+00 1.52516E+00 1.73100E+00 1.72530E+00 1.74428E+00 1.76959E+00 1.52382E+00 1.40490E+00 1.01378E+00 3.65672E+01
1.09358E+00 1.48244E+00 1.60266E+00 1.80699E+00 1.80132E+00 1.82077E+00 1.84641E+00 1.60132E+00 1.48244E+00 1.09358E+00 3.84089E+01
1.17273E+00 1.55942E+00 1.67960E+00 1.88248E+00 1.87684E+00 1.89675E+00 1.92272E+00 1.67826E+00 1.55942E+00 1.17273E+00 4.02186E+01
1.25120E+00 1.63580E+00 1.75593E+00 1.95742E+00 1.95181E+00 1.97218E+00 1.99846E+00 1.75460E+00 1.63580E+00 1.25120E+00 4.19959E+01
1.32896E+00 1.71154E+00 1.83164E+00 2.03179E+00 2.02620E+00 2.04702E+00 2.07361E+00 1.83031E+00 1.71154E+00 1.32896E+00 4.37406E+01
1.40601E+00 1.78664E+00 1.90669E+00 2.10555E+00 2.09999E+00 2.12124E+00 2.14813E+00 1.90536E+00 1.78664E+00 1.40601E+00 4.54527E+01
1.48231E+00 1.86105E+00 1.98106E+00 2.17868E+00 2.17315E+00 2.19482E+00 2.22201E+00 1.97974E+00 1.86105E+00 1.48231E+00 4.71323E+01
1.55786E+00 1.93478E+00 2.05474E+00 2.25117E+00 2.24566E+00 2.26775E+00 2.29523E+00 2.05343E+00 1.93478E+00 1.55786E+00 4.87796E+01
1.63265E+00 2.00780E+00 2.12772E+00 2.32299E+00 2.31750E+00 2.34001E+00 2.36776E+00 2.12641E+00 2.00780E+00 1.63265E+00 5.03948E+01
1.70668E+00 2.08011E+00 2.19999E+00 2.39413E+00 2.38867E+00 2.41158E+00 2.43961E+00 2.19868E+00 2.08011E+00 1.70668E+00 5.19785E+01
1.77993E+00 2.15170E+00 2.27153E+00 2.46459E+00 2.45916E+00 2.48246E+00 2.51076E+00 2.27023E+00 2.15170E+00 1.77993E+00 5.35309E+01
1.85241E+00 2.22256E+00 2.34235E+00 2.53436E+00 2.52896E+00 2.55264E+00 2.58121E+00 2.34105E+00 2.22256E+00 1.85241E+00 5.50527E+01
1.92412E+00 2.29270E+00 2.41244E+00 2.60343E+00 2.59805E+00 2.62212E+00 2.65095E+00 2.41115E+00 2.29270E+00 1.92412E+00 5.65442E+01
1.99505E+00 2.36210E+00 2.48180E+00 2.67180E+00 2.66645E+00 2.69089E+00 2.71997E+00 2.48051E+00 2.36210E+00 1.99505E+00 5.80061E+01
2.06522E+00 2.43078E+00 2.55043E+00 2.73947E+00 2.73415E+00 2.75895E+00 2.78829E+00 2.54914E+00 2.43078E+00 2.06522E+00 5.94388E+01
2.13461E+00 2.49873E+00 2.61833E+00 2.80644E+00 2.80114E+00 2.82631E+00 2.85589E+00 2.61705E+00 2.49873E+00 2.13461E+00 6.08431E+01
2.20325E+00 2.56595E+00 2.68551E+00 2.87270E+00 2.86744E+00 2.89296E+00 2.92278E+00 2.68423E+00 2.56595E+00 2.20325E+00 6.22194E+01
2.27113E+00 2.63245E+00 2.75197E+00 2.93828E+00 2.93304E+00 2.95890E+00 2.98897E+00 2.75069E+00 2.63245E+00 2.27113E+00 6.35684E+01
2.33825E+00 2.69823E+00 2.81770E+00 3.00315E+00 2.99794E+00 3.02415E+00 3.05445E+00 2.81643E+00 2.69823E+00 2.33825E+00 6.48906E+01
2.40464E+00 2.76330E+00 2.88273E+00 3.06734E+00 3.06215E+00 3.08870E+00 3.11923E+00 2.88146E+00 2.76330E+00 2.40464E+00 6.61866E+01
2.47028E+00 2.82766E+00 2.94705E+00 3.13084E+00 3.12568E+00 3.15256E+00 3.18331E+00 2.94578E+00 2.82766E+00 2.47028E+00 6.74571E+01
2.53520E+00 2.89132E+00 3.01066E+00 3.19366E+00 3.18852E+00 3.21573E+00 3.24671E+00 3.00940E+00 2.89132E+00 2.53520E+00 6.87026E+01
2.59939E+00 2.95429E+00 3.07358E+00 3.25580E+00 3.25069E+00 3.27823E+00 3.30942E+00 3.07233E+00 2.95429E+00 2.59939E+00 6.99236E+01
2.66287E+00 3.01657E+00 3.13582E+00 3.31728E+00 3.31220E+00 3.34005E+00 3.37146E+00 3.13457E+00 3.01657E+00 2.66287E+00 7.11208E+01
2.72564E+00 3.07817E+00 3.19737E+00 3.37809E+00 3.37303E+00 3.40120E+00 3.43282E+00 3.19612E+00 3.07817E+00 2.72564E+00 7.22947E+01
2.78771E+00 3.13909E+00 3.25825E+00 3.43824E+00 3.43322E+00 3.46169E+00 3.49352E+00 3.25701E+00 3.13909E+00 2.78771E+00 7.34458E+01
2.84910E+00 3.19935E+00 3.31847E+00 3.49775E+00 3.49275E+00 3.52153E+00 3.55357E+00 3.31723E+00 3.19935E+00 2.84910E+00 7.45748E+01
2.90981E+00 3.25896E+00 3.37803E+00 3.55662E+00 3.55164E+00 3.58072E+00 3.61296E+00 3.37679E+00 3.25896E+00 2.90981E+00 7.56820E+01
2.96984E+00 3.31791E+00 3.43693E+00 3.61485E+00 3.60990E+00 3.63928E+00 3.67172E+00 3.43570E+00 3.31791E+00 2.96984E+00 7.67681E+01
3.02921E+00 3.37622E+00 3.49520E+00 3.67245E+00 3.66752E+00 3.69720E+00 3.72984E+00 3.49397E+00 3.37622E+00 3.02921E+00 7.78336E+01
0.00000E+00 0.00000E+00 6.45388E-02 2.94410E-01 2.87635E-01 2.94877E-01 3.12883E-01 6.30954E-02 0.00000E+00 0.00000E+00 -1.16198E+00
0.00000E+00 0.00000E+00 1.06688E-01 3.29594E-01 3.22825E-01 3.31662E-01 3.50841E-01 1.05243E-01 0.00000E+00 0.00000E+00 -6.92067E-02
0.00000E+00 3.50229E-02 1.56868E-01 3.74106E-01 3.67358E-01 3.77603E-01 3.97797E-01 1.55423E-01 3.50229E-02 0.00000E+00 1.24339E+00
0.00000E+00 9.06432E-02 2.12449E-01 4.24858E-01 4.18140E-01 4.29667E-01 4.50772E-01 2.11006E-01 9.06432E-02 0.00000E+00 2.71612E+00
0.00000E+00 1.50103E-01 2.71860E-01 4.80047E-01 4.73367E-01 4.86080E-01 5.08015E-01 2.70420E-01 1.50103E-01 0.00000E+00 4.32337E+00
0.00000E+00 2.12167E-01 3.33868E-01 5.38312E-01 5.31673E-01 5.45493E-01 5.68194E-01 3.32432E-01 2.12167E-01 0.00000E+00 6.02210E+00
0.00000E+00 2.75989E-01 3.97630E-01 5.98717E-01 5.92123E-01 6.06980E-01 6.30395E-01 3.96199E-01 2.75989E-01 0.00000E+00 7.77954E+00
0.00000E+00 3.40969E-01 4.62546E-01 6.60593E-01 6.54047E-01 6.69882E-01 6.93964E-01 4.61119E-01 3.40969E-01 0.00000E+00 9.57089E+00
2.68550E-02 4.06224E-01 5.27734E-01 7.23022E-01 7.16525E-01 7.33284E-01 7.57991E-01 5.26312E-01 4.06224E-01 2.68550E-02 1.13286E+01
9.58743E-02 4.71407E-01 5.92846E-01 7.85608E-01 7.79160E-01 7.96797E-01 8.22097E-01 5.91430E-01 4.71407E-01 9.58743E-02 1.30136E+01
1.65065E-01 5.37010E-01 6.58375E-01 8.48787E-01 8.42392E-01 8.60871E-01 8.86735E-01 6.56965E-01 5.37010E-01 1.65065E-01 1.46938E+01
2.34212E-01 6.02789E-01 7.24079E-01 9.12297E-01 9.05953E-01 9.25243E-01 9.51648E-01 7.22675E-01 6.02789E-01 2.34212E-01 1.63618E+01
3.03149E-01 6.68551E-01 7.89766E-01 9.75927E-01 9.69635E-01 9.89706E-01 1.01663E+00 7.88367E-01 6.68551E-01 3.03149E-01 1.80121E+01
3.71742E-01 7.34143E-01 8.55281E-01 1.03951E+00 1.03327E+00 1.05409E+00 1.08152E+00 8.53889E-01 7.34143E-01 3.71742E-01 1.96403E+01
4.39886E-01 7.99443E-01 9.20502E-01 1.10291E+00 1.09672E+00 1.11827E+00 1.14618E+00 9.19116E-01 7.99443E-01 4.39886E-01 2.12432E+01
5.07495E-01 8.64350E-01 9.85331E-01 1.16601E+00 1.15987E+00 1.18213E+00 1.21050E+00 9.83951E-01 8.64350E-01 5.07495E-01 2.28183E+01
5.74505E-01 9.28785E-01 1.04969E+00 1.22873E+00 1.22265E+00 1.24559E+00 1.27441E+00 1.04831E+00 9.28785E-01 5.74505E-01 2.43639E+01
6.40862E-01 9.92684E-01 1.11351E+00 1.29099E+00 1.28497E+00 1.30857E+00 1.33783E+00 1.11214E+00 9.92684E-01 6.40862E-01 2.58786E+01
7.06524E-01 1.05600E+00 1.17674E+00 1.35275E+00 1.34677E+00 1.37102E+00 1.40070E+00 1.17538E+00 1.05600E+00 7.06524E-01 2.73617E+01
7.71460E-01 1.11868E+00 1.23934E+00 1.41394E+00 1.40801E+00 1.43289E+00 1.46298E+00 1.23799E+00 1.11868E+00 7.71460E-01 2.88127E+01
8.35645E-01 1.18071E+00 1.30129E+00 1.47453E+00 1.46866E+00 1.49415E+00 1.52464E+00 1.29994E+00 1.18071E+00 8.35645E-01 3.02314E+01
8.99061E-01 1.24205E+00 1.36255E+00 1.53450E+00 1.52868E+00 1.55477E+00 1.58564E+00 1.36121E+00 1.24205E+00 8.99061E-01 3.16178E+01
9.61695E-01 1.30268E+00 1.42310E+00 1.59382E+00 1.58805E+00 1.61471E+00 1.64596E+00 1.42177E+00 1.30268E+00 9.61695E-01 3.29720E+01
1.02354E+00 1.36260E+00 1.48294E+00 1.65246E+00 1.64674E+00 1.67398E+00 1.70560E+00 1.48161E+00 1.36260E+00 1.02354E+00 3.42945E+01
1.08459E+00 1.42179E+00 1.54205E+00 1.71043E+00 1.70476E+00 1.73255E+00 1.76453E+00 1.54073E+00 1.42179E+00 1.08459E+00 3.55856E+01
1.14484E+00 1.48024E+00 1.60043E+00 1.76770E+00 1.76208E+00 1.79041E+00 1.82274E+00 1.59911E+00 1.48024E+00 1.14484E+00 3.68458E+01
1.20429E+00 1.53796E+00 1.65807E+00 1.82428E+00 1.81871E+00 1.84757E+00 1.88024E+00 1.65676E+00 1.53796E+00 1.20429E+00 3.80757E+01
1.26295E+00 1.59493E+00 1.71496E+00 1.88015E+00 1.87463E+00 1.90401E+00 1.93701E+00 1.71366E+00 1.59493E+00 1.26295E+00 3.92760E+01
1.32082E+00 1.65117E+00 1.77113E+00 1.93533E+00 1.92986E+00 1.95974E+00 1.99307E+00 1.76983E+00 1.65117E+00 1.32082E+00 4.04472E+01
1.37790E+00 1.70668E+00 1.82655E+00 1.98980E+00 1.98437E+00 2.01475E+00 2.04840E+00 1.82526E+00 1.70668E+00 1.37790E+00 4.15901E+01
1.43420E+00 1.76145E+00 1.88125E+00 2.04357E+00 2.03819E+00 2.06905E+00 2.10302E+00 1.87996E+00 1.76145E+00 1.43420E+00 4.27053E+01
1.48974E+00 1.81550E+00 1.93522E+00 2.09664E+00 2.09131E+00 2.12265E+00 2.15693E+00 1.93394E+00 1.81550E+00 1.48974E+00 4.37935E+01
1.54452E+00 1.86882E+00 1.98847E+00 2.14902E+00 2.14374E+00 2.17555E+00 2.21012E+00 1.98719E+00 1.86882E+00 1.54452E+00 4.48555E+01
1.59854E+00 1.92144E+00 2.04100E+00 2.20072E+00 2.19548E+00 2.22775E+00 2.26262E+00 2.03974E+00 1.92144E+00 1.59854E+00 4.58919E+01
1.65182E+00 1.97335E+00 2.09284E+00 2.25173E+00 2.24655E+00 2.27926E+00 2.31442E+00 2.09158E+00 1.97335E+00 1.65182E+00 4.69034E+01
1.70437E+00 2.02456E+00 2.14398E+00 2.30208E+00 2.29694E+00 2.33010E+00 2.36554E+00 2.14272E+00 2.02456E+00 1.70437E+00 4.78908E+01
1.75620E+00 2.07509E+00 2.19443E+00 2.35176E+00 2.34666E+00 2.38026E+00 2.41598E+00 2.19318E+00 2.07509E+00 1.75620E+00 4.88546E+01
1.80732E+00 2.12494E+00 2.24420E+00 2.40078E+00 2.39573E+00 2.42975E+00 2.46575E+00 2.24296E+00 2.12494E+00 1.80732E+00 4.97955E+01
1.85774E+00 2.17412E+00 2.29331E+00 2.44916E+00 2.44415E+00 2.47859E+00 2.51486E+00 2.29207E+00 2.17412E+00 1.85774E+00 5.07142E+01
1.90747E+00 2.22264E+00 2.34176E+00 2.49690E+00 2.49193E+00 2.52678E+00 2.56332E+00 2.34053E+00 2.22264E+00 1.90747E+00 5.16112E+01
1.95653E+00 2.27052E+00 2.38956E+00 2.54400E+00 2.53908E+00 2.57434E+00 2.61114E+00 2.38833E+00 2.27052E+00 1.95653E+00 5.24873E+01
2.00492E+00 2.31775E+00 2.43672E+00 2.59049E+00 2.58561E+00 2.62127E+00 2.65832E+00 2.43550E+00 2.31775E+00 2.00492E+00 5.33431E+01
2.05266E+00 2.36436E+00 2.48325E+00 2.63636E+00 2.63153E+00 2.66758E+00 2.70489E+00 2.48204E+00 2.36436E+00 2.05266E+00 5.41790E+01
2.09975E+00 2.41035E+00 2.52917E+00 2.68164E+00 2.67684E+00 2.71328E+00 2.75084E+00 2.52797E+00 2.41035E+00 2.09975E+00 5.49956E+01
2.14622E+00 2.45573E+00 2.57448E+00 2.72632E+00 2.72157E+00 2.75839E+00 2.79619E+00 2.57328E+00 2.45573E+00 2.14622E+00 5.57936E+01
2.19206E+00 2.50051E+00 2.61919E+00 2.77041E+00 2.76570E+00 2.80290E+00 2.84095E+00 2.61800E+00 2.50051E+00 2.19206E+00 5.65734E+01
2.23729E+00 2.54470E+00 2.66331E+00 2.81394E+00 2.80927E+00 2.84684E+00 2.88512E+00 2.66212E+00 2.54470E+00 2.23729E+00 5.73356E+01
2.28192E+00 2.58832E+00 2.70686E+00 2.85689E+00 2.85227E+00 2.89020E+00 2.92872E+00 2.70568E+00 2.58832E+00 2.28192E+00 5.80806E+01
2.32597E+00 2.63137E+00 2.74983E+00 2.89930E+00 2.89471E+00 2.93300E+00 2.97175E+00 2.74866E+00 2.63137E+00 2.32597E+00 5.88089E+01
2.36943E+00 2.67386E+00 2.79225E+00 2.94116E+00 2.93661E+00 2.97526E+00 3.01423E+00 2.79108E+00 2.67386E+00 2.36943E+00 5.95211E+01
0.00000E+00 0.00000E+00 6.73607E-02 2.60678E-01 2.52923E-01 2.63664E-01 2.85673E-01 6.58330E-02 0.00000E+00 0.00000E+00 -1.05561E+00
0.00000E+00 0.00000E+00 1.08674E-01 2.95970E-01 2.88325E-01 3.01177E-01 3.24553E-01 1.07152E-01 0.00000E+00 0.00000E+00 5.38167E-02
0.00000E+00 3.26667E-02 1.55609E-01 3.38018E-01 3.30486E-01 3.45188E-01 3.69746E-01 1.54094E-01 3.26667E-02 0.00000E+00 1.31673E+00
0.00000E+00 8.33501E-02 2.06150E-01 3.84406E-01 3.76988E-01 3.93366E-01 4.18982E-01 2.04644E-01 8.33501E-02 0.00000E+00 2.68192E+00
0.00000E+00 1.36433E-01 2.59088E-01 4.33722E-01 4.26418E-01 4.44336E-01 4.70920E-01 2.57591E-01 1.36433E-01 0.00000E+00 4.12933E+00
0.00000E+00 1.90958E-01 3.13468E-01 4.84895E-01 4.77705E-01 4.97052E-01 5.24529E-01 3.11980E-01 1.90958E-01 0.00000E+00 5.62322E+00
0.00000E+00 2.46286E-01 3.68650E-01 5.37208E-01 5.30130E-01 5.50812E-01 5.79118E-01 3.67173E-01 2.46286E-01 0.00000E+00 7.13791E+00
0.00000E+00 3.01975E-01 4.24193E-01 5.90158E-01 5.83190E-01 6.05127E-01 6.34209E-01 4.22726E-01 3.01975E-01 0.00000E+00 8.65504E+00
2.29352E-02 3.57436E-01 4.79509E-01 6.43124E-01 6.36263E-01 6.59379E-01 6.89190E-01 4.78053E-01 3.57436E-01 2.29352E-02 1.01187E+01
8.14835E-02 4.12450E-01 5.34379E-01 6.95845E-01 6.89089E-01 7.13320E-01 7.43819E-01 5.32933E-01 4.12450E-01 8.14835E-02 1.14991E+01
1.39650E-01 4.67310E-01 5.89094E-01 7.48565E-01 7.41913E-01 7.67212E-01 7.98367E-01 5.87660E-01 4.67310E-01 1.39650E-01 1.28588E+01
1.97302E-01 5.21856E-01 6.43497E-01 8.01106E-01 7.94557E-01 8.20879E-01 8.52662E-01 6.42073E-01 5.21856E-01 1.97302E-01 1.41934E+01
2.54340E-01 5.75966E-01 6.97464E-01 8.53331E-01 8.46883E-01 8.74188E-01 9.06575E-01 6.96051E-01 5.75966E-01 2.54340E-01 1.54999E+01
3.10689E-01 6.29547E-01 7.50904E-01 9.05134E-01 8.98784E-01 9.27036E-01 9.60004E-01 7.49502E-01 6.29547E-01 3.10689E-01 1.67762E+01
3.66295E-01 6.82529E-01 8.03745E-01 9.56433E-01 9.50181E-01 9.79346E-01 1.01287E+00 8.02354E-01 6.82529E-01 3.66295E-01 1.80210E+01
4.21119E-01 7.34857E-01 8.55935E-01 1.00717E+00 1.00101E+00 1.03106E+00 1.06512E+00 8.54554E-01 7.34857E-01 4.21119E-01 1.92334E+01
4.75132E-01 7.86493E-01 9.07433E-01 1.05728E+00 1.05122E+00 1.08212E+00 1.11671E+00 9.06063E-01 7.86493E-01 4.75132E-01 2.04131E+01
5.28316E-01 8.37408E-01 9.58211E-01 1.10675E+00 1.10078E+00 1.13251E+00 1.16760E+00 9.56852E-01 8.37408E-01 5.28316E-01 2.15601E+01
5.80660E-01 8.87582E-01 1.00825E+00 1.15554E+00 1.14966E+00 1.18219E+00 1.21777E+00 1.00690E+00 8.87582E-01 5.80660E-01 2.26746E+01
6.32159E-01 9.37000E-01 1.05753E+00 1.20364E+00 1.19785E+00 1.23115E+00 1.26721E+00 1.05620E+00 9.37000E-01 6.32159E-01 2.37570E+01
6.82811E-01 9.85656E-01 1.10606E+00 1.25103E+00 1.24532E+00 1.27938E+00 1.31590E+00 1.10473E+00 9.85656E-01 6.82811E-01 2.48078E+01
7.32620E-01 1.03355E+00 1.15381E+00 1.29770E+00 1.29208E+00 1.32688E+00 1.36385E+00 1.15250E+00 1.03355E+00 7.32620E-01 2.58278E+01
7.81591E-01 1.08067E+00 1.20081E+00 1.34365E+00 1.33812E+00 1.37363E+00 1.41104E+00 1.19950E+00 1.08067E+00 7.81591E-01 2.68177E+01
8.29732E-01 1.12703E+00 1.24704E+00 1.38889E+00 1.38344E+00 1.41964E+00 1.45748E+00 1.24574E+00 1.12703E+00 8.29732E-01 2.77783E+01
8.77053E-01 1.17263E+00 1.29251E+00 1.43340E+00 1.42804E+00 1.46492E+00 1.50317E+00 1.29123E+00 1.17263E+00 8.77053E-01 2.87103E+01
9.23566E-01 1.21748E+00 1.33724E+00 1.47721E+00 1.47192E+00 1.50947E+00 1.54812E+00 1.33596E+00 1.21748E+00 9.23566E-01 2.96146E+01
9.69282E-01 1.26159E+00 1.38123E+00 1.52031E+00 1.51510E+00 1.55329E+00 1.59234E+00 1.37996E+00 1.26159E+00 9.69282E-01 3.04922E+01
1.01422E+00 1.30497E+00 1.42448E+00 1.56270E+00 1.55758E+00 1.59640E+00 1.63584E+00 1.42322E+00 1.30497E+00 1.01422E+00 3.13437E+01
1.05838E+00 1.34763E+00 1.46701E+00 1.60441E+00 1.59936E+00 1.63880E+00 1.67862E+00 1.46577E+00 1.34763E+00 1.05838E+00 3.21701E+01
1.10179E+00 1.38957E+00 1.50884E+00 1.64544E+00 1.64046E+00 1.68051E+00 1.72069E+00 1.50760E+00 1.38957E+00 1.10179E+00 3.29723E+01
1.14445E+00 1.43082E+00 1.54997E+00 1.68579E+00 1.68090E+00 1.72153E+00 1.76208E+00 1.54874E+00 1.43082E+00 1.14445E+00 3.37509E+01
1.18640E+00 1.47139E+00 1.59041E+00 1.72549E+00 1.72067E+00 1.76188E+00 1.80278E+00 1.58919E+00 1.47139E+00 1.18640E+00 3.45068E+01
1.22763E+00 1.51127E+00 1.63018E+00 1.76454E+00 1.75979E+00 1.80156E+00 1.84282E+00 1.62897E+00 1.51127E+00 1.22763E+00 3.52408E+01
1.26816E+00 1.55050E+00 1.66930E+00 1.80295E+00 1.79827E+00 1.84060E+00 1.88220E+00 1.66810E+00 1.55050E+00 1.26816E+00 3.59537E+01
1.30801E+00 1.58909E+00 1.70776E+00 1.84074E+00 1.83613E+00 1.87900E+00 1.92093E+00 1.70657E+00 1.58909E+00 1.30801E+00 3.66461E+01
1.34720E+00 1.62703E+00 1.74559E+00 1.87791E+00 1.87337E+00 1.91678E+00 1.95904E+00 1.74441E+00 1.62703E+00 1.34720E+00 3.73187E+01
1.38573E+00 1.66436E+00 1.78281E+00 1.91448E+00 1.91001E+00 1.95394E+00 1.99652E+00 1.78164E+00 1.66436E+00 1.38573E+00 3.79722E+01
1.42362E+00 1.70108E+00 1.81941E+00 1.95046E+00 1.94605E+00 1.99050E+00 2.03340E+00 1.81825E+00 1.70108E+00 1.42362E+00 3.86074E+01
1.46089E+00 1.73720E+00 1.85542E+00 1.98586E+00 1.98152E+00 2.02647E+00 2.06968E+00 1.85427E+00 1.73720E+00 1.46089E+00 3.92248E+01
1.49755E+00 1.77273E+00 1.89085E+00 2.02070E+00 2.01642E+00 2.06187E+00 2.10539E+00 1.88970E+00 1.77273E+00 1.49755E+00 3.98249E+01
1.53361E+00 1.80770E+00 1.92570E+00 2.05498E+00 2.05077E+00 2.09670E+00 2.14052E+00 1.92457E+00 1.80770E+00 1.53361E+00 4.04085E+01
1.56909E+00 1.84210E+00 1.96000E+00 2.08872E+00 2.08457E+00 2.13098E+00 2.17510E+00 1.95887E+00 1.84210E+00 1.56909E+00 4.09761E+01
1.60399E+00 1.87596E+00 1.99375E+00 2.12192E+00 2.11784E+00 2.16472E+00 2.20912E+00 1.99263E+00 1.87596E+00 1.60399E+00 4.15282E+01
1.63834E+00 1.90929E+00 2.02697E+00 2.15460E+00 2.15058E+00 2.19792E+00 2.24262E+00 2.02586E+00 1.90929E+00 1.63834E+00 4.20653E+01
1.67214E+00 1.94208E+00 2.05966E+00 2.18678E+00 2.18282E+00 2.23061E+00 2.27559E+00 2.05856E+00 1.94208E+00 1.67214E+00 4.25880E+01
1.70541E+00 1.97437E+00 2.09184E+00 2.21845E+00 2.21455E+00 2.26279E+00 2.30805E+00 2.09075E+00 1.97437E+00 1.70541E+00 4.30966E+01
1.73815E+00 2.00615E+00 2.12352E+00 2.24963E+00 2.24579E+00 2.29448E+00 2.34001E+00 2.12244E+00 2.00615E+00 1.73815E+00 4.35918E+01
1.77039E+00 2.03745E+00 2.15471E+00 2.28034E+00 2.27656E+00 2.32567E+00 2.37147E+00 2.15363E+00 2.03745E+00 1.77039E+00 4.40738E+01
1.80212E+00 2.06826E+00 2.18542E+00 2.31057E+00 2.30685E+00 2.35639E+00 2.40246E+00 2.18435E+00 2.06826E+00 1.80212E+00 4.45433E+01
1.83337E+00 2.09860E+00 2.21566E+00 2.34035E+00 2.33669E+00 2.38665E+00 2.43298E+00 2.21460E+00 2.09860E+00 1.83337E+00 4.50004E+01
0.00000E+00 0.00000E+00 7.02754E-02 2.31462E-01 2.22830E-01 2.38679E-01 2.65334E-01 6.86575E-02 0.00000E+00 0.00000E+00 -9.02031E-01
0.00000E+00 0.00000E+00 1.10439E-01 2.66528E-01 2.58169E-01 2.76781E-01 3.05017E-01 1.08838E-01 0.00000E+00 0.00000E+00 2.19929E-01
0.00000E+00 3.03495E-02 1.54100E-01 3.06068E-01 2.97962E-01 3.18974E-01 3.48579E-01 1.52517E-01 3.03495E-02 0.00000E+00 1.42680E+00
0.00000E+00 7.63410E-02 1.99806E-01 3.48284E-01 3.40417E-01 3.63587E-01 3.94420E-01 1.98242E-01 7.63410E-02 0.00000E+00 2.68079E+00
0.00000E+00 1.23494E-01 2.46682E-01 3.92123E-01 3.84484E-01 4.09627E-01 4.41583E-01 2.45136E-01 1.23494E-01 0.00000E+00 3.97003E+00
0.00000E+00 1.71112E-01 2.94030E-01 4.36791E-01 4.29370E-01 4.56334E-01 4.89327E-01 2.92503E-01 1.71112E-01 0.00000E+00 5.26738E+00
0.00000E+00 2.18748E-01 3.41403E-01 4.81771E-01 4.74556E-01 5.03215E-01 5.37171E-01 3.39895E-01 2.18748E-01 0.00000E+00 6.55476E+00
0.00000E+00 2.66103E-01 3.88503E-01 5.26712E-01 5.19696E-01 5.49939E-01 5.84797E-01 3.87014E-01 2.66103E-01 0.00000E+00 7.82026E+00
1.94294E-02 3.12822E-01 4.34973E-01 5.71230E-01 5.64403E-01 5.96128E-01 6.31833E-01 4.33502E-01 3.12822E-01 1.94294E-02 9.01908E+00
6.86747E-02 3.58789E-01 4.80697E-01 6.15172E-01 6.08527E-01 6.41647E-01 6.78151E-01 4.79245E-01 3.58789E-01 6.86747E-02 1.01298E+01
1.17133E-01 4.04179E-01 5.25848E-01 6.58671E-01 6.52202E-01 6.86653E-01 7.23920E-01 5.24414E-01 4.04179E-01 1.17133E-01 1.12094E+01
1.64740E-01 4.48903E-01 5.70338E-01 7.01623E-01 6.95324E-01 7.31047E-01 7.69045E-01 5.68922E-01 4.48903E-01 1.64740E-01 1.22559E+01
2.11456E-01 4.92901E-01 6.14106E-01 7.43953E-01 7.37819E-01 7.74760E-01 8.13459E-01 6.12707E-01 4.92901E-01 2.11456E-01 1.32686E+01
2.57256E-01 5.36130E-01 6.57109E-01 7.85607E-01 7.79634E-01 8.17745E-01 8.57118E-01 6.55728E-01 5.36130E-01 2.57256E-01 1.42471E+01
3.02129E-01 5.78564E-01 6.99322E-01 8.26550E-01 8.20733E-01 8.59968E-01 8.99991E-01 6.97957E-01 5.78564E-01 3.02129E-01 1.51917E+01
3.46070E-01 6.20188E-01 7.40727E-01 8.66758E-01 8.61092E-01 9.01410E-01 9.42060E-01 7.39380E-01 6.20188E-01 3.46070E-01 1.61027E+01
3.89085E-01 6.60994E-01 7.81318E-01 9.06216E-01 9.00698E-01 9.42061E-01 9.83317E-01 7.79988E-01 6.60994E-01 3.89085E-01 1.69809E+01
4.31182E-01 7.00981E-01 8.21095E-01 9.44918E-01 9.39544E-01 9.81916E-01 1.02376E+00 8.19781E-01 7.00981E-01 4.31182E-01 1.78272E+01
4.72374E-01 7.40154E-01 8.60061E-01 9.82863E-01 9.77628E-01 1.02098E+00 1.06339E+00 8.58764E-01 7.40154E-01 4.72374E-01 1.86425E+01
5.12675E-01 7.78520E-01 8.98223E-01 1.02005E+00 1.01495E+00 1.05925E+00 1.10221E+00 8.96942E-01 7.78520E-01 5.12675E-01 1.94279E+01
5.52103E-01 8.16091E-01 9.35593E-01 1.05649E+00 1.05153E+00 1.09674E+00 1.14024E+00 9.34329E-01 8.16091E-01 5.52103E-01 2.01843E+01
5.90676E-01 8.52879E-01 9.72184E-01 1.09220E+00 1.08736E+00 1.13346E+00 1.17748E+00 9.70935E-01 8.52879E-01 5.90676E-01 2.09129E+01
6.28415E-01 8.88898E-01 1.00801E+00 1.12717E+00 1.12247E+00 1.16943E+00 1.21396E+00 1.00677E+00 8.88898E-01 6.28415E-01 2.16148E+01
6.65338E-01 9.24164E-01 1.04308E+00 1.16144E+00 1.15685E+00 1.20465E+00 1.24967E+00 1.04186E+00 9.24164E-01 6.65338E-01 2.22910E+01
7.01467E-01 9.58693E-01 1.07742E+00 1.19500E+00 1.19053E+00 1.23915E+00 1.28465E+00 1.07622E+00 9.58693E-01 7.01467E-01 2.29426E+01
7.36821E-01 9.92502E-01 1.11105E+00 1.22787E+00 1.22352E+00 1.27293E+00 1.31891E+00 1.10986E+00 9.92502E-01 7.36821E-01 2.35705E+01
7.71422E-01 1.02561E+00 1.14397E+00 1.26007E+00 1.25584E+00 1.30603E+00 1.35246E+00 1.14280E+00 1.02561E+00 7.71422E-01 2.41758E+01
8.05289E-01 1.05803E+00 1.17621E+00 1.29161E+00 1.28750E+00 1.33844E+00 1.38532E+00 1.17505E+00 1.05803E+00 8.05289E-01 2.47593E+01
8.38443E-01 1.08978E+00 1.20778E+00 1.32251E+00 1.31851E+00 1.37019E+00 1.41751E+00 1.20664E+00 1.08978E+00 8.38443E-01 2.53220E+01
8.70903E-01 1.12088E+00 1.23870E+00 1.35279E+00 1.34889E+00 1.40129E+00 1.44904E+00 1.23757E+00 1.12088E+00 8.70903E-01 2.58648E+01
9.02687E-01 1.15134E+00 1.26899E+00 1.38245E+00 1.37866E+00 1.43176E+00 1.47993E+00 1.26788E+00 1.15134E+00 9.02687E-01 2.63885E+01
9.33816E-01 1.18118E+00 1.29867E+00 1.41152E+00 1.40784E+00 1.46162E+00 1.51020E+00 1.29756E+00 1.18118E+00 9.33816E-01 2.68939E+01
9.64307E-01 1.21043E+00 1.32774E+00 1.44001E+00 1.43643E+00 1.49088E+00 1.53987E+00 1.32665E+00 1.21043E+00 9.64307E-01 2.73817E+01
9.94178E-01 1.23908E+00 1.35623E+00 1.46793E+00 1.46445E+00 1.51956E+00 1.56894E+00 1.35516E+00 1.23908E+00 9.94178E-01 2.78527E+01
1.02345E+00 1.26717E+00 1.38415E+00 1.49530E+00 1.49192E+00 1.54767E+00 1.59744E+00 1.38309E+00 1.26717E+00 1.02345E+00 2.83076E+01
1.05213E+00 1.29470E+00 1.41152E+00 1.52213E+00 1.51885E+00 1.57523E+00 1.62538E+00 1.41047E+00 1.29470E+00 1.05213E+00 2.87470E+01
1.08024E+00 1.32169E+00 1.43835E+00 1.54844E+00 1.54525E+00 1.60225E+00 1.65277E+00 1.43731E+00 1.32169E+00 1.08024E+00 2.91716E+01
1.10780E+00 1.34815E+00 1.46465E+00 1.57424E+00 1.57115E+00 1.62875E+00 1.67963E+00 1.46363E+00 1.34815E+00 1.10780E+00 2.95820E+01
1.13482E+00 1.37410E+00 1.49044E+00 1.59954E+00 1.59654E+00 1.65474E+00 1.70598E+00 1.48944E+00 1.37410E+00 1.13482E+00 2.99787E+01
1.16132E+00 1.39955E+00 1.51574E+00 1.62436E+00 1.62145E+00 1.68023E+00 1.73183E+00 1.51474E+00 1.39955E+00 1.16132E+00 3.03622E+01
1.18730E+00 1.42452E+00 1.54055E+00 1.64871E+00 1.64589E+00 1.70524E+00 1.75718E+00 1.53957E+00 1.42452E+00 1.18730E+00 3.07332E+01
1.21279E+00 1.44901E+00 1.56490E+00 1.67260E+00 1.66987E+00 1.72977E+00 1.78206E+00 1.56393E+00 1.44901E+00 1.21279E+00 3.10921E+01
1.23780E+00 1.47305E+00 1.58878E+00 1.69604E+00 1.69340E+00 1.75385E+00 1.80647E+00 1.58782E+00 1.47305E+00 1.23780E+00 3.14394E+01
1.26234E+00 1.49663E+00 1.61222E+00 1.71905E+00 1.71649E+00 1.77748E+00 1.83044E+00 1.61127E+00 1.49663E+00 1.26234E+00 3.17755E+01
1.28642E+00 1.51978E+00 1.63522E+00 1.74163E+00 1.73916E+00 1.80068E+00 1.85396E+00 1.63428E+00 1.51978E+00 1.28642E+00 3.21009E+01
1.31006E+00 1.54250E+00 1.65780E+00 1.76380E+00 1.76141E+00 1.82345E+00 1.87705E+00 1.65688E+00 1.54250E+00 1.31006E+00 3.24159E+01
1.33327E+00 1.56481E+00 1.67997E+00 1.78557E+00 1.78326E+00 1.84581E+00 1.89972E+00 1.67905E+00 1.56481E+00 1.33327E+00 3.27210E+01
1.35605E+00 1.58672E+00 1.70173E+00 1.80694E+00 1.80471E+00 1.86776E+00 1.92199E+00 1.70083E+00 1.58672E+00 1.35605E+00 3.30165E+01
1.37843E+00 1.60823E+00 1.72310E+00 1.82793E+00 1.82578E+00 1.88933E+00 1.94386E+00 1.72221E+00 1.60823E+00 1.37843E+00 3.33029E+01
1.40040E+00 1.62936E+00 1.74409E+00 1.84855E+00 1.84647E+00 1.91051E+00 1.96534E+00 1.74321E+00 1.62936E+00 1.40040E+00 3.35803E+01
0.00000E+00 0.00000E+00 7.31334E-02 2.06538E-01 1.97395E-01 2.20639E-01 2.52518E-01 7.14196E-02 0.00000E+00 0.00000E+00 -6.82535E-01
0.00000E+00 0.00000E+00 1.11822E-01 2.41047E-01 2.32414E-01 2.59216E-01 2.92929E-01 1.10143E-01 0.00000E+00 0.00000E+00 4.40340E-01
0.00000E+00 2.80520E-02 1.52143E-01 2.78005E-01 2.69824E-01 2.99690E-01 3.34995E-01 1.50498E-01 2.80520E-02 0.00000E+00 1.57957E+00
0.00000E+00 6.95479E-02 1.93158E-01 3.16183E-01 3.08415E-01 3.41014E-01 3.77750E-01 1.91548E-01 6.95479E-02 0.00000E+00 2.71505E+00
0.00000E+00 1.11148E-01 2.34300E-01 3.54865E-01 3.47479E-01 3.82564E-01 4.20610E-01 2.32723E-01 1.11148E-01 0.00000E+00 3.84509E+00
0.00000E+00 1.52400E-01 2.75116E-01 3.93517E-01 3.86486E-01 4.23852E-01 4.63108E-01 2.73572E-01 1.52400E-01 0.00000E+00 4.95199E+00
0.00000E+00 1.93035E-01 3.15333E-01 4.31805E-01 4.25109E-01 4.64583E-01 5.04967E-01 3.13820E-01 1.93035E-01 0.00000E+00 6.02534E+00
0.00000E+00 2.32890E-01 3.54786E-01 4.69525E-01 4.63141E-01 5.04580E-01 5.46019E-01 3.53304E-01 2.32890E-01 0.00000E+00 7.05936E+00
1.62932E-02 2.71788E-01 3.93299E-01 5.06472E-01 5.00384E-01 5.43650E-01 5.86079E-01 3.91847E-01 2.71788E-01 1.62932E-02 8.01964E+00
5.72757E-02 3.09702E-01 4.30841E-01 5.42589E-01 5.36779E-01 5.81758E-01 6.25121E-01 4.29419E-01 3.09702E-01 5.72757E-02 8.89195E+00
9.71910E-02 3.46745E-01 4.67522E-01 5.77950E-01 5.72407E-01 6.19012E-01 6.63268E-01 4.66128E-01 3.46745E-01 9.71910E-02 9.72731E+00
1.36035E-01 3.82890E-01 5.03314E-01 6.12516E-01 6.07228E-01 6.55382E-01 7.00492E-01 5.01949E-01 3.82890E-01 1.36035E-01 1.05261E+01
1.73817E-01 4.18125E-01 5.38207E-01 6.46264E-01 6.41221E-01 6.90854E-01 7.36784E-01 5.36869E-01 4.18125E-01 1.73817E-01 1.12891E+01
2.10554E-01 4.52453E-01 5.72201E-01 6.79186E-01 6.74378E-01 7.25426E-01 7.72144E-01 5.70890E-01 4.52453E-01 2.10554E-01 1.20174E+01
2.46267E-01 4.85882E-01 6.05304E-01 7.11281E-01 7.06700E-01 7.59104E-01 8.06582E-01 6.04019E-01 4.85882E-01 2.46267E-01 1.27122E+01
2.80984E-01 5.18427E-01 6.37530E-01 7.42557E-01 7.38196E-01 7.91901E-01 8.40112E-01 6.36271E-01 5.18427E-01 2.80984E-01 1.33751E+01
3.14732E-01 5.50105E-01 6.68897E-01 7.73027E-01 7.68876E-01 8.23833E-01 8.72753E-01 6.67664E-01 5.50105E-01 3.14732E-01 1.40074E+01
3.47542E-01 5.80938E-01 6.99426E-01 8.02705E-01 7.98759E-01 8.54922E-01 9.04527E-01 6.98217E-01 5.80938E-01 3.47542E-01 1.46105E+01
3.79444E-01 6.10948E-01 7.29138E-01 8.31610E-01 8.27862E-01 8.85187E-01 9.35458E-01 7.27954E-01 6.10948E-01 3.79444E-01 1.51858E+01
4.10468E-01 6.40158E-01 7.58057E-01 8.59762E-01 8.56205E-01 9.14653E-01 9.65568E-01 7.56897E-01 6.40158E-01 4.10468E-01 1.57348E+01
4.40644E-01 6.68594E-01 7.86207E-01 8.87180E-01 8.83809E-01 9.43342E-01 9.94883E-01 7.85071E-01 6.68594E-01 4.40644E-01 1.62588E+01
4.70002E-01 6.96278E-01 8.13612E-01 9.13885E-01 9.10694E-01 9.71279E-01 1.02343E+00 8.12498E-01 6.96278E-01 4.70002E-01 1.67590E+01
4.98571E-01 7.23236E-01 8.40295E-01 9.39900E-01 9.36884E-01 9.98486E-01 1.05123E+00 8.39204E-01 7.23236E-01 4.98571E-01 1.72366E+01
5.26378E-01 7.49490E-01 8.66280E-01 9.65244E-01 9.62398E-01 1.02499E+00 1.07830E+00 8.65212E-01 7.49490E-01 5.26378E-01 1.76929E+01
5.53452E-01 7.75064E-01 8.91589E-01 9.89940E-01 9.87259E-01 1.05081E+00 1.10469E+00 8.90543E-01 7.75064E-01 5.53452E-01 1.81289E+01
5.79817E-01 7.99980E-01 9.16247E-01 1.01401E+00 1.01149E+00 1.07597E+00 1.13039E+00 9.15222E-01 7.99980E-01 5.79817E-01 1.85457E+01
6.05500E-01 8.24262E-01 9.40274E-01 1.03747E+00 1.03510E+00 1.10049E+00 1.15545E+00 9.39270E-01 8.24262E-01 6.05500E-01 1.89442E+01
6.30524E-01 8.47930E-01 9.63691E-01 1.06034E+00 1.05813E+00 1.12439E+00 1.17987E+00 9.62709E-01 8.47930E-01 6.30524E-01 1.93255E+01
6.54913E-01 8.71004E-01 9.86519E-01 1.08264E+00 1.08058E+00 1.14770E+00 1.20369E+00 9.85558E-01 8.71004E-01 6.54913E-01 1.96903E+01
6.78690E-01 8.93506E-01 1.00878E+00 1.10439E+00 1.10247E+00 1.17043E+00 1.22692E+00 1.00784E+00 8.93506E-01 6.78690E-01 2.00395E+01
7.01875E-01 9.15453E-01 1.03049E+00 1.12561E+00 1.12383E+00 1.19260E+00 1.24958E+00 1.02957E+00 9.15453E-01 7.01875E-01 2.03739E+01
7.24490E-01 9.36865E-01 1.05167E+00 1.14631E+00 1.14468E+00 1.21424E+00 1.27169E+00 1.05076E+00 9.36865E-01 7.24490E-01 2.06942E+01
7.46554E-01 9.57760E-01 1.07233E+00 1.16652E+00 1.16502E+00 1.23535E+00 1.29328E+00 1.07145E+00 9.57760E-01 7.46554E-01 2.10010E+01
7.68086E-01 9.78155E-01 1.09250E+00 1.18624E+00 1.18487E+00 1.25596E+00 1.31434E+00 1.09163E+00 9.78155E-01 7.68086E-01 2.12952E+01
7.89105E-01 9.98065E-01 1.11218E+00 1.20549E+00 1.20426E+00 1.27609E+00 1.33492E+00 1.11134E+00 9.98065E-01 7.89105E-01 2.15772E+01
8.09626E-01 1.01751E+00 1.13141E+00 1.22430E+00 1.22319E+00 1.29574E+00 1.35501E+00 1.13058E+00 1.01751E+00 8.09626E-01 2.18477E+01
8.29668E-01 1.03650E+00 1.15018E+00 1.24267E+00 1.24168E+00 1.31493E+00 1.37464E+00 1.14937E+00 1.03650E+00 8.29668E-01 2.21072E+01
8.49246E-01 1.05505E+00 1.16852E+00 1.26061E+00 1.25974E+00 1.33369E+00 1.39382E+00 1.16773E+00 1.05505E+00 8.49246E-01 2.23562E+01
8.68375E-01 1.07318E+00 1.18643E+00 1.27814E+00 1.27739E+00 1.35202E+00 1.41256E+00 1.18566E+00 1.07318E+00 8.68375E-01 2.25952E+01
8.87070E-01 1.09090E+00 1.20394E+00 1.29528E+00 1.29465E+00 1.36993E+00 1.43088E+00 1.20319E+00 1.09090E+00 8.87070E-01 2.28246E+01
9.05344E-01 1.10821E+00 1.22106E+00 1.31203E+00 1.31151E+00 1.38745E+00 1.44880E+00 1.22032E+00 1.10821E+00 9.05344E-01 2.30450E+01
9.23212E-01 1.12515E+00 1.23779E+00 1.32841E+00 1.32800E+00 1.40457E+00 1.46632E+00 1.23707E+00 1.12515E+00 9.23212E-01 2.32567E+01
9.40686E-01 1.14171E+00 1.25415E+00 1.34442E+00 1.34413E+00 1.42132E+00 1.48346E+00 1.25345E+00 1.14171E+00 9.40686E-01 2.34600E+01
9.57779E-01 1.15791E+00 1.27015E+00 1.36009E+00 1.35990E+00 1.43770E+00 1.50022E+00 1.26947E+00 1.15791E+00 9.57779E-01 2.36555E+01
9.74502E-01 1.17376E+00 1.28581E+00 1.37542E+00 1.37533E+00 1.45374E+00 1.51663E+00 1.28514E+00 1.17376E+00 9.74502E-01 2.38433E+01
9.90866E-01 1.18927E+00 1.30112E+00 1.39041E+00 1.39043E+00 1.46942E+00 1.53268E+00 1.30047E+00 1.18927E+00 9.90866E-01 2.40239E+01
1.00688E+00 1.20445E+00 1.31611E+00 1.40509E+00 1.40521E+00 1.48478E+00 1.54840E+00 1.31547E+00 1.20445E+00 1.00688E+00 2.41976E+01
1.02256E+00 1.21931E+00 1.33079E+00 1.41946E+00 1.41968E+00 1.49981E+00 1.56379E+00 1.33016E+00 1.21931E+00 1.02256E+00 2.43646E+01
1.03792E+00 1.23385E+00 1.34515E+00 1.43352E+00 1.43384E+00 1.51453E+00 1.57886E+00 1.34454E+00 1.23385E+00 1.03792E+00 2.45252E+01
1.05295E+00 1.24810E+00 1.35921E+00 1.44729E+00 1.44771E+00 1.52894E+00 1.59362E+00 1.35862E+00 1.24810E+00 1.05295E+00 2.46797E+01
0.00000E+00 0.00000E+00 7.57473E-02 1.85798E-01 1.76962E-01 2.10785E-01 2.48340E-01 7.39344E-02 0.00000E+00 0.00000E+00 -3.78179E-01
0.00000E+00 0.00000E+00 1.12582E-01 2.19366E-01 2.11352E-01 2.49670E-01 2.89388E-01 1.10834E-01 0.00000E+00 0.00000E+00 7.23875E-01
0.00000E+00 2.57280E-02 1.49417E-01 2.53585E-01 2.46279E-01 2.88429E-01 3.30030E-01 1.47729E-01 2.57280E-02 0.00000E+00 1.77736E+00
0.00000E+00 6.28430E-02 1.85789E-01 2.87760E-01 2.81084E-01 3.26626E-01 3.69923E-01 1.84159E-01 6.28430E-02 0.00000E+00 2.78281E+00
0.00000E+00 9.91716E-02 2.21422E-01 3.21494E-01 3.15392E-01 3.63994E-01 4.08847E-01 2.19847E-01 9.91716E-02 0.00000E+00 3.74977E+00
0.00000E+00 1.34494E-01 2.56088E-01 3.54495E-01 3.48918E-01 4.00312E-01 4.46603E-01 2.54566E-01 1.34494E-01 0.00000E+00 4.67012E+00
0.00000E+00 1.68705E-01 2.89679E-01 3.86607E-01 3.81513E-01 4.35474E-01 4.83105E-01 2.88208E-01 1.68705E-01 0.00000E+00 5.54074E+00
0.00000E+00 2.01766E-01 3.22150E-01 4.17750E-01 4.13106E-01 4.69443E-01 5.18329E-01 3.20728E-01 2.01766E-01 0.00000E+00 6.36131E+00
1.34817E-02 2.33640E-01 3.53463E-01 4.47868E-01 4.43640E-01 5.02178E-01 5.52241E-01 3.52088E-01 2.33640E-01 1.34817E-02 7.10668E+00
4.71151E-02 2.64373E-01 3.83659E-01 4.76977E-01 4.73138E-01 5.33725E-01 5.84898E-01 3.82330E-01 2.64373E-01 4.71151E-02 7.76857E+00
7.95112E-02 2.94054E-01 4.12822E-01 5.05135E-01 5.01664E-01 5.64190E-01 6.16423E-01 4.11537E-01 2.94054E-01 7.95112E-02 8.39200E+00
1.10716E-01 3.22706E-01 4.40975E-01 5.32354E-01 5.29233E-01 5.93597E-01 6.46845E-01 4.39732E-01 3.22706E-01 1.10716E-01 8.97889E+00
1.40778E-01 3.50362E-01 4.68146E-01 5.58656E-01 5.55867E-01 6.21979E-01 6.76200E-01 4.66945E-01 3.50362E-01 1.40778E-01 9.53127E+00
1.69746E-01 3.77055E-01 4.94369E-01 5.84065E-01 5.81594E-01 6.49371E-01 7.04527E-01 4.93208E-01 3.77055E-01 1.69746E-01 1.00512E+01
1.97670E-01 4.02821E-01 5.19680E-01 6.08612E-01 6.06444E-01 6.75810E-01 7.31868E-01 5.18559E-01 4.02821E-01 1.97670E-01 1.05406E+01
2.24598E-01 4.27698E-01 5.44115E-01 6.32326E-01 6.30448E-01 7.01336E-01 7.58262E-01 5.43031E-01 4.27698E-01 2.24598E-01 1.10016E+01
2.50577E-01 4.51722E-01 5.67709E-01 6.55241E-01 6.53640E-01 7.25986E-01 7.83751E-01 5.66662E-01 4.51722E-01 2.50577E-01 1.14357E+01
2.75651E-01 4.74930E-01 5.90497E-01 6.77386E-01 6.76052E-01 7.49798E-01 8.08374E-01 5.89488E-01 4.74930E-01 2.75651E-01 1.18449E+01
2.99863E-01 4.97356E-01 6.12516E-01 6.98793E-01 6.97717E-01 7.72807E-01 8.32170E-01 6.11542E-01 4.97356E-01 2.99863E-01 1.22307E+01
3.23252E-01 5.19035E-01 6.33797E-01 7.19494E-01 7.18664E-01 7.95050E-01 8.55174E-01 6.32858E-01 5.19035E-01 3.23252E-01 1.25946E+01
3.45858E-01 5.40000E-01 6.54374E-01 7.39517E-01 7.38925E-01 8.16558E-01 8.77421E-01 6.53468E-01 5.40000E-01 3.45858E-01 1.29381E+01
3.67717E-01 5.60281E-01 6.74276E-01 7.58890E-01 7.58528E-01 8.37366E-01 8.98947E-01 6.73403E-01 5.60281E-01 3.67717E-01 1.32624E+01
3.88863E-01 5.79908E-01 6.93533E-01 7.77642E-01 7.77501E-01 8.57503E-01 9.19781E-01 6.92693E-01 5.79908E-01 3.88863E-01 1.35688E+01
4.09329E-01 5.98910E-01 7.12173E-01 7.95798E-01 7.95871E-01 8.76998E-01 9.39955E-01 7.11365E-01 5.98910E-01 4.09329E-01 1.38583E+01
4.29145E-01 6.17314E-01 7.30222E-01 8.13383E-01 8.13664E-01 8.95880E-01 9.59498E-01 7.29445E-01 6.17314E-01 4.29145E-01 1.41321E+01
4.48340E-01 6.35145E-01 7.47707E-01 8.30421E-01 8.30903E-01 9.14174E-01 9.78436E-01 7.46960E-01 6.35145E-01 4.48340E-01 1.43911E+01
4.66941E-01 6.52428E-01 7.64650E-01 8.46935E-01 8.47611E-01 9.31905E-01 9.96795E-01 7.63933E-01 6.52428E-01 4.66941E-01 1.46362E+01
4.84975E-01 6.69185E-01 7.81074E-01 8.62946E-01 8.63811E-01 9.49098E-01 1.01460E+00 7.80386E-01 6.69185E-01 4.84975E-01 1.48683E+01
5.02466E-01 6.85439E-01 7.97002E-01 8.78476E-01 8.79523E-01 9.65774E-01 1.03187E+00 7.96343E-01 6.85439E-01 5.02466E-01 1.50881E+01
5.19436E-01 7.01210E-01 8.12453E-01 8.93542E-01 8.94768E-01 9.81956E-01 1.04864E+00 8.11822E-01 7.01210E-01 5.19436E-01 1.52964E+01
5.35908E-01 7.16518E-01 8.27448E-01 9.08165E-01 9.09564E-01 9.97662E-01 1.06492E+00 8.26844E-01 7.16518E-01 5.35908E-01 1.54939E+01
5.51902E-01 7.31382E-01 8.42003E-01 9.22362E-01 9.23929E-01 1.01291E+00 1.08073E+00 8.41427E-01 7.31382E-01 5.51902E-01 1.56810E+01
5.67438E-01 7.45820E-01 8.56138E-01 9.36149E-01 9.37879E-01 1.02773E+00 1.09609E+00 8.55588E-01 7.45820E-01 5.67438E-01 1.58586E+01
5.82534E-01 7.59847E-01 8.69869E-01 9.49543E-01 9.51432E-01 1.04212E+00 1.11102E+00 8.69345E-01 7.59847E-01 5.82534E-01 1.60270E+01
5.97208E-01 7.73482E-01 8.83211E-01 9.62558E-01 9.64603E-01 1.05611E+00 1.12553E+00 8.82713E-01 7.73482E-01 5.97208E-01 1.61868E+01
6.11477E-01 7.86737E-01 8.96180E-01 9.75210E-01 9.77406E-01 1.06971E+00 1.13965E+00 8.95706E-01 7.86737E-01 6.11477E-01 1.63386E+01
6.25356E-01 7.99629E-01 9.08790E-01 9.87511E-01 9.89855E-01 1.08294E+00 1.15338E+00 9.08341E-01 7.99629E-01 6.25356E-01 1.64826E+01
6.38859E-01 8.12171E-01 9.21053E-01 9.99476E-01 1.00196E+00 1.09581E+00 1.16674E+00 9.20629E-01 8.12171E-01 6.38859E-01 1.66193E+01
6.52003E-01 8.24375E-01 9.32985E-01 1.01112E+00 1.01374E+00 1.10834E+00 1.17975E+00 9.32584E-01 8.24375E-01 6.52003E-01 1.67492E+01
6.64799E-01 8.36255E-01 9.44596E-01 1.02244E+00 1.02521E+00 1.12053E+00 1.19241E+00 9.44218E-01 8.36255E-01 6.64799E-01 1.68726E+01
6.77260E-01 8.47822E-01 9.55898E-01 1.03347E+00 1.03637E+00 1.13240E+00 1.20475E+00 9.55544E-01 8.47822E-01 6.77260E-01 1.69898E+01
6.89400E-01 8.59087E-01 9.66903E-01 1.04421E+00 1.04724E+00 1.14396E+00 1.21677E+00 9.66571E-01 8.59087E-01 6.89400E-01 1.71011E+01
7.01229E-01 8.70062E-01 9.77620E-01 1.05466E+00 1.05782E+00 1.15522E+00 1.22848E+00 9.77311E-01 8.70062E-01 7.01229E-01 1.72069E+01
7.12759E-01 8.80756E-01 9.88062E-01 1.06485E+00 1.06813E+00 1.16620E+00 1.23990E+00 9.87774E-01 8.80756E-01 7.12759E-01 1.73074E+01
7.24000E-01 8.91180E-01 9.98236E-01 1.07477E+00 1.07818E+00 1.17690E+00 1.25103E+00 9.97970E-01 8.91180E-01 7.24000E-01 1.74029E+01
7.34963E-01 9.01342E-01 1.00815E+00 1.08445E+00 1.08797E+00 1.18733E+00 1.26189E+00 1.00791E+00 9.01342E-01 7.34963E-01 1.74936E+01
7.45656E-01 9.11251E-01 1.01782E+00 1.09387E+00 1.09752E+00 1.19750E+00 1.27248E+00 1.01760E+00 9.11251E-01 7.45656E-01 1.75798E+01
7.56089E-01 9.20917E-01 1.02725E+00 1.10307E+00 1.10683E+00 1.20742E+00 1.28281E+00 1.02704E+00 9.20917E-01 7.56089E-01 1.76616E+01
7.66271E-01 9.30347E-01 1.03644E+00 1.11204E+00 1.11590E+00 1.21710E+00 1.29289E+00 1.03626E+00 9.30347E-01 7.66271E-01 1.77394E+01
7.76211E-01 9.39549E-01 1.04541E+00 1.12078E+00 1.12476E+00 1.22654E+00 1.30274E+00 1.04525E+00 9.39549E-01 7.76211E-01 1.78133E+01
0.00000E+00 0.00000E+00 7.78919E-02 1.69250E-01 1.62216E-01 2.10957E-01 2.54514E-01 7.59885E-02 0.00000E+00 0.00000E+00 2.38491E-02
0.00000E+00 0.00000E+00 1.12356E-01 2.01329E-01 1.95482E-01 2.49757E-01 2.95961E-01 1.10565E-01 0.00000E+00 0.00000E+00 1.07086E+00
0.00000E+00 2.32912E-02 1.45419E-01 2.32492E-01 2.27640E-01 2.86583E-01 3.35092E-01 1.43730E-01 2.32912E-02 0.00000E+00 2.01325E+00
0.00000E+00 5.60175E-02 1.77063E-01 2.62543E-01 2.58561E-01 3.21596E-01 3.72184E-01 1.75469E-01 5.60175E-02 0.00000E+00 2.87294E+00
0.00000E+00 8.72384E-02 2.07282E-01 2.91390E-01 2.88184E-01 3.54884E-01 4.07377E-01 2.05778E-01 8.72384E-02 0.00000E+00 3.67043E+00
0.00000E+00 1.16950E-01 2.36060E-01 3.18966E-01 3.16459E-01 3.86477E-01 4.40732E-01 2.34639E-01 1.16950E-01 0.00000E+00 4.40653E+00
0.00000E+00 1.45199E-01 2.63433E-01 3.45272E-01 3.43402E-01 4.16450E-01 4.72344E-01 2.62092E-01 1.45199E-01 0.00000E+00 5.08436E+00
0.00000E+00 1.72055E-01 2.89464E-01 3.70347E-01 3.69060E-01 4.44894E-01 5.02324E-01 2.88199E-01 1.72055E-01 0.00000E+00 5.70802E+00
1.09501E-02 1.97590E-01 3.14221E-01 3.94242E-01 3.93490E-01 4.71889E-01 5.30755E-01 3.13028E-01 1.97590E-01 1.09501E-02 6.26026E+00
3.80267E-02 2.21906E-01 3.37799E-01 4.17036E-01 4.16777E-01 4.97551E-01 5.57769E-01 3.36674E-01 2.21906E-01 3.80267E-02 6.73736E+00
6.37957E-02 2.45093E-01 3.60278E-01 4.38791E-01 4.38994E-01 5.22001E-01 5.83508E-01 3.59219E-01 2.45093E-01 6.37957E-02 7.17816E+00
8.83412E-02 2.67214E-01 3.81719E-01 4.59559E-01 4.60196E-01 5.45311E-01 6.08051E-01 3.80723E-01 2.67214E-01 8.83412E-02 7.58559E+00
1.11742E-01 2.88331E-01 4.02181E-01 4.79393E-01 4.80440E-01 5.67549E-01 6.31469E-01 4.01247E-01 2.88331E-01 1.11742E-01 7.96240E+00
1.34072E-01 3.08502E-01 4.21722E-01 4.98345E-01 4.99780E-01 5.88779E-01 6.53833E-01 4.20846E-01 3.08502E-01 1.34072E-01 8.31111E+00
1.55398E-01 3.27783E-01 4.40394E-01 5.16464E-01 5.18266E-01 6.09063E-01 6.75206E-01 4.39575E-01 3.27783E-01 1.55398E-01 8.63404E+00
1.75784E-01 3.46226E-01 4.58248E-01 5.33797E-01 5.35947E-01 6.28457E-01 6.95649E-01 4.57485E-01 3.46226E-01 1.75784E-01 8.93332E+00
1.95288E-01 3.63881E-01 4.75332E-01 5.50387E-01 5.52869E-01 6.47013E-01 7.15217E-01 4.74622E-01 3.63881E-01 1.95288E-01 9.21087E+00
2.13963E-01 3.80791E-01 4.91690E-01 5.66277E-01 5.69075E-01 6.64782E-01 7.33962E-01 4.91032E-01 3.80791E-01 2.13963E-01 9.46845E+00
2.31859E-01 3.97001E-01 5.07362E-01 5.81506E-01 5.84605E-01 6.81808E-01 7.51932E-01 5.06755E-01 3.97001E-01 2.31859E-01 9.70764E+00
2.49021E-01 4.12548E-01 5.22389E-01 5.96109E-01 5.99496E-01 6.98134E-01 7.69172E-01 5.21831E-01 4.12548E-01 2.49021E-01 9.92991E+00
2.65492E-01 4.27471E-01 5.36805E-01 6.10121E-01 6.13784E-01 7.13800E-01 7.85723E-01 5.36294E-01 4.27471E-01 2.65492E-01 1.01366E+01
2.81311E-01 4.41803E-01 5.50644E-01 6.23573E-01 6.27502E-01 7.28842E-01 8.01623E-01 5.50179E-01 4.41803E-01 2.81311E-01 1.03288E+01
2.96515E-01 4.55576E-01 5.63937E-01 6.36496E-01 6.40678E-01 7.43294E-01 8.16908E-01 5.63518E-01 4.55576E-01 2.96515E-01 1.05078E+01
3.11136E-01 4.68820E-01 5.76714E-01 6.48917E-01 6.53344E-01 7.57188E-01 8.31611E-01 5.76338E-01 4.68820E-01 3.11136E-01 1.06744E+01
3.25207E-01 4.81563E-01 5.89000E-01 6.60862E-01 6.65523E-01 7.70554E-01 8.45763E-01 5.88667E-01 4.81563E-01 3.25207E-01 1.08296E+01
3.38756E-01 4.93831E-01 6.00822E-01 6.72355E-01 6.77243E-01 7.83418E-01 8.59392E-01 6.00531E-01 4.93831E-01 3.38756E-01 1.09742E+01
3.51810E-01 5.05647E-01 6.12204E-01 6.83420E-01 6.88525E-01 7.95807E-01 8.72526E-01 6.11952E-01 5.05647E-01 3.51810E-01 1.11090E+01
3.64396E-01 5.17034E-01 6.23166E-01 6.94077E-01 6.99393E-01 8.07744E-01 8.85189E-01 6.22955E-01 5.17034E-01 3.64396E-01 1.12346E+01
3.76535E-01 5.28014E-01 6.33731E-01 7.04346E-01 7.09865E-01 8.19252E-01 8.97404E-01 6.33558E-01 5.28014E-01 3.76535E-01 1.13518E+01
3.88251E-01 5.38606E-01 6.43916E-01 7.14246E-01 7.19961E-01 8.30352E-01 9.09194E-01 6.43781E-01 5.38606E-01 3.88251E-01 1.14610E+01
3.99563E-01 5.48829E-01 6.53741E-01 7.23795E-01 7.29700E-01 8.41064E-01 9.20579E-01 6.53643E-01 5.48829E-01 3.99563E-01 1.15629E+01
4.10492E-01 5.58700E-01 6.63223E-01 7.33009E-01 7.39097E-01 8.51405E-01 9.31577E-01 6.63161E-01 5.58700E-01 4.10492E-01 1.16578E+01
4.21055E-01 5.68236E-01 6.72377E-01 7.41903E-01 7.48169E-01 8.61394E-01 9.42208E-01 6.72350E-01 5.68236E-01 4.21055E-01 1.17464E+01
4.31268E-01 5.77451E-01 6.81218E-01 7.50493E-01 7.56931E-01 8.71046E-01 9.52487E-01 6.81226E-01 5.77451E-01 4.31268E-01 1.18289E+01
4.41149E-01 5.86361E-01 6.89761E-01 7.58791E-01 7.65396E-01 8.80376E-01 9.62432E-01 6.89803E-01 5.86361E-01 4.41149E-01 1.19059E+01
4.50712E-01 5.94979E-01 6.98020E-01 7.66811E-01 7.73578E-01 8.89400E-01 9.72055E-01 6.98094E-01 5.94979E-01 4.50712E-01 1.19775E+01
4.59971E-01 6.03317E-01 7.06005E-01 7.74564E-01 7.81489E-01 8.98130E-01 9.81373E-01 7.06112E-01 6.03317E-01 4.59971E-01 1.20443E+01
4.68939E-01 6.11388E-01 7.13730E-01 7.82064E-01 7.89141E-01 9.06579E-01 9.90397E-01 7.13868E-01 6.11388E-01 4.68939E-01 1.21064E+01
4.77629E-01 6.19204E-01 7.21205E-01 7.89319E-01 7.96545E-01 9.14760E-01 9.99141E-01 7.21375E-01 6.19204E-01 4.77629E-01 1.21641E+01
4.86052E-01 6.26774E-01 7.28441E-01 7.96341E-01 8.03712E-01 9.22683E-01 1.00762E+00 7.28641E-01 6.26774E-01 4.86052E-01 1.22178E+01
4.94220E-01 6.34110E-01 7.35448E-01 8.03139E-01 8.10650E-01 9.30359E-01 1.01583E+00 7.35679E-01 6.34110E-01 4.94220E-01 1.22677E+01
5.02143E-01 6.41221E-01 7.42236E-01 8.09723E-01 8.17370E-01 9.37799E-01 1.02380E+00 7.42496E-01 6.41221E-01 5.02143E-01 1.23139E+01
5.09832E-01 6.48115E-01 7.48813E-01 8.16100E-01 8.23881E-01 9.45012E-01 1.03154E+00 7.49101E-01 6.48115E-01 5.09832E-01 1.23568E+01
5.17295E-01 6.54802E-01 7.55188E-01 8.22280E-01 8.30191E-01 9.52007E-01 1.03904E+00 7.55504E-01 6.54802E-01 5.17295E-01 1.23965E+01
5.24541E-01 6.61289E-01 7.61368E-01 8.28270E-01 8.36307E-01 9.58793E-01 1.04633E+00 7.61713E-01 6.61289E-01 5.24541E-01 1.24331E+01
5.31580E-01 6.67586E-01 7.67362E-01 8.34077E-01 8.42238E-01 9.65378E-01 1.05340E+00 7.67734E-01 6.67586E-01 5.31580E-01 1.24670E+01
5.38418E-01 6.73698E-01 7.73177E-01 8.39710E-01 8.47990E-01 9.71770E-01 1.06028E+00 7.73575E-01 6.73698E-01 5.38418E-01 1.24981E+01
5.45064E-01 6.79633E-01 7.78819E-01 8.45173E-01 8.53571E-01 9.77975E-01 1.06696E+00 7.79243E-01 6.79633E-01 5.45064E-01 1.25268E+01
5.51525E-01 6.85397E-01 7.84294E-01 8.50474E-01 8.58986E-01 9.84002E-01 1.07345E+00 7.84745E-01 6.85397E-01 5.51525E-01 1.25530E+01
5.57808E-01 6.90997E-01 7.89611E-01 8.55619E-01 8.64243E-01 9.89856E-01 1.07976E+00 7.90087E-01 6.90997E-01 5.57808E-01 1.25770E+01
0.00000E+00 0.00000E+00 7.92754E-02 1.56935E-01 1.54073E-01 2.23454E-01 2.73462E-01 7.73339E-02 0.00000E+00 0.00000E+00 5.17790E-01
0.00000E+00 0.00000E+00 1.10605E-01 1.86672E-01 1.85331E-01 2.61303E-01 3.14726E-01 1.08854E-01 0.00000E+00 0.00000E+00 1.46245E+00
0.00000E+00 2.06151E-02 1.39413E-01 2.14208E-01 2.14115E-01 2.95573E-01 3.51961E-01 1.37831E-01 2.06151E-02 0.00000E+00 2.26205E+00
0.00000E+00 4.87918E-02 1.66087E-01 2.39812E-01 2.40785E-01 3.27003E-01 3.86052E-01 1.64658E-01 4.87918E-02 0.00000E+00 2.95756E+00
0.00000E+00 7.49440E-02 1.90863E-01 2.63663E-01 2.65571E-01 3.56010E-01 4.17491E-01 1.89575E-01 7.49440E-02 0.00000E+00 3.57843E+00
0.00000E+00 9.92591E-02 2.13908E-01 2.85893E-01 2.88630E-01 3.82858E-01 4.46579E-01 2.12752E-01 9.92591E-02 0.00000E+00 4.13262E+00
0.00000E+00 1.21914E-01 2.35383E-01 3.06640E-01 3.10120E-01 4.07779E-01 4.73579E-01 2.34349E-01 1.21914E-01 0.00000E+00 4.62787E+00
0.00000E+00 1.43067E-01 2.55433E-01 3.26034E-01 3.30186E-01 4.30977E-01 4.98715E-01 2.54513E-01 1.43067E-01 0.00000E+00 5.07125E+00
8.65933E-03 1.62869E-01 2.74202E-01 3.44208E-01 3.48967E-01 4.52619E-01 5.22163E-01 2.73390E-01 1.62869E-01 8.65933E-03 5.45173E+00
2.98683E-02 1.81461E-01 2.91822E-01 3.61284E-01 3.66596E-01 4.72878E-01 5.44114E-01 2.91111E-01 1.81461E-01 2.98683E-02 5.76869E+00
4.97927E-02 1.98942E-01 3.08377E-01 3.77333E-01 3.83157E-01 4.91896E-01 5.64741E-01 3.07762E-01 1.98942E-01 4.97927E-02 6.05464E+00
6.85430E-02 2.15402E-01 3.23953E-01 3.92435E-01 3.98736E-01 5.09779E-01 5.84156E-01 3.23430E-01 2.15402E-01 6.85430E-02 6.31289E+00
8.62173E-02 2.30923E-01 3.38627E-01 4.06664E-01 4.13409E-01 5.26619E-01 6.02460E-01 3.38191E-01 2.30923E-01 8.62173E-02 6.54636E+00
1.02903E-01 2.45578E-01 3.52469E-01 4.20087E-01 4.27248E-01 5.42501E-01 6.19741E-01 3.52117E-01 2.45578E-01 1.02903E-01 6.75764E+00
1.18679E-01 2.59432E-01 3.65542E-01 4.32764E-01 4.40315E-01 5.57499E-01 6.36081E-01 3.65271E-01 2.59432E-01 1.18679E-01 6.94900E+00
1.33615E-01 2.72545E-01 3.77904E-01 4.44749E-01 4.52667E-01 5.71682E-01 6.51551E-01 3.77711E-01 2.72545E-01 1.33615E-01 7.12245E+00
1.47775E-01 2.84972E-01 3.89606E-01 4.56093E-01 4.64357E-01 5.85109E-01 6.66216E-01 3.89487E-01 2.84972E-01 1.47775E-01 7.27975E+00
1.61214E-01 2.96761E-01 4.00696E-01 4.66841E-01 4.75432E-01 5.97836E-01 6.80134E-01 4.00649E-01 2.96761E-01 1.61214E-01 7.42248E+00
1.73984E-01 3.07957E-01 4.11216E-01 4.77034E-01 4.85934E-01 6.09912E-01 6.93358E-01 4.11238E-01 3.07957E-01 1.73984E-01 7.55202E+00
1.86133E-01 3.18600E-01 4.21204E-01 4.86709E-01 4.95903E-01 6.21383E-01 7.05937E-01 4.21293E-01 3.18600E-01 1.86133E-01 7.66963E+00
1.97702E-01 3.28727E-01 4.30698E-01 4.95902E-01 5.05374E-01 6.32289E-01 7.17913E-01 4.30850E-01 3.28727E-01 1.97702E-01 7.77639E+00
2.08729E-01 3.38371E-01 4.39728E-01 5.04643E-01 5.14379E-01 6.42668E-01 7.29326E-01 4.39943E-01 3.38371E-01 2.08729E-01 7.87330E+00
2.19250E-01 3.47564E-01 4.48324E-01 5.12961E-01 5.22949E-01 6.52554E-01 7.40213E-01 4.48600E-01 3.47564E-01 2.19250E-01 7.96123E+00
2.29298E-01 3.56334E-01 4.56515E-01 5.20882E-01 5.31111E-01 6.61978E-01 7.50607E-01 4.56848E-01 3.56334E-01 2.29298E-01 8.04097E+00
2.38900E-01 3.64707E-01 4.64324E-01 5.28431E-01 5.38890E-01 6.70969E-01 7.60539E-01 4.64714E-01 3.64707E-01 2.38900E-01 8.11323E+00
2.48085E-01 3.72706E-01 4.71775E-01 5.35631E-01 5.46309E-01 6.79553E-01 7.70035E-01 4.72220E-01 3.72706E-01 2.48085E-01 8.17865E+00
2.56877E-01 3.80354E-01 4.78889E-01 5.42502E-01 5.53390E-01 6.87755E-01 7.79123E-01 4.79387E-01 3.80354E-01 2.56877E-01 8.23780E+00
2.65300E-01 3.87671E-01 4.85686E-01 5.49063E-01 5.60152E-01 6.95597E-01 7.87825E-01 4.86236E-01 3.87671E-01 2.65300E-01 8.29120E+00
2.73374E-01 3.94676E-01 4.92184E-01 5.55331E-01 5.66613E-01 7.03100E-01 7.96164E-01 4.92784E-01 3.94676E-01 2.73374E-01 8.33932E+00
2.81119E-01 4.01387E-01 4.98399E-01 5.61324E-01 5.72791E-01 7.10282E-01 8.04160E-01 4.99048E-01 4.01387E-01 2.81119E-01 8.38258E+00
2.88553E-01 4.07819E-01 5.04348E-01 5.67056E-01 5.78700E-01 7.17162E-01 8.11832E-01 5.05044E-01 4.07819E-01 2.88553E-01 8.42137E+00
2.95693E-01 4.13987E-01 5.10045E-01 5.72541E-01 5.84357E-01 7.23755E-01 8.19196E-01 5.10787E-01 4.13987E-01 2.95693E-01 8.45605E+00
3.02554E-01 4.19906E-01 5.15503E-01 5.77794E-01 5.89773E-01 7.30078E-01 8.26271E-01 5.16289E-01 4.19906E-01 3.02554E-01 8.48692E+00
3.09152E-01 4.25589E-01 5.20734E-01 5.82825E-01 5.94962E-01 7.36144E-01 8.33070E-01 5.21565E-01 4.25589E-01 3.09152E-01 8.51429E+00
3.15499E-01 4.31047E-01 5.25751E-01 5.87646E-01 5.99936E-01 7.41967E-01 8.39607E-01 5.26624E-01 4.31047E-01 3.15499E-01 8.53842E+00
3.21609E-01 4.36292E-01 5.30564E-01 5.92268E-01 6.04705E-01 7.47558E-01 8.45896E-01 5.31479E-01 4.36292E-01 3.21609E-01 8.55955E+00
3.27493E-01 4.41335E-01 5.35184E-01 5.96702E-01 6.09280E-01 7.52931E-01 8.51949E-01 5.36140E-01 4.41335E-01 3.27493E-01 8.57790E+00
3.33161E-01 4.46185E-01 5.39620E-01 6.00955E-01 6.13671E-01 7.58094E-01 8.57778E-01 5.40615E-01 4.46185E-01 3.33161E-01 8.59369E+00
3.38626E-01 4.50852E-01 5.43881E-01 6.05038E-01 6.17886E-01 7.63059E-01 8.63393E-01 5.44915E-01 4.50852E-01 3.38626E-01 8.60709E+00
3.43895E-01 4.55345E-01 5.47976E-01 6.08958E-01 6.21933E-01 7.67835E-01 8.68805E-01 5.49047E-01 4.55345E-01 3.43895E-01 8.61828E+00
3.48979E-01 4.59671E-01 5.51912E-01 6.12722E-01 6.25822E-01 7.72431E-01 8.74022E-01 5.53020E-01 4.59671E-01 3.48979E-01 8.62742E+00
3.53886E-01 4.63838E-01 5.55697E-01 6.16339E-01 6.29558E-01 7.76855E-01 8.79054E-01 5.56841E-01 4.63838E-01 3.53886E-01 8.63466E+00
3.58624E-01 4.67855E-01 5.59337E-01 6.19815E-01 6.33150E-01 7.81115E-01 8.83908E-01 5.60516E-01 4.67855E-01 3.58624E-01 8.64012E+00
3.63200E-01 4.71726E-01 5.62840E-01 6.23157E-01 6.36603E-01 7.85219E-01 8.88594E-01 5.64054E-01 4.71726E-01 3.63200E-01 8.64395E+00
3.67621E-01 4.75460E-01 5.66211E-01 6.26370E-01 6.39924E-01 7.89173E-01 8.93118E-01 5.67458E-01 4.75460E-01 3.67621E-01 8.64624E+00
3.71895E-01 4.79061E-01 5.69456E-01 6.29460E-01 6.43120E-01 7.92984E-01 8.97488E-01 5.70737E-01 4.79061E-01 3.71895E-01 8.64710E+00
3.76027E-01 4.82536E-01 5.72581E-01 6.32432E-01 6.46194E-01 7.96659E-01 9.01709E-01 5.73894E-01 4.82536E-01 3.76027E-01 8.64665E+00
3.80024E-01 4.85889E-01 5.75591E-01 6.35292E-01 6.49153E-01 8.00202E-01 9.05789E-01 5.76936E-01 4.85889E-01 3.80024E-01 8.64495E+00
3.83892E-01 4.89127E-01 5.78491E-01 6.38045E-01 6.52002E-01 8.03620E-01 9.09733E-01 5.79866E-01 4.89127E-01 3.83892E-01 8.64211E+00
3.87634E-01 4.92254E-01 5.81285E-01 6.40695E-01 6.54744E-01 8.06918E-01 9.13546E-01 5.82691E-01 4.92254E-01 3.87634E-01 8.63820E+00
0.00000E+00 0.00000E+00 7.95486E-02 1.52324E-01 1.52703E-01 2.35025E-01 2.88671E-01 7.76453E-02 0.00000E+00 0.00000E+00 7.87637E-01
0.00000E+00 0.00000E+00 1.08923E-01 1.80435E-01 1.82448E-01 2.71844E-01 3.29451E-01 1.07266E-01 0.00000E+00 0.00000E+00 1.66021E+00
0.00000E+00 1.91435E-02 1.35358E-01 2.05852E-01 2.09186E-01 3.04430E-01 3.65460E-01 1.33916E-01 1.91435E-02 0.00000E+00 2.37571E+00
0.00000E+00 4.49403E-02 1.59415E-01 2.29045E-01 2.33497E-01 3.33781E-01 3.97871E-01 1.58166E-01 4.49403E-02 0.00000E+00 2.98253E+00
0.00000E+00 6.85434E-02 1.81435E-01 2.50311E-01 2.55732E-01 3.60461E-01 4.27337E-01 1.80362E-01 6.85434E-02 0.00000E+00 3.51321E+00
0.00000E+00 9.02213E-02 2.01658E-01 2.69865E-01 2.76137E-01 3.84835E-01 4.54269E-01 2.00747E-01 9.02213E-02 0.00000E+00 3.97828E+00
0.00000E+00 1.10203E-01 2.20294E-01 2.87898E-01 2.94926E-01 4.07202E-01 4.79000E-01 2.19533E-01 1.10203E-01 0.00000E+00 4.38699E+00
0.00000E+00 1.28683E-01 2.37519E-01 3.04576E-01 3.12282E-01 4.27809E-01 5.01806E-01 2.36898E-01 1.28683E-01 0.00000E+00 4.74720E+00
7.59587E-03 1.45836E-01 2.53504E-01 3.20060E-01 3.28374E-01 4.46856E-01 5.22895E-01 2.53013E-01 1.45836E-01 7.59587E-03 5.05033E+00
2.61076E-02 1.61818E-01 2.68391E-01 3.34486E-01 3.43348E-01 4.64536E-01 5.42482E-01 2.68021E-01 1.61818E-01 2.61076E-02 5.29676E+00
4.33799E-02 1.76733E-01 2.82265E-01 3.47926E-01 3.57294E-01 4.80999E-01 5.60753E-01 2.82009E-01 1.76733E-01 4.33799E-02 5.51576E+00
5.95311E-02 1.90677E-01 2.95217E-01 3.60471E-01 3.70306E-01 4.96362E-01 5.77834E-01 2.95070E-01 1.90677E-01 5.95311E-02 5.71059E+00
7.46646E-02 2.03738E-01 3.07331E-01 3.72200E-01 3.82467E-01 5.10726E-01 5.93834E-01 3.07287E-01 2.03738E-01 7.46646E-02 5.88408E+00
8.88711E-02 2.15991E-01 3.18679E-01 3.83182E-01 3.93851E-01 5.24180E-01 6.08848E-01 3.18734E-01 2.15991E-01 8.88711E-02 6.03868E+00
1.02231E-01 2.27505E-01 3.29324E-01 3.93479E-01 4.04523E-01 5.36802E-01 6.22963E-01 3.29473E-01 2.27505E-01 1.02231E-01 6.17652E+00
1.14815E-01 2.38341E-01 3.39326E-01 4.03149E-01 4.14543E-01 5.48663E-01 6.36252E-01 3.39565E-01 2.38341E-01 1.14815E-01 6.29945E+00
1.26686E-01 2.48552E-01 3.48735E-01 4.12240E-01 4.23962E-01 5.59823E-01 6.48783E-01 3.49060E-01 2.48552E-01 1.26686E-01 6.40907E+00
1.37900E-01 2.58187E-01 3.57597E-01 4.20797E-01 4.32827E-01 5.70340E-01 6.60616E-01 3.58005E-01 2.58187E-01 1.37900E-01 6.50681E+00
1.48509E-01 2.67290E-01 3.65954E-01 4.28861E-01 4.41181E-01 5.80262E-01 6.71803E-01 3.66442E-01 2.67290E-01 1.48509E-01 6.59389E+00
1.58557E-01 2.75899E-01 3.73844E-01 4.36469E-01 4.49062E-01 5.89633E-01 6.82394E-01 3.74408E-01 2.75899E-01 1.58557E-01 6.67141E+00
1.68085E-01 2.84052E-01 3.81300E-01 4.43652E-01 4.56504E-01 5.98495E-01 6.92430E-01 3.81937E-01 2.84052E-01 1.68085E-01 6.74032E+00
1.77131E-01 2.91779E-01 3.88353E-01 4.50442E-01 4.63538E-01 6.06884E-01 7.01952E-01 3.89061E-01 2.91779E-01 1.77131E-01 6.80149E+00
1.85727E-01 2.99109E-01 3.95031E-01 4.56865E-01 4.70192E-01 6.14833E-01 7.10995E-01 3.95807E-01 2.99109E-01 1.85727E-01 6.85565E+00
1.93904E-01 3.06071E-01 4.01359E-01 4.62947E-01 4.76492E-01 6.22371E-01 7.19592E-01 4.02201E-01 3.06071E-01 1.93904E-01 6.90348E+00
2.01691E-01 3.12687E-01 4.07361E-01 4.68709E-01 4.82463E-01 6.29527E-01 7.27771E-01 4.08266E-01 3.12687E-01 2.01691E-01 6.94558E+00
2.09111E-01 3.18981E-01 4.13057E-01 4.74173E-01 4.88124E-01 6.36324E-01 7.35560E-01 4.14024E-01 3.18981E-01 2.09111E-01 6.98247E+00
2.16189E-01 3.24972E-01 4.18468E-01 4.79357E-01 4.93497E-01 6.42787E-01 7.42983E-01 4.19494E-01 3.24972E-01 2.16189E-01 7.01464E+00
2.22945E-01 3.30680E-01 4.23610E-01 4.84280E-01 4.98599E-01 6.48936E-01 7.50063E-01 4.24694E-01 3.30680E-01 2.22945E-01 7.04251E+00
2.29399E-01 3.36121E-01 4.28501E-01 4.88956E-01 5.03447E-01 6.54789E-01 7.56821E-01 4.29641E-01 3.36121E-01 2.29399E-01 7.06646E+00
2.35570E-01 3.41312E-01 4.33156E-01 4.93402E-01 5.08056E-01 6.60366E-01 7.63276E-01 4.34349E-01 3.41312E-01 2.35570E-01 7.08685E+00
2.41473E-01 3.46267E-01 4.37588E-01 4.97630E-01 5.12440E-01 6.65682E-01 7.69445E-01 4.38833E-01 3.46267E-01 2.41473E-01 7.10397E+00
2.47124E-01 3.50999E-01 4.41810E-01 5.01653E-01 5.16612E-01 6.70753E-01 7.75344E-01 4.43107E-01 3.50999E-01 2.47124E-01 7.11812E+00
2.52538E-01 3.55522E-01 4.45835E-01 5.05483E-01 5.20585E-01 6.75592E-01 7.80990E-01 4.47181E-01 3.55522E-01 2.52538E-01 7.12954E+00
2.57727E-01 3.59846E-01 4.49673E-01 5.09131E-01 5.24370E-01 6.80213E-01 7.86396E-01 4.51067E-01 3.59846E-01 2.57727E-01 7.13848E+00
2.62703E-01 3.63983E-01 4.53335E-01 5.12607E-01 5.27977E-01 6.84626E-01 7.91574E-01 4.54775E-01 3.63983E-01 2.62703E-01 7.14513E+00
2.67478E-01 3.67943E-01 4.56831E-01 5.15920E-01 5.31416E-01 6.88845E-01 7.96537E-01 4.58316E-01 3.67943E-01 2.67478E-01 7.14969E+00
2.72063E-01 3.71735E-01 4.60168E-01 5.19079E-01 5.34696E-01 6.92878E-01 8.01297E-01 4.61698E-01 3.71735E-01 2.72063E-01 7.15233E+00
2.76467E-01 3.75367E-01 4.63357E-01 5.22093E-01 5.37826E-01 6.96736E-01 8.05863E-01 4.64929E-01 3.75367E-01 2.76467E-01 7.15321E+00
2.80699E-01 3.78849E-01 4.66403E-01 5.24968E-01 5.40812E-01 7.00428E-01 8.10245E-01 4.68017E-01 3.78849E-01 2.80699E-01 7.15248E+00
2.84768E-01 3.82187E-01 4.69315E-01 5.27711E-01 5.43663E-01 7.03962E-01 8.14453E-01 4.70970E-01 3.82187E-01 2.84768E-01 7.15025E+00
2.88682E-01 3.85389E-01 4.72100E-01 5.30331E-01 5.46385E-01 7.07346E-01 8.18495E-01 4.73794E-01 3.85389E-01 2.88682E-01 7.14667E+00
2.92449E-01 3.88461E-01 4.74763E-01 5.32831E-01 5.48985E-01 7.10588E-01 8.22380E-01 4.76496E-01 3.88461E-01 2.92449E-01 7.14183E+00
2.96076E-01 3.91410E-01 4.77310E-01 5.35220E-01 5.51469E-01 7.13693E-01 8.26113E-01 4.79081E-01 3.91410E-01 2.96076E-01 7.13584E+00
2.99568E-01 3.94242E-01 4.79748E-01 5.37501E-01 5.53843E-01 7.16670E-01 8.29704E-01 4.81556E-01 3.94242E-01 2.99568E-01 7.12879E+00
3.02933E-01 3.96961E-01 4.82082E-01 5.39680E-01 5.56111E-01 7.19524E-01 8.33158E-01 4.83925E-01 3.96961E-01 3.02933E-01 7.12076E+00
3.06176E-01 3.99574E-01 4.84315E-01 5.41763E-01 5.58279E-01 7.22260E-01 8.36481E-01 4.86194E-01 3.99574E-01 3.06176E-01 7.11184E+00
3.09303E-01 4.02084E-01 4.86454E-01 5.43753E-01 5.60351E-01 7.24885E-01 8.39680E-01 4.88367E-01 4.02084E-01 3.09303E-01 7.10210E+00
3.12319E-01 4.04498E-01 4.88502E-01 5.45654E-01 5.62332E-01 7.27402E-01 8.42760E-01 4.90448E-01 4.04498E-01 3.12319E-01 7.09160E+00
3.15229E-01 4.06818E-01 4.90464E-01 5.47471E-01 5.64227E-01 7.29818E-01 8.45726E-01 4.92442E-01 4.06818E-01 3.15229E-01 7.08040E+00
3.18037E-01 4.09050E-01 4.92342E-01 5.49208E-01 5.66038E-01 7.32136E-01 8.48583E-01 4.94353E-01 4.09050E-01 3.18037E-01 7.06857E+00
0.00000E+00 0.00000E+00 7.94328E-02 1.48641E-01 1.53118E-01 2.50379E-01 3.08260E-01 7.76504E-02 0.00000E+00 0.00000E+00 1.05975E+00
0.00000E+00 0.00000E+00 1.06544E-01 1.74748E-01 1.80899E-01 2.85652E-01 3.48176E-01 1.05078E-01 0.00000E+00 0.00000E+00 1.84585E+00
0.00000E+00 1.75649E-02 1.30419E-01 1.97799E-01 2.05284E-01 3.16178E-01 3.82689E-01 1.29224E-01 1.75649E-02 0.00000E+00 2.46948E+00
0.00000E+00 4.08989E-02 1.51766E-01 2.18434E-01 2.27032E-01 3.43181E-01 4.13236E-01 1.50811E-01 4.08989E-02 0.00000E+00 2.98435E+00
0.00000E+00 6.19398E-02 1.71007E-01 2.37045E-01 2.46596E-01 3.67352E-01 4.40616E-01 1.70270E-01 6.19398E-02 0.00000E+00 3.42484E+00
0.00000E+00 8.10235E-02 1.88446E-01 2.53915E-01 2.64294E-01 3.89139E-01 4.65335E-01 1.87906E-01 8.10235E-02 0.00000E+00 3.80324E+00
0.00000E+00 9.84201E-02 2.04327E-01 2.69278E-01 2.80384E-01 4.08893E-01 4.87789E-01 2.03969E-01 9.84201E-02 0.00000E+00 4.12962E+00
0.00000E+00 1.14350E-01 2.18851E-01 2.83324E-01 2.95076E-01 4.26897E-01 5.08292E-01 2.18660E-01 1.14350E-01 0.00000E+00 4.41220E+00
6.58579E-03 1.29006E-01 2.32203E-01 2.96234E-01 3.08559E-01 4.43375E-01 5.27082E-01 2.32166E-01 1.29006E-01 6.58579E-03 4.64436E+00
2.25542E-02 1.42554E-01 2.44531E-01 3.08151E-01 3.20988E-01 4.58531E-01 5.44388E-01 2.44637E-01 1.42554E-01 2.25542E-02 4.82712E+00
3.73497E-02 1.55095E-01 2.55918E-01 3.19148E-01 3.32453E-01 4.72521E-01 5.60410E-01 2.56159E-01 1.55095E-01 3.73497E-02 4.98647E+00
5.10943E-02 1.66734E-01 2.66459E-01 3.29319E-01 3.43053E-01 4.85469E-01 5.75282E-01 2.66828E-01 1.66734E-01 5.10943E-02 5.12549E+00
6.38935E-02 1.77558E-01 2.76239E-01 3.38746E-01 3.52872E-01 4.97479E-01 5.89117E-01 2.76728E-01 1.77558E-01 6.38935E-02 5.24678E+00
7.58387E-02 1.87645E-01 2.85329E-01 3.47498E-01 3.61987E-01 5.08642E-01 6.02018E-01 2.85932E-01 1.87645E-01 7.58387E-02 5.35260E+00
8.70094E-02 1.97062E-01 2.93793E-01 3.55639E-01 3.70462E-01 5.19039E-01 6.14069E-01 2.94504E-01 1.97062E-01 8.70094E-02 5.44483E+00
9.74756E-02 2.05869E-01 3.01688E-01 3.63221E-01 3.78355E-01 5.28738E-01 6.25349E-01 3.02501E-01 2.05869E-01 9.74756E-02 5.52513E+00
1.07299E-01 2.14119E-01 3.09061E-01 3.70295E-01 3.85717E-01 5.37802E-01 6.35924E-01 3.09972E-01 2.14119E-01 1.07299E-01 5.59490E+00
1.16533E-01 2.21859E-01 3.15959E-01 3.76903E-01 3.92594E-01 5.46285E-01 6.45855E-01 3.16963E-01 2.21859E-01 1.16533E-01 5.65535E+00
1.25228E-01 2.29130E-01 3.22418E-01 3.83083E-01 3.99024E-01 5.54235E-01 6.55192E-01 3.23512E-01 2.29130E-01 1.25228E-01 5.70756E+00
1.33425E-01 2.35969E-01 3.28476E-01 3.88869E-01 4.05045E-01 5.61696E-01 6.63985E-01 3.29655E-01 2.35969E-01 1.33425E-01 5.75244E+00
1.41164E-01 2.42410E-01 3.34163E-01 3.94294E-01 4.10689E-01 5.68705E-01 6.72276E-01 3.35424E-01 2.42410E-01 1.41164E-01 5.79079E+00
1.48480E-01 2.48483E-01 3.39507E-01 3.99383E-01 4.15983E-01 5.75297E-01 6.80101E-01 3.40847E-01 2.48483E-01 1.48480E-01 5.82332E+00
1.55403E-01 2.54215E-01 3.44534E-01 4.04162E-01 4.20956E-01 5.81505E-01 6.87496E-01 3.45949E-01 2.54215E-01 1.55403E-01 5.85065E+00
1.61961E-01 2.59630E-01 3.49267E-01 4.08654E-01 4.25630E-01 5.87354E-01 6.94491E-01 3.50754E-01 2.59630E-01 1.61961E-01 5.87333E+00
1.68182E-01 2.64752E-01 3.53727E-01 4.12878E-01 4.30026E-01 5.92873E-01 7.01115E-01 3.55284E-01 2.64752E-01 1.68182E-01 5.89184E+00
1.74086E-01 2.69599E-01 3.57933E-01 4.16855E-01 4.34164E-01 5.98082E-01 7.07393E-01 3.59557E-01 2.69599E-01 1.74086E-01 5.90661E+00
1.79697E-01 2.74191E-01 3.61902E-01 4.20601E-01 4.38063E-01 6.03004E-01 7.13347E-01 3.63591E-01 2.74191E-01 1.79697E-01 5.91800E+00
1.85033E-01 2.78545E-01 3.65650E-01 4.24131E-01 4.41737E-01 6.07658E-01 7.19000E-01 3.67401E-01 2.78545E-01 1.85033E-01 5.92637E+00
1.90111E-01 2.82675E-01 3.69192E-01 4.27460E-01 4.45202E-01 6.12061E-01 7.24370E-01 3.71003E-01 2.82675E-01 1.90111E-01 5.93202E+00
1.94949E-01 2.86596E-01 3.72540E-01 4.30600E-01 4.48471E-01 6.16230E-01 7.29476E-01 3.74410E-01 2.86596E-01 1.94949E-01 5.93520E+00
1.99560E-01 2.90321E-01 3.75708E-01 4.33563E-01 4.51557E-01 6.20178E-01 7.34333E-01 3.77634E-01 2.90321E-01 1.99560E-01 5.93617E+00
2.03959E-01 2.93863E-01 3.78706E-01 4.36362E-01 4.54472E-01 6.23921E-01 7.38957E-01 3.80686E-01 2.93863E-01 2.03959E-01 5.93513E+00
2.08159E-01 2.97231E-01 3.81545E-01 4.39005E-01 4.57225E-01 6.27469E-01 7.43361E-01 3.83577E-01 2.97231E-01 2.08159E-01 5.93229E+00
2.12169E-01 3.00436E-01 3.84234E-01 4.41502E-01 4.59826E-01 6.30835E-01 7.47558E-01 3.86317E-01 3.00436E-01 2.12169E-01 5.92780E+00
2.16003E-01 3.03488E-01 3.86782E-01 4.43862E-01 4.62286E-01 6.34030E-01 7.51561E-01 3.88914E-01 3.03488E-01 2.16003E-01 5.92185E+00
2.19669E-01 3.06395E-01 3.89197E-01 4.46092E-01 4.64611E-01 6.37063E-01 7.55379E-01 3.91377E-01 3.06395E-01 2.19669E-01 5.91455E+00
2.23177E-01 3.09166E-01 3.91486E-01 4.48201E-01 4.66810E-01 6.39944E-01 7.59023E-01 3.93713E-01 3.09166E-01 2.23177E-01 5.90605E+00
2.26535E-01 3.11808E-01 3.93658E-01 4.50195E-01 4.68889E-01 6.42681E-01 7.62503E-01 3.95930E-01 3.11808E-01 2.26535E-01 5.89645E+00
2.29752E-01 3.14327E-01 3.95718E-01 4.52081E-01 4.70857E-01 6.45281E-01 7.65827E-01 3.98033E-01 3.14327E-01 2.29752E-01 5.88587E+00
2.32835E-01 3.16731E-01 3.97673E-01 4.53864E-01 4.72717E-01 6.47753E-01 7.69004E-01 4.00030E-01 3.16731E-01 2.32835E-01 5.87439E+00
2.35790E-01 3.19026E-01 3.99528E-01 4.55550E-01 4.74477E-01 6.50103E-01 7.72041E-01 4.01926E-01 3.19026E-01 2.35790E-01 5.86211E+00
2.38625E-01 3.21217E-01 4.01288E-01 4.57144E-01 4.76142E-01 6.52338E-01 7.74945E-01 4.03726E-01 3.21217E-01 2.38625E-01 5.84910E+00
2.41345E-01 3.23310E-01 4.02959E-01 4.58652E-01 4.77717E-01 6.54463E-01 7.77723E-01 4.05436E-01 3.23310E-01 2.41345E-01 5.83544E+00
2.43956E-01 3.25309E-01 4.04544E-01 4.60077E-01 4.79207E-01 6.56484E-01 7.80382E-01 4.07060E-01 3.25309E-01 2.43956E-01 5.82118E+00
2.46464E-01 3.27219E-01 4.06049E-01 4.61424E-01 4.80615E-01 6.58406E-01 7.82926E-01 4.08601E-01 3.27219E-01 2.46464E-01 5.80640E+00
2.48873E-01 3.29045E-01 4.07478E-01 4.62697E-01 4.81947E-01 6.60235E-01 7.85362E-01 4.10066E-01 3.29045E-01 2.48873E-01 5.79114E+00
2.51188E-01 3.30791E-01 4.08834E-01 4.63899E-01 4.83205E-01 6.61975E-01 7.87694E-01 4.11457E-01 3.30791E-01 2.51188E-01 5.77545E+00
2.53413E-01 3.32460E-01 4.10120E-01 4.65035E-01 4.84394E-01 6.63629E-01 7.89928E-01 4.12777E-01 3.32460E-01 2.53413E-01 5.75938E+00
2.55553E-01 3.34056E-01 4.11341E-01 4.66107E-01 4.85517E-01 6.65203E-01 7.92068E-01 4.14031E-01 3.34056E-01 2.55553E-01 5.74297E+00
2.57611E-01 3.35582E-01 4.12499E-01 4.67118E-01 4.86578E-01 6.66700E-01 7.94118E-01 4.15222E-01 3.35582E-01 2.57611E-01 5.72626E+00
0.00000E+00 0.00000E+00 7.88050E-02 1.45714E-01 1.55119E-01 2.69493E-01 3.32644E-01 7.72881E-02 0.00000E+00 0.00000E+00 1.31918E+00
0.00000E+00 0.00000E+00 1.03324E-01 1.69396E-01 1.80415E-01 3.02590E-01 3.71218E-01 1.02207E-01 0.00000E+00 0.00000E+00 2.00555E+00
0.00000E+00 1.58759E-02 1.24454E-01 1.89817E-01 2.02098E-01 3.30610E-01 4.03899E-01 1.23674E-01 1.58759E-02 0.00000E+00 2.53119E+00
0.00000E+00 3.66684E-02 1.43008E-01 2.07744E-01 2.21059E-01 3.54949E-01 4.32350E-01 1.42523E-01 3.66684E-02 0.00000E+00 2.95262E+00
0.00000E+00 5.51449E-02 1.59470E-01 2.23637E-01 2.37825E-01 3.76392E-01 4.57494E-01 1.59247E-01 5.51449E-02 0.00000E+00 3.30459E+00
0.00000E+00 7.16905E-02 1.74182E-01 2.37827E-01 2.52762E-01 3.95451E-01 4.79914E-01 1.74197E-01 7.16905E-02 0.00000E+00 3.60020E+00
0.00000E+00 8.66034E-02 1.87414E-01 2.50575E-01 2.66156E-01 4.12515E-01 5.00054E-01 1.87644E-01 8.66034E-02 0.00000E+00 3.84971E+00
0.00000E+00 1.00120E-01 1.99377E-01 2.62085E-01 2.78233E-01 4.27886E-01 5.18259E-01 1.99803E-01 1.00120E-01 0.00000E+00 4.06118E+00
5.63083E-03 1.12443E-01 2.10264E-01 2.72548E-01 2.89191E-01 4.41805E-01 5.34786E-01 2.10870E-01 1.12443E-01 5.63083E-03 4.22952E+00
1.92133E-02 1.23738E-01 2.20223E-01 2.82107E-01 2.99188E-01 4.54479E-01 5.49875E-01 2.20994E-01 1.23738E-01 1.92133E-02 4.35605E+00
3.17088E-02 1.34109E-01 2.29331E-01 2.90834E-01 3.08308E-01 4.66066E-01 5.63731E-01 2.30257E-01 1.34109E-01 3.17088E-02 4.46346E+00
4.32394E-02 1.43658E-01 2.37685E-01 2.98821E-01 3.16650E-01 4.76688E-01 5.76494E-01 2.38756E-01 1.43658E-01 4.32394E-02 4.55451E+00
5.39090E-02 1.52472E-01 2.45364E-01 3.06148E-01 3.24300E-01 4.86451E-01 5.88282E-01 2.46571E-01 1.52472E-01 5.39090E-02 4.63151E+00
6.38070E-02 1.60627E-01 2.52440E-01 3.12884E-01 3.31328E-01 4.95446E-01 5.99194E-01 2.53774E-01 1.60627E-01 6.38070E-02 4.69640E+00
7.30103E-02 1.68188E-01 2.58971E-01 3.19088E-01 3.37799E-01 5.03751E-01 6.09320E-01 2.60426E-01 1.68188E-01 7.30103E-02 4.75082E+00
8.15858E-02 1.75213E-01 2.65011E-01 3.24811E-01 3.43767E-01 5.11433E-01 6.18734E-01 2.66580E-01 1.75213E-01 8.15858E-02 4.79614E+00
8.95921E-02 1.81750E-01 2.70606E-01 3.30099E-01 3.49279E-01 5.18552E-01 6.27504E-01 2.72283E-01 1.81750E-01 8.95921E-02 4.83356E+00
9.70804E-02 1.87844E-01 2.75796E-01 3.34992E-01 3.54378E-01 5.25159E-01 6.35686E-01 2.77576E-01 1.87844E-01 9.70804E-02 4.86407E+00
1.04096E-01 1.93534E-01 2.80618E-01 3.39525E-01 3.59100E-01 5.31300E-01 6.43332E-01 2.82494E-01 1.93534E-01 1.04096E-01 4.88854E+00
1.10679E-01 1.98854E-01 2.85102E-01 3.43729E-01 3.63478E-01 5.37016E-01 6.50488E-01 2.87072E-01 1.98854E-01 1.10679E-01 4.90771E+00
1.16865E-01 2.03835E-01 2.89278E-01 3.47632E-01 3.67542E-01 5.42342E-01 6.57194E-01 2.91336E-01 2.03835E-01 1.16865E-01 4.92224E+00
1.22686E-01 2.08503E-01 2.93171E-01 3.51258E-01 3.71318E-01 5.47310E-01 6.63486E-01 2.95313E-01 2.08503E-01 1.22686E-01 4.93267E+00
1.28170E-01 2.12884E-01 2.96803E-01 3.54631E-01 3.74828E-01 5.51949E-01 6.69397E-01 2.99025E-01 2.12884E-01 1.28170E-01 4.93949E+00
1.33343E-01 2.16999E-01 3.00194E-01 3.57769E-01 3.78094E-01 5.56284E-01 6.74955E-01 3.02493E-01 2.16999E-01 1.33343E-01 4.94313E+00
1.38229E-01 2.20869E-01 3.03363E-01 3.60691E-01 3.81135E-01 5.60339E-01 6.80187E-01 3.05736E-01 2.20869E-01 1.38229E-01 4.94395E+00
1.42847E-01 2.24511E-01 3.06327E-01 3.63413E-01 3.83967E-01 5.64135E-01 6.85116E-01 3.08770E-01 2.24511E-01 1.42847E-01 4.94229E+00
1.47218E-01 2.27941E-01 3.09101E-01 3.65950E-01 3.86606E-01 5.67691E-01 6.89764E-01 3.11611E-01 2.27941E-01 1.47218E-01 4.93843E+00
1.51357E-01 2.31176E-01 3.11697E-01 3.68316E-01 3.89067E-01 5.71023E-01 6.94151E-01 3.14272E-01 2.31176E-01 1.51357E-01 4.93262E+00
1.55282E-01 2.34227E-01 3.14129E-01 3.70521E-01 3.91361E-01 5.74147E-01 6.98293E-01 3.16767E-01 2.34227E-01 1.55282E-01 4.92508E+00
1.59005E-01 2.37107E-01 3.16408E-01 3.72579E-01 3.93500E-01 5.77078E-01 7.02207E-01 3.19105E-01 2.37107E-01 1.59005E-01 4.91601E+00
1.62540E-01 2.39828E-01 3.18544E-01 3.74498E-01 3.95496E-01 5.79829E-01 7.05909E-01 3.21299E-01 2.39828E-01 1.62540E-01 4.90559E+00
1.65900E-01 2.42400E-01 3.20547E-01 3.76288E-01 3.97357E-01 5.82411E-01 7.09411E-01 3.23358E-01 2.42400E-01 1.65900E-01 4.89397E+00
1.69095E-01 2.44832E-01 3.22425E-01 3.77958E-01 3.99093E-01 5.84836E-01 7.12726E-01 3.25289E-01 2.44832E-01 1.69095E-01 4.88130E+00
1.72134E-01 2.47134E-01 3.24187E-01 3.79514E-01 4.00711E-01 5.87112E-01 7.15866E-01 3.27103E-01 2.47134E-01 1.72134E-01 4.86768E+00
1.75029E-01 2.49312E-01 3.25840E-01 3.80966E-01 4.02220E-01 5.89251E-01 7.18841E-01 3.28805E-01 2.49312E-01 1.75029E-01 4.85324E+00
1.77786E-01 2.51376E-01 3.27390E-01 3.82319E-01 4.03626E-01 5.91260E-01 7.21660E-01 3.30403E-01 2.51376E-01 1.77786E-01 4.83807E+00
1.80415E-01 2.53330E-01 3.28844E-01 3.83579E-01 4.04936E-01 5.93147E-01 7.24334E-01 3.31904E-01 2.53330E-01 1.80415E-01 4.82227E+00
1.82922E-01 2.55182E-01 3.30208E-01 3.84752E-01 4.06155E-01 5.94919E-01 7.26870E-01 3.33312E-01 2.55182E-01 1.82922E-01 4.80590E+00
1.85314E-01 2.56939E-01 3.31487E-01 3.85843E-01 4.07289E-01 5.96584E-01 7.29277E-01 3.34634E-01 2.56939E-01 1.85314E-01 4.78904E+00
1.87598E-01 2.58604E-01 3.32685E-01 3.86858E-01 4.08343E-01 5.98146E-01 7.31560E-01 3.35875E-01 2.58604E-01 1.87598E-01 4.77176E+00
1.89780E-01 2.60183E-01 3.33809E-01 3.87800E-01 4.09322E-01 5.99613E-01 7.33728E-01 3.37039E-01 2.60183E-01 1.89780E-01 4.75411E+00
1.91865E-01 2.61681E-01 3.34861E-01 3.88674E-01 4.10230E-01 6.00989E-01 7.35786E-01 3.38131E-01 2.61681E-01 1.91865E-01 4.73614E+00
1.93857E-01 2.63103E-01 3.35847E-01 3.89483E-01 4.11072E-01 6.02280E-01 7.37739E-01 3.39154E-01 2.63103E-01 1.93857E-01 4.71790E+00
1.95763E-01 2.64452E-01 3.36769E-01 3.90233E-01 4.11850E-01 6.03490E-01 7.39595E-01 3.40113E-01 2.64452E-01 1.95763E-01 4.69943E+00
1.97586E-01 2.65732E-01 3.37631E-01 3.90925E-01 4.12569E-01 6.04624E-01 7.41357E-01 3.41011E-01 2.65732E-01 1.97586E-01 4.68077E+00
1.99331E-01 2.66947E-01 3.38437E-01 3.91562E-01 4.13231E-01 6.05686E-01 7.43030E-01 3.41851E-01 2.66947E-01 1.99331E-01 4.66195E+00
2.01001E-01 2.68101E-01 3.39189E-01 3.92149E-01 4.13841E-01 6.06678E-01 7.44619E-01 3.42637E-01 2.68101E-01 2.01001E-01 4.64301E+00
2.02600E-01 2.69195E-01 3.39890E-01 3.92688E-01 4.14400E-01 6.07606E-01 7.46128E-01 3.43371E-01 2.69195E-01 2.02600E-01 4.62397E+00
2.04132E-01 2.70234E-01 3.40543E-01 3.93180E-01 4.14912E-01 6.08473E-01 7.47561E-01 3.44056E-01 2.70234E-01 2.04132E-01 4.60485E+00
2.05600E-01 2.71220E-01 3.41151E-01 3.93630E-01 4.15379E-01 6.09281E-01 7.48922E-01 3.44694E-01 2.71220E-01 2.05600E-01 4.58569E+00
0.00000E+00 0.00000E+00 7.74982E-02 1.43246E-01 1.58265E-01 2.92071E-01 3.62188E-01 7.64882E-02 0.00000E+00 0.00000E+00 1.54683E+00
0.00000E+00 0.00000E+00 9.91060E-02 1.64069E-01 1.80513E-01 3.22276E-01 3.98847E-01 9.85895E-02 0.00000E+00 0.00000E+00 2.12303E+00
0.00000E+00 1.40871E-02 1.17333E-01 1.81609E-01 1.99138E-01 3.47292E-01 4.29297E-01 1.17225E-01 1.40871E-02 0.00000E+00 2.54750E+00
0.00000E+00 3.22814E-02 1.33047E-01 1.96698E-01 2.15096E-01 3.68619E-01 4.55377E-01 1.33291E-01 3.22814E-02 0.00000E+00 2.87665E+00
0.00000E+00 4.82159E-02 1.46762E-01 2.09835E-01 2.28948E-01 3.87099E-01 4.78098E-01 1.47315E-01 4.82159E-02 0.00000E+00 3.14407E+00
0.00000E+00 6.23040E-02 1.58841E-01 2.21375E-01 2.41087E-01 4.03279E-01 4.98103E-01 1.59670E-01 6.23040E-02 0.00000E+00 3.36271E+00
0.00000E+00 7.48573E-02 1.69560E-01 2.31588E-01 2.51806E-01 4.17565E-01 5.15866E-01 1.70636E-01 7.48573E-02 0.00000E+00 3.54236E+00
0.00000E+00 8.61169E-02 1.79133E-01 2.40681E-01 2.61332E-01 4.30267E-01 5.31751E-01 1.80432E-01 8.61169E-02 0.00000E+00 3.69049E+00
4.73538E-03 9.62867E-02 1.87749E-01 2.48845E-01 2.69866E-01 4.41632E-01 5.46028E-01 1.89250E-01 9.62867E-02 4.73538E-03 3.80310E+00
1.60987E-02 1.05528E-01 1.95549E-01 2.56216E-01 2.77556E-01 4.51861E-01 5.58936E-01 1.97235E-01 1.05528E-01 1.60987E-02 3.88152E+00
2.64778E-02 1.13940E-01 2.02605E-01 2.62859E-01 2.84479E-01 4.61104E-01 5.70686E-01 2.04462E-01 1.13940E-01 2.64778E-02 3.94517E+00
3.59906E-02 1.21622E-01 2.09007E-01 2.68862E-01 2.90729E-01 4.69482E-01 5.81416E-01 2.11022E-01 1.21622E-01 3.59906E-02 3.99638E+00
4.47368E-02 1.28656E-01 2.14831E-01 2.74301E-01 2.96386E-01 4.77097E-01 5.91243E-01 2.16993E-01 1.28656E-01 4.47368E-02 4.03710E+00
5.28007E-02 1.35116E-01 2.20141E-01 2.79239E-01 3.01516E-01 4.84035E-01 6.00268E-01 2.22440E-01 1.35116E-01 5.28007E-02 4.06892E+00
6.02546E-02 1.41061E-01 2.24992E-01 2.83730E-01 3.06178E-01 4.90370E-01 6.08574E-01 2.27420E-01 1.41061E-01 6.02546E-02 4.09316E+00
6.71609E-02 1.46544E-01 2.29433E-01 2.87821E-01 3.10422E-01 4.96165E-01 6.16237E-01 2.31981E-01 1.46544E-01 6.71609E-02 4.11094E+00
7.35736E-02 1.51611E-01 2.33504E-01 2.91553E-01 3.14289E-01 5.01476E-01 6.23319E-01 2.36166E-01 1.51611E-01 7.35736E-02 4.12318E+00
7.95398E-02 1.56302E-01 2.37243E-01 2.94963E-01 3.17818E-01 5.06349E-01 6.29875E-01 2.40012E-01 1.56302E-01 7.95398E-02 4.13068E+00
8.51008E-02 1.60652E-01 2.40680E-01 2.98079E-01 3.21042E-01 5.10828E-01 6.35955E-01 2.43550E-01 1.60652E-01 8.51008E-02 4.13409E+00
9.02928E-02 1.64692E-01 2.43844E-01 3.00931E-01 3.23988E-01 5.14947E-01 6.41602E-01 2.46808E-01 1.64692E-01 9.02928E-02 4.13400E+00
9.51479E-02 1.68449E-01 2.46758E-01 3.03542E-01 3.26683E-01 5.18740E-01 6.46852E-01 2.49813E-01 1.68449E-01 9.51479E-02 4.13087E+00
9.96948E-02 1.71947E-01 2.49446E-01 3.05933E-01 3.29149E-01 5.22236E-01 6.51741E-01 2.52586E-01 1.71947E-01 9.96948E-02 4.12513E+00
1.03959E-01 1.75209E-01 2.51926E-01 3.08124E-01 3.31405E-01 5.25460E-01 6.56297E-01 2.55148E-01 1.75209E-01 1.03959E-01 4.11714E+00
1.07962E-01 1.78252E-01 2.54216E-01 3.10132E-01 3.33471E-01 5.28434E-01 6.60547E-01 2.57514E-01 1.78252E-01 1.07962E-01 4.10720E+00
1.11726E-01 1.81095E-01 2.56331E-01 3.11971E-01 3.35361E-01 5.31179E-01 6.64516E-01 2.59703E-01 1.81095E-01 1.11726E-01 4.09559E+00
1.15268E-01 1.83754E-01 2.58286E-01 3.13656E-01 3.37091E-01 5.33714E-01 6.68224E-01 2.61727E-01 1.83754E-01 1.15268E-01 4.08252E+00
1.18605E-01 1.86241E-01 2.60092E-01 3.15199E-01 3.38672E-01 5.36054E-01 6.71692E-01 2.63600E-01 1.86241E-01 1.18605E-01 4.06822E+00
1.21752E-01 1.88570E-01 2.61762E-01 3.16611E-01 3.40118E-01 5.38215E-01 6.74938E-01 2.65333E-01 1.88570E-01 1.21752E-01 4.05284E+00
1.24723E-01 1.90753E-01 2.63306E-01 3.17902E-01 3.41437E-01 5.40210E-01 6.77976E-01 2.66937E-01 1.90753E-01 1.24723E-01 4.03655E+00
1.27529E-01 1.92799E-01 2.64732E-01 3.19081E-01 3.42640E-01 5.42052E-01 6.80822E-01 2.68421E-01 1.92799E-01 1.27529E-01 4.01947E+00
1.30182E-01 1.94719E-01 2.66050E-01 3.20156E-01 3.43735E-01 5.43751E-01 6.83488E-01 2.69794E-01 1.94719E-01 1.30182E-01 4.00173E+00
1.32693E-01 1.96521E-01 2.67267E-01 3.21136E-01 3.44730E-01 5.45317E-01 6.85988E-01 2.71064E-01 1.96521E-01 1.32693E-01 3.98343E+00
1.35070E-01 1.98213E-01 2.68391E-01 3.22026E-01 3.45633E-01 5.46761E-01 6.88332E-01 2.72238E-01 1.98213E-01 1.35070E-01 3.96465E+00
1.37322E-01 1.99802E-01 2.69427E-01 3.22833E-01 3.46450E-01 5.48089E-01 6.90530E-01 2.73323E-01 1.99802E-01 1.37322E-01 3.94549E+00
1.39457E-01 2.01295E-01 2.70382E-01 3.23564E-01 3.47187E-01 5.49311E-01 6.92591E-01 2.74324E-01 2.01295E-01 1.39457E-01 3.92600E+00
1.41483E-01 2.02698E-01 2.71261E-01 3.24223E-01 3.47850E-01 5.50432E-01 6.94524E-01 2.75248E-01 2.02698E-01 1.41483E-01 3.90625E+00
1.43406E-01 2.04017E-01 2.72070E-01 3.24814E-01 3.48443E-01 5.51460E-01 6.96337E-01 2.76099E-01 2.04017E-01 1.43406E-01 3.88630E+00
1.45232E-01 2.05258E-01 2.72812E-01 3.25344E-01 3.48972E-01 5.52401E-01 6.98038E-01 2.76882E-01 2.05258E-01 1.45232E-01 3.86619E+00
1.46967E-01 2.06424E-01 2.73492E-01 3.25815E-01 3.49440E-01 5.53260E-01 6.99632E-01 2.77602E-01 2.06424E-01 1.46967E-01 3.84597E+00
1.48617E-01 2.07520E-01 2.74114E-01 3.26232E-01 3.49851E-01 5.54043E-01 7.01127E-01 2.78262E-01 2.07520E-01 1.48617E-01 3.82567E+00
1.50185E-01 2.08551E-01 2.74682E-01 3.26598E-01 3.50210E-01 5.54753E-01 7.02528E-01 2.78867E-01 2.08551E-01 1.50185E-01 3.80532E+00
1.51677E-01 2.09520E-01 2.75199E-01 3.26916E-01 3.50520E-01 5.55396E-01 7.03840E-01 2.79419E-01 2.09520E-01 1.51677E-01 3.78496E+00
1.53098E-01 2.10431E-01 2.75668E-01 3.27189E-01 3.50783E-01 5.55975E-01 7.05068E-01 2.79922E-01 2.10431E-01 1.53098E-01 3.76462E+00
1.54450E-01 2.11288E-01 2.76092E-01 3.27421E-01 3.51003E-01 5.56495E-01 7.06217E-01 2.80378E-01 2.11288E-01 1.54450E-01 3.74430E+00
1.55737E-01 2.12092E-01 2.76474E-01 3.27613E-01 3.51182E-01 5.56959E-01 7.07292E-01 2.80792E-01 2.12092E-01 1.55737E-01 3.72405E+00
1.56964E-01 2.12848E-01 2.76816E-01 3.27768E-01 3.51323E-01 5.57370E-01 7.08296E-01 2.81164E-01 2.12848E-01 1.56964E-01 3.70386E+00
1.58133E-01 2.13557E-01 2.77120E-01 3.27889E-01 3.51428E-01 5.57731E-01 7.09233E-01 2.81498E-01 2.13557E-01 1.58133E-01 3.68376E+00
1.59246E-01 2.14223E-01 2.77389E-01 3.27977E-01 3.51500E-01 5.58045E-01 7.10107E-01 2.81795E-01 2.14223E-01 1.59246E-01 3.66376E+00
1.60308E-01 2.14847E-01 2.77625E-01 3.28035E-01 3.51540E-01 5.58315E-01 7.10921E-01 2.82058E-01 2.14847E-01 1.60308E-01 3.64387E+00
1.61321E-01 2.15432E-01 2.77830E-01 3.28064E-01 3.51551E-01 5.58543E-01 7.11678E-01 2.82289E-01 2.15432E-01 1.61321E-01 3.62411E+00
0.00000E+00 0.00000E+00 7.52962E-02 1.40789E-01 1.61799E-01 3.17463E-01 3.97151E-01 7.51741E-02 0.00000E+00 0.00000E+00 1.72079E+00
0.00000E+00 0.00000E+00 9.37278E-02 1.58354E-01 1.80454E-01 3.44015E-01 4.31240E-01 9.41919E-02 0.00000E+00 0.00000E+00 2.18127E+00
0.00000E+00 1.22275E-02 1.08954E-01 1.72806E-01 1.95699E-01 3.65516E-01 4.59008E-01 1.09893E-01 1.22275E-02 0.00000E+00 2.50560E+00
0.00000E+00 2.78096E-02 1.21841E-01 1.84979E-01 2.08480E-01 3.83485E-01 4.82398E-01 1.23182E-01 2.78096E-02 0.00000E+00 2.74719E+00
0.00000E+00 4.12645E-02 1.32897E-01 1.95370E-01 2.19349E-01 3.98772E-01 5.02479E-01 1.34586E-01 4.12645E-02 0.00000E+00 2.93691E+00
0.00000E+00 5.30113E-02 1.42485E-01 2.04334E-01 2.28693E-01 4.11928E-01 5.19920E-01 1.44478E-01 5.30113E-02 0.00000E+00 3.08670E+00
0.00000E+00 6.33593E-02 1.50871E-01 2.12130E-01 2.36796E-01 4.23356E-01 5.35214E-01 1.53134E-01 6.33593E-02 0.00000E+00 3.20528E+00
0.00000E+00 7.25437E-02 1.58259E-01 2.18960E-01 2.43873E-01 4.33361E-01 5.48730E-01 1.60762E-01 7.25437E-02 0.00000E+00 3.29918E+00
3.90625E-03 8.07603E-02 1.64828E-01 2.25000E-01 2.50112E-01 4.42179E-01 5.60737E-01 1.67546E-01 8.07603E-02 3.90625E-03 3.36510E+00
1.32316E-02 8.81606E-02 1.70707E-01 2.30376E-01 2.55647E-01 4.50002E-01 5.71475E-01 1.73617E-01 8.81606E-02 1.32316E-02 3.40420E+00
2.16884E-02 9.48366E-02 1.75956E-01 2.35141E-01 2.60543E-01 4.56963E-01 5.81145E-01 1.79043E-01 9.48366E-02 2.16884E-02 3.43267E+00
2.93867E-02 1.00881E-01 1.80657E-01 2.39377E-01 2.64883E-01 4.63177E-01 5.89885E-01 1.83907E-01 1.00881E-01 2.93867E-02 3.45239E+00
3.64187E-02 1.06370E-01 1.84880E-01 2.43149E-01 2.68739E-01 4.68738E-01 5.97808E-01 1.88279E-01 1.06370E-01 3.64187E-02 3.46488E+00
4.28619E-02 1.11369E-01 1.88681E-01 2.46515E-01 2.72170E-01 4.73724E-01 6.05008E-01 1.92218E-01 1.11369E-01 4.28619E-02 3.47136E+00
4.87821E-02 1.15934E-01 1.92109E-01 2.49522E-01 2.75227E-01 4.78203E-01 6.11568E-01 1.95773E-01 1.15934E-01 4.87821E-02 3.47284E+00
5.42356E-02 1.20111E-01 1.95205E-01 2.52211E-01 2.77953E-01 4.82232E-01 6.17556E-01 1.98988E-01 1.20111E-01 5.42356E-02 3.47015E+00
5.92708E-02 1.23942E-01 1.98007E-01 2.54617E-01 2.80384E-01 4.85859E-01 6.23033E-01 2.01900E-01 1.23942E-01 5.92708E-02 3.46398E+00
6.39299E-02 1.27461E-01 2.00543E-01 2.56770E-01 2.82552E-01 4.89129E-01 6.28050E-01 2.04539E-01 1.27461E-01 6.39299E-02 3.45491E+00
6.82494E-02 1.30700E-01 2.02843E-01 2.58696E-01 2.84485E-01 4.92076E-01 6.32651E-01 2.06935E-01 1.30700E-01 6.82494E-02 3.44341E+00
7.22612E-02 1.33686E-01 2.04928E-01 2.60419E-01 2.86206E-01 4.94733E-01 6.36878E-01 2.09110E-01 1.33686E-01 7.22612E-02 3.42988E+00
7.59936E-02 1.36441E-01 2.06821E-01 2.61958E-01 2.87738E-01 4.97129E-01 6.40764E-01 2.11086E-01 1.36441E-01 7.59936E-02 3.41466E+00
7.94713E-02 1.38987E-01 2.08538E-01 2.63332E-01 2.89097E-01 4.99288E-01 6.44339E-01 2.12882E-01 1.38987E-01 7.94713E-02 3.39804E+00
8.27163E-02 1.41342E-01 2.10096E-01 2.64556E-01 2.90302E-01 5.01232E-01 6.47632E-01 2.14515E-01 1.41342E-01 8.27163E-02 3.38026E+00
8.57484E-02 1.43524E-01 2.11510E-01 2.65643E-01 2.91366E-01 5.02980E-01 6.50666E-01 2.15998E-01 1.43524E-01 8.57484E-02 3.36153E+00
8.85849E-02 1.45545E-01 2.12792E-01 2.66606E-01 2.92301E-01 5.04550E-01 6.53462E-01 2.17346E-01 1.45545E-01 8.85849E-02 3.34202E+00
9.12416E-02 1.47420E-01 2.13953E-01 2.67457E-01 2.93121E-01 5.05956E-01 6.56040E-01 2.18569E-01 1.47420E-01 9.12416E-02 3.32187E+00
9.37325E-02 1.49161E-01 2.15004E-01 2.68204E-01 2.93833E-01 5.07214E-01 6.58418E-01 2.19678E-01 1.49161E-01 9.37325E-02 3.30123E+00
9.60702E-02 1.50777E-01 2.15954E-01 2.68857E-01 2.94449E-01 5.08334E-01 6.60610E-01 2.20683E-01 1.50777E-01 9.60702E-02 3.28019E+00
9.82663E-02 1.52279E-01 2.16811E-01 2.69424E-01 2.94976E-01 5.09329E-01 6.62632E-01 2.21592E-01 1.52279E-01 9.82663E-02 3.25886E+00
1.00331E-01 1.53675E-01 2.17582E-01 2.69911E-01 2.95422E-01 5.10208E-01 6.64495E-01 2.22413E-01 1.53675E-01 1.00331E-01 3.23731E+00
1.02274E-01 1.54973E-01 2.18275E-01 2.70326E-01 2.95793E-01 5.10981E-01 6.66211E-01 2.23152E-01 1.54973E-01 1.02274E-01 3.21562E+00
1.04104E-01 1.56180E-01 2.18895E-01 2.70674E-01 2.96095E-01 5.11656E-01 6.67792E-01 2.23816E-01 1.56180E-01 1.04104E-01 3.19383E+00
1.05828E-01 1.57303E-01 2.19448E-01 2.70961E-01 2.96335E-01 5.12240E-01 6.69246E-01 2.24411E-01 1.57303E-01 1.05828E-01 3.17201E+00
1.07454E-01 1.58347E-01 2.19938E-01 2.71190E-01 2.96516E-01 5.12739E-01 6.70582E-01 2.24941E-01 1.58347E-01 1.07454E-01 3.15020E+00
1.08988E-01 1.59319E-01 2.20372E-01 2.71367E-01 2.96644E-01 5.13161E-01 6.71808E-01 2.25412E-01 1.59319E-01 1.08988E-01 3.12843E+00
1.10436E-01 1.60222E-01 2.20752E-01 2.71497E-01 2.96723E-01 5.13512E-01 6.72932E-01 2.25828E-01 1.60222E-01 1.10436E-01 3.10674E+00
1.11804E-01 1.61062E-01 2.21082E-01 2.71581E-01 2.96755E-01 5.13795E-01 6.73960E-01 2.26193E-01 1.61062E-01 1.11804E-01 3.08515E+00
1.13096E-01 1.61843E-01 2.21367E-01 2.71624E-01 2.96746E-01 5.14016E-01 6.74899E-01 2.26510E-01 1.61843E-01 1.13096E-01 3.06370E+00
1.14318E-01 1.62568E-01 2.21609E-01 2.71629E-01 2.96698E-01 5.14180E-01 6.75754E-01 2.26782E-01 1.62568E-01 1.14318E-01 3.04239E+00
1.15473E-01 1.63241E-01 2.21811E-01 2.71598E-01 2.96614E-01 5.14290E-01 6.76531E-01 2.27014E-01 1.63241E-01 1.15473E-01 3.02124E+00
1.16567E-01 1.63866E-01 2.21977E-01 2.71535E-01 2.96497E-01 5.14350E-01 6.77234E-01 2.27207E-01 1.63866E-01 1.16567E-01 3.00028E+00
1.17601E-01 1.64445E-01 2.22108E-01 2.71441E-01 2.96349E-01 5.14363E-01 6.77869E-01 2.27365E-01 1.64445E-01 1.17601E-01 2.97951E+00
1.18581E-01 1.64982E-01 2.22206E-01 2.71320E-01 2.96172E-01 5.14333E-01 6.78438E-01 2.27489E-01 1.64982E-01 1.18581E-01 2.95894E+00
1.19508E-01 1.65478E-01 2.22275E-01 2.71172E-01 2.95969E-01 5.14263E-01 6.78947E-01 2.27582E-01 1.65478E-01 1.19508E-01 2.93858E+00
1.20386E-01 1.65936E-01 2.22317E-01 2.70999E-01 2.95741E-01 5.14155E-01 6.79399E-01 2.27646E-01 1.65936E-01 1.20386E-01 2.91844E+00
1.21218E-01 1.66359E-01 2.22332E-01 2.70804E-01 2.95491E-01 5.14012E-01 6.79796E-01 2.27682E-01 1.66359E-01 1.21218E-01 2.89852E+00
1.22006E-01 1.66749E-01 2.22322E-01 2.70588E-01 2.95219E-01 5.13836E-01 6.80143E-01 2.27694E-01 1.66749E-01 1.22006E-01 2.87883E+00
1.22752E-01 1.67107E-01 2.22290E-01 2.70353E-01 2.94928E-01 5.13629E-01 6.80442E-01 2.27682E-01 1.67107E-01 1.22752E-01 2.85937E+00
1.23460E-01 1.67435E-01 2.22237E-01 2.70100E-01 2.94619E-01 5.13393E-01 6.80695E-01 2.27647E-01 1.67435E-01 1.23460E-01 2.84013E+00
1.24130E-01 1.67736E-01 2.22163E-01 2.69829E-01 2.94293E-01 5.13131E-01 6.80906E-01 2.27592E-01 1.67736E-01 1.24130E-01 2.82114E+00
0.00000E+00 0.00000E+00 7.19422E-02 1.37715E-01 1.64602E-01 3.44595E-01 4.37624E-01 7.32640E-02 0.00000E+00 0.00000E+00 1.81935E+00
0.00000E+00 0.00000E+00 8.70436E-02 1.51725E-01 1.79221E-01 3.66765E-01 4.68425E-01 8.90188E-02 0.00000E+00 0.00000E+00 2.16549E+00
0.00000E+00 1.03464E-02 9.92703E-02 1.62978E-01 1.90866E-01 3.84279E-01 4.93014E-01 1.01761E-01 1.03464E-02 0.00000E+00 2.39614E+00
0.00000E+00 2.33661E-02 1.09427E-01 1.72240E-01 2.00388E-01 3.98580E-01 5.13360E-01 1.12344E-01 2.33661E-02 0.00000E+00 2.55903E+00
0.00000E+00 3.44570E-02 1.17985E-01 1.79968E-01 2.08284E-01 4.10477E-01 5.30543E-01 1.21263E-01 3.44570E-02 0.00000E+00 2.68107E+00
0.00000E+00 4.40217E-02 1.25283E-01 1.86490E-01 2.14909E-01 4.20494E-01 5.45239E-01 1.28872E-01 4.40217E-02 0.00000E+00 2.77246E+00
0.00000E+00 5.23528E-02 1.31565E-01 1.92042E-01 2.20516E-01 4.29011E-01 5.57933E-01 1.35423E-01 5.23528E-02 0.00000E+00 2.84048E+00
0.00000E+00 5.96697E-02 1.37014E-01 1.96803E-01 2.25296E-01 4.36308E-01 5.68991E-01 1.41107E-01 5.96697E-02 0.00000E+00 2.89043E+00
3.15191E-03 6.61523E-02 1.41791E-01 2.00931E-01 2.29416E-01 4.42604E-01 5.78675E-01 1.46092E-01 6.61523E-02 3.15191E-03 2.91948E+00
1.06382E-02 7.19378E-02 1.46008E-01 2.04534E-01 2.32988E-01 4.48071E-01 5.87210E-01 1.50491E-01 7.19378E-02 1.06382E-02 2.92844E+00
1.73789E-02 7.71088E-02 1.49713E-01 2.07650E-01 2.36057E-01 4.52820E-01 5.94790E-01 1.54361E-01 7.71088E-02 1.73789E-02 2.93050E+00
2.34735E-02 8.17481E-02 1.52979E-01 2.10351E-01 2.38697E-01 4.56953E-01 6.01541E-01 1.57775E-01 8.17481E-02 2.34735E-02 2.92702E+00
2.90041E-02 8.59244E-02 1.55863E-01 2.12692E-01 2.40966E-01 4.60554E-01 6.07572E-01 1.60793E-01 8.59244E-02 2.90041E-02 2.91911E+00
3.40398E-02 8.96950E-02 1.58415E-01 2.14720E-01 2.42915E-01 4.63692E-01 6.12971E-01 1.63467E-01 8.96950E-02 3.40398E-02 2.90764E+00
3.86384E-02 9.31082E-02 1.60676E-01 2.16476E-01 2.44584E-01 4.66424E-01 6.17813E-01 1.65839E-01 9.31082E-02 3.86384E-02 2.89332E+00
4.28493E-02 9.62051E-02 1.62680E-01 2.17993E-01 2.46008E-01 4.68801E-01 6.22162E-01 1.67945E-01 9.62051E-02 4.28493E-02 2.87673E+00
4.67148E-02 9.90209E-02 1.64458E-01 2.19300E-01 2.47218E-01 4.70864E-01 6.26073E-01 1.69815E-01 9.90209E-02 4.67148E-02 2.85832E+00
5.02712E-02 1.01586E-01 1.66034E-01 2.20421E-01 2.48238E-01 4.72648E-01 6.29593E-01 1.71477E-01 1.01586E-01 5.02712E-02 2.83848E+00
5.35499E-02 1.03926E-01 1.67432E-01 2.21378E-01 2.49091E-01 4.74186E-01 6.32762E-01 1.72952E-01 1.03926E-01 5.35499E-02 2.81752E+00
5.65784E-02 1.06064E-01 1.68670E-01 2.22187E-01 2.49795E-01 4.75503E-01 6.35616E-01 1.74262E-01 1.06064E-01 5.65784E-02 2.79569E+00
5.93805E-02 1.08019E-01 1.69764E-01 2.22867E-01 2.50367E-01 4.76623E-01 6.38185E-01 1.75422E-01 1.08019E-01 5.93805E-02 2.77320E+00
6.19775E-02 1.09810E-01 1.70730E-01 2.23429E-01 2.50821E-01 4.77566E-01 6.40497E-01 1.76448E-01 1.09810E-01 6.19775E-02 2.75024E+00
6.43879E-02 1.11452E-01 1.71579E-01 2.23887E-01 2.51170E-01 4.78351E-01 6.42577E-01 1.77354E-01 1.11452E-01 6.43879E-02 2.72694E+00
6.66280E-02 1.12958E-01 1.72324E-01 2.24251E-01 2.51424E-01 4.78992E-01 6.44444E-01 1.78151E-01 1.12958E-01 6.66280E-02 2.70343E+00
6.87127E-02 1.14340E-01 1.72975E-01 2.24531E-01 2.51593E-01 4.79504E-01 6.46118E-01 1.78849E-01 1.14340E-01 6.87127E-02 2.67981E+00
7.06548E-02 1.15610E-01 1.73539E-01 2.24734E-01 2.51686E-01 4.79900E-01 6.47616E-01 1.79457E-01 1.15610E-01 7.06548E-02 2.65615E+00
7.24661E-02 1.16776E-01 1.74025E-01 2.24869E-01 2.51710E-01 4.80189E-01 6.48953E-01 1.79985E-01 1.16776E-01 7.24661E-02 2.63253E+00
7.41571E-02 1.17848E-01 1.74441E-01 2.24941E-01 2.51673E-01 4.80383E-01 6.50142E-01 1.80438E-01 1.17848E-01 7.41571E-02 2.60901E+00
7.57371E-02 1.18832E-01 1.74792E-01 2.24958E-01 2.51579E-01 4.80489E-01 6.51195E-01 1.80824E-01 1.18832E-01 7.57371E-02 2.58563E+00
7.72147E-02 1.19737E-01 1.75084E-01 2.24923E-01 2.51436E-01 4.80515E-01 6.52123E-01 1.81148E-01 1.19737E-01 7.72147E-02 2.56242E+00
7.85977E-02 1.20567E-01 1.75322E-01 2.24843E-01 2.51246E-01 4.80470E-01 6.52937E-01 1.81416E-01 1.20567E-01 7.85977E-02 2.53943E+00
7.98928E-02 1.21330E-01 1.75511E-01 2.24720E-01 2.51016E-01 4.80358E-01 6.53644E-01 1.81633E-01 1.21330E-01 7.98928E-02 2.51668E+00
8.11066E-02 1.22030E-01 1.75655E-01 2.24559E-01 2.50748E-01 4.80186E-01 6.54254E-01 1.81802E-01 1.22030E-01 8.11066E-02 2.49418E+00
8.22447E-02 1.22672E-01 1.75757E-01 2.24364E-01 2.50446E-01 4.79959E-01 6.54773E-01 1.81928E-01 1.22672E-01 8.22447E-02 2.47196E+00
8.33124E-02 1.23260E-01 1.75822E-01 2.24137E-01 2.50114E-01 4.79681E-01 6.55208E-01 1.82014E-01 1.23260E-01 8.33124E-02 2.45003E+00
8.43146E-02 1.23799E-01 1.75852E-01 2.23881E-01 2.49754E-01 4.79358E-01 6.55565E-01 1.82064E-01 1.23799E-01 8.43146E-02 2.42840E+00
8.52556E-02 1.24290E-01 1.75849E-01 2.23600E-01 2.49368E-01 4.78992E-01 6.55851E-01 1.82081E-01 1.24290E-01 8.52556E-02 2.40707E+00
8.61396E-02 1.24739E-01 1.75818E-01 2.23295E-01 2.48960E-01 4.78587E-01 6.56069E-01 1.82066E-01 1.24739E-01 8.61396E-02 2.38605E+00
8.69701E-02 1.25147E-01 1.75759E-01 2.22968E-01 2.48532E-01 4.78147E-01 6.56226E-01 1.82023E-01 1.25147E-01 8.69701E-02 2.36535E+00
8.77506E-02 1.25519E-01 1.75675E-01 2.22621E-01 2.48084E-01 4.77675E-01 6.56324E-01 1.81953E-01 1.25519E-01 8.77506E-02 2.34496E+00
8.84843E-02 1.25855E-01 1.75568E-01 2.22257E-01 2.47620E-01 4.77173E-01 6.56369E-01 1.81860E-01 1.25855E-01 8.84843E-02 2.32489E+00
8.91740E-02 1.26159E-01 1.75440E-01 2.21876E-01 2.47141E-01 4.76643E-01 6.56363E-01 1.81744E-01 1.26159E-01 8.91740E-02 2.30513E+00
8.98226E-02 1.26432E-01 1.75293E-01 2.21481E-01 2.46647E-01 4.76089E-01 6.56311E-01 1.81607E-01 1.26432E-01 8.98226E-02 2.28570E+00
9.04324E-02 1.26677E-01 1.75127E-01 2.21072E-01 2.46141E-01 4.75512E-01 6.56215E-01 1.81452E-01 1.26677E-01 9.04324E-02 2.26657E+00
9.10057E-02 1.26895E-01 1.74945E-01 2.20651E-01 2.45624E-01 4.74913E-01 6.56078E-01 1.81279E-01 1.26895E-01 9.10057E-02 2.24776E+00
9.15447E-02 1.27089E-01 1.74748E-01 2.20219E-01 2.45097E-01 4.74295E-01 6.55903E-01 1.81090E-01 1.27089E-01 9.15447E-02 2.22925E+00
9.20515E-02 1.27259E-01 1.74536E-01 2.19777E-01 2.44561E-01 4.73660E-01 6.55692E-01 1.80885E-01 1.27259E-01 9.20515E-02 2.21105E+00
9.25277E-02 1.27408E-01 1.74311E-01 2.19326E-01 2.44017E-01 4.73009E-01 6.55449E-01 1.80667E-01 1.27408E-01 9.25277E-02 2.19314E+00
9.29753E-02 1.27536E-01 1.74075E-01 2.18867E-01 2.43466E-01 4.72343E-01 6.55174E-01 1.80436E-01 1.27536E-01 9.29753E-02 2.17553E+00
9.33957E-02 1.27644E-01 1.73827E-01 2.18400E-01 2.42908E-01 4.71663E-01 6.54870E-01 1.80194E-01 1.27644E-01 9.33957E-02 2.15822E+00
0.00000E+00 0.00000E+00 6.71696E-02 1.33244E-01 1.65226E-01 3.71987E-01 4.83455E-01 7.06599E-02 0.00000E+00 0.00000E+00 1.82606E+00
0.00000E+00 0.00000E+00 7.89561E-02 1.43578E-01 1.75578E-01 3.89157E-01 5.10201E-01 8.30995E-02 0.00000E+00 0.00000E+00 2.06765E+00
0.00000E+00 8.51096E-03 8.83163E-02 1.51663E-01 1.83574E-01 4.02304E-01 5.31069E-01 9.29573E-02 8.51096E-03 0.00000E+00 2.21690E+00
0.00000E+00 1.90967E-02 9.59430E-02 1.58135E-01 1.89896E-01 4.12706E-01 5.47971E-01 1.00982E-01 1.90967E-02 0.00000E+00 2.31406E+00
0.00000E+00 2.79990E-02 1.02246E-01 1.63375E-01 1.94951E-01 4.21080E-01 5.61954E-01 1.07611E-01 2.79990E-02 0.00000E+00 2.38127E+00
0.00000E+00 3.55857E-02 1.07519E-01 1.67665E-01 1.99032E-01 4.27895E-01 5.73671E-01 1.13156E-01 3.55857E-02 0.00000E+00 2.42663E+00
0.00000E+00 4.21207E-02 1.11974E-01 1.71205E-01 2.02350E-01 4.33485E-01 5.83587E-01 1.17839E-01 4.21207E-02 0.00000E+00 2.45576E+00
0.00000E+00 4.77997E-02 1.15766E-01 1.74140E-01 2.05055E-01 4.38094E-01 5.92046E-01 1.21826E-01 4.77997E-02 0.00000E+00 2.47269E+00
2.48099E-03 5.27817E-02 1.19034E-01 1.76606E-01 2.07289E-01 4.41917E-01 5.99298E-01 1.25258E-01 5.27817E-02 2.48099E-03 2.47491E+00
8.34406E-03 5.71858E-02 1.21867E-01 1.78687E-01 2.09136E-01 4.45095E-01 6.05550E-01 1.28233E-01 5.71858E-02 8.34406E-03 2.46285E+00
1.35858E-02 6.10841E-02 1.24304E-01 1.80407E-01 2.10623E-01 4.47714E-01 6.10975E-01 1.30793E-01 6.10841E-02 1.35858E-02 2.44693E+00
1.82927E-02 6.45481E-02 1.26404E-01 1.81821E-01 2.11805E-01 4.49859E-01 6.15688E-01 1.33000E-01 6.45481E-02 1.82927E-02 2.42808E+00
2.25359E-02 6.76367E-02 1.28214E-01 1.82976E-01 2.12729E-01 4.51599E-01 6.19789E-01 1.34904E-01 6.76367E-02 2.25359E-02 2.40701E+00
2.63743E-02 7.03988E-02 1.29773E-01 1.83909E-01 2.13433E-01 4.52992E-01 6.23357E-01 1.36546E-01 7.03988E-02 2.63743E-02 2.38430E+00
2.98575E-02 7.28753E-02 1.31117E-01 1.84651E-01 2.13949E-01 4.54086E-01 6.26460E-01 1.37961E-01 7.28753E-02 2.98575E-02 2.36039E+00
3.30274E-02 7.51007E-02 1.32271E-01 1.85227E-01 2.14303E-01 4.54921E-01 6.29155E-01 1.39179E-01 7.51007E-02 3.30274E-02 2.33563E+00
3.59195E-02 7.71043E-02 1.33260E-01 1.85659E-01 2.14517E-01 4.55530E-01 6.31490E-01 1.40223E-01 7.71043E-02 3.59195E-02 2.31030E+00
3.85644E-02 7.89112E-02 1.34104E-01 1.85967E-01 2.14610E-01 4.55942E-01 6.33506E-01 1.41116E-01 7.89112E-02 3.85644E-02 2.28463E+00
4.09884E-02 8.05430E-02 1.34819E-01 1.86166E-01 2.14598E-01 4.56182E-01 6.35240E-01 1.41874E-01 8.05430E-02 4.09884E-02 2.25879E+00
4.32141E-02 8.20184E-02 1.35422E-01 1.86269E-01 2.14494E-01 4.56270E-01 6.36721E-01 1.42513E-01 8.20184E-02 4.32141E-02 2.23291E+00
4.52615E-02 8.33536E-02 1.35924E-01 1.86288E-01 2.14311E-01 4.56225E-01 6.37977E-01 1.43047E-01 8.33536E-02 4.52615E-02 2.20711E+00
4.71479E-02 8.45628E-02 1.36337E-01 1.86234E-01 2.14057E-01 4.56062E-01 6.39030E-01 1.43488E-01 8.45628E-02 4.71479E-02 2.18148E+00
4.88885E-02 8.56583E-02 1.36670E-01 1.86115E-01 2.13743E-01 4.55795E-01 6.39902E-01 1.43845E-01 8.56583E-02 4.88885E-02 2.15609E+00
5.04967E-02 8.66512E-02 1.36932E-01 1.85938E-01 2.13375E-01 4.55436E-01 6.40610E-01 1.44127E-01 8.66512E-02 5.04967E-02 2.13099E+00
5.19844E-02 8.75510E-02 1.37130E-01 1.85711E-01 2.12960E-01 4.54995E-01 6.41171E-01 1.44342E-01 8.75510E-02 5.19844E-02 2.10622E+00
5.33623E-02 8.83663E-02 1.37271E-01 1.85439E-01 2.12504E-01 4.54482E-01 6.41598E-01 1.44497E-01 8.83663E-02 5.33623E-02 2.08181E+00
5.46396E-02 8.91048E-02 1.37361E-01 1.85128E-01 2.12012E-01 4.53904E-01 6.41903E-01 1.44599E-01 8.91048E-02 5.46396E-02 2.05780E+00
5.58249E-02 8.97733E-02 1.37404E-01 1.84782E-01 2.11489E-01 4.53269E-01 6.42099E-01 1.44652E-01 8.97733E-02 5.58249E-02 2.03419E+00
5.69256E-02 9.03777E-02 1.37406E-01 1.84404E-01 2.10938E-01 4.52583E-01 6.42195E-01 1.44661E-01 9.03777E-02 5.69256E-02 2.01101E+00
5.79486E-02 9.09236E-02 1.37371E-01 1.84000E-01 2.10363E-01 4.51852E-01 6.42200E-01 1.44631E-01 9.09236E-02 5.79486E-02 1.98825E+00
5.89000E-02 9.14159E-02 1.37302E-01 1.83571E-01 2.09767E-01 4.51081E-01 6.42122E-01 1.44566E-01 9.14159E-02 5.89000E-02 1.96592E+00
5.97853E-02 9.18589E-02 1.37202E-01 1.83120E-01 2.09153E-01 4.50274E-01 6.41968E-01 1.44468E-01 9.18589E-02 5.97853E-02 1.94403E+00
6.06094E-02 9.22567E-02 1.37075E-01 1.82651E-01 2.08523E-01 4.49435E-01 6.41745E-01 1.44341E-01 9.22567E-02 6.06094E-02 1.92257E+00
6.13770E-02 9.26128E-02 1.36923E-01 1.82166E-01 2.07879E-01 4.48568E-01 6.41458E-01 1.44188E-01 9.26128E-02 6.13770E-02 1.90155E+00
6.20922E-02 9.29306E-02 1.36748E-01 1.81665E-01 2.07224E-01 4.47676E-01 6.41114E-01 1.44011E-01 9.29306E-02 6.20922E-02 1.88095E+00
6.27587E-02 9.32130E-02 1.36553E-01 1.81152E-01 2.06559E-01 4.46762E-01 6.40717E-01 1.43812E-01 9.32130E-02 6.27587E-02 1.86077E+00
6.33799E-02 9.34627E-02 1.36340E-01 1.80628E-01 2.05885E-01 4.45828E-01 6.40271E-01 1.43595E-01 9.34627E-02 6.33799E-02 1.84100E+00
6.39590E-02 9.36822E-02 1.36109E-01 1.80094E-01 2.05205E-01 4.44877E-01 6.39781E-01 1.43359E-01 9.36822E-02 6.39590E-02 1.82165E+00
6.44989E-02 9.38738E-02 1.35864E-01 1.79552E-01 2.04518E-01 4.43912E-01 6.39249E-01 1.43107E-01 9.38738E-02 6.44989E-02 1.80269E+00
6.50023E-02 9.40394E-02 1.35605E-01 1.79002E-01 2.03827E-01 4.42933E-01 6.38681E-01 1.42841E-01 9.40394E-02 6.50023E-02 1.78413E+00
6.54714E-02 9.41810E-02 1.35333E-01 1.78447E-01 2.03132E-01 4.41943E-01 6.38077E-01 1.42562E-01 9.41810E-02 6.54714E-02 1.76595E+00
6.59087E-02 9.43003E-02 1.35051E-01 1.77886E-01 2.02435E-01 4.40944E-01 6.37443E-01 1.42271E-01 9.43003E-02 6.59087E-02 1.74815E+00
6.63160E-02 9.43990E-02 1.34758E-01 1.77321E-01 2.01735E-01 4.39936E-01 6.36779E-01 1.41970E-01 9.43990E-02 6.63160E-02 1.73072E+00
6.66954E-02 9.44784E-02 1.34456E-01 1.76752E-01 2.01034E-01 4.38921E-01 6.36088E-01 1.41659E-01 9.44784E-02 6.66954E-02 1.71364E+00
6.70486E-02 9.45399E-02 1.34147E-01 1.76181E-01 2.00333E-01 4.37900E-01 6.35374E-01 1.41339E-01 9.45399E-02 6.70486E-02 1.69692E+00
6.73772E-02 9.45849E-02 1.33829E-01 1.75607E-01 1.99631E-01 4.36874E-01 6.34636E-01 1.41011E-01 9.45849E-02 6.73772E-02 1.68053E+00
6.76827E-02 9.46143E-02 1.33506E-01 1.75032E-01 1.98930E-01 4.35845E-01 6.33878E-01 1.40676E-01 9.46143E-02 6.76827E-02 1.66448E+00
6.79665E-02 9.46293E-02 1.33176E-01 1.74455E-01 1.98230E-01 4.34813E-01 6.33102E-01 1.40335E-01 9.46293E-02 6.79665E-02 1.64876E+00
6.82299E-02 9.46309E-02 1.32841E-01 1.73878E-01 1.97531E-01 4.33778E-01 6.32307E-01 1.39989E-01 9.46309E-02 6.82299E-02 1.63335E+00
6.84741E-02 9.46200E-02 1.32502E-01 1.73301E-01 1.96834E-01 4.32742E-01 6.31498E-01 1.39637E-01 9.46200E-02 6.84741E-02 1.61824E+00
0.00000E+00 0.00000E+00 6.07689E-02 1.26523E-01 1.62071E-01 3.97862E-01 5.34148E-01 6.72061E-02 0.00000E+00 0.00000E+00 1.73653E+00
0.00000E+00 0.00000E+00 6.94650E-02 1.33304E-01 1.68237E-01 4.09603E-01 5.56019E-01 7.64317E-02 0.00000E+00 0.00000E+00 1.89148E+00
0.00000E+00 6.79612E-03 7.62403E-02 1.38430E-01 1.72772E-01 4.18142E-01 5.72563E-01 8.35851E-02 6.79612E-03 0.00000E+00 1.97657E+00
0.00000E+00 1.51572E-02 8.16463E-02 1.42366E-01 1.76142E-01 4.24517E-01 5.85553E-01 8.92738E-02 1.51572E-02 0.00000E+00 2.02389E+00
0.00000E+00 2.21021E-02 8.60133E-02 1.45400E-01 1.78635E-01 4.29313E-01 5.95963E-01 9.38574E-02 2.21021E-02 0.00000E+00 2.05075E+00
0.00000E+00 2.79516E-02 8.95832E-02 1.47750E-01 1.80469E-01 4.32921E-01 6.04396E-01 9.75948E-02 2.79516E-02 0.00000E+00 2.06315E+00
0.00000E+00 3.29339E-02 9.25274E-02 1.49570E-01 1.81798E-01 4.35615E-01 6.11282E-01 1.00669E-01 3.29339E-02 0.00000E+00 2.06519E+00
0.00000E+00 3.72166E-02 9.49713E-02 1.50971E-01 1.82732E-01 4.37592E-01 6.16933E-01 1.03214E-01 3.72166E-02 0.00000E+00 2.05972E+00
1.90008E-03 4.09347E-02 9.70265E-02 1.52060E-01 1.83378E-01 4.39014E-01 6.21578E-01 1.05347E-01 4.09347E-02 1.90008E-03 2.04452E+00
6.36745E-03 4.41883E-02 9.87639E-02 1.52897E-01 1.83794E-01 4.39990E-01 6.25399E-01 1.07143E-01 4.41883E-02 6.36745E-03 2.01972E+00
1.03325E-02 4.70379E-02 1.00209E-01 1.53489E-01 1.83983E-01 4.40572E-01 6.28540E-01 1.08632E-01 4.70379E-02 1.03325E-02 1.99331E+00
1.38679E-02 4.95434E-02 1.01408E-01 1.53880E-01 1.83985E-01 4.40827E-01 6.31103E-01 1.09863E-01 4.95434E-02 1.38679E-02 1.96585E+00
1.70329E-02 5.17536E-02 1.02398E-01 1.54103E-01 1.83834E-01 4.40810E-01 6.33174E-01 1.10876E-01 5.17536E-02 1.70329E-02 1.93777E+00
1.98766E-02 5.37088E-02 1.03211E-01 1.54184E-01 1.83555E-01 4.40564E-01 6.34823E-01 1.11702E-01 5.37088E-02 1.98766E-02 1.90939E+00
2.24399E-02 5.54424E-02 1.03871E-01 1.54147E-01 1.83171E-01 4.40126E-01 6.36108E-01 1.12369E-01 5.54424E-02 2.24399E-02 1.88097E+00
2.47572E-02 5.69826E-02 1.04400E-01 1.54009E-01 1.82699E-01 4.39526E-01 6.37078E-01 1.12899E-01 5.69826E-02 2.47572E-02 1.85267E+00
2.68577E-02 5.83531E-02 1.04816E-01 1.53786E-01 1.82154E-01 4.38788E-01 6.37773E-01 1.13311E-01 5.83531E-02 2.68577E-02 1.82465E+00
2.87660E-02 5.95741E-02 1.05133E-01 1.53491E-01 1.81547E-01 4.37933E-01 6.38229E-01 1.13619E-01 5.95741E-02 2.87660E-02 1.79701E+00
3.05036E-02 6.06629E-02 1.05365E-01 1.53135E-01 1.80889E-01 4.36979E-01 6.38475E-01 1.13838E-01 6.06629E-02 3.05036E-02 1.76981E+00
3.20887E-02 6.16343E-02 1.05522E-01 1.52726E-01 1.80190E-01 4.35941E-01 6.38536E-01 1.13980E-01 6.16343E-02 3.20887E-02 1.74313E+00
3.35373E-02 6.25011E-02 1.05614E-01 1.52273E-01 1.79455E-01 4.34832E-01 6.38435E-01 1.14053E-01 6.25011E-02 3.35373E-02 1.71698E+00
3.48631E-02 6.32746E-02 1.05648E-01 1.51783E-01 1.78691E-01 4.33663E-01 6.38191E-01 1.14066E-01 6.32746E-02 3.48631E-02 1.69141E+00
3.60784E-02 6.39644E-02 1.05632E-01 1.51260E-01 1.77903E-01 4.32442E-01 6.37819E-01 1.14027E-01 6.39644E-02 3.60784E-02 1.66642E+00
3.71937E-02 6.45790E-02 1.05572E-01 1.50711E-01 1.77097E-01 4.31178E-01 6.37335E-01 1.13942E-01 6.45790E-02 3.71937E-02 1.64202E+00
3.82185E-02 6.51260E-02 1.05473E-01 1.50139E-01 1.76275E-01 4.29878E-01 6.36752E-01 1.13817E-01 6.51260E-02 3.82185E-02 1.61823E+00
3.91610E-02 6.56119E-02 1.05339E-01 1.49547E-01 1.75441E-01 4.28548E-01 6.36080E-01 1.13656E-01 6.56119E-02 3.91610E-02 1.59502E+00
4.00287E-02 6.60426E-02 1.05175E-01 1.48940E-01 1.74598E-01 4.27193E-01 6.35328E-01 1.13463E-01 6.60426E-02 4.00287E-02 1.57241E+00
4.08280E-02 6.64234E-02 1.04984E-01 1.48319E-01 1.73748E-01 4.25817E-01 6.34507E-01 1.13242E-01 6.64234E-02 4.08280E-02 1.55037E+00
4.15649E-02 6.67587E-02 1.04769E-01 1.47687E-01 1.72894E-01 4.24425E-01 6.33623E-01 1.12997E-01 6.67587E-02 4.15649E-02 1.52891E+00
4.22446E-02 6.70527E-02 1.04533E-01 1.47047E-01 1.72037E-01 4.23020E-01 6.32684E-01 1.12731E-01 6.70527E-02 4.22446E-02 1.50800E+00
4.28717E-02 6.73092E-02 1.04279E-01 1.46400E-01 1.71178E-01 4.21605E-01 6.31695E-01 1.12445E-01 6.73092E-02 4.28717E-02 1.48763E+00
4.34507E-02 6.75315E-02 1.04008E-01 1.45748E-01 1.70320E-01 4.20182E-01 6.30662E-01 1.12143E-01 6.75315E-02 4.34507E-02 1.46779E+00
4.39852E-02 6.77224E-02 1.03723E-01 1.45092E-01 1.69463E-01 4.18754E-01 6.29590E-01 1.11826E-01 6.77224E-02 4.39852E-02 1.44847E+00
4.44787E-02 6.78847E-02 1.03426E-01 1.44433E-01 1.68608E-01 4.17323E-01 6.28483E-01 1.11495E-01 6.78847E-02 4.44787E-02 1.42965E+00
4.49345E-02 6.80209E-02 1.03117E-01 1.43772E-01 1.67756E-01 4.15891E-01 6.27345E-01 1.11154E-01 6.80209E-02 4.49345E-02 1.41131E+00
4.53553E-02 6.81331E-02 1.02799E-01 1.43111E-01 1.66908E-01 4.14459E-01 6.26180E-01 1.10803E-01 6.81331E-02 4.53553E-02 1.39345E+00
4.57438E-02 6.82232E-02 1.02472E-01 1.42450E-01 1.66065E-01 4.13029E-01 6.24990E-01 1.10443E-01 6.82232E-02 4.57438E-02 1.37604E+00
4.61022E-02 6.82932E-02 1.02138E-01 1.41790E-01 1.65226E-01 4.11602E-01 6.23779E-01 1.10076E-01 6.82932E-02 4.61022E-02 1.35907E+00
4.64328E-02 6.83446E-02 1.01798E-01 1.41131E-01 1.64393E-01 4.10178E-01 6.22550E-01 1.09702E-01 6.83446E-02 4.64328E-02 1.34253E+00
4.67376E-02 6.83789E-02 1.01452E-01 1.40475E-01 1.63567E-01 4.08760E-01 6.21304E-01 1.09323E-01 6.83789E-02 4.67376E-02 1.32641E+00
4.70183E-02 6.83976E-02 1.01101E-01 1.39821E-01 1.62746E-01 4.07347E-01 6.20043E-01 1.08939E-01 6.83976E-02 4.70183E-02 1.31068E+00
4.72766E-02 6.84017E-02 1.00746E-01 1.39170E-01 1.61932E-01 4.05940E-01 6.18771E-01 1.08551E-01 6.84017E-02 4.72766E-02 1.29534E+00
4.75141E-02 6.83926E-02 1.00388E-01 1.38523E-01 1.61125E-01 4.04541E-01 6.17487E-01 1.08160E-01 6.83926E-02 4.75141E-02 1.28038E+00
4.77320E-02 6.83711E-02 1.00027E-01 1.37879E-01 1.60325E-01 4.03149E-01 6.16195E-01 1.07767E-01 6.83711E-02 4.77320E-02 1.26578E+00
4.79319E-02 6.83383E-02 9.96645E-02 1.37239E-01 1.59531E-01 4.01765E-01 6.14895E-01 1.07371E-01 6.83383E-02 4.79319E-02 1.25153E+00
4.81147E-02 6.82951E-02 9.92998E-02 1.36603E-01 1.58746E-01 4.00389E-01 6.13589E-01 1.06974E-01 6.82951E-02 4.81147E-02 1.23762E+00
4.82817E-02 6.82423E-02 9.89338E-02 1.35972E-01 1.57967E-01 3.99023E-01 6.12277E-01 1.06575E-01 6.82423E-02 4.82817E-02 1.22404E+00
4.84339E-02 6.81805E-02 9.85669E-02 1.35346E-01 1.57197E-01 3.97665E-01 6.10962E-01 1.06176E-01 6.81805E-02 4.84339E-02 1.21078E+00
4.85721E-02 6.81105E-02 9.81995E-02 1.34724E-01 1.56433E-01 3.96316E-01 6.09643E-01 1.05776E-01 6.81105E-02 4.85721E-02 1.19782E+00
4.86973E-02 6.80329E-02 9.78318E-02 1.34107E-01 1.55678E-01 3.94978E-01 6.08323E-01 1.05377E-01 6.80329E-02 4.86973E-02 1.18516E+00
0.00000E+00 0.00000E+00 5.26916E-02 1.16801E-01 1.53741E-01 4.20396E-01 5.88733E-01 6.26080E-02 0.00000E+00 0.00000E+00 1.56485E+00
0.00000E+00 0.00000E+00 5.87297E-02 1.20422E-01 1.56168E-01 4.26483E-01 6.04799E-01 6.88786E-02 0.00000E+00 0.00000E+00 1.65628E+00
0.00000E+00 5.26718E-03 6.33354E-02 1.22986E-01 1.57696E-01 4.30312E-01 6.16305E-01 7.36084E-02 5.26718E-03 0.00000E+00 1.69651E+00
0.00000E+00 1.16765E-02 6.69171E-02 1.24777E-01 1.58561E-01 4.32628E-01 6.24808E-01 7.72492E-02 1.16765E-02 0.00000E+00 1.71028E+00
0.00000E+00 1.69327E-02 6.97250E-02 1.25982E-01 1.58925E-01 4.33860E-01 6.31165E-01 8.00738E-02 1.69327E-02 0.00000E+00 1.71074E+00
0.00000E+00 2.13052E-02 7.19472E-02 1.26755E-01 1.58927E-01 4.34307E-01 6.35910E-01 8.22834E-02 2.13052E-02 0.00000E+00 1.70218E+00
0.00000E+00 2.49845E-02 7.37159E-02 1.27201E-01 1.58665E-01 4.34170E-01 6.39419E-01 8.40189E-02 2.49845E-02 0.00000E+00 1.68750E+00
0.00000E+00 2.81094E-02 7.51268E-02 1.27398E-01 1.58205E-01 4.33593E-01 6.41960E-01 8.53822E-02 2.81094E-02 0.00000E+00 1.66867E+00
1.41137E-03 3.07909E-02 7.62665E-02 1.27422E-01 1.57622E-01 4.32705E-01 6.43739E-01 8.64640E-02 3.07909E-02 1.41137E-03 1.64380E+00
4.71168E-03 3.31103E-02 7.71870E-02 1.27310E-01 1.56945E-01 4.31576E-01 6.44905E-01 8.73194E-02 3.31103E-02 4.71168E-03 1.61284E+00
7.61809E-03 3.51171E-02 7.79038E-02 1.27057E-01 1.56159E-01 4.30222E-01 6.45560E-01 8.79655E-02 3.51171E-02 7.61809E-03 1.58175E+00
1.01897E-02 3.68597E-02 7.84517E-02 1.26692E-01 1.55289E-01 4.28691E-01 6.45791E-01 8.84386E-02 3.68597E-02 1.01897E-02 1.55085E+00
1.24745E-02 3.83774E-02 7.88586E-02 1.26237E-01 1.54355E-01 4.27020E-01 6.45669E-01 8.87678E-02 3.83774E-02 1.24745E-02 1.52036E+00
1.45120E-02 3.97024E-02 7.91471E-02 1.25709E-01 1.53373E-01 4.25239E-01 6.45251E-01 8.89766E-02 3.97024E-02 1.45120E-02 1.49042E+00
1.63350E-02 4.08611E-02 7.93358E-02 1.25123E-01 1.52354E-01 4.23372E-01 6.44583E-01 8.90843E-02 4.08611E-02 1.63350E-02 1.46116E+00
1.79708E-02 4.18758E-02 7.94400E-02 1.24490E-01 1.51309E-01 4.21439E-01 6.43704E-01 8.91068E-02 4.18758E-02 1.79708E-02 1.43262E+00
1.94426E-02 4.27651E-02 7.94724E-02 1.23821E-01 1.50245E-01 4.19454E-01 6.42647E-01 8.90572E-02 4.27651E-02 1.94426E-02 1.40487E+00
2.07699E-02 4.35447E-02 7.94437E-02 1.23122E-01 1.49169E-01 4.17433E-01 6.41439E-01 8.89465E-02 4.35447E-02 2.07699E-02 1.37791E+00
2.19693E-02 4.42280E-02 7.93628E-02 1.22401E-01 1.48086E-01 4.15383E-01 6.40103E-01 8.87840E-02 4.42280E-02 2.19693E-02 1.35177E+00
2.30553E-02 4.48264E-02 7.92372E-02 1.21662E-01 1.47001E-01 4.13316E-01 6.38657E-01 8.85774E-02 4.48264E-02 2.30553E-02 1.32644E+00
2.40402E-02 4.53498E-02 7.90734E-02 1.20910E-01 1.45916E-01 4.11237E-01 6.37119E-01 8.83332E-02 4.53498E-02 2.40402E-02 1.30191E+00
2.49346E-02 4.58066E-02 7.88769E-02 1.20149E-01 1.44834E-01 4.09153E-01 6.35502E-01 8.80572E-02 4.58066E-02 2.49346E-02 1.27816E+00
2.57480E-02 4.62042E-02 7.86523E-02 1.19382E-01 1.43758E-01 4.07069E-01 6.33819E-01 8.77540E-02 4.62042E-02 2.57480E-02 1.25518E+00
2.64886E-02 4.65491E-02 7.84036E-02 1.18611E-01 1.42690E-01 4.04989E-01 6.32079E-01 8.74278E-02 4.65491E-02 2.64886E-02 1.23295E+00
2.71634E-02 4.68469E-02 7.81344E-02 1.17838E-01 1.41630E-01 4.02917E-01 6.30293E-01 8.70821E-02 4.68469E-02 2.71634E-02 1.21144E+00
2.77787E-02 4.71024E-02 7.78477E-02 1.17066E-01 1.40581E-01 4.00854E-01 6.28467E-01 8.67199E-02 4.71024E-02 2.77787E-02 1.19062E+00
2.83403E-02 4.73200E-02 7.75459E-02 1.16296E-01 1.39543E-01 3.98804E-01 6.26608E-01 8.63440E-02 4.73200E-02 2.83403E-02 1.17049E+00
2.88530E-02 4.75035E-02 7.72315E-02 1.15529E-01 1.38516E-01 3.96769E-01 6.24723E-01 8.59565E-02 4.75035E-02 2.88530E-02 1.15100E+00
2.93213E-02 4.76564E-02 7.69064E-02 1.14766E-01 1.37502E-01 3.94750E-01 6.22816E-01 8.55594E-02 4.76564E-02 2.93213E-02 1.13213E+00
2.97490E-02 4.77816E-02 7.65722E-02 1.14008E-01 1.36501E-01 3.92748E-01 6.20892E-01 8.51545E-02 4.77816E-02 2.97490E-02 1.11387E+00
3.01396E-02 4.78818E-02 7.62306E-02 1.13256E-01 1.35513E-01 3.90764E-01 6.18955E-01 8.47432E-02 4.78818E-02 3.01396E-02 1.09618E+00
3.04965E-02 4.79594E-02 7.58827E-02 1.12510E-01 1.34539E-01 3.88800E-01 6.17008E-01 8.43270E-02 4.79594E-02 3.04965E-02 1.07904E+00
3.08223E-02 4.80165E-02 7.55299E-02 1.11771E-01 1.33578E-01 3.86856E-01 6.15055E-01 8.39068E-02 4.80165E-02 3.08223E-02 1.06244E+00
3.11196E-02 4.80550E-02 7.51730E-02 1.11040E-01 1.32631E-01 3.84932E-01 6.13097E-01 8.34838E-02 4.80550E-02 3.11196E-02 1.04635E+00
3.13907E-02 4.80767E-02 7.48130E-02 1.10316E-01 1.31697E-01 3.83029E-01 6.11137E-01 8.30588E-02 4.80767E-02 3.13907E-02 1.03074E+00
3.16378E-02 4.80832E-02 7.44506E-02 1.09600E-01 1.30777E-01 3.81147E-01 6.09178E-01 8.26325E-02 4.80832E-02 3.16378E-02 1.01561E+00
3.18626E-02 4.80757E-02 7.40866E-02 1.08892E-01 1.29871E-01 3.79286E-01 6.07221E-01 8.22057E-02 4.80757E-02 3.18626E-02 1.00092E+00
3.20670E-02 4.80556E-02 7.37216E-02 1.08193E-01 1.28977E-01 3.77446E-01 6.05267E-01 8.17789E-02 4.80556E-02 3.20670E-02 9.86672E-01
3.22525E-02 4.80240E-02 7.33560E-02 1.07501E-01 1.28098E-01 3.75628E-01 6.03318E-01 8.13526E-02 4.80240E-02 3.22525E-02 9.72835E-01
3.24205E-02 4.79820E-02 7.29904E-02 1.06819E-01 1.27231E-01 3.73832E-01 6.01376E-01 8.09273E-02 4.79820E-02 3.24205E-02 9.59396E-01
3.25723E-02 4.79304E-02 7.26252E-02 1.06144E-01 1.26378E-01 3.72057E-01 5.99441E-01 8.05034E-02 4.79304E-02 3.25723E-02 9.46340E-01
3.27091E-02 4.78702E-02 7.22607E-02 1.05478E-01 1.25537E-01 3.70303E-01 5.97514E-01 8.00813E-02 4.78702E-02 3.27091E-02 9.33651E-01
3.28320E-02 4.78020E-02 7.18973E-02 1.04821E-01 1.24709E-01 3.68570E-01 5.95596E-01 7.96611E-02 4.78020E-02 3.28320E-02 9.21315E-01
3.29420E-02 4.77267E-02 7.15352E-02 1.04172E-01 1.23894E-01 3.66857E-01 5.93688E-01 7.92432E-02 4.77267E-02 3.29420E-02 9.09317E-01
3.30400E-02 4.76448E-02 7.11747E-02 1.03531E-01 1.23090E-01 3.65166E-01 5.91790E-01 7.88279E-02 4.76448E-02 3.30400E-02 8.97646E-01
3.31268E-02 4.75570E-02 7.08161E-02 1.02899E-01 1.22299E-01 3.63495E-01 5.89903E-01 7.84152E-02 4.75570E-02 3.31268E-02 8.86288E-01
3.32033E-02 4.74638E-02 7.04594E-02 1.02275E-01 1.21520E-01 3.61844E-01 5.88028E-01 7.80055E-02 4.74638E-02 3.32033E-02 8.75232E-01
3.32701E-02 4.73656E-02 7.01049E-02 1.01660E-01 1.20752E-01 3.60214E-01 5.86164E-01 7.75987E-02 4.73656E-02 3.32701E-02 8.64466E-01
3.33279E-02 4.72629E-02 6.97527E-02 1.01052E-01 1.19996E-01 3.58603E-01 5.84313E-01 7.71952E-02 4.72629E-02 3.33279E-02 8.53978E-01
3.33773E-02 4.71562E-02 6.94029E-02 1.00453E-01 1.19251E-01 3.57011E-01 5.82473E-01 7.67948E-02 4.71562E-02 3.33773E-02 8.43760E-01
0.00000E+00 0.00000E+00 4.31776E-02 1.03688E-01 1.39544E-01 4.37960E-01 6.45494E-01 5.63575E-02 0.00000E+00 0.00000E+00 1.34545E+00
0.00000E+00 0.00000E+00 4.71326E-02 1.04774E-01 1.39015E-01 4.38300E-01 6.54614E-01 6.00769E-02 0.00000E+00 0.00000E+00 1.39563E+00
0.00000E+00 3.96013E-03 5.00627E-02 1.05323E-01 1.38217E-01 4.37393E-01 6.60184E-01 6.27548E-02 3.96013E-03 0.00000E+00 1.40779E+00
0.00000E+00 8.71816E-03 5.22582E-02 1.05461E-01 1.37186E-01 4.35665E-01 6.63460E-01 6.46944E-02 8.71816E-03 0.00000E+00 1.40124E+00
0.00000E+00 1.25625E-02 5.39017E-02 1.05286E-01 1.35973E-01 4.33377E-01 6.65140E-01 6.60844E-02 1.25625E-02 0.00000E+00 1.38604E+00
0.00000E+00 1.57140E-02 5.51345E-02 1.04892E-01 1.34649E-01 4.30722E-01 6.65665E-01 6.70701E-02 1.57140E-02 0.00000E+00 1.36543E+00
0.00000E+00 1.83277E-02 5.60548E-02 1.04344E-01 1.33258E-01 4.27829E-01 6.65339E-01 6.77517E-02 1.83277E-02 0.00000E+00 1.34151E+00
0.00000E+00 2.05159E-02 5.67333E-02 1.03686E-01 1.31832E-01 4.24784E-01 6.64373E-01 6.82006E-02 2.05159E-02 0.00000E+00 1.31567E+00
1.01126E-03 2.23670E-02 5.72340E-02 1.02969E-01 1.30413E-01 4.21676E-01 6.62941E-01 6.84823E-02 2.23670E-02 1.01126E-03 1.28641E+00
3.36124E-03 2.39454E-02 5.75937E-02 1.02210E-01 1.29009E-01 4.18539E-01 6.61151E-01 6.86331E-02 2.39454E-02 3.36124E-03 1.25362E+00
5.41221E-03 2.52903E-02 5.78205E-02 1.01394E-01 1.27590E-01 4.15348E-01 6.59053E-01 6.86586E-02 2.52903E-02 5.41221E-03 1.22163E+00
7.21086E-03 2.64398E-02 5.79393E-02 1.00537E-01 1.26168E-01 4.12131E-01 6.56713E-01 6.85837E-02 2.64398E-02 7.21086E-03 1.19057E+00
8.79494E-03 2.74244E-02 5.79699E-02 9.96515E-02 1.24752E-01 4.08907E-01 6.54183E-01 6.84278E-02 2.74244E-02 8.79494E-03 1.16054E+00
1.01953E-02 2.82691E-02 5.79282E-02 9.87475E-02 1.23348E-01 4.05692E-01 6.51504E-01 6.82066E-02 2.82691E-02 1.01953E-02 1.13159E+00
1.14372E-02 2.89941E-02 5.78270E-02 9.78325E-02 1.21961E-01 4.02496E-01 6.48708E-01 6.79326E-02 2.89941E-02 1.14372E-02 1.10371E+00
1.25420E-02 2.96164E-02 5.76767E-02 9.69124E-02 1.20593E-01 3.99330E-01 6.45824E-01 6.76160E-02 2.96164E-02 1.25420E-02 1.07692E+00
1.35272E-02 3.01500E-02 5.74860E-02 9.59917E-02 1.19248E-01 3.96198E-01 6.42872E-01 6.72651E-02 3.01500E-02 1.35272E-02 1.05119E+00
1.44078E-02 3.06068E-02 5.72619E-02 9.50741E-02 1.17927E-01 3.93106E-01 6.39871E-01 6.68865E-02 3.06068E-02 1.44078E-02 1.02649E+00
1.51964E-02 3.09967E-02 5.70103E-02 9.41624E-02 1.16630E-01 3.90057E-01 6.36835E-01 6.64859E-02 3.09967E-02 1.51964E-02 1.00279E+00
1.59039E-02 3.13282E-02 5.67361E-02 9.32588E-02 1.15360E-01 3.87055E-01 6.33777E-01 6.60680E-02 3.13282E-02 1.59039E-02 9.80047E-01
1.65396E-02 3.16086E-02 5.64433E-02 9.23651E-02 1.14115E-01 3.84100E-01 6.30705E-01 6.56364E-02 3.16086E-02 1.65396E-02 9.58225E-01
1.71114E-02 3.18441E-02 5.61355E-02 9.14824E-02 1.12897E-01 3.81193E-01 6.27628E-01 6.51945E-02 3.18441E-02 1.71114E-02 9.37281E-01
1.76263E-02 3.20399E-02 5.58154E-02 9.06119E-02 1.11705E-01 3.78336E-01 6.24554E-01 6.47448E-02 3.20399E-02 1.76263E-02 9.17175E-01
1.80903E-02 3.22008E-02 5.54856E-02 8.97542E-02 1.10538E-01 3.75528E-01 6.21487E-01 6.42896E-02 3.22008E-02 1.80903E-02 8.97869E-01
1.85087E-02 3.23307E-02 5.51481E-02 8.89099E-02 1.09397E-01 3.72769E-01 6.18432E-01 6.38308E-02 3.23307E-02 1.85087E-02 8.79322E-01
1.88860E-02 3.24332E-02 5.48047E-02 8.80794E-02 1.08281E-01 3.70059E-01 6.15394E-01 6.33699E-02 3.24332E-02 1.88860E-02 8.61498E-01
1.92264E-02 3.25112E-02 5.44569E-02 8.72628E-02 1.07190E-01 3.67398E-01 6.12374E-01 6.29082E-02 3.25112E-02 1.92264E-02 8.44362E-01
1.95335E-02 3.25676E-02 5.41059E-02 8.64603E-02 1.06123E-01 3.64785E-01 6.09377E-01 6.24469E-02 3.25676E-02 1.95335E-02 8.27878E-01
1.98104E-02 3.26047E-02 5.37529E-02 8.56719E-02 1.05079E-01 3.62219E-01 6.06404E-01 6.19868E-02 3.26047E-02 1.98104E-02 8.12014E-01
2.00600E-02 3.26245E-02 5.33987E-02 8.48977E-02 1.04058E-01 3.59699E-01 6.03456E-01 6.15287E-02 3.26245E-02 2.00600E-02 7.96740E-01
2.02847E-02 3.26288E-02 5.30442E-02 8.41374E-02 1.03060E-01 3.57224E-01 6.00536E-01 6.10734E-02 3.26288E-02 2.02847E-02 7.82026E-01
2.04869E-02 3.26194E-02 5.26901E-02 8.33911E-02 1.02083E-01 3.54794E-01 5.97644E-01 6.06212E-02 3.26194E-02 2.04869E-02 7.67845E-01
2.06684E-02 3.25977E-02 5.23368E-02 8.26584E-02 1.01127E-01 3.52407E-01 5.94781E-01 6.01728E-02 3.25977E-02 2.06684E-02 7.54171E-01
2.08312E-02 3.25650E-02 5.19850E-02 8.19392E-02 1.00192E-01 3.50063E-01 5.91948E-01 5.97283E-02 3.25650E-02 2.08312E-02 7.40978E-01
2.09768E-02 3.25223E-02 5.16350E-02 8.12333E-02 9.92763E-02 3.47761E-01 5.89145E-01 5.92883E-02 3.25223E-02 2.09768E-02 7.28243E-01
2.11067E-02 3.24709E-02 5.12872E-02 8.05405E-02 9.83803E-02 3.45499E-01 5.86373E-01 5.88528E-02 3.24709E-02 2.11067E-02 7.15945E-01
2.12222E-02 3.24115E-02 5.09419E-02 7.98604E-02 9.75030E-02 3.43276E-01 5.83632E-01 5.84221E-02 3.24115E-02 2.12222E-02 7.04062E-01
2.13245E-02 3.23450E-02 5.05993E-02 7.91929E-02 9.66440E-02 3.41092E-01 5.80922E-01 5.79963E-02 3.23450E-02 2.13245E-02 6.92576E-01
2.14146E-02 3.22721E-02 5.02596E-02 7.85377E-02 9.58027E-02 3.38946E-01 5.78243E-01 5.75756E-02 3.22721E-02 2.14146E-02 6.81467E-01
2.14937E-02 3.21936E-02 4.99231E-02 7.78945E-02 9.49785E-02 3.36836E-01 5.75595E-01 5.71601E-02 3.21936E-02 2.14937E-02 6.70719E-01
2.15625E-02 3.21099E-02 4.95899E-02 7.72630E-02 9.41711E-02 3.34762E-01 5.72977E-01 5.67498E-02 3.21099E-02 2.15625E-02 6.60314E-01
2.16218E-02 3.20218E-02 4.92600E-02 7.66430E-02 9.33797E-02 3.32723E-01 5.70390E-01 5.63448E-02 3.20218E-02 2.16218E-02 6.50237E-01
2.16724E-02 3.19296E-02 4.89336E-02 7.60342E-02 9.26041E-02 3.30719E-01 5.67834E-01 5.59450E-02 3.19296E-02 2.16724E-02 6.40474E-01
2.17150E-02 3.18338E-02 4.86107E-02 7.54364E-02 9.18438E-02 3.28747E-01 5.65308E-01 5.55505E-02 3.18338E-02 2.17150E-02 6.31011E-01
2.17502E-02 3.17347E-02 4.82915E-02 7.48492E-02 9.10982E-02 3.26807E-01 5.62811E-01 5.51614E-02 3.17347E-02 2.17502E-02 6.21834E-01
2.17785E-02 3.16329E-02 4.79759E-02 7.42725E-02 9.03670E-02 3.24899E-01 5.60345E-01 5.47775E-02 3.16329E-02 2.17785E-02 6.12931E-01
2.18006E-02 3.15285E-02 4.76640E-02 7.37059E-02 8.96497E-02 3.23022E-01 5.57907E-01 5.43988E-02 3.15285E-02 2.18006E-02 6.04291E-01
2.18167E-02 3.14219E-02 4.73558E-02 7.31492E-02 8.89460E-02 3.21175E-01 5.55498E-01 5.40253E-02 3.14219E-02 2.18167E-02 5.95902E-01
2.18274E-02 3.13134E-02 4.70513E-02 7.26023E-02 8.82555E-02 3.19356E-01 5.53118E-01 5.36570E-02 3.13134E-02 2.18274E-02 5.87754E-01
2.18332E-02 3.12032E-02 4.67505E-02 7.20647E-02 8.75777E-02 3.17567E-01 5.50766E-01 5.32937E-02 3.12032E-02 2.18332E-02 5.79836E-01
0.00000E+00 0.00000E+00 3.28474E-02 8.74170E-02 1.19965E-01 4.49108E-01 7.01452E-01 4.78221E-02 0.00000E+00 0.00000E+00 1.12437E+00
0.00000E+00 0.00000E+00 3.53144E-02 8.67121E-02 1.17441E-01 4.43568E-01 7.02144E-01 4.95256E-02 0.00000E+00 0.00000E+00 1.14732E+00
0.00000E+00 2.86988E-03 3.70562E-02 8.58659E-02 1.15109E-01 4.37862E-01 7.00623E-01 5.06140E-02 2.86988E-03 0.00000E+00 1.14112E+00
0.00000E+00 6.26136E-03 3.82830E-02 8.48872E-02 1.12861E-01 4.32075E-01 6.97736E-01 5.12645E-02 6.26136E-03 0.00000E+00 1.12148E+00
0.00000E+00 8.94932E-03 3.91283E-02 8.38062E-02 1.10670E-01 4.26283E-01 6.93963E-01 5.15934E-02 8.94932E-03 0.00000E+00 1.09642E+00
0.00000E+00 1.11119E-02 3.96973E-02 8.26706E-02 1.08551E-01 4.20570E-01 6.89617E-01 5.16961E-02 1.11119E-02 0.00000E+00 1.06851E+00
0.00000E+00 1.28724E-02 4.00617E-02 8.15106E-02 1.06510E-01 4.14982E-01 6.84904E-01 5.16366E-02 1.28724E-02 0.00000E+00 1.03935E+00
0.00000E+00 1.43190E-02 4.02720E-02 8.03454E-02 1.04549E-01 4.09543E-01 6.79963E-01 5.14593E-02 1.43190E-02 0.00000E+00 1.00991E+00
6.91013E-04 1.55202E-02 4.03744E-02 7.92042E-02 1.02687E-01 4.04303E-01 6.74923E-01 5.12075E-02 1.55202E-02 6.91013E-04 9.79070E-01
2.28475E-03 1.65252E-02 4.03935E-02 7.80898E-02 1.00916E-01 3.99251E-01 6.69838E-01 5.09008E-02 1.65252E-02 2.28475E-03 9.46664E-01
3.66071E-03 1.73641E-02 4.03329E-02 7.69795E-02 9.91956E-02 3.94323E-01 6.64692E-01 5.05362E-02 1.73641E-02 3.66071E-03 9.15703E-01
4.85454E-03 1.80658E-02 4.02095E-02 7.58803E-02 9.75290E-02 3.89523E-01 6.59523E-01 5.01285E-02 1.80658E-02 4.85454E-03 8.86208E-01
5.89483E-03 1.86529E-02 4.00368E-02 7.47970E-02 9.59157E-02 3.84851E-01 6.54359E-01 4.96889E-02 1.86529E-02 5.89483E-03 8.58160E-01
6.80476E-03 1.91439E-02 3.98251E-02 7.37331E-02 9.43552E-02 3.80309E-01 6.49223E-01 4.92264E-02 1.91439E-02 6.80476E-03 8.31518E-01
7.60327E-03 1.95538E-02 3.95829E-02 7.26908E-02 9.28462E-02 3.75894E-01 6.44129E-01 4.87477E-02 1.95538E-02 7.60327E-03 8.06227E-01
8.30601E-03 1.98949E-02 3.93168E-02 7.16716E-02 9.13872E-02 3.71603E-01 6.39089E-01 4.82583E-02 1.98949E-02 8.30601E-03 7.82223E-01
8.92597E-03 2.01771E-02 3.90321E-02 7.06764E-02 8.99766E-02 3.67432E-01 6.34113E-01 4.77623E-02 2.01771E-02 8.92597E-03 7.59439E-01
9.47405E-03 2.04091E-02 3.87332E-02 6.97055E-02 8.86127E-02 3.63379E-01 6.29206E-01 4.72631E-02 2.04091E-02 9.47405E-03 7.37808E-01
9.95942E-03 2.05978E-02 3.84236E-02 6.87592E-02 8.72934E-02 3.59440E-01 6.24373E-01 4.67632E-02 2.05978E-02 9.95942E-03 7.17262E-01
1.03899E-02 2.07491E-02 3.81061E-02 6.78372E-02 8.60171E-02 3.55609E-01 6.19617E-01 4.62648E-02 2.07491E-02 1.03899E-02 6.97736E-01
1.07720E-02 2.08682E-02 3.77831E-02 6.69393E-02 8.47818E-02 3.51884E-01 6.14940E-01 4.57695E-02 2.08682E-02 1.07720E-02 6.79168E-01
1.11116E-02 2.09592E-02 3.74564E-02 6.60650E-02 8.35859E-02 3.48260E-01 6.10342E-01 4.52785E-02 2.09592E-02 1.11116E-02 6.61499E-01
1.14135E-02 2.10259E-02 3.71278E-02 6.52138E-02 8.24276E-02 3.44733E-01 6.05826E-01 4.47929E-02 2.10259E-02 1.14135E-02 6.44675E-01
1.16819E-02 2.10712E-02 3.67983E-02 6.43851E-02 8.13052E-02 3.41299E-01 6.01389E-01 4.43134E-02 2.10712E-02 1.16819E-02 6.28642E-01
1.19205E-02 2.10981E-02 3.64692E-02 6.35783E-02 8.02172E-02 3.37956E-01 5.97032E-01 4.38406E-02 2.10981E-02 1.19205E-02 6.13351E-01
1.21325E-02 2.11087E-02 3.61412E-02 6.27928E-02 7.91620E-02 3.34699E-01 5.92754E-01 4.33749E-02 2.11087E-02 1.21325E-02 5.98759E-01
1.23207E-02 2.11050E-02 3.58152E-02 6.20279E-02 7.81383E-02 3.31525E-01 5.88553E-01 4.29167E-02 2.11050E-02 1.23207E-02 5.84821E-01
1.24876E-02 2.10890E-02 3.54915E-02 6.12828E-02 7.71446E-02 3.28430E-01 5.84429E-01 4.24661E-02 2.10890E-02 1.24876E-02 5.71498E-01
1.26354E-02 2.10620E-02 3.51708E-02 6.05571E-02 7.61796E-02 3.25412E-01 5.80380E-01 4.20234E-02 2.10620E-02 1.26354E-02 5.58755E-01
1.27659E-02 2.10254E-02 3.48534E-02 5.98500E-02 7.52422E-02 3.22468E-01 5.76405E-01 4.15886E-02 2.10254E-02 1.27659E-02 5.46555E-01
1.28808E-02 2.09804E-02 3.45395E-02 5.91609E-02 7.43311E-02 3.19595E-01 5.72501E-01 4.11617E-02 2.09804E-02 1.28808E-02 5.34868E-01
1.29817E-02 2.09281E-02 3.42295E-02 5.84891E-02 7.34452E-02 3.16789E-01 5.68668E-01 4.07428E-02 2.09281E-02 1.29817E-02 5.23664E-01
1.30699E-02 2.08692E-02 3.39236E-02 5.78341E-02 7.25835E-02 3.14049E-01 5.64904E-01 4.03317E-02 2.08692E-02 1.30699E-02 5.12915E-01
1.31465E-02 2.08047E-02 3.36218E-02 5.71953E-02 7.17449E-02 3.11372E-01 5.61207E-01 3.99285E-02 2.08047E-02 1.31465E-02 5.02596E-01
1.32127E-02 2.07353E-02 3.33242E-02 5.65722E-02 7.09286E-02 3.08756E-01 5.57575E-01 3.95330E-02 2.07353E-02 1.32127E-02 4.92682E-01
1.32694E-02 2.06615E-02 3.30310E-02 5.59641E-02 7.01336E-02 3.06199E-01 5.54007E-01 3.91450E-02 2.06615E-02 1.32694E-02 4.83152E-01
1.33175E-02 2.05839E-02 3.27422E-02 5.53706E-02 6.93591E-02 3.03698E-01 5.50502E-01 3.87646E-02 2.05839E-02 1.33175E-02 4.73985E-01
1.33577E-02 2.05030E-02 3.24578E-02 5.47911E-02 6.86042E-02 3.01251E-01 5.47057E-01 3.83915E-02 2.05030E-02 1.33577E-02 4.65161E-01
1.33907E-02 2.04193E-02 3.21779E-02 5.42252E-02 6.78683E-02 2.98857E-01 5.43672E-01 3.80257E-02 2.04193E-02 1.33907E-02 4.56661E-01
1.34172E-02 2.03331E-02 3.19023E-02 5.36724E-02 6.71505E-02 2.96513E-01 5.40344E-01 3.76669E-02 2.03331E-02 1.34172E-02 4.48471E-01
1.34378E-02 2.02449E-02 3.16311E-02 5.31322E-02 6.64502E-02 2.94219E-01 5.37072E-01 3.73150E-02 2.02449E-02 1.34378E-02 4.40572E-01
1.34528E-02 2.01548E-02 3.13643E-02 5.26043E-02 6.57667E-02 2.91971E-01 5.33855E-01 3.69699E-02 2.01548E-02 1.34528E-02 4.32951E-01
1.34629E-02 2.00632E-02 3.11018E-02 5.20882E-02 6.50994E-02 2.89770E-01 5.30692E-01 3.66314E-02 2.00632E-02 1.34629E-02 4.25594E-01
1.34685E-02 1.99703E-02 3.08436E-02 5.15835E-02 6.44477E-02 2.87612E-01 5.27580E-01 3.62994E-02 1.99703E-02 1.34685E-02 4.18488E-01
1.34698E-02 1.98764E-02 3.05895E-02 5.10898E-02 6.38110E-02 2.85497E-01 5.24519E-01 3.59737E-02 1.98764E-02 1.34698E-02 4.11620E-01
1.34674E-02 1.97817E-02 3.03397E-02 5.06069E-02 6.31888E-02 2.83424E-01 5.21507E-01 3.56541E-02 1.97817E-02 1.34674E-02 4.04979E-01
1.34614E-02 1.96862E-02 3.00939E-02 5.01342E-02 6.25806E-02 2.81390E-01 5.18544E-01 3.53405E-02 1.96862E-02 1.34614E-02 3.98554E-01
1.34522E-02 1.95903E-02 2.98521E-02 4.96716E-02 6.19859E-02 2.79395E-01 5.15627E-01 3.50328E-02 1.95903E-02 1.34522E-02 3.92336E-01
1.34401E-02 1.94940E-02 2.96143E-02 4.92186E-02 6.14042E-02 2.77438E-01 5.12756E-01 3.47308E-02 1.94940E-02 1.34401E-02 3.86314E-01
1.34253E-02 1.93974E-02 2.93804E-02 4.87750E-02 6.08352E-02 2.75517E-01 5.09929E-01 3.44344E-02 1.93974E-02 1.34253E-02 3.80480E-01
0.00000E+00 0.00000E+00 2.26924E-02 6.90050E-02 9.67802E-02 4.51841E-01 7.51297E-01 3.67514E-02 0.00000E+00 0.00000E+00 9.37434E-01
0.00000E+00 0.00000E+00 2.41546E-02 6.72330E-02 9.31796E-02 4.40113E-01 7.41715E-01 3.70912E-02 0.00000E+00 0.00000E+00 9.35059E-01
0.00000E+00 1.96183E-03 2.51076E-02 6.55888E-02 9.00602E-02 4.29448E-01 7.31734E-01 3.71424E-02 1.96183E-03 0.00000E+00 9.11913E-01
0.00000E+00 4.23064E-03 2.57093E-02 6.40064E-02 8.72324E-02 4.19536E-01 7.21624E-01 3.69871E-02 4.23064E-03 0.00000E+00 8.80637E-01
0.00000E+00 5.98458E-03 2.60580E-02 6.24697E-02 8.46165E-02 4.10239E-01 7.11557E-01 3.66842E-02 5.98458E-03 0.00000E+00 8.47314E-01
0.00000E+00 7.36187E-03 2.62308E-02 6.09914E-02 8.21900E-02 4.01512E-01 7.01667E-01 3.62884E-02 7.36187E-03 0.00000E+00 8.13812E-01
0.00000E+00 8.45638E-03 2.62786E-02 5.95766E-02 7.99323E-02 3.93307E-01 6.92027E-01 3.58345E-02 8.45638E-03 0.00000E+00 7.81132E-01
0.00000E+00 9.33407E-03 2.62363E-02 5.82259E-02 7.78255E-02 3.85576E-01 6.82673E-01 3.53454E-02 9.33407E-03 0.00000E+00 7.49793E-01
4.40487E-04 1.00451E-02 2.61353E-02 5.69512E-02 7.58707E-02 3.78322E-01 6.73675E-01 3.48455E-02 1.00451E-02 4.40487E-04 7.18864E-01
1.44731E-03 1.06248E-02 2.59912E-02 5.57454E-02 7.40478E-02 3.71489E-01 6.65014E-01 3.43421E-02 1.06248E-02 1.44731E-03 6.88067E-01
2.30533E-03 1.10951E-02 2.58050E-02 5.45827E-02 7.23162E-02 3.64964E-01 6.56592E-01 3.38270E-02 1.10951E-02 2.30533E-03 6.59295E-01
3.04032E-03 1.14763E-02 2.55876E-02 5.34632E-02 7.06700E-02 3.58727E-01 6.48411E-01 3.33073E-02 1.14763E-02 3.04032E-03 6.32431E-01
3.67269E-03 1.17844E-02 2.53473E-02 5.23863E-02 6.91035E-02 3.52761E-01 6.40470E-01 3.27878E-02 1.17844E-02 3.67269E-03 6.07348E-01
4.21884E-03 1.20321E-02 2.50904E-02 5.13509E-02 6.76115E-02 3.47046E-01 6.32764E-01 3.22724E-02 1.20321E-02 4.21884E-03 5.83918E-01
4.69202E-03 1.22295E-02 2.48219E-02 5.03555E-02 6.61889E-02 3.41567E-01 6.25288E-01 3.17636E-02 1.22295E-02 4.69202E-03 5.62014E-01
5.10309E-03 1.23848E-02 2.45455E-02 4.93985E-02 6.48311E-02 3.36309E-01 6.18033E-01 3.12633E-02 1.23848E-02 5.10309E-03 5.41519E-01
5.46099E-03 1.25049E-02 2.42641E-02 4.84782E-02 6.35338E-02 3.31257E-01 6.10993E-01 3.07726E-02 1.25049E-02 5.46099E-03 5.22320E-01
5.77315E-03 1.25951E-02 2.39802E-02 4.75929E-02 6.22930E-02 3.26399E-01 6.04159E-01 3.02927E-02 1.25951E-02 5.77315E-03 5.04315E-01
6.04577E-03 1.26603E-02 2.36955E-02 4.67410E-02 6.11052E-02 3.21724E-01 5.97523E-01 2.98238E-02 1.26603E-02 6.04577E-03 4.87409E-01
6.28406E-03 1.27040E-02 2.34115E-02 4.59207E-02 5.99669E-02 3.17219E-01 5.91078E-01 2.93664E-02 1.27040E-02 6.28406E-03 4.71515E-01
6.49243E-03 1.27296E-02 2.31291E-02 4.51306E-02 5.88751E-02 3.12876E-01 5.84815E-01 2.89207E-02 1.27296E-02 6.49243E-03 4.56555E-01
6.67464E-03 1.27397E-02 2.28494E-02 4.43690E-02 5.78268E-02 3.08685E-01 5.78727E-01 2.84865E-02 1.27397E-02 6.67464E-03 4.42454E-01
6.83389E-03 1.27365E-02 2.25729E-02 4.36346E-02 5.68196E-02 3.04637E-01 5.72807E-01 2.80639E-02 1.27365E-02 6.83389E-03 4.29148E-01
6.97294E-03 1.27220E-02 2.23001E-02 4.29260E-02 5.58509E-02 3.00724E-01 5.67048E-01 2.76527E-02 1.27220E-02 6.97294E-03 4.16577E-01
7.09415E-03 1.26979E-02 2.20315E-02 4.22420E-02 5.49185E-02 2.96940E-01 5.61442E-01 2.72525E-02 1.26979E-02 7.09415E-03 4.04685E-01
7.19957E-03 1.26654E-02 2.17673E-02 4.15812E-02 5.40204E-02 2.93276E-01 5.55984E-01 2.68633E-02 1.26654E-02 7.19957E-03 3.93423E-01
7.29100E-03 1.26259E-02 2.15078E-02 4.09425E-02 5.31545E-02 2.89728E-01 5.50667E-01 2.64847E-02 1.26259E-02 7.29100E-03 3.82745E-01
7.36998E-03 1.25803E-02 2.12529E-02 4.03249E-02 5.23193E-02 2.86289E-01 5.45487E-01 2.61164E-02 1.25803E-02 7.36998E-03 3.72611E-01
7.43786E-03 1.25296E-02 2.10030E-02 3.97274E-02 5.15129E-02 2.82953E-01 5.40436E-01 2.57580E-02 1.25296E-02 7.43786E-03 3.62981E-01
7.49585E-03 1.24744E-02 2.07579E-02 3.91489E-02 5.07339E-02 2.79716E-01 5.35510E-01 2.54094E-02 1.24744E-02 7.49585E-03 3.53821E-01
7.54499E-03 1.24156E-02 2.05177E-02 3.85886E-02 4.99808E-02 2.76573E-01 5.30704E-01 2.50702E-02 1.24156E-02 7.54499E-03 3.45100E-01
7.58620E-03 1.23535E-02 2.02823E-02 3.80456E-02 4.92523E-02 2.73519E-01 5.26014E-01 2.47400E-02 1.23535E-02 7.58620E-03 3.36788E-01
7.62031E-03 1.22888E-02 2.00518E-02 3.75192E-02 4.85473E-02 2.70550E-01 5.21434E-01 2.44186E-02 1.22888E-02 7.62031E-03 3.28859E-01
7.64803E-03 1.22218E-02 1.98261E-02 3.70085E-02 4.78644E-02 2.67663E-01 5.16960E-01 2.41057E-02 1.22218E-02 7.64803E-03 3.21288E-01
7.67001E-03 1.21530E-02 1.96051E-02 3.65129E-02 4.72027E-02 2.64853E-01 5.12590E-01 2.38009E-02 1.21530E-02 7.67001E-03 3.14052E-01
7.68683E-03 1.20827E-02 1.93888E-02 3.60317E-02 4.65611E-02 2.62118E-01 5.08317E-01 2.35040E-02 1.20827E-02 7.68683E-03 3.07130E-01
7.69899E-03 1.20111E-02 1.91769E-02 3.55642E-02 4.59387E-02 2.59453E-01 5.04140E-01 2.32147E-02 1.20111E-02 7.69899E-03 3.00504E-01
7.70695E-03 1.19386E-02 1.89696E-02 3.51099E-02 4.53347E-02 2.56857E-01 5.00054E-01 2.29328E-02 1.19386E-02 7.70695E-03 2.94155E-01
7.71113E-03 1.18653E-02 1.87666E-02 3.46683E-02 4.47480E-02 2.54326E-01 4.96057E-01 2.26579E-02 1.18653E-02 7.71113E-03 2.88067E-01
7.71188E-03 1.17915E-02 1.85679E-02 3.42387E-02 4.41781E-02 2.51857E-01 4.92145E-01 2.23899E-02 1.17915E-02 7.71188E-03 2.82225E-01
7.70954E-03 1.17173E-02 1.83733E-02 3.38207E-02 4.36242E-02 2.49449E-01 4.88314E-01 2.21285E-02 1.17173E-02 7.70954E-03 2.76615E-01
7.70442E-03 1.16428E-02 1.81828E-02 3.34138E-02 4.30855E-02 2.47098E-01 4.84563E-01 2.18735E-02 1.16428E-02 7.70442E-03 2.71223E-01
7.69676E-03 1.15682E-02 1.79962E-02 3.30175E-02 4.25614E-02 2.44802E-01 4.80889E-01 2.16246E-02 1.15682E-02 7.69676E-03 2.66039E-01
7.68683E-03 1.14937E-02 1.78136E-02 3.26315E-02 4.20513E-02 2.42560E-01 4.77288E-01 2.13816E-02 1.14937E-02 7.68683E-03 2.61049E-01
7.67482E-03 1.14192E-02 1.76346E-02 3.22553E-02 4.15547E-02 2.40368E-01 4.73759E-01 2.11444E-02 1.14192E-02 7.67482E-03 2.56245E-01
7.66096E-03 1.13450E-02 1.74594E-02 3.18885E-02 4.10709E-02 2.38227E-01 4.70300E-01 2.09127E-02 1.13450E-02 7.66096E-03 2.51615E-01
7.64540E-03 1.12710E-02 1.72877E-02 3.15308E-02 4.05995E-02 2.36132E-01 4.66907E-01 2.06863E-02 1.12710E-02 7.64540E-03 2.47151E-01
7.62833E-03 1.11973E-02 1.71195E-02 3.11819E-02 4.01400E-02 2.34083E-01 4.63579E-01 2.04652E-02 1.11973E-02 7.62833E-03 2.42845E-01
7.60987E-03 1.11241E-02 1.69546E-02 3.08414E-02 3.96919E-02 2.32079E-01 4.60313E-01 2.02490E-02 1.11241E-02 7.60987E-03 2.38688E-01
7.59018E-03 1.10513E-02 1.67931E-02 3.05089E-02 3.92547E-02 2.30117E-01 4.57109E-01 2.00376E-02 1.10513E-02 7.59018E-03 2.34673E-01
0.00000E+00 0.00000E+00 1.38496E-02 5.01127E-02 7.24925E-02 4.42028E-01 7.85914E-01 2.41372E-02 0.00000E+00 0.00000E+00 7.83515E-01
0.00000E+00 0.00000E+00 1.46177E-02 4.78763E-02 6.85318E-02 4.23788E-01 7.64150E-01 2.38092E-02 0.00000E+00 0.00000E+00 7.51078E-01
0.00000E+00 1.20647E-03 1.50607E-02 4.59449E-02 6.52251E-02 4.08085E-01 7.44421E-01 2.34059E-02 1.20647E-03 0.00000E+00 7.09656E-01
0.00000E+00 2.56715E-03 1.52872E-02 4.42018E-02 6.23325E-02 3.94109E-01 7.26186E-01 2.29448E-02 2.56715E-03 0.00000E+00 6.67256E-01
0.00000E+00 3.58881E-03 1.53633E-02 4.25979E-02 5.97413E-02 3.81456E-01 7.09187E-01 2.24453E-02 3.58881E-03 0.00000E+00 6.27250E-01
0.00000E+00 4.36830E-03 1.53403E-02 4.11195E-02 5.74027E-02 3.69921E-01 6.93308E-01 2.19323E-02 4.36830E-03 0.00000E+00 5.90235E-01
0.00000E+00 4.96997E-03 1.52509E-02 3.97534E-02 5.52779E-02 3.59340E-01 6.78441E-01 2.14199E-02 4.96997E-03 0.00000E+00 5.56311E-01
0.00000E+00 5.43811E-03 1.51167E-02 3.84874E-02 5.33360E-02 3.49583E-01 6.64484E-01 2.09163E-02 5.43811E-03 0.00000E+00 5.25349E-01
2.52174E-04 5.80552E-03 1.49566E-02 3.73205E-02 5.15653E-02 3.40594E-01 6.51423E-01 2.04322E-02 5.80552E-03 2.52174E-04 4.96398E-01
8.22826E-04 6.09497E-03 1.47792E-02 3.62394E-02 4.99397E-02 3.32266E-01 6.39148E-01 1.99678E-02 6.09497E-03 8.22826E-04 4.68972E-01
1.30217E-03 6.32076E-03 1.45844E-02 3.52193E-02 4.84208E-02 3.24436E-01 6.27464E-01 1.95143E-02 6.32076E-03 1.30217E-03 4.44006E-01
1.70697E-03 6.49564E-03 1.43782E-02 3.42560E-02 4.69982E-02 3.17056E-01 6.16326E-01 1.90735E-02 6.49564E-03 1.70697E-03 4.21233E-01
2.05033E-03 6.62952E-03 1.41651E-02 3.33452E-02 4.56629E-02 3.10085E-01 6.05695E-01 1.86467E-02 6.62952E-03 2.05033E-03 4.00413E-01
2.34266E-03 6.73012E-03 1.39483E-02 3.24831E-02 4.44069E-02 3.03486E-01 5.95535E-01 1.82344E-02 6.73012E-03 2.34266E-03 3.81335E-01
2.59230E-03 6.80357E-03 1.37302E-02 3.16661E-02 4.32232E-02 2.97229E-01 5.85812E-01 1.78367E-02 6.80357E-03 2.59230E-03 3.63811E-01
2.80600E-03 6.85476E-03 1.35127E-02 3.08908E-02 4.21056E-02 2.91283E-01 5.76496E-01 1.74537E-02 6.85476E-03 2.80600E-03 3.47677E-01
2.98924E-03 6.88762E-03 1.32970E-02 3.01543E-02 4.10485E-02 2.85625E-01 5.67561E-01 1.70849E-02 6.88762E-03 2.98924E-03 3.32788E-01
3.14656E-03 6.90535E-03 1.30840E-02 2.94536E-02 4.00470E-02 2.80233E-01 5.58981E-01 1.67300E-02 6.90535E-03 3.14656E-03 3.19019E-01
3.28169E-03 6.91053E-03 1.28746E-02 2.87864E-02 3.90968E-02 2.75085E-01 5.50733E-01 1.63885E-02 6.91053E-03 3.28169E-03 3.06256E-01
3.39775E-03 6.90531E-03 1.26692E-02 2.81503E-02 3.81937E-02 2.70164E-01 5.42796E-01 1.60598E-02 6.90531E-03 3.39775E-03 2.94401E-01
3.49736E-03 6.89144E-03 1.24681E-02 2.75431E-02 3.73344E-02 2.65454E-01 5.35151E-01 1.57436E-02 6.89144E-03 3.49736E-03 2.83367E-01
3.58272E-03 6.87039E-03 1.22715E-02 2.69629E-02 3.65156E-02 2.60941E-01 5.27781E-01 1.54391E-02 6.87039E-03 3.58272E-03 2.73078E-01
3.65568E-03 6.84338E-03 1.20796E-02 2.64080E-02 3.57344E-02 2.56611E-01 5.20669E-01 1.51459E-02 6.84338E-03 3.65568E-03 2.63466E-01
3.71785E-03 6.81141E-03 1.18924E-02 2.58767E-02 3.49882E-02 2.52452E-01 5.13801E-01 1.48634E-02 6.81141E-03 3.71785E-03 2.54469E-01
3.77059E-03 6.77535E-03 1.17100E-02 2.53675E-02 3.42746E-02 2.48453E-01 5.07164E-01 1.45912E-02 6.77535E-03 3.77059E-03 2.46033E-01
3.81504E-03 6.73590E-03 1.15323E-02 2.48791E-02 3.35915E-02 2.44605E-01 5.00743E-01 1.43288E-02 6.73590E-03 3.81504E-03 2.38112E-01
3.85223E-03 6.69368E-03 1.13593E-02 2.44102E-02 3.29369E-02 2.40899E-01 4.94528E-01 1.40756E-02 6.69368E-03 3.85223E-03 2.30661E-01
3.88301E-03 6.64921E-03 1.11909E-02 2.39596E-02 3.23089E-02 2.37325E-01 4.88509E-01 1.38312E-02 6.64921E-03 3.88301E-03 2.23642E-01
3.90815E-03 6.60290E-03 1.10270E-02 2.35262E-02 3.17060E-02 2.33876E-01 4.82674E-01 1.35953E-02 6.60290E-03 3.90815E-03 2.17020E-01
3.92830E-03 6.55515E-03 1.08674E-02 2.31091E-02 3.11265E-02 2.30546E-01 4.77014E-01 1.33674E-02 6.55515E-03 3.92830E-03 2.10764E-01
3.94404E-03 6.50625E-03 1.07121E-02 2.27074E-02 3.05692E-02 2.27327E-01 4.71522E-01 1.31471E-02 6.50625E-03 3.94404E-03 2.04846E-01
3.95585E-03 6.45647E-03 1.05610E-02 2.23202E-02 3.00328E-02 2.24214E-01 4.66188E-01 1.29341E-02 6.45647E-03 3.95585E-03 1.99241E-01
3.96420E-03 6.40606E-03 1.04140E-02 2.19467E-02 2.95159E-02 2.21201E-01 4.61006E-01 1.27280E-02 6.40606E-03 3.96420E-03 1.93925E-01
3.96945E-03 6.35520E-03 1.02708E-02 2.15861E-02 2.90177E-02 2.18284E-01 4.55968E-01 1.25286E-02 6.35520E-03 3.96945E-03 1.88878E-01
3.97196E-03 6.30405E-03 1.01314E-02 2.12379E-02 2.85369E-02 2.15456E-01 4.51067E-01 1.23354E-02 6.30405E-03 3.97196E-03 1.84080E-01
3.97203E-03 6.25277E-03 9.99568E-03 2.09013E-02 2.80728E-02 2.12714E-01 4.46298E-01 1.21483E-02 6.25277E-03 3.97203E-03 1.79514E-01
3.96993E-03 6.20147E-03 9.86350E-03 2.05758E-02 2.76244E-02 2.10053E-01 4.41655E-01 1.19669E-02 6.20147E-03 3.96993E-03 1.75164E-01
3.96589E-03 6.15026E-03 9.73475E-03 2.02609E-02 2.71909E-02 2.07470E-01 4.37132E-01 1.17910E-02 6.15026E-03 3.96589E-03 1.71016E-01
3.96012E-03 6.09922E-03 9.60931E-03 1.99559E-02 2.67716E-02 2.04961E-01 4.32724E-01 1.16204E-02 6.09922E-03 3.96012E-03 1.67057E-01
3.95282E-03 6.04844E-03 9.48707E-03 1.96605E-02 2.63658E-02 2.02523E-01 4.28426E-01 1.14547E-02 6.04844E-03 3.95282E-03 1.63274E-01
3.94415E-03 5.99797E-03 9.36792E-03 1.93742E-02 2.59727E-02 2.00152E-01 4.24235E-01 1.12939E-02 5.99797E-03 3.94415E-03 1.59656E-01
3.93426E-03 5.94787E-03 9.25175E-03 1.90965E-02 2.55918E-02 1.97845E-01 4.20144E-01 1.11377E-02 5.94787E-03 3.93426E-03 1.56194E-01
3.92329E-03 5.89818E-03 9.13847E-03 1.88271E-02 2.52226E-02 1.95600E-01 4.16152E-01 1.09859E-02 5.89818E-03 3.92329E-03 1.52877E-01
3.91135E-03 5.84894E-03 9.02797E-03 1.85656E-02 2.48644E-02 1.93414E-01 4.12253E-01 1.08383E-02 5.84894E-03 3.91135E-03 1.49696E-01
3.89856E-03 5.80019E-03 8.92016E-03 1.83116E-02 2.45167E-02 1.91285E-01 4.08444E-01 1.06948E-02 5.80019E-03 3.89856E-03 1.46645E-01
3.88501E-03 5.75195E-03 8.81495E-03 1.80649E-02 2.41792E-02 1.89210E-01 4.04721E-01 1.05552E-02 5.75195E-03 3.88501E-03 1.43715E-01
3.87079E-03 5.70424E-03 8.71225E-03 1.78250E-02 2.38513E-02 1.87186E-01 4.01083E-01 1.04193E-02 5.70424E-03 3.87079E-03 1.40899E-01
3.85597E-03 5.65707E-03 8.61197E-03 1.75917E-02 2.35326E-02 1.85213E-01 3.97524E-01 1.02869E-02 5.65707E-03 3.85597E-03 1.38191E-01
3.84064E-03 5.61047E-03 8.51404E-03 1.73648E-02 2.32228E-02 1.83287E-01 3.94043E-01 1.01581E-02 5.61047E-03 3.84064E-03 1.35585E-01
3.82485E-03 5.56444E-03 8.41837E-03 1.71440E-02 2.29214E-02 1.81408E-01 3.90637E-01 1.00325E-02 5.56444E-03 3.82485E-03 1.33076E-01
0.00000E+00 0.00000E+00 7.18586E-03 3.25613E-02 4.92575E-02 4.11754E-01 7.90867E-01 1.25164E-02 0.00000E+00 0.00000E+00 6.19902E-01
0.00000E+00 0.00000E+00 7.45992E-03 3.03534E-02 4.55031E-02 3.87406E-01 7.55778E-01 1.20834E-02 0.00000E+00 0.00000E+00 5.61160E-01
0.00000E+00 6.13258E-04 7.58611E-03 2.85522E-02 4.24888E-02 3.67251E-01 7.25777E-01 1.16815E-02 6.13258E-04 0.00000E+00 5.07573E-01
0.00000E+00 1.28949E-03 7.61313E-03 2.70042E-02 3.99415E-02 3.49881E-01 6.99255E-01 1.12912E-02 1.28949E-03 0.00000E+00 4.60615E-01
0.00000E+00 1.78354E-03 7.57267E-03 2.56380E-02 3.77283E-02 3.34576E-01 6.75392E-01 1.09098E-02 1.78354E-03 0.00000E+00 4.20232E-01
0.00000E+00 2.15004E-03 7.49062E-03 2.44210E-02 3.57822E-02 3.20943E-01 6.53749E-01 1.05437E-02 2.15004E-03 0.00000E+00 3.85416E-01
0.00000E+00 2.42469E-03 7.38297E-03 2.33286E-02 3.40537E-02 3.08690E-01 6.33983E-01 1.01956E-02 2.42469E-03 0.00000E+00 3.55259E-01
0.00000E+00 2.63168E-03 7.25990E-03 2.23412E-02 3.25056E-02 2.97591E-01 6.15824E-01 9.86621E-03 2.63168E-03 0.00000E+00 3.28992E-01
1.22047E-04 2.78839E-03 7.13006E-03 2.14496E-02 3.11178E-02 2.87529E-01 5.99148E-01 9.55837E-03 2.78839E-03 1.22047E-04 3.05586E-01
3.95637E-04 2.90679E-03 6.99697E-03 2.06385E-02 2.98635E-02 2.78338E-01 5.83738E-01 9.26995E-03 2.90679E-03 3.95637E-04 2.84386E-01
6.22327E-04 2.99472E-03 6.86003E-03 1.98875E-02 2.87097E-02 2.69812E-01 5.69292E-01 8.99489E-03 2.99472E-03 6.22327E-04 2.65609E-01
8.11165E-04 3.05874E-03 6.72178E-03 1.91901E-02 2.76445E-02 2.61877E-01 5.55713E-01 8.73305E-03 3.05874E-03 8.11165E-04 2.48896E-01
9.69166E-04 3.10387E-03 6.58398E-03 1.85409E-02 2.66579E-02 2.54466E-01 5.42917E-01 8.48405E-03 3.10387E-03 9.69166E-04 2.33952E-01
1.10183E-03 3.13398E-03 6.44784E-03 1.79348E-02 2.57412E-02 2.47527E-01 5.30831E-01 8.24735E-03 3.13398E-03 1.10183E-03 2.20531E-01
1.21352E-03 3.15206E-03 6.31418E-03 1.73679E-02 2.48870E-02 2.41011E-01 5.19391E-01 8.02235E-03 3.15206E-03 1.21352E-03 2.08427E-01
1.30773E-03 3.16050E-03 6.18357E-03 1.68363E-02 2.40891E-02 2.34878E-01 5.08542E-01 7.80841E-03 3.16050E-03 1.30773E-03 1.97469E-01
1.38728E-03 3.16117E-03 6.05635E-03 1.63369E-02 2.33419E-02 2.29093E-01 4.98234E-01 7.60490E-03 3.16117E-03 1.38728E-03 1.87512E-01
1.45446E-03 3.15558E-03 5.93275E-03 1.58667E-02 2.26407E-02 2.23625E-01 4.88424E-01 7.41120E-03 3.15558E-03 1.45446E-03 1.78433E-01
1.51117E-03 3.14494E-03 5.81286E-03 1.54233E-02 2.19811E-02 2.18446E-01 4.79073E-01 7.22669E-03 3.14494E-03 1.51117E-03 1.70127E-01
1.55896E-03 3.13021E-03 5.69673E-03 1.50044E-02 2.13597E-02 2.13533E-01 4.70147E-01 7.05083E-03 3.13021E-03 1.55896E-03 1.62507E-01
1.59913E-03 3.11220E-03 5.58433E-03 1.46080E-02 2.07730E-02 2.08864E-01 4.61614E-01 6.88307E-03 3.11220E-03 1.59913E-03 1.55494E-01
1.63275E-03 3.09156E-03 5.47563E-03 1.42323E-02 2.02181E-02 2.04420E-01 4.53446E-01 6.72290E-03 3.09156E-03 1.63275E-03 1.49023E-01
1.66074E-03 3.06880E-03 5.37054E-03 1.38758E-02 1.96926E-02 2.00184E-01 4.45619E-01 6.56986E-03 3.06880E-03 1.66074E-03 1.43037E-01
1.68387E-03 3.04439E-03 5.26895E-03 1.35369E-02 1.91941E-02 1.96141E-01 4.38109E-01 6.42352E-03 3.04439E-03 1.68387E-03 1.37485E-01
1.70278E-03 3.01866E-03 5.17077E-03 1.32144E-02 1.87204E-02 1.92277E-01 4.30895E-01 6.28345E-03 3.01866E-03 1.70278E-03 1.32325E-01
1.71803E-03 2.99193E-03 5.07587E-03 1.29071E-02 1.82699E-02 1.88579E-01 4.23960E-01 6.14930E-03 2.99193E-03 1.71803E-03 1.27518E-01
1.73010E-03 2.96444E-03 4.98414E-03 1.26139E-02 1.78407E-02 1.85037E-01 4.17285E-01 6.02070E-03 2.96444E-03 1.73010E-03 1.23030E-01
1.73939E-03 2.93639E-03 4.89546E-03 1.23339E-02 1.74314E-02 1.81641E-01 4.10855E-01 5.89732E-03 2.93639E-03 1.73939E-03 1.18833E-01
1.74626E-03 2.90797E-03 4.80970E-03 1.20663E-02 1.70406E-02 1.78380E-01 4.04655E-01 5.77888E-03 2.90797E-03 1.74626E-03 1.14900E-01
1.75100E-03 2.87930E-03 4.72676E-03 1.18101E-02 1.66671E-02 1.75246E-01 3.98673E-01 5.66508E-03 2.87930E-03 1.75100E-03 1.11208E-01
1.75389E-03 2.85052E-03 4.64650E-03 1.15646E-02 1.63097E-02 1.72232E-01 3.92895E-01 5.55566E-03 2.85052E-03 1.75389E-03 1.07737E-01
1.75515E-03 2.82171E-03 4.56883E-03 1.13293E-02 1.59674E-02 1.69330E-01 3.87312E-01 5.45038E-03 2.82171E-03 1.75515E-03 1.04467E-01
1.75499E-03 2.79296E-03 4.49362E-03 1.11034E-02 1.56392E-02 1.66534E-01 3.81911E-01 5.34902E-03 2.79296E-03 1.75499E-03 1.01383E-01
1.75356E-03 2.76434E-03 4.42079E-03 1.08864E-02 1.53243E-02 1.63839E-01 3.76684E-01 5.25136E-03 2.76434E-03 1.75356E-03 9.84689E-02
1.75104E-03 2.73591E-03 4.35023E-03 1.06778E-02 1.50218E-02 1.61237E-01 3.71622E-01 5.15721E-03 2.73591E-03 1.75104E-03 9.57126E-02
1.74755E-03 2.70770E-03 4.28184E-03 1.04771E-02 1.47311E-02 1.58725E-01 3.66716E-01 5.06638E-03 2.70770E-03 1.74755E-03 9.31015E-02
1.74321E-03 2.67977E-03 4.21553E-03 1.02838E-02 1.44514E-02 1.56297E-01 3.61959E-01 4.97871E-03 2.67977E-03 1.74321E-03 9.06250E-02
1.73812E-03 2.65213E-03 4.15121E-03 1.00976E-02 1.41822E-02 1.53949E-01 3.57344E-01 4.89403E-03 2.65213E-03 1.73812E-03 8.82731E-02
1.73238E-03 2.62482E-03 4.08881E-03 9.91805E-03 1.39227E-02 1.51676E-01 3.52863E-01 4.81219E-03 2.62482E-03 1.73238E-03 8.60371E-02
1.72607E-03 2.59786E-03 4.02823E-03 9.74480E-03 1.36726E-02 1.49476E-01 3.48510E-01 4.73306E-03 2.59786E-03 1.72607E-03 8.39087E-02
1.71926E-03 2.57125E-03 3.96942E-03 9.57752E-03 1.34313E-02 1.47344E-01 3.44280E-01 4.65650E-03 2.57125E-03 1.71926E-03 8.18806E-02
1.71201E-03 2.54502E-03 3.91229E-03 9.41591E-03 1.31984E-02 1.45278E-01 3.40167E-01 4.58240E-03 2.54502E-03 1.71201E-03 7.99460E-02
1.70438E-03 2.51917E-03 3.85678E-03 9.25969E-03 1.29733E-02 1.43273E-01 3.36166E-01 4.51063E-03 2.51917E-03 1.70438E-03 7.80989E-02
1.69643E-03 2.49371E-03 3.80281E-03 9.10857E-03 1.27558E-02 1.41328E-01 3.32272E-01 4.44108E-03 2.49371E-03 1.69643E-03 7.63335E-02
1.68818E-03 2.46864E-03 3.75034E-03 8.96232E-03 1.25454E-02 1.39439E-01 3.28480E-01 4.37367E-03 2.46864E-03 1.68818E-03 7.46446E-02
1.67970E-03 2.44397E-03 3.69930E-03 8.82070E-03 1.23418E-02 1.37604E-01 3.24787E-01 4.30828E-03 2.44397E-03 1.67970E-03 7.30276E-02
1.67100E-03 2.41969E-03 3.64963E-03 8.68349E-03 1.21447E-02 1.35821E-01 3.21188E-01 4.24483E-03 2.41969E-03 1.67100E-03 7.14780E-02
1.66213E-03 2.39580E-03 3.60129E-03 8.55049E-03 1.19537E-02 1.34086E-01 3.17679E-01 4.18324E-03 2.39580E-03 1.66213E-03 6.99918E-02
1.65311E-03 2.37231E-03 3.55421E-03 8.42151E-03 1.17686E-02 1.32399E-01 3.14256E-01 4.12343E-03 2.37231E-03 1.65311E-03 6.85652E-02
1.64397E-03 2.34921E-03 3.50836E-03 8.29636E-03 1.15891E-02 1.30757E-01 3.10917E-01 4.06531E-03 2.34921E-03 1.64397E-03 6.71948E-02
0.00000E+00 0.00000E+00 3.00335E-03 1.80521E-02 2.87164E-02 3.50927E-01 7.46360E-01 4.67458E-03 0.00000E+00 0.00000E+00 4.09247E-01
0.00000E+00 0.00000E+00 2.99146E-03 1.63033E-02 2.57458E-02 3.22908E-01 6.99196E-01 4.39580E-03 0.00000E+00 0.00000E+00 3.47373E-01
0.00000E+00 2.25778E-04 2.96582E-03 1.49558E-02 2.34643E-02 3.00485E-01 6.60401E-01 4.17713E-03 2.25778E-04 0.00000E+00 2.99434E-01
0.00000E+00 4.73620E-04 2.92306E-03 1.38515E-02 2.16075E-02 2.81698E-01 6.27163E-01 3.98596E-03 4.73620E-04 0.00000E+00 2.61540E-01
0.00000E+00 6.53041E-04 2.86662E-03 1.29151E-02 2.00455E-02 2.65541E-01 5.98031E-01 3.81112E-03 6.53041E-04 0.00000E+00 2.31220E-01
0.00000E+00 7.84491E-04 2.80270E-03 1.21082E-02 1.87095E-02 2.51451E-01 5.72198E-01 3.65065E-03 7.84491E-04 0.00000E+00 2.06557E-01
0.00000E+00 8.81488E-04 2.73515E-03 1.14041E-02 1.75512E-02 2.39022E-01 5.49070E-01 3.50294E-03 8.81488E-04 0.00000E+00 1.86199E-01
0.00000E+00 9.53245E-04 2.66639E-03 1.07830E-02 1.65357E-02 2.27953E-01 5.28194E-01 3.36663E-03 9.53245E-04 0.00000E+00 1.69175E-01
4.61299E-05 1.00615E-03 2.59853E-03 1.02337E-02 1.56420E-02 2.18068E-01 5.09324E-01 3.24146E-03 1.00615E-03 4.61299E-05 1.54602E-01
1.48971E-04 1.04475E-03 2.53213E-03 9.74300E-03 1.48477E-02 2.09166E-01 4.92136E-01 3.12580E-03 1.04475E-03 1.48971E-04 1.41886E-01
2.33485E-04 1.07238E-03 2.46671E-03 9.29684E-03 1.41288E-02 2.01014E-01 4.76236E-01 3.01719E-03 1.07238E-03 2.33485E-04 1.30901E-01
3.03293E-04 1.09149E-03 2.40280E-03 8.88933E-03 1.34751E-02 1.93518E-01 4.61472E-01 2.91516E-03 1.09149E-03 3.03293E-04 1.21339E-01
3.61192E-04 1.10395E-03 2.34077E-03 8.51557E-03 1.28779E-02 1.86596E-01 4.47717E-01 2.81926E-03 1.10395E-03 3.61192E-04 1.12957E-01
4.09363E-04 1.11117E-03 2.28080E-03 8.17151E-03 1.23302E-02 1.80182E-01 4.34864E-01 2.72903E-03 1.11117E-03 4.09363E-04 1.05561E-01
4.49527E-04 1.11426E-03 2.22300E-03 7.85370E-03 1.18259E-02 1.74220E-01 4.22819E-01 2.64405E-03 1.11426E-03 4.49527E-04 9.89971E-02
4.83056E-04 1.11407E-03 2.16739E-03 7.55922E-03 1.13601E-02 1.68661E-01 4.11504E-01 2.56392E-03 1.11407E-03 4.83056E-04 9.31394E-02
5.11052E-04 1.11128E-03 2.11396E-03 7.28558E-03 1.09285E-02 1.63464E-01 4.00849E-01 2.48828E-03 1.11128E-03 5.11052E-04 8.78855E-02
5.34410E-04 1.10644E-03 2.06267E-03 7.03061E-03 1.05274E-02 1.58593E-01 3.90794E-01 2.41678E-03 1.10644E-03 5.34410E-04 8.31511E-02
5.53860E-04 1.09995E-03 2.01346E-03 6.79247E-03 1.01537E-02 1.54017E-01 3.81286E-01 2.34912E-03 1.09995E-03 5.53860E-04 7.88664E-02
5.70001E-04 1.09218E-03 1.96625E-03 6.56953E-03 9.80474E-03 1.49709E-01 3.72279E-01 2.28501E-03 1.09218E-03 5.70001E-04 7.49730E-02
5.83330E-04 1.08339E-03 1.92097E-03 6.36037E-03 9.47805E-03 1.45646E-01 3.63732E-01 2.22420E-03 1.08339E-03 5.83330E-04 7.14219E-02
5.94261E-04 1.07380E-03 1.87752E-03 6.16375E-03 9.17159E-03 1.41805E-01 3.55607E-01 2.16644E-03 1.07380E-03 5.94261E-04 6.81717E-02
6.03138E-04 1.06361E-03 1.83582E-03 5.97857E-03 8.88354E-03 1.38169E-01 3.47873E-01 2.11153E-03 1.06361E-03 6.03138E-04 6.51872E-02
6.10253E-04 1.05296E-03 1.79579E-03 5.80386E-03 8.61228E-03 1.34721E-01 3.40500E-01 2.05925E-03 1.05296E-03 6.10253E-04 6.24382E-02
6.15851E-04 1.04196E-03 1.75734E-03 5.63876E-03 8.35640E-03 1.31446E-01 3.33463E-01 2.00944E-03 1.04196E-03 6.15851E-04 5.98989E-02
6.20140E-04 1.03073E-03 1.72040E-03 5.48248E-03 8.11461E-03 1.28331E-01 3.26736E-01 1.96193E-03 1.03073E-03 6.20140E-04 5.75471E-02
6.23299E-04 1.01933E-03 1.68489E-03 5.33435E-03 7.88580E-03 1.25365E-01 3.20299E-01 1.91656E-03 1.01933E-03 6.23299E-04 5.53634E-02
6.25478E-04 1.00783E-03 1.65074E-03 5.19374E-03 7.66894E-03 1.22536E-01 3.14132E-01 1.87320E-03 1.00783E-03 6.25478E-04 5.33309E-02
6.26808E-04 9.96301E-04 1.61788E-03 5.06009E-03 7.46313E-03 1.19835E-01 3.08219E-01 1.83172E-03 9.96301E-04 6.26808E-04 5.14350E-02
6.27401E-04 9.84773E-04 1.58624E-03 4.93290E-03 7.26755E-03 1.17254E-01 3.02542E-01 1.79199E-03 9.84773E-04 6.27401E-04 4.96628E-02
6.27355E-04 9.73286E-04 1.55576E-03 4.81171E-03 7.08145E-03 1.14783E-01 2.97086E-01 1.75393E-03 9.73286E-04 6.27355E-04 4.80029E-02
6.26751E-04 9.61870E-04 1.52639E-03 4.69611E-03 6.90417E-03 1.12417E-01 2.91840E-01 1.71742E-03 9.61870E-04 6.26751E-04 4.64451E-02
6.25664E-04 9.50550E-04 1.49806E-03 4.58572E-03 6.73510E-03 1.10148E-01 2.86789E-01 1.68237E-03 9.50550E-04 6.25664E-04 4.49808E-02
6.24157E-04 9.39344E-04 1.47073E-03 4.48020E-03 6.57368E-03 1.07970E-01 2.81923E-01 1.64869E-03 9.39344E-04 6.24157E-04 4.36018E-02
6.22285E-04 9.28269E-04 1.44435E-03 4.37924E-03 6.41941E-03 1.05878E-01 2.77232E-01 1.61632E-03 9.28269E-04 6.22285E-04 4.23012E-02
6.20095E-04 9.17337E-04 1.41887E-03 4.28254E-03 6.27183E-03 1.03866E-01 2.72704E-01 1.58517E-03 9.17337E-04 6.20095E-04 4.10726E-02
6.17631E-04 9.06559E-04 1.39425E-03 4.18984E-03 6.13052E-03 1.01931E-01 2.68333E-01 1.55519E-03 9.06559E-04 6.17631E-04 3.99104E-02
6.14930E-04 8.95941E-04 1.37044E-03 4.10091E-03 5.99509E-03 1.00067E-01 2.64109E-01 1.52630E-03 8.95941E-04 6.14930E-04 3.88094E-02
6.12023E-04 8.85489E-04 1.34742E-03 4.01551E-03 5.86518E-03 9.82703E-02 2.60025E-01 1.49844E-03 8.85489E-04 6.12023E-04 3.77651E-02
6.08941E-04 8.75208E-04 1.32513E-03 3.93344E-03 5.74047E-03 9.65379E-02 2.56073E-01 1.47158E-03 8.75208E-04 6.08941E-04 3.67733E-02
6.05707E-04 8.65100E-04 1.30356E-03 3.85452E-03 5.62065E-03 9.48660E-02 2.52247E-01 1.44564E-03 8.65100E-04 6.05707E-04 3.58302E-02
6.02344E-04 8.55167E-04 1.28266E-03 3.77856E-03 5.50544E-03 9.32514E-02 2.48540E-01 1.42059E-03 8.55167E-04 6.02344E-04 3.49324E-02
5.98872E-04 8.45409E-04 1.26241E-03 3.70541E-03 5.39458E-03 9.16911E-02 2.44948E-01 1.39638E-03 8.45409E-04 5.98872E-04 3.40767E-02
5.95309E-04 8.35827E-04 1.24278E-03 3.63491E-03 5.28785E-03 9.01823E-02 2.41464E-01 1.37298E-03 8.35827E-04 5.95309E-04 3.32605E-02
5.91669E-04 8.26421E-04 1.22374E-03 3.56691E-03 5.18500E-03 8.87226E-02 2.38083E-01 1.35033E-03 8.26421E-04 5.91669E-04 3.24809E-02
5.87966E-04 8.17188E-04 1.20526E-03 3.50131E-03 5.08584E-03 8.73095E-02 2.34801E-01 1.32841E-03 8.17188E-04 5.87966E-04 3.17358E-02
5.84213E-04 8.08127E-04 1.18733E-03 3.43795E-03 4.99018E-03 8.59407E-02 2.31613E-01 1.30718E-03 8.08127E-04 5.84213E-04 3.10228E-02
5.80420E-04 7.99236E-04 1.16991E-03 3.37675E-03 4.89783E-03 8.46142E-02 2.28516E-01 1.28662E-03 7.99236E-04 5.80420E-04 3.03401E-02
5.76596E-04 7.90514E-04 1.15299E-03 3.31758E-03 4.80862E-03 8.33280E-02 2.25504E-01 1.26668E-03 7.90514E-04 5.76596E-04 2.96857E-02
5.72750E-04 7.81956E-04 1.13655E-03 3.26036E-03 4.72241E-03 8.20802E-02 2.22575E-01 1.24734E-03 7.81956E-04 5.72750E-04 2.90580E-02
0.00000E+00 0.00000E+00 9.10085E-04 7.75577E-03 1.26324E-02 2.55011E-01 6.32340E-01 1.14132E-03 0.00000E+00 0.00000E+00 1.85646E-01
0.00000E+00 0.00000E+00 8.31735E-04 6.74256E-03 1.09208E-02 2.28558E-01 5.78607E-01 1.01837E-03 0.00000E+00 0.00000E+00 1.48893E-01
0.00000E+00 4.75594E-05 7.85904E-04 6.00237E-03 9.66460E-03 2.08058E-01 5.35836E-01 9.41409E-04 4.75594E-05 0.00000E+00 1.23319E-01
0.00000E+00 1.03289E-04 7.52036E-04 5.42235E-03 8.68071E-03 1.91343E-01 5.00182E-01 8.84322E-04 1.03289E-04 0.00000E+00 1.04572E-01
0.00000E+00 1.45947E-04 7.23204E-04 4.94898E-03 7.88009E-03 1.77306E-01 4.69662E-01 8.37465E-04 1.45947E-04 0.00000E+00 9.03783E-02
0.00000E+00 1.78512E-04 6.97457E-04 4.55409E-03 7.21465E-03 1.65319E-01 4.43157E-01 7.97380E-04 1.78512E-04 0.00000E+00 7.93332E-02
0.00000E+00 2.03352E-04 6.73871E-04 4.21894E-03 6.65210E-03 1.54944E-01 4.19867E-01 7.62162E-04 2.03352E-04 0.00000E+00 7.05382E-02
0.00000E+00 2.22272E-04 6.51966E-04 3.93048E-03 6.16985E-03 1.45862E-01 3.99199E-01 7.30666E-04 2.22272E-04 0.00000E+00 6.33962E-02
1.22884E-05 2.36438E-04 6.31468E-04 3.68054E-03 5.75374E-03 1.37879E-01 3.80803E-01 7.02190E-04 2.36438E-04 1.22884E-05 5.74476E-02
3.98047E-05 2.46867E-04 6.12093E-04 3.46140E-03 5.39046E-03 1.30793E-01 3.64284E-01 6.76092E-04 2.46867E-04 3.98047E-05 5.23816E-02
6.25346E-05 2.54626E-04 5.93710E-04 3.26574E-03 5.06733E-03 1.24392E-01 3.49202E-01 6.51919E-04 2.54626E-04 6.25346E-05 4.80739E-02
8.13807E-05 2.60261E-04 5.76251E-04 3.08996E-03 4.77809E-03 1.18579E-01 3.35369E-01 6.29437E-04 2.60261E-04 8.13807E-05 4.43728E-02
9.70514E-05 2.64200E-04 5.59660E-04 2.93117E-03 4.51773E-03 1.13276E-01 3.22631E-01 6.08458E-04 2.64200E-04 9.70514E-05 4.11631E-02
1.10108E-04 2.66777E-04 5.43883E-04 2.78701E-03 4.28217E-03 1.08417E-01 3.10856E-01 5.88823E-04 2.66777E-04 1.10108E-04 3.83563E-02
1.20998E-04 2.68258E-04 5.28870E-04 2.65556E-03 4.06807E-03 1.03948E-01 2.99936E-01 5.70399E-04 2.68258E-04 1.20998E-04 3.58833E-02
1.30083E-04 2.68854E-04 5.14576E-04 2.53521E-03 3.87267E-03 9.98230E-02 2.89777E-01 5.53074E-04 2.68854E-04 1.30083E-04 3.36895E-02
1.37656E-04 2.68736E-04 5.00956E-04 2.42462E-03 3.69365E-03 9.60035E-02 2.80299E-01 5.36749E-04 2.68736E-04 1.37656E-04 3.17312E-02
1.43957E-04 2.68040E-04 4.87971E-04 2.32266E-03 3.52908E-03 9.24564E-02 2.71434E-01 5.21336E-04 2.68040E-04 1.43957E-04 2.99734E-02
1.49180E-04 2.66877E-04 4.75580E-04 2.22835E-03 3.37730E-03 8.91533E-02 2.63122E-01 5.06761E-04 2.66877E-04 1.49180E-04 2.83874E-02
1.53491E-04 2.65337E-04 4.63748E-04 2.14088E-03 3.23690E-03 8.60697E-02 2.55312E-01 4.92956E-04 2.65337E-04 1.53491E-04 2.69497E-02
1.57024E-04 2.63493E-04 4.52443E-04 2.05954E-03 3.10667E-03 8.31843E-02 2.47958E-01 4.79861E-04 2.63493E-04 1.57024E-04 2.56408E-02
1.59892E-04 2.61406E-04 4.41631E-04 1.98371E-03 2.98558E-03 8.04784E-02 2.41020E-01 4.67422E-04 2.61406E-04 1.59892E-04 2.44446E-02
1.62190E-04 2.59127E-04 4.31285E-04 1.91285E-03 2.87271E-03 7.79357E-02 2.34462E-01 4.55591E-04 2.59127E-04 1.62190E-04 2.33472E-02
1.64000E-04 2.56695E-04 4.21377E-04 1.84651E-03 2.76727E-03 7.55418E-02 2.28254E-01 4.44325E-04 2.56695E-04 1.64000E-04 2.23373E-02
1.65390E-04 2.54145E-04 4.11882E-04 1.78426E-03 2.66856E-03 7.32840E-02 2.22368E-01 4.33584E-04 2.54145E-04 1.65390E-04 2.14048E-02
1.66417E-04 2.51507E-04 4.02776E-04 1.72574E-03 2.57599E-03 7.11510E-02 2.16778E-01 4.23333E-04 2.51507E-04 1.66417E-04 2.05415E-02
1.67130E-04 2.48802E-04 3.94038E-04 1.67064E-03 2.48900E-03 6.91327E-02 2.11462E-01 4.13539E-04 2.48802E-04 1.67130E-04 1.97401E-02
1.67574E-04 2.46051E-04 3.85646E-04 1.61867E-03 2.40712E-03 6.72201E-02 2.06400E-01 4.04174E-04 2.46051E-04 1.67574E-04 1.89942E-02
1.67783E-04 2.43270E-04 3.77583E-04 1.56958E-03 2.32993E-03 6.54050E-02 2.01574E-01 3.95208E-04 2.43270E-04 1.67783E-04 1.82984E-02
1.67791E-04 2.40473E-04 3.69830E-04 1.52313E-03 2.25704E-03 6.36803E-02 1.96967E-01 3.86619E-04 2.40473E-04 1.67791E-04 1.76480E-02
1.67623E-04 2.37671E-04 3.62371E-04 1.47912E-03 2.18811E-03 6.20394E-02 1.92565E-01 3.78383E-04 2.37671E-04 1.67623E-04 1.70388E-02
1.67304E-04 2.34874E-04 3.55190E-04 1.43737E-03 2.12285E-03 6.04762E-02 1.88354E-01 3.70480E-04 2.34874E-04 1.67304E-04 1.64671E-02
1.66855E-04 2.32089E-04 3.48274E-04 1.39772E-03 2.06097E-03 5.89855E-02 1.84321E-01 3.62890E-04 2.32089E-04 1.66855E-04 1.59296E-02
1.66292E-04 2.29323E-04 3.41608E-04 1.36001E-03 2.00222E-03 5.75623E-02 1.80455E-01 3.55595E-04 2.29323E-04 1.66292E-04 1.54234E-02
1.65633E-04 2.26582E-04 3.35181E-04 1.32411E-03 1.94639E-03 5.62021E-02 1.76746E-01 3.48580E-04 2.26582E-04 1.65633E-04 1.49460E-02
1.64889E-04 2.23869E-04 3.28980E-04 1.28989E-03 1.89326E-03 5.49009E-02 1.73184E-01 3.41828E-04 2.23869E-04 1.64889E-04 1.44950E-02
1.64075E-04 2.21189E-04 3.22994E-04 1.25724E-03 1.84265E-03 5.36550E-02 1.69761E-01 3.35326E-04 2.21189E-04 1.64075E-04 1.40684E-02
1.63199E-04 2.18544E-04 3.17214E-04 1.22606E-03 1.79439E-03 5.24609E-02 1.66468E-01 3.29060E-04 2.18544E-04 1.63199E-04 1.36644E-02
1.62271E-04 2.15936E-04 3.11628E-04 1.19626E-03 1.74833E-03 5.13154E-02 1.63298E-01 3.23019E-04 2.15936E-04 1.62271E-04 1.32812E-02
1.61299E-04 2.13368E-04 3.06229E-04 1.16774E-03 1.70432E-03 5.02158E-02 1.60245E-01 3.17190E-04 2.13368E-04 1.61299E-04 1.29173E-02
1.60291E-04 2.10841E-04 3.01008E-04 1.14043E-03 1.66224E-03 4.91592E-02 1.57301E-01 3.11564E-04 2.10841E-04 1.60291E-04 1.25714E-02
1.59252E-04 2.08356E-04 2.95956E-04 1.11425E-03 1.62196E-03 4.81433E-02 1.54461E-01 3.06131E-04 2.08356E-04 1.59252E-04 1.22423E-02
1.58188E-04 2.05914E-04 2.91066E-04 1.08915E-03 1.58339E-03 4.71657E-02 1.51720E-01 3.00880E-04 2.05914E-04 1.58188E-04 1.19287E-02
1.57104E-04 2.03515E-04 2.86331E-04 1.06505E-03 1.54640E-03 4.62244E-02 1.49072E-01 2.95804E-04 2.03515E-04 1.57104E-04 1.16296E-02
1.56004E-04 2.01159E-04 2.81744E-04 1.04190E-03 1.51092E-03 4.53174E-02 1.46513E-01 2.90894E-04 2.01159E-04 1.56004E-04 1.13442E-02
1.54892E-04 1.98847E-04 2.77299E-04 1.01964E-03 1.47686E-03 4.44428E-02 1.44038E-01 2.86143E-04 1.98847E-04 1.54892E-04 1.10715E-02
1.53771E-04 1.96578E-04 2.72989E-04 9.98234E-04 1.44413E-03 4.35991E-02 1.41643E-01 2.81543E-04 1.96578E-04 1.53771E-04 1.08108E-02
1.52644E-04 1.94353E-04 2.68809E-04 9.77626E-04 1.41267E-03 4.27845E-02 1.39324E-01 2.77088E-04 1.94353E-04 1.52644E-04 1.05612E-02
1.51514E-04 1.92170E-04 2.64753E-04 9.57776E-04 1.38240E-03 4.19976E-02 1.37077E-01 2.72771E-04 1.92170E-04 1.51514E-04 1.03222E-02
1.50383E-04 1.90030E-04 2.60817E-04 9.38644E-04 1.35325E-03 4.12371E-02 1.34900E-01 2.68586E-04 1.90030E-04 1.50383E-04 1.00930E-02
0.00000E+00 0.00000E+00 1.59733E-04 2.14020E-03 3.24581E-03 1.39074E-01 4.43257E-01 1.66081E-04 0.00000E+00 0.00000E+00 4.11424E-02
0.00000E+00 0.00000E+00 1.26944E-04 1.78583E-03 2.69143E-03 1.20716E-01 3.93914E-01 1.30400E-04 0.00000E+00 0.00000E+00 3.28339E-02
0.00000E+00 3.31255E-06 1.10884E-04 1.53794E-03 2.30207E-03 1.06968E-01 3.55939E-01 1.12308E-04 3.31255E-06 0.00000E+00 2.74128E-02
0.00000E+00 9.25079E-06 1.01755E-04 1.35105E-03 2.00851E-03 9.60833E-02 3.25176E-01 1.01693E-04 9.25079E-06 0.00000E+00 2.35669E-02
0.00000E+00 1.51123E-05 9.58463E-05 1.20366E-03 1.77750E-03 8.71738E-02 2.99494E-01 9.46739E-05 1.51123E-05 0.00000E+00 2.06869E-02
0.00000E+00 2.03305E-05 9.16452E-05 1.08434E-03 1.59106E-03 7.97401E-02 2.77686E-01 8.96411E-05 2.03305E-05 0.00000E+00 1.84451E-02
0.00000E+00 2.47749E-05 8.84021E-05 9.85712E-04 1.43754E-03 7.34399E-02 2.58909E-01 8.57756E-05 2.47749E-05 0.00000E+00 1.66457E-02
0.00000E+00 2.84748E-05 8.57247E-05 9.02802E-04 1.30901E-03 6.80301E-02 2.42553E-01 8.26355E-05 2.84748E-05 0.00000E+00 1.51654E-02
2.08756E-06 3.14128E-05 8.33277E-05 8.32427E-04 1.20041E-03 6.33587E-02 2.28241E-01 7.99017E-05 3.14128E-05 2.08756E-06 1.39148E-02
6.85761E-06 3.36995E-05 8.10907E-05 7.71866E-04 1.10741E-03 5.92797E-02 2.15593E-01 7.74246E-05 3.36995E-05 6.85761E-06 1.28340E-02
1.08943E-05 3.55778E-05 7.90517E-05 7.18769E-04 1.02619E-03 5.56509E-02 2.04213E-01 7.52189E-05 3.55778E-05 1.08943E-05 1.18978E-02
1.43036E-05 3.70966E-05 7.71519E-05 6.71853E-04 9.54725E-04 5.24026E-02 1.93920E-01 7.32110E-05 3.70966E-05 1.43036E-05 1.10781E-02
1.71779E-05 3.83034E-05 7.53547E-05 6.30114E-04 8.91400E-04 4.94791E-02 1.84564E-01 7.13528E-05 3.83034E-05 1.71779E-05 1.03539E-02
1.95964E-05 3.92419E-05 7.36367E-05 5.92753E-04 8.34947E-04 4.68347E-02 1.76022E-01 6.96119E-05 3.92419E-05 1.95964E-05 9.70898E-03
2.16265E-05 3.99508E-05 7.19835E-05 5.59127E-04 7.84342E-04 4.44322E-02 1.68193E-01 6.79662E-05 3.99508E-05 2.16265E-05 9.13080E-03
2.33252E-05 4.04643E-05 7.03856E-05 5.28714E-04 7.38752E-04 4.22404E-02 1.60991E-01 6.64002E-05 4.04643E-05 2.33252E-05 8.60940E-03
2.47409E-05 4.08118E-05 6.88369E-05 5.01084E-04 6.97494E-04 4.02334E-02 1.54343E-01 6.49032E-05 4.08118E-05 2.47409E-05 8.13676E-03
2.59147E-05 4.10186E-05 6.73336E-05 4.75880E-04 6.60002E-04 3.83893E-02 1.48188E-01 6.34670E-05 4.10186E-05 2.59147E-05 7.70637E-03
2.68814E-05 4.11065E-05 6.58729E-05 4.52803E-04 6.25803E-04 3.66895E-02 1.42474E-01 6.20859E-05 4.11065E-05 2.68814E-05 7.31286E-03
2.76705E-05 4.10942E-05 6.44532E-05 4.31603E-04 5.94498E-04 3.51182E-02 1.37155E-01 6.07555E-05 4.10942E-05 2.76705E-05 6.95179E-03
2.83072E-05 4.09977E-05 6.30733E-05 4.12064E-04 5.65750E-04 3.36617E-02 1.32191E-01 5.94721E-05 4.09977E-05 2.83072E-05 6.61940E-03
2.88131E-05 4.08306E-05 6.17322E-05 3.94006E-04 5.39271E-04 3.23081E-02 1.27549E-01 5.82332E-05 4.08306E-05 2.88131E-05 6.31252E-03
2.92067E-05 4.06048E-05 6.04292E-05 3.77270E-04 5.14815E-04 3.10473E-02 1.23198E-01 5.70365E-05 4.06048E-05 2.92067E-05 6.02847E-03
2.95038E-05 4.03303E-05 5.91636E-05 3.61722E-04 4.92169E-04 2.98703E-02 1.19113E-01 5.58800E-05 4.03303E-05 2.95038E-05 5.76490E-03
2.97180E-05 4.00157E-05 5.79349E-05 3.47244E-04 4.71149E-04 2.87692E-02 1.15269E-01 5.47622E-05 4.00157E-05 2.97180E-05 5.51980E-03
2.98610E-05 3.96685E-05 5.67424E-05 3.33734E-04 4.51594E-04 2.77372E-02 1.11646E-01 5.36816E-05 3.96685E-05 2.98610E-05 5.29143E-03
2.99431E-05 3.92950E-05 5.55857E-05 3.21101E-04 4.33364E-04 2.67682E-02 1.08227E-01 5.26370E-05 3.92950E-05 2.99431E-05 5.07826E-03
2.99730E-05 3.89008E-05 5.44639E-05 3.09266E-04 4.16336E-04 2.58567E-02 1.04993E-01 5.16271E-05 3.89008E-05 2.99730E-05 4.87893E-03
2.99584E-05 3.84905E-05 5.33767E-05 2.98159E-04 4.00401E-04 2.49979E-02 1.01932E-01 5.06508E-05 3.84905E-05 2.99584E-05 4.69226E-03
2.99058E-05 3.80683E-05 5.23232E-05 2.87718E-04 3.85462E-04 2.41876E-02 9.90292E-02 4.97071E-05 3.80683E-05 2.99058E-05 4.51718E-03
2.98210E-05 3.76375E-05 5.13028E-05 2.77888E-04 3.71436E-04 2.34219E-02 9.62733E-02 4.87949E-05 3.76375E-05 2.98210E-05 4.35275E-03
2.97090E-05 3.72012E-05 5.03148E-05 2.68619E-04 3.58244E-04 2.26973E-02 9.36536E-02 4.79134E-05 3.72012E-05 2.97090E-05 4.19812E-03
2.95742E-05 3.67620E-05 4.93585E-05 2.59868E-04 3.45820E-04 2.20107E-02 9.11603E-02 4.70616E-05 3.67620E-05 2.95742E-05 4.05255E-03
2.94204E-05 3.63219E-05 4.84331E-05 2.51594E-04 3.34103E-04 2.13594E-02 8.87847E-02 4.62387E-05 3.63219E-05 2.94204E-05 3.91533E-03
2.92509E-05 3.58830E-05 4.75379E-05 2.43762E-04 3.23037E-04 2.07407E-02 8.65188E-02 4.54436E-05 3.58830E-05 2.92509E-05 3.78586E-03
2.90686E-05 3.54468E-05 4.66722E-05 2.36340E-04 3.12574E-04 2.01524E-02 8.43553E-02 4.46757E-05 3.54468E-05 2.90686E-05 3.66358E-03
2.88760E-05 3.50146E-05 4.58351E-05 2.29298E-04 3.02668E-04 1.95923E-02 8.22876E-02 4.39340E-05 3.50146E-05 2.88760E-05 3.54796E-03
2.86753E-05 3.45876E-05 4.50259E-05 2.22609E-04 2.93280E-04 1.90586E-02 8.03094E-02 4.32178E-05 3.45876E-05 2.86753E-05 3.43856E-03
2.84685E-05 3.41667E-05 4.42439E-05 2.16250E-04 2.84373E-04 1.85495E-02 7.84154E-02 4.25262E-05 3.41667E-05 2.84685E-05 3.33495E-03
2.82571E-05 3.37528E-05 4.34882E-05 2.10198E-04 2.75914E-04 1.80634E-02 7.66002E-02 4.18586E-05 3.37528E-05 2.82571E-05 3.23673E-03
2.80427E-05 3.33464E-05 4.27582E-05 2.04434E-04 2.67871E-04 1.75989E-02 7.48592E-02 4.12141E-05 3.33464E-05 2.80427E-05 3.14356E-03
2.78265E-05 3.29482E-05 4.20530E-05 1.98938E-04 2.60218E-04 1.71545E-02 7.31880E-02 4.05920E-05 3.29482E-05 2.78265E-05 3.05510E-03
2.76096E-05 3.25586E-05 4.13720E-05 1.93695E-04 2.52929E-04 1.67292E-02 7.15827E-02 3.99915E-05 3.25586E-05 2.76096E-05 2.97105E-03
2.73930E-05 3.21778E-05 4.07144E-05 1.88687E-04 2.45980E-04 1.63216E-02 7.00394E-02 3.94121E-05 3.21778E-05 2.73930E-05 2.89113E-03
2.71773E-05 3.18062E-05 4.00795E-05 1.83902E-04 2.39351E-04 1.59308E-02 6.85547E-02 3.88530E-05 3.18062E-05 2.71773E-05 2.81509E-03
2.69635E-05 3.14439E-05 3.94666E-05 1.79325E-04 2.33021E-04 1.55558E-02 6.71255E-02 3.83134E-05 3.14439E-05 2.69635E-05 2.74269E-03
2.67519E-05 3.10911E-05 3.88749E-05 1.74945E-04 2.26972E-04 1.51958E-02 6.57487E-02 3.77929E-05 3.10911E-05 2.67519E-05 2.67371E-03
2.65433E-05 3.07478E-05 3.83039E-05 1.70750E-04 2.21188E-04 1.48497E-02 6.44215E-02 3.72907E-05 3.07478E-05 2.65433E-05 2.60794E-03
2.63378E-05 3.04141E-05 3.77528E-05 1.66730E-04 2.15653E-04 1.45170E-02 6.31415E-02 3.68062E-05 3.04141E-05 2.63378E-05 2.54519E-03
2.61360E-05 3.00899E-05 3.72209E-05 1.62875E-04 2.10353E-04 1.41969E-02 6.19062E-02 3.63388E-05 3.00899E-05 2.61360E-05 2.48529E-03
0.00000E+00 0.00000E+00 9.81745E-06 2.52920E-04 2.82175E-04 4.29922E-02 2.14089E-01 6.59215E-06 0.00000E+00 0.00000E+00 9.78746E-04
0.00000E+00 0.00000E+00 6.30671E-06 2.01914E-04 2.22441E-04 3.57631E-02 1.82865E-01 -3.18347E-06 0.00000E+00 0.00000E+00 1.79962E-03
0.00000E+00 -1.13697E-07 4.86246E-06 1.67482E-04 1.82329E-04 3.05753E-02 1.59810E-01 -8.53770E-06 -1.13697E-07 0.00000E+00 2.16119E-03
0.00000E+00 1.67471E-07 4.32444E-06 1.42443E-04 1.53310E-04 2.66148E-02 1.41783E-01 -1.15270E-05 1.67471E-07 0.00000E+00 2.29617E-03
0.00000E+00 6.65408E-07 4.20144E-06 1.23358E-04 1.31312E-04 2.34756E-02 1.27194E-01 -1.31286E-05 6.65408E-07 0.00000E+00 2.31108E-03
0.00000E+00 1.21675E-06 4.26945E-06 1.08382E-04 1.14148E-04 2.09313E-02 1.15148E-01 -1.38600E-05 1.21675E-06 0.00000E+00 2.26349E-03
0.00000E+00 1.74929E-06 4.41752E-06 9.63512E-05 1.00438E-04 1.88312E-02 1.05038E-01 -1.40327E-05 1.74929E-06 0.00000E+00 2.18391E-03
0.00000E+00 2.23155E-06 4.58836E-06 8.64950E-05 8.92746E-05 1.70711E-02 9.64344E-02 -1.38436E-05 2.23155E-06 0.00000E+00 2.08896E-03
2.46692E-07 2.67084E-06 4.77293E-06 7.83525E-05 8.01079E-05 1.55851E-02 8.90682E-02 -1.34008E-05 2.67084E-06 2.46692E-07 1.98742E-03
8.24877E-07 3.07778E-06 4.96837E-06 7.15367E-05 7.24819E-05 1.43145E-02 8.26877E-02 -1.27802E-05 3.07778E-06 8.24877E-07 1.88398E-03
1.32335E-06 3.41753E-06 5.12852E-06 6.56658E-05 6.59568E-05 1.32057E-02 7.70535E-02 -1.20771E-05 3.41753E-06 1.32335E-06 1.78210E-03
1.74355E-06 3.68939E-06 5.24653E-06 6.05546E-05 6.03158E-05 1.22311E-02 7.20460E-02 -1.13343E-05 3.68939E-06 1.74355E-06 1.68345E-03
2.09027E-06 3.89661E-06 5.32095E-06 5.60629E-05 5.53945E-05 1.13690E-02 6.75697E-02 -1.05801E-05 3.89661E-06 2.09027E-06 1.58894E-03
2.36990E-06 4.04448E-06 5.35336E-06 5.20830E-05 5.10662E-05 1.06020E-02 6.35472E-02 -9.83335E-06 4.04448E-06 2.36990E-06 1.49902E-03
2.58942E-06 4.13911E-06 5.34699E-06 4.85305E-05 4.72320E-05 9.91585E-03 5.99153E-02 -9.10643E-06 4.13911E-06 2.58942E-06 1.41386E-03
2.75580E-06 4.18688E-06 5.30586E-06 4.53389E-05 4.38136E-05 9.29918E-03 5.66219E-02 -8.40701E-06 4.18688E-06 2.75580E-06 1.33347E-03
2.87576E-06 4.19398E-06 5.23431E-06 4.24552E-05 4.07487E-05 8.74251E-03 5.36236E-02 -7.73961E-06 4.19398E-06 2.87576E-06 1.25775E-03
2.95556E-06 4.16627E-06 5.13667E-06 3.98363E-05 3.79866E-05 8.23796E-03 5.08839E-02 -7.10657E-06 4.16627E-06 2.95556E-06 1.18656E-03
3.00093E-06 4.10916E-06 5.01709E-06 3.74472E-05 3.54862E-05 7.77896E-03 4.83723E-02 -6.50866E-06 4.10916E-06 3.00093E-06 1.11970E-03
3.01707E-06 4.02756E-06 4.87946E-06 3.52591E-05 3.32136E-05 7.35996E-03 4.60625E-02 -5.94561E-06 4.02756E-06 3.01707E-06 1.05698E-03
3.00867E-06 3.92592E-06 4.72735E-06 3.32481E-05 3.11408E-05 6.97626E-03 4.39323E-02 -5.41647E-06 3.92592E-06 3.00867E-06 9.98186E-04
2.97990E-06 3.80818E-06 4.56400E-06 3.13942E-05 2.92441E-05 6.62384E-03 4.19623E-02 -4.91979E-06 3.80818E-06 2.97990E-06 9.43117E-04
2.93447E-06 3.67788E-06 4.39232E-06 2.96804E-05 2.75039E-05 6.29925E-03 4.01359E-02 -4.45384E-06 3.67788E-06 2.93447E-06 8.91570E-04
2.87565E-06 3.53810E-06 4.21488E-06 2.80924E-05 2.59032E-05 5.99954E-03 3.84388E-02 -4.01676E-06 3.53810E-06 2.87565E-06 8.43349E-04
2.80633E-06 3.39157E-06 4.03398E-06 2.66179E-05 2.44277E-05 5.72211E-03 3.68583E-02 -3.60659E-06 3.39157E-06 2.80633E-06 7.98266E-04
2.72905E-06 3.24067E-06 3.85160E-06 2.52463E-05 2.30651E-05 5.46474E-03 3.53834E-02 -3.22138E-06 3.24067E-06 2.72905E-06 7.56143E-04
2.64602E-06 3.08747E-06 3.66951E-06 2.39685E-05 2.18047E-05 5.22547E-03 3.40043E-02 -2.85920E-06 3.08747E-06 2.64602E-06 7.16810E-04
2.55918E-06 2.93376E-06 3.48921E-06 2.27764E-05 2.06372E-05 5.00256E-03 3.27125E-02 -2.51821E-06 2.93376E-06 2.55918E-06 6.80104E-04
2.47019E-06 2.78109E-06 3.31199E-06 2.16630E-05 1.95545E-05 4.79451E-03 3.15002E-02 -2.19664E-06 2.78109E-06 2.47019E-06 6.45872E-04
2.38050E-06 2.63079E-06 3.13898E-06 2.06220E-05 1.85493E-05 4.59999E-03 3.03609E-02 -1.89282E-06 2.63079E-06 2.38050E-06 6.13969E-04
2.29136E-06 2.48396E-06 2.97111E-06 1.96481E-05 1.76155E-05 4.41779E-03 2.92884E-02 -1.60520E-06 2.48396E-06 2.29136E-06 5.84258E-04
2.20383E-06 2.34158E-06 2.80916E-06 1.87362E-05 1.67474E-05 4.24687E-03 2.82772E-02 -1.33232E-06 2.34158E-06 2.20383E-06 5.56609E-04
2.11882E-06 2.20442E-06 2.65379E-06 1.78820E-05 1.59398E-05 4.08628E-03 2.73227E-02 -1.07282E-06 2.20442E-06 2.11882E-06 5.30899E-04
2.03709E-06 2.07315E-06 2.50553E-06 1.70815E-05 1.51885E-05 3.93517E-03 2.64203E-02 -8.25468E-07 2.07315E-06 2.03709E-06 5.07012E-04
1.95928E-06 1.94831E-06 2.36481E-06 1.63310E-05 1.44893E-05 3.79280E-03 2.55662E-02 -5.89117E-07 1.94831E-06 1.95928E-06 4.84839E-04
1.88592E-06 1.83032E-06 2.23195E-06 1.56274E-05 1.38385E-05 3.65847E-03 2.47568E-02 -3.62718E-07 1.83032E-06 1.88592E-06 4.64276E-04
1.81742E-06 1.71953E-06 2.10720E-06 1.49677E-05 1.32328E-05 3.53157E-03 2.39889E-02 -1.45313E-07 1.71953E-06 1.81742E-06 4.45225E-04
1.75415E-06 1.61618E-06 1.99074E-06 1.43492E-05 1.26693E-05 3.41154E-03 2.32594E-02 6.39720E-08 1.61618E-06 1.75415E-06 4.27594E-04
1.69637E-06 1.52046E-06 1.88267E-06 1.37692E-05 1.21451E-05 3.29789E-03 2.25659E-02 2.65930E-07 1.52046E-06 1.69637E-06 4.11294E-04
1.64427E-06 1.43248E-06 1.78306E-06 1.32257E-05 1.16577E-05 3.19015E-03 2.19058E-02 4.61282E-07 1.43248E-06 1.64427E-06 3.96245E-04
1.59801E-06 1.35231E-06 1.69190E-06 1.27164E-05 1.12048E-05 3.08791E-03 2.12769E-02 6.50680E-07 1.35231E-06 1.59801E-06 3.82366E-04
1.55767E-06 1.27997E-06 1.60917E-06 1.22393E-05 1.07843E-05 2.99079E-03 2.06772E-02 8.34710E-07 1.27997E-06 1.55767E-06 3.69586E-04
1.52330E-06 1.21542E-06 1.53478E-06 1.17927E-05 1.03942E-05 2.89845E-03 2.01048E-02 1.01390E-06 1.21542E-06 1.52330E-06 3.57834E-04
1.49491E-06 1.15861E-06 1.46864E-06 1.13748E-05 1.00325E-05 2.81055E-03 1.95580E-02 1.18874E-06 1.15861E-06 1.49491E-06 3.47044E-04
1.47247E-06 1.10944E-06 1.41061E-06 1.09841E-05 9.69777E-06 2.72682E-03 1.90352E-02 1.35964E-06 1.10944E-06 1.47247E-06 3.37154E-04
1.45594E-06 1.06779E-06 1.36053E-06 1.06190E-05 9.38826E-06 2.64699E-03 1.85350E-02 1.52699E-06 1.06779E-06 1.45594E-06 3.28106E-04
1.44522E-06 1.03351E-06 1.31824E-06 1.02782E-05 9.10252E-06 2.57081E-03 1.80559E-02 1.69112E-06 1.03351E-06 1.44522E-06 3.19844E-04
1.44023E-06 1.00646E-06 1.28354E-06 9.96042E-06 8.83918E-06 2.49806E-03 1.75969E-02 1.85235E-06 1.00646E-06 1.44023E-06 3.12316E-04
1.44085E-06 9.86447E-07 1.25623E-06 9.66435E-06 8.59696E-06 2.42853E-03 1.71567E-02 2.01094E-06 9.86447E-07 1.44085E-06 3.05472E-04
1.44693E-06 9.73285E-07 1.23610E-06 9.38888E-06 8.37464E-06 2.36202E-03 1.67342E-02 2.16712E-06 9.73285E-07 1.44693E-06 2.99265E-04
0.00000E+00 0.00000E+00 4.49084E-07 8.68559E-06 1.32409E-05 3.09616E-03 3.98525E-02 -1.07849E-04 0.00000E+00 0.00000E+00 -3.03289E-04
0.00000E+00 0.00000E+00 -5.15020E-08 6.25444E-06 8.98934E-06 2.40531E-03 3.19067E-02 -1.11945E-04 0.00000E+00 0.00000E+00 -2.23885E-04
0.00000E+00 2.59023E-07 2.55217E-07 5.07581E-06 6.23297E-06 1.94121E-03 2.64044E-02 -1.09560E-04 2.59023E-07 0.00000E+00 -1.76059E-04
0.00000E+00 8.88300E-07 8.89690E-07 4.52098E-06 4.33960E-06 1.60635E-03 2.23314E-02 -1.04037E-04 8.88300E-07 0.00000E+00 -1.30145E-04
0.00000E+00 1.60899E-06 1.61622E-06 4.27520E-06 2.97153E-06 1.35383E-03 1.91905E-02 -9.70083E-05 1.60899E-06 0.00000E+00 -8.30964E-05
0.00000E+00 2.30148E-06 2.31486E-06 4.17249E-06 1.94078E-06 1.15814E-03 1.67076E-02 -8.93742E-05 2.30148E-06 0.00000E+00 -3.69540E-05
0.00000E+00 2.90841E-06 2.92805E-06 4.12141E-06 1.13091E-06 1.00308E-03 1.47047E-02 -8.16468E-05 2.90841E-06 0.00000E+00 5.53423E-06
0.00000E+00 3.40477E-06 3.43061E-06 4.07114E-06 4.67080E-07 8.77902E-04 1.30614E-02 -7.41158E-05 3.40477E-06 0.00000E+00 4.24364E-05
2.32981E-07 3.86004E-06 3.89190E-06 4.07457E-06 -1.45638E-08 7.75887E-04 1.17012E-02 -6.68973E-05 3.86004E-06 2.32981E-07 7.23035E-05
7.41910E-07 4.28056E-06 4.31815E-06 4.12126E-06 -3.44128E-07 6.91500E-04 1.05594E-02 -6.00577E-05 4.28056E-06 7.41910E-07 9.47667E-05
1.12981E-06 4.54431E-06 4.58734E-06 4.07135E-06 -6.85057E-07 6.19975E-04 9.58009E-03 -5.36999E-05 4.54431E-06 1.12981E-06 1.10940E-04
1.40645E-06 4.67039E-06 4.71859E-06 3.93498E-06 -1.03937E-06 5.58803E-04 8.73324E-03 -4.78272E-05 4.67039E-06 1.40645E-06 1.21394E-04
1.58380E-06 4.67808E-06 4.73115E-06 3.72394E-06 -1.40583E-06 5.06064E-04 7.99561E-03 -4.24269E-05 4.67808E-06 1.58380E-06 1.26820E-04
1.67448E-06 4.58573E-06 4.64338E-06 3.45035E-06 -1.78142E-06 4.60265E-04 7.34892E-03 -3.74768E-05 4.58573E-06 1.67448E-06 1.27955E-04
1.69092E-06 4.41028E-06 4.47221E-06 3.12585E-06 -2.16236E-06 4.20233E-04 6.77859E-03 -3.29498E-05 4.41028E-06 1.69092E-06 1.25521E-04
1.64483E-06 4.16700E-06 4.23292E-06 2.76126E-06 -2.54460E-06 3.85033E-04 6.27288E-03 -2.88163E-05 4.16700E-06 1.64483E-06 1.20202E-04
1.54698E-06 3.86946E-06 3.93909E-06 2.36634E-06 -2.92418E-06 3.53917E-04 5.82226E-03 -2.50462E-05 3.86946E-06 1.54698E-06 1.12616E-04
1.40710E-06 3.52959E-06 3.60265E-06 1.94975E-06 -3.29746E-06 3.26274E-04 5.41890E-03 -2.16103E-05 3.52959E-06 1.40710E-06 1.03314E-04
1.23384E-06 3.15774E-06 3.23397E-06 1.51910E-06 -3.66117E-06 3.01608E-04 5.05634E-03 -1.84803E-05 3.15774E-06 1.23384E-06 9.27786E-05
1.03482E-06 2.76288E-06 2.84202E-06 1.08094E-06 -4.01248E-06 2.79506E-04 4.72920E-03 -1.56297E-05 2.76288E-06 1.03482E-06 8.14211E-05
8.16680E-07 2.35268E-06 2.43449E-06 6.40890E-07 -4.34899E-06 2.59627E-04 4.43296E-03 -1.30337E-05 2.35268E-06 8.16680E-07 6.95908E-05
5.85178E-07 1.93368E-06 2.01794E-06 2.03695E-07 -4.66873E-06 2.41684E-04 4.16381E-03 -1.06695E-05 1.93368E-06 5.85178E-07 5.75794E-05
3.45257E-07 1.51143E-06 1.59790E-06 -2.26657E-07 -4.97011E-06 2.25438E-04 3.91850E-03 -8.51616E-06 1.51143E-06 3.45257E-07 4.56270E-05
1.01137E-07 1.09057E-06 1.17904E-06 -6.46862E-07 -5.25191E-06 2.10684E-04 3.69429E-03 -6.55433E-06 1.09057E-06 1.01137E-07 3.39285E-05
-1.43607E-07 6.74977E-07 7.65245E-07 -1.05421E-06 -5.51321E-06 1.97247E-04 3.48880E-03 -4.76651E-06 6.74977E-07 -1.43607E-07 2.26398E-05
-3.85969E-07 2.67866E-07 3.59743E-07 -1.44653E-06 -5.75340E-06 1.84979E-04 3.29999E-03 -3.13674E-06 2.67866E-07 -3.85969E-07 1.18825E-05
-6.23442E-07 -1.28140E-07 -3.48355E-08 -1.82208E-06 -5.97208E-06 1.73751E-04 3.12608E-03 -1.65051E-06 -1.28140E-07 -6.23442E-07 1.74994E-06
-8.53958E-07 -5.10918E-07 -4.16358E-07 -2.17953E-06 -6.16910E-06 1.63452E-04 2.96555E-03 -2.94636E-07 -5.10918E-07 -8.53958E-07 -7.68952E-06
-1.07583E-06 -8.78780E-07 -7.83128E-07 -2.51788E-06 -6.34444E-06 1.53986E-04 2.81704E-03 9.42814E-07 -8.78780E-07 -1.07583E-06 -1.63879E-05
-1.28770E-06 -1.23041E-06 -1.13382E-06 -2.83642E-06 -6.49828E-06 1.45269E-04 2.67938E-03 2.07267E-06 -1.23041E-06 -1.28770E-06 -2.43144E-05
-1.48849E-06 -1.56481E-06 -1.46743E-06 -3.13468E-06 -6.63091E-06 1.37226E-04 2.55153E-03 3.10473E-06 -1.56481E-06 -1.48849E-06 -3.14527E-05
-1.67739E-06 -1.88126E-06 -1.78322E-06 -3.41242E-06 -6.74272E-06 1.29794E-04 2.43258E-03 4.04788E-06 -1.88126E-06 -1.67739E-06 -3.77982E-05
-1.85377E-06 -2.17926E-06 -2.08070E-06 -3.66955E-06 -6.83419E-06 1.22914E-04 2.32172E-03 4.91017E-06 -2.17926E-06 -1.85377E-06 -4.33556E-05
-2.01721E-06 -2.45853E-06 -2.35957E-06 -3.90614E-06 -6.90587E-06 1.16537E-04 2.21823E-03 5.69888E-06 -2.45853E-06 -2.01721E-06 -4.81379E-05
-2.16744E-06 -2.71892E-06 -2.61968E-06 -4.12238E-06 -6.95837E-06 1.10617E-04 2.12147E-03 6.42063E-06 -2.71892E-06 -2.16744E-06 -5.21637E-05
-2.30430E-06 -2.96047E-06 -2.86105E-06 -4.31858E-06 -6.99234E-06 1.05114E-04 2.03087E-03 7.08140E-06 -2.96047E-06 -2.30430E-06 -5.54569E-05
-2.42776E-06 -3.18329E-06 -3.08380E-06 -4.49511E-06 -7.00846E-06 9.99934E-05 1.94592E-03 7.68661E-06 -3.18329E-06 -2.42776E-06 -5.80449E-05
-2.53790E-06 -3.38761E-06 -3.28815E-06 -4.65243E-06 -7.00743E-06 9.52220E-05 1.86615E-03 8.24119E-06 -3.38761E-06 -2.53790E-06 -5.99578E-05
-2.63484E-06 -3.57374E-06 -3.47439E-06 -4.79102E-06 -6.98997E-06 9.07715E-05 1.79115E-03 8.74960E-06 -3.57374E-06 -2.63484E-06 -6.12281E-05
-2.71879E-06 -3.74205E-06 -3.64291E-06 -4.91144E-06 -6.95680E-06 8.66160E-05 1.72055E-03 9.21589E-06 -3.74205E-06 -2.71879E-06 -6.18891E-05
-2.79002E-06 -3.89297E-06 -3.79412E-06 -5.01426E-06 -6.90865E-06 8.27322E-05 1.65402E-03 9.64373E-06 -3.89297E-06 -2.79002E-06 -6.19753E-05
-2.84882E-06 -4.02697E-06 -3.92848E-06 -5.10009E-06 -6.84624E-06 7.90990E-05 1.59125E-03 1.00365E-05 -4.02697E-06 -2.84882E-06 -6.15215E-05
-2.89554E-06 -4.14454E-06 -4.04649E-06 -5.16955E-06 -6.77030E-06 7.56973E-05 1.53195E-03 1.03972E-05 -4.14454E-06 -2.89554E-06 -6.05622E-05
-2.93055E-06 -4.24623E-06 -4.14868E-06 -5.22327E-06 -6.68153E-06 7.25097E-05 1.47589E-03 1.07285E-05 -4.24623E-06 -2.93055E-06 -5.91319E-05
-2.95423E-06 -4.33256E-06 -4.23558E-06 -5.26188E-06 -6.58062E-06 6.95204E-05 1.42282E-03 1.10331E-05 -4.33256E-06 -2.95423E-06 -5.72644E-05
-2.96698E-06 -4.40410E-06 -4.30776E-06 -5.28602E-06 -6.46826E-06 6.67150E-05 1.37255E-03 1.13132E-05 -4.40410E-06 -2.96698E-06 -5.49927E-05
-2.96924E-06 -4.46142E-06 -4.36576E-06 -5.29632E-06 -6.34511E-06 6.40805E-05 1.32487E-03 1.15708E-05 -4.46142E-06 -2.96924E-06 -5.23491E-05
-2.96142E-06 -4.50508E-06 -4.41016E-06 -5.29342E-06 -6.21182E-06 6.16046E-05 1.27962E-03 1.18079E-05 -4.50508E-06 -2.96142E-06 -4.93648E-05
-2.94395E-06 -4.53565E-06 -4.44152E-06 -5.27793E-06 -6.06901E-06 5.92766E-05 1.23664E-03 1.20261E-05 -4.53565E-06 -2.94395E-06 -4.60698E-05
-2.91726E-06 -4.55370E-06 -4.46040E-06 -5.25047E-06 -5.91730E-06 5.70861E-05 1.19576E-03 1.22271E-05 -4.55370E-06 -2.91726E-06 -4.24930E-05
0.00000E+00 0.00000E+00 -3.80428E-06 7.60273E-06 2.22954E-05 2.23199E-05 1.75460E-05 -6.02428E-04 0.00000E+00 0.00000E+00 -7.84153E-04
0.00000E+00 0.00000E+00 -1.13069E-06 5.55945E-06 1.13951E-05 1.12001E-05 1.23563E-05 -5.00388E-04 0.00000E+00 0.00000E+00 -1.03393E-03
0.00000E+00 2.74113E-06 2.81452E-06 5.92471E-06 5.16024E-06 4.81307E-06 1.07143E-05 -4.11013E-04 2.74113E-06 0.00000E+00 -1.01037E-03
0.00000E+00 6.54512E-06 6.61990E-06 6.95379E-06 1.18153E-06 7.33003E-07 1.03944E-05 -3.33781E-04 6.54512E-06 0.00000E+00 -8.60471E-04
0.00000E+00 9.70949E-06 9.78659E-06 7.94723E-06 -1.64286E-06 -2.15411E-06 1.04509E-05 -2.67447E-04 9.70949E-06 0.00000E+00 -6.64258E-04
0.00000E+00 1.21057E-05 1.21859E-05 8.64820E-06 -3.82866E-06 -4.37232E-06 1.04879E-05 -2.10835E-04 1.21057E-05 0.00000E+00 -4.64276E-04
0.00000E+00 1.37602E-05 1.38444E-05 8.98426E-06 -5.64751E-06 -6.20024E-06 1.03451E-05 -1.62651E-04 1.37602E-05 0.00000E+00 -2.82038E-04
0.00000E+00 1.47572E-05 1.48457E-05 8.96281E-06 -7.24581E-06 -7.78983E-06 9.97297E-06 -1.21678E-04 1.47572E-05 0.00000E+00 -1.26832E-04
5.97558E-07 1.52993E-05 1.53924E-05 8.73298E-06 -8.58292E-06 -9.10434E-06 9.48382E-06 -8.69272E-05 1.52993E-05 5.97558E-07 -2.49551E-06
1.77458E-06 1.54706E-05 1.55684E-05 8.32942E-06 -9.72170E-06 -1.02102E-05 8.88548E-06 -5.73946E-05 1.54706E-05 1.77458E-06 9.20071E-05
2.51199E-06 1.51862E-05 1.52886E-05 7.62113E-06 -1.08821E-05 -1.13309E-05 8.02790E-06 -3.21697E-05 1.51862E-05 2.51199E-06 1.61753E-04
2.88874E-06 1.45432E-05 1.46502E-05 6.67860E-06 -1.20467E-05 -1.24508E-05 6.97005E-06 -1.06461E-05 1.45432E-05 2.88874E-06 2.10018E-04
2.97474E-06 1.36244E-05 1.37359E-05 5.56286E-06 -1.31977E-05 -1.35539E-05 5.76454E-06 7.69673E-06 1.36244E-05 2.97474E-06 2.40208E-04
2.83044E-06 1.24994E-05 1.26153E-05 4.32546E-06 -1.43190E-05 -1.46251E-05 4.45678E-06 2.33049E-05 1.24994E-05 2.83044E-06 2.55564E-04
2.50722E-06 1.12258E-05 1.13457E-05 3.00922E-06 -1.53967E-05 -1.56516E-05 3.08498E-06 3.65597E-05 1.12258E-05 2.50722E-06 2.59030E-04
2.04828E-06 9.85089E-06 9.97471E-06 1.64919E-06 -1.64198E-05 -1.66232E-05 1.68080E-06 4.77873E-05 9.85089E-06 2.04828E-06 2.53184E-04
1.48955E-06 8.41321E-06 8.54066E-06 2.73724E-07 -1.73795E-05 -1.75317E-05 2.70002E-07 5.72666E-05 8.41321E-06 1.48955E-06 2.40242E-04
8.60739E-07 6.94389E-06 7.07472E-06 -1.09454E-06 -1.82697E-05 -1.83715E-05 -1.12673E-06 6.52367E-05 6.94389E-06 8.60739E-07 2.22069E-04
1.86174E-07 5.46787E-06 5.60181E-06 -2.43778E-06 -1.90860E-05 -1.91384E-05 -2.49306E-06 7.19024E-05 5.46787E-06 1.86174E-07 2.00211E-04
-5.14342E-07 4.00494E-06 4.14171E-06 -3.74214E-06 -1.98259E-05 -1.98303E-05 -3.81629E-06 7.74398E-05 4.00494E-06 -5.14342E-07 1.75940E-04
-1.22483E-06 2.57060E-06 2.70993E-06 -4.99711E-06 -2.04880E-05 -2.04461E-05 -5.08679E-06 8.20005E-05 2.57060E-06 -1.22483E-06 1.50281E-04
-1.93249E-06 1.17683E-06 1.31845E-06 -6.19492E-06 -2.10726E-05 -2.09861E-05 -6.29748E-06 8.57148E-05 1.17683E-06 -1.93249E-06 1.24057E-04
-2.62723E-06 -1.67270E-07 -2.36355E-08 -7.32999E-06 -2.15804E-05 -2.14512E-05 -7.44332E-06 8.86956E-05 -1.67270E-07 -2.62723E-06 9.79151E-05
-3.30115E-06 -1.45500E-06 -1.30961E-06 -8.39861E-06 -2.20130E-05 -2.18431E-05 -8.52102E-06 9.10403E-05 -1.45500E-06 -3.30115E-06 7.23572E-05
-3.94817E-06 -2.68158E-06 -2.53468E-06 -9.39851E-06 -2.23729E-05 -2.21642E-05 -9.52862E-06 9.28333E-05 -2.68158E-06 -3.94817E-06 4.77657E-05
-4.56377E-06 -3.84381E-06 -3.69566E-06 -1.03286E-05 -2.26624E-05 -2.24170E-05 -1.04653E-05 9.41478E-05 -3.84381E-06 -4.56377E-06 2.44237E-05
-5.14464E-06 -4.93978E-06 -4.79060E-06 -1.11888E-05 -2.28846E-05 -2.26045E-05 -1.13312E-05 9.50476E-05 -4.93978E-06 -5.14464E-06 2.53362E-06
-5.68850E-06 -5.96857E-06 -5.81861E-06 -1.19796E-05 -2.30427E-05 -2.27298E-05 -1.21270E-05 9.55880E-05 -5.96857E-06 -5.68850E-06 -1.77678E-05
-6.19392E-06 -6.93013E-06 -6.77959E-06 -1.27024E-05 -2.31399E-05 -2.27962E-05 -1.28541E-05 9.58171E-05 -6.93013E-06 -6.19392E-06 -3.63965E-05
-6.66012E-06 -7.82502E-06 -7.67411E-06 -1.33586E-05 -2.31795E-05 -2.28069E-05 -1.35141E-05 9.57772E-05 -7.82502E-06 -6.66012E-06 -5.33108E-05
-7.08688E-06 -8.65432E-06 -8.50326E-06 -1.39504E-05 -2.31649E-05 -2.27653E-05 -1.41093E-05 9.55048E-05 -8.65432E-06 -7.08688E-06 -6.85023E-05
-7.47441E-06 -9.41954E-06 -9.26850E-06 -1.44799E-05 -2.30994E-05 -2.26747E-05 -1.46418E-05 9.50323E-05 -9.41954E-06 -7.47441E-06 -8.19886E-05
-7.82328E-06 -1.01224E-05 -9.97161E-06 -1.49496E-05 -2.29864E-05 -2.25382E-05 -1.51142E-05 9.43876E-05 -1.01224E-05 -7.82328E-06 -9.38075E-05
-8.13432E-06 -1.07650E-05 -1.06146E-05 -1.53619E-05 -2.28290E-05 -2.23590E-05 -1.55289E-05 9.35954E-05 -1.07650E-05 -8.13432E-06 -1.04012E-04
-8.40855E-06 -1.13495E-05 -1.11996E-05 -1.57195E-05 -2.26302E-05 -2.21402E-05 -1.58887E-05 9.26772E-05 -1.13495E-05 -8.40855E-06 -1.12666E-04
-8.64718E-06 -1.18781E-05 -1.17289E-05 -1.60250E-05 -2.23933E-05 -2.18848E-05 -1.61961E-05 9.16521E-05 -1.18781E-05 -8.64718E-06 -1.19842E-04
-8.85153E-06 -1.23532E-05 -1.22048E-05 -1.62811E-05 -2.21209E-05 -2.15954E-05 -1.64539E-05 9.05366E-05 -1.23532E-05 -8.85153E-06 -1.25618E-04
-9.02297E-06 -1.27771E-05 -1.26298E-05 -1.64902E-05 -2.18158E-05 -2.12748E-05 -1.66646E-05 8.93453E-05 -1.27771E-05 -9.02297E-06 -1.30074E-04
-9.16296E-06 -1.31523E-05 -1.30061E-05 -1.66550E-05 -2.14808E-05 -2.09256E-05 -1.68308E-05 8.80909E-05 -1.31523E-05 -9.16296E-06 -1.33293E-04
-9.27297E-06 -1.34811E-05 -1.33361E-05 -1.67780E-05 -2.11182E-05 -2.05503E-05 -1.69549E-05 8.67848E-05 -1.34811E-05 -9.27297E-06 -1.35356E-04
-9.35448E-06 -1.37658E-05 -1.36222E-05 -1.68616E-05 -2.07305E-05 -2.01510E-05 -1.70396E-05 8.54368E-05 -1.37658E-05 -9.35448E-06 -1.36347E-04
-9.40898E-06 -1.40088E-05 -1.38666E-05 -1.69081E-05 -2.03198E-05 -1.97301E-05 -1.70870E-05 8.40555E-05 -1.40088E-05 -9.40898E-06 -1.36345E-04
-9.43793E-06 -1.42122E-05 -1.40716E-05 -1.69199E-05 -1.98884E-05 -1.92895E-05 -1.70995E-05 8.26486E-05 -1.42122E-05 -9.43793E-06 -1.35429E-04
-9.44278E-06 -1.43782E-05 -1.42392E-05 -1.68990E-05 -1.94381E-05 -1.88313E-05 -1.70793E-05 8.12227E-05 -1.43782E-05 -9.44278E-06 -1.33673E-04
-9.42492E-06 -1.45089E-05 -1.43717E-05 -1.68477E-05 -1.89710E-05 -1.83571E-05 -1.70284E-05 7.97837E-05 -1.45089E-05 -9.42492E-06 -1.31151E-04
-9.38573E-06 -1.46064E-05 -1.44710E-05 -1.67678E-05 -1.84887E-05 -1.78689E-05 -1.69488E-05 7.83366E-05 -1.46064E-05 -9.38573E-06 -1.27931E-04
-9.32654E-06 -1.46725E-05 -1.45390E-05 -1.66613E-05 -1.79929E-05 -1.73681E-05 -1.68426E-05 7.68861E-05 -1.46725E-05 -9.32654E-06 -1.24080E-04
-9.24862E-06 -1.47091E-05 -1.45777E-05 -1.65301E-05 -1.74852E-05 -1.68564E-05 -1.67114E-05 7.54358E-05 -1.47091E-05 -9.24862E-06 -1.19660E-04
-9.15321E-06 -1.47181E-05 -1.45887E-05 -1.63758E-05 -1.69671E-05 -1.63350E-05 -1.65570E-05 7.39894E-05 -1.47181E-05 -9.15321E-06 -1.14730E-04
-9.04150E-06 -1.47012E-05 -1.45738E-05 -1.62001E-05 -1.64398E-05 -1.58054E-05 -1.63811E-05 7.25497E-05 -1.47012E-05 -9.04150E-06 -1.09347E-04
---
