PdfType: replica
Format: lhagrid1
---
1.00000E-07 1.58489E-07 2.51189E-07 3.98107E-07 6.30957E-07 1.00000E-06 1.58489E-06 2.51189E-06 3.98107E-06 6.30957E-06 1.00000E-05 1.58489E-05 2.51189E-05 3.98107E-05 6.30957E-05 1.00000E-04 1.58489E-04 2.51189E-04 3.98107E-04 6.30957E-04 1.00000E-03 1.58489E-03 2.51189E-03 3.98107E-03 6.30957E-03 1.00000E-02 1.25893E-02 1.58489E-02 1.99526E-02 2.51189E-02 3.16228E-02 3.98107E-02 5.01187E-02 6.30957E-02 7.94328E-02 1.00000E-01 1.25900E-01 1.58500E-01 1.99500E-01 2.51200E-01 3.16200E-01 3.98100E-01 5.01200E-01 6.31000E-01 7.94300E-01 1.00000E+00
1.00000E+00 1.20679E+00 1.45635E+00 1.75751E+00 2.12095E+00 2.55955E+00 3.08884E+00 3.72759E+00 4.49843E+00 5.42868E+00 6.55129E+00 7.90604E+00 9.54095E+00 1.15140E+01 1.38950E+01 1.67683E+01 2.02359E+01 2.44205E+01 2.94705E+01 3.55648E+01 4.29193E+01 5.17947E+01 6.25055E+01 7.54312E+01 9.10298E+01 1.09854E+02 1.32571E+02 1.59986E+02 1.93070E+02 2.32995E+02 2.81177E+02 3.39322E+02 4.09492E+02 4.94171E+02 5.96362E+02 7.19686E+02 8.68511E+02 1.04811E+03 1.26486E+03 1.52642E+03 1.84207E+03 2.22300E+03 2.68270E+03 3.23746E+03 3.90694E+03 4.71487E+03 5.68987E+03 6.86649E+03 8.28643E+03 1.00000E+04
-5 -4 -3 -2 -1 1 2 3 4 5 21
0.00000E+00 0.00000E+00 3.11532E+00 2.03956E+00 2.03758E+00 2.03743E+00 2.03852E+00 3.11522E+00 0.00000E+00 0.00000E+00 -3.94096E+00
0.00000E+00 0.00000E+00 3.08599E+00 2.04670E+00 2.04469E+00 2.04458E+00 2.04585E+00 3.08589E+00 0.00000E+00 0.00000E+00 -1.02601E+00
0.00000E+00 1.15262E-01 3.17532E+00 2.16570E+00 2.16366E+00 2.16359E+00 2.16500E+00 3.17521E+00 1.15262E-01 0.00000E+00 3.13560E+00
0.00000E+00 3.73133E-01 3.37932E+00 2.39498E+00 2.39292E+00 2.39287E+00 2.39440E+00 3.37921E+00 3.73133E-01 0.00000E+00 8.93107E+00
0.00000E+00 7.36749E-01 3.69570E+00 2.73347E+00 2.73138E+00 2.73136E+00 2.73298E+00 3.69559E+00 7.36749E-01 0.00000E+00 1.68319E+01
0.00000E+00 1.20384E+00 4.12078E+00 3.17815E+00 3.17604E+00 3.17604E+00 3.17775E+00 4.12067E+00 1.20384E+00 0.00000E+00 2.71811E+01
0.00000E+00 1.77169E+00 4.65086E+00 3.72581E+00 3.72369E+00 3.72370E+00 3.72548E+00 4.65074E+00 1.77169E+00 0.00000E+00 4.02558E+01
0.00000E+00 2.43758E+00 5.28245E+00 4.37333E+00 4.37118E+00 4.37120E+00 4.37305E+00 5.28233E+00 2.43758E+00 0.00000E+00 5.62703E+01
2.67496E-01 3.14844E+00 5.96210E+00 5.06744E+00 5.06528E+00 5.06531E+00 5.06721E+00 5.96198E+00 3.14844E+00 2.67496E-01 7.55146E+01
1.02209E+00 3.88019E+00 6.66519E+00 5.78377E+00 5.78160E+00 5.78164E+00 5.78359E+00 6.66506E+00 3.88019E+00 1.02209E+00 9.80747E+01
1.87602E+00 4.71277E+00 7.47106E+00 6.60196E+00 6.59977E+00 6.59982E+00 6.60182E+00 7.47093E+00 4.71277E+00 1.87602E+00 1.23786E+02
2.82795E+00 5.64469E+00 8.37796E+00 7.52038E+00 7.51818E+00 7.51823E+00 7.52027E+00 8.37783E+00 5.64469E+00 2.82795E+00 1.52707E+02
3.87646E+00 6.67436E+00 9.38414E+00 8.53735E+00 8.53514E+00 8.53520E+00 8.53728E+00 9.38401E+00 6.67436E+00 3.87646E+00 1.84874E+02
5.02010E+00 7.80021E+00 1.04878E+01 9.65121E+00 9.64898E+00 9.64905E+00 9.65117E+00 1.04877E+01 7.80021E+00 5.02010E+00 2.20305E+02
6.25736E+00 9.02062E+00 1.16873E+01 1.08603E+01 1.08580E+01 1.08581E+01 1.08603E+01 1.16872E+01 9.02062E+00 6.25736E+00 2.58999E+02
7.58674E+00 1.03340E+01 1.29809E+01 1.21629E+01 1.21606E+01 1.21607E+01 1.21629E+01 1.29807E+01 1.03340E+01 7.58674E+00 3.00943E+02
9.00671E+00 1.17388E+01 1.43668E+01 1.35574E+01 1.35551E+01 1.35552E+01 1.35574E+01 1.43666E+01 1.17388E+01 9.00671E+00 3.46114E+02
1.05157E+01 1.32333E+01 1.58433E+01 1.50422E+01 1.50399E+01 1.50400E+01 1.50422E+01 1.58432E+01 1.32333E+01 1.05157E+01 3.94477E+02
1.21123E+01 1.48160E+01 1.74089E+01 1.66156E+01 1.66133E+01 1.66134E+01 1.66156E+01 1.74088E+01 1.48160E+01 1.21123E+01 4.45990E+02
1.37950E+01 1.64854E+01 1.90619E+01 1.82760E+01 1.82737E+01 1.82738E+01 1.82761E+01 1.90618E+01 1.64854E+01 1.37950E+01 5.00606E+02
1.55622E+01 1.82398E+01 2.08007E+01 2.00219E+01 2.00196E+01 2.00197E+01 2.00220E+01 2.08006E+01 1.82398E+01 1.55622E+01 5.58273E+02
1.74124E+01 2.00778E+01 2.26237E+01 2.18516E+01 2.18493E+01 2.18494E+01 2.18518E+01 2.26235E+01 2.00778E+01 1.74124E+01 6.18932E+02
1.93442E+01 2.19979E+01 2.45293E+01 2.37638E+01 2.37615E+01 2.37616E+01 2.37639E+01 2.45291E+01 2.19979E+01 1.93442E+01 6.82525E+02
2.13561E+01 2.39984E+01 2.65159E+01 2.57567E+01 2.57544E+01 2.57545E+01 2.57569E+01 2.65158E+01 2.39984E+01 2.13561E+01 7.48990E+02
2.34466E+01 2.60780E+01 2.85821E+01 2.78290E+01 2.78266E+01 2.78268E+01 2.78292E+01 2.85820E+01 2.60780E+01 2.34466E+01 8.18262E+02
2.56143E+01 2.82352E+01 3.07264E+01 2.99791E+01 2.99767E+01 2.99768E+01 2.99793E+01 3.07263E+01 2.82352E+01 2.56143E+01 8.90277E+02
2.78578E+01 3.04685E+01 3.29473E+01 3.22055E+01 3.22032E+01 3.22033E+01 3.22058E+01 3.29472E+01 3.04685E+01 2.78578E+01 9.64970E+02
3.01757E+01 3.27765E+01 3.52433E+01 3.45070E+01 3.45046E+01 3.45047E+01 3.45072E+01 3.52431E+01 3.27765E+01 3.01757E+01 1.04227E+03
3.25666E+01 3.51579E+01 3.76130E+01 3.68819E+01 3.68795E+01 3.68796E+01 3.68821E+01 3.76128E+01 3.51579E+01 3.25666E+01 1.12212E+03
3.50291E+01 3.76111E+01 4.00550E+01 3.93289E+01 3.93265E+01 3.93267E+01 3.93292E+01 4.00548E+01 3.76111E+01 3.50291E+01 1.20446E+03
3.75618E+01 4.01349E+01 4.25678E+01 4.18467E+01 4.18443E+01 4.18444E+01 4.18469E+01 4.25677E+01 4.01349E+01 3.75618E+01 1.28920E+03
4.01636E+01 4.27279E+01 4.51503E+01 4.44338E+01 4.44315E+01 4.44316E+01 4.44341E+01 4.51501E+01 4.27279E+01 4.01636E+01 1.37630E+03
4.28329E+01 4.53888E+01 4.78009E+01 4.70891E+01 4.70867E+01 4.70868E+01 4.70893E+01 4.78007E+01 4.53888E+01 4.28329E+01 1.46569E+03
4.55686E+01 4.81163E+01 5.05184E+01 4.98110E+01 4.98086E+01 4.98087E+01 4.98113E+01 5.05182E+01 4.81163E+01 4.55686E+01 1.55730E+03
4.83694E+01 5.09091E+01 5.33014E+01 5.25984E+01 5.25960E+01 5.25962E+01 5.25987E+01 5.33013E+01 5.09091E+01 4.83694E+01 1.65108E+03
5.12341E+01 5.37659E+01 5.61488E+01 5.54500E+01 5.54476E+01 5.54478E+01 5.54503E+01 5.61487E+01 5.37659E+01 5.12341E+01 1.74696E+03
5.41613E+01 5.66856E+01 5.90593E+01 5.83646E+01 5.83622E+01 5.83623E+01 5.83649E+01 5.90591E+01 5.66856E+01 5.41613E+01 1.84489E+03
5.71499E+01 5.96668E+01 6.20316E+01 6.13409E+01 6.13384E+01 6.13386E+01 6.13412E+01 6.20314E+01 5.96668E+01 5.71499E+01 1.94481E+03
6.01988E+01 6.27085E+01 6.50645E+01 6.43777E+01 6.43752E+01 6.43754E+01 6.43780E+01 6.50644E+01 6.27085E+01 6.01988E+01 2.04666E+03
6.33068E+01 6.58093E+01 6.81569E+01 6.74738E+01 6.74714E+01 6.74715E+01 6.74742E+01 6.81567E+01 6.58093E+01 6.33068E+01 2.15038E+03
6.64726E+01 6.89683E+01 7.13076E+01 7.06282E+01 7.06257E+01 7.06259E+01 7.06285E+01 7.13074E+01 6.89683E+01 6.64726E+01 2.25593E+03
6.96953E+01 7.21842E+01 7.45154E+01 7.38396E+01 7.38372E+01 7.38373E+01 7.38400E+01 7.45152E+01 7.21842E+01 6.96953E+01 2.36325E+03
7.29736E+01 7.54560E+01 7.77793E+01 7.71070E+01 7.71045E+01 7.71047E+01 7.71074E+01 7.77791E+01 7.54560E+01 7.29736E+01 2.47229E+03
7.63066E+01 7.87826E+01 8.10981E+01 8.04292E+01 8.04268E+01 8.04269E+01 8.04296E+01 8.10979E+01 7.87826E+01 7.63066E+01 2.58300E+03
7.96931E+01 8.21628E+01 8.44708E+01 8.38053E+01 8.38028E+01 8.38029E+01 8.38056E+01 8.44706E+01 8.21628E+01 7.96931E+01 2.69533E+03
8.31322E+01 8.55957E+01 8.78963E+01 8.72340E+01 8.72316E+01 8.72317E+01 8.72344E+01 8.78961E+01 8.55957E+01 8.31322E+01 2.80923E+03
8.66227E+01 8.90802E+01 9.13736E+01 9.07145E+01 9.07120E+01 9.07122E+01 9.07149E+01 9.13734E+01 8.90802E+01 8.66227E+01 2.92467E+03
9.01638E+01 9.26154E+01 9.49016E+01 9.42457E+01 9.42432E+01 9.42434E+01 9.42461E+01 9.49015E+01 9.26154E+01 9.01638E+01 3.04158E+03
9.37544E+01 9.62002E+01 9.84795E+01 9.78266E+01 9.78242E+01 9.78243E+01 9.78271E+01 9.84793E+01 9.62002E+01 9.37544E+01 3.15994E+03
9.73935E+01 9.98336E+01 1.02106E+02 1.01456E+02 1.01454E+02 1.01454E+02 1.01457E+02 1.02106E+02 9.98336E+01 9.73935E+01 3.27969E+03
0.00000E+00 0.00000E+00 2.72253E+00 1.84199E+00 1.83985E+00 1.84006E+00 1.84238E+00 2.72242E+00 0.00000E+00 0.00000E+00 -3.59344E+00
0.00000E+00 0.00000E+00 2.70002E+00 1.85024E+00 1.84807E+00 1.84826E+00 1.85064E+00 2.69990E+00 0.00000E+00 0.00000E+00 -9.40653E-01
0.00000E+00 1.07255E-01 2.78681E+00 1.96205E+00 1.95986E+00 1.96004E+00 1.96247E+00 2.78669E+00 1.07255E-01 0.00000E+00 2.88319E+00
0.00000E+00 3.45170E-01 2.97756E+00 2.17412E+00 2.17189E+00 2.17207E+00 2.17453E+00 2.97743E+00 3.45170E-01 0.00000E+00 8.22571E+00
0.00000E+00 6.77901E-01 3.26893E+00 2.48412E+00 2.48187E+00 2.48204E+00 2.48454E+00 3.26880E+00 6.77901E-01 0.00000E+00 1.55026E+01
0.00000E+00 1.10239E+00 3.65664E+00 2.88834E+00 2.88608E+00 2.88624E+00 2.88877E+00 3.65650E+00 1.10239E+00 0.00000E+00 2.50031E+01
0.00000E+00 1.61542E+00 4.13660E+00 3.38312E+00 3.38083E+00 3.38099E+00 3.38355E+00 4.13646E+00 1.61542E+00 0.00000E+00 3.69516E+01
0.00000E+00 2.21396E+00 4.70511E+00 3.96504E+00 3.96274E+00 3.96290E+00 3.96547E+00 4.70497E+00 2.21396E+00 0.00000E+00 5.15141E+01
2.41412E-01 2.85231E+00 5.31613E+00 4.58824E+00 4.58592E+00 4.58608E+00 4.58868E+00 5.31599E+00 2.85231E+00 2.41412E-01 6.88880E+01
9.19893E-01 3.51001E+00 5.94873E+00 5.23201E+00 5.22967E+00 5.22982E+00 5.23244E+00 5.94859E+00 3.51001E+00 9.19893E-01 8.90967E+01
1.68399E+00 4.25470E+00 6.67003E+00 5.96368E+00 5.96133E+00 5.96148E+00 5.96412E+00 6.66989E+00 4.25470E+00 1.68399E+00 1.12023E+02
2.53209E+00 5.08460E+00 7.47802E+00 6.78137E+00 6.77900E+00 6.77915E+00 6.78181E+00 7.47788E+00 5.08460E+00 2.53209E+00 1.37700E+02
3.46254E+00 5.99791E+00 8.37077E+00 7.68320E+00 7.68082E+00 7.68096E+00 7.68365E+00 8.37062E+00 5.99791E+00 3.46254E+00 1.66142E+02
4.47370E+00 6.99289E+00 9.34636E+00 8.66734E+00 8.66495E+00 8.66509E+00 8.66779E+00 9.34621E+00 6.99289E+00 4.47370E+00 1.97347E+02
5.56395E+00 8.06782E+00 1.04030E+01 9.73201E+00 9.72961E+00 9.72975E+00 9.73247E+00 1.04028E+01 8.06782E+00 5.56395E+00 2.31300E+02
6.73169E+00 9.22101E+00 1.15388E+01 1.08755E+01 1.08730E+01 1.08732E+01 1.08759E+01 1.15386E+01 9.22101E+00 6.73169E+00 2.67974E+02
7.97532E+00 1.04508E+01 1.27521E+01 1.20960E+01 1.20936E+01 1.20937E+01 1.20964E+01 1.27519E+01 1.04508E+01 7.97532E+00 3.07336E+02
9.29329E+00 1.17556E+01 1.40411E+01 1.33919E+01 1.33895E+01 1.33896E+01 1.33924E+01 1.40410E+01 1.17556E+01 9.29329E+00 3.49344E+02
1.06841E+01 1.31337E+01 1.54043E+01 1.47616E+01 1.47592E+01 1.47593E+01 1.47621E+01 1.54041E+01 1.31337E+01 1.06841E+01 3.93950E+02
1.21462E+01 1.45837E+01 1.68400E+01 1.62036E+01 1.62011E+01 1.62013E+01 1.62040E+01 1.68398E+01 1.45837E+01 1.21462E+01 4.41105E+02
1.36780E+01 1.61041E+01 1.83465E+01 1.77161E+01 1.77137E+01 1.77138E+01 1.77166E+01 1.83464E+01 1.61041E+01 1.36780E+01 4.90751E+02
1.52783E+01 1.76932E+01 1.99225E+01 1.92978E+01 1.92954E+01 1.92955E+01 1.92983E+01 1.99223E+01 1.76932E+01 1.52783E+01 5.42834E+02
1.69455E+01 1.93497E+01 2.15663E+01 2.09472E+01 2.09447E+01 2.09448E+01 2.09476E+01 2.15662E+01 1.93497E+01 1.69455E+01 5.97293E+02
1.86781E+01 2.10720E+01 2.32766E+01 2.26627E+01 2.26602E+01 2.26603E+01 2.26631E+01 2.32764E+01 2.10720E+01 1.86781E+01 6.54068E+02
2.04750E+01 2.28589E+01 2.50517E+01 2.44429E+01 2.44404E+01 2.44405E+01 2.44434E+01 2.50516E+01 2.28589E+01 2.04750E+01 7.13099E+02
2.23346E+01 2.47089E+01 2.68904E+01 2.62865E+01 2.62840E+01 2.62841E+01 2.62870E+01 2.68903E+01 2.47089E+01 2.23346E+01 7.74325E+02
2.42556E+01 2.66207E+01 2.87913E+01 2.81921E+01 2.81896E+01 2.81897E+01 2.81926E+01 2.87912E+01 2.66207E+01 2.42556E+01 8.37685E+02
2.62368E+01 2.85929E+01 3.07530E+01 3.01583E+01 3.01558E+01 3.01560E+01 3.01589E+01 3.07528E+01 2.85929E+01 2.62368E+01 9.03118E+02
2.82768E+01 3.06243E+01 3.27742E+01 3.21839E+01 3.21814E+01 3.21815E+01 3.21844E+01 3.27740E+01 3.06243E+01 2.82768E+01 9.70564E+02
3.03745E+01 3.27135E+01 3.48535E+01 3.42675E+01 3.42650E+01 3.42651E+01 3.42680E+01 3.48534E+01 3.27135E+01 3.03745E+01 1.03996E+03
3.25285E+01 3.48594E+01 3.69898E+01 3.64079E+01 3.64054E+01 3.64055E+01 3.64084E+01 3.69897E+01 3.48594E+01 3.25285E+01 1.11126E+03
3.47377E+01 3.70606E+01 3.91818E+01 3.86039E+01 3.86013E+01 3.86015E+01 3.86044E+01 3.91816E+01 3.70606E+01 3.47377E+01 1.18440E+03
3.70008E+01 3.93161E+01 4.14282E+01 4.08542E+01 4.08516E+01 4.08518E+01 4.08547E+01 4.14281E+01 3.93161E+01 3.70008E+01 1.25932E+03
3.93168E+01 4.16245E+01 4.37280E+01 4.31577E+01 4.31551E+01 4.31552E+01 4.31582E+01 4.37278E+01 4.16245E+01 3.93168E+01 1.33596E+03
4.16844E+01 4.39849E+01 4.60798E+01 4.55132E+01 4.55106E+01 4.55107E+01 4.55137E+01 4.60797E+01 4.39849E+01 4.16844E+01 1.41429E+03
4.41026E+01 4.63960E+01 4.84827E+01 4.79195E+01 4.79170E+01 4.79171E+01 4.79201E+01 4.84825E+01 4.63960E+01 4.41026E+01 1.49423E+03
4.65703E+01 4.88568E+01 5.09354E+01 5.03757E+01 5.03731E+01 5.03733E+01 5.03763E+01 5.09352E+01 4.88568E+01 4.65703E+01 1.57574E+03
4.90864E+01 5.13661E+01 5.34369E+01 5.28805E+01 5.28780E+01 5.28781E+01 5.28811E+01 5.34367E+01 5.13661E+01 4.90864E+01 1.65878E+03
5.16498E+01 5.39230E+01 5.59861E+01 5.54330E+01 5.54304E+01 5.54306E+01 5.54336E+01 5.59860E+01 5.39230E+01 5.16498E+01 1.74329E+03
5.42596E+01 5.65264E+01 5.85821E+01 5.80321E+01 5.80295E+01 5.80297E+01 5.80327E+01 5.85819E+01 5.65264E+01 5.42596E+01 1.82923E+03
5.69147E+01 5.91752E+01 6.12237E+01 6.06768E+01 6.06742E+01 6.06744E+01 6.06774E+01 6.12235E+01 5.91752E+01 5.69147E+01 1.91655E+03
5.96142E+01 6.18686E+01 6.39099E+01 6.33661E+01 6.33635E+01 6.33637E+01 6.33667E+01 6.39098E+01 6.18686E+01 5.96142E+01 2.00520E+03
6.23571E+01 6.46055E+01 6.66399E+01 6.60991E+01 6.60964E+01 6.60966E+01 6.60997E+01 6.66397E+01 6.46055E+01 6.23571E+01 2.09515E+03
6.51425E+01 6.73850E+01 6.94127E+01 6.88747E+01 6.88720E+01 6.88722E+01 6.88753E+01 6.94125E+01 6.73850E+01 6.51425E+01 2.18634E+03
6.79694E+01 7.02062E+01 7.22272E+01 7.16920E+01 7.16894E+01 7.16896E+01 7.16927E+01 7.22271E+01 7.02062E+01 6.79694E+01 2.27875E+03
7.08369E+01 7.30682E+01 7.50827E+01 7.45503E+01 7.45476E+01 7.45478E+01 7.45509E+01 7.50825E+01 7.30682E+01 7.08369E+01 2.37233E+03
7.37443E+01 7.59700E+01 7.79783E+01 7.74485E+01 7.74459E+01 7.74460E+01 7.74491E+01 7.79781E+01 7.59700E+01 7.37443E+01 2.46704E+03
7.66905E+01 7.89109E+01 8.09129E+01 8.03858E+01 8.03832E+01 8.03833E+01 8.03864E+01 8.09128E+01 7.89109E+01 7.66905E+01 2.56285E+03
7.96749E+01 8.18900E+01 8.38860E+01 8.33614E+01 8.33587E+01 8.33589E+01 8.33620E+01 8.38858E+01 8.18900E+01 7.96749E+01 2.65972E+03
8.26965E+01 8.49064E+01 8.68965E+01 8.63744E+01 8.63717E+01 8.63719E+01 8.63750E+01 8.68963E+01 8.49064E+01 8.26965E+01 2.75761E+03
0.00000E+00 0.00000E+00 2.37838E+00 1.66295E+00 1.66066E+00 1.66077E+00 1.66337E+00 2.37825E+00 0.00000E+00 0.00000E+00 -3.28532E+00
0.00000E+00 0.00000E+00 2.36209E+00 1.67253E+00 1.67021E+00 1.67031E+00 1.67293E+00 2.36195E+00 0.00000E+00 0.00000E+00 -8.64556E-01
0.00000E+00 9.99997E-02 2.44638E+00 1.77787E+00 1.77551E+00 1.77560E+00 1.77826E+00 2.44624E+00 9.99997E-02 0.00000E+00 2.65719E+00
0.00000E+00 3.19663E-01 2.62475E+00 1.97416E+00 1.97177E+00 1.97186E+00 1.97453E+00 2.62460E+00 3.19663E-01 0.00000E+00 7.58960E+00
0.00000E+00 6.24126E-01 2.89300E+00 2.25807E+00 2.25566E+00 2.25574E+00 2.25844E+00 2.89285E+00 6.24126E-01 0.00000E+00 1.42964E+01
0.00000E+00 1.00972E+00 3.24639E+00 2.62534E+00 2.62290E+00 2.62298E+00 2.62570E+00 3.24623E+00 1.00972E+00 0.00000E+00 2.30174E+01
0.00000E+00 1.47288E+00 3.68059E+00 3.07199E+00 3.06953E+00 3.06960E+00 3.07235E+00 3.68043E+00 1.47288E+00 0.00000E+00 3.39305E+01
0.00000E+00 2.01036E+00 4.19178E+00 3.59444E+00 3.59197E+00 3.59204E+00 3.59481E+00 4.19162E+00 2.01036E+00 0.00000E+00 4.71593E+01
2.17633E-01 2.58296E+00 4.74045E+00 4.15334E+00 4.15085E+00 4.15092E+00 4.15371E+00 4.74029E+00 2.58296E+00 2.17633E-01 6.28239E+01
8.26934E-01 3.17336E+00 5.30888E+00 4.73114E+00 4.72863E+00 4.72870E+00 4.73151E+00 5.30872E+00 3.17336E+00 8.26934E-01 8.08981E+01
1.50972E+00 3.83849E+00 5.95352E+00 5.38449E+00 5.38198E+00 5.38204E+00 5.38487E+00 5.95336E+00 3.83849E+00 1.50972E+00 1.01306E+02
2.26417E+00 4.57638E+00 6.67224E+00 6.11135E+00 6.10882E+00 6.10888E+00 6.11173E+00 6.67208E+00 4.57638E+00 2.26417E+00 1.24059E+02
3.08851E+00 5.38513E+00 7.46298E+00 6.90972E+00 6.90717E+00 6.90724E+00 6.91010E+00 7.46282E+00 5.38513E+00 3.08851E+00 1.49156E+02
3.98101E+00 6.26291E+00 8.32379E+00 7.77770E+00 7.77514E+00 7.77521E+00 7.77808E+00 8.32362E+00 6.26291E+00 3.98101E+00 1.76578E+02
4.93997E+00 7.20795E+00 9.25277E+00 8.71345E+00 8.71088E+00 8.71095E+00 8.71384E+00 9.25260E+00 7.20795E+00 4.93997E+00 2.06301E+02
5.96378E+00 8.21852E+00 1.02481E+01 9.71521E+00 9.71263E+00 9.71270E+00 9.71561E+00 1.02480E+01 8.21852E+00 5.96378E+00 2.38289E+02
7.05082E+00 9.29297E+00 1.13081E+01 1.07813E+01 1.07787E+01 1.07788E+01 1.07817E+01 1.13080E+01 9.29297E+00 7.05082E+00 2.72502E+02
8.19957E+00 1.04297E+01 1.24311E+01 1.19100E+01 1.19074E+01 1.19075E+01 1.19104E+01 1.24309E+01 1.04297E+01 8.19957E+00 3.08893E+02
9.40850E+00 1.16272E+01 1.36154E+01 1.30999E+01 1.30972E+01 1.30973E+01 1.31003E+01 1.36153E+01 1.16272E+01 9.40850E+00 3.47414E+02
1.06762E+01 1.28838E+01 1.48596E+01 1.43492E+01 1.43466E+01 1.43467E+01 1.43497E+01 1.48594E+01 1.28838E+01 1.06762E+01 3.88010E+02
1.20011E+01 1.41983E+01 1.61620E+01 1.56567E+01 1.56540E+01 1.56541E+01 1.56571E+01 1.61618E+01 1.41983E+01 1.20011E+01 4.30629E+02
1.33820E+01 1.55690E+01 1.75212E+01 1.70207E+01 1.70180E+01 1.70181E+01 1.70211E+01 1.75210E+01 1.55690E+01 1.33820E+01 4.75213E+02
1.48174E+01 1.69947E+01 1.89358E+01 1.84399E+01 1.84372E+01 1.84373E+01 1.84404E+01 1.89356E+01 1.69947E+01 1.48174E+01 5.21707E+02
1.63061E+01 1.84740E+01 2.04045E+01 1.99130E+01 1.99103E+01 1.99104E+01 1.99134E+01 2.04043E+01 1.84740E+01 1.63061E+01 5.70054E+02
1.78467E+01 2.00056E+01 2.19258E+01 2.14385E+01 2.14359E+01 2.14360E+01 2.14390E+01 2.19256E+01 2.00056E+01 1.78467E+01 6.20198E+02
1.94380E+01 2.15881E+01 2.34984E+01 2.30153E+01 2.30126E+01 2.30127E+01 2.30158E+01 2.34983E+01 2.15881E+01 1.94380E+01 6.72081E+02
2.10787E+01 2.32204E+01 2.51212E+01 2.46420E+01 2.46393E+01 2.46394E+01 2.46425E+01 2.51210E+01 2.32204E+01 2.10787E+01 7.25650E+02
2.27677E+01 2.49013E+01 2.67929E+01 2.63175E+01 2.63148E+01 2.63149E+01 2.63180E+01 2.67927E+01 2.49013E+01 2.27677E+01 7.80848E+02
2.45038E+01 2.66295E+01 2.85122E+01 2.80405E+01 2.80377E+01 2.80379E+01 2.80410E+01 2.85120E+01 2.66295E+01 2.45038E+01 8.37622E+02
2.62859E+01 2.84039E+01 3.02779E+01 2.98098E+01 2.98071E+01 2.98072E+01 2.98103E+01 3.02777E+01 2.84039E+01 2.62859E+01 8.95920E+02
2.81128E+01 3.02234E+01 3.20891E+01 3.16244E+01 3.16216E+01 3.16218E+01 3.16249E+01 3.20889E+01 3.02234E+01 2.81128E+01 9.55690E+02
2.99835E+01 3.20869E+01 3.39444E+01 3.34831E+01 3.34803E+01 3.34804E+01 3.34836E+01 3.39442E+01 3.20869E+01 2.99835E+01 1.01688E+03
3.18969E+01 3.39933E+01 3.58429E+01 3.53848E+01 3.53821E+01 3.53822E+01 3.53853E+01 3.58427E+01 3.39933E+01 3.18969E+01 1.07945E+03
3.38520E+01 3.59416E+01 3.77835E+01 3.73286E+01 3.73258E+01 3.73259E+01 3.73291E+01 3.77833E+01 3.59416E+01 3.38520E+01 1.14334E+03
3.58477E+01 3.79307E+01 3.97652E+01 3.93133E+01 3.93105E+01 3.93107E+01 3.93138E+01 3.97650E+01 3.79307E+01 3.58477E+01 1.20851E+03
3.78832E+01 3.99597E+01 4.17870E+01 4.13380E+01 4.13352E+01 4.13354E+01 4.13386E+01 4.17868E+01 3.99597E+01 3.78832E+01 1.27491E+03
3.99573E+01 4.20275E+01 4.38478E+01 4.34017E+01 4.33989E+01 4.33991E+01 4.34023E+01 4.38476E+01 4.20275E+01 3.99573E+01 1.34250E+03
4.20693E+01 4.41334E+01 4.59468E+01 4.55035E+01 4.55007E+01 4.55008E+01 4.55041E+01 4.59466E+01 4.41334E+01 4.20693E+01 1.41125E+03
4.42182E+01 4.62763E+01 4.80830E+01 4.76424E+01 4.76396E+01 4.76397E+01 4.76430E+01 4.80828E+01 4.62763E+01 4.42182E+01 1.48110E+03
4.64030E+01 4.84553E+01 5.02555E+01 4.98175E+01 4.98148E+01 4.98149E+01 4.98181E+01 5.02553E+01 4.84553E+01 4.64030E+01 1.55202E+03
4.86230E+01 5.06696E+01 5.24634E+01 5.20281E+01 5.20253E+01 5.20254E+01 5.20287E+01 5.24632E+01 5.06696E+01 4.86230E+01 1.62397E+03
5.08773E+01 5.29183E+01 5.47059E+01 5.42731E+01 5.42703E+01 5.42704E+01 5.42737E+01 5.47057E+01 5.29183E+01 5.08773E+01 1.69691E+03
5.31650E+01 5.52006E+01 5.69821E+01 5.65518E+01 5.65490E+01 5.65491E+01 5.65524E+01 5.69819E+01 5.52006E+01 5.31650E+01 1.77080E+03
5.54854E+01 5.75157E+01 5.92913E+01 5.88634E+01 5.88605E+01 5.88607E+01 5.88640E+01 5.92911E+01 5.75157E+01 5.54854E+01 1.84562E+03
5.78377E+01 5.98628E+01 6.16326E+01 6.12070E+01 6.12042E+01 6.12043E+01 6.12076E+01 6.16324E+01 5.98628E+01 5.78377E+01 1.92133E+03
6.02211E+01 6.22411E+01 6.40052E+01 6.35819E+01 6.35791E+01 6.35793E+01 6.35826E+01 6.40050E+01 6.22411E+01 6.02211E+01 1.99789E+03
6.26349E+01 6.46498E+01 6.64084E+01 6.59874E+01 6.59846E+01 6.59848E+01 6.59881E+01 6.64082E+01 6.46498E+01 6.26349E+01 2.07528E+03
6.50783E+01 6.70884E+01 6.88416E+01 6.84227E+01 6.84199E+01 6.84200E+01 6.84234E+01 6.88414E+01 6.70884E+01 6.50783E+01 2.15346E+03
6.75507E+01 6.95559E+01 7.13038E+01 7.08871E+01 7.08843E+01 7.08844E+01 7.08878E+01 7.13036E+01 6.95559E+01 6.75507E+01 2.23240E+03
7.00512E+01 7.20518E+01 7.37945E+01 7.33799E+01 7.33771E+01 7.33772E+01 7.33806E+01 7.37943E+01 7.20518E+01 7.00512E+01 2.31208E+03
0.00000E+00 0.00000E+00 2.07683E+00 1.50070E+00 1.49825E+00 1.49822E+00 1.50084E+00 2.07668E+00 0.00000E+00 0.00000E+00 -3.01211E+00
0.00000E+00 0.00000E+00 2.06624E+00 1.51181E+00 1.50932E+00 1.50929E+00 1.51195E+00 2.06608E+00 0.00000E+00 0.00000E+00 -7.96546E-01
0.00000E+00 9.34148E-02 2.14809E+00 1.61130E+00 1.60878E+00 1.60875E+00 1.61145E+00 2.14793E+00 9.34148E-02 0.00000E+00 2.45487E+00
0.00000E+00 2.96359E-01 2.31488E+00 1.79311E+00 1.79055E+00 1.79053E+00 1.79327E+00 2.31471E+00 2.96359E-01 0.00000E+00 7.01541E+00
0.00000E+00 5.74929E-01 2.56174E+00 2.05309E+00 2.05051E+00 2.05049E+00 2.05326E+00 2.56157E+00 5.74929E-01 0.00000E+00 1.32003E+01
0.00000E+00 9.24999E-01 2.88361E+00 2.38659E+00 2.38399E+00 2.38397E+00 2.38677E+00 2.88345E+00 9.24999E-01 0.00000E+00 2.12047E+01
0.00000E+00 1.34278E+00 3.27604E+00 2.78944E+00 2.78682E+00 2.78681E+00 2.78964E+00 3.27587E+00 1.34278E+00 0.00000E+00 3.11651E+01
0.00000E+00 1.82492E+00 3.73517E+00 3.25800E+00 3.25535E+00 3.25534E+00 3.25821E+00 3.73499E+00 1.82492E+00 0.00000E+00 4.31687E+01
1.95961E-01 2.33792E+00 4.22721E+00 3.75860E+00 3.75594E+00 3.75594E+00 3.75883E+00 4.22704E+00 2.33792E+00 1.95961E-01 5.72716E+01
7.42410E-01 2.86718E+00 4.73723E+00 4.27646E+00 4.27378E+00 4.27378E+00 4.27670E+00 4.73705E+00 2.86718E+00 7.42410E-01 7.34094E+01
1.35163E+00 3.46033E+00 5.31245E+00 4.85897E+00 4.85628E+00 4.85628E+00 4.85923E+00 5.31227E+00 3.46033E+00 1.35163E+00 9.15408E+01
2.02169E+00 4.11533E+00 5.95067E+00 5.50399E+00 5.50128E+00 5.50129E+00 5.50426E+00 5.95048E+00 4.11533E+00 2.02169E+00 1.11662E+02
2.75076E+00 4.83022E+00 6.64978E+00 6.20949E+00 6.20676E+00 6.20678E+00 6.20978E+00 6.64960E+00 4.83022E+00 2.75076E+00 1.33757E+02
3.53707E+00 5.60314E+00 7.40784E+00 6.97354E+00 6.97081E+00 6.97083E+00 6.97385E+00 7.40766E+00 5.60314E+00 3.53707E+00 1.57799E+02
4.37894E+00 6.43233E+00 8.22298E+00 7.79434E+00 7.79159E+00 7.79162E+00 7.79466E+00 8.22279E+00 6.43233E+00 4.37894E+00 1.83754E+02
5.27474E+00 7.31609E+00 9.09343E+00 8.67014E+00 8.66738E+00 8.66741E+00 8.67048E+00 9.09324E+00 7.31609E+00 5.27474E+00 2.11582E+02
6.22292E+00 8.25282E+00 1.00175E+01 9.59929E+00 9.59651E+00 9.59655E+00 9.59964E+00 1.00173E+01 8.25282E+00 6.22292E+00 2.41238E+02
7.22199E+00 9.24096E+00 1.09936E+01 1.05802E+01 1.05774E+01 1.05775E+01 1.05806E+01 1.09934E+01 9.24096E+00 7.22199E+00 2.72675E+02
8.27050E+00 1.02790E+01 1.20202E+01 1.16114E+01 1.16086E+01 1.16086E+01 1.16118E+01 1.20200E+01 1.02790E+01 8.27050E+00 3.05842E+02
9.36706E+00 1.13656E+01 1.30957E+01 1.26913E+01 1.26885E+01 1.26886E+01 1.26917E+01 1.30956E+01 1.13656E+01 9.36706E+00 3.40687E+02
1.05103E+01 1.24993E+01 1.42189E+01 1.38187E+01 1.38159E+01 1.38159E+01 1.38191E+01 1.42187E+01 1.24993E+01 1.05103E+01 3.77159E+02
1.16990E+01 1.36787E+01 1.53883E+01 1.49921E+01 1.49892E+01 1.49893E+01 1.49925E+01 1.53881E+01 1.36787E+01 1.16990E+01 4.15203E+02
1.29318E+01 1.49027E+01 1.66026E+01 1.62102E+01 1.62074E+01 1.62074E+01 1.62106E+01 1.66024E+01 1.49027E+01 1.29318E+01 4.54768E+02
1.42076E+01 1.61699E+01 1.78605E+01 1.74718E+01 1.74689E+01 1.74690E+01 1.74723E+01 1.78603E+01 1.61699E+01 1.42076E+01 4.95801E+02
1.55251E+01 1.74792E+01 1.91607E+01 1.87756E+01 1.87728E+01 1.87729E+01 1.87761E+01 1.91605E+01 1.74792E+01 1.55251E+01 5.38250E+02
1.68831E+01 1.88294E+01 2.05022E+01 2.01205E+01 2.01177E+01 2.01178E+01 2.01210E+01 2.05020E+01 1.88294E+01 1.68831E+01 5.82064E+02
1.82807E+01 2.02193E+01 2.18838E+01 2.15054E+01 2.15025E+01 2.15026E+01 2.15059E+01 2.18836E+01 2.02193E+01 1.82807E+01 6.27194E+02
1.97167E+01 2.16478E+01 2.33043E+01 2.29291E+01 2.29262E+01 2.29263E+01 2.29296E+01 2.33041E+01 2.16478E+01 1.97167E+01 6.73591E+02
2.11901E+01 2.31140E+01 2.47626E+01 2.43905E+01 2.43876E+01 2.43877E+01 2.43910E+01 2.47624E+01 2.31140E+01 2.11901E+01 7.21207E+02
2.26998E+01 2.46167E+01 2.62578E+01 2.58886E+01 2.58857E+01 2.58859E+01 2.58892E+01 2.62576E+01 2.46167E+01 2.26998E+01 7.69996E+02
2.42448E+01 2.61550E+01 2.77888E+01 2.74225E+01 2.74196E+01 2.74197E+01 2.74231E+01 2.77886E+01 2.61550E+01 2.42448E+01 8.19914E+02
2.58243E+01 2.77279E+01 2.93546E+01 2.89911E+01 2.89881E+01 2.89883E+01 2.89917E+01 2.93544E+01 2.77279E+01 2.58243E+01 8.70917E+02
2.74372E+01 2.93345E+01 3.09542E+01 3.05934E+01 3.05905E+01 3.05906E+01 3.05940E+01 3.09540E+01 2.93345E+01 2.74372E+01 9.22963E+02
2.90827E+01 3.09738E+01 3.25868E+01 3.22286E+01 3.22257E+01 3.22258E+01 3.22292E+01 3.25866E+01 3.09738E+01 2.90827E+01 9.76011E+02
3.07599E+01 3.26449E+01 3.42515E+01 3.38958E+01 3.38929E+01 3.38930E+01 3.38964E+01 3.42512E+01 3.26449E+01 3.07599E+01 1.03002E+03
3.24679E+01 3.43471E+01 3.59473E+01 3.55941E+01 3.55911E+01 3.55913E+01 3.55947E+01 3.59470E+01 3.43471E+01 3.24679E+01 1.08496E+03
3.42059E+01 3.60794E+01 3.76734E+01 3.73226E+01 3.73196E+01 3.73198E+01 3.73232E+01 3.76732E+01 3.60794E+01 3.42059E+01 1.14078E+03
3.59731E+01 3.78410E+01 3.94290E+01 3.90805E+01 3.90776E+01 3.90777E+01 3.90812E+01 3.94288E+01 3.78410E+01 3.59731E+01 1.19746E+03
3.77687E+01 3.96311E+01 4.12133E+01 4.08671E+01 4.08642E+01 4.08643E+01 4.08678E+01 4.12131E+01 3.96311E+01 3.77687E+01 1.25495E+03
3.95919E+01 4.14491E+01 4.30255E+01 4.26816E+01 4.26786E+01 4.26788E+01 4.26823E+01 4.30253E+01 4.14491E+01 3.95919E+01 1.31323E+03
4.14421E+01 4.32941E+01 4.48649E+01 4.45231E+01 4.45202E+01 4.45203E+01 4.45239E+01 4.48647E+01 4.32941E+01 4.14421E+01 1.37227E+03
4.33185E+01 4.51654E+01 4.67308E+01 4.63911E+01 4.63881E+01 4.63883E+01 4.63918E+01 4.67306E+01 4.51654E+01 4.33185E+01 1.43202E+03
4.52203E+01 4.70623E+01 4.86224E+01 4.82847E+01 4.82817E+01 4.82819E+01 4.82855E+01 4.86222E+01 4.70623E+01 4.52203E+01 1.49247E+03
4.71469E+01 4.89841E+01 5.05390E+01 5.02033E+01 5.02004E+01 5.02005E+01 5.02041E+01 5.05388E+01 4.89841E+01 4.71469E+01 1.55359E+03
4.90977E+01 5.09301E+01 5.24800E+01 5.21463E+01 5.21433E+01 5.21435E+01 5.21471E+01 5.24797E+01 5.09301E+01 4.90977E+01 1.61534E+03
5.10720E+01 5.28998E+01 5.44447E+01 5.41129E+01 5.41099E+01 5.41101E+01 5.41137E+01 5.44444E+01 5.28998E+01 5.10720E+01 1.67771E+03
5.30692E+01 5.48924E+01 5.64324E+01 5.61025E+01 5.60995E+01 5.60997E+01 5.61033E+01 5.64322E+01 5.48924E+01 5.30692E+01 1.74066E+03
5.50886E+01 5.69074E+01 5.84427E+01 5.81146E+01 5.81116E+01 5.81118E+01 5.81154E+01 5.84424E+01 5.69074E+01 5.50886E+01 1.80417E+03
5.71297E+01 5.89441E+01 6.04748E+01 6.01485E+01 6.01455E+01 6.01457E+01 6.01493E+01 6.04745E+01 5.89441E+01 5.71297E+01 1.86822E+03
5.91919E+01 6.10020E+01 6.25281E+01 6.22036E+01 6.22006E+01 6.22008E+01 6.22044E+01 6.25279E+01 6.10020E+01 5.91919E+01 1.93278E+03
0.00000E+00 0.00000E+00 1.81257E+00 1.35364E+00 1.35101E+00 1.35092E+00 1.35361E+00 1.81240E+00 0.00000E+00 0.00000E+00 -2.77006E+00
0.00000E+00 0.00000E+00 1.80724E+00 1.36644E+00 1.36377E+00 1.36369E+00 1.36645E+00 1.80706E+00 0.00000E+00 0.00000E+00 -7.35787E-01
0.00000E+00 8.74263E-02 1.88670E+00 1.46064E+00 1.45793E+00 1.45787E+00 1.46068E+00 1.88652E+00 8.74263E-02 0.00000E+00 2.27364E+00
0.00000E+00 2.75033E-01 2.04265E+00 1.62912E+00 1.62639E+00 1.62634E+00 1.62920E+00 2.04247E+00 2.75033E-01 0.00000E+00 6.49644E+00
0.00000E+00 5.29864E-01 2.26972E+00 1.86715E+00 1.86439E+00 1.86434E+00 1.86725E+00 2.26953E+00 5.29864E-01 0.00000E+00 1.22029E+01
0.00000E+00 8.47486E-01 2.56266E+00 2.16978E+00 2.16700E+00 2.16697E+00 2.16992E+00 2.56247E+00 8.47486E-01 0.00000E+00 1.95476E+01
0.00000E+00 1.22399E+00 2.91696E+00 2.53278E+00 2.52998E+00 2.52995E+00 2.53295E+00 2.91677E+00 1.22399E+00 0.00000E+00 2.86308E+01
0.00000E+00 1.65598E+00 3.32880E+00 2.95249E+00 2.94967E+00 2.94965E+00 2.95269E+00 3.32861E+00 1.65598E+00 0.00000E+00 3.95088E+01
1.76214E-01 2.11498E+00 3.76945E+00 3.40028E+00 3.39744E+00 3.39743E+00 3.40051E+00 3.76925E+00 2.11498E+00 1.76214E-01 5.21853E+01
6.65585E-01 2.58870E+00 4.22634E+00 3.86370E+00 3.86084E+00 3.86084E+00 3.86396E+00 4.22614E+00 2.58870E+00 6.65585E-01 6.65675E+01
1.20829E+00 3.11680E+00 4.73873E+00 4.38216E+00 4.37929E+00 4.37930E+00 4.38245E+00 4.73852E+00 3.11680E+00 1.20829E+00 8.26434E+01
1.80237E+00 3.69717E+00 5.30440E+00 4.95351E+00 4.95062E+00 4.95064E+00 4.95383E+00 5.30420E+00 3.69717E+00 1.80237E+00 1.00397E+02
2.44598E+00 4.32787E+00 5.92130E+00 5.57573E+00 5.57282E+00 5.57285E+00 5.57607E+00 5.92109E+00 4.32787E+00 2.44598E+00 1.19803E+02
3.13737E+00 5.00709E+00 6.58750E+00 6.24692E+00 6.24400E+00 6.24404E+00 6.24730E+00 6.58729E+00 5.00709E+00 3.13737E+00 1.40827E+02
3.87491E+00 5.73309E+00 7.30121E+00 6.96534E+00 6.96240E+00 6.96246E+00 6.96574E+00 7.30099E+00 5.73309E+00 3.87491E+00 1.63431E+02
4.65703E+00 6.50426E+00 8.06071E+00 7.72930E+00 7.72635E+00 7.72642E+00 7.72973E+00 8.06050E+00 6.50426E+00 4.65703E+00 1.87572E+02
5.48225E+00 7.31905E+00 8.86442E+00 8.53724E+00 8.53428E+00 8.53435E+00 8.53769E+00 8.86421E+00 7.31905E+00 5.48225E+00 2.13203E+02
6.34913E+00 8.17600E+00 9.71082E+00 9.38765E+00 9.38468E+00 9.38476E+00 9.38813E+00 9.71060E+00 8.17600E+00 6.34913E+00 2.40278E+02
7.25634E+00 9.07370E+00 1.05985E+01 1.02791E+01 1.02761E+01 1.02762E+01 1.02796E+01 1.05982E+01 9.07370E+00 7.25634E+00 2.68746E+02
8.20257E+00 1.00108E+01 1.15260E+01 1.12103E+01 1.12073E+01 1.12074E+01 1.12108E+01 1.15258E+01 1.00108E+01 8.20257E+00 2.98558E+02
9.18657E+00 1.09861E+01 1.24920E+01 1.21798E+01 1.21768E+01 1.21769E+01 1.21804E+01 1.24918E+01 1.09861E+01 9.18657E+00 3.29666E+02
1.02072E+01 1.19983E+01 1.34954E+01 1.31865E+01 1.31835E+01 1.31836E+01 1.31871E+01 1.34952E+01 1.19983E+01 1.02072E+01 3.62019E+02
1.12632E+01 1.30463E+01 1.45349E+01 1.42292E+01 1.42262E+01 1.42263E+01 1.42298E+01 1.45347E+01 1.30463E+01 1.12632E+01 3.95570E+02
1.23535E+01 1.41289E+01 1.56093E+01 1.53067E+01 1.53037E+01 1.53038E+01 1.53073E+01 1.56091E+01 1.41289E+01 1.23535E+01 4.30270E+02
1.34771E+01 1.52450E+01 1.67175E+01 1.64179E+01 1.64149E+01 1.64150E+01 1.64185E+01 1.67173E+01 1.52450E+01 1.34771E+01 4.66074E+02
1.46329E+01 1.63936E+01 1.78586E+01 1.75618E+01 1.75587E+01 1.75588E+01 1.75624E+01 1.78583E+01 1.63936E+01 1.46329E+01 5.02937E+02
1.58199E+01 1.75736E+01 1.90313E+01 1.87372E+01 1.87342E+01 1.87343E+01 1.87379E+01 1.90311E+01 1.75736E+01 1.58199E+01 5.40814E+02
1.70373E+01 1.87842E+01 2.02348E+01 1.99434E+01 1.99403E+01 1.99405E+01 1.99441E+01 2.02346E+01 1.87842E+01 1.70373E+01 5.79662E+02
1.82839E+01 2.00243E+01 2.14681E+01 2.11792E+01 2.11761E+01 2.11763E+01 2.11800E+01 2.14679E+01 2.00243E+01 1.82839E+01 6.19441E+02
1.95590E+01 2.12931E+01 2.27302E+01 2.24438E+01 2.24407E+01 2.24409E+01 2.24446E+01 2.27300E+01 2.12931E+01 1.95590E+01 6.60111E+02
2.08617E+01 2.25896E+01 2.40204E+01 2.37364E+01 2.37333E+01 2.37335E+01 2.37371E+01 2.40201E+01 2.25896E+01 2.08617E+01 7.01632E+02
2.21912E+01 2.39131E+01 2.53376E+01 2.50559E+01 2.50528E+01 2.50530E+01 2.50567E+01 2.53374E+01 2.39131E+01 2.21912E+01 7.43969E+02
2.35465E+01 2.52627E+01 2.66812E+01 2.64017E+01 2.63986E+01 2.63988E+01 2.64025E+01 2.66809E+01 2.52627E+01 2.35465E+01 7.87085E+02
2.49271E+01 2.66376E+01 2.80502E+01 2.77729E+01 2.77698E+01 2.77700E+01 2.77737E+01 2.80499E+01 2.66376E+01 2.49271E+01 8.30946E+02
2.63320E+01 2.80370E+01 2.94439E+01 2.91687E+01 2.91656E+01 2.91658E+01 2.91696E+01 2.94437E+01 2.80370E+01 2.63320E+01 8.75519E+02
2.77606E+01 2.94602E+01 3.08616E+01 3.05885E+01 3.05854E+01 3.05856E+01 3.05894E+01 3.08614E+01 2.94602E+01 2.77606E+01 9.20772E+02
2.92121E+01 3.09066E+01 3.23025E+01 3.20314E+01 3.20283E+01 3.20285E+01 3.20323E+01 3.23023E+01 3.09066E+01 2.92121E+01 9.66675E+02
3.06859E+01 3.23753E+01 3.37660E+01 3.34968E+01 3.34937E+01 3.34939E+01 3.34977E+01 3.37657E+01 3.23753E+01 3.06859E+01 1.01320E+03
3.21813E+01 3.38657E+01 3.52513E+01 3.49840E+01 3.49808E+01 3.49811E+01 3.49850E+01 3.52510E+01 3.38657E+01 3.21813E+01 1.06031E+03
3.36976E+01 3.53772E+01 3.67578E+01 3.64923E+01 3.64892E+01 3.64894E+01 3.64933E+01 3.67576E+01 3.53772E+01 3.36976E+01 1.10799E+03
3.52343E+01 3.69092E+01 3.82849E+01 3.80212E+01 3.80180E+01 3.80183E+01 3.80222E+01 3.82846E+01 3.69092E+01 3.52343E+01 1.15621E+03
3.67906E+01 3.84609E+01 3.98319E+01 3.95699E+01 3.95668E+01 3.95670E+01 3.95710E+01 3.98316E+01 3.84609E+01 3.67906E+01 1.20494E+03
3.83661E+01 4.00319E+01 4.13982E+01 4.11380E+01 4.11348E+01 4.11351E+01 4.11390E+01 4.13979E+01 4.00319E+01 3.83661E+01 1.25417E+03
3.99602E+01 4.16216E+01 4.29833E+01 4.27248E+01 4.27216E+01 4.27219E+01 4.27258E+01 4.29830E+01 4.16216E+01 3.99602E+01 1.30386E+03
4.15723E+01 4.32293E+01 4.45866E+01 4.43297E+01 4.43265E+01 4.43268E+01 4.43308E+01 4.45864E+01 4.32293E+01 4.15723E+01 1.35399E+03
4.32018E+01 4.48546E+01 4.62076E+01 4.59522E+01 4.59490E+01 4.59493E+01 4.59533E+01 4.62073E+01 4.48546E+01 4.32018E+01 1.40455E+03
4.48482E+01 4.64970E+01 4.78457E+01 4.75919E+01 4.75887E+01 4.75890E+01 4.75930E+01 4.78454E+01 4.64970E+01 4.48482E+01 1.45551E+03
4.65112E+01 4.81558E+01 4.95004E+01 4.92481E+01 4.92449E+01 4.92452E+01 4.92492E+01 4.95001E+01 4.81558E+01 4.65112E+01 1.50686E+03
4.81900E+01 4.98307E+01 5.11712E+01 5.09204E+01 5.09172E+01 5.09175E+01 5.09216E+01 5.11710E+01 4.98307E+01 4.81900E+01 1.55857E+03
4.98844E+01 5.15212E+01 5.28577E+01 5.26084E+01 5.26051E+01 5.26055E+01 5.26095E+01 5.28574E+01 5.15212E+01 4.98844E+01 1.61063E+03
0.00000E+00 0.00000E+00 1.58096E+00 1.22032E+00 1.21751E+00 1.21743E+00 1.22030E+00 1.58077E+00 0.00000E+00 0.00000E+00 -2.55596E+00
0.00000E+00 0.00000E+00 1.58050E+00 1.23495E+00 1.23210E+00 1.23204E+00 1.23500E+00 1.58031E+00 0.00000E+00 0.00000E+00 -6.81554E-01
0.00000E+00 8.19676E-02 1.65763E+00 1.32434E+00 1.32145E+00 1.32141E+00 1.32444E+00 1.65743E+00 8.19676E-02 0.00000E+00 2.11119E+00
0.00000E+00 2.55481E-01 1.80343E+00 1.48056E+00 1.47764E+00 1.47762E+00 1.48072E+00 1.80322E+00 2.55481E-01 0.00000E+00 6.02678E+00
0.00000E+00 4.88533E-01 2.01217E+00 1.69841E+00 1.69546E+00 1.69545E+00 1.69862E+00 2.01197E+00 4.88533E-01 0.00000E+00 1.12938E+01
0.00000E+00 7.76504E-01 2.27853E+00 1.97283E+00 1.96986E+00 1.96986E+00 1.97309E+00 2.27832E+00 7.76504E-01 0.00000E+00 1.80306E+01
0.00000E+00 1.11545E+00 2.59804E+00 2.29957E+00 2.29657E+00 2.29659E+00 2.29987E+00 2.59783E+00 1.11545E+00 0.00000E+00 2.63058E+01
0.00000E+00 1.50203E+00 2.96697E+00 2.67503E+00 2.67202E+00 2.67205E+00 2.67538E+00 2.96676E+00 1.50203E+00 0.00000E+00 3.61496E+01
1.58227E-01 1.91211E+00 3.36099E+00 3.07498E+00 3.07194E+00 3.07199E+00 3.07537E+00 3.36077E+00 1.91211E+00 1.58227E-01 4.75239E+01
5.95792E-01 2.33544E+00 3.76958E+00 3.48899E+00 3.48594E+00 3.48600E+00 3.48942E+00 3.76936E+00 2.33544E+00 5.95792E-01 6.03156E+01
1.07841E+00 2.80476E+00 4.22515E+00 3.94961E+00 3.94653E+00 3.94661E+00 3.95007E+00 4.22492E+00 2.80476E+00 1.07841E+00 7.45374E+01
1.60413E+00 3.31801E+00 4.72553E+00 4.45470E+00 4.45161E+00 4.45169E+00 4.45520E+00 4.72531E+00 3.31801E+00 1.60413E+00 9.01643E+01
2.17117E+00 3.87331E+00 5.26874E+00 5.00231E+00 4.99921E+00 4.99931E+00 5.00286E+00 5.26851E+00 3.87331E+00 2.17117E+00 1.07164E+02
2.77783E+00 4.46889E+00 5.85293E+00 5.59064E+00 5.58752E+00 5.58763E+00 5.59122E+00 5.85269E+00 4.46889E+00 2.77783E+00 1.25499E+02
3.42255E+00 5.10311E+00 6.47638E+00 6.21800E+00 6.21487E+00 6.21499E+00 6.21862E+00 6.47614E+00 5.10311E+00 3.42255E+00 1.45128E+02
4.10385E+00 5.77444E+00 7.13750E+00 6.88282E+00 6.87967E+00 6.87981E+00 6.88347E+00 7.13726E+00 5.77444E+00 4.10385E+00 1.66007E+02
4.82033E+00 6.48143E+00 7.83479E+00 7.58362E+00 7.58045E+00 7.58060E+00 7.58430E+00 7.83455E+00 6.48143E+00 4.82033E+00 1.88090E+02
5.57067E+00 7.22272E+00 8.56685E+00 8.31900E+00 8.31583E+00 8.31599E+00 8.31972E+00 8.56661E+00 7.22272E+00 5.57067E+00 2.11331E+02
6.35362E+00 7.99703E+00 9.33234E+00 9.08767E+00 9.08448E+00 9.08465E+00 9.08842E+00 9.33210E+00 7.99703E+00 6.35362E+00 2.35683E+02
7.16799E+00 8.80312E+00 1.01300E+01 9.88836E+00 9.88516E+00 9.88535E+00 9.88915E+00 1.01298E+01 8.80312E+00 7.16799E+00 2.61101E+02
8.01264E+00 9.63984E+00 1.09587E+01 1.07199E+01 1.07167E+01 1.07169E+01 1.07207E+01 1.09584E+01 9.63984E+00 8.01264E+00 2.87538E+02
8.88649E+00 1.05061E+01 1.18172E+01 1.15812E+01 1.15779E+01 1.15781E+01 1.15820E+01 1.18169E+01 1.05061E+01 8.88649E+00 3.14951E+02
9.78851E+00 1.14008E+01 1.27044E+01 1.24711E+01 1.24678E+01 1.24681E+01 1.24720E+01 1.27042E+01 1.14008E+01 9.78851E+00 3.43295E+02
1.07177E+01 1.23229E+01 1.36194E+01 1.33886E+01 1.33854E+01 1.33856E+01 1.33895E+01 1.36192E+01 1.23229E+01 1.07177E+01 3.72528E+02
1.16731E+01 1.32715E+01 1.45611E+01 1.43328E+01 1.43295E+01 1.43298E+01 1.43337E+01 1.45609E+01 1.32715E+01 1.16731E+01 4.02609E+02
1.26538E+01 1.42457E+01 1.55286E+01 1.53026E+01 1.52994E+01 1.52996E+01 1.53036E+01 1.55284E+01 1.42457E+01 1.26538E+01 4.33499E+02
1.36590E+01 1.52445E+01 1.65210E+01 1.62973E+01 1.62940E+01 1.62943E+01 1.62983E+01 1.65208E+01 1.52445E+01 1.36590E+01 4.65160E+02
1.46877E+01 1.62671E+01 1.75375E+01 1.73159E+01 1.73126E+01 1.73129E+01 1.73169E+01 1.75372E+01 1.62671E+01 1.46877E+01 4.97554E+02
1.57393E+01 1.73126E+01 1.85770E+01 1.83576E+01 1.83543E+01 1.83546E+01 1.83587E+01 1.85768E+01 1.73126E+01 1.57393E+01 5.30646E+02
1.68128E+01 1.83804E+01 1.96390E+01 1.94216E+01 1.94183E+01 1.94186E+01 1.94227E+01 1.96388E+01 1.83804E+01 1.68128E+01 5.64403E+02
1.79076E+01 1.94696E+01 2.07226E+01 2.05072E+01 2.05039E+01 2.05042E+01 2.05083E+01 2.07223E+01 1.94696E+01 1.79076E+01 5.98791E+02
1.90229E+01 2.05795E+01 2.18270E+01 2.16135E+01 2.16102E+01 2.16105E+01 2.16147E+01 2.18268E+01 2.05795E+01 1.90229E+01 6.33780E+02
2.01581E+01 2.17094E+01 2.29516E+01 2.27400E+01 2.27366E+01 2.27370E+01 2.27411E+01 2.29514E+01 2.17094E+01 2.01581E+01 6.69340E+02
2.13124E+01 2.28586E+01 2.40957E+01 2.38858E+01 2.38825E+01 2.38828E+01 2.38870E+01 2.40954E+01 2.28586E+01 2.13124E+01 7.05441E+02
2.24852E+01 2.40264E+01 2.52585E+01 2.50504E+01 2.50471E+01 2.50474E+01 2.50516E+01 2.52583E+01 2.40264E+01 2.24852E+01 7.42058E+02
2.36760E+01 2.52123E+01 2.64395E+01 2.62331E+01 2.62298E+01 2.62301E+01 2.62344E+01 2.64393E+01 2.52123E+01 2.36760E+01 7.79163E+02
2.48840E+01 2.64156E+01 2.76381E+01 2.74333E+01 2.74300E+01 2.74304E+01 2.74346E+01 2.76378E+01 2.64156E+01 2.48840E+01 8.16732E+02
2.61087E+01 2.76357E+01 2.88536E+01 2.86505E+01 2.86471E+01 2.86475E+01 2.86518E+01 2.88534E+01 2.76357E+01 2.61087E+01 8.54740E+02
2.73496E+01 2.88721E+01 3.00855E+01 2.98839E+01 2.98806E+01 2.98810E+01 2.98853E+01 3.00853E+01 2.88721E+01 2.73496E+01 8.93165E+02
2.86062E+01 3.01242E+01 3.13333E+01 3.11332E+01 3.11298E+01 3.11302E+01 3.11346E+01 3.13330E+01 3.01242E+01 2.86062E+01 9.31984E+02
2.98778E+01 3.13915E+01 3.25963E+01 3.23977E+01 3.23943E+01 3.23948E+01 3.23991E+01 3.25960E+01 3.13915E+01 2.98778E+01 9.71178E+02
3.11640E+01 3.26735E+01 3.38741E+01 3.36770E+01 3.36736E+01 3.36740E+01 3.36784E+01 3.38739E+01 3.26735E+01 3.11640E+01 1.01073E+03
3.24642E+01 3.39697E+01 3.51663E+01 3.49705E+01 3.49671E+01 3.49676E+01 3.49720E+01 3.51660E+01 3.39697E+01 3.24642E+01 1.05061E+03
3.37782E+01 3.52796E+01 3.64722E+01 3.62778E+01 3.62744E+01 3.62749E+01 3.62793E+01 3.64719E+01 3.52796E+01 3.37782E+01 1.09081E+03
3.51053E+01 3.66028E+01 3.77915E+01 3.75985E+01 3.75950E+01 3.75955E+01 3.75999E+01 3.77912E+01 3.66028E+01 3.51053E+01 1.13130E+03
3.64451E+01 3.79388E+01 3.91237E+01 3.89319E+01 3.89285E+01 3.89290E+01 3.89335E+01 3.91234E+01 3.79388E+01 3.64451E+01 1.17208E+03
3.77972E+01 3.92871E+01 4.04683E+01 4.02779E+01 4.02745E+01 4.02749E+01 4.02794E+01 4.04680E+01 3.92871E+01 3.77972E+01 1.21313E+03
3.91612E+01 4.06475E+01 4.18250E+01 4.16358E+01 4.16324E+01 4.16329E+01 4.16374E+01 4.18247E+01 4.06475E+01 3.91612E+01 1.25443E+03
4.05368E+01 4.20194E+01 4.31933E+01 4.30054E+01 4.30020E+01 4.30025E+01 4.30070E+01 4.31931E+01 4.20194E+01 4.05368E+01 1.29596E+03
4.19234E+01 4.34025E+01 4.45730E+01 4.43862E+01 4.43828E+01 4.43833E+01 4.43878E+01 4.45727E+01 4.34025E+01 4.19234E+01 1.33772E+03
0.00000E+00 0.00000E+00 1.37793E+00 1.09943E+00 1.09642E+00 1.09639E+00 1.09956E+00 1.37772E+00 0.00000E+00 0.00000E+00 -2.36694E+00
0.00000E+00 0.00000E+00 1.38202E+00 1.11602E+00 1.11297E+00 1.11296E+00 1.11624E+00 1.38180E+00 0.00000E+00 0.00000E+00 -6.33139E-01
0.00000E+00 7.69789E-02 1.45686E+00 1.20102E+00 1.19793E+00 1.19795E+00 1.20131E+00 1.45664E+00 7.69789E-02 0.00000E+00 1.96556E+00
0.00000E+00 2.37522E-01 1.59314E+00 1.34593E+00 1.34281E+00 1.34284E+00 1.34628E+00 1.59291E+00 2.37522E-01 0.00000E+00 5.60127E+00
0.00000E+00 4.50576E-01 1.78491E+00 1.54524E+00 1.54209E+00 1.54214E+00 1.54566E+00 1.78468E+00 4.50576E-01 0.00000E+00 1.04641E+01
0.00000E+00 7.11448E-01 2.02686E+00 1.79386E+00 1.79068E+00 1.79075E+00 1.79433E+00 2.02663E+00 7.11448E-01 0.00000E+00 1.66400E+01
0.00000E+00 1.01624E+00 2.31463E+00 2.08760E+00 2.08440E+00 2.08449E+00 2.08814E+00 2.31440E+00 1.01624E+00 0.00000E+00 2.41705E+01
0.00000E+00 1.36169E+00 2.64464E+00 2.42301E+00 2.41979E+00 2.41990E+00 2.42360E+00 2.64440E+00 1.36169E+00 0.00000E+00 3.30642E+01
1.41850E-01 1.72750E+00 2.99638E+00 2.77966E+00 2.77641E+00 2.77654E+00 2.78030E+00 2.99614E+00 1.72750E+00 1.41850E-01 4.32503E+01
5.32424E-01 2.10512E+00 3.36109E+00 3.14885E+00 3.14558E+00 3.14573E+00 3.14955E+00 3.36085E+00 2.10512E+00 5.32424E-01 5.46025E+01
9.60799E-01 2.52140E+00 3.76533E+00 3.55725E+00 3.55397E+00 3.55413E+00 3.55800E+00 3.76508E+00 2.52140E+00 9.60799E-01 6.71535E+01
1.42510E+00 2.97435E+00 4.20702E+00 4.00282E+00 3.99952E+00 3.99970E+00 4.00362E+00 4.20676E+00 2.97435E+00 1.42510E+00 8.08724E+01
1.92360E+00 3.46217E+00 4.68425E+00 4.48370E+00 4.48038E+00 4.48058E+00 4.48454E+00 4.68400E+00 3.46217E+00 1.92360E+00 9.57230E+01
2.45472E+00 3.98319E+00 5.19530E+00 4.99817E+00 4.99484E+00 4.99505E+00 4.99907E+00 5.19504E+00 3.98319E+00 2.45472E+00 1.11665E+02
3.01697E+00 4.53589E+00 5.73857E+00 5.54467E+00 5.54132E+00 5.54155E+00 5.54561E+00 5.73831E+00 4.53589E+00 3.01697E+00 1.28657E+02
3.60899E+00 5.11884E+00 6.31258E+00 6.12172E+00 6.11836E+00 6.11860E+00 6.12271E+00 6.31231E+00 5.11884E+00 3.60899E+00 1.46656E+02
4.22948E+00 5.73070E+00 6.91594E+00 6.72798E+00 6.72460E+00 6.72486E+00 6.72901E+00 6.91568E+00 5.73070E+00 4.22948E+00 1.65617E+02
4.87723E+00 6.37022E+00 7.54738E+00 7.36216E+00 7.35877E+00 7.35904E+00 7.36323E+00 7.54711E+00 6.37022E+00 4.87723E+00 1.85497E+02
5.55111E+00 7.03623E+00 8.20568E+00 8.02307E+00 8.01967E+00 8.01996E+00 8.02419E+00 8.20541E+00 7.03623E+00 5.55111E+00 2.06253E+02
6.25005E+00 7.72764E+00 8.88971E+00 8.70959E+00 8.70618E+00 8.70648E+00 8.71075E+00 8.88943E+00 7.72764E+00 6.25005E+00 2.27843E+02
6.97301E+00 8.44338E+00 9.59839E+00 9.42065E+00 9.41723E+00 9.41755E+00 9.42185E+00 9.59811E+00 8.44338E+00 6.97301E+00 2.50225E+02
7.71904E+00 9.18247E+00 1.03307E+01 1.01553E+01 1.01518E+01 1.01521E+01 1.01565E+01 1.03304E+01 9.18247E+00 7.71904E+00 2.73360E+02
8.48721E+00 9.94397E+00 1.10857E+01 1.09124E+01 1.09090E+01 1.09093E+01 1.09137E+01 1.10854E+01 9.94397E+00 8.48721E+00 2.97208E+02
9.27665E+00 1.07270E+01 1.18625E+01 1.16913E+01 1.16878E+01 1.16882E+01 1.16926E+01 1.18622E+01 1.07270E+01 9.27665E+00 3.21734E+02
1.00865E+01 1.15307E+01 1.26601E+01 1.24909E+01 1.24875E+01 1.24879E+01 1.24923E+01 1.26598E+01 1.15307E+01 1.00865E+01 3.46901E+02
1.09160E+01 1.23542E+01 1.34778E+01 1.33106E+01 1.33071E+01 1.33075E+01 1.33120E+01 1.34775E+01 1.23542E+01 1.09160E+01 3.72675E+02
1.17644E+01 1.31968E+01 1.43148E+01 1.41495E+01 1.41460E+01 1.41464E+01 1.41509E+01 1.43145E+01 1.31968E+01 1.17644E+01 3.99023E+02
1.26309E+01 1.40577E+01 1.51703E+01 1.50068E+01 1.50033E+01 1.50037E+01 1.50082E+01 1.51700E+01 1.40577E+01 1.26309E+01 4.25915E+02
1.35149E+01 1.49363E+01 1.60436E+01 1.58818E+01 1.58783E+01 1.58787E+01 1.58833E+01 1.60433E+01 1.49363E+01 1.35149E+01 4.53320E+02
1.44156E+01 1.58317E+01 1.69340E+01 1.67739E+01 1.67704E+01 1.67708E+01 1.67755E+01 1.69337E+01 1.58317E+01 1.44156E+01 4.81211E+02
1.53325E+01 1.67435E+01 1.78409E+01 1.76824E+01 1.76789E+01 1.76793E+01 1.76840E+01 1.78406E+01 1.67435E+01 1.53325E+01 5.09558E+02
1.62649E+01 1.76710E+01 1.87636E+01 1.86067E+01 1.86031E+01 1.86036E+01 1.86083E+01 1.87633E+01 1.76710E+01 1.62649E+01 5.38338E+02
1.72122E+01 1.86135E+01 1.97015E+01 1.95461E+01 1.95426E+01 1.95430E+01 1.95477E+01 1.97012E+01 1.86135E+01 1.72122E+01 5.67526E+02
1.81739E+01 1.95706E+01 2.06540E+01 2.05001E+01 2.04966E+01 2.04971E+01 2.05018E+01 2.06537E+01 1.95706E+01 1.81739E+01 5.97097E+02
1.91495E+01 2.05415E+01 2.16206E+01 2.14682E+01 2.14646E+01 2.14651E+01 2.14699E+01 2.16203E+01 2.05415E+01 1.91495E+01 6.27030E+02
2.01383E+01 2.15259E+01 2.26008E+01 2.24497E+01 2.24461E+01 2.24467E+01 2.24515E+01 2.26005E+01 2.15259E+01 2.01383E+01 6.57303E+02
2.11399E+01 2.25233E+01 2.35940E+01 2.34442E+01 2.34407E+01 2.34412E+01 2.34460E+01 2.35937E+01 2.25233E+01 2.11399E+01 6.87897E+02
2.21539E+01 2.35330E+01 2.45997E+01 2.44513E+01 2.44477E+01 2.44482E+01 2.44531E+01 2.45994E+01 2.35330E+01 2.21539E+01 7.18791E+02
2.31797E+01 2.45547E+01 2.56174E+01 2.54703E+01 2.54667E+01 2.54673E+01 2.54722E+01 2.56171E+01 2.45547E+01 2.31797E+01 7.49968E+02
2.42169E+01 2.55879E+01 2.66468E+01 2.65009E+01 2.64973E+01 2.64979E+01 2.65028E+01 2.66465E+01 2.55879E+01 2.42169E+01 7.81410E+02
2.52650E+01 2.66321E+01 2.76873E+01 2.75427E+01 2.75391E+01 2.75397E+01 2.75446E+01 2.76870E+01 2.66321E+01 2.52650E+01 8.13101E+02
2.63238E+01 2.76871E+01 2.87386E+01 2.85951E+01 2.85915E+01 2.85921E+01 2.85971E+01 2.87383E+01 2.76871E+01 2.63238E+01 8.45025E+02
2.73927E+01 2.87522E+01 2.98002E+01 2.96579E+01 2.96543E+01 2.96549E+01 2.96599E+01 2.97999E+01 2.87522E+01 2.73927E+01 8.77167E+02
2.84713E+01 2.98273E+01 3.08717E+01 3.07305E+01 3.07269E+01 3.07276E+01 3.07326E+01 3.08714E+01 2.98273E+01 2.84713E+01 9.09513E+02
2.95594E+01 3.09118E+01 3.19528E+01 3.18128E+01 3.18091E+01 3.18098E+01 3.18148E+01 3.19525E+01 3.09118E+01 2.95594E+01 9.42048E+02
3.06566E+01 3.20054E+01 3.30431E+01 3.29041E+01 3.29005E+01 3.29012E+01 3.29062E+01 3.30428E+01 3.20054E+01 3.06566E+01 9.74761E+02
3.17624E+01 3.31078E+01 3.41423E+01 3.40044E+01 3.40007E+01 3.40014E+01 3.40065E+01 3.41420E+01 3.31078E+01 3.17624E+01 1.00764E+03
3.28766E+01 3.42187E+01 3.52500E+01 3.51131E+01 3.51094E+01 3.51101E+01 3.51152E+01 3.52497E+01 3.42187E+01 3.28766E+01 1.04067E+03
3.39989E+01 3.53377E+01 3.63658E+01 3.62299E+01 3.62263E+01 3.62270E+01 3.62321E+01 3.63655E+01 3.53377E+01 3.39989E+01 1.07384E+03
3.51289E+01 3.64645E+01 3.74896E+01 3.73547E+01 3.73510E+01 3.73517E+01 3.73569E+01 3.74893E+01 3.64645E+01 3.51289E+01 1.10714E+03
0.00000E+00 0.00000E+00 1.19992E+00 9.89809E-01 9.86590E-01 9.86613E-01 9.90144E-01 1.19969E+00 0.00000E+00 0.00000E+00 -2.20044E+00
0.00000E+00 0.00000E+00 1.20826E+00 1.00845E+00 1.00519E+00 1.00524E+00 1.00889E+00 1.20802E+00 0.00000E+00 0.00000E+00 -5.89829E-01
0.00000E+00 7.24058E-02 1.28088E+00 1.08944E+00 1.08613E+00 1.08621E+00 1.08996E+00 1.28063E+00 7.24058E-02 0.00000E+00 1.83512E+00
0.00000E+00 2.20992E-01 1.40822E+00 1.22388E+00 1.22054E+00 1.22064E+00 1.22449E+00 1.40796E+00 2.20992E-01 0.00000E+00 5.21539E+00
0.00000E+00 4.15670E-01 1.58426E+00 1.40613E+00 1.40276E+00 1.40289E+00 1.40682E+00 1.58400E+00 4.15670E-01 0.00000E+00 9.70576E+00
0.00000E+00 6.51770E-01 1.80379E+00 1.63115E+00 1.62775E+00 1.62790E+00 1.63191E+00 1.80353E+00 6.51770E-01 0.00000E+00 1.53637E+01
0.00000E+00 9.25500E-01 2.06262E+00 1.89490E+00 1.89147E+00 1.89164E+00 1.89573E+00 2.06236E+00 9.25500E-01 0.00000E+00 2.22077E+01
0.00000E+00 1.23374E+00 2.35734E+00 2.19406E+00 2.19061E+00 2.19080E+00 2.19496E+00 2.35707E+00 1.23374E+00 0.00000E+00 3.02287E+01
1.26948E-01 1.55950E+00 2.67078E+00 2.51153E+00 2.50806E+00 2.50827E+00 2.51250E+00 2.67051E+00 1.55950E+00 1.26948E-01 3.93312E+01
4.74927E-01 1.89569E+00 2.99567E+00 2.84010E+00 2.83661E+00 2.83685E+00 2.84113E+00 2.99539E+00 1.89569E+00 4.74927E-01 4.93817E+01
8.54388E-01 2.26414E+00 3.35358E+00 3.20143E+00 3.19792E+00 3.19818E+00 3.20253E+00 3.35330E+00 2.26414E+00 8.54388E-01 6.04290E+01
1.26355E+00 2.66297E+00 3.74255E+00 3.59359E+00 3.59006E+00 3.59035E+00 3.59475E+00 3.74226E+00 2.66297E+00 1.26355E+00 7.24386E+01
1.70080E+00 3.09049E+00 4.16080E+00 4.01484E+00 4.01129E+00 4.01160E+00 4.01606E+00 4.16052E+00 3.09049E+00 1.70080E+00 8.53721E+01
2.16465E+00 3.54516E+00 4.60674E+00 4.46359E+00 4.46002E+00 4.46035E+00 4.46486E+00 4.60645E+00 3.54516E+00 2.16465E+00 9.91894E+01
2.65374E+00 4.02556E+00 5.07888E+00 4.93838E+00 4.93480E+00 4.93514E+00 4.93971E+00 5.07859E+00 4.02556E+00 2.65374E+00 1.13849E+02
3.16682E+00 4.53039E+00 5.57588E+00 5.43788E+00 5.43429E+00 5.43465E+00 5.43927E+00 5.57558E+00 4.53039E+00 3.16682E+00 1.29310E+02
3.70272E+00 5.05843E+00 6.09648E+00 5.96085E+00 5.95725E+00 5.95763E+00 5.96230E+00 6.09619E+00 5.05843E+00 3.70272E+00 1.45531E+02
4.26034E+00 5.60856E+00 6.63953E+00 6.50615E+00 6.50253E+00 6.50294E+00 6.50766E+00 6.63923E+00 5.60856E+00 4.26034E+00 1.62472E+02
4.83867E+00 6.17972E+00 7.20394E+00 7.07271E+00 7.06907E+00 7.06950E+00 7.07427E+00 7.20364E+00 6.17972E+00 4.83867E+00 1.80093E+02
5.43673E+00 6.77094E+00 7.78870E+00 7.65951E+00 7.65586E+00 7.65631E+00 7.66112E+00 7.78839E+00 6.77094E+00 5.43673E+00 1.98357E+02
6.05365E+00 7.38128E+00 8.39285E+00 8.26561E+00 8.26196E+00 8.26242E+00 8.26728E+00 8.39255E+00 7.38128E+00 6.05365E+00 2.17227E+02
6.68855E+00 8.00986E+00 9.01551E+00 8.89014E+00 8.88647E+00 8.88696E+00 8.89186E+00 9.01520E+00 8.00986E+00 6.68855E+00 2.36668E+02
7.34063E+00 8.65588E+00 9.65583E+00 9.53225E+00 9.52857E+00 9.52907E+00 9.53402E+00 9.65552E+00 8.65588E+00 7.34063E+00 2.56646E+02
8.00914E+00 9.31854E+00 1.03130E+01 1.01911E+01 1.01875E+01 1.01880E+01 1.01930E+01 1.03127E+01 9.31854E+00 8.00914E+00 2.77131E+02
8.69334E+00 9.99710E+00 1.09863E+01 1.08661E+01 1.08624E+01 1.08629E+01 1.08680E+01 1.09860E+01 9.99710E+00 8.69334E+00 2.98090E+02
9.39255E+00 1.06909E+01 1.16750E+01 1.15564E+01 1.15526E+01 1.15532E+01 1.15583E+01 1.16747E+01 1.06909E+01 9.39255E+00 3.19496E+02
1.01061E+01 1.13992E+01 1.23784E+01 1.22613E+01 1.22576E+01 1.22581E+01 1.22632E+01 1.23781E+01 1.13992E+01 1.01061E+01 3.41320E+02
1.08334E+01 1.21214E+01 1.30958E+01 1.29802E+01 1.29765E+01 1.29771E+01 1.29822E+01 1.30955E+01 1.21214E+01 1.08334E+01 3.63537E+02
1.15739E+01 1.28569E+01 1.38268E+01 1.37126E+01 1.37088E+01 1.37094E+01 1.37146E+01 1.38264E+01 1.28569E+01 1.15739E+01 3.86121E+02
1.23269E+01 1.36051E+01 1.45705E+01 1.44577E+01 1.44540E+01 1.44546E+01 1.44598E+01 1.45702E+01 1.36051E+01 1.23269E+01 4.09050E+02
1.30919E+01 1.43655E+01 1.53266E+01 1.52152E+01 1.52114E+01 1.52121E+01 1.52173E+01 1.53263E+01 1.43655E+01 1.30919E+01 4.32301E+02
1.38685E+01 1.51376E+01 1.60945E+01 1.59843E+01 1.59806E+01 1.59812E+01 1.59865E+01 1.60942E+01 1.51376E+01 1.38685E+01 4.55853E+02
1.46561E+01 1.59208E+01 1.68737E+01 1.67647E+01 1.67610E+01 1.67617E+01 1.67670E+01 1.68734E+01 1.59208E+01 1.46561E+01 4.79686E+02
1.54542E+01 1.67147E+01 1.76636E+01 1.75559E+01 1.75521E+01 1.75528E+01 1.75582E+01 1.76633E+01 1.67147E+01 1.54542E+01 5.03781E+02
1.62624E+01 1.75188E+01 1.84639E+01 1.83573E+01 1.83536E+01 1.83543E+01 1.83597E+01 1.84636E+01 1.75188E+01 1.62624E+01 5.28120E+02
1.70803E+01 1.83327E+01 1.92741E+01 1.91686E+01 1.91648E+01 1.91656E+01 1.91710E+01 1.92737E+01 1.83327E+01 1.70803E+01 5.52687E+02
1.79075E+01 1.91559E+01 2.00937E+01 1.99894E+01 1.99856E+01 1.99863E+01 1.99918E+01 2.00933E+01 1.91559E+01 1.79075E+01 5.77465E+02
1.87435E+01 1.99881E+01 2.09223E+01 2.08191E+01 2.08153E+01 2.08161E+01 2.08216E+01 2.09220E+01 1.99881E+01 1.87435E+01 6.02439E+02
1.95880E+01 2.08289E+01 2.17597E+01 2.16575E+01 2.16537E+01 2.16545E+01 2.16600E+01 2.17593E+01 2.08289E+01 1.95880E+01 6.27595E+02
2.04407E+01 2.16779E+01 2.26053E+01 2.25041E+01 2.25003E+01 2.25011E+01 2.25067E+01 2.26050E+01 2.16779E+01 2.04407E+01 6.52920E+02
2.13011E+01 2.25347E+01 2.34589E+01 2.33587E+01 2.33549E+01 2.33557E+01 2.33613E+01 2.34585E+01 2.25347E+01 2.13011E+01 6.78399E+02
2.21689E+01 2.33991E+01 2.43200E+01 2.42208E+01 2.42170E+01 2.42179E+01 2.42235E+01 2.43197E+01 2.33991E+01 2.21689E+01 7.04022E+02
2.30438E+01 2.42706E+01 2.51885E+01 2.50902E+01 2.50864E+01 2.50872E+01 2.50929E+01 2.51881E+01 2.42706E+01 2.30438E+01 7.29776E+02
2.39256E+01 2.51490E+01 2.60638E+01 2.59665E+01 2.59627E+01 2.59635E+01 2.59692E+01 2.60635E+01 2.51490E+01 2.39256E+01 7.55652E+02
2.48138E+01 2.60340E+01 2.69459E+01 2.68494E+01 2.68456E+01 2.68465E+01 2.68522E+01 2.69455E+01 2.60340E+01 2.48138E+01 7.81637E+02
2.57083E+01 2.69253E+01 2.78342E+01 2.77387E+01 2.77348E+01 2.77358E+01 2.77415E+01 2.78339E+01 2.69253E+01 2.57083E+01 8.07723E+02
2.66088E+01 2.78227E+01 2.87287E+01 2.86340E+01 2.86302E+01 2.86311E+01 2.86369E+01 2.87284E+01 2.78227E+01 2.66088E+01 8.33900E+02
2.75149E+01 2.87257E+01 2.96290E+01 2.95351E+01 2.95313E+01 2.95322E+01 2.95380E+01 2.96286E+01 2.87257E+01 2.75149E+01 8.60160E+02
2.84264E+01 2.96343E+01 3.05348E+01 3.04418E+01 3.04379E+01 3.04389E+01 3.04447E+01 3.05345E+01 2.96343E+01 2.84264E+01 8.86493E+02
2.93432E+01 3.05481E+01 3.14459E+01 3.13537E+01 3.13498E+01 3.13508E+01 3.13567E+01 3.14456E+01 3.05481E+01 2.93432E+01 9.12893E+02
0.00000E+00 0.00000E+00 1.04385E+00 8.90412E-01 8.86961E-01 8.87021E-01 8.90959E-01 1.04359E+00 0.00000E+00 0.00000E+00 -2.05417E+00
0.00000E+00 0.00000E+00 1.05616E+00 9.11171E-01 9.07670E-01 9.07765E-01 9.11841E-01 1.05589E+00 0.00000E+00 0.00000E+00 -5.50904E-01
0.00000E+00 6.81987E-02 1.12659E+00 9.88458E-01 9.84915E-01 9.85044E-01 9.89239E-01 1.12631E+00 6.81987E-02 0.00000E+00 1.71851E+00
0.00000E+00 2.05741E-01 1.24553E+00 1.11322E+00 1.10964E+00 1.10980E+00 1.11410E+00 1.24525E+00 2.05741E-01 0.00000E+00 4.86524E+00
0.00000E+00 3.83522E-01 1.40700E+00 1.27976E+00 1.27615E+00 1.27634E+00 1.28075E+00 1.40671E+00 3.83522E-01 0.00000E+00 9.01190E+00
0.00000E+00 5.96975E-01 1.60594E+00 1.48320E+00 1.47956E+00 1.47978E+00 1.48428E+00 1.60565E+00 5.96975E-01 0.00000E+00 1.41910E+01
0.00000E+00 8.42468E-01 1.83839E+00 1.71967E+00 1.71600E+00 1.71625E+00 1.72084E+00 1.83809E+00 8.42468E-01 0.00000E+00 2.04018E+01
0.00000E+00 1.11706E+00 2.10114E+00 1.98605E+00 1.98236E+00 1.98264E+00 1.98731E+00 2.10084E+00 1.11706E+00 0.00000E+00 2.76214E+01
1.13395E-01 1.40660E+00 2.37990E+00 2.26810E+00 2.26439E+00 2.26470E+00 2.26945E+00 2.37960E+00 1.40660E+00 1.13395E-01 3.57366E+01
4.22797E-01 1.70528E+00 2.66868E+00 2.55989E+00 2.55615E+00 2.55650E+00 2.56132E+00 2.66837E+00 1.70528E+00 4.22797E-01 4.46113E+01
7.58193E-01 2.03065E+00 2.98483E+00 2.87883E+00 2.87508E+00 2.87545E+00 2.88034E+00 2.98451E+00 2.03065E+00 7.58193E-01 5.43072E+01
1.11792E+00 2.38098E+00 3.32652E+00 3.22313E+00 3.21935E+00 3.21975E+00 3.22472E+00 3.32620E+00 2.38098E+00 1.11792E+00 6.47878E+01
1.50049E+00 2.75470E+00 3.69212E+00 3.59117E+00 3.58738E+00 3.58781E+00 3.59284E+00 3.69180E+00 2.75470E+00 1.50049E+00 7.60145E+01
1.90454E+00 3.15040E+00 4.08017E+00 3.98151E+00 3.97771E+00 3.97816E+00 3.98326E+00 4.07985E+00 3.15040E+00 1.90454E+00 8.79480E+01
2.32885E+00 3.56678E+00 4.48933E+00 4.39283E+00 4.38901E+00 4.38950E+00 4.39465E+00 4.48900E+00 3.56678E+00 2.32885E+00 1.00549E+02
2.77226E+00 4.00269E+00 4.91838E+00 4.82392E+00 4.82009E+00 4.82060E+00 4.82582E+00 4.91805E+00 4.00269E+00 2.77226E+00 1.13779E+02
3.23375E+00 4.45702E+00 5.36620E+00 5.27368E+00 5.26983E+00 5.27037E+00 5.27564E+00 5.36587E+00 4.45702E+00 3.23375E+00 1.27600E+02
3.71233E+00 4.92878E+00 5.83176E+00 5.74108E+00 5.73722E+00 5.73778E+00 5.74311E+00 5.83143E+00 4.92878E+00 3.71233E+00 1.41977E+02
4.20711E+00 5.41704E+00 6.31411E+00 6.22517E+00 6.22129E+00 6.22189E+00 6.22727E+00 6.31377E+00 5.41704E+00 4.20711E+00 1.56873E+02
4.71723E+00 5.92093E+00 6.81234E+00 6.72507E+00 6.72118E+00 6.72180E+00 6.72724E+00 6.81200E+00 5.92093E+00 4.71723E+00 1.72255E+02
5.24192E+00 6.43964E+00 7.32564E+00 7.23995E+00 7.23605E+00 7.23670E+00 7.24219E+00 7.32529E+00 6.43964E+00 5.24192E+00 1.88093E+02
5.78044E+00 6.97240E+00 7.85321E+00 7.76905E+00 7.76514E+00 7.76581E+00 7.77136E+00 7.85287E+00 6.97240E+00 5.78044E+00 2.04354E+02
6.33208E+00 7.51852E+00 8.39434E+00 8.31163E+00 8.30771E+00 8.30841E+00 8.31401E+00 8.39399E+00 7.51852E+00 6.33208E+00 2.21012E+02
6.89619E+00 8.07731E+00 8.94833E+00 8.86702E+00 8.86309E+00 8.86382E+00 8.86946E+00 8.94798E+00 8.07731E+00 6.89619E+00 2.38038E+02
7.47216E+00 8.64814E+00 9.51454E+00 9.43458E+00 9.43064E+00 9.43139E+00 9.43708E+00 9.51419E+00 8.64814E+00 7.47216E+00 2.55407E+02
8.05939E+00 9.23042E+00 1.00924E+01 1.00137E+01 1.00097E+01 1.00105E+01 1.00163E+01 1.00920E+01 9.23042E+00 8.05939E+00 2.73095E+02
8.65734E+00 9.82358E+00 1.06812E+01 1.06038E+01 1.05998E+01 1.06006E+01 1.06064E+01 1.06809E+01 9.82358E+00 8.65734E+00 2.91079E+02
9.26548E+00 1.04271E+01 1.12806E+01 1.12044E+01 1.12004E+01 1.12012E+01 1.12070E+01 1.12802E+01 1.04271E+01 9.26548E+00 3.09338E+02
9.88331E+00 1.10404E+01 1.18899E+01 1.18148E+01 1.18109E+01 1.18117E+01 1.18176E+01 1.18895E+01 1.10404E+01 9.88331E+00 3.27852E+02
1.05104E+01 1.16631E+01 1.25087E+01 1.24348E+01 1.24308E+01 1.24317E+01 1.24376E+01 1.25083E+01 1.16631E+01 1.05104E+01 3.46601E+02
1.11462E+01 1.22947E+01 1.31365E+01 1.30637E+01 1.30597E+01 1.30606E+01 1.30665E+01 1.31362E+01 1.22947E+01 1.11462E+01 3.65567E+02
1.17903E+01 1.29348E+01 1.37729E+01 1.37011E+01 1.36971E+01 1.36981E+01 1.37041E+01 1.37726E+01 1.29348E+01 1.17903E+01 3.84734E+02
1.24424E+01 1.35829E+01 1.44175E+01 1.43467E+01 1.43427E+01 1.43437E+01 1.43497E+01 1.44172E+01 1.35829E+01 1.24424E+01 4.04086E+02
1.31021E+01 1.42387E+01 1.50699E+01 1.50000E+01 1.49960E+01 1.49970E+01 1.50031E+01 1.50695E+01 1.42387E+01 1.31021E+01 4.23607E+02
1.37689E+01 1.49018E+01 1.57296E+01 1.56607E+01 1.56567E+01 1.56577E+01 1.56638E+01 1.57292E+01 1.49018E+01 1.37689E+01 4.43284E+02
1.44426E+01 1.55718E+01 1.63963E+01 1.63284E+01 1.63244E+01 1.63254E+01 1.63316E+01 1.63960E+01 1.55718E+01 1.44426E+01 4.63104E+02
1.51228E+01 1.62484E+01 1.70697E+01 1.70027E+01 1.69987E+01 1.69997E+01 1.70059E+01 1.70694E+01 1.62484E+01 1.51228E+01 4.83054E+02
1.58091E+01 1.69312E+01 1.77495E+01 1.76834E+01 1.76793E+01 1.76804E+01 1.76866E+01 1.77491E+01 1.69312E+01 1.58091E+01 5.03123E+02
1.65013E+01 1.76201E+01 1.84353E+01 1.83700E+01 1.83660E+01 1.83671E+01 1.83733E+01 1.84349E+01 1.76201E+01 1.65013E+01 5.23298E+02
1.71991E+01 1.83145E+01 1.91269E+01 1.90624E+01 1.90583E+01 1.90595E+01 1.90658E+01 1.91265E+01 1.83145E+01 1.71991E+01 5.43571E+02
1.79023E+01 1.90144E+01 1.98239E+01 1.97602E+01 1.97561E+01 1.97573E+01 1.97636E+01 1.98235E+01 1.90144E+01 1.79023E+01 5.63931E+02
1.86104E+01 1.97194E+01 2.05260E+01 2.04632E+01 2.04591E+01 2.04603E+01 2.04667E+01 2.05257E+01 1.97194E+01 1.86104E+01 5.84369E+02
1.93233E+01 2.04292E+01 2.12331E+01 2.11710E+01 2.11670E+01 2.11681E+01 2.11746E+01 2.12328E+01 2.04292E+01 1.93233E+01 6.04876E+02
2.00408E+01 2.11436E+01 2.19449E+01 2.18835E+01 2.18795E+01 2.18807E+01 2.18871E+01 2.19445E+01 2.11436E+01 2.00408E+01 6.25444E+02
2.07625E+01 2.18625E+01 2.26611E+01 2.26005E+01 2.25964E+01 2.25976E+01 2.26041E+01 2.26607E+01 2.18625E+01 2.07625E+01 6.46066E+02
2.14884E+01 2.25854E+01 2.33815E+01 2.33216E+01 2.33175E+01 2.33187E+01 2.33253E+01 2.33811E+01 2.25854E+01 2.14884E+01 6.66734E+02
2.22181E+01 2.33123E+01 2.41059E+01 2.40467E+01 2.40426E+01 2.40438E+01 2.40504E+01 2.41055E+01 2.33123E+01 2.22181E+01 6.87441E+02
2.29515E+01 2.40429E+01 2.48340E+01 2.47755E+01 2.47714E+01 2.47727E+01 2.47793E+01 2.48336E+01 2.40429E+01 2.29515E+01 7.08181E+02
2.36883E+01 2.47770E+01 2.55658E+01 2.55079E+01 2.55038E+01 2.55051E+01 2.55117E+01 2.55654E+01 2.47770E+01 2.36883E+01 7.28948E+02
2.44284E+01 2.55145E+01 2.63009E+01 2.62436E+01 2.62395E+01 2.62409E+01 2.62476E+01 2.63005E+01 2.55145E+01 2.44284E+01 7.49737E+02
0.00000E+00 0.00000E+00 9.06992E-01 8.00299E-01 7.96595E-01 7.96676E-01 8.01061E-01 9.06699E-01 0.00000E+00 0.00000E+00 -1.92610E+00
0.00000E+00 0.00000E+00 9.23020E-01 8.23207E-01 8.19452E-01 8.19579E-01 8.24127E-01 9.22718E-01 0.00000E+00 0.00000E+00 -5.15632E-01
0.00000E+00 6.43118E-02 9.91304E-01 8.97067E-01 8.93270E-01 8.93443E-01 8.98133E-01 9.90994E-01 6.43118E-02 0.00000E+00 1.61461E+00
0.00000E+00 1.91635E-01 1.10234E+00 1.01284E+00 1.00900E+00 1.00922E+00 1.01404E+00 1.10202E+00 1.91635E-01 0.00000E+00 4.54743E+00
0.00000E+00 3.53865E-01 1.25029E+00 1.16491E+00 1.16104E+00 1.16130E+00 1.16624E+00 1.24996E+00 3.53865E-01 0.00000E+00 8.37635E+00
0.00000E+00 5.46613E-01 1.43033E+00 1.34860E+00 1.34471E+00 1.34501E+00 1.35006E+00 1.43000E+00 5.46613E-01 0.00000E+00 1.31124E+01
0.00000E+00 7.66447E-01 1.63874E+00 1.56028E+00 1.55636E+00 1.55670E+00 1.56185E+00 1.63841E+00 7.66447E-01 0.00000E+00 1.87391E+01
0.00000E+00 1.01062E+00 1.87255E+00 1.79704E+00 1.79309E+00 1.79347E+00 1.79873E+00 1.87221E+00 1.01062E+00 0.00000E+00 2.52231E+01
1.01079E-01 1.26746E+00 2.11995E+00 2.04711E+00 2.04314E+00 2.04356E+00 2.04891E+00 2.11961E+00 1.26746E+00 1.01079E-01 3.24393E+01
3.75574E-01 1.53219E+00 2.37601E+00 2.30561E+00 2.30162E+00 2.30209E+00 2.30752E+00 2.37566E+00 1.53219E+00 3.75574E-01 4.02532E+01
6.71317E-01 1.81881E+00 2.65455E+00 2.58642E+00 2.58241E+00 2.58292E+00 2.58843E+00 2.65420E+00 1.81881E+00 6.71317E-01 4.87362E+01
9.86785E-01 2.12572E+00 2.95390E+00 2.88788E+00 2.88385E+00 2.88440E+00 2.89000E+00 2.95355E+00 2.12572E+00 9.86785E-01 5.78514E+01
1.32062E+00 2.45150E+00 3.27258E+00 3.20853E+00 3.20449E+00 3.20507E+00 3.21075E+00 3.27222E+00 2.45150E+00 1.32062E+00 6.75613E+01
1.67160E+00 2.79488E+00 3.60925E+00 3.54707E+00 3.54301E+00 3.54363E+00 3.54939E+00 3.60889E+00 2.79488E+00 1.67160E+00 7.78285E+01
2.03862E+00 3.15469E+00 3.96274E+00 3.90230E+00 3.89823E+00 3.89889E+00 3.90472E+00 3.96237E+00 3.15469E+00 2.03862E+00 8.86167E+01
2.42067E+00 3.52990E+00 4.33195E+00 4.27316E+00 4.26908E+00 4.26978E+00 4.27568E+00 4.33158E+00 3.52990E+00 2.42067E+00 9.98904E+01
2.81683E+00 3.91955E+00 4.71589E+00 4.65868E+00 4.65458E+00 4.65531E+00 4.66129E+00 4.71552E+00 3.91955E+00 2.81683E+00 1.11616E+02
3.22624E+00 4.32275E+00 5.11367E+00 5.05794E+00 5.05382E+00 5.05460E+00 5.06064E+00 5.11329E+00 4.32275E+00 3.22624E+00 1.23761E+02
3.64812E+00 4.73870E+00 5.52444E+00 5.47012E+00 5.46600E+00 5.46680E+00 5.47291E+00 5.52406E+00 4.73870E+00 3.64812E+00 1.36295E+02
4.08174E+00 5.16664E+00 5.94743E+00 5.89446E+00 5.89032E+00 5.89117E+00 5.89734E+00 5.94705E+00 5.16664E+00 4.08174E+00 1.49189E+02
4.52642E+00 5.60588E+00 6.38193E+00 6.33024E+00 6.32609E+00 6.32697E+00 6.33321E+00 6.38154E+00 5.60588E+00 4.52642E+00 1.62415E+02
4.98153E+00 6.05576E+00 6.82726E+00 6.77680E+00 6.77265E+00 6.77356E+00 6.77986E+00 6.82687E+00 6.05576E+00 4.98153E+00 1.75949E+02
5.44648E+00 6.51567E+00 7.28281E+00 7.23353E+00 7.22936E+00 7.23031E+00 7.23667E+00 7.28242E+00 6.51567E+00 5.44648E+00 1.89766E+02
5.92071E+00 6.98505E+00 7.74799E+00 7.69984E+00 7.69566E+00 7.69665E+00 7.70307E+00 7.74760E+00 6.98505E+00 5.92071E+00 2.03843E+02
6.40369E+00 7.46337E+00 8.22225E+00 8.17519E+00 8.17100E+00 8.17203E+00 8.17850E+00 8.22186E+00 7.46337E+00 6.40369E+00 2.18160E+02
6.89494E+00 7.95011E+00 8.70509E+00 8.65908E+00 8.65488E+00 8.65594E+00 8.66247E+00 8.70470E+00 7.95011E+00 6.89494E+00 2.32696E+02
7.39400E+00 8.44481E+00 9.19603E+00 9.15102E+00 9.14681E+00 9.14790E+00 9.15449E+00 9.19563E+00 8.44481E+00 7.39400E+00 2.47433E+02
7.90044E+00 8.94702E+00 9.69460E+00 9.65056E+00 9.64635E+00 9.64747E+00 9.65412E+00 9.69420E+00 8.94702E+00 7.90044E+00 2.62354E+02
8.41383E+00 9.45633E+00 1.02004E+01 1.01573E+01 1.01531E+01 1.01542E+01 1.01609E+01 1.02000E+01 9.45633E+00 8.41383E+00 2.77443E+02
8.93379E+00 9.97234E+00 1.07130E+01 1.06708E+01 1.06666E+01 1.06678E+01 1.06745E+01 1.07126E+01 9.97234E+00 8.93379E+00 2.92683E+02
9.45997E+00 1.04947E+01 1.12320E+01 1.11907E+01 1.11865E+01 1.11877E+01 1.11945E+01 1.12316E+01 1.04947E+01 9.45997E+00 3.08063E+02
9.99200E+00 1.10230E+01 1.17571E+01 1.17166E+01 1.17124E+01 1.17136E+01 1.17205E+01 1.17567E+01 1.10230E+01 9.99200E+00 3.23567E+02
1.05296E+01 1.15569E+01 1.22879E+01 1.22483E+01 1.22440E+01 1.22453E+01 1.22522E+01 1.22875E+01 1.15569E+01 1.05296E+01 3.39184E+02
1.10723E+01 1.20962E+01 1.28242E+01 1.27853E+01 1.27811E+01 1.27824E+01 1.27893E+01 1.28238E+01 1.20962E+01 1.10723E+01 3.54902E+02
1.16200E+01 1.26404E+01 1.33655E+01 1.33274E+01 1.33232E+01 1.33245E+01 1.33315E+01 1.33651E+01 1.26404E+01 1.16200E+01 3.70710E+02
1.21724E+01 1.31894E+01 1.39117E+01 1.38743E+01 1.38700E+01 1.38714E+01 1.38785E+01 1.39112E+01 1.31894E+01 1.21724E+01 3.86599E+02
1.27291E+01 1.37429E+01 1.44623E+01 1.44257E+01 1.44214E+01 1.44229E+01 1.44300E+01 1.44619E+01 1.37429E+01 1.27291E+01 4.02558E+02
1.32899E+01 1.43006E+01 1.50173E+01 1.49814E+01 1.49771E+01 1.49786E+01 1.49857E+01 1.50169E+01 1.43006E+01 1.32899E+01 4.18580E+02
1.38546E+01 1.48622E+01 1.55763E+01 1.55411E+01 1.55368E+01 1.55383E+01 1.55454E+01 1.55759E+01 1.48622E+01 1.38546E+01 4.34655E+02
1.44230E+01 1.54275E+01 1.61391E+01 1.61045E+01 1.61002E+01 1.61017E+01 1.61090E+01 1.61386E+01 1.54275E+01 1.44230E+01 4.50776E+02
1.49948E+01 1.59964E+01 1.67054E+01 1.66715E+01 1.66672E+01 1.66687E+01 1.66760E+01 1.67050E+01 1.59964E+01 1.49948E+01 4.66936E+02
1.55698E+01 1.65685E+01 1.72751E+01 1.72418E+01 1.72375E+01 1.72391E+01 1.72464E+01 1.72747E+01 1.65685E+01 1.55698E+01 4.83127E+02
1.61479E+01 1.71438E+01 1.78479E+01 1.78153E+01 1.78110E+01 1.78126E+01 1.78199E+01 1.78475E+01 1.71438E+01 1.61479E+01 4.99345E+02
1.67288E+01 1.77219E+01 1.84237E+01 1.83917E+01 1.83874E+01 1.83890E+01 1.83964E+01 1.84233E+01 1.77219E+01 1.67288E+01 5.15582E+02
1.73123E+01 1.83027E+01 1.90023E+01 1.89708E+01 1.89665E+01 1.89682E+01 1.89756E+01 1.90019E+01 1.83027E+01 1.73123E+01 5.31833E+02
1.78983E+01 1.88861E+01 1.95834E+01 1.95526E+01 1.95482E+01 1.95499E+01 1.95574E+01 1.95830E+01 1.88861E+01 1.78983E+01 5.48093E+02
1.84867E+01 1.94719E+01 2.01670E+01 2.01367E+01 2.01324E+01 2.01341E+01 2.01416E+01 2.01666E+01 1.94719E+01 1.84867E+01 5.64358E+02
1.90772E+01 2.00599E+01 2.07529E+01 2.07231E+01 2.07188E+01 2.07205E+01 2.07281E+01 2.07525E+01 2.00599E+01 1.90772E+01 5.80622E+02
1.96698E+01 2.06500E+01 2.13409E+01 2.13116E+01 2.13073E+01 2.13091E+01 2.13167E+01 2.13404E+01 2.06500E+01 1.96698E+01 5.96881E+02
2.02642E+01 2.12419E+01 2.19308E+01 2.19021E+01 2.18977E+01 2.18995E+01 2.19072E+01 2.19304E+01 2.12419E+01 2.02642E+01 6.13132E+02
0.00000E+00 0.00000E+00 7.86997E-01 7.18632E-01 7.14656E-01 7.14746E-01 7.19635E-01 7.86668E-01 0.00000E+00 0.00000E+00 -1.81441E+00
0.00000E+00 0.00000E+00 8.06491E-01 7.43685E-01 7.39658E-01 7.39815E-01 7.44899E-01 8.06152E-01 0.00000E+00 0.00000E+00 -4.83242E-01
0.00000E+00 6.07027E-02 8.72648E-01 8.14344E-01 8.10275E-01 8.10497E-01 8.15752E-01 8.72300E-01 6.07027E-02 0.00000E+00 1.52257E+00
0.00000E+00 1.78549E-01 9.76232E-01 9.21749E-01 9.17644E-01 9.17928E-01 9.23338E-01 9.75876E-01 1.78549E-01 0.00000E+00 4.25908E+00
0.00000E+00 3.26460E-01 1.11164E+00 1.06048E+00 1.05634E+00 1.05669E+00 1.06224E+00 1.11127E+00 3.26460E-01 0.00000E+00 7.79373E+00
0.00000E+00 5.00277E-01 1.27433E+00 1.22612E+00 1.22195E+00 1.22236E+00 1.22805E+00 1.27396E+00 5.00277E-01 0.00000E+00 1.21194E+01
0.00000E+00 6.96802E-01 1.46085E+00 1.41527E+00 1.41108E+00 1.41154E+00 1.41736E+00 1.46048E+00 6.96802E-01 0.00000E+00 1.72072E+01
0.00000E+00 9.13511E-01 1.66848E+00 1.62528E+00 1.62106E+00 1.62158E+00 1.62752E+00 1.66811E+00 9.13511E-01 0.00000E+00 2.30162E+01
8.98956E-02 1.14083E+00 1.88754E+00 1.84649E+00 1.84225E+00 1.84282E+00 1.84887E+00 1.88716E+00 1.14083E+00 8.98956E-02 2.94149E+01
3.32836E-01 1.37488E+00 2.11400E+00 2.07491E+00 2.07066E+00 2.07129E+00 2.07744E+00 2.11361E+00 1.37488E+00 3.32836E-01 3.62729E+01
5.92942E-01 1.62668E+00 2.35873E+00 2.32146E+00 2.31719E+00 2.31788E+00 2.32413E+00 2.35834E+00 1.62668E+00 5.92942E-01 4.36691E+01
8.68838E-01 1.89479E+00 2.62021E+00 2.58465E+00 2.58036E+00 2.58110E+00 2.58745E+00 2.61982E+00 1.89479E+00 8.68838E-01 5.15673E+01
1.15931E+00 2.17793E+00 2.89713E+00 2.86315E+00 2.85884E+00 2.85964E+00 2.86609E+00 2.89673E+00 2.17793E+00 1.15931E+00 5.99320E+01
1.46326E+00 2.47496E+00 3.18830E+00 3.15581E+00 3.15149E+00 3.15234E+00 3.15888E+00 3.18789E+00 2.47496E+00 1.46326E+00 6.87286E+01
1.77973E+00 2.78487E+00 3.49266E+00 3.46159E+00 3.45725E+00 3.45815E+00 3.46479E+00 3.49226E+00 2.78487E+00 1.77973E+00 7.79241E+01
2.10783E+00 3.10674E+00 3.80928E+00 3.77953E+00 3.77518E+00 3.77614E+00 3.78286E+00 3.80887E+00 3.10674E+00 2.10783E+00 8.74867E+01
2.44676E+00 3.43974E+00 4.13729E+00 4.10880E+00 4.10444E+00 4.10544E+00 4.11225E+00 4.13687E+00 3.43974E+00 2.44676E+00 9.73869E+01
2.79577E+00 3.78310E+00 4.47590E+00 4.44860E+00 4.44423E+00 4.44528E+00 4.45217E+00 4.47548E+00 3.78310E+00 2.79577E+00 1.07596E+02
3.15420E+00 4.13613E+00 4.82439E+00 4.79823E+00 4.79385E+00 4.79495E+00 4.80192E+00 4.82397E+00 4.13613E+00 3.15420E+00 1.18089E+02
3.52143E+00 4.49819E+00 5.18211E+00 5.15703E+00 5.15264E+00 5.15379E+00 5.16084E+00 5.18169E+00 4.49819E+00 3.52143E+00 1.28840E+02
3.89687E+00 4.86867E+00 5.54845E+00 5.52439E+00 5.51999E+00 5.52119E+00 5.52832E+00 5.54802E+00 4.86867E+00 3.89687E+00 1.39827E+02
4.28000E+00 5.24704E+00 5.92283E+00 5.89976E+00 5.89535E+00 5.89660E+00 5.90380E+00 5.92240E+00 5.24704E+00 4.28000E+00 1.51029E+02
4.67031E+00 5.63277E+00 6.30474E+00 6.28262E+00 6.27820E+00 6.27950E+00 6.28677E+00 6.30431E+00 5.63277E+00 4.67031E+00 1.62424E+02
5.06735E+00 6.02540E+00 6.69369E+00 6.67247E+00 6.66804E+00 6.66939E+00 6.67674E+00 6.69325E+00 6.02540E+00 5.06735E+00 1.73996E+02
5.47068E+00 6.42447E+00 7.08922E+00 7.06888E+00 7.06444E+00 7.06583E+00 7.07325E+00 7.08878E+00 6.42447E+00 5.47068E+00 1.85727E+02
5.87990E+00 6.82959E+00 7.49092E+00 7.47141E+00 7.46697E+00 7.46841E+00 7.47589E+00 7.49048E+00 6.82959E+00 5.87990E+00 1.97602E+02
6.29463E+00 7.24035E+00 7.89838E+00 7.87968E+00 7.87523E+00 7.87672E+00 7.88427E+00 7.89794E+00 7.24035E+00 6.29463E+00 2.09604E+02
6.71452E+00 7.65639E+00 8.31124E+00 8.29331E+00 8.28885E+00 8.29039E+00 8.29801E+00 8.31080E+00 7.65639E+00 6.71452E+00 2.21722E+02
7.13922E+00 8.07738E+00 8.72915E+00 8.71197E+00 8.70750E+00 8.70908E+00 8.71676E+00 8.72870E+00 8.07738E+00 7.13922E+00 2.33941E+02
7.56844E+00 8.50299E+00 9.15177E+00 9.13532E+00 9.13085E+00 9.13247E+00 9.14022E+00 9.15132E+00 8.50299E+00 7.56844E+00 2.46251E+02
8.00187E+00 8.93292E+00 9.57881E+00 9.56306E+00 9.55858E+00 9.56025E+00 9.56806E+00 9.57836E+00 8.93292E+00 8.00187E+00 2.58640E+02
8.43923E+00 9.36689E+00 1.00100E+01 9.99490E+00 9.99042E+00 9.99213E+00 1.00000E+01 1.00095E+01 9.36689E+00 8.43923E+00 2.71099E+02
8.88027E+00 9.80463E+00 1.04450E+01 1.04306E+01 1.04261E+01 1.04278E+01 1.04358E+01 1.04445E+01 9.80463E+00 8.88027E+00 2.83618E+02
9.32474E+00 1.02459E+01 1.08836E+01 1.08698E+01 1.08653E+01 1.08671E+01 1.08751E+01 1.08832E+01 1.02459E+01 9.32474E+00 2.96187E+02
9.77240E+00 1.06904E+01 1.13256E+01 1.13124E+01 1.13079E+01 1.13097E+01 1.13178E+01 1.13251E+01 1.06904E+01 9.77240E+00 3.08800E+02
1.02230E+01 1.11380E+01 1.17707E+01 1.17581E+01 1.17536E+01 1.17555E+01 1.17636E+01 1.17702E+01 1.11380E+01 1.02230E+01 3.21449E+02
1.06764E+01 1.15885E+01 1.22187E+01 1.22067E+01 1.22022E+01 1.22041E+01 1.22123E+01 1.22182E+01 1.15885E+01 1.06764E+01 3.34126E+02
1.11324E+01 1.20415E+01 1.26694E+01 1.26580E+01 1.26534E+01 1.26554E+01 1.26636E+01 1.26689E+01 1.20415E+01 1.11324E+01 3.46825E+02
1.15908E+01 1.24971E+01 1.31226E+01 1.31117E+01 1.31072E+01 1.31092E+01 1.31175E+01 1.31221E+01 1.24971E+01 1.15908E+01 3.59541E+02
1.20513E+01 1.29549E+01 1.35782E+01 1.35678E+01 1.35633E+01 1.35654E+01 1.35737E+01 1.35777E+01 1.29549E+01 1.20513E+01 3.72267E+02
1.25139E+01 1.34148E+01 1.40359E+01 1.40261E+01 1.40215E+01 1.40236E+01 1.40320E+01 1.40354E+01 1.34148E+01 1.25139E+01 3.84999E+02
1.29784E+01 1.38766E+01 1.44956E+01 1.44863E+01 1.44817E+01 1.44839E+01 1.44923E+01 1.44951E+01 1.38766E+01 1.29784E+01 3.97731E+02
1.34446E+01 1.43403E+01 1.49571E+01 1.49483E+01 1.49438E+01 1.49460E+01 1.49544E+01 1.49567E+01 1.43403E+01 1.34446E+01 4.10460E+02
1.39124E+01 1.48056E+01 1.54204E+01 1.54120E+01 1.54075E+01 1.54097E+01 1.54183E+01 1.54199E+01 1.48056E+01 1.39124E+01 4.23181E+02
1.43816E+01 1.52724E+01 1.58852E+01 1.58773E+01 1.58728E+01 1.58750E+01 1.58836E+01 1.58847E+01 1.52724E+01 1.43816E+01 4.35890E+02
1.48522E+01 1.57405E+01 1.63514E+01 1.63440E+01 1.63394E+01 1.63417E+01 1.63504E+01 1.63509E+01 1.57405E+01 1.48522E+01 4.48584E+02
1.53240E+01 1.62100E+01 1.68189E+01 1.68119E+01 1.68074E+01 1.68097E+01 1.68184E+01 1.68184E+01 1.62100E+01 1.53240E+01 4.61260E+02
1.57968E+01 1.66805E+01 1.72875E+01 1.72810E+01 1.72765E+01 1.72789E+01 1.72876E+01 1.72871E+01 1.66805E+01 1.57968E+01 4.73914E+02
1.62707E+01 1.71521E+01 1.77573E+01 1.77512E+01 1.77466E+01 1.77491E+01 1.77579E+01 1.77568E+01 1.71521E+01 1.62707E+01 4.86543E+02
1.67454E+01 1.76246E+01 1.82280E+01 1.82223E+01 1.82178E+01 1.82202E+01 1.82290E+01 1.82275E+01 1.76246E+01 1.67454E+01 4.99145E+02
0.00000E+00 0.00000E+00 6.81809E-01 6.44663E-01 6.40397E-01 6.40501E-01 6.45977E-01 6.81440E-01 0.00000E+00 0.00000E+00 -1.71741E+00
0.00000E+00 0.00000E+00 7.04511E-01 6.71818E-01 6.67502E-01 6.67703E-01 6.73417E-01 7.04132E-01 0.00000E+00 0.00000E+00 -4.52884E-01
0.00000E+00 5.73323E-02 7.68548E-01 7.39459E-01 7.35102E-01 7.35396E-01 7.41318E-01 7.68159E-01 5.73323E-02 0.00000E+00 1.44181E+00
0.00000E+00 1.66370E-01 8.65099E-01 8.39065E-01 8.34673E-01 8.35057E-01 8.41168E-01 8.64701E-01 1.66370E-01 0.00000E+00 3.99775E+00
0.00000E+00 3.01086E-01 9.88863E-01 9.65491E-01 9.61068E-01 9.61539E-01 9.67825E-01 9.88458E-01 3.01086E-01 0.00000E+00 7.25939E+00
0.00000E+00 4.57596E-01 1.13564E+00 1.11461E+00 1.11016E+00 1.11072E+00 1.11717E+00 1.13522E+00 4.57596E-01 0.00000E+00 1.12046E+01
0.00000E+00 6.32960E-01 1.30224E+00 1.28332E+00 1.27885E+00 1.27948E+00 1.28609E+00 1.30182E+00 6.32960E-01 0.00000E+00 1.57952E+01
0.00000E+00 8.24883E-01 1.48621E+00 1.46919E+00 1.46469E+00 1.46541E+00 1.47216E+00 1.48579E+00 8.24883E-01 0.00000E+00 2.09853E+01
7.97504E-02 1.02559E+00 1.67968E+00 1.66438E+00 1.65986E+00 1.66066E+00 1.66754E+00 1.67925E+00 1.02559E+00 7.97504E-02 2.66410E+01
2.94200E-01 1.23195E+00 1.87940E+00 1.86566E+00 1.86112E+00 1.86200E+00 1.86901E+00 1.87896E+00 1.23195E+00 2.94200E-01 3.26391E+01
5.22322E-01 1.45251E+00 2.09376E+00 2.08148E+00 2.07693E+00 2.07788E+00 2.08502E+00 2.09332E+00 1.45251E+00 5.22322E-01 3.90630E+01
7.62893E-01 1.68599E+00 2.32144E+00 2.31051E+00 2.30595E+00 2.30697E+00 2.31423E+00 2.32100E+00 1.68599E+00 7.62893E-01 4.58786E+01
1.01484E+00 1.93126E+00 2.56127E+00 2.55160E+00 2.54702E+00 2.54812E+00 2.55550E+00 2.56082E+00 1.93126E+00 1.01484E+00 5.30530E+01
1.27721E+00 2.18733E+00 2.81220E+00 2.80372E+00 2.79913E+00 2.80031E+00 2.80780E+00 2.81175E+00 2.18733E+00 1.27721E+00 6.05550E+01
1.54916E+00 2.45331E+00 3.07333E+00 3.06597E+00 3.06137E+00 3.06261E+00 3.07021E+00 3.07287E+00 2.45331E+00 1.54916E+00 6.83550E+01
1.82993E+00 2.72841E+00 3.34382E+00 3.33753E+00 3.33291E+00 3.33423E+00 3.34193E+00 3.34336E+00 2.72841E+00 1.82993E+00 7.64254E+01
2.11883E+00 3.01191E+00 3.62296E+00 3.61766E+00 3.61304E+00 3.61442E+00 3.62223E+00 3.62249E+00 3.01191E+00 2.11883E+00 8.47406E+01
2.41523E+00 3.30317E+00 3.91005E+00 3.90570E+00 3.90107E+00 3.90253E+00 3.91043E+00 3.90958E+00 3.30317E+00 2.41523E+00 9.32766E+01
2.71857E+00 3.60159E+00 4.20450E+00 4.20105E+00 4.19641E+00 4.19794E+00 4.20594E+00 4.20403E+00 3.60159E+00 2.71857E+00 1.02011E+02
3.02832E+00 3.90663E+00 4.50574E+00 4.50316E+00 4.49851E+00 4.50010E+00 4.50820E+00 4.50527E+00 3.90663E+00 3.02832E+00 1.10924E+02
3.34400E+00 4.21779E+00 4.81327E+00 4.81151E+00 4.80685E+00 4.80851E+00 4.81670E+00 4.81280E+00 4.21779E+00 3.34400E+00 1.19997E+02
3.66517E+00 4.53463E+00 5.12662E+00 5.12564E+00 5.12098E+00 5.12270E+00 5.13098E+00 5.12614E+00 4.53463E+00 3.66517E+00 1.29211E+02
3.99142E+00 4.85671E+00 5.44535E+00 5.44512E+00 5.44045E+00 5.44224E+00 5.45061E+00 5.44487E+00 4.85671E+00 3.99142E+00 1.38552E+02
4.32237E+00 5.18364E+00 5.76906E+00 5.76956E+00 5.76488E+00 5.76673E+00 5.77519E+00 5.76858E+00 5.18364E+00 4.32237E+00 1.48005E+02
4.65768E+00 5.51507E+00 6.09739E+00 6.09857E+00 6.09389E+00 6.09580E+00 6.10435E+00 6.09690E+00 5.51507E+00 4.65768E+00 1.57555E+02
4.99700E+00 5.85065E+00 6.42998E+00 6.43183E+00 6.42714E+00 6.42912E+00 6.43775E+00 6.42949E+00 5.85065E+00 4.99700E+00 1.67190E+02
5.34004E+00 6.19008E+00 6.76652E+00 6.76901E+00 6.76431E+00 6.76635E+00 6.77506E+00 6.76603E+00 6.19008E+00 5.34004E+00 1.76900E+02
5.68651E+00 6.53305E+00 7.10671E+00 7.10981E+00 7.10511E+00 7.10721E+00 7.11600E+00 7.10621E+00 6.53305E+00 5.68651E+00 1.86674E+02
6.03616E+00 6.87931E+00 7.45026E+00 7.45396E+00 7.44926E+00 7.45142E+00 7.46029E+00 7.44977E+00 6.87931E+00 6.03616E+00 1.96501E+02
6.38872E+00 7.22859E+00 7.79693E+00 7.80121E+00 7.79650E+00 7.79872E+00 7.80767E+00 7.79643E+00 7.22859E+00 6.38872E+00 2.06373E+02
6.74398E+00 7.58066E+00 8.14647E+00 8.15130E+00 8.14658E+00 8.14887E+00 8.15789E+00 8.14597E+00 7.58066E+00 6.74398E+00 2.16282E+02
7.10170E+00 7.93529E+00 8.49864E+00 8.50401E+00 8.49929E+00 8.50164E+00 8.51073E+00 8.49814E+00 7.93529E+00 7.10170E+00 2.26220E+02
7.46169E+00 8.29228E+00 8.85325E+00 8.85914E+00 8.85441E+00 8.85682E+00 8.86599E+00 8.85274E+00 8.29228E+00 7.46169E+00 2.36181E+02
7.82376E+00 8.65143E+00 9.21008E+00 9.21647E+00 9.21174E+00 9.21421E+00 9.22345E+00 9.20957E+00 8.65143E+00 7.82376E+00 2.46158E+02
8.18773E+00 9.01255E+00 9.56895E+00 9.57583E+00 9.57110E+00 9.57362E+00 9.58293E+00 9.56844E+00 9.01255E+00 8.18773E+00 2.56145E+02
8.55343E+00 9.37548E+00 9.92969E+00 9.93704E+00 9.93231E+00 9.93489E+00 9.94427E+00 9.92918E+00 9.37548E+00 8.55343E+00 2.66137E+02
8.92069E+00 9.74005E+00 1.02921E+01 1.02999E+01 1.02952E+01 1.02978E+01 1.03073E+01 1.02916E+01 9.74005E+00 8.92069E+00 2.76129E+02
9.28938E+00 1.01061E+01 1.06561E+01 1.06644E+01 1.06596E+01 1.06623E+01 1.06718E+01 1.06556E+01 1.01061E+01 9.28938E+00 2.86116E+02
9.65934E+00 1.04735E+01 1.10215E+01 1.10302E+01 1.10254E+01 1.10282E+01 1.10378E+01 1.10210E+01 1.04735E+01 9.65934E+00 2.96094E+02
1.00305E+01 1.08421E+01 1.13881E+01 1.13972E+01 1.13925E+01 1.13953E+01 1.14049E+01 1.13876E+01 1.08421E+01 1.00305E+01 3.06060E+02
1.04026E+01 1.12118E+01 1.17559E+01 1.17654E+01 1.17607E+01 1.17635E+01 1.17732E+01 1.17554E+01 1.12118E+01 1.04026E+01 3.16009E+02
1.07756E+01 1.15825E+01 1.21247E+01 1.21346E+01 1.21298E+01 1.21328E+01 1.21425E+01 1.21241E+01 1.15825E+01 1.07756E+01 3.25940E+02
1.11495E+01 1.19540E+01 1.24943E+01 1.25047E+01 1.24999E+01 1.25029E+01 1.25127E+01 1.24938E+01 1.19540E+01 1.11495E+01 3.35847E+02
1.15240E+01 1.23262E+01 1.28648E+01 1.28755E+01 1.28707E+01 1.28738E+01 1.28837E+01 1.28643E+01 1.23262E+01 1.15240E+01 3.45730E+02
1.18991E+01 1.26991E+01 1.32359E+01 1.32470E+01 1.32422E+01 1.32453E+01 1.32553E+01 1.32354E+01 1.26991E+01 1.18991E+01 3.55586E+02
1.22747E+01 1.30725E+01 1.36076E+01 1.36191E+01 1.36143E+01 1.36174E+01 1.36275E+01 1.36071E+01 1.30725E+01 1.22747E+01 3.65411E+02
1.26508E+01 1.34464E+01 1.39798E+01 1.39916E+01 1.39869E+01 1.39901E+01 1.40002E+01 1.39793E+01 1.34464E+01 1.26508E+01 3.75204E+02
1.30271E+01 1.38207E+01 1.43525E+01 1.43646E+01 1.43598E+01 1.43631E+01 1.43732E+01 1.43519E+01 1.38207E+01 1.30271E+01 3.84964E+02
1.34037E+01 1.41952E+01 1.47254E+01 1.47379E+01 1.47331E+01 1.47364E+01 1.47466E+01 1.47249E+01 1.41952E+01 1.34037E+01 3.94688E+02
1.37805E+01 1.45700E+01 1.50986E+01 1.51114E+01 1.51067E+01 1.51100E+01 1.51202E+01 1.50981E+01 1.45700E+01 1.37805E+01 4.04375E+02
0.00000E+00 0.00000E+00 5.89638E-01 5.77728E-01 5.73152E-01 5.73292E-01 5.79476E-01 5.89224E-01 0.00000E+00 0.00000E+00 -1.63347E+00
0.00000E+00 0.00000E+00 6.15276E-01 6.06897E-01 6.02274E-01 6.02555E-01 6.09030E-01 6.14851E-01 0.00000E+00 0.00000E+00 -4.23552E-01
0.00000E+00 5.41642E-02 6.77186E-01 6.71662E-01 6.67001E-01 6.67414E-01 6.74145E-01 6.76750E-01 5.41642E-02 0.00000E+00 1.37204E+00
0.00000E+00 1.54997E-01 7.67084E-01 7.63980E-01 7.59287E-01 7.59828E-01 7.66790E-01 7.66638E-01 1.54997E-01 0.00000E+00 3.76150E+00
0.00000E+00 2.77545E-01 8.80042E-01 8.79044E-01 8.74324E-01 8.74988E-01 8.82164E-01 8.79588E-01 2.77545E-01 0.00000E+00 6.76934E+00
0.00000E+00 4.18234E-01 1.01220E+00 1.01307E+00 1.00832E+00 1.00910E+00 1.01648E+00 1.01174E+00 4.18234E-01 0.00000E+00 1.03615E+01
0.00000E+00 5.74397E-01 1.16070E+00 1.16322E+00 1.15846E+00 1.15935E+00 1.16692E+00 1.16023E+00 5.74397E-01 0.00000E+00 1.44933E+01
0.00000E+00 7.43974E-01 1.32331E+00 1.32734E+00 1.32255E+00 1.32356E+00 1.33130E+00 1.32284E+00 7.43974E-01 0.00000E+00 1.91161E+01
7.05568E-02 9.20712E-01 1.49371E+00 1.49909E+00 1.49429E+00 1.49541E+00 1.50332E+00 1.49323E+00 9.20712E-01 7.05568E-02 2.40976E+01
2.59313E-01 1.10210E+00 1.66928E+00 1.67590E+00 1.67109E+00 1.67231E+00 1.68038E+00 1.66880E+00 1.10210E+00 2.59313E-01 2.93231E+01
4.58772E-01 1.29468E+00 1.85643E+00 1.86420E+00 1.85937E+00 1.86071E+00 1.86892E+00 1.85594E+00 1.29468E+00 4.58772E-01 3.48790E+01
6.67863E-01 1.49731E+00 2.05399E+00 2.06282E+00 2.05799E+00 2.05942E+00 2.06778E+00 2.05349E+00 1.49731E+00 6.67863E-01 4.07336E+01
8.85653E-01 1.70902E+00 2.26093E+00 2.27076E+00 2.26592E+00 2.26745E+00 2.27596E+00 2.26043E+00 1.70902E+00 8.85653E-01 4.68573E+01
1.11133E+00 1.92895E+00 2.47636E+00 2.48714E+00 2.48228E+00 2.48392E+00 2.49256E+00 2.47586E+00 1.92895E+00 1.11133E+00 5.32224E+01
1.34416E+00 2.15635E+00 2.69951E+00 2.71116E+00 2.70630E+00 2.70803E+00 2.71681E+00 2.69900E+00 2.15635E+00 1.34416E+00 5.98034E+01
1.58350E+00 2.39053E+00 2.92966E+00 2.94215E+00 2.93727E+00 2.93911E+00 2.94801E+00 2.92915E+00 2.39053E+00 1.58350E+00 6.65764E+01
1.82878E+00 2.63089E+00 3.16619E+00 3.17947E+00 3.17459E+00 3.17652E+00 3.18555E+00 3.16568E+00 2.63089E+00 1.82878E+00 7.35198E+01
2.07946E+00 2.87689E+00 3.40855E+00 3.42258E+00 3.41769E+00 3.41971E+00 3.42886E+00 3.40803E+00 2.87689E+00 2.07946E+00 8.06138E+01
2.33509E+00 3.12804E+00 3.65622E+00 3.67096E+00 3.66606E+00 3.66818E+00 3.67745E+00 3.65569E+00 3.12804E+00 2.33509E+00 8.78400E+01
2.59522E+00 3.38388E+00 3.90874E+00 3.92415E+00 3.91925E+00 3.92146E+00 3.93084E+00 3.90821E+00 3.38388E+00 2.59522E+00 9.51820E+01
2.85947E+00 3.64402E+00 4.16569E+00 4.18175E+00 4.17685E+00 4.17914E+00 4.18864E+00 4.16516E+00 3.64402E+00 2.85947E+00 1.02625E+02
3.12747E+00 3.90807E+00 4.42668E+00 4.44336E+00 4.43846E+00 4.44084E+00 4.45045E+00 4.42615E+00 3.90807E+00 3.12747E+00 1.10154E+02
3.39889E+00 4.17569E+00 4.69138E+00 4.70865E+00 4.70374E+00 4.70621E+00 4.71592E+00 4.69084E+00 4.17569E+00 3.39889E+00 1.17758E+02
3.67344E+00 4.44658E+00 4.95944E+00 4.97728E+00 4.97236E+00 4.97492E+00 4.98474E+00 4.95890E+00 4.44658E+00 3.67344E+00 1.25424E+02
3.95082E+00 4.72043E+00 5.23058E+00 5.24896E+00 5.24404E+00 5.24669E+00 5.25661E+00 5.23004E+00 4.72043E+00 3.95082E+00 1.33143E+02
4.23078E+00 4.99699E+00 5.50451E+00 5.52342E+00 5.51850E+00 5.52123E+00 5.53125E+00 5.50397E+00 4.99699E+00 4.23078E+00 1.40905E+02
4.51308E+00 5.27600E+00 5.78099E+00 5.80040E+00 5.79548E+00 5.79829E+00 5.80841E+00 5.78045E+00 5.27600E+00 4.51308E+00 1.48702E+02
4.79750E+00 5.55723E+00 6.05979E+00 6.07968E+00 6.07475E+00 6.07765E+00 6.08787E+00 6.05924E+00 5.55723E+00 4.79750E+00 1.56524E+02
5.08384E+00 5.84048E+00 6.34067E+00 6.36103E+00 6.35610E+00 6.35908E+00 6.36940E+00 6.34012E+00 5.84048E+00 5.08384E+00 1.64367E+02
5.37189E+00 6.12555E+00 6.62345E+00 6.64426E+00 6.63933E+00 6.64239E+00 6.65279E+00 6.62289E+00 6.12555E+00 5.37189E+00 1.72222E+02
5.66149E+00 6.41224E+00 6.90792E+00 6.92917E+00 6.92424E+00 6.92738E+00 6.93788E+00 6.90737E+00 6.41224E+00 5.66149E+00 1.80084E+02
5.95246E+00 6.70040E+00 7.19393E+00 7.21560E+00 7.21067E+00 7.21389E+00 7.22448E+00 7.19337E+00 6.70040E+00 5.95246E+00 1.87948E+02
6.24466E+00 6.98986E+00 7.48130E+00 7.50338E+00 7.49845E+00 7.50175E+00 7.51242E+00 7.48074E+00 6.98986E+00 6.24466E+00 1.95809E+02
6.53794E+00 7.28048E+00 7.76989E+00 7.79237E+00 7.78743E+00 7.79081E+00 7.80157E+00 7.76932E+00 7.28048E+00 6.53794E+00 2.03662E+02
6.83216E+00 7.57211E+00 8.05955E+00 8.08241E+00 8.07747E+00 8.08093E+00 8.09177E+00 8.05898E+00 7.57211E+00 6.83216E+00 2.11503E+02
7.12720E+00 7.86463E+00 8.35015E+00 8.37338E+00 8.36844E+00 8.37197E+00 8.38291E+00 8.34958E+00 7.86463E+00 7.12720E+00 2.19329E+02
7.42295E+00 8.15791E+00 8.64157E+00 8.66517E+00 8.66022E+00 8.66383E+00 8.67485E+00 8.64100E+00 8.15791E+00 7.42295E+00 2.27136E+02
7.71928E+00 8.45185E+00 8.93369E+00 8.95764E+00 8.95270E+00 8.95638E+00 8.96747E+00 8.93312E+00 8.45185E+00 7.71928E+00 2.34922E+02
8.01611E+00 8.74634E+00 9.22640E+00 9.25070E+00 9.24576E+00 9.24951E+00 9.26069E+00 9.22583E+00 8.74634E+00 8.01611E+00 2.42683E+02
8.31333E+00 9.04128E+00 9.51962E+00 9.54424E+00 9.53930E+00 9.54313E+00 9.55438E+00 9.51904E+00 9.04128E+00 8.31333E+00 2.50417E+02
8.61086E+00 9.33658E+00 9.81323E+00 9.83818E+00 9.83324E+00 9.83714E+00 9.84847E+00 9.81265E+00 9.33658E+00 8.61086E+00 2.58122E+02
8.90860E+00 9.63215E+00 1.01072E+01 1.01324E+01 1.01275E+01 1.01314E+01 1.01429E+01 1.01066E+01 9.63215E+00 8.90860E+00 2.65796E+02
9.20649E+00 9.92791E+00 1.04013E+01 1.04269E+01 1.04219E+01 1.04260E+01 1.04375E+01 1.04007E+01 9.92791E+00 9.20649E+00 2.73437E+02
9.50445E+00 1.02238E+01 1.06956E+01 1.07215E+01 1.07165E+01 1.07207E+01 1.07322E+01 1.06950E+01 1.02238E+01 9.50445E+00 2.81044E+02
9.80241E+00 1.05197E+01 1.09900E+01 1.10162E+01 1.10112E+01 1.10154E+01 1.10270E+01 1.09894E+01 1.05197E+01 9.80241E+00 2.88614E+02
1.01003E+01 1.08156E+01 1.12844E+01 1.13108E+01 1.13059E+01 1.13102E+01 1.13219E+01 1.12838E+01 1.08156E+01 1.01003E+01 2.96147E+02
1.03981E+01 1.11114E+01 1.15787E+01 1.16055E+01 1.16005E+01 1.16049E+01 1.16166E+01 1.15782E+01 1.11114E+01 1.03981E+01 3.03642E+02
1.06956E+01 1.14071E+01 1.18730E+01 1.19000E+01 1.18950E+01 1.18994E+01 1.19113E+01 1.18724E+01 1.14071E+01 1.06956E+01 3.11096E+02
1.09930E+01 1.17026E+01 1.21670E+01 1.21943E+01 1.21894E+01 1.21938E+01 1.22058E+01 1.21664E+01 1.17026E+01 1.09930E+01 3.18511E+02
1.12901E+01 1.19978E+01 1.24609E+01 1.24884E+01 1.24835E+01 1.24880E+01 1.25000E+01 1.24603E+01 1.19978E+01 1.12901E+01 3.25884E+02
0.00000E+00 0.00000E+00 5.08930E-01 5.17241E-01 5.12337E-01 5.12555E-01 5.19609E-01 5.08467E-01 0.00000E+00 0.00000E+00 -1.56084E+00
0.00000E+00 0.00000E+00 5.37211E-01 5.48288E-01 5.43343E-01 5.43763E-01 5.51174E-01 5.36734E-01 0.00000E+00 0.00000E+00 -3.93979E-01
0.00000E+00 5.11654E-02 5.96968E-01 6.10283E-01 6.05306E-01 6.05914E-01 6.13638E-01 5.96480E-01 5.11654E-02 0.00000E+00 1.31334E+00
0.00000E+00 1.44335E-01 6.80562E-01 6.95772E-01 6.90770E-01 6.91558E-01 6.99565E-01 6.80064E-01 1.44335E-01 0.00000E+00 3.54885E+00
0.00000E+00 2.55656E-01 7.83485E-01 8.00343E-01 7.95319E-01 7.96280E-01 8.04549E-01 7.82977E-01 2.55656E-01 0.00000E+00 6.32026E+00
0.00000E+00 3.81887E-01 9.02248E-01 9.20562E-01 9.15520E-01 9.16647E-01 9.25158E-01 9.01732E-01 3.81887E-01 0.00000E+00 9.58456E+00
0.00000E+00 5.20641E-01 1.03429E+00 1.05390E+00 1.04884E+00 1.05013E+00 1.05887E+00 1.03376E+00 5.20641E-01 0.00000E+00 1.32929E+01
0.00000E+00 6.70093E-01 1.17764E+00 1.19843E+00 1.19336E+00 1.19480E+00 1.20375E+00 1.17711E+00 6.70093E-01 0.00000E+00 1.73962E+01
6.22356E-02 8.25271E-01 1.32727E+00 1.34912E+00 1.34403E+00 1.34563E+00 1.35478E+00 1.32673E+00 8.25271E-01 6.22356E-02 2.17665E+01
2.27855E-01 9.84181E-01 1.48108E+00 1.50390E+00 1.49881E+00 1.50055E+00 1.50990E+00 1.48054E+00 9.84181E-01 2.27855E-01 2.62992E+01
4.01671E-01 1.15173E+00 1.64388E+00 1.66759E+00 1.66249E+00 1.66438E+00 1.67391E+00 1.64333E+00 1.15173E+00 4.01671E-01 3.10815E+01
5.82759E-01 1.32694E+00 1.81464E+00 1.83919E+00 1.83408E+00 1.83611E+00 1.84582E+00 1.81409E+00 1.32694E+00 5.82759E-01 3.60851E+01
7.70327E-01 1.50897E+00 1.99249E+00 2.01782E+00 2.01271E+00 2.01488E+00 2.02476E+00 1.99193E+00 1.50897E+00 7.70327E-01 4.12838E+01
9.63681E-01 1.69709E+00 2.17668E+00 2.20274E+00 2.19763E+00 2.19993E+00 2.20998E+00 2.17612E+00 1.69709E+00 9.63681E-01 4.66537E+01
1.16222E+00 1.89068E+00 2.36654E+00 2.39329E+00 2.38817E+00 2.39061E+00 2.40082E+00 2.36597E+00 1.89068E+00 1.16222E+00 5.21729E+01
1.36539E+00 2.08915E+00 2.56148E+00 2.58888E+00 2.58376E+00 2.58633E+00 2.59670E+00 2.56091E+00 2.08915E+00 1.36539E+00 5.78218E+01
1.57273E+00 2.29201E+00 2.76099E+00 2.78901E+00 2.78389E+00 2.78658E+00 2.79710E+00 2.76042E+00 2.29201E+00 1.57273E+00 6.35823E+01
1.78380E+00 2.49882E+00 2.96460E+00 2.99321E+00 2.98808E+00 2.99091E+00 3.00157E+00 2.96403E+00 2.49882E+00 1.78380E+00 6.94384E+01
1.99823E+00 2.70916E+00 3.17190E+00 3.20106E+00 3.19593E+00 3.19888E+00 3.20969E+00 3.17132E+00 2.70916E+00 1.99823E+00 7.53755E+01
2.21565E+00 2.92268E+00 3.38251E+00 3.41220E+00 3.40707E+00 3.41014E+00 3.42109E+00 3.38193E+00 2.92268E+00 2.21565E+00 8.13804E+01
2.43577E+00 3.13905E+00 3.59609E+00 3.62628E+00 3.62115E+00 3.62435E+00 3.63543E+00 3.59550E+00 3.13905E+00 2.43577E+00 8.74413E+01
2.65828E+00 3.35797E+00 3.81233E+00 3.84301E+00 3.83788E+00 3.84119E+00 3.85241E+00 3.81174E+00 3.35797E+00 2.65828E+00 9.35477E+01
2.88294E+00 3.57917E+00 4.03096E+00 4.06209E+00 4.05696E+00 4.06040E+00 4.07174E+00 4.03037E+00 3.57917E+00 2.88294E+00 9.96899E+01
3.10950E+00 3.80239E+00 4.25172E+00 4.28329E+00 4.27816E+00 4.28171E+00 4.29318E+00 4.25112E+00 3.80239E+00 3.10950E+00 1.05859E+02
3.33774E+00 4.02742E+00 4.47436E+00 4.50637E+00 4.50124E+00 4.50490E+00 4.51650E+00 4.47376E+00 4.02742E+00 3.33774E+00 1.12048E+02
3.56747E+00 4.25405E+00 4.69869E+00 4.73110E+00 4.72597E+00 4.72975E+00 4.74147E+00 4.69809E+00 4.25405E+00 3.56747E+00 1.18250E+02
3.79850E+00 4.48208E+00 4.92451E+00 4.95731E+00 4.95218E+00 4.95607E+00 4.96791E+00 4.92390E+00 4.48208E+00 3.79850E+00 1.24458E+02
4.03067E+00 4.71134E+00 5.15163E+00 5.18481E+00 5.17968E+00 5.18368E+00 5.19564E+00 5.15102E+00 4.71134E+00 4.03067E+00 1.30667E+02
4.26381E+00 4.94167E+00 5.37989E+00 5.41343E+00 5.40831E+00 5.41242E+00 5.42448E+00 5.37928E+00 4.94167E+00 4.26381E+00 1.36871E+02
4.49778E+00 5.17292E+00 5.60913E+00 5.64303E+00 5.63790E+00 5.64212E+00 5.65430E+00 5.60852E+00 5.17292E+00 4.49778E+00 1.43067E+02
4.73246E+00 5.40495E+00 5.83922E+00 5.87346E+00 5.86834E+00 5.87266E+00 5.88495E+00 5.83860E+00 5.40495E+00 4.73246E+00 1.49249E+02
4.96771E+00 5.63764E+00 6.07002E+00 6.10459E+00 6.09947E+00 6.10390E+00 6.11630E+00 6.06940E+00 5.63764E+00 4.96771E+00 1.55415E+02
5.20343E+00 5.87086E+00 6.30142E+00 6.33630E+00 6.33119E+00 6.33572E+00 6.34823E+00 6.30080E+00 5.87086E+00 5.20343E+00 1.61562E+02
5.43951E+00 6.10452E+00 6.53330E+00 6.56849E+00 6.56338E+00 6.56802E+00 6.58062E+00 6.53268E+00 6.10452E+00 5.43951E+00 1.67686E+02
5.67586E+00 6.33851E+00 6.76556E+00 6.80105E+00 6.79594E+00 6.80068E+00 6.81339E+00 6.76493E+00 6.33851E+00 5.67586E+00 1.73784E+02
5.91239E+00 6.57274E+00 6.99810E+00 7.03389E+00 7.02878E+00 7.03362E+00 7.04643E+00 6.99748E+00 6.57274E+00 5.91239E+00 1.79856E+02
6.14900E+00 6.80711E+00 7.23085E+00 7.26691E+00 7.26180E+00 7.26674E+00 7.27966E+00 7.23022E+00 6.80711E+00 6.14900E+00 1.85897E+02
6.38564E+00 7.04156E+00 7.46370E+00 7.50004E+00 7.49494E+00 7.49997E+00 7.51298E+00 7.46307E+00 7.04156E+00 6.38564E+00 1.91907E+02
6.62221E+00 7.27601E+00 7.69659E+00 7.73320E+00 7.72810E+00 7.73323E+00 7.74634E+00 7.69596E+00 7.27601E+00 6.62221E+00 1.97884E+02
6.85867E+00 7.51038E+00 7.92946E+00 7.96632E+00 7.96122E+00 7.96645E+00 7.97966E+00 7.92882E+00 7.51038E+00 6.85867E+00 2.03826E+02
7.09494E+00 7.74463E+00 8.16222E+00 8.19934E+00 8.19424E+00 8.19957E+00 8.21287E+00 8.16158E+00 7.74463E+00 7.09494E+00 2.09733E+02
7.33097E+00 7.97867E+00 8.39482E+00 8.43219E+00 8.42710E+00 8.43252E+00 8.44591E+00 8.39419E+00 7.97867E+00 7.33097E+00 2.15603E+02
7.56671E+00 8.21247E+00 8.62721E+00 8.66482E+00 8.65973E+00 8.66524E+00 8.67873E+00 8.62657E+00 8.21247E+00 7.56671E+00 2.21435E+02
7.80210E+00 8.44597E+00 8.85934E+00 8.89717E+00 8.89209E+00 8.89770E+00 8.91127E+00 8.85869E+00 8.44597E+00 7.80210E+00 2.27228E+02
8.03711E+00 8.67912E+00 9.09114E+00 9.12921E+00 9.12413E+00 9.12983E+00 9.14349E+00 9.09050E+00 8.67912E+00 8.03711E+00 2.32982E+02
8.27169E+00 8.91188E+00 9.32259E+00 9.36087E+00 9.35580E+00 9.36159E+00 9.37534E+00 9.32194E+00 8.91188E+00 8.27169E+00 2.38696E+02
8.50579E+00 9.14421E+00 9.55363E+00 9.59213E+00 9.58706E+00 9.59294E+00 9.60678E+00 9.55298E+00 9.14421E+00 8.50579E+00 2.44370E+02
8.73940E+00 9.37607E+00 9.78423E+00 9.82294E+00 9.81787E+00 9.82385E+00 9.83777E+00 9.78358E+00 9.37607E+00 8.73940E+00 2.50002E+02
8.97246E+00 9.60743E+00 1.00143E+01 1.00533E+01 1.00482E+01 1.00543E+01 1.00683E+01 1.00137E+01 9.60743E+00 8.97246E+00 2.55593E+02
9.20495E+00 9.83825E+00 1.02440E+01 1.02831E+01 1.02780E+01 1.02842E+01 1.02983E+01 1.02433E+01 9.83825E+00 9.20495E+00 2.61143E+02
0.00000E+00 0.00000E+00 4.38332E-01 4.62683E-01 4.57434E-01 4.57799E-01 4.65932E-01 4.37813E-01 0.00000E+00 0.00000E+00 -1.49746E+00
0.00000E+00 0.00000E+00 4.68932E-01 4.95425E-01 4.90147E-01 4.90799E-01 4.99369E-01 4.68398E-01 0.00000E+00 0.00000E+00 -3.62497E-01
0.00000E+00 4.83060E-02 5.26496E-01 5.54721E-01 5.49421E-01 5.50339E-01 5.59291E-01 5.25950E-01 4.83060E-02 0.00000E+00 1.26625E+00
0.00000E+00 1.34303E-01 6.04106E-01 6.33798E-01 6.28482E-01 6.29652E-01 6.38949E-01 6.03549E-01 1.34303E-01 0.00000E+00 3.35889E+00
0.00000E+00 2.35258E-01 6.97706E-01 7.28674E-01 7.23346E-01 7.24757E-01 7.34372E-01 6.97139E-01 2.35258E-01 0.00000E+00 5.90947E+00
0.00000E+00 3.48279E-01 8.04187E-01 8.36281E-01 8.30944E-01 8.32585E-01 8.42496E-01 8.03611E-01 3.48279E-01 0.00000E+00 8.86882E+00
0.00000E+00 4.71261E-01 9.21286E-01 9.54386E-01 9.49042E-01 9.50906E-01 9.61092E-01 9.20702E-01 4.71261E-01 0.00000E+00 1.21864E+01
0.00000E+00 6.02609E-01 1.04729E+00 1.08130E+00 1.07595E+00 1.07803E+00 1.08848E+00 1.04670E+00 6.02609E-01 0.00000E+00 1.58143E+01
5.47142E-02 7.38419E-01 1.17824E+00 1.21307E+00 1.20772E+00 1.21000E+00 1.22069E+00 1.17764E+00 7.38419E-01 5.47142E-02 1.96312E+01
1.99531E-01 8.77125E-01 1.31248E+00 1.34806E+00 1.34271E+00 1.34519E+00 1.35612E+00 1.31188E+00 8.77125E-01 1.99531E-01 2.35437E+01
3.50445E-01 1.02233E+00 1.45352E+00 1.48980E+00 1.48444E+00 1.48713E+00 1.49828E+00 1.45292E+00 1.02233E+00 3.50445E-01 2.76383E+01
5.06676E-01 1.17320E+00 1.60050E+00 1.63742E+00 1.63207E+00 1.63495E+00 1.64631E+00 1.59989E+00 1.17320E+00 5.06676E-01 3.18901E+01
6.67559E-01 1.32905E+00 1.75268E+00 1.79021E+00 1.78486E+00 1.78792E+00 1.79949E+00 1.75206E+00 1.32905E+00 6.67559E-01 3.62767E+01
8.32521E-01 1.48924E+00 1.90943E+00 1.94752E+00 1.94217E+00 1.94542E+00 1.95720E+00 1.90881E+00 1.48924E+00 8.32521E-01 4.07779E+01
1.00106E+00 1.65327E+00 2.07020E+00 2.10882E+00 2.10348E+00 2.10691E+00 2.11888E+00 2.06957E+00 1.65327E+00 1.00106E+00 4.53757E+01
1.17274E+00 1.82067E+00 2.23451E+00 2.27363E+00 2.26829E+00 2.27190E+00 2.28406E+00 2.23387E+00 1.82067E+00 1.17274E+00 5.00540E+01
1.34718E+00 1.99103E+00 2.40193E+00 2.44153E+00 2.43619E+00 2.43998E+00 2.45231E+00 2.40129E+00 1.99103E+00 1.34718E+00 5.47985E+01
1.52403E+00 2.16399E+00 2.57209E+00 2.61214E+00 2.60681E+00 2.61076E+00 2.62328E+00 2.57145E+00 2.16399E+00 1.52403E+00 5.95964E+01
1.70298E+00 2.33923E+00 2.74466E+00 2.78514E+00 2.77981E+00 2.78393E+00 2.79662E+00 2.74401E+00 2.33923E+00 1.70298E+00 6.44364E+01
1.88377E+00 2.51645E+00 2.91933E+00 2.96022E+00 2.95490E+00 2.95919E+00 2.97204E+00 2.91868E+00 2.51645E+00 1.88377E+00 6.93085E+01
2.06614E+00 2.69541E+00 3.09585E+00 3.13713E+00 3.13181E+00 3.13626E+00 3.14928E+00 3.09520E+00 2.69541E+00 2.06614E+00 7.42038E+01
2.24988E+00 2.87587E+00 3.27396E+00 3.31562E+00 3.31030E+00 3.31491E+00 3.32809E+00 3.27331E+00 2.87587E+00 2.24988E+00 7.91144E+01
2.43478E+00 3.05762E+00 3.45346E+00 3.49547E+00 3.49017E+00 3.49493E+00 3.50827E+00 3.45280E+00 3.05762E+00 2.43478E+00 8.40333E+01
2.62067E+00 3.24047E+00 3.63415E+00 3.67650E+00 3.67120E+00 3.67612E+00 3.68961E+00 3.63349E+00 3.24047E+00 2.62067E+00 8.89542E+01
2.80738E+00 3.42425E+00 3.81584E+00 3.85852E+00 3.85323E+00 3.85830E+00 3.87194E+00 3.81518E+00 3.42425E+00 2.80738E+00 9.38718E+01
2.99476E+00 3.60881E+00 3.99838E+00 4.04138E+00 4.03609E+00 4.04132E+00 4.05510E+00 3.99771E+00 3.60881E+00 2.99476E+00 9.87812E+01
3.18268E+00 3.79399E+00 4.18162E+00 4.22492E+00 4.21964E+00 4.22501E+00 4.23894E+00 4.18095E+00 3.79399E+00 3.18268E+00 1.03678E+02
3.37100E+00 3.97967E+00 4.36543E+00 4.40902E+00 4.40375E+00 4.40927E+00 4.42333E+00 4.36476E+00 3.97967E+00 3.37100E+00 1.08559E+02
3.55963E+00 4.16574E+00 4.54968E+00 4.59356E+00 4.58829E+00 4.59395E+00 4.60815E+00 4.54901E+00 4.16574E+00 3.55963E+00 1.13420E+02
3.74846E+00 4.35208E+00 4.73427E+00 4.77841E+00 4.77315E+00 4.77896E+00 4.79329E+00 4.73359E+00 4.35208E+00 3.74846E+00 1.18258E+02
3.93738E+00 4.53860E+00 4.91908E+00 4.96349E+00 4.95824E+00 4.96418E+00 4.97865E+00 4.91840E+00 4.53860E+00 3.93738E+00 1.23071E+02
4.12633E+00 4.72520E+00 5.10403E+00 5.14870E+00 5.14345E+00 5.14953E+00 5.16413E+00 5.10335E+00 4.72520E+00 4.12633E+00 1.27857E+02
4.31521E+00 4.91181E+00 5.28904E+00 5.33395E+00 5.32871E+00 5.33493E+00 5.34965E+00 5.28835E+00 4.91181E+00 4.31521E+00 1.32613E+02
4.50395E+00 5.09834E+00 5.47401E+00 5.51916E+00 5.51393E+00 5.52029E+00 5.53514E+00 5.47333E+00 5.09834E+00 4.50395E+00 1.37339E+02
4.69250E+00 5.28474E+00 5.65889E+00 5.70427E+00 5.69905E+00 5.70554E+00 5.72051E+00 5.65820E+00 5.28474E+00 4.69250E+00 1.42032E+02
4.88078E+00 5.47093E+00 5.84361E+00 5.88921E+00 5.88400E+00 5.89062E+00 5.90571E+00 5.84292E+00 5.47093E+00 4.88078E+00 1.46691E+02
5.06875E+00 5.65685E+00 6.02810E+00 6.07392E+00 6.06871E+00 6.07547E+00 6.09068E+00 6.02741E+00 5.65685E+00 5.06875E+00 1.51315E+02
5.25635E+00 5.84246E+00 6.21231E+00 6.25835E+00 6.25314E+00 6.26003E+00 6.27536E+00 6.21162E+00 5.84246E+00 5.25635E+00 1.55903E+02
5.44354E+00 6.02771E+00 6.39619E+00 6.44244E+00 6.43724E+00 6.44425E+00 6.45970E+00 6.39550E+00 6.02771E+00 5.44354E+00 1.60454E+02
5.63027E+00 6.21254E+00 6.57970E+00 6.62614E+00 6.62095E+00 6.62809E+00 6.64365E+00 6.57900E+00 6.21254E+00 5.63027E+00 1.64969E+02
5.81650E+00 6.39692E+00 6.76279E+00 6.80942E+00 6.80424E+00 6.81151E+00 6.82718E+00 6.76209E+00 6.39692E+00 5.81650E+00 1.69445E+02
6.00220E+00 6.58081E+00 6.94542E+00 6.99224E+00 6.98707E+00 6.99446E+00 7.01024E+00 6.94472E+00 6.58081E+00 6.00220E+00 1.73883E+02
6.18734E+00 6.76418E+00 7.12755E+00 7.17456E+00 7.16940E+00 7.17691E+00 7.19280E+00 7.12685E+00 6.76418E+00 6.18734E+00 1.78282E+02
6.37188E+00 6.94700E+00 7.30916E+00 7.35635E+00 7.35119E+00 7.35882E+00 7.37482E+00 7.30845E+00 6.94700E+00 6.37188E+00 1.82642E+02
6.55580E+00 7.12923E+00 7.49021E+00 7.53758E+00 7.53243E+00 7.54018E+00 7.55628E+00 7.48950E+00 7.12923E+00 6.55580E+00 1.86963E+02
6.73908E+00 7.31085E+00 7.67068E+00 7.71822E+00 7.71307E+00 7.72094E+00 7.73715E+00 7.66997E+00 7.31085E+00 6.73908E+00 1.91245E+02
6.92169E+00 7.49184E+00 7.85053E+00 7.89824E+00 7.89310E+00 7.90109E+00 7.91741E+00 7.84982E+00 7.49184E+00 6.92169E+00 1.95488E+02
7.10361E+00 7.67216E+00 8.02976E+00 8.07763E+00 8.07250E+00 8.08061E+00 8.09702E+00 8.02905E+00 7.67216E+00 7.10361E+00 1.99691E+02
7.28482E+00 7.85182E+00 8.20833E+00 8.25636E+00 8.25124E+00 8.25946E+00 8.27597E+00 8.20762E+00 7.85182E+00 7.28482E+00 2.03855E+02
7.46530E+00 8.03078E+00 8.38623E+00 8.43441E+00 8.42930E+00 8.43764E+00 8.45425E+00 8.38551E+00 8.03078E+00 7.46530E+00 2.07980E+02
0.00000E+00 0.00000E+00 3.76663E-01 4.13599E-01 4.07996E-01 4.08616E-01 4.18088E-01 3.76081E-01 0.00000E+00 0.00000E+00 -1.44069E+00
0.00000E+00 0.00000E+00 4.09232E-01 4.47805E-01 4.42190E-01 4.43215E-01 4.53221E-01 4.08633E-01 0.00000E+00 0.00000E+00 -3.26855E-01
0.00000E+00 4.55601E-02 4.64547E-01 5.04446E-01 4.98825E-01 5.00223E-01 5.10693E-01 4.63935E-01 4.55601E-02 0.00000E+00 1.23188E+00
0.00000E+00 1.24826E-01 5.36467E-01 5.77489E-01 5.71866E-01 5.73616E-01 5.84505E-01 5.35843E-01 1.24826E-01 0.00000E+00 3.19126E+00
0.00000E+00 2.16209E-01 6.21406E-01 6.63406E-01 6.57785E-01 6.59869E-01 6.71143E-01 6.20773E-01 2.16209E-01 0.00000E+00 5.53495E+00
0.00000E+00 3.17168E-01 7.16634E-01 7.59497E-01 7.53880E-01 7.56283E-01 7.67914E-01 7.15992E-01 3.17168E-01 0.00000E+00 8.21029E+00
0.00000E+00 4.25873E-01 8.20186E-01 8.63820E-01 8.58209E-01 8.60917E-01 8.72882E-01 8.19535E-01 4.25873E-01 0.00000E+00 1.11671E+01
0.00000E+00 5.40955E-01 9.30588E-01 9.74919E-01 9.69314E-01 9.72315E-01 9.84595E-01 9.29930E-01 5.40955E-01 0.00000E+00 1.43601E+01
4.79262E-02 6.59391E-01 1.04476E+00 1.08973E+00 1.08413E+00 1.08741E+00 1.09999E+00 1.04410E+00 6.59391E-01 4.79262E-02 1.76769E+01
1.74071E-01 7.79970E-01 1.16143E+00 1.20697E+00 1.20138E+00 1.20494E+00 1.21780E+00 1.16076E+00 7.79970E-01 1.74071E-01 2.10351E+01
3.04572E-01 9.05269E-01 1.28308E+00 1.32915E+00 1.32358E+00 1.32740E+00 1.34053E+00 1.28241E+00 9.05269E-01 3.04572E-01 2.45196E+01
4.38785E-01 1.03460E+00 1.40900E+00 1.45557E+00 1.45000E+00 1.45409E+00 1.46747E+00 1.40832E+00 1.03460E+00 4.38785E-01 2.81091E+01
5.76164E-01 1.16739E+00 1.53858E+00 1.58561E+00 1.58005E+00 1.58439E+00 1.59803E+00 1.53789E+00 1.16739E+00 5.76164E-01 3.17850E+01
7.16246E-01 1.30313E+00 1.67130E+00 1.71876E+00 1.71322E+00 1.71781E+00 1.73169E+00 1.67060E+00 1.30313E+00 7.16246E-01 3.55306E+01
8.58628E-01 1.44140E+00 1.80671E+00 1.85458E+00 1.84905E+00 1.85389E+00 1.86800E+00 1.80601E+00 1.44140E+00 8.58628E-01 3.93317E+01
1.00296E+00 1.58183E+00 1.94443E+00 1.99269E+00 1.98718E+00 1.99225E+00 2.00658E+00 1.94373E+00 1.58183E+00 1.00296E+00 4.31755E+01
1.14895E+00 1.72410E+00 2.08413E+00 2.13275E+00 2.12725E+00 2.13255E+00 2.14711E+00 2.08342E+00 1.72410E+00 1.14895E+00 4.70509E+01
1.29632E+00 1.86793E+00 2.22550E+00 2.27447E+00 2.26898E+00 2.27451E+00 2.28928E+00 2.22479E+00 1.86793E+00 1.29632E+00 5.09484E+01
1.44484E+00 2.01305E+00 2.36829E+00 2.41759E+00 2.41211E+00 2.41787E+00 2.43284E+00 2.36758E+00 2.01305E+00 1.44484E+00 5.48593E+01
1.59429E+00 2.15927E+00 2.51226E+00 2.56188E+00 2.55642E+00 2.56239E+00 2.57757E+00 2.51155E+00 2.15927E+00 1.59429E+00 5.87765E+01
1.74450E+00 2.30636E+00 2.65722E+00 2.70714E+00 2.70169E+00 2.70788E+00 2.72325E+00 2.65650E+00 2.30636E+00 1.74450E+00 6.26935E+01
1.89530E+00 2.45417E+00 2.80298E+00 2.85318E+00 2.84774E+00 2.85414E+00 2.86971E+00 2.80225E+00 2.45417E+00 1.89530E+00 6.66047E+01
2.04654E+00 2.60254E+00 2.94937E+00 2.99985E+00 2.99442E+00 3.00103E+00 3.01678E+00 2.94864E+00 2.60254E+00 2.04654E+00 7.05054E+01
2.19809E+00 2.75132E+00 3.09625E+00 3.14699E+00 3.14158E+00 3.14840E+00 3.16433E+00 3.09552E+00 2.75132E+00 2.19809E+00 7.43912E+01
2.34983E+00 2.90039E+00 3.24349E+00 3.29449E+00 3.28909E+00 3.29611E+00 3.31221E+00 3.24276E+00 2.90039E+00 2.34983E+00 7.82585E+01
2.50166E+00 3.04964E+00 3.39098E+00 3.44221E+00 3.43683E+00 3.44405E+00 3.46033E+00 3.39024E+00 3.04964E+00 2.50166E+00 8.21043E+01
2.65348E+00 3.19896E+00 3.53860E+00 3.59007E+00 3.58470E+00 3.59211E+00 3.60856E+00 3.53786E+00 3.19896E+00 2.65348E+00 8.59259E+01
2.80520E+00 3.34827E+00 3.68626E+00 3.73796E+00 3.73260E+00 3.74021E+00 3.75682E+00 3.68552E+00 3.34827E+00 2.80520E+00 8.97208E+01
2.95675E+00 3.49748E+00 3.83388E+00 3.88579E+00 3.88045E+00 3.88825E+00 3.90503E+00 3.83314E+00 3.49748E+00 2.95675E+00 9.34871E+01
3.10805E+00 3.64652E+00 3.98138E+00 4.03350E+00 4.02817E+00 4.03615E+00 4.05310E+00 3.98063E+00 3.64652E+00 3.10805E+00 9.72231E+01
3.25905E+00 3.79532E+00 4.12869E+00 4.18101E+00 4.17569E+00 4.18386E+00 4.20096E+00 4.12794E+00 3.79532E+00 3.25905E+00 1.00927E+02
3.40968E+00 3.94382E+00 4.27574E+00 4.32825E+00 4.32296E+00 4.33130E+00 4.34856E+00 4.27499E+00 3.94382E+00 3.40968E+00 1.04599E+02
3.55990E+00 4.09197E+00 4.42248E+00 4.47518E+00 4.46990E+00 4.47842E+00 4.49583E+00 4.42173E+00 4.09197E+00 3.55990E+00 1.08236E+02
3.70966E+00 4.23971E+00 4.56885E+00 4.62174E+00 4.61647E+00 4.62517E+00 4.64273E+00 4.56810E+00 4.23971E+00 3.70966E+00 1.11839E+02
3.85892E+00 4.38700E+00 4.71482E+00 4.76789E+00 4.76263E+00 4.77151E+00 4.78921E+00 4.71406E+00 4.38700E+00 3.85892E+00 1.15406E+02
4.00763E+00 4.53381E+00 4.86033E+00 4.91357E+00 4.90833E+00 4.91738E+00 4.93523E+00 4.85958E+00 4.53381E+00 4.00763E+00 1.18938E+02
4.15578E+00 4.68009E+00 5.00536E+00 5.05877E+00 5.05354E+00 5.06276E+00 5.08075E+00 5.00460E+00 4.68009E+00 4.15578E+00 1.22433E+02
4.30332E+00 4.82582E+00 5.14986E+00 5.20343E+00 5.19821E+00 5.20760E+00 5.22573E+00 5.14910E+00 4.82582E+00 4.30332E+00 1.25891E+02
4.45023E+00 4.97096E+00 5.29381E+00 5.34753E+00 5.34233E+00 5.35189E+00 5.37015E+00 5.29304E+00 4.97096E+00 4.45023E+00 1.29313E+02
4.59649E+00 5.11549E+00 5.43717E+00 5.49105E+00 5.48586E+00 5.49558E+00 5.51398E+00 5.43641E+00 5.11549E+00 4.59649E+00 1.32698E+02
4.74207E+00 5.25938E+00 5.57993E+00 5.63396E+00 5.62878E+00 5.63866E+00 5.65720E+00 5.57916E+00 5.25938E+00 4.74207E+00 1.36046E+02
4.88696E+00 5.40261E+00 5.72205E+00 5.77623E+00 5.77107E+00 5.78111E+00 5.79978E+00 5.72129E+00 5.40261E+00 4.88696E+00 1.39356E+02
5.03113E+00 5.54517E+00 5.86353E+00 5.91785E+00 5.91270E+00 5.92290E+00 5.94170E+00 5.86276E+00 5.54517E+00 5.03113E+00 1.42630E+02
5.17458E+00 5.68704E+00 6.00434E+00 6.05880E+00 6.05366E+00 6.06402E+00 6.08294E+00 6.00357E+00 5.68704E+00 5.17458E+00 1.45867E+02
5.31728E+00 5.82820E+00 6.14446E+00 6.19906E+00 6.19394E+00 6.20445E+00 6.22350E+00 6.14369E+00 5.82820E+00 5.31728E+00 1.49068E+02
5.45923E+00 5.96864E+00 6.28389E+00 6.33862E+00 6.33351E+00 6.34417E+00 6.36335E+00 6.28312E+00 5.96864E+00 5.45923E+00 1.52232E+02
5.60042E+00 6.10835E+00 6.42261E+00 6.47746E+00 6.47237E+00 6.48319E+00 6.50248E+00 6.42183E+00 6.10835E+00 5.60042E+00 1.55361E+02
5.74083E+00 6.24731E+00 6.56060E+00 6.61558E+00 6.61050E+00 6.62147E+00 6.64089E+00 6.55983E+00 6.24731E+00 5.74083E+00 1.58453E+02
5.88047E+00 6.38553E+00 6.69787E+00 6.75297E+00 6.74790E+00 6.75902E+00 6.77856E+00 6.69709E+00 6.38553E+00 5.88047E+00 1.61510E+02
6.01932E+00 6.52298E+00 6.83440E+00 6.88962E+00 6.88456E+00 6.89583E+00 6.91548E+00 6.83362E+00 6.52298E+00 6.01932E+00 1.64531E+02
0.00000E+00 0.00000E+00 3.22890E-01 3.69589E-01 3.63633E-01 3.64678E-01 3.75811E-01 3.22237E-01 0.00000E+00 0.00000E+00 -1.38690E+00
0.00000E+00 0.00000E+00 3.57049E-01 4.04988E-01 3.99045E-01 4.00661E-01 4.12438E-01 3.56379E-01 0.00000E+00 0.00000E+00 -2.83972E-01
0.00000E+00 4.29065E-02 4.10050E-01 4.58994E-01 4.53068E-01 4.55204E-01 4.67543E-01 4.09366E-01 4.29065E-02 0.00000E+00 1.21203E+00
0.00000E+00 1.15846E-01 4.76552E-01 5.26349E-01 5.20443E-01 5.23067E-01 5.35911E-01 4.75856E-01 1.15846E-01 0.00000E+00 3.04630E+00
0.00000E+00 1.98386E-01 5.53446E-01 6.03987E-01 5.98103E-01 6.01186E-01 6.14495E-01 5.52739E-01 1.98386E-01 0.00000E+00 5.19541E+00
0.00000E+00 2.88335E-01 6.38373E-01 6.89572E-01 6.83710E-01 6.87231E-01 7.00970E-01 6.37657E-01 2.88335E-01 0.00000E+00 7.60573E+00
0.00000E+00 3.84131E-01 7.29653E-01 7.81439E-01 7.75601E-01 7.79539E-01 7.93680E-01 7.28928E-01 3.84131E-01 0.00000E+00 1.02293E+01
0.00000E+00 4.84617E-01 8.26038E-01 8.78356E-01 8.72541E-01 8.76879E-01 8.91397E-01 8.25305E-01 4.84617E-01 0.00000E+00 1.30249E+01
4.18108E-02 5.87494E-01 9.25181E-01 9.77980E-01 9.72190E-01 9.76912E-01 9.91786E-01 9.24442E-01 5.87494E-01 4.18108E-02 1.58901E+01
1.51229E-01 6.91839E-01 1.02610E+00 1.07933E+00 1.07357E+00 1.07866E+00 1.09387E+00 1.02535E+00 6.91839E-01 1.51229E-01 1.87541E+01
2.63574E-01 7.99443E-01 1.13050E+00 1.18415E+00 1.17841E+00 1.18386E+00 1.19940E+00 1.12975E+00 7.99443E-01 2.63574E-01 2.16987E+01
3.78329E-01 9.09749E-01 1.23782E+00 1.29184E+00 1.28613E+00 1.29193E+00 1.30777E+00 1.23706E+00 9.09749E-01 3.78329E-01 2.47064E+01
4.95058E-01 1.02229E+00 1.34754E+00 1.40193E+00 1.39624E+00 1.40238E+00 1.41852E+00 1.34678E+00 1.02229E+00 4.95058E-01 2.77623E+01
6.13396E-01 1.13667E+00 1.45927E+00 1.51399E+00 1.50832E+00 1.51480E+00 1.53123E+00 1.45851E+00 1.13667E+00 6.13396E-01 3.08532E+01
7.33032E-01 1.25256E+00 1.57266E+00 1.62768E+00 1.62204E+00 1.62884E+00 1.64555E+00 1.57188E+00 1.25256E+00 7.33032E-01 3.39682E+01
8.53697E-01 1.36966E+00 1.68739E+00 1.74271E+00 1.73710E+00 1.74421E+00 1.76119E+00 1.68661E+00 1.36966E+00 8.53697E-01 3.70976E+01
9.75163E-01 1.48774E+00 1.80320E+00 1.85881E+00 1.85322E+00 1.86064E+00 1.87789E+00 1.80242E+00 1.48774E+00 9.75163E-01 4.02332E+01
1.09723E+00 1.60657E+00 1.91989E+00 1.97576E+00 1.97019E+00 1.97792E+00 1.99541E+00 1.91910E+00 1.60657E+00 1.09723E+00 4.33682E+01
1.21972E+00 1.72597E+00 2.03723E+00 2.09336E+00 2.08782E+00 2.09584E+00 2.11358E+00 2.03645E+00 1.72597E+00 1.21972E+00 4.64966E+01
1.34249E+00 1.84578E+00 2.15508E+00 2.21144E+00 2.20593E+00 2.21424E+00 2.23222E+00 2.15429E+00 1.84578E+00 1.34249E+00 4.96132E+01
1.46539E+00 1.96585E+00 2.27327E+00 2.32986E+00 2.32437E+00 2.33297E+00 2.35119E+00 2.27248E+00 1.96585E+00 1.46539E+00 5.27139E+01
1.58832E+00 2.08605E+00 2.39167E+00 2.44849E+00 2.44302E+00 2.45190E+00 2.47034E+00 2.39087E+00 2.08605E+00 1.58832E+00 5.57949E+01
1.71117E+00 2.20628E+00 2.51017E+00 2.56719E+00 2.56175E+00 2.57090E+00 2.58957E+00 2.50937E+00 2.20628E+00 1.71117E+00 5.88533E+01
1.83386E+00 2.32643E+00 2.62866E+00 2.68588E+00 2.68047E+00 2.68989E+00 2.70877E+00 2.62785E+00 2.32643E+00 1.83386E+00 6.18864E+01
1.95629E+00 2.44643E+00 2.74705E+00 2.80447E+00 2.79908E+00 2.80876E+00 2.82785E+00 2.74624E+00 2.44643E+00 1.95629E+00 6.48921E+01
2.07840E+00 2.56618E+00 2.86526E+00 2.92287E+00 2.91750E+00 2.92744E+00 2.94674E+00 2.86445E+00 2.56618E+00 2.07840E+00 6.78685E+01
2.20013E+00 2.68564E+00 2.98322E+00 3.04101E+00 3.03566E+00 3.04586E+00 3.06536E+00 2.98241E+00 2.68564E+00 2.20013E+00 7.08143E+01
2.32142E+00 2.80473E+00 3.10086E+00 3.15882E+00 3.15350E+00 3.16395E+00 3.18365E+00 3.10005E+00 2.80473E+00 2.32142E+00 7.37282E+01
2.44222E+00 2.92340E+00 3.21814E+00 3.27627E+00 3.27097E+00 3.28166E+00 3.30156E+00 3.21733E+00 2.92340E+00 2.44222E+00 7.66093E+01
2.56250E+00 3.04160E+00 3.33499E+00 3.39328E+00 3.38800E+00 3.39894E+00 3.41903E+00 3.33418E+00 3.04160E+00 2.56250E+00 7.94568E+01
2.68221E+00 3.15931E+00 3.45138E+00 3.50983E+00 3.50457E+00 3.51575E+00 3.53602E+00 3.45057E+00 3.15931E+00 2.68221E+00 8.22701E+01
2.80131E+00 3.27646E+00 3.56727E+00 3.62586E+00 3.62063E+00 3.63205E+00 3.65250E+00 3.56645E+00 3.27646E+00 2.80131E+00 8.50489E+01
2.91979E+00 3.39305E+00 3.68262E+00 3.74136E+00 3.73615E+00 3.74780E+00 3.76843E+00 3.68180E+00 3.39305E+00 2.91979E+00 8.77928E+01
3.03761E+00 3.50902E+00 3.79740E+00 3.85628E+00 3.85109E+00 3.86297E+00 3.88378E+00 3.79658E+00 3.50902E+00 3.03761E+00 9.05016E+01
3.15475E+00 3.62437E+00 3.91158E+00 3.97060E+00 3.96544E+00 3.97754E+00 3.99852E+00 3.91076E+00 3.62437E+00 3.15475E+00 9.31754E+01
3.27120E+00 3.73907E+00 4.02515E+00 4.08430E+00 4.07916E+00 4.09148E+00 4.11264E+00 4.02433E+00 3.73907E+00 3.27120E+00 9.58141E+01
3.38693E+00 3.85311E+00 4.13808E+00 4.19736E+00 4.19223E+00 4.20478E+00 4.22610E+00 4.13725E+00 3.85311E+00 3.38693E+00 9.84178E+01
3.50193E+00 3.96645E+00 4.25035E+00 4.30975E+00 4.30465E+00 4.31741E+00 4.33890E+00 4.24952E+00 3.96645E+00 3.50193E+00 1.00987E+02
3.61619E+00 4.07909E+00 4.36194E+00 4.42147E+00 4.41639E+00 4.42937E+00 4.45102E+00 4.36111E+00 4.07909E+00 3.61619E+00 1.03521E+02
3.72971E+00 4.19102E+00 4.47285E+00 4.53249E+00 4.52744E+00 4.54063E+00 4.56244E+00 4.47202E+00 4.19102E+00 3.72971E+00 1.06021E+02
3.84246E+00 4.30223E+00 4.58306E+00 4.64282E+00 4.63778E+00 4.65118E+00 4.67315E+00 4.58223E+00 4.30223E+00 3.84246E+00 1.08486E+02
3.95444E+00 4.41271E+00 4.69257E+00 4.75244E+00 4.74742E+00 4.76103E+00 4.78315E+00 4.69173E+00 4.41271E+00 3.95444E+00 1.10918E+02
4.06565E+00 4.52245E+00 4.80136E+00 4.86133E+00 4.85634E+00 4.87015E+00 4.89242E+00 4.80052E+00 4.52245E+00 4.06565E+00 1.13317E+02
4.17609E+00 4.63144E+00 4.90942E+00 4.96950E+00 4.96453E+00 4.97854E+00 5.00097E+00 4.90858E+00 4.63144E+00 4.17609E+00 1.15682E+02
4.28575E+00 4.73969E+00 5.01676E+00 5.07694E+00 5.07199E+00 5.08620E+00 5.10878E+00 5.01592E+00 4.73969E+00 4.28575E+00 1.18015E+02
4.39462E+00 4.84718E+00 5.12336E+00 5.18365E+00 5.17872E+00 5.19312E+00 5.21584E+00 5.12252E+00 4.84718E+00 4.39462E+00 1.20316E+02
4.50271E+00 4.95392E+00 5.22923E+00 5.28962E+00 5.28470E+00 5.29930E+00 5.32217E+00 5.22839E+00 4.95392E+00 4.50271E+00 1.22585E+02
4.61002E+00 5.05990E+00 5.33436E+00 5.39484E+00 5.38995E+00 5.40474E+00 5.42775E+00 5.33352E+00 5.05990E+00 4.61002E+00 1.24823E+02
4.71654E+00 5.16512E+00 5.43875E+00 5.49933E+00 5.49445E+00 5.50944E+00 5.53259E+00 5.43791E+00 5.16512E+00 4.71654E+00 1.27029E+02
4.82228E+00 5.26959E+00 5.54240E+00 5.60307E+00 5.59822E+00 5.61339E+00 5.63668E+00 5.54156E+00 5.26959E+00 4.82228E+00 1.29206E+02
0.00000E+00 0.00000E+00 2.76102E-01 3.30302E-01 3.24011E-01 3.25753E-01 3.38933E-01 2.75370E-01 0.00000E+00 0.00000E+00 -1.33102E+00
0.00000E+00 0.00000E+00 3.11454E-01 3.66589E-01 3.60348E-01 3.62888E-01 3.76843E-01 3.10704E-01 0.00000E+00 0.00000E+00 -2.29645E-01
0.00000E+00 4.03294E-02 3.62069E-01 4.17966E-01 4.11775E-01 4.15037E-01 4.29665E-01 3.61304E-01 4.03294E-02 0.00000E+00 1.20941E+00
0.00000E+00 1.07312E-01 4.23408E-01 4.79953E-01 4.73813E-01 4.77745E-01 4.92981E-01 4.22631E-01 1.07312E-01 0.00000E+00 2.92512E+00
0.00000E+00 1.81684E-01 4.92830E-01 5.49942E-01 5.43851E-01 5.48414E-01 5.64206E-01 4.92043E-01 1.81684E-01 0.00000E+00 4.89024E+00
0.00000E+00 2.61590E-01 5.68334E-01 6.25948E-01 6.19906E-01 6.25065E-01 6.41372E-01 5.67537E-01 2.61590E-01 0.00000E+00 7.05262E+00
0.00000E+00 3.45725E-01 6.48508E-01 7.06572E-01 7.00578E-01 7.06304E-01 7.23091E-01 6.47703E-01 3.45725E-01 0.00000E+00 9.36822E+00
0.00000E+00 4.33131E-01 7.32318E-01 7.90789E-01 7.84842E-01 7.91109E-01 8.08346E-01 7.31505E-01 4.33131E-01 0.00000E+00 1.18006E+01
3.63114E-02 5.22097E-01 8.18009E-01 8.76849E-01 8.70949E-01 8.77732E-01 8.95393E-01 8.17189E-01 5.22097E-01 3.63114E-02 1.42587E+01
1.30775E-01 6.11932E-01 9.04837E-01 9.64015E-01 9.58160E-01 9.65439E-01 9.83503E-01 9.04011E-01 6.11932E-01 1.30775E-01 1.66827E+01
2.27010E-01 7.03841E-01 9.93942E-01 1.05343E+00 1.04762E+00 1.05538E+00 1.07383E+00 9.93111E-01 7.03841E-01 2.27010E-01 1.91508E+01
3.24611E-01 7.97384E-01 1.08486E+00 1.14464E+00 1.13888E+00 1.14710E+00 1.16592E+00 1.08402E+00 7.97384E-01 3.24611E-01 2.16491E+01
4.23247E-01 8.92196E-01 1.17720E+00 1.23726E+00 1.23154E+00 1.24022E+00 1.25939E+00 1.17636E+00 8.92196E-01 4.23247E-01 2.41661E+01
5.22638E-01 9.87975E-01 1.27066E+00 1.33097E+00 1.32529E+00 1.33441E+00 1.35393E+00 1.26981E+00 9.87975E-01 5.22638E-01 2.66920E+01
6.22553E-01 1.08447E+00 1.36495E+00 1.42551E+00 1.41987E+00 1.42942E+00 1.44927E+00 1.36410E+00 1.08447E+00 6.22553E-01 2.92187E+01
7.22796E-01 1.18146E+00 1.45986E+00 1.52064E+00 1.51505E+00 1.52502E+00 1.54518E+00 1.45901E+00 1.18146E+00 7.22796E-01 3.17395E+01
8.23201E-01 1.27877E+00 1.55519E+00 1.61619E+00 1.61064E+00 1.62101E+00 1.64149E+00 1.55433E+00 1.27877E+00 8.23201E-01 3.42487E+01
9.23625E-01 1.37624E+00 1.65077E+00 1.71198E+00 1.70647E+00 1.71724E+00 1.73802E+00 1.64991E+00 1.37624E+00 9.23625E-01 3.67416E+01
1.02395E+00 1.47374E+00 1.74647E+00 1.80787E+00 1.80240E+00 1.81356E+00 1.83463E+00 1.74561E+00 1.47374E+00 1.02395E+00 3.92145E+01
1.12407E+00 1.57116E+00 1.84216E+00 1.90375E+00 1.89832E+00 1.90986E+00 1.93121E+00 1.84130E+00 1.57116E+00 1.12407E+00 4.16642E+01
1.22389E+00 1.66839E+00 1.93774E+00 1.99951E+00 1.99412E+00 2.00603E+00 2.02766E+00 1.93688E+00 1.66839E+00 1.22389E+00 4.40881E+01
1.32334E+00 1.76535E+00 2.03312E+00 2.09506E+00 2.08970E+00 2.10198E+00 2.12388E+00 2.03225E+00 1.76535E+00 1.32334E+00 4.64842E+01
1.42236E+00 1.86197E+00 2.12822E+00 2.19032E+00 2.18500E+00 2.19764E+00 2.21980E+00 2.12735E+00 1.86197E+00 1.42236E+00 4.88507E+01
1.52088E+00 1.95818E+00 2.22297E+00 2.28523E+00 2.27995E+00 2.29293E+00 2.31535E+00 2.22210E+00 1.95818E+00 1.52088E+00 5.11864E+01
1.61886E+00 2.05393E+00 2.31732E+00 2.37972E+00 2.37448E+00 2.38780E+00 2.41047E+00 2.31644E+00 2.05393E+00 1.61886E+00 5.34903E+01
1.71625E+00 2.14917E+00 2.41120E+00 2.47375E+00 2.46854E+00 2.48221E+00 2.50512E+00 2.41032E+00 2.14917E+00 1.71625E+00 5.57616E+01
1.81303E+00 2.24387E+00 2.50459E+00 2.56727E+00 2.56210E+00 2.57609E+00 2.59925E+00 2.50370E+00 2.24387E+00 1.81303E+00 5.79998E+01
1.90916E+00 2.33798E+00 2.59743E+00 2.66025E+00 2.65512E+00 2.66943E+00 2.69282E+00 2.59655E+00 2.33798E+00 1.90916E+00 6.02046E+01
2.00461E+00 2.43148E+00 2.68970E+00 2.75266E+00 2.74755E+00 2.76219E+00 2.78581E+00 2.68882E+00 2.43148E+00 2.00461E+00 6.23757E+01
2.09936E+00 2.52434E+00 2.78138E+00 2.84445E+00 2.83939E+00 2.85434E+00 2.87818E+00 2.78049E+00 2.52434E+00 2.09936E+00 6.45130E+01
2.19339E+00 2.61654E+00 2.87243E+00 2.93562E+00 2.93059E+00 2.94585E+00 2.96991E+00 2.87154E+00 2.61654E+00 2.19339E+00 6.66167E+01
2.28670E+00 2.70807E+00 2.96283E+00 3.02615E+00 3.02115E+00 3.03671E+00 3.06099E+00 2.96195E+00 2.70807E+00 2.28670E+00 6.86869E+01
2.37926E+00 2.79890E+00 3.05258E+00 3.11600E+00 3.11104E+00 3.12690E+00 3.15139E+00 3.05169E+00 2.79890E+00 2.37926E+00 7.07237E+01
2.47107E+00 2.88902E+00 3.14165E+00 3.20518E+00 3.20025E+00 3.21640E+00 3.24110E+00 3.14076E+00 2.88902E+00 2.47107E+00 7.27275E+01
2.56212E+00 2.97843E+00 3.23004E+00 3.29367E+00 3.28877E+00 3.30522E+00 3.33012E+00 3.22914E+00 2.97843E+00 2.56212E+00 7.46985E+01
2.65240E+00 3.06711E+00 3.31772E+00 3.38146E+00 3.37659E+00 3.39332E+00 3.41843E+00 3.31683E+00 3.06711E+00 2.65240E+00 7.66371E+01
2.74191E+00 3.15507E+00 3.40471E+00 3.46855E+00 3.46371E+00 3.48072E+00 3.50602E+00 3.40381E+00 3.15507E+00 2.74191E+00 7.85439E+01
2.83064E+00 3.24228E+00 3.49098E+00 3.55492E+00 3.55011E+00 3.56740E+00 3.59290E+00 3.49009E+00 3.24228E+00 2.83064E+00 8.04191E+01
2.91861E+00 3.32877E+00 3.57654E+00 3.64057E+00 3.63580E+00 3.65336E+00 3.67905E+00 3.57565E+00 3.32877E+00 2.91861E+00 8.22633E+01
3.00579E+00 3.41451E+00 3.66138E+00 3.72550E+00 3.72076E+00 3.73859E+00 3.76447E+00 3.66049E+00 3.41451E+00 3.00579E+00 8.40769E+01
3.09221E+00 3.49951E+00 3.74551E+00 3.80972E+00 3.80500E+00 3.82310E+00 3.84916E+00 3.74461E+00 3.49951E+00 3.09221E+00 8.58604E+01
3.17785E+00 3.58377E+00 3.82891E+00 3.89321E+00 3.88852E+00 3.90688E+00 3.93313E+00 3.82802E+00 3.58377E+00 3.17785E+00 8.76144E+01
3.26272E+00 3.66729E+00 3.91160E+00 3.97598E+00 3.97132E+00 3.98994E+00 4.01637E+00 3.91070E+00 3.66729E+00 3.26272E+00 8.93394E+01
3.34682E+00 3.75007E+00 3.99357E+00 4.05803E+00 4.05340E+00 4.07227E+00 4.09888E+00 3.99267E+00 3.75007E+00 3.34682E+00 9.10358E+01
3.43016E+00 3.83212E+00 4.07482E+00 4.13936E+00 4.13476E+00 4.15389E+00 4.18066E+00 4.07392E+00 3.83212E+00 3.43016E+00 9.27042E+01
3.51275E+00 3.91344E+00 4.15536E+00 4.21997E+00 4.21541E+00 4.23478E+00 4.26173E+00 4.15446E+00 3.91344E+00 3.51275E+00 9.43451E+01
3.59457E+00 3.99403E+00 4.23518E+00 4.29987E+00 4.29534E+00 4.31496E+00 4.34208E+00 4.23428E+00 3.99403E+00 3.59457E+00 9.59591E+01
3.67566E+00 4.07390E+00 4.31430E+00 4.37907E+00 4.37456E+00 4.39442E+00 4.42171E+00 4.31340E+00 4.07390E+00 3.67566E+00 9.75466E+01
3.75600E+00 4.15305E+00 4.39272E+00 4.45756E+00 4.45308E+00 4.47318E+00 4.50064E+00 4.39182E+00 4.15305E+00 3.75600E+00 9.91082E+01
3.83560E+00 4.23149E+00 4.47044E+00 4.53535E+00 4.53090E+00 4.55124E+00 4.57885E+00 4.46954E+00 4.23149E+00 3.83560E+00 1.00644E+02
0.00000E+00 0.00000E+00 2.35492E-01 2.95433E-01 2.88853E-01 2.91723E-01 3.07406E-01 2.34670E-01 0.00000E+00 0.00000E+00 -1.26591E+00
0.00000E+00 0.00000E+00 2.71629E-01 3.32284E-01 3.25808E-01 3.29785E-01 3.46393E-01 2.70789E-01 0.00000E+00 0.00000E+00 -1.58211E-01
0.00000E+00 3.78183E-02 3.19788E-01 3.81028E-01 3.74648E-01 3.79619E-01 3.97030E-01 3.18933E-01 3.78183E-02 0.00000E+00 1.22782E+00
0.00000E+00 9.91863E-02 3.76206E-01 4.37947E-01 4.31659E-01 4.37547E-01 4.55680E-01 3.75340E-01 9.91863E-02 0.00000E+00 2.82967E+00
0.00000E+00 1.66013E-01 4.38690E-01 5.00870E-01 4.94670E-01 5.01415E-01 5.20211E-01 4.37814E-01 1.66013E-01 0.00000E+00 4.61961E+00
0.00000E+00 2.36764E-01 5.05578E-01 5.68148E-01 5.62033E-01 5.69585E-01 5.88992E-01 5.04693E-01 2.36764E-01 0.00000E+00 6.54922E+00
0.00000E+00 3.10375E-01 5.75713E-01 6.38633E-01 6.32599E-01 6.40914E-01 6.60893E-01 5.74820E-01 3.10375E-01 0.00000E+00 8.57968E+00
0.00000E+00 3.86074E-01 6.48256E-01 7.11494E-01 7.05538E-01 7.14579E-01 7.35092E-01 6.47356E-01 3.86074E-01 0.00000E+00 1.06803E+01
3.13762E-02 4.62619E-01 7.21927E-01 7.85454E-01 7.79574E-01 7.89304E-01 8.10320E-01 7.21021E-01 4.62619E-01 3.13762E-02 1.27717E+01
1.12499E-01 5.39514E-01 7.96181E-01 8.59972E-01 8.54165E-01 8.64555E-01 8.86048E-01 7.95270E-01 5.39514E-01 1.12499E-01 1.48049E+01
1.94472E-01 6.17533E-01 8.71738E-01 9.35775E-01 9.30039E-01 9.41066E-01 9.63016E-01 8.70823E-01 6.17533E-01 1.94472E-01 1.68535E+01
2.76993E-01 6.96344E-01 9.48243E-01 1.01251E+00 1.00684E+00 1.01849E+00 1.04087E+00 9.47323E-01 6.96344E-01 2.76993E-01 1.89071E+01
3.59819E-01 7.75674E-01 1.02541E+00 1.08989E+00 1.08429E+00 1.09653E+00 1.11934E+00 1.02448E+00 7.75674E-01 3.59819E-01 2.09576E+01
4.42751E-01 8.55304E-01 1.10299E+00 1.16768E+00 1.16214E+00 1.17496E+00 1.19817E+00 1.10207E+00 8.55304E-01 4.42751E-01 2.29980E+01
5.25627E-01 9.35049E-01 1.18081E+00 1.24568E+00 1.24021E+00 1.25359E+00 1.27720E+00 1.17988E+00 9.35049E-01 5.25627E-01 2.50229E+01
6.08311E-01 1.01476E+00 1.25869E+00 1.32374E+00 1.31833E+00 1.33226E+00 1.35624E+00 1.25775E+00 1.01476E+00 6.08311E-01 2.70279E+01
6.90692E-01 1.09431E+00 1.33650E+00 1.40172E+00 1.39638E+00 1.41083E+00 1.43518E+00 1.33556E+00 1.09431E+00 6.90692E-01 2.90097E+01
7.72680E-01 1.17359E+00 1.41412E+00 1.47951E+00 1.47422E+00 1.48920E+00 1.51390E+00 1.41318E+00 1.17359E+00 7.72680E-01 3.09654E+01
8.54196E-01 1.25253E+00 1.49147E+00 1.55701E+00 1.55179E+00 1.56727E+00 1.59231E+00 1.49053E+00 1.25253E+00 8.54196E-01 3.28930E+01
9.35178E-01 1.33103E+00 1.56847E+00 1.63415E+00 1.62899E+00 1.64496E+00 1.67034E+00 1.56752E+00 1.33103E+00 9.35178E-01 3.47908E+01
1.01557E+00 1.40905E+00 1.64504E+00 1.71086E+00 1.70575E+00 1.72221E+00 1.74791E+00 1.64409E+00 1.40905E+00 1.01557E+00 3.66577E+01
1.09534E+00 1.48654E+00 1.72113E+00 1.78709E+00 1.78204E+00 1.79896E+00 1.82498E+00 1.72018E+00 1.48654E+00 1.09534E+00 3.84928E+01
1.17444E+00 1.56344E+00 1.79670E+00 1.86278E+00 1.85778E+00 1.87517E+00 1.90150E+00 1.79575E+00 1.56344E+00 1.17444E+00 4.02955E+01
1.25284E+00 1.63973E+00 1.87170E+00 1.93790E+00 1.93296E+00 1.95079E+00 1.97743E+00 1.87075E+00 1.63973E+00 1.25284E+00 4.20656E+01
1.33052E+00 1.71537E+00 1.94610E+00 2.01243E+00 2.00754E+00 2.02581E+00 2.05274E+00 1.94515E+00 1.71537E+00 1.33052E+00 4.38028E+01
1.40747E+00 1.79035E+00 2.01988E+00 2.08632E+00 2.08148E+00 2.10019E+00 2.12741E+00 2.01893E+00 1.79035E+00 1.40747E+00 4.55071E+01
1.48366E+00 1.86463E+00 2.09302E+00 2.15956E+00 2.15478E+00 2.17391E+00 2.20141E+00 2.09207E+00 1.86463E+00 1.48366E+00 4.71788E+01
1.55910E+00 1.93822E+00 2.16549E+00 2.23214E+00 2.22740E+00 2.24695E+00 2.27472E+00 2.16454E+00 1.93822E+00 1.55910E+00 4.88180E+01
1.63376E+00 2.01109E+00 2.23728E+00 2.30403E+00 2.29935E+00 2.31930E+00 2.34734E+00 2.23633E+00 2.01109E+00 1.63376E+00 5.04251E+01
1.70764E+00 2.08324E+00 2.30839E+00 2.37523E+00 2.37060E+00 2.39095E+00 2.41926E+00 2.30743E+00 2.08324E+00 1.70764E+00 5.20004E+01
1.78074E+00 2.15466E+00 2.37880E+00 2.44574E+00 2.44115E+00 2.46189E+00 2.49046E+00 2.37784E+00 2.15466E+00 1.78074E+00 5.35446E+01
1.85306E+00 2.22535E+00 2.44850E+00 2.51553E+00 2.51099E+00 2.53212E+00 2.56094E+00 2.44755E+00 2.22535E+00 1.85306E+00 5.50579E+01
1.92460E+00 2.29530E+00 2.51750E+00 2.58461E+00 2.58012E+00 2.60163E+00 2.63070E+00 2.51654E+00 2.29530E+00 1.92460E+00 5.65411E+01
1.99536E+00 2.36451E+00 2.58579E+00 2.65299E+00 2.64854E+00 2.67042E+00 2.69973E+00 2.58483E+00 2.36451E+00 1.99536E+00 5.79945E+01
2.06534E+00 2.43299E+00 2.65336E+00 2.72065E+00 2.71624E+00 2.73849E+00 2.76805E+00 2.65241E+00 2.43299E+00 2.06534E+00 5.94189E+01
2.13455E+00 2.50074E+00 2.72023E+00 2.78759E+00 2.78323E+00 2.80584E+00 2.83564E+00 2.71928E+00 2.50074E+00 2.13455E+00 6.08147E+01
2.20300E+00 2.56775E+00 2.78639E+00 2.85383E+00 2.84952E+00 2.87248E+00 2.90250E+00 2.78544E+00 2.56775E+00 2.20300E+00 6.21827E+01
2.27068E+00 2.63404E+00 2.85185E+00 2.91936E+00 2.91509E+00 2.93840E+00 2.96866E+00 2.85089E+00 2.63404E+00 2.27068E+00 6.35233E+01
2.33760E+00 2.69960E+00 2.91660E+00 2.98419E+00 2.97996E+00 3.00361E+00 3.03409E+00 2.91565E+00 2.69960E+00 2.33760E+00 6.48372E+01
2.40378E+00 2.76445E+00 2.98066E+00 3.04832E+00 3.04413E+00 3.06812E+00 3.09883E+00 2.97971E+00 2.76445E+00 2.40378E+00 6.61250E+01
2.46921E+00 2.82859E+00 3.04403E+00 3.11175E+00 3.10761E+00 3.13193E+00 3.16285E+00 3.04307E+00 2.82859E+00 2.46921E+00 6.73872E+01
2.53391E+00 2.89203E+00 3.10671E+00 3.17450E+00 3.17040E+00 3.19505E+00 3.22619E+00 3.10576E+00 2.89203E+00 2.53391E+00 6.86245E+01
2.59789E+00 2.95476E+00 3.16871E+00 3.23657E+00 3.23250E+00 3.25748E+00 3.28883E+00 3.16776E+00 2.95476E+00 2.59789E+00 6.98375E+01
2.66115E+00 3.01681E+00 3.23004E+00 3.29796E+00 3.29393E+00 3.31923E+00 3.35078E+00 3.22908E+00 3.01681E+00 2.66115E+00 7.10267E+01
2.72370E+00 3.07817E+00 3.29070E+00 3.35868E+00 3.35469E+00 3.38031E+00 3.41207E+00 3.28975E+00 3.07817E+00 2.72370E+00 7.21927E+01
2.78555E+00 3.13886E+00 3.35070E+00 3.41874E+00 3.41479E+00 3.44072E+00 3.47268E+00 3.34975E+00 3.13886E+00 2.78555E+00 7.33360E+01
2.84670E+00 3.19888E+00 3.41005E+00 3.47814E+00 3.47424E+00 3.50047E+00 3.53263E+00 3.40910E+00 3.19888E+00 2.84670E+00 7.44572E+01
2.90718E+00 3.25825E+00 3.46876E+00 3.53690E+00 3.53304E+00 3.55957E+00 3.59193E+00 3.46780E+00 3.25825E+00 2.90718E+00 7.55568E+01
2.96699E+00 3.31696E+00 3.52682E+00 3.59502E+00 3.59119E+00 3.61803E+00 3.65058E+00 3.52587E+00 3.31696E+00 2.96699E+00 7.66353E+01
3.02613E+00 3.37503E+00 3.58426E+00 3.65252E+00 3.64872E+00 3.67586E+00 3.70859E+00 3.58331E+00 3.37503E+00 3.02613E+00 7.76932E+01
0.00000E+00 0.00000E+00 2.00332E-01 2.64716E-01 2.57940E-01 2.62614E-01 2.81324E-01 1.99409E-01 0.00000E+00 0.00000E+00 -1.18171E+00
0.00000E+00 0.00000E+00 2.36854E-01 3.01803E-01 2.95203E-01 3.01402E-01 3.21208E-01 2.35914E-01 0.00000E+00 0.00000E+00 -6.22206E-02
0.00000E+00 3.53674E-02 2.82492E-01 3.47908E-01 3.41468E-01 3.49023E-01 3.69779E-01 2.81539E-01 3.53674E-02 0.00000E+00 1.27223E+00
0.00000E+00 9.14396E-02 3.34218E-01 4.00035E-01 3.93743E-01 4.02541E-01 4.24152E-01 3.33254E-01 9.14396E-02 0.00000E+00 2.76274E+00
0.00000E+00 1.51295E-01 3.90259E-01 4.56429E-01 4.50277E-01 4.60229E-01 4.82623E-01 3.89286E-01 1.51295E-01 0.00000E+00 4.38435E+00
0.00000E+00 2.13701E-01 4.49272E-01 5.15756E-01 5.09736E-01 5.20769E-01 5.43886E-01 4.48291E-01 2.13701E-01 0.00000E+00 6.09432E+00
0.00000E+00 2.77816E-01 5.10333E-01 5.77101E-01 5.71206E-01 5.83257E-01 6.07048E-01 5.09347E-01 2.77816E-01 0.00000E+00 7.86025E+00
0.00000E+00 3.43044E-01 5.72788E-01 6.39812E-01 6.34036E-01 6.47050E-01 6.71473E-01 5.71796E-01 3.43044E-01 0.00000E+00 9.65766E+00
2.69559E-02 4.08515E-01 6.35732E-01 7.02990E-01 6.97328E-01 7.11252E-01 7.36269E-01 6.34736E-01 4.08515E-01 2.69559E-02 1.14190E+01
9.62029E-02 4.73887E-01 6.98783E-01 7.66255E-01 7.60701E-01 7.75494E-01 8.01073E-01 6.97783E-01 4.73887E-01 9.62029E-02 1.31056E+01
1.65580E-01 5.39641E-01 7.62371E-01 8.30042E-01 8.24593E-01 8.40220E-01 8.66338E-01 7.61368E-01 5.39641E-01 1.65580E-01 1.47859E+01
2.34877E-01 6.05535E-01 8.26239E-01 8.94094E-01 8.88747E-01 9.05179E-01 9.31812E-01 8.25232E-01 6.05535E-01 2.34877E-01 1.64528E+01
3.03930E-01 6.71382E-01 8.90179E-01 9.58208E-01 9.52960E-01 9.70168E-01 9.97297E-01 8.89171E-01 6.71382E-01 3.03930E-01 1.81010E+01
3.72608E-01 7.37030E-01 9.54030E-01 1.02222E+00 1.01707E+00 1.03503E+00 1.06263E+00 9.53019E-01 7.37030E-01 3.72608E-01 1.97262E+01
4.40809E-01 8.02358E-01 1.01766E+00 1.08600E+00 1.08094E+00 1.09963E+00 1.12770E+00 1.01665E+00 8.02358E-01 4.40809E-01 2.13253E+01
5.08450E-01 8.67270E-01 1.08096E+00 1.14945E+00 1.14448E+00 1.16387E+00 1.19238E+00 1.07995E+00 8.67270E-01 5.08450E-01 2.28960E+01
5.75469E-01 9.31688E-01 1.14385E+00 1.21247E+00 1.20759E+00 1.22767E+00 1.25661E+00 1.14283E+00 9.31688E-01 5.75469E-01 2.44366E+01
6.41813E-01 9.95551E-01 1.20625E+00 1.27500E+00 1.27021E+00 1.29095E+00 1.32031E+00 1.20523E+00 9.95551E-01 6.41813E-01 2.59459E+01
7.07444E-01 1.05881E+00 1.26811E+00 1.33699E+00 1.33228E+00 1.35367E+00 1.38343E+00 1.26710E+00 1.05881E+00 7.07444E-01 2.74231E+01
7.72331E-01 1.12142E+00 1.32939E+00 1.39839E+00 1.39376E+00 1.41578E+00 1.44594E+00 1.32838E+00 1.12142E+00 7.72331E-01 2.88679E+01
8.36452E-01 1.18336E+00 1.39006E+00 1.45916E+00 1.45461E+00 1.47724E+00 1.50779E+00 1.38904E+00 1.18336E+00 8.36452E-01 3.02801E+01
8.99789E-01 1.24460E+00 1.45007E+00 1.51928E+00 1.51481E+00 1.53804E+00 1.56896E+00 1.44905E+00 1.24460E+00 8.99789E-01 3.16598E+01
9.62331E-01 1.30512E+00 1.50942E+00 1.57873E+00 1.57433E+00 1.59815E+00 1.62943E+00 1.50840E+00 1.30512E+00 9.62331E-01 3.30072E+01
1.02407E+00 1.36492E+00 1.56808E+00 1.63749E+00 1.63317E+00 1.65755E+00 1.68919E+00 1.56706E+00 1.36492E+00 1.02407E+00 3.43226E+01
1.08500E+00 1.42397E+00 1.62604E+00 1.69555E+00 1.69130E+00 1.71624E+00 1.74822E+00 1.62503E+00 1.42397E+00 1.08500E+00 3.56066E+01
1.14513E+00 1.48228E+00 1.68330E+00 1.75290E+00 1.74872E+00 1.77421E+00 1.80652E+00 1.68229E+00 1.48228E+00 1.14513E+00 3.68596E+01
1.20445E+00 1.53985E+00 1.73985E+00 1.80953E+00 1.80542E+00 1.83145E+00 1.86409E+00 1.73884E+00 1.53985E+00 1.20445E+00 3.80823E+01
1.26296E+00 1.59667E+00 1.79569E+00 1.86545E+00 1.86141E+00 1.88796E+00 1.92093E+00 1.79467E+00 1.59667E+00 1.26296E+00 3.92752E+01
1.32068E+00 1.65274E+00 1.85081E+00 1.92065E+00 1.91668E+00 1.94374E+00 1.97702E+00 1.84980E+00 1.65274E+00 1.32068E+00 4.04391E+01
1.37761E+00 1.70808E+00 1.90523E+00 1.97514E+00 1.97123E+00 1.99879E+00 2.03239E+00 1.90421E+00 1.70808E+00 1.37761E+00 4.15747E+01
1.43376E+00 1.76267E+00 1.95893E+00 2.02891E+00 2.02507E+00 2.05313E+00 2.08702E+00 1.95791E+00 1.76267E+00 1.43376E+00 4.26826E+01
1.48912E+00 1.81654E+00 2.01193E+00 2.08198E+00 2.07820E+00 2.10674E+00 2.14094E+00 2.01091E+00 1.81654E+00 1.48912E+00 4.37636E+01
1.54373E+00 1.86968E+00 2.06423E+00 2.13435E+00 2.13063E+00 2.15965E+00 2.19413E+00 2.06322E+00 1.86968E+00 1.54373E+00 4.48184E+01
1.59758E+00 1.92210E+00 2.11584E+00 2.18602E+00 2.18237E+00 2.21184E+00 2.24662E+00 2.11482E+00 1.92210E+00 1.59758E+00 4.58476E+01
1.65068E+00 1.97382E+00 2.16676E+00 2.23701E+00 2.23341E+00 2.26335E+00 2.29840E+00 2.16575E+00 1.97382E+00 1.65068E+00 4.68520E+01
1.70304E+00 2.02484E+00 2.21700E+00 2.28731E+00 2.28378E+00 2.31416E+00 2.34949E+00 2.21599E+00 2.02484E+00 1.70304E+00 4.78323E+01
1.75469E+00 2.07516E+00 2.26658E+00 2.33694E+00 2.33347E+00 2.36429E+00 2.39989E+00 2.26557E+00 2.07516E+00 1.75469E+00 4.87891E+01
1.80562E+00 2.12481E+00 2.31549E+00 2.38591E+00 2.38249E+00 2.41375E+00 2.44962E+00 2.31448E+00 2.12481E+00 1.80562E+00 4.97232E+01
1.85585E+00 2.17379E+00 2.36375E+00 2.43423E+00 2.43087E+00 2.46255E+00 2.49869E+00 2.36275E+00 2.17379E+00 1.85585E+00 5.06351E+01
1.90539E+00 2.22210E+00 2.41137E+00 2.48190E+00 2.47860E+00 2.51070E+00 2.54709E+00 2.41037E+00 2.22210E+00 1.90539E+00 5.15254E+01
1.95425E+00 2.26977E+00 2.45836E+00 2.52894E+00 2.52569E+00 2.55821E+00 2.59485E+00 2.45735E+00 2.26977E+00 1.95425E+00 5.23949E+01
2.00244E+00 2.31680E+00 2.50472E+00 2.57535E+00 2.57215E+00 2.60508E+00 2.64197E+00 2.50372E+00 2.31680E+00 2.00244E+00 5.32441E+01
2.04998E+00 2.36320E+00 2.55047E+00 2.62115E+00 2.61800E+00 2.65133E+00 2.68847E+00 2.54947E+00 2.36320E+00 2.04998E+00 5.40736E+01
2.09688E+00 2.40897E+00 2.59561E+00 2.66634E+00 2.66324E+00 2.69697E+00 2.73435E+00 2.59461E+00 2.40897E+00 2.09688E+00 5.48839E+01
2.14314E+00 2.45414E+00 2.64016E+00 2.71093E+00 2.70789E+00 2.74200E+00 2.77962E+00 2.63916E+00 2.45414E+00 2.14314E+00 5.56756E+01
2.18878E+00 2.49872E+00 2.68413E+00 2.75494E+00 2.75195E+00 2.78644E+00 2.82430E+00 2.68313E+00 2.49872E+00 2.18878E+00 5.64493E+01
2.23381E+00 2.54270E+00 2.72752E+00 2.79837E+00 2.79543E+00 2.83030E+00 2.86839E+00 2.72652E+00 2.54270E+00 2.23381E+00 5.72054E+01
2.27824E+00 2.58610E+00 2.77034E+00 2.84123E+00 2.83834E+00 2.87359E+00 2.91190E+00 2.76934E+00 2.58610E+00 2.27824E+00 5.79445E+01
2.32209E+00 2.62894E+00 2.81260E+00 2.88354E+00 2.88070E+00 2.91631E+00 2.95485E+00 2.81161E+00 2.62894E+00 2.32209E+00 5.86670E+01
2.36535E+00 2.67122E+00 2.85432E+00 2.92530E+00 2.92250E+00 2.95848E+00 2.99724E+00 2.85333E+00 2.67122E+00 2.36535E+00 5.93734E+01
0.00000E+00 0.00000E+00 1.69966E-01 2.37929E-01 2.31118E-01 2.38651E-01 2.60961E-01 1.68930E-01 0.00000E+00 0.00000E+00 -1.06522E+00
0.00000E+00 0.00000E+00 2.06492E-01 2.74932E-01 2.68396E-01 2.78007E-01 3.01606E-01 2.05441E-01 0.00000E+00 0.00000E+00 6.77389E-02
0.00000E+00 3.29722E-02 2.49555E-01 3.18390E-01 3.12097E-01 3.23538E-01 3.48257E-01 2.48493E-01 3.29722E-02 0.00000E+00 1.34877E+00
0.00000E+00 8.40411E-02 2.96802E-01 3.65976E-01 3.59907E-01 3.73011E-01 3.98737E-01 2.95732E-01 8.40411E-02 0.00000E+00 2.72782E+00
0.00000E+00 1.37446E-01 3.46851E-01 4.16325E-01 4.10462E-01 4.25103E-01 4.51751E-01 3.45775E-01 1.37446E-01 0.00000E+00 4.18566E+00
0.00000E+00 1.92237E-01 3.98656E-01 4.68397E-01 4.62727E-01 4.78798E-01 5.06297E-01 3.97575E-01 1.92237E-01 0.00000E+00 5.68702E+00
0.00000E+00 2.47782E-01 4.51512E-01 5.21493E-01 5.16004E-01 5.33414E-01 5.61708E-01 4.50428E-01 2.47782E-01 0.00000E+00 7.20667E+00
0.00000E+00 3.03642E-01 5.04931E-01 5.75129E-01 5.69811E-01 5.88482E-01 6.17520E-01 5.03843E-01 3.03642E-01 0.00000E+00 8.72666E+00
2.30032E-02 3.59243E-01 5.58306E-01 6.28700E-01 6.23544E-01 6.43403E-01 6.73141E-01 5.57217E-01 3.59243E-01 2.30032E-02 1.01912E+01
8.16980E-02 4.14369E-01 6.11388E-01 6.81961E-01 6.76958E-01 6.97943E-01 7.28342E-01 6.10297E-01 4.14369E-01 8.16980E-02 1.15708E+01
1.39975E-01 4.69307E-01 6.64418E-01 7.35157E-01 7.30301E-01 7.52366E-01 7.83397E-01 6.63327E-01 4.69307E-01 1.39975E-01 1.29286E+01
1.97704E-01 5.23901E-01 7.17225E-01 7.88118E-01 7.83403E-01 8.06504E-01 8.38142E-01 7.16133E-01 5.23901E-01 1.97704E-01 1.42604E+01
2.54791E-01 5.78032E-01 7.69675E-01 8.40711E-01 8.36133E-01 8.60231E-01 8.92452E-01 7.68584E-01 5.78032E-01 2.54791E-01 1.55633E+01
3.11163E-01 6.31609E-01 8.21668E-01 8.92838E-01 8.88392E-01 9.13451E-01 9.46232E-01 8.20577E-01 6.31609E-01 3.11163E-01 1.68354E+01
3.66769E-01 6.84565E-01 8.73125E-01 9.44421E-01 9.40101E-01 9.66089E-01 9.99411E-01 8.72034E-01 6.84565E-01 3.66769E-01 1.80754E+01
4.21572E-01 7.36849E-01 9.23987E-01 9.95400E-01 9.91204E-01 1.01809E+00 1.05193E+00 9.22897E-01 7.36849E-01 4.21572E-01 1.92827E+01
4.75546E-01 7.88423E-01 9.74209E-01 1.04573E+00 1.04166E+00 1.06941E+00 1.10376E+00 9.73121E-01 7.88423E-01 4.75546E-01 2.04569E+01
5.28674E-01 8.39260E-01 1.02376E+00 1.09539E+00 1.09143E+00 1.12002E+00 1.15486E+00 1.02267E+00 8.39260E-01 5.28674E-01 2.15980E+01
5.80948E-01 8.89342E-01 1.07261E+00 1.14434E+00 1.14049E+00 1.16990E+00 1.20522E+00 1.07153E+00 8.89342E-01 5.80948E-01 2.27065E+01
6.32364E-01 9.38657E-01 1.12075E+00 1.19257E+00 1.18883E+00 1.21904E+00 1.25482E+00 1.11967E+00 9.38657E-01 6.32364E-01 2.37827E+01
6.82921E-01 9.87198E-01 1.16816E+00 1.24007E+00 1.23644E+00 1.26742E+00 1.30365E+00 1.16708E+00 9.87198E-01 6.82921E-01 2.48273E+01
7.32625E-01 1.03496E+00 1.21485E+00 1.28684E+00 1.28331E+00 1.31504E+00 1.35170E+00 1.21377E+00 1.03496E+00 7.32625E-01 2.58409E+01
7.81481E-01 1.08195E+00 1.26080E+00 1.33287E+00 1.32944E+00 1.36190E+00 1.39899E+00 1.25972E+00 1.08195E+00 7.81481E-01 2.68243E+01
8.29500E-01 1.12817E+00 1.30602E+00 1.37817E+00 1.37483E+00 1.40801E+00 1.44551E+00 1.30494E+00 1.12817E+00 8.29500E-01 2.77784E+01
8.76691E-01 1.17363E+00 1.35051E+00 1.42273E+00 1.41949E+00 1.45336E+00 1.49127E+00 1.34944E+00 1.17363E+00 8.76691E-01 2.87039E+01
9.23067E-01 1.21833E+00 1.39428E+00 1.46656E+00 1.46342E+00 1.49797E+00 1.53628E+00 1.39321E+00 1.21833E+00 9.23067E-01 2.96018E+01
9.68641E-01 1.26228E+00 1.43733E+00 1.50968E+00 1.50663E+00 1.54184E+00 1.58054E+00 1.43627E+00 1.26228E+00 9.68641E-01 3.04730E+01
1.01343E+00 1.30550E+00 1.47968E+00 1.55209E+00 1.54913E+00 1.58499E+00 1.62406E+00 1.47861E+00 1.30550E+00 1.01343E+00 3.13181E+01
1.05744E+00 1.34798E+00 1.52133E+00 1.59380E+00 1.59093E+00 1.62742E+00 1.66686E+00 1.52027E+00 1.34798E+00 1.05744E+00 3.21383E+01
1.10069E+00 1.38976E+00 1.56229E+00 1.63482E+00 1.63203E+00 1.66914E+00 1.70895E+00 1.56123E+00 1.38976E+00 1.10069E+00 3.29341E+01
1.14320E+00 1.43084E+00 1.60258E+00 1.67516E+00 1.67245E+00 1.71017E+00 1.75033E+00 1.60152E+00 1.43084E+00 1.14320E+00 3.37066E+01
1.18498E+00 1.47122E+00 1.64220E+00 1.71483E+00 1.71221E+00 1.75052E+00 1.79103E+00 1.64114E+00 1.47122E+00 1.18498E+00 3.44565E+01
1.22604E+00 1.51094E+00 1.68117E+00 1.75385E+00 1.75131E+00 1.79020E+00 1.83105E+00 1.68012E+00 1.51094E+00 1.22604E+00 3.51845E+01
1.26641E+00 1.54999E+00 1.71950E+00 1.79222E+00 1.78976E+00 1.82922E+00 1.87041E+00 1.71845E+00 1.54999E+00 1.26641E+00 3.58914E+01
1.30609E+00 1.58839E+00 1.75719E+00 1.82996E+00 1.82758E+00 1.86760E+00 1.90911E+00 1.75615E+00 1.58839E+00 1.30609E+00 3.65780E+01
1.34511E+00 1.62615E+00 1.79428E+00 1.86709E+00 1.86478E+00 1.90535E+00 1.94718E+00 1.79323E+00 1.62615E+00 1.34511E+00 3.72449E+01
1.38347E+00 1.66329E+00 1.83075E+00 1.90360E+00 1.90137E+00 1.94248E+00 1.98463E+00 1.82971E+00 1.66329E+00 1.38347E+00 3.78929E+01
1.42119E+00 1.69983E+00 1.86664E+00 1.93953E+00 1.93737E+00 1.97901E+00 2.02147E+00 1.86560E+00 1.69983E+00 1.42119E+00 3.85226E+01
1.45829E+00 1.73576E+00 1.90194E+00 1.97487E+00 1.97278E+00 2.01494E+00 2.05771E+00 1.90090E+00 1.73576E+00 1.45829E+00 3.91346E+01
1.49477E+00 1.77112E+00 1.93667E+00 2.00964E+00 2.00762E+00 2.05029E+00 2.09336E+00 1.93564E+00 1.77112E+00 1.49477E+00 3.97295E+01
1.53066E+00 1.80590E+00 1.97085E+00 2.04385E+00 2.04190E+00 2.08508E+00 2.12844E+00 1.96982E+00 1.80590E+00 1.53066E+00 4.03079E+01
1.56596E+00 1.84012E+00 2.00449E+00 2.07751E+00 2.07564E+00 2.11930E+00 2.16296E+00 2.00346E+00 1.84012E+00 1.56596E+00 4.08704E+01
1.60069E+00 1.87379E+00 2.03759E+00 2.11065E+00 2.10883E+00 2.15299E+00 2.19692E+00 2.03656E+00 1.87379E+00 1.60069E+00 4.14175E+01
1.63487E+00 1.90693E+00 2.07016E+00 2.14325E+00 2.14151E+00 2.18614E+00 2.23036E+00 2.06914E+00 1.90693E+00 1.63487E+00 4.19498E+01
1.66850E+00 1.93955E+00 2.10223E+00 2.17535E+00 2.17367E+00 2.21877E+00 2.26326E+00 2.10121E+00 1.93955E+00 1.66850E+00 4.24677E+01
1.70159E+00 1.97165E+00 2.13379E+00 2.20694E+00 2.20532E+00 2.25088E+00 2.29566E+00 2.13278E+00 1.97165E+00 1.70159E+00 4.29718E+01
1.73417E+00 2.00325E+00 2.16487E+00 2.23804E+00 2.23649E+00 2.28250E+00 2.32755E+00 2.16386E+00 2.00325E+00 1.73417E+00 4.34624E+01
1.76623E+00 2.03437E+00 2.19547E+00 2.26866E+00 2.26717E+00 2.31364E+00 2.35894E+00 2.19445E+00 2.03437E+00 1.76623E+00 4.39400E+01
1.79779E+00 2.06500E+00 2.22559E+00 2.29881E+00 2.29738E+00 2.34429E+00 2.38986E+00 2.22458E+00 2.06500E+00 1.79779E+00 4.44051E+01
1.82887E+00 2.09516E+00 2.25526E+00 2.32851E+00 2.32713E+00 2.37448E+00 2.42030E+00 2.25426E+00 2.09516E+00 1.82887E+00 4.48580E+01
0.00000E+00 0.00000E+00 1.43809E-01 2.14905E-01 2.08326E-01 2.20334E-01 2.46838E-01 1.42645E-01 0.00000E+00 0.00000E+00 -8.99703E-01
0.00000E+00 0.00000E+00 1.79985E-01 2.51514E-01 2.45338E-01 2.60137E-01 2.88156E-01 1.78811E-01 0.00000E+00 0.00000E+00 2.42756E-01
0.00000E+00 3.06232E-02 2.20417E-01 2.92301E-01 2.86477E-01 3.03710E-01 3.33045E-01 2.19237E-01 3.06232E-02 0.00000E+00 1.46418E+00
0.00000E+00 7.69454E-02 2.63369E-01 3.35558E-01 3.30051E-01 3.49479E-01 3.79999E-01 2.62186E-01 7.69454E-02 0.00000E+00 2.72835E+00
0.00000E+00 1.24360E-01 3.07824E-01 3.80279E-01 3.75063E-01 3.96504E-01 4.28110E-01 3.06640E-01 1.24360E-01 0.00000E+00 4.02443E+00
0.00000E+00 1.72181E-01 3.53010E-01 4.25699E-01 4.20752E-01 4.44056E-01 4.76666E-01 3.51825E-01 1.72181E-01 0.00000E+00 5.32590E+00
0.00000E+00 2.19969E-01 3.98425E-01 4.71323E-01 4.66627E-01 4.91666E-01 5.25212E-01 3.97241E-01 2.19969E-01 0.00000E+00 6.61520E+00
0.00000E+00 2.67434E-01 4.43734E-01 5.16819E-01 5.12357E-01 5.39022E-01 5.73445E-01 4.42551E-01 2.67434E-01 0.00000E+00 7.88086E+00
1.94718E-02 3.14230E-01 4.88564E-01 5.61817E-01 5.57575E-01 5.85763E-01 6.21010E-01 4.87384E-01 3.14230E-01 1.94718E-02 9.07829E+00
6.88009E-02 3.60249E-01 5.32776E-01 6.06179E-01 6.02144E-01 6.31768E-01 6.67794E-01 5.31598E-01 3.60249E-01 6.88009E-02 1.01864E+01
1.17311E-01 4.05659E-01 5.76500E-01 6.50041E-01 6.46204E-01 6.77198E-01 7.13970E-01 5.75326E-01 4.05659E-01 1.17311E-01 1.12625E+01
1.64942E-01 4.50379E-01 6.19639E-01 6.93307E-01 6.89658E-01 7.21964E-01 7.59450E-01 6.18469E-01 4.50379E-01 1.64942E-01 1.23049E+01
2.11657E-01 4.94348E-01 6.62123E-01 7.35907E-01 7.32440E-01 7.66003E-01 8.04175E-01 6.60956E-01 4.94348E-01 2.11657E-01 1.33130E+01
2.57435E-01 5.37530E-01 7.03902E-01 7.77794E-01 7.74500E-01 8.09271E-01 8.48104E-01 7.02740E-01 5.37530E-01 2.57435E-01 1.42866E+01
3.02267E-01 5.79899E-01 7.44945E-01 8.18935E-01 8.15809E-01 8.51743E-01 8.91212E-01 7.43787E-01 5.79899E-01 3.02267E-01 1.52258E+01
3.46153E-01 6.21442E-01 7.85230E-01 8.59312E-01 8.56347E-01 8.93401E-01 9.33485E-01 7.84076E-01 6.21442E-01 3.46153E-01 1.61313E+01
3.89097E-01 6.62155E-01 8.24745E-01 8.98913E-01 8.96103E-01 9.34239E-01 9.74918E-01 8.23596E-01 6.62155E-01 3.89097E-01 1.70039E+01
4.31111E-01 7.02037E-01 8.63487E-01 9.37734E-01 9.35075E-01 9.74256E-01 1.01551E+00 8.62343E-01 7.02037E-01 4.31111E-01 1.78444E+01
4.72208E-01 7.41096E-01 9.01456E-01 9.75776E-01 9.73263E-01 1.01346E+00 1.05527E+00 9.00317E-01 7.41096E-01 4.72208E-01 1.86538E+01
5.12406E-01 7.79339E-01 9.38658E-01 1.01305E+00 1.01067E+00 1.05185E+00 1.09420E+00 9.37524E-01 7.79339E-01 5.12406E-01 1.94333E+01
5.51723E-01 8.16780E-01 9.75099E-01 1.04955E+00 1.04731E+00 1.08944E+00 1.13232E+00 9.73970E-01 8.16780E-01 5.51723E-01 2.01838E+01
5.90178E-01 8.53431E-01 1.01079E+00 1.08530E+00 1.08320E+00 1.12624E+00 1.16964E+00 1.00967E+00 8.53431E-01 5.90178E-01 2.09066E+01
6.27792E-01 8.89308E-01 1.04575E+00 1.12031E+00 1.11834E+00 1.16228E+00 1.20618E+00 1.04463E+00 8.89308E-01 6.27792E-01 2.16027E+01
6.64586E-01 9.24427E-01 1.07998E+00 1.15460E+00 1.15275E+00 1.19756E+00 1.24194E+00 1.07887E+00 9.24427E-01 6.64586E-01 2.22732E+01
7.00580E-01 9.58806E-01 1.11350E+00 1.18817E+00 1.18644E+00 1.23210E+00 1.27696E+00 1.11240E+00 9.58806E-01 7.00580E-01 2.29191E+01
7.35797E-01 9.92461E-01 1.14633E+00 1.22104E+00 1.21943E+00 1.26592E+00 1.31124E+00 1.14523E+00 9.92461E-01 7.35797E-01 2.35414E+01
7.70257E-01 1.02541E+00 1.17849E+00 1.25324E+00 1.25174E+00 1.29903E+00 1.34481E+00 1.17739E+00 1.02541E+00 7.70257E-01 2.41412E+01
8.03981E-01 1.05767E+00 1.20998E+00 1.28476E+00 1.28338E+00 1.33146E+00 1.37768E+00 1.20888E+00 1.05767E+00 8.03981E-01 2.47193E+01
8.36988E-01 1.08926E+00 1.24082E+00 1.31564E+00 1.31437E+00 1.36322E+00 1.40987E+00 1.23973E+00 1.08926E+00 8.36988E-01 2.52768E+01
8.69301E-01 1.12020E+00 1.27103E+00 1.34589E+00 1.34473E+00 1.39432E+00 1.44140E+00 1.26995E+00 1.12020E+00 8.69301E-01 2.58144E+01
9.00936E-01 1.15050E+00 1.30063E+00 1.37552E+00 1.37446E+00 1.42479E+00 1.47228E+00 1.29956E+00 1.15050E+00 9.00936E-01 2.63331E+01
9.31915E-01 1.18018E+00 1.32964E+00 1.40455E+00 1.40359E+00 1.45463E+00 1.50253E+00 1.32856E+00 1.18018E+00 9.31915E-01 2.68335E+01
9.62255E-01 1.20926E+00 1.35805E+00 1.43300E+00 1.43214E+00 1.48388E+00 1.53217E+00 1.35699E+00 1.20926E+00 9.62255E-01 2.73165E+01
9.91975E-01 1.23775E+00 1.38590E+00 1.46087E+00 1.46011E+00 1.51253E+00 1.56122E+00 1.38484E+00 1.23775E+00 9.91975E-01 2.77828E+01
1.02109E+00 1.26567E+00 1.41320E+00 1.48819E+00 1.48753E+00 1.54062E+00 1.58969E+00 1.41215E+00 1.26567E+00 1.02109E+00 2.82332E+01
1.04962E+00 1.29304E+00 1.43996E+00 1.51497E+00 1.51440E+00 1.56815E+00 1.61759E+00 1.43891E+00 1.29304E+00 1.04962E+00 2.86681E+01
1.07758E+00 1.31987E+00 1.46620E+00 1.54123E+00 1.54075E+00 1.59514E+00 1.64495E+00 1.46515E+00 1.31987E+00 1.07758E+00 2.90884E+01
1.10499E+00 1.34617E+00 1.49192E+00 1.56697E+00 1.56658E+00 1.62160E+00 1.67178E+00 1.49088E+00 1.34617E+00 1.10499E+00 2.94945E+01
1.13186E+00 1.37196E+00 1.51715E+00 1.59221E+00 1.59191E+00 1.64755E+00 1.69808E+00 1.51611E+00 1.37196E+00 1.13186E+00 2.98871E+01
1.15821E+00 1.39725E+00 1.54189E+00 1.61697E+00 1.61675E+00 1.67299E+00 1.72388E+00 1.54086E+00 1.39725E+00 1.15821E+00 3.02667E+01
1.18405E+00 1.42205E+00 1.56616E+00 1.64125E+00 1.64112E+00 1.69796E+00 1.74919E+00 1.56513E+00 1.42205E+00 1.18405E+00 3.06338E+01
1.20939E+00 1.44639E+00 1.58997E+00 1.66508E+00 1.66503E+00 1.72245E+00 1.77402E+00 1.58895E+00 1.44639E+00 1.20939E+00 3.09890E+01
1.23425E+00 1.47027E+00 1.61334E+00 1.68845E+00 1.68848E+00 1.74648E+00 1.79838E+00 1.61232E+00 1.47027E+00 1.23425E+00 3.13326E+01
1.25865E+00 1.49370E+00 1.63626E+00 1.71139E+00 1.71150E+00 1.77006E+00 1.82229E+00 1.63525E+00 1.49370E+00 1.25865E+00 3.16652E+01
1.28258E+00 1.51669E+00 1.65877E+00 1.73391E+00 1.73410E+00 1.79321E+00 1.84576E+00 1.65776E+00 1.51669E+00 1.28258E+00 3.19871E+01
1.30608E+00 1.53926E+00 1.68086E+00 1.75601E+00 1.75627E+00 1.81593E+00 1.86880E+00 1.67986E+00 1.53926E+00 1.30608E+00 3.22987E+01
1.32914E+00 1.56142E+00 1.70255E+00 1.77770E+00 1.77805E+00 1.83823E+00 1.89142E+00 1.70156E+00 1.56142E+00 1.32914E+00 3.26006E+01
1.35178E+00 1.58317E+00 1.72385E+00 1.79901E+00 1.79942E+00 1.86014E+00 1.91363E+00 1.72286E+00 1.58317E+00 1.35178E+00 3.28930E+01
1.37402E+00 1.60454E+00 1.74476E+00 1.81992E+00 1.82042E+00 1.88165E+00 1.93544E+00 1.74378E+00 1.60454E+00 1.37402E+00 3.31762E+01
1.39585E+00 1.62552E+00 1.76530E+00 1.84047E+00 1.84103E+00 1.90277E+00 1.95687E+00 1.76432E+00 1.62552E+00 1.39585E+00 3.34507E+01
0.00000E+00 0.00000E+00 1.21359E-01 1.95547E-01 1.89620E-01 2.08533E-01 2.39801E-01 1.20052E-01 0.00000E+00 0.00000E+00 -6.65633E-01
0.00000E+00 0.00000E+00 1.56842E-01 2.31437E-01 2.26076E-01 2.48670E-01 2.81727E-01 1.55534E-01 0.00000E+00 0.00000E+00 4.74288E-01
0.00000E+00 2.82954E-02 1.94562E-01 2.69485E-01 2.64609E-01 2.90381E-01 3.24996E-01 1.93257E-01 2.82954E-02 0.00000E+00 1.62427E+00
0.00000E+00 7.00698E-02 2.33355E-01 3.08551E-01 3.04107E-01 3.32720E-01 3.68740E-01 2.32055E-01 7.00698E-02 0.00000E+00 2.76620E+00
0.00000E+00 1.11874E-01 2.72539E-01 3.47968E-01 3.43917E-01 3.75116E-01 4.12424E-01 2.71245E-01 1.11874E-01 0.00000E+00 3.89961E+00
0.00000E+00 1.53270E-01 3.11601E-01 3.87231E-01 3.83540E-01 4.17116E-01 4.55616E-01 3.10315E-01 1.53270E-01 0.00000E+00 5.00749E+00
0.00000E+00 1.94000E-01 3.50228E-01 4.26033E-01 4.22673E-01 4.58450E-01 4.98061E-01 3.48950E-01 1.94000E-01 0.00000E+00 6.08003E+00
0.00000E+00 2.33909E-01 3.88224E-01 4.64182E-01 4.61131E-01 4.98958E-01 5.39612E-01 3.86955E-01 2.33909E-01 0.00000E+00 7.11186E+00
1.63145E-02 2.72831E-01 4.25402E-01 5.01492E-01 4.98728E-01 5.38466E-01 5.80098E-01 4.24142E-01 2.72831E-01 1.63145E-02 8.06885E+00
5.73297E-02 3.10744E-01 4.61711E-01 5.37917E-01 5.35421E-01 5.76950E-01 6.19507E-01 4.60460E-01 3.10744E-01 5.73297E-02 8.93705E+00
9.72500E-02 3.47760E-01 4.97230E-01 5.73537E-01 5.71296E-01 6.14528E-01 6.57968E-01 4.95988E-01 3.47760E-01 9.72500E-02 9.76779E+00
1.36076E-01 3.83856E-01 5.31922E-01 6.08321E-01 6.06322E-01 6.51176E-01 6.95463E-01 5.30690E-01 3.83856E-01 1.36076E-01 1.05616E+01
1.73819E-01 4.19025E-01 5.65770E-01 6.42250E-01 6.40482E-01 6.86885E-01 7.31985E-01 5.64548E-01 4.19025E-01 1.73819E-01 1.13193E+01
2.10501E-01 4.53271E-01 5.98770E-01 6.75322E-01 6.73774E-01 7.21659E-01 7.67542E-01 5.97557E-01 4.53271E-01 2.10501E-01 1.20421E+01
2.46145E-01 4.86606E-01 6.30925E-01 7.07540E-01 7.06203E-01 7.55510E-01 8.02148E-01 6.29722E-01 4.86606E-01 2.46145E-01 1.27315E+01
2.80780E-01 5.19044E-01 6.62244E-01 7.38915E-01 7.37782E-01 7.88454E-01 8.35819E-01 6.61051E-01 5.19044E-01 2.80780E-01 1.33888E+01
3.14437E-01 5.50608E-01 6.92742E-01 7.69464E-01 7.68524E-01 8.20510E-01 8.68580E-01 6.91559E-01 5.50608E-01 3.14437E-01 1.40155E+01
3.47147E-01 5.81318E-01 7.22437E-01 7.99203E-01 7.98451E-01 8.51702E-01 9.00454E-01 7.21264E-01 5.81318E-01 3.47147E-01 1.46130E+01
3.78941E-01 6.11200E-01 7.51348E-01 8.28153E-01 8.27581E-01 8.82053E-01 9.31466E-01 7.50185E-01 6.11200E-01 3.78941E-01 1.51829E+01
4.09852E-01 6.40276E-01 7.79497E-01 8.56335E-01 8.55937E-01 9.11588E-01 9.61642E-01 7.78343E-01 6.40276E-01 4.09852E-01 1.57265E+01
4.39909E-01 6.68574E-01 8.06905E-01 8.83772E-01 8.83542E-01 9.40333E-01 9.91010E-01 8.05761E-01 6.68574E-01 4.39909E-01 1.62451E+01
4.69145E-01 6.96117E-01 8.33593E-01 9.10485E-01 9.10418E-01 9.68313E-01 1.01960E+00 8.32459E-01 6.96117E-01 4.69145E-01 1.67401E+01
4.97587E-01 7.22930E-01 8.59585E-01 9.36498E-01 9.36588E-01 9.95553E-01 1.04743E+00 8.58460E-01 7.22930E-01 4.97587E-01 1.72127E+01
5.25266E-01 7.49038E-01 8.84902E-01 9.61833E-01 9.62075E-01 1.02208E+00 1.07452E+00 8.83787E-01 7.49038E-01 5.25266E-01 1.76641E+01
5.52209E-01 7.74465E-01 9.09566E-01 9.86512E-01 9.86901E-01 1.04791E+00 1.10092E+00 9.08461E-01 7.74465E-01 5.52209E-01 1.80953E+01
5.78442E-01 7.99233E-01 9.33599E-01 1.01056E+00 1.01109E+00 1.07308E+00 1.12663E+00 9.32502E-01 7.99233E-01 5.78442E-01 1.85074E+01
6.03991E-01 8.23366E-01 9.57020E-01 1.03399E+00 1.03466E+00 1.09760E+00 1.15168E+00 9.55933E-01 8.23366E-01 6.03991E-01 1.89014E+01
6.28882E-01 8.46884E-01 9.79851E-01 1.05682E+00 1.05763E+00 1.12150E+00 1.17610E+00 9.78773E-01 8.46884E-01 6.28882E-01 1.92783E+01
6.53137E-01 8.69810E-01 1.00211E+00 1.07909E+00 1.08002E+00 1.14479E+00 1.19991E+00 1.00104E+00 8.69810E-01 6.53137E-01 1.96388E+01
6.76779E-01 8.92163E-01 1.02382E+00 1.10080E+00 1.10186E+00 1.16751E+00 1.22312E+00 1.02276E+00 8.92163E-01 6.76779E-01 1.99839E+01
6.99830E-01 9.13962E-01 1.04499E+00 1.12197E+00 1.12316E+00 1.18966E+00 1.24576E+00 1.04394E+00 9.13962E-01 6.99830E-01 2.03143E+01
7.22311E-01 9.35227E-01 1.06565E+00 1.14262E+00 1.14394E+00 1.21127E+00 1.26785E+00 1.06461E+00 9.35227E-01 7.22311E-01 2.06308E+01
7.44242E-01 9.55976E-01 1.08581E+00 1.16278E+00 1.16421E+00 1.23236E+00 1.28940E+00 1.08477E+00 9.55976E-01 7.44242E-01 2.09340E+01
7.65642E-01 9.76225E-01 1.10548E+00 1.18245E+00 1.18399E+00 1.25294E+00 1.31044E+00 1.10446E+00 9.76225E-01 7.65642E-01 2.12245E+01
7.86529E-01 9.95992E-01 1.12469E+00 1.20165E+00 1.20331E+00 1.27303E+00 1.33098E+00 1.12368E+00 9.95992E-01 7.86529E-01 2.15031E+01
8.06920E-01 1.01529E+00 1.14345E+00 1.22040E+00 1.22217E+00 1.29265E+00 1.35104E+00 1.14244E+00 1.01529E+00 8.06920E-01 2.17703E+01
8.26833E-01 1.03414E+00 1.16177E+00 1.23871E+00 1.24058E+00 1.31181E+00 1.37063E+00 1.16077E+00 1.03414E+00 8.26833E-01 2.20265E+01
8.46283E-01 1.05255E+00 1.17966E+00 1.25659E+00 1.25857E+00 1.33053E+00 1.38977E+00 1.17867E+00 1.05255E+00 8.46283E-01 2.22724E+01
8.65285E-01 1.07054E+00 1.19715E+00 1.27406E+00 1.27615E+00 1.34881E+00 1.40847E+00 1.19617E+00 1.07054E+00 8.65285E-01 2.25085E+01
8.83855E-01 1.08813E+00 1.21424E+00 1.29114E+00 1.29333E+00 1.36669E+00 1.42676E+00 1.21327E+00 1.08813E+00 8.83855E-01 2.27350E+01
9.02006E-01 1.10531E+00 1.23095E+00 1.30783E+00 1.31012E+00 1.38416E+00 1.44463E+00 1.22998E+00 1.10531E+00 9.02006E-01 2.29526E+01
9.19752E-01 1.12211E+00 1.24728E+00 1.32415E+00 1.32653E+00 1.40124E+00 1.46211E+00 1.24632E+00 1.12211E+00 9.19752E-01 2.31617E+01
9.37105E-01 1.13854E+00 1.26325E+00 1.34011E+00 1.34258E+00 1.41795E+00 1.47920E+00 1.26230E+00 1.13854E+00 9.37105E-01 2.33625E+01
9.54079E-01 1.15461E+00 1.27888E+00 1.35571E+00 1.35828E+00 1.43429E+00 1.49592E+00 1.27794E+00 1.15461E+00 9.54079E-01 2.35554E+01
9.70684E-01 1.17034E+00 1.29416E+00 1.37098E+00 1.37363E+00 1.45028E+00 1.51228E+00 1.29323E+00 1.17034E+00 9.70684E-01 2.37409E+01
9.86932E-01 1.18572E+00 1.30912E+00 1.38591E+00 1.38866E+00 1.46592E+00 1.52829E+00 1.30819E+00 1.18572E+00 9.86932E-01 2.39192E+01
1.00284E+00 1.20078E+00 1.32375E+00 1.40053E+00 1.40336E+00 1.48123E+00 1.54397E+00 1.32283E+00 1.20078E+00 1.00284E+00 2.40907E+01
1.01840E+00 1.21551E+00 1.33808E+00 1.41483E+00 1.41775E+00 1.49622E+00 1.55931E+00 1.33717E+00 1.21551E+00 1.01840E+00 2.42556E+01
1.03365E+00 1.22994E+00 1.35210E+00 1.42884E+00 1.43184E+00 1.51089E+00 1.57434E+00 1.35120E+00 1.22994E+00 1.03365E+00 2.44142E+01
1.04857E+00 1.24407E+00 1.36584E+00 1.44255E+00 1.44563E+00 1.52526E+00 1.58905E+00 1.36494E+00 1.24407E+00 1.04857E+00 2.45667E+01
0.00000E+00 0.00000E+00 1.02229E-01 1.79845E-01 1.75213E-01 2.04587E-01 2.41135E-01 1.00762E-01 0.00000E+00 0.00000E+00 -3.43805E-01
0.00000E+00 0.00000E+00 1.36636E-01 2.14614E-01 2.10740E-01 2.44856E-01 2.83557E-01 1.35186E-01 0.00000E+00 0.00000E+00 7.70797E-01
0.00000E+00 2.59340E-02 1.71498E-01 2.49751E-01 2.46518E-01 2.84681E-01 3.25259E-01 1.70065E-01 2.59340E-02 0.00000E+00 1.83062E+00
0.00000E+00 6.32672E-02 2.06178E-01 2.84648E-01 2.81979E-01 3.23727E-01 3.65998E-01 2.04765E-01 6.32672E-02 0.00000E+00 2.83848E+00
0.00000E+00 9.97378E-02 2.40316E-01 3.18960E-01 3.16798E-01 3.61783E-01 4.05608E-01 2.38922E-01 9.97378E-02 0.00000E+00 3.80523E+00
0.00000E+00 1.35142E-01 2.73641E-01 3.52425E-01 3.50724E-01 3.98662E-01 4.43926E-01 2.72267E-01 1.35142E-01 0.00000E+00 4.72353E+00
0.00000E+00 1.69390E-01 3.06013E-01 3.84910E-01 3.83631E-01 4.34285E-01 4.80890E-01 3.04659E-01 1.69390E-01 0.00000E+00 5.59078E+00
0.00000E+00 2.02450E-01 3.37368E-01 4.16356E-01 4.15464E-01 4.68634E-01 5.16496E-01 3.36033E-01 2.02450E-01 0.00000E+00 6.40707E+00
1.34839E-02 2.34297E-01 3.67658E-01 4.46717E-01 4.46184E-01 5.01683E-01 5.50724E-01 3.66342E-01 2.34297E-01 1.34839E-02 7.14754E+00
4.71045E-02 2.64981E-01 3.96909E-01 4.76023E-01 4.75822E-01 5.33492E-01 5.83646E-01 3.95612E-01 2.64981E-01 4.71045E-02 7.80414E+00
7.94653E-02 2.94592E-01 4.25182E-01 5.04338E-01 5.04451E-01 5.64174E-01 6.15390E-01 4.23904E-01 2.94592E-01 7.94653E-02 8.42205E+00
1.10616E-01 3.23160E-01 4.52494E-01 5.31681E-01 5.32091E-01 5.93760E-01 6.45994E-01 4.51235E-01 3.23160E-01 1.10616E-01 9.00333E+00
1.40609E-01 3.50717E-01 4.78870E-01 5.58078E-01 5.58768E-01 6.22288E-01 6.75499E-01 4.77629E-01 3.50717E-01 1.40609E-01 9.55009E+00
1.69496E-01 3.77301E-01 5.04338E-01 5.83558E-01 5.84516E-01 6.49800E-01 7.03949E-01 5.03116E-01 3.77301E-01 1.69496E-01 1.00644E+01
1.97329E-01 4.02949E-01 5.28931E-01 6.08156E-01 6.09368E-01 6.76336E-01 7.31389E-01 5.27726E-01 4.02949E-01 1.97329E-01 1.05484E+01
2.24159E-01 4.27702E-01 5.52680E-01 6.31904E-01 6.33359E-01 7.01938E-01 7.57863E-01 5.51493E-01 4.27702E-01 2.24159E-01 1.10039E+01
2.50032E-01 4.51596E-01 5.75621E-01 6.54837E-01 6.56524E-01 7.26647E-01 7.83415E-01 5.74451E-01 4.51596E-01 2.50032E-01 1.14328E+01
2.74995E-01 4.74671E-01 5.97785E-01 6.76988E-01 6.78897E-01 7.50503E-01 8.08085E-01 5.96633E-01 4.74671E-01 2.74995E-01 1.18368E+01
2.99092E-01 4.96961E-01 6.19205E-01 6.98391E-01 7.00513E-01 7.73544E-01 8.31915E-01 6.18070E-01 4.96961E-01 2.99092E-01 1.22177E+01
3.22365E-01 5.18502E-01 6.39914E-01 7.19078E-01 7.21404E-01 7.95807E-01 8.54943E-01 6.38795E-01 5.18502E-01 3.22365E-01 1.25768E+01
3.44851E-01 5.39327E-01 6.59940E-01 7.39079E-01 7.41602E-01 8.17327E-01 8.77205E-01 6.58838E-01 5.39327E-01 3.44851E-01 1.29157E+01
3.66589E-01 5.59468E-01 6.79314E-01 7.58424E-01 7.61137E-01 8.38137E-01 8.98736E-01 6.78228E-01 5.59468E-01 3.66589E-01 1.32356E+01
3.87613E-01 5.78955E-01 6.98064E-01 7.77141E-01 7.80037E-01 8.58269E-01 9.19569E-01 6.96993E-01 5.78955E-01 3.87613E-01 1.35377E+01
4.07956E-01 5.97817E-01 7.16216E-01 7.95258E-01 7.98330E-01 8.77754E-01 9.39736E-01 7.15160E-01 5.97817E-01 4.07956E-01 1.38231E+01
4.27649E-01 6.16081E-01 7.33795E-01 8.12800E-01 8.16042E-01 8.96619E-01 9.59265E-01 7.32755E-01 6.16081E-01 4.27649E-01 1.40930E+01
4.46722E-01 6.33774E-01 7.50826E-01 8.29791E-01 8.33198E-01 9.14893E-01 9.78185E-01 7.49801E-01 6.33774E-01 4.46722E-01 1.43483E+01
4.65202E-01 6.50919E-01 7.67333E-01 8.46256E-01 8.49822E-01 9.32600E-01 9.96523E-01 7.66323E-01 6.50919E-01 4.65202E-01 1.45898E+01
4.83115E-01 6.67541E-01 7.83336E-01 8.62215E-01 8.65936E-01 9.49764E-01 1.01430E+00 7.82340E-01 6.67541E-01 4.83115E-01 1.48185E+01
5.00486E-01 6.83660E-01 7.98856E-01 8.77691E-01 8.81561E-01 9.66410E-01 1.03155E+00 7.97875E-01 6.83660E-01 5.00486E-01 1.50350E+01
5.17338E-01 6.99299E-01 8.13915E-01 8.92702E-01 8.96717E-01 9.82558E-01 1.04829E+00 8.12948E-01 6.99299E-01 5.17338E-01 1.52402E+01
5.33693E-01 7.14476E-01 8.28529E-01 9.07268E-01 9.11424E-01 9.98229E-01 1.06453E+00 8.27576E-01 7.14476E-01 5.33693E-01 1.54346E+01
5.49572E-01 7.29212E-01 8.42718E-01 9.21407E-01 9.25700E-01 1.01344E+00 1.08031E+00 8.41779E-01 7.29212E-01 5.49572E-01 1.56190E+01
5.64994E-01 7.43523E-01 8.56497E-01 9.35136E-01 9.39561E-01 1.02822E+00 1.09563E+00 8.55572E-01 7.43523E-01 5.64994E-01 1.57938E+01
5.79978E-01 7.57426E-01 8.69884E-01 9.48470E-01 9.53025E-01 1.04257E+00 1.11052E+00 8.68972E-01 7.57426E-01 5.79978E-01 1.59597E+01
5.94542E-01 7.70938E-01 8.82893E-01 9.61427E-01 9.66107E-01 1.05652E+00 1.12500E+00 8.81994E-01 7.70938E-01 5.94542E-01 1.61170E+01
6.08702E-01 7.84073E-01 8.95539E-01 9.74019E-01 9.78822E-01 1.07008E+00 1.13907E+00 8.94653E-01 7.84073E-01 6.08702E-01 1.62664E+01
6.22474E-01 7.96847E-01 9.07836E-01 9.86261E-01 9.91183E-01 1.08327E+00 1.15276E+00 9.06962E-01 7.96847E-01 6.22474E-01 1.64082E+01
6.35873E-01 8.09273E-01 9.19797E-01 9.98166E-01 1.00321E+00 1.09610E+00 1.16609E+00 9.18936E-01 8.09273E-01 6.35873E-01 1.65428E+01
6.48913E-01 8.21363E-01 9.31434E-01 1.00975E+00 1.01490E+00 1.10858E+00 1.17905E+00 9.30585E-01 8.21363E-01 6.48913E-01 1.66707E+01
6.61608E-01 8.33131E-01 9.42759E-01 1.02102E+00 1.02628E+00 1.12072E+00 1.19168E+00 9.41923E-01 8.33131E-01 6.61608E-01 1.67921E+01
6.73970E-01 8.44589E-01 9.53784E-01 1.03198E+00 1.03736E+00 1.13255E+00 1.20397E+00 9.52960E-01 8.44589E-01 6.73970E-01 1.69075E+01
6.86012E-01 8.55747E-01 9.64520E-01 1.04266E+00 1.04814E+00 1.14407E+00 1.21595E+00 9.63708E-01 8.55747E-01 6.86012E-01 1.70171E+01
6.97746E-01 8.66617E-01 9.74977E-01 1.05306E+00 1.05864E+00 1.15529E+00 1.22762E+00 9.74176E-01 8.66617E-01 6.97746E-01 1.71212E+01
7.09182E-01 8.77208E-01 9.85164E-01 1.06319E+00 1.06887E+00 1.16622E+00 1.23900E+00 9.84375E-01 8.77208E-01 7.09182E-01 1.72202E+01
7.20332E-01 8.87530E-01 9.95092E-01 1.07306E+00 1.07884E+00 1.17688E+00 1.25009E+00 9.94314E-01 8.87530E-01 7.20332E-01 1.73142E+01
7.31204E-01 8.97594E-01 1.00477E+00 1.08268E+00 1.08855E+00 1.18727E+00 1.26091E+00 1.00400E+00 8.97594E-01 7.31204E-01 1.74035E+01
7.41809E-01 9.07406E-01 1.01420E+00 1.09205E+00 1.09802E+00 1.19739E+00 1.27146E+00 1.01345E+00 9.07406E-01 7.41809E-01 1.74883E+01
7.52156E-01 9.16977E-01 1.02340E+00 1.10119E+00 1.10725E+00 1.20727E+00 1.28175E+00 1.02266E+00 9.16977E-01 7.52156E-01 1.75689E+01
7.62254E-01 9.26315E-01 1.03238E+00 1.11010E+00 1.11626E+00 1.21691E+00 1.29180E+00 1.03164E+00 9.26315E-01 7.62254E-01 1.76455E+01
7.72110E-01 9.35426E-01 1.04113E+00 1.11880E+00 1.12504E+00 1.22632E+00 1.30160E+00 1.04041E+00 9.35426E-01 7.72110E-01 1.77182E+01
0.00000E+00 0.00000E+00 8.61865E-02 1.67862E-01 1.65470E-01 2.10334E-01 2.52669E-01 8.45519E-02 0.00000E+00 0.00000E+00 7.75026E-02
0.00000E+00 0.00000E+00 1.19005E-01 2.00915E-01 1.99491E-01 2.50271E-01 2.95282E-01 1.17415E-01 0.00000E+00 0.00000E+00 1.13094E+00
0.00000E+00 2.34427E-02 1.50724E-01 2.32780E-01 2.32163E-01 2.87931E-01 3.35274E-01 1.49177E-01 2.34427E-02 0.00000E+00 2.07434E+00
0.00000E+00 5.63075E-02 1.81211E-01 2.63356E-01 2.63439E-01 3.23578E-01 3.73023E-01 1.79707E-01 5.63075E-02 0.00000E+00 2.93197E+00
0.00000E+00 8.75942E-02 2.10405E-01 2.92597E-01 2.93303E-01 3.57355E-01 4.08727E-01 2.08941E-01 8.75942E-02 0.00000E+00 3.72556E+00
0.00000E+00 1.17318E-01 2.38261E-01 3.20469E-01 3.21734E-01 3.89327E-01 4.42479E-01 2.36836E-01 1.17318E-01 0.00000E+00 4.45661E+00
0.00000E+00 1.45539E-01 2.64797E-01 3.46997E-01 3.48770E-01 4.19594E-01 4.74404E-01 2.63410E-01 1.45539E-01 0.00000E+00 5.12872E+00
0.00000E+00 1.72338E-01 2.90061E-01 3.72234E-01 3.74471E-01 4.48267E-01 5.04628E-01 2.88711E-01 1.72338E-01 0.00000E+00 5.74631E+00
1.09334E-02 1.97795E-01 3.14117E-01 3.96247E-01 3.98907E-01 4.75437E-01 5.33249E-01 3.12801E-01 1.97795E-01 1.09334E-02 6.29234E+00
3.79533E-02 2.22018E-01 3.37049E-01 4.19122E-01 4.22173E-01 5.01232E-01 5.60411E-01 3.35767E-01 2.22018E-01 3.79533E-02 6.76326E+00
6.36494E-02 2.45097E-01 3.58922E-01 4.40929E-01 4.44344E-01 5.25783E-01 5.86263E-01 3.57673E-01 2.45097E-01 6.36494E-02 7.19800E+00
8.81094E-02 2.67101E-01 3.79794E-01 4.61725E-01 4.65483E-01 5.49166E-01 6.10891E-01 3.78577E-01 2.67101E-01 8.81094E-02 7.59953E+00
1.11415E-01 2.88093E-01 3.99721E-01 4.81568E-01 4.85649E-01 5.71454E-01 6.34370E-01 3.98534E-01 2.88093E-01 1.11415E-01 7.97063E+00
1.33643E-01 3.08135E-01 4.18755E-01 5.00513E-01 5.04899E-01 5.92716E-01 6.56776E-01 4.17599E-01 3.08135E-01 1.33643E-01 8.31387E+00
1.54862E-01 3.27282E-01 4.36949E-01 5.18612E-01 5.23287E-01 6.13015E-01 6.78175E-01 4.35822E-01 3.27282E-01 1.54862E-01 8.63157E+00
1.75136E-01 3.45590E-01 4.54350E-01 5.35914E-01 5.40863E-01 6.32412E-01 6.98630E-01 4.53252E-01 3.45590E-01 1.75136E-01 8.92586E+00
1.94526E-01 3.63107E-01 4.71005E-01 5.52466E-01 5.57674E-01 6.50961E-01 7.18199E-01 4.69935E-01 3.63107E-01 1.94526E-01 9.19866E+00
2.13086E-01 3.79880E-01 4.86955E-01 5.68310E-01 5.73766E-01 6.68713E-01 7.36936E-01 4.85912E-01 3.79880E-01 2.13086E-01 9.45174E+00
2.30865E-01 3.95952E-01 5.02241E-01 5.83487E-01 5.89179E-01 6.85715E-01 7.54891E-01 5.01224E-01 3.95952E-01 2.30865E-01 9.68668E+00
2.47911E-01 4.11363E-01 5.16899E-01 5.98034E-01 6.03951E-01 7.02011E-01 7.72108E-01 5.15909E-01 4.11363E-01 2.47911E-01 9.90492E+00
2.64266E-01 4.26151E-01 5.30964E-01 6.11986E-01 6.18119E-01 7.17642E-01 7.88631E-01 5.29999E-01 4.26151E-01 2.64266E-01 1.01078E+01
2.79970E-01 4.40350E-01 5.44469E-01 6.25376E-01 6.31716E-01 7.32644E-01 8.04499E-01 5.43529E-01 4.40350E-01 2.79970E-01 1.02964E+01
2.95060E-01 4.53993E-01 5.57443E-01 6.38234E-01 6.44773E-01 7.47054E-01 8.19748E-01 5.56527E-01 4.53993E-01 2.95060E-01 1.04720E+01
3.09569E-01 4.67108E-01 5.69915E-01 6.50588E-01 6.57318E-01 7.60902E-01 8.34412E-01 5.69022E-01 4.67108E-01 3.09569E-01 1.06354E+01
3.23528E-01 4.79725E-01 5.81910E-01 6.62466E-01 6.69379E-01 7.74220E-01 8.48522E-01 5.81041E-01 4.79725E-01 3.23528E-01 1.07876E+01
3.36969E-01 4.91868E-01 5.93455E-01 6.73891E-01 6.80980E-01 7.87035E-01 8.62108E-01 5.92608E-01 4.91868E-01 3.36969E-01 1.09294E+01
3.49916E-01 5.03563E-01 6.04570E-01 6.84888E-01 6.92146E-01 7.99373E-01 8.75197E-01 6.03745E-01 5.03563E-01 3.49916E-01 1.10615E+01
3.62397E-01 5.14832E-01 6.15278E-01 6.95476E-01 7.02898E-01 8.11259E-01 8.87813E-01 6.14475E-01 5.14832E-01 3.62397E-01 1.11847E+01
3.74433E-01 5.25696E-01 6.25599E-01 7.05677E-01 7.13257E-01 8.22715E-01 8.99982E-01 6.24817E-01 5.25696E-01 3.74433E-01 1.12995E+01
3.86049E-01 5.36175E-01 6.35551E-01 7.15509E-01 7.23242E-01 8.33763E-01 9.11724E-01 6.34790E-01 5.36175E-01 3.86049E-01 1.14066E+01
3.97263E-01 5.46287E-01 6.45153E-01 7.24990E-01 7.32871E-01 8.44422E-01 9.23061E-01 6.44412E-01 5.46287E-01 3.97263E-01 1.15064E+01
4.08096E-01 5.56051E-01 6.54420E-01 7.34137E-01 7.42160E-01 8.54711E-01 9.34012E-01 6.53699E-01 5.56051E-01 4.08096E-01 1.15994E+01
4.18565E-01 5.65482E-01 6.63368E-01 7.42965E-01 7.51127E-01 8.64647E-01 9.44594E-01 6.62667E-01 5.65482E-01 4.18565E-01 1.16862E+01
4.28687E-01 5.74595E-01 6.72012E-01 7.51489E-01 7.59784E-01 8.74247E-01 9.54826E-01 6.71330E-01 5.74595E-01 4.28687E-01 1.17670E+01
4.38479E-01 5.83405E-01 6.80365E-01 7.59723E-01 7.68148E-01 8.83526E-01 9.64722E-01 6.79702E-01 5.83405E-01 4.38479E-01 1.18423E+01
4.47955E-01 5.91926E-01 6.88441E-01 7.67679E-01 7.76230E-01 8.92498E-01 9.74299E-01 6.87797E-01 5.91926E-01 4.47955E-01 1.19125E+01
4.57129E-01 6.00170E-01 6.96252E-01 7.75370E-01 7.84044E-01 9.01177E-01 9.83569E-01 6.95626E-01 6.00170E-01 4.57129E-01 1.19779E+01
4.66015E-01 6.08149E-01 7.03809E-01 7.82808E-01 7.91600E-01 9.09577E-01 9.92547E-01 7.03200E-01 6.08149E-01 4.66015E-01 1.20387E+01
4.74624E-01 6.15875E-01 7.11123E-01 7.90004E-01 7.98911E-01 9.17708E-01 1.00125E+00 7.10531E-01 6.15875E-01 4.74624E-01 1.20953E+01
4.82969E-01 6.23359E-01 7.18204E-01 7.96966E-01 8.05985E-01 9.25582E-01 1.00967E+00 7.17630E-01 6.23359E-01 4.82969E-01 1.21478E+01
4.91061E-01 6.30610E-01 7.25061E-01 8.03707E-01 8.12834E-01 9.33211E-01 1.01785E+00 7.24504E-01 6.30610E-01 4.91061E-01 1.21966E+01
4.98911E-01 6.37638E-01 7.31705E-01 8.10233E-01 8.19467E-01 9.40604E-01 1.02577E+00 7.31165E-01 6.37638E-01 4.98911E-01 1.22419E+01
5.06527E-01 6.44452E-01 7.38144E-01 8.16555E-01 8.25892E-01 9.47771E-01 1.03346E+00 7.37620E-01 6.44452E-01 5.06527E-01 1.22839E+01
5.13920E-01 6.51061E-01 7.44386E-01 8.22681E-01 8.32118E-01 9.54720E-01 1.04093E+00 7.43877E-01 6.51061E-01 5.13920E-01 1.23227E+01
5.21098E-01 6.57473E-01 7.50438E-01 8.28618E-01 8.38153E-01 9.61462E-01 1.04817E+00 7.49946E-01 6.57473E-01 5.21098E-01 1.23586E+01
5.28070E-01 6.63695E-01 7.56309E-01 8.34373E-01 8.44004E-01 9.68003E-01 1.05521E+00 7.55832E-01 6.63695E-01 5.28070E-01 1.23917E+01
5.34844E-01 6.69735E-01 7.62004E-01 8.39954E-01 8.49678E-01 9.74352E-01 1.06204E+00 7.61543E-01 6.69735E-01 5.34844E-01 1.24222E+01
5.41427E-01 6.75601E-01 7.67532E-01 8.45368E-01 8.55182E-01 9.80515E-01 1.06868E+00 7.67085E-01 6.75601E-01 5.41427E-01 1.24503E+01
5.47827E-01 6.81297E-01 7.72898E-01 8.50620E-01 8.60523E-01 9.86501E-01 1.07514E+00 7.72466E-01 6.81297E-01 5.47827E-01 1.24759E+01
5.54050E-01 6.86832E-01 7.78108E-01 8.55718E-01 8.65706E-01 9.92315E-01 1.08141E+00 7.77691E-01 6.86832E-01 5.54050E-01 1.24994E+01
0.00000E+00 0.00000E+00 7.31767E-02 1.59625E-01 1.60802E-01 2.27915E-01 2.76812E-01 7.13899E-02 0.00000E+00 0.00000E+00 5.88789E-01
0.00000E+00 0.00000E+00 1.03638E-01 1.90017E-01 1.92358E-01 2.66543E-01 3.18914E-01 1.01944E-01 0.00000E+00 0.00000E+00 1.53195E+00
0.00000E+00 2.06860E-02 1.31732E-01 2.17978E-01 2.21272E-01 3.01335E-01 3.56719E-01 1.30123E-01 2.06860E-02 0.00000E+00 2.32645E+00
0.00000E+00 4.88947E-02 1.57787E-01 2.43860E-01 2.47970E-01 3.33122E-01 3.91207E-01 1.56258E-01 4.88947E-02 0.00000E+00 3.01520E+00
0.00000E+00 7.50195E-02 1.82015E-01 2.67888E-01 2.72712E-01 3.62373E-01 4.22924E-01 1.80559E-01 7.50195E-02 0.00000E+00 3.62859E+00
0.00000E+00 9.92671E-02 2.04567E-01 2.90222E-01 2.95680E-01 3.89383E-01 4.52203E-01 2.03181E-01 9.92671E-02 0.00000E+00 4.17508E+00
0.00000E+00 1.21827E-01 2.25596E-01 3.11020E-01 3.17047E-01 4.14407E-01 4.79329E-01 2.24275E-01 1.21827E-01 0.00000E+00 4.66270E+00
0.00000E+00 1.42867E-01 2.45241E-01 3.30426E-01 3.36966E-01 4.37662E-01 5.04543E-01 2.43981E-01 1.42867E-01 0.00000E+00 5.09868E+00
8.62346E-03 1.62543E-01 2.63643E-01 3.48584E-01 3.55589E-01 4.59327E-01 5.28033E-01 2.62441E-01 1.62543E-01 8.62346E-03 5.47216E+00
2.97329E-02 1.81003E-01 2.80928E-01 3.65622E-01 3.73050E-01 4.79583E-01 5.49998E-01 2.79782E-01 1.81003E-01 2.97329E-02 5.78258E+00
4.95495E-02 1.98346E-01 2.97173E-01 3.81616E-01 3.89437E-01 4.98579E-01 5.70618E-01 2.96080E-01 1.98346E-01 4.95495E-02 6.06238E+00
6.81865E-02 2.14666E-01 3.12462E-01 3.96652E-01 4.04838E-01 5.16424E-01 5.90009E-01 3.11419E-01 2.14666E-01 6.81865E-02 6.31489E+00
8.57444E-02 2.30045E-01 3.26869E-01 4.10806E-01 4.19332E-01 5.33215E-01 6.08276E-01 3.25875E-01 2.30045E-01 8.57444E-02 6.54301E+00
1.02312E-01 2.44558E-01 3.40464E-01 4.24146E-01 4.32992E-01 5.49039E-01 6.25510E-01 3.39516E-01 2.44558E-01 1.02312E-01 6.74932E+00
1.17970E-01 2.58272E-01 3.53307E-01 4.36735E-01 4.45881E-01 5.63973E-01 6.41796E-01 3.52405E-01 2.58272E-01 1.17970E-01 6.93607E+00
1.32788E-01 2.71247E-01 3.65455E-01 4.48630E-01 4.58058E-01 5.78085E-01 6.57205E-01 3.64597E-01 2.71247E-01 1.32788E-01 7.10525E+00
1.46830E-01 2.83539E-01 3.76959E-01 4.59882E-01 4.69575E-01 5.91439E-01 6.71805E-01 3.76143E-01 2.83539E-01 1.46830E-01 7.25860E+00
1.60154E-01 2.95195E-01 3.87864E-01 4.70536E-01 4.80480E-01 6.04090E-01 6.85655E-01 3.87088E-01 2.95195E-01 1.60154E-01 7.39768E+00
1.72812E-01 3.06262E-01 3.98211E-01 4.80634E-01 4.90817E-01 6.16088E-01 6.98808E-01 3.97475E-01 3.06262E-01 1.72812E-01 7.52386E+00
1.84851E-01 3.16779E-01 4.08040E-01 4.90216E-01 5.00623E-01 6.27480E-01 7.11314E-01 4.07341E-01 3.16779E-01 1.84851E-01 7.63836E+00
1.96312E-01 3.26784E-01 4.17383E-01 4.99315E-01 5.09936E-01 6.38307E-01 7.23217E-01 4.16722E-01 3.26784E-01 1.96312E-01 7.74226E+00
2.07235E-01 3.36310E-01 4.26274E-01 5.07963E-01 5.18788E-01 6.48607E-01 7.34557E-01 4.25649E-01 3.36310E-01 2.07235E-01 7.83653E+00
2.17654E-01 3.45388E-01 4.34742E-01 5.16189E-01 5.27209E-01 6.58414E-01 7.45371E-01 4.34151E-01 3.45388E-01 2.17654E-01 7.92204E+00
2.27603E-01 3.54047E-01 4.42812E-01 5.24021E-01 5.35226E-01 6.67760E-01 7.55691E-01 4.42254E-01 3.54047E-01 2.27603E-01 7.99955E+00
2.37110E-01 3.62312E-01 4.50509E-01 5.31482E-01 5.42864E-01 6.76674E-01 7.65550E-01 4.49984E-01 3.62312E-01 2.37110E-01 8.06977E+00
2.46202E-01 3.70208E-01 4.57855E-01 5.38595E-01 5.50146E-01 6.85182E-01 7.74974E-01 4.57363E-01 3.70208E-01 2.46202E-01 8.13331E+00
2.54905E-01 3.77756E-01 4.64873E-01 5.45381E-01 5.57094E-01 6.93310E-01 7.83991E-01 4.64411E-01 3.77756E-01 2.54905E-01 8.19074E+00
2.63240E-01 3.84977E-01 4.71580E-01 5.51859E-01 5.63727E-01 7.01078E-01 7.92623E-01 4.71148E-01 3.84977E-01 2.63240E-01 8.24256E+00
2.71231E-01 3.91888E-01 4.77994E-01 5.58047E-01 5.70064E-01 7.08508E-01 8.00893E-01 4.77592E-01 3.91888E-01 2.71231E-01 8.28924E+00
2.78894E-01 3.98509E-01 4.84132E-01 5.63961E-01 5.76120E-01 7.15620E-01 8.08822E-01 4.83758E-01 3.98509E-01 2.78894E-01 8.33118E+00
2.86250E-01 4.04854E-01 4.90008E-01 5.69617E-01 5.81913E-01 7.22431E-01 8.16427E-01 4.89663E-01 4.04854E-01 2.86250E-01 8.36878E+00
2.93315E-01 4.10939E-01 4.95638E-01 5.75027E-01 5.87455E-01 7.28957E-01 8.23728E-01 4.95320E-01 4.10939E-01 2.93315E-01 8.40236E+00
3.00104E-01 4.16778E-01 5.01035E-01 5.80207E-01 5.92762E-01 7.35214E-01 8.30739E-01 5.00743E-01 4.16778E-01 3.00104E-01 8.43224E+00
3.06631E-01 4.22382E-01 5.06209E-01 5.85167E-01 5.97844E-01 7.41215E-01 8.37476E-01 5.05943E-01 4.22382E-01 3.06631E-01 8.45872E+00
3.12911E-01 4.27766E-01 5.11174E-01 5.89920E-01 6.02714E-01 7.46975E-01 8.43953E-01 5.10933E-01 4.27766E-01 3.12911E-01 8.48203E+00
3.18955E-01 4.32939E-01 5.15939E-01 5.94475E-01 6.07383E-01 7.52506E-01 8.50183E-01 5.15723E-01 4.32939E-01 3.18955E-01 8.50243E+00
3.24776E-01 4.37912E-01 5.20515E-01 5.98843E-01 6.11861E-01 7.57819E-01 8.56178E-01 5.20323E-01 4.37912E-01 3.24776E-01 8.52014E+00
3.30384E-01 4.42696E-01 5.24911E-01 6.03034E-01 6.16157E-01 7.62924E-01 8.61951E-01 5.24742E-01 4.42696E-01 3.30384E-01 8.53534E+00
3.35790E-01 4.47298E-01 5.29135E-01 6.07055E-01 6.20280E-01 7.67833E-01 8.67511E-01 5.28990E-01 4.47298E-01 3.35790E-01 8.54822E+00
3.41003E-01 4.51729E-01 5.33196E-01 6.10915E-01 6.24239E-01 7.72554E-01 8.72869E-01 5.33073E-01 4.51729E-01 3.41003E-01 8.55896E+00
3.46033E-01 4.55995E-01 5.37102E-01 6.14622E-01 6.28041E-01 7.77096E-01 8.78034E-01 5.37001E-01 4.55995E-01 3.46033E-01 8.56770E+00
3.50887E-01 4.60105E-01 5.40859E-01 6.18183E-01 6.31695E-01 7.81468E-01 8.83016E-01 5.40780E-01 4.60105E-01 3.50887E-01 8.57459E+00
3.55575E-01 4.64066E-01 5.44476E-01 6.21604E-01 6.35205E-01 7.85678E-01 8.87821E-01 5.44418E-01 4.64066E-01 3.55575E-01 8.57976E+00
3.60102E-01 4.67884E-01 5.47956E-01 6.24892E-01 6.38580E-01 7.89732E-01 8.92459E-01 5.47919E-01 4.67884E-01 3.60102E-01 8.58333E+00
3.64477E-01 4.71566E-01 5.51308E-01 6.28054E-01 6.41825E-01 7.93639E-01 8.96936E-01 5.51292E-01 4.71566E-01 3.64477E-01 8.58541E+00
3.68705E-01 4.75118E-01 5.54537E-01 6.31094E-01 6.44946E-01 7.97403E-01 9.01260E-01 5.54540E-01 4.75118E-01 3.68705E-01 8.58611E+00
3.72794E-01 4.78545E-01 5.57648E-01 6.34018E-01 6.47949E-01 8.01032E-01 9.05437E-01 5.57670E-01 4.78545E-01 3.72794E-01 8.58553E+00
3.76750E-01 4.81853E-01 5.60646E-01 6.36831E-01 6.50839E-01 8.04531E-01 9.09474E-01 5.60687E-01 4.81853E-01 3.76750E-01 8.58374E+00
3.80577E-01 4.85046E-01 5.63535E-01 6.39538E-01 6.53619E-01 8.07906E-01 9.13376E-01 5.63596E-01 4.85046E-01 3.80577E-01 8.58084E+00
3.84281E-01 4.88130E-01 5.66322E-01 6.42143E-01 6.56296E-01 8.11162E-01 9.17148E-01 5.66400E-01 4.88130E-01 3.84281E-01 8.57690E+00
0.00000E+00 0.00000E+00 6.78269E-02 1.56831E-01 1.60425E-01 2.41744E-01 2.94490E-01 6.59922E-02 0.00000E+00 0.00000E+00 8.64354E-01
0.00000E+00 0.00000E+00 9.67146E-02 1.85398E-01 1.90229E-01 2.79117E-01 3.35886E-01 9.50090E-02 0.00000E+00 0.00000E+00 1.73100E+00
0.00000E+00 1.91637E-02 1.22747E-01 2.11074E-01 2.16908E-01 3.12039E-01 3.72277E-01 1.21156E-01 1.91637E-02 0.00000E+00 2.43829E+00
0.00000E+00 4.49299E-02 1.46455E-01 2.34404E-01 2.41089E-01 3.41589E-01 4.04924E-01 1.44968E-01 4.49299E-02 0.00000E+00 3.03617E+00
0.00000E+00 6.84547E-02 1.68165E-01 2.55726E-01 2.63150E-01 3.68378E-01 4.34529E-01 1.66774E-01 6.84547E-02 0.00000E+00 3.55784E+00
0.00000E+00 9.00241E-02 1.88112E-01 2.75280E-01 2.83354E-01 3.92797E-01 4.61531E-01 1.86811E-01 9.00241E-02 0.00000E+00 4.01421E+00
0.00000E+00 1.09878E-01 2.06500E-01 2.93276E-01 3.01928E-01 4.15165E-01 4.86283E-01 2.05283E-01 1.09878E-01 0.00000E+00 4.41466E+00
0.00000E+00 1.28219E-01 2.23505E-01 3.09888E-01 3.19061E-01 4.35741E-01 5.09075E-01 2.22365E-01 1.28219E-01 0.00000E+00 4.76715E+00
7.55085E-03 1.45227E-01 2.39292E-01 3.25289E-01 3.34928E-01 4.54734E-01 5.30125E-01 2.38225E-01 1.45227E-01 7.55085E-03 5.06320E+00
2.59432E-02 1.61063E-01 2.54002E-01 3.39618E-01 3.49680E-01 4.72343E-01 5.49653E-01 2.53004E-01 1.61063E-01 2.59432E-02 5.30319E+00
4.30925E-02 1.75829E-01 2.67716E-01 3.52953E-01 3.63404E-01 4.88725E-01 5.67853E-01 2.66783E-01 1.75829E-01 4.30925E-02 5.51627E+00
5.91191E-02 1.89626E-01 2.80524E-01 3.65387E-01 3.76198E-01 5.03998E-01 5.84853E-01 2.79653E-01 1.89626E-01 5.91191E-02 5.70568E+00
7.41280E-02 2.02542E-01 2.92507E-01 3.77000E-01 3.88145E-01 5.18266E-01 6.00765E-01 2.91696E-01 2.02542E-01 7.41280E-02 5.87421E+00
8.82113E-02 2.14653E-01 3.03738E-01 3.87865E-01 3.99321E-01 5.31620E-01 6.15687E-01 3.02984E-01 2.14653E-01 8.82113E-02 6.02429E+00
1.01450E-01 2.26028E-01 3.14278E-01 3.98045E-01 4.09791E-01 5.44140E-01 6.29706E-01 3.13579E-01 2.26028E-01 1.01450E-01 6.15800E+00
1.13915E-01 2.36729E-01 3.24186E-01 4.07597E-01 4.19615E-01 5.55898E-01 6.42898E-01 3.23538E-01 2.36729E-01 1.13915E-01 6.27717E+00
1.25671E-01 2.46810E-01 3.33510E-01 4.16572E-01 4.28844E-01 5.66956E-01 6.55331E-01 3.32914E-01 2.46810E-01 1.25671E-01 6.38337E+00
1.36773E-01 2.56319E-01 3.42298E-01 4.25015E-01 4.37526E-01 5.77369E-01 6.67064E-01 3.41750E-01 2.56319E-01 1.36773E-01 6.47800E+00
1.47273E-01 2.65301E-01 3.50589E-01 4.32966E-01 4.45703E-01 5.87190E-01 6.78154E-01 3.50088E-01 2.65301E-01 1.47273E-01 6.56225E+00
1.57217E-01 2.73794E-01 3.58421E-01 4.40463E-01 4.53413E-01 5.96461E-01 6.88647E-01 3.57964E-01 2.73794E-01 1.57217E-01 6.63720E+00
1.66644E-01 2.81834E-01 3.65827E-01 4.47539E-01 4.60690E-01 6.05225E-01 6.98588E-01 3.65413E-01 2.81834E-01 1.66644E-01 6.70379E+00
1.75592E-01 2.89453E-01 3.72836E-01 4.54224E-01 4.67565E-01 6.13518E-01 7.08015E-01 3.72464E-01 2.89453E-01 1.75592E-01 6.76285E+00
1.84094E-01 2.96680E-01 3.79476E-01 4.60545E-01 4.74067E-01 6.21372E-01 7.16966E-01 3.79145E-01 2.96680E-01 1.84094E-01 6.81510E+00
1.92181E-01 3.03543E-01 3.85773E-01 4.66527E-01 4.80220E-01 6.28818E-01 7.25472E-01 3.85481E-01 3.03543E-01 1.92181E-01 6.86121E+00
1.99880E-01 3.10064E-01 3.91749E-01 4.72193E-01 4.86048E-01 6.35884E-01 7.33563E-01 3.91494E-01 3.10064E-01 1.99880E-01 6.90175E+00
2.07217E-01 3.16267E-01 3.97424E-01 4.77563E-01 4.91573E-01 6.42594E-01 7.41265E-01 3.97206E-01 3.16267E-01 2.07217E-01 6.93725E+00
2.14215E-01 3.22170E-01 4.02818E-01 4.82656E-01 4.96814E-01 6.48972E-01 7.48604E-01 4.02636E-01 3.22170E-01 2.14215E-01 6.96816E+00
2.20895E-01 3.27794E-01 4.07949E-01 4.87491E-01 5.01789E-01 6.55038E-01 7.55602E-01 4.07801E-01 3.27794E-01 2.20895E-01 6.99490E+00
2.27275E-01 3.33155E-01 4.12831E-01 4.92082E-01 5.06514E-01 6.60812E-01 7.62280E-01 4.12718E-01 3.33155E-01 2.27275E-01 7.01785E+00
2.33375E-01 3.38269E-01 4.17482E-01 4.96445E-01 5.11005E-01 6.66311E-01 7.68657E-01 4.17400E-01 3.38269E-01 2.33375E-01 7.03734E+00
2.39211E-01 3.43151E-01 4.21913E-01 5.00593E-01 5.15276E-01 6.71551E-01 7.74751E-01 4.21863E-01 3.43151E-01 2.39211E-01 7.05367E+00
2.44797E-01 3.47813E-01 4.26138E-01 5.04539E-01 5.19339E-01 6.76548E-01 7.80577E-01 4.26119E-01 3.47813E-01 2.44797E-01 7.06712E+00
2.50149E-01 3.52268E-01 4.30168E-01 5.08294E-01 5.23207E-01 6.81316E-01 7.86152E-01 4.30179E-01 3.52268E-01 2.50149E-01 7.07793E+00
2.55278E-01 3.56528E-01 4.34015E-01 5.11870E-01 5.26890E-01 6.85867E-01 7.91488E-01 4.34055E-01 3.56528E-01 2.55278E-01 7.08633E+00
2.60197E-01 3.60603E-01 4.37688E-01 5.15275E-01 5.30398E-01 6.90214E-01 7.96599E-01 4.37756E-01 3.60603E-01 2.60197E-01 7.09252E+00
2.64918E-01 3.64504E-01 4.41197E-01 5.18521E-01 5.33743E-01 6.94367E-01 8.01497E-01 4.41293E-01 3.64504E-01 2.64918E-01 7.09669E+00
2.69450E-01 3.68239E-01 4.44550E-01 5.21614E-01 5.36931E-01 6.98337E-01 8.06193E-01 4.44673E-01 3.68239E-01 2.69450E-01 7.09899E+00
2.73804E-01 3.71818E-01 4.47756E-01 5.24564E-01 5.39972E-01 7.02134E-01 8.10697E-01 4.47905E-01 3.71818E-01 2.73804E-01 7.09960E+00
2.77988E-01 3.75248E-01 4.50822E-01 5.27377E-01 5.42873E-01 7.05767E-01 8.15020E-01 4.50997E-01 3.75248E-01 2.77988E-01 7.09864E+00
2.82011E-01 3.78537E-01 4.53756E-01 5.30061E-01 5.45641E-01 7.09243E-01 8.19170E-01 4.53956E-01 3.78537E-01 2.82011E-01 7.09625E+00
2.85881E-01 3.81691E-01 4.56564E-01 5.32623E-01 5.48284E-01 7.12571E-01 8.23155E-01 4.56788E-01 3.81691E-01 2.85881E-01 7.09254E+00
2.89606E-01 3.84718E-01 4.59252E-01 5.35068E-01 5.50807E-01 7.15758E-01 8.26985E-01 4.59500E-01 3.84718E-01 2.89606E-01 7.08761E+00
2.93192E-01 3.87623E-01 4.61827E-01 5.37402E-01 5.53217E-01 7.18811E-01 8.30665E-01 4.62098E-01 3.87623E-01 2.93192E-01 7.08158E+00
2.96646E-01 3.90413E-01 4.64292E-01 5.39631E-01 5.55518E-01 7.21737E-01 8.34204E-01 4.64586E-01 3.90413E-01 2.96646E-01 7.07451E+00
2.99974E-01 3.93093E-01 4.66655E-01 5.41760E-01 5.57717E-01 7.24541E-01 8.37608E-01 4.66971E-01 3.93093E-01 2.99974E-01 7.06651E+00
3.03182E-01 3.95668E-01 4.68919E-01 5.43793E-01 5.59818E-01 7.27229E-01 8.40882E-01 4.69257E-01 3.95668E-01 3.03182E-01 7.05764E+00
3.06275E-01 3.98142E-01 4.71090E-01 5.45735E-01 5.61825E-01 7.29807E-01 8.44034E-01 4.71449E-01 3.98142E-01 3.06275E-01 7.04798E+00
3.09258E-01 4.00521E-01 4.73170E-01 5.47591E-01 5.63743E-01 7.32280E-01 8.47067E-01 4.73550E-01 4.00521E-01 3.09258E-01 7.03758E+00
3.12137E-01 4.02808E-01 4.75166E-01 5.49363E-01 5.65577E-01 7.34651E-01 8.49989E-01 4.75566E-01 4.02808E-01 3.12137E-01 7.02652E+00
3.14915E-01 4.05008E-01 4.77079E-01 5.51057E-01 5.67329E-01 7.36927E-01 8.52802E-01 4.77500E-01 4.05008E-01 3.14915E-01 7.01483E+00
0.00000E+00 0.00000E+00 6.32542E-02 1.54778E-01 1.61276E-01 2.59093E-01 3.16384E-01 6.14173E-02 0.00000E+00 0.00000E+00 1.13851E+00
0.00000E+00 0.00000E+00 9.02507E-02 1.81114E-01 1.88893E-01 2.94670E-01 3.56653E-01 8.85876E-02 0.00000E+00 0.00000E+00 1.91429E+00
0.00000E+00 1.75294E-02 1.14029E-01 2.04242E-01 2.13045E-01 3.25331E-01 3.91333E-01 1.12517E-01 1.75294E-02 0.00000E+00 2.52686E+00
0.00000E+00 4.07669E-02 1.35292E-01 2.24864E-01 2.34526E-01 3.52368E-01 4.21938E-01 1.33915E-01 4.07669E-02 0.00000E+00 3.03095E+00
0.00000E+00 6.16788E-02 1.54462E-01 2.43406E-01 2.53806E-01 3.76509E-01 4.49306E-01 1.53209E-01 6.16788E-02 0.00000E+00 3.46131E+00
0.00000E+00 8.06151E-02 1.71841E-01 2.60172E-01 2.71217E-01 3.98225E-01 4.73966E-01 1.70700E-01 8.06151E-02 0.00000E+00 3.83036E+00
0.00000E+00 9.78550E-02 1.87673E-01 2.75408E-01 2.87020E-01 4.17880E-01 4.96330E-01 1.86637E-01 9.78550E-02 0.00000E+00 4.14822E+00
0.00000E+00 1.13624E-01 2.02158E-01 2.89314E-01 3.01431E-01 4.35768E-01 5.16724E-01 2.01219E-01 1.13624E-01 0.00000E+00 4.42309E+00
6.53252E-03 1.28121E-01 2.15481E-01 3.02076E-01 3.14644E-01 4.52119E-01 5.35391E-01 2.14632E-01 1.28121E-01 6.53252E-03 4.64837E+00
2.23643E-02 1.41511E-01 2.27790E-01 3.13841E-01 3.26813E-01 4.67141E-01 5.52567E-01 2.27024E-01 1.41511E-01 2.23643E-02 4.82506E+00
3.70241E-02 1.53899E-01 2.39166E-01 3.24685E-01 3.38026E-01 4.80995E-01 5.68454E-01 2.38479E-01 1.53899E-01 3.70241E-02 4.97895E+00
5.06357E-02 1.65389E-01 2.49704E-01 3.34704E-01 3.48384E-01 4.93804E-01 5.83188E-01 2.49092E-01 1.65389E-01 5.06357E-02 5.11307E+00
6.33052E-02 1.76069E-01 2.59488E-01 3.43980E-01 3.57971E-01 5.05676E-01 5.96885E-01 2.58947E-01 1.76069E-01 6.33052E-02 5.22999E+00
7.51246E-02 1.86017E-01 2.68588E-01 3.52584E-01 3.66864E-01 5.16703E-01 6.09648E-01 2.68115E-01 1.86017E-01 7.51246E-02 5.33187E+00
8.61741E-02 1.95301E-01 2.77069E-01 3.60580E-01 3.75126E-01 5.26965E-01 6.21564E-01 2.76661E-01 1.95301E-01 8.61741E-02 5.42060E+00
9.65237E-02 2.03981E-01 2.84985E-01 3.68022E-01 3.82816E-01 5.36533E-01 6.32710E-01 2.84639E-01 2.03981E-01 9.65237E-02 5.49775E+00
1.06235E-01 2.12110E-01 2.92387E-01 3.74959E-01 3.89984E-01 5.45468E-01 6.43155E-01 2.92098E-01 2.12110E-01 1.06235E-01 5.56472E+00
1.15362E-01 2.19733E-01 2.99316E-01 3.81434E-01 3.96675E-01 5.53826E-01 6.52957E-01 2.99084E-01 2.19733E-01 1.15362E-01 5.62268E+00
1.23954E-01 2.26894E-01 3.05812E-01 3.87486E-01 4.02928E-01 5.61654E-01 6.62171E-01 3.05634E-01 2.26894E-01 1.23954E-01 5.67266E+00
1.32054E-01 2.33628E-01 3.11910E-01 3.93149E-01 4.08779E-01 5.68997E-01 6.70843E-01 3.11783E-01 2.33628E-01 1.32054E-01 5.71556E+00
1.39700E-01 2.39969E-01 3.17640E-01 3.98454E-01 4.14261E-01 5.75892E-01 6.79016E-01 3.17563E-01 2.39969E-01 1.39700E-01 5.75216E+00
1.46926E-01 2.45947E-01 3.23031E-01 4.03428E-01 4.19401E-01 5.82374E-01 6.86728E-01 3.23002E-01 2.45947E-01 1.46926E-01 5.78314E+00
1.53764E-01 2.51589E-01 3.28108E-01 4.08096E-01 4.24226E-01 5.88474E-01 6.94013E-01 3.28125E-01 2.51589E-01 1.53764E-01 5.80910E+00
1.60242E-01 2.56919E-01 3.32893E-01 4.12481E-01 4.28758E-01 5.94221E-01 7.00901E-01 3.32954E-01 2.56919E-01 1.60242E-01 5.83057E+00
1.66385E-01 2.61959E-01 3.37407E-01 4.16603E-01 4.33019E-01 5.99639E-01 7.07422E-01 3.37511E-01 2.61959E-01 1.66385E-01 5.84803E+00
1.72217E-01 2.66729E-01 3.41670E-01 4.20481E-01 4.37028E-01 6.04752E-01 7.13600E-01 3.41815E-01 2.66729E-01 1.72217E-01 5.86187E+00
1.77758E-01 2.71247E-01 3.45697E-01 4.24131E-01 4.40802E-01 6.09581E-01 7.19458E-01 3.45883E-01 2.71247E-01 1.77758E-01 5.87247E+00
1.83027E-01 2.75531E-01 3.49506E-01 4.27570E-01 4.44358E-01 6.14145E-01 7.25017E-01 3.49730E-01 2.75531E-01 1.83027E-01 5.88016E+00
1.88043E-01 2.79595E-01 3.53110E-01 4.30810E-01 4.47709E-01 6.18462E-01 7.30297E-01 3.53370E-01 2.79595E-01 1.88043E-01 5.88521E+00
1.92820E-01 2.83453E-01 3.56522E-01 4.33865E-01 4.50869E-01 6.22546E-01 7.35315E-01 3.56818E-01 2.83453E-01 1.92820E-01 5.88791E+00
1.97374E-01 2.87119E-01 3.59754E-01 4.36746E-01 4.53851E-01 6.26414E-01 7.40088E-01 3.60085E-01 2.87119E-01 1.97374E-01 5.88846E+00
2.01719E-01 2.90603E-01 3.62817E-01 4.39466E-01 4.56665E-01 6.30078E-01 7.44630E-01 3.63183E-01 2.90603E-01 2.01719E-01 5.88709E+00
2.05866E-01 2.93917E-01 3.65723E-01 4.42032E-01 4.59322E-01 6.33551E-01 7.48955E-01 3.66121E-01 2.93917E-01 2.05866E-01 5.88398E+00
2.09828E-01 2.97072E-01 3.68479E-01 4.44456E-01 4.61831E-01 6.36845E-01 7.53076E-01 3.68909E-01 2.97072E-01 2.09828E-01 5.87930E+00
2.13615E-01 3.00075E-01 3.71095E-01 4.46745E-01 4.64202E-01 6.39969E-01 7.57005E-01 3.71556E-01 3.00075E-01 2.13615E-01 5.87320E+00
2.17237E-01 3.02936E-01 3.73579E-01 4.48908E-01 4.66442E-01 6.42934E-01 7.60752E-01 3.74070E-01 3.02936E-01 2.17237E-01 5.86581E+00
2.20703E-01 3.05663E-01 3.75938E-01 4.50951E-01 4.68559E-01 6.45749E-01 7.64327E-01 3.76458E-01 3.05663E-01 2.20703E-01 5.85727E+00
2.24021E-01 3.08264E-01 3.78180E-01 4.52881E-01 4.70560E-01 6.48422E-01 7.67740E-01 3.78728E-01 3.08264E-01 2.24021E-01 5.84767E+00
2.27199E-01 3.10744E-01 3.80310E-01 4.54706E-01 4.72451E-01 6.50961E-01 7.70999E-01 3.80886E-01 3.10744E-01 2.27199E-01 5.83713E+00
2.30246E-01 3.13111E-01 3.82336E-01 4.56429E-01 4.74239E-01 6.53373E-01 7.74113E-01 3.82938E-01 3.13111E-01 2.30246E-01 5.82573E+00
2.33167E-01 3.15370E-01 3.84261E-01 4.58059E-01 4.75929E-01 6.55665E-01 7.77089E-01 3.84890E-01 3.15370E-01 2.33167E-01 5.81355E+00
2.35969E-01 3.17528E-01 3.86093E-01 4.59598E-01 4.77527E-01 6.57844E-01 7.79935E-01 3.86746E-01 3.17528E-01 2.35969E-01 5.80068E+00
2.38658E-01 3.19589E-01 3.87835E-01 4.61052E-01 4.79036E-01 6.59915E-01 7.82656E-01 3.88513E-01 3.19589E-01 2.38658E-01 5.78719E+00
2.41239E-01 3.21558E-01 3.89492E-01 4.62426E-01 4.80463E-01 6.61884E-01 7.85258E-01 3.90195E-01 3.21558E-01 2.41239E-01 5.77312E+00
2.43719E-01 3.23440E-01 3.91069E-01 4.63723E-01 4.81811E-01 6.63755E-01 7.87749E-01 3.91795E-01 3.23440E-01 2.43719E-01 5.75855E+00
2.46101E-01 3.25239E-01 3.92569E-01 4.64948E-01 4.83085E-01 6.65535E-01 7.90133E-01 3.93318E-01 3.25239E-01 2.46101E-01 5.74352E+00
2.48391E-01 3.26959E-01 3.93996E-01 4.66104E-01 4.84287E-01 6.67227E-01 7.92414E-01 3.94768E-01 3.26959E-01 2.48391E-01 5.72809E+00
2.50592E-01 3.28603E-01 3.95354E-01 4.67195E-01 4.85422E-01 6.68835E-01 7.94599E-01 3.96148E-01 3.28603E-01 2.50592E-01 5.71229E+00
2.52709E-01 3.30177E-01 3.96647E-01 4.68223E-01 4.86493E-01 6.70365E-01 7.96692E-01 3.97461E-01 3.30177E-01 2.52709E-01 5.69616E+00
2.54746E-01 3.31682E-01 3.97876E-01 4.69193E-01 4.87503E-01 6.71818E-01 7.98696E-01 3.98712E-01 3.31682E-01 2.54746E-01 5.67975E+00
0.00000E+00 0.00000E+00 5.94418E-02 1.53242E-01 1.63168E-01 2.79878E-01 3.42817E-01 5.76859E-02 0.00000E+00 0.00000E+00 1.39485E+00
0.00000E+00 0.00000E+00 8.42046E-02 1.76907E-01 1.88106E-01 3.13014E-01 3.81444E-01 8.26769E-02 0.00000E+00 0.00000E+00 2.06696E+00
0.00000E+00 1.57828E-02 1.05535E-01 1.97214E-01 2.09418E-01 3.40964E-01 4.14058E-01 1.04202E-01 1.57828E-02 0.00000E+00 2.57930E+00
0.00000E+00 3.64141E-02 1.24266E-01 2.14975E-01 2.28009E-01 3.65173E-01 4.42376E-01 1.23104E-01 3.64141E-02 0.00000E+00 2.98873E+00
0.00000E+00 5.47146E-02 1.40888E-01 2.30675E-01 2.44413E-01 3.86452E-01 4.67350E-01 1.39881E-01 5.47146E-02 0.00000E+00 3.33001E+00
0.00000E+00 7.10793E-02 1.55752E-01 2.44659E-01 2.59004E-01 4.05329E-01 4.89580E-01 1.54884E-01 7.10793E-02 0.00000E+00 3.61617E+00
0.00000E+00 8.58124E-02 1.69129E-01 2.57196E-01 2.72069E-01 4.22202E-01 5.09519E-01 1.68388E-01 8.58124E-02 0.00000E+00 3.85736E+00
0.00000E+00 9.91532E-02 1.81232E-01 2.68496E-01 2.83833E-01 4.37379E-01 5.27519E-01 1.80609E-01 9.91532E-02 0.00000E+00 4.06153E+00
5.57089E-03 1.11308E-01 1.92255E-01 2.78752E-01 2.94498E-01 4.51105E-01 5.43843E-01 1.91739E-01 1.11308E-01 5.57089E-03 4.22356E+00
1.90035E-02 1.22442E-01 2.02346E-01 2.88110E-01 3.04219E-01 4.63591E-01 5.58731E-01 2.01930E-01 1.22442E-01 1.90035E-02 4.34469E+00
3.13548E-02 1.32660E-01 2.11587E-01 2.96642E-01 3.13078E-01 4.74993E-01 5.72392E-01 2.11264E-01 1.32660E-01 3.13548E-02 4.44737E+00
4.27475E-02 1.42062E-01 2.20072E-01 3.04441E-01 3.21174E-01 4.85435E-01 5.84963E-01 2.19837E-01 1.42062E-01 4.27475E-02 4.53427E+00
5.32858E-02 1.50738E-01 2.27884E-01 3.11587E-01 3.28590E-01 4.95025E-01 5.96565E-01 2.27731E-01 1.50738E-01 5.32858E-02 4.60764E+00
6.30590E-02 1.58763E-01 2.35091E-01 3.18148E-01 3.35399E-01 5.03852E-01 6.07299E-01 2.35016E-01 1.58763E-01 6.30590E-02 4.66937E+00
7.21440E-02 1.66201E-01 2.41754E-01 3.24185E-01 3.41662E-01 5.11996E-01 6.17252E-01 2.41753E-01 1.66201E-01 7.21440E-02 4.72102E+00
8.06076E-02 1.73109E-01 2.47925E-01 3.29749E-01 3.47433E-01 5.19523E-01 6.26500E-01 2.47994E-01 1.73109E-01 8.06076E-02 4.76393E+00
8.85079E-02 1.79538E-01 2.53652E-01 3.34884E-01 3.52760E-01 5.26493E-01 6.35109E-01 2.53787E-01 1.79538E-01 8.85079E-02 4.79925E+00
9.58962E-02 1.85529E-01 2.58973E-01 3.39631E-01 3.57683E-01 5.32957E-01 6.43137E-01 2.59172E-01 1.85529E-01 9.58962E-02 4.82795E+00
1.02817E-01 1.91122E-01 2.63925E-01 3.44024E-01 3.62238E-01 5.38961E-01 6.50636E-01 2.64184E-01 1.91122E-01 1.02817E-01 4.85085E+00
1.09311E-01 1.96351E-01 2.68540E-01 3.48094E-01 3.66459E-01 5.44545E-01 6.57650E-01 2.68857E-01 1.96351E-01 1.09311E-01 4.86868E+00
1.15413E-01 2.01246E-01 2.72846E-01 3.51869E-01 3.70374E-01 5.49744E-01 6.64220E-01 2.73217E-01 2.01246E-01 1.15413E-01 4.88205E+00
1.21155E-01 2.05834E-01 2.76867E-01 3.55374E-01 3.74007E-01 5.54591E-01 6.70381E-01 2.77292E-01 2.05834E-01 1.21155E-01 4.89150E+00
1.26564E-01 2.10140E-01 2.80627E-01 3.58629E-01 3.77383E-01 5.59114E-01 6.76166E-01 2.81102E-01 2.10140E-01 1.26564E-01 4.89749E+00
1.31667E-01 2.14184E-01 2.84146E-01 3.61656E-01 3.80521E-01 5.63338E-01 6.81604E-01 2.84669E-01 2.14184E-01 1.31667E-01 4.90045E+00
1.36486E-01 2.17987E-01 2.87442E-01 3.64471E-01 3.83440E-01 5.67286E-01 6.86719E-01 2.88012E-01 2.17987E-01 1.36486E-01 4.90071E+00
1.41042E-01 2.21566E-01 2.90532E-01 3.67091E-01 3.86157E-01 5.70979E-01 6.91537E-01 2.91146E-01 2.21566E-01 1.41042E-01 4.89859E+00
1.45353E-01 2.24938E-01 2.93430E-01 3.69530E-01 3.88687E-01 5.74436E-01 6.96078E-01 2.94087E-01 2.24938E-01 1.45353E-01 4.89437E+00
1.49437E-01 2.28117E-01 2.96151E-01 3.71801E-01 3.91042E-01 5.77673E-01 7.00361E-01 2.96849E-01 2.28117E-01 1.49437E-01 4.88829E+00
1.53309E-01 2.31116E-01 2.98706E-01 3.73917E-01 3.93237E-01 5.80706E-01 7.04404E-01 2.99444E-01 2.31116E-01 1.53309E-01 4.88056E+00
1.56982E-01 2.33948E-01 3.01107E-01 3.75888E-01 3.95281E-01 5.83550E-01 7.08223E-01 3.01883E-01 2.33948E-01 1.56982E-01 4.87138E+00
1.60471E-01 2.36623E-01 3.03364E-01 3.77725E-01 3.97186E-01 5.86216E-01 7.11832E-01 3.04177E-01 2.36623E-01 1.60471E-01 4.86090E+00
1.63787E-01 2.39152E-01 3.05487E-01 3.79435E-01 3.98960E-01 5.88717E-01 7.15246E-01 3.06336E-01 2.39152E-01 1.63787E-01 4.84928E+00
1.66940E-01 2.41544E-01 3.07485E-01 3.81029E-01 4.00613E-01 5.91063E-01 7.18475E-01 3.08367E-01 2.41544E-01 1.66940E-01 4.83665E+00
1.69940E-01 2.43807E-01 3.09365E-01 3.82512E-01 4.02153E-01 5.93265E-01 7.21533E-01 3.10280E-01 2.43807E-01 1.69940E-01 4.82314E+00
1.72798E-01 2.45950E-01 3.11134E-01 3.83893E-01 4.03586E-01 5.95331E-01 7.24428E-01 3.12082E-01 2.45950E-01 1.72798E-01 4.80883E+00
1.75521E-01 2.47980E-01 3.12800E-01 3.85178E-01 4.04920E-01 5.97269E-01 7.27171E-01 3.13779E-01 2.47980E-01 1.75521E-01 4.79384E+00
1.78117E-01 2.49903E-01 3.14369E-01 3.86373E-01 4.06160E-01 5.99089E-01 7.29771E-01 3.15378E-01 2.49903E-01 1.78117E-01 4.77823E+00
1.80593E-01 2.51726E-01 3.15846E-01 3.87484E-01 4.07313E-01 6.00796E-01 7.32236E-01 3.16884E-01 2.51726E-01 1.80593E-01 4.76210E+00
1.82956E-01 2.53455E-01 3.17237E-01 3.88515E-01 4.08384E-01 6.02397E-01 7.34573E-01 3.18304E-01 2.53455E-01 1.82956E-01 4.74550E+00
1.85213E-01 2.55094E-01 3.18547E-01 3.89471E-01 4.09377E-01 6.03899E-01 7.36790E-01 3.19641E-01 2.55094E-01 1.85213E-01 4.72850E+00
1.87369E-01 2.56650E-01 3.19781E-01 3.90357E-01 4.10298E-01 6.05307E-01 7.38893E-01 3.20901E-01 2.56650E-01 1.87369E-01 4.71115E+00
1.89430E-01 2.58126E-01 3.20943E-01 3.91177E-01 4.11150E-01 6.06626E-01 7.40888E-01 3.22089E-01 2.58126E-01 1.89430E-01 4.69350E+00
1.91400E-01 2.59526E-01 3.22036E-01 3.91935E-01 4.11937E-01 6.07862E-01 7.42782E-01 3.23207E-01 2.59526E-01 1.91400E-01 4.67560E+00
1.93284E-01 2.60856E-01 3.23065E-01 3.92634E-01 4.12664E-01 6.09019E-01 7.44578E-01 3.24260E-01 2.60856E-01 1.93284E-01 4.65749E+00
1.95087E-01 2.62118E-01 3.24033E-01 3.93278E-01 4.13334E-01 6.10101E-01 7.46284E-01 3.25252E-01 2.62118E-01 1.95087E-01 4.63919E+00
1.96813E-01 2.63316E-01 3.24944E-01 3.93869E-01 4.13949E-01 6.11113E-01 7.47902E-01 3.26185E-01 2.63316E-01 1.96813E-01 4.62075E+00
1.98466E-01 2.64454E-01 3.25800E-01 3.94411E-01 4.14512E-01 6.12057E-01 7.49438E-01 3.27063E-01 2.64454E-01 1.98466E-01 4.60219E+00
2.00049E-01 2.65534E-01 3.26604E-01 3.94906E-01 4.15028E-01 6.12938E-01 7.50896E-01 3.27889E-01 2.65534E-01 2.00049E-01 4.58354E+00
2.01565E-01 2.66559E-01 3.27358E-01 3.95356E-01 4.15497E-01 6.13759E-01 7.52278E-01 3.28665E-01 2.66559E-01 2.01565E-01 4.56483E+00
2.03018E-01 2.67533E-01 3.28067E-01 3.95765E-01 4.15923E-01 6.14523E-01 7.53590E-01 3.29394E-01 2.67533E-01 2.03018E-01 4.54606E+00
0.00000E+00 0.00000E+00 5.63370E-02 1.51868E-01 1.65745E-01 3.03753E-01 3.74026E-01 5.48045E-02 0.00000E+00 0.00000E+00 1.61299E+00
0.00000E+00 0.00000E+00 7.85281E-02 1.72418E-01 1.87496E-01 3.33733E-01 4.10419E-01 7.72863E-02 0.00000E+00 0.00000E+00 2.17205E+00
0.00000E+00 1.39396E-02 9.72392E-02 1.89652E-01 2.05658E-01 3.58481E-01 4.40560E-01 9.62401E-02 1.39396E-02 0.00000E+00 2.58196E+00
0.00000E+00 3.19151E-02 1.13378E-01 2.04429E-01 2.21185E-01 3.79524E-01 4.66315E-01 1.12589E-01 3.19151E-02 0.00000E+00 2.89880E+00
0.00000E+00 4.76350E-02 1.27476E-01 2.17257E-01 2.34639E-01 3.97718E-01 4.88712E-01 1.26874E-01 4.76350E-02 0.00000E+00 3.15575E+00
0.00000E+00 6.15176E-02 1.39908E-01 2.28498E-01 2.46408E-01 4.13617E-01 5.08399E-01 1.39472E-01 6.15176E-02 0.00000E+00 3.36550E+00
0.00000E+00 7.38766E-02 1.50955E-01 2.38424E-01 2.56786E-01 4.27632E-01 5.25856E-01 1.50670E-01 7.38766E-02 0.00000E+00 3.53761E+00
0.00000E+00 8.49539E-02 1.60835E-01 2.47246E-01 2.65997E-01 4.40075E-01 5.41449E-01 1.60687E-01 8.49539E-02 0.00000E+00 3.67934E+00
4.67110E-03 9.49538E-02 1.69741E-01 2.55153E-01 2.74241E-01 4.51192E-01 5.55447E-01 1.69717E-01 9.49538E-02 4.67110E-03 3.78659E+00
1.58769E-02 1.04037E-01 1.77815E-01 2.62282E-01 2.81662E-01 4.61187E-01 5.68093E-01 1.77904E-01 1.04037E-01 1.58769E-02 3.86061E+00
2.61084E-02 1.12302E-01 1.85135E-01 2.68696E-01 2.88336E-01 4.70207E-01 5.79592E-01 1.85330E-01 1.12302E-01 2.61084E-02 3.92051E+00
3.54834E-02 1.19846E-01 1.91793E-01 2.74482E-01 2.94353E-01 4.78373E-01 5.90083E-01 1.92086E-01 1.19846E-01 3.54834E-02 3.96854E+00
4.41008E-02 1.26754E-01 1.97864E-01 2.79716E-01 2.99793E-01 4.85787E-01 5.99684E-01 1.98250E-01 1.26754E-01 4.41008E-02 4.00657E+00
5.20445E-02 1.33095E-01 2.03415E-01 2.84460E-01 3.04720E-01 4.92534E-01 6.08494E-01 2.03887E-01 1.33095E-01 5.20445E-02 4.03612E+00
5.93865E-02 1.38931E-01 2.08500E-01 2.88768E-01 3.09193E-01 4.98687E-01 6.16596E-01 2.09053E-01 1.38931E-01 5.93865E-02 4.05845E+00
6.61884E-02 1.44312E-01 2.13169E-01 2.92686E-01 3.13259E-01 5.04310E-01 6.24064E-01 2.13799E-01 1.44312E-01 6.61884E-02 4.07463E+00
7.25038E-02 1.49285E-01 2.17464E-01 2.96255E-01 3.16961E-01 5.09457E-01 6.30962E-01 2.18165E-01 1.49285E-01 7.25038E-02 4.08554E+00
7.83792E-02 1.53889E-01 2.21419E-01 2.99508E-01 3.20334E-01 5.14175E-01 6.37343E-01 2.22189E-01 1.53889E-01 7.83792E-02 4.09195E+00
8.38556E-02 1.58158E-01 2.25069E-01 3.02478E-01 3.23411E-01 5.18505E-01 6.43256E-01 2.25902E-01 1.58158E-01 8.38556E-02 4.09448E+00
8.89687E-02 1.62123E-01 2.28440E-01 3.05190E-01 3.26220E-01 5.22483E-01 6.48744E-01 2.29334E-01 1.62123E-01 8.89687E-02 4.09367E+00
9.37503E-02 1.65810E-01 2.31558E-01 3.07668E-01 3.28785E-01 5.26142E-01 6.53843E-01 2.32510E-01 1.65810E-01 9.37503E-02 4.08999E+00
9.82286E-02 1.69244E-01 2.34444E-01 3.09933E-01 3.31129E-01 5.29509E-01 6.58587E-01 2.35451E-01 1.69244E-01 9.82286E-02 4.08384E+00
1.02428E-01 1.72446E-01 2.37118E-01 3.12004E-01 3.33271E-01 5.32610E-01 6.63005E-01 2.38178E-01 1.72446E-01 1.02428E-01 4.07555E+00
1.06372E-01 1.75433E-01 2.39598E-01 3.13898E-01 3.35228E-01 5.35468E-01 6.67123E-01 2.40708E-01 1.75433E-01 1.06372E-01 4.06542E+00
1.10080E-01 1.78225E-01 2.41900E-01 3.15629E-01 3.37016E-01 5.38102E-01 6.70966E-01 2.43057E-01 1.78225E-01 1.10080E-01 4.05370E+00
1.13571E-01 1.80835E-01 2.44037E-01 3.17211E-01 3.38648E-01 5.40529E-01 6.74554E-01 2.45240E-01 1.80835E-01 1.13571E-01 4.04062E+00
1.16859E-01 1.83278E-01 2.46023E-01 3.18655E-01 3.40138E-01 5.42768E-01 6.77907E-01 2.47269E-01 1.83278E-01 1.16859E-01 4.02636E+00
1.19961E-01 1.85567E-01 2.47868E-01 3.19973E-01 3.41496E-01 5.44831E-01 6.81042E-01 2.49156E-01 1.85567E-01 1.19961E-01 4.01109E+00
1.22889E-01 1.87711E-01 2.49584E-01 3.21174E-01 3.42732E-01 5.46732E-01 6.83974E-01 2.50912E-01 1.87711E-01 1.22889E-01 3.99496E+00
1.25656E-01 1.89722E-01 2.51179E-01 3.22267E-01 3.43857E-01 5.48483E-01 6.86719E-01 2.52545E-01 1.89722E-01 1.25656E-01 3.97809E+00
1.28272E-01 1.91609E-01 2.52663E-01 3.23260E-01 3.44878E-01 5.50096E-01 6.89288E-01 2.54066E-01 1.91609E-01 1.28272E-01 3.96060E+00
1.30748E-01 1.93381E-01 2.54043E-01 3.24161E-01 3.45803E-01 5.51579E-01 6.91694E-01 2.55481E-01 1.93381E-01 1.30748E-01 3.94258E+00
1.33094E-01 1.95045E-01 2.55326E-01 3.24976E-01 3.46638E-01 5.52943E-01 6.93948E-01 2.56798E-01 1.95045E-01 1.33094E-01 3.92412E+00
1.35316E-01 1.96609E-01 2.56519E-01 3.25711E-01 3.47391E-01 5.54195E-01 6.96059E-01 2.58023E-01 1.96609E-01 1.35316E-01 3.90530E+00
1.37424E-01 1.98078E-01 2.57628E-01 3.26373E-01 3.48068E-01 5.55342E-01 6.98037E-01 2.59163E-01 1.98078E-01 1.37424E-01 3.88618E+00
1.39424E-01 1.99460E-01 2.58659E-01 3.26965E-01 3.48672E-01 5.56393E-01 6.99890E-01 2.60224E-01 1.99460E-01 1.39424E-01 3.86682E+00
1.41322E-01 2.00759E-01 2.59616E-01 3.27494E-01 3.49210E-01 5.57352E-01 7.01626E-01 2.61210E-01 2.00759E-01 1.41322E-01 3.84727E+00
1.43126E-01 2.01981E-01 2.60504E-01 3.27962E-01 3.49686E-01 5.58227E-01 7.03252E-01 2.62126E-01 2.01981E-01 1.43126E-01 3.82758E+00
1.44840E-01 2.03130E-01 2.61328E-01 3.28374E-01 3.50103E-01 5.59022E-01 7.04774E-01 2.62977E-01 2.03130E-01 1.44840E-01 3.80778E+00
1.46470E-01 2.04211E-01 2.62092E-01 3.28735E-01 3.50467E-01 5.59743E-01 7.06200E-01 2.63767E-01 2.04211E-01 1.46470E-01 3.78792E+00
1.48021E-01 2.05228E-01 2.62798E-01 3.29046E-01 3.50780E-01 5.60394E-01 7.07533E-01 2.64498E-01 2.05228E-01 1.48021E-01 3.76803E+00
1.49496E-01 2.06185E-01 2.63452E-01 3.29312E-01 3.51045E-01 5.60979E-01 7.08781E-01 2.65176E-01 2.06185E-01 1.49496E-01 3.74813E+00
1.50901E-01 2.07084E-01 2.64055E-01 3.29535E-01 3.51267E-01 5.61503E-01 7.09946E-01 2.65803E-01 2.07084E-01 1.50901E-01 3.72824E+00
1.52239E-01 2.07930E-01 2.64611E-01 3.29718E-01 3.51446E-01 5.61969E-01 7.11035E-01 2.66382E-01 2.07930E-01 1.52239E-01 3.70840E+00
1.53513E-01 2.08726E-01 2.65123E-01 3.29864E-01 3.51587E-01 5.62381E-01 7.12052E-01 2.66915E-01 2.08726E-01 1.53513E-01 3.68861E+00
1.54728E-01 2.09473E-01 2.65593E-01 3.29974E-01 3.51691E-01 5.62741E-01 7.12999E-01 2.67406E-01 2.09473E-01 1.54728E-01 3.66889E+00
1.55886E-01 2.10175E-01 2.66024E-01 3.30051E-01 3.51761E-01 5.63053E-01 7.13881E-01 2.67857E-01 2.10175E-01 1.55886E-01 3.64927E+00
1.56989E-01 2.10834E-01 2.66417E-01 3.30098E-01 3.51799E-01 5.63320E-01 7.14702E-01 2.68270E-01 2.10834E-01 1.56989E-01 3.62974E+00
1.58042E-01 2.11453E-01 2.66775E-01 3.30115E-01 3.51807E-01 5.63544E-01 7.15465E-01 2.68648E-01 2.11453E-01 1.58042E-01 3.61033E+00
1.59046E-01 2.12033E-01 2.67100E-01 3.30105E-01 3.51786E-01 5.63727E-01 7.16172E-01 2.68991E-01 2.12033E-01 1.59046E-01 3.59104E+00
0.00000E+00 0.00000E+00 5.38342E-02 1.50130E-01 1.68433E-01 3.30034E-01 4.10125E-01 5.27544E-02 0.00000E+00 0.00000E+00 1.77039E+00
0.00000E+00 0.00000E+00 7.31626E-02 1.67177E-01 1.86518E-01 3.56116E-01 4.43631E-01 7.24376E-02 0.00000E+00 0.00000E+00 2.21255E+00
0.00000E+00 1.20349E-02 8.91346E-02 1.81149E-01 2.01265E-01 3.77172E-01 4.70858E-01 8.86996E-02 1.20349E-02 0.00000E+00 2.52250E+00
0.00000E+00 2.73548E-02 1.02673E-01 1.92879E-01 2.13602E-01 3.94724E-01 4.93746E-01 1.02485E-01 2.73548E-02 0.00000E+00 2.75261E+00
0.00000E+00 4.05697E-02 1.14315E-01 2.02861E-01 2.24074E-01 4.09621E-01 5.13361E-01 1.14342E-01 4.05697E-02 0.00000E+00 2.93303E+00
0.00000E+00 5.20981E-02 1.24436E-01 2.11448E-01 2.33060E-01 4.22416E-01 5.30373E-01 1.24653E-01 5.20981E-02 0.00000E+00 3.07525E+00
0.00000E+00 6.22479E-02 1.33314E-01 2.18898E-01 2.40840E-01 4.33509E-01 5.45270E-01 1.33699E-01 6.22479E-02 0.00000E+00 3.18766E+00
0.00000E+00 7.12525E-02 1.41157E-01 2.25407E-01 2.47624E-01 4.43202E-01 5.58418E-01 1.41693E-01 7.12525E-02 0.00000E+00 3.27652E+00
3.84063E-03 7.93059E-02 1.48149E-01 2.31153E-01 2.53598E-01 4.51732E-01 5.70087E-01 1.48821E-01 7.93059E-02 3.84063E-03 3.33842E+00
1.30079E-02 8.65580E-02 1.54423E-01 2.36256E-01 2.58891E-01 4.59286E-01 5.80509E-01 1.55217E-01 8.65580E-02 1.30079E-02 3.37438E+00
2.13199E-02 9.30990E-02 1.60048E-01 2.40768E-01 2.63563E-01 4.65997E-01 5.89885E-01 1.60956E-01 9.30990E-02 2.13199E-02 3.40032E+00
2.88855E-02 9.90201E-02 1.65109E-01 2.44767E-01 2.67699E-01 4.71975E-01 5.98350E-01 1.66121E-01 9.90201E-02 2.88855E-02 3.41799E+00
3.57959E-02 1.04397E-01 1.69676E-01 2.48319E-01 2.71365E-01 4.77315E-01 6.06015E-01 1.70784E-01 1.04397E-01 3.57959E-02 3.42884E+00
4.21274E-02 1.09295E-01 1.73807E-01 2.51479E-01 2.74622E-01 4.82093E-01 6.12973E-01 1.75004E-01 1.09295E-01 4.21274E-02 3.43402E+00
4.79450E-02 1.13766E-01 1.77552E-01 2.54293E-01 2.77516E-01 4.86377E-01 6.19306E-01 1.78832E-01 1.13766E-01 4.79450E-02 3.43450E+00
5.33043E-02 1.17859E-01 1.80954E-01 2.56801E-01 2.80091E-01 4.90222E-01 6.25080E-01 1.82312E-01 1.17859E-01 5.33043E-02 3.43106E+00
5.82530E-02 1.21612E-01 1.84050E-01 2.59037E-01 2.82382E-01 4.93677E-01 6.30355E-01 1.85480E-01 1.21612E-01 5.82530E-02 3.42434E+00
6.28324E-02 1.25061E-01 1.86872E-01 2.61030E-01 2.84420E-01 4.96782E-01 6.35182E-01 1.88370E-01 1.25061E-01 6.28324E-02 3.41490E+00
6.70785E-02 1.28236E-01 1.89446E-01 2.62806E-01 2.86231E-01 4.99574E-01 6.39604E-01 1.91008E-01 1.28236E-01 6.70785E-02 3.40317E+00
7.10228E-02 1.31162E-01 1.91798E-01 2.64387E-01 2.87839E-01 5.02085E-01 6.43661E-01 1.93419E-01 1.31162E-01 7.10228E-02 3.38954E+00
7.46928E-02 1.33864E-01 1.93948E-01 2.65793E-01 2.89264E-01 5.04341E-01 6.47385E-01 1.95625E-01 1.33864E-01 7.46928E-02 3.37434E+00
7.81131E-02 1.36361E-01 1.95915E-01 2.67040E-01 2.90524E-01 5.06367E-01 6.50808E-01 1.97646E-01 1.36361E-01 7.81131E-02 3.35782E+00
8.13052E-02 1.38671E-01 1.97716E-01 2.68144E-01 2.91635E-01 5.08185E-01 6.53955E-01 1.99496E-01 1.38671E-01 8.13052E-02 3.34022E+00
8.42884E-02 1.40812E-01 1.99365E-01 2.69117E-01 2.92611E-01 5.09813E-01 6.56851E-01 2.01193E-01 1.40812E-01 8.42884E-02 3.32173E+00
8.70799E-02 1.42796E-01 2.00876E-01 2.69973E-01 2.93464E-01 5.11269E-01 6.59516E-01 2.02748E-01 1.42796E-01 8.70799E-02 3.30251E+00
8.96949E-02 1.44637E-01 2.02259E-01 2.70722E-01 2.94205E-01 5.12566E-01 6.61969E-01 2.04174E-01 1.44637E-01 8.96949E-02 3.28272E+00
9.21474E-02 1.46347E-01 2.03527E-01 2.71372E-01 2.94845E-01 5.13720E-01 6.64227E-01 2.05482E-01 1.46347E-01 9.21474E-02 3.26246E+00
9.44498E-02 1.47936E-01 2.04687E-01 2.71932E-01 2.95391E-01 5.14741E-01 6.66305E-01 2.06681E-01 1.47936E-01 9.44498E-02 3.24185E+00
9.66132E-02 1.49412E-01 2.05749E-01 2.72411E-01 2.95853E-01 5.15640E-01 6.68218E-01 2.07779E-01 1.49412E-01 9.66132E-02 3.22096E+00
9.86479E-02 1.50785E-01 2.06721E-01 2.72815E-01 2.96237E-01 5.16428E-01 6.69976E-01 2.08785E-01 1.50785E-01 9.86479E-02 3.19988E+00
1.00563E-01 1.52062E-01 2.07608E-01 2.73150E-01 2.96549E-01 5.17113E-01 6.71593E-01 2.09705E-01 1.52062E-01 1.00563E-01 3.17868E+00
1.02367E-01 1.53251E-01 2.08418E-01 2.73421E-01 2.96796E-01 5.17704E-01 6.73078E-01 2.10546E-01 1.53251E-01 1.02367E-01 3.15740E+00
1.04068E-01 1.54357E-01 2.09156E-01 2.73635E-01 2.96983E-01 5.18207E-01 6.74440E-01 2.11314E-01 1.54357E-01 1.04068E-01 3.13609E+00
1.05672E-01 1.55386E-01 2.09828E-01 2.73795E-01 2.97115E-01 5.18629E-01 6.75688E-01 2.12014E-01 1.55386E-01 1.05672E-01 3.11481E+00
1.07186E-01 1.56344E-01 2.10438E-01 2.73905E-01 2.97195E-01 5.18977E-01 6.76829E-01 2.12652E-01 1.56344E-01 1.07186E-01 3.09357E+00
1.08616E-01 1.57236E-01 2.10991E-01 2.73970E-01 2.97229E-01 5.19255E-01 6.77872E-01 2.13230E-01 1.57236E-01 1.08616E-01 3.07242E+00
1.09967E-01 1.58065E-01 2.11490E-01 2.73993E-01 2.97219E-01 5.19469E-01 6.78822E-01 2.13754E-01 1.58065E-01 1.09967E-01 3.05138E+00
1.11244E-01 1.58837E-01 2.11940E-01 2.73978E-01 2.97169E-01 5.19623E-01 6.79686E-01 2.14228E-01 1.58837E-01 1.11244E-01 3.03046E+00
1.12452E-01 1.59554E-01 2.12344E-01 2.73926E-01 2.97082E-01 5.19723E-01 6.80468E-01 2.14654E-01 1.59554E-01 1.12452E-01 3.00970E+00
1.13595E-01 1.60221E-01 2.12704E-01 2.73842E-01 2.96961E-01 5.19770E-01 6.81175E-01 2.15036E-01 1.60221E-01 1.13595E-01 2.98910E+00
1.14676E-01 1.60840E-01 2.13024E-01 2.73726E-01 2.96808E-01 5.19770E-01 6.81812E-01 2.15377E-01 1.60840E-01 1.14676E-01 2.96868E+00
1.15700E-01 1.61414E-01 2.13306E-01 2.73583E-01 2.96627E-01 5.19726E-01 6.82381E-01 2.15679E-01 1.61414E-01 1.15700E-01 2.94845E+00
1.16670E-01 1.61946E-01 2.13553E-01 2.73413E-01 2.96418E-01 5.19640E-01 6.82888E-01 2.15945E-01 1.61946E-01 1.16670E-01 2.92842E+00
1.17589E-01 1.62440E-01 2.13768E-01 2.73218E-01 2.96184E-01 5.19515E-01 6.83336E-01 2.16177E-01 1.62440E-01 1.17589E-01 2.90859E+00
1.18460E-01 1.62896E-01 2.13951E-01 2.73001E-01 2.95927E-01 5.19355E-01 6.83729E-01 2.16378E-01 1.62896E-01 1.18460E-01 2.88898E+00
1.19285E-01 1.63317E-01 2.14105E-01 2.72763E-01 2.95649E-01 5.19160E-01 6.84070E-01 2.16549E-01 1.63317E-01 1.19285E-01 2.86958E+00
1.20066E-01 1.63706E-01 2.14232E-01 2.72506E-01 2.95350E-01 5.18935E-01 6.84361E-01 2.16693E-01 1.63706E-01 1.20066E-01 2.85040E+00
1.20808E-01 1.64064E-01 2.14334E-01 2.72231E-01 2.95034E-01 5.18680E-01 6.84607E-01 2.16810E-01 1.64064E-01 1.20808E-01 2.83145E+00
1.21510E-01 1.64393E-01 2.14412E-01 2.71939E-01 2.94700E-01 5.18398E-01 6.84809E-01 2.16903E-01 1.64393E-01 1.21510E-01 2.81273E+00
1.22177E-01 1.64694E-01 2.14468E-01 2.71631E-01 2.94350E-01 5.18090E-01 6.84971E-01 2.16973E-01 1.64694E-01 1.22177E-01 2.79423E+00
0.00000E+00 0.00000E+00 5.17647E-02 1.47326E-01 1.70390E-01 3.57640E-01 4.51043E-01 5.14785E-02 0.00000E+00 0.00000E+00 1.84603E+00
0.00000E+00 0.00000E+00 6.80382E-02 1.60608E-01 1.84432E-01 3.79131E-01 4.80982E-01 6.81585E-02 0.00000E+00 0.00000E+00 2.17497E+00
0.00000E+00 1.01247E-02 8.12365E-02 1.71237E-01 1.95593E-01 3.96055E-01 5.04832E-01 8.16807E-02 1.01247E-02 0.00000E+00 2.39310E+00
0.00000E+00 2.28586E-02 9.22372E-02 1.79954E-01 2.04696E-01 4.09834E-01 5.24530E-01 9.29511E-02 2.28586E-02 0.00000E+00 2.54661E+00
0.00000E+00 3.37007E-02 1.01549E-01 1.87197E-01 2.12226E-01 4.21262E-01 5.41137E-01 1.02493E-01 3.37007E-02 0.00000E+00 2.66146E+00
0.00000E+00 4.30481E-02 1.09528E-01 1.93285E-01 2.18528E-01 4.30858E-01 5.55317E-01 1.10671E-01 4.30481E-02 0.00000E+00 2.74730E+00
0.00000E+00 5.11884E-02 1.16431E-01 1.98449E-01 2.23849E-01 4.38992E-01 5.67547E-01 1.17748E-01 5.11884E-02 0.00000E+00 2.81104E+00
0.00000E+00 5.83370E-02 1.22451E-01 2.02858E-01 2.28372E-01 4.45940E-01 5.78184E-01 1.23922E-01 5.83370E-02 0.00000E+00 2.85768E+00
3.08830E-03 6.46707E-02 1.27753E-01 2.06668E-01 2.32261E-01 4.51918E-01 5.87485E-01 1.29359E-01 6.46707E-02 3.08830E-03 2.88430E+00
1.04234E-02 7.03236E-02 1.32455E-01 2.09980E-01 2.35624E-01 4.57093E-01 5.95672E-01 1.34182E-01 7.03236E-02 1.04234E-02 2.89157E+00
1.70283E-02 7.53765E-02 1.36618E-01 2.12830E-01 2.38504E-01 4.61572E-01 6.02929E-01 1.38455E-01 7.53765E-02 1.70283E-02 2.89240E+00
2.30005E-02 7.99105E-02 1.40317E-01 2.15285E-01 2.40970E-01 4.65454E-01 6.09384E-01 1.42254E-01 7.99105E-02 2.30005E-02 2.88806E+00
2.84208E-02 8.39927E-02 1.43612E-01 2.17399E-01 2.43081E-01 4.68822E-01 6.15138E-01 1.45640E-01 8.39927E-02 2.84208E-02 2.87958E+00
3.33566E-02 8.76790E-02 1.46555E-01 2.19217E-01 2.44883E-01 4.71741E-01 6.20281E-01 1.48665E-01 8.76790E-02 3.33566E-02 2.86779E+00
3.78648E-02 9.10168E-02 1.49188E-01 2.20777E-01 2.46417E-01 4.74270E-01 6.24884E-01 1.51374E-01 9.10168E-02 3.78648E-02 2.85334E+00
4.19938E-02 9.40462E-02 1.51548E-01 2.22112E-01 2.47717E-01 4.76456E-01 6.29010E-01 1.53804E-01 9.40462E-02 4.19938E-02 2.83678E+00
4.57849E-02 9.68014E-02 1.53666E-01 2.23249E-01 2.48811E-01 4.78339E-01 6.32711E-01 1.55987E-01 9.68014E-02 4.57849E-02 2.81853E+00
4.92737E-02 9.93119E-02 1.55568E-01 2.24211E-01 2.49725E-01 4.79954E-01 6.36035E-01 1.57948E-01 9.93119E-02 4.92737E-02 2.79895E+00
5.24909E-02 1.01603E-01 1.57278E-01 2.25018E-01 2.50478E-01 4.81333E-01 6.39019E-01 1.59713E-01 1.01603E-01 5.24909E-02 2.77834E+00
5.54633E-02 1.03698E-01 1.58815E-01 2.25688E-01 2.51089E-01 4.82499E-01 6.41700E-01 1.61302E-01 1.03698E-01 5.54633E-02 2.75694E+00
5.82145E-02 1.05614E-01 1.60198E-01 2.26236E-01 2.51574E-01 4.83477E-01 6.44105E-01 1.62732E-01 1.05614E-01 5.82145E-02 2.73493E+00
6.07650E-02 1.07371E-01 1.61441E-01 2.26675E-01 2.51947E-01 4.84285E-01 6.46263E-01 1.64020E-01 1.07371E-01 6.07650E-02 2.71249E+00
6.31329E-02 1.08981E-01 1.62559E-01 2.27016E-01 2.52220E-01 4.84941E-01 6.48196E-01 1.65178E-01 1.08981E-01 6.31329E-02 2.68975E+00
6.53345E-02 1.10459E-01 1.63562E-01 2.27270E-01 2.52403E-01 4.85461E-01 6.49925E-01 1.66219E-01 1.10459E-01 6.53345E-02 2.66683E+00
6.73838E-02 1.11817E-01 1.64461E-01 2.27446E-01 2.52505E-01 4.85857E-01 6.51468E-01 1.67155E-01 1.11817E-01 6.73838E-02 2.64381E+00
6.92938E-02 1.13065E-01 1.65266E-01 2.27550E-01 2.52535E-01 4.86142E-01 6.52841E-01 1.67993E-01 1.13065E-01 6.92938E-02 2.62078E+00
7.10759E-02 1.14211E-01 1.65986E-01 2.27592E-01 2.52500E-01 4.86326E-01 6.54059E-01 1.68744E-01 1.14211E-01 7.10759E-02 2.59780E+00
7.27401E-02 1.15266E-01 1.66627E-01 2.27576E-01 2.52407E-01 4.86419E-01 6.55135E-01 1.69414E-01 1.15266E-01 7.27401E-02 2.57492E+00
7.42959E-02 1.16235E-01 1.67196E-01 2.27508E-01 2.52261E-01 4.86429E-01 6.56080E-01 1.70010E-01 1.16235E-01 7.42959E-02 2.55218E+00
7.57514E-02 1.17127E-01 1.67700E-01 2.27393E-01 2.52067E-01 4.86363E-01 6.56906E-01 1.70540E-01 1.17127E-01 7.57514E-02 2.52963E+00
7.71142E-02 1.17947E-01 1.68143E-01 2.27236E-01 2.51831E-01 4.86229E-01 6.57621E-01 1.71007E-01 1.17947E-01 7.71142E-02 2.50728E+00
7.83912E-02 1.18700E-01 1.68531E-01 2.27041E-01 2.51555E-01 4.86032E-01 6.58235E-01 1.71417E-01 1.18700E-01 7.83912E-02 2.48517E+00
7.95884E-02 1.19392E-01 1.68868E-01 2.26811E-01 2.51245E-01 4.85779E-01 6.58755E-01 1.71776E-01 1.19392E-01 7.95884E-02 2.46332E+00
8.07116E-02 1.20027E-01 1.69158E-01 2.26549E-01 2.50903E-01 4.85473E-01 6.59188E-01 1.72086E-01 1.20027E-01 8.07116E-02 2.44174E+00
8.17659E-02 1.20610E-01 1.69406E-01 2.26259E-01 2.50533E-01 4.85120E-01 6.59541E-01 1.72352E-01 1.20610E-01 8.17659E-02 2.42043E+00
8.27560E-02 1.21144E-01 1.69613E-01 2.25943E-01 2.50136E-01 4.84724E-01 6.59819E-01 1.72576E-01 1.21144E-01 8.27560E-02 2.39942E+00
8.36861E-02 1.21632E-01 1.69783E-01 2.25604E-01 2.49716E-01 4.84289E-01 6.60029E-01 1.72763E-01 1.21632E-01 8.36861E-02 2.37871E+00
8.45603E-02 1.22078E-01 1.69920E-01 2.25243E-01 2.49275E-01 4.83817E-01 6.60175E-01 1.72915E-01 1.22078E-01 8.45603E-02 2.35829E+00
8.53822E-02 1.22486E-01 1.70025E-01 2.24863E-01 2.48815E-01 4.83312E-01 6.60261E-01 1.73035E-01 1.22486E-01 8.53822E-02 2.33819E+00
8.61551E-02 1.22856E-01 1.70101E-01 2.24466E-01 2.48338E-01 4.82777E-01 6.60292E-01 1.73124E-01 1.22856E-01 8.61551E-02 2.31839E+00
8.68820E-02 1.23193E-01 1.70149E-01 2.24052E-01 2.47845E-01 4.82214E-01 6.60272E-01 1.73185E-01 1.23193E-01 8.68820E-02 2.29889E+00
8.75659E-02 1.23497E-01 1.70173E-01 2.23625E-01 2.47338E-01 4.81626E-01 6.60203E-01 1.73221E-01 1.23497E-01 8.75659E-02 2.27971E+00
8.82094E-02 1.23772E-01 1.70173E-01 2.23184E-01 2.46818E-01 4.81014E-01 6.60091E-01 1.73233E-01 1.23772E-01 8.82094E-02 2.26083E+00
8.88149E-02 1.24019E-01 1.70152E-01 2.22732E-01 2.46287E-01 4.80382E-01 6.59936E-01 1.73222E-01 1.24019E-01 8.88149E-02 2.24225E+00
8.93846E-02 1.24241E-01 1.70111E-01 2.22269E-01 2.45746E-01 4.79730E-01 6.59743E-01 1.73191E-01 1.24241E-01 8.93846E-02 2.22397E+00
8.99206E-02 1.24437E-01 1.70051E-01 2.21797E-01 2.45196E-01 4.79061E-01 6.59514E-01 1.73140E-01 1.24437E-01 8.99206E-02 2.20600E+00
9.04250E-02 1.24611E-01 1.69974E-01 2.21316E-01 2.44638E-01 4.78375E-01 6.59251E-01 1.73072E-01 1.24611E-01 9.04250E-02 2.18831E+00
9.08994E-02 1.24764E-01 1.69880E-01 2.20827E-01 2.44073E-01 4.77675E-01 6.58957E-01 1.72986E-01 1.24764E-01 9.08994E-02 2.17092E+00
9.13456E-02 1.24897E-01 1.69772E-01 2.20332E-01 2.43501E-01 4.76962E-01 6.58633E-01 1.72886E-01 1.24897E-01 9.13456E-02 2.15381E+00
9.17652E-02 1.25010E-01 1.69649E-01 2.19831E-01 2.42924E-01 4.76236E-01 6.58281E-01 1.72771E-01 1.25010E-01 9.17652E-02 2.13698E+00
0.00000E+00 0.00000E+00 4.99006E-02 1.42608E-01 1.70496E-01 3.85101E-01 4.96489E-01 5.08626E-02 0.00000E+00 0.00000E+00 1.82617E+00
0.00000E+00 0.00000E+00 6.30750E-02 1.52064E-01 1.80302E-01 4.01435E-01 5.22168E-01 6.44577E-02 0.00000E+00 0.00000E+00 2.05415E+00
0.00000E+00 8.28063E-03 7.35757E-02 1.59428E-01 1.87850E-01 4.13885E-01 5.42161E-01 7.52828E-02 8.28063E-03 0.00000E+00 2.19438E+00
0.00000E+00 1.85802E-02 8.21843E-02 1.65289E-01 1.93791E-01 4.23688E-01 5.58321E-01 8.41537E-02 1.85802E-02 0.00000E+00 2.28533E+00
0.00000E+00 2.72426E-02 8.93545E-02 1.70001E-01 1.98517E-01 4.31537E-01 5.71660E-01 9.15416E-02 2.72426E-02 0.00000E+00 2.34816E+00
0.00000E+00 3.46260E-02 9.54037E-02 1.73829E-01 2.02311E-01 4.37888E-01 5.82812E-01 9.77741E-02 3.46260E-02 0.00000E+00 2.39043E+00
0.00000E+00 4.09873E-02 1.00559E-01 1.76959E-01 2.05374E-01 4.43063E-01 5.92229E-01 1.03086E-01 4.09873E-02 0.00000E+00 2.41742E+00
0.00000E+00 4.65168E-02 1.04990E-01 1.79530E-01 2.07854E-01 4.47298E-01 6.00243E-01 1.07651E-01 4.65168E-02 0.00000E+00 2.43293E+00
2.42252E-03 5.13690E-02 1.08838E-01 1.81670E-01 2.09885E-01 4.50783E-01 6.07095E-01 1.11614E-01 5.13690E-02 2.42252E-03 2.43433E+00
8.14825E-03 5.56599E-02 1.12204E-01 1.83457E-01 2.11550E-01 4.53653E-01 6.12987E-01 1.15081E-01 5.56599E-02 8.14825E-03 2.42201E+00
1.32685E-02 5.94592E-02 1.15138E-01 1.84909E-01 2.12869E-01 4.55989E-01 6.18082E-01 1.18104E-01 5.94592E-02 1.32685E-02 2.40609E+00
1.78674E-02 6.28366E-02 1.17704E-01 1.86079E-01 2.13900E-01 4.57873E-01 6.22494E-01 1.20749E-01 6.28366E-02 1.78674E-02 2.38744E+00
2.20143E-02 6.58491E-02 1.19952E-01 1.87009E-01 2.14684E-01 4.59371E-01 6.26317E-01 1.23067E-01 6.58491E-02 2.20143E-02 2.36675E+00
2.57669E-02 6.85444E-02 1.21926E-01 1.87735E-01 2.15261E-01 4.60539E-01 6.29629E-01 1.25102E-01 6.85444E-02 2.57669E-02 2.34454E+00
2.91733E-02 7.09622E-02 1.23660E-01 1.88285E-01 2.15658E-01 4.61424E-01 6.32495E-01 1.26892E-01 7.09622E-02 2.91733E-02 2.32122E+00
3.22744E-02 7.31359E-02 1.25184E-01 1.88684E-01 2.15903E-01 4.62062E-01 6.34970E-01 1.28466E-01 7.31359E-02 3.22744E-02 2.29712E+00
3.51048E-02 7.50940E-02 1.26524E-01 1.88953E-01 2.16016E-01 4.62488E-01 6.37100E-01 1.29851E-01 7.50940E-02 3.51048E-02 2.27251E+00
3.76941E-02 7.68610E-02 1.27702E-01 1.89108E-01 2.16014E-01 4.62728E-01 6.38925E-01 1.31069E-01 7.68610E-02 3.76941E-02 2.24759E+00
4.00681E-02 7.84578E-02 1.28736E-01 1.89163E-01 2.15914E-01 4.62805E-01 6.40480E-01 1.32138E-01 7.84578E-02 4.00681E-02 2.22252E+00
4.22489E-02 7.99025E-02 1.29641E-01 1.89133E-01 2.15728E-01 4.62740E-01 6.41793E-01 1.33076E-01 7.99025E-02 4.22489E-02 2.19743E+00
4.42558E-02 8.12108E-02 1.30433E-01 1.89028E-01 2.15468E-01 4.62550E-01 6.42892E-01 1.33897E-01 8.12108E-02 4.42558E-02 2.17244E+00
4.61056E-02 8.23965E-02 1.31123E-01 1.88856E-01 2.15142E-01 4.62250E-01 6.43797E-01 1.34613E-01 8.23965E-02 4.61056E-02 2.14761E+00
4.78132E-02 8.34717E-02 1.31721E-01 1.88627E-01 2.14759E-01 4.61854E-01 6.44530E-01 1.35234E-01 8.34717E-02 4.78132E-02 2.12302E+00
4.93917E-02 8.44470E-02 1.32237E-01 1.88346E-01 2.14327E-01 4.61371E-01 6.45107E-01 1.35772E-01 8.44470E-02 4.93917E-02 2.09872E+00
5.08527E-02 8.53318E-02 1.32679E-01 1.88021E-01 2.13852E-01 4.60813E-01 6.45543E-01 1.36233E-01 8.53318E-02 5.08527E-02 2.07474E+00
5.22064E-02 8.61344E-02 1.33055E-01 1.87657E-01 2.13339E-01 4.60188E-01 6.45852E-01 1.36625E-01 8.61344E-02 5.22064E-02 2.05112E+00
5.34621E-02 8.68621E-02 1.33370E-01 1.87259E-01 2.12794E-01 4.59504E-01 6.46046E-01 1.36955E-01 8.68621E-02 5.34621E-02 2.02788E+00
5.46279E-02 8.75216E-02 1.33631E-01 1.86829E-01 2.12219E-01 4.58767E-01 6.46136E-01 1.37229E-01 8.75216E-02 5.46279E-02 2.00503E+00
5.57111E-02 8.81187E-02 1.33842E-01 1.86374E-01 2.11620E-01 4.57984E-01 6.46131E-01 1.37452E-01 8.81187E-02 5.57111E-02 1.98259E+00
5.67184E-02 8.86588E-02 1.34008E-01 1.85895E-01 2.10999E-01 4.57160E-01 6.46040E-01 1.37629E-01 8.86588E-02 5.67184E-02 1.96056E+00
5.76558E-02 8.91466E-02 1.34134E-01 1.85395E-01 2.10360E-01 4.56299E-01 6.45871E-01 1.37763E-01 8.91466E-02 5.76558E-02 1.93895E+00
5.85286E-02 8.95864E-02 1.34222E-01 1.84878E-01 2.09704E-01 4.55406E-01 6.45630E-01 1.37859E-01 8.95864E-02 5.85286E-02 1.91775E+00
5.93416E-02 8.99821E-02 1.34276E-01 1.84345E-01 2.09034E-01 4.54485E-01 6.45324E-01 1.37921E-01 8.99821E-02 5.93416E-02 1.89698E+00
6.00994E-02 9.03372E-02 1.34299E-01 1.83798E-01 2.08353E-01 4.53539E-01 6.44959E-01 1.37950E-01 9.03372E-02 6.00994E-02 1.87662E+00
6.08059E-02 9.06548E-02 1.34294E-01 1.83239E-01 2.07662E-01 4.52571E-01 6.44539E-01 1.37950E-01 9.06548E-02 6.08059E-02 1.85667E+00
6.14648E-02 9.09379E-02 1.34263E-01 1.82671E-01 2.06962E-01 4.51583E-01 6.44069E-01 1.37923E-01 9.09379E-02 6.14648E-02 1.83713E+00
6.20795E-02 9.11891E-02 1.34209E-01 1.82093E-01 2.06256E-01 4.50579E-01 6.43554E-01 1.37872E-01 9.11891E-02 6.20795E-02 1.81798E+00
6.26530E-02 9.14107E-02 1.34133E-01 1.81509E-01 2.05544E-01 4.49560E-01 6.42997E-01 1.37799E-01 9.14107E-02 6.26530E-02 1.79923E+00
6.31881E-02 9.16051E-02 1.34037E-01 1.80918E-01 2.04827E-01 4.48529E-01 6.42402E-01 1.37705E-01 9.16051E-02 6.31881E-02 1.78087E+00
6.36873E-02 9.17741E-02 1.33923E-01 1.80322E-01 2.04107E-01 4.47487E-01 6.41772E-01 1.37592E-01 9.17741E-02 6.36873E-02 1.76288E+00
6.41532E-02 9.19196E-02 1.33792E-01 1.79721E-01 2.03384E-01 4.46436E-01 6.41110E-01 1.37463E-01 9.19196E-02 6.41532E-02 1.74526E+00
6.45877E-02 9.20433E-02 1.33647E-01 1.79118E-01 2.02660E-01 4.45377E-01 6.40418E-01 1.37317E-01 9.20433E-02 6.45877E-02 1.72801E+00
6.49930E-02 9.21468E-02 1.33487E-01 1.78511E-01 2.01935E-01 4.44311E-01 6.39700E-01 1.37157E-01 9.21468E-02 6.49930E-02 1.71111E+00
6.53709E-02 9.22314E-02 1.33314E-01 1.77903E-01 2.01209E-01 4.43241E-01 6.38957E-01 1.36984E-01 9.22314E-02 6.53709E-02 1.69455E+00
6.57231E-02 9.22986E-02 1.33130E-01 1.77294E-01 2.00484E-01 4.42166E-01 6.38192E-01 1.36799E-01 9.22986E-02 6.57231E-02 1.67833E+00
6.60512E-02 9.23494E-02 1.32935E-01 1.76684E-01 1.99759E-01 4.41088E-01 6.37405E-01 1.36602E-01 9.23494E-02 6.60512E-02 1.66244E+00
6.63566E-02 9.23851E-02 1.32730E-01 1.76073E-01 1.99036E-01 4.40008E-01 6.36601E-01 1.36396E-01 9.23851E-02 6.63566E-02 1.64687E+00
6.66408E-02 9.24066E-02 1.32516E-01 1.75463E-01 1.98315E-01 4.38927E-01 6.35778E-01 1.36179E-01 9.24066E-02 6.66408E-02 1.63162E+00
6.69050E-02 9.24149E-02 1.32294E-01 1.74854E-01 1.97596E-01 4.37844E-01 6.34940E-01 1.35955E-01 9.24149E-02 6.69050E-02 1.61666E+00
6.71503E-02 9.24110E-02 1.32064E-01 1.74245E-01 1.96879E-01 4.36762E-01 6.34088E-01 1.35722E-01 9.24110E-02 6.71503E-02 1.60201E+00
0.00000E+00 0.00000E+00 4.79826E-02 1.35088E-01 1.67405E-01 4.10654E-01 5.45894E-01 5.06999E-02 0.00000E+00 0.00000E+00 1.71140E+00
0.00000E+00 0.00000E+00 5.81892E-02 1.40920E-01 1.73040E-01 4.21451E-01 5.66602E-01 6.12688E-02 0.00000E+00 0.00000E+00 1.85829E+00
0.00000E+00 6.57747E-03 6.61867E-02 1.45287E-01 1.77140E-01 4.29221E-01 5.82220E-01 6.95313E-02 6.57747E-03 0.00000E+00 1.93884E+00
0.00000E+00 1.46734E-02 7.26297E-02 1.48592E-01 1.80140E-01 4.34944E-01 5.94440E-01 7.61777E-02 1.46734E-02 0.00000E+00 1.98359E+00
0.00000E+00 2.14016E-02 7.79005E-02 1.51088E-01 1.82311E-01 4.39177E-01 6.04194E-01 8.16087E-02 2.14016E-02 0.00000E+00 2.00902E+00
0.00000E+00 2.70715E-02 8.22683E-02 1.52974E-01 1.83864E-01 4.42291E-01 6.12062E-01 8.61045E-02 2.70715E-02 0.00000E+00 2.02076E+00
0.00000E+00 3.19031E-02 8.59242E-02 1.54388E-01 1.84943E-01 4.44548E-01 6.18454E-01 8.98635E-02 3.19031E-02 0.00000E+00 2.02265E+00
0.00000E+00 3.60584E-02 8.90087E-02 1.55432E-01 1.85654E-01 4.46133E-01 6.23668E-01 9.30316E-02 3.60584E-02 0.00000E+00 2.01739E+00
1.84898E-03 3.96678E-02 9.16405E-02 1.56204E-01 1.86099E-01 4.47204E-01 6.27927E-01 9.57310E-02 3.96678E-02 1.84898E-03 2.00274E+00
6.19731E-03 4.28278E-02 9.39010E-02 1.56757E-01 1.86332E-01 4.47861E-01 6.31403E-01 9.80464E-02 4.28278E-02 6.19731E-03 1.97878E+00
1.00582E-02 4.55970E-02 9.58298E-02 1.57093E-01 1.86354E-01 4.48152E-01 6.34230E-01 1.00020E-01 4.55970E-02 1.00582E-02 1.95330E+00
1.35020E-02 4.80331E-02 9.74777E-02 1.57251E-01 1.86203E-01 4.48139E-01 6.36509E-01 1.01705E-01 4.80331E-02 1.35020E-02 1.92683E+00
1.65863E-02 5.01833E-02 9.88863E-02 1.57261E-01 1.85910E-01 4.47874E-01 6.38321E-01 1.03143E-01 5.01833E-02 1.65863E-02 1.89978E+00
1.93586E-02 5.20867E-02 1.00089E-01 1.57148E-01 1.85501E-01 4.47398E-01 6.39731E-01 1.04370E-01 5.20867E-02 1.93586E-02 1.87245E+00
2.18587E-02 5.37755E-02 1.01116E-01 1.56931E-01 1.84996E-01 4.46746E-01 6.40797E-01 1.05415E-01 5.37755E-02 2.18587E-02 1.84508E+00
2.41199E-02 5.52769E-02 1.01988E-01 1.56628E-01 1.84411E-01 4.45946E-01 6.41565E-01 1.06302E-01 5.52769E-02 2.41199E-02 1.81783E+00
2.61705E-02 5.66140E-02 1.02727E-01 1.56253E-01 1.83760E-01 4.45022E-01 6.42073E-01 1.07051E-01 5.66140E-02 2.61705E-02 1.79084E+00
2.80344E-02 5.78062E-02 1.03350E-01 1.55816E-01 1.83055E-01 4.43992E-01 6.42355E-01 1.07681E-01 5.78062E-02 2.80344E-02 1.76421E+00
2.97323E-02 5.88702E-02 1.03869E-01 1.55329E-01 1.82305E-01 4.42874E-01 6.42440E-01 1.08205E-01 5.88702E-02 2.97323E-02 1.73801E+00
3.12821E-02 5.98205E-02 1.04299E-01 1.54798E-01 1.81518E-01 4.41682E-01 6.42351E-01 1.08637E-01 5.98205E-02 3.12821E-02 1.71230E+00
3.26991E-02 6.06693E-02 1.04649E-01 1.54231E-01 1.80701E-01 4.40426E-01 6.42109E-01 1.08987E-01 6.06693E-02 3.26991E-02 1.68710E+00
3.39968E-02 6.14275E-02 1.04929E-01 1.53633E-01 1.79860E-01 4.39119E-01 6.41733E-01 1.09265E-01 6.14275E-02 3.39968E-02 1.66245E+00
3.51870E-02 6.21046E-02 1.05147E-01 1.53011E-01 1.79000E-01 4.37767E-01 6.41238E-01 1.09479E-01 6.21046E-02 3.51870E-02 1.63836E+00
3.62799E-02 6.27088E-02 1.05308E-01 1.52368E-01 1.78125E-01 4.36379E-01 6.40638E-01 1.09636E-01 6.27088E-02 3.62799E-02 1.61483E+00
3.72847E-02 6.32472E-02 1.05421E-01 1.51707E-01 1.77238E-01 4.34961E-01 6.39945E-01 1.09742E-01 6.32472E-02 3.72847E-02 1.59188E+00
3.82095E-02 6.37264E-02 1.05489E-01 1.51033E-01 1.76342E-01 4.33519E-01 6.39170E-01 1.09803E-01 6.37264E-02 3.82095E-02 1.56949E+00
3.90614E-02 6.41519E-02 1.05518E-01 1.50347E-01 1.75440E-01 4.32056E-01 6.38322E-01 1.09823E-01 6.41519E-02 3.90614E-02 1.54767E+00
3.98467E-02 6.45289E-02 1.05512E-01 1.49652E-01 1.74534E-01 4.30579E-01 6.37409E-01 1.09808E-01 6.45289E-02 3.98467E-02 1.52640E+00
4.05712E-02 6.48617E-02 1.05474E-01 1.48951E-01 1.73627E-01 4.29089E-01 6.36438E-01 1.09760E-01 6.48617E-02 4.05712E-02 1.50568E+00
4.12400E-02 6.51544E-02 1.05408E-01 1.48245E-01 1.72719E-01 4.27590E-01 6.35416E-01 1.09683E-01 6.51544E-02 4.12400E-02 1.48548E+00
4.18577E-02 6.54106E-02 1.05316E-01 1.47535E-01 1.71812E-01 4.26086E-01 6.34349E-01 1.09580E-01 6.54106E-02 4.18577E-02 1.46581E+00
4.24283E-02 6.56334E-02 1.05202E-01 1.46823E-01 1.70907E-01 4.24577E-01 6.33242E-01 1.09454E-01 6.56334E-02 4.24283E-02 1.44665E+00
4.29556E-02 6.58257E-02 1.05067E-01 1.46110E-01 1.70005E-01 4.23067E-01 6.32099E-01 1.09307E-01 6.58257E-02 4.29556E-02 1.42798E+00
4.34429E-02 6.59902E-02 1.04913E-01 1.45398E-01 1.69108E-01 4.21557E-01 6.30925E-01 1.09141E-01 6.59902E-02 4.34429E-02 1.40979E+00
4.38934E-02 6.61292E-02 1.04743E-01 1.44686E-01 1.68215E-01 4.20049E-01 6.29723E-01 1.08958E-01 6.61292E-02 4.38934E-02 1.39206E+00
4.43098E-02 6.62448E-02 1.04559E-01 1.43977E-01 1.67328E-01 4.18544E-01 6.28496E-01 1.08760E-01 6.62448E-02 4.43098E-02 1.37479E+00
4.46945E-02 6.63389E-02 1.04360E-01 1.43269E-01 1.66447E-01 4.17044E-01 6.27249E-01 1.08548E-01 6.63389E-02 4.46945E-02 1.35795E+00
4.50500E-02 6.64133E-02 1.04150E-01 1.42565E-01 1.65573E-01 4.15549E-01 6.25982E-01 1.08324E-01 6.64133E-02 4.50500E-02 1.34154E+00
4.53783E-02 6.64696E-02 1.03929E-01 1.41864E-01 1.64705E-01 4.14060E-01 6.24699E-01 1.08089E-01 6.64696E-02 4.53783E-02 1.32554E+00
4.56813E-02 6.65092E-02 1.03699E-01 1.41167E-01 1.63845E-01 4.12578E-01 6.23402E-01 1.07844E-01 6.65092E-02 4.56813E-02 1.30993E+00
4.59608E-02 6.65335E-02 1.03459E-01 1.40475E-01 1.62993E-01 4.11104E-01 6.22093E-01 1.07591E-01 6.65335E-02 4.59608E-02 1.29471E+00
4.62185E-02 6.65436E-02 1.03212E-01 1.39787E-01 1.62148E-01 4.09639E-01 6.20773E-01 1.07329E-01 6.65436E-02 4.62185E-02 1.27986E+00
4.64557E-02 6.65407E-02 1.02958E-01 1.39104E-01 1.61311E-01 4.08182E-01 6.19445E-01 1.07061E-01 6.65407E-02 4.64557E-02 1.26537E+00
4.66738E-02 6.65258E-02 1.02698E-01 1.38427E-01 1.60482E-01 4.06735E-01 6.18109E-01 1.06786E-01 6.65258E-02 4.66738E-02 1.25123E+00
4.68742E-02 6.64997E-02 1.02432E-01 1.37755E-01 1.59661E-01 4.05297E-01 6.16768E-01 1.06506E-01 6.64997E-02 4.68742E-02 1.23743E+00
4.70580E-02 6.64634E-02 1.02162E-01 1.37088E-01 1.58848E-01 4.03870E-01 6.15421E-01 1.06221E-01 6.64634E-02 4.70580E-02 1.22395E+00
4.72262E-02 6.64177E-02 1.01887E-01 1.36427E-01 1.58044E-01 4.02453E-01 6.14072E-01 1.05932E-01 6.64177E-02 4.72262E-02 1.21079E+00
4.73799E-02 6.63632E-02 1.01609E-01 1.35772E-01 1.57248E-01 4.01046E-01 6.12719E-01 1.05638E-01 6.63632E-02 4.73799E-02 1.19793E+00
4.75200E-02 6.63007E-02 1.01327E-01 1.35122E-01 1.56461E-01 3.99650E-01 6.11365E-01 1.05342E-01 6.63007E-02 4.75200E-02 1.18537E+00
4.76472E-02 6.62307E-02 1.01042E-01 1.34479E-01 1.55681E-01 3.98265E-01 6.10010E-01 1.05043E-01 6.62307E-02 4.76472E-02 1.17309E+00
0.00000E+00 0.00000E+00 4.57730E-02 1.24043E-01 1.59712E-01 4.32439E-01 5.98343E-01 5.06306E-02 0.00000E+00 0.00000E+00 1.52230E+00
0.00000E+00 0.00000E+00 5.33030E-02 1.26725E-01 1.61540E-01 4.37514E-01 6.13282E-01 5.83589E-02 0.00000E+00 0.00000E+00 1.61159E+00
0.00000E+00 5.07451E-03 5.90879E-02 1.28550E-01 1.62571E-01 4.40528E-01 6.23906E-01 6.42666E-02 5.07451E-03 0.00000E+00 1.65148E+00
0.00000E+00 1.12528E-02 6.36496E-02 1.29733E-01 1.63009E-01 4.42158E-01 6.31687E-01 6.89055E-02 1.12528E-02 0.00000E+00 1.66577E+00
0.00000E+00 1.63227E-02 6.72959E-02 1.30426E-01 1.63001E-01 4.42803E-01 6.37438E-01 7.25983E-02 1.63227E-02 0.00000E+00 1.66711E+00
0.00000E+00 2.05425E-02 7.02455E-02 1.30760E-01 1.62675E-01 4.42737E-01 6.41667E-01 7.55728E-02 2.05425E-02 0.00000E+00 1.65964E+00
0.00000E+00 2.40951E-02 7.26527E-02 1.30827E-01 1.62120E-01 4.42148E-01 6.44730E-01 7.79893E-02 2.40951E-02 0.00000E+00 1.64615E+00
0.00000E+00 2.71142E-02 7.46296E-02 1.30692E-01 1.61398E-01 4.41169E-01 6.46883E-01 7.99640E-02 2.71142E-02 0.00000E+00 1.62857E+00
1.36837E-03 2.97061E-02 7.62714E-02 1.30424E-01 1.60577E-01 4.39921E-01 6.48320E-01 8.15951E-02 2.97061E-02 1.36837E-03 1.60503E+00
4.56903E-03 3.19493E-02 7.76414E-02 1.30053E-01 1.59685E-01 4.38468E-01 6.49183E-01 8.29478E-02 3.19493E-02 4.56903E-03 1.57550E+00
7.38885E-03 3.38913E-02 7.87684E-02 1.29568E-01 1.58702E-01 4.36819E-01 6.49567E-01 8.40527E-02 3.38913E-02 7.38885E-03 1.54581E+00
9.88492E-03 3.55787E-02 7.96922E-02 1.28992E-01 1.57650E-01 4.35016E-01 6.49553E-01 8.49505E-02 3.55787E-02 9.88492E-03 1.51625E+00
1.21036E-02 3.70492E-02 8.04450E-02 1.28346E-01 1.56549E-01 4.33096E-01 6.49210E-01 8.56743E-02 3.70492E-02 1.21036E-02 1.48705E+00
1.40832E-02 3.83339E-02 8.10528E-02 1.27644E-01 1.55410E-01 4.31084E-01 6.48590E-01 8.62508E-02 3.83339E-02 1.40832E-02 1.45836E+00
1.58551E-02 3.94583E-02 8.15372E-02 1.26899E-01 1.54247E-01 4.29002E-01 6.47738E-01 8.67021E-02 3.94583E-02 1.58551E-02 1.43029E+00
1.74460E-02 4.04438E-02 8.19159E-02 1.26121E-01 1.53067E-01 4.26870E-01 6.46691E-01 8.70464E-02 4.04438E-02 1.74460E-02 1.40291E+00
1.88781E-02 4.13083E-02 8.22039E-02 1.25318E-01 1.51877E-01 4.24699E-01 6.45479E-01 8.72990E-02 4.13083E-02 1.88781E-02 1.37625E+00
2.01703E-02 4.20669E-02 8.24136E-02 1.24496E-01 1.50683E-01 4.22504E-01 6.44128E-01 8.74727E-02 4.20669E-02 2.01703E-02 1.35036E+00
2.13387E-02 4.27326E-02 8.25557E-02 1.23660E-01 1.49490E-01 4.20291E-01 6.42659E-01 8.75782E-02 4.27326E-02 2.13387E-02 1.32523E+00
2.23972E-02 4.33164E-02 8.26390E-02 1.22816E-01 1.48300E-01 4.18071E-01 6.41092E-01 8.76247E-02 4.33164E-02 2.23972E-02 1.30086E+00
2.33578E-02 4.38277E-02 8.26713E-02 1.21966E-01 1.47117E-01 4.15848E-01 6.39440E-01 8.76199E-02 4.38277E-02 2.33578E-02 1.27726E+00
2.42308E-02 4.42747E-02 8.26591E-02 1.21113E-01 1.45943E-01 4.13628E-01 6.37718E-01 8.75707E-02 4.42747E-02 2.42308E-02 1.25441E+00
2.50253E-02 4.46646E-02 8.26080E-02 1.20261E-01 1.44780E-01 4.11415E-01 6.35936E-01 8.74827E-02 4.46646E-02 2.50253E-02 1.23228E+00
2.57491E-02 4.50035E-02 8.25231E-02 1.19410E-01 1.43629E-01 4.09213E-01 6.34105E-01 8.73610E-02 4.50035E-02 2.57491E-02 1.21087E+00
2.64092E-02 4.52967E-02 8.24084E-02 1.18564E-01 1.42491E-01 4.07025E-01 6.32232E-01 8.72098E-02 4.52967E-02 2.64092E-02 1.19015E+00
2.70116E-02 4.55492E-02 8.22678E-02 1.17722E-01 1.41368E-01 4.04853E-01 6.30326E-01 8.70328E-02 4.55492E-02 2.70116E-02 1.17009E+00
2.75619E-02 4.57650E-02 8.21044E-02 1.16886E-01 1.40259E-01 4.02698E-01 6.28392E-01 8.68334E-02 4.57650E-02 2.75619E-02 1.15068E+00
2.80647E-02 4.59478E-02 8.19210E-02 1.16058E-01 1.39166E-01 4.00564E-01 6.26436E-01 8.66145E-02 4.59478E-02 2.80647E-02 1.13189E+00
2.85244E-02 4.61009E-02 8.17202E-02 1.15237E-01 1.38088E-01 3.98449E-01 6.24462E-01 8.63784E-02 4.61009E-02 2.85244E-02 1.11369E+00
2.89447E-02 4.62272E-02 8.15041E-02 1.14425E-01 1.37026E-01 3.96357E-01 6.22475E-01 8.61275E-02 4.62272E-02 2.89447E-02 1.09607E+00
2.93290E-02 4.63293E-02 8.12746E-02 1.13621E-01 1.35980E-01 3.94287E-01 6.20479E-01 8.58637E-02 4.63293E-02 2.93290E-02 1.07901E+00
2.96804E-02 4.64095E-02 8.10335E-02 1.12827E-01 1.34950E-01 3.92240E-01 6.18476E-01 8.55886E-02 4.64095E-02 2.96804E-02 1.06247E+00
3.00017E-02 4.64698E-02 8.07822E-02 1.12043E-01 1.33936E-01 3.90216E-01 6.16469E-01 8.53038E-02 4.64698E-02 3.00017E-02 1.04644E+00
3.02953E-02 4.65121E-02 8.05221E-02 1.11268E-01 1.32938E-01 3.88216E-01 6.14461E-01 8.50106E-02 4.65121E-02 3.02953E-02 1.03090E+00
3.05635E-02 4.65381E-02 8.02544E-02 1.10503E-01 1.31956E-01 3.86240E-01 6.12454E-01 8.47103E-02 4.65381E-02 3.05635E-02 1.01583E+00
3.08082E-02 4.65492E-02 7.99801E-02 1.09748E-01 1.30990E-01 3.84288E-01 6.10450E-01 8.44038E-02 4.65492E-02 3.08082E-02 1.00121E+00
3.10313E-02 4.65468E-02 7.97002E-02 1.09003E-01 1.30039E-01 3.82360E-01 6.08449E-01 8.40921E-02 4.65468E-02 3.10313E-02 9.87016E-01
3.12345E-02 4.65321E-02 7.94154E-02 1.08269E-01 1.29103E-01 3.80455E-01 6.06455E-01 8.37761E-02 4.65321E-02 3.12345E-02 9.73241E-01
3.14192E-02 4.65063E-02 7.91266E-02 1.07544E-01 1.28182E-01 3.78575E-01 6.04468E-01 8.34565E-02 4.65063E-02 3.14192E-02 9.59865E-01
3.15870E-02 4.64702E-02 7.88344E-02 1.06830E-01 1.27276E-01 3.76718E-01 6.02488E-01 8.31339E-02 4.64702E-02 3.15870E-02 9.46870E-01
3.17389E-02 4.64249E-02 7.85394E-02 1.06125E-01 1.26385E-01 3.74885E-01 6.00518E-01 8.28090E-02 4.64249E-02 3.17389E-02 9.34243E-01
3.18762E-02 4.63711E-02 7.82422E-02 1.05431E-01 1.25508E-01 3.73075E-01 5.98557E-01 8.24822E-02 4.63711E-02 3.18762E-02 9.21968E-01
3.20000E-02 4.63096E-02 7.79431E-02 1.04746E-01 1.24645E-01 3.71287E-01 5.96607E-01 8.21542E-02 4.63096E-02 3.20000E-02 9.10031E-01
3.21111E-02 4.62411E-02 7.76428E-02 1.04071E-01 1.23795E-01 3.69523E-01 5.94669E-01 8.18252E-02 4.62411E-02 3.21111E-02 8.98421E-01
3.22105E-02 4.61661E-02 7.73414E-02 1.03405E-01 1.22959E-01 3.67781E-01 5.92742E-01 8.14956E-02 4.61661E-02 3.22105E-02 8.87123E-01
3.22991E-02 4.60854E-02 7.70395E-02 1.02749E-01 1.22137E-01 3.66061E-01 5.90827E-01 8.11659E-02 4.60854E-02 3.22991E-02 8.76127E-01
3.23775E-02 4.59993E-02 7.67372E-02 1.02103E-01 1.21327E-01 3.64363E-01 5.88925E-01 8.08362E-02 4.59993E-02 3.23775E-02 8.65420E-01
3.24464E-02 4.59083E-02 7.64349E-02 1.01466E-01 1.20530E-01 3.62686E-01 5.87035E-01 8.05069E-02 4.59083E-02 3.24464E-02 8.54991E-01
3.25066E-02 4.58130E-02 7.61328E-02 1.00837E-01 1.19746E-01 3.61031E-01 5.85159E-01 8.01783E-02 4.58130E-02 3.25066E-02 8.44832E-01
3.25585E-02 4.57137E-02 7.58312E-02 1.00218E-01 1.18973E-01 3.59396E-01 5.83296E-01 7.98504E-02 4.57137E-02 3.25585E-02 8.34930E-01
0.00000E+00 0.00000E+00 4.31205E-02 1.09186E-01 1.46242E-01 4.48718E-01 6.52368E-01 5.00751E-02 0.00000E+00 0.00000E+00 1.29852E+00
0.00000E+00 0.00000E+00 4.83565E-02 1.09410E-01 1.44921E-01 4.48011E-01 6.60519E-01 5.52353E-02 0.00000E+00 0.00000E+00 1.35055E+00
0.00000E+00 3.79646E-03 5.22640E-02 1.09287E-01 1.43470E-01 4.46266E-01 6.65342E-01 5.90441E-02 3.79646E-03 0.00000E+00 1.36477E+00
0.00000E+00 8.35850E-03 5.52474E-02 1.08878E-01 1.41883E-01 4.43840E-01 6.68016E-01 6.19179E-02 8.35850E-03 0.00000E+00 1.36021E+00
0.00000E+00 1.20452E-02 5.75465E-02 1.08246E-01 1.40189E-01 4.40956E-01 6.69198E-01 6.41029E-02 1.20452E-02 0.00000E+00 1.34684E+00
0.00000E+00 1.50681E-02 5.93337E-02 1.07466E-01 1.38443E-01 4.37785E-01 6.69304E-01 6.57750E-02 1.50681E-02 0.00000E+00 1.32792E+00
0.00000E+00 1.75760E-02 6.07289E-02 1.06585E-01 1.36680E-01 4.34441E-01 6.68620E-01 6.70563E-02 1.75760E-02 0.00000E+00 1.30557E+00
0.00000E+00 1.96762E-02 6.18186E-02 1.05639E-01 1.34921E-01 4.30996E-01 6.67347E-01 6.80345E-02 1.96762E-02 0.00000E+00 1.28119E+00
9.75557E-04 2.14535E-02 6.26761E-02 1.04671E-01 1.33205E-01 4.27534E-01 6.65649E-01 6.87840E-02 2.14535E-02 9.75557E-04 1.25338E+00
3.24309E-03 2.29696E-02 6.33481E-02 1.03691E-01 1.31533E-01 4.24079E-01 6.63625E-01 6.93518E-02 2.29696E-02 3.24309E-03 1.22203E+00
5.22284E-03 2.42620E-02 6.38540E-02 1.02678E-01 1.29871E-01 4.20599E-01 6.61320E-01 6.97564E-02 2.42620E-02 5.22284E-03 1.19140E+00
6.95974E-03 2.53672E-02 6.42234E-02 1.01645E-01 1.28226E-01 4.17118E-01 6.58795E-01 7.00274E-02 2.53672E-02 6.95974E-03 1.16163E+00
8.49012E-03 2.63146E-02 6.44799E-02 1.00601E-01 1.26606E-01 4.13653E-01 6.56099E-01 7.01886E-02 2.63146E-02 8.49012E-03 1.13282E+00
9.84362E-03 2.71278E-02 6.46425E-02 9.95537E-02 1.25013E-01 4.10215E-01 6.53271E-01 7.02590E-02 2.71278E-02 9.84362E-03 1.10502E+00
1.10447E-02 2.78265E-02 6.47267E-02 9.85090E-02 1.23452E-01 4.06815E-01 6.50342E-01 7.02540E-02 2.78265E-02 1.10447E-02 1.07824E+00
1.21137E-02 2.84268E-02 6.47453E-02 9.74710E-02 1.21923E-01 4.03458E-01 6.47336E-01 7.01861E-02 2.84268E-02 1.21137E-02 1.05249E+00
1.30676E-02 2.89421E-02 6.47085E-02 9.64429E-02 1.20428E-01 4.00150E-01 6.44274E-01 7.00659E-02 2.89421E-02 1.30676E-02 1.02775E+00
1.39208E-02 2.93838E-02 6.46252E-02 9.54271E-02 1.18968E-01 3.96894E-01 6.41172E-01 6.99017E-02 2.93838E-02 1.39208E-02 1.00399E+00
1.46854E-02 2.97615E-02 6.45026E-02 9.44254E-02 1.17542E-01 3.93692E-01 6.38044E-01 6.97009E-02 2.97615E-02 1.46854E-02 9.81191E-01
1.53719E-02 3.00833E-02 6.43467E-02 9.34392E-02 1.16150E-01 3.90546E-01 6.34901E-01 6.94693E-02 3.00833E-02 1.53719E-02 9.59307E-01
1.59891E-02 3.03560E-02 6.41627E-02 9.24693E-02 1.14793E-01 3.87457E-01 6.31752E-01 6.92121E-02 3.03560E-02 1.59891E-02 9.38302E-01
1.65449E-02 3.05856E-02 6.39550E-02 9.15165E-02 1.13468E-01 3.84424E-01 6.28604E-01 6.89334E-02 3.05856E-02 1.65449E-02 9.18141E-01
1.70457E-02 3.07773E-02 6.37272E-02 9.05812E-02 1.12176E-01 3.81447E-01 6.25463E-01 6.86369E-02 3.07773E-02 1.70457E-02 8.98783E-01
1.74975E-02 3.09354E-02 6.34825E-02 8.96635E-02 1.10916E-01 3.78527E-01 6.22336E-01 6.83255E-02 3.09354E-02 1.74975E-02 8.80191E-01
1.79053E-02 3.10638E-02 6.32237E-02 8.87635E-02 1.09687E-01 3.75662E-01 6.19225E-01 6.80020E-02 3.10638E-02 1.79053E-02 8.62328E-01
1.82736E-02 3.11659E-02 6.29529E-02 8.78813E-02 1.08488E-01 3.72852E-01 6.16134E-01 6.76685E-02 3.11659E-02 1.82736E-02 8.45158E-01
1.86062E-02 3.12446E-02 6.26722E-02 8.70167E-02 1.07318E-01 3.70096E-01 6.13067E-01 6.73270E-02 3.12446E-02 1.86062E-02 8.28649E-01
1.89066E-02 3.13024E-02 6.23834E-02 8.61696E-02 1.06177E-01 3.67392E-01 6.10024E-01 6.69791E-02 3.13024E-02 1.89066E-02 8.12765E-01
1.91779E-02 3.13417E-02 6.20879E-02 8.53395E-02 1.05063E-01 3.64740E-01 6.07009E-01 6.66261E-02 3.13417E-02 1.91779E-02 7.97477E-01
1.94228E-02 3.13643E-02 6.17870E-02 8.45264E-02 1.03976E-01 3.62139E-01 6.04023E-01 6.62694E-02 3.13643E-02 1.94228E-02 7.82755E-01
1.96436E-02 3.13722E-02 6.14818E-02 8.37298E-02 1.02914E-01 3.59586E-01 6.01066E-01 6.59100E-02 3.13722E-02 1.96436E-02 7.68571E-01
1.98427E-02 3.13668E-02 6.11733E-02 8.29495E-02 1.01877E-01 3.57082E-01 5.98140E-01 6.55487E-02 3.13668E-02 1.98427E-02 7.54898E-01
2.00218E-02 3.13495E-02 6.08623E-02 8.21850E-02 1.00865E-01 3.54624E-01 5.95245E-01 6.51864E-02 3.13495E-02 2.00218E-02 7.41712E-01
2.01828E-02 3.13216E-02 6.05496E-02 8.14360E-02 9.98756E-02 3.52212E-01 5.92382E-01 6.48237E-02 3.13216E-02 2.01828E-02 7.28988E-01
2.03271E-02 3.12841E-02 6.02358E-02 8.07022E-02 9.89088E-02 3.49845E-01 5.89551E-01 6.44612E-02 3.12841E-02 2.03271E-02 7.16704E-01
2.04563E-02 3.12382E-02 5.99215E-02 7.99832E-02 9.79638E-02 3.47521E-01 5.86753E-01 6.40995E-02 3.12382E-02 2.04563E-02 7.04839E-01
2.05715E-02 3.11845E-02 5.96071E-02 7.92785E-02 9.70400E-02 3.45239E-01 5.83987E-01 6.37389E-02 3.11845E-02 2.05715E-02 6.93373E-01
2.06739E-02 3.11241E-02 5.92930E-02 7.85879E-02 9.61365E-02 3.42998E-01 5.81254E-01 6.33798E-02 3.11241E-02 2.06739E-02 6.82288E-01
2.07645E-02 3.10574E-02 5.89797E-02 7.79109E-02 9.52527E-02 3.40797E-01 5.78553E-01 6.30225E-02 3.10574E-02 2.07645E-02 6.71565E-01
2.08443E-02 3.09853E-02 5.86675E-02 7.72472E-02 9.43880E-02 3.38635E-01 5.75884E-01 6.26674E-02 3.09853E-02 2.08443E-02 6.61188E-01
2.09142E-02 3.09082E-02 5.83565E-02 7.65964E-02 9.35417E-02 3.36510E-01 5.73247E-01 6.23146E-02 3.09082E-02 2.09142E-02 6.51141E-01
2.09749E-02 3.08267E-02 5.80472E-02 7.59583E-02 9.27133E-02 3.34422E-01 5.70642E-01 6.19644E-02 3.08267E-02 2.09749E-02 6.41409E-01
2.10272E-02 3.07413E-02 5.77396E-02 7.53324E-02 9.19023E-02 3.32370E-01 5.68068E-01 6.16169E-02 3.07413E-02 2.10272E-02 6.31978E-01
2.10716E-02 3.06523E-02 5.74339E-02 7.47184E-02 9.11080E-02 3.30353E-01 5.65526E-01 6.12723E-02 3.06523E-02 2.10716E-02 6.22834E-01
2.11088E-02 3.05603E-02 5.71304E-02 7.41160E-02 9.03299E-02 3.28370E-01 5.63014E-01 6.09306E-02 3.05603E-02 2.11088E-02 6.13966E-01
2.11394E-02 3.04654E-02 5.68291E-02 7.35249E-02 8.95675E-02 3.26420E-01 5.60532E-01 6.05921E-02 3.04654E-02 2.11394E-02 6.05361E-01
2.11638E-02 3.03681E-02 5.65301E-02 7.29448E-02 8.88203E-02 3.24502E-01 5.58081E-01 6.02567E-02 3.03681E-02 2.11638E-02 5.97008E-01
2.11825E-02 3.02686E-02 5.62336E-02 7.23753E-02 8.80880E-02 3.22616E-01 5.55659E-01 5.99246E-02 3.02686E-02 2.11825E-02 5.88896E-01
2.11959E-02 3.01672E-02 5.59396E-02 7.18163E-02 8.73699E-02 3.20759E-01 5.53266E-01 5.95957E-02 3.01672E-02 2.11959E-02 5.81016E-01
2.12044E-02 3.00641E-02 5.56482E-02 7.12673E-02 8.66657E-02 3.18933E-01 5.50902E-01 5.92702E-02 3.00641E-02 2.12044E-02 5.73357E-01
0.00000E+00 0.00000E+00 3.99994E-02 9.09297E-02 1.26475E-01 4.57913E-01 7.05451E-01 4.82493E-02 0.00000E+00 0.00000E+00 1.08586E+00
0.00000E+00 0.00000E+00 4.33137E-02 8.94834E-02 1.22899E-01 4.51338E-01 7.05421E-01 5.11655E-02 0.00000E+00 0.00000E+00 1.11087E+00
0.00000E+00 2.72739E-03 4.56614E-02 8.80659E-02 1.19726E-01 4.44814E-01 7.03354E-01 5.31680E-02 2.72739E-03 0.00000E+00 1.10637E+00
0.00000E+00 5.94874E-03 4.73480E-02 8.66285E-02 1.16781E-01 4.38353E-01 7.00037E-01 5.45474E-02 5.94874E-03 0.00000E+00 1.08823E+00
0.00000E+00 8.50081E-03 4.85547E-02 8.51704E-02 1.14000E-01 4.31993E-01 6.95913E-01 5.54769E-02 8.50081E-03 0.00000E+00 1.06447E+00
0.00000E+00 1.05536E-02 4.94121E-02 8.37201E-02 1.11374E-01 4.25794E-01 6.91280E-01 5.60826E-02 1.05536E-02 0.00000E+00 1.03776E+00
0.00000E+00 1.22247E-02 5.00095E-02 8.22940E-02 1.08895E-01 4.19784E-01 6.86327E-01 5.64501E-02 1.22247E-02 0.00000E+00 1.00974E+00
0.00000E+00 1.35980E-02 5.04097E-02 8.09017E-02 1.06550E-01 4.13977E-01 6.81183E-01 5.66395E-02 1.35980E-02 0.00000E+00 9.81392E-01
6.61049E-04 1.47386E-02 5.06664E-02 7.95654E-02 1.04351E-01 4.08412E-01 6.75971E-01 5.67029E-02 1.47386E-02 6.61049E-04 9.51656E-01
2.18602E-03 1.56932E-02 5.08116E-02 7.82820E-02 1.02282E-01 4.03072E-01 6.70737E-01 5.66698E-02 1.56932E-02 2.18602E-03 9.20389E-01
3.50312E-03 1.64905E-02 5.08560E-02 7.70235E-02 1.00294E-01 3.97885E-01 6.65463E-01 5.65474E-02 1.64905E-02 3.50312E-03 8.90522E-01
4.64642E-03 1.71577E-02 5.08201E-02 7.57936E-02 9.83872E-02 3.92849E-01 6.60181E-01 5.63552E-02 1.71577E-02 4.64642E-03 8.62077E-01
5.64324E-03 1.77165E-02 5.07200E-02 7.45947E-02 9.65563E-02 3.87965E-01 6.54919E-01 5.61082E-02 1.77165E-02 5.64324E-03 8.35039E-01
6.51568E-03 1.81843E-02 5.05683E-02 7.34281E-02 9.47984E-02 3.83227E-01 6.49696E-01 5.58181E-02 1.81843E-02 6.51568E-03 8.09366E-01
7.28184E-03 1.85754E-02 5.03753E-02 7.22943E-02 9.31098E-02 3.78634E-01 6.44526E-01 5.54944E-02 1.85754E-02 7.28184E-03 7.85004E-01
7.95663E-03 1.89012E-02 5.01490E-02 7.11933E-02 9.14869E-02 3.74178E-01 6.39418E-01 5.51446E-02 1.89012E-02 7.95663E-03 7.61892E-01
8.55245E-03 1.91715E-02 4.98960E-02 7.01249E-02 8.99264E-02 3.69857E-01 6.34382E-01 5.47747E-02 1.91715E-02 8.55245E-03 7.39963E-01
9.07968E-03 1.93942E-02 4.96218E-02 6.90882E-02 8.84248E-02 3.65664E-01 6.29421E-01 5.43894E-02 1.93942E-02 9.07968E-03 7.19150E-01
9.54708E-03 1.95759E-02 4.93308E-02 6.80827E-02 8.69790E-02 3.61594E-01 6.24540E-01 5.39928E-02 1.95759E-02 9.54708E-03 6.99387E-01
9.96204E-03 1.97223E-02 4.90265E-02 6.71073E-02 8.55861E-02 3.57643E-01 6.19742E-01 5.35880E-02 1.97223E-02 9.96204E-03 6.80611E-01
1.03309E-02 1.98381E-02 4.87119E-02 6.61611E-02 8.42433E-02 3.53805E-01 6.15026E-01 5.31777E-02 1.98381E-02 1.03309E-02 6.62762E-01
1.06591E-02 1.99274E-02 4.83896E-02 6.52432E-02 8.29479E-02 3.50076E-01 6.10394E-01 5.27640E-02 1.99274E-02 1.06591E-02 6.45780E-01
1.09513E-02 1.99935E-02 4.80616E-02 6.43525E-02 8.16974E-02 3.46451E-01 6.05846E-01 5.23485E-02 1.99935E-02 1.09513E-02 6.29613E-01
1.12115E-02 2.00396E-02 4.77295E-02 6.34880E-02 8.04895E-02 3.42925E-01 6.01382E-01 5.19328E-02 2.00396E-02 1.12115E-02 6.14209E-01
1.14432E-02 2.00680E-02 4.73948E-02 6.26486E-02 7.93220E-02 3.39495E-01 5.97000E-01 5.15180E-02 2.00680E-02 1.14432E-02 5.99520E-01
1.16494E-02 2.00811E-02 4.70587E-02 6.18335E-02 7.81929E-02 3.36157E-01 5.92699E-01 5.11051E-02 2.00811E-02 1.16494E-02 5.85503E-01
1.18329E-02 2.00806E-02 4.67221E-02 6.10417E-02 7.71003E-02 3.32906E-01 5.88478E-01 5.06948E-02 2.00806E-02 1.18329E-02 5.72116E-01
1.19960E-02 2.00683E-02 4.63860E-02 6.02723E-02 7.60424E-02 3.29739E-01 5.84335E-01 5.02878E-02 2.00683E-02 1.19960E-02 5.59321E-01
1.21408E-02 2.00457E-02 4.60510E-02 5.95243E-02 7.50175E-02 3.26652E-01 5.80269E-01 4.98846E-02 2.00457E-02 1.21408E-02 5.47081E-01
1.22690E-02 2.00139E-02 4.57176E-02 5.87969E-02 7.40240E-02 3.23643E-01 5.76279E-01 4.94856E-02 2.00139E-02 1.22690E-02 5.35365E-01
1.23823E-02 1.99742E-02 4.53863E-02 5.80894E-02 7.30605E-02 3.20708E-01 5.72362E-01 4.90912E-02 1.99742E-02 1.23823E-02 5.24140E-01
1.24821E-02 1.99274E-02 4.50576E-02 5.74009E-02 7.21255E-02 3.17844E-01 5.68516E-01 4.87015E-02 1.99274E-02 1.24821E-02 5.13379E-01
1.25697E-02 1.98744E-02 4.47317E-02 5.67307E-02 7.12178E-02 3.15049E-01 5.64741E-01 4.83168E-02 1.98744E-02 1.25697E-02 5.03055E-01
1.26463E-02 1.98160E-02 4.44089E-02 5.60780E-02 7.03361E-02 3.12319E-01 5.61034E-01 4.79373E-02 1.98160E-02 1.26463E-02 4.93142E-01
1.27127E-02 1.97528E-02 4.40895E-02 5.54422E-02 6.94793E-02 3.09653E-01 5.57393E-01 4.75630E-02 1.97528E-02 1.27127E-02 4.83619E-01
1.27701E-02 1.96855E-02 4.37735E-02 5.48227E-02 6.86462E-02 3.07047E-01 5.53817E-01 4.71940E-02 1.96855E-02 1.27701E-02 4.74462E-01
1.28191E-02 1.96146E-02 4.34612E-02 5.42188E-02 6.78360E-02 3.04500E-01 5.50304E-01 4.68304E-02 1.96146E-02 1.28191E-02 4.65654E-01
1.28606E-02 1.95405E-02 4.31527E-02 5.36300E-02 6.70475E-02 3.02010E-01 5.46853E-01 4.64721E-02 1.95405E-02 1.28606E-02 4.57173E-01
1.28952E-02 1.94637E-02 4.28479E-02 5.30556E-02 6.62800E-02 2.99574E-01 5.43461E-01 4.61192E-02 1.94637E-02 1.28952E-02 4.49004E-01
1.29234E-02 1.93844E-02 4.25471E-02 5.24951E-02 6.55325E-02 2.97191E-01 5.40128E-01 4.57717E-02 1.93844E-02 1.29234E-02 4.41130E-01
1.29459E-02 1.93032E-02 4.22502E-02 5.19481E-02 6.48041E-02 2.94858E-01 5.36851E-01 4.54296E-02 1.93032E-02 1.29459E-02 4.33536E-01
1.29631E-02 1.92201E-02 4.19572E-02 5.14140E-02 6.40943E-02 2.92574E-01 5.33630E-01 4.50927E-02 1.92201E-02 1.29631E-02 4.26207E-01
1.29754E-02 1.91356E-02 4.16682E-02 5.08923E-02 6.34021E-02 2.90337E-01 5.30463E-01 4.47610E-02 1.91356E-02 1.29754E-02 4.19131E-01
1.29834E-02 1.90499E-02 4.13831E-02 5.03827E-02 6.27270E-02 2.88145E-01 5.27348E-01 4.44345E-02 1.90499E-02 1.29834E-02 4.12294E-01
1.29873E-02 1.89630E-02 4.11019E-02 4.98847E-02 6.20683E-02 2.85998E-01 5.24284E-01 4.41131E-02 1.89630E-02 1.29873E-02 4.05685E-01
1.29875E-02 1.88754E-02 4.08247E-02 4.93979E-02 6.14253E-02 2.83893E-01 5.21269E-01 4.37967E-02 1.88754E-02 1.29875E-02 3.99293E-01
1.29842E-02 1.87870E-02 4.05513E-02 4.89219E-02 6.07974E-02 2.81830E-01 5.18303E-01 4.34853E-02 1.87870E-02 1.29842E-02 3.93109E-01
1.29779E-02 1.86981E-02 4.02818E-02 4.84563E-02 6.01842E-02 2.79806E-01 5.15384E-01 4.31788E-02 1.86981E-02 1.29779E-02 3.87121E-01
1.29687E-02 1.86088E-02 4.00161E-02 4.80009E-02 5.95851E-02 2.77821E-01 5.12511E-01 4.28770E-02 1.86088E-02 1.29687E-02 3.81321E-01
1.29568E-02 1.85193E-02 3.97542E-02 4.75551E-02 5.89995E-02 2.75873E-01 5.09683E-01 4.25799E-02 1.85193E-02 1.29568E-02 3.75701E-01
0.00000E+00 0.00000E+00 3.64806E-02 7.05237E-02 1.01068E-01 4.58083E-01 7.52915E-01 4.44253E-02 0.00000E+00 0.00000E+00 9.11199E-01
0.00000E+00 0.00000E+00 3.81644E-02 6.81535E-02 9.62825E-02 4.45413E-01 7.42888E-01 4.54782E-02 0.00000E+00 0.00000E+00 9.07771E-01
0.00000E+00 1.83059E-03 3.92191E-02 6.60630E-02 9.22612E-02 4.34023E-01 7.32584E-01 4.60246E-02 1.83059E-03 0.00000E+00 8.84205E-01
0.00000E+00 3.94630E-03 3.98557E-02 6.41335E-02 8.87161E-02 4.23526E-01 7.22229E-01 4.62336E-02 3.94630E-03 0.00000E+00 8.52957E-01
0.00000E+00 5.58134E-03 4.01984E-02 6.23204E-02 8.55149E-02 4.13745E-01 7.11971E-01 4.62077E-02 5.58134E-03 0.00000E+00 8.19945E-01
0.00000E+00 6.86533E-03 4.03379E-02 6.06186E-02 8.26037E-02 4.04610E-01 7.01932E-01 4.60250E-02 6.86533E-03 0.00000E+00 7.86967E-01
0.00000E+00 7.88606E-03 4.03336E-02 5.90208E-02 7.99397E-02 3.96057E-01 6.92172E-01 4.57361E-02 7.88606E-03 0.00000E+00 7.54964E-01
0.00000E+00 8.70512E-03 4.02262E-02 5.75189E-02 7.74887E-02 3.88025E-01 6.82723E-01 4.53752E-02 8.70512E-03 0.00000E+00 7.24406E-01
4.15354E-04 9.36919E-03 4.00510E-02 5.61186E-02 7.52409E-02 3.80511E-01 6.73646E-01 4.49734E-02 9.36919E-03 4.15354E-04 6.94367E-01
1.36519E-03 9.91117E-03 3.98265E-02 5.48072E-02 7.31664E-02 3.73450E-01 6.64921E-01 4.45446E-02 9.91117E-03 1.36519E-03 6.64559E-01
2.17534E-03 1.03515E-02 3.95555E-02 5.35551E-02 7.12156E-02 3.66722E-01 6.56447E-01 4.40866E-02 1.03515E-02 2.17534E-03 6.36779E-01
2.86999E-03 1.07092E-02 3.92503E-02 5.23598E-02 6.93778E-02 3.60304E-01 6.48223E-01 4.36094E-02 1.07092E-02 2.86999E-03 6.10899E-01
3.46831E-03 1.09989E-02 3.89202E-02 5.12184E-02 6.76431E-02 3.54174E-01 6.40246E-01 4.31205E-02 1.09989E-02 3.46831E-03 5.86780E-01
3.98567E-03 1.12325E-02 3.85723E-02 5.01280E-02 6.60028E-02 3.48312E-01 6.32511E-01 4.26254E-02 1.12325E-02 3.98567E-03 5.64288E-01
4.43454E-03 1.14194E-02 3.82120E-02 4.90856E-02 6.44492E-02 3.42700E-01 6.25010E-01 4.21283E-02 1.14194E-02 4.43454E-03 5.43294E-01
4.82506E-03 1.15673E-02 3.78437E-02 4.80886E-02 6.29754E-02 3.37320E-01 6.17736E-01 4.16324E-02 1.15673E-02 4.82506E-03 5.23674E-01
5.16563E-03 1.16825E-02 3.74705E-02 4.71342E-02 6.15751E-02 3.32157E-01 6.10680E-01 4.11401E-02 1.16825E-02 5.16563E-03 5.05317E-01
5.46321E-03 1.17699E-02 3.70951E-02 4.62199E-02 6.02428E-02 3.27198E-01 6.03833E-01 4.06530E-02 1.17699E-02 5.46321E-03 4.88118E-01
5.72359E-03 1.18339E-02 3.67195E-02 4.53433E-02 5.89734E-02 3.22429E-01 5.97187E-01 4.01725E-02 1.18339E-02 5.72359E-03 4.71982E-01
5.95167E-03 1.18781E-02 3.63453E-02 4.45022E-02 5.77624E-02 3.17838E-01 5.90734E-01 3.96996E-02 1.18781E-02 5.95167E-03 4.56824E-01
6.15159E-03 1.19053E-02 3.59737E-02 4.36945E-02 5.66056E-02 3.13415E-01 5.84465E-01 3.92349E-02 1.19053E-02 6.15159E-03 4.42564E-01
6.32686E-03 1.19181E-02 3.56057E-02 4.29184E-02 5.54994E-02 3.09150E-01 5.78373E-01 3.87788E-02 1.19181E-02 6.32686E-03 4.29132E-01
6.48048E-03 1.19185E-02 3.52419E-02 4.21719E-02 5.44403E-02 3.05033E-01 5.72449E-01 3.83318E-02 1.19185E-02 6.48048E-03 4.16462E-01
6.61504E-03 1.19083E-02 3.48830E-02 4.14535E-02 5.34253E-02 3.01057E-01 5.66688E-01 3.78940E-02 1.19083E-02 6.61504E-03 4.04495E-01
6.73274E-03 1.18891E-02 3.45294E-02 4.07615E-02 5.24516E-02 2.97213E-01 5.61082E-01 3.74654E-02 1.18891E-02 6.73274E-03 3.93179E-01
6.83553E-03 1.18621E-02 3.41813E-02 4.00945E-02 5.15165E-02 2.93494E-01 5.55623E-01 3.70461E-02 1.18621E-02 6.83553E-03 3.82465E-01
6.92507E-03 1.18284E-02 3.38391E-02 3.94512E-02 5.06177E-02 2.89894E-01 5.50308E-01 3.66360E-02 1.18284E-02 6.92507E-03 3.72308E-01
7.00282E-03 1.17891E-02 3.35027E-02 3.88302E-02 4.97530E-02 2.86406E-01 5.45128E-01 3.62350E-02 1.17891E-02 7.00282E-03 3.62668E-01
7.07005E-03 1.17449E-02 3.31724E-02 3.82305E-02 4.89205E-02 2.83025E-01 5.40079E-01 3.58429E-02 1.17449E-02 7.07005E-03 3.53510E-01
7.12789E-03 1.16965E-02 3.28481E-02 3.76509E-02 4.81183E-02 2.79745E-01 5.35155E-01 3.54597E-02 1.16965E-02 7.12789E-03 3.44798E-01
7.17732E-03 1.16445E-02 3.25300E-02 3.70904E-02 4.73447E-02 2.76562E-01 5.30352E-01 3.50851E-02 1.16445E-02 7.17732E-03 3.36503E-01
7.21920E-03 1.15895E-02 3.22178E-02 3.65481E-02 4.65981E-02 2.73470E-01 5.25665E-01 3.47189E-02 1.15895E-02 7.21920E-03 3.28597E-01
7.25431E-03 1.15320E-02 3.19117E-02 3.60230E-02 4.58771E-02 2.70465E-01 5.21088E-01 3.43610E-02 1.15320E-02 7.25431E-03 3.21054E-01
7.28333E-03 1.14723E-02 3.16114E-02 3.55144E-02 4.51803E-02 2.67544E-01 5.16618E-01 3.40111E-02 1.14723E-02 7.28333E-03 3.13850E-01
7.30687E-03 1.14108E-02 3.13170E-02 3.50213E-02 4.45065E-02 2.64702E-01 5.12251E-01 3.36690E-02 1.14108E-02 7.30687E-03 3.06964E-01
7.32546E-03 1.13479E-02 3.10284E-02 3.45432E-02 4.38545E-02 2.61936E-01 5.07982E-01 3.33345E-02 1.13479E-02 7.32546E-03 3.00376E-01
7.33959E-03 1.12837E-02 3.07454E-02 3.40793E-02 4.32232E-02 2.59243E-01 5.03809E-01 3.30073E-02 1.12837E-02 7.33959E-03 2.94068E-01
7.34969E-03 1.12185E-02 3.04679E-02 3.36290E-02 4.26116E-02 2.56619E-01 4.99727E-01 3.26874E-02 1.12185E-02 7.34969E-03 2.88022E-01
7.35614E-03 1.11526E-02 3.01958E-02 3.31917E-02 4.20187E-02 2.54062E-01 4.95734E-01 3.23744E-02 1.11526E-02 7.35614E-03 2.82223E-01
7.35930E-03 1.10861E-02 2.99290E-02 3.27667E-02 4.14437E-02 2.51569E-01 4.91826E-01 3.20682E-02 1.10861E-02 7.35930E-03 2.76657E-01
7.35948E-03 1.10191E-02 2.96674E-02 3.23536E-02 4.08857E-02 2.49137E-01 4.88000E-01 3.17685E-02 1.10191E-02 7.35948E-03 2.71311E-01
7.35695E-03 1.09519E-02 2.94109E-02 3.19519E-02 4.03440E-02 2.46763E-01 4.84253E-01 3.14752E-02 1.09519E-02 7.35695E-03 2.66171E-01
7.35198E-03 1.08845E-02 2.91592E-02 3.15610E-02 3.98177E-02 2.44446E-01 4.80583E-01 3.11881E-02 1.08845E-02 7.35198E-03 2.61226E-01
7.34479E-03 1.08170E-02 2.89124E-02 3.11805E-02 3.93064E-02 2.42184E-01 4.76987E-01 3.09070E-02 1.08170E-02 7.34479E-03 2.56466E-01
7.33559E-03 1.07496E-02 2.86703E-02 3.08100E-02 3.88092E-02 2.39973E-01 4.73462E-01 3.06318E-02 1.07496E-02 7.33559E-03 2.51881E-01
7.32456E-03 1.06823E-02 2.84328E-02 3.04491E-02 3.83256E-02 2.37813E-01 4.70007E-01 3.03621E-02 1.06823E-02 7.32456E-03 2.47461E-01
7.31188E-03 1.06152E-02 2.81997E-02 3.00975E-02 3.78550E-02 2.35701E-01 4.66618E-01 3.00980E-02 1.06152E-02 7.31188E-03 2.43197E-01
7.29771E-03 1.05484E-02 2.79710E-02 2.97546E-02 3.73968E-02 2.33635E-01 4.63294E-01 2.98391E-02 1.05484E-02 7.29771E-03 2.39083E-01
7.28218E-03 1.04819E-02 2.77465E-02 2.94203E-02 3.69507E-02 2.31614E-01 4.60033E-01 2.95854E-02 1.04819E-02 7.28218E-03 2.35110E-01
7.26542E-03 1.04157E-02 2.75261E-02 2.90941E-02 3.65160E-02 2.29637E-01 4.56832E-01 2.93367E-02 1.04157E-02 7.26542E-03 2.31270E-01
0.00000E+00 0.00000E+00 3.26154E-02 4.98678E-02 7.22808E-02 4.45607E-01 7.86269E-01 3.84830E-02 0.00000E+00 0.00000E+00 7.59203E-01
0.00000E+00 0.00000E+00 3.29075E-02 4.72064E-02 6.73846E-02 4.26618E-01 7.64296E-01 3.81408E-02 0.00000E+00 0.00000E+00 7.23330E-01
0.00000E+00 1.08738E-03 3.29136E-02 4.49800E-02 6.34203E-02 4.10354E-01 7.44430E-01 3.76572E-02 1.08738E-03 0.00000E+00 6.80586E-01
0.00000E+00 2.31536E-03 3.27361E-02 4.30233E-02 6.00428E-02 3.95938E-01 7.26102E-01 3.70821E-02 2.31536E-03 0.00000E+00 6.38034E-01
0.00000E+00 3.23922E-03 3.24372E-02 4.12613E-02 5.70847E-02 3.82928E-01 7.09039E-01 3.64506E-02 3.23922E-03 0.00000E+00 5.98518E-01
0.00000E+00 3.94584E-03 3.20652E-02 3.96649E-02 5.44646E-02 3.71099E-01 6.93116E-01 3.57954E-02 3.94584E-03 0.00000E+00 5.62378E-01
0.00000E+00 4.49286E-03 3.16497E-02 3.82100E-02 5.21217E-02 3.60273E-01 6.78219E-01 3.51357E-02 4.49286E-03 0.00000E+00 5.29547E-01
0.00000E+00 4.91997E-03 3.12100E-02 3.68772E-02 5.00101E-02 3.50307E-01 6.64242E-01 3.44827E-02 4.91997E-03 0.00000E+00 4.99791E-01
2.32505E-04 5.25643E-03 3.07637E-02 3.56601E-02 4.81070E-02 3.41141E-01 6.51168E-01 3.38496E-02 5.25643E-03 2.32505E-04 4.72131E-01
7.59408E-04 5.52261E-03 3.03172E-02 3.45414E-02 4.63783E-02 3.32659E-01 6.38886E-01 3.32377E-02 5.52261E-03 7.59408E-04 4.46053E-01
1.20301E-03 5.73146E-03 2.98667E-02 3.34941E-02 4.47788E-02 3.24693E-01 6.27199E-01 3.26381E-02 5.73146E-03 1.20301E-03 4.22400E-01
1.57852E-03 5.89445E-03 2.94170E-02 3.25116E-02 4.32941E-02 3.17194E-01 6.16060E-01 3.20533E-02 5.89445E-03 1.57852E-03 4.00889E-01
1.89789E-03 6.02042E-03 2.89715E-02 3.15882E-02 4.19116E-02 3.10118E-01 6.05432E-01 3.14848E-02 6.02042E-03 1.89789E-03 3.81274E-01
2.17056E-03 6.11632E-03 2.85326E-02 3.07187E-02 4.06208E-02 3.03426E-01 5.95275E-01 3.09336E-02 6.11632E-03 2.17056E-03 3.63339E-01
2.40412E-03 6.18763E-03 2.81020E-02 2.98986E-02 3.94126E-02 2.97084E-01 5.85558E-01 3.03998E-02 6.18763E-03 2.40412E-03 3.46894E-01
2.60469E-03 6.23874E-03 2.76807E-02 2.91238E-02 3.82789E-02 2.91063E-01 5.76249E-01 2.98834E-02 6.23874E-03 2.60469E-03 3.31776E-01
2.77730E-03 6.27318E-03 2.72694E-02 2.83905E-02 3.72128E-02 2.85336E-01 5.67321E-01 2.93842E-02 6.27318E-03 2.77730E-03 3.17842E-01
2.92605E-03 6.29381E-03 2.68684E-02 2.76954E-02 3.62081E-02 2.79881E-01 5.58748E-01 2.89018E-02 6.29381E-03 2.92605E-03 3.04967E-01
3.05436E-03 6.30297E-03 2.64780E-02 2.70356E-02 3.52596E-02 2.74677E-01 5.50507E-01 2.84356E-02 6.30297E-03 3.05436E-03 2.93043E-01
3.16507E-03 6.30259E-03 2.60981E-02 2.64084E-02 3.43625E-02 2.69705E-01 5.42579E-01 2.79852E-02 6.30259E-03 3.16507E-03 2.81975E-01
3.26056E-03 6.29424E-03 2.57288E-02 2.58114E-02 3.35126E-02 2.64949E-01 5.34942E-01 2.75499E-02 6.29424E-03 3.26056E-03 2.71677E-01
3.34285E-03 6.27925E-03 2.53698E-02 2.52425E-02 3.27061E-02 2.60392E-01 5.27580E-01 2.71292E-02 6.27925E-03 3.34285E-03 2.62078E-01
3.41364E-03 6.25871E-03 2.50209E-02 2.46996E-02 3.19397E-02 2.56023E-01 5.20476E-01 2.67224E-02 6.25871E-03 3.41364E-03 2.53110E-01
3.47439E-03 6.23355E-03 2.46819E-02 2.41810E-02 3.12103E-02 2.51828E-01 5.13616E-01 2.63289E-02 6.23355E-03 3.47439E-03 2.44718E-01
3.52635E-03 6.20453E-03 2.43524E-02 2.36849E-02 3.05153E-02 2.47796E-01 5.06986E-01 2.59481E-02 6.20453E-03 3.52635E-03 2.36849E-01
3.57058E-03 6.17230E-03 2.40323E-02 2.32101E-02 2.98521E-02 2.43917E-01 5.00573E-01 2.55796E-02 6.17230E-03 3.57058E-03 2.29458E-01
3.60800E-03 6.13743E-03 2.37211E-02 2.27550E-02 2.92187E-02 2.40181E-01 4.94366E-01 2.52227E-02 6.13743E-03 3.60800E-03 2.22505E-01
3.63942E-03 6.10037E-03 2.34187E-02 2.23185E-02 2.86129E-02 2.36581E-01 4.88353E-01 2.48770E-02 6.10037E-03 3.63942E-03 2.15953E-01
3.66553E-03 6.06152E-03 2.31246E-02 2.18993E-02 2.80329E-02 2.33108E-01 4.82525E-01 2.45419E-02 6.06152E-03 3.66553E-03 2.09770E-01
3.68694E-03 6.02123E-03 2.28386E-02 2.14965E-02 2.74771E-02 2.29755E-01 4.76873E-01 2.42169E-02 6.02123E-03 3.68694E-03 2.03927E-01
3.70417E-03 5.97977E-03 2.25604E-02 2.11091E-02 2.69439E-02 2.26515E-01 4.71387E-01 2.39017E-02 5.97977E-03 3.70417E-03 1.98396E-01
3.71769E-03 5.93741E-03 2.22897E-02 2.07362E-02 2.64320E-02 2.23382E-01 4.66060E-01 2.35958E-02 5.93741E-03 3.71769E-03 1.93155E-01
3.72790E-03 5.89434E-03 2.20262E-02 2.03770E-02 2.59401E-02 2.20351E-01 4.60883E-01 2.32987E-02 5.89434E-03 3.72790E-03 1.88182E-01
3.73518E-03 5.85075E-03 2.17697E-02 2.00307E-02 2.54669E-02 2.17416E-01 4.55851E-01 2.30102E-02 5.85075E-03 3.73518E-03 1.83457E-01
3.73982E-03 5.80680E-03 2.15198E-02 1.96967E-02 2.50114E-02 2.14572E-01 4.50956E-01 2.27298E-02 5.80680E-03 3.73982E-03 1.78963E-01
3.74213E-03 5.76263E-03 2.12764E-02 1.93741E-02 2.45727E-02 2.11815E-01 4.46193E-01 2.24572E-02 5.76263E-03 3.74213E-03 1.74684E-01
3.74234E-03 5.71833E-03 2.10392E-02 1.90626E-02 2.41497E-02 2.09140E-01 4.41555E-01 2.21921E-02 5.71833E-03 3.74234E-03 1.70605E-01
3.74067E-03 5.67402E-03 2.08080E-02 1.87614E-02 2.37416E-02 2.06544E-01 4.37037E-01 2.19342E-02 5.67402E-03 3.74067E-03 1.66712E-01
3.73734E-03 5.62977E-03 2.05825E-02 1.84701E-02 2.33476E-02 2.04023E-01 4.32634E-01 2.16831E-02 5.62977E-03 3.73734E-03 1.62994E-01
3.73250E-03 5.58566E-03 2.03626E-02 1.81882E-02 2.29670E-02 2.01573E-01 4.28341E-01 2.14386E-02 5.58566E-03 3.73250E-03 1.59439E-01
3.72632E-03 5.54175E-03 2.01480E-02 1.79152E-02 2.25991E-02 1.99191E-01 4.24154E-01 2.12004E-02 5.54175E-03 3.72632E-03 1.56037E-01
3.71895E-03 5.49810E-03 1.99386E-02 1.76507E-02 2.22432E-02 1.96874E-01 4.20068E-01 2.09683E-02 5.49810E-03 3.71895E-03 1.52778E-01
3.71050E-03 5.45473E-03 1.97341E-02 1.73942E-02 2.18988E-02 1.94620E-01 4.16080E-01 2.07420E-02 5.45473E-03 3.71050E-03 1.49654E-01
3.70109E-03 5.41171E-03 1.95344E-02 1.71455E-02 2.15653E-02 1.92425E-01 4.12185E-01 2.05214E-02 5.41171E-03 3.70109E-03 1.46656E-01
3.69083E-03 5.36905E-03 1.93394E-02 1.69042E-02 2.12421E-02 1.90287E-01 4.08380E-01 2.03061E-02 5.36905E-03 3.69083E-03 1.43778E-01
3.67981E-03 5.32678E-03 1.91488E-02 1.66699E-02 2.09289E-02 1.88204E-01 4.04661E-01 2.00961E-02 5.32678E-03 3.67981E-03 1.41012E-01
3.66810E-03 5.28493E-03 1.89624E-02 1.64423E-02 2.06250E-02 1.86173E-01 4.01026E-01 1.98910E-02 5.28493E-03 3.66810E-03 1.38352E-01
3.65578E-03 5.24351E-03 1.87803E-02 1.62211E-02 2.03302E-02 1.84192E-01 3.97471E-01 1.96908E-02 5.24351E-03 3.65578E-03 1.35792E-01
3.64293E-03 5.20254E-03 1.86021E-02 1.60061E-02 2.00439E-02 1.82260E-01 3.93993E-01 1.94952E-02 5.20254E-03 3.64293E-03 1.33326E-01
3.62960E-03 5.16203E-03 1.84279E-02 1.57970E-02 1.97659E-02 1.80374E-01 3.90590E-01 1.93041E-02 5.16203E-03 3.62960E-03 1.30950E-01
0.00000E+00 0.00000E+00 2.83153E-02 3.10109E-02 4.39481E-02 4.13401E-01 7.91386E-01 3.12918E-02 0.00000E+00 0.00000E+00 5.81371E-01
0.00000E+00 0.00000E+00 2.75251E-02 2.85968E-02 3.99457E-02 3.88500E-01 7.56210E-01 3.00922E-02 0.00000E+00 0.00000E+00 5.22285E-01
0.00000E+00 5.21820E-04 2.67732E-02 2.66772E-02 3.68257E-02 3.67941E-01 7.26156E-01 2.90356E-02 5.21820E-04 0.00000E+00 4.70279E-01
0.00000E+00 1.10160E-03 2.60459E-02 2.50623E-02 3.42527E-02 3.50259E-01 6.99600E-01 2.80682E-02 1.10160E-03 0.00000E+00 4.25651E-01
0.00000E+00 1.52912E-03 2.53423E-02 2.36619E-02 3.20625E-02 3.34706E-01 6.75716E-01 2.71691E-02 1.52912E-03 0.00000E+00 3.87803E-01
0.00000E+00 1.84935E-03 2.46696E-02 2.24323E-02 3.01696E-02 3.20872E-01 6.54059E-01 2.63339E-02 1.84935E-03 0.00000E+00 3.55512E-01
0.00000E+00 2.09184E-03 2.40303E-02 2.13414E-02 2.85131E-02 3.08453E-01 6.34285E-01 2.55573E-02 2.09184E-03 0.00000E+00 3.27764E-01
0.00000E+00 2.27674E-03 2.34243E-02 2.03652E-02 2.70486E-02 2.97215E-01 6.16121E-01 2.48340E-02 2.27674E-03 0.00000E+00 3.03743E-01
1.09251E-04 2.41845E-03 2.28549E-02 1.94911E-02 2.57505E-02 2.87035E-01 5.99440E-01 2.41635E-02 2.41845E-03 1.09251E-04 2.82436E-01
3.55038E-04 2.52701E-03 2.23185E-02 1.87015E-02 2.45889E-02 2.77744E-01 5.84028E-01 2.35391E-02 2.52701E-03 3.55038E-04 2.63201E-01
5.59794E-04 2.60926E-03 2.18061E-02 1.79754E-02 2.35302E-02 2.69132E-01 5.69580E-01 2.29486E-02 2.60926E-03 5.59794E-04 2.46211E-01
7.31316E-04 2.67075E-03 2.13170E-02 1.73051E-02 2.25609E-02 2.61120E-01 5.55999E-01 2.23898E-02 2.67075E-03 7.31316E-04 2.31122E-01
8.75665E-04 2.71573E-03 2.08502E-02 1.66844E-02 2.16699E-02 2.53643E-01 5.43202E-01 2.18604E-02 2.71573E-03 8.75665E-04 2.17651E-01
9.97605E-04 2.74750E-03 2.04045E-02 1.61078E-02 2.08479E-02 2.46646E-01 5.31115E-01 2.13583E-02 2.74750E-03 9.97605E-04 2.05566E-01
1.10092E-03 2.76863E-03 1.99789E-02 1.55707E-02 2.00868E-02 2.40078E-01 5.19675E-01 2.08815E-02 2.76863E-03 1.10092E-03 1.94674E-01
1.18867E-03 2.78114E-03 1.95722E-02 1.50690E-02 1.93802E-02 2.33900E-01 5.08825E-01 2.04282E-02 2.78114E-03 1.18867E-03 1.84816E-01
1.26329E-03 2.78667E-03 1.91833E-02 1.45994E-02 1.87221E-02 2.28074E-01 4.98516E-01 1.99967E-02 2.78667E-03 1.26329E-03 1.75859E-01
1.32682E-03 2.78651E-03 1.88111E-02 1.41588E-02 1.81077E-02 2.22570E-01 4.88705E-01 1.95855E-02 2.78651E-03 1.32682E-03 1.67691E-01
1.38090E-03 2.78170E-03 1.84547E-02 1.37445E-02 1.75327E-02 2.17359E-01 4.79353E-01 1.91931E-02 2.78170E-03 1.38090E-03 1.60215E-01
1.42691E-03 2.77311E-03 1.81130E-02 1.33542E-02 1.69933E-02 2.12417E-01 4.70426E-01 1.88183E-02 2.77311E-03 1.42691E-03 1.53350E-01
1.46599E-03 2.76142E-03 1.77853E-02 1.29858E-02 1.64863E-02 2.07721E-01 4.61891E-01 1.84599E-02 2.76142E-03 1.46599E-03 1.47029E-01
1.49910E-03 2.74721E-03 1.74706E-02 1.26376E-02 1.60088E-02 2.03254E-01 4.53722E-01 1.81167E-02 2.74721E-03 1.49910E-03 1.41190E-01
1.52704E-03 2.73095E-03 1.71682E-02 1.23078E-02 1.55582E-02 1.98997E-01 4.45893E-01 1.77879E-02 2.73095E-03 1.52704E-03 1.35783E-01
1.55050E-03 2.71303E-03 1.68775E-02 1.19950E-02 1.51323E-02 1.94935E-01 4.38381E-01 1.74725E-02 2.71303E-03 1.55050E-03 1.30763E-01
1.57007E-03 2.69378E-03 1.65976E-02 1.16979E-02 1.47292E-02 1.91054E-01 4.31166E-01 1.71697E-02 2.69378E-03 1.57007E-03 1.26091E-01
1.58623E-03 2.67346E-03 1.63282E-02 1.14153E-02 1.43469E-02 1.87341E-01 4.24228E-01 1.68786E-02 2.67346E-03 1.58623E-03 1.21732E-01
1.59943E-03 2.65230E-03 1.60684E-02 1.11462E-02 1.39839E-02 1.83785E-01 4.17551E-01 1.65986E-02 2.65230E-03 1.59943E-03 1.17659E-01
1.61002E-03 2.63048E-03 1.58179E-02 1.08897E-02 1.36388E-02 1.80376E-01 4.11119E-01 1.63291E-02 2.63048E-03 1.61002E-03 1.13843E-01
1.61832E-03 2.60818E-03 1.55761E-02 1.06448E-02 1.33103E-02 1.77103E-01 4.04917E-01 1.60695E-02 2.60818E-03 1.61832E-03 1.10262E-01
1.62461E-03 2.58551E-03 1.53425E-02 1.04107E-02 1.29971E-02 1.73960E-01 3.98932E-01 1.58191E-02 2.58551E-03 1.62461E-03 1.06896E-01
1.62913E-03 2.56260E-03 1.51168E-02 1.01868E-02 1.26982E-02 1.70936E-01 3.93153E-01 1.55774E-02 2.56260E-03 1.62913E-03 1.03725E-01
1.63209E-03 2.53954E-03 1.48985E-02 9.97241E-03 1.24127E-02 1.68027E-01 3.87566E-01 1.53441E-02 2.53954E-03 1.63209E-03 1.00734E-01
1.63368E-03 2.51640E-03 1.46872E-02 9.76688E-03 1.21396E-02 1.65223E-01 3.82163E-01 1.51187E-02 2.51640E-03 1.63368E-03 9.79090E-02
1.63404E-03 2.49325E-03 1.44826E-02 9.56970E-03 1.18782E-02 1.62521E-01 3.76934E-01 1.49007E-02 2.49325E-03 1.63404E-03 9.52357E-02
1.63333E-03 2.47015E-03 1.42844E-02 9.38036E-03 1.16277E-02 1.59914E-01 3.71869E-01 1.46897E-02 2.47015E-03 1.63333E-03 9.27027E-02
1.63166E-03 2.44714E-03 1.40923E-02 9.19839E-03 1.13874E-02 1.57396E-01 3.66961E-01 1.44855E-02 2.44714E-03 1.63166E-03 9.02996E-02
1.62916E-03 2.42427E-03 1.39060E-02 9.02336E-03 1.11568E-02 1.54963E-01 3.62201E-01 1.42876E-02 2.42427E-03 1.62916E-03 8.80166E-02
1.62590E-03 2.40156E-03 1.37252E-02 8.85488E-03 1.09352E-02 1.52611E-01 3.57582E-01 1.40958E-02 2.40156E-03 1.62590E-03 8.58452E-02
1.62199E-03 2.37905E-03 1.35496E-02 8.69259E-03 1.07221E-02 1.50335E-01 3.53099E-01 1.39098E-02 2.37905E-03 1.62199E-03 8.37775E-02
1.61750E-03 2.35676E-03 1.33790E-02 8.53615E-03 1.05171E-02 1.48132E-01 3.48743E-01 1.37292E-02 2.35676E-03 1.61750E-03 8.18063E-02
1.61249E-03 2.33470E-03 1.32133E-02 8.38523E-03 1.03196E-02 1.45998E-01 3.44511E-01 1.35540E-02 2.33470E-03 1.61249E-03 7.99251E-02
1.60702E-03 2.31290E-03 1.30521E-02 8.23956E-03 1.01294E-02 1.43929E-01 3.40395E-01 1.33837E-02 2.31290E-03 1.60702E-03 7.81280E-02
1.60116E-03 2.29135E-03 1.28954E-02 8.09886E-03 9.94589E-03 1.41922E-01 3.36391E-01 1.32183E-02 2.29135E-03 1.60116E-03 7.64095E-02
1.59494E-03 2.27008E-03 1.27428E-02 7.96288E-03 9.76883E-03 1.39976E-01 3.32494E-01 1.30574E-02 2.27008E-03 1.59494E-03 7.47645E-02
1.58841E-03 2.24908E-03 1.25943E-02 7.83137E-03 9.59787E-03 1.38085E-01 3.28700E-01 1.29009E-02 2.24908E-03 1.58841E-03 7.31886E-02
1.58162E-03 2.22837E-03 1.24496E-02 7.70413E-03 9.43269E-03 1.36250E-01 3.25004E-01 1.27486E-02 2.22837E-03 1.58162E-03 7.16776E-02
1.57458E-03 2.20795E-03 1.23087E-02 7.58094E-03 9.27300E-03 1.34465E-01 3.21401E-01 1.26003E-02 2.20795E-03 1.57458E-03 7.02274E-02
1.56735E-03 2.18782E-03 1.21713E-02 7.46162E-03 9.11854E-03 1.32731E-01 3.17890E-01 1.24559E-02 2.18782E-03 1.56735E-03 6.88346E-02
1.55993E-03 2.16798E-03 1.20373E-02 7.34598E-03 8.96904E-03 1.31043E-01 3.14464E-01 1.23151E-02 2.16798E-03 1.55993E-03 6.74958E-02
1.55237E-03 2.14844E-03 1.19066E-02 7.23385E-03 8.82428E-03 1.29402E-01 3.11123E-01 1.21780E-02 2.14844E-03 1.55237E-03 6.62079E-02
0.00000E+00 0.00000E+00 2.34499E-02 1.58911E-02 2.09422E-02 3.51453E-01 7.48066E-01 2.42646E-02 0.00000E+00 0.00000E+00 3.56100E-01
0.00000E+00 0.00000E+00 2.20479E-02 1.41664E-02 1.84622E-02 3.22957E-01 7.00754E-01 2.27191E-02 0.00000E+00 0.00000E+00 3.01325E-01
0.00000E+00 1.76193E-04 2.09068E-02 1.28667E-02 1.66097E-02 3.00188E-01 6.61842E-01 2.14755E-02 1.76193E-04 0.00000E+00 2.59764E-01
0.00000E+00 3.74392E-04 1.99269E-02 1.18213E-02 1.51352E-02 2.81138E-01 6.28506E-01 2.04175E-02 3.74392E-04 0.00000E+00 2.27350E-01
0.00000E+00 5.21841E-04 1.90617E-02 1.09487E-02 1.39173E-02 2.64774E-01 5.99290E-01 1.94908E-02 5.21841E-04 0.00000E+00 2.01645E-01
0.00000E+00 6.32770E-04 1.82894E-02 1.02067E-02 1.28915E-02 2.50519E-01 5.73385E-01 1.86687E-02 6.32770E-04 0.00000E+00 1.80861E-01
0.00000E+00 7.16883E-04 1.75936E-02 9.56629E-03 1.20138E-02 2.37957E-01 5.50192E-01 1.79321E-02 7.16883E-04 0.00000E+00 1.63770E-01
0.00000E+00 7.80959E-04 1.69622E-02 9.00683E-03 1.12532E-02 2.26778E-01 5.29258E-01 1.72664E-02 7.80959E-04 0.00000E+00 1.49508E-01
4.01601E-05 8.29655E-04 1.63886E-02 8.51588E-03 1.05905E-02 2.16804E-01 5.10335E-01 1.66641E-02 8.29655E-04 4.01601E-05 1.37300E-01
1.30368E-04 8.66426E-04 1.58638E-02 8.08042E-03 1.00067E-02 2.07827E-01 4.93099E-01 1.61148E-02 8.66426E-04 1.30368E-04 1.26633E-01
2.05315E-04 8.94116E-04 1.53761E-02 7.68706E-03 9.48261E-03 1.99613E-01 4.77155E-01 1.56058E-02 8.94116E-04 2.05315E-04 1.17411E-01
2.67900E-04 9.14632E-04 1.49215E-02 7.32986E-03 9.00946E-03 1.92063E-01 4.62350E-01 1.51326E-02 9.14632E-04 2.67900E-04 1.09372E-01
3.20382E-04 9.29440E-04 1.44966E-02 7.00398E-03 8.58010E-03 1.85097E-01 4.48557E-01 1.46912E-02 9.29440E-04 3.20382E-04 1.02309E-01
3.64537E-04 9.39677E-04 1.40982E-02 6.70542E-03 8.18868E-03 1.78645E-01 4.35667E-01 1.42783E-02 9.39677E-04 3.64537E-04 9.60629E-02
4.01780E-04 9.46235E-04 1.37240E-02 6.43082E-03 7.83036E-03 1.72651E-01 4.23589E-01 1.38910E-02 9.46235E-04 4.01780E-04 9.05032E-02
4.33246E-04 9.49820E-04 1.33715E-02 6.17738E-03 7.50109E-03 1.67066E-01 4.12242E-01 1.35269E-02 9.49820E-04 4.33246E-04 8.55262E-02
4.59856E-04 9.50993E-04 1.30389E-02 5.94273E-03 7.19747E-03 1.61846E-01 4.01557E-01 1.31839E-02 9.50993E-04 4.59856E-04 8.10473E-02
4.82360E-04 9.50207E-04 1.27244E-02 5.72483E-03 6.91661E-03 1.56956E-01 3.91474E-01 1.28599E-02 9.50207E-04 4.82360E-04 7.69972E-02
5.01378E-04 9.47826E-04 1.24265E-02 5.52193E-03 6.65604E-03 1.52364E-01 3.81940E-01 1.25535E-02 9.47826E-04 5.01378E-04 7.33184E-02
5.17420E-04 9.44146E-04 1.21439E-02 5.33253E-03 6.41363E-03 1.48043E-01 3.72907E-01 1.22630E-02 9.44146E-04 5.17420E-04 6.99631E-02
5.30913E-04 9.39410E-04 1.18752E-02 5.15531E-03 6.18756E-03 1.43968E-01 3.64336E-01 1.19872E-02 9.39410E-04 5.30913E-04 6.68914E-02
5.42214E-04 9.33817E-04 1.16195E-02 4.98914E-03 5.97622E-03 1.40119E-01 3.56188E-01 1.17250E-02 9.33817E-04 5.42214E-04 6.40691E-02
5.51624E-04 9.27530E-04 1.13758E-02 4.83299E-03 5.77823E-03 1.36476E-01 3.48433E-01 1.14753E-02 9.27530E-04 5.51624E-04 6.14677E-02
5.59399E-04 9.20685E-04 1.11431E-02 4.68600E-03 5.59237E-03 1.33023E-01 3.41039E-01 1.12372E-02 9.20685E-04 5.59399E-04 5.90626E-02
5.65753E-04 9.13394E-04 1.09208E-02 4.54737E-03 5.41755E-03 1.29745E-01 3.33981E-01 1.10098E-02 9.13394E-04 5.65753E-04 5.68326E-02
5.70873E-04 9.05752E-04 1.07082E-02 4.41642E-03 5.25283E-03 1.26628E-01 3.27236E-01 1.07924E-02 9.05752E-04 5.70873E-04 5.47595E-02
5.74917E-04 8.97836E-04 1.05044E-02 4.29251E-03 5.09735E-03 1.23660E-01 3.20781E-01 1.05844E-02 8.97836E-04 5.74917E-04 5.28275E-02
5.78021E-04 8.89712E-04 1.03091E-02 4.17511E-03 4.95038E-03 1.20831E-01 3.14597E-01 1.03850E-02 8.89712E-04 5.78021E-04 5.10228E-02
5.80303E-04 8.81435E-04 1.01216E-02 4.06370E-03 4.81123E-03 1.18131E-01 3.08666E-01 1.01937E-02 8.81435E-04 5.80303E-04 4.93334E-02
5.81865E-04 8.73051E-04 9.94143E-03 3.95784E-03 4.67929E-03 1.15550E-01 3.02973E-01 1.00101E-02 8.73051E-04 5.81865E-04 4.77487E-02
5.82796E-04 8.64598E-04 9.76820E-03 3.85713E-03 4.55404E-03 1.13082E-01 2.97503E-01 9.83361E-03 8.64598E-04 5.82796E-04 4.62593E-02
5.83173E-04 8.56109E-04 9.60147E-03 3.76120E-03 4.43496E-03 1.10718E-01 2.92241E-01 9.66383E-03 8.56109E-04 5.83173E-04 4.48570E-02
5.83063E-04 8.47612E-04 9.44085E-03 3.66972E-03 4.32163E-03 1.08452E-01 2.87176E-01 9.50036E-03 8.47612E-04 5.83063E-04 4.35344E-02
5.82526E-04 8.39128E-04 9.28601E-03 3.58239E-03 4.21365E-03 1.06278E-01 2.82297E-01 9.34285E-03 8.39128E-04 5.82526E-04 4.22851E-02
5.81613E-04 8.30677E-04 9.13662E-03 3.49893E-03 4.11063E-03 1.04190E-01 2.77592E-01 9.19095E-03 8.30677E-04 5.81613E-04 4.11030E-02
5.80369E-04 8.22275E-04 8.99238E-03 3.41910E-03 4.01226E-03 1.02183E-01 2.73052E-01 9.04436E-03 8.22275E-04 5.80369E-04 3.99831E-02
5.78836E-04 8.13935E-04 8.85303E-03 3.34266E-03 3.91823E-03 1.00252E-01 2.68669E-01 8.90278E-03 8.13935E-04 5.78836E-04 3.89205E-02
5.77048E-04 8.05669E-04 8.71829E-03 3.26940E-03 3.82826E-03 9.83937E-02 2.64433E-01 8.76596E-03 8.05669E-04 5.77048E-04 3.79111E-02
5.75037E-04 7.97485E-04 8.58794E-03 3.19914E-03 3.74210E-03 9.66028E-02 2.60337E-01 8.63364E-03 7.97485E-04 5.75037E-04 3.69510E-02
5.72830E-04 7.89391E-04 8.46176E-03 3.13168E-03 3.65952E-03 9.48760E-02 2.56374E-01 8.50559E-03 7.89391E-04 5.72830E-04 3.60366E-02
5.70453E-04 7.81394E-04 8.33954E-03 3.06688E-03 3.58029E-03 9.32100E-02 2.52538E-01 8.38160E-03 7.81394E-04 5.70453E-04 3.51649E-02
5.67927E-04 7.73497E-04 8.22108E-03 3.00457E-03 3.50422E-03 9.16014E-02 2.48821E-01 8.26148E-03 7.73497E-04 5.67927E-04 3.43329E-02
5.65272E-04 7.65704E-04 8.10621E-03 2.94461E-03 3.43113E-03 9.00473E-02 2.45219E-01 8.14503E-03 7.65704E-04 5.65272E-04 3.35381E-02
5.62504E-04 7.58020E-04 7.99476E-03 2.88688E-03 3.36085E-03 8.85450E-02 2.41725E-01 8.03208E-03 7.58020E-04 5.62504E-04 3.27780E-02
5.59640E-04 7.50445E-04 7.88657E-03 2.83126E-03 3.29322E-03 8.70918E-02 2.38335E-01 7.92247E-03 7.50445E-04 5.59640E-04 3.20504E-02
5.56693E-04 7.42981E-04 7.78150E-03 2.77763E-03 3.22810E-03 8.56853E-02 2.35044E-01 7.81605E-03 7.42981E-04 5.56693E-04 3.13533E-02
5.53675E-04 7.35630E-04 7.67940E-03 2.72589E-03 3.16535E-03 8.43232E-02 2.31848E-01 7.71267E-03 7.35630E-04 5.53675E-04 3.06849E-02
5.50598E-04 7.28392E-04 7.58015E-03 2.67594E-03 3.10484E-03 8.30035E-02 2.28742E-01 7.61219E-03 7.28392E-04 5.50598E-04 3.00434E-02
5.47470E-04 7.21267E-04 7.48362E-03 2.62770E-03 3.04647E-03 8.17241E-02 2.25722E-01 7.51450E-03 7.21267E-04 5.47470E-04 2.94273E-02
5.44302E-04 7.14255E-04 7.38970E-03 2.58107E-03 2.99012E-03 8.04833E-02 2.22785E-01 7.41947E-03 7.14255E-04 5.44302E-04 2.88351E-02
0.00000E+00 0.00000E+00 1.80479E-02 5.81835E-03 6.75986E-03 2.53545E-01 6.34865E-01 1.80614E-02 0.00000E+00 0.00000E+00 1.41368E-01
0.00000E+00 0.00000E+00 1.65436E-02 4.96975E-03 5.74334E-03 2.26728E-01 5.80788E-01 1.65458E-02 0.00000E+00 0.00000E+00 1.14933E-01
0.00000E+00 3.29071E-05 1.53691E-02 4.36413E-03 5.01992E-03 2.05990E-01 5.37746E-01 1.53642E-02 3.29071E-05 0.00000E+00 9.66946E-02
0.00000E+00 7.44812E-05 1.43986E-02 3.89901E-03 4.46653E-03 1.89114E-01 5.01870E-01 1.43890E-02 7.44812E-05 0.00000E+00 8.33494E-02
0.00000E+00 1.08551E-04 1.35707E-02 3.52586E-03 4.02449E-03 1.74965E-01 4.71163E-01 1.35580E-02 1.08551E-04 0.00000E+00 7.32166E-02
0.00000E+00 1.36061E-04 1.28526E-02 3.21911E-03 3.66267E-03 1.62902E-01 4.44500E-01 1.28378E-02 1.36061E-04 0.00000E+00 6.52833E-02
0.00000E+00 1.58137E-04 1.22215E-02 2.96205E-03 3.36068E-03 1.52477E-01 4.21074E-01 1.22052E-02 1.58137E-04 0.00000E+00 5.89125E-02
0.00000E+00 1.75795E-04 1.16609E-02 2.74324E-03 3.10459E-03 1.43364E-01 4.00287E-01 1.16436E-02 1.75795E-04 0.00000E+00 5.36864E-02
1.06966E-05 1.89639E-04 1.11609E-02 2.55541E-03 2.88558E-03 1.35363E-01 3.81787E-01 1.11429E-02 1.89639E-04 1.06966E-05 4.92778E-02
3.49501E-05 2.00356E-04 1.07108E-02 2.39204E-03 2.69575E-03 1.28270E-01 3.65176E-01 1.06924E-02 2.00356E-04 3.49501E-05 4.54706E-02
5.53362E-05 2.08878E-04 1.02990E-02 2.24732E-03 2.52810E-03 1.21869E-01 3.50013E-01 1.02804E-02 2.08878E-04 5.53362E-05 4.21958E-02
7.25194E-05 2.15589E-04 9.92054E-03 2.11822E-03 2.37897E-03 1.16063E-01 3.36107E-01 9.90185E-03 2.15589E-04 7.25194E-05 3.93487E-02
8.70351E-05 2.20801E-04 9.57117E-03 2.00234E-03 2.24546E-03 1.10770E-01 3.23302E-01 9.55249E-03 2.20801E-04 8.70351E-05 3.68504E-02
9.93176E-05 2.24771E-04 9.24749E-03 1.89775E-03 2.12527E-03 1.05926E-01 3.11467E-01 9.22888E-03 2.24771E-04 9.93176E-05 3.46400E-02
1.09721E-04 2.27707E-04 8.94658E-03 1.80289E-03 2.01650E-03 1.01475E-01 3.00491E-01 8.92811E-03 2.27707E-04 1.09721E-04 3.26699E-02
1.18535E-04 2.29782E-04 8.66598E-03 1.71645E-03 1.91761E-03 9.73694E-02 2.90282E-01 8.64769E-03 2.29782E-04 1.18535E-04 3.09026E-02
1.26000E-04 2.31140E-04 8.40360E-03 1.63738E-03 1.82734E-03 9.35715E-02 2.80758E-01 8.38552E-03 2.31140E-04 1.26000E-04 2.93079E-02
1.32315E-04 2.31896E-04 8.15760E-03 1.56478E-03 1.74461E-03 9.00472E-02 2.71851E-01 8.13976E-03 2.31896E-04 1.32315E-04 2.78615E-02
1.37646E-04 2.32150E-04 7.92644E-03 1.49789E-03 1.66852E-03 8.67679E-02 2.63500E-01 7.90885E-03 2.32150E-04 1.37646E-04 2.65433E-02
1.42131E-04 2.31984E-04 7.70873E-03 1.43607E-03 1.59833E-03 8.37088E-02 2.55654E-01 7.69141E-03 2.31984E-04 1.42131E-04 2.53370E-02
1.45889E-04 2.31465E-04 7.50328E-03 1.37877E-03 1.53337E-03 8.08484E-02 2.48267E-01 7.48623E-03 2.31465E-04 1.45889E-04 2.42288E-02
1.49018E-04 2.30652E-04 7.30903E-03 1.32551E-03 1.47310E-03 7.81677E-02 2.41298E-01 7.29227E-03 2.30652E-04 1.49018E-04 2.32070E-02
1.51604E-04 2.29592E-04 7.12506E-03 1.27590E-03 1.41702E-03 7.56505E-02 2.34712E-01 7.10858E-03 2.29592E-04 1.51604E-04 2.22620E-02
1.53717E-04 2.28328E-04 6.95052E-03 1.22957E-03 1.36473E-03 7.32821E-02 2.28477E-01 6.93432E-03 2.28328E-04 1.53717E-04 2.13855E-02
1.55421E-04 2.26893E-04 6.78469E-03 1.18622E-03 1.31586E-03 7.10498E-02 2.22566E-01 6.76877E-03 2.26893E-04 1.55421E-04 2.05702E-02
1.56767E-04 2.25318E-04 6.62690E-03 1.14556E-03 1.27009E-03 6.89421E-02 2.16953E-01 6.61126E-03 2.25318E-04 1.56767E-04 1.98100E-02
1.57802E-04 2.23627E-04 6.47655E-03 1.10737E-03 1.22714E-03 6.69489E-02 2.11615E-01 6.46120E-03 2.23627E-04 1.57802E-04 1.90996E-02
1.58565E-04 2.21842E-04 6.33311E-03 1.07143E-03 1.18677E-03 6.50613E-02 2.06533E-01 6.31803E-03 2.21842E-04 1.58565E-04 1.84343E-02
1.59090E-04 2.19982E-04 6.19611E-03 1.03754E-03 1.14875E-03 6.32709E-02 2.01688E-01 6.18130E-03 2.19982E-04 1.59090E-04 1.78099E-02
1.59408E-04 2.18061E-04 6.06509E-03 1.00555E-03 1.11288E-03 6.15706E-02 1.97064E-01 6.05054E-03 2.18061E-04 1.59408E-04 1.72230E-02
1.59545E-04 2.16094E-04 5.93966E-03 9.75296E-04 1.07900E-03 5.99537E-02 1.92645E-01 5.92538E-03 2.16094E-04 1.59545E-04 1.66703E-02
1.59522E-04 2.14092E-04 5.81946E-03 9.46649E-04 1.04695E-03 5.84143E-02 1.88417E-01 5.80543E-03 2.14092E-04 1.59522E-04 1.61489E-02
1.59361E-04 2.12065E-04 5.70416E-03 9.19487E-04 1.01658E-03 5.69470E-02 1.84370E-01 5.69038E-03 2.12065E-04 1.59361E-04 1.56564E-02
1.59079E-04 2.10022E-04 5.59345E-03 8.93701E-04 9.87777E-04 5.55468E-02 1.80490E-01 5.57992E-03 2.10022E-04 1.59079E-04 1.51905E-02
1.58690E-04 2.07969E-04 5.48706E-03 8.69190E-04 9.60419E-04 5.42093E-02 1.76768E-01 5.47377E-03 2.07969E-04 1.58690E-04 1.47492E-02
1.58210E-04 2.05913E-04 5.38474E-03 8.45866E-04 9.34404E-04 5.29304E-02 1.73194E-01 5.37168E-03 2.05913E-04 1.58210E-04 1.43306E-02
1.57648E-04 2.03859E-04 5.28624E-03 8.23647E-04 9.09640E-04 5.17064E-02 1.69759E-01 5.27341E-03 2.03859E-04 1.57648E-04 1.39331E-02
1.57017E-04 2.01812E-04 5.19135E-03 8.02459E-04 8.86039E-04 5.05338E-02 1.66455E-01 5.17875E-03 2.01812E-04 1.57017E-04 1.35552E-02
1.56325E-04 1.99776E-04 5.09987E-03 7.82233E-04 8.63526E-04 4.94095E-02 1.63275E-01 5.08748E-03 1.99776E-04 1.56325E-04 1.31955E-02
1.55581E-04 1.97753E-04 5.01162E-03 7.62908E-04 8.42028E-04 4.83307E-02 1.60212E-01 4.99944E-03 1.97753E-04 1.55581E-04 1.28529E-02
1.54792E-04 1.95747E-04 4.92641E-03 7.44428E-04 8.21481E-04 4.72945E-02 1.57259E-01 4.91445E-03 1.95747E-04 1.54792E-04 1.25261E-02
1.53964E-04 1.93761E-04 4.84410E-03 7.26739E-04 8.01826E-04 4.62987E-02 1.54410E-01 4.83234E-03 1.93761E-04 1.53964E-04 1.22142E-02
1.53103E-04 1.91796E-04 4.76454E-03 7.09794E-04 7.83006E-04 4.53408E-02 1.51660E-01 4.75297E-03 1.91796E-04 1.53103E-04 1.19162E-02
1.52215E-04 1.89853E-04 4.68758E-03 6.93548E-04 7.64973E-04 4.44189E-02 1.49005E-01 4.67621E-03 1.89853E-04 1.52215E-04 1.16312E-02
1.51303E-04 1.87934E-04 4.61310E-03 6.77962E-04 7.47680E-04 4.35309E-02 1.46438E-01 4.60191E-03 1.87934E-04 1.51303E-04 1.13585E-02
1.50372E-04 1.86041E-04 4.54098E-03 6.62996E-04 7.31083E-04 4.26750E-02 1.43955E-01 4.52997E-03 1.86041E-04 1.50372E-04 1.10973E-02
1.49426E-04 1.84174E-04 4.47110E-03 6.48617E-04 7.15143E-04 4.18495E-02 1.41554E-01 4.46027E-03 1.84174E-04 1.49426E-04 1.08469E-02
1.48467E-04 1.82333E-04 4.40336E-03 6.34792E-04 6.99823E-04 4.10529E-02 1.39228E-01 4.39271E-03 1.82333E-04 1.48467E-04 1.06068E-02
1.47499E-04 1.80520E-04 4.33766E-03 6.21490E-04 6.85090E-04 4.02837E-02 1.36976E-01 4.32718E-03 1.80520E-04 1.47499E-04 1.03763E-02
1.46523E-04 1.78734E-04 4.27391E-03 6.08684E-04 6.70911E-04 3.95405E-02 1.34793E-01 4.26359E-03 1.78734E-04 1.46523E-04 1.01548E-02
0.00000E+00 0.00000E+00 1.24605E-02 1.04081E-03 1.12455E-03 1.33992E-01 4.44476E-01 1.24169E-02 0.00000E+00 0.00000E+00 2.37714E-02
0.00000E+00 0.00000E+00 1.11879E-02 8.34390E-04 9.13754E-04 1.15846E-01 3.94752E-01 1.11501E-02 0.00000E+00 0.00000E+00 2.09150E-02
0.00000E+00 2.08282E-06 1.02076E-02 6.96396E-04 7.71941E-04 1.02310E-01 3.56504E-01 1.01739E-02 2.08282E-06 0.00000E+00 1.88876E-02
0.00000E+00 6.76494E-06 9.41027E-03 5.96393E-04 6.68493E-04 9.16288E-02 3.25535E-01 9.37981E-03 6.76494E-06 0.00000E+00 1.72938E-02
0.00000E+00 1.18724E-05 8.74115E-03 5.20175E-04 5.89124E-04 8.29126E-02 2.99693E-01 8.71333E-03 1.18724E-05 0.00000E+00 1.59685E-02
0.00000E+00 1.66907E-05 8.16962E-03 4.60286E-04 5.26341E-04 7.56600E-02 2.77759E-01 8.14400E-03 1.66907E-05 0.00000E+00 1.48322E-02
0.00000E+00 2.09734E-05 7.67449E-03 4.12067E-04 4.75455E-04 6.95287E-02 2.58880E-01 7.65074E-03 2.09734E-05 0.00000E+00 1.38386E-02
0.00000E+00 2.46675E-05 7.24053E-03 3.72463E-04 4.33385E-04 6.42762E-02 2.42441E-01 7.21839E-03 2.46675E-05 0.00000E+00 1.29580E-02
1.95566E-06 2.76907E-05 6.85840E-03 3.39482E-04 3.98130E-04 5.97501E-02 2.28063E-01 6.83768E-03 2.76907E-05 1.95566E-06 1.21624E-02
6.47916E-06 3.01162E-05 6.51856E-03 3.11560E-04 3.68102E-04 5.58061E-02 2.15359E-01 6.49907E-03 3.01162E-05 6.47916E-06 1.14339E-02
1.03680E-05 3.21738E-05 6.21108E-03 2.87494E-04 3.42061E-04 5.23037E-02 2.03934E-01 6.19270E-03 3.21738E-05 1.03680E-05 1.07732E-02
1.36978E-05 3.38931E-05 5.93139E-03 2.66552E-04 3.19263E-04 4.91741E-02 1.93602E-01 5.91402E-03 3.38931E-05 1.36978E-05 1.01713E-02
1.65398E-05 3.53086E-05 5.67577E-03 2.48172E-04 2.99138E-04 4.63620E-02 1.84213E-01 5.65932E-03 3.53086E-05 1.65398E-05 9.62071E-03
1.89580E-05 3.64557E-05 5.44115E-03 2.31920E-04 2.81242E-04 4.38225E-02 1.75644E-01 5.42554E-03 3.64557E-05 1.89580E-05 9.11532E-03
2.10091E-05 3.73677E-05 5.22499E-03 2.17452E-04 2.65223E-04 4.15187E-02 1.67792E-01 5.21015E-03 3.73677E-05 2.10091E-05 8.65006E-03
2.27428E-05 3.80755E-05 5.02512E-03 2.04495E-04 2.50801E-04 3.94199E-02 1.60570E-01 5.01099E-03 3.80755E-05 2.27428E-05 8.22060E-03
2.42019E-05 3.86065E-05 4.83973E-03 1.92828E-04 2.37747E-04 3.75007E-02 1.53906E-01 4.82626E-03 3.86065E-05 2.42019E-05 7.82325E-03
2.54237E-05 3.89851E-05 4.66728E-03 1.82271E-04 2.25877E-04 3.57397E-02 1.47737E-01 4.65442E-03 3.89851E-05 2.54237E-05 7.45483E-03
2.64405E-05 3.92330E-05 4.50642E-03 1.72676E-04 2.15036E-04 3.41184E-02 1.42011E-01 4.49413E-03 3.92330E-05 2.64405E-05 7.11255E-03
2.72799E-05 3.93688E-05 4.35600E-03 1.63920E-04 2.05097E-04 3.26215E-02 1.36682E-01 4.34425E-03 3.93688E-05 2.72799E-05 6.79398E-03
2.79660E-05 3.94089E-05 4.21503E-03 1.55899E-04 1.95952E-04 3.12356E-02 1.31711E-01 4.20378E-03 3.94089E-05 2.79660E-05 6.49699E-03
2.85195E-05 3.93676E-05 4.08263E-03 1.48529E-04 1.87510E-04 2.99491E-02 1.27062E-01 4.07185E-03 3.93676E-05 2.85195E-05 6.21968E-03
2.89583E-05 3.92574E-05 3.95803E-03 1.41733E-04 1.79695E-04 2.87520E-02 1.22706E-01 3.94769E-03 3.92574E-05 2.89583E-05 5.96038E-03
2.92980E-05 3.90889E-05 3.84055E-03 1.35451E-04 1.72440E-04 2.76357E-02 1.18616E-01 3.83062E-03 3.90889E-05 2.92980E-05 5.71758E-03
2.95521E-05 3.88715E-05 3.72959E-03 1.29628E-04 1.65688E-04 2.65925E-02 1.14769E-01 3.72006E-03 3.88715E-05 2.95521E-05 5.48996E-03
2.97324E-05 3.86133E-05 3.62463E-03 1.24218E-04 1.59389E-04 2.56156E-02 1.11144E-01 3.61546E-03 3.86133E-05 2.97324E-05 5.27629E-03
2.98489E-05 3.83215E-05 3.52517E-03 1.19179E-04 1.53502E-04 2.46993E-02 1.07722E-01 3.51636E-03 3.83215E-05 2.98489E-05 5.07551E-03
2.99107E-05 3.80021E-05 3.43081E-03 1.14478E-04 1.47987E-04 2.38381E-02 1.04488E-01 3.42232E-03 3.80021E-05 2.99107E-05 4.88662E-03
2.99254E-05 3.76604E-05 3.34114E-03 1.10082E-04 1.42812E-04 2.30275E-02 1.01426E-01 3.33297E-03 3.76604E-05 2.99254E-05 4.70875E-03
2.98998E-05 3.73010E-05 3.25584E-03 1.05965E-04 1.37947E-04 2.22633E-02 9.85233E-02 3.24797E-03 3.73010E-05 2.98998E-05 4.54109E-03
2.98399E-05 3.69279E-05 3.17459E-03 1.02103E-04 1.33367E-04 2.15418E-02 9.57678E-02 3.16700E-03 3.69279E-05 2.98399E-05 4.38291E-03
2.97507E-05 3.65446E-05 3.09710E-03 9.84735E-05 1.29049E-04 2.08596E-02 9.31488E-02 3.08979E-03 3.65446E-05 2.97507E-05 4.23353E-03
2.96368E-05 3.61541E-05 3.02313E-03 9.50590E-05 1.24972E-04 2.02137E-02 9.06566E-02 3.01607E-03 3.61541E-05 2.96368E-05 4.09236E-03
2.95022E-05 3.57589E-05 2.95243E-03 9.18418E-05 1.21118E-04 1.96014E-02 8.82823E-02 2.94562E-03 3.57589E-05 2.95022E-05 3.95883E-03
2.93504E-05 3.53613E-05 2.88480E-03 8.88069E-05 1.17470E-04 1.90203E-02 8.60180E-02 2.87822E-03 3.53613E-05 2.93504E-05 3.83243E-03
2.91842E-05 3.49632E-05 2.82004E-03 8.59406E-05 1.14013E-04 1.84681E-02 8.38563E-02 2.81368E-03 3.49632E-05 2.91842E-05 3.71268E-03
2.90065E-05 3.45662E-05 2.75796E-03 8.32306E-05 1.10733E-04 1.79428E-02 8.17906E-02 2.75182E-03 3.45662E-05 2.90065E-05 3.59916E-03
2.88195E-05 3.41718E-05 2.69842E-03 8.06656E-05 1.07619E-04 1.74426E-02 7.98146E-02 2.69249E-03 3.41718E-05 2.88195E-05 3.49146E-03
2.86253E-05 3.37812E-05 2.64125E-03 7.82357E-05 1.04659E-04 1.69658E-02 7.79229E-02 2.63552E-03 3.37812E-05 2.86253E-05 3.38922E-03
2.84255E-05 3.33953E-05 2.58633E-03 7.59316E-05 1.01844E-04 1.65108E-02 7.61102E-02 2.58078E-03 3.33953E-05 2.84255E-05 3.29210E-03
2.82219E-05 3.30150E-05 2.53351E-03 7.37449E-05 9.91626E-05 1.60763E-02 7.43718E-02 2.52814E-03 3.30150E-05 2.82219E-05 3.19977E-03
2.80156E-05 3.26411E-05 2.48269E-03 7.16679E-05 9.66078E-05 1.56610E-02 7.27033E-02 2.47749E-03 3.26411E-05 2.80156E-05 3.11194E-03
2.78079E-05 3.22741E-05 2.43374E-03 6.96938E-05 9.41716E-05 1.52636E-02 7.11007E-02 2.42871E-03 3.22741E-05 2.78079E-05 3.02835E-03
2.75998E-05 3.19145E-05 2.38658E-03 6.78159E-05 9.18466E-05 1.48832E-02 6.95602E-02 2.38171E-03 3.19145E-05 2.75998E-05 2.94874E-03
2.73921E-05 3.15628E-05 2.34111E-03 6.60284E-05 8.96263E-05 1.45186E-02 6.80785E-02 2.33639E-03 3.15628E-05 2.73921E-05 2.87287E-03
2.71856E-05 3.12192E-05 2.29723E-03 6.43259E-05 8.75046E-05 1.41690E-02 6.66522E-02 2.29265E-03 3.12192E-05 2.71856E-05 2.80053E-03
2.69810E-05 3.08839E-05 2.25487E-03 6.27034E-05 8.54758E-05 1.38334E-02 6.52784E-02 2.25043E-03 3.08839E-05 2.69810E-05 2.73151E-03
2.67788E-05 3.05571E-05 2.21395E-03 6.11560E-05 8.35347E-05 1.35112E-02 6.39543E-02 2.20965E-03 3.05571E-05 2.67788E-05 2.66562E-03
2.65795E-05 3.02390E-05 2.17440E-03 5.96796E-05 8.16764E-05 1.32015E-02 6.26773E-02 2.17023E-03 3.02390E-05 2.65795E-05 2.60268E-03
2.63835E-05 2.99296E-05 2.13615E-03 5.82702E-05 7.98964E-05 1.29037E-02 6.14451E-02 2.13210E-03 2.99296E-05 2.63835E-05 2.54253E-03
0.00000E+00 0.00000E+00 7.14188E-03 -4.76143E-05 5.35673E-05 3.75264E-02 2.12297E-01 7.13468E-03 0.00000E+00 0.00000E+00 -9.43626E-04
0.00000E+00 0.00000E+00 6.24177E-03 -4.58370E-05 4.07302E-05 3.10327E-02 1.81116E-01 6.23199E-03 0.00000E+00 0.00000E+00 6.26306E-04
0.00000E+00 1.19544E-08 5.56214E-03 -4.27524E-05 3.29160E-05 2.64008E-02 1.58122E-01 5.55075E-03 1.19544E-08 0.00000E+00 1.40482E-03
0.00000E+00 4.71549E-07 5.02031E-03 -3.93209E-05 2.77747E-05 2.28827E-02 1.40161E-01 5.00795E-03 4.71549E-07 0.00000E+00 1.79437E-03
0.00000E+00 1.14305E-06 4.57413E-03 -3.59434E-05 2.41897E-05 2.01067E-02 1.25640E-01 4.56123E-03 1.14305E-06 0.00000E+00 1.97401E-03
0.00000E+00 1.85517E-06 4.19982E-03 -3.27917E-05 2.15808E-05 1.78658E-02 1.13660E-01 4.18671E-03 1.85517E-06 0.00000E+00 2.03750E-03
0.00000E+00 2.52882E-06 3.88102E-03 -2.99248E-05 1.96076E-05 1.60229E-02 1.03612E-01 3.86790E-03 2.52882E-06 0.00000E+00 2.03519E-03
0.00000E+00 3.12862E-06 3.60603E-03 -2.73522E-05 1.80603E-05 1.44835E-02 9.50682E-02 3.59306E-03 3.12862E-06 0.00000E+00 1.99522E-03
2.96012E-07 3.66688E-06 3.36760E-03 -2.50443E-05 1.68413E-05 1.31878E-02 8.77576E-02 3.35490E-03 3.66688E-06 2.96012E-07 1.93333E-03
9.84249E-07 4.15420E-06 3.15864E-03 -2.29620E-05 1.58700E-05 1.20830E-02 8.14290E-02 3.14629E-03 4.15420E-06 9.84249E-07 1.85878E-03
1.57010E-06 4.54654E-06 2.97206E-03 -2.11131E-05 1.50243E-05 1.11215E-02 7.58437E-02 2.96011E-03 4.54654E-06 1.57010E-06 1.77813E-03
2.05660E-06 4.84630E-06 2.80447E-03 -1.94797E-05 1.42649E-05 1.02784E-02 7.08822E-02 2.79295E-03 4.84630E-06 2.05660E-06 1.69501E-03
2.45063E-06 5.06001E-06 2.65313E-03 -1.80417E-05 1.35657E-05 9.53436E-03 6.64493E-02 2.64207E-03 5.06001E-06 2.45063E-06 1.61177E-03
2.76089E-06 5.19614E-06 2.51581E-03 -1.67786E-05 1.29102E-05 8.87375E-03 6.24676E-02 2.50523E-03 5.19614E-06 2.76089E-06 1.52987E-03
2.99664E-06 5.26382E-06 2.39067E-03 -1.56709E-05 1.22873E-05 8.28407E-03 5.88741E-02 2.38057E-03 5.26382E-06 2.99664E-06 1.45026E-03
3.16703E-06 5.27213E-06 2.27619E-03 -1.47003E-05 1.16901E-05 7.75512E-03 5.56169E-02 2.26657E-03 5.27213E-06 3.16703E-06 1.37353E-03
3.28079E-06 5.22970E-06 2.17107E-03 -1.38502E-05 1.11142E-05 7.27852E-03 5.26528E-02 2.16193E-03 5.22970E-06 3.28079E-06 1.30003E-03
3.34599E-06 5.14452E-06 2.07424E-03 -1.31056E-05 1.05571E-05 6.84731E-03 4.99454E-02 2.06556E-03 5.14452E-06 3.34599E-06 1.22994E-03
3.36997E-06 5.02388E-06 1.98477E-03 -1.24531E-05 1.00173E-05 6.45570E-03 4.74643E-02 1.97655E-03 5.02388E-06 3.36997E-06 1.16334E-03
3.35937E-06 4.87429E-06 1.90186E-03 -1.18807E-05 9.49412E-06 6.09879E-03 4.51834E-02 1.89409E-03 4.87429E-06 3.35937E-06 1.10024E-03
3.32007E-06 4.70156E-06 1.82484E-03 -1.13780E-05 8.98727E-06 5.77246E-03 4.30804E-02 1.81751E-03 4.70156E-06 3.32007E-06 1.04059E-03
3.25732E-06 4.51080E-06 1.75312E-03 -1.09356E-05 8.49681E-06 5.47319E-03 4.11364E-02 1.74621E-03 4.51080E-06 3.25732E-06 9.84326E-04
3.17572E-06 4.30651E-06 1.68618E-03 -1.05452E-05 8.02293E-06 5.19796E-03 3.93347E-02 1.67967E-03 4.30651E-06 3.17572E-06 9.31334E-04
3.07932E-06 4.09259E-06 1.62357E-03 -1.01997E-05 7.56589E-06 4.94416E-03 3.76609E-02 1.61746E-03 4.09259E-06 3.07932E-06 8.81502E-04
2.97166E-06 3.87245E-06 1.56490E-03 -9.89276E-06 7.12595E-06 4.70956E-03 3.61027E-02 1.55916E-03 3.87245E-06 2.97166E-06 8.34704E-04
2.85579E-06 3.64901E-06 1.50981E-03 -9.61871E-06 6.70337E-06 4.49221E-03 3.46489E-02 1.50444E-03 3.64901E-06 2.85579E-06 7.90810E-04
2.73439E-06 3.42478E-06 1.45801E-03 -9.37272E-06 6.29833E-06 4.29038E-03 3.32900E-02 1.45298E-03 3.42478E-06 2.73439E-06 7.49687E-04
2.60974E-06 3.20193E-06 1.40920E-03 -9.15053E-06 5.91099E-06 4.10260E-03 3.20173E-02 1.40451E-03 3.20193E-06 2.60974E-06 7.11203E-04
2.48381E-06 2.98226E-06 1.36316E-03 -8.94839E-06 5.54142E-06 3.92755E-03 3.08235E-02 1.35879E-03 2.98226E-06 2.48381E-06 6.75228E-04
2.35830E-06 2.76732E-06 1.31966E-03 -8.76306E-06 5.18963E-06 3.76406E-03 2.97017E-02 1.31560E-03 2.76732E-06 2.35830E-06 6.41631E-04
2.23462E-06 2.55840E-06 1.27850E-03 -8.59169E-06 4.85557E-06 3.61110E-03 2.86459E-02 1.27473E-03 2.55840E-06 2.23462E-06 6.10290E-04
2.11399E-06 2.35655E-06 1.23951E-03 -8.43180E-06 4.53912E-06 3.46777E-03 2.76509E-02 1.23602E-03 2.35655E-06 2.11399E-06 5.81082E-04
1.99742E-06 2.16264E-06 1.20252E-03 -8.28125E-06 4.24012E-06 3.33325E-03 2.67117E-02 1.19930E-03 2.16264E-06 1.99742E-06 5.53890E-04
1.88574E-06 1.97737E-06 1.16739E-03 -8.13815E-06 3.95835E-06 3.20680E-03 2.58241E-02 1.16443E-03 1.97737E-06 1.88574E-06 5.28602E-04
1.77965E-06 1.80130E-06 1.13400E-03 -8.00091E-06 3.69356E-06 3.08778E-03 2.49841E-02 1.13128E-03 1.80130E-06 1.77965E-06 5.05110E-04
1.67968E-06 1.63484E-06 1.10221E-03 -7.86811E-06 3.44543E-06 2.97560E-03 2.41883E-02 1.09973E-03 1.63484E-06 1.67968E-06 4.83311E-04
1.58630E-06 1.47830E-06 1.07193E-03 -7.73857E-06 3.21363E-06 2.86972E-03 2.34334E-02 1.06967E-03 1.47830E-06 1.58630E-06 4.63106E-04
1.49982E-06 1.33190E-06 1.04306E-03 -7.61125E-06 2.99781E-06 2.76968E-03 2.27166E-02 1.04101E-03 1.33190E-06 1.49982E-06 4.44402E-04
1.42050E-06 1.19576E-06 1.01549E-03 -7.48526E-06 2.79756E-06 2.67504E-03 2.20351E-02 1.01365E-03 1.19576E-06 1.42050E-06 4.27107E-04
1.34852E-06 1.06993E-06 9.89157E-04 -7.35986E-06 2.61249E-06 2.58540E-03 2.13866E-02 9.87507E-04 1.06993E-06 1.34852E-06 4.11138E-04
1.28397E-06 9.54420E-07 9.63975E-04 -7.23443E-06 2.44217E-06 2.50042E-03 2.07689E-02 9.62511E-04 9.54420E-07 1.28397E-06 3.96413E-04
1.22692E-06 8.49155E-07 9.39875E-04 -7.10843E-06 2.28616E-06 2.41976E-03 2.01800E-02 9.38588E-04 8.49155E-07 1.22692E-06 3.82855E-04
1.17735E-06 7.54030E-07 9.16794E-04 -6.98142E-06 2.14402E-06 2.34313E-03 1.96180E-02 9.15676E-04 7.54030E-07 1.17735E-06 3.70390E-04
1.13523E-06 6.68901E-07 8.94670E-04 -6.85304E-06 2.01529E-06 2.27026E-03 1.90812E-02 8.93713E-04 6.68901E-07 1.13523E-06 3.58951E-04
1.10048E-06 5.93590E-07 8.73449E-04 -6.72301E-06 1.89953E-06 2.20090E-03 1.85681E-02 8.72646E-04 5.93590E-07 1.10048E-06 3.48470E-04
1.07299E-06 5.27890E-07 8.53080E-04 -6.59109E-06 1.79627E-06 2.13482E-03 1.80772E-02 8.52423E-04 5.27890E-07 1.07299E-06 3.38886E-04
1.05261E-06 4.71573E-07 8.33515E-04 -6.45710E-06 1.70505E-06 2.07182E-03 1.76072E-02 8.32997E-04 4.71573E-07 1.05261E-06 3.30139E-04
1.03920E-06 4.24394E-07 8.14710E-04 -6.32092E-06 1.62543E-06 2.01170E-03 1.71569E-02 8.14325E-04 4.24394E-07 1.03920E-06 3.22175E-04
1.03258E-06 3.86090E-07 7.96624E-04 -6.18245E-06 1.55695E-06 1.95428E-03 1.67252E-02 7.96365E-04 3.86090E-07 1.03258E-06 3.14940E-04
1.03256E-06 3.56388E-07 7.79218E-04 -6.04163E-06 1.49916E-06 1.89941E-03 1.63109E-02 7.79080E-04 3.56388E-07 1.03256E-06 3.08384E-04
0.00000E+00 0.00000E+00 2.59195E-03 -5.88681E-06 2.21186E-06 2.04048E-03 3.78882E-02 2.53460E-03 0.00000E+00 0.00000E+00 -4.74296E-04
0.00000E+00 0.00000E+00 2.15269E-03 -4.66616E-06 1.22291E-06 1.57353E-03 3.02779E-02 2.09105E-03 0.00000E+00 0.00000E+00 -4.21454E-04
0.00000E+00 7.84091E-07 1.83751E-03 -3.03154E-06 1.52235E-06 1.26303E-03 2.50185E-02 1.77546E-03 7.84091E-07 0.00000E+00 -3.60585E-04
0.00000E+00 2.14415E-06 1.59701E-03 -1.40205E-06 2.29085E-06 1.04087E-03 2.11316E-02 1.53657E-03 2.14415E-06 0.00000E+00 -2.83414E-04
0.00000E+00 3.47392E-06 1.40645E-03 3.80764E-08 3.15449E-06 8.74506E-04 1.81385E-02 1.34873E-03 3.47392E-06 0.00000E+00 -1.99106E-04
0.00000E+00 4.62780E-06 1.25203E-03 1.21952E-06 3.94184E-06 7.46319E-04 1.57754E-02 1.19762E-03 4.62780E-06 0.00000E+00 -1.16210E-04
0.00000E+00 5.55319E-06 1.12456E-03 2.13192E-06 4.58016E-06 6.45215E-04 1.38713E-02 1.07373E-03 5.55319E-06 0.00000E+00 -4.07313E-05
0.00000E+00 6.24143E-06 1.01770E-03 2.79041E-06 5.04509E-06 5.63893E-04 1.23105E-02 9.70536E-04 6.24143E-06 0.00000E+00 2.40667E-05
3.37966E-07 6.79144E-06 9.27508E-04 3.30829E-06 5.42509E-06 4.97843E-04 1.10198E-02 8.83959E-04 6.79144E-06 3.37966E-07 7.62799E-05
1.05180E-06 7.22526E-06 8.50427E-04 3.71532E-06 5.73212E-06 4.43356E-04 9.93728E-03 8.10371E-04 7.22526E-06 1.05180E-06 1.15832E-04
1.56549E-06 7.42160E-06 7.83059E-04 3.89229E-06 5.83430E-06 3.97214E-04 9.00941E-03 7.46368E-04 7.42160E-06 1.56549E-06 1.44711E-04
1.90358E-06 7.41748E-06 7.23745E-04 3.87807E-06 5.76306E-06 3.57762E-04 8.20759E-03 6.90269E-04 7.41748E-06 1.90358E-06 1.64095E-04
2.09103E-06 7.24731E-06 6.71180E-04 3.70779E-06 5.54823E-06 3.23740E-04 7.50962E-03 6.40753E-04 7.24731E-06 2.09103E-06 1.75291E-04
2.15157E-06 6.94211E-06 6.24322E-04 3.41245E-06 5.21701E-06 2.94175E-04 6.89805E-03 5.96775E-04 6.94211E-06 2.15157E-06 1.79610E-04
2.10703E-06 6.52919E-06 5.82333E-04 3.01894E-06 4.79359E-06 2.68307E-04 6.35899E-03 5.57495E-04 6.52919E-06 2.10703E-06 1.78293E-04
1.97693E-06 6.03229E-06 5.44528E-04 2.55033E-06 4.29905E-06 2.45533E-04 5.88125E-03 5.22230E-04 6.03229E-06 1.97693E-06 1.72469E-04
1.77850E-06 5.47180E-06 5.10342E-04 2.02623E-06 3.75162E-06 2.25370E-04 5.45576E-03 4.90424E-04 5.47180E-06 1.77850E-06 1.63142E-04
1.52672E-06 4.86508E-06 4.79309E-04 1.46318E-06 3.16680E-06 2.07428E-04 5.07508E-03 4.61616E-04 4.86508E-06 1.52672E-06 1.51180E-04
1.23452E-06 4.22682E-06 4.51038E-04 8.75027E-07 2.55773E-06 1.91389E-04 4.73306E-03 4.35422E-04 4.22682E-06 1.23452E-06 1.37329E-04
9.12933E-07 3.56932E-06 4.25198E-04 2.73294E-07 1.93543E-06 1.76992E-04 4.42458E-03 4.11519E-04 3.56932E-06 9.12933E-07 1.22217E-04
5.71333E-07 2.90285E-06 4.01510E-04 -3.32503E-07 1.30907E-06 1.64019E-04 4.14535E-03 3.89637E-04 2.90285E-06 5.71333E-07 1.06364E-04
2.17617E-07 2.23590E-06 3.79735E-04 -9.34565E-07 6.86199E-07 1.52289E-04 3.89176E-03 3.69543E-04 2.23590E-06 2.17617E-07 9.01992E-05
-1.41609E-07 1.57545E-06 3.59667E-04 -1.52656E-06 7.30113E-08 1.41650E-04 3.66073E-03 3.51041E-04 1.57545E-06 -1.41609E-07 7.40711E-05
-5.00858E-07 9.27158E-07 3.41129E-04 -2.10339E-06 -5.25494E-07 1.31971E-04 3.44965E-03 3.33960E-04 9.27158E-07 -5.00858E-07 5.82572E-05
-8.55612E-07 2.95593E-07 3.23967E-04 -2.66104E-06 -1.10532E-06 1.23142E-04 3.25627E-03 3.18153E-04 2.95593E-07 -8.55612E-07 4.29762E-05
-1.20219E-06 -3.15631E-07 3.08047E-04 -3.19634E-06 -1.66334E-06 1.15070E-04 3.07864E-03 3.03493E-04 -3.15631E-07 -1.20219E-06 2.83962E-05
-1.53761E-06 -9.03695E-07 2.93250E-04 -3.70690E-06 -2.19714E-06 1.07673E-04 2.91510E-03 2.89868E-04 -9.03695E-07 -1.53761E-06 1.46432E-05
-1.85953E-06 -1.46646E-06 2.79474E-04 -4.19097E-06 -2.70492E-06 1.00880E-04 2.76419E-03 2.77180E-04 -1.46646E-06 -1.85953E-06 1.80804E-06
-2.16610E-06 -2.00233E-06 2.66625E-04 -4.64728E-06 -3.18541E-06 9.46313E-05 2.62464E-03 2.65343E-04 -2.00233E-06 -2.16610E-06 -1.00479E-05
-2.45591E-06 -2.51023E-06 2.54625E-04 -5.07504E-06 -3.63775E-06 8.88720E-05 2.49533E-03 2.54282E-04 -2.51023E-06 -2.45591E-06 -2.08870E-05
-2.72795E-06 -2.98945E-06 2.43399E-04 -5.47382E-06 -4.06146E-06 8.35556E-05 2.37527E-03 2.43928E-04 -2.98945E-06 -2.72795E-06 -3.06914E-05
-2.98150E-06 -3.43961E-06 2.32885E-04 -5.84346E-06 -4.45634E-06 7.86409E-05 2.26361E-03 2.34222E-04 -3.43961E-06 -2.98150E-06 -3.94589E-05
-3.21612E-06 -3.86062E-06 2.23023E-04 -6.18408E-06 -4.82245E-06 7.40913E-05 2.15958E-03 2.25111E-04 -3.86062E-06 -3.21612E-06 -4.72004E-05
-3.43157E-06 -4.25260E-06 2.13763E-04 -6.49600E-06 -5.16005E-06 6.98743E-05 2.06250E-03 2.16546E-04 -4.25260E-06 -3.43157E-06 -5.39364E-05
-3.62781E-06 -4.61589E-06 2.05056E-04 -6.77967E-06 -5.46956E-06 6.59611E-05 1.97177E-03 2.08484E-04 -4.61589E-06 -3.62781E-06 -5.96956E-05
-3.80496E-06 -4.95094E-06 1.96863E-04 -7.03571E-06 -5.75154E-06 6.23260E-05 1.88684E-03 2.00886E-04 -4.95094E-06 -3.80496E-06 -6.45126E-05
-3.96325E-06 -5.25834E-06 1.89143E-04 -7.26481E-06 -6.00666E-06 5.89458E-05 1.80723E-03 1.93719E-04 -5.25834E-06 -3.96325E-06 -6.84263E-05
-4.10300E-06 -5.53876E-06 1.81863E-04 -7.46777E-06 -6.23564E-06 5.57998E-05 1.73250E-03 1.86949E-04 -5.53876E-06 -4.10300E-06 -7.14790E-05
-4.22465E-06 -5.79298E-06 1.74991E-04 -7.64543E-06 -6.43930E-06 5.28693E-05 1.66227E-03 1.80548E-04 -5.79298E-06 -4.22465E-06 -7.37152E-05
-4.32866E-06 -6.02180E-06 1.68498E-04 -7.79867E-06 -6.61850E-06 5.01375E-05 1.59619E-03 1.74490E-04 -6.02180E-06 -4.32866E-06 -7.51803E-05
-4.41559E-06 -6.22608E-06 1.62359E-04 -7.92842E-06 -6.77411E-06 4.75892E-05 1.53393E-03 1.68752E-04 -6.22608E-06 -4.41559E-06 -7.59209E-05
-4.48599E-06 -6.40670E-06 1.56549E-04 -8.03562E-06 -6.90704E-06 4.52104E-05 1.47520E-03 1.63310E-04 -6.40670E-06 -4.48599E-06 -7.59830E-05
-4.54046E-06 -6.56456E-06 1.51046E-04 -8.12120E-06 -7.01822E-06 4.29886E-05 1.41975E-03 1.58147E-04 -6.56456E-06 -4.54046E-06 -7.54126E-05
-4.57964E-06 -6.70057E-06 1.45830E-04 -8.18613E-06 -7.10856E-06 4.09124E-05 1.36734E-03 1.53242E-04 -6.70057E-06 -4.57964E-06 -7.42547E-05
-4.60415E-06 -6.81565E-06 1.40883E-04 -8.23134E-06 -7.17899E-06 3.89712E-05 1.31775E-03 1.48580E-04 -6.81565E-06 -4.60415E-06 -7.25535E-05
-4.61462E-06 -6.91072E-06 1.36187E-04 -8.25776E-06 -7.23041E-06 3.71556E-05 1.27079E-03 1.44146E-04 -6.91072E-06 -4.61462E-06 -7.03516E-05
-4.61171E-06 -6.98666E-06 1.31727E-04 -8.26632E-06 -7.26374E-06 3.54567E-05 1.22626E-03 1.39924E-04 -6.98666E-06 -4.61171E-06 -6.76903E-05
-4.59605E-06 -7.04436E-06 1.27489E-04 -8.25791E-06 -7.27984E-06 3.38665E-05 1.18402E-03 1.35902E-04 -7.04436E-06 -4.59605E-06 -6.46094E-05
-4.56827E-06 -7.08470E-06 1.23458E-04 -8.23342E-06 -7.27960E-06 3.23776E-05 1.14390E-03 1.32068E-04 -7.08470E-06 -4.56827E-06 -6.11471E-05
-4.52899E-06 -7.10854E-06 1.19623E-04 -8.19369E-06 -7.26384E-06 3.09832E-05 1.10577E-03 1.28410E-04 -7.10854E-06 -4.52899E-06 -5.73397E-05
0.00000E+00 0.00000E+00 -1.66175E-05 2.55040E-06 -9.55449E-06 -7.86634E-06 1.04465E-05 -3.77996E-04 0.00000E+00 0.00000E+00 -1.70979E-03
0.00000E+00 0.00000E+00 -7.91773E-06 4.38470E-06 -5.21353E-06 -4.67456E-06 9.47816E-06 -3.16462E-04 0.00000E+00 0.00000E+00 -1.91434E-03
0.00000E+00 5.24149E-06 9.15131E-07 7.87025E-06 4.39413E-07 9.19547E-08 1.12657E-05 -2.60497E-04 5.24149E-06 0.00000E+00 -1.72191E-03
0.00000E+00 1.17048E-05 8.25786E-06 1.10558E-05 5.48633E-06 4.45835E-06 1.33593E-05 -2.11637E-04 1.17048E-05 0.00000E+00 -1.37590E-03
0.00000E+00 1.65160E-05 1.37764E-05 1.33405E-05 9.36374E-06 7.81938E-06 1.49159E-05 -1.69732E-04 1.65160E-05 0.00000E+00 -9.96786E-04
0.00000E+00 1.97638E-05 1.75839E-05 1.46450E-05 1.20227E-05 1.00973E-05 1.57250E-05 -1.34212E-04 1.97638E-05 0.00000E+00 -6.42426E-04
0.00000E+00 2.16744E-05 1.99352E-05 1.50686E-05 1.35940E-05 1.13978E-05 1.58060E-05 -1.04281E-04 2.16744E-05 0.00000E+00 -3.37747E-04
0.00000E+00 2.24954E-05 2.11032E-05 1.47619E-05 1.42576E-05 1.18799E-05 1.52592E-05 -7.91312E-05 2.24954E-05 0.00000E+00 -9.00626E-05
7.68424E-07 2.25653E-05 2.14457E-05 1.39958E-05 1.43055E-05 1.18219E-05 1.43240E-05 -5.80363E-05 2.25653E-05 7.68424E-07 1.00173E-04
2.18780E-06 2.20527E-05 2.11480E-05 1.28780E-05 1.38700E-05 1.13416E-05 1.30855E-05 -4.03317E-05 2.20527E-05 2.18780E-06 2.38642E-04
2.94874E-06 2.09306E-05 2.01981E-05 1.13268E-05 1.28960E-05 1.03672E-05 1.14470E-05 -2.54807E-05 2.09306E-05 2.94874E-06 3.35805E-04
3.19290E-06 1.93572E-05 1.87629E-05 9.46790E-06 1.15233E-05 9.03022E-06 9.52487E-06 -1.30457E-05 1.93572E-05 3.19290E-06 3.98531E-04
3.03850E-06 1.74608E-05 1.69774E-05 7.40343E-06 9.86608E-06 7.43793E-06 7.41461E-06 -2.65447E-06 1.74608E-05 3.03850E-06 4.33285E-04
2.58288E-06 1.53445E-05 1.49503E-05 5.21503E-06 8.01674E-06 5.67674E-06 5.19318E-06 6.00821E-06 1.53445E-05 2.58288E-06 4.45841E-04
1.90541E-06 1.30904E-05 1.27679E-05 2.96720E-06 6.04888E-06 3.81543E-06 2.92166E-06 1.32086E-05 1.30904E-05 1.90541E-06 4.41191E-04
1.07031E-06 1.07633E-05 1.04984E-05 7.10234E-07 4.02070E-06 1.90816E-06 6.47881E-07 1.91715E-05 1.07633E-05 1.07031E-06 4.23545E-04
1.29152E-07 8.41376E-06 8.19510E-06 -1.51714E-06 1.97772E-06 -2.92275E-09 -1.59128E-06 2.40866E-05 8.41376E-06 1.29152E-07 3.96397E-04
-8.76937E-07 6.08105E-06 5.89936E-06 -3.68562E-06 -4.48270E-08 -1.88542E-06 -3.76787E-06 2.81140E-05 6.08105E-06 -8.76937E-07 3.62599E-04
-1.91541E-06 3.79509E-06 3.64285E-06 -5.77346E-06 -2.02012E-06 -3.71482E-06 -5.86115E-06 3.13892E-05 3.79509E-06 -1.91541E-06 3.24454E-04
-2.96072E-06 1.57835E-06 1.44945E-06 -7.76500E-06 -3.92806E-06 -5.47298E-06 -7.85620E-06 3.40267E-05 1.57835E-06 -2.96072E-06 2.83796E-04
-3.99308E-06 -5.52626E-07 -6.63175E-07 -9.64942E-06 -5.75398E-06 -7.14684E-06 -9.74274E-06 3.61237E-05 -5.52626E-07 -3.99308E-06 2.42066E-04
-4.99731E-06 -2.58611E-06 -2.68238E-06 -1.14197E-05 -7.48755E-06 -8.72742E-06 -1.15142E-05 3.77625E-05 -2.58611E-06 -4.99731E-06 2.00382E-04
-5.96202E-06 -4.51415E-06 -4.59948E-06 -1.30719E-05 -9.12190E-06 -1.02089E-05 -1.31669E-05 3.90131E-05 -4.51415E-06 -5.96202E-06 1.59597E-04
-6.87884E-06 -6.33182E-06 -6.40892E-06 -1.46045E-05 -1.06529E-05 -1.15882E-05 -1.46995E-05 3.99350E-05 -6.33182E-06 -6.87884E-06 1.20345E-04
-7.74188E-06 -8.03657E-06 -8.10765E-06 -1.60175E-05 -1.20785E-05 -1.28639E-05 -1.61124E-05 4.05789E-05 -8.03657E-06 -7.74188E-06 8.30876E-05
-8.54717E-06 -9.62768E-06 -9.69456E-06 -1.73127E-05 -1.33985E-05 -1.40363E-05 -1.74073E-05 4.09880E-05 -9.62768E-06 -8.54717E-06 4.81435E-05
-9.29233E-06 -1.11059E-05 -1.11701E-05 -1.84928E-05 -1.46138E-05 -1.51070E-05 -1.85870E-05 4.11992E-05 -1.11059E-05 -9.29233E-06 1.57209E-05
-9.97622E-06 -1.24731E-05 -1.25357E-05 -1.95613E-05 -1.57264E-05 -1.60784E-05 -1.96550E-05 4.12440E-05 -1.24731E-05 -9.97622E-06 -1.40606E-05
-1.05987E-05 -1.37319E-05 -1.37940E-05 -2.05220E-05 -1.67391E-05 -1.69534E-05 -2.06155E-05 4.11493E-05 -1.37319E-05 -1.05987E-05 -4.11506E-05
-1.11602E-05 -1.48857E-05 -1.49480E-05 -2.13796E-05 -1.76552E-05 -1.77357E-05 -2.14728E-05 4.09381E-05 -1.48857E-05 -1.11602E-05 -6.55526E-05
-1.16621E-05 -1.59382E-05 -1.60012E-05 -2.21387E-05 -1.84783E-05 -1.84290E-05 -2.22317E-05 4.06303E-05 -1.59382E-05 -1.16621E-05 -8.73107E-05
-1.21059E-05 -1.68934E-05 -1.69577E-05 -2.28041E-05 -1.92124E-05 -1.90374E-05 -2.28970E-05 4.02426E-05 -1.68934E-05 -1.21059E-05 -1.06500E-04
-1.24936E-05 -1.77556E-05 -1.78216E-05 -2.33806E-05 -1.98615E-05 -1.95651E-05 -2.34735E-05 3.97895E-05 -1.77556E-05 -1.24936E-05 -1.23217E-04
-1.28274E-05 -1.85290E-05 -1.85970E-05 -2.38731E-05 -2.04299E-05 -2.00164E-05 -2.39662E-05 3.92835E-05 -1.85290E-05 -1.28274E-05 -1.37575E-04
-1.31095E-05 -1.92182E-05 -1.92884E-05 -2.42865E-05 -2.09216E-05 -2.03954E-05 -2.43798E-05 3.87351E-05 -1.92182E-05 -1.31095E-05 -1.49699E-04
-1.33425E-05 -1.98275E-05 -1.98999E-05 -2.46253E-05 -2.13410E-05 -2.07063E-05 -2.47189E-05 3.81534E-05 -1.98275E-05 -1.33425E-05 -1.59717E-04
-1.35288E-05 -2.03611E-05 -2.04359E-05 -2.48942E-05 -2.16920E-05 -2.09532E-05 -2.49882E-05 3.75461E-05 -2.03611E-05 -1.35288E-05 -1.67763E-04
-1.36710E-05 -2.08232E-05 -2.09006E-05 -2.50975E-05 -2.19787E-05 -2.11401E-05 -2.51920E-05 3.69200E-05 -2.08232E-05 -1.36710E-05 -1.73972E-04
-1.37716E-05 -2.12181E-05 -2.12979E-05 -2.52396E-05 -2.22050E-05 -2.12707E-05 -2.53346E-05 3.62805E-05 -2.12181E-05 -1.37716E-05 -1.78474E-04
-1.38330E-05 -2.15496E-05 -2.16319E-05 -2.53243E-05 -2.23746E-05 -2.13487E-05 -2.54199E-05 3.56326E-05 -2.15496E-05 -1.38330E-05 -1.81401E-04
-1.38576E-05 -2.18215E-05 -2.19063E-05 -2.53558E-05 -2.24910E-05 -2.13777E-05 -2.54520E-05 3.49803E-05 -2.18215E-05 -1.38576E-05 -1.82878E-04
-1.38478E-05 -2.20376E-05 -2.21248E-05 -2.53375E-05 -2.25578E-05 -2.13610E-05 -2.54343E-05 3.43272E-05 -2.20376E-05 -1.38478E-05 -1.83026E-04
-1.38059E-05 -2.22013E-05 -2.22908E-05 -2.52730E-05 -2.25782E-05 -2.13019E-05 -2.53705E-05 3.36760E-05 -2.22013E-05 -1.38059E-05 -1.81960E-04
-1.37340E-05 -2.23161E-05 -2.24078E-05 -2.51657E-05 -2.25554E-05 -2.12033E-05 -2.52639E-05 3.30294E-05 -2.23161E-05 -1.37340E-05 -1.79792E-04
-1.36342E-05 -2.23850E-05 -2.24789E-05 -2.50187E-05 -2.24924E-05 -2.10683E-05 -2.51175E-05 3.23893E-05 -2.23850E-05 -1.36342E-05 -1.76626E-04
-1.35086E-05 -2.24111E-05 -2.25072E-05 -2.48351E-05 -2.23920E-05 -2.08995E-05 -2.49345E-05 3.17574E-05 -2.24111E-05 -1.35086E-05 -1.72561E-04
-1.33590E-05 -2.23974E-05 -2.24954E-05 -2.46175E-05 -2.22568E-05 -2.06995E-05 -2.47175E-05 3.11352E-05 -2.23974E-05 -1.33590E-05 -1.67688E-04
-1.31873E-05 -2.23466E-05 -2.24465E-05 -2.43686E-05 -2.20896E-05 -2.04708E-05 -2.44693E-05 3.05238E-05 -2.23466E-05 -1.31873E-05 -1.62097E-04
-1.29951E-05 -2.22612E-05 -2.23629E-05 -2.40910E-05 -2.18926E-05 -2.02157E-05 -2.41922E-05 2.99241E-05 -2.22612E-05 -1.29951E-05 -1.55867E-04
-1.27842E-05 -2.21437E-05 -2.22470E-05 -2.37870E-05 -2.16681E-05 -1.99363E-05 -2.38888E-05 2.93369E-05 -2.21437E-05 -1.27842E-05 -1.49076E-04
---
