PdfType: replica
Format: lhagrid1
---
1.00000E-07 1.58489E-07 2.51189E-07 3.98107E-07 6.30957E-07 1.00000E-06 1.58489E-06 2.51189E-06 3.98107E-06 6.30957E-06 1.00000E-05 1.58489E-05 2.51189E-05 3.98107E-05 6.30957E-05 1.00000E-04 1.58489E-04 2.51189E-04 3.98107E-04 6.30957E-04 1.00000E-03 1.58489E-03 2.51189E-03 3.98107E-03 6.30957E-03 1.00000E-02 1.25893E-02 1.58489E-02 1.99526E-02 2.51189E-02 3.16228E-02 3.98107E-02 5.01187E-02 6.30957E-02 7.94328E-02 1.00000E-01 1.25900E-01 1.58500E-01 1.99500E-01 2.51200E-01 3.16200E-01 3.98100E-01 5.01200E-01 6.31000E-01 7.94300E-01 1.00000E+00
1.00000E+00 1.20679E+00 1.45635E+00 1.75751E+00 2.12095E+00 2.55955E+00 3.08884E+00 3.72759E+00 4.49843E+00 5.42868E+00 6.55129E+00 7.90604E+00 9.54095E+00 1.15140E+01 1.38950E+01 1.67683E+01 2.02359E+01 2.44205E+01 2.94705E+01 3.55648E+01 4.29193E+01 5.17947E+01 6.25055E+01 7.54312E+01 9.10298E+01 1.09854E+02 1.32571E+02 1.59986E+02 1.93070E+02 2.32995E+02 2.81177E+02 3.39322E+02 4.09492E+02 4.94171E+02 5.96362E+02 7.19686E+02 8.68511E+02 1.04811E+03 1.26486E+03 1.52642E+03 1.84207E+03 2.22300E+03 2.68270E+03 3.23746E+03 3.90694E+03 4.71487E+03 5.68987E+03 6.86649E+03 8.28643E+03 1.00000E+04
-5 -4 -3 -2 -1 1 2 3 4 5 21
0.00000E+00 0.00000E+00 -6.47470E-02 2.85131E+00 2.85198E+00 2.85179E+00 2.85035E+00 -6.46251E-02 0.00000E+00 0.00000E+00 -3.29263E+00
0.00000E+00 0.00000E+00 -2.51391E-02 2.82964E+00 2.83034E+00 2.83020E+00 2.82889E+00 -2.50192E-02 0.00000E+00 0.00000E+00 -8.82701E-01
0.00000E+00 1.06883E-01 1.15480E-01 2.92008E+00 2.92080E+00 2.92071E+00 2.91949E+00 1.15598E-01 1.06883E-01 0.00000E+00 2.76152E+00
0.00000E+00 3.50510E-01 3.59184E-01 3.12080E+00 3.12155E+00 3.12148E+00 3.12034E+00 3.59300E-01 3.50510E-01 0.00000E+00 8.02247E+00
0.00000E+00 6.98088E-01 7.06835E-01 3.43069E+00 3.43145E+00 3.43141E+00 3.43033E+00 7.06949E-01 6.98088E-01 0.00000E+00 1.53672E+01
0.00000E+00 1.14782E+00 1.15664E+00 3.84685E+00 3.84763E+00 3.84761E+00 3.84658E+00 1.15675E+00 1.14782E+00 0.00000E+00 2.51435E+01
0.00000E+00 1.69733E+00 1.70621E+00 4.36613E+00 4.36692E+00 4.36692E+00 4.36593E+00 1.70632E+00 1.69733E+00 0.00000E+00 3.76328E+01
0.00000E+00 2.34411E+00 2.35305E+00 4.98542E+00 4.98624E+00 4.98625E+00 4.98529E+00 2.35316E+00 2.34411E+00 0.00000E+00 5.30529E+01
2.59240E-01 3.03539E+00 3.04439E+00 5.65165E+00 5.65248E+00 5.65250E+00 5.65157E+00 3.04450E+00 3.03539E+00 2.59240E-01 7.17134E+01
9.92434E-01 3.74720E+00 3.75626E+00 6.34043E+00 6.34127E+00 6.34131E+00 6.34040E+00 3.75636E+00 3.74720E+00 9.92434E-01 9.37104E+01
1.82465E+00 4.55944E+00 4.56855E+00 7.13117E+00 7.13203E+00 7.13207E+00 7.13119E+00 4.56865E+00 4.55944E+00 1.82465E+00 1.18856E+02
2.75464E+00 5.47068E+00 5.47984E+00 8.02227E+00 8.02314E+00 8.02320E+00 8.02233E+00 5.47995E+00 5.47068E+00 2.75464E+00 1.47209E+02
3.78104E+00 6.47944E+00 6.48865E+00 9.01208E+00 9.01297E+00 9.01303E+00 9.01218E+00 6.48875E+00 6.47944E+00 3.78104E+00 1.78809E+02
4.90244E+00 7.58417E+00 7.59343E+00 1.00989E+01 1.00998E+01 1.00999E+01 1.00991E+01 7.59353E+00 7.58417E+00 4.90244E+00 2.13672E+02
6.11738E+00 8.78333E+00 8.79264E+00 1.12812E+01 1.12821E+01 1.12822E+01 1.12814E+01 8.79274E+00 8.78333E+00 6.11738E+00 2.51801E+02
7.42439E+00 1.00753E+01 1.00847E+01 1.25572E+01 1.25581E+01 1.25582E+01 1.25574E+01 1.00848E+01 1.00753E+01 7.42439E+00 2.93183E+02
8.82197E+00 1.14587E+01 1.14681E+01 1.39252E+01 1.39262E+01 1.39263E+01 1.39255E+01 1.14682E+01 1.14587E+01 8.82197E+00 3.37794E+02
1.03086E+01 1.29317E+01 1.29412E+01 1.53837E+01 1.53847E+01 1.53848E+01 1.53840E+01 1.29413E+01 1.29317E+01 1.03086E+01 3.85602E+02
1.18829E+01 1.44930E+01 1.45025E+01 1.69311E+01 1.69321E+01 1.69322E+01 1.69314E+01 1.45026E+01 1.44930E+01 1.18829E+01 4.36564E+02
1.35432E+01 1.61408E+01 1.61504E+01 1.85657E+01 1.85667E+01 1.85668E+01 1.85660E+01 1.61505E+01 1.61408E+01 1.35432E+01 4.90634E+02
1.52881E+01 1.78738E+01 1.78834E+01 2.02860E+01 2.02869E+01 2.02870E+01 2.02863E+01 1.78835E+01 1.78738E+01 1.52881E+01 5.47759E+02
1.71162E+01 1.96904E+01 1.97000E+01 2.20903E+01 2.20913E+01 2.20914E+01 2.20907E+01 1.97001E+01 1.96904E+01 1.71162E+01 6.07883E+02
1.90259E+01 2.15890E+01 2.15987E+01 2.39772E+01 2.39782E+01 2.39783E+01 2.39776E+01 2.15988E+01 2.15890E+01 1.90259E+01 6.70945E+02
2.10157E+01 2.35683E+01 2.35780E+01 2.59452E+01 2.59462E+01 2.59463E+01 2.59455E+01 2.35781E+01 2.35683E+01 2.10157E+01 7.36885E+02
2.30843E+01 2.56266E+01 2.56364E+01 2.79926E+01 2.79936E+01 2.79938E+01 2.79930E+01 2.56365E+01 2.56266E+01 2.30843E+01 8.05638E+02
2.52303E+01 2.77627E+01 2.77724E+01 3.01181E+01 3.01192E+01 3.01193E+01 3.01186E+01 2.77725E+01 2.77627E+01 2.52303E+01 8.77139E+02
2.74521E+01 2.99749E+01 2.99847E+01 3.23202E+01 3.23213E+01 3.23214E+01 3.23207E+01 2.99848E+01 2.99749E+01 2.74521E+01 9.51324E+02
2.97484E+01 3.22620E+01 3.22718E+01 3.45975E+01 3.45985E+01 3.45986E+01 3.45979E+01 3.22719E+01 3.22620E+01 2.97484E+01 1.02813E+03
3.21178E+01 3.46224E+01 3.46323E+01 3.69484E+01 3.69495E+01 3.69496E+01 3.69489E+01 3.46324E+01 3.46224E+01 3.21178E+01 1.10748E+03
3.45589E+01 3.70549E+01 3.70648E+01 3.93717E+01 3.93727E+01 3.93729E+01 3.93722E+01 3.70649E+01 3.70549E+01 3.45589E+01 1.18932E+03
3.70705E+01 3.95580E+01 3.95680E+01 4.18659E+01 4.18669E+01 4.18671E+01 4.18664E+01 3.95680E+01 3.95580E+01 3.70705E+01 1.27358E+03
3.96511E+01 4.21305E+01 4.21404E+01 4.44297E+01 4.44307E+01 4.44309E+01 4.44302E+01 4.21405E+01 4.21305E+01 3.96511E+01 1.36020E+03
4.22995E+01 4.47709E+01 4.47809E+01 4.70617E+01 4.70628E+01 4.70630E+01 4.70623E+01 4.47810E+01 4.47709E+01 4.22995E+01 1.44912E+03
4.50144E+01 4.74781E+01 4.74881E+01 4.97607E+01 4.97618E+01 4.97619E+01 4.97613E+01 4.74882E+01 4.74781E+01 4.50144E+01 1.54027E+03
4.77945E+01 5.02507E+01 5.02607E+01 5.25253E+01 5.25264E+01 5.25266E+01 5.25259E+01 5.02608E+01 5.02507E+01 4.77945E+01 1.63358E+03
5.06386E+01 5.30874E+01 5.30975E+01 5.53544E+01 5.53555E+01 5.53556E+01 5.53549E+01 5.30976E+01 5.30874E+01 5.06386E+01 1.72901E+03
5.35454E+01 5.59871E+01 5.59972E+01 5.82465E+01 5.82476E+01 5.82478E+01 5.82471E+01 5.59973E+01 5.59871E+01 5.35454E+01 1.82649E+03
5.65138E+01 5.89485E+01 5.89587E+01 6.12006E+01 6.12017E+01 6.12019E+01 6.12012E+01 5.89588E+01 5.89485E+01 5.65138E+01 1.92596E+03
5.95426E+01 6.19705E+01 6.19807E+01 6.42154E+01 6.42165E+01 6.42167E+01 6.42160E+01 6.19807E+01 6.19705E+01 5.95426E+01 2.02737E+03
6.26305E+01 6.50518E+01 6.50620E+01 6.72897E+01 6.72908E+01 6.72910E+01 6.72903E+01 6.50621E+01 6.50518E+01 6.26305E+01 2.13067E+03
6.57765E+01 6.81913E+01 6.82015E+01 7.04224E+01 7.04235E+01 7.04237E+01 7.04230E+01 6.82016E+01 6.81913E+01 6.57765E+01 2.23579E+03
6.89794E+01 7.13879E+01 7.13982E+01 7.36123E+01 7.36135E+01 7.36137E+01 7.36130E+01 7.13983E+01 7.13879E+01 6.89794E+01 2.34268E+03
7.22382E+01 7.46405E+01 7.46508E+01 7.68584E+01 7.68596E+01 7.68597E+01 7.68591E+01 7.46509E+01 7.46405E+01 7.22382E+01 2.45130E+03
7.55517E+01 7.79479E+01 7.79583E+01 8.01595E+01 8.01607E+01 8.01609E+01 8.01602E+01 7.79584E+01 7.79479E+01 7.55517E+01 2.56160E+03
7.89189E+01 8.13092E+01 8.13196E+01 8.35146E+01 8.35158E+01 8.35160E+01 8.35153E+01 8.13197E+01 8.13092E+01 7.89189E+01 2.67352E+03
8.23388E+01 8.47233E+01 8.47337E+01 8.69226E+01 8.69238E+01 8.69240E+01 8.69233E+01 8.47338E+01 8.47233E+01 8.23388E+01 2.78702E+03
8.58103E+01 8.81892E+01 8.81996E+01 9.03825E+01 9.03837E+01 9.03838E+01 9.03832E+01 8.81996E+01 8.81892E+01 8.58103E+01 2.90206E+03
8.93324E+01 9.17057E+01 9.17162E+01 9.38932E+01 9.38944E+01 9.38946E+01 9.38939E+01 9.17163E+01 9.17057E+01 8.93324E+01 3.01858E+03
9.29042E+01 9.52721E+01 9.52826E+01 9.74539E+01 9.74551E+01 9.74552E+01 9.74546E+01 9.52826E+01 9.52721E+01 9.29042E+01 3.13655E+03
9.65247E+01 9.88872E+01 9.88977E+01 1.01063E+02 1.01065E+02 1.01065E+02 1.01064E+02 9.88978E+01 9.88872E+01 9.65247E+01 3.25591E+03
0.00000E+00 0.00000E+00 -6.10154E-02 2.54602E+00 2.54678E+00 2.54699E+00 2.54655E+00 -6.08977E-02 0.00000E+00 0.00000E+00 -3.02594E+00
0.00000E+00 0.00000E+00 -2.29988E-02 2.52919E+00 2.52998E+00 2.53018E+00 2.52973E+00 -2.28838E-02 0.00000E+00 0.00000E+00 -8.15836E-01
0.00000E+00 1.00184E-01 1.09095E-01 2.61636E+00 2.61718E+00 2.61738E+00 2.61693E+00 1.09208E-01 1.00184E-01 0.00000E+00 2.55960E+00
0.00000E+00 3.26178E-01 3.35191E-01 2.80398E+00 2.80483E+00 2.80501E+00 2.80456E+00 3.35301E-01 3.26178E-01 0.00000E+00 7.44406E+00
0.00000E+00 6.45585E-01 6.54692E-01 3.08967E+00 3.09054E+00 3.09073E+00 3.09026E+00 6.54800E-01 6.45585E-01 0.00000E+00 1.42496E+01
0.00000E+00 1.05574E+00 1.06493E+00 3.46980E+00 3.47069E+00 3.47087E+00 3.47040E+00 1.06504E+00 1.05574E+00 0.00000E+00 2.32694E+01
0.00000E+00 1.55371E+00 1.56299E+00 3.94072E+00 3.94164E+00 3.94181E+00 3.94134E+00 1.56309E+00 1.55371E+00 0.00000E+00 3.47314E+01
0.00000E+00 2.13664E+00 2.14599E+00 4.49906E+00 4.50000E+00 4.50017E+00 4.49969E+00 2.14609E+00 2.13664E+00 0.00000E+00 4.88042E+01
2.34664E-01 2.75904E+00 2.76847E+00 5.09906E+00 5.10001E+00 5.10018E+00 5.09969E+00 2.76857E+00 2.75904E+00 2.34664E-01 6.57013E+01
8.95709E-01 3.40055E+00 3.41006E+00 5.71997E+00 5.72094E+00 5.72111E+00 5.72062E+00 3.41016E+00 3.40055E+00 8.95709E-01 8.54540E+01
1.64220E+00 4.12880E+00 4.13837E+00 6.42899E+00 6.42998E+00 6.43015E+00 6.42965E+00 4.13847E+00 4.12880E+00 1.64220E+00 1.07925E+02
2.47258E+00 4.94206E+00 4.95169E+00 7.22423E+00 7.22523E+00 7.22540E+00 7.22489E+00 4.95179E+00 4.94206E+00 2.47258E+00 1.33149E+02
3.38524E+00 5.83860E+00 5.84830E+00 8.10383E+00 8.10484E+00 8.10501E+00 8.10450E+00 5.84839E+00 5.83860E+00 3.38524E+00 1.61139E+02
4.37858E+00 6.81672E+00 6.82648E+00 9.06596E+00 9.06699E+00 9.06716E+00 9.06664E+00 6.82657E+00 6.81672E+00 4.37858E+00 1.91896E+02
5.45100E+00 7.87473E+00 7.88455E+00 1.01088E+01 1.01099E+01 1.01101E+01 1.01095E+01 7.88464E+00 7.87473E+00 5.45100E+00 2.25405E+02
6.60094E+00 9.01097E+00 9.02085E+00 1.12307E+01 1.12318E+01 1.12320E+01 1.12314E+01 9.02094E+00 9.01097E+00 6.60094E+00 2.61639E+02
7.82681E+00 1.02238E+01 1.02338E+01 1.24299E+01 1.24310E+01 1.24312E+01 1.24306E+01 1.02338E+01 1.02238E+01 7.82681E+00 3.00566E+02
9.12708E+00 1.15117E+01 1.15217E+01 1.37048E+01 1.37059E+01 1.37060E+01 1.37055E+01 1.15217E+01 1.15117E+01 9.12708E+00 3.42144E+02
1.05002E+01 1.28729E+01 1.28830E+01 1.50536E+01 1.50547E+01 1.50549E+01 1.50544E+01 1.28831E+01 1.28729E+01 1.05002E+01 3.86326E+02
1.19448E+01 1.43061E+01 1.43162E+01 1.64749E+01 1.64760E+01 1.64762E+01 1.64756E+01 1.43163E+01 1.43061E+01 1.19448E+01 4.33060E+02
1.34592E+01 1.58096E+01 1.58198E+01 1.79670E+01 1.79682E+01 1.79683E+01 1.79678E+01 1.58199E+01 1.58096E+01 1.34592E+01 4.82293E+02
1.50421E+01 1.73820E+01 1.73922E+01 1.95285E+01 1.95297E+01 1.95299E+01 1.95293E+01 1.73923E+01 1.73820E+01 1.50421E+01 5.33967E+02
1.66920E+01 1.90219E+01 1.90321E+01 2.11579E+01 2.11590E+01 2.11592E+01 2.11586E+01 1.90322E+01 1.90219E+01 1.66920E+01 5.88023E+02
1.84076E+01 2.07277E+01 2.07380E+01 2.28536E+01 2.28548E+01 2.28550E+01 2.28544E+01 2.07381E+01 2.07277E+01 1.84076E+01 6.44401E+02
2.01874E+01 2.24982E+01 2.25085E+01 2.46143E+01 2.46155E+01 2.46157E+01 2.46151E+01 2.25086E+01 2.24982E+01 2.01874E+01 7.03041E+02
2.20301E+01 2.43319E+01 2.43422E+01 2.64386E+01 2.64398E+01 2.64400E+01 2.64394E+01 2.43423E+01 2.43319E+01 2.20301E+01 7.63881E+02
2.39344E+01 2.62274E+01 2.62378E+01 2.83251E+01 2.83262E+01 2.83264E+01 2.83259E+01 2.62379E+01 2.62274E+01 2.39344E+01 8.26860E+02
2.58989E+01 2.81835E+01 2.81940E+01 3.02724E+01 3.02736E+01 3.02738E+01 3.02732E+01 2.81940E+01 2.81835E+01 2.58989E+01 8.91919E+02
2.79224E+01 3.01988E+01 3.02093E+01 3.22792E+01 3.22804E+01 3.22806E+01 3.22800E+01 3.02094E+01 3.01988E+01 2.79224E+01 9.58996E+02
3.00037E+01 3.22721E+01 3.22827E+01 3.43443E+01 3.43455E+01 3.43457E+01 3.43451E+01 3.22828E+01 3.22721E+01 3.00037E+01 1.02803E+03
3.21414E+01 3.44022E+01 3.44128E+01 3.64664E+01 3.64676E+01 3.64678E+01 3.64672E+01 3.44129E+01 3.44022E+01 3.21414E+01 1.09897E+03
3.43345E+01 3.65878E+01 3.65984E+01 3.86442E+01 3.86454E+01 3.86456E+01 3.86450E+01 3.65985E+01 3.65878E+01 3.43345E+01 1.17175E+03
3.65816E+01 3.88277E+01 3.88383E+01 4.08766E+01 4.08778E+01 4.08780E+01 4.08774E+01 3.88384E+01 3.88277E+01 3.65816E+01 1.24633E+03
3.88817E+01 4.11207E+01 4.11314E+01 4.31623E+01 4.31635E+01 4.31637E+01 4.31631E+01 4.11315E+01 4.11207E+01 3.88817E+01 1.32263E+03
4.12336E+01 4.34657E+01 4.34765E+01 4.55002E+01 4.55015E+01 4.55017E+01 4.55011E+01 4.34765E+01 4.34657E+01 4.12336E+01 1.40061E+03
4.36362E+01 4.58616E+01 4.58724E+01 4.78892E+01 4.78905E+01 4.78907E+01 4.78901E+01 4.58725E+01 4.58616E+01 4.36362E+01 1.48023E+03
4.60884E+01 4.83073E+01 4.83181E+01 5.03281E+01 5.03294E+01 5.03296E+01 5.03290E+01 4.83182E+01 4.83073E+01 4.60884E+01 1.56141E+03
4.85892E+01 5.08017E+01 5.08126E+01 5.28159E+01 5.28172E+01 5.28174E+01 5.28168E+01 5.08126E+01 5.08017E+01 4.85892E+01 1.64413E+03
5.11374E+01 5.33437E+01 5.33546E+01 5.53516E+01 5.53529E+01 5.53531E+01 5.53525E+01 5.33547E+01 5.33437E+01 5.11374E+01 1.72832E+03
5.37321E+01 5.59324E+01 5.59433E+01 5.79340E+01 5.79353E+01 5.79355E+01 5.79349E+01 5.59434E+01 5.59324E+01 5.37321E+01 1.81394E+03
5.63723E+01 5.85666E+01 5.85776E+01 6.05621E+01 6.05634E+01 6.05637E+01 6.05630E+01 5.85777E+01 5.85666E+01 5.63723E+01 1.90095E+03
5.90569E+01 6.12455E+01 6.12565E+01 6.32350E+01 6.32364E+01 6.32366E+01 6.32360E+01 6.12566E+01 6.12455E+01 5.90569E+01 1.98930E+03
6.17851E+01 6.39680E+01 6.39791E+01 6.59518E+01 6.59531E+01 6.59533E+01 6.59527E+01 6.39791E+01 6.39680E+01 6.17851E+01 2.07894E+03
6.45559E+01 6.67333E+01 6.67444E+01 6.87113E+01 6.87127E+01 6.87129E+01 6.87123E+01 6.67444E+01 6.67333E+01 6.45559E+01 2.16984E+03
6.73683E+01 6.95403E+01 6.95515E+01 7.15128E+01 7.15142E+01 7.15144E+01 7.15138E+01 6.95515E+01 6.95403E+01 6.73683E+01 2.26196E+03
7.02216E+01 7.23883E+01 7.23994E+01 7.43553E+01 7.43567E+01 7.43569E+01 7.43563E+01 7.23995E+01 7.23883E+01 7.02216E+01 2.35525E+03
7.31147E+01 7.52762E+01 7.52874E+01 7.72379E+01 7.72393E+01 7.72395E+01 7.72389E+01 7.52874E+01 7.52762E+01 7.31147E+01 2.44968E+03
7.60468E+01 7.82033E+01 7.82145E+01 8.01598E+01 8.01611E+01 8.01614E+01 8.01608E+01 7.82146E+01 7.82033E+01 7.60468E+01 2.54520E+03
7.90172E+01 8.11687E+01 8.11799E+01 8.31201E+01 8.31214E+01 8.31217E+01 8.31210E+01 8.11800E+01 8.11687E+01 7.90172E+01 2.64180E+03
8.20249E+01 8.41715E+01 8.41828E+01 8.61179E+01 8.61193E+01 8.61195E+01 8.61189E+01 8.41829E+01 8.41715E+01 8.20249E+01 2.73941E+03
0.00000E+00 0.00000E+00 -5.78477E-02 2.27264E+00 2.27350E+00 2.27363E+00 2.27323E+00 -5.77343E-02 0.00000E+00 0.00000E+00 -2.78939E+00
0.00000E+00 0.00000E+00 -2.09409E-02 2.26043E+00 2.26134E+00 2.26146E+00 2.26101E+00 -2.08308E-02 0.00000E+00 0.00000E+00 -7.56094E-01
0.00000E+00 9.40783E-02 1.03429E-01 2.34458E+00 2.34552E+00 2.34563E+00 2.34516E+00 1.03536E-01 9.40783E-02 0.00000E+00 2.37814E+00
0.00000E+00 3.03838E-01 3.13318E-01 2.52001E+00 2.52099E+00 2.52109E+00 2.52060E+00 3.13422E-01 3.03838E-01 0.00000E+00 6.91958E+00
0.00000E+00 5.97316E-01 6.06914E-01 2.78333E+00 2.78434E+00 2.78444E+00 2.78392E+00 6.07015E-01 5.97316E-01 0.00000E+00 1.32288E+01
0.00000E+00 9.71164E-01 9.80872E-01 3.13032E+00 3.13135E+00 3.13145E+00 3.13091E+00 9.80971E-01 9.71164E-01 0.00000E+00 2.15488E+01
0.00000E+00 1.42205E+00 1.43186E+00 3.55701E+00 3.55807E+00 3.55817E+00 3.55762E+00 1.43196E+00 1.42205E+00 0.00000E+00 3.20601E+01
0.00000E+00 1.94687E+00 1.95678E+00 4.05985E+00 4.06093E+00 4.06102E+00 4.06046E+00 1.95687E+00 1.94687E+00 0.00000E+00 4.48884E+01
2.12161E-01 2.50659E+00 2.51659E+00 4.59952E+00 4.60062E+00 4.60072E+00 4.60014E+00 2.51668E+00 2.50659E+00 2.12161E-01 6.01665E+01
8.07371E-01 3.08396E+00 3.09405E+00 5.15846E+00 5.15958E+00 5.15968E+00 5.15909E+00 3.09414E+00 3.08396E+00 8.07371E-01 7.78744E+01
1.47599E+00 3.73591E+00 3.74609E+00 5.79322E+00 5.79436E+00 5.79446E+00 5.79386E+00 3.74617E+00 3.73591E+00 1.47599E+00 9.79189E+01
2.21625E+00 4.46053E+00 4.47079E+00 6.50172E+00 6.50288E+00 6.50298E+00 6.50237E+00 4.47087E+00 4.46053E+00 2.21625E+00 1.20313E+02
3.02639E+00 5.25596E+00 5.26630E+00 7.28199E+00 7.28317E+00 7.28327E+00 7.28265E+00 5.26638E+00 5.25596E+00 3.02639E+00 1.45054E+02
3.90473E+00 6.12039E+00 6.13080E+00 8.13212E+00 8.13332E+00 8.13342E+00 8.13280E+00 6.13088E+00 6.12039E+00 3.90473E+00 1.72126E+02
4.84958E+00 7.05208E+00 7.06256E+00 9.05028E+00 9.05149E+00 9.05160E+00 9.05097E+00 7.06264E+00 7.05208E+00 4.84958E+00 2.01503E+02
5.85934E+00 8.04933E+00 8.05989E+00 1.00347E+01 1.00359E+01 1.00360E+01 1.00354E+01 8.05996E+00 8.04933E+00 5.85934E+00 2.33151E+02
6.93242E+00 9.11051E+00 9.12113E+00 1.10837E+01 1.10849E+01 1.10850E+01 1.10844E+01 9.12121E+00 9.11051E+00 6.93242E+00 2.67029E+02
8.06728E+00 1.02340E+01 1.02447E+01 1.21955E+01 1.21968E+01 1.21969E+01 1.21963E+01 1.02448E+01 1.02340E+01 8.06728E+00 3.03091E+02
9.26244E+00 1.14183E+01 1.14291E+01 1.33687E+01 1.33700E+01 1.33701E+01 1.33695E+01 1.14292E+01 1.14183E+01 9.26244E+00 3.41287E+02
1.05164E+01 1.26619E+01 1.26727E+01 1.46017E+01 1.46030E+01 1.46031E+01 1.46025E+01 1.26728E+01 1.26619E+01 1.05164E+01 3.81565E+02
1.18278E+01 1.39634E+01 1.39742E+01 1.58930E+01 1.58943E+01 1.58944E+01 1.58937E+01 1.39743E+01 1.39634E+01 1.18278E+01 4.23871E+02
1.31953E+01 1.53212E+01 1.53322E+01 1.72410E+01 1.72424E+01 1.72425E+01 1.72418E+01 1.53322E+01 1.53212E+01 1.31953E+01 4.68148E+02
1.46173E+01 1.67341E+01 1.67451E+01 1.86445E+01 1.86459E+01 1.86460E+01 1.86453E+01 1.67452E+01 1.67341E+01 1.46173E+01 5.14340E+02
1.60928E+01 1.82007E+01 1.82118E+01 2.01021E+01 2.01034E+01 2.01036E+01 2.01029E+01 1.82118E+01 1.82007E+01 1.60928E+01 5.62390E+02
1.76203E+01 1.97197E+01 1.97308E+01 2.16123E+01 2.16137E+01 2.16138E+01 2.16132E+01 1.97308E+01 1.97197E+01 1.76203E+01 6.12242E+02
1.91986E+01 2.12897E+01 2.13009E+01 2.31740E+01 2.31754E+01 2.31755E+01 2.31748E+01 2.13010E+01 2.12897E+01 1.91986E+01 6.63840E+02
2.08266E+01 2.29097E+01 2.29209E+01 2.47858E+01 2.47872E+01 2.47874E+01 2.47867E+01 2.29210E+01 2.29097E+01 2.08266E+01 7.17127E+02
2.25029E+01 2.45783E+01 2.45895E+01 2.64466E+01 2.64479E+01 2.64481E+01 2.64474E+01 2.45896E+01 2.45783E+01 2.25029E+01 7.72049E+02
2.42264E+01 2.62943E+01 2.63057E+01 2.81550E+01 2.81564E+01 2.81566E+01 2.81559E+01 2.63057E+01 2.62943E+01 2.42264E+01 8.28552E+02
2.59960E+01 2.80567E+01 2.80681E+01 2.99100E+01 2.99114E+01 2.99116E+01 2.99109E+01 2.80681E+01 2.80567E+01 2.59960E+01 8.86584E+02
2.78106E+01 2.98642E+01 2.98757E+01 3.17104E+01 3.17119E+01 3.17120E+01 3.17113E+01 2.98757E+01 2.98642E+01 2.78106E+01 9.46092E+02
2.96691E+01 3.17159E+01 3.17274E+01 3.35551E+01 3.35566E+01 3.35568E+01 3.35561E+01 3.17274E+01 3.17159E+01 2.96691E+01 1.00703E+03
3.15704E+01 3.36106E+01 3.36221E+01 3.54431E+01 3.54445E+01 3.54447E+01 3.54440E+01 3.36222E+01 3.36106E+01 3.15704E+01 1.06934E+03
3.35135E+01 3.55472E+01 3.55588E+01 3.73732E+01 3.73747E+01 3.73749E+01 3.73741E+01 3.55589E+01 3.55472E+01 3.35135E+01 1.13298E+03
3.54974E+01 3.75249E+01 3.75365E+01 3.93445E+01 3.93459E+01 3.93461E+01 3.93454E+01 3.75365E+01 3.75249E+01 3.54974E+01 1.19791E+03
3.75211E+01 3.95425E+01 3.95541E+01 4.13559E+01 4.13574E+01 4.13576E+01 4.13568E+01 3.95542E+01 3.95425E+01 3.75211E+01 1.26407E+03
3.95837E+01 4.15991E+01 4.16108E+01 4.34065E+01 4.34079E+01 4.34081E+01 4.34074E+01 4.16108E+01 4.15991E+01 3.95837E+01 1.33143E+03
4.16842E+01 4.36937E+01 4.37055E+01 4.54952E+01 4.54968E+01 4.54969E+01 4.54962E+01 4.37055E+01 4.36937E+01 4.16842E+01 1.39994E+03
4.38217E+01 4.58255E+01 4.58373E+01 4.76213E+01 4.76228E+01 4.76231E+01 4.76223E+01 4.58374E+01 4.58255E+01 4.38217E+01 1.46956E+03
4.59953E+01 4.79936E+01 4.80055E+01 4.97838E+01 4.97853E+01 4.97855E+01 4.97848E+01 4.80055E+01 4.79936E+01 4.59953E+01 1.54026E+03
4.82041E+01 5.01971E+01 5.02089E+01 5.19818E+01 5.19833E+01 5.19835E+01 5.19828E+01 5.02090E+01 5.01971E+01 4.82041E+01 1.61199E+03
5.04473E+01 5.24350E+01 5.24470E+01 5.42144E+01 5.42160E+01 5.42162E+01 5.42155E+01 5.24470E+01 5.24350E+01 5.04473E+01 1.68471E+03
5.27242E+01 5.47067E+01 5.47187E+01 5.64809E+01 5.64825E+01 5.64827E+01 5.64820E+01 5.47187E+01 5.47067E+01 5.27242E+01 1.75840E+03
5.50338E+01 5.70112E+01 5.70232E+01 5.87804E+01 5.87819E+01 5.87821E+01 5.87814E+01 5.70233E+01 5.70112E+01 5.50338E+01 1.83300E+03
5.73753E+01 5.93479E+01 5.93599E+01 6.11120E+01 6.11136E+01 6.11138E+01 6.11131E+01 5.93600E+01 5.93479E+01 5.73753E+01 1.90851E+03
5.97481E+01 6.17158E+01 6.17279E+01 6.34751E+01 6.34767E+01 6.34769E+01 6.34762E+01 6.17280E+01 6.17158E+01 5.97481E+01 1.98486E+03
6.21514E+01 6.41144E+01 6.41265E+01 6.58689E+01 6.58705E+01 6.58707E+01 6.58700E+01 6.41266E+01 6.41144E+01 6.21514E+01 2.06205E+03
6.45844E+01 6.65428E+01 6.65549E+01 6.82926E+01 6.82942E+01 6.82945E+01 6.82937E+01 6.65550E+01 6.65428E+01 6.45844E+01 2.14004E+03
6.70465E+01 6.90003E+01 6.90125E+01 7.07456E+01 7.07472E+01 7.07474E+01 7.07467E+01 6.90125E+01 6.90003E+01 6.70465E+01 2.21879E+03
6.95369E+01 7.14862E+01 7.14985E+01 7.32270E+01 7.32286E+01 7.32289E+01 7.32282E+01 7.14985E+01 7.14862E+01 6.95369E+01 2.29828E+03
0.00000E+00 0.00000E+00 -5.51541E-02 2.02780E+00 2.02880E+00 2.02880E+00 2.02815E+00 -5.50444E-02 0.00000E+00 0.00000E+00 -2.57963E+00
0.00000E+00 0.00000E+00 -1.89238E-02 2.02004E+00 2.02109E+00 2.02109E+00 2.02041E+00 -1.88189E-02 0.00000E+00 0.00000E+00 -7.02532E-01
0.00000E+00 8.85013E-02 9.84358E-02 2.10138E+00 2.10247E+00 2.10247E+00 2.10177E+00 9.85363E-02 8.85013E-02 0.00000E+00 2.21517E+00
0.00000E+00 2.83293E-01 2.93386E-01 2.26546E+00 2.26659E+00 2.26659E+00 2.26588E+00 2.93483E-01 2.83293E-01 0.00000E+00 6.44356E+00
0.00000E+00 5.52886E-01 5.63125E-01 2.50808E+00 2.50924E+00 2.50925E+00 2.50852E+00 5.63218E-01 5.52886E-01 0.00000E+00 1.22950E+01
0.00000E+00 8.93422E-01 9.03796E-01 2.82459E+00 2.82578E+00 2.82580E+00 2.82505E+00 9.03885E-01 8.93422E-01 0.00000E+00 1.99671E+01
0.00000E+00 1.30129E+00 1.31180E+00 3.21082E+00 3.21204E+00 3.21207E+00 3.21131E+00 1.31188E+00 1.30129E+00 0.00000E+00 2.95981E+01
0.00000E+00 1.77327E+00 1.78389E+00 3.66312E+00 3.66437E+00 3.66440E+00 3.66364E+00 1.78397E+00 1.77327E+00 0.00000E+00 4.12768E+01
1.91564E-01 2.27596E+00 2.28669E+00 4.14788E+00 4.14916E+00 4.14919E+00 4.14842E+00 2.28677E+00 2.27596E+00 1.91564E-01 5.50691E+01
7.26729E-01 2.79483E+00 2.80567E+00 4.65027E+00 4.65157E+00 4.65161E+00 4.65083E+00 2.80575E+00 2.79483E+00 7.26729E-01 7.09153E+01
1.32466E+00 3.37753E+00 3.38848E+00 5.21758E+00 5.21891E+00 5.21896E+00 5.21818E+00 3.38855E+00 3.37753E+00 1.32466E+00 8.87598E+01
1.98346E+00 4.02205E+00 4.03309E+00 5.84768E+00 5.84903E+00 5.84909E+00 5.84830E+00 4.03316E+00 4.02205E+00 1.98346E+00 1.08599E+02
2.70131E+00 4.72646E+00 4.73760E+00 6.53853E+00 6.53990E+00 6.53997E+00 6.53917E+00 4.73766E+00 4.72646E+00 2.70131E+00 1.30417E+02
3.47648E+00 5.48892E+00 5.50015E+00 7.28821E+00 7.28960E+00 7.28967E+00 7.28887E+00 5.50022E+00 5.48892E+00 3.47648E+00 1.54188E+02
4.30728E+00 6.30770E+00 6.31901E+00 8.09487E+00 8.09629E+00 8.09637E+00 8.09556E+00 6.31908E+00 6.30770E+00 4.30728E+00 1.79877E+02
5.19211E+00 7.18110E+00 7.19251E+00 8.95680E+00 8.95823E+00 8.95832E+00 8.95751E+00 7.19257E+00 7.18110E+00 5.19211E+00 2.07445E+02
6.12942E+00 8.10754E+00 8.11903E+00 9.87232E+00 9.87377E+00 9.87386E+00 9.87305E+00 8.11909E+00 8.10754E+00 6.12942E+00 2.36846E+02
7.11772E+00 9.08547E+00 9.09704E+00 1.08398E+01 1.08413E+01 1.08414E+01 1.08406E+01 9.09709E+00 9.08547E+00 7.11772E+00 2.68034E+02
8.15558E+00 1.01134E+01 1.01251E+01 1.18578E+01 1.18593E+01 1.18594E+01 1.18586E+01 1.01251E+01 1.01134E+01 8.15558E+00 3.00957E+02
9.24160E+00 1.11899E+01 1.12017E+01 1.29249E+01 1.29264E+01 1.29265E+01 1.29257E+01 1.12017E+01 1.11899E+01 9.24160E+00 3.35564E+02
1.03744E+01 1.23137E+01 1.23255E+01 1.40395E+01 1.40410E+01 1.40411E+01 1.40403E+01 1.23255E+01 1.23137E+01 1.03744E+01 3.71802E+02
1.15528E+01 1.34833E+01 1.34952E+01 1.52004E+01 1.52019E+01 1.52020E+01 1.52012E+01 1.34952E+01 1.34833E+01 1.15528E+01 4.09618E+02
1.27754E+01 1.46975E+01 1.47095E+01 1.64062E+01 1.64077E+01 1.64079E+01 1.64071E+01 1.47095E+01 1.46975E+01 1.27754E+01 4.48960E+02
1.40411E+01 1.59551E+01 1.59671E+01 1.76557E+01 1.76572E+01 1.76574E+01 1.76566E+01 1.59672E+01 1.59551E+01 1.40411E+01 4.89774E+02
1.53487E+01 1.72548E+01 1.72669E+01 1.89476E+01 1.89492E+01 1.89494E+01 1.89485E+01 1.72670E+01 1.72548E+01 1.53487E+01 5.32009E+02
1.66969E+01 1.85956E+01 1.86077E+01 2.02808E+01 2.02824E+01 2.02826E+01 2.02818E+01 1.86077E+01 1.85956E+01 1.66969E+01 5.75614E+02
1.80848E+01 1.99761E+01 1.99884E+01 2.16541E+01 2.16557E+01 2.16559E+01 2.16551E+01 1.99884E+01 1.99761E+01 1.80848E+01 6.20540E+02
1.95112E+01 2.13955E+01 2.14078E+01 2.30665E+01 2.30681E+01 2.30682E+01 2.30674E+01 2.14078E+01 2.13955E+01 1.95112E+01 6.66736E+02
2.09751E+01 2.28525E+01 2.28649E+01 2.45167E+01 2.45183E+01 2.45185E+01 2.45177E+01 2.28649E+01 2.28525E+01 2.09751E+01 7.14156E+02
2.24754E+01 2.43462E+01 2.43586E+01 2.60038E+01 2.60055E+01 2.60057E+01 2.60048E+01 2.43587E+01 2.43462E+01 2.24754E+01 7.62753E+02
2.40112E+01 2.58756E+01 2.58881E+01 2.75268E+01 2.75285E+01 2.75287E+01 2.75279E+01 2.58881E+01 2.58756E+01 2.40112E+01 8.12483E+02
2.55815E+01 2.74397E+01 2.74522E+01 2.90847E+01 2.90864E+01 2.90866E+01 2.90858E+01 2.74523E+01 2.74397E+01 2.55815E+01 8.63302E+02
2.71854E+01 2.90376E+01 2.90501E+01 3.06765E+01 3.06782E+01 3.06784E+01 3.06776E+01 2.90501E+01 2.90376E+01 2.71854E+01 9.15167E+02
2.88220E+01 3.06682E+01 3.06809E+01 3.23014E+01 3.23031E+01 3.23033E+01 3.23024E+01 3.06809E+01 3.06682E+01 2.88220E+01 9.68039E+02
3.04904E+01 3.23309E+01 3.23436E+01 3.39583E+01 3.39600E+01 3.39602E+01 3.39594E+01 3.23436E+01 3.23309E+01 3.04904E+01 1.02188E+03
3.21897E+01 3.40246E+01 3.40373E+01 3.56465E+01 3.56482E+01 3.56484E+01 3.56476E+01 3.40373E+01 3.40246E+01 3.21897E+01 1.07664E+03
3.39191E+01 3.57485E+01 3.57613E+01 3.73650E+01 3.73668E+01 3.73670E+01 3.73662E+01 3.57614E+01 3.57485E+01 3.39191E+01 1.13230E+03
3.56778E+01 3.75019E+01 3.75148E+01 3.91132E+01 3.91149E+01 3.91152E+01 3.91144E+01 3.75148E+01 3.75019E+01 3.56778E+01 1.18881E+03
3.74650E+01 3.92840E+01 3.92969E+01 4.08901E+01 4.08919E+01 4.08921E+01 4.08913E+01 3.92969E+01 3.92840E+01 3.74650E+01 1.24615E+03
3.92800E+01 4.10939E+01 4.11068E+01 4.26950E+01 4.26968E+01 4.26970E+01 4.26962E+01 4.11068E+01 4.10939E+01 3.92800E+01 1.30427E+03
4.11219E+01 4.29309E+01 4.29439E+01 4.45272E+01 4.45289E+01 4.45292E+01 4.45284E+01 4.29439E+01 4.29309E+01 4.11219E+01 1.36315E+03
4.29902E+01 4.47943E+01 4.48074E+01 4.63858E+01 4.63876E+01 4.63879E+01 4.63871E+01 4.48074E+01 4.47943E+01 4.29902E+01 1.42276E+03
4.48840E+01 4.66835E+01 4.66966E+01 4.82703E+01 4.82721E+01 4.82724E+01 4.82715E+01 4.66966E+01 4.66835E+01 4.48840E+01 1.48306E+03
4.68027E+01 4.85976E+01 4.86107E+01 5.01798E+01 5.01817E+01 5.01819E+01 5.01811E+01 4.86107E+01 4.85976E+01 4.68027E+01 1.54403E+03
4.87457E+01 5.05360E+01 5.05492E+01 5.21138E+01 5.21157E+01 5.21160E+01 5.21151E+01 5.05492E+01 5.05360E+01 4.87457E+01 1.60564E+03
5.07122E+01 5.24982E+01 5.25114E+01 5.40716E+01 5.40735E+01 5.40737E+01 5.40729E+01 5.25114E+01 5.24982E+01 5.07122E+01 1.66786E+03
5.27018E+01 5.44833E+01 5.44966E+01 5.60525E+01 5.60544E+01 5.60547E+01 5.60539E+01 5.44966E+01 5.44833E+01 5.27018E+01 1.73067E+03
5.47136E+01 5.64910E+01 5.65043E+01 5.80560E+01 5.80578E+01 5.80582E+01 5.80573E+01 5.65043E+01 5.64910E+01 5.47136E+01 1.79405E+03
5.67472E+01 5.85204E+01 5.85338E+01 6.00814E+01 6.00832E+01 6.00836E+01 6.00827E+01 5.85338E+01 5.85204E+01 5.67472E+01 1.85796E+03
5.88020E+01 6.05712E+01 6.05846E+01 6.21281E+01 6.21300E+01 6.21303E+01 6.21295E+01 6.05846E+01 6.05712E+01 5.88020E+01 1.92240E+03
0.00000E+00 0.00000E+00 -5.28535E-02 1.80849E+00 1.80966E+00 1.80959E+00 1.80872E+00 -5.27496E-02 0.00000E+00 0.00000E+00 -2.39392E+00
0.00000E+00 0.00000E+00 -1.69124E-02 1.80502E+00 1.80624E+00 1.80619E+00 1.80531E+00 -1.68153E-02 0.00000E+00 0.00000E+00 -6.54518E-01
0.00000E+00 8.33951E-02 9.40709E-02 1.88372E+00 1.88499E+00 1.88495E+00 1.88406E+00 9.41619E-02 8.33951E-02 0.00000E+00 2.06875E+00
0.00000E+00 2.64364E-01 2.75232E-01 2.03721E+00 2.03853E+00 2.03851E+00 2.03761E+00 2.75317E-01 2.64364E-01 0.00000E+00 6.01096E+00
0.00000E+00 5.11939E-01 5.22984E-01 2.26066E+00 2.26201E+00 2.26200E+00 2.26110E+00 5.23064E-01 5.11939E-01 0.00000E+00 1.14396E+01
0.00000E+00 8.21903E-01 8.33111E-01 2.54912E+00 2.55052E+00 2.55052E+00 2.54962E+00 8.33186E-01 8.21903E-01 0.00000E+00 1.85111E+01
0.00000E+00 1.19049E+00 1.20185E+00 2.89835E+00 2.89978E+00 2.89980E+00 2.89889E+00 1.20192E+00 1.19049E+00 0.00000E+00 2.73267E+01
0.00000E+00 1.61441E+00 1.62591E+00 3.30467E+00 3.30613E+00 3.30616E+00 3.30525E+00 1.62598E+00 1.61441E+00 0.00000E+00 3.79434E+01
1.72718E-01 2.06525E+00 2.07689E+00 3.73947E+00 3.74096E+00 3.74101E+00 3.74009E+00 2.07695E+00 2.06525E+00 1.72718E-01 5.03729E+01
6.53152E-01 2.53080E+00 2.54256E+00 4.19027E+00 4.19179E+00 4.19185E+00 4.19093E+00 2.54262E+00 2.53080E+00 6.53152E-01 6.45253E+01
1.18696E+00 3.05069E+00 3.06258E+00 4.69641E+00 4.69795E+00 4.69802E+00 4.69711E+00 3.06264E+00 3.05069E+00 1.18696E+00 8.03771E+01
1.77220E+00 3.62289E+00 3.63490E+00 5.25570E+00 5.25728E+00 5.25736E+00 5.25644E+00 3.63495E+00 3.62289E+00 1.77220E+00 9.79124E+01
2.40705E+00 4.24545E+00 4.25757E+00 5.86614E+00 5.86774E+00 5.86783E+00 5.86691E+00 4.25762E+00 4.24545E+00 2.40705E+00 1.17105E+02
3.08978E+00 4.91658E+00 4.92881E+00 6.52582E+00 6.52744E+00 6.52755E+00 6.52663E+00 4.92885E+00 4.91658E+00 3.08978E+00 1.37922E+02
3.81874E+00 5.63455E+00 5.64689E+00 7.23297E+00 7.23461E+00 7.23473E+00 7.23381E+00 5.64693E+00 5.63455E+00 3.81874E+00 1.60325E+02
4.59239E+00 6.39777E+00 6.41021E+00 7.98591E+00 7.98758E+00 7.98771E+00 7.98679E+00 6.41024E+00 6.39777E+00 4.59239E+00 1.84269E+02
5.40924E+00 7.20468E+00 7.21722E+00 8.78306E+00 8.78474E+00 8.78489E+00 8.78397E+00 7.21725E+00 7.20468E+00 5.40924E+00 2.09709E+02
6.26787E+00 8.05384E+00 8.06648E+00 9.62290E+00 9.62461E+00 9.62477E+00 9.62385E+00 8.06651E+00 8.05384E+00 6.26787E+00 2.36598E+02
7.16694E+00 8.94385E+00 8.95658E+00 1.05040E+01 1.05058E+01 1.05059E+01 1.05050E+01 8.95661E+00 8.94385E+00 7.16694E+00 2.64885E+02
8.10514E+00 9.87338E+00 9.88620E+00 1.14250E+01 1.14268E+01 1.14270E+01 1.14261E+01 9.88622E+00 9.87338E+00 8.10514E+00 2.94521E+02
9.08122E+00 1.08412E+01 1.08541E+01 1.23847E+01 1.23864E+01 1.23866E+01 1.23857E+01 1.08541E+01 1.08412E+01 9.08122E+00 3.25457E+02
1.00940E+01 1.18459E+01 1.18589E+01 1.33816E+01 1.33834E+01 1.33836E+01 1.33827E+01 1.18590E+01 1.18459E+01 1.00940E+01 3.57644E+02
1.11423E+01 1.28866E+01 1.28997E+01 1.44148E+01 1.44166E+01 1.44168E+01 1.44159E+01 1.28997E+01 1.28866E+01 1.11423E+01 3.91032E+02
1.22251E+01 1.39619E+01 1.39751E+01 1.54829E+01 1.54847E+01 1.54849E+01 1.54840E+01 1.39751E+01 1.39619E+01 1.22251E+01 4.25574E+02
1.33412E+01 1.50709E+01 1.50842E+01 1.65849E+01 1.65867E+01 1.65870E+01 1.65861E+01 1.50842E+01 1.50709E+01 1.33412E+01 4.61224E+02
1.44897E+01 1.62125E+01 1.62258E+01 1.77197E+01 1.77216E+01 1.77218E+01 1.77209E+01 1.62258E+01 1.62125E+01 1.44897E+01 4.97937E+02
1.56694E+01 1.73856E+01 1.73990E+01 1.88864E+01 1.88882E+01 1.88885E+01 1.88876E+01 1.73990E+01 1.73856E+01 1.56694E+01 5.35667E+02
1.68796E+01 1.85893E+01 1.86028E+01 2.00838E+01 2.00857E+01 2.00859E+01 2.00850E+01 1.86028E+01 1.85893E+01 1.68796E+01 5.74373E+02
1.81192E+01 1.98227E+01 1.98363E+01 2.13111E+01 2.13130E+01 2.13133E+01 2.13124E+01 1.98363E+01 1.98227E+01 1.81192E+01 6.14012E+02
1.93874E+01 2.10848E+01 2.10985E+01 2.25673E+01 2.25692E+01 2.25695E+01 2.25686E+01 2.10985E+01 2.10848E+01 1.93874E+01 6.54546E+02
2.06833E+01 2.23748E+01 2.23885E+01 2.38516E+01 2.38535E+01 2.38538E+01 2.38529E+01 2.23885E+01 2.23748E+01 2.06833E+01 6.95935E+02
2.20060E+01 2.36918E+01 2.37056E+01 2.51630E+01 2.51650E+01 2.51653E+01 2.51644E+01 2.37056E+01 2.36918E+01 2.20060E+01 7.38142E+02
2.33547E+01 2.50350E+01 2.50488E+01 2.65008E+01 2.65028E+01 2.65031E+01 2.65022E+01 2.50488E+01 2.50350E+01 2.33547E+01 7.81132E+02
2.47287E+01 2.64036E+01 2.64175E+01 2.78642E+01 2.78662E+01 2.78665E+01 2.78656E+01 2.64175E+01 2.64036E+01 2.47287E+01 8.24869E+02
2.61271E+01 2.77968E+01 2.78108E+01 2.92523E+01 2.92543E+01 2.92547E+01 2.92538E+01 2.78108E+01 2.77968E+01 2.61271E+01 8.69322E+02
2.75493E+01 2.92139E+01 2.92280E+01 3.06645E+01 3.06665E+01 3.06668E+01 3.06660E+01 2.92279E+01 2.92139E+01 2.75493E+01 9.14457E+02
2.89946E+01 3.06542E+01 3.06683E+01 3.20999E+01 3.21020E+01 3.21023E+01 3.21014E+01 3.06683E+01 3.06542E+01 2.89946E+01 9.60244E+02
3.04622E+01 3.21170E+01 3.21311E+01 3.35580E+01 3.35600E+01 3.35604E+01 3.35595E+01 3.21311E+01 3.21170E+01 3.04622E+01 1.00665E+03
3.19515E+01 3.36015E+01 3.36157E+01 3.50379E+01 3.50400E+01 3.50404E+01 3.50395E+01 3.36157E+01 3.36015E+01 3.19515E+01 1.05366E+03
3.34618E+01 3.51072E+01 3.51215E+01 3.65392E+01 3.65412E+01 3.65416E+01 3.65407E+01 3.51214E+01 3.51072E+01 3.34618E+01 1.10123E+03
3.49925E+01 3.66334E+01 3.66477E+01 3.80610E+01 3.80631E+01 3.80634E+01 3.80626E+01 3.66477E+01 3.66334E+01 3.49925E+01 1.14934E+03
3.65430E+01 3.81795E+01 3.81939E+01 3.96028E+01 3.96049E+01 3.96053E+01 3.96044E+01 3.81938E+01 3.81795E+01 3.65430E+01 1.19797E+03
3.81127E+01 3.97449E+01 3.97593E+01 4.11640E+01 4.11661E+01 4.11665E+01 4.11657E+01 3.97593E+01 3.97449E+01 3.81127E+01 1.24709E+03
3.97010E+01 4.13290E+01 4.13435E+01 4.27441E+01 4.27462E+01 4.27466E+01 4.27458E+01 4.13435E+01 4.13290E+01 3.97010E+01 1.29668E+03
4.13074E+01 4.29313E+01 4.29459E+01 4.43424E+01 4.43445E+01 4.43450E+01 4.43441E+01 4.29458E+01 4.29313E+01 4.13074E+01 1.34672E+03
4.29314E+01 4.45512E+01 4.45658E+01 4.59584E+01 4.59606E+01 4.59610E+01 4.59602E+01 4.45658E+01 4.45512E+01 4.29314E+01 1.39719E+03
4.45724E+01 4.61882E+01 4.62029E+01 4.75917E+01 4.75938E+01 4.75942E+01 4.75934E+01 4.62029E+01 4.61882E+01 4.45724E+01 1.44805E+03
4.62298E+01 4.78419E+01 4.78566E+01 4.92415E+01 4.92437E+01 4.92441E+01 4.92433E+01 4.78565E+01 4.78419E+01 4.62298E+01 1.49931E+03
4.79034E+01 4.95116E+01 4.95264E+01 5.09076E+01 5.09098E+01 5.09102E+01 5.09094E+01 4.95263E+01 4.95116E+01 4.79034E+01 1.55093E+03
4.95924E+01 5.11969E+01 5.12118E+01 5.25894E+01 5.25915E+01 5.25920E+01 5.25912E+01 5.12117E+01 5.11969E+01 4.95924E+01 1.60290E+03
0.00000E+00 0.00000E+00 -5.08658E-02 1.61201E+00 1.61337E+00 1.61332E+00 1.61233E+00 -5.07726E-02 0.00000E+00 0.00000E+00 -2.22992E+00
0.00000E+00 0.00000E+00 -1.48703E-02 1.61266E+00 1.61410E+00 1.61407E+00 1.61307E+00 -1.47865E-02 0.00000E+00 0.00000E+00 -6.11503E-01
0.00000E+00 7.87070E-02 9.02993E-02 1.68889E+00 1.69038E+00 1.69037E+00 1.68937E+00 9.03748E-02 7.87070E-02 0.00000E+00 1.93716E+00
0.00000E+00 2.46889E-01 2.58712E-01 1.83249E+00 1.83403E+00 1.83405E+00 1.83305E+00 2.58779E-01 2.46889E-01 0.00000E+00 5.61732E+00
0.00000E+00 4.74153E-01 4.86187E-01 2.03817E+00 2.03975E+00 2.03979E+00 2.03880E+00 4.86248E-01 4.74153E-01 0.00000E+00 1.06548E+01
0.00000E+00 7.56053E-01 7.68283E-01 2.30084E+00 2.30247E+00 2.30253E+00 2.30153E+00 7.68337E-01 7.56053E-01 0.00000E+00 1.71689E+01
0.00000E+00 1.08876E+00 1.10117E+00 2.61623E+00 2.61790E+00 2.61797E+00 2.61698E+00 1.10122E+00 1.08876E+00 0.00000E+00 2.52288E+01
0.00000E+00 1.46900E+00 1.48159E+00 2.98073E+00 2.98243E+00 2.98253E+00 2.98154E+00 1.48163E+00 1.46900E+00 0.00000E+00 3.48649E+01
1.55484E-01 1.87272E+00 1.88547E+00 3.37010E+00 3.37184E+00 3.37195E+00 3.37096E+00 1.88550E+00 1.87272E+00 1.55484E-01 4.60449E+01
5.86062E-01 2.28970E+00 2.30260E+00 3.77388E+00 3.77566E+00 3.77579E+00 3.77480E+00 2.30263E+00 2.28970E+00 5.86062E-01 5.86579E+01
1.06176E+00 2.75269E+00 2.76573E+00 4.22456E+00 4.22636E+00 4.22651E+00 4.22553E+00 2.76576E+00 2.75269E+00 1.06176E+00 7.27069E+01
1.58064E+00 3.25965E+00 3.27284E+00 4.71998E+00 4.72182E+00 4.72198E+00 4.72100E+00 3.27286E+00 3.25965E+00 1.58064E+00 8.81668E+01
2.14092E+00 3.80871E+00 3.82203E+00 5.25819E+00 5.26006E+00 5.26024E+00 5.25926E+00 3.82205E+00 3.80871E+00 2.14092E+00 1.05005E+02
2.74093E+00 4.39812E+00 4.41157E+00 5.83736E+00 5.83925E+00 5.83945E+00 5.83848E+00 4.41158E+00 4.39812E+00 2.74093E+00 1.23184E+02
3.37910E+00 5.02625E+00 5.03983E+00 6.45580E+00 6.45772E+00 6.45793E+00 6.45697E+00 5.03983E+00 5.02625E+00 3.37910E+00 1.42662E+02
4.05395E+00 5.69156E+00 5.70526E+00 7.11192E+00 7.11387E+00 7.11410E+00 7.11314E+00 5.70526E+00 5.69156E+00 4.05395E+00 1.63395E+02
4.76408E+00 6.39262E+00 6.40644E+00 7.80424E+00 7.80622E+00 7.80646E+00 7.80550E+00 6.40643E+00 6.39262E+00 4.76408E+00 1.85337E+02
5.50819E+00 7.12807E+00 7.14200E+00 8.53136E+00 8.53336E+00 8.53362E+00 8.53266E+00 7.14199E+00 7.12807E+00 5.50819E+00 2.08442E+02
6.28500E+00 7.89662E+00 7.91065E+00 9.29195E+00 9.29397E+00 9.29425E+00 9.29330E+00 7.91064E+00 7.89662E+00 6.28500E+00 2.32663E+02
7.09335E+00 8.69704E+00 8.71118E+00 1.00848E+01 1.00868E+01 1.00871E+01 1.00862E+01 8.71117E+00 8.69704E+00 7.09335E+00 2.57953E+02
7.93208E+00 9.52817E+00 9.54242E+00 1.09086E+01 1.09107E+01 1.09110E+01 1.09100E+01 9.54240E+00 9.52817E+00 7.93208E+00 2.84267E+02
8.80011E+00 1.03889E+01 1.04033E+01 1.17623E+01 1.17644E+01 1.17648E+01 1.17638E+01 1.04032E+01 1.03889E+01 8.80011E+00 3.11559E+02
9.69641E+00 1.12782E+01 1.12926E+01 1.26449E+01 1.26470E+01 1.26473E+01 1.26464E+01 1.12926E+01 1.12782E+01 9.69641E+00 3.39787E+02
1.06200E+01 1.21950E+01 1.22095E+01 1.35552E+01 1.35574E+01 1.35577E+01 1.35568E+01 1.22095E+01 1.21950E+01 1.06200E+01 3.68908E+02
1.15699E+01 1.31384E+01 1.31530E+01 1.44924E+01 1.44945E+01 1.44949E+01 1.44940E+01 1.31530E+01 1.31384E+01 1.15699E+01 3.98881E+02
1.25452E+01 1.41074E+01 1.41221E+01 1.54554E+01 1.54575E+01 1.54579E+01 1.54570E+01 1.41221E+01 1.41074E+01 1.25452E+01 4.29665E+02
1.35450E+01 1.51011E+01 1.51159E+01 1.64433E+01 1.64455E+01 1.64458E+01 1.64449E+01 1.51159E+01 1.51011E+01 1.35450E+01 4.61222E+02
1.45685E+01 1.61187E+01 1.61336E+01 1.74553E+01 1.74575E+01 1.74579E+01 1.74570E+01 1.61336E+01 1.61187E+01 1.45685E+01 4.93517E+02
1.56149E+01 1.71594E+01 1.71744E+01 1.84905E+01 1.84927E+01 1.84931E+01 1.84922E+01 1.71743E+01 1.71594E+01 1.56149E+01 5.26512E+02
1.66833E+01 1.82223E+01 1.82374E+01 1.95482E+01 1.95504E+01 1.95508E+01 1.95499E+01 1.82374E+01 1.82223E+01 1.66833E+01 5.60174E+02
1.77731E+01 1.93068E+01 1.93219E+01 2.06275E+01 2.06297E+01 2.06302E+01 2.06293E+01 1.93219E+01 1.93068E+01 1.77731E+01 5.94471E+02
1.88836E+01 2.04120E+01 2.04272E+01 2.17277E+01 2.17300E+01 2.17305E+01 2.17296E+01 2.04272E+01 2.04120E+01 1.88836E+01 6.29371E+02
2.00139E+01 2.15373E+01 2.15526E+01 2.28482E+01 2.28505E+01 2.28510E+01 2.28501E+01 2.15525E+01 2.15373E+01 2.00139E+01 6.64844E+02
2.11635E+01 2.26819E+01 2.26973E+01 2.39882E+01 2.39905E+01 2.39910E+01 2.39901E+01 2.26973E+01 2.26819E+01 2.11635E+01 7.00861E+02
2.23317E+01 2.38453E+01 2.38608E+01 2.51470E+01 2.51493E+01 2.51498E+01 2.51489E+01 2.38607E+01 2.38453E+01 2.23317E+01 7.37396E+02
2.35178E+01 2.50268E+01 2.50424E+01 2.63241E+01 2.63264E+01 2.63269E+01 2.63260E+01 2.50423E+01 2.50268E+01 2.35178E+01 7.74421E+02
2.47213E+01 2.62258E+01 2.62414E+01 2.75187E+01 2.75211E+01 2.75216E+01 2.75207E+01 2.62413E+01 2.62258E+01 2.47213E+01 8.11911E+02
2.59416E+01 2.74416E+01 2.74573E+01 2.87304E+01 2.87327E+01 2.87333E+01 2.87324E+01 2.74573E+01 2.74416E+01 2.59416E+01 8.49843E+02
2.71781E+01 2.86738E+01 2.86896E+01 2.99585E+01 2.99609E+01 2.99614E+01 2.99605E+01 2.86895E+01 2.86738E+01 2.71781E+01 8.88194E+02
2.84303E+01 2.99218E+01 2.99377E+01 3.12025E+01 3.12049E+01 3.12054E+01 3.12046E+01 2.99376E+01 2.99218E+01 2.84303E+01 9.26941E+02
2.96977E+01 3.11851E+01 3.12010E+01 3.24618E+01 3.24642E+01 3.24648E+01 3.24639E+01 3.12009E+01 3.11851E+01 2.96977E+01 9.66064E+02
3.09797E+01 3.24630E+01 3.24790E+01 3.37360E+01 3.37384E+01 3.37390E+01 3.37381E+01 3.24789E+01 3.24630E+01 3.09797E+01 1.00554E+03
3.22759E+01 3.37553E+01 3.37713E+01 3.50245E+01 3.50269E+01 3.50275E+01 3.50267E+01 3.37713E+01 3.37553E+01 3.22759E+01 1.04536E+03
3.35858E+01 3.50613E+01 3.50774E+01 3.63269E+01 3.63293E+01 3.63299E+01 3.63291E+01 3.50773E+01 3.50613E+01 3.35858E+01 1.08549E+03
3.49088E+01 3.63806E+01 3.63968E+01 3.76426E+01 3.76451E+01 3.76457E+01 3.76449E+01 3.63967E+01 3.63806E+01 3.49088E+01 1.12592E+03
3.62447E+01 3.77128E+01 3.77291E+01 3.89713E+01 3.89738E+01 3.89744E+01 3.89736E+01 3.77290E+01 3.77128E+01 3.62447E+01 1.16664E+03
3.75930E+01 3.90575E+01 3.90738E+01 4.03126E+01 4.03151E+01 4.03157E+01 4.03149E+01 3.90737E+01 3.90575E+01 3.75930E+01 1.20762E+03
3.89532E+01 4.04141E+01 4.04305E+01 4.16659E+01 4.16684E+01 4.16690E+01 4.16682E+01 4.04304E+01 4.04141E+01 3.89532E+01 1.24886E+03
4.03249E+01 4.17824E+01 4.17989E+01 4.30309E+01 4.30334E+01 4.30341E+01 4.30333E+01 4.17987E+01 4.17824E+01 4.03249E+01 1.29034E+03
4.17078E+01 4.31619E+01 4.31784E+01 4.44072E+01 4.44097E+01 4.44104E+01 4.44096E+01 4.31783E+01 4.31619E+01 4.17078E+01 1.33204E+03
0.00000E+00 0.00000E+00 -4.91070E-02 1.43595E+00 1.43754E+00 1.43755E+00 1.43649E+00 -4.90322E-02 0.00000E+00 0.00000E+00 -2.08550E+00
0.00000E+00 0.00000E+00 -1.27566E-02 1.44059E+00 1.44227E+00 1.44231E+00 1.44125E+00 -1.26945E-02 0.00000E+00 0.00000E+00 -5.72934E-01
0.00000E+00 7.43890E-02 8.70964E-02 1.51447E+00 1.51621E+00 1.51628E+00 1.51523E+00 8.71473E-02 7.43890E-02 0.00000E+00 1.81894E+00
0.00000E+00 2.30723E-01 2.43704E-01 1.64882E+00 1.65062E+00 1.65071E+00 1.64967E+00 2.43745E-01 2.30723E-01 0.00000E+00 5.25870E+00
0.00000E+00 4.39236E-01 4.52468E-01 1.83802E+00 1.83987E+00 1.83999E+00 1.83896E+00 4.52500E-01 4.39236E-01 0.00000E+00 9.93362E+00
0.00000E+00 6.95373E-01 7.08838E-01 2.07695E+00 2.07885E+00 2.07900E+00 2.07797E+00 7.08860E-01 6.95373E-01 0.00000E+00 1.59301E+01
0.00000E+00 9.95325E-01 1.00901E+00 2.36141E+00 2.36336E+00 2.36353E+00 2.36250E+00 1.00902E+00 9.95325E-01 0.00000E+00 2.32894E+01
0.00000E+00 1.33590E+00 1.34978E+00 2.68789E+00 2.68989E+00 2.69008E+00 2.68906E+00 1.34979E+00 1.33590E+00 0.00000E+00 3.20201E+01
1.39732E-01 1.69682E+00 1.71090E+00 3.03598E+00 3.03801E+00 3.03823E+00 3.03722E+00 1.71089E+00 1.69682E+00 1.39732E-01 4.20555E+01
5.24929E-01 2.06959E+00 2.08385E+00 3.39695E+00 3.39902E+00 3.39926E+00 3.39826E+00 2.08384E+00 2.06959E+00 5.24929E-01 5.32707E+01
9.48006E-01 2.48106E+00 2.49549E+00 3.79740E+00 3.79951E+00 3.79977E+00 3.79877E+00 2.49547E+00 2.48106E+00 9.48006E-01 6.56905E+01
1.40710E+00 2.92926E+00 2.94385E+00 4.23527E+00 4.23742E+00 4.23770E+00 4.23671E+00 2.94383E+00 2.92926E+00 1.40710E+00 7.92838E+01
1.90048E+00 3.41239E+00 3.42714E+00 4.70870E+00 4.71087E+00 4.71118E+00 4.71019E+00 3.42711E+00 3.41239E+00 1.90048E+00 9.40139E+01
2.42657E+00 3.92880E+00 3.94370E+00 5.21595E+00 5.21815E+00 5.21848E+00 5.21750E+00 3.94367E+00 3.92880E+00 2.42657E+00 1.09841E+02
2.98390E+00 4.47695E+00 4.49200E+00 5.75543E+00 5.75767E+00 5.75802E+00 5.75705E+00 4.49196E+00 4.47695E+00 2.98390E+00 1.26722E+02
3.57109E+00 5.05543E+00 5.07062E+00 6.32569E+00 6.32796E+00 6.32832E+00 6.32736E+00 5.07058E+00 5.05543E+00 3.57109E+00 1.44615E+02
4.18685E+00 5.66289E+00 5.67823E+00 6.92534E+00 6.92763E+00 6.92802E+00 6.92706E+00 5.67818E+00 5.66289E+00 4.18685E+00 1.63474E+02
4.82997E+00 6.29811E+00 6.31358E+00 7.55310E+00 7.55542E+00 7.55583E+00 7.55488E+00 6.31352E+00 6.29811E+00 4.82997E+00 1.83256E+02
5.49931E+00 6.95989E+00 6.97549E+00 8.20777E+00 8.21012E+00 8.21054E+00 8.20960E+00 6.97543E+00 6.95989E+00 5.49931E+00 2.03918E+02
6.19380E+00 7.64714E+00 7.66287E+00 8.88821E+00 8.89059E+00 8.89103E+00 8.89010E+00 7.66280E+00 7.64714E+00 6.19380E+00 2.25417E+02
6.91241E+00 8.35881E+00 8.37466E+00 9.59336E+00 9.59576E+00 9.59622E+00 9.59529E+00 8.37458E+00 8.35881E+00 6.91241E+00 2.47712E+02
7.65417E+00 9.09390E+00 9.10987E+00 1.03222E+01 1.03246E+01 1.03251E+01 1.03242E+01 9.10979E+00 9.09390E+00 7.65417E+00 2.70763E+02
8.41817E+00 9.85148E+00 9.86757E+00 1.10738E+01 1.10762E+01 1.10767E+01 1.10758E+01 9.86749E+00 9.85148E+00 8.41817E+00 2.94531E+02
9.20351E+00 1.06307E+01 1.06469E+01 1.18471E+01 1.18496E+01 1.18501E+01 1.18492E+01 1.06468E+01 1.06307E+01 9.20351E+00 3.18978E+02
1.00094E+01 1.14306E+01 1.14469E+01 1.26414E+01 1.26439E+01 1.26445E+01 1.26436E+01 1.14468E+01 1.14306E+01 1.00094E+01 3.44070E+02
1.08349E+01 1.22504E+01 1.22668E+01 1.34559E+01 1.34584E+01 1.34590E+01 1.34581E+01 1.22667E+01 1.22504E+01 1.08349E+01 3.69771E+02
1.16795E+01 1.30893E+01 1.31059E+01 1.42897E+01 1.42922E+01 1.42928E+01 1.42919E+01 1.31058E+01 1.30893E+01 1.16795E+01 3.96050E+02
1.25422E+01 1.39467E+01 1.39633E+01 1.51420E+01 1.51446E+01 1.51451E+01 1.51443E+01 1.39632E+01 1.39467E+01 1.25422E+01 4.22873E+02
1.34225E+01 1.48218E+01 1.48385E+01 1.60122E+01 1.60148E+01 1.60154E+01 1.60145E+01 1.48384E+01 1.48218E+01 1.34225E+01 4.50213E+02
1.43196E+01 1.57138E+01 1.57307E+01 1.68995E+01 1.69021E+01 1.69027E+01 1.69019E+01 1.57305E+01 1.57138E+01 1.43196E+01 4.78039E+02
1.52329E+01 1.66222E+01 1.66392E+01 1.78034E+01 1.78060E+01 1.78066E+01 1.78058E+01 1.66390E+01 1.66222E+01 1.52329E+01 5.06326E+02
1.61618E+01 1.75464E+01 1.75634E+01 1.87231E+01 1.87257E+01 1.87264E+01 1.87255E+01 1.75633E+01 1.75464E+01 1.61618E+01 5.35046E+02
1.71057E+01 1.84857E+01 1.85028E+01 1.96580E+01 1.96607E+01 1.96614E+01 1.96605E+01 1.85027E+01 1.84857E+01 1.71057E+01 5.64175E+02
1.80641E+01 1.94395E+01 1.94567E+01 2.06077E+01 2.06104E+01 2.06111E+01 2.06102E+01 1.94566E+01 1.94395E+01 1.80641E+01 5.93690E+02
1.90363E+01 2.04074E+01 2.04247E+01 2.15715E+01 2.15742E+01 2.15749E+01 2.15740E+01 2.04245E+01 2.04074E+01 1.90363E+01 6.23568E+02
2.00219E+01 2.13887E+01 2.14061E+01 2.25488E+01 2.25515E+01 2.25523E+01 2.25514E+01 2.14059E+01 2.13887E+01 2.00219E+01 6.53789E+02
2.10203E+01 2.23830E+01 2.24004E+01 2.35393E+01 2.35420E+01 2.35427E+01 2.35419E+01 2.24003E+01 2.23830E+01 2.10203E+01 6.84331E+02
2.20311E+01 2.33897E+01 2.34073E+01 2.45423E+01 2.45450E+01 2.45458E+01 2.45450E+01 2.34071E+01 2.33897E+01 2.20311E+01 7.15175E+02
2.30538E+01 2.44085E+01 2.44261E+01 2.55574E+01 2.55601E+01 2.55609E+01 2.55601E+01 2.44260E+01 2.44085E+01 2.30538E+01 7.46304E+02
2.40880E+01 2.54388E+01 2.54565E+01 2.65841E+01 2.65869E+01 2.65877E+01 2.65869E+01 2.54564E+01 2.54388E+01 2.40880E+01 7.77699E+02
2.51332E+01 2.64803E+01 2.64981E+01 2.76220E+01 2.76248E+01 2.76256E+01 2.76249E+01 2.64979E+01 2.64803E+01 2.51332E+01 8.09344E+02
2.61890E+01 2.75324E+01 2.75503E+01 2.86708E+01 2.86736E+01 2.86744E+01 2.86736E+01 2.75501E+01 2.75324E+01 2.61890E+01 8.41223E+02
2.72551E+01 2.85948E+01 2.86128E+01 2.97299E+01 2.97327E+01 2.97335E+01 2.97328E+01 2.86126E+01 2.85948E+01 2.72551E+01 8.73321E+02
2.83309E+01 2.96672E+01 2.96852E+01 3.07989E+01 3.08018E+01 3.08026E+01 3.08019E+01 2.96850E+01 2.96672E+01 2.83309E+01 9.05624E+02
2.94162E+01 3.07490E+01 3.07671E+01 3.18776E+01 3.18805E+01 3.18813E+01 3.18806E+01 3.07670E+01 3.07490E+01 2.94162E+01 9.38118E+02
3.05106E+01 3.18401E+01 3.18583E+01 3.29655E+01 3.29684E+01 3.29693E+01 3.29685E+01 3.18581E+01 3.18401E+01 3.05106E+01 9.70790E+02
3.16138E+01 3.29399E+01 3.29582E+01 3.40623E+01 3.40652E+01 3.40661E+01 3.40654E+01 3.29580E+01 3.29399E+01 3.16138E+01 1.00363E+03
3.27254E+01 3.40483E+01 3.40666E+01 3.51677E+01 3.51706E+01 3.51715E+01 3.51708E+01 3.40664E+01 3.40483E+01 3.27254E+01 1.03662E+03
3.38450E+01 3.51648E+01 3.51832E+01 3.62813E+01 3.62842E+01 3.62851E+01 3.62844E+01 3.51830E+01 3.51648E+01 3.38450E+01 1.06976E+03
3.49725E+01 3.62891E+01 3.63076E+01 3.74028E+01 3.74057E+01 3.74066E+01 3.74059E+01 3.63074E+01 3.62891E+01 3.49725E+01 1.10302E+03
0.00000E+00 0.00000E+00 -4.74877E-02 1.27816E+00 1.28003E+00 1.28010E+00 1.27902E+00 -4.74415E-02 0.00000E+00 0.00000E+00 -1.95877E+00
0.00000E+00 0.00000E+00 -1.05259E-02 1.28665E+00 1.28861E+00 1.28873E+00 1.28765E+00 -1.04963E-02 0.00000E+00 0.00000E+00 -5.38218E-01
0.00000E+00 7.03971E-02 8.44470E-02 1.35830E+00 1.36033E+00 1.36049E+00 1.35942E+00 8.44620E-02 7.03971E-02 0.00000E+00 1.71290E+00
0.00000E+00 2.15732E-01 2.30106E-01 1.48396E+00 1.48607E+00 1.48625E+00 1.48519E+00 2.30108E-01 2.15732E-01 0.00000E+00 4.93169E+00
0.00000E+00 4.06922E-01 4.21593E-01 1.65787E+00 1.66004E+00 1.66026E+00 1.65921E+00 4.21583E-01 4.06922E-01 0.00000E+00 9.27008E+00
0.00000E+00 6.39405E-01 6.54350E-01 1.87497E+00 1.87719E+00 1.87744E+00 1.87640E+00 6.54329E-01 6.39405E-01 0.00000E+00 1.47852E+01
0.00000E+00 9.09459E-01 9.24659E-01 2.13116E+00 2.13343E+00 2.13372E+00 2.13268E+00 9.24627E-01 9.09459E-01 0.00000E+00 2.14951E+01
0.00000E+00 1.21401E+00 1.22945E+00 2.42311E+00 2.42544E+00 2.42575E+00 2.42473E+00 1.22941E+00 1.21401E+00 0.00000E+00 2.93901E+01
1.25343E-01 1.53610E+00 1.55176E+00 2.73371E+00 2.73608E+00 2.73642E+00 2.73541E+00 1.55171E+00 1.53610E+00 1.25343E-01 3.83778E+01
4.69266E-01 1.86867E+00 1.88455E+00 3.05572E+00 3.05814E+00 3.05851E+00 3.05751E+00 1.88449E+00 1.86867E+00 4.69266E-01 4.83250E+01
8.44752E-01 2.23355E+00 2.24963E+00 3.41074E+00 3.41320E+00 3.41360E+00 3.41261E+00 2.24956E+00 2.23355E+00 8.44752E-01 5.92746E+01
1.25002E+00 2.62887E+00 2.64514E+00 3.79683E+00 3.79933E+00 3.79975E+00 3.79877E+00 2.64506E+00 2.62887E+00 1.25002E+00 7.11914E+01
1.68347E+00 3.05294E+00 3.06940E+00 4.21222E+00 4.21475E+00 4.21521E+00 4.21424E+00 3.06932E+00 3.05294E+00 1.68347E+00 8.40370E+01
2.14360E+00 3.50423E+00 3.52087E+00 4.65531E+00 4.65788E+00 4.65836E+00 4.65740E+00 3.52077E+00 3.50423E+00 2.14360E+00 9.77708E+01
2.62907E+00 3.98132E+00 3.99813E+00 5.12464E+00 5.12725E+00 5.12776E+00 5.12681E+00 3.99803E+00 3.98132E+00 2.62907E+00 1.12351E+02
3.13861E+00 4.48290E+00 4.49988E+00 5.61887E+00 5.62151E+00 5.62205E+00 5.62111E+00 4.49977E+00 4.48290E+00 3.13861E+00 1.27736E+02
3.67106E+00 5.00776E+00 5.02490E+00 6.13674E+00 6.13942E+00 6.13998E+00 6.13905E+00 5.02479E+00 5.00776E+00 3.67106E+00 1.43885E+02
4.22531E+00 5.55479E+00 5.57208E+00 6.67710E+00 6.67981E+00 6.68039E+00 6.67947E+00 5.57196E+00 5.55479E+00 4.22531E+00 1.60757E+02
4.80034E+00 6.12292E+00 6.14036E+00 7.23886E+00 7.24160E+00 7.24221E+00 7.24130E+00 6.14024E+00 6.12292E+00 4.80034E+00 1.78313E+02
5.39521E+00 6.71116E+00 6.72876E+00 7.82102E+00 7.82379E+00 7.82442E+00 7.82353E+00 6.72862E+00 6.71116E+00 5.39521E+00 1.96514E+02
6.00899E+00 7.31860E+00 7.33634E+00 8.42262E+00 8.42542E+00 8.42608E+00 8.42519E+00 7.33620E+00 7.31860E+00 6.00899E+00 2.15325E+02
6.64083E+00 7.94435E+00 7.96223E+00 9.04278E+00 9.04560E+00 9.04628E+00 9.04541E+00 7.96208E+00 7.94435E+00 6.64083E+00 2.34708E+02
7.28993E+00 8.58759E+00 8.60561E+00 9.68063E+00 9.68349E+00 9.68419E+00 9.68332E+00 8.60545E+00 8.58759E+00 7.28993E+00 2.54632E+02
7.95552E+00 9.24754E+00 9.26568E+00 1.03354E+01 1.03383E+01 1.03390E+01 1.03381E+01 9.26552E+00 9.24754E+00 7.95552E+00 2.75064E+02
8.63688E+00 9.92345E+00 9.94173E+00 1.10063E+01 1.10092E+01 1.10100E+01 1.10091E+01 9.94156E+00 9.92345E+00 8.63688E+00 2.95973E+02
9.33331E+00 1.06146E+01 1.06330E+01 1.16927E+01 1.16956E+01 1.16964E+01 1.16955E+01 1.06329E+01 1.06146E+01 9.33331E+00 3.17330E+02
1.00442E+01 1.13204E+01 1.13389E+01 1.23938E+01 1.23967E+01 1.23975E+01 1.23967E+01 1.13387E+01 1.13204E+01 1.00442E+01 3.39107E+02
1.07688E+01 1.20401E+01 1.20588E+01 1.31090E+01 1.31120E+01 1.31128E+01 1.31120E+01 1.20586E+01 1.20401E+01 1.07688E+01 3.61279E+02
1.15066E+01 1.27732E+01 1.27920E+01 1.38377E+01 1.38407E+01 1.38416E+01 1.38408E+01 1.27918E+01 1.27732E+01 1.15066E+01 3.83820E+02
1.22571E+01 1.35190E+01 1.35379E+01 1.45794E+01 1.45824E+01 1.45833E+01 1.45825E+01 1.35377E+01 1.35190E+01 1.22571E+01 4.06707E+02
1.30197E+01 1.42771E+01 1.42961E+01 1.53334E+01 1.53364E+01 1.53373E+01 1.53365E+01 1.42959E+01 1.42771E+01 1.30197E+01 4.29918E+02
1.37938E+01 1.50469E+01 1.50660E+01 1.60992E+01 1.61022E+01 1.61031E+01 1.61024E+01 1.50658E+01 1.50469E+01 1.37938E+01 4.53431E+02
1.45790E+01 1.58279E+01 1.58471E+01 1.68763E+01 1.68794E+01 1.68803E+01 1.68795E+01 1.58469E+01 1.58279E+01 1.45790E+01 4.77227E+02
1.53748E+01 1.66196E+01 1.66389E+01 1.76642E+01 1.76673E+01 1.76683E+01 1.76675E+01 1.66387E+01 1.66196E+01 1.53748E+01 5.01286E+02
1.61807E+01 1.74215E+01 1.74409E+01 1.84625E+01 1.84657E+01 1.84666E+01 1.84659E+01 1.74407E+01 1.74215E+01 1.61807E+01 5.25590E+02
1.69964E+01 1.82333E+01 1.82528E+01 1.92708E+01 1.92739E+01 1.92749E+01 1.92742E+01 1.82526E+01 1.82333E+01 1.69964E+01 5.50123E+02
1.78214E+01 1.90545E+01 1.90741E+01 2.00885E+01 2.00917E+01 2.00927E+01 2.00920E+01 1.90739E+01 1.90545E+01 1.78214E+01 5.74868E+02
1.86553E+01 1.98847E+01 1.99044E+01 2.09153E+01 2.09185E+01 2.09195E+01 2.09188E+01 1.99041E+01 1.98847E+01 1.86553E+01 5.99811E+02
1.94977E+01 2.07234E+01 2.07433E+01 2.17508E+01 2.17540E+01 2.17551E+01 2.17544E+01 2.07430E+01 2.07234E+01 1.94977E+01 6.24936E+02
2.03482E+01 2.15705E+01 2.15904E+01 2.25946E+01 2.25979E+01 2.25990E+01 2.25983E+01 2.15902E+01 2.15705E+01 2.03482E+01 6.50230E+02
2.12066E+01 2.24254E+01 2.24454E+01 2.34464E+01 2.34497E+01 2.34508E+01 2.34501E+01 2.24452E+01 2.24254E+01 2.12066E+01 6.75681E+02
2.20724E+01 2.32879E+01 2.33080E+01 2.43059E+01 2.43092E+01 2.43103E+01 2.43096E+01 2.33077E+01 2.32879E+01 2.20724E+01 7.01276E+02
2.29454E+01 2.41576E+01 2.41778E+01 2.51726E+01 2.51759E+01 2.51770E+01 2.51764E+01 2.41775E+01 2.41576E+01 2.29454E+01 7.27003E+02
2.38253E+01 2.50342E+01 2.50545E+01 2.60463E+01 2.60496E+01 2.60508E+01 2.60501E+01 2.50542E+01 2.50342E+01 2.38253E+01 7.52851E+02
2.47116E+01 2.59174E+01 2.59378E+01 2.69267E+01 2.69300E+01 2.69312E+01 2.69305E+01 2.59376E+01 2.59174E+01 2.47116E+01 7.78811E+02
2.56043E+01 2.68070E+01 2.68275E+01 2.78134E+01 2.78168E+01 2.78180E+01 2.78173E+01 2.68272E+01 2.68070E+01 2.56043E+01 8.04872E+02
2.65029E+01 2.77026E+01 2.77231E+01 2.87063E+01 2.87097E+01 2.87109E+01 2.87103E+01 2.77229E+01 2.77026E+01 2.65029E+01 8.31025E+02
2.74072E+01 2.86040E+01 2.86246E+01 2.96050E+01 2.96084E+01 2.96096E+01 2.96090E+01 2.86243E+01 2.86040E+01 2.74072E+01 8.57261E+02
2.83170E+01 2.95109E+01 2.95316E+01 3.05093E+01 3.05127E+01 3.05140E+01 3.05133E+01 2.95313E+01 2.95109E+01 2.83170E+01 8.83572E+02
2.92320E+01 3.04231E+01 3.04439E+01 3.14189E+01 3.14223E+01 3.14236E+01 3.14230E+01 3.04436E+01 3.04231E+01 2.92320E+01 9.09949E+02
0.00000E+00 0.00000E+00 -4.59119E-02 1.13675E+00 1.13893E+00 1.13907E+00 1.13795E+00 -4.59070E-02 0.00000E+00 0.00000E+00 -1.84799E+00
0.00000E+00 0.00000E+00 -8.12772E-03 1.14895E+00 1.15123E+00 1.15142E+00 1.15032E+00 -8.14410E-03 0.00000E+00 0.00000E+00 -5.06728E-01
0.00000E+00 6.66906E-02 8.23452E-02 1.21845E+00 1.22082E+00 1.22106E+00 1.21997E+00 8.23103E-02 6.66906E-02 0.00000E+00 1.61806E+00
0.00000E+00 2.01796E-01 2.17832E-01 1.33595E+00 1.33840E+00 1.33869E+00 1.33761E+00 2.17780E-01 2.01796E-01 0.00000E+00 4.63337E+00
0.00000E+00 3.76971E-01 3.93356E-01 1.49567E+00 1.49819E+00 1.49852E+00 1.49745E+00 3.93289E-01 3.76971E-01 0.00000E+00 8.65881E+00
0.00000E+00 5.87736E-01 6.04443E-01 1.69266E+00 1.69525E+00 1.69562E+00 1.69457E+00 6.04361E-01 5.87736E-01 0.00000E+00 1.37261E+01
0.00000E+00 8.30512E-01 8.47517E-01 1.92303E+00 1.92569E+00 1.92610E+00 1.92506E+00 8.47422E-01 8.30512E-01 0.00000E+00 1.98337E+01
0.00000E+00 1.10239E+00 1.11968E+00 2.18364E+00 2.18635E+00 2.18680E+00 2.18578E+00 1.11957E+00 1.10239E+00 0.00000E+00 2.69578E+01
1.12210E-01 1.38926E+00 1.40680E+00 2.46023E+00 2.46300E+00 2.46348E+00 2.46247E+00 1.40668E+00 1.38926E+00 1.12210E-01 3.49872E+01
4.18629E-01 1.68530E+00 1.70310E+00 2.74683E+00 2.74964E+00 2.75017E+00 2.74918E+00 1.70297E+00 1.68530E+00 4.18629E-01 4.37857E+01
7.51117E-01 2.00810E+00 2.02613E+00 3.06081E+00 3.06367E+00 3.06423E+00 3.06325E+00 2.02599E+00 2.00810E+00 7.51117E-01 5.34104E+01
1.10802E+00 2.35590E+00 2.37416E+00 3.40035E+00 3.40326E+00 3.40385E+00 3.40290E+00 2.37401E+00 2.35590E+00 1.10802E+00 6.38242E+01
1.48783E+00 2.72715E+00 2.74563E+00 3.76383E+00 3.76679E+00 3.76742E+00 3.76648E+00 2.74547E+00 2.72715E+00 1.48783E+00 7.49883E+01
1.88921E+00 3.12045E+00 3.13913E+00 4.14979E+00 4.15279E+00 4.15346E+00 4.15253E+00 3.13896E+00 3.12045E+00 1.88921E+00 8.68629E+01
2.31091E+00 3.53449E+00 3.55338E+00 4.55690E+00 4.55994E+00 4.56064E+00 4.55973E+00 3.55320E+00 3.53449E+00 2.31091E+00 9.94086E+01
2.75180E+00 3.96810E+00 3.98719E+00 4.98394E+00 4.98702E+00 4.98775E+00 4.98685E+00 3.98700E+00 3.96810E+00 2.75180E+00 1.12586E+02
3.21083E+00 4.42021E+00 4.43948E+00 5.42979E+00 5.43290E+00 5.43367E+00 5.43279E+00 4.43928E+00 4.42021E+00 3.21083E+00 1.26358E+02
3.68703E+00 4.88980E+00 4.90925E+00 5.89342E+00 5.89657E+00 5.89737E+00 5.89650E+00 4.90905E+00 4.88980E+00 3.68703E+00 1.40688E+02
4.17949E+00 5.37595E+00 5.39558E+00 6.37387E+00 6.37706E+00 6.37789E+00 6.37704E+00 5.39536E+00 5.37595E+00 4.17949E+00 1.55540E+02
4.68736E+00 5.87778E+00 5.89758E+00 6.87025E+00 6.87347E+00 6.87434E+00 6.87350E+00 5.89736E+00 5.87778E+00 4.68736E+00 1.70881E+02
5.20986E+00 6.39448E+00 6.41445E+00 7.38174E+00 7.38499E+00 7.38589E+00 7.38507E+00 6.41422E+00 6.39448E+00 5.20986E+00 1.86678E+02
5.74624E+00 6.92530E+00 6.94542E+00 7.90754E+00 7.91083E+00 7.91176E+00 7.91095E+00 6.94519E+00 6.92530E+00 5.74624E+00 2.02902E+02
6.29581E+00 7.46951E+00 7.48979E+00 8.44694E+00 8.45026E+00 8.45122E+00 8.45043E+00 7.48955E+00 7.46951E+00 6.29581E+00 2.19523E+02
6.85791E+00 8.02644E+00 8.04688E+00 8.99924E+00 9.00259E+00 9.00358E+00 9.00280E+00 8.04663E+00 8.02644E+00 6.85791E+00 2.36515E+02
7.43191E+00 8.59547E+00 8.61606E+00 9.56380E+00 9.56718E+00 9.56820E+00 9.56744E+00 8.61580E+00 8.59547E+00 7.43191E+00 2.53852E+02
8.01723E+00 9.17598E+00 9.19672E+00 1.01400E+01 1.01434E+01 1.01445E+01 1.01437E+01 9.19645E+00 9.17598E+00 8.01723E+00 2.71508E+02
8.61331E+00 9.76742E+00 9.78830E+00 1.07273E+01 1.07307E+01 1.07318E+01 1.07311E+01 9.78803E+00 9.76742E+00 8.61331E+00 2.89463E+02
9.21963E+00 1.03692E+01 1.03903E+01 1.13251E+01 1.13285E+01 1.13297E+01 1.13289E+01 1.03900E+01 1.03692E+01 9.21963E+00 3.07693E+02
9.83569E+00 1.09810E+01 1.10021E+01 1.19329E+01 1.19364E+01 1.19375E+01 1.19368E+01 1.10018E+01 1.09810E+01 9.83569E+00 3.26179E+02
1.04610E+01 1.16021E+01 1.16233E+01 1.25502E+01 1.25537E+01 1.25549E+01 1.25542E+01 1.16231E+01 1.16021E+01 1.04610E+01 3.44902E+02
1.10951E+01 1.22321E+01 1.22535E+01 1.31766E+01 1.31802E+01 1.31813E+01 1.31807E+01 1.22532E+01 1.22321E+01 1.10951E+01 3.63843E+02
1.17377E+01 1.28706E+01 1.28922E+01 1.38116E+01 1.38152E+01 1.38164E+01 1.38157E+01 1.28919E+01 1.28706E+01 1.17377E+01 3.82985E+02
1.23882E+01 1.35173E+01 1.35389E+01 1.44548E+01 1.44584E+01 1.44596E+01 1.44590E+01 1.35386E+01 1.35173E+01 1.23882E+01 4.02314E+02
1.30462E+01 1.41716E+01 1.41934E+01 1.51058E+01 1.51094E+01 1.51107E+01 1.51100E+01 1.41931E+01 1.41716E+01 1.30462E+01 4.21813E+02
1.37115E+01 1.48333E+01 1.48552E+01 1.57641E+01 1.57678E+01 1.57691E+01 1.57685E+01 1.48548E+01 1.48333E+01 1.37115E+01 4.41469E+02
1.43837E+01 1.55019E+01 1.55239E+01 1.64296E+01 1.64333E+01 1.64346E+01 1.64340E+01 1.55236E+01 1.55019E+01 1.43837E+01 4.61268E+02
1.50624E+01 1.61771E+01 1.61992E+01 1.71017E+01 1.71054E+01 1.71068E+01 1.71062E+01 1.61989E+01 1.61771E+01 1.50624E+01 4.81197E+02
1.57473E+01 1.68586E+01 1.68809E+01 1.77803E+01 1.77840E+01 1.77854E+01 1.77848E+01 1.68806E+01 1.68586E+01 1.57473E+01 5.01246E+02
1.64381E+01 1.75461E+01 1.75685E+01 1.84648E+01 1.84686E+01 1.84700E+01 1.84694E+01 1.75682E+01 1.75461E+01 1.64381E+01 5.21403E+02
1.71346E+01 1.82393E+01 1.82618E+01 1.91552E+01 1.91589E+01 1.91604E+01 1.91598E+01 1.82615E+01 1.82393E+01 1.71346E+01 5.41658E+02
1.78363E+01 1.89380E+01 1.89606E+01 1.98510E+01 1.98548E+01 1.98562E+01 1.98557E+01 1.89602E+01 1.89380E+01 1.78363E+01 5.62000E+02
1.85432E+01 1.96417E+01 1.96644E+01 2.05520E+01 2.05558E+01 2.05573E+01 2.05568E+01 1.96641E+01 1.96417E+01 1.85432E+01 5.82421E+02
1.92548E+01 2.03503E+01 2.03731E+01 2.12580E+01 2.12618E+01 2.12633E+01 2.12628E+01 2.03728E+01 2.03503E+01 1.92548E+01 6.02912E+02
1.99710E+01 2.10636E+01 2.10865E+01 2.19686E+01 2.19725E+01 2.19740E+01 2.19735E+01 2.10861E+01 2.10636E+01 1.99710E+01 6.23465E+02
2.06915E+01 2.17812E+01 2.18043E+01 2.26837E+01 2.26876E+01 2.26892E+01 2.26887E+01 2.18039E+01 2.17812E+01 2.06915E+01 6.44071E+02
2.14161E+01 2.25031E+01 2.25262E+01 2.34031E+01 2.34069E+01 2.34085E+01 2.34081E+01 2.25258E+01 2.25031E+01 2.14161E+01 6.64724E+02
2.21447E+01 2.32288E+01 2.32520E+01 2.41264E+01 2.41303E+01 2.41319E+01 2.41314E+01 2.32517E+01 2.32288E+01 2.21447E+01 6.85417E+02
2.28769E+01 2.39583E+01 2.39817E+01 2.48535E+01 2.48574E+01 2.48591E+01 2.48586E+01 2.39813E+01 2.39583E+01 2.28769E+01 7.06144E+02
2.36126E+01 2.46914E+01 2.47148E+01 2.55842E+01 2.55881E+01 2.55898E+01 2.55894E+01 2.47144E+01 2.46914E+01 2.36126E+01 7.26897E+02
2.43516E+01 2.54278E+01 2.54513E+01 2.63183E+01 2.63223E+01 2.63240E+01 2.63236E+01 2.54509E+01 2.54278E+01 2.43516E+01 7.47673E+02
0.00000E+00 0.00000E+00 -4.42761E-02 1.01002E+00 1.01257E+00 1.01277E+00 1.01160E+00 -4.43280E-02 0.00000E+00 0.00000E+00 -1.75156E+00
0.00000E+00 0.00000E+00 -5.50644E-03 1.02576E+00 1.02842E+00 1.02869E+00 1.02755E+00 -5.58525E-03 0.00000E+00 0.00000E+00 -4.77791E-01
0.00000E+00 6.32313E-02 8.07938E-02 1.09318E+00 1.09595E+00 1.09627E+00 1.09515E+00 8.06916E-02 6.32313E-02 0.00000E+00 1.53369E+00
0.00000E+00 1.88802E-01 2.06812E-01 1.20300E+00 1.20586E+00 1.20625E+00 1.20515E+00 2.06689E-01 1.88802E-01 0.00000E+00 4.36119E+00
0.00000E+00 3.49162E-01 3.67580E-01 1.34953E+00 1.35248E+00 1.35292E+00 1.35185E+00 3.67437E-01 3.49162E-01 0.00000E+00 8.09513E+00
0.00000E+00 5.39986E-01 5.58779E-01 1.52803E+00 1.53106E+00 1.53156E+00 1.53051E+00 5.58619E-01 5.39986E-01 0.00000E+00 1.27454E+01
0.00000E+00 7.57882E-01 7.77025E-01 1.73484E+00 1.73793E+00 1.73848E+00 1.73745E+00 7.76848E-01 7.57882E-01 0.00000E+00 1.82943E+01
0.00000E+00 1.00014E+00 1.01960E+00 1.96700E+00 1.97017E+00 1.97077E+00 1.96976E+00 1.01941E+00 1.00014E+00 0.00000E+00 2.47077E+01
1.00233E-01 1.25509E+00 1.27486E+00 2.21276E+00 2.21599E+00 2.21664E+00 2.21566E+00 1.27466E+00 1.25509E+00 1.00233E-01 3.18614E+01
3.72607E-01 1.51798E+00 1.53805E+00 2.46721E+00 2.47049E+00 2.47120E+00 2.47024E+00 1.53782E+00 1.51798E+00 3.72607E-01 3.96207E+01
6.66295E-01 1.80281E+00 1.82315E+00 2.74415E+00 2.74749E+00 2.74825E+00 2.74731E+00 1.82292E+00 1.80281E+00 6.66295E-01 4.80533E+01
9.79774E-01 2.10798E+00 2.12858E+00 3.04193E+00 3.04532E+00 3.04613E+00 3.04521E+00 2.12834E+00 2.10798E+00 9.79774E-01 5.71219E+01
1.31168E+00 2.43207E+00 2.45292E+00 3.35906E+00 3.36251E+00 3.36336E+00 3.36247E+00 2.45266E+00 2.43207E+00 1.31168E+00 6.67886E+01
1.66080E+00 2.77380E+00 2.79489E+00 3.69424E+00 3.69773E+00 3.69863E+00 3.69776E+00 2.79462E+00 2.77380E+00 1.66080E+00 7.70157E+01
2.02602E+00 3.13201E+00 3.15334E+00 4.04625E+00 4.04979E+00 4.05074E+00 4.04989E+00 3.15306E+00 3.13201E+00 2.02602E+00 8.77665E+01
2.40633E+00 3.50568E+00 3.52723E+00 4.41403E+00 4.41761E+00 4.41860E+00 4.41778E+00 3.52694E+00 3.50568E+00 2.40633E+00 9.90053E+01
2.80081E+00 3.89382E+00 3.91559E+00 4.79658E+00 4.80020E+00 4.80124E+00 4.80043E+00 3.91529E+00 3.89382E+00 2.80081E+00 1.10698E+02
3.20859E+00 4.29557E+00 4.31755E+00 5.19299E+00 5.19666E+00 5.19774E+00 5.19696E+00 4.31724E+00 4.29557E+00 3.20859E+00 1.22813E+02
3.62890E+00 4.71011E+00 4.73229E+00 5.60244E+00 5.60614E+00 5.60727E+00 5.60651E+00 4.73197E+00 4.71011E+00 3.62890E+00 1.35318E+02
4.06099E+00 5.13668E+00 5.15906E+00 6.02414E+00 6.02788E+00 6.02905E+00 6.02831E+00 5.15873E+00 5.13668E+00 4.06099E+00 1.48185E+02
4.50420E+00 5.57459E+00 5.59716E+00 6.45738E+00 6.46116E+00 6.46237E+00 6.46165E+00 5.59682E+00 5.57459E+00 4.50420E+00 1.61386E+02
4.95788E+00 6.02317E+00 6.04594E+00 6.90148E+00 6.90531E+00 6.90656E+00 6.90586E+00 6.04559E+00 6.02317E+00 4.95788E+00 1.74896E+02
5.42143E+00 6.48184E+00 6.50478E+00 7.35584E+00 7.35970E+00 7.36099E+00 7.36032E+00 6.50442E+00 6.48184E+00 5.42143E+00 1.88690E+02
5.89431E+00 6.95000E+00 6.97312E+00 7.81986E+00 7.82375E+00 7.82509E+00 7.82443E+00 6.97275E+00 6.95000E+00 5.89431E+00 2.02746E+02
6.37599E+00 7.42713E+00 7.45043E+00 8.29299E+00 8.29692E+00 8.29830E+00 8.29766E+00 7.45005E+00 7.42713E+00 6.37599E+00 2.17042E+02
6.86598E+00 7.91272E+00 7.93619E+00 8.77473E+00 8.77869E+00 8.78011E+00 8.77950E+00 7.93580E+00 7.91272E+00 6.86598E+00 2.31559E+02
7.36380E+00 8.40631E+00 8.42993E+00 9.26460E+00 9.26859E+00 9.27005E+00 9.26945E+00 8.42954E+00 8.40631E+00 7.36380E+00 2.46278E+02
7.86904E+00 8.90743E+00 8.93122E+00 9.76212E+00 9.76615E+00 9.76764E+00 9.76707E+00 8.93082E+00 8.90743E+00 7.86904E+00 2.61182E+02
8.38127E+00 9.41569E+00 9.43963E+00 1.02669E+01 1.02709E+01 1.02725E+01 1.02719E+01 9.43922E+00 9.41569E+00 8.38127E+00 2.76254E+02
8.90010E+00 9.93066E+00 9.95476E+00 1.07785E+01 1.07826E+01 1.07842E+01 1.07836E+01 9.95435E+00 9.93066E+00 8.90010E+00 2.91479E+02
9.42517E+00 1.04520E+01 1.04762E+01 1.12966E+01 1.13007E+01 1.13023E+01 1.13018E+01 1.04758E+01 1.04520E+01 9.42517E+00 3.06843E+02
9.95613E+00 1.09793E+01 1.10037E+01 1.18207E+01 1.18248E+01 1.18265E+01 1.18260E+01 1.10033E+01 1.09793E+01 9.95613E+00 3.22333E+02
1.04926E+01 1.15123E+01 1.15368E+01 1.23506E+01 1.23548E+01 1.23565E+01 1.23560E+01 1.15364E+01 1.15123E+01 1.04926E+01 3.37936E+02
1.10344E+01 1.20506E+01 1.20753E+01 1.28859E+01 1.28901E+01 1.28919E+01 1.28914E+01 1.20749E+01 1.20506E+01 1.10344E+01 3.53641E+02
1.15811E+01 1.25940E+01 1.26188E+01 1.34264E+01 1.34306E+01 1.34324E+01 1.34319E+01 1.26184E+01 1.25940E+01 1.15811E+01 3.69437E+02
1.21325E+01 1.31421E+01 1.31671E+01 1.39717E+01 1.39759E+01 1.39777E+01 1.39773E+01 1.31666E+01 1.31421E+01 1.21325E+01 3.85313E+02
1.26883E+01 1.36947E+01 1.37198E+01 1.45215E+01 1.45258E+01 1.45276E+01 1.45272E+01 1.37193E+01 1.36947E+01 1.26883E+01 4.01261E+02
1.32482E+01 1.42515E+01 1.42768E+01 1.50756E+01 1.50799E+01 1.50818E+01 1.50814E+01 1.42763E+01 1.42515E+01 1.32482E+01 4.17271E+02
1.38120E+01 1.48123E+01 1.48377E+01 1.56338E+01 1.56381E+01 1.56401E+01 1.56397E+01 1.48372E+01 1.48123E+01 1.38120E+01 4.33335E+02
1.43795E+01 1.53769E+01 1.54024E+01 1.61958E+01 1.62002E+01 1.62021E+01 1.62018E+01 1.54019E+01 1.53769E+01 1.43795E+01 4.49446E+02
1.49504E+01 1.59450E+01 1.59705E+01 1.67614E+01 1.67657E+01 1.67677E+01 1.67674E+01 1.59701E+01 1.59450E+01 1.49504E+01 4.65596E+02
1.55246E+01 1.65163E+01 1.65420E+01 1.73303E+01 1.73347E+01 1.73367E+01 1.73364E+01 1.65416E+01 1.65163E+01 1.55246E+01 4.81778E+02
1.61018E+01 1.70908E+01 1.71166E+01 1.79024E+01 1.79068E+01 1.79089E+01 1.79086E+01 1.71161E+01 1.70908E+01 1.61018E+01 4.97986E+02
1.66819E+01 1.76682E+01 1.76942E+01 1.84775E+01 1.84819E+01 1.84840E+01 1.84837E+01 1.76937E+01 1.76682E+01 1.66819E+01 5.14214E+02
1.72647E+01 1.82483E+01 1.82744E+01 1.90553E+01 1.90598E+01 1.90619E+01 1.90617E+01 1.82739E+01 1.82483E+01 1.72647E+01 5.30457E+02
1.78499E+01 1.88310E+01 1.88572E+01 1.96358E+01 1.96403E+01 1.96424E+01 1.96422E+01 1.88567E+01 1.88310E+01 1.78499E+01 5.46709E+02
1.84375E+01 1.94161E+01 1.94424E+01 2.02187E+01 2.02232E+01 2.02254E+01 2.02252E+01 1.94419E+01 1.94161E+01 1.84375E+01 5.62965E+02
1.90273E+01 2.00034E+01 2.00299E+01 2.08039E+01 2.08084E+01 2.08106E+01 2.08104E+01 2.00293E+01 2.00034E+01 1.90273E+01 5.79221E+02
1.96192E+01 2.05928E+01 2.06194E+01 2.13912E+01 2.13957E+01 2.13980E+01 2.13978E+01 2.06188E+01 2.05928E+01 1.96192E+01 5.95473E+02
2.02129E+01 2.11842E+01 2.12108E+01 2.19805E+01 2.19850E+01 2.19873E+01 2.19872E+01 2.12103E+01 2.11842E+01 2.02129E+01 6.11717E+02
0.00000E+00 0.00000E+00 -4.24678E-02 8.96466E-01 8.99440E-01 8.99700E-01 8.98483E-01 -4.25957E-02 0.00000E+00 0.00000E+00 -1.66804E+00
0.00000E+00 0.00000E+00 -2.60067E-03 9.15568E-01 9.18681E-01 9.19033E-01 9.17854E-01 -2.76200E-03 0.00000E+00 0.00000E+00 -4.50662E-01
0.00000E+00 5.99839E-02 7.98041E-02 9.80943E-01 9.84176E-01 9.84615E-01 9.83472E-01 7.96138E-02 5.99839E-02 0.00000E+00 1.45926E+00
0.00000E+00 1.76649E-01 1.96991E-01 1.08352E+00 1.08686E+00 1.08738E+00 1.08628E+00 1.96774E-01 1.76649E-01 0.00000E+00 4.11302E+00
0.00000E+00 3.23293E-01 3.44110E-01 1.21779E+00 1.22123E+00 1.22183E+00 1.22076E+00 3.43870E-01 3.23293E-01 0.00000E+00 7.57494E+00
0.00000E+00 4.95807E-01 5.17061E-01 1.37929E+00 1.38281E+00 1.38349E+00 1.38245E+00 5.16799E-01 4.95807E-01 0.00000E+00 1.18364E+01
0.00000E+00 6.91025E-01 7.12685E-01 1.56458E+00 1.56819E+00 1.56894E+00 1.56793E+00 7.12403E-01 6.91025E-01 0.00000E+00 1.68674E+01
0.00000E+00 9.06442E-01 9.28480E-01 1.77098E+00 1.77466E+00 1.77548E+00 1.77451E+00 9.28179E-01 9.06442E-01 0.00000E+00 2.26257E+01
8.93203E-02 1.13251E+00 1.15490E+00 1.98882E+00 1.99257E+00 1.99346E+00 1.99253E+00 1.15458E+00 1.13251E+00 8.93203E-02 2.89803E+01
3.30824E-01 1.36535E+00 1.38807E+00 2.21410E+00 2.21792E+00 2.21888E+00 2.21798E+00 1.38774E+00 1.36535E+00 3.30824E-01 3.58006E+01
5.89547E-01 1.61597E+00 1.63902E+00 2.45767E+00 2.46156E+00 2.46258E+00 2.46171E+00 1.63867E+00 1.61597E+00 5.89547E-01 4.31623E+01
8.64111E-01 1.88294E+00 1.90629E+00 2.71803E+00 2.72197E+00 2.72307E+00 2.72223E+00 1.90592E+00 1.88294E+00 8.64111E-01 5.10293E+01
1.15330E+00 2.16498E+00 2.18862E+00 2.99385E+00 2.99785E+00 2.99901E+00 2.99821E+00 2.18824E+00 2.16498E+00 1.15330E+00 5.93654E+01
1.45602E+00 2.46095E+00 2.48487E+00 3.28396E+00 3.28801E+00 3.28923E+00 3.28847E+00 2.48447E+00 2.46095E+00 1.45602E+00 6.81359E+01
1.77131E+00 2.76983E+00 2.79402E+00 3.58729E+00 3.59140E+00 3.59269E+00 3.59195E+00 2.79361E+00 2.76983E+00 1.77131E+00 7.73073E+01
2.09827E+00 3.09071E+00 3.11516E+00 3.90291E+00 3.90708E+00 3.90842E+00 3.90771E+00 3.11474E+00 3.09071E+00 2.09827E+00 8.68478E+01
2.43609E+00 3.42276E+00 3.44746E+00 4.22995E+00 4.23416E+00 4.23557E+00 4.23489E+00 3.44702E+00 3.42276E+00 2.43609E+00 9.67275E+01
2.78405E+00 3.76520E+00 3.79014E+00 4.56762E+00 4.57188E+00 4.57335E+00 4.57271E+00 3.78969E+00 3.76520E+00 2.78405E+00 1.06918E+02
3.14147E+00 4.11734E+00 4.14252E+00 4.91521E+00 4.91952E+00 4.92104E+00 4.92043E+00 4.14206E+00 4.11734E+00 3.14147E+00 1.17393E+02
3.50771E+00 4.47853E+00 4.50394E+00 5.27205E+00 5.27640E+00 5.27798E+00 5.27740E+00 4.50347E+00 4.47853E+00 3.50771E+00 1.28128E+02
3.88221E+00 4.84819E+00 4.87381E+00 5.63753E+00 5.64192E+00 5.64356E+00 5.64301E+00 4.87333E+00 4.84819E+00 3.88221E+00 1.39100E+02
4.26442E+00 5.22575E+00 5.25159E+00 6.01108E+00 6.01552E+00 6.01721E+00 6.01669E+00 5.25110E+00 5.22575E+00 4.26442E+00 1.50287E+02
4.65385E+00 5.61071E+00 5.63675E+00 6.39219E+00 6.39666E+00 6.39841E+00 6.39792E+00 5.63625E+00 5.61071E+00 4.65385E+00 1.61669E+02
5.05004E+00 6.00258E+00 6.02883E+00 6.78036E+00 6.78487E+00 6.78668E+00 6.78622E+00 6.02832E+00 6.00258E+00 5.05004E+00 1.73229E+02
5.45255E+00 6.40093E+00 6.42738E+00 7.17514E+00 7.17969E+00 7.18155E+00 7.18112E+00 6.42686E+00 6.40093E+00 5.45255E+00 1.84948E+02
5.86097E+00 6.80534E+00 6.83198E+00 7.57610E+00 7.58069E+00 7.58260E+00 7.58220E+00 6.83145E+00 6.80534E+00 5.86097E+00 1.96811E+02
6.27493E+00 7.21542E+00 7.24224E+00 7.98285E+00 7.98748E+00 7.98944E+00 7.98907E+00 7.24170E+00 7.21542E+00 6.27493E+00 2.08803E+02
6.69406E+00 7.63080E+00 7.65781E+00 8.39501E+00 8.39968E+00 8.40169E+00 8.40135E+00 7.65726E+00 7.63080E+00 6.69406E+00 2.20911E+02
7.11804E+00 8.05114E+00 8.07833E+00 8.81225E+00 8.81694E+00 8.81901E+00 8.81869E+00 8.07777E+00 8.05114E+00 7.11804E+00 2.33121E+02
7.54656E+00 8.47613E+00 8.50349E+00 9.23422E+00 9.23894E+00 9.24107E+00 9.24078E+00 8.50293E+00 8.47613E+00 7.54656E+00 2.45422E+02
7.97930E+00 8.90546E+00 8.93299E+00 9.66062E+00 9.66538E+00 9.66755E+00 9.66729E+00 8.93242E+00 8.90546E+00 7.97930E+00 2.57802E+02
8.41601E+00 9.33884E+00 9.36654E+00 1.00912E+01 1.00960E+01 1.00982E+01 1.00979E+01 9.36596E+00 9.33884E+00 8.41601E+00 2.70253E+02
8.85640E+00 9.77600E+00 9.80387E+00 1.05256E+01 1.05304E+01 1.05327E+01 1.05325E+01 9.80328E+00 9.77600E+00 8.85640E+00 2.82764E+02
9.30024E+00 1.02167E+01 1.02447E+01 1.09636E+01 1.09685E+01 1.09708E+01 1.09706E+01 1.02441E+01 1.02167E+01 9.30024E+00 2.95326E+02
9.74729E+00 1.06607E+01 1.06889E+01 1.14050E+01 1.14099E+01 1.14122E+01 1.14121E+01 1.06883E+01 1.06607E+01 9.74729E+00 3.07932E+02
1.01973E+01 1.11078E+01 1.11361E+01 1.18495E+01 1.18544E+01 1.18569E+01 1.18567E+01 1.11355E+01 1.11078E+01 1.01973E+01 3.20574E+02
1.06502E+01 1.15577E+01 1.15862E+01 1.22970E+01 1.23019E+01 1.23044E+01 1.23043E+01 1.15856E+01 1.15577E+01 1.06502E+01 3.33245E+02
1.11056E+01 1.20103E+01 1.20389E+01 1.27472E+01 1.27521E+01 1.27546E+01 1.27546E+01 1.20383E+01 1.20103E+01 1.11056E+01 3.45938E+02
1.15634E+01 1.24653E+01 1.24941E+01 1.31999E+01 1.32049E+01 1.32074E+01 1.32074E+01 1.24935E+01 1.24653E+01 1.15634E+01 3.58648E+02
1.20234E+01 1.29227E+01 1.29516E+01 1.36549E+01 1.36599E+01 1.36625E+01 1.36625E+01 1.29509E+01 1.29227E+01 1.20234E+01 3.71369E+02
1.24855E+01 1.33821E+01 1.34112E+01 1.41121E+01 1.41172E+01 1.41198E+01 1.41198E+01 1.34105E+01 1.33821E+01 1.24855E+01 3.84095E+02
1.29494E+01 1.38435E+01 1.38727E+01 1.45713E+01 1.45764E+01 1.45791E+01 1.45791E+01 1.38721E+01 1.38435E+01 1.29494E+01 3.96822E+02
1.34152E+01 1.43067E+01 1.43361E+01 1.50324E+01 1.50375E+01 1.50403E+01 1.50403E+01 1.43354E+01 1.43067E+01 1.34152E+01 4.09546E+02
1.38825E+01 1.47716E+01 1.48010E+01 1.54952E+01 1.55003E+01 1.55031E+01 1.55032E+01 1.48004E+01 1.47716E+01 1.38825E+01 4.22262E+02
1.43512E+01 1.52379E+01 1.52675E+01 1.59595E+01 1.59647E+01 1.59675E+01 1.59676E+01 1.52669E+01 1.52379E+01 1.43512E+01 4.34967E+02
1.48213E+01 1.57057E+01 1.57354E+01 1.64253E+01 1.64305E+01 1.64333E+01 1.64335E+01 1.57347E+01 1.57057E+01 1.48213E+01 4.47657E+02
1.52927E+01 1.61747E+01 1.62046E+01 1.68923E+01 1.68975E+01 1.69005E+01 1.69006E+01 1.62039E+01 1.61747E+01 1.52927E+01 4.60328E+02
1.57651E+01 1.66449E+01 1.66749E+01 1.73606E+01 1.73658E+01 1.73688E+01 1.73690E+01 1.66742E+01 1.66449E+01 1.57651E+01 4.72978E+02
1.62385E+01 1.71161E+01 1.71462E+01 1.78299E+01 1.78352E+01 1.78382E+01 1.78384E+01 1.71455E+01 1.71161E+01 1.62385E+01 4.85603E+02
1.67128E+01 1.75882E+01 1.76184E+01 1.83002E+01 1.83055E+01 1.83085E+01 1.83088E+01 1.76177E+01 1.75882E+01 1.67128E+01 4.98202E+02
0.00000E+00 0.00000E+00 -4.03648E-02 7.94752E-01 7.98228E-01 7.98572E-01 7.97314E-01 -4.05921E-02 0.00000E+00 0.00000E+00 -1.59600E+00
0.00000E+00 0.00000E+00 6.57826E-04 8.17015E-01 8.20651E-01 8.21125E-01 8.19927E-01 3.89314E-04 0.00000E+00 0.00000E+00 -4.24481E-01
0.00000E+00 5.69152E-02 7.93971E-02 8.80364E-01 8.84138E-01 8.84732E-01 8.83592E-01 7.90931E-02 5.69152E-02 0.00000E+00 1.39449E+00
0.00000E+00 1.65242E-01 1.88329E-01 9.76091E-01 9.79987E-01 9.80694E-01 9.79610E-01 1.87993E-01 1.65242E-01 0.00000E+00 3.88710E+00
0.00000E+00 2.99180E-01 3.22818E-01 1.09896E+00 1.10297E+00 1.10378E+00 1.10275E+00 3.22453E-01 2.99180E-01 0.00000E+00 7.09470E+00
0.00000E+00 4.54884E-01 4.79029E-01 1.24481E+00 1.24892E+00 1.24984E+00 1.24886E+00 4.78638E-01 4.54884E-01 0.00000E+00 1.09935E+01
0.00000E+00 6.29441E-01 6.54054E-01 1.41049E+00 1.41469E+00 1.41571E+00 1.41479E+00 6.53639E-01 6.29441E-01 0.00000E+00 1.55441E+01
0.00000E+00 8.20567E-01 8.45618E-01 1.59355E+00 1.59784E+00 1.59896E+00 1.59808E+00 8.45180E-01 8.20567E-01 0.00000E+00 2.06993E+01
7.93874E-02 1.02051E+00 1.04597E+00 1.78614E+00 1.79051E+00 1.79172E+00 1.79089E+00 1.04551E+00 1.02051E+00 7.93874E-02 2.63254E+01
2.92934E-01 1.22614E+00 1.25198E+00 1.98501E+00 1.98945E+00 1.99076E+00 1.98998E+00 1.25150E+00 1.22614E+00 2.92934E-01 3.22985E+01
5.20193E-01 1.44599E+00 1.47220E+00 2.19856E+00 2.20307E+00 2.20447E+00 2.20374E+00 1.47171E+00 1.44599E+00 5.20193E-01 3.87001E+01
7.59937E-01 1.67879E+00 1.70536E+00 2.42545E+00 2.43003E+00 2.43152E+00 2.43084E+00 1.70484E+00 1.67879E+00 7.59937E-01 4.54959E+01
1.01109E+00 1.92341E+00 1.95031E+00 2.66451E+00 2.66916E+00 2.67073E+00 2.67010E+00 1.94978E+00 1.92341E+00 1.01109E+00 5.26525E+01
1.27271E+00 2.17886E+00 2.20607E+00 2.91471E+00 2.91942E+00 2.92108E+00 2.92049E+00 2.20552E+00 2.17886E+00 1.27271E+00 6.01384E+01
1.54394E+00 2.44424E+00 2.47176E+00 3.17513E+00 3.17990E+00 3.18165E+00 3.18110E+00 2.47119E+00 2.44424E+00 1.54394E+00 6.79239E+01
1.82402E+00 2.71876E+00 2.74658E+00 3.44495E+00 3.44978E+00 3.45160E+00 3.45111E+00 2.74600E+00 2.71876E+00 1.82402E+00 7.59812E+01
2.11225E+00 3.00171E+00 3.02982E+00 3.72342E+00 3.72831E+00 3.73022E+00 3.72976E+00 3.02922E+00 3.00171E+00 2.11225E+00 8.42844E+01
2.40802E+00 3.29243E+00 3.32082E+00 4.00989E+00 4.01482E+00 4.01681E+00 4.01640E+00 3.32021E+00 3.29243E+00 2.40802E+00 9.28094E+01
2.71075E+00 3.59034E+00 3.61900E+00 4.30372E+00 4.30871E+00 4.31078E+00 4.31041E+00 3.61837E+00 3.59034E+00 2.71075E+00 1.01534E+02
3.01992E+00 3.89489E+00 3.92381E+00 4.60438E+00 4.60942E+00 4.61156E+00 4.61124E+00 3.92317E+00 3.89489E+00 3.01992E+00 1.10438E+02
3.33504E+00 4.20559E+00 4.23475E+00 4.91134E+00 4.91643E+00 4.91865E+00 4.91837E+00 4.23410E+00 4.20559E+00 3.33504E+00 1.19502E+02
3.65567E+00 4.52196E+00 4.55137E+00 5.22414E+00 5.22928E+00 5.23157E+00 5.23133E+00 4.55071E+00 4.52196E+00 3.65567E+00 1.28709E+02
3.98141E+00 4.84361E+00 4.87325E+00 5.54234E+00 5.54752E+00 5.54989E+00 5.54969E+00 4.87258E+00 4.84361E+00 3.98141E+00 1.38042E+02
4.31186E+00 5.17012E+00 5.19999E+00 5.86554E+00 5.87076E+00 5.87321E+00 5.87305E+00 5.19931E+00 5.17012E+00 4.31186E+00 1.47488E+02
4.64668E+00 5.50114E+00 5.53124E+00 6.19337E+00 6.19864E+00 6.20115E+00 6.20103E+00 5.53054E+00 5.50114E+00 4.64668E+00 1.57032E+02
4.98554E+00 5.83633E+00 5.86665E+00 6.52548E+00 6.53079E+00 6.53337E+00 6.53329E+00 5.86594E+00 5.83633E+00 4.98554E+00 1.66661E+02
5.32813E+00 6.17537E+00 6.20591E+00 6.86155E+00 6.86690E+00 6.86956E+00 6.86952E+00 6.20518E+00 6.17537E+00 5.32813E+00 1.76365E+02
5.67418E+00 6.51798E+00 6.54872E+00 7.20129E+00 7.20667E+00 7.20940E+00 7.20940E+00 6.54799E+00 6.51798E+00 5.67418E+00 1.86134E+02
6.02340E+00 6.86388E+00 6.89483E+00 7.54440E+00 7.54983E+00 7.55263E+00 7.55266E+00 6.89409E+00 6.86388E+00 6.02340E+00 1.95956E+02
6.37556E+00 7.21282E+00 7.24397E+00 7.89065E+00 7.89611E+00 7.89897E+00 7.89905E+00 7.24321E+00 7.21282E+00 6.37556E+00 2.05823E+02
6.73043E+00 7.56455E+00 7.59589E+00 8.23977E+00 8.24527E+00 8.24820E+00 8.24831E+00 7.59513E+00 7.56455E+00 6.73043E+00 2.15728E+02
7.08777E+00 7.91886E+00 7.95039E+00 8.59154E+00 8.59708E+00 8.60007E+00 8.60022E+00 7.94962E+00 7.91886E+00 7.08777E+00 2.25662E+02
7.44740E+00 8.27554E+00 8.30725E+00 8.94575E+00 8.95133E+00 8.95439E+00 8.95457E+00 8.30647E+00 8.27554E+00 7.44740E+00 2.35619E+02
7.80911E+00 8.63438E+00 8.66628E+00 9.30220E+00 9.30781E+00 9.31093E+00 9.31116E+00 8.66549E+00 8.63438E+00 7.80911E+00 2.45592E+02
8.17273E+00 8.99521E+00 9.02729E+00 9.66070E+00 9.66634E+00 9.66953E+00 9.66979E+00 9.02649E+00 8.99521E+00 8.17273E+00 2.55576E+02
8.53809E+00 9.35785E+00 9.39010E+00 1.00211E+01 1.00268E+01 1.00300E+01 1.00303E+01 9.38929E+00 9.35785E+00 8.53809E+00 2.65564E+02
8.90503E+00 9.72214E+00 9.75456E+00 1.03832E+01 1.03889E+01 1.03922E+01 1.03925E+01 9.75374E+00 9.72214E+00 8.90503E+00 2.75553E+02
9.27340E+00 1.00879E+01 1.01205E+01 1.07468E+01 1.07525E+01 1.07559E+01 1.07563E+01 1.01197E+01 1.00879E+01 9.27340E+00 2.85537E+02
9.64306E+00 1.04551E+01 1.04878E+01 1.11118E+01 1.11176E+01 1.11210E+01 1.11215E+01 1.04870E+01 1.04551E+01 9.64306E+00 2.95512E+02
1.00139E+01 1.08234E+01 1.08563E+01 1.14781E+01 1.14839E+01 1.14874E+01 1.14879E+01 1.08555E+01 1.08234E+01 1.00139E+01 3.05475E+02
1.03857E+01 1.11929E+01 1.12259E+01 1.18456E+01 1.18514E+01 1.18550E+01 1.18555E+01 1.12251E+01 1.11929E+01 1.03857E+01 3.15422E+02
1.07585E+01 1.15633E+01 1.15965E+01 1.22141E+01 1.22199E+01 1.22235E+01 1.22240E+01 1.15956E+01 1.15633E+01 1.07585E+01 3.25350E+02
1.11320E+01 1.19345E+01 1.19679E+01 1.25834E+01 1.25893E+01 1.25930E+01 1.25935E+01 1.19671E+01 1.19345E+01 1.11320E+01 3.35255E+02
1.15063E+01 1.23065E+01 1.23401E+01 1.29536E+01 1.29595E+01 1.29632E+01 1.29638E+01 1.23392E+01 1.23065E+01 1.15063E+01 3.45135E+02
1.18812E+01 1.26792E+01 1.27129E+01 1.33244E+01 1.33304E+01 1.33342E+01 1.33348E+01 1.27120E+01 1.26792E+01 1.18812E+01 3.54988E+02
1.22565E+01 1.30524E+01 1.30863E+01 1.36958E+01 1.37018E+01 1.37057E+01 1.37063E+01 1.30854E+01 1.30524E+01 1.22565E+01 3.64812E+02
1.26323E+01 1.34261E+01 1.34601E+01 1.40678E+01 1.40738E+01 1.40777E+01 1.40784E+01 1.34592E+01 1.34261E+01 1.26323E+01 3.74603E+02
1.30084E+01 1.38001E+01 1.38343E+01 1.44401E+01 1.44461E+01 1.44501E+01 1.44508E+01 1.38334E+01 1.38001E+01 1.30084E+01 3.84361E+02
1.33848E+01 1.41745E+01 1.42087E+01 1.48128E+01 1.48188E+01 1.48229E+01 1.48236E+01 1.42078E+01 1.41745E+01 1.33848E+01 3.94083E+02
1.37613E+01 1.45491E+01 1.45835E+01 1.51857E+01 1.51918E+01 1.51959E+01 1.51967E+01 1.45825E+01 1.45491E+01 1.37613E+01 4.03768E+02
0.00000E+00 0.00000E+00 -3.78337E-02 7.03695E-01 7.07757E-01 7.08234E-01 7.06970E-01 -3.81896E-02 0.00000E+00 0.00000E+00 -1.53395E+00
0.00000E+00 0.00000E+00 4.34552E-03 7.28885E-01 7.33131E-01 7.33789E-01 7.32616E-01 3.93943E-03 0.00000E+00 0.00000E+00 -3.98190E-01
0.00000E+00 5.39942E-02 7.96046E-02 7.90201E-01 7.94604E-01 7.95428E-01 7.94343E-01 7.91555E-02 5.39942E-02 0.00000E+00 1.33939E+00
0.00000E+00 1.54494E-01 1.80804E-01 8.79434E-01 8.83975E-01 8.84956E-01 8.83953E-01 1.80317E-01 1.54494E-01 0.00000E+00 3.68208E+00
0.00000E+00 2.76652E-01 3.03598E-01 9.91697E-01 9.96363E-01 9.97494E-01 9.96571E-01 3.03076E-01 2.76652E-01 0.00000E+00 6.65140E+00
0.00000E+00 4.16928E-01 4.44457E-01 1.12316E+00 1.12794E+00 1.12922E+00 1.12837E+00 4.43903E-01 4.16928E-01 0.00000E+00 1.02116E+01
0.00000E+00 5.72672E-01 6.00740E-01 1.27097E+00 1.27586E+00 1.27727E+00 1.27649E+00 6.00158E-01 5.72672E-01 0.00000E+00 1.43167E+01
0.00000E+00 7.41833E-01 7.70405E-01 1.43292E+00 1.43790E+00 1.43945E+00 1.43875E+00 7.69795E-01 7.41833E-01 0.00000E+00 1.89169E+01
7.03568E-02 9.18177E-01 9.47217E-01 1.60269E+00 1.60777E+00 1.60944E+00 1.60881E+00 9.46582E-01 9.18177E-01 7.03568E-02 2.38797E+01
2.58618E-01 1.09920E+00 1.12868E+00 1.77767E+00 1.78283E+00 1.78463E+00 1.78407E+00 1.12802E+00 1.09920E+00 2.58618E-01 2.90899E+01
4.57607E-01 1.29142E+00 1.32132E+00 1.96426E+00 1.96950E+00 1.97142E+00 1.97093E+00 1.32064E+00 1.29142E+00 4.57607E-01 3.46323E+01
6.66250E-01 1.49372E+00 1.52402E+00 2.16127E+00 2.16659E+00 2.16863E+00 2.16820E+00 1.52332E+00 1.49372E+00 6.66250E-01 4.04753E+01
8.83616E-01 1.70511E+00 1.73579E+00 2.36769E+00 2.37309E+00 2.37524E+00 2.37488E+00 1.73507E+00 1.70511E+00 8.83616E-01 4.65888E+01
1.10889E+00 1.92473E+00 1.95578E+00 2.58263E+00 2.58809E+00 2.59037E+00 2.59007E+00 1.95504E+00 1.92473E+00 1.10889E+00 5.29450E+01
1.34133E+00 2.15183E+00 2.18323E+00 2.80530E+00 2.81083E+00 2.81322E+00 2.81298E+00 2.18247E+00 2.15183E+00 1.34133E+00 5.95180E+01
1.58031E+00 2.38573E+00 2.41747E+00 3.03500E+00 3.04059E+00 3.04309E+00 3.04291E+00 2.41669E+00 2.38573E+00 1.58031E+00 6.62840E+01
1.82524E+00 2.62583E+00 2.65789E+00 3.27110E+00 3.27675E+00 3.27935E+00 3.27924E+00 2.65709E+00 2.62583E+00 1.82524E+00 7.32211E+01
2.07560E+00 2.87157E+00 2.90395E+00 3.51303E+00 3.51875E+00 3.52146E+00 3.52140E+00 2.90314E+00 2.87157E+00 2.07560E+00 8.03094E+01
2.33091E+00 3.12247E+00 3.15515E+00 3.76030E+00 3.76607E+00 3.76888E+00 3.76889E+00 3.15433E+00 3.12247E+00 2.33091E+00 8.75305E+01
2.59074E+00 3.37808E+00 3.41106E+00 4.01243E+00 4.01826E+00 4.02117E+00 4.02124E+00 3.41021E+00 3.37808E+00 2.59074E+00 9.48679E+01
2.85470E+00 3.63799E+00 3.67125E+00 4.26901E+00 4.27489E+00 4.27791E+00 4.27803E+00 3.67039E+00 3.63799E+00 2.85470E+00 1.02306E+02
3.12242E+00 3.90183E+00 3.93537E+00 4.52964E+00 4.53558E+00 4.53870E+00 4.53887E+00 3.93449E+00 3.90183E+00 3.12242E+00 1.09832E+02
3.39358E+00 4.16924E+00 4.20305E+00 4.79399E+00 4.79997E+00 4.80319E+00 4.80342E+00 4.20216E+00 4.16924E+00 3.39358E+00 1.17432E+02
3.66787E+00 4.43993E+00 4.47400E+00 5.06172E+00 5.06775E+00 5.07106E+00 5.07135E+00 4.47310E+00 4.43993E+00 3.66787E+00 1.25095E+02
3.94501E+00 4.71359E+00 4.74792E+00 5.33253E+00 5.33861E+00 5.34202E+00 5.34236E+00 4.74700E+00 4.71359E+00 3.94501E+00 1.32811E+02
4.22474E+00 4.98996E+00 5.02453E+00 5.60615E+00 5.61228E+00 5.61578E+00 5.61618E+00 5.02361E+00 4.98996E+00 4.22474E+00 1.40570E+02
4.50682E+00 5.26880E+00 5.30361E+00 5.88233E+00 5.88850E+00 5.89209E+00 5.89255E+00 5.30267E+00 5.26880E+00 4.50682E+00 1.48364E+02
4.79102E+00 5.54986E+00 5.58491E+00 6.16082E+00 6.16704E+00 6.17073E+00 6.17123E+00 5.58396E+00 5.54986E+00 4.79102E+00 1.56184E+02
5.07715E+00 5.83295E+00 5.86822E+00 6.44142E+00 6.44768E+00 6.45146E+00 6.45201E+00 5.86726E+00 5.83295E+00 5.07715E+00 1.64024E+02
5.36500E+00 6.11785E+00 6.15335E+00 6.72392E+00 6.73022E+00 6.73408E+00 6.73469E+00 6.15237E+00 6.11785E+00 5.36500E+00 1.71877E+02
5.65440E+00 6.40439E+00 6.44011E+00 7.00813E+00 7.01447E+00 7.01842E+00 7.01908E+00 6.43912E+00 6.40439E+00 5.65440E+00 1.79738E+02
5.94519E+00 6.69240E+00 6.72833E+00 7.29387E+00 7.30025E+00 7.30429E+00 7.30500E+00 6.72733E+00 6.69240E+00 5.94519E+00 1.87599E+02
6.23720E+00 6.98171E+00 7.01785E+00 7.58099E+00 7.58741E+00 7.59153E+00 7.59229E+00 7.01685E+00 6.98171E+00 6.23720E+00 1.95458E+02
6.53030E+00 7.27219E+00 7.30853E+00 7.86932E+00 7.87578E+00 7.87999E+00 7.88080E+00 7.30751E+00 7.27219E+00 6.53030E+00 2.03309E+02
6.82435E+00 7.56368E+00 7.60023E+00 8.15874E+00 8.16524E+00 8.16953E+00 8.17039E+00 7.59920E+00 7.56368E+00 6.82435E+00 2.11149E+02
7.11923E+00 7.85607E+00 7.89281E+00 8.44911E+00 8.45564E+00 8.46001E+00 8.46092E+00 7.89177E+00 7.85607E+00 7.11923E+00 2.18973E+02
7.41481E+00 8.14923E+00 8.18616E+00 8.74029E+00 8.74686E+00 8.75132E+00 8.75227E+00 8.18511E+00 8.14923E+00 7.41481E+00 2.26779E+02
7.71099E+00 8.44304E+00 8.48016E+00 9.03219E+00 9.03879E+00 9.04333E+00 9.04433E+00 8.47910E+00 8.44304E+00 7.71099E+00 2.34563E+02
8.00766E+00 8.73741E+00 8.77471E+00 9.32469E+00 9.33132E+00 9.33594E+00 9.33699E+00 8.77365E+00 8.73741E+00 8.00766E+00 2.42323E+02
8.30473E+00 9.03223E+00 9.06972E+00 9.61768E+00 9.62435E+00 9.62905E+00 9.63015E+00 9.06864E+00 9.03223E+00 8.30473E+00 2.50056E+02
8.60211E+00 9.32741E+00 9.36508E+00 9.91108E+00 9.91779E+00 9.92257E+00 9.92371E+00 9.36399E+00 9.32741E+00 8.60211E+00 2.57760E+02
8.89972E+00 9.62287E+00 9.66071E+00 1.02048E+01 1.02115E+01 1.02164E+01 1.02176E+01 9.65961E+00 9.62287E+00 8.89972E+00 2.65433E+02
9.19747E+00 9.91852E+00 9.95653E+00 1.04988E+01 1.05055E+01 1.05105E+01 1.05117E+01 9.95543E+00 9.91852E+00 9.19747E+00 2.73073E+02
9.49529E+00 1.02143E+01 1.02525E+01 1.07929E+01 1.07997E+01 1.08047E+01 1.08060E+01 1.02514E+01 1.02143E+01 9.49529E+00 2.80678E+02
9.79312E+00 1.05101E+01 1.05485E+01 1.10871E+01 1.10939E+01 1.10990E+01 1.11003E+01 1.05473E+01 1.05101E+01 9.79312E+00 2.88247E+02
1.00909E+01 1.08059E+01 1.08444E+01 1.13813E+01 1.13881E+01 1.13933E+01 1.13947E+01 1.08433E+01 1.08059E+01 1.00909E+01 2.95779E+02
1.03885E+01 1.11016E+01 1.11403E+01 1.16754E+01 1.16823E+01 1.16876E+01 1.16890E+01 1.11392E+01 1.11016E+01 1.03885E+01 3.03273E+02
1.06860E+01 1.13972E+01 1.14360E+01 1.19695E+01 1.19764E+01 1.19817E+01 1.19832E+01 1.14349E+01 1.13972E+01 1.06860E+01 3.10726E+02
1.09832E+01 1.16926E+01 1.17316E+01 1.22634E+01 1.22703E+01 1.22757E+01 1.22772E+01 1.17304E+01 1.16926E+01 1.09832E+01 3.18140E+02
1.12802E+01 1.19877E+01 1.20268E+01 1.25570E+01 1.25640E+01 1.25695E+01 1.25710E+01 1.20257E+01 1.19877E+01 1.12802E+01 3.25512E+02
0.00000E+00 0.00000E+00 -3.47296E-02 6.22251E-01 6.26996E-01 6.27683E-01 6.26472E-01 -3.52503E-02 0.00000E+00 0.00000E+00 -1.48023E+00
0.00000E+00 0.00000E+00 8.54809E-03 6.50100E-01 6.55053E-01 6.55991E-01 6.54915E-01 7.96706E-03 0.00000E+00 0.00000E+00 -3.70437E-01
0.00000E+00 5.11927E-02 8.04705E-02 7.09356E-01 7.14486E-01 7.15653E-01 7.14702E-01 7.98381E-02 5.11927E-02 0.00000E+00 1.29431E+00
0.00000E+00 1.44327E-01 1.74410E-01 7.92420E-01 7.97706E-01 7.99089E-01 7.98257E-01 1.73732E-01 1.44327E-01 0.00000E+00 3.49700E+00
0.00000E+00 2.55560E-01 2.86372E-01 8.94809E-01 9.00236E-01 9.01823E-01 9.01104E-01 2.85653E-01 2.55560E-01 0.00000E+00 6.24259E+00
0.00000E+00 3.81676E-01 4.13157E-01 1.01305E+00 1.01861E+00 1.02039E+00 1.01978E+00 4.12400E-01 3.81676E-01 0.00000E+00 9.48638E+00
0.00000E+00 5.20304E-01 5.52401E-01 1.14459E+00 1.15026E+00 1.15223E+00 1.15172E+00 5.51611E-01 5.20304E-01 0.00000E+00 1.31783E+01
0.00000E+00 6.69625E-01 7.02296E-01 1.28747E+00 1.29325E+00 1.29540E+00 1.29499E+00 7.01474E-01 6.69625E-01 0.00000E+00 1.72684E+01
6.21573E-02 8.24682E-01 8.57888E-01 1.43665E+00 1.44254E+00 1.44486E+00 1.44455E+00 8.57037E-01 8.24682E-01 6.21573E-02 2.16280E+01
2.27584E-01 9.83490E-01 1.01720E+00 1.59007E+00 1.59605E+00 1.59854E+00 1.59832E+00 1.01632E+00 9.83490E-01 2.27584E-01 2.61522E+01
4.01217E-01 1.15094E+00 1.18512E+00 1.75248E+00 1.75855E+00 1.76120E+00 1.76108E+00 1.18422E+00 1.15094E+00 4.01217E-01 3.09275E+01
5.82134E-01 1.32605E+00 1.36069E+00 1.92288E+00 1.92903E+00 1.93184E+00 1.93181E+00 1.35976E+00 1.32605E+00 5.82134E-01 3.59251E+01
7.69540E-01 1.50799E+00 1.54306E+00 2.10038E+00 2.10662E+00 2.10959E+00 2.10965E+00 1.54211E+00 1.50799E+00 7.69540E-01 4.11187E+01
9.62741E-01 1.69603E+00 1.73151E+00 2.28424E+00 2.29055E+00 2.29368E+00 2.29382E+00 1.73054E+00 1.69603E+00 9.62741E-01 4.64843E+01
1.16113E+00 1.88953E+00 1.92541E+00 2.47378E+00 2.48017E+00 2.48344E+00 2.48367E+00 1.92441E+00 1.88953E+00 1.16113E+00 5.19999E+01
1.36417E+00 2.08792E+00 2.12419E+00 2.66842E+00 2.67488E+00 2.67830E+00 2.67862E+00 2.12317E+00 2.08792E+00 1.36417E+00 5.76456E+01
1.57138E+00 2.29071E+00 2.32734E+00 2.86764E+00 2.87417E+00 2.87773E+00 2.87813E+00 2.32631E+00 2.29071E+00 1.57138E+00 6.34034E+01
1.78233E+00 2.49745E+00 2.53443E+00 3.07098E+00 3.07757E+00 3.08128E+00 3.08176E+00 2.53338E+00 2.49745E+00 1.78233E+00 6.92570E+01
1.99664E+00 2.70772E+00 2.74505E+00 3.27801E+00 3.28466E+00 3.28851E+00 3.28907E+00 2.74398E+00 2.70772E+00 1.99664E+00 7.51919E+01
2.21396E+00 2.92118E+00 2.95884E+00 3.48836E+00 3.49508E+00 3.49906E+00 3.49970E+00 2.95775E+00 2.92118E+00 2.21396E+00 8.11949E+01
2.43397E+00 3.13749E+00 3.17547E+00 3.70169E+00 3.70847E+00 3.71258E+00 3.71330E+00 3.17436E+00 3.13749E+00 2.43397E+00 8.72541E+01
2.65639E+00 3.35634E+00 3.39464E+00 3.91770E+00 3.92453E+00 3.92878E+00 3.92957E+00 3.39351E+00 3.35634E+00 2.65639E+00 9.33589E+01
2.88095E+00 3.57748E+00 3.61608E+00 4.13609E+00 4.14298E+00 4.14736E+00 4.14822E+00 3.61494E+00 3.57748E+00 2.88095E+00 9.94997E+01
3.10742E+00 3.80065E+00 3.83954E+00 4.35663E+00 4.36357E+00 4.36807E+00 4.36901E+00 3.83838E+00 3.80065E+00 3.10742E+00 1.05668E+02
3.33557E+00 4.02563E+00 4.06480E+00 4.57906E+00 4.58605E+00 4.59068E+00 4.59169E+00 4.06363E+00 4.02563E+00 3.33557E+00 1.11856E+02
3.56522E+00 4.25220E+00 4.29165E+00 4.80318E+00 4.81023E+00 4.81497E+00 4.81606E+00 4.29046E+00 4.25220E+00 3.56522E+00 1.18056E+02
3.79616E+00 4.48018E+00 4.51990E+00 5.02879E+00 5.03589E+00 5.04076E+00 5.04191E+00 4.51870E+00 4.48018E+00 3.79616E+00 1.24263E+02
4.02825E+00 4.70940E+00 4.74937E+00 5.25571E+00 5.26286E+00 5.26784E+00 5.26907E+00 4.74816E+00 4.70940E+00 4.02825E+00 1.30470E+02
4.26131E+00 4.93968E+00 4.97991E+00 5.48378E+00 5.49097E+00 5.49607E+00 5.49737E+00 4.97868E+00 4.93968E+00 4.26131E+00 1.36674E+02
4.49521E+00 5.17088E+00 5.21136E+00 5.71283E+00 5.72007E+00 5.72529E+00 5.72666E+00 5.21012E+00 5.17088E+00 4.49521E+00 1.42868E+02
4.72982E+00 5.40287E+00 5.44359E+00 5.94274E+00 5.95002E+00 5.95536E+00 5.95679E+00 5.44234E+00 5.40287E+00 4.72982E+00 1.49050E+02
4.96500E+00 5.63551E+00 5.67647E+00 6.17336E+00 6.18069E+00 6.18614E+00 6.18764E+00 5.67521E+00 5.63551E+00 4.96500E+00 1.55216E+02
5.20065E+00 5.86869E+00 5.90989E+00 6.40458E+00 6.41195E+00 6.41751E+00 6.41908E+00 5.90861E+00 5.86869E+00 5.20065E+00 1.61361E+02
5.43667E+00 6.10231E+00 6.14373E+00 6.63629E+00 6.64370E+00 6.64938E+00 6.65101E+00 6.14245E+00 6.10231E+00 5.43667E+00 1.67484E+02
5.67296E+00 6.33625E+00 6.37790E+00 6.86839E+00 6.87583E+00 6.88162E+00 6.88331E+00 6.37660E+00 6.33625E+00 5.67296E+00 1.73582E+02
5.90942E+00 6.57044E+00 6.61230E+00 7.10077E+00 7.10826E+00 7.11415E+00 7.11591E+00 6.61099E+00 6.57044E+00 5.90942E+00 1.79652E+02
6.14597E+00 6.80477E+00 6.84685E+00 7.33335E+00 7.34088E+00 7.34687E+00 7.34869E+00 6.84553E+00 6.80477E+00 6.14597E+00 1.85693E+02
6.38254E+00 7.03918E+00 7.08147E+00 7.56605E+00 7.57361E+00 7.57972E+00 7.58160E+00 7.08014E+00 7.03918E+00 6.38254E+00 1.91702E+02
6.61906E+00 7.27359E+00 7.31608E+00 7.79879E+00 7.80639E+00 7.81260E+00 7.81454E+00 7.31474E+00 7.27359E+00 6.61906E+00 1.97679E+02
6.85546E+00 7.50793E+00 7.55062E+00 8.03150E+00 8.03914E+00 8.04545E+00 8.04745E+00 7.54927E+00 7.50793E+00 6.85546E+00 2.03620E+02
7.09168E+00 7.74213E+00 7.78502E+00 8.26412E+00 8.27179E+00 8.27820E+00 8.28027E+00 7.78366E+00 7.74213E+00 7.09168E+00 2.09526E+02
7.32765E+00 7.97614E+00 8.01922E+00 8.49657E+00 8.50428E+00 8.51080E+00 8.51292E+00 8.01786E+00 7.97614E+00 7.32765E+00 2.15396E+02
7.56333E+00 8.20990E+00 8.25317E+00 8.72882E+00 8.73656E+00 8.74318E+00 8.74536E+00 8.25180E+00 8.20990E+00 7.56333E+00 2.21227E+02
7.79868E+00 8.44337E+00 8.48682E+00 8.96080E+00 8.96858E+00 8.97529E+00 8.97754E+00 8.48544E+00 8.44337E+00 7.79868E+00 2.27020E+02
8.03363E+00 8.67648E+00 8.72012E+00 9.19247E+00 9.20028E+00 9.20709E+00 9.20940E+00 8.71873E+00 8.67648E+00 8.03363E+00 2.32773E+02
8.26816E+00 8.90921E+00 8.95303E+00 9.42378E+00 9.43162E+00 9.43853E+00 9.44089E+00 8.95162E+00 8.90921E+00 8.26816E+00 2.38486E+02
8.50222E+00 9.14150E+00 9.18550E+00 9.65469E+00 9.66256E+00 9.66957E+00 9.67199E+00 9.18409E+00 9.14150E+00 8.50222E+00 2.44159E+02
8.73577E+00 9.37333E+00 9.41750E+00 9.88516E+00 9.89307E+00 9.90016E+00 9.90264E+00 9.41608E+00 9.37333E+00 8.73577E+00 2.49791E+02
8.96878E+00 9.60465E+00 9.64899E+00 1.01152E+01 1.01231E+01 1.01303E+01 1.01328E+01 9.64756E+00 9.60465E+00 8.96878E+00 2.55382E+02
9.20123E+00 9.83543E+00 9.87994E+00 1.03446E+01 1.03526E+01 1.03599E+01 1.03625E+01 9.87851E+00 9.83543E+00 9.20123E+00 2.60931E+02
0.00000E+00 0.00000E+00 -3.08967E-02 5.49498E-01 5.55032E-01 5.56044E-01 5.54977E-01 -3.16268E-02 0.00000E+00 0.00000E+00 -1.43272E+00
0.00000E+00 0.00000E+00 1.33617E-02 5.79700E-01 5.85468E-01 5.86825E-01 5.85949E-01 1.25601E-02 0.00000E+00 0.00000E+00 -3.39432E-01
0.00000E+00 4.84853E-02 8.20526E-02 6.36848E-01 6.42814E-01 6.44485E-01 6.43784E-01 8.11905E-02 4.84853E-02 0.00000E+00 1.26004E+00
0.00000E+00 1.34673E-01 1.69160E-01 7.14042E-01 7.20182E-01 7.22146E-01 7.21610E-01 1.68244E-01 1.34673E-01 0.00000E+00 3.33142E+00
0.00000E+00 2.35765E-01 2.71084E-01 8.07238E-01 8.13535E-01 8.15777E-01 8.15397E-01 2.70121E-01 2.35765E-01 0.00000E+00 5.86632E+00
0.00000E+00 3.48892E-01 3.84971E-01 9.13335E-01 9.19775E-01 9.22281E-01 9.22050E-01 3.83965E-01 3.48892E-01 0.00000E+00 8.81402E+00
0.00000E+00 4.71958E-01 5.08739E-01 1.03007E+00 1.03664E+00 1.03940E+00 1.03931E+00 5.07693E-01 4.71958E-01 0.00000E+00 1.21229E+01
0.00000E+00 6.03378E-01 6.40809E-01 1.15574E+00 1.16243E+00 1.16543E+00 1.16548E+00 6.39727E-01 6.03378E-01 0.00000E+00 1.57442E+01
5.47230E-02 7.39259E-01 7.77295E-01 1.28639E+00 1.29319E+00 1.29642E+00 1.29660E+00 7.76179E-01 7.39259E-01 5.47230E-02 1.95562E+01
1.99561E-01 8.78044E-01 9.16646E-01 1.42036E+00 1.42726E+00 1.43072E+00 1.43103E+00 9.15499E-01 8.78044E-01 1.99561E-01 2.34649E+01
3.50494E-01 1.02332E+00 1.06246E+00 1.56114E+00 1.56815E+00 1.57182E+00 1.57226E+00 1.06128E+00 1.02332E+00 3.50494E-01 2.75566E+01
5.06743E-01 1.17426E+00 1.21391E+00 1.70788E+00 1.71498E+00 1.71886E+00 1.71942E+00 1.21270E+00 1.17426E+00 5.06743E-01 3.18061E+01
6.67644E-01 1.33016E+00 1.37030E+00 1.85982E+00 1.86701E+00 1.87111E+00 1.87179E+00 1.36907E+00 1.33016E+00 6.67644E-01 3.61909E+01
8.32623E-01 1.49042E+00 1.53102E+00 2.01635E+00 2.02362E+00 2.02792E+00 2.02872E+00 1.52976E+00 1.49042E+00 8.32623E-01 4.06907E+01
1.00118E+00 1.65450E+00 1.69555E+00 2.17690E+00 2.18426E+00 2.18876E+00 2.18967E+00 1.69427E+00 1.65450E+00 1.00118E+00 4.52873E+01
1.17288E+00 1.82195E+00 1.86342E+00 2.34101E+00 2.34844E+00 2.35313E+00 2.35415E+00 1.86212E+00 1.82195E+00 1.17288E+00 4.99647E+01
1.34733E+00 1.99235E+00 2.03424E+00 2.50823E+00 2.51574E+00 2.52062E+00 2.52175E+00 2.03292E+00 1.99235E+00 1.34733E+00 5.47084E+01
1.52419E+00 2.16536E+00 2.20764E+00 2.67820E+00 2.68578E+00 2.69085E+00 2.69209E+00 2.20629E+00 2.16536E+00 1.52419E+00 5.95056E+01
1.70315E+00 2.34063E+00 2.38330E+00 2.85059E+00 2.85823E+00 2.86348E+00 2.86483E+00 2.38193E+00 2.34063E+00 1.70315E+00 6.43450E+01
1.88395E+00 2.51790E+00 2.56093E+00 3.02508E+00 3.03280E+00 3.03822E+00 3.03968E+00 2.55955E+00 2.51790E+00 1.88395E+00 6.92166E+01
2.06634E+00 2.69689E+00 2.74028E+00 3.20143E+00 3.20921E+00 3.21481E+00 3.21636E+00 2.73888E+00 2.69689E+00 2.06634E+00 7.41114E+01
2.25008E+00 2.87739E+00 2.92112E+00 3.37938E+00 3.38722E+00 3.39299E+00 3.39465E+00 2.91970E+00 2.87739E+00 2.25008E+00 7.90214E+01
2.43500E+00 3.05917E+00 3.10323E+00 3.55872E+00 3.56662E+00 3.57256E+00 3.57431E+00 3.10179E+00 3.05917E+00 2.43500E+00 8.39398E+01
2.62089E+00 3.24204E+00 3.28644E+00 3.73924E+00 3.74720E+00 3.75331E+00 3.75516E+00 3.28498E+00 3.24204E+00 2.62089E+00 8.88603E+01
2.80761E+00 3.42585E+00 3.47056E+00 3.92078E+00 3.92880E+00 3.93507E+00 3.93702E+00 3.46908E+00 3.42585E+00 2.80761E+00 9.37774E+01
2.99499E+00 3.61043E+00 3.65544E+00 4.10317E+00 4.11124E+00 4.11767E+00 4.11972E+00 3.65395E+00 3.61043E+00 2.99499E+00 9.86863E+01
3.18291E+00 3.79563E+00 3.84094E+00 4.28627E+00 4.29439E+00 4.30098E+00 4.30311E+00 3.83944E+00 3.79563E+00 3.18291E+00 1.03583E+02
3.37124E+00 3.98133E+00 4.02693E+00 4.46993E+00 4.47810E+00 4.48485E+00 4.48708E+00 4.02541E+00 3.98133E+00 3.37124E+00 1.08463E+02
3.55988E+00 4.16742E+00 4.21330E+00 4.65404E+00 4.66227E+00 4.66916E+00 4.67148E+00 4.21177E+00 4.16742E+00 3.55988E+00 1.13323E+02
3.74870E+00 4.35377E+00 4.39993E+00 4.83848E+00 4.84676E+00 4.85381E+00 4.85622E+00 4.39838E+00 4.35377E+00 3.74870E+00 1.18161E+02
3.93763E+00 4.54030E+00 4.58673E+00 5.02316E+00 5.03149E+00 5.03868E+00 5.04118E+00 4.58517E+00 4.54030E+00 3.93763E+00 1.22974E+02
4.12657E+00 4.72692E+00 4.77360E+00 5.20798E+00 5.21635E+00 5.22369E+00 5.22628E+00 4.77204E+00 4.72692E+00 4.12657E+00 1.27759E+02
4.31545E+00 4.91354E+00 4.96048E+00 5.39285E+00 5.40127E+00 5.40876E+00 5.41143E+00 4.95890E+00 4.91354E+00 4.31545E+00 1.32515E+02
4.50419E+00 5.10008E+00 5.14727E+00 5.57770E+00 5.58616E+00 5.59379E+00 5.59655E+00 5.14568E+00 5.10008E+00 4.50419E+00 1.37240E+02
4.69273E+00 5.28648E+00 5.33392E+00 5.76245E+00 5.77095E+00 5.77873E+00 5.78157E+00 5.33231E+00 5.28648E+00 4.69273E+00 1.41932E+02
4.88101E+00 5.47268E+00 5.52035E+00 5.94704E+00 5.95559E+00 5.96350E+00 5.96642E+00 5.51873E+00 5.47268E+00 4.88101E+00 1.46591E+02
5.06898E+00 5.65861E+00 5.70652E+00 6.13141E+00 6.14000E+00 6.14805E+00 6.15105E+00 5.70489E+00 5.65861E+00 5.06898E+00 1.51214E+02
5.25657E+00 5.84422E+00 5.89236E+00 6.31550E+00 6.32413E+00 6.33231E+00 6.33540E+00 5.89072E+00 5.84422E+00 5.25657E+00 1.55802E+02
5.44375E+00 6.02947E+00 6.07783E+00 6.49926E+00 6.50793E+00 6.51625E+00 6.51942E+00 6.07618E+00 6.02947E+00 5.44375E+00 1.60353E+02
5.63047E+00 6.21431E+00 6.26288E+00 6.68265E+00 6.69136E+00 6.69981E+00 6.70306E+00 6.26122E+00 6.21431E+00 5.63047E+00 1.64866E+02
5.81670E+00 6.39869E+00 6.44748E+00 6.86562E+00 6.87437E+00 6.88295E+00 6.88627E+00 6.44581E+00 6.39869E+00 5.81670E+00 1.69342E+02
6.00239E+00 6.58258E+00 6.63159E+00 7.04814E+00 7.05692E+00 7.06563E+00 7.06903E+00 6.62990E+00 6.58258E+00 6.00239E+00 1.73779E+02
6.18752E+00 6.76595E+00 6.81516E+00 7.23016E+00 7.23897E+00 7.24782E+00 7.25130E+00 6.81347E+00 6.76595E+00 6.18752E+00 1.78178E+02
6.37205E+00 6.94877E+00 6.99818E+00 7.41165E+00 7.42051E+00 7.42947E+00 7.43303E+00 6.99648E+00 6.94877E+00 6.37205E+00 1.82538E+02
6.55596E+00 7.13099E+00 7.18060E+00 7.59259E+00 7.60148E+00 7.61058E+00 7.61421E+00 7.17889E+00 7.13099E+00 6.55596E+00 1.86858E+02
6.73923E+00 7.31261E+00 7.36242E+00 7.77295E+00 7.78187E+00 7.79109E+00 7.79480E+00 7.36070E+00 7.31261E+00 6.73923E+00 1.91140E+02
6.92183E+00 7.49359E+00 7.54359E+00 7.95270E+00 7.96166E+00 7.97100E+00 7.97478E+00 7.54186E+00 7.49359E+00 6.92183E+00 1.95382E+02
7.10373E+00 7.67392E+00 7.72410E+00 8.13182E+00 8.14081E+00 8.15027E+00 8.15412E+00 7.72237E+00 7.67392E+00 7.10373E+00 1.99584E+02
7.28493E+00 7.85357E+00 7.90394E+00 8.31028E+00 8.31931E+00 8.32889E+00 8.33282E+00 7.90219E+00 7.85357E+00 7.28493E+00 2.03748E+02
7.46540E+00 8.03252E+00 8.08307E+00 8.48808E+00 8.49713E+00 8.50683E+00 8.51083E+00 8.08132E+00 8.03252E+00 7.46540E+00 2.07872E+02
0.00000E+00 0.00000E+00 -2.61702E-02 4.84624E-01 4.91064E-01 4.92566E-01 4.91765E-01 -2.71643E-02 0.00000E+00 0.00000E+00 -1.38863E+00
0.00000E+00 0.00000E+00 1.88933E-02 5.16839E-01 5.23539E-01 5.25513E-01 5.24976E-01 1.78159E-02 0.00000E+00 0.00000E+00 -3.02771E-01
0.00000E+00 4.58504E-02 8.44232E-02 5.71815E-01 5.78734E-01 5.81136E-01 5.80840E-01 8.32761E-02 4.58504E-02 0.00000E+00 1.23792E+00
0.00000E+00 1.25470E-01 1.65086E-01 6.43413E-01 6.50524E-01 6.53324E-01 6.53252E-01 1.63878E-01 1.25470E-01 0.00000E+00 3.18537E+00
0.00000E+00 2.17148E-01 2.57705E-01 7.28051E-01 7.35334E-01 7.38508E-01 7.38649E-01 2.56443E-01 2.17148E-01 0.00000E+00 5.52122E+00
0.00000E+00 3.18363E-01 3.59778E-01 8.22999E-01 8.30439E-01 8.33968E-01 8.34310E-01 3.58467E-01 3.18363E-01 0.00000E+00 8.19147E+00
0.00000E+00 4.27296E-01 4.69500E-01 9.26293E-01 9.33875E-01 9.37742E-01 9.38277E-01 4.68144E-01 4.27296E-01 0.00000E+00 1.11451E+01
0.00000E+00 5.42583E-01 5.85518E-01 1.03646E+00 1.04417E+00 1.04836E+00 1.04908E+00 5.84121E-01 5.42583E-01 0.00000E+00 1.43361E+01
4.79932E-02 6.61215E-01 7.04828E-01 1.15042E+00 1.15826E+00 1.16276E+00 1.16365E+00 7.03393E-01 6.61215E-01 4.79932E-02 1.76517E+01
1.74301E-01 7.81985E-01 8.26230E-01 1.26690E+00 1.27485E+00 1.27965E+00 1.28072E+00 8.24761E-01 7.81985E-01 1.74301E-01 2.10091E+01
3.04952E-01 9.07460E-01 9.52304E-01 1.38838E+00 1.39644E+00 1.40152E+00 1.40276E+00 9.50803E-01 9.07460E-01 3.04952E-01 2.44931E+01
4.39304E-01 1.03696E+00 1.08237E+00 1.51413E+00 1.52229E+00 1.52766E+00 1.52905E+00 1.08084E+00 1.03696E+00 4.39304E-01 2.80825E+01
5.76814E-01 1.16989E+00 1.21584E+00 1.64354E+00 1.65180E+00 1.65744E+00 1.65900E+00 1.21428E+00 1.16989E+00 5.76814E-01 3.17582E+01
7.17017E-01 1.30577E+00 1.35224E+00 1.77610E+00 1.78445E+00 1.79036E+00 1.79207E+00 1.35065E+00 1.30577E+00 7.17017E-01 3.55040E+01
8.59513E-01 1.44417E+00 1.49114E+00 1.91137E+00 1.91980E+00 1.92597E+00 1.92783E+00 1.48952E+00 1.44417E+00 8.59513E-01 3.93051E+01
1.00395E+00 1.58473E+00 1.63216E+00 2.04894E+00 2.05746E+00 2.06388E+00 2.06589E+00 1.63052E+00 1.58473E+00 1.00395E+00 4.31489E+01
1.15004E+00 1.72711E+00 1.77500E+00 2.18849E+00 2.19709E+00 2.20376E+00 2.20592E+00 1.77334E+00 1.72711E+00 1.15004E+00 4.70244E+01
1.29750E+00 1.87104E+00 1.91936E+00 2.32973E+00 2.33840E+00 2.34531E+00 2.34761E+00 1.91768E+00 1.87104E+00 1.29750E+00 5.09219E+01
1.44610E+00 2.01626E+00 2.06501E+00 2.47238E+00 2.48113E+00 2.48828E+00 2.49072E+00 2.06330E+00 2.01626E+00 1.44610E+00 5.48328E+01
1.59564E+00 2.16257E+00 2.21172E+00 2.61622E+00 2.62504E+00 2.63242E+00 2.63500E+00 2.20999E+00 2.16257E+00 1.59564E+00 5.87499E+01
1.74592E+00 2.30975E+00 2.35929E+00 2.76104E+00 2.76993E+00 2.77754E+00 2.78025E+00 2.35754E+00 2.30975E+00 1.74592E+00 6.26668E+01
1.89679E+00 2.45764E+00 2.50756E+00 2.90667E+00 2.91562E+00 2.92346E+00 2.92630E+00 2.50579E+00 2.45764E+00 1.89679E+00 6.65778E+01
2.04809E+00 2.60607E+00 2.65636E+00 3.05294E+00 3.06195E+00 3.07001E+00 3.07298E+00 2.65458E+00 2.60607E+00 2.04809E+00 7.04781E+01
2.19970E+00 2.75492E+00 2.80556E+00 3.19969E+00 3.20877E+00 3.21704E+00 3.22014E+00 2.80376E+00 2.75492E+00 2.19970E+00 7.43636E+01
2.35150E+00 2.90405E+00 2.95504E+00 3.34681E+00 3.35595E+00 3.36443E+00 3.36766E+00 2.95322E+00 2.90405E+00 2.35150E+00 7.82306E+01
2.50338E+00 3.05336E+00 3.10468E+00 3.49417E+00 3.50337E+00 3.51206E+00 3.51541E+00 3.10284E+00 3.05336E+00 2.50338E+00 8.20760E+01
2.65524E+00 3.20274E+00 3.25438E+00 3.64168E+00 3.65093E+00 3.65982E+00 3.66329E+00 3.25253E+00 3.20274E+00 2.65524E+00 8.58971E+01
2.80701E+00 3.35209E+00 3.40405E+00 3.78922E+00 3.79853E+00 3.80762E+00 3.81121E+00 3.40218E+00 3.35209E+00 2.80701E+00 8.96916E+01
2.95860E+00 3.50135E+00 3.55361E+00 3.93672E+00 3.94608E+00 3.95537E+00 3.95908E+00 3.55173E+00 3.50135E+00 2.95860E+00 9.34574E+01
3.10994E+00 3.65043E+00 3.70299E+00 4.08410E+00 4.09352E+00 4.10300E+00 4.10683E+00 3.70110E+00 3.65043E+00 3.10994E+00 9.71929E+01
3.26097E+00 3.79927E+00 3.85212E+00 4.23129E+00 4.24076E+00 4.25043E+00 4.25437E+00 3.85021E+00 3.79927E+00 3.26097E+00 1.00897E+02
3.41163E+00 3.94780E+00 4.00093E+00 4.37823E+00 4.38774E+00 4.39761E+00 4.40166E+00 3.99901E+00 3.94780E+00 3.41163E+00 1.04567E+02
3.56188E+00 4.09598E+00 4.14939E+00 4.52486E+00 4.53442E+00 4.54447E+00 4.54863E+00 4.14746E+00 4.09598E+00 3.56188E+00 1.08204E+02
3.71167E+00 4.24375E+00 4.29743E+00 4.67112E+00 4.68073E+00 4.69097E+00 4.69524E+00 4.29548E+00 4.24375E+00 3.71167E+00 1.11806E+02
3.86095E+00 4.39107E+00 4.44501E+00 4.81698E+00 4.82663E+00 4.83705E+00 4.84143E+00 4.44306E+00 4.39107E+00 3.86095E+00 1.15373E+02
4.00969E+00 4.53790E+00 4.59210E+00 4.96238E+00 4.97208E+00 4.98268E+00 4.98717E+00 4.59013E+00 4.53790E+00 4.00969E+00 1.18904E+02
4.15785E+00 4.68421E+00 4.73866E+00 5.10730E+00 5.11704E+00 5.12781E+00 5.13241E+00 4.73668E+00 4.68421E+00 4.15785E+00 1.22398E+02
4.30541E+00 4.82995E+00 4.88465E+00 5.25169E+00 5.26148E+00 5.27242E+00 5.27712E+00 4.88266E+00 4.82995E+00 4.30541E+00 1.25856E+02
4.45234E+00 4.97511E+00 5.03005E+00 5.39553E+00 5.40536E+00 5.41647E+00 5.42128E+00 5.02805E+00 4.97511E+00 4.45234E+00 1.29277E+02
4.59861E+00 5.11965E+00 5.17483E+00 5.53879E+00 5.54866E+00 5.55994E+00 5.56485E+00 5.17281E+00 5.11965E+00 4.59861E+00 1.32661E+02
4.74421E+00 5.26356E+00 5.31896E+00 5.68144E+00 5.69135E+00 5.70280E+00 5.70781E+00 5.31694E+00 5.26356E+00 4.74421E+00 1.36008E+02
4.88911E+00 5.40681E+00 5.46244E+00 5.82346E+00 5.83341E+00 5.84503E+00 5.85014E+00 5.46041E+00 5.40681E+00 4.88911E+00 1.39319E+02
5.03329E+00 5.54938E+00 5.60523E+00 5.96484E+00 5.97482E+00 5.98660E+00 5.99181E+00 5.60319E+00 5.54938E+00 5.03329E+00 1.42592E+02
5.17674E+00 5.69126E+00 5.74732E+00 6.10554E+00 6.11557E+00 6.12751E+00 6.13282E+00 5.74527E+00 5.69126E+00 5.17674E+00 1.45828E+02
5.31945E+00 5.83242E+00 5.88871E+00 6.24557E+00 6.25563E+00 6.26773E+00 6.27313E+00 5.88664E+00 5.83242E+00 5.31945E+00 1.49029E+02
5.46141E+00 5.97287E+00 6.02936E+00 6.38489E+00 6.39499E+00 6.40725E+00 6.41275E+00 6.02729E+00 5.97287E+00 5.46141E+00 1.52192E+02
5.60260E+00 6.11258E+00 6.16928E+00 6.52351E+00 6.53365E+00 6.54606E+00 6.55166E+00 6.16720E+00 6.11258E+00 5.60260E+00 1.55320E+02
5.74302E+00 6.25155E+00 6.30845E+00 6.66141E+00 6.67158E+00 6.68415E+00 6.68984E+00 6.30636E+00 6.25155E+00 5.74302E+00 1.58412E+02
5.88266E+00 6.38977E+00 6.44687E+00 6.79858E+00 6.80878E+00 6.82151E+00 6.82729E+00 6.44477E+00 6.38977E+00 5.88266E+00 1.61468E+02
6.02152E+00 6.52723E+00 6.58452E+00 6.93501E+00 6.94525E+00 6.95812E+00 6.96399E+00 6.58242E+00 6.52723E+00 6.02152E+00 1.64489E+02
0.00000E+00 0.00000E+00 -2.03790E-02 4.26915E-01 4.34386E-01 4.36620E-01 4.36247E-01 -2.17032E-02 0.00000E+00 0.00000E+00 -1.34410E+00
0.00000E+00 0.00000E+00 2.52600E-02 4.60772E-01 4.68527E-01 4.71404E-01 4.71390E-01 2.38412E-02 0.00000E+00 0.00000E+00 -2.57217E-01
0.00000E+00 4.32707E-02 8.76696E-02 5.13504E-01 5.21498E-01 5.24952E-01 5.25264E-01 8.61721E-02 4.32707E-02 0.00000E+00 1.22994E+00
0.00000E+00 1.16668E-01 1.62239E-01 5.79762E-01 5.87964E-01 5.91954E-01 5.92568E-01 1.60674E-01 1.16668E-01 0.00000E+00 3.05952E+00
0.00000E+00 1.99604E-01 2.46229E-01 6.56433E-01 6.64821E-01 6.69314E-01 6.70212E-01 2.44603E-01 1.99604E-01 0.00000E+00 5.20651E+00
0.00000E+00 2.89902E-01 3.37484E-01 7.41157E-01 7.49714E-01 7.54681E-01 7.55848E-01 3.35804E-01 2.89902E-01 0.00000E+00 7.61626E+00
0.00000E+00 3.86010E-01 4.34471E-01 8.32251E-01 8.40961E-01 8.46378E-01 8.47802E-01 4.32742E-01 3.86010E-01 0.00000E+00 1.02402E+01
0.00000E+00 4.86778E-01 5.36049E-01 9.28464E-01 9.37316E-01 9.43162E-01 9.44831E-01 5.34276E-01 4.86778E-01 0.00000E+00 1.30366E+01
4.19122E-02 5.89919E-01 6.39939E-01 1.02746E+00 1.03644E+00 1.04269E+00 1.04460E+00 6.38126E-01 5.89919E-01 4.19122E-02 1.59027E+01
1.51574E-01 6.94512E-01 7.45231E-01 1.12824E+00 1.13734E+00 1.14399E+00 1.14612E+00 7.43381E-01 6.94512E-01 1.51574E-01 1.87674E+01
2.64144E-01 8.02344E-01 8.53722E-01 1.23252E+00 1.24174E+00 1.24877E+00 1.25112E+00 8.51837E-01 8.02344E-01 2.64144E-01 2.17128E+01
3.79105E-01 9.12858E-01 9.64860E-01 1.33971E+00 1.34903E+00 1.35643E+00 1.35900E+00 9.62943E-01 9.12858E-01 3.79105E-01 2.47212E+01
4.96024E-01 1.02559E+00 1.07818E+00 1.44931E+00 1.45874E+00 1.46650E+00 1.46927E+00 1.07624E+00 1.02559E+00 4.96024E-01 2.77777E+01
6.14537E-01 1.14015E+00 1.19330E+00 1.56092E+00 1.57044E+00 1.57855E+00 1.58153E+00 1.19133E+00 1.14015E+00 6.14537E-01 3.08692E+01
7.34334E-01 1.25619E+00 1.30989E+00 1.67418E+00 1.68380E+00 1.69224E+00 1.69542E+00 1.30789E+00 1.25619E+00 7.34334E-01 3.39845E+01
8.55149E-01 1.37345E+00 1.42766E+00 1.78879E+00 1.79850E+00 1.80727E+00 1.81064E+00 1.42563E+00 1.37345E+00 8.55149E-01 3.71141E+01
9.76752E-01 1.49166E+00 1.54637E+00 1.90449E+00 1.91428E+00 1.92338E+00 1.92694E+00 1.54431E+00 1.49166E+00 9.76752E-01 4.02499E+01
1.09894E+00 1.61062E+00 1.66580E+00 2.02106E+00 2.03093E+00 2.04034E+00 2.04409E+00 1.66372E+00 1.61062E+00 1.09894E+00 4.33849E+01
1.22155E+00 1.73013E+00 1.78577E+00 2.13829E+00 2.14824E+00 2.15796E+00 2.16188E+00 1.78367E+00 1.73013E+00 1.22155E+00 4.65131E+01
1.34443E+00 1.85004E+00 1.90612E+00 2.25602E+00 2.26604E+00 2.27606E+00 2.28017E+00 1.90400E+00 1.85004E+00 1.34443E+00 4.96296E+01
1.46743E+00 1.97021E+00 2.02670E+00 2.37409E+00 2.38419E+00 2.39450E+00 2.39878E+00 2.02456E+00 1.97021E+00 1.46743E+00 5.27299E+01
1.59046E+00 2.09050E+00 2.14740E+00 2.49238E+00 2.50254E+00 2.51315E+00 2.51760E+00 2.14525E+00 2.09050E+00 1.59046E+00 5.58106E+01
1.71339E+00 2.21081E+00 2.26811E+00 2.61076E+00 2.62099E+00 2.63188E+00 2.63650E+00 2.26593E+00 2.21081E+00 1.71339E+00 5.88685E+01
1.83615E+00 2.33104E+00 2.38872E+00 2.72914E+00 2.73943E+00 2.75060E+00 2.75538E+00 2.38652E+00 2.33104E+00 1.83615E+00 6.19010E+01
1.95866E+00 2.45110E+00 2.50915E+00 2.84741E+00 2.85777E+00 2.86921E+00 2.87415E+00 2.50694E+00 2.45110E+00 1.95866E+00 6.49061E+01
2.08084E+00 2.57092E+00 2.62932E+00 2.96551E+00 2.97593E+00 2.98764E+00 2.99274E+00 2.62710E+00 2.57092E+00 2.08084E+00 6.78819E+01
2.20263E+00 2.69043E+00 2.74918E+00 3.08336E+00 3.09384E+00 3.10580E+00 3.11106E+00 2.74694E+00 2.69043E+00 2.20263E+00 7.08270E+01
2.32397E+00 2.80957E+00 2.86866E+00 3.20089E+00 3.21143E+00 3.22365E+00 3.22906E+00 2.86640E+00 2.80957E+00 2.32397E+00 7.37402E+01
2.44483E+00 2.92829E+00 2.98770E+00 3.31805E+00 3.32865E+00 3.34112E+00 3.34669E+00 2.98543E+00 2.92829E+00 2.44483E+00 7.66205E+01
2.56515E+00 3.04654E+00 3.10627E+00 3.43480E+00 3.44545E+00 3.45817E+00 3.46388E+00 3.10399E+00 3.04654E+00 2.56515E+00 7.94672E+01
2.68490E+00 3.16428E+00 3.22432E+00 3.55108E+00 3.56178E+00 3.57475E+00 3.58061E+00 3.22202E+00 3.16428E+00 2.68490E+00 8.22797E+01
2.80405E+00 3.28148E+00 3.34181E+00 3.66686E+00 3.67761E+00 3.69082E+00 3.69682E+00 3.33950E+00 3.28148E+00 2.80405E+00 8.50577E+01
2.92256E+00 3.39809E+00 3.45872E+00 3.78210E+00 3.79290E+00 3.80634E+00 3.81249E+00 3.45640E+00 3.39809E+00 2.92256E+00 8.78007E+01
3.04042E+00 3.51410E+00 3.57501E+00 3.89677E+00 3.90762E+00 3.92130E+00 3.92759E+00 3.57268E+00 3.51410E+00 3.04042E+00 9.05087E+01
3.15759E+00 3.62947E+00 3.69066E+00 4.01084E+00 4.02174E+00 4.03565E+00 4.04208E+00 3.68832E+00 3.62947E+00 3.15759E+00 9.31817E+01
3.27406E+00 3.74420E+00 3.80566E+00 4.12430E+00 4.13525E+00 4.14939E+00 4.15595E+00 3.80330E+00 3.74420E+00 3.27406E+00 9.58195E+01
3.38982E+00 3.85825E+00 3.91997E+00 4.23712E+00 4.24811E+00 4.26247E+00 4.26918E+00 3.91761E+00 3.85825E+00 3.38982E+00 9.84223E+01
3.50484E+00 3.97161E+00 4.03359E+00 4.34929E+00 4.36032E+00 4.37490E+00 4.38174E+00 4.03122E+00 3.97161E+00 3.50484E+00 1.00990E+02
3.61913E+00 4.08427E+00 4.14651E+00 4.46078E+00 4.47185E+00 4.48665E+00 4.49362E+00 4.14412E+00 4.08427E+00 3.61913E+00 1.03524E+02
3.73266E+00 4.19621E+00 4.25870E+00 4.57159E+00 4.58270E+00 4.59772E+00 4.60482E+00 4.25630E+00 4.19621E+00 3.73266E+00 1.06023E+02
3.84542E+00 4.30743E+00 4.37016E+00 4.68169E+00 4.69285E+00 4.70808E+00 4.71531E+00 4.36775E+00 4.30743E+00 3.84542E+00 1.08488E+02
3.95742E+00 4.41792E+00 4.48088E+00 4.79110E+00 4.80229E+00 4.81773E+00 4.82509E+00 4.47847E+00 4.41792E+00 3.95742E+00 1.10919E+02
4.06865E+00 4.52766E+00 4.59086E+00 4.89978E+00 4.91102E+00 4.92666E+00 4.93414E+00 4.58844E+00 4.52766E+00 4.06865E+00 1.13317E+02
4.17909E+00 4.63667E+00 4.70009E+00 5.00775E+00 5.01902E+00 5.03487E+00 5.04248E+00 4.69766E+00 4.63667E+00 4.17909E+00 1.15681E+02
4.28876E+00 4.74492E+00 4.80856E+00 5.11498E+00 5.12630E+00 5.14234E+00 5.15008E+00 4.80612E+00 4.74492E+00 4.28876E+00 1.18014E+02
4.39764E+00 4.85241E+00 4.91628E+00 5.22149E+00 5.23284E+00 5.24909E+00 5.25694E+00 4.91383E+00 4.85241E+00 4.39764E+00 1.20314E+02
4.50574E+00 4.95915E+00 5.02323E+00 5.32726E+00 5.33865E+00 5.35509E+00 5.36306E+00 5.02077E+00 4.95915E+00 4.50574E+00 1.22582E+02
4.61305E+00 5.06513E+00 5.12942E+00 5.43229E+00 5.44372E+00 5.46035E+00 5.46845E+00 5.12696E+00 5.06513E+00 4.61305E+00 1.24819E+02
4.71958E+00 5.17036E+00 5.23485E+00 5.53659E+00 5.54805E+00 5.56487E+00 5.57309E+00 5.23238E+00 5.17036E+00 4.71958E+00 1.27025E+02
4.82532E+00 5.27482E+00 5.33952E+00 5.64014E+00 5.65164E+00 5.66865E+00 5.67698E+00 5.33704E+00 5.27482E+00 4.82532E+00 1.29201E+02
0.00000E+00 0.00000E+00 -1.33513E-02 3.75747E-01 3.84375E-01 3.87691E-01 3.87962E-01 -1.50843E-02 0.00000E+00 0.00000E+00 -1.29379E+00
0.00000E+00 0.00000E+00 3.25877E-02 4.10854E-01 4.19787E-01 4.23973E-01 4.24726E-01 3.07502E-02 0.00000E+00 0.00000E+00 -1.98439E-01
0.00000E+00 4.07337E-02 9.18922E-02 4.61265E-01 4.70453E-01 4.75417E-01 4.76603E-01 8.99691E-02 4.07337E-02 0.00000E+00 1.23894E+00
0.00000E+00 1.08230E-01 1.60687E-01 5.22424E-01 5.31835E-01 5.37516E-01 5.39104E-01 1.58691E-01 1.08230E-01 0.00000E+00 2.95515E+00
0.00000E+00 1.83046E-01 2.36668E-01 5.91684E-01 6.01292E-01 6.07644E-01 6.09609E-01 2.34607E-01 1.83046E-01 0.00000E+00 4.92196E+00
0.00000E+00 2.63344E-01 3.18018E-01 6.67039E-01 6.76825E-01 6.83807E-01 6.86128E-01 3.15901E-01 2.63344E-01 0.00000E+00 7.08652E+00
0.00000E+00 3.47826E-01 4.03463E-01 7.47076E-01 7.57025E-01 7.64602E-01 7.67261E-01 4.01294E-01 3.47826E-01 0.00000E+00 9.40440E+00
0.00000E+00 4.35543E-01 4.92065E-01 8.30758E-01 8.40855E-01 8.48998E-01 8.51980E-01 4.89850E-01 4.35543E-01 0.00000E+00 1.18390E+01
3.64279E-02 5.24793E-01 5.82130E-01 9.16333E-01 9.26568E-01 9.35248E-01 9.38539E-01 5.79875E-01 5.24793E-01 3.64279E-02 1.42987E+01
1.31169E-01 6.14891E-01 6.72986E-01 1.00306E+00 1.01342E+00 1.02262E+00 1.02620E+00 6.70692E-01 6.14891E-01 1.31169E-01 1.67240E+01
2.27656E-01 7.07038E-01 7.65845E-01 1.09206E+00 1.10254E+00 1.11223E+00 1.11611E+00 7.63516E-01 7.07038E-01 2.27656E-01 1.91930E+01
3.25487E-01 8.00794E-01 8.60274E-01 1.18287E+00 1.19346E+00 1.20364E+00 1.20779E+00 8.57913E-01 8.00794E-01 3.25487E-01 2.16921E+01
4.24330E-01 8.95799E-01 9.55916E-01 1.27511E+00 1.28581E+00 1.29645E+00 1.30088E+00 9.53525E-01 8.95799E-01 4.24330E-01 2.42095E+01
5.23911E-01 9.91754E-01 1.05248E+00 1.36845E+00 1.37925E+00 1.39035E+00 1.39504E+00 1.05006E+00 9.91754E-01 5.23911E-01 2.67357E+01
6.23999E-01 1.08840E+00 1.14970E+00 1.46264E+00 1.47353E+00 1.48507E+00 1.49002E+00 1.14726E+00 1.08840E+00 6.23999E-01 2.92625E+01
7.24399E-01 1.18554E+00 1.24739E+00 1.55744E+00 1.56842E+00 1.58039E+00 1.58558E+00 1.24492E+00 1.18554E+00 7.24399E-01 3.17831E+01
8.24946E-01 1.28298E+00 1.34535E+00 1.65265E+00 1.66373E+00 1.67611E+00 1.68155E+00 1.34286E+00 1.28298E+00 8.24946E-01 3.42920E+01
9.25501E-01 1.38057E+00 1.44344E+00 1.74813E+00 1.75928E+00 1.77207E+00 1.77775E+00 1.44093E+00 1.38057E+00 9.25501E-01 3.67846E+01
1.02594E+00 1.47817E+00 1.54153E+00 1.84371E+00 1.85495E+00 1.86813E+00 1.87405E+00 1.53899E+00 1.47817E+00 1.02594E+00 3.92570E+01
1.12617E+00 1.57568E+00 1.63950E+00 1.93929E+00 1.95061E+00 1.96417E+00 1.97032E+00 1.63695E+00 1.57568E+00 1.12617E+00 4.17060E+01
1.22609E+00 1.67300E+00 1.73726E+00 2.03476E+00 2.04615E+00 2.06009E+00 2.06646E+00 1.73469E+00 1.67300E+00 1.22609E+00 4.41291E+01
1.32563E+00 1.77003E+00 1.83473E+00 2.13002E+00 2.14149E+00 2.15580E+00 2.16239E+00 1.83214E+00 1.77003E+00 1.32563E+00 4.65243E+01
1.42473E+00 1.86672E+00 1.93183E+00 2.22501E+00 2.23654E+00 2.25121E+00 2.25801E+00 1.92922E+00 1.86672E+00 1.42473E+00 4.88900E+01
1.52333E+00 1.96300E+00 2.02850E+00 2.31964E+00 2.33124E+00 2.34627E+00 2.35328E+00 2.02588E+00 1.96300E+00 1.52333E+00 5.12247E+01
1.62137E+00 2.05880E+00 2.12469E+00 2.41387E+00 2.42553E+00 2.44091E+00 2.44813E+00 2.12205E+00 2.05880E+00 1.62137E+00 5.35276E+01
1.71883E+00 2.15410E+00 2.22036E+00 2.50764E+00 2.51937E+00 2.53508E+00 2.54251E+00 2.21771E+00 2.15410E+00 1.71883E+00 5.57979E+01
1.81566E+00 2.24883E+00 2.31546E+00 2.60091E+00 2.61270E+00 2.62874E+00 2.63637E+00 2.31279E+00 2.24883E+00 1.81566E+00 5.80350E+01
1.91184E+00 2.34299E+00 2.40996E+00 2.69364E+00 2.70549E+00 2.72186E+00 2.72968E+00 2.40728E+00 2.34299E+00 1.91184E+00 6.02387E+01
2.00733E+00 2.43652E+00 2.50383E+00 2.78580E+00 2.79770E+00 2.81439E+00 2.82241E+00 2.50114E+00 2.43652E+00 2.00733E+00 6.24087E+01
2.10213E+00 2.52941E+00 2.59705E+00 2.87736E+00 2.88932E+00 2.90633E+00 2.91453E+00 2.59435E+00 2.52941E+00 2.10213E+00 6.45450E+01
2.19620E+00 2.62164E+00 2.68960E+00 2.96830E+00 2.98031E+00 2.99763E+00 3.00602E+00 2.68688E+00 2.62164E+00 2.19620E+00 6.66476E+01
2.28954E+00 2.71318E+00 2.78145E+00 3.05859E+00 3.07065E+00 3.08828E+00 3.09686E+00 2.77873E+00 2.71318E+00 2.28954E+00 6.87166E+01
2.38213E+00 2.80403E+00 2.87260E+00 3.14823E+00 3.16034E+00 3.17826E+00 3.18702E+00 2.86986E+00 2.80403E+00 2.38213E+00 7.07524E+01
2.47396E+00 2.89417E+00 2.96303E+00 3.23719E+00 3.24935E+00 3.26756E+00 3.27651E+00 2.96029E+00 2.89417E+00 2.47396E+00 7.27550E+01
2.56503E+00 2.98359E+00 3.05274E+00 3.32546E+00 3.33767E+00 3.35618E+00 3.36530E+00 3.04998E+00 2.98359E+00 2.56503E+00 7.47250E+01
2.65534E+00 3.07228E+00 3.14171E+00 3.41304E+00 3.42529E+00 3.44409E+00 3.45338E+00 3.13895E+00 3.07228E+00 2.65534E+00 7.66626E+01
2.74486E+00 3.16024E+00 3.22995E+00 3.49991E+00 3.51221E+00 3.53129E+00 3.54075E+00 3.22717E+00 3.16024E+00 2.74486E+00 7.85683E+01
2.83362E+00 3.24747E+00 3.31743E+00 3.58608E+00 3.59842E+00 3.61777E+00 3.62741E+00 3.31465E+00 3.24747E+00 2.83362E+00 8.04425E+01
2.92159E+00 3.33395E+00 3.40418E+00 3.67153E+00 3.68392E+00 3.70354E+00 3.71335E+00 3.40139E+00 3.33395E+00 2.92159E+00 8.22857E+01
3.00879E+00 3.41969E+00 3.49017E+00 3.75627E+00 3.76870E+00 3.78859E+00 3.79856E+00 3.48737E+00 3.41969E+00 3.00879E+00 8.40983E+01
3.09521E+00 3.50469E+00 3.57542E+00 3.84029E+00 3.85276E+00 3.87292E+00 3.88305E+00 3.57261E+00 3.50469E+00 3.09521E+00 8.58809E+01
3.18086E+00 3.58895E+00 3.65992E+00 3.92359E+00 3.93610E+00 3.95652E+00 3.96681E+00 3.65710E+00 3.58895E+00 3.18086E+00 8.76339E+01
3.26574E+00 3.67247E+00 3.74367E+00 4.00617E+00 4.01872E+00 4.03940E+00 4.04985E+00 3.74085E+00 3.67247E+00 3.26574E+00 8.93580E+01
3.34984E+00 3.75525E+00 3.82668E+00 4.08804E+00 4.10063E+00 4.12156E+00 4.13217E+00 3.82385E+00 3.75525E+00 3.34984E+00 9.10535E+01
3.43319E+00 3.83729E+00 3.90895E+00 4.16919E+00 4.18181E+00 4.20300E+00 4.21376E+00 3.90611E+00 3.83729E+00 3.43319E+00 9.27211E+01
3.51577E+00 3.91860E+00 3.99048E+00 4.24962E+00 4.26229E+00 4.28372E+00 4.29464E+00 3.98764E+00 3.91860E+00 3.51577E+00 9.43612E+01
3.59761E+00 3.99919E+00 4.07128E+00 4.32935E+00 4.34205E+00 4.36373E+00 4.37480E+00 4.06843E+00 3.99919E+00 3.59761E+00 9.59743E+01
3.67869E+00 4.07905E+00 4.15135E+00 4.40837E+00 4.42111E+00 4.44303E+00 4.45425E+00 4.14850E+00 4.07905E+00 3.67869E+00 9.75611E+01
3.75903E+00 4.15819E+00 4.23070E+00 4.48669E+00 4.49947E+00 4.52162E+00 4.53299E+00 4.22784E+00 4.15819E+00 3.75903E+00 9.91219E+01
3.83863E+00 4.23662E+00 4.30933E+00 4.56432E+00 4.57713E+00 4.59952E+00 4.61103E+00 4.30646E+00 4.23662E+00 3.83863E+00 1.00657E+02
0.00000E+00 0.00000E+00 -4.92171E-03 3.30577E-01 3.40482E-01 3.45393E-01 3.46589E-01 -7.15494E-03 0.00000E+00 0.00000E+00 -1.23029E+00
0.00000E+00 0.00000E+00 4.10042E-02 3.66533E-01 3.76760E-01 3.82841E-01 3.84678E-01 3.86609E-02 0.00000E+00 0.00000E+00 -1.20744E-01
0.00000E+00 3.82324E-02 9.71969E-02 4.14549E-01 4.25043E-01 4.32164E-01 4.34574E-01 9.47649E-02 3.82324E-02 0.00000E+00 1.26866E+00
0.00000E+00 1.00124E-01 1.60504E-01 4.70842E-01 4.81567E-01 4.89642E-01 4.92582E-01 1.57997E-01 1.00124E-01 0.00000E+00 2.87427E+00
0.00000E+00 1.67401E-01 2.29040E-01 5.33210E-01 5.44141E-01 5.53102E-01 5.56538E-01 2.26469E-01 1.67401E-01 0.00000E+00 4.66795E+00
0.00000E+00 2.38542E-01 3.01316E-01 5.99988E-01 6.11104E-01 6.20895E-01 6.24799E-01 2.98689E-01 2.38542E-01 0.00000E+00 6.60091E+00
0.00000E+00 3.12494E-01 3.76300E-01 6.70017E-01 6.81300E-01 6.91873E-01 6.96220E-01 3.73623E-01 3.12494E-01 0.00000E+00 8.63422E+00
0.00000E+00 3.88493E-01 4.53245E-01 7.42456E-01 7.53892E-01 7.65206E-01 7.69974E-01 4.50524E-01 3.88493E-01 0.00000E+00 1.07371E+01
3.14919E-02 4.65307E-01 5.30927E-01 8.16030E-01 8.27607E-01 8.39622E-01 8.44792E-01 5.28166E-01 4.65307E-01 3.14919E-02 1.28301E+01
1.12888E-01 5.42443E-01 6.08865E-01 8.90192E-01 9.01898E-01 9.14583E-01 9.20139E-01 6.06069E-01 5.42443E-01 1.12888E-01 1.48641E+01
1.95105E-01 6.20677E-01 6.87850E-01 9.65652E-01 9.77480E-01 9.90811E-01 9.96739E-01 6.85022E-01 6.20677E-01 1.95105E-01 1.69131E+01
2.77844E-01 6.99677E-01 7.67557E-01 1.04206E+00 1.05400E+00 1.06795E+00 1.07424E+00 7.64699E-01 6.99677E-01 2.77844E-01 1.89670E+01
3.60865E-01 7.79174E-01 8.47722E-01 1.11912E+00 1.13117E+00 1.14572E+00 1.15236E+00 8.44837E-01 7.79174E-01 3.60865E-01 2.10172E+01
4.43971E-01 8.58951E-01 9.28131E-01 1.19659E+00 1.20875E+00 1.22388E+00 1.23086E+00 9.25221E-01 8.58951E-01 4.43971E-01 2.30572E+01
5.27003E-01 9.38827E-01 1.00861E+00 1.27430E+00 1.28655E+00 1.30225E+00 1.30956E+00 1.00567E+00 9.38827E-01 5.27003E-01 2.50815E+01
6.09826E-01 1.01865E+00 1.08900E+00 1.35206E+00 1.36441E+00 1.38065E+00 1.38829E+00 1.08605E+00 1.01865E+00 6.09826E-01 2.70858E+01
6.92333E-01 1.09830E+00 1.16919E+00 1.42976E+00 1.44219E+00 1.45897E+00 1.46692E+00 1.16622E+00 1.09830E+00 6.92333E-01 2.90667E+01
7.74432E-01 1.17768E+00 1.24909E+00 1.50727E+00 1.51979E+00 1.53708E+00 1.54534E+00 1.24609E+00 1.17768E+00 7.74432E-01 3.10213E+01
8.56049E-01 1.25669E+00 1.32859E+00 1.58450E+00 1.59710E+00 1.61490E+00 1.62345E+00 1.32558E+00 1.25669E+00 8.56049E-01 3.29478E+01
9.37120E-01 1.33526E+00 1.40764E+00 1.66138E+00 1.67405E+00 1.69234E+00 1.70119E+00 1.40462E+00 1.33526E+00 9.37120E-01 3.48444E+01
1.01759E+00 1.41334E+00 1.48617E+00 1.73783E+00 1.75058E+00 1.76935E+00 1.77848E+00 1.48313E+00 1.41334E+00 1.01759E+00 3.67100E+01
1.09743E+00 1.49087E+00 1.56414E+00 1.81380E+00 1.82662E+00 1.84586E+00 1.85527E+00 1.56109E+00 1.49087E+00 1.09743E+00 3.85437E+01
1.17659E+00 1.56782E+00 1.64151E+00 1.88925E+00 1.90214E+00 1.92183E+00 1.93152E+00 1.63844E+00 1.56782E+00 1.17659E+00 4.03451E+01
1.25505E+00 1.64414E+00 1.71824E+00 1.96413E+00 1.97708E+00 1.99723E+00 2.00718E+00 1.71516E+00 1.64414E+00 1.25505E+00 4.21137E+01
1.33278E+00 1.71981E+00 1.79430E+00 2.03841E+00 2.05143E+00 2.07201E+00 2.08223E+00 1.79121E+00 1.71981E+00 1.33278E+00 4.38495E+01
1.40977E+00 1.79481E+00 1.86968E+00 2.11207E+00 2.12516E+00 2.14616E+00 2.15664E+00 1.86657E+00 1.79481E+00 1.40977E+00 4.55524E+01
1.48601E+00 1.86912E+00 1.94435E+00 2.18509E+00 2.19823E+00 2.21965E+00 2.23039E+00 1.94124E+00 1.86912E+00 1.48601E+00 4.72227E+01
1.56147E+00 1.94272E+00 2.01830E+00 2.25744E+00 2.27064E+00 2.29248E+00 2.30346E+00 2.01518E+00 1.94272E+00 1.56147E+00 4.88605E+01
1.63616E+00 2.01561E+00 2.09152E+00 2.32911E+00 2.34237E+00 2.36461E+00 2.37584E+00 2.08839E+00 2.01561E+00 1.63616E+00 5.04662E+01
1.71006E+00 2.08776E+00 2.16401E+00 2.40010E+00 2.41341E+00 2.43604E+00 2.44752E+00 2.16087E+00 2.08776E+00 1.71006E+00 5.20402E+01
1.78319E+00 2.15919E+00 2.23575E+00 2.47039E+00 2.48375E+00 2.50677E+00 2.51848E+00 2.23260E+00 2.15919E+00 1.78319E+00 5.35829E+01
1.85553E+00 2.22988E+00 2.30674E+00 2.53998E+00 2.55339E+00 2.57679E+00 2.58874E+00 2.30359E+00 2.22988E+00 1.85553E+00 5.50950E+01
1.92708E+00 2.29983E+00 2.37699E+00 2.60886E+00 2.62232E+00 2.64610E+00 2.65827E+00 2.37383E+00 2.29983E+00 1.92708E+00 5.65768E+01
1.99785E+00 2.36904E+00 2.44649E+00 2.67703E+00 2.69054E+00 2.71469E+00 2.72709E+00 2.44333E+00 2.36904E+00 1.99785E+00 5.80290E+01
2.06784E+00 2.43751E+00 2.51525E+00 2.74449E+00 2.75805E+00 2.78256E+00 2.79518E+00 2.51208E+00 2.43751E+00 2.06784E+00 5.94521E+01
2.13706E+00 2.50525E+00 2.58326E+00 2.81125E+00 2.82486E+00 2.84971E+00 2.86256E+00 2.58008E+00 2.50525E+00 2.13706E+00 6.08468E+01
2.20551E+00 2.57225E+00 2.65053E+00 2.87730E+00 2.89095E+00 2.91616E+00 2.92922E+00 2.64735E+00 2.57225E+00 2.20551E+00 6.22135E+01
2.27319E+00 2.63853E+00 2.71707E+00 2.94264E+00 2.95634E+00 2.98189E+00 2.99516E+00 2.71388E+00 2.63853E+00 2.27319E+00 6.35530E+01
2.34012E+00 2.70408E+00 2.78287E+00 3.00729E+00 3.02103E+00 3.04692E+00 3.06040E+00 2.77968E+00 2.70408E+00 2.34012E+00 6.48658E+01
2.40629E+00 2.76891E+00 2.84795E+00 3.07124E+00 3.08502E+00 3.11124E+00 3.12493E+00 2.84476E+00 2.76891E+00 2.40629E+00 6.61525E+01
2.47172E+00 2.83304E+00 2.91232E+00 3.13449E+00 3.14832E+00 3.17487E+00 3.18877E+00 2.90912E+00 2.83304E+00 2.47172E+00 6.74137E+01
2.53642E+00 2.89646E+00 2.97597E+00 3.19707E+00 3.21093E+00 3.23781E+00 3.25191E+00 2.97277E+00 2.89646E+00 2.53642E+00 6.86501E+01
2.60039E+00 2.95918E+00 3.03892E+00 3.25896E+00 3.27287E+00 3.30006E+00 3.31436E+00 3.03571E+00 2.95918E+00 2.60039E+00 6.98621E+01
2.66365E+00 3.02120E+00 3.10117E+00 3.32019E+00 3.33413E+00 3.36163E+00 3.37613E+00 3.09796E+00 3.02120E+00 2.66365E+00 7.10503E+01
2.72619E+00 3.08255E+00 3.16273E+00 3.38075E+00 3.39472E+00 3.42254E+00 3.43723E+00 3.15952E+00 3.08255E+00 2.72619E+00 7.22154E+01
2.78803E+00 3.14322E+00 3.22361E+00 3.44065E+00 3.45466E+00 3.48278E+00 3.49766E+00 3.22040E+00 3.14322E+00 2.78803E+00 7.33579E+01
2.84918E+00 3.20322E+00 3.28382E+00 3.49989E+00 3.51394E+00 3.54237E+00 3.55744E+00 3.28060E+00 3.20322E+00 2.84918E+00 7.44782E+01
2.90965E+00 3.26256E+00 3.34337E+00 3.55850E+00 3.57258E+00 3.60130E+00 3.61656E+00 3.34015E+00 3.26256E+00 2.90965E+00 7.55770E+01
2.96945E+00 3.32126E+00 3.40226E+00 3.61647E+00 3.63059E+00 3.65960E+00 3.67504E+00 3.39903E+00 3.32126E+00 2.96945E+00 7.66548E+01
3.02858E+00 3.37930E+00 3.46050E+00 3.67381E+00 3.68796E+00 3.71726E+00 3.73289E+00 3.45727E+00 3.37930E+00 3.02858E+00 7.77120E+01
0.00000E+00 0.00000E+00 5.05815E-03 2.90939E-01 3.02224E-01 3.09476E-01 3.11968E-01 2.22291E-03 0.00000E+00 0.00000E+00 -1.14364E+00
0.00000E+00 0.00000E+00 5.06294E-02 3.27353E-01 3.38968E-01 3.47782E-01 3.51119E-01 4.76864E-02 0.00000E+00 0.00000E+00 -1.68629E-02
0.00000E+00 3.57630E-02 1.03681E-01 3.72907E-01 3.84795E-01 3.94987E-01 3.99080E-01 1.00654E-01 3.57630E-02 0.00000E+00 1.32386E+00
0.00000E+00 9.23289E-02 1.61748E-01 4.24554E-01 4.36677E-01 4.48126E-01 4.52915E-01 1.58652E-01 9.23289E-02 0.00000E+00 2.81951E+00
0.00000E+00 1.52599E-01 2.23347E-01 4.80515E-01 4.92846E-01 5.05458E-01 5.10895E-01 2.20192E-01 1.52599E-01 0.00000E+00 4.44528E+00
0.00000E+00 2.15358E-01 2.87294E-01 5.39443E-01 5.51961E-01 5.65657E-01 5.71704E-01 2.84089E-01 2.15358E-01 0.00000E+00 6.15844E+00
0.00000E+00 2.79774E-01 3.52785E-01 6.00418E-01 6.13104E-01 6.27817E-01 6.34440E-01 3.49537E-01 2.79774E-01 0.00000E+00 7.92665E+00
0.00000E+00 3.45259E-01 4.19249E-01 6.62781E-01 6.75620E-01 6.91294E-01 6.98463E-01 4.15965E-01 3.45259E-01 0.00000E+00 9.72557E+00
2.70583E-02 4.10954E-01 4.85837E-01 7.25633E-01 7.38614E-01 7.55194E-01 7.62883E-01 4.82520E-01 4.10954E-01 2.70583E-02 1.14876E+01
9.65439E-02 4.76521E-01 5.52224E-01 7.88592E-01 8.01702E-01 8.19143E-01 8.27331E-01 5.48879E-01 4.76521E-01 9.65439E-02 1.31741E+01
1.66129E-01 5.42441E-01 6.18909E-01 8.52080E-01 8.65312E-01 8.83580E-01 8.92249E-01 6.15540E-01 5.42441E-01 1.66129E-01 1.48539E+01
2.35608E-01 6.08479E-01 6.85663E-01 9.15842E-01 9.29187E-01 9.48251E-01 9.57384E-01 6.82272E-01 6.08479E-01 2.35608E-01 1.65200E+01
3.04820E-01 6.74447E-01 7.52305E-01 9.79673E-01 9.93125E-01 1.01296E+00 1.02254E+00 7.48893E-01 6.74447E-01 3.04820E-01 1.81671E+01
3.73636E-01 7.40197E-01 8.18689E-01 1.04341E+00 1.05696E+00 1.07753E+00 1.08755E+00 8.15260E-01 7.40197E-01 3.73636E-01 1.97911E+01
4.41958E-01 8.05612E-01 8.84703E-01 1.10692E+00 1.12057E+00 1.14186E+00 1.15230E+00 8.81259E-01 8.05612E-01 4.41958E-01 2.13887E+01
5.09704E-01 8.70597E-01 9.50255E-01 1.17010E+00 1.18384E+00 1.20582E+00 1.21668E+00 9.46796E-01 8.70597E-01 5.09704E-01 2.29579E+01
5.76814E-01 9.35075E-01 1.01527E+00 1.23286E+00 1.24669E+00 1.26934E+00 1.28060E+00 1.01180E+00 9.35075E-01 5.76814E-01 2.44968E+01
6.43237E-01 9.98987E-01 1.07969E+00 1.29514E+00 1.30905E+00 1.33236E+00 1.34401E+00 1.07621E+00 9.98987E-01 6.43237E-01 2.60043E+01
7.08936E-01 1.06228E+00 1.14348E+00 1.35688E+00 1.37087E+00 1.39481E+00 1.40684E+00 1.13999E+00 1.06228E+00 7.08936E-01 2.74798E+01
7.73882E-01 1.12493E+00 1.20659E+00 1.41803E+00 1.43210E+00 1.45666E+00 1.46906E+00 1.20309E+00 1.12493E+00 7.73882E-01 2.89228E+01
8.38052E-01 1.18689E+00 1.26899E+00 1.47857E+00 1.49271E+00 1.51787E+00 1.53063E+00 1.26548E+00 1.18689E+00 8.38052E-01 3.03332E+01
9.01431E-01 1.24814E+00 1.33067E+00 1.53846E+00 1.55267E+00 1.57841E+00 1.59153E+00 1.32716E+00 1.24814E+00 9.01431E-01 3.17111E+01
9.64008E-01 1.30868E+00 1.39161E+00 1.59768E+00 1.61195E+00 1.63827E+00 1.65173E+00 1.38809E+00 1.30868E+00 9.64008E-01 3.30567E+01
1.02578E+00 1.36848E+00 1.45180E+00 1.65621E+00 1.67055E+00 1.69742E+00 1.71123E+00 1.44827E+00 1.36848E+00 1.02578E+00 3.43704E+01
1.08673E+00 1.42753E+00 1.51123E+00 1.71405E+00 1.72845E+00 1.75587E+00 1.77001E+00 1.50770E+00 1.42753E+00 1.08673E+00 3.56526E+01
1.14688E+00 1.48584E+00 1.56990E+00 1.77118E+00 1.78564E+00 1.81359E+00 1.82806E+00 1.56636E+00 1.48584E+00 1.14688E+00 3.69039E+01
1.20621E+00 1.54340E+00 1.62780E+00 1.82761E+00 1.84213E+00 1.87060E+00 1.88539E+00 1.62426E+00 1.54340E+00 1.20621E+00 3.81249E+01
1.26474E+00 1.60021E+00 1.68495E+00 1.88332E+00 1.89789E+00 1.92687E+00 1.94198E+00 1.68140E+00 1.60021E+00 1.26474E+00 3.93162E+01
1.32246E+00 1.65627E+00 1.74133E+00 1.93832E+00 1.95295E+00 1.98243E+00 1.99784E+00 1.73778E+00 1.65627E+00 1.32246E+00 4.04786E+01
1.37940E+00 1.71158E+00 1.79695E+00 1.99261E+00 2.00729E+00 2.03726E+00 2.05297E+00 1.79341E+00 1.71158E+00 1.37940E+00 4.16126E+01
1.43554E+00 1.76616E+00 1.85183E+00 2.04619E+00 2.06092E+00 2.09137E+00 2.10738E+00 1.84828E+00 1.76616E+00 1.43554E+00 4.27190E+01
1.49091E+00 1.82000E+00 1.90596E+00 2.09907E+00 2.11385E+00 2.14477E+00 2.16107E+00 1.90241E+00 1.82000E+00 1.49091E+00 4.37986E+01
1.54551E+00 1.87312E+00 1.95936E+00 2.15125E+00 2.16608E+00 2.19746E+00 2.21405E+00 1.95581E+00 1.87312E+00 1.54551E+00 4.48519E+01
1.59935E+00 1.92552E+00 2.01203E+00 2.20274E+00 2.21762E+00 2.24944E+00 2.26632E+00 2.00848E+00 1.92552E+00 1.59935E+00 4.58798E+01
1.65245E+00 1.97722E+00 2.06399E+00 2.25354E+00 2.26847E+00 2.30074E+00 2.31789E+00 2.06044E+00 1.97722E+00 1.65245E+00 4.68830E+01
1.70480E+00 2.02821E+00 2.11523E+00 2.30367E+00 2.31864E+00 2.35135E+00 2.36878E+00 2.11168E+00 2.02821E+00 1.70480E+00 4.78620E+01
1.75644E+00 2.07851E+00 2.16578E+00 2.35313E+00 2.36814E+00 2.40128E+00 2.41898E+00 2.16223E+00 2.07851E+00 1.75644E+00 4.88176E+01
1.80736E+00 2.12813E+00 2.21564E+00 2.40193E+00 2.41699E+00 2.45054E+00 2.46851E+00 2.21209E+00 2.12813E+00 1.80736E+00 4.97505E+01
1.85757E+00 2.17708E+00 2.26482E+00 2.45008E+00 2.46518E+00 2.49915E+00 2.51738E+00 2.26127E+00 2.17708E+00 1.85757E+00 5.06613E+01
1.90710E+00 2.22536E+00 2.31333E+00 2.49759E+00 2.51273E+00 2.54711E+00 2.56559E+00 2.30978E+00 2.22536E+00 1.90710E+00 5.15506E+01
1.95595E+00 2.27300E+00 2.36119E+00 2.54447E+00 2.55965E+00 2.59442E+00 2.61317E+00 2.35764E+00 2.27300E+00 1.95595E+00 5.24191E+01
2.00413E+00 2.32000E+00 2.40840E+00 2.59073E+00 2.60594E+00 2.64111E+00 2.66011E+00 2.40485E+00 2.32000E+00 2.00413E+00 5.32673E+01
2.05165E+00 2.36637E+00 2.45497E+00 2.63637E+00 2.65162E+00 2.68718E+00 2.70642E+00 2.45143E+00 2.36637E+00 2.05165E+00 5.40958E+01
2.09853E+00 2.41211E+00 2.50092E+00 2.68141E+00 2.69670E+00 2.73264E+00 2.75212E+00 2.49738E+00 2.41211E+00 2.09853E+00 5.49052E+01
2.14478E+00 2.45725E+00 2.54625E+00 2.72586E+00 2.74118E+00 2.77750E+00 2.79722E+00 2.54272E+00 2.45725E+00 2.14478E+00 5.56961E+01
2.19040E+00 2.50179E+00 2.59099E+00 2.76972E+00 2.78508E+00 2.82177E+00 2.84173E+00 2.58745E+00 2.50179E+00 2.19040E+00 5.64690E+01
2.23541E+00 2.54575E+00 2.63512E+00 2.81301E+00 2.82840E+00 2.86545E+00 2.88565E+00 2.63159E+00 2.54575E+00 2.23541E+00 5.72243E+01
2.27983E+00 2.58912E+00 2.67868E+00 2.85573E+00 2.87116E+00 2.90857E+00 2.92900E+00 2.67515E+00 2.58912E+00 2.27983E+00 5.79627E+01
2.32365E+00 2.63193E+00 2.72166E+00 2.89790E+00 2.91336E+00 2.95113E+00 2.97179E+00 2.71813E+00 2.63193E+00 2.32365E+00 5.86845E+01
2.36690E+00 2.67417E+00 2.76408E+00 2.93953E+00 2.95502E+00 2.99313E+00 3.01402E+00 2.76055E+00 2.67417E+00 2.36690E+00 5.93902E+01
0.00000E+00 0.00000E+00 1.67023E-02 2.56458E-01 2.69189E-01 2.79859E-01 2.84134E-01 1.31606E-02 0.00000E+00 0.00000E+00 -1.02090E+00
0.00000E+00 0.00000E+00 6.15512E-02 2.92954E-01 3.06014E-01 3.18751E-01 3.24138E-01 5.79180E-02 0.00000E+00 0.00000E+00 1.22060E-01
0.00000E+00 3.33230E-02 1.11403E-01 3.35987E-01 3.49318E-01 3.63865E-01 3.70243E-01 1.07701E-01 3.33230E-02 0.00000E+00 1.41005E+00
0.00000E+00 8.48184E-02 1.64431E-01 3.83192E-01 3.96757E-01 4.12943E-01 4.20229E-01 1.60677E-01 8.48184E-02 0.00000E+00 2.79384E+00
0.00000E+00 1.38570E-01 2.19527E-01 4.33187E-01 4.46956E-01 4.64652E-01 4.72782E-01 2.15731E-01 1.38570E-01 0.00000E+00 4.25487E+00
0.00000E+00 1.93645E-01 2.75794E-01 4.84924E-01 4.98875E-01 5.17972E-01 5.26894E-01 2.71965E-01 1.93645E-01 0.00000E+00 5.75812E+00
0.00000E+00 2.49422E-01 3.32641E-01 5.37701E-01 5.51817E-01 5.72224E-01 5.81891E-01 3.28784E-01 2.49422E-01 0.00000E+00 7.27862E+00
0.00000E+00 3.05473E-01 3.89658E-01 5.91030E-01 6.05297E-01 6.26933E-01 6.37307E-01 3.85779E-01 3.05473E-01 0.00000E+00 8.79866E+00
2.30829E-02 3.61231E-01 4.46290E-01 6.44311E-01 6.58714E-01 6.81508E-01 6.92552E-01 4.42394E-01 3.61231E-01 2.30829E-02 1.02624E+01
8.19590E-02 4.16487E-01 5.02343E-01 6.97292E-01 7.11821E-01 7.35710E-01 7.47393E-01 4.98433E-01 4.16487E-01 8.19590E-02 1.16407E+01
1.40388E-01 4.71529E-01 5.58123E-01 7.50215E-01 7.64861E-01 7.89797E-01 8.02096E-01 5.54203E-01 4.71529E-01 1.40388E-01 1.29968E+01
1.98246E-01 5.26205E-01 6.13486E-01 8.02907E-01 8.17663E-01 8.43604E-01 8.56497E-01 6.09557E-01 5.26205E-01 1.98246E-01 1.43267E+01
2.55440E-01 5.80399E-01 6.68321E-01 8.55237E-01 8.70096E-01 8.97004E-01 9.10471E-01 6.64387E-01 5.80399E-01 2.55440E-01 1.56275E+01
3.11901E-01 6.34025E-01 7.22547E-01 9.07105E-01 9.22062E-01 9.49900E-01 9.63923E-01 7.18607E-01 6.34025E-01 3.11901E-01 1.68974E+01
3.67581E-01 6.87016E-01 7.76100E-01 9.58435E-01 9.73483E-01 1.00222E+00 1.01678E+00 7.72158E-01 6.87016E-01 3.67581E-01 1.81352E+01
4.22444E-01 7.39323E-01 8.28937E-01 1.00917E+00 1.02430E+00 1.05391E+00 1.06899E+00 8.24994E-01 7.39323E-01 4.22444E-01 1.93402E+01
4.76467E-01 7.90910E-01 8.81024E-01 1.05926E+00 1.07448E+00 1.10492E+00 1.12051E+00 8.77080E-01 7.90910E-01 4.76467E-01 2.05121E+01
5.29635E-01 8.41752E-01 9.32338E-01 1.10867E+00 1.12397E+00 1.15523E+00 1.17131E+00 9.28395E-01 8.41752E-01 5.29635E-01 2.16510E+01
5.81938E-01 8.91832E-01 9.82864E-01 1.15739E+00 1.17277E+00 1.20481E+00 1.22138E+00 9.78923E-01 8.91832E-01 5.81938E-01 2.27572E+01
6.33376E-01 9.41138E-01 1.03259E+00 1.20540E+00 1.22084E+00 1.25365E+00 1.27069E+00 1.02866E+00 9.41138E-01 6.33376E-01 2.38312E+01
6.83949E-01 9.89665E-01 1.08152E+00 1.25268E+00 1.26819E+00 1.30174E+00 1.31924E+00 1.07759E+00 9.89665E-01 6.83949E-01 2.48736E+01
7.33662E-01 1.03741E+00 1.12965E+00 1.29923E+00 1.31481E+00 1.34908E+00 1.36703E+00 1.12572E+00 1.03741E+00 7.33662E-01 2.58851E+01
7.82524E-01 1.08438E+00 1.17698E+00 1.34505E+00 1.36069E+00 1.39567E+00 1.41405E+00 1.17306E+00 1.08438E+00 7.82524E-01 2.68664E+01
8.30542E-01 1.13057E+00 1.22352E+00 1.39013E+00 1.40584E+00 1.44150E+00 1.46031E+00 1.21960E+00 1.13057E+00 8.30542E-01 2.78185E+01
8.77730E-01 1.17600E+00 1.26928E+00 1.43449E+00 1.45026E+00 1.48659E+00 1.50582E+00 1.26537E+00 1.17600E+00 8.77730E-01 2.87422E+01
9.24099E-01 1.22067E+00 1.31427E+00 1.47813E+00 1.49395E+00 1.53094E+00 1.55057E+00 1.31036E+00 1.22067E+00 9.24099E-01 2.96382E+01
9.69664E-01 1.26458E+00 1.35849E+00 1.52106E+00 1.53693E+00 1.57455E+00 1.59459E+00 1.35459E+00 1.26458E+00 9.69664E-01 3.05076E+01
1.01444E+00 1.30776E+00 1.40196E+00 1.56328E+00 1.57921E+00 1.61745E+00 1.63788E+00 1.39806E+00 1.30776E+00 1.01444E+00 3.13511E+01
1.05843E+00 1.35022E+00 1.44469E+00 1.60480E+00 1.62078E+00 1.65963E+00 1.68045E+00 1.44080E+00 1.35022E+00 1.05843E+00 3.21695E+01
1.10167E+00 1.39196E+00 1.48669E+00 1.64564E+00 1.66167E+00 1.70111E+00 1.72231E+00 1.48281E+00 1.39196E+00 1.10167E+00 3.29639E+01
1.14416E+00 1.43299E+00 1.52799E+00 1.68580E+00 1.70188E+00 1.74191E+00 1.76347E+00 1.52412E+00 1.43299E+00 1.14416E+00 3.37348E+01
1.18592E+00 1.47334E+00 1.56858E+00 1.72530E+00 1.74143E+00 1.78202E+00 1.80395E+00 1.56472E+00 1.47334E+00 1.18592E+00 3.44833E+01
1.22697E+00 1.51301E+00 1.60849E+00 1.76415E+00 1.78032E+00 1.82148E+00 1.84376E+00 1.60463E+00 1.51301E+00 1.22697E+00 3.52099E+01
1.26731E+00 1.55202E+00 1.64773E+00 1.80236E+00 1.81857E+00 1.86028E+00 1.88291E+00 1.64388E+00 1.55202E+00 1.26731E+00 3.59156E+01
1.30697E+00 1.59038E+00 1.68631E+00 1.83994E+00 1.85620E+00 1.89844E+00 1.92142E+00 1.68247E+00 1.59038E+00 1.30697E+00 3.66009E+01
1.34597E+00 1.62811E+00 1.72424E+00 1.87691E+00 1.89321E+00 1.93597E+00 1.95929E+00 1.72041E+00 1.62811E+00 1.34597E+00 3.72667E+01
1.38430E+00 1.66521E+00 1.76155E+00 1.91327E+00 1.92961E+00 1.97289E+00 1.99655E+00 1.75773E+00 1.66521E+00 1.38430E+00 3.79135E+01
1.42200E+00 1.70170E+00 1.79824E+00 1.94905E+00 1.96542E+00 2.00921E+00 2.03320E+00 1.79443E+00 1.70170E+00 1.42200E+00 3.85421E+01
1.45907E+00 1.73760E+00 1.83432E+00 1.98424E+00 2.00065E+00 2.04494E+00 2.06925E+00 1.83052E+00 1.73760E+00 1.45907E+00 3.91531E+01
1.49554E+00 1.77291E+00 1.86982E+00 2.01887E+00 2.03532E+00 2.08009E+00 2.10472E+00 1.86603E+00 1.77291E+00 1.49554E+00 3.97471E+01
1.53140E+00 1.80765E+00 1.90474E+00 2.05294E+00 2.06943E+00 2.11468E+00 2.13962E+00 1.90095E+00 1.80765E+00 1.53140E+00 4.03246E+01
1.56668E+00 1.84183E+00 1.93909E+00 2.08647E+00 2.10299E+00 2.14872E+00 2.17397E+00 1.93532E+00 1.84183E+00 1.56668E+00 4.08863E+01
1.60139E+00 1.87547E+00 1.97289E+00 2.11947E+00 2.13602E+00 2.18221E+00 2.20777E+00 1.96913E+00 1.87547E+00 1.60139E+00 4.14326E+01
1.63554E+00 1.90857E+00 2.00615E+00 2.15194E+00 2.16853E+00 2.21518E+00 2.24104E+00 2.00240E+00 1.90857E+00 1.63554E+00 4.19641E+01
1.66914E+00 1.94114E+00 2.03888E+00 2.18391E+00 2.20053E+00 2.24763E+00 2.27378E+00 2.03514E+00 1.94114E+00 1.66914E+00 4.24813E+01
1.70221E+00 1.97321E+00 2.07110E+00 2.21538E+00 2.23203E+00 2.27957E+00 2.30602E+00 2.06736E+00 1.97321E+00 1.70221E+00 4.29846E+01
1.73476E+00 2.00477E+00 2.10281E+00 2.24636E+00 2.26304E+00 2.31102E+00 2.33775E+00 2.09908E+00 2.00477E+00 1.73476E+00 4.34746E+01
1.76680E+00 2.03585E+00 2.13402E+00 2.27686E+00 2.29358E+00 2.34198E+00 2.36900E+00 2.13031E+00 2.03585E+00 1.76680E+00 4.39516E+01
1.79834E+00 2.06644E+00 2.16476E+00 2.30689E+00 2.32364E+00 2.37246E+00 2.39976E+00 2.16105E+00 2.06644E+00 1.79834E+00 4.44162E+01
1.82940E+00 2.09657E+00 2.19502E+00 2.33647E+00 2.35325E+00 2.40248E+00 2.43006E+00 2.19132E+00 2.09657E+00 1.82940E+00 4.48686E+01
0.00000E+00 0.00000E+00 3.00613E-02 2.26857E-01 2.41043E-01 2.56677E-01 2.63384E-01 2.57241E-02 0.00000E+00 0.00000E+00 -8.46249E-01
0.00000E+00 0.00000E+00 7.37830E-02 2.63078E-01 2.77584E-01 2.95919E-01 3.04087E-01 6.93926E-02 0.00000E+00 0.00000E+00 3.05948E-01
0.00000E+00 3.09036E-02 1.20324E-01 3.03524E-01 3.18292E-01 3.38976E-01 3.48438E-01 1.15901E-01 3.09036E-02 0.00000E+00 1.53284E+00
0.00000E+00 7.75518E-02 1.68445E-01 3.46461E-01 3.61452E-01 3.84250E-01 3.94894E-01 1.64003E-01 7.75518E-02 0.00000E+00 2.79978E+00
0.00000E+00 1.25216E-01 2.17383E-01 3.90873E-01 4.06061E-01 4.30793E-01 4.42532E-01 2.12930E-01 1.25216E-01 0.00000E+00 4.09689E+00
0.00000E+00 1.73227E-01 2.66510E-01 4.35994E-01 4.51357E-01 4.77876E-01 4.90638E-01 2.62053E-01 1.73227E-01 0.00000E+00 5.39812E+00
0.00000E+00 2.21158E-01 3.15430E-01 4.81328E-01 4.96847E-01 5.25028E-01 5.38752E-01 3.10974E-01 2.21158E-01 0.00000E+00 6.68627E+00
0.00000E+00 2.68730E-01 3.63884E-01 5.26541E-01 5.42202E-01 5.71939E-01 5.86571E-01 3.59433E-01 2.68730E-01 0.00000E+00 7.95013E+00
1.95219E-02 3.15603E-01 4.11547E-01 5.71266E-01 5.87057E-01 6.18249E-01 6.33740E-01 4.07104E-01 3.15603E-01 1.95219E-02 9.14523E+00
6.89600E-02 3.61675E-01 4.58329E-01 6.15364E-01 6.31274E-01 6.63838E-01 6.80145E-01 4.53897E-01 3.61675E-01 6.89600E-02 1.02506E+01
1.17554E-01 4.07119E-01 5.04424E-01 6.58967E-01 6.74988E-01 7.08859E-01 7.25951E-01 5.00005E-01 4.07119E-01 1.17554E-01 1.13238E+01
1.65250E-01 4.51855E-01 5.49758E-01 7.01978E-01 7.18102E-01 7.53225E-01 7.71071E-01 5.45353E-01 4.51855E-01 1.65250E-01 1.23633E+01
2.12013E-01 4.95827E-01 5.94283E-01 7.44329E-01 7.60550E-01 7.96871E-01 8.15446E-01 5.89894E-01 4.95827E-01 2.12013E-01 1.33684E+01
2.57826E-01 5.39000E-01 6.37968E-01 7.85972E-01 8.02285E-01 8.39757E-01 8.59036E-01 6.33595E-01 5.39000E-01 2.57826E-01 1.43390E+01
3.02680E-01 5.81351E-01 6.80794E-01 8.26876E-01 8.43275E-01 8.81854E-01 9.01814E-01 6.76439E-01 5.81351E-01 3.02680E-01 1.52754E+01
3.46577E-01 6.22869E-01 7.22754E-01 8.67021E-01 8.83501E-01 9.23146E-01 9.43766E-01 7.18417E-01 6.22869E-01 3.46577E-01 1.61780E+01
3.89526E-01 6.63549E-01 7.63847E-01 9.06396E-01 9.22953E-01 9.63628E-01 9.84888E-01 7.59529E-01 6.63549E-01 3.89526E-01 1.70478E+01
4.31537E-01 7.03394E-01 8.04078E-01 9.44996E-01 9.61627E-01 1.00330E+00 1.02518E+00 7.99779E-01 7.03394E-01 4.31537E-01 1.78857E+01
4.72626E-01 7.42411E-01 8.43456E-01 9.82824E-01 9.99526E-01 1.04216E+00 1.06464E+00 8.39177E-01 7.42411E-01 4.72626E-01 1.86926E+01
5.12810E-01 7.80610E-01 8.81993E-01 1.01989E+00 1.03665E+00 1.08022E+00 1.10329E+00 8.77735E-01 7.80610E-01 5.12810E-01 1.94696E+01
5.52109E-01 8.18003E-01 9.19705E-01 1.05619E+00 1.07302E+00 1.11748E+00 1.14113E+00 9.15466E-01 8.18003E-01 5.52109E-01 2.02179E+01
5.90543E-01 8.54605E-01 9.56606E-01 1.09174E+00 1.10864E+00 1.15398E+00 1.17818E+00 9.52388E-01 8.54605E-01 5.90543E-01 2.09384E+01
6.28134E-01 8.90431E-01 9.92714E-01 1.12656E+00 1.14351E+00 1.18971E+00 1.21446E+00 9.88517E-01 8.90431E-01 6.28134E-01 2.16324E+01
6.64901E-01 9.25498E-01 1.02805E+00 1.16066E+00 1.17767E+00 1.22469E+00 1.24997E+00 1.02387E+00 9.25498E-01 6.64901E-01 2.23009E+01
7.00868E-01 9.59824E-01 1.06262E+00 1.19405E+00 1.21111E+00 1.25894E+00 1.28474E+00 1.05847E+00 9.59824E-01 7.00868E-01 2.29449E+01
7.36056E-01 9.93425E-01 1.09646E+00 1.22674E+00 1.24386E+00 1.29247E+00 1.31878E+00 1.09233E+00 9.93425E-01 7.36056E-01 2.35654E+01
7.70485E-01 1.02632E+00 1.12958E+00 1.25877E+00 1.27593E+00 1.32531E+00 1.35212E+00 1.12547E+00 1.02632E+00 7.70485E-01 2.41635E+01
8.04177E-01 1.05853E+00 1.16200E+00 1.29013E+00 1.30734E+00 1.35746E+00 1.38476E+00 1.15791E+00 1.05853E+00 8.04177E-01 2.47400E+01
8.37153E-01 1.09006E+00 1.19374E+00 1.32085E+00 1.33811E+00 1.38896E+00 1.41673E+00 1.18967E+00 1.09006E+00 8.37153E-01 2.52960E+01
8.69433E-01 1.12095E+00 1.22481E+00 1.35094E+00 1.36824E+00 1.41980E+00 1.44804E+00 1.22076E+00 1.12095E+00 8.69433E-01 2.58322E+01
9.01036E-01 1.15120E+00 1.25524E+00 1.38042E+00 1.39777E+00 1.45002E+00 1.47871E+00 1.25122E+00 1.15120E+00 9.01036E-01 2.63495E+01
9.31982E-01 1.18083E+00 1.28505E+00 1.40930E+00 1.42669E+00 1.47962E+00 1.50876E+00 1.28104E+00 1.18083E+00 9.31982E-01 2.68487E+01
9.62289E-01 1.20985E+00 1.31424E+00 1.43760E+00 1.45503E+00 1.50863E+00 1.53821E+00 1.31025E+00 1.20985E+00 9.62289E-01 2.73305E+01
9.91976E-01 1.23829E+00 1.34283E+00 1.46533E+00 1.48281E+00 1.53705E+00 1.56706E+00 1.33887E+00 1.23829E+00 9.91976E-01 2.77957E+01
1.02106E+00 1.26617E+00 1.37085E+00 1.49252E+00 1.51003E+00 1.56491E+00 1.59535E+00 1.36691E+00 1.26617E+00 1.02106E+00 2.82450E+01
1.04956E+00 1.29348E+00 1.39831E+00 1.51916E+00 1.53671E+00 1.59221E+00 1.62307E+00 1.39439E+00 1.29348E+00 1.04956E+00 2.86790E+01
1.07749E+00 1.32026E+00 1.42522E+00 1.54529E+00 1.56287E+00 1.61898E+00 1.65025E+00 1.42132E+00 1.32026E+00 1.07749E+00 2.90983E+01
1.10486E+00 1.34651E+00 1.45160E+00 1.57090E+00 1.58852E+00 1.64523E+00 1.67690E+00 1.44772E+00 1.34651E+00 1.10486E+00 2.95036E+01
1.13170E+00 1.37226E+00 1.47747E+00 1.59602E+00 1.61368E+00 1.67097E+00 1.70304E+00 1.47360E+00 1.37226E+00 1.13170E+00 2.98954E+01
1.15802E+00 1.39750E+00 1.50283E+00 1.62066E+00 1.63835E+00 1.69622E+00 1.72867E+00 1.49898E+00 1.39750E+00 1.15802E+00 3.02743E+01
1.18383E+00 1.42226E+00 1.52770E+00 1.64483E+00 1.66255E+00 1.72098E+00 1.75382E+00 1.52388E+00 1.42226E+00 1.18383E+00 3.06407E+01
1.20914E+00 1.44655E+00 1.55210E+00 1.66854E+00 1.68629E+00 1.74528E+00 1.77849E+00 1.54829E+00 1.44655E+00 1.20914E+00 3.09952E+01
1.23397E+00 1.47039E+00 1.57603E+00 1.69181E+00 1.70959E+00 1.76912E+00 1.80270E+00 1.57225E+00 1.47039E+00 1.23397E+00 3.13382E+01
1.25834E+00 1.49377E+00 1.59951E+00 1.71464E+00 1.73245E+00 1.79251E+00 1.82646E+00 1.59575E+00 1.49377E+00 1.25834E+00 3.16702E+01
1.28225E+00 1.51673E+00 1.62256E+00 1.73705E+00 1.75489E+00 1.81548E+00 1.84979E+00 1.61881E+00 1.51673E+00 1.28225E+00 3.19916E+01
1.30572E+00 1.53926E+00 1.64517E+00 1.75905E+00 1.77692E+00 1.83802E+00 1.87268E+00 1.64145E+00 1.53926E+00 1.30572E+00 3.23028E+01
1.32875E+00 1.56138E+00 1.66738E+00 1.78064E+00 1.79855E+00 1.86015E+00 1.89517E+00 1.66367E+00 1.56138E+00 1.32875E+00 3.26042E+01
1.35137E+00 1.58309E+00 1.68917E+00 1.80185E+00 1.81978E+00 1.88188E+00 1.91724E+00 1.68548E+00 1.58309E+00 1.35137E+00 3.28961E+01
1.37358E+00 1.60442E+00 1.71057E+00 1.82268E+00 1.84063E+00 1.90323E+00 1.93892E+00 1.70690E+00 1.60442E+00 1.37358E+00 3.31790E+01
1.39539E+00 1.62537E+00 1.73159E+00 1.84313E+00 1.86111E+00 1.92419E+00 1.96022E+00 1.72794E+00 1.62537E+00 1.39539E+00 3.34531E+01
0.00000E+00 0.00000E+00 4.50672E-02 2.01988E-01 2.17562E-01 2.40348E-01 2.50362E-01 3.98980E-02 0.00000E+00 0.00000E+00 -6.02198E-01
0.00000E+00 0.00000E+00 8.71834E-02 2.37567E-01 2.53445E-01 2.79715E-01 2.91646E-01 8.20325E-02 0.00000E+00 0.00000E+00 5.44223E-01
0.00000E+00 2.84811E-02 1.30215E-01 2.75322E-01 2.91447E-01 3.20721E-01 3.34339E-01 1.25094E-01 2.84811E-02 0.00000E+00 1.69625E+00
0.00000E+00 7.04514E-02 1.73455E-01 3.14101E-01 3.30437E-01 3.62392E-01 3.77545E-01 1.68372E-01 7.04514E-02 0.00000E+00 2.83770E+00
0.00000E+00 1.12385E-01 2.16462E-01 3.53233E-01 3.69754E-01 4.04150E-01 4.20719E-01 2.11421E-01 1.12385E-01 0.00000E+00 3.96918E+00
0.00000E+00 1.53861E-01 2.58858E-01 3.92216E-01 4.08901E-01 4.45538E-01 4.63425E-01 2.53861E-01 1.53861E-01 0.00000E+00 5.07424E+00
0.00000E+00 1.94633E-01 3.00426E-01 4.30743E-01 4.47575E-01 4.86285E-01 5.05407E-01 2.95476E-01 1.94633E-01 0.00000E+00 6.14340E+00
0.00000E+00 2.34556E-01 3.41045E-01 4.68624E-01 4.85589E-01 5.26231E-01 5.46515E-01 3.36142E-01 2.34556E-01 0.00000E+00 7.17156E+00
1.63315E-02 2.73471E-01 3.80568E-01 5.05675E-01 5.22761E-01 5.65203E-01 5.86581E-01 3.75712E-01 2.73471E-01 1.63315E-02 8.12468E+00
5.73759E-02 3.11360E-01 4.18991E-01 5.41849E-01 5.59046E-01 6.03174E-01 6.25590E-01 4.14183E-01 3.11360E-01 5.73759E-02 8.98895E+00
9.73083E-02 3.48340E-01 4.56449E-01 5.77225E-01 5.94525E-01 6.40256E-01 6.63666E-01 4.51689E-01 3.48340E-01 9.73083E-02 9.81582E+00
1.36133E-01 3.84389E-01 4.92928E-01 6.11771E-01 6.29166E-01 6.76424E-01 7.00788E-01 4.88216E-01 3.84389E-01 1.36133E-01 1.06059E+01
1.73864E-01 4.19504E-01 5.28431E-01 6.45469E-01 6.62955E-01 7.11670E-01 7.36953E-01 5.23766E-01 4.19504E-01 1.73864E-01 1.13600E+01
2.10525E-01 4.53690E-01 5.62967E-01 6.78317E-01 6.95887E-01 7.45998E-01 7.72166E-01 5.58350E-01 4.53690E-01 2.10525E-01 1.20795E+01
2.46141E-01 4.86959E-01 5.96555E-01 7.10318E-01 7.27968E-01 7.79417E-01 8.06439E-01 5.91984E-01 4.86959E-01 2.46141E-01 1.27656E+01
2.80744E-01 5.19331E-01 6.29214E-01 7.41484E-01 7.59209E-01 8.11943E-01 8.39792E-01 6.24690E-01 5.19331E-01 2.80744E-01 1.34198E+01
3.14364E-01 5.50825E-01 6.60970E-01 7.71830E-01 7.89626E-01 8.43597E-01 8.72245E-01 6.56491E-01 5.50825E-01 3.14364E-01 1.40436E+01
3.47034E-01 5.81464E-01 6.91847E-01 8.01373E-01 8.19238E-01 8.74399E-01 9.03823E-01 6.87414E-01 5.81464E-01 3.47034E-01 1.46385E+01
3.78786E-01 6.11274E-01 7.21874E-01 8.30134E-01 8.48063E-01 9.04374E-01 9.34550E-01 7.17486E-01 6.11274E-01 3.78786E-01 1.52058E+01
4.09652E-01 6.40280E-01 7.51077E-01 8.58134E-01 8.76125E-01 9.33545E-01 9.64452E-01 7.46732E-01 6.40280E-01 4.09652E-01 1.57470E+01
4.39665E-01 6.68506E-01 7.79482E-01 8.85395E-01 9.03444E-01 9.61938E-01 9.93555E-01 7.75182E-01 6.68506E-01 4.39665E-01 1.62634E+01
4.68855E-01 6.95978E-01 8.07119E-01 9.11939E-01 9.30045E-01 9.89578E-01 1.02189E+00 8.02861E-01 6.95978E-01 4.68855E-01 1.67564E+01
4.97251E-01 7.22722E-01 8.34011E-01 9.37789E-01 9.55948E-01 1.01649E+00 1.04947E+00 8.29796E-01 7.22722E-01 4.97251E-01 1.72270E+01
5.24884E-01 7.48761E-01 8.60186E-01 9.62966E-01 9.81177E-01 1.04269E+00 1.07633E+00 8.56013E-01 7.48761E-01 5.24884E-01 1.76766E+01
5.51781E-01 7.74120E-01 8.85669E-01 9.87493E-01 1.00575E+00 1.06822E+00 1.10250E+00 8.81537E-01 7.74120E-01 5.51781E-01 1.81061E+01
5.77969E-01 7.98822E-01 9.10483E-01 1.01139E+00 1.02970E+00 1.09308E+00 1.12799E+00 9.06392E-01 7.98822E-01 5.77969E-01 1.85167E+01
6.03473E-01 8.22890E-01 9.34653E-01 1.03468E+00 1.05303E+00 1.11732E+00 1.15283E+00 9.30602E-01 8.22890E-01 6.03473E-01 1.89093E+01
6.28320E-01 8.46346E-01 9.58201E-01 1.05738E+00 1.07578E+00 1.14093E+00 1.17704E+00 9.54189E-01 8.46346E-01 6.28320E-01 1.92848E+01
6.52531E-01 8.69210E-01 9.81148E-01 1.07951E+00 1.09795E+00 1.16396E+00 1.20064E+00 9.77175E-01 8.69210E-01 6.52531E-01 1.96442E+01
6.76131E-01 8.91503E-01 1.00352E+00 1.10109E+00 1.11957E+00 1.18641E+00 1.22367E+00 9.99581E-01 8.91503E-01 6.76131E-01 1.99881E+01
6.99141E-01 9.13244E-01 1.02532E+00 1.12215E+00 1.14066E+00 1.20830E+00 1.24612E+00 1.02143E+00 9.13244E-01 6.99141E-01 2.03175E+01
7.21582E-01 9.34452E-01 1.04659E+00 1.14268E+00 1.16124E+00 1.22966E+00 1.26803E+00 1.04273E+00 9.34452E-01 7.21582E-01 2.06330E+01
7.43473E-01 9.55146E-01 1.06734E+00 1.16272E+00 1.18132E+00 1.25051E+00 1.28941E+00 1.06352E+00 9.55146E-01 7.43473E-01 2.09353E+01
7.64834E-01 9.75342E-01 1.08758E+00 1.18228E+00 1.20091E+00 1.27085E+00 1.31028E+00 1.08380E+00 9.75342E-01 7.64834E-01 2.12251E+01
7.85684E-01 9.95057E-01 1.10734E+00 1.20138E+00 1.22004E+00 1.29072E+00 1.33066E+00 1.10359E+00 9.95057E-01 7.85684E-01 2.15029E+01
8.06039E-01 1.01431E+00 1.12663E+00 1.22002E+00 1.23872E+00 1.31011E+00 1.35056E+00 1.12291E+00 1.01431E+00 8.06039E-01 2.17694E+01
8.25916E-01 1.03311E+00 1.14546E+00 1.23823E+00 1.25696E+00 1.32906E+00 1.36999E+00 1.14178E+00 1.03311E+00 8.25916E-01 2.20250E+01
8.45332E-01 1.05147E+00 1.16385E+00 1.25602E+00 1.27478E+00 1.34756E+00 1.38899E+00 1.16020E+00 1.05147E+00 8.45332E-01 2.22704E+01
8.64301E-01 1.06942E+00 1.18182E+00 1.27340E+00 1.29220E+00 1.36565E+00 1.40755E+00 1.17820E+00 1.06942E+00 8.64301E-01 2.25059E+01
8.82839E-01 1.08695E+00 1.19937E+00 1.29039E+00 1.30921E+00 1.38332E+00 1.42569E+00 1.19579E+00 1.08695E+00 8.82839E-01 2.27320E+01
9.00959E-01 1.10410E+00 1.21653E+00 1.30699E+00 1.32585E+00 1.40060E+00 1.44343E+00 1.21298E+00 1.10410E+00 9.00959E-01 2.29492E+01
9.18674E-01 1.12086E+00 1.23330E+00 1.32323E+00 1.34211E+00 1.41749E+00 1.46077E+00 1.22978E+00 1.12086E+00 9.18674E-01 2.31578E+01
9.35998E-01 1.13725E+00 1.24969E+00 1.33910E+00 1.35801E+00 1.43401E+00 1.47774E+00 1.24621E+00 1.13725E+00 9.35998E-01 2.33583E+01
9.52944E-01 1.15328E+00 1.26573E+00 1.35463E+00 1.37356E+00 1.45017E+00 1.49434E+00 1.26228E+00 1.15328E+00 9.52944E-01 2.35510E+01
9.69522E-01 1.16896E+00 1.28142E+00 1.36982E+00 1.38878E+00 1.46598E+00 1.51058E+00 1.27800E+00 1.16896E+00 9.69522E-01 2.37362E+01
9.85744E-01 1.18431E+00 1.29676E+00 1.38468E+00 1.40367E+00 1.48145E+00 1.52648E+00 1.29337E+00 1.18431E+00 9.85744E-01 2.39142E+01
1.00162E+00 1.19933E+00 1.31178E+00 1.39923E+00 1.41824E+00 1.49659E+00 1.54204E+00 1.30842E+00 1.19933E+00 1.00162E+00 2.40855E+01
1.01716E+00 1.21404E+00 1.32647E+00 1.41347E+00 1.43250E+00 1.51142E+00 1.55727E+00 1.32314E+00 1.21404E+00 1.01716E+00 2.42502E+01
1.03238E+00 1.22843E+00 1.34086E+00 1.42740E+00 1.44646E+00 1.52593E+00 1.57219E+00 1.33756E+00 1.22843E+00 1.03238E+00 2.44087E+01
1.04729E+00 1.24253E+00 1.35494E+00 1.44105E+00 1.46013E+00 1.54015E+00 1.58680E+00 1.35167E+00 1.24253E+00 1.04729E+00 2.45611E+01
0.00000E+00 0.00000E+00 6.14254E-02 1.81853E-01 1.98661E-01 2.31657E-01 2.46190E-01 5.55116E-02 0.00000E+00 0.00000E+00 -2.73027E-01
0.00000E+00 0.00000E+00 1.01315E-01 2.16349E-01 2.33446E-01 2.70855E-01 2.87901E-01 9.55360E-02 0.00000E+00 0.00000E+00 8.42252E-01
0.00000E+00 2.60040E-02 1.40490E-01 2.51212E-01 2.68546E-01 3.09721E-01 3.28965E-01 1.34840E-01 2.60040E-02 0.00000E+00 1.89929E+00
0.00000E+00 6.33815E-02 1.78728E-01 2.85836E-01 3.03370E-01 3.47883E-01 3.69114E-01 1.73204E-01 6.33815E-02 0.00000E+00 2.90276E+00
0.00000E+00 9.98480E-02 2.15884E-01 3.19876E-01 3.37586E-01 3.85114E-01 4.08171E-01 2.10479E-01 9.98480E-02 0.00000E+00 3.86440E+00
0.00000E+00 1.35216E-01 2.51807E-01 3.53074E-01 3.70941E-01 4.21221E-01 4.45969E-01 2.46519E-01 1.35216E-01 0.00000E+00 4.77732E+00
0.00000E+00 1.69403E-01 2.86448E-01 3.85301E-01 4.03308E-01 4.56120E-01 4.82445E-01 2.81271E-01 1.69403E-01 0.00000E+00 5.63920E+00
0.00000E+00 2.02389E-01 3.19803E-01 4.16496E-01 4.34630E-01 4.89788E-01 5.17592E-01 3.14734E-01 2.02389E-01 0.00000E+00 6.45029E+00
1.34677E-02 2.34150E-01 3.51863E-01 4.46618E-01 4.64867E-01 5.22198E-01 5.51389E-01 3.46897E-01 2.34150E-01 1.34677E-02 7.18579E+00
4.70394E-02 2.64742E-01 3.82695E-01 4.75695E-01 4.94048E-01 5.53406E-01 5.83906E-01 3.77828E-01 2.64742E-01 4.70394E-02 7.83771E+00
7.93435E-02 2.94258E-01 4.12406E-01 5.03790E-01 5.22241E-01 5.83515E-01 6.15266E-01 4.07635E-01 2.94258E-01 7.93435E-02 8.45128E+00
1.10432E-01 3.22727E-01 4.41034E-01 5.30923E-01 5.49464E-01 6.12557E-01 6.45505E-01 4.36355E-01 3.22727E-01 1.10432E-01 9.02852E+00
1.40360E-01 3.50186E-01 4.68617E-01 5.57118E-01 5.75744E-01 6.40567E-01 6.74663E-01 4.64029E-01 3.50186E-01 1.40360E-01 9.57155E+00
1.69179E-01 3.76671E-01 4.95200E-01 5.82407E-01 6.01112E-01 6.67584E-01 7.02784E-01 4.90699E-01 3.76671E-01 1.69179E-01 1.00825E+01
1.96944E-01 4.02223E-01 5.20824E-01 6.06821E-01 6.25601E-01 6.93649E-01 7.29911E-01 5.16409E-01 4.02223E-01 1.96944E-01 1.05632E+01
2.23704E-01 4.26880E-01 5.45533E-01 6.30394E-01 6.49245E-01 7.18801E-01 7.56088E-01 5.41200E-01 4.26880E-01 2.23704E-01 1.10159E+01
2.49509E-01 4.50682E-01 5.69367E-01 6.53161E-01 6.72078E-01 7.43080E-01 7.81356E-01 5.65115E-01 4.50682E-01 2.49509E-01 1.14422E+01
2.74405E-01 4.73666E-01 5.92367E-01 6.75154E-01 6.94134E-01 7.66524E-01 8.05758E-01 5.88193E-01 4.73666E-01 2.74405E-01 1.18438E+01
2.98436E-01 4.95869E-01 6.14571E-01 6.96406E-01 7.15447E-01 7.89172E-01 8.29331E-01 6.10473E-01 4.95869E-01 2.98436E-01 1.22225E+01
3.21644E-01 5.17325E-01 6.36016E-01 7.16949E-01 7.36047E-01 8.11057E-01 8.52114E-01 6.31992E-01 5.17325E-01 3.21644E-01 1.25796E+01
3.44068E-01 5.38069E-01 6.56736E-01 7.36813E-01 7.55965E-01 8.32216E-01 8.74143E-01 6.52785E-01 5.38069E-01 3.44068E-01 1.29167E+01
3.65745E-01 5.58131E-01 6.76764E-01 7.56028E-01 7.75232E-01 8.52679E-01 8.95452E-01 6.72884E-01 5.58131E-01 3.65745E-01 1.32349E+01
3.86710E-01 5.77543E-01 6.96133E-01 7.74622E-01 7.93876E-01 8.72479E-01 9.16072E-01 6.92321E-01 5.77543E-01 3.86710E-01 1.35356E+01
4.06997E-01 5.96332E-01 7.14871E-01 7.92621E-01 8.11922E-01 8.91644E-01 9.36036E-01 7.11127E-01 5.96332E-01 4.06997E-01 1.38197E+01
4.26636E-01 6.14527E-01 7.33007E-01 8.10051E-01 8.29397E-01 9.10202E-01 9.55372E-01 7.29328E-01 6.14527E-01 4.26636E-01 1.40884E+01
4.45656E-01 6.32153E-01 7.50568E-01 8.26935E-01 8.46326E-01 9.28180E-01 9.74107E-01 7.46953E-01 6.32153E-01 4.45656E-01 1.43426E+01
4.64085E-01 6.49235E-01 7.67578E-01 8.43298E-01 8.62730E-01 9.45602E-01 9.92268E-01 7.64026E-01 6.49235E-01 4.64085E-01 1.45831E+01
4.81950E-01 6.65795E-01 7.84062E-01 8.59161E-01 8.78633E-01 9.62493E-01 1.00988E+00 7.80571E-01 6.65795E-01 4.81950E-01 1.48109E+01
4.99275E-01 6.81856E-01 8.00041E-01 8.74544E-01 8.94055E-01 9.78874E-01 1.02696E+00 7.96610E-01 6.81856E-01 4.99275E-01 1.50267E+01
5.16082E-01 6.97439E-01 8.15538E-01 8.89468E-01 9.09015E-01 9.94767E-01 1.04354E+00 8.12166E-01 6.97439E-01 5.16082E-01 1.52312E+01
5.32395E-01 7.12563E-01 8.30572E-01 9.03950E-01 9.23533E-01 1.01019E+00 1.05964E+00 8.27257E-01 7.12563E-01 5.32395E-01 1.54250E+01
5.48233E-01 7.27247E-01 8.45163E-01 9.18009E-01 9.37627E-01 1.02517E+00 1.07527E+00 8.41904E-01 7.27247E-01 5.48233E-01 1.56088E+01
5.63616E-01 7.41509E-01 8.59328E-01 9.31662E-01 9.51313E-01 1.03972E+00 1.09046E+00 8.56124E-01 7.41509E-01 5.63616E-01 1.57832E+01
5.78563E-01 7.55366E-01 8.73085E-01 9.44924E-01 9.64607E-01 1.05385E+00 1.10522E+00 8.69935E-01 7.55366E-01 5.78563E-01 1.59486E+01
5.93091E-01 7.68833E-01 8.86450E-01 9.57812E-01 9.77525E-01 1.06758E+00 1.11957E+00 8.83353E-01 7.68833E-01 5.93091E-01 1.61056E+01
6.07217E-01 7.81926E-01 8.99438E-01 9.70338E-01 9.90081E-01 1.08094E+00 1.13352E+00 8.96393E-01 7.81926E-01 6.07217E-01 1.62547E+01
6.20956E-01 7.94659E-01 9.12065E-01 9.82518E-01 1.00229E+00 1.09392E+00 1.14710E+00 9.09070E-01 7.94659E-01 6.20956E-01 1.63962E+01
6.34324E-01 8.07046E-01 9.24343E-01 9.94363E-01 1.01416E+00 1.10656E+00 1.16031E+00 9.21398E-01 8.07046E-01 6.34324E-01 1.65307E+01
6.47335E-01 8.19100E-01 9.36286E-01 1.00589E+00 1.02571E+00 1.11885E+00 1.17317E+00 9.33390E-01 8.19100E-01 6.47335E-01 1.66584E+01
6.60002E-01 8.30833E-01 9.47907E-01 1.01710E+00 1.03695E+00 1.13081E+00 1.18569E+00 9.45059E-01 8.30833E-01 6.60002E-01 1.67797E+01
6.72338E-01 8.42257E-01 9.59218E-01 1.02802E+00 1.04790E+00 1.14246E+00 1.19788E+00 9.56417E-01 8.42257E-01 6.72338E-01 1.68950E+01
6.84355E-01 8.53383E-01 9.70229E-01 1.03865E+00 1.05855E+00 1.15381E+00 1.20976E+00 9.67474E-01 8.53383E-01 6.84355E-01 1.70045E+01
6.96064E-01 8.64222E-01 9.80952E-01 1.04900E+00 1.06892E+00 1.16486E+00 1.22134E+00 9.78243E-01 8.64222E-01 6.96064E-01 1.71086E+01
7.07478E-01 8.74784E-01 9.91397E-01 1.05908E+00 1.07903E+00 1.17564E+00 1.23263E+00 9.88733E-01 8.74784E-01 7.07478E-01 1.72075E+01
7.18605E-01 8.85078E-01 1.00157E+00 1.06891E+00 1.08888E+00 1.18613E+00 1.24364E+00 9.98954E-01 8.85078E-01 7.18605E-01 1.73015E+01
7.29457E-01 8.95115E-01 1.01149E+00 1.07848E+00 1.09848E+00 1.19637E+00 1.25437E+00 1.00892E+00 8.95115E-01 7.29457E-01 1.73909E+01
7.40042E-01 9.04903E-01 1.02116E+00 1.08782E+00 1.10783E+00 1.20635E+00 1.26484E+00 1.01863E+00 9.04903E-01 7.40042E-01 1.74758E+01
7.50370E-01 9.14450E-01 1.03059E+00 1.09692E+00 1.11696E+00 1.21609E+00 1.27506E+00 1.02810E+00 9.14450E-01 7.50370E-01 1.75565E+01
7.60450E-01 9.23764E-01 1.03978E+00 1.10580E+00 1.12586E+00 1.22558E+00 1.28503E+00 1.03733E+00 9.23764E-01 7.60450E-01 1.76331E+01
7.70290E-01 9.32854E-01 1.04875E+00 1.11446E+00 1.13454E+00 1.23485E+00 1.29476E+00 1.04634E+00 9.32854E-01 7.70290E-01 1.77059E+01
0.00000E+00 0.00000E+00 7.84129E-02 1.66589E-01 1.84419E-01 2.31811E-01 2.52595E-01 7.20875E-02 0.00000E+00 0.00000E+00 1.47868E-01
0.00000E+00 0.00000E+00 1.15214E-01 1.99369E-01 2.17494E-01 2.70345E-01 2.94420E-01 1.09193E-01 0.00000E+00 0.00000E+00 1.19468E+00
0.00000E+00 2.33846E-02 1.49974E-01 2.30962E-01 2.49327E-01 3.06788E-01 3.33718E-01 1.44223E-01 2.33846E-02 0.00000E+00 2.13013E+00
0.00000E+00 5.61351E-02 1.82905E-01 2.61271E-01 2.79841E-01 3.41348E-01 3.70841E-01 1.77399E-01 5.61351E-02 0.00000E+00 2.97968E+00
0.00000E+00 8.72871E-02 2.14122E-01 2.90255E-01 3.09003E-01 3.74139E-01 4.05972E-01 2.08843E-01 8.72871E-02 0.00000E+00 3.76553E+00
0.00000E+00 1.16866E-01 2.43683E-01 3.17881E-01 3.36788E-01 4.05211E-01 4.39201E-01 2.38614E-01 1.16866E-01 0.00000E+00 4.48940E+00
0.00000E+00 1.44940E-01 2.71676E-01 3.44177E-01 3.63227E-01 4.34654E-01 4.70645E-01 2.66803E-01 1.44940E-01 0.00000E+00 5.15496E+00
0.00000E+00 1.71591E-01 2.98200E-01 3.69197E-01 3.88375E-01 4.62568E-01 5.00427E-01 2.93511E-01 1.71591E-01 0.00000E+00 5.76663E+00
1.08883E-02 1.96904E-01 3.23348E-01 3.93005E-01 4.12299E-01 4.89039E-01 5.28642E-01 3.18831E-01 1.96904E-01 1.08883E-02 6.30740E+00
3.77938E-02 2.20987E-01 3.47238E-01 4.15691E-01 4.35089E-01 5.14190E-01 5.55429E-01 3.42882E-01 2.20987E-01 3.77938E-02 6.77370E+00
6.33781E-02 2.43932E-01 3.69967E-01 4.37319E-01 4.56816E-01 5.38137E-01 5.80934E-01 3.65766E-01 2.43932E-01 6.33781E-02 7.20431E+00
8.77299E-02 2.65808E-01 3.91609E-01 4.57950E-01 4.77536E-01 5.60955E-01 6.05237E-01 3.87555E-01 2.65808E-01 8.77299E-02 7.60219E+00
1.10932E-01 2.86678E-01 4.12231E-01 4.77638E-01 4.97309E-01 5.82714E-01 6.28415E-01 4.08317E-01 2.86678E-01 1.10932E-01 7.97007E+00
1.33060E-01 3.06603E-01 4.31897E-01 4.96439E-01 5.16189E-01 6.03478E-01 6.50539E-01 4.28118E-01 3.06603E-01 1.33060E-01 8.31045E+00
1.54184E-01 3.25642E-01 4.50667E-01 5.14405E-01 5.34229E-01 6.23309E-01 6.71675E-01 4.47017E-01 3.25642E-01 1.54184E-01 8.62564E+00
1.74368E-01 3.43846E-01 4.68595E-01 5.31582E-01 5.51476E-01 6.42264E-01 6.91884E-01 4.65069E-01 3.43846E-01 1.74368E-01 8.91772E+00
1.93673E-01 3.61266E-01 4.85734E-01 5.48018E-01 5.67978E-01 6.60396E-01 7.11224E-01 4.82327E-01 3.61266E-01 1.93673E-01 9.18860E+00
2.12152E-01 3.77948E-01 5.02129E-01 5.63755E-01 5.83776E-01 6.77755E-01 7.29746E-01 4.98838E-01 3.77948E-01 2.12152E-01 9.43999E+00
2.29855E-01 3.93934E-01 5.17827E-01 5.78832E-01 5.98912E-01 6.94384E-01 7.47499E-01 5.14646E-01 3.93934E-01 2.29855E-01 9.67346E+00
2.46829E-01 4.09265E-01 5.32866E-01 5.93286E-01 6.13421E-01 7.10327E-01 7.64528E-01 5.29792E-01 4.09265E-01 2.46829E-01 9.89044E+00
2.63116E-01 4.23978E-01 5.47285E-01 6.07153E-01 6.27340E-01 7.25623E-01 7.80874E-01 5.44314E-01 4.23978E-01 2.63116E-01 1.00922E+01
2.78757E-01 4.38106E-01 5.61119E-01 6.20463E-01 6.40701E-01 7.40308E-01 7.96575E-01 5.58248E-01 4.38106E-01 2.78757E-01 1.02799E+01
2.93786E-01 4.51682E-01 5.74400E-01 6.33247E-01 6.53532E-01 7.54415E-01 8.11668E-01 5.71626E-01 4.51682E-01 2.93786E-01 1.04547E+01
3.08239E-01 4.64735E-01 5.87159E-01 6.45534E-01 6.65864E-01 7.67976E-01 8.26186E-01 5.84478E-01 4.64735E-01 3.08239E-01 1.06174E+01
3.22146E-01 4.77293E-01 5.99423E-01 6.57348E-01 6.77721E-01 7.81020E-01 8.40158E-01 5.96832E-01 4.77293E-01 3.22146E-01 1.07691E+01
3.35537E-01 4.89382E-01 6.11218E-01 6.68715E-01 6.89129E-01 7.93574E-01 8.53614E-01 6.08715E-01 4.89382E-01 3.35537E-01 1.09104E+01
3.48438E-01 5.01026E-01 6.22570E-01 6.79657E-01 7.00110E-01 8.05663E-01 8.66580E-01 6.20152E-01 5.01026E-01 3.48438E-01 1.10422E+01
3.60874E-01 5.12248E-01 6.33499E-01 6.90195E-01 7.10685E-01 8.17310E-01 8.79081E-01 6.31165E-01 5.12248E-01 3.60874E-01 1.11650E+01
3.72870E-01 5.23067E-01 6.44029E-01 7.00350E-01 7.20876E-01 8.28539E-01 8.91141E-01 6.41775E-01 5.23067E-01 3.72870E-01 1.12796E+01
3.84447E-01 5.33505E-01 6.54178E-01 7.10139E-01 7.30699E-01 8.39369E-01 9.02781E-01 6.52002E-01 5.33505E-01 3.84447E-01 1.13865E+01
3.95626E-01 5.43578E-01 6.63965E-01 7.19581E-01 7.40174E-01 8.49819E-01 9.14021E-01 6.61865E-01 5.43578E-01 3.95626E-01 1.14862E+01
4.06425E-01 5.53306E-01 6.73407E-01 7.28692E-01 7.49316E-01 8.59908E-01 9.24880E-01 6.71381E-01 5.53306E-01 4.06425E-01 1.15793E+01
4.16863E-01 5.62702E-01 6.82521E-01 7.37487E-01 7.58141E-01 8.69653E-01 9.35377E-01 6.80567E-01 5.62702E-01 4.16863E-01 1.16660E+01
4.26956E-01 5.71784E-01 6.91322E-01 7.45980E-01 7.66663E-01 8.79069E-01 9.45527E-01 6.89438E-01 5.71784E-01 4.26956E-01 1.17469E+01
4.36720E-01 5.80565E-01 6.99823E-01 7.54186E-01 7.74897E-01 8.88171E-01 9.55346E-01 6.98009E-01 5.80565E-01 4.36720E-01 1.18223E+01
4.46171E-01 5.89059E-01 7.08040E-01 7.62117E-01 7.82854E-01 8.96974E-01 9.64850E-01 7.06292E-01 5.89059E-01 4.46171E-01 1.18926E+01
4.55321E-01 5.97277E-01 7.15984E-01 7.69786E-01 7.90548E-01 9.05490E-01 9.74052E-01 7.14301E-01 5.97277E-01 4.55321E-01 1.19581E+01
4.64184E-01 6.05233E-01 7.23667E-01 7.77203E-01 7.97989E-01 9.13733E-01 9.82965E-01 7.22048E-01 6.05233E-01 4.64184E-01 1.20191E+01
4.72773E-01 6.12938E-01 7.31101E-01 7.84379E-01 8.05189E-01 9.21713E-01 9.91602E-01 7.29544E-01 6.12938E-01 4.72773E-01 1.20759E+01
4.81099E-01 6.20401E-01 7.38296E-01 7.91325E-01 8.12158E-01 9.29442E-01 9.99974E-01 7.36800E-01 6.20401E-01 4.81099E-01 1.21287E+01
4.89173E-01 6.27633E-01 7.45262E-01 7.98049E-01 8.18904E-01 9.36931E-01 1.00809E+00 7.43826E-01 6.27633E-01 4.89173E-01 1.21777E+01
4.97006E-01 6.34644E-01 7.52009E-01 8.04562E-01 8.25438E-01 9.44189E-01 1.01597E+00 7.50631E-01 6.34644E-01 4.97006E-01 1.22232E+01
5.04607E-01 6.41442E-01 7.58546E-01 8.10872E-01 8.31768E-01 9.51225E-01 1.02361E+00 7.57225E-01 6.41442E-01 5.04607E-01 1.22655E+01
5.11986E-01 6.48037E-01 7.64881E-01 8.16987E-01 8.37902E-01 9.58049E-01 1.03102E+00 7.63616E-01 6.48037E-01 5.11986E-01 1.23046E+01
5.19151E-01 6.54435E-01 7.71023E-01 8.22915E-01 8.43848E-01 9.64669E-01 1.03822E+00 7.69812E-01 6.54435E-01 5.19151E-01 1.23408E+01
5.26111E-01 6.60646E-01 7.76978E-01 8.28662E-01 8.49614E-01 9.71093E-01 1.04522E+00 7.75820E-01 6.60646E-01 5.26111E-01 1.23742E+01
5.32874E-01 6.66675E-01 7.82755E-01 8.34237E-01 8.55206E-01 9.77329E-01 1.05201E+00 7.81649E-01 6.66675E-01 5.32874E-01 1.24050E+01
5.39447E-01 6.72530E-01 7.88359E-01 8.39645E-01 8.60630E-01 9.83383E-01 1.05862E+00 7.87305E-01 6.72530E-01 5.39447E-01 1.24333E+01
5.45838E-01 6.78218E-01 7.93799E-01 8.44892E-01 8.65894E-01 9.89263E-01 1.06504E+00 7.92794E-01 6.78218E-01 5.45838E-01 1.24593E+01
5.52053E-01 6.83744E-01 7.99079E-01 8.49986E-01 8.71004E-01 9.94974E-01 1.07128E+00 7.98123E-01 6.83744E-01 5.52053E-01 1.24831E+01
0.00000E+00 0.00000E+00 9.45247E-02 1.56327E-01 1.75029E-01 2.42402E-01 2.71997E-01 8.85509E-02 0.00000E+00 0.00000E+00 6.44986E-01
0.00000E+00 0.00000E+00 1.27050E-01 1.86425E-01 2.05465E-01 2.79383E-01 3.13273E-01 1.21595E-01 0.00000E+00 0.00000E+00 1.57478E+00
0.00000E+00 2.05055E-02 1.56601E-01 2.14111E-01 2.33425E-01 3.12802E-01 3.50380E-01 1.51586E-01 2.05055E-02 0.00000E+00 2.35746E+00
0.00000E+00 4.84596E-02 1.83741E-01 2.39742E-01 2.59288E-01 3.43405E-01 3.84265E-01 1.79115E-01 4.84596E-02 0.00000E+00 3.03600E+00
0.00000E+00 7.43449E-02 2.08802E-01 2.63541E-01 2.83289E-01 3.71617E-01 4.15451E-01 2.04524E-01 7.43449E-02 0.00000E+00 3.64062E+00
0.00000E+00 9.83702E-02 2.32005E-01 2.85669E-01 3.05596E-01 3.97706E-01 4.44263E-01 2.28042E-01 9.83702E-02 0.00000E+00 4.17965E+00
0.00000E+00 1.20725E-01 2.53545E-01 3.06283E-01 3.26369E-01 4.21908E-01 4.70975E-01 2.49871E-01 1.20725E-01 0.00000E+00 4.66096E+00
0.00000E+00 1.41578E-01 2.73597E-01 3.25525E-01 3.45752E-01 4.44425E-01 4.95822E-01 2.70188E-01 1.41578E-01 0.00000E+00 5.09163E+00
8.55913E-03 1.61082E-01 2.92319E-01 3.43535E-01 3.63890E-01 4.65427E-01 5.18985E-01 2.89154E-01 1.61082E-01 8.55913E-03 5.46072E+00
2.95130E-02 1.79385E-01 3.09859E-01 3.60442E-01 3.80912E-01 4.85082E-01 5.40657E-01 3.06919E-01 1.79385E-01 2.95130E-02 5.76759E+00
4.91867E-02 1.96586E-01 3.26308E-01 3.76320E-01 3.96895E-01 5.03529E-01 5.61014E-01 3.23580E-01 1.96586E-01 4.91867E-02 6.04443E+00
6.76924E-02 2.12776E-01 3.41761E-01 3.91252E-01 4.11924E-01 5.20870E-01 5.80168E-01 3.39232E-01 2.12776E-01 6.76924E-02 6.29449E+00
8.51299E-02 2.28036E-01 3.56298E-01 4.05314E-01 4.26076E-01 5.37197E-01 5.98220E-01 3.53958E-01 2.28036E-01 8.51299E-02 6.52059E+00
1.01587E-01 2.42442E-01 3.69995E-01 4.18574E-01 4.39419E-01 5.52593E-01 6.15262E-01 3.67833E-01 2.42442E-01 1.01587E-01 6.72526E+00
1.17144E-01 2.56058E-01 3.82917E-01 4.31093E-01 4.52016E-01 5.67131E-01 6.31373E-01 3.80924E-01 2.56058E-01 1.17144E-01 6.91069E+00
1.31869E-01 2.68945E-01 3.95124E-01 4.42927E-01 4.63921E-01 5.80877E-01 6.46624E-01 3.93291E-01 2.68945E-01 1.31869E-01 7.07881E+00
1.45827E-01 2.81155E-01 4.06669E-01 4.54124E-01 4.75186E-01 5.93890E-01 6.61081E-01 4.04989E-01 2.81155E-01 1.45827E-01 7.23135E+00
1.59074E-01 2.92739E-01 4.17601E-01 4.64732E-01 4.85857E-01 6.06225E-01 6.74801E-01 4.16066E-01 2.92739E-01 1.59074E-01 7.36982E+00
1.71661E-01 3.03739E-01 4.27962E-01 4.74791E-01 4.95975E-01 6.17928E-01 6.87838E-01 4.26567E-01 3.03739E-01 1.71661E-01 7.49557E+00
1.83635E-01 3.14196E-01 4.37794E-01 4.84339E-01 5.05578E-01 6.29045E-01 7.00238E-01 4.36532E-01 3.14196E-01 1.83635E-01 7.60978E+00
1.95036E-01 3.24147E-01 4.47132E-01 4.93409E-01 5.14700E-01 6.39614E-01 7.12046E-01 4.45998E-01 3.24147E-01 1.95036E-01 7.71352E+00
2.05905E-01 3.33624E-01 4.56009E-01 5.02034E-01 5.23374E-01 6.49673E-01 7.23299E-01 4.54997E-01 3.33624E-01 2.05905E-01 7.80775E+00
2.16275E-01 3.42659E-01 4.64455E-01 5.10242E-01 5.31627E-01 6.59255E-01 7.34035E-01 4.63560E-01 3.42659E-01 2.16275E-01 7.89330E+00
2.26179E-01 3.51278E-01 4.72497E-01 5.18058E-01 5.39487E-01 6.68389E-01 7.44285E-01 4.71715E-01 3.51278E-01 2.26179E-01 7.97094E+00
2.35644E-01 3.59508E-01 4.80161E-01 5.25508E-01 5.46977E-01 6.77104E-01 7.54080E-01 4.79488E-01 3.59508E-01 2.35644E-01 8.04135E+00
2.44699E-01 3.67372E-01 4.87471E-01 5.32614E-01 5.54121E-01 6.85426E-01 7.63448E-01 4.86902E-01 3.67372E-01 2.44699E-01 8.10514E+00
2.53368E-01 3.74891E-01 4.94446E-01 5.39395E-01 5.60938E-01 6.93377E-01 7.72413E-01 4.93978E-01 3.74891E-01 2.53368E-01 8.16287E+00
2.61673E-01 3.82087E-01 5.01107E-01 5.45871E-01 5.67448E-01 7.00979E-01 7.81000E-01 5.00736E-01 3.82087E-01 2.61673E-01 8.21504E+00
2.69635E-01 3.88976E-01 5.07473E-01 5.52059E-01 5.73669E-01 7.08253E-01 7.89229E-01 5.07196E-01 3.88976E-01 2.69635E-01 8.26210E+00
2.77273E-01 3.95577E-01 5.13559E-01 5.57976E-01 5.79616E-01 7.15217E-01 7.97122E-01 5.13373E-01 3.95577E-01 2.77273E-01 8.30446E+00
2.84606E-01 4.01905E-01 5.19382E-01 5.63636E-01 5.85305E-01 7.21888E-01 8.04695E-01 5.19283E-01 4.01905E-01 2.84606E-01 8.34249E+00
2.91650E-01 4.07975E-01 5.24955E-01 5.69053E-01 5.90749E-01 7.28282E-01 8.11968E-01 5.24941E-01 4.07975E-01 2.91650E-01 8.37653E+00
2.98420E-01 4.13800E-01 5.30293E-01 5.74241E-01 5.95963E-01 7.34414E-01 8.18954E-01 5.30361E-01 4.13800E-01 2.98420E-01 8.40689E+00
3.04931E-01 4.19394E-01 5.35408E-01 5.79211E-01 6.00957E-01 7.40297E-01 8.25670E-01 5.35556E-01 4.19394E-01 3.04931E-01 8.43384E+00
3.11195E-01 4.24768E-01 5.40311E-01 5.83975E-01 6.05744E-01 7.45945E-01 8.32129E-01 5.40536E-01 4.24768E-01 3.11195E-01 8.45765E+00
3.17226E-01 4.29934E-01 5.45014E-01 5.88543E-01 6.10333E-01 7.51369E-01 8.38344E-01 5.45313E-01 4.29934E-01 3.17226E-01 8.47856E+00
3.23035E-01 4.34901E-01 5.49526E-01 5.92925E-01 6.14736E-01 7.56580E-01 8.44327E-01 5.49898E-01 4.34901E-01 3.23035E-01 8.49677E+00
3.28633E-01 4.39680E-01 5.53857E-01 5.97130E-01 6.18961E-01 7.61590E-01 8.50089E-01 5.54299E-01 4.39680E-01 3.28633E-01 8.51248E+00
3.34030E-01 4.44279E-01 5.58015E-01 6.01167E-01 6.23016E-01 7.66407E-01 8.55642E-01 5.58526E-01 4.44279E-01 3.34030E-01 8.52588E+00
3.39236E-01 4.48707E-01 5.62010E-01 6.05044E-01 6.26910E-01 7.71042E-01 8.60994E-01 5.62587E-01 4.48707E-01 3.39236E-01 8.53713E+00
3.44259E-01 4.52973E-01 5.65848E-01 6.08768E-01 6.30651E-01 7.75502E-01 8.66155E-01 5.66490E-01 4.52973E-01 3.44259E-01 8.54638E+00
3.49107E-01 4.57082E-01 5.69538E-01 6.12347E-01 6.34245E-01 7.79795E-01 8.71134E-01 5.70243E-01 4.57082E-01 3.49107E-01 8.55378E+00
3.53790E-01 4.61044E-01 5.73086E-01 6.15788E-01 6.37700E-01 7.83930E-01 8.75939E-01 5.73852E-01 4.61044E-01 3.53790E-01 8.55946E+00
3.58314E-01 4.64864E-01 5.76498E-01 6.19095E-01 6.41022E-01 7.87913E-01 8.80578E-01 5.77324E-01 4.64864E-01 3.58314E-01 8.56353E+00
3.62686E-01 4.68548E-01 5.79781E-01 6.22277E-01 6.44216E-01 7.91751E-01 8.85058E-01 5.80665E-01 4.68548E-01 3.62686E-01 8.56611E+00
3.66912E-01 4.72103E-01 5.82941E-01 6.25337E-01 6.47289E-01 7.95451E-01 8.89386E-01 5.83881E-01 4.72103E-01 3.66912E-01 8.56731E+00
3.71000E-01 4.75534E-01 5.85982E-01 6.28282E-01 6.50245E-01 7.99018E-01 8.93568E-01 5.86978E-01 4.75534E-01 3.71000E-01 8.56721E+00
3.74955E-01 4.78846E-01 5.88910E-01 6.31116E-01 6.53090E-01 8.02458E-01 8.97611E-01 5.89960E-01 4.78846E-01 3.74955E-01 8.56590E+00
3.78781E-01 4.82045E-01 5.91731E-01 6.33845E-01 6.55829E-01 8.05777E-01 9.01520E-01 5.92833E-01 4.82045E-01 3.78781E-01 8.56348E+00
3.82486E-01 4.85135E-01 5.94447E-01 6.36472E-01 6.58465E-01 8.08980E-01 9.05301E-01 5.95600E-01 4.85135E-01 3.82486E-01 8.56001E+00
0.00000E+00 0.00000E+00 1.01446E-01 1.53022E-01 1.72188E-01 2.52144E-01 2.87498E-01 9.61276E-02 0.00000E+00 0.00000E+00 9.06769E-01
0.00000E+00 0.00000E+00 1.31292E-01 1.81281E-01 2.00825E-01 2.87840E-01 3.28085E-01 1.26603E-01 0.00000E+00 0.00000E+00 1.75782E+00
0.00000E+00 1.89330E-02 1.57887E-01 2.06686E-01 2.26534E-01 3.19394E-01 3.63814E-01 1.53725E-01 1.89330E-02 0.00000E+00 2.45248E+00
0.00000E+00 4.43924E-02 1.81927E-01 2.29780E-01 2.49885E-01 3.47789E-01 3.95905E-01 1.78221E-01 4.43924E-02 0.00000E+00 3.04011E+00
0.00000E+00 6.76437E-02 2.03819E-01 2.50897E-01 2.71224E-01 3.73584E-01 4.25036E-01 2.00519E-01 6.76437E-02 0.00000E+00 3.55343E+00
0.00000E+00 8.89701E-02 2.23847E-01 2.70275E-01 2.90796E-01 3.97138E-01 4.51631E-01 2.20909E-01 8.89701E-02 0.00000E+00 4.00301E+00
0.00000E+00 1.08609E-01 2.42243E-01 2.88118E-01 3.08811E-01 4.18746E-01 4.76032E-01 2.39633E-01 1.08609E-01 0.00000E+00 4.39797E+00
0.00000E+00 1.26758E-01 2.59202E-01 3.04601E-01 3.25447E-01 4.38650E-01 4.98520E-01 2.56893E-01 1.26758E-01 0.00000E+00 4.74604E+00
7.48214E-03 1.43596E-01 2.74906E-01 3.19890E-01 3.40871E-01 4.57048E-01 5.19307E-01 2.72869E-01 1.43596E-01 7.48214E-03 5.03864E+00
2.57111E-02 1.59280E-01 2.89504E-01 3.34123E-01 3.55226E-01 4.74127E-01 5.38606E-01 2.87718E-01 1.59280E-01 2.57111E-02 5.27603E+00
4.27136E-02 1.73912E-01 3.03086E-01 3.47378E-01 3.68591E-01 4.90029E-01 5.56606E-01 3.01533E-01 1.73912E-01 4.27136E-02 5.48708E+00
5.86083E-02 1.87590E-01 3.15748E-01 3.59745E-01 3.81059E-01 5.04868E-01 5.73430E-01 3.14413E-01 1.87590E-01 5.86083E-02 5.67493E+00
7.34987E-02 2.00399E-01 3.27574E-01 3.71302E-01 3.92710E-01 5.18742E-01 5.89189E-01 3.26444E-01 2.00399E-01 7.34987E-02 5.84230E+00
8.74753E-02 2.12415E-01 3.38638E-01 3.82121E-01 4.03614E-01 5.31738E-01 6.03977E-01 3.37701E-01 2.12415E-01 8.74753E-02 5.99154E+00
1.00618E-01 2.23707E-01 3.49007E-01 3.92265E-01 4.13837E-01 5.43931E-01 6.17878E-01 3.48251E-01 2.23707E-01 1.00618E-01 6.12469E+00
1.12997E-01 2.34334E-01 3.58738E-01 4.01788E-01 4.23433E-01 5.55389E-01 6.30968E-01 3.58154E-01 2.34334E-01 1.12997E-01 6.24352E+00
1.24675E-01 2.44350E-01 3.67884E-01 4.10741E-01 4.32454E-01 5.66172E-01 6.43312E-01 3.67462E-01 2.44350E-01 1.24675E-01 6.34957E+00
1.35708E-01 2.53801E-01 3.76491E-01 4.19169E-01 4.40944E-01 5.76333E-01 6.54970E-01 3.76223E-01 2.53801E-01 1.35708E-01 6.44421E+00
1.46145E-01 2.62732E-01 3.84601E-01 4.27111E-01 4.48944E-01 5.85921E-01 6.65993E-01 3.84479E-01 2.62732E-01 1.46145E-01 6.52861E+00
1.56032E-01 2.71180E-01 3.92250E-01 4.34603E-01 4.56490E-01 5.94979E-01 6.76430E-01 3.92268E-01 2.71180E-01 1.56032E-01 6.60381E+00
1.65409E-01 2.79181E-01 3.99474E-01 4.41679E-01 4.63616E-01 6.03545E-01 6.86324E-01 3.99625E-01 2.79181E-01 1.65409E-01 6.67074E+00
1.74311E-01 2.86766E-01 4.06302E-01 4.48367E-01 4.70351E-01 6.11655E-01 6.95711E-01 4.06579E-01 2.86766E-01 1.74311E-01 6.73021E+00
1.82773E-01 2.93964E-01 4.12762E-01 4.54695E-01 4.76722E-01 6.19341E-01 7.04629E-01 4.13161E-01 2.93964E-01 1.82773E-01 6.78295E+00
1.90824E-01 3.00801E-01 4.18879E-01 4.60687E-01 4.82754E-01 6.26631E-01 7.13108E-01 4.19394E-01 3.00801E-01 1.90824E-01 6.82958E+00
1.98490E-01 3.07301E-01 4.24677E-01 4.66366E-01 4.88471E-01 6.33551E-01 7.21178E-01 4.25303E-01 3.07301E-01 1.98490E-01 6.87069E+00
2.05799E-01 3.13485E-01 4.30177E-01 4.71751E-01 4.93891E-01 6.40127E-01 7.28864E-01 4.30909E-01 3.13485E-01 2.05799E-01 6.90678E+00
2.12771E-01 3.19373E-01 4.35396E-01 4.76862E-01 4.99035E-01 6.46379E-01 7.36191E-01 4.36231E-01 3.19373E-01 2.12771E-01 6.93831E+00
2.19427E-01 3.24985E-01 4.40354E-01 4.81716E-01 5.03919E-01 6.52329E-01 7.43182E-01 4.41287E-01 3.24985E-01 2.19427E-01 6.96569E+00
2.25788E-01 3.30336E-01 4.45067E-01 4.86328E-01 5.08559E-01 6.57994E-01 7.49856E-01 4.46094E-01 3.30336E-01 2.25788E-01 6.98929E+00
2.31870E-01 3.35442E-01 4.49548E-01 4.90713E-01 5.12971E-01 6.63392E-01 7.56233E-01 4.50666E-01 3.35442E-01 2.31870E-01 7.00944E+00
2.37691E-01 3.40317E-01 4.53813E-01 4.94885E-01 5.17168E-01 6.68538E-01 7.62329E-01 4.55018E-01 3.40317E-01 2.37691E-01 7.02644E+00
2.43264E-01 3.44976E-01 4.57873E-01 4.98856E-01 5.21161E-01 6.73448E-01 7.68161E-01 4.59163E-01 3.44976E-01 2.43264E-01 7.04056E+00
2.48603E-01 3.49429E-01 4.61741E-01 5.02637E-01 5.24964E-01 6.78134E-01 7.73743E-01 4.63112E-01 3.49429E-01 2.48603E-01 7.05204E+00
2.53723E-01 3.53688E-01 4.65427E-01 5.06239E-01 5.28586E-01 6.82609E-01 7.79090E-01 4.66876E-01 3.53688E-01 2.53723E-01 7.06110E+00
2.58634E-01 3.57764E-01 4.68941E-01 5.09672E-01 5.32037E-01 6.86884E-01 7.84213E-01 4.70467E-01 3.57764E-01 2.58634E-01 7.06795E+00
2.63348E-01 3.61667E-01 4.72294E-01 5.12945E-01 5.35328E-01 6.90971E-01 7.89125E-01 4.73892E-01 3.61667E-01 2.63348E-01 7.07277E+00
2.67874E-01 3.65406E-01 4.75492E-01 5.16068E-01 5.38466E-01 6.94879E-01 7.93837E-01 4.77162E-01 3.65406E-01 2.67874E-01 7.07573E+00
2.72224E-01 3.68989E-01 4.78546E-01 5.19046E-01 5.41460E-01 6.98618E-01 7.98359E-01 4.80284E-01 3.68989E-01 2.72224E-01 7.07698E+00
2.76405E-01 3.72424E-01 4.81462E-01 5.21889E-01 5.44316E-01 7.02196E-01 8.02701E-01 4.83266E-01 3.72424E-01 2.76405E-01 7.07665E+00
2.80426E-01 3.75719E-01 4.84247E-01 5.24604E-01 5.47043E-01 7.05622E-01 8.06871E-01 4.86116E-01 3.75719E-01 2.80426E-01 7.07488E+00
2.84295E-01 3.78880E-01 4.86908E-01 5.27195E-01 5.49646E-01 7.08902E-01 8.10878E-01 4.88839E-01 3.78880E-01 2.84295E-01 7.07177E+00
2.88020E-01 3.81915E-01 4.89451E-01 5.29671E-01 5.52132E-01 7.12045E-01 8.14730E-01 4.91443E-01 3.81915E-01 2.88020E-01 7.06745E+00
2.91606E-01 3.84829E-01 4.91882E-01 5.32036E-01 5.54507E-01 7.15057E-01 8.18434E-01 4.93933E-01 3.84829E-01 2.91606E-01 7.06200E+00
2.95061E-01 3.87628E-01 4.94206E-01 5.34296E-01 5.56775E-01 7.17944E-01 8.21997E-01 4.96314E-01 3.87628E-01 2.95061E-01 7.05551E+00
2.98391E-01 3.90317E-01 4.96429E-01 5.36455E-01 5.58943E-01 7.20712E-01 8.25426E-01 4.98592E-01 3.90317E-01 2.98391E-01 7.04807E+00
3.01601E-01 3.92902E-01 4.98555E-01 5.38520E-01 5.61015E-01 7.23367E-01 8.28727E-01 5.00773E-01 3.92902E-01 3.01601E-01 7.03976E+00
3.04697E-01 3.95386E-01 5.00590E-01 5.40493E-01 5.62994E-01 7.25913E-01 8.31905E-01 5.02859E-01 3.95386E-01 3.04697E-01 7.03063E+00
3.07684E-01 3.97776E-01 5.02536E-01 5.42379E-01 5.64887E-01 7.28356E-01 8.34965E-01 5.04856E-01 3.97776E-01 3.07684E-01 7.02077E+00
3.10567E-01 4.00074E-01 5.04398E-01 5.44183E-01 5.66695E-01 7.30701E-01 8.37914E-01 5.06768E-01 4.00074E-01 3.10567E-01 7.01022E+00
3.13350E-01 4.02286E-01 5.06181E-01 5.45908E-01 5.68425E-01 7.32951E-01 8.40756E-01 5.08598E-01 4.02286E-01 3.13350E-01 6.99904E+00
0.00000E+00 0.00000E+00 1.06975E-01 1.50792E-01 1.70534E-01 2.65083E-01 3.07395E-01 1.02755E-01 0.00000E+00 0.00000E+00 1.16247E+00
0.00000E+00 0.00000E+00 1.33759E-01 1.76812E-01 1.96983E-01 2.99048E-01 3.46912E-01 1.30269E-01 0.00000E+00 0.00000E+00 1.92172E+00
0.00000E+00 1.72616E-02 1.57171E-01 1.99679E-01 2.20192E-01 3.28430E-01 3.81001E-01 1.54279E-01 1.72616E-02 0.00000E+00 2.52196E+00
0.00000E+00 4.01585E-02 1.77991E-01 2.20088E-01 2.40886E-01 3.54414E-01 4.11128E-01 1.75612E-01 4.01585E-02 0.00000E+00 3.01668E+00
0.00000E+00 6.07800E-02 1.96682E-01 2.38456E-01 2.59497E-01 3.77668E-01 4.38104E-01 1.94752E-01 6.07800E-02 0.00000E+00 3.43983E+00
0.00000E+00 7.94681E-02 2.13567E-01 2.55080E-01 2.76333E-01 3.98629E-01 4.62443E-01 2.12035E-01 7.94681E-02 0.00000E+00 3.80338E+00
0.00000E+00 9.64950E-02 2.28903E-01 2.70202E-01 2.91639E-01 4.17637E-01 4.84540E-01 2.27728E-01 9.64950E-02 0.00000E+00 4.11706E+00
0.00000E+00 1.12081E-01 2.42897E-01 2.84016E-01 3.05616E-01 4.34963E-01 5.04712E-01 2.42043E-01 1.12081E-01 0.00000E+00 4.38879E+00
6.46360E-03 1.26420E-01 2.55738E-01 2.96706E-01 3.18449E-01 4.50827E-01 5.23197E-01 2.55176E-01 1.26420E-01 6.46360E-03 4.61188E+00
2.21340E-02 1.39673E-01 2.67578E-01 3.08413E-01 3.30282E-01 4.65423E-01 5.40221E-01 2.67279E-01 1.39673E-01 2.21340E-02 4.78716E+00
3.66520E-02 1.51943E-01 2.78495E-01 3.19214E-01 3.41197E-01 4.78899E-01 5.55982E-01 2.78442E-01 1.51943E-01 3.66520E-02 4.94014E+00
5.01386E-02 1.63330E-01 2.88588E-01 3.29202E-01 3.51289E-01 4.91374E-01 5.70612E-01 2.88761E-01 1.63330E-01 5.01386E-02 5.07374E+00
6.26981E-02 1.73922E-01 2.97937E-01 3.38457E-01 3.60638E-01 5.02947E-01 5.84226E-01 2.98322E-01 1.73922E-01 6.26981E-02 5.19044E+00
7.44205E-02 1.83794E-01 3.06616E-01 3.47050E-01 3.69316E-01 5.13708E-01 5.96922E-01 3.07199E-01 1.83794E-01 7.44205E-02 5.29238E+00
8.53845E-02 1.93014E-01 3.14688E-01 3.55042E-01 3.77385E-01 5.23732E-01 6.08785E-01 3.15455E-01 1.93014E-01 8.53845E-02 5.38136E+00
9.56586E-02 2.01638E-01 3.22206E-01 3.62487E-01 3.84901E-01 5.33086E-01 6.19892E-01 3.23147E-01 2.01638E-01 9.56586E-02 5.45893E+00
1.05303E-01 2.09719E-01 3.29221E-01 3.69433E-01 3.91911E-01 5.41830E-01 6.30307E-01 3.30325E-01 2.09719E-01 1.05303E-01 5.52643E+00
1.14372E-01 2.17303E-01 3.35775E-01 3.75922E-01 3.98459E-01 5.50016E-01 6.40090E-01 3.37033E-01 2.17303E-01 1.14372E-01 5.58503E+00
1.22913E-01 2.24430E-01 3.41907E-01 3.81992E-01 4.04583E-01 5.57690E-01 6.49293E-01 3.43310E-01 2.24430E-01 1.22913E-01 5.63573E+00
1.30967E-01 2.31136E-01 3.47650E-01 3.87676E-01 4.10317E-01 5.64893E-01 6.57962E-01 3.49191E-01 2.31136E-01 1.30967E-01 5.67941E+00
1.38573E-01 2.37455E-01 3.53036E-01 3.93006E-01 4.15692E-01 5.71663E-01 6.66137E-01 3.54707E-01 2.37455E-01 1.38573E-01 5.71683E+00
1.45764E-01 2.43414E-01 3.58092E-01 3.98007E-01 4.20735E-01 5.78032E-01 6.73858E-01 3.59887E-01 2.43414E-01 1.45764E-01 5.74866E+00
1.52572E-01 2.49042E-01 3.62843E-01 4.02705E-01 4.25471E-01 5.84030E-01 6.81156E-01 3.64755E-01 2.49042E-01 1.52572E-01 5.77550E+00
1.59024E-01 2.54361E-01 3.67310E-01 4.07122E-01 4.29922E-01 5.89685E-01 6.88062E-01 3.69335E-01 2.54361E-01 1.59024E-01 5.79787E+00
1.65144E-01 2.59393E-01 3.71516E-01 4.11277E-01 4.34109E-01 5.95021E-01 6.94604E-01 3.73647E-01 2.59393E-01 1.65144E-01 5.81621E+00
1.70956E-01 2.64158E-01 3.75477E-01 4.15190E-01 4.38050E-01 6.00060E-01 7.00807E-01 3.77710E-01 2.64158E-01 1.70956E-01 5.83096E+00
1.76480E-01 2.68674E-01 3.79211E-01 4.18876E-01 4.41762E-01 6.04822E-01 7.06693E-01 3.81541E-01 2.68674E-01 1.76480E-01 5.84245E+00
1.81736E-01 2.72957E-01 3.82733E-01 4.22351E-01 4.45261E-01 6.09326E-01 7.12283E-01 3.85156E-01 2.72957E-01 1.81736E-01 5.85102E+00
1.86739E-01 2.77023E-01 3.86057E-01 4.25629E-01 4.48560E-01 6.13588E-01 7.17596E-01 3.88569E-01 2.77023E-01 1.86739E-01 5.85696E+00
1.91507E-01 2.80885E-01 3.89196E-01 4.28722E-01 4.51673E-01 6.17625E-01 7.22649E-01 3.91793E-01 2.80885E-01 1.91507E-01 5.86051E+00
1.96054E-01 2.84556E-01 3.92162E-01 4.31642E-01 4.54611E-01 6.21449E-01 7.27458E-01 3.94841E-01 2.84556E-01 1.96054E-01 5.86192E+00
2.00392E-01 2.88047E-01 3.94965E-01 4.34401E-01 4.57386E-01 6.25075E-01 7.32038E-01 3.97722E-01 2.88047E-01 2.00392E-01 5.86138E+00
2.04535E-01 2.91369E-01 3.97616E-01 4.37007E-01 4.60006E-01 6.28514E-01 7.36403E-01 4.00448E-01 2.91369E-01 2.04535E-01 5.85909E+00
2.08494E-01 2.94532E-01 4.00123E-01 4.39471E-01 4.62482E-01 6.31777E-01 7.40565E-01 4.03028E-01 2.94532E-01 2.08494E-01 5.85521E+00
2.12279E-01 2.97545E-01 4.02496E-01 4.41800E-01 4.64822E-01 6.34875E-01 7.44535E-01 4.05470E-01 2.97545E-01 2.12279E-01 5.84989E+00
2.15900E-01 3.00417E-01 4.04742E-01 4.44002E-01 4.67034E-01 6.37816E-01 7.48324E-01 4.07782E-01 3.00417E-01 2.15900E-01 5.84326E+00
2.19366E-01 3.03156E-01 4.06868E-01 4.46085E-01 4.69126E-01 6.40611E-01 7.51942E-01 4.09972E-01 3.03156E-01 2.19366E-01 5.83546E+00
2.22686E-01 3.05768E-01 4.08881E-01 4.48055E-01 4.71103E-01 6.43267E-01 7.55399E-01 4.12047E-01 3.05768E-01 2.22686E-01 5.82659E+00
2.25867E-01 3.08261E-01 4.10787E-01 4.49919E-01 4.72973E-01 6.45791E-01 7.58703E-01 4.14014E-01 3.08261E-01 2.25867E-01 5.81675E+00
2.28916E-01 3.10641E-01 4.12593E-01 4.51683E-01 4.74742E-01 6.48191E-01 7.61862E-01 4.15877E-01 3.10641E-01 2.28916E-01 5.80603E+00
2.31840E-01 3.12915E-01 4.14304E-01 4.53351E-01 4.76414E-01 6.50473E-01 7.64883E-01 4.17644E-01 3.12915E-01 2.31840E-01 5.79453E+00
2.34647E-01 3.15086E-01 4.15924E-01 4.54930E-01 4.77996E-01 6.52644E-01 7.67773E-01 4.19318E-01 3.15086E-01 2.34647E-01 5.78231E+00
2.37341E-01 3.17162E-01 4.17459E-01 4.56423E-01 4.79491E-01 6.54708E-01 7.70540E-01 4.20905E-01 3.17162E-01 2.37341E-01 5.76944E+00
2.39928E-01 3.19146E-01 4.18913E-01 4.57835E-01 4.80905E-01 6.56673E-01 7.73189E-01 4.22409E-01 3.19146E-01 2.39928E-01 5.75599E+00
2.42413E-01 3.21043E-01 4.20291E-01 4.59171E-01 4.82241E-01 6.58542E-01 7.75725E-01 4.23835E-01 3.21043E-01 2.42413E-01 5.74201E+00
2.44801E-01 3.22857E-01 4.21595E-01 4.60434E-01 4.83504E-01 6.60320E-01 7.78154E-01 4.25186E-01 3.22857E-01 2.44801E-01 5.72756E+00
2.47097E-01 3.24592E-01 4.22830E-01 4.61628E-01 4.84697E-01 6.62012E-01 7.80482E-01 4.26467E-01 3.24592E-01 2.47097E-01 5.71269E+00
2.49306E-01 3.26253E-01 4.24000E-01 4.62756E-01 4.85823E-01 6.63622E-01 7.82713E-01 4.27680E-01 3.26253E-01 2.49306E-01 5.69743E+00
2.51430E-01 3.27842E-01 4.25106E-01 4.63821E-01 4.86886E-01 6.65153E-01 7.84851E-01 4.28830E-01 3.27842E-01 2.51430E-01 5.68183E+00
2.53474E-01 3.29363E-01 4.26154E-01 4.64828E-01 4.87890E-01 6.66611E-01 7.86901E-01 4.29918E-01 3.29363E-01 2.53474E-01 5.66593E+00
0.00000E+00 0.00000E+00 1.10497E-01 1.49401E-01 1.69937E-01 2.81301E-01 3.32070E-01 1.07904E-01 0.00000E+00 0.00000E+00 1.39629E+00
0.00000E+00 0.00000E+00 1.33866E-01 1.72749E-01 1.93770E-01 3.13010E-01 3.70051E-01 1.32073E-01 0.00000E+00 0.00000E+00 2.05262E+00
0.00000E+00 1.54956E-02 1.53905E-01 1.92816E-01 2.14217E-01 3.39866E-01 4.02185E-01 1.52759E-01 1.54956E-02 0.00000E+00 2.55419E+00
0.00000E+00 3.57755E-02 1.71435E-01 2.10395E-01 2.32107E-01 3.63204E-01 4.30139E-01 1.70833E-01 3.57755E-02 0.00000E+00 2.95611E+00
0.00000E+00 5.37883E-02 1.86940E-01 2.25957E-01 2.47932E-01 3.83775E-01 4.54833E-01 1.86808E-01 5.37883E-02 0.00000E+00 3.29210E+00
0.00000E+00 6.99161E-02 2.00763E-01 2.39840E-01 2.62038E-01 4.02068E-01 4.76849E-01 2.01042E-01 6.99161E-02 0.00000E+00 3.57460E+00
0.00000E+00 8.44529E-02 2.13167E-01 2.52302E-01 2.74693E-01 4.18455E-01 4.96625E-01 2.13810E-01 8.44529E-02 0.00000E+00 3.81337E+00
0.00000E+00 9.76307E-02 2.24361E-01 2.63551E-01 2.86109E-01 4.33226E-01 5.14504E-01 2.25329E-01 9.76307E-02 0.00000E+00 4.01604E+00
5.50612E-03 1.09649E-01 2.34534E-01 2.73774E-01 2.96476E-01 4.46611E-01 5.30738E-01 2.35793E-01 1.09649E-01 5.50612E-03 4.17735E+00
1.87894E-02 1.20669E-01 2.43829E-01 2.83112E-01 3.05940E-01 4.58807E-01 5.45562E-01 2.45349E-01 1.20669E-01 1.87894E-02 4.29844E+00
3.10123E-02 1.30791E-01 2.52314E-01 2.91636E-01 3.14576E-01 4.69962E-01 5.59181E-01 2.54075E-01 1.30791E-01 3.10123E-02 4.40143E+00
4.22945E-02 1.40115E-01 2.60083E-01 2.99439E-01 3.22477E-01 4.80194E-01 5.71730E-01 2.62064E-01 1.40115E-01 4.22945E-02 4.48892E+00
5.27375E-02 1.48725E-01 2.67213E-01 3.06597E-01 3.29723E-01 4.89604E-01 5.83324E-01 2.69397E-01 1.48725E-01 5.27375E-02 4.56309E+00
6.24286E-02 1.56696E-01 2.73770E-01 3.13178E-01 3.36383E-01 4.98278E-01 5.94063E-01 2.76143E-01 1.56696E-01 6.24286E-02 4.62576E+00
7.14429E-02 1.64090E-01 2.79814E-01 3.19241E-01 3.42516E-01 5.06291E-01 6.04031E-01 2.82361E-01 1.64090E-01 7.14429E-02 4.67847E+00
7.98455E-02 1.70964E-01 2.85393E-01 3.24835E-01 3.48172E-01 5.13707E-01 6.13304E-01 2.88104E-01 1.70964E-01 7.98455E-02 4.72253E+00
8.76935E-02 1.77364E-01 2.90552E-01 3.30005E-01 3.53398E-01 5.20583E-01 6.21946E-01 2.93415E-01 1.77364E-01 8.76935E-02 4.75904E+00
9.50368E-02 1.83334E-01 2.95330E-01 3.34790E-01 3.58232E-01 5.26967E-01 6.30013E-01 2.98335E-01 1.83334E-01 9.50368E-02 4.78896E+00
1.01920E-01 1.88912E-01 2.99761E-01 3.39223E-01 3.62710E-01 5.32905E-01 6.37556E-01 3.02899E-01 1.88912E-01 1.01920E-01 4.81310E+00
1.08381E-01 1.94130E-01 3.03875E-01 3.43337E-01 3.66862E-01 5.38434E-01 6.44619E-01 3.07138E-01 1.94130E-01 1.08381E-01 4.83217E+00
1.14455E-01 1.99018E-01 3.07698E-01 3.47156E-01 3.70717E-01 5.43589E-01 6.51242E-01 3.11079E-01 1.99018E-01 1.14455E-01 4.84677E+00
1.20173E-01 2.03603E-01 3.11255E-01 3.50707E-01 3.74298E-01 5.48399E-01 6.57460E-01 3.14747E-01 2.03603E-01 1.20173E-01 4.85745E+00
1.25563E-01 2.07908E-01 3.14567E-01 3.54010E-01 3.77627E-01 5.52894E-01 6.63303E-01 3.18164E-01 2.07908E-01 1.25563E-01 4.86465E+00
1.30650E-01 2.11956E-01 3.17654E-01 3.57084E-01 3.80725E-01 5.57097E-01 6.68802E-01 3.21349E-01 2.11956E-01 1.30650E-01 4.86878E+00
1.35456E-01 2.15764E-01 3.20532E-01 3.59948E-01 3.83609E-01 5.61030E-01 6.73980E-01 3.24321E-01 2.15764E-01 1.35456E-01 4.87020E+00
1.40002E-01 2.19350E-01 3.23218E-01 3.62617E-01 3.86295E-01 5.64713E-01 6.78862E-01 3.27095E-01 2.19350E-01 1.40002E-01 4.86921E+00
1.44305E-01 2.22731E-01 3.25725E-01 3.65105E-01 3.88798E-01 5.68164E-01 6.83468E-01 3.29686E-01 2.22731E-01 1.44305E-01 4.86608E+00
1.48383E-01 2.25920E-01 3.28066E-01 3.67426E-01 3.91130E-01 5.71401E-01 6.87817E-01 3.32107E-01 2.25920E-01 1.48383E-01 4.86107E+00
1.52251E-01 2.28932E-01 3.30254E-01 3.69591E-01 3.93305E-01 5.74437E-01 6.91927E-01 3.34371E-01 2.28932E-01 1.52251E-01 4.85437E+00
1.55923E-01 2.31776E-01 3.32299E-01 3.71611E-01 3.95333E-01 5.77287E-01 6.95813E-01 3.36488E-01 2.31776E-01 1.55923E-01 4.84619E+00
1.59411E-01 2.34466E-01 3.34210E-01 3.73496E-01 3.97224E-01 5.79963E-01 6.99490E-01 3.38467E-01 2.34466E-01 1.59411E-01 4.83668E+00
1.62727E-01 2.37009E-01 3.35997E-01 3.75256E-01 3.98988E-01 5.82476E-01 7.02971E-01 3.40319E-01 2.37009E-01 1.62727E-01 4.82599E+00
1.65882E-01 2.39417E-01 3.37667E-01 3.76897E-01 4.00631E-01 5.84837E-01 7.06269E-01 3.42052E-01 2.39417E-01 1.65882E-01 4.81427E+00
1.68885E-01 2.41697E-01 3.39229E-01 3.78429E-01 4.02164E-01 5.87055E-01 7.09394E-01 3.43673E-01 2.41697E-01 1.68885E-01 4.80163E+00
1.71746E-01 2.43857E-01 3.40689E-01 3.79857E-01 4.03592E-01 5.89140E-01 7.12358E-01 3.45190E-01 2.43857E-01 1.71746E-01 4.78816E+00
1.74473E-01 2.45904E-01 3.42053E-01 3.81189E-01 4.04922E-01 5.91099E-01 7.15168E-01 3.46609E-01 2.45904E-01 1.74473E-01 4.77398E+00
1.77075E-01 2.47845E-01 3.43328E-01 3.82430E-01 4.06160E-01 5.92940E-01 7.17835E-01 3.47935E-01 2.47845E-01 1.77075E-01 4.75916E+00
1.79557E-01 2.49686E-01 3.44519E-01 3.83587E-01 4.07312E-01 5.94671E-01 7.20367E-01 3.49176E-01 2.49686E-01 1.79557E-01 4.74379E+00
1.81927E-01 2.51433E-01 3.45631E-01 3.84663E-01 4.08383E-01 5.96297E-01 7.22770E-01 3.50335E-01 2.51433E-01 1.81927E-01 4.72792E+00
1.84190E-01 2.53091E-01 3.46668E-01 3.85664E-01 4.09377E-01 5.97824E-01 7.25053E-01 3.51418E-01 2.53091E-01 1.84190E-01 4.71162E+00
1.86353E-01 2.54664E-01 3.47635E-01 3.86595E-01 4.10300E-01 5.99259E-01 7.27222E-01 3.52429E-01 2.54664E-01 1.86353E-01 4.69495E+00
1.88422E-01 2.56159E-01 3.48537E-01 3.87458E-01 4.11155E-01 6.00605E-01 7.29282E-01 3.53372E-01 2.56159E-01 1.88422E-01 4.67796E+00
1.90400E-01 2.57578E-01 3.49376E-01 3.88259E-01 4.11947E-01 6.01869E-01 7.31240E-01 3.54252E-01 2.57578E-01 1.90400E-01 4.66068E+00
1.92293E-01 2.58927E-01 3.50156E-01 3.89000E-01 4.12678E-01 6.03055E-01 7.33101E-01 3.55070E-01 2.58927E-01 1.92293E-01 4.64317E+00
1.94104E-01 2.60207E-01 3.50881E-01 3.89686E-01 4.13353E-01 6.04166E-01 7.34870E-01 3.55832E-01 2.60207E-01 1.94104E-01 4.62546E+00
1.95839E-01 2.61424E-01 3.51554E-01 3.90318E-01 4.13974E-01 6.05208E-01 7.36551E-01 3.56540E-01 2.61424E-01 1.95839E-01 4.60758E+00
1.97500E-01 2.62581E-01 3.52177E-01 3.90900E-01 4.14544E-01 6.06183E-01 7.38149E-01 3.57198E-01 2.62581E-01 1.97500E-01 4.58957E+00
1.99092E-01 2.63680E-01 3.52753E-01 3.91435E-01 4.15067E-01 6.07094E-01 7.39668E-01 3.57806E-01 2.63680E-01 1.99092E-01 4.57144E+00
2.00618E-01 2.64724E-01 3.53285E-01 3.91925E-01 4.15544E-01 6.07946E-01 7.41111E-01 3.58370E-01 2.64724E-01 2.00618E-01 4.55323E+00
2.02081E-01 2.65716E-01 3.53774E-01 3.92372E-01 4.15977E-01 6.08741E-01 7.42484E-01 3.58890E-01 2.65716E-01 2.02081E-01 4.53495E+00
0.00000E+00 0.00000E+00 1.11311E-01 1.48455E-01 1.70141E-01 3.00734E-01 3.61840E-01 1.10931E-01 0.00000E+00 0.00000E+00 1.58931E+00
0.00000E+00 0.00000E+00 1.30992E-01 1.68705E-01 1.90920E-01 3.29604E-01 3.97748E-01 1.31433E-01 0.00000E+00 0.00000E+00 2.13523E+00
0.00000E+00 1.36543E-02 1.47560E-01 1.85730E-01 2.08351E-01 3.53547E-01 4.27563E-01 1.48648E-01 1.36543E-02 0.00000E+00 2.53727E+00
0.00000E+00 3.12934E-02 1.61812E-01 2.00363E-01 2.23308E-01 3.73985E-01 4.53100E-01 1.63437E-01 3.12934E-02 0.00000E+00 2.84940E+00
0.00000E+00 4.67490E-02 1.74224E-01 2.13095E-01 2.36307E-01 3.91714E-01 4.75355E-01 1.76304E-01 4.67490E-02 0.00000E+00 3.10363E+00
0.00000E+00 6.04223E-02 1.85134E-01 2.24276E-01 2.47711E-01 4.07255E-01 4.94957E-01 1.87606E-01 6.04223E-02 0.00000E+00 3.31206E+00
0.00000E+00 7.26148E-02 1.94798E-01 2.34169E-01 2.57791E-01 4.20992E-01 5.12371E-01 1.97613E-01 7.26148E-02 0.00000E+00 3.48381E+00
0.00000E+00 8.35591E-02 2.03414E-01 2.42979E-01 2.66759E-01 4.33220E-01 5.27954E-01 2.06529E-01 8.35591E-02 0.00000E+00 3.62586E+00
4.61466E-03 9.34524E-02 2.11160E-01 2.50888E-01 2.74802E-01 4.44172E-01 5.41965E-01 2.14541E-01 9.34524E-02 4.61466E-03 3.73400E+00
1.56926E-02 1.02450E-01 2.18166E-01 2.58031E-01 2.82057E-01 4.54041E-01 5.54641E-01 2.21783E-01 1.02450E-01 1.56926E-02 3.80937E+00
2.58169E-02 1.10647E-01 2.24489E-01 2.64469E-01 2.88591E-01 4.62966E-01 5.66188E-01 2.28319E-01 1.10647E-01 2.58169E-02 3.87082E+00
3.51020E-02 1.18139E-01 2.30211E-01 2.70289E-01 2.94494E-01 4.71064E-01 5.76739E-01 2.34235E-01 1.18139E-01 3.51020E-02 3.92052E+00
4.36439E-02 1.25006E-01 2.35403E-01 2.75562E-01 2.99838E-01 4.78431E-01 5.86409E-01 2.39604E-01 1.25006E-01 4.36439E-02 3.96029E+00
5.15244E-02 1.31317E-01 2.40124E-01 2.80350E-01 3.04687E-01 4.85150E-01 5.95296E-01 2.44487E-01 1.31317E-01 5.15244E-02 3.99160E+00
5.88135E-02 1.37130E-01 2.44427E-01 2.84707E-01 3.09095E-01 4.91290E-01 6.03482E-01 2.48938E-01 1.37130E-01 5.88135E-02 4.01571E+00
6.55714E-02 1.42497E-01 2.48354E-01 2.88676E-01 3.13108E-01 4.96912E-01 6.11039E-01 2.53001E-01 1.42497E-01 6.55714E-02 4.03366E+00
7.18504E-02 1.47462E-01 2.51944E-01 2.92299E-01 3.16767E-01 5.02068E-01 6.18029E-01 2.56717E-01 1.47462E-01 7.18504E-02 4.04631E+00
7.76959E-02 1.52062E-01 2.55230E-01 2.95608E-01 3.20106E-01 5.06805E-01 6.24505E-01 2.60119E-01 1.52062E-01 7.76959E-02 4.05441E+00
8.31478E-02 1.56332E-01 2.58242E-01 2.98634E-01 3.23157E-01 5.11161E-01 6.30515E-01 2.63238E-01 1.56332E-01 8.31478E-02 4.05858E+00
8.82413E-02 1.60301E-01 2.61004E-01 3.01403E-01 3.25945E-01 5.15171E-01 6.36101E-01 2.66100E-01 1.60301E-01 8.82413E-02 4.05937E+00
9.30074E-02 1.63996E-01 2.63539E-01 3.03940E-01 3.28496E-01 5.18868E-01 6.41299E-01 2.68728E-01 1.63996E-01 9.30074E-02 4.05723E+00
9.74737E-02 1.67440E-01 2.65868E-01 3.06263E-01 3.30830E-01 5.22277E-01 6.46142E-01 2.71144E-01 1.67440E-01 9.74737E-02 4.05256E+00
1.01665E-01 1.70653E-01 2.68008E-01 3.08392E-01 3.32967E-01 5.25424E-01 6.50660E-01 2.73364E-01 1.70653E-01 1.01665E-01 4.04570E+00
1.05603E-01 1.73655E-01 2.69975E-01 3.10344E-01 3.34922E-01 5.28330E-01 6.54878E-01 2.75406E-01 1.73655E-01 1.05603E-01 4.03694E+00
1.09307E-01 1.76462E-01 2.71784E-01 3.12132E-01 3.36710E-01 5.31015E-01 6.58820E-01 2.77285E-01 1.76462E-01 1.09307E-01 4.02653E+00
1.12795E-01 1.79089E-01 2.73447E-01 3.13770E-01 3.38347E-01 5.33496E-01 6.62507E-01 2.79014E-01 1.79089E-01 1.12795E-01 4.01471E+00
1.16084E-01 1.81550E-01 2.74976E-01 3.15271E-01 3.39842E-01 5.35790E-01 6.65957E-01 2.80604E-01 1.81550E-01 1.16084E-01 4.00165E+00
1.19187E-01 1.83857E-01 2.76381E-01 3.16644E-01 3.41209E-01 5.37910E-01 6.69189E-01 2.82067E-01 1.83857E-01 1.19187E-01 3.98753E+00
1.22118E-01 1.86021E-01 2.77671E-01 3.17900E-01 3.42455E-01 5.39869E-01 6.72217E-01 2.83411E-01 1.86021E-01 1.22118E-01 3.97250E+00
1.24889E-01 1.88052E-01 2.78856E-01 3.19047E-01 3.43591E-01 5.41679E-01 6.75057E-01 2.84647E-01 1.88052E-01 1.24889E-01 3.95668E+00
1.27510E-01 1.89959E-01 2.79943E-01 3.20094E-01 3.44625E-01 5.43350E-01 6.77720E-01 2.85781E-01 1.89959E-01 1.27510E-01 3.94020E+00
1.29992E-01 1.91752E-01 2.80938E-01 3.21047E-01 3.45564E-01 5.44894E-01 6.80219E-01 2.86821E-01 1.91752E-01 1.29992E-01 3.92314E+00
1.32344E-01 1.93437E-01 2.81849E-01 3.21913E-01 3.46414E-01 5.46317E-01 6.82564E-01 2.87775E-01 1.93437E-01 1.32344E-01 3.90560E+00
1.34573E-01 1.95022E-01 2.82682E-01 3.22699E-01 3.47183E-01 5.47629E-01 6.84765E-01 2.88647E-01 1.95022E-01 1.34573E-01 3.88765E+00
1.36689E-01 1.96512E-01 2.83441E-01 3.23410E-01 3.47875E-01 5.48837E-01 6.86832E-01 2.89443E-01 1.96512E-01 1.36689E-01 3.86937E+00
1.38697E-01 1.97915E-01 2.84132E-01 3.24051E-01 3.48497E-01 5.49948E-01 6.88773E-01 2.90170E-01 1.97915E-01 1.38697E-01 3.85081E+00
1.40604E-01 1.99236E-01 2.84760E-01 3.24627E-01 3.49052E-01 5.50968E-01 6.90595E-01 2.90830E-01 1.99236E-01 1.40604E-01 3.83202E+00
1.42417E-01 2.00479E-01 2.85328E-01 3.25143E-01 3.49546E-01 5.51902E-01 6.92306E-01 2.91430E-01 2.00479E-01 1.42417E-01 3.81306E+00
1.44140E-01 2.01649E-01 2.85840E-01 3.25601E-01 3.49982E-01 5.52757E-01 6.93913E-01 2.91972E-01 2.01649E-01 1.44140E-01 3.79397E+00
1.45780E-01 2.02751E-01 2.86301E-01 3.26006E-01 3.50364E-01 5.53537E-01 6.95420E-01 2.92460E-01 2.02751E-01 1.45780E-01 3.77478E+00
1.47340E-01 2.03789E-01 2.86713E-01 3.26362E-01 3.50696E-01 5.54247E-01 6.96835E-01 2.92898E-01 2.03789E-01 1.47340E-01 3.75552E+00
1.48825E-01 2.04766E-01 2.87079E-01 3.26671E-01 3.50980E-01 5.54891E-01 6.98163E-01 2.93289E-01 2.04766E-01 1.48825E-01 3.73623E+00
1.50240E-01 2.05686E-01 2.87403E-01 3.26937E-01 3.51220E-01 5.55473E-01 6.99407E-01 2.93636E-01 2.05686E-01 1.50240E-01 3.71692E+00
1.51588E-01 2.06552E-01 2.87687E-01 3.27162E-01 3.51419E-01 5.55997E-01 7.00574E-01 2.93942E-01 2.06552E-01 1.51588E-01 3.69763E+00
1.52872E-01 2.07368E-01 2.87932E-01 3.27348E-01 3.51579E-01 5.56465E-01 7.01667E-01 2.94208E-01 2.07368E-01 1.52872E-01 3.67838E+00
1.54097E-01 2.08135E-01 2.88143E-01 3.27498E-01 3.51702E-01 5.56882E-01 7.02689E-01 2.94438E-01 2.08135E-01 1.54097E-01 3.65917E+00
1.55265E-01 2.08857E-01 2.88320E-01 3.27615E-01 3.51791E-01 5.57251E-01 7.03646E-01 2.94634E-01 2.08857E-01 1.55265E-01 3.64003E+00
1.56378E-01 2.09535E-01 2.88466E-01 3.27700E-01 3.51848E-01 5.57573E-01 7.04539E-01 2.94797E-01 2.09535E-01 1.56378E-01 3.62097E+00
1.57441E-01 2.10173E-01 2.88583E-01 3.27754E-01 3.51875E-01 5.57852E-01 7.05374E-01 2.94930E-01 2.10173E-01 1.57441E-01 3.60201E+00
1.58455E-01 2.10772E-01 2.88671E-01 3.27781E-01 3.51873E-01 5.58089E-01 7.06151E-01 2.95034E-01 2.10772E-01 1.58455E-01 3.58315E+00
0.00000E+00 0.00000E+00 1.08701E-01 1.47370E-01 1.70707E-01 3.23106E-01 3.96908E-01 1.11107E-01 0.00000E+00 0.00000E+00 1.72150E+00
0.00000E+00 0.00000E+00 1.24579E-01 1.64152E-01 1.88028E-01 3.48524E-01 4.30148E-01 1.27748E-01 0.00000E+00 0.00000E+00 2.15503E+00
0.00000E+00 1.17746E-02 1.37710E-01 1.77957E-01 2.02232E-01 3.69155E-01 4.57244E-01 1.41466E-01 1.17746E-02 0.00000E+00 2.46115E+00
0.00000E+00 2.67990E-02 1.48819E-01 1.89587E-01 2.14169E-01 3.86434E-01 4.80088E-01 1.53047E-01 2.67990E-02 0.00000E+00 2.69007E+00
0.00000E+00 3.97923E-02 1.58335E-01 1.99517E-01 2.24342E-01 4.01162E-01 4.99719E-01 1.62957E-01 3.97923E-02 0.00000E+00 2.87079E+00
0.00000E+00 5.11533E-02 1.66574E-01 2.08083E-01 2.33103E-01 4.13862E-01 5.16788E-01 1.71527E-01 5.11533E-02 0.00000E+00 3.01424E+00
0.00000E+00 6.11765E-02 1.73768E-01 2.15537E-01 2.40713E-01 4.24914E-01 5.31770E-01 1.79003E-01 6.11765E-02 0.00000E+00 3.12846E+00
0.00000E+00 7.00855E-02 1.80094E-01 2.22068E-01 2.47369E-01 4.34606E-01 5.45024E-01 1.85571E-01 7.00855E-02 0.00000E+00 3.21947E+00
3.79603E-03 7.80669E-02 1.85713E-01 2.27847E-01 2.53246E-01 4.43162E-01 5.56810E-01 1.91400E-01 7.80669E-02 3.79603E-03 3.28380E+00
1.28644E-02 8.52652E-02 1.90735E-01 2.32992E-01 2.58469E-01 4.50763E-01 5.67359E-01 1.96604E-01 8.52652E-02 1.28644E-02 3.32240E+00
2.10961E-02 9.17677E-02 1.95202E-01 2.37552E-01 2.63091E-01 4.57539E-01 5.76870E-01 2.01233E-01 9.17677E-02 2.10961E-02 3.35095E+00
2.85967E-02 9.76626E-02 1.99188E-01 2.41606E-01 2.67192E-01 4.63595E-01 5.85474E-01 2.05362E-01 9.76626E-02 2.85967E-02 3.37120E+00
3.54546E-02 1.03023E-01 2.02753E-01 2.45216E-01 2.70837E-01 4.69024E-01 5.93281E-01 2.09054E-01 1.03023E-01 3.54546E-02 3.38456E+00
4.17440E-02 1.07912E-01 2.05946E-01 2.48437E-01 2.74083E-01 4.73898E-01 6.00384E-01 2.12362E-01 1.07912E-01 4.17440E-02 3.39215E+00
4.75282E-02 1.12382E-01 2.08812E-01 2.51314E-01 2.76976E-01 4.78284E-01 6.06862E-01 2.15330E-01 1.12382E-01 4.75282E-02 3.39495E+00
5.28612E-02 1.16478E-01 2.11387E-01 2.53886E-01 2.79557E-01 4.82235E-01 6.12782E-01 2.17997E-01 1.16478E-01 5.28612E-02 3.39371E+00
5.77896E-02 1.20240E-01 2.13703E-01 2.56186E-01 2.81859E-01 4.85798E-01 6.18202E-01 2.20395E-01 1.20240E-01 5.77896E-02 3.38909E+00
6.23538E-02 1.23700E-01 2.15787E-01 2.58244E-01 2.83913E-01 4.89015E-01 6.23172E-01 2.22554E-01 1.23700E-01 6.23538E-02 3.38164E+00
6.65889E-02 1.26888E-01 2.17663E-01 2.60085E-01 2.85744E-01 4.91919E-01 6.27736E-01 2.24497E-01 1.26888E-01 6.65889E-02 3.37180E+00
7.05258E-02 1.29831E-01 2.19352E-01 2.61730E-01 2.87376E-01 4.94542E-01 6.31933E-01 2.26246E-01 1.29831E-01 7.05258E-02 3.35996E+00
7.41915E-02 1.32551E-01 2.20872E-01 2.63198E-01 2.88826E-01 4.96911E-01 6.35795E-01 2.27821E-01 1.32551E-01 7.41915E-02 3.34644E+00
7.76100E-02 1.35067E-01 2.22239E-01 2.64508E-01 2.90114E-01 4.99050E-01 6.39353E-01 2.29237E-01 1.35067E-01 7.76100E-02 3.33152E+00
8.08025E-02 1.37399E-01 2.23467E-01 2.65673E-01 2.91255E-01 5.00979E-01 6.42634E-01 2.30510E-01 1.37399E-01 8.08025E-02 3.31543E+00
8.37878E-02 1.39561E-01 2.24569E-01 2.66707E-01 2.92261E-01 5.02718E-01 6.45660E-01 2.31653E-01 1.39561E-01 8.37878E-02 3.29836E+00
8.65830E-02 1.41567E-01 2.25556E-01 2.67621E-01 2.93146E-01 5.04283E-01 6.48453E-01 2.32676E-01 1.41567E-01 8.65830E-02 3.28049E+00
8.92030E-02 1.43431E-01 2.26438E-01 2.68427E-01 2.93919E-01 5.05689E-01 6.51032E-01 2.33591E-01 1.43431E-01 8.92030E-02 3.26197E+00
9.16616E-02 1.45164E-01 2.27225E-01 2.69134E-01 2.94592E-01 5.06948E-01 6.53413E-01 2.34408E-01 1.45164E-01 9.16616E-02 3.24291E+00
9.39709E-02 1.46776E-01 2.27923E-01 2.69750E-01 2.95172E-01 5.08075E-01 6.55611E-01 2.35133E-01 1.46776E-01 9.39709E-02 3.22342E+00
9.61421E-02 1.48276E-01 2.28541E-01 2.70282E-01 2.95667E-01 5.09078E-01 6.57641E-01 2.35775E-01 1.48276E-01 9.61421E-02 3.20361E+00
9.81852E-02 1.49672E-01 2.29085E-01 2.70739E-01 2.96084E-01 5.09967E-01 6.59516E-01 2.36340E-01 1.49672E-01 9.81852E-02 3.18354E+00
1.00109E-01 1.50973E-01 2.29561E-01 2.71125E-01 2.96430E-01 5.10753E-01 6.61245E-01 2.36835E-01 1.50973E-01 1.00109E-01 3.16328E+00
1.01923E-01 1.52184E-01 2.29975E-01 2.71446E-01 2.96710E-01 5.11442E-01 6.62840E-01 2.37266E-01 1.52184E-01 1.01923E-01 3.14290E+00
1.03633E-01 1.53313E-01 2.30330E-01 2.71709E-01 2.96930E-01 5.12041E-01 6.64310E-01 2.37636E-01 1.53313E-01 1.03633E-01 3.12245E+00
1.05247E-01 1.54365E-01 2.30632E-01 2.71916E-01 2.97094E-01 5.12558E-01 6.65664E-01 2.37952E-01 1.54365E-01 1.05247E-01 3.10197E+00
1.06771E-01 1.55346E-01 2.30885E-01 2.72073E-01 2.97207E-01 5.12999E-01 6.66909E-01 2.38216E-01 1.55346E-01 1.06771E-01 3.08150E+00
1.08211E-01 1.56260E-01 2.31092E-01 2.72183E-01 2.97273E-01 5.13369E-01 6.68053E-01 2.38433E-01 1.56260E-01 1.08211E-01 3.06106E+00
1.09572E-01 1.57111E-01 2.31257E-01 2.72251E-01 2.97295E-01 5.13672E-01 6.69103E-01 2.38607E-01 1.57111E-01 1.09572E-01 3.04070E+00
1.10860E-01 1.57904E-01 2.31382E-01 2.72278E-01 2.97277E-01 5.13915E-01 6.70063E-01 2.38740E-01 1.57904E-01 1.10860E-01 3.02043E+00
1.12078E-01 1.58642E-01 2.31472E-01 2.72268E-01 2.97221E-01 5.14100E-01 6.70941E-01 2.38835E-01 1.58642E-01 1.12078E-01 3.00028E+00
1.13231E-01 1.59330E-01 2.31527E-01 2.72224E-01 2.97130E-01 5.14233E-01 6.71741E-01 2.38896E-01 1.59330E-01 1.13231E-01 2.98026E+00
1.14323E-01 1.59969E-01 2.31551E-01 2.72149E-01 2.97008E-01 5.14316E-01 6.72468E-01 2.38924E-01 1.59969E-01 1.14323E-01 2.96039E+00
1.15358E-01 1.60564E-01 2.31547E-01 2.72044E-01 2.96856E-01 5.14353E-01 6.73127E-01 2.38922E-01 1.60564E-01 1.15358E-01 2.94067E+00
1.16338E-01 1.61116E-01 2.31515E-01 2.71912E-01 2.96676E-01 5.14347E-01 6.73721E-01 2.38892E-01 1.61116E-01 1.16338E-01 2.92113E+00
1.17267E-01 1.61629E-01 2.31458E-01 2.71754E-01 2.96471E-01 5.14301E-01 6.74255E-01 2.38837E-01 1.61629E-01 1.17267E-01 2.90177E+00
1.18147E-01 1.62104E-01 2.31377E-01 2.71573E-01 2.96242E-01 5.14217E-01 6.74732E-01 2.38757E-01 1.62104E-01 1.18147E-01 2.88260E+00
1.18982E-01 1.62544E-01 2.31275E-01 2.71370E-01 2.95991E-01 5.14099E-01 6.75155E-01 2.38654E-01 1.62544E-01 1.18982E-01 2.86363E+00
1.19774E-01 1.62951E-01 2.31153E-01 2.71147E-01 2.95720E-01 5.13947E-01 6.75527E-01 2.38530E-01 1.62951E-01 1.19774E-01 2.84485E+00
1.20525E-01 1.63327E-01 2.31011E-01 2.70905E-01 2.95430E-01 5.13765E-01 6.75852E-01 2.38387E-01 1.63327E-01 1.20525E-01 2.82628E+00
1.21237E-01 1.63673E-01 2.30852E-01 2.70646E-01 2.95122E-01 5.13554E-01 6.76132E-01 2.38226E-01 1.63673E-01 1.21237E-01 2.80791E+00
1.21913E-01 1.63992E-01 2.30676E-01 2.70370E-01 2.94798E-01 5.13317E-01 6.76369E-01 2.38047E-01 1.63992E-01 1.21913E-01 2.78975E+00
0.00000E+00 0.00000E+00 1.02074E-01 1.45358E-01 1.70968E-01 3.47861E-01 4.37315E-01 1.07710E-01 0.00000E+00 0.00000E+00 1.77528E+00
0.00000E+00 0.00000E+00 1.14260E-01 1.58429E-01 1.84518E-01 3.69222E-01 4.67253E-01 1.20502E-01 0.00000E+00 0.00000E+00 2.10156E+00
0.00000E+00 9.91099E-03 1.24178E-01 1.68943E-01 1.95363E-01 3.86155E-01 4.91195E-01 1.30865E-01 9.91099E-03 0.00000E+00 2.32061E+00
0.00000E+00 2.24131E-02 1.32427E-01 1.77606E-01 2.04262E-01 4.00026E-01 5.11040E-01 1.39459E-01 2.24131E-02 0.00000E+00 2.47674E+00
0.00000E+00 3.30913E-02 1.39372E-01 1.84838E-01 2.11665E-01 4.11598E-01 5.27828E-01 1.46677E-01 3.30913E-02 0.00000E+00 2.59494E+00
0.00000E+00 4.23227E-02 1.45285E-01 1.90943E-01 2.17890E-01 4.21370E-01 5.42209E-01 1.52810E-01 4.23227E-02 0.00000E+00 2.68447E+00
0.00000E+00 5.03821E-02 1.50365E-01 1.96140E-01 2.23172E-01 4.29700E-01 5.54651E-01 1.58068E-01 5.03821E-02 0.00000E+00 2.75198E+00
0.00000E+00 5.74753E-02 1.54758E-01 2.00596E-01 2.27682E-01 4.36853E-01 5.65504E-01 1.62608E-01 5.74753E-02 0.00000E+00 2.80235E+00
3.05782E-03 6.37724E-02 1.58605E-01 2.04461E-01 2.31577E-01 4.43041E-01 5.75021E-01 1.66575E-01 6.37724E-02 3.05782E-03 2.83264E+00
1.03275E-02 6.94027E-02 1.61994E-01 2.07832E-01 2.34960E-01 4.48425E-01 5.83420E-01 1.70062E-01 6.94027E-02 1.03275E-02 2.84353E+00
1.68820E-02 7.44445E-02 1.64953E-01 2.10746E-01 2.37870E-01 4.53114E-01 5.90889E-01 1.73103E-01 7.44445E-02 1.68820E-02 2.84774E+00
2.28158E-02 7.89762E-02 1.67542E-01 2.13266E-01 2.40375E-01 4.57206E-01 5.97552E-01 1.75761E-01 7.89762E-02 2.28158E-02 2.84658E+00
2.82072E-02 8.30630E-02 1.69811E-01 2.15447E-01 2.42530E-01 4.60780E-01 6.03512E-01 1.78086E-01 8.30630E-02 2.82072E-02 2.84108E+00
3.31220E-02 8.67593E-02 1.71800E-01 2.17332E-01 2.44382E-01 4.63903E-01 6.08855E-01 1.80121E-01 8.67593E-02 3.31220E-02 2.83206E+00
3.76155E-02 9.01111E-02 1.73545E-01 2.18960E-01 2.45968E-01 4.66631E-01 6.13653E-01 1.81904E-01 9.01111E-02 3.76155E-02 2.82019E+00
4.17348E-02 9.31577E-02 1.75075E-01 2.20362E-01 2.47322E-01 4.69011E-01 6.17970E-01 1.83464E-01 9.31577E-02 4.17348E-02 2.80602E+00
4.55203E-02 9.59325E-02 1.76415E-01 2.21565E-01 2.48472E-01 4.71083E-01 6.21857E-01 1.84828E-01 9.59325E-02 4.55203E-02 2.79000E+00
4.90069E-02 9.84644E-02 1.77586E-01 2.22592E-01 2.49442E-01 4.72884E-01 6.25361E-01 1.86017E-01 9.84644E-02 4.90069E-02 2.77249E+00
5.22247E-02 1.00778E-01 1.78608E-01 2.23463E-01 2.50251E-01 4.74441E-01 6.28521E-01 1.87052E-01 1.00778E-01 5.22247E-02 2.75380E+00
5.52000E-02 1.02897E-01 1.79495E-01 2.24195E-01 2.50919E-01 4.75782E-01 6.31372E-01 1.87949E-01 1.02897E-01 5.52000E-02 2.73417E+00
5.79558E-02 1.04838E-01 1.80263E-01 2.24803E-01 2.51460E-01 4.76929E-01 6.33943E-01 1.88722E-01 1.04838E-01 5.79558E-02 2.71382E+00
6.05124E-02 1.06618E-01 1.80924E-01 2.25301E-01 2.51889E-01 4.77902E-01 6.36261E-01 1.89385E-01 1.06618E-01 6.05124E-02 2.69292E+00
6.28876E-02 1.08254E-01 1.81488E-01 2.25699E-01 2.52216E-01 4.78718E-01 6.38350E-01 1.89948E-01 1.08254E-01 6.28876E-02 2.67162E+00
6.50973E-02 1.09757E-01 1.81966E-01 2.26008E-01 2.52453E-01 4.79393E-01 6.40229E-01 1.90422E-01 1.09757E-01 6.50973E-02 2.65003E+00
6.71556E-02 1.11139E-01 1.82364E-01 2.26237E-01 2.52608E-01 4.79939E-01 6.41919E-01 1.90815E-01 1.11139E-01 6.71556E-02 2.62825E+00
6.90751E-02 1.12411E-01 1.82692E-01 2.26393E-01 2.52690E-01 4.80370E-01 6.43434E-01 1.91135E-01 1.12411E-01 6.90751E-02 2.60637E+00
7.08671E-02 1.13583E-01 1.82955E-01 2.26485E-01 2.52705E-01 4.80695E-01 6.44790E-01 1.91389E-01 1.13583E-01 7.08671E-02 2.58446E+00
7.25416E-02 1.14661E-01 1.83160E-01 2.26517E-01 2.52661E-01 4.80925E-01 6.46001E-01 1.91582E-01 1.14661E-01 7.25416E-02 2.56258E+00
7.41079E-02 1.15654E-01 1.83312E-01 2.26496E-01 2.52563E-01 4.81068E-01 6.47076E-01 1.91722E-01 1.15654E-01 7.41079E-02 2.54078E+00
7.55741E-02 1.16569E-01 1.83415E-01 2.26427E-01 2.52417E-01 4.81132E-01 6.48029E-01 1.91811E-01 1.16569E-01 7.55741E-02 2.51910E+00
7.69476E-02 1.17411E-01 1.83475E-01 2.26314E-01 2.52226E-01 4.81123E-01 6.48867E-01 1.91856E-01 1.17411E-01 7.69476E-02 2.49757E+00
7.82353E-02 1.18187E-01 1.83494E-01 2.26161E-01 2.51996E-01 4.81048E-01 6.49600E-01 1.91859E-01 1.18187E-01 7.82353E-02 2.47622E+00
7.94432E-02 1.18900E-01 1.83477E-01 2.25972E-01 2.51729E-01 4.80913E-01 6.50237E-01 1.91825E-01 1.18900E-01 7.94432E-02 2.45507E+00
8.05771E-02 1.19557E-01 1.83426E-01 2.25750E-01 2.51429E-01 4.80723E-01 6.50783E-01 1.91757E-01 1.19557E-01 8.05771E-02 2.43415E+00
8.16419E-02 1.20160E-01 1.83344E-01 2.25499E-01 2.51100E-01 4.80482E-01 6.51246E-01 1.91657E-01 1.20160E-01 8.16419E-02 2.41347E+00
8.26424E-02 1.20714E-01 1.83235E-01 2.25220E-01 2.50744E-01 4.80195E-01 6.51632E-01 1.91529E-01 1.20714E-01 8.26424E-02 2.39304E+00
8.35829E-02 1.21222E-01 1.83100E-01 2.24917E-01 2.50363E-01 4.79865E-01 6.51946E-01 1.91374E-01 1.21222E-01 8.35829E-02 2.37286E+00
8.44672E-02 1.21687E-01 1.82942E-01 2.24591E-01 2.49960E-01 4.79496E-01 6.52193E-01 1.91196E-01 1.21687E-01 8.44672E-02 2.35296E+00
8.52991E-02 1.22113E-01 1.82762E-01 2.24245E-01 2.49537E-01 4.79091E-01 6.52378E-01 1.90995E-01 1.22113E-01 8.52991E-02 2.33333E+00
8.60818E-02 1.22502E-01 1.82562E-01 2.23880E-01 2.49095E-01 4.78653E-01 6.52506E-01 1.90775E-01 1.22502E-01 8.60818E-02 2.31398E+00
8.68183E-02 1.22856E-01 1.82345E-01 2.23499E-01 2.48638E-01 4.78185E-01 6.52580E-01 1.90536E-01 1.22856E-01 8.68183E-02 2.29490E+00
8.75117E-02 1.23178E-01 1.82110E-01 2.23102E-01 2.48165E-01 4.77690E-01 6.52603E-01 1.90281E-01 1.23178E-01 8.75117E-02 2.27611E+00
8.81643E-02 1.23470E-01 1.81861E-01 2.22691E-01 2.47678E-01 4.77168E-01 6.52580E-01 1.90010E-01 1.23470E-01 8.81643E-02 2.25759E+00
8.87788E-02 1.23733E-01 1.81598E-01 2.22267E-01 2.47180E-01 4.76624E-01 6.52513E-01 1.89724E-01 1.23733E-01 8.87788E-02 2.23936E+00
8.93573E-02 1.23970E-01 1.81322E-01 2.21833E-01 2.46670E-01 4.76058E-01 6.52405E-01 1.89426E-01 1.23970E-01 8.93573E-02 2.22141E+00
8.99020E-02 1.24182E-01 1.81034E-01 2.21387E-01 2.46151E-01 4.75472E-01 6.52260E-01 1.89116E-01 1.24182E-01 8.99020E-02 2.20373E+00
9.04147E-02 1.24371E-01 1.80736E-01 2.20933E-01 2.45622E-01 4.74867E-01 6.52078E-01 1.88796E-01 1.24371E-01 9.04147E-02 2.18633E+00
9.08973E-02 1.24538E-01 1.80428E-01 2.20470E-01 2.45086E-01 4.74247E-01 6.51863E-01 1.88465E-01 1.24538E-01 9.08973E-02 2.16921E+00
9.13515E-02 1.24685E-01 1.80111E-01 2.19999E-01 2.44542E-01 4.73611E-01 6.51617E-01 1.88126E-01 1.24685E-01 9.13515E-02 2.15235E+00
9.17789E-02 1.24812E-01 1.79786E-01 2.19522E-01 2.43993E-01 4.72961E-01 6.51341E-01 1.87778E-01 1.24812E-01 9.17789E-02 2.13575E+00
0.00000E+00 0.00000E+00 9.11714E-02 1.41466E-01 1.69996E-01 3.74088E-01 4.82878E-01 1.00187E-01 0.00000E+00 0.00000E+00 1.74090E+00
0.00000E+00 0.00000E+00 1.00065E-01 1.50782E-01 1.79617E-01 3.90838E-01 5.08849E-01 1.09419E-01 0.00000E+00 0.00000E+00 1.97277E+00
0.00000E+00 8.12990E-03 1.07204E-01 1.58089E-01 1.87092E-01 4.03720E-01 5.29165E-01 1.16777E-01 8.12990E-03 0.00000E+00 2.11865E+00
0.00000E+00 1.82765E-02 1.13044E-01 1.63942E-01 1.93029E-01 4.13955E-01 5.45659E-01 1.22762E-01 1.82765E-02 0.00000E+00 2.21569E+00
0.00000E+00 2.68406E-02 1.17868E-01 1.68677E-01 1.97791E-01 4.22228E-01 5.59336E-01 1.27684E-01 2.68406E-02 0.00000E+00 2.28447E+00
0.00000E+00 3.41627E-02 1.21899E-01 1.72548E-01 2.01647E-01 4.28989E-01 5.70820E-01 1.31776E-01 3.41627E-02 0.00000E+00 2.33235E+00
0.00000E+00 4.04885E-02 1.25295E-01 1.75733E-01 2.04788E-01 4.34555E-01 5.80559E-01 1.35207E-01 4.04885E-02 0.00000E+00 2.36456E+00
0.00000E+00 4.60007E-02 1.28173E-01 1.78366E-01 2.07355E-01 4.39163E-01 5.88883E-01 1.38102E-01 4.60007E-02 0.00000E+00 2.38484E+00
2.40676E-03 5.08481E-02 1.30648E-01 1.80571E-01 2.09477E-01 4.42999E-01 5.96031E-01 1.40577E-01 5.08481E-02 2.40676E-03 2.39066E+00
8.10098E-03 5.51431E-02 1.32787E-01 1.82423E-01 2.11235E-01 4.46200E-01 6.02204E-01 1.42706E-01 5.51431E-02 8.10098E-03 2.38241E+00
1.32000E-02 5.89535E-02 1.34606E-01 1.83942E-01 2.12649E-01 4.48852E-01 6.07569E-01 1.44506E-01 5.89535E-02 1.32000E-02 2.37020E+00
1.77857E-02 6.23470E-02 1.36154E-01 1.85179E-01 2.13773E-01 4.51036E-01 6.12241E-01 1.46026E-01 6.23470E-02 1.77857E-02 2.35493E+00
2.19255E-02 6.53793E-02 1.37467E-01 1.86175E-01 2.14651E-01 4.52821E-01 6.16313E-01 1.47308E-01 6.53793E-02 2.19255E-02 2.33729E+00
2.56757E-02 6.80969E-02 1.38579E-01 1.86966E-01 2.15318E-01 4.54262E-01 6.19863E-01 1.48383E-01 6.80969E-02 2.56757E-02 2.31785E+00
2.90833E-02 7.05386E-02 1.39517E-01 1.87579E-01 2.15805E-01 4.55407E-01 6.22958E-01 1.49281E-01 7.05386E-02 2.90833E-02 2.29705E+00
3.21885E-02 7.27374E-02 1.40303E-01 1.88039E-01 2.16136E-01 4.56293E-01 6.25652E-01 1.50023E-01 7.27374E-02 3.21885E-02 2.27524E+00
3.50251E-02 7.47213E-02 1.40955E-01 1.88366E-01 2.16332E-01 4.56955E-01 6.27992E-01 1.50630E-01 7.47213E-02 3.50251E-02 2.25271E+00
3.76223E-02 7.65143E-02 1.41491E-01 1.88578E-01 2.16411E-01 4.57420E-01 6.30019E-01 1.51118E-01 7.65143E-02 3.76223E-02 2.22968E+00
4.00054E-02 7.81371E-02 1.41924E-01 1.88688E-01 2.16389E-01 4.57713E-01 6.31767E-01 1.51502E-01 7.81371E-02 4.00054E-02 2.20633E+00
4.21962E-02 7.96076E-02 1.42266E-01 1.88710E-01 2.16278E-01 4.57854E-01 6.33266E-01 1.51795E-01 7.96076E-02 4.21962E-02 2.18282E+00
4.42137E-02 8.09414E-02 1.42528E-01 1.88655E-01 2.16089E-01 4.57861E-01 6.34543E-01 1.52006E-01 8.09414E-02 4.42137E-02 2.15927E+00
4.60746E-02 8.21521E-02 1.42718E-01 1.88532E-01 2.15833E-01 4.57749E-01 6.35620E-01 1.52145E-01 8.21521E-02 4.60746E-02 2.13575E+00
4.77936E-02 8.32517E-02 1.42845E-01 1.88349E-01 2.15517E-01 4.57532E-01 6.36517E-01 1.52221E-01 8.32517E-02 4.77936E-02 2.11237E+00
4.93836E-02 8.42508E-02 1.42916E-01 1.88112E-01 2.15150E-01 4.57222E-01 6.37253E-01 1.52240E-01 8.42508E-02 4.93836E-02 2.08916E+00
5.08561E-02 8.51587E-02 1.42936E-01 1.87830E-01 2.14736E-01 4.56830E-01 6.37842E-01 1.52208E-01 8.51587E-02 5.08561E-02 2.06619E+00
5.22214E-02 8.59837E-02 1.42912E-01 1.87506E-01 2.14282E-01 4.56363E-01 6.38298E-01 1.52131E-01 8.59837E-02 5.22214E-02 2.04349E+00
5.34884E-02 8.67331E-02 1.42847E-01 1.87146E-01 2.13793E-01 4.55831E-01 6.38634E-01 1.52015E-01 8.67331E-02 5.34884E-02 2.02110E+00
5.46654E-02 8.74137E-02 1.42746E-01 1.86755E-01 2.13274E-01 4.55241E-01 6.38861E-01 1.51862E-01 8.74137E-02 5.46654E-02 1.99903E+00
5.57597E-02 8.80311E-02 1.42612E-01 1.86335E-01 2.12727E-01 4.54598E-01 6.38988E-01 1.51677E-01 8.80311E-02 5.57597E-02 1.97730E+00
5.67779E-02 8.85909E-02 1.42450E-01 1.85890E-01 2.12156E-01 4.53909E-01 6.39024E-01 1.51463E-01 8.85909E-02 5.67779E-02 1.95592E+00
5.77258E-02 8.90976E-02 1.42261E-01 1.85423E-01 2.11565E-01 4.53179E-01 6.38978E-01 1.51224E-01 8.90976E-02 5.77258E-02 1.93492E+00
5.86088E-02 8.95557E-02 1.42049E-01 1.84936E-01 2.10956E-01 4.52411E-01 6.38857E-01 1.50962E-01 8.95557E-02 5.86088E-02 1.91428E+00
5.94319E-02 8.99690E-02 1.41816E-01 1.84433E-01 2.10331E-01 4.51611E-01 6.38666E-01 1.50679E-01 8.99690E-02 5.94319E-02 1.89401E+00
6.01994E-02 9.03410E-02 1.41564E-01 1.83915E-01 2.09692E-01 4.50781E-01 6.38412E-01 1.50378E-01 9.03410E-02 6.01994E-02 1.87412E+00
6.09153E-02 9.06750E-02 1.41295E-01 1.83384E-01 2.09042E-01 4.49926E-01 6.38100E-01 1.50060E-01 9.06750E-02 6.09153E-02 1.85461E+00
6.15834E-02 9.09738E-02 1.41011E-01 1.82842E-01 2.08382E-01 4.49047E-01 6.37735E-01 1.49728E-01 9.09738E-02 6.15834E-02 1.83546E+00
6.22069E-02 9.12401E-02 1.40714E-01 1.82290E-01 2.07714E-01 4.48147E-01 6.37321E-01 1.49382E-01 9.12401E-02 6.22069E-02 1.81668E+00
6.27889E-02 9.14764E-02 1.40404E-01 1.81730E-01 2.07039E-01 4.47230E-01 6.36862E-01 1.49025E-01 9.14764E-02 6.27889E-02 1.79827E+00
6.33322E-02 9.16847E-02 1.40083E-01 1.81162E-01 2.06357E-01 4.46296E-01 6.36363E-01 1.48657E-01 9.16847E-02 6.33322E-02 1.78022E+00
6.38394E-02 9.18672E-02 1.39753E-01 1.80588E-01 2.05671E-01 4.45349E-01 6.35825E-01 1.48281E-01 9.18672E-02 6.38394E-02 1.76252E+00
6.43129E-02 9.20258E-02 1.39414E-01 1.80010E-01 2.04981E-01 4.44389E-01 6.35253E-01 1.47895E-01 9.20258E-02 6.43129E-02 1.74517E+00
6.47549E-02 9.21620E-02 1.39067E-01 1.79427E-01 2.04289E-01 4.43419E-01 6.34649E-01 1.47503E-01 9.21620E-02 6.47549E-02 1.72815E+00
6.51673E-02 9.22775E-02 1.38713E-01 1.78840E-01 2.03594E-01 4.42439E-01 6.34015E-01 1.47105E-01 9.22775E-02 6.51673E-02 1.71148E+00
6.55521E-02 9.23737E-02 1.38353E-01 1.78251E-01 2.02898E-01 4.41452E-01 6.33355E-01 1.46700E-01 9.23737E-02 6.55521E-02 1.69513E+00
6.59109E-02 9.24520E-02 1.37988E-01 1.77660E-01 2.02201E-01 4.40458E-01 6.32670E-01 1.46291E-01 9.24520E-02 6.59109E-02 1.67910E+00
6.62454E-02 9.25136E-02 1.37618E-01 1.77067E-01 2.01503E-01 4.39458E-01 6.31962E-01 1.45878E-01 9.25136E-02 6.62454E-02 1.66338E+00
6.65570E-02 9.25596E-02 1.37244E-01 1.76474E-01 2.00806E-01 4.38454E-01 6.31233E-01 1.45461E-01 9.25596E-02 6.65570E-02 1.64797E+00
6.68470E-02 9.25911E-02 1.36866E-01 1.75880E-01 2.00110E-01 4.37446E-01 6.30485E-01 1.45042E-01 9.25911E-02 6.68470E-02 1.63286E+00
6.71169E-02 9.26090E-02 1.36485E-01 1.75286E-01 1.99416E-01 4.36435E-01 6.29719E-01 1.44619E-01 9.26090E-02 6.71169E-02 1.61805E+00
6.73677E-02 9.26142E-02 1.36102E-01 1.74693E-01 1.98722E-01 4.35422E-01 6.28937E-01 1.44195E-01 9.26142E-02 6.73677E-02 1.60351E+00
0.00000E+00 0.00000E+00 7.63682E-02 1.34698E-01 1.66621E-01 4.00470E-01 5.33131E-01 8.84234E-02 0.00000E+00 0.00000E+00 1.62252E+00
0.00000E+00 0.00000E+00 8.26577E-02 1.40470E-01 1.72367E-01 4.12128E-01 5.54415E-01 9.46863E-02 0.00000E+00 0.00000E+00 1.77920E+00
0.00000E+00 6.49725E-03 8.76498E-02 1.44836E-01 1.76614E-01 4.20651E-01 5.70564E-01 9.96016E-02 6.49725E-03 0.00000E+00 1.86916E+00
0.00000E+00 1.45228E-02 9.16664E-02 1.48173E-01 1.79777E-01 4.27047E-01 5.83281E-01 1.03514E-01 1.45228E-02 0.00000E+00 1.92246E+00
0.00000E+00 2.12169E-02 9.49182E-02 1.50719E-01 1.82118E-01 4.31889E-01 5.93498E-01 1.06646E-01 2.12169E-02 0.00000E+00 1.95545E+00
0.00000E+00 2.68758E-02 9.75762E-02 1.52664E-01 1.83838E-01 4.35557E-01 6.01798E-01 1.09176E-01 2.68758E-02 0.00000E+00 1.97382E+00
0.00000E+00 3.17113E-02 9.97634E-02 1.54143E-01 1.85079E-01 4.38316E-01 6.08591E-01 1.11231E-01 3.17113E-02 0.00000E+00 1.98151E+00
0.00000E+00 3.58802E-02 1.01571E-01 1.55252E-01 1.85945E-01 4.40361E-01 6.14179E-01 1.12904E-01 3.58802E-02 0.00000E+00 1.98133E+00
1.84660E-03 3.95090E-02 1.03087E-01 1.56089E-01 1.86536E-01 4.41850E-01 6.18784E-01 1.14288E-01 3.95090E-02 1.84660E-03 1.97115E+00
6.19353E-03 4.26921E-02 1.04364E-01 1.56704E-01 1.86905E-01 4.42890E-01 6.22581E-01 1.15433E-01 4.26921E-02 6.19353E-03 1.95115E+00
1.00582E-02 4.54870E-02 1.05408E-01 1.57101E-01 1.87057E-01 4.43536E-01 6.25711E-01 1.16347E-01 4.54870E-02 1.00582E-02 1.92916E+00
1.35094E-02 4.79501E-02 1.06258E-01 1.57318E-01 1.87028E-01 4.43854E-01 6.28274E-01 1.17069E-01 4.79501E-02 1.35094E-02 1.90577E+00
1.66037E-02 5.01281E-02 1.06941E-01 1.57383E-01 1.86851E-01 4.43897E-01 6.30354E-01 1.17626E-01 5.01281E-02 1.66037E-02 1.88143E+00
1.93878E-02 5.20592E-02 1.07484E-01 1.57323E-01 1.86551E-01 4.43710E-01 6.32019E-01 1.18045E-01 5.20592E-02 1.93878E-02 1.85651E+00
2.19008E-02 5.37755E-02 1.07904E-01 1.57157E-01 1.86148E-01 4.43327E-01 6.33324E-01 1.18345E-01 5.37755E-02 2.19008E-02 1.83126E+00
2.41756E-02 5.53038E-02 1.08221E-01 1.56902E-01 1.85659E-01 4.42780E-01 6.34319E-01 1.18543E-01 5.53038E-02 2.41756E-02 1.80591E+00
2.62400E-02 5.66669E-02 1.08447E-01 1.56572E-01 1.85098E-01 4.42092E-01 6.35042E-01 1.18654E-01 5.66669E-02 2.62400E-02 1.78060E+00
2.81179E-02 5.78843E-02 1.08595E-01 1.56178E-01 1.84479E-01 4.41285E-01 6.35528E-01 1.18689E-01 5.78843E-02 2.81179E-02 1.75547E+00
2.98298E-02 5.89725E-02 1.08675E-01 1.55731E-01 1.83809E-01 4.40377E-01 6.35806E-01 1.18659E-01 5.89725E-02 2.98298E-02 1.73060E+00
3.13932E-02 5.99459E-02 1.08695E-01 1.55238E-01 1.83098E-01 4.39382E-01 6.35900E-01 1.18572E-01 5.99459E-02 3.13932E-02 1.70608E+00
3.28236E-02 6.08169E-02 1.08664E-01 1.54707E-01 1.82352E-01 4.38313E-01 6.35834E-01 1.18436E-01 6.08169E-02 3.28236E-02 1.68195E+00
3.41344E-02 6.15963E-02 1.08587E-01 1.54143E-01 1.81578E-01 4.37182E-01 6.35625E-01 1.18258E-01 6.15963E-02 3.41344E-02 1.65824E+00
3.53371E-02 6.22935E-02 1.08471E-01 1.53552E-01 1.80781E-01 4.35997E-01 6.35289E-01 1.18042E-01 6.22935E-02 3.53371E-02 1.63500E+00
3.64422E-02 6.29167E-02 1.08320E-01 1.52939E-01 1.79966E-01 4.34767E-01 6.34841E-01 1.17794E-01 6.29167E-02 3.64422E-02 1.61224E+00
3.74587E-02 6.34734E-02 1.08138E-01 1.52306E-01 1.79135E-01 4.33499E-01 6.34294E-01 1.17517E-01 6.34734E-02 3.74587E-02 1.58997E+00
3.83946E-02 6.39698E-02 1.07929E-01 1.51658E-01 1.78292E-01 4.32199E-01 6.33658E-01 1.17216E-01 6.39698E-02 3.83946E-02 1.56820E+00
3.92571E-02 6.44117E-02 1.07697E-01 1.50997E-01 1.77441E-01 4.30873E-01 6.32943E-01 1.16894E-01 6.44117E-02 3.92571E-02 1.54692E+00
4.00527E-02 6.48041E-02 1.07444E-01 1.50326E-01 1.76582E-01 4.29524E-01 6.32157E-01 1.16553E-01 6.48041E-02 4.00527E-02 1.52615E+00
4.07869E-02 6.51516E-02 1.07173E-01 1.49647E-01 1.75719E-01 4.28157E-01 6.31309E-01 1.16196E-01 6.51516E-02 4.07869E-02 1.50586E+00
4.14649E-02 6.54582E-02 1.06886E-01 1.48961E-01 1.74854E-01 4.26775E-01 6.30405E-01 1.15825E-01 6.54582E-02 4.14649E-02 1.48607E+00
4.20913E-02 6.57275E-02 1.06585E-01 1.48271E-01 1.73987E-01 4.25382E-01 6.29451E-01 1.15442E-01 6.57275E-02 4.20913E-02 1.46675E+00
4.26703E-02 6.59627E-02 1.06272E-01 1.47578E-01 1.73120E-01 4.23981E-01 6.28453E-01 1.15049E-01 6.59627E-02 4.26703E-02 1.44790E+00
4.32055E-02 6.61669E-02 1.05948E-01 1.46883E-01 1.72254E-01 4.22573E-01 6.27415E-01 1.14647E-01 6.61669E-02 4.32055E-02 1.42952E+00
4.37004E-02 6.63425E-02 1.05615E-01 1.46186E-01 1.71391E-01 4.21160E-01 6.26341E-01 1.14237E-01 6.63425E-02 4.37004E-02 1.41158E+00
4.41579E-02 6.64920E-02 1.05274E-01 1.45490E-01 1.70531E-01 4.19746E-01 6.25236E-01 1.13821E-01 6.64920E-02 4.41579E-02 1.39408E+00
4.45810E-02 6.66175E-02 1.04926E-01 1.44795E-01 1.69674E-01 4.18330E-01 6.24104E-01 1.13400E-01 6.66175E-02 4.45810E-02 1.37701E+00
4.49722E-02 6.67211E-02 1.04572E-01 1.44102E-01 1.68823E-01 4.16915E-01 6.22946E-01 1.12974E-01 6.67211E-02 4.49722E-02 1.36035E+00
4.53337E-02 6.68044E-02 1.04213E-01 1.43410E-01 1.67976E-01 4.15502E-01 6.21767E-01 1.12545E-01 6.68044E-02 4.53337E-02 1.34409E+00
4.56677E-02 6.68691E-02 1.03850E-01 1.42722E-01 1.67134E-01 4.14092E-01 6.20568E-01 1.12114E-01 6.68691E-02 4.56677E-02 1.32823E+00
4.59761E-02 6.69167E-02 1.03484E-01 1.42036E-01 1.66299E-01 4.12687E-01 6.19353E-01 1.11680E-01 6.69167E-02 4.59761E-02 1.31275E+00
4.62607E-02 6.69485E-02 1.03114E-01 1.41355E-01 1.65470E-01 4.11285E-01 6.18122E-01 1.11245E-01 6.69485E-02 4.62607E-02 1.29764E+00
4.65231E-02 6.69657E-02 1.02743E-01 1.40677E-01 1.64647E-01 4.09890E-01 6.16879E-01 1.10808E-01 6.69657E-02 4.65231E-02 1.28289E+00
4.67649E-02 6.69695E-02 1.02369E-01 1.40004E-01 1.63831E-01 4.08501E-01 6.15624E-01 1.10372E-01 6.69695E-02 4.67649E-02 1.26848E+00
4.69873E-02 6.69609E-02 1.01994E-01 1.39335E-01 1.63022E-01 4.07118E-01 6.14361E-01 1.09935E-01 6.69609E-02 4.69873E-02 1.25441E+00
4.71917E-02 6.69408E-02 1.01619E-01 1.38672E-01 1.62221E-01 4.05743E-01 6.13088E-01 1.09499E-01 6.69408E-02 4.71917E-02 1.24067E+00
4.73793E-02 6.69101E-02 1.01243E-01 1.38013E-01 1.61426E-01 4.04376E-01 6.11810E-01 1.09063E-01 6.69101E-02 4.73793E-02 1.22724E+00
4.75510E-02 6.68697E-02 1.00866E-01 1.37360E-01 1.60639E-01 4.03017E-01 6.10525E-01 1.08628E-01 6.68697E-02 4.75510E-02 1.21412E+00
4.77081E-02 6.68202E-02 1.00490E-01 1.36711E-01 1.59860E-01 4.01666E-01 6.09236E-01 1.08195E-01 6.68202E-02 4.77081E-02 1.20129E+00
4.78512E-02 6.67624E-02 1.00114E-01 1.36069E-01 1.59088E-01 4.00325E-01 6.07944E-01 1.07763E-01 6.67624E-02 4.78512E-02 1.18876E+00
4.79815E-02 6.66968E-02 9.97394E-02 1.35431E-01 1.58323E-01 3.98992E-01 6.06649E-01 1.07332E-01 6.66968E-02 4.79815E-02 1.17650E+00
0.00000E+00 0.00000E+00 5.89891E-02 1.24241E-01 1.59537E-01 4.25244E-01 5.87224E-01 7.31009E-02 0.00000E+00 0.00000E+00 1.44258E+00
0.00000E+00 0.00000E+00 6.35613E-02 1.26945E-01 1.61701E-01 4.31397E-01 6.02963E-01 7.72390E-02 0.00000E+00 0.00000E+00 1.54553E+00
0.00000E+00 5.06088E-03 6.71485E-02 1.28818E-01 1.63030E-01 4.35288E-01 6.14271E-01 8.04309E-02 5.06088E-03 0.00000E+00 1.59678E+00
0.00000E+00 1.12424E-02 6.99861E-02 1.30062E-01 1.63737E-01 4.37661E-01 6.22654E-01 8.29033E-02 1.12424E-02 0.00000E+00 1.62047E+00
0.00000E+00 1.63315E-02 7.22346E-02 1.30820E-01 1.63971E-01 4.38947E-01 6.28942E-01 8.48125E-02 1.63315E-02 0.00000E+00 1.62959E+00
0.00000E+00 2.05791E-02 7.40293E-02 1.31220E-01 1.63863E-01 4.39441E-01 6.33653E-01 8.62913E-02 2.05791E-02 0.00000E+00 1.62859E+00
0.00000E+00 2.41638E-02 7.54673E-02 1.31351E-01 1.63504E-01 4.39346E-01 6.37151E-01 8.74346E-02 2.41638E-02 0.00000E+00 1.62051E+00
0.00000E+00 2.72166E-02 7.66202E-02 1.31275E-01 1.62957E-01 4.38804E-01 6.39699E-01 8.83119E-02 2.72166E-02 0.00000E+00 1.60746E+00
1.37627E-03 2.98422E-02 7.75578E-02 1.31063E-01 1.62294E-01 4.37944E-01 6.41494E-01 8.89924E-02 2.98422E-02 1.37627E-03 1.58776E+00
4.59795E-03 3.21182E-02 7.83190E-02 1.30743E-01 1.61543E-01 4.36838E-01 6.42683E-01 8.95129E-02 3.21182E-02 4.59795E-03 1.56148E+00
7.43927E-03 3.40919E-02 7.89100E-02 1.30305E-01 1.60688E-01 4.35504E-01 6.43368E-01 8.98756E-02 3.40919E-02 7.43927E-03 1.53455E+00
9.95670E-03 3.58094E-02 7.93589E-02 1.29773E-01 1.59754E-01 4.33988E-01 6.43634E-01 9.01076E-02 3.58094E-02 9.95670E-03 1.50735E+00
1.21963E-02 3.73084E-02 7.96886E-02 1.29167E-01 1.58759E-01 4.32329E-01 6.43550E-01 9.02310E-02 3.73084E-02 1.21963E-02 1.48017E+00
1.41959E-02 3.86199E-02 7.99178E-02 1.28503E-01 1.57719E-01 4.30557E-01 6.43172E-01 9.02637E-02 3.86199E-02 1.41959E-02 1.45321E+00
1.59870E-02 3.97693E-02 8.00617E-02 1.27792E-01 1.56644E-01 4.28697E-01 6.42545E-01 9.02202E-02 3.97693E-02 1.59870E-02 1.42663E+00
1.75961E-02 4.07781E-02 8.01333E-02 1.27045E-01 1.55546E-01 4.26767E-01 6.41709E-01 9.01126E-02 4.07781E-02 1.75961E-02 1.40052E+00
1.90453E-02 4.16643E-02 8.01431E-02 1.26270E-01 1.54430E-01 4.24785E-01 6.40695E-01 8.99511E-02 4.16643E-02 1.90453E-02 1.37497E+00
2.03536E-02 4.24430E-02 8.01000E-02 1.25474E-01 1.53304E-01 4.22763E-01 6.39530E-01 8.97440E-02 4.24430E-02 2.03536E-02 1.35001E+00
2.15371E-02 4.31273E-02 8.00117E-02 1.24662E-01 1.52173E-01 4.20711E-01 6.38236E-01 8.94985E-02 4.31273E-02 2.15371E-02 1.32570E+00
2.26097E-02 4.37282E-02 7.98845E-02 1.23839E-01 1.51041E-01 4.18640E-01 6.36833E-01 8.92203E-02 4.37282E-02 2.26097E-02 1.30204E+00
2.35834E-02 4.42554E-02 7.97240E-02 1.23009E-01 1.49910E-01 4.16557E-01 6.35337E-01 8.89148E-02 4.42554E-02 2.35834E-02 1.27904E+00
2.44687E-02 4.47170E-02 7.95347E-02 1.22174E-01 1.48784E-01 4.14466E-01 6.33761E-01 8.85860E-02 4.47170E-02 2.44687E-02 1.25671E+00
2.52745E-02 4.51203E-02 7.93208E-02 1.21338E-01 1.47666E-01 4.12375E-01 6.32119E-01 8.82378E-02 4.51203E-02 2.52745E-02 1.23503E+00
2.60089E-02 4.54716E-02 7.90857E-02 1.20502E-01 1.46555E-01 4.10286E-01 6.30419E-01 8.78733E-02 4.54716E-02 2.60089E-02 1.21399E+00
2.66787E-02 4.57762E-02 7.88324E-02 1.19669E-01 1.45455E-01 4.08204E-01 6.28672E-01 8.74951E-02 4.57762E-02 2.66787E-02 1.19360E+00
2.72903E-02 4.60391E-02 7.85634E-02 1.18839E-01 1.44365E-01 4.06132E-01 6.26884E-01 8.71057E-02 4.60391E-02 2.72903E-02 1.17382E+00
2.78489E-02 4.62645E-02 7.82812E-02 1.18014E-01 1.43288E-01 4.04071E-01 6.25063E-01 8.67071E-02 4.62645E-02 2.78489E-02 1.15464E+00
2.83594E-02 4.64561E-02 7.79876E-02 1.17195E-01 1.42224E-01 4.02024E-01 6.23215E-01 8.63010E-02 4.64561E-02 2.83594E-02 1.13604E+00
2.88263E-02 4.66173E-02 7.76844E-02 1.16384E-01 1.41173E-01 3.99992E-01 6.21344E-01 8.58889E-02 4.66173E-02 2.88263E-02 1.11801E+00
2.92532E-02 4.67509E-02 7.73730E-02 1.15579E-01 1.40135E-01 3.97977E-01 6.19455E-01 8.54722E-02 4.67509E-02 2.92532E-02 1.10052E+00
2.96436E-02 4.68597E-02 7.70549E-02 1.14783E-01 1.39111E-01 3.95980E-01 6.17552E-01 8.50519E-02 4.68597E-02 2.96436E-02 1.08356E+00
3.00006E-02 4.69460E-02 7.67311E-02 1.13995E-01 1.38102E-01 3.94002E-01 6.15638E-01 8.46292E-02 4.69460E-02 3.00006E-02 1.06711E+00
3.03270E-02 4.70118E-02 7.64027E-02 1.13216E-01 1.37107E-01 3.92044E-01 6.13717E-01 8.42048E-02 4.70118E-02 3.03270E-02 1.05114E+00
3.06253E-02 4.70592E-02 7.60705E-02 1.12446E-01 1.36126E-01 3.90106E-01 6.11791E-01 8.37795E-02 4.70592E-02 3.06253E-02 1.03565E+00
3.08978E-02 4.70897E-02 7.57355E-02 1.11686E-01 1.35159E-01 3.88188E-01 6.09863E-01 8.33540E-02 4.70897E-02 3.08978E-02 1.02061E+00
3.11465E-02 4.71049E-02 7.53982E-02 1.10934E-01 1.34207E-01 3.86291E-01 6.07934E-01 8.29288E-02 4.71049E-02 3.11465E-02 1.00601E+00
3.13732E-02 4.71062E-02 7.50594E-02 1.10193E-01 1.33269E-01 3.84415E-01 6.06006E-01 8.25044E-02 4.71062E-02 3.13732E-02 9.91831E-01
3.15796E-02 4.70949E-02 7.47195E-02 1.09461E-01 1.32345E-01 3.82561E-01 6.04082E-01 8.20814E-02 4.70949E-02 3.15796E-02 9.78054E-01
3.17673E-02 4.70720E-02 7.43789E-02 1.08739E-01 1.31435E-01 3.80728E-01 6.02161E-01 8.16600E-02 4.70720E-02 3.17673E-02 9.64666E-01
3.19378E-02 4.70385E-02 7.40383E-02 1.08026E-01 1.30538E-01 3.78915E-01 6.00246E-01 8.12405E-02 4.70385E-02 3.19378E-02 9.51653E-01
3.20921E-02 4.69955E-02 7.36978E-02 1.07323E-01 1.29656E-01 3.77125E-01 5.98338E-01 8.08234E-02 4.69955E-02 3.20921E-02 9.38999E-01
3.22316E-02 4.69437E-02 7.33580E-02 1.06629E-01 1.28786E-01 3.75355E-01 5.96437E-01 8.04087E-02 4.69437E-02 3.22316E-02 9.26692E-01
3.23573E-02 4.68840E-02 7.30189E-02 1.05945E-01 1.27930E-01 3.73606E-01 5.94545E-01 7.99968E-02 4.68840E-02 3.23573E-02 9.14718E-01
3.24702E-02 4.68169E-02 7.26810E-02 1.05271E-01 1.27087E-01 3.71878E-01 5.92662E-01 7.95878E-02 4.68169E-02 3.24702E-02 9.03066E-01
3.25712E-02 4.67433E-02 7.23444E-02 1.04606E-01 1.26256E-01 3.70171E-01 5.90789E-01 7.91819E-02 4.67433E-02 3.25712E-02 8.91722E-01
3.26610E-02 4.66635E-02 7.20093E-02 1.03950E-01 1.25438E-01 3.68484E-01 5.88926E-01 7.87791E-02 4.66635E-02 3.26610E-02 8.80676E-01
3.27406E-02 4.65783E-02 7.16760E-02 1.03303E-01 1.24632E-01 3.66818E-01 5.87074E-01 7.83797E-02 4.65783E-02 3.27406E-02 8.69917E-01
3.28106E-02 4.64880E-02 7.13445E-02 1.02665E-01 1.23839E-01 3.65171E-01 5.85233E-01 7.79836E-02 4.64880E-02 3.28106E-02 8.59433E-01
3.28716E-02 4.63931E-02 7.10150E-02 1.02035E-01 1.23057E-01 3.63544E-01 5.83404E-01 7.75910E-02 4.63931E-02 3.28716E-02 8.49216E-01
3.29242E-02 4.62941E-02 7.06876E-02 1.01415E-01 1.22287E-01 3.61937E-01 5.81587E-01 7.72020E-02 4.62941E-02 3.29242E-02 8.39255E-01
0.00000E+00 0.00000E+00 4.15310E-02 1.09775E-01 1.47518E-01 4.46146E-01 6.43672E-01 5.60819E-02 0.00000E+00 0.00000E+00 1.23956E+00
0.00000E+00 0.00000E+00 4.52546E-02 1.10089E-01 1.46628E-01 4.46410E-01 6.52737E-01 5.90149E-02 0.00000E+00 0.00000E+00 1.30612E+00
0.00000E+00 3.83454E-03 4.81160E-02 1.10051E-01 1.45519E-01 4.45412E-01 6.58301E-01 6.12151E-02 3.83454E-03 0.00000E+00 1.33128E+00
0.00000E+00 8.45315E-03 5.03335E-02 1.09719E-01 1.44213E-01 4.43588E-01 6.61599E-01 6.28586E-02 8.45315E-03 0.00000E+00 1.33514E+00
0.00000E+00 1.21943E-02 5.20527E-02 1.09157E-01 1.42753E-01 4.41203E-01 6.63319E-01 6.40696E-02 1.21943E-02 0.00000E+00 1.32834E+00
0.00000E+00 1.52680E-02 5.33928E-02 1.08437E-01 1.41205E-01 4.38451E-01 6.63895E-01 6.49550E-02 1.52680E-02 0.00000E+00 1.31460E+00
0.00000E+00 1.78221E-02 5.44388E-02 1.07611E-01 1.39609E-01 4.35462E-01 6.63624E-01 6.55906E-02 1.78221E-02 0.00000E+00 1.29635E+00
0.00000E+00 1.99641E-02 5.52526E-02 1.06711E-01 1.37992E-01 4.32322E-01 6.62717E-01 6.60315E-02 1.99641E-02 0.00000E+00 1.27527E+00
9.89476E-04 2.17789E-02 5.58919E-02 1.05783E-01 1.36398E-01 4.29122E-01 6.61344E-01 6.63317E-02 2.17789E-02 9.89476E-04 1.25008E+00
3.29045E-03 2.33284E-02 5.63904E-02 1.04839E-01 1.34830E-01 4.25894E-01 6.59611E-01 6.65195E-02 2.33284E-02 3.29045E-03 1.22083E+00
5.30061E-03 2.46508E-02 5.67560E-02 1.03857E-01 1.33257E-01 4.22615E-01 6.57571E-01 6.65962E-02 2.46508E-02 5.30061E-03 1.19190E+00
7.06507E-03 2.57828E-02 5.70120E-02 1.02850E-01 1.31690E-01 4.19312E-01 6.55288E-01 6.65827E-02 2.57828E-02 7.06507E-03 1.16351E+00
8.62036E-03 2.67538E-02 5.71772E-02 1.01828E-01 1.30137E-01 4.16004E-01 6.52813E-01 6.64956E-02 2.67538E-02 8.62036E-03 1.13581E+00
9.99636E-03 2.75881E-02 5.72666E-02 1.00801E-01 1.28602E-01 4.12706E-01 6.50188E-01 6.63483E-02 2.75881E-02 9.99636E-03 1.10891E+00
1.12177E-02 2.83054E-02 5.72928E-02 9.97726E-02 1.27091E-01 4.09431E-01 6.47446E-01 6.61518E-02 2.83054E-02 1.12177E-02 1.08285E+00
1.23050E-02 2.89221E-02 5.72659E-02 9.87485E-02 1.25606E-01 4.06187E-01 6.44613E-01 6.59149E-02 2.89221E-02 1.23050E-02 1.05768E+00
1.32753E-02 2.94519E-02 5.71943E-02 9.77320E-02 1.24148E-01 4.02980E-01 6.41711E-01 6.56448E-02 2.94519E-02 1.32753E-02 1.03339E+00
1.41433E-02 2.99064E-02 5.70851E-02 9.67258E-02 1.22719E-01 3.99814E-01 6.38758E-01 6.53477E-02 2.99064E-02 1.41433E-02 1.00999E+00
1.49212E-02 3.02953E-02 5.69441E-02 9.57319E-02 1.21321E-01 3.96694E-01 6.35768E-01 6.50284E-02 3.02953E-02 1.49212E-02 9.87466E-01
1.56196E-02 3.06268E-02 5.67764E-02 9.47519E-02 1.19952E-01 3.93622E-01 6.32754E-01 6.46912E-02 3.06268E-02 1.56196E-02 9.65786E-01
1.62476E-02 3.09080E-02 5.65860E-02 9.37869E-02 1.18613E-01 3.90599E-01 6.29726E-01 6.43395E-02 3.09080E-02 1.62476E-02 9.44930E-01
1.68129E-02 3.11450E-02 5.63766E-02 9.28376E-02 1.17304E-01 3.87626E-01 6.26691E-01 6.39764E-02 3.11450E-02 1.68129E-02 9.24867E-01
1.73223E-02 3.13429E-02 5.61511E-02 9.19047E-02 1.16025E-01 3.84705E-01 6.23657E-01 6.36041E-02 3.13429E-02 1.73223E-02 9.05569E-01
1.77818E-02 3.15065E-02 5.59122E-02 9.09884E-02 1.14775E-01 3.81834E-01 6.20629E-01 6.32249E-02 3.15065E-02 1.77818E-02 8.87003E-01
1.81964E-02 3.16395E-02 5.56620E-02 9.00891E-02 1.13554E-01 3.79014E-01 6.17612E-01 6.28405E-02 3.16395E-02 1.81964E-02 8.69138E-01
1.85707E-02 3.17454E-02 5.54026E-02 8.92066E-02 1.12360E-01 3.76245E-01 6.14609E-01 6.24524E-02 3.17454E-02 1.85707E-02 8.51944E-01
1.89087E-02 3.18272E-02 5.51354E-02 8.83410E-02 1.11194E-01 3.73526E-01 6.11625E-01 6.20618E-02 3.18272E-02 1.89087E-02 8.35390E-01
1.92139E-02 3.18876E-02 5.48620E-02 8.74923E-02 1.10055E-01 3.70856E-01 6.08662E-01 6.16699E-02 3.18876E-02 1.92139E-02 8.19446E-01
1.94894E-02 3.19288E-02 5.45835E-02 8.66601E-02 1.08942E-01 3.68235E-01 6.05721E-01 6.12775E-02 3.19288E-02 1.94894E-02 8.04085E-01
1.97379E-02 3.19530E-02 5.43011E-02 8.58443E-02 1.07854E-01 3.65661E-01 6.02805E-01 6.08854E-02 3.19530E-02 1.97379E-02 7.89278E-01
1.99620E-02 3.19618E-02 5.40156E-02 8.50446E-02 1.06790E-01 3.63134E-01 5.99916E-01 6.04943E-02 3.19618E-02 1.99620E-02 7.75001E-01
2.01639E-02 3.19571E-02 5.37278E-02 8.42608E-02 1.05750E-01 3.60652E-01 5.97053E-01 6.01048E-02 3.19571E-02 2.01639E-02 7.61228E-01
2.03454E-02 3.19401E-02 5.34384E-02 8.34925E-02 1.04733E-01 3.58215E-01 5.94219E-01 5.97173E-02 3.19401E-02 2.03454E-02 7.47936E-01
2.05084E-02 3.19121E-02 5.31481E-02 8.27393E-02 1.03739E-01 3.55822E-01 5.91414E-01 5.93322E-02 3.19121E-02 2.05084E-02 7.35101E-01
2.06544E-02 3.18743E-02 5.28573E-02 8.20011E-02 1.02766E-01 3.53472E-01 5.88638E-01 5.89499E-02 3.18743E-02 2.06544E-02 7.22703E-01
2.07849E-02 3.18277E-02 5.25665E-02 8.12773E-02 1.01815E-01 3.51163E-01 5.85892E-01 5.85706E-02 3.18277E-02 2.07849E-02 7.10722E-01
2.09013E-02 3.17732E-02 5.22761E-02 8.05678E-02 1.00883E-01 3.48895E-01 5.83176E-01 5.81946E-02 3.17732E-02 2.09013E-02 6.99139E-01
2.10046E-02 3.17116E-02 5.19864E-02 7.98721E-02 9.99720E-02 3.46666E-01 5.80490E-01 5.78220E-02 3.17116E-02 2.10046E-02 6.87934E-01
2.10959E-02 3.16436E-02 5.16978E-02 7.91898E-02 9.90797E-02 3.44476E-01 5.77834E-01 5.74531E-02 3.16436E-02 2.10959E-02 6.77092E-01
2.11761E-02 3.15700E-02 5.14104E-02 7.85207E-02 9.82061E-02 3.42323E-01 5.75209E-01 5.70880E-02 3.15700E-02 2.11761E-02 6.66595E-01
2.12463E-02 3.14913E-02 5.11246E-02 7.78644E-02 9.73505E-02 3.40208E-01 5.72614E-01 5.67267E-02 3.14913E-02 2.12463E-02 6.56429E-01
2.13070E-02 3.14080E-02 5.08405E-02 7.72206E-02 9.65124E-02 3.38128E-01 5.70049E-01 5.63693E-02 3.14080E-02 2.13070E-02 6.46578E-01
2.13592E-02 3.13206E-02 5.05583E-02 7.65890E-02 9.56913E-02 3.36082E-01 5.67513E-01 5.60160E-02 3.13206E-02 2.13592E-02 6.37030E-01
2.14034E-02 3.12296E-02 5.02781E-02 7.59692E-02 9.48865E-02 3.34071E-01 5.65008E-01 5.56667E-02 3.12296E-02 2.14034E-02 6.27770E-01
2.14403E-02 3.11354E-02 5.00000E-02 7.53609E-02 9.40978E-02 3.32093E-01 5.62531E-01 5.53215E-02 3.11354E-02 2.14403E-02 6.18787E-01
2.14703E-02 3.10383E-02 4.97242E-02 7.47638E-02 9.33244E-02 3.30147E-01 5.60084E-01 5.49804E-02 3.10383E-02 2.14703E-02 6.10068E-01
2.14941E-02 3.09387E-02 4.94507E-02 7.41777E-02 9.25661E-02 3.28233E-01 5.57665E-01 5.46434E-02 3.09387E-02 2.14941E-02 6.01604E-01
2.15121E-02 3.08368E-02 4.91796E-02 7.36022E-02 9.18224E-02 3.26349E-01 5.55274E-01 5.43105E-02 3.08368E-02 2.15121E-02 5.93382E-01
2.15247E-02 3.07329E-02 4.89110E-02 7.30371E-02 9.10928E-02 3.24495E-01 5.52912E-01 5.39817E-02 3.07329E-02 2.15247E-02 5.85393E-01
2.15323E-02 3.06273E-02 4.86448E-02 7.24820E-02 9.03770E-02 3.22670E-01 5.50577E-01 5.36569E-02 3.06273E-02 2.15323E-02 5.77628E-01
0.00000E+00 0.00000E+00 2.75022E-02 9.17524E-02 1.29765E-01 4.60278E-01 6.99792E-01 4.05364E-02 0.00000E+00 0.00000E+00 1.05462E+00
0.00000E+00 0.00000E+00 3.08911E-02 9.04361E-02 1.26550E-01 4.54258E-01 7.00634E-01 4.29410E-02 0.00000E+00 0.00000E+00 1.09184E+00
0.00000E+00 2.79500E-03 3.33999E-02 8.91176E-02 1.23632E-01 4.48127E-01 6.99244E-01 4.46591E-02 2.79500E-03 0.00000E+00 1.09570E+00
0.00000E+00 6.09974E-03 3.52863E-02 8.77574E-02 1.20877E-01 4.41959E-01 6.96475E-01 4.58811E-02 6.09974E-03 0.00000E+00 1.08346E+00
0.00000E+00 8.72048E-03 3.67089E-02 8.63598E-02 1.18238E-01 4.35823E-01 6.92810E-01 4.67311E-02 8.72048E-03 0.00000E+00 1.06398E+00
0.00000E+00 1.08301E-02 3.77865E-02 8.49570E-02 1.15719E-01 4.29797E-01 6.88564E-01 4.73083E-02 1.08301E-02 0.00000E+00 1.04038E+00
0.00000E+00 1.25483E-02 3.86018E-02 8.35680E-02 1.13320E-01 4.23923E-01 6.83944E-01 4.76813E-02 1.25483E-02 0.00000E+00 1.01463E+00
0.00000E+00 1.39609E-02 3.92144E-02 8.22046E-02 1.11035E-01 4.18221E-01 6.79088E-01 4.78991E-02 1.39609E-02 0.00000E+00 9.87937E-01
6.76547E-04 1.51343E-02 3.96751E-02 8.08906E-02 1.08879E-01 4.12740E-01 6.74125E-01 4.80067E-02 1.51343E-02 6.76547E-04 9.59375E-01
2.23733E-03 1.61164E-02 4.00155E-02 7.96241E-02 1.06839E-01 4.07466E-01 6.69111E-01 4.80284E-02 1.61164E-02 2.23733E-03 9.28909E-01
3.58534E-03 1.69367E-02 4.02475E-02 7.83779E-02 1.04872E-01 4.02330E-01 6.64032E-01 4.79681E-02 1.69367E-02 3.58534E-03 8.99592E-01
4.75537E-03 1.76231E-02 4.03914E-02 7.71566E-02 1.02976E-01 3.97335E-01 6.58926E-01 4.78427E-02 1.76231E-02 4.75537E-03 8.71505E-01
5.77532E-03 1.81978E-02 4.04634E-02 7.59631E-02 1.01149E-01 3.92481E-01 6.53822E-01 4.76656E-02 1.81978E-02 5.77532E-03 8.44676E-01
6.66781E-03 1.86788E-02 4.04765E-02 7.47992E-02 9.93899E-02 3.87767E-01 6.48741E-01 4.74475E-02 1.86788E-02 6.66781E-03 8.19101E-01
7.45133E-03 1.90806E-02 4.04411E-02 7.36660E-02 9.76949E-02 3.83189E-01 6.43699E-01 4.71968E-02 1.90806E-02 7.45133E-03 7.94749E-01
8.14117E-03 1.94152E-02 4.03656E-02 7.25637E-02 9.60617E-02 3.78745E-01 6.38709E-01 4.69202E-02 1.94152E-02 8.14117E-03 7.71579E-01
8.75002E-03 1.96925E-02 4.02570E-02 7.14923E-02 9.44874E-02 3.74430E-01 6.33780E-01 4.66233E-02 1.96925E-02 8.75002E-03 7.49542E-01
9.28853E-03 1.99206E-02 4.01210E-02 7.04514E-02 9.29694E-02 3.70239E-01 6.28917E-01 4.63106E-02 1.99206E-02 9.28853E-03 7.28581E-01
9.76567E-03 2.01065E-02 3.99624E-02 6.94405E-02 9.15049E-02 3.66169E-01 6.24126E-01 4.59857E-02 2.01065E-02 9.76567E-03 7.08642E-01
1.01890E-02 2.02559E-02 3.97851E-02 6.84588E-02 9.00914E-02 3.62214E-01 6.19410E-01 4.56516E-02 2.02559E-02 1.01890E-02 6.89669E-01
1.05651E-02 2.03737E-02 3.95925E-02 6.75056E-02 8.87264E-02 3.58370E-01 6.14771E-01 4.53108E-02 2.03737E-02 1.05651E-02 6.71606E-01
1.08995E-02 2.04642E-02 3.93872E-02 6.65800E-02 8.74075E-02 3.54633E-01 6.10209E-01 4.49653E-02 2.04642E-02 1.08995E-02 6.54401E-01
1.11969E-02 2.05309E-02 3.91716E-02 6.56810E-02 8.61324E-02 3.50999E-01 6.05727E-01 4.46168E-02 2.05309E-02 1.11969E-02 6.38003E-01
1.14616E-02 2.05767E-02 3.89478E-02 6.48078E-02 8.48992E-02 3.47462E-01 6.01322E-01 4.42666E-02 2.05767E-02 1.14616E-02 6.22365E-01
1.16970E-02 2.06045E-02 3.87172E-02 6.39594E-02 8.37056E-02 3.44020E-01 5.96996E-01 4.39160E-02 2.06045E-02 1.16970E-02 6.07440E-01
1.19064E-02 2.06163E-02 3.84814E-02 6.31350E-02 8.25499E-02 3.40668E-01 5.92748E-01 4.35658E-02 2.06163E-02 1.19064E-02 5.93188E-01
1.20924E-02 2.06143E-02 3.82416E-02 6.23336E-02 8.14303E-02 3.37403E-01 5.88575E-01 4.32169E-02 2.06143E-02 1.20924E-02 5.79567E-01
1.22576E-02 2.06001E-02 3.79988E-02 6.15544E-02 8.03451E-02 3.34221E-01 5.84478E-01 4.28699E-02 2.06001E-02 1.22576E-02 5.66542E-01
1.24039E-02 2.05752E-02 3.77539E-02 6.07965E-02 7.92926E-02 3.31120E-01 5.80455E-01 4.25254E-02 2.05752E-02 1.24039E-02 5.54075E-01
1.25334E-02 2.05409E-02 3.75075E-02 6.00591E-02 7.82714E-02 3.28094E-01 5.76504E-01 4.21837E-02 2.05409E-02 1.25334E-02 5.42137E-01
1.26475E-02 2.04983E-02 3.72604E-02 5.93415E-02 7.72801E-02 3.25143E-01 5.72624E-01 4.18452E-02 2.04983E-02 1.26475E-02 5.30695E-01
1.27479E-02 2.04485E-02 3.70131E-02 5.86429E-02 7.63173E-02 3.22263E-01 5.68814E-01 4.15103E-02 2.04485E-02 1.27479E-02 5.19722E-01
1.28358E-02 2.03924E-02 3.67660E-02 5.79625E-02 7.53819E-02 3.19451E-01 5.65071E-01 4.11791E-02 2.03924E-02 1.28358E-02 5.09191E-01
1.29124E-02 2.03307E-02 3.65196E-02 5.72997E-02 7.44725E-02 3.16704E-01 5.61395E-01 4.08519E-02 2.03307E-02 1.29124E-02 4.99078E-01
1.29787E-02 2.02642E-02 3.62742E-02 5.66539E-02 7.35881E-02 3.14020E-01 5.57783E-01 4.05287E-02 2.02642E-02 1.29787E-02 4.89359E-01
1.30356E-02 2.01934E-02 3.60300E-02 5.60243E-02 7.27276E-02 3.11398E-01 5.54235E-01 4.02097E-02 2.01934E-02 1.30356E-02 4.80013E-01
1.30841E-02 2.01188E-02 3.57874E-02 5.54103E-02 7.18901E-02 3.08833E-01 5.50748E-01 3.98950E-02 2.01188E-02 1.30841E-02 4.71021E-01
1.31248E-02 2.00411E-02 3.55465E-02 5.48115E-02 7.10746E-02 3.06325E-01 5.47321E-01 3.95846E-02 2.00411E-02 1.31248E-02 4.62363E-01
1.31585E-02 1.99605E-02 3.53075E-02 5.42272E-02 7.02801E-02 3.03872E-01 5.43952E-01 3.92785E-02 1.99605E-02 1.31585E-02 4.54022E-01
1.31858E-02 1.98775E-02 3.50705E-02 5.36569E-02 6.95059E-02 3.01471E-01 5.40641E-01 3.89768E-02 1.98775E-02 1.31858E-02 4.45981E-01
1.32072E-02 1.97924E-02 3.48357E-02 5.31001E-02 6.87512E-02 2.99121E-01 5.37385E-01 3.86794E-02 1.97924E-02 1.32072E-02 4.38226E-01
1.32232E-02 1.97056E-02 3.46032E-02 5.25564E-02 6.80152E-02 2.96819E-01 5.34183E-01 3.83864E-02 1.97056E-02 1.32232E-02 4.30741E-01
1.32343E-02 1.96172E-02 3.43730E-02 5.20252E-02 6.72971E-02 2.94565E-01 5.31034E-01 3.80977E-02 1.96172E-02 1.32343E-02 4.23514E-01
1.32409E-02 1.95276E-02 3.41452E-02 5.15061E-02 6.65963E-02 2.92357E-01 5.27936E-01 3.78132E-02 1.95276E-02 1.32409E-02 4.16532E-01
1.32433E-02 1.94369E-02 3.39199E-02 5.09988E-02 6.59122E-02 2.90192E-01 5.24889E-01 3.75331E-02 1.94369E-02 1.32433E-02 4.09782E-01
1.32420E-02 1.93454E-02 3.36971E-02 5.05027E-02 6.52441E-02 2.88070E-01 5.21890E-01 3.72571E-02 1.93454E-02 1.32420E-02 4.03254E-01
1.32373E-02 1.92532E-02 3.34769E-02 5.00176E-02 6.45914E-02 2.85990E-01 5.18939E-01 3.69853E-02 1.92532E-02 1.32373E-02 3.96938E-01
1.32294E-02 1.91604E-02 3.32592E-02 4.95430E-02 6.39536E-02 2.83949E-01 5.16034E-01 3.67175E-02 1.91604E-02 1.32294E-02 3.90823E-01
1.32185E-02 1.90673E-02 3.30440E-02 4.90786E-02 6.33302E-02 2.81947E-01 5.13175E-01 3.64538E-02 1.90673E-02 1.32185E-02 3.84901E-01
1.32050E-02 1.89739E-02 3.28315E-02 4.86241E-02 6.27207E-02 2.79983E-01 5.10360E-01 3.61941E-02 1.89739E-02 1.32050E-02 3.79161E-01
0.00000E+00 0.00000E+00 2.03364E-02 7.15106E-02 1.06388E-01 4.63784E-01 7.50508E-01 3.01789E-02 0.00000E+00 0.00000E+00 9.07695E-01
0.00000E+00 0.00000E+00 2.32132E-02 6.92672E-02 1.01735E-01 4.51139E-01 7.41147E-01 3.21139E-02 0.00000E+00 0.00000E+00 9.11872E-01
0.00000E+00 1.90433E-03 2.52190E-02 6.72602E-02 9.77733E-02 4.39730E-01 7.31335E-01 3.33850E-02 1.90433E-03 0.00000E+00 8.92760E-01
0.00000E+00 4.10440E-03 2.66457E-02 6.53869E-02 9.42439E-02 4.29192E-01 7.21363E-01 3.42090E-02 4.10440E-03 0.00000E+00 8.64166E-01
0.00000E+00 5.80360E-03 2.76605E-02 6.36108E-02 9.10302E-02 4.19357E-01 7.11411E-01 3.47151E-02 5.80360E-03 0.00000E+00 8.32718E-01
0.00000E+00 7.13694E-03 2.83793E-02 6.19326E-02 8.80877E-02 4.10161E-01 7.01620E-01 3.49973E-02 7.13694E-03 0.00000E+00 8.00596E-01
0.00000E+00 8.19594E-03 2.88803E-02 6.03486E-02 8.53799E-02 4.01542E-01 6.92067E-01 3.51188E-02 8.19594E-03 0.00000E+00 7.68983E-01
0.00000E+00 9.04479E-03 2.92180E-02 5.88532E-02 8.28768E-02 3.93445E-01 6.82790E-01 3.51228E-02 9.04479E-03 0.00000E+00 7.38504E-01
4.28832E-04 9.73219E-03 2.94363E-02 5.74541E-02 8.05719E-02 3.85865E-01 6.73859E-01 3.50465E-02 9.73219E-03 4.28832E-04 7.08311E-01
1.40902E-03 1.02925E-02 2.95628E-02 5.61402E-02 7.84371E-02 3.78740E-01 6.65257E-01 3.49105E-02 1.02925E-02 1.40902E-03 6.78177E-01
2.24442E-03 1.07469E-02 2.96099E-02 5.48823E-02 7.64234E-02 3.71949E-01 6.56890E-01 3.47195E-02 1.07469E-02 2.24442E-03 6.49992E-01
2.96012E-03 1.11153E-02 2.95945E-02 5.36786E-02 7.45209E-02 3.65468E-01 6.48758E-01 3.44871E-02 1.11153E-02 2.96012E-03 6.23656E-01
3.57603E-03 1.14130E-02 2.95294E-02 5.25268E-02 7.27206E-02 3.59277E-01 6.40863E-01 3.42233E-02 1.14130E-02 3.57603E-03 5.99054E-01
4.10809E-03 1.16523E-02 2.94249E-02 5.14246E-02 7.10145E-02 3.53356E-01 6.33198E-01 3.39361E-02 1.16523E-02 4.10809E-03 5.76067E-01
4.56922E-03 1.18430E-02 2.92891E-02 5.03692E-02 6.93952E-02 3.47686E-01 6.25760E-01 3.36317E-02 1.18430E-02 4.56922E-03 5.54574E-01
4.96999E-03 1.19933E-02 2.91284E-02 4.93584E-02 6.78561E-02 3.42250E-01 6.18540E-01 3.33149E-02 1.19933E-02 4.96999E-03 5.34462E-01
5.31908E-03 1.21094E-02 2.89480E-02 4.83895E-02 6.63913E-02 3.37033E-01 6.11532E-01 3.29895E-02 1.21094E-02 5.31908E-03 5.15623E-01
5.62370E-03 1.21969E-02 2.87522E-02 4.74603E-02 6.49954E-02 3.32021E-01 6.04728E-01 3.26585E-02 1.21969E-02 5.62370E-03 4.97956E-01
5.88990E-03 1.22601E-02 2.85442E-02 4.65685E-02 6.36634E-02 3.27201E-01 5.98121E-01 3.23244E-02 1.22601E-02 5.88990E-03 4.81369E-01
6.12273E-03 1.23028E-02 2.83269E-02 4.57121E-02 6.23909E-02 3.22561E-01 5.91701E-01 3.19889E-02 1.23028E-02 6.12273E-03 4.65777E-01
6.32649E-03 1.23279E-02 2.81026E-02 4.48889E-02 6.11739E-02 3.18090E-01 5.85463E-01 3.16537E-02 1.23279E-02 6.32649E-03 4.51101E-01
6.50482E-03 1.23380E-02 2.78730E-02 4.40973E-02 6.00086E-02 3.13779E-01 5.79397E-01 3.13198E-02 1.23380E-02 6.50482E-03 4.37271E-01
6.66083E-03 1.23355E-02 2.76398E-02 4.33355E-02 5.88917E-02 3.09618E-01 5.73498E-01 3.09883E-02 1.23355E-02 6.66083E-03 4.24222E-01
6.79719E-03 1.23220E-02 2.74042E-02 4.26017E-02 5.78202E-02 3.05598E-01 5.67758E-01 3.06600E-02 1.23220E-02 6.79719E-03 4.11894E-01
6.91621E-03 1.22992E-02 2.71672E-02 4.18946E-02 5.67912E-02 3.01712E-01 5.62171E-01 3.03352E-02 1.22992E-02 6.91621E-03 4.00234E-01
7.01988E-03 1.22684E-02 2.69297E-02 4.12126E-02 5.58021E-02 2.97953E-01 5.56730E-01 3.00147E-02 1.22684E-02 7.01988E-03 3.89192E-01
7.10992E-03 1.22308E-02 2.66925E-02 4.05545E-02 5.48505E-02 2.94313E-01 5.51430E-01 2.96986E-02 1.22308E-02 7.10992E-03 3.78724E-01
7.18785E-03 1.21873E-02 2.64560E-02 3.99189E-02 5.39343E-02 2.90787E-01 5.46264E-01 2.93872E-02 1.21873E-02 7.18785E-03 3.68788E-01
7.25499E-03 1.21389E-02 2.62208E-02 3.93049E-02 5.30515E-02 2.87369E-01 5.41227E-01 2.90808E-02 1.21389E-02 7.25499E-03 3.59348E-01
7.31248E-03 1.20862E-02 2.59873E-02 3.87111E-02 5.22001E-02 2.84053E-01 5.36315E-01 2.87794E-02 1.20862E-02 7.31248E-03 3.50370E-01
7.36136E-03 1.20300E-02 2.57558E-02 3.81368E-02 5.13784E-02 2.80834E-01 5.31521E-01 2.84832E-02 1.20300E-02 7.36136E-03 3.41821E-01
7.40252E-03 1.19706E-02 2.55266E-02 3.75808E-02 5.05850E-02 2.77708E-01 5.26842E-01 2.81922E-02 1.19706E-02 7.40252E-03 3.33674E-01
7.43674E-03 1.19087E-02 2.52998E-02 3.70423E-02 4.98181E-02 2.74671E-01 5.22273E-01 2.79063E-02 1.19087E-02 7.43674E-03 3.25901E-01
7.46474E-03 1.18446E-02 2.50757E-02 3.65206E-02 4.90766E-02 2.71717E-01 5.17810E-01 2.76257E-02 1.18446E-02 7.46474E-03 3.18479E-01
7.48714E-03 1.17788E-02 2.48544E-02 3.60147E-02 4.83590E-02 2.68844E-01 5.13449E-01 2.73502E-02 1.17788E-02 7.48714E-03 3.11386E-01
7.50450E-03 1.17115E-02 2.46359E-02 3.55240E-02 4.76643E-02 2.66048E-01 5.09186E-01 2.70799E-02 1.17115E-02 7.50450E-03 3.04601E-01
7.51731E-03 1.16430E-02 2.44204E-02 3.50477E-02 4.69912E-02 2.63325E-01 5.05018E-01 2.68146E-02 1.16430E-02 7.51731E-03 2.98104E-01
7.52602E-03 1.15735E-02 2.42080E-02 3.45853E-02 4.63388E-02 2.60673E-01 5.00940E-01 2.65542E-02 1.15735E-02 7.52602E-03 2.91880E-01
7.53103E-03 1.15033E-02 2.39985E-02 3.41360E-02 4.57060E-02 2.58088E-01 4.96950E-01 2.62988E-02 1.15033E-02 7.53103E-03 2.85911E-01
7.53269E-03 1.14326E-02 2.37922E-02 3.36994E-02 4.50920E-02 2.55567E-01 4.93045E-01 2.60482E-02 1.14326E-02 7.53269E-03 2.80183E-01
7.53132E-03 1.13614E-02 2.35889E-02 3.32749E-02 4.44959E-02 2.53108E-01 4.89222E-01 2.58024E-02 1.13614E-02 7.53132E-03 2.74681E-01
7.52722E-03 1.12901E-02 2.33887E-02 3.28620E-02 4.39169E-02 2.50709E-01 4.85477E-01 2.55612E-02 1.12901E-02 7.52722E-03 2.69394E-01
7.52065E-03 1.12186E-02 2.31916E-02 3.24602E-02 4.33541E-02 2.48366E-01 4.81808E-01 2.53245E-02 1.12186E-02 7.52065E-03 2.64309E-01
7.51183E-03 1.11471E-02 2.29975E-02 3.20690E-02 4.28070E-02 2.46079E-01 4.78214E-01 2.50923E-02 1.11471E-02 7.51183E-03 2.59415E-01
7.50098E-03 1.10758E-02 2.28065E-02 3.16880E-02 4.22749E-02 2.43844E-01 4.74690E-01 2.48644E-02 1.10758E-02 7.50098E-03 2.54701E-01
7.48830E-03 1.10046E-02 2.26184E-02 3.13168E-02 4.17571E-02 2.41660E-01 4.71235E-01 2.46408E-02 1.10046E-02 7.48830E-03 2.50159E-01
7.47397E-03 1.09336E-02 2.24334E-02 3.09551E-02 4.12530E-02 2.39525E-01 4.67847E-01 2.44213E-02 1.09336E-02 7.47397E-03 2.45779E-01
7.45813E-03 1.08630E-02 2.22512E-02 3.06024E-02 4.07620E-02 2.37436E-01 4.64523E-01 2.42058E-02 1.08630E-02 7.45813E-03 2.41553E-01
7.44093E-03 1.07927E-02 2.20719E-02 3.02583E-02 4.02837E-02 2.35394E-01 4.61262E-01 2.39944E-02 1.07927E-02 7.44093E-03 2.37473E-01
7.42250E-03 1.07229E-02 2.18955E-02 2.99227E-02 3.98175E-02 2.33394E-01 4.58061E-01 2.37868E-02 1.07229E-02 7.42250E-03 2.33532E-01
0.00000E+00 0.00000E+00 2.06833E-02 5.10005E-02 7.89035E-02 4.51467E-01 7.86663E-01 2.66508E-02 0.00000E+00 0.00000E+00 7.76888E-01
0.00000E+00 0.00000E+00 2.21866E-02 4.84115E-02 7.38305E-02 4.32198E-01 7.65035E-01 2.74638E-02 0.00000E+00 0.00000E+00 7.43227E-01
0.00000E+00 1.14871E-03 2.30790E-02 4.62205E-02 6.96837E-02 4.15711E-01 7.45404E-01 2.78312E-02 1.14871E-03 0.00000E+00 7.00911E-01
0.00000E+00 2.44322E-03 2.35878E-02 4.42775E-02 6.61246E-02 4.01106E-01 7.27244E-01 2.79185E-02 2.44322E-03 0.00000E+00 6.57947E-01
0.00000E+00 3.41462E-03 2.38388E-02 4.25155E-02 6.29893E-02 3.87936E-01 7.10303E-01 2.78202E-02 3.41462E-03 0.00000E+00 6.17632E-01
0.00000E+00 4.15558E-03 2.39167E-02 4.09101E-02 6.01987E-02 3.75966E-01 6.94472E-01 2.76033E-02 4.15558E-03 0.00000E+00 5.80509E-01
0.00000E+00 4.72752E-03 2.38761E-02 3.94405E-02 5.76934E-02 3.65015E-01 6.79643E-01 2.73102E-02 4.72752E-03 0.00000E+00 5.46627E-01
0.00000E+00 5.17265E-03 2.37533E-02 3.80894E-02 5.54274E-02 3.54939E-01 6.65719E-01 2.69684E-02 5.17265E-03 0.00000E+00 5.15815E-01
2.41954E-04 5.52214E-03 2.35773E-02 3.68520E-02 5.33791E-02 3.45675E-01 6.52684E-01 2.66014E-02 5.52214E-03 2.41954E-04 4.87108E-01
7.89651E-04 5.79760E-03 2.33642E-02 3.57120E-02 5.15135E-02 3.37105E-01 6.40432E-01 2.62201E-02 5.79760E-03 7.89651E-04 4.60001E-01
1.24997E-03 6.01271E-03 2.31190E-02 3.46421E-02 4.97834E-02 3.29059E-01 6.28766E-01 2.58241E-02 6.01271E-03 1.24997E-03 4.35382E-01
1.63896E-03 6.17959E-03 2.28515E-02 3.36366E-02 4.81741E-02 3.21486E-01 6.17644E-01 2.54204E-02 6.17959E-03 1.63896E-03 4.12971E-01
1.96918E-03 6.30763E-03 2.25688E-02 3.26900E-02 4.66729E-02 3.14341E-01 6.07026E-01 2.50143E-02 6.30763E-03 1.96918E-03 3.92518E-01
2.25058E-03 6.40414E-03 2.22763E-02 3.17974E-02 4.52689E-02 3.07585E-01 5.96877E-01 2.46092E-02 6.40414E-03 2.25058E-03 3.73807E-01
2.49113E-03 6.47495E-03 2.19780E-02 3.09544E-02 4.39526E-02 3.01184E-01 5.87164E-01 2.42080E-02 6.47495E-03 2.49113E-03 3.56645E-01
2.69728E-03 6.52466E-03 2.16771E-02 3.01569E-02 4.27157E-02 2.95108E-01 5.77857E-01 2.38125E-02 6.52466E-03 2.69728E-03 3.40864E-01
2.87429E-03 6.55702E-03 2.13757E-02 2.94014E-02 4.15510E-02 2.89330E-01 5.68928E-01 2.34240E-02 6.55702E-03 2.87429E-03 3.26318E-01
3.02647E-03 6.57503E-03 2.10758E-02 2.86847E-02 4.04521E-02 2.83827E-01 5.60353E-01 2.30434E-02 6.57503E-03 3.02647E-03 3.12878E-01
3.15739E-03 6.58115E-03 2.07785E-02 2.80037E-02 3.94135E-02 2.78577E-01 5.52109E-01 2.26714E-02 6.58115E-03 3.15739E-03 3.00431E-01
3.27005E-03 6.57740E-03 2.04849E-02 2.73560E-02 3.84300E-02 2.73562E-01 5.44175E-01 2.23082E-02 6.57740E-03 3.27005E-03 2.88879E-01
3.36693E-03 6.56545E-03 2.01958E-02 2.67390E-02 3.74974E-02 2.68764E-01 5.36533E-01 2.19542E-02 6.56545E-03 3.36693E-03 2.78134E-01
3.45014E-03 6.54668E-03 1.99116E-02 2.61507E-02 3.66115E-02 2.64169E-01 5.29165E-01 2.16094E-02 6.54668E-03 3.45014E-03 2.68120E-01
3.52146E-03 6.52223E-03 1.96327E-02 2.55889E-02 3.57689E-02 2.59763E-01 5.22054E-01 2.12737E-02 6.52223E-03 3.52146E-03 2.58769E-01
3.58241E-03 6.49306E-03 1.93593E-02 2.50520E-02 3.49664E-02 2.55533E-01 5.15187E-01 2.09471E-02 6.49306E-03 3.58241E-03 2.50020E-01
3.63429E-03 6.45999E-03 1.90918E-02 2.45383E-02 3.42010E-02 2.51467E-01 5.08549E-01 2.06295E-02 6.45999E-03 3.63429E-03 2.41821E-01
3.67821E-03 6.42369E-03 1.88300E-02 2.40463E-02 3.34703E-02 2.47556E-01 5.02128E-01 2.03205E-02 6.42369E-03 3.67821E-03 2.34123E-01
3.71514E-03 6.38473E-03 1.85741E-02 2.35746E-02 3.27717E-02 2.43790E-01 4.95912E-01 2.00201E-02 6.38473E-03 3.71514E-03 2.26883E-01
3.74590E-03 6.34360E-03 1.83241E-02 2.31220E-02 3.21031E-02 2.40161E-01 4.89891E-01 1.97280E-02 6.34360E-03 3.74590E-03 2.20065E-01
3.77121E-03 6.30071E-03 1.80799E-02 2.26873E-02 3.14627E-02 2.36659E-01 4.84054E-01 1.94439E-02 6.30071E-03 3.77121E-03 2.13634E-01
3.79171E-03 6.25641E-03 1.78414E-02 2.22694E-02 3.08486E-02 2.33279E-01 4.78393E-01 1.91676E-02 6.25641E-03 3.79171E-03 2.07558E-01
3.80794E-03 6.21100E-03 1.76085E-02 2.18673E-02 3.02591E-02 2.30013E-01 4.72898E-01 1.88989E-02 6.21100E-03 3.80794E-03 2.01811E-01
3.82038E-03 6.16474E-03 1.73812E-02 2.14802E-02 2.96928E-02 2.26855E-01 4.67562E-01 1.86374E-02 6.16474E-03 3.82038E-03 1.96368E-01
3.82946E-03 6.11783E-03 1.71593E-02 2.11072E-02 2.91483E-02 2.23799E-01 4.62376E-01 1.83831E-02 6.11783E-03 3.82946E-03 1.91206E-01
3.83555E-03 6.07048E-03 1.69426E-02 2.07476E-02 2.86243E-02 2.20841E-01 4.57335E-01 1.81355E-02 6.07048E-03 3.83555E-03 1.86304E-01
3.83897E-03 6.02282E-03 1.67311E-02 2.04006E-02 2.81196E-02 2.17974E-01 4.52432E-01 1.78945E-02 6.02282E-03 3.83897E-03 1.81644E-01
3.84002E-03 5.97501E-03 1.65247E-02 2.00655E-02 2.76332E-02 2.15195E-01 4.47659E-01 1.76599E-02 5.97501E-03 3.84002E-03 1.77208E-01
3.83895E-03 5.92715E-03 1.63231E-02 1.97418E-02 2.71641E-02 2.12499E-01 4.43012E-01 1.74314E-02 5.92715E-03 3.83895E-03 1.72983E-01
3.83599E-03 5.87935E-03 1.61262E-02 1.94288E-02 2.67113E-02 2.09882E-01 4.38486E-01 1.72088E-02 5.87935E-03 3.83599E-03 1.68953E-01
3.83135E-03 5.83168E-03 1.59339E-02 1.91260E-02 2.62740E-02 2.07340E-01 4.34074E-01 1.69919E-02 5.83168E-03 3.83135E-03 1.65105E-01
3.82521E-03 5.78423E-03 1.57462E-02 1.88329E-02 2.58513E-02 2.04871E-01 4.29772E-01 1.67805E-02 5.78423E-03 3.82521E-03 1.61429E-01
3.81772E-03 5.73705E-03 1.55627E-02 1.85491E-02 2.54426E-02 2.02470E-01 4.25577E-01 1.65743E-02 5.73705E-03 3.81772E-03 1.57912E-01
3.80904E-03 5.69020E-03 1.53835E-02 1.82740E-02 2.50471E-02 2.00134E-01 4.21482E-01 1.63733E-02 5.69020E-03 3.80904E-03 1.54545E-01
3.79929E-03 5.64371E-03 1.52083E-02 1.80074E-02 2.46642E-02 1.97862E-01 4.17485E-01 1.61773E-02 5.64371E-03 3.79929E-03 1.51319E-01
3.78859E-03 5.59763E-03 1.50371E-02 1.77487E-02 2.42932E-02 1.95649E-01 4.13582E-01 1.59860E-02 5.59763E-03 3.78859E-03 1.48225E-01
3.77704E-03 5.55198E-03 1.48697E-02 1.74977E-02 2.39337E-02 1.93494E-01 4.09769E-01 1.57992E-02 5.55198E-03 3.77704E-03 1.45256E-01
3.76474E-03 5.50679E-03 1.47061E-02 1.72540E-02 2.35850E-02 1.91394E-01 4.06042E-01 1.56170E-02 5.50679E-03 3.76474E-03 1.42404E-01
3.75177E-03 5.46209E-03 1.45461E-02 1.70172E-02 2.32467E-02 1.89346E-01 4.02399E-01 1.54390E-02 5.46209E-03 3.75177E-03 1.39663E-01
3.73821E-03 5.41789E-03 1.43895E-02 1.67871E-02 2.29184E-02 1.87350E-01 3.98836E-01 1.52651E-02 5.41789E-03 3.73821E-03 1.37026E-01
3.72412E-03 5.37419E-03 1.42364E-02 1.65634E-02 2.25995E-02 1.85402E-01 3.95351E-01 1.50953E-02 5.37419E-03 3.72412E-03 1.34488E-01
3.70958E-03 5.33102E-03 1.40865E-02 1.63458E-02 2.22896E-02 1.83501E-01 3.91940E-01 1.49293E-02 5.33102E-03 3.70958E-03 1.32043E-01
0.00000E+00 0.00000E+00 2.32983E-02 3.21812E-02 5.04610E-02 4.16578E-01 7.93350E-01 2.59835E-02 0.00000E+00 0.00000E+00 6.09724E-01
0.00000E+00 0.00000E+00 2.27221E-02 2.97502E-02 4.60283E-02 3.91603E-01 7.58211E-01 2.50417E-02 0.00000E+00 0.00000E+00 5.48187E-01
0.00000E+00 5.60994E-04 2.20897E-02 2.78005E-02 4.25454E-02 3.71003E-01 7.28163E-01 2.41379E-02 5.60994E-04 0.00000E+00 4.93539E-01
0.00000E+00 1.18132E-03 2.14325E-02 2.61492E-02 3.96563E-02 3.53299E-01 7.01598E-01 2.32674E-02 1.18132E-03 0.00000E+00 4.46411E-01
0.00000E+00 1.63611E-03 2.07710E-02 2.47096E-02 3.71857E-02 3.37734E-01 6.77694E-01 2.24322E-02 1.63611E-03 0.00000E+00 4.06320E-01
0.00000E+00 1.97476E-03 2.01238E-02 2.34402E-02 3.50423E-02 3.23893E-01 6.56012E-01 2.16408E-02 1.97476E-03 0.00000E+00 3.72046E-01
0.00000E+00 2.22961E-03 1.95002E-02 2.23102E-02 3.31606E-02 3.11471E-01 6.36210E-01 2.08955E-02 2.22961E-03 0.00000E+00 3.42558E-01
0.00000E+00 2.42260E-03 1.89045E-02 2.12963E-02 3.14925E-02 3.00232E-01 6.18017E-01 2.01957E-02 2.42260E-03 0.00000E+00 3.17012E-01
1.14417E-04 2.56947E-03 1.83422E-02 2.03864E-02 3.00103E-02 2.90052E-01 6.01307E-01 1.95438E-02 2.56947E-03 1.14417E-04 2.94356E-01
3.71305E-04 2.68107E-03 1.78115E-02 1.95631E-02 2.86812E-02 2.80762E-01 5.85865E-01 1.89351E-02 2.68107E-03 3.71305E-04 2.73913E-01
5.84670E-04 2.76470E-03 1.73043E-02 1.88046E-02 2.74677E-02 2.72150E-01 5.71389E-01 1.83586E-02 2.76470E-03 5.84670E-04 2.55860E-01
7.62862E-04 2.82633E-03 1.68204E-02 1.81035E-02 2.63549E-02 2.64139E-01 5.57780E-01 1.78128E-02 2.82633E-03 7.62862E-04 2.39831E-01
9.12359E-04 2.87053E-03 1.63592E-02 1.74535E-02 2.53305E-02 2.56663E-01 5.44956E-01 1.72960E-02 2.87053E-03 9.12359E-04 2.25527E-01
1.03825E-03 2.90083E-03 1.59198E-02 1.68491E-02 2.43841E-02 2.49665E-01 5.32842E-01 1.68065E-02 2.90083E-03 1.03825E-03 2.12703E-01
1.14456E-03 2.91999E-03 1.55012E-02 1.62856E-02 2.35069E-02 2.43096E-01 5.21376E-01 1.63424E-02 2.91999E-03 1.14456E-03 2.01153E-01
1.23453E-03 2.93018E-03 1.51024E-02 1.57589E-02 2.26914E-02 2.36917E-01 5.10501E-01 1.59021E-02 2.93018E-03 1.23453E-03 1.90708E-01
1.31077E-03 2.93311E-03 1.47223E-02 1.52655E-02 2.19312E-02 2.31089E-01 5.00168E-01 1.54840E-02 2.93311E-03 1.31077E-03 1.81225E-01
1.37542E-03 2.93018E-03 1.43598E-02 1.48023E-02 2.12208E-02 2.25583E-01 4.90334E-01 1.50867E-02 2.93018E-03 1.37542E-03 1.72585E-01
1.43022E-03 2.92249E-03 1.40138E-02 1.43666E-02 2.05553E-02 2.20369E-01 4.80960E-01 1.47086E-02 2.92249E-03 1.43022E-03 1.64685E-01
1.47663E-03 2.91094E-03 1.36834E-02 1.39559E-02 1.99305E-02 2.15423E-01 4.72010E-01 1.43486E-02 2.91094E-03 1.47663E-03 1.57438E-01
1.51585E-03 2.89625E-03 1.33676E-02 1.35682E-02 1.93427E-02 2.10724E-01 4.63455E-01 1.40054E-02 2.89625E-03 1.51585E-03 1.50772E-01
1.54888E-03 2.87904E-03 1.30656E-02 1.32015E-02 1.87888E-02 2.06253E-01 4.55266E-01 1.36779E-02 2.87904E-03 1.54888E-03 1.44620E-01
1.57658E-03 2.85980E-03 1.27765E-02 1.28542E-02 1.82657E-02 2.01991E-01 4.47417E-01 1.33651E-02 2.85980E-03 1.57658E-03 1.38930E-01
1.59967E-03 2.83892E-03 1.24996E-02 1.25247E-02 1.77710E-02 1.97924E-01 4.39887E-01 1.30661E-02 2.83892E-03 1.59967E-03 1.33652E-01
1.61875E-03 2.81676E-03 1.22342E-02 1.22116E-02 1.73024E-02 1.94038E-01 4.32653E-01 1.27800E-02 2.81676E-03 1.61875E-03 1.28745E-01
1.63434E-03 2.79358E-03 1.19795E-02 1.19139E-02 1.68578E-02 1.90319E-01 4.25698E-01 1.25059E-02 2.79358E-03 1.63434E-03 1.24173E-01
1.64689E-03 2.76962E-03 1.17350E-02 1.16303E-02 1.64354E-02 1.86757E-01 4.19005E-01 1.22433E-02 2.76962E-03 1.64689E-03 1.19903E-01
1.65678E-03 2.74507E-03 1.15002E-02 1.13599E-02 1.60336E-02 1.83341E-01 4.12556E-01 1.19913E-02 2.74507E-03 1.65678E-03 1.15909E-01
1.66434E-03 2.72009E-03 1.12743E-02 1.11017E-02 1.56508E-02 1.80063E-01 4.06338E-01 1.17493E-02 2.72009E-03 1.66434E-03 1.12164E-01
1.66987E-03 2.69483E-03 1.10570E-02 1.08550E-02 1.52858E-02 1.76912E-01 4.00338E-01 1.15168E-02 2.69483E-03 1.66987E-03 1.08647E-01
1.67360E-03 2.66938E-03 1.08478E-02 1.06189E-02 1.49373E-02 1.73882E-01 3.94543E-01 1.12933E-02 2.66938E-03 1.67360E-03 1.05338E-01
1.67575E-03 2.64386E-03 1.06463E-02 1.03928E-02 1.46043E-02 1.70965E-01 3.88943E-01 1.10781E-02 2.64386E-03 1.67575E-03 1.02220E-01
1.67651E-03 2.61832E-03 1.04520E-02 1.01762E-02 1.42856E-02 1.68154E-01 3.83526E-01 1.08710E-02 2.61832E-03 1.67651E-03 9.92769E-02
1.67605E-03 2.59285E-03 1.02645E-02 9.96827E-03 1.39804E-02 1.65444E-01 3.78283E-01 1.06713E-02 2.59285E-03 1.67605E-03 9.64951E-02
1.67452E-03 2.56750E-03 1.00836E-02 9.76864E-03 1.36878E-02 1.62829E-01 3.73205E-01 1.04788E-02 2.56750E-03 1.67452E-03 9.38620E-02
1.67203E-03 2.54231E-03 9.90885E-03 9.57678E-03 1.34071E-02 1.60304E-01 3.68284E-01 1.02930E-02 2.54231E-03 1.67203E-03 9.13662E-02
1.66871E-03 2.51731E-03 9.73997E-03 9.39226E-03 1.31376E-02 1.57863E-01 3.63512E-01 1.01137E-02 2.51731E-03 1.66871E-03 8.89975E-02
1.66465E-03 2.49255E-03 9.57668E-03 9.21464E-03 1.28785E-02 1.55503E-01 3.58881E-01 9.94036E-03 2.49255E-03 1.66465E-03 8.67466E-02
1.65994E-03 2.46805E-03 9.41871E-03 9.04356E-03 1.26293E-02 1.53219E-01 3.54386E-01 9.77285E-03 2.46805E-03 1.65994E-03 8.46051E-02
1.65465E-03 2.44382E-03 9.26579E-03 8.87864E-03 1.23895E-02 1.51008E-01 3.50019E-01 9.61083E-03 2.44382E-03 1.65465E-03 8.25653E-02
1.64887E-03 2.41988E-03 9.11770E-03 8.71957E-03 1.21584E-02 1.48865E-01 3.45776E-01 9.45403E-03 2.41988E-03 1.64887E-03 8.06204E-02
1.64264E-03 2.39626E-03 8.97420E-03 8.56603E-03 1.19357E-02 1.46788E-01 3.41649E-01 9.30221E-03 2.39626E-03 1.64264E-03 7.87640E-02
1.63603E-03 2.37295E-03 8.83510E-03 8.41774E-03 1.17209E-02 1.44773E-01 3.37635E-01 9.15513E-03 2.37295E-03 1.63603E-03 7.69902E-02
1.62907E-03 2.34996E-03 8.70018E-03 8.27443E-03 1.15135E-02 1.42817E-01 3.33728E-01 9.01258E-03 2.34996E-03 1.62907E-03 7.52938E-02
1.62183E-03 2.32731E-03 8.56927E-03 8.13585E-03 1.13132E-02 1.40919E-01 3.29923E-01 8.87435E-03 2.32731E-03 1.62183E-03 7.36699E-02
1.61432E-03 2.30499E-03 8.44219E-03 8.00178E-03 1.11196E-02 1.39074E-01 3.26217E-01 8.74024E-03 2.30499E-03 1.61432E-03 7.21140E-02
1.60660E-03 2.28300E-03 8.31878E-03 7.87199E-03 1.09325E-02 1.37281E-01 3.22606E-01 8.61007E-03 2.28300E-03 1.60660E-03 7.06220E-02
1.59869E-03 2.26135E-03 8.19887E-03 7.74629E-03 1.07514E-02 1.35538E-01 3.19085E-01 8.48368E-03 2.26135E-03 1.59869E-03 6.91900E-02
1.59061E-03 2.24005E-03 8.08232E-03 7.62447E-03 1.05761E-02 1.33842E-01 3.15650E-01 8.36089E-03 2.24005E-03 1.59061E-03 6.78146E-02
1.58240E-03 2.21907E-03 7.96899E-03 7.50637E-03 1.04063E-02 1.32191E-01 3.12300E-01 8.24156E-03 2.21907E-03 1.58240E-03 6.64925E-02
0.00000E+00 0.00000E+00 1.94428E-02 1.67858E-02 2.57890E-02 3.52474E-01 7.49979E-01 2.02377E-02 0.00000E+00 0.00000E+00 3.83416E-01
0.00000E+00 0.00000E+00 1.75791E-02 1.49767E-02 2.28208E-02 3.24431E-01 7.02581E-01 1.82486E-02 0.00000E+00 0.00000E+00 3.23673E-01
0.00000E+00 1.93795E-04 1.61255E-02 1.36058E-02 2.05850E-02 3.02006E-01 6.63598E-01 1.67042E-02 1.93795E-04 0.00000E+00 2.78227E-01
0.00000E+00 4.09416E-04 1.49256E-02 1.24985E-02 1.87945E-02 2.83227E-01 6.30202E-01 1.54345E-02 4.09416E-04 0.00000E+00 2.42741E-01
0.00000E+00 5.67876E-04 1.39038E-02 1.15712E-02 1.73088E-02 2.67081E-01 6.00934E-01 1.43569E-02 5.67876E-04 0.00000E+00 2.14590E-01
0.00000E+00 6.85686E-04 1.30207E-02 1.07806E-02 1.60528E-02 2.53003E-01 5.74982E-01 1.34284E-02 6.85686E-04 0.00000E+00 1.91839E-01
0.00000E+00 7.73951E-04 1.22486E-02 1.00971E-02 1.49749E-02 2.40586E-01 5.51747E-01 1.26184E-02 7.73951E-04 0.00000E+00 1.73148E-01
0.00000E+00 8.40340E-04 1.15667E-02 9.49906E-03 1.40383E-02 2.29527E-01 5.30777E-01 1.19046E-02 8.40340E-04 0.00000E+00 1.57572E-01
4.21675E-05 8.90146E-04 1.09629E-02 8.97381E-03 1.32205E-02 2.19652E-01 5.11820E-01 1.12737E-02 8.90146E-04 4.21675E-05 1.44269E-01
1.36572E-04 9.27216E-04 1.04233E-02 8.50762E-03 1.24988E-02 2.10756E-01 4.94554E-01 1.07108E-02 9.27216E-04 1.36572E-04 1.32675E-01
2.14633E-04 9.54564E-04 9.93268E-03 8.08625E-03 1.18499E-02 2.02609E-01 4.78581E-01 1.01997E-02 9.54564E-04 2.14633E-04 1.22670E-01
2.79513E-04 9.74292E-04 9.48463E-03 7.70347E-03 1.12632E-02 1.95117E-01 4.63750E-01 9.73353E-03 9.74292E-04 2.79513E-04 1.13965E-01
3.33665E-04 9.88003E-04 9.07383E-03 7.35416E-03 1.07302E-02 1.88197E-01 4.49933E-01 9.30665E-03 9.88003E-04 3.33665E-04 1.06334E-01
3.79011E-04 9.96935E-04 8.69582E-03 7.03408E-03 1.02437E-02 1.81785E-01 4.37021E-01 8.91425E-03 9.96935E-04 3.79011E-04 9.95998E-02
4.17076E-04 1.00205E-03 8.34682E-03 6.73969E-03 9.79792E-03 1.75822E-01 4.24921E-01 8.55232E-03 1.00205E-03 4.17076E-04 9.36191E-02
4.49077E-04 1.00412E-03 8.02361E-03 6.46801E-03 9.38791E-03 1.70262E-01 4.13554E-01 8.21742E-03 1.00412E-03 4.49077E-04 8.82772E-02
4.75999E-04 1.00372E-03 7.72343E-03 6.21650E-03 9.00953E-03 1.65063E-01 4.02850E-01 7.90665E-03 1.00372E-03 4.75999E-04 8.34809E-02
4.98644E-04 1.00135E-03 7.44392E-03 5.98298E-03 8.65926E-03 1.60189E-01 3.92749E-01 7.61750E-03 1.00135E-03 4.98644E-04 7.91535E-02
5.17669E-04 9.97394E-04 7.18302E-03 5.76560E-03 8.33407E-03 1.55609E-01 3.83198E-01 7.34778E-03 9.97394E-04 5.17669E-04 7.52317E-02
5.33614E-04 9.92155E-04 6.93893E-03 5.56274E-03 8.03136E-03 1.51297E-01 3.74149E-01 7.09560E-03 9.92155E-04 5.33614E-04 7.16626E-02
5.46930E-04 9.85889E-04 6.71009E-03 5.37298E-03 7.74889E-03 1.47228E-01 3.65562E-01 6.85933E-03 9.85889E-04 5.46930E-04 6.84022E-02
5.57993E-04 9.78803E-04 6.49512E-03 5.19512E-03 7.48470E-03 1.43382E-01 3.57400E-01 6.63749E-03 9.78803E-04 5.57993E-04 6.54130E-02
5.67119E-04 9.71065E-04 6.29279E-03 5.02806E-03 7.23708E-03 1.39740E-01 3.49630E-01 6.42883E-03 9.71065E-04 5.67119E-04 6.26635E-02
5.74574E-04 9.62813E-04 6.10204E-03 4.87085E-03 7.00452E-03 1.36286E-01 3.42223E-01 6.23220E-03 9.62813E-04 5.74574E-04 6.01266E-02
5.80585E-04 9.54163E-04 5.92191E-03 4.72265E-03 6.78570E-03 1.33004E-01 3.35152E-01 6.04659E-03 9.54163E-04 5.80585E-04 5.77790E-02
5.85343E-04 9.45208E-04 5.75153E-03 4.58272E-03 6.57944E-03 1.29883E-01 3.28394E-01 5.87113E-03 9.45208E-04 5.85343E-04 5.56009E-02
5.89013E-04 9.36027E-04 5.59014E-03 4.45038E-03 6.38470E-03 1.26909E-01 3.21927E-01 5.70499E-03 9.36027E-04 5.89013E-04 5.35748E-02
5.91737E-04 9.26686E-04 5.43706E-03 4.32503E-03 6.20054E-03 1.24073E-01 3.15732E-01 5.54747E-03 9.26686E-04 5.91737E-04 5.16857E-02
5.93636E-04 9.17238E-04 5.29167E-03 4.20615E-03 6.02614E-03 1.21364E-01 3.09790E-01 5.39791E-03 9.17238E-04 5.93636E-04 4.99204E-02
5.94814E-04 9.07728E-04 5.15340E-03 4.09325E-03 5.86074E-03 1.18775E-01 3.04086E-01 5.25574E-03 9.07728E-04 5.94814E-04 4.82673E-02
5.95363E-04 8.98193E-04 5.02175E-03 3.98589E-03 5.70366E-03 1.16296E-01 2.98605E-01 5.12042E-03 8.98193E-04 5.95363E-04 4.67162E-02
5.95362E-04 8.88665E-04 4.89627E-03 3.88367E-03 5.55432E-03 1.13922E-01 2.93333E-01 4.99148E-03 8.88665E-04 5.95362E-04 4.52581E-02
5.94881E-04 8.79168E-04 4.77652E-03 3.78625E-03 5.41214E-03 1.11644E-01 2.88259E-01 4.86848E-03 8.79168E-04 5.94881E-04 4.38851E-02
5.93978E-04 8.69725E-04 4.66214E-03 3.69329E-03 5.27664E-03 1.09458E-01 2.83369E-01 4.75102E-03 8.69725E-04 5.93978E-04 4.25901E-02
5.92706E-04 8.60353E-04 4.55277E-03 3.60450E-03 5.14736E-03 1.07358E-01 2.78655E-01 4.63875E-03 8.60353E-04 5.92706E-04 4.13666E-02
5.91113E-04 8.51066E-04 4.44810E-03 3.51961E-03 5.02388E-03 1.05338E-01 2.74107E-01 4.53133E-03 8.51066E-04 5.91113E-04 4.02089E-02
5.89238E-04 8.41875E-04 4.34783E-03 3.43837E-03 4.90583E-03 1.03394E-01 2.69714E-01 4.42845E-03 8.41875E-04 5.89238E-04 3.91121E-02
5.87117E-04 8.32792E-04 4.25170E-03 3.36055E-03 4.79287E-03 1.01521E-01 2.65470E-01 4.32984E-03 8.32792E-04 5.87117E-04 3.80715E-02
5.84782E-04 8.23823E-04 4.15946E-03 3.28594E-03 4.68467E-03 9.97165E-02 2.61366E-01 4.23525E-03 8.23823E-04 5.84782E-04 3.70829E-02
5.82261E-04 8.14974E-04 4.07088E-03 3.21436E-03 4.58094E-03 9.79757E-02 2.57395E-01 4.14443E-03 8.14974E-04 5.82261E-04 3.61427E-02
5.79578E-04 8.06250E-04 3.98574E-03 3.14562E-03 4.48142E-03 9.62953E-02 2.53550E-01 4.05717E-03 8.06250E-04 5.79578E-04 3.52473E-02
5.76756E-04 7.97654E-04 3.90387E-03 3.07957E-03 4.38586E-03 9.46722E-02 2.49826E-01 3.97327E-03 7.97654E-04 5.76756E-04 3.43938E-02
5.73813E-04 7.89190E-04 3.82507E-03 3.01604E-03 4.29403E-03 9.31035E-02 2.46216E-01 3.89253E-03 7.89190E-04 5.73813E-04 3.35792E-02
5.70766E-04 7.80859E-04 3.74917E-03 2.95490E-03 4.20573E-03 9.15864E-02 2.42715E-01 3.81479E-03 7.80859E-04 5.70766E-04 3.28010E-02
5.67632E-04 7.72661E-04 3.67603E-03 2.89602E-03 4.12074E-03 9.01184E-02 2.39318E-01 3.73989E-03 7.72661E-04 5.67632E-04 3.20569E-02
5.64423E-04 7.64598E-04 3.60550E-03 2.83928E-03 4.03890E-03 8.86969E-02 2.36020E-01 3.66767E-03 7.64598E-04 5.64423E-04 3.13448E-02
5.61152E-04 7.56669E-04 3.53744E-03 2.78457E-03 3.96004E-03 8.73199E-02 2.32817E-01 3.59800E-03 7.56669E-04 5.61152E-04 3.06625E-02
5.57829E-04 7.48874E-04 3.47173E-03 2.73177E-03 3.88399E-03 8.59852E-02 2.29704E-01 3.53074E-03 7.48874E-04 5.57829E-04 3.00083E-02
5.54465E-04 7.41212E-04 3.40825E-03 2.68080E-03 3.81062E-03 8.46909E-02 2.26677E-01 3.46578E-03 7.41212E-04 5.54465E-04 2.93806E-02
5.51067E-04 7.33682E-04 3.34689E-03 2.63157E-03 3.73978E-03 8.34350E-02 2.23734E-01 3.40300E-03 7.33682E-04 5.51067E-04 2.87778E-02
0.00000E+00 0.00000E+00 8.69404E-03 6.09285E-03 9.19390E-03 2.57204E-01 6.35908E-01 8.81932E-03 0.00000E+00 0.00000E+00 1.58373E-01
0.00000E+00 0.00000E+00 7.40543E-03 5.17641E-03 7.85007E-03 2.30871E-01 5.81853E-01 7.50804E-03 0.00000E+00 0.00000E+00 1.27568E-01
0.00000E+00 3.73029E-05 6.47777E-03 4.52203E-03 6.88228E-03 2.10434E-01 5.38829E-01 6.56443E-03 3.73029E-05 0.00000E+00 1.06348E-01
0.00000E+00 8.30911E-05 5.76247E-03 4.01953E-03 6.13558E-03 1.93751E-01 5.02966E-01 5.83714E-03 8.30911E-05 0.00000E+00 9.08728E-02
0.00000E+00 1.19671E-04 5.18794E-03 3.61666E-03 5.53537E-03 1.79723E-01 4.72269E-01 5.25322E-03 1.19671E-04 0.00000E+00 7.91760E-02
0.00000E+00 1.48611E-04 4.71576E-03 3.28588E-03 5.04164E-03 1.67732E-01 4.45612E-01 4.77353E-03 1.48611E-04 0.00000E+00 7.00681E-02
0.00000E+00 1.71419E-04 4.32053E-03 3.00912E-03 4.62792E-03 1.57344E-01 4.22190E-01 4.37215E-03 1.71419E-04 0.00000E+00 6.27979E-02
0.00000E+00 1.89358E-04 3.98468E-03 2.77396E-03 4.27598E-03 1.48242E-01 4.01404E-01 4.03121E-03 1.89358E-04 0.00000E+00 5.68720E-02
1.11432E-05 2.03209E-04 3.69712E-03 2.57255E-03 3.97429E-03 1.40235E-01 3.82904E-01 3.73937E-03 2.03209E-04 1.11432E-05 5.19091E-02
3.62938E-05 2.13760E-04 3.44777E-03 2.39779E-03 3.71238E-03 1.33122E-01 3.66292E-01 3.48638E-03 2.13760E-04 3.62938E-05 4.76551E-02
5.73004E-05 2.21975E-04 3.22741E-03 2.24332E-03 3.48066E-03 1.26691E-01 3.51126E-01 3.26288E-03 2.21975E-04 5.73004E-05 4.40178E-02
7.49020E-05 2.28290E-04 3.03135E-03 2.10582E-03 3.27423E-03 1.20848E-01 3.37216E-01 3.06407E-03 2.28290E-04 7.49020E-05 4.08745E-02
8.96874E-05 2.33051E-04 2.85584E-03 1.98269E-03 3.08921E-03 1.15512E-01 3.24407E-01 2.88613E-03 2.33051E-04 8.96874E-05 3.81321E-02
1.02130E-04 2.36539E-04 2.69787E-03 1.87183E-03 2.92248E-03 1.10621E-01 3.12567E-01 2.72601E-03 2.36539E-04 1.02130E-04 3.57191E-02
1.12612E-04 2.38981E-04 2.55497E-03 1.77152E-03 2.77148E-03 1.06119E-01 3.01586E-01 2.58120E-03 2.38981E-04 1.12612E-04 3.35800E-02
1.21445E-04 2.40561E-04 2.42514E-03 1.68035E-03 2.63412E-03 1.01962E-01 2.91371E-01 2.44966E-03 2.40561E-04 1.21445E-04 3.16707E-02
1.28886E-04 2.41429E-04 2.30670E-03 1.59715E-03 2.50866E-03 9.81096E-02 2.81840E-01 2.32967E-03 2.41429E-04 1.28886E-04 2.99563E-02
1.35144E-04 2.41709E-04 2.19824E-03 1.52094E-03 2.39365E-03 9.45305E-02 2.72926E-01 2.21982E-03 2.41709E-04 1.35144E-04 2.84083E-02
1.40395E-04 2.41501E-04 2.09858E-03 1.45091E-03 2.28785E-03 9.11957E-02 2.64569E-01 2.11891E-03 2.41501E-04 1.40395E-04 2.70038E-02
1.44785E-04 2.40890E-04 2.00672E-03 1.38634E-03 2.19022E-03 8.80810E-02 2.56716E-01 2.02590E-03 2.40890E-04 1.44785E-04 2.57236E-02
1.48436E-04 2.39945E-04 1.92181E-03 1.32663E-03 2.09987E-03 8.51649E-02 2.49321E-01 1.93993E-03 2.39945E-04 1.48436E-04 2.45520E-02
1.51452E-04 2.38725E-04 1.84309E-03 1.27128E-03 2.01602E-03 8.24290E-02 2.42345E-01 1.86026E-03 2.38725E-04 1.51452E-04 2.34758E-02
1.53920E-04 2.37278E-04 1.76994E-03 1.21984E-03 1.93802E-03 7.98569E-02 2.35751E-01 1.78623E-03 2.37278E-04 1.53920E-04 2.24838E-02
1.55914E-04 2.35645E-04 1.70181E-03 1.17192E-03 1.86529E-03 7.74343E-02 2.29509E-01 1.71727E-03 2.35645E-04 1.55914E-04 2.15665E-02
1.57497E-04 2.33861E-04 1.63820E-03 1.12718E-03 1.79732E-03 7.51484E-02 2.23590E-01 1.65291E-03 2.33861E-04 1.57497E-04 2.07159E-02
1.58725E-04 2.31953E-04 1.57869E-03 1.08533E-03 1.73368E-03 7.29879E-02 2.17969E-01 1.59271E-03 2.31953E-04 1.58725E-04 1.99251E-02
1.59643E-04 2.29948E-04 1.52292E-03 1.04610E-03 1.67397E-03 7.09427E-02 2.12624E-01 1.53629E-03 2.29948E-04 1.59643E-04 1.91880E-02
1.60292E-04 2.27865E-04 1.47055E-03 1.00926E-03 1.61784E-03 6.90038E-02 2.07535E-01 1.48332E-03 2.27865E-04 1.60292E-04 1.84994E-02
1.60707E-04 2.25721E-04 1.42129E-03 9.74613E-04 1.56500E-03 6.71632E-02 2.02682E-01 1.43351E-03 2.25721E-04 1.60707E-04 1.78548E-02
1.60918E-04 2.23533E-04 1.37488E-03 9.41973E-04 1.51517E-03 6.54135E-02 1.98050E-01 1.38657E-03 2.23533E-04 1.60918E-04 1.72501E-02
1.60951E-04 2.21313E-04 1.33109E-03 9.11177E-04 1.46811E-03 6.37482E-02 1.93624E-01 1.34229E-03 2.21313E-04 1.60951E-04 1.66818E-02
1.60830E-04 2.19070E-04 1.28971E-03 8.82080E-04 1.42360E-03 6.21612E-02 1.89389E-01 1.30046E-03 2.19070E-04 1.60830E-04 1.61468E-02
1.60573E-04 2.16815E-04 1.25055E-03 8.54550E-04 1.38145E-03 6.06472E-02 1.85334E-01 1.26087E-03 2.16815E-04 1.60573E-04 1.56424E-02
1.60199E-04 2.14556E-04 1.21345E-03 8.28470E-04 1.34147E-03 5.92014E-02 1.81447E-01 1.22336E-03 2.14556E-04 1.60199E-04 1.51661E-02
1.59724E-04 2.12298E-04 1.17825E-03 8.03733E-04 1.30351E-03 5.78191E-02 1.77717E-01 1.18779E-03 2.12298E-04 1.59724E-04 1.47156E-02
1.59159E-04 2.10048E-04 1.14482E-03 7.80242E-04 1.26743E-03 5.64963E-02 1.74136E-01 1.15400E-03 2.10048E-04 1.59159E-04 1.42890E-02
1.58518E-04 2.07810E-04 1.11303E-03 7.57910E-04 1.23309E-03 5.52293E-02 1.70694E-01 1.12187E-03 2.07810E-04 1.58518E-04 1.38844E-02
1.57810E-04 2.05588E-04 1.08277E-03 7.36657E-04 1.20037E-03 5.40146E-02 1.67383E-01 1.09129E-03 2.05588E-04 1.57810E-04 1.35004E-02
1.57046E-04 2.03386E-04 1.05393E-03 7.16411E-04 1.16917E-03 5.28491E-02 1.64196E-01 1.06215E-03 2.03386E-04 1.57046E-04 1.31354E-02
1.56232E-04 2.01206E-04 1.02643E-03 6.97105E-04 1.13939E-03 5.17298E-02 1.61126E-01 1.03436E-03 2.01206E-04 1.56232E-04 1.27881E-02
1.55377E-04 1.99050E-04 1.00017E-03 6.78678E-04 1.11094E-03 5.06541E-02 1.58166E-01 1.00783E-03 1.99050E-04 1.55377E-04 1.24573E-02
1.54487E-04 1.96921E-04 9.75074E-04 6.61075E-04 1.08373E-03 4.96195E-02 1.55311E-01 9.82482E-04 1.96921E-04 1.54487E-04 1.21418E-02
1.53566E-04 1.94821E-04 9.51073E-04 6.44244E-04 1.05768E-03 4.86236E-02 1.52554E-01 9.58236E-04 1.94821E-04 1.53566E-04 1.18408E-02
1.52621E-04 1.92749E-04 9.28097E-04 6.28139E-04 1.03273E-03 4.76644E-02 1.49892E-01 9.35030E-04 1.92749E-04 1.52621E-04 1.15532E-02
1.51655E-04 1.90708E-04 9.06087E-04 6.12716E-04 1.00881E-03 4.67400E-02 1.47319E-01 9.12799E-04 1.90708E-04 1.51655E-04 1.12783E-02
1.50673E-04 1.88698E-04 8.84984E-04 5.97936E-04 9.85860E-04 4.58483E-02 1.44830E-01 8.91486E-04 1.88698E-04 1.50673E-04 1.10152E-02
1.49677E-04 1.86719E-04 8.64737E-04 5.83760E-04 9.63826E-04 4.49879E-02 1.42422E-01 8.71039E-04 1.86719E-04 1.49677E-04 1.07633E-02
1.48672E-04 1.84773E-04 8.45297E-04 5.70154E-04 9.42655E-04 4.41569E-02 1.40090E-01 8.51407E-04 1.84773E-04 1.48672E-04 1.05218E-02
1.47659E-04 1.82858E-04 8.26618E-04 5.57088E-04 9.22300E-04 4.33541E-02 1.37831E-01 8.32547E-04 1.82858E-04 1.47659E-04 1.02902E-02
1.46641E-04 1.80976E-04 8.08659E-04 5.44531E-04 9.02717E-04 4.25780E-02 1.35642E-01 8.14414E-04 1.80976E-04 1.46641E-04 1.00679E-02
0.00000E+00 0.00000E+00 1.36319E-03 7.74841E-04 1.77375E-03 1.43564E-01 4.45734E-01 1.37016E-03 0.00000E+00 0.00000E+00 2.92393E-02
0.00000E+00 0.00000E+00 1.09628E-03 5.78509E-04 1.45275E-03 1.24892E-01 3.96108E-01 1.10204E-03 0.00000E+00 0.00000E+00 2.45888E-02
0.00000E+00 2.37487E-06 9.16733E-04 4.51699E-04 1.23236E-03 1.10874E-01 3.57916E-01 9.21674E-04 2.37487E-06 0.00000E+00 2.14651E-02
0.00000E+00 7.34979E-06 7.85974E-04 3.62781E-04 1.06909E-03 9.97519E-02 3.26978E-01 7.90309E-04 7.34979E-06 0.00000E+00 1.91547E-02
0.00000E+00 1.26215E-05 6.85945E-04 2.97151E-04 9.42361E-04 9.06320E-02 3.01150E-01 6.89808E-04 1.26215E-05 0.00000E+00 1.73408E-02
0.00000E+00 1.75128E-05 6.07130E-04 2.47204E-04 8.41209E-04 8.30106E-02 2.79219E-01 6.10612E-04 1.75128E-05 0.00000E+00 1.58608E-02
0.00000E+00 2.18076E-05 5.43549E-04 2.08250E-04 7.58660E-04 7.65420E-02 2.60336E-01 5.46713E-04 2.18076E-05 0.00000E+00 1.46190E-02
0.00000E+00 2.54748E-05 4.91257E-04 1.77252E-04 6.90055E-04 7.09803E-02 2.43888E-01 4.94152E-04 2.54748E-05 0.00000E+00 1.35553E-02
1.97766E-06 2.84498E-05 4.47705E-04 1.52219E-04 6.32397E-04 6.61718E-02 2.29497E-01 4.50366E-04 2.84498E-05 1.97766E-06 1.26220E-02
6.53258E-06 3.08135E-05 4.10852E-04 1.31652E-04 5.83213E-04 6.19685E-02 2.16778E-01 4.13308E-04 3.08135E-05 6.53258E-06 1.17876E-02
1.04266E-05 3.27983E-05 3.79070E-04 1.14463E-04 5.40451E-04 5.82251E-02 2.05335E-01 3.81343E-04 3.27983E-05 1.04266E-05 1.10449E-02
1.37445E-05 3.44398E-05 3.51410E-04 9.99577E-05 5.02954E-04 5.48711E-02 1.94985E-01 3.53517E-04 3.44398E-05 1.37445E-05 1.03786E-02
1.65634E-05 3.57766E-05 3.27142E-04 8.76113E-05 4.69825E-04 5.18496E-02 1.85577E-01 3.29097E-04 3.57766E-05 1.65634E-05 9.77710E-03
1.89519E-05 3.68467E-05 3.05693E-04 7.70211E-05 4.40358E-04 4.91143E-02 1.76988E-01 3.07510E-04 3.68467E-05 1.89519E-05 9.23123E-03
2.09696E-05 3.76851E-05 2.86615E-04 6.78746E-05 4.13990E-04 4.66270E-02 1.69115E-01 2.88304E-04 3.76851E-05 2.09696E-05 8.73355E-03
2.26682E-05 3.83235E-05 2.69546E-04 5.99256E-05 3.90267E-04 4.43562E-02 1.61873E-01 2.71117E-04 3.83235E-05 2.26682E-05 8.27802E-03
2.40922E-05 3.87901E-05 2.54193E-04 5.29785E-05 3.68820E-04 4.22752E-02 1.55189E-01 2.55654E-04 3.87901E-05 2.40922E-05 7.85963E-03
2.52797E-05 3.91095E-05 2.40319E-04 4.68760E-05 3.49343E-04 4.03618E-02 1.49000E-01 2.41678E-04 3.91095E-05 2.52797E-05 7.47416E-03
2.62637E-05 3.93033E-05 2.27725E-04 4.14907E-05 3.31584E-04 3.85970E-02 1.43254E-01 2.28988E-04 3.93033E-05 2.62637E-05 7.11805E-03
2.70723E-05 3.93900E-05 2.16248E-04 3.67182E-05 3.15332E-04 3.69644E-02 1.37906E-01 2.17422E-04 3.93900E-05 2.70723E-05 6.78827E-03
2.77297E-05 3.93859E-05 2.05751E-04 3.24728E-05 3.00407E-04 3.54501E-02 1.32915E-01 2.06841E-04 3.93859E-05 2.77297E-05 6.48219E-03
2.82567E-05 3.93050E-05 1.96118E-04 2.86830E-05 2.86659E-04 3.40421E-02 1.28247E-01 1.97129E-04 3.93050E-05 2.82567E-05 6.19752E-03
2.86714E-05 3.91595E-05 1.87250E-04 2.52894E-05 2.73959E-04 3.27297E-02 1.23873E-01 1.88187E-04 3.91595E-05 2.86714E-05 5.93227E-03
2.89893E-05 3.89597E-05 1.79063E-04 2.22419E-05 2.62195E-04 3.15039E-02 1.19765E-01 1.79930E-04 3.89597E-05 2.89893E-05 5.68471E-03
2.92237E-05 3.87149E-05 1.71484E-04 1.94981E-05 2.51271E-04 3.03566E-02 1.15900E-01 1.72286E-04 3.87149E-05 2.92237E-05 5.45329E-03
2.93865E-05 3.84327E-05 1.64452E-04 1.70220E-05 2.41104E-04 2.92807E-02 1.12257E-01 1.65193E-04 3.84327E-05 2.93865E-05 5.23663E-03
2.94875E-05 3.81200E-05 1.57912E-04 1.47829E-05 2.31622E-04 2.82699E-02 1.08819E-01 1.58594E-04 3.81200E-05 2.94875E-05 5.03351E-03
2.95357E-05 3.77827E-05 1.51817E-04 1.27542E-05 2.22759E-04 2.73186E-02 1.05568E-01 1.52443E-04 3.77827E-05 2.95357E-05 4.84286E-03
2.95386E-05 3.74257E-05 1.46125E-04 1.09133E-05 2.14462E-04 2.64220E-02 1.02490E-01 1.46699E-04 3.74257E-05 2.95386E-05 4.66368E-03
2.95029E-05 3.70535E-05 1.40799E-04 9.24035E-06 2.06679E-04 2.55756E-02 9.95711E-02 1.41324E-04 3.70535E-05 2.95029E-05 4.49511E-03
2.94343E-05 3.66699E-05 1.35808E-04 7.71815E-06 1.99368E-04 2.47754E-02 9.68001E-02 1.36286E-04 3.66699E-05 2.94343E-05 4.33633E-03
2.93380E-05 3.62781E-05 1.31122E-04 6.33168E-06 1.92488E-04 2.40178E-02 9.41660E-02 1.31556E-04 3.62781E-05 2.93380E-05 4.18663E-03
2.92182E-05 3.58808E-05 1.26717E-04 5.06778E-06 1.86006E-04 2.32997E-02 9.16591E-02 1.27109E-04 3.58808E-05 2.92182E-05 4.04535E-03
2.90790E-05 3.54806E-05 1.22570E-04 3.91484E-06 1.79889E-04 2.26182E-02 8.92706E-02 1.22922E-04 3.54806E-05 2.90790E-05 3.91190E-03
2.89235E-05 3.50795E-05 1.18660E-04 2.86262E-06 1.74111E-04 2.19705E-02 8.69923E-02 1.18974E-04 3.50795E-05 2.89235E-05 3.78574E-03
2.87548E-05 3.46792E-05 1.14969E-04 1.90204E-06 1.68645E-04 2.13545E-02 8.48170E-02 1.15247E-04 3.46792E-05 2.87548E-05 3.66636E-03
2.85755E-05 3.42813E-05 1.11480E-04 1.02504E-06 1.63468E-04 2.07678E-02 8.27379E-02 1.11725E-04 3.42813E-05 2.85755E-05 3.55331E-03
2.83877E-05 3.38870E-05 1.08180E-04 2.24411E-07 1.58561E-04 2.02084E-02 8.07489E-02 1.08393E-04 3.38870E-05 2.83877E-05 3.44617E-03
2.81934E-05 3.34975E-05 1.05053E-04 -5.06282E-07 1.53904E-04 1.96747E-02 7.88445E-02 1.05236E-04 3.34975E-05 2.81934E-05 3.34456E-03
2.79943E-05 3.31137E-05 1.02089E-04 -1.17281E-06 1.49480E-04 1.91650E-02 7.70194E-02 1.02243E-04 3.31137E-05 2.79943E-05 3.24811E-03
2.77919E-05 3.27363E-05 9.92762E-05 -1.78038E-06 1.45273E-04 1.86776E-02 7.52689E-02 9.94027E-05 3.27363E-05 2.77919E-05 3.15651E-03
2.75874E-05 3.23659E-05 9.66040E-05 -2.33367E-06 1.41270E-04 1.82113E-02 7.35887E-02 9.67047E-05 3.23659E-05 2.75874E-05 3.06944E-03
2.73820E-05 3.20031E-05 9.40634E-05 -2.83691E-06 1.37457E-04 1.77648E-02 7.19745E-02 9.41396E-05 3.20031E-05 2.73820E-05 2.98663E-03
2.71767E-05 3.16483E-05 9.16460E-05 -3.29394E-06 1.33823E-04 1.73368E-02 7.04228E-02 9.16989E-05 3.16483E-05 2.71767E-05 2.90782E-03
2.69722E-05 3.13018E-05 8.93440E-05 -3.70826E-06 1.30355E-04 1.69263E-02 6.89301E-02 8.93749E-05 3.13018E-05 2.69722E-05 2.83277E-03
2.67693E-05 3.09639E-05 8.71502E-05 -4.08303E-06 1.27045E-04 1.65322E-02 6.74930E-02 8.71602E-05 3.09639E-05 2.67693E-05 2.76125E-03
2.65686E-05 3.06346E-05 8.50579E-05 -4.42116E-06 1.23882E-04 1.61538E-02 6.61087E-02 8.50483E-05 3.06346E-05 2.65686E-05 2.69305E-03
2.63706E-05 3.03143E-05 8.30613E-05 -4.72530E-06 1.20859E-04 1.57900E-02 6.47743E-02 8.30329E-05 3.03143E-05 2.63706E-05 2.62798E-03
2.61757E-05 3.00028E-05 8.11545E-05 -4.99787E-06 1.17967E-04 1.54400E-02 6.34873E-02 8.11084E-05 3.00028E-05 2.61757E-05 2.56585E-03
2.59842E-05 2.97003E-05 7.93325E-05 -5.24110E-06 1.15198E-04 1.51032E-02 6.22453E-02 7.92696E-05 2.97003E-05 2.59842E-05 2.50651E-03
0.00000E+00 0.00000E+00 6.49526E-05 -3.11792E-04 1.06790E-04 4.66024E-02 2.15232E-01 6.61621E-05 0.00000E+00 0.00000E+00 -4.34159E-04
0.00000E+00 0.00000E+00 4.03070E-05 -2.70918E-04 8.30476E-05 3.88627E-02 1.83843E-01 4.22911E-05 0.00000E+00 0.00000E+00 9.34052E-04
0.00000E+00 -3.24358E-09 2.41714E-05 -2.38946E-04 6.77351E-05 3.32941E-02 1.60667E-01 2.66173E-05 -3.24358E-09 0.00000E+00 1.60195E-03
0.00000E+00 4.03977E-07 1.30686E-05 -2.12954E-04 5.70478E-05 2.90336E-02 1.42545E-01 1.57804E-05 4.03977E-07 0.00000E+00 1.92395E-03
0.00000E+00 1.00427E-06 5.21700E-06 -1.91354E-04 4.91772E-05 2.56502E-02 1.27879E-01 8.06303E-06 1.00427E-06 0.00000E+00 2.05916E-03
0.00000E+00 1.63868E-06 -3.86704E-07 -1.73188E-04 4.31711E-05 2.29032E-02 1.15770E-01 2.50171E-06 1.63868E-06 0.00000E+00 2.09172E-03
0.00000E+00 2.23541E-06 -4.39671E-06 -1.57746E-04 3.84493E-05 2.06324E-02 1.05606E-01 -1.53032E-06 2.23541E-06 0.00000E+00 2.06691E-03
0.00000E+00 2.76325E-06 -7.25596E-06 -1.44493E-04 3.46410E-05 1.87265E-02 9.69573E-02 -4.45663E-06 2.76325E-06 0.00000E+00 2.01002E-03
2.70713E-07 3.23127E-06 -9.23645E-06 -1.33063E-04 3.15406E-05 1.71154E-02 8.95521E-02 -6.53532E-06 3.23127E-06 2.70713E-07 1.93517E-03
8.95979E-07 3.64801E-06 -1.05592E-05 -1.23100E-04 2.89781E-05 1.57360E-02 8.31376E-02 -7.97722E-06 3.64801E-06 8.95979E-07 1.85057E-03
1.42331E-06 3.97928E-06 -1.14428E-05 -1.14302E-04 2.67667E-05 1.45310E-02 7.74734E-02 -8.99401E-06 3.97928E-06 1.42331E-06 1.76207E-03
1.85717E-06 4.22800E-06 -1.19970E-05 -1.06499E-04 2.48274E-05 1.34708E-02 7.24393E-02 -9.69038E-06 4.22800E-06 1.85717E-06 1.67286E-03
2.20511E-06 4.40068E-06 -1.23030E-05 -9.95503E-05 2.31034E-05 1.25320E-02 6.79390E-02 -1.01438E-05 4.40068E-06 2.20511E-06 1.58490E-03
2.47602E-06 4.50536E-06 -1.24219E-05 -9.33373E-05 2.15531E-05 1.16959E-02 6.38950E-02 -1.04124E-05 4.50536E-06 2.47602E-06 1.49942E-03
2.67905E-06 4.55057E-06 -1.23994E-05 -8.77614E-05 2.01456E-05 1.09474E-02 6.02436E-02 -1.05399E-05 4.55057E-06 2.67905E-06 1.41717E-03
2.82306E-06 4.54463E-06 -1.22706E-05 -8.27390E-05 1.88577E-05 1.02740E-02 5.69325E-02 -1.05595E-05 4.54463E-06 2.82306E-06 1.33857E-03
2.91634E-06 4.49542E-06 -1.20620E-05 -7.81996E-05 1.76717E-05 9.66572E-03 5.39180E-02 -1.04967E-05 4.49542E-06 2.91634E-06 1.26383E-03
2.96649E-06 4.41016E-06 -1.17941E-05 -7.40828E-05 1.65740E-05 9.11393E-03 5.11637E-02 -1.03711E-05 4.41016E-06 2.96649E-06 1.19304E-03
2.98038E-06 4.29535E-06 -1.14826E-05 -7.03373E-05 1.55537E-05 8.61158E-03 4.86385E-02 -1.01977E-05 4.29535E-06 2.98038E-06 1.12617E-03
2.96412E-06 4.15681E-06 -1.11395E-05 -6.69189E-05 1.46023E-05 8.15267E-03 4.63162E-02 -9.98813E-06 4.15681E-06 2.96412E-06 1.06316E-03
2.92312E-06 3.99966E-06 -1.07743E-05 -6.37895E-05 1.37131E-05 7.73214E-03 4.41745E-02 -9.75144E-06 3.99966E-06 2.92312E-06 1.00391E-03
2.86218E-06 3.82842E-06 -1.03940E-05 -6.09162E-05 1.28803E-05 7.34564E-03 4.21938E-02 -9.49461E-06 3.82842E-06 2.86218E-06 9.48272E-04
2.78546E-06 3.64701E-06 -1.00042E-05 -5.82703E-05 1.20995E-05 6.98945E-03 4.03576E-02 -9.22308E-06 3.64701E-06 2.78546E-06 8.96104E-04
2.69661E-06 3.45884E-06 -9.60900E-06 -5.58272E-05 1.13665E-05 6.66034E-03 3.86513E-02 -8.94104E-06 3.45884E-06 2.69661E-06 8.47250E-04
2.59880E-06 3.26683E-06 -9.21176E-06 -5.35649E-05 1.06782E-05 6.35553E-03 3.70622E-02 -8.65174E-06 3.26683E-06 2.59880E-06 8.01551E-04
2.49477E-06 3.07351E-06 -8.81486E-06 -5.14645E-05 1.00317E-05 6.07260E-03 3.55792E-02 -8.35770E-06 3.07351E-06 2.49477E-06 7.58849E-04
2.38688E-06 2.88102E-06 -8.42013E-06 -4.95093E-05 9.42447E-06 5.80940E-03 3.41926E-02 -8.06084E-06 2.88102E-06 2.38688E-06 7.18986E-04
2.27715E-06 2.69119E-06 -8.02893E-06 -4.76846E-05 8.85426E-06 5.56409E-03 3.28937E-02 -7.76265E-06 2.69119E-06 2.27715E-06 6.81810E-04
2.16731E-06 2.50555E-06 -7.64224E-06 -4.59774E-05 8.31910E-06 5.33501E-03 3.16749E-02 -7.46425E-06 2.50555E-06 2.16731E-06 6.47172E-04
2.05882E-06 2.32538E-06 -7.26076E-06 -4.43763E-05 7.81717E-06 5.12072E-03 3.05294E-02 -7.16649E-06 2.32538E-06 2.05882E-06 6.14930E-04
1.95293E-06 2.15173E-06 -6.88495E-06 -4.28710E-05 7.34682E-06 4.91990E-03 2.94510E-02 -6.86999E-06 2.15173E-06 1.95293E-06 5.84946E-04
1.85066E-06 1.98546E-06 -6.51513E-06 -4.14526E-05 6.90651E-06 4.73143E-03 2.84344E-02 -6.57521E-06 1.98546E-06 1.85066E-06 5.57089E-04
1.75288E-06 1.82728E-06 -6.15144E-06 -4.01130E-05 6.49482E-06 4.55427E-03 2.74746E-02 -6.28249E-06 1.82728E-06 1.75288E-06 5.31234E-04
1.66029E-06 1.67773E-06 -5.79398E-06 -3.88452E-05 6.11043E-06 4.38749E-03 2.65673E-02 -5.99206E-06 1.67773E-06 1.66029E-06 5.07261E-04
1.57345E-06 1.53723E-06 -5.44272E-06 -3.76426E-05 5.75207E-06 4.23029E-03 2.57085E-02 -5.70408E-06 1.53723E-06 1.57345E-06 4.85058E-04
1.49283E-06 1.40609E-06 -5.09760E-06 -3.64996E-05 5.41857E-06 4.08190E-03 2.48947E-02 -5.41863E-06 1.40609E-06 1.49283E-06 4.64516E-04
1.41877E-06 1.28451E-06 -4.75853E-06 -3.54111E-05 5.10879E-06 3.94167E-03 2.41226E-02 -5.13578E-06 1.28451E-06 1.41877E-06 4.45534E-04
1.35152E-06 1.17262E-06 -4.42537E-06 -3.43724E-05 4.82169E-06 3.80898E-03 2.33892E-02 -4.85555E-06 1.17262E-06 1.35152E-06 4.28014E-04
1.29128E-06 1.07048E-06 -4.09797E-06 -3.33796E-05 4.55622E-06 3.68328E-03 2.26919E-02 -4.57792E-06 1.07048E-06 1.29128E-06 4.11864E-04
1.23815E-06 9.78086E-07 -3.77617E-06 -3.24288E-05 4.31142E-06 3.56408E-03 2.20282E-02 -4.30289E-06 9.78086E-07 1.23815E-06 3.96999E-04
1.19219E-06 8.95375E-07 -3.45981E-06 -3.15168E-05 4.08637E-06 3.45093E-03 2.13958E-02 -4.03042E-06 8.95375E-07 1.19219E-06 3.83336E-04
1.15341E-06 8.22245E-07 -3.14872E-06 -3.06405E-05 3.88015E-06 3.34339E-03 2.07928E-02 -3.76048E-06 8.22245E-07 1.15341E-06 3.70797E-04
1.12178E-06 7.58554E-07 -2.84273E-06 -2.97972E-05 3.69193E-06 3.24111E-03 2.02173E-02 -3.49303E-06 7.58554E-07 1.12178E-06 3.59309E-04
1.09721E-06 7.04131E-07 -2.54168E-06 -2.89845E-05 3.52087E-06 3.14373E-03 1.96675E-02 -3.22803E-06 7.04131E-07 1.09721E-06 3.48803E-04
1.07962E-06 6.58774E-07 -2.24541E-06 -2.82002E-05 3.36618E-06 3.05093E-03 1.91419E-02 -2.96544E-06 6.58774E-07 1.07962E-06 3.39213E-04
1.06886E-06 6.22262E-07 -1.95378E-06 -2.74422E-05 3.22710E-06 2.96242E-03 1.86389E-02 -2.70523E-06 6.22262E-07 1.06886E-06 3.30479E-04
1.06479E-06 5.94356E-07 -1.66665E-06 -2.67087E-05 3.10291E-06 2.87793E-03 1.81572E-02 -2.44735E-06 5.94356E-07 1.06479E-06 3.22540E-04
1.06723E-06 5.74800E-07 -1.38388E-06 -2.59981E-05 2.99289E-06 2.79722E-03 1.76957E-02 -2.19178E-06 5.74800E-07 1.06723E-06 3.15344E-04
1.07601E-06 5.63331E-07 -1.10535E-06 -2.53089E-05 2.89638E-06 2.72005E-03 1.72531E-02 -1.93850E-06 5.63331E-07 1.07601E-06 3.08838E-04
1.09092E-06 5.59672E-07 -8.30944E-07 -2.46397E-05 2.81271E-06 2.64622E-03 1.68283E-02 -1.68748E-06 5.59672E-07 1.09092E-06 3.02972E-04
0.00000E+00 0.00000E+00 -1.73990E-04 -3.80420E-05 4.84827E-06 3.70439E-03 4.01032E-02 -1.61894E-04 0.00000E+00 0.00000E+00 -4.52413E-04
0.00000E+00 0.00000E+00 -2.11957E-04 -2.97247E-05 3.89367E-06 2.88717E-03 3.21099E-02 -1.98773E-04 0.00000E+00 0.00000E+00 -3.58260E-04
0.00000E+00 6.70962E-07 -2.25894E-04 -2.36141E-05 3.84103E-06 2.33720E-03 2.65744E-02 -2.12503E-04 6.70962E-07 0.00000E+00 -2.79688E-04
0.00000E+00 1.77033E-06 -2.27191E-04 -1.89287E-05 4.11427E-06 1.93968E-03 2.24766E-02 -2.14076E-04 1.77033E-06 0.00000E+00 -2.00308E-04
0.00000E+00 2.80921E-06 -2.21449E-04 -1.52854E-05 4.44789E-06 1.63937E-03 1.93163E-02 -2.08889E-04 2.80921E-06 0.00000E+00 -1.22995E-04
0.00000E+00 3.68731E-06 -2.11776E-04 -1.24499E-05 4.72529E-06 1.40622E-03 1.68180E-02 -1.99931E-04 3.68731E-06 0.00000E+00 -5.20483E-05
0.00000E+00 4.37142E-06 -2.00032E-04 -1.02496E-05 4.89824E-06 1.22113E-03 1.48024E-02 -1.88988E-04 4.37142E-06 0.00000E+00 9.38096E-06
0.00000E+00 4.85974E-06 -1.87351E-04 -8.55472E-06 4.95183E-06 1.07141E-03 1.31486E-02 -1.77144E-04 4.85974E-06 0.00000E+00 5.98233E-05
2.68139E-07 5.23906E-06 -1.74411E-04 -7.19590E-06 4.96416E-06 9.49134E-04 1.17795E-02 -1.65044E-04 5.23906E-06 2.68139E-07 9.84758E-05
8.22565E-07 5.52536E-06 -1.61624E-04 -6.09436E-06 4.94093E-06 8.47740E-04 1.06303E-02 -1.53081E-04 5.52536E-06 8.22565E-07 1.25895E-04
1.20508E-06 5.61567E-06 -1.49252E-04 -5.30591E-06 4.76719E-06 7.61621E-04 9.64443E-03 -1.41512E-04 5.61567E-06 1.20508E-06 1.44260E-04
1.43922E-06 5.54296E-06 -1.37431E-04 -4.77100E-06 4.46997E-06 6.87815E-04 8.79186E-03 -1.30466E-04 5.54296E-06 1.43922E-06 1.54800E-04
1.54790E-06 5.33724E-06 -1.26237E-04 -4.44010E-06 4.07417E-06 6.24052E-04 8.04922E-03 -1.20013E-04 5.33724E-06 1.54790E-06 1.58767E-04
1.55241E-06 5.02512E-06 -1.15701E-04 -4.27207E-06 3.60198E-06 5.68566E-04 7.39808E-03 -1.10183E-04 5.02512E-06 1.55241E-06 1.57356E-04
1.47192E-06 4.62979E-06 -1.05830E-04 -4.23279E-06 3.07275E-06 5.19970E-04 6.82379E-03 -1.00979E-04 4.62979E-06 1.47192E-06 1.51663E-04
1.32337E-06 4.17117E-06 -9.66097E-05 -4.29399E-06 2.50311E-06 4.77156E-04 6.31455E-03 -9.23891E-05 4.17117E-06 1.32337E-06 1.42658E-04
1.12155E-06 3.66622E-06 -8.80179E-05 -4.43230E-06 1.90715E-06 4.39234E-04 5.86076E-03 -8.43900E-05 3.66622E-06 1.12155E-06 1.31186E-04
8.79169E-07 3.12925E-06 -8.00245E-05 -4.62842E-06 1.29669E-06 4.05483E-04 5.45455E-03 -7.69531E-05 3.12925E-06 8.79169E-07 1.17968E-04
6.07115E-07 2.57228E-06 -7.25961E-05 -4.86644E-06 6.81578E-07 3.75308E-04 5.08943E-03 -7.00463E-05 2.57228E-06 6.07115E-07 1.03608E-04
3.14603E-07 2.00528E-06 -6.56982E-05 -5.13328E-06 6.99020E-08 3.48221E-04 4.75996E-03 -6.36362E-05 2.00528E-06 3.14603E-07 8.86094E-05
9.38617E-09 1.43649E-06 -5.92957E-05 -5.41823E-06 -5.31746E-07 3.23815E-04 4.46161E-03 -5.76896E-05 1.43649E-06 9.38617E-09 7.33811E-05
-3.02056E-07 8.72659E-07 -5.33547E-05 -5.71257E-06 -1.11806E-06 3.01749E-04 4.19054E-03 -5.21739E-05 8.72659E-07 -3.02056E-07 5.82542E-05
-6.14354E-07 3.19265E-07 -4.78422E-05 -6.00918E-06 -1.68483E-06 2.81733E-04 3.94349E-03 -4.70580E-05 3.19265E-07 -6.14354E-07 4.34910E-05
-9.23095E-07 -2.19302E-07 -4.27272E-05 -6.30238E-06 -2.22879E-06 2.63525E-04 3.71769E-03 -4.23123E-05 -2.19302E-07 -9.23095E-07 2.92961E-05
-1.22469E-06 -7.39569E-07 -3.79803E-05 -6.58758E-06 -2.74742E-06 2.46916E-04 3.51074E-03 -3.79090E-05 -7.39569E-07 -1.22469E-06 1.58250E-05
-1.51624E-06 -1.23884E-06 -3.35741E-05 -6.86118E-06 -3.23890E-06 2.31726E-04 3.32060E-03 -3.38222E-05 -1.23884E-06 -1.51624E-06 3.19249E-06
-1.79546E-06 -1.71506E-06 -2.94830E-05 -7.12037E-06 -3.70194E-06 2.17802E-04 3.14547E-03 -3.00276E-05 -1.71506E-06 -1.79546E-06 -8.52052E-06
-2.06056E-06 -2.16674E-06 -2.56832E-05 -7.36301E-06 -4.13572E-06 2.05010E-04 2.98381E-03 -2.65031E-05 -2.16674E-06 -2.06056E-06 -1.92610E-05
-2.31020E-06 -2.59285E-06 -2.21528E-05 -7.58749E-06 -4.53980E-06 1.93233E-04 2.83427E-03 -2.32278E-05 -2.59285E-06 -2.31020E-06 -2.89989E-05
-2.54338E-06 -2.99271E-06 -1.88714E-05 -7.79268E-06 -4.91404E-06 1.82371E-04 2.69566E-03 -2.01827E-05 -2.99271E-06 -2.54338E-06 -3.77225E-05
-2.75942E-06 -3.36600E-06 -1.58203E-05 -7.97783E-06 -5.25857E-06 1.72335E-04 2.56694E-03 -1.73502E-05 -3.36600E-06 -2.75942E-06 -4.54349E-05
-2.95789E-06 -3.71263E-06 -1.29823E-05 -8.14248E-06 -5.57373E-06 1.63045E-04 2.44718E-03 -1.47142E-05 -3.71263E-06 -2.95789E-06 -5.21511E-05
-3.13857E-06 -4.03274E-06 -1.03414E-05 -8.28647E-06 -5.86003E-06 1.54433E-04 2.33557E-03 -1.22598E-05 -4.03274E-06 -3.13857E-06 -5.78955E-05
-3.30143E-06 -4.32664E-06 -7.88311E-06 -8.40979E-06 -6.11810E-06 1.46437E-04 2.23139E-03 -9.97333E-06 -4.32664E-06 -3.30143E-06 -6.26992E-05
-3.44658E-06 -4.59478E-06 -5.59380E-06 -8.51266E-06 -6.34869E-06 1.39004E-04 2.13399E-03 -7.84220E-06 -4.59478E-06 -3.44658E-06 -6.65991E-05
-3.57423E-06 -4.83772E-06 -3.46111E-06 -8.59539E-06 -6.55263E-06 1.32084E-04 2.04280E-03 -5.85487E-06 -4.83772E-06 -3.57423E-06 -6.96357E-05
-3.68471E-06 -5.05613E-06 -1.47363E-06 -8.65843E-06 -6.73081E-06 1.25634E-04 1.95730E-03 -4.00073E-06 -5.05613E-06 -3.68471E-06 -7.18522E-05
-3.77843E-06 -5.25072E-06 3.79153E-07 -8.70230E-06 -6.88414E-06 1.19614E-04 1.87702E-03 -2.27001E-06 -5.25072E-06 -3.77843E-06 -7.32938E-05
-3.85584E-06 -5.42227E-06 2.10693E-06 -8.72760E-06 -7.01359E-06 1.13991E-04 1.80155E-03 -6.53737E-07 -5.42227E-06 -3.85584E-06 -7.40062E-05
-3.91746E-06 -5.57158E-06 3.71861E-06 -8.73497E-06 -7.12015E-06 1.08732E-04 1.73051E-03 8.56356E-07 -5.57158E-06 -3.91746E-06 -7.40357E-05
-3.96382E-06 -5.69949E-06 5.22243E-06 -8.72509E-06 -7.20478E-06 1.03809E-04 1.66357E-03 2.26787E-06 -5.69949E-06 -3.96382E-06 -7.34282E-05
-3.99552E-06 -5.80687E-06 6.62595E-06 -8.69866E-06 -7.26848E-06 9.91962E-05 1.60042E-03 3.58780E-06 -5.80687E-06 -3.99552E-06 -7.22290E-05
-4.01312E-06 -5.89455E-06 7.93617E-06 -8.65641E-06 -7.31223E-06 9.48700E-05 1.54077E-03 4.82260E-06 -5.89455E-06 -4.01312E-06 -7.04824E-05
-4.01724E-06 -5.96342E-06 9.15954E-06 -8.59907E-06 -7.33698E-06 9.08094E-05 1.48438E-03 5.97820E-06 -5.96342E-06 -4.01724E-06 -6.82317E-05
-4.00849E-06 -6.01431E-06 1.03020E-05 -8.52736E-06 -7.34368E-06 8.69950E-05 1.43101E-03 7.06010E-06 -6.01431E-06 -4.00849E-06 -6.55183E-05
-3.98746E-06 -6.04807E-06 1.13691E-05 -8.44202E-06 -7.33327E-06 8.34091E-05 1.38045E-03 8.07335E-06 -6.04807E-06 -3.98746E-06 -6.23827E-05
-3.95477E-06 -6.06554E-06 1.23659E-05 -8.34377E-06 -7.30664E-06 8.00356E-05 1.33250E-03 9.02262E-06 -6.06554E-06 -3.95477E-06 -5.88633E-05
-3.91101E-06 -6.06753E-06 1.32971E-05 -8.23332E-06 -7.26468E-06 7.68597E-05 1.28700E-03 9.91222E-06 -6.06753E-06 -3.91101E-06 -5.49969E-05
-3.85677E-06 -6.05484E-06 1.41671E-05 -8.11135E-06 -7.20824E-06 7.38680E-05 1.24378E-03 1.07461E-05 -6.05484E-06 -3.85677E-06 -5.08188E-05
-3.79263E-06 -6.02824E-06 1.49798E-05 -7.97855E-06 -7.13816E-06 7.10479E-05 1.20269E-03 1.15281E-05 -6.02824E-06 -3.79263E-06 -4.63624E-05
0.00000E+00 0.00000E+00 -2.43032E-03 6.75564E-06 1.75935E-06 1.68202E-06 1.68662E-05 -2.36356E-03 0.00000E+00 0.00000E+00 -1.44407E-03
0.00000E+00 0.00000E+00 -1.99928E-03 6.37568E-06 3.70524E-06 3.51882E-06 1.33317E-05 -1.93823E-03 0.00000E+00 0.00000E+00 -1.52870E-03
0.00000E+00 4.28387E-06 -1.63620E-03 7.50011E-06 6.60860E-06 6.34600E-06 1.24367E-05 -1.58153E-03 4.28387E-06 0.00000E+00 -1.32364E-03
0.00000E+00 9.42697E-06 -1.33098E-03 8.60685E-06 9.09281E-06 8.78090E-06 1.21822E-05 -1.28268E-03 9.42697E-06 0.00000E+00 -1.01738E-03
0.00000E+00 1.31449E-05 -1.07423E-03 9.20295E-06 1.07579E-05 1.04179E-05 1.18299E-05 -1.03204E-03 1.31449E-05 0.00000E+00 -7.00441E-04
0.00000E+00 1.55616E-05 -8.58723E-04 9.21200E-06 1.15890E-05 1.12379E-05 1.11648E-05 -8.22219E-04 1.55616E-05 0.00000E+00 -4.14330E-04
0.00000E+00 1.68870E-05 -6.77763E-04 8.69085E-06 1.16923E-05 1.13434E-05 1.01556E-05 -6.46488E-04 1.68870E-05 0.00000E+00 -1.75250E-04
0.00000E+00 1.73354E-05 -5.25579E-04 7.73642E-06 1.12041E-05 1.08676E-05 8.84214E-06 -4.99068E-04 1.73354E-05 0.00000E+00 1.36947E-05
5.74512E-07 1.71851E-05 -3.97965E-04 6.54496E-06 1.03487E-05 1.00322E-05 7.38362E-06 -3.75750E-04 1.71851E-05 5.74512E-07 1.54043E-04
1.59625E-06 1.65693E-05 -2.90595E-04 5.17510E-06 9.21081E-06 8.92024E-06 5.81166E-06 -2.72246E-04 1.65693E-05 1.59625E-06 2.51785E-04
2.08326E-06 1.54738E-05 -1.99230E-04 3.54464E-06 7.73295E-06 7.47193E-06 4.02514E-06 -1.84388E-04 1.54738E-05 2.08326E-06 3.16275E-04
2.15579E-06 1.40298E-05 -1.21460E-04 1.74503E-06 6.02096E-06 5.79203E-06 2.10388E-06 -1.09793E-04 1.40298E-05 2.15579E-06 3.53566E-04
1.91314E-06 1.23431E-05 -5.52584E-05 -1.50539E-07 4.15988E-06 3.96464E-06 1.12597E-07 -4.64621E-05 1.23431E-05 1.91314E-06 3.69191E-04
1.43636E-06 1.04979E-05 1.08019E-06 -2.08452E-06 2.21705E-06 2.05638E-06 -1.89737E-06 7.28462E-06 1.04979E-05 1.43636E-06 3.67989E-04
7.90982E-07 8.56052E-06 4.89910E-05 -4.01235E-06 2.45132E-07 1.19319E-07 -3.88607E-06 5.28575E-05 8.56052E-06 7.90982E-07 3.54069E-04
2.96271E-08 6.58295E-06 8.96854E-05 -5.90012E-06 -1.71525E-06 -1.80637E-06 -5.82304E-06 9.14449E-05 6.58295E-06 2.96271E-08 3.30849E-04
-8.05785E-07 4.60536E-06 1.24188E-04 -7.72253E-06 -3.63321E-06 -3.69017E-06 -7.68559E-06 1.24050E-04 4.60536E-06 -8.05785E-07 3.01124E-04
-1.68211E-06 2.65849E-06 1.53366E-04 -9.46120E-06 -5.48575E-06 -5.50934E-06 -9.45733E-06 1.51522E-04 2.65849E-06 -1.68211E-06 2.67144E-04
-2.57335E-06 7.65483E-07 1.77960E-04 -1.11033E-05 -7.25612E-06 -7.24736E-06 -1.11269E-05 1.74583E-04 7.65483E-07 -2.57335E-06 2.30699E-04
-3.45935E-06 -1.05660E-06 1.98598E-04 -1.26402E-05 -8.93260E-06 -8.89266E-06 -1.26870E-05 1.93844E-04 -1.05660E-06 -3.45935E-06 1.93191E-04
-4.32467E-06 -2.79553E-06 2.15818E-04 -1.40670E-05 -1.05074E-05 -1.04376E-05 -1.41333E-05 2.09830E-04 -2.79553E-06 -4.32467E-06 1.55704E-04
-5.15769E-06 -4.44292E-06 2.30080E-04 -1.53813E-05 -1.19760E-05 -1.18776E-05 -1.54644E-05 2.22988E-04 -4.44292E-06 -5.15769E-06 1.19059E-04
-5.94984E-06 -5.99345E-06 2.41781E-04 -1.65826E-05 -1.33360E-05 -1.32105E-05 -1.66802E-05 2.33702E-04 -5.99345E-06 -5.94984E-06 8.38645E-05
-6.69503E-06 -7.44416E-06 2.51260E-04 -1.76723E-05 -1.45873E-05 -1.44360E-05 -1.77826E-05 2.42302E-04 -7.44416E-06 -6.69503E-06 5.05580E-05
-7.38914E-06 -8.79396E-06 2.58812E-04 -1.86529E-05 -1.57308E-05 -1.55553E-05 -1.87743E-05 2.49072E-04 -8.79396E-06 -7.38914E-06 1.94405E-05
-8.02962E-06 -1.00432E-05 2.64691E-04 -1.95275E-05 -1.67689E-05 -1.65706E-05 -1.96588E-05 2.54256E-04 -1.00432E-05 -8.02962E-06 -9.29543E-06
-8.61515E-06 -1.11934E-05 2.69116E-04 -2.03001E-05 -1.77046E-05 -1.74848E-05 -2.04404E-05 2.58068E-04 -1.11934E-05 -8.61515E-06 -3.55424E-05
-9.14538E-06 -1.22468E-05 2.72279E-04 -2.09752E-05 -1.85415E-05 -1.83017E-05 -2.11235E-05 2.60691E-04 -1.22468E-05 -9.14538E-06 -5.92592E-05
-9.62072E-06 -1.32064E-05 2.74345E-04 -2.15573E-05 -1.92836E-05 -1.90251E-05 -2.17130E-05 2.62284E-04 -1.32064E-05 -9.62072E-06 -8.04557E-05
-1.00422E-05 -1.40755E-05 2.75459E-04 -2.20513E-05 -1.99353E-05 -1.96594E-05 -2.22136E-05 2.62986E-04 -1.40755E-05 -1.00422E-05 -9.91802E-05
-1.04112E-05 -1.48577E-05 2.75748E-04 -2.24620E-05 -2.05009E-05 -2.02090E-05 -2.26305E-05 2.62918E-04 -1.48577E-05 -1.04112E-05 -1.15509E-04
-1.07295E-05 -1.55570E-05 2.75321E-04 -2.27942E-05 -2.09850E-05 -2.06783E-05 -2.29684E-05 2.62185E-04 -1.55570E-05 -1.07295E-05 -1.29541E-04
-1.09990E-05 -1.61773E-05 2.74275E-04 -2.30528E-05 -2.13920E-05 -2.10717E-05 -2.32322E-05 2.60879E-04 -1.61773E-05 -1.09990E-05 -1.41387E-04
-1.12221E-05 -1.67226E-05 2.72694E-04 -2.32423E-05 -2.17265E-05 -2.13938E-05 -2.34266E-05 2.59080E-04 -1.67226E-05 -1.12221E-05 -1.51168E-04
-1.14008E-05 -1.71968E-05 2.70652E-04 -2.33673E-05 -2.19929E-05 -2.16488E-05 -2.35561E-05 2.56859E-04 -1.71968E-05 -1.14008E-05 -1.59012E-04
-1.15375E-05 -1.76041E-05 2.68214E-04 -2.34321E-05 -2.21953E-05 -2.18409E-05 -2.36253E-05 2.54278E-04 -1.76041E-05 -1.15375E-05 -1.65046E-04
-1.16345E-05 -1.79481E-05 2.65438E-04 -2.34410E-05 -2.23378E-05 -2.19741E-05 -2.36381E-05 2.51390E-04 -1.79481E-05 -1.16345E-05 -1.69399E-04
-1.16942E-05 -1.82326E-05 2.62373E-04 -2.33980E-05 -2.24245E-05 -2.20525E-05 -2.35987E-05 2.48243E-04 -1.82326E-05 -1.16942E-05 -1.72199E-04
-1.17187E-05 -1.84614E-05 2.59063E-04 -2.33068E-05 -2.24590E-05 -2.20796E-05 -2.35110E-05 2.44877E-04 -1.84614E-05 -1.17187E-05 -1.73570E-04
-1.17104E-05 -1.86378E-05 2.55548E-04 -2.31710E-05 -2.24451E-05 -2.20591E-05 -2.33784E-05 2.41331E-04 -1.86378E-05 -1.17104E-05 -1.73630E-04
-1.16714E-05 -1.87652E-05 2.51861E-04 -2.29941E-05 -2.23861E-05 -2.19944E-05 -2.32045E-05 2.37635E-04 -1.87652E-05 -1.16714E-05 -1.72494E-04
-1.16038E-05 -1.88469E-05 2.48032E-04 -2.27793E-05 -2.22853E-05 -2.18887E-05 -2.29924E-05 2.33818E-04 -1.88469E-05 -1.16038E-05 -1.70273E-04
-1.15096E-05 -1.88858E-05 2.44089E-04 -2.25297E-05 -2.21457E-05 -2.17451E-05 -2.27453E-05 2.29904E-04 -1.88858E-05 -1.15096E-05 -1.67070E-04
-1.13907E-05 -1.88849E-05 2.40053E-04 -2.22481E-05 -2.19704E-05 -2.15663E-05 -2.24661E-05 2.25915E-04 -1.88849E-05 -1.13907E-05 -1.62982E-04
-1.12490E-05 -1.88470E-05 2.35947E-04 -2.19372E-05 -2.17621E-05 -2.13553E-05 -2.21574E-05 2.21871E-04 -1.88470E-05 -1.12490E-05 -1.58103E-04
-1.10862E-05 -1.87746E-05 2.31787E-04 -2.15997E-05 -2.15234E-05 -2.11144E-05 -2.18217E-05 2.17788E-04 -1.87746E-05 -1.10862E-05 -1.52519E-04
-1.09040E-05 -1.86703E-05 2.27591E-04 -2.12378E-05 -2.12567E-05 -2.08462E-05 -2.14616E-05 2.13680E-04 -1.86703E-05 -1.09040E-05 -1.46311E-04
-1.07040E-05 -1.85363E-05 2.23371E-04 -2.08537E-05 -2.09643E-05 -2.05529E-05 -2.10791E-05 2.09560E-04 -1.85363E-05 -1.07040E-05 -1.39555E-04
-1.04876E-05 -1.83749E-05 2.19140E-04 -2.04497E-05 -2.06485E-05 -2.02367E-05 -2.06765E-05 2.05440E-04 -1.83749E-05 -1.04876E-05 -1.32320E-04
-1.02563E-05 -1.81883E-05 2.14908E-04 -2.00277E-05 -2.03112E-05 -1.98996E-05 -2.02556E-05 2.01329E-04 -1.81883E-05 -1.02563E-05 -1.24673E-04
---
