PdfType: replica
Format: lhagrid1
---
1.00000E-07 1.58489E-07 2.51189E-07 3.98107E-07 6.30957E-07 1.00000E-06 1.58489E-06 2.51189E-06 3.98107E-06 6.30957E-06 1.00000E-05 1.58489E-05 2.51189E-05 3.98107E-05 6.30957E-05 1.00000E-04 1.58489E-04 2.51189E-04 3.98107E-04 6.30957E-04 1.00000E-03 1.58489E-03 2.51189E-03 3.98107E-03 6.30957E-03 1.00000E-02 1.25893E-02 1.58489E-02 1.99526E-02 2.51189E-02 3.16228E-02 3.98107E-02 5.01187E-02 6.30957E-02 7.94328E-02 1.00000E-01 1.25900E-01 1.58500E-01 1.99500E-01 2.51200E-01 3.16200E-01 3.98100E-01 5.01200E-01 6.31000E-01 7.94300E-01 1.00000E+00
1.00000E+00 1.20679E+00 1.45635E+00 1.75751E+00 2.12095E+00 2.55955E+00 3.08884E+00 3.72759E+00 4.49843E+00 5.42868E+00 6.55129E+00 7.90604E+00 9.54095E+00 1.15140E+01 1.38950E+01 1.67683E+01 2.02359E+01 2.44205E+01 2.94705E+01 3.55648E+01 4.29193E+01 5.17947E+01 6.25055E+01 7.54312E+01 9.10298E+01 1.09854E+02 1.32571E+02 1.59986E+02 1.93070E+02 2.32995E+02 2.81177E+02 3.39322E+02 4.09492E+02 4.94171E+02 5.96362E+02 7.19686E+02 8.68511E+02 1.04811E+03 1.26486E+03 1.52642E+03 1.84207E+03 2.22300E+03 2.68270E+03 3.23746E+03 3.90694E+03 4.71487E+03 5.68987E+03 6.86649E+03 8.28643E+03 1.00000E+04
-5 -4 -3 -2 -1 1 2 3 4 5 21
0.00000E+00 0.00000E+00 5.21856E+00 1.92986E+00 1.93099E+00 1.93082E+00 1.92885E+00 5.21837E+00 0.00000E+00 0.00000E+00 -4.52898E+00
0.00000E+00 0.00000E+00 5.13195E+00 1.94440E+00 1.94555E+00 1.94544E+00 1.94359E+00 5.13175E+00 0.00000E+00 0.00000E+00 -1.15041E+00
0.00000E+00 1.21411E-01 5.17854E+00 2.07332E+00 2.07449E+00 2.07441E+00 2.07266E+00 5.17834E+00 1.21411E-01 0.00000E+00 3.45256E+00
0.00000E+00 3.89865E-01 5.34936E+00 2.31429E+00 2.31548E+00 2.31543E+00 2.31375E+00 5.34916E+00 3.89865E-01 0.00000E+00 9.68277E+00
0.00000E+00 7.65519E-01 5.63950E+00 2.66578E+00 2.66699E+00 2.66696E+00 2.66533E+00 5.63930E+00 7.65519E-01 0.00000E+00 1.80225E+01
0.00000E+00 1.24573E+00 6.04377E+00 3.12446E+00 3.12569E+00 3.12567E+00 3.12409E+00 6.04356E+00 1.24573E+00 0.00000E+00 2.88165E+01
0.00000E+00 1.82755E+00 6.55737E+00 3.68687E+00 3.68811E+00 3.68811E+00 3.68658E+00 6.55715E+00 1.82755E+00 0.00000E+00 4.23421E+01
0.00000E+00 2.50807E+00 7.17601E+00 4.34973E+00 4.35099E+00 4.35100E+00 4.34950E+00 7.17580E+00 2.50807E+00 0.00000E+00 5.88139E+01
2.73814E-01 3.23396E+00 7.84564E+00 5.05952E+00 5.06079E+00 5.06081E+00 5.05934E+00 7.84542E+00 3.23396E+00 2.73814E-01 7.85098E+01
1.04488E+00 3.98100E+00 8.54107E+00 5.79175E+00 5.79304E+00 5.79307E+00 5.79162E+00 8.54085E+00 3.98100E+00 1.04488E+00 1.01509E+02
1.91564E+00 4.82933E+00 9.34134E+00 6.62625E+00 6.62755E+00 6.62759E+00 6.62616E+00 9.34111E+00 4.82933E+00 1.91564E+00 1.27665E+02
2.88472E+00 5.77738E+00 1.02444E+01 7.56133E+00 7.56264E+00 7.56269E+00 7.56128E+00 1.02442E+01 5.77738E+00 2.88472E+00 1.57036E+02
3.95065E+00 6.82352E+00 1.12484E+01 8.59527E+00 8.59659E+00 8.59664E+00 8.59525E+00 1.12481E+01 6.82352E+00 3.95065E+00 1.89658E+02
5.11193E+00 7.96612E+00 1.23512E+01 9.72635E+00 9.72768E+00 9.72774E+00 9.72636E+00 1.23510E+01 7.96612E+00 5.11193E+00 2.25547E+02
6.36704E+00 9.20353E+00 1.35511E+01 1.09529E+01 1.09542E+01 1.09543E+01 1.09529E+01 1.35508E+01 9.20353E+00 6.36704E+00 2.64703E+02
7.71443E+00 1.05341E+01 1.48461E+01 1.22731E+01 1.22745E+01 1.22745E+01 1.22732E+01 1.48459E+01 1.05341E+01 7.71443E+00 3.07113E+02
9.15257E+00 1.19563E+01 1.62345E+01 1.36855E+01 1.36868E+01 1.36869E+01 1.36855E+01 1.62343E+01 1.19563E+01 9.15257E+00 3.52752E+02
1.06799E+01 1.34684E+01 1.77145E+01 1.51882E+01 1.51896E+01 1.51896E+01 1.51883E+01 1.77142E+01 1.34684E+01 1.06799E+01 4.01585E+02
1.22949E+01 1.50689E+01 1.92843E+01 1.67797E+01 1.67811E+01 1.67811E+01 1.67798E+01 1.92841E+01 1.50689E+01 1.22949E+01 4.53571E+02
1.39961E+01 1.67561E+01 2.09422E+01 1.84583E+01 1.84597E+01 1.84598E+01 1.84585E+01 2.09420E+01 1.67561E+01 1.39961E+01 5.08661E+02
1.57819E+01 1.85285E+01 2.26867E+01 2.02225E+01 2.02239E+01 2.02240E+01 2.02227E+01 2.26864E+01 1.85285E+01 1.57819E+01 5.66802E+02
1.76507E+01 2.03846E+01 2.45159E+01 2.20707E+01 2.20721E+01 2.20722E+01 2.20709E+01 2.45156E+01 2.03846E+01 1.76507E+01 6.27938E+02
1.96013E+01 2.23228E+01 2.64283E+01 2.40013E+01 2.40027E+01 2.40028E+01 2.40015E+01 2.64280E+01 2.23228E+01 1.96013E+01 6.92007E+02
2.16319E+01 2.43416E+01 2.84223E+01 2.60128E+01 2.60142E+01 2.60143E+01 2.60130E+01 2.84220E+01 2.43416E+01 2.16319E+01 7.58948E+02
2.37413E+01 2.64395E+01 3.04963E+01 2.81037E+01 2.81051E+01 2.81052E+01 2.81039E+01 3.04961E+01 2.64395E+01 2.37413E+01 8.28697E+02
2.59279E+01 2.86150E+01 3.26489E+01 3.02724E+01 3.02738E+01 3.02739E+01 3.02727E+01 3.26486E+01 2.86150E+01 2.59279E+01 9.01189E+02
2.81903E+01 3.08668E+01 3.48784E+01 3.25176E+01 3.25190E+01 3.25191E+01 3.25178E+01 3.48782E+01 3.08668E+01 2.81903E+01 9.76358E+02
3.05271E+01 3.31932E+01 3.71835E+01 3.48377E+01 3.48391E+01 3.48392E+01 3.48380E+01 3.71832E+01 3.31932E+01 3.05271E+01 1.05414E+03
3.29369E+01 3.55930E+01 3.95626E+01 3.72313E+01 3.72328E+01 3.72329E+01 3.72316E+01 3.95623E+01 3.55930E+01 3.29369E+01 1.13446E+03
3.54183E+01 3.80648E+01 4.20143E+01 3.96971E+01 3.96986E+01 3.96987E+01 3.96974E+01 4.20140E+01 3.80648E+01 3.54183E+01 1.21727E+03
3.79700E+01 4.06071E+01 4.45372E+01 4.22337E+01 4.22351E+01 4.22352E+01 4.22340E+01 4.45369E+01 4.06071E+01 3.79700E+01 1.30249E+03
4.05907E+01 4.32187E+01 4.71299E+01 4.48396E+01 4.48411E+01 4.48412E+01 4.48400E+01 4.71296E+01 4.32187E+01 4.05907E+01 1.39006E+03
4.32790E+01 4.58981E+01 4.97911E+01 4.75136E+01 4.75151E+01 4.75152E+01 4.75140E+01 4.97908E+01 4.58981E+01 4.32790E+01 1.47992E+03
4.60337E+01 4.86442E+01 5.25194E+01 5.02543E+01 5.02558E+01 5.02559E+01 5.02547E+01 5.25191E+01 4.86442E+01 4.60337E+01 1.57200E+03
4.88534E+01 5.14555E+01 5.53135E+01 5.30605E+01 5.30620E+01 5.30621E+01 5.30609E+01 5.53132E+01 5.14555E+01 4.88534E+01 1.66624E+03
5.17370E+01 5.43309E+01 5.81721E+01 5.59309E+01 5.59324E+01 5.59325E+01 5.59313E+01 5.81718E+01 5.43309E+01 5.17370E+01 1.76259E+03
5.46831E+01 5.72691E+01 6.10940E+01 5.88642E+01 5.88657E+01 5.88658E+01 5.88646E+01 6.10937E+01 5.72691E+01 5.46831E+01 1.86099E+03
5.76907E+01 6.02689E+01 6.40779E+01 6.18592E+01 6.18607E+01 6.18609E+01 6.18597E+01 6.40776E+01 6.02689E+01 5.76907E+01 1.96137E+03
6.07584E+01 6.33291E+01 6.71226E+01 6.49148E+01 6.49163E+01 6.49164E+01 6.49152E+01 6.71224E+01 6.33291E+01 6.07584E+01 2.06368E+03
6.38852E+01 6.64485E+01 7.02269E+01 6.80296E+01 6.80312E+01 6.80313E+01 6.80301E+01 7.02267E+01 6.64485E+01 6.38852E+01 2.16786E+03
6.70699E+01 6.96259E+01 7.33897E+01 7.12027E+01 7.12042E+01 7.12043E+01 7.12031E+01 7.33894E+01 6.96259E+01 6.70699E+01 2.27387E+03
7.03113E+01 7.28604E+01 7.66098E+01 7.44328E+01 7.44343E+01 7.44344E+01 7.44332E+01 7.66095E+01 7.28604E+01 7.03113E+01 2.38164E+03
7.36084E+01 7.61506E+01 7.98860E+01 7.77188E+01 7.77203E+01 7.77204E+01 7.77192E+01 7.98857E+01 7.61506E+01 7.36084E+01 2.49113E+03
7.69601E+01 7.94956E+01 8.32173E+01 8.10596E+01 8.10612E+01 8.10613E+01 8.10601E+01 8.32170E+01 7.94956E+01 7.69601E+01 2.60229E+03
8.03653E+01 8.28942E+01 8.66025E+01 8.44542E+01 8.44558E+01 8.44559E+01 8.44547E+01 8.66023E+01 8.28942E+01 8.03653E+01 2.71507E+03
8.38230E+01 8.63455E+01 9.00407E+01 8.79015E+01 8.79031E+01 8.79032E+01 8.79020E+01 9.00405E+01 8.63455E+01 8.38230E+01 2.82942E+03
8.73322E+01 8.98483E+01 9.35308E+01 9.14005E+01 9.14021E+01 9.14022E+01 9.14010E+01 9.35305E+01 8.98483E+01 8.73322E+01 2.94530E+03
9.08918E+01 9.34018E+01 9.70718E+01 9.49502E+01 9.49518E+01 9.49519E+01 9.49507E+01 9.70715E+01 9.34018E+01 9.08918E+01 3.06266E+03
9.45009E+01 9.70049E+01 1.00663E+02 9.85496E+01 9.85511E+01 9.85513E+01 9.85501E+01 1.00662E+02 9.70049E+01 9.45009E+01 3.18145E+03
9.81586E+01 1.00657E+02 1.04302E+02 1.02198E+02 1.02199E+02 1.02199E+02 1.02198E+02 1.04302E+02 1.00657E+02 9.81586E+01 3.30164E+03
0.00000E+00 0.00000E+00 4.49078E+00 1.74125E+00 1.74247E+00 1.74268E+00 1.74168E+00 4.49057E+00 0.00000E+00 0.00000E+00 -4.07812E+00
0.00000E+00 0.00000E+00 4.41974E+00 1.75575E+00 1.75700E+00 1.75720E+00 1.75619E+00 4.41953E+00 0.00000E+00 0.00000E+00 -1.04301E+00
0.00000E+00 1.12276E-01 4.47020E+00 1.87581E+00 1.87709E+00 1.87728E+00 1.87627E+00 4.46998E+00 1.12276E-01 0.00000E+00 3.14372E+00
0.00000E+00 3.58813E-01 4.63261E+00 2.09753E+00 2.09883E+00 2.09901E+00 2.09799E+00 4.63238E+00 3.58813E-01 0.00000E+00 8.84267E+00
0.00000E+00 7.01324E-01 4.90144E+00 2.41822E+00 2.41954E+00 2.41971E+00 2.41868E+00 4.90121E+00 7.01324E-01 0.00000E+00 1.64784E+01
0.00000E+00 1.13645E+00 5.27112E+00 2.83389E+00 2.83523E+00 2.83540E+00 2.83436E+00 5.27089E+00 1.13645E+00 0.00000E+00 2.63413E+01
0.00000E+00 1.66078E+00 5.73666E+00 3.34070E+00 3.34206E+00 3.34222E+00 3.34117E+00 5.73643E+00 1.66078E+00 0.00000E+00 3.86564E+01
0.00000E+00 2.27113E+00 6.29370E+00 3.93510E+00 3.93648E+00 3.93663E+00 3.93558E+00 6.29346E+00 2.27113E+00 0.00000E+00 5.35894E+01
2.46515E-01 2.92159E+00 6.89568E+00 4.57102E+00 4.57242E+00 4.57257E+00 4.57151E+00 6.89545E+00 2.92159E+00 2.46515E-01 7.13280E+01
9.38277E-01 3.59162E+00 7.52124E+00 5.22767E+00 5.22908E+00 5.22923E+00 5.22817E+00 7.52100E+00 3.59162E+00 9.38277E-01 9.18901E+01
1.71593E+00 4.34897E+00 8.23717E+00 5.97254E+00 5.97396E+00 5.97410E+00 5.97304E+00 8.23693E+00 4.34897E+00 1.71593E+00 1.15174E+02
2.57780E+00 5.19181E+00 9.04127E+00 6.80366E+00 6.80510E+00 6.80524E+00 6.80417E+00 9.04102E+00 5.19181E+00 2.57780E+00 1.41211E+02
3.52221E+00 6.11831E+00 9.93140E+00 7.71915E+00 7.72059E+00 7.72074E+00 7.71966E+00 9.93116E+00 6.11831E+00 3.52221E+00 1.70015E+02
4.54750E+00 7.12669E+00 1.09055E+01 8.71713E+00 8.71858E+00 8.71872E+00 8.71764E+00 1.09053E+01 7.12669E+00 4.54750E+00 2.01585E+02
5.65201E+00 8.21519E+00 1.19617E+01 9.79578E+00 9.79725E+00 9.79739E+00 9.79630E+00 1.19614E+01 8.21519E+00 5.65201E+00 2.35905E+02
6.83411E+00 9.38210E+00 1.30979E+01 1.09534E+01 1.09548E+01 1.09550E+01 1.09539E+01 1.30977E+01 9.38210E+00 6.83411E+00 2.72948E+02
8.09221E+00 1.06257E+01 1.43125E+01 1.21881E+01 1.21896E+01 1.21897E+01 1.21886E+01 1.43122E+01 1.06257E+01 8.09221E+00 3.12679E+02
9.42474E+00 1.19445E+01 1.56035E+01 1.34984E+01 1.34999E+01 1.35000E+01 1.34989E+01 1.56033E+01 1.19445E+01 9.42474E+00 3.55058E+02
1.08301E+01 1.33367E+01 1.69693E+01 1.48825E+01 1.48840E+01 1.48841E+01 1.48830E+01 1.69691E+01 1.33367E+01 1.08301E+01 4.00036E+02
1.23069E+01 1.48008E+01 1.84083E+01 1.63389E+01 1.63404E+01 1.63405E+01 1.63394E+01 1.84080E+01 1.48008E+01 1.23069E+01 4.47562E+02
1.38535E+01 1.63354E+01 1.99186E+01 1.78660E+01 1.78675E+01 1.78676E+01 1.78665E+01 1.99184E+01 1.63354E+01 1.38535E+01 4.97581E+02
1.54685E+01 1.79387E+01 2.14989E+01 1.94622E+01 1.94638E+01 1.94639E+01 1.94628E+01 2.14986E+01 1.79387E+01 1.54685E+01 5.50035E+02
1.71504E+01 1.96095E+01 2.31475E+01 2.11262E+01 2.11277E+01 2.11279E+01 2.11267E+01 2.31472E+01 1.96095E+01 1.71504E+01 6.04865E+02
1.88979E+01 2.13463E+01 2.48628E+01 2.28563E+01 2.28579E+01 2.28580E+01 2.28569E+01 2.48626E+01 2.13463E+01 1.88979E+01 6.62011E+02
2.07095E+01 2.31476E+01 2.66436E+01 2.46512E+01 2.46528E+01 2.46529E+01 2.46518E+01 2.66433E+01 2.31476E+01 2.07095E+01 7.21412E+02
2.25840E+01 2.50120E+01 2.84882E+01 2.65095E+01 2.65111E+01 2.65112E+01 2.65101E+01 2.84879E+01 2.50120E+01 2.25840E+01 7.83007E+02
2.45198E+01 2.69382E+01 3.03953E+01 2.84298E+01 2.84314E+01 2.84315E+01 2.84304E+01 3.03950E+01 2.69382E+01 2.45198E+01 8.46736E+02
2.65159E+01 2.89248E+01 3.23635E+01 3.04107E+01 3.04123E+01 3.04124E+01 3.04113E+01 3.23632E+01 2.89248E+01 2.65159E+01 9.12536E+02
2.85707E+01 3.09707E+01 3.43914E+01 3.24510E+01 3.24526E+01 3.24527E+01 3.24516E+01 3.43911E+01 3.09707E+01 2.85707E+01 9.80348E+02
3.06832E+01 3.30743E+01 3.64778E+01 3.45493E+01 3.45509E+01 3.45510E+01 3.45499E+01 3.64776E+01 3.30743E+01 3.06832E+01 1.05011E+03
3.28520E+01 3.52346E+01 3.86214E+01 3.67044E+01 3.67060E+01 3.67061E+01 3.67050E+01 3.86211E+01 3.52346E+01 3.28520E+01 1.12177E+03
3.50759E+01 3.74503E+01 4.08209E+01 3.89150E+01 3.89166E+01 3.89167E+01 3.89156E+01 4.08206E+01 3.74503E+01 3.50759E+01 1.19527E+03
3.73538E+01 3.97202E+01 4.30750E+01 4.11799E+01 4.11816E+01 4.11817E+01 4.11806E+01 4.30747E+01 3.97202E+01 3.73538E+01 1.27055E+03
3.96845E+01 4.20431E+01 4.53826E+01 4.34981E+01 4.34997E+01 4.34998E+01 4.34987E+01 4.53823E+01 4.20431E+01 3.96845E+01 1.34756E+03
4.20669E+01 4.44179E+01 4.77425E+01 4.58682E+01 4.58698E+01 4.58699E+01 4.58688E+01 4.77422E+01 4.44179E+01 4.20669E+01 1.42623E+03
4.44998E+01 4.68434E+01 5.01536E+01 4.82891E+01 4.82908E+01 4.82909E+01 4.82898E+01 5.01533E+01 4.68434E+01 4.44998E+01 1.50653E+03
4.69821E+01 4.93185E+01 5.26147E+01 5.07599E+01 5.07615E+01 5.07616E+01 5.07605E+01 5.26144E+01 4.93185E+01 4.69821E+01 1.58840E+03
4.95128E+01 5.18422E+01 5.51247E+01 5.32793E+01 5.32809E+01 5.32811E+01 5.32799E+01 5.51244E+01 5.18422E+01 4.95128E+01 1.67179E+03
5.20909E+01 5.44134E+01 5.76826E+01 5.58463E+01 5.58479E+01 5.58481E+01 5.58469E+01 5.76823E+01 5.44134E+01 5.20909E+01 1.75665E+03
5.47152E+01 5.70311E+01 6.02872E+01 5.84598E+01 5.84615E+01 5.84617E+01 5.84605E+01 6.02870E+01 5.70311E+01 5.47152E+01 1.84293E+03
5.73849E+01 5.96942E+01 6.29377E+01 6.11190E+01 6.11206E+01 6.11208E+01 6.11197E+01 6.29374E+01 5.96942E+01 5.73849E+01 1.93060E+03
6.00989E+01 6.24018E+01 6.56329E+01 6.38227E+01 6.38244E+01 6.38245E+01 6.38234E+01 6.56327E+01 6.24018E+01 6.00989E+01 2.01959E+03
6.28562E+01 6.51530E+01 6.83720E+01 6.65700E+01 6.65717E+01 6.65718E+01 6.65707E+01 6.83717E+01 6.51530E+01 6.28562E+01 2.10988E+03
6.56560E+01 6.79467E+01 7.11539E+01 6.93600E+01 6.93616E+01 6.93618E+01 6.93607E+01 7.11536E+01 6.79467E+01 6.56560E+01 2.20142E+03
6.84973E+01 7.07820E+01 7.39777E+01 7.21916E+01 7.21933E+01 7.21935E+01 7.21923E+01 7.39774E+01 7.07820E+01 6.84973E+01 2.29416E+03
7.13792E+01 7.36581E+01 7.68425E+01 7.50641E+01 7.50658E+01 7.50660E+01 7.50648E+01 7.68422E+01 7.36581E+01 7.13792E+01 2.38808E+03
7.43008E+01 7.65740E+01 7.97474E+01 7.79766E+01 7.79783E+01 7.79784E+01 7.79773E+01 7.97471E+01 7.65740E+01 7.43008E+01 2.48312E+03
7.72613E+01 7.95289E+01 8.26915E+01 8.09281E+01 8.09298E+01 8.09299E+01 8.09288E+01 8.26913E+01 7.95289E+01 7.72613E+01 2.57926E+03
8.02599E+01 8.25220E+01 8.56741E+01 8.39178E+01 8.39195E+01 8.39197E+01 8.39185E+01 8.56738E+01 8.25220E+01 8.02599E+01 2.67646E+03
8.32957E+01 8.55524E+01 8.86941E+01 8.69449E+01 8.69466E+01 8.69468E+01 8.69456E+01 8.86938E+01 8.55524E+01 8.32957E+01 2.77468E+03
0.00000E+00 0.00000E+00 3.86345E+00 1.57042E+00 1.57176E+00 1.57187E+00 1.57088E+00 3.86322E+00 0.00000E+00 0.00000E+00 -3.68390E+00
0.00000E+00 0.00000E+00 3.80608E+00 1.58529E+00 1.58666E+00 1.58676E+00 1.58573E+00 3.80585E+00 0.00000E+00 0.00000E+00 -9.48570E-01
0.00000E+00 1.04094E-01 3.85952E+00 1.69750E+00 1.69890E+00 1.69900E+00 1.69793E+00 3.85927E+00 1.04094E-01 0.00000E+00 2.87091E+00
0.00000E+00 3.30768E-01 4.01370E+00 1.90176E+00 1.90319E+00 1.90327E+00 1.90218E+00 4.01345E+00 3.30768E-01 0.00000E+00 8.09495E+00
0.00000E+00 6.43161E-01 4.26260E+00 2.19444E+00 2.19590E+00 2.19598E+00 2.19487E+00 4.26235E+00 6.43161E-01 0.00000E+00 1.50945E+01
0.00000E+00 1.03736E+00 4.60041E+00 2.57107E+00 2.57255E+00 2.57262E+00 2.57150E+00 4.60016E+00 1.03736E+00 0.00000E+00 2.41103E+01
0.00000E+00 1.50963E+00 5.02203E+00 3.02752E+00 3.02902E+00 3.02909E+00 3.02795E+00 5.02177E+00 1.50963E+00 0.00000E+00 3.53206E+01
0.00000E+00 2.05662E+00 5.52308E+00 3.56011E+00 3.56163E+00 3.56169E+00 3.56054E+00 5.52282E+00 2.05662E+00 0.00000E+00 4.88489E+01
2.21745E-01 2.63896E+00 6.06365E+00 4.12932E+00 4.13085E+00 4.13092E+00 4.12976E+00 6.06339E+00 2.63896E+00 2.21745E-01 6.48072E+01
8.41729E-01 3.23927E+00 6.62564E+00 4.71755E+00 4.71910E+00 4.71916E+00 4.71799E+00 6.62537E+00 3.23927E+00 8.41729E-01 8.31649E+01
1.53539E+00 3.91455E+00 7.26523E+00 5.38155E+00 5.38311E+00 5.38318E+00 5.38200E+00 7.26496E+00 3.91455E+00 1.53539E+00 1.03858E+02
2.30088E+00 4.66280E+00 7.98010E+00 6.11923E+00 6.12080E+00 6.12087E+00 6.11968E+00 7.97983E+00 4.66280E+00 2.30088E+00 1.26899E+02
3.13638E+00 5.48208E+00 8.76805E+00 6.92857E+00 6.93015E+00 6.93022E+00 6.92902E+00 8.76778E+00 5.48208E+00 3.13638E+00 1.52284E+02
4.04015E+00 6.37054E+00 9.62699E+00 7.80763E+00 7.80923E+00 7.80930E+00 7.80810E+00 9.62671E+00 6.37054E+00 4.04015E+00 1.79996E+02
5.01047E+00 7.32637E+00 1.05549E+01 8.75457E+00 8.75618E+00 8.75625E+00 8.75504E+00 1.05547E+01 7.32637E+00 5.01047E+00 2.10009E+02
6.04570E+00 8.34783E+00 1.15500E+01 9.76760E+00 9.76923E+00 9.76929E+00 9.76808E+00 1.15497E+01 8.34783E+00 6.04570E+00 2.42288E+02
7.14422E+00 9.43327E+00 1.26104E+01 1.08450E+01 1.08466E+01 1.08467E+01 1.08455E+01 1.26101E+01 9.43327E+00 7.14422E+00 2.76791E+02
8.30449E+00 1.05810E+01 1.37343E+01 1.19851E+01 1.19868E+01 1.19869E+01 1.19856E+01 1.37340E+01 1.05810E+01 8.30449E+00 3.13474E+02
9.52498E+00 1.17896E+01 1.49201E+01 1.31864E+01 1.31881E+01 1.31881E+01 1.31869E+01 1.49198E+01 1.17896E+01 9.52498E+00 3.52285E+02
1.08042E+01 1.30574E+01 1.61662E+01 1.44472E+01 1.44489E+01 1.44490E+01 1.44477E+01 1.61659E+01 1.30574E+01 1.08042E+01 3.93172E+02
1.21408E+01 1.43831E+01 1.74710E+01 1.57661E+01 1.57678E+01 1.57679E+01 1.57667E+01 1.74707E+01 1.43831E+01 1.21408E+01 4.36080E+02
1.35333E+01 1.57650E+01 1.88330E+01 1.71417E+01 1.71434E+01 1.71434E+01 1.71422E+01 1.88327E+01 1.57650E+01 1.35333E+01 4.80953E+02
1.49803E+01 1.72020E+01 2.02508E+01 1.85724E+01 1.85741E+01 1.85742E+01 1.85730E+01 2.02505E+01 1.72020E+01 1.49803E+01 5.27736E+02
1.64806E+01 1.86925E+01 2.17229E+01 2.00570E+01 2.00587E+01 2.00588E+01 2.00575E+01 2.17227E+01 1.86925E+01 1.64806E+01 5.76370E+02
1.80328E+01 2.02353E+01 2.32481E+01 2.15941E+01 2.15958E+01 2.15959E+01 2.15946E+01 2.32478E+01 2.02353E+01 1.80328E+01 6.26799E+02
1.96357E+01 2.18291E+01 2.48248E+01 2.31824E+01 2.31841E+01 2.31842E+01 2.31829E+01 2.48245E+01 2.18291E+01 1.96357E+01 6.78967E+02
2.12880E+01 2.34727E+01 2.64519E+01 2.48206E+01 2.48223E+01 2.48224E+01 2.48212E+01 2.64516E+01 2.34727E+01 2.12880E+01 7.32819E+02
2.29886E+01 2.51649E+01 2.81281E+01 2.65075E+01 2.65093E+01 2.65094E+01 2.65081E+01 2.81278E+01 2.51649E+01 2.29886E+01 7.88299E+02
2.47363E+01 2.69043E+01 2.98522E+01 2.82420E+01 2.82437E+01 2.82438E+01 2.82426E+01 2.98519E+01 2.69043E+01 2.47363E+01 8.45353E+02
2.65299E+01 2.86900E+01 3.16230E+01 3.00228E+01 3.00245E+01 3.00246E+01 3.00234E+01 3.16227E+01 2.86900E+01 2.65299E+01 9.03930E+02
2.83683E+01 3.05207E+01 3.34393E+01 3.18488E+01 3.18505E+01 3.18506E+01 3.18494E+01 3.34390E+01 3.05207E+01 2.83683E+01 9.63977E+02
3.02505E+01 3.23954E+01 3.53000E+01 3.37189E+01 3.37207E+01 3.37208E+01 3.37195E+01 3.52997E+01 3.23954E+01 3.02505E+01 1.02544E+03
3.21753E+01 3.43130E+01 3.72040E+01 3.56320E+01 3.56338E+01 3.56339E+01 3.56327E+01 3.72037E+01 3.43130E+01 3.21753E+01 1.08828E+03
3.41418E+01 3.62724E+01 3.91503E+01 3.75871E+01 3.75889E+01 3.75890E+01 3.75878E+01 3.91500E+01 3.62724E+01 3.41418E+01 1.15245E+03
3.61489E+01 3.82726E+01 4.11377E+01 3.95832E+01 3.95850E+01 3.95851E+01 3.95838E+01 4.11374E+01 3.82726E+01 3.61489E+01 1.21789E+03
3.81957E+01 4.03127E+01 4.31654E+01 4.16192E+01 4.16210E+01 4.16211E+01 4.16199E+01 4.31651E+01 4.03127E+01 3.81957E+01 1.28456E+03
4.02812E+01 4.23917E+01 4.52322E+01 4.36941E+01 4.36960E+01 4.36961E+01 4.36948E+01 4.52319E+01 4.23917E+01 4.02812E+01 1.35242E+03
4.24044E+01 4.45086E+01 4.73373E+01 4.58072E+01 4.58090E+01 4.58091E+01 4.58079E+01 4.73370E+01 4.45086E+01 4.24044E+01 1.42143E+03
4.45645E+01 4.66625E+01 4.94797E+01 4.79573E+01 4.79591E+01 4.79592E+01 4.79580E+01 4.94794E+01 4.66625E+01 4.45645E+01 1.49154E+03
4.67606E+01 4.88525E+01 5.16585E+01 5.01436E+01 5.01454E+01 5.01455E+01 5.01443E+01 5.16582E+01 4.88525E+01 4.67606E+01 1.56272E+03
4.89918E+01 5.10777E+01 5.38729E+01 5.23652E+01 5.23670E+01 5.23672E+01 5.23659E+01 5.38726E+01 5.10777E+01 4.89918E+01 1.63493E+03
5.12572E+01 5.33374E+01 5.61219E+01 5.46213E+01 5.46232E+01 5.46233E+01 5.46221E+01 5.61215E+01 5.33374E+01 5.12572E+01 1.70813E+03
5.35560E+01 5.56306E+01 5.84046E+01 5.69111E+01 5.69129E+01 5.69130E+01 5.69118E+01 5.84043E+01 5.56306E+01 5.35560E+01 1.78228E+03
5.58874E+01 5.79565E+01 6.07204E+01 5.92336E+01 5.92355E+01 5.92356E+01 5.92344E+01 6.07201E+01 5.79565E+01 5.58874E+01 1.85735E+03
5.82507E+01 6.03144E+01 6.30684E+01 6.15882E+01 6.15901E+01 6.15902E+01 6.15890E+01 6.30681E+01 6.03144E+01 5.82507E+01 1.93331E+03
6.06451E+01 6.27035E+01 6.54478E+01 6.39741E+01 6.39760E+01 6.39761E+01 6.39749E+01 6.54474E+01 6.27035E+01 6.06451E+01 2.01013E+03
6.30698E+01 6.51230E+01 6.78578E+01 6.63905E+01 6.63923E+01 6.63925E+01 6.63913E+01 6.78575E+01 6.51230E+01 6.30698E+01 2.08776E+03
6.55241E+01 6.75722E+01 7.02977E+01 6.88366E+01 6.88385E+01 6.88386E+01 6.88374E+01 7.02974E+01 6.75722E+01 6.55241E+01 2.16619E+03
6.80073E+01 7.00504E+01 7.27668E+01 7.13118E+01 7.13137E+01 7.13138E+01 7.13126E+01 7.27665E+01 7.00504E+01 6.80073E+01 2.24538E+03
7.05186E+01 7.25570E+01 7.52645E+01 7.38153E+01 7.38172E+01 7.38174E+01 7.38162E+01 7.52641E+01 7.25570E+01 7.05186E+01 2.32530E+03
0.00000E+00 0.00000E+00 3.32269E+00 1.41569E+00 1.41717E+00 1.41714E+00 1.41588E+00 3.32244E+00 0.00000E+00 0.00000E+00 -3.33911E+00
0.00000E+00 0.00000E+00 3.27736E+00 1.43129E+00 1.43280E+00 1.43277E+00 1.43149E+00 3.27710E+00 0.00000E+00 0.00000E+00 -8.65325E-01
0.00000E+00 9.67490E-02 3.33302E+00 1.53651E+00 1.53806E+00 1.53803E+00 1.53672E+00 3.33276E+00 9.67490E-02 0.00000E+00 2.62987E+00
0.00000E+00 3.05385E-01 3.47920E+00 1.72490E+00 1.72648E+00 1.72646E+00 1.72513E+00 3.47893E+00 3.05385E-01 0.00000E+00 7.42853E+00
0.00000E+00 5.90372E-01 3.70948E+00 1.99210E+00 1.99370E+00 1.99368E+00 1.99234E+00 3.70920E+00 5.90372E-01 0.00000E+00 1.38518E+01
0.00000E+00 9.47386E-01 4.01790E+00 2.33325E+00 2.33488E+00 2.33486E+00 2.33351E+00 4.01763E+00 9.47386E-01 0.00000E+00 2.20954E+01
0.00000E+00 1.37251E+00 4.39938E+00 2.74408E+00 2.74573E+00 2.74571E+00 2.74436E+00 4.39910E+00 1.37251E+00 0.00000E+00 3.22962E+01
0.00000E+00 1.86228E+00 4.84957E+00 3.22085E+00 3.22252E+00 3.22251E+00 3.22115E+00 4.84929E+00 1.86228E+00 0.00000E+00 4.45413E+01
1.99265E-01 2.38310E+00 5.33439E+00 3.72981E+00 3.73150E+00 3.73149E+00 3.73012E+00 5.33411E+00 2.38310E+00 1.99265E-01 5.88801E+01
7.54285E-01 2.92029E+00 5.83857E+00 4.25609E+00 4.25780E+00 4.25779E+00 4.25643E+00 5.83828E+00 2.92029E+00 7.54285E-01 7.52447E+01
1.37221E+00 3.52156E+00 6.40909E+00 4.84718E+00 4.84890E+00 4.84890E+00 4.84753E+00 6.40879E+00 3.52156E+00 1.37221E+00 9.36037E+01
2.05108E+00 4.18482E+00 7.04359E+00 5.50090E+00 5.50263E+00 5.50264E+00 5.50127E+00 7.04329E+00 4.18482E+00 2.05108E+00 1.13953E+02
2.78905E+00 4.90809E+00 7.73986E+00 6.21518E+00 6.21694E+00 6.21695E+00 6.21557E+00 7.73956E+00 4.90809E+00 2.78905E+00 1.36277E+02
3.58432E+00 5.68950E+00 8.49583E+00 6.98811E+00 6.98987E+00 6.98989E+00 6.98851E+00 8.49553E+00 5.68950E+00 3.58432E+00 1.60547E+02
4.43520E+00 6.52724E+00 9.30955E+00 7.81783E+00 7.81961E+00 7.81963E+00 7.81825E+00 9.30925E+00 6.52724E+00 4.43520E+00 1.86731E+02
5.34006E+00 7.41963E+00 1.01792E+01 8.70260E+00 8.70439E+00 8.70441E+00 8.70304E+00 1.01789E+01 7.41963E+00 5.34006E+00 2.14787E+02
6.29732E+00 8.36503E+00 1.11030E+01 9.64075E+00 9.64256E+00 9.64259E+00 9.64121E+00 1.11027E+01 8.36503E+00 6.29732E+00 2.44671E+02
7.30548E+00 9.36188E+00 1.20793E+01 1.06307E+01 1.06325E+01 1.06325E+01 1.06312E+01 1.20790E+01 9.36188E+00 7.30548E+00 2.76335E+02
8.36310E+00 1.04087E+01 1.31065E+01 1.16709E+01 1.16727E+01 1.16728E+01 1.16714E+01 1.31062E+01 1.04087E+01 8.36310E+00 3.09729E+02
9.46877E+00 1.15040E+01 1.41831E+01 1.27599E+01 1.27618E+01 1.27618E+01 1.27604E+01 1.41828E+01 1.15040E+01 9.46877E+00 3.44800E+02
1.06211E+01 1.26465E+01 1.53076E+01 1.38963E+01 1.38982E+01 1.38982E+01 1.38969E+01 1.53073E+01 1.26465E+01 1.06211E+01 3.81496E+02
1.18189E+01 1.38347E+01 1.64787E+01 1.50788E+01 1.50806E+01 1.50807E+01 1.50793E+01 1.64784E+01 1.38347E+01 1.18189E+01 4.19764E+02
1.30608E+01 1.50675E+01 1.76949E+01 1.63059E+01 1.63078E+01 1.63079E+01 1.63065E+01 1.76946E+01 1.50675E+01 1.30608E+01 4.59551E+02
1.43457E+01 1.63435E+01 1.89551E+01 1.75765E+01 1.75784E+01 1.75785E+01 1.75771E+01 1.89548E+01 1.63435E+01 1.43457E+01 5.00805E+02
1.56722E+01 1.76615E+01 2.02579E+01 1.88894E+01 1.88913E+01 1.88914E+01 1.88900E+01 2.02575E+01 1.76615E+01 1.56722E+01 5.43474E+02
1.70393E+01 1.90205E+01 2.16021E+01 2.02433E+01 2.02452E+01 2.02453E+01 2.02439E+01 2.16018E+01 1.90205E+01 1.70393E+01 5.87506E+02
1.84459E+01 2.04191E+01 2.29866E+01 2.16372E+01 2.16391E+01 2.16391E+01 2.16378E+01 2.29862E+01 2.04191E+01 1.84459E+01 6.32852E+02
1.98909E+01 2.18564E+01 2.44102E+01 2.30698E+01 2.30717E+01 2.30718E+01 2.30704E+01 2.44098E+01 2.18564E+01 1.98909E+01 6.79464E+02
2.13732E+01 2.33313E+01 2.58718E+01 2.45401E+01 2.45421E+01 2.45422E+01 2.45408E+01 2.58715E+01 2.33313E+01 2.13732E+01 7.27294E+02
2.28919E+01 2.48427E+01 2.73704E+01 2.60472E+01 2.60491E+01 2.60492E+01 2.60479E+01 2.73701E+01 2.48427E+01 2.28919E+01 7.76295E+02
2.44458E+01 2.63897E+01 2.89049E+01 2.75899E+01 2.75918E+01 2.75919E+01 2.75906E+01 2.89046E+01 2.63897E+01 2.44458E+01 8.26423E+02
2.60341E+01 2.79713E+01 3.04744E+01 2.91673E+01 2.91693E+01 2.91694E+01 2.91680E+01 3.04741E+01 2.79713E+01 2.60341E+01 8.77635E+02
2.76559E+01 2.95864E+01 3.20779E+01 3.07785E+01 3.07804E+01 3.07805E+01 3.07792E+01 3.20776E+01 2.95864E+01 2.76559E+01 9.29888E+02
2.93102E+01 3.12343E+01 3.37145E+01 3.24225E+01 3.24244E+01 3.24245E+01 3.24232E+01 3.37141E+01 3.12343E+01 2.93102E+01 9.83141E+02
3.09961E+01 3.29140E+01 3.53831E+01 3.40984E+01 3.41003E+01 3.41005E+01 3.40991E+01 3.53828E+01 3.29140E+01 3.09961E+01 1.03736E+03
3.27129E+01 3.46247E+01 3.70831E+01 3.58053E+01 3.58073E+01 3.58075E+01 3.58061E+01 3.70827E+01 3.46247E+01 3.27129E+01 1.09249E+03
3.44596E+01 3.63655E+01 3.88134E+01 3.75425E+01 3.75445E+01 3.75447E+01 3.75433E+01 3.88131E+01 3.63655E+01 3.44596E+01 1.14852E+03
3.62354E+01 3.81356E+01 4.05734E+01 3.93091E+01 3.93111E+01 3.93113E+01 3.93099E+01 4.05730E+01 3.81356E+01 3.62354E+01 1.20539E+03
3.80396E+01 3.99342E+01 4.23621E+01 4.11043E+01 4.11063E+01 4.11064E+01 4.11051E+01 4.23617E+01 3.99342E+01 3.80396E+01 1.26308E+03
3.98715E+01 4.17605E+01 4.41788E+01 4.29273E+01 4.29293E+01 4.29295E+01 4.29282E+01 4.41784E+01 4.17605E+01 3.98715E+01 1.32156E+03
4.17302E+01 4.36139E+01 4.60227E+01 4.47774E+01 4.47794E+01 4.47796E+01 4.47783E+01 4.60224E+01 4.36139E+01 4.17302E+01 1.38079E+03
4.36150E+01 4.54935E+01 4.78931E+01 4.66538E+01 4.66559E+01 4.66560E+01 4.66547E+01 4.78928E+01 4.54935E+01 4.36150E+01 1.44074E+03
4.55253E+01 4.73987E+01 4.97894E+01 4.85559E+01 4.85579E+01 4.85581E+01 4.85568E+01 4.97890E+01 4.73987E+01 4.55253E+01 1.50138E+03
4.74604E+01 4.93287E+01 5.17107E+01 5.04829E+01 5.04850E+01 5.04851E+01 5.04838E+01 5.17103E+01 4.93287E+01 4.74604E+01 1.56268E+03
4.94195E+01 5.12830E+01 5.36564E+01 5.24342E+01 5.24363E+01 5.24364E+01 5.24352E+01 5.36560E+01 5.12830E+01 4.94195E+01 1.62462E+03
5.14022E+01 5.32608E+01 5.56258E+01 5.44091E+01 5.44112E+01 5.44114E+01 5.44101E+01 5.56255E+01 5.32608E+01 5.14022E+01 1.68717E+03
5.34076E+01 5.52616E+01 5.76184E+01 5.64071E+01 5.64091E+01 5.64093E+01 5.64080E+01 5.76181E+01 5.52616E+01 5.34076E+01 1.75030E+03
5.54353E+01 5.72847E+01 5.96335E+01 5.84274E+01 5.84294E+01 5.84296E+01 5.84283E+01 5.96332E+01 5.72847E+01 5.54353E+01 1.81400E+03
5.74846E+01 5.93295E+01 6.16705E+01 6.04694E+01 6.04715E+01 6.04717E+01 6.04704E+01 6.16702E+01 5.93295E+01 5.74846E+01 1.87822E+03
5.95550E+01 6.13955E+01 6.37288E+01 6.25327E+01 6.25348E+01 6.25350E+01 6.25337E+01 6.37284E+01 6.13955E+01 5.95550E+01 1.94297E+03
0.00000E+00 0.00000E+00 2.85651E+00 1.27553E+00 1.27717E+00 1.27707E+00 1.27557E+00 2.85623E+00 0.00000E+00 0.00000E+00 -3.03771E+00
0.00000E+00 0.00000E+00 2.82183E+00 1.29216E+00 1.29384E+00 1.29375E+00 1.29224E+00 2.82155E+00 0.00000E+00 0.00000E+00 -7.91934E-01
0.00000E+00 9.01391E-02 2.87909E+00 1.39115E+00 1.39286E+00 1.39279E+00 1.39127E+00 2.87880E+00 9.01391E-02 0.00000E+00 2.41669E+00
0.00000E+00 2.82359E-01 3.01749E+00 1.56509E+00 1.56684E+00 1.56677E+00 1.56525E+00 3.01719E+00 2.82359E-01 0.00000E+00 6.83355E+00
0.00000E+00 5.42374E-01 3.23037E+00 1.80904E+00 1.81081E+00 1.81076E+00 1.80924E+00 3.23007E+00 5.42374E-01 0.00000E+00 1.27336E+01
0.00000E+00 8.65588E-01 3.51171E+00 2.11793E+00 2.11973E+00 2.11968E+00 2.11817E+00 3.51141E+00 8.65588E-01 0.00000E+00 2.02721E+01
0.00000E+00 1.24798E+00 3.85650E+00 2.48742E+00 2.48924E+00 2.48920E+00 2.48769E+00 3.85619E+00 1.24798E+00 0.00000E+00 2.95493E+01
0.00000E+00 1.68609E+00 4.26050E+00 2.91379E+00 2.91563E+00 2.91561E+00 2.91410E+00 4.26019E+00 1.68609E+00 0.00000E+00 4.06215E+01
1.78861E-01 2.15134E+00 4.69473E+00 3.36833E+00 3.37019E+00 3.37017E+00 3.36867E+00 4.69442E+00 2.15134E+00 1.78861E-01 5.34869E+01
6.75089E-01 2.63141E+00 5.14635E+00 3.83855E+00 3.84043E+00 3.84043E+00 3.83892E+00 5.14604E+00 2.63141E+00 6.75089E-01 6.80499E+01
1.22474E+00 3.16597E+00 5.65442E+00 4.36391E+00 4.36582E+00 4.36582E+00 4.36432E+00 5.65410E+00 3.16597E+00 1.22474E+00 8.43067E+01
1.82584E+00 3.75291E+00 6.21658E+00 4.94224E+00 4.94415E+00 4.94417E+00 4.94267E+00 6.21625E+00 3.75291E+00 1.82584E+00 1.02241E+02
2.47651E+00 4.39027E+00 6.83067E+00 5.57148E+00 5.57342E+00 5.57344E+00 5.57195E+00 6.83034E+00 4.39027E+00 2.47651E+00 1.21827E+02
3.17501E+00 5.07620E+00 7.49468E+00 6.24976E+00 6.25171E+00 6.25174E+00 6.25026E+00 7.49436E+00 5.07620E+00 3.17501E+00 1.43032E+02
3.91968E+00 5.80896E+00 8.20675E+00 6.97528E+00 6.97724E+00 6.97728E+00 6.97580E+00 8.20642E+00 5.80896E+00 3.91968E+00 1.65815E+02
4.70895E+00 6.58692E+00 8.96511E+00 7.74636E+00 7.74834E+00 7.74839E+00 7.74692E+00 8.96477E+00 6.58692E+00 4.70895E+00 1.90134E+02
5.54131E+00 7.40853E+00 9.76810E+00 8.56143E+00 8.56342E+00 8.56348E+00 8.56202E+00 9.76777E+00 7.40853E+00 5.54131E+00 2.15943E+02
6.41535E+00 8.27232E+00 1.06142E+01 9.41898E+00 9.42098E+00 9.42105E+00 9.41959E+00 1.06138E+01 8.27232E+00 6.41535E+00 2.43194E+02
7.32970E+00 9.17688E+00 1.15018E+01 1.03176E+01 1.03196E+01 1.03197E+01 1.03182E+01 1.15015E+01 9.17688E+00 7.32970E+00 2.71838E+02
8.28307E+00 1.01209E+01 1.24297E+01 1.12559E+01 1.12579E+01 1.12580E+01 1.12565E+01 1.24293E+01 1.01209E+01 8.28307E+00 3.01825E+02
9.27420E+00 1.11030E+01 1.33964E+01 1.22325E+01 1.22346E+01 1.22347E+01 1.22332E+01 1.33960E+01 1.11030E+01 9.27420E+00 3.33105E+02
1.03019E+01 1.21221E+01 1.44006E+01 1.32463E+01 1.32484E+01 1.32485E+01 1.32471E+01 1.44003E+01 1.21221E+01 1.03019E+01 3.65630E+02
1.13650E+01 1.31768E+01 1.54412E+01 1.42961E+01 1.42982E+01 1.42983E+01 1.42968E+01 1.54409E+01 1.31768E+01 1.13650E+01 3.99351E+02
1.24624E+01 1.42662E+01 1.65169E+01 1.53806E+01 1.53827E+01 1.53828E+01 1.53814E+01 1.65166E+01 1.42662E+01 1.24624E+01 4.34221E+02
1.35930E+01 1.53892E+01 1.76267E+01 1.64989E+01 1.65010E+01 1.65011E+01 1.64997E+01 1.76264E+01 1.53892E+01 1.35930E+01 4.70193E+02
1.47558E+01 1.65445E+01 1.87694E+01 1.76497E+01 1.76518E+01 1.76520E+01 1.76506E+01 1.87691E+01 1.65445E+01 1.47558E+01 5.07221E+02
1.59499E+01 1.77314E+01 1.99440E+01 1.88322E+01 1.88343E+01 1.88344E+01 1.88330E+01 1.99437E+01 1.77314E+01 1.59499E+01 5.45262E+02
1.71741E+01 1.89487E+01 2.11495E+01 2.00453E+01 2.00474E+01 2.00475E+01 2.00462E+01 2.11492E+01 1.89487E+01 1.71741E+01 5.84274E+02
1.84277E+01 2.01955E+01 2.23849E+01 2.12880E+01 2.12902E+01 2.12903E+01 2.12889E+01 2.23846E+01 2.01955E+01 1.84277E+01 6.24214E+02
1.97097E+01 2.14710E+01 2.36494E+01 2.25595E+01 2.25617E+01 2.25618E+01 2.25605E+01 2.36490E+01 2.14710E+01 1.97097E+01 6.65044E+02
2.10192E+01 2.27742E+01 2.49419E+01 2.38589E+01 2.38611E+01 2.38612E+01 2.38599E+01 2.49415E+01 2.27742E+01 2.10192E+01 7.06724E+02
2.23555E+01 2.41043E+01 2.62616E+01 2.51853E+01 2.51875E+01 2.51876E+01 2.51863E+01 2.62612E+01 2.41043E+01 2.23555E+01 7.49217E+02
2.37177E+01 2.54605E+01 2.76077E+01 2.65379E+01 2.65400E+01 2.65402E+01 2.65389E+01 2.76073E+01 2.54605E+01 2.37177E+01 7.92489E+02
2.51049E+01 2.68420E+01 2.89794E+01 2.79158E+01 2.79180E+01 2.79182E+01 2.79168E+01 2.89790E+01 2.68420E+01 2.51049E+01 8.36503E+02
2.65166E+01 2.82480E+01 3.03759E+01 2.93184E+01 2.93205E+01 2.93207E+01 2.93194E+01 3.03755E+01 2.82480E+01 2.65166E+01 8.81228E+02
2.79518E+01 2.96777E+01 3.17964E+01 3.07448E+01 3.07470E+01 3.07472E+01 3.07459E+01 3.17960E+01 2.96777E+01 2.79518E+01 9.26632E+02
2.94100E+01 3.11305E+01 3.32402E+01 3.21944E+01 3.21965E+01 3.21968E+01 3.21954E+01 3.32399E+01 3.11305E+01 2.94100E+01 9.72684E+02
3.08904E+01 3.26057E+01 3.47066E+01 3.36664E+01 3.36686E+01 3.36688E+01 3.36675E+01 3.47063E+01 3.26057E+01 3.08904E+01 1.01935E+03
3.23923E+01 3.41025E+01 3.61950E+01 3.51601E+01 3.51623E+01 3.51626E+01 3.51612E+01 3.61946E+01 3.41025E+01 3.23923E+01 1.06661E+03
3.39152E+01 3.56204E+01 3.77045E+01 3.66750E+01 3.66772E+01 3.66774E+01 3.66761E+01 3.77042E+01 3.56204E+01 3.39152E+01 1.11444E+03
3.54583E+01 3.71587E+01 3.92347E+01 3.82103E+01 3.82126E+01 3.82128E+01 3.82115E+01 3.92343E+01 3.71587E+01 3.54583E+01 1.16280E+03
3.70212E+01 3.87168E+01 4.07849E+01 3.97655E+01 3.97678E+01 3.97680E+01 3.97667E+01 4.07845E+01 3.87168E+01 3.70212E+01 1.21167E+03
3.86031E+01 4.02941E+01 4.23544E+01 4.13400E+01 4.13422E+01 4.13425E+01 4.13412E+01 4.23540E+01 4.02941E+01 3.86031E+01 1.26104E+03
4.02035E+01 4.18900E+01 4.39428E+01 4.29331E+01 4.29354E+01 4.29357E+01 4.29344E+01 4.39424E+01 4.18900E+01 4.02035E+01 1.31087E+03
4.18219E+01 4.35039E+01 4.55493E+01 4.45444E+01 4.45467E+01 4.45469E+01 4.45457E+01 4.55490E+01 4.35039E+01 4.18219E+01 1.36114E+03
4.34577E+01 4.51354E+01 4.71736E+01 4.61733E+01 4.61755E+01 4.61758E+01 4.61745E+01 4.71732E+01 4.51354E+01 4.34577E+01 1.41183E+03
4.51104E+01 4.67839E+01 4.88150E+01 4.78192E+01 4.78214E+01 4.78217E+01 4.78205E+01 4.88147E+01 4.67839E+01 4.51104E+01 1.46293E+03
4.67796E+01 4.84489E+01 5.04731E+01 4.94816E+01 4.94839E+01 4.94842E+01 4.94830E+01 5.04727E+01 4.84489E+01 4.67796E+01 1.51441E+03
4.84646E+01 5.01298E+01 5.21474E+01 5.11602E+01 5.11624E+01 5.11627E+01 5.11615E+01 5.21470E+01 5.01298E+01 4.84646E+01 1.56625E+03
5.01651E+01 5.18263E+01 5.38372E+01 5.28542E+01 5.28565E+01 5.28568E+01 5.28556E+01 5.38369E+01 5.18263E+01 5.01651E+01 1.61844E+03
0.00000E+00 0.00000E+00 2.45457E+00 1.14855E+00 1.15037E+00 1.15028E+00 1.14863E+00 2.45427E+00 0.00000E+00 0.00000E+00 -2.77451E+00
0.00000E+00 0.00000E+00 2.42936E+00 1.16647E+00 1.16833E+00 1.16826E+00 1.16662E+00 2.42905E+00 0.00000E+00 0.00000E+00 -7.27242E-01
0.00000E+00 8.41737E-02 2.48769E+00 1.25988E+00 1.26177E+00 1.26172E+00 1.26009E+00 2.48737E+00 8.41737E-02 0.00000E+00 2.22797E+00
0.00000E+00 2.61422E-01 2.61856E+00 1.42062E+00 1.42255E+00 1.42252E+00 1.42090E+00 2.61823E+00 2.61422E-01 0.00000E+00 6.30144E+00
0.00000E+00 4.98654E-01 2.81517E+00 1.64335E+00 1.64531E+00 1.64529E+00 1.64367E+00 2.81485E+00 4.98654E-01 0.00000E+00 1.17255E+01
0.00000E+00 7.91118E-01 3.07156E+00 1.92288E+00 1.92487E+00 1.92486E+00 1.92326E+00 3.07123E+00 7.91118E-01 0.00000E+00 1.86188E+01
0.00000E+00 1.13479E+00 3.38283E+00 2.25490E+00 2.25691E+00 2.25692E+00 2.25533E+00 3.38249E+00 1.13479E+00 0.00000E+00 2.70502E+01
0.00000E+00 1.52625E+00 3.74490E+00 2.63576E+00 2.63780E+00 2.63782E+00 2.63624E+00 3.74456E+00 1.52625E+00 0.00000E+00 3.70496E+01
1.60343E-01 1.94131E+00 4.13324E+00 3.04116E+00 3.04322E+00 3.04325E+00 3.04169E+00 4.13290E+00 1.94131E+00 1.60343E-01 4.85747E+01
6.03377E-01 2.36970E+00 4.53711E+00 3.46066E+00 3.46273E+00 3.46278E+00 3.46123E+00 4.53677E+00 2.36970E+00 6.03377E-01 6.15101E+01
1.09152E+00 2.84416E+00 4.98874E+00 3.92681E+00 3.92891E+00 3.92897E+00 3.92743E+00 4.98839E+00 2.84416E+00 1.09152E+00 7.58751E+01
1.62281E+00 3.36262E+00 5.48584E+00 4.43749E+00 4.43961E+00 4.43968E+00 4.43815E+00 5.48549E+00 3.36262E+00 1.62281E+00 9.16445E+01
2.19544E+00 3.92317E+00 6.02635E+00 4.99072E+00 4.99285E+00 4.99294E+00 4.99142E+00 6.02599E+00 3.92317E+00 2.19544E+00 1.08786E+02
2.80772E+00 4.52404E+00 6.60834E+00 5.58469E+00 5.58683E+00 5.58693E+00 5.58543E+00 6.60798E+00 4.52404E+00 2.80772E+00 1.27262E+02
3.45805E+00 5.16358E+00 7.23005E+00 6.21769E+00 6.21985E+00 6.21995E+00 6.21847E+00 7.22969E+00 5.16358E+00 3.45805E+00 1.47031E+02
4.14497E+00 5.84025E+00 7.88982E+00 6.88814E+00 6.89032E+00 6.89044E+00 6.88896E+00 7.88945E+00 5.84025E+00 4.14497E+00 1.68049E+02
4.86706E+00 6.55259E+00 8.58612E+00 7.59458E+00 7.59677E+00 7.59690E+00 7.59543E+00 8.58575E+00 6.55259E+00 4.86706E+00 1.90269E+02
5.62300E+00 7.29923E+00 9.31749E+00 8.33559E+00 8.33779E+00 8.33793E+00 8.33648E+00 9.31712E+00 7.29923E+00 5.62300E+00 2.13647E+02
6.41153E+00 8.07888E+00 1.00826E+01 9.10986E+00 9.11208E+00 9.11223E+00 9.11079E+00 1.00822E+01 8.07888E+00 6.41153E+00 2.38134E+02
7.23147E+00 8.89031E+00 1.08801E+01 9.91615E+00 9.91838E+00 9.91854E+00 9.91711E+00 1.08797E+01 8.89031E+00 7.23147E+00 2.63686E+02
8.08167E+00 9.73235E+00 1.17088E+01 1.07533E+01 1.07555E+01 1.07557E+01 1.07543E+01 1.17085E+01 9.73235E+00 8.08167E+00 2.90256E+02
8.96104E+00 1.06039E+01 1.25676E+01 1.16201E+01 1.16223E+01 1.16225E+01 1.16211E+01 1.25673E+01 1.06039E+01 8.96104E+00 3.17800E+02
9.86856E+00 1.15039E+01 1.34554E+01 1.25155E+01 1.25178E+01 1.25180E+01 1.25166E+01 1.34550E+01 1.15039E+01 9.86856E+00 3.46273E+02
1.08032E+01 1.24313E+01 1.43710E+01 1.34385E+01 1.34408E+01 1.34410E+01 1.34396E+01 1.43706E+01 1.24313E+01 1.08032E+01 3.75635E+02
1.17641E+01 1.33851E+01 1.53135E+01 1.43881E+01 1.43904E+01 1.43907E+01 1.43893E+01 1.53132E+01 1.33851E+01 1.17641E+01 4.05843E+02
1.27502E+01 1.43645E+01 1.62820E+01 1.53635E+01 1.53658E+01 1.53660E+01 1.53646E+01 1.62816E+01 1.43645E+01 1.27502E+01 4.36859E+02
1.37607E+01 1.53685E+01 1.72755E+01 1.63635E+01 1.63658E+01 1.63661E+01 1.63647E+01 1.72751E+01 1.53685E+01 1.37607E+01 4.68643E+02
1.47948E+01 1.63963E+01 1.82931E+01 1.73875E+01 1.73898E+01 1.73901E+01 1.73887E+01 1.82927E+01 1.63963E+01 1.47948E+01 5.01160E+02
1.58517E+01 1.74470E+01 1.93340E+01 1.84345E+01 1.84369E+01 1.84371E+01 1.84358E+01 1.93336E+01 1.74470E+01 1.58517E+01 5.34373E+02
1.69305E+01 1.85199E+01 2.03973E+01 1.95039E+01 1.95062E+01 1.95065E+01 1.95052E+01 2.03969E+01 1.85199E+01 1.69305E+01 5.68249E+02
1.80305E+01 1.96142E+01 2.14824E+01 2.05947E+01 2.05970E+01 2.05973E+01 2.05960E+01 2.14820E+01 1.96142E+01 1.80305E+01 6.02756E+02
1.91510E+01 2.07292E+01 2.25884E+01 2.17063E+01 2.17086E+01 2.17089E+01 2.17076E+01 2.25880E+01 2.07292E+01 1.91510E+01 6.37862E+02
2.02914E+01 2.18641E+01 2.37146E+01 2.28379E+01 2.28403E+01 2.28406E+01 2.28393E+01 2.37142E+01 2.18641E+01 2.02914E+01 6.73537E+02
2.14508E+01 2.30183E+01 2.48604E+01 2.39889E+01 2.39913E+01 2.39916E+01 2.39903E+01 2.48600E+01 2.30183E+01 2.14508E+01 7.09753E+02
2.26288E+01 2.41911E+01 2.60250E+01 2.51587E+01 2.51610E+01 2.51614E+01 2.51601E+01 2.60246E+01 2.41911E+01 2.26288E+01 7.46482E+02
2.38246E+01 2.53819E+01 2.72079E+01 2.63465E+01 2.63489E+01 2.63492E+01 2.63479E+01 2.72075E+01 2.53819E+01 2.38246E+01 7.83698E+02
2.50377E+01 2.65901E+01 2.84084E+01 2.75517E+01 2.75541E+01 2.75545E+01 2.75532E+01 2.84080E+01 2.65901E+01 2.50377E+01 8.21377E+02
2.62674E+01 2.78151E+01 2.96258E+01 2.87739E+01 2.87763E+01 2.87767E+01 2.87754E+01 2.96254E+01 2.78151E+01 2.62674E+01 8.59494E+02
2.75133E+01 2.90564E+01 3.08597E+01 3.00124E+01 3.00148E+01 3.00151E+01 3.00139E+01 3.08593E+01 2.90564E+01 2.75133E+01 8.98026E+02
2.87747E+01 3.03133E+01 3.21095E+01 3.12666E+01 3.12690E+01 3.12694E+01 3.12682E+01 3.21091E+01 3.03133E+01 2.87747E+01 9.36951E+02
3.00512E+01 3.15854E+01 3.33746E+01 3.25360E+01 3.25384E+01 3.25388E+01 3.25376E+01 3.33742E+01 3.15854E+01 3.00512E+01 9.76250E+02
3.13423E+01 3.28722E+01 3.46545E+01 3.38202E+01 3.38226E+01 3.38230E+01 3.38218E+01 3.46541E+01 3.28722E+01 3.13423E+01 1.01590E+03
3.26474E+01 3.41731E+01 3.59488E+01 3.51186E+01 3.51210E+01 3.51214E+01 3.51202E+01 3.59484E+01 3.41731E+01 3.26474E+01 1.05588E+03
3.39661E+01 3.54877E+01 3.72569E+01 3.64307E+01 3.64331E+01 3.64335E+01 3.64324E+01 3.72565E+01 3.54877E+01 3.39661E+01 1.09618E+03
3.52980E+01 3.68155E+01 3.85784E+01 3.77561E+01 3.77585E+01 3.77590E+01 3.77578E+01 3.85780E+01 3.68155E+01 3.52980E+01 1.13678E+03
3.66425E+01 3.81561E+01 3.99128E+01 3.90943E+01 3.90968E+01 3.90972E+01 3.90961E+01 3.99124E+01 3.81561E+01 3.66425E+01 1.17766E+03
3.79993E+01 3.95091E+01 4.12597E+01 4.04450E+01 4.04474E+01 4.04479E+01 4.04467E+01 4.12592E+01 3.95091E+01 3.79993E+01 1.21880E+03
3.93680E+01 4.08740E+01 4.26186E+01 4.18076E+01 4.18101E+01 4.18105E+01 4.18094E+01 4.26182E+01 4.08740E+01 3.93680E+01 1.26020E+03
4.07482E+01 4.22505E+01 4.39893E+01 4.31818E+01 4.31843E+01 4.31848E+01 4.31837E+01 4.39888E+01 4.22505E+01 4.07482E+01 1.30183E+03
4.21394E+01 4.36380E+01 4.53712E+01 4.45672E+01 4.45697E+01 4.45702E+01 4.45691E+01 4.53707E+01 4.36380E+01 4.21394E+01 1.34368E+03
0.00000E+00 0.00000E+00 2.10800E+00 1.03352E+00 1.03552E+00 1.03548E+00 1.03377E+00 2.10767E+00 0.00000E+00 0.00000E+00 -2.54501E+00
0.00000E+00 0.00000E+00 2.09122E+00 1.05294E+00 1.05499E+00 1.05497E+00 1.05328E+00 2.09088E+00 0.00000E+00 0.00000E+00 -6.70178E-01
0.00000E+00 7.87727E-02 2.15017E+00 1.14133E+00 1.14342E+00 1.14342E+00 1.14175E+00 2.14983E+00 7.87727E-02 0.00000E+00 2.06084E+00
0.00000E+00 2.42337E-01 2.27378E+00 1.28999E+00 1.29212E+00 1.29214E+00 1.29049E+00 2.27342E+00 2.42337E-01 0.00000E+00 5.82477E+00
0.00000E+00 4.58755E-01 2.45520E+00 1.49331E+00 1.49547E+00 1.49551E+00 1.49388E+00 2.45484E+00 4.58755E-01 0.00000E+00 1.08147E+01
0.00000E+00 7.23230E-01 2.68859E+00 1.74612E+00 1.74830E+00 1.74836E+00 1.74675E+00 2.68823E+00 7.23230E-01 0.00000E+00 1.71168E+01
0.00000E+00 1.03179E+00 2.96923E+00 2.04416E+00 2.04637E+00 2.04645E+00 2.04486E+00 2.96886E+00 1.03179E+00 0.00000E+00 2.47727E+01
0.00000E+00 1.38114E+00 3.29325E+00 2.38394E+00 2.38618E+00 2.38627E+00 2.38471E+00 3.29288E+00 1.38114E+00 0.00000E+00 3.37909E+01
1.43536E-01 1.75091E+00 3.64000E+00 2.74499E+00 2.74725E+00 2.74736E+00 2.74581E+00 3.63962E+00 1.75091E+00 1.43536E-01 4.40969E+01
5.38459E-01 2.13254E+00 4.00051E+00 3.11860E+00 3.12088E+00 3.12101E+00 3.11948E+00 4.00013E+00 2.13254E+00 5.38459E-01 5.55628E+01
9.71216E-01 2.55289E+00 4.40118E+00 3.53145E+00 3.53375E+00 3.53390E+00 3.53239E+00 4.40080E+00 2.55289E+00 9.71216E-01 6.82267E+01
1.43992E+00 3.00995E+00 4.83984E+00 3.98149E+00 3.98381E+00 3.98397E+00 3.98248E+00 4.83945E+00 3.00995E+00 1.43992E+00 8.20575E+01
1.94283E+00 3.50191E+00 5.31453E+00 4.46685E+00 4.46918E+00 4.46935E+00 4.46789E+00 5.31414E+00 3.50191E+00 1.94283E+00 9.70189E+01
2.47836E+00 4.02710E+00 5.82344E+00 4.98579E+00 4.98815E+00 4.98834E+00 4.98689E+00 5.82305E+00 4.02710E+00 2.47836E+00 1.13071E+02
3.04502E+00 4.58396E+00 6.36494E+00 5.53676E+00 5.53913E+00 5.53933E+00 5.53790E+00 6.36455E+00 4.58396E+00 3.04502E+00 1.30172E+02
3.64144E+00 5.17108E+00 6.93750E+00 6.11827E+00 6.12066E+00 6.12087E+00 6.11946E+00 6.93710E+00 5.17108E+00 3.64144E+00 1.48278E+02
4.26631E+00 5.78710E+00 7.53970E+00 6.72897E+00 6.73137E+00 6.73160E+00 6.73021E+00 7.53930E+00 5.78710E+00 4.26631E+00 1.67345E+02
4.91843E+00 6.43078E+00 8.17023E+00 7.36757E+00 7.36999E+00 7.37023E+00 7.36886E+00 8.16983E+00 6.43078E+00 4.91843E+00 1.87330E+02
5.59665E+00 7.10095E+00 8.82786E+00 8.03288E+00 8.03531E+00 8.03557E+00 8.03421E+00 8.82745E+00 7.10095E+00 5.59665E+00 2.08189E+02
6.29991E+00 7.79649E+00 9.51141E+00 8.72377E+00 8.72622E+00 8.72649E+00 8.72515E+00 9.51100E+00 7.79649E+00 6.29991E+00 2.29881E+02
7.02717E+00 8.51634E+00 1.02198E+01 9.43918E+00 9.44164E+00 9.44193E+00 9.44061E+00 1.02194E+01 8.51634E+00 7.02717E+00 2.52364E+02
7.77746E+00 9.25953E+00 1.09520E+01 1.01781E+01 1.01806E+01 1.01809E+01 1.01796E+01 1.09516E+01 9.25953E+00 7.77746E+00 2.75598E+02
8.54987E+00 1.00251E+01 1.17070E+01 1.09396E+01 1.09421E+01 1.09424E+01 1.09411E+01 1.17066E+01 1.00251E+01 8.54987E+00 2.99545E+02
9.34352E+00 1.08122E+01 1.24839E+01 1.17227E+01 1.17252E+01 1.17255E+01 1.17242E+01 1.24835E+01 1.08122E+01 9.34352E+00 3.24167E+02
1.01576E+01 1.16199E+01 1.32819E+01 1.25266E+01 1.25291E+01 1.25294E+01 1.25282E+01 1.32815E+01 1.16199E+01 1.01576E+01 3.49430E+02
1.09912E+01 1.24474E+01 1.41000E+01 1.33504E+01 1.33529E+01 1.33533E+01 1.33521E+01 1.40996E+01 1.24474E+01 1.09912E+01 3.75298E+02
1.18437E+01 1.32940E+01 1.49375E+01 1.41934E+01 1.41960E+01 1.41963E+01 1.41951E+01 1.49371E+01 1.32940E+01 1.18437E+01 4.01739E+02
1.27143E+01 1.41589E+01 1.57936E+01 1.50549E+01 1.50574E+01 1.50578E+01 1.50566E+01 1.57932E+01 1.41589E+01 1.27143E+01 4.28722E+02
1.36023E+01 1.50413E+01 1.66676E+01 1.59340E+01 1.59366E+01 1.59370E+01 1.59358E+01 1.66672E+01 1.50413E+01 1.36023E+01 4.56217E+02
1.45071E+01 1.59407E+01 1.75588E+01 1.68302E+01 1.68328E+01 1.68332E+01 1.68320E+01 1.75584E+01 1.59407E+01 1.45071E+01 4.84196E+02
1.54280E+01 1.68564E+01 1.84665E+01 1.77427E+01 1.77453E+01 1.77457E+01 1.77446E+01 1.84661E+01 1.68564E+01 1.54280E+01 5.12631E+02
1.63643E+01 1.77877E+01 1.93901E+01 1.86710E+01 1.86736E+01 1.86740E+01 1.86729E+01 1.93897E+01 1.77877E+01 1.63643E+01 5.41498E+02
1.73156E+01 1.87340E+01 2.03290E+01 1.96144E+01 1.96170E+01 1.96174E+01 1.96163E+01 2.03285E+01 1.87340E+01 1.73156E+01 5.70770E+02
1.82812E+01 1.96949E+01 2.12825E+01 2.05723E+01 2.05749E+01 2.05754E+01 2.05743E+01 2.12821E+01 1.96949E+01 1.82812E+01 6.00425E+02
1.92606E+01 2.06696E+01 2.22502E+01 2.15443E+01 2.15469E+01 2.15474E+01 2.15463E+01 2.22498E+01 2.06696E+01 1.92606E+01 6.30440E+02
2.02532E+01 2.16577E+01 2.32315E+01 2.25297E+01 2.25323E+01 2.25328E+01 2.25317E+01 2.32310E+01 2.16577E+01 2.02532E+01 6.60795E+02
2.12587E+01 2.26587E+01 2.42258E+01 2.35281E+01 2.35307E+01 2.35312E+01 2.35301E+01 2.42254E+01 2.26587E+01 2.12587E+01 6.91469E+02
2.22764E+01 2.36721E+01 2.52327E+01 2.45389E+01 2.45415E+01 2.45420E+01 2.45410E+01 2.52323E+01 2.36721E+01 2.22764E+01 7.22442E+02
2.33059E+01 2.46975E+01 2.62517E+01 2.55617E+01 2.55644E+01 2.55649E+01 2.55638E+01 2.62513E+01 2.46975E+01 2.33059E+01 7.53697E+02
2.43468E+01 2.57343E+01 2.72823E+01 2.65961E+01 2.65987E+01 2.65993E+01 2.65982E+01 2.72819E+01 2.57343E+01 2.43468E+01 7.85217E+02
2.53986E+01 2.67821E+01 2.83242E+01 2.76415E+01 2.76442E+01 2.76447E+01 2.76437E+01 2.83237E+01 2.67821E+01 2.53986E+01 8.16983E+02
2.64610E+01 2.78406E+01 2.93768E+01 2.86976E+01 2.87003E+01 2.87009E+01 2.86999E+01 2.93763E+01 2.78406E+01 2.64610E+01 8.48982E+02
2.75335E+01 2.89093E+01 3.04397E+01 2.97641E+01 2.97667E+01 2.97673E+01 2.97663E+01 3.04393E+01 2.89093E+01 2.75335E+01 8.81198E+02
2.86158E+01 2.99878E+01 3.15126E+01 3.08403E+01 3.08430E+01 3.08436E+01 3.08426E+01 3.15122E+01 2.99878E+01 2.86158E+01 9.13616E+02
2.97074E+01 3.10758E+01 3.25951E+01 3.19261E+01 3.19288E+01 3.19294E+01 3.19285E+01 3.25947E+01 3.10758E+01 2.97074E+01 9.46223E+02
3.08081E+01 3.21729E+01 3.36869E+01 3.30211E+01 3.30238E+01 3.30244E+01 3.30235E+01 3.36864E+01 3.21729E+01 3.08081E+01 9.79006E+02
3.19174E+01 3.32787E+01 3.47875E+01 3.41248E+01 3.41275E+01 3.41281E+01 3.41272E+01 3.47870E+01 3.32787E+01 3.19174E+01 1.01195E+03
3.30351E+01 3.43929E+01 3.58966E+01 3.52370E+01 3.52397E+01 3.52404E+01 3.52395E+01 3.58962E+01 3.43929E+01 3.30351E+01 1.04505E+03
3.41608E+01 3.55153E+01 3.70139E+01 3.63574E+01 3.63601E+01 3.63607E+01 3.63598E+01 3.70135E+01 3.55153E+01 3.41608E+01 1.07829E+03
3.52942E+01 3.66454E+01 3.81392E+01 3.74855E+01 3.74883E+01 3.74889E+01 3.74880E+01 3.81387E+01 3.66454E+01 3.52942E+01 1.11166E+03
0.00000E+00 0.00000E+00 1.80913E+00 9.29306E-01 9.31506E-01 9.31522E-01 9.29789E-01 1.80876E+00 0.00000E+00 0.00000E+00 -2.34522E+00
0.00000E+00 0.00000E+00 1.79990E+00 9.50404E-01 9.52655E-01 9.52696E-01 9.50999E-01 1.79953E+00 0.00000E+00 0.00000E+00 -6.19712E-01
0.00000E+00 7.38648E-02 1.85910E+00 1.03425E+00 1.03655E+00 1.03661E+00 1.03495E+00 1.85872E+00 7.38648E-02 0.00000E+00 1.91287E+00
0.00000E+00 2.24892E-01 1.97569E+00 1.17183E+00 1.17417E+00 1.17425E+00 1.17262E+00 1.97530E+00 2.24892E-01 0.00000E+00 5.39713E+00
0.00000E+00 4.22274E-01 2.14292E+00 1.35740E+00 1.35976E+00 1.35987E+00 1.35827E+00 2.14252E+00 4.22274E-01 0.00000E+00 9.99020E+00
0.00000E+00 6.61257E-01 2.35512E+00 1.58585E+00 1.58824E+00 1.58837E+00 1.58681E+00 2.35472E+00 6.61257E-01 0.00000E+00 1.57497E+01
0.00000E+00 9.37993E-01 2.60779E+00 1.85309E+00 1.85552E+00 1.85567E+00 1.85413E+00 2.60739E+00 9.37993E-01 0.00000E+00 2.26940E+01
0.00000E+00 1.24933E+00 2.89731E+00 2.15580E+00 2.15825E+00 2.15842E+00 2.15691E+00 2.89690E+00 1.24933E+00 0.00000E+00 3.08142E+01
1.28287E-01 1.57822E+00 3.20636E+00 2.47682E+00 2.47929E+00 2.47949E+00 2.47801E+00 3.20595E+00 1.57822E+00 1.28287E-01 4.00118E+01
4.79713E-01 1.91759E+00 3.52753E+00 2.80895E+00 2.81144E+00 2.81166E+00 2.81021E+00 3.52711E+00 1.91759E+00 4.79713E-01 5.01519E+01
8.62636E-01 2.28925E+00 3.88224E+00 3.17385E+00 3.17637E+00 3.17660E+00 3.17518E+00 3.88182E+00 2.28925E+00 8.62636E-01 6.12878E+01
1.27527E+00 2.69132E+00 4.26845E+00 3.56958E+00 3.57212E+00 3.57237E+00 3.57097E+00 4.26802E+00 2.69132E+00 1.27527E+00 7.33847E+01
1.71598E+00 3.12209E+00 4.68433E+00 3.99438E+00 3.99694E+00 3.99721E+00 3.99585E+00 4.68391E+00 3.12209E+00 1.71598E+00 8.64045E+01
2.18329E+00 3.58001E+00 5.12824E+00 4.44668E+00 4.44926E+00 4.44955E+00 4.44821E+00 5.12781E+00 3.58001E+00 2.18329E+00 1.00307E+02
2.67582E+00 4.06366E+00 5.59864E+00 4.92500E+00 4.92760E+00 4.92791E+00 4.92659E+00 5.59821E+00 4.06366E+00 2.67582E+00 1.15050E+02
3.19233E+00 4.57173E+00 6.09417E+00 5.42802E+00 5.43063E+00 5.43096E+00 5.42967E+00 6.09373E+00 4.57173E+00 3.19233E+00 1.30594E+02
3.73163E+00 5.10300E+00 6.61353E+00 5.95448E+00 5.95711E+00 5.95746E+00 5.95620E+00 6.61309E+00 5.10300E+00 3.73163E+00 1.46896E+02
4.29264E+00 5.65635E+00 7.15555E+00 6.50325E+00 6.50589E+00 6.50626E+00 6.50502E+00 7.15511E+00 5.65635E+00 4.29264E+00 1.63916E+02
4.87432E+00 6.23071E+00 7.71911E+00 7.07324E+00 7.07590E+00 7.07628E+00 7.07507E+00 7.71866E+00 6.23071E+00 4.87432E+00 1.81616E+02
5.47573E+00 6.82511E+00 8.30318E+00 7.66345E+00 7.66613E+00 7.66653E+00 7.66534E+00 8.30274E+00 6.82511E+00 5.47573E+00 1.99957E+02
6.09595E+00 7.43862E+00 8.90681E+00 8.27294E+00 8.27563E+00 8.27605E+00 8.27489E+00 8.90636E+00 7.43862E+00 6.09595E+00 2.18903E+02
6.73413E+00 8.07035E+00 9.52907E+00 8.90082E+00 8.90352E+00 8.90396E+00 8.90282E+00 9.52862E+00 8.07035E+00 6.73413E+00 2.38419E+02
7.38947E+00 8.71948E+00 1.01691E+01 9.54625E+00 9.54896E+00 9.54942E+00 9.54830E+00 1.01687E+01 8.71948E+00 7.38947E+00 2.58471E+02
8.06119E+00 9.38524E+00 1.08261E+01 1.02084E+01 1.02112E+01 1.02116E+01 1.02105E+01 1.08257E+01 9.38524E+00 8.06119E+00 2.79028E+02
8.74859E+00 1.00669E+01 1.14993E+01 1.08866E+01 1.08894E+01 1.08899E+01 1.08888E+01 1.14989E+01 1.00669E+01 8.74859E+00 3.00058E+02
9.45096E+00 1.07637E+01 1.21880E+01 1.15801E+01 1.15829E+01 1.15834E+01 1.15823E+01 1.21876E+01 1.07637E+01 9.45096E+00 3.21533E+02
1.01677E+01 1.14750E+01 1.28916E+01 1.22882E+01 1.22910E+01 1.22915E+01 1.22905E+01 1.28911E+01 1.14750E+01 1.01677E+01 3.43426E+02
1.08981E+01 1.22002E+01 1.36092E+01 1.30104E+01 1.30131E+01 1.30137E+01 1.30127E+01 1.36087E+01 1.22002E+01 1.08981E+01 3.65710E+02
1.16416E+01 1.29387E+01 1.43404E+01 1.37458E+01 1.37486E+01 1.37492E+01 1.37482E+01 1.43399E+01 1.29387E+01 1.16416E+01 3.88361E+02
1.23976E+01 1.36899E+01 1.50845E+01 1.44941E+01 1.44969E+01 1.44975E+01 1.44965E+01 1.50840E+01 1.36899E+01 1.23976E+01 4.11355E+02
1.31657E+01 1.44532E+01 1.58410E+01 1.52546E+01 1.52574E+01 1.52580E+01 1.52571E+01 1.58405E+01 1.44532E+01 1.31657E+01 4.34670E+02
1.39452E+01 1.52282E+01 1.66093E+01 1.60268E+01 1.60296E+01 1.60302E+01 1.60293E+01 1.66088E+01 1.52282E+01 1.39452E+01 4.58285E+02
1.47358E+01 1.60142E+01 1.73889E+01 1.68102E+01 1.68131E+01 1.68137E+01 1.68128E+01 1.73884E+01 1.60142E+01 1.47358E+01 4.82180E+02
1.55368E+01 1.68110E+01 1.81794E+01 1.76044E+01 1.76072E+01 1.76079E+01 1.76070E+01 1.81789E+01 1.68110E+01 1.55368E+01 5.06336E+02
1.63480E+01 1.76179E+01 1.89802E+01 1.84088E+01 1.84116E+01 1.84123E+01 1.84114E+01 1.89797E+01 1.76179E+01 1.63480E+01 5.30735E+02
1.71688E+01 1.84345E+01 1.97910E+01 1.92230E+01 1.92258E+01 1.92265E+01 1.92257E+01 1.97905E+01 1.84345E+01 1.71688E+01 5.55361E+02
1.79988E+01 1.92605E+01 2.06112E+01 2.00466E+01 2.00495E+01 2.00502E+01 2.00494E+01 2.06107E+01 1.92605E+01 1.79988E+01 5.80197E+02
1.88376E+01 2.00955E+01 2.14405E+01 2.08792E+01 2.08821E+01 2.08828E+01 2.08820E+01 2.14401E+01 2.00955E+01 1.88376E+01 6.05228E+02
1.96849E+01 2.09390E+01 2.22786E+01 2.17204E+01 2.17233E+01 2.17241E+01 2.17233E+01 2.22781E+01 2.09390E+01 1.96849E+01 6.30440E+02
2.05403E+01 2.17906E+01 2.31249E+01 2.25699E+01 2.25728E+01 2.25735E+01 2.25728E+01 2.31244E+01 2.17906E+01 2.05403E+01 6.55819E+02
2.14034E+01 2.26501E+01 2.39792E+01 2.34272E+01 2.34301E+01 2.34309E+01 2.34302E+01 2.39787E+01 2.26501E+01 2.14034E+01 6.81353E+02
2.22739E+01 2.35171E+01 2.48412E+01 2.42921E+01 2.42950E+01 2.42958E+01 2.42951E+01 2.48407E+01 2.35171E+01 2.22739E+01 7.07029E+02
2.31516E+01 2.43913E+01 2.57104E+01 2.51642E+01 2.51671E+01 2.51679E+01 2.51672E+01 2.57099E+01 2.43913E+01 2.31516E+01 7.32836E+02
2.40360E+01 2.52723E+01 2.65866E+01 2.60432E+01 2.60461E+01 2.60469E+01 2.60463E+01 2.65861E+01 2.52723E+01 2.40360E+01 7.58763E+02
2.49268E+01 2.61598E+01 2.74694E+01 2.69288E+01 2.69317E+01 2.69326E+01 2.69319E+01 2.74689E+01 2.61598E+01 2.49268E+01 7.84799E+02
2.58239E+01 2.70537E+01 2.83586E+01 2.78207E+01 2.78237E+01 2.78245E+01 2.78239E+01 2.83581E+01 2.70537E+01 2.58239E+01 8.10935E+02
2.67269E+01 2.79535E+01 2.92539E+01 2.87187E+01 2.87216E+01 2.87225E+01 2.87218E+01 2.92535E+01 2.79535E+01 2.67269E+01 8.37162E+02
2.76356E+01 2.88591E+01 3.01551E+01 2.96224E+01 2.96253E+01 2.96262E+01 2.96256E+01 3.01546E+01 2.88591E+01 2.76356E+01 8.63470E+02
2.85497E+01 2.97701E+01 3.10618E+01 3.05316E+01 3.05345E+01 3.05354E+01 3.05349E+01 3.10613E+01 2.97701E+01 2.85497E+01 8.89851E+02
2.94689E+01 3.06864E+01 3.19738E+01 3.14461E+01 3.14490E+01 3.14499E+01 3.14494E+01 3.19733E+01 3.06864E+01 2.94689E+01 9.16298E+02
0.00000E+00 0.00000E+00 1.55137E+00 8.34915E-01 8.37328E-01 8.37379E-01 8.35652E-01 1.55097E+00 0.00000E+00 0.00000E+00 -2.17167E+00
0.00000E+00 0.00000E+00 1.54892E+00 8.57820E-01 8.60287E-01 8.60368E-01 8.58695E-01 1.54851E+00 0.00000E+00 0.00000E+00 -5.74854E-01
0.00000E+00 6.93863E-02 1.60804E+00 9.37543E-01 9.40056E-01 9.40167E-01 9.38543E-01 1.60762E+00 6.93863E-02 0.00000E+00 1.78205E+00
0.00000E+00 2.08901E-01 1.71789E+00 1.06493E+00 1.06748E+00 1.06762E+00 1.06604E+00 1.71746E+00 2.08901E-01 0.00000E+00 5.01304E+00
0.00000E+00 3.88851E-01 1.87185E+00 1.23421E+00 1.23680E+00 1.23697E+00 1.23544E+00 1.87142E+00 3.88851E-01 0.00000E+00 9.24256E+00
0.00000E+00 6.04606E-01 2.06453E+00 1.44047E+00 1.44309E+00 1.44328E+00 1.44180E+00 2.06409E+00 6.04606E-01 0.00000E+00 1.45032E+01
0.00000E+00 8.52489E-01 2.29168E+00 1.67979E+00 1.68244E+00 1.68266E+00 1.68122E+00 2.29124E+00 8.52489E-01 0.00000E+00 2.07941E+01
0.00000E+00 1.12953E+00 2.54992E+00 1.94904E+00 1.95172E+00 1.95197E+00 1.95057E+00 2.54947E+00 1.12953E+00 0.00000E+00 2.80925E+01
1.14456E-01 1.42156E+00 2.82485E+00 2.23397E+00 2.23667E+00 2.23695E+00 2.23559E+00 2.82440E+00 1.42156E+00 1.14456E-01 3.62827E+01
4.26579E-01 1.72273E+00 3.11035E+00 2.52862E+00 2.53135E+00 2.53165E+00 2.53033E+00 3.10989E+00 1.72273E+00 4.26579E-01 4.52276E+01
7.64700E-01 2.05063E+00 3.42363E+00 2.85042E+00 2.85317E+00 2.85350E+00 2.85222E+00 3.42317E+00 2.05063E+00 7.64700E-01 5.49926E+01
1.12715E+00 2.40349E+00 3.76283E+00 3.19756E+00 3.20033E+00 3.20069E+00 3.19945E+00 3.76237E+00 2.40349E+00 1.12715E+00 6.55411E+01
1.51243E+00 2.77974E+00 4.12626E+00 3.56844E+00 3.57123E+00 3.57161E+00 3.57041E+00 4.12579E+00 2.77974E+00 1.51243E+00 7.68344E+01
1.91918E+00 3.17797E+00 4.51240E+00 3.96159E+00 3.96440E+00 3.96481E+00 3.96364E+00 4.51193E+00 3.17797E+00 1.91918E+00 8.88333E+01
2.34616E+00 3.59688E+00 4.91990E+00 4.37570E+00 4.37853E+00 4.37896E+00 4.37783E+00 4.91943E+00 3.59688E+00 2.34616E+00 1.01498E+02
2.79223E+00 4.03529E+00 5.34751E+00 4.80955E+00 4.81240E+00 4.81286E+00 4.81176E+00 5.34703E+00 4.03529E+00 2.79223E+00 1.14791E+02
3.25635E+00 4.49212E+00 5.79407E+00 5.26204E+00 5.26491E+00 5.26540E+00 5.26434E+00 5.79359E+00 4.49212E+00 3.25635E+00 1.28674E+02
3.73754E+00 4.96635E+00 6.25854E+00 5.73215E+00 5.73503E+00 5.73554E+00 5.73452E+00 6.25806E+00 4.96635E+00 3.73754E+00 1.43111E+02
4.23490E+00 5.45707E+00 6.73995E+00 6.21892E+00 6.22182E+00 6.22235E+00 6.22136E+00 6.73946E+00 5.45707E+00 4.23490E+00 1.58066E+02
4.74758E+00 5.96340E+00 7.23738E+00 6.72147E+00 6.72438E+00 6.72494E+00 6.72399E+00 7.23689E+00 5.96340E+00 4.74758E+00 1.73507E+02
5.27481E+00 6.48452E+00 7.74999E+00 7.23897E+00 7.24190E+00 7.24249E+00 7.24156E+00 7.74950E+00 6.48452E+00 5.27481E+00 1.89401E+02
5.81582E+00 7.01968E+00 8.27699E+00 7.77066E+00 7.77361E+00 7.77422E+00 7.77332E+00 8.27650E+00 7.01968E+00 5.81582E+00 2.05718E+02
6.36994E+00 7.56817E+00 8.81764E+00 8.31581E+00 8.31877E+00 8.31940E+00 8.31854E+00 8.81715E+00 7.56817E+00 6.36994E+00 2.22430E+02
6.93651E+00 8.12931E+00 9.37125E+00 8.87373E+00 8.87670E+00 8.87736E+00 8.87653E+00 9.37075E+00 8.12931E+00 6.93651E+00 2.39509E+02
7.51489E+00 8.70247E+00 9.93715E+00 9.44379E+00 9.44677E+00 9.44745E+00 9.44666E+00 9.93666E+00 8.70247E+00 7.51489E+00 2.56931E+02
8.10452E+00 9.28705E+00 1.05147E+01 1.00254E+01 1.00284E+01 1.00291E+01 1.00283E+01 1.05142E+01 9.28705E+00 8.10452E+00 2.74670E+02
8.70484E+00 9.88248E+00 1.11034E+01 1.06179E+01 1.06209E+01 1.06217E+01 1.06209E+01 1.11029E+01 9.88248E+00 8.70484E+00 2.92705E+02
9.31531E+00 1.04882E+01 1.17027E+01 1.12209E+01 1.12239E+01 1.12247E+01 1.12240E+01 1.17022E+01 1.04882E+01 9.31531E+00 3.11013E+02
9.93546E+00 1.11038E+01 1.23120E+01 1.18338E+01 1.18368E+01 1.18376E+01 1.18369E+01 1.23115E+01 1.11038E+01 9.93546E+00 3.29575E+02
1.05648E+01 1.17287E+01 1.29308E+01 1.24560E+01 1.24591E+01 1.24599E+01 1.24592E+01 1.29303E+01 1.17287E+01 1.05648E+01 3.48371E+02
1.12029E+01 1.23625E+01 1.35587E+01 1.30873E+01 1.30903E+01 1.30912E+01 1.30905E+01 1.35581E+01 1.23625E+01 1.12029E+01 3.67383E+02
1.18493E+01 1.30047E+01 1.41952E+01 1.37270E+01 1.37301E+01 1.37309E+01 1.37304E+01 1.41947E+01 1.30047E+01 1.18493E+01 3.86596E+02
1.25036E+01 1.36550E+01 1.48399E+01 1.43749E+01 1.43780E+01 1.43788E+01 1.43783E+01 1.48394E+01 1.36550E+01 1.25036E+01 4.05992E+02
1.31654E+01 1.43129E+01 1.54924E+01 1.50305E+01 1.50336E+01 1.50344E+01 1.50339E+01 1.54919E+01 1.43129E+01 1.31654E+01 4.25557E+02
1.38344E+01 1.49780E+01 1.61523E+01 1.56934E+01 1.56965E+01 1.56974E+01 1.56969E+01 1.61518E+01 1.49780E+01 1.38344E+01 4.45277E+02
1.45102E+01 1.56501E+01 1.68193E+01 1.63632E+01 1.63663E+01 1.63673E+01 1.63668E+01 1.68188E+01 1.56501E+01 1.45102E+01 4.65139E+02
1.51925E+01 1.63288E+01 1.74929E+01 1.70397E+01 1.70428E+01 1.70438E+01 1.70433E+01 1.74924E+01 1.63288E+01 1.51925E+01 4.85130E+02
1.58809E+01 1.70136E+01 1.81730E+01 1.77225E+01 1.77256E+01 1.77266E+01 1.77262E+01 1.81725E+01 1.70136E+01 1.58809E+01 5.05239E+02
1.65752E+01 1.77045E+01 1.88591E+01 1.84113E+01 1.84144E+01 1.84154E+01 1.84150E+01 1.88586E+01 1.77045E+01 1.65752E+01 5.25454E+02
1.72750E+01 1.84009E+01 1.95510E+01 1.91057E+01 1.91089E+01 1.91099E+01 1.91095E+01 1.95505E+01 1.84009E+01 1.72750E+01 5.45766E+02
1.79802E+01 1.91027E+01 2.02483E+01 1.98056E+01 1.98088E+01 1.98098E+01 1.98095E+01 2.02478E+01 1.91027E+01 1.79802E+01 5.66164E+02
1.86903E+01 1.98096E+01 2.09509E+01 2.05106E+01 2.05138E+01 2.05149E+01 2.05145E+01 2.09504E+01 1.98096E+01 1.86903E+01 5.86639E+02
1.94052E+01 2.05214E+01 2.16584E+01 2.12205E+01 2.12237E+01 2.12248E+01 2.12245E+01 2.16579E+01 2.05214E+01 1.94052E+01 6.07183E+02
2.01246E+01 2.12377E+01 2.23705E+01 2.19350E+01 2.19382E+01 2.19393E+01 2.19390E+01 2.23700E+01 2.12377E+01 2.01246E+01 6.27787E+02
2.08483E+01 2.19584E+01 2.30872E+01 2.26539E+01 2.26571E+01 2.26582E+01 2.26580E+01 2.30866E+01 2.19584E+01 2.08483E+01 6.48445E+02
2.15760E+01 2.26832E+01 2.38080E+01 2.33770E+01 2.33802E+01 2.33813E+01 2.33811E+01 2.38075E+01 2.26832E+01 2.15760E+01 6.69148E+02
2.23076E+01 2.34119E+01 2.45328E+01 2.41040E+01 2.41072E+01 2.41084E+01 2.41082E+01 2.45323E+01 2.34119E+01 2.23076E+01 6.89889E+02
2.30428E+01 2.41443E+01 2.52614E+01 2.48347E+01 2.48380E+01 2.48392E+01 2.48390E+01 2.52609E+01 2.41443E+01 2.30428E+01 7.10663E+02
2.37815E+01 2.48802E+01 2.59936E+01 2.55690E+01 2.55723E+01 2.55735E+01 2.55733E+01 2.59931E+01 2.48802E+01 2.37815E+01 7.31463E+02
2.45235E+01 2.56195E+01 2.67292E+01 2.63067E+01 2.63099E+01 2.63111E+01 2.63110E+01 2.67287E+01 2.56195E+01 2.45235E+01 7.52284E+02
0.00000E+00 0.00000E+00 1.32906E+00 7.49452E-01 7.52090E-01 7.52155E-01 7.50456E-01 1.32862E+00 0.00000E+00 0.00000E+00 -2.02129E+00
0.00000E+00 0.00000E+00 1.33271E+00 7.74250E-01 7.76945E-01 7.77051E-01 7.75431E-01 1.33226E+00 0.00000E+00 0.00000E+00 -5.34632E-01
0.00000E+00 6.52795E-02 1.39147E+00 8.50195E-01 8.52938E-01 8.53085E-01 8.51537E-01 1.39101E+00 6.52795E-02 0.00000E+00 1.66673E+00
0.00000E+00 1.94195E-01 1.49482E+00 9.68170E-01 9.70955E-01 9.71141E-01 9.69662E-01 1.49435E+00 1.94195E-01 0.00000E+00 4.66778E+00
0.00000E+00 3.58165E-01 1.63640E+00 1.12252E+00 1.12535E+00 1.12557E+00 1.12416E+00 1.63593E+00 3.58165E-01 0.00000E+00 8.56343E+00
0.00000E+00 5.52746E-01 1.81110E+00 1.30854E+00 1.31139E+00 1.31166E+00 1.31031E+00 1.81062E+00 5.52746E-01 0.00000E+00 1.33648E+01
0.00000E+00 7.74474E-01 2.01496E+00 1.52255E+00 1.52543E+00 1.52574E+00 1.52445E+00 2.01447E+00 7.74474E-01 0.00000E+00 1.90552E+01
0.00000E+00 1.02058E+00 2.24487E+00 1.76164E+00 1.76455E+00 1.76489E+00 1.76366E+00 2.24438E+00 1.02058E+00 0.00000E+00 2.56015E+01
1.01915E-01 1.27938E+00 2.48893E+00 2.01403E+00 2.01697E+00 2.01735E+00 2.01617E+00 2.48843E+00 1.27938E+00 1.01915E-01 3.28767E+01
3.78551E-01 1.54607E+00 2.74211E+00 2.27484E+00 2.27781E+00 2.27822E+00 2.27710E+00 2.74161E+00 1.54607E+00 3.78551E-01 4.07454E+01
6.76430E-01 1.83466E+00 3.01811E+00 2.55793E+00 2.56093E+00 2.56138E+00 2.56031E+00 3.01761E+00 1.83466E+00 6.76430E-01 4.92819E+01
9.94022E-01 2.14355E+00 3.31522E+00 2.86166E+00 2.86468E+00 2.86517E+00 2.86415E+00 3.31472E+00 2.14355E+00 9.94022E-01 5.84494E+01
1.32996E+00 2.47129E+00 3.63192E+00 3.18456E+00 3.18760E+00 3.18812E+00 3.18716E+00 3.63141E+00 2.47129E+00 1.32996E+00 6.82104E+01
1.68303E+00 2.81662E+00 3.96684E+00 3.52532E+00 3.52838E+00 3.52894E+00 3.52803E+00 3.96633E+00 2.81662E+00 1.68303E+00 7.85275E+01
2.05212E+00 3.17838E+00 4.31877E+00 3.88275E+00 3.88583E+00 3.88642E+00 3.88556E+00 4.31825E+00 3.17838E+00 2.05212E+00 8.93643E+01
2.43622E+00 3.55552E+00 4.68659E+00 4.25578E+00 4.25888E+00 4.25951E+00 4.25870E+00 4.68607E+00 3.55552E+00 2.43622E+00 1.00686E+02
2.83440E+00 3.94708E+00 5.06931E+00 4.64344E+00 4.64655E+00 4.64721E+00 4.64645E+00 5.06878E+00 3.94708E+00 2.83440E+00 1.12457E+02
3.24581E+00 4.35217E+00 5.46599E+00 5.04481E+00 5.04794E+00 5.04864E+00 5.04792E+00 5.46546E+00 4.35217E+00 3.24581E+00 1.24648E+02
3.66967E+00 4.77000E+00 5.87578E+00 5.45908E+00 5.46223E+00 5.46296E+00 5.46228E+00 5.87526E+00 4.77000E+00 3.66967E+00 1.37225E+02
4.10524E+00 5.19979E+00 6.29791E+00 5.88547E+00 5.88863E+00 5.88940E+00 5.88877E+00 6.29739E+00 5.19979E+00 4.10524E+00 1.50162E+02
4.55185E+00 5.64086E+00 6.73164E+00 6.32327E+00 6.32646E+00 6.32725E+00 6.32667E+00 6.73111E+00 5.64086E+00 4.55185E+00 1.63431E+02
5.00885E+00 6.09255E+00 7.17630E+00 6.77183E+00 6.77503E+00 6.77586E+00 6.77532E+00 7.17577E+00 6.09255E+00 5.00885E+00 1.77006E+02
5.47567E+00 6.55425E+00 7.63125E+00 7.23053E+00 7.23374E+00 7.23460E+00 7.23411E+00 7.63072E+00 6.55425E+00 5.47567E+00 1.90862E+02
5.95175E+00 7.02540E+00 8.09591E+00 7.69878E+00 7.70200E+00 7.70290E+00 7.70244E+00 8.09537E+00 7.02540E+00 5.95175E+00 2.04978E+02
6.43655E+00 7.50546E+00 8.56972E+00 8.17604E+00 8.17928E+00 8.18021E+00 8.17980E+00 8.56918E+00 7.50546E+00 6.43655E+00 2.19333E+02
6.92960E+00 7.99392E+00 9.05216E+00 8.66181E+00 8.66506E+00 8.66602E+00 8.66565E+00 9.05162E+00 7.99392E+00 6.92960E+00 2.33906E+02
7.43044E+00 8.49032E+00 9.54275E+00 9.15561E+00 9.15887E+00 9.15987E+00 9.15954E+00 9.54221E+00 8.49032E+00 7.43044E+00 2.48680E+02
7.93862E+00 8.99421E+00 1.00410E+01 9.65698E+00 9.66026E+00 9.66129E+00 9.66100E+00 1.00405E+01 8.99421E+00 7.93862E+00 2.63636E+02
8.45374E+00 9.50518E+00 1.05466E+01 1.01655E+01 1.01688E+01 1.01699E+01 1.01696E+01 1.05460E+01 9.50518E+00 8.45374E+00 2.78759E+02
8.97541E+00 1.00228E+01 1.10590E+01 1.06808E+01 1.06841E+01 1.06852E+01 1.06850E+01 1.10584E+01 1.00228E+01 8.97541E+00 2.94034E+02
9.50326E+00 1.05468E+01 1.15778E+01 1.12025E+01 1.12058E+01 1.12069E+01 1.12067E+01 1.15773E+01 1.05468E+01 9.50326E+00 3.09446E+02
1.00369E+01 1.10767E+01 1.21028E+01 1.17301E+01 1.17335E+01 1.17346E+01 1.17345E+01 1.21022E+01 1.10767E+01 1.00369E+01 3.24983E+02
1.05761E+01 1.16122E+01 1.26335E+01 1.22635E+01 1.22668E+01 1.22680E+01 1.22679E+01 1.26330E+01 1.16122E+01 1.05761E+01 3.40631E+02
1.11205E+01 1.21530E+01 1.31697E+01 1.28022E+01 1.28055E+01 1.28067E+01 1.28067E+01 1.31691E+01 1.21530E+01 1.11205E+01 3.56380E+02
1.16698E+01 1.26988E+01 1.37110E+01 1.33460E+01 1.33493E+01 1.33506E+01 1.33505E+01 1.37104E+01 1.26988E+01 1.16698E+01 3.72219E+02
1.22237E+01 1.32493E+01 1.42571E+01 1.38945E+01 1.38979E+01 1.38991E+01 1.38991E+01 1.42565E+01 1.32493E+01 1.22237E+01 3.88137E+02
1.27820E+01 1.38043E+01 1.48078E+01 1.44475E+01 1.44509E+01 1.44522E+01 1.44522E+01 1.48072E+01 1.38043E+01 1.27820E+01 4.04125E+02
1.33444E+01 1.43634E+01 1.53628E+01 1.50048E+01 1.50082E+01 1.50095E+01 1.50096E+01 1.53622E+01 1.43634E+01 1.33444E+01 4.20175E+02
1.39106E+01 1.49265E+01 1.59218E+01 1.55660E+01 1.55694E+01 1.55708E+01 1.55709E+01 1.59212E+01 1.49265E+01 1.39106E+01 4.36277E+02
1.44804E+01 1.54933E+01 1.64846E+01 1.61310E+01 1.61344E+01 1.61358E+01 1.61360E+01 1.64841E+01 1.54933E+01 1.44804E+01 4.52425E+02
1.50537E+01 1.60636E+01 1.70511E+01 1.66995E+01 1.67029E+01 1.67044E+01 1.67045E+01 1.70505E+01 1.60636E+01 1.50537E+01 4.68611E+02
1.56302E+01 1.66371E+01 1.76208E+01 1.72714E+01 1.72748E+01 1.72762E+01 1.72765E+01 1.76203E+01 1.66371E+01 1.56302E+01 4.84829E+02
1.62097E+01 1.72137E+01 1.81938E+01 1.78463E+01 1.78497E+01 1.78512E+01 1.78515E+01 1.81932E+01 1.72137E+01 1.62097E+01 5.01072E+02
1.67920E+01 1.77932E+01 1.87697E+01 1.84242E+01 1.84276E+01 1.84291E+01 1.84294E+01 1.87691E+01 1.77932E+01 1.67920E+01 5.17334E+02
1.73769E+01 1.83754E+01 1.93484E+01 1.90048E+01 1.90082E+01 1.90098E+01 1.90101E+01 1.93478E+01 1.83754E+01 1.73769E+01 5.33609E+02
1.79643E+01 1.89602E+01 1.99297E+01 1.95879E+01 1.95914E+01 1.95930E+01 1.95933E+01 1.99292E+01 1.89602E+01 1.79643E+01 5.49894E+02
1.85540E+01 1.95472E+01 2.05135E+01 2.01735E+01 2.01770E+01 2.01786E+01 2.01790E+01 2.05129E+01 1.95472E+01 1.85540E+01 5.66181E+02
1.91459E+01 2.01365E+01 2.10995E+01 2.07613E+01 2.07648E+01 2.07664E+01 2.07668E+01 2.10989E+01 2.01365E+01 1.91459E+01 5.82468E+02
1.97398E+01 2.07279E+01 2.16876E+01 2.13512E+01 2.13547E+01 2.13563E+01 2.13568E+01 2.16871E+01 2.07279E+01 1.97398E+01 5.98750E+02
2.03355E+01 2.13212E+01 2.22777E+01 2.19430E+01 2.19465E+01 2.19482E+01 2.19487E+01 2.22772E+01 2.13212E+01 2.03355E+01 6.15023E+02
0.00000E+00 0.00000E+00 1.13732E+00 6.72118E-01 6.74992E-01 6.75058E-01 6.73429E-01 1.13684E+00 0.00000E+00 0.00000E+00 -1.89138E+00
0.00000E+00 0.00000E+00 1.14646E+00 6.98849E-01 7.01784E-01 7.01909E-01 7.00393E-01 1.14596E+00 0.00000E+00 0.00000E+00 -4.98067E-01
0.00000E+00 6.14923E-02 1.20461E+00 7.71304E-01 7.74289E-01 7.74472E-01 7.73060E-01 1.20411E+00 6.14923E-02 0.00000E+00 1.56560E+00
0.00000E+00 1.80624E-01 1.30171E+00 8.80575E-01 8.83603E-01 8.83843E-01 8.82528E-01 1.30120E+00 1.80624E-01 0.00000E+00 4.35734E+00
0.00000E+00 3.29927E-01 1.43172E+00 1.02121E+00 1.02428E+00 1.02458E+00 1.02335E+00 1.43120E+00 3.29927E-01 0.00000E+00 7.94565E+00
0.00000E+00 5.05201E-01 1.58986E+00 1.18877E+00 1.19187E+00 1.19222E+00 1.19108E+00 1.58934E+00 5.05201E-01 0.00000E+00 1.23234E+01
0.00000E+00 7.03224E-01 1.77249E+00 1.37983E+00 1.38297E+00 1.38337E+00 1.38232E+00 1.77196E+00 7.03224E-01 0.00000E+00 1.74618E+01
0.00000E+00 9.21453E-01 1.97676E+00 1.59174E+00 1.59490E+00 1.59536E+00 1.59439E+00 1.97622E+00 9.21453E-01 0.00000E+00 2.33199E+01
9.05528E-02 1.15030E+00 2.19291E+00 1.81482E+00 1.81802E+00 1.81852E+00 1.81763E+00 2.19238E+00 1.15030E+00 9.05528E-02 2.97645E+01
3.35170E-01 1.38589E+00 2.41686E+00 2.04510E+00 2.04833E+00 2.04888E+00 2.04807E+00 2.41631E+00 1.38589E+00 3.35170E-01 3.66650E+01
5.96941E-01 1.63923E+00 2.65935E+00 2.29349E+00 2.29674E+00 2.29735E+00 2.29660E+00 2.65880E+00 1.63923E+00 5.96941E-01 4.41024E+01
8.74486E-01 1.90886E+00 2.91883E+00 2.55848E+00 2.56175E+00 2.56241E+00 2.56174E+00 2.91828E+00 1.90886E+00 8.74486E-01 5.20406E+01
1.16659E+00 2.19351E+00 3.19396E+00 2.83877E+00 2.84207E+00 2.84277E+00 2.84217E+00 3.19341E+00 2.19351E+00 1.16659E+00 6.04442E+01
1.47215E+00 2.49205E+00 3.48353E+00 3.13319E+00 3.13650E+00 3.13726E+00 3.13673E+00 3.48297E+00 2.49205E+00 1.47215E+00 6.92785E+01
1.79021E+00 2.80345E+00 3.78645E+00 3.44069E+00 3.44403E+00 3.44483E+00 3.44437E+00 3.78589E+00 2.80345E+00 1.79021E+00 7.85105E+01
2.11988E+00 3.12679E+00 4.10177E+00 3.76033E+00 3.76369E+00 3.76455E+00 3.76415E+00 4.10121E+00 3.12679E+00 2.11988E+00 8.81087E+01
2.46034E+00 3.46124E+00 4.42860E+00 4.09127E+00 4.09464E+00 4.09555E+00 4.09521E+00 4.42804E+00 3.46124E+00 2.46034E+00 9.80432E+01
2.81088E+00 3.80604E+00 4.76615E+00 4.43271E+00 4.43611E+00 4.43706E+00 4.43678E+00 4.76558E+00 3.80604E+00 2.81088E+00 1.08286E+02
3.17081E+00 4.16049E+00 5.11368E+00 4.78396E+00 4.78737E+00 4.78837E+00 4.78815E+00 5.11311E+00 4.16049E+00 3.17081E+00 1.18811E+02
3.53951E+00 4.52394E+00 5.47052E+00 5.14435E+00 5.14777E+00 5.14882E+00 5.14866E+00 5.46995E+00 4.52394E+00 3.53951E+00 1.29594E+02
3.91640E+00 4.89580E+00 5.83606E+00 5.51327E+00 5.51671E+00 5.51780E+00 5.51771E+00 5.83549E+00 4.89580E+00 3.91640E+00 1.40611E+02
4.30095E+00 5.27552E+00 6.20972E+00 5.89017E+00 5.89363E+00 5.89477E+00 5.89473E+00 6.20914E+00 5.27552E+00 4.30095E+00 1.51842E+02
4.69267E+00 5.66259E+00 6.59097E+00 6.27453E+00 6.27801E+00 6.27919E+00 6.27921E+00 6.59039E+00 5.66259E+00 4.69267E+00 1.63267E+02
5.09109E+00 6.05653E+00 6.97932E+00 6.66587E+00 6.66936E+00 6.67058E+00 6.67066E+00 6.97874E+00 6.05653E+00 5.09109E+00 1.74867E+02
5.49578E+00 6.45690E+00 7.37431E+00 7.06373E+00 7.06723E+00 7.06850E+00 7.06864E+00 7.37373E+00 6.45690E+00 5.49578E+00 1.86626E+02
5.90634E+00 6.86329E+00 7.77551E+00 7.46769E+00 7.47121E+00 7.47252E+00 7.47271E+00 7.77493E+00 6.86329E+00 5.90634E+00 1.98526E+02
6.32239E+00 7.27531E+00 8.18252E+00 7.87737E+00 7.88090E+00 7.88226E+00 7.88250E+00 8.18194E+00 7.27531E+00 6.32239E+00 2.10555E+02
6.74357E+00 7.69259E+00 8.59497E+00 8.29238E+00 8.29593E+00 8.29733E+00 8.29763E+00 8.59438E+00 7.69259E+00 6.74357E+00 2.22697E+02
7.16955E+00 8.11480E+00 9.01250E+00 8.71240E+00 8.71596E+00 8.71740E+00 8.71775E+00 9.01191E+00 8.11480E+00 7.16955E+00 2.34941E+02
7.60002E+00 8.54161E+00 9.43479E+00 9.13709E+00 9.14066E+00 9.14214E+00 9.14254E+00 9.43420E+00 8.54161E+00 7.60002E+00 2.47275E+02
8.03468E+00 8.97273E+00 9.86152E+00 9.56614E+00 9.56973E+00 9.57125E+00 9.57170E+00 9.86093E+00 8.97273E+00 8.03468E+00 2.59687E+02
8.47326E+00 9.40787E+00 1.02924E+01 9.99928E+00 1.00029E+01 1.00044E+01 1.00049E+01 1.02918E+01 9.40787E+00 8.47326E+00 2.72168E+02
8.91550E+00 9.84675E+00 1.07272E+01 1.04362E+01 1.04398E+01 1.04414E+01 1.04420E+01 1.07266E+01 9.84675E+00 8.91550E+00 2.84708E+02
9.36114E+00 1.02891E+01 1.11656E+01 1.08767E+01 1.08803E+01 1.08820E+01 1.08826E+01 1.11650E+01 1.02891E+01 9.36114E+00 2.97300E+02
9.80996E+00 1.07348E+01 1.16073E+01 1.13205E+01 1.13242E+01 1.13259E+01 1.13265E+01 1.16067E+01 1.07348E+01 9.80996E+00 3.09933E+02
1.02617E+01 1.11835E+01 1.20522E+01 1.17674E+01 1.17711E+01 1.17728E+01 1.17735E+01 1.20516E+01 1.11835E+01 1.02617E+01 3.22602E+02
1.07163E+01 1.16350E+01 1.25001E+01 1.22172E+01 1.22209E+01 1.22227E+01 1.22234E+01 1.24995E+01 1.16350E+01 1.07163E+01 3.35299E+02
1.11733E+01 1.20892E+01 1.29506E+01 1.26697E+01 1.26733E+01 1.26752E+01 1.26759E+01 1.29500E+01 1.20892E+01 1.11733E+01 3.48018E+02
1.16328E+01 1.25457E+01 1.34037E+01 1.31246E+01 1.31283E+01 1.31301E+01 1.31310E+01 1.34031E+01 1.25457E+01 1.16328E+01 3.60752E+02
1.20944E+01 1.30046E+01 1.38592E+01 1.35818E+01 1.35855E+01 1.35874E+01 1.35883E+01 1.38586E+01 1.30046E+01 1.20944E+01 3.73497E+02
1.25581E+01 1.34655E+01 1.43168E+01 1.40412E+01 1.40449E+01 1.40468E+01 1.40477E+01 1.43162E+01 1.34655E+01 1.25581E+01 3.86247E+02
1.30236E+01 1.39284E+01 1.47764E+01 1.45025E+01 1.45062E+01 1.45082E+01 1.45092E+01 1.47758E+01 1.39284E+01 1.30236E+01 3.98997E+02
1.34908E+01 1.43930E+01 1.52379E+01 1.49657E+01 1.49694E+01 1.49714E+01 1.49724E+01 1.52373E+01 1.43930E+01 1.34908E+01 4.11742E+02
1.39596E+01 1.48593E+01 1.57011E+01 1.54304E+01 1.54342E+01 1.54362E+01 1.54373E+01 1.57004E+01 1.48593E+01 1.39596E+01 4.24480E+02
1.44299E+01 1.53270E+01 1.61658E+01 1.58968E+01 1.59005E+01 1.59026E+01 1.59037E+01 1.61652E+01 1.53270E+01 1.44299E+01 4.37206E+02
1.49014E+01 1.57962E+01 1.66320E+01 1.63645E+01 1.63682E+01 1.63703E+01 1.63715E+01 1.66313E+01 1.57962E+01 1.49014E+01 4.49916E+02
1.53742E+01 1.62665E+01 1.70994E+01 1.68335E+01 1.68372E+01 1.68394E+01 1.68406E+01 1.70988E+01 1.62665E+01 1.53742E+01 4.62607E+02
1.58480E+01 1.67380E+01 1.75681E+01 1.73036E+01 1.73074E+01 1.73095E+01 1.73108E+01 1.75675E+01 1.67380E+01 1.58480E+01 4.75276E+02
1.63228E+01 1.72105E+01 1.80378E+01 1.77748E+01 1.77785E+01 1.77808E+01 1.77820E+01 1.80372E+01 1.72105E+01 1.63228E+01 4.87920E+02
1.67984E+01 1.76839E+01 1.85085E+01 1.82469E+01 1.82506E+01 1.82529E+01 1.82542E+01 1.85079E+01 1.76839E+01 1.67984E+01 5.00537E+02
0.00000E+00 0.00000E+00 9.71981E-01 6.02204E-01 6.05324E-01 6.05390E-01 6.03906E-01 9.71448E-01 0.00000E+00 0.00000E+00 -1.77950E+00
0.00000E+00 0.00000E+00 9.86025E-01 6.30860E-01 6.34042E-01 6.34196E-01 6.32872E-01 9.85481E-01 0.00000E+00 0.00000E+00 -4.64120E-01
0.00000E+00 5.79773E-02 1.04335E+00 7.00058E-01 7.03293E-01 7.03530E-01 7.02352E-01 1.04280E+00 5.79773E-02 0.00000E+00 1.47772E+00
0.00000E+00 1.68053E-01 1.13444E+00 8.01252E-01 8.04533E-01 8.04851E-01 8.03808E-01 1.13388E+00 1.68053E-01 0.00000E+00 4.07835E+00
0.00000E+00 3.03881E-01 1.25365E+00 9.29276E-01 9.32598E-01 9.32995E-01 9.32080E-01 1.25308E+00 3.03881E-01 0.00000E+00 7.38307E+00
0.00000E+00 4.61546E-01 1.39654E+00 1.07999E+00 1.08335E+00 1.08382E+00 1.08303E+00 1.39597E+00 4.61546E-01 0.00000E+00 1.13698E+01
0.00000E+00 6.38089E-01 1.55982E+00 1.25027E+00 1.25366E+00 1.25421E+00 1.25353E+00 1.55924E+00 6.38089E-01 0.00000E+00 1.60003E+01
0.00000E+00 8.31201E-01 1.74090E+00 1.43769E+00 1.44111E+00 1.44174E+00 1.44117E+00 1.74032E+00 8.31201E-01 0.00000E+00 2.12287E+01
8.02643E-02 1.03310E+00 1.93186E+00 1.63440E+00 1.63785E+00 1.63855E+00 1.63808E+00 1.93128E+00 1.03310E+00 8.02643E-02 2.69201E+01
2.96020E-01 1.24065E+00 2.12938E+00 1.83717E+00 1.84066E+00 1.84143E+00 1.84106E+00 2.12879E+00 1.24065E+00 2.96020E-01 3.29508E+01
5.25433E-01 1.46240E+00 2.34178E+00 2.05447E+00 2.05797E+00 2.05881E+00 2.05855E+00 2.34118E+00 1.46240E+00 5.25433E-01 3.94062E+01
7.67276E-01 1.69705E+00 2.56769E+00 2.28494E+00 2.28848E+00 2.28939E+00 2.28922E+00 2.56709E+00 1.69705E+00 7.67276E-01 4.62521E+01
1.02048E+00 1.94348E+00 2.80591E+00 2.52745E+00 2.53101E+00 2.53198E+00 2.53191E+00 2.80531E+00 1.94348E+00 1.02048E+00 5.34557E+01
1.28408E+00 2.20070E+00 3.05540E+00 2.78096E+00 2.78454E+00 2.78558E+00 2.78560E+00 3.05479E+00 2.20070E+00 1.28408E+00 6.09858E+01
1.55724E+00 2.46781E+00 3.31521E+00 3.04456E+00 3.04816E+00 3.04928E+00 3.04938E+00 3.31460E+00 2.46781E+00 1.55724E+00 6.88130E+01
1.83920E+00 2.74402E+00 3.58450E+00 3.31745E+00 3.32107E+00 3.32225E+00 3.32244E+00 3.58389E+00 2.74402E+00 1.83920E+00 7.69096E+01
2.12927E+00 3.02862E+00 3.86253E+00 3.59888E+00 3.60252E+00 3.60377E+00 3.60405E+00 3.86192E+00 3.02862E+00 2.12927E+00 8.52500E+01
2.42682E+00 3.32095E+00 4.14862E+00 3.88820E+00 3.89186E+00 3.89317E+00 3.89353E+00 4.14800E+00 3.32095E+00 2.42682E+00 9.38103E+01
2.73128E+00 3.62043E+00 4.44214E+00 4.18480E+00 4.18848E+00 4.18985E+00 4.19029E+00 4.44152E+00 3.62043E+00 2.73128E+00 1.02569E+02
3.04213E+00 3.92651E+00 4.74253E+00 4.48813E+00 4.49183E+00 4.49326E+00 4.49378E+00 4.74191E+00 3.92651E+00 3.04213E+00 1.11504E+02
3.35890E+00 4.23870E+00 5.04927E+00 4.79767E+00 4.80139E+00 4.80289E+00 4.80349E+00 5.04865E+00 4.23870E+00 3.35890E+00 1.20599E+02
3.68113E+00 4.55654E+00 5.36188E+00 5.11298E+00 5.11671E+00 5.11828E+00 5.11895E+00 5.36126E+00 4.55654E+00 3.68113E+00 1.29834E+02
4.00842E+00 4.87961E+00 5.67993E+00 5.43361E+00 5.43736E+00 5.43898E+00 5.43973E+00 5.67931E+00 4.87961E+00 4.00842E+00 1.39196E+02
4.34040E+00 5.20751E+00 6.00302E+00 5.75917E+00 5.76293E+00 5.76462E+00 5.76544E+00 6.00239E+00 5.20751E+00 4.34040E+00 1.48668E+02
4.67670E+00 5.53989E+00 6.33076E+00 6.08929E+00 6.09307E+00 6.09481E+00 6.09571E+00 6.33013E+00 5.53989E+00 4.67670E+00 1.58237E+02
5.01701E+00 5.87641E+00 6.66280E+00 6.42362E+00 6.42742E+00 6.42923E+00 6.43019E+00 6.66217E+00 5.87641E+00 5.01701E+00 1.67891E+02
5.36101E+00 6.21675E+00 6.99883E+00 6.76186E+00 6.76568E+00 6.76754E+00 6.76857E+00 6.99820E+00 6.21675E+00 5.36101E+00 1.77619E+02
5.70844E+00 6.56063E+00 7.33855E+00 7.10371E+00 7.10753E+00 7.10945E+00 7.11056E+00 7.33791E+00 6.56063E+00 5.70844E+00 1.87410E+02
6.05901E+00 6.90778E+00 7.68166E+00 7.44888E+00 7.45272E+00 7.45470E+00 7.45587E+00 7.68103E+00 6.90778E+00 6.05901E+00 1.97254E+02
6.41249E+00 7.25793E+00 8.02791E+00 7.79712E+00 7.80098E+00 7.80301E+00 7.80425E+00 8.02728E+00 7.25793E+00 6.41249E+00 2.07142E+02
6.76864E+00 7.61085E+00 8.37706E+00 8.14819E+00 8.15206E+00 8.15415E+00 8.15546E+00 8.37642E+00 7.61085E+00 6.76864E+00 2.17067E+02
7.12725E+00 7.96633E+00 8.72887E+00 8.50187E+00 8.50575E+00 8.50790E+00 8.50927E+00 8.72823E+00 7.96633E+00 7.12725E+00 2.27021E+02
7.48810E+00 8.32414E+00 9.08313E+00 8.85794E+00 8.86183E+00 8.86404E+00 8.86547E+00 9.08249E+00 8.32414E+00 7.48810E+00 2.36997E+02
7.85102E+00 8.68410E+00 9.43964E+00 9.21620E+00 9.22011E+00 9.22237E+00 9.22386E+00 9.43900E+00 8.68410E+00 7.85102E+00 2.46988E+02
8.21582E+00 9.04603E+00 9.79821E+00 9.57647E+00 9.58039E+00 9.58271E+00 9.58426E+00 9.79757E+00 9.04603E+00 8.21582E+00 2.56989E+02
8.58234E+00 9.40974E+00 1.01587E+01 9.93858E+00 9.94251E+00 9.94488E+00 9.94650E+00 1.01580E+01 9.40974E+00 8.58234E+00 2.66994E+02
8.95041E+00 9.77508E+00 1.05208E+01 1.03024E+01 1.03063E+01 1.03087E+01 1.03104E+01 1.05202E+01 9.77508E+00 8.95041E+00 2.76999E+02
9.31989E+00 1.01419E+01 1.08846E+01 1.06676E+01 1.06716E+01 1.06741E+01 1.06758E+01 1.08839E+01 1.01419E+01 9.31989E+00 2.86999E+02
9.69064E+00 1.05100E+01 1.12497E+01 1.10343E+01 1.10383E+01 1.10408E+01 1.10426E+01 1.12490E+01 1.05100E+01 9.69064E+00 2.96990E+02
1.00625E+01 1.08794E+01 1.16161E+01 1.14022E+01 1.14062E+01 1.14088E+01 1.14106E+01 1.16155E+01 1.08794E+01 1.00625E+01 3.06968E+02
1.04354E+01 1.12498E+01 1.19837E+01 1.17712E+01 1.17752E+01 1.17778E+01 1.17797E+01 1.19830E+01 1.12498E+01 1.04354E+01 3.16930E+02
1.08092E+01 1.16212E+01 1.23522E+01 1.21412E+01 1.21452E+01 1.21479E+01 1.21498E+01 1.23516E+01 1.16212E+01 1.08092E+01 3.26871E+02
1.11838E+01 1.19934E+01 1.27217E+01 1.25120E+01 1.25160E+01 1.25188E+01 1.25208E+01 1.27211E+01 1.19934E+01 1.11838E+01 3.36790E+02
1.15590E+01 1.23663E+01 1.30920E+01 1.28836E+01 1.28877E+01 1.28905E+01 1.28925E+01 1.30913E+01 1.23663E+01 1.15590E+01 3.46684E+02
1.19348E+01 1.27399E+01 1.34629E+01 1.32559E+01 1.32600E+01 1.32628E+01 1.32649E+01 1.34623E+01 1.27399E+01 1.19348E+01 3.56550E+02
1.23111E+01 1.31140E+01 1.38345E+01 1.36288E+01 1.36328E+01 1.36357E+01 1.36379E+01 1.38338E+01 1.31140E+01 1.23111E+01 3.66386E+02
1.26879E+01 1.34885E+01 1.42066E+01 1.40021E+01 1.40061E+01 1.40091E+01 1.40113E+01 1.42059E+01 1.34885E+01 1.26879E+01 3.76190E+02
1.30649E+01 1.38634E+01 1.45790E+01 1.43758E+01 1.43798E+01 1.43828E+01 1.43851E+01 1.45784E+01 1.38634E+01 1.30649E+01 3.85959E+02
1.34422E+01 1.42386E+01 1.49518E+01 1.47498E+01 1.47538E+01 1.47569E+01 1.47592E+01 1.49512E+01 1.42386E+01 1.34422E+01 3.95693E+02
1.38196E+01 1.46140E+01 1.53249E+01 1.51240E+01 1.51281E+01 1.51312E+01 1.51336E+01 1.53242E+01 1.46140E+01 1.38196E+01 4.05389E+02
0.00000E+00 0.00000E+00 8.29433E-01 5.39079E-01 5.42449E-01 5.42531E-01 5.41314E-01 8.28848E-01 0.00000E+00 0.00000E+00 -1.68335E+00
0.00000E+00 0.00000E+00 8.47848E-01 5.69599E-01 5.73034E-01 5.73243E-01 5.72247E-01 8.47252E-01 0.00000E+00 0.00000E+00 -4.31613E-01
0.00000E+00 5.46917E-02 9.04139E-01 6.35725E-01 6.39214E-01 6.39544E-01 6.38747E-01 9.03535E-01 5.46917E-02 0.00000E+00 1.40247E+00
0.00000E+00 1.56361E-01 9.89450E-01 7.29403E-01 7.32939E-01 7.33385E-01 7.32773E-01 9.88838E-01 1.56361E-01 0.00000E+00 3.82809E+00
0.00000E+00 2.79795E-01 1.09856E+00 8.45816E-01 8.49395E-01 8.49954E-01 8.49513E-01 1.09794E+00 2.79795E-01 0.00000E+00 6.87043E+00
0.00000E+00 4.21397E-01 1.22743E+00 9.81164E-01 9.84782E-01 9.85450E-01 9.85172E-01 1.22681E+00 4.21397E-01 0.00000E+00 1.04955E+01
0.00000E+00 5.78484E-01 1.37309E+00 1.13262E+00 1.13627E+00 1.13705E+00 1.13692E+00 1.37246E+00 5.78484E-01 0.00000E+00 1.46586E+01
0.00000E+00 7.48987E-01 1.53322E+00 1.29800E+00 1.30169E+00 1.30257E+00 1.30259E+00 1.53259E+00 7.48987E-01 0.00000E+00 1.93112E+01
7.09561E-02 9.26650E-01 1.70146E+00 1.47100E+00 1.47472E+00 1.47570E+00 1.47586E+00 1.70082E+00 9.26650E-01 7.09561E-02 2.43201E+01
2.60724E-01 1.10896E+00 1.87512E+00 1.64901E+00 1.65276E+00 1.65384E+00 1.65414E+00 1.87448E+00 1.10896E+00 2.60724E-01 2.95705E+01
4.61177E-01 1.30244E+00 2.06055E+00 1.83849E+00 1.84227E+00 1.84345E+00 1.84387E+00 2.05990E+00 1.30244E+00 4.61177E-01 3.51500E+01
6.71242E-01 1.50597E+00 2.25654E+00 2.03827E+00 2.04207E+00 2.04335E+00 2.04390E+00 2.25589E+00 1.50597E+00 6.71242E-01 4.10272E+01
8.89987E-01 1.71856E+00 2.46206E+00 2.24733E+00 2.25116E+00 2.25253E+00 2.25320E+00 2.46141E+00 1.71856E+00 8.89987E-01 4.71726E+01
1.11659E+00 1.93936E+00 2.67619E+00 2.46480E+00 2.46865E+00 2.47012E+00 2.47091E+00 2.67554E+00 1.93936E+00 1.11659E+00 5.35585E+01
1.35034E+00 2.16760E+00 2.89814E+00 2.68989E+00 2.69377E+00 2.69532E+00 2.69623E+00 2.89749E+00 2.16760E+00 1.35034E+00 6.01592E+01
1.59058E+00 2.40262E+00 3.12720E+00 2.92192E+00 2.92581E+00 2.92746E+00 2.92848E+00 3.12654E+00 2.40262E+00 1.59058E+00 6.69513E+01
1.83673E+00 2.64380E+00 3.36272E+00 3.16025E+00 3.16417E+00 3.16591E+00 3.16704E+00 3.36206E+00 2.64380E+00 1.83673E+00 7.39129E+01
2.08827E+00 2.89060E+00 3.60413E+00 3.40434E+00 3.40828E+00 3.41011E+00 3.41135E+00 3.60347E+00 2.89060E+00 2.08827E+00 8.10242E+01
2.34473E+00 3.14253E+00 3.85092E+00 3.65369E+00 3.65765E+00 3.65956E+00 3.66090E+00 3.85026E+00 3.14253E+00 2.34473E+00 8.82672E+01
2.60568E+00 3.39914E+00 4.10263E+00 3.90782E+00 3.91180E+00 3.91380E+00 3.91525E+00 4.10196E+00 3.39914E+00 2.60568E+00 9.56252E+01
2.87073E+00 3.66002E+00 4.35882E+00 4.16634E+00 4.17033E+00 4.17242E+00 4.17397E+00 4.35815E+00 3.66002E+00 2.87073E+00 1.03083E+02
3.13951E+00 3.92481E+00 4.61910E+00 4.42885E+00 4.43286E+00 4.43503E+00 4.43668E+00 4.61843E+00 3.92481E+00 3.13951E+00 1.10627E+02
3.41170E+00 4.19315E+00 4.88312E+00 4.69500E+00 4.69904E+00 4.70129E+00 4.70303E+00 4.88245E+00 4.19315E+00 3.41170E+00 1.18245E+02
3.68699E+00 4.46474E+00 5.15056E+00 4.96449E+00 4.96854E+00 4.97087E+00 4.97271E+00 5.14989E+00 4.46474E+00 3.68699E+00 1.25926E+02
3.96510E+00 4.73928E+00 5.42110E+00 5.23700E+00 5.24107E+00 5.24348E+00 5.24541E+00 5.42043E+00 4.73928E+00 3.96510E+00 1.33658E+02
4.24578E+00 5.01651E+00 5.69448E+00 5.51227E+00 5.51636E+00 5.51885E+00 5.52087E+00 5.69380E+00 5.01651E+00 4.24578E+00 1.41432E+02
4.52878E+00 5.29619E+00 5.97043E+00 5.79006E+00 5.79416E+00 5.79673E+00 5.79884E+00 5.96975E+00 5.29619E+00 4.52878E+00 1.49241E+02
4.81389E+00 5.57807E+00 6.24872E+00 6.07011E+00 6.07423E+00 6.07688E+00 6.07908E+00 6.24804E+00 5.57807E+00 4.81389E+00 1.57075E+02
5.10089E+00 5.86195E+00 6.52913E+00 6.35222E+00 6.35635E+00 6.35909E+00 6.36137E+00 6.52845E+00 5.86195E+00 5.10089E+00 1.64929E+02
5.38960E+00 6.14764E+00 6.81145E+00 6.63619E+00 6.64034E+00 6.64315E+00 6.64552E+00 6.81078E+00 6.14764E+00 5.38960E+00 1.72795E+02
5.67984E+00 6.43494E+00 7.09550E+00 6.92184E+00 6.92600E+00 6.92888E+00 6.93133E+00 7.09482E+00 6.43494E+00 5.67984E+00 1.80668E+02
5.97144E+00 6.72370E+00 7.38110E+00 7.20898E+00 7.21315E+00 7.21611E+00 7.21865E+00 7.38042E+00 6.72370E+00 5.97144E+00 1.88542E+02
6.26426E+00 7.01374E+00 7.66808E+00 7.49746E+00 7.50165E+00 7.50468E+00 7.50730E+00 7.66740E+00 7.01374E+00 6.26426E+00 1.96412E+02
6.55814E+00 7.30493E+00 7.95630E+00 7.78712E+00 7.79133E+00 7.79443E+00 7.79713E+00 7.95562E+00 7.30493E+00 6.55814E+00 2.04275E+02
6.85295E+00 7.59713E+00 8.24560E+00 8.07784E+00 8.08205E+00 8.08523E+00 8.08801E+00 8.24492E+00 7.59713E+00 6.85295E+00 2.12125E+02
7.14857E+00 7.89020E+00 8.53586E+00 8.36947E+00 8.37370E+00 8.37695E+00 8.37980E+00 8.53518E+00 7.89020E+00 7.14857E+00 2.19960E+02
7.44488E+00 8.18402E+00 8.82695E+00 8.66189E+00 8.66613E+00 8.66946E+00 8.67239E+00 8.82627E+00 8.18402E+00 7.44488E+00 2.27776E+02
7.74178E+00 8.47849E+00 9.11876E+00 8.95499E+00 8.95925E+00 8.96264E+00 8.96565E+00 9.11808E+00 8.47849E+00 7.74178E+00 2.35570E+02
8.03915E+00 8.77351E+00 9.41118E+00 9.24867E+00 9.25294E+00 9.25640E+00 9.25948E+00 9.41049E+00 8.77351E+00 8.03915E+00 2.43339E+02
8.33691E+00 9.06896E+00 9.70410E+00 9.54282E+00 9.54710E+00 9.55064E+00 9.55379E+00 9.70342E+00 9.06896E+00 8.33691E+00 2.51081E+02
8.63496E+00 9.36476E+00 9.99744E+00 9.83735E+00 9.84164E+00 9.84525E+00 9.84847E+00 9.99675E+00 9.36476E+00 8.63496E+00 2.58794E+02
8.93322E+00 9.66082E+00 1.02911E+01 1.01322E+01 1.01365E+01 1.01402E+01 1.01435E+01 1.02904E+01 9.66082E+00 8.93322E+00 2.66475E+02
9.23162E+00 9.95707E+00 1.05850E+01 1.04272E+01 1.04315E+01 1.04353E+01 1.04386E+01 1.05843E+01 9.95707E+00 9.23162E+00 2.74124E+02
9.53008E+00 1.02534E+01 1.08790E+01 1.07224E+01 1.07267E+01 1.07305E+01 1.07340E+01 1.08784E+01 1.02534E+01 9.53008E+00 2.81737E+02
9.82852E+00 1.05498E+01 1.11732E+01 1.10176E+01 1.10219E+01 1.10258E+01 1.10293E+01 1.11725E+01 1.05498E+01 9.82852E+00 2.89314E+02
1.01269E+01 1.08462E+01 1.14674E+01 1.13128E+01 1.13172E+01 1.13211E+01 1.13247E+01 1.14667E+01 1.08462E+01 1.01269E+01 2.96854E+02
1.04251E+01 1.11424E+01 1.17615E+01 1.16080E+01 1.16123E+01 1.16164E+01 1.16200E+01 1.17608E+01 1.11424E+01 1.04251E+01 3.04354E+02
1.07232E+01 1.14385E+01 1.20555E+01 1.19030E+01 1.19074E+01 1.19115E+01 1.19152E+01 1.20548E+01 1.14385E+01 1.07232E+01 3.11815E+02
1.10210E+01 1.17345E+01 1.23493E+01 1.21979E+01 1.22022E+01 1.22064E+01 1.22102E+01 1.23487E+01 1.17345E+01 1.10210E+01 3.19235E+02
1.13185E+01 1.20301E+01 1.26430E+01 1.24925E+01 1.24969E+01 1.25011E+01 1.25049E+01 1.26423E+01 1.20301E+01 1.13185E+01 3.26614E+02
0.00000E+00 0.00000E+00 7.06593E-01 4.82188E-01 4.85807E-01 4.85937E-01 4.85162E-01 7.05953E-01 0.00000E+00 0.00000E+00 -1.60059E+00
0.00000E+00 0.00000E+00 7.28858E-01 5.14460E-01 5.18145E-01 5.18459E-01 5.17983E-01 7.28208E-01 0.00000E+00 0.00000E+00 -3.99124E-01
0.00000E+00 5.15967E-02 7.83921E-01 5.77652E-01 5.81394E-01 5.81880E-01 5.81671E-01 7.83262E-01 5.15967E-02 0.00000E+00 1.33970E+00
0.00000E+00 1.45440E-01 8.63666E-01 6.64314E-01 6.68105E-01 6.68757E-01 6.68792E-01 8.63000E-01 1.45440E-01 0.00000E+00 3.60444E+00
0.00000E+00 2.57464E-01 9.63342E-01 7.70030E-01 7.73866E-01 7.74677E-01 7.74940E-01 9.62671E-01 2.57464E-01 0.00000E+00 6.40338E+00
0.00000E+00 3.84412E-01 1.07932E+00 8.91361E-01 8.95238E-01 8.96203E-01 8.96680E-01 1.07865E+00 3.84412E-01 0.00000E+00 9.69359E+00
0.00000E+00 5.23887E-01 1.20894E+00 1.02578E+00 1.02969E+00 1.03081E+00 1.03148E+00 1.20826E+00 5.23887E-01 0.00000E+00 1.34263E+01
0.00000E+00 6.74054E-01 1.35018E+00 1.17135E+00 1.17530E+00 1.17656E+00 1.17743E+00 1.34949E+00 6.74054E-01 0.00000E+00 1.75525E+01
6.25437E-02 8.29942E-01 1.49794E+00 1.32305E+00 1.32703E+00 1.32843E+00 1.32948E+00 1.49725E+00 8.29942E-01 6.25437E-02 2.19436E+01
2.28940E-01 9.89555E-01 1.65010E+00 1.47881E+00 1.48282E+00 1.48436E+00 1.48558E+00 1.64941E+00 9.89555E-01 2.28940E-01 2.64950E+01
4.03513E-01 1.15779E+00 1.81139E+00 1.64345E+00 1.64749E+00 1.64917E+00 1.65056E+00 1.81070E+00 1.15779E+00 4.03513E-01 3.12949E+01
5.85342E-01 1.33367E+00 1.98078E+00 1.81596E+00 1.82004E+00 1.82184E+00 1.82340E+00 1.98008E+00 1.33367E+00 5.85342E-01 3.63151E+01
7.73630E-01 1.51637E+00 2.15738E+00 1.99549E+00 1.99959E+00 2.00153E+00 2.00324E+00 2.15668E+00 1.51637E+00 7.73630E-01 4.15296E+01
9.67686E-01 1.70514E+00 2.34041E+00 2.18127E+00 2.18540E+00 2.18746E+00 2.18933E+00 2.33970E+00 1.70514E+00 9.67686E-01 4.69144E+01
1.16690E+00 1.89935E+00 2.52919E+00 2.37266E+00 2.37681E+00 2.37900E+00 2.38102E+00 2.52849E+00 1.89935E+00 1.16690E+00 5.24479E+01
1.37074E+00 2.09844E+00 2.72314E+00 2.56907E+00 2.57324E+00 2.57556E+00 2.57771E+00 2.72244E+00 2.09844E+00 1.37074E+00 5.81102E+01
1.57873E+00 2.30190E+00 2.92173E+00 2.76998E+00 2.77418E+00 2.77661E+00 2.77891E+00 2.92102E+00 2.30190E+00 1.57873E+00 6.38835E+01
1.79043E+00 2.50929E+00 3.12447E+00 2.97494E+00 2.97916E+00 2.98172E+00 2.98415E+00 3.12376E+00 2.50929E+00 1.79043E+00 6.97518E+01
2.00547E+00 2.72020E+00 3.33096E+00 3.18353E+00 3.18778E+00 3.19045E+00 3.19302E+00 3.33025E+00 2.72020E+00 2.00547E+00 7.57004E+01
2.22349E+00 2.93428E+00 3.54081E+00 3.39539E+00 3.39965E+00 3.40245E+00 3.40515E+00 3.54010E+00 2.93428E+00 2.22349E+00 8.17164E+01
2.44419E+00 3.15119E+00 3.75367E+00 3.61018E+00 3.61446E+00 3.61737E+00 3.62020E+00 3.75296E+00 3.15119E+00 2.44419E+00 8.77878E+01
2.66727E+00 3.37064E+00 3.96924E+00 3.82758E+00 3.83189E+00 3.83491E+00 3.83786E+00 3.96852E+00 3.37064E+00 2.66727E+00 9.39042E+01
2.89248E+00 3.59235E+00 4.18722E+00 4.04733E+00 4.05166E+00 4.05479E+00 4.05786E+00 4.18651E+00 3.59235E+00 2.89248E+00 1.00056E+02
3.11957E+00 3.81608E+00 4.40737E+00 4.26917E+00 4.27352E+00 4.27676E+00 4.27996E+00 4.40665E+00 3.81608E+00 3.11957E+00 1.06235E+02
3.34834E+00 4.04160E+00 4.62944E+00 4.49288E+00 4.49723E+00 4.50059E+00 4.50390E+00 4.62872E+00 4.04160E+00 3.34834E+00 1.12432E+02
3.57858E+00 4.26870E+00 4.85322E+00 4.71823E+00 4.72260E+00 4.72607E+00 4.72949E+00 4.85250E+00 4.26870E+00 3.57858E+00 1.18642E+02
3.81011E+00 4.49720E+00 5.07851E+00 4.94503E+00 4.94942E+00 4.95299E+00 4.95653E+00 5.07779E+00 4.49720E+00 3.81011E+00 1.24858E+02
4.04276E+00 4.72692E+00 5.30513E+00 5.17311E+00 5.17752E+00 5.18119E+00 5.18484E+00 5.30441E+00 4.72692E+00 4.04276E+00 1.31075E+02
4.27637E+00 4.95769E+00 5.53291E+00 5.40229E+00 5.40672E+00 5.41050E+00 5.41426E+00 5.53219E+00 4.95769E+00 4.27637E+00 1.37286E+02
4.51081E+00 5.18937E+00 5.76170E+00 5.63244E+00 5.63689E+00 5.64077E+00 5.64463E+00 5.76098E+00 5.18937E+00 4.51081E+00 1.43489E+02
4.74593E+00 5.42183E+00 5.99135E+00 5.86341E+00 5.86787E+00 5.87185E+00 5.87582E+00 5.99063E+00 5.42183E+00 4.74593E+00 1.49678E+02
4.98163E+00 5.65493E+00 6.22173E+00 6.09507E+00 6.09954E+00 6.10363E+00 6.10770E+00 6.22101E+00 5.65493E+00 4.98163E+00 1.55851E+02
5.21778E+00 5.88856E+00 6.45272E+00 6.32729E+00 6.33179E+00 6.33597E+00 6.34015E+00 6.45200E+00 5.88856E+00 5.21778E+00 1.62004E+02
5.45428E+00 6.12262E+00 6.68421E+00 6.55998E+00 6.56449E+00 6.56877E+00 6.57305E+00 6.68349E+00 6.12262E+00 5.45428E+00 1.68134E+02
5.69104E+00 6.35699E+00 6.91609E+00 6.79303E+00 6.79756E+00 6.80193E+00 6.80631E+00 6.91537E+00 6.35699E+00 5.69104E+00 1.74238E+02
5.92797E+00 6.59160E+00 7.14827E+00 7.02635E+00 7.03088E+00 7.03536E+00 7.03983E+00 7.14755E+00 6.59160E+00 5.92797E+00 1.80315E+02
6.16498E+00 6.82635E+00 7.38066E+00 7.25984E+00 7.26439E+00 7.26896E+00 7.27353E+00 7.37994E+00 6.82635E+00 6.16498E+00 1.86362E+02
6.40200E+00 7.06116E+00 7.61318E+00 7.49342E+00 7.49799E+00 7.50266E+00 7.50732E+00 7.61246E+00 7.06116E+00 6.40200E+00 1.92377E+02
6.63895E+00 7.29596E+00 7.84575E+00 7.72703E+00 7.73161E+00 7.73637E+00 7.74113E+00 7.84502E+00 7.29596E+00 6.63895E+00 1.98359E+02
6.87577E+00 7.53068E+00 8.07829E+00 7.96059E+00 7.96518E+00 7.97003E+00 7.97488E+00 8.07757E+00 7.53068E+00 6.87577E+00 2.04306E+02
7.11240E+00 7.76526E+00 8.31074E+00 8.19404E+00 8.19864E+00 8.20358E+00 8.20852E+00 8.31002E+00 7.76526E+00 7.11240E+00 2.10217E+02
7.34879E+00 7.99965E+00 8.54305E+00 8.42731E+00 8.43193E+00 8.43696E+00 8.44199E+00 8.54233E+00 7.99965E+00 7.34879E+00 2.16092E+02
7.58487E+00 8.23377E+00 8.77515E+00 8.66035E+00 8.66498E+00 8.67010E+00 8.67522E+00 8.77443E+00 8.23377E+00 7.58487E+00 2.21928E+02
7.82061E+00 8.46759E+00 9.00699E+00 8.89310E+00 8.89775E+00 8.90296E+00 8.90817E+00 9.00627E+00 8.46759E+00 7.82061E+00 2.27726E+02
8.05595E+00 8.70106E+00 9.23852E+00 9.12553E+00 9.13019E+00 9.13549E+00 9.14078E+00 9.23780E+00 8.70106E+00 8.05595E+00 2.33484E+02
8.29085E+00 8.93412E+00 9.46970E+00 9.35759E+00 9.36226E+00 9.36765E+00 9.37302E+00 9.46898E+00 8.93412E+00 8.29085E+00 2.39202E+02
8.52527E+00 9.16676E+00 9.70048E+00 9.58923E+00 9.59391E+00 9.59938E+00 9.60484E+00 9.69976E+00 9.16676E+00 8.52527E+00 2.44879E+02
8.75919E+00 9.39891E+00 9.93083E+00 9.82041E+00 9.82511E+00 9.83067E+00 9.83621E+00 9.93010E+00 9.39891E+00 8.75919E+00 2.50515E+02
8.99256E+00 9.63056E+00 1.01607E+01 1.00511E+01 1.00558E+01 1.00615E+01 1.00671E+01 1.01600E+01 9.63056E+00 8.99256E+00 2.56109E+02
9.22535E+00 9.86166E+00 1.03901E+01 1.02813E+01 1.02860E+01 1.02917E+01 1.02974E+01 1.03893E+01 9.86166E+00 9.22535E+00 2.61662E+02
0.00000E+00 0.00000E+00 6.00808E-01 4.31041E-01 4.34899E-01 4.35131E-01 4.35038E-01 6.00108E-01 0.00000E+00 0.00000E+00 -1.52864E+00
0.00000E+00 0.00000E+00 6.26409E-01 4.64899E-01 4.68826E-01 4.69321E-01 4.69623E-01 6.25699E-01 0.00000E+00 0.00000E+00 -3.64842E-01
0.00000E+00 4.86581E-02 6.80056E-01 5.25255E-01 5.29242E-01 5.29982E-01 5.30633E-01 6.79339E-01 4.86581E-02 0.00000E+00 1.28974E+00
0.00000E+00 1.35195E-01 7.54442E-01 6.05350E-01 6.09389E-01 6.10363E-01 6.11332E-01 7.53719E-01 1.35195E-01 0.00000E+00 3.40593E+00
0.00000E+00 2.36706E-01 8.45310E-01 7.01205E-01 7.05291E-01 7.06489E-01 7.07753E-01 8.44582E-01 2.36706E-01 0.00000E+00 5.97835E+00
0.00000E+00 3.50288E-01 9.49438E-01 8.09750E-01 8.13880E-01 8.15293E-01 8.16833E-01 9.48706E-01 3.50288E-01 0.00000E+00 8.95793E+00
0.00000E+00 4.73826E-01 1.06448E+00 9.28754E-01 9.32924E-01 9.34545E-01 9.36344E-01 1.06375E+00 4.73826E-01 0.00000E+00 1.22943E+01
0.00000E+00 6.05721E-01 1.18868E+00 1.05653E+00 1.06074E+00 1.06256E+00 1.06460E+00 1.18794E+00 6.05721E-01 0.00000E+00 1.59395E+01
5.49495E-02 7.42070E-01 1.31802E+00 1.18912E+00 1.19337E+00 1.19538E+00 1.19766E+00 1.31728E+00 7.42070E-01 5.49495E-02 1.97720E+01
2.00356E-01 8.81306E-01 1.45083E+00 1.32491E+00 1.32919E+00 1.33139E+00 1.33389E+00 1.45009E+00 8.81306E-01 2.00356E-01 2.36982E+01
3.51842E-01 1.02703E+00 1.59057E+00 1.46741E+00 1.47172E+00 1.47411E+00 1.47683E+00 1.58982E+00 1.02703E+00 3.51842E-01 2.78056E+01
5.08627E-01 1.17840E+00 1.73634E+00 1.61577E+00 1.62011E+00 1.62269E+00 1.62560E+00 1.73560E+00 1.17840E+00 5.08627E-01 3.20693E+01
6.70047E-01 1.33473E+00 1.88742E+00 1.76926E+00 1.77363E+00 1.77639E+00 1.77950E+00 1.88667E+00 1.33473E+00 6.70047E-01 3.64672E+01
8.35528E-01 1.49540E+00 2.04314E+00 1.92726E+00 1.93166E+00 1.93459E+00 1.93790E+00 2.04239E+00 1.49540E+00 8.35528E-01 4.09789E+01
1.00457E+00 1.65989E+00 2.20295E+00 2.08922E+00 2.09364E+00 2.09674E+00 2.10024E+00 2.20220E+00 1.65989E+00 1.00457E+00 4.55866E+01
1.17674E+00 1.82773E+00 2.36637E+00 2.25466E+00 2.25911E+00 2.26238E+00 2.26606E+00 2.36561E+00 1.82773E+00 1.17674E+00 5.02742E+01
1.35165E+00 1.99853E+00 2.53295E+00 2.42317E+00 2.42765E+00 2.43108E+00 2.43494E+00 2.53220E+00 1.99853E+00 1.35165E+00 5.50274E+01
1.52895E+00 2.17190E+00 2.70232E+00 2.59438E+00 2.59888E+00 2.60247E+00 2.60650E+00 2.70157E+00 2.17190E+00 1.52895E+00 5.98335E+01
1.70834E+00 2.34755E+00 2.87415E+00 2.76794E+00 2.77247E+00 2.77623E+00 2.78042E+00 2.87340E+00 2.34755E+00 1.70834E+00 6.46813E+01
1.88956E+00 2.52517E+00 3.04812E+00 2.94358E+00 2.94813E+00 2.95204E+00 2.95640E+00 3.04737E+00 2.52517E+00 1.88956E+00 6.95608E+01
2.07235E+00 2.70451E+00 3.22398E+00 3.12102E+00 3.12559E+00 3.12966E+00 3.13418E+00 3.22322E+00 2.70451E+00 2.07235E+00 7.44630E+01
2.25649E+00 2.88534E+00 3.40146E+00 3.30002E+00 3.30462E+00 3.30884E+00 3.31351E+00 3.40071E+00 2.88534E+00 2.25649E+00 7.93801E+01
2.44178E+00 3.06745E+00 3.58036E+00 3.48038E+00 3.48500E+00 3.48937E+00 3.49420E+00 3.57960E+00 3.06745E+00 2.44178E+00 8.43052E+01
2.62805E+00 3.25065E+00 3.76047E+00 3.66189E+00 3.66653E+00 3.67105E+00 3.67603E+00 3.75972E+00 3.25065E+00 2.62805E+00 8.92321E+01
2.81512E+00 3.43477E+00 3.94162E+00 3.84439E+00 3.84905E+00 3.85371E+00 3.85883E+00 3.94086E+00 3.43477E+00 2.81512E+00 9.41552E+01
3.00286E+00 3.61965E+00 4.12364E+00 4.02770E+00 4.03238E+00 4.03719E+00 4.04245E+00 4.12288E+00 3.61965E+00 3.00286E+00 9.90699E+01
3.19112E+00 3.80516E+00 4.30638E+00 4.21169E+00 4.21639E+00 4.22134E+00 4.22674E+00 4.30562E+00 3.80516E+00 3.19112E+00 1.03972E+02
3.37979E+00 3.99115E+00 4.48970E+00 4.39622E+00 4.40094E+00 4.40603E+00 4.41157E+00 4.48895E+00 3.99115E+00 3.37979E+00 1.08857E+02
3.56874E+00 4.17752E+00 4.67349E+00 4.58117E+00 4.58591E+00 4.59114E+00 4.59682E+00 4.67274E+00 4.17752E+00 3.56874E+00 1.13723E+02
3.75789E+00 4.36416E+00 4.85763E+00 4.76644E+00 4.77119E+00 4.77656E+00 4.78237E+00 4.85687E+00 4.36416E+00 3.75789E+00 1.18565E+02
3.94712E+00 4.55097E+00 5.04201E+00 4.95191E+00 4.95669E+00 4.96219E+00 4.96812E+00 5.04126E+00 4.55097E+00 3.94712E+00 1.23383E+02
4.13637E+00 4.73785E+00 5.22655E+00 5.13750E+00 5.14230E+00 5.14793E+00 5.15400E+00 5.22580E+00 4.73785E+00 4.13637E+00 1.28172E+02
4.32554E+00 4.92473E+00 5.41115E+00 5.32313E+00 5.32794E+00 5.33370E+00 5.33990E+00 5.41040E+00 4.92473E+00 4.32554E+00 1.32933E+02
4.51458E+00 5.11153E+00 5.59574E+00 5.50871E+00 5.51354E+00 5.51943E+00 5.52575E+00 5.59499E+00 5.11153E+00 4.51458E+00 1.37662E+02
4.70340E+00 5.29819E+00 5.78025E+00 5.69418E+00 5.69902E+00 5.70505E+00 5.71148E+00 5.77949E+00 5.29819E+00 4.70340E+00 1.42358E+02
4.89196E+00 5.48463E+00 5.96460E+00 5.87947E+00 5.88433E+00 5.89048E+00 5.89704E+00 5.96385E+00 5.48463E+00 4.89196E+00 1.47020E+02
5.08019E+00 5.67080E+00 6.14874E+00 6.06451E+00 6.06939E+00 6.07567E+00 6.08234E+00 6.14799E+00 5.67080E+00 5.08019E+00 1.51648E+02
5.26805E+00 5.85665E+00 6.33261E+00 6.24927E+00 6.25416E+00 6.26056E+00 6.26736E+00 6.33186E+00 5.85665E+00 5.26805E+00 1.56239E+02
5.45549E+00 6.04213E+00 6.51616E+00 6.43368E+00 6.43859E+00 6.44512E+00 6.45202E+00 6.51541E+00 6.04213E+00 5.45549E+00 1.60793E+02
5.64246E+00 6.22719E+00 6.69934E+00 6.61770E+00 6.62263E+00 6.62927E+00 6.63629E+00 6.69859E+00 6.22719E+00 5.64246E+00 1.65310E+02
5.82893E+00 6.41180E+00 6.88211E+00 6.80129E+00 6.80623E+00 6.81300E+00 6.82013E+00 6.88136E+00 6.41180E+00 5.82893E+00 1.69789E+02
6.01487E+00 6.59591E+00 7.06444E+00 6.98441E+00 6.98937E+00 6.99625E+00 7.00350E+00 7.06368E+00 6.59591E+00 6.01487E+00 1.74229E+02
6.20024E+00 6.77949E+00 7.24627E+00 7.16703E+00 7.17200E+00 7.17900E+00 7.18635E+00 7.24552E+00 6.77949E+00 6.20024E+00 1.78631E+02
6.38501E+00 6.96252E+00 7.42759E+00 7.34910E+00 7.35409E+00 7.36121E+00 7.36866E+00 7.42684E+00 6.96252E+00 6.38501E+00 1.82994E+02
6.56915E+00 7.14495E+00 7.60835E+00 7.53061E+00 7.53561E+00 7.54285E+00 7.55041E+00 7.60760E+00 7.14495E+00 6.56915E+00 1.87317E+02
6.75264E+00 7.32677E+00 7.78854E+00 7.71152E+00 7.71654E+00 7.72389E+00 7.73155E+00 7.78779E+00 7.32677E+00 6.75264E+00 1.91601E+02
6.93545E+00 7.50795E+00 7.96813E+00 7.89182E+00 7.89685E+00 7.90431E+00 7.91208E+00 7.96738E+00 7.50795E+00 6.93545E+00 1.95846E+02
7.11758E+00 7.68847E+00 8.14709E+00 8.07147E+00 8.07651E+00 8.08409E+00 8.09196E+00 8.14634E+00 7.68847E+00 7.11758E+00 2.00051E+02
7.29899E+00 7.86831E+00 8.32540E+00 8.25046E+00 8.25551E+00 8.26320E+00 8.27117E+00 8.32465E+00 7.86831E+00 7.29899E+00 2.04217E+02
7.47967E+00 8.04745E+00 8.50304E+00 8.42876E+00 8.43383E+00 8.44163E+00 8.44970E+00 8.50230E+00 8.04745E+00 7.47967E+00 2.08343E+02
0.00000E+00 0.00000E+00 5.09799E-01 3.85210E-01 3.89288E-01 3.89710E-01 3.90612E-01 5.09036E-01 0.00000E+00 0.00000E+00 -1.46439E+00
0.00000E+00 0.00000E+00 5.38219E-01 4.20436E-01 4.24588E-01 4.25385E-01 4.26797E-01 5.37449E-01 0.00000E+00 0.00000E+00 -3.26388E-01
0.00000E+00 4.58463E-02 5.90272E-01 4.78021E-01 4.82237E-01 4.83380E-01 4.85241E-01 5.89495E-01 4.58463E-02 0.00000E+00 1.25349E+00
0.00000E+00 1.25544E-01 6.59494E-01 5.51953E-01 5.56225E-01 5.57697E-01 5.59964E-01 6.58713E-01 1.25544E-01 0.00000E+00 3.23176E+00
0.00000E+00 2.17362E-01 7.42138E-01 6.38710E-01 6.43034E-01 6.44819E-01 6.47461E-01 7.41354E-01 2.17362E-01 0.00000E+00 5.59260E+00
0.00000E+00 3.18753E-01 8.35379E-01 7.35597E-01 7.39969E-01 7.42052E-01 7.45044E-01 8.34592E-01 3.18753E-01 0.00000E+00 8.28351E+00
0.00000E+00 4.27882E-01 9.37187E-01 8.40672E-01 8.45089E-01 8.47460E-01 8.50780E-01 9.36398E-01 4.27882E-01 0.00000E+00 1.12545E+01
0.00000E+00 5.43377E-01 1.04604E+00 9.52484E-01 9.56943E-01 9.59591E-01 9.63219E-01 1.04525E+00 5.43377E-01 0.00000E+00 1.44604E+01
4.81035E-02 6.62216E-01 1.15884E+00 1.06797E+00 1.07247E+00 1.07538E+00 1.07930E+00 1.15805E+00 6.62216E-01 4.81035E-02 1.77886E+01
1.74690E-01 7.83187E-01 1.27427E+00 1.18585E+00 1.19039E+00 1.19357E+00 1.19777E+00 1.27348E+00 7.83187E-01 1.74690E-01 2.11566E+01
3.05616E-01 9.08865E-01 1.39479E+00 1.30866E+00 1.31323E+00 1.31666E+00 1.32112E+00 1.39400E+00 9.08865E-01 3.05616E-01 2.46502E+01
4.40236E-01 1.03856E+00 1.51966E+00 1.43566E+00 1.44027E+00 1.44394E+00 1.44867E+00 1.51886E+00 1.03856E+00 4.40236E-01 2.82480E+01
5.78008E-01 1.17170E+00 1.64826E+00 1.56626E+00 1.57090E+00 1.57482E+00 1.57979E+00 1.64747E+00 1.17170E+00 5.78008E-01 3.19316E+01
7.18466E-01 1.30778E+00 1.78007E+00 1.69995E+00 1.70463E+00 1.70878E+00 1.71399E+00 1.77928E+00 1.30778E+00 7.18466E-01 3.56844E+01
8.61211E-01 1.44638E+00 1.91464E+00 1.83629E+00 1.84100E+00 1.84538E+00 1.85083E+00 1.91385E+00 1.44638E+00 8.61211E-01 3.94921E+01
1.00590E+00 1.58712E+00 2.05157E+00 1.97490E+00 1.97963E+00 1.98425E+00 1.98992E+00 2.05077E+00 1.58712E+00 1.00590E+00 4.33420E+01
1.15222E+00 1.72970E+00 2.19051E+00 2.11543E+00 2.12020E+00 2.12503E+00 2.13092E+00 2.18972E+00 1.72970E+00 1.15222E+00 4.72232E+01
1.29991E+00 1.87381E+00 2.33118E+00 2.25761E+00 2.26240E+00 2.26746E+00 2.27356E+00 2.33038E+00 1.87381E+00 1.29991E+00 5.11259E+01
1.44873E+00 2.01922E+00 2.47329E+00 2.40117E+00 2.40599E+00 2.41126E+00 2.41756E+00 2.47250E+00 2.01922E+00 1.44873E+00 5.50418E+01
1.59849E+00 2.16571E+00 2.61663E+00 2.54588E+00 2.55073E+00 2.55621E+00 2.56271E+00 2.61584E+00 2.16571E+00 1.59849E+00 5.89637E+01
1.74899E+00 2.31307E+00 2.76098E+00 2.69154E+00 2.69642E+00 2.70210E+00 2.70881E+00 2.76019E+00 2.31307E+00 1.74899E+00 6.28850E+01
1.90007E+00 2.46113E+00 2.90616E+00 2.83797E+00 2.84288E+00 2.84877E+00 2.85566E+00 2.90537E+00 2.46113E+00 1.90007E+00 6.68002E+01
2.05158E+00 2.60974E+00 3.05200E+00 2.98502E+00 2.98995E+00 2.99604E+00 3.00312E+00 3.05121E+00 2.60974E+00 2.05158E+00 7.07047E+01
2.20339E+00 2.75876E+00 3.19835E+00 3.13253E+00 3.13748E+00 3.14377E+00 3.15103E+00 3.19756E+00 2.75876E+00 2.20339E+00 7.45940E+01
2.35538E+00 2.90806E+00 3.34509E+00 3.28038E+00 3.28535E+00 3.29183E+00 3.29928E+00 3.34430E+00 2.90806E+00 2.35538E+00 7.84648E+01
2.50745E+00 3.05752E+00 3.49208E+00 3.42845E+00 3.43345E+00 3.44012E+00 3.44774E+00 3.49130E+00 3.05752E+00 2.50745E+00 8.23137E+01
2.65950E+00 3.20706E+00 3.63924E+00 3.57663E+00 3.58165E+00 3.58851E+00 3.59631E+00 3.63845E+00 3.20706E+00 2.65950E+00 8.61382E+01
2.81145E+00 3.35658E+00 3.78645E+00 3.72484E+00 3.72989E+00 3.73693E+00 3.74489E+00 3.78566E+00 3.35658E+00 2.81145E+00 8.99359E+01
2.96321E+00 3.50599E+00 3.93363E+00 3.87299E+00 3.87805E+00 3.88528E+00 3.89341E+00 3.93285E+00 3.50599E+00 2.96321E+00 9.37048E+01
3.11473E+00 3.65522E+00 4.08071E+00 4.02099E+00 4.02608E+00 4.03349E+00 4.04178E+00 4.07993E+00 3.65522E+00 3.11473E+00 9.74434E+01
3.26593E+00 3.80421E+00 4.22761E+00 4.16879E+00 4.17390E+00 4.18149E+00 4.18993E+00 4.22683E+00 3.80421E+00 3.26593E+00 1.01150E+02
3.41677E+00 3.95289E+00 4.37426E+00 4.31632E+00 4.32145E+00 4.32922E+00 4.33782E+00 4.37349E+00 3.95289E+00 3.41677E+00 1.04824E+02
3.56718E+00 4.10121E+00 4.52062E+00 4.46353E+00 4.46868E+00 4.47661E+00 4.48537E+00 4.51984E+00 4.10121E+00 3.56718E+00 1.08463E+02
3.71713E+00 4.24913E+00 4.66663E+00 4.61035E+00 4.61553E+00 4.62363E+00 4.63254E+00 4.66585E+00 4.24913E+00 3.71713E+00 1.12068E+02
3.86657E+00 4.39659E+00 4.81224E+00 4.75676E+00 4.76195E+00 4.77022E+00 4.77928E+00 4.81146E+00 4.39659E+00 3.86657E+00 1.15637E+02
4.01546E+00 4.54356E+00 4.95740E+00 4.90270E+00 4.90791E+00 4.91635E+00 4.92555E+00 4.95663E+00 4.54356E+00 4.01546E+00 1.19170E+02
4.16378E+00 4.69000E+00 5.10209E+00 5.04814E+00 5.05337E+00 5.06197E+00 5.07131E+00 5.10131E+00 4.69000E+00 4.16378E+00 1.22667E+02
4.31149E+00 4.83588E+00 5.24626E+00 5.19304E+00 5.19829E+00 5.20706E+00 5.21654E+00 5.24549E+00 4.83588E+00 4.31149E+00 1.26127E+02
4.45857E+00 4.98116E+00 5.38988E+00 5.33738E+00 5.34264E+00 5.35157E+00 5.36120E+00 5.38911E+00 4.98116E+00 4.45857E+00 1.29550E+02
4.60498E+00 5.12584E+00 5.53293E+00 5.48112E+00 5.48641E+00 5.49549E+00 5.50526E+00 5.53216E+00 5.12584E+00 4.60498E+00 1.32937E+02
4.75072E+00 5.26987E+00 5.67538E+00 5.62425E+00 5.62955E+00 5.63880E+00 5.64869E+00 5.67462E+00 5.26987E+00 4.75072E+00 1.36286E+02
4.89576E+00 5.41324E+00 5.81721E+00 5.76673E+00 5.77206E+00 5.78146E+00 5.79149E+00 5.81645E+00 5.41324E+00 4.89576E+00 1.39598E+02
5.04008E+00 5.55594E+00 5.95840E+00 5.90856E+00 5.91391E+00 5.92346E+00 5.93362E+00 5.95763E+00 5.55594E+00 5.04008E+00 1.42873E+02
5.18366E+00 5.69793E+00 6.09892E+00 6.04972E+00 6.05508E+00 6.06478E+00 6.07507E+00 6.09816E+00 5.69793E+00 5.18366E+00 1.46111E+02
5.32651E+00 5.83922E+00 6.23877E+00 6.19018E+00 6.19555E+00 6.20541E+00 6.21583E+00 6.23801E+00 5.83922E+00 5.32651E+00 1.49313E+02
5.46859E+00 5.97978E+00 6.37792E+00 6.32993E+00 6.33533E+00 6.34533E+00 6.35587E+00 6.37716E+00 5.97978E+00 5.46859E+00 1.52478E+02
5.60991E+00 6.11961E+00 6.51638E+00 6.46897E+00 6.47438E+00 6.48453E+00 6.49520E+00 6.51562E+00 6.11961E+00 5.60991E+00 1.55608E+02
5.75046E+00 6.25870E+00 6.65411E+00 6.60728E+00 6.61270E+00 6.62300E+00 6.63379E+00 6.65335E+00 6.25870E+00 5.75046E+00 1.58701E+02
5.89022E+00 6.39702E+00 6.79112E+00 6.74485E+00 6.75029E+00 6.76073E+00 6.77165E+00 6.79037E+00 6.39702E+00 5.89022E+00 1.61759E+02
6.02919E+00 6.53459E+00 6.92740E+00 6.88167E+00 6.88713E+00 6.89772E+00 6.90875E+00 6.92664E+00 6.53459E+00 6.02919E+00 1.64781E+02
0.00000E+00 0.00000E+00 4.31604E-01 3.44317E-01 3.48586E-01 3.49340E-01 3.51639E-01 4.30775E-01 0.00000E+00 0.00000E+00 -1.40382E+00
0.00000E+00 0.00000E+00 4.62325E-01 3.80651E-01 3.85002E-01 3.86287E-01 3.89231E-01 4.61492E-01 0.00000E+00 0.00000E+00 -2.80586E-01
0.00000E+00 4.31373E-02 5.12611E-01 4.35501E-01 4.39924E-01 4.41697E-01 4.45205E-01 5.11775E-01 4.31373E-02 0.00000E+00 1.23263E+00
0.00000E+00 1.16416E-01 5.76858E-01 5.03635E-01 5.08123E-01 5.10354E-01 5.14371E-01 5.76020E-01 1.16416E-01 0.00000E+00 3.08186E+00
0.00000E+00 1.99293E-01 6.51823E-01 5.81998E-01 5.86545E-01 5.89210E-01 5.93697E-01 6.50985E-01 1.99293E-01 0.00000E+00 5.24420E+00
0.00000E+00 2.89570E-01 7.35072E-01 6.68258E-01 6.72861E-01 6.75940E-01 6.80861E-01 7.34234E-01 2.89570E-01 0.00000E+00 7.66625E+00
0.00000E+00 3.85684E-01 8.24872E-01 7.60758E-01 7.65412E-01 7.68887E-01 7.74216E-01 8.24033E-01 3.85684E-01 0.00000E+00 1.03003E+01
0.00000E+00 4.86474E-01 9.19935E-01 8.58266E-01 8.62969E-01 8.66824E-01 8.72535E-01 9.19098E-01 4.86474E-01 0.00000E+00 1.31051E+01
4.19416E-02 5.89645E-01 1.01790E+00 9.58447E-01 9.63197E-01 9.67417E-01 9.73489E-01 1.01706E+00 5.89645E-01 4.19416E-02 1.59784E+01
1.51683E-01 6.94272E-01 1.11775E+00 1.06033E+00 1.06512E+00 1.06969E+00 1.07611E+00 1.11691E+00 6.94272E-01 1.51683E-01 1.88491E+01
2.64337E-01 8.02146E-01 1.22117E+00 1.16564E+00 1.17048E+00 1.17539E+00 1.18214E+00 1.22033E+00 8.02146E-01 2.64337E-01 2.17998E+01
3.79385E-01 9.12709E-01 1.32757E+00 1.27380E+00 1.27868E+00 1.28393E+00 1.29099E+00 1.32673E+00 9.12709E-01 3.79385E-01 2.48132E+01
4.96393E-01 1.02550E+00 1.43644E+00 1.38433E+00 1.38925E+00 1.39483E+00 1.40219E+00 1.43561E+00 1.02550E+00 4.96393E-01 2.78740E+01
6.14997E-01 1.14011E+00 1.54738E+00 1.49682E+00 1.50178E+00 1.50767E+00 1.51533E+00 1.54655E+00 1.14011E+00 6.14997E-01 3.09696E+01
7.34887E-01 1.25622E+00 1.66001E+00 1.61092E+00 1.61591E+00 1.62212E+00 1.63006E+00 1.65918E+00 1.25622E+00 7.34887E-01 3.40887E+01
8.55794E-01 1.37354E+00 1.77403E+00 1.72633E+00 1.73136E+00 1.73787E+00 1.74609E+00 1.77321E+00 1.37354E+00 8.55794E-01 3.72219E+01
9.77491E-01 1.49182E+00 1.88918E+00 1.84280E+00 1.84786E+00 1.85467E+00 1.86316E+00 1.88836E+00 1.49182E+00 9.77491E-01 4.03610E+01
1.09978E+00 1.61085E+00 2.00523E+00 1.96010E+00 1.96520E+00 1.97230E+00 1.98104E+00 2.00441E+00 1.61085E+00 1.09978E+00 4.34992E+01
1.22248E+00 1.73044E+00 2.12198E+00 2.07804E+00 2.08317E+00 2.09056E+00 2.09955E+00 2.12116E+00 1.73044E+00 1.22248E+00 4.66305E+01
1.34545E+00 1.85042E+00 2.23925E+00 2.19645E+00 2.20161E+00 2.20928E+00 2.21852E+00 2.23843E+00 1.85042E+00 1.34545E+00 4.97499E+01
1.46855E+00 1.97066E+00 2.35689E+00 2.31518E+00 2.32037E+00 2.32831E+00 2.33779E+00 2.35608E+00 1.97066E+00 1.46855E+00 5.28530E+01
1.59166E+00 2.09103E+00 2.47477E+00 2.43409E+00 2.43932E+00 2.44753E+00 2.45724E+00 2.47396E+00 2.09103E+00 1.59166E+00 5.59364E+01
1.71469E+00 2.21142E+00 2.59276E+00 2.55309E+00 2.55835E+00 2.56682E+00 2.57676E+00 2.59196E+00 2.21142E+00 1.71469E+00 5.89968E+01
1.83755E+00 2.33172E+00 2.71077E+00 2.67205E+00 2.67734E+00 2.68607E+00 2.69623E+00 2.70997E+00 2.33172E+00 1.83755E+00 6.20319E+01
1.96014E+00 2.45186E+00 2.82870E+00 2.79090E+00 2.79622E+00 2.80521E+00 2.81558E+00 2.82790E+00 2.45186E+00 1.96014E+00 6.50394E+01
2.08241E+00 2.57176E+00 2.94646E+00 2.90955E+00 2.91490E+00 2.92414E+00 2.93473E+00 2.94566E+00 2.57176E+00 2.08241E+00 6.80175E+01
2.20429E+00 2.69135E+00 3.06399E+00 3.02794E+00 3.03331E+00 3.04280E+00 3.05359E+00 3.06319E+00 2.69135E+00 2.20429E+00 7.09648E+01
2.32573E+00 2.81057E+00 3.18122E+00 3.14599E+00 3.15140E+00 3.16113E+00 3.17212E+00 3.18043E+00 2.81057E+00 2.32573E+00 7.38802E+01
2.44668E+00 2.92936E+00 3.29810E+00 3.26367E+00 3.26909E+00 3.27906E+00 3.29026E+00 3.29730E+00 2.92936E+00 2.44668E+00 7.67626E+01
2.56709E+00 3.04769E+00 3.41456E+00 3.38090E+00 3.38636E+00 3.39656E+00 3.40796E+00 3.41377E+00 3.04769E+00 2.56709E+00 7.96114E+01
2.68693E+00 3.16551E+00 3.53058E+00 3.49766E+00 3.50314E+00 3.51358E+00 3.52516E+00 3.52979E+00 3.16551E+00 2.68693E+00 8.24259E+01
2.80616E+00 3.28278E+00 3.64610E+00 3.61391E+00 3.61941E+00 3.63008E+00 3.64185E+00 3.64531E+00 3.28278E+00 2.80616E+00 8.52057E+01
2.92476E+00 3.39947E+00 3.76109E+00 3.72960E+00 3.73513E+00 3.74603E+00 3.75798E+00 3.76031E+00 3.39947E+00 2.92476E+00 8.79506E+01
3.04270E+00 3.51555E+00 3.87553E+00 3.84472E+00 3.85028E+00 3.86139E+00 3.87353E+00 3.87475E+00 3.51555E+00 3.04270E+00 9.06604E+01
3.15996E+00 3.63100E+00 3.98938E+00 3.95923E+00 3.96481E+00 3.97614E+00 3.98846E+00 3.98860E+00 3.63100E+00 3.15996E+00 9.33351E+01
3.27651E+00 3.74580E+00 4.10262E+00 4.07311E+00 4.07872E+00 4.09027E+00 4.10276E+00 4.10185E+00 3.74580E+00 3.27651E+00 9.59746E+01
3.39235E+00 3.85992E+00 4.21523E+00 4.18634E+00 4.19197E+00 4.20374E+00 4.21640E+00 4.21446E+00 3.85992E+00 3.39235E+00 9.85790E+01
3.50746E+00 3.97336E+00 4.32719E+00 4.29891E+00 4.30456E+00 4.31654E+00 4.32937E+00 4.32642E+00 3.97336E+00 3.50746E+00 1.01149E+02
3.62182E+00 4.08609E+00 4.43849E+00 4.41080E+00 4.41647E+00 4.42866E+00 4.44165E+00 4.43772E+00 4.08609E+00 3.62182E+00 1.03683E+02
3.73543E+00 4.19811E+00 4.54910E+00 4.52199E+00 4.52768E+00 4.54007E+00 4.55324E+00 4.54834E+00 4.19811E+00 3.73543E+00 1.06184E+02
3.84828E+00 4.30940E+00 4.65903E+00 4.63247E+00 4.63819E+00 4.65079E+00 4.66411E+00 4.65827E+00 4.30940E+00 3.84828E+00 1.08650E+02
3.96035E+00 4.41996E+00 4.76825E+00 4.74224E+00 4.74798E+00 4.76078E+00 4.77426E+00 4.76749E+00 4.41996E+00 3.96035E+00 1.11083E+02
4.07165E+00 4.52978E+00 4.87677E+00 4.85129E+00 4.85705E+00 4.87005E+00 4.88369E+00 4.87601E+00 4.52978E+00 4.07165E+00 1.13482E+02
4.18218E+00 4.63885E+00 4.98457E+00 4.95961E+00 4.96539E+00 4.97858E+00 4.99238E+00 4.98381E+00 4.63885E+00 4.18218E+00 1.15848E+02
4.29192E+00 4.74717E+00 5.09164E+00 5.06719E+00 5.07300E+00 5.08638E+00 5.10033E+00 5.09089E+00 4.74717E+00 4.29192E+00 1.18181E+02
4.40087E+00 4.85473E+00 5.19799E+00 5.17404E+00 5.17986E+00 5.19344E+00 5.20754E+00 5.19724E+00 4.85473E+00 4.40087E+00 1.20482E+02
4.50904E+00 4.96154E+00 5.30361E+00 5.28014E+00 5.28599E+00 5.29975E+00 5.31400E+00 5.30286E+00 4.96154E+00 4.50904E+00 1.22752E+02
4.61642E+00 5.06759E+00 5.40849E+00 5.38550E+00 5.39136E+00 5.40532E+00 5.41971E+00 5.40775E+00 5.06759E+00 4.61642E+00 1.24990E+02
4.72302E+00 5.17288E+00 5.51264E+00 5.49011E+00 5.49600E+00 5.51014E+00 5.52468E+00 5.51190E+00 5.17288E+00 4.72302E+00 1.27197E+02
4.82884E+00 5.27741E+00 5.61606E+00 5.59398E+00 5.59989E+00 5.61421E+00 5.62889E+00 5.61532E+00 5.27741E+00 4.82884E+00 1.29373E+02
0.00000E+00 0.00000E+00 3.64523E-01 3.08034E-01 3.12458E-01 3.13775E-01 3.17967E-01 3.63629E-01 0.00000E+00 0.00000E+00 -1.34150E+00
0.00000E+00 0.00000E+00 3.97029E-01 3.45177E-01 3.49698E-01 3.51766E-01 3.56758E-01 3.96135E-01 0.00000E+00 0.00000E+00 -2.23177E-01
0.00000E+00 4.05125E-02 4.45385E-01 3.97308E-01 4.01915E-01 4.04665E-01 4.10354E-01 4.44493E-01 4.05125E-02 0.00000E+00 1.22969E+00
0.00000E+00 1.07758E-01 5.04839E-01 4.59979E-01 4.64665E-01 4.68050E-01 4.74367E-01 5.03950E-01 1.07758E-01 0.00000E+00 2.95697E+00
0.00000E+00 1.82384E-01 5.72640E-01 5.30593E-01 5.35351E-01 5.39337E-01 5.46228E-01 5.71754E-01 1.82384E-01 0.00000E+00 4.93199E+00
0.00000E+00 2.62532E-01 6.46726E-01 6.07173E-01 6.11999E-01 6.16553E-01 6.23977E-01 6.45843E-01 2.62532E-01 0.00000E+00 7.10289E+00
0.00000E+00 3.46897E-01 7.25642E-01 6.88328E-01 6.93217E-01 6.98313E-01 7.06234E-01 7.24763E-01 3.46897E-01 0.00000E+00 9.42585E+00
0.00000E+00 4.34520E-01 8.08324E-01 7.73036E-01 7.77986E-01 7.83599E-01 7.91987E-01 8.07449E-01 4.34520E-01 0.00000E+00 1.18646E+01
3.64051E-02 5.23691E-01 8.93000E-01 8.59552E-01 8.64560E-01 8.70668E-01 8.79495E-01 8.92130E-01 5.23691E-01 3.64051E-02 1.43280E+01
1.31098E-01 6.13721E-01 9.78907E-01 9.47143E-01 9.52206E-01 9.58791E-01 9.68035E-01 9.78040E-01 6.13721E-01 1.31098E-01 1.67564E+01
2.27549E-01 7.05814E-01 1.06716E+00 1.03696E+00 1.04208E+00 1.04912E+00 1.05877E+00 1.06630E+00 7.05814E-01 2.27549E-01 1.92284E+01
3.25354E-01 7.99529E-01 1.15728E+00 1.12855E+00 1.13371E+00 1.14121E+00 1.15123E+00 1.15642E+00 7.99529E-01 3.25354E-01 2.17301E+01
4.24180E-01 8.94504E-01 1.24888E+00 1.22152E+00 1.22673E+00 1.23467E+00 1.24506E+00 1.24803E+00 8.94504E-01 4.24180E-01 2.42501E+01
5.23752E-01 9.90437E-01 1.34163E+00 1.31556E+00 1.32083E+00 1.32919E+00 1.33993E+00 1.34078E+00 9.90437E-01 5.23752E-01 2.67787E+01
6.23837E-01 1.08708E+00 1.43527E+00 1.41042E+00 1.41573E+00 1.42450E+00 1.43559E+00 1.43442E+00 1.08708E+00 6.23837E-01 2.93077E+01
7.24241E-01 1.18420E+00 1.52955E+00 1.50585E+00 1.51121E+00 1.52039E+00 1.53181E+00 1.52871E+00 1.18420E+00 7.24241E-01 3.18306E+01
8.24797E-01 1.28164E+00 1.62429E+00 1.60168E+00 1.60708E+00 1.61665E+00 1.62839E+00 1.62345E+00 1.28164E+00 8.24797E-01 3.43417E+01
9.25365E-01 1.37924E+00 1.71931E+00 1.69774E+00 1.70319E+00 1.71314E+00 1.72519E+00 1.71848E+00 1.37924E+00 9.25365E-01 3.68364E+01
1.02582E+00 1.47685E+00 1.81447E+00 1.79390E+00 1.79938E+00 1.80971E+00 1.82207E+00 1.81365E+00 1.47685E+00 1.02582E+00 3.93108E+01
1.12607E+00 1.57438E+00 1.90966E+00 1.89002E+00 1.89555E+00 1.90625E+00 1.91890E+00 1.90883E+00 1.57438E+00 1.12607E+00 4.17619E+01
1.22602E+00 1.67171E+00 2.00475E+00 1.98602E+00 1.99158E+00 2.00264E+00 2.01558E+00 2.00393E+00 1.67171E+00 1.22602E+00 4.41870E+01
1.32559E+00 1.76877E+00 2.09966E+00 2.08179E+00 2.08739E+00 2.09881E+00 2.11202E+00 2.09884E+00 1.76877E+00 1.32559E+00 4.65841E+01
1.42472E+00 1.86549E+00 2.19430E+00 2.17727E+00 2.18291E+00 2.19467E+00 2.20815E+00 2.19349E+00 1.86549E+00 1.42472E+00 4.89516E+01
1.52334E+00 1.96179E+00 2.28862E+00 2.27238E+00 2.27806E+00 2.29016E+00 2.30391E+00 2.28782E+00 1.96179E+00 1.52334E+00 5.12882E+01
1.62142E+00 2.05763E+00 2.38255E+00 2.36707E+00 2.37278E+00 2.38522E+00 2.39923E+00 2.38175E+00 2.05763E+00 1.62142E+00 5.35929E+01
1.71892E+00 2.15295E+00 2.47603E+00 2.46129E+00 2.46704E+00 2.47980E+00 2.49406E+00 2.47523E+00 2.15295E+00 1.71892E+00 5.58650E+01
1.81579E+00 2.24772E+00 2.56902E+00 2.55500E+00 2.56078E+00 2.57387E+00 2.58837E+00 2.56823E+00 2.24772E+00 1.81579E+00 5.81038E+01
1.91200E+00 2.34191E+00 2.66149E+00 2.64815E+00 2.65397E+00 2.66737E+00 2.68212E+00 2.66071E+00 2.34191E+00 1.91200E+00 6.03092E+01
2.00754E+00 2.43548E+00 2.75340E+00 2.74072E+00 2.74657E+00 2.76029E+00 2.77527E+00 2.75262E+00 2.43548E+00 2.00754E+00 6.24808E+01
2.10237E+00 2.52841E+00 2.84473E+00 2.83268E+00 2.83857E+00 2.85259E+00 2.86781E+00 2.84395E+00 2.52841E+00 2.10237E+00 6.46187E+01
2.19648E+00 2.62068E+00 2.93543E+00 2.92401E+00 2.92993E+00 2.94425E+00 2.95969E+00 2.93466E+00 2.62068E+00 2.19648E+00 6.67228E+01
2.28986E+00 2.71226E+00 3.02551E+00 3.01469E+00 3.02063E+00 3.03525E+00 3.05092E+00 3.02474E+00 2.71226E+00 2.28986E+00 6.87933E+01
2.38250E+00 2.80315E+00 3.11493E+00 3.10469E+00 3.11067E+00 3.12558E+00 3.14147E+00 3.11417E+00 2.80315E+00 2.38250E+00 7.08305E+01
2.47438E+00 2.89334E+00 3.20369E+00 3.19401E+00 3.20002E+00 3.21522E+00 3.23132E+00 3.20293E+00 2.89334E+00 2.47438E+00 7.28346E+01
2.56549E+00 2.98280E+00 3.29177E+00 3.28264E+00 3.28868E+00 3.30416E+00 3.32048E+00 3.29101E+00 2.98280E+00 2.56549E+00 7.48059E+01
2.65584E+00 3.07154E+00 3.37916E+00 3.37056E+00 3.37664E+00 3.39239E+00 3.40892E+00 3.37841E+00 3.07154E+00 2.65584E+00 7.67448E+01
2.74541E+00 3.15954E+00 3.46586E+00 3.45778E+00 3.46388E+00 3.47991E+00 3.49664E+00 3.46511E+00 3.15954E+00 2.74541E+00 7.86517E+01
2.83420E+00 3.24681E+00 3.55185E+00 3.54427E+00 3.55040E+00 3.56671E+00 3.58363E+00 3.55111E+00 3.24681E+00 2.83420E+00 8.05272E+01
2.92222E+00 3.33334E+00 3.63714E+00 3.63005E+00 3.63621E+00 3.65278E+00 3.66990E+00 3.63640E+00 3.33334E+00 2.92222E+00 8.23715E+01
3.00947E+00 3.41912E+00 3.72172E+00 3.71510E+00 3.72129E+00 3.73812E+00 3.75544E+00 3.72098E+00 3.41912E+00 3.00947E+00 8.41853E+01
3.09593E+00 3.50417E+00 3.80558E+00 3.79943E+00 3.80564E+00 3.82274E+00 3.84025E+00 3.80484E+00 3.50417E+00 3.09593E+00 8.59690E+01
3.18162E+00 3.58847E+00 3.88873E+00 3.88303E+00 3.88927E+00 3.90662E+00 3.92432E+00 3.88800E+00 3.58847E+00 3.18162E+00 8.77231E+01
3.26654E+00 3.67203E+00 3.97117E+00 3.96591E+00 3.97217E+00 3.98978E+00 4.00767E+00 3.97044E+00 3.67203E+00 3.26654E+00 8.94481E+01
3.35070E+00 3.75486E+00 4.05289E+00 4.04806E+00 4.05436E+00 4.07221E+00 4.09028E+00 4.05216E+00 3.75486E+00 3.35070E+00 9.11446E+01
3.43408E+00 3.83694E+00 4.13390E+00 4.12950E+00 4.13582E+00 4.15392E+00 4.17217E+00 4.13318E+00 3.83694E+00 3.43408E+00 9.28131E+01
3.51671E+00 3.91830E+00 4.21421E+00 4.21021E+00 4.21656E+00 4.23491E+00 4.25333E+00 4.21349E+00 3.91830E+00 3.51671E+00 9.44541E+01
3.59859E+00 3.99893E+00 4.29381E+00 4.29021E+00 4.29658E+00 4.31517E+00 4.33377E+00 4.29309E+00 3.99893E+00 3.59859E+00 9.60681E+01
3.67971E+00 4.07883E+00 4.37270E+00 4.36950E+00 4.37590E+00 4.39473E+00 4.41350E+00 4.37199E+00 4.07883E+00 3.67971E+00 9.76556E+01
3.76009E+00 4.15801E+00 4.45090E+00 4.44808E+00 4.45450E+00 4.47357E+00 4.49251E+00 4.45020E+00 4.15801E+00 3.76009E+00 9.92172E+01
3.83973E+00 4.23648E+00 4.52841E+00 4.52597E+00 4.53241E+00 4.55171E+00 4.57082E+00 4.52770E+00 4.23648E+00 3.83973E+00 1.00753E+02
0.00000E+00 0.00000E+00 3.07085E-01 2.76070E-01 2.80614E-01 2.82873E-01 2.89556E-01 3.06129E-01 0.00000E+00 0.00000E+00 -1.27009E+00
0.00000E+00 0.00000E+00 3.40866E-01 3.13702E-01 3.18369E-01 3.21681E-01 3.29337E-01 3.39919E-01 0.00000E+00 0.00000E+00 -1.48526E-01
0.00000E+00 3.79594E-02 3.87145E-01 3.63118E-01 3.67896E-01 3.72154E-01 3.80655E-01 3.86206E-01 3.79594E-02 0.00000E+00 1.24823E+00
0.00000E+00 9.95237E-02 4.41985E-01 4.20633E-01 4.25512E-01 4.30648E-01 4.39907E-01 4.41055E-01 9.95237E-02 0.00000E+00 2.85865E+00
0.00000E+00 1.66534E-01 5.03104E-01 4.84093E-01 4.89065E-01 4.95024E-01 5.04976E-01 5.02182E-01 1.66534E-01 0.00000E+00 4.65563E+00
0.00000E+00 2.37455E-01 5.68791E-01 5.51857E-01 5.56917E-01 5.63651E-01 5.74245E-01 5.67878E-01 2.37455E-01 0.00000E+00 6.59105E+00
0.00000E+00 3.11223E-01 6.37854E-01 6.22784E-01 6.27927E-01 6.35396E-01 6.46587E-01 6.36951E-01 3.11223E-01 0.00000E+00 8.62633E+00
0.00000E+00 3.87067E-01 7.09432E-01 6.96050E-01 7.01271E-01 7.09439E-01 7.21190E-01 7.08537E-01 3.87067E-01 0.00000E+00 1.07310E+01
3.14399E-02 4.63747E-01 7.82230E-01 7.70381E-01 7.75677E-01 7.84512E-01 7.96788E-01 7.81343E-01 4.63747E-01 3.14399E-02 1.28255E+01
1.12717E-01 5.40766E-01 8.55687E-01 8.45242E-01 8.50609E-01 8.60083E-01 8.72857E-01 8.54809E-01 5.40766E-01 1.12717E-01 1.48613E+01
1.94833E-01 6.18901E-01 9.30503E-01 9.21364E-01 9.26799E-01 9.36890E-01 9.50140E-01 9.29633E-01 6.18901E-01 1.94833E-01 1.69120E+01
2.77486E-01 6.97817E-01 1.00631E+00 9.98397E-01 1.00390E+00 1.01459E+00 1.02829E+00 1.00545E+00 6.97817E-01 2.77486E-01 1.89674E+01
3.60434E-01 7.77246E-01 1.08283E+00 1.07605E+00 1.08162E+00 1.09289E+00 1.10703E+00 1.08197E+00 7.77246E-01 3.60434E-01 2.10194E+01
4.43480E-01 8.56966E-01 1.15980E+00 1.15410E+00 1.15973E+00 1.17156E+00 1.18613E+00 1.15896E+00 8.56966E-01 4.43480E-01 2.30611E+01
5.26461E-01 9.36796E-01 1.23704E+00 1.23235E+00 1.23804E+00 1.25042E+00 1.26539E+00 1.23620E+00 9.36796E-01 5.26461E-01 2.50870E+01
6.09244E-01 1.01659E+00 1.31437E+00 1.31064E+00 1.31639E+00 1.32930E+00 1.34466E+00 1.31354E+00 1.01659E+00 6.09244E-01 2.70930E+01
6.91718E-01 1.09621E+00 1.39165E+00 1.38884E+00 1.39464E+00 1.40807E+00 1.42381E+00 1.39083E+00 1.09621E+00 6.91718E-01 2.90756E+01
7.73792E-01 1.17556E+00 1.46878E+00 1.46684E+00 1.47269E+00 1.48662E+00 1.50274E+00 1.46797E+00 1.17556E+00 7.73792E-01 3.10320E+01
8.55390E-01 1.25456E+00 1.54566E+00 1.54454E+00 1.55045E+00 1.56487E+00 1.58134E+00 1.54485E+00 1.25456E+00 8.55390E-01 3.29601E+01
9.36448E-01 1.33312E+00 1.62220E+00 1.62187E+00 1.62782E+00 1.64273E+00 1.65955E+00 1.62140E+00 1.33312E+00 9.36448E-01 3.48584E+01
1.01691E+00 1.41120E+00 1.69834E+00 1.69875E+00 1.70476E+00 1.72014E+00 1.73730E+00 1.69754E+00 1.41120E+00 1.01691E+00 3.67257E+01
1.09675E+00 1.48874E+00 1.77401E+00 1.77515E+00 1.78121E+00 1.79704E+00 1.81453E+00 1.77323E+00 1.48874E+00 1.09675E+00 3.85612E+01
1.17591E+00 1.56569E+00 1.84918E+00 1.85100E+00 1.85711E+00 1.87340E+00 1.89121E+00 1.84840E+00 1.56569E+00 1.17591E+00 4.03642E+01
1.25437E+00 1.64202E+00 1.92380E+00 1.92628E+00 1.93244E+00 1.94916E+00 1.96728E+00 1.92302E+00 1.64202E+00 1.25437E+00 4.21344E+01
1.33211E+00 1.71771E+00 1.99783E+00 2.00095E+00 2.00715E+00 2.02431E+00 2.04274E+00 1.99706E+00 1.71771E+00 1.33211E+00 4.38718E+01
1.40911E+00 1.79272E+00 2.07125E+00 2.07499E+00 2.08123E+00 2.09881E+00 2.11754E+00 2.07049E+00 1.79272E+00 1.40911E+00 4.55763E+01
1.48536E+00 1.86705E+00 2.14404E+00 2.14837E+00 2.15466E+00 2.17265E+00 2.19167E+00 2.14329E+00 1.86705E+00 1.48536E+00 4.72480E+01
1.56084E+00 1.94067E+00 2.21618E+00 2.22107E+00 2.22741E+00 2.24581E+00 2.26511E+00 2.21543E+00 1.94067E+00 1.56084E+00 4.88873E+01
1.63554E+00 2.01358E+00 2.28765E+00 2.29309E+00 2.29947E+00 2.31827E+00 2.33785E+00 2.28691E+00 2.01358E+00 1.63554E+00 5.04945E+01
1.70947E+00 2.08576E+00 2.35844E+00 2.36442E+00 2.37083E+00 2.39003E+00 2.40988E+00 2.35770E+00 2.08576E+00 1.70947E+00 5.20699E+01
1.78261E+00 2.15721E+00 2.42854E+00 2.43503E+00 2.44149E+00 2.46107E+00 2.48119E+00 2.42781E+00 2.15721E+00 1.78261E+00 5.36140E+01
1.85497E+00 2.22792E+00 2.49795E+00 2.50494E+00 2.51144E+00 2.53140E+00 2.55178E+00 2.49723E+00 2.22792E+00 1.85497E+00 5.51274E+01
1.92655E+00 2.29790E+00 2.56666E+00 2.57413E+00 2.58067E+00 2.60100E+00 2.62164E+00 2.56594E+00 2.29790E+00 1.92655E+00 5.66105E+01
1.99734E+00 2.36714E+00 2.63467E+00 2.64261E+00 2.64919E+00 2.66988E+00 2.69078E+00 2.63396E+00 2.36714E+00 1.99734E+00 5.80639E+01
2.06736E+00 2.43565E+00 2.70197E+00 2.71037E+00 2.71699E+00 2.73804E+00 2.75919E+00 2.70127E+00 2.43565E+00 2.06736E+00 5.94883E+01
2.13660E+00 2.50342E+00 2.76858E+00 2.77742E+00 2.78407E+00 2.80548E+00 2.82687E+00 2.76788E+00 2.50342E+00 2.13660E+00 6.08841E+01
2.20508E+00 2.57045E+00 2.83448E+00 2.84375E+00 2.85044E+00 2.87220E+00 2.89383E+00 2.83379E+00 2.57045E+00 2.20508E+00 6.22519E+01
2.27279E+00 2.63676E+00 2.89969E+00 2.90937E+00 2.91610E+00 2.93820E+00 2.96006E+00 2.89900E+00 2.63676E+00 2.27279E+00 6.35925E+01
2.33974E+00 2.70235E+00 2.96420E+00 2.97429E+00 2.98105E+00 3.00349E+00 3.02559E+00 2.96352E+00 2.70235E+00 2.33974E+00 6.49063E+01
2.40595E+00 2.76722E+00 3.02802E+00 3.03850E+00 3.04530E+00 3.06808E+00 3.09040E+00 3.02734E+00 2.76722E+00 2.40595E+00 6.61940E+01
2.47141E+00 2.83137E+00 3.09115E+00 3.10202E+00 3.10885E+00 3.13196E+00 3.15451E+00 3.09048E+00 2.83137E+00 2.47141E+00 6.74562E+01
2.53613E+00 2.89482E+00 3.15361E+00 3.16485E+00 3.17172E+00 3.19515E+00 3.21791E+00 3.15294E+00 2.89482E+00 2.53613E+00 6.86934E+01
2.60013E+00 2.95758E+00 3.21539E+00 3.22699E+00 3.23389E+00 3.25765E+00 3.28063E+00 3.21473E+00 2.95758E+00 2.60013E+00 6.99063E+01
2.66341E+00 3.01964E+00 3.27650E+00 3.28846E+00 3.29539E+00 3.31946E+00 3.34266E+00 3.27584E+00 3.01964E+00 2.66341E+00 7.10954E+01
2.72599E+00 3.08102E+00 3.33695E+00 3.34926E+00 3.35622E+00 3.38060E+00 3.40401E+00 3.33630E+00 3.08102E+00 2.72599E+00 7.22613E+01
2.78786E+00 3.14172E+00 3.39674E+00 3.40939E+00 3.41639E+00 3.44108E+00 3.46469E+00 3.39610E+00 3.14172E+00 2.78786E+00 7.34045E+01
2.84904E+00 3.20176E+00 3.45589E+00 3.46887E+00 3.47590E+00 3.50089E+00 3.52471E+00 3.45525E+00 3.20176E+00 2.84904E+00 7.45256E+01
2.90953E+00 3.26114E+00 3.51439E+00 3.52770E+00 3.53476E+00 3.56005E+00 3.58407E+00 3.51376E+00 3.26114E+00 2.90953E+00 7.56250E+01
2.96936E+00 3.31986E+00 3.57226E+00 3.58589E+00 3.59298E+00 3.61856E+00 3.64279E+00 3.57164E+00 3.31986E+00 2.96936E+00 7.67034E+01
3.02852E+00 3.37794E+00 3.62951E+00 3.64344E+00 3.65057E+00 3.67644E+00 3.70086E+00 3.62889E+00 3.37794E+00 3.02852E+00 7.77613E+01
0.00000E+00 0.00000E+00 2.58001E-01 2.48172E-01 2.52819E-01 2.56633E-01 2.66492E-01 2.56996E-01 0.00000E+00 0.00000E+00 -1.17965E+00
0.00000E+00 0.00000E+00 2.92570E-01 2.85963E-01 2.90778E-01 2.96054E-01 3.07075E-01 2.91584E-01 0.00000E+00 0.00000E+00 -4.93304E-02
0.00000E+00 3.54699E-02 3.36639E-01 3.32659E-01 3.37624E-01 3.44206E-01 3.56231E-01 3.35672E-01 3.54699E-02 0.00000E+00 1.29294E+00
0.00000E+00 9.16786E-02 3.87039E-01 3.85300E-01 3.90402E-01 3.98183E-01 4.11109E-01 3.86089E-01 9.16786E-02 0.00000E+00 2.78931E+00
0.00000E+00 1.51656E-01 4.41925E-01 4.42149E-01 4.47377E-01 4.56276E-01 4.70025E-01 4.40992E-01 1.51656E-01 0.00000E+00 4.41543E+00
0.00000E+00 2.14170E-01 4.99916E-01 5.01880E-01 5.07227E-01 5.17173E-01 5.31682E-01 4.98999E-01 2.14170E-01 0.00000E+00 6.12890E+00
0.00000E+00 2.78382E-01 5.60062E-01 5.63589E-01 5.69046E-01 5.79981E-01 5.95196E-01 5.59160E-01 2.78382E-01 0.00000E+00 7.89754E+00
0.00000E+00 3.43695E-01 6.21687E-01 6.26629E-01 6.32191E-01 6.44062E-01 6.59938E-01 6.20800E-01 3.43695E-01 0.00000E+00 9.69707E+00
2.69953E-02 4.09242E-01 6.83877E-01 6.90105E-01 6.95766E-01 7.08525E-01 7.25022E-01 6.83005E-01 4.09242E-01 2.69953E-02 1.14600E+01
9.63359E-02 4.74682E-01 7.46238E-01 7.53642E-01 7.59397E-01 7.73003E-01 7.90086E-01 7.45379E-01 4.74682E-01 9.63359E-02 1.31476E+01
1.65798E-01 5.40497E-01 8.09181E-01 8.17679E-01 8.23525E-01 8.37947E-01 8.55590E-01 8.08336E-01 5.40497E-01 1.65798E-01 1.48287E+01
2.35171E-01 6.06446E-01 8.72445E-01 8.81964E-01 8.87897E-01 9.03105E-01 9.21285E-01 8.71613E-01 6.06446E-01 2.35171E-01 1.64963E+01
3.04293E-01 6.72341E-01 9.35818E-01 9.46295E-01 9.52311E-01 9.68280E-01 9.86975E-01 9.34998E-01 6.72341E-01 3.04293E-01 1.81449E+01
3.73034E-01 7.38032E-01 9.99132E-01 1.01051E+00 1.01661E+00 1.03331E+00 1.05250E+00 9.98326E-01 7.38032E-01 3.73034E-01 1.97705E+01
4.41292E-01 8.03399E-01 1.06225E+00 1.07448E+00 1.08066E+00 1.09807E+00 1.11774E+00 1.06146E+00 8.03399E-01 4.41292E-01 2.13698E+01
5.08986E-01 8.68346E-01 1.12507E+00 1.13810E+00 1.14435E+00 1.16246E+00 1.18259E+00 1.12429E+00 8.68346E-01 5.08986E-01 2.29406E+01
5.76052E-01 9.32796E-01 1.18750E+00 1.20129E+00 1.20762E+00 1.22640E+00 1.24697E+00 1.18673E+00 9.32796E-01 5.76052E-01 2.44812E+01
6.42440E-01 9.96687E-01 1.24947E+00 1.26398E+00 1.27038E+00 1.28981E+00 1.31082E+00 1.24871E+00 9.96687E-01 6.42440E-01 2.59905E+01
7.08111E-01 1.05997E+00 1.31092E+00 1.32612E+00 1.33258E+00 1.35265E+00 1.37408E+00 1.31017E+00 1.05997E+00 7.08111E-01 2.74677E+01
7.73036E-01 1.12261E+00 1.37180E+00 1.38765E+00 1.39419E+00 1.41488E+00 1.43672E+00 1.37106E+00 1.12261E+00 7.73036E-01 2.89124E+01
8.37190E-01 1.18457E+00 1.43208E+00 1.44856E+00 1.45516E+00 1.47646E+00 1.49869E+00 1.43135E+00 1.18457E+00 8.37190E-01 3.03246E+01
9.00559E-01 1.24582E+00 1.49173E+00 1.50881E+00 1.51547E+00 1.53736E+00 1.55997E+00 1.49101E+00 1.24582E+00 9.00559E-01 3.17041E+01
9.63130E-01 1.30637E+00 1.55072E+00 1.56838E+00 1.57510E+00 1.59757E+00 1.62056E+00 1.55001E+00 1.30637E+00 9.63130E-01 3.30514E+01
1.02490E+00 1.36617E+00 1.60904E+00 1.62725E+00 1.63404E+00 1.65706E+00 1.68042E+00 1.60835E+00 1.36617E+00 1.02490E+00 3.43667E+01
1.08586E+00 1.42524E+00 1.66668E+00 1.68542E+00 1.69226E+00 1.71584E+00 1.73955E+00 1.66599E+00 1.42524E+00 1.08586E+00 3.56505E+01
1.14600E+00 1.48357E+00 1.72363E+00 1.74287E+00 1.74978E+00 1.77389E+00 1.79795E+00 1.72295E+00 1.48357E+00 1.14600E+00 3.69033E+01
1.20535E+00 1.54115E+00 1.77987E+00 1.79961E+00 1.80657E+00 1.83121E+00 1.85561E+00 1.77920E+00 1.54115E+00 1.20535E+00 3.81258E+01
1.26388E+00 1.59798E+00 1.83541E+00 1.85562E+00 1.86264E+00 1.88780E+00 1.91253E+00 1.83475E+00 1.59798E+00 1.26388E+00 3.93186E+01
1.32162E+00 1.65406E+00 1.89025E+00 1.91092E+00 1.91799E+00 1.94365E+00 1.96871E+00 1.88960E+00 1.65406E+00 1.32162E+00 4.04823E+01
1.37857E+00 1.70940E+00 1.94439E+00 1.96549E+00 1.97262E+00 1.99878E+00 2.02416E+00 1.94375E+00 1.70940E+00 1.37857E+00 4.16177E+01
1.43473E+00 1.76401E+00 1.99782E+00 2.01936E+00 2.02653E+00 2.05318E+00 2.07887E+00 1.99719E+00 1.76401E+00 1.43473E+00 4.27255E+01
1.49011E+00 1.81788E+00 2.05056E+00 2.07251E+00 2.07973E+00 2.10686E+00 2.13286E+00 2.04994E+00 1.81788E+00 1.49011E+00 4.38063E+01
1.54473E+00 1.87103E+00 2.10261E+00 2.12496E+00 2.13223E+00 2.15983E+00 2.18612E+00 2.10199E+00 1.87103E+00 1.54473E+00 4.48609E+01
1.59859E+00 1.92346E+00 2.15397E+00 2.17671E+00 2.18403E+00 2.21209E+00 2.23868E+00 2.15337E+00 1.92346E+00 1.59859E+00 4.58899E+01
1.65171E+00 1.97518E+00 2.20466E+00 2.22777E+00 2.23514E+00 2.26365E+00 2.29053E+00 2.20406E+00 1.97518E+00 1.65171E+00 4.68942E+01
1.70409E+00 2.02620E+00 2.25467E+00 2.27814E+00 2.28556E+00 2.31452E+00 2.34168E+00 2.25408E+00 2.02620E+00 1.70409E+00 4.78743E+01
1.75574E+00 2.07653E+00 2.30402E+00 2.32785E+00 2.33531E+00 2.36470E+00 2.39215E+00 2.30344E+00 2.07653E+00 1.75574E+00 4.88310E+01
1.80668E+00 2.12618E+00 2.35272E+00 2.37688E+00 2.38440E+00 2.41422E+00 2.44193E+00 2.35214E+00 2.12618E+00 1.80668E+00 4.97648E+01
1.85692E+00 2.17517E+00 2.40076E+00 2.42527E+00 2.43282E+00 2.46307E+00 2.49105E+00 2.40020E+00 2.17517E+00 1.85692E+00 5.06766E+01
1.90647E+00 2.22349E+00 2.44818E+00 2.47300E+00 2.48060E+00 2.51127E+00 2.53952E+00 2.44761E+00 2.22349E+00 1.90647E+00 5.15668E+01
1.95534E+00 2.27116E+00 2.49496E+00 2.52010E+00 2.52775E+00 2.55882E+00 2.58733E+00 2.49441E+00 2.27116E+00 1.95534E+00 5.24361E+01
2.00355E+00 2.31819E+00 2.54112E+00 2.56657E+00 2.57426E+00 2.60574E+00 2.63450E+00 2.54058E+00 2.31819E+00 2.00355E+00 5.32851E+01
2.05110E+00 2.36459E+00 2.58668E+00 2.61243E+00 2.62016E+00 2.65203E+00 2.68105E+00 2.58614E+00 2.36459E+00 2.05110E+00 5.41144E+01
2.09800E+00 2.41037E+00 2.63163E+00 2.65768E+00 2.66545E+00 2.69771E+00 2.72698E+00 2.63110E+00 2.41037E+00 2.09800E+00 5.49246E+01
2.14427E+00 2.45554E+00 2.67600E+00 2.70233E+00 2.71014E+00 2.74279E+00 2.77230E+00 2.67547E+00 2.45554E+00 2.14427E+00 5.57162E+01
2.18992E+00 2.50011E+00 2.71978E+00 2.74639E+00 2.75424E+00 2.78727E+00 2.81702E+00 2.71926E+00 2.50011E+00 2.18992E+00 5.64897E+01
2.23496E+00 2.54409E+00 2.76299E+00 2.78987E+00 2.79776E+00 2.83117E+00 2.86116E+00 2.76248E+00 2.54409E+00 2.23496E+00 5.72457E+01
2.27939E+00 2.58750E+00 2.80564E+00 2.83279E+00 2.84071E+00 2.87449E+00 2.90472E+00 2.80514E+00 2.58750E+00 2.27939E+00 5.79846E+01
2.32324E+00 2.63034E+00 2.84774E+00 2.87514E+00 2.88311E+00 2.91725E+00 2.94771E+00 2.84724E+00 2.63034E+00 2.32324E+00 5.87070E+01
2.36652E+00 2.67262E+00 2.88929E+00 2.91695E+00 2.92495E+00 2.95946E+00 2.99014E+00 2.88880E+00 2.67262E+00 2.36652E+00 5.94133E+01
0.00000E+00 0.00000E+00 2.16144E-01 2.24124E-01 2.28908E-01 2.35253E-01 2.49028E-01 2.15115E-01 0.00000E+00 0.00000E+00 -1.05717E+00
0.00000E+00 0.00000E+00 2.51043E-01 2.61746E-01 2.66769E-01 2.75127E-01 2.90261E-01 2.50049E-01 0.00000E+00 0.00000E+00 8.34768E-02
0.00000E+00 3.30374E-02 2.92788E-01 3.05711E-01 3.10943E-01 3.21080E-01 3.37390E-01 2.91825E-01 3.30374E-02 0.00000E+00 1.36950E+00
0.00000E+00 8.41871E-02 3.38912E-01 3.53729E-01 3.59150E-01 3.70910E-01 3.88273E-01 3.37978E-01 8.41871E-02 0.00000E+00 2.75190E+00
0.00000E+00 1.37658E-01 3.87978E-01 4.04451E-01 4.10047E-01 4.23308E-01 4.41634E-01 3.87071E-01 1.37658E-01 0.00000E+00 4.21203E+00
0.00000E+00 1.92504E-01 4.38908E-01 4.56850E-01 4.62608E-01 4.77269E-01 4.96481E-01 4.38027E-01 1.92504E-01 0.00000E+00 5.71493E+00
0.00000E+00 2.48092E-01 4.90977E-01 5.10236E-01 5.16146E-01 5.32119E-01 5.52157E-01 4.90120E-01 2.48092E-01 0.00000E+00 7.23558E+00
0.00000E+00 3.03988E-01 5.43678E-01 5.64131E-01 5.70182E-01 5.87394E-01 6.08203E-01 5.42844E-01 3.03988E-01 0.00000E+00 8.75618E+00
2.30227E-02 3.59618E-01 5.96401E-01 6.17935E-01 6.24120E-01 6.42499E-01 6.64032E-01 5.95589E-01 3.59618E-01 2.30227E-02 1.02210E+01
8.17622E-02 4.14767E-01 6.48882E-01 6.71404E-01 6.77716E-01 6.97203E-01 7.19420E-01 6.48090E-01 4.14767E-01 8.17622E-02 1.16006E+01
1.40077E-01 4.69724E-01 7.01351E-01 7.24792E-01 7.31224E-01 7.51774E-01 7.74644E-01 7.00580E-01 4.69724E-01 1.40077E-01 1.29583E+01
1.97840E-01 5.24332E-01 7.53631E-01 7.77929E-01 7.84477E-01 8.06049E-01 8.29544E-01 7.52880E-01 5.24332E-01 1.97840E-01 1.42899E+01
2.54954E-01 5.78474E-01 8.05586E-01 8.30686E-01 8.37345E-01 8.59901E-01 8.83996E-01 8.04853E-01 5.78474E-01 2.54954E-01 1.55925E+01
3.11350E-01 6.32059E-01 8.57111E-01 8.82965E-01 8.89730E-01 9.13235E-01 9.37908E-01 8.56396E-01 6.32059E-01 3.11350E-01 1.68643E+01
3.66977E-01 6.85021E-01 9.08126E-01 9.34688E-01 9.41556E-01 9.65979E-01 9.91208E-01 9.07428E-01 6.85021E-01 3.66977E-01 1.81040E+01
4.21798E-01 7.37308E-01 9.58568E-01 9.85800E-01 9.92767E-01 1.01808E+00 1.04384E+00 9.57887E-01 7.37308E-01 4.21798E-01 1.93109E+01
4.75788E-01 7.88885E-01 1.00839E+00 1.03626E+00 1.04332E+00 1.06949E+00 1.09578E+00 1.00773E+00 7.88885E-01 4.75788E-01 2.04847E+01
5.28930E-01 8.39723E-01 1.05756E+00 1.08603E+00 1.09318E+00 1.12019E+00 1.14698E+00 1.05691E+00 8.39723E-01 5.28930E-01 2.16256E+01
5.81215E-01 8.89804E-01 1.10605E+00 1.13509E+00 1.14233E+00 1.17015E+00 1.19742E+00 1.10542E+00 8.89804E-01 5.81215E-01 2.27337E+01
6.32641E-01 9.39118E-01 1.15384E+00 1.18342E+00 1.19076E+00 1.21936E+00 1.24711E+00 1.15322E+00 9.39118E-01 6.32641E-01 2.38095E+01
6.83207E-01 9.87657E-01 1.20092E+00 1.23102E+00 1.23844E+00 1.26781E+00 1.29602E+00 1.20032E+00 9.87657E-01 6.83207E-01 2.48538E+01
7.32918E-01 1.03542E+00 1.24729E+00 1.27789E+00 1.28539E+00 1.31550E+00 1.34415E+00 1.24670E+00 1.03542E+00 7.32918E-01 2.58670E+01
7.81781E-01 1.08241E+00 1.29293E+00 1.32401E+00 1.33158E+00 1.36242E+00 1.39151E+00 1.29235E+00 1.08241E+00 7.81781E-01 2.68502E+01
8.29805E-01 1.12862E+00 1.33785E+00 1.36939E+00 1.37704E+00 1.40859E+00 1.43810E+00 1.33729E+00 1.12862E+00 8.29805E-01 2.78039E+01
8.77001E-01 1.17407E+00 1.38206E+00 1.41403E+00 1.42176E+00 1.45400E+00 1.48393E+00 1.38151E+00 1.17407E+00 8.77001E-01 2.87292E+01
9.23381E-01 1.21877E+00 1.42556E+00 1.45794E+00 1.46575E+00 1.49866E+00 1.52900E+00 1.42502E+00 1.21877E+00 9.23381E-01 2.96268E+01
9.68959E-01 1.26272E+00 1.46835E+00 1.50114E+00 1.50902E+00 1.54259E+00 1.57332E+00 1.46782E+00 1.26272E+00 9.68959E-01 3.04976E+01
1.01375E+00 1.30593E+00 1.51044E+00 1.54362E+00 1.55157E+00 1.58578E+00 1.61690E+00 1.50993E+00 1.30593E+00 1.01375E+00 3.13426E+01
1.05776E+00 1.34841E+00 1.55184E+00 1.58539E+00 1.59341E+00 1.62826E+00 1.65975E+00 1.55134E+00 1.34841E+00 1.05776E+00 3.21624E+01
1.10102E+00 1.39018E+00 1.59257E+00 1.62648E+00 1.63456E+00 1.67003E+00 1.70189E+00 1.59208E+00 1.39018E+00 1.10102E+00 3.29581E+01
1.14353E+00 1.43125E+00 1.63262E+00 1.66688E+00 1.67503E+00 1.71110E+00 1.74332E+00 1.63215E+00 1.43125E+00 1.14353E+00 3.37303E+01
1.18531E+00 1.47163E+00 1.67202E+00 1.70662E+00 1.71483E+00 1.75149E+00 1.78407E+00 1.67156E+00 1.47163E+00 1.18531E+00 3.44800E+01
1.22637E+00 1.51134E+00 1.71077E+00 1.74569E+00 1.75397E+00 1.79121E+00 1.82413E+00 1.71032E+00 1.51134E+00 1.22637E+00 3.52078E+01
1.26674E+00 1.55039E+00 1.74889E+00 1.78412E+00 1.79246E+00 1.83027E+00 1.86354E+00 1.74844E+00 1.55039E+00 1.26674E+00 3.59145E+01
1.30643E+00 1.58878E+00 1.78638E+00 1.82192E+00 1.83032E+00 1.86869E+00 1.90229E+00 1.78595E+00 1.58878E+00 1.30643E+00 3.66009E+01
1.34544E+00 1.62654E+00 1.82326E+00 1.85910E+00 1.86756E+00 1.90647E+00 1.94040E+00 1.82284E+00 1.62654E+00 1.34544E+00 3.72677E+01
1.38380E+00 1.66368E+00 1.85955E+00 1.89567E+00 1.90418E+00 1.94364E+00 1.97789E+00 1.85914E+00 1.66368E+00 1.38380E+00 3.79155E+01
1.42153E+00 1.70021E+00 1.89524E+00 1.93164E+00 1.94021E+00 1.98020E+00 2.01476E+00 1.89484E+00 1.70021E+00 1.42153E+00 3.85450E+01
1.45862E+00 1.73614E+00 1.93036E+00 1.96704E+00 1.97566E+00 2.01616E+00 2.05104E+00 1.92997E+00 1.73614E+00 1.45862E+00 3.91569E+01
1.49511E+00 1.77149E+00 1.96492E+00 2.00185E+00 2.01053E+00 2.05155E+00 2.08672E+00 1.96454E+00 1.77149E+00 1.49511E+00 3.97516E+01
1.53099E+00 1.80626E+00 1.99892E+00 2.03611E+00 2.04485E+00 2.08636E+00 2.12184E+00 1.99855E+00 1.80626E+00 1.53099E+00 4.03299E+01
1.56630E+00 1.84048E+00 2.03239E+00 2.06982E+00 2.07861E+00 2.12062E+00 2.15639E+00 2.03202E+00 1.84048E+00 1.56630E+00 4.08923E+01
1.60103E+00 1.87415E+00 2.06532E+00 2.10300E+00 2.11184E+00 2.15433E+00 2.19039E+00 2.06497E+00 1.87415E+00 1.60103E+00 4.14393E+01
1.63520E+00 1.90728E+00 2.09774E+00 2.13565E+00 2.14454E+00 2.18751E+00 2.22386E+00 2.09739E+00 1.90728E+00 1.63520E+00 4.19715E+01
1.66883E+00 1.93989E+00 2.12964E+00 2.16779E+00 2.17672E+00 2.22016E+00 2.25680E+00 2.12931E+00 1.93989E+00 1.66883E+00 4.24893E+01
1.70193E+00 1.97199E+00 2.16106E+00 2.19942E+00 2.20841E+00 2.25231E+00 2.28922E+00 2.16073E+00 1.97199E+00 1.70193E+00 4.29932E+01
1.73450E+00 2.00359E+00 2.19198E+00 2.23056E+00 2.23960E+00 2.28395E+00 2.32114E+00 2.19166E+00 2.00359E+00 1.73450E+00 4.34837E+01
1.76656E+00 2.03470E+00 2.22243E+00 2.26123E+00 2.27031E+00 2.31511E+00 2.35256E+00 2.22212E+00 2.03470E+00 1.76656E+00 4.39612E+01
1.79813E+00 2.06533E+00 2.25241E+00 2.29142E+00 2.30054E+00 2.34579E+00 2.38351E+00 2.25211E+00 2.06533E+00 1.79813E+00 4.44262E+01
1.82920E+00 2.09548E+00 2.28194E+00 2.32114E+00 2.33032E+00 2.37600E+00 2.41398E+00 2.28165E+00 2.09548E+00 1.82920E+00 4.48790E+01
0.00000E+00 0.00000E+00 1.80530E-01 2.03751E-01 2.08812E-01 2.19223E-01 2.37631E-01 1.79521E-01 0.00000E+00 0.00000E+00 -8.86433E-01
0.00000E+00 0.00000E+00 2.15337E-01 2.40880E-01 2.46281E-01 2.59426E-01 2.79405E-01 2.14384E-01 0.00000E+00 0.00000E+00 2.60371E-01
0.00000E+00 3.06507E-02 2.54649E-01 2.82081E-01 2.87775E-01 3.03313E-01 3.24651E-01 2.53745E-01 3.06507E-02 0.00000E+00 1.48402E+00
0.00000E+00 7.69999E-02 2.96641E-01 3.25681E-01 3.31638E-01 3.49338E-01 3.71896E-01 2.95781E-01 7.69999E-02 0.00000E+00 2.74924E+00
0.00000E+00 1.24429E-01 3.40250E-01 3.70693E-01 3.76891E-01 3.96577E-01 4.20249E-01 3.39430E-01 1.24429E-01 0.00000E+00 4.04568E+00
0.00000E+00 1.72257E-01 3.84680E-01 4.16364E-01 4.22783E-01 4.44310E-01 4.69011E-01 3.83898E-01 1.72257E-01 0.00000E+00 5.34707E+00
0.00000E+00 2.20044E-01 4.29412E-01 4.62207E-01 4.68831E-01 4.92074E-01 5.17733E-01 4.28666E-01 2.20044E-01 0.00000E+00 6.63603E+00
0.00000E+00 2.67504E-01 4.74098E-01 5.07896E-01 5.14711E-01 5.39565E-01 5.66118E-01 4.73385E-01 2.67504E-01 0.00000E+00 7.90117E+00
1.94751E-02 3.14291E-01 5.18361E-01 5.53065E-01 5.60058E-01 5.86423E-01 6.13816E-01 5.17679E-01 3.14291E-01 1.94751E-02 9.09798E+00
6.88097E-02 3.60298E-01 5.62049E-01 5.97580E-01 6.04740E-01 6.32530E-01 6.60717E-01 5.61396E-01 3.60298E-01 6.88097E-02 1.02054E+01
1.17322E-01 4.05695E-01 6.05285E-01 6.41582E-01 6.48901E-01 6.78053E-01 7.06998E-01 6.04660E-01 4.05695E-01 1.17322E-01 1.12808E+01
1.64952E-01 4.50400E-01 6.47966E-01 6.84975E-01 6.92445E-01 7.22902E-01 7.52572E-01 6.47368E-01 4.50400E-01 1.64952E-01 1.23225E+01
2.11665E-01 4.94353E-01 6.90019E-01 7.27693E-01 7.35308E-01 7.67016E-01 7.97382E-01 6.89446E-01 4.94353E-01 2.11665E-01 1.33300E+01
2.57439E-01 5.37518E-01 7.31392E-01 7.69688E-01 7.77442E-01 8.10353E-01 8.41390E-01 7.30844E-01 5.37518E-01 2.57439E-01 1.43029E+01
3.02266E-01 5.79871E-01 7.72051E-01 8.10931E-01 8.18818E-01 8.52888E-01 8.84570E-01 7.71526E-01 5.79871E-01 3.02266E-01 1.52415E+01
3.46145E-01 6.21397E-01 8.11971E-01 8.51403E-01 8.59417E-01 8.94604E-01 9.26909E-01 8.11469E-01 6.21397E-01 3.46145E-01 1.61465E+01
3.89083E-01 6.62093E-01 8.51141E-01 8.91093E-01 8.99229E-01 9.35496E-01 9.68404E-01 8.50661E-01 6.62093E-01 3.89083E-01 1.70185E+01
4.31090E-01 7.01959E-01 8.89554E-01 9.29997E-01 9.38252E-01 9.75563E-01 1.00905E+00 8.89095E-01 7.01959E-01 4.31090E-01 1.78585E+01
4.72180E-01 7.41001E-01 9.27210E-01 9.68119E-01 9.76488E-01 1.01481E+00 1.04887E+00 9.26771E-01 7.41001E-01 4.72180E-01 1.86675E+01
5.12370E-01 7.79228E-01 9.64112E-01 1.00546E+00 1.01394E+00 1.05324E+00 1.08785E+00 9.63693E-01 7.79228E-01 5.12370E-01 1.94465E+01
5.51679E-01 8.16653E-01 1.00027E+00 1.04204E+00 1.05063E+00 1.09088E+00 1.12601E+00 9.99867E-01 8.16653E-01 5.51679E-01 2.01967E+01
5.90127E-01 8.53289E-01 1.03569E+00 1.07786E+00 1.08655E+00 1.12772E+00 1.16338E+00 1.03530E+00 8.53289E-01 5.90127E-01 2.09191E+01
6.27733E-01 8.89152E-01 1.07038E+00 1.11293E+00 1.12172E+00 1.16379E+00 1.19996E+00 1.07001E+00 8.89152E-01 6.27733E-01 2.16149E+01
6.64519E-01 9.24257E-01 1.10436E+00 1.14728E+00 1.15617E+00 1.19911E+00 1.23576E+00 1.10401E+00 9.24257E-01 6.64519E-01 2.22850E+01
7.00507E-01 9.58621E-01 1.13764E+00 1.18091E+00 1.18989E+00 1.23368E+00 1.27082E+00 1.13731E+00 9.58621E-01 7.00507E-01 2.29306E+01
7.35716E-01 9.92263E-01 1.17024E+00 1.21384E+00 1.22291E+00 1.26753E+00 1.30514E+00 1.16992E+00 9.92263E-01 7.35716E-01 2.35527E+01
7.70169E-01 1.02520E+00 1.20216E+00 1.24609E+00 1.25525E+00 1.30068E+00 1.33874E+00 1.20187E+00 1.02520E+00 7.70169E-01 2.41522E+01
8.03886E-01 1.05745E+00 1.23344E+00 1.27767E+00 1.28692E+00 1.33314E+00 1.37164E+00 1.23316E+00 1.05745E+00 8.03886E-01 2.47302E+01
8.36887E-01 1.08903E+00 1.26407E+00 1.30860E+00 1.31793E+00 1.36492E+00 1.40386E+00 1.26381E+00 1.08903E+00 8.36887E-01 2.52874E+01
8.69193E-01 1.11995E+00 1.29408E+00 1.33890E+00 1.34831E+00 1.39605E+00 1.43542E+00 1.29383E+00 1.11995E+00 8.69193E-01 2.58249E+01
9.00823E-01 1.15024E+00 1.32349E+00 1.36858E+00 1.37807E+00 1.42654E+00 1.46633E+00 1.32325E+00 1.15024E+00 9.00823E-01 2.63434E+01
9.31796E-01 1.17991E+00 1.35230E+00 1.39766E+00 1.40723E+00 1.45641E+00 1.49661E+00 1.35208E+00 1.17991E+00 9.31796E-01 2.68437E+01
9.62130E-01 1.20898E+00 1.38053E+00 1.42615E+00 1.43579E+00 1.48568E+00 1.52628E+00 1.38033E+00 1.20898E+00 9.62130E-01 2.73265E+01
9.91845E-01 1.23746E+00 1.40821E+00 1.45407E+00 1.46378E+00 1.51436E+00 1.55535E+00 1.40801E+00 1.23746E+00 9.91845E-01 2.77927E+01
1.02096E+00 1.26538E+00 1.43533E+00 1.48143E+00 1.49122E+00 1.54247E+00 1.58385E+00 1.43515E+00 1.26538E+00 1.02096E+00 2.82429E+01
1.04948E+00 1.29273E+00 1.46192E+00 1.50825E+00 1.51811E+00 1.57002E+00 1.61178E+00 1.46176E+00 1.29273E+00 1.04948E+00 2.86778E+01
1.07744E+00 1.31955E+00 1.48799E+00 1.53454E+00 1.54447E+00 1.59703E+00 1.63916E+00 1.48784E+00 1.31955E+00 1.07744E+00 2.90980E+01
1.10484E+00 1.34585E+00 1.51356E+00 1.56032E+00 1.57032E+00 1.62351E+00 1.66600E+00 1.51342E+00 1.34585E+00 1.10484E+00 2.95040E+01
1.13171E+00 1.37163E+00 1.53863E+00 1.58560E+00 1.59567E+00 1.64948E+00 1.69233E+00 1.53850E+00 1.37163E+00 1.13171E+00 2.98965E+01
1.15805E+00 1.39691E+00 1.56323E+00 1.61040E+00 1.62053E+00 1.67495E+00 1.71815E+00 1.56311E+00 1.39691E+00 1.15805E+00 3.02761E+01
1.18388E+00 1.42171E+00 1.58735E+00 1.63472E+00 1.64491E+00 1.69993E+00 1.74348E+00 1.58725E+00 1.42171E+00 1.18388E+00 3.06431E+01
1.20922E+00 1.44604E+00 1.61102E+00 1.65858E+00 1.66884E+00 1.72444E+00 1.76833E+00 1.61093E+00 1.44604E+00 1.20922E+00 3.09982E+01
1.23408E+00 1.46991E+00 1.63425E+00 1.68199E+00 1.69231E+00 1.74849E+00 1.79271E+00 1.63417E+00 1.46991E+00 1.23408E+00 3.13418E+01
1.25847E+00 1.49333E+00 1.65704E+00 1.70496E+00 1.71534E+00 1.77209E+00 1.81664E+00 1.65697E+00 1.49333E+00 1.25847E+00 3.16743E+01
1.28241E+00 1.51632E+00 1.67942E+00 1.72751E+00 1.73794E+00 1.79525E+00 1.84013E+00 1.67936E+00 1.51632E+00 1.28241E+00 3.19961E+01
1.30590E+00 1.53888E+00 1.70138E+00 1.74964E+00 1.76013E+00 1.81799E+00 1.86319E+00 1.70133E+00 1.53888E+00 1.30590E+00 3.23078E+01
1.32896E+00 1.56104E+00 1.72295E+00 1.77137E+00 1.78192E+00 1.84031E+00 1.88583E+00 1.72291E+00 1.56104E+00 1.32896E+00 3.26096E+01
1.35160E+00 1.58279E+00 1.74412E+00 1.79270E+00 1.80331E+00 1.86223E+00 1.90805E+00 1.74409E+00 1.58279E+00 1.35160E+00 3.29019E+01
1.37383E+00 1.60414E+00 1.76492E+00 1.81365E+00 1.82431E+00 1.88375E+00 1.92988E+00 1.76490E+00 1.60414E+00 1.37383E+00 3.31851E+01
1.39566E+00 1.62512E+00 1.78534E+00 1.83423E+00 1.84494E+00 1.90489E+00 1.95133E+00 1.78533E+00 1.62512E+00 1.39566E+00 3.34595E+01
0.00000E+00 0.00000E+00 1.50321E-01 1.86929E-01 1.92589E-01 2.09430E-01 2.33066E-01 1.49411E-01 0.00000E+00 0.00000E+00 -6.48951E-01
0.00000E+00 0.00000E+00 1.84631E-01 2.23220E-01 2.29353E-01 2.49843E-01 2.75288E-01 1.83803E-01 0.00000E+00 0.00000E+00 4.91862E-01
0.00000E+00 2.82836E-02 2.21385E-01 2.61575E-01 2.68111E-01 2.91758E-01 3.18774E-01 2.20626E-01 2.82836E-02 0.00000E+00 1.64147E+00
0.00000E+00 7.00324E-02 2.59343E-01 3.00888E-01 3.07781E-01 3.34255E-01 3.62684E-01 2.58648E-01 7.00324E-02 0.00000E+00 2.78245E+00
0.00000E+00 1.11805E-01 2.97791E-01 3.40511E-01 3.47726E-01 3.76778E-01 4.06500E-01 2.97152E-01 1.11805E-01 0.00000E+00 3.91464E+00
0.00000E+00 1.53166E-01 3.36194E-01 3.79947E-01 3.87456E-01 4.18880E-01 4.49799E-01 3.35607E-01 1.53166E-01 0.00000E+00 5.02123E+00
0.00000E+00 1.93859E-01 3.74225E-01 4.18898E-01 4.26676E-01 4.60299E-01 4.92332E-01 3.73686E-01 1.93859E-01 0.00000E+00 6.09248E+00
0.00000E+00 2.33730E-01 4.11680E-01 4.57178E-01 4.65205E-01 5.00879E-01 5.33955E-01 4.11185E-01 2.33730E-01 0.00000E+00 7.12308E+00
1.63050E-02 2.72615E-01 4.48363E-01 4.94603E-01 5.02860E-01 5.40447E-01 5.74502E-01 4.47909E-01 2.72615E-01 1.63050E-02 8.07891E+00
5.72954E-02 3.10492E-01 4.84217E-01 5.31129E-01 5.39601E-01 5.78982E-01 6.13963E-01 4.83803E-01 3.10492E-01 5.72954E-02 8.94605E+00
9.71909E-02 3.47472E-01 5.19312E-01 5.66842E-01 5.75517E-01 6.16605E-01 6.52469E-01 5.18934E-01 3.47472E-01 9.71909E-02 9.77582E+00
1.35992E-01 3.83534E-01 5.53609E-01 6.01711E-01 6.10577E-01 6.53293E-01 6.90004E-01 5.53265E-01 3.83534E-01 1.35992E-01 1.05687E+01
1.73712E-01 4.18671E-01 5.87086E-01 6.35719E-01 6.44767E-01 6.89038E-01 7.26562E-01 5.86775E-01 4.18671E-01 1.73712E-01 1.13257E+01
2.10370E-01 4.52886E-01 6.19736E-01 6.68863E-01 6.78084E-01 7.23846E-01 7.62151E-01 6.19456E-01 4.52886E-01 2.10370E-01 1.20478E+01
2.45992E-01 4.86191E-01 6.51561E-01 7.01150E-01 7.10536E-01 7.57727E-01 7.96786E-01 6.51311E-01 4.86191E-01 2.45992E-01 1.27366E+01
2.80607E-01 5.18602E-01 6.82569E-01 7.32590E-01 7.42134E-01 7.90698E-01 8.30484E-01 6.82348E-01 5.18602E-01 2.80607E-01 1.33933E+01
3.14243E-01 5.50139E-01 7.12772E-01 7.63199E-01 7.72894E-01 8.22780E-01 8.63270E-01 7.12579E-01 5.50139E-01 3.14243E-01 1.40195E+01
3.46934E-01 5.80825E-01 7.42187E-01 7.92995E-01 8.02835E-01 8.53995E-01 8.95166E-01 7.42021E-01 5.80825E-01 3.46934E-01 1.46166E+01
3.78710E-01 6.10683E-01 7.70833E-01 8.22000E-01 8.31979E-01 8.84369E-01 9.26199E-01 7.70691E-01 6.10683E-01 3.78710E-01 1.51861E+01
4.09603E-01 6.39738E-01 7.98728E-01 8.50234E-01 8.60347E-01 9.13925E-01 9.56396E-01 7.98611E-01 6.39738E-01 4.09603E-01 1.57294E+01
4.39645E-01 6.68015E-01 8.25894E-01 8.77721E-01 8.87963E-01 9.42690E-01 9.85784E-01 8.25800E-01 6.68015E-01 4.39645E-01 1.62477E+01
4.68865E-01 6.95538E-01 8.52352E-01 9.04483E-01 9.14848E-01 9.70689E-01 1.01439E+00 8.52281E-01 6.95538E-01 4.68865E-01 1.67425E+01
4.97293E-01 7.22333E-01 8.78123E-01 9.30542E-01 9.41027E-01 9.97948E-01 1.04223E+00 8.78074E-01 7.22333E-01 4.97293E-01 1.72148E+01
5.24958E-01 7.48424E-01 9.03228E-01 9.55921E-01 9.66522E-01 1.02449E+00 1.06935E+00 9.03201E-01 7.48424E-01 5.24958E-01 1.76660E+01
5.51888E-01 7.73835E-01 9.27690E-01 9.80643E-01 9.91356E-01 1.05034E+00 1.09576E+00 9.27683E-01 7.73835E-01 5.51888E-01 1.80970E+01
5.78110E-01 7.98588E-01 9.51527E-01 1.00473E+00 1.01555E+00 1.07552E+00 1.12149E+00 9.51541E-01 7.98588E-01 5.78110E-01 1.85090E+01
6.03648E-01 8.22706E-01 9.74762E-01 1.02820E+00 1.03912E+00 1.10006E+00 1.14655E+00 9.74794E-01 8.22706E-01 6.03648E-01 1.89029E+01
6.28528E-01 8.46212E-01 9.97412E-01 1.05108E+00 1.06210E+00 1.12397E+00 1.17099E+00 9.97464E-01 8.46212E-01 6.28528E-01 1.92797E+01
6.52773E-01 8.69125E-01 1.01950E+00 1.07338E+00 1.08450E+00 1.14728E+00 1.19481E+00 1.01957E+00 8.69125E-01 6.52773E-01 1.96402E+01
6.76406E-01 8.91466E-01 1.04104E+00 1.09512E+00 1.10634E+00 1.17001E+00 1.21803E+00 1.04113E+00 8.91466E-01 6.76406E-01 1.99852E+01
6.99448E-01 9.13254E-01 1.06205E+00 1.11633E+00 1.12765E+00 1.19218E+00 1.24069E+00 1.06216E+00 9.13254E-01 6.99448E-01 2.03156E+01
7.21921E-01 9.34509E-01 1.08255E+00 1.13702E+00 1.14843E+00 1.21380E+00 1.26279E+00 1.08267E+00 9.34509E-01 7.21921E-01 2.06320E+01
7.43845E-01 9.55248E-01 1.10256E+00 1.15721E+00 1.16870E+00 1.23490E+00 1.28436E+00 1.10270E+00 9.55248E-01 7.43845E-01 2.09351E+01
7.65237E-01 9.75488E-01 1.12209E+00 1.17691E+00 1.18849E+00 1.25550E+00 1.30541E+00 1.12224E+00 9.75488E-01 7.65237E-01 2.12257E+01
7.86117E-01 9.95247E-01 1.14116E+00 1.19615E+00 1.20781E+00 1.27560E+00 1.32596E+00 1.14133E+00 9.95247E-01 7.86117E-01 2.15042E+01
8.06502E-01 1.01454E+00 1.15978E+00 1.21493E+00 1.22667E+00 1.29523E+00 1.34603E+00 1.15996E+00 1.01454E+00 8.06502E-01 2.17714E+01
8.26409E-01 1.03338E+00 1.17796E+00 1.23327E+00 1.24509E+00 1.31440E+00 1.36563E+00 1.17816E+00 1.03338E+00 8.26409E-01 2.20277E+01
8.45854E-01 1.05179E+00 1.19573E+00 1.25118E+00 1.26308E+00 1.33313E+00 1.38478E+00 1.19594E+00 1.05179E+00 8.45854E-01 2.22736E+01
8.64851E-01 1.06977E+00 1.21309E+00 1.26869E+00 1.28066E+00 1.35143E+00 1.40350E+00 1.21332E+00 1.06977E+00 8.64851E-01 2.25096E+01
8.83416E-01 1.08735E+00 1.23006E+00 1.28579E+00 1.29784E+00 1.36932E+00 1.42179E+00 1.23030E+00 1.08735E+00 8.83416E-01 2.27362E+01
9.01562E-01 1.10453E+00 1.24665E+00 1.30251E+00 1.31463E+00 1.38680E+00 1.43968E+00 1.24690E+00 1.10453E+00 9.01562E-01 2.29539E+01
9.19304E-01 1.12132E+00 1.26287E+00 1.31886E+00 1.33104E+00 1.40389E+00 1.45716E+00 1.26314E+00 1.12132E+00 9.19304E-01 2.31629E+01
9.36653E-01 1.13775E+00 1.27873E+00 1.33484E+00 1.34710E+00 1.42061E+00 1.47427E+00 1.27901E+00 1.13775E+00 9.36653E-01 2.33637E+01
9.53623E-01 1.15381E+00 1.29425E+00 1.35047E+00 1.36279E+00 1.43696E+00 1.49100E+00 1.29454E+00 1.15381E+00 9.53623E-01 2.35567E+01
9.70225E-01 1.16953E+00 1.30942E+00 1.36576E+00 1.37815E+00 1.45296E+00 1.50737E+00 1.30973E+00 1.16953E+00 9.70225E-01 2.37422E+01
9.86470E-01 1.18491E+00 1.32428E+00 1.38073E+00 1.39318E+00 1.46861E+00 1.52339E+00 1.32459E+00 1.18491E+00 9.86470E-01 2.39206E+01
1.00237E+00 1.19996E+00 1.33881E+00 1.39537E+00 1.40788E+00 1.48393E+00 1.53908E+00 1.33914E+00 1.19996E+00 1.00237E+00 2.40921E+01
1.01794E+00 1.21470E+00 1.35304E+00 1.40970E+00 1.42227E+00 1.49893E+00 1.55443E+00 1.35338E+00 1.21470E+00 1.01794E+00 2.42570E+01
1.03317E+00 1.22912E+00 1.36697E+00 1.42373E+00 1.43636E+00 1.51361E+00 1.56947E+00 1.36732E+00 1.22912E+00 1.03317E+00 2.44156E+01
1.04810E+00 1.24325E+00 1.38061E+00 1.43746E+00 1.45016E+00 1.52799E+00 1.58419E+00 1.38097E+00 1.24325E+00 1.04810E+00 2.45682E+01
0.00000E+00 0.00000E+00 1.24845E-01 1.73591E-01 1.80445E-01 2.07263E-01 2.36485E-01 1.24158E-01 0.00000E+00 0.00000E+00 -3.27051E-01
0.00000E+00 0.00000E+00 1.58222E-01 2.08617E-01 2.16102E-01 2.47673E-01 2.79015E-01 1.57647E-01 0.00000E+00 0.00000E+00 7.85167E-01
0.00000E+00 2.58825E-02 1.92231E-01 2.43939E-01 2.51953E-01 2.87589E-01 3.20779E-01 1.91750E-01 2.58825E-02 0.00000E+00 1.84241E+00
0.00000E+00 6.31411E-02 2.26177E-01 2.78981E-01 2.87456E-01 3.26696E-01 3.61554E-01 2.25779E-01 6.31411E-02 0.00000E+00 2.84781E+00
0.00000E+00 9.95396E-02 2.59667E-01 3.13410E-01 3.22296E-01 3.64795E-01 4.01185E-01 2.59343E-01 9.95396E-02 0.00000E+00 3.81232E+00
0.00000E+00 1.34876E-01 2.92415E-01 3.46972E-01 3.56228E-01 4.01705E-01 4.39512E-01 2.92157E-01 1.34876E-01 0.00000E+00 4.72861E+00
0.00000E+00 1.69060E-01 3.24268E-01 3.79541E-01 3.89134E-01 4.37351E-01 4.76480E-01 3.24071E-01 1.69060E-01 0.00000E+00 5.59413E+00
0.00000E+00 2.02062E-01 3.55151E-01 4.11059E-01 4.20960E-01 4.71717E-01 5.12086E-01 3.55011E-01 2.02062E-01 0.00000E+00 6.40892E+00
1.34652E-02 2.33854E-01 3.85014E-01 4.41484E-01 4.51667E-01 5.04778E-01 5.46311E-01 3.84925E-01 2.33854E-01 1.34652E-02 7.14812E+00
4.70401E-02 2.64488E-01 4.13874E-01 4.70847E-01 4.81289E-01 5.36596E-01 5.79227E-01 4.13832E-01 2.64488E-01 4.70401E-02 7.80366E+00
7.93587E-02 2.94053E-01 4.41785E-01 4.99215E-01 5.09901E-01 5.67285E-01 6.10966E-01 4.41787E-01 2.94053E-01 7.93587E-02 8.42069E+00
1.10470E-01 3.22578E-01 4.68760E-01 5.26607E-01 5.37522E-01 5.96878E-01 6.41564E-01 4.68804E-01 3.22578E-01 1.10470E-01 9.00122E+00
1.40427E-01 3.50097E-01 4.94821E-01 5.53050E-01 5.64182E-01 6.25412E-01 6.71064E-01 4.94905E-01 3.50097E-01 1.40427E-01 9.54735E+00
1.69281E-01 3.76645E-01 5.19994E-01 5.78575E-01 5.89911E-01 6.52929E-01 6.99509E-01 5.20116E-01 3.76645E-01 1.69281E-01 1.00612E+01
1.97084E-01 4.02262E-01 5.44310E-01 6.03215E-01 6.14743E-01 6.79469E-01 7.26945E-01 5.44467E-01 4.02262E-01 1.97084E-01 1.05447E+01
2.23885E-01 4.26985E-01 5.67800E-01 6.27003E-01 6.38716E-01 7.05076E-01 7.53415E-01 5.67991E-01 4.26985E-01 2.23885E-01 1.09998E+01
2.49733E-01 4.50853E-01 5.90495E-01 6.49975E-01 6.61862E-01 7.29790E-01 7.78963E-01 5.90718E-01 4.50853E-01 2.49733E-01 1.14285E+01
2.74673E-01 4.73902E-01 6.12427E-01 6.72164E-01 6.84218E-01 7.53650E-01 8.03631E-01 6.12681E-01 4.73902E-01 2.74673E-01 1.18323E+01
2.98748E-01 4.96170E-01 6.33628E-01 6.93603E-01 7.05816E-01 7.76696E-01 8.27459E-01 6.33911E-01 4.96170E-01 2.98748E-01 1.22130E+01
3.22001E-01 5.17691E-01 6.54128E-01 7.14325E-01 7.26690E-01 7.98964E-01 8.50485E-01 6.54439E-01 5.17691E-01 3.22001E-01 1.25721E+01
3.44469E-01 5.38498E-01 6.73957E-01 7.34360E-01 7.46871E-01 8.20488E-01 8.72746E-01 6.74294E-01 5.38498E-01 3.44469E-01 1.29108E+01
3.66190E-01 5.58622E-01 6.93142E-01 7.53739E-01 7.66389E-01 8.41303E-01 8.94277E-01 6.93505E-01 5.58622E-01 3.66190E-01 1.32307E+01
3.87199E-01 5.78093E-01 7.11712E-01 7.72489E-01 7.85273E-01 8.61441E-01 9.15110E-01 7.12100E-01 5.78093E-01 3.87199E-01 1.35327E+01
4.07528E-01 5.96942E-01 7.29692E-01 7.90638E-01 8.03550E-01 8.80931E-01 9.35278E-01 7.30104E-01 5.96942E-01 4.07528E-01 1.38182E+01
4.27209E-01 6.15194E-01 7.47107E-01 8.08211E-01 8.21248E-01 8.99801E-01 9.54808E-01 7.47542E-01 6.15194E-01 4.27209E-01 1.40881E+01
4.46270E-01 6.32875E-01 7.63981E-01 8.25233E-01 8.38389E-01 9.18080E-01 9.73730E-01 7.64438E-01 6.32875E-01 4.46270E-01 1.43434E+01
4.64739E-01 6.50010E-01 7.80337E-01 8.41727E-01 8.54998E-01 9.35792E-01 9.92070E-01 7.80815E-01 6.50010E-01 4.64739E-01 1.45851E+01
4.82643E-01 6.66622E-01 7.96196E-01 8.57716E-01 8.71098E-01 9.52962E-01 1.00985E+00 7.96694E-01 6.66622E-01 4.82643E-01 1.48138E+01
5.00005E-01 6.82733E-01 8.11578E-01 8.73220E-01 8.86709E-01 9.69613E-01 1.02710E+00 8.12096E-01 6.82733E-01 5.00005E-01 1.50304E+01
5.16849E-01 6.98365E-01 8.26502E-01 8.88259E-01 9.01852E-01 9.85766E-01 1.04384E+00 8.27040E-01 6.98365E-01 5.16849E-01 1.52357E+01
5.33197E-01 7.13536E-01 8.40988E-01 9.02853E-01 9.16546E-01 1.00144E+00 1.06009E+00 8.41544E-01 7.13536E-01 5.33197E-01 1.54302E+01
5.49069E-01 7.28265E-01 8.55053E-01 9.17019E-01 9.30809E-01 1.01666E+00 1.07587E+00 8.55627E-01 7.28265E-01 5.49069E-01 1.56147E+01
5.64485E-01 7.42571E-01 8.68713E-01 9.30774E-01 9.44658E-01 1.03144E+00 1.09119E+00 8.69304E-01 7.42571E-01 5.64485E-01 1.57896E+01
5.79463E-01 7.56469E-01 8.81984E-01 9.44135E-01 9.58110E-01 1.04580E+00 1.10609E+00 8.82592E-01 7.56469E-01 5.79463E-01 1.59556E+01
5.94022E-01 7.69977E-01 8.94881E-01 9.57117E-01 9.71180E-01 1.05976E+00 1.12057E+00 8.95506E-01 7.69977E-01 5.94022E-01 1.61130E+01
6.08177E-01 7.83109E-01 9.07419E-01 9.69734E-01 9.83883E-01 1.07332E+00 1.13465E+00 9.08060E-01 7.83109E-01 6.08177E-01 1.62625E+01
6.21945E-01 7.95879E-01 9.19612E-01 9.82001E-01 9.96233E-01 1.08651E+00 1.14834E+00 9.20268E-01 7.95879E-01 6.21945E-01 1.64044E+01
6.35341E-01 8.08302E-01 9.31471E-01 9.93931E-01 1.00824E+00 1.09935E+00 1.16167E+00 9.32142E-01 8.08302E-01 6.35341E-01 1.65392E+01
6.48377E-01 8.20391E-01 9.43010E-01 1.00554E+00 1.01993E+00 1.11183E+00 1.17464E+00 9.43696E-01 8.20391E-01 6.48377E-01 1.66672E+01
6.61069E-01 8.32157E-01 9.54240E-01 1.01683E+00 1.03130E+00 1.12399E+00 1.18727E+00 9.54940E-01 8.32157E-01 6.61069E-01 1.67887E+01
6.73429E-01 8.43613E-01 9.65173E-01 1.02782E+00 1.04236E+00 1.13582E+00 1.19957E+00 9.65887E-01 8.43613E-01 6.73429E-01 1.69042E+01
6.85469E-01 8.54770E-01 9.75819E-01 1.03852E+00 1.05313E+00 1.14734E+00 1.21156E+00 9.76547E-01 8.54770E-01 6.85469E-01 1.70139E+01
6.97201E-01 8.65639E-01 9.86189E-01 1.04894E+00 1.06362E+00 1.15857E+00 1.22323E+00 9.86929E-01 8.65639E-01 6.97201E-01 1.71182E+01
7.08636E-01 8.76229E-01 9.96291E-01 1.05909E+00 1.07384E+00 1.16951E+00 1.23461E+00 9.97045E-01 8.76229E-01 7.08636E-01 1.72172E+01
7.19783E-01 8.86551E-01 1.00614E+00 1.06898E+00 1.08380E+00 1.18017E+00 1.24571E+00 1.00690E+00 8.86551E-01 7.19783E-01 1.73113E+01
7.30655E-01 8.96614E-01 1.01573E+00 1.07862E+00 1.09350E+00 1.19056E+00 1.25653E+00 1.01651E+00 8.96614E-01 7.30655E-01 1.74007E+01
7.41259E-01 9.06427E-01 1.02509E+00 1.08802E+00 1.10296E+00 1.20069E+00 1.26709E+00 1.02588E+00 9.06427E-01 7.41259E-01 1.74857E+01
7.51605E-01 9.15998E-01 1.03421E+00 1.09718E+00 1.11219E+00 1.21058E+00 1.27738E+00 1.03501E+00 9.15998E-01 7.51605E-01 1.75664E+01
7.61702E-01 9.25336E-01 1.04311E+00 1.10611E+00 1.12118E+00 1.22022E+00 1.28743E+00 1.04392E+00 9.25336E-01 7.61702E-01 1.76430E+01
7.71558E-01 9.34448E-01 1.05179E+00 1.11483E+00 1.12995E+00 1.22963E+00 1.29725E+00 1.05262E+00 9.34448E-01 7.71558E-01 1.77158E+01
0.00000E+00 0.00000E+00 1.03619E-01 1.63695E-01 1.72683E-01 2.14608E-01 2.49535E-01 1.03345E-01 0.00000E+00 0.00000E+00 8.91240E-02
0.00000E+00 0.00000E+00 1.35509E-01 1.96839E-01 2.06612E-01 2.54534E-01 2.92057E-01 1.35376E-01 0.00000E+00 0.00000E+00 1.13767E+00
0.00000E+00 2.33557E-02 1.66465E-01 2.28763E-01 2.39180E-01 2.92164E-01 3.31958E-01 1.66449E-01 2.33557E-02 0.00000E+00 2.07715E+00
0.00000E+00 5.61065E-02 1.96300E-01 2.59381E-01 2.70351E-01 3.27776E-01 3.69620E-01 1.96384E-01 5.61065E-02 0.00000E+00 2.93163E+00
0.00000E+00 8.72932E-02 2.24925E-01 2.88655E-01 3.00111E-01 3.61516E-01 4.05243E-01 2.25098E-01 8.72932E-02 0.00000E+00 3.72270E+00
0.00000E+00 1.16929E-01 2.52279E-01 3.16556E-01 3.28444E-01 3.93452E-01 4.38924E-01 2.52530E-01 1.16929E-01 0.00000E+00 4.45175E+00
0.00000E+00 1.45074E-01 2.78368E-01 3.43110E-01 3.55385E-01 4.23686E-01 4.70784E-01 2.78690E-01 1.45074E-01 0.00000E+00 5.12229E+00
0.00000E+00 1.71807E-01 3.03231E-01 3.68372E-01 3.80998E-01 4.52327E-01 5.00950E-01 3.03617E-01 1.71807E-01 0.00000E+00 5.73864E+00
1.09099E-02 1.97205E-01 3.26925E-01 3.92407E-01 4.05351E-01 4.79468E-01 5.29519E-01 3.27370E-01 1.97205E-01 1.09099E-02 6.28376E+00
3.78745E-02 2.21377E-01 3.49529E-01 4.15304E-01 4.28539E-01 5.05237E-01 5.56634E-01 3.50027E-01 2.21377E-01 3.78745E-02 6.75404E+00
6.35215E-02 2.44411E-01 3.71101E-01 4.37133E-01 4.50637E-01 5.29764E-01 5.82446E-01 3.71648E-01 2.44411E-01 6.35215E-02 7.18831E+00
8.79380E-02 2.66376E-01 3.91695E-01 4.57952E-01 4.71707E-01 5.53126E-01 6.07037E-01 3.92288E-01 2.66376E-01 8.79380E-02 7.58952E+00
1.11205E-01 2.87334E-01 4.11363E-01 4.77819E-01 4.91807E-01 5.75395E-01 6.30484E-01 4.11999E-01 2.87334E-01 1.11205E-01 7.96042E+00
1.33399E-01 3.07345E-01 4.30157E-01 4.96787E-01 5.10995E-01 5.96639E-01 6.52862E-01 4.30833E-01 3.07345E-01 1.33399E-01 8.30355E+00
1.54587E-01 3.26467E-01 4.48127E-01 5.14910E-01 5.29325E-01 6.16924E-01 6.74235E-01 4.48841E-01 3.26467E-01 1.54587E-01 8.62122E+00
1.74835E-01 3.44752E-01 4.65319E-01 5.32236E-01 5.46846E-01 6.36307E-01 6.94668E-01 4.66069E-01 3.44752E-01 1.74835E-01 8.91555E+00
1.94201E-01 3.62250E-01 4.81777E-01 5.48811E-01 5.63605E-01 6.54844E-01 7.14218E-01 4.82561E-01 3.62250E-01 1.94201E-01 9.18844E+00
2.12739E-01 3.79006E-01 4.97543E-01 5.64679E-01 5.79647E-01 6.72585E-01 7.32938E-01 4.98358E-01 3.79006E-01 2.12739E-01 9.44165E+00
2.30500E-01 3.95064E-01 5.12654E-01 5.79880E-01 5.95013E-01 6.89578E-01 7.50877E-01 5.13500E-01 3.95064E-01 2.30500E-01 9.67675E+00
2.47529E-01 4.10463E-01 5.27148E-01 5.94451E-01 6.09740E-01 7.05866E-01 7.68082E-01 5.28022E-01 4.10463E-01 2.47529E-01 9.89518E+00
2.63869E-01 4.25240E-01 5.41058E-01 6.08428E-01 6.23865E-01 7.21490E-01 7.84594E-01 5.41959E-01 4.25240E-01 2.63869E-01 1.00982E+01
2.79560E-01 4.39431E-01 5.54415E-01 6.21842E-01 6.37421E-01 7.36486E-01 8.00452E-01 5.55342E-01 4.39431E-01 2.79560E-01 1.02871E+01
2.94638E-01 4.53065E-01 5.67249E-01 6.34724E-01 6.50438E-01 7.50890E-01 8.15693E-01 5.68201E-01 4.53065E-01 2.94638E-01 1.04629E+01
3.09137E-01 4.66175E-01 5.79587E-01 6.47102E-01 6.62945E-01 7.64733E-01 8.30350E-01 5.80563E-01 4.66175E-01 3.09137E-01 1.06266E+01
3.23088E-01 4.78787E-01 5.91456E-01 6.59003E-01 6.74970E-01 7.78047E-01 8.44454E-01 5.92455E-01 4.78787E-01 3.23088E-01 1.07790E+01
3.36521E-01 4.90926E-01 6.02879E-01 6.70452E-01 6.86536E-01 7.90858E-01 8.58035E-01 6.03899E-01 4.90926E-01 3.36521E-01 1.09211E+01
3.49462E-01 5.02619E-01 6.13878E-01 6.81471E-01 6.97668E-01 8.03193E-01 8.71120E-01 6.14919E-01 5.02619E-01 3.49462E-01 1.10534E+01
3.61936E-01 5.13886E-01 6.24475E-01 6.92082E-01 7.08388E-01 8.15076E-01 8.83734E-01 6.25536E-01 5.13886E-01 3.61936E-01 1.11768E+01
3.73968E-01 5.24748E-01 6.34690E-01 7.02306E-01 7.18715E-01 8.26529E-01 8.95900E-01 6.35770E-01 5.24748E-01 3.73968E-01 1.12919E+01
3.85579E-01 5.35227E-01 6.44540E-01 7.12160E-01 7.28669E-01 8.37574E-01 9.07640E-01 6.45638E-01 5.35227E-01 3.85579E-01 1.13992E+01
3.96790E-01 5.45339E-01 6.54043E-01 7.21663E-01 7.38269E-01 8.48231E-01 9.18976E-01 6.55159E-01 5.45339E-01 3.96790E-01 1.14992E+01
4.07620E-01 5.55104E-01 6.63216E-01 7.30832E-01 7.47530E-01 8.58519E-01 9.29926E-01 6.64349E-01 5.55104E-01 4.07620E-01 1.15925E+01
4.18087E-01 5.64535E-01 6.72073E-01 7.39681E-01 7.56468E-01 8.68453E-01 9.40509E-01 6.73223E-01 5.64535E-01 4.18087E-01 1.16795E+01
4.28207E-01 5.73650E-01 6.80630E-01 7.48226E-01 7.65099E-01 8.78052E-01 9.50741E-01 6.81795E-01 5.73650E-01 4.28207E-01 1.17606E+01
4.37998E-01 5.82462E-01 6.88899E-01 7.56481E-01 7.73436E-01 8.87329E-01 9.60638E-01 6.90079E-01 5.82462E-01 4.37998E-01 1.18361E+01
4.47472E-01 5.90985E-01 6.96893E-01 7.64458E-01 7.81493E-01 8.96301E-01 9.70216E-01 6.98088E-01 5.90985E-01 4.47472E-01 1.19065E+01
4.56646E-01 5.99232E-01 7.04625E-01 7.72170E-01 7.89282E-01 9.04979E-01 9.79488E-01 7.05834E-01 5.99232E-01 4.56646E-01 1.19721E+01
4.65531E-01 6.07214E-01 7.12106E-01 7.79627E-01 7.96814E-01 9.13378E-01 9.88468E-01 7.13328E-01 6.07214E-01 4.65531E-01 1.20331E+01
4.74140E-01 6.14943E-01 7.19345E-01 7.86842E-01 8.04100E-01 9.21509E-01 9.97168E-01 7.20581E-01 6.14943E-01 4.74140E-01 1.20899E+01
4.82486E-01 6.22430E-01 7.26355E-01 7.93824E-01 8.11152E-01 9.29383E-01 1.00560E+00 7.27603E-01 6.22430E-01 4.82486E-01 1.21426E+01
4.90578E-01 6.29684E-01 7.33143E-01 8.00584E-01 8.17978E-01 9.37011E-01 1.01378E+00 7.34404E-01 6.29684E-01 4.90578E-01 1.21916E+01
4.98428E-01 6.36716E-01 7.39720E-01 8.07129E-01 8.24589E-01 9.44403E-01 1.02170E+00 7.40993E-01 6.36716E-01 4.98428E-01 1.22371E+01
5.06045E-01 6.43534E-01 7.46093E-01 8.13469E-01 8.30992E-01 9.51570E-01 1.02940E+00 7.47378E-01 6.43534E-01 5.06045E-01 1.22792E+01
5.13439E-01 6.50147E-01 7.52271E-01 8.19613E-01 8.37197E-01 9.58519E-01 1.03686E+00 7.53567E-01 6.50147E-01 5.13439E-01 1.23182E+01
5.20618E-01 6.56562E-01 7.58262E-01 8.25567E-01 8.43211E-01 9.65260E-01 1.04411E+00 7.59568E-01 6.56562E-01 5.20618E-01 1.23543E+01
5.27591E-01 6.62789E-01 7.64072E-01 8.31340E-01 8.49041E-01 9.71801E-01 1.05115E+00 7.65389E-01 6.62789E-01 5.27591E-01 1.23875E+01
5.34367E-01 6.68833E-01 7.69709E-01 8.36939E-01 8.54695E-01 9.78150E-01 1.05799E+00 7.71037E-01 6.68833E-01 5.34367E-01 1.24182E+01
5.40951E-01 6.74703E-01 7.75180E-01 8.42369E-01 8.60180E-01 9.84313E-01 1.06463E+00 7.76517E-01 6.74703E-01 5.40951E-01 1.24464E+01
5.47353E-01 6.80404E-01 7.80490E-01 8.47639E-01 8.65501E-01 9.90298E-01 1.07109E+00 7.81837E-01 6.80404E-01 5.47353E-01 1.24722E+01
5.53578E-01 6.85942E-01 7.85646E-01 8.52752E-01 8.70666E-01 9.96112E-01 1.07737E+00 7.87003E-01 6.85942E-01 5.53578E-01 1.24958E+01
0.00000E+00 0.00000E+00 8.63599E-02 1.57102E-01 1.69472E-01 2.33560E-01 2.74413E-01 8.67605E-02 0.00000E+00 0.00000E+00 5.88631E-01
0.00000E+00 0.00000E+00 1.15977E-01 1.87428E-01 2.00676E-01 2.72004E-01 3.16252E-01 1.16537E-01 0.00000E+00 0.00000E+00 1.52608E+00
0.00000E+00 2.05769E-02 1.43391E-01 2.15334E-01 2.29288E-01 3.06640E-01 3.53843E-01 1.44079E-01 2.05769E-02 0.00000E+00 2.31676E+00
0.00000E+00 4.86530E-02 1.68877E-01 2.41174E-01 2.55722E-01 3.38294E-01 3.88157E-01 1.69673E-01 4.86530E-02 0.00000E+00 3.00291E+00
0.00000E+00 7.46706E-02 1.92617E-01 2.65171E-01 2.80231E-01 3.67431E-01 4.19728E-01 1.93506E-01 7.46706E-02 0.00000E+00 3.61454E+00
0.00000E+00 9.88309E-02 2.14747E-01 2.87484E-01 3.02992E-01 3.94342E-01 4.48886E-01 2.15717E-01 9.88309E-02 0.00000E+00 4.15988E+00
0.00000E+00 1.21319E-01 2.35405E-01 3.08268E-01 3.24174E-01 4.19280E-01 4.75910E-01 2.36447E-01 1.21319E-01 0.00000E+00 4.64680E+00
0.00000E+00 1.42301E-01 2.54721E-01 3.27667E-01 3.43927E-01 4.42461E-01 5.01039E-01 2.55827E-01 1.42301E-01 0.00000E+00 5.08242E+00
8.60071E-03 1.61930E-01 2.72831E-01 3.45822E-01 3.62398E-01 4.64061E-01 5.24456E-01 2.73993E-01 1.61930E-01 8.60071E-03 5.45581E+00
2.96582E-02 1.80351E-01 2.89854E-01 3.62862E-01 3.79722E-01 4.84259E-01 5.46359E-01 2.91067E-01 1.80351E-01 2.96582E-02 5.76637E+00
4.94308E-02 1.97663E-01 3.05860E-01 3.78862E-01 3.95983E-01 5.03205E-01 5.66926E-01 3.07120E-01 1.97663E-01 4.94308E-02 6.04643E+00
6.80306E-02 2.13957E-01 3.20930E-01 3.93906E-01 4.11267E-01 5.21005E-01 5.86272E-01 3.22233E-01 2.13957E-01 6.80306E-02 6.29929E+00
8.55568E-02 2.29316E-01 3.35137E-01 4.08070E-01 4.25653E-01 5.37756E-01 6.04500E-01 3.36480E-01 2.29316E-01 8.55568E-02 6.52784E+00
1.02098E-01 2.43813E-01 3.48546E-01 4.21423E-01 4.39212E-01 5.53544E-01 6.21702E-01 3.49926E-01 2.43813E-01 1.02098E-01 6.73461E+00
1.17733E-01 2.57514E-01 3.61218E-01 4.34028E-01 4.52006E-01 5.68445E-01 6.37959E-01 3.62632E-01 2.57514E-01 1.17733E-01 6.92184E+00
1.32532E-01 2.70480E-01 3.73207E-01 4.45938E-01 4.64095E-01 5.82529E-01 6.53345E-01 3.74652E-01 2.70480E-01 1.32532E-01 7.09153E+00
1.46558E-01 2.82765E-01 3.84562E-01 4.57207E-01 4.75529E-01 5.95856E-01 6.67925E-01 3.86036E-01 2.82765E-01 1.46558E-01 7.24539E+00
1.59869E-01 2.94417E-01 3.95327E-01 4.67879E-01 4.86356E-01 6.08482E-01 6.81758E-01 3.96829E-01 2.94417E-01 1.59869E-01 7.38499E+00
1.72516E-01 3.05481E-01 4.05545E-01 4.77996E-01 4.96619E-01 6.20459E-01 6.94897E-01 4.07072E-01 3.05481E-01 1.72516E-01 7.51168E+00
1.84545E-01 3.15997E-01 4.15250E-01 4.87596E-01 5.06356E-01 6.31830E-01 7.07392E-01 4.16802E-01 3.15997E-01 1.84545E-01 7.62669E+00
1.95998E-01 3.26002E-01 4.24479E-01 4.96714E-01 5.15602E-01 6.42639E-01 7.19285E-01 4.26053E-01 3.26002E-01 1.95998E-01 7.73108E+00
2.06915E-01 3.35530E-01 4.33260E-01 5.05381E-01 5.24391E-01 6.52921E-01 7.30617E-01 4.34856E-01 3.35530E-01 2.06915E-01 7.82584E+00
2.17330E-01 3.44611E-01 4.41624E-01 5.13628E-01 5.32751E-01 6.62713E-01 7.41425E-01 4.43240E-01 3.44611E-01 2.17330E-01 7.91181E+00
2.27275E-01 3.53274E-01 4.49596E-01 5.21479E-01 5.40710E-01 6.72044E-01 7.51741E-01 4.51230E-01 3.53274E-01 2.27275E-01 7.98977E+00
2.36779E-01 3.61544E-01 4.57200E-01 5.28960E-01 5.48293E-01 6.80944E-01 7.61596E-01 4.58852E-01 3.61544E-01 2.36779E-01 8.06042E+00
2.45870E-01 3.69444E-01 4.64458E-01 5.36092E-01 5.55522E-01 6.89440E-01 7.71018E-01 4.66127E-01 3.69444E-01 2.45870E-01 8.12438E+00
2.54571E-01 3.76998E-01 4.71390E-01 5.42898E-01 5.62419E-01 6.97555E-01 7.80034E-01 4.73075E-01 3.76998E-01 2.54571E-01 8.18221E+00
2.62907E-01 3.84224E-01 4.78016E-01 5.49395E-01 5.69003E-01 7.05312E-01 7.88666E-01 4.79716E-01 3.84224E-01 2.62907E-01 8.23442E+00
2.70897E-01 3.91142E-01 4.84353E-01 5.55602E-01 5.75292E-01 7.12732E-01 7.96936E-01 4.86067E-01 3.91142E-01 2.70897E-01 8.28147E+00
2.78561E-01 3.97769E-01 4.90416E-01 5.61535E-01 5.81304E-01 7.19833E-01 8.04866E-01 4.92144E-01 3.97769E-01 2.78561E-01 8.32376E+00
2.85918E-01 4.04121E-01 4.96222E-01 5.67209E-01 5.87052E-01 7.26634E-01 8.12473E-01 4.97962E-01 4.04121E-01 2.85918E-01 8.36170E+00
2.92984E-01 4.10213E-01 5.01783E-01 5.72638E-01 5.92552E-01 7.33151E-01 8.19775E-01 5.03536E-01 4.10213E-01 2.92984E-01 8.39560E+00
2.99774E-01 4.16059E-01 5.07113E-01 5.77836E-01 5.97817E-01 7.39399E-01 8.26789E-01 5.08878E-01 4.16059E-01 2.99774E-01 8.42579E+00
3.06304E-01 4.21671E-01 5.12224E-01 5.82814E-01 6.02860E-01 7.45392E-01 8.33529E-01 5.14000E-01 4.21671E-01 3.06304E-01 8.45256E+00
3.12585E-01 4.27061E-01 5.17128E-01 5.87584E-01 6.07691E-01 7.51144E-01 8.40009E-01 5.18914E-01 4.27061E-01 3.12585E-01 8.47615E+00
3.18632E-01 4.32242E-01 5.21834E-01 5.92157E-01 6.12322E-01 7.56667E-01 8.46243E-01 5.23630E-01 4.32242E-01 3.18632E-01 8.49682E+00
3.24455E-01 4.37223E-01 5.26353E-01 5.96542E-01 6.16763E-01 7.61972E-01 8.52243E-01 5.28158E-01 4.37223E-01 3.24455E-01 8.51477E+00
3.30066E-01 4.42013E-01 5.30693E-01 6.00749E-01 6.21024E-01 7.67070E-01 8.58020E-01 5.32508E-01 4.42013E-01 3.30066E-01 8.53021E+00
3.35475E-01 4.46623E-01 5.34864E-01 6.04787E-01 6.25112E-01 7.71972E-01 8.63584E-01 5.36688E-01 4.46623E-01 3.35475E-01 8.54333E+00
3.40691E-01 4.51061E-01 5.38873E-01 6.08663E-01 6.29038E-01 7.76686E-01 8.68947E-01 5.40705E-01 4.51061E-01 3.40691E-01 8.55428E+00
3.45723E-01 4.55335E-01 5.42728E-01 6.12386E-01 6.32807E-01 7.81222E-01 8.74117E-01 5.44569E-01 4.55335E-01 3.45723E-01 8.56323E+00
3.50581E-01 4.59452E-01 5.46437E-01 6.15962E-01 6.36428E-01 7.85587E-01 8.79103E-01 5.48285E-01 4.59452E-01 3.50581E-01 8.57031E+00
3.55271E-01 4.63420E-01 5.50006E-01 6.19399E-01 6.39907E-01 7.89790E-01 8.83914E-01 5.51861E-01 4.63420E-01 3.55271E-01 8.57567E+00
3.59801E-01 4.67245E-01 5.53441E-01 6.22702E-01 6.43251E-01 7.93838E-01 8.88557E-01 5.55303E-01 4.67245E-01 3.59801E-01 8.57942E+00
3.64179E-01 4.70934E-01 5.56748E-01 6.25878E-01 6.46466E-01 7.97738E-01 8.93039E-01 5.58616E-01 4.70934E-01 3.64179E-01 8.58167E+00
3.68411E-01 4.74493E-01 5.59933E-01 6.28932E-01 6.49558E-01 8.01497E-01 8.97369E-01 5.61808E-01 4.74493E-01 3.68411E-01 8.58253E+00
3.72503E-01 4.77927E-01 5.63001E-01 6.31871E-01 6.52532E-01 8.05120E-01 9.01551E-01 5.64882E-01 4.77927E-01 3.72503E-01 8.58209E+00
3.76461E-01 4.81241E-01 5.65957E-01 6.34697E-01 6.55393E-01 8.08613E-01 9.05593E-01 5.67844E-01 4.81241E-01 3.76461E-01 8.58045E+00
3.80291E-01 4.84441E-01 5.68807E-01 6.37418E-01 6.58147E-01 8.11983E-01 9.09500E-01 5.70699E-01 4.84441E-01 3.80291E-01 8.57768E+00
3.83998E-01 4.87532E-01 5.71553E-01 6.40036E-01 6.60797E-01 8.15233E-01 9.13278E-01 5.73451E-01 4.87532E-01 3.83998E-01 8.57387E+00
0.00000E+00 0.00000E+00 7.91691E-02 1.54904E-01 1.69463E-01 2.47905E-01 2.92106E-01 8.00216E-02 0.00000E+00 0.00000E+00 8.55883E-01
0.00000E+00 0.00000E+00 1.07259E-01 1.83341E-01 1.98782E-01 2.85007E-01 3.33182E-01 1.08270E-01 0.00000E+00 0.00000E+00 1.71737E+00
0.00000E+00 1.90527E-02 1.32659E-01 2.08921E-01 2.25061E-01 3.17711E-01 3.69327E-01 1.33796E-01 1.90527E-02 0.00000E+00 2.42162E+00
0.00000E+00 4.46891E-02 1.55845E-01 2.32182E-01 2.48903E-01 3.47082E-01 4.01781E-01 1.57085E-01 4.46891E-02 0.00000E+00 3.01774E+00
0.00000E+00 6.81133E-02 1.77113E-01 2.53454E-01 2.70671E-01 3.73721E-01 4.31231E-01 1.78441E-01 6.81133E-02 0.00000E+00 3.53847E+00
0.00000E+00 8.96045E-02 1.96681E-01 2.72974E-01 2.90621E-01 3.98014E-01 4.58107E-01 1.98085E-01 8.96045E-02 0.00000E+00 3.99444E+00
0.00000E+00 1.09398E-01 2.14739E-01 2.90946E-01 3.08970E-01 4.20274E-01 4.82757E-01 2.16210E-01 1.09398E-01 0.00000E+00 4.39488E+00
0.00000E+00 1.27691E-01 2.31454E-01 3.07545E-01 3.25901E-01 4.40757E-01 5.05464E-01 2.32982E-01 1.27691E-01 0.00000E+00 4.74763E+00
7.53077E-03 1.44662E-01 2.46985E-01 3.22939E-01 3.41589E-01 4.59670E-01 5.26445E-01 2.48565E-01 1.44662E-01 7.53077E-03 5.04414E+00
2.58782E-02 1.60469E-01 2.61467E-01 3.37266E-01 3.56179E-01 4.77210E-01 5.45916E-01 2.63092E-01 1.60469E-01 2.58782E-02 5.28477E+00
4.29905E-02 1.75214E-01 2.74973E-01 3.50605E-01 3.69755E-01 4.93529E-01 5.64069E-01 2.76640E-01 1.75214E-01 4.29905E-02 5.49854E+00
5.89867E-02 1.88995E-01 2.87593E-01 3.63045E-01 3.82413E-01 5.08747E-01 5.81030E-01 2.89297E-01 1.88995E-01 5.89867E-02 5.68868E+00
7.39708E-02 2.01899E-01 2.99404E-01 3.74668E-01 3.94235E-01 5.22966E-01 5.96910E-01 3.01142E-01 2.01899E-01 7.39708E-02 5.85797E+00
8.80337E-02 2.14003E-01 3.10476E-01 3.85545E-01 4.05294E-01 5.36276E-01 6.11806E-01 3.12245E-01 2.14003E-01 8.80337E-02 6.00880E+00
1.01256E-01 2.25375E-01 3.20871E-01 3.95739E-01 4.15656E-01 5.48757E-01 6.25803E-01 3.22668E-01 2.25375E-01 1.01256E-01 6.14326E+00
1.13708E-01 2.36074E-01 3.30642E-01 4.05306E-01 4.25379E-01 5.60478E-01 6.38977E-01 3.32466E-01 2.36074E-01 1.13708E-01 6.26316E+00
1.25453E-01 2.46155E-01 3.39841E-01 4.14297E-01 4.34513E-01 5.71503E-01 6.51396E-01 3.41688E-01 2.46155E-01 1.25453E-01 6.37008E+00
1.36547E-01 2.55667E-01 3.48511E-01 4.22757E-01 4.43106E-01 5.81887E-01 6.63119E-01 3.50381E-01 2.55667E-01 1.36547E-01 6.46539E+00
1.47041E-01 2.64652E-01 3.56692E-01 4.30726E-01 4.51199E-01 5.91680E-01 6.74201E-01 3.58582E-01 2.64652E-01 1.47041E-01 6.55030E+00
1.56979E-01 2.73150E-01 3.64421E-01 4.38242E-01 4.58830E-01 6.00926E-01 6.84688E-01 3.66329E-01 2.73150E-01 1.56979E-01 6.62589E+00
1.66403E-01 2.81196E-01 3.71729E-01 4.45336E-01 4.66031E-01 6.09666E-01 6.94625E-01 3.73655E-01 2.81196E-01 1.66403E-01 6.69308E+00
1.75349E-01 2.88822E-01 3.78646E-01 4.52040E-01 4.72835E-01 6.17937E-01 7.04050E-01 3.80589E-01 2.88822E-01 1.75349E-01 6.75271E+00
1.83850E-01 2.96056E-01 3.85199E-01 4.58380E-01 4.79268E-01 6.25771E-01 7.13000E-01 3.87157E-01 2.96056E-01 1.83850E-01 6.80552E+00
1.91937E-01 3.02926E-01 3.91413E-01 4.64380E-01 4.85356E-01 6.33198E-01 7.21506E-01 3.93385E-01 3.02926E-01 1.91937E-01 6.85214E+00
1.99637E-01 3.09456E-01 3.97310E-01 4.70065E-01 4.91123E-01 6.40245E-01 7.29599E-01 3.99296E-01 3.09456E-01 1.99637E-01 6.89318E+00
2.06975E-01 3.15667E-01 4.02911E-01 4.75454E-01 4.96588E-01 6.46939E-01 7.37304E-01 4.04908E-01 3.15667E-01 2.06975E-01 6.92914E+00
2.13974E-01 3.21580E-01 4.08234E-01 4.80566E-01 5.01772E-01 6.53300E-01 7.44646E-01 4.10243E-01 3.21580E-01 2.13974E-01 6.96049E+00
2.20656E-01 3.27212E-01 4.13296E-01 4.85419E-01 5.06692E-01 6.59351E-01 7.51648E-01 4.15316E-01 3.27212E-01 2.20656E-01 6.98766E+00
2.27039E-01 3.32582E-01 4.18114E-01 4.90028E-01 5.11365E-01 6.65110E-01 7.58330E-01 4.20143E-01 3.32582E-01 2.27039E-01 7.01100E+00
2.33141E-01 3.37705E-01 4.22701E-01 4.94409E-01 5.15805E-01 6.70595E-01 7.64712E-01 4.24740E-01 3.37705E-01 2.33141E-01 7.03086E+00
2.38980E-01 3.42596E-01 4.27073E-01 4.98574E-01 5.20026E-01 6.75822E-01 7.70811E-01 4.29120E-01 3.42596E-01 2.38980E-01 7.04754E+00
2.44569E-01 3.47267E-01 4.31240E-01 5.02537E-01 5.24042E-01 6.80806E-01 7.76644E-01 4.33295E-01 3.47267E-01 2.44569E-01 7.06132E+00
2.49924E-01 3.51731E-01 4.35214E-01 5.06310E-01 5.27864E-01 6.85562E-01 7.82224E-01 4.37278E-01 3.51731E-01 2.49924E-01 7.07245E+00
2.55056E-01 3.56000E-01 4.39008E-01 5.09902E-01 5.31502E-01 6.90101E-01 7.87567E-01 4.41078E-01 3.56000E-01 2.55056E-01 7.08115E+00
2.59979E-01 3.60084E-01 4.42629E-01 5.13324E-01 5.34968E-01 6.94436E-01 7.92684E-01 4.44706E-01 3.60084E-01 2.59979E-01 7.08761E+00
2.64703E-01 3.63994E-01 4.46088E-01 5.16585E-01 5.38271E-01 6.98578E-01 7.97589E-01 4.48171E-01 3.63994E-01 2.64703E-01 7.09204E+00
2.69238E-01 3.67738E-01 4.49393E-01 5.19694E-01 5.41419E-01 7.02538E-01 8.02292E-01 4.51482E-01 3.67738E-01 2.69238E-01 7.09460E+00
2.73596E-01 3.71325E-01 4.52552E-01 5.22659E-01 5.44420E-01 7.06324E-01 8.06804E-01 4.54647E-01 3.71325E-01 2.73596E-01 7.09544E+00
2.77783E-01 3.74763E-01 4.55573E-01 5.25487E-01 5.47283E-01 7.09947E-01 8.11133E-01 4.57673E-01 3.74763E-01 2.77783E-01 7.09470E+00
2.81810E-01 3.78060E-01 4.58463E-01 5.28186E-01 5.50014E-01 7.13413E-01 8.15291E-01 4.60568E-01 3.78060E-01 2.81810E-01 7.09251E+00
2.85684E-01 3.81223E-01 4.61228E-01 5.30762E-01 5.52621E-01 7.16731E-01 8.19284E-01 4.63337E-01 3.81223E-01 2.85684E-01 7.08899E+00
2.89412E-01 3.84258E-01 4.63875E-01 5.33221E-01 5.55109E-01 7.19909E-01 8.23120E-01 4.65988E-01 3.84258E-01 2.89412E-01 7.08425E+00
2.93002E-01 3.87171E-01 4.66409E-01 5.35570E-01 5.57484E-01 7.22953E-01 8.26809E-01 4.68526E-01 3.87171E-01 2.93002E-01 7.07839E+00
2.96459E-01 3.89968E-01 4.68835E-01 5.37812E-01 5.59752E-01 7.25870E-01 8.30355E-01 4.70956E-01 3.89968E-01 2.96459E-01 7.07149E+00
2.99791E-01 3.92656E-01 4.71160E-01 5.39954E-01 5.61918E-01 7.28665E-01 8.33766E-01 4.73284E-01 3.92656E-01 2.99791E-01 7.06363E+00
3.03002E-01 3.95238E-01 4.73387E-01 5.42000E-01 5.63986E-01 7.31345E-01 8.37048E-01 4.75515E-01 3.95238E-01 3.03002E-01 7.05491E+00
3.06098E-01 3.97719E-01 4.75521E-01 5.43955E-01 5.65962E-01 7.33914E-01 8.40207E-01 4.77652E-01 3.97719E-01 3.06098E-01 7.04538E+00
3.09085E-01 4.00105E-01 4.77567E-01 5.45823E-01 5.67850E-01 7.36378E-01 8.43248E-01 4.79700E-01 4.00105E-01 3.09085E-01 7.03511E+00
3.11966E-01 4.02399E-01 4.79527E-01 5.47608E-01 5.69653E-01 7.38741E-01 8.46177E-01 4.81663E-01 4.02399E-01 3.11966E-01 7.02416E+00
3.14748E-01 4.04606E-01 4.81407E-01 5.49314E-01 5.71376E-01 7.41009E-01 8.48998E-01 4.83545E-01 4.04606E-01 3.14748E-01 7.01259E+00
0.00000E+00 0.00000E+00 7.29112E-02 1.53264E-01 1.70304E-01 2.65563E-01 3.13767E-01 7.42908E-02 0.00000E+00 0.00000E+00 1.12065E+00
0.00000E+00 0.00000E+00 9.91669E-02 1.79429E-01 1.97315E-01 3.00790E-01 3.53693E-01 1.00694E-01 0.00000E+00 0.00000E+00 1.89259E+00
0.00000E+00 1.74246E-02 1.22369E-01 2.02438E-01 2.20983E-01 3.31181E-01 3.88123E-01 1.24009E-01 1.74246E-02 0.00000E+00 2.50344E+00
0.00000E+00 4.05449E-02 1.43163E-01 2.22978E-01 2.42064E-01 3.58001E-01 4.18539E-01 1.44895E-01 4.05449E-02 0.00000E+00 3.00699E+00
0.00000E+00 6.13708E-02 1.61941E-01 2.41464E-01 2.61004E-01 3.81964E-01 4.45761E-01 1.63750E-01 6.13708E-02 0.00000E+00 3.43747E+00
0.00000E+00 8.02439E-02 1.78987E-01 2.58192E-01 2.78121E-01 4.03532E-01 4.70308E-01 1.80861E-01 8.02439E-02 0.00000E+00 3.80707E+00
0.00000E+00 9.74377E-02 1.94532E-01 2.73404E-01 2.93670E-01 4.23063E-01 4.92583E-01 1.96462E-01 9.74377E-02 0.00000E+00 4.12573E+00
0.00000E+00 1.13174E-01 2.08768E-01 2.87297E-01 3.07855E-01 4.40844E-01 5.12907E-01 2.10745E-01 1.13174E-01 0.00000E+00 4.40154E+00
6.51657E-03 1.27647E-01 2.21872E-01 3.00054E-01 3.20868E-01 4.57104E-01 5.31520E-01 2.23889E-01 1.27647E-01 6.51657E-03 4.62788E+00
2.23136E-02 1.41021E-01 2.33986E-01 3.11819E-01 3.32858E-01 4.72047E-01 5.48654E-01 2.36039E-01 1.41021E-01 2.23136E-02 4.80571E+00
3.69461E-02 1.53399E-01 2.45186E-01 3.22668E-01 3.43909E-01 4.85831E-01 5.64507E-01 2.47271E-01 1.53399E-01 3.69461E-02 4.96072E+00
5.05362E-02 1.64883E-01 2.55566E-01 3.32696E-01 3.54118E-01 4.98579E-01 5.79215E-01 2.57679E-01 1.64883E-01 5.05362E-02 5.09594E+00
6.31891E-02 1.75561E-01 2.65204E-01 3.41983E-01 3.63569E-01 5.10395E-01 5.92893E-01 2.67343E-01 1.75561E-01 6.31891E-02 5.21391E+00
7.49960E-02 1.85511E-01 2.74172E-01 3.50601E-01 3.72335E-01 5.21372E-01 6.05642E-01 2.76333E-01 1.85511E-01 7.49960E-02 5.31682E+00
8.60360E-02 1.94799E-01 2.82531E-01 3.58612E-01 3.80480E-01 5.31589E-01 6.17548E-01 2.84711E-01 1.94799E-01 8.60360E-02 5.40651E+00
9.63788E-02 2.03484E-01 2.90334E-01 3.66071E-01 3.88061E-01 5.41116E-01 6.28689E-01 2.92532E-01 2.03484E-01 9.63788E-02 5.48458E+00
1.06085E-01 2.11620E-01 2.97630E-01 3.73026E-01 3.95128E-01 5.50014E-01 6.39130E-01 2.99844E-01 2.11620E-01 1.06085E-01 5.55241E+00
1.15210E-01 2.19252E-01 3.04461E-01 3.79519E-01 4.01723E-01 5.58338E-01 6.48932E-01 3.06690E-01 2.19252E-01 1.15210E-01 5.61118E+00
1.23800E-01 2.26421E-01 3.10865E-01 3.85590E-01 4.07886E-01 5.66135E-01 6.58147E-01 3.13107E-01 2.26421E-01 1.23800E-01 5.66193E+00
1.31900E-01 2.33165E-01 3.16877E-01 3.91272E-01 4.13653E-01 5.73448E-01 6.66822E-01 3.19130E-01 2.33165E-01 1.31900E-01 5.70555E+00
1.39546E-01 2.39516E-01 3.22526E-01 3.96595E-01 4.19055E-01 5.80315E-01 6.75000E-01 3.24790E-01 2.39516E-01 1.39546E-01 5.74282E+00
1.46774E-01 2.45505E-01 3.27840E-01 4.01588E-01 4.24119E-01 5.86772E-01 6.82717E-01 3.30114E-01 2.45505E-01 1.46774E-01 5.77442E+00
1.53614E-01 2.51157E-01 3.32844E-01 4.06276E-01 4.28872E-01 5.92848E-01 6.90009E-01 3.35126E-01 2.51157E-01 1.53614E-01 5.80097E+00
1.60095E-01 2.56498E-01 3.37560E-01 4.10679E-01 4.33335E-01 5.98573E-01 6.96905E-01 3.39850E-01 2.56498E-01 1.60095E-01 5.82300E+00
1.66241E-01 2.61549E-01 3.42009E-01 4.14820E-01 4.37531E-01 6.03970E-01 7.03434E-01 3.44306E-01 2.61549E-01 1.66241E-01 5.84096E+00
1.72076E-01 2.66330E-01 3.46209E-01 4.18716E-01 4.41477E-01 6.09063E-01 7.09621E-01 3.48512E-01 2.66330E-01 1.72076E-01 5.85528E+00
1.77621E-01 2.70859E-01 3.50177E-01 4.22384E-01 4.45191E-01 6.13873E-01 7.15488E-01 3.52485E-01 2.70859E-01 1.77621E-01 5.86633E+00
1.82894E-01 2.75153E-01 3.53928E-01 4.25840E-01 4.48689E-01 6.18419E-01 7.21058E-01 3.56242E-01 2.75153E-01 1.82894E-01 5.87443E+00
1.87913E-01 2.79228E-01 3.57477E-01 4.29097E-01 4.51985E-01 6.22717E-01 7.26348E-01 3.59795E-01 2.79228E-01 1.87913E-01 5.87988E+00
1.92695E-01 2.83097E-01 3.60837E-01 4.32169E-01 4.55092E-01 6.26785E-01 7.31376E-01 3.63158E-01 2.83097E-01 1.92695E-01 5.88293E+00
1.97253E-01 2.86772E-01 3.64018E-01 4.35068E-01 4.58023E-01 6.30637E-01 7.36160E-01 3.66343E-01 2.86772E-01 1.97253E-01 5.88383E+00
2.01602E-01 2.90267E-01 3.67033E-01 4.37803E-01 4.60788E-01 6.34286E-01 7.40713E-01 3.69361E-01 2.90267E-01 2.01602E-01 5.88277E+00
2.05754E-01 2.93591E-01 3.69891E-01 4.40386E-01 4.63397E-01 6.37744E-01 7.45049E-01 3.72221E-01 2.93591E-01 2.05754E-01 5.87995E+00
2.09720E-01 2.96755E-01 3.72602E-01 4.42825E-01 4.65860E-01 6.41023E-01 7.49180E-01 3.74935E-01 2.96755E-01 2.09720E-01 5.87554E+00
2.13511E-01 2.99768E-01 3.75175E-01 4.45129E-01 4.68186E-01 6.44133E-01 7.53120E-01 3.77509E-01 2.99768E-01 2.13511E-01 5.86970E+00
2.17136E-01 3.02638E-01 3.77616E-01 4.47307E-01 4.70383E-01 6.47085E-01 7.56878E-01 3.79952E-01 3.02638E-01 2.17136E-01 5.86254E+00
2.20606E-01 3.05374E-01 3.79935E-01 4.49364E-01 4.72458E-01 6.49886E-01 7.60464E-01 3.82271E-01 3.05374E-01 2.20606E-01 5.85422E+00
2.23928E-01 3.07983E-01 3.82136E-01 4.51309E-01 4.74419E-01 6.52546E-01 7.63888E-01 3.84474E-01 3.07983E-01 2.23928E-01 5.84483E+00
2.27111E-01 3.10472E-01 3.84228E-01 4.53147E-01 4.76271E-01 6.55073E-01 7.67158E-01 3.86566E-01 3.10472E-01 2.27111E-01 5.83447E+00
2.30161E-01 3.12847E-01 3.86216E-01 4.54884E-01 4.78020E-01 6.57473E-01 7.70283E-01 3.88555E-01 3.12847E-01 2.30161E-01 5.82325E+00
2.33085E-01 3.15114E-01 3.88105E-01 4.56526E-01 4.79673E-01 6.59753E-01 7.73269E-01 3.90444E-01 3.15114E-01 2.33085E-01 5.81124E+00
2.35891E-01 3.17279E-01 3.89901E-01 4.58078E-01 4.81234E-01 6.61921E-01 7.76125E-01 3.92240E-01 3.17279E-01 2.35891E-01 5.79852E+00
2.38584E-01 3.19348E-01 3.91609E-01 4.59545E-01 4.82709E-01 6.63980E-01 7.78857E-01 3.93947E-01 3.19348E-01 2.38584E-01 5.78517E+00
2.41169E-01 3.21324E-01 3.93232E-01 4.60931E-01 4.84101E-01 6.65938E-01 7.81470E-01 3.95570E-01 3.21324E-01 2.41169E-01 5.77123E+00
2.43651E-01 3.23213E-01 3.94776E-01 4.62240E-01 4.85416E-01 6.67799E-01 7.83971E-01 3.97114E-01 3.23213E-01 2.43651E-01 5.75678E+00
2.46037E-01 3.25019E-01 3.96244E-01 4.63476E-01 4.86656E-01 6.69568E-01 7.86365E-01 3.98581E-01 3.25019E-01 2.46037E-01 5.74187E+00
2.48329E-01 3.26745E-01 3.97641E-01 4.64644E-01 4.87827E-01 6.71249E-01 7.88657E-01 3.99977E-01 3.26745E-01 2.48329E-01 5.72654E+00
2.50534E-01 3.28397E-01 3.98968E-01 4.65745E-01 4.88931E-01 6.72847E-01 7.90852E-01 4.01303E-01 3.28397E-01 2.50534E-01 5.71083E+00
2.52654E-01 3.29976E-01 4.00231E-01 4.66785E-01 4.89971E-01 6.74366E-01 7.92954E-01 4.02565E-01 3.29976E-01 2.52654E-01 5.69479E+00
2.54693E-01 3.31487E-01 4.01431E-01 4.67765E-01 4.90951E-01 6.75810E-01 7.94968E-01 4.03764E-01 3.31487E-01 2.54693E-01 5.67846E+00
0.00000E+00 0.00000E+00 6.75467E-02 1.51948E-01 1.71683E-01 2.86354E-01 3.39732E-01 6.95148E-02 0.00000E+00 0.00000E+00 1.36740E+00
0.00000E+00 0.00000E+00 9.16404E-02 1.75429E-01 1.95929E-01 3.19085E-01 3.78040E-01 9.37310E-02 0.00000E+00 0.00000E+00 2.03781E+00
0.00000E+00 1.56935E-02 1.12461E-01 1.95617E-01 2.16702E-01 3.46729E-01 4.10433E-01 1.14642E-01 1.56935E-02 0.00000E+00 2.55024E+00
0.00000E+00 3.62305E-02 1.30782E-01 2.13301E-01 2.34856E-01 3.70699E-01 4.38594E-01 1.33035E-01 3.62305E-02 0.00000E+00 2.96063E+00
0.00000E+00 5.44668E-02 1.47068E-01 2.28952E-01 2.50894E-01 3.91786E-01 4.63454E-01 1.49377E-01 5.44668E-02 0.00000E+00 3.30328E+00
0.00000E+00 7.07886E-02 1.61649E-01 2.42907E-01 2.65174E-01 4.10505E-01 4.85601E-01 1.64004E-01 7.07886E-02 0.00000E+00 3.59102E+00
0.00000E+00 8.54939E-02 1.74783E-01 2.55428E-01 2.77970E-01 4.27246E-01 5.05480E-01 1.77177E-01 8.54939E-02 0.00000E+00 3.83385E+00
0.00000E+00 9.88179E-02 1.86677E-01 2.66723E-01 2.89499E-01 4.42312E-01 5.23439E-01 1.89102E-01 9.88179E-02 0.00000E+00 4.03967E+00
5.56029E-03 1.10963E-01 1.97517E-01 2.76981E-01 2.99958E-01 4.55944E-01 5.39733E-01 1.99968E-01 1.10963E-01 5.56029E-03 4.20332E+00
1.89709E-02 1.22095E-01 2.07447E-01 2.86347E-01 3.09496E-01 4.68348E-01 5.54602E-01 2.09919E-01 1.22095E-01 1.89709E-02 4.32603E+00
3.13063E-02 1.32314E-01 2.16543E-01 2.94889E-01 3.18189E-01 4.79677E-01 5.68251E-01 2.19033E-01 1.32314E-01 3.13063E-02 4.43019E+00
4.26878E-02 1.41721E-01 2.24898E-01 3.02702E-01 3.26134E-01 4.90056E-01 5.80818E-01 2.27403E-01 1.41721E-01 4.26878E-02 4.51849E+00
5.32187E-02 1.50404E-01 2.32590E-01 3.09865E-01 3.33413E-01 4.99589E-01 5.92419E-01 2.35107E-01 1.50404E-01 5.32187E-02 4.59316E+00
6.29874E-02 1.58438E-01 2.39688E-01 3.16444E-01 3.40095E-01 5.08366E-01 6.03157E-01 2.42215E-01 1.58438E-01 6.29874E-02 4.65608E+00
7.20702E-02 1.65887E-01 2.46250E-01 3.22500E-01 3.46241E-01 5.16463E-01 6.13116E-01 2.48786E-01 1.65887E-01 7.20702E-02 4.70884E+00
8.05334E-02 1.72807E-01 2.52328E-01 3.28083E-01 3.51903E-01 5.23949E-01 6.22373E-01 2.54872E-01 1.72807E-01 8.05334E-02 4.75278E+00
8.84348E-02 1.79247E-01 2.57968E-01 3.33239E-01 3.57129E-01 5.30880E-01 6.30993E-01 2.60517E-01 1.79247E-01 8.84348E-02 4.78905E+00
9.58251E-02 1.85251E-01 2.63208E-01 3.38006E-01 3.61957E-01 5.37309E-01 6.39034E-01 2.65762E-01 1.85251E-01 9.58251E-02 4.81861E+00
1.02749E-01 1.90857E-01 2.68084E-01 3.42419E-01 3.66424E-01 5.43281E-01 6.46547E-01 2.70641E-01 1.90857E-01 1.02749E-01 4.84232E+00
1.09247E-01 1.96099E-01 2.72628E-01 3.46510E-01 3.70562E-01 5.48834E-01 6.53575E-01 2.75187E-01 1.96099E-01 1.09247E-01 4.86088E+00
1.15353E-01 2.01006E-01 2.76866E-01 3.50305E-01 3.74397E-01 5.54005E-01 6.60161E-01 2.79427E-01 2.01006E-01 1.15353E-01 4.87493E+00
1.21099E-01 2.05607E-01 2.80824E-01 3.53829E-01 3.77957E-01 5.58826E-01 6.66338E-01 2.83385E-01 2.05607E-01 1.21099E-01 4.88500E+00
1.26513E-01 2.09925E-01 2.84523E-01 3.57104E-01 3.81262E-01 5.63324E-01 6.72139E-01 2.87085E-01 2.09925E-01 1.26513E-01 4.89157E+00
1.31621E-01 2.13981E-01 2.87985E-01 3.60149E-01 3.84333E-01 5.67524E-01 6.77593E-01 2.90546E-01 2.13981E-01 1.31621E-01 4.89504E+00
1.36444E-01 2.17796E-01 2.91226E-01 3.62983E-01 3.87189E-01 5.71450E-01 6.82726E-01 2.93786E-01 2.17796E-01 1.36444E-01 4.89579E+00
1.41005E-01 2.21387E-01 2.94263E-01 3.65621E-01 3.89844E-01 5.75122E-01 6.87561E-01 2.96822E-01 2.21387E-01 1.41005E-01 4.89411E+00
1.45321E-01 2.24770E-01 2.97111E-01 3.68077E-01 3.92316E-01 5.78559E-01 6.92118E-01 2.99668E-01 2.24770E-01 1.45321E-01 4.89030E+00
1.49410E-01 2.27960E-01 2.99783E-01 3.70366E-01 3.94616E-01 5.81777E-01 6.96418E-01 3.02338E-01 2.27960E-01 1.49410E-01 4.88459E+00
1.53287E-01 2.30970E-01 3.02292E-01 3.72499E-01 3.96757E-01 5.84792E-01 7.00478E-01 3.04844E-01 2.30970E-01 1.53287E-01 4.87721E+00
1.56965E-01 2.33812E-01 3.04649E-01 3.74486E-01 3.98750E-01 5.87617E-01 7.04314E-01 3.07198E-01 2.33812E-01 1.56965E-01 4.86834E+00
1.60458E-01 2.36497E-01 3.06863E-01 3.76338E-01 4.00605E-01 5.90266E-01 7.07940E-01 3.09409E-01 2.36497E-01 1.60458E-01 4.85815E+00
1.63778E-01 2.39035E-01 3.08944E-01 3.78064E-01 4.02333E-01 5.92751E-01 7.11369E-01 3.11487E-01 2.39035E-01 1.63778E-01 4.84679E+00
1.66936E-01 2.41436E-01 3.10902E-01 3.79672E-01 4.03940E-01 5.95081E-01 7.14615E-01 3.13441E-01 2.41436E-01 1.66936E-01 4.83441E+00
1.69941E-01 2.43709E-01 3.12743E-01 3.81170E-01 4.05435E-01 5.97268E-01 7.17689E-01 3.15278E-01 2.43709E-01 1.69941E-01 4.82111E+00
1.72803E-01 2.45860E-01 3.14474E-01 3.82565E-01 4.06826E-01 5.99319E-01 7.20600E-01 3.17006E-01 2.45860E-01 1.72803E-01 4.80701E+00
1.75529E-01 2.47898E-01 3.16104E-01 3.83864E-01 4.08119E-01 6.01243E-01 7.23359E-01 3.18631E-01 2.47898E-01 1.75529E-01 4.79220E+00
1.78129E-01 2.49829E-01 3.17637E-01 3.85072E-01 4.09319E-01 6.03048E-01 7.25974E-01 3.20160E-01 2.49829E-01 1.78129E-01 4.77676E+00
1.80609E-01 2.51660E-01 3.19080E-01 3.86195E-01 4.10434E-01 6.04742E-01 7.28454E-01 3.21599E-01 2.51660E-01 1.80609E-01 4.76078E+00
1.82976E-01 2.53396E-01 3.20438E-01 3.87238E-01 4.11467E-01 6.06330E-01 7.30806E-01 3.22952E-01 2.53396E-01 1.82976E-01 4.74433E+00
1.85236E-01 2.55042E-01 3.21716E-01 3.88207E-01 4.12424E-01 6.07819E-01 7.33037E-01 3.24225E-01 2.55042E-01 1.85236E-01 4.72745E+00
1.87395E-01 2.56604E-01 3.22918E-01 3.89105E-01 4.13310E-01 6.09214E-01 7.35155E-01 3.25422E-01 2.56604E-01 1.87395E-01 4.71022E+00
1.89459E-01 2.58087E-01 3.24048E-01 3.89936E-01 4.14128E-01 6.10521E-01 7.37164E-01 3.26548E-01 2.58087E-01 1.89459E-01 4.69268E+00
1.91432E-01 2.59493E-01 3.25112E-01 3.90705E-01 4.14882E-01 6.11745E-01 7.39072E-01 3.27606E-01 2.59493E-01 1.91432E-01 4.67487E+00
1.93319E-01 2.60829E-01 3.26111E-01 3.91415E-01 4.15576E-01 6.12890E-01 7.40882E-01 3.28601E-01 2.60829E-01 1.93319E-01 4.65684E+00
1.95124E-01 2.62097E-01 3.27051E-01 3.92069E-01 4.16214E-01 6.13960E-01 7.42601E-01 3.29536E-01 2.62097E-01 1.95124E-01 4.63862E+00
1.96853E-01 2.63300E-01 3.27933E-01 3.92670E-01 4.16799E-01 6.14960E-01 7.44233E-01 3.30413E-01 2.63300E-01 1.96853E-01 4.62025E+00
1.98508E-01 2.64443E-01 3.28761E-01 3.93221E-01 4.17333E-01 6.15894E-01 7.45782E-01 3.31236E-01 2.64443E-01 1.98508E-01 4.60176E+00
2.00093E-01 2.65528E-01 3.29539E-01 3.93726E-01 4.17819E-01 6.16764E-01 7.47252E-01 3.32008E-01 2.65528E-01 2.00093E-01 4.58316E+00
2.01612E-01 2.66559E-01 3.30267E-01 3.94186E-01 4.18260E-01 6.17574E-01 7.48648E-01 3.32732E-01 2.66559E-01 2.01612E-01 4.56450E+00
2.03067E-01 2.67537E-01 3.30950E-01 3.94603E-01 4.18658E-01 6.18327E-01 7.49972E-01 3.33409E-01 2.67537E-01 2.03067E-01 4.54578E+00
0.00000E+00 0.00000E+00 6.30045E-02 1.50603E-01 1.73140E-01 3.09836E-01 3.70290E-01 6.55921E-02 0.00000E+00 0.00000E+00 1.57714E+00
0.00000E+00 0.00000E+00 8.46163E-02 1.70994E-01 1.94173E-01 3.39395E-01 4.06436E-01 8.72854E-02 0.00000E+00 0.00000E+00 2.13728E+00
0.00000E+00 1.38748E-02 1.02894E-01 1.88135E-01 2.11790E-01 3.63836E-01 4.36423E-01 1.05619E-01 1.38748E-02 0.00000E+00 2.54943E+00
0.00000E+00 3.17881E-02 1.18691E-01 2.02859E-01 2.26883E-01 3.84645E-01 4.62081E-01 1.21455E-01 3.17881E-02 0.00000E+00 2.86888E+00
0.00000E+00 4.74715E-02 1.32511E-01 2.15660E-01 2.39979E-01 4.02653E-01 4.84418E-01 1.35303E-01 4.74715E-02 0.00000E+00 3.12849E+00
0.00000E+00 6.13347E-02 1.44711E-01 2.26891E-01 2.51448E-01 4.18403E-01 5.04071E-01 1.47523E-01 6.13347E-02 0.00000E+00 3.34081E+00
0.00000E+00 7.36860E-02 1.55561E-01 2.36819E-01 2.61570E-01 4.32295E-01 5.21512E-01 1.58387E-01 7.36860E-02 0.00000E+00 3.51533E+00
0.00000E+00 8.47635E-02 1.65271E-01 2.45650E-01 2.70560E-01 4.44635E-01 5.37102E-01 1.68107E-01 8.47635E-02 0.00000E+00 3.65929E+00
4.66658E-03 9.47687E-02 1.74029E-01 2.53572E-01 2.78611E-01 4.55666E-01 5.51106E-01 1.76870E-01 9.47687E-02 4.66658E-03 3.76859E+00
1.58645E-02 1.03861E-01 1.81973E-01 2.60719E-01 2.85862E-01 4.65587E-01 5.63763E-01 1.84817E-01 1.03861E-01 1.58645E-02 3.84451E+00
2.60922E-02 1.12137E-01 1.89176E-01 2.67153E-01 2.92383E-01 4.74542E-01 5.75279E-01 1.92020E-01 1.12137E-01 2.60922E-02 3.90612E+00
3.54665E-02 1.19695E-01 1.95728E-01 2.72962E-01 2.98262E-01 4.82651E-01 5.85791E-01 1.98570E-01 1.19695E-01 3.54665E-02 3.95571E+00
4.40855E-02 1.26617E-01 2.01702E-01 2.78218E-01 3.03577E-01 4.90014E-01 5.95415E-01 2.04542E-01 1.26617E-01 4.40855E-02 3.99514E+00
5.20324E-02 1.32973E-01 2.07164E-01 2.82986E-01 3.08390E-01 4.96716E-01 6.04250E-01 2.09999E-01 1.32973E-01 5.20324E-02 4.02595E+00
5.93787E-02 1.38823E-01 2.12168E-01 2.87317E-01 3.12757E-01 5.02829E-01 6.12378E-01 2.14997E-01 1.38823E-01 5.93787E-02 4.04942E+00
6.61858E-02 1.44220E-01 2.16760E-01 2.91259E-01 3.16726E-01 5.08415E-01 6.19874E-01 2.19583E-01 1.44220E-01 6.61858E-02 4.06663E+00
7.25070E-02 1.49208E-01 2.20983E-01 2.94851E-01 3.20337E-01 5.13527E-01 6.26799E-01 2.23799E-01 1.49208E-01 7.25070E-02 4.07847E+00
7.83885E-02 1.53826E-01 2.24872E-01 2.98127E-01 3.23626E-01 5.18214E-01 6.33208E-01 2.27680E-01 1.53826E-01 7.83885E-02 4.08570E+00
8.38712E-02 1.58109E-01 2.28459E-01 3.01119E-01 3.26624E-01 5.22515E-01 6.39149E-01 2.31259E-01 1.58109E-01 8.38712E-02 4.08898E+00
8.89907E-02 1.62088E-01 2.31770E-01 3.03853E-01 3.29360E-01 5.26467E-01 6.44664E-01 2.34562E-01 1.62088E-01 8.89907E-02 4.08885E+00
9.37786E-02 1.65788E-01 2.34832E-01 3.06352E-01 3.31856E-01 5.30101E-01 6.49790E-01 2.37614E-01 1.65788E-01 9.37786E-02 4.08578E+00
9.82631E-02 1.69235E-01 2.37664E-01 3.08638E-01 3.34134E-01 5.33445E-01 6.54561E-01 2.40437E-01 1.69235E-01 9.82631E-02 4.08017E+00
1.02469E-01 1.72448E-01 2.40288E-01 3.10729E-01 3.36214E-01 5.36524E-01 6.59006E-01 2.43051E-01 1.72448E-01 1.02469E-01 4.07237E+00
1.06419E-01 1.75448E-01 2.42719E-01 3.12642E-01 3.38113E-01 5.39360E-01 6.63151E-01 2.45473E-01 1.75448E-01 1.06419E-01 4.06268E+00
1.10133E-01 1.78250E-01 2.44974E-01 3.14391E-01 3.39845E-01 5.41974E-01 6.67019E-01 2.47718E-01 1.78250E-01 1.10133E-01 4.05136E+00
1.13628E-01 1.80871E-01 2.47067E-01 3.15990E-01 3.41425E-01 5.44383E-01 6.70633E-01 2.49800E-01 1.80871E-01 1.13628E-01 4.03863E+00
1.16922E-01 1.83324E-01 2.49009E-01 3.17452E-01 3.42864E-01 5.46603E-01 6.74011E-01 2.51732E-01 1.83324E-01 1.16922E-01 4.02469E+00
1.20029E-01 1.85622E-01 2.50813E-01 3.18786E-01 3.44174E-01 5.48649E-01 6.77170E-01 2.53526E-01 1.85622E-01 1.20029E-01 4.00971E+00
1.22962E-01 1.87775E-01 2.52489E-01 3.20003E-01 3.45365E-01 5.50533E-01 6.80126E-01 2.55191E-01 1.87775E-01 1.22962E-01 3.99383E+00
1.25733E-01 1.89795E-01 2.54045E-01 3.21111E-01 3.46445E-01 5.52269E-01 6.82893E-01 2.56738E-01 1.89795E-01 1.25733E-01 3.97720E+00
1.28354E-01 1.91690E-01 2.55492E-01 3.22120E-01 3.47424E-01 5.53866E-01 6.85485E-01 2.58174E-01 1.91690E-01 1.28354E-01 3.95991E+00
1.30834E-01 1.93470E-01 2.56835E-01 3.23035E-01 3.48308E-01 5.55335E-01 6.87914E-01 2.59507E-01 1.93470E-01 1.30834E-01 3.94207E+00
1.33183E-01 1.95141E-01 2.58084E-01 3.23863E-01 3.49105E-01 5.56684E-01 6.90189E-01 2.60745E-01 1.95141E-01 1.33183E-01 3.92378E+00
1.35409E-01 1.96711E-01 2.59243E-01 3.24612E-01 3.49820E-01 5.57921E-01 6.92321E-01 2.61894E-01 1.96711E-01 1.35409E-01 3.90510E+00
1.37520E-01 1.98187E-01 2.60319E-01 3.25286E-01 3.50460E-01 5.59056E-01 6.94320E-01 2.62960E-01 1.98187E-01 1.37520E-01 3.88611E+00
1.39523E-01 1.99575E-01 2.61317E-01 3.25891E-01 3.51030E-01 5.60093E-01 6.96193E-01 2.63948E-01 1.99575E-01 1.39523E-01 3.86686E+00
1.41425E-01 2.00880E-01 2.62243E-01 3.26431E-01 3.51534E-01 5.61040E-01 6.97949E-01 2.64864E-01 2.00880E-01 1.41425E-01 3.84741E+00
1.43231E-01 2.02107E-01 2.63101E-01 3.26911E-01 3.51977E-01 5.61902E-01 6.99594E-01 2.65712E-01 2.02107E-01 1.43231E-01 3.82780E+00
1.44948E-01 2.03261E-01 2.63895E-01 3.27334E-01 3.52364E-01 5.62685E-01 7.01136E-01 2.66496E-01 2.03261E-01 1.44948E-01 3.80808E+00
1.46580E-01 2.04347E-01 2.64630E-01 3.27705E-01 3.52697E-01 5.63394E-01 7.02580E-01 2.67221E-01 2.04347E-01 1.46580E-01 3.78829E+00
1.48133E-01 2.05369E-01 2.65308E-01 3.28027E-01 3.52980E-01 5.64033E-01 7.03931E-01 2.67889E-01 2.05369E-01 1.48133E-01 3.76845E+00
1.49610E-01 2.06329E-01 2.65934E-01 3.28303E-01 3.53217E-01 5.64607E-01 7.05196E-01 2.68505E-01 2.06329E-01 1.49610E-01 3.74859E+00
1.51017E-01 2.07233E-01 2.66511E-01 3.28535E-01 3.53410E-01 5.65120E-01 7.06379E-01 2.69072E-01 2.07233E-01 1.51017E-01 3.72875E+00
1.52357E-01 2.08082E-01 2.67041E-01 3.28727E-01 3.53563E-01 5.65575E-01 7.07485E-01 2.69592E-01 2.08082E-01 1.52357E-01 3.70893E+00
1.53633E-01 2.08881E-01 2.67527E-01 3.28882E-01 3.53677E-01 5.65976E-01 7.08518E-01 2.70069E-01 2.08881E-01 1.53633E-01 3.68917E+00
1.54848E-01 2.09632E-01 2.67972E-01 3.29001E-01 3.53756E-01 5.66326E-01 7.09482E-01 2.70504E-01 2.09632E-01 1.54848E-01 3.66947E+00
1.56007E-01 2.10337E-01 2.68378E-01 3.29087E-01 3.53801E-01 5.66628E-01 7.10380E-01 2.70900E-01 2.10337E-01 1.56007E-01 3.64986E+00
1.57112E-01 2.10999E-01 2.68747E-01 3.29141E-01 3.53815E-01 5.66885E-01 7.11216E-01 2.71260E-01 2.10999E-01 1.57112E-01 3.63034E+00
1.58166E-01 2.11620E-01 2.69081E-01 3.29166E-01 3.53799E-01 5.67099E-01 7.11994E-01 2.71585E-01 2.11620E-01 1.58166E-01 3.61094E+00
1.59170E-01 2.12203E-01 2.69383E-01 3.29163E-01 3.53756E-01 5.67273E-01 7.12716E-01 2.71878E-01 2.12203E-01 1.59170E-01 3.59165E+00
0.00000E+00 0.00000E+00 5.91669E-02 1.48739E-01 1.74071E-01 3.35271E-01 4.05643E-01 6.23528E-02 0.00000E+00 0.00000E+00 1.72910E+00
0.00000E+00 0.00000E+00 7.80236E-02 1.65688E-01 1.91501E-01 3.60982E-01 4.39028E-01 8.12333E-02 0.00000E+00 0.00000E+00 2.17550E+00
0.00000E+00 1.20020E-02 9.36490E-02 1.79617E-01 2.05766E-01 3.81778E-01 4.66203E-01 9.68661E-02 1.20020E-02 0.00000E+00 2.48986E+00
0.00000E+00 2.72977E-02 1.06917E-01 1.91336E-01 2.17727E-01 3.99137E-01 4.89080E-01 1.10132E-01 2.72977E-02 0.00000E+00 2.72412E+00
0.00000E+00 4.05065E-02 1.18340E-01 2.01325E-01 2.27896E-01 4.13886E-01 5.08709E-01 1.21547E-01 4.05065E-02 0.00000E+00 2.90829E+00
0.00000E+00 5.20397E-02 1.28280E-01 2.09930E-01 2.36632E-01 4.26565E-01 5.25749E-01 1.31473E-01 5.20397E-02 0.00000E+00 3.05384E+00
0.00000E+00 6.22009E-02 1.37003E-01 2.17404E-01 2.44201E-01 4.37565E-01 5.40683E-01 1.40181E-01 6.22009E-02 0.00000E+00 3.16919E+00
0.00000E+00 7.12207E-02 1.44713E-01 2.23942E-01 2.50806E-01 4.47183E-01 5.53875E-01 1.47874E-01 7.12207E-02 0.00000E+00 3.26062E+00
3.84221E-03 7.92913E-02 1.51589E-01 2.29719E-01 2.56625E-01 4.55649E-01 5.65589E-01 1.54730E-01 7.92913E-02 3.84221E-03 3.32478E+00
1.30153E-02 8.65614E-02 1.57760E-01 2.34853E-01 2.61784E-01 4.63150E-01 5.76059E-01 1.60881E-01 8.65614E-02 1.30153E-02 3.36273E+00
2.13348E-02 9.31209E-02 1.63292E-01 2.39396E-01 2.66337E-01 4.69815E-01 5.85485E-01 1.66393E-01 9.31209E-02 2.13348E-02 3.39040E+00
2.89091E-02 9.90604E-02 1.68269E-01 2.43426E-01 2.70365E-01 4.75754E-01 5.93998E-01 1.71349E-01 9.90604E-02 2.89091E-02 3.40960E+00
3.58286E-02 1.04455E-01 1.72757E-01 2.47009E-01 2.73935E-01 4.81059E-01 6.01711E-01 1.75816E-01 1.04455E-01 3.58286E-02 3.42178E+00
4.21695E-02 1.09370E-01 1.76816E-01 2.50198E-01 2.77103E-01 4.85807E-01 6.08717E-01 1.79854E-01 1.09370E-01 4.21695E-02 3.42813E+00
4.79966E-02 1.13858E-01 1.80494E-01 2.53040E-01 2.79918E-01 4.90063E-01 6.15096E-01 1.83510E-01 1.13858E-01 4.79966E-02 3.42963E+00
5.33651E-02 1.17966E-01 1.83833E-01 2.55576E-01 2.82419E-01 4.93883E-01 6.20916E-01 1.86828E-01 1.17966E-01 5.33651E-02 3.42708E+00
5.83227E-02 1.21735E-01 1.86870E-01 2.57838E-01 2.84642E-01 4.97315E-01 6.26235E-01 1.89844E-01 1.21735E-01 5.83227E-02 3.42115E+00
6.29106E-02 1.25197E-01 1.89635E-01 2.59856E-01 2.86617E-01 5.00399E-01 6.31105E-01 1.92588E-01 1.25197E-01 6.29106E-02 3.41238E+00
6.71648E-02 1.28385E-01 1.92157E-01 2.61656E-01 2.88369E-01 5.03172E-01 6.35568E-01 1.95089E-01 1.28385E-01 6.71648E-02 3.40126E+00
7.11167E-02 1.31323E-01 1.94458E-01 2.63260E-01 2.89922E-01 5.05664E-01 6.39665E-01 1.97369E-01 1.31323E-01 7.11167E-02 3.38815E+00
7.47939E-02 1.34036E-01 1.96560E-01 2.64688E-01 2.91296E-01 5.07904E-01 6.43429E-01 1.99451E-01 1.34036E-01 7.47939E-02 3.37340E+00
7.82209E-02 1.36544E-01 1.98481E-01 2.65956E-01 2.92508E-01 5.09914E-01 6.46889E-01 2.01352E-01 1.36544E-01 7.82209E-02 3.35727E+00
8.14192E-02 1.38864E-01 2.00238E-01 2.67079E-01 2.93574E-01 5.11717E-01 6.50073E-01 2.03089E-01 1.38864E-01 8.14192E-02 3.34002E+00
8.44082E-02 1.41013E-01 2.01845E-01 2.68072E-01 2.94507E-01 5.13331E-01 6.53004E-01 2.04676E-01 1.41013E-01 8.44082E-02 3.32183E+00
8.72050E-02 1.43006E-01 2.03314E-01 2.68946E-01 2.95320E-01 5.14773E-01 6.55703E-01 2.06127E-01 1.43006E-01 8.72050E-02 3.30287E+00
8.98250E-02 1.44855E-01 2.04659E-01 2.69711E-01 2.96023E-01 5.16058E-01 6.58189E-01 2.07453E-01 1.44855E-01 8.98250E-02 3.28330E+00
9.22820E-02 1.46571E-01 2.05888E-01 2.70378E-01 2.96626E-01 5.17198E-01 6.60479E-01 2.08664E-01 1.46571E-01 9.22820E-02 3.26323E+00
9.45884E-02 1.48166E-01 2.07012E-01 2.70954E-01 2.97138E-01 5.18207E-01 6.62588E-01 2.09769E-01 1.48166E-01 9.45884E-02 3.24278E+00
9.67556E-02 1.49649E-01 2.08039E-01 2.71448E-01 2.97566E-01 5.19095E-01 6.64531E-01 2.10778E-01 1.49649E-01 9.67556E-02 3.22203E+00
9.87937E-02 1.51027E-01 2.08976E-01 2.71866E-01 2.97918E-01 5.19872E-01 6.66319E-01 2.11697E-01 1.51027E-01 9.87937E-02 3.20107E+00
1.00712E-01 1.52309E-01 2.09830E-01 2.72214E-01 2.98201E-01 5.20546E-01 6.67963E-01 2.12534E-01 1.52309E-01 1.00712E-01 3.17995E+00
1.02519E-01 1.53502E-01 2.10607E-01 2.72499E-01 2.98419E-01 5.21126E-01 6.69475E-01 2.13294E-01 1.53502E-01 1.02519E-01 3.15875E+00
1.04222E-01 1.54612E-01 2.11314E-01 2.72724E-01 2.98578E-01 5.21619E-01 6.70864E-01 2.13984E-01 1.54612E-01 1.04222E-01 3.13751E+00
1.05828E-01 1.55645E-01 2.11956E-01 2.72896E-01 2.98682E-01 5.22031E-01 6.72137E-01 2.14609E-01 1.55645E-01 1.05828E-01 3.11627E+00
1.07344E-01 1.56607E-01 2.12536E-01 2.73018E-01 2.98737E-01 5.22369E-01 6.73304E-01 2.15173E-01 1.56607E-01 1.07344E-01 3.09508E+00
1.08776E-01 1.57501E-01 2.13060E-01 2.73094E-01 2.98746E-01 5.22638E-01 6.74371E-01 2.15681E-01 1.57501E-01 1.08776E-01 3.07395E+00
1.10128E-01 1.58333E-01 2.13531E-01 2.73127E-01 2.98712E-01 5.22842E-01 6.75344E-01 2.16136E-01 1.58333E-01 1.10128E-01 3.05292E+00
1.11407E-01 1.59107E-01 2.13953E-01 2.73121E-01 2.98639E-01 5.22988E-01 6.76231E-01 2.16543E-01 1.59107E-01 1.11407E-01 3.03202E+00
1.12616E-01 1.59827E-01 2.14330E-01 2.73079E-01 2.98530E-01 5.23078E-01 6.77036E-01 2.16904E-01 1.59827E-01 1.12616E-01 3.01125E+00
1.13760E-01 1.60495E-01 2.14664E-01 2.73004E-01 2.98388E-01 5.23117E-01 6.77764E-01 2.17223E-01 1.60495E-01 1.13760E-01 2.99064E+00
1.14842E-01 1.61116E-01 2.14958E-01 2.72897E-01 2.98215E-01 5.23108E-01 6.78421E-01 2.17503E-01 1.61116E-01 1.14842E-01 2.97021E+00
1.15867E-01 1.61691E-01 2.15215E-01 2.72762E-01 2.98013E-01 5.23055E-01 6.79011E-01 2.17745E-01 1.61691E-01 1.15867E-01 2.94996E+00
1.16837E-01 1.62225E-01 2.15438E-01 2.72600E-01 2.97785E-01 5.22961E-01 6.79538E-01 2.17954E-01 1.62225E-01 1.16837E-01 2.92990E+00
1.17756E-01 1.62719E-01 2.15628E-01 2.72413E-01 2.97532E-01 5.22828E-01 6.80006E-01 2.18130E-01 1.62719E-01 1.17756E-01 2.91005E+00
1.18627E-01 1.63176E-01 2.15788E-01 2.72204E-01 2.97257E-01 5.22660E-01 6.80418E-01 2.18276E-01 1.63176E-01 1.18627E-01 2.89041E+00
1.19452E-01 1.63598E-01 2.15920E-01 2.71973E-01 2.96960E-01 5.22458E-01 6.80777E-01 2.18394E-01 1.63598E-01 1.19452E-01 2.87098E+00
1.20234E-01 1.63988E-01 2.16025E-01 2.71723E-01 2.96645E-01 5.22224E-01 6.81087E-01 2.18485E-01 1.63988E-01 1.20234E-01 2.85177E+00
1.20975E-01 1.64346E-01 2.16105E-01 2.71454E-01 2.96311E-01 5.21962E-01 6.81350E-01 2.18552E-01 1.64346E-01 1.20975E-01 2.83278E+00
1.21677E-01 1.64675E-01 2.16161E-01 2.71169E-01 2.95961E-01 5.21672E-01 6.81570E-01 2.18595E-01 1.64675E-01 1.21677E-01 2.81401E+00
1.22343E-01 1.64976E-01 2.16196E-01 2.70867E-01 2.95596E-01 5.21357E-01 6.81748E-01 2.18617E-01 1.64976E-01 1.22343E-01 2.79547E+00
0.00000E+00 0.00000E+00 5.58611E-02 1.45715E-01 1.73760E-01 3.61643E-01 4.45865E-01 5.95482E-02 0.00000E+00 0.00000E+00 1.80429E+00
0.00000E+00 0.00000E+00 7.17830E-02 1.58993E-01 1.87322E-01 3.82892E-01 4.75848E-01 7.54222E-02 0.00000E+00 0.00000E+00 2.14040E+00
0.00000E+00 1.01268E-02 8.47253E-02 1.69649E-01 1.98144E-01 3.99660E-01 4.99774E-01 8.83139E-02 1.01268E-02 0.00000E+00 2.36472E+00
0.00000E+00 2.28756E-02 9.55268E-02 1.78407E-01 2.06993E-01 4.13331E-01 5.19562E-01 9.90640E-02 2.28756E-02 0.00000E+00 2.52345E+00
0.00000E+00 3.37403E-02 1.04677E-01 1.85699E-01 2.14325E-01 4.24684E-01 5.36265E-01 1.08163E-01 3.37403E-02 0.00000E+00 2.64266E+00
0.00000E+00 4.31133E-02 1.12520E-01 1.91837E-01 2.20468E-01 4.34225E-01 5.50541E-01 1.15956E-01 4.31133E-02 0.00000E+00 2.73215E+00
0.00000E+00 5.12801E-02 1.19306E-01 1.97051E-01 2.25659E-01 4.42319E-01 5.62866E-01 1.22694E-01 5.12801E-02 0.00000E+00 2.79893E+00
0.00000E+00 5.84545E-02 1.25225E-01 2.01509E-01 2.30074E-01 4.49236E-01 5.73594E-01 1.28565E-01 5.84545E-02 0.00000E+00 2.84812E+00
3.09508E-03 6.48127E-02 1.30437E-01 2.05365E-01 2.33872E-01 4.55191E-01 5.82982E-01 1.33732E-01 6.48127E-02 3.09508E-03 2.87686E+00
1.04473E-02 7.04884E-02 1.35058E-01 2.08721E-01 2.37158E-01 4.60348E-01 5.91251E-01 1.38310E-01 7.04884E-02 1.04473E-02 2.88593E+00
1.70685E-02 7.55625E-02 1.39148E-01 2.11613E-01 2.39970E-01 4.64812E-01 5.98588E-01 1.42358E-01 7.55625E-02 1.70685E-02 2.88825E+00
2.30560E-02 8.01160E-02 1.42779E-01 2.14106E-01 2.42376E-01 4.68683E-01 6.05117E-01 1.45948E-01 8.01160E-02 2.30560E-02 2.88516E+00
2.84906E-02 8.42159E-02 1.46010E-01 2.16256E-01 2.44433E-01 4.72040E-01 6.10943E-01 1.49140E-01 8.42159E-02 2.84906E-02 2.87775E+00
3.34395E-02 8.79184E-02 1.48893E-01 2.18108E-01 2.46188E-01 4.74951E-01 6.16154E-01 1.51984E-01 8.79184E-02 3.34395E-02 2.86684E+00
3.79599E-02 9.12707E-02 1.51470E-01 2.19701E-01 2.47679E-01 4.77473E-01 6.20821E-01 1.54524E-01 9.12707E-02 3.79599E-02 2.85314E+00
4.20999E-02 9.43131E-02 1.53777E-01 2.21066E-01 2.48940E-01 4.79652E-01 6.25008E-01 1.56795E-01 9.43131E-02 4.20999E-02 2.83720E+00
4.59009E-02 9.70800E-02 1.55844E-01 2.22231E-01 2.49999E-01 4.81529E-01 6.28768E-01 1.58827E-01 9.70800E-02 4.59009E-02 2.81947E+00
4.93987E-02 9.96010E-02 1.57698E-01 2.23219E-01 2.50879E-01 4.83140E-01 6.32147E-01 1.60647E-01 9.96010E-02 4.93987E-02 2.80032E+00
5.26240E-02 1.01902E-01 1.59362E-01 2.24051E-01 2.51602E-01 4.84513E-01 6.35185E-01 1.62279E-01 1.01902E-01 5.26240E-02 2.78006E+00
5.56037E-02 1.04004E-01 1.60856E-01 2.24744E-01 2.52185E-01 4.85674E-01 6.37916E-01 1.63740E-01 1.04004E-01 5.56037E-02 2.75894E+00
5.83613E-02 1.05928E-01 1.62196E-01 2.25314E-01 2.52644E-01 4.86647E-01 6.40370E-01 1.65050E-01 1.05928E-01 5.83613E-02 2.73717E+00
6.09176E-02 1.07691E-01 1.63399E-01 2.25773E-01 2.52993E-01 4.87451E-01 6.42573E-01 1.66222E-01 1.07691E-01 6.09176E-02 2.71492E+00
6.32906E-02 1.09307E-01 1.64477E-01 2.26133E-01 2.53242E-01 4.88103E-01 6.44550E-01 1.67271E-01 1.09307E-01 6.32906E-02 2.69232E+00
6.54965E-02 1.10790E-01 1.65442E-01 2.26405E-01 2.53403E-01 4.88618E-01 6.46321E-01 1.68208E-01 1.10790E-01 6.54965E-02 2.66951E+00
6.75498E-02 1.12151E-01 1.66305E-01 2.26597E-01 2.53485E-01 4.89010E-01 6.47904E-01 1.69044E-01 1.12151E-01 6.75498E-02 2.64657E+00
6.94632E-02 1.13402E-01 1.67075E-01 2.26718E-01 2.53496E-01 4.89291E-01 6.49316E-01 1.69787E-01 1.13402E-01 6.94632E-02 2.62360E+00
7.12481E-02 1.14552E-01 1.67760E-01 2.26774E-01 2.53443E-01 4.89470E-01 6.50571E-01 1.70446E-01 1.14552E-01 7.12481E-02 2.60065E+00
7.29148E-02 1.15609E-01 1.68368E-01 2.26772E-01 2.53332E-01 4.89559E-01 6.51683E-01 1.71028E-01 1.15609E-01 7.29148E-02 2.57778E+00
7.44726E-02 1.16580E-01 1.68905E-01 2.26718E-01 2.53170E-01 4.89564E-01 6.52663E-01 1.71540E-01 1.16580E-01 7.44726E-02 2.55504E+00
7.59298E-02 1.17473E-01 1.69377E-01 2.26615E-01 2.52960E-01 4.89494E-01 6.53521E-01 1.71989E-01 1.17473E-01 7.59298E-02 2.53247E+00
7.72940E-02 1.18294E-01 1.69791E-01 2.26470E-01 2.52709E-01 4.89356E-01 6.54268E-01 1.72378E-01 1.18294E-01 7.72940E-02 2.51010E+00
7.85719E-02 1.19048E-01 1.70149E-01 2.26286E-01 2.52419E-01 4.89155E-01 6.54913E-01 1.72714E-01 1.19048E-01 7.85719E-02 2.48796E+00
7.97699E-02 1.19740E-01 1.70458E-01 2.26067E-01 2.52095E-01 4.88897E-01 6.55462E-01 1.73000E-01 1.19740E-01 7.97699E-02 2.46606E+00
8.08936E-02 1.20375E-01 1.70720E-01 2.25816E-01 2.51740E-01 4.88587E-01 6.55923E-01 1.73240E-01 1.20375E-01 8.08936E-02 2.44442E+00
8.19481E-02 1.20958E-01 1.70940E-01 2.25535E-01 2.51356E-01 4.88229E-01 6.56304E-01 1.73439E-01 1.20958E-01 8.19481E-02 2.42306E+00
8.29383E-02 1.21491E-01 1.71121E-01 2.25228E-01 2.50948E-01 4.87829E-01 6.56609E-01 1.73599E-01 1.21491E-01 8.29383E-02 2.40198E+00
8.38682E-02 1.21979E-01 1.71266E-01 2.24898E-01 2.50516E-01 4.87389E-01 6.56844E-01 1.73723E-01 1.21979E-01 8.38682E-02 2.38120E+00
8.47421E-02 1.22424E-01 1.71377E-01 2.24545E-01 2.50064E-01 4.86912E-01 6.57015E-01 1.73814E-01 1.22424E-01 8.47421E-02 2.36072E+00
8.55635E-02 1.22830E-01 1.71458E-01 2.24173E-01 2.49592E-01 4.86403E-01 6.57125E-01 1.73875E-01 1.22830E-01 8.55635E-02 2.34054E+00
8.63357E-02 1.23200E-01 1.71509E-01 2.23783E-01 2.49104E-01 4.85863E-01 6.57180E-01 1.73908E-01 1.23200E-01 8.63357E-02 2.32066E+00
8.70619E-02 1.23535E-01 1.71535E-01 2.23377E-01 2.48601E-01 4.85296E-01 6.57182E-01 1.73915E-01 1.23535E-01 8.70619E-02 2.30109E+00
8.77449E-02 1.23838E-01 1.71536E-01 2.22956E-01 2.48084E-01 4.84703E-01 6.57136E-01 1.73897E-01 1.23838E-01 8.77449E-02 2.28183E+00
8.83874E-02 1.24111E-01 1.71514E-01 2.22522E-01 2.47555E-01 4.84087E-01 6.57045E-01 1.73858E-01 1.24111E-01 8.83874E-02 2.26287E+00
8.89917E-02 1.24357E-01 1.71471E-01 2.22076E-01 2.47015E-01 4.83450E-01 6.56911E-01 1.73797E-01 1.24357E-01 8.89917E-02 2.24421E+00
8.95602E-02 1.24576E-01 1.71408E-01 2.21619E-01 2.46465E-01 4.82794E-01 6.56739E-01 1.73717E-01 1.24576E-01 8.95602E-02 2.22586E+00
9.00950E-02 1.24771E-01 1.71328E-01 2.21153E-01 2.45906E-01 4.82120E-01 6.56529E-01 1.73620E-01 1.24771E-01 9.00950E-02 2.20780E+00
9.05979E-02 1.24943E-01 1.71230E-01 2.20678E-01 2.45340E-01 4.81430E-01 6.56285E-01 1.73505E-01 1.24943E-01 9.05979E-02 2.19003E+00
9.10709E-02 1.25093E-01 1.71117E-01 2.20194E-01 2.44766E-01 4.80725E-01 6.56009E-01 1.73376E-01 1.25093E-01 9.10709E-02 2.17256E+00
9.15156E-02 1.25224E-01 1.70989E-01 2.19704E-01 2.44187E-01 4.80007E-01 6.55704E-01 1.73232E-01 1.25224E-01 9.15156E-02 2.15537E+00
9.19337E-02 1.25335E-01 1.70847E-01 2.19208E-01 2.43602E-01 4.79277E-01 6.55370E-01 1.73075E-01 1.25335E-01 9.19337E-02 2.13846E+00
0.00000E+00 0.00000E+00 5.28653E-02 1.40783E-01 1.71451E-01 3.87729E-01 4.90845E-01 5.68615E-02 0.00000E+00 0.00000E+00 1.79065E+00
0.00000E+00 0.00000E+00 6.58095E-02 1.50345E-01 1.81057E-01 4.04024E-01 5.16750E-01 6.96796E-02 0.00000E+00 0.00000E+00 2.02776E+00
0.00000E+00 8.31478E-03 7.61406E-02 1.57811E-01 1.88481E-01 4.16473E-01 5.36951E-01 7.98987E-02 8.31478E-03 0.00000E+00 2.17498E+00
0.00000E+00 1.86624E-02 8.46143E-02 1.63767E-01 1.94343E-01 4.26290E-01 5.53301E-01 8.82705E-02 1.86624E-02 0.00000E+00 2.27136E+00
0.00000E+00 2.73689E-02 9.16718E-02 1.68567E-01 1.99015E-01 4.34162E-01 5.66814E-01 9.52342E-02 2.73689E-02 0.00000E+00 2.33842E+00
0.00000E+00 3.47916E-02 9.76238E-02 1.72474E-01 2.02773E-01 4.40539E-01 5.78124E-01 1.01100E-01 3.47916E-02 0.00000E+00 2.38400E+00
0.00000E+00 4.11874E-02 1.02694E-01 1.75676E-01 2.05811E-01 4.45742E-01 5.87685E-01 1.06089E-01 4.11874E-02 0.00000E+00 2.41361E+00
0.00000E+00 4.67469E-02 1.07047E-01 1.78312E-01 2.08273E-01 4.50004E-01 5.95831E-01 1.10368E-01 4.67469E-02 0.00000E+00 2.43116E+00
2.43266E-03 5.16251E-02 1.10826E-01 1.80510E-01 2.10292E-01 4.53515E-01 6.02803E-01 1.14077E-01 5.16251E-02 2.43266E-03 2.43418E+00
8.18220E-03 5.59383E-02 1.14128E-01 1.82349E-01 2.11948E-01 4.56409E-01 6.08805E-01 1.17314E-01 5.59383E-02 8.18220E-03 2.42310E+00
1.33233E-02 5.97567E-02 1.17003E-01 1.83849E-01 2.13263E-01 4.58767E-01 6.14002E-01 1.20127E-01 5.97567E-02 1.33233E-02 2.40816E+00
1.79405E-02 6.31503E-02 1.19512E-01 1.85062E-01 2.14289E-01 4.60671E-01 6.18509E-01 1.22578E-01 6.31503E-02 1.79405E-02 2.39028E+00
2.21035E-02 6.61767E-02 1.21707E-01 1.86032E-01 2.15071E-01 4.62188E-01 6.22420E-01 1.24718E-01 6.61767E-02 2.21035E-02 2.37018E+00
2.58699E-02 6.88835E-02 1.23630E-01 1.86794E-01 2.15646E-01 4.63374E-01 6.25813E-01 1.26587E-01 6.88835E-02 2.58699E-02 2.34841E+00
2.92883E-02 7.13109E-02 1.25315E-01 1.87377E-01 2.16043E-01 4.64274E-01 6.28756E-01 1.28222E-01 7.13109E-02 2.92883E-02 2.32543E+00
3.23997E-02 7.34925E-02 1.26793E-01 1.87806E-01 2.16287E-01 4.64927E-01 6.31302E-01 1.29652E-01 7.34925E-02 3.23997E-02 2.30157E+00
3.52389E-02 7.54570E-02 1.28089E-01 1.88102E-01 2.16399E-01 4.65365E-01 6.33498E-01 1.30902E-01 7.54570E-02 3.52389E-02 2.27712E+00
3.78358E-02 7.72291E-02 1.29225E-01 1.88282E-01 2.16398E-01 4.65616E-01 6.35387E-01 1.31993E-01 7.72291E-02 3.78358E-02 2.25229E+00
4.02162E-02 7.88298E-02 1.30217E-01 1.88362E-01 2.16298E-01 4.65704E-01 6.37000E-01 1.32944E-01 7.88298E-02 4.02162E-02 2.22727E+00
4.24024E-02 8.02773E-02 1.31084E-01 1.88353E-01 2.16112E-01 4.65648E-01 6.38370E-01 1.33770E-01 8.02773E-02 4.24024E-02 2.20220E+00
4.44137E-02 8.15876E-02 1.31838E-01 1.88267E-01 2.15851E-01 4.65466E-01 6.39521E-01 1.34484E-01 8.15876E-02 4.44137E-02 2.17718E+00
4.62671E-02 8.27745E-02 1.32491E-01 1.88114E-01 2.15525E-01 4.65173E-01 6.40477E-01 1.35100E-01 8.27745E-02 4.62671E-02 2.15230E+00
4.79777E-02 8.38502E-02 1.33054E-01 1.87902E-01 2.15143E-01 4.64783E-01 6.41257E-01 1.35627E-01 8.38502E-02 4.79777E-02 2.12763E+00
4.95585E-02 8.48254E-02 1.33536E-01 1.87638E-01 2.14711E-01 4.64306E-01 6.41878E-01 1.36074E-01 8.48254E-02 4.95585E-02 2.10324E+00
5.10212E-02 8.57095E-02 1.33945E-01 1.87327E-01 2.14235E-01 4.63753E-01 6.42357E-01 1.36449E-01 8.57095E-02 5.10212E-02 2.07916E+00
5.23761E-02 8.65109E-02 1.34289E-01 1.86977E-01 2.13722E-01 4.63132E-01 6.42707E-01 1.36760E-01 8.65109E-02 5.23761E-02 2.05542E+00
5.36326E-02 8.72370E-02 1.34573E-01 1.86591E-01 2.13176E-01 4.62451E-01 6.42940E-01 1.37013E-01 8.72370E-02 5.36326E-02 2.03205E+00
5.47987E-02 8.78946E-02 1.34804E-01 1.86174E-01 2.12602E-01 4.61717E-01 6.43067E-01 1.37214E-01 8.78946E-02 5.47987E-02 2.00907E+00
5.58820E-02 8.84895E-02 1.34986E-01 1.85730E-01 2.12002E-01 4.60936E-01 6.43098E-01 1.37366E-01 8.84895E-02 5.58820E-02 1.98650E+00
5.68890E-02 8.90271E-02 1.35124E-01 1.85261E-01 2.11381E-01 4.60114E-01 6.43041E-01 1.37476E-01 8.90271E-02 5.68890E-02 1.96433E+00
5.78258E-02 8.95122E-02 1.35222E-01 1.84772E-01 2.10741E-01 4.59255E-01 6.42904E-01 1.37546E-01 8.95122E-02 5.78258E-02 1.94258E+00
5.86977E-02 8.99490E-02 1.35283E-01 1.84263E-01 2.10084E-01 4.58363E-01 6.42695E-01 1.37581E-01 8.99490E-02 5.86977E-02 1.92124E+00
5.95098E-02 9.03416E-02 1.35312E-01 1.83739E-01 2.09414E-01 4.57443E-01 6.42419E-01 1.37583E-01 9.03416E-02 5.95098E-02 1.90033E+00
6.02663E-02 9.06933E-02 1.35310E-01 1.83201E-01 2.08732E-01 4.56497E-01 6.42082E-01 1.37556E-01 9.06933E-02 6.02663E-02 1.87983E+00
6.09714E-02 9.10076E-02 1.35280E-01 1.82650E-01 2.08040E-01 4.55529E-01 6.41690E-01 1.37502E-01 9.10076E-02 6.09714E-02 1.85974E+00
6.16288E-02 9.12871E-02 1.35226E-01 1.82089E-01 2.07340E-01 4.54542E-01 6.41247E-01 1.37424E-01 9.12871E-02 6.16288E-02 1.84006E+00
6.22418E-02 9.15346E-02 1.35148E-01 1.81518E-01 2.06632E-01 4.53537E-01 6.40758E-01 1.37323E-01 9.15346E-02 6.22418E-02 1.82078E+00
6.28134E-02 9.17526E-02 1.35050E-01 1.80940E-01 2.05919E-01 4.52518E-01 6.40226E-01 1.37202E-01 9.17526E-02 6.28134E-02 1.80190E+00
6.33466E-02 9.19431E-02 1.34932E-01 1.80355E-01 2.05202E-01 4.51486E-01 6.39654E-01 1.37062E-01 9.19431E-02 6.33466E-02 1.78340E+00
6.38439E-02 9.21083E-02 1.34797E-01 1.79765E-01 2.04481E-01 4.50443E-01 6.39048E-01 1.36905E-01 9.21083E-02 6.38439E-02 1.76529E+00
6.43077E-02 9.22499E-02 1.34646E-01 1.79171E-01 2.03757E-01 4.49390E-01 6.38408E-01 1.36733E-01 9.22499E-02 6.43077E-02 1.74755E+00
6.47401E-02 9.23697E-02 1.34480E-01 1.78572E-01 2.03032E-01 4.48330E-01 6.37738E-01 1.36547E-01 9.23697E-02 6.47401E-02 1.73017E+00
6.51433E-02 9.24693E-02 1.34300E-01 1.77971E-01 2.02306E-01 4.47262E-01 6.37041E-01 1.36347E-01 9.24693E-02 6.51433E-02 1.71315E+00
6.55189E-02 9.25500E-02 1.34108E-01 1.77368E-01 2.01579E-01 4.46190E-01 6.36319E-01 1.36136E-01 9.25500E-02 6.55189E-02 1.69648E+00
6.58688E-02 9.26131E-02 1.33905E-01 1.76763E-01 2.00852E-01 4.45113E-01 6.35573E-01 1.35914E-01 9.26131E-02 6.58688E-02 1.68015E+00
6.61946E-02 9.26600E-02 1.33692E-01 1.76158E-01 2.00127E-01 4.44034E-01 6.34806E-01 1.35682E-01 9.26600E-02 6.61946E-02 1.66415E+00
6.64977E-02 9.26917E-02 1.33469E-01 1.75552E-01 1.99403E-01 4.42951E-01 6.34020E-01 1.35441E-01 9.26917E-02 6.64977E-02 1.64847E+00
6.67796E-02 9.27093E-02 1.33238E-01 1.74945E-01 1.98680E-01 4.41867E-01 6.33216E-01 1.35192E-01 9.27093E-02 6.67796E-02 1.63311E+00
6.70414E-02 9.27137E-02 1.32999E-01 1.74340E-01 1.97960E-01 4.40783E-01 6.32396E-01 1.34936E-01 9.27137E-02 6.70414E-02 1.61806E+00
6.72843E-02 9.27058E-02 1.32752E-01 1.73735E-01 1.97242E-01 4.39698E-01 6.31561E-01 1.34673E-01 9.27058E-02 6.72843E-02 1.60330E+00
0.00000E+00 0.00000E+00 4.99353E-02 1.33172E-01 1.66421E-01 4.12220E-01 5.40210E-01 5.39511E-02 0.00000E+00 0.00000E+00 1.68931E+00
0.00000E+00 0.00000E+00 6.00183E-02 1.39206E-01 1.72182E-01 4.23214E-01 5.61304E-01 6.38365E-02 0.00000E+00 0.00000E+00 1.84544E+00
0.00000E+00 6.63370E-03 6.79178E-02 1.43737E-01 1.76399E-01 4.31150E-01 5.77236E-01 7.15700E-02 6.63370E-03 0.00000E+00 1.93232E+00
0.00000E+00 1.47972E-02 7.42768E-02 1.47177E-01 1.79505E-01 4.37014E-01 5.89722E-01 7.77843E-02 1.47972E-02 0.00000E+00 1.98153E+00
0.00000E+00 2.15793E-02 7.94723E-02 1.49788E-01 1.81773E-01 4.41368E-01 5.99705E-01 8.28511E-02 2.15793E-02 0.00000E+00 2.01014E+00
0.00000E+00 2.72919E-02 8.37711E-02 1.51771E-01 1.83411E-01 4.44587E-01 6.07771E-01 8.70343E-02 2.72919E-02 0.00000E+00 2.02414E+00
0.00000E+00 3.21575E-02 8.73633E-02 1.53268E-01 1.84566E-01 4.46933E-01 6.14338E-01 9.05217E-02 3.21575E-02 0.00000E+00 2.02762E+00
0.00000E+00 3.63398E-02 9.03881E-02 1.54384E-01 1.85345E-01 4.48597E-01 6.19706E-01 9.34510E-02 3.63398E-02 0.00000E+00 2.02348E+00
1.85994E-03 3.99705E-02 9.29643E-02 1.55218E-01 1.85850E-01 4.49735E-01 6.24102E-01 9.59400E-02 3.99705E-02 1.85994E-03 2.00956E+00
6.23295E-03 4.31473E-02 9.51726E-02 1.55825E-01 1.86137E-01 4.50452E-01 6.27700E-01 9.80681E-02 4.31473E-02 6.23295E-03 1.98605E+00
1.01143E-02 4.59294E-02 9.70515E-02 1.56209E-01 1.86207E-01 4.50794E-01 6.30639E-01 9.98722E-02 4.59294E-02 1.01143E-02 1.96083E+00
1.35750E-02 4.83752E-02 9.86516E-02 1.56409E-01 1.86100E-01 4.50826E-01 6.33019E-01 1.01402E-01 4.83752E-02 1.35750E-02 1.93447E+00
1.66733E-02 5.05326E-02 1.00014E-01 1.56457E-01 1.85847E-01 4.50601E-01 6.34923E-01 1.02699E-01 5.05326E-02 1.66733E-02 1.90742E+00
1.94571E-02 5.24408E-02 1.01173E-01 1.56377E-01 1.85474E-01 4.50161E-01 6.36419E-01 1.03796E-01 5.24408E-02 1.94571E-02 1.88001E+00
2.19665E-02 5.41327E-02 1.02157E-01 1.56191E-01 1.85000E-01 4.49541E-01 6.37563E-01 1.04722E-01 5.41327E-02 2.19665E-02 1.85250E+00
2.42352E-02 5.56356E-02 1.02989E-01 1.55915E-01 1.84445E-01 4.48769E-01 6.38403E-01 1.05499E-01 5.56356E-02 2.42352E-02 1.82507E+00
2.62916E-02 5.69729E-02 1.03689E-01 1.55564E-01 1.83820E-01 4.47868E-01 6.38979E-01 1.06146E-01 5.69729E-02 2.62916E-02 1.79786E+00
2.81601E-02 5.81643E-02 1.04274E-01 1.55150E-01 1.83139E-01 4.46861E-01 6.39323E-01 1.06681E-01 5.81643E-02 2.81601E-02 1.77099E+00
2.98616E-02 5.92266E-02 1.04758E-01 1.54682E-01 1.82411E-01 4.45762E-01 6.39466E-01 1.07118E-01 5.92266E-02 2.98616E-02 1.74454E+00
3.14139E-02 6.01743E-02 1.05152E-01 1.54170E-01 1.81645E-01 4.44586E-01 6.39431E-01 1.07468E-01 6.01743E-02 3.14139E-02 1.71856E+00
3.28326E-02 6.10200E-02 1.05469E-01 1.53619E-01 1.80847E-01 4.43346E-01 6.39241E-01 1.07742E-01 6.10200E-02 3.28326E-02 1.69310E+00
3.41313E-02 6.17747E-02 1.05717E-01 1.53037E-01 1.80023E-01 4.42051E-01 6.38913E-01 1.07948E-01 6.17747E-02 3.41313E-02 1.66817E+00
3.53218E-02 6.24477E-02 1.05903E-01 1.52429E-01 1.79178E-01 4.40711E-01 6.38463E-01 1.08095E-01 6.24477E-02 3.53218E-02 1.64381E+00
3.64146E-02 6.30474E-02 1.06034E-01 1.51798E-01 1.78317E-01 4.39333E-01 6.37906E-01 1.08189E-01 6.30474E-02 3.64146E-02 1.62002E+00
3.74189E-02 6.35812E-02 1.06118E-01 1.51150E-01 1.77443E-01 4.37924E-01 6.37253E-01 1.08237E-01 6.35812E-02 3.74189E-02 1.59681E+00
3.83427E-02 6.40555E-02 1.06158E-01 1.50486E-01 1.76559E-01 4.36489E-01 6.36516E-01 1.08242E-01 6.40555E-02 3.83427E-02 1.57417E+00
3.91933E-02 6.44759E-02 1.06160E-01 1.49810E-01 1.75668E-01 4.35033E-01 6.35704E-01 1.08211E-01 6.44759E-02 3.91933E-02 1.55210E+00
3.99771E-02 6.48476E-02 1.06128E-01 1.49125E-01 1.74772E-01 4.33561E-01 6.34826E-01 1.08146E-01 6.48476E-02 3.99771E-02 1.53059E+00
4.06998E-02 6.51751E-02 1.06064E-01 1.48433E-01 1.73874E-01 4.32076E-01 6.33888E-01 1.08052E-01 6.51751E-02 4.06998E-02 1.50963E+00
4.13666E-02 6.54624E-02 1.05974E-01 1.47735E-01 1.72974E-01 4.30582E-01 6.32897E-01 1.07932E-01 6.54624E-02 4.13666E-02 1.48922E+00
4.19821E-02 6.57131E-02 1.05859E-01 1.47033E-01 1.72075E-01 4.29080E-01 6.31860E-01 1.07788E-01 6.57131E-02 4.19821E-02 1.46933E+00
4.25504E-02 6.59304E-02 1.05721E-01 1.46328E-01 1.71177E-01 4.27574E-01 6.30782E-01 1.07623E-01 6.59304E-02 4.25504E-02 1.44996E+00
4.30753E-02 6.61172E-02 1.05564E-01 1.45622E-01 1.70283E-01 4.26066E-01 6.29666E-01 1.07440E-01 6.61172E-02 4.30753E-02 1.43109E+00
4.35602E-02 6.62762E-02 1.05390E-01 1.44916E-01 1.69391E-01 4.24558E-01 6.28518E-01 1.07239E-01 6.62762E-02 4.35602E-02 1.41270E+00
4.40081E-02 6.64097E-02 1.05199E-01 1.44210E-01 1.68504E-01 4.23051E-01 6.27341E-01 1.07023E-01 6.64097E-02 4.40081E-02 1.39479E+00
4.44218E-02 6.65198E-02 1.04994E-01 1.43506E-01 1.67623E-01 4.21546E-01 6.26139E-01 1.06794E-01 6.65198E-02 4.44218E-02 1.37734E+00
4.48039E-02 6.66085E-02 1.04776E-01 1.42804E-01 1.66747E-01 4.20046E-01 6.24914E-01 1.06553E-01 6.66085E-02 4.48039E-02 1.36033E+00
4.51566E-02 6.66775E-02 1.04547E-01 1.42104E-01 1.65877E-01 4.18550E-01 6.23670E-01 1.06301E-01 6.66775E-02 4.51566E-02 1.34376E+00
4.54822E-02 6.67285E-02 1.04308E-01 1.41408E-01 1.65013E-01 4.17061E-01 6.22409E-01 1.06040E-01 6.67285E-02 4.54822E-02 1.32760E+00
4.57824E-02 6.67629E-02 1.04060E-01 1.40716E-01 1.64157E-01 4.15578E-01 6.21132E-01 1.05770E-01 6.67629E-02 4.57824E-02 1.31184E+00
4.60592E-02 6.67819E-02 1.03803E-01 1.40028E-01 1.63308E-01 4.14103E-01 6.19843E-01 1.05493E-01 6.67819E-02 4.60592E-02 1.29648E+00
4.63140E-02 6.67869E-02 1.03539E-01 1.39344E-01 1.62466E-01 4.12636E-01 6.18543E-01 1.05209E-01 6.67869E-02 4.63140E-02 1.28149E+00
4.65485E-02 6.67789E-02 1.03269E-01 1.38665E-01 1.61632E-01 4.11178E-01 6.17233E-01 1.04919E-01 6.67789E-02 4.65485E-02 1.26687E+00
4.67639E-02 6.67590E-02 1.02993E-01 1.37991E-01 1.60806E-01 4.09728E-01 6.15916E-01 1.04624E-01 6.67590E-02 4.67639E-02 1.25260E+00
4.69615E-02 6.67280E-02 1.02712E-01 1.37322E-01 1.59987E-01 4.08289E-01 6.14592E-01 1.04324E-01 6.67280E-02 4.69615E-02 1.23868E+00
4.71426E-02 6.66869E-02 1.02427E-01 1.36659E-01 1.59177E-01 4.06859E-01 6.13262E-01 1.04021E-01 6.66869E-02 4.71426E-02 1.22508E+00
4.73081E-02 6.66364E-02 1.02138E-01 1.36001E-01 1.58375E-01 4.05439E-01 6.11929E-01 1.03714E-01 6.66364E-02 4.73081E-02 1.21181E+00
4.74591E-02 6.65772E-02 1.01845E-01 1.35349E-01 1.57581E-01 4.04030E-01 6.10593E-01 1.03404E-01 6.65772E-02 4.74591E-02 1.19884E+00
4.75965E-02 6.65101E-02 1.01549E-01 1.34702E-01 1.56795E-01 4.02631E-01 6.09254E-01 1.03092E-01 6.65101E-02 4.75965E-02 1.18618E+00
4.77211E-02 6.64355E-02 1.01251E-01 1.34062E-01 1.56017E-01 4.01243E-01 6.07914E-01 1.02777E-01 6.64355E-02 4.77211E-02 1.17381E+00
0.00000E+00 0.00000E+00 4.68536E-02 1.22253E-01 1.57989E-01 4.33803E-01 5.93191E-01 5.05325E-02 0.00000E+00 0.00000E+00 1.51915E+00
0.00000E+00 0.00000E+00 5.43348E-02 1.25191E-01 1.60203E-01 4.39250E-01 6.08602E-01 5.77687E-02 0.00000E+00 0.00000E+00 1.61538E+00
0.00000E+00 5.13675E-03 6.00694E-02 1.27206E-01 1.61528E-01 4.42542E-01 6.19590E-01 6.33042E-02 5.13675E-03 0.00000E+00 1.65927E+00
0.00000E+00 1.13836E-02 6.45798E-02 1.28538E-01 1.62201E-01 4.44391E-01 6.27665E-01 6.76455E-02 1.13836E-02 0.00000E+00 1.67587E+00
0.00000E+00 1.65027E-02 6.81742E-02 1.29350E-01 1.62383E-01 4.45209E-01 6.33658E-01 7.10929E-02 1.65027E-02 0.00000E+00 1.67849E+00
0.00000E+00 2.07580E-02 7.10726E-02 1.29781E-01 1.62215E-01 4.45284E-01 6.38091E-01 7.38618E-02 2.07580E-02 0.00000E+00 1.67164E+00
0.00000E+00 2.43360E-02 7.34298E-02 1.29928E-01 1.61792E-01 4.44811E-01 6.41328E-01 7.61038E-02 2.43360E-02 0.00000E+00 1.65833E+00
0.00000E+00 2.73729E-02 7.53585E-02 1.29859E-01 1.61181E-01 4.43928E-01 6.43631E-01 7.79288E-02 2.73729E-02 0.00000E+00 1.64065E+00
1.37745E-03 2.99772E-02 7.69543E-02 1.29647E-01 1.60455E-01 4.42759E-01 6.45199E-01 7.94314E-02 2.99772E-02 1.37745E-03 1.61680E+00
4.59776E-03 3.22284E-02 7.82804E-02 1.29323E-01 1.59642E-01 4.41372E-01 6.46177E-01 8.06728E-02 3.22284E-02 4.59776E-03 1.58683E+00
7.43289E-03 3.41750E-02 7.93651E-02 1.28879E-01 1.58729E-01 4.39778E-01 6.46663E-01 8.16794E-02 3.41750E-02 7.43289E-03 1.55662E+00
9.94077E-03 3.58643E-02 8.02481E-02 1.28338E-01 1.57738E-01 4.38023E-01 6.46741E-01 8.24901E-02 3.58643E-02 9.94077E-03 1.52652E+00
1.21685E-02 3.73346E-02 8.09616E-02 1.27723E-01 1.56689E-01 4.36142E-01 6.46481E-01 8.31365E-02 3.73346E-02 1.21685E-02 1.49676E+00
1.41547E-02 3.86174E-02 8.15318E-02 1.27049E-01 1.55597E-01 4.34164E-01 6.45936E-01 8.36440E-02 3.86174E-02 1.41547E-02 1.46751E+00
1.59316E-02 3.97387E-02 8.19800E-02 1.26328E-01 1.54474E-01 4.32111E-01 6.45152E-01 8.40337E-02 3.97387E-02 1.59316E-02 1.43888E+00
1.75258E-02 4.07200E-02 8.23242E-02 1.25571E-01 1.53330E-01 4.30003E-01 6.44168E-01 8.43229E-02 4.07200E-02 1.75258E-02 1.41095E+00
1.89600E-02 4.15796E-02 8.25790E-02 1.24786E-01 1.52171E-01 4.27853E-01 6.43014E-01 8.45261E-02 4.15796E-02 1.89600E-02 1.38378E+00
2.02533E-02 4.23328E-02 8.27570E-02 1.23981E-01 1.51005E-01 4.25674E-01 6.41716E-01 8.46554E-02 4.23328E-02 2.02533E-02 1.35738E+00
2.14220E-02 4.29925E-02 8.28687E-02 1.23160E-01 1.49836E-01 4.23475E-01 6.40297E-01 8.47211E-02 4.29925E-02 2.14220E-02 1.33177E+00
2.24801E-02 4.35700E-02 8.29230E-02 1.22329E-01 1.48669E-01 4.21266E-01 6.38775E-01 8.47319E-02 4.35700E-02 2.24801E-02 1.30696E+00
2.34397E-02 4.40747E-02 8.29274E-02 1.21491E-01 1.47505E-01 4.19052E-01 6.37165E-01 8.46950E-02 4.40747E-02 2.34397E-02 1.28293E+00
2.43113E-02 4.45151E-02 8.28885E-02 1.20650E-01 1.46348E-01 4.16839E-01 6.35483E-01 8.46170E-02 4.45151E-02 2.43113E-02 1.25967E+00
2.51039E-02 4.48982E-02 8.28119E-02 1.19807E-01 1.45200E-01 4.14632E-01 6.33738E-01 8.45032E-02 4.48982E-02 2.51039E-02 1.23716E+00
2.58256E-02 4.52302E-02 8.27025E-02 1.18966E-01 1.44062E-01 4.12435E-01 6.31942E-01 8.43583E-02 4.52302E-02 2.58256E-02 1.21539E+00
2.64834E-02 4.55166E-02 8.25643E-02 1.18128E-01 1.42937E-01 4.10249E-01 6.30102E-01 8.41863E-02 4.55166E-02 2.64834E-02 1.19432E+00
2.70833E-02 4.57623E-02 8.24012E-02 1.17294E-01 1.41824E-01 4.08078E-01 6.28227E-01 8.39908E-02 4.57623E-02 2.70833E-02 1.17394E+00
2.76309E-02 4.59713E-02 8.22162E-02 1.16465E-01 1.40724E-01 4.05925E-01 6.26322E-01 8.37749E-02 4.59713E-02 2.76309E-02 1.15423E+00
2.81309E-02 4.61474E-02 8.20121E-02 1.15643E-01 1.39639E-01 4.03790E-01 6.24393E-01 8.35413E-02 4.61474E-02 2.81309E-02 1.13515E+00
2.85877E-02 4.62939E-02 8.17914E-02 1.14829E-01 1.38569E-01 4.01674E-01 6.22446E-01 8.32922E-02 4.62939E-02 2.85877E-02 1.11669E+00
2.90051E-02 4.64138E-02 8.15562E-02 1.14022E-01 1.37513E-01 3.99580E-01 6.20484E-01 8.30298E-02 4.64138E-02 2.90051E-02 1.09882E+00
2.93865E-02 4.65095E-02 8.13084E-02 1.13224E-01 1.36473E-01 3.97507E-01 6.18511E-01 8.27559E-02 4.65095E-02 2.93865E-02 1.08151E+00
2.97350E-02 4.65834E-02 8.10497E-02 1.12435E-01 1.35448E-01 3.95457E-01 6.16531E-01 8.24720E-02 4.65834E-02 2.97350E-02 1.06475E+00
3.00533E-02 4.66376E-02 8.07815E-02 1.11655E-01 1.34438E-01 3.93430E-01 6.14546E-01 8.21796E-02 4.66376E-02 3.00533E-02 1.04852E+00
3.03439E-02 4.66739E-02 8.05051E-02 1.10884E-01 1.33444E-01 3.91426E-01 6.12558E-01 8.18799E-02 4.66739E-02 3.03439E-02 1.03278E+00
3.06091E-02 4.66940E-02 8.02217E-02 1.10124E-01 1.32465E-01 3.89445E-01 6.10571E-01 8.15741E-02 4.66940E-02 3.06091E-02 1.01752E+00
3.08508E-02 4.66993E-02 7.99323E-02 1.09373E-01 1.31501E-01 3.87489E-01 6.08585E-01 8.12630E-02 4.66993E-02 3.08508E-02 1.00272E+00
3.10710E-02 4.66914E-02 7.96378E-02 1.08632E-01 1.30552E-01 3.85555E-01 6.06603E-01 8.09476E-02 4.66914E-02 3.10710E-02 9.88370E-01
3.12713E-02 4.66712E-02 7.93390E-02 1.07901E-01 1.29618E-01 3.83646E-01 6.04626E-01 8.06286E-02 4.66712E-02 3.12713E-02 9.74440E-01
3.14532E-02 4.66400E-02 7.90367E-02 1.07179E-01 1.28698E-01 3.81760E-01 6.02655E-01 8.03068E-02 4.66400E-02 3.14532E-02 9.60918E-01
3.16182E-02 4.65988E-02 7.87315E-02 1.06468E-01 1.27793E-01 3.79897E-01 6.00692E-01 7.99827E-02 4.65988E-02 3.16182E-02 9.47785E-01
3.17674E-02 4.65484E-02 7.84239E-02 1.05767E-01 1.26903E-01 3.78057E-01 5.98737E-01 7.96569E-02 4.65484E-02 3.17674E-02 9.35028E-01
3.19020E-02 4.64897E-02 7.81146E-02 1.05075E-01 1.26026E-01 3.76241E-01 5.96791E-01 7.93298E-02 4.64897E-02 3.19020E-02 9.22631E-01
3.20231E-02 4.64234E-02 7.78039E-02 1.04393E-01 1.25163E-01 3.74448E-01 5.94856E-01 7.90019E-02 4.64234E-02 3.20231E-02 9.10580E-01
3.21316E-02 4.63502E-02 7.74922E-02 1.03721E-01 1.24314E-01 3.72677E-01 5.92931E-01 7.86736E-02 4.63502E-02 3.21316E-02 8.98861E-01
3.22285E-02 4.62707E-02 7.71800E-02 1.03058E-01 1.23478E-01 3.70928E-01 5.91017E-01 7.83453E-02 4.62707E-02 3.22285E-02 8.87461E-01
3.23146E-02 4.61855E-02 7.68675E-02 1.02404E-01 1.22655E-01 3.69201E-01 5.89116E-01 7.80171E-02 4.61855E-02 3.23146E-02 8.76368E-01
3.23905E-02 4.60951E-02 7.65551E-02 1.01760E-01 1.21844E-01 3.67496E-01 5.87226E-01 7.76894E-02 4.60951E-02 3.23905E-02 8.65570E-01
3.24571E-02 4.59999E-02 7.62430E-02 1.01125E-01 1.21046E-01 3.65813E-01 5.85349E-01 7.73625E-02 4.59999E-02 3.24571E-02 8.55055E-01
3.25149E-02 4.59005E-02 7.59314E-02 1.00499E-01 1.20261E-01 3.64150E-01 5.83485E-01 7.70366E-02 4.59005E-02 3.25149E-02 8.44814E-01
3.25646E-02 4.57972E-02 7.56205E-02 9.98814E-02 1.19488E-01 3.62508E-01 5.81634E-01 7.67117E-02 4.57972E-02 3.25646E-02 8.34836E-01
0.00000E+00 0.00000E+00 4.34853E-02 1.07764E-01 1.45418E-01 4.51052E-01 6.48328E-01 4.64788E-02 0.00000E+00 0.00000E+00 1.31520E+00
0.00000E+00 0.00000E+00 4.87058E-02 1.08233E-01 1.44533E-01 4.50722E-01 6.56929E-01 5.14466E-02 0.00000E+00 0.00000E+00 1.36964E+00
0.00000E+00 3.84686E-03 5.25836E-02 1.08282E-01 1.43389E-01 4.49236E-01 6.62082E-01 5.51243E-02 3.84686E-03 0.00000E+00 1.38427E+00
0.00000E+00 8.45968E-03 5.55302E-02 1.08000E-01 1.42028E-01 4.46995E-01 6.65012E-01 5.79046E-02 8.45968E-03 0.00000E+00 1.37919E+00
0.00000E+00 1.21788E-02 5.77889E-02 1.07466E-01 1.40505E-01 4.44249E-01 6.66398E-01 6.00215E-02 1.21788E-02 0.00000E+00 1.36484E+00
0.00000E+00 1.52221E-02 5.95346E-02 1.06762E-01 1.38891E-01 4.41181E-01 6.66672E-01 6.16443E-02 1.52221E-02 0.00000E+00 1.34474E+00
0.00000E+00 1.77418E-02 6.08889E-02 1.05943E-01 1.37230E-01 4.37913E-01 6.66127E-01 6.28906E-02 1.77418E-02 0.00000E+00 1.32114E+00
0.00000E+00 1.98480E-02 6.19388E-02 1.05046E-01 1.35552E-01 4.34526E-01 6.64971E-01 6.38449E-02 1.98480E-02 0.00000E+00 1.29553E+00
9.80749E-04 2.16274E-02 6.27584E-02 1.04118E-01 1.33899E-01 4.31107E-01 6.63372E-01 6.45795E-02 2.16274E-02 9.80749E-04 1.26651E+00
3.25876E-03 2.31426E-02 6.33946E-02 1.03171E-01 1.32278E-01 4.27683E-01 6.61435E-01 6.51393E-02 2.31426E-02 3.25876E-03 1.23400E+00
5.24572E-03 2.44320E-02 6.38662E-02 1.02187E-01 1.30655E-01 4.24226E-01 6.59205E-01 6.55411E-02 2.44320E-02 5.24572E-03 1.20228E+00
6.98733E-03 2.55328E-02 6.42028E-02 1.01177E-01 1.29042E-01 4.20761E-01 6.56747E-01 6.58139E-02 2.55328E-02 6.98733E-03 1.17151E+00
8.52049E-03 2.64744E-02 6.44282E-02 1.00154E-01 1.27446E-01 4.17305E-01 6.54111E-01 6.59804E-02 2.64744E-02 8.52049E-03 1.14177E+00
9.87530E-03 2.72812E-02 6.45613E-02 9.91242E-02 1.25873E-01 4.13873E-01 6.51335E-01 6.60591E-02 2.72812E-02 9.87530E-03 1.11312E+00
1.10766E-02 2.79730E-02 6.46176E-02 9.80949E-02 1.24326E-01 4.10474E-01 6.48454E-01 6.60650E-02 2.79730E-02 1.10766E-02 1.08556E+00
1.21448E-02 2.85660E-02 6.46097E-02 9.70702E-02 1.22808E-01 4.07115E-01 6.45491E-01 6.60101E-02 2.85660E-02 1.21448E-02 1.05909E+00
1.30973E-02 2.90739E-02 6.45480E-02 9.60538E-02 1.21321E-01 4.03803E-01 6.42468E-01 6.59045E-02 2.90739E-02 1.30973E-02 1.03370E+00
1.39486E-02 2.95081E-02 6.44411E-02 9.50484E-02 1.19866E-01 4.00540E-01 6.39402E-01 6.57566E-02 2.95081E-02 1.39486E-02 1.00935E+00
1.47110E-02 2.98783E-02 6.42961E-02 9.40560E-02 1.18443E-01 3.97330E-01 6.36307E-01 6.55732E-02 2.98783E-02 1.47110E-02 9.85998E-01
1.53949E-02 3.01926E-02 6.41192E-02 9.30781E-02 1.17052E-01 3.94174E-01 6.33194E-01 6.53600E-02 3.01926E-02 1.53949E-02 9.63614E-01
1.60094E-02 3.04580E-02 6.39153E-02 9.21157E-02 1.15694E-01 3.91074E-01 6.30073E-01 6.51220E-02 3.04580E-02 1.60094E-02 9.42153E-01
1.65622E-02 3.06805E-02 6.36887E-02 9.11697E-02 1.14367E-01 3.88029E-01 6.26951E-01 6.48633E-02 3.06805E-02 1.65622E-02 9.21572E-01
1.70600E-02 3.08652E-02 6.34431E-02 9.02404E-02 1.13072E-01 3.85040E-01 6.23835E-01 6.45873E-02 3.08652E-02 1.70600E-02 9.01831E-01
1.75088E-02 3.10165E-02 6.31816E-02 8.93284E-02 1.11808E-01 3.82107E-01 6.20730E-01 6.42969E-02 3.10165E-02 1.75088E-02 8.82888E-01
1.79135E-02 3.11384E-02 6.29067E-02 8.84336E-02 1.10574E-01 3.79228E-01 6.17641E-01 6.39947E-02 3.11384E-02 1.79135E-02 8.64703E-01
1.82787E-02 3.12341E-02 6.26208E-02 8.75561E-02 1.09370E-01 3.76404E-01 6.14570E-01 6.36828E-02 3.12341E-02 1.82787E-02 8.47239E-01
1.86082E-02 3.13066E-02 6.23258E-02 8.66959E-02 1.08194E-01 3.73633E-01 6.11521E-01 6.33631E-02 3.13066E-02 1.86082E-02 8.30458E-01
1.89056E-02 3.13585E-02 6.20235E-02 8.58529E-02 1.07046E-01 3.70915E-01 6.08496E-01 6.30371E-02 3.13585E-02 1.89056E-02 8.14326E-01
1.91740E-02 3.13920E-02 6.17151E-02 8.50267E-02 1.05926E-01 3.68248E-01 6.05498E-01 6.27063E-02 3.13920E-02 1.91740E-02 7.98809E-01
1.94159E-02 3.14091E-02 6.14020E-02 8.42171E-02 1.04831E-01 3.65631E-01 6.02527E-01 6.23717E-02 3.14091E-02 1.94159E-02 7.83877E-01
1.96340E-02 3.14116E-02 6.10852E-02 8.34239E-02 1.03762E-01 3.63064E-01 5.99585E-01 6.20344E-02 3.14116E-02 1.96340E-02 7.69499E-01
1.98303E-02 3.14011E-02 6.07657E-02 8.26468E-02 1.02718E-01 3.60544E-01 5.96673E-01 6.16952E-02 3.14011E-02 1.98303E-02 7.55648E-01
2.00067E-02 3.13789E-02 6.04443E-02 8.18853E-02 1.01697E-01 3.58071E-01 5.93792E-01 6.13550E-02 3.13789E-02 2.00067E-02 7.42297E-01
2.01651E-02 3.13462E-02 6.01217E-02 8.11392E-02 1.00700E-01 3.55644E-01 5.90942E-01 6.10143E-02 3.13462E-02 2.01651E-02 7.29422E-01
2.03069E-02 3.13042E-02 5.97985E-02 8.04081E-02 9.97254E-02 3.53261E-01 5.88124E-01 6.06737E-02 3.13042E-02 2.03069E-02 7.16999E-01
2.04336E-02 3.12539E-02 5.94752E-02 7.96917E-02 9.87723E-02 3.50922E-01 5.85337E-01 6.03337E-02 3.12539E-02 2.04336E-02 7.05005E-01
2.05464E-02 3.11960E-02 5.91523E-02 7.89895E-02 9.78403E-02 3.48625E-01 5.82583E-01 5.99948E-02 3.11960E-02 2.05464E-02 6.93421E-01
2.06465E-02 3.11315E-02 5.88302E-02 7.83013E-02 9.69286E-02 3.46369E-01 5.79860E-01 5.96572E-02 3.11315E-02 2.06465E-02 6.82226E-01
2.07350E-02 3.10609E-02 5.85092E-02 7.76266E-02 9.60366E-02 3.44153E-01 5.77170E-01 5.93213E-02 3.10609E-02 2.07350E-02 6.71402E-01
2.08127E-02 3.09850E-02 5.81896E-02 7.69652E-02 9.51637E-02 3.41975E-01 5.74511E-01 5.89874E-02 3.09850E-02 2.08127E-02 6.60932E-01
2.08805E-02 3.09043E-02 5.78717E-02 7.63166E-02 9.43093E-02 3.39836E-01 5.71884E-01 5.86557E-02 3.09043E-02 2.08805E-02 6.50799E-01
2.09392E-02 3.08194E-02 5.75557E-02 7.56805E-02 9.34728E-02 3.37734E-01 5.69288E-01 5.83263E-02 3.08194E-02 2.09392E-02 6.40987E-01
2.09895E-02 3.07306E-02 5.72418E-02 7.50566E-02 9.26536E-02 3.35667E-01 5.66723E-01 5.79995E-02 3.07306E-02 2.09895E-02 6.31483E-01
2.10321E-02 3.06384E-02 5.69301E-02 7.44446E-02 9.18512E-02 3.33636E-01 5.64189E-01 5.76753E-02 3.06384E-02 2.10321E-02 6.22272E-01
2.10676E-02 3.05433E-02 5.66209E-02 7.38442E-02 9.10651E-02 3.31639E-01 5.61686E-01 5.73539E-02 3.05433E-02 2.10676E-02 6.13342E-01
2.10964E-02 3.04455E-02 5.63141E-02 7.32549E-02 9.02948E-02 3.29674E-01 5.59213E-01 5.70355E-02 3.04455E-02 2.10964E-02 6.04679E-01
2.11191E-02 3.03453E-02 5.60099E-02 7.26766E-02 8.95398E-02 3.27742E-01 5.56769E-01 5.67200E-02 3.03453E-02 2.11191E-02 5.96273E-01
2.11362E-02 3.02431E-02 5.57084E-02 7.21089E-02 8.87996E-02 3.25842E-01 5.54355E-01 5.64076E-02 3.02431E-02 2.11362E-02 5.88112E-01
2.11481E-02 3.01390E-02 5.54097E-02 7.15516E-02 8.80738E-02 3.23972E-01 5.51970E-01 5.60982E-02 3.01390E-02 2.11481E-02 5.80187E-01
2.11551E-02 3.00334E-02 5.51138E-02 7.10043E-02 8.73620E-02 3.22132E-01 5.49613E-01 5.57920E-02 3.00334E-02 2.11551E-02 5.72486E-01
0.00000E+00 0.00000E+00 3.98083E-02 9.00363E-02 1.27786E-01 4.62031E-01 7.02895E-01 4.18851E-02 0.00000E+00 0.00000E+00 1.11627E+00
0.00000E+00 0.00000E+00 4.31032E-02 8.87589E-02 1.24410E-01 4.55616E-01 7.03174E-01 4.49653E-02 0.00000E+00 0.00000E+00 1.13834E+00
0.00000E+00 2.75299E-03 4.54213E-02 8.74540E-02 1.21345E-01 4.49173E-01 7.01322E-01 4.71172E-02 2.75299E-03 0.00000E+00 1.13061E+00
0.00000E+00 5.99614E-03 4.70743E-02 8.60961E-02 1.18456E-01 4.42749E-01 6.98163E-01 4.86350E-02 5.99614E-03 0.00000E+00 1.10939E+00
0.00000E+00 8.55837E-03 4.82461E-02 8.46961E-02 1.15699E-01 4.36398E-01 6.94161E-01 4.96933E-02 8.55837E-03 0.00000E+00 1.08287E+00
0.00000E+00 1.06142E-02 4.90695E-02 8.32894E-02 1.13077E-01 4.30189E-01 6.89622E-01 5.04199E-02 1.06142E-02 0.00000E+00 1.05372E+00
0.00000E+00 1.22839E-02 4.96345E-02 8.18969E-02 1.10586E-01 4.24159E-01 6.84745E-01 5.09012E-02 1.22839E-02 0.00000E+00 1.02356E+00
0.00000E+00 1.36530E-02 5.00045E-02 8.05309E-02 1.08222E-01 4.18323E-01 6.79663E-01 5.11979E-02 1.36530E-02 0.00000E+00 9.93352E-01
6.61802E-04 1.47879E-02 5.02333E-02 7.92155E-02 1.05998E-01 4.12725E-01 6.74502E-01 5.13624E-02 1.47879E-02 6.61802E-04 9.61991E-01
2.18735E-03 1.57358E-02 5.03530E-02 7.79489E-02 1.03899E-01 4.07350E-01 6.69311E-01 5.14249E-02 1.57358E-02 2.18735E-03 9.29300E-01
3.50357E-03 1.65259E-02 5.03737E-02 7.67042E-02 1.01880E-01 4.02124E-01 6.64073E-01 5.13939E-02 1.65259E-02 3.50357E-03 8.98190E-01
4.64500E-03 1.71856E-02 5.03159E-02 7.54859E-02 9.99386E-02 3.97049E-01 6.58823E-01 5.12893E-02 1.71856E-02 4.64500E-03 8.68660E-01
5.63926E-03 1.77368E-02 5.01955E-02 7.42968E-02 9.80732E-02 3.92124E-01 6.53588E-01 5.11261E-02 1.77368E-02 5.63926E-03 8.40672E-01
6.50871E-03 1.81971E-02 5.00253E-02 7.31385E-02 9.62804E-02 3.87346E-01 6.48389E-01 5.09167E-02 1.81971E-02 6.50871E-03 8.14169E-01
7.27160E-03 1.85809E-02 4.98152E-02 7.20119E-02 9.45568E-02 3.82712E-01 6.43239E-01 5.06704E-02 1.85809E-02 7.27160E-03 7.89079E-01
7.94297E-03 1.88997E-02 4.95732E-02 7.09173E-02 9.28992E-02 3.78216E-01 6.38151E-01 5.03951E-02 1.88997E-02 7.94297E-03 7.65327E-01
8.53531E-03 1.91632E-02 4.93058E-02 6.98544E-02 9.13043E-02 3.73855E-01 6.33131E-01 5.00969E-02 1.91632E-02 8.53531E-03 7.42835E-01
9.05907E-03 1.93794E-02 4.90184E-02 6.88227E-02 8.97691E-02 3.69623E-01 6.28186E-01 4.97809E-02 1.93794E-02 9.05907E-03 7.21526E-01
9.52303E-03 1.95550E-02 4.87153E-02 6.78216E-02 8.82904E-02 3.65515E-01 6.23319E-01 4.94510E-02 1.95550E-02 9.52303E-03 7.01326E-01
9.93465E-03 1.96956E-02 4.83998E-02 6.68503E-02 8.68653E-02 3.61527E-01 6.18532E-01 4.91106E-02 1.96956E-02 9.93465E-03 6.82163E-01
1.03003E-02 1.98059E-02 4.80751E-02 6.59078E-02 8.54911E-02 3.57652E-01 6.13828E-01 4.87625E-02 1.98059E-02 1.03003E-02 6.63972E-01
1.06253E-02 1.98900E-02 4.77434E-02 6.49933E-02 8.41652E-02 3.53887E-01 6.09207E-01 4.84089E-02 1.98900E-02 1.06253E-02 6.46687E-01
1.09145E-02 1.99513E-02 4.74068E-02 6.41058E-02 8.28850E-02 3.50227E-01 6.04669E-01 4.80517E-02 1.99513E-02 1.09145E-02 6.30251E-01
1.11718E-02 1.99927E-02 4.70669E-02 6.32442E-02 8.16483E-02 3.46667E-01 6.00214E-01 4.76924E-02 1.99927E-02 1.11718E-02 6.14609E-01
1.14008E-02 2.00168E-02 4.67250E-02 6.24077E-02 8.04529E-02 3.43203E-01 5.95840E-01 4.73322E-02 2.00168E-02 1.14008E-02 5.99709E-01
1.16045E-02 2.00258E-02 4.63824E-02 6.15953E-02 7.92966E-02 3.39832E-01 5.91547E-01 4.69722E-02 2.00258E-02 1.16045E-02 5.85504E-01
1.17856E-02 2.00215E-02 4.60398E-02 6.08060E-02 7.81777E-02 3.36549E-01 5.87333E-01 4.66133E-02 2.00215E-02 1.17856E-02 5.71950E-01
1.19463E-02 2.00057E-02 4.56982E-02 6.00390E-02 7.70942E-02 3.33351E-01 5.83198E-01 4.62561E-02 2.00057E-02 1.19463E-02 5.59006E-01
1.20889E-02 1.99796E-02 4.53582E-02 5.92934E-02 7.60446E-02 3.30234E-01 5.79139E-01 4.59013E-02 1.99796E-02 1.20889E-02 5.46635E-01
1.22150E-02 1.99447E-02 4.50202E-02 5.85682E-02 7.50271E-02 3.27195E-01 5.75155E-01 4.55494E-02 1.99447E-02 1.22150E-02 5.34801E-01
1.23263E-02 1.99020E-02 4.46848E-02 5.78629E-02 7.40402E-02 3.24231E-01 5.71244E-01 4.52006E-02 1.99020E-02 1.23263E-02 5.23473E-01
1.24243E-02 1.98524E-02 4.43523E-02 5.71765E-02 7.30827E-02 3.21339E-01 5.67404E-01 4.48554E-02 1.98524E-02 1.24243E-02 5.12619E-01
1.25102E-02 1.97968E-02 4.40231E-02 5.65083E-02 7.21531E-02 3.18516E-01 5.63634E-01 4.45139E-02 1.97968E-02 1.25102E-02 5.02213E-01
1.25851E-02 1.97360E-02 4.36972E-02 5.58576E-02 7.12501E-02 3.15760E-01 5.59932E-01 4.41765E-02 1.97360E-02 1.25851E-02 4.92228E-01
1.26500E-02 1.96705E-02 4.33750E-02 5.52238E-02 7.03727E-02 3.13067E-01 5.56297E-01 4.38432E-02 1.96705E-02 1.26500E-02 4.82640E-01
1.27059E-02 1.96011E-02 4.30566E-02 5.46061E-02 6.95197E-02 3.10436E-01 5.52726E-01 4.35141E-02 1.96011E-02 1.27059E-02 4.73427E-01
1.27536E-02 1.95281E-02 4.27420E-02 5.40041E-02 6.86900E-02 3.07864E-01 5.49218E-01 4.31894E-02 1.95281E-02 1.27536E-02 4.64568E-01
1.27938E-02 1.94522E-02 4.24315E-02 5.34170E-02 6.78827E-02 3.05349E-01 5.45771E-01 4.28692E-02 1.94522E-02 1.27938E-02 4.56043E-01
1.28272E-02 1.93736E-02 4.21250E-02 5.28444E-02 6.70968E-02 3.02889E-01 5.42384E-01 4.25533E-02 1.93736E-02 1.28272E-02 4.47836E-01
1.28543E-02 1.92927E-02 4.18226E-02 5.22857E-02 6.63315E-02 3.00482E-01 5.39055E-01 4.22419E-02 1.92927E-02 1.28543E-02 4.39928E-01
1.28757E-02 1.92099E-02 4.15244E-02 5.17404E-02 6.55859E-02 2.98126E-01 5.35783E-01 4.19350E-02 1.92099E-02 1.28757E-02 4.32304E-01
1.28919E-02 1.91254E-02 4.12302E-02 5.12079E-02 6.48593E-02 2.95819E-01 5.32566E-01 4.16325E-02 1.91254E-02 1.28919E-02 4.24950E-01
1.29034E-02 1.90395E-02 4.09402E-02 5.06879E-02 6.41508E-02 2.93560E-01 5.29402E-01 4.13345E-02 1.90395E-02 1.29034E-02 4.17852E-01
1.29105E-02 1.89525E-02 4.06543E-02 5.01799E-02 6.34598E-02 2.91347E-01 5.26291E-01 4.10409E-02 1.89525E-02 1.29105E-02 4.10997E-01
1.29136E-02 1.88645E-02 4.03724E-02 4.96835E-02 6.27856E-02 2.89179E-01 5.23231E-01 4.07516E-02 1.88645E-02 1.29136E-02 4.04372E-01
1.29130E-02 1.87758E-02 4.00946E-02 4.91983E-02 6.21276E-02 2.87053E-01 5.20220E-01 4.04666E-02 1.87758E-02 1.29130E-02 3.97968E-01
1.29091E-02 1.86864E-02 3.98208E-02 4.87238E-02 6.14852E-02 2.84969E-01 5.17258E-01 4.01859E-02 1.86864E-02 1.29091E-02 3.91772E-01
1.29021E-02 1.85965E-02 3.95510E-02 4.82598E-02 6.08577E-02 2.82925E-01 5.14342E-01 3.99094E-02 1.85965E-02 1.29021E-02 3.85776E-01
1.28922E-02 1.85064E-02 3.92851E-02 4.78058E-02 6.02447E-02 2.80921E-01 5.11473E-01 3.96371E-02 1.85064E-02 1.28922E-02 3.79970E-01
1.28798E-02 1.84160E-02 3.90231E-02 4.73616E-02 5.96456E-02 2.78953E-01 5.08648E-01 3.93688E-02 1.84160E-02 1.28798E-02 3.74344E-01
0.00000E+00 0.00000E+00 3.58790E-02 7.01405E-02 1.04272E-01 4.63628E-01 7.51776E-01 3.70261E-02 0.00000E+00 0.00000E+00 9.42795E-01
0.00000E+00 0.00000E+00 3.75250E-02 6.78354E-02 9.92727E-02 4.50794E-01 7.41843E-01 3.85284E-02 0.00000E+00 0.00000E+00 9.32680E-01
0.00000E+00 1.82967E-03 3.85454E-02 6.57848E-02 9.50528E-02 4.39246E-01 7.31594E-01 3.94403E-02 1.82967E-03 0.00000E+00 9.03882E-01
0.00000E+00 3.93958E-03 3.91515E-02 6.38814E-02 9.13246E-02 4.28601E-01 7.21272E-01 3.99599E-02 3.93958E-03 0.00000E+00 8.68516E-01
0.00000E+00 5.56623E-03 3.94673E-02 6.20858E-02 8.79551E-02 4.18681E-01 7.11034E-01 4.02045E-02 5.56623E-03 0.00000E+00 8.32247E-01
0.00000E+00 6.84086E-03 3.95834E-02 6.03964E-02 8.48898E-02 4.09417E-01 7.01005E-01 4.02609E-02 6.84086E-03 0.00000E+00 7.96675E-01
0.00000E+00 7.85212E-03 3.95590E-02 5.88075E-02 8.20851E-02 4.00744E-01 6.91252E-01 4.01856E-02 7.85212E-03 0.00000E+00 7.62592E-01
0.00000E+00 8.66204E-03 3.94346E-02 5.73123E-02 7.95054E-02 3.92602E-01 6.81805E-01 4.00173E-02 8.66204E-03 0.00000E+00 7.30355E-01
4.12830E-04 9.31755E-03 3.92450E-02 5.59170E-02 7.71404E-02 3.84985E-01 6.72728E-01 3.97896E-02 9.31755E-03 4.12830E-04 6.98954E-01
1.35634E-03 9.85162E-03 3.90083E-02 5.46096E-02 7.49587E-02 3.77829E-01 6.64003E-01 3.95194E-02 9.85162E-03 1.35634E-03 6.68031E-01
2.16045E-03 1.02847E-02 3.87270E-02 5.33609E-02 7.29088E-02 3.71012E-01 6.55526E-01 3.92084E-02 1.02847E-02 2.16045E-03 6.39336E-01
2.84942E-03 1.06357E-02 3.84132E-02 5.21684E-02 7.09789E-02 3.64510E-01 6.47300E-01 3.88677E-02 1.06357E-02 2.84942E-03 6.12699E-01
3.44246E-03 1.09195E-02 3.80759E-02 5.10296E-02 6.91587E-02 3.58301E-01 6.39321E-01 3.85063E-02 1.09195E-02 3.44246E-03 5.87956E-01
3.95494E-03 1.11477E-02 3.77221E-02 4.99415E-02 6.74390E-02 3.52364E-01 6.31583E-01 3.81305E-02 1.11477E-02 3.95494E-03 5.64945E-01
4.39931E-03 1.13297E-02 3.73571E-02 4.89013E-02 6.58113E-02 3.46681E-01 6.24079E-01 3.77454E-02 1.13297E-02 4.39931E-03 5.43520E-01
4.78572E-03 1.14733E-02 3.69850E-02 4.79063E-02 6.42684E-02 3.41234E-01 6.16803E-01 3.73550E-02 1.14733E-02 4.78572E-03 5.23543E-01
5.12254E-03 1.15845E-02 3.66089E-02 4.69538E-02 6.28034E-02 3.36008E-01 6.09744E-01 3.69621E-02 1.15845E-02 5.12254E-03 5.04888E-01
5.41670E-03 1.16684E-02 3.62314E-02 4.60414E-02 6.14106E-02 3.30988E-01 6.02895E-01 3.65690E-02 1.16684E-02 5.41670E-03 4.87442E-01
5.67397E-03 1.17294E-02 3.58544E-02 4.51667E-02 6.00844E-02 3.26162E-01 5.96247E-01 3.61777E-02 1.17294E-02 5.67397E-03 4.71102E-01
5.89924E-03 1.17708E-02 3.54794E-02 4.43275E-02 5.88200E-02 3.21517E-01 5.89791E-01 3.57893E-02 1.17708E-02 5.89924E-03 4.55774E-01
6.09660E-03 1.17956E-02 3.51074E-02 4.35216E-02 5.76130E-02 3.17042E-01 5.83521E-01 3.54051E-02 1.17956E-02 6.09660E-03 4.41374E-01
6.26956E-03 1.18062E-02 3.47395E-02 4.27473E-02 5.64595E-02 3.12727E-01 5.77427E-01 3.50256E-02 1.18062E-02 6.26956E-03 4.27826E-01
6.42110E-03 1.18048E-02 3.43763E-02 4.20026E-02 5.53558E-02 3.08563E-01 5.71502E-01 3.46517E-02 1.18048E-02 6.42110E-03 4.15063E-01
6.55377E-03 1.17930E-02 3.40183E-02 4.12860E-02 5.42987E-02 3.04541E-01 5.65740E-01 3.42836E-02 1.17930E-02 6.55377E-03 4.03020E-01
6.66978E-03 1.17723E-02 3.36659E-02 4.05958E-02 5.32851E-02 3.00653E-01 5.60133E-01 3.39218E-02 1.17723E-02 6.66978E-03 3.91643E-01
6.77105E-03 1.17441E-02 3.33194E-02 3.99305E-02 5.23123E-02 2.96892E-01 5.54674E-01 3.35664E-02 1.17441E-02 6.77105E-03 3.80881E-01
6.85922E-03 1.17094E-02 3.29788E-02 3.92890E-02 5.13777E-02 2.93252E-01 5.49357E-01 3.32175E-02 1.17094E-02 6.85922E-03 3.70687E-01
6.93575E-03 1.16692E-02 3.26445E-02 3.86698E-02 5.04792E-02 2.89725E-01 5.44177E-01 3.28753E-02 1.16692E-02 6.93575E-03 3.61020E-01
7.00189E-03 1.16242E-02 3.23163E-02 3.80718E-02 4.96144E-02 2.86306E-01 5.39128E-01 3.25397E-02 1.16242E-02 7.00189E-03 3.51841E-01
7.05876E-03 1.15751E-02 3.19944E-02 3.74939E-02 4.87816E-02 2.82990E-01 5.34205E-01 3.22108E-02 1.15751E-02 7.05876E-03 3.43116E-01
7.10732E-03 1.15227E-02 3.16787E-02 3.69351E-02 4.79788E-02 2.79771E-01 5.29401E-01 3.18884E-02 1.15227E-02 7.10732E-03 3.34814E-01
7.14845E-03 1.14673E-02 3.13692E-02 3.63945E-02 4.72045E-02 2.76646E-01 5.24714E-01 3.15726E-02 1.14673E-02 7.14845E-03 3.26905E-01
7.18289E-03 1.14095E-02 3.10657E-02 3.58711E-02 4.64570E-02 2.73608E-01 5.20138E-01 3.12632E-02 1.14095E-02 7.18289E-03 3.19364E-01
7.21133E-03 1.13496E-02 3.07683E-02 3.53641E-02 4.57349E-02 2.70655E-01 5.15668E-01 3.09601E-02 1.13496E-02 7.21133E-03 3.12165E-01
7.23435E-03 1.12880E-02 3.04768E-02 3.48727E-02 4.50370E-02 2.67783E-01 5.11302E-01 3.06632E-02 1.12880E-02 7.23435E-03 3.05287E-01
7.25251E-03 1.12249E-02 3.01912E-02 3.43962E-02 4.43619E-02 2.64988E-01 5.07034E-01 3.03724E-02 1.12249E-02 7.25251E-03 2.98710E-01
7.26627E-03 1.11608E-02 2.99112E-02 3.39340E-02 4.37086E-02 2.62266E-01 5.02861E-01 3.00875E-02 1.11608E-02 7.26627E-03 2.92415E-01
7.27606E-03 1.10957E-02 2.96368E-02 3.34852E-02 4.30758E-02 2.59614E-01 4.98781E-01 2.98085E-02 1.10957E-02 7.27606E-03 2.86383E-01
7.28226E-03 1.10298E-02 2.93679E-02 3.30494E-02 4.24628E-02 2.57030E-01 4.94788E-01 2.95351E-02 1.10298E-02 7.28226E-03 2.80601E-01
7.28521E-03 1.09635E-02 2.91043E-02 3.26260E-02 4.18684E-02 2.54510E-01 4.90881E-01 2.92672E-02 1.09635E-02 7.28521E-03 2.75052E-01
7.28522E-03 1.08968E-02 2.88459E-02 3.22145E-02 4.12918E-02 2.52053E-01 4.87056E-01 2.90047E-02 1.08968E-02 7.28522E-03 2.69723E-01
7.28258E-03 1.08298E-02 2.85926E-02 3.18142E-02 4.07323E-02 2.49654E-01 4.83310E-01 2.87475E-02 1.08298E-02 7.28258E-03 2.64602E-01
7.27753E-03 1.07627E-02 2.83442E-02 3.14248E-02 4.01890E-02 2.47313E-01 4.79641E-01 2.84954E-02 1.07627E-02 7.27753E-03 2.59677E-01
7.27029E-03 1.06955E-02 2.81007E-02 3.10458E-02 3.96611E-02 2.45027E-01 4.76046E-01 2.82482E-02 1.06955E-02 7.27029E-03 2.54937E-01
7.26107E-03 1.06285E-02 2.78619E-02 3.06768E-02 3.91482E-02 2.42793E-01 4.72523E-01 2.80059E-02 1.06285E-02 7.26107E-03 2.50372E-01
7.25006E-03 1.05615E-02 2.76277E-02 3.03173E-02 3.86494E-02 2.40610E-01 4.69069E-01 2.77684E-02 1.05615E-02 7.25006E-03 2.45973E-01
7.23743E-03 1.04948E-02 2.73979E-02 2.99670E-02 3.81641E-02 2.38476E-01 4.65682E-01 2.75354E-02 1.04948E-02 7.23743E-03 2.41731E-01
7.22332E-03 1.04284E-02 2.71725E-02 2.96256E-02 3.76919E-02 2.36389E-01 4.62359E-01 2.73069E-02 1.04284E-02 7.22332E-03 2.37637E-01
7.20789E-03 1.03623E-02 2.69513E-02 2.92926E-02 3.72322E-02 2.34348E-01 4.59099E-01 2.70827E-02 1.03623E-02 7.20789E-03 2.33685E-01
7.19124E-03 1.02966E-02 2.67342E-02 2.89678E-02 3.67844E-02 2.32350E-01 4.55900E-01 2.68628E-02 1.02966E-02 7.19124E-03 2.29867E-01
0.00000E+00 0.00000E+00 3.17252E-02 4.98082E-02 7.53737E-02 4.51027E-01 7.85946E-01 3.21623E-02 0.00000E+00 0.00000E+00 7.78500E-01
0.00000E+00 0.00000E+00 3.19759E-02 4.71340E-02 6.99904E-02 4.31696E-01 7.63872E-01 3.23448E-02 0.00000E+00 0.00000E+00 7.35938E-01
0.00000E+00 1.07039E-03 3.19550E-02 4.48975E-02 6.56514E-02 4.15163E-01 7.43924E-01 3.22741E-02 1.07039E-03 0.00000E+00 6.88729E-01
0.00000E+00 2.27805E-03 3.17597E-02 4.29328E-02 6.19716E-02 4.00524E-01 7.25527E-01 3.20401E-02 2.27805E-03 0.00000E+00 6.43082E-01
0.00000E+00 3.18572E-03 3.14494E-02 4.11647E-02 5.87632E-02 3.87327E-01 7.08405E-01 3.16986E-02 3.18572E-03 0.00000E+00 6.01375E-01
0.00000E+00 3.87934E-03 3.10704E-02 3.95635E-02 5.59324E-02 3.75335E-01 6.92432E-01 3.12940E-02 3.87934E-03 0.00000E+00 5.63663E-01
0.00000E+00 4.41589E-03 3.06514E-02 3.81051E-02 5.34103E-02 3.64366E-01 6.77493E-01 3.08537E-02 4.41589E-03 0.00000E+00 5.29695E-01
0.00000E+00 4.83455E-03 3.02107E-02 3.67697E-02 5.11444E-02 3.54274E-01 6.63480E-01 3.03949E-02 4.83455E-03 0.00000E+00 4.99113E-01
2.28921E-04 5.16416E-03 2.97655E-02 3.55508E-02 4.91081E-02 3.44996E-01 6.50375E-01 2.99342E-02 5.16416E-03 2.28921E-04 4.70859E-01
7.47623E-04 5.42477E-03 2.93214E-02 3.44309E-02 4.72632E-02 3.36413E-01 6.38066E-01 2.94769E-02 5.42477E-03 7.47623E-04 4.44359E-01
1.18425E-03 5.62915E-03 2.88745E-02 3.33829E-02 4.55607E-02 3.28356E-01 6.26355E-01 2.90182E-02 5.62915E-03 1.18425E-03 4.20404E-01
1.55382E-03 5.78856E-03 2.84293E-02 3.24002E-02 4.39843E-02 3.20772E-01 6.15196E-01 2.85628E-02 5.78856E-03 1.55382E-03 3.98681E-01
1.86811E-03 5.91170E-03 2.79892E-02 3.14770E-02 4.25198E-02 3.13618E-01 6.04549E-01 2.81134E-02 5.91170E-03 1.86811E-03 3.78921E-01
2.13645E-03 6.00539E-03 2.75563E-02 3.06081E-02 4.11554E-02 3.06853E-01 5.94378E-01 2.76722E-02 6.00539E-03 2.13645E-03 3.60893E-01
2.36631E-03 6.07502E-03 2.71321E-02 2.97887E-02 3.98807E-02 3.00444E-01 5.84647E-01 2.72406E-02 6.07502E-03 2.36631E-03 3.44394E-01
2.56374E-03 6.12489E-03 2.67175E-02 2.90148E-02 3.86869E-02 2.94360E-01 5.75326E-01 2.68193E-02 6.12489E-03 2.56374E-03 3.29252E-01
2.73365E-03 6.15846E-03 2.63132E-02 2.82826E-02 3.75663E-02 2.88575E-01 5.66387E-01 2.64088E-02 6.15846E-03 2.73365E-03 3.15317E-01
2.88011E-03 6.17854E-03 2.59194E-02 2.75888E-02 3.65121E-02 2.83065E-01 5.57805E-01 2.60095E-02 6.17854E-03 2.88011E-03 3.02459E-01
3.00648E-03 6.18741E-03 2.55363E-02 2.69303E-02 3.55184E-02 2.77809E-01 5.49557E-01 2.56214E-02 6.18741E-03 3.00648E-03 2.90564E-01
3.11554E-03 6.18696E-03 2.51639E-02 2.63046E-02 3.45799E-02 2.72788E-01 5.41622E-01 2.52443E-02 6.18696E-03 3.11554E-03 2.79534E-01
3.20964E-03 6.17873E-03 2.48020E-02 2.57091E-02 3.36920E-02 2.67984E-01 5.33979E-01 2.48781E-02 6.17873E-03 3.20964E-03 2.69282E-01
3.29077E-03 6.16402E-03 2.44505E-02 2.51417E-02 3.28507E-02 2.63384E-01 5.26612E-01 2.45227E-02 6.16402E-03 3.29077E-03 2.59733E-01
3.36060E-03 6.14389E-03 2.41091E-02 2.46003E-02 3.20522E-02 2.58972E-01 5.19505E-01 2.41776E-02 6.14389E-03 3.36060E-03 2.50819E-01
3.42056E-03 6.11925E-03 2.37775E-02 2.40833E-02 3.12933E-02 2.54736E-01 5.12641E-01 2.38427E-02 6.11925E-03 3.42056E-03 2.42483E-01
3.47187E-03 6.09085E-03 2.34555E-02 2.35889E-02 3.05710E-02 2.50666E-01 5.06008E-01 2.35175E-02 6.09085E-03 3.47187E-03 2.34672E-01
3.51558E-03 6.05932E-03 2.31427E-02 2.31156E-02 2.98826E-02 2.46750E-01 4.99593E-01 2.32018E-02 6.05932E-03 3.51558E-03 2.27339E-01
3.55261E-03 6.02521E-03 2.28389E-02 2.26621E-02 2.92258E-02 2.42980E-01 4.93384E-01 2.28953E-02 6.02521E-03 3.55261E-03 2.20444E-01
3.58373E-03 5.98897E-03 2.25437E-02 2.22271E-02 2.85983E-02 2.39345E-01 4.87370E-01 2.25975E-02 5.98897E-03 3.58373E-03 2.13950E-01
3.60963E-03 5.95098E-03 2.22567E-02 2.18096E-02 2.79982E-02 2.35840E-01 4.81541E-01 2.23082E-02 5.95098E-03 3.60963E-03 2.07824E-01
3.63091E-03 5.91159E-03 2.19778E-02 2.14084E-02 2.74236E-02 2.32455E-01 4.75888E-01 2.20270E-02 5.91159E-03 3.63091E-03 2.02036E-01
3.64807E-03 5.87107E-03 2.17065E-02 2.10225E-02 2.68731E-02 2.29185E-01 4.70402E-01 2.17536E-02 5.87107E-03 3.64807E-03 1.96560E-01
3.66159E-03 5.82965E-03 2.14426E-02 2.06511E-02 2.63449E-02 2.26024E-01 4.65075E-01 2.14878E-02 5.82965E-03 3.66159E-03 1.91372E-01
3.67185E-03 5.78756E-03 2.11859E-02 2.02934E-02 2.58378E-02 2.22964E-01 4.59899E-01 2.12292E-02 5.78756E-03 3.67185E-03 1.86450E-01
3.67922E-03 5.74496E-03 2.09360E-02 1.99486E-02 2.53505E-02 2.20002E-01 4.54868E-01 2.09776E-02 5.74496E-03 3.67922E-03 1.81776E-01
3.68400E-03 5.70201E-03 2.06928E-02 1.96160E-02 2.48818E-02 2.17132E-01 4.49974E-01 2.07327E-02 5.70201E-03 3.68400E-03 1.77331E-01
3.68647E-03 5.65883E-03 2.04558E-02 1.92949E-02 2.44307E-02 2.14349E-01 4.45211E-01 2.04942E-02 5.65883E-03 3.68647E-03 1.73099E-01
3.68688E-03 5.61554E-03 2.02250E-02 1.89847E-02 2.39961E-02 2.11650E-01 4.40575E-01 2.02619E-02 5.61554E-03 3.68688E-03 1.69065E-01
3.68545E-03 5.57223E-03 2.00000E-02 1.86850E-02 2.35772E-02 2.09030E-01 4.36058E-01 2.00355E-02 5.57223E-03 3.68545E-03 1.65217E-01
3.68236E-03 5.52899E-03 1.97807E-02 1.83950E-02 2.31731E-02 2.06485E-01 4.31657E-01 1.98149E-02 5.52899E-03 3.68236E-03 1.61541E-01
3.67780E-03 5.48588E-03 1.95669E-02 1.81144E-02 2.27829E-02 2.04013E-01 4.27365E-01 1.95998E-02 5.48588E-03 3.67780E-03 1.58027E-01
3.67191E-03 5.44297E-03 1.93582E-02 1.78427E-02 2.24061E-02 2.01609E-01 4.23180E-01 1.93900E-02 5.44297E-03 3.67191E-03 1.54664E-01
3.66484E-03 5.40030E-03 1.91547E-02 1.75795E-02 2.20419E-02 1.99271E-01 4.19096E-01 1.91853E-02 5.40030E-03 3.66484E-03 1.51444E-01
3.65671E-03 5.35793E-03 1.89560E-02 1.73243E-02 2.16896E-02 1.96996E-01 4.15110E-01 1.89855E-02 5.35793E-03 3.65671E-03 1.48357E-01
3.64764E-03 5.31587E-03 1.87619E-02 1.70768E-02 2.13487E-02 1.94780E-01 4.11217E-01 1.87905E-02 5.31587E-03 3.64764E-03 1.45394E-01
3.63771E-03 5.27418E-03 1.85725E-02 1.68366E-02 2.10186E-02 1.92623E-01 4.07414E-01 1.86000E-02 5.27418E-03 3.63771E-03 1.42550E-01
3.62704E-03 5.23287E-03 1.83873E-02 1.66035E-02 2.06987E-02 1.90520E-01 4.03698E-01 1.84139E-02 5.23287E-03 3.62704E-03 1.39817E-01
3.61568E-03 5.19196E-03 1.82064E-02 1.63771E-02 2.03888E-02 1.88471E-01 4.00065E-01 1.82321E-02 5.19196E-03 3.61568E-03 1.37189E-01
3.60373E-03 5.15148E-03 1.80296E-02 1.61570E-02 2.00881E-02 1.86472E-01 3.96512E-01 1.80545E-02 5.15148E-03 3.60373E-03 1.34659E-01
3.59125E-03 5.11143E-03 1.78567E-02 1.59431E-02 1.97964E-02 1.84522E-01 3.93037E-01 1.78807E-02 5.11143E-03 3.59125E-03 1.32223E-01
3.57828E-03 5.07183E-03 1.76875E-02 1.57350E-02 1.95133E-02 1.82619E-01 3.89637E-01 1.77108E-02 5.07183E-03 3.57828E-03 1.29876E-01
0.00000E+00 0.00000E+00 2.72427E-02 3.10630E-02 4.47035E-02 4.17431E-01 7.90921E-01 2.73060E-02 0.00000E+00 0.00000E+00 5.82654E-01
0.00000E+00 0.00000E+00 2.64375E-02 2.86151E-02 4.03476E-02 3.92308E-01 7.55565E-01 2.64845E-02 0.00000E+00 0.00000E+00 5.20483E-01
0.00000E+00 5.04038E-04 2.56838E-02 2.66742E-02 3.69826E-02 3.71580E-01 7.25383E-01 2.57196E-02 5.04038E-04 0.00000E+00 4.66904E-01
0.00000E+00 1.06488E-03 2.49619E-02 2.50454E-02 3.42299E-02 3.53763E-01 6.98732E-01 2.49895E-02 1.06488E-03 0.00000E+00 4.21484E-01
0.00000E+00 1.47913E-03 2.42681E-02 2.36357E-02 3.19035E-02 3.38097E-01 6.74776E-01 2.42893E-02 1.47913E-03 0.00000E+00 3.83275E-01
0.00000E+00 1.78992E-03 2.36076E-02 2.23998E-02 2.99054E-02 3.24165E-01 6.53062E-01 2.36240E-02 1.78992E-03 0.00000E+00 3.50872E-01
0.00000E+00 2.02569E-03 2.29819E-02 2.13049E-02 2.81667E-02 3.11660E-01 6.33244E-01 2.29944E-02 2.02569E-03 0.00000E+00 3.23159E-01
0.00000E+00 2.20580E-03 2.23905E-02 2.03261E-02 2.66371E-02 3.00346E-01 6.15045E-01 2.23998E-02 2.20580E-03 0.00000E+00 2.99256E-01
1.06537E-04 2.34412E-03 2.18358E-02 1.94504E-02 2.52873E-02 2.90098E-01 5.98338E-01 2.18426E-02 2.34412E-03 1.06537E-04 2.78122E-01
3.46354E-04 2.45032E-03 2.13141E-02 1.86600E-02 2.40845E-02 2.80745E-01 5.82904E-01 2.13188E-02 2.45032E-03 3.46354E-04 2.59092E-01
5.46306E-04 2.53105E-03 2.08164E-02 1.79336E-02 2.29924E-02 2.72075E-01 5.68440E-01 2.08194E-02 2.53105E-03 5.46306E-04 2.42315E-01
7.13954E-04 2.59165E-03 2.03420E-02 1.72635E-02 2.19960E-02 2.64010E-01 5.54847E-01 2.03435E-02 2.59165E-03 7.13954E-04 2.27439E-01
8.55173E-04 2.63623E-03 1.98897E-02 1.66433E-02 2.10831E-02 2.56484E-01 5.42040E-01 1.98900E-02 2.63623E-03 8.55173E-04 2.14175E-01
9.74586E-04 2.66797E-03 1.94583E-02 1.60674E-02 2.02434E-02 2.49439E-01 5.29946E-01 1.94575E-02 2.66797E-03 9.74586E-04 2.02288E-01
1.07587E-03 2.68937E-03 1.90466E-02 1.55312E-02 1.94683E-02 2.42827E-01 5.18500E-01 1.90449E-02 2.68937E-03 1.07587E-03 1.91585E-01
1.16197E-03 2.70238E-03 1.86535E-02 1.50307E-02 1.87504E-02 2.36606E-01 5.07647E-01 1.86511E-02 2.70238E-03 1.16197E-03 1.81905E-01
1.23530E-03 2.70858E-03 1.82779E-02 1.45622E-02 1.80837E-02 2.30741E-01 4.97337E-01 1.82747E-02 2.70858E-03 1.23530E-03 1.73115E-01
1.29779E-03 2.70922E-03 1.79186E-02 1.41228E-02 1.74626E-02 2.25198E-01 4.87526E-01 1.79149E-02 2.70922E-03 1.29779E-03 1.65103E-01
1.35107E-03 2.70532E-03 1.75748E-02 1.37097E-02 1.68827E-02 2.19951E-01 4.78175E-01 1.75705E-02 2.70532E-03 1.35107E-03 1.57773E-01
1.39646E-03 2.69770E-03 1.72453E-02 1.33207E-02 1.63398E-02 2.14973E-01 4.69249E-01 1.72406E-02 2.69770E-03 1.39646E-03 1.51045E-01
1.43507E-03 2.68705E-03 1.69294E-02 1.29536E-02 1.58306E-02 2.10245E-01 4.60717E-01 1.69244E-02 2.68705E-03 1.43507E-03 1.44850E-01
1.46785E-03 2.67392E-03 1.66263E-02 1.26065E-02 1.53519E-02 2.05745E-01 4.52551E-01 1.66209E-02 2.67392E-03 1.46785E-03 1.39130E-01
1.49557E-03 2.65877E-03 1.63351E-02 1.22780E-02 1.49011E-02 2.01457E-01 4.44725E-01 1.63294E-02 2.65877E-03 1.49557E-03 1.33833E-01
1.51890E-03 2.64196E-03 1.60552E-02 1.19664E-02 1.44758E-02 1.97365E-01 4.37218E-01 1.60493E-02 2.64196E-03 1.51890E-03 1.28915E-01
1.53842E-03 2.62384E-03 1.57860E-02 1.16705E-02 1.40738E-02 1.93454E-01 4.30007E-01 1.57798E-02 2.62384E-03 1.53842E-03 1.24339E-01
1.55460E-03 2.60464E-03 1.55268E-02 1.13891E-02 1.36932E-02 1.89714E-01 4.23074E-01 1.55204E-02 2.60464E-03 1.55460E-03 1.20070E-01
1.56786E-03 2.58460E-03 1.52770E-02 1.11212E-02 1.33325E-02 1.86130E-01 4.16403E-01 1.52705E-02 2.58460E-03 1.56786E-03 1.16079E-01
1.57856E-03 2.56391E-03 1.50361E-02 1.08657E-02 1.29900E-02 1.82695E-01 4.09976E-01 1.50295E-02 2.56391E-03 1.57856E-03 1.12341E-01
1.58702E-03 2.54270E-03 1.48037E-02 1.06219E-02 1.26644E-02 1.79397E-01 4.03780E-01 1.47970E-02 2.54270E-03 1.58702E-03 1.08833E-01
1.59350E-03 2.52112E-03 1.45794E-02 1.03889E-02 1.23545E-02 1.76228E-01 3.97801E-01 1.45725E-02 2.52112E-03 1.59350E-03 1.05534E-01
1.59823E-03 2.49928E-03 1.43625E-02 1.01660E-02 1.20591E-02 1.73181E-01 3.92027E-01 1.43556E-02 2.49928E-03 1.59823E-03 1.02427E-01
1.60143E-03 2.47727E-03 1.41529E-02 9.95256E-03 1.17773E-02 1.70248E-01 3.86447E-01 1.41459E-02 2.47727E-03 1.60143E-03 9.94964E-02
1.60326E-03 2.45516E-03 1.39501E-02 9.74799E-03 1.15081E-02 1.67422E-01 3.81050E-01 1.39430E-02 2.45516E-03 1.60326E-03 9.67267E-02
1.60389E-03 2.43302E-03 1.37537E-02 9.55173E-03 1.12507E-02 1.64697E-01 3.75827E-01 1.37466E-02 2.43302E-03 1.60389E-03 9.41058E-02
1.60346E-03 2.41091E-03 1.35636E-02 9.36327E-03 1.10044E-02 1.62068E-01 3.70768E-01 1.35564E-02 2.41091E-03 1.60346E-03 9.16220E-02
1.60208E-03 2.38888E-03 1.33792E-02 9.18216E-03 1.07684E-02 1.59530E-01 3.65866E-01 1.33721E-02 2.38888E-03 1.60208E-03 8.92651E-02
1.59987E-03 2.36695E-03 1.32005E-02 9.00796E-03 1.05421E-02 1.57076E-01 3.61113E-01 1.31933E-02 2.36695E-03 1.59987E-03 8.70257E-02
1.59692E-03 2.34517E-03 1.30271E-02 8.84029E-03 1.03249E-02 1.54704E-01 3.56501E-01 1.30199E-02 2.34517E-03 1.59692E-03 8.48953E-02
1.59331E-03 2.32357E-03 1.28587E-02 8.67877E-03 1.01163E-02 1.52409E-01 3.52024E-01 1.28515E-02 2.32357E-03 1.59331E-03 8.28662E-02
1.58913E-03 2.30216E-03 1.26952E-02 8.52307E-03 9.91574E-03 1.50187E-01 3.47675E-01 1.26880E-02 2.30216E-03 1.58913E-03 8.09314E-02
1.58443E-03 2.28097E-03 1.25364E-02 8.37288E-03 9.72282E-03 1.48033E-01 3.43449E-01 1.25292E-02 2.28097E-03 1.58443E-03 7.90846E-02
1.57927E-03 2.26000E-03 1.23819E-02 8.22791E-03 9.53708E-03 1.45946E-01 3.39339E-01 1.23747E-02 2.26000E-03 1.57927E-03 7.73199E-02
1.57372E-03 2.23928E-03 1.22317E-02 8.08788E-03 9.35813E-03 1.43922E-01 3.35342E-01 1.22245E-02 2.23928E-03 1.57372E-03 7.56321E-02
1.56781E-03 2.21881E-03 1.20856E-02 7.95254E-03 9.18561E-03 1.41958E-01 3.31452E-01 1.20784E-02 2.21881E-03 1.56781E-03 7.40162E-02
1.56160E-03 2.19860E-03 1.19433E-02 7.82167E-03 9.01918E-03 1.40051E-01 3.27664E-01 1.19362E-02 2.19860E-03 1.56160E-03 7.24679E-02
1.55511E-03 2.17865E-03 1.18048E-02 7.69503E-03 8.85851E-03 1.38198E-01 3.23974E-01 1.17976E-02 2.17865E-03 1.55511E-03 7.09828E-02
1.54838E-03 2.15898E-03 1.16698E-02 7.57243E-03 8.70332E-03 1.36397E-01 3.20378E-01 1.16627E-02 2.15898E-03 1.54838E-03 6.95574E-02
1.54144E-03 2.13958E-03 1.15383E-02 7.45367E-03 8.55334E-03 1.34647E-01 3.16872E-01 1.15312E-02 2.13958E-03 1.54144E-03 6.81881E-02
1.53432E-03 2.12045E-03 1.14100E-02 7.33858E-03 8.40829E-03 1.32944E-01 3.13453E-01 1.14030E-02 2.12045E-03 1.53432E-03 6.68715E-02
1.52705E-03 2.10160E-03 1.12849E-02 7.22698E-03 8.26795E-03 1.31286E-01 3.10117E-01 1.12779E-02 2.10160E-03 1.52705E-03 6.56049E-02
0.00000E+00 0.00000E+00 2.23057E-02 1.59692E-02 1.93584E-02 3.54871E-01 7.46612E-01 2.22696E-02 0.00000E+00 0.00000E+00 3.46250E-01
0.00000E+00 0.00000E+00 2.09325E-02 1.42259E-02 1.69099E-02 3.26312E-01 6.99208E-01 2.08993E-02 0.00000E+00 0.00000E+00 2.92411E-01
0.00000E+00 1.66725E-04 1.98215E-02 1.29148E-02 1.51024E-02 3.03478E-01 6.60247E-01 1.97907E-02 1.66725E-04 0.00000E+00 2.51873E-01
0.00000E+00 3.55393E-04 1.88714E-02 1.18622E-02 1.36779E-02 2.84363E-01 6.26885E-01 1.88428E-02 3.55393E-04 0.00000E+00 2.20411E-01
0.00000E+00 4.96640E-04 1.80355E-02 1.09848E-02 1.25112E-02 2.67936E-01 5.97659E-01 1.80087E-02 4.96640E-04 0.00000E+00 1.95543E-01
0.00000E+00 6.03525E-04 1.72911E-02 1.02396E-02 1.15359E-02 2.53618E-01 5.71753E-01 1.72660E-02 6.03525E-04 0.00000E+00 1.75481E-01
0.00000E+00 6.85038E-04 1.66220E-02 9.59707E-03 1.07070E-02 2.40994E-01 5.48567E-01 1.65982E-02 6.85038E-04 0.00000E+00 1.59011E-01
0.00000E+00 7.47503E-04 1.60157E-02 9.03620E-03 9.99279E-03 2.29756E-01 5.27645E-01 1.59932E-02 7.47503E-04 0.00000E+00 1.45280E-01
3.89179E-05 7.95252E-04 1.54657E-02 8.54430E-03 9.37387E-03 2.19724E-01 5.08736E-01 1.54444E-02 7.95252E-04 3.89179E-05 1.33533E-01
1.26466E-04 8.31542E-04 1.49631E-02 8.10820E-03 8.83119E-03 2.10692E-01 4.91517E-01 1.49428E-02 8.31542E-04 1.26466E-04 1.23268E-01
1.99358E-04 8.59111E-04 1.44965E-02 7.71443E-03 8.34617E-03 2.02424E-01 4.75591E-01 1.44772E-02 8.59111E-04 1.99358E-04 1.14395E-01
2.60355E-04 8.79767E-04 1.40620E-02 7.35701E-03 7.91005E-03 1.94823E-01 4.60805E-01 1.40436E-02 8.79767E-04 2.60355E-04 1.06658E-01
3.11611E-04 8.94901E-04 1.36562E-02 7.03101E-03 7.51577E-03 1.87806E-01 4.47032E-01 1.36386E-02 8.94901E-04 3.11611E-04 9.98597E-02
3.54823E-04 9.05598E-04 1.32761E-02 6.73240E-03 7.15758E-03 1.81307E-01 4.34163E-01 1.32592E-02 9.05598E-04 3.54823E-04 9.38443E-02
3.91347E-04 9.12710E-04 1.29191E-02 6.45782E-03 6.83075E-03 1.75266E-01 4.22106E-01 1.29029E-02 9.12710E-04 3.91347E-04 8.84874E-02
4.22271E-04 9.16912E-04 1.25832E-02 6.20444E-03 6.53133E-03 1.69634E-01 4.10779E-01 1.25677E-02 9.16912E-04 4.22271E-04 8.36892E-02
4.48480E-04 9.18746E-04 1.22664E-02 5.96986E-03 6.25601E-03 1.64371E-01 4.00115E-01 1.22514E-02 9.18746E-04 4.48480E-04 7.93684E-02
4.70697E-04 9.18645E-04 1.19670E-02 5.75204E-03 6.00201E-03 1.59438E-01 3.90052E-01 1.19526E-02 9.18645E-04 4.70697E-04 7.54586E-02
4.89518E-04 9.16964E-04 1.16835E-02 5.54923E-03 5.76696E-03 1.54806E-01 3.80538E-01 1.16696E-02 9.16964E-04 4.89518E-04 7.19047E-02
5.05437E-04 9.13989E-04 1.14146E-02 5.35991E-03 5.54882E-03 1.50445E-01 3.71525E-01 1.14012E-02 9.13989E-04 5.05437E-04 6.86610E-02
5.18865E-04 9.09955E-04 1.11592E-02 5.18277E-03 5.34584E-03 1.46332E-01 3.62973E-01 1.11462E-02 9.09955E-04 5.18865E-04 6.56891E-02
5.30150E-04 9.05056E-04 1.09162E-02 5.01666E-03 5.15650E-03 1.42445E-01 3.54845E-01 1.09036E-02 9.05056E-04 5.30150E-04 6.29566E-02
5.39582E-04 8.99453E-04 1.06846E-02 4.86058E-03 4.97947E-03 1.38767E-01 3.47108E-01 1.06724E-02 8.99453E-04 5.39582E-04 6.04360E-02
5.47408E-04 8.93277E-04 1.04637E-02 4.71364E-03 4.81362E-03 1.35278E-01 3.39733E-01 1.04519E-02 8.93277E-04 5.47408E-04 5.81038E-02
5.53840E-04 8.86641E-04 1.02526E-02 4.57506E-03 4.65790E-03 1.31966E-01 3.32693E-01 1.02412E-02 8.86641E-04 5.53840E-04 5.59398E-02
5.59056E-04 8.79637E-04 1.00507E-02 4.44413E-03 4.51145E-03 1.28816E-01 3.25965E-01 1.00396E-02 8.79637E-04 5.59056E-04 5.39266E-02
5.63213E-04 8.72341E-04 9.85741E-03 4.32025E-03 4.37345E-03 1.25817E-01 3.19527E-01 9.84664E-03 8.72341E-04 5.63213E-04 5.20491E-02
5.66442E-04 8.64819E-04 9.67211E-03 4.20285E-03 4.24320E-03 1.22957E-01 3.13360E-01 9.66164E-03 8.64819E-04 5.66442E-04 5.02941E-02
5.68858E-04 8.57126E-04 9.49429E-03 4.09144E-03 4.12008E-03 1.20227E-01 3.07446E-01 9.48411E-03 8.57126E-04 5.68858E-04 4.86501E-02
5.70563E-04 8.49307E-04 9.32350E-03 3.98557E-03 4.00353E-03 1.17617E-01 3.01769E-01 9.31359E-03 8.49307E-04 5.70563E-04 4.71069E-02
5.71641E-04 8.41402E-04 9.15930E-03 3.88484E-03 3.89302E-03 1.15120E-01 2.96314E-01 9.14965E-03 8.41402E-04 5.71641E-04 4.56556E-02
5.72169E-04 8.33443E-04 9.00130E-03 3.78888E-03 3.78813E-03 1.12729E-01 2.91068E-01 8.99190E-03 8.33443E-04 5.72169E-04 4.42883E-02
5.72213E-04 8.25457E-04 8.84913E-03 3.69737E-03 3.68842E-03 1.10436E-01 2.86018E-01 8.83997E-03 8.25457E-04 5.72213E-04 4.29979E-02
5.71832E-04 8.17469E-04 8.70247E-03 3.60999E-03 3.59353E-03 1.08236E-01 2.81153E-01 8.69354E-03 8.17469E-04 5.71832E-04 4.17782E-02
5.71075E-04 8.09497E-04 8.56100E-03 3.52649E-03 3.50313E-03 1.06123E-01 2.76463E-01 8.55228E-03 8.09497E-04 5.71075E-04 4.06236E-02
5.69988E-04 8.01558E-04 8.42444E-03 3.44660E-03 3.41691E-03 1.04091E-01 2.71937E-01 8.41593E-03 8.01558E-04 5.69988E-04 3.95290E-02
5.68611E-04 7.93666E-04 8.29253E-03 3.37009E-03 3.33458E-03 1.02136E-01 2.67567E-01 8.28422E-03 7.93666E-04 5.68611E-04 3.84899E-02
5.66978E-04 7.85832E-04 8.16502E-03 3.29677E-03 3.25590E-03 1.00254E-01 2.63344E-01 8.15689E-03 7.85832E-04 5.66978E-04 3.75023E-02
5.65121E-04 7.78067E-04 8.04168E-03 3.22643E-03 3.18064E-03 9.84402E-02 2.59261E-01 8.03374E-03 7.78067E-04 5.65121E-04 3.65624E-02
5.63066E-04 7.70378E-04 7.92231E-03 3.15890E-03 3.10856E-03 9.66912E-02 2.55311E-01 7.91454E-03 7.70378E-04 5.63066E-04 3.56669E-02
5.60839E-04 7.62771E-04 7.80670E-03 3.09401E-03 3.03949E-03 9.50034E-02 2.51487E-01 7.79911E-03 7.62771E-04 5.60839E-04 3.48127E-02
5.58460E-04 7.55253E-04 7.69468E-03 3.03161E-03 2.97324E-03 9.33736E-02 2.47783E-01 7.68724E-03 7.55253E-04 5.58460E-04 3.39971E-02
5.55950E-04 7.47827E-04 7.58607E-03 2.97156E-03 2.90965E-03 9.17989E-02 2.44192E-01 7.57879E-03 7.47827E-04 5.55950E-04 3.32175E-02
5.53325E-04 7.40497E-04 7.48071E-03 2.91374E-03 2.84855E-03 9.02763E-02 2.40710E-01 7.47358E-03 7.40497E-04 5.53325E-04 3.24717E-02
5.50602E-04 7.33265E-04 7.37845E-03 2.85802E-03 2.78982E-03 8.88034E-02 2.37332E-01 7.37147E-03 7.33265E-04 5.50602E-04 3.17575E-02
5.47792E-04 7.26134E-04 7.27915E-03 2.80429E-03 2.73331E-03 8.73776E-02 2.34052E-01 7.27231E-03 7.26134E-04 5.47792E-04 3.10730E-02
5.44910E-04 7.19105E-04 7.18268E-03 2.75244E-03 2.67890E-03 8.59968E-02 2.30866E-01 7.17597E-03 7.19105E-04 5.44910E-04 3.04163E-02
5.41965E-04 7.12178E-04 7.08891E-03 2.70239E-03 2.62649E-03 8.46587E-02 2.27771E-01 7.08233E-03 7.12178E-04 5.41965E-04 2.97859E-02
5.38967E-04 7.05355E-04 6.99773E-03 2.65404E-03 2.57596E-03 8.33613E-02 2.24762E-01 6.99128E-03 7.05355E-04 5.38967E-04 2.91802E-02
5.35926E-04 6.98636E-04 6.90903E-03 2.60730E-03 2.52722E-03 8.21029E-02 2.21835E-01 6.90270E-03 6.98636E-04 5.35926E-04 2.85978E-02
0.00000E+00 0.00000E+00 1.69492E-02 5.93653E-03 5.04067E-03 2.57963E-01 6.32301E-01 1.69268E-02 0.00000E+00 0.00000E+00 1.32669E-01
0.00000E+00 0.00000E+00 1.55078E-02 5.07802E-03 4.23312E-03 2.30909E-01 5.78345E-01 1.54887E-02 0.00000E+00 0.00000E+00 1.08304E-01
0.00000E+00 3.05546E-05 1.43859E-02 4.46452E-03 3.66937E-03 2.09960E-01 5.35415E-01 1.43693E-02 3.05546E-05 0.00000E+00 9.15104E-02
0.00000E+00 6.97928E-05 1.34613E-02 3.99301E-03 3.24450E-03 1.92894E-01 4.99643E-01 1.34466E-02 6.97928E-05 0.00000E+00 7.92143E-02
0.00000E+00 1.02392E-04 1.26743E-02 3.61454E-03 2.90915E-03 1.78573E-01 4.69032E-01 1.26611E-02 1.02392E-04 0.00000E+00 6.98617E-02
0.00000E+00 1.28994E-04 1.19929E-02 3.30328E-03 2.63738E-03 1.66354E-01 4.42458E-01 1.19809E-02 1.28994E-04 0.00000E+00 6.25210E-02
0.00000E+00 1.50532E-04 1.13949E-02 3.04232E-03 2.41246E-03 1.55785E-01 4.19113E-01 1.13840E-02 1.50532E-04 0.00000E+00 5.66085E-02
0.00000E+00 1.67901E-04 1.08643E-02 2.82008E-03 2.22311E-03 1.46541E-01 3.98402E-01 1.08543E-02 1.67901E-04 0.00000E+00 5.17428E-02
1.03879E-05 1.81615E-04 1.03917E-02 2.62921E-03 2.06214E-03 1.38420E-01 3.79971E-01 1.03825E-02 1.81615E-04 1.03879E-05 4.76227E-02
3.39925E-05 1.92304E-04 9.96671E-03 2.46311E-03 1.92330E-03 1.31216E-01 3.63425E-01 9.95812E-03 1.92304E-04 3.39925E-05 4.40510E-02
5.38912E-05 2.00882E-04 9.57823E-03 2.31590E-03 1.80127E-03 1.24713E-01 3.48322E-01 9.57021E-03 2.00882E-04 5.38912E-05 4.09689E-02
7.07086E-05 2.07705E-04 9.22144E-03 2.18451E-03 1.69317E-03 1.18810E-01 3.34472E-01 9.21394E-03 2.07705E-04 7.07086E-05 3.82813E-02
8.49511E-05 2.13067E-04 8.89236E-03 2.06651E-03 1.59677E-03 1.13428E-01 3.21720E-01 8.88532E-03 2.13067E-04 8.49511E-05 3.59157E-02
9.70311E-05 2.17210E-04 8.58768E-03 1.95996E-03 1.51026E-03 1.08500E-01 3.09935E-01 8.58105E-03 2.17210E-04 9.70311E-05 3.38168E-02
1.07286E-04 2.20336E-04 8.30462E-03 1.86326E-03 1.43221E-03 1.03969E-01 2.99007E-01 8.29836E-03 2.20336E-04 1.07286E-04 3.19409E-02
1.15995E-04 2.22609E-04 8.04083E-03 1.77511E-03 1.36145E-03 9.97891E-02 2.88842E-01 8.03491E-03 2.22609E-04 1.15995E-04 3.02538E-02
1.23388E-04 2.24168E-04 7.79430E-03 1.69443E-03 1.29700E-03 9.59208E-02 2.79360E-01 7.78868E-03 2.24168E-04 1.23388E-04 2.87278E-02
1.29655E-04 2.25126E-04 7.56329E-03 1.62031E-03 1.23806E-03 9.23301E-02 2.70492E-01 7.55795E-03 2.25126E-04 1.29655E-04 2.73404E-02
1.34959E-04 2.25580E-04 7.34631E-03 1.55199E-03 1.18397E-03 8.89880E-02 2.62179E-01 7.34123E-03 2.25580E-04 1.34959E-04 2.60735E-02
1.39434E-04 2.25610E-04 7.14207E-03 1.48881E-03 1.13414E-03 8.58693E-02 2.54369E-01 7.13722E-03 2.25610E-04 1.39434E-04 2.49116E-02
1.43193E-04 2.25282E-04 6.94941E-03 1.43022E-03 1.08811E-03 8.29523E-02 2.47015E-01 6.94478E-03 2.25282E-04 1.43193E-04 2.38422E-02
1.46333E-04 2.24654E-04 6.76733E-03 1.37574E-03 1.04545E-03 8.02179E-02 2.40078E-01 6.76291E-03 2.24654E-04 1.46333E-04 2.28546E-02
1.48937E-04 2.23774E-04 6.59495E-03 1.32497E-03 1.00582E-03 7.76496E-02 2.33523E-01 6.59071E-03 2.23774E-04 1.48937E-04 2.19397E-02
1.51075E-04 2.22683E-04 6.43148E-03 1.27753E-03 9.68908E-04 7.52325E-02 2.27318E-01 6.42742E-03 2.22683E-04 1.51075E-04 2.10897E-02
1.52807E-04 2.21415E-04 6.27622E-03 1.23311E-03 9.34443E-04 7.29537E-02 2.21434E-01 6.27232E-03 2.21415E-04 1.52807E-04 2.02981E-02
1.54186E-04 2.20000E-04 6.12854E-03 1.19144E-03 9.02196E-04 7.08017E-02 2.15848E-01 6.12479E-03 2.20000E-04 1.54186E-04 1.95589E-02
1.55256E-04 2.18464E-04 5.98788E-03 1.15228E-03 8.71962E-04 6.87662E-02 2.10536E-01 5.98426E-03 2.18464E-04 1.55256E-04 1.88673E-02
1.56055E-04 2.16827E-04 5.85372E-03 1.11541E-03 8.43561E-04 6.68379E-02 2.05478E-01 5.85024E-03 2.16827E-04 1.56055E-04 1.82189E-02
1.56619E-04 2.15109E-04 5.72562E-03 1.08063E-03 8.16834E-04 6.50087E-02 2.00657E-01 5.72227E-03 2.15109E-04 1.56619E-04 1.76097E-02
1.56976E-04 2.13324E-04 5.60316E-03 1.04778E-03 7.91640E-04 6.32712E-02 1.96055E-01 5.59992E-03 2.13324E-04 1.56976E-04 1.70365E-02
1.57152E-04 2.11488E-04 5.48596E-03 1.01670E-03 7.67853E-04 6.16185E-02 1.91657E-01 5.48283E-03 2.11488E-04 1.57152E-04 1.64962E-02
1.57170E-04 2.09612E-04 5.37368E-03 9.87259E-04 7.45361E-04 6.00448E-02 1.87451E-01 5.37065E-03 2.09612E-04 1.57170E-04 1.59861E-02
1.57049E-04 2.07706E-04 5.26601E-03 9.59333E-04 7.24063E-04 5.85445E-02 1.83423E-01 5.26308E-03 2.07706E-04 1.57049E-04 1.55038E-02
1.56806E-04 2.05778E-04 5.16265E-03 9.32809E-04 7.03868E-04 5.71126E-02 1.79562E-01 5.15981E-03 2.05778E-04 1.56806E-04 1.50472E-02
1.56457E-04 2.03836E-04 5.06335E-03 9.07589E-04 6.84695E-04 5.57446E-02 1.75859E-01 5.06060E-03 2.03836E-04 1.56457E-04 1.46144E-02
1.56015E-04 2.01886E-04 4.96787E-03 8.83579E-04 6.66470E-04 5.44363E-02 1.72302E-01 4.96521E-03 2.01886E-04 1.56015E-04 1.42035E-02
1.55492E-04 1.99935E-04 4.87599E-03 8.60697E-04 6.49125E-04 5.31839E-02 1.68885E-01 4.87340E-03 1.99935E-04 1.55492E-04 1.38132E-02
1.54899E-04 1.97986E-04 4.78749E-03 8.38869E-04 6.32601E-04 5.19840E-02 1.65597E-01 4.78498E-03 1.97986E-04 1.54899E-04 1.34418E-02
1.54244E-04 1.96044E-04 4.70219E-03 8.18024E-04 6.16842E-04 5.08333E-02 1.62433E-01 4.69975E-03 1.96044E-04 1.54244E-04 1.30882E-02
1.53537E-04 1.94113E-04 4.61992E-03 7.98100E-04 6.01798E-04 4.97290E-02 1.59385E-01 4.61755E-03 1.94113E-04 1.53537E-04 1.27511E-02
1.52783E-04 1.92195E-04 4.54052E-03 7.79039E-04 5.87422E-04 4.86682E-02 1.56447E-01 4.53821E-03 1.92195E-04 1.52783E-04 1.24295E-02
1.51990E-04 1.90293E-04 4.46383E-03 7.60789E-04 5.73672E-04 4.76485E-02 1.53613E-01 4.46158E-03 1.90293E-04 1.51990E-04 1.21224E-02
1.51164E-04 1.88408E-04 4.38971E-03 7.43299E-04 5.60509E-04 4.66676E-02 1.50877E-01 4.38752E-03 1.88408E-04 1.51164E-04 1.18288E-02
1.50309E-04 1.86544E-04 4.31803E-03 7.26525E-04 5.47899E-04 4.57234E-02 1.48235E-01 4.31591E-03 1.86544E-04 1.50309E-04 1.15480E-02
1.49430E-04 1.84700E-04 4.24868E-03 7.10426E-04 5.35807E-04 4.48137E-02 1.45681E-01 4.24661E-03 1.84700E-04 1.49430E-04 1.12791E-02
1.48531E-04 1.82880E-04 4.18154E-03 6.94963E-04 5.24203E-04 4.39369E-02 1.43211E-01 4.17952E-03 1.82880E-04 1.48531E-04 1.10214E-02
1.47616E-04 1.81082E-04 4.11650E-03 6.80101E-04 5.13060E-04 4.30911E-02 1.40822E-01 4.11453E-03 1.81082E-04 1.47616E-04 1.07744E-02
1.46687E-04 1.79309E-04 4.05346E-03 6.65805E-04 5.02351E-04 4.22748E-02 1.38508E-01 4.05154E-03 1.79309E-04 1.46687E-04 1.05373E-02
1.45749E-04 1.77561E-04 3.99234E-03 6.52047E-04 4.92054E-04 4.14865E-02 1.36267E-01 3.99046E-03 1.77561E-04 1.45749E-04 1.03097E-02
1.44802E-04 1.75839E-04 3.93304E-03 6.38797E-04 4.82144E-04 4.07248E-02 1.34096E-01 3.93120E-03 1.75839E-04 1.44802E-04 1.00910E-02
0.00000E+00 0.00000E+00 1.15111E-02 1.16275E-03 5.58848E-04 1.38371E-01 4.41823E-01 1.15070E-02 0.00000E+00 0.00000E+00 2.10142E-02
0.00000E+00 0.00000E+00 1.03155E-02 9.42828E-04 4.43435E-04 1.19731E-01 3.92394E-01 1.03122E-02 0.00000E+00 0.00000E+00 1.90303E-02
0.00000E+00 1.95991E-06 9.39670E-03 7.94176E-04 3.69617E-04 1.05811E-01 3.54377E-01 9.39397E-03 1.95991E-06 0.00000E+00 1.75348E-02
0.00000E+00 6.48748E-06 8.65106E-03 6.85466E-04 3.17911E-04 9.48183E-02 3.23598E-01 8.64873E-03 6.48748E-06 0.00000E+00 1.62886E-02
0.00000E+00 1.14809E-05 8.02640E-03 6.01965E-04 2.79495E-04 8.58409E-02 2.97914E-01 8.02438E-03 1.14809E-05 0.00000E+00 1.52003E-02
0.00000E+00 1.62206E-05 7.49370E-03 5.35895E-04 2.49892E-04 7.83665E-02 2.76115E-01 7.49191E-03 1.62206E-05 0.00000E+00 1.42310E-02
0.00000E+00 2.04517E-05 7.03285E-03 4.82363E-04 2.26403E-04 7.20440E-02 2.57354E-01 7.03125E-03 2.04517E-05 0.00000E+00 1.33583E-02
0.00000E+00 2.41133E-05 6.62944E-03 4.38139E-04 2.07315E-04 6.66250E-02 2.41017E-01 6.62799E-03 2.41133E-05 0.00000E+00 1.25673E-02
1.92213E-06 2.71134E-05 6.27460E-03 4.01119E-04 1.91485E-04 6.19535E-02 2.26728E-01 6.27328E-03 2.71134E-05 1.92213E-06 1.18396E-02
6.37305E-06 2.95198E-05 5.95934E-03 3.69629E-04 1.78089E-04 5.78809E-02 2.14104E-01 5.95812E-03 2.95198E-05 6.37305E-06 1.11637E-02
1.02046E-05 3.15661E-05 5.67436E-03 3.42359E-04 1.66588E-04 5.42631E-02 2.02749E-01 5.67323E-03 3.15661E-05 1.02046E-05 1.05444E-02
1.34890E-05 3.32796E-05 5.41537E-03 3.18523E-04 1.56594E-04 5.10293E-02 1.92482E-01 5.41432E-03 3.32796E-05 1.34890E-05 9.97535E-03
1.62947E-05 3.46933E-05 5.17887E-03 2.97519E-04 1.47819E-04 4.81227E-02 1.83152E-01 5.17788E-03 3.46933E-05 1.62947E-05 9.45121E-03
1.86838E-05 3.58417E-05 4.96196E-03 2.78874E-04 1.40044E-04 4.54970E-02 1.74636E-01 4.96103E-03 3.58417E-05 1.86838E-05 8.96735E-03
2.07115E-05 3.67573E-05 4.76225E-03 2.62218E-04 1.33099E-04 4.31143E-02 1.66833E-01 4.76137E-03 3.67573E-05 2.07115E-05 8.51980E-03
2.24265E-05 3.74704E-05 4.57772E-03 2.47251E-04 1.26851E-04 4.09431E-02 1.59656E-01 4.57688E-03 3.74704E-05 2.24265E-05 8.10505E-03
2.38707E-05 3.80082E-05 4.40667E-03 2.33732E-04 1.21194E-04 3.89573E-02 1.53033E-01 4.40588E-03 3.80082E-05 2.38707E-05 7.72004E-03
2.50808E-05 3.83947E-05 4.24765E-03 2.21464E-04 1.16044E-04 3.71346E-02 1.46903E-01 4.24689E-03 3.83947E-05 2.50808E-05 7.36204E-03
2.60885E-05 3.86512E-05 4.09941E-03 2.10282E-04 1.11332E-04 3.54563E-02 1.41212E-01 4.09868E-03 3.86512E-05 2.60885E-05 7.02865E-03
2.69211E-05 3.87964E-05 3.96087E-03 2.00052E-04 1.07001E-04 3.39063E-02 1.35916E-01 3.96017E-03 3.87964E-05 2.69211E-05 6.71773E-03
2.76022E-05 3.88464E-05 3.83110E-03 1.90658E-04 1.03004E-04 3.24710E-02 1.30976E-01 3.83043E-03 3.88464E-05 2.76022E-05 6.42735E-03
2.81524E-05 3.88155E-05 3.70927E-03 1.82005E-04 9.93027E-05 3.11384E-02 1.26355E-01 3.70863E-03 3.88155E-05 2.81524E-05 6.15582E-03
2.85893E-05 3.87160E-05 3.59468E-03 1.74010E-04 9.58631E-05 2.98982E-02 1.22026E-01 3.59406E-03 3.87160E-05 2.85893E-05 5.90158E-03
2.89283E-05 3.85586E-05 3.48669E-03 1.66603E-04 9.26576E-05 2.87414E-02 1.17961E-01 3.48609E-03 3.85586E-05 2.89283E-05 5.66326E-03
2.91827E-05 3.83525E-05 3.38474E-03 1.59724E-04 8.96624E-05 2.76602E-02 1.14138E-01 3.38416E-03 3.83525E-05 2.91827E-05 5.43961E-03
2.93642E-05 3.81059E-05 3.28834E-03 1.53319E-04 8.68570E-05 2.66477E-02 1.10535E-01 3.28777E-03 3.81059E-05 2.93642E-05 5.22949E-03
2.94827E-05 3.78257E-05 3.19704E-03 1.47344E-04 8.42237E-05 2.56977E-02 1.07134E-01 3.19649E-03 3.78257E-05 2.94827E-05 5.03190E-03
2.95472E-05 3.75179E-05 3.11044E-03 1.41758E-04 8.17468E-05 2.48048E-02 1.03920E-01 3.10991E-03 3.75179E-05 2.95472E-05 4.84589E-03
2.95651E-05 3.71880E-05 3.02820E-03 1.36526E-04 7.94130E-05 2.39642E-02 1.00876E-01 3.02768E-03 3.71880E-05 2.95651E-05 4.67062E-03
2.95434E-05 3.68404E-05 2.94998E-03 1.31617E-04 7.72103E-05 2.31716E-02 9.79911E-02 2.94948E-03 3.68404E-05 2.95434E-05 4.50533E-03
2.94876E-05 3.64792E-05 2.87551E-03 1.27004E-04 7.51282E-05 2.24232E-02 9.52522E-02 2.87501E-03 3.64792E-05 2.94876E-05 4.34931E-03
2.94031E-05 3.61077E-05 2.80451E-03 1.22663E-04 7.31574E-05 2.17154E-02 9.26490E-02 2.80403E-03 3.61077E-05 2.94031E-05 4.20191E-03
2.92941E-05 3.57289E-05 2.73675E-03 1.18572E-04 7.12896E-05 2.10453E-02 9.01718E-02 2.73629E-03 3.57289E-05 2.92941E-05 4.06256E-03
2.91647E-05 3.53453E-05 2.67202E-03 1.14711E-04 6.95172E-05 2.04099E-02 8.78119E-02 2.67156E-03 3.53453E-05 2.91647E-05 3.93070E-03
2.90182E-05 3.49593E-05 2.61011E-03 1.11062E-04 6.78337E-05 1.98068E-02 8.55612E-02 2.60967E-03 3.49593E-05 2.90182E-05 3.80585E-03
2.88577E-05 3.45726E-05 2.55085E-03 1.07611E-04 6.62330E-05 1.92337E-02 8.34124E-02 2.55042E-03 3.45726E-05 2.88577E-05 3.68754E-03
2.86857E-05 3.41870E-05 2.49408E-03 1.04343E-04 6.47095E-05 1.86884E-02 8.13590E-02 2.49365E-03 3.41870E-05 2.86857E-05 3.57535E-03
2.85046E-05 3.38038E-05 2.43963E-03 1.01245E-04 6.32583E-05 1.81691E-02 7.93948E-02 2.43921E-03 3.38038E-05 2.85046E-05 3.46889E-03
2.83163E-05 3.34241E-05 2.38737E-03 9.83045E-05 6.18750E-05 1.76740E-02 7.75144E-02 2.38697E-03 3.34241E-05 2.83163E-05 3.36780E-03
2.81225E-05 3.30491E-05 2.33717E-03 9.55122E-05 6.05552E-05 1.72016E-02 7.57124E-02 2.33678E-03 3.30491E-05 2.81225E-05 3.27175E-03
2.79249E-05 3.26796E-05 2.28892E-03 9.28578E-05 5.92952E-05 1.67504E-02 7.39843E-02 2.28853E-03 3.26796E-05 2.79249E-05 3.18042E-03
2.77246E-05 3.23162E-05 2.24250E-03 9.03325E-05 5.80916E-05 1.63191E-02 7.23257E-02 2.24212E-03 3.23162E-05 2.77246E-05 3.09354E-03
2.75230E-05 3.19595E-05 2.19781E-03 8.79280E-05 5.69411E-05 1.59063E-02 7.07326E-02 2.19744E-03 3.19595E-05 2.75230E-05 3.01082E-03
2.73209E-05 3.16101E-05 2.15476E-03 8.56369E-05 5.58406E-05 1.55111E-02 6.92012E-02 2.15440E-03 3.16101E-05 2.73209E-05 2.93204E-03
2.71192E-05 3.12683E-05 2.11326E-03 8.34524E-05 5.47876E-05 1.51324E-02 6.77281E-02 2.11291E-03 3.12683E-05 2.71192E-05 2.85694E-03
2.69187E-05 3.09344E-05 2.07323E-03 8.13680E-05 5.37793E-05 1.47691E-02 6.63102E-02 2.07288E-03 3.09344E-05 2.69187E-05 2.78533E-03
2.67200E-05 3.06086E-05 2.03459E-03 7.93779E-05 5.28135E-05 1.44205E-02 6.49444E-02 2.03425E-03 3.06086E-05 2.67200E-05 2.71699E-03
2.65236E-05 3.02912E-05 1.99727E-03 7.74767E-05 5.18878E-05 1.40856E-02 6.36280E-02 1.99694E-03 3.02912E-05 2.65236E-05 2.65174E-03
2.63301E-05 2.99822E-05 1.96121E-03 7.56593E-05 5.10003E-05 1.37638E-02 6.23585E-02 1.96089E-03 2.99822E-05 2.63301E-05 2.58941E-03
2.61397E-05 2.96817E-05 1.92635E-03 7.39210E-05 5.01490E-05 1.34543E-02 6.11335E-02 1.92604E-03 2.96817E-05 2.61397E-05 2.52983E-03
0.00000E+00 0.00000E+00 6.43369E-03 4.98259E-06 9.13122E-06 3.93938E-02 2.11117E-01 6.43480E-03 0.00000E+00 0.00000E+00 -1.15327E-03
0.00000E+00 0.00000E+00 5.61071E-03 -1.75563E-06 3.44262E-07 3.25867E-02 1.80152E-01 5.61175E-03 0.00000E+00 0.00000E+00 4.96159E-04
0.00000E+00 6.08608E-08 4.99093E-03 -4.81180E-06 -4.52112E-06 2.77289E-02 1.57312E-01 4.99186E-03 6.08608E-08 0.00000E+00 1.31891E-03
0.00000E+00 5.57184E-07 4.49787E-03 -6.08455E-06 -7.23403E-06 2.40380E-02 1.39468E-01 4.49869E-03 5.57184E-07 0.00000E+00 1.73489E-03
0.00000E+00 1.23923E-06 4.09261E-03 -6.44846E-06 -8.68084E-06 2.11250E-02 1.25039E-01 4.09331E-03 1.23923E-06 0.00000E+00 1.93086E-03
0.00000E+00 1.94513E-06 3.75318E-03 -6.34006E-06 -9.33967E-06 1.87730E-02 1.13133E-01 3.75377E-03 1.94513E-06 0.00000E+00 2.00458E-03
0.00000E+00 2.60162E-06 3.46450E-03 -5.99497E-06 -9.49890E-06 1.68384E-02 1.03146E-01 3.46498E-03 2.60162E-06 0.00000E+00 2.00869E-03
0.00000E+00 3.17739E-06 3.21581E-03 -5.54443E-06 -9.34010E-06 1.52223E-02 9.46528E-02 3.21619E-03 3.17739E-06 0.00000E+00 1.97274E-03
2.88682E-07 3.68269E-06 3.00044E-03 -5.04105E-06 -8.95627E-06 1.38619E-02 8.73846E-02 3.00074E-03 3.68269E-06 2.88682E-07 1.91336E-03
9.55785E-07 4.12864E-06 2.81190E-03 -4.51601E-06 -8.41630E-06 1.27019E-02 8.10919E-02 2.81211E-03 4.12864E-06 9.55785E-07 1.84039E-03
1.51874E-06 4.48116E-06 2.64371E-03 -4.03109E-06 -7.81576E-06 1.16922E-02 7.55377E-02 2.64385E-03 4.48116E-06 1.51874E-06 1.76073E-03
1.98208E-06 4.74376E-06 2.49277E-03 -3.60049E-06 -7.19086E-06 1.08069E-02 7.06034E-02 2.49285E-03 4.74376E-06 1.98208E-06 1.67825E-03
2.35377E-06 4.92365E-06 2.35660E-03 -3.22948E-06 -6.56489E-06 1.00255E-02 6.61942E-02 2.35661E-03 4.92365E-06 2.35377E-06 1.59544E-03
2.64319E-06 5.02968E-06 2.23313E-03 -2.91801E-06 -5.95259E-06 9.33183E-03 6.22335E-02 2.23309E-03 5.02968E-06 2.64319E-06 1.51387E-03
2.86004E-06 5.07116E-06 2.12071E-03 -2.66309E-06 -5.36295E-06 8.71260E-03 5.86587E-02 2.12062E-03 5.07116E-06 2.86004E-06 1.43455E-03
3.01376E-06 5.05716E-06 2.01793E-03 -2.46011E-06 -4.80112E-06 8.15714E-03 5.54181E-02 2.01780E-03 5.05716E-06 3.01376E-06 1.35811E-03
3.11317E-06 4.99624E-06 1.92363E-03 -2.30373E-06 -4.26964E-06 7.65666E-03 5.24688E-02 1.92346E-03 4.99624E-06 3.11317E-06 1.28492E-03
3.16639E-06 4.89622E-06 1.83682E-03 -2.18838E-06 -3.76931E-06 7.20386E-03 4.97748E-02 1.83661E-03 4.89622E-06 3.16639E-06 1.21519E-03
3.18071E-06 4.76416E-06 1.75665E-03 -2.10860E-06 -3.29980E-06 6.79264E-03 4.73057E-02 1.75641E-03 4.76416E-06 3.18071E-06 1.14900E-03
3.16265E-06 4.60635E-06 1.68242E-03 -2.05921E-06 -2.86002E-06 6.41787E-03 4.50357E-02 1.68215E-03 4.60635E-06 3.16265E-06 1.08635E-03
3.11801E-06 4.42833E-06 1.61349E-03 -2.03540E-06 -2.44843E-06 6.07521E-03 4.29426E-02 1.61320E-03 4.42833E-06 3.11801E-06 1.02719E-03
3.05187E-06 4.23497E-06 1.54934E-03 -2.03278E-06 -2.06324E-06 5.76097E-03 4.10076E-02 1.54903E-03 4.23497E-06 3.05187E-06 9.71456E-04
2.96868E-06 4.03050E-06 1.48951E-03 -2.04741E-06 -1.70253E-06 5.47198E-03 3.92141E-02 1.48918E-03 4.03050E-06 2.96868E-06 9.19028E-04
2.87233E-06 3.81859E-06 1.43357E-03 -2.07573E-06 -1.36432E-06 5.20550E-03 3.75479E-02 1.43322E-03 3.81859E-06 2.87233E-06 8.69786E-04
2.76619E-06 3.60240E-06 1.38118E-03 -2.11463E-06 -1.04669E-06 4.95918E-03 3.59965E-02 1.38082E-03 3.60240E-06 2.76619E-06 8.23598E-04
2.65318E-06 3.38463E-06 1.33201E-03 -2.16135E-06 -7.47784E-07 4.73096E-03 3.45491E-02 1.33164E-03 3.38463E-06 2.65318E-06 7.80329E-04
2.53581E-06 3.16759E-06 1.28579E-03 -2.21348E-06 -4.65832E-07 4.51906E-03 3.31961E-02 1.28541E-03 3.16759E-06 2.53581E-06 7.39840E-04
2.41623E-06 2.95325E-06 1.24228E-03 -2.26893E-06 -1.99180E-07 4.32190E-03 3.19289E-02 1.24189E-03 2.95325E-06 2.41623E-06 7.01995E-04
2.29627E-06 2.74323E-06 1.20124E-03 -2.32588E-06 5.37100E-08 4.13810E-03 3.07400E-02 1.20085E-03 2.74323E-06 2.29627E-06 6.66656E-04
2.17751E-06 2.53892E-06 1.16248E-03 -2.38277E-06 2.94255E-07 3.96645E-03 2.96229E-02 1.16208E-03 2.53892E-06 2.17751E-06 6.33692E-04
2.06125E-06 2.34145E-06 1.12583E-03 -2.43828E-06 5.23754E-07 3.80586E-03 2.85714E-02 1.12543E-03 2.34145E-06 2.06125E-06 6.02975E-04
1.94860E-06 2.15174E-06 1.09112E-03 -2.49127E-06 7.43392E-07 3.65536E-03 2.75804E-02 1.09072E-03 2.15174E-06 1.94860E-06 5.74379E-04
1.84046E-06 1.97055E-06 1.05822E-03 -2.54080E-06 9.54245E-07 3.51412E-03 2.66450E-02 1.05781E-03 1.97055E-06 1.84046E-06 5.47786E-04
1.73760E-06 1.79845E-06 1.02698E-03 -2.58609E-06 1.15728E-06 3.38135E-03 2.57608E-02 1.02657E-03 1.79845E-06 1.73760E-06 5.23081E-04
1.64062E-06 1.63590E-06 9.97288E-04 -2.62647E-06 1.35338E-06 3.25637E-03 2.49241E-02 9.96880E-04 1.63590E-06 1.64062E-06 5.00153E-04
1.54999E-06 1.48322E-06 9.69044E-04 -2.66144E-06 1.54334E-06 3.13858E-03 2.41314E-02 9.68637E-04 1.48322E-06 1.54999E-06 4.78900E-04
1.46611E-06 1.34065E-06 9.42145E-04 -2.69056E-06 1.72784E-06 3.02740E-03 2.33793E-02 9.41740E-04 1.34065E-06 1.46611E-06 4.59220E-04
1.38923E-06 1.20832E-06 9.16503E-04 -2.71352E-06 1.90752E-06 2.92235E-03 2.26652E-02 9.16101E-04 1.20832E-06 1.38923E-06 4.41019E-04
1.31957E-06 1.08630E-06 8.92036E-04 -2.73008E-06 2.08294E-06 2.82296E-03 2.19862E-02 8.91636E-04 1.08630E-06 1.31957E-06 4.24206E-04
1.25725E-06 9.74579E-07 8.68669E-04 -2.74008E-06 2.25460E-06 2.72883E-03 2.13401E-02 8.68273E-04 9.74579E-07 1.25725E-06 4.08696E-04
1.20233E-06 8.73106E-07 8.46333E-04 -2.74340E-06 2.42292E-06 2.63957E-03 2.07246E-02 8.45941E-04 8.73106E-07 1.20233E-06 3.94408E-04
1.15483E-06 7.81772E-07 8.24965E-04 -2.74001E-06 2.58831E-06 2.55486E-03 2.01378E-02 8.24577E-04 7.81772E-07 1.15483E-06 3.81264E-04
1.11472E-06 7.00432E-07 8.04507E-04 -2.72989E-06 2.75108E-06 2.47437E-03 1.95778E-02 8.04124E-04 7.00432E-07 1.11472E-06 3.69192E-04
1.08193E-06 6.28906E-07 7.84905E-04 -2.71310E-06 2.91154E-06 2.39783E-03 1.90429E-02 7.84527E-04 6.28906E-07 1.08193E-06 3.58123E-04
1.05635E-06 5.66986E-07 7.66109E-04 -2.68969E-06 3.06994E-06 2.32497E-03 1.85315E-02 7.65737E-04 5.66986E-07 1.05635E-06 3.47990E-04
1.03785E-06 5.14441E-07 7.48074E-04 -2.65978E-06 3.22650E-06 2.25555E-03 1.80423E-02 7.47707E-04 5.14441E-07 1.03785E-06 3.38733E-04
1.02629E-06 4.71022E-07 7.30756E-04 -2.62349E-06 3.38141E-06 2.18936E-03 1.75739E-02 7.30395E-04 4.71022E-07 1.02629E-06 3.30293E-04
1.02148E-06 4.36463E-07 7.14117E-04 -2.58097E-06 3.53483E-06 2.12619E-03 1.71251E-02 7.13762E-04 4.36463E-07 1.02148E-06 3.22615E-04
1.02325E-06 4.10488E-07 6.98119E-04 -2.53239E-06 3.68689E-06 2.06586E-03 1.66947E-02 6.97770E-04 4.10488E-07 1.02325E-06 3.15646E-04
1.03138E-06 3.92810E-07 6.82728E-04 -2.47792E-06 3.83771E-06 2.00819E-03 1.62818E-02 6.82386E-04 3.92810E-07 1.03138E-06 3.09337E-04
0.00000E+00 0.00000E+00 2.22940E-03 -6.99655E-06 -5.93981E-05 2.11097E-03 3.80477E-02 2.23419E-03 0.00000E+00 0.00000E+00 -5.04786E-04
0.00000E+00 0.00000E+00 1.84746E-03 -5.29479E-06 -6.73349E-05 1.60716E-03 3.04218E-02 1.85130E-03 0.00000E+00 0.00000E+00 -4.22856E-04
0.00000E+00 8.54520E-07 1.57416E-03 -3.24214E-06 -6.92163E-05 1.27446E-03 2.51489E-02 1.57718E-03 8.54520E-07 0.00000E+00 -3.43667E-04
0.00000E+00 2.21728E-06 1.36605E-03 -1.27471E-06 -6.79595E-05 1.03838E-03 2.12502E-02 1.36837E-03 2.21728E-06 0.00000E+00 -2.56781E-04
0.00000E+00 3.48013E-06 1.20145E-03 4.31179E-07 -6.50213E-05 8.63252E-04 1.82469E-02 1.20315E-03 3.48013E-06 0.00000E+00 -1.68850E-04
0.00000E+00 4.53149E-06 1.06825E-03 1.81935E-06 -6.12060E-05 7.29714E-04 1.58749E-02 1.06943E-03 4.53149E-06 0.00000E+00 -8.63780E-05
0.00000E+00 5.33947E-06 9.58427E-04 2.89181E-06 -5.69886E-05 6.25563E-04 1.39629E-02 9.59164E-04 5.33947E-06 0.00000E+00 -1.37929E-05
0.00000E+00 5.90815E-06 8.66455E-04 3.67420E-06 -5.26538E-05 5.42774E-04 1.23953E-02 8.66809E-04 5.90815E-06 0.00000E+00 4.67693E-05
3.05905E-07 6.33557E-06 7.88905E-04 4.27838E-06 -4.83085E-05 4.76345E-04 1.10985E-02 7.88936E-04 6.33557E-06 3.05905E-07 9.41929E-05
9.39265E-07 6.64646E-06 7.22679E-04 4.73939E-06 -4.40496E-05 4.22222E-04 1.00106E-02 7.22435E-04 6.64646E-06 9.39265E-07 1.28934E-04
1.37801E-06 6.73643E-06 6.64834E-04 4.95998E-06 -4.00340E-05 3.76960E-04 9.07792E-03 6.64355E-04 6.73643E-06 1.37801E-06 1.53251E-04
1.64919E-06 6.64313E-06 6.13933E-04 4.98213E-06 -3.62790E-05 3.38748E-04 8.27175E-03 6.13253E-04 6.64313E-06 1.64919E-06 1.68493E-04
1.77903E-06 6.40073E-06 5.68849E-04 4.84315E-06 -3.27872E-05 3.06210E-04 7.56985E-03 5.67997E-04 6.40073E-06 1.77903E-06 1.76053E-04
1.79170E-06 6.03939E-06 5.28680E-04 4.57555E-06 -2.95522E-05 2.78288E-04 6.95472E-03 5.27683E-04 6.03939E-06 1.79170E-06 1.77274E-04
1.70893E-06 5.58527E-06 4.92702E-04 4.20727E-06 -2.65624E-05 2.54158E-04 6.41242E-03 4.91583E-04 5.58527E-06 1.70893E-06 1.73395E-04
1.54981E-06 5.06078E-06 4.60325E-04 3.76205E-06 -2.38033E-05 2.33169E-04 5.93173E-03 4.59103E-04 5.06078E-06 1.54981E-06 1.65519E-04
1.33095E-06 4.48493E-06 4.31063E-04 3.25995E-06 -2.12590E-05 2.14805E-04 5.50354E-03 4.29756E-04 4.48493E-06 1.33095E-06 1.54608E-04
1.06658E-06 3.87373E-06 4.04513E-04 2.71778E-06 -1.89136E-05 1.98649E-04 5.12038E-03 4.03135E-04 3.87373E-06 1.06658E-06 1.41487E-04
7.68839E-07 3.24053E-06 3.80337E-04 2.14953E-06 -1.67510E-05 1.84365E-04 4.77608E-03 3.78902E-04 3.24053E-06 7.68839E-07 1.26851E-04
4.47986E-07 2.59641E-06 3.58252E-04 1.56679E-06 -1.47563E-05 1.71677E-04 4.46551E-03 3.56772E-04 2.59641E-06 4.47986E-07 1.11279E-04
1.12622E-07 1.95049E-06 3.38017E-04 9.79077E-07 -1.29151E-05 1.60358E-04 4.18434E-03 3.36502E-04 1.95049E-06 1.12622E-07 9.52473E-05
-2.30083E-07 1.31021E-06 3.19425E-04 3.94177E-07 -1.12141E-05 1.50221E-04 3.92896E-03 3.17885E-04 1.31021E-06 -2.30083E-07 7.91409E-05
-5.74201E-07 6.81588E-07 3.02301E-04 -1.81622E-07 -9.64104E-06 1.41107E-04 3.69627E-03 3.00743E-04 6.81588E-07 -5.74201E-07 6.32683E-05
-9.14870E-07 6.94436E-08 2.86492E-04 -7.43282E-07 -8.18465E-06 1.32886E-04 3.48364E-03 2.84922E-04 6.94436E-08 -9.14870E-07 4.78721E-05
-1.24814E-06 -5.22432E-07 2.71865E-04 -1.28682E-06 -6.83464E-06 1.25446E-04 3.28881E-03 2.70290E-04 -5.22432E-07 -1.24814E-06 3.31394E-05
-1.57084E-06 -1.09110E-06 2.58304E-04 -1.80914E-06 -5.58162E-06 1.18692E-04 3.10985E-03 2.56729E-04 -1.09110E-06 -1.57084E-06 1.92106E-05
-1.88047E-06 -1.63436E-06 2.45709E-04 -2.30788E-06 -4.41706E-06 1.12543E-04 2.94505E-03 2.44139E-04 -1.63436E-06 -1.88047E-06 6.18753E-06
-2.17506E-06 -2.15058E-06 2.33990E-04 -2.78133E-06 -3.33324E-06 1.06931E-04 2.79297E-03 2.32428E-04 -2.15058E-06 -2.17506E-06 -5.86017E-06
-2.45315E-06 -2.63866E-06 2.23068E-04 -3.22826E-06 -2.32314E-06 1.01796E-04 2.65231E-03 2.21518E-04 -2.63866E-06 -2.45315E-06 -1.68889E-05
-2.71366E-06 -3.09791E-06 2.12873E-04 -3.64789E-06 -1.38041E-06 9.70853E-05 2.52196E-03 2.11339E-04 -3.09791E-06 -2.71366E-06 -2.68766E-05
-2.95584E-06 -3.52798E-06 2.03344E-04 -4.03979E-06 -4.99313E-07 9.27553E-05 2.40093E-03 2.01828E-04 -3.52798E-06 -2.95584E-06 -3.58183E-05
-3.17922E-06 -3.92882E-06 1.94424E-04 -4.40383E-06 3.25355E-07 8.87665E-05 2.28835E-03 1.92929E-04 -3.92882E-06 -3.17922E-06 -4.37229E-05
-3.38357E-06 -4.30058E-06 1.86065E-04 -4.74012E-06 1.09830E-06 8.50848E-05 2.18345E-03 1.84593E-04 -4.30058E-06 -3.38357E-06 -5.06101E-05
-3.56885E-06 -4.64363E-06 1.78222E-04 -5.04895E-06 1.82378E-06 8.16800E-05 2.08556E-03 1.76773E-04 -4.64363E-06 -3.56885E-06 -5.65080E-05
-3.73517E-06 -4.95849E-06 1.70854E-04 -5.33078E-06 2.50565E-06 7.85257E-05 1.99405E-03 1.69431E-04 -4.95849E-06 -3.73517E-06 -6.14515E-05
-3.88278E-06 -5.24578E-06 1.63925E-04 -5.58620E-06 3.14741E-06 7.55985E-05 1.90838E-03 1.62529E-04 -5.24578E-06 -3.88278E-06 -6.54798E-05
-4.01202E-06 -5.50623E-06 1.57402E-04 -5.81587E-06 3.75222E-06 7.28776E-05 1.82807E-03 1.56035E-04 -5.50623E-06 -4.01202E-06 -6.86358E-05
-4.12333E-06 -5.74063E-06 1.51256E-04 -6.02056E-06 4.32295E-06 7.03446E-05 1.75269E-03 1.49918E-04 -5.74063E-06 -4.12333E-06 -7.09647E-05
-4.21720E-06 -5.94986E-06 1.45460E-04 -6.20108E-06 4.86221E-06 6.79830E-05 1.68183E-03 1.44151E-04 -5.94986E-06 -4.21720E-06 -7.25130E-05
-4.29418E-06 -6.13478E-06 1.39989E-04 -6.35829E-06 5.37237E-06 6.57782E-05 1.61514E-03 1.38710E-04 -6.13478E-06 -4.29418E-06 -7.33279E-05
-4.35486E-06 -6.29633E-06 1.34820E-04 -6.49305E-06 5.85557E-06 6.37168E-05 1.55231E-03 1.33571E-04 -6.29633E-06 -4.35486E-06 -7.34564E-05
-4.39985E-06 -6.43544E-06 1.29932E-04 -6.60628E-06 6.31376E-06 6.17871E-05 1.49304E-03 1.28715E-04 -6.43544E-06 -4.39985E-06 -7.29455E-05
-4.42978E-06 -6.55304E-06 1.25308E-04 -6.69888E-06 6.74874E-06 5.99784E-05 1.43708E-03 1.24122E-04 -6.55304E-06 -4.42978E-06 -7.18410E-05
-4.44530E-06 -6.65007E-06 1.20929E-04 -6.77176E-06 7.16211E-06 5.82811E-05 1.38417E-03 1.19774E-04 -6.65007E-06 -4.44530E-06 -7.01877E-05
-4.44706E-06 -6.72747E-06 1.16779E-04 -6.82582E-06 7.55536E-06 5.66865E-05 1.33410E-03 1.15656E-04 -6.72747E-06 -4.44706E-06 -6.80291E-05
-4.43570E-06 -6.78615E-06 1.12845E-04 -6.86195E-06 7.92983E-06 5.51867E-05 1.28668E-03 1.11753E-04 -6.78615E-06 -4.43570E-06 -6.54073E-05
-4.41187E-06 -6.82702E-06 1.09112E-04 -6.88102E-06 8.28675E-06 5.37744E-05 1.24173E-03 1.08052E-04 -6.82702E-06 -4.41187E-06 -6.23627E-05
-4.37621E-06 -6.85096E-06 1.05568E-04 -6.88390E-06 8.62725E-06 5.24433E-05 1.19906E-03 1.04539E-04 -6.85096E-06 -4.37621E-06 -5.89339E-05
-4.32935E-06 -6.85884E-06 1.02201E-04 -6.87143E-06 8.95235E-06 5.11873E-05 1.15855E-03 1.01203E-04 -6.85884E-06 -4.32935E-06 -5.51579E-05
-4.27190E-06 -6.85150E-06 9.90004E-05 -6.84442E-06 9.26300E-06 5.00010E-05 1.12003E-03 9.80341E-05 -6.85150E-06 -4.27190E-06 -5.10699E-05
0.00000E+00 0.00000E+00 -1.63165E-05 -8.55900E-06 -3.73723E-04 -3.71214E-04 -8.44705E-08 -6.33089E-06 0.00000E+00 0.00000E+00 -1.73766E-03
0.00000E+00 0.00000E+00 -6.90309E-06 -1.39587E-06 -3.41514E-04 -3.40310E-04 4.20031E-06 -1.22010E-06 0.00000E+00 0.00000E+00 -1.83566E-03
0.00000E+00 5.11595E-06 1.75134E-06 5.49276E-06 -3.03882E-04 -3.03728E-04 9.31517E-06 4.24820E-06 5.11595E-06 0.00000E+00 -1.59289E-03
0.00000E+00 1.11769E-05 8.58001E-06 1.09586E-05 -2.66387E-04 -2.67072E-04 1.36228E-05 8.65167E-06 1.11769E-05 0.00000E+00 -1.23133E-03
0.00000E+00 1.54939E-05 1.34863E-05 1.48166E-05 -2.31152E-04 -2.32499E-04 1.66970E-05 1.16883E-05 1.54939E-05 0.00000E+00 -8.57023E-04
0.00000E+00 1.82525E-05 1.66956E-05 1.72242E-05 -1.99016E-04 -2.00877E-04 1.85630E-05 1.34554E-05 1.82525E-05 0.00000E+00 -5.18522E-04
0.00000E+00 1.97241E-05 1.85128E-05 1.84308E-05 -1.70161E-04 -1.72410E-04 1.93886E-05 1.41624E-05 1.97241E-05 0.00000E+00 -2.34786E-04
0.00000E+00 2.01750E-05 1.92294E-05 1.86850E-05 -1.44472E-04 -1.47005E-04 1.93707E-05 1.40291E-05 2.01750E-05 0.00000E+00 -9.46304E-06
6.50527E-07 1.99343E-05 1.91930E-05 1.83041E-05 -1.21725E-04 -1.24453E-04 1.87936E-05 1.33527E-05 1.99343E-05 6.50527E-07 1.59227E-04
1.80452E-06 1.91673E-05 1.85841E-05 1.74420E-05 -1.01618E-04 -1.04465E-04 1.77880E-05 1.22694E-05 1.91673E-05 1.80452E-06 2.78177E-04
2.35211E-06 1.78660E-05 1.74068E-05 1.60795E-05 -8.38286E-05 -8.67399E-05 1.63183E-05 1.07443E-05 1.78660E-05 2.35211E-06 3.58219E-04
2.43207E-06 1.61800E-05 1.58184E-05 1.43600E-05 -6.80976E-05 -7.10268E-05 1.45184E-05 8.91154E-06 1.61800E-05 2.43207E-06 4.06387E-04
2.15819E-06 1.42291E-05 1.39443E-05 1.23981E-05 -5.41862E-05 -5.70953E-05 1.24958E-05 6.87744E-06 1.42291E-05 2.15819E-06 4.29098E-04
1.62272E-06 1.21079E-05 1.18836E-05 1.02843E-05 -4.18798E-05 -4.47374E-05 1.03359E-05 4.72577E-06 1.21079E-05 1.62272E-06 4.31964E-04
8.99862E-07 9.89076E-06 9.71378E-06 8.08954E-06 -3.09873E-05 -3.37677E-05 8.10585E-06 2.52170E-06 9.89076E-06 8.99862E-07 4.19750E-04
4.88548E-08 7.63526E-06 7.49536E-06 5.86850E-06 -2.13402E-05 -2.40227E-05 5.85771E-06 3.15281E-07 7.63526E-06 4.88548E-08 3.96416E-04
-8.83346E-07 5.38580E-06 5.27474E-06 3.66319E-06 -1.27907E-05 -1.53583E-05 3.63145E-06 -1.85548E-06 5.38580E-06 -8.83346E-07 3.65203E-04
-1.85979E-06 3.17604E-06 3.08725E-06 1.50534E-06 -5.20891E-06 -7.64849E-06 1.45726E-06 -3.96227E-06 3.17604E-06 -1.85979E-06 3.28724E-04
-2.85165E-06 1.03113E-06 9.59358E-07 -5.81556E-07 1.51843E-06 -7.82668E-07 -6.42467E-07 -5.98440E-06 1.03113E-06 -2.85165E-06 2.89058E-04
-3.83667E-06 -1.03055E-06 -1.08953E-06 -2.58048E-06 7.49054E-06 5.33587E-06 -2.65158E-06 -7.90731E-06 -1.03055E-06 -3.83667E-06 2.47840E-04
-4.79789E-06 -2.99601E-06 -3.04558E-06 -4.47959E-06 1.27942E-05 1.07918E-05 -4.55887E-06 -9.72118E-06 -2.99601E-06 -4.79789E-06 2.06334E-04
-5.72263E-06 -4.85651E-06 -4.89938E-06 -6.27109E-06 1.75052E-05 1.56592E-05 -6.35704E-06 -1.14200E-05 -4.85651E-06 -5.72263E-06 1.65504E-04
-6.60159E-06 -6.60664E-06 -6.64498E-06 -7.95035E-06 2.16902E-05 2.00032E-05 -8.04182E-06 -1.30005E-05 -6.60664E-06 -6.60159E-06 1.26068E-04
-7.42824E-06 -8.24361E-06 -8.27915E-06 -9.51525E-06 2.54075E-05 2.38809E-05 -9.61136E-06 -1.44620E-05 -8.24361E-06 -7.42824E-06 8.85468E-05
-8.19819E-06 -9.76662E-06 -9.80076E-06 -1.09656E-05 2.87083E-05 2.73424E-05 -1.10657E-05 -1.58052E-05 -9.76662E-06 -8.19819E-06 5.33042E-05
-8.90878E-06 -1.11765E-05 -1.12103E-05 -1.23025E-05 3.16377E-05 3.04319E-05 -1.24061E-05 -1.70323E-05 -1.11765E-05 -8.90878E-06 2.05786E-05
-9.55871E-06 -1.24751E-05 -1.25095E-05 -1.35285E-05 3.42354E-05 3.31885E-05 -1.36352E-05 -1.81464E-05 -1.24751E-05 -9.55871E-06 -9.49027E-06
-1.01477E-05 -1.36654E-05 -1.37010E-05 -1.46466E-05 3.65364E-05 3.56465E-05 -1.47561E-05 -1.91513E-05 -1.36654E-05 -1.01477E-05 -3.68391E-05
-1.06764E-05 -1.47509E-05 -1.47881E-05 -1.56606E-05 3.85718E-05 3.78364E-05 -1.57727E-05 -2.00514E-05 -1.47509E-05 -1.06764E-05 -6.14639E-05
-1.11459E-05 -1.57354E-05 -1.57748E-05 -1.65746E-05 4.03688E-05 3.97852E-05 -1.66892E-05 -2.08513E-05 -1.57354E-05 -1.11459E-05 -8.34055E-05
-1.15579E-05 -1.66232E-05 -1.66650E-05 -1.73932E-05 4.19519E-05 4.15169E-05 -1.75101E-05 -2.15557E-05 -1.66232E-05 -1.15579E-05 -1.02738E-04
-1.19144E-05 -1.74188E-05 -1.74632E-05 -1.81208E-05 4.33427E-05 4.30529E-05 -1.82399E-05 -2.21697E-05 -1.74188E-05 -1.19144E-05 -1.19561E-04
-1.22177E-05 -1.81266E-05 -1.81738E-05 -1.87621E-05 4.45603E-05 4.44121E-05 -1.88833E-05 -2.26981E-05 -1.81266E-05 -1.22177E-05 -1.33990E-04
-1.24702E-05 -1.87513E-05 -1.88013E-05 -1.93217E-05 4.56220E-05 4.56115E-05 -1.94450E-05 -2.31459E-05 -1.87513E-05 -1.24702E-05 -1.46152E-04
-1.26744E-05 -1.92974E-05 -1.93502E-05 -1.98042E-05 4.65429E-05 4.66662E-05 -1.99295E-05 -2.35178E-05 -1.92974E-05 -1.26744E-05 -1.56182E-04
-1.28328E-05 -1.97692E-05 -1.98249E-05 -2.02142E-05 4.73367E-05 4.75899E-05 -2.03413E-05 -2.38184E-05 -1.97692E-05 -1.28328E-05 -1.64217E-04
-1.29480E-05 -2.01712E-05 -2.02297E-05 -2.05559E-05 4.80157E-05 4.83946E-05 -2.06849E-05 -2.40523E-05 -2.01712E-05 -1.29480E-05 -1.70394E-04
-1.30226E-05 -2.05075E-05 -2.05687E-05 -2.08336E-05 4.85909E-05 4.90915E-05 -2.09643E-05 -2.42239E-05 -2.05075E-05 -1.30226E-05 -1.74851E-04
-1.30591E-05 -2.07822E-05 -2.08461E-05 -2.10513E-05 4.90720E-05 4.96901E-05 -2.11838E-05 -2.43372E-05 -2.07822E-05 -1.30591E-05 -1.77721E-04
-1.30600E-05 -2.09991E-05 -2.10656E-05 -2.12130E-05 4.94680E-05 5.01995E-05 -2.13471E-05 -2.43962E-05 -2.09991E-05 -1.30600E-05 -1.79133E-04
-1.30275E-05 -2.11620E-05 -2.12310E-05 -2.13224E-05 4.97868E-05 5.06277E-05 -2.14581E-05 -2.44047E-05 -2.11620E-05 -1.30275E-05 -1.79211E-04
-1.29640E-05 -2.12745E-05 -2.13459E-05 -2.13830E-05 5.00356E-05 5.09817E-05 -2.15202E-05 -2.43664E-05 -2.12745E-05 -1.29640E-05 -1.78075E-04
-1.28718E-05 -2.13399E-05 -2.14136E-05 -2.13982E-05 5.02208E-05 5.12682E-05 -2.15367E-05 -2.42845E-05 -2.13399E-05 -1.28718E-05 -1.75836E-04
-1.27528E-05 -2.13614E-05 -2.14373E-05 -2.13711E-05 5.03484E-05 5.14931E-05 -2.15110E-05 -2.41623E-05 -2.13614E-05 -1.27528E-05 -1.72603E-04
-1.26091E-05 -2.13422E-05 -2.14200E-05 -2.13049E-05 5.04236E-05 5.16617E-05 -2.14460E-05 -2.40029E-05 -2.13422E-05 -1.26091E-05 -1.68474E-04
-1.24427E-05 -2.12850E-05 -2.13648E-05 -2.12023E-05 5.04512E-05 5.17790E-05 -2.13446E-05 -2.38091E-05 -2.12850E-05 -1.24427E-05 -1.63545E-04
-1.22552E-05 -2.11926E-05 -2.12743E-05 -2.10661E-05 5.04356E-05 5.18493E-05 -2.12095E-05 -2.35836E-05 -2.11926E-05 -1.22552E-05 -1.57904E-04
-1.20486E-05 -2.10677E-05 -2.11510E-05 -2.08989E-05 5.03807E-05 5.18766E-05 -2.10432E-05 -2.33290E-05 -2.10677E-05 -1.20486E-05 -1.51632E-04
-1.18242E-05 -2.09125E-05 -2.09974E-05 -2.07029E-05 5.02901E-05 5.18646E-05 -2.08481E-05 -2.30477E-05 -2.09125E-05 -1.18242E-05 -1.44809E-04
-1.15838E-05 -2.07295E-05 -2.08159E-05 -2.04806E-05 5.01671E-05 5.18167E-05 -2.06264E-05 -2.27418E-05 -2.07295E-05 -1.15838E-05 -1.37503E-04
---
