PdfType: replica
Format: lhagrid1
---
1.00000E-07 1.58489E-07 2.51189E-07 3.98107E-07 6.30957E-07 1.00000E-06 1.58489E-06 2.51189E-06 3.98107E-06 6.30957E-06 1.00000E-05 1.58489E-05 2.51189E-05 3.98107E-05 6.30957E-05 1.00000E-04 1.58489E-04 2.51189E-04 3.98107E-04 6.30957E-04 1.00000E-03 1.58489E-03 2.51189E-03 3.98107E-03 6.30957E-03 1.00000E-02 1.25893E-02 1.58489E-02 1.99526E-02 2.51189E-02 3.16228E-02 3.98107E-02 5.01187E-02 6.30957E-02 7.94328E-02 1.00000E-01 1.25900E-01 1.58500E-01 1.99500E-01 2.51200E-01 3.16200E-01 3.98100E-01 5.01200E-01 6.31000E-01 7.94300E-01 1.00000E+00
1.00000E+00 1.20679E+00 1.45635E+00 1.75751E+00 2.12095E+00 2.55955E+00 3.08884E+00 3.72759E+00 4.49843E+00 5.42868E+00 6.55129E+00 7.90604E+00 9.54095E+00 1.15140E+01 1.38950E+01 1.67683E+01 2.02359E+01 2.44205E+01 2.94705E+01 3.55648E+01 4.29193E+01 5.17947E+01 6.25055E+01 7.54312E+01 9.10298E+01 1.09854E+02 1.32571E+02 1.59986E+02 1.93070E+02 2.32995E+02 2.81177E+02 3.39322E+02 4.09492E+02 4.94171E+02 5.96362E+02 7.19686E+02 8.68511E+02 1.04811E+03 1.26486E+03 1.52642E+03 1.84207E+03 2.22300E+03 2.68270E+03 3.23746E+03 3.90694E+03 4.71487E+03 5.68987E+03 6.86649E+03 8.28643E+03 1.00000E+04
-5 -4 -3 -2 -1 1 2 3 4 5 21
0.00000E+00 0.00000E+00 -6.46675E-02 2.79375E+00 2.78822E+00 2.78805E+00 2.79279E+00 -6.53581E-02 0.00000E+00 0.00000E+00 -3.23155E+00
0.00000E+00 0.00000E+00 -2.60877E-02 2.77295E+00 2.76737E+00 2.76724E+00 2.77220E+00 -2.68048E-02 0.00000E+00 0.00000E+00 -8.67232E-01
0.00000E+00 1.05291E-01 1.12319E-01 2.86273E+00 2.85711E+00 2.85702E+00 2.86213E+00 1.11580E-01 1.05291E-01 0.00000E+00 2.71500E+00
0.00000E+00 3.45791E-01 3.52853E-01 3.06161E+00 3.05594E+00 3.05589E+00 3.06113E+00 3.52096E-01 3.45791E-01 0.00000E+00 7.89457E+00
0.00000E+00 6.89426E-01 6.96521E-01 3.36868E+00 3.36297E+00 3.36294E+00 3.36830E+00 6.95747E-01 6.89426E-01 0.00000E+00 1.51359E+01
0.00000E+00 1.13452E+00 1.14165E+00 3.78120E+00 3.77546E+00 3.77545E+00 3.78091E+00 1.14086E+00 1.13452E+00 0.00000E+00 2.47865E+01
0.00000E+00 1.67879E+00 1.68595E+00 4.29613E+00 4.29037E+00 4.29037E+00 4.29591E+00 1.68515E+00 1.67879E+00 0.00000E+00 3.71286E+01
0.00000E+00 2.31981E+00 2.32699E+00 4.91048E+00 4.90468E+00 4.90470E+00 4.91032E+00 2.32618E+00 2.31981E+00 0.00000E+00 5.23813E+01
2.56716E-01 3.00492E+00 3.01213E+00 5.57127E+00 5.56546E+00 5.56549E+00 5.57117E+00 3.01130E+00 3.00492E+00 2.56716E-01 7.08598E+01
9.83119E-01 3.71019E+00 3.71743E+00 6.25419E+00 6.24835E+00 6.24839E+00 6.25413E+00 3.71659E+00 3.71019E+00 9.83119E-01 9.26660E+01
1.80811E+00 4.51544E+00 4.52271E+00 7.03857E+00 7.03271E+00 7.03277E+00 7.03856E+00 4.52186E+00 4.51544E+00 1.80811E+00 1.17606E+02
2.73049E+00 5.41929E+00 5.42658E+00 7.92287E+00 7.91699E+00 7.91705E+00 7.92290E+00 5.42572E+00 5.41929E+00 2.73049E+00 1.45743E+02
3.74892E+00 6.42028E+00 6.42760E+00 8.90548E+00 8.89958E+00 8.89965E+00 8.90555E+00 6.42674E+00 6.42028E+00 3.74892E+00 1.77113E+02
4.86204E+00 7.51693E+00 7.52428E+00 9.98478E+00 9.97886E+00 9.97894E+00 9.98488E+00 7.52340E+00 7.51693E+00 4.86204E+00 2.11738E+02
6.06842E+00 8.70771E+00 8.71508E+00 1.11591E+01 1.11532E+01 1.11533E+01 1.11593E+01 8.71420E+00 8.70771E+00 6.06842E+00 2.49619E+02
7.36661E+00 9.99109E+00 9.99848E+00 1.24269E+01 1.24210E+01 1.24211E+01 1.24271E+01 9.99759E+00 9.99109E+00 7.36661E+00 2.90745E+02
8.75514E+00 1.13655E+01 1.13729E+01 1.37866E+01 1.37806E+01 1.37807E+01 1.37868E+01 1.13720E+01 1.13655E+01 8.75514E+00 3.35094E+02
1.02325E+01 1.28295E+01 1.28369E+01 1.52364E+01 1.52304E+01 1.52305E+01 1.52366E+01 1.28360E+01 1.28295E+01 1.02325E+01 3.82633E+02
1.17973E+01 1.43814E+01 1.43889E+01 1.67749E+01 1.67689E+01 1.67690E+01 1.67751E+01 1.43880E+01 1.43814E+01 1.17973E+01 4.33322E+02
1.34481E+01 1.60198E+01 1.60273E+01 1.84004E+01 1.83944E+01 1.83945E+01 1.84006E+01 1.60264E+01 1.60198E+01 1.34481E+01 4.87114E+02
1.51832E+01 1.77432E+01 1.77507E+01 2.01114E+01 2.01054E+01 2.01055E+01 2.01117E+01 1.77498E+01 1.77432E+01 1.51832E+01 5.43958E+02
1.70014E+01 1.95500E+01 1.95575E+01 2.19063E+01 2.19003E+01 2.19004E+01 2.19066E+01 1.95566E+01 1.95500E+01 1.70014E+01 6.03798E+02
1.89011E+01 2.14388E+01 2.14463E+01 2.37837E+01 2.37777E+01 2.37778E+01 2.37840E+01 2.14454E+01 2.14388E+01 1.89011E+01 6.66574E+02
2.08808E+01 2.34081E+01 2.34156E+01 2.57420E+01 2.57359E+01 2.57361E+01 2.57423E+01 2.34147E+01 2.34081E+01 2.08808E+01 7.32227E+02
2.29392E+01 2.54563E+01 2.54639E+01 2.77797E+01 2.77736E+01 2.77738E+01 2.77801E+01 2.54630E+01 2.54563E+01 2.29392E+01 8.00692E+02
2.50749E+01 2.75822E+01 2.75898E+01 2.98954E+01 2.98893E+01 2.98894E+01 2.98957E+01 2.75889E+01 2.75822E+01 2.50749E+01 8.71905E+02
2.72864E+01 2.97842E+01 2.97918E+01 3.20875E+01 3.20814E+01 3.20816E+01 3.20879E+01 2.97909E+01 2.97842E+01 2.72864E+01 9.45802E+02
2.95723E+01 3.20610E+01 3.20686E+01 3.43547E+01 3.43486E+01 3.43488E+01 3.43551E+01 3.20677E+01 3.20610E+01 2.95723E+01 1.02232E+03
3.19312E+01 3.44111E+01 3.44188E+01 3.66956E+01 3.66895E+01 3.66897E+01 3.66961E+01 3.44178E+01 3.44111E+01 3.19312E+01 1.10138E+03
3.43619E+01 3.68332E+01 3.68409E+01 3.91088E+01 3.91027E+01 3.91028E+01 3.91092E+01 3.68399E+01 3.68332E+01 3.43619E+01 1.18294E+03
3.68630E+01 3.93259E+01 3.93337E+01 4.15929E+01 4.15867E+01 4.15869E+01 4.15933E+01 3.93327E+01 3.93259E+01 3.68630E+01 1.26692E+03
3.94331E+01 4.18880E+01 4.18957E+01 4.41465E+01 4.41404E+01 4.41405E+01 4.41470E+01 4.18947E+01 4.18880E+01 3.94331E+01 1.35326E+03
4.20710E+01 4.45180E+01 4.45258E+01 4.67684E+01 4.67622E+01 4.67624E+01 4.67688E+01 4.45248E+01 4.45180E+01 4.20710E+01 1.44189E+03
4.47754E+01 4.72147E+01 4.72225E+01 4.94571E+01 4.94510E+01 4.94511E+01 4.94576E+01 4.72215E+01 4.72147E+01 4.47754E+01 1.53276E+03
4.75450E+01 4.99769E+01 4.99847E+01 5.22116E+01 5.22054E+01 5.22056E+01 5.22121E+01 4.99837E+01 4.99769E+01 4.75450E+01 1.62580E+03
5.03786E+01 5.28032E+01 5.28110E+01 5.50304E+01 5.50242E+01 5.50244E+01 5.50309E+01 5.28100E+01 5.28032E+01 5.03786E+01 1.72096E+03
5.32749E+01 5.56925E+01 5.57003E+01 5.79124E+01 5.79062E+01 5.79063E+01 5.79129E+01 5.56993E+01 5.56925E+01 5.32749E+01 1.81817E+03
5.62328E+01 5.86436E+01 5.86514E+01 6.08563E+01 6.08501E+01 6.08502E+01 6.08568E+01 5.86504E+01 5.86436E+01 5.62328E+01 1.91738E+03
5.92511E+01 6.16551E+01 6.16630E+01 6.38609E+01 6.38547E+01 6.38549E+01 6.38614E+01 6.16620E+01 6.16551E+01 5.92511E+01 2.01853E+03
6.23287E+01 6.47261E+01 6.47340E+01 6.69251E+01 6.69189E+01 6.69190E+01 6.69256E+01 6.47330E+01 6.47261E+01 6.23287E+01 2.12156E+03
6.54643E+01 6.78553E+01 6.78632E+01 7.00477E+01 7.00415E+01 7.00416E+01 7.00482E+01 6.78622E+01 6.78553E+01 6.54643E+01 2.22643E+03
6.86569E+01 7.10417E+01 7.10496E+01 7.32276E+01 7.32213E+01 7.32215E+01 7.32281E+01 7.10486E+01 7.10417E+01 6.86569E+01 2.33307E+03
7.19053E+01 7.42841E+01 7.42920E+01 7.64636E+01 7.64574E+01 7.64575E+01 7.64642E+01 7.42910E+01 7.42841E+01 7.19053E+01 2.44144E+03
7.52086E+01 7.75814E+01 7.75893E+01 7.97547E+01 7.97485E+01 7.97487E+01 7.97553E+01 7.75883E+01 7.75814E+01 7.52086E+01 2.55150E+03
7.85657E+01 8.09325E+01 8.09405E+01 8.30999E+01 8.30936E+01 8.30938E+01 8.31005E+01 8.09395E+01 8.09325E+01 7.85657E+01 2.66318E+03
8.19754E+01 8.43366E+01 8.43445E+01 8.64980E+01 8.64917E+01 8.64919E+01 8.64986E+01 8.43435E+01 8.43366E+01 8.19754E+01 2.77644E+03
8.54368E+01 8.77924E+01 8.78003E+01 8.99480E+01 8.99417E+01 8.99419E+01 8.99486E+01 8.77993E+01 8.77924E+01 8.54368E+01 2.89125E+03
8.89489E+01 9.12990E+01 9.13070E+01 9.34489E+01 9.34427E+01 9.34429E+01 9.34496E+01 9.13060E+01 9.12990E+01 8.89489E+01 3.00754E+03
9.25108E+01 9.48555E+01 9.48635E+01 9.69999E+01 9.69936E+01 9.69938E+01 9.70005E+01 9.48624E+01 9.48555E+01 9.25108E+01 3.12528E+03
9.61214E+01 9.84608E+01 9.84688E+01 1.00600E+02 1.00593E+02 1.00594E+02 1.00600E+02 9.84677E+01 9.84608E+01 9.61214E+01 3.24443E+03
0.00000E+00 0.00000E+00 -6.11838E-02 2.49810E+00 2.49230E+00 2.49252E+00 2.49860E+00 -6.20031E-02 0.00000E+00 0.00000E+00 -2.97094E+00
0.00000E+00 0.00000E+00 -2.41872E-02 2.48190E+00 2.47604E+00 2.47625E+00 2.48242E+00 -2.50291E-02 0.00000E+00 0.00000E+00 -8.01805E-01
0.00000E+00 9.87059E-02 1.05831E-01 2.56835E+00 2.56245E+00 2.56265E+00 2.56888E+00 1.04971E-01 9.87059E-02 0.00000E+00 2.51712E+00
0.00000E+00 3.21842E-01 3.29017E-01 2.75421E+00 2.74828E+00 2.74847E+00 2.75476E+00 3.28140E-01 3.21842E-01 0.00000E+00 7.32729E+00
0.00000E+00 6.37693E-01 6.44914E-01 3.03731E+00 3.03134E+00 3.03153E+00 3.03787E+00 6.44022E-01 6.37693E-01 0.00000E+00 1.40389E+01
0.00000E+00 1.04370E+00 1.05097E+00 3.41416E+00 3.40816E+00 3.40834E+00 3.41472E+00 1.05006E+00 1.04370E+00 0.00000E+00 2.29453E+01
0.00000E+00 1.53703E+00 1.54434E+00 3.88121E+00 3.87518E+00 3.87536E+00 3.88179E+00 1.54342E+00 1.53703E+00 0.00000E+00 3.42756E+01
0.00000E+00 2.11488E+00 2.12223E+00 4.43518E+00 4.42912E+00 4.42930E+00 4.43576E+00 2.12130E+00 2.11488E+00 0.00000E+00 4.81998E+01
2.32438E-01 2.73187E+00 2.73926E+00 5.03040E+00 5.02432E+00 5.02449E+00 5.03099E+00 2.73832E+00 2.73187E+00 2.32438E-01 6.49369E+01
8.87526E-01 3.36766E+00 3.37508E+00 5.64616E+00 5.64006E+00 5.64023E+00 5.64676E+00 3.37413E+00 3.36766E+00 8.87526E-01 8.45235E+01
1.62772E+00 4.08981E+00 4.09727E+00 6.34963E+00 6.34351E+00 6.34368E+00 6.35024E+00 4.09632E+00 4.08981E+00 1.62772E+00 1.06818E+02
2.45149E+00 4.89667E+00 4.90416E+00 7.13898E+00 7.13283E+00 7.13301E+00 7.13959E+00 4.90319E+00 4.89667E+00 2.45149E+00 1.31854E+02
3.35729E+00 5.78653E+00 5.79406E+00 8.01237E+00 8.00621E+00 8.00638E+00 8.01299E+00 5.79308E+00 5.78653E+00 3.35729E+00 1.59650E+02
4.34352E+00 6.75772E+00 6.76528E+00 8.96802E+00 8.96184E+00 8.96201E+00 8.96865E+00 6.76430E+00 6.75772E+00 4.34352E+00 1.90204E+02
5.40864E+00 7.80858E+00 7.81618E+00 1.00042E+01 9.99798E+00 9.99816E+00 1.00048E+01 7.81519E+00 7.80858E+00 5.40864E+00 2.23503E+02
6.55107E+00 8.93748E+00 8.94511E+00 1.11191E+01 1.11129E+01 1.11131E+01 1.11198E+01 8.94411E+00 8.93748E+00 6.55107E+00 2.59523E+02
7.76928E+00 1.01428E+01 1.01505E+01 1.23112E+01 1.23050E+01 1.23051E+01 1.23119E+01 1.01495E+01 1.01428E+01 7.76928E+00 2.98231E+02
9.06174E+00 1.14230E+01 1.14307E+01 1.35787E+01 1.35725E+01 1.35727E+01 1.35794E+01 1.14297E+01 1.14230E+01 9.06174E+00 3.39586E+02
1.04270E+01 1.27765E+01 1.27842E+01 1.49201E+01 1.49139E+01 1.49141E+01 1.49208E+01 1.27832E+01 1.27765E+01 1.04270E+01 3.83542E+02
1.18634E+01 1.42017E+01 1.42095E+01 1.63338E+01 1.63276E+01 1.63277E+01 1.63345E+01 1.42084E+01 1.42017E+01 1.18634E+01 4.30049E+02
1.33698E+01 1.56972E+01 1.57050E+01 1.78183E+01 1.78120E+01 1.78122E+01 1.78190E+01 1.57040E+01 1.56972E+01 1.33698E+01 4.79052E+02
1.49444E+01 1.72616E+01 1.72694E+01 1.93720E+01 1.93657E+01 1.93659E+01 1.93727E+01 1.72683E+01 1.72616E+01 1.49444E+01 5.30496E+02
1.65861E+01 1.88932E+01 1.89011E+01 2.09935E+01 2.09871E+01 2.09873E+01 2.09942E+01 1.89000E+01 1.88932E+01 1.65861E+01 5.84321E+02
1.82933E+01 2.05909E+01 2.05987E+01 2.26812E+01 2.26749E+01 2.26751E+01 2.26820E+01 2.05977E+01 2.05909E+01 1.82933E+01 6.40468E+02
2.00647E+01 2.23530E+01 2.23609E+01 2.44339E+01 2.44276E+01 2.44278E+01 2.44347E+01 2.23599E+01 2.23530E+01 2.00647E+01 6.98876E+02
2.18990E+01 2.41784E+01 2.41863E+01 2.62501E+01 2.62438E+01 2.62440E+01 2.62509E+01 2.41852E+01 2.41784E+01 2.18990E+01 7.59487E+02
2.37948E+01 2.60656E+01 2.60735E+01 2.81285E+01 2.81222E+01 2.81223E+01 2.81292E+01 2.60724E+01 2.60656E+01 2.37948E+01 8.22237E+02
2.57509E+01 2.80133E+01 2.80212E+01 3.00677E+01 3.00613E+01 3.00615E+01 3.00684E+01 2.80202E+01 2.80133E+01 2.57509E+01 8.87068E+02
2.77659E+01 3.00202E+01 3.00282E+01 3.20664E+01 3.20600E+01 3.20602E+01 3.20671E+01 3.00272E+01 3.00202E+01 2.77659E+01 9.53920E+02
2.98387E+01 3.20852E+01 3.20932E+01 3.41233E+01 3.41169E+01 3.41171E+01 3.41241E+01 3.20921E+01 3.20852E+01 2.98387E+01 1.02273E+03
3.19680E+01 3.42069E+01 3.42149E+01 3.62372E+01 3.62308E+01 3.62310E+01 3.62380E+01 3.42138E+01 3.42069E+01 3.19680E+01 1.09345E+03
3.41526E+01 3.63840E+01 3.63921E+01 3.84069E+01 3.84005E+01 3.84007E+01 3.84077E+01 3.63910E+01 3.63840E+01 3.41526E+01 1.16602E+03
3.63913E+01 3.86156E+01 3.86236E+01 4.06311E+01 4.06247E+01 4.06249E+01 4.06319E+01 3.86226E+01 3.86156E+01 3.63913E+01 1.24037E+03
3.86830E+01 4.09003E+01 4.09084E+01 4.29087E+01 4.29022E+01 4.29024E+01 4.29095E+01 4.09073E+01 4.09003E+01 3.86830E+01 1.31646E+03
4.10265E+01 4.32370E+01 4.32451E+01 4.52385E+01 4.52320E+01 4.52322E+01 4.52393E+01 4.32440E+01 4.32370E+01 4.10265E+01 1.39423E+03
4.34207E+01 4.56246E+01 4.56327E+01 4.76193E+01 4.76129E+01 4.76131E+01 4.76201E+01 4.56316E+01 4.56246E+01 4.34207E+01 1.47364E+03
4.58646E+01 4.80620E+01 4.80702E+01 5.00502E+01 5.00438E+01 5.00440E+01 5.00510E+01 4.80691E+01 4.80620E+01 4.58646E+01 1.55462E+03
4.83570E+01 5.05482E+01 5.05564E+01 5.25300E+01 5.25235E+01 5.25237E+01 5.25308E+01 5.05552E+01 5.05482E+01 4.83570E+01 1.63713E+03
5.08970E+01 5.30820E+01 5.30902E+01 5.50576E+01 5.50511E+01 5.50513E+01 5.50584E+01 5.30891E+01 5.30820E+01 5.08970E+01 1.72113E+03
5.34835E+01 5.56625E+01 5.56708E+01 5.76320E+01 5.76256E+01 5.76258E+01 5.76329E+01 5.56696E+01 5.56625E+01 5.34835E+01 1.80656E+03
5.61155E+01 5.82887E+01 5.82970E+01 6.02523E+01 6.02458E+01 6.02460E+01 6.02531E+01 5.82958E+01 5.82887E+01 5.61155E+01 1.89337E+03
5.87921E+01 6.09595E+01 6.09678E+01 6.29173E+01 6.29108E+01 6.29110E+01 6.29182E+01 6.09667E+01 6.09595E+01 5.87921E+01 1.98154E+03
6.15122E+01 6.36741E+01 6.36824E+01 6.56262E+01 6.56197E+01 6.56199E+01 6.56271E+01 6.36813E+01 6.36741E+01 6.15122E+01 2.07100E+03
6.42750E+01 6.64314E+01 6.64397E+01 6.83780E+01 6.83715E+01 6.83717E+01 6.83789E+01 6.64386E+01 6.64314E+01 6.42750E+01 2.16172E+03
6.70795E+01 6.92306E+01 6.92389E+01 7.11718E+01 7.11653E+01 7.11655E+01 7.11726E+01 6.92378E+01 6.92306E+01 6.70795E+01 2.25366E+03
6.99249E+01 7.20707E+01 7.20791E+01 7.40066E+01 7.40001E+01 7.40003E+01 7.40075E+01 7.20779E+01 7.20707E+01 6.99249E+01 2.34678E+03
7.28102E+01 7.49509E+01 7.49593E+01 7.68816E+01 7.68751E+01 7.68753E+01 7.68825E+01 7.49581E+01 7.49509E+01 7.28102E+01 2.44104E+03
7.57346E+01 7.78703E+01 7.78787E+01 7.97959E+01 7.97894E+01 7.97896E+01 7.97968E+01 7.78776E+01 7.78703E+01 7.57346E+01 2.53640E+03
7.86973E+01 8.08281E+01 8.08365E+01 8.27487E+01 8.27422E+01 8.27424E+01 8.27496E+01 8.08354E+01 8.08281E+01 7.86973E+01 2.63283E+03
8.16974E+01 8.38234E+01 8.38318E+01 8.57392E+01 8.57326E+01 8.57329E+01 8.57401E+01 8.38307E+01 8.38234E+01 8.16974E+01 2.73029E+03
0.00000E+00 0.00000E+00 -5.83056E-02 2.23303E+00 2.22697E+00 2.22710E+00 2.23358E+00 -5.92185E-02 0.00000E+00 0.00000E+00 -2.73948E+00
0.00000E+00 0.00000E+00 -2.24199E-02 2.22125E+00 2.21513E+00 2.21525E+00 2.22179E+00 -2.33554E-02 0.00000E+00 0.00000E+00 -7.43297E-01
0.00000E+00 9.27012E-02 9.99955E-02 2.30463E+00 2.29846E+00 2.29857E+00 2.30516E+00 9.90408E-02 9.27012E-02 0.00000E+00 2.33910E+00
0.00000E+00 2.99847E-01 3.07209E-01 2.47839E+00 2.47219E+00 2.47229E+00 2.47893E+00 3.06237E-01 2.99847E-01 0.00000E+00 6.81249E+00
0.00000E+00 5.90115E-01 5.97540E-01 2.73934E+00 2.73310E+00 2.73320E+00 2.73987E+00 5.96553E-01 5.90115E-01 0.00000E+00 1.30362E+01
0.00000E+00 9.60265E-01 9.67749E-01 3.08336E+00 3.07709E+00 3.07719E+00 3.08390E+00 9.66749E-01 9.60265E-01 0.00000E+00 2.12539E+01
0.00000E+00 1.40704E+00 1.41458E+00 3.50661E+00 3.50031E+00 3.50041E+00 3.50716E+00 1.41357E+00 1.40704E+00 0.00000E+00 3.16475E+01
0.00000E+00 1.92741E+00 1.93500E+00 4.00559E+00 3.99926E+00 3.99936E+00 4.00614E+00 1.93398E+00 1.92741E+00 0.00000E+00 4.43441E+01
2.10203E-01 2.48238E+00 2.49003E+00 4.54107E+00 4.53472E+00 4.53481E+00 4.54162E+00 2.48899E+00 2.48238E+00 2.10203E-01 5.94819E+01
8.00196E-01 3.05474E+00 3.06243E+00 5.09550E+00 5.08912E+00 5.08922E+00 5.09606E+00 3.06139E+00 3.05474E+00 8.00196E-01 7.70457E+01
1.46334E+00 3.70140E+00 3.70915E+00 5.72543E+00 5.71903E+00 5.71913E+00 5.72600E+00 3.70809E+00 3.70140E+00 1.46334E+00 9.69377E+01
2.19789E+00 4.42049E+00 4.42828E+00 6.42884E+00 6.42243E+00 6.42253E+00 6.42942E+00 4.42722E+00 4.42049E+00 2.19789E+00 1.19172E+02
3.00213E+00 5.21018E+00 5.21802E+00 7.20378E+00 7.19735E+00 7.19745E+00 7.20438E+00 5.21694E+00 5.21018E+00 3.00213E+00 1.43747E+02
3.87439E+00 6.06870E+00 6.07657E+00 8.04838E+00 8.04193E+00 8.04204E+00 8.04898E+00 6.07549E+00 6.06870E+00 3.87439E+00 1.70648E+02
4.81302E+00 6.99431E+00 7.00223E+00 8.96082E+00 8.95436E+00 8.95447E+00 8.96144E+00 7.00114E+00 6.99431E+00 4.81302E+00 1.99850E+02
5.81643E+00 7.98535E+00 7.99331E+00 9.93937E+00 9.93289E+00 9.93300E+00 9.94000E+00 7.99221E+00 7.98535E+00 5.81643E+00 2.31319E+02
6.88304E+00 9.04020E+00 9.04820E+00 1.09823E+01 1.09759E+01 1.09760E+01 1.09830E+01 9.04710E+00 9.04020E+00 6.88304E+00 2.65015E+02
8.01136E+00 1.01573E+01 1.01653E+01 1.20881E+01 1.20816E+01 1.20817E+01 1.20888E+01 1.01642E+01 1.01573E+01 8.01136E+00 3.00894E+02
9.19988E+00 1.13351E+01 1.13432E+01 1.32551E+01 1.32486E+01 1.32487E+01 1.32558E+01 1.13420E+01 1.13351E+01 9.19988E+00 3.38905E+02
1.04472E+01 1.25721E+01 1.25802E+01 1.44818E+01 1.44752E+01 1.44754E+01 1.44824E+01 1.25791E+01 1.25721E+01 1.04472E+01 3.78998E+02
1.17518E+01 1.38669E+01 1.38751E+01 1.57667E+01 1.57601E+01 1.57602E+01 1.57673E+01 1.38739E+01 1.38669E+01 1.17518E+01 4.21117E+02
1.31125E+01 1.52181E+01 1.52263E+01 1.71083E+01 1.71018E+01 1.71019E+01 1.71090E+01 1.52251E+01 1.52181E+01 1.31125E+01 4.65208E+02
1.45277E+01 1.66242E+01 1.66325E+01 1.85053E+01 1.84988E+01 1.84989E+01 1.85061E+01 1.66313E+01 1.66242E+01 1.45277E+01 5.11215E+02
1.59963E+01 1.80841E+01 1.80923E+01 1.99564E+01 1.99498E+01 1.99499E+01 1.99571E+01 1.80912E+01 1.80841E+01 1.59963E+01 5.59081E+02
1.75170E+01 1.95963E+01 1.96046E+01 2.14601E+01 2.14535E+01 2.14536E+01 2.14608E+01 1.96034E+01 1.95963E+01 1.75170E+01 6.08750E+02
1.90885E+01 2.11596E+01 2.11679E+01 2.30152E+01 2.30086E+01 2.30088E+01 2.30160E+01 2.11668E+01 2.11596E+01 1.90885E+01 6.60166E+02
2.07095E+01 2.27728E+01 2.27811E+01 2.46205E+01 2.46139E+01 2.46140E+01 2.46212E+01 2.27800E+01 2.27728E+01 2.07095E+01 7.13274E+02
2.23790E+01 2.44346E+01 2.44430E+01 2.62747E+01 2.62680E+01 2.62682E+01 2.62754E+01 2.44418E+01 2.44346E+01 2.23790E+01 7.68018E+02
2.40957E+01 2.61439E+01 2.61523E+01 2.79766E+01 2.79699E+01 2.79701E+01 2.79773E+01 2.61511E+01 2.61439E+01 2.40957E+01 8.24346E+02
2.58585E+01 2.78995E+01 2.79080E+01 2.97250E+01 2.97184E+01 2.97185E+01 2.97258E+01 2.79068E+01 2.78995E+01 2.58585E+01 8.82204E+02
2.76663E+01 2.97004E+01 2.97088E+01 3.15189E+01 3.15123E+01 3.15124E+01 3.15197E+01 2.97077E+01 2.97004E+01 2.76663E+01 9.41542E+02
2.95180E+01 3.15453E+01 3.15538E+01 3.33571E+01 3.33505E+01 3.33506E+01 3.33579E+01 3.15526E+01 3.15453E+01 2.95180E+01 1.00231E+03
3.14126E+01 3.34333E+01 3.34419E+01 3.52386E+01 3.52319E+01 3.52321E+01 3.52394E+01 3.34407E+01 3.34333E+01 3.14126E+01 1.06446E+03
3.33490E+01 3.53634E+01 3.53720E+01 3.71623E+01 3.71556E+01 3.71558E+01 3.71631E+01 3.53708E+01 3.53634E+01 3.33490E+01 1.12794E+03
3.53262E+01 3.73344E+01 3.73430E+01 3.91271E+01 3.91204E+01 3.91206E+01 3.91280E+01 3.73418E+01 3.73344E+01 3.53262E+01 1.19270E+03
3.73433E+01 3.93455E+01 3.93541E+01 4.11321E+01 4.11254E+01 4.11256E+01 4.11330E+01 3.93529E+01 3.93455E+01 3.73433E+01 1.25871E+03
3.93993E+01 4.13956E+01 4.14042E+01 4.31764E+01 4.31697E+01 4.31698E+01 4.31772E+01 4.14030E+01 4.13956E+01 3.93993E+01 1.32592E+03
4.14933E+01 4.34838E+01 4.34925E+01 4.52589E+01 4.52522E+01 4.52523E+01 4.52598E+01 4.34913E+01 4.34838E+01 4.14933E+01 1.39428E+03
4.36243E+01 4.56092E+01 4.56179E+01 4.73787E+01 4.73720E+01 4.73722E+01 4.73796E+01 4.56167E+01 4.56092E+01 4.36243E+01 1.46376E+03
4.57915E+01 4.77710E+01 4.77797E+01 4.95350E+01 4.95283E+01 4.95285E+01 4.95359E+01 4.77785E+01 4.77710E+01 4.57915E+01 1.53431E+03
4.79940E+01 4.99681E+01 4.99769E+01 5.17268E+01 5.17201E+01 5.17203E+01 5.17278E+01 4.99756E+01 4.99681E+01 4.79940E+01 1.60590E+03
5.02310E+01 5.21998E+01 5.22086E+01 5.39534E+01 5.39466E+01 5.39468E+01 5.39543E+01 5.22074E+01 5.21998E+01 5.02310E+01 1.67849E+03
5.25016E+01 5.44653E+01 5.44741E+01 5.62138E+01 5.62071E+01 5.62073E+01 5.62147E+01 5.44729E+01 5.44653E+01 5.25016E+01 1.75204E+03
5.48050E+01 5.67638E+01 5.67726E+01 5.85073E+01 5.85005E+01 5.85007E+01 5.85082E+01 5.67714E+01 5.67638E+01 5.48050E+01 1.82652E+03
5.71405E+01 5.90944E+01 5.91032E+01 6.08330E+01 6.08263E+01 6.08265E+01 6.08340E+01 5.91020E+01 5.90944E+01 5.71405E+01 1.90189E+03
5.95072E+01 6.14563E+01 6.14652E+01 6.31903E+01 6.31835E+01 6.31837E+01 6.31912E+01 6.14640E+01 6.14563E+01 5.95072E+01 1.97813E+03
6.19045E+01 6.38490E+01 6.38579E+01 6.55782E+01 6.55715E+01 6.55717E+01 6.55792E+01 6.38566E+01 6.38490E+01 6.19045E+01 2.05519E+03
6.43316E+01 6.62715E+01 6.62804E+01 6.79962E+01 6.79894E+01 6.79897E+01 6.79972E+01 6.62792E+01 6.62715E+01 6.43316E+01 2.13306E+03
6.67878E+01 6.87232E+01 6.87322E+01 7.04435E+01 7.04367E+01 7.04369E+01 7.04445E+01 6.87309E+01 6.87232E+01 6.67878E+01 2.21170E+03
6.92725E+01 7.12034E+01 7.12124E+01 7.29193E+01 7.29126E+01 7.29128E+01 7.29204E+01 7.12112E+01 7.12034E+01 6.92725E+01 2.29108E+03
0.00000E+00 0.00000E+00 -5.59398E-02 1.99538E+00 1.98904E+00 1.98902E+00 1.99567E+00 -5.69392E-02 0.00000E+00 0.00000E+00 -2.53392E+00
0.00000E+00 0.00000E+00 -2.07395E-02 1.98785E+00 1.98146E+00 1.98145E+00 1.98816E+00 -2.17636E-02 0.00000E+00 0.00000E+00 -6.90796E-01
0.00000E+00 8.72156E-02 9.47722E-02 2.06837E+00 2.06193E+00 2.06193E+00 2.06870E+00 9.37272E-02 8.72156E-02 0.00000E+00 2.17906E+00
0.00000E+00 2.79613E-01 2.87258E-01 2.23087E+00 2.22440E+00 2.22440E+00 2.23123E+00 2.86195E-01 2.79613E-01 0.00000E+00 6.34490E+00
0.00000E+00 5.46311E-01 5.54039E-01 2.47131E+00 2.46480E+00 2.46480E+00 2.47168E+00 5.52959E-01 5.46311E-01 0.00000E+00 1.21184E+01
0.00000E+00 8.83549E-01 8.91354E-01 2.78515E+00 2.77861E+00 2.77862E+00 2.78555E+00 8.90259E-01 8.83549E-01 0.00000E+00 1.96983E+01
0.00000E+00 1.28779E+00 1.29567E+00 3.16832E+00 3.16175E+00 3.16177E+00 3.16874E+00 1.29456E+00 1.28779E+00 0.00000E+00 2.92242E+01
0.00000E+00 1.75585E+00 1.76380E+00 3.61723E+00 3.61064E+00 3.61066E+00 3.61767E+00 1.76268E+00 1.75585E+00 0.00000E+00 4.07865E+01
1.89845E-01 2.25440E+00 2.26242E+00 4.09831E+00 4.09170E+00 4.09173E+00 4.09878E+00 2.26128E+00 2.25440E+00 1.89845E-01 5.44562E+01
7.20455E-01 2.76890E+00 2.77698E+00 4.59676E+00 4.59012E+00 4.59016E+00 4.59724E+00 2.77583E+00 2.76890E+00 7.20455E-01 7.01777E+01
1.31363E+00 3.34702E+00 3.35516E+00 5.15989E+00 5.15324E+00 5.15328E+00 5.16040E+00 3.35400E+00 3.34702E+00 1.31363E+00 8.78914E+01
1.96752E+00 3.98678E+00 3.99498E+00 5.78561E+00 5.77893E+00 5.77899E+00 5.78614E+00 3.99381E+00 3.98678E+00 1.96752E+00 1.07595E+02
2.68031E+00 4.68628E+00 4.69453E+00 6.47190E+00 6.46521E+00 6.46527E+00 6.47246E+00 4.69336E+00 4.68628E+00 2.68031E+00 1.29273E+02
3.45030E+00 5.44372E+00 5.45202E+00 7.21687E+00 7.21016E+00 7.21023E+00 7.21745E+00 5.45084E+00 5.44372E+00 3.45030E+00 1.52900E+02
4.27583E+00 6.25735E+00 6.26571E+00 8.01871E+00 8.01199E+00 8.01206E+00 8.01931E+00 6.26451E+00 6.25735E+00 4.27583E+00 1.78443E+02
5.15531E+00 7.12553E+00 7.13394E+00 8.87570E+00 8.86896E+00 8.86904E+00 8.87632E+00 7.13274E+00 7.12553E+00 5.15531E+00 2.05862E+02
6.08719E+00 8.04666E+00 8.05512E+00 9.78620E+00 9.77945E+00 9.77953E+00 9.78684E+00 8.05392E+00 8.04666E+00 6.08719E+00 2.35115E+02
7.07002E+00 9.01923E+00 9.02774E+00 1.07486E+01 1.07419E+01 1.07420E+01 1.07493E+01 9.02653E+00 9.01923E+00 7.07002E+00 2.66152E+02
8.10236E+00 1.00418E+01 1.00503E+01 1.17615E+01 1.17547E+01 1.17548E+01 1.17622E+01 1.00491E+01 1.00418E+01 8.10236E+00 2.98925E+02
9.18283E+00 1.11129E+01 1.11215E+01 1.28233E+01 1.28165E+01 1.28166E+01 1.28240E+01 1.11202E+01 1.11129E+01 9.18283E+00 3.33382E+02
1.03101E+01 1.22311E+01 1.22398E+01 1.39327E+01 1.39259E+01 1.39260E+01 1.39334E+01 1.22385E+01 1.22311E+01 1.03101E+01 3.69471E+02
1.14829E+01 1.33953E+01 1.34040E+01 1.50883E+01 1.50815E+01 1.50816E+01 1.50891E+01 1.34027E+01 1.33953E+01 1.14829E+01 4.07139E+02
1.26999E+01 1.46040E+01 1.46127E+01 1.62889E+01 1.62820E+01 1.62822E+01 1.62896E+01 1.46115E+01 1.46040E+01 1.26999E+01 4.46333E+02
1.39600E+01 1.58561E+01 1.58649E+01 1.75331E+01 1.75262E+01 1.75264E+01 1.75339E+01 1.58636E+01 1.58561E+01 1.39600E+01 4.87002E+02
1.52620E+01 1.71503E+01 1.71592E+01 1.88197E+01 1.88129E+01 1.88130E+01 1.88205E+01 1.71579E+01 1.71503E+01 1.52620E+01 5.29094E+02
1.66047E+01 1.84856E+01 1.84945E+01 2.01476E+01 2.01408E+01 2.01409E+01 2.01485E+01 1.84932E+01 1.84856E+01 1.66047E+01 5.72557E+02
1.79871E+01 1.98607E+01 1.98696E+01 2.15157E+01 2.15088E+01 2.15090E+01 2.15165E+01 1.98684E+01 1.98607E+01 1.79871E+01 6.17343E+02
1.94079E+01 2.12746E+01 2.12836E+01 2.29228E+01 2.29159E+01 2.29160E+01 2.29236E+01 2.12823E+01 2.12746E+01 1.94079E+01 6.63403E+02
2.08663E+01 2.27263E+01 2.27353E+01 2.43678E+01 2.43609E+01 2.43611E+01 2.43687E+01 2.27340E+01 2.27263E+01 2.08663E+01 7.10688E+02
2.23612E+01 2.42146E+01 2.42237E+01 2.58497E+01 2.58428E+01 2.58430E+01 2.58506E+01 2.42224E+01 2.42146E+01 2.23612E+01 7.59154E+02
2.38917E+01 2.57387E+01 2.57477E+01 2.73675E+01 2.73606E+01 2.73608E+01 2.73684E+01 2.57464E+01 2.57387E+01 2.38917E+01 8.08754E+02
2.54566E+01 2.72975E+01 2.73066E+01 2.89203E+01 2.89134E+01 2.89136E+01 2.89212E+01 2.73053E+01 2.72975E+01 2.54566E+01 8.59447E+02
2.70552E+01 2.88901E+01 2.88992E+01 3.05070E+01 3.05001E+01 3.05003E+01 3.05080E+01 2.88979E+01 2.88901E+01 2.70552E+01 9.11189E+02
2.86865E+01 3.05155E+01 3.05247E+01 3.21268E+01 3.21198E+01 3.21200E+01 3.21277E+01 3.05234E+01 3.05155E+01 2.86865E+01 9.63939E+02
3.03496E+01 3.21730E+01 3.21822E+01 3.37787E+01 3.37717E+01 3.37720E+01 3.37797E+01 3.21809E+01 3.21730E+01 3.03496E+01 1.01766E+03
3.20438E+01 3.38616E+01 3.38709E+01 3.54619E+01 3.54550E+01 3.54552E+01 3.54629E+01 3.38695E+01 3.38616E+01 3.20438E+01 1.07231E+03
3.37681E+01 3.55805E+01 3.55898E+01 3.71755E+01 3.71686E+01 3.71688E+01 3.71766E+01 3.55885E+01 3.55805E+01 3.37681E+01 1.12786E+03
3.55217E+01 3.73289E+01 3.73382E+01 3.89188E+01 3.89119E+01 3.89121E+01 3.89199E+01 3.73369E+01 3.73289E+01 3.55217E+01 1.18426E+03
3.73039E+01 3.91060E+01 3.91154E+01 4.06909E+01 4.06839E+01 4.06842E+01 4.06920E+01 3.91140E+01 3.91060E+01 3.73039E+01 1.24149E+03
3.91139E+01 4.09110E+01 4.09204E+01 4.24911E+01 4.24841E+01 4.24843E+01 4.24921E+01 4.09191E+01 4.09110E+01 3.91139E+01 1.29951E+03
4.09510E+01 4.27432E+01 4.27526E+01 4.43185E+01 4.43115E+01 4.43118E+01 4.43196E+01 4.27513E+01 4.27432E+01 4.09510E+01 1.35829E+03
4.28144E+01 4.46019E+01 4.46113E+01 4.61725E+01 4.61655E+01 4.61658E+01 4.61736E+01 4.46100E+01 4.46019E+01 4.28144E+01 1.41780E+03
4.47035E+01 4.64863E+01 4.64957E+01 4.80524E+01 4.80454E+01 4.80456E+01 4.80535E+01 4.64944E+01 4.64863E+01 4.47035E+01 1.47801E+03
4.66175E+01 4.83957E+01 4.84052E+01 4.99574E+01 4.99504E+01 4.99507E+01 4.99585E+01 4.84039E+01 4.83957E+01 4.66175E+01 1.53889E+03
4.85558E+01 5.03296E+01 5.03391E+01 5.18869E+01 5.18799E+01 5.18802E+01 5.18881E+01 5.03378E+01 5.03296E+01 4.85558E+01 1.60041E+03
5.05178E+01 5.22872E+01 5.22968E+01 5.38403E+01 5.38332E+01 5.38335E+01 5.38414E+01 5.22954E+01 5.22872E+01 5.05178E+01 1.66255E+03
5.25028E+01 5.42679E+01 5.42775E+01 5.58168E+01 5.58098E+01 5.58101E+01 5.58180E+01 5.42762E+01 5.42679E+01 5.25028E+01 1.72528E+03
5.45102E+01 5.62712E+01 5.62808E+01 5.78160E+01 5.78090E+01 5.78093E+01 5.78172E+01 5.62794E+01 5.62712E+01 5.45102E+01 1.78858E+03
5.65395E+01 5.82963E+01 5.83059E+01 5.98371E+01 5.98301E+01 5.98304E+01 5.98384E+01 5.83046E+01 5.82963E+01 5.65395E+01 1.85241E+03
5.85899E+01 6.03427E+01 6.03524E+01 6.18797E+01 6.18726E+01 6.18729E+01 6.18809E+01 6.03510E+01 6.03427E+01 5.85899E+01 1.91677E+03
0.00000E+00 0.00000E+00 -5.40081E-02 1.78224E+00 1.77563E+00 1.77555E+00 1.78241E+00 -5.51014E-02 0.00000E+00 0.00000E+00 -2.35167E+00
0.00000E+00 0.00000E+00 -1.91117E-02 1.77883E+00 1.77216E+00 1.77210E+00 1.77905E+00 -2.02326E-02 0.00000E+00 0.00000E+00 -6.43706E-01
0.00000E+00 8.21927E-02 9.01191E-02 1.85668E+00 1.84997E+00 1.84993E+00 1.85695E+00 8.89748E-02 8.21927E-02 0.00000E+00 2.03512E+00
0.00000E+00 2.60968E-01 2.69007E-01 2.00868E+00 2.00194E+00 2.00191E+00 2.00900E+00 2.67842E-01 2.60968E-01 0.00000E+00 5.91967E+00
0.00000E+00 5.05934E-01 5.14077E-01 2.23013E+00 2.22335E+00 2.22333E+00 2.23049E+00 5.12894E-01 5.05934E-01 0.00000E+00 1.12773E+01
0.00000E+00 8.12960E-01 8.21201E-01 2.51620E+00 2.50939E+00 2.50939E+00 2.51661E+00 8.20001E-01 8.12960E-01 0.00000E+00 1.82656E+01
0.00000E+00 1.17834E+00 1.18668E+00 2.86271E+00 2.85588E+00 2.85589E+00 2.86316E+00 1.18546E+00 1.17834E+00 0.00000E+00 2.69875E+01
0.00000E+00 1.59884E+00 1.60726E+00 3.26605E+00 3.25919E+00 3.25922E+00 3.26654E+00 1.60603E+00 1.59884E+00 0.00000E+00 3.75017E+01
1.71214E-01 2.04607E+00 2.05457E+00 3.69764E+00 3.69076E+00 3.69080E+00 3.69817E+00 2.05333E+00 2.04607E+00 1.71214E-01 4.98243E+01
6.47682E-01 2.50782E+00 2.51640E+00 4.14501E+00 4.13811E+00 4.13816E+00 4.14557E+00 2.51514E+00 2.50782E+00 6.47682E-01 6.38695E+01
1.17738E+00 3.02376E+00 3.03242E+00 4.64753E+00 4.64061E+00 4.64067E+00 4.64813E+00 3.03115E+00 3.02376E+00 1.17738E+00 7.96096E+01
1.75840E+00 3.59188E+00 3.60061E+00 5.20307E+00 5.19613E+00 5.19621E+00 5.20371E+00 3.59933E+00 3.59188E+00 1.75840E+00 9.70298E+01
2.38894E+00 4.21027E+00 4.21906E+00 5.80963E+00 5.80267E+00 5.80276E+00 5.81030E+00 4.21778E+00 4.21027E+00 2.38894E+00 1.16105E+02
3.06728E+00 4.87713E+00 4.88599E+00 6.46533E+00 6.45836E+00 6.45845E+00 6.46603E+00 4.88470E+00 4.87713E+00 3.06728E+00 1.36802E+02
3.79179E+00 5.59078E+00 5.59971E+00 7.16842E+00 7.16143E+00 7.16154E+00 7.16916E+00 5.59840E+00 5.59078E+00 3.79179E+00 1.59084E+02
4.56095E+00 6.34961E+00 6.35861E+00 7.91723E+00 7.91023E+00 7.91035E+00 7.91800E+00 6.35729E+00 6.34961E+00 4.56095E+00 1.82906E+02
5.37327E+00 7.15211E+00 7.16117E+00 8.71020E+00 8.70318E+00 8.70331E+00 8.71100E+00 7.15984E+00 7.15211E+00 5.37327E+00 2.08225E+02
6.22735E+00 7.99682E+00 8.00594E+00 9.54583E+00 9.53880E+00 9.53894E+00 9.54667E+00 8.00461E+00 7.99682E+00 6.22735E+00 2.34992E+02
7.12185E+00 8.88237E+00 8.89155E+00 1.04227E+01 1.04157E+01 1.04158E+01 1.04236E+01 8.89020E+00 8.88237E+00 7.12185E+00 2.63158E+02
8.05548E+00 9.80743E+00 9.81666E+00 1.13395E+01 1.13324E+01 1.13326E+01 1.13404E+01 9.81531E+00 9.80743E+00 8.05548E+00 2.92674E+02
9.02701E+00 1.07707E+01 1.07800E+01 1.22948E+01 1.22877E+01 1.22879E+01 1.22957E+01 1.07787E+01 1.07707E+01 9.02701E+00 3.23492E+02
1.00352E+01 1.17711E+01 1.17804E+01 1.32875E+01 1.32804E+01 1.32806E+01 1.32885E+01 1.17790E+01 1.17711E+01 1.00352E+01 3.55561E+02
1.10790E+01 1.28072E+01 1.28166E+01 1.43164E+01 1.43093E+01 1.43095E+01 1.43173E+01 1.28153E+01 1.28072E+01 1.10790E+01 3.88834E+02
1.21573E+01 1.38782E+01 1.38876E+01 1.53802E+01 1.53731E+01 1.53733E+01 1.53812E+01 1.38862E+01 1.38782E+01 1.21573E+01 4.23264E+02
1.32689E+01 1.49827E+01 1.49922E+01 1.64780E+01 1.64709E+01 1.64711E+01 1.64790E+01 1.49909E+01 1.49827E+01 1.32689E+01 4.58803E+02
1.44129E+01 1.61199E+01 1.61295E+01 1.76086E+01 1.76015E+01 1.76017E+01 1.76097E+01 1.61281E+01 1.61199E+01 1.44129E+01 4.95406E+02
1.55883E+01 1.72887E+01 1.72983E+01 1.87710E+01 1.87639E+01 1.87642E+01 1.87721E+01 1.72969E+01 1.72887E+01 1.55883E+01 5.33030E+02
1.67940E+01 1.84881E+01 1.84978E+01 1.99643E+01 1.99572E+01 1.99574E+01 1.99654E+01 1.84964E+01 1.84881E+01 1.67940E+01 5.71632E+02
1.80293E+01 1.97172E+01 1.97269E+01 2.11875E+01 2.11803E+01 2.11806E+01 2.11886E+01 1.97255E+01 1.97172E+01 1.80293E+01 6.11170E+02
1.92932E+01 2.09751E+01 2.09848E+01 2.24396E+01 2.24325E+01 2.24327E+01 2.24408E+01 2.09834E+01 2.09751E+01 1.92932E+01 6.51605E+02
2.05848E+01 2.22609E+01 2.22707E+01 2.37198E+01 2.37127E+01 2.37129E+01 2.37210E+01 2.22693E+01 2.22609E+01 2.05848E+01 6.92898E+02
2.19033E+01 2.35737E+01 2.35836E+01 2.50273E+01 2.50201E+01 2.50204E+01 2.50285E+01 2.35821E+01 2.35737E+01 2.19033E+01 7.35012E+02
2.32478E+01 2.49128E+01 2.49227E+01 2.63611E+01 2.63539E+01 2.63542E+01 2.63624E+01 2.49213E+01 2.49128E+01 2.32478E+01 7.77911E+02
2.46177E+01 2.62774E+01 2.62873E+01 2.77205E+01 2.77134E+01 2.77137E+01 2.77218E+01 2.62859E+01 2.62774E+01 2.46177E+01 8.21560E+02
2.60121E+01 2.76666E+01 2.76766E+01 2.91048E+01 2.90976E+01 2.90979E+01 2.91061E+01 2.76751E+01 2.76666E+01 2.60121E+01 8.65927E+02
2.74303E+01 2.90798E+01 2.90898E+01 3.05131E+01 3.05059E+01 3.05063E+01 3.05145E+01 2.90883E+01 2.90798E+01 2.74303E+01 9.10980E+02
2.88716E+01 3.05162E+01 3.05262E+01 3.19448E+01 3.19376E+01 3.19379E+01 3.19462E+01 3.05248E+01 3.05162E+01 2.88716E+01 9.56688E+02
3.03353E+01 3.19751E+01 3.19852E+01 3.33991E+01 3.33919E+01 3.33923E+01 3.34005E+01 3.19837E+01 3.19751E+01 3.03353E+01 1.00302E+03
3.18208E+01 3.34558E+01 3.34660E+01 3.48754E+01 3.48682E+01 3.48686E+01 3.48768E+01 3.34645E+01 3.34558E+01 3.18208E+01 1.04995E+03
3.33273E+01 3.49578E+01 3.49680E+01 3.63730E+01 3.63658E+01 3.63662E+01 3.63744E+01 3.49665E+01 3.49578E+01 3.33273E+01 1.09745E+03
3.48543E+01 3.64803E+01 3.64905E+01 3.78913E+01 3.78841E+01 3.78844E+01 3.78927E+01 3.64891E+01 3.64803E+01 3.48543E+01 1.14550E+03
3.64012E+01 3.80228E+01 3.80331E+01 3.94296E+01 3.94224E+01 3.94228E+01 3.94311E+01 3.80316E+01 3.80228E+01 3.64012E+01 1.19406E+03
3.79673E+01 3.95847E+01 3.95950E+01 4.09874E+01 4.09802E+01 4.09806E+01 4.09889E+01 3.95935E+01 3.95847E+01 3.79673E+01 1.24312E+03
3.95521E+01 4.11653E+01 4.11756E+01 4.25641E+01 4.25568E+01 4.25572E+01 4.25656E+01 4.11742E+01 4.11653E+01 3.95521E+01 1.29265E+03
4.11550E+01 4.27642E+01 4.27745E+01 4.41590E+01 4.41518E+01 4.41522E+01 4.41606E+01 4.27731E+01 4.27642E+01 4.11550E+01 1.34263E+03
4.27756E+01 4.43807E+01 4.43911E+01 4.57718E+01 4.57645E+01 4.57650E+01 4.57734E+01 4.43896E+01 4.43807E+01 4.27756E+01 1.39303E+03
4.44132E+01 4.60144E+01 4.60249E+01 4.74018E+01 4.73945E+01 4.73950E+01 4.74034E+01 4.60234E+01 4.60144E+01 4.44132E+01 1.44385E+03
4.60674E+01 4.76648E+01 4.76753E+01 4.90485E+01 4.90413E+01 4.90417E+01 4.90501E+01 4.76738E+01 4.76648E+01 4.60674E+01 1.49505E+03
4.77377E+01 4.93314E+01 4.93419E+01 5.07115E+01 5.07042E+01 5.07046E+01 5.07131E+01 4.93404E+01 4.93314E+01 4.77377E+01 1.54663E+03
4.94236E+01 5.10136E+01 5.10241E+01 5.23902E+01 5.23829E+01 5.23834E+01 5.23918E+01 5.10226E+01 5.10136E+01 4.94236E+01 1.59855E+03
0.00000E+00 0.00000E+00 -5.24369E-02 1.59106E+00 1.58417E+00 1.58412E+00 1.59130E+00 -5.36378E-02 0.00000E+00 0.00000E+00 -2.19049E+00
0.00000E+00 0.00000E+00 -1.75043E-02 1.59163E+00 1.58469E+00 1.58466E+00 1.59195E+00 -1.87359E-02 0.00000E+00 0.00000E+00 -6.01516E-01
0.00000E+00 7.75815E-02 8.59987E-02 1.66699E+00 1.66000E+00 1.65999E+00 1.66738E+00 8.47414E-02 7.75815E-02 0.00000E+00 1.90561E+00
0.00000E+00 2.43754E-01 2.52312E-01 1.80918E+00 1.80216E+00 1.80217E+00 1.80964E+00 2.51032E-01 2.43754E-01 0.00000E+00 5.53247E+00
0.00000E+00 4.68669E-01 4.77356E-01 2.01303E+00 2.00597E+00 2.00601E+00 2.01355E+00 4.76056E-01 4.68669E-01 0.00000E+00 1.05051E+01
0.00000E+00 7.47958E-01 7.56766E-01 2.27355E+00 2.26647E+00 2.26652E+00 2.27414E+00 7.55448E-01 7.47958E-01 0.00000E+00 1.69444E+01
0.00000E+00 1.07785E+00 1.08677E+00 2.58653E+00 2.57943E+00 2.57950E+00 2.58718E+00 1.08543E+00 1.07785E+00 0.00000E+00 2.49210E+01
0.00000E+00 1.45511E+00 1.46414E+00 2.94843E+00 2.94130E+00 2.94139E+00 2.94913E+00 1.46279E+00 1.45511E+00 0.00000E+00 3.44670E+01
1.54171E-01 1.85569E+00 1.86482E+00 3.33500E+00 3.32785E+00 3.32796E+00 3.33576E+00 1.86346E+00 1.85569E+00 1.54171E-01 4.55543E+01
5.81309E-01 2.26938E+00 2.27861E+00 3.73581E+00 3.72864E+00 3.72876E+00 3.73662E+00 2.27723E+00 2.26938E+00 5.81309E-01 5.80754E+01
1.05347E+00 2.72897E+00 2.73829E+00 4.18338E+00 4.17619E+00 4.17633E+00 4.18423E+00 2.73690E+00 2.72897E+00 1.05347E+00 7.20296E+01
1.56874E+00 3.23246E+00 3.24186E+00 4.67560E+00 4.66839E+00 4.66855E+00 4.67650E+00 3.24046E+00 3.23246E+00 1.56874E+00 8.73927E+01
2.12536E+00 3.77798E+00 3.78747E+00 5.21052E+00 5.20330E+00 5.20347E+00 5.21147E+00 3.78605E+00 3.77798E+00 2.12536E+00 1.04133E+02
2.72167E+00 4.36379E+00 4.37337E+00 5.78635E+00 5.77911E+00 5.77930E+00 5.78734E+00 4.37195E+00 4.36379E+00 2.72167E+00 1.22213E+02
3.35610E+00 4.98830E+00 4.99795E+00 6.40139E+00 6.39414E+00 6.39434E+00 6.40242E+00 4.99652E+00 4.98830E+00 3.35610E+00 1.41592E+02
4.02720E+00 5.64996E+00 5.65970E+00 7.05408E+00 7.04682E+00 7.04704E+00 7.05516E+00 5.65825E+00 5.64996E+00 4.02720E+00 1.62226E+02
4.73357E+00 6.34737E+00 6.35718E+00 7.74295E+00 7.73567E+00 7.73591E+00 7.74407E+00 6.35572E+00 6.34737E+00 4.73357E+00 1.84069E+02
5.47392E+00 7.07915E+00 7.08903E+00 8.46660E+00 8.45931E+00 8.45956E+00 8.46776E+00 7.08757E+00 7.07915E+00 5.47392E+00 2.07077E+02
6.24699E+00 7.84404E+00 7.85399E+00 9.22372E+00 9.21642E+00 9.21668E+00 9.22492E+00 7.85252E+00 7.84404E+00 6.24699E+00 2.31201E+02
7.05160E+00 8.64081E+00 8.65084E+00 1.00131E+01 1.00058E+01 1.00060E+01 1.00143E+01 8.64936E+00 8.64081E+00 7.05160E+00 2.56396E+02
7.88662E+00 9.46832E+00 9.47841E+00 1.08334E+01 1.08261E+01 1.08264E+01 1.08347E+01 9.47692E+00 9.46832E+00 7.88662E+00 2.82617E+02
8.75097E+00 1.03254E+01 1.03356E+01 1.16837E+01 1.16764E+01 1.16767E+01 1.16851E+01 1.03341E+01 1.03254E+01 8.75097E+00 3.09819E+02
9.64361E+00 1.12111E+01 1.12214E+01 1.25629E+01 1.25555E+01 1.25558E+01 1.25642E+01 1.12199E+01 1.12111E+01 9.64361E+00 3.37958E+02
1.05636E+01 1.21244E+01 1.21347E+01 1.34698E+01 1.34625E+01 1.34628E+01 1.34712E+01 1.21332E+01 1.21244E+01 1.05636E+01 3.66992E+02
1.15099E+01 1.30643E+01 1.30746E+01 1.44036E+01 1.43962E+01 1.43965E+01 1.44050E+01 1.30731E+01 1.30643E+01 1.15099E+01 3.96880E+02
1.24816E+01 1.40298E+01 1.40402E+01 1.53632E+01 1.53558E+01 1.53562E+01 1.53647E+01 1.40387E+01 1.40298E+01 1.24816E+01 4.27582E+02
1.34779E+01 1.50201E+01 1.50306E+01 1.63478E+01 1.63404E+01 1.63408E+01 1.63493E+01 1.50290E+01 1.50201E+01 1.34779E+01 4.59060E+02
1.44980E+01 1.60343E+01 1.60448E+01 1.73565E+01 1.73492E+01 1.73495E+01 1.73581E+01 1.60433E+01 1.60343E+01 1.44980E+01 4.91277E+02
1.55409E+01 1.70716E+01 1.70822E+01 1.83886E+01 1.83812E+01 1.83816E+01 1.83901E+01 1.70807E+01 1.70716E+01 1.55409E+01 5.24197E+02
1.66060E+01 1.81313E+01 1.81419E+01 1.94430E+01 1.94356E+01 1.94360E+01 1.94446E+01 1.81404E+01 1.81313E+01 1.66060E+01 5.57788E+02
1.76925E+01 1.92124E+01 1.92231E+01 2.05192E+01 2.05118E+01 2.05122E+01 2.05209E+01 1.92216E+01 1.92124E+01 1.76925E+01 5.92015E+02
1.87997E+01 2.03144E+01 2.03252E+01 2.16164E+01 2.16090E+01 2.16094E+01 2.16181E+01 2.03236E+01 2.03144E+01 1.87997E+01 6.26847E+02
1.99268E+01 2.14366E+01 2.14474E+01 2.27338E+01 2.27264E+01 2.27268E+01 2.27355E+01 2.14458E+01 2.14366E+01 1.99268E+01 6.62255E+02
2.10732E+01 2.25781E+01 2.25890E+01 2.38708E+01 2.38634E+01 2.38638E+01 2.38725E+01 2.25874E+01 2.25781E+01 2.10732E+01 6.98211E+02
2.22383E+01 2.37385E+01 2.37494E+01 2.50267E+01 2.50192E+01 2.50197E+01 2.50284E+01 2.37478E+01 2.37385E+01 2.22383E+01 7.34685E+02
2.34214E+01 2.49169E+01 2.49279E+01 2.62008E+01 2.61934E+01 2.61939E+01 2.62026E+01 2.49263E+01 2.49169E+01 2.34214E+01 7.71653E+02
2.46219E+01 2.61130E+01 2.61240E+01 2.73926E+01 2.73852E+01 2.73857E+01 2.73944E+01 2.61224E+01 2.61130E+01 2.46219E+01 8.09089E+02
2.58393E+01 2.73259E+01 2.73370E+01 2.86015E+01 2.85940E+01 2.85945E+01 2.86033E+01 2.73354E+01 2.73259E+01 2.58393E+01 8.46969E+02
2.70729E+01 2.85553E+01 2.85664E+01 2.98268E+01 2.98194E+01 2.98199E+01 2.98287E+01 2.85648E+01 2.85553E+01 2.70729E+01 8.85269E+02
2.83223E+01 2.98005E+01 2.98117E+01 3.10681E+01 3.10607E+01 3.10612E+01 3.10700E+01 2.98101E+01 2.98005E+01 2.83223E+01 9.23969E+02
2.95869E+01 3.10610E+01 3.10722E+01 3.23248E+01 3.23174E+01 3.23179E+01 3.23268E+01 3.10706E+01 3.10610E+01 2.95869E+01 9.63047E+02
3.08662E+01 3.23363E+01 3.23476E+01 3.35964E+01 3.35889E+01 3.35895E+01 3.35984E+01 3.23460E+01 3.23363E+01 3.08662E+01 1.00248E+03
3.21597E+01 3.36260E+01 3.36372E+01 3.48824E+01 3.48749E+01 3.48755E+01 3.48844E+01 3.36356E+01 3.36260E+01 3.21597E+01 1.04226E+03
3.34669E+01 3.49294E+01 3.49407E+01 3.61823E+01 3.61748E+01 3.61754E+01 3.61843E+01 3.49391E+01 3.49294E+01 3.34669E+01 1.08235E+03
3.47875E+01 3.62462E+01 3.62576E+01 3.74956E+01 3.74881E+01 3.74887E+01 3.74977E+01 3.62560E+01 3.62462E+01 3.47875E+01 1.12275E+03
3.61209E+01 3.75760E+01 3.75874E+01 3.88219E+01 3.88145E+01 3.88151E+01 3.88240E+01 3.75858E+01 3.75760E+01 3.61209E+01 1.16343E+03
3.74667E+01 3.89182E+01 3.89297E+01 4.01608E+01 4.01534E+01 4.01540E+01 4.01630E+01 3.89280E+01 3.89182E+01 3.74667E+01 1.20438E+03
3.88245E+01 4.02725E+01 4.02840E+01 4.15119E+01 4.15044E+01 4.15050E+01 4.15140E+01 4.02824E+01 4.02725E+01 3.88245E+01 1.24559E+03
4.01939E+01 4.16385E+01 4.16501E+01 4.28747E+01 4.28672E+01 4.28678E+01 4.28769E+01 4.16484E+01 4.16385E+01 4.01939E+01 1.28704E+03
4.15745E+01 4.30158E+01 4.30274E+01 4.42488E+01 4.42413E+01 4.42420E+01 4.42510E+01 4.30257E+01 4.30158E+01 4.15745E+01 1.32871E+03
0.00000E+00 0.00000E+00 -5.11507E-02 1.41955E+00 1.41237E+00 1.41238E+00 1.42000E+00 -5.24747E-02 0.00000E+00 0.00000E+00 -2.04837E+00
0.00000E+00 0.00000E+00 -1.58834E-02 1.42397E+00 1.41675E+00 1.41679E+00 1.42453E+00 -1.72408E-02 0.00000E+00 0.00000E+00 -5.63704E-01
0.00000E+00 7.33357E-02 8.23818E-02 1.49697E+00 1.48971E+00 1.48978E+00 1.49763E+00 8.09963E-02 7.33357E-02 0.00000E+00 1.78912E+00
0.00000E+00 2.27831E-01 2.37049E-01 1.62999E+00 1.62269E+00 1.62278E+00 1.63073E+00 2.35639E-01 2.27831E-01 0.00000E+00 5.17950E+00
0.00000E+00 4.34232E-01 4.43610E-01 1.81752E+00 1.81019E+00 1.81031E+00 1.81834E+00 4.42178E-01 4.34232E-01 0.00000E+00 9.79531E+00
0.00000E+00 6.88054E-01 6.97580E-01 2.05453E+00 2.04718E+00 2.04732E+00 2.05543E+00 6.96128E-01 6.88054E-01 0.00000E+00 1.57245E+01
0.00000E+00 9.85534E-01 9.95198E-01 2.33687E+00 2.32949E+00 2.32966E+00 2.33784E+00 9.93728E-01 9.85534E-01 0.00000E+00 2.30101E+01
0.00000E+00 1.32351E+00 1.33331E+00 2.66108E+00 2.65368E+00 2.65387E+00 2.66212E+00 1.33182E+00 1.32351E+00 0.00000E+00 3.16619E+01
1.38590E-01 1.68173E+00 1.69164E+00 3.00675E+00 2.99933E+00 2.99954E+00 3.00785E+00 1.69014E+00 1.68173E+00 1.38590E-01 4.16173E+01
5.20815E-01 2.05166E+00 2.06170E+00 3.36515E+00 3.35771E+00 3.35794E+00 3.36631E+00 2.06018E+00 2.05166E+00 5.20815E-01 5.27542E+01
9.40863E-01 2.46022E+00 2.47037E+00 3.76294E+00 3.75549E+00 3.75574E+00 3.76417E+00 2.46884E+00 2.46022E+00 9.40863E-01 6.50941E+01
1.39688E+00 2.90547E+00 2.91573E+00 4.19810E+00 4.19063E+00 4.19091E+00 4.19938E+00 2.91418E+00 2.90547E+00 1.39688E+00 7.86065E+01
1.88717E+00 3.38562E+00 3.39598E+00 4.66875E+00 4.66127E+00 4.66157E+00 4.67010E+00 3.39442E+00 3.38562E+00 1.88717E+00 9.32554E+01
2.41015E+00 3.89902E+00 3.90948E+00 5.17320E+00 5.16571E+00 5.16602E+00 5.17460E+00 3.90791E+00 3.89902E+00 2.41015E+00 1.09001E+02
2.96437E+00 4.44416E+00 4.45472E+00 5.70987E+00 5.70236E+00 5.70270E+00 5.71132E+00 4.45314E+00 4.44416E+00 2.96437E+00 1.25802E+02
3.54845E+00 5.01962E+00 5.03027E+00 6.27729E+00 6.26977E+00 6.27013E+00 6.27880E+00 5.02868E+00 5.01962E+00 3.54845E+00 1.43615E+02
4.16111E+00 5.62408E+00 5.63482E+00 6.87411E+00 6.86658E+00 6.86695E+00 6.87567E+00 5.63322E+00 5.62408E+00 4.16111E+00 1.62395E+02
4.80115E+00 6.25630E+00 6.26713E+00 7.49904E+00 7.49150E+00 7.49189E+00 7.50065E+00 6.26552E+00 6.25630E+00 4.80115E+00 1.82101E+02
5.46744E+00 6.91511E+00 6.92603E+00 8.15089E+00 8.14334E+00 8.14375E+00 8.15256E+00 6.92441E+00 6.91511E+00 5.46744E+00 2.02687E+02
6.15890E+00 7.59941E+00 7.61041E+00 8.82854E+00 8.82098E+00 8.82141E+00 8.83025E+00 7.60879E+00 7.59941E+00 6.15890E+00 2.24112E+02
6.87451E+00 8.30816E+00 8.31924E+00 9.53091E+00 9.52334E+00 9.52379E+00 9.53267E+00 8.31761E+00 8.30816E+00 6.87451E+00 2.46336E+02
7.61332E+00 9.04037E+00 9.05153E+00 1.02570E+01 1.02494E+01 1.02499E+01 1.02588E+01 9.04989E+00 9.04037E+00 7.61332E+00 2.69317E+02
8.37439E+00 9.79509E+00 9.80634E+00 1.10058E+01 1.09983E+01 1.09987E+01 1.10077E+01 9.80469E+00 9.79509E+00 8.37439E+00 2.93017E+02
9.15686E+00 1.05714E+01 1.05828E+01 1.17765E+01 1.17689E+01 1.17694E+01 1.17784E+01 1.05811E+01 1.05714E+01 9.15686E+00 3.17399E+02
9.95988E+00 1.13686E+01 1.13800E+01 1.25682E+01 1.25606E+01 1.25611E+01 1.25701E+01 1.13783E+01 1.13686E+01 9.95988E+00 3.42428E+02
1.07827E+01 1.21857E+01 1.21971E+01 1.33800E+01 1.33724E+01 1.33730E+01 1.33820E+01 1.21955E+01 1.21857E+01 1.07827E+01 3.68068E+02
1.16244E+01 1.30220E+01 1.30335E+01 1.42112E+01 1.42036E+01 1.42042E+01 1.42133E+01 1.30318E+01 1.30220E+01 1.16244E+01 3.94288E+02
1.24845E+01 1.38767E+01 1.38883E+01 1.50610E+01 1.50534E+01 1.50540E+01 1.50631E+01 1.38866E+01 1.38767E+01 1.24845E+01 4.21056E+02
1.33621E+01 1.47491E+01 1.47608E+01 1.59287E+01 1.59211E+01 1.59217E+01 1.59308E+01 1.47591E+01 1.47491E+01 1.33621E+01 4.48342E+02
1.42566E+01 1.56387E+01 1.56504E+01 1.68136E+01 1.68060E+01 1.68066E+01 1.68158E+01 1.56487E+01 1.56387E+01 1.42566E+01 4.76117E+02
1.51674E+01 1.65446E+01 1.65564E+01 1.77151E+01 1.77074E+01 1.77081E+01 1.77173E+01 1.65547E+01 1.65446E+01 1.51674E+01 5.04354E+02
1.60938E+01 1.74663E+01 1.74782E+01 1.86324E+01 1.86248E+01 1.86254E+01 1.86347E+01 1.74765E+01 1.74663E+01 1.60938E+01 5.33028E+02
1.70353E+01 1.84032E+01 1.84151E+01 1.95651E+01 1.95575E+01 1.95581E+01 1.95674E+01 1.84134E+01 1.84032E+01 1.70353E+01 5.62113E+02
1.79912E+01 1.93547E+01 1.93667E+01 2.05125E+01 2.05049E+01 2.05055E+01 2.05148E+01 1.93650E+01 1.93547E+01 1.79912E+01 5.91585E+02
1.89611E+01 2.03202E+01 2.03323E+01 2.14741E+01 2.14664E+01 2.14671E+01 2.14764E+01 2.03306E+01 2.03202E+01 1.89611E+01 6.21424E+02
1.99444E+01 2.12993E+01 2.13114E+01 2.24493E+01 2.24416E+01 2.24423E+01 2.24517E+01 2.13097E+01 2.12993E+01 1.99444E+01 6.51606E+02
2.09406E+01 2.22914E+01 2.23036E+01 2.34376E+01 2.34299E+01 2.34306E+01 2.34400E+01 2.23019E+01 2.22914E+01 2.09406E+01 6.82112E+02
2.19492E+01 2.32960E+01 2.33083E+01 2.44385E+01 2.44309E+01 2.44316E+01 2.44410E+01 2.33065E+01 2.32960E+01 2.19492E+01 7.12923E+02
2.29698E+01 2.43127E+01 2.43250E+01 2.54516E+01 2.54440E+01 2.54447E+01 2.54541E+01 2.43233E+01 2.43127E+01 2.29698E+01 7.44020E+02
2.40019E+01 2.53410E+01 2.53533E+01 2.64764E+01 2.64687E+01 2.64695E+01 2.64790E+01 2.53516E+01 2.53410E+01 2.40019E+01 7.75386E+02
2.50451E+01 2.63804E+01 2.63928E+01 2.75124E+01 2.75048E+01 2.75055E+01 2.75150E+01 2.63911E+01 2.63804E+01 2.50451E+01 8.07003E+02
2.60989E+01 2.74306E+01 2.74431E+01 2.85593E+01 2.85516E+01 2.85524E+01 2.85619E+01 2.74413E+01 2.74306E+01 2.60989E+01 8.38857E+02
2.71630E+01 2.84912E+01 2.85037E+01 2.96166E+01 2.96089E+01 2.96097E+01 2.96192E+01 2.85019E+01 2.84912E+01 2.71630E+01 8.70931E+02
2.82370E+01 2.95617E+01 2.95742E+01 3.06839E+01 3.06762E+01 3.06770E+01 3.06866E+01 2.95725E+01 2.95617E+01 2.82370E+01 9.03212E+02
2.93205E+01 3.06417E+01 3.06544E+01 3.17608E+01 3.17531E+01 3.17540E+01 3.17636E+01 3.06526E+01 3.06417E+01 2.93205E+01 9.35686E+02
3.04131E+01 3.17310E+01 3.17437E+01 3.28471E+01 3.28394E+01 3.28402E+01 3.28498E+01 3.17419E+01 3.17310E+01 3.04131E+01 9.68340E+02
3.15145E+01 3.28292E+01 3.28419E+01 3.39422E+01 3.39346E+01 3.39354E+01 3.39451E+01 3.28401E+01 3.28292E+01 3.15145E+01 1.00116E+03
3.26244E+01 3.39359E+01 3.39487E+01 3.50460E+01 3.50383E+01 3.50392E+01 3.50489E+01 3.39469E+01 3.39359E+01 3.26244E+01 1.03414E+03
3.37424E+01 3.50508E+01 3.50636E+01 3.61580E+01 3.61504E+01 3.61512E+01 3.61609E+01 3.50618E+01 3.50508E+01 3.37424E+01 1.06726E+03
3.48683E+01 3.61736E+01 3.61865E+01 3.72780E+01 3.72703E+01 3.72712E+01 3.72810E+01 3.61847E+01 3.61736E+01 3.48683E+01 1.10052E+03
0.00000E+00 0.00000E+00 -5.00701E-02 1.26564E+00 1.25818E+00 1.25826E+00 1.26638E+00 -5.15323E-02 0.00000E+00 0.00000E+00 -1.92350E+00
0.00000E+00 0.00000E+00 -1.42110E-02 1.27381E+00 1.26630E+00 1.26641E+00 1.27467E+00 -1.57092E-02 0.00000E+00 0.00000E+00 -5.29718E-01
0.00000E+00 6.94123E-02 7.92474E-02 1.34457E+00 1.33703E+00 1.33718E+00 1.34555E+00 7.77191E-02 6.94123E-02 0.00000E+00 1.68449E+00
0.00000E+00 2.13068E-01 2.23113E-01 1.46899E+00 1.46141E+00 1.46159E+00 1.47007E+00 2.21558E-01 2.13068E-01 0.00000E+00 4.85747E+00
0.00000E+00 4.02365E-01 4.12603E-01 1.64138E+00 1.63378E+00 1.63399E+00 1.64256E+00 4.11025E-01 4.02365E-01 0.00000E+00 9.14197E+00
0.00000E+00 6.32800E-01 6.43218E-01 1.85676E+00 1.84913E+00 1.84938E+00 1.85803E+00 6.41619E-01 6.32800E-01 0.00000E+00 1.45968E+01
0.00000E+00 9.00693E-01 9.11279E-01 2.11109E+00 2.10344E+00 2.10372E+00 2.11245E+00 9.09661E-01 9.00693E-01 0.00000E+00 2.12415E+01
0.00000E+00 1.20300E+00 1.21375E+00 2.40107E+00 2.39340E+00 2.39371E+00 2.40252E+00 1.21211E+00 1.20300E+00 0.00000E+00 2.90678E+01
1.24356E-01 1.52275E+00 1.53365E+00 2.70958E+00 2.70190E+00 2.70223E+00 2.71111E+00 1.53199E+00 1.52275E+00 1.24356E-01 3.79868E+01
4.65723E-01 1.85289E+00 1.86393E+00 3.02939E+00 3.02169E+00 3.02205E+00 3.03099E+00 1.86226E+00 1.85289E+00 4.65723E-01 4.78678E+01
8.38626E-01 2.21530E+00 2.22647E+00 3.38215E+00 3.37444E+00 3.37483E+00 3.38383E+00 2.22479E+00 2.21530E+00 8.38626E-01 5.87506E+01
1.24130E+00 2.60813E+00 2.61943E+00 3.76594E+00 3.75822E+00 3.75863E+00 3.76770E+00 2.61774E+00 2.60813E+00 1.24130E+00 7.06005E+01
1.67215E+00 3.02971E+00 3.04113E+00 4.17902E+00 4.17129E+00 4.17172E+00 4.18085E+00 3.03943E+00 3.02971E+00 1.67215E+00 8.33795E+01
2.12969E+00 3.47850E+00 3.49004E+00 4.61979E+00 4.61205E+00 4.61251E+00 4.62169E+00 3.48832E+00 3.47850E+00 2.12969E+00 9.70474E+01
2.61258E+00 3.95310E+00 3.96476E+00 5.08680E+00 5.07904E+00 5.07953E+00 5.08876E+00 3.96303E+00 3.95310E+00 2.61258E+00 1.11563E+02
3.11956E+00 4.45220E+00 4.46398E+00 5.57870E+00 5.57094E+00 5.57146E+00 5.58074E+00 4.46224E+00 4.45220E+00 3.11956E+00 1.26885E+02
3.64947E+00 4.97462E+00 4.98650E+00 6.09427E+00 6.08650E+00 6.08704E+00 6.09637E+00 4.98475E+00 4.97462E+00 3.64947E+00 1.42972E+02
4.20122E+00 5.51922E+00 5.53121E+00 6.63235E+00 6.62457E+00 6.62513E+00 6.63451E+00 5.52945E+00 5.51922E+00 4.20122E+00 1.59784E+02
4.77379E+00 6.08495E+00 6.09705E+00 7.19185E+00 7.18407E+00 7.18465E+00 7.19408E+00 6.09528E+00 6.08495E+00 4.77379E+00 1.77281E+02
5.36622E+00 6.67084E+00 6.68303E+00 7.77177E+00 7.76398E+00 7.76459E+00 7.77406E+00 6.68125E+00 6.67084E+00 5.36622E+00 1.95426E+02
5.97760E+00 7.27595E+00 7.28824E+00 8.37117E+00 8.36338E+00 8.36401E+00 8.37352E+00 7.28646E+00 7.27595E+00 5.97760E+00 2.14182E+02
6.60710E+00 7.89942E+00 7.91181E+00 8.98916E+00 8.98135E+00 8.98201E+00 8.99157E+00 7.91001E+00 7.89942E+00 6.60710E+00 2.33514E+02
7.25389E+00 8.54042E+00 8.55289E+00 9.62488E+00 9.61707E+00 9.61775E+00 9.62735E+00 8.55109E+00 8.54042E+00 7.25389E+00 2.53387E+02
7.91722E+00 9.19816E+00 9.21073E+00 1.02776E+01 1.02697E+01 1.02704E+01 1.02801E+01 9.20892E+00 9.19816E+00 7.91722E+00 2.73771E+02
8.59636E+00 9.87192E+00 9.88457E+00 1.09464E+01 1.09386E+01 1.09393E+01 1.09490E+01 9.88275E+00 9.87192E+00 8.59636E+00 2.94634E+02
9.29062E+00 1.05610E+01 1.05737E+01 1.16308E+01 1.16229E+01 1.16237E+01 1.16334E+01 1.05719E+01 1.05610E+01 9.29062E+00 3.15948E+02
9.99935E+00 1.12647E+01 1.12775E+01 1.23299E+01 1.23221E+01 1.23228E+01 1.23326E+01 1.12757E+01 1.12647E+01 9.99935E+00 3.37684E+02
1.07219E+01 1.19824E+01 1.19953E+01 1.30432E+01 1.30354E+01 1.30362E+01 1.30460E+01 1.19935E+01 1.19824E+01 1.07219E+01 3.59817E+02
1.14577E+01 1.27135E+01 1.27265E+01 1.37700E+01 1.37622E+01 1.37630E+01 1.37728E+01 1.27246E+01 1.27135E+01 1.14577E+01 3.82321E+02
1.22062E+01 1.34574E+01 1.34705E+01 1.45098E+01 1.45020E+01 1.45028E+01 1.45127E+01 1.34686E+01 1.34574E+01 1.22062E+01 4.05173E+02
1.29669E+01 1.42136E+01 1.42268E+01 1.52620E+01 1.52542E+01 1.52550E+01 1.52649E+01 1.42249E+01 1.42136E+01 1.29669E+01 4.28351E+02
1.37391E+01 1.49816E+01 1.49948E+01 1.60261E+01 1.60182E+01 1.60191E+01 1.60290E+01 1.49929E+01 1.49816E+01 1.37391E+01 4.51833E+02
1.45225E+01 1.57608E+01 1.57741E+01 1.68015E+01 1.67937E+01 1.67946E+01 1.68045E+01 1.57722E+01 1.57608E+01 1.45225E+01 4.75599E+02
1.53165E+01 1.65507E+01 1.65641E+01 1.75878E+01 1.75799E+01 1.75809E+01 1.75909E+01 1.65622E+01 1.65507E+01 1.53165E+01 4.99631E+02
1.61207E+01 1.73510E+01 1.73644E+01 1.83845E+01 1.83766E+01 1.83776E+01 1.83876E+01 1.73626E+01 1.73510E+01 1.61207E+01 5.23911E+02
1.69347E+01 1.81611E+01 1.81746E+01 1.91912E+01 1.91833E+01 1.91843E+01 1.91943E+01 1.81728E+01 1.81611E+01 1.69347E+01 5.48420E+02
1.77581E+01 1.89807E+01 1.89943E+01 2.00074E+01 1.99995E+01 2.00005E+01 2.00106E+01 1.89924E+01 1.89807E+01 1.77581E+01 5.73144E+02
1.85903E+01 1.98093E+01 1.98230E+01 2.08327E+01 2.08248E+01 2.08258E+01 2.08359E+01 1.98211E+01 1.98093E+01 1.85903E+01 5.98067E+02
1.94312E+01 2.06466E+01 2.06604E+01 2.16668E+01 2.16589E+01 2.16599E+01 2.16701E+01 2.06585E+01 2.06466E+01 1.94312E+01 6.23174E+02
2.02803E+01 2.14922E+01 2.15060E+01 2.25092E+01 2.25013E+01 2.25024E+01 2.25126E+01 2.15041E+01 2.14922E+01 2.02803E+01 6.48452E+02
2.11372E+01 2.23457E+01 2.23596E+01 2.33597E+01 2.33518E+01 2.33529E+01 2.33631E+01 2.23577E+01 2.23457E+01 2.11372E+01 6.73888E+02
2.20016E+01 2.32068E+01 2.32208E+01 2.42178E+01 2.42099E+01 2.42110E+01 2.42212E+01 2.32188E+01 2.32068E+01 2.20016E+01 6.99470E+02
2.28733E+01 2.40752E+01 2.40892E+01 2.50832E+01 2.50754E+01 2.50765E+01 2.50867E+01 2.40873E+01 2.40752E+01 2.28733E+01 7.25186E+02
2.37518E+01 2.49506E+01 2.49646E+01 2.59557E+01 2.59479E+01 2.59490E+01 2.59593E+01 2.49627E+01 2.49506E+01 2.37518E+01 7.51024E+02
2.46369E+01 2.58325E+01 2.58467E+01 2.68349E+01 2.68271E+01 2.68282E+01 2.68385E+01 2.58447E+01 2.58325E+01 2.46369E+01 7.76975E+02
2.55283E+01 2.67209E+01 2.67351E+01 2.77206E+01 2.77127E+01 2.77138E+01 2.77242E+01 2.67332E+01 2.67209E+01 2.55283E+01 8.03029E+02
2.64257E+01 2.76154E+01 2.76296E+01 2.86123E+01 2.86045E+01 2.86056E+01 2.86160E+01 2.76277E+01 2.76154E+01 2.64257E+01 8.29176E+02
2.73289E+01 2.85156E+01 2.85299E+01 2.95100E+01 2.95021E+01 2.95033E+01 2.95137E+01 2.85280E+01 2.85156E+01 2.73289E+01 8.55408E+02
2.82376E+01 2.94215E+01 2.94358E+01 3.04132E+01 3.04054E+01 3.04066E+01 3.04170E+01 2.94339E+01 2.94215E+01 2.82376E+01 8.81715E+02
2.91516E+01 3.03326E+01 3.03470E+01 3.13219E+01 3.13140E+01 3.13152E+01 3.13257E+01 3.03451E+01 3.03326E+01 2.91516E+01 9.08091E+02
0.00000E+00 0.00000E+00 -4.91095E-02 1.12754E+00 1.11978E+00 1.11992E+00 1.12859E+00 -5.07246E-02 0.00000E+00 0.00000E+00 -1.81425E+00
0.00000E+00 0.00000E+00 -1.24452E-02 1.13931E+00 1.13151E+00 1.13170E+00 1.14052E+00 -1.40987E-02 0.00000E+00 0.00000E+00 -4.98970E-01
0.00000E+00 6.57718E-02 7.65830E-02 1.20794E+00 1.20011E+00 1.20035E+00 1.20928E+00 7.48977E-02 6.57718E-02 0.00000E+00 1.59078E+00
0.00000E+00 1.99347E-01 2.10412E-01 1.32427E+00 1.31642E+00 1.31670E+00 1.32575E+00 2.08699E-01 1.99347E-01 0.00000E+00 4.56354E+00
0.00000E+00 3.72830E-01 3.84128E-01 1.48262E+00 1.47475E+00 1.47506E+00 1.48422E+00 3.82391E-01 3.72830E-01 0.00000E+00 8.53992E+00
0.00000E+00 5.81792E-01 5.93305E-01 1.67809E+00 1.67020E+00 1.67056E+00 1.67981E+00 5.91546E-01 5.81792E-01 0.00000E+00 1.35533E+01
0.00000E+00 8.22687E-01 8.34402E-01 1.90684E+00 1.89893E+00 1.89933E+00 1.90866E+00 8.32622E-01 8.22687E-01 0.00000E+00 1.96035E+01
0.00000E+00 1.09263E+00 1.10454E+00 2.16574E+00 2.15782E+00 2.15825E+00 2.16767E+00 1.10274E+00 1.09263E+00 0.00000E+00 2.66682E+01
1.11361E-01 1.37750E+00 1.38958E+00 2.44054E+00 2.43261E+00 2.43308E+00 2.44257E+00 1.38777E+00 1.37750E+00 1.11361E-01 3.46390E+01
4.15595E-01 1.67147E+00 1.68372E+00 2.72526E+00 2.71731E+00 2.71782E+00 2.72739E+00 1.68189E+00 1.67147E+00 4.15595E-01 4.33820E+01
7.45895E-01 1.99218E+00 2.00459E+00 3.03733E+00 3.02938E+00 3.02992E+00 3.03955E+00 2.00275E+00 1.99218E+00 7.45895E-01 5.29513E+01
1.10061E+00 2.33790E+00 2.35047E+00 3.37495E+00 3.36699E+00 3.36757E+00 3.37727E+00 2.34861E+00 2.33790E+00 1.10061E+00 6.33103E+01
1.47826E+00 2.70708E+00 2.71980E+00 3.73652E+00 3.72855E+00 3.72916E+00 3.73893E+00 2.71793E+00 2.70708E+00 1.47826E+00 7.44204E+01
1.87749E+00 3.09831E+00 3.11118E+00 4.12057E+00 4.11260E+00 4.11324E+00 4.12307E+00 3.10929E+00 3.09831E+00 1.87749E+00 8.62424E+01
2.29708E+00 3.51032E+00 3.52332E+00 4.52578E+00 4.51780E+00 4.51847E+00 4.52836E+00 3.52143E+00 3.51032E+00 2.29708E+00 9.87368E+01
2.73588E+00 3.94193E+00 3.95507E+00 4.95094E+00 4.94295E+00 4.94366E+00 4.95361E+00 3.95316E+00 3.94193E+00 2.73588E+00 1.11865E+02
3.19286E+00 4.39206E+00 4.40532E+00 5.39493E+00 5.38694E+00 5.38769E+00 5.39769E+00 4.40341E+00 4.39206E+00 3.19286E+00 1.25589E+02
3.66704E+00 4.85971E+00 4.87310E+00 5.85674E+00 5.84874E+00 5.84952E+00 5.85957E+00 4.87117E+00 4.85971E+00 3.66704E+00 1.39873E+02
4.15753E+00 5.34395E+00 5.35746E+00 6.33540E+00 6.32740E+00 6.32820E+00 6.33831E+00 5.35553E+00 5.34395E+00 4.15753E+00 1.54680E+02
4.66347E+00 5.84391E+00 5.85754E+00 6.83002E+00 6.82202E+00 6.82285E+00 6.83301E+00 5.85560E+00 5.84391E+00 4.66347E+00 1.69979E+02
5.18408E+00 6.35879E+00 6.37254E+00 7.33978E+00 7.33178E+00 7.33264E+00 7.34285E+00 6.37058E+00 6.35879E+00 5.18408E+00 1.85736E+02
5.71862E+00 6.88782E+00 6.90168E+00 7.86390E+00 7.85589E+00 7.85679E+00 7.86704E+00 6.89972E+00 6.88782E+00 5.71862E+00 2.01922E+02
6.26639E+00 7.43029E+00 7.44426E+00 8.40165E+00 8.39364E+00 8.39457E+00 8.40487E+00 7.44229E+00 7.43029E+00 6.26639E+00 2.18508E+02
6.82673E+00 7.98553E+00 7.99961E+00 8.95235E+00 8.94434E+00 8.94529E+00 8.95564E+00 7.99763E+00 7.98553E+00 6.82673E+00 2.35466E+02
7.39903E+00 8.55290E+00 8.56709E+00 9.51534E+00 9.50733E+00 9.50831E+00 9.51870E+00 8.56510E+00 8.55290E+00 7.39903E+00 2.52770E+02
7.98269E+00 9.13181E+00 9.14610E+00 1.00900E+01 1.00820E+01 1.00830E+01 1.00935E+01 9.14411E+00 9.13181E+00 7.98269E+00 2.70397E+02
8.57716E+00 9.72169E+00 9.73608E+00 1.06758E+01 1.06678E+01 1.06688E+01 1.06793E+01 9.73408E+00 9.72169E+00 8.57716E+00 2.88323E+02
9.18192E+00 1.03220E+01 1.03365E+01 1.12722E+01 1.12642E+01 1.12652E+01 1.12758E+01 1.03345E+01 1.03220E+01 9.18192E+00 3.06528E+02
9.79645E+00 1.09322E+01 1.09468E+01 1.18786E+01 1.18706E+01 1.18717E+01 1.18822E+01 1.09448E+01 1.09322E+01 9.79645E+00 3.24989E+02
1.04203E+01 1.15519E+01 1.15666E+01 1.24946E+01 1.24866E+01 1.24877E+01 1.24983E+01 1.15646E+01 1.15519E+01 1.04203E+01 3.43689E+02
1.10530E+01 1.21806E+01 1.21953E+01 1.31196E+01 1.31116E+01 1.31128E+01 1.31234E+01 1.21933E+01 1.21806E+01 1.10530E+01 3.62610E+02
1.16941E+01 1.28178E+01 1.28326E+01 1.37534E+01 1.37453E+01 1.37465E+01 1.37572E+01 1.28306E+01 1.28178E+01 1.16941E+01 3.81734E+02
1.23433E+01 1.34631E+01 1.34781E+01 1.43953E+01 1.43873E+01 1.43885E+01 1.43992E+01 1.34760E+01 1.34631E+01 1.23433E+01 4.01045E+02
1.30001E+01 1.41162E+01 1.41312E+01 1.50451E+01 1.50371E+01 1.50383E+01 1.50491E+01 1.41292E+01 1.41162E+01 1.30001E+01 4.20528E+02
1.36642E+01 1.47766E+01 1.47918E+01 1.57024E+01 1.56943E+01 1.56956E+01 1.57064E+01 1.47897E+01 1.47766E+01 1.36642E+01 4.40170E+02
1.43351E+01 1.54441E+01 1.54593E+01 1.63667E+01 1.63587E+01 1.63600E+01 1.63708E+01 1.54572E+01 1.54441E+01 1.43351E+01 4.59957E+02
1.50127E+01 1.61182E+01 1.61335E+01 1.70378E+01 1.70298E+01 1.70311E+01 1.70419E+01 1.61314E+01 1.61182E+01 1.50127E+01 4.79875E+02
1.56965E+01 1.67986E+01 1.68140E+01 1.77153E+01 1.77073E+01 1.77086E+01 1.77195E+01 1.68119E+01 1.67986E+01 1.56965E+01 4.99915E+02
1.63862E+01 1.74851E+01 1.75006E+01 1.83989E+01 1.83909E+01 1.83922E+01 1.84031E+01 1.74985E+01 1.74851E+01 1.63862E+01 5.20064E+02
1.70816E+01 1.81773E+01 1.81928E+01 1.90883E+01 1.90802E+01 1.90816E+01 1.90926E+01 1.81908E+01 1.81773E+01 1.70816E+01 5.40312E+02
1.77824E+01 1.88750E+01 1.88906E+01 1.97832E+01 1.97752E+01 1.97766E+01 1.97876E+01 1.88885E+01 1.88750E+01 1.77824E+01 5.60649E+02
1.84882E+01 1.95778E+01 1.95935E+01 2.04833E+01 2.04753E+01 2.04767E+01 2.04878E+01 1.95914E+01 1.95778E+01 1.84882E+01 5.81066E+02
1.91989E+01 2.02855E+01 2.03013E+01 2.11884E+01 2.11804E+01 2.11819E+01 2.11930E+01 2.02992E+01 2.02855E+01 1.91989E+01 6.01553E+02
1.99142E+01 2.09979E+01 2.10138E+01 2.18983E+01 2.18903E+01 2.18918E+01 2.19029E+01 2.10117E+01 2.09979E+01 1.99142E+01 6.22104E+02
2.06339E+01 2.17148E+01 2.17307E+01 2.26126E+01 2.26046E+01 2.26061E+01 2.26173E+01 2.17286E+01 2.17148E+01 2.06339E+01 6.42710E+02
2.13578E+01 2.24358E+01 2.24518E+01 2.33312E+01 2.33232E+01 2.33248E+01 2.33359E+01 2.24497E+01 2.24358E+01 2.13578E+01 6.63364E+02
2.20855E+01 2.31608E+01 2.31769E+01 2.40539E+01 2.40459E+01 2.40474E+01 2.40586E+01 2.31748E+01 2.31608E+01 2.20855E+01 6.84058E+02
2.28170E+01 2.38897E+01 2.39058E+01 2.47803E+01 2.47723E+01 2.47739E+01 2.47851E+01 2.39037E+01 2.38897E+01 2.28170E+01 7.04787E+02
2.35520E+01 2.46220E+01 2.46382E+01 2.55104E+01 2.55024E+01 2.55040E+01 2.55153E+01 2.46361E+01 2.46220E+01 2.35520E+01 7.25544E+02
2.42903E+01 2.53578E+01 2.53741E+01 2.62439E+01 2.62359E+01 2.62376E+01 2.62488E+01 2.53720E+01 2.53578E+01 2.42903E+01 7.46324E+02
0.00000E+00 0.00000E+00 -4.81758E-02 1.00361E+00 9.95562E-01 9.95761E-01 1.00500E+00 -4.99585E-02 0.00000E+00 0.00000E+00 -1.71912E+00
0.00000E+00 0.00000E+00 -1.05391E-02 1.01884E+00 1.01077E+00 1.01103E+00 1.02043E+00 -1.23620E-02 0.00000E+00 0.00000E+00 -4.70831E-01
0.00000E+00 6.23771E-02 7.43838E-02 1.08541E+00 1.07731E+00 1.07763E+00 1.08717E+00 7.25277E-02 6.23771E-02 0.00000E+00 1.50726E+00
0.00000E+00 1.86559E-01 1.98870E-01 1.19415E+00 1.18604E+00 1.18642E+00 1.19608E+00 1.96985E-01 1.86559E-01 0.00000E+00 4.29523E+00
0.00000E+00 3.45413E-01 3.58003E-01 1.33944E+00 1.33132E+00 1.33175E+00 1.34153E+00 3.56093E-01 3.45413E-01 0.00000E+00 7.98460E+00
0.00000E+00 5.34655E-01 5.47504E-01 1.51660E+00 1.50847E+00 1.50895E+00 1.51884E+00 5.45571E-01 5.34655E-01 0.00000E+00 1.25868E+01
0.00000E+00 7.50924E-01 7.64013E-01 1.72199E+00 1.71384E+00 1.71438E+00 1.72437E+00 7.62060E-01 7.50924E-01 0.00000E+00 1.80857E+01
0.00000E+00 9.91522E-01 1.00484E+00 1.95270E+00 1.94454E+00 1.94513E+00 1.95521E+00 1.00286E+00 9.91522E-01 0.00000E+00 2.44479E+01
9.95068E-02 1.24477E+00 1.25830E+00 2.19693E+00 2.18877E+00 2.18941E+00 2.19957E+00 1.25631E+00 1.24477E+00 9.95068E-02 3.15522E+01
3.70026E-01 1.50592E+00 1.51964E+00 2.44979E+00 2.44162E+00 2.44230E+00 2.45255E+00 1.51764E+00 1.50592E+00 3.70026E-01 3.92653E+01
6.61874E-01 1.78900E+00 1.80292E+00 2.72513E+00 2.71696E+00 2.71770E+00 2.72802E+00 1.80090E+00 1.78900E+00 6.61874E-01 4.76524E+01
9.73534E-01 2.09244E+00 2.10654E+00 3.02132E+00 3.01315E+00 3.01393E+00 3.02433E+00 2.10451E+00 2.09244E+00 9.73534E-01 5.66767E+01
1.30365E+00 2.41482E+00 2.42910E+00 3.33688E+00 3.32871E+00 3.32953E+00 3.34000E+00 2.42706E+00 2.41482E+00 1.30365E+00 6.63003E+01
1.65101E+00 2.75487E+00 2.76932E+00 3.67050E+00 3.66232E+00 3.66319E+00 3.67373E+00 2.76726E+00 2.75487E+00 1.65101E+00 7.64859E+01
2.01451E+00 3.11144E+00 3.12606E+00 4.02098E+00 4.01281E+00 4.01372E+00 4.02433E+00 3.12399E+00 3.11144E+00 2.01451E+00 8.71968E+01
2.39314E+00 3.48349E+00 3.49827E+00 4.38726E+00 4.37908E+00 4.38004E+00 4.39071E+00 3.49619E+00 3.48349E+00 2.39314E+00 9.83976E+01
2.78597E+00 3.87006E+00 3.88499E+00 4.76833E+00 4.76016E+00 4.76116E+00 4.77189E+00 3.88290E+00 3.87006E+00 2.78597E+00 1.10054E+02
3.19215E+00 4.27027E+00 4.28535E+00 5.16331E+00 5.15514E+00 5.15618E+00 5.16697E+00 4.28325E+00 4.27027E+00 3.19215E+00 1.22134E+02
3.61090E+00 4.68331E+00 4.69854E+00 5.57135E+00 5.56318E+00 5.56426E+00 5.57512E+00 4.69643E+00 4.68331E+00 3.61090E+00 1.34607E+02
4.04148E+00 5.10843E+00 5.12379E+00 5.99169E+00 5.98352E+00 5.98464E+00 5.99555E+00 5.12168E+00 5.10843E+00 4.04148E+00 1.47444E+02
4.48322E+00 5.54492E+00 5.56043E+00 6.42360E+00 6.41543E+00 6.41660E+00 6.42756E+00 5.55830E+00 5.54492E+00 4.48322E+00 1.60616E+02
4.93547E+00 5.99214E+00 6.00778E+00 6.86643E+00 6.85826E+00 6.85946E+00 6.87048E+00 6.00565E+00 5.99214E+00 4.93547E+00 1.74099E+02
5.39765E+00 6.44948E+00 6.46525E+00 7.31954E+00 7.31137E+00 7.31261E+00 7.32369E+00 6.46311E+00 6.44948E+00 5.39765E+00 1.87869E+02
5.86920E+00 6.91636E+00 6.93225E+00 7.78235E+00 7.77418E+00 7.77547E+00 7.78659E+00 6.93011E+00 6.91636E+00 5.86920E+00 2.01902E+02
6.34958E+00 7.39225E+00 7.40827E+00 8.25432E+00 8.24615E+00 8.24748E+00 8.25865E+00 7.40611E+00 7.39225E+00 6.34958E+00 2.16177E+02
6.83832E+00 7.87665E+00 7.89279E+00 8.73493E+00 8.72677E+00 8.72813E+00 8.73936E+00 7.89062E+00 7.87665E+00 6.83832E+00 2.30674E+02
7.33495E+00 8.36908E+00 8.38533E+00 9.22370E+00 9.21555E+00 9.21695E+00 9.22822E+00 8.38316E+00 8.36908E+00 7.33495E+00 2.45376E+02
7.83903E+00 8.86909E+00 8.88546E+00 9.72019E+00 9.71203E+00 9.71347E+00 9.72479E+00 8.88329E+00 8.86909E+00 7.83903E+00 2.60263E+02
8.35015E+00 9.37627E+00 9.39276E+00 1.02239E+01 1.02158E+01 1.02173E+01 1.02286E+01 9.39058E+00 9.37627E+00 8.35015E+00 2.75321E+02
8.86791E+00 9.89022E+00 9.90682E+00 1.07346E+01 1.07264E+01 1.07279E+01 1.07394E+01 9.90463E+00 9.89022E+00 8.86791E+00 2.90533E+02
9.39195E+00 1.04106E+01 1.04273E+01 1.12517E+01 1.12436E+01 1.12451E+01 1.12566E+01 1.04251E+01 1.04106E+01 9.39195E+00 3.05885E+02
9.92193E+00 1.09369E+01 1.09538E+01 1.17750E+01 1.17668E+01 1.17684E+01 1.17799E+01 1.09516E+01 1.09369E+01 9.92193E+00 3.21365E+02
1.04575E+01 1.14690E+01 1.14859E+01 1.23040E+01 1.22959E+01 1.22975E+01 1.23090E+01 1.14837E+01 1.14690E+01 1.04575E+01 3.36960E+02
1.09983E+01 1.20065E+01 1.20235E+01 1.28385E+01 1.28304E+01 1.28321E+01 1.28436E+01 1.20213E+01 1.20065E+01 1.09983E+01 3.52658E+02
1.15442E+01 1.25490E+01 1.25661E+01 1.33782E+01 1.33701E+01 1.33718E+01 1.33834E+01 1.25639E+01 1.25490E+01 1.15442E+01 3.68447E+02
1.20947E+01 1.30963E+01 1.31135E+01 1.39227E+01 1.39146E+01 1.39163E+01 1.39280E+01 1.31113E+01 1.30963E+01 1.20947E+01 3.84319E+02
1.26497E+01 1.36482E+01 1.36655E+01 1.44719E+01 1.44637E+01 1.44655E+01 1.44772E+01 1.36633E+01 1.36482E+01 1.26497E+01 4.00263E+02
1.32089E+01 1.42043E+01 1.42217E+01 1.50253E+01 1.50172E+01 1.50190E+01 1.50308E+01 1.42195E+01 1.42043E+01 1.32089E+01 4.16271E+02
1.37720E+01 1.47644E+01 1.47819E+01 1.55829E+01 1.55747E+01 1.55766E+01 1.55884E+01 1.47797E+01 1.47644E+01 1.37720E+01 4.32334E+02
1.43388E+01 1.53283E+01 1.53459E+01 1.61442E+01 1.61361E+01 1.61380E+01 1.61498E+01 1.53436E+01 1.53283E+01 1.43388E+01 4.48445E+02
1.49091E+01 1.58957E+01 1.59134E+01 1.67092E+01 1.67011E+01 1.67030E+01 1.67149E+01 1.59112E+01 1.58957E+01 1.49091E+01 4.64596E+02
1.54826E+01 1.64665E+01 1.64843E+01 1.72776E+01 1.72695E+01 1.72714E+01 1.72834E+01 1.64820E+01 1.64665E+01 1.54826E+01 4.80780E+02
1.60593E+01 1.70404E+01 1.70583E+01 1.78492E+01 1.78411E+01 1.78431E+01 1.78550E+01 1.70561E+01 1.70404E+01 1.60593E+01 4.96991E+02
1.66388E+01 1.76173E+01 1.76353E+01 1.84238E+01 1.84157E+01 1.84177E+01 1.84297E+01 1.76330E+01 1.76173E+01 1.66388E+01 5.13223E+02
1.72210E+01 1.81970E+01 1.82150E+01 1.90012E+01 1.89931E+01 1.89951E+01 1.90071E+01 1.82127E+01 1.81970E+01 1.72210E+01 5.29470E+02
1.78058E+01 1.87792E+01 1.87973E+01 1.95812E+01 1.95731E+01 1.95752E+01 1.95873E+01 1.87950E+01 1.87792E+01 1.78058E+01 5.45727E+02
1.83930E+01 1.93638E+01 1.93820E+01 2.01637E+01 2.01557E+01 2.01578E+01 2.01698E+01 1.93798E+01 1.93638E+01 1.83930E+01 5.61990E+02
1.89823E+01 1.99508E+01 1.99690E+01 2.07486E+01 2.07405E+01 2.07426E+01 2.07547E+01 1.99668E+01 1.99508E+01 1.89823E+01 5.78253E+02
1.95737E+01 2.05398E+01 2.05581E+01 2.13355E+01 2.13275E+01 2.13296E+01 2.13418E+01 2.05559E+01 2.05398E+01 1.95737E+01 5.94513E+02
2.01671E+01 2.11308E+01 2.11492E+01 2.19245E+01 2.19164E+01 2.19186E+01 2.19308E+01 2.11469E+01 2.11308E+01 2.01671E+01 6.10765E+02
0.00000E+00 0.00000E+00 -4.71674E-02 8.92413E-01 8.84092E-01 8.84350E-01 8.94199E-01 -4.91327E-02 0.00000E+00 0.00000E+00 -1.63676E+00
0.00000E+00 0.00000E+00 -8.44010E-03 9.10959E-01 9.02622E-01 9.02967E-01 9.12999E-01 -1.04468E-02 0.00000E+00 0.00000E+00 -4.44614E-01
0.00000E+00 5.91934E-02 7.26536E-02 9.75506E-01 9.67159E-01 9.67586E-01 9.77776E-01 7.06129E-02 5.91934E-02 0.00000E+00 1.43340E+00
0.00000E+00 1.74603E-01 1.88427E-01 1.07709E+00 1.06873E+00 1.06924E+00 1.07957E+00 1.86357E-01 1.74603E-01 0.00000E+00 4.05047E+00
0.00000E+00 3.19914E-01 3.34070E-01 1.21025E+00 1.20189E+00 1.20247E+00 1.21294E+00 3.31974E-01 3.19914E-01 0.00000E+00 7.47203E+00
0.00000E+00 4.91050E-01 5.05513E-01 1.37057E+00 1.36221E+00 1.36286E+00 1.37344E+00 5.03395E-01 4.91050E-01 0.00000E+00 1.16910E+01
0.00000E+00 6.84867E-01 6.99617E-01 1.55464E+00 1.54628E+00 1.54700E+00 1.55770E+00 6.97478E-01 6.84867E-01 0.00000E+00 1.66784E+01
0.00000E+00 8.98876E-01 9.13894E-01 1.75979E+00 1.75143E+00 1.75222E+00 1.76302E+00 9.11736E-01 8.98876E-01 0.00000E+00 2.23931E+01
8.87041E-02 1.12351E+00 1.13877E+00 1.97635E+00 1.96799E+00 1.96885E+00 1.97974E+00 1.13660E+00 1.12351E+00 8.87041E-02 2.87064E+01
3.28646E-01 1.35488E+00 1.37038E+00 2.20029E+00 2.19194E+00 2.19286E+00 2.20385E+00 1.36820E+00 1.35488E+00 3.28646E-01 3.54887E+01
5.85835E-01 1.60406E+00 1.61979E+00 2.44255E+00 2.43420E+00 2.43518E+00 2.44626E+00 1.61759E+00 1.60406E+00 5.85835E-01 4.28138E+01
8.58898E-01 1.86961E+00 1.88556E+00 2.70160E+00 2.69326E+00 2.69431E+00 2.70547E+00 1.88334E+00 1.86961E+00 8.58898E-01 5.06454E+01
1.14662E+00 2.15025E+00 2.16642E+00 2.97615E+00 2.96780E+00 2.96891E+00 2.98016E+00 2.16419E+00 2.15025E+00 1.14662E+00 5.89477E+01
1.44792E+00 2.44487E+00 2.46123E+00 3.26500E+00 3.25667E+00 3.25784E+00 3.26916E+00 2.45899E+00 2.44487E+00 1.44792E+00 6.76862E+01
1.76182E+00 2.75244E+00 2.76900E+00 3.56712E+00 3.55879E+00 3.56002E+00 3.57142E+00 2.76675E+00 2.75244E+00 1.76182E+00 7.68273E+01
2.08744E+00 3.07205E+00 3.08879E+00 3.88155E+00 3.87323E+00 3.87452E+00 3.88600E+00 3.08653E+00 3.07205E+00 2.08744E+00 8.63393E+01
2.42396E+00 3.40285E+00 3.41978E+00 4.20744E+00 4.19913E+00 4.20047E+00 4.21202E+00 3.41751E+00 3.40285E+00 2.42396E+00 9.61923E+01
2.77067E+00 3.74410E+00 3.76120E+00 4.54400E+00 4.53569E+00 4.53710E+00 4.54872E+00 3.75892E+00 3.74410E+00 2.77067E+00 1.06358E+02
3.12687E+00 4.09508E+00 4.11236E+00 4.89052E+00 4.88221E+00 4.88367E+00 4.89536E+00 4.11007E+00 4.09508E+00 3.12687E+00 1.16810E+02
3.49195E+00 4.45517E+00 4.47260E+00 5.24632E+00 5.23802E+00 5.23953E+00 5.25129E+00 4.47031E+00 4.45517E+00 3.49195E+00 1.27524E+02
3.86532E+00 4.82375E+00 4.84135E+00 5.61080E+00 5.60251E+00 5.60408E+00 5.61589E+00 4.83904E+00 4.82375E+00 3.86532E+00 1.38476E+02
4.24646E+00 5.20028E+00 5.21804E+00 5.98339E+00 5.97511E+00 5.97673E+00 5.98861E+00 5.21573E+00 5.20028E+00 4.24646E+00 1.49645E+02
4.63485E+00 5.58425E+00 5.60216E+00 6.36358E+00 6.35530E+00 6.35698E+00 6.36892E+00 5.59984E+00 5.58425E+00 4.63485E+00 1.61012E+02
5.03005E+00 5.97518E+00 5.99324E+00 6.75086E+00 6.74260E+00 6.74433E+00 6.75633E+00 5.99091E+00 5.97518E+00 5.03005E+00 1.72557E+02
5.43160E+00 6.37262E+00 6.39082E+00 7.14480E+00 7.13654E+00 7.13832E+00 7.15038E+00 6.38849E+00 6.37262E+00 5.43160E+00 1.84263E+02
5.83912E+00 6.77617E+00 6.79451E+00 7.54495E+00 7.53670E+00 7.53853E+00 7.55065E+00 6.79217E+00 6.77617E+00 5.83912E+00 1.96115E+02
6.25220E+00 7.18542E+00 7.20389E+00 7.95093E+00 7.94268E+00 7.94457E+00 7.95674E+00 7.20155E+00 7.18542E+00 6.25220E+00 2.08097E+02
6.67051E+00 7.60001E+00 7.61862E+00 8.36236E+00 8.35412E+00 8.35606E+00 8.36828E+00 7.61627E+00 7.60001E+00 6.67051E+00 2.20196E+02
7.09370E+00 8.01960E+00 8.03835E+00 8.77889E+00 8.77066E+00 8.77265E+00 8.78493E+00 8.03600E+00 8.01960E+00 7.09370E+00 2.32399E+02
7.52146E+00 8.44388E+00 8.46275E+00 9.20020E+00 9.19198E+00 9.19401E+00 9.20634E+00 8.46039E+00 8.44388E+00 7.52146E+00 2.44694E+02
7.95350E+00 8.87252E+00 8.89152E+00 9.62597E+00 9.61776E+00 9.61984E+00 9.63222E+00 8.88916E+00 8.87252E+00 7.95350E+00 2.57070E+02
8.38952E+00 9.30526E+00 9.32439E+00 1.00559E+01 1.00477E+01 1.00498E+01 1.00623E+01 9.32202E+00 9.30526E+00 8.38952E+00 2.69517E+02
8.82927E+00 9.74182E+00 9.76107E+00 1.04898E+01 1.04816E+01 1.04837E+01 1.04962E+01 9.75869E+00 9.74182E+00 8.82927E+00 2.82026E+02
9.27250E+00 1.01819E+01 1.02013E+01 1.09273E+01 1.09191E+01 1.09213E+01 1.09338E+01 1.01989E+01 1.01819E+01 9.27250E+00 2.94587E+02
9.71898E+00 1.06254E+01 1.06449E+01 1.13682E+01 1.13600E+01 1.13622E+01 1.13748E+01 1.06425E+01 1.06254E+01 9.71898E+00 3.07192E+02
1.01685E+01 1.10720E+01 1.10916E+01 1.18122E+01 1.18040E+01 1.18064E+01 1.18190E+01 1.10892E+01 1.10720E+01 1.01685E+01 3.19835E+02
1.06208E+01 1.15214E+01 1.15411E+01 1.22592E+01 1.22511E+01 1.22534E+01 1.22661E+01 1.15387E+01 1.15214E+01 1.06208E+01 3.32507E+02
1.10757E+01 1.19735E+01 1.19934E+01 1.27090E+01 1.27008E+01 1.27032E+01 1.27160E+01 1.19910E+01 1.19735E+01 1.10757E+01 3.45203E+02
1.15331E+01 1.24282E+01 1.24481E+01 1.31613E+01 1.31532E+01 1.31556E+01 1.31684E+01 1.24457E+01 1.24282E+01 1.15331E+01 3.57917E+02
1.19927E+01 1.28851E+01 1.29051E+01 1.36160E+01 1.36079E+01 1.36104E+01 1.36232E+01 1.29027E+01 1.28851E+01 1.19927E+01 3.70641E+02
1.24544E+01 1.33442E+01 1.33643E+01 1.40729E+01 1.40648E+01 1.40673E+01 1.40802E+01 1.33619E+01 1.33442E+01 1.24544E+01 3.83373E+02
1.29180E+01 1.38053E+01 1.38255E+01 1.45318E+01 1.45237E+01 1.45263E+01 1.45392E+01 1.38231E+01 1.38053E+01 1.29180E+01 3.96106E+02
1.33833E+01 1.42681E+01 1.42885E+01 1.49926E+01 1.49845E+01 1.49871E+01 1.50001E+01 1.42861E+01 1.42681E+01 1.33833E+01 4.08836E+02
1.38503E+01 1.47327E+01 1.47532E+01 1.54551E+01 1.54470E+01 1.54497E+01 1.54627E+01 1.47508E+01 1.47327E+01 1.38503E+01 4.21560E+02
1.43188E+01 1.51988E+01 1.52194E+01 1.59192E+01 1.59111E+01 1.59139E+01 1.59269E+01 1.52170E+01 1.51988E+01 1.43188E+01 4.34272E+02
1.47887E+01 1.56664E+01 1.56870E+01 1.63848E+01 1.63767E+01 1.63795E+01 1.63925E+01 1.56846E+01 1.56664E+01 1.47887E+01 4.46970E+02
1.52598E+01 1.61352E+01 1.61559E+01 1.68517E+01 1.68436E+01 1.68464E+01 1.68595E+01 1.61535E+01 1.61352E+01 1.52598E+01 4.59650E+02
1.57320E+01 1.66051E+01 1.66260E+01 1.73198E+01 1.73117E+01 1.73146E+01 1.73277E+01 1.66236E+01 1.66051E+01 1.57320E+01 4.72310E+02
1.62052E+01 1.70762E+01 1.70971E+01 1.77890E+01 1.77809E+01 1.77838E+01 1.77970E+01 1.70947E+01 1.70762E+01 1.62052E+01 4.84945E+02
1.66793E+01 1.75481E+01 1.75692E+01 1.82592E+01 1.82511E+01 1.82540E+01 1.82672E+01 1.75667E+01 1.75481E+01 1.66793E+01 4.97554E+02
0.00000E+00 0.00000E+00 -4.59724E-02 7.92680E-01 7.84105E-01 7.84442E-01 7.94958E-01 -4.81360E-02 0.00000E+00 0.00000E+00 -1.56587E+00
0.00000E+00 0.00000E+00 -6.08895E-03 8.14350E-01 8.05776E-01 8.06236E-01 8.16960E-01 -8.29435E-03 0.00000E+00 0.00000E+00 -4.19522E-01
0.00000E+00 5.61880E-02 7.14056E-02 8.76907E-01 8.68338E-01 8.68912E-01 8.79816E-01 6.91663E-02 5.61880E-02 0.00000E+00 1.36892E+00
0.00000E+00 1.63387E-01 1.79036E-01 9.71722E-01 9.63162E-01 9.63844E-01 9.74910E-01 1.76768E-01 1.63387E-01 0.00000E+00 3.82754E+00
0.00000E+00 2.96152E-01 3.12195E-01 1.09361E+00 1.08506E+00 1.08584E+00 1.09706E+00 3.09902E-01 2.96152E-01 0.00000E+00 6.99876E+00
0.00000E+00 4.50664E-01 4.67071E-01 1.23843E+00 1.22989E+00 1.23078E+00 1.24213E+00 4.64756E-01 4.50664E-01 0.00000E+00 1.08602E+01
0.00000E+00 6.24025E-01 6.40770E-01 1.40307E+00 1.39454E+00 1.39552E+00 1.40700E+00 6.38435E-01 6.24025E-01 0.00000E+00 1.53733E+01
0.00000E+00 8.13965E-01 8.31027E-01 1.58508E+00 1.57656E+00 1.57763E+00 1.58923E+00 8.28674E-01 8.13965E-01 0.00000E+00 2.04917E+01
7.88696E-02 1.01271E+00 1.03007E+00 1.77659E+00 1.76809E+00 1.76925E+00 1.78096E+00 1.02770E+00 1.01271E+00 7.88696E-02 2.60836E+01
2.91114E-01 1.21712E+00 1.23476E+00 1.97436E+00 1.96586E+00 1.96712E+00 1.97894E+00 1.23237E+00 1.21712E+00 2.91114E-01 3.20260E+01
5.17108E-01 1.43579E+00 1.45370E+00 2.18683E+00 2.17835E+00 2.17969E+00 2.19161E+00 1.45130E+00 1.43579E+00 5.17108E-01 3.83985E+01
7.55627E-01 1.66744E+00 1.68560E+00 2.41266E+00 2.40420E+00 2.40562E+00 2.41765E+00 1.68320E+00 1.66744E+00 7.55627E-01 4.51667E+01
1.00560E+00 1.91095E+00 1.92936E+00 2.65071E+00 2.64225E+00 2.64376E+00 2.65588E+00 1.92694E+00 1.91095E+00 1.00560E+00 5.22974E+01
1.26608E+00 2.16532E+00 2.18396E+00 2.89992E+00 2.89148E+00 2.89307E+00 2.90528E+00 2.18153E+00 2.16532E+00 1.26608E+00 5.97592E+01
1.53621E+00 2.42966E+00 2.44853E+00 3.15938E+00 3.15096E+00 3.15263E+00 3.16493E+00 2.44610E+00 2.42966E+00 1.53621E+00 6.75224E+01
1.81523E+00 2.70319E+00 2.72228E+00 3.42829E+00 3.41988E+00 3.42162E+00 3.43401E+00 2.71984E+00 2.70319E+00 1.81523E+00 7.55591E+01
2.10246E+00 2.98519E+00 3.00449E+00 3.70588E+00 3.69749E+00 3.69931E+00 3.71178E+00 3.00204E+00 2.98519E+00 2.10246E+00 8.38435E+01
2.39727E+00 3.27500E+00 3.29451E+00 3.99150E+00 3.98312E+00 3.98502E+00 3.99757E+00 3.29205E+00 3.27500E+00 2.39727E+00 9.23514E+01
2.69907E+00 3.57204E+00 3.59175E+00 4.28454E+00 4.27617E+00 4.27815E+00 4.29077E+00 3.58928E+00 3.57204E+00 2.69907E+00 1.01061E+02
3.00736E+00 3.87576E+00 3.89566E+00 4.58442E+00 4.57607E+00 4.57812E+00 4.59083E+00 3.89318E+00 3.87576E+00 3.00736E+00 1.09951E+02
3.32164E+00 4.18567E+00 4.20575E+00 4.89066E+00 4.88232E+00 4.88444E+00 4.89722E+00 4.20327E+00 4.18567E+00 3.32164E+00 1.19002E+02
3.64148E+00 4.50129E+00 4.52156E+00 5.20276E+00 5.19444E+00 5.19663E+00 5.20948E+00 4.51907E+00 4.50129E+00 3.64148E+00 1.28198E+02
3.96646E+00 4.82222E+00 4.84267E+00 5.52030E+00 5.51199E+00 5.51426E+00 5.52718E+00 4.84017E+00 4.82222E+00 3.96646E+00 1.37523E+02
4.29619E+00 5.14806E+00 5.16868E+00 5.84288E+00 5.83458E+00 5.83692E+00 5.84991E+00 5.16618E+00 5.14806E+00 4.29619E+00 1.46960E+02
4.63033E+00 5.47844E+00 5.49923E+00 6.17012E+00 6.16184E+00 6.16424E+00 6.17730E+00 5.49672E+00 5.47844E+00 4.63033E+00 1.56497E+02
4.96855E+00 5.81303E+00 5.83398E+00 6.50167E+00 6.49341E+00 6.49588E+00 6.50901E+00 5.83147E+00 5.81303E+00 4.96855E+00 1.66122E+02
5.31054E+00 6.15150E+00 6.17261E+00 6.83722E+00 6.82897E+00 6.83151E+00 6.84470E+00 6.17010E+00 6.15150E+00 5.31054E+00 1.75822E+02
5.65601E+00 6.49358E+00 6.51485E+00 7.17647E+00 7.16823E+00 7.17084E+00 7.18409E+00 6.51233E+00 6.49358E+00 5.65601E+00 1.85587E+02
6.00470E+00 6.83898E+00 6.86040E+00 7.51913E+00 7.51090E+00 7.51358E+00 7.52690E+00 6.85788E+00 6.83898E+00 6.00470E+00 1.95407E+02
6.35636E+00 7.18745E+00 7.20902E+00 7.86495E+00 7.85673E+00 7.85947E+00 7.87285E+00 7.20649E+00 7.18745E+00 6.35636E+00 2.05274E+02
6.71075E+00 7.53874E+00 7.56046E+00 8.21367E+00 8.20547E+00 8.20827E+00 8.22171E+00 7.55793E+00 7.53874E+00 6.71075E+00 2.15179E+02
7.06765E+00 7.89265E+00 7.91451E+00 8.56507E+00 8.55689E+00 8.55975E+00 8.57325E+00 7.91197E+00 7.89265E+00 7.06765E+00 2.25114E+02
7.42687E+00 8.24894E+00 8.27094E+00 8.91895E+00 8.91077E+00 8.91370E+00 8.92726E+00 8.26841E+00 8.24894E+00 7.42687E+00 2.35073E+02
7.78820E+00 8.60744E+00 8.62958E+00 9.27508E+00 9.26692E+00 9.26991E+00 9.28353E+00 8.62703E+00 8.60744E+00 7.78820E+00 2.45048E+02
8.15147E+00 8.96794E+00 8.99022E+00 9.63330E+00 9.62515E+00 9.62820E+00 9.64187E+00 8.98767E+00 8.96794E+00 8.15147E+00 2.55035E+02
8.51651E+00 9.33029E+00 9.35269E+00 9.99341E+00 9.98528E+00 9.98839E+00 1.00021E+01 9.35015E+00 9.33029E+00 8.51651E+00 2.65028E+02
8.88315E+00 9.69431E+00 9.71684E+00 1.03553E+01 1.03471E+01 1.03503E+01 1.03641E+01 9.71429E+00 9.69431E+00 8.88315E+00 2.75022E+02
9.25125E+00 1.00598E+01 1.00825E+01 1.07187E+01 1.07106E+01 1.07138E+01 1.07276E+01 1.00800E+01 1.00598E+01 9.25125E+00 2.85011E+02
9.62066E+00 1.04268E+01 1.04496E+01 1.10835E+01 1.10754E+01 1.10787E+01 1.10926E+01 1.04470E+01 1.04268E+01 9.62066E+00 2.94993E+02
9.99125E+00 1.07949E+01 1.08178E+01 1.14497E+01 1.14416E+01 1.14449E+01 1.14589E+01 1.08153E+01 1.07949E+01 9.99125E+00 3.04963E+02
1.03629E+01 1.11642E+01 1.11872E+01 1.18170E+01 1.18089E+01 1.18123E+01 1.18263E+01 1.11847E+01 1.11642E+01 1.03629E+01 3.14917E+02
1.07355E+01 1.15344E+01 1.15576E+01 1.21853E+01 1.21773E+01 1.21807E+01 1.21948E+01 1.15550E+01 1.15344E+01 1.07355E+01 3.24853E+02
1.11089E+01 1.19056E+01 1.19289E+01 1.25546E+01 1.25465E+01 1.25501E+01 1.25642E+01 1.19263E+01 1.19056E+01 1.11089E+01 3.34767E+02
1.14830E+01 1.22775E+01 1.23009E+01 1.29247E+01 1.29166E+01 1.29202E+01 1.29343E+01 1.22983E+01 1.22775E+01 1.14830E+01 3.44656E+02
1.18578E+01 1.26501E+01 1.26736E+01 1.32954E+01 1.32874E+01 1.32910E+01 1.33052E+01 1.26710E+01 1.26501E+01 1.18578E+01 3.54519E+02
1.22330E+01 1.30232E+01 1.30468E+01 1.36668E+01 1.36588E+01 1.36625E+01 1.36767E+01 1.30442E+01 1.30232E+01 1.22330E+01 3.64352E+02
1.26087E+01 1.33968E+01 1.34205E+01 1.40387E+01 1.40307E+01 1.40345E+01 1.40488E+01 1.34180E+01 1.33968E+01 1.26087E+01 3.74153E+02
1.29848E+01 1.37708E+01 1.37947E+01 1.44111E+01 1.44031E+01 1.44069E+01 1.44212E+01 1.37921E+01 1.37708E+01 1.29848E+01 3.83922E+02
1.33611E+01 1.41452E+01 1.41691E+01 1.47837E+01 1.47758E+01 1.47796E+01 1.47940E+01 1.41665E+01 1.41452E+01 1.33611E+01 3.93655E+02
1.37376E+01 1.45197E+01 1.45438E+01 1.51567E+01 1.51487E+01 1.51526E+01 1.51671E+01 1.45412E+01 1.45197E+01 1.37376E+01 4.03351E+02
0.00000E+00 0.00000E+00 -4.44672E-02 7.03277E-01 6.94482E-01 6.94944E-01 7.06201E-01 -4.68455E-02 0.00000E+00 0.00000E+00 -1.50512E+00
0.00000E+00 0.00000E+00 -3.41788E-03 7.27855E-01 7.19085E-01 7.19718E-01 7.31215E-01 -5.83678E-03 0.00000E+00 0.00000E+00 -3.94580E-01
0.00000E+00 5.33302E-02 7.06636E-02 7.88423E-01 7.79678E-01 7.80470E-01 7.92175E-01 6.82123E-02 5.33302E-02 0.00000E+00 1.31380E+00
0.00000E+00 1.52824E-01 1.70668E-01 8.76831E-01 8.68113E-01 8.69053E-01 8.80946E-01 1.68189E-01 1.52824E-01 0.00000E+00 3.62511E+00
0.00000E+00 2.73959E-01 2.92267E-01 9.88228E-01 9.79536E-01 9.80619E-01 9.92683E-01 2.89766E-01 2.73959E-01 0.00000E+00 6.56185E+00
0.00000E+00 4.13212E-01 4.31948E-01 1.11881E+00 1.11014E+00 1.11136E+00 1.12359E+00 4.29426E-01 4.13212E-01 0.00000E+00 1.00895E+01
0.00000E+00 5.67945E-01 5.87079E-01 1.26573E+00 1.25709E+00 1.25844E+00 1.27081E+00 5.84540E-01 5.67945E-01 0.00000E+00 1.41626E+01
0.00000E+00 7.36117E-01 7.55623E-01 1.42681E+00 1.41819E+00 1.41967E+00 1.43218E+00 7.53068E-01 7.36117E-01 0.00000E+00 1.87322E+01
6.99266E-02 9.11473E-01 9.31327E-01 1.59569E+00 1.58710E+00 1.58870E+00 1.60135E+00 9.28758E-01 9.11473E-01 6.99266E-02 2.36672E+01
2.57115E-01 1.09150E+00 1.11168E+00 1.76977E+00 1.76121E+00 1.76293E+00 1.77570E+00 1.10910E+00 1.09150E+00 2.57115E-01 2.88530E+01
4.55074E-01 1.28277E+00 1.30326E+00 1.95549E+00 1.94695E+00 1.94879E+00 1.96167E+00 1.30067E+00 1.28277E+00 4.55074E-01 3.43728E+01
6.62732E-01 1.48415E+00 1.50494E+00 2.15166E+00 2.14315E+00 2.14510E+00 2.15811E+00 1.50234E+00 1.48415E+00 6.62732E-01 4.01948E+01
8.79157E-01 1.69466E+00 1.71574E+00 2.35729E+00 2.34880E+00 2.35086E+00 2.36398E+00 1.71313E+00 1.69466E+00 8.79157E-01 4.62892E+01
1.10353E+00 1.91344E+00 1.93480E+00 2.57146E+00 2.56300E+00 2.56517E+00 2.57839E+00 1.93218E+00 1.91344E+00 1.10353E+00 5.26279E+01
1.33512E+00 2.13975E+00 2.16137E+00 2.79340E+00 2.78496E+00 2.78724E+00 2.80057E+00 2.15874E+00 2.13975E+00 1.33512E+00 5.91851E+01
1.57329E+00 2.37289E+00 2.39477E+00 3.02240E+00 3.01399E+00 3.01638E+00 3.02980E+00 2.39214E+00 2.37289E+00 1.57329E+00 6.59369E+01
1.81746E+00 2.61228E+00 2.63440E+00 3.25785E+00 3.24946E+00 3.25195E+00 3.26547E+00 2.63176E+00 2.61228E+00 1.81746E+00 7.28616E+01
2.06709E+00 2.85735E+00 2.87970E+00 3.49916E+00 3.49080E+00 3.49339E+00 3.50701E+00 2.87706E+00 2.85735E+00 2.06709E+00 7.99389E+01
2.32172E+00 3.10761E+00 3.13020E+00 3.74585E+00 3.73751E+00 3.74020E+00 3.75391E+00 3.12755E+00 3.10761E+00 2.32172E+00 8.71505E+01
2.58090E+00 3.36262E+00 3.38544E+00 3.99743E+00 3.98912E+00 3.99190E+00 4.00570E+00 3.38278E+00 3.36262E+00 2.58090E+00 9.44798E+01
2.84426E+00 3.62197E+00 3.64500E+00 4.25349E+00 4.24520E+00 4.24809E+00 4.26197E+00 3.64234E+00 3.62197E+00 2.84426E+00 1.01912E+02
3.11141E+00 3.88528E+00 3.90852E+00 4.51365E+00 4.50538E+00 4.50836E+00 4.52233E+00 3.90585E+00 3.88528E+00 3.11141E+00 1.09432E+02
3.38204E+00 4.15220E+00 4.17565E+00 4.77755E+00 4.76930E+00 4.77238E+00 4.78643E+00 4.17298E+00 4.15220E+00 3.38204E+00 1.17028E+02
3.65583E+00 4.42243E+00 4.44608E+00 5.04486E+00 5.03663E+00 5.03980E+00 5.05394E+00 4.44340E+00 4.42243E+00 3.65583E+00 1.24688E+02
3.93251E+00 4.69567E+00 4.71951E+00 5.31529E+00 5.30708E+00 5.31034E+00 5.32455E+00 4.71683E+00 4.69567E+00 3.93251E+00 1.32402E+02
4.21180E+00 4.97164E+00 4.99567E+00 5.58855E+00 5.58037E+00 5.58372E+00 5.59801E+00 4.99299E+00 4.97164E+00 4.21180E+00 1.40160E+02
4.49348E+00 5.25011E+00 5.27432E+00 5.86440E+00 5.85624E+00 5.85968E+00 5.87405E+00 5.27164E+00 5.25011E+00 4.49348E+00 1.47954E+02
4.77732E+00 5.53084E+00 5.55523E+00 6.14260E+00 6.13446E+00 6.13799E+00 6.15243E+00 5.55255E+00 5.53084E+00 4.77732E+00 1.55775E+02
5.06310E+00 5.81361E+00 5.83818E+00 6.42293E+00 6.41481E+00 6.41842E+00 6.43294E+00 5.83550E+00 5.81361E+00 5.06310E+00 1.63617E+02
5.35064E+00 6.09824E+00 6.12298E+00 6.70518E+00 6.69708E+00 6.70078E+00 6.71536E+00 6.12029E+00 6.09824E+00 5.35064E+00 1.71472E+02
5.63976E+00 6.38453E+00 6.40944E+00 6.98917E+00 6.98109E+00 6.98487E+00 6.99953E+00 6.40675E+00 6.38453E+00 5.63976E+00 1.79335E+02
5.93028E+00 6.67231E+00 6.69738E+00 7.27471E+00 7.26666E+00 7.27052E+00 7.28525E+00 6.69469E+00 6.67231E+00 5.93028E+00 1.87201E+02
6.22207E+00 6.96142E+00 6.98665E+00 7.56166E+00 7.55362E+00 7.55757E+00 7.57236E+00 6.98396E+00 6.96142E+00 6.22207E+00 1.95065E+02
6.51496E+00 7.25171E+00 7.27710E+00 7.84984E+00 7.84183E+00 7.84586E+00 7.86072E+00 7.27441E+00 7.25171E+00 6.51496E+00 2.02921E+02
6.80882E+00 7.54305E+00 7.56860E+00 8.13913E+00 8.13113E+00 8.13524E+00 8.15017E+00 7.56590E+00 7.54305E+00 6.80882E+00 2.10767E+02
7.10353E+00 7.83530E+00 7.86100E+00 8.42938E+00 8.42141E+00 8.42560E+00 8.44059E+00 7.85830E+00 7.83530E+00 7.10353E+00 2.18597E+02
7.39897E+00 8.12834E+00 8.15419E+00 8.72048E+00 8.71253E+00 8.71680E+00 8.73185E+00 8.15149E+00 8.12834E+00 7.39897E+00 2.26410E+02
7.69503E+00 8.42206E+00 8.44805E+00 9.01231E+00 9.00437E+00 9.00872E+00 9.02384E+00 8.44536E+00 8.42206E+00 7.69503E+00 2.34202E+02
7.99160E+00 8.71635E+00 8.74249E+00 9.30476E+00 9.29684E+00 9.30126E+00 9.31644E+00 8.73979E+00 8.71635E+00 7.99160E+00 2.41969E+02
8.28859E+00 9.01111E+00 9.03739E+00 9.59772E+00 9.58982E+00 9.59432E+00 9.60956E+00 9.03470E+00 9.01111E+00 8.28859E+00 2.49710E+02
8.58591E+00 9.30626E+00 9.33268E+00 9.89111E+00 9.88323E+00 9.88780E+00 9.90311E+00 9.32998E+00 9.30626E+00 8.58591E+00 2.57423E+02
8.88347E+00 9.60169E+00 9.62825E+00 1.01848E+01 1.01770E+01 1.01816E+01 1.01970E+01 9.62555E+00 9.60169E+00 8.88347E+00 2.65105E+02
9.18120E+00 9.89734E+00 9.92403E+00 1.04788E+01 1.04710E+01 1.04757E+01 1.04911E+01 9.92133E+00 9.89734E+00 9.18120E+00 2.72754E+02
9.47901E+00 1.01931E+01 1.02199E+01 1.07729E+01 1.07651E+01 1.07699E+01 1.07854E+01 1.02172E+01 1.01931E+01 9.47901E+00 2.80369E+02
9.77684E+00 1.04890E+01 1.05159E+01 1.10672E+01 1.10594E+01 1.10642E+01 1.10798E+01 1.05132E+01 1.04890E+01 9.77684E+00 2.87948E+02
1.00746E+01 1.07848E+01 1.08119E+01 1.13615E+01 1.13537E+01 1.13586E+01 1.13742E+01 1.08092E+01 1.07848E+01 1.00746E+01 2.95490E+02
1.03723E+01 1.10806E+01 1.11078E+01 1.16557E+01 1.16479E+01 1.16529E+01 1.16686E+01 1.11051E+01 1.10806E+01 1.03723E+01 3.02994E+02
1.06698E+01 1.13762E+01 1.14035E+01 1.19498E+01 1.19421E+01 1.19472E+01 1.19629E+01 1.14008E+01 1.13762E+01 1.06698E+01 3.10459E+02
1.09671E+01 1.16717E+01 1.16991E+01 1.22438E+01 1.22361E+01 1.22412E+01 1.22570E+01 1.16964E+01 1.16717E+01 1.09671E+01 3.17883E+02
1.12641E+01 1.19669E+01 1.19945E+01 1.25376E+01 1.25299E+01 1.25351E+01 1.25509E+01 1.19918E+01 1.19669E+01 1.12641E+01 3.25266E+02
0.00000E+00 0.00000E+00 -4.25163E-02 6.23208E-01 6.14244E-01 6.14904E-01 6.26999E-01 -4.51252E-02 0.00000E+00 0.00000E+00 -1.45299E+00
0.00000E+00 0.00000E+00 -3.49329E-04 6.50442E-01 6.41534E-01 6.42431E-01 6.54804E-01 -2.99552E-03 0.00000E+00 0.00000E+00 -3.68533E-01
0.00000E+00 5.05919E-02 7.04643E-02 7.09001E-01 7.00145E-01 7.01259E-01 7.13874E-01 6.77892E-02 5.05919E-02 0.00000E+00 1.26836E+00
0.00000E+00 1.42838E-01 1.63310E-01 7.91326E-01 7.82521E-01 7.83840E-01 7.96672E-01 1.60611E-01 1.42838E-01 0.00000E+00 3.44225E+00
0.00000E+00 2.53186E-01 2.74203E-01 8.92961E-01 8.84204E-01 8.85718E-01 8.98750E-01 2.71485E-01 2.53186E-01 0.00000E+00 6.15890E+00
0.00000E+00 3.78433E-01 3.99953E-01 1.01045E+00 1.00174E+00 1.00344E+00 1.01666E+00 3.97218E-01 3.78433E-01 0.00000E+00 9.37453E+00
0.00000E+00 5.16217E-01 5.38202E-01 1.14125E+00 1.13258E+00 1.13446E+00 1.14785E+00 5.35453E-01 5.16217E-01 0.00000E+00 1.30397E+01
0.00000E+00 6.64724E-01 6.87143E-01 1.28341E+00 1.27479E+00 1.27683E+00 1.29039E+00 6.84382E-01 6.64724E-01 0.00000E+00 1.71046E+01
6.18048E-02 8.18979E-01 8.41803E-01 1.43187E+00 1.42330E+00 1.42551E+00 1.43922E+00 8.39032E-01 8.18979E-01 6.18048E-02 2.14421E+01
2.26361E-01 9.76987E-01 1.00019E+00 1.58456E+00 1.57603E+00 1.57840E+00 1.59225E+00 9.97414E-01 9.76987E-01 2.26361E-01 2.59476E+01
3.99170E-01 1.14368E+00 1.16725E+00 1.74629E+00 1.73779E+00 1.74033E+00 1.75432E+00 1.16446E+00 1.14368E+00 3.99170E-01 3.07058E+01
5.79308E-01 1.31807E+00 1.34199E+00 1.91603E+00 1.90758E+00 1.91026E+00 1.92439E+00 1.33920E+00 1.31807E+00 5.79308E-01 3.56880E+01
7.65980E-01 1.49934E+00 1.52359E+00 2.09293E+00 2.08451E+00 2.08735E+00 2.10160E+00 1.52079E+00 1.49934E+00 7.65980E-01 4.08681E+01
9.58492E-01 1.68674E+00 1.71131E+00 2.27621E+00 2.26783E+00 2.27081E+00 2.28519E+00 1.70851E+00 1.68674E+00 9.58492E-01 4.62217E+01
1.15624E+00 1.87965E+00 1.90452E+00 2.46521E+00 2.45687E+00 2.45999E+00 2.47450E+00 1.90171E+00 1.87965E+00 1.15624E+00 5.17268E+01
1.35867E+00 2.07749E+00 2.10265E+00 2.65935E+00 2.65105E+00 2.65431E+00 2.66893E+00 2.09984E+00 2.07749E+00 1.35867E+00 5.73636E+01
1.56531E+00 2.27976E+00 2.30521E+00 2.85810E+00 2.84983E+00 2.85323E+00 2.86797E+00 2.30239E+00 2.27976E+00 1.56531E+00 6.31139E+01
1.77574E+00 2.48601E+00 2.51174E+00 3.06100E+00 3.05277E+00 3.05630E+00 3.07115E+00 2.50892E+00 2.48601E+00 1.77574E+00 6.89614E+01
1.98956E+00 2.69584E+00 2.72183E+00 3.26763E+00 3.25943E+00 3.26310E+00 3.27805E+00 2.71901E+00 2.69584E+00 1.98956E+00 7.48915E+01
2.20642E+00 2.90889E+00 2.93513E+00 3.47761E+00 3.46945E+00 3.47325E+00 3.48830E+00 2.93231E+00 2.90889E+00 2.20642E+00 8.08908E+01
2.42602E+00 3.12481E+00 3.15131E+00 3.69060E+00 3.68247E+00 3.68640E+00 3.70156E+00 3.14849E+00 3.12481E+00 2.42602E+00 8.69475E+01
2.64805E+00 3.34333E+00 3.37006E+00 3.90629E+00 3.89820E+00 3.90225E+00 3.91751E+00 3.36724E+00 3.34333E+00 2.64805E+00 9.30508E+01
2.87225E+00 3.56415E+00 3.59112E+00 4.12441E+00 4.11635E+00 4.12053E+00 4.13588E+00 3.58829E+00 3.56415E+00 2.87225E+00 9.91911E+01
3.09840E+00 3.78703E+00 3.81423E+00 4.34469E+00 4.33666E+00 4.34096E+00 4.35641E+00 3.81140E+00 3.78703E+00 3.09840E+00 1.05360E+02
3.32626E+00 4.01174E+00 4.03917E+00 4.56689E+00 4.55890E+00 4.56331E+00 4.57886E+00 4.03634E+00 4.01174E+00 3.32626E+00 1.11549E+02
3.55564E+00 4.23808E+00 4.26572E+00 4.79081E+00 4.78285E+00 4.78738E+00 4.80302E+00 4.26290E+00 4.23808E+00 3.55564E+00 1.17751E+02
3.78634E+00 4.46586E+00 4.49371E+00 5.01624E+00 5.00831E+00 5.01296E+00 5.02869E+00 4.49088E+00 4.46586E+00 3.78634E+00 1.23961E+02
4.01821E+00 4.69488E+00 4.72294E+00 5.24301E+00 5.23511E+00 5.23988E+00 5.25569E+00 4.72012E+00 4.69488E+00 4.01821E+00 1.30172E+02
4.25109E+00 4.92501E+00 4.95326E+00 5.47094E+00 5.46307E+00 5.46795E+00 5.48385E+00 4.95044E+00 4.92501E+00 4.25109E+00 1.36379E+02
4.48482E+00 5.15607E+00 5.18452E+00 5.69989E+00 5.69205E+00 5.69704E+00 5.71302E+00 5.18170E+00 5.15607E+00 4.48482E+00 1.42579E+02
4.71928E+00 5.38794E+00 5.41659E+00 5.92970E+00 5.92189E+00 5.92699E+00 5.94306E+00 5.41376E+00 5.38794E+00 4.71928E+00 1.48766E+02
4.95434E+00 5.62049E+00 5.64932E+00 6.16026E+00 6.15247E+00 6.15768E+00 6.17383E+00 5.64650E+00 5.62049E+00 4.95434E+00 1.54937E+02
5.18989E+00 5.85360E+00 5.88261E+00 6.39143E+00 6.38367E+00 6.38899E+00 6.40522E+00 5.87979E+00 5.85360E+00 5.18989E+00 1.61089E+02
5.42583E+00 6.08715E+00 6.11635E+00 6.62310E+00 6.61538E+00 6.62080E+00 6.63711E+00 6.11353E+00 6.08715E+00 5.42583E+00 1.67218E+02
5.66205E+00 6.32106E+00 6.35043E+00 6.85518E+00 6.84748E+00 6.85301E+00 6.86939E+00 6.34761E+00 6.32106E+00 5.66205E+00 1.73323E+02
5.89846E+00 6.55522E+00 6.58477E+00 7.08756E+00 7.07989E+00 7.08552E+00 7.10198E+00 6.58195E+00 6.55522E+00 5.89846E+00 1.79401E+02
6.13499E+00 6.78955E+00 6.81927E+00 7.32016E+00 7.31251E+00 7.31825E+00 7.33479E+00 6.81645E+00 6.78955E+00 6.13499E+00 1.85450E+02
6.37155E+00 7.02397E+00 7.05385E+00 7.55289E+00 7.54527E+00 7.55111E+00 7.56772E+00 7.05104E+00 7.02397E+00 6.37155E+00 1.91467E+02
6.60807E+00 7.25841E+00 7.28845E+00 7.78567E+00 7.77808E+00 7.78402E+00 7.80070E+00 7.28564E+00 7.25841E+00 6.60807E+00 1.97452E+02
6.84448E+00 7.49278E+00 7.52298E+00 8.01844E+00 8.01088E+00 8.01691E+00 8.03367E+00 7.52017E+00 7.49278E+00 6.84448E+00 2.03402E+02
7.08073E+00 7.72704E+00 7.75740E+00 8.25113E+00 8.24359E+00 8.24973E+00 8.26655E+00 7.75459E+00 7.72704E+00 7.08073E+00 2.09317E+02
7.31675E+00 7.96112E+00 7.99163E+00 8.48367E+00 8.47616E+00 8.48239E+00 8.49929E+00 7.98882E+00 7.96112E+00 7.31675E+00 2.15195E+02
7.55249E+00 8.19496E+00 8.22562E+00 8.71602E+00 8.70853E+00 8.71486E+00 8.73182E+00 8.22282E+00 8.19496E+00 7.55249E+00 2.21036E+02
7.78791E+00 8.42851E+00 8.45932E+00 8.94811E+00 8.94065E+00 8.94707E+00 8.96410E+00 8.45652E+00 8.42851E+00 7.78791E+00 2.26838E+02
8.02295E+00 8.66173E+00 8.69269E+00 9.17990E+00 9.17246E+00 9.17898E+00 9.19608E+00 8.68989E+00 8.66173E+00 8.02295E+00 2.32602E+02
8.25757E+00 8.89457E+00 8.92567E+00 9.41134E+00 9.40393E+00 9.41053E+00 9.42770E+00 8.92287E+00 8.89457E+00 8.25757E+00 2.38325E+02
8.49173E+00 9.12699E+00 9.15823E+00 9.64239E+00 9.63500E+00 9.64170E+00 9.65893E+00 9.15544E+00 9.12699E+00 8.49173E+00 2.44008E+02
8.72540E+00 9.35895E+00 9.39033E+00 9.87300E+00 9.86564E+00 9.87243E+00 9.88973E+00 9.38754E+00 9.35895E+00 8.72540E+00 2.49650E+02
8.95854E+00 9.59041E+00 9.62193E+00 1.01032E+01 1.00958E+01 1.01027E+01 1.01201E+01 9.61914E+00 9.59041E+00 8.95854E+00 2.55251E+02
9.19112E+00 9.82135E+00 9.85300E+00 1.03328E+01 1.03255E+01 1.03325E+01 1.03499E+01 9.85022E+00 9.82135E+00 9.19112E+00 2.60810E+02
0.00000E+00 0.00000E+00 -3.99713E-02 5.51594E-01 5.42535E-01 5.43499E-01 5.56548E-01 -4.28254E-02 0.00000E+00 0.00000E+00 -1.40758E+00
0.00000E+00 0.00000E+00 3.20595E-03 5.81195E-01 5.72231E-01 5.73521E-01 5.86893E-01 3.21548E-04 0.00000E+00 0.00000E+00 -3.39705E-01
0.00000E+00 4.79474E-02 7.08591E-02 6.37701E-01 6.28823E-01 6.30412E-01 6.44065E-01 6.79524E-02 4.79474E-02 0.00000E+00 1.23333E+00
0.00000E+00 1.33358E-01 1.56971E-01 7.14242E-01 7.05445E-01 7.07312E-01 7.21218E-01 1.54047E-01 1.33358E-01 0.00000E+00 3.27850E+00
0.00000E+00 2.33694E-01 2.57944E-01 8.06789E-01 7.98068E-01 8.00200E-01 8.14339E-01 2.55007E-01 2.33694E-01 0.00000E+00 5.78800E+00
0.00000E+00 3.46093E-01 3.70927E-01 9.12253E-01 9.03605E-01 9.05988E-01 9.20343E-01 3.67980E-01 3.46093E-01 0.00000E+00 8.71177E+00
0.00000E+00 4.68466E-01 4.93840E-01 1.02838E+00 1.01980E+00 1.02243E+00 1.03698E+00 4.90885E-01 4.68466E-01 0.00000E+00 1.19986E+01
0.00000E+00 5.99228E-01 6.25105E-01 1.15347E+00 1.14496E+00 1.14781E+00 1.16256E+00 6.22143E-01 5.99228E-01 0.00000E+00 1.55998E+01
5.44393E-02 7.34470E-01 7.60816E-01 1.28354E+00 1.27509E+00 1.27817E+00 1.29309E+00 7.57850E-01 7.34470E-01 5.44393E-02 1.93947E+01
1.98584E-01 8.72627E-01 8.99414E-01 1.41694E+00 1.40856E+00 1.41185E+00 1.42695E+00 8.96444E-01 8.72627E-01 1.98584E-01 2.32894E+01
3.48871E-01 1.01732E+00 1.04452E+00 1.55720E+00 1.54888E+00 1.55237E+00 1.56764E+00 1.04155E+00 1.01732E+00 3.48871E-01 2.73688E+01
5.04520E-01 1.16771E+00 1.19532E+00 1.70344E+00 1.69518E+00 1.69888E+00 1.71430E+00 1.19235E+00 1.16771E+00 5.04520E-01 3.16077E+01
6.64865E-01 1.32311E+00 1.35110E+00 1.85494E+00 1.84673E+00 1.85063E+00 1.86620E+00 1.34813E+00 1.32311E+00 6.64865E-01 3.59835E+01
8.29329E-01 1.48290E+00 1.51126E+00 2.01104E+00 2.00289E+00 2.00698E+00 2.02270E+00 1.50828E+00 1.48290E+00 8.29329E-01 4.04757E+01
9.97411E-01 1.64656E+00 1.67526E+00 2.17122E+00 2.16312E+00 2.16740E+00 2.18326E+00 1.67229E+00 1.64656E+00 9.97411E-01 4.50663E+01
1.16867E+00 1.81362E+00 1.84266E+00 2.33497E+00 2.32692E+00 2.33139E+00 2.34739E+00 1.83969E+00 1.81362E+00 1.16867E+00 4.97388E+01
1.34272E+00 1.98367E+00 2.01303E+00 2.50187E+00 2.49388E+00 2.49853E+00 2.51466E+00 2.01006E+00 1.98367E+00 1.34272E+00 5.44790E+01
1.51922E+00 2.15635E+00 2.18602E+00 2.67156E+00 2.66361E+00 2.66844E+00 2.68470E+00 2.18306E+00 2.15635E+00 1.51922E+00 5.92738E+01
1.69785E+00 2.33133E+00 2.36131E+00 2.84368E+00 2.83579E+00 2.84079E+00 2.85718E+00 2.35835E+00 2.33133E+00 1.69785E+00 6.41118E+01
1.87835E+00 2.50833E+00 2.53861E+00 3.01795E+00 3.01010E+00 3.01528E+00 3.03179E+00 2.53564E+00 2.50833E+00 1.87835E+00 6.89830E+01
2.06046E+00 2.68710E+00 2.71765E+00 3.19409E+00 3.18629E+00 3.19163E+00 3.20827E+00 2.71469E+00 2.68710E+00 2.06046E+00 7.38783E+01
2.24397E+00 2.86738E+00 2.89821E+00 3.37186E+00 3.36411E+00 3.36962E+00 3.38637E+00 2.89526E+00 2.86738E+00 2.24397E+00 7.87898E+01
2.42867E+00 3.04898E+00 3.08008E+00 3.55105E+00 3.54334E+00 3.54901E+00 3.56588E+00 3.07712E+00 3.04898E+00 2.42867E+00 8.37103E+01
2.61438E+00 3.23170E+00 3.26306E+00 3.73145E+00 3.72378E+00 3.72961E+00 3.74659E+00 3.26011E+00 3.23170E+00 2.61438E+00 8.86336E+01
2.80093E+00 3.41538E+00 3.44698E+00 3.91288E+00 3.90526E+00 3.91124E+00 3.92833E+00 3.44404E+00 3.41538E+00 2.80093E+00 9.35542E+01
2.98817E+00 3.59984E+00 3.63169E+00 4.09518E+00 4.08760E+00 4.09374E+00 4.11094E+00 3.62875E+00 3.59984E+00 2.98817E+00 9.84671E+01
3.17597E+00 3.78495E+00 3.81705E+00 4.27821E+00 4.27067E+00 4.27696E+00 4.29427E+00 3.81411E+00 3.78495E+00 3.17597E+00 1.03368E+02
3.36421E+00 3.97059E+00 4.00291E+00 4.46182E+00 4.45433E+00 4.46077E+00 4.47818E+00 3.99998E+00 3.97059E+00 3.36421E+00 1.08253E+02
3.55276E+00 4.15662E+00 4.18917E+00 4.64590E+00 4.63845E+00 4.64504E+00 4.66255E+00 4.18624E+00 4.15662E+00 3.55276E+00 1.13119E+02
3.74152E+00 4.34294E+00 4.37572E+00 4.83034E+00 4.82292E+00 4.82966E+00 4.84727E+00 4.37279E+00 4.34294E+00 3.74152E+00 1.17963E+02
3.93041E+00 4.52946E+00 4.56245E+00 5.01502E+00 5.00764E+00 5.01452E+00 5.03223E+00 4.55953E+00 4.52946E+00 3.93041E+00 1.22782E+02
4.11933E+00 4.71608E+00 4.74927E+00 5.19985E+00 5.19252E+00 5.19954E+00 5.21734E+00 4.74636E+00 4.71608E+00 4.11933E+00 1.27574E+02
4.30820E+00 4.90271E+00 4.93611E+00 5.38476E+00 5.37746E+00 5.38462E+00 5.40252E+00 4.93320E+00 4.90271E+00 4.30820E+00 1.32337E+02
4.49695E+00 5.08928E+00 5.12289E+00 5.56966E+00 5.56240E+00 5.56969E+00 5.58768E+00 5.11999E+00 5.08928E+00 4.49695E+00 1.37069E+02
4.68551E+00 5.27573E+00 5.30953E+00 5.75447E+00 5.74725E+00 5.75468E+00 5.77276E+00 5.30663E+00 5.27573E+00 4.68551E+00 1.41769E+02
4.87383E+00 5.46198E+00 5.49598E+00 5.93913E+00 5.93195E+00 5.93951E+00 5.95769E+00 5.49308E+00 5.46198E+00 4.87383E+00 1.46435E+02
5.06184E+00 5.64798E+00 5.68217E+00 6.12358E+00 6.11644E+00 6.12413E+00 6.14240E+00 5.67928E+00 5.64798E+00 5.06184E+00 1.51067E+02
5.24949E+00 5.83368E+00 5.86805E+00 6.30777E+00 6.30066E+00 6.30849E+00 6.32684E+00 5.86517E+00 5.83368E+00 5.24949E+00 1.55662E+02
5.43674E+00 6.01902E+00 6.05357E+00 6.49164E+00 6.48457E+00 6.49252E+00 6.51096E+00 6.05069E+00 6.01902E+00 5.43674E+00 1.60222E+02
5.62355E+00 6.20396E+00 6.23869E+00 6.67515E+00 6.66811E+00 6.67619E+00 6.69471E+00 6.23581E+00 6.20396E+00 5.62355E+00 1.64744E+02
5.80986E+00 6.38845E+00 6.42336E+00 6.85824E+00 6.85124E+00 6.85945E+00 6.87806E+00 6.42049E+00 6.38845E+00 5.80986E+00 1.69228E+02
5.99566E+00 6.57247E+00 6.60755E+00 7.04089E+00 7.03392E+00 7.04226E+00 7.06095E+00 6.60468E+00 6.57247E+00 5.99566E+00 1.73674E+02
6.18090E+00 6.75597E+00 6.79122E+00 7.22306E+00 7.21612E+00 7.22458E+00 7.24335E+00 6.78836E+00 6.75597E+00 6.18090E+00 1.78081E+02
6.36556E+00 6.93892E+00 6.97434E+00 7.40471E+00 7.39780E+00 7.40638E+00 7.42524E+00 6.97148E+00 6.93892E+00 6.36556E+00 1.82450E+02
6.54960E+00 7.12130E+00 7.15688E+00 7.58581E+00 7.57894E+00 7.58764E+00 7.60657E+00 7.15403E+00 7.12130E+00 6.54960E+00 1.86780E+02
6.73301E+00 7.30307E+00 7.33881E+00 7.76633E+00 7.75949E+00 7.76832E+00 7.78733E+00 7.33597E+00 7.30307E+00 6.73301E+00 1.91070E+02
6.91575E+00 7.48422E+00 7.52011E+00 7.94626E+00 7.93945E+00 7.94839E+00 7.96748E+00 7.51728E+00 7.48422E+00 6.91575E+00 1.95321E+02
7.09781E+00 7.66472E+00 7.70076E+00 8.12556E+00 8.11878E+00 8.12784E+00 8.14701E+00 7.69793E+00 7.66472E+00 7.09781E+00 1.99533E+02
7.27917E+00 7.84454E+00 7.88074E+00 8.30421E+00 8.29747E+00 8.30664E+00 8.32588E+00 7.87791E+00 7.84454E+00 7.27917E+00 2.03706E+02
7.45981E+00 8.02368E+00 8.06003E+00 8.48220E+00 8.47549E+00 8.48477E+00 8.50409E+00 8.05721E+00 8.02368E+00 7.45981E+00 2.07839E+02
0.00000E+00 0.00000E+00 -3.66729E-02 4.87664E-01 4.78612E-01 4.80034E-01 4.94169E-01 -3.97819E-02 0.00000E+00 0.00000E+00 -1.36632E+00
0.00000E+00 0.00000E+00 7.35012E-03 5.19303E-01 5.10396E-01 5.12265E-01 5.26775E-01 4.22255E-03 0.00000E+00 0.00000E+00 -3.05824E-01
0.00000E+00 4.53747E-02 7.19164E-02 5.73698E-01 5.64920E-01 5.67195E-01 5.82033E-01 6.87776E-02 4.53747E-02 0.00000E+00 1.20999E+00
0.00000E+00 1.24323E-01 1.51679E-01 6.44725E-01 6.36067E-01 6.38719E-01 6.53854E-01 1.48534E-01 1.24323E-01 0.00000E+00 3.13390E+00
0.00000E+00 2.15365E-01 2.43458E-01 7.28811E-01 7.20265E-01 7.23274E-01 7.38682E-01 2.40310E-01 2.15365E-01 0.00000E+00 5.44781E+00
0.00000E+00 3.15981E-01 3.44749E-01 8.23236E-01 8.14795E-01 8.18142E-01 8.33803E-01 3.41600E-01 3.15981E-01 0.00000E+00 8.09814E+00
0.00000E+00 4.24355E-01 4.53746E-01 9.26036E-01 9.17694E-01 9.21363E-01 9.37262E-01 4.50597E-01 4.24355E-01 0.00000E+00 1.10340E+01
0.00000E+00 5.39123E-01 5.69092E-01 1.03574E+00 1.02749E+00 1.03147E+00 1.04759E+00 5.65946E-01 5.39123E-01 0.00000E+00 1.42095E+01
4.77702E-02 6.57259E-01 6.87766E-01 1.14926E+00 1.14110E+00 1.14538E+00 1.16171E+00 6.84624E-01 6.57259E-01 4.77702E-02 1.75124E+01
1.73540E-01 7.77550E-01 8.08562E-01 1.26531E+00 1.25724E+00 1.26180E+00 1.27833E+00 8.05424E-01 7.77550E-01 1.73540E-01 2.08600E+01
3.03700E-01 9.02589E-01 9.34079E-01 1.38640E+00 1.37841E+00 1.38324E+00 1.39997E+00 9.30947E-01 9.02589E-01 3.03700E-01 2.43358E+01
4.37604E-01 1.03169E+00 1.06363E+00 1.51179E+00 1.50388E+00 1.50899E+00 1.52590E+00 1.06051E+00 1.03169E+00 4.37604E-01 2.79184E+01
5.74706E-01 1.16426E+00 1.19664E+00 1.64088E+00 1.63305E+00 1.63842E+00 1.65551E+00 1.19353E+00 1.16426E+00 5.74706E-01 3.15890E+01
7.14540E-01 1.29982E+00 1.33262E+00 1.77316E+00 1.76540E+00 1.77102E+00 1.78829E+00 1.32951E+00 1.29982E+00 7.14540E-01 3.53307E+01
8.56705E-01 1.43794E+00 1.47113E+00 1.90816E+00 1.90048E+00 1.90635E+00 1.92379E+00 1.46803E+00 1.43794E+00 8.56705E-01 3.91292E+01
1.00085E+00 1.57824E+00 1.61181E+00 2.04551E+00 2.03790E+00 2.04402E+00 2.06162E+00 1.60871E+00 1.57824E+00 1.00085E+00 4.29714E+01
1.14667E+00 1.72039E+00 1.75433E+00 2.18487E+00 2.17733E+00 2.18368E+00 2.20144E+00 1.75125E+00 1.72039E+00 1.14667E+00 4.68464E+01
1.29390E+00 1.86412E+00 1.89842E+00 2.32593E+00 2.31846E+00 2.32504E+00 2.34296E+00 1.89534E+00 1.86412E+00 1.29390E+00 5.07441E+01
1.44229E+00 2.00918E+00 2.04382E+00 2.46844E+00 2.46103E+00 2.46784E+00 2.48591E+00 2.04075E+00 2.00918E+00 1.44229E+00 5.46563E+01
1.59165E+00 2.15534E+00 2.19030E+00 2.61216E+00 2.60482E+00 2.61185E+00 2.63006E+00 2.18724E+00 2.15534E+00 1.59165E+00 5.85753E+01
1.74178E+00 2.30240E+00 2.33769E+00 2.75688E+00 2.74961E+00 2.75686E+00 2.77521E+00 2.33463E+00 2.30240E+00 1.74178E+00 6.24948E+01
1.89252E+00 2.45019E+00 2.48578E+00 2.90243E+00 2.89522E+00 2.90269E+00 2.92118E+00 2.48274E+00 2.45019E+00 1.89252E+00 6.64091E+01
2.04372E+00 2.59855E+00 2.63445E+00 3.04864E+00 3.04149E+00 3.04917E+00 3.06780E+00 2.63141E+00 2.59855E+00 2.04372E+00 7.03133E+01
2.19524E+00 2.74735E+00 2.78353E+00 3.19536E+00 3.18827E+00 3.19615E+00 3.21492E+00 2.78050E+00 2.74735E+00 2.19524E+00 7.42032E+01
2.34698E+00 2.89644E+00 2.93290E+00 3.34246E+00 3.33542E+00 3.34351E+00 3.36241E+00 2.92989E+00 2.89644E+00 2.34698E+00 7.80750E+01
2.49881E+00 3.04573E+00 3.08246E+00 3.48982E+00 3.48284E+00 3.49113E+00 3.51015E+00 3.07946E+00 3.04573E+00 2.49881E+00 8.19256E+01
2.65064E+00 3.19510E+00 3.23211E+00 3.63734E+00 3.63041E+00 3.63890E+00 3.65804E+00 3.22911E+00 3.19510E+00 2.65064E+00 8.57523E+01
2.80239E+00 3.34447E+00 3.38173E+00 3.78491E+00 3.77804E+00 3.78672E+00 3.80599E+00 3.37875E+00 3.34447E+00 2.80239E+00 8.95527E+01
2.95398E+00 3.49376E+00 3.53127E+00 3.93245E+00 3.92563E+00 3.93450E+00 3.95390E+00 3.52829E+00 3.49376E+00 2.95398E+00 9.33247E+01
3.10534E+00 3.64288E+00 3.68064E+00 4.07989E+00 4.07312E+00 4.08218E+00 4.10169E+00 3.67767E+00 3.64288E+00 3.10534E+00 9.70667E+01
3.25640E+00 3.79177E+00 3.82977E+00 4.22715E+00 4.22043E+00 4.22967E+00 4.24930E+00 3.82681E+00 3.79177E+00 3.25640E+00 1.00777E+02
3.40711E+00 3.94037E+00 3.97861E+00 4.37416E+00 4.36750E+00 4.37692E+00 4.39667E+00 3.97566E+00 3.94037E+00 3.40711E+00 1.04455E+02
3.55742E+00 4.08863E+00 4.12709E+00 4.52088E+00 4.51427E+00 4.52387E+00 4.54373E+00 4.12415E+00 4.08863E+00 3.55742E+00 1.08099E+02
3.70727E+00 4.23649E+00 4.27517E+00 4.66724E+00 4.66068E+00 4.67046E+00 4.69043E+00 4.27225E+00 4.23649E+00 3.70727E+00 1.11708E+02
3.85663E+00 4.38391E+00 4.42281E+00 4.81321E+00 4.80669E+00 4.81665E+00 4.83673E+00 4.41989E+00 4.38391E+00 3.85663E+00 1.15282E+02
4.00546E+00 4.53085E+00 4.56997E+00 4.95873E+00 4.95227E+00 4.96239E+00 4.98258E+00 4.56706E+00 4.53085E+00 4.00546E+00 1.18821E+02
4.15372E+00 4.67727E+00 4.71660E+00 5.10378E+00 5.09736E+00 5.10765E+00 5.12794E+00 4.71370E+00 4.67727E+00 4.15372E+00 1.22323E+02
4.30139E+00 4.82314E+00 4.86267E+00 5.24831E+00 5.24193E+00 5.25240E+00 5.27279E+00 4.85978E+00 4.82314E+00 4.30139E+00 1.25788E+02
4.44843E+00 4.96843E+00 5.00817E+00 5.39229E+00 5.38596E+00 5.39659E+00 5.41709E+00 5.00529E+00 4.96843E+00 4.44843E+00 1.29217E+02
4.59483E+00 5.11312E+00 5.15305E+00 5.53570E+00 5.52941E+00 5.54021E+00 5.56081E+00 5.15018E+00 5.11312E+00 4.59483E+00 1.32609E+02
4.74055E+00 5.25717E+00 5.29729E+00 5.67850E+00 5.67227E+00 5.68322E+00 5.70392E+00 5.29443E+00 5.25717E+00 4.74055E+00 1.35964E+02
4.88559E+00 5.40058E+00 5.44089E+00 5.82069E+00 5.81449E+00 5.82561E+00 5.84641E+00 5.43804E+00 5.40058E+00 4.88559E+00 1.39282E+02
5.02991E+00 5.54331E+00 5.58380E+00 5.96223E+00 5.95608E+00 5.96735E+00 5.98825E+00 5.58096E+00 5.54331E+00 5.02991E+00 1.42563E+02
5.17352E+00 5.68535E+00 5.72603E+00 6.10311E+00 6.09700E+00 6.10843E+00 6.12943E+00 5.72320E+00 5.68535E+00 5.17352E+00 1.45808E+02
5.31639E+00 5.82669E+00 5.86755E+00 6.24332E+00 6.23725E+00 6.24883E+00 6.26992E+00 5.86472E+00 5.82669E+00 5.31639E+00 1.49016E+02
5.45850E+00 5.96731E+00 6.00835E+00 6.38283E+00 6.37680E+00 6.38854E+00 6.40972E+00 6.00553E+00 5.96731E+00 5.45850E+00 1.52187E+02
5.59986E+00 6.10721E+00 6.14841E+00 6.52164E+00 6.51565E+00 6.52754E+00 6.54881E+00 6.14561E+00 6.10721E+00 5.59986E+00 1.55323E+02
5.74045E+00 6.24637E+00 6.28774E+00 6.65973E+00 6.65378E+00 6.66582E+00 6.68718E+00 6.28494E+00 6.24637E+00 5.74045E+00 1.58422E+02
5.88027E+00 6.38477E+00 6.42631E+00 6.79709E+00 6.79119E+00 6.80337E+00 6.82483E+00 6.42353E+00 6.38477E+00 5.88027E+00 1.61487E+02
6.01930E+00 6.52243E+00 6.56413E+00 6.93373E+00 6.92786E+00 6.94018E+00 6.96173E+00 6.56135E+00 6.52243E+00 6.01930E+00 1.64516E+02
0.00000E+00 0.00000E+00 -3.24519E-02 4.30741E-01 4.21837E-01 4.23939E-01 4.39305E-01 -3.58172E-02 0.00000E+00 0.00000E+00 -1.32564E+00
0.00000E+00 0.00000E+00 1.21993E-02 4.64056E-01 4.55359E-01 4.58070E-01 4.73875E-01 8.83430E-03 0.00000E+00 0.00000E+00 -2.63791E-01
0.00000E+00 4.28560E-02 7.37238E-02 5.16267E-01 5.07753E-01 5.11014E-01 5.27203E-01 7.03648E-02 4.28560E-02 0.00000E+00 1.20029E+00
0.00000E+00 1.15684E-01 1.47489E-01 5.82032E-01 5.73685E-01 5.77455E-01 5.93993E-01 1.44139E-01 1.15684E-01 0.00000E+00 3.00908E+00
0.00000E+00 1.98094E-01 2.30745E-01 6.58243E-01 6.50051E-01 6.54299E-01 6.71158E-01 2.27407E-01 1.98094E-01 0.00000E+00 5.13756E+00
0.00000E+00 2.87910E-01 3.21333E-01 7.42540E-01 7.34493E-01 7.39193E-01 7.56352E-01 3.18008E-01 2.87910E-01 0.00000E+00 7.53123E+00
0.00000E+00 3.83580E-01 4.17713E-01 8.33244E-01 8.25333E-01 8.30462E-01 8.47901E-01 4.14402E-01 3.83580E-01 0.00000E+00 1.01415E+01
0.00000E+00 4.83950E-01 5.18741E-01 9.29103E-01 9.21320E-01 9.26859E-01 9.44563E-01 5.15446E-01 4.83950E-01 0.00000E+00 1.29264E+01
4.17424E-02 5.86720E-01 6.22122E-01 1.02776E+00 1.02010E+00 1.02603E+00 1.04399E+00 6.18843E-01 5.86720E-01 4.17424E-02 1.57837E+01
1.51002E-01 6.90965E-01 7.26937E-01 1.12823E+00 1.12069E+00 1.12699E+00 1.14519E+00 7.23674E-01 6.90965E-01 1.51002E-01 1.86421E+01
2.63212E-01 7.98488E-01 8.35000E-01 1.23223E+00 1.22480E+00 1.23147E+00 1.24989E+00 8.31754E-01 7.98488E-01 2.63212E-01 2.15826E+01
3.77854E-01 9.08731E-01 9.45755E-01 1.33918E+00 1.33185E+00 1.33887E+00 1.35752E+00 9.42526E-01 9.08731E-01 3.77854E-01 2.45877E+01
4.94491E-01 1.02122E+00 1.05874E+00 1.44857E+00 1.44134E+00 1.44871E+00 1.46757E+00 1.05553E+00 1.02122E+00 4.94491E-01 2.76419E+01
6.12758E-01 1.13558E+00 1.17355E+00 1.56000E+00 1.55287E+00 1.56058E+00 1.57964E+00 1.17036E+00 1.13558E+00 6.12758E-01 3.07323E+01
7.32340E-01 1.25145E+00 1.28987E+00 1.67310E+00 1.66608E+00 1.67411E+00 1.69337E+00 1.28670E+00 1.25145E+00 7.32340E-01 3.38475E+01
8.52971E-01 1.36856E+00 1.40741E+00 1.78759E+00 1.78065E+00 1.78900E+00 1.80846E+00 1.40425E+00 1.36856E+00 8.52971E-01 3.69780E+01
9.74418E-01 1.48665E+00 1.52591E+00 1.90319E+00 1.89634E+00 1.90500E+00 1.92465E+00 1.52277E+00 1.48665E+00 9.74418E-01 4.01154E+01
1.09648E+00 1.60551E+00 1.64516E+00 2.01967E+00 2.01292E+00 2.02188E+00 2.04171E+00 1.64204E+00 1.60551E+00 1.09648E+00 4.32527E+01
1.21898E+00 1.72495E+00 1.76499E+00 2.13685E+00 2.13018E+00 2.13943E+00 2.15945E+00 1.76188E+00 1.72495E+00 1.21898E+00 4.63840E+01
1.34177E+00 1.84481E+00 1.88521E+00 2.25454E+00 2.24795E+00 2.25750E+00 2.27768E+00 1.88212E+00 1.84481E+00 1.34177E+00 4.95039E+01
1.46472E+00 1.96495E+00 2.00570E+00 2.37259E+00 2.36609E+00 2.37592E+00 2.39627E+00 2.00263E+00 1.96495E+00 1.46472E+00 5.26083E+01
1.58770E+00 2.08522E+00 2.12632E+00 2.49088E+00 2.48445E+00 2.49456E+00 2.51508E+00 2.12326E+00 2.08522E+00 1.58770E+00 5.56935E+01
1.71061E+00 2.20554E+00 2.24696E+00 2.60927E+00 2.60293E+00 2.61330E+00 2.63399E+00 2.24392E+00 2.20554E+00 1.71061E+00 5.87562E+01
1.83336E+00 2.32578E+00 2.36753E+00 2.72768E+00 2.72141E+00 2.73205E+00 2.75290E+00 2.36451E+00 2.32578E+00 1.83336E+00 6.17940E+01
1.95587E+00 2.44588E+00 2.48793E+00 2.84600E+00 2.83980E+00 2.85071E+00 2.87171E+00 2.48493E+00 2.44588E+00 1.95587E+00 6.48045E+01
2.07807E+00 2.56575E+00 2.60810E+00 2.96415E+00 2.95803E+00 2.96919E+00 2.99035E+00 2.60511E+00 2.56575E+00 2.07807E+00 6.77861E+01
2.19990E+00 2.68532E+00 2.72796E+00 3.08207E+00 3.07601E+00 3.08743E+00 3.10874E+00 2.72499E+00 2.68532E+00 2.19990E+00 7.07372E+01
2.32129E+00 2.80453E+00 2.84746E+00 3.19968E+00 3.19369E+00 3.20536E+00 3.22681E+00 2.84450E+00 2.80453E+00 2.32129E+00 7.36565E+01
2.44221E+00 2.92333E+00 2.96653E+00 3.31693E+00 3.31102E+00 3.32292E+00 3.34452E+00 2.96360E+00 2.92333E+00 2.44221E+00 7.65431E+01
2.56260E+00 3.04167E+00 3.08514E+00 3.43377E+00 3.42792E+00 3.44007E+00 3.46182E+00 3.08222E+00 3.04167E+00 2.56260E+00 7.93963E+01
2.68243E+00 3.15951E+00 3.20325E+00 3.55016E+00 3.54438E+00 3.55676E+00 3.57865E+00 3.20034E+00 3.15951E+00 2.68243E+00 8.22154E+01
2.80167E+00 3.27681E+00 3.32081E+00 3.66605E+00 3.66034E+00 3.67295E+00 3.69497E+00 3.31792E+00 3.27681E+00 2.80167E+00 8.50000E+01
2.92028E+00 3.39355E+00 3.43779E+00 3.78142E+00 3.77576E+00 3.78861E+00 3.81076E+00 3.43492E+00 3.39355E+00 2.92028E+00 8.77499E+01
3.03824E+00 3.50968E+00 3.55416E+00 3.89622E+00 3.89063E+00 3.90370E+00 3.92599E+00 3.55131E+00 3.50968E+00 3.03824E+00 9.04647E+01
3.15552E+00 3.62519E+00 3.66991E+00 4.01044E+00 4.00490E+00 4.01820E+00 4.04062E+00 3.66707E+00 3.62519E+00 3.15552E+00 9.31445E+01
3.27212E+00 3.74005E+00 3.78500E+00 4.12404E+00 4.11856E+00 4.13208E+00 4.15463E+00 3.78218E+00 3.74005E+00 3.27212E+00 9.57892E+01
3.38800E+00 3.85425E+00 3.89942E+00 4.23701E+00 4.23159E+00 4.24532E+00 4.26800E+00 3.89662E+00 3.85425E+00 3.38800E+00 9.83990E+01
3.50316E+00 3.96776E+00 4.01316E+00 4.34933E+00 4.34397E+00 4.35791E+00 4.38071E+00 4.01036E+00 3.96776E+00 3.50316E+00 1.00974E+02
3.61758E+00 4.08057E+00 4.12619E+00 4.46098E+00 4.45568E+00 4.46983E+00 4.49275E+00 4.12341E+00 4.08057E+00 3.61758E+00 1.03514E+02
3.73125E+00 4.19268E+00 4.23851E+00 4.57195E+00 4.56670E+00 4.58106E+00 4.60411E+00 4.23574E+00 4.19268E+00 3.73125E+00 1.06020E+02
3.84417E+00 4.30406E+00 4.35010E+00 4.68222E+00 4.67703E+00 4.69160E+00 4.71477E+00 4.34735E+00 4.30406E+00 3.84417E+00 1.08492E+02
3.95632E+00 4.41472E+00 4.46096E+00 4.79180E+00 4.78666E+00 4.80143E+00 4.82471E+00 4.45823E+00 4.41472E+00 3.95632E+00 1.10930E+02
4.06770E+00 4.52464E+00 4.57108E+00 4.90066E+00 4.89557E+00 4.91054E+00 4.93395E+00 4.56836E+00 4.52464E+00 4.06770E+00 1.13335E+02
4.17831E+00 4.63381E+00 4.68045E+00 5.00880E+00 5.00377E+00 5.01894E+00 5.04245E+00 4.67774E+00 4.63381E+00 4.17831E+00 1.15706E+02
4.28814E+00 4.74224E+00 4.78907E+00 5.11622E+00 5.11124E+00 5.12660E+00 5.15023E+00 4.78638E+00 4.74224E+00 4.28814E+00 1.18045E+02
4.39719E+00 4.84992E+00 4.89693E+00 5.22291E+00 5.21798E+00 5.23353E+00 5.25728E+00 4.89426E+00 4.84992E+00 4.39719E+00 1.20352E+02
4.50546E+00 4.95684E+00 5.00404E+00 5.32886E+00 5.32399E+00 5.33973E+00 5.36359E+00 5.00138E+00 4.95684E+00 4.50546E+00 1.22627E+02
4.61294E+00 5.06301E+00 5.11039E+00 5.43408E+00 5.42926E+00 5.44519E+00 5.46916E+00 5.10775E+00 5.06301E+00 4.61294E+00 1.24870E+02
4.71964E+00 5.16842E+00 5.21598E+00 5.53857E+00 5.53379E+00 5.54991E+00 5.57398E+00 5.21335E+00 5.16842E+00 4.71964E+00 1.27083E+02
4.82557E+00 5.27308E+00 5.32082E+00 5.64232E+00 5.63759E+00 5.65389E+00 5.67807E+00 5.31820E+00 5.27308E+00 4.82557E+00 1.29265E+02
0.00000E+00 0.00000E+00 -2.71333E-02 3.80229E-01 3.71664E-01 3.74768E-01 3.91524E-01 -3.07406E-02 0.00000E+00 0.00000E+00 -1.28045E+00
0.00000E+00 0.00000E+00 1.78836E-02 4.14832E-01 4.06550E-01 4.10479E-01 4.27752E-01 1.43052E-02 0.00000E+00 0.00000E+00 -2.09411E-01
0.00000E+00 4.03785E-02 7.63881E-02 4.64781E-01 4.56747E-01 4.61416E-01 4.79144E-01 7.28411E-02 4.03785E-02 0.00000E+00 1.20700E+00
0.00000E+00 1.07401E-01 1.44477E-01 5.25519E-01 5.17711E-01 5.23063E-01 5.41203E-01 1.40962E-01 1.07401E-01 0.00000E+00 2.90535E+00
0.00000E+00 1.81794E-01 2.19829E-01 5.94399E-01 5.86797E-01 5.92788E-01 6.11310E-01 2.16348E-01 1.81794E-01 0.00000E+00 4.85707E+00
0.00000E+00 2.61716E-01 3.00622E-01 6.69415E-01 6.62005E-01 6.68597E-01 6.87475E-01 2.97174E-01 2.61716E-01 0.00000E+00 7.00921E+00
0.00000E+00 3.45867E-01 3.85573E-01 7.49152E-01 7.41921E-01 7.49082E-01 7.68294E-01 3.82158E-01 3.45867E-01 0.00000E+00 9.31712E+00
0.00000E+00 4.33294E-01 4.73738E-01 8.32570E-01 8.25508E-01 8.33209E-01 8.52737E-01 4.70357E-01 4.33294E-01 0.00000E+00 1.17439E+01
3.63044E-02 5.22284E-01 5.63410E-01 9.17907E-01 9.11004E-01 9.19221E-01 9.39048E-01 5.60062E-01 5.22284E-01 3.63044E-02 1.41982E+01
1.30759E-01 6.12145E-01 6.53907E-01 1.00441E+00 9.97660E-01 1.00637E+00 1.02648E+00 6.50591E-01 6.12145E-01 1.30759E-01 1.66201E+01
2.27000E-01 7.04091E-01 7.46452E-01 1.09323E+00 1.08662E+00 1.09581E+00 1.11620E+00 7.43168E-01 7.04091E-01 2.27000E-01 1.90872E+01
3.24620E-01 7.97680E-01 8.40610E-01 1.18389E+00 1.17742E+00 1.18707E+00 1.20772E+00 8.37357E-01 7.97680E-01 3.24620E-01 2.15854E+01
4.23286E-01 8.92549E-01 9.36018E-01 1.27600E+00 1.26966E+00 1.27976E+00 1.30067E+00 9.32797E-01 8.92549E-01 4.23286E-01 2.41031E+01
5.22721E-01 9.88395E-01 1.03238E+00 1.36925E+00 1.36304E+00 1.37357E+00 1.39473E+00 1.02919E+00 9.88395E-01 5.22721E-01 2.66304E+01
6.22689E-01 1.08496E+00 1.12944E+00 1.46336E+00 1.45728E+00 1.46823E+00 1.48963E+00 1.12628E+00 1.08496E+00 6.22689E-01 2.91591E+01
7.22996E-01 1.18204E+00 1.22698E+00 1.55811E+00 1.55214E+00 1.56351E+00 1.58514E+00 1.22385E+00 1.18204E+00 7.22996E-01 3.16823E+01
8.23474E-01 1.27944E+00 1.32483E+00 1.65330E+00 1.64744E+00 1.65921E+00 1.68107E+00 1.32173E+00 1.27944E+00 8.23474E-01 3.41944E+01
9.23980E-01 1.37701E+00 1.42283E+00 1.74876E+00 1.74302E+00 1.75518E+00 1.77726E+00 1.41976E+00 1.37701E+00 9.23980E-01 3.66906E+01
1.02439E+00 1.47462E+00 1.52085E+00 1.84435E+00 1.83872E+00 1.85126E+00 1.87355E+00 1.51781E+00 1.47462E+00 1.02439E+00 3.91671E+01
1.12461E+00 1.57215E+00 1.61878E+00 1.93995E+00 1.93443E+00 1.94734E+00 1.96984E+00 1.61577E+00 1.57215E+00 1.12461E+00 4.16206E+01
1.22454E+00 1.66950E+00 1.71651E+00 2.03546E+00 2.03003E+00 2.04331E+00 2.06602E+00 1.71352E+00 1.66950E+00 1.22454E+00 4.40486E+01
1.32410E+00 1.76658E+00 1.81396E+00 2.13077E+00 2.12545E+00 2.13908E+00 2.16199E+00 1.81101E+00 1.76658E+00 1.32410E+00 4.64489E+01
1.42323E+00 1.86333E+00 1.91107E+00 2.22582E+00 2.22059E+00 2.23457E+00 2.25768E+00 1.90814E+00 1.86333E+00 1.42323E+00 4.88198E+01
1.52187E+00 1.95967E+00 2.00776E+00 2.32053E+00 2.31539E+00 2.32972E+00 2.35302E+00 2.00486E+00 1.95967E+00 1.52187E+00 5.11601E+01
1.61998E+00 2.05556E+00 2.10398E+00 2.41484E+00 2.40980E+00 2.42445E+00 2.44794E+00 2.10110E+00 2.05556E+00 1.61998E+00 5.34687E+01
1.71750E+00 2.15094E+00 2.19969E+00 2.50870E+00 2.50375E+00 2.51874E+00 2.54241E+00 2.19684E+00 2.15094E+00 1.71750E+00 5.57447E+01
1.81441E+00 2.24578E+00 2.29484E+00 2.60207E+00 2.59721E+00 2.61252E+00 2.63637E+00 2.29202E+00 2.24578E+00 1.81441E+00 5.79878E+01
1.91068E+00 2.34004E+00 2.38941E+00 2.69491E+00 2.69013E+00 2.70576E+00 2.72979E+00 2.38661E+00 2.34004E+00 1.91068E+00 6.01975E+01
2.00627E+00 2.43369E+00 2.48335E+00 2.78719E+00 2.78249E+00 2.79843E+00 2.82264E+00 2.48058E+00 2.43369E+00 2.00627E+00 6.23735E+01
2.10117E+00 2.52671E+00 2.57665E+00 2.87887E+00 2.87426E+00 2.89050E+00 2.91488E+00 2.57391E+00 2.52671E+00 2.10117E+00 6.45159E+01
2.19535E+00 2.61906E+00 2.66929E+00 2.96994E+00 2.96541E+00 2.98195E+00 3.00649E+00 2.66657E+00 2.61906E+00 2.19535E+00 6.66246E+01
2.28880E+00 2.71074E+00 2.76124E+00 3.06037E+00 3.05591E+00 3.07275E+00 3.09746E+00 2.75854E+00 2.71074E+00 2.28880E+00 6.86998E+01
2.38152E+00 2.80173E+00 2.85249E+00 3.15014E+00 3.14576E+00 3.16289E+00 3.18776E+00 2.84982E+00 2.80173E+00 2.38152E+00 7.07416E+01
2.47348E+00 2.89202E+00 2.94304E+00 3.23924E+00 3.23494E+00 3.25235E+00 3.27739E+00 2.94039E+00 2.89202E+00 2.47348E+00 7.27504E+01
2.56468E+00 2.98159E+00 3.03286E+00 3.32766E+00 3.32344E+00 3.34113E+00 3.36632E+00 3.03023E+00 2.98159E+00 2.56468E+00 7.47264E+01
2.65512E+00 3.07043E+00 3.12195E+00 3.41539E+00 3.41124E+00 3.42921E+00 3.45456E+00 3.11935E+00 3.07043E+00 2.65512E+00 7.66701E+01
2.74479E+00 3.15855E+00 3.21031E+00 3.50242E+00 3.49834E+00 3.51658E+00 3.54209E+00 3.20773E+00 3.15855E+00 2.74479E+00 7.85818E+01
2.83368E+00 3.24593E+00 3.29793E+00 3.58874E+00 3.58474E+00 3.60325E+00 3.62890E+00 3.29537E+00 3.24593E+00 2.83368E+00 8.04620E+01
2.92181E+00 3.33258E+00 3.38480E+00 3.67436E+00 3.67042E+00 3.68919E+00 3.71499E+00 3.38226E+00 3.33258E+00 2.92181E+00 8.23111E+01
3.00915E+00 3.41849E+00 3.47093E+00 3.75926E+00 3.75538E+00 3.77442E+00 3.80037E+00 3.46842E+00 3.41849E+00 3.00915E+00 8.41296E+01
3.09573E+00 3.50366E+00 3.55632E+00 3.84344E+00 3.83963E+00 3.85893E+00 3.88502E+00 3.55383E+00 3.50366E+00 3.09573E+00 8.59180E+01
3.18153E+00 3.58808E+00 3.64096E+00 3.92691E+00 3.92317E+00 3.94271E+00 3.96895E+00 3.63849E+00 3.58808E+00 3.18153E+00 8.76768E+01
3.26656E+00 3.67177E+00 3.72486E+00 4.00966E+00 4.00598E+00 4.02578E+00 4.05216E+00 3.72241E+00 3.67177E+00 3.26656E+00 8.94065E+01
3.35083E+00 3.75472E+00 3.80801E+00 4.09169E+00 4.08808E+00 4.10812E+00 4.13464E+00 3.80559E+00 3.75472E+00 3.35083E+00 9.11077E+01
3.43434E+00 3.83694E+00 3.89043E+00 4.17301E+00 4.16946E+00 4.18975E+00 4.21641E+00 3.88802E+00 3.83694E+00 3.43434E+00 9.27808E+01
3.51708E+00 3.91843E+00 3.97212E+00 4.25362E+00 4.25013E+00 4.27066E+00 4.29745E+00 3.96973E+00 3.91843E+00 3.51708E+00 9.44263E+01
3.59908E+00 3.99919E+00 4.05307E+00 4.33352E+00 4.33009E+00 4.35086E+00 4.37779E+00 4.05070E+00 3.99919E+00 3.59908E+00 9.60449E+01
3.68032E+00 4.07923E+00 4.13329E+00 4.41272E+00 4.40935E+00 4.43035E+00 4.45741E+00 4.13095E+00 4.07923E+00 3.68032E+00 9.76370E+01
3.76083E+00 4.15854E+00 4.21280E+00 4.49121E+00 4.48790E+00 4.50914E+00 4.53633E+00 4.21047E+00 4.15854E+00 3.76083E+00 9.92030E+01
3.84060E+00 4.23715E+00 4.29158E+00 4.56901E+00 4.56576E+00 4.58722E+00 4.61454E+00 4.28928E+00 4.23715E+00 3.84060E+00 1.00744E+02
0.00000E+00 0.00000E+00 -2.05405E-02 3.35607E-01 3.27634E-01 3.32210E-01 3.50527E-01 -2.43491E-02 0.00000E+00 0.00000E+00 -1.22365E+00
0.00000E+00 0.00000E+00 2.45450E-02 3.71096E-01 3.63500E-01 3.69188E-01 3.88120E-01 2.08071E-02 0.00000E+00 0.00000E+00 -1.37086E-01
0.00000E+00 3.79347E-02 8.00328E-02 4.18703E-01 4.11433E-01 4.18111E-01 4.37586E-01 7.63626E-02 3.79347E-02 0.00000E+00 1.23388E+00
0.00000E+00 9.94434E-02 1.42736E-01 4.74639E-01 4.67662E-01 4.75249E-01 4.95218E-01 1.39132E-01 9.94434E-02 0.00000E+00 2.82477E+00
0.00000E+00 1.66391E-01 2.10753E-01 5.36698E-01 5.29988E-01 5.38423E-01 5.58850E-01 2.07212E-01 1.66391E-01 0.00000E+00 4.60680E+00
0.00000E+00 2.37253E-01 2.82583E-01 6.03211E-01 5.96748E-01 6.05977E-01 6.26832E-01 2.79103E-01 2.37253E-01 0.00000E+00 6.53086E+00
0.00000E+00 3.10971E-01 3.57183E-01 6.73016E-01 6.66783E-01 6.76760E-01 6.98018E-01 3.53763E-01 3.10971E-01 0.00000E+00 8.55764E+00
0.00000E+00 3.86775E-01 4.33800E-01 7.45268E-01 7.39249E-01 7.49937E-01 7.71575E-01 4.30438E-01 3.86775E-01 0.00000E+00 1.06561E+01
3.14086E-02 4.63424E-01 5.11198E-01 8.18681E-01 8.12863E-01 8.24225E-01 8.46224E-01 5.07890E-01 4.63424E-01 3.14086E-02 1.27465E+01
1.12618E-01 5.40420E-01 5.88887E-01 8.92703E-01 8.87075E-01 8.99080E-01 9.21425E-01 5.85633E-01 5.40420E-01 1.12618E-01 1.47797E+01
1.94684E-01 6.18545E-01 6.67664E-01 9.68055E-01 9.62608E-01 9.75233E-01 9.97911E-01 6.64463E-01 6.18545E-01 1.94684E-01 1.68291E+01
2.77304E-01 6.97465E-01 7.47200E-01 1.04438E+00 1.03910E+00 1.05233E+00 1.07533E+00 7.44050E-01 6.97465E-01 2.77304E-01 1.88842E+01
3.60234E-01 7.76909E-01 8.27227E-01 1.12138E+00 1.11627E+00 1.13008E+00 1.15339E+00 8.24127E-01 7.76909E-01 3.60234E-01 2.09365E+01
4.43275E-01 8.56655E-01 9.07527E-01 1.19883E+00 1.19388E+00 1.20824E+00 1.23185E+00 9.04475E-01 8.56655E-01 4.43275E-01 2.29792E+01
5.26264E-01 9.36522E-01 9.87920E-01 1.27652E+00 1.27172E+00 1.28663E+00 1.31053E+00 9.84916E-01 9.36522E-01 5.26264E-01 2.50068E+01
6.09066E-01 1.01636E+00 1.06826E+00 1.35429E+00 1.34964E+00 1.36508E+00 1.38926E+00 1.06530E+00 1.01636E+00 6.09066E-01 2.70149E+01
6.91570E-01 1.09604E+00 1.14841E+00 1.43201E+00 1.42750E+00 1.44345E+00 1.46791E+00 1.14550E+00 1.09604E+00 6.91570E-01 2.89999E+01
7.73683E-01 1.17545E+00 1.22829E+00 1.50955E+00 1.50518E+00 1.52163E+00 1.54636E+00 1.22542E+00 1.17545E+00 7.73683E-01 3.09590E+01
8.55328E-01 1.25452E+00 1.30779E+00 1.58684E+00 1.58260E+00 1.59954E+00 1.62453E+00 1.30497E+00 1.25452E+00 8.55328E-01 3.28902E+01
9.36442E-01 1.33316E+00 1.38686E+00 1.66377E+00 1.65967E+00 1.67708E+00 1.70232E+00 1.38408E+00 1.33316E+00 9.36442E-01 3.47918E+01
1.01697E+00 1.41132E+00 1.46542E+00 1.74030E+00 1.73631E+00 1.75419E+00 1.77968E+00 1.46268E+00 1.41132E+00 1.01697E+00 3.66625E+01
1.09687E+00 1.48894E+00 1.54344E+00 1.81635E+00 1.81249E+00 1.83082E+00 1.85656E+00 1.54074E+00 1.48894E+00 1.09687E+00 3.85015E+01
1.17611E+00 1.56599E+00 1.62086E+00 1.89189E+00 1.88815E+00 1.90692E+00 1.93289E+00 1.61820E+00 1.56599E+00 1.17611E+00 4.03082E+01
1.25465E+00 1.64242E+00 1.69765E+00 1.96687E+00 1.96324E+00 1.98245E+00 2.00865E+00 1.69503E+00 1.64242E+00 1.25465E+00 4.20823E+01
1.33248E+00 1.71820E+00 1.77379E+00 2.04126E+00 2.03774E+00 2.05737E+00 2.08381E+00 1.77121E+00 1.71820E+00 1.33248E+00 4.38236E+01
1.40957E+00 1.79332E+00 1.84924E+00 2.11503E+00 2.11162E+00 2.13167E+00 2.15833E+00 1.84670E+00 1.79332E+00 1.40957E+00 4.55320E+01
1.48591E+00 1.86776E+00 1.92401E+00 2.18816E+00 2.18486E+00 2.20531E+00 2.23219E+00 1.92150E+00 1.86776E+00 1.48591E+00 4.72077E+01
1.56148E+00 1.94149E+00 1.99805E+00 2.26064E+00 2.25744E+00 2.27829E+00 2.30539E+00 1.99559E+00 1.94149E+00 1.56148E+00 4.88511E+01
1.63629E+00 2.01451E+00 2.07138E+00 2.33244E+00 2.32934E+00 2.35058E+00 2.37789E+00 2.06895E+00 2.01451E+00 1.63629E+00 5.04623E+01
1.71032E+00 2.08681E+00 2.14398E+00 2.40355E+00 2.40056E+00 2.42218E+00 2.44970E+00 2.14158E+00 2.08681E+00 1.71032E+00 5.20417E+01
1.78356E+00 2.15837E+00 2.21583E+00 2.47398E+00 2.47108E+00 2.49308E+00 2.52080E+00 2.21347E+00 2.15837E+00 1.78356E+00 5.35899E+01
1.85603E+00 2.22921E+00 2.28695E+00 2.54370E+00 2.54090E+00 2.56327E+00 2.59119E+00 2.28462E+00 2.22921E+00 1.85603E+00 5.51073E+01
1.92772E+00 2.29931E+00 2.35732E+00 2.61272E+00 2.61001E+00 2.63274E+00 2.66086E+00 2.35503E+00 2.29931E+00 1.92772E+00 5.65944E+01
1.99862E+00 2.36867E+00 2.42695E+00 2.68104E+00 2.67842E+00 2.70151E+00 2.72982E+00 2.42469E+00 2.36867E+00 1.99862E+00 5.80519E+01
2.06875E+00 2.43729E+00 2.49583E+00 2.74864E+00 2.74611E+00 2.76955E+00 2.79806E+00 2.49360E+00 2.43729E+00 2.06875E+00 5.94802E+01
2.13811E+00 2.50519E+00 2.56397E+00 2.81554E+00 2.81310E+00 2.83689E+00 2.86558E+00 2.56178E+00 2.50519E+00 2.13811E+00 6.08799E+01
2.20670E+00 2.57235E+00 2.63138E+00 2.88174E+00 2.87938E+00 2.90351E+00 2.93239E+00 2.62922E+00 2.57235E+00 2.20670E+00 6.22517E+01
2.27453E+00 2.63878E+00 2.69805E+00 2.94723E+00 2.94496E+00 2.96942E+00 2.99849E+00 2.69592E+00 2.63878E+00 2.27453E+00 6.35962E+01
2.34160E+00 2.70449E+00 2.76400E+00 3.01203E+00 3.00983E+00 3.03463E+00 3.06387E+00 2.76190E+00 2.70449E+00 2.34160E+00 6.49138E+01
2.40792E+00 2.76949E+00 2.82922E+00 3.07613E+00 3.07402E+00 3.09913E+00 3.12856E+00 2.82715E+00 2.76949E+00 2.40792E+00 6.62053E+01
2.47350E+00 2.83377E+00 2.89373E+00 3.13954E+00 3.13750E+00 3.16294E+00 3.19254E+00 2.89169E+00 2.83377E+00 2.47350E+00 6.74713E+01
2.53834E+00 2.89735E+00 2.95752E+00 3.20226E+00 3.20031E+00 3.22606E+00 3.25583E+00 2.95551E+00 2.89735E+00 2.53834E+00 6.87122E+01
2.60246E+00 2.96023E+00 3.02061E+00 3.26431E+00 3.26243E+00 3.28849E+00 3.31844E+00 3.01863E+00 2.96023E+00 2.60246E+00 6.99288E+01
2.66587E+00 3.02242E+00 3.08301E+00 3.32569E+00 3.32388E+00 3.35025E+00 3.38036E+00 3.08106E+00 3.02242E+00 2.66587E+00 7.11215E+01
2.72856E+00 3.08393E+00 3.14472E+00 3.38640E+00 3.38466E+00 3.41134E+00 3.44161E+00 3.14279E+00 3.08393E+00 2.72856E+00 7.22910E+01
2.79055E+00 3.14476E+00 3.20575E+00 3.44645E+00 3.44479E+00 3.47176E+00 3.50220E+00 3.20385E+00 3.14476E+00 2.79055E+00 7.34377E+01
2.85185E+00 3.20492E+00 3.26610E+00 3.50585E+00 3.50426E+00 3.53152E+00 3.56213E+00 3.26423E+00 3.20492E+00 2.85185E+00 7.45623E+01
2.91247E+00 3.26442E+00 3.32579E+00 3.56460E+00 3.56308E+00 3.59064E+00 3.62140E+00 3.32395E+00 3.26442E+00 2.91247E+00 7.56652E+01
2.97241E+00 3.32328E+00 3.38483E+00 3.62272E+00 3.62127E+00 3.64911E+00 3.68004E+00 3.38301E+00 3.32328E+00 2.97241E+00 7.67470E+01
3.03169E+00 3.38148E+00 3.44322E+00 3.68021E+00 3.67883E+00 3.70695E+00 3.73803E+00 3.44143E+00 3.38148E+00 3.03169E+00 7.78081E+01
0.00000E+00 0.00000E+00 -1.25019E-02 2.96416E-01 2.89370E-01 2.96101E-01 3.16163E-01 -1.64277E-02 0.00000E+00 0.00000E+00 -1.14544E+00
0.00000E+00 0.00000E+00 3.23318E-02 3.32394E-01 3.25832E-01 3.34050E-01 3.54855E-01 2.85356E-02 0.00000E+00 0.00000E+00 -3.95419E-02
0.00000E+00 3.55215E-02 8.47891E-02 3.77584E-01 3.71438E-01 3.80974E-01 4.02436E-01 8.11113E-02 3.55215E-02 0.00000E+00 1.28576E+00
0.00000E+00 9.17904E-02 1.42368E-01 4.28928E-01 4.23153E-01 4.33891E-01 4.55953E-01 1.38801E-01 9.17904E-02 0.00000E+00 2.77010E+00
0.00000E+00 1.51821E-01 2.03563E-01 4.84638E-01 4.79200E-01 4.91053E-01 5.13673E-01 2.00100E-01 1.51821E-01 0.00000E+00 4.38771E+00
0.00000E+00 2.14389E-01 2.67179E-01 5.43363E-01 5.38235E-01 5.51128E-01 5.74270E-01 2.63815E-01 2.14389E-01 0.00000E+00 6.09534E+00
0.00000E+00 2.78657E-01 3.32399E-01 6.04175E-01 5.99333E-01 6.13204E-01 6.36837E-01 3.29129E-01 2.78657E-01 0.00000E+00 7.86019E+00
0.00000E+00 3.44033E-01 3.98646E-01 6.66412E-01 6.61835E-01 6.76630E-01 7.00729E-01 3.95465E-01 3.44033E-01 0.00000E+00 9.65751E+00
2.70097E-02 4.09645E-01 4.65056E-01 7.29165E-01 7.24837E-01 7.40505E-01 7.65045E-01 4.61961E-01 4.09645E-01 2.70097E-02 1.14195E+01
9.63942E-02 4.75153E-01 5.31300E-01 7.92046E-01 7.87950E-01 8.04449E-01 8.29412E-01 5.28286E-01 4.75153E-01 9.63942E-02 1.31073E+01
1.65909E-01 5.41042E-01 5.97878E-01 8.55484E-01 8.51610E-01 8.68907E-01 8.94277E-01 5.94942E-01 5.41042E-01 1.65909E-01 1.47893E+01
2.35344E-01 6.07071E-01 6.64555E-01 9.19218E-01 9.15555E-01 9.33621E-01 9.59384E-01 6.61695E-01 6.07071E-01 2.35344E-01 1.64583E+01
3.04534E-01 6.73053E-01 7.31148E-01 9.83043E-01 9.79581E-01 9.98389E-01 1.02453E+00 7.28361E-01 6.73053E-01 3.04534E-01 1.81088E+01
3.73350E-01 7.38835E-01 7.97508E-01 1.04679E+00 1.04352E+00 1.06305E+00 1.08956E+00 7.94792E-01 7.38835E-01 3.73350E-01 1.97366E+01
4.41689E-01 8.04298E-01 8.63518E-01 1.11033E+00 1.10725E+00 1.12746E+00 1.15433E+00 8.60872E-01 8.04298E-01 4.41689E-01 2.13385E+01
5.09470E-01 8.69345E-01 9.29085E-01 1.17355E+00 1.17065E+00 1.19154E+00 1.21875E+00 9.26505E-01 8.69345E-01 5.09470E-01 2.29121E+01
5.76627E-01 9.33899E-01 9.94133E-01 1.23637E+00 1.23364E+00 1.25518E+00 1.28273E+00 9.91619E-01 9.33899E-01 5.76627E-01 2.44557E+01
6.43110E-01 9.97896E-01 1.05860E+00 1.29871E+00 1.29615E+00 1.31832E+00 1.34620E+00 1.05615E+00 9.97896E-01 6.43110E-01 2.59681E+01
7.08879E-01 1.06129E+00 1.12244E+00 1.36053E+00 1.35812E+00 1.38091E+00 1.40911E+00 1.12006E+00 1.06129E+00 7.08879E-01 2.74485E+01
7.73905E-01 1.12404E+00 1.18562E+00 1.42177E+00 1.41951E+00 1.44290E+00 1.47141E+00 1.18329E+00 1.12404E+00 7.73905E-01 2.88966E+01
8.38164E-01 1.18611E+00 1.24811E+00 1.48239E+00 1.48029E+00 1.50426E+00 1.53308E+00 1.24584E+00 1.18611E+00 8.38164E-01 3.03120E+01
9.01639E-01 1.24748E+00 1.30988E+00 1.54238E+00 1.54042E+00 1.56496E+00 1.59408E+00 1.30766E+00 1.24748E+00 9.01639E-01 3.16950E+01
9.64318E-01 1.30814E+00 1.37092E+00 1.60170E+00 1.59988E+00 1.62498E+00 1.65439E+00 1.36876E+00 1.30814E+00 9.64318E-01 3.30457E+01
1.02619E+00 1.36807E+00 1.43121E+00 1.66034E+00 1.65866E+00 1.68430E+00 1.71399E+00 1.42910E+00 1.36807E+00 1.02619E+00 3.43644E+01
1.08726E+00 1.42725E+00 1.49075E+00 1.71829E+00 1.71674E+00 1.74291E+00 1.77289E+00 1.48870E+00 1.42725E+00 1.08726E+00 3.56517E+01
1.14752E+00 1.48570E+00 1.54953E+00 1.77554E+00 1.77412E+00 1.80081E+00 1.83106E+00 1.54753E+00 1.48570E+00 1.14752E+00 3.69080E+01
1.20698E+00 1.54340E+00 1.60756E+00 1.83209E+00 1.83079E+00 1.85799E+00 1.88850E+00 1.60561E+00 1.54340E+00 1.20698E+00 3.81339E+01
1.26563E+00 1.60034E+00 1.66482E+00 1.88792E+00 1.88674E+00 1.91444E+00 1.94522E+00 1.66292E+00 1.60034E+00 1.26563E+00 3.93300E+01
1.32348E+00 1.65655E+00 1.72133E+00 1.94304E+00 1.94198E+00 1.97017E+00 2.00121E+00 1.71948E+00 1.65655E+00 1.32348E+00 4.04971E+01
1.38054E+00 1.71201E+00 1.77709E+00 1.99746E+00 1.99651E+00 2.02517E+00 2.05647E+00 1.77528E+00 1.71201E+00 1.38054E+00 4.16358E+01
1.43682E+00 1.76673E+00 1.83209E+00 2.05117E+00 2.05034E+00 2.07946E+00 2.11101E+00 1.83034E+00 1.76673E+00 1.43682E+00 4.27469E+01
1.49232E+00 1.82072E+00 1.88636E+00 2.10417E+00 2.10345E+00 2.13304E+00 2.16483E+00 1.88465E+00 1.82072E+00 1.49232E+00 4.38309E+01
1.54705E+00 1.87399E+00 1.93990E+00 2.15648E+00 2.15587E+00 2.18591E+00 2.21794E+00 1.93823E+00 1.87399E+00 1.54705E+00 4.48887E+01
1.60103E+00 1.92654E+00 1.99271E+00 2.20810E+00 2.20760E+00 2.23807E+00 2.27034E+00 1.99109E+00 1.92654E+00 1.60103E+00 4.59209E+01
1.65426E+00 1.97838E+00 2.04480E+00 2.25904E+00 2.25864E+00 2.28955E+00 2.32205E+00 2.04322E+00 1.97838E+00 1.65426E+00 4.69282E+01
1.70675E+00 2.02952E+00 2.09618E+00 2.30930E+00 2.30900E+00 2.34033E+00 2.37307E+00 2.09465E+00 2.02952E+00 1.70675E+00 4.79114E+01
1.75852E+00 2.07997E+00 2.14687E+00 2.35889E+00 2.35869E+00 2.39044E+00 2.42340E+00 2.14538E+00 2.07997E+00 1.75852E+00 4.88710E+01
1.80957E+00 2.12974E+00 2.19687E+00 2.40783E+00 2.40772E+00 2.43988E+00 2.47307E+00 2.19542E+00 2.12974E+00 1.80957E+00 4.98079E+01
1.85992E+00 2.17883E+00 2.24619E+00 2.45611E+00 2.45609E+00 2.48867E+00 2.52207E+00 2.24478E+00 2.17883E+00 1.85992E+00 5.07225E+01
1.90958E+00 2.22727E+00 2.29485E+00 2.50375E+00 2.50383E+00 2.53680E+00 2.57042E+00 2.29348E+00 2.22727E+00 1.90958E+00 5.16155E+01
1.95857E+00 2.27505E+00 2.34285E+00 2.55075E+00 2.55092E+00 2.58429E+00 2.61812E+00 2.34151E+00 2.27505E+00 1.95857E+00 5.24876E+01
2.00688E+00 2.32220E+00 2.39020E+00 2.59714E+00 2.59740E+00 2.63115E+00 2.66519E+00 2.38890E+00 2.32220E+00 2.00688E+00 5.33394E+01
2.05454E+00 2.36871E+00 2.43691E+00 2.64291E+00 2.64326E+00 2.67739E+00 2.71164E+00 2.43566E+00 2.36871E+00 2.05454E+00 5.41714E+01
2.10155E+00 2.41460E+00 2.48300E+00 2.68808E+00 2.68851E+00 2.72302E+00 2.75747E+00 2.48178E+00 2.41460E+00 2.10155E+00 5.49842E+01
2.14793E+00 2.45988E+00 2.52848E+00 2.73265E+00 2.73317E+00 2.76804E+00 2.80270E+00 2.52729E+00 2.45988E+00 2.14793E+00 5.57784E+01
2.19368E+00 2.50457E+00 2.57335E+00 2.77664E+00 2.77724E+00 2.81248E+00 2.84734E+00 2.57220E+00 2.50457E+00 2.19368E+00 5.65545E+01
2.23883E+00 2.54866E+00 2.61762E+00 2.82005E+00 2.82074E+00 2.85633E+00 2.89139E+00 2.61651E+00 2.54866E+00 2.23883E+00 5.73129E+01
2.28337E+00 2.59217E+00 2.66132E+00 2.86290E+00 2.86367E+00 2.89961E+00 2.93487E+00 2.66024E+00 2.59217E+00 2.28337E+00 5.80543E+01
2.32733E+00 2.63512E+00 2.70444E+00 2.90520E+00 2.90604E+00 2.94233E+00 2.97778E+00 2.70339E+00 2.63512E+00 2.32733E+00 5.87791E+01
2.37070E+00 2.67750E+00 2.74699E+00 2.94694E+00 2.94786E+00 2.98450E+00 3.02014E+00 2.74598E+00 2.67750E+00 2.37070E+00 5.94877E+01
0.00000E+00 0.00000E+00 -2.86043E-03 2.62264E-01 2.56571E-01 2.66446E-01 2.88459E-01 -6.74900E-03 0.00000E+00 0.00000E+00 -1.03291E+00
0.00000E+00 0.00000E+00 4.13837E-02 2.98344E-01 2.93258E-01 3.05109E-01 3.28034E-01 3.77047E-02 0.00000E+00 0.00000E+00 9.22718E-02
0.00000E+00 3.31372E-02 9.07748E-02 3.41048E-01 3.36479E-01 3.50065E-01 3.73801E-01 8.72820E-02 3.31372E-02 0.00000E+00 1.36846E+00
0.00000E+00 8.44195E-02 1.43449E-01 3.87993E-01 3.83881E-01 3.99043E-01 4.23522E-01 1.40126E-01 8.44195E-02 0.00000E+00 2.74459E+00
0.00000E+00 1.38015E-01 1.98272E-01 4.37784E-01 4.34085E-01 4.50700E-01 4.75870E-01 1.95107E-01 1.38015E-01 0.00000E+00 4.20098E+00
0.00000E+00 1.92982E-01 2.54335E-01 4.89365E-01 4.86043E-01 5.04009E-01 5.29826E-01 2.51316E-01 1.92982E-01 0.00000E+00 5.70194E+00
0.00000E+00 2.48691E-01 3.11032E-01 5.42028E-01 5.39052E-01 5.58283E-01 5.84709E-01 3.08151E-01 2.48691E-01 0.00000E+00 7.22199E+00
0.00000E+00 3.04707E-01 3.67947E-01 5.95277E-01 5.92623E-01 6.13043E-01 6.40046E-01 3.65196E-01 3.04707E-01 0.00000E+00 8.74297E+00
2.30642E-02 3.60454E-01 4.24512E-01 6.48503E-01 6.46147E-01 6.67687E-01 6.95239E-01 4.21883E-01 3.60454E-01 2.30642E-02 1.02089E+01
8.19117E-02 4.15720E-01 4.80527E-01 7.01452E-01 6.99374E-01 7.21975E-01 7.50050E-01 4.78013E-01 4.15720E-01 8.19117E-02 1.15901E+01
1.40337E-01 4.70794E-01 5.36299E-01 7.54364E-01 7.52550E-01 7.76167E-01 8.04747E-01 5.33896E-01 4.70794E-01 1.40337E-01 1.29498E+01
1.98212E-01 5.25521E-01 5.91678E-01 8.07064E-01 8.05501E-01 8.30094E-01 8.59161E-01 5.89381E-01 5.25521E-01 1.98212E-01 1.42837E+01
2.55441E-01 5.79782E-01 6.46550E-01 8.59420E-01 8.58095E-01 8.83627E-01 9.13165E-01 6.44355E-01 5.79782E-01 2.55441E-01 1.55888E+01
3.11953E-01 6.33488E-01 7.00831E-01 9.11329E-01 9.10230E-01 9.36668E-01 9.66661E-01 6.98733E-01 6.33488E-01 3.11953E-01 1.68633E+01
3.67696E-01 6.86570E-01 7.54455E-01 9.62710E-01 9.61829E-01 9.89140E-01 1.01958E+00 7.52452E-01 6.86570E-01 3.67696E-01 1.81058E+01
4.22634E-01 7.38978E-01 8.07375E-01 1.01350E+00 1.01283E+00 1.04099E+00 1.07185E+00 8.05464E-01 7.38978E-01 4.22634E-01 1.93155E+01
4.76741E-01 7.90675E-01 8.59557E-01 1.06367E+00 1.06319E+00 1.09217E+00 1.12345E+00 8.57733E-01 7.90675E-01 4.76741E-01 2.04923E+01
5.30001E-01 8.41633E-01 9.10975E-01 1.11316E+00 1.11288E+00 1.14265E+00 1.17434E+00 9.09237E-01 8.41633E-01 5.30001E-01 2.16360E+01
5.82404E-01 8.91835E-01 9.61614E-01 1.16197E+00 1.16187E+00 1.19241E+00 1.22449E+00 9.59958E-01 8.91835E-01 5.82404E-01 2.27471E+01
6.33946E-01 9.41267E-01 1.01146E+00 1.21006E+00 1.21015E+00 1.24143E+00 1.27390E+00 1.00989E+00 9.41267E-01 6.33946E-01 2.38258E+01
6.84629E-01 9.89925E-01 1.06052E+00 1.25744E+00 1.25769E+00 1.28970E+00 1.32255E+00 1.05902E+00 9.89925E-01 6.84629E-01 2.48730E+01
7.34456E-01 1.03780E+00 1.10878E+00 1.30409E+00 1.30451E+00 1.33722E+00 1.37044E+00 1.10735E+00 1.03780E+00 7.34456E-01 2.58891E+01
7.83434E-01 1.08491E+00 1.15624E+00 1.35001E+00 1.35059E+00 1.38399E+00 1.41757E+00 1.15489E+00 1.08491E+00 7.83434E-01 2.68751E+01
8.31573E-01 1.13124E+00 1.20292E+00 1.39520E+00 1.39594E+00 1.43001E+00 1.46395E+00 1.20164E+00 1.13124E+00 8.31573E-01 2.78317E+01
8.78882E-01 1.17681E+00 1.24882E+00 1.43967E+00 1.44056E+00 1.47529E+00 1.50957E+00 1.24761E+00 1.17681E+00 8.78882E-01 2.87597E+01
9.25375E-01 1.22161E+00 1.29395E+00 1.48341E+00 1.48445E+00 1.51982E+00 1.55444E+00 1.29281E+00 1.22161E+00 9.25375E-01 2.96600E+01
9.71063E-01 1.26567E+00 1.33831E+00 1.52645E+00 1.52763E+00 1.56362E+00 1.59857E+00 1.33724E+00 1.26567E+00 9.71063E-01 3.05335E+01
1.01596E+00 1.30899E+00 1.38193E+00 1.56878E+00 1.57010E+00 1.60670E+00 1.64197E+00 1.38092E+00 1.30899E+00 1.01596E+00 3.13810E+01
1.06009E+00 1.35159E+00 1.42481E+00 1.61041E+00 1.61187E+00 1.64907E+00 1.68466E+00 1.42386E+00 1.35159E+00 1.06009E+00 3.22035E+01
1.10345E+00 1.39347E+00 1.46696E+00 1.65136E+00 1.65295E+00 1.69073E+00 1.72663E+00 1.46607E+00 1.39347E+00 1.10345E+00 3.30016E+01
1.14607E+00 1.43464E+00 1.50840E+00 1.69163E+00 1.69335E+00 1.73170E+00 1.76792E+00 1.50757E+00 1.43464E+00 1.14607E+00 3.37763E+01
1.18795E+00 1.47513E+00 1.54914E+00 1.73125E+00 1.73309E+00 1.77200E+00 1.80851E+00 1.54837E+00 1.47513E+00 1.18795E+00 3.45283E+01
1.22912E+00 1.51494E+00 1.58920E+00 1.77020E+00 1.77217E+00 1.81163E+00 1.84844E+00 1.58848E+00 1.51494E+00 1.22912E+00 3.52585E+01
1.26959E+00 1.55409E+00 1.62858E+00 1.80852E+00 1.81060E+00 1.85060E+00 1.88771E+00 1.62792E+00 1.55409E+00 1.26959E+00 3.59675E+01
1.30938E+00 1.59259E+00 1.66731E+00 1.84622E+00 1.84841E+00 1.88894E+00 1.92633E+00 1.66670E+00 1.59259E+00 1.30938E+00 3.66561E+01
1.34850E+00 1.63045E+00 1.70539E+00 1.88329E+00 1.88560E+00 1.92665E+00 1.96432E+00 1.70484E+00 1.63045E+00 1.34850E+00 3.73250E+01
1.38696E+00 1.66768E+00 1.74284E+00 1.91976E+00 1.92218E+00 1.96374E+00 2.00169E+00 1.74234E+00 1.66768E+00 1.38696E+00 3.79749E+01
1.42477E+00 1.70431E+00 1.77967E+00 1.95564E+00 1.95817E+00 2.00022E+00 2.03845E+00 1.77923E+00 1.70431E+00 1.42477E+00 3.86065E+01
1.46197E+00 1.74034E+00 1.81590E+00 1.99094E+00 1.99358E+00 2.03612E+00 2.07461E+00 1.81551E+00 1.74034E+00 1.46197E+00 3.92203E+01
1.49855E+00 1.77578E+00 1.85154E+00 2.02567E+00 2.02841E+00 2.07143E+00 2.11019E+00 1.85119E+00 1.77578E+00 1.49855E+00 3.98171E+01
1.53453E+00 1.81065E+00 1.88660E+00 2.05985E+00 2.06269E+00 2.10619E+00 2.14521E+00 1.88630E+00 1.81065E+00 1.53453E+00 4.03973E+01
1.56992E+00 1.84496E+00 1.92109E+00 2.09348E+00 2.09642E+00 2.14038E+00 2.17966E+00 1.92084E+00 1.84496E+00 1.56992E+00 4.09615E+01
1.60475E+00 1.87872E+00 1.95503E+00 2.12658E+00 2.12962E+00 2.17403E+00 2.21357E+00 1.95482E+00 1.87872E+00 1.60475E+00 4.15103E+01
1.63901E+00 1.91194E+00 1.98842E+00 2.15915E+00 2.16229E+00 2.20716E+00 2.24694E+00 1.98827E+00 1.91194E+00 1.63901E+00 4.20442E+01
1.67273E+00 1.94464E+00 2.02129E+00 2.19122E+00 2.19445E+00 2.23976E+00 2.27979E+00 2.02118E+00 1.94464E+00 1.67273E+00 4.25638E+01
1.70591E+00 1.97683E+00 2.05364E+00 2.22278E+00 2.22610E+00 2.27185E+00 2.31212E+00 2.05357E+00 1.97683E+00 1.70591E+00 4.30694E+01
1.73857E+00 2.00851E+00 2.08548E+00 2.25386E+00 2.25727E+00 2.30345E+00 2.34396E+00 2.08546E+00 2.00851E+00 1.73857E+00 4.35615E+01
1.77072E+00 2.03970E+00 2.11683E+00 2.28446E+00 2.28795E+00 2.33455E+00 2.37530E+00 2.11685E+00 2.03970E+00 1.77072E+00 4.40406E+01
1.80237E+00 2.07041E+00 2.14769E+00 2.31458E+00 2.31817E+00 2.36518E+00 2.40617E+00 2.14775E+00 2.07041E+00 1.80237E+00 4.45071E+01
1.83353E+00 2.10065E+00 2.17808E+00 2.34425E+00 2.34792E+00 2.39535E+00 2.43656E+00 2.17818E+00 2.10065E+00 1.83353E+00 4.49615E+01
0.00000E+00 0.00000E+00 8.50896E-03 2.32823E-01 2.29019E-01 2.43463E-01 2.67669E-01 4.92193E-03 0.00000E+00 0.00000E+00 -8.69858E-01
0.00000E+00 0.00000E+00 5.18017E-02 2.68637E-01 2.65572E-01 2.82614E-01 3.07970E-01 4.85285E-02 0.00000E+00 0.00000E+00 2.68821E-01
0.00000E+00 3.07754E-02 9.80513E-02 3.08778E-01 3.06337E-01 3.25644E-01 3.52022E-01 9.50506E-02 3.07754E-02 0.00000E+00 1.48814E+00
0.00000E+00 7.72945E-02 1.45979E-01 3.51485E-01 3.49593E-01 3.70942E-01 3.98258E-01 1.43223E-01 7.72945E-02 0.00000E+00 2.75133E+00
0.00000E+00 1.24884E-01 1.94798E-01 3.95729E-01 3.94328E-01 4.17550E-01 4.45738E-01 1.92265E-01 1.24884E-01 0.00000E+00 4.04732E+00
0.00000E+00 1.72865E-01 2.43865E-01 4.40731E-01 4.39775E-01 4.64730E-01 4.93735E-01 2.41538E-01 1.72865E-01 0.00000E+00 5.34931E+00
0.00000E+00 2.20800E-01 2.92771E-01 4.85983E-01 4.85436E-01 5.12005E-01 5.41779E-01 2.90634E-01 2.20800E-01 0.00000E+00 6.63959E+00
0.00000E+00 2.68404E-01 3.41248E-01 5.31147E-01 5.30977E-01 5.59058E-01 5.89561E-01 3.39289E-01 2.68404E-01 0.00000E+00 7.90657E+00
1.95290E-02 3.15330E-01 3.88961E-01 5.75848E-01 5.76025E-01 6.05524E-01 6.36718E-01 3.87168E-01 3.15330E-01 1.95290E-02 9.10548E+00
6.90000E-02 3.61470E-01 4.35816E-01 6.19942E-01 6.20441E-01 6.51278E-01 6.83130E-01 4.34178E-01 3.61470E-01 6.90000E-02 1.02151E+01
1.17646E-01 4.06998E-01 4.82004E-01 6.63558E-01 6.64362E-01 6.96476E-01 7.28962E-01 4.80513E-01 4.06998E-01 1.17646E-01 1.12929E+01
1.65408E-01 4.51830E-01 5.27448E-01 7.06598E-01 7.07690E-01 7.41026E-01 7.74123E-01 5.26097E-01 4.51830E-01 1.65408E-01 1.23371E+01
2.12250E-01 4.95910E-01 5.72097E-01 7.48990E-01 7.50356E-01 7.84863E-01 8.18552E-01 5.70880E-01 4.95910E-01 2.12250E-01 1.33470E+01
2.58151E-01 5.39198E-01 6.15916E-01 7.90686E-01 7.92311E-01 8.27945E-01 8.62205E-01 6.14827E-01 5.39198E-01 2.58151E-01 1.43225E+01
3.03103E-01 5.81672E-01 6.58885E-01 8.31650E-01 8.33523E-01 8.70241E-01 9.05056E-01 6.57919E-01 5.81672E-01 3.03103E-01 1.52636E+01
3.47104E-01 6.23316E-01 7.00996E-01 8.71862E-01 8.73971E-01 9.11736E-01 9.47089E-01 7.00147E-01 6.23316E-01 3.47104E-01 1.61711E+01
3.90161E-01 6.64128E-01 7.42245E-01 9.11310E-01 9.13646E-01 9.52420E-01 9.88295E-01 7.41509E-01 6.64128E-01 3.90161E-01 1.70456E+01
4.32285E-01 7.04108E-01 7.82636E-01 9.49988E-01 9.52541E-01 9.92291E-01 1.02868E+00 7.82009E-01 7.04108E-01 4.32285E-01 1.78880E+01
4.73490E-01 7.43261E-01 8.22178E-01 9.87898E-01 9.90659E-01 1.03135E+00 1.06823E+00 8.21656E-01 7.43261E-01 4.73490E-01 1.86993E+01
5.13793E-01 7.81597E-01 8.60882E-01 1.02504E+00 1.02800E+00 1.06962E+00 1.10698E+00 8.60461E-01 7.81597E-01 5.13793E-01 1.94807E+01
5.53212E-01 8.19129E-01 8.98761E-01 1.06143E+00 1.06459E+00 1.10709E+00 1.14492E+00 8.98437E-01 8.19129E-01 5.53212E-01 2.02331E+01
5.91768E-01 8.55869E-01 9.35830E-01 1.09707E+00 1.10041E+00 1.14378E+00 1.18207E+00 9.35601E-01 8.55869E-01 5.91768E-01 2.09577E+01
6.29480E-01 8.91834E-01 9.72108E-01 1.13198E+00 1.13550E+00 1.17970E+00 1.21844E+00 9.71970E-01 8.91834E-01 6.29480E-01 2.16556E+01
6.66370E-01 9.27039E-01 1.00761E+00 1.16617E+00 1.16986E+00 1.21488E+00 1.25406E+00 1.00756E+00 9.27039E-01 6.66370E-01 2.23278E+01
7.02458E-01 9.61501E-01 1.04236E+00 1.19965E+00 1.20351E+00 1.24932E+00 1.28893E+00 1.04239E+00 9.61501E-01 7.02458E-01 2.29754E+01
7.37767E-01 9.95239E-01 1.07636E+00 1.23244E+00 1.23646E+00 1.28305E+00 1.32307E+00 1.07648E+00 9.95239E-01 7.37767E-01 2.35994E+01
7.72317E-01 1.02827E+00 1.10965E+00 1.26455E+00 1.26873E+00 1.31607E+00 1.35651E+00 1.10985E+00 1.02827E+00 7.72317E-01 2.42009E+01
8.06129E-01 1.06061E+00 1.14224E+00 1.29600E+00 1.30034E+00 1.34841E+00 1.38925E+00 1.14251E+00 1.06061E+00 8.06129E-01 2.47806E+01
8.39223E-01 1.09228E+00 1.17414E+00 1.32681E+00 1.33129E+00 1.38009E+00 1.42132E+00 1.17449E+00 1.09228E+00 8.39223E-01 2.53396E+01
8.71620E-01 1.12329E+00 1.20538E+00 1.35699E+00 1.36161E+00 1.41111E+00 1.45273E+00 1.20580E+00 1.12329E+00 8.71620E-01 2.58788E+01
9.03339E-01 1.15367E+00 1.23597E+00 1.38655E+00 1.39132E+00 1.44150E+00 1.48350E+00 1.23647E+00 1.15367E+00 9.03339E-01 2.63989E+01
9.34400E-01 1.18342E+00 1.26593E+00 1.41552E+00 1.42042E+00 1.47128E+00 1.51365E+00 1.26650E+00 1.18342E+00 9.34400E-01 2.69008E+01
9.64820E-01 1.21257E+00 1.29527E+00 1.44391E+00 1.44894E+00 1.50045E+00 1.54319E+00 1.29591E+00 1.21257E+00 9.64820E-01 2.73852E+01
9.94618E-01 1.24114E+00 1.32403E+00 1.47172E+00 1.47689E+00 1.52904E+00 1.57214E+00 1.32473E+00 1.24114E+00 9.94618E-01 2.78529E+01
1.02381E+00 1.26913E+00 1.35220E+00 1.49899E+00 1.50428E+00 1.55706E+00 1.60051E+00 1.35297E+00 1.26913E+00 1.02381E+00 2.83045E+01
1.05242E+00 1.29656E+00 1.37981E+00 1.52572E+00 1.53113E+00 1.58453E+00 1.62832E+00 1.38065E+00 1.29656E+00 1.05242E+00 2.87408E+01
1.08045E+00 1.32346E+00 1.40687E+00 1.55192E+00 1.55745E+00 1.61145E+00 1.65559E+00 1.40777E+00 1.32346E+00 1.08045E+00 2.91623E+01
1.10793E+00 1.34982E+00 1.43340E+00 1.57762E+00 1.58326E+00 1.63786E+00 1.68233E+00 1.43436E+00 1.34982E+00 1.10793E+00 2.95696E+01
1.13488E+00 1.37568E+00 1.45941E+00 1.60281E+00 1.60858E+00 1.66375E+00 1.70855E+00 1.46042E+00 1.37568E+00 1.13488E+00 2.99634E+01
1.16129E+00 1.40103E+00 1.48491E+00 1.62753E+00 1.63340E+00 1.68915E+00 1.73427E+00 1.48599E+00 1.40103E+00 1.16129E+00 3.03442E+01
1.18720E+00 1.42590E+00 1.50992E+00 1.65177E+00 1.65775E+00 1.71406E+00 1.75950E+00 1.51106E+00 1.42590E+00 1.18720E+00 3.07124E+01
1.21261E+00 1.45030E+00 1.53446E+00 1.67555E+00 1.68164E+00 1.73850E+00 1.78426E+00 1.53565E+00 1.45030E+00 1.21261E+00 3.10686E+01
1.23754E+00 1.47424E+00 1.55853E+00 1.69889E+00 1.70508E+00 1.76248E+00 1.80855E+00 1.55977E+00 1.47424E+00 1.23754E+00 3.14133E+01
1.26200E+00 1.49772E+00 1.58215E+00 1.72179E+00 1.72809E+00 1.78601E+00 1.83239E+00 1.58344E+00 1.49772E+00 1.26200E+00 3.17468E+01
1.28600E+00 1.52078E+00 1.60532E+00 1.74427E+00 1.75067E+00 1.80911E+00 1.85579E+00 1.60667E+00 1.52078E+00 1.28600E+00 3.20697E+01
1.30955E+00 1.54341E+00 1.62807E+00 1.76634E+00 1.77283E+00 1.83178E+00 1.87876E+00 1.62947E+00 1.54341E+00 1.30955E+00 3.23823E+01
1.33268E+00 1.56562E+00 1.65040E+00 1.78800E+00 1.79459E+00 1.85405E+00 1.90132E+00 1.65185E+00 1.56562E+00 1.33268E+00 3.26851E+01
1.35538E+00 1.58743E+00 1.67232E+00 1.80927E+00 1.81595E+00 1.87591E+00 1.92347E+00 1.67382E+00 1.58743E+00 1.35538E+00 3.29783E+01
1.37768E+00 1.60885E+00 1.69385E+00 1.83016E+00 1.83693E+00 1.89737E+00 1.94522E+00 1.69539E+00 1.60885E+00 1.37768E+00 3.32624E+01
1.39957E+00 1.62988E+00 1.71499E+00 1.85067E+00 1.85754E+00 1.91846E+00 1.96659E+00 1.71658E+00 1.62988E+00 1.39957E+00 3.35377E+01
0.00000E+00 0.00000E+00 2.16644E-02 2.07842E-01 2.06581E-01 2.27629E-01 2.54363E-01 1.88100E-02 0.00000E+00 0.00000E+00 -6.37758E-01
0.00000E+00 0.00000E+00 6.35881E-02 2.43016E-01 2.42628E-01 2.67049E-01 2.95270E-01 6.11749E-02 0.00000E+00 0.00000E+00 5.00624E-01
0.00000E+00 2.84153E-02 1.06544E-01 2.80483E-01 2.80824E-01 3.08162E-01 3.37703E-01 1.04507E-01 2.84153E-02 0.00000E+00 1.64987E+00
0.00000E+00 7.03439E-02 1.49791E-01 3.19056E-01 3.20032E-01 3.49982E-01 3.80732E-01 1.48085E-01 7.03439E-02 0.00000E+00 2.79165E+00
0.00000E+00 1.12285E-01 1.92862E-01 3.58045E-01 3.59588E-01 3.91918E-01 4.23791E-01 1.91454E-01 1.12285E-01 0.00000E+00 3.92540E+00
0.00000E+00 1.53804E-01 2.35365E-01 3.96932E-01 3.98985E-01 4.33505E-01 4.66428E-01 2.34229E-01 1.53804E-01 0.00000E+00 5.03399E+00
0.00000E+00 1.94647E-01 2.77073E-01 4.35399E-01 4.37916E-01 4.74467E-01 5.08377E-01 2.76186E-01 1.94647E-01 0.00000E+00 6.10749E+00
0.00000E+00 2.34662E-01 3.17854E-01 4.73250E-01 4.76193E-01 5.14637E-01 5.49481E-01 3.17197E-01 2.34662E-01 0.00000E+00 7.14048E+00
1.63606E-02 2.73682E-01 3.57554E-01 5.10293E-01 5.13627E-01 5.53837E-01 5.89563E-01 3.57109E-01 2.73682E-01 1.63606E-02 8.09866E+00
5.74895E-02 3.11686E-01 3.96167E-01 5.46475E-01 5.50170E-01 5.92039E-01 6.28604E-01 3.95919E-01 3.11686E-01 5.74895E-02 8.96805E+00
9.75180E-02 3.48790E-01 4.33824E-01 5.81874E-01 5.85908E-01 6.29354E-01 6.66726E-01 4.33761E-01 3.48790E-01 9.75180E-02 9.80004E+00
1.36447E-01 3.84970E-01 4.70511E-01 6.16453E-01 6.20807E-01 6.65757E-01 7.03906E-01 4.70623E-01 3.84970E-01 1.36447E-01 1.05951E+01
1.74290E-01 4.20221E-01 5.06225E-01 6.50194E-01 6.54850E-01 7.01237E-01 7.40136E-01 5.06503E-01 4.20221E-01 1.74290E-01 1.13542E+01
2.11067E-01 4.54546E-01 5.40976E-01 6.83092E-01 6.88033E-01 7.35798E-01 7.75421E-01 5.41412E-01 4.54546E-01 2.11067E-01 1.20784E+01
2.46803E-01 4.87957E-01 5.74780E-01 7.15148E-01 7.20361E-01 7.69447E-01 8.09771E-01 5.75366E-01 4.87957E-01 2.46803E-01 1.27691E+01
2.81528E-01 5.20469E-01 6.07656E-01 7.46374E-01 7.51845E-01 8.02202E-01 8.43204E-01 6.08385E-01 5.20469E-01 2.81528E-01 1.34277E+01
3.15271E-01 5.52105E-01 6.39628E-01 7.76782E-01 7.82500E-01 8.34079E-01 8.75740E-01 6.40494E-01 5.52105E-01 3.15271E-01 1.40558E+01
3.48064E-01 5.82886E-01 6.70721E-01 8.06390E-01 8.12343E-01 8.65102E-01 9.07403E-01 6.71717E-01 5.82886E-01 3.48064E-01 1.46546E+01
3.79939E-01 6.12836E-01 7.00961E-01 8.35217E-01 8.41396E-01 8.95294E-01 9.38215E-01 7.02082E-01 6.12836E-01 3.79939E-01 1.52258E+01
4.10928E-01 6.41979E-01 7.30375E-01 8.63284E-01 8.69679E-01 9.24677E-01 9.68204E-01 7.31616E-01 6.41979E-01 4.10928E-01 1.57707E+01
4.41062E-01 6.70342E-01 7.58990E-01 8.90613E-01 8.97215E-01 9.53278E-01 9.97394E-01 7.60346E-01 6.70342E-01 4.41062E-01 1.62906E+01
4.70372E-01 6.97948E-01 7.86831E-01 9.17225E-01 9.24026E-01 9.81121E-01 1.02581E+00 7.88299E-01 6.97948E-01 4.70372E-01 1.67868E+01
4.98887E-01 7.24824E-01 8.13927E-01 9.43142E-01 9.50134E-01 1.00823E+00 1.05348E+00 8.15501E-01 7.24824E-01 4.98887E-01 1.72606E+01
5.26637E-01 7.50992E-01 8.40301E-01 9.68386E-01 9.75563E-01 1.03463E+00 1.08043E+00 8.41978E-01 7.50992E-01 5.26637E-01 1.77131E+01
5.53648E-01 7.76478E-01 8.65980E-01 9.92978E-01 1.00033E+00 1.06034E+00 1.10667E+00 8.67756E-01 7.76478E-01 5.53648E-01 1.81454E+01
5.79949E-01 8.01305E-01 8.90986E-01 1.01694E+00 1.02447E+00 1.08540E+00 1.13225E+00 8.92859E-01 8.01305E-01 5.79949E-01 1.85586E+01
6.05563E-01 8.25494E-01 9.15345E-01 1.04029E+00 1.04799E+00 1.10981E+00 1.15717E+00 9.17310E-01 8.25494E-01 6.05563E-01 1.89537E+01
6.30518E-01 8.49068E-01 9.39078E-01 1.06306E+00 1.07091E+00 1.13360E+00 1.18146E+00 9.41133E-01 8.49068E-01 6.30518E-01 1.93316E+01
6.54835E-01 8.72048E-01 9.62207E-01 1.08525E+00 1.09326E+00 1.15679E+00 1.20514E+00 9.64348E-01 8.72048E-01 6.54835E-01 1.96931E+01
6.78538E-01 8.94454E-01 9.84753E-01 1.10689E+00 1.11505E+00 1.17941E+00 1.22824E+00 9.86978E-01 8.94454E-01 6.78538E-01 2.00392E+01
7.01649E-01 9.16305E-01 1.00674E+00 1.12800E+00 1.13631E+00 1.20147E+00 1.25077E+00 1.00904E+00 9.16305E-01 7.01649E-01 2.03705E+01
7.24188E-01 9.37621E-01 1.02818E+00 1.14860E+00 1.15705E+00 1.22299E+00 1.27275E+00 1.03056E+00 9.37621E-01 7.24188E-01 2.06878E+01
7.46176E-01 9.58419E-01 1.04909E+00 1.16869E+00 1.17728E+00 1.24399E+00 1.29420E+00 1.05155E+00 9.58419E-01 7.46176E-01 2.09919E+01
7.67631E-01 9.78717E-01 1.06950E+00 1.18831E+00 1.19703E+00 1.26449E+00 1.31514E+00 1.07203E+00 9.78717E-01 7.67631E-01 2.12833E+01
7.88572E-01 9.98532E-01 1.08942E+00 1.20745E+00 1.21631E+00 1.28450E+00 1.33558E+00 1.09202E+00 9.98532E-01 7.88572E-01 2.15627E+01
8.09016E-01 1.01788E+00 1.10886E+00 1.22615E+00 1.23513E+00 1.30404E+00 1.35555E+00 1.11154E+00 1.01788E+00 8.09016E-01 2.18306E+01
8.28980E-01 1.03677E+00 1.12784E+00 1.24441E+00 1.25351E+00 1.32313E+00 1.37505E+00 1.13059E+00 1.03677E+00 8.28980E-01 2.20876E+01
8.48481E-01 1.05523E+00 1.14639E+00 1.26225E+00 1.27147E+00 1.34177E+00 1.39411E+00 1.14920E+00 1.05523E+00 8.48481E-01 2.23342E+01
8.67533E-01 1.07326E+00 1.16450E+00 1.27968E+00 1.28901E+00 1.35999E+00 1.41273E+00 1.16738E+00 1.07326E+00 8.67533E-01 2.25709E+01
8.86151E-01 1.09089E+00 1.18220E+00 1.29671E+00 1.30616E+00 1.37779E+00 1.43093E+00 1.18514E+00 1.09089E+00 8.86151E-01 2.27982E+01
9.04349E-01 1.10812E+00 1.19950E+00 1.31336E+00 1.32292E+00 1.39519E+00 1.44872E+00 1.20250E+00 1.10812E+00 9.04349E-01 2.30164E+01
9.22141E-01 1.12496E+00 1.21641E+00 1.32963E+00 1.33931E+00 1.41221E+00 1.46612E+00 1.21947E+00 1.12496E+00 9.22141E-01 2.32260E+01
9.39539E-01 1.14143E+00 1.23294E+00 1.34555E+00 1.35533E+00 1.42885E+00 1.48314E+00 1.23607E+00 1.14143E+00 9.39539E-01 2.34274E+01
9.56557E-01 1.15754E+00 1.24911E+00 1.36112E+00 1.37100E+00 1.44513E+00 1.49980E+00 1.25229E+00 1.15754E+00 9.56557E-01 2.36209E+01
9.73206E-01 1.17330E+00 1.26493E+00 1.37634E+00 1.38633E+00 1.46106E+00 1.51609E+00 1.26816E+00 1.17330E+00 9.73206E-01 2.38070E+01
9.89497E-01 1.18872E+00 1.28040E+00 1.39124E+00 1.40133E+00 1.47664E+00 1.53203E+00 1.28369E+00 1.18872E+00 9.89497E-01 2.39858E+01
1.00544E+00 1.20381E+00 1.29554E+00 1.40582E+00 1.41600E+00 1.49190E+00 1.54764E+00 1.29889E+00 1.20381E+00 1.00544E+00 2.41577E+01
1.02105E+00 1.21859E+00 1.31036E+00 1.42010E+00 1.43037E+00 1.50683E+00 1.56292E+00 1.31376E+00 1.21859E+00 1.02105E+00 2.43231E+01
1.03633E+00 1.23305E+00 1.32487E+00 1.43407E+00 1.44443E+00 1.52145E+00 1.57789E+00 1.32831E+00 1.23305E+00 1.03633E+00 2.44822E+01
1.05130E+00 1.24722E+00 1.33907E+00 1.44775E+00 1.45820E+00 1.53576E+00 1.59254E+00 1.34257E+00 1.24722E+00 1.05130E+00 2.46352E+01
0.00000E+00 0.00000E+00 3.65198E-02 1.87162E-01 1.89208E-01 2.19735E-01 2.49533E-01 3.50684E-02 0.00000E+00 0.00000E+00 -3.18849E-01
0.00000E+00 0.00000E+00 7.65323E-02 2.21260E-01 2.24298E-01 2.59141E-01 2.90910E-01 7.56624E-02 0.00000E+00 0.00000E+00 7.94944E-01
0.00000E+00 2.60083E-02 1.15907E-01 2.55854E-01 2.59713E-01 2.98251E-01 3.31764E-01 1.15522E-01 2.60083E-02 0.00000E+00 1.85433E+00
0.00000E+00 6.34370E-02 1.54395E-01 2.90293E-01 2.94862E-01 3.36681E-01 3.71784E-01 1.54432E-01 6.34370E-02 0.00000E+00 2.86211E+00
0.00000E+00 9.99921E-02 1.91831E-01 3.24209E-01 3.29405E-01 3.74195E-01 4.10768E-01 1.92241E-01 9.99921E-02 0.00000E+00 3.82909E+00
0.00000E+00 1.35473E-01 2.28055E-01 3.57328E-01 3.63085E-01 4.10592E-01 4.48535E-01 2.28801E-01 1.35473E-01 0.00000E+00 4.74785E+00
0.00000E+00 1.69792E-01 2.63005E-01 3.89508E-01 3.95772E-01 4.45782E-01 4.85010E-01 2.64055E-01 1.69792E-01 0.00000E+00 5.61575E+00
0.00000E+00 2.02918E-01 2.96675E-01 4.20681E-01 4.27407E-01 4.79740E-01 5.20179E-01 2.98002E-01 2.02918E-01 0.00000E+00 6.43282E+00
1.35152E-02 2.34827E-01 3.29049E-01 4.50799E-01 4.57946E-01 5.12435E-01 5.54013E-01 3.30629E-01 2.34827E-01 1.35152E-02 7.17410E+00
4.72131E-02 2.65569E-01 3.60192E-01 4.79885E-01 4.87420E-01 5.43921E-01 5.86579E-01 3.62005E-01 2.65569E-01 4.72131E-02 7.83147E+00
7.96476E-02 2.95237E-01 3.90213E-01 5.08000E-01 5.15896E-01 5.74303E-01 6.17996E-01 3.92242E-01 2.95237E-01 7.96476E-02 8.45022E+00
1.10869E-01 3.23859E-01 4.19145E-01 5.35160E-01 5.43394E-01 6.03611E-01 6.48298E-01 4.21377E-01 3.23859E-01 1.10869E-01 9.03236E+00
1.40929E-01 3.51469E-01 4.47029E-01 5.61388E-01 5.69941E-01 6.31881E-01 6.77525E-01 4.49452E-01 3.51469E-01 1.40929E-01 9.58000E+00
1.69882E-01 3.78104E-01 4.73905E-01 5.86713E-01 5.95566E-01 6.59151E-01 7.05716E-01 4.76509E-01 3.78104E-01 1.69882E-01 1.00952E+01
1.97778E-01 4.03802E-01 4.99818E-01 6.11166E-01 6.20303E-01 6.85461E-01 7.32915E-01 5.02591E-01 4.03802E-01 1.97778E-01 1.05801E+01
2.24668E-01 4.28604E-01 5.24808E-01 6.34781E-01 6.44186E-01 7.10851E-01 7.59165E-01 5.27741E-01 4.28604E-01 2.24668E-01 1.10365E+01
2.50600E-01 4.52546E-01 5.48916E-01 6.57590E-01 6.67250E-01 7.35361E-01 7.84506E-01 5.52002E-01 4.52546E-01 2.50600E-01 1.14663E+01
2.75620E-01 4.75667E-01 5.72184E-01 6.79625E-01 6.89529E-01 7.59029E-01 8.08980E-01 5.75414E-01 4.75667E-01 2.75620E-01 1.18712E+01
2.99773E-01 4.98002E-01 5.94648E-01 7.00920E-01 7.11055E-01 7.81892E-01 8.32625E-01 5.98015E-01 4.98002E-01 2.99773E-01 1.22529E+01
3.23099E-01 5.19588E-01 6.16346E-01 7.21505E-01 7.31861E-01 8.03987E-01 8.55479E-01 6.19844E-01 5.19588E-01 3.23099E-01 1.26129E+01
3.45637E-01 5.40456E-01 6.37312E-01 7.41411E-01 7.51979E-01 8.25347E-01 8.77576E-01 6.40936E-01 5.40456E-01 3.45637E-01 1.29525E+01
3.67426E-01 5.60639E-01 6.57581E-01 7.60667E-01 7.71437E-01 8.46006E-01 8.98953E-01 6.61324E-01 5.60639E-01 3.67426E-01 1.32732E+01
3.88499E-01 5.80168E-01 6.77182E-01 7.79301E-01 7.90264E-01 8.65995E-01 9.19639E-01 6.81040E-01 5.80168E-01 3.88499E-01 1.35760E+01
4.08890E-01 5.99070E-01 6.96147E-01 7.97338E-01 8.08488E-01 8.85342E-01 9.39667E-01 7.00114E-01 5.99070E-01 4.08890E-01 1.38622E+01
4.28630E-01 6.17374E-01 7.14504E-01 8.14805E-01 8.26134E-01 9.04077E-01 9.59064E-01 7.18576E-01 6.17374E-01 4.28630E-01 1.41328E+01
4.47748E-01 6.35105E-01 7.32279E-01 8.31726E-01 8.43227E-01 9.22226E-01 9.77859E-01 7.36451E-01 6.35105E-01 4.47748E-01 1.43888E+01
4.66273E-01 6.52288E-01 7.49497E-01 8.48123E-01 8.59790E-01 9.39814E-01 9.96078E-01 7.53766E-01 6.52288E-01 4.66273E-01 1.46310E+01
4.84229E-01 6.68947E-01 7.66184E-01 8.64019E-01 8.75845E-01 9.56864E-01 1.01374E+00 7.70546E-01 6.68947E-01 4.84229E-01 1.48603E+01
5.01642E-01 6.85103E-01 7.82360E-01 8.79434E-01 8.91414E-01 9.73400E-01 1.03088E+00 7.86812E-01 6.85103E-01 5.01642E-01 1.50774E+01
5.18535E-01 7.00777E-01 7.98049E-01 8.94388E-01 9.06517E-01 9.89444E-01 1.04751E+00 8.02587E-01 7.00777E-01 5.18535E-01 1.52831E+01
5.34930E-01 7.15989E-01 8.13270E-01 9.08899E-01 9.21172E-01 1.00501E+00 1.06366E+00 8.17891E-01 7.15989E-01 5.34930E-01 1.54781E+01
5.50847E-01 7.30758E-01 8.28042E-01 9.22985E-01 9.35398E-01 1.02013E+00 1.07934E+00 8.32743E-01 7.30758E-01 5.50847E-01 1.56630E+01
5.66307E-01 7.45101E-01 8.42384E-01 9.36664E-01 9.49211E-01 1.03481E+00 1.09457E+00 8.47163E-01 7.45101E-01 5.66307E-01 1.58383E+01
5.81328E-01 7.59037E-01 8.56313E-01 9.49951E-01 9.62628E-01 1.04908E+00 1.10938E+00 8.61166E-01 7.59037E-01 5.81328E-01 1.60047E+01
5.95928E-01 7.72580E-01 8.69845E-01 9.62861E-01 9.75665E-01 1.06294E+00 1.12377E+00 8.74771E-01 7.72580E-01 5.95928E-01 1.61625E+01
6.10123E-01 7.85746E-01 8.82997E-01 9.75410E-01 9.88336E-01 1.07642E+00 1.13777E+00 8.87993E-01 7.85746E-01 6.10123E-01 1.63123E+01
6.23929E-01 7.98550E-01 8.95782E-01 9.87610E-01 1.00066E+00 1.08952E+00 1.15138E+00 9.00846E-01 7.98550E-01 6.23929E-01 1.64545E+01
6.37361E-01 8.11005E-01 9.08215E-01 9.99475E-01 1.01264E+00 1.10227E+00 1.16463E+00 9.13344E-01 8.11005E-01 6.37361E-01 1.65895E+01
6.50434E-01 8.23125E-01 9.20310E-01 1.01102E+00 1.02429E+00 1.11468E+00 1.17752E+00 9.25502E-01 8.23125E-01 6.50434E-01 1.67178E+01
6.63161E-01 8.34921E-01 9.32078E-01 1.02225E+00 1.03563E+00 1.12675E+00 1.19008E+00 9.37332E-01 8.34921E-01 6.63161E-01 1.68396E+01
6.75554E-01 8.46406E-01 9.43532E-01 1.03318E+00 1.04667E+00 1.13851E+00 1.20231E+00 9.48846E-01 8.46406E-01 6.75554E-01 1.69553E+01
6.87627E-01 8.57591E-01 9.54683E-01 1.04382E+00 1.05742E+00 1.14996E+00 1.21422E+00 9.60055E-01 8.57591E-01 6.87627E-01 1.70652E+01
6.99390E-01 8.68486E-01 9.65543E-01 1.05419E+00 1.06788E+00 1.16111E+00 1.22583E+00 9.70971E-01 8.68486E-01 6.99390E-01 1.71696E+01
7.10855E-01 8.79103E-01 9.76122E-01 1.06428E+00 1.07808E+00 1.17198E+00 1.23715E+00 9.81604E-01 8.79103E-01 7.10855E-01 1.72688E+01
7.22032E-01 8.89450E-01 9.86429E-01 1.07412E+00 1.08801E+00 1.18257E+00 1.24818E+00 9.91965E-01 8.89450E-01 7.22032E-01 1.73631E+01
7.32932E-01 8.99538E-01 9.96474E-01 1.08371E+00 1.09769E+00 1.19290E+00 1.25894E+00 1.00206E+00 8.99538E-01 7.32932E-01 1.74527E+01
7.43564E-01 9.09375E-01 1.00627E+00 1.09305E+00 1.10712E+00 1.20297E+00 1.26944E+00 1.01190E+00 9.09375E-01 7.43564E-01 1.75377E+01
7.53937E-01 9.18969E-01 1.01582E+00 1.10217E+00 1.11632E+00 1.21279E+00 1.27968E+00 1.02150E+00 9.18969E-01 7.53937E-01 1.76186E+01
7.64060E-01 9.28329E-01 1.02513E+00 1.11105E+00 1.12530E+00 1.22237E+00 1.28967E+00 1.03086E+00 9.28329E-01 7.64060E-01 1.76953E+01
7.73942E-01 9.37462E-01 1.03421E+00 1.11972E+00 1.13405E+00 1.23172E+00 1.29943E+00 1.03999E+00 9.37462E-01 7.73942E-01 1.77682E+01
0.00000E+00 0.00000E+00 5.26844E-02 1.70701E-01 1.76901E-01 2.20922E-01 2.54749E-01 5.36186E-02 0.00000E+00 0.00000E+00 9.68840E-02
0.00000E+00 0.00000E+00 9.00121E-02 2.03118E-01 2.10399E-01 2.59826E-01 2.96322E-01 9.16527E-02 0.00000E+00 0.00000E+00 1.14928E+00
0.00000E+00 2.34672E-02 1.25308E-01 2.34477E-01 2.42642E-01 2.96649E-01 3.35484E-01 1.27524E-01 2.34672E-02 0.00000E+00 2.09201E+00
0.00000E+00 5.63653E-02 1.58771E-01 2.64632E-01 2.73551E-01 3.31589E-01 3.72541E-01 1.61478E-01 5.63653E-02 0.00000E+00 2.94930E+00
0.00000E+00 8.76838E-02 1.90513E-01 2.93515E-01 3.03095E-01 3.64753E-01 4.07652E-01 1.93647E-01 8.76838E-02 0.00000E+00 3.74285E+00
0.00000E+00 1.17439E-01 2.20582E-01 3.21077E-01 3.31243E-01 3.96189E-01 4.40892E-01 2.24094E-01 1.17439E-01 0.00000E+00 4.47409E+00
0.00000E+00 1.45691E-01 2.49066E-01 3.47336E-01 3.58026E-01 4.25982E-01 4.72368E-01 2.52915E-01 1.45691E-01 0.00000E+00 5.14656E+00
0.00000E+00 1.72521E-01 2.76062E-01 3.72336E-01 3.83501E-01 4.54231E-01 5.02195E-01 2.80214E-01 1.72521E-01 0.00000E+00 5.76463E+00
1.09500E-02 1.98008E-01 3.01661E-01 3.96139E-01 4.07733E-01 4.81023E-01 5.30464E-01 3.06085E-01 1.98008E-01 1.09500E-02 6.31119E+00
3.80117E-02 2.22261E-01 3.25981E-01 4.18828E-01 4.30814E-01 5.06478E-01 5.57312E-01 3.30652E-01 2.22261E-01 3.80117E-02 6.78264E+00
6.37486E-02 2.45370E-01 3.49124E-01 4.40466E-01 4.52815E-01 5.30717E-01 5.82880E-01 3.54023E-01 2.45370E-01 6.37486E-02 7.21795E+00
8.82486E-02 2.67404E-01 3.71163E-01 4.61110E-01 4.73797E-01 5.53814E-01 6.07248E-01 3.76272E-01 2.67404E-01 8.82486E-02 7.62009E+00
1.11594E-01 2.88427E-01 3.92167E-01 4.80814E-01 4.93817E-01 5.75838E-01 6.30492E-01 3.97472E-01 2.88427E-01 1.11594E-01 7.99182E+00
1.33860E-01 3.08498E-01 4.12199E-01 4.99633E-01 5.12932E-01 5.96857E-01 6.52681E-01 4.17686E-01 3.08498E-01 1.33860E-01 8.33569E+00
1.55116E-01 3.27676E-01 4.31320E-01 5.17617E-01 5.31193E-01 6.16931E-01 6.73880E-01 4.36977E-01 3.27676E-01 1.55116E-01 8.65403E+00
1.75427E-01 3.46013E-01 4.49586E-01 5.34813E-01 5.48651E-01 6.36118E-01 6.94152E-01 4.55402E-01 3.46013E-01 1.75427E-01 8.94895E+00
1.94853E-01 3.63560E-01 4.67048E-01 5.51267E-01 5.65352E-01 6.54471E-01 7.13551E-01 4.73014E-01 3.63560E-01 1.94853E-01 9.22238E+00
2.13448E-01 3.80363E-01 4.83755E-01 5.67021E-01 5.81339E-01 6.72041E-01 7.32131E-01 4.89861E-01 3.80363E-01 2.13448E-01 9.47606E+00
2.31262E-01 3.96465E-01 4.99752E-01 5.82115E-01 5.96654E-01 6.88873E-01 7.49939E-01 5.05989E-01 3.96465E-01 2.31262E-01 9.71159E+00
2.48342E-01 4.11905E-01 5.15079E-01 5.96585E-01 6.11335E-01 7.05009E-01 7.67021E-01 5.21441E-01 4.11905E-01 2.48342E-01 9.93041E+00
2.64730E-01 4.26721E-01 5.29775E-01 6.10466E-01 6.25415E-01 7.20489E-01 7.83417E-01 5.36255E-01 4.26721E-01 2.64730E-01 1.01338E+01
2.80466E-01 4.40948E-01 5.43875E-01 6.23789E-01 6.38929E-01 7.35351E-01 7.99167E-01 5.50466E-01 4.40948E-01 2.80466E-01 1.03230E+01
2.95587E-01 4.54618E-01 5.57413E-01 6.36586E-01 6.51907E-01 7.49627E-01 8.14306E-01 5.64109E-01 4.54618E-01 2.95587E-01 1.04991E+01
3.10127E-01 4.67761E-01 5.70419E-01 6.48883E-01 6.64377E-01 7.63350E-01 8.28866E-01 5.77215E-01 4.67761E-01 3.10127E-01 1.06630E+01
3.24117E-01 4.80404E-01 5.82921E-01 6.60706E-01 6.76367E-01 7.76549E-01 8.42880E-01 5.89812E-01 4.80404E-01 3.24117E-01 1.08157E+01
3.37586E-01 4.92573E-01 5.94947E-01 6.72081E-01 6.87900E-01 7.89252E-01 8.56375E-01 6.01928E-01 4.92573E-01 3.37586E-01 1.09579E+01
3.50562E-01 5.04294E-01 6.06520E-01 6.83030E-01 6.99001E-01 8.01483E-01 8.69378E-01 6.13587E-01 5.04294E-01 3.50562E-01 1.10904E+01
3.63071E-01 5.15588E-01 6.17664E-01 6.93574E-01 7.09691E-01 8.13268E-01 8.81914E-01 6.24813E-01 5.15588E-01 3.63071E-01 1.12140E+01
3.75135E-01 5.26477E-01 6.28401E-01 7.03733E-01 7.19990E-01 8.24628E-01 8.94006E-01 6.35628E-01 5.26477E-01 3.75135E-01 1.13292E+01
3.86776E-01 5.36980E-01 6.38750E-01 7.13526E-01 7.29917E-01 8.35584E-01 9.05677E-01 6.46052E-01 5.36980E-01 3.86776E-01 1.14366E+01
3.98017E-01 5.47116E-01 6.48731E-01 7.22970E-01 7.39491E-01 8.46156E-01 9.16946E-01 6.56103E-01 5.47116E-01 3.98017E-01 1.15367E+01
4.08875E-01 5.56902E-01 6.58361E-01 7.32082E-01 7.48727E-01 8.56362E-01 9.27832E-01 6.65801E-01 5.56902E-01 4.08875E-01 1.16301E+01
4.19368E-01 5.66355E-01 6.67656E-01 7.40877E-01 7.57642E-01 8.66218E-01 9.38354E-01 6.75161E-01 5.66355E-01 4.19368E-01 1.17172E+01
4.29515E-01 5.75491E-01 6.76633E-01 7.49369E-01 7.66251E-01 8.75742E-01 9.48528E-01 6.84200E-01 5.75491E-01 4.29515E-01 1.17983E+01
4.39330E-01 5.84322E-01 6.85305E-01 7.57573E-01 7.74566E-01 8.84949E-01 9.58370E-01 6.92932E-01 5.84322E-01 4.39330E-01 1.18739E+01
4.48829E-01 5.92864E-01 6.93687E-01 7.65502E-01 7.82602E-01 8.93852E-01 9.67894E-01 7.01371E-01 5.92864E-01 4.48829E-01 1.19443E+01
4.58025E-01 6.01129E-01 7.01791E-01 7.73166E-01 7.90371E-01 9.02465E-01 9.77116E-01 7.09530E-01 6.01129E-01 4.58025E-01 1.20099E+01
4.66932E-01 6.09128E-01 7.09630E-01 7.80579E-01 7.97884E-01 9.10800E-01 9.86047E-01 7.17422E-01 6.09128E-01 4.66932E-01 1.20709E+01
4.75563E-01 6.16874E-01 7.17215E-01 7.87750E-01 8.05153E-01 9.18870E-01 9.94700E-01 7.25057E-01 6.16874E-01 4.75563E-01 1.21277E+01
4.83928E-01 6.24376E-01 7.24557E-01 7.94690E-01 8.12187E-01 9.26686E-01 1.00309E+00 7.32447E-01 6.24376E-01 4.83928E-01 1.21804E+01
4.92040E-01 6.31646E-01 7.31666E-01 8.01408E-01 8.18996E-01 9.34258E-01 1.01122E+00 7.39603E-01 6.31646E-01 4.92040E-01 1.22294E+01
4.99909E-01 6.38692E-01 7.38552E-01 8.07914E-01 8.25590E-01 9.41597E-01 1.01911E+00 7.46533E-01 6.38692E-01 4.99909E-01 1.22749E+01
5.07544E-01 6.45524E-01 7.45224E-01 8.14216E-01 8.31978E-01 9.48711E-01 1.02676E+00 7.53248E-01 6.45524E-01 5.07544E-01 1.23170E+01
5.14956E-01 6.52151E-01 7.51690E-01 8.20322E-01 8.38167E-01 9.55611E-01 1.03419E+00 7.59756E-01 6.52151E-01 5.14956E-01 1.23560E+01
5.22152E-01 6.58579E-01 7.57960E-01 8.26241E-01 8.44166E-01 9.62304E-01 1.04140E+00 7.66065E-01 6.58579E-01 5.22152E-01 1.23920E+01
5.29141E-01 6.64818E-01 7.64039E-01 8.31979E-01 8.49982E-01 9.68798E-01 1.04840E+00 7.72183E-01 6.64818E-01 5.29141E-01 1.24252E+01
5.35932E-01 6.70875E-01 7.69937E-01 8.37543E-01 8.55622E-01 9.75102E-01 1.05521E+00 7.78117E-01 6.70875E-01 5.35932E-01 1.24558E+01
5.42532E-01 6.76755E-01 7.75660E-01 8.42940E-01 8.61094E-01 9.81222E-01 1.06182E+00 7.83875E-01 6.76755E-01 5.42532E-01 1.24839E+01
5.48948E-01 6.82467E-01 7.81214E-01 8.48177E-01 8.66402E-01 9.87165E-01 1.06824E+00 7.89464E-01 6.82467E-01 5.48948E-01 1.25097E+01
5.55187E-01 6.88017E-01 7.86606E-01 8.53260E-01 8.71554E-01 9.92939E-01 1.07449E+00 7.94889E-01 6.88017E-01 5.55187E-01 1.25332E+01
0.00000E+00 0.00000E+00 6.91537E-02 1.58371E-01 1.69611E-01 2.32628E-01 2.72296E-01 7.37862E-02 0.00000E+00 0.00000E+00 5.98716E-01
0.00000E+00 0.00000E+00 1.02679E-01 1.88198E-01 2.00550E-01 2.70156E-01 3.13468E-01 1.08068E-01 0.00000E+00 0.00000E+00 1.54049E+00
0.00000E+00 2.06681E-02 1.33135E-01 2.15722E-01 2.28969E-01 3.04086E-01 3.50556E-01 1.39123E-01 2.06681E-02 0.00000E+00 2.33419E+00
0.00000E+00 4.88598E-02 1.61107E-01 2.41252E-01 2.55251E-01 3.35168E-01 3.84466E-01 1.67590E-01 4.88598E-02 0.00000E+00 3.02258E+00
0.00000E+00 7.49761E-02 1.86936E-01 2.64988E-01 2.79638E-01 3.63826E-01 4.15703E-01 1.93840E-01 7.49761E-02 0.00000E+00 3.63593E+00
0.00000E+00 9.92218E-02 2.10849E-01 2.87078E-01 3.02298E-01 3.90330E-01 4.44580E-01 2.18115E-01 9.92218E-02 0.00000E+00 4.18262E+00
0.00000E+00 1.21785E-01 2.33048E-01 3.07669E-01 3.23394E-01 4.14918E-01 4.71364E-01 2.40631E-01 1.21785E-01 0.00000E+00 4.67060E+00
0.00000E+00 1.42832E-01 2.53712E-01 3.26898E-01 3.43074E-01 4.37794E-01 4.96286E-01 2.61572E-01 1.42832E-01 0.00000E+00 5.10706E+00
8.62883E-03 1.62518E-01 2.73002E-01 3.44904E-01 3.61484E-01 4.59129E-01 5.19525E-01 2.81107E-01 1.62518E-01 8.62883E-03 5.48107E+00
2.97534E-02 1.80991E-01 2.91070E-01 3.61811E-01 3.78754E-01 4.79094E-01 5.41272E-01 2.99391E-01 1.80991E-01 2.97534E-02 5.79203E+00
4.95869E-02 1.98349E-01 3.08017E-01 3.77690E-01 3.94968E-01 4.97831E-01 5.61700E-01 3.16534E-01 1.98349E-01 4.95869E-02 6.07241E+00
6.82420E-02 2.14685E-01 3.23938E-01 3.92625E-01 4.10210E-01 5.15444E-01 5.80923E-01 3.32632E-01 2.14685E-01 6.82420E-02 6.32552E+00
8.58190E-02 2.30082E-01 3.38917E-01 4.06690E-01 4.24560E-01 5.32026E-01 5.99041E-01 3.47772E-01 2.30082E-01 8.58190E-02 6.55424E+00
1.02407E-01 2.44614E-01 3.53031E-01 4.19951E-01 4.38085E-01 5.47661E-01 6.16144E-01 3.62033E-01 2.44614E-01 1.02407E-01 6.76115E+00
1.18084E-01 2.58347E-01 3.66348E-01 4.32471E-01 4.50851E-01 5.62424E-01 6.32313E-01 3.75484E-01 2.58347E-01 1.18084E-01 6.94849E+00
1.32923E-01 2.71343E-01 3.78929E-01 4.44304E-01 4.62914E-01 5.76382E-01 6.47618E-01 3.88187E-01 2.71343E-01 1.32923E-01 7.11823E+00
1.46987E-01 2.83655E-01 3.90829E-01 4.55501E-01 4.74325E-01 5.89595E-01 6.62125E-01 4.00200E-01 2.83655E-01 1.46987E-01 7.27214E+00
1.60332E-01 2.95332E-01 4.02097E-01 4.66106E-01 4.85131E-01 6.02117E-01 6.75893E-01 4.11572E-01 2.95332E-01 1.60332E-01 7.41175E+00
1.73011E-01 3.06419E-01 4.12779E-01 4.76161E-01 4.95375E-01 6.13998E-01 6.88973E-01 4.22349E-01 3.06419E-01 1.73011E-01 7.53845E+00
1.85070E-01 3.16958E-01 4.22916E-01 4.85704E-01 5.05095E-01 6.25283E-01 7.01414E-01 4.32574E-01 3.16958E-01 1.85070E-01 7.65343E+00
1.96552E-01 3.26983E-01 4.32545E-01 4.94769E-01 5.14327E-01 6.36012E-01 7.13258E-01 4.42284E-01 3.26983E-01 1.96552E-01 7.75780E+00
2.07496E-01 3.36530E-01 4.41700E-01 5.03386E-01 5.23102E-01 6.46221E-01 7.24546E-01 4.51514E-01 3.36530E-01 2.07496E-01 7.85251E+00
2.17935E-01 3.45629E-01 4.50411E-01 5.11585E-01 5.31450E-01 6.55946E-01 7.35314E-01 4.60295E-01 3.45629E-01 2.17935E-01 7.93843E+00
2.27904E-01 3.54309E-01 4.58708E-01 5.19393E-01 5.39399E-01 6.65216E-01 7.45593E-01 4.68656E-01 3.54309E-01 2.27904E-01 8.01634E+00
2.37431E-01 3.62594E-01 4.66615E-01 5.26832E-01 5.46972E-01 6.74059E-01 7.55416E-01 4.76623E-01 3.62594E-01 2.37431E-01 8.08692E+00
2.46542E-01 3.70510E-01 4.74157E-01 5.33926E-01 5.54193E-01 6.82503E-01 7.64808E-01 4.84220E-01 3.70510E-01 2.46542E-01 8.15081E+00
2.55264E-01 3.78078E-01 4.81356E-01 5.40695E-01 5.61083E-01 6.90571E-01 7.73796E-01 4.91470E-01 3.78078E-01 2.55264E-01 8.20856E+00
2.63618E-01 3.85317E-01 4.88232E-01 5.47158E-01 5.67660E-01 6.98284E-01 7.82404E-01 4.98394E-01 3.85317E-01 2.63618E-01 8.26068E+00
2.71627E-01 3.92248E-01 4.94804E-01 5.53333E-01 5.73944E-01 7.05664E-01 7.90652E-01 5.05010E-01 3.92248E-01 2.71627E-01 8.30764E+00
2.79309E-01 3.98887E-01 5.01088E-01 5.59235E-01 5.79950E-01 7.12728E-01 7.98562E-01 5.11335E-01 3.98887E-01 2.79309E-01 8.34985E+00
2.86682E-01 4.05250E-01 5.07102E-01 5.64880E-01 5.85694E-01 7.19496E-01 8.06151E-01 5.17387E-01 4.05250E-01 2.86682E-01 8.38769E+00
2.93763E-01 4.11353E-01 5.12859E-01 5.70282E-01 5.91191E-01 7.25982E-01 8.13438E-01 5.23180E-01 4.11353E-01 2.93763E-01 8.42149E+00
3.00569E-01 4.17209E-01 5.18375E-01 5.75454E-01 5.96453E-01 7.32202E-01 8.20437E-01 5.28728E-01 4.17209E-01 3.00569E-01 8.45159E+00
3.07112E-01 4.22831E-01 5.23661E-01 5.80408E-01 6.01493E-01 7.38169E-01 8.27164E-01 5.34044E-01 4.22831E-01 3.07112E-01 8.47825E+00
3.13408E-01 4.28231E-01 5.28729E-01 5.85155E-01 6.06322E-01 7.43897E-01 8.33633E-01 5.39140E-01 4.28231E-01 3.13408E-01 8.50174E+00
3.19467E-01 4.33420E-01 5.33591E-01 5.89706E-01 6.10952E-01 7.49399E-01 8.39857E-01 5.44028E-01 4.33420E-01 3.19467E-01 8.52230E+00
3.25303E-01 4.38409E-01 5.38257E-01 5.94070E-01 6.15391E-01 7.54684E-01 8.45849E-01 5.48718E-01 4.38409E-01 3.25303E-01 8.54015E+00
3.30926E-01 4.43208E-01 5.42737E-01 5.98258E-01 6.19651E-01 7.59765E-01 8.51618E-01 5.53220E-01 4.43208E-01 3.30926E-01 8.55548E+00
3.36346E-01 4.47826E-01 5.47040E-01 6.02276E-01 6.23739E-01 7.64651E-01 8.57176E-01 5.57543E-01 4.47826E-01 3.36346E-01 8.56848E+00
3.41573E-01 4.52271E-01 5.51174E-01 6.06135E-01 6.27664E-01 7.69350E-01 8.62534E-01 5.61697E-01 4.52271E-01 3.41573E-01 8.57933E+00
3.46616E-01 4.56551E-01 5.55148E-01 6.09841E-01 6.31433E-01 7.73873E-01 8.67699E-01 5.65688E-01 4.56551E-01 3.46616E-01 8.58816E+00
3.51483E-01 4.60675E-01 5.58969E-01 6.13401E-01 6.35054E-01 7.78227E-01 8.72682E-01 5.69525E-01 4.60675E-01 3.51483E-01 8.59514E+00
3.56183E-01 4.64650E-01 5.62644E-01 6.16822E-01 6.38534E-01 7.82420E-01 8.77490E-01 5.73214E-01 4.64650E-01 3.56183E-01 8.60038E+00
3.60723E-01 4.68481E-01 5.66180E-01 6.20111E-01 6.41878E-01 7.86459E-01 8.82131E-01 5.76763E-01 4.68481E-01 3.60723E-01 8.60401E+00
3.65110E-01 4.72176E-01 5.69583E-01 6.23273E-01 6.45094E-01 7.90351E-01 8.86612E-01 5.80178E-01 4.72176E-01 3.65110E-01 8.60615E+00
3.69350E-01 4.75740E-01 5.72859E-01 6.26314E-01 6.48187E-01 7.94103E-01 8.90941E-01 5.83465E-01 4.75740E-01 3.69350E-01 8.60689E+00
3.73451E-01 4.79179E-01 5.76013E-01 6.29239E-01 6.51163E-01 7.97720E-01 8.95124E-01 5.86630E-01 4.79179E-01 3.73451E-01 8.60634E+00
3.77417E-01 4.82499E-01 5.79051E-01 6.32054E-01 6.54025E-01 8.01209E-01 8.99166E-01 5.89677E-01 4.82499E-01 3.77417E-01 8.60458E+00
3.81254E-01 4.85704E-01 5.81978E-01 6.34763E-01 6.56780E-01 8.04574E-01 9.03075E-01 5.92612E-01 4.85704E-01 3.81254E-01 8.60170E+00
3.84969E-01 4.88799E-01 5.84799E-01 6.37370E-01 6.59432E-01 8.07821E-01 9.06854E-01 5.95439E-01 4.88799E-01 3.84969E-01 8.59777E+00
0.00000E+00 0.00000E+00 7.69022E-02 1.53668E-01 1.67757E-01 2.42904E-01 2.86616E-01 8.39415E-02 0.00000E+00 0.00000E+00 8.68184E-01
0.00000E+00 0.00000E+00 1.07990E-01 1.81733E-01 1.96918E-01 2.79240E-01 3.27207E-01 1.15753E-01 0.00000E+00 0.00000E+00 1.73352E+00
0.00000E+00 1.91315E-02 1.35669E-01 2.07031E-01 2.23088E-01 3.11369E-01 3.62996E-01 1.43993E-01 1.91315E-02 0.00000E+00 2.44019E+00
0.00000E+00 4.48646E-02 1.60676E-01 2.30065E-01 2.46849E-01 3.40286E-01 3.95172E-01 1.69454E-01 4.48646E-02 0.00000E+00 3.03790E+00
0.00000E+00 6.83689E-02 1.83443E-01 2.51148E-01 2.68555E-01 3.66556E-01 4.24399E-01 1.92598E-01 6.83689E-02 0.00000E+00 3.55973E+00
0.00000E+00 8.99272E-02 2.04265E-01 2.70507E-01 2.88455E-01 3.90543E-01 4.51092E-01 2.13739E-01 8.99272E-02 0.00000E+00 4.01647E+00
0.00000E+00 1.09777E-01 2.23386E-01 2.88342E-01 3.06765E-01 4.12547E-01 4.75592E-01 2.33131E-01 1.09777E-01 0.00000E+00 4.41743E+00
0.00000E+00 1.28120E-01 2.41010E-01 3.04822E-01 3.23666E-01 4.32814E-01 4.98174E-01 2.50990E-01 1.28120E-01 0.00000E+00 4.77053E+00
7.55271E-03 1.45134E-01 2.57323E-01 3.20112E-01 3.39330E-01 4.51544E-01 5.19052E-01 2.67505E-01 1.45134E-01 7.55271E-03 5.06722E+00
2.59520E-02 1.60978E-01 2.72482E-01 3.34348E-01 3.53900E-01 4.68928E-01 5.38437E-01 2.82840E-01 1.60978E-01 2.59520E-02 5.30787E+00
4.31109E-02 1.75756E-01 2.86587E-01 3.47606E-01 3.67462E-01 4.85114E-01 5.56516E-01 2.97099E-01 1.75756E-01 4.31109E-02 5.52162E+00
5.91491E-02 1.89567E-01 2.99738E-01 3.59973E-01 3.80108E-01 5.00216E-01 5.73415E-01 3.10387E-01 1.89567E-01 5.91491E-02 5.71170E+00
7.41713E-02 2.02497E-01 3.12021E-01 3.71531E-01 3.91921E-01 5.14335E-01 5.89242E-01 3.22791E-01 2.02497E-01 7.41713E-02 5.88089E+00
8.82691E-02 2.14625E-01 3.23514E-01 3.82349E-01 4.02974E-01 5.27558E-01 6.04093E-01 3.34393E-01 2.14625E-01 8.82691E-02 6.03161E+00
1.01523E-01 2.26018E-01 3.34286E-01 3.92490E-01 4.13332E-01 5.39963E-01 6.18053E-01 3.45261E-01 2.26018E-01 1.01523E-01 6.16594E+00
1.14004E-01 2.36738E-01 3.44397E-01 4.02009E-01 4.23052E-01 5.51620E-01 6.31197E-01 3.55458E-01 2.36738E-01 1.14004E-01 6.28571E+00
1.25777E-01 2.46837E-01 3.53901E-01 4.10956E-01 4.32186E-01 5.62589E-01 6.43591E-01 3.65039E-01 2.46837E-01 1.25777E-01 6.39248E+00
1.36896E-01 2.56366E-01 3.62847E-01 4.19377E-01 4.40780E-01 5.72925E-01 6.55294E-01 3.74053E-01 2.56366E-01 1.36896E-01 6.48764E+00
1.47414E-01 2.65367E-01 3.71277E-01 4.27310E-01 4.48875E-01 5.82677E-01 6.66359E-01 3.82544E-01 2.65367E-01 1.47414E-01 6.57241E+00
1.57374E-01 2.73879E-01 3.79230E-01 4.34793E-01 4.56508E-01 5.91888E-01 6.76834E-01 3.90552E-01 2.73879E-01 1.57374E-01 6.64785E+00
1.66819E-01 2.81939E-01 3.86742E-01 4.41857E-01 4.63714E-01 6.00600E-01 6.86763E-01 3.98113E-01 2.81939E-01 1.66819E-01 6.71489E+00
1.75784E-01 2.89577E-01 3.93845E-01 4.48534E-01 4.70523E-01 6.08847E-01 6.96183E-01 4.05258E-01 2.89577E-01 1.75784E-01 6.77438E+00
1.84303E-01 2.96824E-01 4.00566E-01 4.54849E-01 4.76961E-01 6.16661E-01 7.05129E-01 4.12018E-01 2.96824E-01 1.84303E-01 6.82703E+00
1.92407E-01 3.03705E-01 4.06933E-01 4.60827E-01 4.83056E-01 6.24073E-01 7.13635E-01 4.18418E-01 3.03705E-01 1.92407E-01 6.87351E+00
2.00123E-01 3.10245E-01 4.12968E-01 4.66491E-01 4.88829E-01 6.31110E-01 7.21729E-01 4.24484E-01 3.10245E-01 2.00123E-01 6.91441E+00
2.07477E-01 3.16466E-01 4.18694E-01 4.71862E-01 4.94302E-01 6.37795E-01 7.29438E-01 4.30236E-01 3.16466E-01 2.07477E-01 6.95023E+00
2.14490E-01 3.22389E-01 4.24131E-01 4.76957E-01 4.99494E-01 6.44151E-01 7.36785E-01 4.35696E-01 3.22389E-01 2.14490E-01 6.98144E+00
2.21186E-01 3.28030E-01 4.29297E-01 4.81794E-01 5.04422E-01 6.50199E-01 7.43794E-01 4.40882E-01 3.28030E-01 2.21186E-01 7.00846E+00
2.27582E-01 3.33409E-01 4.34209E-01 4.86389E-01 5.09103E-01 6.55958E-01 7.50485E-01 4.45810E-01 3.33409E-01 2.27582E-01 7.03167E+00
2.33697E-01 3.38540E-01 4.38882E-01 4.90757E-01 5.13552E-01 6.61445E-01 7.56877E-01 4.50497E-01 3.38540E-01 2.33697E-01 7.05140E+00
2.39548E-01 3.43438E-01 4.43330E-01 4.94911E-01 5.17782E-01 6.66676E-01 7.62987E-01 4.54957E-01 3.43438E-01 2.39548E-01 7.06795E+00
2.45148E-01 3.48116E-01 4.47567E-01 4.98864E-01 5.21807E-01 6.71667E-01 7.68831E-01 4.59204E-01 3.48116E-01 2.45148E-01 7.08160E+00
2.50514E-01 3.52588E-01 4.51604E-01 5.02627E-01 5.25638E-01 6.76430E-01 7.74424E-01 4.63249E-01 3.52588E-01 2.50514E-01 7.09259E+00
2.55657E-01 3.56863E-01 4.55454E-01 5.06210E-01 5.29287E-01 6.80978E-01 7.79780E-01 4.67104E-01 3.56863E-01 2.55657E-01 7.10116E+00
2.60589E-01 3.60954E-01 4.59126E-01 5.09624E-01 5.32762E-01 6.85324E-01 7.84912E-01 4.70780E-01 3.60954E-01 2.60589E-01 7.10750E+00
2.65323E-01 3.64870E-01 4.62630E-01 5.12879E-01 5.36074E-01 6.89478E-01 7.89832E-01 4.74287E-01 3.64870E-01 2.65323E-01 7.11180E+00
2.69868E-01 3.68619E-01 4.65975E-01 5.15982E-01 5.39232E-01 6.93451E-01 7.94550E-01 4.77633E-01 3.68619E-01 2.69868E-01 7.11424E+00
2.74234E-01 3.72212E-01 4.69170E-01 5.18941E-01 5.42244E-01 6.97251E-01 7.99078E-01 4.80827E-01 3.72212E-01 2.74234E-01 7.11495E+00
2.78430E-01 3.75656E-01 4.72222E-01 5.21765E-01 5.45117E-01 7.00888E-01 8.03425E-01 4.83878E-01 3.75656E-01 2.78430E-01 7.11409E+00
2.82465E-01 3.78958E-01 4.75139E-01 5.24460E-01 5.47858E-01 7.04371E-01 8.07599E-01 4.86792E-01 3.78958E-01 2.82465E-01 7.11179E+00
2.86347E-01 3.82125E-01 4.77928E-01 5.27032E-01 5.50474E-01 7.07706E-01 8.11609E-01 4.89577E-01 3.82125E-01 2.86347E-01 7.10815E+00
2.90083E-01 3.85165E-01 4.80595E-01 5.29488E-01 5.52972E-01 7.10901E-01 8.15464E-01 4.92238E-01 3.85165E-01 2.90083E-01 7.10329E+00
2.93679E-01 3.88083E-01 4.83146E-01 5.31834E-01 5.55358E-01 7.13963E-01 8.19170E-01 4.94783E-01 3.88083E-01 2.93679E-01 7.09730E+00
2.97144E-01 3.90885E-01 4.85586E-01 5.34074E-01 5.57635E-01 7.16898E-01 8.22735E-01 4.97217E-01 3.90885E-01 2.97144E-01 7.09029E+00
3.00482E-01 3.93576E-01 4.87922E-01 5.36214E-01 5.59811E-01 7.19712E-01 8.26165E-01 4.99545E-01 3.93576E-01 3.00482E-01 7.08232E+00
3.03699E-01 3.96162E-01 4.90157E-01 5.38259E-01 5.61890E-01 7.22411E-01 8.29466E-01 5.01772E-01 3.96162E-01 3.03699E-01 7.07348E+00
3.06802E-01 3.98647E-01 4.92297E-01 5.40213E-01 5.63876E-01 7.25001E-01 8.32644E-01 5.03903E-01 3.98647E-01 3.06802E-01 7.06383E+00
3.09795E-01 4.01037E-01 4.94346E-01 5.42080E-01 5.65773E-01 7.27485E-01 8.35705E-01 5.05942E-01 4.01037E-01 3.09795E-01 7.05345E+00
3.12682E-01 4.03334E-01 4.96309E-01 5.43865E-01 5.67587E-01 7.29869E-01 8.38653E-01 5.07894E-01 4.03334E-01 3.12682E-01 7.04239E+00
3.15469E-01 4.05544E-01 4.98188E-01 5.45570E-01 5.69319E-01 7.32158E-01 8.41493E-01 5.09762E-01 4.05544E-01 3.15469E-01 7.03071E+00
0.00000E+00 0.00000E+00 8.38158E-02 1.49819E-01 1.66969E-01 2.56349E-01 3.05208E-01 9.36145E-02 0.00000E+00 0.00000E+00 1.13576E+00
0.00000E+00 0.00000E+00 1.12064E-01 1.75745E-01 1.93946E-01 2.91048E-01 3.44858E-01 1.22497E-01 0.00000E+00 0.00000E+00 1.91058E+00
0.00000E+00 1.74890E-02 1.36715E-01 1.98576E-01 2.17603E-01 3.21066E-01 3.79100E-01 1.47620E-01 1.74890E-02 0.00000E+00 2.52292E+00
0.00000E+00 4.06851E-02 1.58616E-01 2.18976E-01 2.38683E-01 3.47610E-01 4.09381E-01 1.69890E-01 4.06851E-02 0.00000E+00 3.02722E+00
0.00000E+00 6.15710E-02 1.78265E-01 2.37347E-01 2.57629E-01 3.71364E-01 4.36506E-01 1.89836E-01 6.15710E-02 0.00000E+00 3.45805E+00
0.00000E+00 8.04927E-02 1.96006E-01 2.53981E-01 2.74757E-01 3.92771E-01 4.60983E-01 2.07818E-01 8.04927E-02 0.00000E+00 3.82775E+00
0.00000E+00 9.77263E-02 2.12111E-01 2.69114E-01 2.90319E-01 4.12180E-01 4.83209E-01 2.24121E-01 9.77263E-02 0.00000E+00 4.14635E+00
0.00000E+00 1.13496E-01 2.26802E-01 2.82940E-01 3.04521E-01 4.29868E-01 5.03499E-01 2.38976E-01 1.13496E-01 0.00000E+00 4.42202E+00
6.53249E-03 1.27997E-01 2.40276E-01 2.95642E-01 3.17551E-01 4.46060E-01 5.22093E-01 2.52585E-01 1.27997E-01 6.53249E-03 4.64812E+00
2.23668E-02 1.41395E-01 2.52692E-01 3.07360E-01 3.29561E-01 4.60954E-01 5.39216E-01 2.65112E-01 1.41395E-01 2.23668E-02 4.82562E+00
3.70324E-02 1.53795E-01 2.64143E-01 3.18170E-01 3.40632E-01 4.74704E-01 5.55069E-01 2.76656E-01 1.53795E-01 3.70324E-02 4.98030E+00
5.06522E-02 1.65297E-01 2.74729E-01 3.28164E-01 3.50863E-01 4.87430E-01 5.69782E-01 2.87319E-01 1.65297E-01 5.06522E-02 5.11518E+00
6.33319E-02 1.75992E-01 2.84537E-01 3.37422E-01 3.60337E-01 4.99236E-01 5.83472E-01 2.97192E-01 1.75992E-01 6.33319E-02 5.23284E+00
7.51631E-02 1.85957E-01 2.93644E-01 3.46016E-01 3.69126E-01 5.10212E-01 5.96237E-01 3.06352E-01 1.85957E-01 7.51631E-02 5.33543E+00
8.62254E-02 1.95259E-01 3.02114E-01 3.54007E-01 3.77295E-01 5.20435E-01 6.08164E-01 3.14866E-01 1.95259E-01 8.62254E-02 5.42483E+00
9.65886E-02 2.03957E-01 3.10007E-01 3.61449E-01 3.84900E-01 5.29975E-01 6.19328E-01 3.22793E-01 2.03957E-01 9.65886E-02 5.50262E+00
1.06314E-01 2.12104E-01 3.17373E-01 3.68390E-01 3.91990E-01 5.38891E-01 6.29796E-01 3.30185E-01 2.12104E-01 1.06314E-01 5.57018E+00
1.15456E-01 2.19747E-01 3.24257E-01 3.74873E-01 3.98610E-01 5.47237E-01 6.39627E-01 3.37090E-01 2.19747E-01 1.15456E-01 5.62870E+00
1.24063E-01 2.26926E-01 3.30699E-01 3.80935E-01 4.04798E-01 5.55062E-01 6.48873E-01 3.43547E-01 2.26926E-01 1.24063E-01 5.67921E+00
1.32178E-01 2.33679E-01 3.36736E-01 3.86610E-01 4.10589E-01 5.62405E-01 6.57582E-01 3.49594E-01 2.33679E-01 1.32178E-01 5.72260E+00
1.39839E-01 2.40039E-01 3.42400E-01 3.91929E-01 4.16015E-01 5.69307E-01 6.65794E-01 3.55262E-01 2.40039E-01 1.39839E-01 5.75965E+00
1.47081E-01 2.46036E-01 3.47719E-01 3.96920E-01 4.21103E-01 5.75800E-01 6.73547E-01 3.60582E-01 2.46036E-01 1.47081E-01 5.79106E+00
1.53934E-01 2.51697E-01 3.52719E-01 4.01605E-01 4.25880E-01 5.81915E-01 6.80876E-01 3.65580E-01 2.51697E-01 1.53934E-01 5.81741E+00
1.60427E-01 2.57045E-01 3.57424E-01 4.06009E-01 4.30368E-01 5.87680E-01 6.87810E-01 3.70279E-01 2.57045E-01 1.60427E-01 5.83925E+00
1.66585E-01 2.62103E-01 3.61854E-01 4.10151E-01 4.34587E-01 5.93119E-01 6.94378E-01 3.74701E-01 2.62103E-01 1.66585E-01 5.85704E+00
1.72431E-01 2.66891E-01 3.66030E-01 4.14049E-01 4.38557E-01 5.98256E-01 7.00604E-01 3.78865E-01 2.66891E-01 1.72431E-01 5.87120E+00
1.77986E-01 2.71427E-01 3.69969E-01 4.17721E-01 4.42295E-01 6.03111E-01 7.06511E-01 3.82790E-01 2.71427E-01 1.77986E-01 5.88209E+00
1.83269E-01 2.75727E-01 3.73687E-01 4.21181E-01 4.45817E-01 6.07702E-01 7.12121E-01 3.86492E-01 2.75727E-01 1.83269E-01 5.89003E+00
1.88299E-01 2.79808E-01 3.77198E-01 4.24443E-01 4.49136E-01 6.12048E-01 7.17451E-01 3.89986E-01 2.79808E-01 1.88299E-01 5.89533E+00
1.93090E-01 2.83683E-01 3.80516E-01 4.27521E-01 4.52266E-01 6.16163E-01 7.22520E-01 3.93285E-01 2.83683E-01 1.93090E-01 5.89825E+00
1.97657E-01 2.87364E-01 3.83653E-01 4.30425E-01 4.55219E-01 6.20062E-01 7.27345E-01 3.96401E-01 2.87364E-01 1.97657E-01 5.89900E+00
2.02014E-01 2.90864E-01 3.86620E-01 4.33168E-01 4.58006E-01 6.23759E-01 7.31938E-01 3.99346E-01 2.90864E-01 2.02014E-01 5.89782E+00
2.06174E-01 2.94194E-01 3.89428E-01 4.35758E-01 4.60638E-01 6.27266E-01 7.36315E-01 4.02131E-01 2.94194E-01 2.06174E-01 5.89487E+00
2.10148E-01 2.97363E-01 3.92087E-01 4.38205E-01 4.63123E-01 6.30594E-01 7.40488E-01 4.04766E-01 2.97363E-01 2.10148E-01 5.89034E+00
2.13947E-01 3.00380E-01 3.94605E-01 4.40518E-01 4.65470E-01 6.33754E-01 7.44468E-01 4.07259E-01 3.00380E-01 2.13947E-01 5.88437E+00
2.17580E-01 3.03255E-01 3.96991E-01 4.42703E-01 4.67689E-01 6.36754E-01 7.48267E-01 4.09618E-01 3.03255E-01 2.17580E-01 5.87710E+00
2.21057E-01 3.05996E-01 3.99252E-01 4.44770E-01 4.69785E-01 6.39605E-01 7.51893E-01 4.11852E-01 3.05996E-01 2.21057E-01 5.86866E+00
2.24386E-01 3.08610E-01 4.01395E-01 4.46724E-01 4.71766E-01 6.42315E-01 7.55358E-01 4.13967E-01 3.08610E-01 2.24386E-01 5.85916E+00
2.27575E-01 3.11103E-01 4.03427E-01 4.48571E-01 4.73638E-01 6.44891E-01 7.58668E-01 4.15971E-01 3.11103E-01 2.27575E-01 5.84870E+00
2.30632E-01 3.13482E-01 4.05354E-01 4.50318E-01 4.75408E-01 6.47340E-01 7.61833E-01 4.17869E-01 3.13482E-01 2.30632E-01 5.83737E+00
2.33562E-01 3.15754E-01 4.07181E-01 4.51970E-01 4.77081E-01 6.49670E-01 7.64859E-01 4.19667E-01 3.15754E-01 2.33562E-01 5.82526E+00
2.36374E-01 3.17923E-01 4.08915E-01 4.53532E-01 4.78662E-01 6.51886E-01 7.67755E-01 4.21370E-01 3.17923E-01 2.36374E-01 5.81244E+00
2.39072E-01 3.19995E-01 4.10559E-01 4.55009E-01 4.80156E-01 6.53994E-01 7.70526E-01 4.22984E-01 3.19995E-01 2.39072E-01 5.79898E+00
2.41663E-01 3.21975E-01 4.12119E-01 4.56406E-01 4.81567E-01 6.56000E-01 7.73178E-01 4.24513E-01 3.21975E-01 2.41663E-01 5.78495E+00
2.44151E-01 3.23868E-01 4.13598E-01 4.57725E-01 4.82901E-01 6.57909E-01 7.75718E-01 4.25962E-01 3.23868E-01 2.44151E-01 5.77040E+00
2.46542E-01 3.25677E-01 4.15002E-01 4.58972E-01 4.84160E-01 6.59726E-01 7.78150E-01 4.27334E-01 3.25677E-01 2.46542E-01 5.75539E+00
2.48840E-01 3.27407E-01 4.16333E-01 4.60150E-01 4.85348E-01 6.61456E-01 7.80480E-01 4.28633E-01 3.27407E-01 2.48840E-01 5.73996E+00
2.51049E-01 3.29062E-01 4.17595E-01 4.61263E-01 4.86470E-01 6.63101E-01 7.82713E-01 4.29864E-01 3.29062E-01 2.51049E-01 5.72416E+00
2.53174E-01 3.30644E-01 4.18792E-01 4.62313E-01 4.87529E-01 6.64668E-01 7.84853E-01 4.31029E-01 3.30644E-01 2.53174E-01 5.70803E+00
2.55218E-01 3.32159E-01 4.19927E-01 4.63304E-01 4.88526E-01 6.66158E-01 7.86904E-01 4.32132E-01 3.32159E-01 2.55218E-01 5.69161E+00
0.00000E+00 0.00000E+00 8.93699E-02 1.46644E-01 1.67059E-01 2.73060E-01 3.28529E-01 1.02198E-01 0.00000E+00 0.00000E+00 1.38567E+00
0.00000E+00 0.00000E+00 1.14382E-01 1.70021E-01 1.91409E-01 3.05597E-01 3.66792E-01 1.27677E-01 0.00000E+00 0.00000E+00 2.05746E+00
0.00000E+00 1.57410E-02 1.35776E-01 1.90137E-01 2.12274E-01 3.33145E-01 3.99184E-01 1.49395E-01 1.57410E-02 0.00000E+00 2.57015E+00
0.00000E+00 3.63307E-02 1.54462E-01 2.07769E-01 2.30511E-01 3.57077E-01 4.27369E-01 1.68314E-01 3.63307E-02 0.00000E+00 2.98028E+00
0.00000E+00 5.46062E-02 1.70972E-01 2.23382E-01 2.46627E-01 3.78165E-01 4.52269E-01 1.84996E-01 5.46062E-02 0.00000E+00 3.32244E+00
0.00000E+00 7.09579E-02 1.85679E-01 2.37309E-01 2.60980E-01 3.96913E-01 4.74469E-01 1.99828E-01 7.09579E-02 0.00000E+00 3.60958E+00
0.00000E+00 8.56868E-02 1.98869E-01 2.49812E-01 2.73844E-01 4.13703E-01 4.94409E-01 2.13107E-01 8.56868E-02 0.00000E+00 3.85179E+00
0.00000E+00 9.90298E-02 2.10766E-01 2.61095E-01 2.85438E-01 4.28832E-01 5.12434E-01 2.25065E-01 9.90298E-02 0.00000E+00 4.05699E+00
5.57052E-03 1.11191E-01 2.21569E-01 2.71348E-01 2.95959E-01 4.42538E-01 5.28799E-01 2.35909E-01 1.11191E-01 5.57052E-03 4.22002E+00
1.90049E-02 1.22336E-01 2.31434E-01 2.80712E-01 3.05555E-01 4.55023E-01 5.43742E-01 2.45796E-01 1.22336E-01 1.90049E-02 4.34211E+00
3.13614E-02 1.32566E-01 2.40442E-01 2.89258E-01 3.14306E-01 4.66441E-01 5.57467E-01 2.54813E-01 1.32566E-01 3.13614E-02 4.44570E+00
4.27617E-02 1.41984E-01 2.48690E-01 2.97078E-01 3.22306E-01 4.76913E-01 5.70112E-01 2.63060E-01 1.41984E-01 4.27617E-02 4.53347E+00
5.33097E-02 1.50676E-01 2.56263E-01 3.04249E-01 3.29638E-01 4.86543E-01 5.81793E-01 2.70620E-01 1.50676E-01 5.33097E-02 4.60766E+00
6.30940E-02 1.58718E-01 2.63230E-01 3.10841E-01 3.36373E-01 4.95419E-01 5.92611E-01 2.77568E-01 1.58718E-01 6.30940E-02 4.67015E+00
7.21912E-02 1.66175E-01 2.69654E-01 3.16910E-01 3.42569E-01 5.03618E-01 6.02652E-01 2.83966E-01 1.66175E-01 7.21912E-02 4.72252E+00
8.06678E-02 1.73102E-01 2.75588E-01 3.22509E-01 3.48282E-01 5.11206E-01 6.11990E-01 2.89868E-01 1.73102E-01 8.06678E-02 4.76610E+00
8.85818E-02 1.79550E-01 2.81078E-01 3.27682E-01 3.53555E-01 5.18241E-01 6.20691E-01 2.95321E-01 1.79550E-01 8.85818E-02 4.80204E+00
9.59840E-02 1.85560E-01 2.86165E-01 3.32467E-01 3.58431E-01 5.24774E-01 6.28813E-01 3.00369E-01 1.85560E-01 9.59840E-02 4.83131E+00
1.02919E-01 1.91173E-01 2.90886E-01 3.36900E-01 3.62944E-01 5.30849E-01 6.36406E-01 3.05046E-01 1.91173E-01 1.02919E-01 4.85475E+00
1.09428E-01 1.96421E-01 2.95273E-01 3.41011E-01 3.67126E-01 5.36507E-01 6.43514E-01 3.09386E-01 1.96421E-01 1.09428E-01 4.87307E+00
1.15544E-01 2.01335E-01 2.99353E-01 3.44827E-01 3.71005E-01 5.41782E-01 6.50179E-01 3.13417E-01 2.01335E-01 1.15544E-01 4.88689E+00
1.21300E-01 2.05942E-01 3.03152E-01 3.48373E-01 3.74607E-01 5.46705E-01 6.56435E-01 3.17165E-01 2.05942E-01 1.21300E-01 4.89676E+00
1.26723E-01 2.10266E-01 3.06693E-01 3.51670E-01 3.77954E-01 5.51305E-01 6.62314E-01 3.20654E-01 2.10266E-01 1.26723E-01 4.90314E+00
1.31840E-01 2.14328E-01 3.09996E-01 3.54738E-01 3.81066E-01 5.55607E-01 6.67845E-01 3.23903E-01 2.14328E-01 1.31840E-01 4.90644E+00
1.36673E-01 2.18149E-01 3.13080E-01 3.57595E-01 3.83961E-01 5.59634E-01 6.73054E-01 3.26931E-01 2.18149E-01 1.36673E-01 4.90703E+00
1.41242E-01 2.21746E-01 3.15960E-01 3.60256E-01 3.86656E-01 5.63405E-01 6.77964E-01 3.29755E-01 2.21746E-01 1.41242E-01 4.90520E+00
1.45567E-01 2.25135E-01 3.18653E-01 3.62736E-01 3.89166E-01 5.66940E-01 6.82596E-01 3.32391E-01 2.25135E-01 1.45567E-01 4.90125E+00
1.49663E-01 2.28330E-01 3.21171E-01 3.65049E-01 3.91503E-01 5.70255E-01 6.86969E-01 3.34851E-01 2.28330E-01 1.49663E-01 4.89542E+00
1.53548E-01 2.31345E-01 3.23527E-01 3.67205E-01 3.93680E-01 5.73366E-01 6.91101E-01 3.37149E-01 2.31345E-01 1.53548E-01 4.88791E+00
1.57234E-01 2.34192E-01 3.25732E-01 3.69216E-01 3.95709E-01 5.76286E-01 6.95008E-01 3.39296E-01 2.34192E-01 1.57234E-01 4.87893E+00
1.60734E-01 2.36883E-01 3.27796E-01 3.71092E-01 3.97599E-01 5.79029E-01 6.98705E-01 3.41301E-01 2.36883E-01 1.60734E-01 4.86863E+00
1.64061E-01 2.39426E-01 3.29730E-01 3.72842E-01 3.99361E-01 5.81606E-01 7.02204E-01 3.43176E-01 2.39426E-01 1.64061E-01 4.85718E+00
1.67226E-01 2.41833E-01 3.31540E-01 3.74474E-01 4.01002E-01 5.84027E-01 7.05518E-01 3.44927E-01 2.41833E-01 1.67226E-01 4.84470E+00
1.70237E-01 2.44110E-01 3.33236E-01 3.75996E-01 4.02530E-01 5.86303E-01 7.08659E-01 3.46564E-01 2.44110E-01 1.70237E-01 4.83131E+00
1.73106E-01 2.46267E-01 3.34825E-01 3.77415E-01 4.03952E-01 5.88443E-01 7.11637E-01 3.48094E-01 2.46267E-01 1.73106E-01 4.81712E+00
1.75839E-01 2.48309E-01 3.36313E-01 3.78737E-01 4.05276E-01 5.90455E-01 7.14461E-01 3.49523E-01 2.48309E-01 1.75839E-01 4.80223E+00
1.78445E-01 2.50245E-01 3.37707E-01 3.79969E-01 4.06508E-01 5.92346E-01 7.17141E-01 3.50858E-01 2.50245E-01 1.78445E-01 4.78671E+00
1.80931E-01 2.52081E-01 3.39012E-01 3.81115E-01 4.07652E-01 5.94124E-01 7.19684E-01 3.52105E-01 2.52081E-01 1.80931E-01 4.77066E+00
1.83303E-01 2.53821E-01 3.40234E-01 3.82182E-01 4.08715E-01 5.95796E-01 7.22099E-01 3.53268E-01 2.53821E-01 1.83303E-01 4.75413E+00
1.85569E-01 2.55472E-01 3.41378E-01 3.83173E-01 4.09701E-01 5.97367E-01 7.24393E-01 3.54354E-01 2.55472E-01 1.85569E-01 4.73718E+00
1.87734E-01 2.57039E-01 3.42447E-01 3.84094E-01 4.10614E-01 5.98844E-01 7.26571E-01 3.55365E-01 2.57039E-01 1.87734E-01 4.71988E+00
1.89803E-01 2.58525E-01 3.43447E-01 3.84948E-01 4.11460E-01 6.00231E-01 7.28641E-01 3.56307E-01 2.58525E-01 1.89803E-01 4.70227E+00
1.91781E-01 2.59937E-01 3.44381E-01 3.85739E-01 4.12242E-01 6.01534E-01 7.30607E-01 3.57184E-01 2.59937E-01 1.91781E-01 4.68439E+00
1.93673E-01 2.61276E-01 3.45253E-01 3.86471E-01 4.12963E-01 6.02757E-01 7.32476E-01 3.58000E-01 2.61276E-01 1.93673E-01 4.66630E+00
1.95484E-01 2.62548E-01 3.46067E-01 3.87148E-01 4.13627E-01 6.03904E-01 7.34253E-01 3.58757E-01 2.62548E-01 1.95484E-01 4.64801E+00
1.97217E-01 2.63756E-01 3.46826E-01 3.87771E-01 4.14237E-01 6.04980E-01 7.35941E-01 3.59459E-01 2.63756E-01 1.97217E-01 4.62958E+00
1.98877E-01 2.64903E-01 3.47531E-01 3.88344E-01 4.14796E-01 6.05987E-01 7.37546E-01 3.60109E-01 2.64903E-01 1.98877E-01 4.61102E+00
2.00467E-01 2.65992E-01 3.48188E-01 3.88870E-01 4.15307E-01 6.06931E-01 7.39071E-01 3.60710E-01 2.65992E-01 2.00467E-01 4.59236E+00
2.01990E-01 2.67026E-01 3.48797E-01 3.89351E-01 4.15772E-01 6.07814E-01 7.40521E-01 3.61264E-01 2.67026E-01 2.01990E-01 4.57363E+00
2.03450E-01 2.68008E-01 3.49362E-01 3.89790E-01 4.16194E-01 6.08638E-01 7.41899E-01 3.61774E-01 2.68008E-01 2.03450E-01 4.55485E+00
0.00000E+00 0.00000E+00 9.29322E-02 1.43860E-01 1.67736E-01 2.93031E-01 3.57023E-01 1.08891E-01 0.00000E+00 0.00000E+00 1.59835E+00
0.00000E+00 0.00000E+00 1.14363E-01 1.64277E-01 1.89000E-01 3.22815E-01 3.93372E-01 1.30534E-01 0.00000E+00 0.00000E+00 2.15793E+00
0.00000E+00 1.39027E-02 1.32337E-01 1.81449E-01 2.06805E-01 3.47498E-01 4.23554E-01 1.48613E-01 1.39027E-02 0.00000E+00 2.56887E+00
0.00000E+00 3.18438E-02 1.47764E-01 1.96206E-01 2.22060E-01 3.68556E-01 4.49403E-01 1.64080E-01 3.18438E-02 0.00000E+00 2.88694E+00
0.00000E+00 4.75455E-02 1.61181E-01 2.09044E-01 2.35298E-01 3.86816E-01 4.71926E-01 1.77494E-01 4.75455E-02 0.00000E+00 3.14520E+00
0.00000E+00 6.14212E-02 1.72962E-01 2.20314E-01 2.46896E-01 4.02814E-01 4.91759E-01 1.89241E-01 6.14212E-02 0.00000E+00 3.35627E+00
0.00000E+00 7.37815E-02 1.83389E-01 2.30283E-01 2.57134E-01 4.16951E-01 5.09375E-01 1.99613E-01 7.37815E-02 0.00000E+00 3.52965E+00
0.00000E+00 8.48658E-02 1.92679E-01 2.39157E-01 2.66232E-01 4.29531E-01 5.25136E-01 2.08832E-01 8.48658E-02 0.00000E+00 3.67261E+00
4.67172E-03 9.48768E-02 2.01024E-01 2.47123E-01 2.74383E-01 4.40795E-01 5.39304E-01 2.17095E-01 9.48768E-02 4.67172E-03 3.78101E+00
1.58817E-02 1.03974E-01 2.08566E-01 2.54314E-01 2.81728E-01 4.50942E-01 5.52120E-01 2.24547E-01 1.03974E-01 1.58817E-02 3.85611E+00
2.61204E-02 1.12255E-01 2.15375E-01 2.60794E-01 2.88336E-01 4.60119E-01 5.63792E-01 2.31259E-01 1.12255E-01 2.61204E-02 3.91702E+00
3.55047E-02 1.19817E-01 2.21541E-01 2.66649E-01 2.94300E-01 4.68444E-01 5.74456E-01 2.37323E-01 1.19817E-01 3.55047E-02 3.96599E+00
4.41331E-02 1.26744E-01 2.27140E-01 2.71952E-01 2.99694E-01 4.76019E-01 5.84228E-01 2.42817E-01 1.26744E-01 4.41331E-02 4.00489E+00
5.20892E-02 1.33105E-01 2.32235E-01 2.76767E-01 3.04584E-01 4.82927E-01 5.93208E-01 2.47804E-01 1.33105E-01 5.20892E-02 4.03523E+00
5.94442E-02 1.38960E-01 2.36882E-01 2.81146E-01 3.09025E-01 4.89241E-01 6.01478E-01 2.52341E-01 1.38960E-01 5.94442E-02 4.05830E+00
6.62599E-02 1.44362E-01 2.41129E-01 2.85135E-01 3.13064E-01 4.95023E-01 6.09111E-01 2.56476E-01 1.44362E-01 6.62599E-02 4.07516E+00
7.25894E-02 1.49355E-01 2.45014E-01 2.88773E-01 3.16743E-01 5.00327E-01 6.16171E-01 2.60250E-01 1.49355E-01 7.25894E-02 4.08670E+00
7.84792E-02 1.53979E-01 2.48576E-01 2.92097E-01 3.20098E-01 5.05200E-01 6.22711E-01 2.63700E-01 1.53979E-01 7.84792E-02 4.09367E+00
8.39699E-02 1.58268E-01 2.51844E-01 2.95135E-01 3.23159E-01 5.09683E-01 6.28781E-01 2.66856E-01 1.58268E-01 8.39699E-02 4.09672E+00
8.90974E-02 1.62253E-01 2.54846E-01 2.97915E-01 3.25955E-01 5.13812E-01 6.34421E-01 2.69747E-01 1.62253E-01 8.90974E-02 4.09639E+00
9.38932E-02 1.65960E-01 2.57607E-01 3.00460E-01 3.28510E-01 5.17619E-01 6.39670E-01 2.72396E-01 1.65960E-01 9.38932E-02 4.09315E+00
9.83855E-02 1.69412E-01 2.60147E-01 3.02791E-01 3.30846E-01 5.21131E-01 6.44561E-01 2.74826E-01 1.69412E-01 9.83855E-02 4.08740E+00
1.02599E-01 1.72632E-01 2.62486E-01 3.04927E-01 3.32981E-01 5.24374E-01 6.49122E-01 2.77056E-01 1.72632E-01 1.02599E-01 4.07947E+00
1.06557E-01 1.75638E-01 2.64641E-01 3.06884E-01 3.34933E-01 5.27371E-01 6.53381E-01 2.79102E-01 1.75638E-01 1.06557E-01 4.06967E+00
1.10278E-01 1.78447E-01 2.66626E-01 3.08677E-01 3.36717E-01 5.30141E-01 6.57361E-01 2.80981E-01 1.78447E-01 1.10278E-01 4.05825E+00
1.13781E-01 1.81074E-01 2.68456E-01 3.10320E-01 3.38347E-01 5.32702E-01 6.61083E-01 2.82705E-01 1.81074E-01 1.13781E-01 4.04543E+00
1.17082E-01 1.83534E-01 2.70143E-01 3.11824E-01 3.39835E-01 5.35071E-01 6.64567E-01 2.84287E-01 1.83534E-01 1.17082E-01 4.03142E+00
1.20196E-01 1.85838E-01 2.71699E-01 3.13200E-01 3.41193E-01 5.37262E-01 6.67830E-01 2.85738E-01 1.85838E-01 1.20196E-01 4.01637E+00
1.23136E-01 1.87998E-01 2.73132E-01 3.14458E-01 3.42429E-01 5.39289E-01 6.70888E-01 2.87069E-01 1.87998E-01 1.23136E-01 4.00044E+00
1.25915E-01 1.90024E-01 2.74452E-01 3.15608E-01 3.43555E-01 5.41163E-01 6.73755E-01 2.88288E-01 1.90024E-01 1.25915E-01 3.98375E+00
1.28542E-01 1.91925E-01 2.75668E-01 3.16656E-01 3.44577E-01 5.42895E-01 6.76445E-01 2.89404E-01 1.91925E-01 1.28542E-01 3.96641E+00
1.31029E-01 1.93711E-01 2.76786E-01 3.17611E-01 3.45503E-01 5.44496E-01 6.78968E-01 2.90424E-01 1.93711E-01 1.31029E-01 3.94853E+00
1.33385E-01 1.95389E-01 2.77815E-01 3.18478E-01 3.46341E-01 5.45974E-01 6.81337E-01 2.91355E-01 1.95389E-01 1.33385E-01 3.93020E+00
1.35617E-01 1.96965E-01 2.78760E-01 3.19265E-01 3.47097E-01 5.47339E-01 6.83560E-01 2.92204E-01 1.96965E-01 1.35617E-01 3.91149E+00
1.37735E-01 1.98447E-01 2.79626E-01 3.19977E-01 3.47776E-01 5.48596E-01 6.85648E-01 2.92975E-01 1.98447E-01 1.37735E-01 3.89246E+00
1.39744E-01 1.99841E-01 2.80420E-01 3.20619E-01 3.48383E-01 5.49754E-01 6.87609E-01 2.93676E-01 1.99841E-01 1.39744E-01 3.87318E+00
1.41652E-01 2.01152E-01 2.81146E-01 3.21196E-01 3.48925E-01 5.50819E-01 6.89451E-01 2.94309E-01 2.01152E-01 1.41652E-01 3.85370E+00
1.43464E-01 2.02385E-01 2.81808E-01 3.21711E-01 3.49404E-01 5.51797E-01 6.91180E-01 2.94881E-01 2.02385E-01 1.43464E-01 3.83407E+00
1.45187E-01 2.03546E-01 2.82412E-01 3.22170E-01 3.49825E-01 5.52693E-01 6.92804E-01 2.95394E-01 2.03546E-01 1.45187E-01 3.81433E+00
1.46825E-01 2.04637E-01 2.82959E-01 3.22576E-01 3.50193E-01 5.53513E-01 6.94328E-01 2.95853E-01 2.04637E-01 1.46825E-01 3.79451E+00
1.48384E-01 2.05664E-01 2.83455E-01 3.22932E-01 3.50510E-01 5.54261E-01 6.95759E-01 2.96261E-01 2.05664E-01 1.48384E-01 3.77464E+00
1.49867E-01 2.06631E-01 2.83901E-01 3.23242E-01 3.50779E-01 5.54942E-01 6.97101E-01 2.96622E-01 2.06631E-01 1.49867E-01 3.75476E+00
1.51279E-01 2.07540E-01 2.84302E-01 3.23507E-01 3.51005E-01 5.55559E-01 6.98361E-01 2.96938E-01 2.07540E-01 1.51279E-01 3.73489E+00
1.52624E-01 2.08395E-01 2.84660E-01 3.23732E-01 3.51189E-01 5.56116E-01 6.99541E-01 2.97212E-01 2.08395E-01 1.52624E-01 3.71505E+00
1.53905E-01 2.09199E-01 2.84978E-01 3.23919E-01 3.51334E-01 5.56617E-01 7.00647E-01 2.97447E-01 2.09199E-01 1.53905E-01 3.69526E+00
1.55126E-01 2.09954E-01 2.85258E-01 3.24070E-01 3.51442E-01 5.57065E-01 7.01683E-01 2.97646E-01 2.09954E-01 1.55126E-01 3.67554E+00
1.56290E-01 2.10665E-01 2.85502E-01 3.24186E-01 3.51516E-01 5.57463E-01 7.02651E-01 2.97809E-01 2.10665E-01 1.56290E-01 3.65591E+00
1.57399E-01 2.11332E-01 2.85713E-01 3.24271E-01 3.51559E-01 5.57814E-01 7.03557E-01 2.97940E-01 2.11332E-01 1.57399E-01 3.63637E+00
1.58458E-01 2.11958E-01 2.85891E-01 3.24327E-01 3.51571E-01 5.58121E-01 7.04403E-01 2.98041E-01 2.11958E-01 1.58458E-01 3.61693E+00
1.59467E-01 2.12546E-01 2.86041E-01 3.24354E-01 3.51554E-01 5.58385E-01 7.05192E-01 2.98113E-01 2.12546E-01 1.59467E-01 3.59762E+00
0.00000E+00 0.00000E+00 9.38096E-02 1.41049E-01 1.68557E-01 3.16099E-01 3.91074E-01 1.12717E-01 0.00000E+00 0.00000E+00 1.75212E+00
0.00000E+00 0.00000E+00 1.11437E-01 1.58141E-01 1.86311E-01 3.42496E-01 4.24907E-01 1.30208E-01 0.00000E+00 0.00000E+00 2.19565E+00
0.00000E+00 1.20082E-02 1.25940E-01 1.72193E-01 2.00831E-01 3.63900E-01 4.52475E-01 1.44527E-01 1.20082E-02 0.00000E+00 2.50725E+00
0.00000E+00 2.73063E-02 1.38170E-01 1.84025E-01 2.13007E-01 3.81812E-01 4.75708E-01 1.56548E-01 2.73063E-02 0.00000E+00 2.73906E+00
0.00000E+00 4.05138E-02 1.48630E-01 1.94120E-01 2.23362E-01 3.97072E-01 4.95665E-01 1.66784E-01 4.05138E-02 0.00000E+00 2.92112E+00
0.00000E+00 5.20446E-02 1.57674E-01 2.02825E-01 2.32263E-01 4.10225E-01 5.13012E-01 1.75598E-01 5.20446E-02 0.00000E+00 3.06490E+00
0.00000E+00 6.22035E-02 1.65563E-01 2.10397E-01 2.39981E-01 4.21669E-01 5.28233E-01 1.83255E-01 6.22035E-02 0.00000E+00 3.17877E+00
0.00000E+00 7.12218E-02 1.72495E-01 2.17029E-01 2.46721E-01 4.31702E-01 5.41696E-01 1.89956E-01 7.12218E-02 0.00000E+00 3.26899E+00
3.84322E-03 7.92920E-02 1.78646E-01 2.22895E-01 2.52664E-01 4.40557E-01 5.53665E-01 1.95880E-01 7.92920E-02 3.84322E-03 3.33214E+00
1.30192E-02 8.65627E-02 1.84140E-01 2.28117E-01 2.57937E-01 4.48424E-01 5.64376E-01 2.01152E-01 8.65627E-02 1.30192E-02 3.36924E+00
2.13422E-02 9.31239E-02 1.89032E-01 2.32746E-01 2.62598E-01 4.55437E-01 5.74031E-01 2.05824E-01 9.31239E-02 2.13422E-02 3.39622E+00
2.89205E-02 9.90663E-02 1.93401E-01 2.36859E-01 2.66727E-01 4.61709E-01 5.82766E-01 2.09978E-01 9.90663E-02 2.89205E-02 3.41485E+00
3.58447E-02 1.04465E-01 1.97313E-01 2.40523E-01 2.70393E-01 4.67331E-01 5.90691E-01 2.13679E-01 1.04465E-01 3.58447E-02 3.42656E+00
4.21908E-02 1.09384E-01 2.00824E-01 2.43792E-01 2.73653E-01 4.72383E-01 5.97902E-01 2.16983E-01 1.09384E-01 4.21908E-02 3.43254E+00
4.80235E-02 1.13878E-01 2.03980E-01 2.46713E-01 2.76554E-01 4.76930E-01 6.04478E-01 2.19936E-01 1.13878E-01 4.80235E-02 3.43374E+00
5.33981E-02 1.17992E-01 2.06822E-01 2.49324E-01 2.79138E-01 4.81030E-01 6.10488E-01 2.22580E-01 1.17992E-01 5.33981E-02 3.43096E+00
5.83622E-02 1.21767E-01 2.09383E-01 2.51661E-01 2.81439E-01 4.84730E-01 6.15990E-01 2.24948E-01 1.21767E-01 5.83622E-02 3.42484E+00
6.29569E-02 1.25237E-01 2.11694E-01 2.53752E-01 2.83489E-01 4.88072E-01 6.21036E-01 2.27069E-01 1.25237E-01 6.29569E-02 3.41593E+00
6.72181E-02 1.28432E-01 2.13781E-01 2.55623E-01 2.85314E-01 4.91093E-01 6.25671E-01 2.28971E-01 1.28432E-01 6.72181E-02 3.40469E+00
7.11773E-02 1.31379E-01 2.15665E-01 2.57296E-01 2.86937E-01 4.93824E-01 6.29932E-01 2.30675E-01 1.31379E-01 7.11773E-02 3.39151E+00
7.48619E-02 1.34100E-01 2.17367E-01 2.58791E-01 2.88377E-01 4.96294E-01 6.33856E-01 2.32200E-01 1.34100E-01 7.48619E-02 3.37670E+00
7.82965E-02 1.36615E-01 2.18903E-01 2.60125E-01 2.89654E-01 4.98527E-01 6.37471E-01 2.33565E-01 1.36615E-01 7.82965E-02 3.36054E+00
8.15025E-02 1.38944E-01 2.20290E-01 2.61314E-01 2.90781E-01 5.00545E-01 6.40805E-01 2.34784E-01 1.38944E-01 8.15025E-02 3.34327E+00
8.44991E-02 1.41102E-01 2.21541E-01 2.62369E-01 2.91773E-01 5.02366E-01 6.43881E-01 2.35871E-01 1.41102E-01 8.44991E-02 3.32507E+00
8.73036E-02 1.43104E-01 2.22668E-01 2.63305E-01 2.92643E-01 5.04008E-01 6.46721E-01 2.36837E-01 1.43104E-01 8.73036E-02 3.30612E+00
8.99313E-02 1.44961E-01 2.23682E-01 2.64130E-01 2.93401E-01 5.05487E-01 6.49344E-01 2.37694E-01 1.44961E-01 8.99313E-02 3.28656E+00
9.23960E-02 1.46687E-01 2.24593E-01 2.64856E-01 2.94058E-01 5.06815E-01 6.51766E-01 2.38451E-01 1.46687E-01 9.23960E-02 3.26651E+00
9.47102E-02 1.48290E-01 2.25408E-01 2.65489E-01 2.94621E-01 5.08006E-01 6.54005E-01 2.39117E-01 1.48290E-01 9.47102E-02 3.24609E+00
9.68850E-02 1.49781E-01 2.26137E-01 2.66039E-01 2.95100E-01 5.09070E-01 6.56072E-01 2.39699E-01 1.49781E-01 9.68850E-02 3.22537E+00
9.89306E-02 1.51168E-01 2.26785E-01 2.66512E-01 2.95500E-01 5.10018E-01 6.57982E-01 2.40204E-01 1.51168E-01 9.89306E-02 3.20444E+00
1.00856E-01 1.52459E-01 2.27360E-01 2.66914E-01 2.95829E-01 5.10858E-01 6.59745E-01 2.40638E-01 1.52459E-01 1.00856E-01 3.18336E+00
1.02671E-01 1.53661E-01 2.27867E-01 2.67250E-01 2.96092E-01 5.11599E-01 6.61373E-01 2.41008E-01 1.53661E-01 1.02671E-01 3.16219E+00
1.04381E-01 1.54779E-01 2.28312E-01 2.67527E-01 2.96295E-01 5.12248E-01 6.62874E-01 2.41318E-01 1.54779E-01 1.04381E-01 3.14099E+00
1.05994E-01 1.55821E-01 2.28699E-01 2.67749E-01 2.96442E-01 5.12812E-01 6.64257E-01 2.41574E-01 1.55821E-01 1.05994E-01 3.11978E+00
1.07518E-01 1.56790E-01 2.29033E-01 2.67920E-01 2.96538E-01 5.13297E-01 6.65530E-01 2.41778E-01 1.56790E-01 1.07518E-01 3.09862E+00
1.08956E-01 1.57693E-01 2.29317E-01 2.68044E-01 2.96587E-01 5.13710E-01 6.66701E-01 2.41936E-01 1.57693E-01 1.08956E-01 3.07753E+00
1.10315E-01 1.58533E-01 2.29555E-01 2.68124E-01 2.96592E-01 5.14054E-01 6.67776E-01 2.42050E-01 1.58533E-01 1.10315E-01 3.05653E+00
1.11601E-01 1.59315E-01 2.29751E-01 2.68164E-01 2.96557E-01 5.14336E-01 6.68761E-01 2.42125E-01 1.59315E-01 1.11601E-01 3.03566E+00
1.12816E-01 1.60042E-01 2.29907E-01 2.68167E-01 2.96484E-01 5.14559E-01 6.69663E-01 2.42162E-01 1.60042E-01 1.12816E-01 3.01492E+00
1.13966E-01 1.60718E-01 2.30027E-01 2.68135E-01 2.96377E-01 5.14727E-01 6.70486E-01 2.42165E-01 1.60718E-01 1.13966E-01 2.99434E+00
1.15055E-01 1.61346E-01 2.30112E-01 2.68072E-01 2.96239E-01 5.14844E-01 6.71235E-01 2.42136E-01 1.61346E-01 1.15055E-01 2.97393E+00
1.16086E-01 1.61929E-01 2.30166E-01 2.67978E-01 2.96070E-01 5.14914E-01 6.71914E-01 2.42078E-01 1.61929E-01 1.16086E-01 2.95371E+00
1.17062E-01 1.62469E-01 2.30191E-01 2.67858E-01 2.95875E-01 5.14939E-01 6.72529E-01 2.41992E-01 1.62469E-01 1.17062E-01 2.93367E+00
1.17987E-01 1.62971E-01 2.30188E-01 2.67711E-01 2.95654E-01 5.14923E-01 6.73082E-01 2.41881E-01 1.62971E-01 1.17987E-01 2.91384E+00
1.18863E-01 1.63435E-01 2.30159E-01 2.67542E-01 2.95410E-01 5.14868E-01 6.73578E-01 2.41746E-01 1.63435E-01 1.18863E-01 2.89422E+00
1.19694E-01 1.63863E-01 2.30107E-01 2.67350E-01 2.95144E-01 5.14777E-01 6.74020E-01 2.41589E-01 1.63863E-01 1.19694E-01 2.87480E+00
1.20481E-01 1.64259E-01 2.30032E-01 2.67137E-01 2.94858E-01 5.14653E-01 6.74410E-01 2.41412E-01 1.64259E-01 1.20481E-01 2.85560E+00
1.21228E-01 1.64624E-01 2.29937E-01 2.66906E-01 2.94553E-01 5.14496E-01 6.74752E-01 2.41216E-01 1.64624E-01 1.21228E-01 2.83663E+00
1.21936E-01 1.64959E-01 2.29822E-01 2.66657E-01 2.94231E-01 5.14310E-01 6.75048E-01 2.41003E-01 1.64959E-01 1.21936E-01 2.81787E+00
1.22607E-01 1.65267E-01 2.29689E-01 2.66391E-01 2.93892E-01 5.14097E-01 6.75302E-01 2.40773E-01 1.65267E-01 1.22607E-01 2.79934E+00
0.00000E+00 0.00000E+00 9.13511E-02 1.37638E-01 1.68896E-01 3.41866E-01 4.30945E-01 1.12610E-01 0.00000E+00 0.00000E+00 1.82652E+00
0.00000E+00 0.00000E+00 1.05149E-01 1.51150E-01 1.82804E-01 3.64236E-01 4.61601E-01 1.25844E-01 0.00000E+00 0.00000E+00 2.15746E+00
0.00000E+00 1.01111E-02 1.16297E-01 1.62006E-01 1.93895E-01 3.81945E-01 4.86098E-01 1.36461E-01 1.01111E-02 0.00000E+00 2.37765E+00
0.00000E+00 2.28392E-02 1.25531E-01 1.70942E-01 2.02968E-01 3.96441E-01 5.06392E-01 1.45192E-01 2.28392E-02 0.00000E+00 2.53312E+00
0.00000E+00 3.36871E-02 1.33286E-01 1.78398E-01 2.10494E-01 4.08531E-01 5.23553E-01 1.52472E-01 3.36871E-02 0.00000E+00 2.64979E+00
0.00000E+00 4.30476E-02 1.39879E-01 1.84691E-01 2.16808E-01 4.18739E-01 5.38247E-01 1.58613E-01 4.30476E-02 0.00000E+00 2.73731E+00
0.00000E+00 5.12060E-02 1.45535E-01 1.90050E-01 2.22151E-01 4.27441E-01 5.50958E-01 1.63841E-01 5.12060E-02 0.00000E+00 2.80257E+00
0.00000E+00 5.83758E-02 1.50424E-01 1.94645E-01 2.26705E-01 4.34917E-01 5.62045E-01 1.68326E-01 5.83758E-02 0.00000E+00 2.85060E+00
3.09344E-03 6.47324E-02 1.54700E-01 1.98632E-01 2.30630E-01 4.41385E-01 5.71765E-01 1.72220E-01 6.47324E-02 3.09344E-03 2.87847E+00
1.04431E-02 7.04091E-02 1.58464E-01 2.02112E-01 2.34032E-01 4.47015E-01 5.80345E-01 1.75622E-01 7.04091E-02 1.04431E-02 2.88688E+00
1.70640E-02 7.54865E-02 1.61757E-01 2.05123E-01 2.36953E-01 4.51924E-01 5.87975E-01 1.78567E-01 7.54865E-02 1.70640E-02 2.88872E+00
2.30530E-02 8.00452E-02 1.64643E-01 2.07731E-01 2.39462E-01 4.56213E-01 5.94783E-01 1.81121E-01 8.00452E-02 2.30530E-02 2.88530E+00
2.84906E-02 8.41519E-02 1.67178E-01 2.09992E-01 2.41615E-01 4.59965E-01 6.00874E-01 1.83337E-01 8.41519E-02 2.84906E-02 2.87765E+00
3.34439E-02 8.78624E-02 1.69408E-01 2.11951E-01 2.43461E-01 4.63249E-01 6.06337E-01 1.85260E-01 8.78624E-02 3.34439E-02 2.86661E+00
3.79696E-02 9.12239E-02 1.71371E-01 2.13647E-01 2.45038E-01 4.66124E-01 6.11245E-01 1.86928E-01 9.12239E-02 3.79696E-02 2.85283E+00
4.21159E-02 9.42763E-02 1.73099E-01 2.15112E-01 2.46381E-01 4.68638E-01 6.15663E-01 1.88372E-01 9.42763E-02 4.21159E-02 2.83687E+00
4.59239E-02 9.70538E-02 1.74619E-01 2.16373E-01 2.47517E-01 4.70834E-01 6.19643E-01 1.89619E-01 9.70538E-02 4.59239E-02 2.81917E+00
4.94293E-02 9.95860E-02 1.75955E-01 2.17454E-01 2.48472E-01 4.72748E-01 6.23233E-01 1.90692E-01 9.95860E-02 4.94293E-02 2.80008E+00
5.26626E-02 1.01898E-01 1.77128E-01 2.18377E-01 2.49266E-01 4.74410E-01 6.26473E-01 1.91611E-01 1.01898E-01 5.26626E-02 2.77991E+00
5.56507E-02 1.04013E-01 1.78155E-01 2.19157E-01 2.49916E-01 4.75848E-01 6.29397E-01 1.92392E-01 1.04013E-01 5.56507E-02 2.75889E+00
5.84170E-02 1.05949E-01 1.79052E-01 2.19811E-01 2.50440E-01 4.77085E-01 6.32038E-01 1.93052E-01 1.05949E-01 5.84170E-02 2.73723E+00
6.09821E-02 1.07723E-01 1.79831E-01 2.20352E-01 2.50850E-01 4.78142E-01 6.34421E-01 1.93602E-01 1.07723E-01 6.09821E-02 2.71511E+00
6.33641E-02 1.09352E-01 1.80506E-01 2.20792E-01 2.51159E-01 4.79036E-01 6.36571E-01 1.94055E-01 1.09352E-01 6.33641E-02 2.69265E+00
6.55791E-02 1.10847E-01 1.81085E-01 2.21141E-01 2.51377E-01 4.79783E-01 6.38508E-01 1.94419E-01 1.10847E-01 6.55791E-02 2.66997E+00
6.76414E-02 1.12221E-01 1.81579E-01 2.21407E-01 2.51514E-01 4.80398E-01 6.40252E-01 1.94705E-01 1.12221E-01 6.76414E-02 2.64717E+00
6.95639E-02 1.13484E-01 1.81995E-01 2.21601E-01 2.51577E-01 4.80892E-01 6.41818E-01 1.94920E-01 1.13484E-01 6.95639E-02 2.62433E+00
7.13578E-02 1.14645E-01 1.82341E-01 2.21727E-01 2.51575E-01 4.81278E-01 6.43223E-01 1.95070E-01 1.14645E-01 7.13578E-02 2.60152E+00
7.30335E-02 1.15714E-01 1.82624E-01 2.21793E-01 2.51513E-01 4.81565E-01 6.44479E-01 1.95162E-01 1.15714E-01 7.30335E-02 2.57878E+00
7.46001E-02 1.16697E-01 1.82848E-01 2.21805E-01 2.51397E-01 4.81761E-01 6.45599E-01 1.95202E-01 1.16697E-01 7.46001E-02 2.55618E+00
7.60661E-02 1.17602E-01 1.83020E-01 2.21767E-01 2.51233E-01 4.81875E-01 6.46593E-01 1.95194E-01 1.17602E-01 7.60661E-02 2.53373E+00
7.74389E-02 1.18434E-01 1.83143E-01 2.21684E-01 2.51024E-01 4.81914E-01 6.47471E-01 1.95143E-01 1.18434E-01 7.74389E-02 2.51149E+00
7.87254E-02 1.19199E-01 1.83223E-01 2.21561E-01 2.50777E-01 4.81885E-01 6.48242E-01 1.95052E-01 1.19199E-01 7.87254E-02 2.48946E+00
7.99317E-02 1.19902E-01 1.83262E-01 2.21401E-01 2.50493E-01 4.81792E-01 6.48914E-01 1.94927E-01 1.19902E-01 7.99317E-02 2.46767E+00
8.10636E-02 1.20548E-01 1.83265E-01 2.21207E-01 2.50177E-01 4.81643E-01 6.49495E-01 1.94768E-01 1.20548E-01 8.10636E-02 2.44614E+00
8.21262E-02 1.21141E-01 1.83234E-01 2.20983E-01 2.49831E-01 4.81440E-01 6.49991E-01 1.94580E-01 1.21141E-01 8.21262E-02 2.42488E+00
8.31241E-02 1.21684E-01 1.83172E-01 2.20730E-01 2.49459E-01 4.81190E-01 6.50408E-01 1.94366E-01 1.21684E-01 8.31241E-02 2.40390E+00
8.40618E-02 1.22182E-01 1.83082E-01 2.20453E-01 2.49063E-01 4.80895E-01 6.50753E-01 1.94127E-01 1.22182E-01 8.40618E-02 2.38321E+00
8.49432E-02 1.22638E-01 1.82966E-01 2.20152E-01 2.48645E-01 4.80559E-01 6.51029E-01 1.93866E-01 1.22638E-01 8.49432E-02 2.36281E+00
8.57719E-02 1.23053E-01 1.82827E-01 2.19830E-01 2.48207E-01 4.80186E-01 6.51243E-01 1.93584E-01 1.23053E-01 8.57719E-02 2.34271E+00
8.65513E-02 1.23432E-01 1.82666E-01 2.19489E-01 2.47751E-01 4.79778E-01 6.51398E-01 1.93284E-01 1.23432E-01 8.65513E-02 2.32291E+00
8.72845E-02 1.23776E-01 1.82484E-01 2.19131E-01 2.47279E-01 4.79339E-01 6.51497E-01 1.92968E-01 1.23776E-01 8.72845E-02 2.30342E+00
8.79744E-02 1.24088E-01 1.82285E-01 2.18757E-01 2.46792E-01 4.78871E-01 6.51546E-01 1.92636E-01 1.24088E-01 8.79744E-02 2.28422E+00
8.86235E-02 1.24370E-01 1.82068E-01 2.18369E-01 2.46292E-01 4.78376E-01 6.51547E-01 1.92290E-01 1.24370E-01 8.86235E-02 2.26532E+00
8.92343E-02 1.24624E-01 1.81836E-01 2.17967E-01 2.45780E-01 4.77857E-01 6.51504E-01 1.91932E-01 1.24624E-01 8.92343E-02 2.24672E+00
8.98091E-02 1.24851E-01 1.81590E-01 2.17554E-01 2.45258E-01 4.77315E-01 6.51419E-01 1.91562E-01 1.24851E-01 8.98091E-02 2.22842E+00
9.03500E-02 1.25054E-01 1.81331E-01 2.17130E-01 2.44725E-01 4.76752E-01 6.51295E-01 1.91182E-01 1.25054E-01 9.03500E-02 2.21041E+00
9.08590E-02 1.25234E-01 1.81059E-01 2.16696E-01 2.44185E-01 4.76170E-01 6.51134E-01 1.90792E-01 1.25234E-01 9.08590E-02 2.19269E+00
9.13378E-02 1.25392E-01 1.80777E-01 2.16253E-01 2.43636E-01 4.75571E-01 6.50940E-01 1.90394E-01 1.25392E-01 9.13378E-02 2.17526E+00
9.17882E-02 1.25530E-01 1.80485E-01 2.15802E-01 2.43081E-01 4.74956E-01 6.50713E-01 1.89988E-01 1.25530E-01 9.17882E-02 2.15811E+00
9.22117E-02 1.25649E-01 1.80183E-01 2.15345E-01 2.42520E-01 4.74325E-01 6.50457E-01 1.89575E-01 1.25649E-01 9.22117E-02 2.14123E+00
0.00000E+00 0.00000E+00 8.51219E-02 1.32912E-01 1.67905E-01 3.69609E-01 4.76685E-01 1.07603E-01 0.00000E+00 0.00000E+00 1.80770E+00
0.00000E+00 0.00000E+00 9.53292E-02 1.42766E-01 1.77784E-01 3.87333E-01 5.03441E-01 1.16775E-01 0.00000E+00 0.00000E+00 2.03790E+00
0.00000E+00 8.28107E-03 1.03438E-01 1.50484E-01 1.85422E-01 4.00950E-01 5.24355E-01 1.23983E-01 8.28107E-03 0.00000E+00 2.18029E+00
0.00000E+00 1.85920E-02 1.10031E-01 1.56667E-01 1.91463E-01 4.11767E-01 5.41326E-01 1.29770E-01 1.85920E-02 0.00000E+00 2.27325E+00
0.00000E+00 2.72741E-02 1.15460E-01 1.61675E-01 1.96292E-01 4.20516E-01 5.55396E-01 1.34466E-01 2.72741E-02 0.00000E+00 2.33791E+00
0.00000E+00 3.46820E-02 1.19984E-01 1.65776E-01 2.00189E-01 4.27673E-01 5.67209E-01 1.38319E-01 3.46820E-02 0.00000E+00 2.38184E+00
0.00000E+00 4.10706E-02 1.23788E-01 1.69159E-01 2.03353E-01 4.33574E-01 5.77229E-01 1.41506E-01 4.10706E-02 0.00000E+00 2.41033E+00
0.00000E+00 4.66287E-02 1.27010E-01 1.71966E-01 2.05930E-01 4.38469E-01 5.85796E-01 1.44157E-01 4.66287E-02 0.00000E+00 2.42717E+00
2.43043E-03 5.15101E-02 1.29775E-01 1.74324E-01 2.08055E-01 4.42553E-01 5.93156E-01 1.46395E-01 5.15101E-02 2.43043E-03 2.42978E+00
8.17699E-03 5.58299E-02 1.32163E-01 1.76313E-01 2.09808E-01 4.45971E-01 5.99515E-01 1.48292E-01 5.58299E-02 8.17699E-03 2.41852E+00
1.33184E-02 5.96578E-02 1.34198E-01 1.77957E-01 2.11214E-01 4.48813E-01 6.05047E-01 1.49865E-01 5.96578E-02 1.33184E-02 2.40355E+00
1.79386E-02 6.30630E-02 1.35934E-01 1.79307E-01 2.12326E-01 4.51169E-01 6.09869E-01 1.51164E-01 6.30630E-02 1.79386E-02 2.38576E+00
2.21066E-02 6.61027E-02 1.37413E-01 1.80408E-01 2.13189E-01 4.53106E-01 6.14078E-01 1.52230E-01 6.61027E-02 2.21066E-02 2.36583E+00
2.58797E-02 6.88241E-02 1.38671E-01 1.81295E-01 2.13840E-01 4.54686E-01 6.17752E-01 1.53097E-01 6.88241E-02 2.58797E-02 2.34430E+00
2.93061E-02 7.12669E-02 1.39738E-01 1.81999E-01 2.14309E-01 4.55955E-01 6.20961E-01 1.53792E-01 7.12669E-02 2.93061E-02 2.32158E+00
3.24265E-02 7.34646E-02 1.40639E-01 1.82543E-01 2.14622E-01 4.56955E-01 6.23759E-01 1.54338E-01 7.34646E-02 3.24265E-02 2.29802E+00
3.52754E-02 7.54457E-02 1.41394E-01 1.82949E-01 2.14800E-01 4.57721E-01 6.26195E-01 1.54756E-01 7.54457E-02 3.52754E-02 2.27389E+00
3.78827E-02 7.72345E-02 1.42022E-01 1.83235E-01 2.14860E-01 4.58281E-01 6.28311E-01 1.55061E-01 7.72345E-02 3.78827E-02 2.24939E+00
4.02737E-02 7.88521E-02 1.42538E-01 1.83416E-01 2.14819E-01 4.58660E-01 6.30142E-01 1.55268E-01 7.88521E-02 4.02737E-02 2.22469E+00
4.24709E-02 8.03165E-02 1.42954E-01 1.83505E-01 2.14689E-01 4.58881E-01 6.31718E-01 1.55389E-01 8.03165E-02 4.24709E-02 2.19994E+00
4.44933E-02 8.16436E-02 1.43283E-01 1.83514E-01 2.14482E-01 4.58962E-01 6.33067E-01 1.55435E-01 8.16436E-02 4.44933E-02 2.17524E+00
4.63580E-02 8.28472E-02 1.43535E-01 1.83451E-01 2.14208E-01 4.58918E-01 6.34211E-01 1.55415E-01 8.28472E-02 4.63580E-02 2.15067E+00
4.80797E-02 8.39393E-02 1.43717E-01 1.83326E-01 2.13874E-01 4.58765E-01 6.35172E-01 1.55336E-01 8.39393E-02 4.80797E-02 2.12630E+00
4.96717E-02 8.49306E-02 1.43837E-01 1.83145E-01 2.13489E-01 4.58514E-01 6.35966E-01 1.55205E-01 8.49306E-02 4.96717E-02 2.10220E+00
5.11454E-02 8.58306E-02 1.43903E-01 1.82916E-01 2.13059E-01 4.58176E-01 6.36611E-01 1.55029E-01 8.58306E-02 5.11454E-02 2.07839E+00
5.25113E-02 8.66475E-02 1.43919E-01 1.82643E-01 2.12589E-01 4.57761E-01 6.37121E-01 1.54813E-01 8.66475E-02 5.25113E-02 2.05491E+00
5.37784E-02 8.73889E-02 1.43892E-01 1.82332E-01 2.12084E-01 4.57276E-01 6.37507E-01 1.54561E-01 8.73889E-02 5.37784E-02 2.03179E+00
5.49551E-02 8.80612E-02 1.43825E-01 1.81988E-01 2.11549E-01 4.56731E-01 6.37781E-01 1.54277E-01 8.80612E-02 5.49551E-02 2.00905E+00
5.60487E-02 8.86706E-02 1.43723E-01 1.81614E-01 2.10987E-01 4.56130E-01 6.37953E-01 1.53965E-01 8.86706E-02 5.60487E-02 1.98670E+00
5.70658E-02 8.92222E-02 1.43588E-01 1.81213E-01 2.10402E-01 4.55480E-01 6.38032E-01 1.53629E-01 8.92222E-02 5.70658E-02 1.96474E+00
5.80125E-02 8.97210E-02 1.43426E-01 1.80789E-01 2.09797E-01 4.54786E-01 6.38027E-01 1.53270E-01 8.97210E-02 5.80125E-02 1.94319E+00
5.88941E-02 9.01711E-02 1.43238E-01 1.80344E-01 2.09174E-01 4.54053E-01 6.37944E-01 1.52892E-01 9.01711E-02 5.88941E-02 1.92204E+00
5.97155E-02 9.05766E-02 1.43026E-01 1.79881E-01 2.08536E-01 4.53285E-01 6.37790E-01 1.52497E-01 9.05766E-02 5.97155E-02 1.90130E+00
6.04811E-02 9.09409E-02 1.42794E-01 1.79402E-01 2.07886E-01 4.52486E-01 6.37571E-01 1.52087E-01 9.09409E-02 6.04811E-02 1.88096E+00
6.11951E-02 9.12673E-02 1.42544E-01 1.78909E-01 2.07223E-01 4.51660E-01 6.37293E-01 1.51664E-01 9.12673E-02 6.11951E-02 1.86102E+00
6.18611E-02 9.15586E-02 1.42276E-01 1.78404E-01 2.06552E-01 4.50808E-01 6.36960E-01 1.51229E-01 9.15586E-02 6.18611E-02 1.84148E+00
6.24824E-02 9.18176E-02 1.41994E-01 1.77887E-01 2.05872E-01 4.49934E-01 6.36577E-01 1.50784E-01 9.18176E-02 6.24824E-02 1.82234E+00
6.30622E-02 9.20466E-02 1.41698E-01 1.77362E-01 2.05186E-01 4.49041E-01 6.36148E-01 1.50330E-01 9.20466E-02 6.30622E-02 1.80358E+00
6.36033E-02 9.22479E-02 1.41390E-01 1.76828E-01 2.04494E-01 4.48131E-01 6.35676E-01 1.49868E-01 9.22479E-02 6.36033E-02 1.78520E+00
6.41082E-02 9.24235E-02 1.41071E-01 1.76288E-01 2.03798E-01 4.47205E-01 6.35166E-01 1.49400E-01 9.24235E-02 6.41082E-02 1.76719E+00
6.45793E-02 9.25752E-02 1.40742E-01 1.75741E-01 2.03099E-01 4.46266E-01 6.34620E-01 1.48926E-01 9.25752E-02 6.45793E-02 1.74954E+00
6.50189E-02 9.27048E-02 1.40405E-01 1.75190E-01 2.02397E-01 4.45315E-01 6.34041E-01 1.48447E-01 9.27048E-02 6.50189E-02 1.73226E+00
6.54290E-02 9.28138E-02 1.40059E-01 1.74634E-01 2.01693E-01 4.44354E-01 6.33432E-01 1.47964E-01 9.28138E-02 6.54290E-02 1.71532E+00
6.58113E-02 9.29036E-02 1.39707E-01 1.74075E-01 2.00988E-01 4.43384E-01 6.32795E-01 1.47478E-01 9.29036E-02 6.58113E-02 1.69873E+00
6.61677E-02 9.29757E-02 1.39349E-01 1.73513E-01 2.00283E-01 4.42407E-01 6.32132E-01 1.46989E-01 9.29757E-02 6.61677E-02 1.68246E+00
6.64998E-02 9.30311E-02 1.38986E-01 1.72949E-01 1.99577E-01 4.41423E-01 6.31446E-01 1.46498E-01 9.30311E-02 6.64998E-02 1.66653E+00
6.68090E-02 9.30712E-02 1.38617E-01 1.72384E-01 1.98873E-01 4.40433E-01 6.30738E-01 1.46005E-01 9.30712E-02 6.68090E-02 1.65091E+00
6.70966E-02 9.30968E-02 1.38245E-01 1.71817E-01 1.98169E-01 4.39440E-01 6.30010E-01 1.45511E-01 9.30968E-02 6.70966E-02 1.63560E+00
6.73641E-02 9.31090E-02 1.37869E-01 1.71251E-01 1.97467E-01 4.38442E-01 6.29264E-01 1.45017E-01 9.31090E-02 6.73641E-02 1.62059E+00
6.76125E-02 9.31086E-02 1.37490E-01 1.70684E-01 1.96767E-01 4.37442E-01 6.28501E-01 1.44522E-01 9.31086E-02 6.76125E-02 1.60588E+00
0.00000E+00 0.00000E+00 7.51432E-02 1.26071E-01 1.64493E-01 3.98145E-01 5.27996E-01 9.71391E-02 0.00000E+00 0.00000E+00 1.69514E+00
0.00000E+00 0.00000E+00 8.22833E-02 1.32421E-01 1.70372E-01 4.10651E-01 5.50045E-01 1.02801E-01 0.00000E+00 0.00000E+00 1.84413E+00
0.00000E+00 6.59198E-03 8.78686E-02 1.37229E-01 1.74690E-01 4.19802E-01 5.66770E-01 1.07151E-01 6.59198E-03 0.00000E+00 1.92675E+00
0.00000E+00 1.47165E-02 9.23209E-02 1.40922E-01 1.77889E-01 4.26687E-01 5.79943E-01 1.10532E-01 1.47165E-02 0.00000E+00 1.97343E+00
0.00000E+00 2.14784E-02 9.59024E-02 1.43766E-01 1.80243E-01 4.31922E-01 5.90533E-01 1.13165E-01 2.14784E-02 0.00000E+00 2.00065E+00
0.00000E+00 2.71841E-02 9.88145E-02 1.45965E-01 1.81962E-01 4.35912E-01 5.99144E-01 1.15228E-01 2.71841E-02 0.00000E+00 2.01401E+00
0.00000E+00 3.20522E-02 1.01200E-01 1.47664E-01 1.83194E-01 4.38941E-01 6.06202E-01 1.16847E-01 3.20522E-02 0.00000E+00 2.01735E+00
0.00000E+00 3.62436E-02 1.03164E-01 1.48968E-01 1.84045E-01 4.41213E-01 6.12018E-01 1.18114E-01 3.62436E-02 0.00000E+00 2.01339E+00
1.85970E-03 3.98880E-02 1.04805E-01 1.49978E-01 1.84619E-01 4.42896E-01 6.16820E-01 1.19120E-01 3.98880E-02 1.85970E-03 1.99988E+00
6.23518E-03 4.30816E-02 1.06180E-01 1.50748E-01 1.84971E-01 4.44104E-01 6.20791E-01 1.19914E-01 4.30816E-02 6.23518E-03 1.97693E+00
1.01225E-02 4.58830E-02 1.07304E-01 1.51288E-01 1.85103E-01 4.44896E-01 6.24075E-01 1.20497E-01 4.58830E-02 1.01225E-02 1.95234E+00
1.35919E-02 4.83498E-02 1.08218E-01 1.51635E-01 1.85054E-01 4.45342E-01 6.26777E-01 1.20906E-01 4.83498E-02 1.35919E-02 1.92666E+00
1.67007E-02 5.05292E-02 1.08953E-01 1.51822E-01 1.84857E-01 4.45500E-01 6.28983E-01 1.21168E-01 5.05292E-02 1.67007E-02 1.90030E+00
1.94964E-02 5.24600E-02 1.09536E-01 1.51874E-01 1.84537E-01 4.45413E-01 6.30761E-01 1.21307E-01 5.24600E-02 1.94964E-02 1.87358E+00
2.20188E-02 5.41748E-02 1.09989E-01 1.51813E-01 1.84115E-01 4.45121E-01 6.32170E-01 1.21342E-01 5.41748E-02 2.20188E-02 1.84674E+00
2.43011E-02 5.57007E-02 1.10330E-01 1.51657E-01 1.83608E-01 4.44655E-01 6.33259E-01 1.21290E-01 5.57007E-02 2.43011E-02 1.81997E+00
2.63715E-02 5.70607E-02 1.10575E-01 1.51419E-01 1.83030E-01 4.44040E-01 6.34069E-01 1.21162E-01 5.70607E-02 2.63715E-02 1.79339E+00
2.82543E-02 5.82745E-02 1.10737E-01 1.51113E-01 1.82393E-01 4.43299E-01 6.34636E-01 1.20971E-01 5.82745E-02 2.82543E-02 1.76712E+00
2.99700E-02 5.93587E-02 1.10827E-01 1.50748E-01 1.81707E-01 4.42450E-01 6.34988E-01 1.20726E-01 5.93587E-02 2.99700E-02 1.74123E+00
3.15365E-02 6.03279E-02 1.10853E-01 1.50334E-01 1.80980E-01 4.41509E-01 6.35152E-01 1.20434E-01 6.03279E-02 3.15365E-02 1.71578E+00
3.29692E-02 6.11945E-02 1.10825E-01 1.49877E-01 1.80220E-01 4.40490E-01 6.35149E-01 1.20103E-01 6.11945E-02 3.29692E-02 1.69082E+00
3.42817E-02 6.19693E-02 1.10749E-01 1.49385E-01 1.79433E-01 4.39403E-01 6.34999E-01 1.19738E-01 6.19693E-02 3.42817E-02 1.66637E+00
3.54858E-02 6.26620E-02 1.10631E-01 1.48862E-01 1.78623E-01 4.38259E-01 6.34720E-01 1.19345E-01 6.26620E-02 3.54858E-02 1.64244E+00
3.65918E-02 6.32807E-02 1.10476E-01 1.48314E-01 1.77795E-01 4.37067E-01 6.34324E-01 1.18926E-01 6.32807E-02 3.65918E-02 1.61906E+00
3.76089E-02 6.38328E-02 1.10289E-01 1.47744E-01 1.76953E-01 4.35833E-01 6.33825E-01 1.18487E-01 6.38328E-02 3.76089E-02 1.59622E+00
3.85452E-02 6.43247E-02 1.10073E-01 1.47156E-01 1.76099E-01 4.34564E-01 6.33235E-01 1.18031E-01 6.43247E-02 3.85452E-02 1.57393E+00
3.94079E-02 6.47621E-02 1.09833E-01 1.46553E-01 1.75237E-01 4.33265E-01 6.32563E-01 1.17559E-01 6.47621E-02 3.94079E-02 1.55218E+00
4.02034E-02 6.51502E-02 1.09572E-01 1.45937E-01 1.74369E-01 4.31942E-01 6.31818E-01 1.17075E-01 6.51502E-02 4.02034E-02 1.53097E+00
4.09374E-02 6.54935E-02 1.09291E-01 1.45312E-01 1.73497E-01 4.30599E-01 6.31009E-01 1.16581E-01 6.54935E-02 4.09374E-02 1.51029E+00
4.16151E-02 6.57959E-02 1.08994E-01 1.44678E-01 1.72623E-01 4.29240E-01 6.30141E-01 1.16078E-01 6.57959E-02 4.16151E-02 1.49013E+00
4.22411E-02 6.60611E-02 1.08682E-01 1.44037E-01 1.71748E-01 4.27867E-01 6.29221E-01 1.15568E-01 6.60611E-02 4.22411E-02 1.47047E+00
4.28196E-02 6.62924E-02 1.08357E-01 1.43392E-01 1.70874E-01 4.26484E-01 6.28255E-01 1.15053E-01 6.62924E-02 4.28196E-02 1.45132E+00
4.33542E-02 6.64926E-02 1.08022E-01 1.42743E-01 1.70002E-01 4.25092E-01 6.27247E-01 1.14534E-01 6.64926E-02 4.33542E-02 1.43264E+00
4.38484E-02 6.66644E-02 1.07676E-01 1.42092E-01 1.69132E-01 4.23696E-01 6.26203E-01 1.14011E-01 6.66644E-02 4.38484E-02 1.41444E+00
4.43053E-02 6.68103E-02 1.07323E-01 1.41440E-01 1.68265E-01 4.22295E-01 6.25126E-01 1.13487E-01 6.68103E-02 4.43053E-02 1.39669E+00
4.47277E-02 6.69322E-02 1.06962E-01 1.40787E-01 1.67403E-01 4.20892E-01 6.24019E-01 1.12961E-01 6.69322E-02 4.47277E-02 1.37939E+00
4.51181E-02 6.70323E-02 1.06595E-01 1.40135E-01 1.66546E-01 4.19489E-01 6.22887E-01 1.12434E-01 6.70323E-02 4.51181E-02 1.36252E+00
4.54788E-02 6.71122E-02 1.06224E-01 1.39483E-01 1.65695E-01 4.18087E-01 6.21731E-01 1.11907E-01 6.71122E-02 4.54788E-02 1.34607E+00
4.58120E-02 6.71737E-02 1.05847E-01 1.38833E-01 1.64849E-01 4.16687E-01 6.20555E-01 1.11382E-01 6.71737E-02 4.58120E-02 1.33003E+00
4.61196E-02 6.72180E-02 1.05468E-01 1.38186E-01 1.64009E-01 4.15290E-01 6.19361E-01 1.10857E-01 6.72180E-02 4.61196E-02 1.31437E+00
4.64033E-02 6.72467E-02 1.05085E-01 1.37541E-01 1.63176E-01 4.13897E-01 6.18152E-01 1.10334E-01 6.72467E-02 4.64033E-02 1.29910E+00
4.66649E-02 6.72609E-02 1.04700E-01 1.36899E-01 1.62350E-01 4.12509E-01 6.16928E-01 1.09812E-01 6.72609E-02 4.66649E-02 1.28420E+00
4.69058E-02 6.72617E-02 1.04314E-01 1.36261E-01 1.61530E-01 4.11126E-01 6.15693E-01 1.09294E-01 6.72617E-02 4.69058E-02 1.26965E+00
4.71274E-02 6.72503E-02 1.03926E-01 1.35626E-01 1.60719E-01 4.09750E-01 6.14447E-01 1.08777E-01 6.72503E-02 4.71274E-02 1.25545E+00
4.73310E-02 6.72274E-02 1.03537E-01 1.34995E-01 1.59914E-01 4.08380E-01 6.13192E-01 1.08264E-01 6.72274E-02 4.73310E-02 1.24159E+00
4.75177E-02 6.71941E-02 1.03148E-01 1.34369E-01 1.59117E-01 4.07018E-01 6.11929E-01 1.07753E-01 6.71941E-02 4.75177E-02 1.22804E+00
4.76886E-02 6.71510E-02 1.02758E-01 1.33747E-01 1.58328E-01 4.05663E-01 6.10661E-01 1.07246E-01 6.71510E-02 4.76886E-02 1.21481E+00
4.78448E-02 6.70990E-02 1.02369E-01 1.33129E-01 1.57546E-01 4.04316E-01 6.09387E-01 1.06743E-01 6.70990E-02 4.78448E-02 1.20189E+00
4.79872E-02 6.70387E-02 1.01980E-01 1.32517E-01 1.56772E-01 4.02978E-01 6.08109E-01 1.06243E-01 6.70387E-02 4.79872E-02 1.18926E+00
4.81166E-02 6.69707E-02 1.01593E-01 1.31909E-01 1.56006E-01 4.01648E-01 6.06828E-01 1.05747E-01 6.69707E-02 4.81166E-02 1.17691E+00
0.00000E+00 0.00000E+00 6.21386E-02 1.16362E-01 1.57369E-01 4.25672E-01 5.84023E-01 8.14755E-02 0.00000E+00 0.00000E+00 1.50756E+00
0.00000E+00 0.00000E+00 6.69617E-02 1.19610E-01 1.59529E-01 4.32438E-01 6.00400E-01 8.45054E-02 0.00000E+00 0.00000E+00 1.59894E+00
0.00000E+00 5.10386E-03 7.06754E-02 1.21906E-01 1.60836E-01 4.36768E-01 6.12183E-01 8.67647E-02 5.10386E-03 0.00000E+00 1.64099E+00
0.00000E+00 1.13289E-02 7.35686E-02 1.23495E-01 1.61513E-01 4.39473E-01 6.20939E-01 8.84262E-02 1.13289E-02 0.00000E+00 1.65733E+00
0.00000E+00 1.64468E-02 7.58291E-02 1.24544E-01 1.61713E-01 4.41020E-01 6.27530E-01 8.96179E-02 1.64468E-02 0.00000E+00 1.66054E+00
0.00000E+00 2.07138E-02 7.76080E-02 1.25195E-01 1.61572E-01 4.41721E-01 6.32491E-01 9.04572E-02 2.07138E-02 0.00000E+00 1.65477E+00
0.00000E+00 2.43119E-02 7.90122E-02 1.25546E-01 1.61180E-01 4.41793E-01 6.36200E-01 9.10268E-02 2.43119E-02 0.00000E+00 1.64279E+00
0.00000E+00 2.73739E-02 8.01199E-02 1.25665E-01 1.60604E-01 4.41389E-01 6.38927E-01 9.13865E-02 2.73739E-02 0.00000E+00 1.62653E+00
1.38188E-03 3.00062E-02 8.10051E-02 1.25627E-01 1.59913E-01 4.40642E-01 6.40876E-01 9.16001E-02 3.00062E-02 1.38188E-03 1.60415E+00
4.61583E-03 3.22870E-02 8.17099E-02 1.25464E-01 1.59137E-01 4.39630E-01 6.42199E-01 9.16970E-02 3.22870E-02 4.61583E-03 1.57561E+00
7.46706E-03 3.42639E-02 8.22413E-02 1.25171E-01 1.58260E-01 4.38374E-01 6.43002E-01 9.16694E-02 3.42639E-02 7.46706E-03 1.54677E+00
9.99259E-03 3.59838E-02 8.26290E-02 1.24772E-01 1.57305E-01 4.36926E-01 6.43373E-01 9.15407E-02 3.59838E-02 9.99259E-03 1.51796E+00
1.22389E-02 3.74845E-02 8.28967E-02 1.24290E-01 1.56292E-01 4.35324E-01 6.43383E-01 9.13300E-02 3.74845E-02 1.22389E-02 1.48941E+00
1.42441E-02 3.87970E-02 8.30639E-02 1.23740E-01 1.55234E-01 4.33601E-01 6.43089E-01 9.10522E-02 3.87970E-02 1.42441E-02 1.46127E+00
1.60400E-02 3.99472E-02 8.31464E-02 1.23137E-01 1.54144E-01 4.31781E-01 6.42538E-01 9.07197E-02 3.99472E-02 1.60400E-02 1.43367E+00
1.76531E-02 4.09564E-02 8.31573E-02 1.22491E-01 1.53032E-01 4.29887E-01 6.41771E-01 9.03426E-02 4.09564E-02 1.76531E-02 1.40669E+00
1.91059E-02 4.18428E-02 8.31075E-02 1.21811E-01 1.51904E-01 4.27934E-01 6.40819E-01 8.99290E-02 4.18428E-02 1.91059E-02 1.38038E+00
2.04172E-02 4.26217E-02 8.30062E-02 1.21104E-01 1.50768E-01 4.25936E-01 6.39710E-01 8.94859E-02 4.26217E-02 2.04172E-02 1.35477E+00
2.16035E-02 4.33060E-02 8.28610E-02 1.20377E-01 1.49627E-01 4.23906E-01 6.38468E-01 8.90189E-02 4.33060E-02 2.16035E-02 1.32988E+00
2.26785E-02 4.39068E-02 8.26783E-02 1.19635E-01 1.48486E-01 4.21852E-01 6.37112E-01 8.85327E-02 4.39068E-02 2.26785E-02 1.30572E+00
2.36544E-02 4.44339E-02 8.24638E-02 1.18881E-01 1.47348E-01 4.19783E-01 6.35659E-01 8.80313E-02 4.44339E-02 2.36544E-02 1.28228E+00
2.45416E-02 4.48954E-02 8.22220E-02 1.18119E-01 1.46216E-01 4.17704E-01 6.34123E-01 8.75180E-02 4.48954E-02 2.45416E-02 1.25955E+00
2.53492E-02 4.52986E-02 8.19571E-02 1.17352E-01 1.45091E-01 4.15622E-01 6.32517E-01 8.69956E-02 4.52986E-02 2.53492E-02 1.23753E+00
2.60852E-02 4.56497E-02 8.16725E-02 1.16582E-01 1.43976E-01 4.13540E-01 6.30851E-01 8.64665E-02 4.56497E-02 2.60852E-02 1.21619E+00
2.67565E-02 4.59542E-02 8.13712E-02 1.15812E-01 1.42872E-01 4.11463E-01 6.29135E-01 8.59326E-02 4.59542E-02 2.67565E-02 1.19552E+00
2.73694E-02 4.62170E-02 8.10557E-02 1.15043E-01 1.41779E-01 4.09394E-01 6.27376E-01 8.53958E-02 4.62170E-02 2.73694E-02 1.17550E+00
2.79292E-02 4.64422E-02 8.07282E-02 1.14276E-01 1.40699E-01 4.07335E-01 6.25581E-01 8.48573E-02 4.64422E-02 2.79292E-02 1.15610E+00
2.84410E-02 4.66336E-02 8.03908E-02 1.13514E-01 1.39633E-01 4.05289E-01 6.23757E-01 8.43185E-02 4.66336E-02 2.84410E-02 1.13731E+00
2.89089E-02 4.67947E-02 8.00451E-02 1.12755E-01 1.38580E-01 4.03257E-01 6.21909E-01 8.37803E-02 4.67947E-02 2.89089E-02 1.11911E+00
2.93368E-02 4.69282E-02 7.96925E-02 1.12003E-01 1.37541E-01 4.01241E-01 6.20041E-01 8.32437E-02 4.69282E-02 2.93368E-02 1.10146E+00
2.97281E-02 4.70368E-02 7.93343E-02 1.11256E-01 1.36517E-01 3.99242E-01 6.18158E-01 8.27093E-02 4.70368E-02 2.97281E-02 1.08436E+00
3.00860E-02 4.71230E-02 7.89717E-02 1.10516E-01 1.35507E-01 3.97260E-01 6.16263E-01 8.21779E-02 4.71230E-02 3.00860E-02 1.06778E+00
3.04133E-02 4.71887E-02 7.86057E-02 1.09783E-01 1.34512E-01 3.95298E-01 6.14359E-01 8.16499E-02 4.71887E-02 3.04133E-02 1.05170E+00
3.07124E-02 4.72360E-02 7.82370E-02 1.09058E-01 1.33532E-01 3.93355E-01 6.12448E-01 8.11257E-02 4.72360E-02 3.07124E-02 1.03611E+00
3.09856E-02 4.72664E-02 7.78665E-02 1.08341E-01 1.32566E-01 3.91432E-01 6.10535E-01 8.06059E-02 4.72664E-02 3.09856E-02 1.02097E+00
3.12349E-02 4.72815E-02 7.74948E-02 1.07631E-01 1.31615E-01 3.89529E-01 6.08619E-01 8.00906E-02 4.72815E-02 3.12349E-02 1.00629E+00
3.14623E-02 4.72827E-02 7.71225E-02 1.06930E-01 1.30678E-01 3.87647E-01 6.06704E-01 7.95801E-02 4.72827E-02 3.14623E-02 9.92027E-01
3.16693E-02 4.72712E-02 7.67501E-02 1.06238E-01 1.29755E-01 3.85786E-01 6.04791E-01 7.90747E-02 4.72712E-02 3.16693E-02 9.78179E-01
3.18576E-02 4.72482E-02 7.63781E-02 1.05553E-01 1.28847E-01 3.83945E-01 6.02882E-01 7.85744E-02 4.72482E-02 3.18576E-02 9.64725E-01
3.20286E-02 4.72146E-02 7.60068E-02 1.04877E-01 1.27953E-01 3.82125E-01 6.00977E-01 7.80795E-02 4.72146E-02 3.20286E-02 9.51651E-01
3.21835E-02 4.71715E-02 7.56365E-02 1.04210E-01 1.27072E-01 3.80327E-01 5.99078E-01 7.75901E-02 4.71715E-02 3.21835E-02 9.38942E-01
3.23234E-02 4.71196E-02 7.52677E-02 1.03551E-01 1.26205E-01 3.78549E-01 5.97186E-01 7.71061E-02 4.71196E-02 3.23234E-02 9.26584E-01
3.24496E-02 4.70598E-02 7.49005E-02 1.02901E-01 1.25352E-01 3.76792E-01 5.95302E-01 7.66277E-02 4.70598E-02 3.24496E-02 9.14564E-01
3.25629E-02 4.69926E-02 7.45352E-02 1.02259E-01 1.24511E-01 3.75055E-01 5.93427E-01 7.61549E-02 4.69926E-02 3.25629E-02 9.02868E-01
3.26643E-02 4.69189E-02 7.41719E-02 1.01626E-01 1.23684E-01 3.73339E-01 5.91561E-01 7.56878E-02 4.69189E-02 3.26643E-02 8.91484E-01
3.27546E-02 4.68390E-02 7.38109E-02 1.01001E-01 1.22869E-01 3.71643E-01 5.89704E-01 7.52263E-02 4.68390E-02 3.27546E-02 8.80401E-01
3.28345E-02 4.67537E-02 7.34523E-02 1.00384E-01 1.22066E-01 3.69967E-01 5.87858E-01 7.47704E-02 4.67537E-02 3.28345E-02 8.69607E-01
3.29048E-02 4.66633E-02 7.30962E-02 9.97755E-02 1.21276E-01 3.68311E-01 5.86023E-01 7.43201E-02 4.66633E-02 3.29048E-02 8.59092E-01
3.29661E-02 4.65683E-02 7.27427E-02 9.91751E-02 1.20497E-01 3.66675E-01 5.84199E-01 7.38753E-02 4.65683E-02 3.29661E-02 8.48845E-01
3.30191E-02 4.64691E-02 7.23920E-02 9.85826E-02 1.19731E-01 3.65058E-01 5.82387E-01 7.34361E-02 4.64691E-02 3.30191E-02 8.38857E-01
0.00000E+00 0.00000E+00 4.76574E-02 1.03288E-01 1.45181E-01 4.49570E-01 6.42993E-01 6.20501E-02 0.00000E+00 0.00000E+00 1.28324E+00
0.00000E+00 0.00000E+00 5.09793E-02 1.04051E-01 1.44167E-01 4.50107E-01 6.52469E-01 6.34997E-02 0.00000E+00 0.00000E+00 1.33824E+00
0.00000E+00 3.84343E-03 5.34815E-02 1.04368E-01 1.42963E-01 4.49287E-01 6.58331E-01 6.45223E-02 3.84343E-03 0.00000E+00 1.35532E+00
0.00000E+00 8.47250E-03 5.53742E-02 1.04331E-01 1.41580E-01 4.47582E-01 6.61859E-01 6.51894E-02 8.47250E-03 0.00000E+00 1.35335E+00
0.00000E+00 1.22224E-02 5.67983E-02 1.04022E-01 1.40060E-01 4.45278E-01 6.63760E-01 6.55704E-02 1.22224E-02 0.00000E+00 1.34226E+00
0.00000E+00 1.53037E-02 5.78703E-02 1.03523E-01 1.38462E-01 4.42580E-01 6.64481E-01 6.57415E-02 1.53037E-02 0.00000E+00 1.32532E+00
0.00000E+00 1.78649E-02 5.86723E-02 1.02891E-01 1.36825E-01 4.39625E-01 6.64329E-01 6.57558E-02 1.78649E-02 0.00000E+00 1.30466E+00
0.00000E+00 2.00135E-02 5.92635E-02 1.02165E-01 1.35176E-01 4.36505E-01 6.63521E-01 6.56517E-02 2.00135E-02 0.00000E+00 1.28173E+00
9.91692E-04 2.18346E-02 5.97004E-02 1.01393E-01 1.33555E-01 4.33315E-01 6.62229E-01 6.54727E-02 2.18346E-02 9.91692E-04 1.25511E+00
3.29810E-03 2.33902E-02 6.00139E-02 1.00590E-01 1.31966E-01 4.30088E-01 6.60565E-01 6.52359E-02 2.33902E-02 3.29810E-03 1.22475E+00
5.31339E-03 2.47184E-02 6.02081E-02 9.97368E-02 1.30377E-01 4.26804E-01 6.58583E-01 6.49302E-02 2.47184E-02 5.31339E-03 1.19495E+00
7.08273E-03 2.58560E-02 6.03051E-02 9.88497E-02 1.28797E-01 4.23491E-01 6.56349E-01 6.45709E-02 2.58560E-02 7.08273E-03 1.16586E+00
8.64268E-03 2.68324E-02 6.03224E-02 9.79396E-02 1.27233E-01 4.20169E-01 6.53917E-01 6.41699E-02 2.68324E-02 8.64268E-03 1.13762E+00
1.00231E-02 2.76718E-02 6.02743E-02 9.70155E-02 1.25691E-01 4.16855E-01 6.51329E-01 6.37370E-02 2.76718E-02 1.00231E-02 1.11028E+00
1.12487E-02 2.83940E-02 6.01720E-02 9.60840E-02 1.24175E-01 4.13560E-01 6.48617E-01 6.32796E-02 2.83940E-02 1.12487E-02 1.08388E+00
1.23401E-02 2.90154E-02 6.00250E-02 9.51506E-02 1.22686E-01 4.10294E-01 6.45811E-01 6.28038E-02 2.90154E-02 1.23401E-02 1.05843E+00
1.33143E-02 2.95498E-02 5.98410E-02 9.42194E-02 1.21226E-01 4.07063E-01 6.42932E-01 6.23145E-02 2.95498E-02 1.33143E-02 1.03392E+00
1.41860E-02 3.00086E-02 5.96264E-02 9.32935E-02 1.19797E-01 4.03874E-01 6.39998E-01 6.18158E-02 3.00086E-02 1.41860E-02 1.01035E+00
1.49674E-02 3.04016E-02 5.93864E-02 9.23754E-02 1.18399E-01 4.00728E-01 6.37025E-01 6.13107E-02 3.04016E-02 1.49674E-02 9.87677E-01
1.56692E-02 3.07370E-02 5.91256E-02 9.14671E-02 1.17033E-01 3.97630E-01 6.34025E-01 6.08019E-02 3.07370E-02 1.56692E-02 9.65885E-01
1.63004E-02 3.10220E-02 5.88475E-02 9.05701E-02 1.15697E-01 3.94580E-01 6.31007E-01 6.02916E-02 3.10220E-02 1.63004E-02 9.44939E-01
1.68687E-02 3.12625E-02 5.85553E-02 8.96854E-02 1.14392E-01 3.91580E-01 6.27982E-01 5.97815E-02 3.12625E-02 1.68687E-02 9.24806E-01
1.73811E-02 3.14639E-02 5.82518E-02 8.88139E-02 1.13117E-01 3.88631E-01 6.24956E-01 5.92730E-02 3.14639E-02 1.73811E-02 9.05451E-01
1.78433E-02 3.16307E-02 5.79390E-02 8.79562E-02 1.11872E-01 3.85733E-01 6.21934E-01 5.87671E-02 3.16307E-02 1.78433E-02 8.86841E-01
1.82606E-02 3.17668E-02 5.76190E-02 8.71127E-02 1.10657E-01 3.82885E-01 6.18921E-01 5.82650E-02 3.17668E-02 1.82606E-02 8.68942E-01
1.86374E-02 3.18756E-02 5.72933E-02 8.62836E-02 1.09469E-01 3.80089E-01 6.15923E-01 5.77673E-02 3.18756E-02 1.86374E-02 8.51721E-01
1.89778E-02 3.19602E-02 5.69633E-02 8.54691E-02 1.08310E-01 3.77342E-01 6.12941E-01 5.72746E-02 3.19602E-02 1.89778E-02 8.35146E-01
1.92853E-02 3.20232E-02 5.66303E-02 8.46692E-02 1.07178E-01 3.74644E-01 6.09979E-01 5.67874E-02 3.20232E-02 1.92853E-02 8.19187E-01
1.95630E-02 3.20669E-02 5.62951E-02 8.38839E-02 1.06071E-01 3.71995E-01 6.07039E-01 5.63061E-02 3.20669E-02 1.95630E-02 8.03815E-01
1.98136E-02 3.20935E-02 5.59588E-02 8.31131E-02 1.04991E-01 3.69394E-01 6.04123E-01 5.58310E-02 3.20935E-02 1.98136E-02 7.89000E-01
2.00396E-02 3.21046E-02 5.56220E-02 8.23566E-02 1.03935E-01 3.66840E-01 6.01232E-01 5.53623E-02 3.21046E-02 2.00396E-02 7.74717E-01
2.02433E-02 3.21019E-02 5.52853E-02 8.16144E-02 1.02903E-01 3.64332E-01 5.98368E-01 5.49001E-02 3.21019E-02 2.02433E-02 7.60941E-01
2.04266E-02 3.20869E-02 5.49493E-02 8.08861E-02 1.01894E-01 3.61868E-01 5.95531E-01 5.44447E-02 3.20869E-02 2.04266E-02 7.47646E-01
2.05913E-02 3.20609E-02 5.46145E-02 8.01715E-02 1.00908E-01 3.59449E-01 5.92723E-01 5.39959E-02 3.20609E-02 2.05913E-02 7.34811E-01
2.07389E-02 3.20249E-02 5.42812E-02 7.94705E-02 9.99442E-02 3.57072E-01 5.89944E-01 5.35540E-02 3.20249E-02 2.07389E-02 7.22414E-01
2.08710E-02 3.19800E-02 5.39498E-02 7.87826E-02 9.90012E-02 3.54737E-01 5.87195E-01 5.31189E-02 3.19800E-02 2.08710E-02 7.10433E-01
2.09887E-02 3.19271E-02 5.36206E-02 7.81077E-02 9.80786E-02 3.52443E-01 5.84475E-01 5.26905E-02 3.19271E-02 2.09887E-02 6.98851E-01
2.10934E-02 3.18671E-02 5.32937E-02 7.74455E-02 9.71760E-02 3.50189E-01 5.81785E-01 5.22689E-02 3.18671E-02 2.10934E-02 6.87648E-01
2.11860E-02 3.18006E-02 5.29696E-02 7.67957E-02 9.62926E-02 3.47974E-01 5.79125E-01 5.18540E-02 3.18006E-02 2.11860E-02 6.76808E-01
2.12675E-02 3.17283E-02 5.26482E-02 7.61579E-02 9.54278E-02 3.45797E-01 5.76495E-01 5.14458E-02 3.17283E-02 2.12675E-02 6.66313E-01
2.13388E-02 3.16509E-02 5.23297E-02 7.55320E-02 9.45811E-02 3.43657E-01 5.73894E-01 5.10440E-02 3.16509E-02 2.13388E-02 6.56149E-01
2.14007E-02 3.15688E-02 5.20143E-02 7.49176E-02 9.37519E-02 3.41553E-01 5.71324E-01 5.06488E-02 3.15688E-02 2.14007E-02 6.46300E-01
2.14539E-02 3.14826E-02 5.17020E-02 7.43145E-02 9.29397E-02 3.39484E-01 5.68783E-01 5.02599E-02 3.14826E-02 2.14539E-02 6.36754E-01
2.14991E-02 3.13927E-02 5.13929E-02 7.37224E-02 9.21440E-02 3.37449E-01 5.66272E-01 4.98773E-02 3.13927E-02 2.14991E-02 6.27496E-01
2.15369E-02 3.12995E-02 5.10872E-02 7.31410E-02 9.13642E-02 3.35448E-01 5.63789E-01 4.95009E-02 3.12995E-02 2.15369E-02 6.18514E-01
2.15678E-02 3.12034E-02 5.07847E-02 7.25701E-02 9.05998E-02 3.33479E-01 5.61336E-01 4.91306E-02 3.12034E-02 2.15678E-02 6.09797E-01
2.15925E-02 3.11046E-02 5.04856E-02 7.20093E-02 8.98505E-02 3.31542E-01 5.58911E-01 4.87662E-02 3.11046E-02 2.15925E-02 6.01333E-01
2.16112E-02 3.10036E-02 5.01899E-02 7.14585E-02 8.91157E-02 3.29636E-01 5.56514E-01 4.84077E-02 3.10036E-02 2.16112E-02 5.93113E-01
2.16246E-02 3.09005E-02 4.98975E-02 7.09173E-02 8.83950E-02 3.27760E-01 5.54145E-01 4.80549E-02 3.09005E-02 2.16246E-02 5.85125E-01
2.16329E-02 3.07957E-02 4.96086E-02 7.03856E-02 8.76881E-02 3.25914E-01 5.51804E-01 4.77078E-02 3.07957E-02 2.16329E-02 5.77361E-01
0.00000E+00 0.00000E+00 3.38795E-02 8.68684E-02 1.26866E-01 4.66207E-01 7.01617E-01 4.15379E-02 0.00000E+00 0.00000E+00 1.06923E+00
0.00000E+00 0.00000E+00 3.63512E-02 8.58791E-02 1.23481E-01 4.60079E-01 7.02581E-01 4.23628E-02 0.00000E+00 0.00000E+00 1.09934E+00
0.00000E+00 2.79513E-03 3.81471E-02 8.48277E-02 1.20454E-01 4.53836E-01 7.01267E-01 4.28932E-02 2.79513E-03 0.00000E+00 1.09910E+00
0.00000E+00 6.10502E-03 3.94534E-02 8.36946E-02 1.17624E-01 4.47554E-01 6.98547E-01 4.31768E-02 6.10502E-03 0.00000E+00 1.08442E+00
0.00000E+00 8.73421E-03 4.03917E-02 8.24945E-02 1.14935E-01 4.41306E-01 6.94911E-01 4.32638E-02 8.73421E-03 0.00000E+00 1.06349E+00
0.00000E+00 1.08539E-02 4.10592E-02 8.12656E-02 1.12383E-01 4.35171E-01 6.90680E-01 4.32110E-02 1.08539E-02 0.00000E+00 1.03906E+00
0.00000E+00 1.25829E-02 4.15233E-02 8.00314E-02 1.09963E-01 4.29191E-01 6.86065E-01 4.30576E-02 1.25829E-02 0.00000E+00 1.01285E+00
0.00000E+00 1.40063E-02 4.18320E-02 7.88069E-02 1.07665E-01 4.23388E-01 6.81208E-01 4.28310E-02 1.40063E-02 0.00000E+00 9.85955E-01
6.79149E-04 1.51905E-02 4.20293E-02 7.76178E-02 1.05505E-01 4.17809E-01 6.76238E-01 4.25624E-02 1.51905E-02 6.79149E-04 9.57341E-01
2.24670E-03 1.61829E-02 4.21392E-02 7.64647E-02 1.03466E-01 4.12442E-01 6.71214E-01 4.22631E-02 1.61829E-02 2.24670E-03 9.26920E-01
3.60150E-03 1.70131E-02 4.21661E-02 7.53228E-02 1.01503E-01 4.07217E-01 6.66120E-01 4.19242E-02 1.70131E-02 3.60150E-03 8.97705E-01
4.77820E-03 1.77089E-02 4.21268E-02 7.41979E-02 9.96147E-02 4.02135E-01 6.60997E-01 4.15562E-02 1.77089E-02 4.77820E-03 8.69752E-01
5.80461E-03 1.82925E-02 4.20345E-02 7.30939E-02 9.77984E-02 3.97197E-01 6.55875E-01 4.11673E-02 1.82925E-02 5.80461E-03 8.43076E-01
6.70331E-03 1.87817E-02 4.18997E-02 7.20133E-02 9.60512E-02 3.92402E-01 6.50774E-01 4.07637E-02 1.87817E-02 6.70331E-03 8.17660E-01
7.49275E-03 1.91913E-02 4.17306E-02 7.09577E-02 9.43702E-02 3.87747E-01 6.45711E-01 4.03502E-02 1.91913E-02 7.49275E-03 7.93467E-01
8.18822E-03 1.95332E-02 4.15341E-02 6.99281E-02 9.27522E-02 3.83227E-01 6.40699E-01 3.99307E-02 1.95332E-02 8.18822E-03 7.70452E-01
8.80239E-03 1.98172E-02 4.13156E-02 6.89249E-02 9.11941E-02 3.78839E-01 6.35747E-01 3.95083E-02 1.98172E-02 8.80239E-03 7.48562E-01
9.34591E-03 2.00516E-02 4.10796E-02 6.79482E-02 8.96931E-02 3.74579E-01 6.30861E-01 3.90851E-02 2.00516E-02 9.34591E-03 7.27741E-01
9.82776E-03 2.02434E-02 4.08298E-02 6.69978E-02 8.82462E-02 3.70441E-01 6.26047E-01 3.86631E-02 2.02434E-02 9.82776E-03 7.07932E-01
1.02556E-02 2.03982E-02 4.05690E-02 6.60732E-02 8.68508E-02 3.66420E-01 6.21307E-01 3.82438E-02 2.03982E-02 1.02556E-02 6.89078E-01
1.06358E-02 2.05211E-02 4.03000E-02 6.51740E-02 8.55042E-02 3.62513E-01 6.16644E-01 3.78282E-02 2.05211E-02 1.06358E-02 6.71125E-01
1.09740E-02 2.06163E-02 4.00246E-02 6.42996E-02 8.42039E-02 3.58715E-01 6.12060E-01 3.74172E-02 2.06163E-02 1.09740E-02 6.54020E-01
1.12751E-02 2.06872E-02 3.97446E-02 6.34492E-02 8.29477E-02 3.55020E-01 6.07553E-01 3.70115E-02 2.06872E-02 1.12751E-02 6.37714E-01
1.15431E-02 2.07371E-02 3.94615E-02 6.26222E-02 8.17334E-02 3.51426E-01 6.03126E-01 3.66117E-02 2.07371E-02 1.15431E-02 6.22158E-01
1.17818E-02 2.07685E-02 3.91764E-02 6.18178E-02 8.05588E-02 3.47928E-01 5.98777E-01 3.62180E-02 2.07685E-02 1.17818E-02 6.07309E-01
1.19941E-02 2.07838E-02 3.88903E-02 6.10353E-02 7.94221E-02 3.44522E-01 5.94505E-01 3.58307E-02 2.07838E-02 1.19941E-02 5.93124E-01
1.21829E-02 2.07849E-02 3.86040E-02 6.02740E-02 7.83214E-02 3.41205E-01 5.90310E-01 3.54502E-02 2.07849E-02 1.21829E-02 5.79564E-01
1.23506E-02 2.07736E-02 3.83182E-02 5.95330E-02 7.72550E-02 3.37972E-01 5.86190E-01 3.50764E-02 2.07736E-02 1.23506E-02 5.66592E-01
1.24994E-02 2.07514E-02 3.80335E-02 5.88118E-02 7.62213E-02 3.34820E-01 5.82145E-01 3.47094E-02 2.07514E-02 1.24994E-02 5.54174E-01
1.26310E-02 2.07195E-02 3.77504E-02 5.81095E-02 7.52187E-02 3.31747E-01 5.78172E-01 3.43493E-02 2.07195E-02 1.26310E-02 5.42279E-01
1.27473E-02 2.06793E-02 3.74692E-02 5.74256E-02 7.42459E-02 3.28749E-01 5.74270E-01 3.39961E-02 2.06793E-02 1.27473E-02 5.30875E-01
1.28496E-02 2.06316E-02 3.71903E-02 5.67592E-02 7.33015E-02 3.25823E-01 5.70439E-01 3.36497E-02 2.06316E-02 1.28496E-02 5.19935E-01
1.29393E-02 2.05774E-02 3.69140E-02 5.61099E-02 7.23842E-02 3.22966E-01 5.66675E-01 3.33100E-02 2.05774E-02 1.29393E-02 5.09434E-01
1.30175E-02 2.05175E-02 3.66404E-02 5.54770E-02 7.14928E-02 3.20177E-01 5.62978E-01 3.29769E-02 2.05175E-02 1.30175E-02 4.99347E-01
1.30854E-02 2.04525E-02 3.63698E-02 5.48599E-02 7.06262E-02 3.17451E-01 5.59346E-01 3.26504E-02 2.04525E-02 1.30854E-02 4.89651E-01
1.31438E-02 2.03832E-02 3.61022E-02 5.42580E-02 6.97834E-02 3.14787E-01 5.55777E-01 3.23303E-02 2.03832E-02 1.31438E-02 4.80325E-01
1.31936E-02 2.03100E-02 3.58379E-02 5.36708E-02 6.89633E-02 3.12183E-01 5.52271E-01 3.20166E-02 2.03100E-02 1.31936E-02 4.71349E-01
1.32356E-02 2.02335E-02 3.55768E-02 5.30977E-02 6.81650E-02 3.09636E-01 5.48824E-01 3.17090E-02 2.02335E-02 1.32356E-02 4.62705E-01
1.32704E-02 2.01540E-02 3.53191E-02 5.25383E-02 6.73876E-02 3.07145E-01 5.45437E-01 3.14075E-02 2.01540E-02 1.32704E-02 4.54376E-01
1.32987E-02 2.00720E-02 3.50648E-02 5.19921E-02 6.66303E-02 3.04707E-01 5.42106E-01 3.11119E-02 2.00720E-02 1.32987E-02 4.46345E-01
1.33211E-02 1.99879E-02 3.48138E-02 5.14586E-02 6.58922E-02 3.02321E-01 5.38832E-01 3.08222E-02 1.99879E-02 1.33211E-02 4.38598E-01
1.33380E-02 1.99018E-02 3.45663E-02 5.09374E-02 6.51726E-02 2.99984E-01 5.35612E-01 3.05380E-02 1.99018E-02 1.33380E-02 4.31120E-01
1.33499E-02 1.98142E-02 3.43223E-02 5.04280E-02 6.44707E-02 2.97695E-01 5.32445E-01 3.02595E-02 1.98142E-02 1.33499E-02 4.23898E-01
1.33572E-02 1.97252E-02 3.40816E-02 4.99301E-02 6.37860E-02 2.95453E-01 5.29330E-01 2.99863E-02 1.97252E-02 1.33572E-02 4.16919E-01
1.33604E-02 1.96351E-02 3.38444E-02 4.94432E-02 6.31177E-02 2.93256E-01 5.26265E-01 2.97183E-02 1.96351E-02 1.33604E-02 4.10172E-01
1.33598E-02 1.95441E-02 3.36106E-02 4.89670E-02 6.24653E-02 2.91102E-01 5.23249E-01 2.94555E-02 1.95441E-02 1.33598E-02 4.03645E-01
1.33556E-02 1.94524E-02 3.33801E-02 4.85011E-02 6.18281E-02 2.88990E-01 5.20282E-01 2.91977E-02 1.94524E-02 1.33556E-02 3.97329E-01
1.33482E-02 1.93600E-02 3.31529E-02 4.80453E-02 6.12056E-02 2.86918E-01 5.17361E-01 2.89448E-02 1.93600E-02 1.33482E-02 3.91213E-01
1.33379E-02 1.92672E-02 3.29291E-02 4.75991E-02 6.05972E-02 2.84886E-01 5.14485E-01 2.86966E-02 1.92672E-02 1.33379E-02 3.85289E-01
1.33248E-02 1.91741E-02 3.27084E-02 4.71622E-02 6.00025E-02 2.82893E-01 5.11654E-01 2.84530E-02 1.91741E-02 1.33248E-02 3.79548E-01
0.00000E+00 0.00000E+00 2.29888E-02 6.78933E-02 1.02330E-01 4.70819E-01 7.54030E-01 2.33199E-02 0.00000E+00 0.00000E+00 8.97686E-01
0.00000E+00 0.00000E+00 2.49060E-02 6.58909E-02 9.76043E-02 4.57754E-01 7.44520E-01 2.40968E-02 0.00000E+00 0.00000E+00 9.01795E-01
0.00000E+00 1.91699E-03 2.62299E-02 6.40856E-02 9.36201E-02 4.46002E-01 7.34575E-01 2.45786E-02 1.91699E-03 0.00000E+00 8.83593E-01
0.00000E+00 4.13709E-03 2.71458E-02 6.23862E-02 9.00963E-02 4.35168E-01 7.24481E-01 2.48384E-02 4.13709E-03 0.00000E+00 8.56208E-01
0.00000E+00 5.85623E-03 2.77664E-02 6.07628E-02 8.69050E-02 4.25073E-01 7.14416E-01 2.49316E-02 5.85623E-03 0.00000E+00 8.25999E-01
0.00000E+00 7.20842E-03 2.81762E-02 5.92197E-02 8.39953E-02 4.15645E-01 7.04520E-01 2.49102E-02 7.20842E-03 0.00000E+00 7.95039E-01
0.00000E+00 8.28478E-03 2.84321E-02 5.77563E-02 8.13267E-02 4.06818E-01 6.94868E-01 2.48086E-02 8.28478E-03 0.00000E+00 7.64470E-01
0.00000E+00 9.14939E-03 2.85736E-02 5.63694E-02 7.88666E-02 3.98532E-01 6.85499E-01 2.46506E-02 9.14939E-03 0.00000E+00 7.34907E-01
4.33702E-04 9.85099E-03 2.86349E-02 5.50679E-02 7.66069E-02 3.90780E-01 6.76481E-01 2.44598E-02 9.85099E-03 4.33702E-04 7.05507E-01
1.42567E-03 1.04240E-02 2.86349E-02 5.38426E-02 7.45185E-02 3.83497E-01 6.67799E-01 2.42458E-02 1.04240E-02 1.42567E-03 6.76052E-01
2.27186E-03 1.08900E-02 2.85789E-02 5.26661E-02 7.25517E-02 3.76560E-01 6.59354E-01 2.40049E-02 1.08900E-02 2.27186E-03 6.48447E-01
2.99741E-03 1.12685E-02 2.84793E-02 5.15376E-02 7.06962E-02 3.69943E-01 6.51149E-01 2.37449E-02 1.12685E-02 2.99741E-03 6.22606E-01
3.62227E-03 1.15753E-02 2.83458E-02 5.04554E-02 6.89428E-02 3.63624E-01 6.43183E-01 2.34719E-02 1.15753E-02 3.62227E-03 5.98426E-01
4.16246E-03 1.18227E-02 2.81861E-02 4.94178E-02 6.72830E-02 3.57583E-01 6.35451E-01 2.31903E-02 1.18227E-02 4.16246E-03 5.75795E-01
4.63096E-03 1.20206E-02 2.80061E-02 4.84227E-02 6.57095E-02 3.51799E-01 6.27948E-01 2.29037E-02 1.20206E-02 4.63096E-03 5.54604E-01
5.03839E-03 1.21772E-02 2.78105E-02 4.74681E-02 6.42153E-02 3.46257E-01 6.20667E-01 2.26147E-02 1.21772E-02 5.03839E-03 5.34746E-01
5.39351E-03 1.22990E-02 2.76030E-02 4.65519E-02 6.27946E-02 3.40939E-01 6.13601E-01 2.23253E-02 1.22990E-02 5.39351E-03 5.16121E-01
5.70358E-03 1.23914E-02 2.73867E-02 4.56722E-02 6.14417E-02 3.35831E-01 6.06740E-01 2.20371E-02 1.23914E-02 5.70358E-03 4.98633E-01
5.97470E-03 1.24589E-02 2.71640E-02 4.48269E-02 6.01519E-02 3.30921E-01 6.00078E-01 2.17513E-02 1.24589E-02 5.97470E-03 4.82196E-01
6.21198E-03 1.25054E-02 2.69367E-02 4.40144E-02 5.89206E-02 3.26195E-01 5.93607E-01 2.14687E-02 1.25054E-02 6.21198E-03 4.66728E-01
6.41975E-03 1.25338E-02 2.67066E-02 4.32327E-02 5.77438E-02 3.21642E-01 5.87319E-01 2.11901E-02 1.25338E-02 6.41975E-03 4.52154E-01
6.60170E-03 1.25469E-02 2.64748E-02 4.24803E-02 5.66178E-02 3.17253E-01 5.81205E-01 2.09158E-02 1.25469E-02 6.60170E-03 4.38408E-01
6.76096E-03 1.25468E-02 2.62424E-02 4.17556E-02 5.55393E-02 3.13017E-01 5.75260E-01 2.06464E-02 1.25468E-02 6.76096E-03 4.25426E-01
6.90026E-03 1.25355E-02 2.60102E-02 4.10571E-02 5.45052E-02 3.08926E-01 5.69475E-01 2.03820E-02 1.25355E-02 6.90026E-03 4.13152E-01
7.02191E-03 1.25145E-02 2.57789E-02 4.03835E-02 5.35127E-02 3.04971E-01 5.63845E-01 2.01228E-02 1.25145E-02 7.02191E-03 4.01534E-01
7.12794E-03 1.24853E-02 2.55491E-02 3.97334E-02 5.25592E-02 3.01146E-01 5.58363E-01 1.98690E-02 1.24853E-02 7.12794E-03 3.90524E-01
7.22011E-03 1.24490E-02 2.53211E-02 3.91058E-02 5.16424E-02 2.97444E-01 5.53023E-01 1.96205E-02 1.24490E-02 7.22011E-03 3.80079E-01
7.29994E-03 1.24067E-02 2.50954E-02 3.84993E-02 5.07601E-02 2.93858E-01 5.47818E-01 1.93774E-02 1.24067E-02 7.29994E-03 3.70160E-01
7.36877E-03 1.23591E-02 2.48722E-02 3.79130E-02 4.99104E-02 2.90381E-01 5.42744E-01 1.91396E-02 1.23591E-02 7.36877E-03 3.60730E-01
7.42778E-03 1.23071E-02 2.46518E-02 3.73459E-02 4.90913E-02 2.87010E-01 5.37796E-01 1.89071E-02 1.23071E-02 7.42778E-03 3.51756E-01
7.47800E-03 1.22514E-02 2.44342E-02 3.67970E-02 4.83012E-02 2.83737E-01 5.32968E-01 1.86799E-02 1.22514E-02 7.47800E-03 3.43207E-01
7.52034E-03 1.21924E-02 2.42197E-02 3.62655E-02 4.75386E-02 2.80560E-01 5.28255E-01 1.84578E-02 1.21924E-02 7.52034E-03 3.35055E-01
7.55561E-03 1.21307E-02 2.40084E-02 3.57505E-02 4.68019E-02 2.77472E-01 5.23654E-01 1.82407E-02 1.21307E-02 7.55561E-03 3.27275E-01
7.58453E-03 1.20668E-02 2.38002E-02 3.52513E-02 4.60897E-02 2.74470E-01 5.19159E-01 1.80286E-02 1.20668E-02 7.58453E-03 3.19843E-01
7.60773E-03 1.20009E-02 2.35953E-02 3.47671E-02 4.54009E-02 2.71551E-01 5.14767E-01 1.78212E-02 1.20009E-02 7.60773E-03 3.12738E-01
7.62578E-03 1.19335E-02 2.33936E-02 3.42972E-02 4.47343E-02 2.68710E-01 5.10474E-01 1.76186E-02 1.19335E-02 7.62578E-03 3.05938E-01
7.63918E-03 1.18648E-02 2.31952E-02 3.38411E-02 4.40887E-02 2.65944E-01 5.06277E-01 1.74206E-02 1.18648E-02 7.63918E-03 2.99426E-01
7.64840E-03 1.17950E-02 2.30001E-02 3.33980E-02 4.34632E-02 2.63249E-01 5.02171E-01 1.72270E-02 1.17950E-02 7.64840E-03 2.93184E-01
7.65382E-03 1.17245E-02 2.28082E-02 3.29675E-02 4.28567E-02 2.60623E-01 4.98155E-01 1.70378E-02 1.17245E-02 7.65382E-03 2.87196E-01
7.65583E-03 1.16533E-02 2.26196E-02 3.25490E-02 4.22685E-02 2.58063E-01 4.94223E-01 1.68528E-02 1.16533E-02 7.65583E-03 2.81448E-01
7.65474E-03 1.15817E-02 2.24341E-02 3.21420E-02 4.16976E-02 2.55566E-01 4.90374E-01 1.66719E-02 1.15817E-02 7.65474E-03 2.75927E-01
7.65084E-03 1.15098E-02 2.22518E-02 3.17460E-02 4.11432E-02 2.53130E-01 4.86604E-01 1.64950E-02 1.15098E-02 7.65084E-03 2.70619E-01
7.64442E-03 1.14377E-02 2.20727E-02 3.13605E-02 4.06046E-02 2.50751E-01 4.82912E-01 1.63219E-02 1.14377E-02 7.64442E-03 2.65512E-01
7.63570E-03 1.13656E-02 2.18965E-02 3.09851E-02 4.00812E-02 2.48429E-01 4.79293E-01 1.61526E-02 1.13656E-02 7.63570E-03 2.60597E-01
7.62490E-03 1.12936E-02 2.17234E-02 3.06195E-02 3.95723E-02 2.46160E-01 4.75747E-01 1.59870E-02 1.12936E-02 7.62490E-03 2.55862E-01
7.61222E-03 1.12216E-02 2.15533E-02 3.02632E-02 3.90772E-02 2.43943E-01 4.72270E-01 1.58250E-02 1.12216E-02 7.61222E-03 2.51298E-01
7.59785E-03 1.11499E-02 2.13860E-02 2.99159E-02 3.85954E-02 2.41776E-01 4.68860E-01 1.56663E-02 1.11499E-02 7.59785E-03 2.46896E-01
7.58193E-03 1.10785E-02 2.12216E-02 2.95772E-02 3.81263E-02 2.39656E-01 4.65515E-01 1.55110E-02 1.10785E-02 7.58193E-03 2.42649E-01
7.56462E-03 1.10075E-02 2.10600E-02 2.92467E-02 3.76694E-02 2.37583E-01 4.62233E-01 1.53590E-02 1.10075E-02 7.56462E-03 2.38547E-01
7.54605E-03 1.09368E-02 2.09012E-02 2.89243E-02 3.72243E-02 2.35554E-01 4.59012E-01 1.52101E-02 1.09368E-02 7.54605E-03 2.34584E-01
0.00000E+00 0.00000E+00 1.62085E-02 4.80095E-02 7.33442E-02 4.57662E-01 7.90480E-01 1.02188E-02 0.00000E+00 0.00000E+00 7.59795E-01
0.00000E+00 0.00000E+00 1.75126E-02 4.56585E-02 6.84521E-02 4.37855E-01 7.68532E-01 1.10298E-02 0.00000E+00 0.00000E+00 7.31358E-01
0.00000E+00 1.17896E-03 1.83534E-02 4.36615E-02 6.44789E-02 4.20941E-01 7.48637E-01 1.15436E-02 1.17896E-03 0.00000E+00 6.92920E-01
0.00000E+00 2.51010E-03 1.88905E-02 4.18826E-02 6.10841E-02 4.05983E-01 7.30250E-01 1.18537E-02 2.51010E-03 0.00000E+00 6.52850E-01
0.00000E+00 3.51104E-03 1.92161E-02 4.02623E-02 5.81034E-02 3.92510E-01 7.13111E-01 1.20192E-02 3.51104E-03 0.00000E+00 6.14706E-01
0.00000E+00 4.27593E-03 1.93963E-02 3.87807E-02 5.54576E-02 3.80278E-01 6.97104E-01 1.20869E-02 4.27593E-03 0.00000E+00 5.79215E-01
0.00000E+00 4.86734E-03 1.94742E-02 3.74205E-02 5.30876E-02 3.69096E-01 6.82118E-01 1.20871E-02 4.86734E-03 0.00000E+00 5.46561E-01
0.00000E+00 5.32838E-03 1.94787E-02 3.61667E-02 5.09482E-02 3.58815E-01 6.68051E-01 1.20401E-02 5.32838E-03 0.00000E+00 5.16674E-01
2.48362E-04 5.69094E-03 1.94337E-02 3.50163E-02 4.90179E-02 3.49369E-01 6.54887E-01 1.19635E-02 5.69094E-03 2.48362E-04 4.88651E-01
8.10782E-04 5.97721E-03 1.93523E-02 3.39546E-02 4.72626E-02 3.40635E-01 6.42517E-01 1.18659E-02 5.97721E-03 8.10782E-04 4.62042E-01
1.28371E-03 6.20116E-03 1.92387E-02 3.29563E-02 4.56367E-02 3.32439E-01 6.30743E-01 1.17478E-02 6.20116E-03 1.28371E-03 4.37790E-01
1.68352E-03 6.37524E-03 1.91014E-02 3.20164E-02 4.41259E-02 3.24728E-01 6.19520E-01 1.16154E-02 6.37524E-03 1.68352E-03 4.15644E-01
2.02304E-03 6.50910E-03 1.89466E-02 3.11302E-02 4.27180E-02 3.17456E-01 6.08809E-01 1.14729E-02 6.50910E-03 2.02304E-03 3.95379E-01
2.31244E-03 6.61029E-03 1.87790E-02 3.02934E-02 4.14025E-02 3.10583E-01 5.98572E-01 1.13238E-02 6.61029E-03 2.31244E-03 3.76793E-01
2.55989E-03 6.68479E-03 1.86023E-02 2.95021E-02 4.01702E-02 3.04073E-01 5.88777E-01 1.11706E-02 6.68479E-03 2.55989E-03 3.59709E-01
2.77198E-03 6.73738E-03 1.84194E-02 2.87527E-02 3.90133E-02 2.97895E-01 5.79393E-01 1.10150E-02 6.73738E-03 2.77198E-03 3.43969E-01
2.95411E-03 6.77192E-03 1.82325E-02 2.80421E-02 3.79247E-02 2.92022E-01 5.70392E-01 1.08587E-02 6.77192E-03 2.95411E-03 3.29434E-01
3.11069E-03 6.79152E-03 1.80432E-02 2.73673E-02 3.68985E-02 2.86430E-01 5.61749E-01 1.07025E-02 6.79152E-03 3.11069E-03 3.15984E-01
3.24542E-03 6.79873E-03 1.78530E-02 2.67258E-02 3.59292E-02 2.81096E-01 5.53442E-01 1.05475E-02 6.79873E-03 3.24542E-03 3.03510E-01
3.36133E-03 6.79564E-03 1.76628E-02 2.61150E-02 3.50120E-02 2.76003E-01 5.45448E-01 1.03942E-02 6.79564E-03 3.36133E-03 2.91918E-01
3.46100E-03 6.78398E-03 1.74734E-02 2.55328E-02 3.41428E-02 2.71131E-01 5.37748E-01 1.02431E-02 6.78398E-03 3.46100E-03 2.81123E-01
3.54659E-03 6.76519E-03 1.72855E-02 2.49773E-02 3.33178E-02 2.66466E-01 5.30325E-01 1.00944E-02 6.76519E-03 3.54659E-03 2.71051E-01
3.61994E-03 6.74045E-03 1.70995E-02 2.44466E-02 3.25335E-02 2.61994E-01 5.23164E-01 9.94851E-03 6.74045E-03 3.61994E-03 2.61637E-01
3.68260E-03 6.71078E-03 1.69159E-02 2.39391E-02 3.17870E-02 2.57701E-01 5.16247E-01 9.80552E-03 6.71078E-03 3.68260E-03 2.52822E-01
3.73592E-03 6.67700E-03 1.67349E-02 2.34533E-02 3.10755E-02 2.53576E-01 5.09563E-01 9.66556E-03 6.67700E-03 3.73592E-03 2.44553E-01
3.78103E-03 6.63983E-03 1.65567E-02 2.29878E-02 3.03965E-02 2.49609E-01 5.03097E-01 9.52869E-03 6.63983E-03 3.78103E-03 2.36784E-01
3.81893E-03 6.59986E-03 1.63815E-02 2.25413E-02 2.97478E-02 2.45789E-01 4.96839E-01 9.39495E-03 6.59986E-03 3.81893E-03 2.29474E-01
3.85048E-03 6.55760E-03 1.62093E-02 2.21127E-02 2.91273E-02 2.42108E-01 4.90778E-01 9.26433E-03 6.55760E-03 3.85048E-03 2.22585E-01
3.87642E-03 6.51348E-03 1.60403E-02 2.17008E-02 2.85332E-02 2.38558E-01 4.84903E-01 9.13683E-03 6.51348E-03 3.87642E-03 2.16083E-01
3.89739E-03 6.46787E-03 1.58745E-02 2.13048E-02 2.79639E-02 2.35131E-01 4.79205E-01 9.01240E-03 6.46787E-03 3.89739E-03 2.09938E-01
3.91397E-03 6.42108E-03 1.57118E-02 2.09237E-02 2.74176E-02 2.31821E-01 4.73675E-01 8.89100E-03 6.42108E-03 3.91397E-03 2.04122E-01
3.92665E-03 6.37337E-03 1.55524E-02 2.05566E-02 2.68931E-02 2.28620E-01 4.68305E-01 8.77257E-03 6.37337E-03 3.92665E-03 1.98612E-01
3.93585E-03 6.32497E-03 1.53961E-02 2.02028E-02 2.63891E-02 2.25524E-01 4.63087E-01 8.65706E-03 6.32497E-03 3.93585E-03 1.93384E-01
3.94198E-03 6.27608E-03 1.52429E-02 1.98616E-02 2.59042E-02 2.22526E-01 4.58015E-01 8.54438E-03 6.27608E-03 3.94198E-03 1.88418E-01
3.94536E-03 6.22686E-03 1.50928E-02 1.95322E-02 2.54375E-02 2.19622E-01 4.53082E-01 8.43448E-03 6.22686E-03 3.94536E-03 1.83696E-01
3.94629E-03 6.17746E-03 1.49458E-02 1.92141E-02 2.49878E-02 2.16807E-01 4.48281E-01 8.32728E-03 6.17746E-03 3.94629E-03 1.79201E-01
3.94504E-03 6.12799E-03 1.48017E-02 1.89067E-02 2.45544E-02 2.14076E-01 4.43607E-01 8.22270E-03 6.12799E-03 3.94504E-03 1.74917E-01
3.94185E-03 6.07857E-03 1.46606E-02 1.86094E-02 2.41361E-02 2.11426E-01 4.39054E-01 8.12068E-03 6.07857E-03 3.94185E-03 1.70830E-01
3.93693E-03 6.02928E-03 1.45223E-02 1.83218E-02 2.37324E-02 2.08852E-01 4.34617E-01 8.02112E-03 6.02928E-03 3.93693E-03 1.66928E-01
3.93046E-03 5.98019E-03 1.43869E-02 1.80433E-02 2.33424E-02 2.06352E-01 4.30291E-01 7.92397E-03 5.98019E-03 3.93046E-03 1.63198E-01
3.92260E-03 5.93137E-03 1.42541E-02 1.77736E-02 2.29653E-02 2.03921E-01 4.26071E-01 7.82915E-03 5.93137E-03 3.92260E-03 1.59630E-01
3.91352E-03 5.88288E-03 1.41241E-02 1.75122E-02 2.26007E-02 2.01557E-01 4.21954E-01 7.73658E-03 5.88288E-03 3.91352E-03 1.56214E-01
3.90334E-03 5.83477E-03 1.39967E-02 1.72587E-02 2.22477E-02 1.99257E-01 4.17936E-01 7.64620E-03 5.83477E-03 3.90334E-03 1.52940E-01
3.89218E-03 5.78706E-03 1.38718E-02 1.70127E-02 2.19060E-02 1.97017E-01 4.14011E-01 7.55794E-03 5.78706E-03 3.89218E-03 1.49801E-01
3.88015E-03 5.73980E-03 1.37493E-02 1.67740E-02 2.15748E-02 1.94837E-01 4.10178E-01 7.47173E-03 5.73980E-03 3.88015E-03 1.46787E-01
3.86735E-03 5.69300E-03 1.36293E-02 1.65422E-02 2.12539E-02 1.92711E-01 4.06431E-01 7.38751E-03 5.69300E-03 3.86735E-03 1.43892E-01
3.85386E-03 5.64670E-03 1.35117E-02 1.63170E-02 2.09425E-02 1.90640E-01 4.02769E-01 7.30521E-03 5.64670E-03 3.85386E-03 1.41110E-01
3.83976E-03 5.60092E-03 1.33963E-02 1.60981E-02 2.06405E-02 1.88620E-01 3.99188E-01 7.22478E-03 5.60092E-03 3.83976E-03 1.38433E-01
3.82513E-03 5.55565E-03 1.32832E-02 1.58852E-02 2.03472E-02 1.86650E-01 3.95685E-01 7.14616E-03 5.55565E-03 3.82513E-03 1.35857E-01
3.81003E-03 5.51093E-03 1.31722E-02 1.56782E-02 2.00624E-02 1.84727E-01 3.92257E-01 7.06929E-03 5.51093E-03 3.81003E-03 1.33375E-01
0.00000E+00 0.00000E+00 1.31170E-02 2.94600E-02 4.40199E-02 4.20406E-01 7.96077E-01 3.08825E-03 0.00000E+00 0.00000E+00 6.05862E-01
0.00000E+00 0.00000E+00 1.36445E-02 2.73247E-02 4.00707E-02 3.95002E-01 7.60582E-01 3.71124E-03 0.00000E+00 0.00000E+00 5.49135E-01
0.00000E+00 5.95917E-04 1.39261E-02 2.56039E-02 3.69798E-02 3.74070E-01 7.30248E-01 4.11928E-03 5.95917E-04 0.00000E+00 4.97196E-01
0.00000E+00 1.25424E-03 1.40498E-02 2.41387E-02 3.44219E-02 3.56095E-01 7.03444E-01 4.38393E-03 1.25424E-03 0.00000E+00 4.51611E-01
0.00000E+00 1.73637E-03 1.40673E-02 2.28547E-02 3.22377E-02 3.40302E-01 6.79336E-01 4.54867E-03 1.73637E-03 0.00000E+00 4.12378E-01
0.00000E+00 2.09497E-03 1.40160E-02 2.17178E-02 3.03453E-02 3.26268E-01 6.57477E-01 4.64594E-03 2.09497E-03 0.00000E+00 3.78536E-01
0.00000E+00 2.36448E-03 1.39192E-02 2.07023E-02 2.86860E-02 3.13677E-01 6.37519E-01 4.69654E-03 2.36448E-03 0.00000E+00 3.49211E-01
0.00000E+00 2.56827E-03 1.37926E-02 1.97883E-02 2.72164E-02 3.02292E-01 6.19189E-01 4.71431E-03 2.56827E-03 0.00000E+00 3.23659E-01
1.20036E-04 2.72312E-03 1.36484E-02 1.89661E-02 2.59123E-02 2.91983E-01 6.02358E-01 4.71003E-03 2.72312E-03 1.20036E-04 3.00877E-01
3.89400E-04 2.84061E-03 1.34930E-02 1.82206E-02 2.47442E-02 2.82580E-01 5.86809E-01 4.68976E-03 2.84061E-03 3.89400E-04 2.80227E-01
6.12942E-04 2.92838E-03 1.33275E-02 1.75322E-02 2.36783E-02 2.73866E-01 5.72235E-01 4.65591E-03 2.92838E-03 6.12942E-04 2.61933E-01
7.99466E-04 2.99281E-03 1.31560E-02 1.68946E-02 2.27015E-02 2.65762E-01 5.58537E-01 4.61223E-03 2.99281E-03 7.99466E-04 2.45646E-01
9.55799E-04 3.03875E-03 1.29812E-02 1.63024E-02 2.18029E-02 2.58200E-01 5.45631E-01 4.56151E-03 3.03875E-03 9.55799E-04 2.31077E-01
1.08730E-03 3.06995E-03 1.28052E-02 1.57508E-02 2.09732E-02 2.51125E-01 5.33442E-01 4.50582E-03 3.06995E-03 1.08730E-03 2.17987E-01
1.19822E-03 3.08935E-03 1.26296E-02 1.52358E-02 2.02046E-02 2.44486E-01 5.21907E-01 4.44672E-03 3.08935E-03 1.19822E-03 2.06179E-01
1.29198E-03 3.09925E-03 1.24554E-02 1.47538E-02 1.94906E-02 2.38241E-01 5.10969E-01 4.38538E-03 3.09925E-03 1.29198E-03 1.95483E-01
1.37132E-03 3.10148E-03 1.22834E-02 1.43017E-02 1.88254E-02 2.32353E-01 5.00578E-01 4.32272E-03 3.10148E-03 1.37132E-03 1.85761E-01
1.43849E-03 3.09752E-03 1.21142E-02 1.38768E-02 1.82041E-02 2.26790E-01 4.90690E-01 4.25940E-03 3.09752E-03 1.43849E-03 1.76892E-01
1.49533E-03 3.08854E-03 1.19481E-02 1.34767E-02 1.76225E-02 2.21524E-01 4.81265E-01 4.19595E-03 3.08854E-03 1.49533E-03 1.68776E-01
1.54338E-03 3.07550E-03 1.17855E-02 1.30993E-02 1.70768E-02 2.16530E-01 4.72269E-01 4.13276E-03 3.07550E-03 1.54338E-03 1.61325E-01
1.58389E-03 3.05917E-03 1.16264E-02 1.27426E-02 1.65637E-02 2.11786E-01 4.63670E-01 4.07014E-03 3.05917E-03 1.58389E-03 1.54465E-01
1.61793E-03 3.04019E-03 1.14710E-02 1.24050E-02 1.60804E-02 2.07272E-01 4.55440E-01 4.00830E-03 3.04019E-03 1.61793E-03 1.48132E-01
1.64640E-03 3.01909E-03 1.13194E-02 1.20850E-02 1.56243E-02 2.02971E-01 4.47554E-01 3.94741E-03 3.01909E-03 1.64640E-03 1.42270E-01
1.67004E-03 2.99629E-03 1.11715E-02 1.17812E-02 1.51932E-02 1.98867E-01 4.39988E-01 3.88760E-03 2.99629E-03 1.67004E-03 1.36832E-01
1.68949E-03 2.97215E-03 1.10273E-02 1.14924E-02 1.47851E-02 1.94945E-01 4.32721E-01 3.82894E-03 2.97215E-03 1.68949E-03 1.31774E-01
1.70531E-03 2.94697E-03 1.08868E-02 1.12175E-02 1.43981E-02 1.91194E-01 4.25735E-01 3.77151E-03 2.94697E-03 1.70531E-03 1.27060E-01
1.71796E-03 2.92098E-03 1.07499E-02 1.09555E-02 1.40306E-02 1.87601E-01 4.19011E-01 3.71533E-03 2.92098E-03 1.71796E-03 1.22658E-01
1.72784E-03 2.89441E-03 1.06164E-02 1.07056E-02 1.36812E-02 1.84156E-01 4.12535E-01 3.66043E-03 2.89441E-03 1.72784E-03 1.18538E-01
1.73530E-03 2.86741E-03 1.04864E-02 1.04668E-02 1.33485E-02 1.80850E-01 4.06291E-01 3.60682E-03 2.86741E-03 1.73530E-03 1.14676E-01
1.74063E-03 2.84012E-03 1.03598E-02 1.02385E-02 1.30315E-02 1.77673E-01 4.00267E-01 3.55449E-03 2.84012E-03 1.74063E-03 1.11048E-01
1.74411E-03 2.81268E-03 1.02363E-02 1.00200E-02 1.27289E-02 1.74618E-01 3.94449E-01 3.50344E-03 2.81268E-03 1.74411E-03 1.07635E-01
1.74595E-03 2.78517E-03 1.01160E-02 9.81067E-03 1.24399E-02 1.71677E-01 3.88826E-01 3.45364E-03 2.78517E-03 1.74595E-03 1.04420E-01
1.74636E-03 2.75768E-03 9.99879E-03 9.60991E-03 1.21635E-02 1.68844E-01 3.83389E-01 3.40508E-03 2.75768E-03 1.74636E-03 1.01385E-01
1.74550E-03 2.73028E-03 9.88449E-03 9.41721E-03 1.18989E-02 1.66113E-01 3.78126E-01 3.35773E-03 2.73028E-03 1.74550E-03 9.85161E-02
1.74353E-03 2.70302E-03 9.77304E-03 9.23210E-03 1.16454E-02 1.63477E-01 3.73030E-01 3.31156E-03 2.70302E-03 1.74353E-03 9.58011E-02
1.74058E-03 2.67595E-03 9.66435E-03 9.05414E-03 1.14022E-02 1.60933E-01 3.68091E-01 3.26655E-03 2.67595E-03 1.74058E-03 9.32281E-02
1.73677E-03 2.64912E-03 9.55832E-03 8.88290E-03 1.11689E-02 1.58474E-01 3.63302E-01 3.22267E-03 2.64912E-03 1.73677E-03 9.07865E-02
1.73220E-03 2.62255E-03 9.45486E-03 8.71802E-03 1.09447E-02 1.56096E-01 3.58656E-01 3.17988E-03 2.62255E-03 1.73220E-03 8.84667E-02
1.72696E-03 2.59626E-03 9.35389E-03 8.55915E-03 1.07292E-02 1.53795E-01 3.54146E-01 3.13816E-03 2.59626E-03 1.72696E-03 8.62601E-02
1.72114E-03 2.57029E-03 9.25532E-03 8.40595E-03 1.05218E-02 1.51567E-01 3.49765E-01 3.09747E-03 2.57029E-03 1.72114E-03 8.41588E-02
1.71481E-03 2.54465E-03 9.15908E-03 8.25814E-03 1.03221E-02 1.49409E-01 3.45507E-01 3.05779E-03 2.54465E-03 1.71481E-03 8.21556E-02
1.70802E-03 2.51935E-03 9.06508E-03 8.11542E-03 1.01297E-02 1.47317E-01 3.41368E-01 3.01908E-03 2.51935E-03 1.70802E-03 8.02440E-02
1.70084E-03 2.49440E-03 8.97325E-03 7.97754E-03 9.94419E-03 1.45288E-01 3.37341E-01 2.98131E-03 2.49440E-03 1.70084E-03 7.84179E-02
1.69333E-03 2.46980E-03 8.88351E-03 7.84425E-03 9.76520E-03 1.43319E-01 3.33423E-01 2.94446E-03 2.46980E-03 1.69333E-03 7.66719E-02
1.68551E-03 2.44557E-03 8.79580E-03 7.71533E-03 9.59240E-03 1.41407E-01 3.29607E-01 2.90849E-03 2.44557E-03 1.68551E-03 7.50008E-02
1.67744E-03 2.42171E-03 8.71004E-03 7.59056E-03 9.42546E-03 1.39550E-01 3.25891E-01 2.87338E-03 2.42171E-03 1.67744E-03 7.34002E-02
1.66914E-03 2.39822E-03 8.62618E-03 7.46975E-03 9.26410E-03 1.37745E-01 3.22269E-01 2.83910E-03 2.39822E-03 1.66914E-03 7.18657E-02
1.66066E-03 2.37509E-03 8.54415E-03 7.35270E-03 9.10804E-03 1.35990E-01 3.18738E-01 2.80562E-03 2.37509E-03 1.66066E-03 7.03933E-02
1.65201E-03 2.35233E-03 8.46389E-03 7.23925E-03 8.95703E-03 1.34283E-01 3.15295E-01 2.77293E-03 2.35233E-03 1.65201E-03 6.89794E-02
1.64324E-03 2.32994E-03 8.38535E-03 7.12923E-03 8.81081E-03 1.32621E-01 3.11935E-01 2.74098E-03 2.32994E-03 1.64324E-03 6.76207E-02
0.00000E+00 0.00000E+00 1.19958E-02 1.46976E-02 2.02063E-02 3.53774E-01 7.50874E-01 5.16390E-04 0.00000E+00 0.00000E+00 3.98217E-01
0.00000E+00 0.00000E+00 1.17943E-02 1.31965E-02 1.78486E-02 3.25529E-01 7.03188E-01 8.00708E-04 0.00000E+00 0.00000E+00 3.38157E-01
0.00000E+00 2.16637E-04 1.15760E-02 1.20548E-02 1.60817E-02 3.02952E-01 6.63985E-01 1.00145E-03 2.16637E-04 0.00000E+00 2.91723E-01
0.00000E+00 4.55619E-04 1.13431E-02 1.11275E-02 1.46702E-02 2.84052E-01 6.30413E-01 1.14116E-03 4.55619E-04 0.00000E+00 2.55070E-01
0.00000E+00 6.29634E-04 1.11020E-02 1.03462E-02 1.35004E-02 2.67808E-01 6.01000E-01 1.23645E-03 6.29634E-04 0.00000E+00 2.25770E-01
0.00000E+00 7.57889E-04 1.08603E-02 9.67664E-03 1.25124E-02 2.53648E-01 5.74926E-01 1.30085E-03 7.57889E-04 0.00000E+00 2.01950E-01
0.00000E+00 8.53139E-04 1.06226E-02 9.09491E-03 1.16651E-02 2.41161E-01 5.51590E-01 1.34333E-03 8.53139E-04 0.00000E+00 1.82294E-01
0.00000E+00 9.24112E-04 1.03915E-02 8.58383E-03 1.09294E-02 2.30043E-01 5.30532E-01 1.37002E-03 9.24112E-04 0.00000E+00 1.65855E-01
4.53271E-05 9.76859E-04 1.01695E-02 8.13325E-03 1.02876E-02 2.20116E-01 5.11501E-01 1.38532E-03 9.76859E-04 4.53271E-05 1.51777E-01
1.46571E-04 1.01570E-03 9.95672E-03 7.73196E-03 9.72151E-03 2.11176E-01 4.94172E-01 1.39210E-03 1.01570E-03 1.46571E-04 1.39484E-01
2.30005E-04 1.04390E-03 9.75080E-03 7.36798E-03 9.21267E-03 2.02991E-01 4.78143E-01 1.39227E-03 1.04390E-03 2.30005E-04 1.28860E-01
2.99119E-04 1.06379E-03 9.55208E-03 7.03626E-03 8.75279E-03 1.95463E-01 4.63263E-01 1.38749E-03 1.06379E-03 2.99119E-04 1.19607E-01
3.56611E-04 1.07717E-03 9.36065E-03 6.73265E-03 8.33509E-03 1.88513E-01 4.49403E-01 1.37900E-03 1.07717E-03 3.56611E-04 1.11491E-01
4.04588E-04 1.08539E-03 9.17642E-03 6.45369E-03 7.95401E-03 1.82073E-01 4.36452E-01 1.36774E-03 1.08539E-03 4.04588E-04 1.04324E-01
4.44719E-04 1.08953E-03 8.99923E-03 6.19646E-03 7.60493E-03 1.76086E-01 4.24319E-01 1.35442E-03 1.08953E-03 4.44719E-04 9.79592E-02
4.78333E-04 1.09042E-03 8.82886E-03 5.95851E-03 7.28399E-03 1.70503E-01 4.12922E-01 1.33959E-03 1.09042E-03 4.78333E-04 9.22742E-02
5.06503E-04 1.08872E-03 8.66503E-03 5.73774E-03 6.98792E-03 1.65283E-01 4.02192E-01 1.32366E-03 1.08872E-03 5.06503E-04 8.71709E-02
5.30099E-04 1.08494E-03 8.50748E-03 5.53233E-03 6.71395E-03 1.60391E-01 3.92067E-01 1.30698E-03 1.08494E-03 5.30099E-04 8.25681E-02
5.49832E-04 1.07951E-03 8.35590E-03 5.34074E-03 6.45970E-03 1.55794E-01 3.82494E-01 1.28978E-03 1.07951E-03 5.49832E-04 7.83987E-02
5.66289E-04 1.07276E-03 8.21002E-03 5.16161E-03 6.22313E-03 1.51466E-01 3.73427E-01 1.27227E-03 1.07276E-03 5.66289E-04 7.46065E-02
5.79955E-04 1.06497E-03 8.06955E-03 4.99375E-03 6.00245E-03 1.47383E-01 3.64823E-01 1.25461E-03 1.06497E-03 5.79955E-04 7.11444E-02
5.91236E-04 1.05635E-03 7.93423E-03 4.83614E-03 5.79614E-03 1.43524E-01 3.56646E-01 1.23691E-03 1.05635E-03 5.91236E-04 6.79727E-02
6.00470E-04 1.04708E-03 7.80379E-03 4.68787E-03 5.60284E-03 1.39869E-01 3.48863E-01 1.21927E-03 1.04708E-03 6.00470E-04 6.50575E-02
6.07944E-04 1.03732E-03 7.67799E-03 4.54812E-03 5.42137E-03 1.36404E-01 3.41444E-01 1.20175E-03 1.03732E-03 6.07944E-04 6.23698E-02
6.13900E-04 1.02718E-03 7.55659E-03 4.41619E-03 5.25068E-03 1.33112E-01 3.34362E-01 1.18443E-03 1.02718E-03 6.13900E-04 5.98849E-02
6.18543E-04 1.01677E-03 7.43937E-03 4.29144E-03 5.08985E-03 1.29981E-01 3.27595E-01 1.16733E-03 1.01677E-03 6.18543E-04 5.75812E-02
6.22048E-04 1.00615E-03 7.32611E-03 4.17329E-03 4.93806E-03 1.26999E-01 3.21119E-01 1.15050E-03 1.00615E-03 6.22048E-04 5.54402E-02
6.24565E-04 9.95410E-04 7.21664E-03 4.06124E-03 4.79457E-03 1.24154E-01 3.14916E-01 1.13395E-03 9.95410E-04 6.24565E-04 5.34457E-02
6.26225E-04 9.84594E-04 7.11074E-03 3.95482E-03 4.65873E-03 1.21438E-01 3.08968E-01 1.11771E-03 9.84594E-04 6.26225E-04 5.15836E-02
6.27137E-04 9.73752E-04 7.00826E-03 3.85363E-03 4.52995E-03 1.18842E-01 3.03259E-01 1.10179E-03 9.73752E-04 6.27137E-04 4.98414E-02
6.27399E-04 9.62920E-04 6.90903E-03 3.75729E-03 4.40769E-03 1.16356E-01 2.97773E-01 1.08618E-03 9.62920E-04 6.27399E-04 4.82081E-02
6.27094E-04 9.52129E-04 6.81289E-03 3.66547E-03 4.29149E-03 1.13976E-01 2.92497E-01 1.07091E-03 9.52129E-04 6.27094E-04 4.66742E-02
6.26294E-04 9.41406E-04 6.71970E-03 3.57784E-03 4.18090E-03 1.11693E-01 2.87418E-01 1.05597E-03 9.41406E-04 6.26294E-04 4.52309E-02
6.25063E-04 9.30771E-04 6.62932E-03 3.49414E-03 4.07554E-03 1.09501E-01 2.82526E-01 1.04136E-03 9.30771E-04 6.25063E-04 4.38707E-02
6.23456E-04 9.20241E-04 6.54163E-03 3.41410E-03 3.97505E-03 1.07395E-01 2.77809E-01 1.02708E-03 9.20241E-04 6.23456E-04 4.25868E-02
6.21522E-04 9.09830E-04 6.45649E-03 3.33750E-03 3.87910E-03 1.05371E-01 2.73258E-01 1.01313E-03 9.09830E-04 6.21522E-04 4.13731E-02
6.19302E-04 8.99548E-04 6.37380E-03 3.26412E-03 3.78740E-03 1.03422E-01 2.68864E-01 9.99490E-04 8.99548E-04 6.19302E-04 4.02240E-02
6.16834E-04 8.89405E-04 6.29345E-03 3.19375E-03 3.69967E-03 1.01546E-01 2.64618E-01 9.86170E-04 8.89405E-04 6.16834E-04 3.91346E-02
6.14152E-04 8.79408E-04 6.21534E-03 3.12623E-03 3.61567E-03 9.97372E-02 2.60513E-01 9.73158E-04 8.79408E-04 6.14152E-04 3.81006E-02
6.11284E-04 8.69561E-04 6.13937E-03 3.06137E-03 3.53517E-03 9.79927E-02 2.56541E-01 9.60449E-04 8.69561E-04 6.11284E-04 3.71178E-02
6.08255E-04 8.59868E-04 6.06545E-03 2.99904E-03 3.45796E-03 9.63088E-02 2.52696E-01 9.48036E-04 8.59868E-04 6.08255E-04 3.61827E-02
6.05088E-04 8.50331E-04 5.99350E-03 2.93908E-03 3.38383E-03 9.46825E-02 2.48971E-01 9.35912E-04 8.50331E-04 6.05088E-04 3.52918E-02
6.01804E-04 8.40954E-04 5.92344E-03 2.88136E-03 3.31262E-03 9.31107E-02 2.45361E-01 9.24069E-04 8.40954E-04 6.01804E-04 3.44423E-02
5.98420E-04 8.31735E-04 5.85519E-03 2.82576E-03 3.24416E-03 9.15907E-02 2.41861E-01 9.12501E-04 8.31735E-04 5.98420E-04 3.36313E-02
5.94951E-04 8.22676E-04 5.78867E-03 2.77218E-03 3.17830E-03 9.01199E-02 2.38464E-01 9.01200E-04 8.22676E-04 5.94951E-04 3.28563E-02
5.91412E-04 8.13776E-04 5.72383E-03 2.72049E-03 3.11489E-03 8.86959E-02 2.35167E-01 8.90159E-04 8.13776E-04 5.91412E-04 3.21151E-02
5.87815E-04 8.05034E-04 5.66059E-03 2.67061E-03 3.05379E-03 8.73164E-02 2.31964E-01 8.79371E-04 8.05034E-04 5.87815E-04 3.14055E-02
5.84172E-04 7.96449E-04 5.59889E-03 2.62244E-03 2.99490E-03 8.59794E-02 2.28852E-01 8.68829E-04 7.96449E-04 5.84172E-04 3.07255E-02
5.80490E-04 7.88019E-04 5.53868E-03 2.57589E-03 2.93809E-03 8.46828E-02 2.25827E-01 8.58526E-04 7.88019E-04 5.80490E-04 3.00734E-02
5.76781E-04 7.79743E-04 5.47990E-03 2.53090E-03 2.88326E-03 8.34249E-02 2.22885E-01 8.48455E-04 7.79743E-04 5.76781E-04 2.94475E-02
0.00000E+00 0.00000E+00 1.10479E-02 5.28736E-03 6.06528E-03 2.57017E-01 6.34898E-01 3.83006E-05 0.00000E+00 0.00000E+00 1.77087E-01
0.00000E+00 0.00000E+00 1.04153E-02 4.55549E-03 5.15844E-03 2.30664E-01 5.80694E-01 8.81153E-05 0.00000E+00 0.00000E+00 1.42436E-01
0.00000E+00 4.47448E-05 9.90259E-03 4.03194E-03 4.51486E-03 2.10217E-01 5.37572E-01 1.36686E-04 4.47448E-05 0.00000E+00 1.18364E-01
0.00000E+00 9.79594E-05 9.46174E-03 3.62752E-03 4.02247E-03 1.93527E-01 5.01643E-01 1.76674E-04 9.79594E-05 0.00000E+00 1.00728E-01
0.00000E+00 1.39291E-04 9.07128E-03 3.30077E-03 3.62858E-03 1.79497E-01 4.70900E-01 2.07709E-04 1.39291E-04 0.00000E+00 8.73708E-02
0.00000E+00 1.71255E-04 8.72114E-03 3.03034E-03 3.30567E-03 1.67505E-01 4.44212E-01 2.31461E-04 1.71255E-04 0.00000E+00 7.69664E-02
0.00000E+00 1.95942E-04 8.40422E-03 2.80226E-03 3.03574E-03 1.57118E-01 4.20769E-01 2.49465E-04 1.95942E-04 0.00000E+00 6.86693E-02
0.00000E+00 2.14985E-04 8.11524E-03 2.60696E-03 2.80651E-03 1.48018E-01 3.99971E-01 2.62982E-04 2.14985E-04 0.00000E+00 6.19190E-02
1.21556E-05 2.29431E-04 7.85144E-03 2.43842E-03 2.61023E-03 1.40013E-01 3.81464E-01 2.72818E-04 2.29431E-04 1.21556E-05 5.62826E-02
3.94618E-05 2.40228E-04 7.60892E-03 2.29109E-03 2.43993E-03 1.32902E-01 3.64850E-01 2.79717E-04 2.40228E-04 3.94618E-05 5.14687E-02
6.21210E-05 2.48420E-04 7.38284E-03 2.15995E-03 2.28932E-03 1.26474E-01 3.49686E-01 2.84544E-04 2.48420E-04 6.21210E-05 4.73659E-02
8.09918E-05 2.54522E-04 7.17144E-03 2.04242E-03 2.15521E-03 1.20634E-01 3.35780E-01 2.87718E-04 2.54522E-04 8.09918E-05 4.38324E-02
9.67518E-05 2.58940E-04 6.97322E-03 1.93650E-03 2.03503E-03 1.15302E-01 3.22977E-01 2.89570E-04 2.58940E-04 9.67518E-05 4.07606E-02
1.09940E-04 2.61997E-04 6.78691E-03 1.84052E-03 1.92673E-03 1.10414E-01 3.11145E-01 2.90363E-04 2.61997E-04 1.09940E-04 3.80678E-02
1.20990E-04 2.63948E-04 6.61138E-03 1.75315E-03 1.82866E-03 1.05915E-01 3.00173E-01 2.90307E-04 2.63948E-04 1.20990E-04 3.56893E-02
1.30250E-04 2.64999E-04 6.44566E-03 1.67328E-03 1.73945E-03 1.01761E-01 2.89968E-01 2.89569E-04 2.64999E-04 1.30250E-04 3.35741E-02
1.38007E-04 2.65316E-04 6.28889E-03 1.59998E-03 1.65795E-03 9.79126E-02 2.80449E-01 2.88284E-04 2.65316E-04 1.38007E-04 3.16815E-02
1.44493E-04 2.65034E-04 6.14033E-03 1.53248E-03 1.58323E-03 9.43368E-02 2.71547E-01 2.86562E-04 2.65034E-04 1.44493E-04 2.99787E-02
1.49902E-04 2.64263E-04 5.99931E-03 1.47011E-03 1.51448E-03 9.10054E-02 2.63202E-01 2.84490E-04 2.64263E-04 1.49902E-04 2.84388E-02
1.54393E-04 2.63092E-04 5.86522E-03 1.41232E-03 1.45103E-03 8.78939E-02 2.55361E-01 2.82140E-04 2.63092E-04 1.54393E-04 2.70398E-02
1.58101E-04 2.61596E-04 5.73755E-03 1.35862E-03 1.39229E-03 8.49811E-02 2.47979E-01 2.79573E-04 2.61596E-04 1.58101E-04 2.57635E-02
1.61137E-04 2.59836E-04 5.61581E-03 1.30860E-03 1.33776E-03 8.22483E-02 2.41016E-01 2.76835E-04 2.59836E-04 1.61137E-04 2.45946E-02
1.63596E-04 2.57863E-04 5.49958E-03 1.26189E-03 1.28703E-03 7.96793E-02 2.34436E-01 2.73967E-04 2.57863E-04 1.63596E-04 2.35202E-02
1.65558E-04 2.55718E-04 5.38847E-03 1.21818E-03 1.23970E-03 7.72597E-02 2.28207E-01 2.71002E-04 2.55718E-04 1.65558E-04 2.25294E-02
1.67092E-04 2.53437E-04 5.28213E-03 1.17719E-03 1.19546E-03 7.49767E-02 2.22301E-01 2.67967E-04 2.53437E-04 1.67092E-04 2.16131E-02
1.68254E-04 2.51049E-04 5.18024E-03 1.13868E-03 1.15402E-03 7.28191E-02 2.16694E-01 2.64884E-04 2.51049E-04 1.68254E-04 2.07632E-02
1.69095E-04 2.48579E-04 5.08251E-03 1.10243E-03 1.11513E-03 7.07767E-02 2.11362E-01 2.61771E-04 2.48579E-04 1.69095E-04 1.99728E-02
1.69658E-04 2.46047E-04 4.98869E-03 1.06826E-03 1.07856E-03 6.88406E-02 2.06285E-01 2.58644E-04 2.46047E-04 1.69658E-04 1.92362E-02
1.69979E-04 2.43471E-04 4.89853E-03 1.03598E-03 1.04412E-03 6.70026E-02 2.01445E-01 2.55517E-04 2.43471E-04 1.69979E-04 1.85479E-02
1.70091E-04 2.40865E-04 4.81181E-03 1.00546E-03 1.01163E-03 6.52555E-02 1.96826E-01 2.52398E-04 2.40865E-04 1.70091E-04 1.79036E-02
1.70020E-04 2.38242E-04 4.72833E-03 9.76554E-04 9.80935E-04 6.35927E-02 1.92412E-01 2.49297E-04 2.38242E-04 1.70020E-04 1.72993E-02
1.69792E-04 2.35612E-04 4.64789E-03 9.49138E-04 9.51892E-04 6.20082E-02 1.88190E-01 2.46221E-04 2.35612E-04 1.69792E-04 1.67313E-02
1.69427E-04 2.32984E-04 4.57034E-03 9.23104E-04 9.24376E-04 6.04967E-02 1.84147E-01 2.43176E-04 2.32984E-04 1.69427E-04 1.61967E-02
1.68943E-04 2.30364E-04 4.49550E-03 8.98353E-04 8.98272E-04 5.90532E-02 1.80272E-01 2.40167E-04 2.30364E-04 1.68943E-04 1.56926E-02
1.68356E-04 2.27759E-04 4.42324E-03 8.74793E-04 8.73477E-04 5.76732E-02 1.76555E-01 2.37196E-04 2.27759E-04 1.68356E-04 1.52166E-02
1.67681E-04 2.25174E-04 4.35342E-03 8.52343E-04 8.49899E-04 5.63526E-02 1.72985E-01 2.34268E-04 2.25174E-04 1.67681E-04 1.47665E-02
1.66928E-04 2.22613E-04 4.28590E-03 8.30928E-04 8.27453E-04 5.50878E-02 1.69555E-01 2.31385E-04 2.22613E-04 1.66928E-04 1.43403E-02
1.66111E-04 2.20079E-04 4.22058E-03 8.10480E-04 8.06061E-04 5.38752E-02 1.66255E-01 2.28548E-04 2.20079E-04 1.66111E-04 1.39361E-02
1.65236E-04 2.17576E-04 4.15734E-03 7.90937E-04 7.85654E-04 5.27117E-02 1.63080E-01 2.25760E-04 2.17576E-04 1.65236E-04 1.35525E-02
1.64314E-04 2.15106E-04 4.09608E-03 7.72241E-04 7.66167E-04 5.15945E-02 1.60020E-01 2.23020E-04 2.15106E-04 1.64314E-04 1.31878E-02
1.63352E-04 2.12671E-04 4.03670E-03 7.54341E-04 7.47542E-04 5.05207E-02 1.57071E-01 2.20330E-04 2.12671E-04 1.63352E-04 1.28409E-02
1.62355E-04 2.10271E-04 3.97913E-03 7.37187E-04 7.29724E-04 4.94880E-02 1.54227E-01 2.17689E-04 2.10271E-04 1.62355E-04 1.25104E-02
1.61330E-04 2.07909E-04 3.92326E-03 7.20737E-04 7.12664E-04 4.84940E-02 1.51481E-01 2.15099E-04 2.07909E-04 1.61330E-04 1.21953E-02
1.60281E-04 2.05584E-04 3.86903E-03 7.04948E-04 6.96316E-04 4.75366E-02 1.48829E-01 2.12559E-04 2.05584E-04 1.60281E-04 1.18946E-02
1.59214E-04 2.03299E-04 3.81636E-03 6.89783E-04 6.80639E-04 4.66139E-02 1.46266E-01 2.10068E-04 2.03299E-04 1.59214E-04 1.16074E-02
1.58132E-04 2.01052E-04 3.76518E-03 6.75207E-04 6.65593E-04 4.57240E-02 1.43787E-01 2.07627E-04 2.01052E-04 1.58132E-04 1.13328E-02
1.57039E-04 1.98845E-04 3.71543E-03 6.61188E-04 6.51143E-04 4.48652E-02 1.41388E-01 2.05235E-04 1.98845E-04 1.57039E-04 1.10700E-02
1.55937E-04 1.96677E-04 3.66705E-03 6.47694E-04 6.37255E-04 4.40360E-02 1.39066E-01 2.02891E-04 1.96677E-04 1.55937E-04 1.08183E-02
1.54830E-04 1.94548E-04 3.61997E-03 6.34699E-04 6.23898E-04 4.32348E-02 1.36817E-01 2.00595E-04 1.94548E-04 1.54830E-04 1.05770E-02
1.53719E-04 1.92458E-04 3.57415E-03 6.22176E-04 6.11045E-04 4.24602E-02 1.34638E-01 1.98346E-04 1.92458E-04 1.53719E-04 1.03457E-02
0.00000E+00 0.00000E+00 9.42499E-03 1.08446E-03 8.91573E-04 1.43033E-01 4.43082E-01 1.12147E-05 0.00000E+00 0.00000E+00 3.74266E-02
0.00000E+00 0.00000E+00 8.65675E-03 8.89280E-04 7.20667E-04 1.24417E-01 3.93542E-01 4.83625E-06 0.00000E+00 0.00000E+00 3.03787E-02
0.00000E+00 3.07969E-06 8.04869E-03 7.57956E-04 6.08128E-04 1.10444E-01 3.55441E-01 7.37199E-06 3.07969E-06 0.00000E+00 2.57463E-02
0.00000E+00 8.86335E-06 7.54173E-03 6.61698E-04 5.27074E-04 9.93591E-02 3.24592E-01 1.23101E-05 8.86335E-06 0.00000E+00 2.24237E-02
0.00000E+00 1.47114E-05 7.10658E-03 5.87333E-04 4.65344E-04 9.02705E-02 2.98851E-01 1.74941E-05 1.47114E-05 0.00000E+00 1.99033E-02
0.00000E+00 1.99984E-05 6.72729E-03 5.28073E-04 4.16742E-04 8.26760E-02 2.77003E-01 2.22509E-05 1.99984E-05 0.00000E+00 1.79148E-02
0.00000E+00 2.45560E-05 6.39263E-03 4.79688E-04 3.77463E-04 7.62305E-02 2.58197E-01 2.63800E-05 2.45560E-05 0.00000E+00 1.62973E-02
0.00000E+00 2.83907E-05 6.09440E-03 4.39404E-04 3.45041E-04 7.06892E-02 2.41822E-01 2.98651E-05 2.83907E-05 0.00000E+00 1.49499E-02
2.12820E-06 3.14671E-05 5.82777E-03 4.05419E-04 3.17873E-04 6.58985E-02 2.27499E-01 3.26569E-05 3.14671E-05 2.12820E-06 1.37973E-02
7.00718E-06 3.38870E-05 5.58733E-03 3.76293E-04 2.94715E-04 6.17110E-02 2.14844E-01 3.48441E-05 3.38870E-05 7.00718E-06 1.27898E-02
1.11543E-05 3.58946E-05 5.36701E-03 3.50888E-04 2.74627E-04 5.79819E-02 2.03462E-01 3.66577E-05 3.58946E-05 1.11543E-05 1.19089E-02
1.46710E-05 3.75353E-05 5.16424E-03 3.28527E-04 2.57030E-04 5.46408E-02 1.93168E-01 3.81368E-05 3.75353E-05 1.46710E-05 1.11310E-02
1.76469E-05 3.88549E-05 4.97689E-03 3.08690E-04 2.41481E-04 5.16310E-02 1.83815E-01 3.93218E-05 3.88549E-05 1.76469E-05 1.04385E-02
2.01598E-05 3.98964E-05 4.80316E-03 2.90969E-04 2.27637E-04 4.89064E-02 1.75277E-01 4.02514E-05 3.98964E-05 2.01598E-05 9.81752E-03
2.22764E-05 4.06985E-05 4.64154E-03 2.75040E-04 2.15229E-04 4.64289E-02 1.67453E-01 4.09610E-05 4.06985E-05 2.22764E-05 9.25733E-03
2.40537E-05 4.12955E-05 4.49075E-03 2.60644E-04 2.04040E-04 4.41671E-02 1.60257E-01 4.14819E-05 4.12955E-05 2.40537E-05 8.74931E-03
2.55403E-05 4.17174E-05 4.34968E-03 2.47568E-04 1.93896E-04 4.20945E-02 1.53616E-01 4.18417E-05 4.17174E-05 2.55403E-05 8.28647E-03
2.67775E-05 4.19902E-05 4.21739E-03 2.35638E-04 1.84656E-04 4.01888E-02 1.47469E-01 4.20645E-05 4.19902E-05 2.67775E-05 7.86309E-03
2.78006E-05 4.21364E-05 4.09305E-03 2.24710E-04 1.76203E-04 3.84311E-02 1.41763E-01 4.21708E-05 4.21364E-05 2.78006E-05 7.47440E-03
2.86396E-05 4.21752E-05 3.97593E-03 2.14662E-04 1.68438E-04 3.68051E-02 1.36452E-01 4.21788E-05 4.21752E-05 2.86396E-05 7.11643E-03
2.93205E-05 4.21234E-05 3.86540E-03 2.05394E-04 1.61280E-04 3.52971E-02 1.31497E-01 4.21037E-05 4.21234E-05 2.93205E-05 6.78579E-03
2.98651E-05 4.19953E-05 3.76089E-03 1.96818E-04 1.54661E-04 3.38948E-02 1.26864E-01 4.19588E-05 4.19953E-05 2.98651E-05 6.47961E-03
3.02925E-05 4.18032E-05 3.66193E-03 1.88860E-04 1.48522E-04 3.25879E-02 1.22522E-01 4.17556E-05 4.18032E-05 3.02925E-05 6.19541E-03
3.06190E-05 4.15578E-05 3.56805E-03 1.81458E-04 1.42812E-04 3.13672E-02 1.18445E-01 4.15040E-05 4.15578E-05 3.06190E-05 5.93104E-03
3.08586E-05 4.12681E-05 3.47887E-03 1.74555E-04 1.37489E-04 3.02246E-02 1.14611E-01 4.12124E-05 4.12681E-05 3.08586E-05 5.68465E-03
3.10235E-05 4.09421E-05 3.39404E-03 1.68104E-04 1.32514E-04 2.91532E-02 1.10997E-01 4.08881E-05 4.09421E-05 3.10235E-05 5.45459E-03
3.11243E-05 4.05866E-05 3.31323E-03 1.62063E-04 1.27855E-04 2.81466E-02 1.07586E-01 4.05373E-05 4.05866E-05 3.11243E-05 5.23943E-03
3.11700E-05 4.02073E-05 3.23616E-03 1.56396E-04 1.23484E-04 2.71994E-02 1.04361E-01 4.01655E-05 4.02073E-05 3.11700E-05 5.03789E-03
3.11685E-05 3.98094E-05 3.16257E-03 1.51070E-04 1.19375E-04 2.63066E-02 1.01309E-01 3.97774E-05 3.98094E-05 3.11685E-05 4.84884E-03
3.11269E-05 3.93972E-05 3.09222E-03 1.46056E-04 1.15506E-04 2.54637E-02 9.84143E-02 3.93770E-05 3.93972E-05 3.11269E-05 4.67126E-03
3.10510E-05 3.89745E-05 3.02490E-03 1.41329E-04 1.11858E-04 2.46669E-02 9.56668E-02 3.89676E-05 3.89745E-05 3.10510E-05 4.50425E-03
3.09461E-05 3.85444E-05 2.96042E-03 1.36866E-04 1.08413E-04 2.39126E-02 9.30554E-02 3.85523E-05 3.85444E-05 3.09461E-05 4.34700E-03
3.08168E-05 3.81098E-05 2.89859E-03 1.32647E-04 1.05155E-04 2.31975E-02 9.05702E-02 3.81337E-05 3.81098E-05 3.08168E-05 4.19878E-03
3.06670E-05 3.76730E-05 2.83926E-03 1.28653E-04 1.02071E-04 2.25189E-02 8.82026E-02 3.77139E-05 3.76730E-05 3.06670E-05 4.05891E-03
3.05003E-05 3.72360E-05 2.78227E-03 1.24869E-04 9.91479E-05 2.18740E-02 8.59446E-02 3.72947E-05 3.72360E-05 3.05003E-05 3.92679E-03
3.03196E-05 3.68007E-05 2.72748E-03 1.21279E-04 9.63739E-05 2.12606E-02 8.37887E-02 3.68778E-05 3.68007E-05 3.03196E-05 3.80189E-03
3.01277E-05 3.63684E-05 2.67477E-03 1.17869E-04 9.37389E-05 2.06764E-02 8.17285E-02 3.64645E-05 3.63684E-05 3.01277E-05 3.68369E-03
2.99268E-05 3.59405E-05 2.62402E-03 1.14628E-04 9.12336E-05 2.01195E-02 7.97578E-02 3.60560E-05 3.59405E-05 2.99268E-05 3.57174E-03
2.97189E-05 3.55180E-05 2.57512E-03 1.11544E-04 8.88495E-05 1.95881E-02 7.78710E-02 3.56532E-05 3.55180E-05 2.97189E-05 3.46562E-03
2.95059E-05 3.51018E-05 2.52798E-03 1.08607E-04 8.65788E-05 1.90805E-02 7.60629E-02 3.52568E-05 3.51018E-05 2.95059E-05 3.36495E-03
2.92892E-05 3.46927E-05 2.48249E-03 1.05808E-04 8.44143E-05 1.85953E-02 7.43289E-02 3.48677E-05 3.46927E-05 2.92892E-05 3.26938E-03
2.90702E-05 3.42912E-05 2.43857E-03 1.03138E-04 8.23496E-05 1.81310E-02 7.26645E-02 3.44862E-05 3.42912E-05 2.90702E-05 3.17857E-03
2.88501E-05 3.38978E-05 2.39614E-03 1.00590E-04 8.03786E-05 1.76864E-02 7.10659E-02 3.41129E-05 3.38978E-05 2.88501E-05 3.09224E-03
2.86298E-05 3.35130E-05 2.35513E-03 9.81552E-05 7.84959E-05 1.72602E-02 6.95291E-02 3.37481E-05 3.35130E-05 2.86298E-05 3.01009E-03
2.84101E-05 3.31371E-05 2.31546E-03 9.58282E-05 7.66962E-05 1.68515E-02 6.80509E-02 3.33920E-05 3.31371E-05 2.84101E-05 2.93188E-03
2.81920E-05 3.27702E-05 2.27707E-03 9.36024E-05 7.49749E-05 1.64592E-02 6.66279E-02 3.30449E-05 3.27702E-05 2.81920E-05 2.85737E-03
2.79759E-05 3.24126E-05 2.23990E-03 9.14720E-05 7.33276E-05 1.60824E-02 6.52573E-02 3.27068E-05 3.24126E-05 2.79759E-05 2.78632E-03
2.77624E-05 3.20643E-05 2.20389E-03 8.94319E-05 7.17502E-05 1.57201E-02 6.39362E-02 3.23779E-05 3.20643E-05 2.77624E-05 2.71855E-03
2.75521E-05 3.17255E-05 2.16899E-03 8.74771E-05 7.02390E-05 1.53717E-02 6.26621E-02 3.20581E-05 3.17255E-05 2.75521E-05 2.65386E-03
2.73452E-05 3.13961E-05 2.13515E-03 8.56029E-05 6.87905E-05 1.50364E-02 6.14325E-02 3.17475E-05 3.13961E-05 2.73452E-05 2.59206E-03
0.00000E+00 0.00000E+00 6.99833E-03 7.14844E-05 3.19331E-05 4.63495E-02 2.12070E-01 5.54639E-06 0.00000E+00 0.00000E+00 4.32382E-04
0.00000E+00 0.00000E+00 6.24789E-03 5.48858E-05 2.31932E-05 3.86533E-02 1.81027E-01 2.42032E-06 0.00000E+00 0.00000E+00 1.51475E-03
0.00000E+00 -7.56403E-08 5.66554E-03 4.45568E-05 1.83687E-05 3.31160E-02 1.58122E-01 1.08723E-06 -7.56403E-08 0.00000E+00 2.02233E-03
0.00000E+00 2.63446E-07 5.19058E-03 3.75613E-05 1.54967E-05 2.88795E-02 1.40223E-01 5.68995E-07 2.63446E-07 0.00000E+00 2.24465E-03
0.00000E+00 8.18176E-07 4.79177E-03 3.25371E-05 1.36898E-05 2.55152E-02 1.25745E-01 4.36860E-07 8.18176E-07 0.00000E+00 2.31359E-03
0.00000E+00 1.42130E-06 4.45142E-03 2.87830E-05 1.25071E-05 2.27838E-02 1.13796E-01 4.93448E-07 1.42130E-06 0.00000E+00 2.29994E-03
0.00000E+00 1.99834E-06 4.15708E-03 2.58825E-05 1.17023E-05 2.05257E-02 1.03771E-01 6.39061E-07 1.99834E-06 0.00000E+00 2.24170E-03
0.00000E+00 2.51686E-06 3.89969E-03 2.35752E-05 1.11300E-05 1.86306E-02 9.52439E-02 8.20559E-07 2.51686E-06 0.00000E+00 2.15994E-03
2.69237E-07 2.98478E-06 3.67373E-03 2.17249E-05 1.07268E-05 1.70285E-02 8.79452E-02 1.03188E-06 2.98478E-06 2.69237E-07 2.06611E-03
8.96662E-07 3.41216E-06 3.47345E-03 2.02225E-05 1.04465E-05 1.56569E-02 8.16251E-02 1.26862E-06 3.41216E-06 8.96662E-07 1.96668E-03
1.43338E-06 3.76366E-06 3.29276E-03 1.89310E-05 1.02083E-05 1.44587E-02 7.60458E-02 1.47985E-06 3.76366E-06 1.43338E-06 1.86643E-03
1.88233E-06 4.03989E-06 3.12890E-03 1.77965E-05 9.98774E-06 1.34044E-02 7.10885E-02 1.65798E-06 4.03989E-06 1.88233E-06 1.76776E-03
2.24973E-06 4.24538E-06 2.97960E-03 1.67814E-05 9.77040E-06 1.24708E-02 6.66581E-02 1.80069E-06 4.24538E-06 2.24973E-06 1.67211E-03
2.54330E-06 4.38657E-06 2.84301E-03 1.58593E-05 9.54820E-06 1.16394E-02 6.26778E-02 1.90865E-06 4.38657E-06 2.54330E-06 1.58030E-03
2.77117E-06 4.47063E-06 2.71755E-03 1.50113E-05 9.31711E-06 1.08950E-02 5.90848E-02 1.98416E-06 4.47063E-06 2.77117E-06 1.49277E-03
2.94134E-06 4.50480E-06 2.60192E-03 1.42238E-05 9.07561E-06 1.02254E-02 5.58274E-02 2.03040E-06 4.50480E-06 2.94134E-06 1.40971E-03
3.06142E-06 4.49606E-06 2.49501E-03 1.34869E-05 8.82378E-06 9.62041E-03 5.28624E-02 2.05087E-06 4.49606E-06 3.06142E-06 1.33115E-03
3.13840E-06 4.45091E-06 2.39587E-03 1.27936E-05 8.56263E-06 9.07165E-03 5.01537E-02 2.04914E-06 4.45091E-06 3.13840E-06 1.25706E-03
3.17868E-06 4.37530E-06 2.30369E-03 1.21384E-05 8.29369E-06 8.57204E-03 4.76709E-02 2.02870E-06 4.37530E-06 3.17868E-06 1.18729E-03
3.18800E-06 4.27460E-06 2.21777E-03 1.15173E-05 8.01879E-06 8.11563E-03 4.53881E-02 1.99281E-06 4.27460E-06 3.18800E-06 1.12171E-03
3.17150E-06 4.15363E-06 2.13749E-03 1.09275E-05 7.73984E-06 7.69738E-03 4.32830E-02 1.94448E-06 4.15363E-06 3.17150E-06 1.06014E-03
3.13372E-06 4.01665E-06 2.06232E-03 1.03665E-05 7.45872E-06 7.31295E-03 4.13366E-02 1.88645E-06 4.01665E-06 3.13372E-06 1.00239E-03
3.07869E-06 3.86740E-06 1.99180E-03 9.83269E-06 7.17724E-06 6.95866E-03 3.95324E-02 1.82118E-06 3.86740E-06 3.07869E-06 9.48281E-04
3.00995E-06 3.70920E-06 1.92551E-03 9.32456E-06 6.89706E-06 6.63131E-03 3.78561E-02 1.75086E-06 3.70920E-06 3.00995E-06 8.97621E-04
2.93060E-06 3.54490E-06 1.86308E-03 8.84099E-06 6.61973E-06 6.32811E-03 3.62952E-02 1.67741E-06 3.54490E-06 2.93060E-06 8.50227E-04
2.84334E-06 3.37701E-06 1.80421E-03 8.38103E-06 6.34660E-06 6.04666E-03 3.48388E-02 1.60252E-06 3.37701E-06 2.84334E-06 8.05921E-04
2.75052E-06 3.20768E-06 1.74858E-03 7.94385E-06 6.07887E-06 5.78484E-03 3.34772E-02 1.52768E-06 3.20768E-06 2.75052E-06 7.64531E-04
2.65418E-06 3.03876E-06 1.69596E-03 7.52871E-06 5.81761E-06 5.54079E-03 3.22019E-02 1.45413E-06 3.03876E-06 2.65418E-06 7.25892E-04
2.55608E-06 2.87185E-06 1.64611E-03 7.13497E-06 5.56372E-06 5.31289E-03 3.10053E-02 1.38298E-06 2.87185E-06 2.55608E-06 6.89847E-04
2.45774E-06 2.70828E-06 1.59881E-03 6.76201E-06 5.31795E-06 5.09969E-03 2.98808E-02 1.31514E-06 2.70828E-06 2.45774E-06 6.56246E-04
2.36044E-06 2.54919E-06 1.55389E-03 6.40923E-06 5.08095E-06 4.89989E-03 2.88224E-02 1.25138E-06 2.54919E-06 2.36044E-06 6.24945E-04
2.26528E-06 2.39553E-06 1.51117E-03 6.07608E-06 4.85325E-06 4.71236E-03 2.78247E-02 1.19237E-06 2.39553E-06 2.26528E-06 5.95809E-04
2.17320E-06 2.24809E-06 1.47049E-03 5.76201E-06 4.63524E-06 4.53608E-03 2.68829E-02 1.13862E-06 2.24809E-06 2.17320E-06 5.68710E-04
2.08496E-06 2.10751E-06 1.43173E-03 5.46647E-06 4.42727E-06 4.37013E-03 2.59927E-02 1.09055E-06 2.10751E-06 2.08496E-06 5.43525E-04
2.00121E-06 1.97430E-06 1.39474E-03 5.18893E-06 4.22955E-06 4.21369E-03 2.51502E-02 1.04852E-06 1.97430E-06 2.00121E-06 5.20140E-04
1.92248E-06 1.84886E-06 1.35943E-03 4.92885E-06 4.04226E-06 4.06602E-03 2.43518E-02 1.01276E-06 1.84886E-06 1.92248E-06 4.98445E-04
1.84919E-06 1.73150E-06 1.32566E-03 4.68572E-06 3.86549E-06 3.92646E-03 2.35945E-02 9.83471E-07 1.73150E-06 1.84919E-06 4.78337E-04
1.78166E-06 1.62244E-06 1.29336E-03 4.45899E-06 3.69926E-06 3.79440E-03 2.28752E-02 9.60766E-07 1.62244E-06 1.78166E-06 4.59718E-04
1.72017E-06 1.52182E-06 1.26243E-03 4.24816E-06 3.54357E-06 3.66930E-03 2.21913E-02 9.44716E-07 1.52182E-06 1.72017E-06 4.42496E-04
1.66489E-06 1.42974E-06 1.23279E-03 4.05269E-06 3.39835E-06 3.55066E-03 2.15405E-02 9.35342E-07 1.42974E-06 1.66489E-06 4.26585E-04
1.61594E-06 1.34621E-06 1.20436E-03 3.87208E-06 3.26349E-06 3.43802E-03 2.09205E-02 9.32624E-07 1.34621E-06 1.61594E-06 4.11901E-04
1.57341E-06 1.27122E-06 1.17707E-03 3.70581E-06 3.13886E-06 3.33098E-03 2.03293E-02 9.36506E-07 1.27122E-06 1.57341E-06 3.98367E-04
1.53731E-06 1.20470E-06 1.15086E-03 3.55337E-06 3.02430E-06 3.22916E-03 1.97651E-02 9.46905E-07 1.20470E-06 1.53731E-06 3.85910E-04
1.50763E-06 1.14656E-06 1.12567E-03 3.41427E-06 2.91961E-06 3.13221E-03 1.92262E-02 9.63708E-07 1.14656E-06 1.50763E-06 3.74460E-04
1.48434E-06 1.09666E-06 1.10144E-03 3.28801E-06 2.82457E-06 3.03982E-03 1.87109E-02 9.86782E-07 1.09666E-06 1.48434E-06 3.63951E-04
1.46734E-06 1.05486E-06 1.07811E-03 3.17410E-06 2.73897E-06 2.95170E-03 1.82180E-02 1.01597E-06 1.05486E-06 1.46734E-06 3.54322E-04
1.45655E-06 1.02097E-06 1.05565E-03 3.07206E-06 2.66256E-06 2.86758E-03 1.77460E-02 1.05112E-06 1.02097E-06 1.45655E-06 3.45514E-04
1.45184E-06 9.94806E-07 1.03400E-03 2.98142E-06 2.59507E-06 2.78721E-03 1.72937E-02 1.09203E-06 9.94806E-07 1.45184E-06 3.37472E-04
1.45308E-06 9.76158E-07 1.01312E-03 2.90173E-06 2.53626E-06 2.71038E-03 1.68599E-02 1.13853E-06 9.76158E-07 1.45308E-06 3.30145E-04
1.46010E-06 9.64806E-07 9.92985E-04 2.83253E-06 2.48583E-06 2.63686E-03 1.64438E-02 1.19041E-06 9.64806E-07 1.46010E-06 3.23483E-04
0.00000E+00 0.00000E+00 3.73019E-03 1.36465E-07 -8.46412E-06 3.69382E-03 3.87512E-02 5.46360E-06 0.00000E+00 0.00000E+00 -3.80995E-04
0.00000E+00 0.00000E+00 3.15830E-03 -1.54695E-07 -7.33770E-06 2.87902E-03 3.10063E-02 3.67880E-07 0.00000E+00 0.00000E+00 -2.69614E-04
0.00000E+00 3.73226E-07 2.73757E-03 3.21435E-07 -5.52152E-06 2.33097E-03 2.56468E-02 -2.57146E-06 3.73226E-07 0.00000E+00 -1.99040E-04
0.00000E+00 1.12872E-06 2.41004E-03 1.07797E-06 -3.54238E-06 1.93510E-03 2.16817E-02 -4.29156E-06 1.12872E-06 0.00000E+00 -1.36422E-04
0.00000E+00 1.93096E-06 2.14623E-03 1.88040E-06 -1.64336E-06 1.63623E-03 1.86256E-02 -5.28837E-06 1.93096E-06 0.00000E+00 -7.73026E-05
0.00000E+00 2.66674E-06 1.92944E-03 2.61611E-06 6.26030E-08 1.40437E-03 1.62107E-02 -5.83861E-06 2.66674E-06 0.00000E+00 -2.27385E-05
0.00000E+00 3.28582E-06 1.74836E-03 3.23523E-06 1.53319E-06 1.22042E-03 1.42634E-02 -6.11353E-06 3.28582E-06 0.00000E+00 2.52956E-05
0.00000E+00 3.76979E-06 1.59499E-03 3.71957E-06 2.76080E-06 1.07173E-03 1.26662E-02 -6.22200E-06 3.76979E-06 0.00000E+00 6.55064E-05
2.43842E-07 4.19489E-06 1.46434E-03 4.14589E-06 3.82945E-06 9.50364E-04 1.13446E-02 -6.15142E-06 4.19489E-06 2.43842E-07 9.69137E-05
7.65553E-07 4.56963E-06 1.35176E-03 4.52289E-06 4.76011E-06 8.49787E-04 1.02356E-02 -5.94763E-06 4.56963E-06 7.65553E-07 1.19592E-04
1.14894E-06 4.77438E-06 1.25271E-03 4.73030E-06 5.44924E-06 7.64402E-04 9.28449E-03 -5.77695E-06 4.77438E-06 1.14894E-06 1.35099E-04
1.40832E-06 4.83281E-06 1.16500E-03 4.79180E-06 5.92824E-06 6.91252E-04 8.46224E-03 -5.64447E-06 4.83281E-06 1.40832E-06 1.44262E-04
1.55932E-06 4.76772E-06 1.08687E-03 4.73019E-06 6.22702E-06 6.28070E-04 7.74618E-03 -5.55034E-06 4.76772E-06 1.55932E-06 1.47979E-04
1.61748E-06 4.60025E-06 1.01689E-03 4.56658E-06 6.37307E-06 5.73097E-04 7.11852E-03 -5.49190E-06 4.60025E-06 1.61748E-06 1.47146E-04
1.59751E-06 4.34944E-06 9.53905E-04 4.31998E-06 6.39115E-06 5.24949E-04 6.56506E-03 -5.46501E-06 4.34944E-06 1.59751E-06 1.42608E-04
1.51294E-06 4.03215E-06 8.96973E-04 4.00724E-06 6.30319E-06 4.82525E-04 6.07439E-03 -5.46486E-06 4.03215E-06 1.51294E-06 1.35141E-04
1.37594E-06 3.66313E-06 8.45302E-04 3.64307E-06 6.12846E-06 4.44939E-04 5.63723E-03 -5.48647E-06 3.66313E-06 1.37594E-06 1.25432E-04
1.19728E-06 3.25515E-06 7.98233E-04 3.24020E-06 5.88372E-06 4.11473E-04 5.24597E-03 -5.52502E-06 3.25515E-06 1.19728E-06 1.14081E-04
9.86414E-07 2.81918E-06 7.55211E-04 2.80957E-06 5.58348E-06 3.81538E-04 4.89434E-03 -5.57600E-06 2.81918E-06 9.86414E-07 1.01605E-04
7.51547E-07 2.36455E-06 7.15764E-04 2.36049E-06 5.24022E-06 3.54650E-04 4.57710E-03 -5.63532E-06 2.36455E-06 7.51547E-07 8.84387E-05
4.99741E-07 1.89917E-06 6.79491E-04 1.90084E-06 4.86461E-06 3.30404E-04 4.28985E-03 -5.69936E-06 1.89917E-06 4.99741E-07 7.49445E-05
2.37032E-07 1.42969E-06 6.46046E-04 1.43724E-06 4.46579E-06 3.08464E-04 4.02889E-03 -5.76495E-06 1.42969E-06 2.37032E-07 6.14213E-05
-3.14571E-08 9.61657E-07 6.15133E-04 9.75204E-07 4.05147E-06 2.88543E-04 3.79109E-03 -5.82937E-06 9.61657E-07 -3.14571E-08 4.81110E-05
-3.01410E-07 4.99662E-07 5.86493E-04 5.19311E-07 3.62819E-06 2.70402E-04 3.57376E-03 -5.89029E-06 4.99662E-07 -3.01410E-07 3.52068E-05
-5.69221E-07 4.74722E-08 5.59902E-04 7.33038E-08 3.20145E-06 2.53834E-04 3.37459E-03 -5.94579E-06 4.74722E-08 -5.69221E-07 2.28597E-05
-8.31901E-07 -3.91857E-07 5.35162E-04 -3.59781E-07 2.77582E-06 2.38662E-04 3.19160E-03 -5.99428E-06 -3.91857E-07 -8.31901E-07 1.11851E-05
-1.08700E-06 -8.15878E-07 5.12101E-04 -7.77514E-07 2.35511E-06 2.24736E-04 3.02308E-03 -6.03447E-06 -8.15878E-07 -1.08700E-06 2.68287E-07
-1.33252E-06 -1.22267E-06 4.90567E-04 -1.17799E-06 1.94248E-06 2.11923E-04 2.86752E-03 -6.06537E-06 -1.22267E-06 -1.33252E-06 -9.83080E-06
-1.56689E-06 -1.61074E-06 4.70423E-04 -1.55973E-06 1.54047E-06 2.00109E-04 2.72364E-03 -6.08618E-06 -1.61074E-06 -1.56689E-06 -1.90732E-05
-1.78886E-06 -1.97901E-06 4.51551E-04 -1.92167E-06 1.15116E-06 1.89194E-04 2.59027E-03 -6.09634E-06 -1.97901E-06 -1.78886E-06 -2.74373E-05
-1.99749E-06 -2.32668E-06 4.33843E-04 -2.26302E-06 7.76190E-07 1.79092E-04 2.46642E-03 -6.09545E-06 -2.32668E-06 -1.99749E-06 -3.49156E-05
-2.19208E-06 -2.65325E-06 4.17203E-04 -2.58329E-06 4.16835E-07 1.69725E-04 2.35121E-03 -6.08328E-06 -2.65325E-06 -2.19208E-06 -4.15125E-05
-2.37214E-06 -2.95843E-06 4.01547E-04 -2.88220E-06 7.40654E-08 1.61025E-04 2.24383E-03 -6.05971E-06 -2.95843E-06 -2.37214E-06 -4.72411E-05
-2.53738E-06 -3.24214E-06 3.86797E-04 -3.15968E-06 -2.51412E-07 1.52932E-04 2.14360E-03 -6.02474E-06 -3.24214E-06 -2.53738E-06 -5.21224E-05
-2.68766E-06 -3.50445E-06 3.72883E-04 -3.41581E-06 -5.59115E-07 1.45393E-04 2.04990E-03 -5.97847E-06 -3.50445E-06 -2.68766E-06 -5.61828E-05
-2.82296E-06 -3.74555E-06 3.59743E-04 -3.65078E-06 -8.48752E-07 1.38361E-04 1.96217E-03 -5.92106E-06 -3.74555E-06 -2.82296E-06 -5.94531E-05
-2.94337E-06 -3.96577E-06 3.47321E-04 -3.86492E-06 -1.12019E-06 1.31792E-04 1.87991E-03 -5.85274E-06 -3.96577E-06 -2.94337E-06 -6.19675E-05
-3.04906E-06 -4.16549E-06 3.35563E-04 -4.05863E-06 -1.37344E-06 1.25649E-04 1.80268E-03 -5.77379E-06 -4.16549E-06 -3.04906E-06 -6.37624E-05
-3.14030E-06 -4.34519E-06 3.24424E-04 -4.23239E-06 -1.60860E-06 1.19897E-04 1.73007E-03 -5.68455E-06 -4.34519E-06 -3.14030E-06 -6.48757E-05
-3.21740E-06 -4.50539E-06 3.13861E-04 -4.38672E-06 -1.82589E-06 1.14505E-04 1.66173E-03 -5.58537E-06 -4.50539E-06 -3.21740E-06 -6.53463E-05
-3.28072E-06 -4.64666E-06 3.03834E-04 -4.52220E-06 -2.02560E-06 1.09447E-04 1.59733E-03 -5.47664E-06 -4.64666E-06 -3.28072E-06 -6.52132E-05
-3.33066E-06 -4.76962E-06 2.94307E-04 -4.63944E-06 -2.20807E-06 1.04696E-04 1.53657E-03 -5.35875E-06 -4.76962E-06 -3.33066E-06 -6.45157E-05
-3.36765E-06 -4.87489E-06 2.85249E-04 -4.73907E-06 -2.37370E-06 1.00229E-04 1.47919E-03 -5.23213E-06 -4.87489E-06 -3.36765E-06 -6.32923E-05
-3.39214E-06 -4.96311E-06 2.76629E-04 -4.82174E-06 -2.52294E-06 9.60262E-05 1.42493E-03 -5.09720E-06 -4.96311E-06 -3.39214E-06 -6.15812E-05
-3.40461E-06 -5.03494E-06 2.68419E-04 -4.88811E-06 -2.65625E-06 9.20683E-05 1.37358E-03 -4.95439E-06 -5.03494E-06 -3.40461E-06 -5.94194E-05
-3.40554E-06 -5.09105E-06 2.60593E-04 -4.93883E-06 -2.77414E-06 8.83381E-05 1.32494E-03 -4.80414E-06 -5.09105E-06 -3.40554E-06 -5.68429E-05
-3.39540E-06 -5.13209E-06 2.53129E-04 -4.97458E-06 -2.87711E-06 8.48197E-05 1.27881E-03 -4.64687E-06 -5.13209E-06 -3.39540E-06 -5.38867E-05
-3.37471E-06 -5.15873E-06 2.46004E-04 -4.99601E-06 -2.96570E-06 8.14987E-05 1.23504E-03 -4.48301E-06 -5.15873E-06 -3.37471E-06 -5.05843E-05
-3.34393E-06 -5.17161E-06 2.39198E-04 -5.00377E-06 -3.04044E-06 7.83619E-05 1.19345E-03 -4.31300E-06 -5.17161E-06 -3.34393E-06 -4.69678E-05
-3.30356E-06 -5.17138E-06 2.32693E-04 -4.99851E-06 -3.10187E-06 7.53971E-05 1.15391E-03 -4.13723E-06 -5.17138E-06 -3.30356E-06 -4.30683E-05
0.00000E+00 0.00000E+00 -4.34406E-05 -5.06364E-06 -3.27357E-05 -3.28197E-05 4.24342E-06 -2.94353E-05 0.00000E+00 0.00000E+00 -9.78532E-04
0.00000E+00 0.00000E+00 -5.66114E-05 -1.20809E-06 -2.12412E-05 -2.13891E-05 5.10862E-06 -3.72882E-05 0.00000E+00 0.00000E+00 -1.18102E-03
0.00000E+00 3.19843E-06 -5.73997E-05 3.44908E-06 -1.03587E-05 -1.05514E-05 7.87799E-06 -3.93482E-05 3.19843E-06 0.00000E+00 -1.10538E-03
0.00000E+00 7.39781E-06 -5.34056E-05 7.62767E-06 -1.06258E-06 -1.28348E-06 1.07980E-05 -3.88576E-05 7.39781E-06 0.00000E+00 -9.10221E-04
0.00000E+00 1.07216E-05 -4.77009E-05 1.09262E-05 6.45871E-06 6.22287E-06 1.32278E-05 -3.72711E-05 1.07216E-05 0.00000E+00 -6.78693E-04
0.00000E+00 1.31154E-05 -4.16472E-05 1.32934E-05 1.23006E-05 1.20604E-05 1.49828E-05 -3.52714E-05 1.31154E-05 0.00000E+00 -4.53224E-04
0.00000E+00 1.46597E-05 -3.58632E-05 1.48121E-05 1.66720E-05 1.64359E-05 1.60616E-05 -3.32012E-05 1.46597E-05 0.00000E+00 -2.53952E-04
0.00000E+00 1.54776E-05 -3.06110E-05 1.56061E-05 1.98029E-05 1.95770E-05 1.65344E-05 -3.12288E-05 1.54776E-05 0.00000E+00 -8.84748E-05
5.91848E-07 1.57966E-05 -2.58978E-05 1.59043E-05 2.19971E-05 2.17858E-05 1.65953E-05 -2.93330E-05 1.57966E-05 5.91848E-07 4.08281E-05
1.72038E-06 1.57145E-05 -2.17390E-05 1.58048E-05 2.34301E-05 2.32367E-05 1.63173E-05 -2.75613E-05 1.57145E-05 1.72038E-06 1.36406E-04
2.37497E-06 1.51652E-05 -1.82262E-05 1.52403E-05 2.41123E-05 2.39389E-05 1.56157E-05 -2.60738E-05 1.51652E-05 2.37497E-06 2.04671E-04
2.64845E-06 1.42574E-05 -1.52846E-05 1.43197E-05 2.41957E-05 2.40437E-05 1.45888E-05 -2.48328E-05 1.42574E-05 2.64845E-06 2.49719E-04
2.62082E-06 1.30822E-05 -1.28390E-05 1.31337E-05 2.38079E-05 2.36780E-05 1.33197E-05 -2.37999E-05 1.30822E-05 2.62082E-06 2.75588E-04
2.35970E-06 1.17143E-05 -1.08183E-05 1.17571E-05 2.30542E-05 2.29467E-05 1.18773E-05 -2.29396E-05 1.17143E-05 2.35970E-06 2.86002E-04
1.92155E-06 1.02148E-05 -9.15833E-06 1.02507E-05 2.20217E-05 2.19365E-05 1.03185E-05 -2.22199E-05 1.02148E-05 1.92155E-06 2.84256E-04
1.35304E-06 8.63289E-06 -7.80224E-06 8.66372E-06 2.07816E-05 2.07184E-05 8.68921E-06 -2.16126E-05 8.63289E-06 1.35304E-06 2.73189E-04
6.92445E-07 7.00808E-06 -6.70052E-06 7.03544E-06 1.93922E-05 1.93504E-05 7.02650E-06 -2.10939E-05 7.00808E-06 6.92445E-07 2.55194E-04
-2.91146E-08 5.37169E-06 -5.81049E-06 5.39706E-06 1.79007E-05 1.78795E-05 5.35979E-06 -2.06434E-05 5.37169E-06 -2.91146E-08 2.32258E-04
-7.86497E-07 3.74837E-06 -5.09565E-06 3.77306E-06 1.63453E-05 1.63439E-05 3.71223E-06 -2.02443E-05 3.74837E-06 -7.86497E-07 2.06007E-04
-1.55956E-06 2.15724E-06 -4.52494E-06 2.18243E-06 1.47566E-05 1.47740E-05 2.10180E-06 -1.98825E-05 2.15724E-06 -1.55956E-06 1.77754E-04
-2.33233E-06 6.12905E-07 -4.07207E-06 6.39683E-07 1.31592E-05 1.31946E-05 5.42203E-07 -1.95466E-05 6.12905E-07 -2.33233E-06 1.48546E-04
-3.09225E-06 -8.73673E-07 -3.71488E-06 -8.44360E-07 1.15727E-05 1.16248E-05 -9.56323E-07 -1.92273E-05 -8.73673E-07 -3.09225E-06 1.19207E-04
-3.82960E-06 -2.29452E-06 -3.43471E-06 -2.26183E-06 1.00122E-05 1.00802E-05 -2.38638E-06 -1.89171E-05 -2.29452E-06 -3.82960E-06 9.03744E-05
-4.53698E-06 -3.64407E-06 -3.21594E-06 -3.60724E-06 8.48965E-06 8.57239E-06 -3.74285E-06 -1.86102E-05 -3.64407E-06 -4.53698E-06 6.25320E-05
-5.20891E-06 -4.91870E-06 -3.04551E-06 -4.87707E-06 7.01410E-06 7.11058E-06 -5.02249E-06 -1.83020E-05 -4.91870E-06 -5.20891E-06 3.60381E-05
-5.84145E-06 -6.11632E-06 -2.91253E-06 -6.06932E-06 5.59231E-06 5.70152E-06 -6.22353E-06 -1.79889E-05 -6.11632E-06 -5.84145E-06 1.11484E-05
-6.43191E-06 -7.23610E-06 -2.80797E-06 -7.18322E-06 4.22917E-06 4.35010E-06 -7.34536E-06 -1.76684E-05 -7.23610E-06 -6.43191E-06 -1.19634E-05
-6.97863E-06 -8.27818E-06 -2.72435E-06 -8.21898E-06 2.92803E-06 3.05973E-06 -8.38834E-06 -1.73384E-05 -8.27818E-06 -6.97863E-06 -3.31901E-05
-7.48078E-06 -9.24346E-06 -2.65550E-06 -9.17756E-06 1.69101E-06 1.83255E-06 -9.35354E-06 -1.69978E-05 -9.24346E-06 -7.48078E-06 -5.24766E-05
-7.93816E-06 -1.01334E-05 -2.59638E-06 -1.00605E-05 5.19236E-07 6.69728E-07 -1.02426E-05 -1.66456E-05 -1.01334E-05 -7.93816E-06 -6.98092E-05
-8.35109E-06 -1.09501E-05 -2.54288E-06 -1.08698E-05 -5.86969E-07 -4.28391E-07 -1.10576E-05 -1.62815E-05 -1.09501E-05 -8.35109E-06 -8.52062E-05
-8.72033E-06 -1.16956E-05 -2.49165E-06 -1.16078E-05 -1.62793E-06 -1.46208E-06 -1.18008E-05 -1.59053E-05 -1.16956E-05 -8.72033E-06 -9.87105E-05
-9.04690E-06 -1.23726E-05 -2.44004E-06 -1.22771E-05 -2.60447E-06 -2.43214E-06 -1.24750E-05 -1.55173E-05 -1.23726E-05 -9.04690E-06 -1.10383E-04
-9.33210E-06 -1.29837E-05 -2.38592E-06 -1.28804E-05 -3.51781E-06 -3.33975E-06 -1.30828E-05 -1.51176E-05 -1.29837E-05 -9.33210E-06 -1.20299E-04
-9.57739E-06 -1.35318E-05 -2.32765E-06 -1.34205E-05 -4.36948E-06 -4.18640E-06 -1.36272E-05 -1.47069E-05 -1.35318E-05 -9.57739E-06 -1.28542E-04
-9.78436E-06 -1.40197E-05 -2.26395E-06 -1.39003E-05 -5.16124E-06 -4.97381E-06 -1.41110E-05 -1.42857E-05 -1.40197E-05 -9.78436E-06 -1.35202E-04
-9.95467E-06 -1.44502E-05 -2.19387E-06 -1.43227E-05 -5.89501E-06 -5.70388E-06 -1.45371E-05 -1.38547E-05 -1.44502E-05 -9.95467E-06 -1.40373E-04
-1.00900E-05 -1.48263E-05 -2.11676E-06 -1.46906E-05 -6.57286E-06 -6.37863E-06 -1.49084E-05 -1.34145E-05 -1.48263E-05 -1.00900E-05 -1.44152E-04
-1.01922E-05 -1.51507E-05 -2.03213E-06 -1.50068E-05 -7.19690E-06 -7.00013E-06 -1.52279E-05 -1.29661E-05 -1.51507E-05 -1.01922E-05 -1.46633E-04
-1.02630E-05 -1.54262E-05 -1.93974E-06 -1.52741E-05 -7.76930E-06 -7.57055E-06 -1.54983E-05 -1.25101E-05 -1.54262E-05 -1.02630E-05 -1.47911E-04
-1.03041E-05 -1.56556E-05 -1.83944E-06 -1.54953E-05 -8.29226E-06 -8.09202E-06 -1.57223E-05 -1.20475E-05 -1.56556E-05 -1.03041E-05 -1.48080E-04
-1.03171E-05 -1.58414E-05 -1.73124E-06 -1.56729E-05 -8.76798E-06 -8.56673E-06 -1.59025E-05 -1.15789E-05 -1.58414E-05 -1.03171E-05 -1.47228E-04
-1.03039E-05 -1.59861E-05 -1.61523E-06 -1.58096E-05 -9.19861E-06 -8.99680E-06 -1.60415E-05 -1.11052E-05 -1.59861E-05 -1.03039E-05 -1.45442E-04
-1.02660E-05 -1.60922E-05 -1.49160E-06 -1.59077E-05 -9.58629E-06 -9.38435E-06 -1.61418E-05 -1.06272E-05 -1.60922E-05 -1.02660E-05 -1.42805E-04
-1.02049E-05 -1.61621E-05 -1.36057E-06 -1.59696E-05 -9.93312E-06 -9.73144E-06 -1.62058E-05 -1.01455E-05 -1.61621E-05 -1.02049E-05 -1.39396E-04
-1.01223E-05 -1.61980E-05 -1.22245E-06 -1.59976E-05 -1.02411E-05 -1.00401E-05 -1.62356E-05 -9.66096E-06 -1.61980E-05 -1.01223E-05 -1.35290E-04
-1.00195E-05 -1.62020E-05 -1.07755E-06 -1.59938E-05 -1.05123E-05 -1.03122E-05 -1.62334E-05 -9.17423E-06 -1.62020E-05 -1.00195E-05 -1.30558E-04
-9.89800E-06 -1.61762E-05 -9.26228E-07 -1.59603E-05 -1.07486E-05 -1.05498E-05 -1.62014E-05 -8.68597E-06 -1.61762E-05 -9.89800E-06 -1.25266E-04
-9.75912E-06 -1.61226E-05 -7.68856E-07 -1.58990E-05 -1.09518E-05 -1.07546E-05 -1.61413E-05 -8.19682E-06 -1.61226E-05 -9.75912E-06 -1.19479E-04
-9.60414E-06 -1.60429E-05 -6.05820E-07 -1.58119E-05 -1.11238E-05 -1.09285E-05 -1.60553E-05 -7.70737E-06 -1.60429E-05 -9.60414E-06 -1.13254E-04
---
