PdfType: replica
Format: lhagrid1
---
1.00000E-07 1.58489E-07 2.51189E-07 3.98107E-07 6.30957E-07 1.00000E-06 1.58489E-06 2.51189E-06 3.98107E-06 6.30957E-06 1.00000E-05 1.58489E-05 2.51189E-05 3.98107E-05 6.30957E-05 1.00000E-04 1.58489E-04 2.51189E-04 3.98107E-04 6.30957E-04 1.00000E-03 1.58489E-03 2.51189E-03 3.98107E-03 6.30957E-03 1.00000E-02 1.25893E-02 1.58489E-02 1.99526E-02 2.51189E-02 3.16228E-02 3.98107E-02 5.01187E-02 6.30957E-02 7.94328E-02 1.00000E-01 1.25900E-01 1.58500E-01 1.99500E-01 2.51200E-01 3.16200E-01 3.98100E-01 5.01200E-01 6.31000E-01 7.94300E-01 1.00000E+00
1.00000E+00 1.20679E+00 1.45635E+00 1.75751E+00 2.12095E+00 2.55955E+00 3.08884E+00 3.72759E+00 4.49843E+00 5.42868E+00 6.55129E+00 7.90604E+00 9.54095E+00 1.15140E+01 1.38950E+01 1.67683E+01 2.02359E+01 2.44205E+01 2.94705E+01 3.55648E+01 4.29193E+01 5.17947E+01 6.25055E+01 7.54312E+01 9.10298E+01 1.09854E+02 1.32571E+02 1.59986E+02 1.93070E+02 2.32995E+02 2.81177E+02 3.39322E+02 4.09492E+02 4.94171E+02 5.96362E+02 7.19686E+02 8.68511E+02 1.04811E+03 1.26486E+03 1.52642E+03 1.84207E+03 2.22300E+03 2.68270E+03 3.23746E+03 3.90694E+03 4.71487E+03 5.68987E+03 6.86649E+03 8.28643E+03 1.00000E+04
-5 -4 -3 -2 -1 1 2 3 4 5 21
0.00000E+00 0.00000E+00 -6.95547E-02 3.22992E+00 3.22903E+00 3.22884E+00 3.22892E+00 -6.94379E-02 0.00000E+00 0.00000E+00 -3.50003E+00
0.00000E+00 0.00000E+00 -2.85960E-02 3.19828E+00 3.19736E+00 3.19723E+00 3.19749E+00 -2.84924E-02 0.00000E+00 0.00000E+00 -9.23208E-01
0.00000E+00 1.07755E-01 1.13234E-01 3.28071E+00 3.27978E+00 3.27968E+00 3.28008E+00 1.13327E-01 1.07755E-01 0.00000E+00 2.85517E+00
0.00000E+00 3.52463E-01 3.57935E-01 3.47458E+00 3.47362E+00 3.47355E+00 3.47406E+00 3.58021E-01 3.52463E-01 0.00000E+00 8.22214E+00
0.00000E+00 7.00870E-01 7.06336E-01 3.77834E+00 3.77737E+00 3.77733E+00 3.77792E+00 7.06415E-01 7.00870E-01 0.00000E+00 1.56477E+01
0.00000E+00 1.15117E+00 1.15663E+00 4.18890E+00 4.18792E+00 4.18789E+00 4.18857E+00 1.15670E+00 1.15117E+00 0.00000E+00 2.54811E+01
0.00000E+00 1.70099E+00 1.70645E+00 4.70295E+00 4.70195E+00 4.70194E+00 4.70269E+00 1.70652E+00 1.70099E+00 0.00000E+00 3.80059E+01
0.00000E+00 2.34783E+00 2.35330E+00 5.31730E+00 5.31628E+00 5.31629E+00 5.31710E+00 2.35336E+00 2.34783E+00 0.00000E+00 5.34424E+01
2.59239E-01 3.03893E+00 3.04439E+00 5.97878E+00 5.97776E+00 5.97778E+00 5.97864E+00 3.04445E+00 3.03893E+00 2.59239E-01 7.21020E+01
9.92240E-01 3.75030E+00 3.75576E+00 6.66293E+00 6.66190E+00 6.66193E+00 6.66284E+00 3.75582E+00 3.75030E+00 9.92240E-01 9.40852E+01
1.82402E+00 4.56186E+00 4.56732E+00 7.44911E+00 7.44807E+00 7.44811E+00 7.44906E+00 4.56738E+00 4.56186E+00 1.82402E+00 1.19206E+02
2.75335E+00 5.47223E+00 5.47769E+00 8.33570E+00 8.33464E+00 8.33469E+00 8.33568E+00 5.47774E+00 5.47223E+00 2.75335E+00 1.47525E+02
3.77889E+00 6.47993E+00 6.48539E+00 9.32104E+00 9.31998E+00 9.32003E+00 9.32106E+00 6.48544E+00 6.47993E+00 3.77889E+00 1.79083E+02
4.89927E+00 7.58345E+00 7.58892E+00 1.04035E+01 1.04024E+01 1.04025E+01 1.04035E+01 7.58897E+00 7.58345E+00 4.89927E+00 2.13898E+02
6.11305E+00 8.78126E+00 8.78674E+00 1.15814E+01 1.15803E+01 1.15803E+01 1.15814E+01 8.78678E+00 8.78126E+00 6.11305E+00 2.51973E+02
7.41876E+00 1.00718E+01 1.00773E+01 1.28530E+01 1.28519E+01 1.28520E+01 1.28531E+01 1.00773E+01 1.00718E+01 7.41876E+00 2.93297E+02
8.81495E+00 1.14536E+01 1.14591E+01 1.42168E+01 1.42157E+01 1.42158E+01 1.42169E+01 1.14591E+01 1.14536E+01 8.81495E+00 3.37848E+02
1.03001E+01 1.29250E+01 1.29305E+01 1.56711E+01 1.56700E+01 1.56700E+01 1.56712E+01 1.29305E+01 1.29250E+01 1.03001E+01 3.85592E+02
1.18728E+01 1.44845E+01 1.44900E+01 1.72143E+01 1.72131E+01 1.72132E+01 1.72144E+01 1.44901E+01 1.44845E+01 1.18728E+01 4.36490E+02
1.35315E+01 1.61307E+01 1.61362E+01 1.88447E+01 1.88436E+01 1.88437E+01 1.88449E+01 1.61362E+01 1.61307E+01 1.35315E+01 4.90495E+02
1.52748E+01 1.78619E+01 1.78674E+01 2.05609E+01 2.05598E+01 2.05599E+01 2.05612E+01 1.78674E+01 1.78619E+01 1.52748E+01 5.47555E+02
1.71011E+01 1.96766E+01 1.96821E+01 2.23613E+01 2.23602E+01 2.23603E+01 2.23616E+01 1.96821E+01 1.96766E+01 1.71011E+01 6.07614E+02
1.90091E+01 2.15734E+01 2.15789E+01 2.42443E+01 2.42432E+01 2.42433E+01 2.42446E+01 2.15790E+01 2.15734E+01 1.90091E+01 6.70614E+02
2.09972E+01 2.35508E+01 2.35563E+01 2.62084E+01 2.62073E+01 2.62074E+01 2.62087E+01 2.35564E+01 2.35508E+01 2.09972E+01 7.36492E+02
2.30641E+01 2.56073E+01 2.56129E+01 2.82521E+01 2.82510E+01 2.82511E+01 2.82524E+01 2.56129E+01 2.56073E+01 2.30641E+01 8.05185E+02
2.52083E+01 2.77415E+01 2.77471E+01 3.03740E+01 3.03728E+01 3.03729E+01 3.03743E+01 2.77471E+01 2.77415E+01 2.52083E+01 8.76630E+02
2.74284E+01 2.99520E+01 2.99575E+01 3.25725E+01 3.25713E+01 3.25714E+01 3.25728E+01 2.99575E+01 2.99520E+01 2.74284E+01 9.50761E+02
2.97230E+01 3.22372E+01 3.22428E+01 3.48462E+01 3.48450E+01 3.48452E+01 3.48466E+01 3.22428E+01 3.22372E+01 2.97230E+01 1.02751E+03
3.20908E+01 3.45959E+01 3.46015E+01 3.71938E+01 3.71926E+01 3.71927E+01 3.71941E+01 3.46015E+01 3.45959E+01 3.20908E+01 1.10682E+03
3.45303E+01 3.70267E+01 3.70323E+01 3.96137E+01 3.96125E+01 3.96127E+01 3.96141E+01 3.70323E+01 3.70267E+01 3.45303E+01 1.18862E+03
3.70403E+01 3.95282E+01 3.95337E+01 4.21047E+01 4.21035E+01 4.21036E+01 4.21051E+01 3.95338E+01 3.95282E+01 3.70403E+01 1.27284E+03
3.96194E+01 4.20990E+01 4.21046E+01 4.46654E+01 4.46642E+01 4.46643E+01 4.46658E+01 4.21046E+01 4.20990E+01 3.96194E+01 1.35942E+03
4.22663E+01 4.47379E+01 4.47435E+01 4.72944E+01 4.72932E+01 4.72934E+01 4.72948E+01 4.47435E+01 4.47379E+01 4.22663E+01 1.44830E+03
4.49798E+01 4.74436E+01 4.74492E+01 4.99905E+01 4.99893E+01 4.99894E+01 4.99909E+01 4.74492E+01 4.74436E+01 4.49798E+01 1.53942E+03
4.77586E+01 5.02148E+01 5.02203E+01 5.27523E+01 5.27511E+01 5.27513E+01 5.27528E+01 5.02204E+01 5.02148E+01 4.77586E+01 1.63272E+03
5.06014E+01 5.30502E+01 5.30558E+01 5.55786E+01 5.55774E+01 5.55776E+01 5.55791E+01 5.30558E+01 5.30502E+01 5.06014E+01 1.72812E+03
5.35070E+01 5.59486E+01 5.59542E+01 5.84682E+01 5.84670E+01 5.84671E+01 5.84687E+01 5.59542E+01 5.59486E+01 5.35070E+01 1.82559E+03
5.64742E+01 5.89088E+01 5.89144E+01 6.14198E+01 6.14186E+01 6.14187E+01 6.14203E+01 5.89144E+01 5.89088E+01 5.64742E+01 1.92505E+03
5.95019E+01 6.19296E+01 6.19352E+01 6.44322E+01 6.44310E+01 6.44311E+01 6.44327E+01 6.19352E+01 6.19296E+01 5.95019E+01 2.02645E+03
6.25888E+01 6.50098E+01 6.50154E+01 6.75043E+01 6.75030E+01 6.75032E+01 6.75048E+01 6.50155E+01 6.50098E+01 6.25888E+01 2.12974E+03
6.57339E+01 6.81484E+01 6.81540E+01 7.06348E+01 7.06336E+01 7.06337E+01 7.06353E+01 6.81540E+01 6.81484E+01 6.57339E+01 2.23487E+03
6.89360E+01 7.13441E+01 7.13497E+01 7.38227E+01 7.38215E+01 7.38216E+01 7.38232E+01 7.13497E+01 7.13441E+01 6.89360E+01 2.34177E+03
7.21940E+01 7.45959E+01 7.46015E+01 7.70669E+01 7.70656E+01 7.70658E+01 7.70674E+01 7.46015E+01 7.45959E+01 7.21940E+01 2.45040E+03
7.55068E+01 7.79026E+01 7.79082E+01 8.03662E+01 8.03649E+01 8.03651E+01 8.03667E+01 7.79083E+01 7.79026E+01 7.55068E+01 2.56072E+03
7.88735E+01 8.12633E+01 8.12689E+01 8.37195E+01 8.37183E+01 8.37185E+01 8.37201E+01 8.12689E+01 8.12633E+01 7.88735E+01 2.67266E+03
8.22928E+01 8.46768E+01 8.46825E+01 8.71259E+01 8.71247E+01 8.71249E+01 8.71265E+01 8.46825E+01 8.46768E+01 8.22928E+01 2.78618E+03
8.57639E+01 8.81422E+01 8.81478E+01 9.05843E+01 9.05831E+01 9.05833E+01 9.05849E+01 8.81479E+01 8.81422E+01 8.57639E+01 2.90125E+03
8.92858E+01 9.16584E+01 9.16641E+01 9.40937E+01 9.40925E+01 9.40926E+01 9.40943E+01 9.16641E+01 9.16584E+01 8.92858E+01 3.01780E+03
9.28573E+01 9.52245E+01 9.52301E+01 9.76531E+01 9.76519E+01 9.76520E+01 9.76537E+01 9.52301E+01 9.52245E+01 9.28573E+01 3.13580E+03
9.64777E+01 9.88394E+01 9.88451E+01 1.01262E+02 1.01260E+02 1.01260E+02 1.01262E+02 9.88451E+01 9.88394E+01 9.64777E+01 3.25521E+03
0.00000E+00 0.00000E+00 -6.55250E-02 2.86480E+00 2.86380E+00 2.86401E+00 2.86528E+00 -6.55025E-02 0.00000E+00 0.00000E+00 -3.19142E+00
0.00000E+00 0.00000E+00 -2.66889E-02 2.83916E+00 2.83813E+00 2.83833E+00 2.83965E+00 -2.66705E-02 0.00000E+00 0.00000E+00 -8.47605E-01
0.00000E+00 1.00648E-01 1.06008E-01 2.91911E+00 2.91806E+00 2.91825E+00 2.91961E+00 1.06023E-01 1.00648E-01 0.00000E+00 2.63097E+00
0.00000E+00 3.27110E-01 3.32471E-01 3.10042E+00 3.09935E+00 3.09953E+00 3.10093E+00 3.32484E-01 3.27110E-01 0.00000E+00 7.59251E+00
0.00000E+00 6.46737E-01 6.52101E-01 3.38040E+00 3.37932E+00 3.37950E+00 3.38092E+00 6.52112E-01 6.46737E-01 0.00000E+00 1.44521E+01
0.00000E+00 1.05687E+00 1.06224E+00 3.75525E+00 3.75415E+00 3.75432E+00 3.75577E+00 1.06225E+00 1.05687E+00 0.00000E+00 2.35048E+01
0.00000E+00 1.55460E+00 1.55998E+00 4.22122E+00 4.22010E+00 4.22027E+00 4.22175E+00 1.55998E+00 1.55460E+00 0.00000E+00 3.49809E+01
0.00000E+00 2.13708E+00 2.14246E+00 4.77484E+00 4.77371E+00 4.77388E+00 4.77537E+00 2.14247E+00 2.13708E+00 0.00000E+00 4.90517E+01
2.34444E-01 2.75883E+00 2.76422E+00 5.37029E+00 5.36915E+00 5.36931E+00 5.37083E+00 2.76422E+00 2.75883E+00 2.34444E-01 6.59333E+01
8.94781E-01 3.39945E+00 3.40485E+00 5.98675E+00 5.98560E+00 5.98576E+00 5.98730E+00 3.40485E+00 3.39945E+00 8.94781E-01 8.56610E+01
1.64037E+00 4.12663E+00 4.13203E+00 6.69138E+00 6.69022E+00 6.69038E+00 6.69194E+00 4.13204E+00 4.12663E+00 1.64037E+00 1.08099E+02
2.46969E+00 4.93867E+00 4.94408E+00 7.48230E+00 7.48113E+00 7.48129E+00 7.48287E+00 4.94408E+00 4.93867E+00 2.46969E+00 1.33282E+02
3.38114E+00 5.83386E+00 5.83928E+00 8.35765E+00 8.35647E+00 8.35662E+00 8.35822E+00 5.83928E+00 5.83386E+00 3.38114E+00 1.61226E+02
4.37316E+00 6.81053E+00 6.81595E+00 9.31559E+00 9.31440E+00 9.31455E+00 9.31616E+00 6.81596E+00 6.81053E+00 4.37316E+00 1.91932E+02
5.44417E+00 7.86699E+00 7.87243E+00 1.03543E+01 1.03531E+01 1.03533E+01 1.03549E+01 7.87243E+00 7.86699E+00 5.44417E+00 2.25387E+02
6.59260E+00 9.00162E+00 9.00706E+00 1.14722E+01 1.14710E+01 1.14711E+01 1.14728E+01 9.00706E+00 9.00162E+00 6.59260E+00 2.61565E+02
7.81691E+00 1.02128E+01 1.02182E+01 1.26674E+01 1.26662E+01 1.26663E+01 1.26680E+01 1.02182E+01 1.02128E+01 7.81691E+00 3.00434E+02
9.11557E+00 1.14989E+01 1.15044E+01 1.39383E+01 1.39371E+01 1.39372E+01 1.39389E+01 1.15044E+01 1.14989E+01 9.11557E+00 3.41953E+02
1.04871E+01 1.28584E+01 1.28639E+01 1.52833E+01 1.52821E+01 1.52822E+01 1.52839E+01 1.28639E+01 1.28584E+01 1.04871E+01 3.86076E+02
1.19299E+01 1.42898E+01 1.42953E+01 1.67008E+01 1.66996E+01 1.66997E+01 1.67014E+01 1.42953E+01 1.42898E+01 1.19299E+01 4.32753E+02
1.34427E+01 1.57916E+01 1.57971E+01 1.81892E+01 1.81880E+01 1.81882E+01 1.81899E+01 1.57971E+01 1.57916E+01 1.34427E+01 4.81928E+02
1.50239E+01 1.73622E+01 1.73677E+01 1.97471E+01 1.97459E+01 1.97460E+01 1.97477E+01 1.73677E+01 1.73622E+01 1.50239E+01 5.33547E+02
1.66721E+01 1.90003E+01 1.90058E+01 2.13729E+01 2.13717E+01 2.13718E+01 2.13736E+01 1.90058E+01 1.90003E+01 1.66721E+01 5.87549E+02
1.83860E+01 2.07044E+01 2.07099E+01 2.30652E+01 2.30640E+01 2.30641E+01 2.30659E+01 2.07099E+01 2.07044E+01 1.83860E+01 6.43877E+02
2.01642E+01 2.24731E+01 2.24787E+01 2.48226E+01 2.48213E+01 2.48215E+01 2.48232E+01 2.24787E+01 2.24731E+01 2.01642E+01 7.02468E+02
2.20053E+01 2.43051E+01 2.43106E+01 2.66436E+01 2.66423E+01 2.66425E+01 2.66442E+01 2.43106E+01 2.43051E+01 2.20053E+01 7.63262E+02
2.39079E+01 2.61990E+01 2.62045E+01 2.85269E+01 2.85256E+01 2.85258E+01 2.85275E+01 2.62045E+01 2.61990E+01 2.39079E+01 8.26199E+02
2.58709E+01 2.81535E+01 2.81590E+01 3.04711E+01 3.04698E+01 3.04700E+01 3.04718E+01 2.81590E+01 2.81535E+01 2.58709E+01 8.91218E+02
2.78930E+01 3.01673E+01 3.01728E+01 3.24750E+01 3.24737E+01 3.24739E+01 3.24757E+01 3.01728E+01 3.01673E+01 2.78930E+01 9.58260E+02
2.99728E+01 3.22391E+01 3.22447E+01 3.45372E+01 3.45359E+01 3.45361E+01 3.45379E+01 3.22447E+01 3.22391E+01 2.99728E+01 1.02726E+03
3.21092E+01 3.43677E+01 3.43733E+01 3.66565E+01 3.66552E+01 3.66554E+01 3.66572E+01 3.43733E+01 3.43677E+01 3.21092E+01 1.09818E+03
3.43009E+01 3.65519E+01 3.65575E+01 3.88317E+01 3.88304E+01 3.88305E+01 3.88324E+01 3.65575E+01 3.65519E+01 3.43009E+01 1.17093E+03
3.65468E+01 3.87904E+01 3.87960E+01 4.10615E+01 4.10602E+01 4.10603E+01 4.10622E+01 3.87960E+01 3.87904E+01 3.65468E+01 1.24548E+03
3.88456E+01 4.10822E+01 4.10878E+01 4.33447E+01 4.33434E+01 4.33436E+01 4.33454E+01 4.10878E+01 4.10822E+01 3.88456E+01 1.32177E+03
4.11964E+01 4.34261E+01 4.34317E+01 4.56803E+01 4.56790E+01 4.56791E+01 4.56810E+01 4.34317E+01 4.34261E+01 4.11964E+01 1.39974E+03
4.35980E+01 4.58209E+01 4.58265E+01 4.80670E+01 4.80657E+01 4.80659E+01 4.80677E+01 4.58265E+01 4.58209E+01 4.35980E+01 1.47935E+03
4.60492E+01 4.82655E+01 4.82711E+01 5.05038E+01 5.05025E+01 5.05027E+01 5.05045E+01 4.82711E+01 4.82655E+01 4.60492E+01 1.56053E+03
4.85490E+01 5.07589E+01 5.07646E+01 5.29896E+01 5.29883E+01 5.29884E+01 5.29903E+01 5.07646E+01 5.07589E+01 4.85490E+01 1.64324E+03
5.10964E+01 5.33001E+01 5.33057E+01 5.55233E+01 5.55219E+01 5.55221E+01 5.55240E+01 5.33057E+01 5.33001E+01 5.10964E+01 1.72744E+03
5.36903E+01 5.58879E+01 5.58936E+01 5.81038E+01 5.81025E+01 5.81027E+01 5.81046E+01 5.58936E+01 5.58879E+01 5.36903E+01 1.81307E+03
5.63298E+01 5.85214E+01 5.85271E+01 6.07303E+01 6.07289E+01 6.07291E+01 6.07310E+01 5.85271E+01 5.85214E+01 5.63298E+01 1.90009E+03
5.90139E+01 6.11997E+01 6.12054E+01 6.34016E+01 6.34002E+01 6.34004E+01 6.34024E+01 6.12054E+01 6.11997E+01 5.90139E+01 1.98845E+03
6.17415E+01 6.39217E+01 6.39274E+01 6.61168E+01 6.61154E+01 6.61156E+01 6.61176E+01 6.39273E+01 6.39217E+01 6.17415E+01 2.07812E+03
6.45119E+01 6.66864E+01 6.66921E+01 6.88750E+01 6.88736E+01 6.88738E+01 6.88757E+01 6.66921E+01 6.66864E+01 6.45119E+01 2.16904E+03
6.73239E+01 6.94931E+01 6.94988E+01 7.16751E+01 7.16738E+01 7.16740E+01 7.16759E+01 6.94988E+01 6.94931E+01 6.73239E+01 2.26118E+03
7.01769E+01 7.23407E+01 7.23464E+01 7.45164E+01 7.45151E+01 7.45152E+01 7.45172E+01 7.23464E+01 7.23407E+01 7.01769E+01 2.35450E+03
7.30698E+01 7.52284E+01 7.52341E+01 7.73979E+01 7.73966E+01 7.73968E+01 7.73987E+01 7.52341E+01 7.52284E+01 7.30698E+01 2.44897E+03
7.60019E+01 7.81554E+01 7.81611E+01 8.03188E+01 8.03175E+01 8.03176E+01 8.03196E+01 7.81611E+01 7.81554E+01 7.60019E+01 2.54453E+03
7.89722E+01 8.11207E+01 8.11264E+01 8.32782E+01 8.32768E+01 8.32770E+01 8.32790E+01 8.11264E+01 8.11207E+01 7.89722E+01 2.64116E+03
8.19800E+01 8.41236E+01 8.41293E+01 8.62753E+01 8.62739E+01 8.62741E+01 8.62761E+01 8.41293E+01 8.41236E+01 8.19800E+01 2.73883E+03
0.00000E+00 0.00000E+00 -6.22747E-02 2.54023E+00 2.53911E+00 2.53924E+00 2.54074E+00 -6.22832E-02 0.00000E+00 0.00000E+00 -2.91936E+00
0.00000E+00 0.00000E+00 -2.49979E-02 2.52024E+00 2.51909E+00 2.51920E+00 2.52073E+00 -2.50066E-02 0.00000E+00 0.00000E+00 -7.80509E-01
0.00000E+00 9.42159E-02 9.94849E-02 2.59787E+00 2.59670E+00 2.59680E+00 2.59836E+00 9.94761E-02 9.42159E-02 0.00000E+00 2.43094E+00
0.00000E+00 3.03968E-01 3.09250E-01 2.76753E+00 2.76634E+00 2.76643E+00 2.76801E+00 3.09241E-01 3.03968E-01 0.00000E+00 7.02576E+00
0.00000E+00 5.97206E-01 6.02502E-01 3.02556E+00 3.02436E+00 3.02445E+00 3.02605E+00 6.02493E-01 5.97206E-01 0.00000E+00 1.33675E+01
0.00000E+00 9.70607E-01 9.75917E-01 3.36763E+00 3.36641E+00 3.36649E+00 3.36812E+00 9.75909E-01 9.70607E-01 0.00000E+00 2.17017E+01
0.00000E+00 1.42086E+00 1.42619E+00 3.78968E+00 3.78844E+00 3.78852E+00 3.79016E+00 1.42618E+00 1.42086E+00 0.00000E+00 3.22112E+01
0.00000E+00 1.94489E+00 1.95023E+00 4.28808E+00 4.28683E+00 4.28691E+00 4.28857E+00 1.95022E+00 1.94489E+00 0.00000E+00 4.50242E+01
2.11792E-01 2.50362E+00 2.50898E+00 4.82347E+00 4.82220E+00 4.82228E+00 4.82396E+00 2.50897E+00 2.50362E+00 2.11792E-01 6.02770E+01
8.05947E-01 3.07982E+00 3.08519E+00 5.37820E+00 5.37693E+00 5.37701E+00 5.37871E+00 3.08518E+00 3.07982E+00 8.05947E-01 7.79529E+01
1.47337E+00 3.73046E+00 3.73585E+00 6.00883E+00 6.00754E+00 6.00762E+00 6.00934E+00 3.73584E+00 3.73046E+00 1.47337E+00 9.79592E+01
2.21232E+00 4.45367E+00 4.45907E+00 6.71329E+00 6.71199E+00 6.71207E+00 6.71381E+00 4.45906E+00 4.45367E+00 2.21232E+00 1.20310E+02
3.02107E+00 5.24760E+00 5.25301E+00 7.48959E+00 7.48828E+00 7.48836E+00 7.49012E+00 5.25301E+00 5.24760E+00 3.02107E+00 1.45004E+02
3.89792E+00 6.11046E+00 6.11589E+00 8.33583E+00 8.33451E+00 8.33460E+00 8.33636E+00 6.11588E+00 6.11046E+00 3.89792E+00 1.72026E+02
4.84125E+00 7.04053E+00 7.04598E+00 9.25017E+00 9.24885E+00 9.24893E+00 9.25072E+00 7.04597E+00 7.04053E+00 4.84125E+00 2.01352E+02
5.84942E+00 8.03612E+00 8.04159E+00 1.02309E+01 1.02295E+01 1.02296E+01 1.02314E+01 8.04158E+00 8.03612E+00 5.84942E+00 2.32947E+02
6.92090E+00 9.09562E+00 9.10110E+00 1.12762E+01 1.12748E+01 1.12749E+01 1.12767E+01 9.10109E+00 9.09562E+00 6.92090E+00 2.66772E+02
8.05414E+00 1.02174E+01 1.02229E+01 1.23845E+01 1.23831E+01 1.23832E+01 1.23851E+01 1.02229E+01 1.02174E+01 8.05414E+00 3.02782E+02
9.24766E+00 1.14000E+01 1.14056E+01 1.35542E+01 1.35528E+01 1.35529E+01 1.35548E+01 1.14056E+01 1.14000E+01 9.24766E+00 3.40927E+02
1.05000E+01 1.26420E+01 1.26475E+01 1.47838E+01 1.47824E+01 1.47825E+01 1.47844E+01 1.26475E+01 1.26420E+01 1.05000E+01 3.81155E+02
1.18098E+01 1.39417E+01 1.39473E+01 1.60717E+01 1.60704E+01 1.60705E+01 1.60723E+01 1.39473E+01 1.39417E+01 1.18098E+01 4.23412E+02
1.31756E+01 1.52979E+01 1.53035E+01 1.74166E+01 1.74152E+01 1.74153E+01 1.74172E+01 1.53035E+01 1.52979E+01 1.31756E+01 4.67643E+02
1.45962E+01 1.67092E+01 1.67148E+01 1.88170E+01 1.88156E+01 1.88157E+01 1.88176E+01 1.67148E+01 1.67092E+01 1.45962E+01 5.13792E+02
1.60701E+01 1.81742E+01 1.81798E+01 2.02715E+01 2.02701E+01 2.02702E+01 2.02721E+01 1.81798E+01 1.81742E+01 1.60701E+01 5.61801E+02
1.75961E+01 1.96916E+01 1.96972E+01 2.17788E+01 2.17774E+01 2.17775E+01 2.17795E+01 1.96972E+01 1.96916E+01 1.75961E+01 6.11615E+02
1.91730E+01 2.12602E+01 2.12658E+01 2.33376E+01 2.33362E+01 2.33364E+01 2.33383E+01 2.12658E+01 2.12602E+01 1.91730E+01 6.63178E+02
2.07995E+01 2.28787E+01 2.28843E+01 2.49467E+01 2.49453E+01 2.49454E+01 2.49474E+01 2.28843E+01 2.28787E+01 2.07995E+01 7.16433E+02
2.24744E+01 2.45459E+01 2.45515E+01 2.66048E+01 2.66034E+01 2.66035E+01 2.66055E+01 2.45515E+01 2.45459E+01 2.24744E+01 7.71327E+02
2.41967E+01 2.62606E+01 2.62663E+01 2.83107E+01 2.83093E+01 2.83094E+01 2.83114E+01 2.62662E+01 2.62606E+01 2.41967E+01 8.27806E+02
2.59651E+01 2.80217E+01 2.80274E+01 3.00633E+01 3.00619E+01 3.00620E+01 3.00640E+01 2.80274E+01 2.80217E+01 2.59651E+01 8.85816E+02
2.77785E+01 2.98280E+01 2.98337E+01 3.18614E+01 3.18600E+01 3.18601E+01 3.18621E+01 2.98337E+01 2.98280E+01 2.77785E+01 9.45307E+02
2.96359E+01 3.16785E+01 3.16842E+01 3.37039E+01 3.37025E+01 3.37026E+01 3.37046E+01 3.16842E+01 3.16785E+01 2.96359E+01 1.00623E+03
3.15361E+01 3.35722E+01 3.35779E+01 3.55897E+01 3.55883E+01 3.55884E+01 3.55904E+01 3.35779E+01 3.35722E+01 3.15361E+01 1.06853E+03
3.34783E+01 3.55078E+01 3.55135E+01 3.75178E+01 3.75164E+01 3.75165E+01 3.75185E+01 3.55135E+01 3.55078E+01 3.34783E+01 1.13217E+03
3.54613E+01 3.74845E+01 3.74902E+01 3.94871E+01 3.94857E+01 3.94858E+01 3.94879E+01 3.74902E+01 3.74845E+01 3.54613E+01 1.19709E+03
3.74842E+01 3.95012E+01 3.95070E+01 4.14967E+01 4.14953E+01 4.14954E+01 4.14975E+01 3.95070E+01 3.95012E+01 3.74842E+01 1.26325E+03
3.95460E+01 4.15571E+01 4.15628E+01 4.35456E+01 4.35441E+01 4.35443E+01 4.35463E+01 4.15628E+01 4.15571E+01 3.95460E+01 1.33062E+03
4.16458E+01 4.36510E+01 4.36568E+01 4.56327E+01 4.56313E+01 4.56314E+01 4.56335E+01 4.36568E+01 4.36510E+01 4.16458E+01 1.39914E+03
4.37826E+01 4.57822E+01 4.57880E+01 4.77573E+01 4.77558E+01 4.77560E+01 4.77581E+01 4.57880E+01 4.57822E+01 4.37826E+01 1.46877E+03
4.59557E+01 4.79497E+01 4.79555E+01 4.99183E+01 4.99169E+01 4.99170E+01 4.99192E+01 4.79555E+01 4.79497E+01 4.59557E+01 1.53948E+03
4.81641E+01 5.01527E+01 5.01585E+01 5.21150E+01 5.21135E+01 5.21137E+01 5.21158E+01 5.01585E+01 5.01527E+01 4.81641E+01 1.61123E+03
5.04070E+01 5.23902E+01 5.23961E+01 5.43464E+01 5.43449E+01 5.43451E+01 5.43473E+01 5.23961E+01 5.23902E+01 5.04070E+01 1.68397E+03
5.26835E+01 5.46616E+01 5.46674E+01 5.66117E+01 5.66103E+01 5.66104E+01 5.66126E+01 5.46674E+01 5.46616E+01 5.26835E+01 1.75768E+03
5.49928E+01 5.69659E+01 5.69717E+01 5.89102E+01 5.89087E+01 5.89089E+01 5.89110E+01 5.69717E+01 5.69659E+01 5.49928E+01 1.83232E+03
5.73343E+01 5.93023E+01 5.93082E+01 6.12409E+01 6.12394E+01 6.12396E+01 6.12418E+01 5.93082E+01 5.93023E+01 5.73343E+01 1.90785E+03
5.97070E+01 6.16702E+01 6.16761E+01 6.36032E+01 6.36017E+01 6.36018E+01 6.36040E+01 6.16761E+01 6.16702E+01 5.97070E+01 1.98425E+03
6.21103E+01 6.40687E+01 6.40746E+01 6.59962E+01 6.59947E+01 6.59949E+01 6.59971E+01 6.40746E+01 6.40687E+01 6.21103E+01 2.06147E+03
6.45434E+01 6.64972E+01 6.65031E+01 6.84192E+01 6.84177E+01 6.84179E+01 6.84201E+01 6.65031E+01 6.64972E+01 6.45434E+01 2.13950E+03
6.70056E+01 6.89548E+01 6.89608E+01 7.08716E+01 7.08701E+01 7.08703E+01 7.08725E+01 6.89608E+01 6.89548E+01 6.70056E+01 2.21829E+03
6.94962E+01 7.14410E+01 7.14469E+01 7.33526E+01 7.33511E+01 7.33513E+01 7.33535E+01 7.14469E+01 7.14410E+01 6.94962E+01 2.29783E+03
0.00000E+00 0.00000E+00 -5.96879E-02 2.25169E+00 2.25045E+00 2.25043E+00 2.25193E+00 -5.96994E-02 0.00000E+00 0.00000E+00 -2.67962E+00
0.00000E+00 0.00000E+00 -2.34673E-02 2.23704E+00 2.23577E+00 2.23575E+00 2.23729E+00 -2.34779E-02 0.00000E+00 0.00000E+00 -7.20826E-01
0.00000E+00 8.83834E-02 9.36137E-02 2.31250E+00 2.31120E+00 2.31118E+00 2.31277E+00 9.36039E-02 8.83834E-02 0.00000E+00 2.25253E+00
0.00000E+00 2.82805E-01 2.88063E-01 2.47132E+00 2.47000E+00 2.46999E+00 2.47161E+00 2.88054E-01 2.82805E-01 0.00000E+00 6.51506E+00
0.00000E+00 5.51824E-01 5.57109E-01 2.70908E+00 2.70775E+00 2.70773E+00 2.70939E+00 5.57101E-01 5.51824E-01 0.00000E+00 1.23822E+01
0.00000E+00 8.91611E-01 8.96923E-01 3.02104E+00 3.01969E+00 3.01968E+00 3.02137E+00 8.96915E-01 8.91611E-01 0.00000E+00 2.00542E+01
0.00000E+00 1.29859E+00 1.30392E+00 3.40297E+00 3.40161E+00 3.40160E+00 3.40332E+00 1.30392E+00 1.29859E+00 0.00000E+00 2.96718E+01
0.00000E+00 1.76953E+00 1.77490E+00 3.85116E+00 3.84978E+00 3.84979E+00 3.85153E+00 1.77489E+00 1.76953E+00 0.00000E+00 4.13263E+01
1.91100E-01 2.27105E+00 2.27644E+00 4.33195E+00 4.33056E+00 4.33056E+00 4.33234E+00 2.27643E+00 2.27105E+00 1.91100E-01 5.50870E+01
7.25000E-01 2.78858E+00 2.79399E+00 4.83042E+00 4.82902E+00 4.82903E+00 4.83083E+00 2.79399E+00 2.78858E+00 7.25000E-01 7.08977E+01
1.32157E+00 3.36985E+00 3.37529E+00 5.39392E+00 5.39251E+00 5.39253E+00 5.39435E+00 3.37529E+00 3.36985E+00 1.32157E+00 8.87023E+01
1.97894E+00 4.01287E+00 4.01834E+00 6.02030E+00 6.01887E+00 6.01890E+00 6.02075E+00 4.01833E+00 4.01287E+00 1.97894E+00 1.08498E+02
2.69531E+00 4.71573E+00 4.72123E+00 6.70751E+00 6.70607E+00 6.70610E+00 6.70798E+00 4.72122E+00 4.71573E+00 2.69531E+00 1.30271E+02
3.46895E+00 5.47662E+00 5.48214E+00 7.45363E+00 7.45219E+00 7.45222E+00 7.45412E+00 5.48213E+00 5.47662E+00 3.46895E+00 1.53995E+02
4.29820E+00 6.29379E+00 6.29933E+00 8.25684E+00 8.25539E+00 8.25543E+00 8.25735E+00 6.29933E+00 6.29379E+00 4.29820E+00 1.79637E+02
5.18147E+00 7.16559E+00 7.17116E+00 9.11540E+00 9.11394E+00 9.11399E+00 9.11593E+00 7.17115E+00 7.16559E+00 5.18147E+00 2.07157E+02
6.11722E+00 8.09042E+00 8.09601E+00 1.00276E+01 1.00262E+01 1.00262E+01 1.00282E+01 8.09601E+00 8.09042E+00 6.11722E+00 2.36513E+02
7.10397E+00 9.06676E+00 9.07237E+00 1.09920E+01 1.09905E+01 1.09906E+01 1.09926E+01 9.07236E+00 9.06676E+00 7.10397E+00 2.67655E+02
8.14029E+00 1.00931E+01 1.00988E+01 1.20069E+01 1.20054E+01 1.20055E+01 1.20075E+01 1.00988E+01 1.00931E+01 8.14029E+00 3.00534E+02
9.22479E+00 1.11681E+01 1.11738E+01 1.30709E+01 1.30694E+01 1.30695E+01 1.30715E+01 1.11738E+01 1.11681E+01 9.22479E+00 3.35100E+02
1.03562E+01 1.22903E+01 1.22960E+01 1.41827E+01 1.41812E+01 1.41812E+01 1.41833E+01 1.22960E+01 1.22903E+01 1.03562E+01 3.71299E+02
1.15331E+01 1.34585E+01 1.34642E+01 1.53407E+01 1.53392E+01 1.53393E+01 1.53414E+01 1.34642E+01 1.34585E+01 1.15331E+01 4.09078E+02
1.27543E+01 1.46713E+01 1.46770E+01 1.65439E+01 1.65423E+01 1.65424E+01 1.65445E+01 1.46770E+01 1.46713E+01 1.27543E+01 4.48386E+02
1.40186E+01 1.59275E+01 1.59332E+01 1.77907E+01 1.77892E+01 1.77893E+01 1.77914E+01 1.59332E+01 1.59275E+01 1.40186E+01 4.89169E+02
1.53249E+01 1.72258E+01 1.72316E+01 1.90802E+01 1.90787E+01 1.90788E+01 1.90809E+01 1.72316E+01 1.72258E+01 1.53249E+01 5.31376E+02
1.66719E+01 1.85653E+01 1.85711E+01 2.04110E+01 2.04094E+01 2.04095E+01 2.04117E+01 1.85711E+01 1.85653E+01 1.66719E+01 5.74957E+02
1.80585E+01 1.99446E+01 1.99504E+01 2.17820E+01 2.17804E+01 2.17805E+01 2.17827E+01 1.99504E+01 1.99446E+01 1.80585E+01 6.19860E+02
1.94838E+01 2.13628E+01 2.13687E+01 2.31921E+01 2.31905E+01 2.31907E+01 2.31928E+01 2.13686E+01 2.13628E+01 1.94838E+01 6.66038E+02
2.09466E+01 2.28188E+01 2.28246E+01 2.46402E+01 2.46387E+01 2.46388E+01 2.46410E+01 2.28246E+01 2.28188E+01 2.09466E+01 7.13443E+02
2.24459E+01 2.43115E+01 2.43173E+01 2.61253E+01 2.61238E+01 2.61239E+01 2.61261E+01 2.43173E+01 2.43115E+01 2.24459E+01 7.62029E+02
2.39808E+01 2.58399E+01 2.58458E+01 2.76464E+01 2.76448E+01 2.76450E+01 2.76472E+01 2.58458E+01 2.58399E+01 2.39808E+01 8.11751E+02
2.55502E+01 2.74031E+01 2.74090E+01 2.92025E+01 2.92009E+01 2.92011E+01 2.92033E+01 2.74090E+01 2.74031E+01 2.55502E+01 8.62564E+02
2.71533E+01 2.90001E+01 2.90060E+01 3.07926E+01 3.07910E+01 3.07912E+01 3.07934E+01 2.90060E+01 2.90001E+01 2.71533E+01 9.14428E+02
2.87892E+01 3.06300E+01 3.06359E+01 3.24158E+01 3.24142E+01 3.24144E+01 3.24166E+01 3.06359E+01 3.06300E+01 2.87892E+01 9.67301E+02
3.04568E+01 3.22919E+01 3.22979E+01 3.40712E+01 3.40696E+01 3.40698E+01 3.40721E+01 3.22979E+01 3.22919E+01 3.04568E+01 1.02114E+03
3.21555E+01 3.39850E+01 3.39910E+01 3.57579E+01 3.57563E+01 3.57565E+01 3.57588E+01 3.39910E+01 3.39850E+01 3.21555E+01 1.07592E+03
3.38844E+01 3.57085E+01 3.57144E+01 3.74752E+01 3.74736E+01 3.74737E+01 3.74761E+01 3.57144E+01 3.57085E+01 3.38844E+01 1.13159E+03
3.56427E+01 3.74614E+01 3.74674E+01 3.92221E+01 3.92205E+01 3.92206E+01 3.92230E+01 3.74674E+01 3.74614E+01 3.56427E+01 1.18812E+03
3.74295E+01 3.92430E+01 3.92490E+01 4.09978E+01 4.09962E+01 4.09964E+01 4.09988E+01 3.92490E+01 3.92430E+01 3.74295E+01 1.24547E+03
3.92441E+01 4.10526E+01 4.10586E+01 4.28017E+01 4.28001E+01 4.28002E+01 4.28026E+01 4.10586E+01 4.10526E+01 3.92441E+01 1.30361E+03
4.10859E+01 4.28894E+01 4.28954E+01 4.46328E+01 4.46312E+01 4.46314E+01 4.46338E+01 4.28954E+01 4.28894E+01 4.10859E+01 1.36252E+03
4.29539E+01 4.47526E+01 4.47587E+01 4.64906E+01 4.64890E+01 4.64892E+01 4.64916E+01 4.47587E+01 4.47526E+01 4.29539E+01 1.42215E+03
4.48477E+01 4.66416E+01 4.66477E+01 4.83743E+01 4.83727E+01 4.83729E+01 4.83753E+01 4.66477E+01 4.66416E+01 4.48477E+01 1.48248E+03
4.67663E+01 4.85557E+01 4.85618E+01 5.02831E+01 5.02815E+01 5.02817E+01 5.02842E+01 4.85618E+01 4.85557E+01 4.67663E+01 1.54348E+03
4.87093E+01 5.04941E+01 5.05003E+01 5.22165E+01 5.22149E+01 5.22151E+01 5.22175E+01 5.05003E+01 5.04941E+01 4.87093E+01 1.60513E+03
5.06760E+01 5.24564E+01 5.24625E+01 5.41737E+01 5.41721E+01 5.41723E+01 5.41748E+01 5.24625E+01 5.24564E+01 5.06760E+01 1.66739E+03
5.26657E+01 5.44417E+01 5.44479E+01 5.61542E+01 5.61526E+01 5.61528E+01 5.61553E+01 5.44479E+01 5.44417E+01 5.26657E+01 1.73024E+03
5.46778E+01 5.64496E+01 5.64558E+01 5.81573E+01 5.81557E+01 5.81559E+01 5.81584E+01 5.64558E+01 5.64496E+01 5.46778E+01 1.79366E+03
5.67117E+01 5.84794E+01 5.84856E+01 6.01824E+01 6.01807E+01 6.01810E+01 6.01835E+01 5.84856E+01 5.84794E+01 5.67117E+01 1.85762E+03
5.87669E+01 6.05305E+01 6.05367E+01 6.22289E+01 6.22273E+01 6.22275E+01 6.22300E+01 6.05367E+01 6.05305E+01 5.87669E+01 1.92210E+03
0.00000E+00 0.00000E+00 -5.76693E-02 1.99514E+00 1.99377E+00 1.99368E+00 1.99524E+00 -5.76748E-02 0.00000E+00 0.00000E+00 -2.46871E+00
0.00000E+00 0.00000E+00 -2.20568E-02 1.98555E+00 1.98415E+00 1.98408E+00 1.98570E+00 -2.20615E-02 0.00000E+00 0.00000E+00 -6.67781E-01
0.00000E+00 8.30811E-02 8.83401E-02 2.05897E+00 2.05755E+00 2.05748E+00 2.05916E+00 8.83360E-02 8.30811E-02 0.00000E+00 2.09331E+00
0.00000E+00 2.63414E-01 2.68718E-01 2.20769E+00 2.20624E+00 2.20619E+00 2.20793E+00 2.68715E-01 2.63414E-01 0.00000E+00 6.05419E+00
0.00000E+00 5.10180E-01 5.15528E-01 2.42670E+00 2.42524E+00 2.42520E+00 2.42698E+00 5.15525E-01 5.10180E-01 0.00000E+00 1.14855E+01
0.00000E+00 8.19194E-01 8.24584E-01 2.71101E+00 2.70953E+00 2.70950E+00 2.71133E+00 8.24581E-01 8.19194E-01 0.00000E+00 1.85462E+01
0.00000E+00 1.18672E+00 1.19215E+00 3.05630E+00 3.05480E+00 3.05478E+00 3.05665E+00 1.19215E+00 1.18672E+00 0.00000E+00 2.73404E+01
0.00000E+00 1.60948E+00 1.61495E+00 3.45885E+00 3.45734E+00 3.45733E+00 3.45925E+00 1.61495E+00 1.60948E+00 0.00000E+00 3.79273E+01
1.72202E-01 2.05905E+00 2.06455E+00 3.89001E+00 3.88849E+00 3.88849E+00 3.89044E+00 2.06455E+00 2.05905E+00 1.72202E-01 5.03220E+01
6.51265E-01 2.52318E+00 2.52873E+00 4.33723E+00 4.33570E+00 4.33571E+00 4.33770E+00 2.52873E+00 2.52318E+00 6.51265E-01 6.44380E+01
1.18365E+00 3.04162E+00 3.04720E+00 4.83989E+00 4.83834E+00 4.83836E+00 4.84039E+00 3.04720E+00 3.04162E+00 1.18365E+00 8.02504E+01
1.76743E+00 3.61232E+00 3.61794E+00 5.39580E+00 5.39424E+00 5.39428E+00 5.39634E+00 3.61793E+00 3.61232E+00 1.76743E+00 9.77444E+01
2.40079E+00 4.23337E+00 4.23902E+00 6.00296E+00 6.00139E+00 6.00143E+00 6.00352E+00 4.23902E+00 4.23337E+00 2.40079E+00 1.16895E+02
3.08203E+00 4.90297E+00 4.90866E+00 6.65946E+00 6.65788E+00 6.65793E+00 6.66005E+00 4.90866E+00 4.90297E+00 3.08203E+00 1.37670E+02
3.80951E+00 5.61944E+00 5.62516E+00 7.36352E+00 7.36193E+00 7.36200E+00 7.36415E+00 5.62516E+00 5.61944E+00 3.80951E+00 1.60030E+02
4.58168E+00 6.38115E+00 6.38690E+00 8.11348E+00 8.11188E+00 8.11196E+00 8.11414E+00 6.38690E+00 6.38115E+00 4.58168E+00 1.83934E+02
5.39707E+00 7.18658E+00 7.19237E+00 8.90774E+00 8.90613E+00 8.90622E+00 8.90843E+00 7.19237E+00 7.18658E+00 5.39707E+00 2.09335E+02
6.25427E+00 8.03429E+00 8.04011E+00 9.74480E+00 9.74319E+00 9.74328E+00 9.74552E+00 8.04011E+00 8.03429E+00 6.25427E+00 2.36185E+02
7.15194E+00 8.92289E+00 8.92874E+00 1.06232E+01 1.06216E+01 1.06217E+01 1.06240E+01 8.92874E+00 8.92289E+00 7.15194E+00 2.64437E+02
8.08878E+00 9.85104E+00 9.85692E+00 1.15417E+01 1.15400E+01 1.15401E+01 1.15424E+01 9.85692E+00 9.85104E+00 8.08878E+00 2.94040E+02
9.06355E+00 1.08175E+01 1.08234E+01 1.24988E+01 1.24972E+01 1.24973E+01 1.24996E+01 1.08234E+01 1.08175E+01 9.06355E+00 3.24946E+02
1.00751E+01 1.18210E+01 1.18269E+01 1.34934E+01 1.34917E+01 1.34919E+01 1.34942E+01 1.18269E+01 1.18210E+01 1.00751E+01 3.57104E+02
1.11222E+01 1.28604E+01 1.28664E+01 1.45242E+01 1.45225E+01 1.45227E+01 1.45251E+01 1.28664E+01 1.28604E+01 1.11222E+01 3.90468E+02
1.22038E+01 1.39346E+01 1.39406E+01 1.55901E+01 1.55885E+01 1.55886E+01 1.55910E+01 1.39406E+01 1.39346E+01 1.22038E+01 4.24988E+02
1.33188E+01 1.50425E+01 1.50485E+01 1.66900E+01 1.66884E+01 1.66885E+01 1.66909E+01 1.50485E+01 1.50425E+01 1.33188E+01 4.60619E+02
1.44662E+01 1.61830E+01 1.61890E+01 1.78229E+01 1.78212E+01 1.78214E+01 1.78238E+01 1.61890E+01 1.61830E+01 1.44662E+01 4.97315E+02
1.56450E+01 1.73551E+01 1.73612E+01 1.89876E+01 1.89859E+01 1.89861E+01 1.89885E+01 1.73612E+01 1.73551E+01 1.56450E+01 5.35033E+02
1.68543E+01 1.85579E+01 1.85640E+01 2.01832E+01 2.01815E+01 2.01817E+01 2.01842E+01 1.85640E+01 1.85579E+01 1.68543E+01 5.73729E+02
1.80930E+01 1.97904E+01 1.97966E+01 2.14088E+01 2.14071E+01 2.14073E+01 2.14098E+01 1.97966E+01 1.97904E+01 1.80930E+01 6.13362E+02
1.93604E+01 2.10517E+01 2.10579E+01 2.26634E+01 2.26617E+01 2.26619E+01 2.26644E+01 2.10579E+01 2.10517E+01 1.93604E+01 6.53892E+02
2.06555E+01 2.23410E+01 2.23472E+01 2.39461E+01 2.39444E+01 2.39446E+01 2.39472E+01 2.23472E+01 2.23410E+01 2.06555E+01 6.95280E+02
2.19776E+01 2.36573E+01 2.36635E+01 2.52561E+01 2.52544E+01 2.52547E+01 2.52572E+01 2.36635E+01 2.36573E+01 2.19776E+01 7.37490E+02
2.33257E+01 2.49999E+01 2.50062E+01 2.65926E+01 2.65909E+01 2.65911E+01 2.65937E+01 2.50062E+01 2.49999E+01 2.33257E+01 7.80485E+02
2.46992E+01 2.63680E+01 2.63743E+01 2.79547E+01 2.79530E+01 2.79532E+01 2.79558E+01 2.63743E+01 2.63680E+01 2.46992E+01 8.24231E+02
2.60972E+01 2.77607E+01 2.77670E+01 2.93416E+01 2.93399E+01 2.93402E+01 2.93428E+01 2.77670E+01 2.77607E+01 2.60972E+01 8.68694E+02
2.75190E+01 2.91775E+01 2.91838E+01 3.07527E+01 3.07510E+01 3.07512E+01 3.07539E+01 2.91838E+01 2.91775E+01 2.75190E+01 9.13843E+02
2.89639E+01 3.06174E+01 3.06237E+01 3.21872E+01 3.21854E+01 3.21857E+01 3.21884E+01 3.06237E+01 3.06174E+01 2.89639E+01 9.59647E+02
3.04312E+01 3.20799E+01 3.20862E+01 3.36443E+01 3.36426E+01 3.36428E+01 3.36455E+01 3.20863E+01 3.20799E+01 3.04312E+01 1.00608E+03
3.19203E+01 3.35642E+01 3.35706E+01 3.51234E+01 3.51217E+01 3.51220E+01 3.51247E+01 3.35706E+01 3.35642E+01 3.19203E+01 1.05310E+03
3.34305E+01 3.50698E+01 3.50762E+01 3.66239E+01 3.66222E+01 3.66224E+01 3.66252E+01 3.50762E+01 3.50698E+01 3.34305E+01 1.10070E+03
3.49611E+01 3.65959E+01 3.66024E+01 3.81451E+01 3.81433E+01 3.81436E+01 3.81464E+01 3.66024E+01 3.65959E+01 3.49611E+01 1.14884E+03
3.65116E+01 3.81420E+01 3.81485E+01 3.96863E+01 3.96846E+01 3.96849E+01 3.96876E+01 3.81485E+01 3.81420E+01 3.65116E+01 1.19750E+03
3.80814E+01 3.97075E+01 3.97140E+01 4.12470E+01 4.12453E+01 4.12456E+01 4.12484E+01 3.97140E+01 3.97075E+01 3.80814E+01 1.24665E+03
3.96699E+01 4.12917E+01 4.12982E+01 4.28266E+01 4.28249E+01 4.28252E+01 4.28280E+01 4.12982E+01 4.12917E+01 3.96699E+01 1.29628E+03
4.12765E+01 4.28942E+01 4.29007E+01 4.44246E+01 4.44228E+01 4.44232E+01 4.44260E+01 4.29007E+01 4.28942E+01 4.12765E+01 1.34635E+03
4.29007E+01 4.45144E+01 4.45209E+01 4.60403E+01 4.60386E+01 4.60389E+01 4.60417E+01 4.45209E+01 4.45144E+01 4.29007E+01 1.39685E+03
4.45420E+01 4.61517E+01 4.61583E+01 4.76733E+01 4.76716E+01 4.76719E+01 4.76748E+01 4.61583E+01 4.61517E+01 4.45420E+01 1.44776E+03
4.61998E+01 4.78057E+01 4.78123E+01 4.93231E+01 4.93213E+01 4.93217E+01 4.93245E+01 4.78123E+01 4.78057E+01 4.61998E+01 1.49906E+03
4.78738E+01 4.94759E+01 4.94825E+01 5.09891E+01 5.09873E+01 5.09877E+01 5.09906E+01 4.94825E+01 4.94759E+01 4.78738E+01 1.55073E+03
4.95634E+01 5.11617E+01 5.11683E+01 5.26709E+01 5.26691E+01 5.26694E+01 5.26723E+01 5.11683E+01 5.11617E+01 4.95634E+01 1.60274E+03
0.00000E+00 0.00000E+00 -5.61320E-02 1.76700E+00 1.76550E+00 1.76542E+00 1.76716E+00 -5.61315E-02 0.00000E+00 0.00000E+00 -2.28362E+00
0.00000E+00 0.00000E+00 -2.07308E-02 1.76224E+00 1.76070E+00 1.76064E+00 1.76247E+00 -2.07300E-02 0.00000E+00 0.00000E+00 -6.20703E-01
0.00000E+00 7.82472E-02 8.36149E-02 1.83372E+00 1.83216E+00 1.83212E+00 1.83402E+00 8.36160E-02 7.82472E-02 0.00000E+00 1.95112E+00
0.00000E+00 2.45607E-01 2.51041E-01 1.97301E+00 1.97142E+00 1.97141E+00 1.97337E+00 2.51042E-01 2.45607E-01 0.00000E+00 5.63767E+00
0.00000E+00 4.71908E-01 4.77405E-01 2.17467E+00 2.17306E+00 2.17306E+00 2.17509E+00 4.77407E-01 4.71908E-01 0.00000E+00 1.06678E+01
0.00000E+00 7.52740E-01 7.58298E-01 2.43357E+00 2.43194E+00 2.43196E+00 2.43405E+00 7.58299E-01 7.52740E-01 0.00000E+00 1.71638E+01
0.00000E+00 1.08430E+00 1.08991E+00 2.74538E+00 2.74374E+00 2.74377E+00 2.74591E+00 1.08992E+00 1.08430E+00 0.00000E+00 2.51970E+01
0.00000E+00 1.46333E+00 1.46900E+00 3.10648E+00 3.10482E+00 3.10487E+00 3.10706E+00 1.46901E+00 1.46333E+00 0.00000E+00 3.48003E+01
1.54948E-01 1.86575E+00 1.87148E+00 3.49255E+00 3.49088E+00 3.49094E+00 3.49319E+00 1.87148E+00 1.86575E+00 1.54948E-01 4.59447E+01
5.84130E-01 2.28133E+00 2.28710E+00 3.89311E+00 3.89142E+00 3.89150E+00 3.89379E+00 2.28710E+00 2.28133E+00 5.84130E-01 5.85220E+01
1.05841E+00 2.74288E+00 2.74871E+00 4.34065E+00 4.33896E+00 4.33905E+00 4.34138E+00 2.74871E+00 2.74288E+00 1.05841E+00 7.25337E+01
1.57587E+00 3.24842E+00 3.25429E+00 4.83306E+00 4.83136E+00 4.83146E+00 4.83383E+00 3.25429E+00 3.24842E+00 1.57587E+00 8.79558E+01
2.13473E+00 3.79605E+00 3.80197E+00 5.36836E+00 5.36664E+00 5.36676E+00 5.36917E+00 3.80197E+00 3.79605E+00 2.13473E+00 1.04756E+02
2.73333E+00 4.38405E+00 4.39001E+00 5.94472E+00 5.94299E+00 5.94313E+00 5.94558E+00 4.39002E+00 4.38405E+00 2.73333E+00 1.22898E+02
3.37012E+00 5.01079E+00 5.01680E+00 6.56045E+00 6.55872E+00 6.55886E+00 6.56135E+00 5.01680E+00 5.01079E+00 3.37012E+00 1.42341E+02
4.04361E+00 5.67474E+00 5.68080E+00 7.21397E+00 7.21223E+00 7.21239E+00 7.21491E+00 5.68080E+00 5.67474E+00 4.04361E+00 1.63039E+02
4.75243E+00 6.37448E+00 6.38059E+00 7.90379E+00 7.90204E+00 7.90221E+00 7.90477E+00 6.38059E+00 6.37448E+00 4.75243E+00 1.84949E+02
5.49526E+00 7.10865E+00 7.11480E+00 8.62851E+00 8.62675E+00 8.62693E+00 8.62953E+00 7.11480E+00 7.10865E+00 5.49526E+00 2.08024E+02
6.27085E+00 7.87597E+00 7.88216E+00 9.38680E+00 9.38503E+00 9.38523E+00 9.38786E+00 7.88216E+00 7.87597E+00 6.27085E+00 2.32216E+02
7.07801E+00 8.67521E+00 8.68144E+00 1.01774E+01 1.01756E+01 1.01758E+01 1.01785E+01 8.68144E+00 8.67521E+00 7.07801E+00 2.57481E+02
7.91562E+00 9.50522E+00 9.51149E+00 1.09992E+01 1.09974E+01 1.09976E+01 1.10003E+01 9.51149E+00 9.50522E+00 7.91562E+00 2.83773E+02
8.78258E+00 1.03649E+01 1.03712E+01 1.18509E+01 1.18491E+01 1.18493E+01 1.18521E+01 1.03712E+01 1.03649E+01 8.78258E+00 3.11046E+02
9.67787E+00 1.12532E+01 1.12595E+01 1.27315E+01 1.27297E+01 1.27300E+01 1.27327E+01 1.12595E+01 1.12532E+01 9.67787E+00 3.39257E+02
1.06005E+01 1.21690E+01 1.21754E+01 1.36400E+01 1.36382E+01 1.36385E+01 1.36413E+01 1.21754E+01 1.21690E+01 1.06005E+01 3.68364E+02
1.15495E+01 1.31115E+01 1.31179E+01 1.45755E+01 1.45736E+01 1.45739E+01 1.45767E+01 1.31179E+01 1.31115E+01 1.15495E+01 3.98325E+02
1.25239E+01 1.40797E+01 1.40861E+01 1.55368E+01 1.55350E+01 1.55353E+01 1.55381E+01 1.40861E+01 1.40797E+01 1.25239E+01 4.29101E+02
1.35230E+01 1.50726E+01 1.50791E+01 1.65232E+01 1.65214E+01 1.65217E+01 1.65245E+01 1.50791E+01 1.50726E+01 1.35230E+01 4.60653E+02
1.45458E+01 1.60895E+01 1.60961E+01 1.75337E+01 1.75319E+01 1.75322E+01 1.75351E+01 1.60961E+01 1.60895E+01 1.45458E+01 4.92945E+02
1.55915E+01 1.71296E+01 1.71361E+01 1.85676E+01 1.85658E+01 1.85661E+01 1.85690E+01 1.71361E+01 1.71296E+01 1.55915E+01 5.25940E+02
1.66594E+01 1.81919E+01 1.81985E+01 1.96240E+01 1.96222E+01 1.96225E+01 1.96254E+01 1.81985E+01 1.81919E+01 1.66594E+01 5.59605E+02
1.77487E+01 1.92758E+01 1.92825E+01 2.07021E+01 2.07003E+01 2.07006E+01 2.07036E+01 1.92825E+01 1.92758E+01 1.77487E+01 5.93908E+02
1.88587E+01 2.03806E+01 2.03873E+01 2.18013E+01 2.17994E+01 2.17998E+01 2.18028E+01 2.03873E+01 2.03806E+01 1.88587E+01 6.28816E+02
1.99886E+01 2.15055E+01 2.15122E+01 2.29207E+01 2.29189E+01 2.29192E+01 2.29223E+01 2.15122E+01 2.15055E+01 1.99886E+01 6.64300E+02
2.11378E+01 2.26498E+01 2.26566E+01 2.40598E+01 2.40579E+01 2.40583E+01 2.40613E+01 2.26566E+01 2.26498E+01 2.11378E+01 7.00330E+02
2.23058E+01 2.38129E+01 2.38197E+01 2.52178E+01 2.52159E+01 2.52163E+01 2.52193E+01 2.38197E+01 2.38129E+01 2.23058E+01 7.36880E+02
2.34917E+01 2.49942E+01 2.50010E+01 2.63940E+01 2.63922E+01 2.63925E+01 2.63956E+01 2.50010E+01 2.49942E+01 2.34917E+01 7.73923E+02
2.46951E+01 2.61931E+01 2.61999E+01 2.75880E+01 2.75861E+01 2.75865E+01 2.75896E+01 2.61999E+01 2.61931E+01 2.46951E+01 8.11434E+02
2.59153E+01 2.74088E+01 2.74157E+01 2.87990E+01 2.87971E+01 2.87975E+01 2.88007E+01 2.74157E+01 2.74088E+01 2.59153E+01 8.49389E+02
2.71518E+01 2.86410E+01 2.86479E+01 3.00266E+01 3.00247E+01 3.00251E+01 3.00283E+01 2.86479E+01 2.86410E+01 2.71518E+01 8.87765E+02
2.84040E+01 2.98890E+01 2.98960E+01 3.12701E+01 3.12682E+01 3.12686E+01 3.12718E+01 2.98960E+01 2.98890E+01 2.84040E+01 9.26539E+02
2.96715E+01 3.11524E+01 3.11593E+01 3.25290E+01 3.25271E+01 3.25275E+01 3.25308E+01 3.11593E+01 3.11524E+01 2.96715E+01 9.65690E+02
3.09536E+01 3.24305E+01 3.24375E+01 3.38028E+01 3.38009E+01 3.38014E+01 3.38046E+01 3.24375E+01 3.24305E+01 3.09536E+01 1.00520E+03
3.22500E+01 3.37230E+01 3.37300E+01 3.50911E+01 3.50892E+01 3.50896E+01 3.50929E+01 3.37300E+01 3.37230E+01 3.22500E+01 1.04505E+03
3.35601E+01 3.50292E+01 3.50363E+01 3.63932E+01 3.63913E+01 3.63918E+01 3.63951E+01 3.50363E+01 3.50292E+01 3.35601E+01 1.08521E+03
3.48835E+01 3.63489E+01 3.63560E+01 3.77089E+01 3.77069E+01 3.77074E+01 3.77107E+01 3.63560E+01 3.63489E+01 3.48835E+01 1.12568E+03
3.62198E+01 3.76814E+01 3.76885E+01 3.90375E+01 3.90356E+01 3.90361E+01 3.90394E+01 3.76886E+01 3.76814E+01 3.62198E+01 1.16644E+03
3.75684E+01 3.90265E+01 3.90336E+01 4.03787E+01 4.03768E+01 4.03773E+01 4.03806E+01 3.90336E+01 3.90265E+01 3.75684E+01 1.20746E+03
3.89291E+01 4.03836E+01 4.03908E+01 4.17321E+01 4.17302E+01 4.17307E+01 4.17340E+01 4.03908E+01 4.03836E+01 3.89291E+01 1.24874E+03
4.03014E+01 4.17525E+01 4.17596E+01 4.30972E+01 4.30953E+01 4.30958E+01 4.30992E+01 4.17596E+01 4.17525E+01 4.03014E+01 1.29026E+03
4.16849E+01 4.31325E+01 4.31398E+01 4.44737E+01 4.44717E+01 4.44723E+01 4.44757E+01 4.31398E+01 4.31325E+01 4.16849E+01 1.33200E+03
0.00000E+00 0.00000E+00 -5.49912E-02 1.56411E+00 1.56245E+00 1.56243E+00 1.56446E+00 -5.49876E-02 0.00000E+00 0.00000E+00 -2.12167E+00
0.00000E+00 0.00000E+00 -1.94540E-02 1.56394E+00 1.56226E+00 1.56226E+00 1.56439E+00 -1.94505E-02 0.00000E+00 0.00000E+00 -5.78932E-01
0.00000E+00 7.38258E-02 7.93969E-02 1.63358E+00 1.63187E+00 1.63189E+00 1.63412E+00 7.94005E-02 7.38258E-02 0.00000E+00 1.82415E+00
0.00000E+00 2.29216E-01 2.34878E-01 1.76405E+00 1.76231E+00 1.76236E+00 1.76467E+00 2.34882E-01 2.29216E-01 0.00000E+00 5.26071E+00
0.00000E+00 4.36679E-01 4.42429E-01 1.94964E+00 1.94788E+00 1.94795E+00 1.95033E+00 4.42432E-01 4.36679E-01 0.00000E+00 9.92105E+00
0.00000E+00 6.91694E-01 6.97525E-01 2.18518E+00 2.18340E+00 2.18349E+00 2.18594E+00 6.97529E-01 6.91694E-01 0.00000E+00 1.58943E+01
0.00000E+00 9.90473E-01 9.96382E-01 2.46643E+00 2.46463E+00 2.46474E+00 2.46726E+00 9.96385E-01 9.90473E-01 0.00000E+00 2.32242E+01
0.00000E+00 1.32984E+00 1.33582E+00 2.78987E+00 2.78806E+00 2.78819E+00 2.79076E+00 1.33583E+00 1.32984E+00 0.00000E+00 3.19211E+01
1.39201E-01 1.68949E+00 1.69555E+00 3.13502E+00 3.13319E+00 3.13334E+00 3.13597E+00 1.69555E+00 1.68949E+00 1.39201E-01 4.19217E+01
5.23036E-01 2.06092E+00 2.06704E+00 3.49310E+00 3.49126E+00 3.49143E+00 3.49412E+00 2.06704E+00 2.06092E+00 5.23036E-01 5.31033E+01
9.44757E-01 2.47104E+00 2.47723E+00 3.89079E+00 3.88894E+00 3.88912E+00 3.89186E+00 2.47723E+00 2.47104E+00 9.44757E-01 6.54891E+01
1.40251E+00 2.91791E+00 2.92416E+00 4.32601E+00 4.32414E+00 4.32435E+00 4.32713E+00 2.92416E+00 2.91791E+00 1.40251E+00 7.90487E+01
1.89458E+00 3.39973E+00 3.40605E+00 4.79688E+00 4.79501E+00 4.79523E+00 4.79806E+00 3.40605E+00 3.39973E+00 1.89458E+00 9.37461E+01
2.41939E+00 3.91487E+00 3.92125E+00 5.30169E+00 5.29981E+00 5.30004E+00 5.30293E+00 3.92125E+00 3.91487E+00 2.41939E+00 1.09542E+02
2.97547E+00 4.46179E+00 4.46823E+00 5.83884E+00 5.83695E+00 5.83720E+00 5.84013E+00 4.46823E+00 4.46179E+00 2.97547E+00 1.26393E+02
3.56146E+00 5.03908E+00 5.04557E+00 6.40686E+00 6.40496E+00 6.40523E+00 6.40820E+00 5.04558E+00 5.03908E+00 3.56146E+00 1.44258E+02
4.17606E+00 5.64540E+00 5.65196E+00 7.00438E+00 7.00247E+00 7.00276E+00 7.00577E+00 5.65196E+00 5.64540E+00 4.17606E+00 1.63092E+02
4.81808E+00 6.27952E+00 6.28613E+00 7.63011E+00 7.62819E+00 7.62850E+00 7.63155E+00 6.28614E+00 6.27952E+00 4.81808E+00 1.82851E+02
5.48638E+00 6.94027E+00 6.94694E+00 8.28285E+00 8.28092E+00 8.28124E+00 8.28433E+00 6.94694E+00 6.94027E+00 5.48638E+00 2.03493E+02
6.17987E+00 7.62654E+00 7.63326E+00 8.96146E+00 8.95952E+00 8.95986E+00 8.96299E+00 7.63326E+00 7.62654E+00 6.17987E+00 2.24974E+02
6.89755E+00 8.33728E+00 8.34405E+00 9.66486E+00 9.66292E+00 9.66327E+00 9.66644E+00 8.34406E+00 8.33728E+00 6.89755E+00 2.47254E+02
7.63843E+00 9.07151E+00 9.07833E+00 1.03920E+01 1.03901E+01 1.03905E+01 1.03937E+01 9.07834E+00 9.07151E+00 7.63843E+00 2.70292E+02
8.40161E+00 9.82829E+00 9.83516E+00 1.11421E+01 1.11401E+01 1.11405E+01 1.11437E+01 9.83516E+00 9.82829E+00 8.40161E+00 2.94050E+02
9.18620E+00 1.06067E+01 1.06136E+01 1.19140E+01 1.19120E+01 1.19124E+01 1.19157E+01 1.06136E+01 1.06067E+01 9.18620E+00 3.18490E+02
9.99137E+00 1.14059E+01 1.14129E+01 1.27069E+01 1.27049E+01 1.27054E+01 1.27087E+01 1.14129E+01 1.14059E+01 9.99137E+00 3.43577E+02
1.08163E+01 1.22251E+01 1.22321E+01 1.35201E+01 1.35181E+01 1.35185E+01 1.35219E+01 1.22321E+01 1.22251E+01 1.08163E+01 3.69276E+02
1.16603E+01 1.30635E+01 1.30706E+01 1.43526E+01 1.43506E+01 1.43511E+01 1.43545E+01 1.30706E+01 1.30635E+01 1.16603E+01 3.95555E+02
1.25225E+01 1.39204E+01 1.39275E+01 1.52038E+01 1.52018E+01 1.52023E+01 1.52057E+01 1.39275E+01 1.39204E+01 1.25225E+01 4.22382E+02
1.34023E+01 1.47950E+01 1.48022E+01 1.60730E+01 1.60710E+01 1.60715E+01 1.60749E+01 1.48022E+01 1.47950E+01 1.34023E+01 4.49727E+02
1.42990E+01 1.56867E+01 1.56939E+01 1.69594E+01 1.69574E+01 1.69579E+01 1.69613E+01 1.56939E+01 1.56867E+01 1.42990E+01 4.77561E+02
1.52120E+01 1.65948E+01 1.66020E+01 1.78623E+01 1.78603E+01 1.78608E+01 1.78643E+01 1.66020E+01 1.65948E+01 1.52120E+01 5.05858E+02
1.61406E+01 1.75187E+01 1.75259E+01 1.87812E+01 1.87792E+01 1.87797E+01 1.87833E+01 1.75259E+01 1.75187E+01 1.61406E+01 5.34591E+02
1.70843E+01 1.84577E+01 1.84651E+01 1.97155E+01 1.97135E+01 1.97140E+01 1.97176E+01 1.84651E+01 1.84577E+01 1.70843E+01 5.63735E+02
1.80425E+01 1.94114E+01 1.94188E+01 2.06645E+01 2.06625E+01 2.06630E+01 2.06666E+01 1.94188E+01 1.94114E+01 1.80425E+01 5.93267E+02
1.90146E+01 2.03792E+01 2.03866E+01 2.16276E+01 2.16256E+01 2.16262E+01 2.16298E+01 2.03866E+01 2.03792E+01 1.90146E+01 6.23164E+02
2.00002E+01 2.13605E+01 2.13679E+01 2.26045E+01 2.26025E+01 2.26030E+01 2.26067E+01 2.13679E+01 2.13605E+01 2.00002E+01 6.53405E+02
2.09986E+01 2.23548E+01 2.23623E+01 2.35945E+01 2.35924E+01 2.35930E+01 2.35967E+01 2.23623E+01 2.23548E+01 2.09986E+01 6.83969E+02
2.20095E+01 2.33616E+01 2.33691E+01 2.45971E+01 2.45950E+01 2.45956E+01 2.45993E+01 2.33691E+01 2.33616E+01 2.20095E+01 7.14838E+02
2.30323E+01 2.43805E+01 2.43881E+01 2.56118E+01 2.56098E+01 2.56104E+01 2.56142E+01 2.43881E+01 2.43805E+01 2.30323E+01 7.45993E+02
2.40666E+01 2.54110E+01 2.54186E+01 2.66383E+01 2.66363E+01 2.66369E+01 2.66407E+01 2.54186E+01 2.54110E+01 2.40666E+01 7.77416E+02
2.51121E+01 2.64526E+01 2.64603E+01 2.76761E+01 2.76740E+01 2.76747E+01 2.76785E+01 2.64603E+01 2.64526E+01 2.51121E+01 8.09090E+02
2.61681E+01 2.75050E+01 2.75127E+01 2.87247E+01 2.87226E+01 2.87233E+01 2.87271E+01 2.75127E+01 2.75050E+01 2.61681E+01 8.41001E+02
2.72345E+01 2.85678E+01 2.85755E+01 2.97837E+01 2.97816E+01 2.97823E+01 2.97861E+01 2.85755E+01 2.85678E+01 2.72345E+01 8.73131E+02
2.83107E+01 2.96405E+01 2.96483E+01 3.08527E+01 3.08507E+01 3.08514E+01 3.08552E+01 2.96483E+01 2.96405E+01 2.83107E+01 9.05468E+02
2.93964E+01 3.07228E+01 3.07306E+01 3.19314E+01 3.19294E+01 3.19301E+01 3.19340E+01 3.07306E+01 3.07228E+01 2.93964E+01 9.37998E+02
3.04912E+01 3.18143E+01 3.18221E+01 3.30194E+01 3.30174E+01 3.30181E+01 3.30220E+01 3.18221E+01 3.18143E+01 3.04912E+01 9.70707E+02
3.15949E+01 3.29146E+01 3.29225E+01 3.41164E+01 3.41143E+01 3.41151E+01 3.41190E+01 3.29225E+01 3.29146E+01 3.15949E+01 1.00358E+03
3.27070E+01 3.40235E+01 3.40314E+01 3.52219E+01 3.52199E+01 3.52206E+01 3.52245E+01 3.40314E+01 3.40235E+01 3.27070E+01 1.03661E+03
3.38272E+01 3.51406E+01 3.51485E+01 3.63357E+01 3.63337E+01 3.63344E+01 3.63384E+01 3.51485E+01 3.51406E+01 3.38272E+01 1.06979E+03
3.49553E+01 3.62656E+01 3.62735E+01 3.74575E+01 3.74555E+01 3.74562E+01 3.74602E+01 3.62736E+01 3.62656E+01 3.49553E+01 1.10310E+03
0.00000E+00 0.00000E+00 -5.41606E-02 1.38365E+00 1.38183E+00 1.38187E+00 1.38426E+00 -5.41567E-02 0.00000E+00 0.00000E+00 -1.98046E+00
0.00000E+00 0.00000E+00 -1.81887E-02 1.38788E+00 1.38602E+00 1.38609E+00 1.38861E+00 -1.81850E-02 0.00000E+00 0.00000E+00 -5.41795E-01
0.00000E+00 6.97662E-02 7.56543E-02 1.45574E+00 1.45386E+00 1.45396E+00 1.45658E+00 7.56579E-02 6.97662E-02 0.00000E+00 1.71087E+00
0.00000E+00 2.14089E-01 2.20100E-01 1.57794E+00 1.57604E+00 1.57616E+00 1.57888E+00 2.20103E-01 2.14089E-01 0.00000E+00 4.91915E+00
0.00000E+00 4.04196E-01 4.10321E-01 1.74863E+00 1.74670E+00 1.74685E+00 1.74966E+00 4.10324E-01 4.04196E-01 0.00000E+00 9.23785E+00
0.00000E+00 6.35552E-01 6.41785E-01 1.96270E+00 1.96075E+00 1.96093E+00 1.96381E+00 6.41789E-01 6.35552E-01 0.00000E+00 1.47268E+01
0.00000E+00 9.04456E-01 9.10791E-01 2.21604E+00 2.21408E+00 2.21428E+00 2.21724E+00 9.10795E-01 9.04456E-01 0.00000E+00 2.14061E+01
0.00000E+00 1.20785E+00 1.21428E+00 2.50530E+00 2.50332E+00 2.50355E+00 2.50658E+00 1.21429E+00 1.20785E+00 0.00000E+00 2.92680E+01
1.24836E-01 1.52874E+00 1.53526E+00 2.81331E+00 2.81132E+00 2.81157E+00 2.81466E+00 1.53527E+00 1.52874E+00 1.24836E-01 3.82228E+01
4.67475E-01 1.86005E+00 1.86667E+00 3.13279E+00 3.13078E+00 3.13106E+00 3.13422E+00 1.86667E+00 1.86005E+00 4.67475E-01 4.81395E+01
8.41702E-01 2.22370E+00 2.23040E+00 3.48540E+00 3.48338E+00 3.48367E+00 3.48689E+00 2.23040E+00 2.22370E+00 8.41702E-01 5.90591E+01
1.24575E+00 2.61782E+00 2.62461E+00 3.86918E+00 3.86715E+00 3.86747E+00 3.87075E+00 2.62461E+00 2.61782E+00 1.24575E+00 7.09469E+01
1.67801E+00 3.04074E+00 3.04760E+00 4.28237E+00 4.28033E+00 4.28068E+00 4.28401E+00 3.04761E+00 3.04074E+00 1.67801E+00 8.37650E+01
2.13701E+00 3.49091E+00 3.49785E+00 4.72338E+00 4.72133E+00 4.72169E+00 4.72508E+00 3.49786E+00 3.49091E+00 2.13701E+00 9.74730E+01
2.62139E+00 3.96693E+00 3.97395E+00 5.19073E+00 5.18867E+00 5.18906E+00 5.19250E+00 3.97396E+00 3.96693E+00 2.62139E+00 1.12030E+02
3.12990E+00 4.46750E+00 4.47460E+00 5.68308E+00 5.68101E+00 5.68142E+00 5.68491E+00 4.47460E+00 4.46750E+00 3.12990E+00 1.27394E+02
3.66136E+00 4.99141E+00 4.99857E+00 6.19917E+00 6.19709E+00 6.19752E+00 6.20106E+00 4.99858E+00 4.99141E+00 3.66136E+00 1.43524E+02
4.21469E+00 5.53753E+00 5.54477E+00 6.73784E+00 6.73576E+00 6.73621E+00 6.73979E+00 5.54477E+00 5.53753E+00 4.21469E+00 1.60379E+02
4.78886E+00 6.10481E+00 6.11212E+00 7.29801E+00 7.29593E+00 7.29640E+00 7.30003E+00 6.11212E+00 6.10481E+00 4.78886E+00 1.77921E+02
5.38291E+00 6.69227E+00 6.69965E+00 7.87867E+00 7.87658E+00 7.87707E+00 7.88075E+00 6.69965E+00 6.69227E+00 5.38291E+00 1.96111E+02
5.99594E+00 7.29898E+00 7.30642E+00 8.47887E+00 8.47677E+00 8.47728E+00 8.48100E+00 7.30643E+00 7.29898E+00 5.99594E+00 2.14912E+02
6.62710E+00 7.92406E+00 7.93157E+00 9.09770E+00 9.09559E+00 9.09613E+00 9.09989E+00 7.93157E+00 7.92406E+00 6.62710E+00 2.34289E+02
7.27557E+00 8.56669E+00 8.57426E+00 9.73433E+00 9.73221E+00 9.73276E+00 9.73657E+00 8.57426E+00 8.56669E+00 7.27557E+00 2.54209E+02
7.94059E+00 9.22608E+00 9.23372E+00 1.03879E+01 1.03858E+01 1.03864E+01 1.03902E+01 9.23372E+00 9.22608E+00 7.94059E+00 2.74639E+02
8.62143E+00 9.90150E+00 9.90920E+00 1.10578E+01 1.10557E+01 1.10563E+01 1.10601E+01 9.90920E+00 9.90150E+00 8.62143E+00 2.95549E+02
9.31741E+00 1.05922E+01 1.06000E+01 1.17432E+01 1.17410E+01 1.17416E+01 1.17456E+01 1.06000E+01 1.05922E+01 9.31741E+00 3.16909E+02
1.00279E+01 1.12976E+01 1.13054E+01 1.24434E+01 1.24412E+01 1.24419E+01 1.24458E+01 1.13054E+01 1.12976E+01 1.00279E+01 3.38692E+02
1.07522E+01 1.20170E+01 1.20249E+01 1.31577E+01 1.31556E+01 1.31563E+01 1.31603E+01 1.20249E+01 1.20170E+01 1.07522E+01 3.60871E+02
1.14897E+01 1.27498E+01 1.27578E+01 1.38857E+01 1.38836E+01 1.38842E+01 1.38883E+01 1.27578E+01 1.27498E+01 1.14897E+01 3.83422E+02
1.22400E+01 1.34955E+01 1.35035E+01 1.46266E+01 1.46245E+01 1.46252E+01 1.46293E+01 1.35035E+01 1.34955E+01 1.22400E+01 4.06321E+02
1.30023E+01 1.42534E+01 1.42614E+01 1.53800E+01 1.53779E+01 1.53786E+01 1.53827E+01 1.42614E+01 1.42534E+01 1.30023E+01 4.29545E+02
1.37763E+01 1.50231E+01 1.50312E+01 1.61453E+01 1.61431E+01 1.61438E+01 1.61480E+01 1.50312E+01 1.50231E+01 1.37763E+01 4.53074E+02
1.45615E+01 1.58040E+01 1.58121E+01 1.69219E+01 1.69197E+01 1.69205E+01 1.69247E+01 1.58121E+01 1.58040E+01 1.45615E+01 4.76886E+02
1.53573E+01 1.65957E+01 1.66039E+01 1.77094E+01 1.77073E+01 1.77080E+01 1.77122E+01 1.66039E+01 1.65957E+01 1.53573E+01 5.00964E+02
1.61632E+01 1.73977E+01 1.74059E+01 1.85074E+01 1.85052E+01 1.85060E+01 1.85102E+01 1.74059E+01 1.73977E+01 1.61632E+01 5.25289E+02
1.69790E+01 1.82095E+01 1.82178E+01 1.93153E+01 1.93131E+01 1.93139E+01 1.93182E+01 1.82179E+01 1.82095E+01 1.69790E+01 5.49844E+02
1.78041E+01 1.90309E+01 1.90392E+01 2.01328E+01 2.01306E+01 2.01314E+01 2.01357E+01 1.90392E+01 1.90309E+01 1.78041E+01 5.74613E+02
1.86381E+01 1.98612E+01 1.98696E+01 2.09594E+01 2.09572E+01 2.09580E+01 2.09624E+01 1.98696E+01 1.98612E+01 1.86381E+01 5.99580E+02
1.94808E+01 2.07002E+01 2.07087E+01 2.17948E+01 2.17926E+01 2.17934E+01 2.17978E+01 2.07087E+01 2.07002E+01 1.94808E+01 6.24732E+02
2.03316E+01 2.15476E+01 2.15561E+01 2.26385E+01 2.26363E+01 2.26372E+01 2.26416E+01 2.15561E+01 2.15476E+01 2.03316E+01 6.50054E+02
2.11902E+01 2.24028E+01 2.24114E+01 2.34903E+01 2.34881E+01 2.34890E+01 2.34934E+01 2.24114E+01 2.24028E+01 2.11902E+01 6.75534E+02
2.20564E+01 2.32656E+01 2.32742E+01 2.43497E+01 2.43475E+01 2.43485E+01 2.43529E+01 2.32742E+01 2.32656E+01 2.20564E+01 7.01159E+02
2.29298E+01 2.41357E+01 2.41444E+01 2.52165E+01 2.52143E+01 2.52153E+01 2.52198E+01 2.41444E+01 2.41357E+01 2.29298E+01 7.26917E+02
2.38101E+01 2.50128E+01 2.50215E+01 2.60903E+01 2.60882E+01 2.60891E+01 2.60936E+01 2.50215E+01 2.50128E+01 2.38101E+01 7.52798E+02
2.46969E+01 2.58965E+01 2.59052E+01 2.69709E+01 2.69687E+01 2.69697E+01 2.69742E+01 2.59052E+01 2.58965E+01 2.46969E+01 7.78791E+02
2.55900E+01 2.67866E+01 2.67954E+01 2.78579E+01 2.78557E+01 2.78566E+01 2.78612E+01 2.67954E+01 2.67866E+01 2.55900E+01 8.04887E+02
2.64892E+01 2.76827E+01 2.76916E+01 2.87510E+01 2.87488E+01 2.87498E+01 2.87544E+01 2.76916E+01 2.76827E+01 2.64892E+01 8.31075E+02
2.73941E+01 2.85847E+01 2.85936E+01 2.96500E+01 2.96478E+01 2.96488E+01 2.96534E+01 2.85936E+01 2.85847E+01 2.73941E+01 8.57347E+02
2.83045E+01 2.94922E+01 2.95011E+01 3.05546E+01 3.05524E+01 3.05534E+01 3.05581E+01 2.95011E+01 2.94922E+01 2.83045E+01 8.83695E+02
2.92202E+01 3.04050E+01 3.04140E+01 3.14646E+01 3.14624E+01 3.14634E+01 3.14681E+01 3.04140E+01 3.04050E+01 2.92202E+01 9.10110E+02
0.00000E+00 0.00000E+00 -5.35495E-02 1.22316E+00 1.22116E+00 1.22124E+00 1.22406E+00 -5.35470E-02 0.00000E+00 0.00000E+00 -1.85788E+00
0.00000E+00 0.00000E+00 -1.68936E-02 1.23158E+00 1.22954E+00 1.22966E+00 1.23262E+00 -1.68912E-02 0.00000E+00 0.00000E+00 -5.08612E-01
0.00000E+00 6.60218E-02 7.23643E-02 1.29772E+00 1.29565E+00 1.29581E+00 1.29889E+00 7.23667E-02 6.60218E-02 0.00000E+00 1.61004E+00
0.00000E+00 2.00091E-01 2.06593E-01 1.41215E+00 1.41006E+00 1.41026E+00 1.41345E+00 2.06595E-01 2.00091E-01 0.00000E+00 4.60942E+00
0.00000E+00 3.74190E-01 3.80841E-01 1.56901E+00 1.56690E+00 1.56713E+00 1.57042E+00 3.80843E-01 3.74190E-01 0.00000E+00 8.61186E+00
0.00000E+00 5.83862E-01 5.90652E-01 1.76334E+00 1.76121E+00 1.76148E+00 1.76486E+00 5.90655E-01 5.83862E-01 0.00000E+00 1.36516E+01
0.00000E+00 8.25545E-01 8.32467E-01 1.99122E+00 1.98907E+00 1.98937E+00 1.99284E+00 8.32469E-01 8.25545E-01 0.00000E+00 1.97289E+01
0.00000E+00 1.09634E+00 1.10339E+00 2.24947E+00 2.24731E+00 2.24764E+00 2.25119E+00 1.10339E+00 1.09634E+00 0.00000E+00 2.68217E+01
1.11740E-01 1.38211E+00 1.38927E+00 2.52380E+00 2.52163E+00 2.52199E+00 2.52562E+00 1.38927E+00 1.38211E+00 1.11740E-01 3.48211E+01
4.16981E-01 1.67701E+00 1.68429E+00 2.80821E+00 2.80602E+00 2.80641E+00 2.81012E+00 1.68430E+00 1.67701E+00 4.16981E-01 4.35928E+01
7.48334E-01 1.99871E+00 2.00610E+00 3.12011E+00 3.11791E+00 3.11833E+00 3.12211E+00 2.00610E+00 1.99871E+00 7.48334E-01 5.31917E+01
1.10415E+00 2.34546E+00 2.35296E+00 3.45769E+00 3.45548E+00 3.45593E+00 3.45977E+00 2.35296E+00 2.34546E+00 1.10415E+00 6.35814E+01
1.48293E+00 2.71572E+00 2.72332E+00 3.81931E+00 3.81710E+00 3.81758E+00 3.82149E+00 2.72332E+00 2.71572E+00 1.48293E+00 7.47231E+01
1.88332E+00 3.10806E+00 3.11576E+00 4.20352E+00 4.20130E+00 4.20181E+00 4.20578E+00 3.11576E+00 3.10806E+00 1.88332E+00 8.65776E+01
2.30410E+00 3.52121E+00 3.52901E+00 4.60897E+00 4.60675E+00 4.60728E+00 4.61132E+00 3.52901E+00 3.52121E+00 2.30410E+00 9.91054E+01
2.74412E+00 3.95399E+00 3.96188E+00 5.03446E+00 5.03222E+00 5.03279E+00 5.03688E+00 3.96188E+00 3.95399E+00 2.74412E+00 1.12268E+02
3.20234E+00 4.40531E+00 4.41330E+00 5.47885E+00 5.47661E+00 5.47720E+00 5.48135E+00 4.41330E+00 4.40531E+00 3.20234E+00 1.26026E+02
3.67779E+00 4.87418E+00 4.88226E+00 5.94111E+00 5.93886E+00 5.93949E+00 5.94369E+00 4.88226E+00 4.87418E+00 3.67779E+00 1.40345E+02
4.16956E+00 5.35967E+00 5.36783E+00 6.42028E+00 6.41803E+00 6.41868E+00 6.42294E+00 5.36783E+00 5.35967E+00 4.16956E+00 1.55189E+02
4.67680E+00 5.86089E+00 5.86914E+00 6.91548E+00 6.91322E+00 6.91390E+00 6.91821E+00 5.86914E+00 5.86089E+00 4.67680E+00 1.70523E+02
5.19872E+00 6.37705E+00 6.38538E+00 7.42585E+00 7.42359E+00 7.42429E+00 7.42866E+00 6.38538E+00 6.37705E+00 5.19872E+00 1.86317E+02
5.73459E+00 6.90737E+00 6.91578E+00 7.95063E+00 7.94836E+00 7.94909E+00 7.95351E+00 6.91578E+00 6.90737E+00 5.73459E+00 2.02540E+02
6.28370E+00 7.45115E+00 7.45964E+00 8.48908E+00 8.48681E+00 8.48757E+00 8.49203E+00 7.45964E+00 7.45115E+00 6.28370E+00 2.19162E+02
6.84539E+00 8.00770E+00 8.01627E+00 9.04051E+00 9.03823E+00 9.03902E+00 9.04353E+00 8.01628E+00 8.00770E+00 6.84539E+00 2.36157E+02
7.41904E+00 8.57640E+00 8.58505E+00 9.60427E+00 9.60199E+00 9.60280E+00 9.60736E+00 8.58505E+00 8.57640E+00 7.41904E+00 2.53498E+02
8.00407E+00 9.15665E+00 9.16537E+00 1.01797E+01 1.01775E+01 1.01783E+01 1.01829E+01 9.16537E+00 9.15665E+00 8.00407E+00 2.71162E+02
8.59991E+00 9.74787E+00 9.75666E+00 1.07664E+01 1.07641E+01 1.07649E+01 1.07696E+01 9.75666E+00 9.74787E+00 8.59991E+00 2.89125E+02
9.20604E+00 1.03495E+01 1.03584E+01 1.13636E+01 1.13613E+01 1.13622E+01 1.13669E+01 1.03584E+01 1.03495E+01 9.20604E+00 3.07367E+02
9.82196E+00 1.09611E+01 1.09700E+01 1.19709E+01 1.19686E+01 1.19695E+01 1.19742E+01 1.09701E+01 1.09611E+01 9.82196E+00 3.25865E+02
1.04472E+01 1.15821E+01 1.15912E+01 1.25877E+01 1.25854E+01 1.25864E+01 1.25911E+01 1.15912E+01 1.15821E+01 1.04472E+01 3.44602E+02
1.10813E+01 1.22122E+01 1.22212E+01 1.32137E+01 1.32114E+01 1.32124E+01 1.32172E+01 1.22212E+01 1.22122E+01 1.10813E+01 3.63558E+02
1.17238E+01 1.28507E+01 1.28599E+01 1.38484E+01 1.38460E+01 1.38470E+01 1.38519E+01 1.28599E+01 1.28507E+01 1.17238E+01 3.82718E+02
1.23744E+01 1.34974E+01 1.35066E+01 1.44912E+01 1.44889E+01 1.44900E+01 1.44949E+01 1.35066E+01 1.34974E+01 1.23744E+01 4.02065E+02
1.30325E+01 1.41519E+01 1.41611E+01 1.51420E+01 1.51397E+01 1.51407E+01 1.51457E+01 1.41612E+01 1.41519E+01 1.30325E+01 4.21584E+02
1.36980E+01 1.48137E+01 1.48230E+01 1.58002E+01 1.57979E+01 1.57990E+01 1.58039E+01 1.48230E+01 1.48137E+01 1.36980E+01 4.41261E+02
1.43703E+01 1.54825E+01 1.54919E+01 1.64655E+01 1.64632E+01 1.64643E+01 1.64693E+01 1.54919E+01 1.54825E+01 1.43703E+01 4.61083E+02
1.50492E+01 1.61580E+01 1.61674E+01 1.71376E+01 1.71353E+01 1.71364E+01 1.71414E+01 1.61674E+01 1.61580E+01 1.50492E+01 4.81036E+02
1.57344E+01 1.68398E+01 1.68493E+01 1.78161E+01 1.78137E+01 1.78149E+01 1.78200E+01 1.68493E+01 1.68398E+01 1.57344E+01 5.01110E+02
1.64255E+01 1.75276E+01 1.75372E+01 1.85007E+01 1.84983E+01 1.84995E+01 1.85046E+01 1.75372E+01 1.75276E+01 1.64255E+01 5.21293E+02
1.71223E+01 1.82211E+01 1.82308E+01 1.91910E+01 1.91887E+01 1.91899E+01 1.91951E+01 1.82308E+01 1.82211E+01 1.71223E+01 5.41574E+02
1.78244E+01 1.89201E+01 1.89299E+01 1.98870E+01 1.98846E+01 1.98859E+01 1.98911E+01 1.89299E+01 1.89201E+01 1.78244E+01 5.61944E+02
1.85316E+01 1.96243E+01 1.96341E+01 2.05881E+01 2.05858E+01 2.05870E+01 2.05923E+01 1.96341E+01 1.96243E+01 1.85316E+01 5.82394E+02
1.92437E+01 2.03334E+01 2.03432E+01 2.12943E+01 2.12919E+01 2.12932E+01 2.12985E+01 2.03432E+01 2.03334E+01 1.92437E+01 6.02914E+02
1.99604E+01 2.10471E+01 2.10570E+01 2.20051E+01 2.20028E+01 2.20041E+01 2.20094E+01 2.10570E+01 2.10471E+01 1.99604E+01 6.23497E+02
2.06814E+01 2.17653E+01 2.17752E+01 2.27205E+01 2.27182E+01 2.27195E+01 2.27248E+01 2.17752E+01 2.17653E+01 2.06814E+01 6.44134E+02
2.14066E+01 2.24877E+01 2.24977E+01 2.34401E+01 2.34378E+01 2.34391E+01 2.34445E+01 2.24977E+01 2.24877E+01 2.14066E+01 6.64819E+02
2.21356E+01 2.32140E+01 2.32240E+01 2.41638E+01 2.41614E+01 2.41628E+01 2.41682E+01 2.32241E+01 2.32140E+01 2.21356E+01 6.85544E+02
2.28684E+01 2.39441E+01 2.39542E+01 2.48912E+01 2.48889E+01 2.48903E+01 2.48957E+01 2.39542E+01 2.39441E+01 2.28684E+01 7.06303E+02
2.36047E+01 2.46778E+01 2.46880E+01 2.56224E+01 2.56200E+01 2.56214E+01 2.56269E+01 2.46880E+01 2.46778E+01 2.36047E+01 7.27090E+02
2.43444E+01 2.54149E+01 2.54251E+01 2.63569E+01 2.63546E+01 2.63560E+01 2.63615E+01 2.54251E+01 2.54149E+01 2.43444E+01 7.47899E+02
0.00000E+00 0.00000E+00 -5.30611E-02 1.08044E+00 1.07824E+00 1.07835E+00 1.08164E+00 -5.30602E-02 0.00000E+00 0.00000E+00 -1.75202E+00
0.00000E+00 0.00000E+00 -1.55227E-02 1.09284E+00 1.09060E+00 1.09077E+00 1.09422E+00 -1.55219E-02 0.00000E+00 0.00000E+00 -4.78682E-01
0.00000E+00 6.25499E-02 6.95137E-02 1.15729E+00 1.15503E+00 1.15524E+00 1.15884E+00 6.95145E-02 6.25499E-02 0.00000E+00 1.52064E+00
0.00000E+00 1.87095E-01 1.94264E-01 1.26441E+00 1.26213E+00 1.26239E+00 1.26612E+00 1.94265E-01 1.87095E-01 0.00000E+00 4.32840E+00
0.00000E+00 3.46418E-01 3.53776E-01 1.40844E+00 1.40613E+00 1.40645E+00 1.41029E+00 3.53777E-01 3.46418E-01 0.00000E+00 8.03751E+00
0.00000E+00 5.36211E-01 5.43747E-01 1.58462E+00 1.58230E+00 1.58266E+00 1.58661E+00 5.43748E-01 5.36211E-01 0.00000E+00 1.26601E+01
0.00000E+00 7.53097E-01 7.60800E-01 1.78925E+00 1.78692E+00 1.78732E+00 1.79137E+00 7.60802E-01 7.53097E-01 0.00000E+00 1.81802E+01
0.00000E+00 9.94368E-01 1.00223E+00 2.01939E+00 2.01704E+00 2.01749E+00 2.02164E+00 1.00223E+00 9.94368E-01 0.00000E+00 2.45648E+01
9.98084E-02 1.24833E+00 1.25635E+00 2.26321E+00 2.26086E+00 2.26135E+00 2.26559E+00 1.25635E+00 1.24833E+00 9.98084E-02 3.16921E+01
3.71130E-01 1.51023E+00 1.51838E+00 2.51579E+00 2.51342E+00 2.51395E+00 2.51828E+00 1.51838E+00 1.51023E+00 3.71130E-01 3.94283E+01
6.63821E-01 1.79410E+00 1.80240E+00 2.79097E+00 2.78860E+00 2.78917E+00 2.79358E+00 1.80240E+00 1.79410E+00 6.63821E-01 4.78396E+01
9.76358E-01 2.09837E+00 2.10680E+00 3.08710E+00 3.08472E+00 3.08533E+00 3.08983E+00 2.10680E+00 2.09837E+00 9.76358E-01 5.68888E+01
1.30739E+00 2.42162E+00 2.43018E+00 3.40269E+00 3.40031E+00 3.40096E+00 3.40553E+00 2.43018E+00 2.42162E+00 1.30739E+00 6.65382E+01
1.65568E+00 2.76256E+00 2.77125E+00 3.73642E+00 3.73403E+00 3.73472E+00 3.73937E+00 2.77125E+00 2.76256E+00 1.65568E+00 7.67504E+01
2.02014E+00 3.12006E+00 3.12886E+00 4.08709E+00 4.08469E+00 4.08542E+00 4.09014E+00 3.12886E+00 3.12006E+00 2.02014E+00 8.74884E+01
2.39974E+00 3.49305E+00 3.50197E+00 4.45361E+00 4.45121E+00 4.45198E+00 4.45676E+00 3.50197E+00 3.49305E+00 2.39974E+00 9.87170E+01
2.79357E+00 3.88059E+00 3.88962E+00 4.83499E+00 4.83258E+00 4.83339E+00 4.83825E+00 3.88963E+00 3.88059E+00 2.79357E+00 1.10402E+02
3.20077E+00 4.28178E+00 4.29093E+00 5.23033E+00 5.22791E+00 5.22876E+00 5.23368E+00 4.29093E+00 4.28178E+00 3.20077E+00 1.22511E+02
3.62055E+00 4.69582E+00 4.70508E+00 5.63877E+00 5.63636E+00 5.63724E+00 5.64223E+00 4.70508E+00 4.69582E+00 3.62055E+00 1.35012E+02
4.05217E+00 5.12195E+00 5.13132E+00 6.05955E+00 6.05713E+00 6.05806E+00 6.06311E+00 5.13132E+00 5.12195E+00 4.05217E+00 1.47878E+02
4.49496E+00 5.55948E+00 5.56894E+00 6.49195E+00 6.48953E+00 6.49049E+00 6.49560E+00 5.56895E+00 5.55948E+00 4.49496E+00 1.61080E+02
4.94828E+00 6.00773E+00 6.01730E+00 6.93529E+00 6.93286E+00 6.93386E+00 6.93903E+00 6.01731E+00 6.00773E+00 4.94828E+00 1.74592E+02
5.41153E+00 6.46612E+00 6.47578E+00 7.38895E+00 7.38652E+00 7.38755E+00 7.39278E+00 6.47579E+00 6.46612E+00 5.41153E+00 1.88391E+02
5.88416E+00 6.93405E+00 6.94382E+00 7.85233E+00 7.84990E+00 7.85097E+00 7.85625E+00 6.94382E+00 6.93405E+00 5.88416E+00 2.02453E+02
6.36563E+00 7.41100E+00 7.42086E+00 8.32490E+00 8.32247E+00 8.32357E+00 8.32891E+00 7.42087E+00 7.41100E+00 6.36563E+00 2.16758E+02
6.85546E+00 7.89646E+00 7.90642E+00 8.80614E+00 8.80371E+00 8.80484E+00 8.81024E+00 7.90642E+00 7.89646E+00 6.85546E+00 2.31285E+02
7.35317E+00 8.38996E+00 8.40001E+00 9.29556E+00 9.29312E+00 9.29430E+00 9.29974E+00 8.40001E+00 8.38996E+00 7.35317E+00 2.46015E+02
7.85834E+00 8.89105E+00 8.90118E+00 9.79270E+00 9.79026E+00 9.79147E+00 9.79697E+00 8.90119E+00 8.89105E+00 7.85834E+00 2.60931E+02
8.37055E+00 9.39930E+00 9.40953E+00 1.02971E+01 1.02947E+01 1.02959E+01 1.03015E+01 9.40953E+00 9.39930E+00 8.37055E+00 2.76018E+02
8.88941E+00 9.91433E+00 9.92464E+00 1.08085E+01 1.08060E+01 1.08073E+01 1.08129E+01 9.92464E+00 9.91433E+00 8.88941E+00 2.91258E+02
9.41455E+00 1.04357E+01 1.04461E+01 1.13263E+01 1.13239E+01 1.13252E+01 1.13308E+01 1.04461E+01 1.04357E+01 9.41455E+00 3.06639E+02
9.94561E+00 1.09632E+01 1.09737E+01 1.18503E+01 1.18478E+01 1.18492E+01 1.18549E+01 1.09737E+01 1.09632E+01 9.94561E+00 3.22147E+02
1.04823E+01 1.14963E+01 1.15069E+01 1.23801E+01 1.23776E+01 1.23790E+01 1.23847E+01 1.15069E+01 1.14963E+01 1.04823E+01 3.37769E+02
1.10242E+01 1.20349E+01 1.20455E+01 1.29153E+01 1.29129E+01 1.29143E+01 1.29201E+01 1.20455E+01 1.20349E+01 1.10242E+01 3.53494E+02
1.15711E+01 1.25785E+01 1.25892E+01 1.34557E+01 1.34533E+01 1.34547E+01 1.34606E+01 1.25892E+01 1.25785E+01 1.15711E+01 3.69311E+02
1.21228E+01 1.31269E+01 1.31377E+01 1.40010E+01 1.39986E+01 1.40000E+01 1.40059E+01 1.31377E+01 1.31269E+01 1.21228E+01 3.85210E+02
1.26788E+01 1.36798E+01 1.36907E+01 1.45509E+01 1.45485E+01 1.45500E+01 1.45559E+01 1.36907E+01 1.36798E+01 1.26788E+01 4.01180E+02
1.32391E+01 1.42369E+01 1.42479E+01 1.51051E+01 1.51027E+01 1.51042E+01 1.51102E+01 1.42479E+01 1.42369E+01 1.32391E+01 4.17214E+02
1.38032E+01 1.47981E+01 1.48091E+01 1.56634E+01 1.56610E+01 1.56625E+01 1.56686E+01 1.48091E+01 1.47981E+01 1.38032E+01 4.33303E+02
1.43711E+01 1.53631E+01 1.53741E+01 1.62256E+01 1.62231E+01 1.62247E+01 1.62308E+01 1.53742E+01 1.53631E+01 1.43711E+01 4.49439E+02
1.49424E+01 1.59315E+01 1.59427E+01 1.67913E+01 1.67889E+01 1.67905E+01 1.67966E+01 1.59427E+01 1.59315E+01 1.49424E+01 4.65614E+02
1.55171E+01 1.65034E+01 1.65146E+01 1.73605E+01 1.73580E+01 1.73597E+01 1.73658E+01 1.65146E+01 1.65034E+01 1.55171E+01 4.81823E+02
1.60947E+01 1.70783E+01 1.70896E+01 1.79328E+01 1.79304E+01 1.79321E+01 1.79383E+01 1.70897E+01 1.70783E+01 1.60947E+01 4.98058E+02
1.66753E+01 1.76562E+01 1.76676E+01 1.85082E+01 1.85058E+01 1.85075E+01 1.85137E+01 1.76676E+01 1.76562E+01 1.66753E+01 5.14313E+02
1.72586E+01 1.82369E+01 1.82484E+01 1.90864E+01 1.90839E+01 1.90857E+01 1.90919E+01 1.82484E+01 1.82369E+01 1.72586E+01 5.30584E+02
1.78444E+01 1.88201E+01 1.88317E+01 1.96672E+01 1.96647E+01 1.96665E+01 1.96728E+01 1.88317E+01 1.88201E+01 1.78444E+01 5.46864E+02
1.84326E+01 1.94058E+01 1.94174E+01 2.02505E+01 2.02480E+01 2.02498E+01 2.02562E+01 1.94174E+01 1.94058E+01 1.84326E+01 5.63149E+02
1.90229E+01 1.99937E+01 2.00054E+01 2.08360E+01 2.08336E+01 2.08354E+01 2.08418E+01 2.00054E+01 1.99937E+01 1.90229E+01 5.79434E+02
1.96154E+01 2.05837E+01 2.05955E+01 2.14238E+01 2.14213E+01 2.14232E+01 2.14296E+01 2.05955E+01 2.05837E+01 1.96154E+01 5.95716E+02
2.02097E+01 2.11757E+01 2.11875E+01 2.20135E+01 2.20111E+01 2.20130E+01 2.20194E+01 2.11875E+01 2.11757E+01 2.02097E+01 6.11989E+02
0.00000E+00 0.00000E+00 -5.25893E-02 9.53557E-01 9.51140E-01 9.51284E-01 9.55105E-01 -5.25900E-02 0.00000E+00 0.00000E+00 -1.66119E+00
0.00000E+00 0.00000E+00 -1.40235E-02 9.69715E-01 9.67269E-01 9.67487E-01 9.71502E-01 -1.40240E-02 0.00000E+00 0.00000E+00 -4.51265E-01
0.00000E+00 5.93104E-02 6.70998E-02 1.03249E+00 1.03002E+00 1.03031E+00 1.03450E+00 6.70995E-02 5.93104E-02 0.00000E+00 1.44192E+00
0.00000E+00 1.74988E-01 1.83037E-01 1.13271E+00 1.13023E+00 1.13058E+00 1.13492E+00 1.83036E-01 1.74988E-01 0.00000E+00 4.07347E+00
0.00000E+00 3.20658E-01 3.28946E-01 1.26481E+00 1.26231E+00 1.26273E+00 1.26721E+00 3.28946E-01 3.20658E-01 0.00000E+00 7.50993E+00
0.00000E+00 4.92224E-01 5.00736E-01 1.42430E+00 1.42179E+00 1.42227E+00 1.42688E+00 5.00737E-01 4.92224E-01 0.00000E+00 1.17447E+01
0.00000E+00 6.86530E-01 6.95253E-01 1.60774E+00 1.60522E+00 1.60576E+00 1.61049E+00 6.95253E-01 6.86530E-01 0.00000E+00 1.67490E+01
0.00000E+00 9.01076E-01 9.09997E-01 1.81241E+00 1.80988E+00 1.81048E+00 1.81533E+00 9.09998E-01 9.01076E-01 0.00000E+00 2.24818E+01
8.89461E-02 1.12628E+00 1.13539E+00 2.02862E+00 2.02608E+00 2.02674E+00 2.03170E+00 1.13539E+00 1.12628E+00 8.89461E-02 2.88137E+01
3.29534E-01 1.35826E+00 1.36755E+00 2.25233E+00 2.24979E+00 2.25051E+00 2.25557E+00 1.36755E+00 1.35826E+00 3.29534E-01 3.56149E+01
5.87402E-01 1.60808E+00 1.61754E+00 2.49445E+00 2.49190E+00 2.49267E+00 2.49783E+00 1.61754E+00 1.60808E+00 5.87402E-01 4.29597E+01
8.61174E-01 1.87431E+00 1.88393E+00 2.75345E+00 2.75090E+00 2.75173E+00 2.75698E+00 1.88393E+00 1.87431E+00 8.61174E-01 5.08118E+01
1.14963E+00 2.15566E+00 2.16545E+00 3.02802E+00 3.02546E+00 3.02635E+00 3.03169E+00 2.16545E+00 2.15566E+00 1.14963E+00 5.91354E+01
1.45169E+00 2.45100E+00 2.46094E+00 3.31696E+00 3.31440E+00 3.31534E+00 3.32078E+00 2.46095E+00 2.45100E+00 1.45169E+00 6.78956E+01
1.76636E+00 2.75932E+00 2.76941E+00 3.61923E+00 3.61666E+00 3.61766E+00 3.62318E+00 2.76942E+00 2.75932E+00 1.76636E+00 7.70589E+01
2.09277E+00 3.07969E+00 3.08993E+00 3.93386E+00 3.93130E+00 3.93234E+00 3.93795E+00 3.08994E+00 3.07969E+00 2.09277E+00 8.65937E+01
2.43011E+00 3.41128E+00 3.42166E+00 4.25999E+00 4.25743E+00 4.25853E+00 4.26421E+00 3.42167E+00 3.41128E+00 2.43011E+00 9.64696E+01
2.77763E+00 3.75333E+00 3.76385E+00 4.59684E+00 4.59427E+00 4.59542E+00 4.60119E+00 3.76385E+00 3.75333E+00 2.77763E+00 1.06659E+02
3.13467E+00 4.10512E+00 4.11577E+00 4.94367E+00 4.94111E+00 4.94231E+00 4.94815E+00 4.11578E+00 4.10512E+00 3.13467E+00 1.17134E+02
3.50058E+00 4.46602E+00 4.47681E+00 5.29983E+00 5.29726E+00 5.29852E+00 5.30443E+00 4.47681E+00 4.46602E+00 3.50058E+00 1.27871E+02
3.87481E+00 4.83543E+00 4.84635E+00 5.66470E+00 5.66213E+00 5.66343E+00 5.66942E+00 4.84635E+00 4.83543E+00 3.87481E+00 1.38847E+02
4.25679E+00 5.21280E+00 5.22384E+00 6.03770E+00 6.03514E+00 6.03649E+00 6.04255E+00 5.22384E+00 5.21280E+00 4.25679E+00 1.50040E+02
4.64605E+00 5.59761E+00 5.60877E+00 6.41832E+00 6.41576E+00 6.41716E+00 6.42328E+00 5.60877E+00 5.59761E+00 4.64605E+00 1.61430E+02
5.04211E+00 5.98939E+00 6.00066E+00 6.80607E+00 6.80350E+00 6.80495E+00 6.81114E+00 6.00067E+00 5.98939E+00 5.04211E+00 1.72998E+02
5.44453E+00 6.38768E+00 6.39907E+00 7.20048E+00 7.19791E+00 7.19941E+00 7.20567E+00 6.39908E+00 6.38768E+00 5.44453E+00 1.84728E+02
5.85291E+00 6.79207E+00 6.80358E+00 7.60112E+00 7.59856E+00 7.60010E+00 7.60643E+00 6.80358E+00 6.79207E+00 5.85291E+00 1.96602E+02
6.26686E+00 7.20217E+00 7.21379E+00 8.00761E+00 8.00504E+00 8.00663E+00 8.01302E+00 7.21380E+00 7.20217E+00 6.26686E+00 2.08608E+02
6.68604E+00 7.61762E+00 7.62935E+00 8.41956E+00 8.41699E+00 8.41863E+00 8.42508E+00 7.62935E+00 7.61762E+00 6.68604E+00 2.20729E+02
7.11009E+00 8.03806E+00 8.04990E+00 8.83662E+00 8.83406E+00 8.83574E+00 8.84225E+00 8.04991E+00 8.03806E+00 7.11009E+00 2.32954E+02
7.53872E+00 8.46319E+00 8.47513E+00 9.25847E+00 9.25591E+00 9.25764E+00 9.26421E+00 8.47514E+00 8.46319E+00 7.53872E+00 2.45272E+02
7.97161E+00 8.89269E+00 8.90473E+00 9.68479E+00 9.68223E+00 9.68401E+00 9.69063E+00 8.90474E+00 8.89269E+00 7.97161E+00 2.57670E+02
8.40850E+00 9.32627E+00 9.33842E+00 1.01153E+01 1.01127E+01 1.01146E+01 1.01212E+01 9.33843E+00 9.32627E+00 8.40850E+00 2.70138E+02
8.84911E+00 9.76368E+00 9.77592E+00 1.05497E+01 1.05472E+01 1.05490E+01 1.05558E+01 9.77593E+00 9.76368E+00 8.84911E+00 2.82668E+02
9.29319E+00 1.02046E+01 1.02170E+01 1.09878E+01 1.09852E+01 1.09871E+01 1.09939E+01 1.02170E+01 1.02046E+01 9.29319E+00 2.95250E+02
9.74052E+00 1.06489E+01 1.06614E+01 1.14292E+01 1.14267E+01 1.14286E+01 1.14355E+01 1.06614E+01 1.06489E+01 9.74052E+00 3.07876E+02
1.01909E+01 1.10963E+01 1.11089E+01 1.18739E+01 1.18713E+01 1.18733E+01 1.18802E+01 1.11089E+01 1.10963E+01 1.01909E+01 3.20539E+02
1.06440E+01 1.15466E+01 1.15592E+01 1.23215E+01 1.23189E+01 1.23210E+01 1.23279E+01 1.15592E+01 1.15466E+01 1.06440E+01 3.33231E+02
1.10998E+01 1.19996E+01 1.20123E+01 1.27718E+01 1.27693E+01 1.27714E+01 1.27784E+01 1.20123E+01 1.19996E+01 1.10998E+01 3.45946E+02
1.15580E+01 1.24550E+01 1.24678E+01 1.32247E+01 1.32222E+01 1.32243E+01 1.32314E+01 1.24678E+01 1.24550E+01 1.15580E+01 3.58679E+02
1.20184E+01 1.29128E+01 1.29257E+01 1.36800E+01 1.36775E+01 1.36796E+01 1.36867E+01 1.29257E+01 1.29128E+01 1.20184E+01 3.71422E+02
1.24809E+01 1.33727E+01 1.33857E+01 1.41375E+01 1.41349E+01 1.41371E+01 1.41443E+01 1.33857E+01 1.33727E+01 1.24809E+01 3.84172E+02
1.29453E+01 1.38345E+01 1.38476E+01 1.45970E+01 1.45945E+01 1.45967E+01 1.46039E+01 1.38476E+01 1.38345E+01 1.29453E+01 3.96923E+02
1.34115E+01 1.42982E+01 1.43114E+01 1.50584E+01 1.50558E+01 1.50581E+01 1.50654E+01 1.43114E+01 1.42982E+01 1.34115E+01 4.09671E+02
1.38793E+01 1.47636E+01 1.47768E+01 1.55215E+01 1.55189E+01 1.55213E+01 1.55286E+01 1.47768E+01 1.47636E+01 1.38793E+01 4.22412E+02
1.43486E+01 1.52305E+01 1.52438E+01 1.59862E+01 1.59836E+01 1.59860E+01 1.59934E+01 1.52438E+01 1.52305E+01 1.43486E+01 4.35141E+02
1.48192E+01 1.56988E+01 1.57122E+01 1.64523E+01 1.64498E+01 1.64522E+01 1.64596E+01 1.57122E+01 1.56988E+01 1.48192E+01 4.47855E+02
1.52911E+01 1.61684E+01 1.61818E+01 1.69198E+01 1.69173E+01 1.69197E+01 1.69271E+01 1.61819E+01 1.61684E+01 1.52911E+01 4.60552E+02
1.57641E+01 1.66391E+01 1.66527E+01 1.73884E+01 1.73859E+01 1.73884E+01 1.73959E+01 1.66527E+01 1.66391E+01 1.57641E+01 4.73227E+02
1.62380E+01 1.71109E+01 1.71245E+01 1.78582E+01 1.78557E+01 1.78582E+01 1.78658E+01 1.71245E+01 1.71109E+01 1.62380E+01 4.85878E+02
1.67129E+01 1.75836E+01 1.75973E+01 1.83289E+01 1.83264E+01 1.83290E+01 1.83366E+01 1.75973E+01 1.75836E+01 1.67129E+01 4.98502E+02
0.00000E+00 0.00000E+00 -5.20174E-02 8.40806E-01 8.38165E-01 8.38346E-01 8.42791E-01 -5.20189E-02 0.00000E+00 0.00000E+00 -1.58381E+00
0.00000E+00 0.00000E+00 -1.23349E-02 8.60491E-01 8.57830E-01 8.58115E-01 8.62792E-01 -1.23361E-02 0.00000E+00 0.00000E+00 -4.25537E-01
0.00000E+00 5.62665E-02 6.51322E-02 9.21580E-01 9.18904E-01 9.19287E-01 9.24167E-01 6.51314E-02 5.62665E-02 0.00000E+00 1.37336E+00
0.00000E+00 1.63665E-01 1.72856E-01 1.01527E+00 1.01258E+00 1.01306E+00 1.01812E+00 1.72855E-01 1.63665E-01 0.00000E+00 3.84245E+00
0.00000E+00 2.96709E-01 3.06200E-01 1.13628E+00 1.13358E+00 1.13415E+00 1.13938E+00 3.06200E-01 2.96709E-01 0.00000E+00 7.02495E+00
0.00000E+00 4.51563E-01 4.61333E-01 1.28042E+00 1.27772E+00 1.27838E+00 1.28377E+00 4.61333E-01 4.51563E-01 0.00000E+00 1.08988E+01
0.00000E+00 6.25316E-01 6.35347E-01 1.44454E+00 1.44183E+00 1.44257E+00 1.44811E+00 6.35348E-01 6.25316E-01 0.00000E+00 1.54254E+01
0.00000E+00 8.15689E-01 8.25968E-01 1.62616E+00 1.62345E+00 1.62427E+00 1.62995E+00 8.25969E-01 8.15689E-01 0.00000E+00 2.05586E+01
7.90662E-02 1.01490E+00 1.02541E+00 1.81739E+00 1.81468E+00 1.81559E+00 1.82139E+00 1.02541E+00 1.01490E+00 7.90662E-02 2.61659E+01
2.91837E-01 1.21981E+00 1.23054E+00 2.01498E+00 2.01226E+00 2.01325E+00 2.01917E+00 1.23054E+00 1.21981E+00 2.91837E-01 3.21239E+01
5.18384E-01 1.43901E+00 1.44996E+00 2.22734E+00 2.22463E+00 2.22569E+00 2.23174E+00 1.44996E+00 1.43901E+00 5.18384E-01 3.85128E+01
7.57483E-01 1.67121E+00 1.68237E+00 2.45315E+00 2.45044E+00 2.45158E+00 2.45773E+00 1.68237E+00 1.67121E+00 7.57483E-01 4.52980E+01
1.00806E+00 1.91530E+00 1.92665E+00 2.69122E+00 2.68851E+00 2.68972E+00 2.69599E+00 1.92665E+00 1.91530E+00 1.00806E+00 5.24463E+01
1.26915E+00 2.17026E+00 2.18180E+00 2.94051E+00 2.93780E+00 2.93909E+00 2.94546E+00 2.18181E+00 2.17026E+00 1.26915E+00 5.99261E+01
1.53991E+00 2.43522E+00 2.44695E+00 3.20010E+00 3.19740E+00 3.19876E+00 3.20524E+00 2.44695E+00 2.43522E+00 1.53991E+00 6.77076E+01
1.81959E+00 2.70938E+00 2.72128E+00 3.46917E+00 3.46647E+00 3.46791E+00 3.47448E+00 2.72129E+00 2.70938E+00 1.81959E+00 7.57629E+01
2.10747E+00 2.99202E+00 3.00409E+00 3.74698E+00 3.74427E+00 3.74578E+00 3.75245E+00 3.00410E+00 2.99202E+00 2.10747E+00 8.40660E+01
2.40294E+00 3.28248E+00 3.29473E+00 4.03283E+00 4.03013E+00 4.03171E+00 4.03848E+00 3.29473E+00 3.28248E+00 2.40294E+00 9.25928E+01
2.70542E+00 3.58018E+00 3.59259E+00 4.32613E+00 4.32344E+00 4.32508E+00 4.33194E+00 3.59259E+00 3.58018E+00 2.70542E+00 1.01321E+02
3.01439E+00 3.88456E+00 3.89713E+00 4.62631E+00 4.62362E+00 4.62534E+00 4.63228E+00 3.89714E+00 3.88456E+00 3.01439E+00 1.10230E+02
3.32935E+00 4.19513E+00 4.20786E+00 4.93286E+00 4.93017E+00 4.93195E+00 4.93898E+00 4.20787E+00 4.19513E+00 3.32935E+00 1.19301E+02
3.64988E+00 4.51144E+00 4.52431E+00 5.24530E+00 5.24261E+00 5.24446E+00 5.25158E+00 4.52432E+00 4.51144E+00 3.64988E+00 1.28515E+02
3.97554E+00 4.83304E+00 4.84607E+00 5.56319E+00 5.56051E+00 5.56243E+00 5.56962E+00 4.84607E+00 4.83304E+00 3.97554E+00 1.37858E+02
4.30597E+00 5.15956E+00 5.17273E+00 5.88613E+00 5.88346E+00 5.88544E+00 5.89271E+00 5.17273E+00 5.15956E+00 4.30597E+00 1.47314E+02
4.64080E+00 5.49062E+00 5.50393E+00 6.21375E+00 6.21108E+00 6.21313E+00 6.22048E+00 5.50394E+00 5.49062E+00 4.64080E+00 1.56870E+02
4.97971E+00 5.82588E+00 5.83933E+00 6.54570E+00 6.54303E+00 6.54514E+00 6.55257E+00 5.83934E+00 5.82588E+00 4.97971E+00 1.66512E+02
5.32239E+00 6.16504E+00 6.17863E+00 6.88165E+00 6.87899E+00 6.88116E+00 6.88867E+00 6.17863E+00 6.16504E+00 5.32239E+00 1.76230E+02
5.66855E+00 6.50779E+00 6.52151E+00 7.22131E+00 7.21865E+00 7.22089E+00 7.22847E+00 6.52152E+00 6.50779E+00 5.66855E+00 1.86013E+02
6.01792E+00 6.85387E+00 6.86772E+00 7.56439E+00 7.56174E+00 7.56403E+00 7.57168E+00 6.86773E+00 6.85387E+00 6.01792E+00 1.95851E+02
6.37027E+00 7.20301E+00 7.21699E+00 7.91063E+00 7.90798E+00 7.91034E+00 7.91806E+00 7.21700E+00 7.20301E+00 6.37027E+00 2.05734E+02
6.72534E+00 7.55498E+00 7.56908E+00 8.25978E+00 8.25714E+00 8.25956E+00 8.26735E+00 7.56909E+00 7.55498E+00 6.72534E+00 2.15656E+02
7.08292E+00 7.90955E+00 7.92377E+00 8.61162E+00 8.60899E+00 8.61146E+00 8.61932E+00 7.92378E+00 7.90955E+00 7.08292E+00 2.25607E+02
7.44281E+00 8.26651E+00 8.28086E+00 8.96593E+00 8.96330E+00 8.96584E+00 8.97376E+00 8.28087E+00 8.26651E+00 7.44281E+00 2.35582E+02
7.80481E+00 8.62566E+00 8.64013E+00 9.32251E+00 9.31989E+00 9.32248E+00 9.33047E+00 8.64014E+00 8.62566E+00 7.80481E+00 2.45573E+02
8.16874E+00 8.98683E+00 9.00140E+00 9.68117E+00 9.67855E+00 9.68120E+00 9.68926E+00 9.00141E+00 8.98683E+00 8.16874E+00 2.55576E+02
8.53443E+00 9.34982E+00 9.36451E+00 1.00417E+01 1.00391E+01 1.00418E+01 1.00499E+01 9.36452E+00 9.34982E+00 8.53443E+00 2.65584E+02
8.90173E+00 9.71448E+00 9.72929E+00 1.04040E+01 1.04014E+01 1.04042E+01 1.04124E+01 9.72930E+00 9.71448E+00 8.90173E+00 2.75592E+02
9.27047E+00 1.00807E+01 1.00956E+01 1.07679E+01 1.07653E+01 1.07681E+01 1.07764E+01 1.00956E+01 1.00807E+01 9.27047E+00 2.85596E+02
9.64052E+00 1.04482E+01 1.04632E+01 1.11332E+01 1.11306E+01 1.11335E+01 1.11418E+01 1.04633E+01 1.04482E+01 9.64052E+00 2.95592E+02
1.00118E+01 1.08170E+01 1.08321E+01 1.14998E+01 1.14972E+01 1.15001E+01 1.15085E+01 1.08321E+01 1.08170E+01 1.00118E+01 3.05575E+02
1.03840E+01 1.11869E+01 1.12021E+01 1.18675E+01 1.18649E+01 1.18679E+01 1.18764E+01 1.12021E+01 1.11869E+01 1.03840E+01 3.15543E+02
1.07572E+01 1.15578E+01 1.15731E+01 1.22363E+01 1.22337E+01 1.22368E+01 1.22453E+01 1.15731E+01 1.15578E+01 1.07572E+01 3.25491E+02
1.11313E+01 1.19295E+01 1.19450E+01 1.26060E+01 1.26034E+01 1.26065E+01 1.26151E+01 1.19450E+01 1.19295E+01 1.11313E+01 3.35418E+02
1.15060E+01 1.23020E+01 1.23176E+01 1.29765E+01 1.29739E+01 1.29771E+01 1.29857E+01 1.23176E+01 1.23020E+01 1.15060E+01 3.45320E+02
1.18813E+01 1.26752E+01 1.26908E+01 1.33477E+01 1.33452E+01 1.33484E+01 1.33570E+01 1.26908E+01 1.26752E+01 1.18813E+01 3.55194E+02
1.22572E+01 1.30489E+01 1.30647E+01 1.37195E+01 1.37170E+01 1.37202E+01 1.37290E+01 1.30647E+01 1.30489E+01 1.22572E+01 3.65039E+02
1.26335E+01 1.34231E+01 1.34390E+01 1.40919E+01 1.40893E+01 1.40926E+01 1.41014E+01 1.34390E+01 1.34231E+01 1.26335E+01 3.74852E+02
1.30101E+01 1.37977E+01 1.38136E+01 1.44646E+01 1.44621E+01 1.44655E+01 1.44743E+01 1.38137E+01 1.37977E+01 1.30101E+01 3.84631E+02
1.33870E+01 1.41726E+01 1.41886E+01 1.48378E+01 1.48352E+01 1.48386E+01 1.48475E+01 1.41887E+01 1.41726E+01 1.33870E+01 3.94375E+02
1.37641E+01 1.45477E+01 1.45639E+01 1.52111E+01 1.52086E+01 1.52121E+01 1.52210E+01 1.45639E+01 1.45477E+01 1.37641E+01 4.04082E+02
0.00000E+00 0.00000E+00 -5.12146E-02 7.40683E-01 7.37816E-01 7.38063E-01 7.43252E-01 -5.12165E-02 0.00000E+00 0.00000E+00 -1.51835E+00
0.00000E+00 0.00000E+00 -1.03847E-02 7.63634E-01 7.60757E-01 7.61153E-01 7.66621E-01 -1.03860E-02 0.00000E+00 0.00000E+00 -4.00509E-01
0.00000E+00 5.33838E-02 6.36352E-02 8.23005E-01 8.20123E-01 8.20658E-01 8.26369E-01 6.36345E-02 5.33838E-02 0.00000E+00 1.31476E+00
0.00000E+00 1.53031E-01 1.63686E-01 9.10500E-01 9.07616E-01 9.08283E-01 9.14214E-01 1.63686E-01 1.53031E-01 0.00000E+00 3.63358E+00
0.00000E+00 2.74388E-01 2.85416E-01 1.02119E+00 1.01831E+00 1.01910E+00 1.02523E+00 2.85416E-01 2.74388E-01 0.00000E+00 6.57898E+00
0.00000E+00 4.13917E-01 4.25291E-01 1.15123E+00 1.14835E+00 1.14927E+00 1.15558E+00 4.25292E-01 4.13917E-01 0.00000E+00 1.01165E+01
0.00000E+00 5.68971E-01 5.80668E-01 1.29774E+00 1.29487E+00 1.29590E+00 1.30239E+00 5.80670E-01 5.68971E-01 0.00000E+00 1.42008E+01
0.00000E+00 7.37500E-01 7.49501E-01 1.45852E+00 1.45564E+00 1.45679E+00 1.46345E+00 7.49503E-01 7.37500E-01 0.00000E+00 1.87827E+01
7.00889E-02 9.13242E-01 9.25531E-01 1.62719E+00 1.62432E+00 1.62558E+00 1.63240E+00 9.25533E-01 9.13242E-01 7.00889E-02 2.37306E+01
2.57712E-01 1.09368E+00 1.10625E+00 1.80114E+00 1.79828E+00 1.79965E+00 1.80661E+00 1.10625E+00 1.09368E+00 2.57712E-01 2.89295E+01
4.56129E-01 1.28539E+00 1.29821E+00 1.98679E+00 1.98394E+00 1.98542E+00 1.99252E+00 1.29822E+00 1.28539E+00 4.56129E-01 3.44630E+01
6.64265E-01 1.48723E+00 1.50030E+00 2.18296E+00 2.18012E+00 2.18170E+00 2.18894E+00 1.50031E+00 1.48723E+00 6.64265E-01 4.02993E+01
8.81184E-01 1.69822E+00 1.71154E+00 2.38863E+00 2.38579E+00 2.38747E+00 2.39484E+00 1.71154E+00 1.69822E+00 8.81184E-01 4.64083E+01
1.10606E+00 1.91750E+00 1.93105E+00 2.60288E+00 2.60005E+00 2.60184E+00 2.60933E+00 1.93106E+00 1.91750E+00 1.10606E+00 5.27619E+01
1.33818E+00 2.14431E+00 2.15809E+00 2.82494E+00 2.82212E+00 2.82401E+00 2.83162E+00 2.15809E+00 2.14431E+00 1.33818E+00 5.93343E+01
1.57688E+00 2.37798E+00 2.39197E+00 3.05410E+00 3.05128E+00 3.05327E+00 3.06100E+00 2.39197E+00 2.37798E+00 1.57688E+00 6.61015E+01
1.82158E+00 2.61788E+00 2.63208E+00 3.28972E+00 3.28692E+00 3.28900E+00 3.29685E+00 2.63209E+00 2.61788E+00 1.82158E+00 7.30415E+01
2.07175E+00 2.86348E+00 2.87789E+00 3.53124E+00 3.52845E+00 3.53062E+00 3.53858E+00 2.87790E+00 2.86348E+00 2.07175E+00 8.01342E+01
2.32693E+00 3.11429E+00 3.12889E+00 3.77815E+00 3.77537E+00 3.77764E+00 3.78570E+00 3.12890E+00 3.11429E+00 2.32693E+00 8.73612E+01
2.58667E+00 3.36984E+00 3.38464E+00 4.02998E+00 4.02720E+00 4.02957E+00 4.03774E+00 3.38464E+00 3.36984E+00 2.58667E+00 9.47058E+01
2.85057E+00 3.62973E+00 3.64471E+00 4.28631E+00 4.28354E+00 4.28599E+00 4.29427E+00 3.64472E+00 3.62973E+00 2.85057E+00 1.02153E+02
3.11828E+00 3.89358E+00 3.90875E+00 4.54674E+00 4.54398E+00 4.54652E+00 4.55490E+00 3.90876E+00 3.89358E+00 3.11828E+00 1.09688E+02
3.38947E+00 4.16105E+00 4.17640E+00 4.81092E+00 4.80818E+00 4.81081E+00 4.81928E+00 4.17641E+00 4.16105E+00 3.38947E+00 1.17298E+02
3.66381E+00 4.43183E+00 4.44735E+00 5.07853E+00 5.07580E+00 5.07851E+00 5.08708E+00 4.44736E+00 4.43183E+00 3.66381E+00 1.24973E+02
3.94104E+00 4.70561E+00 4.72130E+00 5.34927E+00 5.34654E+00 5.34934E+00 5.35800E+00 4.72131E+00 4.70561E+00 3.94104E+00 1.32701E+02
4.22089E+00 4.98213E+00 4.99799E+00 5.62285E+00 5.62013E+00 5.62302E+00 5.63177E+00 4.99800E+00 4.98213E+00 4.22089E+00 1.40474E+02
4.50312E+00 5.26114E+00 5.27716E+00 5.89902E+00 5.89632E+00 5.89929E+00 5.90813E+00 5.27717E+00 5.26114E+00 4.50312E+00 1.48281E+02
4.78750E+00 5.54241E+00 5.55859E+00 6.17755E+00 6.17485E+00 6.17790E+00 6.18683E+00 5.55860E+00 5.54241E+00 4.78750E+00 1.56116E+02
5.07383E+00 5.82572E+00 5.84206E+00 6.45821E+00 6.45552E+00 6.45865E+00 6.46767E+00 5.84207E+00 5.82572E+00 5.07383E+00 1.63971E+02
5.36190E+00 6.11087E+00 6.12736E+00 6.74079E+00 6.73811E+00 6.74133E+00 6.75043E+00 6.12738E+00 6.11087E+00 5.36190E+00 1.71839E+02
5.65156E+00 6.39769E+00 6.41433E+00 7.02512E+00 7.02245E+00 7.02575E+00 7.03493E+00 6.41434E+00 6.39769E+00 5.65156E+00 1.79715E+02
5.94261E+00 6.68599E+00 6.70278E+00 7.31101E+00 7.30835E+00 7.31172E+00 7.32099E+00 6.70279E+00 6.68599E+00 5.94261E+00 1.87593E+02
6.23492E+00 6.97562E+00 6.99255E+00 7.59829E+00 7.59564E+00 7.59909E+00 7.60844E+00 6.99257E+00 6.97562E+00 6.23492E+00 1.95469E+02
6.52833E+00 7.26643E+00 7.28350E+00 7.88682E+00 7.88418E+00 7.88771E+00 7.89713E+00 7.28352E+00 7.26643E+00 6.52833E+00 2.03337E+02
6.82271E+00 7.55828E+00 7.57549E+00 8.17645E+00 8.17382E+00 8.17743E+00 8.18693E+00 7.57550E+00 7.55828E+00 6.82271E+00 2.11194E+02
7.11793E+00 7.85103E+00 7.86838E+00 8.46705E+00 8.46443E+00 8.46811E+00 8.47769E+00 7.86840E+00 7.85103E+00 7.11793E+00 2.19036E+02
7.41388E+00 8.14457E+00 8.16205E+00 8.75849E+00 8.75588E+00 8.75963E+00 8.76929E+00 8.16207E+00 8.14457E+00 7.41388E+00 2.26859E+02
7.71043E+00 8.43878E+00 8.45640E+00 9.05066E+00 9.04805E+00 9.05189E+00 9.06161E+00 8.45641E+00 8.43878E+00 7.71043E+00 2.34661E+02
8.00750E+00 8.73356E+00 8.75131E+00 9.34344E+00 9.34085E+00 9.34475E+00 9.35455E+00 8.75132E+00 8.73356E+00 8.00750E+00 2.42438E+02
8.30497E+00 9.02881E+00 9.04668E+00 9.63674E+00 9.63416E+00 9.63814E+00 9.64801E+00 9.04670E+00 9.02881E+00 8.30497E+00 2.50189E+02
8.60277E+00 9.32443E+00 9.34242E+00 9.93046E+00 9.92789E+00 9.93194E+00 9.94188E+00 9.34244E+00 9.32443E+00 8.60277E+00 2.57911E+02
8.90081E+00 9.62033E+00 9.63845E+00 1.02245E+01 1.02220E+01 1.02261E+01 1.02361E+01 9.63847E+00 9.62033E+00 8.90081E+00 2.65602E+02
9.19900E+00 9.91644E+00 9.93468E+00 1.05188E+01 1.05163E+01 1.05205E+01 1.05305E+01 9.93470E+00 9.91644E+00 9.19900E+00 2.73260E+02
9.49727E+00 1.02127E+01 1.02310E+01 1.08133E+01 1.08107E+01 1.08150E+01 1.08252E+01 1.02311E+01 1.02127E+01 9.49727E+00 2.80884E+02
9.79556E+00 1.05090E+01 1.05275E+01 1.11079E+01 1.11053E+01 1.11097E+01 1.11199E+01 1.05275E+01 1.05090E+01 9.79556E+00 2.88472E+02
1.00938E+01 1.08053E+01 1.08239E+01 1.14024E+01 1.13999E+01 1.14043E+01 1.14146E+01 1.08239E+01 1.08053E+01 1.00938E+01 2.96022E+02
1.03919E+01 1.11015E+01 1.11202E+01 1.16970E+01 1.16945E+01 1.16990E+01 1.17093E+01 1.11202E+01 1.11015E+01 1.03919E+01 3.03533E+02
1.06899E+01 1.13975E+01 1.14164E+01 1.19915E+01 1.19889E+01 1.19935E+01 1.20039E+01 1.14164E+01 1.13975E+01 1.06899E+01 3.11005E+02
1.09876E+01 1.16934E+01 1.17124E+01 1.22858E+01 1.22833E+01 1.22879E+01 1.22983E+01 1.17124E+01 1.16934E+01 1.09876E+01 3.18437E+02
1.12850E+01 1.19891E+01 1.20081E+01 1.25798E+01 1.25774E+01 1.25820E+01 1.25926E+01 1.20081E+01 1.19891E+01 1.12850E+01 3.25827E+02
0.00000E+00 0.00000E+00 -5.00347E-02 6.51872E-01 6.48781E-01 6.49147E-01 6.55234E-01 -5.00366E-02 0.00000E+00 0.00000E+00 -1.46314E+00
0.00000E+00 0.00000E+00 -8.08674E-03 6.77796E-01 6.74711E-01 6.75288E-01 6.81709E-01 -8.08783E-03 0.00000E+00 0.00000E+00 -3.74924E-01
0.00000E+00 5.06309E-02 6.26511E-02 7.35398E-01 7.32323E-01 7.33094E-01 7.39806E-01 6.26508E-02 5.06309E-02 0.00000E+00 1.26626E+00
0.00000E+00 1.43000E-01 1.55519E-01 8.17002E-01 8.13939E-01 8.14895E-01 8.21869E-01 1.55519E-01 1.43000E-01 0.00000E+00 3.44561E+00
0.00000E+00 2.53530E-01 2.66508E-01 9.18086E-01 9.15037E-01 9.16169E-01 9.23383E-01 2.66509E-01 2.53530E-01 0.00000E+00 6.16910E+00
0.00000E+00 3.79008E-01 3.92411E-01 1.03516E+00 1.03212E+00 1.03343E+00 1.04086E+00 3.92413E-01 3.79008E-01 0.00000E+00 9.39294E+00
0.00000E+00 5.17060E-01 5.30860E-01 1.16565E+00 1.16263E+00 1.16409E+00 1.17174E+00 5.30863E-01 5.17060E-01 0.00000E+00 1.30675E+01
0.00000E+00 6.65867E-01 6.80039E-01 1.30759E+00 1.30458E+00 1.30620E+00 1.31404E+00 6.80042E-01 6.65867E-01 0.00000E+00 1.71430E+01
6.19413E-02 8.20448E-01 8.34970E-01 1.45591E+00 1.45292E+00 1.45470E+00 1.46272E+00 8.34974E-01 8.20448E-01 6.19413E-02 2.14915E+01
2.26862E-01 9.78807E-01 9.93661E-01 1.60852E+00 1.60555E+00 1.60748E+00 1.61568E+00 9.93666E-01 9.78807E-01 2.26862E-01 2.60081E+01
4.00055E-01 1.14587E+00 1.16104E+00 1.77023E+00 1.76727E+00 1.76934E+00 1.77771E+00 1.16104E+00 1.14587E+00 4.00055E-01 3.07779E+01
5.80593E-01 1.32065E+00 1.33613E+00 1.93999E+00 1.93705E+00 1.93927E+00 1.94780E+00 1.33613E+00 1.32065E+00 5.80593E-01 3.57722E+01
7.67677E-01 1.50232E+00 1.51809E+00 2.11694E+00 2.11402E+00 2.11637E+00 2.12506E+00 1.51809E+00 1.50232E+00 7.67677E-01 4.09646E+01
9.60612E-01 1.69014E+00 1.70619E+00 2.30031E+00 2.29741E+00 2.29990E+00 2.30873E+00 1.70620E+00 1.69014E+00 9.60612E-01 4.63306E+01
1.15879E+00 1.88346E+00 1.89979E+00 2.48943E+00 2.48655E+00 2.48917E+00 2.49815E+00 1.89979E+00 1.88346E+00 1.15879E+00 5.18484E+01
1.36166E+00 2.08173E+00 2.09832E+00 2.68371E+00 2.68084E+00 2.68360E+00 2.69272E+00 2.09833E+00 2.08173E+00 1.36166E+00 5.74978E+01
1.56875E+00 2.28444E+00 2.30128E+00 2.88263E+00 2.87978E+00 2.88266E+00 2.89192E+00 2.30129E+00 2.28444E+00 1.56875E+00 6.32607E+01
1.77962E+00 2.49113E+00 2.50821E+00 3.08571E+00 3.08288E+00 3.08589E+00 3.09528E+00 2.50822E+00 2.49113E+00 1.77962E+00 6.91208E+01
1.99388E+00 2.70140E+00 2.71872E+00 3.29254E+00 3.28972E+00 3.29286E+00 3.30237E+00 2.71873E+00 2.70140E+00 1.99388E+00 7.50632E+01
2.21120E+00 2.91489E+00 2.93244E+00 3.50273E+00 3.49993E+00 3.50319E+00 3.51283E+00 2.93245E+00 2.91489E+00 2.21120E+00 8.10748E+01
2.43124E+00 3.13126E+00 3.14904E+00 3.71595E+00 3.71316E+00 3.71654E+00 3.72631E+00 3.14905E+00 3.13126E+00 2.43124E+00 8.71436E+01
2.65372E+00 3.35021E+00 3.36821E+00 3.93187E+00 3.92911E+00 3.93261E+00 3.94249E+00 3.36822E+00 3.35021E+00 2.65372E+00 9.32588E+01
2.87837E+00 3.57147E+00 3.58969E+00 4.15023E+00 4.14748E+00 4.15109E+00 4.16109E+00 3.58970E+00 3.57147E+00 2.87837E+00 9.94107E+01
3.10496E+00 3.79480E+00 3.81322E+00 4.37075E+00 4.36802E+00 4.37175E+00 4.38186E+00 3.81323E+00 3.79480E+00 3.10496E+00 1.05591E+02
3.33326E+00 4.01995E+00 4.03857E+00 4.59321E+00 4.59049E+00 4.59434E+00 4.60456E+00 4.03859E+00 4.01995E+00 3.33326E+00 1.11791E+02
3.56308E+00 4.24672E+00 4.26555E+00 4.81739E+00 4.81468E+00 4.81864E+00 4.82898E+00 4.26556E+00 4.24672E+00 3.56308E+00 1.18004E+02
3.79423E+00 4.47493E+00 4.49394E+00 5.04308E+00 5.04039E+00 5.04447E+00 5.05490E+00 4.49396E+00 4.47493E+00 3.79423E+00 1.24224E+02
4.02653E+00 4.70438E+00 4.72359E+00 5.27011E+00 5.26744E+00 5.27162E+00 5.28216E+00 4.72361E+00 4.70438E+00 4.02653E+00 1.30446E+02
4.25983E+00 4.93493E+00 4.95432E+00 5.49831E+00 5.49566E+00 5.49994E+00 5.51059E+00 4.95434E+00 4.93493E+00 4.25983E+00 1.36663E+02
4.49399E+00 5.16641E+00 5.18598E+00 5.72752E+00 5.72488E+00 5.72928E+00 5.74002E+00 5.18600E+00 5.16641E+00 4.49399E+00 1.42872E+02
4.72886E+00 5.39869E+00 5.41844E+00 5.95760E+00 5.95498E+00 5.95948E+00 5.97032E+00 5.41846E+00 5.39869E+00 4.72886E+00 1.49068E+02
4.96434E+00 5.63165E+00 5.65158E+00 6.18842E+00 6.18582E+00 6.19042E+00 6.20136E+00 5.65160E+00 5.63165E+00 4.96434E+00 1.55249E+02
5.20030E+00 5.86516E+00 5.88526E+00 6.41986E+00 6.41727E+00 6.42198E+00 6.43301E+00 5.88528E+00 5.86516E+00 5.20030E+00 1.61409E+02
5.43664E+00 6.09912E+00 6.11938E+00 6.65180E+00 6.64923E+00 6.65404E+00 6.66516E+00 6.11940E+00 6.09912E+00 5.43664E+00 1.67547E+02
5.67325E+00 6.33342E+00 6.35385E+00 6.88414E+00 6.88158E+00 6.88650E+00 6.89771E+00 6.35387E+00 6.33342E+00 5.67325E+00 1.73660E+02
5.91006E+00 6.56797E+00 6.58856E+00 7.11679E+00 7.11424E+00 7.11926E+00 7.13056E+00 6.58858E+00 6.56797E+00 5.91006E+00 1.79746E+02
6.14697E+00 6.80269E+00 6.82343E+00 7.34965E+00 7.34712E+00 7.35223E+00 7.36362E+00 6.82346E+00 6.80269E+00 6.14697E+00 1.85802E+02
6.38391E+00 7.03748E+00 7.05838E+00 7.58263E+00 7.58012E+00 7.58533E+00 7.59681E+00 7.05841E+00 7.03748E+00 6.38391E+00 1.91827E+02
6.62081E+00 7.27229E+00 7.29334E+00 7.81568E+00 7.81318E+00 7.81848E+00 7.83005E+00 7.29337E+00 7.27229E+00 6.62081E+00 1.97818E+02
6.85759E+00 7.50703E+00 7.52823E+00 8.04870E+00 8.04622E+00 8.05162E+00 8.06327E+00 7.52826E+00 7.50703E+00 6.85759E+00 2.03776E+02
7.09420E+00 7.74165E+00 7.76300E+00 8.28164E+00 8.27917E+00 8.28466E+00 8.29640E+00 7.76302E+00 7.74165E+00 7.09420E+00 2.09697E+02
7.33058E+00 7.97608E+00 7.99757E+00 8.51443E+00 8.51198E+00 8.51757E+00 8.52939E+00 7.99760E+00 7.97608E+00 7.33058E+00 2.15582E+02
7.56667E+00 8.21027E+00 8.23190E+00 8.74702E+00 8.74458E+00 8.75026E+00 8.76216E+00 8.23193E+00 8.21027E+00 7.56667E+00 2.21428E+02
7.80243E+00 8.44416E+00 8.46594E+00 8.97935E+00 8.97693E+00 8.98270E+00 8.99468E+00 8.46597E+00 8.44416E+00 7.80243E+00 2.27236E+02
8.03781E+00 8.67772E+00 8.69963E+00 9.21138E+00 9.20897E+00 9.21483E+00 9.22689E+00 8.69966E+00 8.67772E+00 8.03781E+00 2.33005E+02
8.27276E+00 8.91089E+00 8.93294E+00 9.44306E+00 9.44066E+00 9.44661E+00 9.45875E+00 8.93297E+00 8.91089E+00 8.27276E+00 2.38733E+02
8.50725E+00 9.14363E+00 9.16582E+00 9.67434E+00 9.67196E+00 9.67800E+00 9.69021E+00 9.16585E+00 9.14363E+00 8.50725E+00 2.44421E+02
8.74124E+00 9.37591E+00 9.39823E+00 9.90518E+00 9.90282E+00 9.90895E+00 9.92124E+00 9.39826E+00 9.37591E+00 8.74124E+00 2.50068E+02
8.97470E+00 9.60769E+00 9.63014E+00 1.01356E+01 1.01332E+01 1.01394E+01 1.01518E+01 9.63017E+00 9.60769E+00 8.97470E+00 2.55673E+02
9.20759E+00 9.83893E+00 9.86151E+00 1.03654E+01 1.03631E+01 1.03694E+01 1.03818E+01 9.86154E+00 9.83893E+00 9.20759E+00 2.61237E+02
0.00000E+00 0.00000E+00 -4.83137E-02 5.73214E-01 5.69913E-01 5.70481E-01 5.77653E-01 -4.83157E-02 0.00000E+00 0.00000E+00 -1.41616E+00
0.00000E+00 0.00000E+00 -5.33713E-03 6.01781E-01 5.98510E-01 5.99373E-01 6.06944E-01 -5.33797E-03 0.00000E+00 0.00000E+00 -3.47114E-01
0.00000E+00 4.79795E-02 6.22438E-02 6.57544E-01 6.54304E-01 6.55438E-01 6.63355E-01 6.22442E-02 4.79795E-02 0.00000E+00 1.22848E+00
0.00000E+00 1.33495E-01 1.48371E-01 7.33531E-01 7.30323E-01 7.31713E-01 7.39942E-01 1.48372E-01 1.33495E-01 0.00000E+00 3.27778E+00
0.00000E+00 2.33988E-01 2.49425E-01 8.25666E-01 8.22490E-01 8.24123E-01 8.32637E-01 2.49428E-01 2.33988E-01 0.00000E+00 5.79296E+00
0.00000E+00 3.46586E-01 3.62540E-01 9.30827E-01 9.27682E-01 9.29548E-01 9.38327E-01 3.62544E-01 3.46586E-01 0.00000E+00 8.72380E+00
0.00000E+00 4.69189E-01 4.85626E-01 1.04674E+00 1.04363E+00 1.04572E+00 1.05474E+00 4.85631E-01 4.69189E-01 0.00000E+00 1.20188E+01
0.00000E+00 6.00207E-01 6.17096E-01 1.17168E+00 1.16860E+00 1.17090E+00 1.18016E+00 6.17102E-01 6.00207E-01 0.00000E+00 1.56293E+01
5.45563E-02 7.35730E-01 7.53042E-01 1.30167E+00 1.29862E+00 1.30113E+00 1.31061E+00 7.53049E-01 7.35730E-01 5.45563E-02 1.94337E+01
1.99013E-01 8.74189E-01 8.91902E-01 1.43505E+00 1.43203E+00 1.43474E+00 1.44443E+00 8.91910E-01 8.74189E-01 1.99013E-01 2.33381E+01
3.49627E-01 1.01920E+00 1.03729E+00 1.57532E+00 1.57233E+00 1.57524E+00 1.58512E+00 1.03730E+00 1.01920E+00 3.49627E-01 2.74275E+01
5.05614E-01 1.16993E+00 1.18839E+00 1.72161E+00 1.71865E+00 1.72175E+00 1.73182E+00 1.18840E+00 1.16993E+00 5.05614E-01 3.16766E+01
6.66306E-01 1.32567E+00 1.34448E+00 1.87318E+00 1.87025E+00 1.87354E+00 1.88380E+00 1.34449E+00 1.32567E+00 6.66306E-01 3.60628E+01
8.31125E-01 1.48581E+00 1.50496E+00 2.02939E+00 2.02648E+00 2.02996E+00 2.04039E+00 1.50497E+00 1.48581E+00 8.31125E-01 4.05656E+01
9.99567E-01 1.64982E+00 1.66929E+00 2.18968E+00 2.18680E+00 2.19046E+00 2.20107E+00 1.66930E+00 1.64982E+00 9.99567E-01 4.51666E+01
1.17119E+00 1.81723E+00 1.83702E+00 2.35357E+00 2.35072E+00 2.35456E+00 2.36533E+00 1.83703E+00 1.81723E+00 1.17119E+00 4.98496E+01
1.34561E+00 1.98764E+00 2.00773E+00 2.52063E+00 2.51781E+00 2.52182E+00 2.53275E+00 2.00775E+00 1.98764E+00 1.34561E+00 5.46001E+01
1.52247E+00 2.16068E+00 2.18107E+00 2.69048E+00 2.68769E+00 2.69187E+00 2.70296E+00 2.18108E+00 2.16068E+00 1.52247E+00 5.94050E+01
1.70147E+00 2.33603E+00 2.35670E+00 2.86279E+00 2.86002E+00 2.86436E+00 2.87561E+00 2.35672E+00 2.33603E+00 1.70147E+00 6.42531E+01
1.88234E+00 2.51340E+00 2.53434E+00 3.03724E+00 3.03450E+00 3.03901E+00 3.05040E+00 2.53436E+00 2.51340E+00 1.88234E+00 6.91341E+01
2.06482E+00 2.69252E+00 2.71373E+00 3.21358E+00 3.21086E+00 3.21553E+00 3.22707E+00 2.71375E+00 2.69252E+00 2.06482E+00 7.40389E+01
2.24869E+00 2.87316E+00 2.89463E+00 3.39155E+00 3.38886E+00 3.39368E+00 3.40536E+00 2.89465E+00 2.87316E+00 2.24869E+00 7.89596E+01
2.43375E+00 3.05512E+00 3.07684E+00 3.57093E+00 3.56827E+00 3.57325E+00 3.58507E+00 3.07686E+00 3.05512E+00 2.43375E+00 8.38892E+01
2.61981E+00 3.23820E+00 3.26017E+00 3.75154E+00 3.74890E+00 3.75404E+00 3.76598E+00 3.26019E+00 3.23820E+00 2.61981E+00 8.88212E+01
2.80672E+00 3.42222E+00 3.44443E+00 3.93318E+00 3.93057E+00 3.93585E+00 3.94793E+00 3.44445E+00 3.42222E+00 2.80672E+00 9.37503E+01
2.99431E+00 3.60703E+00 3.62947E+00 4.11570E+00 4.11311E+00 4.11854E+00 4.13075E+00 3.62950E+00 3.60703E+00 2.99431E+00 9.86714E+01
3.18246E+00 3.79249E+00 3.81516E+00 4.29894E+00 4.29638E+00 4.30195E+00 4.31429E+00 3.81518E+00 3.79249E+00 3.18246E+00 1.03580E+02
3.37103E+00 3.97846E+00 4.00135E+00 4.48276E+00 4.48023E+00 4.48595E+00 4.49841E+00 4.00138E+00 3.97846E+00 3.37103E+00 1.08473E+02
3.55992E+00 4.16482E+00 4.18794E+00 4.66706E+00 4.66455E+00 4.67041E+00 4.68299E+00 4.18796E+00 4.16482E+00 3.55992E+00 1.13346E+02
3.74902E+00 4.35148E+00 4.37480E+00 4.85170E+00 4.84922E+00 4.85522E+00 4.86792E+00 4.37483E+00 4.35148E+00 3.74902E+00 1.18197E+02
3.93823E+00 4.53832E+00 4.56185E+00 5.03660E+00 5.03413E+00 5.04028E+00 5.05309E+00 4.56188E+00 4.53832E+00 3.93823E+00 1.23023E+02
4.12747E+00 4.72525E+00 4.74899E+00 5.22164E+00 5.21920E+00 5.22548E+00 5.23841E+00 4.74902E+00 4.72525E+00 4.12747E+00 1.27822E+02
4.31665E+00 4.91220E+00 4.93613E+00 5.40676E+00 5.40434E+00 5.41076E+00 5.42379E+00 4.93616E+00 4.91220E+00 4.31665E+00 1.32591E+02
4.50571E+00 5.09908E+00 5.12321E+00 5.59186E+00 5.58947E+00 5.59601E+00 5.60916E+00 5.12324E+00 5.09908E+00 4.50571E+00 1.37329E+02
4.69458E+00 5.28583E+00 5.31015E+00 5.77688E+00 5.77451E+00 5.78119E+00 5.79444E+00 5.31018E+00 5.28583E+00 4.69458E+00 1.42034E+02
4.88319E+00 5.47238E+00 5.49689E+00 5.96174E+00 5.95939E+00 5.96620E+00 5.97957E+00 5.49692E+00 5.47238E+00 4.88319E+00 1.46706E+02
5.07150E+00 5.65867E+00 5.68336E+00 6.14640E+00 6.14407E+00 6.15101E+00 6.16447E+00 5.68340E+00 5.65867E+00 5.07150E+00 1.51343E+02
5.25944E+00 5.84465E+00 5.86952E+00 6.33078E+00 6.32848E+00 6.33554E+00 6.34911E+00 5.86956E+00 5.84465E+00 5.25944E+00 1.55943E+02
5.44697E+00 6.03027E+00 6.05532E+00 6.51484E+00 6.51256E+00 6.51975E+00 6.53342E+00 6.05536E+00 6.03027E+00 5.44697E+00 1.60507E+02
5.63405E+00 6.21548E+00 6.24071E+00 6.69854E+00 6.69628E+00 6.70359E+00 6.71736E+00 6.24074E+00 6.21548E+00 5.63405E+00 1.65034E+02
5.82064E+00 6.40025E+00 6.42565E+00 6.88182E+00 6.87958E+00 6.88702E+00 6.90089E+00 6.42568E+00 6.40025E+00 5.82064E+00 1.69522E+02
6.00670E+00 6.58453E+00 6.61009E+00 7.06466E+00 7.06244E+00 7.07000E+00 7.08396E+00 6.61013E+00 6.58453E+00 6.00670E+00 1.73972E+02
6.19221E+00 6.76828E+00 6.79402E+00 7.24700E+00 7.24480E+00 7.25248E+00 7.26655E+00 6.79406E+00 6.76828E+00 6.19221E+00 1.78383E+02
6.37712E+00 6.95149E+00 6.97739E+00 7.42883E+00 7.42665E+00 7.43445E+00 7.44861E+00 6.97743E+00 6.95149E+00 6.37712E+00 1.82756E+02
6.56141E+00 7.13411E+00 7.16017E+00 7.61010E+00 7.60795E+00 7.61586E+00 7.63011E+00 7.16021E+00 7.13411E+00 6.56141E+00 1.87089E+02
6.74506E+00 7.31613E+00 7.34234E+00 7.79080E+00 7.78866E+00 7.79669E+00 7.81104E+00 7.34238E+00 7.31613E+00 6.74506E+00 1.91382E+02
6.92804E+00 7.49751E+00 7.52388E+00 7.97089E+00 7.96877E+00 7.97692E+00 7.99136E+00 7.52392E+00 7.49751E+00 6.92804E+00 1.95636E+02
7.11033E+00 7.67824E+00 7.70476E+00 8.15035E+00 8.14826E+00 8.15652E+00 8.17104E+00 7.70480E+00 7.67824E+00 7.11033E+00 1.99851E+02
7.29192E+00 7.85829E+00 7.88496E+00 8.32916E+00 8.32709E+00 8.33546E+00 8.35008E+00 7.88500E+00 7.85829E+00 7.29192E+00 2.04026E+02
7.47278E+00 8.03765E+00 8.06447E+00 8.50731E+00 8.50525E+00 8.51374E+00 8.52844E+00 8.06451E+00 8.03765E+00 7.47278E+00 2.08162E+02
0.00000E+00 0.00000E+00 -4.58689E-02 5.03691E-01 5.00214E-01 5.01107E-01 5.09584E-01 -4.58712E-02 0.00000E+00 0.00000E+00 -1.37478E+00
0.00000E+00 0.00000E+00 -2.01101E-03 5.34538E-01 5.31124E-01 5.32428E-01 5.41378E-01 -2.01167E-03 0.00000E+00 0.00000E+00 -3.14802E-01
0.00000E+00 4.54056E-02 6.25038E-02 5.88375E-01 5.85021E-01 5.86701E-01 5.96060E-01 6.25048E-02 4.54056E-02 0.00000E+00 1.20258E+00
0.00000E+00 1.24450E-01 1.42292E-01 6.58998E-01 6.55702E-01 6.57735E-01 6.67463E-01 1.42295E-01 1.24450E-01 0.00000E+00 3.12991E+00
0.00000E+00 2.15633E-01 2.34155E-01 7.42794E-01 7.39554E-01 7.41921E-01 7.51987E-01 2.34159E-01 2.15633E-01 0.00000E+00 5.44888E+00
0.00000E+00 3.16425E-01 3.35573E-01 8.37015E-01 8.33829E-01 8.36515E-01 8.46894E-01 3.35579E-01 3.16425E-01 0.00000E+00 8.10561E+00
0.00000E+00 4.25003E-01 4.44732E-01 9.39682E-01 9.36549E-01 9.39538E-01 9.50210E-01 4.44739E-01 4.25003E-01 0.00000E+00 1.10489E+01
0.00000E+00 5.39996E-01 5.60268E-01 1.04931E+00 1.04623E+00 1.04951E+00 1.06045E+00 5.60277E-01 5.39996E-01 0.00000E+00 1.42327E+01
4.78724E-02 6.58378E-01 6.79158E-01 1.16280E+00 1.15977E+00 1.16333E+00 1.17454E+00 6.79169E-01 6.58378E-01 4.78724E-02 1.75440E+01
1.73913E-01 7.78935E-01 8.00193E-01 1.27887E+00 1.27589E+00 1.27972E+00 1.29117E+00 8.00205E-01 7.78935E-01 1.73913E-01 2.09001E+01
3.04354E-01 9.04251E-01 9.25965E-01 1.40000E+00 1.39707E+00 1.40116E+00 1.41285E+00 9.25978E-01 9.04251E-01 3.04354E-01 2.43846E+01
4.38548E-01 1.03364E+00 1.05578E+00 1.52547E+00 1.52258E+00 1.52693E+00 1.53885E+00 1.05580E+00 1.03364E+00 4.38548E-01 2.79760E+01
5.75947E-01 1.16650E+00 1.18907E+00 1.65466E+00 1.65181E+00 1.65642E+00 1.66855E+00 1.18909E+00 1.16650E+00 5.75947E-01 3.16554E+01
7.16082E-01 1.30236E+00 1.32533E+00 1.78704E+00 1.78424E+00 1.78909E+00 1.80143E+00 1.32534E+00 1.30236E+00 7.16082E-01 3.54060E+01
8.58549E-01 1.44077E+00 1.46412E+00 1.92217E+00 1.91942E+00 1.92451E+00 1.93705E+00 1.46414E+00 1.44077E+00 8.58549E-01 3.92132E+01
1.00300E+00 1.58137E+00 1.60509E+00 2.05966E+00 2.05695E+00 2.06227E+00 2.07501E+00 1.60511E+00 1.58137E+00 1.00300E+00 4.30640E+01
1.14912E+00 1.72383E+00 1.74791E+00 2.19916E+00 2.19649E+00 2.20205E+00 2.21497E+00 1.74793E+00 1.72383E+00 1.14912E+00 4.69474E+01
1.29665E+00 1.86786E+00 1.89229E+00 2.34038E+00 2.33775E+00 2.34353E+00 2.35664E+00 1.89231E+00 1.86786E+00 1.29665E+00 5.08534E+01
1.44535E+00 2.01322E+00 2.03798E+00 2.48305E+00 2.48046E+00 2.48646E+00 2.49975E+00 2.03800E+00 2.01322E+00 1.44535E+00 5.47735E+01
1.59501E+00 2.15968E+00 2.18476E+00 2.62694E+00 2.62438E+00 2.63060E+00 2.64407E+00 2.18478E+00 2.15968E+00 1.59501E+00 5.87003E+01
1.74544E+00 2.30703E+00 2.33243E+00 2.77184E+00 2.76932E+00 2.77575E+00 2.78939E+00 2.33245E+00 2.30703E+00 1.74544E+00 6.26272E+01
1.89647E+00 2.45512E+00 2.48081E+00 2.91756E+00 2.91508E+00 2.92172E+00 2.93552E+00 2.48084E+00 2.45512E+00 1.89647E+00 6.65487E+01
2.04796E+00 2.60377E+00 2.62976E+00 3.06394E+00 3.06150E+00 3.06834E+00 3.08231E+00 2.62979E+00 2.60377E+00 2.04796E+00 7.04598E+01
2.19977E+00 2.75284E+00 2.77912E+00 3.21084E+00 3.20843E+00 3.21548E+00 3.22960E+00 2.77915E+00 2.75284E+00 2.19977E+00 7.43563E+01
2.35179E+00 2.90222E+00 2.92878E+00 3.35811E+00 3.35575E+00 3.36299E+00 3.37727E+00 2.92881E+00 2.90222E+00 2.35179E+00 7.82345E+01
2.50390E+00 3.05178E+00 3.07861E+00 3.50565E+00 3.50332E+00 3.51075E+00 3.52518E+00 3.07864E+00 3.05178E+00 2.50390E+00 8.20912E+01
2.65600E+00 3.20142E+00 3.22852E+00 3.65334E+00 3.65104E+00 3.65867E+00 3.67325E+00 3.22855E+00 3.20142E+00 2.65600E+00 8.59237E+01
2.80802E+00 3.35106E+00 3.37841E+00 3.80108E+00 3.79882E+00 3.80664E+00 3.82136E+00 3.37845E+00 3.35106E+00 2.80802E+00 8.97296E+01
2.95987E+00 3.50060E+00 3.52821E+00 3.94880E+00 3.94657E+00 3.95457E+00 3.96944E+00 3.52825E+00 3.50060E+00 2.95987E+00 9.35069E+01
3.11149E+00 3.64998E+00 3.67783E+00 4.09640E+00 4.09421E+00 4.10240E+00 4.11740E+00 3.67787E+00 3.64998E+00 3.11149E+00 9.72538E+01
3.26280E+00 3.79912E+00 3.82722E+00 4.24383E+00 4.24167E+00 4.25004E+00 4.26518E+00 3.82726E+00 3.79912E+00 3.26280E+00 1.00969E+02
3.41376E+00 3.94797E+00 3.97630E+00 4.39101E+00 4.38889E+00 4.39743E+00 4.41271E+00 3.97634E+00 3.94797E+00 3.41376E+00 1.04651E+02
3.56431E+00 4.09646E+00 4.12502E+00 4.53789E+00 4.53580E+00 4.54452E+00 4.55993E+00 4.12507E+00 4.09646E+00 3.56431E+00 1.08299E+02
3.71440E+00 4.24456E+00 4.27334E+00 4.68442E+00 4.68236E+00 4.69125E+00 4.70679E+00 4.27339E+00 4.24456E+00 3.71440E+00 1.11913E+02
3.86399E+00 4.39221E+00 4.42121E+00 4.83054E+00 4.82851E+00 4.83757E+00 4.85324E+00 4.42126E+00 4.39221E+00 3.86399E+00 1.15491E+02
4.01304E+00 4.53937E+00 4.56859E+00 4.97622E+00 4.97422E+00 4.98345E+00 4.99925E+00 4.56864E+00 4.53937E+00 4.01304E+00 1.19033E+02
4.16152E+00 4.68601E+00 4.71545E+00 5.12141E+00 5.11945E+00 5.12884E+00 5.14476E+00 4.71549E+00 4.68601E+00 4.16152E+00 1.22538E+02
4.30940E+00 4.83210E+00 4.86174E+00 5.26609E+00 5.26415E+00 5.27371E+00 5.28975E+00 4.86179E+00 4.83210E+00 4.30940E+00 1.26007E+02
4.45665E+00 4.97760E+00 5.00744E+00 5.41022E+00 5.40831E+00 5.41803E+00 5.43419E+00 5.00749E+00 4.97760E+00 4.45665E+00 1.29438E+02
4.60325E+00 5.12248E+00 5.15253E+00 5.55377E+00 5.55189E+00 5.56177E+00 5.57805E+00 5.15258E+00 5.12248E+00 4.60325E+00 1.32833E+02
4.74918E+00 5.26674E+00 5.29698E+00 5.69671E+00 5.69486E+00 5.70491E+00 5.72130E+00 5.29703E+00 5.26674E+00 4.74918E+00 1.36190E+02
4.89440E+00 5.41033E+00 5.44077E+00 5.83903E+00 5.83721E+00 5.84741E+00 5.86392E+00 5.44082E+00 5.41033E+00 4.89440E+00 1.39511E+02
5.03892E+00 5.55325E+00 5.58387E+00 5.98071E+00 5.97892E+00 5.98927E+00 6.00589E+00 5.58393E+00 5.55325E+00 5.03892E+00 1.42794E+02
5.18271E+00 5.69548E+00 5.72629E+00 6.12171E+00 6.11995E+00 6.13046E+00 6.14719E+00 5.72634E+00 5.69548E+00 5.18271E+00 1.46041E+02
5.32575E+00 5.83699E+00 5.86799E+00 6.26204E+00 6.26031E+00 6.27097E+00 6.28781E+00 5.86804E+00 5.83699E+00 5.32575E+00 1.49250E+02
5.46804E+00 5.97779E+00 6.00896E+00 6.40167E+00 6.39997E+00 6.41078E+00 6.42773E+00 6.00902E+00 5.97779E+00 5.46804E+00 1.52424E+02
5.60957E+00 6.11785E+00 6.14920E+00 6.54060E+00 6.53892E+00 6.54988E+00 6.56694E+00 6.14926E+00 6.11785E+00 5.60957E+00 1.55561E+02
5.75033E+00 6.25717E+00 6.28869E+00 6.67880E+00 6.67715E+00 6.68826E+00 6.70542E+00 6.28875E+00 6.25717E+00 5.75033E+00 1.58662E+02
5.89030E+00 6.39574E+00 6.42743E+00 6.81628E+00 6.81466E+00 6.82590E+00 6.84317E+00 6.42749E+00 6.39574E+00 5.89030E+00 1.61727E+02
6.02949E+00 6.53355E+00 6.56541E+00 6.95302E+00 6.95142E+00 6.96281E+00 6.98019E+00 6.56547E+00 6.53355E+00 6.02949E+00 1.64757E+02
0.00000E+00 0.00000E+00 -4.24979E-02 4.42413E-01 4.38819E-01 4.40224E-01 4.50258E-01 -4.25010E-02 0.00000E+00 0.00000E+00 -1.33534E+00
0.00000E+00 0.00000E+00 2.04174E-03 4.75143E-01 4.71658E-01 4.73634E-01 4.84224E-01 2.04108E-03 0.00000E+00 0.00000E+00 -2.74860E-01
0.00000E+00 4.28897E-02 6.35525E-02 5.26956E-01 5.23571E-01 5.26064E-01 5.37138E-01 6.35542E-02 4.28897E-02 0.00000E+00 1.19045E+00
0.00000E+00 1.15811E-01 1.37371E-01 5.92446E-01 5.89154E-01 5.92131E-01 6.03639E-01 1.37375E-01 1.15811E-01 0.00000E+00 3.00250E+00
0.00000E+00 1.98354E-01 2.20729E-01 6.68471E-01 6.65267E-01 6.68700E-01 6.80607E-01 2.20735E-01 1.98354E-01 0.00000E+00 5.13583E+00
0.00000E+00 2.88332E-01 3.11456E-01 7.52653E-01 7.49533E-01 7.53398E-01 7.65674E-01 3.11464E-01 2.88332E-01 0.00000E+00 7.53557E+00
0.00000E+00 3.84187E-01 4.08003E-01 8.43295E-01 8.40256E-01 8.44532E-01 8.57152E-01 4.08014E-01 3.84187E-01 0.00000E+00 1.01528E+01
0.00000E+00 4.84760E-01 5.09222E-01 9.39136E-01 9.36174E-01 9.40843E-01 9.53787E-01 5.09235E-01 4.84760E-01 0.00000E+00 1.29453E+01
4.18331E-02 5.87750E-01 6.12814E-01 1.03782E+00 1.03493E+00 1.03998E+00 1.05322E+00 6.12829E-01 5.87750E-01 4.18331E-02 1.58102E+01
1.51332E-01 6.92231E-01 7.17860E-01 1.13834E+00 1.13552E+00 1.14094E+00 1.15447E+00 7.17877E-01 6.92231E-01 1.51332E-01 1.86761E+01
2.63788E-01 7.99998E-01 8.26163E-01 1.24242E+00 1.23967E+00 1.24544E+00 1.25925E+00 8.26182E-01 7.99998E-01 2.63788E-01 2.16243E+01
3.78681E-01 9.10489E-01 9.37166E-01 1.34946E+00 1.34678E+00 1.35288E+00 1.36697E+00 9.37187E-01 9.10489E-01 3.78681E-01 2.46369E+01
4.95574E-01 1.02324E+00 1.05040E+00 1.45896E+00 1.45634E+00 1.46279E+00 1.47712E+00 1.05042E+00 1.02324E+00 4.95574E-01 2.76987E+01
6.14097E-01 1.13784E+00 1.16548E+00 1.57051E+00 1.56796E+00 1.57472E+00 1.58931E+00 1.16550E+00 1.13784E+00 6.14097E-01 3.07965E+01
7.33936E-01 1.25397E+00 1.28205E+00 1.68374E+00 1.68125E+00 1.68834E+00 1.70316E+00 1.28208E+00 1.25397E+00 7.33936E-01 3.39190E+01
8.54823E-01 1.37133E+00 1.39985E+00 1.79836E+00 1.79594E+00 1.80333E+00 1.81839E+00 1.39988E+00 1.37133E+00 8.54823E-01 3.70565E+01
9.76524E-01 1.48968E+00 1.51861E+00 1.91410E+00 1.91174E+00 1.91943E+00 1.93471E+00 1.51864E+00 1.48968E+00 9.76524E-01 4.02007E+01
1.09884E+00 1.60879E+00 1.63812E+00 2.03074E+00 2.02842E+00 2.03642E+00 2.05192E+00 1.63815E+00 1.60879E+00 1.09884E+00 4.33446E+01
1.22159E+00 1.72848E+00 1.75820E+00 2.14806E+00 2.14580E+00 2.15408E+00 2.16980E+00 1.75823E+00 1.72848E+00 1.22159E+00 4.64821E+01
1.34463E+00 1.84858E+00 1.87867E+00 2.26590E+00 2.26370E+00 2.27226E+00 2.28818E+00 1.87871E+00 1.84858E+00 1.34463E+00 4.96081E+01
1.46781E+00 1.96896E+00 1.99941E+00 2.38411E+00 2.38196E+00 2.39080E+00 2.40692E+00 1.99945E+00 1.96896E+00 1.46781E+00 5.27182E+01
1.59103E+00 2.08947E+00 2.12027E+00 2.50254E+00 2.50045E+00 2.50956E+00 2.52588E+00 2.12031E+00 2.08947E+00 1.59103E+00 5.58088E+01
1.71417E+00 2.21001E+00 2.24116E+00 2.62109E+00 2.61905E+00 2.62843E+00 2.64493E+00 2.24120E+00 2.21001E+00 1.71417E+00 5.88767E+01
1.83715E+00 2.33049E+00 2.36196E+00 2.73964E+00 2.73765E+00 2.74730E+00 2.76399E+00 2.36200E+00 2.33049E+00 1.83715E+00 6.19194E+01
1.95989E+00 2.45081E+00 2.48260E+00 2.85811E+00 2.85617E+00 2.86607E+00 2.88295E+00 2.48264E+00 2.45081E+00 1.95989E+00 6.49346E+01
2.08231E+00 2.57089E+00 2.60299E+00 2.97641E+00 2.97452E+00 2.98467E+00 3.00173E+00 2.60304E+00 2.57089E+00 2.08231E+00 6.79205E+01
2.20435E+00 2.69067E+00 2.72308E+00 3.09447E+00 3.09263E+00 3.10303E+00 3.12026E+00 2.72313E+00 2.69067E+00 2.20435E+00 7.08757E+01
2.32595E+00 2.81009E+00 2.84279E+00 3.21222E+00 3.21043E+00 3.22107E+00 3.23848E+00 2.84284E+00 2.81009E+00 2.32595E+00 7.37989E+01
2.44707E+00 2.92909E+00 2.96208E+00 3.32962E+00 3.32787E+00 3.33875E+00 3.35632E+00 2.96214E+00 2.92909E+00 2.44707E+00 7.66891E+01
2.56766E+00 3.04763E+00 3.08090E+00 3.44659E+00 3.44489E+00 3.45601E+00 3.47375E+00 3.08096E+00 3.04763E+00 2.56766E+00 7.95457E+01
2.68768E+00 3.16566E+00 3.19921E+00 3.56311E+00 3.56146E+00 3.57281E+00 3.59071E+00 3.19926E+00 3.16566E+00 2.68768E+00 8.23679E+01
2.80710E+00 3.28315E+00 3.31696E+00 3.67914E+00 3.67753E+00 3.68911E+00 3.70717E+00 3.31702E+00 3.28315E+00 2.80710E+00 8.51555E+01
2.92589E+00 3.40007E+00 3.43414E+00 3.79463E+00 3.79306E+00 3.80487E+00 3.82308E+00 3.43420E+00 3.40007E+00 2.92589E+00 8.79080E+01
3.04403E+00 3.51637E+00 3.55070E+00 3.90955E+00 3.90803E+00 3.92006E+00 3.93843E+00 3.55076E+00 3.51637E+00 3.04403E+00 9.06253E+01
3.16149E+00 3.63205E+00 3.66663E+00 4.02389E+00 4.02240E+00 4.03466E+00 4.05317E+00 3.66669E+00 3.63205E+00 3.16149E+00 9.33074E+01
3.27825E+00 3.74708E+00 3.78190E+00 4.13761E+00 4.13617E+00 4.14864E+00 4.16730E+00 3.78197E+00 3.74708E+00 3.27825E+00 9.59542E+01
3.39429E+00 3.86144E+00 3.89650E+00 4.25069E+00 4.24929E+00 4.26197E+00 4.28078E+00 3.89656E+00 3.86144E+00 3.39429E+00 9.85659E+01
3.50961E+00 3.97510E+00 4.01040E+00 4.36312E+00 4.36176E+00 4.37465E+00 4.39361E+00 4.01047E+00 3.97510E+00 3.50961E+00 1.01143E+02
3.62418E+00 4.08807E+00 4.12360E+00 4.47487E+00 4.47355E+00 4.48666E+00 4.50575E+00 4.12366E+00 4.08807E+00 3.62418E+00 1.03684E+02
3.73800E+00 4.20032E+00 4.23607E+00 4.58595E+00 4.58467E+00 4.59798E+00 4.61721E+00 4.23614E+00 4.20032E+00 3.73800E+00 1.06192E+02
3.85106E+00 4.31185E+00 4.34782E+00 4.69632E+00 4.69508E+00 4.70859E+00 4.72796E+00 4.34789E+00 4.31185E+00 3.85106E+00 1.08665E+02
3.96335E+00 4.42264E+00 4.45883E+00 4.80599E+00 4.80479E+00 4.81850E+00 4.83801E+00 4.45890E+00 4.42264E+00 3.96335E+00 1.11104E+02
4.07486E+00 4.53269E+00 4.56909E+00 4.91495E+00 4.91378E+00 4.92769E+00 4.94733E+00 4.56916E+00 4.53269E+00 4.07486E+00 1.13510E+02
4.18560E+00 4.64199E+00 4.67860E+00 5.02318E+00 5.02205E+00 5.03616E+00 5.05593E+00 4.67868E+00 4.64199E+00 4.18560E+00 1.15882E+02
4.29555E+00 4.75055E+00 4.78736E+00 5.13068E+00 5.12959E+00 5.14389E+00 5.16379E+00 4.78743E+00 4.75055E+00 4.29555E+00 1.18222E+02
4.40472E+00 4.85834E+00 4.89536E+00 5.23745E+00 5.23640E+00 5.25089E+00 5.27092E+00 4.89543E+00 4.85834E+00 4.40472E+00 1.20529E+02
4.51311E+00 4.96538E+00 5.00259E+00 5.34349E+00 5.34247E+00 5.35715E+00 5.37731E+00 5.00267E+00 4.96538E+00 4.51311E+00 1.22804E+02
4.62070E+00 5.07166E+00 5.10907E+00 5.44879E+00 5.44780E+00 5.46267E+00 5.48295E+00 5.10915E+00 5.07166E+00 4.62070E+00 1.25048E+02
4.72751E+00 5.17718E+00 5.21478E+00 5.55335E+00 5.55240E+00 5.56745E+00 5.58785E+00 5.21486E+00 5.17718E+00 4.72751E+00 1.27261E+02
4.83354E+00 5.28194E+00 5.31973E+00 5.65716E+00 5.65625E+00 5.67149E+00 5.69201E+00 5.31981E+00 5.28194E+00 4.83354E+00 1.29443E+02
0.00000E+00 0.00000E+00 -3.79780E-02 3.88592E-01 3.84980E-01 3.87182E-01 3.99054E-01 -3.79824E-02 0.00000E+00 0.00000E+00 -1.29264E+00
0.00000E+00 0.00000E+00 7.00056E-03 4.22787E-01 4.19344E-01 4.22333E-01 4.34857E-01 6.99974E-03 0.00000E+00 0.00000E+00 -2.22999E-01
0.00000E+00 4.04180E-02 6.55474E-02 4.72474E-01 4.69182E-01 4.72881E-01 4.85971E-01 6.55500E-02 4.04180E-02 0.00000E+00 1.19491E+00
0.00000E+00 1.07536E-01 1.33733E-01 5.33047E-01 5.29895E-01 5.34252E-01 5.47853E-01 1.33739E-01 1.07536E-01 0.00000E+00 2.89679E+00
0.00000E+00 1.82059E-01 2.09223E-01 6.01831E-01 5.98811E-01 6.03784E-01 6.17855E-01 2.09232E-01 1.82059E-01 0.00000E+00 4.85350E+00
0.00000E+00 2.62134E-01 2.90183E-01 6.76805E-01 6.73907E-01 6.79464E-01 6.93969E-01 2.90195E-01 2.62134E-01 0.00000E+00 7.01164E+00
0.00000E+00 3.46458E-01 3.75322E-01 7.56541E-01 7.53760E-01 7.59870E-01 7.74780E-01 3.75337E-01 3.46458E-01 0.00000E+00 9.32621E+00
0.00000E+00 4.34072E-01 4.63692E-01 8.39991E-01 8.37320E-01 8.43957E-01 8.59248E-01 4.63711E-01 4.34072E-01 0.00000E+00 1.17600E+01
3.63862E-02 5.23261E-01 5.53584E-01 9.25389E-01 9.22823E-01 9.29964E-01 9.45614E-01 5.53605E-01 5.23261E-01 3.63862E-02 1.42214E+01
1.31055E-01 6.13335E-01 6.44315E-01 1.01198E+00 1.00952E+00 1.01714E+00 1.03313E+00 6.44340E-01 6.13335E-01 1.31055E-01 1.66500E+01
2.27513E-01 7.05498E-01 7.37100E-01 1.10090E+00 1.09853E+00 1.10662E+00 1.12294E+00 7.37128E-01 7.05498E-01 2.27513E-01 1.91238E+01
3.25354E-01 7.99306E-01 8.31500E-01 1.19167E+00 1.18939E+00 1.19794E+00 1.21457E+00 8.31531E-01 7.99306E-01 3.25354E-01 2.16286E+01
4.24241E-01 8.94395E-01 9.27153E-01 1.28390E+00 1.28172E+00 1.29071E+00 1.30764E+00 9.27186E-01 8.94395E-01 4.24241E-01 2.41527E+01
5.23895E-01 9.90460E-01 1.02376E+00 1.37728E+00 1.37518E+00 1.38460E+00 1.40182E+00 1.02379E+00 9.90460E-01 5.23895E-01 2.66862E+01
6.24083E-01 1.08725E+00 1.12106E+00 1.47152E+00 1.46951E+00 1.47934E+00 1.49685E+00 1.12110E+00 1.08725E+00 6.24083E-01 2.92208E+01
7.24605E-01 1.18454E+00 1.21884E+00 1.56640E+00 1.56448E+00 1.57471E+00 1.59249E+00 1.21889E+00 1.18454E+00 7.24605E-01 3.17497E+01
8.25296E-01 1.28215E+00 1.31693E+00 1.66173E+00 1.65988E+00 1.67051E+00 1.68856E+00 1.31698E+00 1.28215E+00 8.25296E-01 3.42672E+01
9.26011E-01 1.37993E+00 1.41517E+00 1.75732E+00 1.75555E+00 1.76657E+00 1.78488E+00 1.41522E+00 1.37993E+00 9.26011E-01 3.67686E+01
1.02663E+00 1.47774E+00 1.51342E+00 1.85305E+00 1.85136E+00 1.86275E+00 1.88131E+00 1.51347E+00 1.47774E+00 1.02663E+00 3.92499E+01
1.12704E+00 1.57547E+00 1.61157E+00 1.94879E+00 1.94717E+00 1.95893E+00 1.97773E+00 1.61162E+00 1.57547E+00 1.12704E+00 4.17080E+01
1.22717E+00 1.67301E+00 1.70952E+00 2.04443E+00 2.04288E+00 2.05500E+00 2.07404E+00 1.70958E+00 1.67301E+00 1.22717E+00 4.41403E+01
1.32692E+00 1.77029E+00 1.80719E+00 2.13987E+00 2.13840E+00 2.15087E+00 2.17014E+00 1.80725E+00 1.77029E+00 1.32692E+00 4.65446E+01
1.42624E+00 1.86722E+00 1.90451E+00 2.23505E+00 2.23364E+00 2.24646E+00 2.26596E+00 1.90457E+00 1.86722E+00 1.42624E+00 4.89193E+01
1.52506E+00 1.96374E+00 2.00140E+00 2.32989E+00 2.32855E+00 2.34171E+00 2.36142E+00 2.00147E+00 1.96374E+00 1.52506E+00 5.12631E+01
1.62334E+00 2.05981E+00 2.09783E+00 2.42432E+00 2.42305E+00 2.43654E+00 2.45647E+00 2.09789E+00 2.05981E+00 1.62334E+00 5.35749E+01
1.72104E+00 2.15536E+00 2.19373E+00 2.51831E+00 2.51710E+00 2.53092E+00 2.55106E+00 2.19380E+00 2.15536E+00 1.72104E+00 5.58539E+01
1.81811E+00 2.25036E+00 2.28908E+00 2.61180E+00 2.61065E+00 2.62479E+00 2.64514E+00 2.28914E+00 2.25036E+00 1.81811E+00 5.80998E+01
1.91454E+00 2.34478E+00 2.38383E+00 2.70475E+00 2.70367E+00 2.71812E+00 2.73867E+00 2.38390E+00 2.34478E+00 1.91454E+00 6.03119E+01
2.01028E+00 2.43859E+00 2.47795E+00 2.79714E+00 2.79612E+00 2.81088E+00 2.83162E+00 2.47802E+00 2.43859E+00 2.01028E+00 6.24903E+01
2.10533E+00 2.53175E+00 2.57143E+00 2.88893E+00 2.88797E+00 2.90303E+00 2.92397E+00 2.57150E+00 2.53175E+00 2.10533E+00 6.46348E+01
2.19965E+00 2.62425E+00 2.66423E+00 2.98010E+00 2.97920E+00 2.99456E+00 3.01569E+00 2.66431E+00 2.62425E+00 2.19965E+00 6.67454E+01
2.29325E+00 2.71607E+00 2.75635E+00 3.07063E+00 3.06978E+00 3.08544E+00 3.10676E+00 2.75642E+00 2.71607E+00 2.29325E+00 6.88223E+01
2.38609E+00 2.80719E+00 2.84776E+00 3.16050E+00 3.15971E+00 3.17566E+00 3.19716E+00 2.84784E+00 2.80719E+00 2.38609E+00 7.08656E+01
2.47819E+00 2.89760E+00 2.93845E+00 3.24969E+00 3.24896E+00 3.26519E+00 3.28688E+00 2.93854E+00 2.89760E+00 2.47819E+00 7.28758E+01
2.56951E+00 2.98729E+00 3.02842E+00 3.33820E+00 3.33753E+00 3.35404E+00 3.37590E+00 3.02851E+00 2.98729E+00 2.56951E+00 7.48530E+01
2.66007E+00 3.07626E+00 3.11766E+00 3.42602E+00 3.42540E+00 3.44219E+00 3.46422E+00 3.11775E+00 3.07626E+00 2.66007E+00 7.67977E+01
2.74985E+00 3.16449E+00 3.20616E+00 3.51313E+00 3.51256E+00 3.52962E+00 3.55183E+00 3.20624E+00 3.16449E+00 2.74985E+00 7.87103E+01
2.83886E+00 3.25199E+00 3.29391E+00 3.59953E+00 3.59902E+00 3.61635E+00 3.63872E+00 3.29400E+00 3.25199E+00 2.83886E+00 8.05912E+01
2.92709E+00 3.33874E+00 3.38091E+00 3.68522E+00 3.68476E+00 3.70235E+00 3.72490E+00 3.38101E+00 3.33874E+00 2.92709E+00 8.24409E+01
3.01454E+00 3.42475E+00 3.46717E+00 3.77020E+00 3.76978E+00 3.78763E+00 3.81034E+00 3.46726E+00 3.42475E+00 3.01454E+00 8.42599E+01
3.10121E+00 3.51001E+00 3.55268E+00 3.85445E+00 3.85408E+00 3.87219E+00 3.89507E+00 3.55277E+00 3.51001E+00 3.10121E+00 8.60486E+01
3.18711E+00 3.59453E+00 3.63743E+00 3.93798E+00 3.93766E+00 3.95603E+00 3.97906E+00 3.63753E+00 3.59453E+00 3.18711E+00 8.78077E+01
3.27223E+00 3.67831E+00 3.72144E+00 4.02079E+00 4.02053E+00 4.03914E+00 4.06233E+00 3.72154E+00 3.67831E+00 3.27223E+00 8.95375E+01
3.35659E+00 3.76135E+00 3.80471E+00 4.10289E+00 4.10267E+00 4.12153E+00 4.14487E+00 3.80481E+00 3.76135E+00 3.35659E+00 9.12387E+01
3.44017E+00 3.84365E+00 3.88723E+00 4.18427E+00 4.18409E+00 4.20320E+00 4.22670E+00 3.88734E+00 3.84365E+00 3.44017E+00 9.29118E+01
3.52300E+00 3.92522E+00 3.96902E+00 4.26493E+00 4.26480E+00 4.28415E+00 4.30780E+00 3.96912E+00 3.92522E+00 3.52300E+00 9.45572E+01
3.60507E+00 4.00605E+00 4.05007E+00 4.34488E+00 4.34480E+00 4.36438E+00 4.38818E+00 4.05017E+00 4.00605E+00 3.60507E+00 9.61755E+01
3.68639E+00 4.08616E+00 4.13039E+00 4.42412E+00 4.42409E+00 4.44391E+00 4.46785E+00 4.13049E+00 4.08616E+00 3.68639E+00 9.77672E+01
3.76696E+00 4.16554E+00 4.20998E+00 4.50266E+00 4.50267E+00 4.52273E+00 4.54681E+00 4.21009E+00 4.16554E+00 3.76696E+00 9.93328E+01
3.84679E+00 4.24421E+00 4.28885E+00 4.58050E+00 4.58056E+00 4.60084E+00 4.62507E+00 4.28897E+00 4.24421E+00 3.84679E+00 1.00873E+02
0.00000E+00 0.00000E+00 -3.20662E-02 3.41536E-01 3.38062E-01 3.41492E-01 3.55505E-01 -3.20726E-02 0.00000E+00 0.00000E+00 -1.23935E+00
0.00000E+00 0.00000E+00 1.30770E-02 3.76766E-01 3.73539E-01 3.78048E-01 3.92824E-01 1.30760E-02 0.00000E+00 0.00000E+00 -1.53418E-01
0.00000E+00 3.79825E-02 6.86836E-02 4.24225E-01 4.21216E-01 4.26691E-01 4.42131E-01 6.86876E-02 3.79825E-02 0.00000E+00 1.21985E+00
0.00000E+00 9.95934E-02 1.31547E-01 4.80088E-01 4.77277E-01 4.83642E-01 4.99682E-01 1.31556E-01 9.95934E-02 0.00000E+00 2.81489E+00
0.00000E+00 1.66672E-01 1.99754E-01 5.42127E-01 5.39500E-01 5.46697E-01 5.63287E-01 1.99767E-01 1.66672E-01 0.00000E+00 4.60230E+00
0.00000E+00 2.37685E-01 2.71793E-01 6.08661E-01 6.06205E-01 6.14182E-01 6.31284E-01 2.71812E-01 2.37685E-01 0.00000E+00 6.53246E+00
0.00000E+00 3.11567E-01 3.46618E-01 6.78515E-01 6.76220E-01 6.84936E-01 7.02515E-01 3.46640E-01 3.11567E-01 0.00000E+00 8.56575E+00
0.00000E+00 3.87546E-01 4.23468E-01 7.50838E-01 7.48695E-01 7.58112E-01 7.76140E-01 4.23495E-01 3.87546E-01 0.00000E+00 1.06709E+01
3.14834E-02 4.64379E-01 5.01107E-01 8.24344E-01 8.22344E-01 8.32427E-01 8.50878E-01 5.01138E-01 4.64379E-01 3.14834E-02 1.27677E+01
1.12887E-01 5.41568E-01 5.79045E-01 8.98477E-01 8.96613E-01 9.07334E-01 9.26187E-01 5.79081E-01 5.41568E-01 1.12887E-01 1.48070E+01
1.95147E-01 6.19887E-01 6.58073E-01 9.73947E-01 9.72213E-01 9.83550E-01 1.00279E+00 6.58112E-01 6.19887E-01 1.95147E-01 1.68623E+01
2.77960E-01 6.99000E-01 7.37857E-01 1.05039E+00 1.04879E+00 1.06072E+00 1.08033E+00 7.37901E-01 6.99000E-01 2.77960E-01 1.89230E+01
3.61083E-01 7.78636E-01 8.18131E-01 1.12752E+00 1.12604E+00 1.13854E+00 1.15851E+00 8.18178E-01 7.78636E-01 3.61083E-01 2.09808E+01
4.44313E-01 8.58572E-01 8.98673E-01 1.20510E+00 1.20373E+00 1.21679E+00 1.23710E+00 8.98724E-01 8.58572E-01 4.44313E-01 2.30286E+01
5.27488E-01 9.38624E-01 9.79304E-01 1.28292E+00 1.28166E+00 1.29527E+00 1.31591E+00 9.79359E-01 9.38624E-01 5.27488E-01 2.50610E+01
6.10472E-01 1.01864E+00 1.05987E+00 1.36082E+00 1.35967E+00 1.37380E+00 1.39477E+00 1.05993E+00 1.01864E+00 6.10472E-01 2.70736E+01
6.93153E-01 1.09850E+00 1.14026E+00 1.43866E+00 1.43762E+00 1.45227E+00 1.47355E+00 1.14032E+00 1.09850E+00 6.93153E-01 2.90628E+01
7.75439E-01 1.17808E+00 1.22036E+00 1.51634E+00 1.51539E+00 1.53054E+00 1.55212E+00 1.22042E+00 1.17808E+00 7.75439E-01 3.10259E+01
8.57252E-01 1.25732E+00 1.30008E+00 1.59374E+00 1.59290E+00 1.60853E+00 1.63041E+00 1.30015E+00 1.25732E+00 8.57252E-01 3.29607E+01
9.38527E-01 1.33612E+00 1.37935E+00 1.67080E+00 1.67005E+00 1.68616E+00 1.70833E+00 1.37943E+00 1.33612E+00 9.38527E-01 3.48656E+01
1.01921E+00 1.41444E+00 1.45812E+00 1.74744E+00 1.74679E+00 1.76336E+00 1.78581E+00 1.45820E+00 1.41444E+00 1.01921E+00 3.67395E+01
1.09927E+00 1.49221E+00 1.53633E+00 1.82361E+00 1.82305E+00 1.84007E+00 1.86279E+00 1.53641E+00 1.49221E+00 1.09927E+00 3.85813E+01
1.17865E+00 1.56940E+00 1.61395E+00 1.89926E+00 1.89879E+00 1.91625E+00 1.93924E+00 1.61403E+00 1.56940E+00 1.17865E+00 4.03906E+01
1.25733E+00 1.64597E+00 1.69092E+00 1.97434E+00 1.97396E+00 1.99186E+00 2.01511E+00 1.69101E+00 1.64597E+00 1.25733E+00 4.21670E+01
1.33529E+00 1.72189E+00 1.76724E+00 2.04883E+00 2.04854E+00 2.06686E+00 2.09037E+00 1.76733E+00 1.72189E+00 1.33529E+00 4.39103E+01
1.41251E+00 1.79714E+00 1.84287E+00 2.12271E+00 2.12249E+00 2.14123E+00 2.16499E+00 1.84297E+00 1.79714E+00 1.41251E+00 4.56207E+01
1.48898E+00 1.87170E+00 1.91780E+00 2.19593E+00 2.19580E+00 2.21495E+00 2.23895E+00 1.91790E+00 1.87170E+00 1.48898E+00 4.72981E+01
1.56467E+00 1.94555E+00 1.99201E+00 2.26850E+00 2.26844E+00 2.28799E+00 2.31223E+00 1.99211E+00 1.94555E+00 1.56467E+00 4.89429E+01
1.63959E+00 2.01869E+00 2.06550E+00 2.34039E+00 2.34041E+00 2.36035E+00 2.38482E+00 2.06560E+00 2.01869E+00 1.63959E+00 5.05553E+01
1.71373E+00 2.09109E+00 2.13824E+00 2.41159E+00 2.41169E+00 2.43201E+00 2.45671E+00 2.13835E+00 2.09109E+00 1.71373E+00 5.21359E+01
1.78708E+00 2.16276E+00 2.21024E+00 2.48209E+00 2.48226E+00 2.50297E+00 2.52790E+00 2.21035E+00 2.16276E+00 1.78708E+00 5.36851E+01
1.85965E+00 2.23370E+00 2.28150E+00 2.55189E+00 2.55214E+00 2.57321E+00 2.59836E+00 2.28161E+00 2.23370E+00 1.85965E+00 5.52032E+01
1.93143E+00 2.30389E+00 2.35200E+00 2.62098E+00 2.62130E+00 2.64274E+00 2.66811E+00 2.35212E+00 2.30389E+00 1.93143E+00 5.66910E+01
2.00243E+00 2.37334E+00 2.42176E+00 2.68937E+00 2.68976E+00 2.71156E+00 2.73714E+00 2.42188E+00 2.37334E+00 2.00243E+00 5.81490E+01
2.07265E+00 2.44206E+00 2.49077E+00 2.75704E+00 2.75750E+00 2.77965E+00 2.80544E+00 2.49089E+00 2.44206E+00 2.07265E+00 5.95776E+01
2.14209E+00 2.51003E+00 2.55904E+00 2.82400E+00 2.82453E+00 2.84703E+00 2.87303E+00 2.55916E+00 2.51003E+00 2.14209E+00 6.09776E+01
2.21076E+00 2.57727E+00 2.62656E+00 2.89026E+00 2.89085E+00 2.91369E+00 2.93989E+00 2.62668E+00 2.57727E+00 2.21076E+00 6.23495E+01
2.27866E+00 2.64378E+00 2.69334E+00 2.95580E+00 2.95646E+00 2.97964E+00 3.00605E+00 2.69347E+00 2.64378E+00 2.27866E+00 6.36940E+01
2.34580E+00 2.70956E+00 2.75939E+00 3.02065E+00 3.02137E+00 3.04488E+00 3.07149E+00 2.75952E+00 2.70956E+00 2.34580E+00 6.50116E+01
2.41219E+00 2.77462E+00 2.82472E+00 3.08480E+00 3.08558E+00 3.10942E+00 3.13622E+00 2.82485E+00 2.77462E+00 2.41219E+00 6.63029E+01
2.47783E+00 2.83897E+00 2.88932E+00 3.14825E+00 3.14910E+00 3.17326E+00 3.20025E+00 2.88946E+00 2.83897E+00 2.47783E+00 6.75686E+01
2.54274E+00 2.90261E+00 2.95321E+00 3.21102E+00 3.21193E+00 3.23641E+00 3.26359E+00 2.95335E+00 2.90261E+00 2.54274E+00 6.88092E+01
2.60691E+00 2.96555E+00 3.01640E+00 3.27311E+00 3.27408E+00 3.29887E+00 3.32623E+00 3.01653E+00 2.96555E+00 2.60691E+00 7.00253E+01
2.67037E+00 3.02779E+00 3.07888E+00 3.33452E+00 3.33555E+00 3.36065E+00 3.38819E+00 3.07902E+00 3.02779E+00 2.67037E+00 7.12175E+01
2.73311E+00 3.08934E+00 3.14067E+00 3.39527E+00 3.39635E+00 3.42176E+00 3.44948E+00 3.14082E+00 3.08934E+00 2.73311E+00 7.23863E+01
2.79515E+00 3.15022E+00 3.20178E+00 3.45535E+00 3.45649E+00 3.48220E+00 3.51010E+00 3.20193E+00 3.15022E+00 2.79515E+00 7.35324E+01
2.85649E+00 3.21043E+00 3.26221E+00 3.51478E+00 3.51598E+00 3.54198E+00 3.57006E+00 3.26236E+00 3.21043E+00 2.85649E+00 7.46563E+01
2.91715E+00 3.26997E+00 3.32198E+00 3.57356E+00 3.57481E+00 3.60111E+00 3.62936E+00 3.32213E+00 3.26997E+00 2.91715E+00 7.57584E+01
2.97714E+00 3.32886E+00 3.38108E+00 3.63170E+00 3.63301E+00 3.65959E+00 3.68802E+00 3.38124E+00 3.32886E+00 2.97714E+00 7.68394E+01
3.03645E+00 3.38710E+00 3.43954E+00 3.68922E+00 3.69058E+00 3.71745E+00 3.74604E+00 3.43970E+00 3.38710E+00 3.03645E+00 7.78996E+01
0.00000E+00 0.00000E+00 -2.44983E-02 3.00631E-01 2.97526E-01 3.02841E-01 3.19310E-01 -2.45075E-02 0.00000E+00 0.00000E+00 -1.16527E+00
0.00000E+00 0.00000E+00 2.05154E-02 3.36472E-01 3.33712E-01 3.40496E-01 3.57858E-01 2.05141E-02 0.00000E+00 0.00000E+00 -5.84630E-02
0.00000E+00 3.55802E-02 7.31906E-02 3.81611E-01 3.79151E-01 3.87239E-01 4.05382E-01 7.31969E-02 3.55802E-02 0.00000E+00 1.27040E+00
0.00000E+00 9.19620E-02 1.31012E-01 4.32958E-01 4.30769E-01 4.40051E-01 4.58900E-01 1.31026E-01 9.19620E-02 0.00000E+00 2.75978E+00
0.00000E+00 1.52128E-01 1.92467E-01 4.88711E-01 4.86771E-01 4.97161E-01 5.16660E-01 1.92488E-01 1.52128E-01 0.00000E+00 4.38329E+00
0.00000E+00 2.14846E-01 2.56351E-01 5.47507E-01 5.45796E-01 5.57224E-01 5.77325E-01 2.56379E-01 2.14846E-01 0.00000E+00 6.09722E+00
0.00000E+00 2.79275E-01 3.21845E-01 6.08408E-01 6.06912E-01 6.19316E-01 6.39982E-01 3.21878E-01 2.79275E-01 0.00000E+00 7.86849E+00
0.00000E+00 3.44816E-01 3.88365E-01 6.70748E-01 6.69452E-01 6.82780E-01 7.03976E-01 3.88405E-01 3.44816E-01 0.00000E+00 9.67215E+00
2.70788E-02 4.10600E-01 4.55049E-01 7.33617E-01 7.32510E-01 7.46711E-01 7.68409E-01 4.55095E-01 4.10600E-01 2.70788E-02 1.14401E+01
9.66396E-02 4.76284E-01 5.21568E-01 7.96624E-01 7.95694E-01 8.10728E-01 8.32903E-01 5.21620E-01 4.76284E-01 9.66396E-02 1.31333E+01
1.66329E-01 5.42347E-01 5.88415E-01 8.60190E-01 8.59431E-01 8.75266E-01 8.97897E-01 5.88473E-01 5.42347E-01 1.66329E-01 1.48204E+01
2.35935E-01 6.08547E-01 6.55357E-01 9.24054E-01 9.23457E-01 9.40064E-01 9.63134E-01 6.55420E-01 6.08547E-01 2.35935E-01 1.64942E+01
3.05293E-01 6.74696E-01 7.22206E-01 9.88007E-01 9.87565E-01 1.00492E+00 1.02841E+00 7.22274E-01 6.74696E-01 3.05293E-01 1.81492E+01
3.74272E-01 7.40641E-01 7.88815E-01 1.05188E+00 1.05159E+00 1.06966E+00 1.09357E+00 7.88889E-01 7.40641E-01 3.74272E-01 1.97811E+01
4.42769E-01 8.06261E-01 8.55068E-01 1.11554E+00 1.11540E+00 1.13417E+00 1.15847E+00 8.55147E-01 8.06261E-01 4.42769E-01 2.13868E+01
5.10701E-01 8.71460E-01 9.20869E-01 1.17889E+00 1.17888E+00 1.19833E+00 1.22301E+00 9.20953E-01 8.71460E-01 5.10701E-01 2.29639E+01
5.78005E-01 9.36160E-01 9.86143E-01 1.24182E+00 1.24195E+00 1.26205E+00 1.28711E+00 9.86232E-01 9.36160E-01 5.78005E-01 2.45107E+01
6.44630E-01 1.00030E+00 1.05083E+00 1.30428E+00 1.30454E+00 1.32528E+00 1.35069E+00 1.05092E+00 1.00030E+00 6.44630E-01 2.60259E+01
7.10534E-01 1.06383E+00 1.11488E+00 1.36620E+00 1.36658E+00 1.38795E+00 1.41371E+00 1.11498E+00 1.06383E+00 7.10534E-01 2.75090E+01
7.75690E-01 1.12670E+00 1.17827E+00 1.42755E+00 1.42805E+00 1.45002E+00 1.47612E+00 1.17837E+00 1.12670E+00 7.75690E-01 2.89593E+01
8.40072E-01 1.18890E+00 1.24095E+00 1.48827E+00 1.48889E+00 1.51145E+00 1.53789E+00 1.24105E+00 1.18890E+00 8.40072E-01 3.03769E+01
9.03665E-01 1.25039E+00 1.30290E+00 1.54835E+00 1.54909E+00 1.57222E+00 1.59899E+00 1.30302E+00 1.25039E+00 9.03665E-01 3.17617E+01
9.66457E-01 1.31116E+00 1.36412E+00 1.60777E+00 1.60862E+00 1.63231E+00 1.65939E+00 1.36424E+00 1.31116E+00 9.66457E-01 3.31140E+01
1.02844E+00 1.37119E+00 1.42459E+00 1.66650E+00 1.66745E+00 1.69169E+00 1.71909E+00 1.42471E+00 1.37119E+00 1.02844E+00 3.44341E+01
1.08961E+00 1.43048E+00 1.48429E+00 1.72453E+00 1.72559E+00 1.75037E+00 1.77807E+00 1.48442E+00 1.43048E+00 1.08961E+00 3.57225E+01
1.14997E+00 1.48902E+00 1.54324E+00 1.78186E+00 1.78302E+00 1.80832E+00 1.83632E+00 1.54337E+00 1.48902E+00 1.14997E+00 3.69798E+01
1.20952E+00 1.54681E+00 1.60141E+00 1.83847E+00 1.83974E+00 1.86555E+00 1.89384E+00 1.60155E+00 1.54681E+00 1.20952E+00 3.82065E+01
1.26825E+00 1.60384E+00 1.65883E+00 1.89438E+00 1.89574E+00 1.92206E+00 1.95063E+00 1.65897E+00 1.60384E+00 1.26825E+00 3.94033E+01
1.32619E+00 1.66013E+00 1.71548E+00 1.94957E+00 1.95103E+00 1.97784E+00 2.00668E+00 1.71562E+00 1.66013E+00 1.32619E+00 4.05709E+01
1.38332E+00 1.71566E+00 1.77137E+00 2.00404E+00 2.00560E+00 2.03289E+00 2.06201E+00 1.77152E+00 1.71566E+00 1.38332E+00 4.17100E+01
1.43967E+00 1.77046E+00 1.82651E+00 2.05781E+00 2.05946E+00 2.08722E+00 2.11661E+00 1.82666E+00 1.77046E+00 1.43967E+00 4.28212E+01
1.49524E+00 1.82452E+00 1.88090E+00 2.11087E+00 2.11261E+00 2.14083E+00 2.17049E+00 1.88106E+00 1.82452E+00 1.49524E+00 4.39053E+01
1.55004E+00 1.87785E+00 1.93456E+00 2.16323E+00 2.16506E+00 2.19374E+00 2.22365E+00 1.93471E+00 1.87785E+00 1.55004E+00 4.49631E+01
1.60408E+00 1.93046E+00 1.98748E+00 2.21490E+00 2.21681E+00 2.24594E+00 2.27611E+00 1.98764E+00 1.93046E+00 1.60408E+00 4.59952E+01
1.65736E+00 1.98236E+00 2.03968E+00 2.26588E+00 2.26787E+00 2.29744E+00 2.32786E+00 2.03985E+00 1.98236E+00 1.65736E+00 4.70023E+01
1.70991E+00 2.03355E+00 2.09117E+00 2.31618E+00 2.31825E+00 2.34826E+00 2.37892E+00 2.09134E+00 2.03355E+00 1.70991E+00 4.79851E+01
1.76173E+00 2.08405E+00 2.14196E+00 2.36581E+00 2.36796E+00 2.39839E+00 2.42930E+00 2.14213E+00 2.08405E+00 1.76173E+00 4.89444E+01
1.81283E+00 2.13386E+00 2.19206E+00 2.41478E+00 2.41701E+00 2.44785E+00 2.47900E+00 2.19223E+00 2.13386E+00 1.81283E+00 4.98807E+01
1.86322E+00 2.18300E+00 2.24147E+00 2.46309E+00 2.46540E+00 2.49666E+00 2.52803E+00 2.24165E+00 2.18300E+00 1.86322E+00 5.07948E+01
1.91292E+00 2.23147E+00 2.29021E+00 2.51076E+00 2.51315E+00 2.54481E+00 2.57641E+00 2.29040E+00 2.23147E+00 1.91292E+00 5.16872E+01
1.96194E+00 2.27929E+00 2.33830E+00 2.55779E+00 2.56026E+00 2.59231E+00 2.62415E+00 2.33848E+00 2.27929E+00 1.96194E+00 5.25586E+01
2.01029E+00 2.32647E+00 2.38573E+00 2.60420E+00 2.60674E+00 2.63918E+00 2.67124E+00 2.38592E+00 2.32647E+00 2.01029E+00 5.34096E+01
2.05798E+00 2.37301E+00 2.43252E+00 2.65000E+00 2.65260E+00 2.68543E+00 2.71771E+00 2.43271E+00 2.37301E+00 2.05798E+00 5.42408E+01
2.10502E+00 2.41893E+00 2.47868E+00 2.69518E+00 2.69786E+00 2.73107E+00 2.76357E+00 2.47888E+00 2.41893E+00 2.10502E+00 5.50528E+01
2.15142E+00 2.46424E+00 2.52423E+00 2.73977E+00 2.74252E+00 2.77611E+00 2.80882E+00 2.52443E+00 2.46424E+00 2.15142E+00 5.58460E+01
2.19720E+00 2.50894E+00 2.56917E+00 2.78377E+00 2.78659E+00 2.82055E+00 2.85347E+00 2.56937E+00 2.50894E+00 2.19720E+00 5.66212E+01
2.24237E+00 2.55306E+00 2.61351E+00 2.82720E+00 2.83008E+00 2.86440E+00 2.89753E+00 2.61371E+00 2.55306E+00 2.24237E+00 5.73786E+01
2.28693E+00 2.59659E+00 2.65726E+00 2.87006E+00 2.87301E+00 2.90769E+00 2.94102E+00 2.65747E+00 2.59659E+00 2.28693E+00 5.81190E+01
2.33090E+00 2.63955E+00 2.70044E+00 2.91236E+00 2.91537E+00 2.95040E+00 2.98395E+00 2.70065E+00 2.63955E+00 2.33090E+00 5.88427E+01
2.37429E+00 2.68195E+00 2.74305E+00 2.95411E+00 2.95719E+00 2.99257E+00 3.02631E+00 2.74326E+00 2.68195E+00 2.37429E+00 5.95502E+01
0.00000E+00 0.00000E+00 -1.49913E-02 2.65339E-01 2.62936E-01 2.71124E-01 2.90363E-01 -1.50044E-02 0.00000E+00 0.00000E+00 -1.05675E+00
0.00000E+00 0.00000E+00 2.95844E-02 3.01387E-01 2.99448E-01 3.09615E-01 3.29907E-01 2.95834E-02 0.00000E+00 0.00000E+00 7.15436E-02
0.00000E+00 3.32100E-02 7.93162E-02 3.44119E-01 3.42580E-01 3.54490E-01 3.75706E-01 7.93266E-02 3.32100E-02 0.00000E+00 1.35287E+00
0.00000E+00 8.46196E-02 1.32335E-01 3.91131E-01 3.89948E-01 4.03444E-01 4.25497E-01 1.32356E-01 8.46196E-02 0.00000E+00 2.73508E+00
0.00000E+00 1.38359E-01 1.87504E-01 4.41015E-01 4.40156E-01 4.55116E-01 4.77941E-01 1.87535E-01 1.38359E-01 0.00000E+00 4.19793E+00
0.00000E+00 1.93478E-01 2.43907E-01 4.92705E-01 4.92145E-01 5.08467E-01 5.32011E-01 2.43948E-01 1.93478E-01 0.00000E+00 5.70537E+00
0.00000E+00 2.49344E-01 3.00936E-01 5.45487E-01 5.45202E-01 5.62802E-01 5.87018E-01 3.00987E-01 2.49344E-01 0.00000E+00 7.23169E+00
0.00000E+00 3.05518E-01 3.58174E-01 5.98861E-01 5.98833E-01 6.17635E-01 6.42485E-01 3.58234E-01 3.05518E-01 0.00000E+00 8.75862E+00
2.31283E-02 3.61426E-01 4.15055E-01 6.52217E-01 6.52429E-01 6.72364E-01 6.97812E-01 4.15123E-01 3.61426E-01 2.31283E-02 1.02299E+01
8.21372E-02 4.16852E-01 4.71377E-01 7.05300E-01 7.05737E-01 7.26745E-01 7.52763E-01 4.71454E-01 4.16852E-01 8.21372E-02 1.16159E+01
1.40719E-01 4.72082E-01 5.27445E-01 7.58343E-01 7.58994E-01 7.81032E-01 8.07596E-01 5.27530E-01 4.72082E-01 1.40719E-01 1.29799E+01
1.98746E-01 5.26959E-01 5.83108E-01 8.11172E-01 8.12026E-01 8.35054E-01 8.62143E-01 5.83201E-01 5.26959E-01 1.98746E-01 1.43178E+01
2.56120E-01 5.81364E-01 6.38253E-01 8.63652E-01 8.64700E-01 8.88680E-01 9.16277E-01 6.38354E-01 5.81364E-01 2.56120E-01 1.56265E+01
3.12770E-01 6.35207E-01 6.92795E-01 9.15679E-01 9.16913E-01 9.41812E-01 9.69897E-01 6.92903E-01 6.35207E-01 3.12770E-01 1.69042E+01
3.68646E-01 6.88420E-01 7.46670E-01 9.67174E-01 9.68587E-01 9.94372E-01 1.02293E+00 7.46786E-01 6.88420E-01 3.68646E-01 1.81495E+01
4.23710E-01 7.40953E-01 7.99830E-01 1.01808E+00 1.01966E+00 1.04630E+00 1.07532E+00 7.99953E-01 7.40953E-01 4.23710E-01 1.93618E+01
4.77936E-01 7.92768E-01 8.52241E-01 1.06834E+00 1.07009E+00 1.09757E+00 1.12703E+00 8.52371E-01 7.92768E-01 4.77936E-01 2.05408E+01
5.31309E-01 8.43838E-01 9.03879E-01 1.11794E+00 1.11984E+00 1.14812E+00 1.17802E+00 9.04015E-01 8.43838E-01 5.31309E-01 2.16865E+01
5.83819E-01 8.94145E-01 9.54727E-01 1.16683E+00 1.16889E+00 1.19795E+00 1.22827E+00 9.54870E-01 8.94145E-01 5.83819E-01 2.27992E+01
6.35463E-01 9.43677E-01 1.00478E+00 1.21501E+00 1.21723E+00 1.24704E+00 1.27777E+00 1.00493E+00 9.43677E-01 6.35463E-01 2.38794E+01
6.86240E-01 9.92427E-01 1.05402E+00 1.26247E+00 1.26483E+00 1.29538E+00 1.32651E+00 1.05418E+00 9.92427E-01 6.86240E-01 2.49277E+01
7.36156E-01 1.04040E+00 1.10246E+00 1.30920E+00 1.31169E+00 1.34297E+00 1.37448E+00 1.10263E+00 1.04040E+00 7.36156E-01 2.59449E+01
7.85218E-01 1.08758E+00 1.15010E+00 1.35519E+00 1.35782E+00 1.38980E+00 1.42169E+00 1.15027E+00 1.08758E+00 7.85218E-01 2.69316E+01
8.33435E-01 1.13399E+00 1.19695E+00 1.40045E+00 1.40321E+00 1.43587E+00 1.46813E+00 1.19712E+00 1.13399E+00 8.33435E-01 2.78888E+01
8.80817E-01 1.17963E+00 1.24301E+00 1.44498E+00 1.44787E+00 1.48119E+00 1.51382E+00 1.24319E+00 1.17963E+00 8.80817E-01 2.88172E+01
9.27378E-01 1.22450E+00 1.28828E+00 1.48878E+00 1.49179E+00 1.52577E+00 1.55875E+00 1.28847E+00 1.22450E+00 9.27378E-01 2.97178E+01
9.73131E-01 1.26862E+00 1.33279E+00 1.53187E+00 1.53500E+00 1.56961E+00 1.60295E+00 1.33299E+00 1.26862E+00 9.73131E-01 3.05915E+01
1.01809E+00 1.31200E+00 1.37655E+00 1.57425E+00 1.57750E+00 1.61273E+00 1.64640E+00 1.37675E+00 1.31200E+00 1.01809E+00 3.14390E+01
1.06227E+00 1.35465E+00 1.41956E+00 1.61593E+00 1.61929E+00 1.65513E+00 1.68914E+00 1.41976E+00 1.35465E+00 1.06227E+00 3.22613E+01
1.10568E+00 1.39658E+00 1.46184E+00 1.65692E+00 1.66039E+00 1.69683E+00 1.73116E+00 1.46204E+00 1.39658E+00 1.10568E+00 3.30592E+01
1.14834E+00 1.43780E+00 1.50340E+00 1.69723E+00 1.70081E+00 1.73783E+00 1.77249E+00 1.50361E+00 1.43780E+00 1.14834E+00 3.38336E+01
1.19027E+00 1.47833E+00 1.54425E+00 1.73688E+00 1.74057E+00 1.77815E+00 1.81312E+00 1.54447E+00 1.47833E+00 1.19027E+00 3.45852E+01
1.23148E+00 1.51818E+00 1.58442E+00 1.77587E+00 1.77966E+00 1.81781E+00 1.85308E+00 1.58464E+00 1.51818E+00 1.23148E+00 3.53149E+01
1.27199E+00 1.55736E+00 1.62391E+00 1.81422E+00 1.81811E+00 1.85680E+00 1.89239E+00 1.62413E+00 1.55736E+00 1.27199E+00 3.60233E+01
1.31181E+00 1.59589E+00 1.66273E+00 1.85194E+00 1.85592E+00 1.89516E+00 1.93104E+00 1.66297E+00 1.59589E+00 1.31181E+00 3.67113E+01
1.35096E+00 1.63377E+00 1.70091E+00 1.88903E+00 1.89312E+00 1.93288E+00 1.96905E+00 1.70115E+00 1.63377E+00 1.35096E+00 3.73795E+01
1.38944E+00 1.67104E+00 1.73845E+00 1.92552E+00 1.92970E+00 1.96998E+00 2.00644E+00 1.73869E+00 1.67104E+00 1.38944E+00 3.80287E+01
1.42729E+00 1.70768E+00 1.77537E+00 1.96142E+00 1.96569E+00 2.00648E+00 2.04323E+00 1.77562E+00 1.70768E+00 1.42729E+00 3.86594E+01
1.46450E+00 1.74373E+00 1.81168E+00 1.99674E+00 2.00110E+00 2.04238E+00 2.07941E+00 1.81193E+00 1.74373E+00 1.46450E+00 3.92724E+01
1.50110E+00 1.77919E+00 1.84740E+00 2.03148E+00 2.03593E+00 2.07771E+00 2.11501E+00 1.84765E+00 1.77919E+00 1.50110E+00 3.98682E+01
1.53710E+00 1.81407E+00 1.88253E+00 2.06567E+00 2.07020E+00 2.11246E+00 2.15003E+00 1.88279E+00 1.81407E+00 1.53710E+00 4.04475E+01
1.57251E+00 1.84839E+00 1.91709E+00 2.09930E+00 2.10393E+00 2.14666E+00 2.18450E+00 1.91736E+00 1.84839E+00 1.57251E+00 4.10107E+01
1.60734E+00 1.88217E+00 1.95110E+00 2.13241E+00 2.13711E+00 2.18031E+00 2.21842E+00 1.95137E+00 1.88217E+00 1.60734E+00 4.15585E+01
1.64161E+00 1.91540E+00 1.98456E+00 2.16499E+00 2.16978E+00 2.21344E+00 2.25180E+00 1.98484E+00 1.91540E+00 1.64161E+00 4.20914E+01
1.67534E+00 1.94810E+00 2.01749E+00 2.19705E+00 2.20192E+00 2.24603E+00 2.28465E+00 2.01777E+00 1.94810E+00 1.67534E+00 4.26098E+01
1.70853E+00 1.98029E+00 2.04990E+00 2.22862E+00 2.23357E+00 2.27812E+00 2.31699E+00 2.05018E+00 1.98029E+00 1.70853E+00 4.31143E+01
1.74119E+00 2.01198E+00 2.08180E+00 2.25969E+00 2.26472E+00 2.30971E+00 2.34883E+00 2.08208E+00 2.01198E+00 1.74119E+00 4.36054E+01
1.77334E+00 2.04317E+00 2.11320E+00 2.29029E+00 2.29539E+00 2.34081E+00 2.38017E+00 2.11349E+00 2.04317E+00 1.77334E+00 4.40834E+01
1.80499E+00 2.07388E+00 2.14411E+00 2.32041E+00 2.32558E+00 2.37143E+00 2.41104E+00 2.14440E+00 2.07388E+00 1.80499E+00 4.45487E+01
1.83615E+00 2.10412E+00 2.17455E+00 2.35007E+00 2.35532E+00 2.40159E+00 2.44143E+00 2.17484E+00 2.10412E+00 1.83615E+00 4.50019E+01
0.00000E+00 0.00000E+00 -3.25241E-03 2.35201E-01 2.33965E-01 2.46495E-01 2.68801E-01 -3.27000E-03 0.00000E+00 0.00000E+00 -8.96470E-01
0.00000E+00 0.00000E+00 4.05521E-02 2.71072E-01 2.70436E-01 2.85604E-01 3.09170E-01 4.05532E-02 0.00000E+00 0.00000E+00 2.47999E-01
0.00000E+00 3.08657E-02 8.72857E-02 3.11308E-01 3.11185E-01 3.28655E-01 3.53331E-01 8.73040E-02 3.08657E-02 0.00000E+00 1.47416E+00
0.00000E+00 7.75298E-02 1.35675E-01 3.54134E-01 3.54464E-01 3.74013E-01 3.99697E-01 1.35710E-01 7.75298E-02 0.00000E+00 2.74441E+00
0.00000E+00 1.25273E-01 1.84936E-01 3.98509E-01 3.99248E-01 4.20704E-01 4.47320E-01 1.84985E-01 1.25273E-01 0.00000E+00 4.04730E+00
0.00000E+00 1.73409E-01 2.34422E-01 4.43647E-01 4.44759E-01 4.67981E-01 4.95465E-01 2.34486E-01 1.73409E-01 0.00000E+00 5.35579E+00
0.00000E+00 2.21499E-01 2.83726E-01 4.89038E-01 4.90493E-01 5.15361E-01 5.43659E-01 2.83804E-01 2.21499E-01 0.00000E+00 6.65205E+00
0.00000E+00 2.69253E-01 3.32580E-01 5.34338E-01 5.36111E-01 5.62522E-01 5.91588E-01 3.32671E-01 2.69253E-01 0.00000E+00 7.92445E+00
1.95883E-02 3.16326E-01 3.80650E-01 5.79174E-01 5.81241E-01 6.09100E-01 6.38890E-01 3.80754E-01 3.16326E-01 1.95883E-02 9.12808E+00
6.92063E-02 3.62610E-01 4.27846E-01 6.23400E-01 6.25741E-01 6.54966E-01 6.85446E-01 4.27961E-01 3.62610E-01 6.92063E-02 1.02417E+01
1.17992E-01 4.08274E-01 4.74356E-01 6.67143E-01 6.69744E-01 7.00272E-01 7.31414E-01 4.74484E-01 4.08274E-01 1.17992E-01 1.13230E+01
1.65886E-01 4.53235E-01 5.20106E-01 7.10303E-01 7.13149E-01 7.44927E-01 7.76706E-01 5.20245E-01 4.53235E-01 1.65886E-01 1.23703E+01
2.12852E-01 4.97436E-01 5.65044E-01 7.52808E-01 7.55889E-01 7.88864E-01 8.21257E-01 5.65193E-01 4.97436E-01 2.12852E-01 1.33829E+01
2.58869E-01 5.40837E-01 6.09137E-01 7.94609E-01 7.97912E-01 8.32039E-01 8.65025E-01 6.09297E-01 5.40837E-01 2.58869E-01 1.43607E+01
3.03929E-01 5.83416E-01 6.52365E-01 8.35672E-01 8.39189E-01 8.74424E-01 9.07984E-01 6.52536E-01 5.83416E-01 3.03929E-01 1.53038E+01
3.48031E-01 6.25159E-01 6.94721E-01 8.75976E-01 8.79697E-01 9.16001E-01 9.50117E-01 6.94902E-01 6.25159E-01 3.48031E-01 1.62129E+01
3.91183E-01 6.66062E-01 7.36203E-01 9.15509E-01 9.19426E-01 9.56763E-01 9.91418E-01 7.36393E-01 6.66062E-01 3.91183E-01 1.70887E+01
4.33395E-01 7.06125E-01 7.76815E-01 9.54266E-01 9.58371E-01 9.96707E-01 1.03189E+00 7.77014E-01 7.06125E-01 4.33395E-01 1.79322E+01
4.74681E-01 7.45357E-01 8.16565E-01 9.92249E-01 9.96535E-01 1.03584E+00 1.07152E+00 8.16774E-01 7.45357E-01 4.74681E-01 1.87444E+01
5.15059E-01 7.83765E-01 8.55466E-01 1.02946E+00 1.03392E+00 1.07416E+00 1.11034E+00 8.55684E-01 7.83765E-01 5.15059E-01 1.95264E+01
5.54547E-01 8.21362E-01 8.93533E-01 1.06591E+00 1.07054E+00 1.11169E+00 1.14835E+00 8.93759E-01 8.21362E-01 5.54547E-01 2.02793E+01
5.93166E-01 8.58163E-01 9.30780E-01 1.10161E+00 1.10640E+00 1.14843E+00 1.18557E+00 9.31015E-01 8.58163E-01 5.93166E-01 2.10041E+01
6.30936E-01 8.94182E-01 9.67226E-01 1.13657E+00 1.14152E+00 1.18441E+00 1.22200E+00 9.67469E-01 8.94182E-01 6.30936E-01 2.17021E+01
6.67879E-01 9.29438E-01 1.00289E+00 1.17080E+00 1.17590E+00 1.21963E+00 1.25767E+00 1.00314E+00 9.29438E-01 6.67879E-01 2.23743E+01
7.04016E-01 9.63946E-01 1.03779E+00 1.20432E+00 1.20957E+00 1.25411E+00 1.29259E+00 1.03804E+00 9.63946E-01 7.04016E-01 2.30218E+01
7.39369E-01 9.97724E-01 1.07194E+00 1.23715E+00 1.24254E+00 1.28787E+00 1.32678E+00 1.07220E+00 9.97724E-01 7.39369E-01 2.36455E+01
7.73959E-01 1.03079E+00 1.10536E+00 1.26930E+00 1.27482E+00 1.32092E+00 1.36026E+00 1.10563E+00 1.03079E+00 7.73959E-01 2.42465E+01
8.07806E-01 1.06316E+00 1.13808E+00 1.30078E+00 1.30644E+00 1.35329E+00 1.39304E+00 1.13836E+00 1.06316E+00 8.07806E-01 2.48258E+01
8.40933E-01 1.09486E+00 1.17010E+00 1.33161E+00 1.33740E+00 1.38499E+00 1.42514E+00 1.17039E+00 1.09486E+00 8.40933E-01 2.53843E+01
8.73358E-01 1.12590E+00 1.20146E+00 1.36181E+00 1.36773E+00 1.41604E+00 1.45658E+00 1.20175E+00 1.12590E+00 8.73358E-01 2.59228E+01
9.05102E-01 1.15630E+00 1.23216E+00 1.39140E+00 1.39744E+00 1.44645E+00 1.48738E+00 1.23246E+00 1.15630E+00 9.05102E-01 2.64422E+01
9.36184E-01 1.18607E+00 1.26222E+00 1.42038E+00 1.42654E+00 1.47624E+00 1.51755E+00 1.26253E+00 1.18607E+00 9.36184E-01 2.69433E+01
9.66624E-01 1.21524E+00 1.29167E+00 1.44878E+00 1.45506E+00 1.50543E+00 1.54711E+00 1.29199E+00 1.21524E+00 9.66624E-01 2.74269E+01
9.96438E-01 1.24382E+00 1.32052E+00 1.47661E+00 1.48300E+00 1.53403E+00 1.57607E+00 1.32084E+00 1.24382E+00 9.96438E-01 2.78937E+01
1.02564E+00 1.27182E+00 1.34879E+00 1.50388E+00 1.51039E+00 1.56206E+00 1.60446E+00 1.34911E+00 1.27182E+00 1.02564E+00 2.83444E+01
1.05426E+00 1.29926E+00 1.37648E+00 1.53062E+00 1.53723E+00 1.58953E+00 1.63229E+00 1.37682E+00 1.29926E+00 1.05426E+00 2.87797E+01
1.08231E+00 1.32616E+00 1.40362E+00 1.55683E+00 1.56355E+00 1.61647E+00 1.65957E+00 1.40397E+00 1.32616E+00 1.08231E+00 2.92002E+01
1.10979E+00 1.35253E+00 1.43023E+00 1.58252E+00 1.58935E+00 1.64287E+00 1.68631E+00 1.43058E+00 1.35253E+00 1.10979E+00 2.96066E+01
1.13674E+00 1.37839E+00 1.45631E+00 1.60772E+00 1.61464E+00 1.66877E+00 1.71254E+00 1.45667E+00 1.37839E+00 1.13674E+00 2.99993E+01
1.16316E+00 1.40374E+00 1.48189E+00 1.63243E+00 1.63945E+00 1.69416E+00 1.73827E+00 1.48225E+00 1.40374E+00 1.16316E+00 3.03790E+01
1.18906E+00 1.42861E+00 1.50697E+00 1.65667E+00 1.66379E+00 1.71907E+00 1.76350E+00 1.50733E+00 1.42861E+00 1.18906E+00 3.07462E+01
1.21447E+00 1.45300E+00 1.53157E+00 1.68045E+00 1.68766E+00 1.74350E+00 1.78825E+00 1.53194E+00 1.45300E+00 1.21447E+00 3.11013E+01
1.23940E+00 1.47693E+00 1.55570E+00 1.70378E+00 1.71108E+00 1.76748E+00 1.81254E+00 1.55607E+00 1.47693E+00 1.23940E+00 3.14448E+01
1.26385E+00 1.50042E+00 1.57937E+00 1.72667E+00 1.73407E+00 1.79101E+00 1.83638E+00 1.57976E+00 1.50042E+00 1.26385E+00 3.17773E+01
1.28785E+00 1.52346E+00 1.60260E+00 1.74914E+00 1.75663E+00 1.81410E+00 1.85978E+00 1.60299E+00 1.52346E+00 1.28785E+00 3.20990E+01
1.31140E+00 1.54608E+00 1.62540E+00 1.77119E+00 1.77877E+00 1.83676E+00 1.88274E+00 1.62580E+00 1.54608E+00 1.31140E+00 3.24105E+01
1.33451E+00 1.56828E+00 1.64778E+00 1.79284E+00 1.80050E+00 1.85901E+00 1.90529E+00 1.64818E+00 1.56828E+00 1.33451E+00 3.27122E+01
1.35721E+00 1.59008E+00 1.66975E+00 1.81410E+00 1.82184E+00 1.88086E+00 1.92743E+00 1.67016E+00 1.59008E+00 1.35721E+00 3.30043E+01
1.37949E+00 1.61148E+00 1.69132E+00 1.83497E+00 1.84280E+00 1.90232E+00 1.94917E+00 1.69173E+00 1.61148E+00 1.37949E+00 3.32872E+01
1.40137E+00 1.63250E+00 1.71251E+00 1.85547E+00 1.86338E+00 1.92339E+00 1.97053E+00 1.71292E+00 1.63250E+00 1.40137E+00 3.35614E+01
0.00000E+00 0.00000E+00 1.09903E-02 2.09846E-01 2.10396E-01 2.29430E-01 2.55086E-01 1.09694E-02 0.00000E+00 0.00000E+00 -6.64297E-01
0.00000E+00 0.00000E+00 5.36245E-02 2.45154E-01 2.46456E-01 2.68951E-01 2.96154E-01 5.36329E-02 0.00000E+00 0.00000E+00 4.82623E-01
0.00000E+00 2.85255E-02 9.72166E-02 2.82773E-01 2.84706E-01 3.10195E-01 3.38764E-01 9.72515E-02 2.85255E-02 0.00000E+00 1.64021E+00
0.00000E+00 7.06178E-02 1.41044E-01 3.21503E-01 3.23991E-01 3.52161E-01 3.81972E-01 1.41103E-01 7.06178E-02 0.00000E+00 2.78971E+00
0.00000E+00 1.12720E-01 1.84651E-01 3.60649E-01 3.63632E-01 3.94247E-01 4.25209E-01 1.84733E-01 1.12720E-01 0.00000E+00 3.93045E+00
0.00000E+00 1.54396E-01 2.27648E-01 3.99687E-01 4.03120E-01 4.35984E-01 4.68018E-01 2.27752E-01 1.54396E-01 0.00000E+00 5.04523E+00
0.00000E+00 1.95388E-01 2.69813E-01 4.38300E-01 4.42142E-01 4.77092E-01 5.10131E-01 2.69937E-01 1.95388E-01 0.00000E+00 6.12412E+00
0.00000E+00 2.35541E-01 3.11017E-01 4.76287E-01 4.80506E-01 5.17401E-01 5.51389E-01 3.11160E-01 2.35541E-01 0.00000E+00 7.16176E+00
1.64147E-02 2.74693E-01 3.51109E-01 5.13459E-01 5.18025E-01 5.56735E-01 5.91618E-01 3.51271E-01 2.74693E-01 1.64147E-02 8.12380E+00
5.76749E-02 3.12822E-01 3.90088E-01 5.49763E-01 5.54651E-01 5.95065E-01 6.30797E-01 3.90267E-01 3.12822E-01 5.76749E-02 8.99627E+00
9.78246E-02 3.50040E-01 4.28086E-01 5.85275E-01 5.90465E-01 6.32499E-01 6.69048E-01 4.28282E-01 3.50040E-01 9.78246E-02 9.83085E+00
1.36865E-01 3.86326E-01 4.65091E-01 6.19957E-01 6.25433E-01 6.69013E-01 7.06346E-01 4.65303E-01 3.86326E-01 1.36865E-01 1.06281E+01
1.74811E-01 4.21672E-01 5.01103E-01 6.53793E-01 6.59539E-01 7.04596E-01 7.42685E-01 5.01330E-01 4.21672E-01 1.74811E-01 1.13889E+01
2.11681E-01 4.56084E-01 5.36133E-01 6.86776E-01 6.92779E-01 7.39251E-01 7.78069E-01 5.36375E-01 4.56084E-01 2.11681E-01 1.21144E+01
2.47502E-01 4.89574E-01 5.70197E-01 7.18910E-01 7.25157E-01 7.72987E-01 8.12511E-01 5.70453E-01 4.89574E-01 2.47502E-01 1.28062E+01
2.82304E-01 5.22158E-01 6.03318E-01 7.50206E-01 7.56686E-01 8.05820E-01 8.46027E-01 6.03588E-01 5.22158E-01 2.82304E-01 1.34656E+01
3.16117E-01 5.53858E-01 6.35519E-01 7.80677E-01 7.87379E-01 8.37771E-01 8.78640E-01 6.35802E-01 5.53858E-01 3.16117E-01 1.40942E+01
3.48974E-01 5.84696E-01 6.66827E-01 8.10342E-01 8.17257E-01 8.68860E-01 9.10371E-01 6.67123E-01 5.84696E-01 3.48974E-01 1.46934E+01
3.80906E-01 6.14697E-01 6.97268E-01 8.39219E-01 8.46338E-01 8.99111E-01 9.41246E-01 6.97577E-01 6.14697E-01 3.80906E-01 1.52647E+01
4.11946E-01 6.43886E-01 7.26872E-01 8.67331E-01 8.74646E-01 9.28549E-01 9.71291E-01 7.27193E-01 6.43886E-01 4.11946E-01 1.58095E+01
4.42125E-01 6.72288E-01 7.55665E-01 8.94698E-01 9.02201E-01 9.57198E-01 1.00053E+00 7.55998E-01 6.72288E-01 4.42125E-01 1.63292E+01
4.71475E-01 6.99930E-01 7.83674E-01 9.21344E-01 9.29028E-01 9.85085E-01 1.02899E+00 7.84019E-01 6.99930E-01 4.71475E-01 1.68250E+01
5.00026E-01 7.26835E-01 8.10928E-01 9.47290E-01 9.55149E-01 1.01223E+00 1.05670E+00 8.11283E-01 7.26835E-01 5.00026E-01 1.72984E+01
5.27806E-01 7.53030E-01 8.37451E-01 9.72559E-01 9.80586E-01 1.03867E+00 1.08368E+00 8.37818E-01 7.53030E-01 5.27806E-01 1.77503E+01
5.54845E-01 7.78537E-01 8.63270E-01 9.97173E-01 1.00536E+00 1.06441E+00 1.10996E+00 8.63647E-01 7.78537E-01 5.54845E-01 1.81820E+01
5.81168E-01 8.03382E-01 8.88409E-01 1.02115E+00 1.02950E+00 1.08949E+00 1.13556E+00 8.88797E-01 8.03382E-01 5.81168E-01 1.85945E+01
6.06802E-01 8.27585E-01 9.12893E-01 1.04452E+00 1.05302E+00 1.11393E+00 1.16051E+00 9.13290E-01 8.27585E-01 6.06802E-01 1.89888E+01
6.31772E-01 8.51170E-01 9.36744E-01 1.06729E+00 1.07594E+00 1.13774E+00 1.18482E+00 9.37151E-01 8.51170E-01 6.31772E-01 1.93658E+01
6.56102E-01 8.74158E-01 9.59984E-01 1.08949E+00 1.09828E+00 1.16095E+00 1.20852E+00 9.60401E-01 8.74158E-01 6.56102E-01 1.97265E+01
6.79815E-01 8.96569E-01 9.82635E-01 1.11114E+00 1.12007E+00 1.18358E+00 1.23163E+00 9.83061E-01 8.96569E-01 6.79815E-01 2.00716E+01
7.02933E-01 9.18423E-01 1.00472E+00 1.13225E+00 1.14131E+00 1.20565E+00 1.25417E+00 1.00515E+00 9.18423E-01 7.02933E-01 2.04019E+01
7.25477E-01 9.39739E-01 1.02625E+00 1.15285E+00 1.16204E+00 1.22718E+00 1.27616E+00 1.02670E+00 9.39739E-01 7.25477E-01 2.07182E+01
7.47466E-01 9.60535E-01 1.04726E+00 1.17294E+00 1.18226E+00 1.24819E+00 1.29762E+00 1.04771E+00 9.60535E-01 7.47466E-01 2.10213E+01
7.68922E-01 9.80829E-01 1.06775E+00 1.19255E+00 1.20199E+00 1.26869E+00 1.31856E+00 1.06821E+00 9.80829E-01 7.68922E-01 2.13116E+01
7.89861E-01 1.00064E+00 1.08774E+00 1.21169E+00 1.22125E+00 1.28870E+00 1.33901E+00 1.08821E+00 1.00064E+00 7.89861E-01 2.15899E+01
8.10301E-01 1.01998E+00 1.10726E+00 1.23038E+00 1.24005E+00 1.30824E+00 1.35897E+00 1.10774E+00 1.01998E+00 8.10301E-01 2.18568E+01
8.30260E-01 1.03886E+00 1.12632E+00 1.24863E+00 1.25842E+00 1.32733E+00 1.37847E+00 1.12681E+00 1.03886E+00 8.30260E-01 2.21127E+01
8.49753E-01 1.05731E+00 1.14493E+00 1.26645E+00 1.27635E+00 1.34597E+00 1.39752E+00 1.14543E+00 1.05731E+00 8.49753E-01 2.23582E+01
8.68796E-01 1.07533E+00 1.16311E+00 1.28387E+00 1.29388E+00 1.36418E+00 1.41614E+00 1.16361E+00 1.07533E+00 8.68796E-01 2.25938E+01
8.87404E-01 1.09294E+00 1.18087E+00 1.30088E+00 1.31100E+00 1.38198E+00 1.43433E+00 1.18138E+00 1.09294E+00 8.87404E-01 2.28199E+01
9.05591E-01 1.11015E+00 1.19823E+00 1.31752E+00 1.32773E+00 1.39937E+00 1.45212E+00 1.19874E+00 1.11015E+00 9.05591E-01 2.30371E+01
9.23370E-01 1.12698E+00 1.21519E+00 1.33378E+00 1.34409E+00 1.41638E+00 1.46951E+00 1.21572E+00 1.12698E+00 9.23370E-01 2.32456E+01
9.40755E-01 1.14343E+00 1.23178E+00 1.34967E+00 1.36009E+00 1.43301E+00 1.48652E+00 1.23231E+00 1.14343E+00 9.40755E-01 2.34459E+01
9.57757E-01 1.15952E+00 1.24800E+00 1.36522E+00 1.37573E+00 1.44928E+00 1.50316E+00 1.24853E+00 1.15952E+00 9.57757E-01 2.36383E+01
9.74390E-01 1.17526E+00 1.26386E+00 1.38043E+00 1.39104E+00 1.46520E+00 1.51944E+00 1.26440E+00 1.17526E+00 9.74390E-01 2.38232E+01
9.90664E-01 1.19066E+00 1.27938E+00 1.39531E+00 1.40601E+00 1.48077E+00 1.53537E+00 1.27993E+00 1.19066E+00 9.90664E-01 2.40010E+01
1.00659E+00 1.20574E+00 1.29456E+00 1.40987E+00 1.42065E+00 1.49601E+00 1.55096E+00 1.29512E+00 1.20574E+00 1.00659E+00 2.41719E+01
1.02218E+00 1.22049E+00 1.30942E+00 1.42412E+00 1.43499E+00 1.51092E+00 1.56623E+00 1.30998E+00 1.22049E+00 1.02218E+00 2.43361E+01
1.03744E+00 1.23493E+00 1.32396E+00 1.43807E+00 1.44903E+00 1.52553E+00 1.58118E+00 1.32453E+00 1.23493E+00 1.03744E+00 2.44941E+01
1.05239E+00 1.24907E+00 1.33820E+00 1.45172E+00 1.46277E+00 1.53982E+00 1.59582E+00 1.33878E+00 1.24907E+00 1.05239E+00 2.46461E+01
0.00000E+00 0.00000E+00 2.79000E-02 1.89010E-01 1.92138E-01 2.20790E-01 2.50127E-01 2.78844E-02 0.00000E+00 0.00000E+00 -3.40610E-01
0.00000E+00 0.00000E+00 6.88118E-02 2.23309E-01 2.27336E-01 2.60446E-01 2.91749E-01 6.88426E-02 0.00000E+00 0.00000E+00 7.83889E-01
0.00000E+00 2.61372E-02 1.08957E-01 2.58096E-01 2.62870E-01 2.99796E-01 3.32833E-01 1.09029E-01 2.61372E-02 0.00000E+00 1.85241E+00
0.00000E+00 6.37441E-02 1.48123E-01 2.92716E-01 2.98138E-01 3.38453E-01 3.73068E-01 1.48232E-01 6.37441E-02 0.00000E+00 2.86788E+00
0.00000E+00 1.00464E-01 1.86164E-01 3.26799E-01 3.32796E-01 3.76177E-01 4.12251E-01 1.86308E-01 1.00464E-01 0.00000E+00 3.84133E+00
0.00000E+00 1.36095E-01 2.22931E-01 3.60071E-01 3.66583E-01 4.12767E-01 4.50199E-01 2.23107E-01 1.36095E-01 0.00000E+00 4.76545E+00
0.00000E+00 1.70549E-01 2.58372E-01 3.92388E-01 3.99367E-01 4.48135E-01 4.86838E-01 2.58578E-01 1.70549E-01 0.00000E+00 5.63772E+00
0.00000E+00 2.03798E-01 2.92486E-01 4.23684E-01 4.31091E-01 4.82253E-01 5.22156E-01 2.92720E-01 2.03798E-01 0.00000E+00 6.45833E+00
1.35625E-02 2.35817E-01 3.25264E-01 4.53914E-01 4.61711E-01 5.15095E-01 5.56126E-01 3.25524E-01 2.35817E-01 1.35625E-02 7.20231E+00
4.73726E-02 2.66659E-01 3.56776E-01 4.83102E-01 4.91258E-01 5.46716E-01 5.88815E-01 3.57061E-01 2.66659E-01 4.73726E-02 7.86166E+00
7.99071E-02 2.96415E-01 3.87134E-01 5.11306E-01 5.19798E-01 5.77221E-01 6.20343E-01 3.87443E-01 2.96415E-01 7.99071E-02 8.48190E+00
1.11217E-01 3.25115E-01 4.16378E-01 5.38545E-01 5.47352E-01 6.06639E-01 6.50744E-01 4.16709E-01 3.25115E-01 1.11217E-01 9.06512E+00
1.41357E-01 3.52792E-01 4.44548E-01 5.64841E-01 5.73945E-01 6.35008E-01 6.80059E-01 4.44901E-01 3.52792E-01 1.41357E-01 9.61349E+00
1.70379E-01 3.79486E-01 4.71690E-01 5.90226E-01 5.99611E-01 6.62367E-01 7.08329E-01 4.72063E-01 3.79486E-01 1.70379E-01 1.01291E+01
1.98336E-01 4.05236E-01 4.97847E-01 6.14731E-01 6.24381E-01 6.88756E-01 7.35598E-01 4.98240E-01 4.05236E-01 1.98336E-01 1.06141E+01
2.25279E-01 4.30081E-01 5.23063E-01 6.38390E-01 6.48292E-01 7.14217E-01 7.61909E-01 5.23475E-01 4.30081E-01 2.25279E-01 1.10705E+01
2.51257E-01 4.54060E-01 5.47381E-01 6.61236E-01 6.71377E-01 7.38790E-01 7.87305E-01 5.47812E-01 4.54060E-01 2.51257E-01 1.15000E+01
2.76317E-01 4.77211E-01 5.70844E-01 6.83302E-01 6.93672E-01 7.62514E-01 8.11825E-01 5.71292E-01 4.77211E-01 2.76317E-01 1.19046E+01
3.00503E-01 4.99572E-01 5.93489E-01 7.04622E-01 7.15209E-01 7.85427E-01 8.35512E-01 5.93954E-01 4.99572E-01 3.00503E-01 1.22857E+01
3.23858E-01 5.21177E-01 6.15355E-01 7.25228E-01 7.36023E-01 8.07565E-01 8.58400E-01 6.15836E-01 5.21177E-01 3.23858E-01 1.26450E+01
3.46420E-01 5.42061E-01 6.36479E-01 7.45149E-01 7.56143E-01 8.28964E-01 8.80529E-01 6.36976E-01 5.42061E-01 3.46420E-01 1.29839E+01
3.68228E-01 5.62255E-01 6.56893E-01 7.64416E-01 7.75601E-01 8.49656E-01 9.01930E-01 6.57405E-01 5.62255E-01 3.68228E-01 1.33037E+01
3.89316E-01 5.81790E-01 6.76631E-01 7.83056E-01 7.94424E-01 8.69673E-01 9.22638E-01 6.77158E-01 5.81790E-01 3.89316E-01 1.36057E+01
4.09718E-01 6.00697E-01 6.95723E-01 8.01097E-01 8.12642E-01 8.89045E-01 9.42682E-01 6.96265E-01 6.00697E-01 4.09718E-01 1.38909E+01
4.29466E-01 6.19001E-01 7.14199E-01 8.18565E-01 8.30278E-01 9.07801E-01 9.62094E-01 7.14754E-01 6.19001E-01 4.29466E-01 1.41605E+01
4.48589E-01 6.36730E-01 7.32085E-01 8.35483E-01 8.47359E-01 9.25966E-01 9.80899E-01 7.32654E-01 6.36730E-01 4.48589E-01 1.44154E+01
4.67115E-01 6.53908E-01 7.49407E-01 8.51875E-01 8.63908E-01 9.43568E-01 9.99125E-01 7.49989E-01 6.53908E-01 4.67115E-01 1.46565E+01
4.85071E-01 6.70558E-01 7.66191E-01 8.67763E-01 8.79948E-01 9.60629E-01 1.01680E+00 7.66785E-01 6.70558E-01 4.85071E-01 1.48847E+01
5.02481E-01 6.86704E-01 7.82459E-01 8.83168E-01 8.95499E-01 9.77173E-01 1.03394E+00 7.83065E-01 6.86704E-01 5.02481E-01 1.51008E+01
5.19368E-01 7.02367E-01 7.98233E-01 8.98109E-01 9.10582E-01 9.93222E-01 1.05057E+00 7.98851E-01 7.02367E-01 5.19368E-01 1.53054E+01
5.35756E-01 7.17565E-01 8.13534E-01 9.12607E-01 9.25216E-01 1.00880E+00 1.06671E+00 8.14164E-01 7.17565E-01 5.35756E-01 1.54993E+01
5.51664E-01 7.32319E-01 8.28381E-01 9.26678E-01 9.39420E-01 1.02391E+00 1.08239E+00 8.29022E-01 7.32319E-01 5.51664E-01 1.56830E+01
5.67114E-01 7.46646E-01 8.42793E-01 9.40339E-01 9.53209E-01 1.03859E+00 1.09761E+00 8.43446E-01 7.46646E-01 5.67114E-01 1.58572E+01
5.82123E-01 7.60563E-01 8.56789E-01 9.53607E-01 9.66602E-01 1.05286E+00 1.11241E+00 8.57452E-01 7.60563E-01 5.82123E-01 1.60224E+01
5.96709E-01 7.74087E-01 8.70383E-01 9.66498E-01 9.79613E-01 1.06671E+00 1.12679E+00 8.71057E-01 7.74087E-01 5.96709E-01 1.61791E+01
6.10889E-01 7.87232E-01 8.83593E-01 9.79025E-01 9.92257E-01 1.08018E+00 1.14078E+00 8.84276E-01 7.87232E-01 6.10889E-01 1.63278E+01
6.24679E-01 8.00015E-01 8.96433E-01 9.91203E-01 1.00455E+00 1.09328E+00 1.15438E+00 8.97126E-01 8.00015E-01 6.24679E-01 1.64689E+01
6.38094E-01 8.12447E-01 9.08917E-01 1.00305E+00 1.01650E+00 1.10602E+00 1.16762E+00 9.09621E-01 8.12447E-01 6.38094E-01 1.66028E+01
6.51149E-01 8.24543E-01 9.21060E-01 1.01456E+00 1.02813E+00 1.11842E+00 1.18050E+00 9.21773E-01 8.24543E-01 6.51149E-01 1.67300E+01
6.63857E-01 8.36315E-01 9.32874E-01 1.02577E+00 1.03944E+00 1.13048E+00 1.19304E+00 9.33595E-01 8.36315E-01 6.63857E-01 1.68507E+01
6.76231E-01 8.47775E-01 9.44370E-01 1.03668E+00 1.05045E+00 1.14223E+00 1.20525E+00 9.45101E-01 8.47775E-01 6.76231E-01 1.69654E+01
6.88283E-01 8.58935E-01 9.55562E-01 1.04729E+00 1.06116E+00 1.15367E+00 1.21715E+00 9.56301E-01 8.58935E-01 6.88283E-01 1.70743E+01
7.00025E-01 8.69805E-01 9.66460E-01 1.05763E+00 1.07160E+00 1.16481E+00 1.22874E+00 9.67208E-01 8.69805E-01 7.00025E-01 1.71777E+01
7.11469E-01 8.80395E-01 9.77074E-01 1.06770E+00 1.08176E+00 1.17566E+00 1.24004E+00 9.77830E-01 8.80395E-01 7.11469E-01 1.72759E+01
7.22624E-01 8.90716E-01 9.87414E-01 1.07751E+00 1.09166E+00 1.18624E+00 1.25105E+00 9.88179E-01 8.90716E-01 7.22624E-01 1.73691E+01
7.33502E-01 9.00776E-01 9.97491E-01 1.08707E+00 1.10131E+00 1.19655E+00 1.26179E+00 9.98263E-01 9.00776E-01 7.33502E-01 1.74577E+01
7.44111E-01 9.10585E-01 1.00731E+00 1.09639E+00 1.11072E+00 1.20660E+00 1.27227E+00 1.00809E+00 9.10585E-01 7.44111E-01 1.75418E+01
7.54460E-01 9.20152E-01 1.01689E+00 1.10547E+00 1.11988E+00 1.21641E+00 1.28249E+00 1.01768E+00 9.20152E-01 7.54460E-01 1.76217E+01
7.64560E-01 9.29484E-01 1.02623E+00 1.11433E+00 1.12882E+00 1.22597E+00 1.29246E+00 1.02702E+00 9.29484E-01 7.64560E-01 1.76976E+01
7.74418E-01 9.38589E-01 1.03534E+00 1.12297E+00 1.13754E+00 1.23530E+00 1.30220E+00 1.03614E+00 9.38589E-01 7.74418E-01 1.77696E+01
0.00000E+00 0.00000E+00 4.73231E-02 1.72530E-01 1.79185E-01 2.21848E-01 2.55430E-01 4.73429E-02 0.00000E+00 0.00000E+00 8.60585E-02
0.00000E+00 0.00000E+00 8.56720E-02 2.05194E-01 2.12870E-01 2.61133E-01 2.97310E-01 8.57655E-02 0.00000E+00 0.00000E+00 1.14984E+00
0.00000E+00 2.36064E-02 1.21806E-01 2.36767E-01 2.45280E-01 2.98281E-01 3.36736E-01 1.21963E-01 2.36064E-02 0.00000E+00 2.10119E+00
0.00000E+00 5.66839E-02 1.55981E-01 2.67106E-01 2.76336E-01 3.33503E-01 3.74022E-01 1.56195E-01 5.66839E-02 0.00000E+00 2.96508E+00
0.00000E+00 8.81566E-02 1.88338E-01 2.96146E-01 3.06006E-01 3.66913E-01 4.09331E-01 1.88604E-01 8.81566E-02 0.00000E+00 3.76370E+00
0.00000E+00 1.18043E-01 2.18944E-01 3.23843E-01 3.34263E-01 3.98562E-01 4.42743E-01 2.19258E-01 1.18043E-01 0.00000E+00 4.49876E+00
0.00000E+00 1.46408E-01 2.47900E-01 3.50216E-01 3.61138E-01 4.28542E-01 4.74368E-01 2.48257E-01 1.46408E-01 0.00000E+00 5.17404E+00
0.00000E+00 1.73334E-01 2.75313E-01 3.75313E-01 3.86690E-01 4.56954E-01 5.04324E-01 2.75711E-01 1.73334E-01 0.00000E+00 5.79412E+00
1.09880E-02 1.98902E-01 3.01282E-01 3.99198E-01 4.10989E-01 4.83889E-01 5.32706E-01 3.01717E-01 1.98902E-01 1.09880E-02 6.34195E+00
3.81369E-02 2.23224E-01 3.25932E-01 4.21957E-01 4.34124E-01 5.09470E-01 5.59652E-01 3.26402E-01 2.23224E-01 3.81369E-02 6.81405E+00
6.39481E-02 2.46391E-01 3.49372E-01 4.43654E-01 4.56171E-01 5.33819E-01 5.85305E-01 3.49875E-01 2.46391E-01 6.39481E-02 7.24962E+00
8.85109E-02 2.68471E-01 3.71679E-01 4.64345E-01 4.77188E-01 5.57011E-01 6.09745E-01 3.72213E-01 2.68471E-01 8.85109E-02 7.65170E+00
1.11909E-01 2.89531E-01 3.92925E-01 4.84087E-01 4.97235E-01 5.79119E-01 6.33051E-01 3.93489E-01 2.89531E-01 1.11909E-01 8.02312E+00
1.34218E-01 3.09632E-01 4.13177E-01 5.02935E-01 5.16369E-01 6.00211E-01 6.55292E-01 4.13769E-01 3.09632E-01 1.34218E-01 8.36647E+00
1.55511E-01 3.28832E-01 4.32498E-01 5.20940E-01 5.34644E-01 6.20347E-01 6.76535E-01 4.33116E-01 3.28832E-01 1.55511E-01 8.68411E+00
1.75851E-01 3.47185E-01 4.50946E-01 5.38152E-01 5.52109E-01 6.39589E-01 6.96844E-01 4.51589E-01 3.47185E-01 1.75851E-01 8.97820E+00
1.95300E-01 3.64742E-01 4.68573E-01 5.54616E-01 5.68813E-01 6.57989E-01 7.16273E-01 4.69241E-01 3.64742E-01 1.95300E-01 9.25068E+00
2.13911E-01 3.81549E-01 4.85432E-01 5.70374E-01 5.84799E-01 6.75598E-01 7.34877E-01 4.86122E-01 3.81549E-01 2.13911E-01 9.50334E+00
2.31738E-01 3.97651E-01 5.01566E-01 5.85468E-01 6.00108E-01 6.92463E-01 7.52704E-01 5.02279E-01 3.97651E-01 2.31738E-01 9.73778E+00
2.48825E-01 4.13088E-01 5.17019E-01 5.99934E-01 6.14779E-01 7.08627E-01 7.69800E-01 5.17753E-01 4.13088E-01 2.48825E-01 9.95546E+00
2.65217E-01 4.27898E-01 5.31830E-01 6.13807E-01 6.28847E-01 7.24131E-01 7.86207E-01 5.32585E-01 4.27898E-01 2.65217E-01 1.01577E+01
2.80954E-01 4.42115E-01 5.46036E-01 6.27120E-01 6.42345E-01 7.39010E-01 8.01963E-01 5.46810E-01 4.42115E-01 2.80954E-01 1.03457E+01
2.96072E-01 4.55772E-01 5.59670E-01 6.39903E-01 6.55306E-01 7.53301E-01 8.17105E-01 5.60463E-01 4.55772E-01 2.96072E-01 1.05205E+01
3.10606E-01 4.68899E-01 5.72765E-01 6.52184E-01 6.67756E-01 7.67035E-01 8.31665E-01 5.73576E-01 4.68899E-01 3.10606E-01 1.06832E+01
3.24588E-01 4.81525E-01 5.85349E-01 6.63990E-01 6.79724E-01 7.80241E-01 8.45676E-01 5.86177E-01 4.81525E-01 3.24588E-01 1.08346E+01
3.38048E-01 4.93676E-01 5.97449E-01 6.75344E-01 6.91234E-01 7.92948E-01 8.59166E-01 5.98294E-01 4.93676E-01 3.38048E-01 1.09756E+01
3.51012E-01 5.05375E-01 6.09090E-01 6.86271E-01 7.02310E-01 8.05182E-01 8.72162E-01 6.09952E-01 5.05375E-01 3.51012E-01 1.11070E+01
3.63507E-01 5.16647E-01 6.20297E-01 6.96792E-01 7.12974E-01 8.16966E-01 8.84689E-01 6.21174E-01 5.16647E-01 3.63507E-01 1.12293E+01
3.75556E-01 5.27512E-01 6.31092E-01 7.06926E-01 7.23246E-01 8.28323E-01 8.96771E-01 6.31983E-01 5.27512E-01 3.75556E-01 1.13433E+01
3.87181E-01 5.37991E-01 6.41494E-01 7.16694E-01 7.33145E-01 8.39275E-01 9.08430E-01 6.42400E-01 5.37991E-01 3.87181E-01 1.14496E+01
3.98403E-01 5.48101E-01 6.51523E-01 7.26111E-01 7.42690E-01 8.49841E-01 9.19685E-01 6.52443E-01 5.48101E-01 3.98403E-01 1.15485E+01
4.09242E-01 5.57861E-01 6.61197E-01 7.35195E-01 7.51897E-01 8.60038E-01 9.30557E-01 6.62131E-01 5.57861E-01 4.09242E-01 1.16408E+01
4.19716E-01 5.67287E-01 6.70533E-01 7.43962E-01 7.60782E-01 8.69886E-01 9.41063E-01 6.71480E-01 5.67287E-01 4.19716E-01 1.17267E+01
4.29842E-01 5.76395E-01 6.79547E-01 7.52426E-01 7.69359E-01 8.79399E-01 9.51221E-01 6.80507E-01 5.76395E-01 4.29842E-01 1.18067E+01
4.39636E-01 5.85198E-01 6.88253E-01 7.60600E-01 7.77644E-01 8.88594E-01 9.61045E-01 6.89225E-01 5.85198E-01 4.39636E-01 1.18813E+01
4.49113E-01 5.93711E-01 6.96666E-01 7.68499E-01 7.85649E-01 8.97484E-01 9.70551E-01 6.97650E-01 5.93711E-01 4.49113E-01 1.19507E+01
4.58286E-01 6.01947E-01 7.04799E-01 7.76133E-01 7.93386E-01 9.06084E-01 9.79754E-01 7.05794E-01 6.01947E-01 4.58286E-01 1.20152E+01
4.67171E-01 6.09917E-01 7.12663E-01 7.83515E-01 8.00867E-01 9.14405E-01 9.88666E-01 7.13670E-01 6.09917E-01 4.67171E-01 1.20752E+01
4.75778E-01 6.17633E-01 7.20272E-01 7.90655E-01 8.08104E-01 9.22460E-01 9.97299E-01 7.21289E-01 6.17633E-01 4.75778E-01 1.21310E+01
4.84120E-01 6.25105E-01 7.27635E-01 7.97564E-01 8.15106E-01 9.30260E-01 1.00567E+00 7.28663E-01 6.25105E-01 4.84120E-01 1.21828E+01
4.92208E-01 6.32345E-01 7.34763E-01 8.04251E-01 8.21883E-01 9.37815E-01 1.01378E+00 7.35801E-01 6.32345E-01 4.92208E-01 1.22309E+01
5.00052E-01 6.39361E-01 7.41666E-01 8.10725E-01 8.28445E-01 9.45137E-01 1.02164E+00 7.42714E-01 6.39361E-01 5.00052E-01 1.22754E+01
5.07663E-01 6.46163E-01 7.48353E-01 8.16996E-01 8.34800E-01 9.52234E-01 1.02928E+00 7.49411E-01 6.46163E-01 5.07663E-01 1.23166E+01
5.15050E-01 6.52759E-01 7.54833E-01 8.23071E-01 8.40958E-01 9.59116E-01 1.03668E+00 7.55901E-01 6.52759E-01 5.15050E-01 1.23547E+01
5.22222E-01 6.59158E-01 7.61115E-01 8.28958E-01 8.46925E-01 9.65791E-01 1.04387E+00 7.62191E-01 6.59158E-01 5.22222E-01 1.23899E+01
5.29187E-01 6.65367E-01 7.67205E-01 8.34664E-01 8.52709E-01 9.72267E-01 1.05085E+00 7.68291E-01 6.65367E-01 5.29187E-01 1.24223E+01
5.35953E-01 6.71393E-01 7.73113E-01 8.40198E-01 8.58317E-01 9.78551E-01 1.05764E+00 7.74207E-01 6.71393E-01 5.35953E-01 1.24521E+01
5.42528E-01 6.77244E-01 7.78844E-01 8.45564E-01 8.63757E-01 9.84653E-01 1.06423E+00 7.79946E-01 6.77244E-01 5.42528E-01 1.24795E+01
5.48919E-01 6.82926E-01 7.84405E-01 8.50770E-01 8.69034E-01 9.90577E-01 1.07063E+00 7.85516E-01 6.82926E-01 5.48919E-01 1.25045E+01
5.55134E-01 6.88446E-01 7.89803E-01 8.55821E-01 8.74155E-01 9.96331E-01 1.07685E+00 7.90922E-01 6.88446E-01 5.55134E-01 1.25273E+01
0.00000E+00 0.00000E+00 6.83495E-02 1.60265E-01 1.71496E-01 2.34168E-01 2.73232E-01 6.84926E-02 0.00000E+00 0.00000E+00 6.04519E-01
0.00000E+00 0.00000E+00 1.02861E-01 1.90349E-01 2.02666E-01 2.72138E-01 3.14735E-01 1.03119E-01 0.00000E+00 0.00000E+00 1.55592E+00
0.00000E+00 2.07994E-02 1.34088E-01 2.18073E-01 2.31267E-01 3.06418E-01 3.52085E-01 1.34443E-01 2.07994E-02 0.00000E+00 2.35595E+00
0.00000E+00 4.91483E-02 1.62686E-01 2.43761E-01 2.57695E-01 3.37784E-01 3.86209E-01 1.63126E-01 4.91483E-02 0.00000E+00 3.04851E+00
0.00000E+00 7.53891E-02 1.89035E-01 2.67622E-01 2.82196E-01 3.66675E-01 4.17620E-01 1.89551E-01 7.53891E-02 0.00000E+00 3.66457E+00
0.00000E+00 9.97331E-02 2.13384E-01 2.89809E-01 3.04946E-01 3.93373E-01 4.46639E-01 2.13968E-01 9.97331E-02 0.00000E+00 4.21286E+00
0.00000E+00 1.22373E-01 2.35953E-01 3.10477E-01 3.26113E-01 4.18121E-01 4.73541E-01 2.36599E-01 1.22373E-01 0.00000E+00 4.70164E+00
0.00000E+00 1.43479E-01 2.56932E-01 3.29764E-01 3.45847E-01 4.41130E-01 4.98559E-01 2.57634E-01 1.43479E-01 0.00000E+00 5.13828E+00
8.65429E-03 1.63211E-01 2.76492E-01 3.47814E-01 3.64298E-01 4.62576E-01 5.21877E-01 2.77245E-01 1.63211E-01 8.65429E-03 5.51196E+00
2.98346E-02 1.81717E-01 2.94792E-01 3.64753E-01 3.81599E-01 4.82634E-01 5.43689E-01 2.95592E-01 1.81717E-01 2.98346E-02 5.82218E+00
4.97117E-02 1.99099E-01 3.11940E-01 3.80654E-01 3.97832E-01 5.01448E-01 5.64171E-01 3.12784E-01 1.99099E-01 4.97117E-02 6.10160E+00
6.84003E-02 2.15449E-01 3.28036E-01 3.95602E-01 4.13086E-01 5.19125E-01 5.83435E-01 3.28921E-01 2.15449E-01 6.84003E-02 6.35357E+00
8.60020E-02 2.30853E-01 3.43168E-01 4.09671E-01 4.27440E-01 5.35759E-01 6.01586E-01 3.44091E-01 2.30853E-01 8.60020E-02 6.58104E+00
1.02607E-01 2.45385E-01 3.57415E-01 4.22931E-01 4.40964E-01 5.51437E-01 6.18714E-01 3.58374E-01 2.45385E-01 1.02607E-01 6.78661E+00
1.18296E-01 2.59114E-01 3.70847E-01 4.35444E-01 4.53723E-01 5.66234E-01 6.34901E-01 3.71840E-01 2.59114E-01 1.18296E-01 6.97255E+00
1.33140E-01 2.72100E-01 3.83529E-01 4.47265E-01 4.65775E-01 5.80218E-01 6.50219E-01 3.84554E-01 2.72100E-01 1.33140E-01 7.14087E+00
1.47204E-01 2.84398E-01 3.95516E-01 4.58446E-01 4.77171E-01 5.93450E-01 6.64734E-01 3.96571E-01 2.84398E-01 1.47204E-01 7.29332E+00
1.60546E-01 2.96059E-01 4.06860E-01 4.69032E-01 4.87959E-01 6.05987E-01 6.78505E-01 4.07944E-01 2.96059E-01 1.60546E-01 7.43148E+00
1.73219E-01 3.07127E-01 4.17608E-01 4.79066E-01 4.98182E-01 6.17877E-01 6.91584E-01 4.18719E-01 3.07127E-01 1.73219E-01 7.55673E+00
1.85268E-01 3.17643E-01 4.27802E-01 4.88584E-01 5.07880E-01 6.29167E-01 7.04021E-01 4.28938E-01 3.17643E-01 1.85268E-01 7.67029E+00
1.96738E-01 3.27644E-01 4.37479E-01 4.97622E-01 5.17086E-01 6.39897E-01 7.15860E-01 4.38640E-01 3.27644E-01 1.96738E-01 7.77325E+00
2.07667E-01 3.37166E-01 4.46675E-01 5.06211E-01 5.25835E-01 6.50105E-01 7.27139E-01 4.47859E-01 3.37166E-01 2.07667E-01 7.86658E+00
2.18091E-01 3.46238E-01 4.55421E-01 5.14381E-01 5.34156E-01 6.59824E-01 7.37895E-01 4.56627E-01 3.46238E-01 2.18091E-01 7.95115E+00
2.28041E-01 3.54889E-01 4.63747E-01 5.22158E-01 5.42076E-01 6.69087E-01 7.48162E-01 4.64973E-01 3.54889E-01 2.28041E-01 8.02774E+00
2.37548E-01 3.63145E-01 4.71678E-01 5.29566E-01 5.49619E-01 6.77921E-01 7.57970E-01 4.72925E-01 3.63145E-01 2.37548E-01 8.09704E+00
2.46640E-01 3.71031E-01 4.79240E-01 5.36627E-01 5.56810E-01 6.86354E-01 7.67347E-01 4.80505E-01 3.71031E-01 2.46640E-01 8.15968E+00
2.55340E-01 3.78568E-01 4.86454E-01 5.43363E-01 5.63668E-01 6.94408E-01 7.76318E-01 4.87738E-01 3.78568E-01 2.55340E-01 8.21622E+00
2.63672E-01 3.85776E-01 4.93342E-01 5.49793E-01 5.70215E-01 7.02107E-01 7.84908E-01 4.94643E-01 3.85776E-01 2.63672E-01 8.26718E+00
2.71658E-01 3.92676E-01 4.99922E-01 5.55933E-01 5.76466E-01 7.09471E-01 7.93138E-01 5.01239E-01 3.92676E-01 2.71658E-01 8.31300E+00
2.79316E-01 3.99283E-01 5.06212E-01 5.61802E-01 5.82440E-01 7.16519E-01 8.01029E-01 5.07545E-01 3.99283E-01 2.79316E-01 8.35412E+00
2.86665E-01 4.05614E-01 5.12228E-01 5.67412E-01 5.88152E-01 7.23268E-01 8.08598E-01 5.13576E-01 4.05614E-01 2.86665E-01 8.39089E+00
2.93723E-01 4.11685E-01 5.17985E-01 5.72780E-01 5.93617E-01 7.29736E-01 8.15864E-01 5.19349E-01 4.11685E-01 2.93723E-01 8.42368E+00
3.00503E-01 4.17509E-01 5.23499E-01 5.77917E-01 5.98846E-01 7.35936E-01 8.22843E-01 5.24876E-01 4.17509E-01 3.00503E-01 8.45278E+00
3.07022E-01 4.23099E-01 5.28780E-01 5.82837E-01 6.03854E-01 7.41884E-01 8.29550E-01 5.30171E-01 4.23099E-01 3.07022E-01 8.47849E+00
3.13293E-01 4.28467E-01 5.33842E-01 5.87549E-01 6.08651E-01 7.47592E-01 8.35998E-01 5.35246E-01 4.28467E-01 3.13293E-01 8.50107E+00
3.19328E-01 4.33624E-01 5.38697E-01 5.92066E-01 6.13249E-01 7.53072E-01 8.42201E-01 5.40112E-01 4.33624E-01 3.19328E-01 8.52074E+00
3.25139E-01 4.38582E-01 5.43354E-01 5.96397E-01 6.17657E-01 7.58337E-01 8.48170E-01 5.44781E-01 4.38582E-01 3.25139E-01 8.53774E+00
3.30736E-01 4.43350E-01 5.47823E-01 6.00550E-01 6.21885E-01 7.63396E-01 8.53918E-01 5.49262E-01 4.43350E-01 3.30736E-01 8.55225E+00
3.36132E-01 4.47936E-01 5.52114E-01 6.04536E-01 6.25942E-01 7.68260E-01 8.59455E-01 5.53564E-01 4.47936E-01 3.36132E-01 8.56446E+00
3.41334E-01 4.52351E-01 5.56236E-01 6.08361E-01 6.29836E-01 7.72938E-01 8.64791E-01 5.57696E-01 4.52351E-01 3.41334E-01 8.57454E+00
3.46353E-01 4.56601E-01 5.60196E-01 6.12034E-01 6.33574E-01 7.77439E-01 8.69935E-01 5.61666E-01 4.56601E-01 3.46353E-01 8.58264E+00
3.51196E-01 4.60695E-01 5.64002E-01 6.15562E-01 6.37165E-01 7.81771E-01 8.74897E-01 5.65482E-01 4.60695E-01 3.51196E-01 8.58891E+00
3.55871E-01 4.64639E-01 5.67662E-01 6.18951E-01 6.40615E-01 7.85942E-01 8.79683E-01 5.69151E-01 4.64639E-01 3.55871E-01 8.59347E+00
3.60387E-01 4.68441E-01 5.71182E-01 6.22208E-01 6.43930E-01 7.89959E-01 8.84303E-01 5.72680E-01 4.68441E-01 3.60387E-01 8.59645E+00
3.64750E-01 4.72107E-01 5.74568E-01 6.25338E-01 6.47117E-01 7.93829E-01 8.88764E-01 5.76075E-01 4.72107E-01 3.64750E-01 8.59796E+00
3.68967E-01 4.75642E-01 5.77826E-01 6.28348E-01 6.50181E-01 7.97558E-01 8.93072E-01 5.79342E-01 4.75642E-01 3.68967E-01 8.59809E+00
3.73044E-01 4.79053E-01 5.80963E-01 6.31243E-01 6.53128E-01 8.01153E-01 8.97234E-01 5.82486E-01 4.79053E-01 3.73044E-01 8.59696E+00
3.76987E-01 4.82344E-01 5.83983E-01 6.34027E-01 6.55962E-01 8.04620E-01 9.01256E-01 5.85514E-01 4.82344E-01 3.76987E-01 8.59464E+00
3.80802E-01 4.85522E-01 5.86891E-01 6.36706E-01 6.58689E-01 8.07964E-01 9.05144E-01 5.88430E-01 4.85522E-01 3.80802E-01 8.59122E+00
3.84493E-01 4.88590E-01 5.89692E-01 6.39284E-01 6.61313E-01 8.11189E-01 9.08904E-01 5.91238E-01 4.88590E-01 3.84493E-01 8.58677E+00
0.00000E+00 0.00000E+00 7.87905E-02 1.55616E-01 1.69534E-01 2.45032E-01 2.87733E-01 7.90666E-02 0.00000E+00 0.00000E+00 8.83228E-01
0.00000E+00 0.00000E+00 1.10754E-01 1.83922E-01 1.98927E-01 2.81797E-01 3.28645E-01 1.11172E-01 0.00000E+00 0.00000E+00 1.75626E+00
0.00000E+00 1.92493E-02 1.39096E-01 2.09399E-01 2.25270E-01 3.14252E-01 3.64680E-01 1.39631E-01 1.92493E-02 0.00000E+00 2.46744E+00
0.00000E+00 4.51179E-02 1.64625E-01 2.32567E-01 2.49163E-01 3.43425E-01 3.97049E-01 1.65262E-01 4.51179E-02 0.00000E+00 3.06769E+00
0.00000E+00 6.87241E-02 1.87812E-01 2.53749E-01 2.70968E-01 3.69897E-01 4.26428E-01 1.88538E-01 6.87241E-02 0.00000E+00 3.59078E+00
0.00000E+00 9.03583E-02 2.08975E-01 2.73182E-01 2.90943E-01 3.94047E-01 4.53244E-01 2.09780E-01 9.03583E-02 0.00000E+00 4.04788E+00
0.00000E+00 1.10264E-01 2.28375E-01 2.91070E-01 3.09307E-01 4.16182E-01 4.77840E-01 2.29252E-01 1.10264E-01 0.00000E+00 4.44857E+00
0.00000E+00 1.28645E-01 2.46229E-01 3.07586E-01 3.26247E-01 4.36553E-01 5.00499E-01 2.47171E-01 1.28645E-01 0.00000E+00 4.80094E+00
7.57096E-03 1.45685E-01 2.62732E-01 3.22899E-01 3.41937E-01 4.55367E-01 5.21437E-01 2.63731E-01 1.45685E-01 7.57096E-03 5.09654E+00
2.60084E-02 1.61546E-01 2.78048E-01 3.37149E-01 3.56524E-01 4.72818E-01 5.40870E-01 2.79100E-01 1.61546E-01 2.60084E-02 5.33584E+00
4.31946E-02 1.76331E-01 2.92283E-01 3.50410E-01 3.70093E-01 4.89056E-01 5.58986E-01 2.93384E-01 1.76331E-01 4.31946E-02 5.54810E+00
5.92513E-02 1.90141E-01 3.05541E-01 3.62774E-01 3.82739E-01 5.04198E-01 5.75912E-01 3.06687E-01 1.90141E-01 5.92513E-02 5.73661E+00
7.42844E-02 2.03064E-01 3.17912E-01 3.74321E-01 3.94547E-01 5.18347E-01 5.91758E-01 3.19101E-01 2.03064E-01 7.42844E-02 5.90419E+00
8.83869E-02 2.15180E-01 3.29478E-01 3.85124E-01 4.05589E-01 5.31591E-01 6.06623E-01 3.30706E-01 2.15180E-01 8.83869E-02 6.05328E+00
1.01640E-01 2.26557E-01 3.40308E-01 3.95245E-01 4.15931E-01 5.44011E-01 6.20590E-01 3.41572E-01 2.26557E-01 1.01640E-01 6.18599E+00
1.14117E-01 2.37257E-01 3.50465E-01 4.04741E-01 4.25633E-01 5.55676E-01 6.33736E-01 3.51764E-01 2.37257E-01 1.14117E-01 6.30414E+00
1.25880E-01 2.47334E-01 3.60005E-01 4.13663E-01 4.34745E-01 5.66648E-01 6.46129E-01 3.61335E-01 2.47334E-01 1.25880E-01 6.40932E+00
1.36988E-01 2.56838E-01 3.68977E-01 4.22055E-01 4.43315E-01 5.76983E-01 6.57827E-01 3.70338E-01 2.56838E-01 1.36988E-01 6.50293E+00
1.47491E-01 2.65812E-01 3.77426E-01 4.29958E-01 4.51384E-01 5.86729E-01 6.68884E-01 3.78815E-01 2.65812E-01 1.47491E-01 6.58619E+00
1.57435E-01 2.74296E-01 3.85391E-01 4.37409E-01 4.58990E-01 5.95932E-01 6.79349E-01 3.86807E-01 2.74296E-01 1.57435E-01 6.66016E+00
1.66861E-01 2.82325E-01 3.92909E-01 4.44441E-01 4.66167E-01 6.04632E-01 6.89265E-01 3.94350E-01 2.82325E-01 1.66861E-01 6.72578E+00
1.75806E-01 2.89933E-01 4.00012E-01 4.51083E-01 4.72946E-01 6.12865E-01 6.98671E-01 4.01476E-01 2.89933E-01 1.75806E-01 6.78388E+00
1.84304E-01 2.97148E-01 4.06730E-01 4.57363E-01 4.79354E-01 6.20664E-01 7.07602E-01 4.08216E-01 2.97148E-01 1.84304E-01 6.83521E+00
1.92386E-01 3.03998E-01 4.13088E-01 4.63306E-01 4.85418E-01 6.28058E-01 7.16092E-01 4.14596E-01 3.03998E-01 1.92386E-01 6.88042E+00
2.00079E-01 3.10505E-01 4.19112E-01 4.68935E-01 4.91159E-01 6.35076E-01 7.24168E-01 4.20640E-01 3.10505E-01 2.00079E-01 6.92008E+00
2.07409E-01 3.16694E-01 4.24824E-01 4.74269E-01 4.96600E-01 6.41740E-01 7.31858E-01 4.26371E-01 3.16694E-01 2.07409E-01 6.95472E+00
2.14398E-01 3.22583E-01 4.30244E-01 4.79328E-01 5.01760E-01 6.48075E-01 7.39186E-01 4.31809E-01 3.22583E-01 2.14398E-01 6.98480E+00
2.21069E-01 3.28192E-01 4.35390E-01 4.84129E-01 5.06656E-01 6.54101E-01 7.46176E-01 4.36972E-01 3.28192E-01 2.21069E-01 7.01074E+00
2.27441E-01 3.33538E-01 4.40281E-01 4.88688E-01 5.11305E-01 6.59837E-01 7.52846E-01 4.41878E-01 3.33538E-01 2.27441E-01 7.03290E+00
2.33531E-01 3.38636E-01 4.44930E-01 4.93020E-01 5.15722E-01 6.65300E-01 7.59217E-01 4.46543E-01 3.38636E-01 2.33531E-01 7.05163E+00
2.39356E-01 3.43501E-01 4.49353E-01 4.97138E-01 5.19921E-01 6.70508E-01 7.65307E-01 4.50981E-01 3.43501E-01 2.39356E-01 7.06722E+00
2.44932E-01 3.48147E-01 4.53563E-01 5.01055E-01 5.23914E-01 6.75473E-01 7.71130E-01 4.55205E-01 3.48147E-01 2.44932E-01 7.07996E+00
2.50272E-01 3.52587E-01 4.57573E-01 5.04783E-01 5.27714E-01 6.80212E-01 7.76702E-01 4.59228E-01 3.52587E-01 2.50272E-01 7.09007E+00
2.55390E-01 3.56830E-01 4.61394E-01 5.08332E-01 5.31331E-01 6.84735E-01 7.82037E-01 4.63061E-01 3.56830E-01 2.55390E-01 7.09780E+00
2.60298E-01 3.60890E-01 4.65036E-01 5.11711E-01 5.34776E-01 6.89056E-01 7.87148E-01 4.66715E-01 3.60890E-01 2.60298E-01 7.10334E+00
2.65006E-01 3.64774E-01 4.68510E-01 5.14932E-01 5.38058E-01 6.93185E-01 7.92047E-01 4.70200E-01 3.64774E-01 2.65006E-01 7.10687E+00
2.69527E-01 3.68494E-01 4.71824E-01 5.18001E-01 5.41186E-01 6.97132E-01 7.96745E-01 4.73525E-01 3.68494E-01 2.69527E-01 7.10857E+00
2.73869E-01 3.72056E-01 4.74987E-01 5.20927E-01 5.44168E-01 7.00907E-01 8.01252E-01 4.76699E-01 3.72056E-01 2.73869E-01 7.10858E+00
2.78041E-01 3.75470E-01 4.78007E-01 5.23718E-01 5.47011E-01 7.04519E-01 8.05578E-01 4.79729E-01 3.75470E-01 2.78041E-01 7.10705E+00
2.82052E-01 3.78743E-01 4.80892E-01 5.26380E-01 5.49724E-01 7.07976E-01 8.09732E-01 4.82623E-01 3.78743E-01 2.82052E-01 7.10410E+00
2.85910E-01 3.81881E-01 4.83648E-01 5.28921E-01 5.52312E-01 7.11286E-01 8.13722E-01 4.85387E-01 3.81881E-01 2.85910E-01 7.09984E+00
2.89622E-01 3.84892E-01 4.86282E-01 5.31346E-01 5.54782E-01 7.14457E-01 8.17557E-01 4.88029E-01 3.84892E-01 2.89622E-01 7.09440E+00
2.93196E-01 3.87782E-01 4.88799E-01 5.33660E-01 5.57139E-01 7.17494E-01 8.21243E-01 4.90555E-01 3.87782E-01 2.93196E-01 7.08785E+00
2.96638E-01 3.90557E-01 4.91206E-01 5.35870E-01 5.59390E-01 7.20405E-01 8.24788E-01 4.92970E-01 3.90557E-01 2.96638E-01 7.08029E+00
2.99954E-01 3.93221E-01 4.93508E-01 5.37980E-01 5.61539E-01 7.23195E-01 8.28199E-01 4.95279E-01 3.93221E-01 2.99954E-01 7.07181E+00
3.03149E-01 3.95780E-01 4.95710E-01 5.39996E-01 5.63592E-01 7.25870E-01 8.31481E-01 4.97488E-01 3.95780E-01 3.03149E-01 7.06248E+00
3.06230E-01 3.98240E-01 4.97817E-01 5.41920E-01 5.65552E-01 7.28435E-01 8.34640E-01 4.99601E-01 3.98240E-01 3.06230E-01 7.05237E+00
3.09202E-01 4.00603E-01 4.99832E-01 5.43759E-01 5.67424E-01 7.30896E-01 8.37682E-01 5.01623E-01 4.00603E-01 3.09202E-01 7.04154E+00
3.12068E-01 4.02876E-01 5.01761E-01 5.45516E-01 5.69212E-01 7.33257E-01 8.40612E-01 5.03558E-01 4.02876E-01 3.12068E-01 7.03005E+00
3.14835E-01 4.05061E-01 5.03607E-01 5.47193E-01 5.70921E-01 7.35523E-01 8.43435E-01 5.05409E-01 4.05061E-01 3.14835E-01 7.01795E+00
0.00000E+00 0.00000E+00 8.85469E-02 1.51832E-01 1.68692E-01 2.59216E-01 3.06534E-01 8.90393E-02 0.00000E+00 0.00000E+00 1.15934E+00
0.00000E+00 0.00000E+00 1.17486E-01 1.77968E-01 1.95885E-01 2.94291E-01 3.46479E-01 1.18149E-01 0.00000E+00 0.00000E+00 1.93934E+00
0.00000E+00 1.75869E-02 1.42633E-01 2.00946E-01 2.19696E-01 3.24583E-01 3.80940E-01 1.43435E-01 1.75869E-02 0.00000E+00 2.55406E+00
0.00000E+00 4.08903E-02 1.64905E-01 2.21449E-01 2.40886E-01 3.51334E-01 4.11387E-01 1.65825E-01 4.08903E-02 0.00000E+00 3.05913E+00
0.00000E+00 6.18516E-02 1.84835E-01 2.39891E-01 2.59912E-01 3.75243E-01 4.38639E-01 1.85858E-01 6.18516E-02 0.00000E+00 3.48976E+00
0.00000E+00 8.08246E-02 2.02789E-01 2.56573E-01 2.77096E-01 3.96769E-01 4.63214E-01 2.03902E-01 8.08246E-02 0.00000E+00 3.85862E+00
0.00000E+00 9.80913E-02 2.19057E-01 2.71735E-01 2.92695E-01 4.16267E-01 4.85515E-01 2.20250E-01 9.80913E-02 0.00000E+00 4.17597E+00
0.00000E+00 1.13879E-01 2.33870E-01 2.85575E-01 3.06920E-01 4.34023E-01 5.05863E-01 2.35134E-01 1.13879E-01 0.00000E+00 4.45010E+00
6.54327E-03 1.28388E-01 2.47434E-01 2.98280E-01 3.19963E-01 4.50263E-01 5.24499E-01 2.48762E-01 1.28388E-01 6.54327E-03 4.67448E+00
2.23979E-02 1.41786E-01 2.59915E-01 3.09994E-01 3.31976E-01 4.65192E-01 5.41654E-01 2.61300E-01 1.41786E-01 2.23979E-02 4.85013E+00
3.70748E-02 1.54178E-01 2.71409E-01 3.20791E-01 3.43044E-01 4.78964E-01 5.57529E-01 2.72847E-01 1.54178E-01 3.70748E-02 5.00294E+00
5.06986E-02 1.65667E-01 2.82023E-01 3.30767E-01 3.53265E-01 4.91703E-01 5.72257E-01 2.83508E-01 1.65667E-01 5.06986E-02 5.13596E+00
6.33764E-02 1.76344E-01 2.91844E-01 3.40003E-01 3.62724E-01 5.03514E-01 5.85954E-01 2.93374E-01 1.76344E-01 6.33764E-02 5.25177E+00
7.52008E-02 1.86286E-01 3.00952E-01 3.48570E-01 3.71494E-01 5.14488E-01 5.98722E-01 3.02523E-01 1.86286E-01 7.52008E-02 5.35256E+00
8.62523E-02 1.95563E-01 3.09414E-01 3.56531E-01 3.79642E-01 5.24704E-01 6.10647E-01 3.11022E-01 1.95563E-01 8.62523E-02 5.44021E+00
9.66015E-02 2.04233E-01 3.17290E-01 3.63941E-01 3.87222E-01 5.34232E-01 6.21805E-01 3.18933E-01 2.04233E-01 9.66015E-02 5.51632E+00
1.06310E-01 2.12351E-01 3.24633E-01 3.70848E-01 3.94286E-01 5.43133E-01 6.32265E-01 3.26308E-01 2.12351E-01 1.06310E-01 5.58225E+00
1.15434E-01 2.19963E-01 3.31488E-01 3.77296E-01 4.00878E-01 5.51461E-01 6.42085E-01 3.33193E-01 2.19963E-01 1.15434E-01 5.63921E+00
1.24020E-01 2.27111E-01 3.37897E-01 3.83322E-01 4.07037E-01 5.59264E-01 6.51318E-01 3.39630E-01 2.27111E-01 1.24020E-01 5.68822E+00
1.32113E-01 2.33831E-01 3.43896E-01 3.88960E-01 4.12798E-01 5.66585E-01 6.60012E-01 3.45655E-01 2.33831E-01 1.32113E-01 5.73018E+00
1.39751E-01 2.40158E-01 3.49518E-01 3.94242E-01 4.18194E-01 5.73462E-01 6.68209E-01 3.51301E-01 2.40158E-01 1.39751E-01 5.76587E+00
1.46969E-01 2.46122E-01 3.54793E-01 3.99194E-01 4.23251E-01 5.79928E-01 6.75945E-01 3.56598E-01 2.46122E-01 1.46969E-01 5.79598E+00
1.53797E-01 2.51748E-01 3.59747E-01 4.03842E-01 4.27997E-01 5.86016E-01 6.83256E-01 3.61573E-01 2.51748E-01 1.53797E-01 5.82110E+00
1.60265E-01 2.57063E-01 3.64403E-01 4.08208E-01 4.32453E-01 5.91753E-01 6.90171E-01 3.66249E-01 2.57063E-01 1.60265E-01 5.84176E+00
1.66398E-01 2.62087E-01 3.68784E-01 4.12312E-01 4.36641E-01 5.97163E-01 6.96720E-01 3.70649E-01 2.62087E-01 1.66398E-01 5.85843E+00
1.72218E-01 2.66842E-01 3.72909E-01 4.16173E-01 4.40579E-01 6.02270E-01 7.02926E-01 3.74791E-01 2.66842E-01 1.72218E-01 5.87151E+00
1.77748E-01 2.71344E-01 3.76795E-01 4.19807E-01 4.44286E-01 6.07095E-01 7.08814E-01 3.78694E-01 2.71344E-01 1.77748E-01 5.88139E+00
1.83006E-01 2.75612E-01 3.80460E-01 4.23230E-01 4.47776E-01 6.11656E-01 7.14403E-01 3.82373E-01 2.75612E-01 1.83006E-01 5.88837E+00
1.88009E-01 2.79660E-01 3.83918E-01 4.26456E-01 4.51065E-01 6.15971E-01 7.19713E-01 3.85845E-01 2.79660E-01 1.88009E-01 5.89276E+00
1.92775E-01 2.83503E-01 3.87182E-01 4.29497E-01 4.54164E-01 6.20056E-01 7.24762E-01 3.89122E-01 2.83503E-01 1.92775E-01 5.89480E+00
1.97317E-01 2.87153E-01 3.90264E-01 4.32366E-01 4.57087E-01 6.23925E-01 7.29566E-01 3.92217E-01 2.87153E-01 1.97317E-01 5.89473E+00
2.01649E-01 2.90621E-01 3.93177E-01 4.35073E-01 4.59845E-01 6.27592E-01 7.34140E-01 3.95142E-01 2.90621E-01 2.01649E-01 5.89276E+00
2.05785E-01 2.93920E-01 3.95931E-01 4.37629E-01 4.62447E-01 6.31069E-01 7.38497E-01 3.97907E-01 2.93920E-01 2.05785E-01 5.88908E+00
2.09734E-01 2.97059E-01 3.98536E-01 4.40042E-01 4.64903E-01 6.34367E-01 7.42649E-01 4.00521E-01 2.97059E-01 2.09734E-01 5.88384E+00
2.13509E-01 3.00047E-01 4.00999E-01 4.42321E-01 4.67223E-01 6.37496E-01 7.46610E-01 4.02995E-01 3.00047E-01 2.13509E-01 5.87720E+00
2.17118E-01 3.02893E-01 4.03331E-01 4.44474E-01 4.69413E-01 6.40467E-01 7.50389E-01 4.05335E-01 3.02893E-01 2.17118E-01 5.86930E+00
2.20572E-01 3.05605E-01 4.05538E-01 4.46508E-01 4.71482E-01 6.43289E-01 7.53997E-01 4.07551E-01 3.05605E-01 2.20572E-01 5.86025E+00
2.23878E-01 3.08191E-01 4.07628E-01 4.48430E-01 4.73436E-01 6.45970E-01 7.57442E-01 4.09648E-01 3.08191E-01 2.23878E-01 5.85018E+00
2.27044E-01 3.10656E-01 4.09606E-01 4.50246E-01 4.75282E-01 6.48517E-01 7.60734E-01 4.11634E-01 3.10656E-01 2.27044E-01 5.83917E+00
2.30079E-01 3.13009E-01 4.11480E-01 4.51963E-01 4.77026E-01 6.50938E-01 7.63880E-01 4.13515E-01 3.13009E-01 2.30079E-01 5.82733E+00
2.32988E-01 3.15254E-01 4.13255E-01 4.53585E-01 4.78673E-01 6.53240E-01 7.66889E-01 4.15296E-01 3.15254E-01 2.32988E-01 5.81473E+00
2.35778E-01 3.17398E-01 4.14937E-01 4.55118E-01 4.80229E-01 6.55428E-01 7.69766E-01 4.16984E-01 3.17398E-01 2.35778E-01 5.80144E+00
2.38455E-01 3.19445E-01 4.16529E-01 4.56566E-01 4.81699E-01 6.57510E-01 7.72519E-01 4.18582E-01 3.19445E-01 2.38455E-01 5.78755E+00
2.41026E-01 3.21400E-01 4.18038E-01 4.57934E-01 4.83087E-01 6.59489E-01 7.75155E-01 4.20096E-01 3.21400E-01 2.41026E-01 5.77310E+00
2.43494E-01 3.23268E-01 4.19467E-01 4.59226E-01 4.84396E-01 6.61372E-01 7.77677E-01 4.21530E-01 3.23268E-01 2.43494E-01 5.75816E+00
2.45864E-01 3.25054E-01 4.20821E-01 4.60446E-01 4.85633E-01 6.63163E-01 7.80093E-01 4.22887E-01 3.25054E-01 2.45864E-01 5.74277E+00
2.48143E-01 3.26761E-01 4.22102E-01 4.61597E-01 4.86799E-01 6.64867E-01 7.82407E-01 4.24173E-01 3.26761E-01 2.48143E-01 5.72699E+00
2.50333E-01 3.28393E-01 4.23316E-01 4.62684E-01 4.87899E-01 6.66487E-01 7.84624E-01 4.25391E-01 3.28393E-01 2.50333E-01 5.71086E+00
2.52439E-01 3.29954E-01 4.24465E-01 4.63708E-01 4.88935E-01 6.68029E-01 7.86748E-01 4.26543E-01 3.29954E-01 2.52439E-01 5.69441E+00
2.54465E-01 3.31446E-01 4.25552E-01 4.64674E-01 4.89912E-01 6.69495E-01 7.88784E-01 4.27633E-01 3.31446E-01 2.54465E-01 5.67769E+00
0.00000E+00 0.00000E+00 9.69187E-02 1.48731E-01 1.68774E-01 2.76749E-01 3.30085E-01 9.77506E-02 0.00000E+00 0.00000E+00 1.41570E+00
0.00000E+00 0.00000E+00 1.22357E-01 1.72273E-01 1.93307E-01 3.09572E-01 3.68604E-01 1.23387E-01 0.00000E+00 0.00000E+00 2.08982E+00
0.00000E+00 1.58140E-02 1.44023E-01 1.92498E-01 2.14299E-01 3.37316E-01 4.01179E-01 1.45212E-01 1.58140E-02 0.00000E+00 2.60272E+00
0.00000E+00 3.64785E-02 1.62883E-01 2.10198E-01 2.32622E-01 3.61384E-01 4.29499E-01 1.64204E-01 3.64785E-02 0.00000E+00 3.01194E+00
0.00000E+00 5.48010E-02 1.79500E-01 2.25852E-01 2.48796E-01 3.82567E-01 4.54500E-01 1.80934E-01 5.48010E-02 0.00000E+00 3.35259E+00
0.00000E+00 7.11794E-02 1.94264E-01 2.39800E-01 2.63185E-01 4.01378E-01 4.76773E-01 1.95797E-01 7.11794E-02 0.00000E+00 3.63788E+00
0.00000E+00 8.59198E-02 2.07476E-01 2.52308E-01 2.76071E-01 4.18207E-01 4.96768E-01 2.09093E-01 8.59198E-02 0.00000E+00 3.87805E+00
0.00000E+00 9.92629E-02 2.19367E-01 2.63586E-01 2.87674E-01 4.33359E-01 5.14832E-01 2.21059E-01 9.92629E-02 0.00000E+00 4.08113E+00
5.57407E-03 1.11416E-01 2.30145E-01 2.73825E-01 2.98195E-01 4.47074E-01 5.31224E-01 2.31904E-01 1.11416E-01 5.57407E-03 4.24200E+00
1.90119E-02 1.22546E-01 2.39969E-01 2.83169E-01 3.07784E-01 4.59558E-01 5.46185E-01 2.41786E-01 1.22546E-01 1.90119E-02 4.36195E+00
3.13649E-02 1.32756E-01 2.48924E-01 2.91689E-01 3.16522E-01 4.70966E-01 5.59920E-01 2.50793E-01 1.32756E-01 3.13649E-02 4.46346E+00
4.27564E-02 1.42150E-01 2.57110E-01 2.99478E-01 3.24505E-01 4.81421E-01 5.72569E-01 2.59027E-01 1.42150E-01 4.27564E-02 4.54923E+00
5.32912E-02 1.50815E-01 2.64612E-01 3.06617E-01 3.31816E-01 4.91029E-01 5.84250E-01 2.66572E-01 1.50815E-01 5.32912E-02 4.62150E+00
6.30590E-02 1.58828E-01 2.71503E-01 3.13173E-01 3.38527E-01 4.99879E-01 5.95062E-01 2.73503E-01 1.58828E-01 6.30590E-02 4.68217E+00
7.21371E-02 1.66253E-01 2.77847E-01 3.19206E-01 3.44698E-01 5.08048E-01 6.05095E-01 2.79881E-01 1.66253E-01 7.21371E-02 4.73280E+00
8.05924E-02 1.73148E-01 2.83697E-01 3.24767E-01 3.50383E-01 5.15604E-01 6.14422E-01 2.85763E-01 1.73148E-01 8.05924E-02 4.77474E+00
8.84835E-02 1.79562E-01 2.89100E-01 3.29900E-01 3.55628E-01 5.22605E-01 6.23111E-01 2.91197E-01 1.79562E-01 8.84835E-02 4.80913E+00
9.58617E-02 1.85539E-01 2.94100E-01 3.34646E-01 3.60474E-01 5.29103E-01 6.31218E-01 2.96223E-01 1.85539E-01 9.58617E-02 4.83693E+00
1.02772E-01 1.91117E-01 2.98731E-01 3.39039E-01 3.64957E-01 5.35142E-01 6.38795E-01 3.00879E-01 1.91117E-01 1.02772E-01 4.85898E+00
1.09255E-01 1.96331E-01 3.03028E-01 3.43110E-01 3.69109E-01 5.40762E-01 6.45888E-01 3.05198E-01 1.96331E-01 1.09255E-01 4.87599E+00
1.15345E-01 2.01211E-01 3.07018E-01 3.46886E-01 3.72959E-01 5.45998E-01 6.52535E-01 3.09208E-01 2.01211E-01 1.15345E-01 4.88858E+00
1.21075E-01 2.05783E-01 3.10726E-01 3.50393E-01 3.76530E-01 5.50883E-01 6.58773E-01 3.12936E-01 2.05783E-01 1.21075E-01 4.89729E+00
1.26472E-01 2.10073E-01 3.14177E-01 3.53651E-01 3.79847E-01 5.55445E-01 6.64633E-01 3.16404E-01 2.10073E-01 1.26472E-01 4.90258E+00
1.31562E-01 2.14102E-01 3.17391E-01 3.56680E-01 3.82929E-01 5.59708E-01 6.70145E-01 3.19633E-01 2.14102E-01 1.31562E-01 4.90485E+00
1.36369E-01 2.17890E-01 3.20385E-01 3.59499E-01 3.85794E-01 5.63696E-01 6.75335E-01 3.22642E-01 2.17890E-01 1.36369E-01 4.90447E+00
1.40912E-01 2.21454E-01 3.23178E-01 3.62123E-01 3.88459E-01 5.67429E-01 6.80226E-01 3.25447E-01 2.21454E-01 1.40912E-01 4.90174E+00
1.45211E-01 2.24811E-01 3.25783E-01 3.64566E-01 3.90939E-01 5.70926E-01 6.84839E-01 3.28064E-01 2.24811E-01 1.45211E-01 4.89693E+00
1.49282E-01 2.27975E-01 3.28214E-01 3.66842E-01 3.93248E-01 5.74204E-01 6.89193E-01 3.30506E-01 2.27975E-01 1.49282E-01 4.89029E+00
1.53141E-01 2.30960E-01 3.30485E-01 3.68963E-01 3.95397E-01 5.77278E-01 6.93306E-01 3.32787E-01 2.30960E-01 1.53141E-01 4.88203E+00
1.56803E-01 2.33777E-01 3.32605E-01 3.70939E-01 3.97398E-01 5.80161E-01 6.97195E-01 3.34916E-01 2.33777E-01 1.56803E-01 4.87233E+00
1.60279E-01 2.36438E-01 3.34587E-01 3.72781E-01 3.99261E-01 5.82868E-01 7.00872E-01 3.36906E-01 2.36438E-01 1.60279E-01 4.86137E+00
1.63583E-01 2.38953E-01 3.36438E-01 3.74497E-01 4.00996E-01 5.85409E-01 7.04353E-01 3.38764E-01 2.38953E-01 1.63583E-01 4.84928E+00
1.66724E-01 2.41331E-01 3.38168E-01 3.76096E-01 4.02611E-01 5.87795E-01 7.07650E-01 3.40501E-01 2.41331E-01 1.66724E-01 4.83621E+00
1.69712E-01 2.43581E-01 3.39785E-01 3.77586E-01 4.04113E-01 5.90037E-01 7.10773E-01 3.42124E-01 2.43581E-01 1.69712E-01 4.82226E+00
1.72558E-01 2.45711E-01 3.41295E-01 3.78974E-01 4.05511E-01 5.92143E-01 7.13733E-01 3.43639E-01 2.45711E-01 1.72558E-01 4.80755E+00
1.75269E-01 2.47728E-01 3.42706E-01 3.80265E-01 4.06810E-01 5.94121E-01 7.16540E-01 3.45055E-01 2.47728E-01 1.75269E-01 4.79216E+00
1.77854E-01 2.49638E-01 3.44024E-01 3.81467E-01 4.08017E-01 5.95980E-01 7.19203E-01 3.46377E-01 2.49638E-01 1.77854E-01 4.77618E+00
1.80319E-01 2.51449E-01 3.45255E-01 3.82584E-01 4.09138E-01 5.97726E-01 7.21730E-01 3.47611E-01 2.51449E-01 1.80319E-01 4.75969E+00
1.82671E-01 2.53165E-01 3.46404E-01 3.83622E-01 4.10178E-01 5.99366E-01 7.24129E-01 3.48763E-01 2.53165E-01 1.82671E-01 4.74275E+00
1.84917E-01 2.54792E-01 3.47475E-01 3.84585E-01 4.11142E-01 6.00906E-01 7.26407E-01 3.49837E-01 2.54792E-01 1.84917E-01 4.72542E+00
1.87062E-01 2.56336E-01 3.48473E-01 3.85479E-01 4.12034E-01 6.02352E-01 7.28570E-01 3.50837E-01 2.56336E-01 1.87062E-01 4.70776E+00
1.89112E-01 2.57800E-01 3.49404E-01 3.86306E-01 4.12858E-01 6.03710E-01 7.30624E-01 3.51769E-01 2.57800E-01 1.89112E-01 4.68981E+00
1.91072E-01 2.59189E-01 3.50269E-01 3.87071E-01 4.13619E-01 6.04983E-01 7.32576E-01 3.52636E-01 2.59189E-01 1.91072E-01 4.67162E+00
1.92946E-01 2.60507E-01 3.51074E-01 3.87778E-01 4.14319E-01 6.06177E-01 7.34430E-01 3.53442E-01 2.60507E-01 1.92946E-01 4.65323E+00
1.94739E-01 2.61758E-01 3.51821E-01 3.88429E-01 4.14963E-01 6.07297E-01 7.36193E-01 3.54190E-01 2.61758E-01 1.94739E-01 4.63467E+00
1.96455E-01 2.62946E-01 3.52514E-01 3.89028E-01 4.15554E-01 6.08345E-01 7.37867E-01 3.54884E-01 2.62946E-01 1.96455E-01 4.61597E+00
1.98098E-01 2.64073E-01 3.53156E-01 3.89577E-01 4.16094E-01 6.09326E-01 7.39459E-01 3.55525E-01 2.64073E-01 1.98098E-01 4.59717E+00
1.99672E-01 2.65143E-01 3.53750E-01 3.90080E-01 4.16586E-01 6.10243E-01 7.40971E-01 3.56119E-01 2.65143E-01 1.99672E-01 4.57828E+00
2.01179E-01 2.66158E-01 3.54297E-01 3.90538E-01 4.17033E-01 6.11099E-01 7.42408E-01 3.56666E-01 2.66158E-01 2.01179E-01 4.55934E+00
2.02623E-01 2.67122E-01 3.54801E-01 3.90955E-01 4.17438E-01 6.11899E-01 7.43773E-01 3.57169E-01 2.67122E-01 2.02623E-01 4.54037E+00
0.00000E+00 0.00000E+00 1.03019E-01 1.46026E-01 1.69473E-01 2.97526E-01 3.58822E-01 1.04363E-01 0.00000E+00 0.00000E+00 1.63129E+00
0.00000E+00 0.00000E+00 1.24541E-01 1.66555E-01 1.90883E-01 3.27473E-01 3.95379E-01 1.26105E-01 0.00000E+00 0.00000E+00 2.19048E+00
0.00000E+00 1.39487E-02 1.42513E-01 1.83792E-01 2.08784E-01 3.52253E-01 4.25707E-01 1.44248E-01 1.39487E-02 0.00000E+00 2.59975E+00
0.00000E+00 3.19314E-02 1.57883E-01 1.98584E-01 2.24101E-01 3.73364E-01 4.51659E-01 1.59757E-01 3.19314E-02 0.00000E+00 2.91559E+00
0.00000E+00 4.76528E-02 1.71205E-01 2.11434E-01 2.37377E-01 3.91646E-01 4.74257E-01 1.73195E-01 4.76528E-02 0.00000E+00 3.17139E+00
0.00000E+00 6.15326E-02 1.82867E-01 2.22700E-01 2.48995E-01 4.07646E-01 4.94143E-01 1.84956E-01 6.15326E-02 0.00000E+00 3.37994E+00
0.00000E+00 7.38857E-02 1.93159E-01 2.32655E-01 2.59242E-01 4.21770E-01 5.11796E-01 1.95332E-01 7.38857E-02 0.00000E+00 3.55083E+00
0.00000E+00 8.49547E-02 2.02305E-01 2.41506E-01 2.68338E-01 4.34326E-01 5.27580E-01 2.04550E-01 8.49547E-02 0.00000E+00 3.69136E+00
4.66887E-03 9.49445E-02 2.10501E-01 2.49443E-01 2.76480E-01 4.45557E-01 5.41764E-01 2.12807E-01 9.49445E-02 4.66887E-03 3.79746E+00
1.58676E-02 1.04016E-01 2.17890E-01 2.56602E-01 2.83811E-01 4.55666E-01 5.54587E-01 2.20250E-01 1.04016E-01 1.58676E-02 3.87035E+00
2.60904E-02 1.12269E-01 2.24545E-01 2.63046E-01 2.90401E-01 4.64800E-01 5.66261E-01 2.26951E-01 1.12269E-01 2.60904E-02 3.92919E+00
3.54554E-02 1.19800E-01 2.30555E-01 2.68863E-01 2.96343E-01 4.73080E-01 5.76922E-01 2.33003E-01 1.19800E-01 3.54554E-02 3.97622E+00
4.40618E-02 1.26694E-01 2.35998E-01 2.74126E-01 3.01714E-01 4.80607E-01 5.86688E-01 2.38482E-01 1.26694E-01 4.40618E-02 4.01329E+00
5.19939E-02 1.33021E-01 2.40938E-01 2.78900E-01 3.06578E-01 4.87465E-01 5.95658E-01 2.43455E-01 1.33021E-01 5.19939E-02 4.04194E+00
5.93237E-02 1.38841E-01 2.45432E-01 2.83237E-01 3.10992E-01 4.93728E-01 6.03916E-01 2.47977E-01 1.38841E-01 5.93237E-02 4.06342E+00
6.61130E-02 1.44208E-01 2.49527E-01 2.87184E-01 3.15004E-01 4.99459E-01 6.11536E-01 2.52096E-01 1.44208E-01 6.61130E-02 4.07879E+00
7.24155E-02 1.49167E-01 2.53264E-01 2.90781E-01 3.18654E-01 5.04712E-01 6.18581E-01 2.55856E-01 1.49167E-01 7.24155E-02 4.08895E+00
7.82780E-02 1.53756E-01 2.56679E-01 2.94063E-01 3.21980E-01 5.09534E-01 6.25106E-01 2.59290E-01 1.53756E-01 7.82780E-02 4.09464E+00
8.37412E-02 1.58010E-01 2.59804E-01 2.97060E-01 3.25013E-01 5.13966E-01 6.31159E-01 2.62432E-01 1.58010E-01 8.37412E-02 4.09649E+00
8.88412E-02 1.61961E-01 2.62666E-01 2.99799E-01 3.27781E-01 5.18044E-01 6.36783E-01 2.65308E-01 1.61961E-01 8.88412E-02 4.09505E+00
9.36097E-02 1.65634E-01 2.65289E-01 3.02304E-01 3.30307E-01 5.21801E-01 6.42014E-01 2.67944E-01 1.65634E-01 9.36097E-02 4.09077E+00
9.80749E-02 1.69053E-01 2.67694E-01 3.04596E-01 3.32614E-01 5.25265E-01 6.46887E-01 2.70360E-01 1.69053E-01 9.80749E-02 4.08404E+00
1.02262E-01 1.72241E-01 2.69902E-01 3.06693E-01 3.34722E-01 5.28460E-01 6.51431E-01 2.72577E-01 1.72241E-01 1.02262E-01 4.07521E+00
1.06193E-01 1.75215E-01 2.71928E-01 3.08612E-01 3.36646E-01 5.31409E-01 6.55672E-01 2.74611E-01 1.75215E-01 1.06193E-01 4.06457E+00
1.09889E-01 1.77993E-01 2.73788E-01 3.10368E-01 3.38403E-01 5.34133E-01 6.59635E-01 2.76478E-01 1.77993E-01 1.09889E-01 4.05237E+00
1.13366E-01 1.80590E-01 2.75495E-01 3.11975E-01 3.40006E-01 5.36648E-01 6.63340E-01 2.78191E-01 1.80590E-01 1.13366E-01 4.03883E+00
1.16643E-01 1.83020E-01 2.77063E-01 3.13443E-01 3.41468E-01 5.38973E-01 6.66807E-01 2.79763E-01 1.83020E-01 1.16643E-01 4.02414E+00
1.19732E-01 1.85296E-01 2.78501E-01 3.14785E-01 3.42800E-01 5.41120E-01 6.70053E-01 2.81204E-01 1.85296E-01 1.19732E-01 4.00846E+00
1.22649E-01 1.87428E-01 2.79820E-01 3.16010E-01 3.44012E-01 5.43104E-01 6.73094E-01 2.82525E-01 1.87428E-01 1.22649E-01 3.99194E+00
1.25404E-01 1.89427E-01 2.81029E-01 3.17126E-01 3.45113E-01 5.44936E-01 6.75945E-01 2.83736E-01 1.89427E-01 1.25404E-01 3.97470E+00
1.28009E-01 1.91303E-01 2.82136E-01 3.18142E-01 3.46111E-01 5.46628E-01 6.78618E-01 2.84843E-01 1.91303E-01 1.28009E-01 3.95686E+00
1.30474E-01 1.93063E-01 2.83148E-01 3.19065E-01 3.47015E-01 5.48189E-01 6.81125E-01 2.85856E-01 1.93063E-01 1.30474E-01 3.93851E+00
1.32808E-01 1.94716E-01 2.84073E-01 3.19903E-01 3.47830E-01 5.49628E-01 6.83478E-01 2.86780E-01 1.94716E-01 1.32808E-01 3.91974E+00
1.35020E-01 1.96268E-01 2.84916E-01 3.20660E-01 3.48563E-01 5.50955E-01 6.85687E-01 2.87622E-01 1.96268E-01 1.35020E-01 3.90062E+00
1.37117E-01 1.97727E-01 2.85683E-01 3.21343E-01 3.49221E-01 5.52175E-01 6.87760E-01 2.88388E-01 1.97727E-01 1.37117E-01 3.88121E+00
1.39107E-01 1.99098E-01 2.86380E-01 3.21957E-01 3.49807E-01 5.53297E-01 6.89707E-01 2.89083E-01 1.99098E-01 1.39107E-01 3.86158E+00
1.40996E-01 2.00387E-01 2.87012E-01 3.22506E-01 3.50328E-01 5.54327E-01 6.91534E-01 2.89711E-01 2.00387E-01 1.40996E-01 3.84178E+00
1.42790E-01 2.01599E-01 2.87582E-01 3.22995E-01 3.50788E-01 5.55270E-01 6.93249E-01 2.90278E-01 2.01599E-01 1.42790E-01 3.82184E+00
1.44495E-01 2.02738E-01 2.88094E-01 3.23428E-01 3.51190E-01 5.56133E-01 6.94860E-01 2.90787E-01 2.02738E-01 1.44495E-01 3.80182E+00
1.46115E-01 2.03810E-01 2.88554E-01 3.23808E-01 3.51538E-01 5.56920E-01 6.96371E-01 2.91243E-01 2.03810E-01 1.46115E-01 3.78174E+00
1.47657E-01 2.04818E-01 2.88963E-01 3.24140E-01 3.51836E-01 5.57636E-01 6.97789E-01 2.91648E-01 2.04818E-01 1.47657E-01 3.76164E+00
1.49124E-01 2.05765E-01 2.89325E-01 3.24425E-01 3.52088E-01 5.58285E-01 6.99119E-01 2.92005E-01 2.05765E-01 1.49124E-01 3.74154E+00
1.50520E-01 2.06656E-01 2.89644E-01 3.24668E-01 3.52296E-01 5.58871E-01 7.00366E-01 2.92319E-01 2.06656E-01 1.50520E-01 3.72146E+00
1.51849E-01 2.07493E-01 2.89921E-01 3.24870E-01 3.52463E-01 5.59399E-01 7.01535E-01 2.92591E-01 2.07493E-01 1.51849E-01 3.70143E+00
1.53115E-01 2.08280E-01 2.90160E-01 3.25034E-01 3.52591E-01 5.59871E-01 7.02630E-01 2.92824E-01 2.08280E-01 1.53115E-01 3.68147E+00
1.54322E-01 2.09019E-01 2.90362E-01 3.25163E-01 3.52684E-01 5.60291E-01 7.03654E-01 2.93021E-01 2.09019E-01 1.54322E-01 3.66160E+00
1.55471E-01 2.09713E-01 2.90530E-01 3.25259E-01 3.52742E-01 5.60661E-01 7.04612E-01 2.93183E-01 2.09713E-01 1.55471E-01 3.64182E+00
1.56567E-01 2.10365E-01 2.90667E-01 3.25324E-01 3.52769E-01 5.60985E-01 7.05507E-01 2.93314E-01 2.10365E-01 1.56567E-01 3.62214E+00
1.57612E-01 2.10976E-01 2.90773E-01 3.25359E-01 3.52766E-01 5.61265E-01 7.06343E-01 2.93414E-01 2.10976E-01 1.57612E-01 3.60259E+00
1.58609E-01 2.11549E-01 2.90851E-01 3.25367E-01 3.52735E-01 5.61504E-01 7.07122E-01 2.93485E-01 2.11549E-01 1.58609E-01 3.58317E+00
0.00000E+00 0.00000E+00 1.05823E-01 1.43294E-01 1.70343E-01 3.21247E-01 3.93121E-01 1.07906E-01 0.00000E+00 0.00000E+00 1.78337E+00
0.00000E+00 0.00000E+00 1.23162E-01 1.60445E-01 1.88208E-01 3.47671E-01 4.27116E-01 1.25468E-01 0.00000E+00 0.00000E+00 2.22451E+00
0.00000E+00 1.20291E-02 1.37363E-01 1.74524E-01 2.02798E-01 3.69065E-01 4.54794E-01 1.39836E-01 1.20291E-02 0.00000E+00 2.53326E+00
0.00000E+00 2.73394E-02 1.49287E-01 1.86358E-01 2.15018E-01 3.86944E-01 4.78105E-01 1.51892E-01 2.73394E-02 0.00000E+00 2.76213E+00
0.00000E+00 4.05437E-02 1.59441E-01 1.96441E-01 2.25396E-01 4.02156E-01 4.98116E-01 1.62152E-01 4.05437E-02 0.00000E+00 2.94134E+00
0.00000E+00 5.20605E-02 1.68185E-01 2.05123E-01 2.34307E-01 4.15251E-01 5.15499E-01 1.70981E-01 5.20605E-02 0.00000E+00 3.08241E+00
0.00000E+00 6.21980E-02 1.75782E-01 2.12664E-01 2.42025E-01 4.26630E-01 5.30745E-01 1.78649E-01 6.21980E-02 0.00000E+00 3.19373E+00
0.00000E+00 7.11896E-02 1.82431E-01 2.19260E-01 2.48757E-01 4.36594E-01 5.44221E-01 1.85356E-01 7.11896E-02 0.00000E+00 3.28157E+00
3.83533E-03 7.92295E-02 1.88311E-01 2.25088E-01 2.54687E-01 4.45380E-01 5.56197E-01 1.91284E-01 7.92295E-02 3.83533E-03 3.34253E+00
1.29888E-02 8.64678E-02 1.93545E-01 2.30268E-01 2.59943E-01 4.53176E-01 5.66909E-01 1.96556E-01 8.64678E-02 1.29888E-02 3.37762E+00
2.12867E-02 9.29949E-02 1.98185E-01 2.34853E-01 2.64583E-01 4.60118E-01 5.76561E-01 2.01228E-01 9.29949E-02 2.12867E-02 3.40273E+00
2.88381E-02 9.89020E-02 2.02310E-01 2.38923E-01 2.68689E-01 4.66318E-01 5.85289E-01 2.05380E-01 9.89020E-02 2.88381E-02 3.41965E+00
3.57342E-02 1.04265E-01 2.05987E-01 2.42543E-01 2.72331E-01 4.71870E-01 5.93205E-01 2.09078E-01 1.04265E-01 3.57342E-02 3.42979E+00
4.20515E-02 1.09149E-01 2.09270E-01 2.45767E-01 2.75565E-01 4.76852E-01 6.00404E-01 2.12379E-01 1.09149E-01 4.20515E-02 3.43431E+00
4.78550E-02 1.13607E-01 2.12207E-01 2.48643E-01 2.78440E-01 4.81331E-01 6.06967E-01 2.15330E-01 1.13607E-01 4.78550E-02 3.43417E+00
5.32004E-02 1.17686E-01 2.14838E-01 2.51211E-01 2.80997E-01 4.85364E-01 6.12962E-01 2.17971E-01 1.17686E-01 5.32004E-02 3.43015E+00
5.81353E-02 1.21426E-01 2.17195E-01 2.53505E-01 2.83273E-01 4.88999E-01 6.18450E-01 2.20336E-01 1.21426E-01 5.81353E-02 3.42289E+00
6.27012E-02 1.24862E-01 2.19309E-01 2.55553E-01 2.85296E-01 4.92277E-01 6.23481E-01 2.22455E-01 1.24862E-01 6.27012E-02 3.41294E+00
6.69340E-02 1.28023E-01 2.21205E-01 2.57383E-01 2.87094E-01 4.95236E-01 6.28100E-01 2.24354E-01 1.28023E-01 6.69340E-02 3.40074E+00
7.08652E-02 1.30937E-01 2.22906E-01 2.59016E-01 2.88691E-01 4.97908E-01 6.32345E-01 2.26056E-01 1.30937E-01 7.08652E-02 3.38667E+00
7.45226E-02 1.33627E-01 2.24430E-01 2.60471E-01 2.90105E-01 5.00319E-01 6.36253E-01 2.27580E-01 1.33627E-01 7.45226E-02 3.37104E+00
7.79304E-02 1.36112E-01 2.25796E-01 2.61767E-01 2.91356E-01 5.02495E-01 6.39852E-01 2.28943E-01 1.36112E-01 7.79304E-02 3.35413E+00
8.11104E-02 1.38411E-01 2.27017E-01 2.62918E-01 2.92458E-01 5.04457E-01 6.43169E-01 2.30161E-01 1.38411E-01 8.11104E-02 3.33616E+00
8.40818E-02 1.40540E-01 2.28108E-01 2.63937E-01 2.93426E-01 5.06225E-01 6.46230E-01 2.31247E-01 1.40540E-01 8.40818E-02 3.31733E+00
8.68617E-02 1.42513E-01 2.29080E-01 2.64837E-01 2.94271E-01 5.07815E-01 6.49054E-01 2.32214E-01 1.42513E-01 8.68617E-02 3.29779E+00
8.94656E-02 1.44344E-01 2.29944E-01 2.65628E-01 2.95006E-01 5.09243E-01 6.51662E-01 2.33071E-01 1.44344E-01 8.94656E-02 3.27769E+00
9.19071E-02 1.46043E-01 2.30709E-01 2.66319E-01 2.95640E-01 5.10522E-01 6.54069E-01 2.33829E-01 1.46043E-01 9.19071E-02 3.25714E+00
9.41988E-02 1.47621E-01 2.31384E-01 2.66920E-01 2.96181E-01 5.11666E-01 6.56293E-01 2.34495E-01 1.47621E-01 9.41988E-02 3.23626E+00
9.63519E-02 1.49088E-01 2.31976E-01 2.67438E-01 2.96637E-01 5.12684E-01 6.58346E-01 2.35079E-01 1.49088E-01 9.63519E-02 3.21512E+00
9.83766E-02 1.50451E-01 2.32493E-01 2.67880E-01 2.97016E-01 5.13587E-01 6.60241E-01 2.35586E-01 1.50451E-01 9.83766E-02 3.19380E+00
1.00282E-01 1.51719E-01 2.32940E-01 2.68252E-01 2.97324E-01 5.14384E-01 6.61991E-01 2.36023E-01 1.51719E-01 1.00282E-01 3.17237E+00
1.02077E-01 1.52898E-01 2.33323E-01 2.68560E-01 2.97567E-01 5.15083E-01 6.63605E-01 2.36395E-01 1.52898E-01 1.02077E-01 3.15088E+00
1.03768E-01 1.53996E-01 2.33647E-01 2.68809E-01 2.97751E-01 5.15691E-01 6.65092E-01 2.36708E-01 1.53996E-01 1.03768E-01 3.12938E+00
1.05363E-01 1.55016E-01 2.33917E-01 2.69003E-01 2.97879E-01 5.16215E-01 6.66463E-01 2.36967E-01 1.55016E-01 1.05363E-01 3.10791E+00
1.06868E-01 1.55966E-01 2.34137E-01 2.69148E-01 2.97956E-01 5.16662E-01 6.67724E-01 2.37175E-01 1.55966E-01 1.06868E-01 3.08649E+00
1.08290E-01 1.56849E-01 2.34311E-01 2.69246E-01 2.97987E-01 5.17037E-01 6.68882E-01 2.37336E-01 1.56849E-01 1.08290E-01 3.06518E+00
1.09633E-01 1.57671E-01 2.34442E-01 2.69301E-01 2.97974E-01 5.17346E-01 6.69946E-01 2.37455E-01 1.57671E-01 1.09633E-01 3.04398E+00
1.10902E-01 1.58435E-01 2.34533E-01 2.69317E-01 2.97922E-01 5.17592E-01 6.70920E-01 2.37534E-01 1.58435E-01 1.10902E-01 3.02292E+00
1.12102E-01 1.59145E-01 2.34588E-01 2.69296E-01 2.97833E-01 5.17781E-01 6.71810E-01 2.37576E-01 1.59145E-01 1.12102E-01 3.00201E+00
1.13237E-01 1.59804E-01 2.34609E-01 2.69242E-01 2.97710E-01 5.17915E-01 6.72622E-01 2.37583E-01 1.59804E-01 1.13237E-01 2.98128E+00
1.14312E-01 1.60416E-01 2.34598E-01 2.69156E-01 2.97556E-01 5.18000E-01 6.73361E-01 2.37560E-01 1.60416E-01 1.14312E-01 2.96074E+00
1.15329E-01 1.60984E-01 2.34559E-01 2.69041E-01 2.97373E-01 5.18039E-01 6.74030E-01 2.37507E-01 1.60984E-01 1.15329E-01 2.94039E+00
1.16291E-01 1.61510E-01 2.34492E-01 2.68899E-01 2.97162E-01 5.18033E-01 6.74635E-01 2.37427E-01 1.61510E-01 1.16291E-01 2.92025E+00
1.17204E-01 1.61997E-01 2.34400E-01 2.68733E-01 2.96927E-01 5.17988E-01 6.75179E-01 2.37321E-01 1.61997E-01 1.17204E-01 2.90032E+00
1.18068E-01 1.62447E-01 2.34285E-01 2.68543E-01 2.96669E-01 5.17904E-01 6.75666E-01 2.37193E-01 1.62447E-01 1.18068E-01 2.88062E+00
1.18886E-01 1.62862E-01 2.34149E-01 2.68332E-01 2.96389E-01 5.17785E-01 6.76098E-01 2.37042E-01 1.62862E-01 1.18886E-01 2.86113E+00
1.19662E-01 1.63245E-01 2.33992E-01 2.68101E-01 2.96090E-01 5.17633E-01 6.76480E-01 2.36871E-01 1.63245E-01 1.19662E-01 2.84187E+00
1.20397E-01 1.63597E-01 2.33816E-01 2.67852E-01 2.95773E-01 5.17450E-01 6.76813E-01 2.36682E-01 1.63597E-01 1.20397E-01 2.82284E+00
1.21094E-01 1.63921E-01 2.33623E-01 2.67585E-01 2.95438E-01 5.17238E-01 6.77101E-01 2.36475E-01 1.63921E-01 1.21094E-01 2.80404E+00
1.21755E-01 1.64217E-01 2.33414E-01 2.67302E-01 2.95088E-01 5.16999E-01 6.77347E-01 2.36252E-01 1.64217E-01 1.21755E-01 2.78548E+00
0.00000E+00 0.00000E+00 1.04298E-01 1.39959E-01 1.70767E-01 3.47370E-01 4.33239E-01 1.07382E-01 0.00000E+00 0.00000E+00 1.85150E+00
0.00000E+00 0.00000E+00 1.17428E-01 1.53488E-01 1.84765E-01 3.69641E-01 4.64023E-01 1.20708E-01 0.00000E+00 0.00000E+00 2.17933E+00
0.00000E+00 1.01131E-02 1.27982E-01 1.64338E-01 1.95912E-01 3.87246E-01 4.88608E-01 1.31398E-01 1.01131E-02 0.00000E+00 2.39648E+00
0.00000E+00 2.28319E-02 1.36674E-01 1.73254E-01 2.05018E-01 4.01635E-01 5.08963E-01 1.40189E-01 2.28319E-02 0.00000E+00 2.54911E+00
0.00000E+00 3.36603E-02 1.43929E-01 1.80679E-01 2.12560E-01 4.13617E-01 5.26164E-01 1.47517E-01 3.36603E-02 0.00000E+00 2.66314E+00
0.00000E+00 4.29945E-02 1.50057E-01 1.86934E-01 2.18879E-01 4.23717E-01 5.40885E-01 1.53699E-01 4.29945E-02 0.00000E+00 2.74823E+00
0.00000E+00 5.11219E-02 1.55281E-01 1.92250E-01 2.24219E-01 4.32314E-01 5.53612E-01 1.58962E-01 5.11219E-02 0.00000E+00 2.81127E+00
0.00000E+00 5.82577E-02 1.59768E-01 1.96800E-01 2.28762E-01 4.39687E-01 5.64706E-01 1.63476E-01 5.82577E-02 0.00000E+00 2.85727E+00
3.08218E-03 6.45786E-02 1.63669E-01 2.00740E-01 2.32672E-01 4.46056E-01 5.74429E-01 1.67396E-01 6.45786E-02 3.08218E-03 2.88330E+00
1.04019E-02 7.02188E-02 1.67082E-01 2.04172E-01 2.36056E-01 4.51591E-01 5.83005E-01 1.70820E-01 7.02188E-02 1.04019E-02 2.89004E+00
1.69918E-02 7.52591E-02 1.70043E-01 2.07134E-01 2.38956E-01 4.56408E-01 5.90629E-01 1.73785E-01 7.52591E-02 1.69918E-02 2.89037E+00
2.29494E-02 7.97807E-02 1.72615E-01 2.09694E-01 2.41442E-01 4.60608E-01 5.97428E-01 1.76357E-01 7.97807E-02 2.29494E-02 2.88556E+00
2.83554E-02 8.38507E-02 1.74853E-01 2.11907E-01 2.43571E-01 4.64274E-01 6.03509E-01 1.78591E-01 8.38507E-02 2.83554E-02 2.87665E+00
3.32773E-02 8.75251E-02 1.76800E-01 2.13819E-01 2.45392E-01 4.67475E-01 6.08959E-01 1.80530E-01 8.75251E-02 3.32773E-02 2.86445E+00
3.77720E-02 9.08512E-02 1.78493E-01 2.15469E-01 2.46945E-01 4.70270E-01 6.13854E-01 1.82213E-01 9.08512E-02 3.77720E-02 2.84963E+00
4.18879E-02 9.38691E-02 1.79965E-01 2.16889E-01 2.48262E-01 4.72708E-01 6.18257E-01 1.83672E-01 9.38691E-02 4.18879E-02 2.83270E+00
4.56662E-02 9.66130E-02 1.81241E-01 2.18106E-01 2.49373E-01 4.74830E-01 6.22223E-01 1.84933E-01 9.66130E-02 4.56662E-02 2.81412E+00
4.91426E-02 9.91126E-02 1.82345E-01 2.19145E-01 2.50302E-01 4.76673E-01 6.25798E-01 1.86020E-01 9.91126E-02 4.91426E-02 2.79423E+00
5.23477E-02 1.01393E-01 1.83295E-01 2.20025E-01 2.51071E-01 4.78267E-01 6.29022E-01 1.86952E-01 1.01393E-01 5.23477E-02 2.77333E+00
5.53086E-02 1.03477E-01 1.84110E-01 2.20765E-01 2.51697E-01 4.79639E-01 6.31932E-01 1.87747E-01 1.03477E-01 5.53086E-02 2.75164E+00
5.80485E-02 1.05384E-01 1.84803E-01 2.21380E-01 2.52196E-01 4.80813E-01 6.34557E-01 1.88420E-01 1.05384E-01 5.80485E-02 2.72938E+00
6.05880E-02 1.07130E-01 1.85388E-01 2.21883E-01 2.52583E-01 4.81809E-01 6.36925E-01 1.88983E-01 1.07130E-01 6.05880E-02 2.70670E+00
6.29454E-02 1.08731E-01 1.85875E-01 2.22286E-01 2.52868E-01 4.82645E-01 6.39060E-01 1.89449E-01 1.08731E-01 6.29454E-02 2.68374E+00
6.51367E-02 1.10200E-01 1.86276E-01 2.22599E-01 2.53064E-01 4.83336E-01 6.40983E-01 1.89826E-01 1.10200E-01 6.51367E-02 2.66060E+00
6.71761E-02 1.11549E-01 1.86598E-01 2.22831E-01 2.53178E-01 4.83897E-01 6.42712E-01 1.90125E-01 1.11549E-01 6.71761E-02 2.63739E+00
6.90766E-02 1.12788E-01 1.86849E-01 2.22991E-01 2.53220E-01 4.84340E-01 6.44265E-01 1.90352E-01 1.12788E-01 6.90766E-02 2.61417E+00
7.08493E-02 1.13926E-01 1.87036E-01 2.23085E-01 2.53196E-01 4.84676E-01 6.45656E-01 1.90516E-01 1.13926E-01 7.08493E-02 2.59101E+00
7.25046E-02 1.14973E-01 1.87166E-01 2.23120E-01 2.53113E-01 4.84914E-01 6.46899E-01 1.90621E-01 1.14973E-01 7.25046E-02 2.56797E+00
7.40517E-02 1.15934E-01 1.87243E-01 2.23101E-01 2.52977E-01 4.85064E-01 6.48005E-01 1.90673E-01 1.15934E-01 7.40517E-02 2.54509E+00
7.54989E-02 1.16818E-01 1.87273E-01 2.23034E-01 2.52794E-01 4.85133E-01 6.48986E-01 1.90678E-01 1.16818E-01 7.54989E-02 2.52239E+00
7.68536E-02 1.17630E-01 1.87260E-01 2.22923E-01 2.52566E-01 4.85129E-01 6.49852E-01 1.90640E-01 1.17630E-01 7.68536E-02 2.49992E+00
7.81228E-02 1.18377E-01 1.87208E-01 2.22773E-01 2.52300E-01 4.85058E-01 6.50611E-01 1.90563E-01 1.18377E-01 7.81228E-02 2.47769E+00
7.93125E-02 1.19062E-01 1.87120E-01 2.22586E-01 2.51999E-01 4.84926E-01 6.51272E-01 1.90450E-01 1.19062E-01 7.93125E-02 2.45572E+00
8.04284E-02 1.19690E-01 1.87000E-01 2.22366E-01 2.51665E-01 4.84737E-01 6.51841E-01 1.90305E-01 1.19690E-01 8.04284E-02 2.43403E+00
8.14756E-02 1.20266E-01 1.86850E-01 2.22117E-01 2.51303E-01 4.84497E-01 6.52327E-01 1.90130E-01 1.20266E-01 8.14756E-02 2.41263E+00
8.24588E-02 1.20794E-01 1.86674E-01 2.21841E-01 2.50914E-01 4.84210E-01 6.52733E-01 1.89929E-01 1.20794E-01 8.24588E-02 2.39153E+00
8.33824E-02 1.21276E-01 1.86473E-01 2.21540E-01 2.50502E-01 4.83880E-01 6.53067E-01 1.89703E-01 1.21276E-01 8.33824E-02 2.37073E+00
8.42502E-02 1.21717E-01 1.86250E-01 2.21217E-01 2.50069E-01 4.83511E-01 6.53334E-01 1.89455E-01 1.21717E-01 8.42502E-02 2.35024E+00
8.50659E-02 1.22118E-01 1.86006E-01 2.20873E-01 2.49616E-01 4.83105E-01 6.53538E-01 1.89186E-01 1.22118E-01 8.50659E-02 2.33006E+00
8.58329E-02 1.22483E-01 1.85745E-01 2.20511E-01 2.49145E-01 4.82666E-01 6.53683E-01 1.88900E-01 1.22483E-01 8.58329E-02 2.31019E+00
8.65541E-02 1.22814E-01 1.85466E-01 2.20132E-01 2.48659E-01 4.82196E-01 6.53774E-01 1.88596E-01 1.22814E-01 8.65541E-02 2.29064E+00
8.72325E-02 1.23114E-01 1.85172E-01 2.19739E-01 2.48158E-01 4.81698E-01 6.53814E-01 1.88277E-01 1.23114E-01 8.72325E-02 2.27140E+00
8.78706E-02 1.23384E-01 1.84863E-01 2.19331E-01 2.47645E-01 4.81175E-01 6.53806E-01 1.87945E-01 1.23384E-01 8.78706E-02 2.25247E+00
8.84709E-02 1.23626E-01 1.84542E-01 2.18911E-01 2.47120E-01 4.80627E-01 6.53755E-01 1.87600E-01 1.23626E-01 8.84709E-02 2.23384E+00
8.90356E-02 1.23843E-01 1.84210E-01 2.18479E-01 2.46585E-01 4.80058E-01 6.53662E-01 1.87243E-01 1.23843E-01 8.90356E-02 2.21552E+00
8.95668E-02 1.24035E-01 1.83867E-01 2.18038E-01 2.46041E-01 4.79469E-01 6.53530E-01 1.86876E-01 1.24035E-01 8.95668E-02 2.19751E+00
9.00665E-02 1.24205E-01 1.83514E-01 2.17587E-01 2.45488E-01 4.78862E-01 6.53362E-01 1.86499E-01 1.24205E-01 9.00665E-02 2.17979E+00
9.05364E-02 1.24353E-01 1.83153E-01 2.17127E-01 2.44928E-01 4.78238E-01 6.53160E-01 1.86114E-01 1.24353E-01 9.05364E-02 2.16236E+00
9.09783E-02 1.24482E-01 1.82783E-01 2.16661E-01 2.44362E-01 4.77598E-01 6.52926E-01 1.85722E-01 1.24482E-01 9.09783E-02 2.14522E+00
9.13936E-02 1.24592E-01 1.82407E-01 2.16187E-01 2.43790E-01 4.76945E-01 6.52663E-01 1.85322E-01 1.24592E-01 9.13936E-02 2.12837E+00
0.00000E+00 0.00000E+00 9.76402E-02 1.35306E-01 1.69932E-01 3.75051E-01 4.79234E-01 1.01982E-01 0.00000E+00 0.00000E+00 1.82370E+00
0.00000E+00 0.00000E+00 1.06862E-01 1.45152E-01 1.79900E-01 3.92591E-01 5.06108E-01 1.11320E-01 0.00000E+00 0.00000E+00 2.05158E+00
0.00000E+00 8.27270E-03 1.14141E-01 1.52845E-01 1.87593E-01 4.06042E-01 5.27099E-01 1.18662E-01 8.27270E-03 0.00000E+00 2.19175E+00
0.00000E+00 1.85623E-02 1.20008E-01 1.58991E-01 1.93664E-01 4.16704E-01 5.44123E-01 1.24561E-01 1.85623E-02 0.00000E+00 2.28261E+00
0.00000E+00 2.72154E-02 1.24788E-01 1.63954E-01 1.98507E-01 4.25308E-01 5.58227E-01 1.29352E-01 2.72154E-02 0.00000E+00 2.34529E+00
0.00000E+00 3.45894E-02 1.28728E-01 1.68005E-01 2.02406E-01 4.32328E-01 5.70062E-01 1.33286E-01 3.45894E-02 0.00000E+00 2.38738E+00
0.00000E+00 4.09412E-02 1.32002E-01 1.71336E-01 2.05563E-01 4.38101E-01 5.80093E-01 1.36544E-01 4.09412E-02 0.00000E+00 2.41417E+00
0.00000E+00 4.64608E-02 1.34739E-01 1.74088E-01 2.08127E-01 4.42875E-01 5.88663E-01 1.39257E-01 4.64608E-02 0.00000E+00 2.42944E+00
2.41730E-03 5.13030E-02 1.37061E-01 1.76392E-01 2.10234E-01 4.46845E-01 5.96021E-01 1.41550E-01 5.13030E-02 2.41730E-03 2.43062E+00
8.12989E-03 5.55836E-02 1.39042E-01 1.78327E-01 2.11966E-01 4.50155E-01 6.02374E-01 1.43496E-01 5.55836E-02 8.12989E-03 2.41807E+00
1.32373E-02 5.93726E-02 1.40698E-01 1.79916E-01 2.13349E-01 4.52896E-01 6.07897E-01 1.45114E-01 5.93726E-02 1.32373E-02 2.40193E+00
1.78237E-02 6.27397E-02 1.42080E-01 1.81214E-01 2.14436E-01 4.55154E-01 6.12708E-01 1.46455E-01 6.27397E-02 1.78237E-02 2.38306E+00
2.19584E-02 6.57420E-02 1.43228E-01 1.82263E-01 2.15273E-01 4.57001E-01 6.16903E-01 1.47561E-01 6.57420E-02 2.19584E-02 2.36215E+00
2.56991E-02 6.84272E-02 1.44175E-01 1.83099E-01 2.15897E-01 4.58493E-01 6.20564E-01 1.48464E-01 6.84272E-02 2.56991E-02 2.33972E+00
2.90940E-02 7.08349E-02 1.44950E-01 1.83754E-01 2.16340E-01 4.59679E-01 6.23757E-01 1.49193E-01 7.08349E-02 2.90940E-02 2.31619E+00
3.21838E-02 7.29988E-02 1.45575E-01 1.84250E-01 2.16625E-01 4.60601E-01 6.26540E-01 1.49772E-01 7.29988E-02 3.21838E-02 2.29189E+00
3.50033E-02 7.49473E-02 1.46070E-01 1.84610E-01 2.16776E-01 4.61291E-01 6.28960E-01 1.50221E-01 7.49473E-02 3.50033E-02 2.26708E+00
3.75821E-02 7.67049E-02 1.46453E-01 1.84852E-01 2.16810E-01 4.61780E-01 6.31060E-01 1.50556E-01 7.67049E-02 3.75821E-02 2.24197E+00
3.99459E-02 7.82925E-02 1.46736E-01 1.84990E-01 2.16742E-01 4.62092E-01 6.32875E-01 1.50792E-01 7.82925E-02 3.99459E-02 2.21672E+00
4.21168E-02 7.97282E-02 1.46933E-01 1.85037E-01 2.16587E-01 4.62248E-01 6.34436E-01 1.50941E-01 7.97282E-02 4.21168E-02 2.19147E+00
4.41141E-02 8.10279E-02 1.47053E-01 1.85006E-01 2.16355E-01 4.62267E-01 6.35769E-01 1.51014E-01 8.10279E-02 4.41141E-02 2.16631E+00
4.59547E-02 8.22052E-02 1.47106E-01 1.84904E-01 2.16055E-01 4.62165E-01 6.36898E-01 1.51020E-01 8.22052E-02 4.59547E-02 2.14134E+00
4.76534E-02 8.32722E-02 1.47099E-01 1.84741E-01 2.15698E-01 4.61956E-01 6.37843E-01 1.50967E-01 8.32722E-02 4.76534E-02 2.11661E+00
4.92233E-02 8.42395E-02 1.47040E-01 1.84525E-01 2.15289E-01 4.61651E-01 6.38623E-01 1.50861E-01 8.42395E-02 4.92233E-02 2.09218E+00
5.06760E-02 8.51166E-02 1.46934E-01 1.84261E-01 2.14835E-01 4.61262E-01 6.39254E-01 1.50709E-01 8.51166E-02 5.06760E-02 2.06808E+00
5.20218E-02 8.59117E-02 1.46787E-01 1.83955E-01 2.14343E-01 4.60797E-01 6.39749E-01 1.50517E-01 8.59117E-02 5.20218E-02 2.04434E+00
5.32697E-02 8.66322E-02 1.46604E-01 1.83612E-01 2.13816E-01 4.60266E-01 6.40121E-01 1.50288E-01 8.66322E-02 5.32697E-02 2.02100E+00
5.44281E-02 8.72847E-02 1.46388E-01 1.83237E-01 2.13260E-01 4.59675E-01 6.40382E-01 1.50027E-01 8.72847E-02 5.44281E-02 1.99805E+00
5.55042E-02 8.78751E-02 1.46143E-01 1.82833E-01 2.12678E-01 4.59032E-01 6.40541E-01 1.49738E-01 8.78751E-02 5.55042E-02 1.97552E+00
5.65047E-02 8.84088E-02 1.45872E-01 1.82403E-01 2.12073E-01 4.58340E-01 6.40608E-01 1.49424E-01 8.84088E-02 5.65047E-02 1.95341E+00
5.74354E-02 8.88903E-02 1.45579E-01 1.81951E-01 2.11448E-01 4.57607E-01 6.40590E-01 1.49087E-01 8.88903E-02 5.74354E-02 1.93172E+00
5.83018E-02 8.93241E-02 1.45265E-01 1.81480E-01 2.10807E-01 4.56836E-01 6.40495E-01 1.48731E-01 8.93241E-02 5.83018E-02 1.91046E+00
5.91088E-02 8.97139E-02 1.44933E-01 1.80991E-01 2.10150E-01 4.56032E-01 6.40329E-01 1.48357E-01 8.97139E-02 5.91088E-02 1.88962E+00
5.98607E-02 9.00634E-02 1.44586E-01 1.80487E-01 2.09482E-01 4.55198E-01 6.40099E-01 1.47968E-01 9.00634E-02 5.98607E-02 1.86920E+00
6.05615E-02 9.03756E-02 1.44224E-01 1.79970E-01 2.08802E-01 4.54337E-01 6.39810E-01 1.47565E-01 9.03756E-02 6.05615E-02 1.84920E+00
6.12150E-02 9.06535E-02 1.43850E-01 1.79441E-01 2.08114E-01 4.53453E-01 6.39467E-01 1.47151E-01 9.06535E-02 6.12150E-02 1.82961E+00
6.18244E-02 9.08996E-02 1.43465E-01 1.78902E-01 2.07418E-01 4.52548E-01 6.39074E-01 1.46726E-01 9.08996E-02 6.18244E-02 1.81043E+00
6.23929E-02 9.11164E-02 1.43070E-01 1.78355E-01 2.06716E-01 4.51625E-01 6.38635E-01 1.46292E-01 9.11164E-02 6.23929E-02 1.79164E+00
6.29231E-02 9.13060E-02 1.42667E-01 1.77801E-01 2.06009E-01 4.50686E-01 6.38154E-01 1.45849E-01 9.13060E-02 6.29231E-02 1.77324E+00
6.34177E-02 9.14705E-02 1.42257E-01 1.77240E-01 2.05298E-01 4.49732E-01 6.37634E-01 1.45400E-01 9.14705E-02 6.34177E-02 1.75523E+00
6.38791E-02 9.16117E-02 1.41840E-01 1.76674E-01 2.04584E-01 4.48766E-01 6.37079E-01 1.44946E-01 9.16117E-02 6.38791E-02 1.73758E+00
6.43093E-02 9.17313E-02 1.41417E-01 1.76103E-01 2.03868E-01 4.47789E-01 6.36491E-01 1.44486E-01 9.17313E-02 6.43093E-02 1.72031E+00
6.47105E-02 9.18307E-02 1.40990E-01 1.75529E-01 2.03151E-01 4.46803E-01 6.35874E-01 1.44021E-01 9.18307E-02 6.47105E-02 1.70339E+00
6.50844E-02 9.19115E-02 1.40558E-01 1.74953E-01 2.02433E-01 4.45809E-01 6.35228E-01 1.43554E-01 9.19115E-02 6.50844E-02 1.68682E+00
6.54328E-02 9.19749E-02 1.40124E-01 1.74374E-01 2.01715E-01 4.44809E-01 6.34558E-01 1.43083E-01 9.19749E-02 6.54328E-02 1.67059E+00
6.57572E-02 9.20222E-02 1.39686E-01 1.73793E-01 2.00997E-01 4.43802E-01 6.33864E-01 1.42610E-01 9.20222E-02 6.57572E-02 1.65469E+00
6.60591E-02 9.20544E-02 1.39246E-01 1.73212E-01 2.00280E-01 4.42791E-01 6.33148E-01 1.42135E-01 9.20544E-02 6.60591E-02 1.63912E+00
6.63399E-02 9.20726E-02 1.38805E-01 1.72630E-01 1.99565E-01 4.41776E-01 6.32413E-01 1.41659E-01 9.20726E-02 6.63399E-02 1.62386E+00
6.66008E-02 9.20777E-02 1.38362E-01 1.72048E-01 1.98851E-01 4.40759E-01 6.31660E-01 1.41182E-01 9.20777E-02 6.66008E-02 1.60890E+00
6.68430E-02 9.20707E-02 1.37918E-01 1.71466E-01 1.98140E-01 4.39739E-01 6.30890E-01 1.40705E-01 9.20707E-02 6.68430E-02 1.59425E+00
0.00000E+00 0.00000E+00 8.56289E-02 1.28547E-01 1.66817E-01 4.03068E-01 5.30838E-01 9.13787E-02 0.00000E+00 0.00000E+00 1.70352E+00
0.00000E+00 0.00000E+00 9.15950E-02 1.34878E-01 1.72794E-01 4.15368E-01 5.53012E-01 9.73141E-02 0.00000E+00 0.00000E+00 1.85196E+00
0.00000E+00 6.58021E-03 9.62198E-02 1.39647E-01 1.77166E-01 4.24337E-01 5.69815E-01 1.01878E-01 6.58021E-03 0.00000E+00 1.93360E+00
0.00000E+00 1.46776E-02 9.98524E-02 1.43289E-01 1.80389E-01 4.31058E-01 5.83037E-01 1.05432E-01 1.46776E-02 0.00000E+00 1.97907E+00
0.00000E+00 2.14045E-02 1.02718E-01 1.46074E-01 1.82749E-01 4.36141E-01 5.93657E-01 1.08209E-01 2.14045E-02 0.00000E+00 2.00496E+00
0.00000E+00 2.70707E-02 1.04996E-01 1.48210E-01 1.84460E-01 4.39991E-01 6.02283E-01 1.10395E-01 2.70707E-02 0.00000E+00 2.01695E+00
0.00000E+00 3.18969E-02 1.06817E-01 1.49844E-01 1.85676E-01 4.42890E-01 6.09345E-01 1.12119E-01 3.18969E-02 0.00000E+00 2.01896E+00
0.00000E+00 3.60454E-02 1.08274E-01 1.51083E-01 1.86503E-01 4.45041E-01 6.15158E-01 1.13478E-01 3.60454E-02 0.00000E+00 2.01371E+00
1.84543E-03 3.96470E-02 1.09458E-01 1.52027E-01 1.87050E-01 4.46613E-01 6.19952E-01 1.14564E-01 3.96470E-02 1.84543E-03 1.99901E+00
6.18445E-03 4.27985E-02 1.10419E-01 1.52735E-01 1.87370E-01 4.47716E-01 6.23910E-01 1.15430E-01 4.27985E-02 6.18445E-03 1.97497E+00
1.00358E-02 4.55587E-02 1.11163E-01 1.53212E-01 1.87470E-01 4.48411E-01 6.27180E-01 1.16079E-01 4.55587E-02 1.00358E-02 1.94937E+00
1.34699E-02 4.79855E-02 1.11725E-01 1.53499E-01 1.87387E-01 4.48766E-01 6.29866E-01 1.16547E-01 4.79855E-02 1.34699E-02 1.92276E+00
1.65445E-02 5.01264E-02 1.12135E-01 1.53628E-01 1.87156E-01 4.48837E-01 6.32053E-01 1.16864E-01 5.01264E-02 1.65445E-02 1.89555E+00
1.93073E-02 5.20202E-02 1.12417E-01 1.53624E-01 1.86802E-01 4.48669E-01 6.33813E-01 1.17055E-01 5.20202E-02 1.93073E-02 1.86806E+00
2.17980E-02 5.36996E-02 1.12590E-01 1.53508E-01 1.86345E-01 4.48301E-01 6.35203E-01 1.17138E-01 5.36996E-02 2.17980E-02 1.84052E+00
2.40499E-02 5.51917E-02 1.12671E-01 1.53300E-01 1.85804E-01 4.47763E-01 6.36273E-01 1.17131E-01 5.51917E-02 2.40499E-02 1.81311E+00
2.60913E-02 5.65196E-02 1.12672E-01 1.53012E-01 1.85192E-01 4.47081E-01 6.37064E-01 1.17046E-01 5.65196E-02 2.60913E-02 1.78596E+00
2.79463E-02 5.77028E-02 1.12606E-01 1.52658E-01 1.84522E-01 4.46276E-01 6.37611E-01 1.16896E-01 5.77028E-02 2.79463E-02 1.75917E+00
2.96356E-02 5.87580E-02 1.12482E-01 1.52247E-01 1.83804E-01 4.45366E-01 6.37944E-01 1.16690E-01 5.87580E-02 2.96356E-02 1.73282E+00
3.11770E-02 5.96997E-02 1.12308E-01 1.51789E-01 1.83046E-01 4.44369E-01 6.38089E-01 1.16435E-01 5.96997E-02 3.11770E-02 1.70696E+00
3.25860E-02 6.05402E-02 1.12091E-01 1.51290E-01 1.82256E-01 4.43295E-01 6.38068E-01 1.16140E-01 6.05402E-02 3.25860E-02 1.68163E+00
3.38759E-02 6.12903E-02 1.11838E-01 1.50757E-01 1.81438E-01 4.42157E-01 6.37900E-01 1.15809E-01 6.12903E-02 3.38759E-02 1.65685E+00
3.50585E-02 6.19596E-02 1.11553E-01 1.50195E-01 1.80600E-01 4.40965E-01 6.37603E-01 1.15449E-01 6.19596E-02 3.50585E-02 1.63264E+00
3.61442E-02 6.25562E-02 1.11240E-01 1.49609E-01 1.79744E-01 4.39726E-01 6.37190E-01 1.15063E-01 6.25562E-02 3.61442E-02 1.60901E+00
3.71421E-02 6.30874E-02 1.10904E-01 1.49004E-01 1.78874E-01 4.38448E-01 6.36675E-01 1.14655E-01 6.30874E-02 3.71421E-02 1.58596E+00
3.80602E-02 6.35595E-02 1.10548E-01 1.48381E-01 1.77994E-01 4.37138E-01 6.36069E-01 1.14228E-01 6.35595E-02 3.80602E-02 1.56348E+00
3.89056E-02 6.39783E-02 1.10175E-01 1.47745E-01 1.77107E-01 4.35800E-01 6.35381E-01 1.13786E-01 6.39783E-02 3.89056E-02 1.54157E+00
3.96848E-02 6.43488E-02 1.09786E-01 1.47098E-01 1.76214E-01 4.34440E-01 6.34621E-01 1.13331E-01 6.43488E-02 3.96848E-02 1.52023E+00
4.04034E-02 6.46753E-02 1.09386E-01 1.46442E-01 1.75318E-01 4.33061E-01 6.33797E-01 1.12865E-01 6.46753E-02 4.04034E-02 1.49944E+00
4.10665E-02 6.49620E-02 1.08975E-01 1.45779E-01 1.74421E-01 4.31667E-01 6.32914E-01 1.12389E-01 6.49620E-02 4.10665E-02 1.47918E+00
4.16787E-02 6.52124E-02 1.08555E-01 1.45110E-01 1.73524E-01 4.30262E-01 6.31981E-01 1.11906E-01 6.52124E-02 4.16787E-02 1.45946E+00
4.22441E-02 6.54296E-02 1.08127E-01 1.44438E-01 1.72628E-01 4.28848E-01 6.31001E-01 1.11417E-01 6.54296E-02 4.22441E-02 1.44024E+00
4.27664E-02 6.56167E-02 1.07693E-01 1.43764E-01 1.71734E-01 4.27427E-01 6.29981E-01 1.10923E-01 6.56167E-02 4.27664E-02 1.42153E+00
4.32490E-02 6.57760E-02 1.07255E-01 1.43088E-01 1.70844E-01 4.26002E-01 6.28924E-01 1.10426E-01 6.57760E-02 4.32490E-02 1.40330E+00
4.36949E-02 6.59101E-02 1.06813E-01 1.42412E-01 1.69958E-01 4.24574E-01 6.27835E-01 1.09926E-01 6.59101E-02 4.36949E-02 1.38554E+00
4.41069E-02 6.60210E-02 1.06367E-01 1.41736E-01 1.69077E-01 4.23146E-01 6.26716E-01 1.09424E-01 6.60210E-02 4.41069E-02 1.36824E+00
4.44875E-02 6.61106E-02 1.05920E-01 1.41061E-01 1.68201E-01 4.21718E-01 6.25573E-01 1.08921E-01 6.61106E-02 4.44875E-02 1.35138E+00
4.48390E-02 6.61807E-02 1.05471E-01 1.40388E-01 1.67331E-01 4.20292E-01 6.24406E-01 1.08418E-01 6.61807E-02 4.48390E-02 1.33495E+00
4.51634E-02 6.62329E-02 1.05021E-01 1.39718E-01 1.66468E-01 4.18870E-01 6.23219E-01 1.07915E-01 6.62329E-02 4.51634E-02 1.31894E+00
4.54628E-02 6.62686E-02 1.04571E-01 1.39051E-01 1.65611E-01 4.17451E-01 6.22015E-01 1.07412E-01 6.62686E-02 4.54628E-02 1.30332E+00
4.57389E-02 6.62890E-02 1.04121E-01 1.38387E-01 1.64762E-01 4.16037E-01 6.20795E-01 1.06911E-01 6.62890E-02 4.57389E-02 1.28809E+00
4.59932E-02 6.62955E-02 1.03671E-01 1.37727E-01 1.63919E-01 4.14629E-01 6.19562E-01 1.06412E-01 6.62955E-02 4.59932E-02 1.27324E+00
4.62272E-02 6.62892E-02 1.03223E-01 1.37071E-01 1.63085E-01 4.13227E-01 6.18317E-01 1.05914E-01 6.62892E-02 4.62272E-02 1.25875E+00
4.64423E-02 6.62709E-02 1.02776E-01 1.36419E-01 1.62258E-01 4.11832E-01 6.17061E-01 1.05419E-01 6.62709E-02 4.64423E-02 1.24461E+00
4.66398E-02 6.62417E-02 1.02331E-01 1.35772E-01 1.61439E-01 4.10445E-01 6.15798E-01 1.04926E-01 6.62417E-02 4.66398E-02 1.23082E+00
4.68209E-02 6.62024E-02 1.01887E-01 1.35129E-01 1.60627E-01 4.09065E-01 6.14526E-01 1.04436E-01 6.62024E-02 4.68209E-02 1.21734E+00
4.69865E-02 6.61537E-02 1.01446E-01 1.34492E-01 1.59824E-01 4.07694E-01 6.13249E-01 1.03949E-01 6.61537E-02 4.69865E-02 1.20419E+00
4.71376E-02 6.60965E-02 1.01007E-01 1.33860E-01 1.59029E-01 4.06331E-01 6.11967E-01 1.03466E-01 6.60965E-02 4.71376E-02 1.19135E+00
4.72753E-02 6.60313E-02 1.00570E-01 1.33232E-01 1.58242E-01 4.04977E-01 6.10681E-01 1.02985E-01 6.60313E-02 4.72753E-02 1.17880E+00
4.74003E-02 6.59587E-02 1.00136E-01 1.32611E-01 1.57463E-01 4.03633E-01 6.09392E-01 1.02508E-01 6.59587E-02 4.74003E-02 1.16653E+00
0.00000E+00 0.00000E+00 6.90159E-02 1.18944E-01 1.60203E-01 4.29718E-01 5.87249E-01 7.60723E-02 0.00000E+00 0.00000E+00 1.51485E+00
0.00000E+00 0.00000E+00 7.26569E-02 1.22160E-01 1.62448E-01 4.36322E-01 6.03759E-01 7.94678E-02 0.00000E+00 0.00000E+00 1.60695E+00
0.00000E+00 5.08858E-03 7.54234E-02 1.24395E-01 1.63785E-01 4.40504E-01 6.15615E-01 8.19981E-02 5.08858E-03 0.00000E+00 1.64852E+00
0.00000E+00 1.12788E-02 7.75238E-02 1.25910E-01 1.64459E-01 4.43071E-01 6.24409E-01 8.38718E-02 1.12788E-02 0.00000E+00 1.66378E+00
0.00000E+00 1.63533E-02 7.91044E-02 1.26879E-01 1.64636E-01 4.44489E-01 6.31015E-01 8.52353E-02 1.63533E-02 0.00000E+00 1.66562E+00
0.00000E+00 2.05727E-02 8.02930E-02 1.27446E-01 1.64458E-01 4.45072E-01 6.35978E-01 8.62168E-02 2.05727E-02 0.00000E+00 1.65836E+00
0.00000E+00 2.41214E-02 8.11797E-02 1.27713E-01 1.64023E-01 4.45034E-01 6.39677E-01 8.69065E-02 2.41214E-02 0.00000E+00 1.64489E+00
0.00000E+00 2.71342E-02 8.18299E-02 1.27750E-01 1.63398E-01 4.44529E-01 6.42388E-01 8.73691E-02 2.71342E-02 0.00000E+00 1.62719E+00
1.36613E-03 2.97183E-02 8.23100E-02 1.27632E-01 1.62656E-01 4.43689E-01 6.44316E-01 8.76718E-02 2.97183E-02 1.36613E-03 1.60347E+00
4.56030E-03 3.19526E-02 8.26534E-02 1.27393E-01 1.61828E-01 4.42590E-01 6.45616E-01 8.78470E-02 3.19526E-02 4.56030E-03 1.57371E+00
7.37287E-03 3.38851E-02 8.28576E-02 1.27026E-01 1.60898E-01 4.41255E-01 6.46394E-01 8.78898E-02 3.38851E-02 7.37287E-03 1.54377E+00
9.86118E-03 3.55625E-02 8.29479E-02 1.26557E-01 1.59891E-01 4.39731E-01 6.46738E-01 8.78253E-02 3.55625E-02 9.86118E-03 1.51395E+00
1.20718E-02 3.70229E-02 8.29447E-02 1.26008E-01 1.58826E-01 4.38060E-01 6.46721E-01 8.76734E-02 3.70229E-02 1.20718E-02 1.48448E+00
1.40432E-02 3.82974E-02 8.28643E-02 1.25394E-01 1.57718E-01 4.36271E-01 6.46399E-01 8.74500E-02 3.82974E-02 1.40432E-02 1.45553E+00
1.58070E-02 3.94117E-02 8.27199E-02 1.24730E-01 1.56580E-01 4.34391E-01 6.45822E-01 8.71682E-02 3.94117E-02 1.58070E-02 1.42720E+00
1.73897E-02 4.03873E-02 8.25225E-02 1.24026E-01 1.55420E-01 4.32440E-01 6.45028E-01 8.68385E-02 4.03873E-02 1.73897E-02 1.39957E+00
1.88139E-02 4.12421E-02 8.22810E-02 1.23290E-01 1.54246E-01 4.30434E-01 6.44050E-01 8.64696E-02 4.12421E-02 1.88139E-02 1.37269E+00
2.00983E-02 4.19914E-02 8.20029E-02 1.22531E-01 1.53065E-01 4.28387E-01 6.42916E-01 8.60688E-02 4.19914E-02 2.00983E-02 1.34658E+00
2.12592E-02 4.26479E-02 8.16945E-02 1.21754E-01 1.51881E-01 4.26311E-01 6.41649E-01 8.56419E-02 4.26479E-02 2.12592E-02 1.32126E+00
2.23104E-02 4.32229E-02 8.13608E-02 1.20964E-01 1.50699E-01 4.24213E-01 6.40269E-01 8.51941E-02 4.32229E-02 2.23104E-02 1.29671E+00
2.32639E-02 4.37258E-02 8.10064E-02 1.20165E-01 1.49521E-01 4.22103E-01 6.38793E-01 8.47294E-02 4.37258E-02 2.32639E-02 1.27295E+00
2.41302E-02 4.41647E-02 8.06350E-02 1.19360E-01 1.48350E-01 4.19986E-01 6.37234E-01 8.42513E-02 4.41647E-02 2.41302E-02 1.24994E+00
2.49182E-02 4.45467E-02 8.02495E-02 1.18552E-01 1.47189E-01 4.17868E-01 6.35606E-01 8.37628E-02 4.45467E-02 2.49182E-02 1.22768E+00
2.56357E-02 4.48782E-02 7.98529E-02 1.17744E-01 1.46038E-01 4.15753E-01 6.33919E-01 8.32664E-02 4.48782E-02 2.56357E-02 1.20614E+00
2.62899E-02 4.51643E-02 7.94472E-02 1.16937E-01 1.44899E-01 4.13644E-01 6.32182E-01 8.27642E-02 4.51643E-02 2.62899E-02 1.18531E+00
2.68867E-02 4.54100E-02 7.90346E-02 1.16132E-01 1.43774E-01 4.11545E-01 6.30404E-01 8.22580E-02 4.54100E-02 2.68867E-02 1.16515E+00
2.74315E-02 4.56193E-02 7.86165E-02 1.15332E-01 1.42662E-01 4.09458E-01 6.28590E-01 8.17493E-02 4.56193E-02 2.74315E-02 1.14565E+00
2.79292E-02 4.57959E-02 7.81945E-02 1.14537E-01 1.41565E-01 4.07385E-01 6.26748E-01 8.12393E-02 4.57959E-02 2.79292E-02 1.12678E+00
2.83839E-02 4.59431E-02 7.77698E-02 1.13748E-01 1.40482E-01 4.05328E-01 6.24882E-01 8.07293E-02 4.59431E-02 2.83839E-02 1.10852E+00
2.87996E-02 4.60638E-02 7.73435E-02 1.12966E-01 1.39415E-01 4.03288E-01 6.22997E-01 8.02200E-02 4.60638E-02 2.87996E-02 1.09084E+00
2.91795E-02 4.61606E-02 7.69163E-02 1.12192E-01 1.38364E-01 4.01266E-01 6.21097E-01 7.97124E-02 4.61606E-02 2.91795E-02 1.07372E+00
2.95268E-02 4.62357E-02 7.64892E-02 1.11425E-01 1.37327E-01 3.99263E-01 6.19186E-01 7.92070E-02 4.62357E-02 2.95268E-02 1.05714E+00
2.98441E-02 4.62912E-02 7.60627E-02 1.10667E-01 1.36307E-01 3.97281E-01 6.17267E-01 7.87045E-02 4.62912E-02 2.98441E-02 1.04108E+00
3.01339E-02 4.63289E-02 7.56375E-02 1.09917E-01 1.35302E-01 3.95319E-01 6.15341E-01 7.82052E-02 4.63289E-02 3.01339E-02 1.02551E+00
3.03984E-02 4.63505E-02 7.52140E-02 1.09177E-01 1.34312E-01 3.93377E-01 6.13413E-01 7.77097E-02 4.63505E-02 3.03984E-02 1.01041E+00
3.06398E-02 4.63575E-02 7.47927E-02 1.08445E-01 1.33338E-01 3.91457E-01 6.11484E-01 7.72183E-02 4.63575E-02 3.06398E-02 9.95773E-01
3.08597E-02 4.63512E-02 7.43739E-02 1.07722E-01 1.32379E-01 3.89559E-01 6.09555E-01 7.67312E-02 4.63512E-02 3.08597E-02 9.81571E-01
3.10598E-02 4.63328E-02 7.39579E-02 1.07009E-01 1.31435E-01 3.87682E-01 6.07629E-01 7.62486E-02 4.63328E-02 3.10598E-02 9.67788E-01
3.12417E-02 4.63034E-02 7.35450E-02 1.06305E-01 1.30506E-01 3.85826E-01 6.05707E-01 7.57709E-02 4.63034E-02 3.12417E-02 9.54408E-01
3.14067E-02 4.62640E-02 7.31354E-02 1.05610E-01 1.29592E-01 3.83993E-01 6.03790E-01 7.52980E-02 4.62640E-02 3.14067E-02 9.41414E-01
3.15561E-02 4.62155E-02 7.27292E-02 1.04925E-01 1.28692E-01 3.82180E-01 6.01879E-01 7.48301E-02 4.62155E-02 3.15561E-02 9.28790E-01
3.16910E-02 4.61587E-02 7.23267E-02 1.04249E-01 1.27806E-01 3.80390E-01 5.99975E-01 7.43674E-02 4.61587E-02 3.16910E-02 9.16523E-01
3.18124E-02 4.60944E-02 7.19280E-02 1.03582E-01 1.26935E-01 3.78620E-01 5.98080E-01 7.39099E-02 4.60944E-02 3.18124E-02 9.04597E-01
3.19214E-02 4.60231E-02 7.15331E-02 1.02924E-01 1.26076E-01 3.76872E-01 5.96194E-01 7.34576E-02 4.60231E-02 3.19214E-02 8.92999E-01
3.20188E-02 4.59457E-02 7.11421E-02 1.02275E-01 1.25232E-01 3.75145E-01 5.94317E-01 7.30105E-02 4.59457E-02 3.20188E-02 8.81718E-01
3.21055E-02 4.58625E-02 7.07552E-02 1.01635E-01 1.24400E-01 3.73438E-01 5.92450E-01 7.25688E-02 4.58625E-02 3.21055E-02 8.70739E-01
3.21821E-02 4.57741E-02 7.03723E-02 1.01004E-01 1.23582E-01 3.71752E-01 5.90594E-01 7.21324E-02 4.57741E-02 3.21821E-02 8.60053E-01
3.22493E-02 4.56810E-02 6.99935E-02 1.00381E-01 1.22776E-01 3.70086E-01 5.88749E-01 7.17012E-02 4.56810E-02 3.22493E-02 8.49647E-01
3.23079E-02 4.55837E-02 6.96188E-02 9.97676E-02 1.21982E-01 3.68441E-01 5.86915E-01 7.12753E-02 4.55837E-02 3.23079E-02 8.39511E-01
3.23584E-02 4.54824E-02 6.92482E-02 9.91623E-02 1.21201E-01 3.66815E-01 5.85093E-01 7.08546E-02 4.54824E-02 3.23584E-02 8.29635E-01
0.00000E+00 0.00000E+00 4.97725E-02 1.06010E-01 1.48749E-01 4.52651E-01 6.46762E-01 5.76289E-02 0.00000E+00 0.00000E+00 1.29913E+00
0.00000E+00 0.00000E+00 5.20984E-02 1.06692E-01 1.47739E-01 4.53111E-01 6.56341E-01 5.94524E-02 0.00000E+00 0.00000E+00 1.35345E+00
0.00000E+00 3.81443E-03 5.38207E-02 1.06903E-01 1.46488E-01 4.52204E-01 6.62243E-01 6.07370E-02 3.81443E-03 0.00000E+00 1.36853E+00
0.00000E+00 8.38975E-03 5.50762E-02 1.06751E-01 1.45033E-01 4.50412E-01 6.65775E-01 6.16002E-02 8.38975E-03 0.00000E+00 1.36409E+00
0.00000E+00 1.20797E-02 5.59671E-02 1.06324E-01 1.43426E-01 4.48023E-01 6.67659E-01 6.21344E-02 1.20797E-02 0.00000E+00 1.35043E+00
0.00000E+00 1.50998E-02 5.65877E-02 1.05711E-01 1.41737E-01 4.45245E-01 6.68353E-01 6.24288E-02 1.50998E-02 0.00000E+00 1.33101E+00
0.00000E+00 1.76009E-02 5.70038E-02 1.04969E-01 1.40007E-01 4.42215E-01 6.68166E-01 6.25448E-02 1.76009E-02 0.00000E+00 1.30805E+00
0.00000E+00 1.96920E-02 5.72627E-02 1.04139E-01 1.38266E-01 4.39026E-01 6.67318E-01 6.25264E-02 1.96920E-02 0.00000E+00 1.28304E+00
9.73333E-04 2.14589E-02 5.74127E-02 1.03268E-01 1.36556E-01 4.35771E-01 6.65985E-01 6.24206E-02 2.14589E-02 9.73333E-04 1.25459E+00
3.23435E-03 2.29638E-02 5.74769E-02 1.02373E-01 1.34881E-01 4.32486E-01 6.64279E-01 6.22473E-02 2.29638E-02 3.23435E-03 1.22265E+00
5.20679E-03 2.42447E-02 5.74515E-02 1.01434E-01 1.33209E-01 4.29148E-01 6.62255E-01 6.19985E-02 2.42447E-02 5.20679E-03 1.19145E+00
6.93592E-03 2.53384E-02 5.73545E-02 1.00465E-01 1.31550E-01 4.25784E-01 6.59980E-01 6.16908E-02 2.53384E-02 6.93592E-03 1.16115E+00
8.45833E-03 2.62743E-02 5.72000E-02 9.94788E-02 1.29911E-01 4.22416E-01 6.57508E-01 6.13372E-02 2.62743E-02 8.45833E-03 1.13186E+00
9.80386E-03 2.70764E-02 5.69995E-02 9.84831E-02 1.28297E-01 4.19059E-01 6.54880E-01 6.09481E-02 2.70764E-02 9.80386E-03 1.10361E+00
1.09971E-02 2.77642E-02 5.67618E-02 9.74846E-02 1.26712E-01 4.15725E-01 6.52131E-01 6.05315E-02 2.77642E-02 1.09971E-02 1.07643E+00
1.20584E-02 2.83541E-02 5.64945E-02 9.64883E-02 1.25158E-01 4.12423E-01 6.49289E-01 6.00942E-02 2.83541E-02 1.20584E-02 1.05032E+00
1.30048E-02 2.88596E-02 5.62033E-02 9.54980E-02 1.23636E-01 4.09159E-01 6.46375E-01 5.96412E-02 2.88596E-02 1.30048E-02 1.02526E+00
1.38509E-02 2.92919E-02 5.58933E-02 9.45166E-02 1.22148E-01 4.05938E-01 6.43407E-01 5.91770E-02 2.92919E-02 1.38509E-02 1.00122E+00
1.46086E-02 2.96606E-02 5.55684E-02 9.35465E-02 1.20694E-01 4.02764E-01 6.40402E-01 5.87049E-02 2.96606E-02 1.46086E-02 9.78159E-01
1.52886E-02 2.99739E-02 5.52320E-02 9.25892E-02 1.19274E-01 3.99639E-01 6.37371E-01 5.82277E-02 2.99739E-02 1.52886E-02 9.56048E-01
1.58997E-02 3.02386E-02 5.48866E-02 9.16461E-02 1.17887E-01 3.96565E-01 6.34324E-01 5.77478E-02 3.02386E-02 1.58997E-02 9.34845E-01
1.64496E-02 3.04607E-02 5.45347E-02 9.07180E-02 1.16534E-01 3.93543E-01 6.31270E-01 5.72669E-02 3.04607E-02 1.64496E-02 9.14509E-01
1.69449E-02 3.06453E-02 5.41782E-02 8.98056E-02 1.15213E-01 3.90573E-01 6.28217E-01 5.67867E-02 3.06453E-02 1.69449E-02 8.94999E-01
1.73915E-02 3.07968E-02 5.38185E-02 8.89093E-02 1.13924E-01 3.87655E-01 6.25169E-01 5.63083E-02 3.07968E-02 1.73915E-02 8.76275E-01
1.77944E-02 3.09190E-02 5.34571E-02 8.80293E-02 1.12666E-01 3.84789E-01 6.22131E-01 5.58328E-02 3.09190E-02 1.77944E-02 8.58298E-01
1.81580E-02 3.10152E-02 5.30950E-02 8.71658E-02 1.11439E-01 3.81975E-01 6.19108E-01 5.53609E-02 3.10152E-02 1.81580E-02 8.41031E-01
1.84863E-02 3.10884E-02 5.27331E-02 8.63188E-02 1.10241E-01 3.79213E-01 6.16103E-01 5.48934E-02 3.10884E-02 1.84863E-02 8.24438E-01
1.87827E-02 3.11410E-02 5.23722E-02 8.54881E-02 1.09072E-01 3.76500E-01 6.13119E-01 5.44308E-02 3.11410E-02 1.87827E-02 8.08486E-01
1.90502E-02 3.11755E-02 5.20129E-02 8.46736E-02 1.07931E-01 3.73838E-01 6.10158E-01 5.39734E-02 3.11755E-02 1.90502E-02 7.93141E-01
1.92916E-02 3.11936E-02 5.16558E-02 8.38752E-02 1.06817E-01 3.71224E-01 6.07221E-01 5.35217E-02 3.11936E-02 1.92916E-02 7.78372E-01
1.95091E-02 3.11973E-02 5.13013E-02 8.30926E-02 1.05729E-01 3.68657E-01 6.04310E-01 5.30758E-02 3.11973E-02 1.95091E-02 7.64152E-01
1.97051E-02 3.11879E-02 5.09498E-02 8.23254E-02 1.04666E-01 3.66138E-01 6.01427E-01 5.26360E-02 3.11879E-02 1.97051E-02 7.50451E-01
1.98814E-02 3.11670E-02 5.06016E-02 8.15735E-02 1.03628E-01 3.63664E-01 5.98572E-01 5.22024E-02 3.11670E-02 1.98814E-02 7.37245E-01
2.00397E-02 3.11357E-02 5.02569E-02 8.08365E-02 1.02613E-01 3.61234E-01 5.95746E-01 5.17751E-02 3.11357E-02 2.00397E-02 7.24508E-01
2.01815E-02 3.10951E-02 4.99158E-02 8.01140E-02 1.01622E-01 3.58848E-01 5.92950E-01 5.13541E-02 3.10951E-02 2.01815E-02 7.12218E-01
2.03084E-02 3.10461E-02 4.95787E-02 7.94059E-02 1.00652E-01 3.56505E-01 5.90183E-01 5.09395E-02 3.10461E-02 2.03084E-02 7.00353E-01
2.04214E-02 3.09898E-02 4.92455E-02 7.87116E-02 9.97045E-02 3.54203E-01 5.87447E-01 5.05313E-02 3.09898E-02 2.04214E-02 6.88891E-01
2.05219E-02 3.09267E-02 4.89165E-02 7.80309E-02 9.87775E-02 3.51941E-01 5.84741E-01 5.01295E-02 3.09267E-02 2.05219E-02 6.77815E-01
2.06107E-02 3.08577E-02 4.85915E-02 7.73634E-02 9.78707E-02 3.49718E-01 5.82066E-01 4.97340E-02 3.08577E-02 2.06107E-02 6.67106E-01
2.06889E-02 3.07834E-02 4.82708E-02 7.67089E-02 9.69833E-02 3.47534E-01 5.79421E-01 4.93447E-02 3.07834E-02 2.06889E-02 6.56746E-01
2.07572E-02 3.07042E-02 4.79543E-02 7.60669E-02 9.61149E-02 3.45388E-01 5.76806E-01 4.89617E-02 3.07042E-02 2.07572E-02 6.46719E-01
2.08165E-02 3.06209E-02 4.76420E-02 7.54372E-02 9.52646E-02 3.43277E-01 5.74222E-01 4.85848E-02 3.06209E-02 2.08165E-02 6.37011E-01
2.08674E-02 3.05337E-02 4.73340E-02 7.48195E-02 9.44321E-02 3.41203E-01 5.71668E-01 4.82139E-02 3.05337E-02 2.08674E-02 6.27606E-01
2.09107E-02 3.04432E-02 4.70301E-02 7.42133E-02 9.36168E-02 3.39162E-01 5.69143E-01 4.78490E-02 3.04432E-02 2.09107E-02 6.18491E-01
2.09468E-02 3.03497E-02 4.67305E-02 7.36185E-02 9.28180E-02 3.37156E-01 5.66648E-01 4.74900E-02 3.03497E-02 2.09468E-02 6.09653E-01
2.09764E-02 3.02535E-02 4.64351E-02 7.30347E-02 9.20353E-02 3.35182E-01 5.64182E-01 4.71367E-02 3.02535E-02 2.09764E-02 6.01080E-01
2.09999E-02 3.01549E-02 4.61438E-02 7.24616E-02 9.12682E-02 3.33240E-01 5.61745E-01 4.67892E-02 3.01549E-02 2.09999E-02 5.92761E-01
2.10178E-02 3.00543E-02 4.58566E-02 7.18990E-02 9.05162E-02 3.31330E-01 5.59336E-01 4.64472E-02 3.00543E-02 2.10178E-02 5.84685E-01
2.10304E-02 2.99519E-02 4.55734E-02 7.13465E-02 8.97789E-02 3.29449E-01 5.56955E-01 4.61106E-02 2.99519E-02 2.10304E-02 5.76841E-01
2.10383E-02 2.98479E-02 4.52943E-02 7.08040E-02 8.90558E-02 3.27599E-01 5.54603E-01 4.57794E-02 2.98479E-02 2.10383E-02 5.69220E-01
0.00000E+00 0.00000E+00 3.09034E-02 8.97316E-02 1.31242E-01 4.68644E-01 7.06127E-01 3.85983E-02 0.00000E+00 0.00000E+00 1.09964E+00
0.00000E+00 0.00000E+00 3.27246E-02 8.85558E-02 1.27681E-01 4.62512E-01 7.07095E-01 3.96772E-02 0.00000E+00 0.00000E+00 1.12386E+00
0.00000E+00 2.73628E-03 3.40363E-02 8.73181E-02 1.24465E-01 4.56240E-01 7.05739E-01 4.03713E-02 2.73628E-03 0.00000E+00 1.11780E+00
0.00000E+00 5.95910E-03 3.49685E-02 8.60079E-02 1.21449E-01 4.49919E-01 7.02956E-01 4.07696E-02 5.95910E-03 0.00000E+00 1.09788E+00
0.00000E+00 8.50470E-03 3.56121E-02 8.46430E-02 1.18580E-01 4.43630E-01 6.99249E-01 4.09416E-02 8.50470E-03 0.00000E+00 1.07238E+00
0.00000E+00 1.05468E-02 3.60462E-02 8.32627E-02 1.15860E-01 4.37453E-01 6.94945E-01 4.09549E-02 1.05468E-02 0.00000E+00 1.04406E+00
0.00000E+00 1.22051E-02 3.63248E-02 8.18902E-02 1.13283E-01 4.31434E-01 6.90256E-01 4.08547E-02 1.22051E-02 0.00000E+00 1.01458E+00
0.00000E+00 1.35648E-02 3.64861E-02 8.05396E-02 1.10841E-01 4.25595E-01 6.85327E-01 4.06724E-02 1.35648E-02 0.00000E+00 9.84948E-01
6.57489E-04 1.46918E-02 3.65669E-02 7.92359E-02 1.08547E-01 4.19982E-01 6.80289E-01 4.04416E-02 1.46918E-02 6.57489E-04 9.54089E-01
2.17312E-03 1.56330E-02 3.65853E-02 7.79785E-02 1.06385E-01 4.14584E-01 6.75199E-01 4.01751E-02 1.56330E-02 2.17312E-03 9.21850E-01
3.48084E-03 1.64175E-02 3.65407E-02 7.67411E-02 1.04307E-01 4.09330E-01 6.70043E-01 3.98663E-02 1.64175E-02 3.48084E-03 8.91138E-01
4.61497E-03 1.70726E-02 3.64468E-02 7.55285E-02 1.02312E-01 4.04223E-01 6.64862E-01 3.95263E-02 1.70726E-02 4.61497E-03 8.61964E-01
5.60294E-03 1.76200E-02 3.63140E-02 7.43439E-02 1.00397E-01 3.99262E-01 6.59683E-01 3.91638E-02 1.76200E-02 5.60294E-03 8.34297E-01
6.46699E-03 1.80771E-02 3.61506E-02 7.31893E-02 9.85572E-02 3.94446E-01 6.54529E-01 3.87853E-02 1.80771E-02 6.46699E-03 8.08084E-01
7.22522E-03 1.84583E-02 3.59633E-02 7.20656E-02 9.67899E-02 3.89771E-01 6.49417E-01 3.83961E-02 1.84583E-02 7.22522E-03 7.83261E-01
7.89259E-03 1.87750E-02 3.57572E-02 7.09731E-02 9.50913E-02 3.85234E-01 6.44358E-01 3.80000E-02 1.87750E-02 7.89259E-03 7.59755E-01
8.48150E-03 1.90368E-02 3.55365E-02 6.99119E-02 9.34580E-02 3.80830E-01 6.39361E-01 3.76003E-02 1.90368E-02 8.48150E-03 7.37491E-01
9.00232E-03 1.92518E-02 3.53047E-02 6.88814E-02 9.18864E-02 3.76555E-01 6.34433E-01 3.71993E-02 1.92518E-02 9.00232E-03 7.16394E-01
9.46379E-03 1.94264E-02 3.50644E-02 6.78813E-02 9.03733E-02 3.72404E-01 6.29578E-01 3.67990E-02 1.94264E-02 9.46379E-03 6.96393E-01
9.87329E-03 1.95663E-02 3.48180E-02 6.69106E-02 8.89157E-02 3.68372E-01 6.24800E-01 3.64008E-02 1.95663E-02 9.87329E-03 6.77418E-01
1.02371E-02 1.96762E-02 3.45672E-02 6.59685E-02 8.75105E-02 3.64454E-01 6.20101E-01 3.60060E-02 1.96762E-02 1.02371E-02 6.59403E-01
1.05607E-02 1.97601E-02 3.43135E-02 6.50542E-02 8.61552E-02 3.60645E-01 6.15481E-01 3.56155E-02 1.97601E-02 1.05607E-02 6.42286E-01
1.08487E-02 1.98213E-02 3.40582E-02 6.41667E-02 8.48470E-02 3.56942E-01 6.10942E-01 3.52299E-02 1.98213E-02 1.08487E-02 6.26009E-01
1.11050E-02 1.98629E-02 3.38022E-02 6.33051E-02 8.35836E-02 3.53339E-01 6.06483E-01 3.48497E-02 1.98629E-02 1.11050E-02 6.10517E-01
1.13332E-02 1.98873E-02 3.35465E-02 6.24684E-02 8.23626E-02 3.49834E-01 6.02103E-01 3.44755E-02 1.98873E-02 1.13332E-02 5.95761E-01
1.15363E-02 1.98968E-02 3.32915E-02 6.16557E-02 8.11819E-02 3.46420E-01 5.97803E-01 3.41073E-02 1.98968E-02 1.15363E-02 5.81693E-01
1.17169E-02 1.98930E-02 3.30380E-02 6.08660E-02 8.00395E-02 3.43096E-01 5.93580E-01 3.37455E-02 1.98930E-02 1.17169E-02 5.68269E-01
1.18774E-02 1.98778E-02 3.27863E-02 6.00985E-02 7.89336E-02 3.39857E-01 5.89434E-01 3.33902E-02 1.98778E-02 1.18774E-02 5.55451E-01
1.20197E-02 1.98526E-02 3.25368E-02 5.93524E-02 7.78622E-02 3.36700E-01 5.85363E-01 3.30414E-02 1.98526E-02 1.20197E-02 5.43199E-01
1.21458E-02 1.98184E-02 3.22898E-02 5.86268E-02 7.68239E-02 3.33621E-01 5.81365E-01 3.26991E-02 1.98184E-02 1.21458E-02 5.31481E-01
1.22572E-02 1.97766E-02 3.20456E-02 5.79209E-02 7.58171E-02 3.30618E-01 5.77440E-01 3.23635E-02 1.97766E-02 1.22572E-02 5.20262E-01
1.23553E-02 1.97279E-02 3.18042E-02 5.72339E-02 7.48402E-02 3.27687E-01 5.73585E-01 3.20343E-02 1.97279E-02 1.23553E-02 5.09515E-01
1.24414E-02 1.96733E-02 3.15660E-02 5.65651E-02 7.38919E-02 3.24826E-01 5.69799E-01 3.17116E-02 1.96733E-02 1.24414E-02 4.99210E-01
1.25166E-02 1.96135E-02 3.13309E-02 5.59138E-02 7.29710E-02 3.22032E-01 5.66081E-01 3.13953E-02 1.96135E-02 1.25166E-02 4.89323E-01
1.25819E-02 1.95492E-02 3.10990E-02 5.52794E-02 7.20762E-02 3.19302E-01 5.62428E-01 3.10852E-02 1.95492E-02 1.25819E-02 4.79829E-01
1.26382E-02 1.94808E-02 3.08704E-02 5.46611E-02 7.12063E-02 3.16635E-01 5.58840E-01 3.07813E-02 1.94808E-02 1.26382E-02 4.70706E-01
1.26864E-02 1.94090E-02 3.06452E-02 5.40584E-02 7.03603E-02 3.14027E-01 5.55314E-01 3.04834E-02 1.94090E-02 1.26864E-02 4.61935E-01
1.27271E-02 1.93342E-02 3.04234E-02 5.34707E-02 6.95372E-02 3.11477E-01 5.51848E-01 3.01915E-02 1.93342E-02 1.27271E-02 4.53495E-01
1.27610E-02 1.92567E-02 3.02049E-02 5.28975E-02 6.87360E-02 3.08982E-01 5.48442E-01 2.99054E-02 1.92567E-02 1.27610E-02 4.45368E-01
1.27887E-02 1.91770E-02 2.99898E-02 5.23381E-02 6.79558E-02 3.06541E-01 5.45094E-01 2.96249E-02 1.91770E-02 1.27887E-02 4.37539E-01
1.28107E-02 1.90954E-02 2.97780E-02 5.17922E-02 6.71957E-02 3.04151E-01 5.41803E-01 2.93500E-02 1.90954E-02 1.28107E-02 4.29991E-01
1.28276E-02 1.90121E-02 2.95695E-02 5.12591E-02 6.64550E-02 3.01812E-01 5.38566E-01 2.90805E-02 1.90121E-02 1.28276E-02 4.22710E-01
1.28397E-02 1.89275E-02 2.93643E-02 5.07385E-02 6.57328E-02 2.99520E-01 5.35383E-01 2.88163E-02 1.89275E-02 1.28397E-02 4.15683E-01
1.28475E-02 1.88417E-02 2.91624E-02 5.02299E-02 6.50285E-02 2.97275E-01 5.32251E-01 2.85573E-02 1.88417E-02 1.28475E-02 4.08896E-01
1.28513E-02 1.87549E-02 2.89637E-02 4.97329E-02 6.43414E-02 2.95075E-01 5.29171E-01 2.83032E-02 1.87549E-02 1.28513E-02 4.02338E-01
1.28515E-02 1.86674E-02 2.87681E-02 4.92471E-02 6.36708E-02 2.92918E-01 5.26140E-01 2.80541E-02 1.86674E-02 1.28515E-02 3.95997E-01
1.28483E-02 1.85792E-02 2.85756E-02 4.87720E-02 6.30160E-02 2.90804E-01 5.23158E-01 2.78097E-02 1.85792E-02 1.28483E-02 3.89864E-01
1.28420E-02 1.84906E-02 2.83862E-02 4.83074E-02 6.23766E-02 2.88730E-01 5.20222E-01 2.75700E-02 1.84906E-02 1.28420E-02 3.83927E-01
1.28330E-02 1.84016E-02 2.81998E-02 4.78529E-02 6.17519E-02 2.86695E-01 5.17332E-01 2.73348E-02 1.84016E-02 1.28330E-02 3.78179E-01
1.28213E-02 1.83125E-02 2.80164E-02 4.74081E-02 6.11414E-02 2.84699E-01 5.14487E-01 2.71041E-02 1.83125E-02 1.28213E-02 3.72610E-01
0.00000E+00 0.00000E+00 1.56380E-02 7.07897E-02 1.07211E-01 4.73356E-01 7.59429E-01 2.19454E-02 0.00000E+00 0.00000E+00 9.35074E-01
0.00000E+00 0.00000E+00 1.73427E-02 6.84530E-02 1.02064E-01 4.60298E-01 7.49747E-01 2.27576E-02 0.00000E+00 0.00000E+00 9.26365E-01
0.00000E+00 1.82013E-03 1.85546E-02 6.63662E-02 9.77212E-02 4.48531E-01 7.39636E-01 2.32479E-02 1.82013E-03 0.00000E+00 8.98370E-01
0.00000E+00 3.91722E-03 1.94226E-02 6.44265E-02 9.38877E-02 4.37676E-01 7.29387E-01 2.35066E-02 3.91722E-03 0.00000E+00 8.63494E-01
0.00000E+00 5.53262E-03 2.00393E-02 6.25962E-02 9.04261E-02 4.27557E-01 7.19180E-01 2.35960E-02 5.53262E-03 0.00000E+00 8.27542E-01
0.00000E+00 6.79757E-03 2.04764E-02 6.08742E-02 8.72794E-02 4.18107E-01 7.09154E-01 2.35709E-02 6.79757E-03 0.00000E+00 7.92194E-01
0.00000E+00 7.80060E-03 2.07819E-02 5.92551E-02 8.44019E-02 4.09258E-01 6.99384E-01 2.34670E-02 7.80060E-03 0.00000E+00 7.58283E-01
0.00000E+00 8.60358E-03 2.09891E-02 5.77320E-02 8.17566E-02 4.00951E-01 6.89906E-01 2.33084E-02 8.60358E-03 0.00000E+00 7.26189E-01
4.10122E-04 9.25328E-03 2.11268E-02 5.63112E-02 7.93323E-02 3.93180E-01 6.80790E-01 2.31185E-02 9.25328E-03 4.10122E-04 6.94923E-01
1.34741E-03 9.78251E-03 2.12107E-02 5.49804E-02 7.70966E-02 3.85880E-01 6.72017E-01 2.29069E-02 9.78251E-03 1.34741E-03 6.64135E-01
2.14620E-03 1.02116E-02 2.12450E-02 5.37101E-02 7.49968E-02 3.78926E-01 6.63488E-01 2.26703E-02 1.02116E-02 2.14620E-03 6.35568E-01
2.83064E-03 1.05593E-02 2.12405E-02 5.24977E-02 7.30206E-02 3.72294E-01 6.55205E-01 2.24164E-02 1.05593E-02 2.83064E-03 6.09056E-01
3.41983E-03 1.08404E-02 2.12055E-02 5.13403E-02 7.11572E-02 3.65962E-01 6.47167E-01 2.21509E-02 1.08404E-02 3.41983E-03 5.84434E-01
3.92906E-03 1.10664E-02 2.11464E-02 5.02351E-02 6.93971E-02 3.59908E-01 6.39368E-01 2.18781E-02 1.10664E-02 3.92906E-03 5.61544E-01
4.37070E-03 1.12468E-02 2.10682E-02 4.91790E-02 6.77316E-02 3.54113E-01 6.31803E-01 2.16014E-02 1.12468E-02 4.37070E-03 5.40236E-01
4.75483E-03 1.13890E-02 2.09750E-02 4.81692E-02 6.61529E-02 3.48560E-01 6.24463E-01 2.13232E-02 1.13890E-02 4.75483E-03 5.20376E-01
5.08975E-03 1.14993E-02 2.08699E-02 4.72030E-02 6.46544E-02 3.43232E-01 6.17341E-01 2.10453E-02 1.14993E-02 5.08975E-03 5.01835E-01
5.38236E-03 1.15826E-02 2.07555E-02 4.62778E-02 6.32297E-02 3.38115E-01 6.10429E-01 2.07691E-02 1.15826E-02 5.38236E-03 4.84502E-01
5.63838E-03 1.16432E-02 2.06340E-02 4.53912E-02 6.18733E-02 3.33195E-01 6.03718E-01 2.04958E-02 1.16432E-02 5.63838E-03 4.68271E-01
5.86265E-03 1.16844E-02 2.05069E-02 4.45408E-02 6.05802E-02 3.28460E-01 5.97200E-01 2.02261E-02 1.16844E-02 5.86265E-03 4.53051E-01
6.05925E-03 1.17092E-02 2.03757E-02 4.37245E-02 5.93460E-02 3.23899E-01 5.90868E-01 1.99606E-02 1.17092E-02 6.05925E-03 4.38756E-01
6.23164E-03 1.17201E-02 2.02415E-02 4.29404E-02 5.81665E-02 3.19502E-01 5.84712E-01 1.96998E-02 1.17201E-02 6.23164E-03 4.25311E-01
6.38278E-03 1.17190E-02 2.01052E-02 4.21865E-02 5.70379E-02 3.15258E-01 5.78727E-01 1.94439E-02 1.17190E-02 6.38278E-03 4.12647E-01
6.51521E-03 1.17076E-02 1.99675E-02 4.14613E-02 5.59570E-02 3.11160E-01 5.72905E-01 1.91931E-02 1.17076E-02 6.51521E-03 4.00701E-01
6.63112E-03 1.16875E-02 1.98291E-02 4.07629E-02 5.49206E-02 3.07199E-01 5.67238E-01 1.89476E-02 1.16875E-02 6.63112E-03 3.89418E-01
6.73239E-03 1.16600E-02 1.96904E-02 4.00901E-02 5.39259E-02 3.03367E-01 5.61721E-01 1.87074E-02 1.16600E-02 6.73239E-03 3.78747E-01
6.82068E-03 1.16260E-02 1.95519E-02 3.94413E-02 5.29704E-02 2.99657E-01 5.56347E-01 1.84725E-02 1.16260E-02 6.82068E-03 3.68642E-01
6.89741E-03 1.15866E-02 1.94139E-02 3.88154E-02 5.20516E-02 2.96064E-01 5.51111E-01 1.82429E-02 1.15866E-02 6.89741E-03 3.59060E-01
6.96383E-03 1.15425E-02 1.92768E-02 3.82110E-02 5.11674E-02 2.92581E-01 5.46006E-01 1.80186E-02 1.15425E-02 6.96383E-03 3.49964E-01
7.02104E-03 1.14944E-02 1.91406E-02 3.76271E-02 5.03158E-02 2.89203E-01 5.41028E-01 1.77995E-02 1.14944E-02 7.02104E-03 3.41319E-01
7.07001E-03 1.14429E-02 1.90056E-02 3.70625E-02 4.94950E-02 2.85924E-01 5.36171E-01 1.75854E-02 1.14429E-02 7.07001E-03 3.33094E-01
7.11159E-03 1.13885E-02 1.88720E-02 3.65165E-02 4.87031E-02 2.82740E-01 5.31431E-01 1.73764E-02 1.13885E-02 7.11159E-03 3.25260E-01
7.14654E-03 1.13317E-02 1.87399E-02 3.59879E-02 4.79387E-02 2.79646E-01 5.26802E-01 1.71722E-02 1.13317E-02 7.14654E-03 3.17791E-01
7.17551E-03 1.12729E-02 1.86093E-02 3.54760E-02 4.72003E-02 2.76638E-01 5.22282E-01 1.69728E-02 1.12729E-02 7.17551E-03 3.10662E-01
7.19911E-03 1.12123E-02 1.84803E-02 3.49800E-02 4.64865E-02 2.73712E-01 5.17865E-01 1.67781E-02 1.12123E-02 7.19911E-03 3.03851E-01
7.21787E-03 1.11504E-02 1.83531E-02 3.44991E-02 4.57961E-02 2.70865E-01 5.13548E-01 1.65878E-02 1.11504E-02 7.21787E-03 2.97339E-01
7.23226E-03 1.10873E-02 1.82276E-02 3.40326E-02 4.51278E-02 2.68093E-01 5.09327E-01 1.64020E-02 1.10873E-02 7.23226E-03 2.91106E-01
7.24269E-03 1.10233E-02 1.81038E-02 3.35799E-02 4.44806E-02 2.65392E-01 5.05198E-01 1.62205E-02 1.10233E-02 7.24269E-03 2.85135E-01
7.24955E-03 1.09586E-02 1.79818E-02 3.31403E-02 4.38535E-02 2.62760E-01 5.01159E-01 1.60431E-02 1.09586E-02 7.24955E-03 2.79411E-01
7.25318E-03 1.08934E-02 1.78616E-02 3.27133E-02 4.32455E-02 2.60194E-01 4.97206E-01 1.58698E-02 1.08934E-02 7.25318E-03 2.73918E-01
7.25388E-03 1.08277E-02 1.77431E-02 3.22982E-02 4.26556E-02 2.57691E-01 4.93336E-01 1.57003E-02 1.08277E-02 7.25388E-03 2.68644E-01
7.25194E-03 1.07619E-02 1.76265E-02 3.18947E-02 4.20832E-02 2.55248E-01 4.89545E-01 1.55347E-02 1.07619E-02 7.25194E-03 2.63575E-01
7.24759E-03 1.06959E-02 1.75116E-02 3.15021E-02 4.15272E-02 2.52864E-01 4.85833E-01 1.53728E-02 1.06959E-02 7.24759E-03 2.58701E-01
7.24106E-03 1.06298E-02 1.73985E-02 3.11201E-02 4.09872E-02 2.50535E-01 4.82195E-01 1.52144E-02 1.06298E-02 7.24106E-03 2.54010E-01
7.23256E-03 1.05638E-02 1.72871E-02 3.07482E-02 4.04622E-02 2.48260E-01 4.78629E-01 1.50595E-02 1.05638E-02 7.23256E-03 2.49492E-01
7.22226E-03 1.04980E-02 1.71774E-02 3.03859E-02 3.99518E-02 2.46037E-01 4.75133E-01 1.49080E-02 1.04980E-02 7.22226E-03 2.45138E-01
7.21034E-03 1.04324E-02 1.70694E-02 3.00330E-02 3.94552E-02 2.43864E-01 4.71705E-01 1.47597E-02 1.04324E-02 7.21034E-03 2.40940E-01
7.19695E-03 1.03670E-02 1.69631E-02 2.96890E-02 3.89718E-02 2.41739E-01 4.68342E-01 1.46146E-02 1.03670E-02 7.19695E-03 2.36888E-01
7.18223E-03 1.03020E-02 1.68585E-02 2.93536E-02 3.85013E-02 2.39660E-01 4.65043E-01 1.44726E-02 1.03020E-02 7.18223E-03 2.32977E-01
7.16629E-03 1.02374E-02 1.67554E-02 2.90265E-02 3.80429E-02 2.37625E-01 4.61805E-01 1.43335E-02 1.02374E-02 7.16629E-03 2.29198E-01
0.00000E+00 0.00000E+00 6.11333E-03 5.06520E-02 7.79544E-02 4.61270E-01 7.96725E-01 9.98082E-03 0.00000E+00 0.00000E+00 7.80200E-01
0.00000E+00 0.00000E+00 7.67924E-03 4.78518E-02 7.24570E-02 4.41384E-01 7.74407E-01 1.06245E-02 0.00000E+00 0.00000E+00 7.36472E-01
0.00000E+00 1.05941E-03 8.80271E-03 4.55152E-02 6.80188E-02 4.24400E-01 7.54214E-01 1.10178E-02 1.05941E-03 0.00000E+00 6.88346E-01
0.00000E+00 2.25361E-03 9.62964E-03 4.34685E-02 6.42510E-02 4.09380E-01 7.35578E-01 1.12395E-02 2.25361E-03 0.00000E+00 6.42013E-01
0.00000E+00 3.15048E-03 1.02451E-02 4.16318E-02 6.09635E-02 3.95851E-01 7.18225E-01 1.13398E-02 3.15048E-03 0.00000E+00 5.99807E-01
0.00000E+00 3.83553E-03 1.07094E-02 3.99726E-02 5.80612E-02 3.83568E-01 7.02033E-01 1.13595E-02 3.83553E-03 0.00000E+00 5.61747E-01
0.00000E+00 4.36533E-03 1.10627E-02 3.84648E-02 5.54740E-02 3.72341E-01 6.86885E-01 1.13246E-02 4.36533E-03 0.00000E+00 5.27547E-01
0.00000E+00 4.77870E-03 1.13325E-02 3.70869E-02 5.31485E-02 3.62018E-01 6.72675E-01 1.12523E-02 4.77870E-03 0.00000E+00 4.96820E-01
2.26804E-04 5.10424E-03 1.15401E-02 3.58313E-02 5.10578E-02 3.52532E-01 6.59383E-01 1.11578E-02 5.10424E-03 2.26804E-04 4.68490E-01
7.40794E-04 5.36176E-03 1.16993E-02 3.46795E-02 4.91627E-02 3.43761E-01 6.46898E-01 1.10479E-02 5.36176E-03 7.40794E-04 4.41969E-01
1.17358E-03 5.56384E-03 1.18175E-02 3.36033E-02 4.74135E-02 3.35531E-01 6.35018E-01 1.09225E-02 5.56384E-03 1.17358E-03 4.18027E-01
1.54006E-03 5.72160E-03 1.19031E-02 3.25957E-02 4.57932E-02 3.27787E-01 6.23698E-01 1.07865E-02 5.72160E-03 1.54006E-03 3.96344E-01
1.85188E-03 5.84365E-03 1.19624E-02 3.16503E-02 4.42875E-02 3.20484E-01 6.12898E-01 1.06436E-02 5.84365E-03 1.85188E-03 3.76643E-01
2.11827E-03 5.93669E-03 1.20006E-02 3.07614E-02 4.28843E-02 3.13581E-01 6.02579E-01 1.04966E-02 5.93669E-03 2.11827E-03 3.58686E-01
2.34661E-03 6.00604E-03 1.20214E-02 2.99243E-02 4.15731E-02 3.07043E-01 5.92707E-01 1.03473E-02 6.00604E-03 2.34661E-03 3.42269E-01
2.54288E-03 6.05594E-03 1.20281E-02 2.91344E-02 4.03447E-02 3.00837E-01 5.83251E-01 1.01974E-02 6.05594E-03 2.54288E-03 3.27215E-01
2.71196E-03 6.08980E-03 1.20232E-02 2.83877E-02 3.91912E-02 2.94938E-01 5.74183E-01 1.00479E-02 6.08980E-03 2.71196E-03 3.13372E-01
2.85784E-03 6.11037E-03 1.20088E-02 2.76808E-02 3.81058E-02 2.89320E-01 5.65476E-01 9.89960E-03 6.11037E-03 2.85784E-03 3.00607E-01
2.98385E-03 6.11991E-03 1.19865E-02 2.70105E-02 3.70824E-02 2.83962E-01 5.57109E-01 9.75319E-03 6.11991E-03 2.98385E-03 2.88807E-01
3.09274E-03 6.12026E-03 1.19576E-02 2.63740E-02 3.61157E-02 2.78844E-01 5.49058E-01 9.60906E-03 6.12026E-03 3.09274E-03 2.77870E-01
3.18683E-03 6.11295E-03 1.19234E-02 2.57687E-02 3.52008E-02 2.73949E-01 5.41305E-01 9.46756E-03 6.11295E-03 3.18683E-03 2.67711E-01
3.26807E-03 6.09925E-03 1.18847E-02 2.51923E-02 3.43337E-02 2.69262E-01 5.33831E-01 9.32889E-03 6.09925E-03 3.26807E-03 2.58252E-01
3.33813E-03 6.08021E-03 1.18424E-02 2.46428E-02 3.35105E-02 2.64767E-01 5.26621E-01 9.19320E-03 6.08021E-03 3.33813E-03 2.49427E-01
3.39841E-03 6.05671E-03 1.17970E-02 2.41183E-02 3.27279E-02 2.60452E-01 5.19658E-01 9.06058E-03 6.05671E-03 3.39841E-03 2.41177E-01
3.45013E-03 6.02950E-03 1.17492E-02 2.36170E-02 3.19828E-02 2.56306E-01 5.12929E-01 8.93108E-03 6.02950E-03 3.45013E-03 2.33448E-01
3.49431E-03 5.99920E-03 1.16994E-02 2.31374E-02 3.12726E-02 2.52318E-01 5.06421E-01 8.80471E-03 5.99920E-03 3.49431E-03 2.26195E-01
3.53186E-03 5.96634E-03 1.16479E-02 2.26781E-02 3.05947E-02 2.48477E-01 5.00122E-01 8.68146E-03 5.96634E-03 3.53186E-03 2.19377E-01
3.56355E-03 5.93137E-03 1.15951E-02 2.22378E-02 2.99469E-02 2.44776E-01 4.94021E-01 8.56130E-03 5.93137E-03 3.56355E-03 2.12957E-01
3.59005E-03 5.89466E-03 1.15414E-02 2.18153E-02 2.93273E-02 2.41207E-01 4.88108E-01 8.44417E-03 5.89466E-03 3.59005E-03 2.06901E-01
3.61195E-03 5.85655E-03 1.14868E-02 2.14095E-02 2.87339E-02 2.37760E-01 4.82373E-01 8.33002E-03 5.85655E-03 3.61195E-03 2.01181E-01
3.62977E-03 5.81731E-03 1.14317E-02 2.10194E-02 2.81652E-02 2.34431E-01 4.76808E-01 8.21879E-03 5.81731E-03 3.62977E-03 1.95770E-01
3.64396E-03 5.77718E-03 1.13762E-02 2.06441E-02 2.76194E-02 2.31211E-01 4.71404E-01 8.11041E-03 5.77718E-03 3.64396E-03 1.90644E-01
3.65491E-03 5.73636E-03 1.13204E-02 2.02828E-02 2.70953E-02 2.28097E-01 4.66154E-01 8.00479E-03 5.73636E-03 3.65491E-03 1.85782E-01
3.66297E-03 5.69502E-03 1.12645E-02 1.99346E-02 2.65915E-02 2.25081E-01 4.61050E-01 7.90186E-03 5.69502E-03 3.66297E-03 1.81165E-01
3.66846E-03 5.65332E-03 1.12086E-02 1.95989E-02 2.61069E-02 2.22159E-01 4.56085E-01 7.80154E-03 5.65332E-03 3.66846E-03 1.76774E-01
3.67164E-03 5.61137E-03 1.11528E-02 1.92749E-02 2.56403E-02 2.19326E-01 4.51254E-01 7.70376E-03 5.61137E-03 3.67164E-03 1.72593E-01
3.67276E-03 5.56931E-03 1.10970E-02 1.89621E-02 2.51907E-02 2.16578E-01 4.46551E-01 7.60844E-03 5.56931E-03 3.67276E-03 1.68609E-01
3.67203E-03 5.52720E-03 1.10415E-02 1.86598E-02 2.47573E-02 2.13911E-01 4.41970E-01 7.51549E-03 5.52720E-03 3.67203E-03 1.64808E-01
3.66964E-03 5.48515E-03 1.09863E-02 1.83675E-02 2.43390E-02 2.11321E-01 4.37505E-01 7.42485E-03 5.48515E-03 3.66964E-03 1.61177E-01
3.66578E-03 5.44321E-03 1.09314E-02 1.80847E-02 2.39351E-02 2.08804E-01 4.33152E-01 7.33643E-03 5.44321E-03 3.66578E-03 1.57706E-01
3.66059E-03 5.40144E-03 1.08768E-02 1.78110E-02 2.35449E-02 2.06357E-01 4.28907E-01 7.25017E-03 5.40144E-03 3.66059E-03 1.54385E-01
3.65421E-03 5.35991E-03 1.08227E-02 1.75459E-02 2.31677E-02 2.03977E-01 4.24764E-01 7.16600E-03 5.35991E-03 3.65421E-03 1.51203E-01
3.64676E-03 5.31864E-03 1.07689E-02 1.72890E-02 2.28028E-02 2.01661E-01 4.20721E-01 7.08384E-03 5.31864E-03 3.64676E-03 1.48153E-01
3.63836E-03 5.27767E-03 1.07156E-02 1.70399E-02 2.24495E-02 1.99406E-01 4.16772E-01 7.00363E-03 5.27767E-03 3.63836E-03 1.45227E-01
3.62910E-03 5.23705E-03 1.06628E-02 1.67982E-02 2.21074E-02 1.97209E-01 4.12915E-01 6.92531E-03 5.23705E-03 3.62910E-03 1.42417E-01
3.61908E-03 5.19678E-03 1.06104E-02 1.65636E-02 2.17759E-02 1.95069E-01 4.09146E-01 6.84882E-03 5.19678E-03 3.61908E-03 1.39717E-01
3.60837E-03 5.15690E-03 1.05586E-02 1.63358E-02 2.14545E-02 1.92983E-01 4.05461E-01 6.77409E-03 5.15690E-03 3.60837E-03 1.37119E-01
3.59705E-03 5.11743E-03 1.05072E-02 1.61146E-02 2.11428E-02 1.90948E-01 4.01858E-01 6.70106E-03 5.11743E-03 3.59705E-03 1.34619E-01
3.58519E-03 5.07837E-03 1.04563E-02 1.58995E-02 2.08402E-02 1.88963E-01 3.98333E-01 6.62969E-03 5.07837E-03 3.58519E-03 1.32212E-01
3.57284E-03 5.03973E-03 1.04060E-02 1.56904E-02 2.05465E-02 1.87026E-01 3.94884E-01 6.55992E-03 5.03973E-03 3.57284E-03 1.29891E-01
0.00000E+00 0.00000E+00 2.44506E-03 3.14303E-02 4.74059E-02 4.25822E-01 8.02825E-01 3.30887E-03 0.00000E+00 0.00000E+00 5.84858E-01
0.00000E+00 0.00000E+00 3.71254E-03 2.88595E-02 4.28707E-02 4.00150E-01 7.66816E-01 3.70014E-03 0.00000E+00 0.00000E+00 5.20395E-01
0.00000E+00 4.91106E-04 4.64842E-03 2.68320E-02 3.93577E-02 3.79001E-01 7.36088E-01 3.95744E-03 4.91106E-04 0.00000E+00 4.65515E-01
0.00000E+00 1.03819E-03 5.36144E-03 2.51386E-02 3.64783E-02 3.60843E-01 7.08963E-01 4.11978E-03 1.03819E-03 0.00000E+00 4.19362E-01
0.00000E+00 1.44292E-03 5.91477E-03 2.36794E-02 3.40411E-02 3.44892E-01 6.84588E-01 4.21404E-03 1.44292E-03 0.00000E+00 3.80761E-01
0.00000E+00 1.74718E-03 6.35130E-03 2.24049E-02 3.19452E-02 3.30717E-01 6.62500E-01 4.26245E-03 1.74718E-03 0.00000E+00 3.48182E-01
0.00000E+00 1.97853E-03 6.70009E-03 2.12794E-02 3.01192E-02 3.18000E-01 6.42344E-01 4.27931E-03 1.97853E-03 0.00000E+00 3.20427E-01
0.00000E+00 2.15577E-03 6.98149E-03 2.02763E-02 2.85111E-02 3.06500E-01 6.23839E-01 4.27416E-03 2.15577E-03 0.00000E+00 2.96569E-01
1.04995E-04 2.29234E-03 7.20991E-03 1.93810E-02 2.70906E-02 2.96086E-01 6.06853E-01 4.25462E-03 2.29234E-03 1.04995E-04 2.75534E-01
3.41572E-04 2.39762E-03 7.39628E-03 1.85748E-02 2.58236E-02 2.86585E-01 5.91165E-01 4.22467E-03 2.39762E-03 3.41572E-04 2.56638E-01
5.39124E-04 2.47806E-03 7.54911E-03 1.78354E-02 2.46723E-02 2.77781E-01 5.76464E-01 4.18566E-03 2.47806E-03 5.39124E-04 2.40012E-01
7.05030E-04 2.53887E-03 7.67446E-03 1.71547E-02 2.36211E-02 2.69592E-01 5.62650E-01 4.14024E-03 2.53887E-03 7.05030E-04 2.25294E-01
8.45029E-04 2.58402E-03 7.77712E-03 1.65258E-02 2.26574E-02 2.61951E-01 5.49636E-01 4.09037E-03 2.58402E-03 8.45029E-04 2.12189E-01
9.63636E-04 2.61661E-03 7.86087E-03 1.59428E-02 2.17703E-02 2.54800E-01 5.37349E-01 4.03750E-03 2.61661E-03 9.63636E-04 2.00460E-01
1.06444E-03 2.63907E-03 7.92877E-03 1.54007E-02 2.09509E-02 2.48089E-01 5.25721E-01 3.98272E-03 2.63907E-03 1.06444E-03 1.89910E-01
1.15033E-03 2.65329E-03 7.98328E-03 1.48954E-02 2.01916E-02 2.41776E-01 5.14696E-01 3.92683E-03 2.65329E-03 1.15033E-03 1.80377E-01
1.22365E-03 2.66081E-03 8.02643E-03 1.44230E-02 1.94858E-02 2.35823E-01 5.04224E-01 3.87044E-03 2.66081E-03 1.22365E-03 1.71727E-01
1.28630E-03 2.66285E-03 8.05988E-03 1.39805E-02 1.88281E-02 2.30199E-01 4.94259E-01 3.81401E-03 2.66285E-03 1.28630E-03 1.63847E-01
1.33986E-03 2.66040E-03 8.08502E-03 1.35650E-02 1.82135E-02 2.24874E-01 4.84763E-01 3.75790E-03 2.66040E-03 1.33986E-03 1.56642E-01
1.38564E-03 2.65427E-03 8.10301E-03 1.31740E-02 1.76379E-02 2.19823E-01 4.75699E-01 3.70234E-03 2.65427E-03 1.38564E-03 1.50031E-01
1.42472E-03 2.64512E-03 8.11483E-03 1.28054E-02 1.70977E-02 2.15024E-01 4.67035E-01 3.64755E-03 2.64512E-03 1.42472E-03 1.43946E-01
1.45803E-03 2.63349E-03 8.12130E-03 1.24573E-02 1.65896E-02 2.10458E-01 4.58743E-01 3.59364E-03 2.63349E-03 1.45803E-03 1.38328E-01
1.48633E-03 2.61982E-03 8.12313E-03 1.21280E-02 1.61108E-02 2.06107E-01 4.50798E-01 3.54073E-03 2.61982E-03 1.48633E-03 1.33127E-01
1.51028E-03 2.60450E-03 8.12092E-03 1.18160E-02 1.56588E-02 2.01954E-01 4.43176E-01 3.48889E-03 2.60450E-03 1.51028E-03 1.28299E-01
1.53044E-03 2.58783E-03 8.11518E-03 1.15199E-02 1.52315E-02 1.97986E-01 4.35856E-01 3.43815E-03 2.58783E-03 1.53044E-03 1.23806E-01
1.54727E-03 2.57007E-03 8.10636E-03 1.12386E-02 1.48267E-02 1.94189E-01 4.28819E-01 3.38855E-03 2.57007E-03 1.54727E-03 1.19614E-01
1.56120E-03 2.55143E-03 8.09485E-03 1.09708E-02 1.44428E-02 1.90552E-01 4.22046E-01 3.34009E-03 2.55143E-03 1.56120E-03 1.15696E-01
1.57258E-03 2.53211E-03 8.08097E-03 1.07157E-02 1.40781E-02 1.87065E-01 4.15523E-01 3.29279E-03 2.53211E-03 1.57258E-03 1.12025E-01
1.58171E-03 2.51224E-03 8.06502E-03 1.04724E-02 1.37313E-02 1.83718E-01 4.09234E-01 3.24664E-03 2.51224E-03 1.58171E-03 1.08580E-01
1.58886E-03 2.49197E-03 8.04726E-03 1.02400E-02 1.34010E-02 1.80501E-01 4.03165E-01 3.20162E-03 2.49197E-03 1.58886E-03 1.05340E-01
1.59425E-03 2.47140E-03 8.02791E-03 1.00178E-02 1.30861E-02 1.77408E-01 3.97305E-01 3.15771E-03 2.47140E-03 1.59425E-03 1.02288E-01
1.59810E-03 2.45062E-03 8.00716E-03 9.80517E-03 1.27856E-02 1.74430E-01 3.91642E-01 3.11489E-03 2.45062E-03 1.59810E-03 9.94072E-02
1.60058E-03 2.42971E-03 7.98519E-03 9.60145E-03 1.24983E-02 1.71561E-01 3.86165E-01 3.07315E-03 2.42971E-03 1.60058E-03 9.66849E-02
1.60185E-03 2.40874E-03 7.96215E-03 9.40611E-03 1.22236E-02 1.68794E-01 3.80865E-01 3.03245E-03 2.40874E-03 1.60185E-03 9.41081E-02
1.60204E-03 2.38776E-03 7.93817E-03 9.21862E-03 1.19605E-02 1.66124E-01 3.75732E-01 2.99277E-03 2.38776E-03 1.60204E-03 9.16655E-02
1.60127E-03 2.36682E-03 7.91339E-03 9.03852E-03 1.17083E-02 1.63546E-01 3.70758E-01 2.95408E-03 2.36682E-03 1.60127E-03 8.93469E-02
1.59966E-03 2.34595E-03 7.88789E-03 8.86537E-03 1.14665E-02 1.61055E-01 3.65934E-01 2.91635E-03 2.34595E-03 1.59966E-03 8.71433E-02
1.59729E-03 2.32521E-03 7.86178E-03 8.69877E-03 1.12342E-02 1.58645E-01 3.61255E-01 2.87955E-03 2.32521E-03 1.59729E-03 8.50462E-02
1.59425E-03 2.30460E-03 7.83515E-03 8.53835E-03 1.10111E-02 1.56314E-01 3.56712E-01 2.84367E-03 2.30460E-03 1.59425E-03 8.30482E-02
1.59061E-03 2.28416E-03 7.80806E-03 8.38377E-03 1.07965E-02 1.54056E-01 3.52300E-01 2.80865E-03 2.28416E-03 1.59061E-03 8.11425E-02
1.58645E-03 2.26390E-03 7.78058E-03 8.23471E-03 1.05900E-02 1.51869E-01 3.48012E-01 2.77449E-03 2.26390E-03 1.58645E-03 7.93228E-02
1.58182E-03 2.24384E-03 7.75278E-03 8.09088E-03 1.03911E-02 1.49748E-01 3.43843E-01 2.74116E-03 2.24384E-03 1.58182E-03 7.75835E-02
1.57677E-03 2.22400E-03 7.72471E-03 7.95200E-03 1.01994E-02 1.47692E-01 3.39788E-01 2.70862E-03 2.22400E-03 1.57677E-03 7.59193E-02
1.57136E-03 2.20438E-03 7.69642E-03 7.81783E-03 1.00145E-02 1.45695E-01 3.35841E-01 2.67686E-03 2.20438E-03 1.57136E-03 7.43254E-02
1.56562E-03 2.18499E-03 7.66794E-03 7.68811E-03 9.83606E-03 1.43757E-01 3.31998E-01 2.64584E-03 2.18499E-03 1.56562E-03 7.27976E-02
1.55960E-03 2.16584E-03 7.63933E-03 7.56264E-03 9.66376E-03 1.41874E-01 3.28255E-01 2.61555E-03 2.16584E-03 1.55960E-03 7.13318E-02
1.55332E-03 2.14694E-03 7.61061E-03 7.44120E-03 9.49728E-03 1.40044E-01 3.24607E-01 2.58596E-03 2.14694E-03 1.55332E-03 6.99243E-02
1.54682E-03 2.12829E-03 7.58181E-03 7.32360E-03 9.33633E-03 1.38264E-01 3.21051E-01 2.55705E-03 2.12829E-03 1.54682E-03 6.85717E-02
1.54013E-03 2.10989E-03 7.55297E-03 7.20965E-03 9.18062E-03 1.36533E-01 3.17583E-01 2.52879E-03 2.10989E-03 1.54013E-03 6.72709E-02
1.53327E-03 2.09174E-03 7.52411E-03 7.09920E-03 9.02992E-03 1.34848E-01 3.14199E-01 2.50118E-03 2.09174E-03 1.53327E-03 6.60188E-02
0.00000E+00 0.00000E+00 3.25055E-03 1.57017E-02 2.19143E-02 3.60730E-01 7.57472E-01 7.07140E-04 0.00000E+00 0.00000E+00 3.41269E-01
0.00000E+00 0.00000E+00 4.18607E-03 1.39250E-02 1.91970E-02 3.31944E-01 7.09217E-01 8.40649E-04 0.00000E+00 0.00000E+00 2.87095E-01
0.00000E+00 1.57640E-04 4.88740E-03 1.25978E-02 1.71820E-02 3.08935E-01 6.69576E-01 9.48407E-04 1.57640E-04 0.00000E+00 2.46767E-01
0.00000E+00 3.37633E-04 5.42794E-03 1.15385E-02 1.55890E-02 2.89675E-01 6.35647E-01 1.02859E-03 3.37633E-04 0.00000E+00 2.15720E-01
0.00000E+00 4.73718E-04 5.85145E-03 1.06602E-02 1.42816E-02 2.73121E-01 6.05934E-01 1.08549E-03 4.73718E-04 0.00000E+00 1.91328E-01
0.00000E+00 5.77675E-04 6.18681E-03 9.91746E-03 1.31864E-02 2.58691E-01 5.79605E-01 1.12519E-03 5.77675E-04 0.00000E+00 1.71744E-01
0.00000E+00 6.57720E-04 6.45446E-03 9.27952E-03 1.22541E-02 2.45965E-01 5.56045E-01 1.15212E-03 6.57720E-04 0.00000E+00 1.55724E-01
0.00000E+00 7.19686E-04 6.66923E-03 8.72454E-03 1.14497E-02 2.34634E-01 5.34791E-01 1.16951E-03 7.19686E-04 0.00000E+00 1.42407E-01
3.82633E-05 7.67569E-04 6.84120E-03 8.23925E-03 1.07516E-02 2.24517E-01 5.15585E-01 1.17968E-03 7.67569E-04 3.82633E-05 1.31034E-01
1.24578E-04 8.04412E-04 6.97895E-03 7.81014E-03 1.01387E-02 2.15405E-01 4.98099E-01 1.18423E-03 8.04412E-04 1.24578E-04 1.21108E-01
1.96735E-04 8.32837E-04 7.09017E-03 7.42361E-03 9.59046E-03 2.07061E-01 4.81928E-01 1.18442E-03 8.32837E-04 1.96735E-04 1.12536E-01
2.57365E-04 8.54549E-04 7.17938E-03 7.07350E-03 9.09697E-03 1.99387E-01 4.66917E-01 1.18127E-03 8.54549E-04 2.57365E-04 1.05067E-01
3.08523E-04 8.70868E-04 7.25023E-03 6.75481E-03 8.65042E-03 1.92302E-01 4.52936E-01 1.17556E-03 8.70868E-04 3.08523E-04 9.85063E-02
3.51837E-04 8.82825E-04 7.30566E-03 6.46341E-03 8.24437E-03 1.85736E-01 4.39875E-01 1.16788E-03 8.82825E-04 3.51837E-04 9.27018E-02
3.88607E-04 8.91236E-04 7.34807E-03 6.19590E-03 7.87356E-03 1.79632E-01 4.27638E-01 1.15869E-03 8.91236E-04 3.88607E-04 8.75320E-02
4.19882E-04 8.96749E-04 7.37943E-03 5.94940E-03 7.53357E-03 1.73939E-01 4.16144E-01 1.14835E-03 8.96749E-04 4.19882E-04 8.28998E-02
4.46517E-04 8.99887E-04 7.40138E-03 5.72151E-03 7.22070E-03 1.68617E-01 4.05323E-01 1.13716E-03 8.99887E-04 4.46517E-04 7.87266E-02
4.69210E-04 9.01069E-04 7.41528E-03 5.51017E-03 6.93185E-03 1.63628E-01 3.95113E-01 1.12533E-03 9.01069E-04 4.69210E-04 7.49478E-02
4.88541E-04 9.00641E-04 7.42228E-03 5.31362E-03 6.66434E-03 1.58940E-01 3.85461E-01 1.11304E-03 9.00641E-04 4.88541E-04 7.15106E-02
5.04989E-04 8.98881E-04 7.42333E-03 5.13035E-03 6.41591E-03 1.54526E-01 3.76318E-01 1.10043E-03 8.98881E-04 5.04989E-04 6.83707E-02
5.18957E-04 8.96023E-04 7.41927E-03 4.95903E-03 6.18457E-03 1.50362E-01 3.67643E-01 1.08762E-03 8.96023E-04 5.18957E-04 6.54914E-02
5.30783E-04 8.92255E-04 7.41078E-03 4.79854E-03 5.96865E-03 1.46426E-01 3.59399E-01 1.07469E-03 8.92255E-04 5.30783E-04 6.28415E-02
5.40752E-04 8.87739E-04 7.39847E-03 4.64787E-03 5.76664E-03 1.42698E-01 3.51552E-01 1.06173E-03 8.87739E-04 5.40752E-04 6.03946E-02
5.49108E-04 8.82606E-04 7.38285E-03 4.50613E-03 5.57725E-03 1.39163E-01 3.44072E-01 1.04878E-03 8.82606E-04 5.49108E-04 5.81283E-02
5.56057E-04 8.76966E-04 7.36436E-03 4.37256E-03 5.39934E-03 1.35805E-01 3.36933E-01 1.03589E-03 8.76966E-04 5.56057E-04 5.60232E-02
5.61779E-04 8.70914E-04 7.34339E-03 4.24646E-03 5.23191E-03 1.32611E-01 3.30110E-01 1.02310E-03 8.70914E-04 5.61779E-04 5.40628E-02
5.66424E-04 8.64528E-04 7.32026E-03 4.12722E-03 5.07406E-03 1.29568E-01 3.23582E-01 1.01045E-03 8.64528E-04 5.66424E-04 5.22324E-02
5.70126E-04 8.57875E-04 7.29527E-03 4.01429E-03 4.92499E-03 1.26666E-01 3.17328E-01 9.97938E-04 8.57875E-04 5.70126E-04 5.05197E-02
5.72998E-04 8.51009E-04 7.26868E-03 3.90719E-03 4.78400E-03 1.23895E-01 3.11332E-01 9.85599E-04 8.51009E-04 5.72998E-04 4.89135E-02
5.75140E-04 8.43979E-04 7.24069E-03 3.80547E-03 4.65046E-03 1.21245E-01 3.05576E-01 9.73442E-04 8.43979E-04 5.75140E-04 4.74042E-02
5.76639E-04 8.36825E-04 7.21151E-03 3.70874E-03 4.52379E-03 1.18710E-01 3.00046E-01 9.61479E-04 8.36825E-04 5.76639E-04 4.59832E-02
5.77570E-04 8.29582E-04 7.18131E-03 3.61663E-03 4.40348E-03 1.16280E-01 2.94727E-01 9.49716E-04 8.29582E-04 5.77570E-04 4.46431E-02
5.78001E-04 8.22279E-04 7.15023E-03 3.52883E-03 4.28907E-03 1.13950E-01 2.89608E-01 9.38158E-04 8.22279E-04 5.78001E-04 4.33771E-02
5.77988E-04 8.14940E-04 7.11841E-03 3.44505E-03 4.18014E-03 1.11714E-01 2.84676E-01 9.26810E-04 8.14940E-04 5.77988E-04 4.21792E-02
5.77584E-04 8.07587E-04 7.08597E-03 3.36500E-03 4.07631E-03 1.09565E-01 2.79922E-01 9.15672E-04 8.07587E-04 5.77584E-04 4.10440E-02
5.76833E-04 8.00237E-04 7.05301E-03 3.28845E-03 3.97724E-03 1.07499E-01 2.75334E-01 9.04747E-04 8.00237E-04 5.76833E-04 3.99668E-02
5.75777E-04 7.92907E-04 7.01962E-03 3.21518E-03 3.88260E-03 1.05510E-01 2.70904E-01 8.94032E-04 7.92907E-04 5.75777E-04 3.89433E-02
5.74450E-04 7.85608E-04 6.98588E-03 3.14497E-03 3.79211E-03 1.03595E-01 2.66625E-01 8.83527E-04 7.85608E-04 5.74450E-04 3.79695E-02
5.72884E-04 7.78352E-04 6.95187E-03 3.07764E-03 3.70551E-03 1.01749E-01 2.62487E-01 8.73231E-04 7.78352E-04 5.72884E-04 3.70418E-02
5.71106E-04 7.71149E-04 6.91765E-03 3.01302E-03 3.62255E-03 9.99686E-02 2.58483E-01 8.63140E-04 7.71149E-04 5.71106E-04 3.61572E-02
5.69143E-04 7.64005E-04 6.88327E-03 2.95095E-03 3.54302E-03 9.82499E-02 2.54607E-01 8.53251E-04 7.64005E-04 5.69143E-04 3.53127E-02
5.67016E-04 7.56928E-04 6.84879E-03 2.89128E-03 3.46670E-03 9.65899E-02 2.50853E-01 8.43563E-04 7.56928E-04 5.67016E-04 3.45056E-02
5.64745E-04 7.49923E-04 6.81424E-03 2.83388E-03 3.39341E-03 9.49855E-02 2.47214E-01 8.34070E-04 7.49923E-04 5.64745E-04 3.37335E-02
5.62348E-04 7.42994E-04 6.77968E-03 2.77862E-03 3.32298E-03 9.34339E-02 2.43685E-01 8.24770E-04 7.42994E-04 5.62348E-04 3.29942E-02
5.59840E-04 7.36145E-04 6.74514E-03 2.72538E-03 3.25524E-03 9.19325E-02 2.40262E-01 8.15659E-04 7.36145E-04 5.59840E-04 3.22857E-02
5.57237E-04 7.29379E-04 6.71064E-03 2.67405E-03 3.19004E-03 9.04788E-02 2.36938E-01 8.06732E-04 7.29379E-04 5.57237E-04 3.16060E-02
5.54549E-04 7.22698E-04 6.67622E-03 2.62454E-03 3.12725E-03 8.90706E-02 2.33710E-01 7.97987E-04 7.22698E-04 5.54549E-04 3.09535E-02
5.51790E-04 7.16104E-04 6.64190E-03 2.57675E-03 3.06674E-03 8.77057E-02 2.30573E-01 7.89418E-04 7.16104E-04 5.51790E-04 3.03267E-02
5.48969E-04 7.09599E-04 6.60771E-03 2.53059E-03 3.00839E-03 8.63821E-02 2.27524E-01 7.81021E-04 7.09599E-04 5.48969E-04 2.97239E-02
5.46095E-04 7.03183E-04 6.57365E-03 2.48598E-03 2.95208E-03 8.50979E-02 2.24559E-01 7.72794E-04 7.03183E-04 5.46095E-04 2.91439E-02
0.00000E+00 0.00000E+00 7.20246E-03 5.45733E-03 6.53552E-03 2.63538E-01 6.40460E-01 9.29322E-05 0.00000E+00 0.00000E+00 1.24306E-01
0.00000E+00 0.00000E+00 7.76960E-03 4.64261E-03 5.51506E-03 2.36442E-01 5.85696E-01 9.88664E-05 0.00000E+00 0.00000E+00 1.01809E-01
0.00000E+00 2.76871E-05 8.14892E-03 4.06562E-03 4.79450E-03 2.15420E-01 5.42139E-01 1.20445E-04 2.76871E-05 0.00000E+00 8.64469E-02
0.00000E+00 6.45429E-05 8.40595E-03 3.62550E-03 4.24735E-03 1.98265E-01 5.05854E-01 1.43815E-04 6.45429E-05 0.00000E+00 7.52571E-02
0.00000E+00 9.60764E-05 8.57784E-03 3.27448E-03 3.81325E-03 1.83845E-01 4.74812E-01 1.64865E-04 9.60764E-05 0.00000E+00 6.67654E-02
0.00000E+00 1.22393E-04 8.68782E-03 2.98733E-03 3.46006E-03 1.71523E-01 4.47870E-01 1.82834E-04 1.22393E-04 0.00000E+00 6.01006E-02
0.00000E+00 1.44110E-04 8.75211E-03 2.74769E-03 3.16683E-03 1.60852E-01 4.24205E-01 1.97771E-04 1.44110E-04 0.00000E+00 5.47236E-02
0.00000E+00 1.61934E-04 8.78220E-03 2.54440E-03 2.91936E-03 1.51504E-01 4.03214E-01 2.09996E-04 1.61934E-04 0.00000E+00 5.02860E-02
1.03977E-05 1.76247E-04 8.78626E-03 2.37038E-03 2.70858E-03 1.43283E-01 3.84536E-01 2.19650E-04 1.76247E-04 1.03977E-05 4.65106E-02
3.41424E-05 1.87609E-04 8.77057E-03 2.21935E-03 2.52655E-03 1.35981E-01 3.67770E-01 2.27081E-04 1.87609E-04 3.41424E-05 4.32193E-02
5.42978E-05 1.96903E-04 8.73989E-03 2.08583E-03 2.36633E-03 1.29382E-01 3.52468E-01 2.32987E-04 1.96903E-04 5.42978E-05 4.03670E-02
7.14439E-05 2.04454E-04 8.69744E-03 1.96693E-03 2.22424E-03 1.23386E-01 3.38438E-01 2.37595E-04 2.04454E-04 7.14439E-05 3.78685E-02
8.60562E-05 2.10535E-04 8.64578E-03 1.86036E-03 2.09739E-03 1.17913E-01 3.25520E-01 2.41102E-04 2.10535E-04 8.60562E-05 3.56593E-02
9.85262E-05 2.15376E-04 8.58693E-03 1.76428E-03 1.98346E-03 1.12896E-01 3.13583E-01 2.43677E-04 2.15376E-04 9.85262E-05 3.36899E-02
1.09177E-04 2.19168E-04 8.52249E-03 1.67722E-03 1.88060E-03 1.08280E-01 3.02515E-01 2.45465E-04 2.19168E-04 1.09177E-04 3.19218E-02
1.18277E-04 2.22074E-04 8.45373E-03 1.59796E-03 1.78727E-03 1.04018E-01 2.92220E-01 2.46587E-04 2.22074E-04 1.18277E-04 3.03244E-02
1.26050E-04 2.24228E-04 8.38170E-03 1.52549E-03 1.70223E-03 1.00069E-01 2.82618E-01 2.47148E-04 2.24228E-04 1.26050E-04 2.88733E-02
1.32683E-04 2.25745E-04 8.30723E-03 1.45898E-03 1.62443E-03 9.64014E-02 2.73638E-01 2.47233E-04 2.25745E-04 1.32683E-04 2.75485E-02
1.38335E-04 2.26720E-04 8.23100E-03 1.39773E-03 1.55299E-03 9.29844E-02 2.65221E-01 2.46919E-04 2.26720E-04 1.38335E-04 2.63337E-02
1.43138E-04 2.27234E-04 8.15356E-03 1.34113E-03 1.48716E-03 8.97933E-02 2.57312E-01 2.46266E-04 2.27234E-04 1.43138E-04 2.52155E-02
1.47206E-04 2.27357E-04 8.07536E-03 1.28867E-03 1.42633E-03 8.68063E-02 2.49867E-01 2.45330E-04 2.27357E-04 1.47206E-04 2.41824E-02
1.50636E-04 2.27147E-04 7.99676E-03 1.23993E-03 1.36995E-03 8.40042E-02 2.42844E-01 2.44155E-04 2.27147E-04 1.50636E-04 2.32250E-02
1.53509E-04 2.26653E-04 7.91807E-03 1.19451E-03 1.31755E-03 8.13703E-02 2.36208E-01 2.42781E-04 2.26653E-04 1.53509E-04 2.23350E-02
1.55898E-04 2.25919E-04 7.83953E-03 1.15210E-03 1.26873E-03 7.88898E-02 2.29926E-01 2.41240E-04 2.25919E-04 1.55898E-04 2.15057E-02
1.57862E-04 2.24981E-04 7.76134E-03 1.11240E-03 1.22315E-03 7.65496E-02 2.23970E-01 2.39561E-04 2.24981E-04 1.57862E-04 2.07309E-02
1.59456E-04 2.23870E-04 7.68366E-03 1.07517E-03 1.18049E-03 7.43381E-02 2.18316E-01 2.37768E-04 2.23870E-04 1.59456E-04 2.00055E-02
1.60724E-04 2.22614E-04 7.60663E-03 1.04018E-03 1.14049E-03 7.22450E-02 2.12939E-01 2.35883E-04 2.22614E-04 1.60724E-04 1.93249E-02
1.61707E-04 2.21236E-04 7.53035E-03 1.00725E-03 1.10292E-03 7.02609E-02 2.07819E-01 2.33923E-04 2.21236E-04 1.61707E-04 1.86851E-02
1.62439E-04 2.19755E-04 7.45491E-03 9.76193E-04 1.06756E-03 6.83776E-02 2.02939E-01 2.31903E-04 2.19755E-04 1.62439E-04 1.80827E-02
1.62950E-04 2.18190E-04 7.38037E-03 9.46860E-04 1.03422E-03 6.65875E-02 1.98281E-01 2.29836E-04 2.18190E-04 1.62950E-04 1.75145E-02
1.63268E-04 2.16555E-04 7.30679E-03 9.19114E-04 1.00274E-03 6.48839E-02 1.93831E-01 2.27736E-04 2.16555E-04 1.63268E-04 1.69777E-02
1.63415E-04 2.14863E-04 7.23422E-03 8.92831E-04 9.72980E-04 6.32608E-02 1.89574E-01 2.25610E-04 2.14863E-04 1.63415E-04 1.64698E-02
1.63412E-04 2.13126E-04 7.16267E-03 8.67900E-04 9.44796E-04 6.17124E-02 1.85497E-01 2.23467E-04 2.13126E-04 1.63412E-04 1.59888E-02
1.63277E-04 2.11354E-04 7.09217E-03 8.44222E-04 9.18072E-04 6.02339E-02 1.81591E-01 2.21316E-04 2.11354E-04 1.63277E-04 1.55325E-02
1.63027E-04 2.09555E-04 7.02273E-03 8.21707E-04 8.92699E-04 5.88206E-02 1.77842E-01 2.19161E-04 2.09555E-04 1.63027E-04 1.50992E-02
1.62674E-04 2.07736E-04 6.95438E-03 8.00272E-04 8.68582E-04 5.74682E-02 1.74244E-01 2.17009E-04 2.07736E-04 1.62674E-04 1.46872E-02
1.62232E-04 2.05904E-04 6.88710E-03 7.79843E-04 8.45630E-04 5.61730E-02 1.70785E-01 2.14864E-04 2.05904E-04 1.62232E-04 1.42951E-02
1.61711E-04 2.04064E-04 6.82089E-03 7.60354E-04 8.23765E-04 5.49314E-02 1.67459E-01 2.12730E-04 2.04064E-04 1.61711E-04 1.39215E-02
1.61122E-04 2.02222E-04 6.75576E-03 7.41742E-04 8.02912E-04 5.37402E-02 1.64257E-01 2.10610E-04 2.02222E-04 1.61122E-04 1.35653E-02
1.60473E-04 2.00381E-04 6.69170E-03 7.23950E-04 7.83005E-04 5.25964E-02 1.61173E-01 2.08508E-04 2.00381E-04 1.60473E-04 1.32252E-02
1.59773E-04 1.98545E-04 6.62870E-03 7.06928E-04 7.63984E-04 5.14972E-02 1.58200E-01 2.06425E-04 1.98545E-04 1.59773E-04 1.29003E-02
1.59027E-04 1.96718E-04 6.56674E-03 6.90628E-04 7.45791E-04 5.04401E-02 1.55332E-01 2.04364E-04 1.96718E-04 1.59027E-04 1.25896E-02
1.58241E-04 1.94901E-04 6.50581E-03 6.75006E-04 7.28376E-04 4.94227E-02 1.52564E-01 2.02326E-04 1.94901E-04 1.58241E-04 1.22923E-02
1.57423E-04 1.93098E-04 6.44591E-03 6.60022E-04 7.11692E-04 4.84429E-02 1.49891E-01 2.00313E-04 1.93098E-04 1.57423E-04 1.20076E-02
1.56576E-04 1.91309E-04 6.38700E-03 6.45639E-04 6.95695E-04 4.74986E-02 1.47307E-01 1.98326E-04 1.91309E-04 1.56576E-04 1.17346E-02
1.55704E-04 1.89538E-04 6.32909E-03 6.31822E-04 6.80345E-04 4.65880E-02 1.44808E-01 1.96366E-04 1.89538E-04 1.55704E-04 1.14728E-02
1.54813E-04 1.87785E-04 6.27215E-03 6.18541E-04 6.65604E-04 4.57092E-02 1.42391E-01 1.94433E-04 1.87785E-04 1.54813E-04 1.12216E-02
1.53904E-04 1.86051E-04 6.21616E-03 6.05765E-04 6.51440E-04 4.48607E-02 1.40050E-01 1.92529E-04 1.86051E-04 1.53904E-04 1.09802E-02
1.52981E-04 1.84338E-04 6.16111E-03 5.93467E-04 6.37819E-04 4.40410E-02 1.37783E-01 1.90653E-04 1.84338E-04 1.52981E-04 1.07482E-02
1.52048E-04 1.82646E-04 6.10697E-03 5.81623E-04 6.24712E-04 4.32486E-02 1.35586E-01 1.88806E-04 1.82646E-04 1.52048E-04 1.05251E-02
0.00000E+00 0.00000E+00 1.33673E-02 9.34722E-04 9.30181E-04 1.46271E-01 4.46624E-01 1.20200E-05 0.00000E+00 0.00000E+00 1.68953E-02
0.00000E+00 0.00000E+00 1.31339E-02 7.52175E-04 7.49709E-04 1.27101E-01 3.96618E-01 3.60728E-06 0.00000E+00 0.00000E+00 1.63720E-02
0.00000E+00 1.82584E-06 1.28391E-02 6.30765E-04 6.30021E-04 1.12725E-01 3.58162E-01 4.18999E-06 1.82584E-06 0.00000E+00 1.57984E-02
0.00000E+00 6.39892E-06 1.25178E-02 5.43198E-04 5.43869E-04 1.01329E-01 3.27033E-01 7.87850E-06 6.39892E-06 0.00000E+00 1.51680E-02
0.00000E+00 1.16020E-05 1.21876E-02 4.76705E-04 4.78538E-04 9.19924E-02 3.01061E-01 1.24385E-05 1.16020E-05 0.00000E+00 1.45048E-02
0.00000E+00 1.66314E-05 1.18589E-02 4.24586E-04 4.27373E-04 8.41963E-02 2.79019E-01 1.69976E-05 1.66314E-05 0.00000E+00 1.38356E-02
0.00000E+00 2.11828E-05 1.15374E-02 3.82683E-04 3.86252E-04 7.75842E-02 2.60050E-01 2.12055E-05 2.11828E-05 0.00000E+00 1.31785E-02
0.00000E+00 2.51670E-05 1.12262E-02 3.48280E-04 3.52492E-04 7.19030E-02 2.43534E-01 2.49410E-05 2.51670E-05 0.00000E+00 1.25445E-02
2.05429E-06 2.84737E-05 1.09284E-02 3.19599E-04 3.24338E-04 6.69942E-02 2.29089E-01 2.80726E-05 2.84737E-05 2.05429E-06 1.19315E-02
6.83102E-06 3.11637E-05 1.06440E-02 2.95271E-04 3.00442E-04 6.27058E-02 2.16327E-01 3.06440E-05 3.11637E-05 6.83102E-06 1.13398E-02
1.09657E-05 3.34706E-05 1.03705E-02 2.74270E-04 2.79799E-04 5.88887E-02 2.04850E-01 3.28731E-05 3.34706E-05 1.09657E-05 1.07829E-02
1.45274E-05 3.54191E-05 1.01079E-02 2.55953E-04 2.61779E-04 5.54704E-02 1.94473E-01 3.47758E-05 3.54191E-05 1.45274E-05 1.02600E-02
1.75837E-05 3.70418E-05 9.85596E-03 2.39835E-04 2.45905E-04 5.23925E-02 1.85043E-01 3.63782E-05 3.70418E-05 1.75837E-05 9.76958E-03
2.01972E-05 3.83736E-05 9.61449E-03 2.25536E-04 2.31806E-04 4.96074E-02 1.76436E-01 3.77096E-05 3.83736E-05 2.01972E-05 9.30995E-03
2.24241E-05 3.94485E-05 9.38309E-03 2.12763E-04 2.19195E-04 4.70760E-02 1.68549E-01 3.88000E-05 3.94485E-05 2.24241E-05 8.87931E-03
2.43146E-05 4.02983E-05 9.16134E-03 2.01279E-04 2.07842E-04 4.47659E-02 1.61296E-01 3.96778E-05 4.02983E-05 2.43146E-05 8.47584E-03
2.59126E-05 4.09520E-05 8.94880E-03 1.90896E-04 1.97563E-04 4.26498E-02 1.54603E-01 4.03692E-05 4.09520E-05 2.59126E-05 8.09772E-03
2.72565E-05 4.14356E-05 8.74501E-03 1.81462E-04 1.88209E-04 4.07048E-02 1.48408E-01 4.08982E-05 4.14356E-05 2.72565E-05 7.74321E-03
2.83799E-05 4.17723E-05 8.54955E-03 1.72849E-04 1.79656E-04 3.89115E-02 1.42658E-01 4.12860E-05 4.17723E-05 2.83799E-05 7.41066E-03
2.93117E-05 4.19824E-05 8.36198E-03 1.64954E-04 1.71804E-04 3.72532E-02 1.37307E-01 4.15515E-05 4.19824E-05 2.93117E-05 7.09852E-03
3.00774E-05 4.20838E-05 8.18189E-03 1.57689E-04 1.64568E-04 3.57156E-02 1.32314E-01 4.17115E-05 4.20838E-05 3.00774E-05 6.80534E-03
3.06988E-05 4.20922E-05 8.00889E-03 1.50983E-04 1.57876E-04 3.42864E-02 1.27646E-01 4.17807E-05 4.20922E-05 3.06988E-05 6.52978E-03
3.11951E-05 4.20212E-05 7.84260E-03 1.44772E-04 1.51669E-04 3.29547E-02 1.23271E-01 4.17719E-05 4.20212E-05 3.11951E-05 6.27058E-03
3.15830E-05 4.18828E-05 7.68267E-03 1.39003E-04 1.45896E-04 3.17112E-02 1.19164E-01 4.16966E-05 4.18828E-05 3.15830E-05 6.02660E-03
3.18769E-05 4.16874E-05 7.52876E-03 1.33632E-04 1.40511E-04 3.05477E-02 1.15301E-01 4.15645E-05 4.16874E-05 3.18769E-05 5.79677E-03
3.20894E-05 4.14442E-05 7.38057E-03 1.28619E-04 1.35478E-04 2.94569E-02 1.11660E-01 4.13843E-05 4.14442E-05 3.20894E-05 5.58011E-03
3.22317E-05 4.11610E-05 7.23779E-03 1.23930E-04 1.30762E-04 2.84325E-02 1.08224E-01 4.11637E-05 4.11610E-05 3.22317E-05 5.37572E-03
3.23133E-05 4.08446E-05 7.10014E-03 1.19535E-04 1.26335E-04 2.74686E-02 1.04976E-01 4.09091E-05 4.08446E-05 3.23133E-05 5.18276E-03
3.23426E-05 4.05013E-05 6.96738E-03 1.15409E-04 1.22171E-04 2.65604E-02 1.01901E-01 4.06265E-05 4.05013E-05 3.23426E-05 5.00046E-03
3.23270E-05 4.01360E-05 6.83924E-03 1.11528E-04 1.18249E-04 2.57032E-02 9.89864E-02 4.03209E-05 4.01360E-05 3.23270E-05 4.82812E-03
3.22731E-05 3.97535E-05 6.71550E-03 1.07871E-04 1.14549E-04 2.48930E-02 9.62193E-02 3.99966E-05 3.97535E-05 3.22731E-05 4.66507E-03
3.21863E-05 3.93576E-05 6.59595E-03 1.04422E-04 1.11053E-04 2.41262E-02 9.35892E-02 3.96576E-05 3.93576E-05 3.21863E-05 4.51071E-03
3.20717E-05 3.89519E-05 6.48038E-03 1.01164E-04 1.07744E-04 2.33995E-02 9.10865E-02 3.93071E-05 3.89519E-05 3.20717E-05 4.36448E-03
3.19337E-05 3.85391E-05 6.36860E-03 9.80815E-05 1.04610E-04 2.27100E-02 8.87022E-02 3.89480E-05 3.85391E-05 3.19337E-05 4.22587E-03
3.17759E-05 3.81220E-05 6.26043E-03 9.51628E-05 1.01638E-04 2.20550E-02 8.64284E-02 3.85830E-05 3.81220E-05 3.17759E-05 4.09440E-03
3.16019E-05 3.77028E-05 6.15570E-03 9.23958E-05 9.88160E-05 2.14319E-02 8.42575E-02 3.82142E-05 3.77028E-05 3.16019E-05 3.96961E-03
3.14144E-05 3.72833E-05 6.05426E-03 8.97701E-05 9.61339E-05 2.08388E-02 8.21830E-02 3.78435E-05 3.72833E-05 3.14144E-05 3.85110E-03
3.12161E-05 3.68653E-05 5.95596E-03 8.72760E-05 9.35823E-05 2.02734E-02 8.01987E-02 3.74725E-05 3.68653E-05 3.12161E-05 3.73848E-03
3.10092E-05 3.64501E-05 5.86065E-03 8.49048E-05 9.11528E-05 1.97340E-02 7.82989E-02 3.71027E-05 3.64501E-05 3.10092E-05 3.63140E-03
3.07958E-05 3.60389E-05 5.76820E-03 8.26485E-05 8.88377E-05 1.92190E-02 7.64785E-02 3.67353E-05 3.60389E-05 3.07958E-05 3.52953E-03
3.05774E-05 3.56328E-05 5.67849E-03 8.04999E-05 8.66297E-05 1.87267E-02 7.47328E-02 3.63714E-05 3.56328E-05 3.05774E-05 3.43255E-03
3.03556E-05 3.52327E-05 5.59140E-03 7.84524E-05 8.45223E-05 1.82557E-02 7.30572E-02 3.60117E-05 3.52327E-05 3.03556E-05 3.34018E-03
3.01317E-05 3.48391E-05 5.50682E-03 7.64997E-05 8.25097E-05 1.78048E-02 7.14477E-02 3.56571E-05 3.48391E-05 3.01317E-05 3.25215E-03
2.99068E-05 3.44528E-05 5.42464E-03 7.46364E-05 8.05862E-05 1.73727E-02 6.99007E-02 3.53082E-05 3.44528E-05 2.99068E-05 3.16821E-03
2.96820E-05 3.40743E-05 5.34476E-03 7.28571E-05 7.87468E-05 1.69583E-02 6.84126E-02 3.49655E-05 3.40743E-05 2.96820E-05 3.08813E-03
2.94580E-05 3.37039E-05 5.26709E-03 7.11572E-05 7.69867E-05 1.65607E-02 6.69802E-02 3.46294E-05 3.37039E-05 2.94580E-05 3.01168E-03
2.92357E-05 3.33419E-05 5.19154E-03 6.95320E-05 7.53015E-05 1.61788E-02 6.56005E-02 3.43003E-05 3.33419E-05 2.92357E-05 2.93867E-03
2.90156E-05 3.29885E-05 5.11803E-03 6.79775E-05 7.36873E-05 1.58117E-02 6.42707E-02 3.39785E-05 3.29885E-05 2.90156E-05 2.86890E-03
2.87982E-05 3.26441E-05 5.04647E-03 6.64899E-05 7.21401E-05 1.54588E-02 6.29882E-02 3.36641E-05 3.26441E-05 2.87982E-05 2.80219E-03
2.85841E-05 3.23085E-05 4.97679E-03 6.50656E-05 7.06566E-05 1.51191E-02 6.17507E-02 3.33573E-05 3.23085E-05 2.85841E-05 2.73837E-03
0.00000E+00 0.00000E+00 1.78769E-02 -3.76921E-06 2.95703E-05 4.61442E-02 2.13104E-01 -3.41446E-06 0.00000E+00 0.00000E+00 -1.79118E-03
0.00000E+00 0.00000E+00 1.62558E-02 -7.25198E-06 2.10547E-05 3.84044E-02 1.81852E-01 -6.23203E-06 0.00000E+00 0.00000E+00 1.97587E-04
0.00000E+00 1.37226E-07 1.49354E-02 -8.10870E-06 1.65230E-05 3.28472E-02 1.58800E-01 -6.91659E-06 1.37226E-07 0.00000E+00 1.21061E-03
0.00000E+00 8.19152E-07 1.38202E-02 -7.77963E-06 1.40282E-05 2.86028E-02 1.40792E-01 -6.57899E-06 8.19152E-07 0.00000E+00 1.74188E-03
0.00000E+00 1.71757E-06 1.28583E-02 -6.93528E-06 1.26337E-05 2.52374E-02 1.26229E-01 -5.76882E-06 1.71757E-06 0.00000E+00 2.01064E-03
0.00000E+00 2.63629E-06 1.20199E-02 -5.90367E-06 1.18567E-05 2.25090E-02 1.14213E-01 -4.76512E-06 2.63629E-06 0.00000E+00 2.13140E-03
0.00000E+00 3.48539E-06 1.12821E-02 -4.84880E-06 1.14267E-05 2.02561E-02 1.04134E-01 -3.71382E-06 3.48539E-06 0.00000E+00 2.16615E-03
0.00000E+00 4.22627E-06 1.06276E-02 -3.85228E-06 1.11865E-05 1.83676E-02 9.55616E-02 -2.69216E-06 4.22627E-06 0.00000E+00 2.14991E-03
3.59777E-07 4.87349E-06 1.00461E-02 -2.92626E-06 1.10749E-05 1.67727E-02 8.82259E-02 -1.71254E-06 4.87349E-06 3.59777E-07 2.10256E-03
1.18958E-06 5.44040E-06 9.52527E-03 -2.07245E-06 1.10464E-05 1.54087E-02 8.18747E-02 -7.80574E-07 5.44040E-06 1.18958E-06 2.03612E-03
1.88771E-06 5.88334E-06 9.05131E-03 -1.34152E-06 1.10108E-05 1.42181E-02 7.62688E-02 4.69962E-08 5.88334E-06 1.88771E-06 1.95925E-03
2.46015E-06 6.20820E-06 8.61824E-03 -7.33179E-07 1.09475E-05 1.31714E-02 7.12884E-02 7.66647E-07 6.20820E-06 2.46015E-06 1.87680E-03
2.91702E-06 6.42512E-06 8.22105E-03 -2.40721E-07 1.08470E-05 1.22453E-02 6.68380E-02 1.38157E-06 6.42512E-06 2.91702E-06 1.79199E-03
3.27019E-06 6.54605E-06 7.85553E-03 1.45774E-07 1.07061E-05 1.14211E-02 6.28401E-02 1.89858E-06 6.54605E-06 3.27019E-06 1.70692E-03
3.53188E-06 6.58330E-06 7.51809E-03 4.37537E-07 1.05255E-05 1.06837E-02 5.92317E-02 2.32622E-06 6.58330E-06 3.53188E-06 1.62303E-03
3.71400E-06 6.54881E-06 7.20569E-03 6.46025E-07 1.03083E-05 1.00209E-02 5.59606E-02 2.67370E-06 6.54881E-06 3.71400E-06 1.54124E-03
3.82767E-06 6.45371E-06 6.91567E-03 7.82306E-07 1.00585E-05 9.42236E-03 5.29835E-02 2.95023E-06 6.45371E-06 3.82767E-06 1.46216E-03
3.88310E-06 6.30817E-06 6.64576E-03 8.56731E-07 9.78079E-06 8.87980E-03 5.02641E-02 3.16462E-06 6.30817E-06 3.88310E-06 1.38619E-03
3.88947E-06 6.12133E-06 6.39399E-03 8.78783E-07 9.48003E-06 8.38612E-03 4.77716E-02 3.32513E-06 6.12133E-06 3.88947E-06 1.31354E-03
3.85502E-06 5.90131E-06 6.15861E-03 8.57014E-07 9.16084E-06 7.93538E-03 4.54800E-02 3.43930E-06 5.90131E-06 3.85502E-06 1.24435E-03
3.78700E-06 5.65524E-06 5.93813E-03 7.99066E-07 8.82758E-06 7.52253E-03 4.33671E-02 3.51402E-06 5.65524E-06 3.78700E-06 1.17864E-03
3.69181E-06 5.38937E-06 5.73120E-03 7.11703E-07 8.48426E-06 7.14328E-03 4.14136E-02 3.55543E-06 5.38937E-06 3.69181E-06 1.11641E-03
3.57504E-06 5.10913E-06 5.53663E-03 6.00879E-07 8.13452E-06 6.79392E-03 3.96029E-02 3.56903E-06 5.10913E-06 3.57504E-06 1.05761E-03
3.44157E-06 4.81921E-06 5.35339E-03 4.71801E-07 7.78159E-06 6.47128E-03 3.79208E-02 3.55969E-06 4.81921E-06 3.44157E-06 1.00213E-03
3.29563E-06 4.52364E-06 5.18053E-03 3.29004E-07 7.42832E-06 6.17259E-03 3.63546E-02 3.53170E-06 4.52364E-06 3.29563E-06 9.49895E-04
3.14086E-06 4.22587E-06 5.01723E-03 1.76418E-07 7.07721E-06 5.89544E-03 3.48933E-02 3.48885E-06 4.22587E-06 3.14086E-06 9.00777E-04
2.98041E-06 3.92883E-06 4.86273E-03 1.74353E-08 6.73039E-06 5.63774E-03 3.35272E-02 3.43441E-06 3.92883E-06 2.98041E-06 8.54654E-04
2.81695E-06 3.63501E-06 4.71636E-03 -1.45034E-07 6.38972E-06 5.39764E-03 3.22478E-02 3.37129E-06 3.63501E-06 2.81695E-06 8.11399E-04
2.65279E-06 3.34648E-06 4.57752E-03 -3.08500E-07 6.05675E-06 5.17351E-03 3.10475E-02 3.30196E-06 3.34648E-06 2.65279E-06 7.70881E-04
2.48986E-06 3.06499E-06 4.44566E-03 -4.70847E-07 5.73279E-06 4.96391E-03 2.99195E-02 3.22858E-06 3.06499E-06 2.48986E-06 7.32971E-04
2.32981E-06 2.79196E-06 4.32028E-03 -6.30290E-07 5.41891E-06 4.76758E-03 2.88579E-02 3.15302E-06 2.79196E-06 2.32981E-06 6.97538E-04
2.17399E-06 2.52855E-06 4.20092E-03 -7.85329E-07 5.11601E-06 4.58337E-03 2.78572E-02 3.07687E-06 2.52855E-06 2.17399E-06 6.64456E-04
2.02356E-06 2.27571E-06 4.08719E-03 -9.34718E-07 4.82477E-06 4.41027E-03 2.69127E-02 3.00148E-06 2.27571E-06 2.02356E-06 6.33602E-04
1.87942E-06 2.03417E-06 3.97871E-03 -1.07743E-06 4.54574E-06 4.24738E-03 2.60200E-02 2.92800E-06 2.03417E-06 1.87942E-06 6.04854E-04
1.74235E-06 1.80449E-06 3.87513E-03 -1.21264E-06 4.27934E-06 4.09388E-03 2.51751E-02 2.85740E-06 1.80449E-06 1.74235E-06 5.78098E-04
1.61294E-06 1.58709E-06 3.77614E-03 -1.33967E-06 4.02584E-06 3.94904E-03 2.43746E-02 2.79048E-06 1.58709E-06 1.61294E-06 5.53221E-04
1.49164E-06 1.38224E-06 3.68145E-03 -1.45801E-06 3.78543E-06 3.81219E-03 2.36153E-02 2.72790E-06 1.38224E-06 1.49164E-06 5.30116E-04
1.37882E-06 1.19013E-06 3.59081E-03 -1.56726E-06 3.55820E-06 3.68275E-03 2.28941E-02 2.67022E-06 1.19013E-06 1.37882E-06 5.08681E-04
1.27471E-06 1.01083E-06 3.50396E-03 -1.66715E-06 3.34416E-06 3.56016E-03 2.22085E-02 2.61785E-06 1.01083E-06 1.27471E-06 4.88817E-04
1.17947E-06 8.44343E-07 3.42068E-03 -1.75748E-06 3.14327E-06 3.44394E-03 2.15561E-02 2.57113E-06 8.44343E-07 1.17947E-06 4.70431E-04
1.09319E-06 6.90589E-07 3.34076E-03 -1.83816E-06 2.95539E-06 3.33365E-03 2.09345E-02 2.53033E-06 6.90589E-07 1.09319E-06 4.53433E-04
1.01589E-06 5.49440E-07 3.26402E-03 -1.90914E-06 2.78038E-06 3.22886E-03 2.03419E-02 2.49561E-06 5.49440E-07 1.01589E-06 4.37740E-04
9.47534E-07 4.20718E-07 3.19028E-03 -1.97045E-06 2.61803E-06 3.12921E-03 1.97764E-02 2.46710E-06 4.20718E-07 9.47534E-07 4.23268E-04
8.88041E-07 3.04201E-07 3.11936E-03 -2.02217E-06 2.46810E-06 3.03437E-03 1.92362E-02 2.44486E-06 3.04201E-07 8.88041E-07 4.09944E-04
8.37290E-07 1.99633E-07 3.05112E-03 -2.06441E-06 2.33031E-06 2.94400E-03 1.87198E-02 2.42892E-06 1.99633E-07 8.37290E-07 3.97692E-04
7.95127E-07 1.06731E-07 2.98542E-03 -2.09733E-06 2.20439E-06 2.85784E-03 1.82258E-02 2.41924E-06 1.06731E-07 7.95127E-07 3.86446E-04
7.61370E-07 2.51889E-08 2.92211E-03 -2.12113E-06 2.09002E-06 2.77562E-03 1.77528E-02 2.41578E-06 2.51889E-08 7.61370E-07 3.76139E-04
7.35815E-07 -4.53173E-08 2.86109E-03 -2.13601E-06 1.98687E-06 2.69708E-03 1.72995E-02 2.41844E-06 -4.53173E-08 7.35815E-07 3.66709E-04
7.18238E-07 -1.05126E-07 2.80223E-03 -2.14220E-06 1.89460E-06 2.62202E-03 1.68649E-02 2.42712E-06 -1.05126E-07 7.18238E-07 3.58098E-04
7.08400E-07 -1.54586E-07 2.74542E-03 -2.13996E-06 1.81286E-06 2.55021E-03 1.64479E-02 2.44168E-06 -1.54586E-07 7.08400E-07 3.50251E-04
0.00000E+00 0.00000E+00 1.11203E-02 -4.85666E-06 -1.61602E-05 3.33350E-03 3.85072E-02 -3.37716E-05 0.00000E+00 0.00000E+00 -6.78891E-04
0.00000E+00 0.00000E+00 9.23250E-03 -3.36425E-06 -1.42171E-05 2.58949E-03 3.07965E-02 -3.28798E-05 0.00000E+00 0.00000E+00 -6.10395E-04
0.00000E+00 1.30355E-06 7.86981E-03 -9.88499E-07 -1.08793E-05 2.09158E-03 2.54641E-02 -2.96975E-05 1.30355E-06 0.00000E+00 -5.17432E-04
0.00000E+00 3.33408E-06 6.82614E-03 1.44080E-06 -7.28924E-06 1.73339E-03 2.15210E-02 -2.57608E-05 3.33408E-06 0.00000E+00 -4.01892E-04
0.00000E+00 5.18423E-06 5.99756E-03 3.58994E-06 -3.92369E-06 1.46386E-03 1.84830E-02 -2.17505E-05 5.18423E-06 0.00000E+00 -2.79549E-04
0.00000E+00 6.70413E-06 5.32561E-03 5.34065E-06 -9.76746E-07 1.25529E-03 1.60833E-02 -1.79802E-05 6.70413E-06 0.00000E+00 -1.62358E-04
0.00000E+00 7.85754E-06 4.77106E-03 6.67662E-06 1.49649E-06 1.09016E-03 1.41486E-02 -1.45813E-05 7.85754E-06 0.00000E+00 -5.78125E-05
0.00000E+00 8.65802E-06 4.30663E-03 7.62447E-06 3.50419E-06 9.56861E-04 1.25621E-02 -1.15952E-05 8.65802E-06 0.00000E+00 3.04862E-05
4.17636E-07 9.23387E-06 3.91502E-03 8.32113E-06 5.17076E-06 8.48197E-04 1.12496E-02 -8.93293E-06 9.23387E-06 4.17636E-07 1.00768E-04
1.27965E-06 9.62484E-06 3.58071E-03 8.81308E-06 6.54351E-06 7.58228E-04 1.01483E-02 -6.56747E-06 9.62484E-06 1.27965E-06 1.53532E-04
1.87379E-06 9.71406E-06 3.28939E-03 8.98829E-06 7.52227E-06 6.81854E-04 9.20396E-03 -4.60755E-06 9.71406E-06 1.87379E-06 1.91694E-04
2.23857E-06 9.55441E-06 3.03374E-03 8.90266E-06 8.16597E-06 6.16410E-04 8.38758E-03 -3.00389E-06 9.55441E-06 2.23857E-06 2.17083E-04
2.41080E-06 9.19344E-06 2.80796E-03 8.60597E-06 8.52854E-06 5.59861E-04 7.67666E-03 -1.70903E-06 9.19344E-06 2.41080E-06 2.31613E-04
2.42415E-06 8.67280E-06 2.60743E-03 8.14168E-06 8.65805E-06 5.10631E-04 7.05352E-03 -6.79129E-07 8.67280E-06 2.42415E-06 2.37137E-04
2.30861E-06 8.02843E-06 2.42840E-03 7.54705E-06 8.59657E-06 4.67482E-04 6.50405E-03 1.25315E-07 8.02843E-06 2.30861E-06 2.35364E-04
2.09038E-06 7.29088E-06 2.26782E-03 6.85376E-06 8.38052E-06 4.29432E-04 6.01692E-03 7.39314E-07 7.29088E-06 2.09038E-06 2.27818E-04
1.79208E-06 6.48597E-06 2.12315E-03 6.08846E-06 8.04114E-06 3.95693E-04 5.58293E-03 1.19355E-06 6.48597E-06 1.79208E-06 2.15833E-04
1.43302E-06 5.63526E-06 1.99231E-03 5.27342E-06 7.60505E-06 3.65626E-04 5.19451E-03 1.51467E-06 5.63526E-06 1.43302E-06 2.00547E-04
1.02956E-06 4.75668E-06 1.87355E-03 4.42715E-06 7.09480E-06 3.38708E-04 4.84544E-03 1.72574E-06 4.75668E-06 1.02956E-06 1.82925E-04
5.95458E-07 3.86501E-06 1.76537E-03 3.56489E-06 6.52940E-06 3.14509E-04 4.53050E-03 1.84652E-06 3.86501E-06 5.95458E-07 1.63767E-04
1.42195E-07 2.97234E-06 1.66654E-03 2.69912E-06 5.92480E-06 2.92670E-04 4.24534E-03 1.89400E-06 2.97234E-06 1.42195E-07 1.43735E-04
-3.20708E-07 2.08849E-06 1.57598E-03 1.83997E-06 5.29433E-06 2.72892E-04 3.98630E-03 1.88261E-06 2.08849E-06 -3.20708E-07 1.23363E-04
-7.85417E-07 1.22134E-06 1.49278E-03 9.95594E-07 4.64908E-06 2.54922E-04 3.75024E-03 1.82467E-06 1.22134E-06 -7.85417E-07 1.03084E-04
-1.24554E-06 3.77160E-07 1.41614E-03 1.72489E-07 3.99821E-06 2.38547E-04 3.53450E-03 1.73059E-06 3.77160E-07 -1.24554E-06 8.32359E-05
-1.69592E-06 -4.39166E-07 1.34538E-03 -6.24264E-07 3.34923E-06 2.23583E-04 3.33681E-03 1.60920E-06 -4.39166E-07 -1.69592E-06 6.40842E-05
-2.13242E-06 -1.22389E-06 1.27990E-03 -1.39075E-06 2.70829E-06 2.09874E-04 3.15519E-03 1.46791E-06 -1.22389E-06 -2.13242E-06 4.58291E-05
-2.55181E-06 -1.97421E-06 1.21919E-03 -2.12404E-06 2.08034E-06 1.97286E-04 2.98793E-03 1.31295E-06 -1.97421E-06 -2.55181E-06 2.86182E-05
-2.95158E-06 -2.68813E-06 1.16278E-03 -2.82201E-06 1.46937E-06 1.85701E-04 2.83355E-03 1.14953E-06 -2.68813E-06 -2.95158E-06 1.25555E-05
-3.32987E-06 -3.36432E-06 1.11026E-03 -3.48322E-06 8.78483E-07 1.75017E-04 2.69076E-03 9.81975E-07 -3.36432E-06 -3.32987E-06 -2.29096E-06
-3.68532E-06 -4.00198E-06 1.06130E-03 -4.10678E-06 3.10107E-07 1.65146E-04 2.55842E-03 8.13862E-07 -4.00198E-06 -3.68532E-06 -1.58822E-05
-4.01700E-06 -4.60077E-06 1.01556E-03 -4.69227E-06 -2.33940E-07 1.56010E-04 2.43554E-03 6.48133E-07 -4.60077E-06 -4.01700E-06 -2.82027E-05
-4.32437E-06 -5.16071E-06 9.72774E-04 -5.23964E-06 -7.52337E-07 1.47539E-04 2.32123E-03 4.87180E-07 -5.16071E-06 -4.32437E-06 -3.92561E-05
-4.60717E-06 -5.68211E-06 9.32686E-04 -5.74916E-06 -1.24418E-06 1.39674E-04 2.21471E-03 3.32933E-07 -5.68211E-06 -4.60717E-06 -4.90606E-05
-4.86538E-06 -6.16555E-06 8.95072E-04 -6.22131E-06 -1.70892E-06 1.32361E-04 2.11529E-03 1.86924E-07 -6.16555E-06 -4.86538E-06 -5.76462E-05
-5.09920E-06 -6.61176E-06 8.59733E-04 -6.65681E-06 -2.14628E-06 1.25550E-04 2.02235E-03 5.03504E-08 -6.61176E-06 -5.09920E-06 -6.50518E-05
-5.30898E-06 -7.02164E-06 8.26486E-04 -7.05650E-06 -2.55625E-06 1.19201E-04 1.93535E-03 -7.58740E-08 -7.02164E-06 -5.30898E-06 -7.13230E-05
-5.49520E-06 -7.39622E-06 7.95171E-04 -7.42137E-06 -2.93900E-06 1.13274E-04 1.85378E-03 -1.91078E-07 -7.39622E-06 -5.49520E-06 -7.65103E-05
-5.65845E-06 -7.73659E-06 7.65639E-04 -7.75249E-06 -3.29486E-06 1.07736E-04 1.77721E-03 -2.94791E-07 -7.73659E-06 -5.65845E-06 -8.06672E-05
-5.79939E-06 -8.04391E-06 7.37756E-04 -8.05098E-06 -3.62430E-06 1.02554E-04 1.70524E-03 -3.86716E-07 -8.04391E-06 -5.79939E-06 -8.38497E-05
-5.91877E-06 -8.31941E-06 7.11404E-04 -8.31804E-06 -3.92788E-06 9.77020E-05 1.63751E-03 -4.66697E-07 -8.31941E-06 -5.91877E-06 -8.61146E-05
-6.01735E-06 -8.56431E-06 6.86470E-04 -8.55486E-06 -4.20626E-06 9.31540E-05 1.57368E-03 -5.34698E-07 -8.56431E-06 -6.01735E-06 -8.75191E-05
-6.09594E-06 -8.77987E-06 6.62856E-04 -8.76269E-06 -4.46015E-06 8.88872E-05 1.51348E-03 -5.90783E-07 -8.77987E-06 -6.09594E-06 -8.81199E-05
-6.15536E-06 -8.96734E-06 6.40470E-04 -8.94274E-06 -4.69031E-06 8.48810E-05 1.45663E-03 -6.35096E-07 -8.96734E-06 -6.15536E-06 -8.79730E-05
-6.19645E-06 -9.12796E-06 6.19228E-04 -9.09625E-06 -4.89754E-06 8.11164E-05 1.40288E-03 -6.67849E-07 -9.12796E-06 -6.19645E-06 -8.71331E-05
-6.22006E-06 -9.26297E-06 5.99055E-04 -9.22443E-06 -5.08266E-06 7.75762E-05 1.35203E-03 -6.89309E-07 -9.26297E-06 -6.22006E-06 -8.56532E-05
-6.22702E-06 -9.37358E-06 5.79878E-04 -9.32848E-06 -5.24652E-06 7.42446E-05 1.30386E-03 -6.99785E-07 -9.37358E-06 -6.22702E-06 -8.35847E-05
-6.21816E-06 -9.46098E-06 5.61635E-04 -9.40958E-06 -5.38995E-06 7.11073E-05 1.25820E-03 -6.99621E-07 -9.46098E-06 -6.21816E-06 -8.09769E-05
-6.19430E-06 -9.52632E-06 5.44266E-04 -9.46886E-06 -5.51379E-06 6.81510E-05 1.21486E-03 -6.89187E-07 -9.52632E-06 -6.19430E-06 -7.78772E-05
-6.15625E-06 -9.57075E-06 5.27716E-04 -9.50745E-06 -5.61890E-06 6.53636E-05 1.17371E-03 -6.68875E-07 -9.57075E-06 -6.15625E-06 -7.43308E-05
-6.10478E-06 -9.59534E-06 5.11935E-04 -9.52643E-06 -5.70609E-06 6.27339E-05 1.13459E-03 -6.39087E-07 -9.59534E-06 -6.10478E-06 -7.03807E-05
0.00000E+00 0.00000E+00 -1.05603E-04 -1.62700E-05 -7.22617E-05 -7.20520E-05 -7.42277E-06 -1.38485E-04 0.00000E+00 0.00000E+00 -2.61108E-03
0.00000E+00 0.00000E+00 -9.59100E-05 -3.77480E-06 -4.92138E-05 -4.92913E-05 2.14500E-06 -1.07347E-04 0.00000E+00 0.00000E+00 -2.70913E-03
0.00000E+00 7.44806E-06 -8.41442E-05 7.45672E-06 -2.86861E-05 -2.89795E-05 1.15541E-05 -7.96080E-05 7.44806E-06 0.00000E+00 -2.32836E-03
0.00000E+00 1.61071E-05 -7.28707E-05 1.61257E-05 -1.19127E-05 -1.23646E-05 1.90222E-05 -5.63747E-05 1.61071E-05 0.00000E+00 -1.78924E-03
0.00000E+00 2.21483E-05 -6.29323E-05 2.21724E-05 1.16360E-06 5.99219E-07 2.42488E-05 -3.74950E-05 2.21483E-05 0.00000E+00 -1.24121E-03
0.00000E+00 2.59151E-05 -5.45003E-05 2.59422E-05 1.09899E-05 1.03507E-05 2.74465E-05 -2.24580E-05 2.59151E-05 0.00000E+00 -7.50730E-04
0.00000E+00 2.78399E-05 -4.74926E-05 2.78688E-05 1.81158E-05 1.74320E-05 2.89663E-05 -1.06491E-05 2.78399E-05 0.00000E+00 -3.42374E-04
0.00000E+00 2.83267E-05 -4.17409E-05 2.83570E-05 2.30580E-05 2.23538E-05 2.91604E-05 -1.49090E-06 2.83267E-05 0.00000E+00 -1.95282E-05
8.69753E-07 2.78370E-05 -3.69636E-05 2.78691E-05 2.63584E-05 2.56536E-05 2.84575E-05 5.59553E-06 2.78370E-05 8.69753E-07 2.21719E-04
2.39375E-06 2.66147E-05 -3.30142E-05 2.66496E-05 2.83601E-05 2.76703E-05 2.70778E-05 1.10092E-05 2.66147E-05 2.39375E-06 3.91970E-04
3.09043E-06 2.46825E-05 -2.98962E-05 2.47202E-05 2.91971E-05 2.85334E-05 2.50268E-05 1.49538E-05 2.46825E-05 3.09043E-06 5.06838E-04
3.15474E-06 2.22473E-05 -2.74474E-05 2.22882E-05 2.91341E-05 2.85048E-05 2.25015E-05 1.77238E-05 2.22473E-05 3.15474E-06 5.76577E-04
2.74483E-06 1.94730E-05 -2.55328E-05 1.95172E-05 2.83852E-05 2.77968E-05 1.96584E-05 1.95600E-05 1.94730E-05 2.74483E-06 6.10433E-04
1.98778E-06 1.64878E-05 -2.40411E-05 1.65357E-05 2.71226E-05 2.65798E-05 1.66205E-05 2.06583E-05 1.64878E-05 1.98778E-06 6.16413E-04
9.84911E-07 1.33914E-05 -2.28813E-05 1.34432E-05 2.54840E-05 2.49904E-05 1.34835E-05 2.11778E-05 1.33914E-05 9.84911E-07 6.01265E-04
-1.83547E-07 1.02604E-05 -2.19791E-05 1.03164E-05 2.35795E-05 2.31373E-05 1.03212E-05 2.12471E-05 1.02604E-05 -1.83547E-07 5.70567E-04
-1.45449E-06 7.15303E-06 -2.12748E-05 7.21353E-06 2.14961E-05 2.11069E-05 7.18974E-06 2.09702E-05 7.15303E-06 -1.45449E-06 5.28855E-04
-2.77866E-06 4.11308E-06 -2.07200E-05 4.17828E-06 1.93028E-05 1.89674E-05 4.13118E-06 2.04310E-05 4.11308E-06 -2.77866E-06 4.79770E-04
-4.11793E-06 1.17271E-06 -2.02760E-05 1.24284E-06 1.70538E-05 1.67723E-05 1.17649E-06 1.96970E-05 1.17271E-06 -4.11793E-06 4.26196E-04
-5.44316E-06 -1.64498E-06 -1.99119E-05 -1.56976E-06 1.47913E-05 1.45633E-05 -1.65220E-06 1.88226E-05 -1.64498E-06 -5.44316E-06 3.70390E-04
-6.73234E-06 -4.32407E-06 -1.96033E-05 -4.24361E-06 1.25480E-05 1.23728E-05 -4.33968E-06 1.78512E-05 -4.32407E-06 -6.73234E-06 3.14093E-04
-7.96920E-06 -6.85423E-06 -1.93308E-05 -6.76841E-06 1.03488E-05 1.02255E-05 -6.87618E-06 1.68175E-05 -6.85423E-06 -7.96920E-06 2.58624E-04
-9.14201E-06 -9.22951E-06 -1.90793E-05 -9.13822E-06 8.21264E-06 8.13992E-06 -9.25618E-06 1.57491E-05 -9.22951E-06 -9.14201E-06 2.04965E-04
-1.02427E-05 -1.14473E-05 -1.88370E-05 -1.13505E-05 6.15328E-06 6.12975E-06 -1.14774E-05 1.46678E-05 -1.14473E-05 -1.02427E-05 1.53825E-04
-1.12659E-05 -1.35077E-05 -1.85951E-05 -1.34053E-05 4.18067E-06 4.20476E-06 -1.35402E-05 1.35906E-05 -1.35077E-05 -1.12659E-05 1.05696E-04
-1.22087E-05 -1.54126E-05 -1.83468E-05 -1.53045E-05 2.30154E-06 2.37158E-06 -1.54468E-05 1.25308E-05 -1.54126E-05 -1.22087E-05 6.08992E-05
-1.30699E-05 -1.71655E-05 -1.80871E-05 -1.70518E-05 5.20130E-07 6.34377E-07 -1.72006E-05 1.14985E-05 -1.71655E-05 -1.30699E-05 1.96233E-05
-1.38494E-05 -1.87709E-05 -1.78126E-05 -1.86516E-05 -1.16129E-06 -1.00463E-06 -1.88065E-05 1.05014E-05 -1.87709E-05 -1.38494E-05 -1.80486E-05
-1.45485E-05 -2.02342E-05 -1.75208E-05 -2.01092E-05 -2.74204E-06 -2.54478E-06 -2.02698E-05 9.54516E-06 -2.02342E-05 -1.45485E-05 -5.21125E-05
-1.51691E-05 -2.15611E-05 -1.72102E-05 -2.14306E-05 -4.22263E-06 -3.98660E-06 -2.15964E-05 8.63363E-06 -2.15611E-05 -1.51691E-05 -8.26248E-05
-1.57136E-05 -2.27579E-05 -1.68802E-05 -2.26218E-05 -5.60451E-06 -5.33155E-06 -2.27926E-05 7.76950E-06 -2.27579E-05 -1.57136E-05 -1.09686E-04
-1.61849E-05 -2.38308E-05 -1.65305E-05 -2.36893E-05 -6.88987E-06 -6.58179E-06 -2.38647E-05 6.95435E-06 -2.38308E-05 -1.61849E-05 -1.33431E-04
-1.65863E-05 -2.47864E-05 -1.61613E-05 -2.46393E-05 -8.08140E-06 -7.73999E-06 -2.48192E-05 6.18891E-06 -2.47864E-05 -1.65863E-05 -1.54013E-04
-1.69211E-05 -2.56308E-05 -1.57732E-05 -2.54785E-05 -9.18221E-06 -8.80923E-06 -2.56625E-05 5.47327E-06 -2.56308E-05 -1.69211E-05 -1.71605E-04
-1.71928E-05 -2.63706E-05 -1.53669E-05 -2.62129E-05 -1.01957E-05 -9.79284E-06 -2.64009E-05 4.80695E-06 -2.63706E-05 -1.71928E-05 -1.86384E-04
-1.74049E-05 -2.70117E-05 -1.49436E-05 -2.68488E-05 -1.11253E-05 -1.06943E-05 -2.70406E-05 4.18909E-06 -2.70117E-05 -1.74049E-05 -1.98535E-04
-1.75609E-05 -2.75601E-05 -1.45042E-05 -2.73921E-05 -1.19747E-05 -1.15173E-05 -2.75875E-05 3.61852E-06 -2.75601E-05 -1.75609E-05 -2.08239E-04
-1.76642E-05 -2.80216E-05 -1.40500E-05 -2.78486E-05 -1.27477E-05 -1.22654E-05 -2.80474E-05 3.09381E-06 -2.80216E-05 -1.76642E-05 -2.15679E-04
-1.77183E-05 -2.84017E-05 -1.35822E-05 -2.82237E-05 -1.34479E-05 -1.29423E-05 -2.84258E-05 2.61339E-06 -2.84017E-05 -1.77183E-05 -2.21031E-04
-1.77263E-05 -2.87057E-05 -1.31021E-05 -2.85229E-05 -1.40790E-05 -1.35515E-05 -2.87280E-05 2.17554E-06 -2.87057E-05 -1.77263E-05 -2.24464E-04
-1.76916E-05 -2.89386E-05 -1.26109E-05 -2.87511E-05 -1.46446E-05 -1.40967E-05 -2.89590E-05 1.77849E-06 -2.89386E-05 -1.76916E-05 -2.26144E-04
-1.76170E-05 -2.91053E-05 -1.21099E-05 -2.89131E-05 -1.51481E-05 -1.45813E-05 -2.91237E-05 1.42038E-06 -2.91053E-05 -1.76170E-05 -2.26225E-04
-1.75056E-05 -2.92102E-05 -1.16002E-05 -2.90134E-05 -1.55930E-05 -1.50086E-05 -2.92266E-05 1.09938E-06 -2.92102E-05 -1.75056E-05 -2.24857E-04
-1.73600E-05 -2.92576E-05 -1.10832E-05 -2.90565E-05 -1.59826E-05 -1.53818E-05 -2.92720E-05 8.13633E-07 -2.92576E-05 -1.73600E-05 -2.22177E-04
-1.71830E-05 -2.92517E-05 -1.05599E-05 -2.90462E-05 -1.63200E-05 -1.57042E-05 -2.92639E-05 5.61306E-07 -2.92517E-05 -1.71830E-05 -2.18318E-04
-1.69770E-05 -2.91963E-05 -1.00313E-05 -2.89866E-05 -1.66084E-05 -1.59787E-05 -2.92063E-05 3.40601E-07 -2.91963E-05 -1.69770E-05 -2.13403E-04
-1.67443E-05 -2.90950E-05 -9.49861E-06 -2.88812E-05 -1.68505E-05 -1.62082E-05 -2.91028E-05 1.49761E-07 -2.90950E-05 -1.67443E-05 -2.07546E-04
-1.64873E-05 -2.89512E-05 -8.96272E-06 -2.87334E-05 -1.70492E-05 -1.63953E-05 -2.89567E-05 -1.29225E-08 -2.89512E-05 -1.64873E-05 -2.00854E-04
-1.62080E-05 -2.87682E-05 -8.42457E-06 -2.85465E-05 -1.72072E-05 -1.65428E-05 -2.87713E-05 -1.49103E-07 -2.87682E-05 -1.62080E-05 -1.93428E-04
-1.59085E-05 -2.85489E-05 -7.88503E-06 -2.83235E-05 -1.73269E-05 -1.66531E-05 -2.85496E-05 -2.60374E-07 -2.85489E-05 -1.59085E-05 -1.85359E-04
---
