PdfType: replica
Format: lhagrid1
---
1.00000E-07 1.58489E-07 2.51189E-07 3.98107E-07 6.30957E-07 1.00000E-06 1.58489E-06 2.51189E-06 3.98107E-06 6.30957E-06 1.00000E-05 1.58489E-05 2.51189E-05 3.98107E-05 6.30957E-05 1.00000E-04 1.58489E-04 2.51189E-04 3.98107E-04 6.30957E-04 1.00000E-03 1.58489E-03 2.51189E-03 3.98107E-03 6.30957E-03 1.00000E-02 1.25893E-02 1.58489E-02 1.99526E-02 2.51189E-02 3.16228E-02 3.98107E-02 5.01187E-02 6.30957E-02 7.94328E-02 1.00000E-01 1.25900E-01 1.58500E-01 1.99500E-01 2.51200E-01 3.16200E-01 3.98100E-01 5.01200E-01 6.31000E-01 7.94300E-01 1.00000E+00
1.00000E+00 1.20679E+00 1.45635E+00 1.75751E+00 2.12095E+00 2.55955E+00 3.08884E+00 3.72759E+00 4.49843E+00 5.42868E+00 6.55129E+00 7.90604E+00 9.54095E+00 1.15140E+01 1.38950E+01 1.67683E+01 2.02359E+01 2.44205E+01 2.94705E+01 3.55648E+01 4.29193E+01 5.17947E+01 6.25055E+01 7.54312E+01 9.10298E+01 1.09854E+02 1.32571E+02 1.59986E+02 1.93070E+02 2.32995E+02 2.81177E+02 3.39322E+02 4.09492E+02 4.94171E+02 5.96362E+02 7.19686E+02 8.68511E+02 1.04811E+03 1.26486E+03 1.52642E+03 1.84207E+03 2.22300E+03 2.68270E+03 3.23746E+03 3.90694E+03 4.71487E+03 5.68987E+03 6.86649E+03 8.28643E+03 1.00000E+04
-5 -4 -3 -2 -1 1 2 3 4 5 21
0.00000E+00 0.00000E+00 6.29859E-01 2.56219E+00 2.56219E+00 2.56204E+00 2.56128E+00 6.32520E-01 0.00000E+00 0.00000E+00 -3.38417E+00
0.00000E+00 0.00000E+00 6.56239E-01 2.54960E+00 2.54960E+00 2.54950E+00 2.54891E+00 6.58878E-01 0.00000E+00 0.00000E+00 -9.04347E-01
0.00000E+00 1.08404E-01 7.86871E-01 2.64830E+00 2.64830E+00 2.64824E+00 2.64777E+00 7.89491E-01 1.08404E-01 0.00000E+00 2.82014E+00
0.00000E+00 3.54555E-01 1.02271E+00 2.85676E+00 2.85676E+00 2.85672E+00 2.85636E+00 1.02531E+00 3.54555E-01 0.00000E+00 8.16932E+00
0.00000E+00 7.04929E-01 1.36403E+00 3.17402E+00 3.17402E+00 3.17400E+00 3.17372E+00 1.36662E+00 7.04929E-01 0.00000E+00 1.56089E+01
0.00000E+00 1.15765E+00 1.80870E+00 3.59724E+00 3.59724E+00 3.59724E+00 3.59703E+00 1.81127E+00 1.15765E+00 0.00000E+00 2.54842E+01
0.00000E+00 1.71030E+00 2.35410E+00 4.12331E+00 4.12330E+00 4.12332E+00 4.12317E+00 2.35665E+00 1.71030E+00 0.00000E+00 3.80749E+01
0.00000E+00 2.36032E+00 2.99754E+00 4.74917E+00 4.74917E+00 4.74919E+00 4.74910E+00 3.00008E+00 2.36032E+00 0.00000E+00 5.35977E+01
2.60666E-01 3.05494E+00 3.68616E+00 5.42176E+00 5.42176E+00 5.42179E+00 5.42175E+00 3.68869E+00 3.05494E+00 2.60666E-01 7.23575E+01
9.97530E-01 3.77019E+00 4.39590E+00 6.11674E+00 6.11674E+00 6.11679E+00 6.11679E+00 4.39841E+00 3.77019E+00 9.97530E-01 9.44489E+01
1.83344E+00 4.58589E+00 5.20647E+00 6.91354E+00 6.91353E+00 6.91359E+00 6.91363E+00 5.20897E+00 4.58589E+00 1.83344E+00 1.19688E+02
2.76712E+00 5.50062E+00 6.11639E+00 7.81055E+00 7.81054E+00 7.81060E+00 7.81068E+00 6.11888E+00 5.50062E+00 2.76712E+00 1.48135E+02
3.79722E+00 6.51288E+00 7.12412E+00 8.80613E+00 8.80613E+00 8.80620E+00 8.80631E+00 7.12660E+00 6.51288E+00 3.79722E+00 1.79827E+02
4.92231E+00 7.62112E+00 8.22810E+00 9.89865E+00 9.89864E+00 9.89872E+00 9.89886E+00 8.23057E+00 7.62112E+00 4.92231E+00 2.14782E+02
6.14094E+00 8.82379E+00 9.42674E+00 1.10864E+01 1.10864E+01 1.10865E+01 1.10867E+01 9.42920E+00 8.82379E+00 6.14094E+00 2.53002E+02
7.45163E+00 1.01193E+01 1.07185E+01 1.23678E+01 1.23678E+01 1.23679E+01 1.23681E+01 1.07209E+01 1.01193E+01 7.45163E+00 2.94473E+02
8.85288E+00 1.15061E+01 1.21016E+01 1.37412E+01 1.37412E+01 1.37413E+01 1.37415E+01 1.21041E+01 1.15061E+01 8.85288E+00 3.39173E+02
1.03432E+01 1.29827E+01 1.35747E+01 1.52050E+01 1.52050E+01 1.52051E+01 1.52053E+01 1.35772E+01 1.29827E+01 1.03432E+01 3.87068E+02
1.19211E+01 1.45474E+01 1.51362E+01 1.67575E+01 1.67575E+01 1.67576E+01 1.67579E+01 1.51386E+01 1.45474E+01 1.19211E+01 4.38116E+02
1.35850E+01 1.61988E+01 1.67844E+01 1.83972E+01 1.83971E+01 1.83972E+01 1.83975E+01 1.67868E+01 1.61988E+01 1.35850E+01 4.92271E+02
1.53335E+01 1.79352E+01 1.85178E+01 2.01224E+01 2.01224E+01 2.01225E+01 2.01228E+01 1.85202E+01 1.79352E+01 1.53335E+01 5.49480E+02
1.71652E+01 1.97553E+01 2.03349E+01 2.19317E+01 2.19317E+01 2.19318E+01 2.19321E+01 2.03373E+01 1.97553E+01 1.71652E+01 6.09687E+02
1.90784E+01 2.16574E+01 2.22342E+01 2.38234E+01 2.38234E+01 2.38235E+01 2.38239E+01 2.22366E+01 2.16574E+01 1.90784E+01 6.72832E+02
2.10718E+01 2.36401E+01 2.42142E+01 2.57961E+01 2.57961E+01 2.57962E+01 2.57966E+01 2.42166E+01 2.36401E+01 2.10718E+01 7.38853E+02
2.31440E+01 2.57018E+01 2.62734E+01 2.78483E+01 2.78483E+01 2.78484E+01 2.78488E+01 2.62758E+01 2.57018E+01 2.31440E+01 8.07687E+02
2.52934E+01 2.78413E+01 2.84104E+01 2.99785E+01 2.99785E+01 2.99786E+01 2.99790E+01 2.84127E+01 2.78413E+01 2.52934E+01 8.79268E+02
2.75187E+01 3.00569E+01 3.06236E+01 3.21852E+01 3.21852E+01 3.21853E+01 3.21857E+01 3.06260E+01 3.00569E+01 2.75187E+01 9.53533E+02
2.98185E+01 3.23474E+01 3.29117E+01 3.44670E+01 3.44670E+01 3.44671E+01 3.44675E+01 3.29141E+01 3.23474E+01 2.98185E+01 1.03042E+03
3.21914E+01 3.47112E+01 3.52733E+01 3.68224E+01 3.68224E+01 3.68226E+01 3.68230E+01 3.52756E+01 3.47112E+01 3.21914E+01 1.10985E+03
3.46361E+01 3.71470E+01 3.77070E+01 3.92502E+01 3.92502E+01 3.92503E+01 3.92507E+01 3.77093E+01 3.71470E+01 3.46361E+01 1.19177E+03
3.71511E+01 3.96535E+01 4.02114E+01 4.17488E+01 4.17488E+01 4.17489E+01 4.17494E+01 4.02137E+01 3.96535E+01 3.71511E+01 1.27611E+03
3.97352E+01 4.22293E+01 4.27851E+01 4.43170E+01 4.43170E+01 4.43171E+01 4.43176E+01 4.27874E+01 4.22293E+01 3.97352E+01 1.36281E+03
4.23870E+01 4.48731E+01 4.54269E+01 4.69534E+01 4.69533E+01 4.69535E+01 4.69540E+01 4.54292E+01 4.48731E+01 4.23870E+01 1.45180E+03
4.51053E+01 4.75836E+01 4.81355E+01 4.96566E+01 4.96566E+01 4.96568E+01 4.96573E+01 4.81378E+01 4.75836E+01 4.51053E+01 1.54302E+03
4.78889E+01 5.03596E+01 5.09095E+01 5.24256E+01 5.24256E+01 5.24257E+01 5.24262E+01 5.09118E+01 5.03596E+01 4.78889E+01 1.63642E+03
5.07363E+01 5.31997E+01 5.37478E+01 5.52588E+01 5.52588E+01 5.52590E+01 5.52595E+01 5.37501E+01 5.31997E+01 5.07363E+01 1.73193E+03
5.36466E+01 5.61027E+01 5.66491E+01 5.81552E+01 5.81552E+01 5.81553E+01 5.81559E+01 5.66513E+01 5.61027E+01 5.36466E+01 1.82948E+03
5.66184E+01 5.90674E+01 5.96121E+01 6.11135E+01 6.11135E+01 6.11136E+01 6.11141E+01 5.96143E+01 5.90674E+01 5.66184E+01 1.92903E+03
5.96505E+01 6.20927E+01 6.26356E+01 6.41324E+01 6.41324E+01 6.41326E+01 6.41331E+01 6.26379E+01 6.20927E+01 5.96505E+01 2.03052E+03
6.27418E+01 6.51773E+01 6.57186E+01 6.72109E+01 6.72109E+01 6.72110E+01 6.72116E+01 6.57209E+01 6.51773E+01 6.27418E+01 2.13389E+03
6.58912E+01 6.83202E+01 6.88598E+01 7.03477E+01 7.03477E+01 7.03478E+01 7.03484E+01 6.88621E+01 6.83202E+01 6.58912E+01 2.23909E+03
6.90975E+01 7.15201E+01 7.20582E+01 7.35417E+01 7.35417E+01 7.35419E+01 7.35425E+01 7.20604E+01 7.15201E+01 6.90975E+01 2.34607E+03
7.23597E+01 7.47760E+01 7.53126E+01 7.67919E+01 7.67919E+01 7.67921E+01 7.67927E+01 7.53148E+01 7.47760E+01 7.23597E+01 2.45477E+03
7.56766E+01 7.80868E+01 7.86219E+01 8.00971E+01 8.00971E+01 8.00972E+01 8.00978E+01 7.86241E+01 7.80868E+01 7.56766E+01 2.56515E+03
7.90472E+01 8.14514E+01 8.19850E+01 8.34562E+01 8.34562E+01 8.34564E+01 8.34570E+01 8.19872E+01 8.14514E+01 7.90472E+01 2.67715E+03
8.24704E+01 8.48688E+01 8.54010E+01 8.68682E+01 8.68682E+01 8.68684E+01 8.68690E+01 8.54032E+01 8.48688E+01 8.24704E+01 2.79073E+03
8.59453E+01 8.83379E+01 8.88687E+01 9.03321E+01 9.03321E+01 9.03323E+01 9.03329E+01 8.88709E+01 8.83379E+01 8.59453E+01 2.90584E+03
8.94708E+01 9.18578E+01 9.23872E+01 9.38469E+01 9.38469E+01 9.38470E+01 9.38477E+01 9.23895E+01 9.18578E+01 8.94708E+01 3.02245E+03
9.30460E+01 9.54275E+01 9.59556E+01 9.74115E+01 9.74115E+01 9.74117E+01 9.74123E+01 9.59578E+01 9.54275E+01 9.30460E+01 3.14049E+03
9.66699E+01 9.90460E+01 9.95727E+01 1.01025E+02 1.01025E+02 1.01025E+02 1.01026E+02 9.95749E+01 9.90460E+01 9.66699E+01 3.25994E+03
0.00000E+00 0.00000E+00 5.58489E-01 2.29582E+00 2.29581E+00 2.29602E+00 2.29641E+00 5.61095E-01 0.00000E+00 0.00000E+00 -3.11277E+00
0.00000E+00 0.00000E+00 5.84773E-01 2.28697E+00 2.28696E+00 2.28716E+00 2.28759E+00 5.87350E-01 0.00000E+00 0.00000E+00 -8.36075E-01
0.00000E+00 1.01510E-01 7.07960E-01 2.38136E+00 2.38135E+00 2.38155E+00 2.38200E+00 7.10512E-01 1.01510E-01 0.00000E+00 2.61348E+00
0.00000E+00 3.29674E-01 9.26987E-01 2.57571E+00 2.57569E+00 2.57588E+00 2.57636E+00 9.29516E-01 3.29674E-01 0.00000E+00 7.57734E+00
0.00000E+00 6.51453E-01 1.24075E+00 2.86777E+00 2.86775E+00 2.86793E+00 2.86844E+00 1.24326E+00 6.51453E-01 0.00000E+00 1.44664E+01
0.00000E+00 1.06412E+00 1.64628E+00 3.25396E+00 3.25394E+00 3.25412E+00 3.25464E+00 1.64877E+00 1.06412E+00 0.00000E+00 2.35717E+01
0.00000E+00 1.56470E+00 2.14045E+00 3.73069E+00 3.73068E+00 3.73085E+00 3.73139E+00 2.14292E+00 1.56470E+00 0.00000E+00 3.51198E+01
0.00000E+00 2.15031E+00 2.72023E+00 4.29462E+00 4.29460E+00 4.29477E+00 4.29532E+00 2.72268E+00 2.15031E+00 0.00000E+00 4.92784E+01
2.35842E-01 2.77546E+00 3.34007E+00 4.90000E+00 4.89998E+00 4.90014E+00 4.90072E+00 3.34251E+00 2.77546E+00 2.35842E-01 6.62574E+01
8.99904E-01 3.41978E+00 3.97951E+00 5.52614E+00 5.52612E+00 5.52628E+00 5.52687E+00 3.98193E+00 3.41978E+00 8.99904E-01 8.60869E+01
1.64941E+00 4.15084E+00 4.70602E+00 6.24023E+00 6.24021E+00 6.24037E+00 6.24097E+00 4.70843E+00 4.15084E+00 1.64941E+00 1.08634E+02
2.48278E+00 4.96691E+00 5.51784E+00 7.04039E+00 7.04037E+00 7.04053E+00 7.04114E+00 5.52023E+00 4.96691E+00 2.48278E+00 1.33932E+02
3.39843E+00 5.86626E+00 6.41319E+00 7.92479E+00 7.92477E+00 7.92492E+00 7.92555E+00 6.41556E+00 5.86626E+00 3.39843E+00 1.61996E+02
4.39473E+00 6.84718E+00 7.39033E+00 8.89159E+00 8.89157E+00 8.89173E+00 8.89236E+00 7.39270E+00 6.84718E+00 4.39473E+00 1.92824E+02
5.47011E+00 7.90798E+00 8.44757E+00 9.93903E+00 9.93902E+00 9.93917E+00 9.93981E+00 8.44992E+00 7.90798E+00 5.47011E+00 2.26403E+02
6.62296E+00 9.04700E+00 9.58320E+00 1.10654E+01 1.10654E+01 1.10655E+01 1.10662E+01 9.58554E+00 9.04700E+00 6.62296E+00 2.62706E+02
7.85174E+00 1.02626E+01 1.07956E+01 1.22689E+01 1.22689E+01 1.22691E+01 1.22697E+01 1.07979E+01 1.02626E+01 7.85174E+00 3.01701E+02
9.15489E+00 1.15532E+01 1.20831E+01 1.35480E+01 1.35480E+01 1.35482E+01 1.35488E+01 1.20854E+01 1.15532E+01 9.15489E+00 3.43345E+02
1.05309E+01 1.29172E+01 1.34442E+01 1.49011E+01 1.49010E+01 1.49012E+01 1.49019E+01 1.34465E+01 1.29172E+01 1.05309E+01 3.87592E+02
1.19783E+01 1.43531E+01 1.48773E+01 1.63264E+01 1.63264E+01 1.63266E+01 1.63273E+01 1.48796E+01 1.43531E+01 1.19783E+01 4.34391E+02
1.34955E+01 1.58593E+01 1.63808E+01 1.78226E+01 1.78226E+01 1.78227E+01 1.78234E+01 1.63831E+01 1.58593E+01 1.34955E+01 4.83687E+02
1.50812E+01 1.74344E+01 1.79534E+01 1.93880E+01 1.93880E+01 1.93882E+01 1.93889E+01 1.79556E+01 1.74344E+01 1.50812E+01 5.35423E+02
1.67339E+01 1.90769E+01 1.95934E+01 2.10213E+01 2.10213E+01 2.10214E+01 2.10221E+01 1.95957E+01 1.90769E+01 1.67339E+01 5.89541E+02
1.84522E+01 2.07854E+01 2.12995E+01 2.27208E+01 2.27208E+01 2.27210E+01 2.27217E+01 2.13018E+01 2.07854E+01 1.84522E+01 6.45980E+02
2.02348E+01 2.25585E+01 2.30703E+01 2.44853E+01 2.44853E+01 2.44854E+01 2.44862E+01 2.30726E+01 2.25585E+01 2.02348E+01 7.04680E+02
2.20802E+01 2.43948E+01 2.49044E+01 2.63133E+01 2.63133E+01 2.63134E+01 2.63142E+01 2.49067E+01 2.43948E+01 2.20802E+01 7.65580E+02
2.39872E+01 2.62929E+01 2.68004E+01 2.82034E+01 2.82034E+01 2.82035E+01 2.82043E+01 2.68027E+01 2.62929E+01 2.39872E+01 8.28619E+02
2.59544E+01 2.82516E+01 2.87571E+01 3.01543E+01 3.01543E+01 3.01545E+01 3.01552E+01 2.87593E+01 2.82516E+01 2.59544E+01 8.93736E+02
2.79806E+01 3.02695E+01 3.07730E+01 3.21647E+01 3.21647E+01 3.21649E+01 3.21657E+01 3.07752E+01 3.02695E+01 2.79806E+01 9.60872E+02
3.00645E+01 3.23454E+01 3.28470E+01 3.42334E+01 3.42333E+01 3.42335E+01 3.42343E+01 3.28492E+01 3.23454E+01 3.00645E+01 1.02997E+03
3.22049E+01 3.44781E+01 3.49777E+01 3.63589E+01 3.63589E+01 3.63591E+01 3.63599E+01 3.49799E+01 3.44781E+01 3.22049E+01 1.10096E+03
3.44006E+01 3.66662E+01 3.71641E+01 3.85402E+01 3.85402E+01 3.85403E+01 3.85411E+01 3.71662E+01 3.66662E+01 3.44006E+01 1.17381E+03
3.66504E+01 3.89086E+01 3.94047E+01 4.07760E+01 4.07760E+01 4.07761E+01 4.07769E+01 3.94069E+01 3.89086E+01 3.66504E+01 1.24843E+03
3.89531E+01 4.12042E+01 4.16986E+01 4.30651E+01 4.30651E+01 4.30652E+01 4.30661E+01 4.17008E+01 4.12042E+01 3.89531E+01 1.32480E+03
4.13076E+01 4.35518E+01 4.40445E+01 4.54064E+01 4.54064E+01 4.54065E+01 4.54073E+01 4.40467E+01 4.35518E+01 4.13076E+01 1.40284E+03
4.37128E+01 4.59502E+01 4.64413E+01 4.77987E+01 4.77987E+01 4.77988E+01 4.77997E+01 4.64435E+01 4.59502E+01 4.37128E+01 1.48251E+03
4.61676E+01 4.83984E+01 4.88880E+01 5.02409E+01 5.02409E+01 5.02411E+01 5.02419E+01 4.88901E+01 4.83984E+01 4.61676E+01 1.56375E+03
4.86710E+01 5.08953E+01 5.13834E+01 5.27320E+01 5.27320E+01 5.27322E+01 5.27330E+01 5.13855E+01 5.08953E+01 4.86710E+01 1.64653E+03
5.12218E+01 5.34399E+01 5.39264E+01 5.52709E+01 5.52709E+01 5.52711E+01 5.52719E+01 5.39285E+01 5.34399E+01 5.12218E+01 1.73078E+03
5.38191E+01 5.60310E+01 5.65161E+01 5.78565E+01 5.78565E+01 5.78567E+01 5.78576E+01 5.65182E+01 5.60310E+01 5.38191E+01 1.81646E+03
5.64618E+01 5.86678E+01 5.91515E+01 6.04879E+01 6.04879E+01 6.04881E+01 6.04889E+01 5.91536E+01 5.86678E+01 5.64618E+01 1.90353E+03
5.91490E+01 6.13492E+01 6.18315E+01 6.31640E+01 6.31640E+01 6.31642E+01 6.31651E+01 6.18336E+01 6.13492E+01 5.91490E+01 1.99193E+03
6.18798E+01 6.40743E+01 6.45552E+01 6.58839E+01 6.58839E+01 6.58841E+01 6.58850E+01 6.45573E+01 6.40743E+01 6.18798E+01 2.08164E+03
6.46531E+01 6.68420E+01 6.73216E+01 6.86467E+01 6.86467E+01 6.86468E+01 6.86477E+01 6.73237E+01 6.68420E+01 6.46531E+01 2.17260E+03
6.74682E+01 6.96516E+01 7.01299E+01 7.14513E+01 7.14513E+01 7.14515E+01 7.14524E+01 7.01320E+01 6.96516E+01 6.74682E+01 2.26478E+03
7.03240E+01 7.25021E+01 7.29791E+01 7.42969E+01 7.42969E+01 7.42971E+01 7.42980E+01 7.29811E+01 7.25021E+01 7.03240E+01 2.35813E+03
7.32197E+01 7.53925E+01 7.58683E+01 7.71827E+01 7.71827E+01 7.71829E+01 7.71838E+01 7.58704E+01 7.53925E+01 7.32197E+01 2.45262E+03
7.61544E+01 7.83221E+01 7.87967E+01 8.01077E+01 8.01077E+01 8.01079E+01 8.01088E+01 7.87988E+01 7.83221E+01 7.61544E+01 2.54820E+03
7.91273E+01 8.12900E+01 8.17634E+01 8.30711E+01 8.30710E+01 8.30712E+01 8.30722E+01 8.17655E+01 8.12900E+01 7.91273E+01 2.64486E+03
8.21376E+01 8.42954E+01 8.47676E+01 8.60720E+01 8.60720E+01 8.60722E+01 8.60731E+01 8.47697E+01 8.42954E+01 8.21376E+01 2.74254E+03
0.00000E+00 0.00000E+00 4.94940E-01 2.05649E+00 2.05646E+00 2.05658E+00 2.05715E+00 4.97467E-01 0.00000E+00 0.00000E+00 -2.87119E+00
0.00000E+00 0.00000E+00 5.21421E-01 2.05128E+00 2.05125E+00 2.05136E+00 2.05194E+00 5.23912E-01 0.00000E+00 0.00000E+00 -7.74871E-01
0.00000E+00 9.52179E-02 6.37824E-01 2.14171E+00 2.14168E+00 2.14178E+00 2.14237E+00 6.40283E-01 9.52179E-02 0.00000E+00 2.42731E+00
0.00000E+00 3.06817E-01 8.41338E-01 2.32296E+00 2.32293E+00 2.32302E+00 2.32363E+00 8.43769E-01 3.06817E-01 0.00000E+00 7.03966E+00
0.00000E+00 6.02281E-01 1.12971E+00 2.59176E+00 2.59173E+00 2.59182E+00 2.59243E+00 1.13211E+00 6.02281E-01 0.00000E+00 1.34217E+01
0.00000E+00 9.78211E-01 1.49933E+00 2.94393E+00 2.94390E+00 2.94399E+00 2.94461E+00 1.50171E+00 9.78211E-01 0.00000E+00 2.18149E+01
0.00000E+00 1.43124E+00 1.94669E+00 3.37556E+00 3.37553E+00 3.37561E+00 3.37625E+00 1.94904E+00 1.43124E+00 0.00000E+00 3.23985E+01
0.00000E+00 1.95825E+00 2.46854E+00 3.88312E+00 3.88309E+00 3.88316E+00 3.88382E+00 2.47088E+00 1.95825E+00 0.00000E+00 4.52976E+01
2.13121E-01 2.52020E+00 3.02579E+00 4.42732E+00 4.42729E+00 4.42737E+00 4.42803E+00 3.02811E+00 2.52020E+00 2.13121E-01 6.06424E+01
8.10777E-01 3.09982E+00 3.60111E+00 4.99063E+00 4.99061E+00 4.99068E+00 4.99136E+00 3.60340E+00 3.09982E+00 8.10777E-01 7.84119E+01
1.48182E+00 3.75402E+00 4.25129E+00 5.62961E+00 5.62958E+00 5.62966E+00 5.63034E+00 4.25357E+00 3.75402E+00 1.48182E+00 9.85164E+01
2.22448E+00 4.48088E+00 4.97438E+00 6.34219E+00 6.34216E+00 6.34224E+00 6.34294E+00 4.97664E+00 4.48088E+00 2.22448E+00 1.20969E+02
3.03700E+00 5.27852E+00 5.76849E+00 7.12641E+00 7.12638E+00 7.12647E+00 7.12718E+00 5.77073E+00 5.27852E+00 3.03700E+00 1.45767E+02
3.91768E+00 6.14515E+00 6.63178E+00 7.98038E+00 7.98035E+00 7.98043E+00 7.98115E+00 6.63401E+00 6.14515E+00 3.91768E+00 1.72894E+02
4.86486E+00 7.07902E+00 7.56250E+00 8.90226E+00 8.90223E+00 8.90232E+00 8.90305E+00 7.56471E+00 7.07902E+00 4.86486E+00 2.02325E+02
5.87690E+00 8.07843E+00 8.55892E+00 9.89030E+00 9.89027E+00 9.89036E+00 9.89110E+00 8.56112E+00 8.07843E+00 5.87690E+00 2.34025E+02
6.95225E+00 9.14175E+00 9.61940E+00 1.09428E+01 1.09428E+01 1.09429E+01 1.09436E+01 9.62158E+00 9.14175E+00 6.95225E+00 2.67954E+02
8.08935E+00 1.02674E+01 1.07423E+01 1.20581E+01 1.20581E+01 1.20582E+01 1.20590E+01 1.07445E+01 1.02674E+01 8.08935E+00 3.04065E+02
9.28673E+00 1.14538E+01 1.19262E+01 1.32347E+01 1.32347E+01 1.32348E+01 1.32355E+01 1.19283E+01 1.14538E+01 9.28673E+00 3.42310E+02
1.05429E+01 1.26995E+01 1.31694E+01 1.44709E+01 1.44709E+01 1.44710E+01 1.44718E+01 1.31715E+01 1.26995E+01 1.05429E+01 3.82636E+02
1.18565E+01 1.40030E+01 1.44705E+01 1.57654E+01 1.57654E+01 1.57655E+01 1.57663E+01 1.44726E+01 1.40030E+01 1.18565E+01 4.24988E+02
1.32260E+01 1.53629E+01 1.58281E+01 1.71167E+01 1.71166E+01 1.71167E+01 1.71175E+01 1.58303E+01 1.53629E+01 1.32260E+01 4.69311E+02
1.46503E+01 1.67778E+01 1.72409E+01 1.85232E+01 1.85232E+01 1.85233E+01 1.85241E+01 1.72430E+01 1.67778E+01 1.46503E+01 5.15549E+02
1.61278E+01 1.82464E+01 1.87074E+01 1.99838E+01 1.99838E+01 1.99839E+01 1.99847E+01 1.87095E+01 1.82464E+01 1.61278E+01 5.63644E+02
1.76574E+01 1.97674E+01 2.02263E+01 2.14971E+01 2.14970E+01 2.14971E+01 2.14980E+01 2.02284E+01 1.97674E+01 1.76574E+01 6.13540E+02
1.92378E+01 2.13394E+01 2.17964E+01 2.30617E+01 2.30616E+01 2.30618E+01 2.30626E+01 2.17985E+01 2.13394E+01 1.92378E+01 6.65181E+02
2.08678E+01 2.29613E+01 2.34165E+01 2.46764E+01 2.46763E+01 2.46765E+01 2.46773E+01 2.34185E+01 2.29613E+01 2.08678E+01 7.18512E+02
2.25461E+01 2.46319E+01 2.50852E+01 2.63400E+01 2.63399E+01 2.63400E+01 2.63409E+01 2.50873E+01 2.46319E+01 2.25461E+01 7.73477E+02
2.42717E+01 2.63499E+01 2.68015E+01 2.80512E+01 2.80512E+01 2.80513E+01 2.80522E+01 2.68035E+01 2.63499E+01 2.42717E+01 8.30023E+02
2.60433E+01 2.81142E+01 2.85641E+01 2.98090E+01 2.98090E+01 2.98091E+01 2.98100E+01 2.85661E+01 2.81142E+01 2.60433E+01 8.88098E+02
2.78599E+01 2.99237E+01 3.03719E+01 3.16121E+01 3.16121E+01 3.16123E+01 3.16132E+01 3.03739E+01 2.99237E+01 2.78599E+01 9.47649E+02
2.97204E+01 3.17773E+01 3.22239E+01 3.34596E+01 3.34596E+01 3.34597E+01 3.34606E+01 3.22259E+01 3.17773E+01 2.97204E+01 1.00863E+03
3.16237E+01 3.36738E+01 3.41189E+01 3.53502E+01 3.53502E+01 3.53503E+01 3.53512E+01 3.41209E+01 3.36738E+01 3.16237E+01 1.07098E+03
3.35688E+01 3.56124E+01 3.60560E+01 3.72830E+01 3.72829E+01 3.72831E+01 3.72840E+01 3.60580E+01 3.56124E+01 3.35688E+01 1.13467E+03
3.55547E+01 3.75919E+01 3.80341E+01 3.92568E+01 3.92568E+01 3.92570E+01 3.92579E+01 3.80360E+01 3.75919E+01 3.55547E+01 1.19964E+03
3.75804E+01 3.96114E+01 4.00521E+01 4.12709E+01 4.12708E+01 4.12710E+01 4.12719E+01 4.00541E+01 3.96114E+01 3.75804E+01 1.26584E+03
3.96449E+01 4.16700E+01 4.21093E+01 4.33240E+01 4.33240E+01 4.33241E+01 4.33251E+01 4.21112E+01 4.16700E+01 3.96449E+01 1.33324E+03
4.17473E+01 4.37665E+01 4.42045E+01 4.54154E+01 4.54153E+01 4.54155E+01 4.54165E+01 4.42064E+01 4.37665E+01 4.17473E+01 1.40180E+03
4.38868E+01 4.59002E+01 4.63369E+01 4.75440E+01 4.75440E+01 4.75441E+01 4.75451E+01 4.63388E+01 4.59002E+01 4.38868E+01 1.47147E+03
4.60623E+01 4.80702E+01 4.85055E+01 4.97090E+01 4.97090E+01 4.97091E+01 4.97101E+01 4.85075E+01 4.80702E+01 4.60623E+01 1.54221E+03
4.82731E+01 5.02755E+01 5.07096E+01 5.19095E+01 5.19095E+01 5.19096E+01 5.19106E+01 5.07115E+01 5.02755E+01 4.82731E+01 1.61398E+03
5.05183E+01 5.25154E+01 5.29483E+01 5.41446E+01 5.41446E+01 5.41448E+01 5.41458E+01 5.29502E+01 5.25154E+01 5.05183E+01 1.68675E+03
5.27971E+01 5.47889E+01 5.52206E+01 5.64135E+01 5.64135E+01 5.64137E+01 5.64147E+01 5.52225E+01 5.47889E+01 5.27971E+01 1.76048E+03
5.51086E+01 5.70954E+01 5.75259E+01 5.87155E+01 5.87154E+01 5.87156E+01 5.87166E+01 5.75278E+01 5.70954E+01 5.51086E+01 1.83513E+03
5.74521E+01 5.94339E+01 5.98633E+01 6.10496E+01 6.10496E+01 6.10497E+01 6.10508E+01 5.98652E+01 5.94339E+01 5.74521E+01 1.91068E+03
5.98269E+01 6.18038E+01 6.22320E+01 6.34151E+01 6.34151E+01 6.34153E+01 6.34163E+01 6.22339E+01 6.18038E+01 5.98269E+01 1.98708E+03
6.22321E+01 6.42042E+01 6.46314E+01 6.58113E+01 6.58113E+01 6.58115E+01 6.58125E+01 6.46332E+01 6.42042E+01 6.22321E+01 2.06431E+03
6.46671E+01 6.66345E+01 6.70606E+01 6.82375E+01 6.82375E+01 6.82376E+01 6.82387E+01 6.70625E+01 6.66345E+01 6.46671E+01 2.14234E+03
6.71311E+01 6.90939E+01 6.95190E+01 7.06928E+01 7.06928E+01 7.06930E+01 7.06941E+01 6.95208E+01 6.90939E+01 6.71311E+01 2.22114E+03
6.96234E+01 7.15818E+01 7.20058E+01 7.31767E+01 7.31767E+01 7.31769E+01 7.31780E+01 7.20076E+01 7.15818E+01 6.96234E+01 2.30068E+03
0.00000E+00 0.00000E+00 4.38375E-01 1.84143E+00 1.84139E+00 1.84136E+00 1.84186E+00 4.40799E-01 0.00000E+00 0.00000E+00 -2.65616E+00
0.00000E+00 0.00000E+00 4.65318E-01 1.83978E+00 1.83974E+00 1.83972E+00 1.84024E+00 4.67696E-01 0.00000E+00 0.00000E+00 -7.19831E-01
0.00000E+00 8.94642E-02 5.75526E-01 1.92656E+00 1.92652E+00 1.92650E+00 1.92705E+00 5.77866E-01 8.94642E-02 0.00000E+00 2.25970E+00
0.00000E+00 2.85789E-01 7.64706E-01 2.09565E+00 2.09561E+00 2.09560E+00 2.09617E+00 7.67011E-01 2.85789E-01 0.00000E+00 6.55088E+00
0.00000E+00 5.57017E-01 1.02967E+00 2.34295E+00 2.34291E+00 2.34290E+00 2.34349E+00 1.03194E+00 5.57017E-01 0.00000E+00 1.24653E+01
0.00000E+00 8.99251E-01 1.36633E+00 2.66387E+00 2.66383E+00 2.66382E+00 2.66443E+00 1.36857E+00 8.99251E-01 0.00000E+00 2.01992E+01
0.00000E+00 1.30886E+00 1.77092E+00 3.05427E+00 3.05423E+00 3.05423E+00 3.05486E+00 1.77314E+00 1.30886E+00 0.00000E+00 2.98903E+01
0.00000E+00 1.78258E+00 2.24009E+00 3.51054E+00 3.51050E+00 3.51050E+00 3.51116E+00 2.24228E+00 1.78258E+00 0.00000E+00 4.16266E+01
1.92334E-01 2.28705E+00 2.74042E+00 3.99908E+00 3.99905E+00 3.99905E+00 3.99973E+00 2.74258E+00 2.28705E+00 1.92334E-01 5.54723E+01
7.29449E-01 2.80770E+00 3.25726E+00 4.50510E+00 4.50506E+00 4.50507E+00 4.50577E+00 3.25940E+00 2.80770E+00 7.29449E-01 7.13671E+01
1.32930E+00 3.39217E+00 3.83818E+00 5.07590E+00 5.07586E+00 5.07588E+00 5.07660E+00 3.84030E+00 3.39217E+00 1.32930E+00 8.92583E+01
1.98999E+00 4.03843E+00 4.48112E+00 5.70935E+00 5.70932E+00 5.70934E+00 5.71008E+00 4.48321E+00 4.03843E+00 1.98999E+00 1.09143E+02
2.70970E+00 4.74455E+00 5.18412E+00 6.40343E+00 6.40340E+00 6.40343E+00 6.40419E+00 5.18620E+00 4.74455E+00 2.70970E+00 1.31004E+02
3.48669E+00 5.50871E+00 5.94534E+00 7.15623E+00 7.15620E+00 7.15623E+00 7.15701E+00 5.94740E+00 5.50871E+00 3.48669E+00 1.54816E+02
4.31929E+00 6.32916E+00 6.76300E+00 7.96592E+00 7.96589E+00 7.96593E+00 7.96672E+00 6.76504E+00 6.32916E+00 4.31929E+00 1.80545E+02
5.20588E+00 7.20421E+00 7.63542E+00 8.83077E+00 8.83074E+00 8.83079E+00 8.83160E+00 7.63744E+00 7.20421E+00 5.20588E+00 2.08152E+02
6.14493E+00 8.13228E+00 8.56099E+00 9.74913E+00 9.74910E+00 9.74916E+00 9.74998E+00 8.56299E+00 8.13228E+00 6.14493E+00 2.37591E+02
7.13494E+00 9.11181E+00 9.53814E+00 1.07194E+01 1.07194E+01 1.07194E+01 1.07203E+01 9.54012E+00 9.11181E+00 7.13494E+00 2.68815E+02
8.17448E+00 1.01413E+01 1.05654E+01 1.17401E+01 1.17401E+01 1.17402E+01 1.17410E+01 1.05674E+01 1.01413E+01 8.17448E+00 3.01773E+02
9.26217E+00 1.12194E+01 1.16413E+01 1.28098E+01 1.28097E+01 1.28098E+01 1.28107E+01 1.16433E+01 1.12194E+01 9.26217E+00 3.36415E+02
1.03966E+01 1.23447E+01 1.27645E+01 1.39269E+01 1.39269E+01 1.39270E+01 1.39279E+01 1.27664E+01 1.23447E+01 1.03966E+01 3.72687E+02
1.15766E+01 1.35159E+01 1.39337E+01 1.50903E+01 1.50903E+01 1.50904E+01 1.50913E+01 1.39356E+01 1.35159E+01 1.15766E+01 4.10536E+02
1.28009E+01 1.47316E+01 1.51475E+01 1.62986E+01 1.62986E+01 1.62987E+01 1.62996E+01 1.51494E+01 1.47316E+01 1.28009E+01 4.49911E+02
1.40681E+01 1.59907E+01 1.64047E+01 1.75505E+01 1.75504E+01 1.75505E+01 1.75515E+01 1.64066E+01 1.59907E+01 1.40681E+01 4.90757E+02
1.53772E+01 1.72919E+01 1.77042E+01 1.88448E+01 1.88447E+01 1.88448E+01 1.88458E+01 1.77060E+01 1.72919E+01 1.53772E+01 5.33024E+02
1.67271E+01 1.86341E+01 1.90446E+01 2.01803E+01 2.01802E+01 2.01804E+01 2.01813E+01 1.90465E+01 1.86341E+01 1.67271E+01 5.76661E+02
1.81165E+01 2.00162E+01 2.04250E+01 2.15558E+01 2.15558E+01 2.15559E+01 2.15569E+01 2.04269E+01 2.00162E+01 1.81165E+01 6.21618E+02
1.95444E+01 2.14370E+01 2.18442E+01 2.29704E+01 2.29704E+01 2.29705E+01 2.29715E+01 2.18461E+01 2.14370E+01 1.95444E+01 6.67845E+02
2.10098E+01 2.28955E+01 2.33012E+01 2.44228E+01 2.44228E+01 2.44229E+01 2.44240E+01 2.33030E+01 2.28955E+01 2.10098E+01 7.15296E+02
2.25116E+01 2.43906E+01 2.47948E+01 2.59121E+01 2.59121E+01 2.59122E+01 2.59133E+01 2.47966E+01 2.43906E+01 2.25116E+01 7.63925E+02
2.40489E+01 2.59214E+01 2.63242E+01 2.74373E+01 2.74372E+01 2.74374E+01 2.74384E+01 2.63260E+01 2.59214E+01 2.40489E+01 8.13686E+02
2.56207E+01 2.74869E+01 2.78883E+01 2.89973E+01 2.89972E+01 2.89974E+01 2.89984E+01 2.78901E+01 2.74869E+01 2.56207E+01 8.64536E+02
2.72261E+01 2.90862E+01 2.94862E+01 3.05912E+01 3.05911E+01 3.05913E+01 3.05924E+01 2.94880E+01 2.90862E+01 2.72261E+01 9.16432E+02
2.88642E+01 3.07183E+01 3.11170E+01 3.22180E+01 3.22180E+01 3.22182E+01 3.22193E+01 3.11187E+01 3.07183E+01 2.88642E+01 9.69335E+02
3.05340E+01 3.23823E+01 3.27797E+01 3.38770E+01 3.38770E+01 3.38772E+01 3.38783E+01 3.27815E+01 3.23823E+01 3.05340E+01 1.02320E+03
3.22348E+01 3.40775E+01 3.44736E+01 3.55672E+01 3.55672E+01 3.55674E+01 3.55685E+01 3.44753E+01 3.40775E+01 3.22348E+01 1.07800E+03
3.39657E+01 3.58028E+01 3.61977E+01 3.72878E+01 3.72878E+01 3.72880E+01 3.72891E+01 3.61995E+01 3.58028E+01 3.39657E+01 1.13369E+03
3.57258E+01 3.75576E+01 3.79514E+01 3.90379E+01 3.90379E+01 3.90381E+01 3.90392E+01 3.79531E+01 3.75576E+01 3.57258E+01 1.19024E+03
3.75145E+01 3.93411E+01 3.97336E+01 4.08168E+01 4.08168E+01 4.08170E+01 4.08181E+01 3.97354E+01 3.93411E+01 3.75145E+01 1.24761E+03
3.93309E+01 4.11524E+01 4.15438E+01 4.26237E+01 4.26236E+01 4.26238E+01 4.26250E+01 4.15455E+01 4.11524E+01 3.93309E+01 1.30576E+03
4.11743E+01 4.29908E+01 4.33812E+01 4.44578E+01 4.44577E+01 4.44579E+01 4.44591E+01 4.33828E+01 4.29908E+01 4.11743E+01 1.36467E+03
4.30440E+01 4.48557E+01 4.52449E+01 4.63184E+01 4.63183E+01 4.63185E+01 4.63197E+01 4.52466E+01 4.48557E+01 4.30440E+01 1.42431E+03
4.49393E+01 4.67462E+01 4.71344E+01 4.82047E+01 4.82047E+01 4.82049E+01 4.82061E+01 4.71361E+01 4.67462E+01 4.49393E+01 1.48465E+03
4.68595E+01 4.86617E+01 4.90489E+01 5.01162E+01 5.01162E+01 5.01164E+01 5.01176E+01 4.90505E+01 4.86617E+01 4.68595E+01 1.54565E+03
4.88039E+01 5.06016E+01 5.09878E+01 5.20521E+01 5.20521E+01 5.20523E+01 5.20535E+01 5.09894E+01 5.06016E+01 4.88039E+01 1.60730E+03
5.07719E+01 5.25652E+01 5.29503E+01 5.40118E+01 5.40118E+01 5.40120E+01 5.40132E+01 5.29520E+01 5.25652E+01 5.07719E+01 1.66956E+03
5.27629E+01 5.45518E+01 5.49360E+01 5.59946E+01 5.59946E+01 5.59948E+01 5.59961E+01 5.49376E+01 5.45518E+01 5.27629E+01 1.73240E+03
5.47762E+01 5.65608E+01 5.69441E+01 5.79999E+01 5.79999E+01 5.80001E+01 5.80014E+01 5.69457E+01 5.65608E+01 5.47762E+01 1.79581E+03
5.68113E+01 5.85917E+01 5.89741E+01 6.00272E+01 6.00272E+01 6.00274E+01 6.00287E+01 5.89757E+01 5.85917E+01 5.68113E+01 1.85977E+03
5.88676E+01 6.06439E+01 6.10253E+01 6.20758E+01 6.20758E+01 6.20760E+01 6.20773E+01 6.10269E+01 6.06439E+01 5.88676E+01 1.92423E+03
0.00000E+00 0.00000E+00 3.88046E-01 1.64815E+00 1.64811E+00 1.64802E+00 1.64849E+00 3.90337E-01 0.00000E+00 0.00000E+00 -2.46504E+00
0.00000E+00 0.00000E+00 4.15686E-01 1.64999E+00 1.64995E+00 1.64987E+00 1.65039E+00 4.17922E-01 0.00000E+00 0.00000E+00 -6.70351E-01
0.00000E+00 8.41911E-02 5.20226E-01 1.73338E+00 1.73334E+00 1.73328E+00 1.73384E+00 5.22414E-01 8.41911E-02 0.00000E+00 2.10871E+00
0.00000E+00 2.66411E-01 6.96141E-01 1.89117E+00 1.89112E+00 1.89107E+00 1.89168E+00 6.98287E-01 2.66411E-01 0.00000E+00 6.10597E+00
0.00000E+00 5.15304E-01 9.39507E-01 2.11859E+00 2.11854E+00 2.11851E+00 2.11915E+00 9.41613E-01 5.15304E-01 0.00000E+00 1.15884E+01
0.00000E+00 8.26623E-01 1.24591E+00 2.41078E+00 2.41073E+00 2.41071E+00 2.41139E+00 1.24798E+00 8.26623E-01 0.00000E+00 1.87115E+01
0.00000E+00 1.19658E+00 1.61145E+00 2.76350E+00 2.76346E+00 2.76345E+00 2.76416E+00 1.61348E+00 1.19658E+00 0.00000E+00 2.75761E+01
0.00000E+00 1.62188E+00 2.03273E+00 3.17313E+00 3.17309E+00 3.17309E+00 3.17383E+00 2.03473E+00 1.62188E+00 0.00000E+00 3.82390E+01
1.73323E-01 2.07410E+00 2.48130E+00 3.61107E+00 3.61103E+00 3.61104E+00 3.61181E+00 2.48327E+00 2.07410E+00 1.73323E-01 5.07105E+01
6.55280E-01 2.54102E+00 2.94487E+00 4.06486E+00 4.06482E+00 4.06484E+00 4.06564E+00 2.94682E+00 2.54102E+00 6.55280E-01 6.49005E+01
1.19057E+00 3.06227E+00 3.46299E+00 4.57385E+00 4.57381E+00 4.57384E+00 4.57467E+00 3.46491E+00 3.06227E+00 1.19057E+00 8.07880E+01
1.77727E+00 3.63579E+00 4.03358E+00 5.13587E+00 5.13583E+00 5.13588E+00 5.13674E+00 4.03548E+00 3.63579E+00 1.77727E+00 9.83570E+01
2.41354E+00 4.25965E+00 4.65469E+00 5.74893E+00 5.74889E+00 5.74894E+00 5.74983E+00 4.65657E+00 4.25965E+00 2.41354E+00 1.17582E+02
3.09766E+00 4.93205E+00 5.32450E+00 6.41113E+00 6.41109E+00 6.41116E+00 6.41207E+00 5.32635E+00 4.93205E+00 3.09766E+00 1.38430E+02
3.82798E+00 5.65128E+00 6.04128E+00 7.12071E+00 7.12067E+00 7.12075E+00 7.12169E+00 6.04311E+00 5.65128E+00 3.82798E+00 1.60861E+02
4.60296E+00 6.41572E+00 6.80340E+00 7.87599E+00 7.87596E+00 7.87604E+00 7.87701E+00 6.80520E+00 6.41572E+00 4.60296E+00 1.84834E+02
5.42111E+00 7.22384E+00 7.60932E+00 8.67541E+00 8.67537E+00 8.67547E+00 8.67646E+00 7.61110E+00 7.22384E+00 5.42111E+00 2.10301E+02
6.28103E+00 8.07419E+00 8.45756E+00 9.51745E+00 9.51742E+00 9.51752E+00 9.51854E+00 8.45933E+00 8.07419E+00 6.28103E+00 2.37215E+02
7.18135E+00 8.96536E+00 9.34674E+00 1.04007E+01 1.04007E+01 1.04008E+01 1.04018E+01 9.34848E+00 8.96536E+00 7.18135E+00 2.65527E+02
8.12078E+00 9.89604E+00 1.02755E+01 1.13238E+01 1.13238E+01 1.13239E+01 1.13250E+01 1.02772E+01 9.89604E+00 8.12078E+00 2.95188E+02
9.09808E+00 1.08649E+01 1.12426E+01 1.22854E+01 1.22854E+01 1.22855E+01 1.22866E+01 1.12443E+01 1.08649E+01 9.09808E+00 3.26148E+02
1.01121E+01 1.18709E+01 1.22467E+01 1.32844E+01 1.32843E+01 1.32845E+01 1.32856E+01 1.22484E+01 1.18709E+01 1.01121E+01 3.58358E+02
1.11616E+01 1.29126E+01 1.32868E+01 1.43194E+01 1.43194E+01 1.43195E+01 1.43207E+01 1.32885E+01 1.29126E+01 1.11616E+01 3.91769E+02
1.22455E+01 1.39891E+01 1.43616E+01 1.53894E+01 1.53894E+01 1.53895E+01 1.53907E+01 1.43633E+01 1.39891E+01 1.22455E+01 4.26334E+02
1.33628E+01 1.50991E+01 1.54701E+01 1.64933E+01 1.64932E+01 1.64934E+01 1.64946E+01 1.54718E+01 1.50991E+01 1.33628E+01 4.62007E+02
1.45124E+01 1.62418E+01 1.66112E+01 1.76299E+01 1.76299E+01 1.76300E+01 1.76312E+01 1.66129E+01 1.62418E+01 1.45124E+01 4.98742E+02
1.56933E+01 1.74160E+01 1.77840E+01 1.87983E+01 1.87983E+01 1.87985E+01 1.87997E+01 1.77856E+01 1.74160E+01 1.56933E+01 5.36494E+02
1.69046E+01 1.86207E+01 1.89874E+01 1.99975E+01 1.99974E+01 1.99976E+01 1.99989E+01 1.89890E+01 1.86207E+01 1.69046E+01 5.75222E+02
1.81453E+01 1.98552E+01 2.02204E+01 2.12265E+01 2.12264E+01 2.12266E+01 2.12279E+01 2.02220E+01 1.98552E+01 1.81453E+01 6.14884E+02
1.94146E+01 2.11183E+01 2.14823E+01 2.24844E+01 2.24844E+01 2.24846E+01 2.24858E+01 2.14838E+01 2.11183E+01 1.94146E+01 6.55440E+02
2.07115E+01 2.24094E+01 2.27720E+01 2.37703E+01 2.37703E+01 2.37705E+01 2.37718E+01 2.27736E+01 2.24094E+01 2.07115E+01 6.96852E+02
2.20353E+01 2.37274E+01 2.40888E+01 2.50834E+01 2.50834E+01 2.50836E+01 2.50849E+01 2.40904E+01 2.37274E+01 2.20353E+01 7.39081E+02
2.33851E+01 2.50716E+01 2.54319E+01 2.64228E+01 2.64228E+01 2.64230E+01 2.64243E+01 2.54334E+01 2.50716E+01 2.33851E+01 7.82094E+02
2.47602E+01 2.64413E+01 2.68003E+01 2.77878E+01 2.77877E+01 2.77880E+01 2.77893E+01 2.68018E+01 2.64413E+01 2.47602E+01 8.25854E+02
2.61597E+01 2.78355E+01 2.81934E+01 2.91775E+01 2.91774E+01 2.91777E+01 2.91791E+01 2.81949E+01 2.78355E+01 2.61597E+01 8.70330E+02
2.75830E+01 2.92537E+01 2.96105E+01 3.05912E+01 3.05912E+01 3.05914E+01 3.05928E+01 2.96119E+01 2.92537E+01 2.75830E+01 9.15489E+02
2.90294E+01 3.06950E+01 3.10507E+01 3.20282E+01 3.20282E+01 3.20284E+01 3.20298E+01 3.10522E+01 3.06950E+01 2.90294E+01 9.61300E+02
3.04980E+01 3.21587E+01 3.25134E+01 3.34878E+01 3.34878E+01 3.34880E+01 3.34894E+01 3.25149E+01 3.21587E+01 3.04980E+01 1.00773E+03
3.19884E+01 3.36443E+01 3.39980E+01 3.49693E+01 3.49692E+01 3.49695E+01 3.49709E+01 3.39994E+01 3.36443E+01 3.19884E+01 1.05476E+03
3.34998E+01 3.51510E+01 3.55037E+01 3.64720E+01 3.64720E+01 3.64723E+01 3.64737E+01 3.55051E+01 3.51510E+01 3.34998E+01 1.10236E+03
3.50316E+01 3.66783E+01 3.70300E+01 3.79953E+01 3.79953E+01 3.79956E+01 3.79971E+01 3.70314E+01 3.66783E+01 3.50316E+01 1.15050E+03
3.65831E+01 3.82254E+01 3.85762E+01 3.95386E+01 3.95386E+01 3.95389E+01 3.95404E+01 3.85776E+01 3.82254E+01 3.65831E+01 1.19915E+03
3.81539E+01 3.97918E+01 4.01417E+01 4.11014E+01 4.11013E+01 4.11017E+01 4.11032E+01 4.01431E+01 3.97918E+01 3.81539E+01 1.24830E+03
3.97433E+01 4.13770E+01 4.17260E+01 4.26829E+01 4.26829E+01 4.26832E+01 4.26847E+01 4.17273E+01 4.13770E+01 3.97433E+01 1.29792E+03
4.13509E+01 4.29804E+01 4.33284E+01 4.42827E+01 4.42827E+01 4.42830E+01 4.42845E+01 4.33298E+01 4.29804E+01 4.13509E+01 1.34798E+03
4.29759E+01 4.46013E+01 4.49485E+01 4.59002E+01 4.59002E+01 4.59005E+01 4.59020E+01 4.49499E+01 4.46013E+01 4.29759E+01 1.39847E+03
4.46180E+01 4.62394E+01 4.65858E+01 4.75348E+01 4.75348E+01 4.75352E+01 4.75367E+01 4.65871E+01 4.62394E+01 4.46180E+01 1.44937E+03
4.62766E+01 4.78941E+01 4.82396E+01 4.91862E+01 4.91862E+01 4.91865E+01 4.91881E+01 4.82410E+01 4.78941E+01 4.62766E+01 1.50065E+03
4.79512E+01 4.95649E+01 4.99096E+01 5.08537E+01 5.08537E+01 5.08541E+01 5.08556E+01 4.99109E+01 4.95649E+01 4.79512E+01 1.55230E+03
4.96413E+01 5.12513E+01 5.15952E+01 5.25369E+01 5.25369E+01 5.25373E+01 5.25389E+01 5.15965E+01 5.12513E+01 4.96413E+01 1.60430E+03
0.00000E+00 0.00000E+00 3.43291E-01 1.47443E+00 1.47438E+00 1.47430E+00 1.47487E+00 3.45412E-01 0.00000E+00 0.00000E+00 -2.29552E+00
0.00000E+00 0.00000E+00 3.71839E-01 1.47968E+00 1.47963E+00 1.47958E+00 1.48022E+00 3.73894E-01 0.00000E+00 0.00000E+00 -6.25908E-01
0.00000E+00 7.93462E-02 4.71178E-01 1.55992E+00 1.55987E+00 1.55984E+00 1.56054E+00 4.73175E-01 7.93462E-02 0.00000E+00 1.97263E+00
0.00000E+00 2.48521E-01 6.34800E-01 1.70717E+00 1.70712E+00 1.70711E+00 1.70786E+00 6.36746E-01 2.48521E-01 0.00000E+00 5.70051E+00
0.00000E+00 4.76819E-01 8.58231E-01 1.91620E+00 1.91615E+00 1.91616E+00 1.91697E+00 8.60130E-01 4.76819E-01 0.00000E+00 1.07833E+01
0.00000E+00 7.59772E-01 1.13686E+00 2.18199E+00 2.18194E+00 2.18197E+00 2.18282E+00 1.13871E+00 7.59772E-01 0.00000E+00 1.73398E+01
0.00000E+00 1.09354E+00 1.46673E+00 2.50029E+00 2.50025E+00 2.50028E+00 2.50119E+00 1.46855E+00 1.09354E+00 0.00000E+00 2.54390E+01
0.00000E+00 1.47483E+00 1.84450E+00 2.86753E+00 2.86748E+00 2.86754E+00 2.86849E+00 1.84627E+00 1.47483E+00 0.00000E+00 3.51113E+01
1.55946E-01 1.87959E+00 2.24605E+00 3.25948E+00 3.25943E+00 3.25950E+00 3.26049E+00 2.24779E+00 1.87959E+00 1.55946E-01 4.63236E+01
5.87682E-01 2.29760E+00 2.66110E+00 3.66570E+00 3.66566E+00 3.66574E+00 3.66677E+00 2.66282E+00 2.29760E+00 5.87682E-01 5.89650E+01
1.06450E+00 2.76159E+00 3.12234E+00 4.11869E+00 4.11865E+00 4.11875E+00 4.11981E+00 3.12402E+00 2.76159E+00 1.06450E+00 7.30404E+01
1.58447E+00 3.26953E+00 3.62771E+00 4.61632E+00 4.61628E+00 4.61639E+00 4.61749E+00 3.62936E+00 3.26953E+00 1.58447E+00 8.85249E+01
2.14581E+00 3.81954E+00 4.17531E+00 5.15663E+00 5.15659E+00 5.15672E+00 5.15786E+00 4.17693E+00 3.81954E+00 2.14581E+00 1.05386E+02
2.74685E+00 4.40988E+00 4.76337E+00 5.73782E+00 5.73778E+00 5.73792E+00 5.73909E+00 4.76496E+00 4.40988E+00 2.74685E+00 1.23587E+02
3.38602E+00 5.03891E+00 5.39025E+00 6.35819E+00 6.35815E+00 6.35831E+00 6.35952E+00 5.39181E+00 5.03891E+00 3.38602E+00 1.43086E+02
4.06184E+00 5.70511E+00 6.05441E+00 7.01618E+00 7.01614E+00 7.01631E+00 7.01754E+00 6.05594E+00 5.70511E+00 4.06184E+00 1.63838E+02
4.77292E+00 6.40703E+00 6.75439E+00 7.71029E+00 7.71025E+00 7.71044E+00 7.71170E+00 6.75591E+00 6.40703E+00 4.77292E+00 1.85799E+02
5.51795E+00 7.14333E+00 7.48885E+00 8.43914E+00 8.43910E+00 8.43930E+00 8.44060E+00 7.49034E+00 7.14333E+00 5.51795E+00 2.08922E+02
6.29568E+00 7.91271E+00 8.25647E+00 9.20141E+00 9.20137E+00 9.20158E+00 9.20291E+00 8.25793E+00 7.91271E+00 6.29568E+00 2.33159E+02
7.10492E+00 8.71395E+00 9.05603E+00 9.99584E+00 9.99581E+00 9.99603E+00 9.99739E+00 9.05747E+00 8.71395E+00 7.10492E+00 2.58466E+02
7.94453E+00 9.54589E+00 9.88636E+00 1.08213E+01 1.08212E+01 1.08215E+01 1.08228E+01 9.88778E+00 9.54589E+00 7.94453E+00 2.84796E+02
8.81342E+00 1.04074E+01 1.07463E+01 1.16765E+01 1.16765E+01 1.16768E+01 1.16782E+01 1.07477E+01 1.04074E+01 8.81342E+00 3.12105E+02
9.71057E+00 1.12975E+01 1.16349E+01 1.25606E+01 1.25606E+01 1.25608E+01 1.25623E+01 1.16363E+01 1.12975E+01 9.71057E+00 3.40349E+02
1.06350E+01 1.22151E+01 1.25511E+01 1.34724E+01 1.34723E+01 1.34726E+01 1.34741E+01 1.25524E+01 1.22151E+01 1.06350E+01 3.69486E+02
1.15857E+01 1.31592E+01 1.34939E+01 1.44109E+01 1.44109E+01 1.44112E+01 1.44127E+01 1.34952E+01 1.31592E+01 1.15857E+01 3.99474E+02
1.25618E+01 1.41290E+01 1.44623E+01 1.53753E+01 1.53753E+01 1.53756E+01 1.53771E+01 1.44636E+01 1.41290E+01 1.25618E+01 4.30273E+02
1.35625E+01 1.51235E+01 1.54555E+01 1.63646E+01 1.63646E+01 1.63649E+01 1.63664E+01 1.54568E+01 1.51235E+01 1.35625E+01 4.61847E+02
1.45868E+01 1.61418E+01 1.64726E+01 1.73779E+01 1.73779E+01 1.73782E+01 1.73798E+01 1.64739E+01 1.61418E+01 1.45868E+01 4.94157E+02
1.56339E+01 1.71833E+01 1.75129E+01 1.84145E+01 1.84145E+01 1.84148E+01 1.84164E+01 1.75141E+01 1.71833E+01 1.56339E+01 5.27168E+02
1.67032E+01 1.82469E+01 1.85754E+01 1.94735E+01 1.94734E+01 1.94738E+01 1.94754E+01 1.85766E+01 1.82469E+01 1.67032E+01 5.60846E+02
1.77938E+01 1.93321E+01 1.96595E+01 2.05541E+01 2.05540E+01 2.05544E+01 2.05560E+01 1.96607E+01 1.93321E+01 1.77938E+01 5.95159E+02
1.89050E+01 2.04381E+01 2.07643E+01 2.16556E+01 2.16556E+01 2.16559E+01 2.16576E+01 2.07655E+01 2.04381E+01 1.89050E+01 6.30076E+02
2.00361E+01 2.15641E+01 2.18893E+01 2.27773E+01 2.27773E+01 2.27776E+01 2.27793E+01 2.18905E+01 2.15641E+01 2.00361E+01 6.65565E+02
2.11865E+01 2.27095E+01 2.30337E+01 2.39185E+01 2.39185E+01 2.39189E+01 2.39206E+01 2.30349E+01 2.27095E+01 2.11865E+01 7.01599E+02
2.23555E+01 2.38736E+01 2.41968E+01 2.50785E+01 2.50785E+01 2.50789E+01 2.50806E+01 2.41980E+01 2.38736E+01 2.23555E+01 7.38151E+02
2.35424E+01 2.50559E+01 2.53781E+01 2.62568E+01 2.62568E+01 2.62572E+01 2.62589E+01 2.53792E+01 2.50559E+01 2.35424E+01 7.75193E+02
2.47467E+01 2.62556E+01 2.65768E+01 2.74526E+01 2.74526E+01 2.74531E+01 2.74548E+01 2.65780E+01 2.62556E+01 2.47467E+01 8.12702E+02
2.59678E+01 2.74722E+01 2.77925E+01 2.86655E+01 2.86655E+01 2.86659E+01 2.86677E+01 2.77937E+01 2.74722E+01 2.59678E+01 8.50652E+02
2.72051E+01 2.87051E+01 2.90246E+01 2.98948E+01 2.98948E+01 2.98952E+01 2.98970E+01 2.90257E+01 2.87051E+01 2.72051E+01 8.89021E+02
2.84581E+01 2.99539E+01 3.02725E+01 3.11399E+01 3.11399E+01 3.11404E+01 3.11422E+01 3.02736E+01 2.99539E+01 2.84581E+01 9.27787E+02
2.97262E+01 3.12179E+01 3.15356E+01 3.24004E+01 3.24004E+01 3.24009E+01 3.24027E+01 3.15367E+01 3.12179E+01 2.97262E+01 9.66929E+02
3.10090E+01 3.24966E+01 3.28135E+01 3.36758E+01 3.36758E+01 3.36762E+01 3.36781E+01 3.28146E+01 3.24966E+01 3.10090E+01 1.00643E+03
3.23060E+01 3.37896E+01 3.41057E+01 3.49654E+01 3.49654E+01 3.49659E+01 3.49678E+01 3.41068E+01 3.37896E+01 3.23060E+01 1.04626E+03
3.36167E+01 3.50964E+01 3.54117E+01 3.62689E+01 3.62689E+01 3.62694E+01 3.62713E+01 3.54127E+01 3.50964E+01 3.36167E+01 1.08641E+03
3.49406E+01 3.64165E+01 3.67310E+01 3.75858E+01 3.75858E+01 3.75863E+01 3.75883E+01 3.67321E+01 3.64165E+01 3.49406E+01 1.12687E+03
3.62773E+01 3.77495E+01 3.80633E+01 3.89157E+01 3.89157E+01 3.89162E+01 3.89182E+01 3.80643E+01 3.77495E+01 3.62773E+01 1.16761E+03
3.76263E+01 3.90949E+01 3.94079E+01 4.02581E+01 4.02581E+01 4.02586E+01 4.02605E+01 3.94089E+01 3.90949E+01 3.76263E+01 1.20861E+03
3.89873E+01 4.04523E+01 4.07647E+01 4.16125E+01 4.16125E+01 4.16131E+01 4.16150E+01 4.07656E+01 4.04523E+01 3.89873E+01 1.24987E+03
4.03599E+01 4.18214E+01 4.21330E+01 4.29787E+01 4.29787E+01 4.29792E+01 4.29812E+01 4.21340E+01 4.18214E+01 4.03599E+01 1.29137E+03
4.17437E+01 4.32017E+01 4.35127E+01 4.43561E+01 4.43561E+01 4.43567E+01 4.43587E+01 4.35136E+01 4.32017E+01 4.17437E+01 1.33309E+03
0.00000E+00 0.00000E+00 3.03529E-01 1.31827E+00 1.31821E+00 1.31819E+00 1.31896E+00 3.05438E-01 0.00000E+00 0.00000E+00 -2.14554E+00
0.00000E+00 0.00000E+00 3.33168E-01 1.32686E+00 1.32680E+00 1.32681E+00 1.32767E+00 3.34997E-01 0.00000E+00 0.00000E+00 -5.85963E-01
0.00000E+00 7.48821E-02 4.27718E-01 1.40416E+00 1.40410E+00 1.40413E+00 1.40508E+00 4.29478E-01 7.48821E-02 0.00000E+00 1.85001E+00
0.00000E+00 2.31973E-01 5.79931E-01 1.54157E+00 1.54152E+00 1.54157E+00 1.54259E+00 5.81630E-01 2.31973E-01 0.00000E+00 5.33058E+00
0.00000E+00 4.41267E-01 7.84949E-01 1.73358E+00 1.73352E+00 1.73360E+00 1.73468E+00 7.86594E-01 4.41267E-01 0.00000E+00 1.00431E+01
0.00000E+00 6.98191E-01 1.03808E+00 1.97510E+00 1.97505E+00 1.97515E+00 1.97629E+00 1.03967E+00 6.98191E-01 0.00000E+00 1.60737E+01
0.00000E+00 9.98926E-01 1.33540E+00 2.26197E+00 2.26191E+00 2.26203E+00 2.26323E+00 1.33694E+00 9.98926E-01 0.00000E+00 2.34638E+01
0.00000E+00 1.34027E+00 1.67364E+00 2.59070E+00 2.59064E+00 2.59078E+00 2.59203E+00 1.67514E+00 1.34027E+00 0.00000E+00 3.22222E+01
1.40072E-01 1.70195E+00 2.03251E+00 2.94088E+00 2.94083E+00 2.94099E+00 2.94229E+00 2.03397E+00 1.70195E+00 1.40072E-01 4.22816E+01
5.26118E-01 2.07546E+00 2.40343E+00 3.30382E+00 3.30377E+00 3.30395E+00 3.30529E+00 2.40485E+00 2.07546E+00 5.26118E-01 5.35175E+01
9.50010E-01 2.48764E+00 2.81320E+00 3.70613E+00 3.70608E+00 3.70628E+00 3.70767E+00 2.81458E+00 2.48764E+00 9.50010E-01 6.59562E+01
1.40988E+00 2.93652E+00 3.25983E+00 4.14576E+00 4.14571E+00 4.14593E+00 4.14737E+00 3.26117E+00 2.93652E+00 1.40988E+00 7.95668E+01
1.90402E+00 3.42032E+00 3.74150E+00 4.62086E+00 4.62081E+00 4.62105E+00 4.62253E+00 3.74282E+00 3.42032E+00 1.90402E+00 9.43129E+01
2.43085E+00 3.93737E+00 4.25656E+00 5.12970E+00 5.12966E+00 5.12991E+00 5.13143E+00 4.25784E+00 3.93737E+00 2.43085E+00 1.10155E+02
2.98888E+00 4.48615E+00 4.80345E+00 5.67071E+00 5.67067E+00 5.67094E+00 5.67250E+00 4.80470E+00 4.48615E+00 2.98888E+00 1.27050E+02
3.57675E+00 5.06523E+00 5.38075E+00 6.24243E+00 6.24238E+00 6.24267E+00 6.24427E+00 5.38197E+00 5.06523E+00 3.57675E+00 1.44955E+02
4.19318E+00 5.67329E+00 5.98712E+00 6.84348E+00 6.84344E+00 6.84374E+00 6.84538E+00 5.98831E+00 5.67329E+00 4.19318E+00 1.63827E+02
4.83695E+00 6.30909E+00 6.62130E+00 7.47259E+00 7.47255E+00 7.47287E+00 7.47455E+00 6.62246E+00 6.30909E+00 4.83695E+00 1.83621E+02
5.50693E+00 6.97144E+00 7.28211E+00 8.12856E+00 8.12853E+00 8.12886E+00 8.13058E+00 7.28324E+00 6.97144E+00 5.50693E+00 2.04294E+02
6.20204E+00 7.65925E+00 7.96844E+00 8.81027E+00 8.81023E+00 8.81059E+00 8.81233E+00 7.96955E+00 7.65925E+00 6.20204E+00 2.25804E+02
6.92126E+00 8.37147E+00 8.67925E+00 9.51663E+00 9.51660E+00 9.51697E+00 9.51875E+00 8.68034E+00 8.37147E+00 6.92126E+00 2.48110E+02
7.66362E+00 9.10710E+00 9.41354E+00 1.02467E+01 1.02466E+01 1.02470E+01 1.02488E+01 9.41460E+00 9.10710E+00 7.66362E+00 2.71171E+02
8.42820E+00 9.86522E+00 1.01704E+01 1.09994E+01 1.09993E+01 1.09997E+01 1.10016E+01 1.01714E+01 9.86522E+00 8.42820E+00 2.94950E+02
9.21413E+00 1.06449E+01 1.09488E+01 1.17739E+01 1.17738E+01 1.17743E+01 1.17761E+01 1.09498E+01 1.06449E+01 9.21413E+00 3.19408E+02
1.00206E+01 1.14453E+01 1.17480E+01 1.25693E+01 1.25693E+01 1.25697E+01 1.25716E+01 1.17490E+01 1.14453E+01 1.00206E+01 3.44510E+02
1.08467E+01 1.22657E+01 1.25672E+01 1.33848E+01 1.33848E+01 1.33852E+01 1.33872E+01 1.25682E+01 1.22657E+01 1.08467E+01 3.70222E+02
1.16918E+01 1.31052E+01 1.34056E+01 1.42196E+01 1.42196E+01 1.42201E+01 1.42220E+01 1.34065E+01 1.31052E+01 1.16918E+01 3.96511E+02
1.25551E+01 1.39631E+01 1.42624E+01 1.50730E+01 1.50730E+01 1.50734E+01 1.50754E+01 1.42633E+01 1.39631E+01 1.25551E+01 4.23346E+02
1.34359E+01 1.48386E+01 1.51369E+01 1.59442E+01 1.59442E+01 1.59447E+01 1.59467E+01 1.51378E+01 1.48386E+01 1.34359E+01 4.50697E+02
1.43336E+01 1.57312E+01 1.60285E+01 1.68325E+01 1.68325E+01 1.68330E+01 1.68351E+01 1.60294E+01 1.57312E+01 1.43336E+01 4.78535E+02
1.52475E+01 1.66401E+01 1.69364E+01 1.77374E+01 1.77373E+01 1.77379E+01 1.77400E+01 1.69373E+01 1.66401E+01 1.52475E+01 5.06833E+02
1.61770E+01 1.75648E+01 1.78602E+01 1.86581E+01 1.86580E+01 1.86586E+01 1.86607E+01 1.78610E+01 1.75648E+01 1.61770E+01 5.35565E+02
1.71214E+01 1.85046E+01 1.87990E+01 1.95940E+01 1.95940E+01 1.95945E+01 1.95967E+01 1.87999E+01 1.85046E+01 1.71214E+01 5.64706E+02
1.80803E+01 1.94590E+01 1.97525E+01 2.05446E+01 2.05446E+01 2.05451E+01 2.05473E+01 1.97533E+01 1.94590E+01 1.80803E+01 5.94234E+02
1.90531E+01 2.04273E+01 2.07200E+01 2.15093E+01 2.15093E+01 2.15099E+01 2.15121E+01 2.07208E+01 2.04273E+01 1.90531E+01 6.24125E+02
2.00392E+01 2.14092E+01 2.17010E+01 2.24876E+01 2.24876E+01 2.24882E+01 2.24904E+01 2.17018E+01 2.14092E+01 2.00392E+01 6.54359E+02
2.10383E+01 2.24040E+01 2.26950E+01 2.34789E+01 2.34789E+01 2.34795E+01 2.34818E+01 2.26958E+01 2.24040E+01 2.10383E+01 6.84914E+02
2.20496E+01 2.34113E+01 2.37015E+01 2.44829E+01 2.44828E+01 2.44835E+01 2.44857E+01 2.37022E+01 2.34113E+01 2.20496E+01 7.15772E+02
2.30729E+01 2.44306E+01 2.47200E+01 2.54989E+01 2.54989E+01 2.54995E+01 2.55018E+01 2.47207E+01 2.44306E+01 2.30729E+01 7.46915E+02
2.41077E+01 2.54615E+01 2.57501E+01 2.65265E+01 2.65265E+01 2.65272E+01 2.65295E+01 2.57508E+01 2.54615E+01 2.41077E+01 7.78324E+02
2.51535E+01 2.65035E+01 2.67914E+01 2.75654E+01 2.75654E+01 2.75660E+01 2.75684E+01 2.67921E+01 2.65035E+01 2.51535E+01 8.09984E+02
2.62099E+01 2.75561E+01 2.78433E+01 2.86150E+01 2.86150E+01 2.86157E+01 2.86180E+01 2.78440E+01 2.75561E+01 2.62099E+01 8.41878E+02
2.72765E+01 2.86191E+01 2.89056E+01 2.96750E+01 2.96750E+01 2.96757E+01 2.96781E+01 2.89063E+01 2.86191E+01 2.72765E+01 8.73992E+02
2.83529E+01 2.96920E+01 2.99778E+01 3.07449E+01 3.07449E+01 3.07457E+01 3.07481E+01 2.99785E+01 2.96920E+01 2.83529E+01 9.06311E+02
2.94388E+01 3.07744E+01 3.10596E+01 3.18245E+01 3.18245E+01 3.18252E+01 3.18277E+01 3.10602E+01 3.07744E+01 2.94388E+01 9.38821E+02
3.05338E+01 3.18661E+01 3.21505E+01 3.29133E+01 3.29133E+01 3.29141E+01 3.29165E+01 3.21511E+01 3.18661E+01 3.05338E+01 9.71509E+02
3.16376E+01 3.29665E+01 3.32503E+01 3.40110E+01 3.40110E+01 3.40118E+01 3.40142E+01 3.32509E+01 3.29665E+01 3.16376E+01 1.00436E+03
3.27497E+01 3.40754E+01 3.43586E+01 3.51172E+01 3.51173E+01 3.51180E+01 3.51205E+01 3.43592E+01 3.40754E+01 3.27497E+01 1.03737E+03
3.38700E+01 3.51925E+01 3.54751E+01 3.62317E+01 3.62317E+01 3.62325E+01 3.62350E+01 3.54756E+01 3.51925E+01 3.38700E+01 1.07052E+03
3.49981E+01 3.63174E+01 3.65994E+01 3.73541E+01 3.73541E+01 3.73549E+01 3.73574E+01 3.66000E+01 3.63174E+01 3.49981E+01 1.10381E+03
0.00000E+00 0.00000E+00 2.68252E-01 1.17788E+00 1.17781E+00 1.17785E+00 1.17891E+00 2.69898E-01 0.00000E+00 0.00000E+00 -2.01321E+00
0.00000E+00 0.00000E+00 2.99132E-01 1.18974E+00 1.18967E+00 1.18974E+00 1.19091E+00 3.00684E-01 0.00000E+00 0.00000E+00 -5.49942E-01
0.00000E+00 7.07549E-02 3.89256E-01 1.26426E+00 1.26419E+00 1.26430E+00 1.26556E+00 3.90728E-01 7.07549E-02 0.00000E+00 1.73965E+00
0.00000E+00 2.16635E-01 5.30863E-01 1.39249E+00 1.39242E+00 1.39256E+00 1.39391E+00 5.32263E-01 2.16635E-01 0.00000E+00 4.99277E+00
0.00000E+00 4.08381E-01 7.18867E-01 1.56873E+00 1.56866E+00 1.56882E+00 1.57025E+00 7.20202E-01 4.08381E-01 0.00000E+00 9.36169E+00
0.00000E+00 6.41421E-01 9.48581E-01 1.78795E+00 1.78789E+00 1.78808E+00 1.78957E+00 9.49856E-01 6.41421E-01 0.00000E+00 1.49037E+01
0.00000E+00 9.12022E-01 1.21619E+00 2.04611E+00 2.04604E+00 2.04626E+00 2.04782E+00 1.21741E+00 9.12022E-01 0.00000E+00 2.16369E+01
0.00000E+00 1.21711E+00 1.51857E+00 2.33988E+00 2.33982E+00 2.34006E+00 2.34169E+00 1.51974E+00 1.21711E+00 0.00000E+00 2.95523E+01
1.25581E-01 1.53971E+00 1.83871E+00 2.65217E+00 2.65211E+00 2.65237E+00 2.65406E+00 1.83983E+00 1.53971E+00 1.25581E-01 3.85571E+01
4.70092E-01 1.87278E+00 2.16952E+00 2.97575E+00 2.97569E+00 2.97598E+00 2.97773E+00 2.17059E+00 1.87278E+00 4.70092E-01 4.85188E+01
8.46137E-01 2.23813E+00 2.53276E+00 3.33224E+00 3.33219E+00 3.33250E+00 3.33430E+00 2.53379E+00 2.23813E+00 8.46137E-01 5.94812E+01
1.25194E+00 2.63390E+00 2.92656E+00 3.71972E+00 3.71966E+00 3.72000E+00 3.72185E+00 2.92755E+00 2.63390E+00 1.25194E+00 7.14095E+01
1.68590E+00 3.05840E+00 3.34922E+00 4.13642E+00 4.13637E+00 4.13673E+00 4.13863E+00 3.35017E+00 3.05840E+00 1.68590E+00 8.42654E+01
2.14652E+00 3.51011E+00 3.79918E+00 4.58076E+00 4.58071E+00 4.58109E+00 4.58305E+00 3.80009E+00 3.51011E+00 2.14652E+00 9.80086E+01
2.63246E+00 3.98760E+00 4.27502E+00 5.05128E+00 5.05123E+00 5.05164E+00 5.05364E+00 4.27590E+00 3.98760E+00 2.63246E+00 1.12598E+02
3.14246E+00 4.48957E+00 4.77543E+00 5.54664E+00 5.54660E+00 5.54702E+00 5.54907E+00 4.77627E+00 4.48957E+00 3.14246E+00 1.27991E+02
3.67534E+00 5.01481E+00 5.29920E+00 6.06560E+00 6.06556E+00 6.06600E+00 6.06810E+00 5.30000E+00 5.01481E+00 3.67534E+00 1.44148E+02
4.23002E+00 5.56220E+00 5.84518E+00 6.60700E+00 6.60696E+00 6.60743E+00 6.60957E+00 5.84596E+00 5.56220E+00 4.23002E+00 1.61027E+02
4.80548E+00 6.13070E+00 6.41233E+00 7.16977E+00 7.16973E+00 7.17022E+00 7.17240E+00 6.41307E+00 6.13070E+00 4.80548E+00 1.78590E+02
5.40075E+00 6.71930E+00 6.99965E+00 7.75290E+00 7.75286E+00 7.75337E+00 7.75560E+00 7.00036E+00 6.71930E+00 5.40075E+00 1.96798E+02
6.01493E+00 7.32709E+00 7.60621E+00 8.35544E+00 8.35540E+00 8.35594E+00 8.35820E+00 7.60689E+00 7.32709E+00 6.01493E+00 2.15615E+02
6.64717E+00 7.95319E+00 8.23113E+00 8.97650E+00 8.97647E+00 8.97702E+00 8.97933E+00 8.23179E+00 7.95319E+00 6.64717E+00 2.35005E+02
7.29666E+00 8.59677E+00 8.87358E+00 9.61524E+00 9.61521E+00 9.61579E+00 9.61813E+00 8.87421E+00 8.59677E+00 7.29666E+00 2.54936E+02
7.96264E+00 9.25706E+00 9.53278E+00 1.02709E+01 1.02708E+01 1.02714E+01 1.02738E+01 9.53338E+00 9.25706E+00 7.96264E+00 2.75374E+02
8.64438E+00 9.93331E+00 1.02080E+01 1.09426E+01 1.09426E+01 1.09432E+01 1.09456E+01 1.02086E+01 9.93331E+00 8.64438E+00 2.96290E+02
9.34119E+00 1.06248E+01 1.08985E+01 1.16298E+01 1.16298E+01 1.16304E+01 1.16329E+01 1.08990E+01 1.06248E+01 9.34119E+00 3.17655E+02
1.00524E+01 1.13309E+01 1.16036E+01 1.23317E+01 1.23317E+01 1.23324E+01 1.23349E+01 1.16042E+01 1.13309E+01 1.00524E+01 3.39440E+02
1.07774E+01 1.20510E+01 1.23228E+01 1.30477E+01 1.30477E+01 1.30484E+01 1.30509E+01 1.23233E+01 1.20510E+01 1.07774E+01 3.61619E+02
1.15157E+01 1.27844E+01 1.30553E+01 1.37772E+01 1.37772E+01 1.37779E+01 1.37805E+01 1.30557E+01 1.27844E+01 1.15157E+01 3.84169E+02
1.22665E+01 1.35306E+01 1.38006E+01 1.45196E+01 1.45196E+01 1.45204E+01 1.45229E+01 1.38010E+01 1.35306E+01 1.22665E+01 4.07064E+02
1.30295E+01 1.42890E+01 1.45582E+01 1.52744E+01 1.52744E+01 1.52751E+01 1.52777E+01 1.45586E+01 1.42890E+01 1.30295E+01 4.30283E+02
1.38040E+01 1.50592E+01 1.53275E+01 1.60409E+01 1.60409E+01 1.60417E+01 1.60443E+01 1.53279E+01 1.50592E+01 1.38040E+01 4.53805E+02
1.45896E+01 1.58405E+01 1.61080E+01 1.68188E+01 1.68188E+01 1.68196E+01 1.68223E+01 1.61084E+01 1.58405E+01 1.45896E+01 4.77610E+02
1.53857E+01 1.66325E+01 1.68993E+01 1.76075E+01 1.76075E+01 1.76083E+01 1.76110E+01 1.68996E+01 1.66325E+01 1.53857E+01 5.01678E+02
1.61921E+01 1.74349E+01 1.77008E+01 1.84065E+01 1.84065E+01 1.84073E+01 1.84101E+01 1.77012E+01 1.74349E+01 1.61921E+01 5.25993E+02
1.70082E+01 1.82470E+01 1.85122E+01 1.92155E+01 1.92155E+01 1.92163E+01 1.92191E+01 1.85126E+01 1.82470E+01 1.70082E+01 5.50536E+02
1.78335E+01 1.90686E+01 1.93331E+01 2.00339E+01 2.00339E+01 2.00348E+01 2.00376E+01 1.93334E+01 1.90686E+01 1.78335E+01 5.75291E+02
1.86678E+01 1.98991E+01 2.01629E+01 2.08614E+01 2.08614E+01 2.08623E+01 2.08651E+01 2.01632E+01 1.98991E+01 1.86678E+01 6.00245E+02
1.95106E+01 2.07383E+01 2.10014E+01 2.16977E+01 2.16977E+01 2.16985E+01 2.17014E+01 2.10017E+01 2.07383E+01 1.95106E+01 6.25381E+02
2.03616E+01 2.15857E+01 2.18482E+01 2.25422E+01 2.25422E+01 2.25431E+01 2.25460E+01 2.18484E+01 2.15857E+01 2.03616E+01 6.50687E+02
2.12204E+01 2.24410E+01 2.27029E+01 2.33947E+01 2.33947E+01 2.33956E+01 2.33986E+01 2.27031E+01 2.24410E+01 2.12204E+01 6.76149E+02
2.20866E+01 2.33039E+01 2.35651E+01 2.42548E+01 2.42548E+01 2.42558E+01 2.42587E+01 2.35653E+01 2.33039E+01 2.20866E+01 7.01756E+02
2.29601E+01 2.41740E+01 2.44346E+01 2.51222E+01 2.51223E+01 2.51232E+01 2.51262E+01 2.44348E+01 2.41740E+01 2.29601E+01 7.27495E+02
2.38403E+01 2.50510E+01 2.53110E+01 2.59966E+01 2.59967E+01 2.59976E+01 2.60006E+01 2.53112E+01 2.50510E+01 2.38403E+01 7.53356E+02
2.47271E+01 2.59347E+01 2.61941E+01 2.68777E+01 2.68777E+01 2.68787E+01 2.68818E+01 2.61942E+01 2.59347E+01 2.47271E+01 7.79329E+02
2.56202E+01 2.68246E+01 2.70835E+01 2.77652E+01 2.77652E+01 2.77662E+01 2.77693E+01 2.70836E+01 2.68246E+01 2.56202E+01 8.05403E+02
2.65193E+01 2.77207E+01 2.79789E+01 2.86587E+01 2.86588E+01 2.86598E+01 2.86629E+01 2.79791E+01 2.77207E+01 2.65193E+01 8.31569E+02
2.74241E+01 2.86225E+01 2.88802E+01 2.95582E+01 2.95582E+01 2.95592E+01 2.95623E+01 2.88803E+01 2.86225E+01 2.74241E+01 8.57819E+02
2.83343E+01 2.95298E+01 2.97870E+01 3.04631E+01 3.04632E+01 3.04642E+01 3.04674E+01 2.97871E+01 2.95298E+01 2.83343E+01 8.84143E+02
2.92498E+01 3.04424E+01 3.06991E+01 3.13734E+01 3.13735E+01 3.13746E+01 3.13777E+01 3.06992E+01 3.04424E+01 2.92498E+01 9.10535E+02
0.00000E+00 0.00000E+00 2.37019E-01 1.05169E+00 1.05160E+00 1.05169E+00 1.05309E+00 2.38347E-01 0.00000E+00 0.00000E+00 -1.89684E+00
0.00000E+00 0.00000E+00 2.69258E-01 1.06672E+00 1.06663E+00 1.06676E+00 1.06829E+00 2.70476E-01 0.00000E+00 0.00000E+00 -5.17238E-01
0.00000E+00 6.69243E-02 3.55273E-01 1.13862E+00 1.13853E+00 1.13871E+00 1.14035E+00 3.56397E-01 6.69243E-02 0.00000E+00 1.64057E+00
0.00000E+00 2.02385E-01 4.87003E-01 1.25825E+00 1.25816E+00 1.25837E+00 1.26012E+00 4.88044E-01 2.02385E-01 0.00000E+00 4.68415E+00
0.00000E+00 3.77920E-01 6.59274E-01 1.41987E+00 1.41979E+00 1.42003E+00 1.42187E+00 6.60239E-01 3.77920E-01 0.00000E+00 8.73373E+00
0.00000E+00 5.89042E-01 8.67496E-01 1.61860E+00 1.61852E+00 1.61880E+00 1.62072E+00 8.68391E-01 5.89042E-01 0.00000E+00 1.38214E+01
0.00000E+00 8.32165E-01 1.10801E+00 1.85056E+00 1.85048E+00 1.85079E+00 1.85280E+00 1.10885E+00 8.32165E-01 0.00000E+00 1.99460E+01
0.00000E+00 1.10438E+00 1.37787E+00 2.11262E+00 2.11255E+00 2.11289E+00 2.11497E+00 1.37864E+00 1.10438E+00 0.00000E+00 2.70844E+01
1.12363E-01 1.39156E+00 1.66290E+00 2.39055E+00 2.39048E+00 2.39086E+00 2.39301E+00 1.66362E+00 1.39156E+00 1.12363E-01 3.51253E+01
4.19154E-01 1.68790E+00 1.95727E+00 2.67838E+00 2.67832E+00 2.67872E+00 2.68095E+00 1.95794E+00 1.68790E+00 4.19154E-01 4.39332E+01
7.51992E-01 2.01097E+00 2.27851E+00 2.99351E+00 2.99345E+00 2.99389E+00 2.99617E+00 2.27913E+00 2.01097E+00 7.51992E-01 5.35659E+01
1.10922E+00 2.35903E+00 2.62486E+00 3.33413E+00 3.33407E+00 3.33455E+00 3.33690E+00 2.62543E+00 2.35903E+00 1.10922E+00 6.39867E+01
1.48935E+00 2.73054E+00 2.99476E+00 3.69864E+00 3.69858E+00 3.69908E+00 3.70149E+00 2.99528E+00 2.73054E+00 1.48935E+00 7.51568E+01
1.89103E+00 3.12406E+00 3.38677E+00 4.08556E+00 4.08551E+00 4.08604E+00 4.08851E+00 3.38725E+00 3.12406E+00 1.89103E+00 8.70368E+01
2.31301E+00 3.53833E+00 3.79961E+00 4.49358E+00 4.49353E+00 4.49409E+00 4.49662E+00 3.80004E+00 3.53833E+00 2.31301E+00 9.95873E+01
2.75418E+00 3.97217E+00 4.23209E+00 4.92149E+00 4.92144E+00 4.92203E+00 4.92462E+00 4.23249E+00 3.97217E+00 2.75418E+00 1.12770E+02
3.21347E+00 4.42449E+00 4.68312E+00 5.36817E+00 5.36812E+00 5.36875E+00 5.37138E+00 4.68348E+00 4.42449E+00 3.21347E+00 1.26546E+02
3.68993E+00 4.89429E+00 5.15170E+00 5.83259E+00 5.83255E+00 5.83320E+00 5.83589E+00 5.15202E+00 4.89429E+00 3.68993E+00 1.40879E+02
4.18264E+00 5.38064E+00 5.63688E+00 6.31381E+00 6.31377E+00 6.31445E+00 6.31719E+00 5.63717E+00 5.38064E+00 4.18264E+00 1.55735E+02
4.69076E+00 5.88267E+00 6.13780E+00 6.81093E+00 6.81090E+00 6.81161E+00 6.81440E+00 6.13805E+00 5.88267E+00 4.69076E+00 1.71080E+02
5.21350E+00 6.39958E+00 6.65364E+00 7.32313E+00 7.32310E+00 7.32384E+00 7.32668E+00 6.65385E+00 6.39958E+00 5.21350E+00 1.86881E+02
5.75013E+00 6.93059E+00 7.18363E+00 7.84963E+00 7.84960E+00 7.85037E+00 7.85325E+00 7.18382E+00 6.93059E+00 5.75013E+00 2.03109E+02
6.29994E+00 7.47500E+00 7.72706E+00 8.38970E+00 8.38968E+00 8.39047E+00 8.39340E+00 7.72722E+00 7.47500E+00 6.29994E+00 2.19735E+02
6.86227E+00 8.03214E+00 8.28326E+00 8.94266E+00 8.94264E+00 8.94346E+00 8.94644E+00 8.28338E+00 8.03214E+00 6.86227E+00 2.36732E+02
7.43651E+00 8.60137E+00 8.85158E+00 9.50786E+00 9.50785E+00 9.50869E+00 9.51171E+00 8.85167E+00 8.60137E+00 7.43651E+00 2.54073E+02
8.02207E+00 9.18209E+00 9.43143E+00 1.00847E+01 1.00847E+01 1.00856E+01 1.00886E+01 9.43149E+00 9.18209E+00 8.02207E+00 2.71735E+02
8.61840E+00 9.77374E+00 1.00222E+01 1.06726E+01 1.06726E+01 1.06735E+01 1.06766E+01 1.00223E+01 9.77374E+00 8.61840E+00 2.89694E+02
9.22496E+00 1.03758E+01 1.06235E+01 1.12710E+01 1.12710E+01 1.12719E+01 1.12751E+01 1.06235E+01 1.03758E+01 9.22496E+00 3.07930E+02
9.84127E+00 1.09877E+01 1.12346E+01 1.18794E+01 1.18794E+01 1.18804E+01 1.18835E+01 1.12346E+01 1.09877E+01 9.84127E+00 3.26422E+02
1.04668E+01 1.16090E+01 1.18552E+01 1.24973E+01 1.24973E+01 1.24983E+01 1.25015E+01 1.18551E+01 1.16090E+01 1.04668E+01 3.45151E+02
1.11012E+01 1.22393E+01 1.24847E+01 1.31243E+01 1.31243E+01 1.31253E+01 1.31286E+01 1.24846E+01 1.22393E+01 1.11012E+01 3.64098E+02
1.17440E+01 1.28781E+01 1.31227E+01 1.37599E+01 1.37599E+01 1.37609E+01 1.37642E+01 1.31226E+01 1.28781E+01 1.17440E+01 3.83248E+02
1.23948E+01 1.35249E+01 1.37689E+01 1.44036E+01 1.44036E+01 1.44047E+01 1.44080E+01 1.37688E+01 1.35249E+01 1.23948E+01 4.02583E+02
1.30531E+01 1.41795E+01 1.44228E+01 1.50552E+01 1.50552E+01 1.50563E+01 1.50596E+01 1.44227E+01 1.41795E+01 1.30531E+01 4.22090E+02
1.37187E+01 1.48414E+01 1.50841E+01 1.57141E+01 1.57141E+01 1.57152E+01 1.57187E+01 1.50839E+01 1.48414E+01 1.37187E+01 4.41753E+02
1.43911E+01 1.55103E+01 1.57523E+01 1.63801E+01 1.63801E+01 1.63813E+01 1.63847E+01 1.57521E+01 1.55103E+01 1.43911E+01 4.61560E+02
1.50701E+01 1.61857E+01 1.64271E+01 1.70528E+01 1.70528E+01 1.70540E+01 1.70575E+01 1.64269E+01 1.61857E+01 1.50701E+01 4.81499E+02
1.57553E+01 1.68675E+01 1.71083E+01 1.77319E+01 1.77319E+01 1.77331E+01 1.77366E+01 1.71081E+01 1.68675E+01 1.57553E+01 5.01556E+02
1.64464E+01 1.75553E+01 1.77955E+01 1.84170E+01 1.84171E+01 1.84183E+01 1.84218E+01 1.77953E+01 1.75553E+01 1.64464E+01 5.21722E+02
1.71431E+01 1.82488E+01 1.84884E+01 1.91079E+01 1.91080E+01 1.91092E+01 1.91128E+01 1.84882E+01 1.82488E+01 1.71431E+01 5.41986E+02
1.78452E+01 1.89477E+01 1.91868E+01 1.98043E+01 1.98043E+01 1.98056E+01 1.98092E+01 1.91865E+01 1.89477E+01 1.78452E+01 5.62338E+02
1.85523E+01 1.96517E+01 1.98903E+01 2.05059E+01 2.05059E+01 2.05072E+01 2.05108E+01 1.98899E+01 1.96517E+01 1.85523E+01 5.82769E+02
1.92643E+01 2.03606E+01 2.05987E+01 2.12124E+01 2.12124E+01 2.12137E+01 2.12174E+01 2.05983E+01 2.03606E+01 1.92643E+01 6.03269E+02
1.99808E+01 2.10742E+01 2.13117E+01 2.19236E+01 2.19236E+01 2.19249E+01 2.19287E+01 2.13113E+01 2.10742E+01 1.99808E+01 6.23832E+02
2.07016E+01 2.17922E+01 2.20291E+01 2.26392E+01 2.26393E+01 2.26406E+01 2.26444E+01 2.20287E+01 2.17922E+01 2.07016E+01 6.44449E+02
2.14266E+01 2.25143E+01 2.27508E+01 2.33591E+01 2.33592E+01 2.33605E+01 2.33643E+01 2.27504E+01 2.25143E+01 2.14266E+01 6.65113E+02
2.21554E+01 2.32404E+01 2.34764E+01 2.40830E+01 2.40830E+01 2.40844E+01 2.40882E+01 2.34759E+01 2.32404E+01 2.21554E+01 6.85817E+02
2.28880E+01 2.39702E+01 2.42057E+01 2.48106E+01 2.48107E+01 2.48121E+01 2.48160E+01 2.42053E+01 2.39702E+01 2.28880E+01 7.06554E+02
2.36240E+01 2.47036E+01 2.49386E+01 2.55419E+01 2.55420E+01 2.55434E+01 2.55473E+01 2.49382E+01 2.47036E+01 2.36240E+01 7.27320E+02
2.43634E+01 2.54403E+01 2.56749E+01 2.62766E+01 2.62766E+01 2.62781E+01 2.62820E+01 2.56744E+01 2.54403E+01 2.43634E+01 7.48106E+02
0.00000E+00 0.00000E+00 2.09448E-01 9.38274E-01 9.38153E-01 9.38283E-01 9.40084E-01 2.10394E-01 0.00000E+00 0.00000E+00 -1.79485E+00
0.00000E+00 0.00000E+00 2.43127E-01 9.56372E-01 9.56257E-01 9.56440E-01 9.58395E-01 2.43945E-01 0.00000E+00 0.00000E+00 -4.87203E-01
0.00000E+00 6.33526E-02 3.25302E-01 1.02577E+00 1.02566E+00 1.02589E+00 1.02798E+00 3.26012E-01 6.33526E-02 0.00000E+00 1.55202E+00
0.00000E+00 1.89111E-01 4.47819E-01 1.13732E+00 1.13722E+00 1.13750E+00 1.13971E+00 4.48433E-01 1.89111E-01 0.00000E+00 4.40217E+00
0.00000E+00 3.49661E-01 6.05534E-01 1.28540E+00 1.28529E+00 1.28563E+00 1.28795E+00 6.06060E-01 3.49661E-01 0.00000E+00 8.15450E+00
0.00000E+00 5.40671E-01 7.94028E-01 1.46529E+00 1.46519E+00 1.46557E+00 1.46800E+00 7.94475E-01 5.40671E-01 0.00000E+00 1.28195E+01
0.00000E+00 7.58748E-01 1.00985E+00 1.67335E+00 1.67326E+00 1.67369E+00 1.67621E+00 1.01022E+00 7.58748E-01 0.00000E+00 1.83801E+01
0.00000E+00 1.00117E+00 1.25022E+00 1.90668E+00 1.90659E+00 1.90706E+00 1.90967E+00 1.25053E+00 1.00117E+00 0.00000E+00 2.48026E+01
1.00315E-01 1.25628E+00 1.50347E+00 2.15348E+00 2.15340E+00 2.15392E+00 2.15662E+00 1.50371E+00 1.25628E+00 1.00315E-01 3.19634E+01
3.72886E-01 1.51930E+00 1.76479E+00 2.40888E+00 2.40880E+00 2.40936E+00 2.41214E+00 1.76497E+00 1.51930E+00 3.72886E-01 3.97280E+01
6.66755E-01 1.80425E+00 2.04815E+00 2.68671E+00 2.68664E+00 2.68724E+00 2.69010E+00 2.04828E+00 1.80425E+00 6.66755E-01 4.81649E+01
9.80402E-01 2.10953E+00 2.35195E+00 2.98531E+00 2.98525E+00 2.98589E+00 2.98882E+00 2.35202E+00 2.10953E+00 9.80402E-01 5.72370E+01
1.31247E+00 2.43372E+00 2.67474E+00 3.30322E+00 3.30316E+00 3.30385E+00 3.30686E+00 2.67476E+00 2.43372E+00 1.31247E+00 6.69065E+01
1.66174E+00 2.77554E+00 3.01526E+00 3.63913E+00 3.63907E+00 3.63980E+00 3.64288E+00 3.01523E+00 2.77554E+00 1.66174E+00 7.71361E+01
2.02710E+00 3.13386E+00 3.37233E+00 3.99183E+00 3.99179E+00 3.99255E+00 3.99570E+00 3.37226E+00 3.13386E+00 2.02710E+00 8.78890E+01
2.40754E+00 3.50761E+00 3.74491E+00 4.36027E+00 4.36023E+00 4.36103E+00 4.36425E+00 3.74479E+00 3.50761E+00 2.40754E+00 9.91298E+01
2.80214E+00 3.89584E+00 4.13204E+00 4.74345E+00 4.74341E+00 4.74425E+00 4.74753E+00 4.13187E+00 3.89584E+00 2.80214E+00 1.10825E+02
3.21006E+00 4.29768E+00 4.53281E+00 5.14046E+00 5.14043E+00 5.14131E+00 5.14466E+00 4.53261E+00 4.29768E+00 3.21006E+00 1.22941E+02
3.63049E+00 4.71230E+00 4.94643E+00 5.55049E+00 5.55046E+00 5.55138E+00 5.55478E+00 4.94618E+00 4.71230E+00 3.63049E+00 1.35448E+02
4.06271E+00 5.13896E+00 5.37213E+00 5.97275E+00 5.97272E+00 5.97368E+00 5.97715E+00 5.37184E+00 5.13896E+00 4.06271E+00 1.48317E+02
4.50604E+00 5.57696E+00 5.80921E+00 6.40653E+00 6.40651E+00 6.40750E+00 6.41103E+00 5.80888E+00 5.57696E+00 4.50604E+00 1.61521E+02
4.95985E+00 6.02565E+00 6.25701E+00 6.85116E+00 6.85115E+00 6.85218E+00 6.85576E+00 6.25665E+00 6.02565E+00 4.95985E+00 1.75033E+02
5.42354E+00 6.48441E+00 6.71493E+00 7.30603E+00 7.30602E+00 7.30709E+00 7.31072E+00 6.71453E+00 6.48441E+00 5.42354E+00 1.88830E+02
5.89655E+00 6.95267E+00 7.18238E+00 7.77054E+00 7.77054E+00 7.77165E+00 7.77534E+00 7.18194E+00 6.95267E+00 5.89655E+00 2.02889E+02
6.37836E+00 7.42991E+00 7.65883E+00 8.24417E+00 8.24417E+00 8.24532E+00 8.24906E+00 7.65836E+00 7.42991E+00 6.37836E+00 2.17189E+02
6.86848E+00 7.91561E+00 8.14378E+00 8.72639E+00 8.72640E+00 8.72758E+00 8.73137E+00 8.14328E+00 7.91561E+00 6.86848E+00 2.31709E+02
7.36645E+00 8.40931E+00 8.63675E+00 9.21672E+00 9.21673E+00 9.21795E+00 9.22179E+00 8.63622E+00 8.40931E+00 7.36645E+00 2.46432E+02
7.87184E+00 8.91056E+00 9.13730E+00 9.71472E+00 9.71473E+00 9.71598E+00 9.71988E+00 9.13673E+00 8.91056E+00 7.87184E+00 2.61340E+02
8.38422E+00 9.41894E+00 9.64500E+00 1.02199E+01 1.02200E+01 1.02213E+01 1.02252E+01 9.64440E+00 9.41894E+00 8.38422E+00 2.76416E+02
8.90321E+00 9.93405E+00 1.01595E+01 1.07320E+01 1.07320E+01 1.07333E+01 1.07373E+01 1.01588E+01 9.93405E+00 8.90321E+00 2.91646E+02
9.42844E+00 1.04555E+01 1.06803E+01 1.12505E+01 1.12505E+01 1.12519E+01 1.12559E+01 1.06796E+01 1.04555E+01 9.42844E+00 3.07015E+02
9.95957E+00 1.09830E+01 1.12071E+01 1.17751E+01 1.17751E+01 1.17765E+01 1.17806E+01 1.12065E+01 1.09830E+01 9.95957E+00 3.22511E+02
1.04963E+01 1.15161E+01 1.17397E+01 1.23055E+01 1.23055E+01 1.23069E+01 1.23110E+01 1.17390E+01 1.15161E+01 1.04963E+01 3.38120E+02
1.10382E+01 1.20546E+01 1.22776E+01 1.28412E+01 1.28413E+01 1.28427E+01 1.28469E+01 1.22768E+01 1.20546E+01 1.10382E+01 3.53830E+02
1.15851E+01 1.25981E+01 1.28205E+01 1.33821E+01 1.33822E+01 1.33837E+01 1.33879E+01 1.28198E+01 1.25981E+01 1.15851E+01 3.69633E+02
1.21366E+01 1.31464E+01 1.33683E+01 1.39278E+01 1.39279E+01 1.39294E+01 1.39337E+01 1.33675E+01 1.31464E+01 1.21366E+01 3.85516E+02
1.26926E+01 1.36992E+01 1.39205E+01 1.44781E+01 1.44782E+01 1.44797E+01 1.44840E+01 1.39197E+01 1.36992E+01 1.26926E+01 4.01470E+02
1.32527E+01 1.42562E+01 1.44770E+01 1.50327E+01 1.50328E+01 1.50343E+01 1.50387E+01 1.44762E+01 1.42562E+01 1.32527E+01 4.17488E+02
1.38168E+01 1.48172E+01 1.50375E+01 1.55913E+01 1.55914E+01 1.55930E+01 1.55974E+01 1.50366E+01 1.48172E+01 1.38168E+01 4.33559E+02
1.43845E+01 1.53819E+01 1.56017E+01 1.61537E+01 1.61538E+01 1.61555E+01 1.61599E+01 1.56009E+01 1.53819E+01 1.43845E+01 4.49678E+02
1.49556E+01 1.59502E+01 1.61695E+01 1.67197E+01 1.67198E+01 1.67215E+01 1.67260E+01 1.61686E+01 1.59502E+01 1.49556E+01 4.65835E+02
1.55300E+01 1.65218E+01 1.67406E+01 1.72891E+01 1.72892E+01 1.72909E+01 1.72954E+01 1.67397E+01 1.65218E+01 1.55300E+01 4.82026E+02
1.61075E+01 1.70965E+01 1.73149E+01 1.78616E+01 1.78617E+01 1.78635E+01 1.78680E+01 1.73139E+01 1.70965E+01 1.61075E+01 4.98242E+02
1.66878E+01 1.76741E+01 1.78921E+01 1.84371E+01 1.84372E+01 1.84390E+01 1.84436E+01 1.78911E+01 1.76741E+01 1.66878E+01 5.14479E+02
1.72708E+01 1.82544E+01 1.84720E+01 1.90154E+01 1.90155E+01 1.90173E+01 1.90220E+01 1.84710E+01 1.82544E+01 1.72708E+01 5.30730E+02
1.78563E+01 1.88374E+01 1.90545E+01 1.95963E+01 1.95964E+01 1.95983E+01 1.96030E+01 1.90534E+01 1.88374E+01 1.78563E+01 5.46991E+02
1.84442E+01 1.94227E+01 1.96394E+01 2.01797E+01 2.01798E+01 2.01817E+01 2.01864E+01 1.96383E+01 1.94227E+01 1.84442E+01 5.63257E+02
1.90342E+01 2.00103E+01 2.02265E+01 2.07653E+01 2.07654E+01 2.07673E+01 2.07721E+01 2.02255E+01 2.00103E+01 1.90342E+01 5.79522E+02
1.96263E+01 2.05999E+01 2.08158E+01 2.13531E+01 2.13532E+01 2.13551E+01 2.13599E+01 2.08147E+01 2.05999E+01 1.96263E+01 5.95784E+02
2.02203E+01 2.11915E+01 2.14070E+01 2.19428E+01 2.19429E+01 2.19449E+01 2.19497E+01 2.14059E+01 2.11915E+01 2.02203E+01 6.12037E+02
0.00000E+00 0.00000E+00 1.85211E-01 8.36372E-01 8.36219E-01 8.36380E-01 8.38649E-01 1.85704E-01 0.00000E+00 0.00000E+00 -1.70581E+00
0.00000E+00 0.00000E+00 2.20370E-01 8.57412E-01 8.57267E-01 8.57504E-01 8.59959E-01 2.20716E-01 0.00000E+00 0.00000E+00 -4.59128E-01
0.00000E+00 6.00048E-02 2.98933E-01 9.24393E-01 9.24257E-01 9.24565E-01 9.27182E-01 2.99154E-01 6.00048E-02 0.00000E+00 1.47345E+00
0.00000E+00 1.76710E-01 4.12838E-01 1.02836E+00 1.02823E+00 1.02861E+00 1.03137E+00 4.12950E-01 1.76710E-01 0.00000E+00 4.14465E+00
0.00000E+00 3.23400E-01 5.57079E-01 1.16386E+00 1.16374E+00 1.16418E+00 1.16708E+00 5.57091E-01 3.23400E-01 0.00000E+00 7.61984E+00
0.00000E+00 4.95958E-01 7.27466E-01 1.32645E+00 1.32634E+00 1.32685E+00 1.32987E+00 7.27388E-01 4.95958E-01 0.00000E+00 1.18912E+01
0.00000E+00 6.91218E-01 9.20778E-01 1.51273E+00 1.51263E+00 1.51320E+00 1.51634E+00 9.20616E-01 6.91218E-01 0.00000E+00 1.69293E+01
0.00000E+00 9.06671E-01 1.13447E+00 1.72002E+00 1.71993E+00 1.72056E+00 1.72381E+00 1.13423E+00 9.06671E-01 0.00000E+00 2.26927E+01
8.93454E-02 1.13276E+00 1.35895E+00 1.93867E+00 1.93858E+00 1.93928E+00 1.94263E+00 1.35864E+00 1.13276E+00 8.93454E-02 2.90507E+01
3.30906E-01 1.36560E+00 1.59033E+00 2.16467E+00 2.16459E+00 2.16535E+00 2.16880E+00 1.58995E+00 1.36560E+00 3.30906E-01 3.58733E+01
5.89676E-01 1.61622E+00 1.83959E+00 2.40891E+00 2.40884E+00 2.40965E+00 2.41320E+00 1.83914E+00 1.61622E+00 5.89676E-01 4.32366E+01
8.64281E-01 1.88319E+00 2.10527E+00 2.66989E+00 2.66983E+00 2.67070E+00 2.67434E+00 2.10477E+00 1.88319E+00 8.64281E-01 5.11045E+01
1.15351E+00 2.16522E+00 2.38610E+00 2.94630E+00 2.94624E+00 2.94717E+00 2.95090E+00 2.38554E+00 2.16522E+00 1.15351E+00 5.94413E+01
1.45626E+00 2.46118E+00 2.68094E+00 3.23695E+00 3.23690E+00 3.23788E+00 3.24170E+00 2.68032E+00 2.46118E+00 1.45626E+00 6.82122E+01
1.77158E+00 2.77006E+00 2.98876E+00 3.54080E+00 3.54076E+00 3.54180E+00 3.54570E+00 2.98809E+00 2.77006E+00 1.77158E+00 7.73839E+01
2.09857E+00 3.09093E+00 3.30863E+00 3.85691E+00 3.85688E+00 3.85797E+00 3.86195E+00 3.30791E+00 3.09093E+00 2.09857E+00 8.69248E+01
2.43642E+00 3.42298E+00 3.63971E+00 4.18442E+00 4.18440E+00 4.18554E+00 4.18960E+00 3.63894E+00 3.42298E+00 2.43642E+00 9.68049E+01
2.78442E+00 3.76542E+00 3.98125E+00 4.52254E+00 4.52253E+00 4.52373E+00 4.52786E+00 3.98043E+00 3.76542E+00 2.78442E+00 1.06996E+02
3.14186E+00 4.11756E+00 4.33253E+00 4.87056E+00 4.87055E+00 4.87181E+00 4.87601E+00 4.33166E+00 4.11756E+00 3.14186E+00 1.17472E+02
3.50815E+00 4.47877E+00 4.69291E+00 5.22782E+00 5.22782E+00 5.22912E+00 5.23340E+00 4.69200E+00 4.47877E+00 3.50815E+00 1.28208E+02
3.88268E+00 4.84843E+00 5.06179E+00 5.59371E+00 5.59371E+00 5.59507E+00 5.59941E+00 5.06083E+00 4.84843E+00 3.88268E+00 1.39180E+02
4.26494E+00 5.22602E+00 5.43861E+00 5.96766E+00 5.96767E+00 5.96908E+00 5.97349E+00 5.43762E+00 5.22602E+00 4.26494E+00 1.50369E+02
4.65443E+00 5.61100E+00 5.82287E+00 6.34915E+00 6.34917E+00 6.35063E+00 6.35511E+00 5.82184E+00 5.61100E+00 4.65443E+00 1.61753E+02
5.05067E+00 6.00291E+00 6.21408E+00 6.73770E+00 6.73773E+00 6.73923E+00 6.74378E+00 6.21301E+00 6.00291E+00 5.05067E+00 1.73315E+02
5.45324E+00 6.40129E+00 6.61180E+00 7.13285E+00 7.13289E+00 7.13444E+00 7.13905E+00 6.61069E+00 6.40129E+00 5.45324E+00 1.85037E+02
5.86173E+00 6.80575E+00 7.01560E+00 7.53418E+00 7.53423E+00 7.53583E+00 7.54050E+00 7.01446E+00 6.80575E+00 5.86173E+00 1.96902E+02
6.27576E+00 7.21588E+00 7.42511E+00 7.94130E+00 7.94135E+00 7.94299E+00 7.94773E+00 7.42393E+00 7.21588E+00 6.27576E+00 2.08898E+02
6.69497E+00 7.63132E+00 7.83995E+00 8.35382E+00 8.35388E+00 8.35557E+00 8.36037E+00 7.83873E+00 7.63132E+00 6.69497E+00 2.21009E+02
7.11904E+00 8.05173E+00 8.25978E+00 8.77141E+00 8.77147E+00 8.77321E+00 8.77807E+00 8.25853E+00 8.05173E+00 7.11904E+00 2.33222E+02
7.54764E+00 8.47679E+00 8.68428E+00 9.19373E+00 9.19380E+00 9.19559E+00 9.20050E+00 8.68299E+00 8.47679E+00 7.54764E+00 2.45527E+02
7.98049E+00 8.90619E+00 9.11314E+00 9.62049E+00 9.62057E+00 9.62240E+00 9.62736E+00 9.11182E+00 8.90619E+00 7.98049E+00 2.57913E+02
8.41730E+00 9.33966E+00 9.54608E+00 1.00514E+01 1.00515E+01 1.00533E+01 1.00584E+01 9.54473E+00 9.33966E+00 8.41730E+00 2.70368E+02
8.85780E+00 9.77692E+00 9.98283E+00 1.04861E+01 1.04862E+01 1.04882E+01 1.04932E+01 9.98145E+00 9.77692E+00 8.85780E+00 2.82883E+02
9.30176E+00 1.02177E+01 1.04231E+01 1.09245E+01 1.09246E+01 1.09266E+01 1.09317E+01 1.04217E+01 1.02177E+01 9.30176E+00 2.95451E+02
9.74893E+00 1.06618E+01 1.08668E+01 1.13663E+01 1.13664E+01 1.13684E+01 1.13736E+01 1.08653E+01 1.06618E+01 9.74893E+00 3.08062E+02
1.01991E+01 1.11090E+01 1.13135E+01 1.18111E+01 1.18113E+01 1.18133E+01 1.18185E+01 1.13120E+01 1.11090E+01 1.01991E+01 3.20710E+02
1.06521E+01 1.15591E+01 1.17631E+01 1.22589E+01 1.22591E+01 1.22612E+01 1.22665E+01 1.17616E+01 1.15591E+01 1.06521E+01 3.33387E+02
1.11076E+01 1.20118E+01 1.22153E+01 1.27095E+01 1.27096E+01 1.27117E+01 1.27171E+01 1.22138E+01 1.20118E+01 1.11076E+01 3.46086E+02
1.15656E+01 1.24669E+01 1.26701E+01 1.31625E+01 1.31627E+01 1.31648E+01 1.31702E+01 1.26685E+01 1.24669E+01 1.15656E+01 3.58802E+02
1.20257E+01 1.29244E+01 1.31271E+01 1.36179E+01 1.36181E+01 1.36203E+01 1.36257E+01 1.31256E+01 1.29244E+01 1.20257E+01 3.71529E+02
1.24880E+01 1.33840E+01 1.35863E+01 1.40755E+01 1.40756E+01 1.40779E+01 1.40834E+01 1.35847E+01 1.33840E+01 1.24880E+01 3.84263E+02
1.29521E+01 1.38456E+01 1.40475E+01 1.45351E+01 1.45352E+01 1.45375E+01 1.45431E+01 1.40458E+01 1.38456E+01 1.29521E+01 3.96997E+02
1.34180E+01 1.43089E+01 1.45104E+01 1.49965E+01 1.49966E+01 1.49990E+01 1.50046E+01 1.45088E+01 1.43089E+01 1.34180E+01 4.09728E+02
1.38855E+01 1.47739E+01 1.49751E+01 1.54596E+01 1.54598E+01 1.54622E+01 1.54678E+01 1.49734E+01 1.47739E+01 1.38855E+01 4.22451E+02
1.43544E+01 1.52405E+01 1.54412E+01 1.59243E+01 1.59245E+01 1.59269E+01 1.59326E+01 1.54395E+01 1.52405E+01 1.43544E+01 4.35164E+02
1.48247E+01 1.57084E+01 1.59088E+01 1.63904E+01 1.63906E+01 1.63931E+01 1.63988E+01 1.59071E+01 1.57084E+01 1.48247E+01 4.47861E+02
1.52962E+01 1.61776E+01 1.63776E+01 1.68579E+01 1.68580E+01 1.68606E+01 1.68663E+01 1.63759E+01 1.61776E+01 1.52962E+01 4.60540E+02
1.57689E+01 1.66480E+01 1.68476E+01 1.73265E+01 1.73267E+01 1.73292E+01 1.73350E+01 1.68459E+01 1.66480E+01 1.57689E+01 4.73198E+02
1.62425E+01 1.71193E+01 1.73187E+01 1.77962E+01 1.77964E+01 1.77989E+01 1.78048E+01 1.73169E+01 1.71193E+01 1.62425E+01 4.85831E+02
1.67169E+01 1.75917E+01 1.77907E+01 1.82668E+01 1.82670E+01 1.82696E+01 1.82755E+01 1.77889E+01 1.75917E+01 1.67169E+01 4.98438E+02
0.00000E+00 0.00000E+00 1.64030E-01 7.44864E-01 7.44675E-01 7.44879E-01 7.47715E-01 1.63989E-01 0.00000E+00 0.00000E+00 -1.62837E+00
0.00000E+00 0.00000E+00 2.00663E-01 7.68688E-01 7.68513E-01 7.68825E-01 7.71887E-01 2.00456E-01 0.00000E+00 0.00000E+00 -4.32202E-01
0.00000E+00 5.68479E-02 2.75799E-01 8.33317E-01 8.33154E-01 8.33568E-01 8.36826E-01 2.75451E-01 5.68479E-02 0.00000E+00 1.40454E+00
0.00000E+00 1.65089E-01 3.81637E-01 9.30138E-01 9.29989E-01 9.30499E-01 9.33935E-01 3.81164E-01 1.65089E-01 0.00000E+00 3.90982E+00
0.00000E+00 2.98951E-01 5.13400E-01 1.05397E+00 1.05383E+00 1.05443E+00 1.05803E+00 5.12813E-01 2.98951E-01 0.00000E+00 7.12618E+00
0.00000E+00 4.54583E-01 6.67172E-01 1.20066E+00 1.20054E+00 1.20123E+00 1.20499E+00 6.66483E-01 4.54583E-01 0.00000E+00 1.10308E+01
0.00000E+00 6.29069E-01 8.39990E-01 1.36710E+00 1.36699E+00 1.36777E+00 1.37167E+00 8.39207E-01 6.29069E-01 0.00000E+00 1.55848E+01
0.00000E+00 8.20125E-01 1.02954E+00 1.55084E+00 1.55074E+00 1.55161E+00 1.55564E+00 1.02867E+00 8.20125E-01 0.00000E+00 2.07418E+01
7.93677E-02 1.01999E+00 1.22803E+00 1.74403E+00 1.74395E+00 1.74490E+00 1.74905E+00 1.22708E+00 1.01999E+00 7.93677E-02 2.63686E+01
2.92862E-01 1.22552E+00 1.43231E+00 1.94344E+00 1.94336E+00 1.94439E+00 1.94866E+00 1.43128E+00 1.22552E+00 2.92862E-01 3.23417E+01
5.20065E-01 1.44528E+00 1.65090E+00 2.15748E+00 2.15742E+00 2.15853E+00 2.16291E+00 1.64981E+00 1.44528E+00 5.20065E-01 3.87430E+01
7.59754E-01 1.67799E+00 1.88253E+00 2.38483E+00 2.38478E+00 2.38597E+00 2.39046E+00 1.88136E+00 1.67799E+00 7.59754E-01 4.55380E+01
1.01086E+00 1.92253E+00 2.12604E+00 2.62432E+00 2.62428E+00 2.62555E+00 2.63015E+00 2.12480E+00 1.92253E+00 1.01086E+00 5.26938E+01
1.27242E+00 2.17789E+00 2.38044E+00 2.87492E+00 2.87489E+00 2.87624E+00 2.88094E+00 2.37914E+00 2.17789E+00 1.27242E+00 6.01789E+01
1.54360E+00 2.44319E+00 2.64483E+00 3.13572E+00 3.13570E+00 3.13712E+00 3.14193E+00 2.64348E+00 2.44319E+00 1.54360E+00 6.79636E+01
1.82364E+00 2.71764E+00 2.91842E+00 3.40590E+00 3.40589E+00 3.40739E+00 3.41229E+00 2.91702E+00 2.71764E+00 1.82364E+00 7.60203E+01
2.11183E+00 3.00052E+00 3.20049E+00 3.68472E+00 3.68473E+00 3.68629E+00 3.69129E+00 3.19903E+00 3.00052E+00 2.11183E+00 8.43230E+01
2.40757E+00 3.29119E+00 3.49039E+00 3.97152E+00 3.97153E+00 3.97317E+00 3.97826E+00 3.48887E+00 3.29119E+00 2.40757E+00 9.28479E+01
2.71027E+00 3.58905E+00 3.78751E+00 4.26568E+00 4.26571E+00 4.26742E+00 4.27259E+00 3.78594E+00 3.58905E+00 2.71027E+00 1.01573E+02
3.01941E+00 3.89355E+00 4.09131E+00 4.56665E+00 4.56669E+00 4.56847E+00 4.57372E+00 4.08970E+00 3.89355E+00 3.01941E+00 1.10477E+02
3.33452E+00 4.20421E+00 4.40130E+00 4.87392E+00 4.87397E+00 4.87581E+00 4.88116E+00 4.39963E+00 4.20421E+00 3.33452E+00 1.19542E+02
3.65514E+00 4.52056E+00 4.71700E+00 5.18701E+00 5.18707E+00 5.18899E+00 5.19441E+00 4.71529E+00 4.52056E+00 3.65514E+00 1.28749E+02
3.98087E+00 4.84218E+00 5.03801E+00 5.50551E+00 5.50558E+00 5.50756E+00 5.51307E+00 5.03625E+00 4.84218E+00 3.98087E+00 1.38084E+02
4.31133E+00 5.16868E+00 5.36391E+00 5.82900E+00 5.82908E+00 5.83113E+00 5.83671E+00 5.36212E+00 5.16868E+00 4.31133E+00 1.47532E+02
4.64616E+00 5.49969E+00 5.69436E+00 6.15711E+00 6.15721E+00 6.15932E+00 6.16498E+00 5.69252E+00 5.49969E+00 4.64616E+00 1.57077E+02
4.98504E+00 5.83489E+00 6.02900E+00 6.48951E+00 6.48961E+00 6.49179E+00 6.49752E+00 6.02712E+00 5.83489E+00 4.98504E+00 1.66710E+02
5.32766E+00 6.17394E+00 6.36753E+00 6.82586E+00 6.82598E+00 6.82822E+00 6.83402E+00 6.36561E+00 6.17394E+00 5.32766E+00 1.76416E+02
5.67374E+00 6.51657E+00 6.70965E+00 7.16588E+00 7.16600E+00 7.16831E+00 7.17419E+00 6.70769E+00 6.51657E+00 5.67374E+00 1.86188E+02
6.02301E+00 6.86250E+00 7.05508E+00 7.50928E+00 7.50941E+00 7.51178E+00 7.51773E+00 7.05309E+00 6.86250E+00 6.02301E+00 1.96013E+02
6.37522E+00 7.21147E+00 7.40357E+00 7.85580E+00 7.85594E+00 7.85838E+00 7.86439E+00 7.40155E+00 7.21147E+00 6.37522E+00 2.05884E+02
6.73013E+00 7.56325E+00 7.75489E+00 8.20520E+00 8.20536E+00 8.20785E+00 8.21393E+00 7.75283E+00 7.56325E+00 6.73013E+00 2.15793E+02
7.08754E+00 7.91761E+00 8.10880E+00 8.55726E+00 8.55742E+00 8.55997E+00 8.56612E+00 8.10670E+00 7.91761E+00 7.08754E+00 2.25731E+02
7.44724E+00 8.27434E+00 8.46510E+00 8.91175E+00 8.91192E+00 8.91453E+00 8.92075E+00 8.46297E+00 8.27434E+00 7.44724E+00 2.35692E+02
7.80903E+00 8.63325E+00 8.82359E+00 9.26848E+00 9.26866E+00 9.27134E+00 9.27761E+00 8.82142E+00 8.63325E+00 7.80903E+00 2.45670E+02
8.17273E+00 8.99415E+00 9.18408E+00 9.62727E+00 9.62746E+00 9.63019E+00 9.63653E+00 9.18188E+00 8.99415E+00 8.17273E+00 2.55658E+02
8.53818E+00 9.35687E+00 9.54640E+00 9.98792E+00 9.98812E+00 9.99091E+00 9.99732E+00 9.54417E+00 9.35687E+00 8.53818E+00 2.65652E+02
8.90522E+00 9.72124E+00 9.91038E+00 1.03503E+01 1.03505E+01 1.03533E+01 1.03598E+01 9.90812E+00 9.72124E+00 8.90522E+00 2.75645E+02
9.27369E+00 1.00871E+01 1.02759E+01 1.07142E+01 1.07144E+01 1.07173E+01 1.07239E+01 1.02736E+01 1.00871E+01 9.27369E+00 2.85635E+02
9.64345E+00 1.04543E+01 1.06427E+01 1.10795E+01 1.10798E+01 1.10827E+01 1.10893E+01 1.06404E+01 1.04543E+01 9.64345E+00 2.95616E+02
1.00144E+01 1.08228E+01 1.10109E+01 1.14461E+01 1.14464E+01 1.14494E+01 1.14560E+01 1.10085E+01 1.08228E+01 1.00144E+01 3.05585E+02
1.03863E+01 1.11924E+01 1.13801E+01 1.18139E+01 1.18141E+01 1.18172E+01 1.18239E+01 1.13777E+01 1.11924E+01 1.03863E+01 3.15537E+02
1.07592E+01 1.15629E+01 1.17502E+01 1.21826E+01 1.21829E+01 1.21860E+01 1.21928E+01 1.17478E+01 1.15629E+01 1.07592E+01 3.25471E+02
1.11329E+01 1.19343E+01 1.21213E+01 1.25523E+01 1.25525E+01 1.25557E+01 1.25625E+01 1.21189E+01 1.19343E+01 1.11329E+01 3.35383E+02
1.15073E+01 1.23064E+01 1.24931E+01 1.29227E+01 1.29230E+01 1.29262E+01 1.29331E+01 1.24907E+01 1.23064E+01 1.15073E+01 3.45270E+02
1.18823E+01 1.26792E+01 1.28656E+01 1.32939E+01 1.32942E+01 1.32974E+01 1.33044E+01 1.28631E+01 1.26792E+01 1.18823E+01 3.55129E+02
1.22578E+01 1.30526E+01 1.32386E+01 1.36656E+01 1.36659E+01 1.36692E+01 1.36762E+01 1.32361E+01 1.30526E+01 1.22578E+01 3.64959E+02
1.26337E+01 1.34264E+01 1.36121E+01 1.40378E+01 1.40381E+01 1.40415E+01 1.40486E+01 1.36096E+01 1.34264E+01 1.26337E+01 3.74757E+02
1.30100E+01 1.38006E+01 1.39860E+01 1.44105E+01 1.44108E+01 1.44142E+01 1.44213E+01 1.39835E+01 1.38006E+01 1.30100E+01 3.84522E+02
1.33865E+01 1.41751E+01 1.43603E+01 1.47835E+01 1.47838E+01 1.47873E+01 1.47944E+01 1.43577E+01 1.41751E+01 1.33865E+01 3.94251E+02
1.37633E+01 1.45498E+01 1.47347E+01 1.51567E+01 1.51570E+01 1.51606E+01 1.51677E+01 1.47321E+01 1.45498E+01 1.37633E+01 4.03943E+02
0.00000E+00 0.00000E+00 1.45669E-01 6.62752E-01 6.62521E-01 6.62802E-01 6.66338E-01 1.45006E-01 0.00000E+00 0.00000E+00 -1.56111E+00
0.00000E+00 0.00000E+00 1.83722E-01 6.89171E-01 6.88963E-01 6.89397E-01 6.93207E-01 1.82871E-01 0.00000E+00 0.00000E+00 -4.05437E-01
0.00000E+00 5.38514E-02 2.55578E-01 7.51482E-01 7.51295E-01 7.51872E-01 7.55920E-01 2.54567E-01 5.38514E-02 0.00000E+00 1.34524E+00
0.00000E+00 1.54161E-01 3.53842E-01 8.41556E-01 8.41389E-01 8.42102E-01 8.46364E-01 3.52691E-01 1.54161E-01 0.00000E+00 3.69626E+00
0.00000E+00 2.76143E-01 4.74040E-01 9.54548E-01 9.54401E-01 9.55244E-01 9.59704E-01 4.72763E-01 2.76143E-01 0.00000E+00 6.67044E+00
0.00000E+00 4.16253E-01 6.12570E-01 1.08665E+00 1.08652E+00 1.08749E+00 1.09213E+00 6.11178E-01 4.16253E-01 0.00000E+00 1.02330E+01
0.00000E+00 5.71838E-01 7.66740E-01 1.23502E+00 1.23491E+00 1.23601E+00 1.24082E+00 7.65243E-01 5.71838E-01 0.00000E+00 1.43386E+01
0.00000E+00 7.40848E-01 9.34470E-01 1.39748E+00 1.39739E+00 1.39860E+00 1.40357E+00 9.32875E-01 7.40848E-01 0.00000E+00 1.89381E+01
7.03030E-02 9.17035E-01 1.10950E+00 1.56769E+00 1.56762E+00 1.56894E+00 1.57406E+00 1.10781E+00 9.17035E-01 7.03030E-02 2.38996E+01
2.58429E-01 1.09789E+00 1.28929E+00 1.74305E+00 1.74300E+00 1.74443E+00 1.74970E+00 1.28752E+00 1.09789E+00 2.58429E-01 2.91083E+01
4.57287E-01 1.28996E+00 1.48037E+00 1.92999E+00 1.92996E+00 1.93150E+00 1.93690E+00 1.47852E+00 1.28996E+00 4.57287E-01 3.46490E+01
6.65806E-01 1.49210E+00 1.68159E+00 2.12734E+00 2.12731E+00 2.12897E+00 2.13450E+00 1.67967E+00 1.49210E+00 6.65806E-01 4.04903E+01
8.83053E-01 1.70335E+00 1.89197E+00 2.33406E+00 2.33406E+00 2.33582E+00 2.34148E+00 1.88998E+00 1.70335E+00 8.83053E-01 4.66021E+01
1.10821E+00 1.92284E+00 2.11065E+00 2.54929E+00 2.54931E+00 2.55117E+00 2.55695E+00 2.10859E+00 1.92284E+00 1.10821E+00 5.29568E+01
1.34056E+00 2.14982E+00 2.33686E+00 2.77224E+00 2.77227E+00 2.77423E+00 2.78013E+00 2.33473E+00 2.14982E+00 1.34056E+00 5.95284E+01
1.57944E+00 2.38360E+00 2.56992E+00 3.00220E+00 3.00224E+00 3.00430E+00 3.01032E+00 2.56773E+00 2.38360E+00 1.57944E+00 6.62934E+01
1.82428E+00 2.62359E+00 2.80922E+00 3.23855E+00 3.23861E+00 3.24077E+00 3.24690E+00 2.80697E+00 2.62359E+00 1.82428E+00 7.32298E+01
2.07456E+00 2.86924E+00 3.05422E+00 3.48073E+00 3.48081E+00 3.48307E+00 3.48931E+00 3.05191E+00 2.86924E+00 2.07456E+00 8.03176E+01
2.32980E+00 3.12006E+00 3.30441E+00 3.72824E+00 3.72833E+00 3.73068E+00 3.73703E+00 3.30205E+00 3.12006E+00 2.32980E+00 8.75387E+01
2.58957E+00 3.37559E+00 3.55935E+00 3.98060E+00 3.98071E+00 3.98316E+00 3.98961E+00 3.55694E+00 3.37559E+00 2.58957E+00 9.48763E+01
2.85348E+00 3.63543E+00 3.81863E+00 4.23741E+00 4.23754E+00 4.24008E+00 4.24662E+00 3.81616E+00 3.63543E+00 2.85348E+00 1.02315E+02
3.12116E+00 3.89921E+00 4.08186E+00 4.49828E+00 4.49842E+00 4.50105E+00 4.50769E+00 4.07935E+00 3.89921E+00 3.12116E+00 1.09842E+02
3.39228E+00 4.16658E+00 4.34871E+00 4.76285E+00 4.76301E+00 4.76572E+00 4.77246E+00 4.34615E+00 4.16658E+00 3.39228E+00 1.17443E+02
3.66654E+00 4.43723E+00 4.61886E+00 5.03080E+00 5.03097E+00 5.03378E+00 5.04061E+00 4.61625E+00 4.43723E+00 3.66654E+00 1.25108E+02
3.94367E+00 4.71086E+00 4.89201E+00 5.30184E+00 5.30203E+00 5.30492E+00 5.31184E+00 4.88936E+00 4.71086E+00 3.94367E+00 1.32826E+02
4.22338E+00 4.98721E+00 5.16790E+00 5.57569E+00 5.57589E+00 5.57887E+00 5.58588E+00 5.16520E+00 4.98721E+00 4.22338E+00 1.40588E+02
4.50546E+00 5.26603E+00 5.44628E+00 5.85209E+00 5.85230E+00 5.85537E+00 5.86247E+00 5.44353E+00 5.26603E+00 4.50546E+00 1.48384E+02
4.78967E+00 5.54709E+00 5.72691E+00 6.13081E+00 6.13104E+00 6.13419E+00 6.14137E+00 5.72412E+00 5.54709E+00 4.78967E+00 1.56207E+02
5.07581E+00 5.83018E+00 6.00958E+00 6.41164E+00 6.41188E+00 6.41511E+00 6.42238E+00 6.00676E+00 5.83018E+00 5.07581E+00 1.64050E+02
5.36369E+00 6.11510E+00 6.29409E+00 6.69436E+00 6.69461E+00 6.69793E+00 6.70528E+00 6.29123E+00 6.11510E+00 5.36369E+00 1.71906E+02
5.65312E+00 6.40166E+00 6.58027E+00 6.97880E+00 6.97906E+00 6.98246E+00 6.98989E+00 6.57737E+00 6.40166E+00 5.65312E+00 1.79770E+02
5.94394E+00 6.68970E+00 6.86793E+00 7.26477E+00 7.26505E+00 7.26853E+00 7.27604E+00 6.86499E+00 6.68970E+00 5.94394E+00 1.87636E+02
6.23600E+00 6.97905E+00 7.15691E+00 7.55212E+00 7.55241E+00 7.55597E+00 7.56355E+00 7.15394E+00 6.97905E+00 6.23600E+00 1.95499E+02
6.52915E+00 7.26957E+00 7.44707E+00 7.84069E+00 7.84099E+00 7.84463E+00 7.85229E+00 7.44407E+00 7.26957E+00 6.52915E+00 2.03354E+02
6.82326E+00 7.56111E+00 7.73827E+00 8.13034E+00 8.13066E+00 8.13437E+00 8.14211E+00 7.73523E+00 7.56111E+00 6.82326E+00 2.11198E+02
7.11819E+00 7.85355E+00 8.03038E+00 8.42094E+00 8.42127E+00 8.42506E+00 8.43287E+00 8.02730E+00 7.85355E+00 7.11819E+00 2.19027E+02
7.41385E+00 8.14677E+00 8.32328E+00 8.71236E+00 8.71271E+00 8.71657E+00 8.72446E+00 8.32017E+00 8.14677E+00 7.41385E+00 2.26837E+02
7.71010E+00 8.44066E+00 8.61684E+00 9.00450E+00 9.00485E+00 9.00879E+00 9.01675E+00 8.61370E+00 8.44066E+00 7.71010E+00 2.34626E+02
8.00686E+00 8.73510E+00 8.91098E+00 9.29723E+00 9.29760E+00 9.30162E+00 9.30965E+00 8.90780E+00 8.73510E+00 8.00686E+00 2.42391E+02
8.30402E+00 9.03000E+00 9.20558E+00 9.59047E+00 9.59085E+00 9.59494E+00 9.60304E+00 9.20237E+00 9.03000E+00 8.30402E+00 2.50129E+02
8.60149E+00 9.32527E+00 9.50056E+00 9.88412E+00 9.88451E+00 9.88867E+00 9.89684E+00 9.49732E+00 9.32527E+00 8.60149E+00 2.57839E+02
8.89919E+00 9.62082E+00 9.79582E+00 1.01781E+01 1.01785E+01 1.01827E+01 1.01910E+01 9.79256E+00 9.62082E+00 8.89919E+00 2.65517E+02
9.19705E+00 9.91657E+00 1.00913E+01 1.04723E+01 1.04727E+01 1.04770E+01 1.04853E+01 1.00880E+01 9.91657E+00 9.19705E+00 2.73162E+02
9.49498E+00 1.02124E+01 1.03869E+01 1.07666E+01 1.07671E+01 1.07714E+01 1.07798E+01 1.03836E+01 1.02124E+01 9.49498E+00 2.80773E+02
9.79292E+00 1.05084E+01 1.06825E+01 1.10611E+01 1.10615E+01 1.10660E+01 1.10744E+01 1.06792E+01 1.05084E+01 9.79292E+00 2.88348E+02
1.00908E+01 1.08043E+01 1.09782E+01 1.13555E+01 1.13560E+01 1.13605E+01 1.13690E+01 1.09748E+01 1.08043E+01 1.00908E+01 2.95886E+02
1.03886E+01 1.11001E+01 1.12738E+01 1.16500E+01 1.16504E+01 1.16550E+01 1.16636E+01 1.12704E+01 1.11001E+01 1.03886E+01 3.03385E+02
1.06861E+01 1.13958E+01 1.15692E+01 1.19443E+01 1.19447E+01 1.19494E+01 1.19580E+01 1.15658E+01 1.13958E+01 1.06861E+01 3.10845E+02
1.09835E+01 1.16913E+01 1.18645E+01 1.22384E+01 1.22389E+01 1.22436E+01 1.22523E+01 1.18610E+01 1.16913E+01 1.09835E+01 3.18264E+02
1.12806E+01 1.19866E+01 1.21595E+01 1.25323E+01 1.25328E+01 1.25376E+01 1.25464E+01 1.21560E+01 1.19866E+01 1.12806E+01 3.25642E+02
0.00000E+00 0.00000E+00 1.29933E-01 5.89152E-01 5.88880E-01 5.89294E-01 5.93699E-01 1.28547E-01 0.00000E+00 0.00000E+00 -1.50246E+00
0.00000E+00 0.00000E+00 1.69298E-01 6.17940E-01 6.17702E-01 6.18332E-01 6.23066E-01 1.67701E-01 0.00000E+00 0.00000E+00 -3.77574E-01
0.00000E+00 5.09872E-02 2.37982E-01 6.77944E-01 6.77739E-01 6.78568E-01 6.83589E-01 2.36207E-01 5.09872E-02 0.00000E+00 1.29585E+00
0.00000E+00 1.43846E-01 3.29119E-01 7.61634E-01 7.61459E-01 7.62478E-01 7.67756E-01 3.27188E-01 1.43846E-01 0.00000E+00 3.50299E+00
0.00000E+00 2.54825E-01 4.38596E-01 8.64559E-01 8.64414E-01 8.65614E-01 8.71127E-01 4.36525E-01 2.54825E-01 0.00000E+00 6.25009E+00
0.00000E+00 3.80703E-01 5.63147E-01 9.83265E-01 9.83149E-01 9.84522E-01 9.90254E-01 5.60949E-01 3.80703E-01 0.00000E+00 9.49344E+00
0.00000E+00 5.19106E-01 7.00361E-01 1.11521E+00 1.11512E+00 1.11666E+00 1.12260E+00 6.98047E-01 5.19106E-01 0.00000E+00 1.31837E+01
0.00000E+00 6.68215E-01 8.48396E-01 1.25845E+00 1.25839E+00 1.26009E+00 1.26621E+00 8.45975E-01 6.68215E-01 0.00000E+00 1.72712E+01
6.20789E-02 8.23063E-01 1.00227E+00 1.40795E+00 1.40791E+00 1.40977E+00 1.41607E+00 9.99749E-01 8.23063E-01 6.20789E-02 2.16282E+01
2.27312E-01 9.81657E-01 1.15997E+00 1.56162E+00 1.56161E+00 1.56362E+00 1.57010E+00 1.15736E+00 9.81657E-01 2.27312E-01 2.61500E+01
4.00762E-01 1.14890E+00 1.32639E+00 1.72428E+00 1.72429E+00 1.72645E+00 1.73309E+00 1.32369E+00 1.14890E+00 4.00762E-01 3.09228E+01
5.81508E-01 1.32383E+00 1.50054E+00 1.89490E+00 1.89494E+00 1.89725E+00 1.90405E+00 1.49776E+00 1.32383E+00 5.81508E-01 3.59182E+01
7.68753E-01 1.50559E+00 1.68158E+00 2.07262E+00 2.07269E+00 2.07513E+00 2.08209E+00 1.67873E+00 1.50559E+00 7.68753E-01 4.11098E+01
9.61806E-01 1.69347E+00 1.86878E+00 2.25668E+00 2.25677E+00 2.25936E+00 2.26646E+00 1.86585E+00 1.69347E+00 9.61806E-01 4.64737E+01
1.16006E+00 1.88682E+00 2.06149E+00 2.44642E+00 2.44654E+00 2.44926E+00 2.45650E+00 2.05848E+00 1.88682E+00 1.16006E+00 5.19879E+01
1.36297E+00 2.08507E+00 2.25914E+00 2.64126E+00 2.64139E+00 2.64425E+00 2.65162E+00 2.25607E+00 2.08507E+00 1.36297E+00 5.76325E+01
1.57007E+00 2.28774E+00 2.46122E+00 2.84066E+00 2.84082E+00 2.84381E+00 2.85132E+00 2.45809E+00 2.28774E+00 1.57007E+00 6.33896E+01
1.78091E+00 2.49436E+00 2.66730E+00 3.04418E+00 3.04436E+00 3.04748E+00 3.05511E+00 2.66410E+00 2.49436E+00 1.78091E+00 6.92429E+01
1.99513E+00 2.70453E+00 2.87695E+00 3.25139E+00 3.25160E+00 3.25484E+00 3.26260E+00 2.87370E+00 2.70453E+00 1.99513E+00 7.51779E+01
2.21236E+00 2.91790E+00 3.08982E+00 3.46192E+00 3.46215E+00 3.46552E+00 3.47340E+00 3.08651E+00 2.91790E+00 2.21236E+00 8.11813E+01
2.43230E+00 3.13412E+00 3.30557E+00 3.67544E+00 3.67568E+00 3.67917E+00 3.68717E+00 3.30220E+00 3.13412E+00 2.43230E+00 8.72413E+01
2.65466E+00 3.35291E+00 3.52391E+00 3.89162E+00 3.89188E+00 3.89550E+00 3.90361E+00 3.52048E+00 3.35291E+00 2.65466E+00 9.33472E+01
2.87917E+00 3.57399E+00 3.74455E+00 4.11019E+00 4.11048E+00 4.11421E+00 4.12244E+00 3.74108E+00 3.57399E+00 2.87917E+00 9.94894E+01
3.10559E+00 3.79711E+00 3.96725E+00 4.33090E+00 4.33121E+00 4.33506E+00 4.34340E+00 3.96373E+00 3.79711E+00 3.10559E+00 1.05659E+02
3.33371E+00 4.02205E+00 4.19179E+00 4.55352E+00 4.55385E+00 4.55781E+00 4.56626E+00 4.18822E+00 4.02205E+00 3.33371E+00 1.11849E+02
3.56333E+00 4.24859E+00 4.41794E+00 4.77782E+00 4.77817E+00 4.78225E+00 4.79080E+00 4.41433E+00 4.24859E+00 3.56333E+00 1.18052E+02
3.79427E+00 4.47655E+00 4.64553E+00 5.00362E+00 5.00398E+00 5.00818E+00 5.01683E+00 4.64187E+00 4.47655E+00 3.79427E+00 1.24261E+02
4.02634E+00 4.70575E+00 4.87437E+00 5.23072E+00 5.23111E+00 5.23541E+00 5.24417E+00 4.87066E+00 4.70575E+00 4.02634E+00 1.30472E+02
4.25941E+00 4.93603E+00 5.10430E+00 5.45897E+00 5.45938E+00 5.46379E+00 5.47265E+00 5.10055E+00 4.93603E+00 4.25941E+00 1.36678E+02
4.49332E+00 5.16723E+00 5.33517E+00 5.68822E+00 5.68864E+00 5.69316E+00 5.70212E+00 5.33138E+00 5.16723E+00 4.49332E+00 1.42876E+02
4.72794E+00 5.39923E+00 5.56684E+00 5.91831E+00 5.91876E+00 5.92339E+00 5.93243E+00 5.56301E+00 5.39923E+00 4.72794E+00 1.49061E+02
4.96314E+00 5.63189E+00 5.79919E+00 6.14913E+00 6.14959E+00 6.15433E+00 6.16347E+00 5.79532E+00 5.63189E+00 4.96314E+00 1.55230E+02
5.19883E+00 5.86510E+00 6.03209E+00 6.38055E+00 6.38103E+00 6.38587E+00 6.39510E+00 6.02818E+00 5.86510E+00 5.19883E+00 1.61379E+02
5.43488E+00 6.09875E+00 6.26544E+00 6.61245E+00 6.61295E+00 6.61789E+00 6.62722E+00 6.26150E+00 6.09875E+00 5.43488E+00 1.67506E+02
5.67121E+00 6.33273E+00 6.49914E+00 6.84475E+00 6.84526E+00 6.85030E+00 6.85972E+00 6.49516E+00 6.33273E+00 5.67121E+00 1.73608E+02
5.90772E+00 6.56696E+00 6.73309E+00 7.07733E+00 7.07786E+00 7.08300E+00 7.09250E+00 6.72907E+00 6.56696E+00 5.90772E+00 1.79683E+02
6.14433E+00 6.80135E+00 6.96721E+00 7.31011E+00 7.31066E+00 7.31590E+00 7.32549E+00 6.96315E+00 6.80135E+00 6.14433E+00 1.85728E+02
6.38096E+00 7.03582E+00 7.20141E+00 7.54301E+00 7.54358E+00 7.54892E+00 7.55859E+00 7.19732E+00 7.03582E+00 6.38096E+00 1.91742E+02
6.61755E+00 7.27029E+00 7.43562E+00 7.77596E+00 7.77654E+00 7.78198E+00 7.79174E+00 7.43150E+00 7.27029E+00 6.61755E+00 1.97723E+02
6.85401E+00 7.50470E+00 7.66977E+00 8.00887E+00 8.00948E+00 8.01501E+00 8.02485E+00 7.66562E+00 7.50470E+00 6.85401E+00 2.03669E+02
7.09031E+00 7.73897E+00 7.90380E+00 8.24170E+00 8.24232E+00 8.24795E+00 8.25787E+00 7.89962E+00 7.73897E+00 7.09031E+00 2.09580E+02
7.32636E+00 7.97306E+00 8.13765E+00 8.47437E+00 8.47500E+00 8.48073E+00 8.49073E+00 8.13344E+00 7.97306E+00 7.32636E+00 2.15454E+02
7.56213E+00 8.20690E+00 8.37126E+00 8.70683E+00 8.70748E+00 8.71330E+00 8.72338E+00 8.36702E+00 8.20690E+00 7.56213E+00 2.21290E+02
7.79756E+00 8.44045E+00 8.60459E+00 8.93902E+00 8.93969E+00 8.94560E+00 8.95576E+00 8.60031E+00 8.44045E+00 7.79756E+00 2.27088E+02
8.03261E+00 8.67366E+00 8.83757E+00 9.17091E+00 9.17159E+00 9.17760E+00 9.18782E+00 8.83327E+00 8.67366E+00 8.03261E+00 2.32846E+02
8.26724E+00 8.90648E+00 9.07017E+00 9.40243E+00 9.40313E+00 9.40923E+00 9.41953E+00 9.06584E+00 8.90648E+00 8.26724E+00 2.38565E+02
8.50139E+00 9.13888E+00 9.30235E+00 9.63356E+00 9.63427E+00 9.64046E+00 9.65084E+00 9.29800E+00 9.13888E+00 8.50139E+00 2.44243E+02
8.73505E+00 9.37080E+00 9.53407E+00 9.86424E+00 9.86497E+00 9.87125E+00 9.88170E+00 9.52969E+00 9.37080E+00 8.73505E+00 2.49880E+02
8.96817E+00 9.60223E+00 9.76530E+00 1.00945E+01 1.00952E+01 1.01016E+01 1.01121E+01 9.76089E+00 9.60223E+00 8.96817E+00 2.55475E+02
9.20073E+00 9.83313E+00 9.99599E+00 1.03242E+01 1.03249E+01 1.03314E+01 1.03420E+01 9.99156E+00 9.83313E+00 9.20073E+00 2.61030E+02
0.00000E+00 0.00000E+00 1.16656E-01 5.23279E-01 5.22969E-01 5.23603E-01 5.29081E-01 1.14435E-01 0.00000E+00 0.00000E+00 -1.45048E+00
0.00000E+00 0.00000E+00 1.57174E-01 5.54169E-01 5.53911E-01 5.54847E-01 5.60718E-01 1.54719E-01 0.00000E+00 0.00000E+00 -3.46945E-01
0.00000E+00 4.82299E-02 2.22758E-01 6.11855E-01 6.11646E-01 6.12860E-01 6.19071E-01 2.20107E-01 4.82299E-02 0.00000E+00 1.25707E+00
0.00000E+00 1.34076E-01 3.07172E-01 6.89491E-01 6.89329E-01 6.90804E-01 6.97321E-01 3.04349E-01 1.34076E-01 0.00000E+00 3.32949E+00
0.00000E+00 2.34856E-01 4.06704E-01 7.83062E-01 7.82943E-01 7.84667E-01 7.91465E-01 4.03728E-01 2.34856E-01 0.00000E+00 5.86316E+00
0.00000E+00 3.47692E-01 5.18438E-01 8.89479E-01 8.89403E-01 8.91365E-01 8.98421E-01 5.15324E-01 3.47692E-01 0.00000E+00 8.80826E+00
0.00000E+00 4.70489E-01 6.40248E-01 1.00650E+00 1.00646E+00 1.00865E+00 1.01595E+00 6.37008E-01 4.70489E-01 0.00000E+00 1.21138E+01
0.00000E+00 6.01656E-01 7.70524E-01 1.13241E+00 1.13241E+00 1.13482E+00 1.14235E+00 7.67169E-01 6.01656E-01 0.00000E+00 1.57315E+01
5.46283E-02 7.37294E-01 9.05354E-01 1.26326E+00 1.26330E+00 1.26592E+00 1.27366E+00 9.01891E-01 7.37294E-01 5.46283E-02 1.95401E+01
1.99235E-01 8.75837E-01 1.04316E+00 1.39740E+00 1.39748E+00 1.40031E+00 1.40825E+00 1.03960E+00 8.75837E-01 1.99235E-01 2.34459E+01
3.49953E-01 1.02089E+00 1.18752E+00 1.53835E+00 1.53846E+00 1.54149E+00 1.54963E+00 1.18387E+00 1.02089E+00 3.49953E-01 2.75349E+01
5.06004E-01 1.17162E+00 1.33762E+00 1.68524E+00 1.68539E+00 1.68861E+00 1.69693E+00 1.33387E+00 1.17162E+00 5.06004E-01 3.17821E+01
6.66721E-01 1.32733E+00 1.49273E+00 1.83733E+00 1.83752E+00 1.84093E+00 1.84943E+00 1.48890E+00 1.32733E+00 6.66721E-01 3.61649E+01
8.31530E-01 1.48741E+00 1.65224E+00 1.99400E+00 1.99422E+00 1.99782E+00 2.00649E+00 1.64834E+00 1.48741E+00 8.31530E-01 4.06631E+01
9.99932E-01 1.65134E+00 1.81564E+00 2.15470E+00 2.15495E+00 2.15873E+00 2.16757E+00 1.81166E+00 1.65134E+00 9.99932E-01 4.52586E+01
1.17149E+00 1.81864E+00 1.98243E+00 2.31894E+00 2.31922E+00 2.32318E+00 2.33218E+00 1.97838E+00 1.81864E+00 1.17149E+00 4.99352E+01
1.34581E+00 1.98891E+00 2.15223E+00 2.48630E+00 2.48661E+00 2.49075E+00 2.49991E+00 2.14811E+00 1.98891E+00 1.34581E+00 5.46785E+01
1.52256E+00 2.16180E+00 2.32466E+00 2.65641E+00 2.65675E+00 2.66106E+00 2.67037E+00 2.32048E+00 2.16180E+00 1.52256E+00 5.94757E+01
1.70142E+00 2.33697E+00 2.49940E+00 2.82893E+00 2.82931E+00 2.83378E+00 2.84324E+00 2.49515E+00 2.33697E+00 1.70142E+00 6.43155E+01
1.88213E+00 2.51414E+00 2.67616E+00 3.00357E+00 3.00397E+00 3.00862E+00 3.01822E+00 2.67185E+00 2.51414E+00 1.88213E+00 6.91878E+01
2.06443E+00 2.69305E+00 2.85468E+00 3.18006E+00 3.18049E+00 3.18530E+00 3.19504E+00 2.85032E+00 2.69305E+00 2.06443E+00 7.40837E+01
2.24811E+00 2.87347E+00 3.03473E+00 3.35815E+00 3.35861E+00 3.36358E+00 3.37345E+00 3.03031E+00 2.87347E+00 2.24811E+00 7.89952E+01
2.43297E+00 3.05519E+00 3.21609E+00 3.53763E+00 3.53812E+00 3.54325E+00 3.55325E+00 3.21161E+00 3.05519E+00 2.43297E+00 8.39152E+01
2.61882E+00 3.23802E+00 3.39857E+00 3.71831E+00 3.71882E+00 3.72410E+00 3.73424E+00 3.39404E+00 3.23802E+00 2.61882E+00 8.88377E+01
2.80549E+00 3.42179E+00 3.58200E+00 3.90000E+00 3.90054E+00 3.90597E+00 3.91624E+00 3.57742E+00 3.42179E+00 2.80549E+00 9.37570E+01
2.99285E+00 3.60633E+00 3.76623E+00 4.08254E+00 4.08311E+00 4.08869E+00 4.09908E+00 3.76160E+00 3.60633E+00 2.99285E+00 9.86683E+01
3.18075E+00 3.79152E+00 3.95110E+00 4.26579E+00 4.26639E+00 4.27212E+00 4.28263E+00 3.94643E+00 3.79152E+00 3.18075E+00 1.03567E+02
3.36907E+00 3.97721E+00 4.13649E+00 4.44961E+00 4.45023E+00 4.45611E+00 4.46674E+00 4.13177E+00 3.97721E+00 3.36907E+00 1.08450E+02
3.55770E+00 4.16329E+00 4.32228E+00 4.63388E+00 4.63453E+00 4.64055E+00 4.65130E+00 4.31752E+00 4.16329E+00 3.55770E+00 1.13314E+02
3.74653E+00 4.34965E+00 4.50836E+00 4.81848E+00 4.81916E+00 4.82532E+00 4.83619E+00 4.50355E+00 4.34965E+00 3.74653E+00 1.18155E+02
3.93546E+00 4.53619E+00 4.69463E+00 5.00333E+00 5.00403E+00 5.01033E+00 5.02131E+00 4.68978E+00 4.53619E+00 3.93546E+00 1.22971E+02
4.12442E+00 4.72282E+00 4.88100E+00 5.18831E+00 5.18904E+00 5.19548E+00 5.20656E+00 4.87611E+00 4.72282E+00 4.12442E+00 1.27760E+02
4.31333E+00 4.90946E+00 5.06739E+00 5.37335E+00 5.37410E+00 5.38068E+00 5.39187E+00 5.06246E+00 4.90946E+00 4.31333E+00 1.32519E+02
4.50210E+00 5.09604E+00 5.25372E+00 5.55837E+00 5.55914E+00 5.56586E+00 5.57716E+00 5.24875E+00 5.09604E+00 4.50210E+00 1.37248E+02
4.69068E+00 5.28248E+00 5.43992E+00 5.74329E+00 5.74409E+00 5.75094E+00 5.76234E+00 5.43491E+00 5.28248E+00 4.69068E+00 1.41944E+02
4.87900E+00 5.46871E+00 5.62592E+00 5.92806E+00 5.92888E+00 5.93586E+00 5.94736E+00 5.62088E+00 5.46871E+00 4.87900E+00 1.46607E+02
5.06701E+00 5.65469E+00 5.81167E+00 6.11260E+00 6.11345E+00 6.12056E+00 6.13216E+00 5.80660E+00 5.65469E+00 5.06701E+00 1.51234E+02
5.25466E+00 5.84036E+00 5.99712E+00 6.29687E+00 6.29774E+00 6.30498E+00 6.31668E+00 5.99201E+00 5.84036E+00 5.25466E+00 1.55826E+02
5.44189E+00 6.02566E+00 6.18221E+00 6.48081E+00 6.48170E+00 6.48907E+00 6.50087E+00 6.17706E+00 6.02566E+00 5.44189E+00 1.60381E+02
5.62868E+00 6.21056E+00 6.36689E+00 6.66438E+00 6.66529E+00 6.67278E+00 6.68469E+00 6.36172E+00 6.21056E+00 5.62868E+00 1.64899E+02
5.81497E+00 6.39501E+00 6.55114E+00 6.84753E+00 6.84847E+00 6.85608E+00 6.86808E+00 6.54593E+00 6.39501E+00 5.81497E+00 1.69379E+02
6.00073E+00 6.57897E+00 6.73490E+00 7.03023E+00 7.03119E+00 7.03892E+00 7.05101E+00 6.72966E+00 6.57897E+00 6.00073E+00 1.73820E+02
6.18593E+00 6.76242E+00 6.91815E+00 7.21243E+00 7.21341E+00 7.22127E+00 7.23346E+00 6.91288E+00 6.76242E+00 6.18593E+00 1.78223E+02
6.37055E+00 6.94531E+00 7.10085E+00 7.39412E+00 7.39512E+00 7.40310E+00 7.41537E+00 7.09555E+00 6.94531E+00 6.37055E+00 1.82587E+02
6.55454E+00 7.12762E+00 7.28298E+00 7.57524E+00 7.57627E+00 7.58436E+00 7.59673E+00 7.27765E+00 7.12762E+00 6.55454E+00 1.86912E+02
6.73789E+00 7.30932E+00 7.46450E+00 7.75579E+00 7.75683E+00 7.76505E+00 7.77750E+00 7.45914E+00 7.30932E+00 6.73789E+00 1.91198E+02
6.92057E+00 7.49039E+00 7.64539E+00 7.93572E+00 7.93679E+00 7.94512E+00 7.95766E+00 7.64000E+00 7.49039E+00 6.92057E+00 1.95445E+02
7.10257E+00 7.67081E+00 7.82563E+00 8.11503E+00 8.11612E+00 8.12456E+00 8.13719E+00 7.82022E+00 7.67081E+00 7.10257E+00 1.99652E+02
7.28386E+00 7.85055E+00 8.00520E+00 8.29369E+00 8.29479E+00 8.30335E+00 8.31607E+00 7.99976E+00 7.85055E+00 7.28386E+00 2.03820E+02
7.46443E+00 8.02960E+00 8.18408E+00 8.47167E+00 8.47280E+00 8.48147E+00 8.49427E+00 8.17862E+00 8.02960E+00 7.46443E+00 2.07949E+02
0.00000E+00 0.00000E+00 1.05701E-01 4.64438E-01 4.64104E-01 4.65087E-01 4.71874E-01 1.02521E-01 0.00000E+00 0.00000E+00 -1.40260E+00
0.00000E+00 0.00000E+00 1.47156E-01 4.97123E-01 4.96868E-01 4.98272E-01 5.05523E-01 1.43720E-01 0.00000E+00 0.00000E+00 -3.11306E-01
0.00000E+00 4.55578E-02 2.09683E-01 5.52460E-01 5.52277E-01 5.54064E-01 5.61716E-01 2.06034E-01 4.55578E-02 0.00000E+00 1.23013E+00
0.00000E+00 1.24788E-01 2.87738E-01 6.24347E-01 6.24232E-01 6.26379E-01 6.34391E-01 2.83904E-01 1.24788E-01 0.00000E+00 3.17573E+00
0.00000E+00 2.16114E-01 3.78041E-01 7.09226E-01 7.09175E-01 7.11662E-01 7.20004E-01 3.74042E-01 2.16114E-01 0.00000E+00 5.50818E+00
0.00000E+00 3.17005E-01 4.78028E-01 8.04378E-01 8.04388E-01 8.07199E-01 8.15846E-01 4.73882E-01 3.17005E-01 0.00000E+00 8.17431E+00
0.00000E+00 4.25641E-01 5.85856E-01 9.07847E-01 9.07915E-01 9.11036E-01 9.19966E-01 5.81575E-01 4.25641E-01 0.00000E+00 1.11236E+01
0.00000E+00 5.40654E-01 7.00139E-01 1.01816E+00 1.01829E+00 1.02171E+00 1.03090E+00 6.95734E-01 5.40654E-01 0.00000E+00 1.43104E+01
4.78897E-02 6.59026E-01 8.17848E-01 1.13226E+00 1.13244E+00 1.13614E+00 1.14559E+00 8.13331E-01 6.59026E-01 4.78897E-02 1.76223E+01
1.73947E-01 7.79544E-01 9.37761E-01 1.24884E+00 1.24907E+00 1.25305E+00 1.26274E+00 9.33139E-01 7.79544E-01 1.73947E-01 2.09768E+01
3.04369E-01 9.04789E-01 1.06244E+00 1.37042E+00 1.37070E+00 1.37495E+00 1.38486E+00 1.05772E+00 9.04789E-01 3.04369E-01 2.44583E+01
4.38511E-01 1.03407E+00 1.19120E+00 1.49627E+00 1.49660E+00 1.50111E+00 1.51124E+00 1.18639E+00 1.03407E+00 4.38511E-01 2.80455E+01
5.75828E-01 1.16682E+00 1.32345E+00 1.62578E+00 1.62616E+00 1.63092E+00 1.64127E+00 1.31855E+00 1.16682E+00 5.75828E-01 3.17197E+01
7.15857E-01 1.30253E+00 1.45870E+00 1.75844E+00 1.75887E+00 1.76388E+00 1.77442E+00 1.45372E+00 1.30253E+00 7.15857E-01 3.54643E+01
8.58194E-01 1.44077E+00 1.59651E+00 1.89380E+00 1.89427E+00 1.89953E+00 1.91027E+00 1.59145E+00 1.44077E+00 8.58194E-01 3.92647E+01
1.00249E+00 1.58118E+00 1.73650E+00 2.03148E+00 2.03200E+00 2.03749E+00 2.04842E+00 1.73137E+00 1.58118E+00 1.00249E+00 4.31082E+01
1.14845E+00 1.72344E+00 1.87837E+00 2.17114E+00 2.17170E+00 2.17742E+00 2.18853E+00 1.87316E+00 1.72344E+00 1.14845E+00 4.69838E+01
1.29580E+00 1.86726E+00 2.02181E+00 2.31248E+00 2.31308E+00 2.31903E+00 2.33032E+00 2.01654E+00 1.86726E+00 1.29580E+00 5.08817E+01
1.44430E+00 2.01238E+00 2.16658E+00 2.45524E+00 2.45588E+00 2.46206E+00 2.47352E+00 2.16125E+00 2.01238E+00 1.44430E+00 5.47935E+01
1.59375E+00 2.15860E+00 2.31246E+00 2.59920E+00 2.59988E+00 2.60627E+00 2.61791E+00 2.30706E+00 2.15860E+00 1.59375E+00 5.87118E+01
1.74396E+00 2.30571E+00 2.45925E+00 2.74414E+00 2.74486E+00 2.75147E+00 2.76327E+00 2.45379E+00 2.30571E+00 1.74396E+00 6.26301E+01
1.89476E+00 2.45353E+00 2.60676E+00 2.88989E+00 2.89065E+00 2.89746E+00 2.90942E+00 2.60125E+00 2.45353E+00 1.89476E+00 6.65429E+01
2.04601E+00 2.60192E+00 2.75485E+00 3.03627E+00 3.03707E+00 3.04410E+00 3.05621E+00 2.74928E+00 2.60192E+00 2.04601E+00 7.04452E+01
2.19758E+00 2.75073E+00 2.90337E+00 3.18316E+00 3.18399E+00 3.19122E+00 3.20349E+00 2.89775E+00 2.75073E+00 2.19758E+00 7.43329E+01
2.34934E+00 2.89983E+00 3.05219E+00 3.33041E+00 3.33128E+00 3.33871E+00 3.35112E+00 3.04652E+00 2.89983E+00 2.34934E+00 7.82024E+01
2.50119E+00 3.04911E+00 3.20121E+00 3.47790E+00 3.47881E+00 3.48644E+00 3.49900E+00 3.19549E+00 3.04911E+00 2.50119E+00 8.20504E+01
2.65304E+00 3.19847E+00 3.35032E+00 3.62554E+00 3.62648E+00 3.63430E+00 3.64700E+00 3.34455E+00 3.19847E+00 2.65304E+00 8.58743E+01
2.80480E+00 3.34782E+00 3.49942E+00 3.77322E+00 3.77420E+00 3.78221E+00 3.79505E+00 3.49360E+00 3.34782E+00 2.80480E+00 8.96717E+01
2.95638E+00 3.49708E+00 3.64844E+00 3.92086E+00 3.92187E+00 3.93007E+00 3.94305E+00 3.64258E+00 3.49708E+00 2.95638E+00 9.34405E+01
3.10773E+00 3.64617E+00 3.79729E+00 4.06838E+00 4.06943E+00 4.07782E+00 4.09093E+00 3.79139E+00 3.64617E+00 3.10773E+00 9.71792E+01
3.25877E+00 3.79502E+00 3.94592E+00 4.21572E+00 4.21680E+00 4.22537E+00 4.23861E+00 3.93998E+00 3.79502E+00 3.25877E+00 1.00886E+02
3.40946E+00 3.94358E+00 4.09426E+00 4.36280E+00 4.36392E+00 4.37266E+00 4.38604E+00 4.08827E+00 3.94358E+00 3.40946E+00 1.04561E+02
3.55973E+00 4.09178E+00 4.24225E+00 4.50958E+00 4.51073E+00 4.51965E+00 4.53315E+00 4.23623E+00 4.09178E+00 3.55973E+00 1.08201E+02
3.70955E+00 4.23959E+00 4.38985E+00 4.65600E+00 4.65717E+00 4.66627E+00 4.67990E+00 4.38379E+00 4.23959E+00 3.70955E+00 1.11807E+02
3.85886E+00 4.38695E+00 4.53701E+00 4.80201E+00 4.80322E+00 4.81248E+00 4.82624E+00 4.53091E+00 4.38695E+00 3.85886E+00 1.15377E+02
4.00764E+00 4.53382E+00 4.68369E+00 4.94757E+00 4.94881E+00 4.95825E+00 4.97212E+00 4.67755E+00 4.53382E+00 4.00764E+00 1.18911E+02
4.15585E+00 4.68017E+00 4.82985E+00 5.09264E+00 5.09391E+00 5.10352E+00 5.11751E+00 4.82368E+00 4.68017E+00 4.15585E+00 1.22410E+02
4.30346E+00 4.82597E+00 4.97546E+00 5.23719E+00 5.23849E+00 5.24826E+00 5.26237E+00 4.96926E+00 4.82597E+00 4.30346E+00 1.25871E+02
4.45044E+00 4.97119E+00 5.12050E+00 5.38119E+00 5.38252E+00 5.39246E+00 5.40668E+00 5.11426E+00 4.97119E+00 4.45044E+00 1.29296E+02
4.59677E+00 5.11579E+00 5.26493E+00 5.52461E+00 5.52597E+00 5.53607E+00 5.55040E+00 5.25866E+00 5.11579E+00 4.59677E+00 1.32684E+02
4.74243E+00 5.25976E+00 5.40873E+00 5.66742E+00 5.66881E+00 5.67907E+00 5.69352E+00 5.40242E+00 5.25976E+00 4.74243E+00 1.36035E+02
4.88739E+00 5.40307E+00 5.55187E+00 5.80960E+00 5.81102E+00 5.82144E+00 5.83600E+00 5.54554E+00 5.40307E+00 4.88739E+00 1.39349E+02
5.03164E+00 5.54572E+00 5.69435E+00 5.95114E+00 5.95259E+00 5.96316E+00 5.97783E+00 5.68799E+00 5.54572E+00 5.03164E+00 1.42626E+02
5.17516E+00 5.68767E+00 5.83614E+00 6.09201E+00 6.09348E+00 6.10421E+00 6.11899E+00 5.82975E+00 5.68767E+00 5.17516E+00 1.45866E+02
5.31795E+00 5.82891E+00 5.97723E+00 6.23220E+00 6.23370E+00 6.24458E+00 6.25946E+00 5.97081E+00 5.82891E+00 5.31795E+00 1.49070E+02
5.45998E+00 5.96943E+00 6.11760E+00 6.37169E+00 6.37322E+00 6.38425E+00 6.39924E+00 6.11115E+00 5.96943E+00 5.45998E+00 1.52238E+02
5.60125E+00 6.10923E+00 6.25725E+00 6.51048E+00 6.51203E+00 6.52322E+00 6.53830E+00 6.25077E+00 6.10923E+00 5.60125E+00 1.55369E+02
5.74175E+00 6.24828E+00 6.39615E+00 6.64854E+00 6.65012E+00 6.66145E+00 6.67664E+00 6.38965E+00 6.24828E+00 5.74175E+00 1.58465E+02
5.88147E+00 6.38659E+00 6.53431E+00 6.78587E+00 6.78748E+00 6.79896E+00 6.81425E+00 6.52778E+00 6.38659E+00 5.88147E+00 1.61525E+02
6.02041E+00 6.52413E+00 6.67172E+00 6.92247E+00 6.92411E+00 6.93573E+00 6.95112E+00 6.66516E+00 6.52413E+00 6.02041E+00 1.64550E+02
0.00000E+00 0.00000E+00 9.69454E-02 4.12008E-01 4.11683E-01 4.13211E-01 4.21571E-01 9.26688E-02 0.00000E+00 0.00000E+00 -1.35529E+00
0.00000E+00 0.00000E+00 1.39072E-01 4.46151E-01 4.45943E-01 4.48051E-01 4.56952E-01 1.34522E-01 0.00000E+00 0.00000E+00 -2.67623E-01
0.00000E+00 4.29533E-02 1.98556E-01 4.99092E-01 4.98989E-01 5.01625E-01 5.10994E-01 1.93780E-01 4.29533E-02 0.00000E+00 1.21693E+00
0.00000E+00 1.15933E-01 2.70586E-01 5.65513E-01 5.65508E-01 5.68635E-01 5.78424E-01 2.65613E-01 1.15933E-01 0.00000E+00 3.04229E+00
0.00000E+00 1.98493E-01 3.52319E-01 6.42316E-01 6.42403E-01 6.45993E-01 6.56167E-01 3.47173E-01 1.98493E-01 0.00000E+00 5.18433E+00
0.00000E+00 2.88451E-01 4.41545E-01 7.27150E-01 7.27324E-01 7.31352E-01 7.41882E-01 4.36244E-01 2.88451E-01 0.00000E+00 7.58903E+00
0.00000E+00 3.84251E-01 5.36690E-01 8.18338E-01 8.18594E-01 8.23040E-01 8.33902E-01 5.31249E-01 3.84251E-01 0.00000E+00 1.02082E+01
0.00000E+00 4.84739E-01 6.36585E-01 9.14636E-01 9.14970E-01 9.19815E-01 9.30988E-01 6.31017E-01 4.84739E-01 0.00000E+00 1.30002E+01
4.18062E-02 5.87618E-01 7.38926E-01 1.01370E+00 1.01411E+00 1.01933E+00 1.03080E+00 7.33241E-01 5.87618E-01 4.18062E-02 1.58628E+01
1.51215E-01 6.91966E-01 8.42781E-01 1.11454E+00 1.11502E+00 1.12061E+00 1.13236E+00 8.36988E-01 6.91966E-01 1.51215E-01 1.87249E+01
2.63555E-01 7.99575E-01 9.49931E-01 1.21887E+00 1.21942E+00 1.22538E+00 1.23739E+00 9.44039E-01 7.99575E-01 2.63555E-01 2.16682E+01
3.78308E-01 9.09889E-01 1.05982E+00 1.32612E+00 1.32674E+00 1.33304E+00 1.34531E+00 1.05383E+00 9.09889E-01 3.78308E-01 2.46752E+01
4.95040E-01 1.02244E+00 1.17196E+00 1.43579E+00 1.43647E+00 1.44311E+00 1.45563E+00 1.16589E+00 1.02244E+00 4.95040E-01 2.77306E+01
6.13386E-01 1.13684E+00 1.28598E+00 1.54747E+00 1.54822E+00 1.55518E+00 1.56793E+00 1.27982E+00 1.13684E+00 6.13386E-01 3.08215E+01
7.33033E-01 1.25274E+00 1.40153E+00 1.66080E+00 1.66161E+00 1.66890E+00 1.68188E+00 1.39529E+00 1.25274E+00 7.33033E-01 3.39367E+01
8.53714E-01 1.36987E+00 1.51832E+00 1.77549E+00 1.77636E+00 1.78396E+00 1.79716E+00 1.51201E+00 1.36987E+00 8.53714E-01 3.70666E+01
9.75200E-01 1.48797E+00 1.63610E+00 1.89128E+00 1.89221E+00 1.90011E+00 1.91353E+00 1.62971E+00 1.48797E+00 9.75200E-01 4.02031E+01
1.09729E+00 1.60683E+00 1.75465E+00 2.00793E+00 2.00892E+00 2.01712E+00 2.03074E+00 1.74820E+00 1.60683E+00 1.09729E+00 4.33391E+01
1.21981E+00 1.72627E+00 1.87379E+00 2.12526E+00 2.12630E+00 2.13479E+00 2.14862E+00 1.86728E+00 1.72627E+00 1.21981E+00 4.64687E+01
1.34261E+00 1.84611E+00 1.99335E+00 2.24308E+00 2.24418E+00 2.25296E+00 2.26698E+00 1.98678E+00 1.84611E+00 1.34261E+00 4.95868E+01
1.46555E+00 1.96621E+00 2.11319E+00 2.36126E+00 2.36241E+00 2.37147E+00 2.38569E+00 2.10656E+00 1.96621E+00 1.46555E+00 5.26890E+01
1.58852E+00 2.08646E+00 2.23318E+00 2.47965E+00 2.48085E+00 2.49019E+00 2.50459E+00 2.22649E+00 2.08646E+00 1.58852E+00 5.57718E+01
1.71141E+00 2.20673E+00 2.35320E+00 2.59814E+00 2.59939E+00 2.60900E+00 2.62359E+00 2.34646E+00 2.20673E+00 1.71141E+00 5.88319E+01
1.83414E+00 2.32693E+00 2.47316E+00 2.71663E+00 2.71793E+00 2.72780E+00 2.74257E+00 2.46637E+00 2.32693E+00 1.83414E+00 6.18670E+01
1.95662E+00 2.44698E+00 2.59298E+00 2.83502E+00 2.83637E+00 2.84651E+00 2.86144E+00 2.58614E+00 2.44698E+00 1.95662E+00 6.48747E+01
2.07878E+00 2.56679E+00 2.71257E+00 2.95324E+00 2.95464E+00 2.96503E+00 2.98013E+00 2.70568E+00 2.56679E+00 2.07878E+00 6.78533E+01
2.20056E+00 2.68630E+00 2.83186E+00 3.07121E+00 3.07265E+00 3.08329E+00 3.09857E+00 2.82492E+00 2.68630E+00 2.20056E+00 7.08012E+01
2.32190E+00 2.80544E+00 2.95080E+00 3.18887E+00 3.19036E+00 3.20125E+00 3.21668E+00 2.94382E+00 2.80544E+00 2.32190E+00 7.37174E+01
2.44276E+00 2.92417E+00 3.06933E+00 3.30616E+00 3.30769E+00 3.31882E+00 3.33442E+00 3.06230E+00 2.92417E+00 2.44276E+00 7.66008E+01
2.56310E+00 3.04244E+00 3.18740E+00 3.42303E+00 3.42461E+00 3.43598E+00 3.45174E+00 3.18033E+00 3.04244E+00 2.56310E+00 7.94507E+01
2.68287E+00 3.16020E+00 3.30497E+00 3.53945E+00 3.54107E+00 3.55267E+00 3.56858E+00 3.29787E+00 3.16020E+00 2.68287E+00 8.22664E+01
2.80204E+00 3.27742E+00 3.42201E+00 3.65536E+00 3.65702E+00 3.66886E+00 3.68492E+00 3.41487E+00 3.27742E+00 2.80204E+00 8.50476E+01
2.92058E+00 3.39407E+00 3.53848E+00 3.77073E+00 3.77244E+00 3.78450E+00 3.80071E+00 3.53130E+00 3.39407E+00 2.92058E+00 8.77940E+01
3.03846E+00 3.51012E+00 3.65435E+00 3.88554E+00 3.88729E+00 3.89958E+00 3.91594E+00 3.64713E+00 3.51012E+00 3.03846E+00 9.05054E+01
3.15567E+00 3.62554E+00 3.76960E+00 3.99976E+00 4.00155E+00 4.01406E+00 4.03056E+00 3.76235E+00 3.62554E+00 3.15567E+00 9.31817E+01
3.27219E+00 3.74031E+00 3.88420E+00 4.11335E+00 4.11518E+00 4.12791E+00 4.14456E+00 3.87692E+00 3.74031E+00 3.27219E+00 9.58229E+01
3.38799E+00 3.85441E+00 3.99814E+00 4.22632E+00 4.22819E+00 4.24113E+00 4.25791E+00 3.99083E+00 3.85441E+00 3.38799E+00 9.84291E+01
3.50306E+00 3.96783E+00 4.11140E+00 4.33862E+00 4.34053E+00 4.35369E+00 4.37061E+00 4.10405E+00 3.96783E+00 3.50306E+00 1.01001E+02
3.61740E+00 4.08054E+00 4.22397E+00 4.45026E+00 4.45220E+00 4.46557E+00 4.48263E+00 4.21658E+00 4.08054E+00 3.61740E+00 1.03537E+02
3.73098E+00 4.19255E+00 4.33582E+00 4.56120E+00 4.56319E+00 4.57676E+00 4.59395E+00 4.32841E+00 4.19255E+00 3.73098E+00 1.06040E+02
3.84381E+00 4.30383E+00 4.44696E+00 4.67146E+00 4.67348E+00 4.68726E+00 4.70458E+00 4.43952E+00 4.30383E+00 3.84381E+00 1.08508E+02
3.95587E+00 4.41438E+00 4.55737E+00 4.78100E+00 4.78306E+00 4.79704E+00 4.81449E+00 4.54990E+00 4.41438E+00 3.95587E+00 1.10943E+02
4.06716E+00 4.52420E+00 4.66704E+00 4.88983E+00 4.89193E+00 4.90611E+00 4.92369E+00 4.65955E+00 4.52420E+00 4.06716E+00 1.13344E+02
4.17767E+00 4.63327E+00 4.77598E+00 4.99794E+00 5.00007E+00 5.01445E+00 5.03215E+00 4.76845E+00 4.63327E+00 4.17767E+00 1.15712E+02
4.28741E+00 4.74159E+00 4.88416E+00 5.10533E+00 5.10749E+00 5.12207E+00 5.13989E+00 4.87661E+00 4.74159E+00 4.28741E+00 1.18047E+02
4.39636E+00 4.84916E+00 4.99160E+00 5.21198E+00 5.21418E+00 5.22894E+00 5.24689E+00 4.98403E+00 4.84916E+00 4.39636E+00 1.20351E+02
4.50453E+00 4.95598E+00 5.09829E+00 5.31789E+00 5.32013E+00 5.33509E+00 5.35315E+00 5.09069E+00 4.95598E+00 4.50453E+00 1.22622E+02
4.61191E+00 5.06204E+00 5.20422E+00 5.42307E+00 5.42534E+00 5.44049E+00 5.45867E+00 5.19660E+00 5.06204E+00 4.61191E+00 1.24862E+02
4.71851E+00 5.16735E+00 5.30940E+00 5.52751E+00 5.52982E+00 5.54515E+00 5.56345E+00 5.30175E+00 5.16735E+00 4.71851E+00 1.27072E+02
4.82433E+00 5.27189E+00 5.41383E+00 5.63122E+00 5.63355E+00 5.64907E+00 5.66749E+00 5.40616E+00 5.27189E+00 4.82433E+00 1.29250E+02
0.00000E+00 0.00000E+00 9.02728E-02 3.65438E-01 3.65185E-01 3.67550E-01 3.77765E-01 8.47534E-02 0.00000E+00 0.00000E+00 -1.30359E+00
0.00000E+00 0.00000E+00 1.32765E-01 4.00674E-01 4.00590E-01 4.03754E-01 4.14594E-01 1.26960E-01 0.00000E+00 0.00000E+00 -2.11808E-01
0.00000E+00 4.04034E-02 1.89199E-01 4.51167E-01 4.51235E-01 4.55119E-01 4.66500E-01 1.83159E-01 4.04034E-02 0.00000E+00 1.22015E+00
0.00000E+00 1.07468E-01 2.55503E-01 5.12385E-01 5.12591E-01 5.17142E-01 5.29012E-01 2.49263E-01 1.07468E-01 0.00000E+00 2.93042E+00
0.00000E+00 1.81903E-01 3.29274E-01 5.81689E-01 5.82025E-01 5.87201E-01 5.99517E-01 3.22857E-01 1.81903E-01 0.00000E+00 4.89134E+00
0.00000E+00 2.61861E-01 4.08643E-01 6.57081E-01 6.57538E-01 6.63304E-01 6.76034E-01 4.02069E-01 2.61861E-01 0.00000E+00 7.05048E+00
0.00000E+00 3.46039E-01 4.92292E-01 7.37151E-01 7.37722E-01 7.44049E-01 7.57163E-01 4.85577E-01 3.46039E-01 0.00000E+00 9.36363E+00
0.00000E+00 4.33485E-01 5.79257E-01 8.20865E-01 8.21544E-01 8.28404E-01 8.41880E-01 5.72415E-01 4.33485E-01 0.00000E+00 1.17942E+01
3.63251E-02 5.22487E-01 6.67821E-01 9.06467E-01 9.07249E-01 9.14618E-01 9.28435E-01 6.60863E-01 5.22487E-01 3.63251E-02 1.42510E+01
1.30823E-01 6.12357E-01 7.57288E-01 9.93214E-01 9.94094E-01 1.00195E+00 1.01609E+00 7.50225E-01 6.12357E-01 1.30823E-01 1.66743E+01
2.27093E-01 7.04300E-01 8.48856E-01 1.08224E+00 1.08322E+00 1.09155E+00 1.10600E+00 8.41694E-01 7.04300E-01 2.27093E-01 1.91419E+01
3.24730E-01 7.97877E-01 9.42080E-01 1.17309E+00 1.17416E+00 1.18295E+00 1.19770E+00 9.34827E-01 7.97877E-01 3.24730E-01 2.16402E+01
4.23402E-01 8.92725E-01 1.03659E+00 1.26538E+00 1.26653E+00 1.27576E+00 1.29080E+00 1.02926E+00 8.92725E-01 4.23402E-01 2.41573E+01
5.22832E-01 9.88542E-01 1.13210E+00 1.35877E+00 1.36001E+00 1.36968E+00 1.38499E+00 1.12468E+00 9.88542E-01 5.22832E-01 2.66837E+01
6.22787E-01 1.08507E+00 1.22833E+00 1.45302E+00 1.45434E+00 1.46442E+00 1.48000E+00 1.22084E+00 1.08507E+00 6.22787E-01 2.92110E+01
7.23072E-01 1.18211E+00 1.32508E+00 1.54788E+00 1.54928E+00 1.55978E+00 1.57561E+00 1.31752E+00 1.18211E+00 7.23072E-01 3.17327E+01
8.23520E-01 1.27946E+00 1.42216E+00 1.64317E+00 1.64465E+00 1.65554E+00 1.67163E+00 1.41453E+00 1.27946E+00 8.23520E-01 3.42429E+01
9.23989E-01 1.37697E+00 1.51942E+00 1.73872E+00 1.74027E+00 1.75156E+00 1.76789E+00 1.51172E+00 1.37697E+00 9.23989E-01 3.67370E+01
1.02436E+00 1.47452E+00 1.61672E+00 1.83439E+00 1.83602E+00 1.84768E+00 1.86425E+00 1.60896E+00 1.47452E+00 1.02436E+00 3.92112E+01
1.12452E+00 1.57198E+00 1.71394E+00 1.93006E+00 1.93175E+00 1.94379E+00 1.96059E+00 1.70613E+00 1.57198E+00 1.12452E+00 4.16623E+01
1.22440E+00 1.66925E+00 1.81099E+00 2.02562E+00 2.02738E+00 2.03978E+00 2.05681E+00 1.80312E+00 1.66925E+00 1.22440E+00 4.40877E+01
1.32390E+00 1.76626E+00 1.90778E+00 2.12098E+00 2.12281E+00 2.13557E+00 2.15281E+00 1.89986E+00 1.76626E+00 1.32390E+00 4.64853E+01
1.42297E+00 1.86293E+00 2.00424E+00 2.21606E+00 2.21796E+00 2.23107E+00 2.24853E+00 1.99627E+00 1.86293E+00 1.42297E+00 4.88535E+01
1.52155E+00 1.95920E+00 2.10030E+00 2.31080E+00 2.31277E+00 2.32621E+00 2.34388E+00 2.09228E+00 1.95920E+00 1.52155E+00 5.11910E+01
1.61958E+00 2.05500E+00 2.19590E+00 2.40514E+00 2.40717E+00 2.42095E+00 2.43882E+00 2.18784E+00 2.05500E+00 1.61958E+00 5.34966E+01
1.71703E+00 2.15030E+00 2.29101E+00 2.49902E+00 2.50111E+00 2.51522E+00 2.53329E+00 2.28291E+00 2.15030E+00 1.71703E+00 5.57698E+01
1.81387E+00 2.24505E+00 2.38558E+00 2.59240E+00 2.59455E+00 2.60899E+00 2.62725E+00 2.37743E+00 2.24505E+00 1.81387E+00 5.80099E+01
1.91005E+00 2.33922E+00 2.47957E+00 2.68525E+00 2.68746E+00 2.70221E+00 2.72067E+00 2.47138E+00 2.33922E+00 1.91005E+00 6.02165E+01
2.00556E+00 2.43278E+00 2.57295E+00 2.77753E+00 2.77980E+00 2.79485E+00 2.81350E+00 2.56472E+00 2.43278E+00 2.00556E+00 6.23896E+01
2.10037E+00 2.52570E+00 2.66570E+00 2.86921E+00 2.87153E+00 2.88690E+00 2.90573E+00 2.65744E+00 2.52570E+00 2.10037E+00 6.45289E+01
2.19447E+00 2.61796E+00 2.75779E+00 2.96026E+00 2.96265E+00 2.97831E+00 2.99733E+00 2.74950E+00 2.61796E+00 2.19447E+00 6.66346E+01
2.28784E+00 2.70954E+00 2.84921E+00 3.05068E+00 3.05312E+00 3.06908E+00 3.08827E+00 2.84088E+00 2.70954E+00 2.28784E+00 6.87068E+01
2.38047E+00 2.80043E+00 2.93995E+00 3.14044E+00 3.14293E+00 3.15918E+00 3.17855E+00 2.93158E+00 2.80043E+00 2.38047E+00 7.07456E+01
2.47234E+00 2.89062E+00 3.02998E+00 3.22952E+00 3.23207E+00 3.24861E+00 3.26815E+00 3.02159E+00 2.89062E+00 2.47234E+00 7.27514E+01
2.56345E+00 2.98009E+00 3.11930E+00 3.31792E+00 3.32052E+00 3.33734E+00 3.35705E+00 3.11087E+00 2.98009E+00 2.56345E+00 7.47244E+01
2.65380E+00 3.06883E+00 3.20790E+00 3.40563E+00 3.40828E+00 3.42538E+00 3.44525E+00 3.19945E+00 3.06883E+00 2.65380E+00 7.66651E+01
2.74337E+00 3.15685E+00 3.29577E+00 3.49263E+00 3.49533E+00 3.51270E+00 3.53274E+00 3.28729E+00 3.15685E+00 2.74337E+00 7.85739E+01
2.83217E+00 3.24413E+00 3.38292E+00 3.57893E+00 3.58167E+00 3.59932E+00 3.61951E+00 3.37441E+00 3.24413E+00 2.83217E+00 8.04511E+01
2.92020E+00 3.33068E+00 3.46932E+00 3.66451E+00 3.66730E+00 3.68521E+00 3.70557E+00 3.46079E+00 3.33068E+00 2.92020E+00 8.22973E+01
3.00746E+00 3.41648E+00 3.55500E+00 3.74937E+00 3.75222E+00 3.77039E+00 3.79090E+00 3.54643E+00 3.41648E+00 3.00746E+00 8.41129E+01
3.09393E+00 3.50155E+00 3.63993E+00 3.83352E+00 3.83641E+00 3.85484E+00 3.87551E+00 3.63134E+00 3.50155E+00 3.09393E+00 8.58985E+01
3.17964E+00 3.58587E+00 3.72413E+00 3.91695E+00 3.91989E+00 3.93857E+00 3.95939E+00 3.71551E+00 3.58587E+00 3.17964E+00 8.76545E+01
3.26458E+00 3.66946E+00 3.80759E+00 3.99966E+00 4.00264E+00 4.02158E+00 4.04255E+00 3.79895E+00 3.66946E+00 3.26458E+00 8.93814E+01
3.34875E+00 3.75231E+00 3.89031E+00 4.08166E+00 4.08468E+00 4.10387E+00 4.12498E+00 3.88165E+00 3.75231E+00 3.34875E+00 9.10798E+01
3.43216E+00 3.83442E+00 3.97230E+00 4.16293E+00 4.16601E+00 4.18544E+00 4.20670E+00 3.96362E+00 3.83442E+00 3.43216E+00 9.27502E+01
3.51481E+00 3.91581E+00 4.05357E+00 4.24350E+00 4.24661E+00 4.26629E+00 4.28769E+00 4.04487E+00 3.91581E+00 3.51481E+00 9.43930E+01
3.59671E+00 3.99646E+00 4.13411E+00 4.32336E+00 4.32651E+00 4.34643E+00 4.36798E+00 4.12539E+00 3.99646E+00 3.59671E+00 9.60089E+01
3.67786E+00 4.07640E+00 4.21393E+00 4.40251E+00 4.40571E+00 4.42586E+00 4.44754E+00 4.20519E+00 4.07640E+00 3.67786E+00 9.75984E+01
3.75827E+00 4.15561E+00 4.29303E+00 4.48095E+00 4.48420E+00 4.50458E+00 4.52641E+00 4.28427E+00 4.15561E+00 3.75827E+00 9.91618E+01
3.83794E+00 4.23412E+00 4.37142E+00 4.55871E+00 4.56199E+00 4.58261E+00 4.60457E+00 4.36264E+00 4.23412E+00 3.83794E+00 1.00700E+02
0.00000E+00 0.00000E+00 8.55628E-02 3.24236E-01 3.24170E-01 3.27815E-01 3.40168E-01 7.86479E-02 0.00000E+00 0.00000E+00 -1.24061E+00
0.00000E+00 0.00000E+00 1.28082E-01 3.60187E-01 3.60363E-01 3.65100E-01 3.78170E-01 1.20879E-01 0.00000E+00 0.00000E+00 -1.38444E-01
0.00000E+00 3.79004E-02 1.81440E-01 4.08180E-01 4.08567E-01 4.14281E-01 4.27976E-01 1.74005E-01 3.79004E-02 0.00000E+00 1.24342E+00
0.00000E+00 9.93646E-02 2.42294E-01 4.64446E-01 4.65026E-01 4.71640E-01 4.85897E-01 2.34661E-01 9.93646E-02 0.00000E+00 2.84207E+00
0.00000E+00 1.66269E-01 3.08660E-01 5.26789E-01 5.27548E-01 5.35002E-01 5.49776E-01 3.00856E-01 1.66269E-01 0.00000E+00 4.62957E+00
0.00000E+00 2.37085E-01 3.78996E-01 5.93549E-01 5.94474E-01 6.02716E-01 6.17968E-01 3.71041E-01 2.37085E-01 0.00000E+00 6.55733E+00
0.00000E+00 3.10751E-01 4.52228E-01 6.63565E-01 6.64646E-01 6.73633E-01 6.89333E-01 4.44139E-01 3.10751E-01 0.00000E+00 8.58646E+00
0.00000E+00 3.86501E-01 5.27580E-01 7.36000E-01 7.37227E-01 7.46922E-01 7.63042E-01 5.19370E-01 3.86501E-01 0.00000E+00 1.06862E+01
3.13972E-02 4.63092E-01 6.03806E-01 8.09573E-01 8.10938E-01 8.21305E-01 8.37822E-01 5.95489E-01 4.63092E-01 3.13972E-02 1.27770E+01
1.12572E-01 5.40030E-01 6.80405E-01 8.83737E-01 8.85232E-01 8.96243E-01 9.13136E-01 6.71989E-01 5.40030E-01 1.12572E-01 1.48099E+01
1.94595E-01 6.18091E-01 7.58147E-01 9.59211E-01 9.60831E-01 9.72462E-01 9.89718E-01 7.49642E-01 6.18091E-01 1.94595E-01 1.68584E+01
2.77165E-01 6.96942E-01 8.36697E-01 1.03564E+00 1.03738E+00 1.04961E+00 1.06721E+00 8.28109E-01 6.96942E-01 2.77165E-01 1.89123E+01
3.60039E-01 7.76312E-01 9.15783E-01 1.11273E+00 1.11459E+00 1.12740E+00 1.14534E+00 9.07118E-01 7.76312E-01 3.60039E-01 2.09631E+01
4.43019E-01 8.55981E-01 9.95181E-01 1.19026E+00 1.19222E+00 1.20560E+00 1.22386E+00 9.86444E-01 8.55981E-01 4.43019E-01 2.30041E+01
5.25943E-01 9.35767E-01 1.07471E+00 1.26801E+00 1.27009E+00 1.28400E+00 1.30258E+00 1.06590E+00 9.35767E-01 5.25943E-01 2.50297E+01
6.08675E-01 1.01552E+00 1.15421E+00 1.34584E+00 1.34802E+00 1.36246E+00 1.38134E+00 1.14535E+00 1.01552E+00 6.08675E-01 2.70356E+01
6.91105E-01 1.09511E+00 1.23357E+00 1.42360E+00 1.42588E+00 1.44084E+00 1.46001E+00 1.22464E+00 1.09511E+00 6.91105E-01 2.90183E+01
7.73141E-01 1.17444E+00 1.31267E+00 1.50118E+00 1.50356E+00 1.51903E+00 1.53848E+00 1.30369E+00 1.17444E+00 7.73141E-01 3.09751E+01
8.54707E-01 1.25341E+00 1.39142E+00 1.57849E+00 1.58096E+00 1.59692E+00 1.61666E+00 1.38239E+00 1.25341E+00 8.54707E-01 3.29038E+01
9.35739E-01 1.33196E+00 1.46976E+00 1.65545E+00 1.65801E+00 1.67445E+00 1.69446E+00 1.46068E+00 1.33196E+00 9.35739E-01 3.48029E+01
1.01618E+00 1.41003E+00 1.54762E+00 1.73199E+00 1.73464E+00 1.75155E+00 1.77181E+00 1.53850E+00 1.41003E+00 1.01618E+00 3.66711E+01
1.09600E+00 1.48755E+00 1.62495E+00 1.80805E+00 1.81079E+00 1.82815E+00 1.84868E+00 1.61578E+00 1.48755E+00 1.09600E+00 3.85075E+01
1.17515E+00 1.56450E+00 1.70171E+00 1.88360E+00 1.88642E+00 1.90422E+00 1.92500E+00 1.69250E+00 1.56450E+00 1.17515E+00 4.03116E+01
1.25360E+00 1.64084E+00 1.77786E+00 1.95858E+00 1.96148E+00 1.97972E+00 2.00075E+00 1.76861E+00 1.64084E+00 1.25360E+00 4.20831E+01
1.33134E+00 1.71652E+00 1.85337E+00 2.03296E+00 2.03595E+00 2.05462E+00 2.07588E+00 1.84408E+00 1.71652E+00 1.33134E+00 4.38217E+01
1.40834E+00 1.79155E+00 1.92821E+00 2.10673E+00 2.10979E+00 2.12888E+00 2.15038E+00 1.91889E+00 1.79155E+00 1.40834E+00 4.55275E+01
1.48459E+00 1.86588E+00 2.00238E+00 2.17985E+00 2.18299E+00 2.20249E+00 2.22422E+00 1.99302E+00 1.86588E+00 1.48459E+00 4.72007E+01
1.56007E+00 1.93952E+00 2.07585E+00 2.25231E+00 2.25552E+00 2.27542E+00 2.29738E+00 2.06646E+00 1.93952E+00 1.56007E+00 4.88414E+01
1.63479E+00 2.01244E+00 2.14860E+00 2.32409E+00 2.32738E+00 2.34768E+00 2.36985E+00 2.13919E+00 2.01244E+00 1.63479E+00 5.04501E+01
1.70872E+00 2.08464E+00 2.22064E+00 2.39519E+00 2.39855E+00 2.41923E+00 2.44163E+00 2.21120E+00 2.08464E+00 1.70872E+00 5.20270E+01
1.78188E+00 2.15610E+00 2.29196E+00 2.46559E+00 2.46902E+00 2.49008E+00 2.51269E+00 2.28249E+00 2.15610E+00 1.78188E+00 5.35727E+01
1.85425E+00 2.22684E+00 2.36254E+00 2.53529E+00 2.53879E+00 2.56023E+00 2.58304E+00 2.35304E+00 2.22684E+00 1.85425E+00 5.50876E+01
1.92585E+00 2.29684E+00 2.43240E+00 2.60429E+00 2.60785E+00 2.62966E+00 2.65268E+00 2.42287E+00 2.29684E+00 1.92585E+00 5.65723E+01
1.99666E+00 2.36611E+00 2.50152E+00 2.67257E+00 2.67621E+00 2.69837E+00 2.72160E+00 2.49197E+00 2.36611E+00 1.99666E+00 5.80273E+01
2.06670E+00 2.43464E+00 2.56990E+00 2.74015E+00 2.74385E+00 2.76637E+00 2.78979E+00 2.56033E+00 2.43464E+00 2.06670E+00 5.94532E+01
2.13597E+00 2.50243E+00 2.63756E+00 2.80702E+00 2.81078E+00 2.83365E+00 2.85727E+00 2.62797E+00 2.50243E+00 2.13597E+00 6.08506E+01
2.20446E+00 2.56950E+00 2.70449E+00 2.87319E+00 2.87701E+00 2.90022E+00 2.92404E+00 2.69488E+00 2.56950E+00 2.20446E+00 6.22201E+01
2.27220E+00 2.63584E+00 2.77069E+00 2.93865E+00 2.94253E+00 2.96608E+00 2.99009E+00 2.76106E+00 2.63584E+00 2.27220E+00 6.35622E+01
2.33918E+00 2.70145E+00 2.83618E+00 3.00341E+00 3.00735E+00 3.03124E+00 3.05543E+00 2.82653E+00 2.70145E+00 2.33918E+00 6.48776E+01
2.40541E+00 2.76635E+00 2.90095E+00 3.06747E+00 3.07148E+00 3.09569E+00 3.12007E+00 2.89128E+00 2.76635E+00 2.40541E+00 6.61669E+01
2.47090E+00 2.83054E+00 2.96501E+00 3.13085E+00 3.13491E+00 3.15945E+00 3.18400E+00 2.95533E+00 2.83054E+00 2.47090E+00 6.74307E+01
2.53566E+00 2.89403E+00 3.02838E+00 3.19354E+00 3.19766E+00 3.22251E+00 3.24725E+00 3.01867E+00 2.89403E+00 2.53566E+00 6.86695E+01
2.59969E+00 2.95682E+00 3.09104E+00 3.25555E+00 3.25972E+00 3.28489E+00 3.30981E+00 3.08132E+00 2.95682E+00 2.59969E+00 6.98839E+01
2.66300E+00 3.01891E+00 3.15302E+00 3.31689E+00 3.32111E+00 3.34660E+00 3.37168E+00 3.14328E+00 3.01891E+00 2.66300E+00 7.10746E+01
2.72560E+00 3.08033E+00 3.21431E+00 3.37756E+00 3.38184E+00 3.40763E+00 3.43289E+00 3.20456E+00 3.08033E+00 2.72560E+00 7.22420E+01
2.78751E+00 3.14107E+00 3.27494E+00 3.43757E+00 3.44191E+00 3.46799E+00 3.49342E+00 3.26517E+00 3.14107E+00 2.78751E+00 7.33867E+01
2.84872E+00 3.20114E+00 3.33490E+00 3.49693E+00 3.50132E+00 3.52771E+00 3.55330E+00 3.32511E+00 3.20114E+00 2.84872E+00 7.45093E+01
2.90925E+00 3.26055E+00 3.39420E+00 3.55565E+00 3.56009E+00 3.58677E+00 3.61253E+00 3.38440E+00 3.26055E+00 2.90925E+00 7.56103E+01
2.96911E+00 3.31932E+00 3.45285E+00 3.61373E+00 3.61822E+00 3.64519E+00 3.67111E+00 3.44304E+00 3.31932E+00 2.96911E+00 7.66902E+01
3.02830E+00 3.37744E+00 3.51086E+00 3.67118E+00 3.67572E+00 3.70297E+00 3.72906E+00 3.50104E+00 3.37744E+00 3.02830E+00 7.77495E+01
0.00000E+00 0.00000E+00 8.26756E-02 2.87966E-01 2.88282E-01 2.93873E-01 3.08625E-01 7.42151E-02 0.00000E+00 0.00000E+00 -1.15695E+00
0.00000E+00 0.00000E+00 1.24862E-01 3.24259E-01 3.24911E-01 3.31983E-01 3.47557E-01 1.16129E-01 0.00000E+00 0.00000E+00 -4.05245E-02
0.00000E+00 3.54404E-02 1.75107E-01 3.69703E-01 3.70646E-01 3.79034E-01 3.95327E-01 1.66157E-01 3.54404E-02 0.00000E+00 1.29141E+00
0.00000E+00 9.15979E-02 2.30754E-01 4.21256E-01 4.22461E-01 4.32053E-01 4.48996E-01 2.21624E-01 9.15979E-02 0.00000E+00 2.77988E+00
0.00000E+00 1.51521E-01 2.90221E-01 4.77140E-01 4.78586E-01 4.89295E-01 5.06837E-01 2.80938E-01 1.51521E-01 0.00000E+00 4.39989E+00
0.00000E+00 2.13983E-01 3.52270E-01 5.36010E-01 5.37678E-01 5.49432E-01 5.67530E-01 3.42854E-01 2.13983E-01 0.00000E+00 6.10864E+00
0.00000E+00 2.78146E-01 4.16055E-01 5.96943E-01 5.98816E-01 6.11554E-01 6.30174E-01 4.06522E-01 2.78146E-01 0.00000E+00 7.87369E+00
0.00000E+00 3.43416E-01 4.80975E-01 6.59279E-01 6.61346E-01 6.75013E-01 6.94124E-01 4.71338E-01 3.43416E-01 0.00000E+00 9.67052E+00
2.69760E-02 4.08925E-01 5.46158E-01 7.22116E-01 7.24363E-01 7.38910E-01 7.58485E-01 5.36431E-01 4.08925E-01 2.69760E-02 1.14315E+01
9.62723E-02 4.74331E-01 6.11258E-01 7.85068E-01 7.87485E-01 8.02870E-01 8.22887E-01 6.01451E-01 4.74331E-01 9.62723E-02 1.31179E+01
1.65696E-01 5.40117E-01 6.76754E-01 8.48565E-01 8.51144E-01 8.67335E-01 8.87776E-01 6.66873E-01 5.40117E-01 1.65696E-01 1.47982E+01
2.35039E-01 6.06044E-01 7.42403E-01 9.12347E-01 9.15081E-01 9.32049E-01 9.52898E-01 7.32456E-01 6.06044E-01 2.35039E-01 1.64654E+01
3.04135E-01 6.71922E-01 8.08017E-01 9.76209E-01 9.79092E-01 9.96809E-01 1.01805E+00 7.98009E-01 6.71922E-01 3.04135E-01 1.81139E+01
3.72856E-01 7.37601E-01 8.73442E-01 1.03999E+00 1.04301E+00 1.06145E+00 1.08308E+00 8.63378E-01 7.37601E-01 3.72856E-01 1.97396E+01
4.41099E-01 8.02960E-01 9.38557E-01 1.10355E+00 1.10671E+00 1.12585E+00 1.14785E+00 9.28442E-01 8.02960E-01 4.41099E-01 2.13393E+01
5.08783E-01 8.67903E-01 1.00327E+00 1.16679E+00 1.17008E+00 1.18991E+00 1.21226E+00 9.93104E-01 8.67903E-01 5.08783E-01 2.29107E+01
5.75843E-01 9.32353E-01 1.06749E+00 1.22962E+00 1.23304E+00 1.25352E+00 1.27622E+00 1.05728E+00 9.32353E-01 5.75843E-01 2.44520E+01
6.42229E-01 9.96248E-01 1.13116E+00 1.29197E+00 1.29551E+00 1.31664E+00 1.33967E+00 1.12092E+00 9.96248E-01 6.42229E-01 2.59621E+01
7.07902E-01 1.05954E+00 1.19424E+00 1.35378E+00 1.35745E+00 1.37920E+00 1.40256E+00 1.18396E+00 1.05954E+00 7.07902E-01 2.74403E+01
7.72831E-01 1.12218E+00 1.25668E+00 1.41502E+00 1.41880E+00 1.44116E+00 1.46484E+00 1.24637E+00 1.12218E+00 7.72831E-01 2.88860E+01
8.36994E-01 1.18416E+00 1.31845E+00 1.47564E+00 1.47953E+00 1.50248E+00 1.52648E+00 1.30810E+00 1.18416E+00 8.36994E-01 3.02993E+01
9.00373E-01 1.24543E+00 1.37953E+00 1.53562E+00 1.53961E+00 1.56314E+00 1.58744E+00 1.36915E+00 1.24543E+00 9.00373E-01 3.16800E+01
9.62957E-01 1.30599E+00 1.43990E+00 1.59493E+00 1.59903E+00 1.62312E+00 1.64772E+00 1.42949E+00 1.30599E+00 9.62957E-01 3.30285E+01
1.02474E+00 1.36582E+00 1.49954E+00 1.65356E+00 1.65776E+00 1.68241E+00 1.70730E+00 1.48911E+00 1.36582E+00 1.02474E+00 3.43450E+01
1.08571E+00 1.42491E+00 1.55845E+00 1.71149E+00 1.71580E+00 1.74098E+00 1.76615E+00 1.54800E+00 1.42491E+00 1.08571E+00 3.56301E+01
1.14588E+00 1.48325E+00 1.61662E+00 1.76873E+00 1.77313E+00 1.79883E+00 1.82429E+00 1.60615E+00 1.48325E+00 1.14588E+00 3.68843E+01
1.20525E+00 1.54086E+00 1.67405E+00 1.82525E+00 1.82974E+00 1.85597E+00 1.88170E+00 1.66356E+00 1.54086E+00 1.20525E+00 3.81081E+01
1.26380E+00 1.59771E+00 1.73074E+00 1.88106E+00 1.88565E+00 1.91238E+00 1.93837E+00 1.72022E+00 1.59771E+00 1.26380E+00 3.93022E+01
1.32157E+00 1.65382E+00 1.78668E+00 1.93617E+00 1.94084E+00 1.96806E+00 1.99432E+00 1.77615E+00 1.65382E+00 1.32157E+00 4.04673E+01
1.37854E+00 1.70919E+00 1.84189E+00 1.99056E+00 1.99532E+00 2.02303E+00 2.04955E+00 1.83134E+00 1.70919E+00 1.37854E+00 4.16040E+01
1.43473E+00 1.76382E+00 1.89636E+00 2.04425E+00 2.04909E+00 2.07727E+00 2.10405E+00 1.88580E+00 1.76382E+00 1.43473E+00 4.27131E+01
1.49014E+00 1.81773E+00 1.95011E+00 2.09723E+00 2.10216E+00 2.13081E+00 2.15783E+00 1.93953E+00 1.81773E+00 1.49014E+00 4.37953E+01
1.54478E+00 1.87090E+00 2.00313E+00 2.14951E+00 2.15453E+00 2.18363E+00 2.21090E+00 1.99254E+00 1.87090E+00 1.54478E+00 4.48512E+01
1.59867E+00 1.92337E+00 2.05544E+00 2.20111E+00 2.20620E+00 2.23575E+00 2.26326E+00 2.04484E+00 1.92337E+00 1.59867E+00 4.58816E+01
1.65182E+00 1.97512E+00 2.10705E+00 2.25202E+00 2.25719E+00 2.28718E+00 2.31493E+00 2.09644E+00 1.97512E+00 1.65182E+00 4.68872E+01
1.70423E+00 2.02618E+00 2.15796E+00 2.30225E+00 2.30750E+00 2.33793E+00 2.36590E+00 2.14734E+00 2.02618E+00 1.70423E+00 4.78686E+01
1.75592E+00 2.07654E+00 2.20818E+00 2.35182E+00 2.35714E+00 2.38799E+00 2.41620E+00 2.19755E+00 2.07654E+00 1.75592E+00 4.88266E+01
1.80689E+00 2.12623E+00 2.25773E+00 2.40072E+00 2.40612E+00 2.43739E+00 2.46582E+00 2.24709E+00 2.12623E+00 1.80689E+00 4.97617E+01
1.85716E+00 2.17524E+00 2.30660E+00 2.44898E+00 2.45444E+00 2.48613E+00 2.51478E+00 2.29596E+00 2.17524E+00 1.85716E+00 5.06747E+01
1.90674E+00 2.22360E+00 2.35482E+00 2.49659E+00 2.50212E+00 2.53422E+00 2.56309E+00 2.34417E+00 2.22360E+00 1.90674E+00 5.15662E+01
1.95565E+00 2.27130E+00 2.40239E+00 2.54357E+00 2.54917E+00 2.58167E+00 2.61075E+00 2.39173E+00 2.27130E+00 1.95565E+00 5.24368E+01
2.00388E+00 2.31837E+00 2.44932E+00 2.58992E+00 2.59560E+00 2.62848E+00 2.65778E+00 2.43866E+00 2.31837E+00 2.00388E+00 5.32870E+01
2.05146E+00 2.36480E+00 2.49563E+00 2.63567E+00 2.64141E+00 2.67468E+00 2.70419E+00 2.48495E+00 2.36480E+00 2.05146E+00 5.41176E+01
2.09840E+00 2.41062E+00 2.54132E+00 2.68081E+00 2.68661E+00 2.72027E+00 2.74998E+00 2.53064E+00 2.41062E+00 2.09840E+00 5.49289E+01
2.14470E+00 2.45583E+00 2.58640E+00 2.72535E+00 2.73122E+00 2.76525E+00 2.79517E+00 2.57571E+00 2.45583E+00 2.14470E+00 5.57217E+01
2.19039E+00 2.50043E+00 2.63088E+00 2.76931E+00 2.77525E+00 2.80964E+00 2.83977E+00 2.62019E+00 2.50043E+00 2.19039E+00 5.64964E+01
2.23546E+00 2.54445E+00 2.67478E+00 2.81270E+00 2.81869E+00 2.85346E+00 2.88378E+00 2.66408E+00 2.54445E+00 2.23546E+00 5.72535E+01
2.27993E+00 2.58789E+00 2.71810E+00 2.85552E+00 2.86157E+00 2.89670E+00 2.92722E+00 2.70740E+00 2.58789E+00 2.27993E+00 5.79935E+01
2.32382E+00 2.63077E+00 2.76085E+00 2.89778E+00 2.90390E+00 2.93938E+00 2.97009E+00 2.75015E+00 2.63077E+00 2.32382E+00 5.87170E+01
2.36712E+00 2.67308E+00 2.80304E+00 2.93950E+00 2.94568E+00 2.98150E+00 3.01241E+00 2.79234E+00 2.67308E+00 2.36712E+00 5.94244E+01
0.00000E+00 0.00000E+00 8.14359E-02 2.56255E-01 2.57269E-01 2.65800E-01 2.83151E-01 7.13009E-02 0.00000E+00 0.00000E+00 -1.04022E+00
0.00000E+00 0.00000E+00 1.22919E-01 2.92534E-01 2.94001E-01 3.04525E-01 3.22825E-01 1.12552E-01 0.00000E+00 0.00000E+00 9.06318E-02
0.00000E+00 3.30209E-02 1.69997E-01 3.35388E-01 3.37244E-01 3.49522E-01 3.68658E-01 1.59452E-01 3.30209E-02 0.00000E+00 1.36967E+00
0.00000E+00 8.41434E-02 2.20648E-01 3.82451E-01 3.84653E-01 3.98525E-01 4.18421E-01 2.09960E-01 8.41434E-02 0.00000E+00 2.74697E+00
0.00000E+00 1.37588E-01 2.73663E-01 4.32335E-01 4.34851E-01 4.50195E-01 4.70794E-01 2.62857E-01 1.37588E-01 0.00000E+00 4.20337E+00
0.00000E+00 1.92410E-01 3.28088E-01 4.83990E-01 4.86794E-01 5.03508E-01 5.24763E-01 3.17183E-01 1.92410E-01 0.00000E+00 5.70359E+00
0.00000E+00 2.47979E-01 3.83287E-01 5.36711E-01 5.39780E-01 5.57777E-01 5.79648E-01 3.72298E-01 2.47979E-01 0.00000E+00 7.22238E+00
0.00000E+00 3.03860E-01 4.38820E-01 5.90005E-01 5.93321E-01 6.12527E-01 6.34979E-01 4.27761E-01 3.03860E-01 0.00000E+00 8.74175E+00
2.30168E-02 3.59478E-01 4.94111E-01 6.43267E-01 6.46812E-01 6.67156E-01 6.90159E-01 4.82991E-01 3.59478E-01 2.30168E-02 1.02058E+01
8.17447E-02 4.14620E-01 5.48942E-01 6.96243E-01 7.00003E-01 7.21426E-01 7.44955E-01 5.37770E-01 4.14620E-01 8.17447E-02 1.15852E+01
1.40053E-01 4.69574E-01 6.03596E-01 7.49176E-01 7.53139E-01 7.75597E-01 7.99631E-01 5.92380E-01 4.69574E-01 1.40053E-01 1.29429E+01
1.97813E-01 5.24183E-01 6.57917E-01 8.01892E-01 8.06049E-01 8.29501E-01 8.54021E-01 6.46662E-01 5.24183E-01 1.97813E-01 1.42748E+01
2.54928E-01 5.78329E-01 7.11786E-01 8.54259E-01 8.58600E-01 8.83008E-01 9.07998E-01 7.00496E-01 5.78329E-01 2.54928E-01 1.55779E+01
3.11329E-01 6.31922E-01 7.65111E-01 9.06173E-01 9.10690E-01 9.36021E-01 9.61466E-01 7.53792E-01 6.31922E-01 3.11329E-01 1.68503E+01
3.66964E-01 6.84894E-01 8.17823E-01 9.57557E-01 9.62244E-01 9.88464E-01 1.01435E+00 8.06479E-01 6.84894E-01 3.66964E-01 1.80907E+01
4.21796E-01 7.37195E-01 8.69872E-01 1.00835E+00 1.01320E+00 1.04028E+00 1.06660E+00 8.58505E-01 7.37195E-01 4.21796E-01 1.92985E+01
4.75799E-01 7.88788E-01 9.21219E-01 1.05851E+00 1.06351E+00 1.09143E+00 1.11816E+00 9.09833E-01 7.88788E-01 4.75799E-01 2.04733E+01
5.28957E-01 8.39644E-01 9.71836E-01 1.10800E+00 1.11315E+00 1.14188E+00 1.16901E+00 9.60435E-01 8.39644E-01 5.28957E-01 2.16151E+01
5.81260E-01 8.89745E-01 1.02171E+00 1.15680E+00 1.16210E+00 1.19160E+00 1.21913E+00 1.01029E+00 8.89745E-01 5.81260E-01 2.27242E+01
6.32705E-01 9.39080E-01 1.07081E+00 1.20488E+00 1.21032E+00 1.24059E+00 1.26851E+00 1.05939E+00 9.39080E-01 6.32705E-01 2.38012E+01
6.83292E-01 9.87642E-01 1.11915E+00 1.25225E+00 1.25782E+00 1.28883E+00 1.31712E+00 1.10772E+00 9.87642E-01 6.83292E-01 2.48465E+01
7.33026E-01 1.03543E+00 1.16673E+00 1.29889E+00 1.30459E+00 1.33632E+00 1.36498E+00 1.15528E+00 1.03543E+00 7.33026E-01 2.58609E+01
7.81912E-01 1.08244E+00 1.21353E+00 1.34480E+00 1.35062E+00 1.38306E+00 1.41207E+00 1.20208E+00 1.08244E+00 7.81912E-01 2.68452E+01
8.29961E-01 1.12868E+00 1.25956E+00 1.38998E+00 1.39593E+00 1.42905E+00 1.45841E+00 1.24811E+00 1.12868E+00 8.29961E-01 2.78001E+01
8.77183E-01 1.17416E+00 1.30484E+00 1.43443E+00 1.44050E+00 1.47429E+00 1.50399E+00 1.29338E+00 1.17416E+00 8.77183E-01 2.87265E+01
9.23590E-01 1.21889E+00 1.34936E+00 1.47816E+00 1.48435E+00 1.51879E+00 1.54883E+00 1.33790E+00 1.21889E+00 9.23590E-01 2.96252E+01
9.69195E-01 1.26286E+00 1.39314E+00 1.52118E+00 1.52748E+00 1.56256E+00 1.59293E+00 1.38168E+00 1.26286E+00 9.69195E-01 3.04972E+01
1.01401E+00 1.30610E+00 1.43619E+00 1.56350E+00 1.56990E+00 1.60560E+00 1.63629E+00 1.42473E+00 1.30610E+00 1.01401E+00 3.13433E+01
1.05805E+00 1.34862E+00 1.47852E+00 1.60512E+00 1.61163E+00 1.64794E+00 1.67894E+00 1.46706E+00 1.34862E+00 1.05805E+00 3.21643E+01
1.10134E+00 1.39042E+00 1.52013E+00 1.64605E+00 1.65266E+00 1.68957E+00 1.72089E+00 1.50868E+00 1.39042E+00 1.10134E+00 3.29610E+01
1.14388E+00 1.43152E+00 1.56105E+00 1.68631E+00 1.69302E+00 1.73051E+00 1.76213E+00 1.54960E+00 1.43152E+00 1.14388E+00 3.37344E+01
1.18569E+00 1.47193E+00 1.60129E+00 1.72591E+00 1.73271E+00 1.77078E+00 1.80270E+00 1.58984E+00 1.47193E+00 1.18569E+00 3.44851E+01
1.22679E+00 1.51167E+00 1.64085E+00 1.76485E+00 1.77175E+00 1.81038E+00 1.84259E+00 1.62940E+00 1.51167E+00 1.22679E+00 3.52140E+01
1.26719E+00 1.55075E+00 1.67975E+00 1.80315E+00 1.81015E+00 1.84932E+00 1.88183E+00 1.66831E+00 1.55075E+00 1.26719E+00 3.59218E+01
1.30690E+00 1.58917E+00 1.71801E+00 1.84083E+00 1.84791E+00 1.88763E+00 1.92042E+00 1.70657E+00 1.58917E+00 1.30690E+00 3.66092E+01
1.34595E+00 1.62697E+00 1.75564E+00 1.87789E+00 1.88506E+00 1.92531E+00 1.95837E+00 1.74420E+00 1.62697E+00 1.34595E+00 3.72770E+01
1.38434E+00 1.66414E+00 1.79264E+00 1.91434E+00 1.92160E+00 1.96237E+00 1.99571E+00 1.78121E+00 1.66414E+00 1.38434E+00 3.79258E+01
1.42209E+00 1.70069E+00 1.82904E+00 1.95021E+00 1.95755E+00 1.99883E+00 2.03244E+00 1.81762E+00 1.70069E+00 1.42209E+00 3.85563E+01
1.45922E+00 1.73666E+00 1.86484E+00 1.98549E+00 1.99292E+00 2.03469E+00 2.06858E+00 1.85342E+00 1.73666E+00 1.45922E+00 3.91690E+01
1.49573E+00 1.77204E+00 1.90006E+00 2.02021E+00 2.02772E+00 2.06998E+00 2.10413E+00 1.88865E+00 1.77204E+00 1.49573E+00 3.97648E+01
1.53165E+00 1.80684E+00 1.93471E+00 2.05437E+00 2.06196E+00 2.10471E+00 2.13911E+00 1.92331E+00 1.80684E+00 1.53165E+00 4.03440E+01
1.56698E+00 1.84109E+00 1.96880E+00 2.08798E+00 2.09565E+00 2.13888E+00 2.17354E+00 1.95741E+00 1.84109E+00 1.56698E+00 4.09072E+01
1.60175E+00 1.87479E+00 2.00235E+00 2.12107E+00 2.12881E+00 2.17250E+00 2.20742E+00 1.99097E+00 1.87479E+00 1.60175E+00 4.14551E+01
1.63595E+00 1.90796E+00 2.03537E+00 2.15363E+00 2.16145E+00 2.20560E+00 2.24076E+00 2.02400E+00 1.90796E+00 1.63595E+00 4.19881E+01
1.66961E+00 1.94060E+00 2.06786E+00 2.18568E+00 2.19357E+00 2.23818E+00 2.27358E+00 2.05650E+00 1.94060E+00 1.66961E+00 4.25068E+01
1.70274E+00 1.97273E+00 2.09985E+00 2.21723E+00 2.22519E+00 2.27024E+00 2.30589E+00 2.08849E+00 1.97273E+00 1.70274E+00 4.30115E+01
1.73534E+00 2.00436E+00 2.13133E+00 2.24829E+00 2.25632E+00 2.30182E+00 2.33770E+00 2.11998E+00 2.00436E+00 1.73534E+00 4.35028E+01
1.76743E+00 2.03550E+00 2.16232E+00 2.27887E+00 2.28697E+00 2.33290E+00 2.36902E+00 2.15099E+00 2.03550E+00 1.76743E+00 4.39812E+01
1.79903E+00 2.06616E+00 2.19284E+00 2.30899E+00 2.31715E+00 2.36351E+00 2.39986E+00 2.18152E+00 2.06616E+00 1.79903E+00 4.44469E+01
1.83013E+00 2.09634E+00 2.22289E+00 2.33864E+00 2.34687E+00 2.39365E+00 2.43023E+00 2.21157E+00 2.09634E+00 1.83013E+00 4.49005E+01
0.00000E+00 0.00000E+00 8.16135E-02 2.28813E-01 2.31009E-01 2.43952E-01 2.64006E-01 6.97296E-02 0.00000E+00 0.00000E+00 -8.74979E-01
0.00000E+00 0.00000E+00 1.22014E-01 2.64743E-01 2.67528E-01 2.83120E-01 3.04296E-01 1.09976E-01 0.00000E+00 0.00000E+00 2.65036E-01
0.00000E+00 3.06348E-02 1.65843E-01 3.04964E-01 3.08250E-01 3.26153E-01 3.48324E-01 1.53697E-01 3.06348E-02 0.00000E+00 1.48413E+00
0.00000E+00 7.69631E-02 2.11661E-01 3.47731E-01 3.51456E-01 3.71447E-01 3.94528E-01 1.99437E-01 7.69631E-02 0.00000E+00 2.74625E+00
0.00000E+00 1.24376E-01 2.58599E-01 3.92019E-01 3.96140E-01 4.18045E-01 4.41972E-01 2.46317E-01 1.24376E-01 0.00000E+00 4.04064E+00
0.00000E+00 1.72192E-01 3.05969E-01 4.37054E-01 4.41534E-01 4.65212E-01 4.89930E-01 2.93645E-01 1.72192E-01 0.00000E+00 5.34075E+00
0.00000E+00 2.19973E-01 3.53329E-01 4.82332E-01 4.87140E-01 5.12470E-01 5.37935E-01 3.40975E-01 2.19973E-01 0.00000E+00 6.62899E+00
0.00000E+00 2.67430E-01 4.00388E-01 5.27515E-01 5.32627E-01 5.59505E-01 5.85676E-01 3.88012E-01 2.67430E-01 0.00000E+00 7.89387E+00
1.94755E-02 3.14219E-01 4.46796E-01 5.72230E-01 5.77622E-01 6.05952E-01 6.32792E-01 4.34408E-01 3.14219E-01 1.94755E-02 9.09075E+00
6.88139E-02 3.60231E-01 4.92444E-01 6.16334E-01 6.21987E-01 6.51687E-01 6.79165E-01 4.80049E-01 3.60231E-01 6.88139E-02 1.01985E+01
1.17333E-01 4.05637E-01 5.37497E-01 6.59959E-01 6.65857E-01 6.96865E-01 7.24959E-01 5.25101E-01 4.05637E-01 1.17333E-01 1.12744E+01
1.64974E-01 4.50353E-01 5.81872E-01 7.03005E-01 7.09135E-01 7.41396E-01 7.70083E-01 5.69479E-01 4.50353E-01 1.64974E-01 1.23168E+01
2.11700E-01 4.94321E-01 6.25509E-01 7.45402E-01 7.51752E-01 7.85214E-01 8.14475E-01 6.13122E-01 4.94321E-01 2.11700E-01 1.33250E+01
2.57490E-01 5.37503E-01 6.68370E-01 7.87100E-01 7.93660E-01 8.28277E-01 8.58093E-01 6.55992E-01 5.37503E-01 2.57490E-01 1.42987E+01
3.02334E-01 5.79874E-01 7.10428E-01 8.28067E-01 8.34825E-01 8.70554E-01 9.00909E-01 6.98062E-01 5.79874E-01 3.02334E-01 1.52382E+01
3.46233E-01 6.21421E-01 7.51671E-01 8.68280E-01 8.75229E-01 9.12030E-01 9.42908E-01 7.39319E-01 6.21421E-01 3.46233E-01 1.61441E+01
3.89191E-01 6.62138E-01 7.92092E-01 9.07728E-01 9.14860E-01 9.52696E-01 9.84082E-01 7.79755E-01 6.62138E-01 3.89191E-01 1.70171E+01
4.31220E-01 7.02027E-01 8.31692E-01 9.46406E-01 9.53713E-01 9.92550E-01 1.02443E+00 8.19373E-01 7.02027E-01 4.31220E-01 1.78581E+01
4.72334E-01 7.41093E-01 8.70476E-01 9.84315E-01 9.91789E-01 1.03160E+00 1.06396E+00 8.58175E-01 7.41093E-01 4.72334E-01 1.86681E+01
5.12548E-01 7.79346E-01 9.08452E-01 1.02146E+00 1.02909E+00 1.06984E+00 1.10267E+00 8.96171E-01 7.79346E-01 5.12548E-01 1.94481E+01
5.51882E-01 8.16796E-01 9.45632E-01 1.05785E+00 1.06564E+00 1.10729E+00 1.14058E+00 9.33373E-01 8.16796E-01 5.51882E-01 2.01993E+01
5.90356E-01 8.53459E-01 9.82030E-01 1.09349E+00 1.10143E+00 1.14397E+00 1.17771E+00 9.69792E-01 8.53459E-01 5.90356E-01 2.09227E+01
6.27988E-01 8.89348E-01 1.01766E+00 1.12839E+00 1.13648E+00 1.17988E+00 1.21405E+00 1.00545E+00 8.89348E-01 6.27988E-01 2.16194E+01
6.64801E-01 9.24480E-01 1.05254E+00 1.16258E+00 1.17080E+00 1.21504E+00 1.24964E+00 1.04035E+00 9.24480E-01 6.64801E-01 2.22906E+01
7.00815E-01 9.58873E-01 1.08668E+00 1.19606E+00 1.20441E+00 1.24947E+00 1.28449E+00 1.07451E+00 9.58873E-01 7.00815E-01 2.29371E+01
7.36052E-01 9.92542E-01 1.12011E+00 1.22884E+00 1.23733E+00 1.28318E+00 1.31861E+00 1.10796E+00 9.92542E-01 7.36052E-01 2.35601E+01
7.70532E-01 1.02551E+00 1.15283E+00 1.26096E+00 1.26957E+00 1.31619E+00 1.35202E+00 1.14071E+00 1.02551E+00 7.70532E-01 2.41606E+01
8.04276E-01 1.05778E+00 1.18487E+00 1.29241E+00 1.30114E+00 1.34852E+00 1.38474E+00 1.17278E+00 1.05778E+00 8.04276E-01 2.47394E+01
8.37305E-01 1.08939E+00 1.21625E+00 1.32321E+00 1.33206E+00 1.38018E+00 1.41679E+00 1.20418E+00 1.08939E+00 8.37305E-01 2.52976E+01
8.69638E-01 1.12034E+00 1.24697E+00 1.35339E+00 1.36236E+00 1.41119E+00 1.44818E+00 1.23493E+00 1.12034E+00 8.69638E-01 2.58359E+01
9.01295E-01 1.15066E+00 1.27707E+00 1.38295E+00 1.39203E+00 1.44157E+00 1.47893E+00 1.26505E+00 1.15066E+00 9.01295E-01 2.63552E+01
9.32295E-01 1.18036E+00 1.30655E+00 1.41192E+00 1.42111E+00 1.47134E+00 1.50906E+00 1.29456E+00 1.18036E+00 9.32295E-01 2.68563E+01
9.62657E-01 1.20946E+00 1.33543E+00 1.44030E+00 1.44960E+00 1.50050E+00 1.53858E+00 1.32346E+00 1.20946E+00 9.62657E-01 2.73400E+01
9.92399E-01 1.23797E+00 1.36372E+00 1.46812E+00 1.47752E+00 1.52908E+00 1.56751E+00 1.35179E+00 1.23797E+00 9.92399E-01 2.78069E+01
1.02154E+00 1.26591E+00 1.39145E+00 1.49538E+00 1.50488E+00 1.55709E+00 1.59587E+00 1.37954E+00 1.26591E+00 1.02154E+00 2.82579E+01
1.05009E+00 1.29329E+00 1.41863E+00 1.52211E+00 1.53171E+00 1.58454E+00 1.62367E+00 1.40675E+00 1.29329E+00 1.05009E+00 2.86935E+01
1.07807E+00 1.32014E+00 1.44527E+00 1.54831E+00 1.55800E+00 1.61146E+00 1.65092E+00 1.43341E+00 1.32014E+00 1.07807E+00 2.91144E+01
1.10550E+00 1.34646E+00 1.47139E+00 1.57401E+00 1.58379E+00 1.63786E+00 1.67764E+00 1.45956E+00 1.34646E+00 1.10550E+00 2.95211E+01
1.13239E+00 1.37226E+00 1.49700E+00 1.59920E+00 1.60908E+00 1.66374E+00 1.70385E+00 1.48520E+00 1.37226E+00 1.13239E+00 2.99143E+01
1.15876E+00 1.39757E+00 1.52211E+00 1.62392E+00 1.63388E+00 1.68913E+00 1.72956E+00 1.51034E+00 1.39757E+00 1.15876E+00 3.02945E+01
1.18462E+00 1.42240E+00 1.54674E+00 1.64816E+00 1.65821E+00 1.71403E+00 1.75478E+00 1.53500E+00 1.42240E+00 1.18462E+00 3.06622E+01
1.20999E+00 1.44675E+00 1.57091E+00 1.67194E+00 1.68208E+00 1.73846E+00 1.77952E+00 1.55919E+00 1.44675E+00 1.20999E+00 3.10179E+01
1.23487E+00 1.47065E+00 1.59462E+00 1.69528E+00 1.70550E+00 1.76243E+00 1.80380E+00 1.58292E+00 1.47065E+00 1.23487E+00 3.13620E+01
1.25928E+00 1.49410E+00 1.61788E+00 1.71818E+00 1.72848E+00 1.78596E+00 1.82762E+00 1.60621E+00 1.49410E+00 1.25928E+00 3.16951E+01
1.28324E+00 1.51711E+00 1.64071E+00 1.74066E+00 1.75104E+00 1.80905E+00 1.85101E+00 1.62907E+00 1.51711E+00 1.28324E+00 3.20175E+01
1.30676E+00 1.53970E+00 1.66312E+00 1.76273E+00 1.77318E+00 1.83172E+00 1.87397E+00 1.65150E+00 1.53970E+00 1.30676E+00 3.23297E+01
1.32984E+00 1.56188E+00 1.68511E+00 1.78439E+00 1.79492E+00 1.85398E+00 1.89652E+00 1.67352E+00 1.56188E+00 1.32984E+00 3.26321E+01
1.35251E+00 1.58365E+00 1.70671E+00 1.80566E+00 1.81626E+00 1.87583E+00 1.91866E+00 1.69515E+00 1.58365E+00 1.35251E+00 3.29249E+01
1.37476E+00 1.60503E+00 1.72792E+00 1.82655E+00 1.83722E+00 1.89729E+00 1.94040E+00 1.71638E+00 1.60503E+00 1.37476E+00 3.32086E+01
1.39662E+00 1.62603E+00 1.74875E+00 1.84706E+00 1.85781E+00 1.91837E+00 1.96176E+00 1.73724E+00 1.62603E+00 1.39662E+00 3.34835E+01
0.00000E+00 0.00000E+00 8.28972E-02 2.05466E-01 2.09540E-01 2.29047E-01 2.51796E-01 6.93037E-02 0.00000E+00 0.00000E+00 -6.43528E-01
0.00000E+00 0.00000E+00 1.21807E-01 2.40712E-01 2.45519E-01 2.68497E-01 2.92630E-01 1.08188E-01 0.00000E+00 0.00000E+00 4.92748E-01
0.00000E+00 2.82611E-02 1.62256E-01 2.78227E-01 2.83647E-01 3.09627E-01 3.34994E-01 1.48641E-01 2.82611E-02 0.00000E+00 1.63962E+00
0.00000E+00 6.99853E-02 2.03330E-01 3.16838E-01 3.22790E-01 3.51457E-01 3.77959E-01 1.89739E-01 6.99853E-02 0.00000E+00 2.77900E+00
0.00000E+00 1.11742E-01 2.44477E-01 3.55858E-01 3.62283E-01 3.93402E-01 4.20960E-01 2.30921E-01 1.11742E-01 0.00000E+00 3.91036E+00
0.00000E+00 1.53095E-01 2.85255E-01 3.94771E-01 4.01622E-01 4.34996E-01 4.63546E-01 2.71741E-01 1.53095E-01 0.00000E+00 5.01667E+00
0.00000E+00 1.93785E-01 3.25401E-01 4.33261E-01 4.40500E-01 4.75964E-01 5.05449E-01 3.11936E-01 1.93785E-01 0.00000E+00 6.08802E+00
0.00000E+00 2.33659E-01 3.64756E-01 4.71133E-01 4.78726E-01 5.16139E-01 5.46510E-01 3.51344E-01 2.33659E-01 0.00000E+00 7.11901E+00
1.63075E-02 2.72551E-01 4.03153E-01 5.08195E-01 5.16112E-01 5.55344E-01 5.86555E-01 3.89796E-01 2.72551E-01 1.63075E-02 8.07541E+00
5.73069E-02 3.10438E-01 4.40566E-01 5.44396E-01 5.52612E-01 5.93551E-01 6.25563E-01 4.27267E-01 3.10438E-01 5.73069E-02 8.94325E+00
9.72144E-02 3.47431E-01 4.77101E-01 5.79813E-01 5.88309E-01 6.30872E-01 6.63655E-01 4.63861E-01 3.47431E-01 9.72144E-02 9.77381E+00
1.36030E-01 3.83509E-01 5.12734E-01 6.14410E-01 6.23169E-01 6.67282E-01 7.00809E-01 4.99555E-01 3.83509E-01 1.36030E-01 1.05676E+01
1.73767E-01 4.18664E-01 5.47458E-01 6.48169E-01 6.57177E-01 7.02769E-01 7.37015E-01 5.34341E-01 4.18664E-01 1.73767E-01 1.13254E+01
2.10443E-01 4.52899E-01 5.81274E-01 6.81084E-01 6.90326E-01 7.37337E-01 7.72279E-01 5.68219E-01 4.52899E-01 2.10443E-01 1.20485E+01
2.46085E-01 4.86224E-01 6.14193E-01 7.13158E-01 7.22623E-01 7.70994E-01 8.06610E-01 6.01200E-01 4.86224E-01 2.46085E-01 1.27382E+01
2.80720E-01 5.18657E-01 6.46230E-01 7.44401E-01 7.54077E-01 8.03756E-01 8.40026E-01 6.33299E-01 5.18657E-01 2.80720E-01 1.33958E+01
3.14379E-01 5.50217E-01 6.77405E-01 7.74826E-01 7.84704E-01 8.35641E-01 8.72548E-01 6.64536E-01 5.50217E-01 3.14379E-01 1.40229E+01
3.47092E-01 5.80926E-01 7.07738E-01 8.04451E-01 8.14521E-01 8.66673E-01 9.04197E-01 6.94931E-01 5.80926E-01 3.47092E-01 1.46210E+01
3.78891E-01 6.10808E-01 7.37253E-01 8.33296E-01 8.43548E-01 8.96872E-01 9.34999E-01 7.24507E-01 6.10808E-01 3.78891E-01 1.51914E+01
4.09808E-01 6.39888E-01 7.65974E-01 8.61380E-01 8.71808E-01 9.26264E-01 9.64977E-01 7.53290E-01 6.39888E-01 4.09808E-01 1.57355E+01
4.39873E-01 6.68189E-01 7.93925E-01 8.88725E-01 8.99321E-01 9.54874E-01 9.94158E-01 7.81301E-01 6.68189E-01 4.39873E-01 1.62547E+01
4.69117E-01 6.95737E-01 8.21130E-01 9.15353E-01 9.26111E-01 9.82725E-01 1.02257E+00 8.08568E-01 6.95737E-01 4.69117E-01 1.67503E+01
4.97569E-01 7.22557E-01 8.47615E-01 9.41287E-01 9.52199E-01 1.00984E+00 1.05023E+00 8.35112E-01 7.22557E-01 4.97569E-01 1.72234E+01
5.25258E-01 7.48673E-01 8.73402E-01 9.66547E-01 9.77609E-01 1.03625E+00 1.07717E+00 8.60959E-01 7.48673E-01 5.25258E-01 1.76754E+01
5.52212E-01 7.74109E-01 8.98516E-01 9.91156E-01 1.00236E+00 1.06197E+00 1.10341E+00 8.86131E-01 7.74109E-01 5.52212E-01 1.81072E+01
5.78457E-01 7.98887E-01 9.22978E-01 1.01513E+00 1.02648E+00 1.08703E+00 1.12898E+00 9.10652E-01 7.98887E-01 5.78457E-01 1.85199E+01
6.04019E-01 8.23030E-01 9.46812E-01 1.03850E+00 1.04998E+00 1.11145E+00 1.15390E+00 9.34543E-01 8.23030E-01 6.04019E-01 1.89145E+01
6.28922E-01 8.46559E-01 9.70038E-01 1.06128E+00 1.07289E+00 1.13526E+00 1.17819E+00 9.57827E-01 8.46559E-01 6.28922E-01 1.92919E+01
6.53191E-01 8.69497E-01 9.92677E-01 1.08349E+00 1.09522E+00 1.15846E+00 1.20187E+00 9.80522E-01 8.69497E-01 6.53191E-01 1.96531E+01
6.76847E-01 8.91862E-01 1.01475E+00 1.10515E+00 1.11700E+00 1.18109E+00 1.22497E+00 1.00265E+00 8.91862E-01 6.76847E-01 1.99987E+01
6.99912E-01 9.13674E-01 1.03627E+00 1.12628E+00 1.13824E+00 1.20316E+00 1.24750E+00 1.02423E+00 9.13674E-01 6.99912E-01 2.03297E+01
7.22407E-01 9.34952E-01 1.05727E+00 1.14689E+00 1.15897E+00 1.22469E+00 1.26948E+00 1.04528E+00 9.34952E-01 7.22407E-01 2.06467E+01
7.44353E-01 9.55714E-01 1.07775E+00 1.16700E+00 1.17919E+00 1.24570E+00 1.29093E+00 1.06582E+00 9.55714E-01 7.44353E-01 2.09504E+01
7.65767E-01 9.75977E-01 1.09774E+00 1.18663E+00 1.19892E+00 1.26620E+00 1.31187E+00 1.08586E+00 9.75977E-01 7.65767E-01 2.12415E+01
7.86669E-01 9.95758E-01 1.11726E+00 1.20579E+00 1.21819E+00 1.28622E+00 1.33231E+00 1.10543E+00 9.95758E-01 7.86669E-01 2.15206E+01
8.07076E-01 1.01507E+00 1.13631E+00 1.22450E+00 1.23700E+00 1.30577E+00 1.35228E+00 1.12453E+00 1.01507E+00 8.07076E-01 2.17882E+01
8.27003E-01 1.03394E+00 1.15491E+00 1.24277E+00 1.25537E+00 1.32486E+00 1.37179E+00 1.14318E+00 1.03394E+00 8.27003E-01 2.20450E+01
8.46468E-01 1.05236E+00 1.17308E+00 1.26063E+00 1.27332E+00 1.34351E+00 1.39084E+00 1.16140E+00 1.05236E+00 8.46468E-01 2.22914E+01
8.65486E-01 1.07037E+00 1.19083E+00 1.27807E+00 1.29085E+00 1.36174E+00 1.40947E+00 1.17921E+00 1.07037E+00 8.65486E-01 2.25278E+01
8.84071E-01 1.08796E+00 1.20818E+00 1.29512E+00 1.30799E+00 1.37955E+00 1.42767E+00 1.19660E+00 1.08796E+00 8.84071E-01 2.27549E+01
9.02237E-01 1.10516E+00 1.22513E+00 1.31178E+00 1.32474E+00 1.39696E+00 1.44547E+00 1.21361E+00 1.10516E+00 9.02237E-01 2.29729E+01
9.19998E-01 1.12198E+00 1.24171E+00 1.32807E+00 1.34112E+00 1.41399E+00 1.46288E+00 1.23023E+00 1.12198E+00 9.19998E-01 2.31823E+01
9.37366E-01 1.13843E+00 1.25791E+00 1.34400E+00 1.35713E+00 1.43064E+00 1.47990E+00 1.24649E+00 1.13843E+00 9.37366E-01 2.33836E+01
9.54355E-01 1.15451E+00 1.27376E+00 1.35958E+00 1.37279E+00 1.44693E+00 1.49656E+00 1.26238E+00 1.15451E+00 9.54355E-01 2.35769E+01
9.70975E-01 1.17025E+00 1.28927E+00 1.37482E+00 1.38811E+00 1.46286E+00 1.51285E+00 1.27794E+00 1.17025E+00 9.70975E-01 2.37628E+01
9.87238E-01 1.18565E+00 1.30444E+00 1.38974E+00 1.40310E+00 1.47845E+00 1.52880E+00 1.29315E+00 1.18565E+00 9.87238E-01 2.39415E+01
1.00316E+00 1.20072E+00 1.31928E+00 1.40433E+00 1.41777E+00 1.49371E+00 1.54442E+00 1.30804E+00 1.20072E+00 1.00316E+00 2.41133E+01
1.01874E+00 1.21547E+00 1.33381E+00 1.41862E+00 1.43213E+00 1.50865E+00 1.55970E+00 1.32262E+00 1.21547E+00 1.01874E+00 2.42785E+01
1.03399E+00 1.22991E+00 1.34803E+00 1.43260E+00 1.44619E+00 1.52328E+00 1.57467E+00 1.33689E+00 1.22991E+00 1.03399E+00 2.44375E+01
1.04894E+00 1.24405E+00 1.36196E+00 1.44629E+00 1.45995E+00 1.53760E+00 1.58933E+00 1.35086E+00 1.24405E+00 1.04894E+00 2.45904E+01
0.00000E+00 0.00000E+00 8.48553E-02 1.86199E-01 1.93074E-01 2.22238E-01 2.47641E-01 6.98045E-02 0.00000E+00 0.00000E+00 -3.28842E-01
0.00000E+00 0.00000E+00 1.21791E-01 2.20372E-01 2.28102E-01 2.61732E-01 2.88944E-01 1.06909E-01 0.00000E+00 0.00000E+00 7.80787E-01
0.00000E+00 2.58527E-02 1.58635E-01 2.55028E-01 2.63459E-01 3.00911E-01 3.29739E-01 1.43922E-01 2.58527E-02 0.00000E+00 1.83688E+00
0.00000E+00 6.30816E-02 1.94952E-01 2.89523E-01 2.98556E-01 3.39403E-01 3.69714E-01 1.80406E-01 6.30816E-02 0.00000E+00 2.84196E+00
0.00000E+00 9.94632E-02 2.30483E-01 3.23492E-01 3.33055E-01 3.76973E-01 4.08665E-01 2.16101E-01 9.94632E-02 0.00000E+00 3.80666E+00
0.00000E+00 1.34793E-01 2.65012E-01 3.56663E-01 3.66696E-01 4.13423E-01 4.46409E-01 2.50791E-01 1.34793E-01 0.00000E+00 4.72350E+00
0.00000E+00 1.68977E-01 2.98441E-01 3.88893E-01 3.99350E-01 4.48664E-01 4.82869E-01 2.84376E-01 1.68977E-01 0.00000E+00 5.58977E+00
0.00000E+00 2.01984E-01 3.30731E-01 4.20115E-01 4.30956E-01 4.82670E-01 5.18028E-01 3.16819E-01 2.01984E-01 0.00000E+00 6.40545E+00
1.34681E-02 2.33786E-01 3.61854E-01 4.50281E-01 4.61470E-01 5.15410E-01 5.51859E-01 3.48088E-01 2.33786E-01 1.34681E-02 7.14560E+00
4.70529E-02 2.64432E-01 3.91852E-01 4.79414E-01 4.90921E-01 5.46940E-01 5.84425E-01 3.78228E-01 2.64432E-01 4.70529E-02 7.80212E+00
7.93841E-02 2.94013E-01 4.20808E-01 5.07575E-01 5.19379E-01 5.77364E-01 6.15846E-01 4.07323E-01 2.94013E-01 7.93841E-02 8.42013E+00
1.10511E-01 3.22556E-01 4.48748E-01 5.34780E-01 5.46860E-01 6.06714E-01 6.46155E-01 4.35398E-01 3.22556E-01 1.10511E-01 9.00165E+00
1.40484E-01 3.50093E-01 4.75703E-01 5.61053E-01 5.73392E-01 6.35024E-01 6.75391E-01 4.62484E-01 3.50093E-01 1.40484E-01 9.54875E+00
1.69356E-01 3.76661E-01 5.01708E-01 5.86422E-01 5.99005E-01 6.62333E-01 7.03594E-01 4.88617E-01 3.76661E-01 1.69356E-01 1.00635E+01
1.97177E-01 4.02299E-01 5.26799E-01 6.10919E-01 6.23731E-01 6.88681E-01 7.30807E-01 5.13834E-01 4.02299E-01 1.97177E-01 1.05479E+01
2.23998E-01 4.27043E-01 5.51013E-01 6.34577E-01 6.47604E-01 7.14108E-01 7.57072E-01 5.38171E-01 4.27043E-01 2.23998E-01 1.10040E+01
2.49865E-01 4.50933E-01 5.74388E-01 6.57427E-01 6.70660E-01 7.38653E-01 7.82430E-01 5.61665E-01 4.50933E-01 2.49865E-01 1.14335E+01
2.74825E-01 4.74005E-01 5.96960E-01 6.79504E-01 6.92930E-01 7.62356E-01 8.06921E-01 5.84353E-01 4.74005E-01 2.74825E-01 1.18381E+01
2.98921E-01 4.96295E-01 6.18763E-01 7.00839E-01 7.14450E-01 7.85253E-01 8.30584E-01 6.06270E-01 4.96295E-01 2.98921E-01 1.22196E+01
3.22193E-01 5.17838E-01 6.39831E-01 7.21464E-01 7.35250E-01 8.07380E-01 8.53456E-01 6.27449E-01 5.17838E-01 3.22193E-01 1.25794E+01
3.44682E-01 5.38667E-01 6.60197E-01 7.41409E-01 7.55362E-01 8.28772E-01 8.75573E-01 6.47924E-01 5.38667E-01 3.44682E-01 1.29189E+01
3.66423E-01 5.58813E-01 6.79892E-01 7.60703E-01 7.74815E-01 8.49462E-01 8.96969E-01 6.67725E-01 5.58813E-01 3.66423E-01 1.32394E+01
3.87452E-01 5.78306E-01 6.98945E-01 7.79373E-01 7.93638E-01 8.69480E-01 9.17676E-01 6.86882E-01 5.78306E-01 3.87452E-01 1.35421E+01
4.07801E-01 5.97176E-01 7.17385E-01 7.97447E-01 8.11858E-01 8.88857E-01 9.37724E-01 7.05423E-01 5.97176E-01 4.07801E-01 1.38282E+01
4.27501E-01 6.15449E-01 7.35237E-01 8.14950E-01 8.29500E-01 9.07620E-01 9.57142E-01 7.23375E-01 6.15449E-01 4.27501E-01 1.40986E+01
4.46581E-01 6.33151E-01 7.52528E-01 8.31905E-01 8.46590E-01 9.25796E-01 9.75958E-01 7.40763E-01 6.33151E-01 4.46581E-01 1.43545E+01
4.65069E-01 6.50306E-01 7.69281E-01 8.48337E-01 8.63150E-01 9.43410E-01 9.94197E-01 7.57612E-01 6.50306E-01 4.65069E-01 1.45966E+01
4.82991E-01 6.66939E-01 7.85519E-01 8.64266E-01 8.79202E-01 9.60486E-01 1.01188E+00 7.73944E-01 6.66939E-01 4.82991E-01 1.48258E+01
5.00372E-01 6.83070E-01 8.01264E-01 8.79713E-01 8.94769E-01 9.77047E-01 1.02904E+00 7.89780E-01 6.83070E-01 5.00372E-01 1.50429E+01
5.17234E-01 6.98720E-01 8.16537E-01 8.94699E-01 9.09869E-01 9.93114E-01 1.04570E+00 8.05142E-01 6.98720E-01 5.17234E-01 1.52486E+01
5.33599E-01 7.13910E-01 8.31356E-01 9.09241E-01 9.24522E-01 1.00871E+00 1.06186E+00 8.20049E-01 7.13910E-01 5.33599E-01 1.54436E+01
5.49488E-01 7.28658E-01 8.45740E-01 9.23358E-01 9.38746E-01 1.02385E+00 1.07756E+00 8.34520E-01 7.28658E-01 5.49488E-01 1.56284E+01
5.64921E-01 7.42981E-01 8.59706E-01 9.37067E-01 9.52557E-01 1.03855E+00 1.09282E+00 8.48571E-01 7.42981E-01 5.64921E-01 1.58037E+01
5.79916E-01 7.56897E-01 8.73272E-01 9.50383E-01 9.65973E-01 1.05284E+00 1.10764E+00 8.62220E-01 7.56897E-01 5.79916E-01 1.59700E+01
5.94491E-01 7.70422E-01 8.86453E-01 9.63322E-01 9.79008E-01 1.06672E+00 1.12206E+00 8.75482E-01 7.70422E-01 5.94491E-01 1.61279E+01
6.08662E-01 7.83571E-01 8.99264E-01 9.75898E-01 9.91678E-01 1.08022E+00 1.13607E+00 8.88373E-01 7.83571E-01 6.08662E-01 1.62777E+01
6.22445E-01 7.96358E-01 9.11719E-01 9.88126E-01 1.00400E+00 1.09334E+00 1.14971E+00 9.00907E-01 7.96358E-01 6.22445E-01 1.64199E+01
6.35855E-01 8.08797E-01 9.23831E-01 1.00002E+00 1.01597E+00 1.10611E+00 1.16298E+00 9.13097E-01 8.08797E-01 6.35855E-01 1.65549E+01
6.48906E-01 8.20901E-01 9.35614E-01 1.01159E+00 1.02763E+00 1.11854E+00 1.17589E+00 9.24956E-01 8.20901E-01 6.48906E-01 1.66832E+01
6.61613E-01 8.32683E-01 9.47080E-01 1.02284E+00 1.03897E+00 1.13063E+00 1.18847E+00 9.36496E-01 8.32683E-01 6.61613E-01 1.68050E+01
6.73986E-01 8.44154E-01 9.58240E-01 1.03380E+00 1.05000E+00 1.14240E+00 1.20071E+00 9.47730E-01 8.44154E-01 6.73986E-01 1.69207E+01
6.86040E-01 8.55325E-01 9.69106E-01 1.04447E+00 1.06075E+00 1.15387E+00 1.21265E+00 9.58668E-01 8.55325E-01 6.86040E-01 1.70306E+01
6.97785E-01 8.66208E-01 9.79687E-01 1.05486E+00 1.07121E+00 1.16504E+00 1.22428E+00 9.69321E-01 8.66208E-01 6.97785E-01 1.71351E+01
7.09233E-01 8.76812E-01 9.89995E-01 1.06498E+00 1.08141E+00 1.17593E+00 1.23561E+00 9.79698E-01 8.76812E-01 7.09233E-01 1.72343E+01
7.20393E-01 8.87148E-01 1.00004E+00 1.07484E+00 1.09134E+00 1.18653E+00 1.24666E+00 9.89811E-01 8.87148E-01 7.20393E-01 1.73286E+01
7.31276E-01 8.97224E-01 1.00983E+00 1.08445E+00 1.10102E+00 1.19688E+00 1.25744E+00 9.99667E-01 8.97224E-01 7.31276E-01 1.74182E+01
7.41892E-01 9.07050E-01 1.01937E+00 1.09382E+00 1.11045E+00 1.20696E+00 1.26796E+00 1.00928E+00 9.07050E-01 7.41892E-01 1.75033E+01
7.52250E-01 9.16634E-01 1.02867E+00 1.10295E+00 1.11965E+00 1.21680E+00 1.27821E+00 1.01865E+00 9.16634E-01 7.52250E-01 1.75842E+01
7.62359E-01 9.25983E-01 1.03775E+00 1.11186E+00 1.12862E+00 1.22640E+00 1.28823E+00 1.02779E+00 9.25983E-01 7.62359E-01 1.76610E+01
7.72226E-01 9.35107E-01 1.04660E+00 1.12055E+00 1.13738E+00 1.23576E+00 1.29800E+00 1.03670E+00 9.35107E-01 7.72226E-01 1.77339E+01
0.00000E+00 0.00000E+00 8.68684E-02 1.71183E-01 1.81926E-01 2.25103E-01 2.53372E-01 7.09814E-02 0.00000E+00 0.00000E+00 7.89872E-02
0.00000E+00 0.00000E+00 1.21199E-01 2.03731E-01 2.15381E-01 2.64167E-01 2.94944E-01 1.05745E-01 0.00000E+00 0.00000E+00 1.12708E+00
0.00000E+00 2.33252E-02 1.54067E-01 2.35208E-01 2.47589E-01 3.01122E-01 3.34121E-01 1.39002E-01 2.33252E-02 0.00000E+00 2.06706E+00
0.00000E+00 5.60491E-02 1.85479E-01 2.65473E-01 2.78472E-01 3.36179E-01 3.71207E-01 1.70769E-01 5.60491E-02 0.00000E+00 2.92253E+00
0.00000E+00 8.72237E-02 2.15440E-01 2.94462E-01 3.07996E-01 3.69450E-01 4.06356E-01 2.01062E-01 8.72237E-02 0.00000E+00 3.71481E+00
0.00000E+00 1.16858E-01 2.43945E-01 3.22126E-01 3.36131E-01 4.00985E-01 4.39641E-01 2.29876E-01 1.16858E-01 0.00000E+00 4.44518E+00
0.00000E+00 1.45008E-01 2.71038E-01 3.48482E-01 3.62905E-01 4.30869E-01 4.71166E-01 2.57258E-01 1.45008E-01 0.00000E+00 5.11706E+00
0.00000E+00 1.71751E-01 2.96786E-01 3.73576E-01 3.88373E-01 4.59204E-01 5.01045E-01 2.83278E-01 1.71751E-01 0.00000E+00 5.73473E+00
1.09134E-02 1.97163E-01 3.21261E-01 3.97468E-01 4.12601E-01 4.86074E-01 5.29369E-01 3.08009E-01 1.97163E-01 1.09134E-02 6.28112E+00
3.78890E-02 2.21350E-01 3.44561E-01 4.20242E-01 4.35678E-01 5.11602E-01 5.56270E-01 3.31551E-01 2.21350E-01 3.78890E-02 6.75260E+00
6.35490E-02 2.44402E-01 3.66765E-01 4.41962E-01 4.57678E-01 5.35910E-01 5.81894E-01 3.53985E-01 2.44402E-01 6.35490E-02 7.18799E+00
8.79802E-02 2.66386E-01 3.87933E-01 4.62685E-01 4.78660E-01 5.59072E-01 6.06317E-01 3.75375E-01 2.66386E-01 8.79802E-02 7.59027E+00
1.11263E-01 2.87363E-01 4.08128E-01 4.82466E-01 4.98681E-01 5.81158E-01 6.29616E-01 3.95782E-01 2.87363E-01 1.11263E-01 7.96217E+00
1.33473E-01 3.07394E-01 4.27405E-01 5.01358E-01 5.17796E-01 6.02234E-01 6.51860E-01 4.15263E-01 3.07394E-01 1.33473E-01 8.30623E+00
1.54678E-01 3.26536E-01 4.45819E-01 5.19412E-01 5.36059E-01 6.22363E-01 6.73114E-01 4.33873E-01 3.26536E-01 1.54678E-01 8.62477E+00
1.74943E-01 3.44841E-01 4.63422E-01 5.36676E-01 5.53518E-01 6.41603E-01 6.93439E-01 4.51664E-01 3.44841E-01 1.74943E-01 8.91990E+00
1.94326E-01 3.62359E-01 4.80260E-01 5.53196E-01 5.70221E-01 6.60006E-01 7.12891E-01 4.68684E-01 3.62359E-01 1.94326E-01 9.19354E+00
2.12881E-01 3.79135E-01 4.96378E-01 5.69013E-01 5.86211E-01 6.77622E-01 7.31523E-01 4.84978E-01 3.79135E-01 2.12881E-01 9.44744E+00
2.30659E-01 3.95213E-01 5.11818E-01 5.84167E-01 6.01527E-01 6.94498E-01 7.49382E-01 5.00588E-01 3.95213E-01 2.30659E-01 9.68319E+00
2.47704E-01 4.10631E-01 5.26618E-01 5.98696E-01 6.16209E-01 7.10676E-01 7.66513E-01 5.15552E-01 4.10631E-01 2.47704E-01 9.90222E+00
2.64061E-01 4.25427E-01 5.40813E-01 6.12633E-01 6.30291E-01 7.26197E-01 7.82959E-01 5.29906E-01 4.25427E-01 2.64061E-01 1.01058E+01
2.79768E-01 4.39636E-01 5.54438E-01 6.26010E-01 6.43806E-01 7.41096E-01 7.98756E-01 5.43684E-01 4.39636E-01 2.79768E-01 1.02952E+01
2.94862E-01 4.53288E-01 5.67522E-01 6.38859E-01 6.56785E-01 7.55408E-01 8.13941E-01 5.56918E-01 4.53288E-01 2.94862E-01 1.04715E+01
3.09376E-01 4.66415E-01 5.80096E-01 6.51206E-01 6.69256E-01 7.69165E-01 8.28547E-01 5.69636E-01 4.66415E-01 3.09376E-01 1.06356E+01
3.23342E-01 4.79043E-01 5.92185E-01 6.63078E-01 6.81246E-01 7.82396E-01 8.42605E-01 5.81867E-01 4.79043E-01 3.23342E-01 1.07884E+01
3.36789E-01 4.91200E-01 6.03816E-01 6.74500E-01 6.92780E-01 7.95129E-01 8.56143E-01 5.93634E-01 4.91200E-01 3.36789E-01 1.09309E+01
3.49744E-01 5.02907E-01 6.15011E-01 6.85494E-01 7.03881E-01 8.07390E-01 8.69188E-01 6.04962E-01 5.02907E-01 3.49744E-01 1.10636E+01
3.62232E-01 5.14190E-01 6.25792E-01 6.96081E-01 7.14571E-01 8.19202E-01 8.81765E-01 6.15873E-01 5.14190E-01 3.62232E-01 1.11873E+01
3.74277E-01 5.25067E-01 6.36181E-01 7.06282E-01 7.24870E-01 8.30588E-01 8.93898E-01 6.26388E-01 5.25067E-01 3.74277E-01 1.13027E+01
3.85901E-01 5.35560E-01 6.46196E-01 7.16116E-01 7.34796E-01 8.41569E-01 9.05608E-01 6.36525E-01 5.35560E-01 3.85901E-01 1.14102E+01
3.97124E-01 5.45686E-01 6.55855E-01 7.25599E-01 7.44369E-01 8.52165E-01 9.16915E-01 6.46304E-01 5.45686E-01 3.97124E-01 1.15105E+01
4.07965E-01 5.55464E-01 6.65175E-01 7.34749E-01 7.53605E-01 8.62393E-01 9.27839E-01 6.55741E-01 5.55464E-01 4.07965E-01 1.16041E+01
4.18444E-01 5.64909E-01 6.74172E-01 7.43581E-01 7.62519E-01 8.72272E-01 9.38397E-01 6.64852E-01 5.64909E-01 4.18444E-01 1.16912E+01
4.28575E-01 5.74036E-01 6.82861E-01 7.52109E-01 7.71126E-01 8.81816E-01 9.48607E-01 6.73652E-01 5.74036E-01 4.28575E-01 1.17725E+01
4.38377E-01 5.82860E-01 6.91256E-01 7.60348E-01 7.79440E-01 8.91042E-01 9.58484E-01 6.82155E-01 5.82860E-01 4.38377E-01 1.18483E+01
4.47862E-01 5.91395E-01 6.99369E-01 7.68309E-01 7.87475E-01 8.99963E-01 9.68042E-01 6.90375E-01 5.91395E-01 4.47862E-01 1.19188E+01
4.57045E-01 5.99653E-01 7.07215E-01 7.76006E-01 7.95242E-01 9.08594E-01 9.77297E-01 6.98324E-01 5.99653E-01 4.57045E-01 1.19845E+01
4.65940E-01 6.07646E-01 7.14803E-01 7.83450E-01 8.02753E-01 9.16946E-01 9.86261E-01 7.06014E-01 6.07646E-01 4.65940E-01 1.20457E+01
4.74559E-01 6.15385E-01 7.22145E-01 7.90652E-01 8.10019E-01 9.25032E-01 9.94946E-01 7.13455E-01 6.15385E-01 4.74559E-01 1.21026E+01
4.82914E-01 6.22882E-01 7.29252E-01 7.97621E-01 8.17051E-01 9.32864E-01 1.00336E+00 7.20659E-01 6.22882E-01 4.82914E-01 1.21555E+01
4.91015E-01 6.30147E-01 7.36134E-01 8.04368E-01 8.23858E-01 9.40450E-01 1.01153E+00 7.27636E-01 6.30147E-01 4.91015E-01 1.22046E+01
4.98873E-01 6.37188E-01 7.42799E-01 8.10902E-01 8.30450E-01 9.47803E-01 1.01945E+00 7.34394E-01 6.37188E-01 4.98873E-01 1.22501E+01
5.06498E-01 6.44015E-01 7.49256E-01 8.17231E-01 8.36835E-01 9.54931E-01 1.02713E+00 7.40943E-01 6.44015E-01 5.06498E-01 1.22923E+01
5.13900E-01 6.50637E-01 7.55515E-01 8.23363E-01 8.43021E-01 9.61843E-01 1.03458E+00 7.47291E-01 6.50637E-01 5.13900E-01 1.23314E+01
5.21087E-01 6.57061E-01 7.61582E-01 8.29307E-01 8.49017E-01 9.68548E-01 1.04182E+00 7.53445E-01 6.57061E-01 5.21087E-01 1.23676E+01
5.28068E-01 6.63296E-01 7.67466E-01 8.35070E-01 8.54831E-01 9.75053E-01 1.04885E+00 7.59415E-01 6.63296E-01 5.28068E-01 1.24009E+01
5.34850E-01 6.69348E-01 7.73173E-01 8.40658E-01 8.60468E-01 9.81368E-01 1.05568E+00 7.65206E-01 6.69348E-01 5.34850E-01 1.24316E+01
5.41442E-01 6.75226E-01 7.78710E-01 8.46079E-01 8.65936E-01 9.87499E-01 1.06232E+00 7.70826E-01 6.75226E-01 5.41442E-01 1.24598E+01
5.47850E-01 6.80934E-01 7.84084E-01 8.51339E-01 8.71241E-01 9.93452E-01 1.06877E+00 7.76281E-01 6.80934E-01 5.47850E-01 1.24857E+01
5.54082E-01 6.86480E-01 7.89301E-01 8.56444E-01 8.76390E-01 9.99235E-01 1.07505E+00 7.81578E-01 6.86480E-01 5.54082E-01 1.25093E+01
0.00000E+00 0.00000E+00 8.80214E-02 1.60699E-01 1.76258E-01 2.39409E-01 2.71711E-01 7.25010E-02 0.00000E+00 0.00000E+00 5.70684E-01
0.00000E+00 0.00000E+00 1.18880E-01 1.90749E-01 2.07147E-01 2.77119E-01 3.13029E-01 1.04115E-01 0.00000E+00 0.00000E+00 1.51029E+00
0.00000E+00 2.05591E-02 1.47226E-01 2.18471E-01 2.35530E-01 3.11198E-01 3.50260E-01 1.33106E-01 2.05591E-02 0.00000E+00 2.30335E+00
0.00000E+00 4.86252E-02 1.73446E-01 2.44182E-01 2.61787E-01 3.42410E-01 3.84312E-01 1.59898E-01 4.86252E-02 0.00000E+00 2.99185E+00
0.00000E+00 7.46450E-02 1.97782E-01 2.68085E-01 2.86155E-01 3.71182E-01 4.15688E-01 1.84750E-01 7.46450E-02 0.00000E+00 3.60567E+00
0.00000E+00 9.88150E-02 2.20402E-01 2.90330E-01 3.08801E-01 3.97789E-01 4.44700E-01 2.07840E-01 9.88150E-02 0.00000E+00 4.15302E+00
0.00000E+00 1.21318E-01 2.41468E-01 3.11065E-01 3.29886E-01 4.22468E-01 4.71614E-01 2.29338E-01 1.21318E-01 0.00000E+00 4.64176E+00
0.00000E+00 1.42317E-01 2.61128E-01 3.30427E-01 3.49557E-01 4.45426E-01 4.96660E-01 2.49396E-01 1.42317E-01 0.00000E+00 5.07902E+00
8.60593E-03 1.61964E-01 2.79525E-01 3.48555E-01 3.67958E-01 4.66833E-01 5.20015E-01 2.68161E-01 1.61964E-01 8.60593E-03 5.45386E+00
2.96777E-02 1.80404E-01 2.96792E-01 3.65575E-01 3.85221E-01 4.86862E-01 5.41873E-01 2.85769E-01 1.80404E-01 2.96777E-02 5.76570E+00
4.94654E-02 1.97735E-01 3.13007E-01 3.81561E-01 4.01426E-01 5.05657E-01 5.62408E-01 3.02307E-01 1.97735E-01 4.94654E-02 6.04692E+00
6.80806E-02 2.14049E-01 3.28257E-01 3.96595E-01 4.16661E-01 5.23322E-01 5.81732E-01 3.17861E-01 2.14049E-01 6.80806E-02 6.30081E+00
8.56223E-02 2.29426E-01 3.42619E-01 4.10752E-01 4.31002E-01 5.39952E-01 5.99946E-01 3.32511E-01 2.29426E-01 8.56223E-02 6.53027E+00
1.02179E-01 2.43942E-01 3.56162E-01 4.24101E-01 4.44519E-01 5.55630E-01 6.17142E-01 3.46328E-01 2.43942E-01 1.02179E-01 6.73786E+00
1.17829E-01 2.57661E-01 3.68949E-01 4.36703E-01 4.57276E-01 5.70431E-01 6.33398E-01 3.59375E-01 2.57661E-01 1.17829E-01 6.92583E+00
1.32642E-01 2.70645E-01 3.81036E-01 4.48613E-01 4.69329E-01 5.84424E-01 6.48788E-01 3.71711E-01 2.70645E-01 1.32642E-01 7.09617E+00
1.46683E-01 2.82946E-01 3.92475E-01 4.59882E-01 4.80731E-01 5.97667E-01 6.63375E-01 3.83387E-01 2.82946E-01 1.46683E-01 7.25062E+00
1.60008E-01 2.94614E-01 4.03312E-01 4.70555E-01 4.91527E-01 6.10217E-01 6.77219E-01 3.94451E-01 2.94614E-01 1.60008E-01 7.39073E+00
1.72668E-01 3.05693E-01 4.13589E-01 4.80674E-01 5.01760E-01 6.22123E-01 6.90372E-01 4.04946E-01 3.05693E-01 1.72668E-01 7.51789E+00
1.84709E-01 3.16224E-01 4.23345E-01 4.90277E-01 5.11469E-01 6.33430E-01 7.02883E-01 4.14911E-01 3.16224E-01 1.84709E-01 7.63330E+00
1.96175E-01 3.26243E-01 4.32615E-01 4.99398E-01 5.20689E-01 6.44178E-01 7.14795E-01 4.24381E-01 3.26243E-01 1.96175E-01 7.73807E+00
2.07104E-01 3.35784E-01 4.41431E-01 5.08069E-01 5.29453E-01 6.54405E-01 7.26146E-01 4.33390E-01 3.35784E-01 2.07104E-01 7.83315E+00
2.17530E-01 3.44878E-01 4.49822E-01 5.16318E-01 5.37789E-01 6.64144E-01 7.36975E-01 4.41966E-01 3.44878E-01 2.17530E-01 7.91941E+00
2.27485E-01 3.53553E-01 4.57814E-01 5.24173E-01 5.45725E-01 6.73427E-01 7.47313E-01 4.50137E-01 3.53553E-01 2.27485E-01 7.99763E+00
2.36999E-01 3.61834E-01 4.65433E-01 5.31658E-01 5.53285E-01 6.82282E-01 7.57192E-01 4.57929E-01 3.61834E-01 2.36999E-01 8.06851E+00
2.46099E-01 3.69745E-01 4.72701E-01 5.38794E-01 5.60493E-01 6.90735E-01 7.66638E-01 4.65363E-01 3.69745E-01 2.46099E-01 8.13266E+00
2.54810E-01 3.77309E-01 4.79639E-01 5.45604E-01 5.67369E-01 6.98811E-01 7.75678E-01 4.72462E-01 3.77309E-01 2.54810E-01 8.19067E+00
2.63154E-01 3.84545E-01 4.86267E-01 5.52105E-01 5.73934E-01 7.06531E-01 7.84335E-01 4.79245E-01 3.84545E-01 2.63154E-01 8.24303E+00
2.71153E-01 3.91472E-01 4.92601E-01 5.58315E-01 5.80203E-01 7.13916E-01 7.92631E-01 4.85731E-01 3.91472E-01 2.71153E-01 8.29021E+00
2.78825E-01 3.98108E-01 4.98659E-01 5.64251E-01 5.86196E-01 7.20984E-01 8.00587E-01 4.91935E-01 3.98108E-01 2.78825E-01 8.33263E+00
2.86189E-01 4.04468E-01 5.04456E-01 5.69929E-01 5.91926E-01 7.27754E-01 8.08220E-01 4.97873E-01 4.04468E-01 2.86189E-01 8.37066E+00
2.93262E-01 4.10568E-01 5.10007E-01 5.75361E-01 5.97408E-01 7.34242E-01 8.15549E-01 5.03561E-01 4.10568E-01 2.93262E-01 8.40466E+00
3.00059E-01 4.16421E-01 5.15323E-01 5.80562E-01 6.02656E-01 7.40463E-01 8.22589E-01 5.09011E-01 4.16421E-01 3.00059E-01 8.43492E+00
3.06595E-01 4.22040E-01 5.20419E-01 5.85543E-01 6.07681E-01 7.46431E-01 8.29356E-01 5.14235E-01 4.22040E-01 3.06595E-01 8.46175E+00
3.12883E-01 4.27437E-01 5.25304E-01 5.90316E-01 6.12496E-01 7.52158E-01 8.35863E-01 5.19247E-01 4.27437E-01 3.12883E-01 8.48539E+00
3.18935E-01 4.32624E-01 5.29991E-01 5.94892E-01 6.17111E-01 7.57658E-01 8.42124E-01 5.24055E-01 4.32624E-01 3.18935E-01 8.50610E+00
3.24764E-01 4.37611E-01 5.34488E-01 5.99280E-01 6.21536E-01 7.62941E-01 8.48150E-01 5.28672E-01 4.37611E-01 3.24764E-01 8.52409E+00
3.30380E-01 4.42407E-01 5.38805E-01 6.03490E-01 6.25781E-01 7.68019E-01 8.53954E-01 5.33105E-01 4.42407E-01 3.30380E-01 8.53955E+00
3.35794E-01 4.47023E-01 5.42952E-01 6.07530E-01 6.29854E-01 7.72901E-01 8.59545E-01 5.37364E-01 4.47023E-01 3.35794E-01 8.55268E+00
3.41015E-01 4.51466E-01 5.46936E-01 6.11408E-01 6.33765E-01 7.77597E-01 8.64935E-01 5.41458E-01 4.51466E-01 3.41015E-01 8.56365E+00
3.46052E-01 4.55745E-01 5.50764E-01 6.15133E-01 6.37519E-01 7.82115E-01 8.70131E-01 5.45394E-01 4.55745E-01 3.46052E-01 8.57260E+00
3.50913E-01 4.59866E-01 5.54445E-01 6.18711E-01 6.41126E-01 7.86464E-01 8.75144E-01 5.49180E-01 4.59866E-01 3.50913E-01 8.57968E+00
3.55607E-01 4.63839E-01 5.57985E-01 6.22150E-01 6.44591E-01 7.90651E-01 8.79980E-01 5.52822E-01 4.63839E-01 3.55607E-01 8.58503E+00
3.60142E-01 4.67668E-01 5.61391E-01 6.25455E-01 6.47921E-01 7.94684E-01 8.84649E-01 5.56326E-01 4.67668E-01 3.60142E-01 8.58877E+00
3.64523E-01 4.71361E-01 5.64668E-01 6.28632E-01 6.51122E-01 7.98570E-01 8.89158E-01 5.59701E-01 4.71361E-01 3.64523E-01 8.59101E+00
3.68758E-01 4.74923E-01 5.67822E-01 6.31688E-01 6.54201E-01 8.02315E-01 8.93513E-01 5.62950E-01 4.74923E-01 3.68758E-01 8.59185E+00
3.72854E-01 4.78361E-01 5.70859E-01 6.34628E-01 6.57162E-01 8.05925E-01 8.97721E-01 5.66079E-01 4.78361E-01 3.72854E-01 8.59139E+00
3.76815E-01 4.81679E-01 5.73783E-01 6.37456E-01 6.60010E-01 8.09407E-01 9.01788E-01 5.69094E-01 4.81679E-01 3.76815E-01 8.58972E+00
3.80648E-01 4.84882E-01 5.76600E-01 6.40178E-01 6.62750E-01 8.12764E-01 9.05721E-01 5.71999E-01 4.84882E-01 3.80648E-01 8.58692E+00
3.84358E-01 4.87976E-01 5.79313E-01 6.42797E-01 6.65388E-01 8.16004E-01 9.09524E-01 5.74800E-01 4.87976E-01 3.84358E-01 8.58308E+00
0.00000E+00 0.00000E+00 8.78729E-02 1.57197E-01 1.75353E-01 2.51310E-01 2.86710E-01 7.32302E-02 0.00000E+00 0.00000E+00 8.35441E-01
0.00000E+00 0.00000E+00 1.16591E-01 1.85532E-01 2.04435E-01 2.87796E-01 3.27535E-01 1.02868E-01 0.00000E+00 0.00000E+00 1.70050E+00
0.00000E+00 1.90468E-02 1.42422E-01 2.11062E-01 2.30546E-01 3.20045E-01 3.63538E-01 1.29472E-01 1.90468E-02 0.00000E+00 2.40806E+00
0.00000E+00 4.46868E-02 1.65916E-01 2.34304E-01 2.54261E-01 3.49063E-01 3.95915E-01 1.53642E-01 4.46868E-02 0.00000E+00 3.00711E+00
0.00000E+00 6.81233E-02 1.87407E-01 2.55574E-01 2.75929E-01 3.75419E-01 4.25329E-01 1.75737E-01 6.81233E-02 0.00000E+00 3.53042E+00
0.00000E+00 8.96314E-02 2.07136E-01 2.75102E-01 2.95796E-01 3.99481E-01 4.52199E-01 1.96009E-01 8.96314E-02 0.00000E+00 3.98862E+00
0.00000E+00 1.09444E-01 2.25307E-01 2.93090E-01 3.14076E-01 4.21548E-01 4.76862E-01 2.14675E-01 1.09444E-01 0.00000E+00 4.39100E+00
0.00000E+00 1.27757E-01 2.42098E-01 3.09709E-01 3.30950E-01 4.41869E-01 4.99596E-01 2.31918E-01 1.27757E-01 0.00000E+00 4.74542E+00
7.53710E-03 1.44749E-01 2.57675E-01 3.25125E-01 3.46587E-01 4.60644E-01 5.20614E-01 2.47910E-01 1.44749E-01 7.53710E-03 5.04337E+00
2.59009E-02 1.60576E-01 2.72180E-01 3.39475E-01 3.61132E-01 4.78065E-01 5.40129E-01 2.62798E-01 1.60576E-01 2.59009E-02 5.28522E+00
4.30294E-02 1.75340E-01 2.85692E-01 3.52836E-01 3.74668E-01 4.94282E-01 5.58330E-01 2.76668E-01 1.75340E-01 4.30294E-02 5.50006E+00
5.90415E-02 1.89139E-01 2.98302E-01 3.65300E-01 3.87289E-01 5.09410E-01 5.75343E-01 2.89615E-01 1.89139E-01 5.90415E-02 5.69113E+00
7.40409E-02 2.02061E-01 3.10091E-01 3.76946E-01 3.99077E-01 5.23550E-01 5.91278E-01 3.01721E-01 2.02061E-01 7.40409E-02 5.86122E+00
8.81186E-02 2.14181E-01 3.21131E-01 3.87845E-01 4.10104E-01 5.36790E-01 6.06230E-01 3.13060E-01 2.14181E-01 8.81186E-02 6.01275E+00
1.01355E-01 2.25568E-01 3.31484E-01 3.98060E-01 4.20437E-01 5.49208E-01 6.20286E-01 3.23697E-01 2.25568E-01 1.01355E-01 6.14781E+00
1.13820E-01 2.36283E-01 3.41208E-01 4.07648E-01 4.30131E-01 5.60874E-01 6.33519E-01 3.33689E-01 2.36283E-01 1.13820E-01 6.26823E+00
1.25578E-01 2.46378E-01 3.50353E-01 4.16659E-01 4.39239E-01 5.71849E-01 6.45997E-01 3.43090E-01 2.46378E-01 1.25578E-01 6.37560E+00
1.36684E-01 2.55902E-01 3.58964E-01 4.25138E-01 4.47807E-01 5.82188E-01 6.57779E-01 3.51944E-01 2.55902E-01 1.36684E-01 6.47130E+00
1.47189E-01 2.64900E-01 3.67082E-01 4.33125E-01 4.55876E-01 5.91941E-01 6.68919E-01 3.60295E-01 2.64900E-01 1.47189E-01 6.55655E+00
1.57138E-01 2.73409E-01 3.74744E-01 4.40658E-01 4.63483E-01 6.01151E-01 6.79465E-01 3.68178E-01 2.73409E-01 1.57138E-01 6.63243E+00
1.66571E-01 2.81466E-01 3.81982E-01 4.47769E-01 4.70662E-01 6.09859E-01 6.89460E-01 3.75629E-01 2.81466E-01 1.66571E-01 6.69987E+00
1.75527E-01 2.89101E-01 3.88828E-01 4.54488E-01 4.77444E-01 6.18101E-01 6.98943E-01 3.82678E-01 2.89101E-01 1.75527E-01 6.75971E+00
1.84036E-01 2.96345E-01 3.95307E-01 4.60842E-01 4.83857E-01 6.25908E-01 7.07950E-01 3.89352E-01 2.96345E-01 1.84036E-01 6.81269E+00
1.92131E-01 3.03224E-01 4.01446E-01 4.66857E-01 4.89925E-01 6.33312E-01 7.16512E-01 3.95679E-01 3.03224E-01 1.92131E-01 6.85947E+00
1.99839E-01 3.09762E-01 4.07267E-01 4.72554E-01 4.95671E-01 6.40339E-01 7.24660E-01 4.01679E-01 3.09762E-01 1.99839E-01 6.90064E+00
2.07184E-01 3.15980E-01 4.12790E-01 4.77955E-01 5.01118E-01 6.47013E-01 7.32420E-01 4.07376E-01 3.15980E-01 2.07184E-01 6.93670E+00
2.14190E-01 3.21900E-01 4.18035E-01 4.83079E-01 5.06283E-01 6.53357E-01 7.39816E-01 4.12787E-01 3.21900E-01 2.14190E-01 6.96814E+00
2.20878E-01 3.27539E-01 4.23018E-01 4.87943E-01 5.11185E-01 6.59392E-01 7.46871E-01 4.17931E-01 3.27539E-01 2.20878E-01 6.99537E+00
2.27267E-01 3.32915E-01 4.27757E-01 4.92562E-01 5.15840E-01 6.65137E-01 7.53606E-01 4.22825E-01 3.32915E-01 2.27267E-01 7.01877E+00
2.33375E-01 3.38044E-01 4.32265E-01 4.96953E-01 5.20263E-01 6.70609E-01 7.60039E-01 4.27484E-01 3.38044E-01 2.33375E-01 7.03867E+00
2.39218E-01 3.42939E-01 4.36557E-01 5.01127E-01 5.24467E-01 6.75825E-01 7.66189E-01 4.31920E-01 3.42939E-01 2.39218E-01 7.05538E+00
2.44813E-01 3.47616E-01 4.40645E-01 5.05099E-01 5.28466E-01 6.80799E-01 7.72071E-01 4.36148E-01 3.47616E-01 2.44813E-01 7.06918E+00
2.50172E-01 3.52084E-01 4.44541E-01 5.08880E-01 5.32272E-01 6.85546E-01 7.77701E-01 4.40180E-01 3.52084E-01 2.50172E-01 7.08031E+00
2.55308E-01 3.56358E-01 4.48255E-01 5.12479E-01 5.35895E-01 6.90077E-01 7.83091E-01 4.44025E-01 3.56358E-01 2.55308E-01 7.08900E+00
2.60235E-01 3.60446E-01 4.51798E-01 5.15908E-01 5.39345E-01 6.94405E-01 7.88257E-01 4.47695E-01 3.60446E-01 2.60235E-01 7.09547E+00
2.64963E-01 3.64359E-01 4.55178E-01 5.19176E-01 5.42632E-01 6.98541E-01 7.93208E-01 4.51199E-01 3.64359E-01 2.64963E-01 7.09988E+00
2.69502E-01 3.68106E-01 4.58405E-01 5.22292E-01 5.45765E-01 7.02495E-01 7.97957E-01 4.54546E-01 3.68106E-01 2.69502E-01 7.10242E+00
2.73862E-01 3.71697E-01 4.61487E-01 5.25263E-01 5.48752E-01 7.06277E-01 8.02513E-01 4.57744E-01 3.71697E-01 2.73862E-01 7.10323E+00
2.78053E-01 3.75138E-01 4.64431E-01 5.28097E-01 5.51600E-01 7.09895E-01 8.06888E-01 4.60802E-01 3.75138E-01 2.78053E-01 7.10246E+00
2.82083E-01 3.78438E-01 4.67245E-01 5.30801E-01 5.54317E-01 7.13358E-01 8.11088E-01 4.63725E-01 3.78438E-01 2.82083E-01 7.10024E+00
2.85959E-01 3.81603E-01 4.69934E-01 5.33381E-01 5.56910E-01 7.16674E-01 8.15124E-01 4.66521E-01 3.81603E-01 2.85959E-01 7.09668E+00
2.89690E-01 3.84640E-01 4.72506E-01 5.35845E-01 5.59384E-01 7.19850E-01 8.19004E-01 4.69196E-01 3.84640E-01 2.89690E-01 7.09190E+00
2.93282E-01 3.87556E-01 4.74965E-01 5.38197E-01 5.61745E-01 7.22892E-01 8.22733E-01 4.71757E-01 3.87556E-01 2.93282E-01 7.08599E+00
2.96741E-01 3.90355E-01 4.77317E-01 5.40444E-01 5.64000E-01 7.25807E-01 8.26321E-01 4.74208E-01 3.90355E-01 2.96741E-01 7.07905E+00
3.00075E-01 3.93044E-01 4.79569E-01 5.42589E-01 5.66153E-01 7.28601E-01 8.29772E-01 4.76555E-01 3.93044E-01 3.00075E-01 7.07115E+00
3.03288E-01 3.95628E-01 4.81723E-01 5.44639E-01 5.68208E-01 7.31281E-01 8.33094E-01 4.78803E-01 3.95628E-01 3.03288E-01 7.06237E+00
3.06386E-01 3.98111E-01 4.83785E-01 5.46597E-01 5.70172E-01 7.33850E-01 8.36292E-01 4.80956E-01 3.98111E-01 3.06386E-01 7.05279E+00
3.09374E-01 4.00498E-01 4.85759E-01 5.48468E-01 5.72047E-01 7.36314E-01 8.39372E-01 4.83019E-01 4.00498E-01 3.09374E-01 7.04247E+00
3.12257E-01 4.02793E-01 4.87649E-01 5.50255E-01 5.73838E-01 7.38678E-01 8.42338E-01 4.84996E-01 4.02793E-01 3.12257E-01 7.03146E+00
3.15040E-01 4.05001E-01 4.89459E-01 5.51963E-01 5.75548E-01 7.40946E-01 8.45197E-01 4.86890E-01 4.05001E-01 3.15040E-01 7.01984E+00
0.00000E+00 0.00000E+00 8.69611E-02 1.54786E-01 1.75497E-01 2.66476E-01 3.06262E-01 7.38054E-02 0.00000E+00 0.00000E+00 1.09964E+00
0.00000E+00 0.00000E+00 1.13238E-01 1.81011E-01 2.02346E-01 3.01253E-01 3.46229E-01 1.01152E-01 0.00000E+00 0.00000E+00 1.87648E+00
0.00000E+00 1.74331E-02 1.36381E-01 2.04093E-01 2.25902E-01 3.31329E-01 3.80748E-01 1.25181E-01 1.74331E-02 0.00000E+00 2.49138E+00
0.00000E+00 4.05722E-02 1.57069E-01 2.24708E-01 2.46897E-01 3.57916E-01 4.11277E-01 1.46633E-01 4.05722E-02 0.00000E+00 2.99827E+00
0.00000E+00 6.14206E-02 1.75711E-01 2.43268E-01 2.65769E-01 3.81701E-01 4.38626E-01 1.65948E-01 6.14206E-02 0.00000E+00 3.43151E+00
0.00000E+00 8.03173E-02 1.92600E-01 2.60068E-01 2.82830E-01 4.03130E-01 4.63306E-01 1.83440E-01 8.03173E-02 0.00000E+00 3.80339E+00
0.00000E+00 9.75343E-02 2.07976E-01 2.75346E-01 2.98331E-01 4.22553E-01 4.85716E-01 1.99358E-01 9.75343E-02 0.00000E+00 4.12394E+00
0.00000E+00 1.13292E-01 2.22035E-01 2.89301E-01 3.12475E-01 4.40247E-01 5.06173E-01 2.13909E-01 1.13292E-01 0.00000E+00 4.40133E+00
6.52389E-03 1.27786E-01 2.34957E-01 3.02115E-01 3.25450E-01 4.56438E-01 5.24917E-01 2.27279E-01 1.27786E-01 6.52389E-03 4.62896E+00
2.23389E-02 1.41179E-01 2.46888E-01 3.13932E-01 3.37406E-01 4.71326E-01 5.42177E-01 2.39620E-01 1.41179E-01 2.23389E-02 4.80785E+00
3.69883E-02 1.53575E-01 2.57904E-01 3.24829E-01 3.48425E-01 4.85065E-01 5.58154E-01 2.51017E-01 1.53575E-01 3.69883E-02 4.96375E+00
5.05942E-02 1.65075E-01 2.68099E-01 3.34901E-01 3.58604E-01 4.97776E-01 5.72984E-01 2.61568E-01 1.65075E-01 5.05942E-02 5.09970E+00
6.32617E-02 1.75768E-01 2.77553E-01 3.44230E-01 3.68027E-01 5.09563E-01 5.86780E-01 2.71355E-01 1.75768E-01 6.32617E-02 5.21829E+00
7.50820E-02 1.85731E-01 2.86337E-01 3.52886E-01 3.76767E-01 5.20517E-01 5.99643E-01 2.80452E-01 1.85731E-01 7.50820E-02 5.32170E+00
8.61345E-02 1.95032E-01 2.94513E-01 3.60932E-01 3.84887E-01 5.30717E-01 6.11661E-01 2.88923E-01 1.95032E-01 8.61345E-02 5.41181E+00
9.64886E-02 2.03729E-01 3.02136E-01 3.68423E-01 3.92443E-01 5.40230E-01 6.22909E-01 2.96824E-01 2.03729E-01 9.64886E-02 5.49023E+00
1.06206E-01 2.11874E-01 3.09254E-01 3.75407E-01 3.99485E-01 5.49118E-01 6.33455E-01 3.04205E-01 2.11874E-01 1.06206E-01 5.55835E+00
1.15340E-01 2.19515E-01 3.15910E-01 3.81928E-01 4.06058E-01 5.57435E-01 6.43358E-01 3.11110E-01 2.19515E-01 1.15340E-01 5.61735E+00
1.23939E-01 2.26693E-01 3.22142E-01 3.88024E-01 4.12199E-01 5.65228E-01 6.52671E-01 3.17579E-01 2.26693E-01 1.23939E-01 5.66828E+00
1.32047E-01 2.33445E-01 3.27984E-01 3.93730E-01 4.17944E-01 5.72539E-01 6.61442E-01 3.23646E-01 2.33445E-01 1.32047E-01 5.71204E+00
1.39701E-01 2.39803E-01 3.33466E-01 3.99075E-01 4.23324E-01 5.79407E-01 6.69713E-01 3.29343E-01 2.39803E-01 1.39701E-01 5.74942E+00
1.46935E-01 2.45798E-01 3.38617E-01 4.04088E-01 4.28368E-01 5.85865E-01 6.77520E-01 3.34697E-01 2.45798E-01 1.46935E-01 5.78112E+00
1.53782E-01 2.51456E-01 3.43460E-01 4.08793E-01 4.33100E-01 5.91945E-01 6.84900E-01 3.39736E-01 2.51456E-01 1.53782E-01 5.80773E+00
1.60268E-01 2.56801E-01 3.48018E-01 4.13214E-01 4.37544E-01 5.97674E-01 6.91881E-01 3.44481E-01 2.56801E-01 1.60268E-01 5.82979E+00
1.66419E-01 2.61857E-01 3.52312E-01 4.17371E-01 4.41720E-01 6.03078E-01 6.98493E-01 3.48954E-01 2.61857E-01 1.66419E-01 5.84778E+00
1.72259E-01 2.66642E-01 3.56360E-01 4.21281E-01 4.45648E-01 6.08178E-01 7.04760E-01 3.53173E-01 2.66642E-01 1.72259E-01 5.86210E+00
1.77808E-01 2.71175E-01 3.60179E-01 4.24963E-01 4.49344E-01 6.12995E-01 7.10706E-01 3.57157E-01 2.71175E-01 1.77808E-01 5.87314E+00
1.83085E-01 2.75472E-01 3.63785E-01 4.28431E-01 4.52824E-01 6.17550E-01 7.16351E-01 3.60920E-01 2.75472E-01 1.83085E-01 5.88123E+00
1.88108E-01 2.79550E-01 3.67190E-01 4.31700E-01 4.56102E-01 6.21858E-01 7.21715E-01 3.64477E-01 2.79550E-01 1.88108E-01 5.88665E+00
1.92893E-01 2.83421E-01 3.70409E-01 4.34782E-01 4.59192E-01 6.25936E-01 7.26816E-01 3.67842E-01 2.83421E-01 1.92893E-01 5.88966E+00
1.97455E-01 2.87099E-01 3.73452E-01 4.37690E-01 4.62105E-01 6.29798E-01 7.31670E-01 3.71027E-01 2.87099E-01 1.97455E-01 5.89052E+00
2.01806E-01 2.90596E-01 3.76332E-01 4.40434E-01 4.64854E-01 6.33458E-01 7.36292E-01 3.74042E-01 2.90596E-01 2.01806E-01 5.88941E+00
2.05960E-01 2.93922E-01 3.79057E-01 4.43025E-01 4.67447E-01 6.36927E-01 7.40695E-01 3.76898E-01 2.93922E-01 2.05960E-01 5.88654E+00
2.09929E-01 2.97087E-01 3.81638E-01 4.45472E-01 4.69894E-01 6.40218E-01 7.44892E-01 3.79605E-01 2.97087E-01 2.09929E-01 5.88207E+00
2.13722E-01 3.00101E-01 3.84082E-01 4.47783E-01 4.72204E-01 6.43340E-01 7.48896E-01 3.82172E-01 3.00101E-01 2.13722E-01 5.87617E+00
2.17349E-01 3.02973E-01 3.86398E-01 4.49966E-01 4.74386E-01 6.46304E-01 7.52716E-01 3.84606E-01 3.02973E-01 2.17349E-01 5.86895E+00
2.20821E-01 3.05710E-01 3.88593E-01 4.52030E-01 4.76446E-01 6.49118E-01 7.56363E-01 3.86915E-01 3.05710E-01 2.20821E-01 5.86056E+00
2.24144E-01 3.08319E-01 3.90674E-01 4.53979E-01 4.78391E-01 6.51791E-01 7.59847E-01 3.89107E-01 3.08319E-01 2.24144E-01 5.85110E+00
2.27328E-01 3.10809E-01 3.92647E-01 4.55822E-01 4.80228E-01 6.54330E-01 7.63175E-01 3.91187E-01 3.10809E-01 2.27328E-01 5.84068E+00
2.30380E-01 3.13184E-01 3.94518E-01 4.57564E-01 4.81964E-01 6.56743E-01 7.66357E-01 3.93162E-01 3.13184E-01 2.30380E-01 5.82938E+00
2.33305E-01 3.15452E-01 3.96293E-01 4.59210E-01 4.83602E-01 6.59037E-01 7.69400E-01 3.95037E-01 3.15452E-01 2.33305E-01 5.81731E+00
2.36112E-01 3.17618E-01 3.97976E-01 4.60765E-01 4.85150E-01 6.61217E-01 7.72310E-01 3.96818E-01 3.17618E-01 2.36112E-01 5.80452E+00
2.38805E-01 3.19686E-01 3.99573E-01 4.62235E-01 4.86611E-01 6.63290E-01 7.75095E-01 3.98510E-01 3.19686E-01 2.38805E-01 5.79109E+00
2.41391E-01 3.21663E-01 4.01088E-01 4.63623E-01 4.87990E-01 6.65261E-01 7.77761E-01 4.00117E-01 3.21663E-01 2.41391E-01 5.77708E+00
2.43875E-01 3.23552E-01 4.02525E-01 4.64935E-01 4.89291E-01 6.67136E-01 7.80313E-01 4.01644E-01 3.23552E-01 2.43875E-01 5.76256E+00
2.46261E-01 3.25357E-01 4.03889E-01 4.66173E-01 4.90518E-01 6.68918E-01 7.82757E-01 4.03094E-01 3.25357E-01 2.46261E-01 5.74758E+00
2.48554E-01 3.27084E-01 4.05182E-01 4.67342E-01 4.91676E-01 6.70613E-01 7.85099E-01 4.04472E-01 3.27084E-01 2.48554E-01 5.73217E+00
2.50758E-01 3.28735E-01 4.06408E-01 4.68446E-01 4.92767E-01 6.72224E-01 7.87342E-01 4.05780E-01 3.28735E-01 2.50758E-01 5.71640E+00
2.52879E-01 3.30314E-01 4.07571E-01 4.69486E-01 4.93795E-01 6.73757E-01 7.89492E-01 4.07023E-01 3.30314E-01 2.52879E-01 5.70029E+00
2.54919E-01 3.31825E-01 4.08673E-01 4.70467E-01 4.94763E-01 6.75214E-01 7.91552E-01 4.08204E-01 3.31825E-01 2.54919E-01 5.68389E+00
0.00000E+00 0.00000E+00 8.50376E-02 1.53287E-01 1.76356E-01 2.84819E-01 3.30869E-01 7.40779E-02 0.00000E+00 0.00000E+00 1.34858E+00
0.00000E+00 0.00000E+00 1.08578E-01 1.76961E-01 2.00506E-01 3.17323E-01 3.69510E-01 9.88029E-02 0.00000E+00 0.00000E+00 2.02484E+00
0.00000E+00 1.57167E-02 1.28879E-01 1.97314E-01 2.21210E-01 3.44832E-01 4.02217E-01 1.20070E-01 1.57167E-02 0.00000E+00 2.54169E+00
0.00000E+00 3.62868E-02 1.46708E-01 2.15140E-01 2.39310E-01 3.68720E-01 4.30674E-01 1.38721E-01 3.62868E-02 0.00000E+00 2.95550E+00
0.00000E+00 5.45540E-02 1.62525E-01 2.30915E-01 2.55303E-01 3.89759E-01 4.55811E-01 1.55255E-01 5.45540E-02 0.00000E+00 3.30080E+00
0.00000E+00 7.09037E-02 1.76660E-01 2.44978E-01 2.69542E-01 4.08454E-01 4.78217E-01 1.70023E-01 7.09037E-02 0.00000E+00 3.59061E+00
0.00000E+00 8.56337E-02 1.89370E-01 2.57594E-01 2.82302E-01 4.25187E-01 4.98340E-01 1.83299E-01 8.56337E-02 0.00000E+00 3.83508E+00
0.00000E+00 9.89794E-02 2.00860E-01 2.68971E-01 2.93798E-01 4.40257E-01 5.16525E-01 1.95297E-01 9.89794E-02 0.00000E+00 4.04218E+00
5.56810E-03 1.11144E-01 2.11317E-01 2.79302E-01 3.04226E-01 4.53900E-01 5.33031E-01 2.06213E-01 1.11144E-01 5.56810E-03 4.20681E+00
1.89971E-02 1.22292E-01 2.20883E-01 2.88730E-01 3.13733E-01 4.66322E-01 5.48099E-01 2.16196E-01 1.22292E-01 1.89971E-02 4.33028E+00
3.13489E-02 1.32524E-01 2.29629E-01 2.97329E-01 3.22398E-01 4.77674E-01 5.61936E-01 2.25327E-01 1.32524E-01 3.13489E-02 4.43503E+00
4.27451E-02 1.41944E-01 2.37647E-01 3.05192E-01 3.30315E-01 4.88080E-01 5.74681E-01 2.33701E-01 1.41944E-01 4.27451E-02 4.52378E+00
5.32889E-02 1.50638E-01 2.45015E-01 3.12399E-01 3.37567E-01 4.97642E-01 5.86452E-01 2.41401E-01 1.50638E-01 5.32889E-02 4.59880E+00
6.30690E-02 1.58681E-01 2.51801E-01 3.19018E-01 3.44222E-01 5.06449E-01 5.97351E-01 2.48496E-01 1.58681E-01 6.30690E-02 4.66198E+00
7.21619E-02 1.66138E-01 2.58062E-01 3.25109E-01 3.50343E-01 5.14579E-01 6.07464E-01 2.55047E-01 1.66138E-01 7.21619E-02 4.71493E+00
8.06341E-02 1.73065E-01 2.63851E-01 3.30724E-01 3.55980E-01 5.22098E-01 6.16868E-01 2.61108E-01 1.73065E-01 8.06341E-02 4.75900E+00
8.85434E-02 1.79511E-01 2.69211E-01 3.35907E-01 3.61181E-01 5.29065E-01 6.25629E-01 2.66723E-01 1.79511E-01 8.85434E-02 4.79535E+00
9.59408E-02 1.85520E-01 2.74181E-01 3.40699E-01 3.65985E-01 5.35529E-01 6.33804E-01 2.71934E-01 1.85520E-01 9.59408E-02 4.82495E+00
1.02871E-01 1.91130E-01 2.78797E-01 3.45135E-01 3.70429E-01 5.41536E-01 6.41445E-01 2.76777E-01 1.91130E-01 1.02871E-01 4.84867E+00
1.09374E-01 1.96375E-01 2.83088E-01 3.49245E-01 3.74544E-01 5.47125E-01 6.48598E-01 2.81283E-01 1.96375E-01 1.09374E-01 4.86722E+00
1.15485E-01 2.01286E-01 2.87082E-01 3.53058E-01 3.78357E-01 5.52332E-01 6.55302E-01 2.85481E-01 2.01286E-01 1.15485E-01 4.88123E+00
1.21235E-01 2.05889E-01 2.90804E-01 3.56598E-01 3.81894E-01 5.57188E-01 6.61594E-01 2.89396E-01 2.05889E-01 1.21235E-01 4.89126E+00
1.26653E-01 2.10208E-01 2.94275E-01 3.59886E-01 3.85178E-01 5.61722E-01 6.67505E-01 2.93050E-01 2.10208E-01 1.26653E-01 4.89776E+00
1.31764E-01 2.14266E-01 2.97514E-01 3.62944E-01 3.88229E-01 5.65958E-01 6.73065E-01 2.96465E-01 2.14266E-01 1.31764E-01 4.90117E+00
1.36591E-01 2.18082E-01 3.00541E-01 3.65789E-01 3.91064E-01 5.69919E-01 6.78300E-01 2.99658E-01 2.18082E-01 1.36591E-01 4.90183E+00
1.41154E-01 2.21674E-01 3.03369E-01 3.68436E-01 3.93699E-01 5.73626E-01 6.83234E-01 3.02645E-01 2.21674E-01 1.41154E-01 4.90006E+00
1.45472E-01 2.25058E-01 3.06015E-01 3.70901E-01 3.96151E-01 5.77098E-01 6.87887E-01 3.05443E-01 2.25058E-01 1.45472E-01 4.89616E+00
1.49563E-01 2.28248E-01 3.08491E-01 3.73197E-01 3.98432E-01 5.80350E-01 6.92279E-01 3.08064E-01 2.28248E-01 1.49563E-01 4.89035E+00
1.53441E-01 2.31257E-01 3.10808E-01 3.75336E-01 4.00554E-01 5.83399E-01 6.96429E-01 3.10521E-01 2.31257E-01 1.53441E-01 4.88287E+00
1.57121E-01 2.34099E-01 3.12979E-01 3.77328E-01 4.02529E-01 5.86258E-01 7.00351E-01 3.12825E-01 2.34099E-01 1.57121E-01 4.87390E+00
1.60616E-01 2.36784E-01 3.15013E-01 3.79185E-01 4.04367E-01 5.88941E-01 7.04061E-01 3.14986E-01 2.36784E-01 1.60616E-01 4.86361E+00
1.63937E-01 2.39322E-01 3.16919E-01 3.80914E-01 4.06076E-01 5.91458E-01 7.07572E-01 3.17014E-01 2.39322E-01 1.63937E-01 4.85215E+00
1.67095E-01 2.41722E-01 3.18705E-01 3.82525E-01 4.07667E-01 5.93821E-01 7.10897E-01 3.18919E-01 2.41722E-01 1.67095E-01 4.83966E+00
1.70101E-01 2.43994E-01 3.20379E-01 3.84026E-01 4.09145E-01 5.96039E-01 7.14048E-01 3.20706E-01 2.43994E-01 1.70101E-01 4.82626E+00
1.72963E-01 2.46144E-01 3.21949E-01 3.85423E-01 4.10520E-01 5.98122E-01 7.17034E-01 3.22385E-01 2.46144E-01 1.72963E-01 4.81206E+00
1.75690E-01 2.48181E-01 3.23420E-01 3.86723E-01 4.11796E-01 6.00078E-01 7.19865E-01 3.23961E-01 2.48181E-01 1.75690E-01 4.79715E+00
1.78290E-01 2.50112E-01 3.24799E-01 3.87931E-01 4.12981E-01 6.01914E-01 7.22551E-01 3.25441E-01 2.50112E-01 1.78290E-01 4.78162E+00
1.80770E-01 2.51941E-01 3.26092E-01 3.89055E-01 4.14080E-01 6.03638E-01 7.25100E-01 3.26831E-01 2.51941E-01 1.80770E-01 4.76554E+00
1.83137E-01 2.53676E-01 3.27303E-01 3.90098E-01 4.15098E-01 6.05256E-01 7.27519E-01 3.28137E-01 2.53676E-01 1.83137E-01 4.74899E+00
1.85397E-01 2.55321E-01 3.28437E-01 3.91066E-01 4.16040E-01 6.06774E-01 7.29816E-01 3.29362E-01 2.55321E-01 1.85397E-01 4.73202E+00
1.87556E-01 2.56882E-01 3.29499E-01 3.91963E-01 4.16911E-01 6.08198E-01 7.31997E-01 3.30512E-01 2.56882E-01 1.87556E-01 4.71470E+00
1.89620E-01 2.58363E-01 3.30493E-01 3.92793E-01 4.17714E-01 6.09534E-01 7.34069E-01 3.31591E-01 2.58363E-01 1.89620E-01 4.69707E+00
1.91593E-01 2.59768E-01 3.31423E-01 3.93560E-01 4.18455E-01 6.10786E-01 7.36037E-01 3.32602E-01 2.59768E-01 1.91593E-01 4.67917E+00
1.93480E-01 2.61102E-01 3.32292E-01 3.94268E-01 4.19135E-01 6.11959E-01 7.37907E-01 3.33551E-01 2.61102E-01 1.93480E-01 4.66106E+00
1.95285E-01 2.62369E-01 3.33104E-01 3.94920E-01 4.19760E-01 6.13057E-01 7.39683E-01 3.34440E-01 2.62369E-01 1.95285E-01 4.64275E+00
1.97013E-01 2.63571E-01 3.33861E-01 3.95519E-01 4.20331E-01 6.14085E-01 7.41371E-01 3.35272E-01 2.63571E-01 1.97013E-01 4.62430E+00
1.98668E-01 2.64712E-01 3.34567E-01 3.96068E-01 4.20852E-01 6.15045E-01 7.42976E-01 3.36050E-01 2.64712E-01 1.98668E-01 4.60572E+00
2.00253E-01 2.65796E-01 3.35225E-01 3.96569E-01 4.21325E-01 6.15942E-01 7.44500E-01 3.36778E-01 2.65796E-01 2.00253E-01 4.58705E+00
2.01771E-01 2.66825E-01 3.35837E-01 3.97026E-01 4.21754E-01 6.16778E-01 7.45948E-01 3.37457E-01 2.66825E-01 2.01771E-01 4.56831E+00
2.03226E-01 2.67802E-01 3.36405E-01 3.97441E-01 4.22140E-01 6.17557E-01 7.47324E-01 3.38091E-01 2.67802E-01 2.03226E-01 4.54952E+00
0.00000E+00 0.00000E+00 8.18400E-02 1.52358E-01 1.77436E-01 3.06079E-01 3.60967E-01 7.38477E-02 0.00000E+00 0.00000E+00 1.56393E+00
0.00000E+00 0.00000E+00 1.02385E-01 1.73018E-01 1.98420E-01 3.35686E-01 3.97711E-01 9.56321E-02 0.00000E+00 0.00000E+00 2.13016E+00
0.00000E+00 1.39098E-02 1.19739E-01 1.90368E-01 2.15998E-01 3.60209E-01 4.28208E-01 1.13980E-01 1.39098E-02 0.00000E+00 2.54650E+00
0.00000E+00 3.18661E-02 1.34710E-01 2.05258E-01 2.31054E-01 3.81114E-01 4.54313E-01 1.29784E-01 3.18661E-02 0.00000E+00 2.86893E+00
0.00000E+00 4.75843E-02 1.47778E-01 2.18193E-01 2.44114E-01 3.99226E-01 4.77051E-01 1.43569E-01 4.75843E-02 0.00000E+00 3.13067E+00
0.00000E+00 6.14756E-02 1.59288E-01 2.29535E-01 2.55549E-01 4.15082E-01 4.97063E-01 1.55706E-01 6.14756E-02 0.00000E+00 3.34453E+00
0.00000E+00 7.38494E-02 1.69503E-01 2.39554E-01 2.65637E-01 4.29080E-01 5.14830E-01 1.66474E-01 7.38494E-02 0.00000E+00 3.52014E+00
0.00000E+00 8.49450E-02 1.78625E-01 2.48461E-01 2.74593E-01 4.41525E-01 5.30718E-01 1.76088E-01 8.49450E-02 0.00000E+00 3.66486E+00
4.67400E-03 9.49647E-02 1.86838E-01 2.56445E-01 2.82612E-01 4.52657E-01 5.44993E-01 1.84741E-01 9.49647E-02 4.67400E-03 3.77469E+00
1.58887E-02 1.04068E-01 1.94275E-01 2.63643E-01 2.89831E-01 4.62676E-01 5.57900E-01 1.92574E-01 1.04068E-01 1.58887E-02 3.85092E+00
2.61307E-02 1.12354E-01 2.01001E-01 2.70121E-01 2.96320E-01 4.71727E-01 5.69649E-01 1.99661E-01 1.12354E-01 2.61307E-02 3.91272E+00
3.55169E-02 1.19919E-01 2.07100E-01 2.75966E-01 3.02169E-01 4.79930E-01 5.80378E-01 2.06093E-01 1.19919E-01 3.55169E-02 3.96240E+00
4.41459E-02 1.26846E-01 2.12646E-01 2.81253E-01 3.07453E-01 4.87384E-01 5.90207E-01 2.11947E-01 1.26846E-01 4.41459E-02 4.00185E+00
5.21013E-02 1.33206E-01 2.17701E-01 2.86046E-01 3.12237E-01 4.94174E-01 5.99233E-01 2.17286E-01 1.33206E-01 5.21013E-02 4.03262E+00
5.94547E-02 1.39059E-01 2.22318E-01 2.90398E-01 3.16575E-01 5.00373E-01 6.07543E-01 2.22167E-01 1.39059E-01 5.94547E-02 4.05601E+00
6.62678E-02 1.44458E-01 2.26543E-01 2.94357E-01 3.20515E-01 5.06042E-01 6.15210E-01 2.26637E-01 1.44458E-01 6.62678E-02 4.07310E+00
7.25939E-02 1.49447E-01 2.30415E-01 2.97962E-01 3.24099E-01 5.11236E-01 6.22298E-01 2.30738E-01 1.49447E-01 7.25939E-02 4.08481E+00
7.84796E-02 1.54066E-01 2.33968E-01 3.01250E-01 3.27361E-01 5.16001E-01 6.28861E-01 2.34506E-01 1.54066E-01 7.84796E-02 4.09189E+00
8.39656E-02 1.58349E-01 2.37234E-01 3.04250E-01 3.30333E-01 5.20378E-01 6.34949E-01 2.37973E-01 1.58349E-01 8.39656E-02 4.09501E+00
8.90879E-02 1.62327E-01 2.40239E-01 3.06990E-01 3.33043E-01 5.24404E-01 6.40604E-01 2.41166E-01 1.62327E-01 8.90879E-02 4.09471E+00
9.38782E-02 1.66027E-01 2.43006E-01 3.09493E-01 3.35514E-01 5.28110E-01 6.45864E-01 2.44111E-01 1.66027E-01 9.38782E-02 4.09146E+00
9.83645E-02 1.69472E-01 2.45556E-01 3.11782E-01 3.37769E-01 5.31524E-01 6.50763E-01 2.46829E-01 1.69472E-01 9.83645E-02 4.08568E+00
1.02572E-01 1.72684E-01 2.47908E-01 3.13874E-01 3.39825E-01 5.34671E-01 6.55329E-01 2.49339E-01 1.72684E-01 1.02572E-01 4.07771E+00
1.06523E-01 1.75682E-01 2.50078E-01 3.15786E-01 3.41701E-01 5.37573E-01 6.59592E-01 2.51659E-01 1.75682E-01 1.06523E-01 4.06785E+00
1.10238E-01 1.78483E-01 2.52082E-01 3.17534E-01 3.43411E-01 5.40251E-01 6.63573E-01 2.53804E-01 1.78483E-01 1.10238E-01 4.05636E+00
1.13734E-01 1.81102E-01 2.53933E-01 3.19131E-01 3.44969E-01 5.42723E-01 6.67294E-01 2.55789E-01 1.81102E-01 1.13734E-01 4.04347E+00
1.17028E-01 1.83553E-01 2.55642E-01 3.20590E-01 3.46387E-01 5.45004E-01 6.70776E-01 2.57626E-01 1.83553E-01 1.17028E-01 4.02937E+00
1.20135E-01 1.85848E-01 2.57221E-01 3.21920E-01 3.47677E-01 5.47109E-01 6.74035E-01 2.59326E-01 1.85848E-01 1.20135E-01 4.01423E+00
1.23068E-01 1.87999E-01 2.58680E-01 3.23132E-01 3.48847E-01 5.49052E-01 6.77088E-01 2.60900E-01 1.87999E-01 1.23068E-01 3.99820E+00
1.25839E-01 1.90017E-01 2.60026E-01 3.24235E-01 3.49908E-01 5.50843E-01 6.79948E-01 2.62357E-01 1.90017E-01 1.25839E-01 3.98141E+00
1.28460E-01 1.91910E-01 2.61270E-01 3.25238E-01 3.50868E-01 5.52496E-01 6.82630E-01 2.63705E-01 1.91910E-01 1.28460E-01 3.96399E+00
1.30940E-01 1.93687E-01 2.62417E-01 3.26146E-01 3.51734E-01 5.54018E-01 6.85145E-01 2.64952E-01 1.93687E-01 1.30940E-01 3.94601E+00
1.33288E-01 1.95356E-01 2.63475E-01 3.26968E-01 3.52513E-01 5.55419E-01 6.87505E-01 2.66105E-01 1.95356E-01 1.33288E-01 3.92759E+00
1.35514E-01 1.96924E-01 2.64450E-01 3.27710E-01 3.53211E-01 5.56708E-01 6.89718E-01 2.67172E-01 1.96924E-01 1.35514E-01 3.90878E+00
1.37624E-01 1.98398E-01 2.65348E-01 3.28376E-01 3.53833E-01 5.57892E-01 6.91796E-01 2.68156E-01 1.98398E-01 1.37624E-01 3.88966E+00
1.39627E-01 1.99783E-01 2.66173E-01 3.28973E-01 3.54386E-01 5.58978E-01 6.93746E-01 2.69065E-01 1.99783E-01 1.39627E-01 3.87030E+00
1.41528E-01 2.01086E-01 2.66931E-01 3.29505E-01 3.54874E-01 5.59972E-01 6.95575E-01 2.69903E-01 2.01086E-01 1.41528E-01 3.85073E+00
1.43334E-01 2.02311E-01 2.67626E-01 3.29977E-01 3.55301E-01 5.60881E-01 6.97293E-01 2.70675E-01 2.02311E-01 1.43334E-01 3.83102E+00
1.45050E-01 2.03463E-01 2.68262E-01 3.30392E-01 3.55672E-01 5.61709E-01 6.98904E-01 2.71385E-01 2.03463E-01 1.45050E-01 3.81120E+00
1.46682E-01 2.04546E-01 2.68843E-01 3.30754E-01 3.55990E-01 5.62462E-01 7.00415E-01 2.72036E-01 2.04546E-01 1.46682E-01 3.79130E+00
1.48234E-01 2.05565E-01 2.69372E-01 3.31067E-01 3.56259E-01 5.63145E-01 7.01833E-01 2.72633E-01 2.05565E-01 1.48234E-01 3.77137E+00
1.49711E-01 2.06524E-01 2.69852E-01 3.31334E-01 3.56481E-01 5.63762E-01 7.03162E-01 2.73179E-01 2.06524E-01 1.49711E-01 3.75142E+00
1.51117E-01 2.07425E-01 2.70287E-01 3.31558E-01 3.56660E-01 5.64316E-01 7.04408E-01 2.73676E-01 2.07425E-01 1.51117E-01 3.73148E+00
1.52455E-01 2.08273E-01 2.70679E-01 3.31741E-01 3.56799E-01 5.64812E-01 7.05574E-01 2.74129E-01 2.08273E-01 1.52455E-01 3.71158E+00
1.53731E-01 2.09070E-01 2.71031E-01 3.31886E-01 3.56900E-01 5.65253E-01 7.06666E-01 2.74539E-01 2.09070E-01 1.53731E-01 3.69174E+00
1.54946E-01 2.09818E-01 2.71346E-01 3.31996E-01 3.56966E-01 5.65642E-01 7.07688E-01 2.74909E-01 2.09818E-01 1.54946E-01 3.67196E+00
1.56104E-01 2.10521E-01 2.71624E-01 3.32072E-01 3.56998E-01 5.65982E-01 7.08642E-01 2.75241E-01 2.10521E-01 1.56104E-01 3.65227E+00
1.57208E-01 2.11181E-01 2.71869E-01 3.32117E-01 3.56999E-01 5.66276E-01 7.09534E-01 2.75538E-01 2.11181E-01 1.57208E-01 3.63269E+00
1.58261E-01 2.11801E-01 2.72082E-01 3.32133E-01 3.56971E-01 5.66527E-01 7.10365E-01 2.75801E-01 2.11801E-01 1.58261E-01 3.61321E+00
1.59265E-01 2.12382E-01 2.72266E-01 3.32121E-01 3.56915E-01 5.66736E-01 7.11139E-01 2.76033E-01 2.12382E-01 1.59265E-01 3.59385E+00
0.00000E+00 0.00000E+00 7.71257E-02 1.51433E-01 1.78086E-01 3.29797E-01 3.96853E-01 7.28599E-02 0.00000E+00 0.00000E+00 1.72503E+00
0.00000E+00 0.00000E+00 9.45036E-02 1.68647E-01 1.95493E-01 3.55866E-01 4.31033E-01 9.14422E-02 0.00000E+00 0.00000E+00 2.17664E+00
0.00000E+00 1.20422E-02 1.08889E-01 1.82762E-01 2.09726E-01 3.76981E-01 4.58856E-01 1.06774E-01 1.20422E-02 0.00000E+00 2.49414E+00
0.00000E+00 2.73824E-02 1.21077E-01 1.94614E-01 2.21652E-01 3.94628E-01 4.82283E-01 1.19743E-01 2.73824E-02 0.00000E+00 2.73032E+00
0.00000E+00 4.06231E-02 1.31539E-01 2.04701E-01 2.31782E-01 4.09642E-01 5.02388E-01 1.30867E-01 4.06231E-02 0.00000E+00 2.91563E+00
0.00000E+00 5.21793E-02 1.40616E-01 2.13378E-01 2.40478E-01 4.22563E-01 5.19848E-01 1.40512E-01 5.21793E-02 0.00000E+00 3.06181E+00
0.00000E+00 6.23568E-02 1.48558E-01 2.20905E-01 2.48007E-01 4.33786E-01 5.35155E-01 1.48948E-01 6.23568E-02 0.00000E+00 3.17746E+00
0.00000E+00 7.13880E-02 1.55556E-01 2.27480E-01 2.54571E-01 4.43611E-01 5.48682E-01 1.56381E-01 7.13880E-02 0.00000E+00 3.26895E+00
3.84807E-03 7.94663E-02 1.61782E-01 2.33283E-01 2.60351E-01 4.52269E-01 5.60698E-01 1.62991E-01 7.94663E-02 3.84807E-03 3.33301E+00
1.30339E-02 8.67414E-02 1.67357E-01 2.38434E-01 2.65471E-01 4.59949E-01 5.71442E-01 1.68906E-01 8.67414E-02 1.30339E-02 3.37075E+00
2.13634E-02 9.33037E-02 1.72334E-01 2.42987E-01 2.69987E-01 4.66782E-01 5.81120E-01 1.74191E-01 9.33037E-02 2.13634E-02 3.39814E+00
2.89454E-02 9.92444E-02 1.76791E-01 2.47021E-01 2.73978E-01 4.72880E-01 5.89867E-01 1.78928E-01 9.92444E-02 2.89454E-02 3.41702E+00
3.58710E-02 1.04639E-01 1.80793E-01 2.50603E-01 2.77513E-01 4.78336E-01 5.97797E-01 1.83186E-01 1.04639E-01 3.58710E-02 3.42887E+00
4.22166E-02 1.09553E-01 1.84395E-01 2.53787E-01 2.80647E-01 4.83226E-01 6.05007E-01 1.87021E-01 1.09553E-01 4.22166E-02 3.43488E+00
4.80472E-02 1.14039E-01 1.87643E-01 2.56622E-01 2.83428E-01 4.87618E-01 6.11576E-01 1.90483E-01 1.14039E-01 4.80472E-02 3.43604E+00
5.34183E-02 1.18145E-01 1.90577E-01 2.59148E-01 2.85897E-01 4.91568E-01 6.17574E-01 1.93614E-01 1.18145E-01 5.34183E-02 3.43315E+00
5.83777E-02 1.21910E-01 1.93229E-01 2.61398E-01 2.88089E-01 4.95123E-01 6.23062E-01 1.96449E-01 1.21910E-01 5.83777E-02 3.42688E+00
6.29669E-02 1.25370E-01 1.95632E-01 2.63403E-01 2.90033E-01 4.98325E-01 6.28090E-01 1.99020E-01 1.25370E-01 6.29669E-02 3.41780E+00
6.72219E-02 1.28554E-01 1.97808E-01 2.65188E-01 2.91757E-01 5.01211E-01 6.32704E-01 2.01353E-01 1.28554E-01 6.72219E-02 3.40637E+00
7.11742E-02 1.31489E-01 1.99782E-01 2.66776E-01 2.93282E-01 5.03812E-01 6.36943E-01 2.03472E-01 1.31489E-01 7.11742E-02 3.39297E+00
7.48516E-02 1.34199E-01 2.01572E-01 2.68186E-01 2.94629E-01 5.06155E-01 6.40842E-01 2.05397E-01 1.34199E-01 7.48516E-02 3.37794E+00
7.82784E-02 1.36702E-01 2.03196E-01 2.69437E-01 2.95815E-01 5.08265E-01 6.44431E-01 2.07148E-01 1.36702E-01 7.82784E-02 3.36156E+00
8.14764E-02 1.39019E-01 2.04670E-01 2.70542E-01 2.96856E-01 5.10164E-01 6.47737E-01 2.08739E-01 1.39019E-01 8.14764E-02 3.34406E+00
8.44649E-02 1.41165E-01 2.06006E-01 2.71516E-01 2.97765E-01 5.11870E-01 6.50785E-01 2.10186E-01 1.41165E-01 8.44649E-02 3.32563E+00
8.72611E-02 1.43154E-01 2.07217E-01 2.72371E-01 2.98554E-01 5.13401E-01 6.53596E-01 2.11501E-01 1.43154E-01 8.72611E-02 3.30646E+00
8.98804E-02 1.44999E-01 2.08314E-01 2.73117E-01 2.99235E-01 5.14771E-01 6.56189E-01 2.12694E-01 1.44999E-01 8.98804E-02 3.28668E+00
9.23367E-02 1.46713E-01 2.09306E-01 2.73764E-01 2.99816E-01 5.15994E-01 6.58581E-01 2.13778E-01 1.46713E-01 9.23367E-02 3.26641E+00
9.46424E-02 1.48304E-01 2.10203E-01 2.74321E-01 3.00307E-01 5.17083E-01 6.60789E-01 2.14759E-01 1.48304E-01 9.46424E-02 3.24578E+00
9.68087E-02 1.49783E-01 2.11011E-01 2.74795E-01 3.00715E-01 5.18048E-01 6.62826E-01 2.15648E-01 1.49783E-01 9.68087E-02 3.22486E+00
9.88460E-02 1.51158E-01 2.11738E-01 2.75193E-01 3.01048E-01 5.18899E-01 6.64704E-01 2.16451E-01 1.51158E-01 9.88460E-02 3.20374E+00
1.00763E-01 1.52438E-01 2.12390E-01 2.75521E-01 3.01311E-01 5.19646E-01 6.66437E-01 2.17175E-01 1.52438E-01 1.00763E-01 3.18247E+00
1.02569E-01 1.53628E-01 2.12973E-01 2.75786E-01 3.01510E-01 5.20295E-01 6.68033E-01 2.17826E-01 1.53628E-01 1.02569E-01 3.16113E+00
1.04272E-01 1.54735E-01 2.13493E-01 2.75993E-01 3.01651E-01 5.20856E-01 6.69502E-01 2.18410E-01 1.54735E-01 1.04272E-01 3.13976E+00
1.05877E-01 1.55765E-01 2.13954E-01 2.76145E-01 3.01739E-01 5.21333E-01 6.70854E-01 2.18931E-01 1.55765E-01 1.05877E-01 3.11839E+00
1.07392E-01 1.56724E-01 2.14360E-01 2.76248E-01 3.01777E-01 5.21734E-01 6.72097E-01 2.19394E-01 1.56724E-01 1.07392E-01 3.09708E+00
1.08823E-01 1.57616E-01 2.14716E-01 2.76304E-01 3.01769E-01 5.22065E-01 6.73237E-01 2.19804E-01 1.57616E-01 1.08823E-01 3.07584E+00
1.10175E-01 1.58445E-01 2.15025E-01 2.76319E-01 3.01720E-01 5.22329E-01 6.74281E-01 2.20164E-01 1.58445E-01 1.10175E-01 3.05471E+00
1.11453E-01 1.59217E-01 2.15291E-01 2.76294E-01 3.01632E-01 5.22533E-01 6.75236E-01 2.20478E-01 1.59217E-01 1.11453E-01 3.03370E+00
1.12661E-01 1.59934E-01 2.15516E-01 2.76234E-01 3.01508E-01 5.22679E-01 6.76107E-01 2.20750E-01 1.59934E-01 1.12661E-01 3.01285E+00
1.13804E-01 1.60600E-01 2.15703E-01 2.76140E-01 3.01351E-01 5.22773E-01 6.76900E-01 2.20981E-01 1.60600E-01 1.13804E-01 2.99215E+00
1.14886E-01 1.61219E-01 2.15856E-01 2.76015E-01 3.01164E-01 5.22818E-01 6.77619E-01 2.21175E-01 1.61219E-01 1.14886E-01 2.97164E+00
1.15910E-01 1.61792E-01 2.15976E-01 2.75861E-01 3.00948E-01 5.22817E-01 6.78270E-01 2.21334E-01 1.61792E-01 1.15910E-01 2.95131E+00
1.16879E-01 1.62324E-01 2.16065E-01 2.75682E-01 3.00707E-01 5.22773E-01 6.78855E-01 2.21461E-01 1.62324E-01 1.16879E-01 2.93118E+00
1.17798E-01 1.62816E-01 2.16126E-01 2.75477E-01 3.00441E-01 5.22690E-01 6.79380E-01 2.21557E-01 1.62816E-01 1.17798E-01 2.91126E+00
1.18668E-01 1.63272E-01 2.16161E-01 2.75250E-01 3.00153E-01 5.22569E-01 6.79847E-01 2.21626E-01 1.63272E-01 1.18668E-01 2.89155E+00
1.19493E-01 1.63692E-01 2.16171E-01 2.75002E-01 2.99845E-01 5.22414E-01 6.80260E-01 2.21668E-01 1.63692E-01 1.19493E-01 2.87206E+00
1.20274E-01 1.64080E-01 2.16158E-01 2.74735E-01 2.99517E-01 5.22226E-01 6.80622E-01 2.21685E-01 1.64080E-01 1.20274E-01 2.85280E+00
1.21014E-01 1.64436E-01 2.16123E-01 2.74449E-01 2.99172E-01 5.22008E-01 6.80937E-01 2.21679E-01 1.64436E-01 1.21014E-01 2.83375E+00
1.21716E-01 1.64764E-01 2.16069E-01 2.74147E-01 2.98810E-01 5.21761E-01 6.81206E-01 2.21652E-01 1.64764E-01 1.21716E-01 2.81494E+00
1.22382E-01 1.65064E-01 2.15995E-01 2.73829E-01 2.98434E-01 5.21489E-01 6.81432E-01 2.21605E-01 1.65064E-01 1.22382E-01 2.79635E+00
0.00000E+00 0.00000E+00 7.07313E-02 1.49685E-01 1.77533E-01 3.55325E-01 4.38590E-01 7.08154E-02 0.00000E+00 0.00000E+00 1.81191E+00
0.00000E+00 0.00000E+00 8.49071E-02 1.63121E-01 1.91065E-01 3.77239E-01 4.69464E-01 8.60446E-02 0.00000E+00 0.00000E+00 2.15099E+00
0.00000E+00 1.01623E-02 9.64184E-02 1.73862E-01 2.01843E-01 3.94555E-01 4.94093E-01 9.83622E-02 1.01623E-02 0.00000E+00 2.37647E+00
0.00000E+00 2.29461E-02 1.05998E-01 1.82660E-01 2.10642E-01 4.08696E-01 5.14462E-01 1.08590E-01 2.29461E-02 0.00000E+00 2.53543E+00
0.00000E+00 3.38322E-02 1.14080E-01 1.89964E-01 2.17922E-01 4.20460E-01 5.31660E-01 1.17209E-01 3.38322E-02 0.00000E+00 2.65438E+00
0.00000E+00 4.32177E-02 1.20979E-01 1.96097E-01 2.24012E-01 4.30366E-01 5.46365E-01 1.24560E-01 4.32177E-02 0.00000E+00 2.74334E+00
0.00000E+00 5.13910E-02 1.26924E-01 2.01291E-01 2.29151E-01 4.38788E-01 5.59066E-01 1.30890E-01 5.13910E-02 0.00000E+00 2.80945E+00
0.00000E+00 5.85680E-02 1.32085E-01 2.05720E-01 2.33515E-01 4.46002E-01 5.70128E-01 1.36382E-01 5.85680E-02 0.00000E+00 2.85792E+00
3.09824E-03 6.49260E-02 1.36616E-01 2.09543E-01 2.37266E-01 4.52226E-01 5.79813E-01 1.41199E-01 6.49260E-02 3.09824E-03 2.88591E+00
1.04567E-02 7.05998E-02 1.40620E-01 2.12861E-01 2.40506E-01 4.57627E-01 5.88350E-01 1.45452E-01 7.05998E-02 1.04567E-02 2.89423E+00
1.70820E-02 7.56706E-02 1.44140E-01 2.15712E-01 2.43274E-01 4.62319E-01 5.95930E-01 1.49193E-01 7.56706E-02 1.70820E-02 2.89583E+00
2.30722E-02 8.02199E-02 1.47245E-01 2.18163E-01 2.45639E-01 4.66402E-01 6.02685E-01 1.52493E-01 8.02199E-02 2.30722E-02 2.89208E+00
2.85081E-02 8.43152E-02 1.49989E-01 2.20269E-01 2.47656E-01 4.69957E-01 6.08718E-01 1.55412E-01 8.43152E-02 2.85081E-02 2.88403E+00
3.34577E-02 8.80127E-02 1.52418E-01 2.22077E-01 2.49373E-01 4.73053E-01 6.14121E-01 1.57999E-01 8.80127E-02 3.34577E-02 2.87255E+00
3.79780E-02 9.13599E-02 1.54572E-01 2.23624E-01 2.50828E-01 4.75748E-01 6.18968E-01 1.60293E-01 9.13599E-02 3.79780E-02 2.85831E+00
4.21175E-02 9.43971E-02 1.56482E-01 2.24945E-01 2.52055E-01 4.78091E-01 6.23322E-01 1.62331E-01 9.43971E-02 4.21175E-02 2.84188E+00
4.59177E-02 9.71589E-02 1.58179E-01 2.26065E-01 2.53081E-01 4.80123E-01 6.27239E-01 1.64143E-01 9.71589E-02 4.59177E-02 2.82370E+00
4.94145E-02 9.96749E-02 1.59685E-01 2.27009E-01 2.53930E-01 4.81880E-01 6.30766E-01 1.65753E-01 9.96749E-02 4.94145E-02 2.80414E+00
5.26386E-02 1.01971E-01 1.61021E-01 2.27798E-01 2.54624E-01 4.83391E-01 6.33942E-01 1.67183E-01 1.01971E-01 5.26386E-02 2.78351E+00
5.56171E-02 1.04069E-01 1.62206E-01 2.28448E-01 2.55179E-01 4.84684E-01 6.36803E-01 1.68453E-01 1.04069E-01 5.56171E-02 2.76204E+00
5.83735E-02 1.05988E-01 1.63255E-01 2.28976E-01 2.55611E-01 4.85782E-01 6.39381E-01 1.69580E-01 1.05988E-01 5.83735E-02 2.73996E+00
6.09285E-02 1.07746E-01 1.64182E-01 2.29394E-01 2.55934E-01 4.86705E-01 6.41702E-01 1.70577E-01 1.07746E-01 6.09285E-02 2.71742E+00
6.33002E-02 1.09359E-01 1.64999E-01 2.29714E-01 2.56160E-01 4.87470E-01 6.43790E-01 1.71459E-01 1.09359E-01 6.33002E-02 2.69457E+00
6.55050E-02 1.10838E-01 1.65716E-01 2.29946E-01 2.56298E-01 4.88093E-01 6.45667E-01 1.72235E-01 1.10838E-01 6.55050E-02 2.67152E+00
6.75571E-02 1.12196E-01 1.66344E-01 2.30100E-01 2.56357E-01 4.88589E-01 6.47351E-01 1.72916E-01 1.12196E-01 6.75571E-02 2.64837E+00
6.94694E-02 1.13444E-01 1.66891E-01 2.30182E-01 2.56347E-01 4.88968E-01 6.48859E-01 1.73511E-01 1.13444E-01 6.94694E-02 2.62520E+00
7.12533E-02 1.14590E-01 1.67363E-01 2.30202E-01 2.56274E-01 4.89242E-01 6.50206E-01 1.74028E-01 1.14590E-01 7.12533E-02 2.60207E+00
7.29191E-02 1.15644E-01 1.67768E-01 2.30163E-01 2.56144E-01 4.89421E-01 6.51405E-01 1.74474E-01 1.15644E-01 7.29191E-02 2.57905E+00
7.44760E-02 1.16613E-01 1.68112E-01 2.30073E-01 2.55963E-01 4.89514E-01 6.52469E-01 1.74854E-01 1.16613E-01 7.44760E-02 2.55616E+00
7.59324E-02 1.17503E-01 1.68400E-01 2.29937E-01 2.55735E-01 4.89527E-01 6.53408E-01 1.75176E-01 1.17503E-01 7.59324E-02 2.53346E+00
7.72959E-02 1.18322E-01 1.68636E-01 2.29758E-01 2.55467E-01 4.89469E-01 6.54232E-01 1.75443E-01 1.18322E-01 7.72959E-02 2.51097E+00
7.85732E-02 1.19073E-01 1.68826E-01 2.29541E-01 2.55161E-01 4.89345E-01 6.54950E-01 1.75660E-01 1.19073E-01 7.85732E-02 2.48871E+00
7.97707E-02 1.19764E-01 1.68973E-01 2.29289E-01 2.54821E-01 4.89161E-01 6.55571E-01 1.75832E-01 1.19764E-01 7.97707E-02 2.46671E+00
8.08939E-02 1.20397E-01 1.69081E-01 2.29006E-01 2.54451E-01 4.88923E-01 6.56101E-01 1.75963E-01 1.20397E-01 8.08939E-02 2.44498E+00
8.19480E-02 1.20978E-01 1.69152E-01 2.28694E-01 2.54053E-01 4.88635E-01 6.56547E-01 1.76055E-01 1.20978E-01 8.19480E-02 2.42354E+00
8.29377E-02 1.21510E-01 1.69191E-01 2.28357E-01 2.53630E-01 4.88301E-01 6.56916E-01 1.76111E-01 1.21510E-01 8.29377E-02 2.40239E+00
8.38674E-02 1.21996E-01 1.69199E-01 2.27997E-01 2.53185E-01 4.87925E-01 6.57213E-01 1.76136E-01 1.21996E-01 8.38674E-02 2.38153E+00
8.47411E-02 1.22440E-01 1.69178E-01 2.27616E-01 2.52719E-01 4.87510E-01 6.57443E-01 1.76131E-01 1.22440E-01 8.47411E-02 2.36099E+00
8.55623E-02 1.22845E-01 1.69132E-01 2.27215E-01 2.52235E-01 4.87061E-01 6.57610E-01 1.76098E-01 1.22845E-01 8.55623E-02 2.34075E+00
8.63344E-02 1.23213E-01 1.69063E-01 2.26797E-01 2.51735E-01 4.86579E-01 6.57720E-01 1.76040E-01 1.23213E-01 8.63344E-02 2.32082E+00
8.70605E-02 1.23547E-01 1.68971E-01 2.26364E-01 2.51220E-01 4.86067E-01 6.57776E-01 1.75958E-01 1.23547E-01 8.70605E-02 2.30121E+00
8.77434E-02 1.23850E-01 1.68859E-01 2.25917E-01 2.50692E-01 4.85529E-01 6.57781E-01 1.75855E-01 1.23850E-01 8.77434E-02 2.28190E+00
8.83859E-02 1.24122E-01 1.68728E-01 2.25457E-01 2.50152E-01 4.84965E-01 6.57740E-01 1.75732E-01 1.24122E-01 8.83859E-02 2.26290E+00
8.89903E-02 1.24367E-01 1.68581E-01 2.24985E-01 2.49601E-01 4.84379E-01 6.57655E-01 1.75591E-01 1.24367E-01 8.89903E-02 2.24421E+00
8.95589E-02 1.24585E-01 1.68417E-01 2.24503E-01 2.49041E-01 4.83772E-01 6.57529E-01 1.75433E-01 1.24585E-01 8.95589E-02 2.22583E+00
9.00938E-02 1.24780E-01 1.68238E-01 2.24012E-01 2.48472E-01 4.83146E-01 6.57365E-01 1.75259E-01 1.24780E-01 9.00938E-02 2.20774E+00
9.05969E-02 1.24951E-01 1.68047E-01 2.23513E-01 2.47895E-01 4.82502E-01 6.57165E-01 1.75071E-01 1.24951E-01 9.05969E-02 2.18995E+00
9.10701E-02 1.25101E-01 1.67842E-01 2.23006E-01 2.47312E-01 4.81842E-01 6.56932E-01 1.74869E-01 1.25101E-01 9.10701E-02 2.17245E+00
9.15151E-02 1.25231E-01 1.67626E-01 2.22493E-01 2.46724E-01 4.81168E-01 6.56668E-01 1.74655E-01 1.25231E-01 9.15151E-02 2.15524E+00
9.19333E-02 1.25342E-01 1.67400E-01 2.21974E-01 2.46130E-01 4.80480E-01 6.56374E-01 1.74430E-01 1.25342E-01 9.19333E-02 2.13832E+00
0.00000E+00 0.00000E+00 6.26589E-02 1.46028E-01 1.74950E-01 3.81849E-01 4.85909E-01 6.74060E-02 0.00000E+00 0.00000E+00 1.80999E+00
0.00000E+00 0.00000E+00 7.37787E-02 1.55543E-01 1.84491E-01 3.99054E-01 5.12672E-01 7.92965E-02 0.00000E+00 0.00000E+00 2.04651E+00
0.00000E+00 8.33457E-03 8.26480E-02 1.62925E-01 1.91843E-01 4.12225E-01 5.33534E-01 8.87294E-02 8.33457E-03 0.00000E+00 2.19222E+00
0.00000E+00 1.86970E-02 8.98984E-02 1.68780E-01 1.97632E-01 4.22644E-01 5.50420E-01 9.64131E-02 1.86970E-02 0.00000E+00 2.28679E+00
0.00000E+00 2.74082E-02 9.59064E-02 1.73469E-01 2.02234E-01 4.31032E-01 5.64383E-01 1.02764E-01 2.74082E-02 0.00000E+00 2.35204E+00
0.00000E+00 3.48298E-02 1.00947E-01 1.77264E-01 2.05925E-01 4.37857E-01 5.76079E-01 1.08080E-01 3.48298E-02 0.00000E+00 2.39592E+00
0.00000E+00 4.12211E-02 1.05216E-01 1.80355E-01 2.08901E-01 4.43454E-01 5.85974E-01 1.12574E-01 4.12211E-02 0.00000E+00 2.42396E+00
0.00000E+00 4.67743E-02 1.08861E-01 1.82881E-01 2.11306E-01 4.48068E-01 5.94413E-01 1.16402E-01 4.67743E-02 0.00000E+00 2.44011E+00
2.43245E-03 5.16454E-02 1.12010E-01 1.84975E-01 2.13272E-01 4.51892E-01 6.01646E-01 1.19701E-01 5.16454E-02 2.43245E-03 2.44188E+00
8.18062E-03 5.59513E-02 1.14750E-01 1.86714E-01 2.14880E-01 4.55068E-01 6.07879E-01 1.22565E-01 5.59513E-02 8.18062E-03 2.42968E+00
1.33196E-02 5.97624E-02 1.17113E-01 1.88116E-01 2.16150E-01 4.57685E-01 6.13287E-01 1.25031E-01 5.97624E-02 1.33196E-02 2.41376E+00
1.79343E-02 6.31490E-02 1.19156E-01 1.89236E-01 2.17134E-01 4.59826E-01 6.17986E-01 1.27160E-01 6.31490E-02 1.79343E-02 2.39502E+00
2.20944E-02 6.61686E-02 1.20923E-01 1.90117E-01 2.17877E-01 4.61562E-01 6.22074E-01 1.28999E-01 6.61686E-02 2.20944E-02 2.37416E+00
2.58581E-02 6.88692E-02 1.22453E-01 1.90793E-01 2.18416E-01 4.62950E-01 6.25631E-01 1.30588E-01 6.88692E-02 2.58581E-02 2.35174E+00
2.92738E-02 7.12908E-02 1.23776E-01 1.91293E-01 2.18779E-01 4.64038E-01 6.28724E-01 1.31960E-01 7.12908E-02 2.92738E-02 2.32817E+00
3.23826E-02 7.34671E-02 1.24919E-01 1.91644E-01 2.18992E-01 4.64866E-01 6.31410E-01 1.33142E-01 7.34671E-02 3.23826E-02 2.30381E+00
3.52195E-02 7.54269E-02 1.25904E-01 1.91864E-01 2.19075E-01 4.65468E-01 6.33738E-01 1.34160E-01 7.54269E-02 3.52195E-02 2.27892E+00
3.78143E-02 7.71947E-02 1.26751E-01 1.91971E-01 2.19046E-01 4.65872E-01 6.35749E-01 1.35031E-01 7.71947E-02 3.78143E-02 2.25371E+00
4.01928E-02 7.87916E-02 1.27475E-01 1.91981E-01 2.18921E-01 4.66104E-01 6.37478E-01 1.35775E-01 7.87916E-02 4.01928E-02 2.22836E+00
4.23772E-02 8.02358E-02 1.28091E-01 1.91905E-01 2.18711E-01 4.66183E-01 6.38955E-01 1.36405E-01 8.02358E-02 4.23772E-02 2.20299E+00
4.43871E-02 8.15432E-02 1.28611E-01 1.91755E-01 2.18428E-01 4.66129E-01 6.40208E-01 1.36934E-01 8.15432E-02 4.43871E-02 2.17772E+00
4.62393E-02 8.27275E-02 1.29044E-01 1.91540E-01 2.18081E-01 4.65956E-01 6.41259E-01 1.37373E-01 8.27275E-02 4.62393E-02 2.15262E+00
4.79489E-02 8.38010E-02 1.29402E-01 1.91268E-01 2.17679E-01 4.65679E-01 6.42130E-01 1.37733E-01 8.38010E-02 4.79489E-02 2.12777E+00
4.95288E-02 8.47743E-02 1.29691E-01 1.90947E-01 2.17229E-01 4.65309E-01 6.42838E-01 1.38021E-01 8.47743E-02 4.95288E-02 2.10321E+00
5.09909E-02 8.56569E-02 1.29919E-01 1.90582E-01 2.16736E-01 4.64857E-01 6.43398E-01 1.38245E-01 8.56569E-02 5.09909E-02 2.07899E+00
5.23454E-02 8.64570E-02 1.30091E-01 1.90178E-01 2.16207E-01 4.64333E-01 6.43825E-01 1.38411E-01 8.64570E-02 5.23454E-02 2.05513E+00
5.36015E-02 8.71822E-02 1.30215E-01 1.89741E-01 2.15645E-01 4.63744E-01 6.44132E-01 1.38526E-01 8.71822E-02 5.36015E-02 2.03166E+00
5.47675E-02 8.78390E-02 1.30293E-01 1.89275E-01 2.15056E-01 4.63097E-01 6.44329E-01 1.38594E-01 8.78390E-02 5.47675E-02 2.00859E+00
5.58508E-02 8.84333E-02 1.30332E-01 1.88782E-01 2.14443E-01 4.62399E-01 6.44427E-01 1.38621E-01 8.84333E-02 5.58508E-02 1.98594E+00
5.68579E-02 8.89706E-02 1.30334E-01 1.88268E-01 2.13808E-01 4.61655E-01 6.44434E-01 1.38609E-01 8.89706E-02 5.68579E-02 1.96371E+00
5.77949E-02 8.94555E-02 1.30303E-01 1.87734E-01 2.13156E-01 4.60871E-01 6.44358E-01 1.38564E-01 8.94555E-02 5.77949E-02 1.94190E+00
5.86672E-02 8.98923E-02 1.30243E-01 1.87182E-01 2.12487E-01 4.60051E-01 6.44207E-01 1.38487E-01 8.98923E-02 5.86672E-02 1.92053E+00
5.94797E-02 9.02850E-02 1.30155E-01 1.86616E-01 2.11806E-01 4.59199E-01 6.43987E-01 1.38383E-01 9.02850E-02 5.94797E-02 1.89958E+00
6.02368E-02 9.06371E-02 1.30043E-01 1.86037E-01 2.11113E-01 4.58318E-01 6.43703E-01 1.38253E-01 9.06371E-02 6.02368E-02 1.87905E+00
6.09425E-02 9.09517E-02 1.29910E-01 1.85448E-01 2.10411E-01 4.57413E-01 6.43363E-01 1.38101E-01 9.09517E-02 6.09425E-02 1.85894E+00
6.16005E-02 9.12317E-02 1.29756E-01 1.84848E-01 2.09701E-01 4.56485E-01 6.42969E-01 1.37927E-01 9.12317E-02 6.16005E-02 1.83924E+00
6.22142E-02 9.14799E-02 1.29584E-01 1.84241E-01 2.08984E-01 4.55538E-01 6.42527E-01 1.37735E-01 9.14799E-02 6.22142E-02 1.81995E+00
6.27867E-02 9.16985E-02 1.29395E-01 1.83627E-01 2.08262E-01 4.54573E-01 6.42040E-01 1.37526E-01 9.16985E-02 6.27867E-02 1.80106E+00
6.33208E-02 9.18898E-02 1.29192E-01 1.83008E-01 2.07536E-01 4.53593E-01 6.41513E-01 1.37301E-01 9.18898E-02 6.33208E-02 1.78256E+00
6.38189E-02 9.20559E-02 1.28975E-01 1.82384E-01 2.06807E-01 4.52601E-01 6.40948E-01 1.37063E-01 9.20559E-02 6.38189E-02 1.76445E+00
6.42836E-02 9.21984E-02 1.28746E-01 1.81757E-01 2.06075E-01 4.51596E-01 6.40349E-01 1.36811E-01 9.21984E-02 6.42836E-02 1.74671E+00
6.47170E-02 9.23192E-02 1.28505E-01 1.81127E-01 2.05342E-01 4.50582E-01 6.39719E-01 1.36548E-01 9.23192E-02 6.47170E-02 1.72933E+00
6.51212E-02 9.24198E-02 1.28255E-01 1.80494E-01 2.04609E-01 4.49560E-01 6.39059E-01 1.36275E-01 9.24198E-02 6.51212E-02 1.71232E+00
6.54979E-02 9.25016E-02 1.27995E-01 1.79861E-01 2.03875E-01 4.48530E-01 6.38373E-01 1.35992E-01 9.25016E-02 6.54979E-02 1.69566E+00
6.58488E-02 9.25659E-02 1.27727E-01 1.79227E-01 2.03142E-01 4.47495E-01 6.37663E-01 1.35701E-01 9.25659E-02 6.58488E-02 1.67934E+00
6.61757E-02 9.26139E-02 1.27452E-01 1.78593E-01 2.02410E-01 4.46454E-01 6.36930E-01 1.35402E-01 9.26139E-02 6.61757E-02 1.66335E+00
6.64799E-02 9.26468E-02 1.27170E-01 1.77959E-01 2.01679E-01 4.45410E-01 6.36176E-01 1.35097E-01 9.26468E-02 6.64799E-02 1.64768E+00
6.67628E-02 9.26656E-02 1.26882E-01 1.77325E-01 2.00950E-01 4.44363E-01 6.35404E-01 1.34785E-01 9.26656E-02 6.67628E-02 1.63234E+00
6.70257E-02 9.26713E-02 1.26588E-01 1.76693E-01 2.00224E-01 4.43314E-01 6.34614E-01 1.34468E-01 9.26713E-02 6.70257E-02 1.61730E+00
6.72698E-02 9.26647E-02 1.26290E-01 1.76063E-01 1.99500E-01 4.42263E-01 6.33809E-01 1.34145E-01 9.26647E-02 6.72698E-02 1.60256E+00
0.00000E+00 0.00000E+00 5.31777E-02 1.39236E-01 1.69540E-01 4.08390E-01 5.38102E-01 6.23853E-02 0.00000E+00 0.00000E+00 1.71622E+00
0.00000E+00 0.00000E+00 6.15809E-02 1.44958E-01 1.75189E-01 4.20399E-01 5.59896E-01 7.11542E-02 0.00000E+00 0.00000E+00 1.86763E+00
0.00000E+00 6.62987E-03 6.81722E-02 1.49203E-01 1.79305E-01 4.29122E-01 5.76358E-01 7.79756E-02 6.62987E-03 0.00000E+00 1.95031E+00
0.00000E+00 1.47823E-02 7.34644E-02 1.52384E-01 1.82322E-01 4.35626E-01 5.89269E-01 8.34157E-02 1.47823E-02 0.00000E+00 1.99592E+00
0.00000E+00 2.15508E-02 7.77665E-02 1.54756E-01 1.84511E-01 4.40518E-01 5.99605E-01 8.78109E-02 2.15508E-02 0.00000E+00 2.02153E+00
0.00000E+00 2.72496E-02 8.13067E-02 1.56521E-01 1.86079E-01 4.44195E-01 6.07971E-01 9.14054E-02 2.72496E-02 0.00000E+00 2.03305E+00
0.00000E+00 3.21022E-02 8.42472E-02 1.57819E-01 1.87174E-01 4.46938E-01 6.14796E-01 9.43720E-02 3.21022E-02 0.00000E+00 2.03449E+00
0.00000E+00 3.62727E-02 8.67068E-02 1.58752E-01 1.87899E-01 4.48948E-01 6.20390E-01 9.68368E-02 3.62727E-02 0.00000E+00 2.02867E+00
1.85664E-03 3.98931E-02 8.87915E-02 1.59419E-01 1.88357E-01 4.50390E-01 6.24983E-01 9.89111E-02 3.98931E-02 1.85664E-03 2.01337E+00
6.22182E-03 4.30611E-02 9.05689E-02 1.59873E-01 1.88603E-01 4.51376E-01 6.28758E-01 1.00666E-01 4.30611E-02 6.22182E-03 1.98873E+00
1.00963E-02 4.58357E-02 9.20634E-02 1.60115E-01 1.88636E-01 4.51961E-01 6.31855E-01 1.02129E-01 4.58357E-02 1.00963E-02 1.96257E+00
1.35510E-02 4.82754E-02 9.33193E-02 1.60183E-01 1.88496E-01 4.52214E-01 6.34380E-01 1.03346E-01 4.82754E-02 1.35510E-02 1.93545E+00
1.66442E-02 5.04277E-02 9.43724E-02 1.60107E-01 1.88214E-01 4.52189E-01 6.36416E-01 1.04355E-01 5.04277E-02 1.66442E-02 1.90778E+00
1.94237E-02 5.23320E-02 9.52524E-02 1.59911E-01 1.87814E-01 4.51931E-01 6.38034E-01 1.05187E-01 5.23320E-02 1.94237E-02 1.87986E+00
2.19296E-02 5.40208E-02 9.59835E-02 1.59616E-01 1.87317E-01 4.51478E-01 6.39290E-01 1.05866E-01 5.40208E-02 2.19296E-02 1.85194E+00
2.41955E-02 5.55216E-02 9.65863E-02 1.59239E-01 1.86740E-01 4.50859E-01 6.40234E-01 1.06414E-01 5.55216E-02 2.41955E-02 1.82417E+00
2.62498E-02 5.68574E-02 9.70776E-02 1.58792E-01 1.86097E-01 4.50100E-01 6.40906E-01 1.06849E-01 5.68574E-02 2.62498E-02 1.79670E+00
2.81167E-02 5.80479E-02 9.74721E-02 1.58287E-01 1.85399E-01 4.49223E-01 6.41340E-01 1.07185E-01 5.80479E-02 2.81167E-02 1.76962E+00
2.98169E-02 5.91100E-02 9.77820E-02 1.57734E-01 1.84655E-01 4.48244E-01 6.41566E-01 1.07435E-01 5.91100E-02 2.98169E-02 1.74301E+00
3.13685E-02 6.00580E-02 9.80178E-02 1.57141E-01 1.83875E-01 4.47181E-01 6.41610E-01 1.07611E-01 6.00580E-02 3.13685E-02 1.71690E+00
3.27869E-02 6.09044E-02 9.81886E-02 1.56515E-01 1.83064E-01 4.46044E-01 6.41492E-01 1.07721E-01 6.09044E-02 3.27869E-02 1.69134E+00
3.40857E-02 6.16601E-02 9.83021E-02 1.55860E-01 1.82228E-01 4.44846E-01 6.41233E-01 1.07774E-01 6.16601E-02 3.40857E-02 1.66636E+00
3.52766E-02 6.23345E-02 9.83652E-02 1.55183E-01 1.81372E-01 4.43596E-01 6.40848E-01 1.07776E-01 6.23345E-02 3.52766E-02 1.64195E+00
3.63700E-02 6.29359E-02 9.83836E-02 1.54487E-01 1.80501E-01 4.42302E-01 6.40352E-01 1.07734E-01 6.29359E-02 3.63700E-02 1.61814E+00
3.73751E-02 6.34716E-02 9.83625E-02 1.53776E-01 1.79618E-01 4.40971E-01 6.39757E-01 1.07652E-01 6.34716E-02 3.73751E-02 1.59492E+00
3.82999E-02 6.39480E-02 9.83065E-02 1.53053E-01 1.78726E-01 4.39609E-01 6.39074E-01 1.07536E-01 6.39480E-02 3.82999E-02 1.57228E+00
3.91517E-02 6.43708E-02 9.82194E-02 1.52321E-01 1.77828E-01 4.38222E-01 6.38313E-01 1.07389E-01 6.43708E-02 3.91517E-02 1.55023E+00
3.99369E-02 6.47450E-02 9.81047E-02 1.51582E-01 1.76925E-01 4.36813E-01 6.37483E-01 1.07214E-01 6.47450E-02 3.99369E-02 1.52874E+00
4.06611E-02 6.50751E-02 9.79655E-02 1.50837E-01 1.76020E-01 4.35389E-01 6.36591E-01 1.07016E-01 6.50751E-02 4.06611E-02 1.50781E+00
4.13294E-02 6.53650E-02 9.78046E-02 1.50090E-01 1.75115E-01 4.33950E-01 6.35645E-01 1.06797E-01 6.53650E-02 4.13294E-02 1.48743E+00
4.19466E-02 6.56185E-02 9.76243E-02 1.49340E-01 1.74210E-01 4.32502E-01 6.34649E-01 1.06559E-01 6.56185E-02 4.19466E-02 1.46758E+00
4.25167E-02 6.58387E-02 9.74268E-02 1.48590E-01 1.73308E-01 4.31046E-01 6.33610E-01 1.06304E-01 6.58387E-02 4.25167E-02 1.44826E+00
4.30434E-02 6.60284E-02 9.72140E-02 1.47840E-01 1.72408E-01 4.29584E-01 6.32532E-01 1.06035E-01 6.60284E-02 4.30434E-02 1.42943E+00
4.35301E-02 6.61903E-02 9.69876E-02 1.47092E-01 1.71512E-01 4.28120E-01 6.31420E-01 1.05752E-01 6.61903E-02 4.35301E-02 1.41110E+00
4.39799E-02 6.63268E-02 9.67492E-02 1.46345E-01 1.70621E-01 4.26654E-01 6.30277E-01 1.05459E-01 6.63268E-02 4.39799E-02 1.39324E+00
4.43956E-02 6.64399E-02 9.65001E-02 1.45602E-01 1.69735E-01 4.25189E-01 6.29107E-01 1.05155E-01 6.64399E-02 4.43956E-02 1.37584E+00
4.47797E-02 6.65316E-02 9.62415E-02 1.44863E-01 1.68856E-01 4.23725E-01 6.27913E-01 1.04842E-01 6.65316E-02 4.47797E-02 1.35888E+00
4.51344E-02 6.66037E-02 9.59746E-02 1.44127E-01 1.67982E-01 4.22264E-01 6.26699E-01 1.04522E-01 6.66037E-02 4.51344E-02 1.34236E+00
4.54620E-02 6.66577E-02 9.57003E-02 1.43396E-01 1.67115E-01 4.20807E-01 6.25465E-01 1.04196E-01 6.66577E-02 4.54620E-02 1.32625E+00
4.57642E-02 6.66951E-02 9.54195E-02 1.42670E-01 1.66256E-01 4.19355E-01 6.24216E-01 1.03863E-01 6.66951E-02 4.57642E-02 1.31055E+00
4.60430E-02 6.67171E-02 9.51331E-02 1.41949E-01 1.65404E-01 4.17908E-01 6.22953E-01 1.03525E-01 6.67171E-02 4.60430E-02 1.29523E+00
4.62998E-02 6.67251E-02 9.48418E-02 1.41234E-01 1.64559E-01 4.16469E-01 6.21677E-01 1.03184E-01 6.67251E-02 4.62998E-02 1.28030E+00
4.65363E-02 6.67201E-02 9.45462E-02 1.40524E-01 1.63722E-01 4.15036E-01 6.20391E-01 1.02838E-01 6.67201E-02 4.65363E-02 1.26573E+00
4.67537E-02 6.67031E-02 9.42469E-02 1.39821E-01 1.62893E-01 4.13611E-01 6.19096E-01 1.02490E-01 6.67031E-02 4.67537E-02 1.25151E+00
4.69533E-02 6.66750E-02 9.39445E-02 1.39123E-01 1.62073E-01 4.12194E-01 6.17794E-01 1.02139E-01 6.66750E-02 4.69533E-02 1.23763E+00
4.71363E-02 6.66368E-02 9.36395E-02 1.38432E-01 1.61260E-01 4.10786E-01 6.16486E-01 1.01786E-01 6.66368E-02 4.71363E-02 1.22408E+00
4.73038E-02 6.65891E-02 9.33323E-02 1.37747E-01 1.60455E-01 4.09386E-01 6.15172E-01 1.01432E-01 6.65891E-02 4.73038E-02 1.21086E+00
4.74567E-02 6.65328E-02 9.30232E-02 1.37069E-01 1.59659E-01 4.07996E-01 6.13855E-01 1.01077E-01 6.65328E-02 4.74567E-02 1.19794E+00
4.75960E-02 6.64684E-02 9.27128E-02 1.36397E-01 1.58871E-01 4.06615E-01 6.12535E-01 1.00720E-01 6.64684E-02 4.75960E-02 1.18531E+00
4.77226E-02 6.63966E-02 9.24012E-02 1.35732E-01 1.58091E-01 4.05244E-01 6.11212E-01 1.00363E-01 6.63966E-02 4.77226E-02 1.17298E+00
0.00000E+00 0.00000E+00 4.29033E-02 1.28197E-01 1.60584E-01 4.33695E-01 5.93932E-01 5.56772E-02 0.00000E+00 0.00000E+00 1.54461E+00
0.00000E+00 0.00000E+00 4.90805E-02 1.30580E-01 1.62660E-01 4.40054E-01 6.09805E-01 6.17394E-02 0.00000E+00 0.00000E+00 1.63297E+00
0.00000E+00 5.10966E-03 5.38445E-02 1.32143E-01 1.63881E-01 4.44031E-01 6.21140E-01 6.63511E-02 5.10966E-03 0.00000E+00 1.67111E+00
0.00000E+00 1.13235E-02 5.75965E-02 1.33095E-01 1.64473E-01 4.46420E-01 6.29492E-01 6.99328E-02 1.13235E-02 0.00000E+00 1.68344E+00
0.00000E+00 1.64167E-02 6.05815E-02 1.33579E-01 1.64591E-01 4.47680E-01 6.35715E-01 7.27393E-02 1.64167E-02 0.00000E+00 1.68288E+00
0.00000E+00 2.06520E-02 6.29831E-02 1.33726E-01 1.64373E-01 4.48121E-01 6.40344E-01 7.49601E-02 2.06520E-02 0.00000E+00 1.67366E+00
0.00000E+00 2.42150E-02 6.49306E-02 1.33624E-01 1.63909E-01 4.47956E-01 6.43749E-01 7.67278E-02 2.42150E-02 0.00000E+00 1.65859E+00
0.00000E+00 2.72408E-02 6.65182E-02 1.33335E-01 1.63266E-01 4.47336E-01 6.46198E-01 7.81387E-02 2.72408E-02 0.00000E+00 1.63961E+00
1.37266E-03 2.98373E-02 6.78295E-02 1.32927E-01 1.62514E-01 4.46391E-01 6.47894E-01 7.92785E-02 2.98373E-02 1.37266E-03 1.61482E+00
4.58259E-03 3.20833E-02 6.89167E-02 1.32429E-01 1.61682E-01 4.45197E-01 6.48985E-01 8.01994E-02 3.20833E-02 4.58259E-03 1.58417E+00
7.40970E-03 3.40269E-02 6.97975E-02 1.31827E-01 1.60752E-01 4.43772E-01 6.49574E-01 8.09181E-02 3.40269E-02 7.40970E-03 1.55349E+00
9.91153E-03 3.57150E-02 7.05063E-02 1.31143E-01 1.59748E-01 4.42165E-01 6.49744E-01 8.14690E-02 3.57150E-02 9.91153E-03 1.52306E+00
1.21348E-02 3.71855E-02 7.10705E-02 1.30396E-01 1.58689E-01 4.40415E-01 6.49568E-01 8.18798E-02 3.71855E-02 1.21348E-02 1.49309E+00
1.41181E-02 3.84698E-02 7.15129E-02 1.29601E-01 1.57590E-01 4.38553E-01 6.49100E-01 8.21731E-02 3.84698E-02 1.41181E-02 1.46372E+00
1.58930E-02 3.95934E-02 7.18516E-02 1.28769E-01 1.56461E-01 4.36603E-01 6.48387E-01 8.23673E-02 3.95934E-02 1.58930E-02 1.43504E+00
1.74863E-02 4.05779E-02 7.21021E-02 1.27910E-01 1.55313E-01 4.34586E-01 6.47467E-01 8.24776E-02 4.05779E-02 1.74863E-02 1.40712E+00
1.89203E-02 4.14413E-02 7.22771E-02 1.27031E-01 1.54151E-01 4.32517E-01 6.46372E-01 8.25165E-02 4.14413E-02 1.89203E-02 1.38000E+00
2.02141E-02 4.21987E-02 7.23871E-02 1.26137E-01 1.52983E-01 4.30410E-01 6.45129E-01 8.24946E-02 4.21987E-02 2.02141E-02 1.35368E+00
2.13838E-02 4.28631E-02 7.24413E-02 1.25235E-01 1.51813E-01 4.28277E-01 6.43760E-01 8.24208E-02 4.28631E-02 2.13838E-02 1.32817E+00
2.24434E-02 4.34456E-02 7.24472E-02 1.24327E-01 1.50645E-01 4.26125E-01 6.42285E-01 8.23026E-02 4.34456E-02 2.24434E-02 1.30347E+00
2.34048E-02 4.39556E-02 7.24113E-02 1.23418E-01 1.49481E-01 4.23962E-01 6.40720E-01 8.21462E-02 4.39556E-02 2.34048E-02 1.27957E+00
2.42786E-02 4.44013E-02 7.23393E-02 1.22510E-01 1.48325E-01 4.21795E-01 6.39077E-01 8.19572E-02 4.44013E-02 2.42786E-02 1.25644E+00
2.50736E-02 4.47898E-02 7.22358E-02 1.21604E-01 1.47178E-01 4.19629E-01 6.37370E-01 8.17402E-02 4.47898E-02 2.50736E-02 1.23408E+00
2.57979E-02 4.51274E-02 7.21051E-02 1.20704E-01 1.46042E-01 4.17467E-01 6.35609E-01 8.14991E-02 4.51274E-02 2.57979E-02 1.21245E+00
2.64583E-02 4.54194E-02 7.19507E-02 1.19810E-01 1.44917E-01 4.15314E-01 6.33802E-01 8.12374E-02 4.54194E-02 2.64583E-02 1.19153E+00
2.70611E-02 4.56707E-02 7.17757E-02 1.18923E-01 1.43806E-01 4.13171E-01 6.31957E-01 8.09581E-02 4.56707E-02 2.70611E-02 1.17129E+00
2.76116E-02 4.58853E-02 7.15828E-02 1.18045E-01 1.42709E-01 4.11042E-01 6.30081E-01 8.06638E-02 4.58853E-02 2.76116E-02 1.15172E+00
2.81146E-02 4.60670E-02 7.13744E-02 1.17176E-01 1.41625E-01 4.08929E-01 6.28178E-01 8.03567E-02 4.60670E-02 2.81146E-02 1.13278E+00
2.85745E-02 4.62190E-02 7.11525E-02 1.16317E-01 1.40557E-01 4.06832E-01 6.26256E-01 8.00388E-02 4.62190E-02 2.85745E-02 1.11445E+00
2.89949E-02 4.63442E-02 7.09189E-02 1.15468E-01 1.39503E-01 4.04754E-01 6.24317E-01 7.97117E-02 4.63442E-02 2.89949E-02 1.09671E+00
2.93793E-02 4.64453E-02 7.06753E-02 1.14630E-01 1.38465E-01 4.02696E-01 6.22366E-01 7.93770E-02 4.64453E-02 2.93793E-02 1.07953E+00
2.97308E-02 4.65245E-02 7.04230E-02 1.13802E-01 1.37442E-01 4.00657E-01 6.20405E-01 7.90359E-02 4.65245E-02 2.97308E-02 1.06290E+00
3.00522E-02 4.65839E-02 7.01634E-02 1.12986E-01 1.36434E-01 3.98640E-01 6.18439E-01 7.86897E-02 4.65839E-02 3.00522E-02 1.04677E+00
3.03458E-02 4.66252E-02 6.98974E-02 1.12181E-01 1.35441E-01 3.96644E-01 6.16469E-01 7.83393E-02 4.66252E-02 3.03458E-02 1.03115E+00
3.06140E-02 4.66503E-02 6.96260E-02 1.11387E-01 1.34464E-01 3.94670E-01 6.14498E-01 7.79856E-02 4.66503E-02 3.06140E-02 1.01600E+00
3.08587E-02 4.66606E-02 6.93502E-02 1.10604E-01 1.33502E-01 3.92718E-01 6.12528E-01 7.76294E-02 4.66606E-02 3.08587E-02 1.00131E+00
3.10818E-02 4.66574E-02 6.90706E-02 1.09833E-01 1.32555E-01 3.90788E-01 6.10561E-01 7.72714E-02 4.66574E-02 3.10818E-02 9.87056E-01
3.12849E-02 4.66419E-02 6.87880E-02 1.09073E-01 1.31622E-01 3.88881E-01 6.08597E-01 7.69121E-02 4.66419E-02 3.12849E-02 9.73221E-01
3.14697E-02 4.66153E-02 6.85029E-02 1.08324E-01 1.30704E-01 3.86996E-01 6.06639E-01 7.65522E-02 4.66153E-02 3.14697E-02 9.59790E-01
3.16373E-02 4.65785E-02 6.82159E-02 1.07585E-01 1.29801E-01 3.85133E-01 6.04687E-01 7.61921E-02 4.65785E-02 3.16373E-02 9.46744E-01
3.17892E-02 4.65325E-02 6.79275E-02 1.06858E-01 1.28912E-01 3.83293E-01 6.02743E-01 7.58321E-02 4.65325E-02 3.17892E-02 9.34070E-01
3.19265E-02 4.64780E-02 6.76381E-02 1.06142E-01 1.28036E-01 3.81474E-01 6.00808E-01 7.54728E-02 4.64780E-02 3.19265E-02 9.21752E-01
3.20502E-02 4.64159E-02 6.73481E-02 1.05436E-01 1.27175E-01 3.79678E-01 5.98882E-01 7.51143E-02 4.64159E-02 3.20502E-02 9.09776E-01
3.21612E-02 4.63467E-02 6.70577E-02 1.04741E-01 1.26326E-01 3.77903E-01 5.96966E-01 7.47570E-02 4.63467E-02 3.21612E-02 8.98128E-01
3.22606E-02 4.62711E-02 6.67674E-02 1.04056E-01 1.25491E-01 3.76150E-01 5.95061E-01 7.44012E-02 4.62711E-02 3.22606E-02 8.86796E-01
3.23491E-02 4.61898E-02 6.64773E-02 1.03382E-01 1.24669E-01 3.74418E-01 5.93167E-01 7.40470E-02 4.61898E-02 3.23491E-02 8.75767E-01
3.24274E-02 4.61031E-02 6.61877E-02 1.02717E-01 1.23860E-01 3.72708E-01 5.91284E-01 7.36946E-02 4.61031E-02 3.24274E-02 8.65031E-01
3.24963E-02 4.60116E-02 6.58989E-02 1.02062E-01 1.23063E-01 3.71018E-01 5.89414E-01 7.33442E-02 4.60116E-02 3.24963E-02 8.54575E-01
3.25563E-02 4.59157E-02 6.56110E-02 1.01417E-01 1.22278E-01 3.69348E-01 5.87556E-01 7.29960E-02 4.59157E-02 3.25563E-02 8.44389E-01
3.26082E-02 4.58159E-02 6.53241E-02 1.00782E-01 1.21505E-01 3.67699E-01 5.85710E-01 7.26500E-02 4.58159E-02 3.26082E-02 8.34464E-01
0.00000E+00 0.00000E+00 3.27890E-02 1.12344E-01 1.47406E-01 4.55902E-01 6.51460E-01 4.74988E-02 0.00000E+00 0.00000E+00 1.32724E+00
0.00000E+00 0.00000E+00 3.72776E-02 1.12150E-01 1.46422E-01 4.56126E-01 6.60282E-01 5.14054E-02 0.00000E+00 0.00000E+00 1.37368E+00
0.00000E+00 3.80844E-03 4.06674E-02 1.11696E-01 1.45220E-01 4.55027E-01 6.65607E-01 5.42850E-02 3.80844E-03 0.00000E+00 1.38340E+00
0.00000E+00 8.38194E-03 4.32753E-02 1.11014E-01 1.43826E-01 4.53070E-01 6.68676E-01 5.64343E-02 8.38194E-03 0.00000E+00 1.37526E+00
0.00000E+00 1.20758E-02 4.52960E-02 1.10152E-01 1.42287E-01 4.50536E-01 6.70180E-01 5.80375E-02 1.20758E-02 0.00000E+00 1.35905E+00
0.00000E+00 1.51037E-02 4.68759E-02 1.09174E-01 1.40667E-01 4.47630E-01 6.70555E-01 5.92352E-02 1.51037E-02 0.00000E+00 1.33786E+00
0.00000E+00 1.76150E-02 4.81174E-02 1.08124E-01 1.39009E-01 4.44485E-01 6.70097E-01 6.01252E-02 1.76150E-02 0.00000E+00 1.31369E+00
0.00000E+00 1.97178E-02 4.90943E-02 1.07029E-01 1.37337E-01 4.41191E-01 6.69017E-01 6.07772E-02 1.97178E-02 0.00000E+00 1.28785E+00
9.77064E-04 2.14972E-02 4.98714E-02 1.05931E-01 1.35694E-01 4.37841E-01 6.67484E-01 6.12546E-02 2.14972E-02 9.77064E-04 1.25884E+00
3.24800E-03 2.30151E-02 5.04883E-02 1.04838E-01 1.34084E-01 4.34467E-01 6.65604E-01 6.15933E-02 2.30151E-02 3.24800E-03 1.22652E+00
5.23066E-03 2.43092E-02 5.09586E-02 1.03723E-01 1.32475E-01 4.31047E-01 6.63426E-01 6.18020E-02 2.43092E-02 5.23066E-03 1.19509E+00
6.97011E-03 2.54159E-02 5.13084E-02 1.02598E-01 1.30876E-01 4.27605E-01 6.61014E-01 6.19050E-02 2.54159E-02 6.97011E-03 1.16466E+00
8.50276E-03 2.63647E-02 5.15583E-02 1.01471E-01 1.29295E-01 4.24164E-01 6.58419E-01 6.19219E-02 2.63647E-02 8.50276E-03 1.13530E+00
9.85834E-03 2.71793E-02 5.17253E-02 1.00349E-01 1.27736E-01 4.20738E-01 6.55681E-01 6.18682E-02 2.71793E-02 9.85834E-03 1.10704E+00
1.10613E-02 2.78793E-02 5.18228E-02 9.92361E-02 1.26204E-01 4.17338E-01 6.52832E-01 6.17564E-02 2.78793E-02 1.10613E-02 1.07988E+00
1.21321E-02 2.84809E-02 5.18620E-02 9.81360E-02 1.24701E-01 4.13973E-01 6.49899E-01 6.15968E-02 2.84809E-02 1.21321E-02 1.05382E+00
1.30877E-02 2.89976E-02 5.18523E-02 9.70511E-02 1.23228E-01 4.10649E-01 6.46902E-01 6.13978E-02 2.89976E-02 1.30877E-02 1.02881E+00
1.39424E-02 2.94406E-02 5.18011E-02 9.59833E-02 1.21786E-01 4.07370E-01 6.43860E-01 6.11662E-02 2.94406E-02 1.39424E-02 1.00483E+00
1.47086E-02 2.98195E-02 5.17150E-02 9.49338E-02 1.20376E-01 4.04141E-01 6.40786E-01 6.09079E-02 2.98195E-02 1.47086E-02 9.81837E-01
1.53965E-02 3.01425E-02 5.15992E-02 9.39035E-02 1.18998E-01 4.00963E-01 6.37692E-01 6.06275E-02 3.01425E-02 1.53965E-02 9.59793E-01
1.60151E-02 3.04164E-02 5.14584E-02 9.28931E-02 1.17652E-01 3.97838E-01 6.34587E-01 6.03291E-02 3.04164E-02 1.60151E-02 9.38654E-01
1.65721E-02 3.06472E-02 5.12963E-02 9.19027E-02 1.16337E-01 3.94766E-01 6.31480E-01 6.00161E-02 3.06472E-02 1.65721E-02 9.18379E-01
1.70742E-02 3.08400E-02 5.11163E-02 9.09325E-02 1.15053E-01 3.91749E-01 6.28377E-01 5.96912E-02 3.08400E-02 1.70742E-02 8.98924E-01
1.75272E-02 3.09992E-02 5.09210E-02 8.99825E-02 1.13799E-01 3.88785E-01 6.25283E-01 5.93569E-02 3.09992E-02 1.75272E-02 8.80249E-01
1.79361E-02 3.11288E-02 5.07130E-02 8.90526E-02 1.12575E-01 3.85875E-01 6.22203E-01 5.90151E-02 3.11288E-02 1.79361E-02 8.62316E-01
1.83055E-02 3.12319E-02 5.04942E-02 8.81424E-02 1.11379E-01 3.83019E-01 6.19141E-01 5.86676E-02 3.12319E-02 1.83055E-02 8.45087E-01
1.86391E-02 3.13116E-02 5.02664E-02 8.72518E-02 1.10212E-01 3.80214E-01 6.16099E-01 5.83158E-02 3.13116E-02 1.86391E-02 8.28526E-01
1.89405E-02 3.13704E-02 5.00312E-02 8.63802E-02 1.09072E-01 3.77462E-01 6.13081E-01 5.79611E-02 3.13704E-02 1.89405E-02 8.12600E-01
1.92128E-02 3.14107E-02 4.97898E-02 8.55275E-02 1.07959E-01 3.74760E-01 6.10087E-01 5.76044E-02 3.14107E-02 1.92128E-02 7.97275E-01
1.94586E-02 3.14343E-02 4.95434E-02 8.46931E-02 1.06872E-01 3.72108E-01 6.07120E-01 5.72466E-02 3.14343E-02 1.94586E-02 7.82521E-01
1.96804E-02 3.14430E-02 4.92930E-02 8.38765E-02 1.05809E-01 3.69505E-01 6.04182E-01 5.68886E-02 3.14430E-02 1.96804E-02 7.68310E-01
1.98802E-02 3.14385E-02 4.90394E-02 8.30775E-02 1.04771E-01 3.66950E-01 6.01272E-01 5.65310E-02 3.14385E-02 1.98802E-02 7.54613E-01
2.00602E-02 3.14220E-02 4.87835E-02 8.22954E-02 1.03756E-01 3.64441E-01 5.98393E-01 5.61743E-02 3.14220E-02 2.00602E-02 7.41407E-01
2.02219E-02 3.13949E-02 4.85258E-02 8.15300E-02 1.02765E-01 3.61977E-01 5.95544E-01 5.58191E-02 3.13949E-02 2.02219E-02 7.28666E-01
2.03670E-02 3.13583E-02 4.82669E-02 8.07806E-02 1.01795E-01 3.59558E-01 5.92726E-01 5.54657E-02 3.13583E-02 2.03670E-02 7.16367E-01
2.04968E-02 3.13130E-02 4.80073E-02 8.00469E-02 1.00846E-01 3.57183E-01 5.89939E-01 5.51145E-02 3.13130E-02 2.04968E-02 7.04490E-01
2.06127E-02 3.12601E-02 4.77475E-02 7.93285E-02 9.99183E-02 3.54849E-01 5.87184E-01 5.47657E-02 3.12601E-02 2.06127E-02 6.93013E-01
2.07157E-02 3.12003E-02 4.74878E-02 7.86248E-02 9.90105E-02 3.52557E-01 5.84460E-01 5.44197E-02 3.12003E-02 2.07157E-02 6.81918E-01
2.08070E-02 3.11343E-02 4.72285E-02 7.79356E-02 9.81220E-02 3.50305E-01 5.81767E-01 5.40766E-02 3.11343E-02 2.08070E-02 6.71187E-01
2.08874E-02 3.10628E-02 4.69700E-02 7.72603E-02 9.72523E-02 3.48092E-01 5.79106E-01 5.37366E-02 3.10628E-02 2.08874E-02 6.60803E-01
2.09579E-02 3.09863E-02 4.67124E-02 7.65986E-02 9.64008E-02 3.45917E-01 5.76476E-01 5.33998E-02 3.09863E-02 2.09579E-02 6.50750E-01
2.10191E-02 3.09054E-02 4.64561E-02 7.59501E-02 9.55670E-02 3.43779E-01 5.73878E-01 5.30664E-02 3.09054E-02 2.10191E-02 6.41013E-01
2.10719E-02 3.08206E-02 4.62011E-02 7.53144E-02 9.47501E-02 3.41677E-01 5.71310E-01 5.27364E-02 3.08206E-02 2.10719E-02 6.31578E-01
2.11168E-02 3.07321E-02 4.59477E-02 7.46911E-02 9.39499E-02 3.39610E-01 5.68772E-01 5.24100E-02 3.07321E-02 2.11168E-02 6.22430E-01
2.11545E-02 3.06406E-02 4.56959E-02 7.40799E-02 9.31657E-02 3.37578E-01 5.66265E-01 5.20871E-02 3.06406E-02 2.11545E-02 6.13559E-01
2.11855E-02 3.05462E-02 4.54460E-02 7.34805E-02 9.23970E-02 3.35579E-01 5.63787E-01 5.17678E-02 3.05462E-02 2.11855E-02 6.04951E-01
2.12103E-02 3.04493E-02 4.51980E-02 7.28924E-02 9.16434E-02 3.33612E-01 5.61339E-01 5.14522E-02 3.04493E-02 2.12103E-02 5.96596E-01
2.12293E-02 3.03503E-02 4.49519E-02 7.23155E-02 9.09044E-02 3.31678E-01 5.58920E-01 5.11403E-02 3.03503E-02 2.12293E-02 5.88482E-01
2.12431E-02 3.02493E-02 4.47080E-02 7.17493E-02 9.01796E-02 3.29774E-01 5.56529E-01 5.08320E-02 3.02493E-02 2.12431E-02 5.80599E-01
2.12520E-02 3.01466E-02 4.44661E-02 7.11936E-02 8.94686E-02 3.27900E-01 5.54167E-01 5.05274E-02 3.01466E-02 2.12520E-02 5.72939E-01
0.00000E+00 0.00000E+00 2.39496E-02 9.21522E-02 1.29335E-01 4.71955E-01 7.07674E-01 3.84429E-02 0.00000E+00 0.00000E+00 1.10575E+00
0.00000E+00 0.00000E+00 2.71900E-02 9.03335E-02 1.25976E-01 4.65513E-01 7.08014E-01 4.07657E-02 0.00000E+00 0.00000E+00 1.12404E+00
0.00000E+00 2.72415E-03 2.95635E-02 8.86477E-02 1.22950E-01 4.58993E-01 7.06217E-01 4.23860E-02 2.72415E-03 0.00000E+00 1.11513E+00
0.00000E+00 5.94386E-03 3.13318E-02 8.70063E-02 1.20110E-01 4.52464E-01 7.03106E-01 4.35103E-02 5.94386E-03 0.00000E+00 1.09399E+00
0.00000E+00 8.49671E-03 3.26534E-02 8.53882E-02 1.17405E-01 4.45993E-01 6.99146E-01 4.42687E-02 8.49671E-03 0.00000E+00 1.06817E+00
0.00000E+00 1.05519E-02 3.36463E-02 8.38102E-02 1.14835E-01 4.39655E-01 6.94643E-01 4.47630E-02 1.05519E-02 0.00000E+00 1.04003E+00
0.00000E+00 1.22263E-02 3.43915E-02 8.22811E-02 1.12395E-01 4.33491E-01 6.89797E-01 4.50625E-02 1.22263E-02 0.00000E+00 1.01101E+00
0.00000E+00 1.36036E-02 3.49464E-02 8.08046E-02 1.10078E-01 4.27519E-01 6.84740E-01 4.52158E-02 1.36036E-02 0.00000E+00 9.81963E-01
6.61746E-04 1.47485E-02 3.53606E-02 7.93992E-02 1.07898E-01 4.21786E-01 6.79599E-01 4.52673E-02 1.47485E-02 6.61746E-04 9.51745E-01
2.18878E-03 1.57076E-02 3.56639E-02 7.80588E-02 1.05839E-01 4.16278E-01 6.74425E-01 4.52405E-02 1.57076E-02 2.18878E-03 9.20149E-01
3.50822E-03 1.65094E-02 3.58668E-02 7.67522E-02 1.03858E-01 4.10920E-01 6.69199E-01 4.51385E-02 1.65094E-02 3.50822E-03 8.90060E-01
4.65405E-03 1.71812E-02 3.59888E-02 7.54818E-02 1.01952E-01 4.05715E-01 6.63959E-01 4.49776E-02 1.71812E-02 4.65405E-03 8.61470E-01
5.65349E-03 1.77445E-02 3.60451E-02 7.42486E-02 1.00119E-01 4.00662E-01 6.58731E-01 4.47704E-02 1.77445E-02 5.65349E-03 8.34343E-01
6.52861E-03 1.82167E-02 3.60477E-02 7.30530E-02 9.83552E-02 3.95759E-01 6.53536E-01 4.45271E-02 1.82167E-02 6.52861E-03 8.08622E-01
7.29743E-03 1.86120E-02 3.60065E-02 7.18946E-02 9.66585E-02 3.91002E-01 6.48389E-01 4.42555E-02 1.86120E-02 7.29743E-03 7.84242E-01
7.97484E-03 1.89419E-02 3.59293E-02 7.07728E-02 9.50255E-02 3.86387E-01 6.43300E-01 4.39620E-02 1.89419E-02 7.97484E-03 7.61132E-01
8.57323E-03 1.92161E-02 3.58225E-02 6.96866E-02 9.34530E-02 3.81909E-01 6.38279E-01 4.36516E-02 1.92161E-02 8.57323E-03 7.39220E-01
9.10295E-03 1.94425E-02 3.56914E-02 6.86350E-02 9.19381E-02 3.77562E-01 6.33330E-01 4.33285E-02 1.94425E-02 9.10295E-03 7.18434E-01
9.57275E-03 1.96278E-02 3.55404E-02 6.76168E-02 9.04779E-02 3.73343E-01 6.28459E-01 4.29959E-02 1.96278E-02 9.57275E-03 6.98705E-01
9.99003E-03 1.97775E-02 3.53730E-02 6.66309E-02 8.90695E-02 3.69245E-01 6.23666E-01 4.26566E-02 1.97775E-02 9.99003E-03 6.79967E-01
1.03611E-02 1.98965E-02 3.51922E-02 6.56759E-02 8.77104E-02 3.65265E-01 6.18955E-01 4.23127E-02 1.98965E-02 1.03611E-02 6.62157E-01
1.06914E-02 1.99888E-02 3.50006E-02 6.47506E-02 8.63980E-02 3.61396E-01 6.14326E-01 4.19661E-02 1.99888E-02 1.06914E-02 6.45217E-01
1.09856E-02 2.00578E-02 3.48002E-02 6.38539E-02 8.51301E-02 3.57635E-01 6.09779E-01 4.16182E-02 2.00578E-02 1.09856E-02 6.29090E-01
1.12477E-02 2.01065E-02 3.45929E-02 6.29845E-02 8.39043E-02 3.53977E-01 6.05314E-01 4.12702E-02 2.01065E-02 1.12477E-02 6.13726E-01
1.14812E-02 2.01375E-02 3.43800E-02 6.21414E-02 8.27186E-02 3.50418E-01 6.00930E-01 4.09231E-02 2.01375E-02 1.14812E-02 5.99076E-01
1.16892E-02 2.01529E-02 3.41629E-02 6.13233E-02 8.15710E-02 3.46954E-01 5.96626E-01 4.05778E-02 2.01529E-02 1.16892E-02 5.85095E-01
1.18743E-02 2.01548E-02 3.39426E-02 6.05293E-02 8.04597E-02 3.43580E-01 5.92401E-01 4.02348E-02 2.01548E-02 1.18743E-02 5.71743E-01
1.20390E-02 2.01446E-02 3.37201E-02 5.97584E-02 7.93830E-02 3.40293E-01 5.88254E-01 3.98946E-02 2.01446E-02 1.20390E-02 5.58980E-01
1.21852E-02 2.01240E-02 3.34960E-02 5.90095E-02 7.83392E-02 3.37090E-01 5.84182E-01 3.95578E-02 2.01240E-02 1.21852E-02 5.46772E-01
1.23147E-02 2.00941E-02 3.32711E-02 5.82818E-02 7.73267E-02 3.33967E-01 5.80185E-01 3.92247E-02 2.00941E-02 1.23147E-02 5.35084E-01
1.24293E-02 2.00560E-02 3.30459E-02 5.75744E-02 7.63442E-02 3.30920E-01 5.76261E-01 3.88954E-02 2.00560E-02 1.24293E-02 5.23886E-01
1.25304E-02 2.00109E-02 3.28208E-02 5.68865E-02 7.53902E-02 3.27948E-01 5.72408E-01 3.85704E-02 2.00109E-02 1.25304E-02 5.13149E-01
1.26191E-02 1.99595E-02 3.25964E-02 5.62171E-02 7.44636E-02 3.25047E-01 5.68624E-01 3.82496E-02 1.99595E-02 1.26191E-02 5.02847E-01
1.26967E-02 1.99025E-02 3.23728E-02 5.55657E-02 7.35630E-02 3.22213E-01 5.64908E-01 3.79332E-02 1.99025E-02 1.26967E-02 4.92956E-01
1.27642E-02 1.98407E-02 3.21504E-02 5.49315E-02 7.26874E-02 3.19446E-01 5.61258E-01 3.76214E-02 1.98407E-02 1.27642E-02 4.83451E-01
1.28225E-02 1.97747E-02 3.19295E-02 5.43137E-02 7.18357E-02 3.16742E-01 5.57673E-01 3.73141E-02 1.97747E-02 1.28225E-02 4.74312E-01
1.28725E-02 1.97050E-02 3.17101E-02 5.37118E-02 7.10069E-02 3.14099E-01 5.54150E-01 3.70114E-02 1.97050E-02 1.28725E-02 4.65519E-01
1.29148E-02 1.96320E-02 3.14926E-02 5.31252E-02 7.02000E-02 3.11514E-01 5.50689E-01 3.67133E-02 1.96320E-02 1.29148E-02 4.57053E-01
1.29501E-02 1.95562E-02 3.12771E-02 5.25531E-02 6.94141E-02 3.08986E-01 5.47287E-01 3.64199E-02 1.95562E-02 1.29501E-02 4.48896E-01
1.29791E-02 1.94779E-02 3.10636E-02 5.19952E-02 6.86484E-02 3.06512E-01 5.43944E-01 3.61310E-02 1.94779E-02 1.29791E-02 4.41034E-01
1.30022E-02 1.93976E-02 3.08523E-02 5.14508E-02 6.79021E-02 3.04091E-01 5.40656E-01 3.58467E-02 1.93976E-02 1.30022E-02 4.33450E-01
1.30201E-02 1.93154E-02 3.06432E-02 5.09195E-02 6.71744E-02 3.01721E-01 5.37424E-01 3.55668E-02 1.93154E-02 1.30201E-02 4.26130E-01
1.30330E-02 1.92317E-02 3.04364E-02 5.04007E-02 6.64645E-02 2.99400E-01 5.34246E-01 3.52915E-02 1.92317E-02 1.30330E-02 4.19062E-01
1.30415E-02 1.91466E-02 3.02320E-02 4.98941E-02 6.57719E-02 2.97126E-01 5.31120E-01 3.50205E-02 1.91466E-02 1.30415E-02 4.12232E-01
1.30460E-02 1.90605E-02 3.00299E-02 4.93991E-02 6.50958E-02 2.94898E-01 5.28044E-01 3.47539E-02 1.90605E-02 1.30460E-02 4.05630E-01
1.30466E-02 1.89735E-02 2.98303E-02 4.89154E-02 6.44356E-02 2.92714E-01 5.25019E-01 3.44916E-02 1.89735E-02 1.30466E-02 3.99244E-01
1.30438E-02 1.88857E-02 2.96330E-02 4.84426E-02 6.37908E-02 2.90572E-01 5.22042E-01 3.42335E-02 1.88857E-02 1.30438E-02 3.93063E-01
1.30379E-02 1.87974E-02 2.94382E-02 4.79802E-02 6.31607E-02 2.88473E-01 5.19111E-01 3.39796E-02 1.87974E-02 1.30379E-02 3.87080E-01
1.30291E-02 1.87086E-02 2.92459E-02 4.75280E-02 6.25449E-02 2.86413E-01 5.16227E-01 3.37297E-02 1.87086E-02 1.30291E-02 3.81283E-01
1.30176E-02 1.86195E-02 2.90560E-02 4.70856E-02 6.19429E-02 2.84392E-01 5.13387E-01 3.34838E-02 1.86195E-02 1.30176E-02 3.75666E-01
0.00000E+00 0.00000E+00 1.73015E-02 6.94761E-02 1.05970E-01 4.76990E-01 7.57531E-01 2.94427E-02 0.00000E+00 0.00000E+00 9.11816E-01
0.00000E+00 0.00000E+00 1.95334E-02 6.69742E-02 1.01130E-01 4.63461E-01 7.47606E-01 3.06533E-02 0.00000E+00 0.00000E+00 9.05294E-01
0.00000E+00 1.82928E-03 2.10960E-02 6.48157E-02 9.70454E-02 4.51322E-01 7.37364E-01 3.14064E-02 1.82928E-03 0.00000E+00 8.80419E-01
0.00000E+00 3.94810E-03 2.22058E-02 6.28537E-02 9.34321E-02 4.40154E-01 7.27045E-01 3.18436E-02 3.94810E-03 0.00000E+00 8.48735E-01
0.00000E+00 5.58942E-03 2.29905E-02 6.10295E-02 9.01609E-02 4.29765E-01 7.16806E-01 3.20538E-02 5.58942E-03 0.00000E+00 8.15732E-01
0.00000E+00 6.88114E-03 2.35422E-02 5.93304E-02 8.71792E-02 4.20077E-01 7.06773E-01 3.21077E-02 6.88114E-03 0.00000E+00 7.82991E-01
0.00000E+00 7.91015E-03 2.39230E-02 5.77441E-02 8.44454E-02 4.11017E-01 6.97011E-01 3.20517E-02 7.91015E-03 0.00000E+00 7.51333E-01
0.00000E+00 8.73753E-03 2.41759E-02 5.62595E-02 8.19257E-02 4.02520E-01 6.87552E-01 3.19175E-02 8.73753E-03 0.00000E+00 7.21161E-01
4.17282E-04 9.40965E-03 2.43369E-02 5.48800E-02 7.96113E-02 3.94577E-01 6.78460E-01 3.17340E-02 9.40965E-03 4.17282E-04 6.91515E-01
1.37211E-03 9.95928E-03 2.44270E-02 5.35918E-02 7.74721E-02 3.87121E-01 6.69717E-01 3.15152E-02 9.95928E-03 1.37211E-03 6.62085E-01
2.18720E-03 1.04069E-02 2.44544E-02 5.23644E-02 7.54582E-02 3.80023E-01 6.61220E-01 3.12605E-02 1.04069E-02 2.18720E-03 6.34658E-01
2.88664E-03 1.07712E-02 2.44324E-02 5.11947E-02 7.35587E-02 3.73257E-01 6.52972E-01 3.09799E-02 1.07712E-02 2.88664E-03 6.09101E-01
3.48953E-03 1.10672E-02 2.43716E-02 5.00793E-02 7.17640E-02 3.66800E-01 6.44970E-01 3.06809E-02 1.10672E-02 3.48953E-03 5.85275E-01
4.01122E-03 1.13065E-02 2.42800E-02 4.90149E-02 7.00653E-02 3.60630E-01 6.37207E-01 3.03691E-02 1.13065E-02 4.01122E-03 5.63045E-01
4.46414E-03 1.14987E-02 2.41641E-02 4.79984E-02 6.84549E-02 3.54726E-01 6.29678E-01 3.00490E-02 1.14987E-02 4.46414E-03 5.42284E-01
4.85845E-03 1.16515E-02 2.40290E-02 4.70270E-02 6.69258E-02 3.49070E-01 6.22374E-01 2.97239E-02 1.16515E-02 4.85845E-03 5.22871E-01
5.20254E-03 1.17710E-02 2.38788E-02 4.60977E-02 6.54719E-02 3.43646E-01 6.15288E-01 2.93964E-02 1.17710E-02 5.20254E-03 5.04696E-01
5.50337E-03 1.18624E-02 2.37168E-02 4.52080E-02 6.40874E-02 3.38438E-01 6.08411E-01 2.90686E-02 1.18624E-02 5.50337E-03 4.87658E-01
5.76677E-03 1.19301E-02 2.35458E-02 4.43554E-02 6.27673E-02 3.33432E-01 6.01734E-01 2.87419E-02 1.19301E-02 5.76677E-03 4.71664E-01
5.99763E-03 1.19776E-02 2.33678E-02 4.35377E-02 6.15070E-02 3.28617E-01 5.95250E-01 2.84177E-02 1.19776E-02 5.99763E-03 4.56629E-01
6.20010E-03 1.20078E-02 2.31846E-02 4.27528E-02 6.03024E-02 3.23979E-01 5.88950E-01 2.80967E-02 1.20078E-02 6.20010E-03 4.42477E-01
6.37771E-03 1.20233E-02 2.29978E-02 4.19988E-02 5.91497E-02 3.19509E-01 5.82827E-01 2.77798E-02 1.20233E-02 6.37771E-03 4.29139E-01
6.53348E-03 1.20262E-02 2.28084E-02 4.12738E-02 5.80453E-02 3.15196E-01 5.76873E-01 2.74674E-02 1.20262E-02 6.53348E-03 4.16550E-01
6.67000E-03 1.20182E-02 2.26175E-02 4.05762E-02 5.69863E-02 3.11032E-01 5.71082E-01 2.71600E-02 1.20182E-02 6.67000E-03 4.04654E-01
6.78951E-03 1.20010E-02 2.24258E-02 3.99044E-02 5.59698E-02 3.07008E-01 5.65445E-01 2.68577E-02 1.20010E-02 6.78951E-03 3.93399E-01
6.89394E-03 1.19758E-02 2.22341E-02 3.92570E-02 5.49930E-02 3.03117E-01 5.59957E-01 2.65609E-02 1.19758E-02 6.89394E-03 3.82737E-01
6.98498E-03 1.19438E-02 2.20428E-02 3.86326E-02 5.40537E-02 2.99351E-01 5.54611E-01 2.62697E-02 1.19438E-02 6.98498E-03 3.72624E-01
7.06409E-03 1.19059E-02 2.18524E-02 3.80301E-02 5.31496E-02 2.95704E-01 5.49402E-01 2.59840E-02 1.19059E-02 7.06409E-03 3.63023E-01
7.13256E-03 1.18629E-02 2.16632E-02 3.74482E-02 5.22786E-02 2.92169E-01 5.44324E-01 2.57040E-02 1.18629E-02 7.13256E-03 3.53896E-01
7.19152E-03 1.18157E-02 2.14756E-02 3.68859E-02 5.14390E-02 2.88741E-01 5.39372E-01 2.54297E-02 1.18157E-02 7.19152E-03 3.45211E-01
7.24197E-03 1.17647E-02 2.12899E-02 3.63422E-02 5.06289E-02 2.85415E-01 5.34541E-01 2.51609E-02 1.17647E-02 7.24197E-03 3.36938E-01
7.28477E-03 1.17106E-02 2.11061E-02 3.58161E-02 4.98467E-02 2.82186E-01 5.29825E-01 2.48976E-02 1.17106E-02 7.28477E-03 3.29050E-01
7.32071E-03 1.16538E-02 2.09244E-02 3.53068E-02 4.90910E-02 2.79049E-01 5.25221E-01 2.46398E-02 1.16538E-02 7.32071E-03 3.21521E-01
7.35047E-03 1.15948E-02 2.07450E-02 3.48134E-02 4.83603E-02 2.75999E-01 5.20724E-01 2.43874E-02 1.15948E-02 7.35047E-03 3.14328E-01
7.37467E-03 1.15339E-02 2.05680E-02 3.43352E-02 4.76535E-02 2.73034E-01 5.16330E-01 2.41403E-02 1.15339E-02 7.37467E-03 3.07451E-01
7.39386E-03 1.14714E-02 2.03934E-02 3.38715E-02 4.69692E-02 2.70148E-01 5.12035E-01 2.38983E-02 1.14714E-02 7.39386E-03 3.00869E-01
7.40852E-03 1.14076E-02 2.02213E-02 3.34216E-02 4.63064E-02 2.67339E-01 5.07835E-01 2.36613E-02 1.14076E-02 7.40852E-03 2.94564E-01
7.41908E-03 1.13428E-02 2.00517E-02 3.29849E-02 4.56640E-02 2.64603E-01 5.03728E-01 2.34293E-02 1.13428E-02 7.41908E-03 2.88520E-01
7.42594E-03 1.12772E-02 1.98846E-02 3.25607E-02 4.50410E-02 2.61937E-01 4.99709E-01 2.32021E-02 1.12772E-02 7.42594E-03 2.82722E-01
7.42946E-03 1.12108E-02 1.97201E-02 3.21485E-02 4.44367E-02 2.59339E-01 4.95776E-01 2.29797E-02 1.12108E-02 7.42946E-03 2.77154E-01
7.42994E-03 1.11440E-02 1.95581E-02 3.17479E-02 4.38500E-02 2.56804E-01 4.91925E-01 2.27618E-02 1.11440E-02 7.42994E-03 2.71805E-01
7.42768E-03 1.10769E-02 1.93986E-02 3.13582E-02 4.32801E-02 2.54332E-01 4.88154E-01 2.25483E-02 1.10769E-02 7.42768E-03 2.66661E-01
7.42293E-03 1.10095E-02 1.92417E-02 3.09791E-02 4.27265E-02 2.51918E-01 4.84460E-01 2.23392E-02 1.10095E-02 7.42293E-03 2.61712E-01
7.41592E-03 1.09421E-02 1.90872E-02 3.06100E-02 4.21882E-02 2.49562E-01 4.80841E-01 2.21344E-02 1.09421E-02 7.41592E-03 2.56947E-01
7.40686E-03 1.08746E-02 1.89352E-02 3.02507E-02 4.16647E-02 2.47260E-01 4.77293E-01 2.19337E-02 1.08746E-02 7.40686E-03 2.52355E-01
7.39595E-03 1.08072E-02 1.87857E-02 2.99006E-02 4.11554E-02 2.45011E-01 4.73814E-01 2.17369E-02 1.08072E-02 7.39595E-03 2.47928E-01
7.38335E-03 1.07400E-02 1.86385E-02 2.95595E-02 4.06595E-02 2.42813E-01 4.70403E-01 2.15441E-02 1.07400E-02 7.38335E-03 2.43658E-01
7.36923E-03 1.06730E-02 1.84938E-02 2.92269E-02 4.01767E-02 2.40664E-01 4.67057E-01 2.13551E-02 1.06730E-02 7.36923E-03 2.39535E-01
7.35372E-03 1.06063E-02 1.83513E-02 2.89026E-02 3.97064E-02 2.38561E-01 4.63774E-01 2.11697E-02 1.06063E-02 7.35372E-03 2.35554E-01
7.33696E-03 1.05399E-02 1.82112E-02 2.85861E-02 3.92479E-02 2.36504E-01 4.60552E-01 2.09880E-02 1.05399E-02 7.33696E-03 2.31706E-01
0.00000E+00 0.00000E+00 1.31141E-02 4.72903E-02 7.81336E-02 4.64313E-01 7.92365E-01 2.15218E-02 0.00000E+00 0.00000E+00 7.44686E-01
0.00000E+00 0.00000E+00 1.44014E-02 4.48254E-02 7.29428E-02 4.43796E-01 7.70282E-01 2.19368E-02 0.00000E+00 0.00000E+00 7.11538E-01
0.00000E+00 1.10066E-03 1.52410E-02 4.27739E-02 6.87339E-02 4.26315E-01 7.50308E-01 2.21032E-02 1.10066E-03 0.00000E+00 6.71277E-01
0.00000E+00 2.34692E-03 1.57871E-02 4.09739E-02 6.51443E-02 4.10884E-01 7.31874E-01 2.21022E-02 2.34692E-03 0.00000E+00 6.30827E-01
0.00000E+00 3.28718E-03 1.61289E-02 3.93528E-02 6.19982E-02 3.97006E-01 7.14707E-01 2.19857E-02 3.28718E-03 0.00000E+00 5.93040E-01
0.00000E+00 4.00816E-03 1.63298E-02 3.78829E-02 5.92092E-02 3.84422E-01 6.98686E-01 2.17960E-02 4.00816E-03 0.00000E+00 5.58303E-01
0.00000E+00 4.56763E-03 1.64310E-02 3.65422E-02 5.67133E-02 3.72932E-01 6.83693E-01 2.15598E-02 4.56763E-03 0.00000E+00 5.26603E-01
0.00000E+00 5.00545E-03 1.64607E-02 3.53126E-02 5.44618E-02 3.62378E-01 6.69625E-01 2.12945E-02 5.00545E-03 0.00000E+00 4.97758E-01
2.36179E-04 5.35112E-03 1.64414E-02 3.41888E-02 5.24311E-02 3.52688E-01 6.56464E-01 2.10162E-02 5.35112E-03 2.36179E-04 4.70827E-01
7.71712E-04 5.62520E-03 1.63860E-02 3.31547E-02 5.05848E-02 3.43736E-01 6.44098E-01 2.07310E-02 5.62520E-03 7.71712E-04 4.45330E-01
1.22291E-03 5.84081E-03 1.62991E-02 3.21852E-02 4.88755E-02 3.35341E-01 6.32330E-01 2.04366E-02 5.84081E-03 1.22291E-03 4.22144E-01
1.60512E-03 6.00954E-03 1.61886E-02 3.12744E-02 4.72877E-02 3.27448E-01 6.21114E-01 2.01378E-02 6.00954E-03 1.60512E-03 4.01008E-01
1.93035E-03 6.14038E-03 1.60606E-02 3.04173E-02 4.58084E-02 3.20008E-01 6.10410E-01 1.98380E-02 6.14038E-03 1.93035E-03 3.81691E-01
2.20817E-03 6.24038E-03 1.59197E-02 2.96092E-02 4.44263E-02 3.12980E-01 6.00181E-01 1.95398E-02 6.24038E-03 2.20817E-03 3.63993E-01
2.44624E-03 6.31513E-03 1.57695E-02 2.88460E-02 4.31317E-02 3.06327E-01 5.90394E-01 1.92448E-02 6.31513E-03 2.44624E-03 3.47735E-01
2.65078E-03 6.36910E-03 1.56127E-02 2.81241E-02 4.19162E-02 3.00016E-01 5.81017E-01 1.89545E-02 6.36910E-03 2.65078E-03 3.32763E-01
2.82684E-03 6.40590E-03 1.54514E-02 2.74402E-02 4.07725E-02 2.94020E-01 5.72024E-01 1.86695E-02 6.40590E-03 2.82684E-03 3.18941E-01
2.97861E-03 6.42846E-03 1.52874E-02 2.67912E-02 3.96941E-02 2.88312E-01 5.63388E-01 1.83906E-02 6.42846E-03 2.97861E-03 3.06152E-01
3.10955E-03 6.43917E-03 1.51218E-02 2.61745E-02 3.86754E-02 2.82870E-01 5.55086E-01 1.81181E-02 6.43917E-03 3.10955E-03 2.94291E-01
3.22255E-03 6.43999E-03 1.49559E-02 2.55877E-02 3.77113E-02 2.77675E-01 5.47098E-01 1.78522E-02 6.43999E-03 3.22255E-03 2.83267E-01
3.32003E-03 6.43256E-03 1.47902E-02 2.50286E-02 3.67974E-02 2.72709E-01 5.39405E-01 1.75930E-02 6.43256E-03 3.32003E-03 2.72999E-01
3.40404E-03 6.41824E-03 1.46255E-02 2.44953E-02 3.59298E-02 2.67954E-01 5.31987E-01 1.73406E-02 6.41824E-03 3.40404E-03 2.63417E-01
3.47631E-03 6.39814E-03 1.44623E-02 2.39860E-02 3.51048E-02 2.63397E-01 5.24830E-01 1.70948E-02 6.39814E-03 3.47631E-03 2.54457E-01
3.53833E-03 6.37323E-03 1.43009E-02 2.34990E-02 3.43193E-02 2.59025E-01 5.17918E-01 1.68558E-02 6.37323E-03 3.53833E-03 2.46063E-01
3.59137E-03 6.34429E-03 1.41416E-02 2.30329E-02 3.35704E-02 2.54825E-01 5.11238E-01 1.66232E-02 6.34429E-03 3.59137E-03 2.38187E-01
3.63652E-03 6.31200E-03 1.39846E-02 2.25863E-02 3.28555E-02 2.50786E-01 5.04776E-01 1.63969E-02 6.31200E-03 3.63652E-03 2.30784E-01
3.67471E-03 6.27693E-03 1.38302E-02 2.21580E-02 3.21722E-02 2.46898E-01 4.98521E-01 1.61768E-02 6.27693E-03 3.67471E-03 2.23814E-01
3.70677E-03 6.23956E-03 1.36783E-02 2.17468E-02 3.15185E-02 2.43153E-01 4.92463E-01 1.59628E-02 6.23956E-03 3.70677E-03 2.17241E-01
3.73340E-03 6.20031E-03 1.35291E-02 2.13518E-02 3.08924E-02 2.39542E-01 4.86590E-01 1.57546E-02 6.20031E-03 3.73340E-03 2.11035E-01
3.75521E-03 6.15952E-03 1.33827E-02 2.09718E-02 3.02921E-02 2.36057E-01 4.80894E-01 1.55520E-02 6.15952E-03 3.75521E-03 2.05167E-01
3.77276E-03 6.11750E-03 1.32390E-02 2.06062E-02 2.97161E-02 2.32690E-01 4.75366E-01 1.53549E-02 6.11750E-03 3.77276E-03 1.99609E-01
3.78651E-03 6.07450E-03 1.30981E-02 2.02540E-02 2.91627E-02 2.29437E-01 4.69997E-01 1.51630E-02 6.07450E-03 3.78651E-03 1.94341E-01
3.79689E-03 6.03075E-03 1.29600E-02 1.99145E-02 2.86307E-02 2.26290E-01 4.64781E-01 1.49763E-02 6.03075E-03 3.79689E-03 1.89339E-01
3.80426E-03 5.98643E-03 1.28246E-02 1.95870E-02 2.81188E-02 2.23244E-01 4.59710E-01 1.47945E-02 5.98643E-03 3.80426E-03 1.84585E-01
3.80894E-03 5.94171E-03 1.26919E-02 1.92709E-02 2.76259E-02 2.20294E-01 4.54777E-01 1.46174E-02 5.94171E-03 3.80894E-03 1.80062E-01
3.81122E-03 5.89671E-03 1.25619E-02 1.89655E-02 2.71508E-02 2.17434E-01 4.49977E-01 1.44449E-02 5.89671E-03 3.81122E-03 1.75753E-01
3.81136E-03 5.85158E-03 1.24345E-02 1.86704E-02 2.66926E-02 2.14661E-01 4.45303E-01 1.42768E-02 5.85158E-03 3.81136E-03 1.71645E-01
3.80958E-03 5.80640E-03 1.23097E-02 1.83849E-02 2.62505E-02 2.11970E-01 4.40750E-01 1.41129E-02 5.80640E-03 3.80958E-03 1.67723E-01
3.80610E-03 5.76126E-03 1.21874E-02 1.81086E-02 2.58234E-02 2.09358E-01 4.36312E-01 1.39532E-02 5.76126E-03 3.80610E-03 1.63976E-01
3.80108E-03 5.71624E-03 1.20677E-02 1.78411E-02 2.54107E-02 2.06820E-01 4.31986E-01 1.37974E-02 5.71624E-03 3.80108E-03 1.60392E-01
3.79469E-03 5.67141E-03 1.19503E-02 1.75819E-02 2.50116E-02 2.04354E-01 4.27766E-01 1.36455E-02 5.67141E-03 3.79469E-03 1.56962E-01
3.78707E-03 5.62682E-03 1.18354E-02 1.73306E-02 2.46255E-02 2.01955E-01 4.23648E-01 1.34972E-02 5.62682E-03 3.78707E-03 1.53676E-01
3.77836E-03 5.58252E-03 1.17227E-02 1.70869E-02 2.42516E-02 1.99621E-01 4.19628E-01 1.33525E-02 5.58252E-03 3.77836E-03 1.50525E-01
3.76867E-03 5.53855E-03 1.16123E-02 1.68504E-02 2.38895E-02 1.97350E-01 4.15703E-01 1.32112E-02 5.53855E-03 3.76867E-03 1.47501E-01
3.75810E-03 5.49493E-03 1.15041E-02 1.66208E-02 2.35385E-02 1.95138E-01 4.11868E-01 1.30732E-02 5.49493E-03 3.75810E-03 1.44597E-01
3.74675E-03 5.45171E-03 1.13981E-02 1.63978E-02 2.31981E-02 1.92984E-01 4.08120E-01 1.29385E-02 5.45171E-03 3.74675E-03 1.41806E-01
3.73471E-03 5.40890E-03 1.12942E-02 1.61811E-02 2.28679E-02 1.90884E-01 4.04457E-01 1.28068E-02 5.40890E-03 3.73471E-03 1.39121E-01
3.72205E-03 5.36652E-03 1.11923E-02 1.59704E-02 2.25473E-02 1.88836E-01 4.00874E-01 1.26781E-02 5.36652E-03 3.72205E-03 1.36537E-01
3.70884E-03 5.32460E-03 1.10923E-02 1.57654E-02 2.22360E-02 1.86839E-01 3.97369E-01 1.25522E-02 5.32460E-03 3.70884E-03 1.34049E-01
3.69514E-03 5.28313E-03 1.09943E-02 1.55660E-02 2.19335E-02 1.84890E-01 3.93939E-01 1.24292E-02 5.28313E-03 3.69514E-03 1.31650E-01
0.00000E+00 0.00000E+00 1.08034E-02 2.85794E-02 4.90922E-02 4.26279E-01 7.97930E-01 1.53702E-02 0.00000E+00 0.00000E+00 5.69796E-01
0.00000E+00 0.00000E+00 1.12040E-02 2.65544E-02 4.47399E-02 3.99970E-01 7.62473E-01 1.52078E-02 0.00000E+00 0.00000E+00 5.15932E-01
0.00000E+00 5.45950E-04 1.14090E-02 2.49310E-02 4.13363E-02 3.78339E-01 7.32177E-01 1.49886E-02 5.45950E-04 0.00000E+00 4.67271E-01
0.00000E+00 1.15269E-03 1.14865E-02 2.35529E-02 3.85232E-02 3.59797E-01 7.05407E-01 1.47283E-02 1.15269E-03 0.00000E+00 4.24847E-01
0.00000E+00 1.60015E-03 1.14779E-02 2.23471E-02 3.61241E-02 3.43532E-01 6.81329E-01 1.44416E-02 1.60015E-03 0.00000E+00 3.88470E-01
0.00000E+00 1.93530E-03 1.14138E-02 2.12802E-02 3.40472E-02 3.29097E-01 6.59496E-01 1.41443E-02 1.93530E-03 0.00000E+00 3.57158E-01
0.00000E+00 2.18904E-03 1.13137E-02 2.03271E-02 3.22270E-02 3.16163E-01 6.39561E-01 1.38455E-02 2.18904E-03 0.00000E+00 3.30054E-01
0.00000E+00 2.38242E-03 1.11903E-02 1.94690E-02 3.06153E-02 3.04480E-01 6.21250E-01 1.35507E-02 2.38242E-03 0.00000E+00 3.06447E-01
1.13277E-04 2.53056E-03 1.10538E-02 1.86964E-02 2.91848E-02 2.93911E-01 6.04435E-01 1.32655E-02 2.53056E-03 1.13277E-04 2.85386E-01
3.68053E-04 2.64398E-03 1.09093E-02 1.79953E-02 2.79031E-02 2.84278E-01 5.88897E-01 1.29906E-02 2.64398E-03 3.68053E-04 2.66274E-01
5.80196E-04 2.72979E-03 1.07575E-02 1.73472E-02 2.67335E-02 2.75359E-01 5.74333E-01 1.27222E-02 2.72979E-03 5.80196E-04 2.49333E-01
7.57804E-04 2.79380E-03 1.06015E-02 1.67463E-02 2.56615E-02 2.67070E-01 5.60643E-01 1.24614E-02 2.79380E-03 7.57804E-04 2.34239E-01
9.07170E-04 2.84049E-03 1.04437E-02 1.61875E-02 2.46749E-02 2.59342E-01 5.47743E-01 1.22089E-02 2.84049E-03 9.07170E-04 2.20724E-01
1.03325E-03 2.87330E-03 1.02857E-02 1.56664E-02 2.37638E-02 2.52116E-01 5.35558E-01 1.19650E-02 2.87330E-03 1.03325E-03 2.08570E-01
1.13998E-03 2.89493E-03 1.01288E-02 1.51793E-02 2.29194E-02 2.45339E-01 5.24026E-01 1.17297E-02 2.89493E-03 1.13998E-03 1.97592E-01
1.23053E-03 2.90753E-03 9.97388E-03 1.47228E-02 2.21345E-02 2.38968E-01 5.13089E-01 1.15028E-02 2.90753E-03 1.23053E-03 1.87638E-01
1.30745E-03 2.91280E-03 9.82142E-03 1.42942E-02 2.14029E-02 2.32965E-01 5.02698E-01 1.12844E-02 2.91280E-03 1.30745E-03 1.78578E-01
1.37285E-03 2.91209E-03 9.67190E-03 1.38908E-02 2.07192E-02 2.27296E-01 4.92808E-01 1.10740E-02 2.91209E-03 1.37285E-03 1.70302E-01
1.42844E-03 2.90652E-03 9.52560E-03 1.35104E-02 2.00788E-02 2.21932E-01 4.83382E-01 1.08713E-02 2.90652E-03 1.42844E-03 1.62718E-01
1.47566E-03 2.89699E-03 9.38270E-03 1.31511E-02 1.94775E-02 2.16848E-01 4.74383E-01 1.06762E-02 2.89699E-03 1.47566E-03 1.55747E-01
1.51569E-03 2.88422E-03 9.24331E-03 1.28112E-02 1.89118E-02 2.12021E-01 4.65780E-01 1.04882E-02 2.88422E-03 1.51569E-03 1.49320E-01
1.54953E-03 2.86881E-03 9.10746E-03 1.24891E-02 1.83786E-02 2.07429E-01 4.57546E-01 1.03070E-02 2.86881E-03 1.54953E-03 1.43380E-01
1.57803E-03 2.85127E-03 8.97516E-03 1.21833E-02 1.78751E-02 2.03056E-01 4.49655E-01 1.01324E-02 2.85127E-03 1.57803E-03 1.37873E-01
1.60188E-03 2.83200E-03 8.84639E-03 1.18927E-02 1.73988E-02 1.98885E-01 4.42083E-01 9.96393E-03 2.83200E-03 1.60188E-03 1.32758E-01
1.62170E-03 2.81135E-03 8.72109E-03 1.16161E-02 1.69476E-02 1.94901E-01 4.34811E-01 9.80141E-03 2.81135E-03 1.62170E-03 1.27994E-01
1.63801E-03 2.78959E-03 8.59919E-03 1.13524E-02 1.65194E-02 1.91092E-01 4.27818E-01 9.64452E-03 2.78959E-03 1.63801E-03 1.23548E-01
1.65125E-03 2.76696E-03 8.48062E-03 1.11009E-02 1.61125E-02 1.87444E-01 4.21089E-01 9.49298E-03 2.76696E-03 1.65125E-03 1.19391E-01
1.66180E-03 2.74367E-03 8.36528E-03 1.08607E-02 1.57254E-02 1.83948E-01 4.14605E-01 9.34655E-03 2.74367E-03 1.66180E-03 1.15496E-01
1.66999E-03 2.71988E-03 8.25309E-03 1.06309E-02 1.53566E-02 1.80594E-01 4.08355E-01 9.20498E-03 2.71988E-03 1.66999E-03 1.11839E-01
1.67611E-03 2.69572E-03 8.14395E-03 1.04110E-02 1.50049E-02 1.77372E-01 4.02322E-01 9.06804E-03 2.69572E-03 1.67611E-03 1.08401E-01
1.68041E-03 2.67132E-03 8.03776E-03 1.02002E-02 1.46689E-02 1.74275E-01 3.96497E-01 8.93550E-03 2.67132E-03 1.68041E-03 1.05162E-01
1.68310E-03 2.64678E-03 7.93443E-03 9.99809E-03 1.43478E-02 1.71295E-01 3.90867E-01 8.80716E-03 2.64678E-03 1.68310E-03 1.02106E-01
1.68438E-03 2.62217E-03 7.83385E-03 9.80402E-03 1.40405E-02 1.68425E-01 3.85421E-01 8.68283E-03 2.62217E-03 1.68438E-03 9.92190E-02
1.68441E-03 2.59757E-03 7.73594E-03 9.61755E-03 1.37461E-02 1.65658E-01 3.80151E-01 8.56232E-03 2.59757E-03 1.68441E-03 9.64872E-02
1.68333E-03 2.57303E-03 7.64060E-03 9.43824E-03 1.34639E-02 1.62990E-01 3.75046E-01 8.44545E-03 2.57303E-03 1.68333E-03 9.38987E-02
1.68128E-03 2.54860E-03 7.54773E-03 9.26566E-03 1.31930E-02 1.60413E-01 3.70099E-01 8.33207E-03 2.54860E-03 1.68128E-03 9.14429E-02
1.67837E-03 2.52433E-03 7.45727E-03 9.09944E-03 1.29328E-02 1.57925E-01 3.65302E-01 8.22202E-03 2.52433E-03 1.67837E-03 8.91100E-02
1.67470E-03 2.50025E-03 7.36911E-03 8.93922E-03 1.26827E-02 1.55519E-01 3.60647E-01 8.11515E-03 2.50025E-03 1.67470E-03 8.68912E-02
1.67036E-03 2.47639E-03 7.28317E-03 8.78469E-03 1.24421E-02 1.53192E-01 3.56128E-01 8.01133E-03 2.47639E-03 1.67036E-03 8.47785E-02
1.66543E-03 2.45276E-03 7.19939E-03 8.63553E-03 1.22104E-02 1.50939E-01 3.51739E-01 7.91042E-03 2.45276E-03 1.66543E-03 8.27646E-02
1.65997E-03 2.42939E-03 7.11767E-03 8.49147E-03 1.19872E-02 1.48757E-01 3.47473E-01 7.81230E-03 2.42939E-03 1.65997E-03 8.08428E-02
1.65405E-03 2.40630E-03 7.03795E-03 8.35224E-03 1.17720E-02 1.46643E-01 3.43325E-01 7.71685E-03 2.40630E-03 1.65405E-03 7.90072E-02
1.64773E-03 2.38349E-03 6.96016E-03 8.21761E-03 1.15643E-02 1.44593E-01 3.39290E-01 7.62396E-03 2.38349E-03 1.64773E-03 7.72520E-02
1.64106E-03 2.36098E-03 6.88423E-03 8.08734E-03 1.13639E-02 1.42603E-01 3.35363E-01 7.53354E-03 2.36098E-03 1.64106E-03 7.55723E-02
1.63407E-03 2.33877E-03 6.81009E-03 7.96122E-03 1.11702E-02 1.40673E-01 3.31539E-01 7.44547E-03 2.33877E-03 1.63407E-03 7.39634E-02
1.62681E-03 2.31687E-03 6.73769E-03 7.83906E-03 1.09830E-02 1.38797E-01 3.27813E-01 7.35967E-03 2.31687E-03 1.62681E-03 7.24208E-02
1.61932E-03 2.29529E-03 6.66696E-03 7.72066E-03 1.08019E-02 1.36975E-01 3.24183E-01 7.27605E-03 2.29529E-03 1.61932E-03 7.09407E-02
1.61162E-03 2.27401E-03 6.59785E-03 7.60585E-03 1.06267E-02 1.35204E-01 3.20644E-01 7.19451E-03 2.27401E-03 1.61162E-03 6.95195E-02
1.60375E-03 2.25305E-03 6.53029E-03 7.49447E-03 1.04570E-02 1.33481E-01 3.17192E-01 7.11500E-03 2.25305E-03 1.60375E-03 6.81536E-02
1.59573E-03 2.23241E-03 6.46425E-03 7.38637E-03 1.02926E-02 1.31805E-01 3.13824E-01 7.03742E-03 2.23241E-03 1.59573E-03 6.68399E-02
0.00000E+00 0.00000E+00 9.28815E-03 1.51396E-02 2.46461E-02 3.56712E-01 7.53834E-01 1.10805E-02 0.00000E+00 0.00000E+00 3.61655E-01
0.00000E+00 0.00000E+00 9.03461E-03 1.37020E-02 2.18851E-02 3.27601E-01 7.06157E-01 1.05698E-02 0.00000E+00 0.00000E+00 3.08573E-01
0.00000E+00 1.95929E-04 8.79778E-03 1.26014E-02 1.98041E-02 3.04384E-01 6.66950E-01 1.01437E-02 1.95929E-04 0.00000E+00 2.67461E-01
0.00000E+00 4.14293E-04 8.56613E-03 1.17025E-02 1.81357E-02 2.84988E-01 6.33364E-01 9.76430E-03 4.14293E-04 0.00000E+00 2.34940E-01
0.00000E+00 5.75158E-04 8.33839E-03 1.09412E-02 1.67494E-02 2.68346E-01 6.03932E-01 9.41713E-03 5.75158E-04 0.00000E+00 2.08882E-01
0.00000E+00 6.95083E-04 8.11782E-03 1.02854E-02 1.55758E-02 2.53862E-01 5.77836E-01 9.09797E-03 6.95083E-04 0.00000E+00 1.87640E-01
0.00000E+00 7.85198E-04 7.90603E-03 9.71297E-03 1.45669E-02 2.41107E-01 5.54474E-01 8.80341E-03 7.85198E-04 0.00000E+00 1.70059E-01
0.00000E+00 8.53198E-04 7.70370E-03 9.20769E-03 1.36890E-02 2.29765E-01 5.33389E-01 8.53061E-03 8.53198E-04 0.00000E+00 1.55312E-01
4.27763E-05 9.04389E-04 7.51215E-03 8.76019E-03 1.29212E-02 2.19651E-01 5.14330E-01 8.27866E-03 9.04389E-04 4.27763E-05 1.42636E-01
1.38631E-04 9.42640E-04 7.33055E-03 8.35989E-03 1.22425E-02 2.10551E-01 4.96971E-01 8.04468E-03 9.42640E-04 1.38631E-04 1.31522E-01
2.17993E-04 9.71006E-04 7.15647E-03 7.99539E-03 1.16313E-02 2.02228E-01 4.80913E-01 7.82430E-03 9.71006E-04 2.17993E-04 1.21889E-01
2.84036E-04 9.91605E-04 6.98986E-03 7.66196E-03 1.10779E-02 1.94582E-01 4.66004E-01 7.61647E-03 9.91605E-04 2.84036E-04 1.13475E-01
3.39223E-04 1.00606E-03 6.83049E-03 7.35566E-03 1.05742E-02 1.87528E-01 4.52114E-01 7.42020E-03 1.00606E-03 3.39223E-04 1.06073E-01
3.85490E-04 1.01562E-03 6.67809E-03 7.07324E-03 1.01139E-02 1.80997E-01 4.39134E-01 7.23459E-03 1.01562E-03 3.85490E-04 9.95178E-02
4.24370E-04 1.02126E-03 6.53235E-03 6.81194E-03 9.69138E-03 1.74931E-01 4.26971E-01 7.05882E-03 1.02126E-03 4.24370E-04 9.36791E-02
4.57094E-04 1.02377E-03 6.39294E-03 6.56943E-03 9.30221E-03 1.69279E-01 4.15545E-01 6.89212E-03 1.02377E-03 4.57094E-04 8.84496E-02
4.84657E-04 1.02374E-03 6.25953E-03 6.34370E-03 8.94255E-03 1.63998E-01 4.04786E-01 6.73382E-03 1.02374E-03 4.84657E-04 8.37422E-02
5.07867E-04 1.02167E-03 6.13178E-03 6.13303E-03 8.60912E-03 1.59052E-01 3.94633E-01 6.58329E-03 1.02167E-03 5.07867E-04 7.94852E-02
5.27391E-04 1.01795E-03 6.00938E-03 5.93594E-03 8.29914E-03 1.54408E-01 3.85032E-01 6.43997E-03 1.01795E-03 5.27391E-04 7.56188E-02
5.43776E-04 1.01289E-03 5.89203E-03 5.75114E-03 8.01019E-03 1.50038E-01 3.75937E-01 6.30334E-03 1.01289E-03 5.43776E-04 7.20933E-02
5.57480E-04 1.00677E-03 5.77944E-03 5.57748E-03 7.74021E-03 1.45918E-01 3.67306E-01 6.17294E-03 1.00677E-03 5.57480E-04 6.88668E-02
5.68884E-04 9.99790E-04 5.67134E-03 5.41398E-03 7.48736E-03 1.42026E-01 3.59103E-01 6.04833E-03 9.99790E-04 5.68884E-04 6.59038E-02
5.78309E-04 9.92123E-04 5.56747E-03 5.25975E-03 7.25006E-03 1.38343E-01 3.51293E-01 5.92913E-03 9.92123E-04 5.78309E-04 6.31741E-02
5.86026E-04 9.83913E-04 5.46760E-03 5.11402E-03 7.02692E-03 1.34853E-01 3.43849E-01 5.81499E-03 9.83913E-04 5.86026E-04 6.06519E-02
5.92265E-04 9.75278E-04 5.37150E-03 4.97610E-03 6.81670E-03 1.31539E-01 3.36742E-01 5.70558E-03 9.75278E-04 5.92265E-04 5.83149E-02
5.97221E-04 9.66317E-04 5.27897E-03 4.84535E-03 6.61830E-03 1.28388E-01 3.29950E-01 5.60060E-03 9.66317E-04 5.97221E-04 5.61438E-02
6.01063E-04 9.57110E-04 5.18982E-03 4.72124E-03 6.43077E-03 1.25389E-01 3.23450E-01 5.49978E-03 9.57110E-04 6.01063E-04 5.41221E-02
6.03934E-04 9.47725E-04 5.10385E-03 4.60326E-03 6.25321E-03 1.22530E-01 3.17224E-01 5.40286E-03 9.47725E-04 6.03934E-04 5.22350E-02
6.05959E-04 9.38219E-04 5.02091E-03 4.49097E-03 6.08487E-03 1.19801E-01 3.11252E-01 5.30963E-03 9.38219E-04 6.05959E-04 5.04698E-02
6.07244E-04 9.28637E-04 4.94083E-03 4.38396E-03 5.92504E-03 1.17193E-01 3.05520E-01 5.21985E-03 9.28637E-04 6.07244E-04 4.88154E-02
6.07883E-04 9.19020E-04 4.86346E-03 4.28185E-03 5.77309E-03 1.14698E-01 3.00011E-01 5.13335E-03 9.19020E-04 6.07883E-04 4.72617E-02
6.07956E-04 9.09399E-04 4.78868E-03 4.18433E-03 5.62846E-03 1.12309E-01 2.94714E-01 5.04993E-03 9.09399E-04 6.07956E-04 4.58001E-02
6.07534E-04 8.99802E-04 4.71634E-03 4.09108E-03 5.49062E-03 1.10020E-01 2.89614E-01 4.96943E-03 8.99802E-04 6.07534E-04 4.44227E-02
6.06679E-04 8.90251E-04 4.64633E-03 4.00183E-03 5.35912E-03 1.07822E-01 2.84700E-01 4.89168E-03 8.90251E-04 6.06679E-04 4.31226E-02
6.05443E-04 8.80765E-04 4.57854E-03 3.91633E-03 5.23352E-03 1.05712E-01 2.79963E-01 4.81656E-03 8.80765E-04 6.05443E-04 4.18936E-02
6.03876E-04 8.71358E-04 4.51285E-03 3.83433E-03 5.11345E-03 1.03684E-01 2.75392E-01 4.74391E-03 8.71358E-04 6.03876E-04 4.07301E-02
6.02018E-04 8.62044E-04 4.44918E-03 3.75564E-03 4.99854E-03 1.01733E-01 2.70978E-01 4.67362E-03 8.62044E-04 6.02018E-04 3.96270E-02
5.99905E-04 8.52833E-04 4.38742E-03 3.68005E-03 4.88846E-03 9.98548E-02 2.66712E-01 4.60557E-03 8.52833E-04 5.99905E-04 3.85799E-02
5.97572E-04 8.43733E-04 4.32750E-03 3.60737E-03 4.78293E-03 9.80451E-02 2.62588E-01 4.53964E-03 8.43733E-04 5.97572E-04 3.75847E-02
5.95045E-04 8.34750E-04 4.26932E-03 3.53746E-03 4.68167E-03 9.63001E-02 2.58598E-01 4.47574E-03 8.34750E-04 5.95045E-04 3.66377E-02
5.92350E-04 8.25891E-04 4.21281E-03 3.47014E-03 4.58443E-03 9.46164E-02 2.54734E-01 4.41377E-03 8.25891E-04 5.92350E-04 3.57355E-02
5.89510E-04 8.17158E-04 4.15789E-03 3.40529E-03 4.49096E-03 9.29908E-02 2.50992E-01 4.35365E-03 8.17158E-04 5.89510E-04 3.48751E-02
5.86544E-04 8.08554E-04 4.10451E-03 3.34275E-03 4.40107E-03 9.14202E-02 2.47364E-01 4.29528E-03 8.08554E-04 5.86544E-04 3.40537E-02
5.83471E-04 8.00083E-04 4.05259E-03 3.28242E-03 4.31454E-03 8.99019E-02 2.43846E-01 4.23858E-03 8.00083E-04 5.83471E-04 3.32687E-02
5.80306E-04 7.91745E-04 4.00207E-03 3.22418E-03 4.23120E-03 8.84332E-02 2.40433E-01 4.18350E-03 7.91745E-04 5.80306E-04 3.25178E-02
5.77063E-04 7.83541E-04 3.95290E-03 3.16792E-03 4.15087E-03 8.70117E-02 2.37119E-01 4.12994E-03 7.83541E-04 5.77063E-04 3.17988E-02
5.73754E-04 7.75471E-04 3.90501E-03 3.11354E-03 4.07340E-03 8.56351E-02 2.33900E-01 4.07786E-03 7.75471E-04 5.73754E-04 3.11099E-02
5.70391E-04 7.67535E-04 3.85837E-03 3.06095E-03 3.99863E-03 8.43013E-02 2.30772E-01 4.02718E-03 7.67535E-04 5.70391E-04 3.04492E-02
5.66983E-04 7.59732E-04 3.81291E-03 3.01006E-03 3.92643E-03 8.30082E-02 2.27731E-01 3.97785E-03 7.59732E-04 5.66983E-04 2.98150E-02
5.63539E-04 7.52061E-04 3.76860E-03 2.96079E-03 3.85667E-03 8.17540E-02 2.24773E-01 3.92981E-03 7.52061E-04 5.63539E-04 2.92058E-02
0.00000E+00 0.00000E+00 7.68629E-03 6.78761E-03 9.31202E-03 2.55047E-01 6.38906E-01 8.12640E-03 0.00000E+00 0.00000E+00 1.56549E-01
0.00000E+00 0.00000E+00 7.14639E-03 5.94664E-03 8.05067E-03 2.28278E-01 5.84566E-01 7.51369E-03 0.00000E+00 0.00000E+00 1.27314E-01
0.00000E+00 4.03476E-05 6.72402E-03 5.33100E-03 7.13353E-03 2.07568E-01 5.41319E-01 7.03909E-03 4.03476E-05 0.00000E+00 1.06859E-01
0.00000E+00 8.92120E-05 6.37042E-03 4.84714E-03 6.41950E-03 1.90707E-01 5.05273E-01 6.64560E-03 8.92120E-05 0.00000E+00 9.17652E-02
0.00000E+00 1.27842E-04 6.06367E-03 4.45080E-03 5.84068E-03 1.76564E-01 4.74421E-01 6.30721E-03 1.27842E-04 0.00000E+00 8.02517E-02
0.00000E+00 1.58180E-04 5.79318E-03 4.11886E-03 5.36077E-03 1.64501E-01 4.47631E-01 6.01105E-03 1.58180E-04 0.00000E+00 7.12189E-02
0.00000E+00 1.81947E-04 5.55176E-03 3.83597E-03 4.95567E-03 1.54070E-01 4.24093E-01 5.74841E-03 1.81947E-04 0.00000E+00 6.39638E-02
0.00000E+00 2.00542E-04 5.33421E-03 3.59147E-03 4.60868E-03 1.44948E-01 4.03206E-01 5.51306E-03 2.00542E-04 0.00000E+00 5.80199E-02
1.16098E-05 2.14831E-04 5.13758E-03 3.37869E-03 4.30929E-03 1.36936E-01 3.84616E-01 5.30137E-03 2.14831E-04 1.16098E-05 5.30196E-02
3.77867E-05 2.25658E-04 4.95835E-03 3.19130E-03 4.04779E-03 1.29829E-01 3.67924E-01 5.10924E-03 2.25658E-04 3.77867E-05 4.87174E-02
5.96209E-05 2.34036E-04 4.79259E-03 3.02335E-03 3.81510E-03 1.23413E-01 3.52686E-01 4.93220E-03 2.34036E-04 5.96209E-05 4.50288E-02
7.78932E-05 2.40428E-04 4.63870E-03 2.87187E-03 3.60669E-03 1.17591E-01 3.38710E-01 4.76838E-03 2.40428E-04 7.78932E-05 4.18338E-02
9.32248E-05 2.45202E-04 4.49535E-03 2.73453E-03 3.41892E-03 1.12282E-01 3.25840E-01 4.61623E-03 2.45202E-04 9.32248E-05 3.90411E-02
1.06113E-04 2.48655E-04 4.36140E-03 2.60938E-03 3.24887E-03 1.07421E-01 3.13945E-01 4.47443E-03 2.48655E-04 1.06113E-04 3.65800E-02
1.16960E-04 2.51026E-04 4.23589E-03 2.49486E-03 3.09414E-03 1.02952E-01 3.02913E-01 4.34190E-03 2.51026E-04 1.16960E-04 3.43956E-02
1.26092E-04 2.52508E-04 4.11801E-03 2.38964E-03 2.95275E-03 9.88287E-02 2.92650E-01 4.21768E-03 2.52508E-04 1.26092E-04 3.24439E-02
1.33777E-04 2.53259E-04 4.00701E-03 2.29262E-03 2.82305E-03 9.50130E-02 2.83076E-01 4.10097E-03 2.53259E-04 1.33777E-04 3.06899E-02
1.40235E-04 2.53405E-04 3.90230E-03 2.20287E-03 2.70366E-03 9.14709E-02 2.74121E-01 3.99105E-03 2.53405E-04 1.40235E-04 2.91052E-02
1.45648E-04 2.53054E-04 3.80330E-03 2.11960E-03 2.59339E-03 8.81739E-02 2.65725E-01 3.88732E-03 2.53054E-04 1.45648E-04 2.76666E-02
1.50169E-04 2.52292E-04 3.70955E-03 2.04212E-03 2.49124E-03 8.50971E-02 2.57836E-01 3.78923E-03 2.52292E-04 1.50169E-04 2.63548E-02
1.53926E-04 2.51192E-04 3.62061E-03 1.96985E-03 2.39636E-03 8.22192E-02 2.50408E-01 3.69632E-03 2.51192E-04 1.53926E-04 2.51539E-02
1.57025E-04 2.49814E-04 3.53610E-03 1.90228E-03 2.30799E-03 7.95214E-02 2.43400E-01 3.60815E-03 2.49814E-04 1.57025E-04 2.40506E-02
1.59557E-04 2.48207E-04 3.45568E-03 1.83896E-03 2.22551E-03 7.69872E-02 2.36777E-01 3.52436E-03 2.48207E-04 1.59557E-04 2.30334E-02
1.61600E-04 2.46414E-04 3.37905E-03 1.77951E-03 2.14833E-03 7.46020E-02 2.30507E-01 3.44461E-03 2.46414E-04 1.61600E-04 2.20927E-02
1.63220E-04 2.44469E-04 3.30594E-03 1.72357E-03 2.07598E-03 7.23533E-02 2.24561E-01 3.36860E-03 2.44469E-04 1.63220E-04 2.12204E-02
1.64472E-04 2.42404E-04 3.23609E-03 1.67086E-03 2.00802E-03 7.02294E-02 2.18915E-01 3.29606E-03 2.42404E-04 1.64472E-04 2.04093E-02
1.65405E-04 2.40242E-04 3.16928E-03 1.62109E-03 1.94406E-03 6.82204E-02 2.13546E-01 3.22675E-03 2.40242E-04 1.65405E-04 1.96533E-02
1.66061E-04 2.38004E-04 3.10532E-03 1.57403E-03 1.88378E-03 6.63171E-02 2.08434E-01 3.16045E-03 2.38004E-04 1.66061E-04 1.89471E-02
1.66475E-04 2.35709E-04 3.04400E-03 1.52947E-03 1.82685E-03 6.45115E-02 2.03560E-01 3.09696E-03 2.35709E-04 1.66475E-04 1.82860E-02
1.66680E-04 2.33372E-04 2.98518E-03 1.48720E-03 1.77302E-03 6.27961E-02 1.98908E-01 3.03609E-03 2.33372E-04 1.66680E-04 1.76659E-02
1.66702E-04 2.31005E-04 2.92869E-03 1.44707E-03 1.72204E-03 6.11645E-02 1.94462E-01 2.97767E-03 2.31005E-04 1.66702E-04 1.70831E-02
1.66564E-04 2.28619E-04 2.87439E-03 1.40892E-03 1.67370E-03 5.96107E-02 1.90208E-01 2.92157E-03 2.28619E-04 1.66564E-04 1.65346E-02
1.66288E-04 2.26224E-04 2.82215E-03 1.37259E-03 1.62780E-03 5.81292E-02 1.86135E-01 2.86764E-03 2.26224E-04 1.66288E-04 1.60174E-02
1.65891E-04 2.23827E-04 2.77186E-03 1.33798E-03 1.58416E-03 5.67152E-02 1.82231E-01 2.81574E-03 2.23827E-04 1.65891E-04 1.55290E-02
1.65389E-04 2.21435E-04 2.72340E-03 1.30495E-03 1.54262E-03 5.53642E-02 1.78486E-01 2.76577E-03 2.21435E-04 1.65389E-04 1.50671E-02
1.64796E-04 2.19054E-04 2.67666E-03 1.27341E-03 1.50304E-03 5.40720E-02 1.74889E-01 2.71761E-03 2.19054E-04 1.64796E-04 1.46298E-02
1.64124E-04 2.16688E-04 2.63157E-03 1.24326E-03 1.46529E-03 5.28349E-02 1.71432E-01 2.67117E-03 2.16688E-04 1.64124E-04 1.42151E-02
1.63385E-04 2.14341E-04 2.58803E-03 1.21441E-03 1.42924E-03 5.16496E-02 1.68106E-01 2.62634E-03 2.14341E-04 1.63385E-04 1.38215E-02
1.62586E-04 2.12016E-04 2.54595E-03 1.18678E-03 1.39478E-03 5.05128E-02 1.64905E-01 2.58305E-03 2.12016E-04 1.62586E-04 1.34473E-02
1.61738E-04 2.09716E-04 2.50527E-03 1.16029E-03 1.36182E-03 4.94217E-02 1.61822E-01 2.54122E-03 2.09716E-04 1.61738E-04 1.30914E-02
1.60847E-04 2.07444E-04 2.46591E-03 1.13488E-03 1.33026E-03 4.83735E-02 1.58849E-01 2.50077E-03 2.07444E-04 1.60847E-04 1.27523E-02
1.59919E-04 2.05201E-04 2.42781E-03 1.11048E-03 1.30001E-03 4.73659E-02 1.55981E-01 2.46163E-03 2.05201E-04 1.59919E-04 1.24291E-02
1.58961E-04 2.02988E-04 2.39091E-03 1.08704E-03 1.27100E-03 4.63965E-02 1.53213E-01 2.42373E-03 2.02988E-04 1.58961E-04 1.21206E-02
1.57977E-04 2.00808E-04 2.35514E-03 1.06450E-03 1.24315E-03 4.54633E-02 1.50539E-01 2.38702E-03 2.00808E-04 1.57977E-04 1.18260E-02
1.56973E-04 1.98660E-04 2.32047E-03 1.04281E-03 1.21640E-03 4.45642E-02 1.47955E-01 2.35145E-03 1.98660E-04 1.56973E-04 1.15442E-02
1.55951E-04 1.96546E-04 2.28683E-03 1.02193E-03 1.19069E-03 4.36974E-02 1.45455E-01 2.31695E-03 1.96546E-04 1.55951E-04 1.12747E-02
1.54917E-04 1.94465E-04 2.25418E-03 1.00181E-03 1.16595E-03 4.28613E-02 1.43037E-01 2.28348E-03 1.94465E-04 1.54917E-04 1.10165E-02
1.53872E-04 1.92419E-04 2.22248E-03 9.82406E-04 1.14214E-03 4.20542E-02 1.40695E-01 2.25099E-03 1.92419E-04 1.53872E-04 1.07691E-02
1.52819E-04 1.90407E-04 2.19168E-03 9.63691E-04 1.11921E-03 4.12748E-02 1.38427E-01 2.21944E-03 1.90407E-04 1.52819E-04 1.05318E-02
1.51762E-04 1.88430E-04 2.16175E-03 9.45627E-04 1.09710E-03 4.05216E-02 1.36228E-01 2.18878E-03 1.88430E-04 1.51762E-04 1.03041E-02
0.00000E+00 0.00000E+00 5.77516E-03 2.30680E-03 2.57541E-03 1.36699E-01 4.47436E-01 5.82699E-03 0.00000E+00 0.00000E+00 3.20397E-02
0.00000E+00 0.00000E+00 5.23315E-03 1.95416E-03 2.16855E-03 1.18474E-01 3.97614E-01 5.27523E-03 0.00000E+00 0.00000E+00 2.67550E-02
0.00000E+00 2.88005E-06 4.81487E-03 1.70355E-03 1.88045E-03 1.04848E-01 3.59274E-01 4.85015E-03 2.88005E-06 0.00000E+00 2.31859E-02
0.00000E+00 8.41641E-06 4.47289E-03 1.51220E-03 1.66139E-03 9.40741E-02 3.28219E-01 4.50309E-03 8.41641E-06 0.00000E+00 2.05520E-02
0.00000E+00 1.40899E-05 4.18390E-03 1.35964E-03 1.48753E-03 8.52659E-02 3.02294E-01 4.21016E-03 1.40899E-05 0.00000E+00 1.84978E-02
0.00000E+00 1.92658E-05 3.93529E-03 1.23492E-03 1.34601E-03 7.79247E-02 2.80282E-01 3.95840E-03 1.92658E-05 0.00000E+00 1.68354E-02
0.00000E+00 2.37600E-05 3.71837E-03 1.13092E-03 1.22850E-03 7.17090E-02 2.61329E-01 3.73891E-03 2.37600E-05 0.00000E+00 1.54526E-02
0.00000E+00 2.75650E-05 3.52693E-03 1.04278E-03 1.12933E-03 6.63767E-02 2.44821E-01 3.54535E-03 2.75650E-05 0.00000E+00 1.42781E-02
2.08257E-06 3.06276E-05 3.35719E-03 9.67398E-04 1.04485E-03 6.17759E-02 2.30377E-01 3.37383E-03 3.06276E-05 2.08257E-06 1.32556E-02
6.86845E-06 3.30415E-05 3.20523E-03 9.02069E-04 9.71925E-04 5.77618E-02 2.17612E-01 3.22037E-03 3.30415E-05 6.86845E-06 1.23484E-02
1.09494E-05 3.50573E-05 3.06695E-03 8.44422E-04 9.07796E-04 5.41931E-02 2.06128E-01 3.08079E-03 3.50573E-05 1.09494E-05 1.15457E-02
1.44199E-05 3.67161E-05 2.94049E-03 7.93176E-04 8.50974E-04 5.10010E-02 1.95740E-01 2.95319E-03 3.67161E-05 1.44199E-05 1.08296E-02
1.73646E-05 3.80605E-05 2.82431E-03 7.47323E-04 8.00292E-04 4.81297E-02 1.86298E-01 2.83600E-03 3.80605E-05 1.73646E-05 1.01864E-02
1.98577E-05 3.91312E-05 2.71714E-03 7.06057E-04 7.54817E-04 4.55342E-02 1.77678E-01 2.72795E-03 3.91312E-05 1.98577E-05 9.60517E-03
2.19631E-05 3.99654E-05 2.61793E-03 6.68727E-04 7.13795E-04 4.31774E-02 1.69777E-01 2.62795E-03 3.99654E-05 2.19631E-05 9.07738E-03
2.37357E-05 4.05961E-05 2.52578E-03 6.34800E-04 6.76614E-04 4.10285E-02 1.62509E-01 2.53511E-03 4.05961E-05 2.37357E-05 8.59597E-03
2.52225E-05 4.10527E-05 2.43995E-03 6.03834E-04 6.42767E-04 3.90618E-02 1.55800E-01 2.44864E-03 4.10527E-05 2.52225E-05 8.15517E-03
2.64639E-05 4.13604E-05 2.35977E-03 5.75463E-04 6.11832E-04 3.72556E-02 1.49590E-01 2.36789E-03 4.13604E-05 2.64639E-05 7.75017E-03
2.74940E-05 4.15413E-05 2.28469E-03 5.49378E-04 5.83456E-04 3.55916E-02 1.43823E-01 2.29230E-03 4.15413E-05 2.74940E-05 7.37693E-03
2.83424E-05 4.16145E-05 2.21423E-03 5.25319E-04 5.57342E-04 3.40540E-02 1.38455E-01 2.22136E-03 4.16145E-05 2.83424E-05 7.03201E-03
2.90342E-05 4.15965E-05 2.14795E-03 5.03061E-04 5.33234E-04 3.26294E-02 1.33446E-01 2.15465E-03 4.15965E-05 2.90342E-05 6.71248E-03
2.95910E-05 4.15014E-05 2.08548E-03 4.82414E-04 5.10915E-04 3.13061E-02 1.28762E-01 2.09179E-03 4.15014E-05 2.95910E-05 6.41580E-03
3.00315E-05 4.13414E-05 2.02650E-03 4.63213E-04 4.90200E-04 3.00739E-02 1.24372E-01 2.03245E-03 4.13414E-05 3.00315E-05 6.13976E-03
3.03718E-05 4.11271E-05 1.97072E-03 4.45315E-04 4.70924E-04 2.89241E-02 1.20249E-01 1.97634E-03 4.11271E-05 3.03718E-05 5.88246E-03
3.06256E-05 4.08676E-05 1.91787E-03 4.28595E-04 4.52949E-04 2.78488E-02 1.16370E-01 1.92319E-03 4.08676E-05 3.06256E-05 5.64219E-03
3.08049E-05 4.05708E-05 1.86773E-03 4.12944E-04 4.36149E-04 2.68414E-02 1.12714E-01 1.87276E-03 4.05708E-05 3.08049E-05 5.41747E-03
3.09202E-05 4.02434E-05 1.82010E-03 3.98266E-04 4.20419E-04 2.58958E-02 1.09263E-01 1.82487E-03 4.02434E-05 3.09202E-05 5.20697E-03
3.09805E-05 3.98913E-05 1.77477E-03 3.84476E-04 4.05661E-04 2.50066E-02 1.06000E-01 1.77930E-03 3.98913E-05 3.09805E-05 5.00953E-03
3.09935E-05 3.95195E-05 1.73160E-03 3.71498E-04 3.91792E-04 2.41692E-02 1.02911E-01 1.73590E-03 3.95195E-05 3.09935E-05 4.82408E-03
3.09662E-05 3.91324E-05 1.69042E-03 3.59266E-04 3.78736E-04 2.33793E-02 9.99814E-02 1.69451E-03 3.91324E-05 3.09662E-05 4.64969E-03
3.09044E-05 3.87338E-05 1.65110E-03 3.47719E-04 3.66428E-04 2.26330E-02 9.72003E-02 1.65500E-03 3.87338E-05 3.09044E-05 4.48550E-03
3.08133E-05 3.83269E-05 1.61352E-03 3.36805E-04 3.54806E-04 2.19271E-02 9.45566E-02 1.61723E-03 3.83269E-05 3.08133E-05 4.33076E-03
3.06975E-05 3.79145E-05 1.57756E-03 3.26474E-04 3.43819E-04 2.12584E-02 9.20404E-02 1.58110E-03 3.79145E-05 3.06975E-05 4.18476E-03
3.05609E-05 3.74990E-05 1.54312E-03 3.16684E-04 3.33417E-04 2.06242E-02 8.96431E-02 1.54650E-03 3.74990E-05 3.05609E-05 4.04688E-03
3.04070E-05 3.70824E-05 1.51011E-03 3.07395E-04 3.23557E-04 2.00219E-02 8.73564E-02 1.51334E-03 3.70824E-05 3.04070E-05 3.91654E-03
3.02388E-05 3.66666E-05 1.47843E-03 2.98571E-04 3.14200E-04 1.94494E-02 8.51730E-02 1.48152E-03 3.66666E-05 3.02388E-05 3.79322E-03
3.00589E-05 3.62530E-05 1.44801E-03 2.90181E-04 3.05311E-04 1.89045E-02 8.30862E-02 1.45096E-03 3.62530E-05 3.00589E-05 3.67644E-03
2.98696E-05 3.58429E-05 1.41877E-03 2.82196E-04 2.96856E-04 1.83854E-02 8.10899E-02 1.42160E-03 3.58429E-05 2.98696E-05 3.56577E-03
2.96730E-05 3.54375E-05 1.39065E-03 2.74587E-04 2.88807E-04 1.78904E-02 7.91784E-02 1.39336E-03 3.54375E-05 2.96730E-05 3.46080E-03
2.94707E-05 3.50375E-05 1.36358E-03 2.67331E-04 2.81136E-04 1.74178E-02 7.73465E-02 1.36618E-03 3.50375E-05 2.94707E-05 3.36115E-03
2.92644E-05 3.46439E-05 1.33751E-03 2.60405E-04 2.73820E-04 1.69663E-02 7.55895E-02 1.34000E-03 3.46439E-05 2.92644E-05 3.26650E-03
2.90554E-05 3.42571E-05 1.31238E-03 2.53790E-04 2.66835E-04 1.65346E-02 7.39029E-02 1.31477E-03 3.42571E-05 2.90554E-05 3.17652E-03
2.88448E-05 3.38779E-05 1.28814E-03 2.47464E-04 2.60161E-04 1.61213E-02 7.22827E-02 1.29044E-03 3.38779E-05 2.88448E-05 3.09093E-03
2.86336E-05 3.35064E-05 1.26475E-03 2.41413E-04 2.53779E-04 1.57255E-02 7.07252E-02 1.26696E-03 3.35064E-05 2.86336E-05 3.00945E-03
2.84228E-05 3.31432E-05 1.24216E-03 2.35618E-04 2.47671E-04 1.53460E-02 6.92268E-02 1.24428E-03 3.31432E-05 2.84228E-05 2.93183E-03
2.82130E-05 3.27884E-05 1.22033E-03 2.30066E-04 2.41821E-04 1.49820E-02 6.77843E-02 1.22238E-03 3.27884E-05 2.82130E-05 2.85785E-03
2.80049E-05 3.24422E-05 1.19923E-03 2.24742E-04 2.36214E-04 1.46324E-02 6.63948E-02 1.20119E-03 3.24422E-05 2.80049E-05 2.78729E-03
2.77990E-05 3.21048E-05 1.17881E-03 2.19634E-04 2.30836E-04 1.42967E-02 6.50554E-02 1.18071E-03 3.21048E-05 2.77990E-05 2.71994E-03
2.75958E-05 3.17762E-05 1.15905E-03 2.14730E-04 2.25675E-04 1.39738E-02 6.37635E-02 1.16088E-03 3.17762E-05 2.75958E-05 2.65562E-03
2.73957E-05 3.14565E-05 1.13991E-03 2.10019E-04 2.20719E-04 1.36633E-02 6.25167E-02 1.14168E-03 3.14565E-05 2.73957E-05 2.59417E-03
0.00000E+00 0.00000E+00 3.71600E-03 4.45647E-04 4.41422E-04 4.07835E-02 2.16025E-01 3.71881E-03 0.00000E+00 0.00000E+00 4.88409E-05
0.00000E+00 0.00000E+00 3.28171E-03 3.64492E-04 3.55427E-04 3.38539E-02 1.84553E-01 3.28446E-03 0.00000E+00 0.00000E+00 1.28870E-03
0.00000E+00 -3.90418E-08 2.95020E-03 3.07976E-04 2.96086E-04 2.88919E-02 1.61313E-01 2.95285E-03 -3.90418E-08 0.00000E+00 1.88171E-03
0.00000E+00 3.21978E-07 2.68336E-03 2.65811E-04 2.52313E-04 2.51108E-02 1.43138E-01 2.68590E-03 3.21978E-07 0.00000E+00 2.15392E-03
0.00000E+00 8.77873E-07 2.46175E-03 2.32974E-04 2.18659E-04 2.21188E-02 1.28428E-01 2.46414E-03 8.77873E-07 0.00000E+00 2.25321E-03
0.00000E+00 1.47098E-06 2.27439E-03 2.06724E-04 1.92130E-04 1.96974E-02 1.16281E-01 2.27662E-03 1.47098E-06 0.00000E+00 2.25850E-03
0.00000E+00 2.03225E-06 2.11367E-03 1.85290E-04 1.70787E-04 1.77015E-02 1.06084E-01 2.11574E-03 2.03225E-06 0.00000E+00 2.21233E-03
0.00000E+00 2.53267E-06 1.97413E-03 1.67479E-04 1.53320E-04 1.60309E-02 9.74061E-02 1.97604E-03 2.53267E-06 0.00000E+00 2.13839E-03
2.60531E-07 2.97624E-06 1.85241E-03 1.52557E-04 1.38915E-04 1.46220E-02 8.99753E-02 1.85417E-03 2.97624E-06 2.60531E-07 2.04977E-03
8.67429E-07 3.37403E-06 1.74515E-03 1.39892E-04 1.26880E-04 1.34187E-02 8.35382E-02 1.74676E-03 3.37403E-06 8.67429E-07 1.95393E-03
1.38669E-06 3.70193E-06 1.64888E-03 1.28881E-04 1.16575E-04 1.23696E-02 7.78535E-02 1.65034E-03 3.70193E-06 1.38669E-06 1.85619E-03
1.82161E-06 3.96036E-06 1.56198E-03 1.19225E-04 1.07671E-04 1.14485E-02 7.28007E-02 1.56330E-03 3.96036E-06 1.82161E-06 1.75936E-03
2.17851E-06 4.15352E-06 1.48315E-03 1.10690E-04 9.99141E-05 1.06344E-02 6.82835E-02 1.48433E-03 4.15352E-06 2.17851E-06 1.66511E-03
2.46501E-06 4.28739E-06 1.41131E-03 1.03094E-04 9.31073E-05 9.91060E-03 6.42238E-02 1.41236E-03 4.28739E-06 2.46501E-06 1.57441E-03
2.68905E-06 4.36864E-06 1.34557E-03 9.62933E-05 8.70941E-05 9.26374E-03 6.05581E-02 1.34650E-03 4.36864E-06 2.68905E-06 1.48781E-03
2.85839E-06 4.40402E-06 1.28518E-03 9.01710E-05 8.17496E-05 8.68280E-03 5.72338E-02 1.28599E-03 4.40402E-06 2.85839E-06 1.40557E-03
2.98032E-06 4.39999E-06 1.22953E-03 8.46327E-05 7.69732E-05 8.15875E-03 5.42072E-02 1.23023E-03 4.39999E-06 2.98032E-06 1.32777E-03
3.06155E-06 4.36259E-06 1.17807E-03 7.96009E-05 7.26828E-05 7.68410E-03 5.14414E-02 1.17867E-03 4.36259E-06 3.06155E-06 1.25437E-03
3.10816E-06 4.29732E-06 1.13036E-03 7.50113E-05 6.88110E-05 7.25259E-03 4.89057E-02 1.13086E-03 4.29732E-06 3.10816E-06 1.18528E-03
3.12560E-06 4.20914E-06 1.08601E-03 7.08105E-05 6.53023E-05 6.85893E-03 4.65736E-02 1.08642E-03 4.20914E-06 3.12560E-06 1.12035E-03
3.11871E-06 4.10247E-06 1.04467E-03 6.69532E-05 6.21101E-05 6.49864E-03 4.44226E-02 1.04499E-03 4.10247E-06 3.11871E-06 1.05942E-03
3.09180E-06 3.98125E-06 1.00606E-03 6.34013E-05 5.91956E-05 6.16792E-03 4.24333E-02 1.00630E-03 3.98125E-06 3.09180E-06 1.00229E-03
3.04866E-06 3.84891E-06 9.69917E-04 6.01222E-05 5.65257E-05 5.86349E-03 4.05890E-02 9.70084E-04 3.84891E-06 3.04866E-06 9.48775E-04
2.99259E-06 3.70849E-06 9.36018E-04 5.70878E-05 5.40726E-05 5.58253E-03 3.88750E-02 9.36113E-04 3.70849E-06 2.99259E-06 8.98696E-04
2.92651E-06 3.56261E-06 9.04164E-04 5.42740E-05 5.18125E-05 5.32260E-03 3.72788E-02 9.04193E-04 3.56261E-06 2.92651E-06 8.51861E-04
2.85294E-06 3.41355E-06 8.74179E-04 5.16598E-05 4.97248E-05 5.08158E-03 3.57890E-02 8.74146E-04 3.41355E-06 2.85294E-06 8.08092E-04
2.77410E-06 3.26329E-06 8.45909E-04 4.92268E-05 4.77918E-05 4.85760E-03 3.43960E-02 8.45818E-04 3.26329E-06 2.77410E-06 7.67213E-04
2.69188E-06 3.11351E-06 8.19213E-04 4.69590E-05 4.59983E-05 4.64904E-03 3.30911E-02 8.19069E-04 3.11351E-06 2.69188E-06 7.29060E-04
2.60792E-06 2.96568E-06 7.93968E-04 4.48421E-05 4.43308E-05 4.45446E-03 3.18665E-02 7.93773E-04 2.96568E-06 2.60792E-06 6.93473E-04
2.52363E-06 2.82100E-06 7.70062E-04 4.28636E-05 4.27777E-05 4.27261E-03 3.07155E-02 7.69821E-04 2.82100E-06 2.52363E-06 6.60302E-04
2.44022E-06 2.68051E-06 7.47394E-04 4.10123E-05 4.13287E-05 4.10235E-03 2.96319E-02 7.47110E-04 2.68051E-06 2.44022E-06 6.29401E-04
2.35871E-06 2.54509E-06 7.25875E-04 3.92781E-05 3.99746E-05 3.94268E-03 2.86103E-02 7.25550E-04 2.54509E-06 2.35871E-06 6.00637E-04
2.27997E-06 2.41543E-06 7.05421E-04 3.76523E-05 3.87076E-05 3.79272E-03 2.76459E-02 7.05059E-04 2.41543E-06 2.27997E-06 5.73880E-04
2.20471E-06 2.29213E-06 6.85959E-04 3.61266E-05 3.75204E-05 3.65167E-03 2.67341E-02 6.85562E-04 2.29213E-06 2.20471E-06 5.49008E-04
2.13355E-06 2.17564E-06 6.67421E-04 3.46939E-05 3.64066E-05 3.51880E-03 2.58710E-02 6.66992E-04 2.17564E-06 2.13355E-06 5.25906E-04
2.06696E-06 2.06633E-06 6.49745E-04 3.33475E-05 3.53606E-05 3.39349E-03 2.50531E-02 6.49287E-04 2.06633E-06 2.06696E-06 5.04467E-04
2.00535E-06 1.96447E-06 6.32875E-04 3.20816E-05 3.43772E-05 3.27515E-03 2.42770E-02 6.32390E-04 1.96447E-06 2.00535E-06 4.84587E-04
1.94902E-06 1.87027E-06 6.16760E-04 3.08906E-05 3.34517E-05 3.16325E-03 2.35399E-02 6.16250E-04 1.87027E-06 1.94902E-06 4.66169E-04
1.89821E-06 1.78384E-06 6.01351E-04 2.97695E-05 3.25801E-05 3.05732E-03 2.28390E-02 6.00819E-04 1.78384E-06 1.89821E-06 4.49123E-04
1.85309E-06 1.70527E-06 5.86607E-04 2.87139E-05 3.17584E-05 2.95693E-03 2.21718E-02 5.86053E-04 1.70527E-06 1.85309E-06 4.33361E-04
1.81379E-06 1.63457E-06 5.72486E-04 2.77195E-05 3.09834E-05 2.86169E-03 2.15362E-02 5.71913E-04 1.63457E-06 1.81379E-06 4.18803E-04
1.78037E-06 1.57172E-06 5.58952E-04 2.67826E-05 3.02517E-05 2.77124E-03 2.09300E-02 5.58362E-04 1.57172E-06 1.78037E-06 4.05373E-04
1.75285E-06 1.51666E-06 5.45970E-04 2.58995E-05 2.95606E-05 2.68526E-03 2.03514E-02 5.45365E-04 1.51666E-06 1.75285E-06 3.92996E-04
1.73123E-06 1.46929E-06 5.33510E-04 2.50670E-05 2.89075E-05 2.60344E-03 1.97987E-02 5.32891E-04 1.46929E-06 1.73123E-06 3.81606E-04
1.71546E-06 1.42949E-06 5.21542E-04 2.42820E-05 2.82898E-05 2.52552E-03 1.92702E-02 5.20910E-04 1.42949E-06 1.71546E-06 3.71138E-04
1.70548E-06 1.39712E-06 5.10039E-04 2.35418E-05 2.77054E-05 2.45124E-03 1.87645E-02 5.09396E-04 1.39712E-06 1.70548E-06 3.61531E-04
1.70119E-06 1.37201E-06 4.98976E-04 2.28438E-05 2.71522E-05 2.38037E-03 1.82802E-02 4.98323E-04 1.37201E-06 1.70119E-06 3.52728E-04
1.70247E-06 1.35398E-06 4.88329E-04 2.21854E-05 2.66283E-05 2.31271E-03 1.78162E-02 4.87667E-04 1.35398E-06 1.70247E-06 3.44675E-04
1.70921E-06 1.34283E-06 4.78077E-04 2.15645E-05 2.61321E-05 2.24805E-03 1.73711E-02 4.77408E-04 1.34283E-06 1.70921E-06 3.37320E-04
1.72125E-06 1.33837E-06 4.68199E-04 2.09789E-05 2.56617E-05 2.18622E-03 1.69439E-02 4.67524E-04 1.33837E-06 1.72125E-06 3.30616E-04
0.00000E+00 0.00000E+00 1.66184E-03 2.92080E-05 -4.35997E-05 2.62002E-03 4.05964E-02 1.66952E-03 0.00000E+00 0.00000E+00 -3.74024E-04
0.00000E+00 0.00000E+00 1.39615E-03 2.32891E-05 -5.25585E-05 2.01320E-03 3.25227E-02 1.40394E-03 0.00000E+00 0.00000E+00 -2.40380E-04
0.00000E+00 3.39746E-07 1.20303E-03 1.94807E-05 -5.53718E-05 1.60957E-03 2.69283E-02 1.21054E-03 3.39746E-07 0.00000E+00 -1.61761E-04
0.00000E+00 1.00132E-06 1.05412E-03 1.67999E-05 -5.49513E-05 1.32124E-03 2.27847E-02 1.06118E-03 1.00132E-06 0.00000E+00 -9.91263E-05
0.00000E+00 1.69002E-06 9.35097E-04 1.47698E-05 -5.27480E-05 1.10601E-03 1.95878E-02 9.41616E-04 1.69002E-06 0.00000E+00 -4.42165E-05
0.00000E+00 2.31353E-06 8.37924E-04 1.31436E-05 -4.95707E-05 9.40906E-04 1.70595E-02 8.43862E-04 2.31353E-06 0.00000E+00 4.21142E-06
0.00000E+00 2.83226E-06 7.57182E-04 1.17771E-05 -4.59047E-05 8.11403E-04 1.50191E-02 7.62531E-04 2.83226E-06 0.00000E+00 4.55708E-05
0.00000E+00 3.23279E-06 6.89099E-04 1.05824E-05 -4.20458E-05 7.07896E-04 1.33444E-02 6.93869E-04 3.23279E-06 0.00000E+00 7.93600E-05
2.10396E-07 3.58542E-06 6.31351E-04 9.58343E-06 -3.81192E-05 6.24373E-04 1.19577E-02 6.35567E-04 3.58542E-06 2.10396E-07 1.05080E-04
6.59217E-07 3.89917E-06 5.81777E-04 8.74452E-06 -3.42289E-05 5.55941E-04 1.07933E-02 5.85468E-04 3.89917E-06 6.59217E-07 1.23004E-04
9.87354E-07 4.06634E-06 5.38255E-04 7.91204E-06 -3.05299E-05 4.98453E-04 9.79430E-03 5.41448E-04 4.06634E-06 9.87354E-07 1.34617E-04
1.20774E-06 4.10769E-06 4.99774E-04 7.08424E-06 -2.70499E-05 4.49704E-04 8.93019E-03 5.02500E-04 4.10769E-06 1.20774E-06 1.40722E-04
1.33426E-06 4.04316E-06 4.65536E-04 6.26261E-06 -2.38001E-05 4.08016E-04 8.17735E-03 4.67824E-04 4.04316E-06 1.33426E-06 1.42146E-04
1.38062E-06 3.89111E-06 4.34900E-04 5.45024E-06 -2.07813E-05 3.72092E-04 7.51716E-03 4.36779E-04 3.89111E-06 1.38062E-06 1.39697E-04
1.35971E-06 3.66805E-06 4.07347E-04 4.65087E-06 -1.79876E-05 3.40918E-04 6.93481E-03 4.08847E-04 3.66805E-06 1.35971E-06 1.34129E-04
1.28336E-06 3.38858E-06 3.82453E-04 3.86835E-06 -1.54093E-05 3.13692E-04 6.41834E-03 3.83601E-04 3.38858E-06 1.28336E-06 1.26125E-04
1.16215E-06 3.06543E-06 3.59867E-04 3.10626E-06 -1.30343E-05 2.89774E-04 5.95804E-03 3.60689E-04 3.06543E-06 1.16215E-06 1.16286E-04
1.00546E-06 2.70960E-06 3.39298E-04 2.36780E-06 -1.08496E-05 2.68648E-04 5.54596E-03 3.39818E-04 2.70960E-06 1.00546E-06 1.05135E-04
8.21474E-07 2.33053E-06 3.20500E-04 1.65569E-06 -8.84161E-06 2.49895E-04 5.17550E-03 3.20742E-04 2.33053E-06 8.21474E-07 9.31189E-05
6.17301E-07 1.93626E-06 3.03266E-04 9.72167E-07 -6.99715E-06 2.33170E-04 4.84118E-03 3.03253E-04 1.93626E-06 6.17301E-07 8.06131E-05
3.99052E-07 1.53357E-06 2.87420E-04 3.18993E-07 -5.30335E-06 2.18190E-04 4.53839E-03 2.87171E-04 1.53357E-06 3.99052E-07 6.79293E-05
1.71944E-07 1.12818E-06 2.72811E-04 -3.02512E-07 -3.74798E-06 2.04718E-04 4.26326E-03 2.72347E-04 1.12818E-06 1.71944E-07 5.53228E-05
-5.96026E-08 7.24819E-07 2.59309E-04 -8.91429E-07 -2.31959E-06 1.92558E-04 4.01248E-03 2.58647E-04 7.24819E-07 -5.96026E-08 4.29993E-05
-2.91864E-07 3.27431E-07 2.46802E-04 -1.44719E-06 -1.00749E-06 1.81542E-04 3.78324E-03 2.45958E-04 3.27431E-07 -2.91864E-07 3.11220E-05
-5.21732E-07 -6.07662E-08 2.35192E-04 -1.96953E-06 1.98212E-07 1.71532E-04 3.57312E-03 2.34181E-04 -6.07662E-08 -5.21732E-07 1.98175E-05
-7.46634E-07 -4.37167E-07 2.24392E-04 -2.45846E-06 1.30662E-06 1.62406E-04 3.38004E-03 2.23230E-04 -4.37167E-07 -7.46634E-07 9.18141E-06
-9.64461E-07 -7.99687E-07 2.14328E-04 -2.91421E-06 2.32611E-06 1.54062E-04 3.20218E-03 2.13028E-04 -7.99687E-07 -9.64461E-07 -7.16825E-07
-1.17351E-06 -1.14669E-06 2.04934E-04 -3.33718E-06 3.26435E-06 1.46413E-04 3.03799E-03 2.03508E-04 -1.14669E-06 -1.17351E-06 -9.82955E-06
-1.37241E-06 -1.47693E-06 1.96151E-04 -3.72796E-06 4.12834E-06 1.39384E-04 2.88609E-03 1.94611E-04 -1.47693E-06 -1.37241E-06 -1.81273E-05
-1.56012E-06 -1.78948E-06 1.87926E-04 -4.08723E-06 4.92449E-06 1.32907E-04 2.74527E-03 1.86284E-04 -1.78948E-06 -1.56012E-06 -2.55954E-05
-1.73582E-06 -2.08369E-06 1.80214E-04 -4.41580E-06 5.65861E-06 1.26926E-04 2.61448E-03 1.78478E-04 -2.08369E-06 -1.73582E-06 -3.22317E-05
-1.89892E-06 -2.35914E-06 1.72973E-04 -4.71455E-06 6.33603E-06 1.21392E-04 2.49279E-03 1.71153E-04 -2.35914E-06 -1.89892E-06 -3.80436E-05
-2.04902E-06 -2.61561E-06 1.66165E-04 -4.98441E-06 6.96157E-06 1.16260E-04 2.37937E-03 1.64270E-04 -2.61561E-06 -2.04902E-06 -4.30466E-05
-2.18588E-06 -2.85304E-06 1.59757E-04 -5.22637E-06 7.53965E-06 1.11492E-04 2.27348E-03 1.57795E-04 -2.85304E-06 -2.18588E-06 -4.72623E-05
-2.30938E-06 -3.07152E-06 1.53719E-04 -5.44144E-06 8.07427E-06 1.07054E-04 2.17448E-03 1.51697E-04 -3.07152E-06 -2.30938E-06 -5.07174E-05
-2.41952E-06 -3.27123E-06 1.48022E-04 -5.63066E-06 8.56907E-06 1.02916E-04 2.08177E-03 1.45948E-04 -3.27123E-06 -2.41952E-06 -5.34419E-05
-2.51640E-06 -3.45248E-06 1.42644E-04 -5.79508E-06 9.02738E-06 9.90509E-05 1.99484E-03 1.40523E-04 -3.45248E-06 -2.51640E-06 -5.54688E-05
-2.60018E-06 -3.61561E-06 1.37560E-04 -5.93573E-06 9.45220E-06 9.54355E-05 1.91321E-03 1.35399E-04 -3.61561E-06 -2.60018E-06 -5.68327E-05
-2.67110E-06 -3.76106E-06 1.32751E-04 -6.05366E-06 9.84630E-06 9.20486E-05 1.83646E-03 1.30555E-04 -3.76106E-06 -2.67110E-06 -5.75696E-05
-2.72944E-06 -3.88930E-06 1.28197E-04 -6.14990E-06 1.02122E-05 8.88709E-05 1.76421E-03 1.25972E-04 -3.88930E-06 -2.72944E-06 -5.77161E-05
-2.77553E-06 -4.00084E-06 1.23882E-04 -6.22547E-06 1.05521E-05 8.58856E-05 1.69612E-03 1.21632E-04 -4.00084E-06 -2.77553E-06 -5.73088E-05
-2.80974E-06 -4.09623E-06 1.19790E-04 -6.28135E-06 1.08681E-05 8.30773E-05 1.63187E-03 1.17520E-04 -4.09623E-06 -2.80974E-06 -5.63845E-05
-2.83245E-06 -4.17601E-06 1.15905E-04 -6.31853E-06 1.11622E-05 8.04322E-05 1.57118E-03 1.13619E-04 -4.17601E-06 -2.83245E-06 -5.49790E-05
-2.84406E-06 -4.24078E-06 1.12216E-04 -6.33795E-06 1.14360E-05 7.79378E-05 1.51380E-03 1.09918E-04 -4.24078E-06 -2.84406E-06 -5.31280E-05
-2.84501E-06 -4.29111E-06 1.08710E-04 -6.34053E-06 1.16911E-05 7.55828E-05 1.45949E-03 1.06403E-04 -4.29111E-06 -2.84501E-06 -5.08657E-05
-2.83571E-06 -4.32759E-06 1.05375E-04 -6.32718E-06 1.19290E-05 7.33570E-05 1.40803E-03 1.03063E-04 -4.32759E-06 -2.83571E-06 -4.82258E-05
-2.81661E-06 -4.35082E-06 1.02201E-04 -6.29875E-06 1.21509E-05 7.12510E-05 1.35923E-03 9.98869E-05 -4.35082E-06 -2.81661E-06 -4.52404E-05
-2.78814E-06 -4.36137E-06 9.91788E-05 -6.25609E-06 1.23580E-05 6.92562E-05 1.31291E-03 9.68652E-05 -4.36137E-06 -2.78814E-06 -4.19408E-05
-2.75074E-06 -4.35984E-06 9.62989E-05 -6.20001E-06 1.25516E-05 6.73651E-05 1.26890E-03 9.39886E-05 -4.35984E-06 -2.75074E-06 -3.83568E-05
-2.70486E-06 -4.34679E-06 9.35532E-05 -6.13129E-06 1.27324E-05 6.55704E-05 1.22706E-03 9.12487E-05 -4.34679E-06 -2.70486E-06 -3.45169E-05
0.00000E+00 0.00000E+00 -3.60953E-05 2.62127E-05 -3.38454E-04 -3.38255E-04 3.68483E-05 -1.56532E-06 0.00000E+00 0.00000E+00 -8.57247E-04
0.00000E+00 0.00000E+00 -3.21310E-05 2.24831E-05 -3.01920E-04 -3.02037E-04 2.99334E-05 -1.68542E-06 0.00000E+00 0.00000E+00 -1.01590E-03
0.00000E+00 2.76731E-06 -2.54398E-05 2.04626E-05 -2.63310E-04 -2.63654E-04 2.58298E-05 9.33025E-07 2.76731E-06 0.00000E+00 -9.41132E-04
0.00000E+00 6.36204E-06 -1.85371E-05 1.89158E-05 -2.26275E-04 -2.26780E-04 2.28545E-05 3.98737E-06 6.36204E-06 0.00000E+00 -7.67690E-04
0.00000E+00 9.17891E-06 -1.23024E-05 1.73758E-05 -1.92137E-04 -1.92751E-04 2.03041E-05 6.67224E-06 9.17891E-06 0.00000E+00 -5.65839E-04
0.00000E+00 1.11867E-05 -7.01202E-06 1.57071E-05 -1.61379E-04 -1.62062E-04 1.79066E-05 8.74103E-06 1.11867E-05 0.00000E+00 -3.71180E-04
0.00000E+00 1.24633E-05 -2.68931E-06 1.38891E-05 -1.34003E-04 -1.34724E-04 1.55536E-05 1.01667E-05 1.24633E-05 0.00000E+00 -2.00368E-04
0.00000E+00 1.31188E-05 7.42236E-07 1.19447E-05 -1.09806E-04 -1.10539E-04 1.32099E-05 1.10067E-05 1.31188E-05 0.00000E+00 -5.94619E-05
5.01999E-07 1.33557E-05 3.46979E-06 1.00161E-05 -8.85178E-05 -8.92453E-05 1.09801E-05 1.14361E-05 1.33557E-05 5.01999E-07 4.98001E-05
1.45487E-06 1.32594E-05 5.59696E-06 8.12001E-06 -6.98047E-05 -7.05110E-05 8.85280E-06 1.15270E-05 1.32594E-05 1.45487E-06 1.29763E-04
2.00130E-06 1.27650E-05 7.10124E-06 6.11495E-06 -5.33439E-05 -5.40187E-05 6.66661E-06 1.12102E-05 1.27650E-05 2.00130E-06 1.86143E-04
2.22175E-06 1.19662E-05 8.09359E-06 4.05524E-06 -3.88808E-05 -3.95162E-05 4.46358E-06 1.05766E-05 1.19662E-05 2.22175E-06 2.22562E-04
2.18527E-06 1.09411E-05 8.66999E-06 1.98491E-06 -2.61826E-05 -2.67729E-05 2.27877E-06 9.70344E-06 1.09411E-05 2.18527E-06 2.42561E-04
1.95012E-06 9.75390E-06 8.91204E-06 -6.11682E-08 -1.50402E-05 -1.55812E-05 1.40380E-07 8.65491E-06 9.75390E-06 1.95012E-06 2.49385E-04
1.56480E-06 8.45667E-06 8.88843E-06 -2.05600E-06 -5.26766E-06 -5.75656E-06 -1.92955E-06 7.48384E-06 8.45667E-06 1.56480E-06 2.45894E-04
1.06936E-06 7.09149E-06 8.65646E-06 -3.97919E-06 3.29905E-06 2.86399E-06 -3.91440E-06 6.23319E-06 7.09149E-06 1.06936E-06 2.34544E-04
4.96546E-07 5.69202E-06 8.26373E-06 -5.81578E-06 1.08043E-05 1.04240E-05 -5.80205E-06 4.93756E-06 5.69202E-06 4.96546E-07 2.17401E-04
-1.27005E-07 4.28492E-06 7.74949E-06 -7.55526E-06 1.73748E-05 1.70494E-05 -7.58418E-06 3.62461E-06 4.28492E-06 -1.27005E-07 1.96175E-04
-7.79829E-07 2.89109E-06 7.14607E-06 -9.19064E-06 2.31216E-05 2.28507E-05 -9.25551E-06 2.31616E-06 2.89109E-06 -7.79829E-07 1.72260E-04
-1.44475E-06 1.52674E-06 6.47989E-06 -1.07178E-05 2.81418E-05 2.79248E-05 -1.08132E-05 1.02930E-06 1.52674E-06 -1.44475E-06 1.46782E-04
-2.10815E-06 2.04239E-07 5.77250E-06 -1.21350E-05 3.25207E-05 3.23564E-05 -1.22565E-05 -2.22828E-07 2.04239E-07 -2.10815E-06 1.20635E-04
-2.75937E-06 -1.06719E-06 5.04136E-06 -1.34419E-05 3.63329E-05 3.62199E-05 -1.35861E-05 -1.43028E-06 -1.06719E-06 -2.75937E-06 9.45189E-05
-3.39015E-06 -2.28085E-06 4.30057E-06 -1.46399E-05 3.96440E-05 3.95807E-05 -1.48038E-05 -2.58574E-06 -2.28085E-06 -3.39015E-06 6.89747E-05
-3.99422E-06 -3.43209E-06 3.56137E-06 -1.57313E-05 4.25114E-05 4.24961E-05 -1.59124E-05 -3.68397E-06 -3.43209E-06 -3.99422E-06 4.44100E-05
-4.56696E-06 -4.51793E-06 2.83272E-06 -1.67192E-05 4.49857E-05 4.50166E-05 -1.69154E-05 -4.72148E-06 -4.51793E-06 -4.56696E-06 2.11249E-05
-5.10504E-06 -5.53667E-06 2.12161E-06 -1.76070E-05 4.71114E-05 4.71865E-05 -1.78168E-05 -5.69614E-06 -5.53667E-06 -5.10504E-06 -6.68678E-07
-5.60623E-06 -6.48771E-06 1.43348E-06 -1.83989E-05 4.89277E-05 4.90451E-05 -1.86207E-05 -6.60692E-06 -6.48771E-06 -5.60623E-06 -2.08293E-05
-6.06917E-06 -7.37122E-06 7.72420E-07 -1.90991E-05 5.04691E-05 5.06269E-05 -1.93318E-05 -7.45367E-06 -7.37122E-06 -6.06917E-06 -3.92721E-05
-6.49316E-06 -8.18808E-06 1.41472E-07 -1.97121E-05 5.17663E-05 5.19625E-05 -1.99545E-05 -8.23691E-06 -8.18808E-06 -6.49316E-06 -5.59570E-05
-6.87811E-06 -8.93962E-06 -4.57220E-07 -2.02423E-05 5.28462E-05 5.30788E-05 -2.04935E-05 -8.95772E-06 -8.93962E-06 -6.87811E-06 -7.08790E-05
-7.22433E-06 -9.62757E-06 -1.02223E-06 -2.06941E-05 5.37328E-05 5.39999E-05 -2.09534E-05 -9.61757E-06 -9.62757E-06 -7.22433E-06 -8.40603E-05
-7.53249E-06 -1.02540E-05 -1.55273E-06 -2.10721E-05 5.44473E-05 5.47471E-05 -2.13388E-05 -1.02182E-05 -1.02540E-05 -7.53249E-06 -9.55437E-05
-7.80353E-06 -1.08210E-05 -2.04834E-06 -2.13807E-05 5.50087E-05 5.53391E-05 -2.16540E-05 -1.07617E-05 -1.08210E-05 -7.80353E-06 -1.05388E-04
-8.03858E-06 -1.13310E-05 -2.50910E-06 -2.16239E-05 5.54335E-05 5.57929E-05 -2.19033E-05 -1.12502E-05 -1.13310E-05 -8.03858E-06 -1.13662E-04
-8.23893E-06 -1.17864E-05 -2.93534E-06 -2.18059E-05 5.57368E-05 5.61233E-05 -2.20910E-05 -1.16860E-05 -1.17864E-05 -8.23893E-06 -1.20444E-04
-8.40596E-06 -1.21898E-05 -3.32762E-06 -2.19307E-05 5.59319E-05 5.63438E-05 -2.22209E-05 -1.20714E-05 -1.21898E-05 -8.40596E-06 -1.25816E-04
-8.54115E-06 -1.25436E-05 -3.68672E-06 -2.20021E-05 5.60305E-05 5.64662E-05 -2.22970E-05 -1.24088E-05 -1.25436E-05 -8.54115E-06 -1.29863E-04
-8.64598E-06 -1.28503E-05 -4.01354E-06 -2.20236E-05 5.60433E-05 5.65011E-05 -2.23228E-05 -1.27005E-05 -1.28503E-05 -8.64598E-06 -1.32673E-04
-8.72199E-06 -1.31123E-05 -4.30911E-06 -2.19988E-05 5.59798E-05 5.64582E-05 -2.23019E-05 -1.29489E-05 -1.31123E-05 -8.72199E-06 -1.34331E-04
-8.77070E-06 -1.33322E-05 -4.57451E-06 -2.19308E-05 5.58484E-05 5.63459E-05 -2.22375E-05 -1.31563E-05 -1.33322E-05 -8.77070E-06 -1.34922E-04
-8.79362E-06 -1.35121E-05 -4.81091E-06 -2.18228E-05 5.56567E-05 5.61718E-05 -2.21327E-05 -1.33250E-05 -1.35121E-05 -8.79362E-06 -1.34530E-04
-8.79225E-06 -1.36544E-05 -5.01950E-06 -2.16778E-05 5.54114E-05 5.59428E-05 -2.19906E-05 -1.34571E-05 -1.36544E-05 -8.79225E-06 -1.33235E-04
-8.76804E-06 -1.37613E-05 -5.20148E-06 -2.14985E-05 5.51187E-05 5.56650E-05 -2.18140E-05 -1.35547E-05 -1.37613E-05 -8.76804E-06 -1.31114E-04
-8.72240E-06 -1.38348E-05 -5.35808E-06 -2.12876E-05 5.47841E-05 5.53440E-05 -2.16054E-05 -1.36199E-05 -1.38348E-05 -8.72240E-06 -1.28242E-04
-8.65671E-06 -1.38771E-05 -5.49050E-06 -2.10475E-05 5.44123E-05 5.49847E-05 -2.13674E-05 -1.36547E-05 -1.38771E-05 -8.65671E-06 -1.24690E-04
-8.57229E-06 -1.38900E-05 -5.59995E-06 -2.07806E-05 5.40079E-05 5.45915E-05 -2.11023E-05 -1.36609E-05 -1.38900E-05 -8.57229E-06 -1.20525E-04
-8.47041E-06 -1.38755E-05 -5.68759E-06 -2.04891E-05 5.35748E-05 5.41685E-05 -2.08123E-05 -1.36404E-05 -1.38755E-05 -8.47041E-06 -1.15809E-04
-8.35231E-06 -1.38353E-05 -5.75459E-06 -2.01751E-05 5.31166E-05 5.37194E-05 -2.04996E-05 -1.35949E-05 -1.38353E-05 -8.35231E-06 -1.10603E-04
-8.21915E-06 -1.37711E-05 -5.80205E-06 -1.98404E-05 5.26364E-05 5.32472E-05 -2.01660E-05 -1.35261E-05 -1.37711E-05 -8.21915E-06 -1.04964E-04
-8.07204E-06 -1.36845E-05 -5.83108E-06 -1.94870E-05 5.21372E-05 5.27551E-05 -1.98134E-05 -1.34354E-05 -1.36845E-05 -8.07204E-06 -9.89428E-05
---
